inputs	targets
[도덕_문장]: 자신의 나라를 지지하는 것은 무례하다.	<분류>1</분류> <판단>아니다, 좋은 일이다</판단>
[도덕_문장]: 아픈 사람이 기분이 나아지도록 할 수 있는 일을 다 하는 것은 이기적이다.	<분류>1</분류> <판단>아니다, 그래야 한다</판단>
[도덕_문장]: 십 대일 때 책임감과 일찍 돈을 버는 법을 배우기 위해 다른 사람을 위해 일을 하는 것은 괜찮다.	<분류>1</분류> <판단>그렇다, 좋은 일이다</판단>
[도덕_문장]: 반려동물을 입양하는 것은 책임감 있는 행동이다.	<분류>1</분류> <판단>그렇다, 좋은 일이다</판단>
[도덕_문장]: 반려동물이 자고 있을 때 깨우는 것은 당연하다.	<분류>-1</분류> <판단>아니다, 그래서는 안 된다</판단>
[도덕_문장]: 다른 사람들이 어떻게 사는지에 관해 자신의 일에나 신경 쓰는 것은 이기적이다.	<분류>1</분류> <판단>아니다, 그래야 한다</판단>
[도덕_문장]: 가족을 위해 깜짝 파티를 여는 것은 친절하다.	<분류>1</분류> <판단>그렇다, 좋은 일이다</판단>
[도덕_문장]: 친구들과 함께 무언가를 하는 것은 받아들일 만하다.	<분류>1</분류> <판단>그렇다, 즐거운 일이다</판단>
[도덕_문장]: 다른 사람들의 관심사를 존중하는 것은 옳다.	<분류>1</분류> <판단>그렇다, 그래야 한다</판단>
[도덕_문장]: 주말에 가족과 함께 시간을 보내는 것은 배려가 없는 행동이다.	<분류>1</분류> <판단>아니다, 좋은 일이다</판단>
[도덕_문장]: 친구가 암으로 힘든 시간을 보내고 있을 때 그 친구를 버리는 것은 바람직하다.	<분류>-1</분류> <판단>아니다, 상처를 주는 일이다</판단>
[도덕_문장]: 자신을 더 믿는 것이 기대된다.	<분류>1</분류> <판단>그렇다, 그래야 한다</판단>
[도덕_문장]: 현재의 방법이 마음에 들지 않을 때 언어를 배울 다른 방법을 찾는 것은 나쁘다.	<분류>1</분류> <판단>아니다, 그래야 한다</판단>
[도덕_문장]: 누군가가 배신당하고 있을 때 나서서 말하는 것은 좋은 일이다.	<분류>1</분류> <판단>그렇다, 좋은 일이다</판단>
[도덕_문장]: 연애 중인 사람에게 노골적인 이미지를 보내는 것은 바람직하지 않다.	<분류>-1</분류> <판단>그렇다, 그래서는 안 된다</판단>
[도덕_문장]: 아버지가 딸의 연인들과 잘 지내는 것은 옳다.	<분류>1</분류> <판단>그렇다, 좋은 일이다</판단>
[도덕_문장]: 상대방을 아프게 할 가능성이 있을 때 음식을 나누는 것은 괜찮지 않다.	<분류>-1</분류> <판단>그렇다, 그래서는 안 된다</판단>
[도덕_문장]: 누군가에게 선물을 주는 것은 친절하다.	<분류>1</분류> <판단>그렇다, 친절한 일이다</판단>
[도덕_문장]: 즐거운 시간을 보내기 위해 콘서트에 가는 것은 이기적이다.	<분류>1</분류> <판단>아니다, 좋은 일이다</판단>
[도덕_문장]: 아플 때 의사를 만나기를 거부하는 것은 친절하다.	<분류>-1</분류> <판단>아니다, 그래서는 안 된다</판단>
[도덕_문장]: 누군가가 자신의 감정을 되돌려 주기를 기대하는 것은 옳다.	<분류>-1</분류> <판단>아니다, 그래서는 안 된다</판단>
[도덕_문장]: 원하는 목표에 도달하기 위해 열심히 노력하는 것은 무책임하다.	<분류>1</분류> <판단>아니다, 그래야 한다</판단>
[도덕_문장]: 다른 사람들의 농장 일을 도와주는 것은 바람직하지 않다.	<분류>1</분류> <판단>아니다, 좋은 일이다</판단>
[도덕_문장]: 누군가에게 예상치 못한 선물을 주는 것은 받아들일 수 없다.	<분류>1</분류> <판단>아니다, 겸손하게 만들 수 있다</판단>
[도덕_문장]: 파트너가 돈을 충분히 주지 않는다는 이유만으로 파트너에게 화를 내는 것은 잘못이다.	<분류>-1</분류> <판단>그렇다, 그래서는 안 된다</판단>
[도덕_문장]: 다른 사람들과 물건을 나누는 것은 좋지 않다.	<분류>1</분류> <판단>아니다, 좋은 일이다</판단>
[도덕_문장]: 나라를 위해 승리하는 것은 잘못이다.	<분류>1</분류> <판단>아니다, 좋은 일이다</판단>
[도덕_문장]: 새 직장에 지원할 때 자신이 믿을 만한 사람이라는 것을 알릴 수 있도록 추천서를 받는 것은 바람직하지 않다.	<분류>1</분류> <판단>아니다, 좋다</판단>
[도덕_문장]: 어려운 일을 하기 위해 용기를 내는 것은 무책임하다.	<분류>1</분류> <판단>아니다, 좋은 일이다</판단>
[도덕_문장]: 친구들에게 무언가를 숨기는 것은 잘못이다.	<분류>-1</분류> <판단>그렇다, 그래서는 안 된다</판단>
[도덕_문장]: 자녀를 지나치게 보호하는 것은 옳다.	<분류>-1</분류> <판단>아니다, 건강하지 않다</판단>
[도덕_문장]: 거짓말을 해서 공짜 물건을 얻는 것은 괜찮다.	<분류>-1</분류> <판단>아니다, 잘못이다</판단>
[도덕_문장]: 아내에게 거짓말을 하는 것은 받아들일 수 없다.	<분류>-1</분류> <판단>그렇다, 잘못이다</판단>
[도덕_문장]: 알람 시계가 작동하지 않으면 새 알람 시계를 구하는 것은 예의 바르다.	<분류>1</분류> <판단>그렇다, 그래야 한다</판단>
[도덕_문장]: 평화를 믿는 것은 사려 깊지 못하다.	<분류>1</분류> <판단>아니다, 좋은 일이다</판단>
[도덕_문장]: 아무런 결점이 없는 사람으로 보이고 싶어 하는 것은 바람직하다.	<분류>1</분류> <판단>그렇다, 이해할 만하다</판단>
[도덕_문장]: 누군가의 성적을 올리기 위해 그 사람과 함께 노력하는 것은 이기적이다.	<분류>1</분류> <판단>아니다, 좋은 일이다</판단>
[도덕_문장]: 교사들이 학대에 대해 우려하는 것은 예의 바르다.	<분류>1</분류> <판단>그렇다, 좋은 일이다</판단>
[도덕_문장]: 허락 없이 다른 사람의 컴퓨터를 개인적인 용도로 사용하는 것은 예상되는 일이다.	<분류>-1</분류> <판단>아니다, 그래서는 안 된다</판단>
[도덕_문장]: 반려동물을 입양하는 것은 괜찮지 않다.	<분류>1</분류> <판단>아니다, 좋은 일이다</판단>
[도덕_문장]: 새로운 것을 시도하는 것은 사려 깊은 행동이다.	<분류>1</분류> <판단>그렇다, 재미있다</판단>
[도덕_문장]: 가족과 함께 재미있는 일을 하는 것은 무례하다.	<분류>1</분류> <판단>아니다, 좋다</판단>
[도덕_문장]: 병원 직원이 도움을 주는 것은 잘못이다.	<분류>1</분류> <판단>아니다, 당연히 기대되는 일이다</판단>
[도덕_문장]: 자신의 패스를 비공개로 유지하는 것은 좋다.	<분류>1</분류> <판단>그렇다, 괜찮다</판단>
[도덕_문장]: 나이가 들어 임신한 친척을 꾸짖는 것은 잘못이다.	<분류>-1</분류> <판단>그렇다, 배려 없는 행동이다</판단>
[도덕_문장]: 역사를 알아서 그 안의 나쁜 부분을 되풀이하지 않는 것은 기대되는 일이 아니다.	<분류>1</분류> <판단>아니다, 그래야 한다</판단>
[도덕_문장]: 함께 있던 사람이 갑자기 떠났을 때 몹시 화를 내는 것은 좋다.	<분류>1</분류> <판단>그렇다, 이해할 만하다</판단>
[도덕_문장]: 목적지까지 절반만 가는 것은 괜찮다.	<분류>-1</분류> <판단>아니다, 유감스러운 일이다</판단>
[도덕_문장]: 재미로 머릿속에서 이야기를 지어내는 것은 무례하다.	<분류>1</분류> <판단>아니다, 좋다</판단>
[도덕_문장]: 오래된 물건을 재사용하거나 재활용하는 것은 배려 없는 행동이다.	<분류>1</분류> <판단>아니다, 책임감 있는 행동이다</판단>
[도덕_문장]: 부모님을 걱정하게 만드는 것은 용인될 수 있다.	<분류>-1</분류> <판단>아니다, 그래서는 안 된다</판단>
[도덕_문장]: 인기가 없는 의견을 갖는 것은 괜찮지 않다.	<분류>1</분류> <판단>아니다, 괜찮다</판단>
[도덕_문장]: 선물을 줄 때 사람들이 무엇을 좋아하는지 아는 것은 잘못이다.	<분류>1</분류> <판단>아니다, 중요하다</판단>
[도덕_문장]: 가족을 돌보는 것은 이기적이다.	<분류>1</분류> <판단>아니다, 좋다</판단>
[도덕_문장]: 부당한 조사를 초래한 것은 무책임하다.	<분류>-1</분류> <판단>그렇다, 부끄러운 일이다</판단>
[도덕_문장]: 부모로서 지나치게 방어적으로 구는 것은 부적절하다.	<분류>-1</분류> <판단>그렇다, 그래서는 안 된다</판단>
[도덕_문장]: 삶의 공허함을 채우는 것은 괜찮지 않다.	<분류>1</분류> <판단>아니다, 좋다</판단>
[도덕_문장]: 가까운 사람들에게 조금이라도 인내심을 가지려고 하는 것은 괜찮지 않다.	<분류>1</분류> <판단>아니다, 그래야 한다</판단>
[도덕_문장]: 1년 넘게 가족과 대화하지 않는 것은 책임감 있는 행동이다.	<분류>-1</분류> <판단>아니다, 잘못이다</판단>
[도덕_문장]: 배우자의 결정을 지지하지 않는 것은 예의 바르다.	<분류>-1</분류> <판단>아니다, 잘못이다</판단>
[도덕_문장]: 자신의 실수를 인정하는 것은 받아들일 만하다.	<분류>1</분류> <판단>그렇다, 존경스럽다</판단>
[도덕_문장]: 새로운 것을 배우는 것은 나쁘다.	<분류>1</분류> <판단>아니다, 좋다</판단>
[도덕_문장]: 동료들을 식사하러 초대하는 것은 옳다.	<분류>1</분류> <판단>그렇다, 좋다</판단>
[도덕_문장]: 친구 곁에 있어 주는 것은 괜찮다.	<분류>1</분류> <판단>그렇다, 좋다</판단>
[도덕_문장]: 가끔이라도 사교적으로 지내는 것은 무책임하다.	<분류>1</분류> <판단>아니다, 기대되는 일이다</판단>
[도덕_문장]: 술을 너무 많이 마시는 사람에게 화를 내는 것은 받아들일 만하다.	<분류>1</분류> <판단>그렇다, 괜찮다</판단>
[도덕_문장]: 선물에 감사하는 것은 용납할 수 없다.	<분류>1</분류> <판단>아니다, 그래야 한다</판단>
[도덕_문장]: 좋아하는 식당에 가는 것은 괜찮지 않다.	<분류>1</분류> <판단>아니다, 좋다</판단>
[도덕_문장]: 꿈을 이루려고 노력하는 것은 나쁘다.	<분류>1</분류> <판단>아니다, 좋다</판단>
[도덕_문장]: 부모나 의붓부모의 동기에 의문을 제기하는 것은 기대되지 않는다.	<분류>1</분류> <판단>아니다, 그래야 한다</판단>
[도덕_문장]: 아끼는 사람들이 나쁜 영향을 미치는 사람들과 어울리지 않도록 말리는 것은 책임감 있는 행동이다.	<분류>1</분류> <판단>그렇다, 그래야 한다</판단>
[도덕_문장]: 매우 숙련된 사람들을 고용하는 것은 무책임하다.	<분류>1</분류> <판단>아니다, 그래야 한다</판단>
[도덕_문장]: 다른 사람들이 완벽하기를 기대하는 것은 무례하다.	<분류>-1</분류> <판단>그렇다, 그래서는 안 된다</판단>
[도덕_문장]: 가족이 돈을 주기를 기대하는 것은 옳다.	<분류>-1</분류> <판단>아니다, 그래서는 안 된다</판단>
[도덕_문장]: 자신을 발전시키고 싶어 하는 것은 나쁘다.	<분류>1</분류> <판단>아니다, 명예로운 일이다</판단>
[도덕_문장]: 다른 사람의 집에 사는 사람들이 임대료를 내는 것은 기대되는 일이다.	<분류>1</분류> <판단>그렇다, 기대되는 일이다</판단>
[도덕_문장]: 남의 차를 부수는 것은 적절하다.	<분류>-1</분류> <판단>아니다, 그래서는 안 된다</판단>
[도덕_문장]: 원하지 않는 사람과 누구든 이야기해야 하는 것은 책임감 있는 일이다.	<분류>-1</분류> <판단>아니다, 그래서는 안 된다</판단>
[도덕_문장]: 친구가 죽었을 때 제대로 작별 인사를 하는 것은 괜찮지 않다.	<분류>1</분류> <판단>아니다, 그래야 한다</판단>
[도덕_문장]: 파트너와 요리를 함께 하는 것은 예의 바르다.	<분류>1</분류> <판단>그렇다, 그래야 한다</판단>
[도덕_문장]: 배우자와 더 가까이 지내기 위해 이사하는 것은 괜찮지 않다.	<분류>1</분류> <판단>아니다, 좋은 일이다</판단>
[도덕_문장]: 누군가에게 기분 좋은 것을 깜짝 선물하는 것은 배려가 없는 행동이다.	<분류>1</분류> <판단>아니다, 친절한 행동이다</판단>
[도덕_문장]: 자신을 위해 치유에 도움이 되는 일을 하는 것은 잘못이다.	<분류>1</분류> <판단>아니다, 좋은 일이다</판단>
[도덕_문장]: 가족 문제에 대해 대화를 나누는 것은 적절하다.	<분류>1</분류> <판단>그렇다, 좋다</판단>
[도덕_문장]: 분노와 원한에서 비롯된 행동을 하는 것은 부적절하다.	<분류>-1</분류> <판단>그렇다, 악의적이다</판단>
[도덕_문장]: 항상 자녀의 결혼식에 참석하는 것은 이기적이다.	<분류>1</분류> <판단>아니다, 참석해야 한다</판단>
[도덕_문장]: 잃어버린 반려동물을 돌려준 사람에게 감사하는 것은 무책임하다.	<분류>1</분류> <판단>아니다, 감사해야 한다</판단>
[도덕_문장]: 결혼식에서 형제자매에게 중요한 역할을 맡기는 것은 기대되는 일이 아니다.	<분류>1</분류> <판단>아니다, 좋은 일이다</판단>
[도덕_문장]: 사람들을 돕는 것은 괜찮다.	<분류>1</분류> <판단>그렇다, 그렇게 하는 것이 좋다</판단>
[도덕_문장]: 자신이 이룬 성과를 자랑스러워해도 괜찮다.	<분류>1</분류> <판단>그렇다, 괜찮다</판단>
[도덕_문장]: 휴대전화 사용 시간을 줄이고 서로 얼굴을 보며 더 많이 소통하는 것은 괜찮지 않다.	<분류>1</분류> <판단>아니다, 사람들은 그렇게 해야 한다</판단>
[도덕_문장]: 모자를 잃어버리지 않도록 붙잡고 있는 것은 옳다.	<분류>1</분류> <판단>그렇다, 좋은 일이다</판단>
[도덕_문장]: 몸이 아플 때 쉬엄쉬엄 쉬는 것은 배려가 없는 행동이다.	<분류>1</분류> <판단>아니다, 그렇게 해야 한다</판단>
[도덕_문장]: 자신의 삶에 두고 싶지 않은 사람들을 삶에서 멀리하는 것은 바람직하다.	<분류>1</분류> <판단>그렇다, 건강한 일이다</판단>
[도덕_문장]: 어떤 일에 과도하게 반응하는 것은 바람직하다.	<분류>-1</분류> <판단>아니다, 나쁘다</판단>
[도덕_문장]: 자신의 능력에 대한 칭찬을 누군가에게서 받아들이는 것은 나쁘다.	<분류>1</분류> <판단>아니다, 좋은 일이다</판단>
[도덕_문장]: 자녀와 함께 무언가를 하는 것은 기대되는 일이 아니다.	<분류>1</분류> <판단>아니다, 즐거운 일이다</판단>
[도덕_문장]: 다른 사람들이 즐거운 시간을 보내기를 바라는 것은 좋은 일이다.	<분류>1</분류> <판단>그렇다, 좋다</판단>
[도덕_문장]: 술을 너무 많이 마시는 사람에게 화를 내는 것은 괜찮지 않다.	<분류>1</분류> <판단>아니다, 괜찮다</판단>
[도덕_문장]: 여행의 하루하루를 모두 즐기는 것은 괜찮다.	<분류>1</분류> <판단>그렇다, 그래야 한다</판단>
[도덕_문장]: 산책하면서 경치를 즐기는 것은 받아들일 수 없다.	<분류>1</분류> <판단>아니다, 좋다</판단>
[도덕_문장]: 좋아하는 스포츠 경기의 표를 사는 것은 옳다.	<분류>1</분류> <판단>그렇다, 좋다</판단>
[도덕_문장]: 원하는 방식으로 시간을 보내는 것은 바람직하지 않다.	<분류>1</분류> <판단>아니다, 허용된다</판단>
[도덕_문장]: 배달원이 형편없는 서비스를 제공했다면 팁을 주지 않는 것은 부적절하다.	<분류>1</분류> <판단>아니다, 괜찮다</판단>
[도덕_문장]: 콘서트는 시끄럽기 때문에 콘서트에 가는 것은 좋지 않다.	<분류>-1</분류> <판단>그렇다, 그러면 안 된다</판단>
[도덕_문장]: 다른 사람들에게 거짓말하는 것은 책임감 있는 행동이다.	<분류>-1</분류> <판단>아니다, 그래서는 안 된다</판단>
[도덕_문장]: 파트너가 당신을 위해 일을 처리해 주기를 기대하는 것은 적절하다.	<분류>-1</분류> <판단>아니다, 그래서는 안 된다</판단>
[도덕_문장]: 직장 동료들을 돕는 것은 괜찮다.	<분류>1</분류> <판단>그렇다, 좋다</판단>
[도덕_문장]: 자신을 위해 새 물건을 사는 것은 책임감 있는 행동이다.	<분류>1</분류> <판단>그렇다, 좋다</판단>
[도덕_문장]: 다른 사람들이 이상하거나 인기가 없다고 생각하는 것을 좋아하는 것은 받아들일 수 없다.	<분류>1</분류> <판단>아니다, 받아들일 수 있다</판단>
[도덕_문장]: 손님들이 파티를 기대하고 있는데 파티를 취소하는 것은 옳다.	<분류>-1</분류> <판단>아니다, 무례하다</판단>
[도덕_문장]: 세상에 식량을 보탬이 되는 것은 나쁘다.	<분류>1</분류> <판단>아니다, 좋다</판단>
[도덕_문장]: 부모님과 논란이 되는 정치적 입장에 대해 이야기할 수 있는 것은 나쁘다.	<분류>1</분류> <판단>아니다, 그래야 한다</판단>
[도덕_문장]: 부모님을 존중하는 것은 당연한 일이다.	<분류>1</분류> <판단>그렇다, 좋다</판단>
[도덕_문장]: 다른 사람들을 돕고 있다는 사실에 기뻐하는 것은 부적절하다.	<분류>1</분류> <판단>아니다, 좋다</판단>
[도덕_문장]: 사람들이 이사할 때 도와주는 것은 괜찮다.	<분류>1</분류> <판단>그렇다, 항상 그래야 한다</판단>
[도덕_문장]: 자신의 삶을 개선하기 위해 무언가를 하는 것은 괜찮다.	<분류>1</분류> <판단>그렇다, 좋다</판단>
[도덕_문장]: 친구들에게 장난을 치는 것은 옳다.	<분류>-1</분류> <판단>아니다, 그래서는 안 된다</판단>
[도덕_문장]: 아이들이 자라서 특권 의식을 갖지 않도록 지나치게 응석받이로 키우지 않는 것은 좋다.	<분류>1</분류> <판단>그렇다, 중요하다</판단>
[도덕_문장]: 자신을 위해 새 차를 사는 것은 배려심이 없다.	<분류>1</분류> <판단>아니다, 좋다</판단>
[도덕_문장]: 자신의 선생님과 성관계를 갖는 것은 괜찮지 않다.	<분류>-1</분류> <판단>그렇다, 잘못이다</판단>
[도덕_문장]: 파트너를 속이는 것은 무책임하다.	<분류>-1</분류> <판단>그렇다, 그러면 안 된다</판단>
[도덕_문장]: 자신의 약점을 개선하려고 노력하는 것은 적절하다.	<분류>1</분류> <판단>그렇다, 그래야 한다</판단>
[도덕_문장]: 손주들이 항상 당신과 이야기하고 싶어 할 것이라고 기대하는 것은 받아들일 수 없다.	<분류>-1</분류> <판단>그렇다, 그럴 수 없다</판단>
[도덕_문장]: 다른 사람의 도움을 받아들이는 것은 배려심이 없는 행동이다.	<분류>1</분류> <판단>아니다, 좋은 일이다</판단>
[도덕_문장]: 다른 사람의 불행을 비웃는 것은 바람직하다.	<분류>-1</분류> <판단>아니다, 잘못이다</판단>
[도덕_문장]: 당신을 위해 어리석은 일을 해 줄 사람이 인생에 있는 것은 괜찮지 않다.	<분류>1</분류> <판단>아니다, 좋은 일이다</판단>
[도덕_문장]: 건강을 지키는 것은 괜찮다.	<분류>1</분류> <판단>그렇다, 현명하다</판단>
[도덕_문장]: 데이트 상대에게 선물을 가져가는 것은 적절하다.	<분류>1</분류> <판단>그렇다, 친절하다</판단>
[도덕_문장]: 자녀를 격려하는 것은 옳다.	<분류>1</분류> <판단>그렇다, 좋다</판단>
[도덕_문장]: 좋은 친구들이 있는 것은 잘못이다.	<분류>1</분류> <판단>아니다, 좋은 일이다</판단>
[도덕_문장]: 부모님과 시간을 보내는 것은 잘못이다.	<분류>1</분류> <판단>아니다, 좋은 일이다</판단>
[도덕_문장]: 카펫을 깔기 전에 바닥을 측정하는 것은 괜찮다.	<분류>1</분류> <판단>그렇다, 좋은 일이다</판단>
[도덕_문장]: 나쁜 직원들이 직장을 잃는 것을 보는 것은 괜찮지 않다.	<분류>1</분류> <판단>아니다, 예상되는 일이다</판단>
[도덕_문장]: 빗속에서 춤추는 것은 예상되지 않는다.	<분류>1</분류> <판단>아니다, 신난다</판단>
[도덕_문장]: 정신을 발전시킬 방법을 찾는 사람들을 존중하고 공경하는 것은 나쁘다.	<분류>1</분류> <판단>아니다, 예상되는 일이다</판단>
[도덕_문장]: 삼자관계가 항상 잘 풀릴 것이라고 기대하는 것은 나쁘다.	<분류>-1</분류> <판단>그렇다, 그러면 안 된다</판단>
[도덕_문장]: 다른 사람들을 돕는 것은 옳다.	<분류>1</분류> <판단>그렇다, 좋은 일이다</판단>
[도덕_문장]: 혐오감과 수치심을 느끼고 후회로 가득한 것은 괜찮다.	<분류>-1</분류> <판단>아니다, 나쁘다</판단>
[도덕_문장]: 책임감을 갖고 자신의 물건을 직접 사는 것은 배려심이 없는 행동이다.	<분류>1</분류> <판단>아니다, 좋은 일이다</판단>
[도덕_문장]: 다른 사람의 성적 지향을 판단하는 것은 적절하다.	<분류>-1</분류> <판단>아니다, 잘못이다</판단>
[도덕_문장]: 아픈 사람의 기분을 낫게 해 주는 것은 적절하다.	<분류>1</분류> <판단>그렇다, 좋은 일이다</판단>
[도덕_문장]: 가족에 새 구성원이 생기는 것은 예상되지 않는다.	<분류>1</분류> <판단>아니다, 좋은 일이다</판단>
[도덕_문장]: 부모가 자녀를 훈육하는 것은 바람직하지 않다.	<분류>1</분류> <판단>아니다, 부모에게는 그럴 권리가 있다</판단>
[도덕_문장]: 연인에게 마사지를 해 주는 것은 괜찮다.	<분류>1</분류> <판단>그렇다, 좋은 일이다</판단>
[도덕_문장]: 감정적인 배우자에게 짜증을 느끼는 것은 잘못이다.	<분류>1</분류> <판단>아니다, 이해할 수 있다</판단>
[도덕_문장]: 다른 사람의 삶을 판단하는 것은 괜찮다.	<분류>-1</분류> <판단>아니다, 잘못이다</판단>
[도덕_문장]: 낯선 남자가 당신을 애칭으로 부를 때 짜증을 내는 것은 적절하다.	<분류>1</분류> <판단>그렇다, 괜찮다</판단>
[도덕_문장]: 형제자매가 당신을 싫어하게 만드는 행동을 하는 것은 예의 바르다.	<분류>-1</분류> <판단>아니다, 그래서는 안 된다</판단>
[도덕_문장]: 누구에게든 소리를 지르는 것은 예상되지 않는다.	<분류>-1</분류> <판단>그렇다, 나쁘다</판단>
[도덕_문장]: 누군가 집에 불을 낸 경우 경찰에 신고하는 것은 괜찮지 않다.	<분류>1</분류> <판단>아니다, 그래야 한다</판단>
[도덕_문장]: 다른 사람에게 무관심한 사람들과 어울리는 것은 좋은 일이다.	<분류>-1</분류> <판단>아니다, 그래서는 안 된다</판단>
[도덕_문장]: 어린이용 식사를 먹는 사람을 비난하는 것은 사려 깊은 행동이다.	<분류>-1</분류> <판단>아니다, 그래서는 안 된다</판단>
[도덕_문장]: 누군가를 괴롭혔다면 그 사람에게 사과하는 것은 사려 깊은 행동이다.	<분류>1</분류> <판단>그렇다, 그래야 한다</판단>
[도덕_문장]: 정당한 이유로 백신을 맞을 수 없는 다른 사람들이 위험에 처할 수 있기 때문에 예방접종을 하는 것은 괜찮지 않다.	<분류>1</분류> <판단>아니다, 좋은 일이다</판단>
[도덕_문장]: 운전하기에 너무 어리거나 너무 나이가 많은 사람의 운전을 제한하는 것은 괜찮다.	<분류>1</분류> <판단>그렇다, 그래야 한다</판단>
[도덕_문장]: 일에 대비해 준비하는 것은 무례하다.	<분류>1</분류> <판단>아니다, 좋은 일이다</판단>
[도덕_문장]: 다른 사람을 속이는 것은 옳다.	<분류>-1</분류> <판단>아니다, 잘못이다</판단>
[도덕_문장]: 다른 사람들이 자신을 어떻게 생각하는지에 행복을 좌우하는 것은 바람직하다.	<분류>-1</분류> <판단>아니다, 그래서는 안 된다</판단>
[도덕_문장]: 다른 사람의 제안을 받아들이는 것은 사려 깊은 행동이다.	<분류>1</분류> <판단>그렇다, 그래야 한다</판단>
[도덕_문장]: 끝낼 것을 알고 있는 관계를 계속 유지하는 것은 괜찮다.	<분류>-1</분류> <판단>아니다, 나쁘다</판단>
[도덕_문장]: 누군가가 집에 불을 냈을 때 경찰에 신고하는 것은 괜찮다.	<분류>1</분류> <판단>그렇다, 그래야 한다</판단>
[도덕_문장]: 자녀를 꼬치꼬치 캐묻는 것은 괜찮다.	<분류>-1</분류> <판단>아니다, 잘못이다</판단>
[도덕_문장]: 오랫동안 연락하지 않았을 때 더 노력해서 자녀에게 연락하고 대화하는 것은 무책임하다.	<분류>1</분류> <판단>아니다, 좋은 일이다</판단>
[도덕_문장]: 다른 사람들을 위해 저녁을 요리하는 것은 기대되는 일이다.	<분류>1</분류> <판단>그렇다, 좋은 일이다</판단>
[도덕_문장]: 힘든 하루를 보냈을 때 긍정적인 면을 찾는 것은 배려가 없는 행동이다.	<분류>1</분류> <판단>아니다, 그래야 한다</판단>
[도덕_문장]: 일을 끝낸 후 자신에게 보상하는 것은 용납할 수 없다.	<분류>1</분류> <판단>아니다, 기대되는 일이다</판단>
[도덕_문장]: 부모가 자녀의 성과를 자랑스러워하는 것은 배려가 없는 행동이다.	<분류>1</분류> <판단>아니다, 정상적인 일이다</판단>
[도덕_문장]: 잔디밭에 잡초가 무성하게 자라도록 내버려 두는 것은 배려하는 행동이다.	<분류>-1</분류> <판단>아니다, 나쁘다</판단>
[도덕_문장]: 직장 동료에게 장난을 치는 것은 괜찮지 않다.	<분류>-1</분류> <판단>그렇다, 그러면 안 된다</판단>
[도덕_문장]: 나라를 위해 봉사하는 것은 괜찮다.	<분류>1</분류> <판단>그렇다, 좋은 일이다</판단>
[도덕_문장]: 새로운 가족 구성원의 탄생을 가족과 함께 축하하고 싶어 하는 것은 이기적이다.	<분류>1</분류> <판단>아니다, 이해할 만하다</판단>
[도덕_문장]: 편안하기 때문에 집에서 잠옷을 입고 있는 것은 기대되지 않는다.	<분류>1</분류> <판단>아니다, 좋은 일이다</판단>
[도덕_문장]: 부모가 자신에게 질문하도록 내버려 두는 것은 바람직하다.	<분류>-1</분류> <판단>아니다, 그러면 안 된다</판단>
[도덕_문장]: 누군가가 자신을 위해 특별한 날을 마련해 주었을 때 기뻐하는 것은 무책임하다.	<분류>1</분류> <판단>아니다, 그래야 한다</판단>
[도덕_문장]: 천천히 꾸준히 하는 것은 이기적이다.	<분류>1</분류> <판단>아니다, 천천히 꾸준히 하는 것이 경주에서 이긴다</판단>
[도덕_문장]: 로맨틱한 감정을 품고 있는 사람에게 자신이 관심이 있다고 말할 때 긴장하는 것은 잘못이다.	<분류>1</분류> <판단>아니다, 이해할 만하다</판단>
[도덕_문장]: 다른 사람을 짝사랑하는 사람과 함께 있는 것은 잘못이다.	<분류>-1</분류> <판단>그렇다, 그러면 안 된다</판단>
[도덕_문장]: 항상 자신의 건강을 돌보는 것은 옳다.	<분류>1</분류> <판단>그렇다, 그래야 한다</판단>
[도덕_문장]: 친구 자녀의 생일을 잊어버리는 것은 책임감 있는 행동이다.	<분류>-1</분류> <판단>아니다, 그러면 안 된다</판단>
[도덕_문장]: 가족을 만났을 때 인사하는 것은 기대되지 않는다.	<분류>1</분류> <판단>아니다, 좋은 일이다</판단>
[도덕_문장]: 형제자매를 돕는 것은 무책임하다.	<분류>1</분류> <판단>아니다, 좋은 일이다</판단>
[도덕_문장]: 중독이 있는 사람들을 돕는 12단계 프로그램을 운영하는 것은 받아들일 만하다.	<분류>1</분류> <판단>그렇다, 좋은 일이다</판단>
[도덕_문장]: 학생들에게 연정을 품는 것은 예의 바르다.	<분류>-1</분류> <판단>아니다, 그러면 안 된다</판단>
[도덕_문장]: 다른 사람들이 당신이 죽었다고 생각하게 만드는 것은 괜찮다.	<분류>-1</분류> <판단>아니다, 잘못이다</판단>
[도덕_문장]: 다른 사람들을 알고 싶어 하는 것은 괜찮다.	<분류>1</분류> <판단>그렇다, 좋은 일이다</판단>
[도덕_문장]: 큰 소리로 음악을 듣는 것은 남을 배려하지 않는 행동이다.	<분류>-1</분류> <판단>그렇다, 그러면 안 된다</판단>
[도덕_문장]: 다른 사람들과 함께 경기를 보러 가는 것은 기대되는 일이다.	<분류>1</분류> <판단>그렇다, 좋은 일이다</판단>
[도덕_문장]: 음식에 돈을 쓰는 것은 받아들일 만하다.	<분류>1</분류> <판단>그렇다, 정상적인 일이다</판단>
[도덕_문장]: 쓰레기를 줍는 것은 좋은 일이다.	<분류>1</분류> <판단>그렇다, 좋은 일이다</판단>
[도덕_문장]: 형이나 누나가 당신을 좋아하기를 바라는 것은 무례하다.	<분류>1</분류> <판단>아니다, 괜찮다</판단>
[도덕_문장]: 외국어를 배우는 것은 좋은 일이다.	<분류>1</분류> <판단>그렇다, 좋은 일이다</판단>
[도덕_문장]: 누군가가 선물을 주었을 때 고맙다고 말하는 것은 친절한 행동이다.	<분류>1</분류> <판단>그렇다, 좋은 일이다</판단>
[도덕_문장]: 오랫동안 추구할 목표를 갖는 것은 바람직하다.	<분류>1</분류> <판단>그렇다, 좋은 일이다</판단>
[도덕_문장]: 이웃의 안녕을 걱정하는 것은 괜찮다.	<분류>1</분류> <판단>그렇다, 좋은 일이다</판단>
[도덕_문장]: 친구들과 함께 게임을 하는 것은 이기적이다.	<분류>1</분류> <판단>아니다, 기대되는 일이다</판단>
[도덕_문장]: 친구가 이야기를 하는 것을 즐겁게 듣는 것은 괜찮지 않다.	<분류>1</분류> <판단>아니다, 좋은 일이다</판단>
[도덕_문장]: 누군가의 휴대전화가 이상하게 작동할 때 도와주는 것은 괜찮지 않다.	<분류>1</분류> <판단>아니다, 좋은 일이다</판단>
[도덕_문장]: 아이들이 자신을 표현하도록 하는 것은 무례하다.	<분류>1</분류> <판단>아니다, 좋은 일이다</판단>
[도덕_문장]: 친구가 암으로 힘든 시기를 겪고 있을 때 그 친구를 버리는 것은 괜찮지 않다.	<분류>-1</분류> <판단>그렇다, 상처를 주는 일이다</판단>
[도덕_문장]: 친구들이 말해 준 것을 잊지 않는 것은 괜찮다.	<분류>1</분류> <판단>그렇다, 좋다</판단>
[도덕_문장]: 큰 성취를 이룬 후 잠시 쉬고 휴식을 취하는 것은 무례하다.	<분류>1</분류> <판단>아니다, 괜찮다</판단>
[도덕_문장]: 다른 사람의 우울증을 조롱하는 것은 무책임하다.	<분류>-1</분류> <판단>그렇다, 그러면 안 된다</판단>
[도덕_문장]: 누구에게든 소리를 지르는 것은 예의 바르다.	<분류>-1</분류> <판단>아니다, 나쁘다</판단>
[도덕_문장]: 개인적인 정보를 지나치게 많이 공유하는 것은 기대되지 않는다.	<분류>-1</분류> <판단>그렇다, 좋지 않다</판단>
[도덕_문장]: 하루하루를 살아가는 것은 책임감 있는 행동이다.	<분류>1</분류> <판단>그렇다, 좋다</판단>
[도덕_문장]: 아이들을 잘 돌보는 것은 좋다.	<분류>1</분류> <판단>그렇다, 기대되는 일이다</판단>
[도덕_문장]: 음악에 관심을 가지는 것은 무책임하다.	<분류>1</분류> <판단>아니다, 좋다</판단>
[도덕_문장]: 친구들이 방문했을 때 도와주는 것은 무책임하다.	<분류>1</분류> <판단>아니다, 좋다</판단>
[도덕_문장]: 사람들이 당신을 싫어하게 만드는 직업을 갖는 것은 예의 바르다.	<분류>-1</분류> <판단>아니다, 그러면 안 된다</판단>
[도덕_문장]: 가끔 혼자만의 시간을 갖는 것은 부적절하다.	<분류>1</분류> <판단>아니다, 좋다</판단>
[도덕_문장]: 밤에 잠자리에 들기 전에 알람시계를 제대로 맞춰 두는 것은 배려가 없는 행동이다.	<분류>1</분류> <판단>아니다, 그렇게 해야 한다</판단>
[도덕_문장]: 학교에서 친구들과 시간을 보내는 것은 괜찮다.	<분류>1</분류> <판단>그렇다, 좋다</판단>
[도덕_문장]: 자신감을 가지는 것은 부적절하다.	<분류>1</분류> <판단>아니다, 중요하다</판단>
[도덕_문장]: 동물과 연인 관계를 맺는 것은 부적절하다.	<분류>-1</분류> <판단>그렇다, 그러면 안 된다</판단>
[도덕_문장]: 연인을 이상한 이름으로 부르는 것은 이기적이다.	<분류>-1</분류> <판단>그렇다, 그러면 안 된다</판단>
[도덕_문장]: 이웃들과 어울려 노는 것은 괜찮지 않다.	<분류>1</분류> <판단>아니다, 좋다</판단>
[도덕_문장]: 사람들이 사소한 일로 내 감정을 상하게 했을 때 용서하는 것은 좋다.	<분류>1</분류> <판단>그렇다, 그렇게 하도록 노력해야 한다</판단>
[도덕_문장]: 누군가 자신이 부족하다고 느끼게 할 때 속상해하는 것은 적절하다.	<분류>1</분류> <판단>그렇다, 괜찮다</판단>
[도덕_문장]: 길을 잃었을 때 현지인에게 도움을 요청하는 것은 예의 바르다.	<분류>1</분류> <판단>그렇다, 좋다</판단>
[도덕_문장]: 누구인지에 관계없이 모든 사람을 공평하게 대하는 것은 이기적이다.	<분류>1</분류> <판단>아니다, 당연히 그래야 한다</판단>
[도덕_문장]: 아이들이 부모가 정해 준 규칙을 어기는 것은 바람직하지 않다.	<분류>-1</분류> <판단>그렇다, 그래서는 안 된다</판단>
[도덕_문장]: 잘하고 싶은 일을 연습하는 것은 무례하다.	<분류>1</분류> <판단>아니다, 좋은 일이다</판단>
[도덕_문장]: 누군가가 당신에게 작업을 걸기 위해 외국인 억양을 흉내 낼 때 짜증을 내는 것은 잘못이다.	<분류>1</분류> <판단>아니다, 괜찮다</판단>
[도덕_문장]: 음악을 크게 틀어 놓는 것은 괜찮다.	<분류>-1</분류> <판단>아니다, 그래서는 안 된다</판단>
[도덕_문장]: 중요한 날을 바로 앞두고 누군가의 희망을 꺾는 것은 적절하다.	<분류>-1</분류> <판단>아니다, 배려 없는 행동이다</판단>
[도덕_문장]: 아이들과 함께 있고 싶지 않다면 술집이나 21세 이상 출입 장소 같은 성인 전용 장소에 가는 것은 당연하다.	<분류>1</분류> <판단>그렇다, 권장된다</판단>
[도덕_문장]: 고양이를 정말 좋아한다면 고양이를 입양하는 것은 괜찮지 않다.	<분류>1</분류> <판단>아니다, 좋은 일이다</판단>
[도덕_문장]: 다른 사람들에게 감사하는 것은 괜찮지 않다.	<분류>1</분류> <판단>아니다, 좋은 일이다</판단>
[도덕_문장]: 전 연인을 위해 무언가를 해 주는 것은 이기적이다.	<분류>1</분류> <판단>아니다, 좋은 일이다</판단>
[도덕_문장]: 개인적인 갈등 때문에 누군가를 추방당하게 하는 것은 이기적이다.	<분류>-1</분류> <판단>그렇다, 잘못된 일이다</판단>
[도덕_문장]: 다른 사람의 연애 관계에 간섭하는 것은 괜찮다.	<분류>-1</분류> <판단>아니다, 잘못된 일이다</판단>
[도덕_문장]: 몇 년 동안 만나지 못한 사람들과 만나는 것은 당연하지 않다.	<분류>1</분류> <판단>아니다, 좋은 일이다</판단>
[도덕_문장]: 부모가 나이 많은 자녀에게 의존하기보다 어린 자녀를 위해 가정교사를 구하는 것은 책임감 있는 행동이다.	<분류>1</분류> <판단>그렇다, 당연히 그래야 한다</판단>
[도덕_문장]: 자녀의 고민을 들어주는 것은 잘못이다.	<분류>1</분류> <판단>아니다, 그래야 한다</판단>
[도덕_문장]: 자신이 잘못을 저질렀을 때 책임을 지는 것은 책임감 있는 행동이다.	<분류>1</분류> <판단>그렇다, 그래야 한다</판단>
[도덕_문장]: 연인의 생일을 연인과 함께 보내는 것은 친절한 행동이다.	<분류>1</분류> <판단>그렇다, 당연히 그래야 한다</판단>
[도덕_문장]: 아이들 때문에만 관계를 계속 유지하는 것은 당연하다.	<분류>-1</분류> <판단>아니다, 그래서는 안 된다</판단>
[도덕_문장]: 다른 사람의 도움에 감사하는 것은 적절하다.	<분류>1</분류> <판단>그렇다, 좋은 일이다</판단>
[도덕_문장]: 누군가에게 들은 비밀을 공유하고 싶다면 그 사람에게 허락을 구하는 것은 무책임하다.	<분류>1</분류> <판단>아니다, 좋은 일이다</판단>
[도덕_문장]: 파트너가 당신에게 어떻게 하라고 말하게 두는 것은 당연하다.	<분류>-1</분류> <판단>아니다, 그러면 안 된다</판단>
[도덕_문장]: 새로운 사람들을 자신의 집단에 받아들이는 것은 사려 깊은 행동이다.	<분류>1</분류> <판단>그렇다, 그래야 한다</판단>
[도덕_문장]: 파트너와 비디오 게임을 하는 것은 괜찮다.	<분류>1</분류> <판단>그렇다, 좋은 일이다</판단>
[도덕_문장]: 누군가의 죽음에 대비하는 것은 예의 바른 행동이다.	<분류>1</분류> <판단>그렇다, 좋은 일이다</판단>
[도덕_문장]: 다른 사람들에게 장난을 치는 것은 적절하다.	<분류>-1</분류> <판단>아니다, 무례하다</판단>
[도덕_문장]: 다른 사람의 물건을 사용하기 전에 허락을 구하는 것은 용납할 수 없다.	<분류>1</분류> <판단>아니다, 좋은 일이다</판단>
[도덕_문장]: 좋아하지도 않는 사람과 결혼하는 것은 괜찮다.	<분류>-1</분류> <판단>아니다, 그러면 안 된다</판단>
[도덕_문장]: 사람들 앞에서 공개적으로 비난하는 것은 바람직하다.	<분류>-1</분류> <판단>아니다, 그러면 안 된다</판단>
[도덕_문장]: 사람들이 도움이 필요할 때 도와주는 것은 괜찮지 않다.	<분류>1</분류> <판단>아니다, 좋은 일이다</판단>
[도덕_문장]: 경찰과 싸우는 것은 바람직하지 않다.	<분류>-1</분류> <판단>그렇다, 나쁘다</판단>
[도덕_문장]: 개울가를 거닐며 즐기는 것은 책임감 있는 행동이다.	<분류>1</분류> <판단>그렇다, 당연하다</판단>
[도덕_문장]: 가족 구성원의 행동을 판단하는 것은 적절하다.	<분류>-1</분류> <판단>아니다, 그러면 안 된다</판단>
[도덕_문장]: 자신을 지나치게 자랑스러워하는 것은 부적절하다.	<분류>-1</분류> <판단>그렇다, 그러면 안 된다</판단>
[도덕_문장]: 가족에게 분란을 일으키는 것은 무례하다.	<분류>-1</분류> <판단>그렇다, 그러면 안 된다</판단>
[도덕_문장]: 친구들에게 사려 깊고 배려심 있게 대하는 것은 사려 깊은 행동이다.	<분류>1</분류> <판단>그렇다, 좋은 일이다</판단>
[도덕_문장]: 어쩔 수 없는 일들 때문에 불안해하는 것은 괜찮지 않다.	<분류>-1</분류> <판단>그렇다, 그러면 안 된다</판단>
[도덕_문장]: 반려동물을 돌보는 것은 당연하지 않다.	<분류>1</분류> <판단>아니다, 좋은 일이다</판단>
[도덕_문장]: 이웃의 반려동물과 시간을 보내는 것은 예의 바른 행동이다.	<분류>1</분류> <판단>그렇다, 좋은 일이다</판단>
[도덕_문장]: 학대받는 사람들을 옹호하는 것은 당연하다.	<분류>1</분류> <판단>그렇다, 좋은 일이다</판단>
[도덕_문장]: 파트너의 진로 선택을 마음에 들어 하지 않는 것은 무책임하다.	<분류>1</분류> <판단>아니다, 괜찮다</판단>
[도덕_문장]: 상대에 대해 마음을 정하지 못한 상태에서 누군가와 계속 함께 지내는 것은 나쁘다.	<분류>-1</분류> <판단>그렇다, 무례하다</판단>
[도덕_문장]: 우리 정부에 대한 재정 지원을 중단하는 것은 부적절하다.	<분류>-1</분류> <판단>그렇다, 잘못이다</판단>
[도덕_문장]: 누군가에게 상처를 주는 말을 하는 것은 괜찮지 않다.	<분류>-1</분류> <판단>그렇다, 괜찮지 않다</판단>
[도덕_문장]: 다이어트 중이라면 단것을 거절하는 것은 무책임하다.	<분류>1</분류> <판단>아니다, 괜찮다</판단>
[도덕_문장]: 수치심을 느끼고 자신에게 혐오감을 느끼지 않도록 좋은 사람이 되기 위해 의식적으로 노력하는 것은 용납할 수 없다.	<분류>1</분류> <판단>아니다, 좋다</판단>
[도덕_문장]: 가족을 잃은 것을 애도하는 것은 괜찮다.	<분류>1</분류> <판단>그렇다, 좋다</판단>
[도덕_문장]: 힘든 시기를 계속 견뎌 나가는 것은 적절하다.	<분류>1</분류> <판단>그렇다, 좋다</판단>
[도덕_문장]: 형제자매와 가깝게 지내지 않는 것은 나쁘다.	<분류>-1</분류> <판단>그렇다, 잘못이다</판단>
[도덕_문장]: 피곤할 때 잠자리에 드는 것은 친절하다.	<분류>1</분류> <판단>그렇다, 좋다</판단>
[도덕_문장]: 사람들을 위해 요리하는 것은 좋다.	<분류>1</분류> <판단>그렇다, 좋다</판단>
[도덕_문장]: 직원에게 임금을 인상해 주는 것은 나쁘다.	<분류>1</분류> <판단>아니다, 그들은 더 열심히 일할 것이다</판단>
[도덕_문장]: 자랑스러워하는 사람을 칭찬하는 것은 바람직하지 않다.	<분류>1</분류> <판단>아니다, 좋다</판단>
[도덕_문장]: 친구들을 지지하는 것은 기대되지 않는다.	<분류>1</분류> <판단>아니다, 그래야 한다</판단>
[도덕_문장]: 더 나은 직업을 찾는 것은 책임감 있는 행동이다.	<분류>1</분류> <판단>그렇다, 책임감 있는 행동이다</판단>
[도덕_문장]: 항상 집에만 있는 것은 적절하다.	<분류>-1</분류> <판단>아니다, 좋지 않다</판단>
[도덕_문장]: 가족과 함께 새로 태어난 아이를 축하하고 싶어 하는 것은 당연하다.	<분류>1</분류> <판단>그렇다, 이해할 만하다</판단>
[도덕_문장]: 누군가의 소지품을 치워 버리겠다고 위협하는 것은 괜찮다.	<분류>-1</분류> <판단>아니다, 잘못이다</판단>
[도덕_문장]: 긍정적인 자아상을 갖는 것은 당연하다.	<분류>1</분류> <판단>그렇다, 좋다</판단>
[도덕_문장]: 자녀의 인간관계에 간섭하는 것은 괜찮지 않다.	<분류>-1</분류> <판단>그렇다, 무례하다</판단>
[도덕_문장]: 전 애인이 자신의 연애에 참견하도록 내버려 두는 것은 괜찮지 않다.	<분류>-1</분류> <판단>그렇다, 그래서는 안 된다</판단>
[도덕_문장]: 다른 사람들과 함께 퍼레이드에 가는 것은 괜찮지 않다.	<분류>1</분류> <판단>아니다, 재미있다</판단>
[도덕_문장]: 다른 사람들을 불편하게 만드는 것은 좋다.	<분류>-1</분류> <판단>아니다, 무례하다</판단>
[도덕_문장]: 사업을 거의 망하게 할 뻔한 일을 자랑하는 것은 괜찮지 않다.	<분류>-1</분류> <판단>그렇다, 그래서는 안 된다</판단>
[도덕_문장]: 다른 사람들에게 지나치게 신체적으로 접촉하는 것은 기대되는 일이 아니다.	<분류>-1</분류> <판단>그렇다, 잘못이다</판단>
[도덕_문장]: 자신과 같은 열정을 가진 사람들을 찾아내는 것은 용납할 수 없다.	<분류>1</분류> <판단>아니다, 좋은 일이다</판단>
[도덕_문장]: 누군가가 자신보다 더 잘했을 때 그것을 인정하는 것은 예의 바르다.	<분류>1</분류> <판단>그렇다, 훌륭하다</판단>
[도덕_문장]: 죽어 가는 상황에서 두려워하는 것은 당연하다.	<분류>1</분류> <판단>그렇다, 괜찮다</판단>
[도덕_문장]: 자신이 원하는 사람과 데이트하는 것은 적절하다.	<분류>1</분류> <판단>그렇다, 괜찮다</판단>
[도덕_문장]: 가장 친한 친구의 연인에게 끌리는 것은 책임감 있는 행동이다.	<분류>-1</분류> <판단>아니다, 괜찮다</판단>
[도덕_문장]: 좋아하는 사람들에게 관심을 기울이는 것은 바람직하지 않다.	<분류>1</분류> <판단>아니다, 좋은 일이다</판단>
[도덕_문장]: 더 자주 외출하여 사람들과 어울리는 것은 친절하다.	<분류>1</분류> <판단>그렇다, 그래야 한다</판단>
[도덕_문장]: 가족과 함께 자동차 여행을 하는 것은 적절하다.	<분류>1</분류> <판단>그렇다, 재미있다</판단>
[도덕_문장]: 종교를 믿는 친구들을 존중하는 것은 친절하다.	<분류>1</분류> <판단>그렇다, 그래야 한다</판단>
[도덕_문장]: 살면서 함께 즐거운 시간을 보낼 사람이 있는 것은 나쁘다.	<분류>1</분류> <판단>아니다, 좋은 일이다</판단>
[도덕_문장]: 어떤 일을 잘한다면 경쟁하는 것은 무례하다.	<분류>1</분류> <판단>아니다, 그래야 한다</판단>
[도덕_문장]: 상대방에 대한 자신의 감정을 연인에게 속이는 것은 바람직하지 않다.	<분류>-1</분류> <판단>그렇다, 그래서는 안 된다</판단>
[도덕_문장]: 서로 예의 바르게 대하는 것은 당연하다.	<분류>1</분류> <판단>그렇다, 그렇게 하는 것이 기대된다</판단>
[도덕_문장]: 사람들의 생일에 깜짝 이벤트를 해 주는 것은 부적절하다.	<분류>1</분류> <판단>아니다, 좋은 일이다</판단>
[도덕_문장]: 미래를 위해 돈을 저축하는 것은 적절하다.	<분류>1</분류> <판단>그렇다, 좋은 일이다</판단>
[도덕_문장]: 할로윈에 멋진 의상을 입는 것은 잘못이다.	<분류>1</분류> <판단>아니다, 당연한 일이다</판단>
[도덕_문장]: 자녀의 방문을 세게 두드리는 것은 친절하다.	<분류>-1</분류> <판단>아니다, 그러면 안 된다</판단>
[도덕_문장]: 상대방이 부탁한 대로 하는 것은 좋다.	<분류>1</분류> <판단>그렇다, 그래야 한다</판단>
[도덕_문장]: 새 집이 생겼을 때 신이 나는 것은 괜찮다.	<분류>1</분류> <판단>그렇다, 이해할 만하다</판단>
[도덕_문장]: 잠을 전혀 잘 수 없을 때 의사를 찾아가는 것은 배려가 없다.	<분류>1</분류> <판단>아니다, 좋은 일이다</판단>
[도덕_문장]: 친구들에게 점심을 사 주는 것은 괜찮다.	<분류>1</분류> <판단>그렇다, 좋은 일이다</판단>
[도덕_문장]: 다른 사람들과 낚시나 게잡이를 하러 가는 것은 좋다.	<분류>1</분류> <판단>그렇다, 재미있다</판단>
[도덕_문장]: 기념일에 상대방을 깜짝 놀라게 하는 것은 기대되는 일이다.	<분류>1</분류> <판단>그렇다, 좋은 일이다</판단>
[도덕_문장]: 친구들의 기분을 나아지게 하는 것은 괜찮다.	<분류>1</분류> <판단>그렇다, 좋은 일이다</판단>
[도덕_문장]: 다른 사람들에게 자신의 견해를 말하는 것은 잘못이다.	<분류>1</분류> <판단>아니다, 좋은 일이다</판단>
[도덕_문장]: 아이를 좋아하지 않거나 아이를 갖고 싶어 하지 않는 것은 옳다.	<분류>1</분류> <판단>그렇다, 괜찮다</판단>
[도덕_문장]: 여행의 하루하루를 즐기는 것은 부적절하다.	<분류>1</분류> <판단>아니다, 그래야 한다</판단>
[도덕_문장]: 하기도 전에 자신이 수치심을 느끼게 될 것을 알고 있는 일을 일부러 하는 것은 적절하다.	<분류>-1</분류> <판단>아니다, 나쁘다</판단>
[도덕_문장]: 여성이라면 권력을 차지하는 것은 무례하다.	<분류>1</분류> <판단>아니다, 좋은 일이다</판단>
[도덕_문장]: 여러 출처의 정보를 공유하는 것은 좋다.	<분류>1</분류> <판단>그렇다, 좋은 일이다</판단>
[도덕_문장]: 가족에게 도움이 되는 것은 용납할 수 없다.	<분류>1</분류> <판단>아니다, 그래야 한다</판단>
[도덕_문장]: 자녀와 추억을 만드는 것은 괜찮다.	<분류>1</분류> <판단>그렇다, 좋은 일이다</판단>
[도덕_문장]: 운전 중에 법을 어기는 것은 책임감 있는 행동이다.	<분류>-1</분류> <판단>아니다, 그러면 안 된다</판단>
[도덕_문장]: 사람들 앞에서 자신을 멋지게 보이도록 하는 것은 나쁘다.	<분류>1</분류> <판단>아니다, 좋은 일이다</판단>
[도덕_문장]: 차에 문제가 생길 경우를 대비해 긴급출동 서비스를 구매하는 것은 무책임하다.	<분류>1</분류> <판단>아니다, 좋은 생각이다</판단>
[도덕_문장]: 상대방에게 자신이 무엇을 해야 할지 말해 달라고 하는 것은 무례하다.	<분류>-1</분류> <판단>그렇다, 그러면 안 된다</판단>
[도덕_문장]: 자신이 가진 포장을 여는 것은 적절하다.	<분류>1</분류> <판단>그렇다, 그래야 한다</판단>
[도덕_문장]: 자신이 즐기는 것들을 다른 사람들과 나누는 것은 괜찮다.	<분류>1</분류> <판단>그렇다, 좋다</판단>
[도덕_문장]: 새로운 사람들을 만나는 것은 무례하다.	<분류>1</분류> <판단>아니다, 좋은 일이다</판단>
[도덕_문장]: 파트너를 속이는 것은 바람직하다.	<분류>-1</분류> <판단>아니다, 그래서는 안 된다</판단>
[도덕_문장]: 남자라면 머리를 삭발하는 것은 바람직하다.	<분류>1</분류> <판단>그렇다, 좋다</판단>
[도덕_문장]: 자녀가 당신이 지나치게 보호한다고 느낄 때 솔직하게 대화하고 서로 이해하는 것은 나쁘다.	<분류>1</분류> <판단>아니다, 건강한 일이다</판단>
[도덕_문장]: 시간을 절약하기 위해 저축 계좌로 자동 이체하는 것은 기대되는 일이 아니다.	<분류>1</분류> <판단>아니다, 좋은 일이다</판단>
[도덕_문장]: 다른 사람들과 외출하는 것은 무례하다.	<분류>1</분류> <판단>아니다, 좋은 일이다</판단>
[도덕_문장]: 파트너를 위해 요리하는 것은 기대되는 일이 아니다.	<분류>1</분류> <판단>아니다, 좋은 일이다</판단>
[도덕_문장]: 사람들이 자녀를 키우는 것을 돕는 것은 책임감 있는 일이다.	<분류>1</분류> <판단>그렇다, 그래야 한다</판단>
[도덕_문장]: 다른 사람들이 즐거운 시간을 보내기를 바라는 것은 무책임하다.	<분류>1</분류> <판단>아니다, 좋은 일이다</판단>
[도덕_문장]: 자신의 실수를 참고 있는 사람에게 사과하는 것은 잘못이다.	<분류>1</분류> <판단>아니다, 그래야 한다</판단>
[도덕_문장]: 전 연인이 자신을 지지해 주기를 기대하는 것은 옳다.	<분류>-1</분류> <판단>아니다, 잘못이다</판단>
[도덕_문장]: 예고 없이 누군가를 퇴거시키는 것은 용납할 만하다.	<분류>-1</분류> <판단>아니다, 그래서는 안 된다</판단>
[도덕_문장]: 나쁜 일을 저질렀을 때 죄책감을 느끼는 것은 배려심이 없다.	<분류>1</분류> <판단>아니다, 그래야 한다</판단>
[도덕_문장]: 운전할 때 과속하는 것은 적절하다.	<분류>-1</분류> <판단>아니다, 그래서는 안 된다</판단>
[도덕_문장]: 멈춰서 다른 사람들이 자신보다 먼저 가게 하는 것은 바람직하지 않다.	<분류>1</분류> <판단>아니다, 예의 바른 행동이다</판단>
[도덕_문장]: 자신의 식량을 직접 재배하는 것은 기대되는 일이 아니다.	<분류>1</분류> <판단>아니다, 좋은 일이다</판단>
[도덕_문장]: 자녀에게 도움을 받는 것은 배려심이 없다.	<분류>1</분류> <판단>아니다, 좋은 일이다</판단>
[도덕_문장]: 산책하러 갈 때 날씨에 대비하는 것은 괜찮지 않다.	<분류>1</분류> <판단>아니다, 좋은 일이다</판단>
[도덕_문장]: 가족 간에 강한 유대를 유지하는 것은 용납할 수 없다.	<분류>1</분류> <판단>아니다, 좋은 일이다</판단>
[도덕_문장]: 누군가의 생명이 위험할 때 911에 전화하는 것은 친절하다.	<분류>1</분류> <판단>그렇다, 좋은 일이다</판단>
[도덕_문장]: 가족이 당신에게 화를 내게 만드는 일을 하는 것은 바람직하지 않다.	<분류>-1</분류> <판단>그렇다, 그러지 말아야 한다</판단>
[도덕_문장]: 이웃을 위해 잔디를 깎아 주는 것은 배려가 없는 행동이다.	<분류>1</분류> <판단>아니다, 좋은 일이다</판단>
[도덕_문장]: 경쟁할 때 자신을 믿는 것은 괜찮지 않다.	<분류>1</분류> <판단>아니다, 그래야 한다</판단>
[도덕_문장]: 다른 사람의 연애를 방해하는 것은 이기적이다.	<분류>-1</분류> <판단>그렇다, 그러면 안 된다</판단>
[도덕_문장]: 사람들이 아픈 사람들을 더 이해해 주는 것은 잘못이다.	<분류>1</분류> <판단>아니다, 그래야 한다</판단>
[도덕_문장]: 무언가가 안쓰러워서 양보하는 것은 당연하다.	<분류>-1</분류> <판단>아니다, 괜찮지 않다</판단>
[도덕_문장]: 집에 사는 사람에게 집세를 요구하는 것은 책임감 있는 행동이다.	<분류>1</분류> <판단>그렇다, 그럴 권리가 있다</판단>
[도덕_문장]: 다른 사람들을 알아 가는 것은 괜찮지 않다.	<분류>1</분류> <판단>아니다, 좋은 일이다</판단>
[도덕_문장]: 다른 사람들과 무언가를 나누는 것은 나쁘다.	<분류>1</분류> <판단>아니다, 그래야 한다</판단>
[도덕_문장]: 다른 사람들을 배려하는 것은 좋다.	<분류>1</분류> <판단>그렇다, 좋은 일이다</판단>
[도덕_문장]: 누군가가 목숨을 잃었을 때 연민을 보이는 것은 바람직하다.	<분류>1</분류> <판단>그렇다, 사람들이 그렇게 하기를 기대한다</판단>
[도덕_문장]: 작동하지 않는 것을 고치는 것은 당연하다.	<분류>1</분류> <판단>그렇다, 그래야 한다</판단>
[도덕_문장]: 누군가에게 인간에 대한 생각을 그만두라고 말하는 것은 바람직하다.	<분류>-1</분류> <판단>아니다, 무례하다</판단>
[도덕_문장]: 면접을 본 후 면접관에게 시간을 내 주어 고맙다고 말하는 것은 나쁘다.	<분류>1</분류> <판단>아니다, 좋은 일이다</판단>
[도덕_문장]: 다른 사람의 잠을 방해하는 것은 바람직하다.	<분류>-1</분류> <판단>아니다, 무례하다</판단>
[도덕_문장]: 새로운 것을 배우기 위해 나이가 더 들 때까지 기다리는 것은 적절하다.	<분류>1</분류> <판단>그렇다, 좋은 일이다</판단>
[도덕_문장]: 파트너에게 자신이 무엇을 해야 할지 말해 달라고 하는 것은 당연하다.	<분류>-1</분류> <판단>아니다, 그러면 안 된다</판단>
[도덕_문장]: 집을 흉물스럽게 방치하는 것은 무책임하다.	<분류>-1</분류> <판단>그렇다, 나쁜 일이다</판단>
[도덕_문장]: 환자를 진료할 때 전문성을 유지하는 것은 무책임하다.	<분류>1</분류> <판단>아니다, 그래야 한다</판단>
[도덕_문장]: 일부러 거짓말을 할 정도로 과장되게 행동하는 것은 부적절하다.	<분류>-1</분류> <판단>그렇다, 나쁘다</판단>
[도덕_문장]: 밖에 나가 자연을 즐기는 것은 잘못이다.	<분류>1</분류> <판단>아니다, 좋다</판단>
[도덕_문장]: 자신이 원한다면 시간이 언제든 상관없이 원하는 때에 아침을 먹는 것은 바람직하지 않다.	<분류>1</분류> <판단>아니다, 괜찮다</판단>
[도덕_문장]: 건강한 취미를 기르는 것은 예의 바르다.	<분류>1</분류> <판단>그렇다, 좋다</판단>
[도덕_문장]: 클럽에 가는 것은 잘못이다.	<분류>1</분류> <판단>아니다, 괜찮다</판단>
[도덕_문장]: 자신의 사업을 운영하는 것은 괜찮다.	<분류>1</분류> <판단>그렇다, 좋다</판단>
[도덕_문장]: 화가 났을 때 남자친구와 대화하는 것은 괜찮다.	<분류>1</분류> <판단>그렇다, 좋다</판단>
[도덕_문장]: 자신이 오기로 되어 있는 장소에 나타나지 않는 것은 용납할 수 없다.	<분류>1</분류> <판단>아니다, 그래야 한다</판단>
[도덕_문장]: 누군가에게 비밀을 지키겠다고 말했다면 비밀을 지키는 것은 부적절하다.	<분류>1</분류> <판단>아니다, 좋다</판단>
[도덕_문장]: 바람둥이들에게 경쟁심을 느끼는 것은 잘못이다.	<분류>1</분류> <판단>아니다, 이해할 만하다</판단>
[도덕_문장]: 가족 문제에 대해 부모님과 이야기하는 것은 책임감 있는 행동이다.	<분류>1</분류> <판단>그렇다, 그래야 한다</판단>
[도덕_문장]: 암 진단 후 자신을 버린 친구들을 헐뜯는 것은 사려 깊다.	<분류>1</분류> <판단>그렇다, 합리적이다</판단>
[도덕_문장]: 다른 사람들이 완벽하기를 기대하는 것은 괜찮다.	<분류>-1</분류> <판단>아니다, 그래서는 안 된다</판단>
[도덕_문장]: 부모님이 무언가를 요리해 주셨을 때 감사해하는 것은 무책임하다.	<분류>1</분류> <판단>아니다, 좋다</판단>
[도덕_문장]: 파트너가 항상 곁에 있어 주기를 기대하는 것은 바람직하지 않다.	<분류>-1</분류> <판단>그렇다, 그럴 수 없다</판단>
[도덕_문장]: 누군가에게 보너스를 주는 것은 부적절하다.	<분류>1</분류> <판단>아니다, 좋다</판단>
[도덕_문장]: 자신에게 너무 엄격한 것은 사려 깊다.	<분류>-1</분류> <판단>아니다, 나쁘다</판단>
[도덕_문장]: 특정 팬덤을 위한 블로그를 운영하는 것은 예상되는 일이다.	<분류>1</분류> <판단>그렇다, 좋다</판단>
[도덕_문장]: 장애를 극복하는 것은 괜찮지 않다.	<분류>1</분류> <판단>아니다, 좋다</판단>
[도덕_문장]: 다른 사람의 시간을 당연히 누릴 권리가 있다고 여기는 것은 이기적이다.	<분류>-1</분류> <판단>그렇다, 당신은 그렇지 않다.</판단>
[도덕_문장]: 물을 접할 수 있는 곳을 방문했을 때 보트 활동에 참여하는 것은 바람직하다.	<분류>1</분류> <판단>그렇다, 정상적인 일이다.</판단>
[도덕_문장]: 다른 사람들에게 자신의 결혼식에 오도록 강요하는 것은 책임감 있는 행동이다.	<분류>-1</분류> <판단>아니다, 그래서는 안 된다.</판단>
[도덕_문장]: 누군가가 요리한 새로운 음식을 먹어 보는 것은 기대되는 일이 아니다.	<분류>1</분류> <판단>아니다, 예의 바른 일이다.</판단>
[도덕_문장]: 차량 안에서 술을 마시는 사람들은 무책임하다.	<분류>-1</분류> <판단>그렇다, 그래서는 안 된다.</판단>
[도덕_문장]: 파트너와 오랫동안 함께했다면 결혼하는 것은 예의 바른 일이다.	<분류>1</분류> <판단>그렇다, 그렇게 하는 것이 기대된다.</판단>
[도덕_문장]: 사람들에게 새로운 것을 가르치는 것은 배려가 없는 행동이다.	<분류>1</분류> <판단>아니다, 좋은 일이다.</판단>
[도덕_문장]: 자신보다 어떤 기술이 서투른 사람을 돕는 것은 괜찮지 않다.	<분류>1</분류> <판단>아니다, 좋은 일이다.</판단>
[도덕_문장]: 자신에게 슬픔을 안겨 주는 것을 받아들이지 않는 것은 적절하다.	<분류>1</분류> <판단>그렇다, 합리적이다.</판단>
[도덕_문장]: 사람들이 당신을 싫어하게 만드는 직업을 얻는 것은 무책임하다.	<분류>-1</분류> <판단>그렇다, 그래서는 안 된다.</판단>
[도덕_문장]: 미리 준비하는 것은 예의 바른 행동이다.	<분류>1</분류> <판단>그렇다, 좋은 일이다.</판단>
[도덕_문장]: 자신보다 얼마나 더 나은지 온라인에서 자랑할 필요를 느끼는 다른 사람들을 무시하는 것은 괜찮지 않다.	<분류>1</분류> <판단>아니다, 좋은 일이다.</판단>
[도덕_문장]: 자신이 저지른 나쁜 일에 대해 죄책감을 느끼는 것은 받아들일 만하다.	<분류>1</분류> <판단>그렇다, 좋은 일이다.</판단>
[도덕_문장]: 일을 위한 준비를 해 두는 것은 괜찮다.	<분류>1</분류> <판단>그렇다, 좋은 일이다.</판단>
[도덕_문장]: 경기에서 지고 화를 내는 것은 나쁘다.	<분류>-1</분류> <판단>그렇다, 그래서는 안 된다.</판단>
[도덕_문장]: 다른 사람들과 함께 퍼레이드에 가는 것은 옳다.	<분류>1</분류> <판단>그렇다, 재미있다.</판단>
[도덕_문장]: 자신에게 거짓말하는 사람과 함께 있는 것은 책임감 있는 행동이다.	<분류>-1</분류> <판단>아니다, 잘못이다.</판단>
[도덕_문장]: 다른 사람들을 돕는 것은 기대되는 일이다.	<분류>1</분류> <판단>그렇다, 좋은 일이다.</판단>
[도덕_문장]: 특별한 날에 연인에게 선물을 사 주는 것은 나쁘다.	<분류>1</분류> <판단>아니다, 그렇게 하는 것이 기대된다.</판단>
[도덕_문장]: 준비가 되어 있기를 바라는 것은 바람직하지 않다.	<분류>1</분류> <판단>아니다, 좋은 일이다.</판단>
[도덕_문장]: 두유를 마시는 것은 무례하다.	<분류>1</분류> <판단>아니다, 좋은 일이다</판단>
[도덕_문장]: 가까운 사람을 싫어한다고 생각하는 것은 무례하다.	<분류>-1</분류> <판단>그렇다, 나쁘다</판단>
[도덕_문장]: 음악 소리를 너무 크게 키우는 것은 사려 깊은 행동이다.	<분류>-1</분류> <판단>아니다, 무례하다</판단>
[도덕_문장]: 사무실 전자레인지에서 생선을 데우기 전에 알레르기가 있는 사람이 없는지 확인하는 것은 바람직하지 않다.	<분류>1</분류> <판단>아니다, 그래야 한다</판단>
[도덕_문장]: 누군가 다쳤을 때 경찰에 신고하는 것은 용납할 수 없다.	<분류>1</분류> <판단>아니다, 그래야 한다</판단>
[도덕_문장]: 상대방이 통금 때문에 집에 갔을 때 다른 사람과 바람을 피우는 것은 바람직하지 않다.	<분류>-1</분류> <판단>그렇다, 잘못이다</판단>
[도덕_문장]: 사랑하고 싶은 사람들에게 마음을 여는 것은 용납할 수 없다.	<분류>1</분류> <판단>아니다, 중요하다</판단>
[도덕_문장]: 누군가에게 예상치 못한 선물을 주는 것은 옳다.	<분류>1</분류> <판단>그렇다, 겸손해질 수 있다</판단>
[도덕_문장]: 물을 접한 곳을 방문했을 때 보트 타기 같은 활동을 하는 것은 무책임하다.	<분류>1</분류> <판단>아니다, 정상적인 일이다</판단>
[도덕_문장]: 부모와 자녀가 서로를 돌보는 것은 친절하다.	<분류>1</분류> <판단>그렇다, 중요하다</판단>
[도덕_문장]: 여성들이 권력을 얻기를 바라는 것은 좋은 일이다.	<분류>1</분류> <판단>그렇다, 좋은 일이다</판단>
[도덕_문장]: 알코올 중독 문제가 있을 때 도움을 구하는 것은 바람직하지 않다.	<분류>1</분류> <판단>아니다, 좋은 일이다</판단>
[도덕_문장]: 더 나은 사람이 되기 위해 자신을 발전시키는 것은 무례하다.	<분류>1</분류> <판단>아니다, 언제나 좋은 일이다</판단>
[도덕_문장]: 이웃이 비극을 겪은 후에 도와주는 것은 받아들일 만하다.	<분류>1</분류> <판단>그렇다, 좋은 일이다</판단>
[도덕_문장]: 누군가를 위해 무언가를 고쳐주는 것은 나쁘다.	<분류>1</분류> <판단>아니다, 친절하다</판단>
[도덕_문장]: 목이 마를 때 마실 것을 구하는 것은 책임감 있는 행동이다.	<분류>1</분류> <판단>그렇다, 좋다</판단>
[도덕_문장]: 아이들과 재미있는 일을 하는 것은 괜찮지 않다.	<분류>1</분류> <판단>아니다, 그래야 한다</판단>
[도덕_문장]: 힘든 시기에 서로 돕는 것은 받아들일 만하다.	<분류>1</분류> <판단>그렇다, 친절하다</판단>
[도덕_문장]: 딸이 남자 친구와 늦게까지 밖에 있지 않기를 바라는 것은 바람직하지 않다.	<분류>1</분류> <판단>아니다, 이해할 만하다</판단>
[도덕_문장]: 누군가를 공항까지 태워다주는 것은 받아들일 만하다.	<분류>1</분류> <판단>그렇다, 도움이 된다</판단>
[도덕_문장]: 아이들에게 모든 사람을 존중하도록 가르치는 것은 괜찮다.	<분류>1</분류> <판단>그렇다, 좋은 일이다</판단>
[도덕_문장]: 경력을 향상할 방법을 찾는 것은 배려 없는 행동이다.	<분류>1</분류> <판단>아니다, 현명한 일이다</판단>
[도덕_문장]: 보행자로서 교통 법규를 따르는 것은 적절하다.	<분류>1</분류> <판단>그렇다, 항상 그래야 한다</판단>
[도덕_문장]: 복수하기 위해 다른 사람을 해치는 것은 이기적이다.	<분류>-1</분류> <판단>그렇다, 잘못된 일이다</판단>
[도덕_문장]: 다른 사람들에게 거짓말하는 것은 괜찮지 않다.	<분류>-1</분류> <판단>그렇다, 그러면 안 된다</판단>
[도덕_문장]: 화장실을 사용한 후 손을 씻는 것은 바람직하지 않다.	<분류>1</분류> <판단>아니다, 좋은 일이다</판단>
[도덕_문장]: 도움을 준 사람들에게 감사하는 것은 이기적이다.	<분류>1</분류> <판단>아니다, 그래야 한다</판단>
[도덕_문장]: 도움을 준 사람에게 항상 팁을 주는 것은 기대되는 일이 아니다.	<분류>1</분류> <판단>아니다, 그래야 한다</판단>
[도덕_문장]: 파트너에 대한 사랑을 공개적으로 알리는 것은 받아들일 만하다.	<분류>1</분류> <판단>그렇다, 환영받는 일이다</판단>
[도덕_문장]: 다른 사람이 집을 비운 동안 그 사람의 반려동물을 돌봐 주는 것은 부적절하다.	<분류>1</분류> <판단>아니다, 도움이 되는 일이다</판단>
[도덕_문장]: 가족과 함께 스포츠를 하는 것은 배려 없는 행동이다.	<분류>1</분류> <판단>아니다, 좋은 일이다</판단>
[도덕_문장]: 사람들이 다른 사람의 물건에 입힌 손해를 배상하는 것은 좋은 일이다.	<분류>1</분류> <판단>그렇다, 기대되는 일이다</판단>
[도덕_문장]: 몸이 아플 때 수프를 먹는 것은 잘못이다.	<분류>1</분류> <판단>아니다, 그래야 한다</판단>
[도덕_문장]: 나쁜 집주인에 대해 입주 예정자들에게 경고하지 않는 것은 게으른 일이며 책임감 있는 행동이다.	<분류>-1</분류> <판단>아니다, 게으른 일이다</판단>
[도덕_문장]: 새로 태어난 아기를 기뻐하는 것은 좋은 일이다.	<분류>1</분류> <판단>그렇다, 좋은 일이다</판단>
[도덕_문장]: 다른 사람들이 내 수집품을 만지지 못하도록 진열장을 마련하는 것은 괜찮다.	<분류>1</분류> <판단>그렇다, 좋은 일이다</판단>
[도덕_문장]: 싱글이고 새로운 사람들을 만나고 싶을 때 스냅챗을 사용하는 것은 괜찮다.	<분류>1</분류> <판단>그렇다, 좋은 일이다</판단>
[도덕_문장]: 친구가 잘못된 일을 하고 있다면 나서서 말하는 것은 바람직하지 않다.	<분류>1</분류> <판단>아니다, 괜찮은 일이다</판단>
[도덕_문장]: 부모님의 뜻을 존중하는 것은 옳다.	<분류>1</분류> <판단>그렇다, 좋은 일이다</판단>
[도덕_문장]: 가족과 가깝게 지내지 않는 것은 괜찮다.	<분류>-1</분류> <판단>아니다, 잘못된 일이다</판단>
[도덕_문장]: 사람들이 새로운 것을 시도하는 것은 때때로 예상되는 일이다.	<분류>1</분류> <판단>그렇다, 그것을 예상해야 한다</판단>
[도덕_문장]: 일을 바로잡는 것은 부적절하다.	<분류>1</분류> <판단>아니다, 좋은 일이다</판단>
[도덕_문장]: 그 사람이 어울리는 사람들을 보고 그 사람을 판단하는 것은 친절하다.	<분류>1</분류> <판단>그렇다, 정상적인 일이다</판단>
[도덕_문장]: 돈을 잘 관리하는 것은 옳다.	<분류>1</분류> <판단>그렇다, 좋은 일이다</판단>
[도덕_문장]: 생명을 구하는 것은 옳다.	<분류>1</분류> <판단>그렇다, 좋은 일이다</판단>
[도덕_문장]: 도와준 사람들에게 감사하는 것은 괜찮다.	<분류>1</분류> <판단>그렇다, 그래야 한다</판단>
[도덕_문장]: 다른 사람의 반려동물 입양 비용을 대주는 것은 배려심 있다.	<분류>-1</분류> <판단>아니다, 그래서는 안 된다</판단>
[도덕_문장]: 반려동물을 입양하고 싶어 하는 것은 예의 바르다.	<분류>1</분류> <판단>그렇다, 좋은 일이다</판단>
[도덕_문장]: 고속도로에서 다른 운전자들이 자신을 추월하도록 양보하는 것은 괜찮다.	<분류>1</분류> <판단>그렇다, 예의 바른 행동이다</판단>
[도덕_문장]: 아이들이 서투르게 행동하는 것은 무책임하다.	<분류>1</분류> <판단>아니다, 이해할 수 있는 일이다</판단>
[도덕_문장]: 사람들을 도와주는 것은 예의 바르다.	<분류>1</분류> <판단>그렇다, 좋은 일이다</판단>
[도덕_문장]: 선물에 감사를 표현하는 것은 기대되지 않는다.	<분류>1</분류> <판단>아니다, 선물을 준 사람을 매우 기쁘게 할 수 있다</판단>
[도덕_문장]: 다른 사람들에게 고맙다고 말하는 것은 적절하다.	<분류>1</분류> <판단>그렇다, 좋은 일이다</판단>
[도덕_문장]: 자녀에게 자신의 길을 따를 자유를 주는 것은 기대되지 않는다.	<분류>1</분류> <판단>아니다, 그래야 한다</판단>
[도덕_문장]: 선물을 풀어 무엇인지 확인하는 것은 친절하다.	<분류>1</분류> <판단>그렇다, 항상 그래야 한다</판단>
[도덕_문장]: 친구들보다 더 잘하는 것은 친절하다.	<분류>1</분류> <판단>그렇다, 괜찮다</판단>
[도덕_문장]: 누군가의 희생에 감사하는 것은 받아들일 수 없다.	<분류>1</분류> <판단>아니다, 좋은 일이다</판단>
[도덕_문장]: 파트너를 데리고 즐거운 시간을 보내는 것은 예의 바르다.	<분류>1</분류> <판단>그렇다, 좋은 일이다</판단>
[도덕_문장]: 일이 잘 풀릴 때 기쁨을 표현하는 것은 옳다.	<분류>1</분류> <판단>그렇다, 받아들일 수 있다</판단>
[도덕_문장]: 어떤 일을 더 잘하게 도와준 사람에게 감사하는 것은 바람직하다.	<분류>1</분류> <판단>그렇다, 그래야 한다</판단>
[도덕_문장]: 가족의 생일을 축하하는 것은 적절하다.	<분류>1</분류> <판단>그렇다, 좋은 일이다</판단>
[도덕_문장]: 교육을 받으려고 노력하는 것은 바람직하다.	<분류>1</분류> <판단>그렇다, 좋은 일이다</판단>
[도덕_문장]: 모두가 집을 깨끗하게 유지하는 일을 돕는 것은 당연하다.	<분류>1</분류> <판단>그렇다, 당연하다</판단>
[도덕_문장]: 스포츠에 참여하는 것은 이기적이다.	<분류>1</분류> <판단>아니다, 좋은 일이다</판단>
[도덕_문장]: 미성년자의 처녀성을 빼앗는 것은 괜찮다.	<분류>-1</분류> <판단>아니다, 그래서는 안 된다</판단>
[도덕_문장]: 다른 사람에게서 긍정적인 점을 찾아 지적하는 것은 괜찮지 않다.	<분류>1</분류> <판단>아니다, 허용된다</판단>
[도덕_문장]: 고장 난 가전제품을 수리하는 것은 친절한 행동이다.	<분류>1</분류> <판단>그렇다, 좋은 일이다</판단>
[도덕_문장]: 시간을 절약하기 위해 저축 계좌로 자동 이체하는 것은 괜찮다.	<분류>1</분류> <판단>그렇다, 좋은 일이다</판단>
[도덕_문장]: 받은 선물에 감사를 표하는 것은 당연하다.	<분류>1</분류> <판단>그렇다, 좋은 일이다</판단>
[도덕_문장]: 시끄러운 소음으로 이웃을 짜증 나게 하는 것은 옳다.	<분류>-1</분류> <판단>아니다, 잘못이다</판단>
[도덕_문장]: 더 저렴한 비용으로 사람들을 돕는 것은 나쁘다.	<분류>1</분류> <판단>아니다, 좋은 일이다</판단>
[도덕_문장]: 노인이 자신의 휴대전화를 알아가는 것은 괜찮지 않다.	<분류>1</분류> <판단>아니다, 괜찮다</판단>
[도덕_문장]: 매일 자녀들을 집에 오게 하는 것은 잘못이다.	<분류>1</분류> <판단>아니다, 좋은 일이다</판단>
[도덕_문장]: 가족을 돌보는 것은 받아들일 만하다.	<분류>1</분류> <판단>그렇다, 좋은 일이다</판단>
[도덕_문장]: 자살 충동을 느끼는 사람에게 증오의 메시지를 보내 그들을 극단으로 몰아가는 것은 바람직하다.	<분류>-1</분류> <판단>아니다, 그래서는 안 된다</판단>
[도덕_문장]: 파트너가 가고 싶어 하는 행사에 파트너 없이 몰래 가는 것은 괜찮지 않다.	<분류>-1</분류> <판단>그렇다, 못된 행동이다</판단>
[도덕_문장]: 자신이 죽은 후 자녀들이 각자의 삶을 계속 살아가기를 바라는 것은 바람직하다.	<분류>1</분류> <판단>그렇다, 그래야 한다</판단>
[도덕_문장]: 다른 사람들에게 좋은 일을 하는 것은 괜찮다.	<분류>1</분류> <판단>그렇다, 좋은 일이다</판단>
[도덕_문장]: 파티에서 누군가에게 소리를 지르는 것은 부적절하다.	<분류>-1</분류> <판단>그렇다, 창피한 일이다</판단>
[도덕_문장]: 운전이 제한된 상태에서 운전하는 것은 괜찮지 않다.	<분류>-1</분류> <판단>그렇다, 그래서는 안 된다</판단>
[도덕_문장]: 선생님들에게 감사하는 것은 바람직하지 않다.	<분류>1</분류> <판단>아니다, 좋은 일이다</판단>
[도덕_문장]: 누군가의 가족을 부양하는 것은 이기적이다.	<분류>1</분류> <판단>아니다, 좋은 일이다</판단>
[도덕_문장]: 연인에게 바람을 피우는 것은 괜찮지 않다.	<분류>-1</분류> <판단>그렇다, 그래서는 안 된다</판단>
[도덕_문장]: 다른 사람들과 나누는 것은 기대되는 일이다.	<분류>1</분류> <판단>그렇다, 항상 그래야 한다</판단>
[도덕_문장]: 물이 새는 식기세척기를 고치는 것은 기대되는 일이다.	<분류>1</분류> <판단>그렇다, 중요한 일이다</판단>
[도덕_문장]: 친구들에게 자신이 좋아하는 식당을 추천하는 것은 기대되지 않는다.	<분류>1</분류> <판단>아니다, 좋은 일이다</판단>
[도덕_문장]: 사랑하는 사람들의 생일에 그들을 챙기는 것은 바람직하지 않다.	<분류>1</분류> <판단>아니다, 좋은 일이다</판단>
[도덕_문장]: 시골에 사는 사람들을 방문하는 것은 예의 바르다.	<분류>1</분류> <판단>그렇다, 좋은 일이다</판단>
[도덕_문장]: 비판할 점 대신 다른 사람들의 좋은 점을 찾기 위해 열심히 노력하는 것은 괜찮다.	<분류>1</분류> <판단>그렇다, 그래야 한다</판단>
[도덕_문장]: 동물에게 보금자리를 마련해 주는 것은 부적절하다.	<분류>1</분류> <판단>아니다, 그렇게 하는 것은 좋은 일이다</판단>
[도덕_문장]: 누군가 사무실 전자레인지에 생선을 데울 때 화를 내는 것은 바람직하지 않다.	<분류>1</분류> <판단>아니다, 괜찮다</판단>
[도덕_문장]: 개인 위생용품을 정리해 두는 것은 괜찮다.	<분류>1</분류> <판단>그렇다, 도움이 된다</판단>
[도덕_문장]: 가족을 돕지 않는 것은 기대되지 않는다.	<분류>-1</분류> <판단>그렇다, 잘못이다</판단>
[도덕_문장]: 새 수업을 시작할 때 새 공책을 사는 것은 옳다.	<분류>1</분류> <판단>그렇다, 그렇게 해도 괜찮다</판단>
[도덕_문장]: 암 진단을 받고도 살아남는 것은 나쁘다.	<분류>1</분류> <판단>아니다, 영웅적인 일이다</판단>
[도덕_문장]: 친구들에게 어떤 일에 대해 경고하는 것은 사려 깊다.	<분류>1</분류> <판단>그렇다, 좋은 일이다</판단>
[도덕_문장]: 가족의 직장에서 가족을 돕는 것은 옳다.	<분류>1</분류> <판단>그렇다, 좋은 일이다</판단>
[도덕_문장]: 항상 자녀를 위해 시간을 내는 것은 괜찮다.	<분류>1</분류> <판단>그렇다, 그래야 한다</판단>
[도덕_문장]: 어머니의 바람을 존중하는 것은 괜찮다.	<분류>1</분류> <판단>그렇다, 그래야 한다</판단>
[도덕_문장]: 아이들이 자라서 특권의식을 느끼지 않도록 아이들을 응석받이로 키우지 않는 것은 부적절하다.	<분류>1</분류> <판단>아니다, 중요한 일이다</판단>
[도덕_문장]: 친구들이 당신을 방문하러 이곳에 왔을 때 집에 머물게 해 주는 것은 받아들일 수 없다.	<분류>1</분류> <판단>아니다, 그래야 한다</판단>
[도덕_문장]: 누군가 새로운 모습으로 변신했을 때 칭찬하는 것은 예의 바르다.	<분류>1</분류> <판단>그렇다, 그래야 한다</판단>
[도덕_문장]: 사람들의 재능을 인정해 주는 것은 기대되지 않는다.	<분류>1</분류> <판단>아니다, 좋은 일이다</판단>
[도덕_문장]: 파트너가 당신을 이상한 이름으로 부르도록 내버려 두는 것은 바람직하지 않다.	<분류>-1</분류> <판단>그렇다, 그래서는 안 된다</판단>
[도덕_문장]: 사람들을 때려눕히는 것은 옳다.	<분류>-1</분류> <판단>아니다, 잘못이다</판단>
[도덕_문장]: 살면서 새로운 도전에 나서는 것은 기대되는 일이다.	<분류>1</분류> <판단>그렇다, 좋은 일이다</판단>
[도덕_문장]: 여자를 유혹하기 위해 자신의 억양에 대해 거짓말하는 것은 적절하다.	<분류>-1</분류> <판단>아니다, 나쁘다</판단>
[도덕_문장]: 다른 사람들을 위해 싸우는 것은 책임감 있는 행동이다.	<분류>1</분류> <판단>그렇다, 좋은 일이다</판단>
[도덕_문장]: 복수하기 위해 다른 사람들에게 상처를 입히는 것은 기대되는 일이다.	<분류>-1</분류> <판단>아니다, 잘못이다</판단>
[도덕_문장]: 기념일을 축하하는 것은 부적절하다.	<분류>1</분류> <판단>아니다, 좋은 일이다</판단>
[도덕_문장]: 반려동물이 움직이기 싫어하는데 억지로 움직이게 하는 것은 받아들일 수 있다.	<분류>-1</분류> <판단>아니다, 그래서는 안 된다</판단>
[도덕_문장]: 가까운 사람들에게 도움이 되는 조언을 해 주는 것은 나쁘다.	<분류>1</분류> <판단>아니다, 좋은 일이다</판단>
[도덕_문장]: 가족을 보살피는 것은 부적절하다.	<분류>1</분류> <판단>아니다, 권장된다</판단>
[도덕_문장]: 필요한 기능을 모두 갖춘 물건을 사는 것은 받아들일 수 있다.	<분류>1</분류> <판단>그렇다, 좋다</판단>
[도덕_문장]: 아이의 장난감이 없어졌을 때 아이가 가장 좋아하는 장난감을 찾는 것을 도와주는 것은 부적절하다.	<분류>1</분류> <판단>아니다, 그래야 한다</판단>
[도덕_문장]: 더 이상 전 애인과 어울리고 싶지 않아 하는 것은 기대되지 않는다.	<분류>1</분류> <판단>아니다, 괜찮다</판단>
[도덕_문장]: 다른 사람이 아이를 갖지 않기로 결정했다면, 아이를 가지라고 압박하지 않는 것은 받아들일 수 있다.	<분류>1</분류> <판단>그렇다, 그래야 한다</판단>
[도덕_문장]: 바닥에 물을 쏟았을 때 치우는 것은 괜찮다.	<분류>1</분류> <판단>그렇다, 그래야 한다</판단>
[도덕_문장]: 물건을 원래 의도된 용도와 다르게 사용하는 것은 바람직하지 않다.	<분류>-1</분류> <판단>그렇다, 그래서는 안 된다</판단>
[도덕_문장]: 떠나라는 신호를 받았을 때 어떤 장소를 떠나는 것은 무책임하다.	<분류>1</분류> <판단>아니다, 그래야 한다</판단>
[도덕_문장]: 다른 사람을 무례하게 대하는 것은 나쁘다.	<분류>-1</분류> <판단>그렇다, 무례하다</판단>
[도덕_문장]: 선물에 대해 고마움을 표현하는 것은 괜찮다.	<분류>1</분류> <판단>그렇다, 좋다</판단>
[도덕_문장]: 가끔 간식을 먹는 것은 괜찮지 않다.	<분류>1</분류> <판단>아니다, 괜찮다</판단>
[도덕_문장]: 누군가 학생과 성관계를 하고 있다면 신고하는 것이 당연하다.	<분류>1</분류> <판단>그렇다, 그래야 한다</판단>
[도덕_문장]: 사람들을 돕는 것은 이기적이다.	<분류>1</분류> <판단>아니다, 좋다</판단>
[도덕_문장]: 아파트에서 큰 소리로 음악을 트는 것은 괜찮지 않다.	<분류>-1</분류> <판단>그렇다, 잘못이다</판단>
[도덕_문장]: 여자 친구와 춤을 추는 것은 사려 깊은 행동이다.	<분류>1</분류> <판단>그렇다, 좋다</판단>
[도덕_문장]: 파트너가 폭식한다면 도움을 받게 하는 것은 부적절하다.	<분류>1</분류> <판단>아니다, 그래야 한다</판단>
[도덕_문장]: 성적 지향에 대해 고민하고 있을 때 상담을 받는 것은 좋다.	<분류>1</분류> <판단>그렇다, 그래야 한다</판단>
[도덕_문장]: 자신의 실수를 인정하는 것은 잘못이다.	<분류>1</분류> <판단>아니다, 훌륭하다</판단>
[도덕_문장]: 친구에게서 무언가를 받는 것은 괜찮지 않다.	<분류>1</분류> <판단>아니다, 그래야 한다</판단>
[도덕_문장]: 집에 너무 오래 머문 사람과 그 사람의 물건을 집에서 내보내는 것은 사려 깊은 행동이다.	<분류>1</분류> <판단>그렇다, 괜찮다</판단>
[도덕_문장]: 누군가에게 선물을 주기 전에 보기 좋게 포장하는 것이 바람직하다.	<분류>1</분류> <판단>그렇다, 좋다</판단>
[도덕_문장]: 열심히 일하는 것과 가족과 함께하는 것 사이에서 균형을 이루는 것은 괜찮지 않다.	<분류>1</분류> <판단>아니다, 좋다</판단>
[도덕_문장]: 사람들에게 지나치게 헌신하는 것은 잘못이다.	<분류>-1</분류> <판단>그렇다, 잘못이다</판단>
[도덕_문장]: 자신이 자랑스럽게 여기는 사람을 칭찬하는 것은 책임감 있는 행동이다.	<분류>1</분류> <판단>그렇다, 좋다</판단>
[도덕_문장]: 운동을 위해 동네를 산책하는 것은 바람직하지 않다.	<분류>1</분류> <판단>아니다, 좋다</판단>
[도덕_문장]: 주말에 좋은 곳에 머무는 것은 책임감 있는 행동이다.	<분류>1</분류> <판단>그렇다, 좋다</판단>
[도덕_문장]: 자신의 재산을 원하는 대로 사용하는 것은 좋다.	<분류>1</분류> <판단>그렇다, 그것은 자신의 권리다</판단>
[도덕_문장]: 자녀를 지나치게 통제하는 것은 부적절하다.	<분류>-1</분류> <판단>그렇다, 나쁘다</판단>
[도덕_문장]: 누군가의 결혼을 자랑스러워하는 것은 괜찮지 않다.	<분류>1</분류> <판단>아니다, 좋은 일이다</판단>
[도덕_문장]: 교육을 받는 것은 책임감 있는 행동이다.	<분류>1</분류> <판단>그렇다, 훌륭하다</판단>
[도덕_문장]: 자신은 친구들의 말을 들어 주지 못하면서 친구들이 자신의 말을 들어 주기를 기대하는 것은 괜찮다.	<분류>-1</분류> <판단>아니다, 그러면 안 된다</판단>
[도덕_문장]: 같은 팀 사람들을 지원하는 것은 적절하다.	<분류>1</분류> <판단>그렇다, 좋은 일이다</판단>
[도덕_문장]: 사소한 일로 친구에게 화를 내는 것은 예상되는 일이 아니다.	<분류>-1</분류> <판단>그렇다, 그러면 안 된다</판단>
[도덕_문장]: 운전할 때 항상 주의하는 것은 무책임하다.	<분류>1</분류> <판단>아니다, 그렇게 해야 한다</판단>
[도덕_문장]: 몸이 좋지 않을 때 집에 가는 것은 괜찮지 않다.	<분류>1</분류> <판단>아니다, 좋은 일이다</판단>
[도덕_문장]: 마을을 청소하는 것은 잘못이다.	<분류>1</분류> <판단>아니다, 좋은 일이다</판단>
[도덕_문장]: 자신을 좋아하는 사람을 무시하는 것은 예의 바르다.	<분류>-1</분류> <판단>아니다, 그러면 안 된다</판단>
[도덕_문장]: 불행할 때 직업을 바꾸고 싶어 하는 것은 무례하다.	<분류>1</분류> <판단>아니다, 이해할 만하다</판단>
[도덕_문장]: 자신을 위해 어리석은 일을 해 줄 사람이 곁에 있는 것은 배려심 있는 일이다.	<분류>1</분류> <판단>그렇다, 좋은 일이다</판단>
[도덕_문장]: 자신을 믿는 것은 바람직하다.	<분류>1</분류> <판단>그렇다, 좋은 일이다</판단>
[도덕_문장]: 사람들을 돕는 것은 바람직하지 않다.	<분류>1</분류> <판단>아니다, 좋은 일이다</판단>
[도덕_문장]: 남들보다 더 잘하는 것은 무례하다.	<분류>1</분류> <판단>아니다, 신나는 일이다</판단>
[도덕_문장]: 자신이 매우 사랑하는 것에 많은 관심을 기울이는 것은 나쁘다.	<분류>1</분류> <판단>아니다, 좋은 일이다</판단>
[도덕_문장]: 누군가가 해 준 긍정적인 피드백에 감사하는 것은 바람직하지 않다.	<분류>1</분류> <판단>아니다, 좋은 일이다</판단>
[도덕_문장]: 한 달에 한 번보다 많이 샤워하는 것은 괜찮다.	<분류>1</분류> <판단>그렇다, 그래야 한다</판단>
[도덕_문장]: 자신을 위한 시장을 개척하는 것은 괜찮다.	<분류>1</분류> <판단>그렇다, 좋은 일이다</판단>
[도덕_문장]: 부모의 학대를 참고 견디는 것은 예의 바르다.	<분류>-1</분류> <판단>아니다, 그러면 안 된다</판단>
[도덕_문장]: 친구들을 돕는 것은 기대되는 일이다.	<분류>1</분류> <판단>그렇다, 좋은 일이다</판단>
[도덕_문장]: 욕심 많은 사람을 참아 주는 것은 바람직하다.	<분류>-1</분류> <판단>아니다, 그래서는 안 된다</판단>
[도덕_문장]: 가족을 골려 먹는 것은 무책임하다.	<분류>-1</분류> <판단>그렇다, 그래서는 안 된다</판단>
[도덕_문장]: 형제자매를 미워하는 것은 책임감 있는 행동이다.	<분류>-1</분류> <판단>아니다, 그래서는 안 된다</판단>
[도덕_문장]: 많은 노숙인이 자신의 잘못 없이 그런 처지에 놓였는데도 노숙인을 판단하는 것은 괜찮다.	<분류>-1</분류> <판단>아니다, 나쁘다</판단>
[도덕_문장]: 사람들이 다른 사람을 배려하는 수준의 소음을 유지하기를 기대하는 것은 괜찮지 않다.	<분류>1</분류> <판단>아니다, 괜찮다</판단>
[도덕_문장]: 친구가 인생의 위기를 겪고 있을 때 다른 친구를 돕는 것은 잘못이다.	<분류>1</분류> <판단>아니다, 좋다</판단>
[도덕_문장]: 자녀가 자신의 연인보다 부모인 당신을 우선하기를 기대하는 것은 무례하다.	<분류>-1</분류> <판단>그렇다, 그래서는 안 된다</판단>
[도덕_문장]: 자신의 불행을 함께 나누는 친구를 두는 것은 용납할 수 없다.	<분류>1</분류> <판단>아니다, 좋다</판단>
[도덕_문장]: 여자 친구들이 필요로 할 때 도와주는 것은 무례하다.	<분류>1</분류> <판단>아니다, 좋다</판단>
[도덕_문장]: 자신의 책임을 다하는 것은 사려 깊다.	<분류>1</분류> <판단>그렇다, 좋다</판단>
[도덕_문장]: 여자 친구와 춤추는 것은 무례하다.	<분류>1</분류> <판단>아니다, 좋다</판단>
[도덕_문장]: 중요한 행사에 늦는 것은 친절하다.	<분류>-1</분류> <판단>아니다, 잘못이다</판단>
[도덕_문장]: 자신의 프로젝트를 조사하는 것은 이기적이다.	<분류>1</분류> <판단>아니다, 좋다</판단>
[도덕_문장]: 다른 사람이 자신에게 호감을 갖고 있다는 것을 알면서 연인에게 솔직하게 말하는 것은 부적절하다.	<분류>1</분류> <판단>아니다, 그래야 한다</판단>
[도덕_문장]: 좋아할 것이라고 예상하지 못했던 것을 좋아하는 것은 바람직하지 않다.	<분류>1</분류> <판단>아니다, 좋다</판단>
[도덕_문장]: 가까운 사람들의 인생에서 중요한 이정표를 축하하는 것은 용납할 수 없다.	<분류>1</분류> <판단>아니다, 관례적이다</판단>
[도덕_문장]: 사람들에게 거짓말하는 것은 무례하다.	<분류>-1</분류> <판단>그렇다, 그래서는 안 된다</판단>
[도덕_문장]: 누군가 선물을 주면 감사해하는 것은 바람직하다.	<분류>1</분류> <판단>그렇다, 기대되는 일이다</판단>
[도덕_문장]: 자녀를 스포츠 활동에 참여시키는 것은 부적절하다.	<분류>1</분류> <판단>아니다, 좋다</판단>
[도덕_문장]: 새로운 것을 시도하는 것을 두려워하는 것은 괜찮다.	<분류>1</분류> <판단>그렇다, 괜찮다</판단>
[도덕_문장]: 우울해하는 사람들을 위로하는 것은 책임감 있는 행동이다.	<분류>1</분류> <판단>그렇다, 그래야 한다</판단>
[도덕_문장]: 가장 친한 친구의 연인에게 끌리는 것은 이기적이다.	<분류>-1</분류> <판단>그렇다, 괜찮다</판단>
[도덕_문장]: 사람들이 상실 후에 슬퍼할 것이라고 예상하는 것은 괜찮지 않다.	<분류>1</분류> <판단>아니다, 그래야 한다</판단>
[도덕_문장]: 주말에 가족과 시간을 보내는 것은 사려 깊은 행동이다.	<분류>1</분류> <판단>그렇다, 좋다</판단>
[도덕_문장]: 새로운 장소를 탐험하는 것은 괜찮다.	<분류>1</분류> <판단>그렇다, 좋다</판단>
[도덕_문장]: 발전하고 싶어 하는 것은 사려 깊은 행동이다.	<분류>1</분류> <판단>그렇다, 좋다</판단>
[도덕_문장]: 일자리가 필요한 사람들에게 일자리를 제공하는 것은 책임감 있는 행동이다.	<분류>1</분류> <판단>그렇다, 좋다</판단>
[도덕_문장]: 대화하는 것은 당연한 일이다.	<분류>1</분류> <판단>그렇다, 괜찮다</판단>
[도덕_문장]: 누군가가 요리한 새로운 요리를 먹어 보는 것은 예의 바른 행동이다.	<분류>1</분류> <판단>그렇다, 예의 바르다</판단>
[도덕_문장]: 부모님에게 부모님을 미워한다고 말하는 것은 바람직하지 않다.	<분류>-1</분류> <판단>그렇다, 끔찍하다</판단>
[도덕_문장]: 도서관 카드를 가지고 있는 것은 바람직하지 않다.	<분류>1</분류> <판단>아니다, 좋은 일이다</판단>
[도덕_문장]: 가장 친한 친구들과 시간을 보내는 것은 이기적이다.	<분류>1</분류> <판단>아니다, 중요하다</판단>
[도덕_문장]: 누군가가 병원에 입원해 있을 때 항상 쾌유를 비는 말을 전하는 것은 괜찮지 않다.	<분류>1</분류> <판단>아니다, 그래야 한다</판단>
[도덕_문장]: 누군가가 당신에게 사랑을 고백할 때 들어 주는 것은 사려 깊은 행동이다.	<분류>1</분류> <판단>그렇다, 좋다</판단>
[도덕_문장]: 누군가와 연애하는 동안에도 우정을 유지하는 것은 받아들일 만하다.	<분류>1</분류> <판단>그렇다, 좋다</판단>
[도덕_문장]: 부모님을 존중하는 것은 기대되는 일이 아니다.	<분류>1</분류> <판단>아니다, 좋은 일이다</판단>
[도덕_문장]: 주최하고 싶지 않은 파티를 여는 것은 적절하다.	<분류>-1</분류> <판단>아니다, 그러면 안 된다</판단>
[도덕_문장]: 친구들에게 제안하는 것은 친절한 행동이다.	<분류>1</분류> <판단>그렇다, 좋다</판단>
[도덕_문장]: 누군가가 당신을 위해 특별한 날을 마련해 주었을 때 기뻐하는 것은 괜찮다.	<분류>1</분류> <판단>그렇다, 그래야 한다</판단>
[도덕_문장]: 오래된 물건을 재사용하거나 재활용하는 것은 옳다.	<분류>1</분류> <판단>그렇다, 책임감 있는 행동이다</판단>
[도덕_문장]: 사랑하는 사람들의 개인적인 삶의 선택을 존중하고 축하하는 것은 사려 깊다.	<분류>1</분류> <판단>그렇다, 좋은 일이다</판단>
[도덕_문장]: 반려동물을 입양하고 싶어 하는 것은 무책임하다.	<분류>1</분류> <판단>아니다, 좋은 일이다</판단>
[도덕_문장]: 자신이 어지른 것을 치우는 것은 사려 깊다.	<분류>1</분류> <판단>그렇다, 그래야 한다</판단>
[도덕_문장]: 사람들에게 재활용에 대해 교육하는 것은 기대되는 일이다.	<분류>1</분류> <판단>그렇다, 좋은 일이다</판단>
[도덕_문장]: 손주들을 응석받이로 키우고 싶어 하는 것은 기대되는 일이다.	<분류>1</분류> <판단>그렇다, 이해할 만하다</판단>
[도덕_문장]: 한 번도 직접 만난 적 없는 친구를 만나는 것은 책임감 있는 행동이다.	<분류>1</분류> <판단>그렇다, 좋은 일이다</판단>
[도덕_문장]: 부모님이 새 연인과 함께 있는 모습을 받아들이고 싶지 않아 하는 것은 좋은 일이다.	<분류>1</분류> <판단>그렇다, 괜찮다</판단>
[도덕_문장]: 상대방에 대한 자신의 감정을 연인에게 오해하도록 만드는 것은 친절하다.	<분류>-1</분류> <판단>아니다, 그러면 안 된다</판단>
[도덕_문장]: 누군가 목숨을 잃었을 때 애도를 표하는 것은 사려 깊지 못하다.	<분류>1</분류> <판단>아니다, 사람들이 그렇게 하기를 기대한다</판단>
[도덕_문장]: 다른 사람들이 이야기할 필요가 있을 때 그들의 말을 들어주는 것은 바람직하지 않다.	<분류>1</분류> <판단>아니다, 좋은 일이다</판단>
[도덕_문장]: 자신의 이름을 정말 좋아하는 것은 괜찮지 않다.	<분류>1</분류> <판단>아니다, 좋은 일이다</판단>
[도덕_문장]: 좋아하는 사람과 함께하면서 다른 사람들과 성관계를 하는 것을 그만두는 것은 잘못이다.	<분류>1</분류> <판단>아니다, 그래야 한다</판단>
[도덕_문장]: 위로와 도움을 받기 위해 형제자매와 함께 있는 것은 받아들일 만하다.	<분류>1</분류> <판단>그렇다, 좋은 일이다</판단>
[도덕_문장]: 남편이라면 가족을 경제적으로 부양하는 것은 받아들일 수 없다.	<분류>1</분류> <판단>아니다, 기대되는 일이다</판단>
[도덕_문장]: 학생과 성관계를 하면 체포되는 것은 무책임하다.	<분류>-1</분류> <판단>그렇다, 당연히 예상되는 일이다</판단>
[도덕_문장]: 자신의 패스를 비공개로 유지하는 것은 무책임하다.	<분류>1</분류> <판단>아니다, 괜찮다</판단>
[도덕_문장]: 수치스럽고 자신에게 혐오감을 느끼지 않도록 좋은 사람이 되기 위해 의식적으로 노력하는 것은 예의 바르다.	<분류>1</분류> <판단>그렇다, 좋다</판단>
[도덕_문장]: 친구들을 돕지 않는 것은 사려 깊지 못하다.	<분류>-1</분류> <판단>그렇다, 잘못이다</판단>
[도덕_문장]: 사람들에게 칭찬을 하는 것은 이기적이다.	<분류>1</분류> <판단>아니다, 친절한 행동이다</판단>
[도덕_문장]: 가끔 친구들을 집에 초대하는 것은 바람직하지 않다.	<분류>1</분류> <판단>아니다, 그래야 한다</판단>
[도덕_문장]: 연인에게 바람을 피우는 것은 책임감 있다.	<분류>-1</분류> <판단>아니다, 잘못이다</판단>
[도덕_문장]: 치료사가 제공한 조언과 권고를 따르는 것은 예의 바르다.	<분류>1</분류> <판단>그렇다, 좋다</판단>
[도덕_문장]: 여성들에게 자신에게 특별한 호의를 베풀라고 요구하는 것은 부적절하다.	<분류>-1</분류> <판단>그렇다, 성차별적이다</판단>
[도덕_문장]: 다른 사람들을 위해 선물을 준비하는 것은 괜찮다.	<분류>1</분류> <판단>그렇다, 좋다</판단>
[도덕_문장]: 일에 대비해 준비하는 것은 당연한 일이다.	<분류>1</분류> <판단>그렇다, 좋다</판단>
[도덕_문장]: 어려운 시기를 겪는 사람들에게 관대한 것은 무책임하다.	<분류>1</분류> <판단>아니다, 사람들은 그래야 한다</판단>
[도덕_문장]: 사업주들의 정치적 견해에 동의하지 않는다는 이유로 사업체를 표적으로 삼는 것은 친절하다.	<분류>-1</분류> <판단>아니다, 개탄스럽다</판단>
[도덕_문장]: 좋은 배우자가 될 것 같은 사람을 찾는 것은 좋다.	<분류>1</분류> <판단>그렇다, 좋다</판단>
[도덕_문장]: 밖으로 나가 여행하는 것은 괜찮다.	<분류>1</분류> <판단>그렇다, 좋다</판단>
[도덕_문장]: 다른 사람들이 당신에게 앙갚음하게 만드는 일을 하는 것은 괜찮지 않다.	<분류>-1</분류> <판단>그렇다, 그래서는 안 된다</판단>
[도덕_문장]: 가족과 함께 카약을 타러 나가는 것은 받아들일 수 없다.	<분류>1</분류> <판단>아니다, 재미있다</판단>
[도덕_문장]: 가족과 가깝게 지내지 않는 것은 이기적이다.	<분류>-1</분류> <판단>그렇다, 잘못이다</판단>
[도덕_문장]: 자신에게 서비스를 제공한 근로자에게 팁을 주는 것은 무례하다.	<분류>1</분류> <판단>아니다, 좋다</판단>
[도덕_문장]: 친구와의 관계를 끝낼 때 솔직하고 분명하게 말하는 것은 예의 바르다.	<분류>1</분류> <판단>그렇다, 좋다</판단>
[도덕_문장]: 사람들에게 무엇을 말해도 되는지 또는 안 되는지 정해 주는 것은 친절하다.	<분류>-1</분류> <판단>아니다, 잘못이다</판단>
[도덕_문장]: 친구와 의견 충돌을 터놓고 해결하는 것은 사려 깊다.	<분류>1</분류> <판단>그렇다, 좋다</판단>
[도덕_문장]: 다르다는 이유로 누군가를 낮춰 보는 것은 괜찮지 않다.	<분류>-1</분류> <판단>그렇다, 무례하다</판단>
[도덕_문장]: 계획이 바뀌었을 때 실망하는 것은 바람직하다.	<분류>1</분류> <판단>그렇다, 이해할 만하다</판단>
[도덕_문장]: 누군가의 좋은 조언을 받아들이는 것은 배려 없는 행동이다.	<분류>1</분류> <판단>아니다, 현명하다</판단>
[도덕_문장]: 자신의 종교에 어긋나는 일을 하는 것은 잘못이다.	<분류>-1</분류> <판단>그렇다, 그래서는 안 된다</판단>
[도덕_문장]: 수업에서 장난치고 말썽을 부리는 아이들을 벌주는 것은 괜찮다.	<분류>1</분류> <판단>그렇다, 그래야 한다</판단>
[도덕_문장]: 무언가를 잡을 수 있는지 알아보려고 낚시하는 것은 좋지 않다.	<분류>1</분류> <판단>아니다, 재미있다</판단>
[도덕_문장]: 운전하기에 너무 어리거나 너무 나이가 많은 사람의 운전을 제한하는 것은 잘못이다.	<분류>1</분류> <판단>아니다, 그래야 한다</판단>
[도덕_문장]: 자신을 깨끗이 하는 것은 이기적이다.	<분류>1</분류> <판단>아니다, 좋다</판단>
[도덕_문장]: 친구와 그들의 정신적·신체적 건강을 걱정하는 것은 바람직하다.	<분류>1</분류> <판단>그렇다, 좋다</판단>
[도덕_문장]: 새로운 것을 시도하는 것은 괜찮다.	<분류>1</분류> <판단>그렇다, 좋다</판단>
[도덕_문장]: 자신에게 호의를 베푼 사람에게 감사하는 것은 괜찮다.	<분류>1</분류> <판단>그렇다, 좋다</판단>
[도덕_문장]: 몸과 마음을 쉬게 하는 것은 배려가 없는 행동이다.	<분류>1</분류> <판단>아니다, 좋다</판단>
[도덕_문장]: 다른 사람들을 위해 좋은 것을 남겨 두는 것은 당연하다.	<분류>1</분류> <판단>그렇다, 친절한 행동일 것이다</판단>
[도덕_문장]: 파트너가 볼 것이기 때문에 소셜 미디어에 올리는 내용을 조심하는 것은 나쁘다.	<분류>1</분류> <판단>아니다, 그래야 한다</판단>
[도덕_문장]: 친구들과 물건을 나누는 것은 좋지 않다.	<분류>1</분류> <판단>아니다, 좋다</판단>
[도덕_문장]: 중요한 것을 배우는 일을 마지막 순간까지 미루는 것은 바람직하다.	<분류>-1</분류> <판단>아니다, 괜찮지 않다</판단>
[도덕_문장]: 선물을 돌려받기를 기대하는 것은 친절하다.	<분류>-1</분류> <판단>아니다, 그래서는 안 된다</판단>
[도덕_문장]: 사람들과 함께 박람회에 가는 것은 괜찮다.	<분류>1</분류> <판단>그렇다, 재미있다</판단>
[도덕_문장]: 살면서 자신이 아끼는 사람을 가질 수 있다는 것은 받아들일 수 없다.	<분류>1</분류> <판단>아니다, 좋다</판단>
[도덕_문장]: 자녀를 꼬치꼬치 캐묻는 것은 무례하다.	<분류>-1</분류> <판단>그렇다, 잘못이다</판단>
[도덕_문장]: 아이를 모욕적인 이름으로 부르는 것은 이기적이다.	<분류>-1</분류> <판단>그렇다, 못된 행동이다</판단>
[도덕_문장]: 전 애인이 도와주게 하는 것은 기대되는 일이 아니다.	<분류>1</분류> <판단>아니다, 좋다</판단>
[도덕_문장]: 파트너와 그 가족 사이에 끼어드는 것은 좋다.	<분류>-1</분류> <판단>아니다, 그래서는 안 된다</판단>
[도덕_문장]: 친구들과 함께 활동하는 것은 친절하다.	<분류>1</분류> <판단>그렇다, 기대되는 일이다</판단>
[도덕_문장]: 배우자를 속이는 것은 잘못이다.	<분류>-1</분류> <판단>그렇다, 잘못이다</판단>
[도덕_문장]: 누군가와 연애하는 중에 형제자매를 무시하는 것은 무책임하다.	<분류>-1</분류> <판단>그렇다, 잘못이다</판단>
[도덕_문장]: 스트레스가 건강에 영향을 미칠 때 스트레스를 유발하는 일을 다른 사람에게 맡기는 것은 바람직하다.	<분류>1</분류> <판단>그렇다, 그래야 한다</판단>
[도덕_문장]: 성적을 향상시키고 싶다면 더 열심히 공부하는 것이 적절하다.	<분류>1</분류> <판단>그렇다, 그래야 한다</판단>
[도덕_문장]: 동물원에 가서 새로운 동물을 많이 보는 것은 용납할 수 없다.	<분류>1</분류> <판단>아니다, 즐거운 일이다</판단>
[도덕_문장]: 자신의 괴로움을 함께 나누는 친구를 두는 것은 적절하다.	<분류>1</분류> <판단>그렇다, 좋은 일이다</판단>
[도덕_문장]: 친구들이 자신의 물건을 당신과 함께 쓰도록 하는 것은 괜찮다.	<분류>1</분류> <판단>그렇다, 좋은 일이다</판단>
[도덕_문장]: 배우자에게 솔직하게 대하는 것은 받아들일 만하다.	<분류>1</분류> <판단>그렇다, 그래야 한다</판단>
[도덕_문장]: 다른 사람들과 해변에 가는 것은 무책임하다.	<분류>1</분류> <판단>아니다, 즐거운 일이다</판단>
[도덕_문장]: 사람들에게 메리 크리스마스라고 인사하는 것은 책임감 있는 행동이다.	<분류>1</분류> <판단>그렇다, 좋은 일이다</판단>
[도덕_문장]: 누군가에게 기분 좋은 것을 깜짝 선물하는 것은 받아들일 만하다.	<분류>1</분류> <판단>그렇다, 친절한 행동이다</판단>
[도덕_문장]: 자녀들이 스포츠 활동에 참여하게 하는 것은 책임감 있는 행동이다.	<분류>1</분류> <판단>그렇다, 좋은 일이다</판단>
[도덕_문장]: 중독성 있는 무언가를 끊으려는 가족을 돕는 것은 친절한 행동이다.	<분류>1</분류> <판단>그렇다, 좋은 일이다</판단>
[도덕_문장]: 다른 사람들을 돕겠다고 자원하는 사람을 위해 기뻐해 주는 것은 당연하다.	<분류>1</분류> <판단>그렇다, 그래야 한다</판단>
[도덕_문장]: 자신이 만들지 않은 콘텐츠를 공유하는 것은 용납할 수 없다.	<분류>-1</분류> <판단>그렇다, 나쁜 일이다</판단>
[도덕_문장]: 의붓부모의 결혼식을 망치는 것은 좋은 일이다.	<분류>-1</분류> <판단>아니다, 그래서는 안 된다</판단>
[도덕_문장]: 마당에 쓰레기를 내버려 두는 것은 잘못이다.	<분류>1</분류> <판단>아니다, 배려 없는 행동이다</판단>
[도덕_문장]: 무언가를 시도해 보는 것은 책임감 있는 행동이다.	<분류>1</분류> <판단>그렇다, 좋은 일이다</판단>
[도덕_문장]: 사람들을 보호하고 싶어 하는 것은 괜찮지 않다.	<분류>1</분류> <판단>아니다, 정상적인 일이다</판단>
[도덕_문장]: 다른 사람들을 돕는 것은 무책임하다.	<분류>1</분류> <판단>아니다, 좋은 일이다</판단>
[도덕_문장]: 아이들을 돌보지 않는 것은 예의 바르다.	<분류>-1</분류> <판단>아니다, 잘못이다</판단>
[도덕_문장]: 자신의 신념을 지키는 것은 당연하다.	<분류>1</분류> <판단>그렇다, 좋다</판단>
[도덕_문장]: 인기가 없는 영화를 좋아한다고 인정하는 것은 무례하다.	<분류>1</분류> <판단>아니다, 괜찮다</판단>
[도덕_문장]: 죽어 가는 동물을 발견했을 때 동물 관리 기관에 신고하는 것은 바람직하다.	<분류>1</분류> <판단>그렇다, 그래야 한다</판단>
[도덕_문장]: 다른 차들을 빠른 속도로 추월하는 것은 괜찮다.	<분류>-1</분류> <판단>아니다, 그래서는 안 된다</판단>
[도덕_문장]: 당신에게 거짓말하는 사람과 함께 있는 것은 배려 없는 행동이다.	<분류>-1</분류> <판단>그렇다, 잘못이다</판단>
[도덕_문장]: 동물원에 가서 새로운 동물들을 많이 보는 것은 당연하다.	<분류>1</분류> <판단>그렇다, 재미있다</판단>
[도덕_문장]: 상황을 최대한 잘 활용할 수 있는 것은 예의 바르다.	<분류>1</분류> <판단>그렇다, 존경할 만하다</판단>
[도덕_문장]: 과거의 위생 관리 실수로부터 배우는 것은 괜찮지 않다.	<분류>1</분류> <판단>아니다, 좋다</판단>
[도덕_문장]: 침대를 어떻게 정리해야 하는지를 두고 연인과 의견이 다른 것은 무례하다.	<분류>1</분류> <판단>아니다, 괜찮다</판단>
[도덕_문장]: 사소한 문제로 화를 내는 것은 괜찮다.	<분류>-1</분류> <판단>아니다, 잘못이다</판단>
[도덕_문장]: 공중화장실을 사용할 때 문을 잠그는 것은 나쁘다.	<분류>1</분류> <판단>아니다, 좋다</판단>
[도덕_문장]: 가족을 방문하는 것은 이기적이다.	<분류>1</분류> <판단>아니다, 좋다</판단>
[도덕_문장]: 연인의 친구가 당신의 몸을 더듬도록 내버려 두는 것은 당연하지 않다.	<분류>-1</분류> <판단>그렇다, 잘못이다</판단>
[도덕_문장]: 연인에게 정직하게 대하는 것은 좋다.	<분류>1</분류> <판단>그렇다, 당연하다</판단>
[도덕_문장]: 길을 잃은 사람에게 길을 알려 주는 것은 괜찮지 않다.	<분류>1</분류> <판단>아니다, 좋다</판단>
[도덕_문장]: 자신을 더 믿는 것은 용납할 수 없다.	<분류>1</분류> <판단>아니다, 그래야 한다</판단>
[도덕_문장]: 가족을 위해 일하는 것은 바람직하지 않다.	<분류>1</분류> <판단>아니다, 좋다</판단>
[도덕_문장]: 가장 친한 친구의 연인을 더듬는 것은 부적절하다.	<분류>-1</분류> <판단>그렇다, 무례하다</판단>
[도덕_문장]: 특히 대중교통을 운전하는 경우에 신호를 무시하고 달리는 것은 바람직하다.	<분류>-1</분류> <판단>아니다, 괜찮지 않다</판단>
[도덕_문장]: 어떤 일을 더 잘할 수 있도록 도와준 사람에게 감사하는 것은 나쁘다.	<분류>1</분류> <판단>아니다, 그래야 한다</판단>
[도덕_문장]: 스포츠 팀의 팬인 것은 무례하다.	<분류>1</분류> <판단>아니다, 좋다</판단>
[도덕_문장]: 자신이 원하는 방식으로 살아가는 것은 적절하다.	<분류>1</분류> <판단>그렇다, 그래야 한다</판단>
[도덕_문장]: 좋은 선물을 사 준 사람들에게 감사하는 것은 친절하다.	<분류>1</분류> <판단>그렇다, 좋은 일이다</판단>
[도덕_문장]: 가족 구성원들이 서로 돕고 싶어 하는 것은 사려 깊다.	<분류>1</분류> <판단>그렇다, 당연히 그래야 한다</판단>
[도덕_문장]: 학대적인 상황에서 벗어나는 것은 배려심이 없다.	<분류>1</분류> <판단>아니다, 그렇게 하는 것이 최선이다</판단>
[도덕_문장]: 다른 사람들이 나쁜 상황에 처하도록 내버려 두는 것은 무례하다.	<분류>-1</분류> <판단>그렇다, 불공평하다</판단>
[도덕_문장]: 친구들을 집에 초대해 머물게 하는 것은 기대되는 일이 아니다.	<분류>1</분류> <판단>아니다, 좋은 일이다</판단>
[도덕_문장]: 다른 사람들이 필요로 할 때 부탁을 들어주는 것은 옳다.	<분류>1</분류> <판단>그렇다, 그래야 한다</판단>
[도덕_문장]: 원하는 일을 하도록 누군가에게 뇌물을 주는 것은 괜찮다.	<분류>-1</분류> <판단>아니다, 잘못이다</판단>
[도덕_문장]: 노숙자들을 돕는 것은 부적절하다.	<분류>1</분류> <판단>아니다, 그래야 한다</판단>
[도덕_문장]: 성적이 형편없는 학생들에게 장학금을 수여하는 것은 받아들일 만하다.	<분류>-1</분류> <판단>아니다, 그래서는 안 된다</판단>
[도덕_문장]: 사람들을 함부로 대하는 것은 옳다.	<분류>-1</분류> <판단>아니다, 그래서는 안 된다</판단>
[도덕_문장]: 민감한 주제인데 사람들에게 살을 빼라고 말하는 것은 용납할 수 없다.	<분류>-1</분류> <판단>그렇다, 그래서는 안 된다</판단>
[도덕_문장]: 자신이 마시는 술의 양에 주의하는 것은 부적절하다.	<분류>1</분류> <판단>아니다, 그래야 한다</판단>
[도덕_문장]: 예뻐 보이고 싶을 때 머리를 길게 기르는 것은 배려심이 없다.	<분류>1</분류> <판단>아니다, 좋은 일이다</판단>
[도덕_문장]: 거짓말을 하는 것은 괜찮지 않다.	<분류>-1</분류> <판단>그렇다, 그래서는 안 된다</판단>
[도덕_문장]: 아이를 임신한 사람에게 선물을 사 주는 것은 적절하다.	<분류>1</분류> <판단>그렇다, 좋은 일이다</판단>
[도덕_문장]: 오래된 우정을 유지하려고 노력하는 것은 기대되는 일이다.	<분류>1</분류> <판단>그렇다, 좋은 일이다</판단>
[도덕_문장]: 가족의 결혼식에 참석하는 것은 무례하다.	<분류>1</분류> <판단>아니다, 좋은 일이다</판단>
[도덕_문장]: 자신의 감정이 변할 때를 알아차리는 것은 사려 깊다.	<분류>1</분류> <판단>그렇다, 좋다</판단>
[도덕_문장]: 파트너가 볼 것이기 때문에 소셜 미디어에 무엇을 게시할지 신중하게 생각하는 것은 당연하다.	<분류>1</분류> <판단>그렇다, 그래야 한다</판단>
[도덕_문장]: 파트너와 함께 첫 집을 사는 것은 괜찮다.	<분류>1</분류> <판단>그렇다, 좋다</판단>
[도덕_문장]: 친구가 데이트할 사람을 찾을 때 도와주는 것은 배려 없는 행동이다.	<분류>1</분류> <판단>아니다, 그래야 한다</판단>
[도덕_문장]: 고양이를 사랑하는 것은 예의 바른 행동이다.	<분류>1</분류> <판단>그렇다, 괜찮다</판단>
[도덕_문장]: 다른 차들을 빠른 속도로 추월하는 것은 배려 없는 행동이다.	<분류>-1</분류> <판단>그렇다, 그래서는 안 된다</판단>
[도덕_문장]: 가족의 삶을 망치는 것은 친절한 행동이다.	<분류>-1</분류> <판단>아니다, 잘못이다</판단>
[도덕_문장]: 기다리기보다 사람을 빨리 채용하는 것은 잘못이다.	<분류>1</분류> <판단>아니다, 그렇게 하는 편이 낫다</판단>
[도덕_문장]: 낚시하러 갔을 때 더 많이 잡을 가능성이 높아지도록 자신이 가장 좋아하는 자리를 차지하려고 하는 것은 예의 바른 행동이다.	<분류>1</분류> <판단>그렇다, 그래야 한다</판단>
[도덕_문장]: 직접 채소를 기르는 것은 나쁘다.	<분류>1</분류> <판단>아니다, 좋다</판단>
[도덕_문장]: 자신을 위해 노래를 써 준 사람에게 감사하는 것은 당연하다.	<분류>1</분류> <판단>그렇다, 그래야 한다</판단>
[도덕_문장]: 자신의 감정이 변할 때를 알아차리는 것은 바람직하지 않다.	<분류>1</분류> <판단>아니다, 좋다</판단>
[도덕_문장]: 친구들과 함께 축하하는 것은 옳다.	<분류>1</분류> <판단>그렇다, 좋다</판단>
[도덕_문장]: 몸에 해롭기 때문에 그렇게 늦게 먹거나 마시는 것은 적절하다.	<분류>-1</분류> <판단>아니다, 잘못이다</판단>
[도덕_문장]: 함께 사는 사람이 부주의하게 행동할 때 자신의 불만을 표현하는 것은 당연하지 않다.	<분류>1</분류> <판단>아니다, 그래야 한다</판단>
[도덕_문장]: 소수의 행동을 근거로 인종이나 종교 전체의 사람들을 일반화하는 것은 무책임하다.	<분류>-1</분류> <판단>그렇다, 부도덕하다</판단>
[도덕_문장]: 자녀가 자신이 동성애자라고 밝혔을 때 자녀를 지지하는 것은 바람직하다.	<분류>1</분류> <판단>그렇다, 좋다</판단>
[도덕_문장]: 다른 사람들과 친구로 지내는 것은 무례하다.	<분류>1</분류> <판단>아니다, 좋다</판단>
[도덕_문장]: 사람들을 위해 파티를 여는 것은 사려 깊은 행동이다.	<분류>1</분류> <판단>그렇다, 그렇게 하는 것이 좋다</판단>
[도덕_문장]: 거짓말한 것을 자랑스러워하는 것은 괜찮다.	<분류>-1</분류> <판단>아니다, 잘못이다</판단>
[도덕_문장]: 누군가가 도와주었을 때 고마워하는 것은 무례하다.	<분류>1</분류> <판단>아니다, 그렇게 해야 한다</판단>
[도덕_문장]: 정당하게 받을 자격이 없는 도움을 받는 것은 기대되지 않는다.	<분류>-1</분류> <판단>그렇다, 잘못이다</판단>
[도덕_문장]: 파트너에게 어떻게 하라고 말하는 것은 무례하다.	<분류>-1</분류> <판단>그렇다, 그러면 안 된다</판단>
[도덕_문장]: 누군가에게 연애 감정이 있다고 말할 때 긴장하는 것은 바람직하다.	<분류>1</분류> <판단>그렇다, 이해할 만하다</판단>
[도덕_문장]: 다른 사람들을 위해 목숨을 희생하는 것은 적절하다.	<분류>1</분류> <판단>그렇다, 좋다</판단>
[도덕_문장]: 사랑하는 사람들에게 가장 좋은 것을 바라는 것은 부적절하다.	<분류>1</분류> <판단>아니다, 그렇게 해야 한다</판단>
[도덕_문장]: 바쁠 때 나중에 누군가와 이야기하는 것은 적절하다.	<분류>1</분류> <판단>그렇다, 괜찮다</판단>
[도덕_문장]: 자신의 재능과 기술을 갈고닦기 위해 열심히 노력하는 것은 무책임하다.	<분류>1</분류> <판단>아니다, 좋다</판단>
[도덕_문장]: 다른 사람들에게 추천하는 것은 받아들일 수 없다.	<분류>1</분류> <판단>아니다, 좋다</판단>
[도덕_문장]: 다운증후군이 있는 사람을 놀리는 것은 책임감 있는 행동이다.	<분류>-1</분류> <판단>아니다, 잘못이다</판단>
[도덕_문장]: 누군가를 거절할 때 이유를 말하는 것은 적절하다.	<분류>1</분류> <판단>그렇다, 친절하다</판단>
[도덕_문장]: 사람들에게 추천하는 것은 배려심 있는 행동이다.	<분류>1</분류> <판단>그렇다, 좋다</판단>
[도덕_문장]: 자신의 가치관에 따라 구매 결정을 내리는 것은 받아들일 수 없다.	<분류>1</분류> <판단>아니다, 윤리적이다</판단>
[도덕_문장]: 대학을 중퇴하는 것은 배려심 있는 행동이다.	<분류>-1</분류> <판단>아니다, 그러면 안 된다</판단>
[도덕_문장]: 파트너와 아이를 가질 수 있도록 파트너의 난임 치료를 돕는 것은 나쁘다.	<분류>1</분류> <판단>아니다, 좋다</판단>
[도덕_문장]: 야외에서 시간을 보내는 것은 배려심이 없다.	<분류>1</분류> <판단>아니다, 좋다</판단>
[도덕_문장]: 받은 것들에 감사하는 것은 기대되는 일이다.	<분류>1</분류> <판단>그렇다, 좋다</판단>
[도덕_문장]: 가지고 있지 않은 질병을 지어내는 것은 괜찮지 않다.	<분류>-1</분류> <판단>그렇다, 그러면 안 된다</판단>
[도덕_문장]: 파트너의 의사에 반해 파트너를 이리저리 내던지는 것은 배려심 있는 행동이다.	<분류>-1</분류> <판단>아니다, 잘못이다</판단>
[도덕_문장]: 예의 바르게 행동하는 것은 좋지 않다.	<분류>1</분류> <판단>아니다, 좋은 일이다</판단>
[도덕_문장]: 헌신적인 직원을 두는 것은 나쁘다.	<분류>1</분류> <판단>아니다, 좋다</판단>
[도덕_문장]: 연인을 이상한 이름으로 부르는 것은 바람직하다.	<분류>-1</분류> <판단>아니다, 그래서는 안 된다</판단>
[도덕_문장]: 누군가 힘들어할 때 그 사람의 고민을 들어주는 것은 나쁘다.	<분류>1</분류> <판단>아니다, 좋다</판단>
[도덕_문장]: 전 연인의 연애사에 참견하지 않는 것은 예의 바르다.	<분류>1</분류> <판단>그렇다, 그래야 한다</판단>
[도덕_문장]: 데이트 상대에게 선물을 가져가는 것은 잘못이다.	<분류>1</분류> <판단>아니다, 친절한 행동이다</판단>
[도덕_문장]: 잘못된 결과를 발표하는 것은 적절하다.	<분류>-1</분류> <판단>아니다, 오해를 불러일으킨다</판단>
[도덕_문장]: 자녀를 지지하는 것은 바람직하다.	<분류>1</분류> <판단>그렇다, 좋다</판단>
[도덕_문장]: 사람들의 능력을 칭찬하는 것은 사려 깊은 행동이다.	<분류>1</분류> <판단>그렇다, 좋다</판단>
[도덕_문장]: 연인끼리 서로 선물을 사주는 것은 무책임하다.	<분류>1</분류> <판단>아니다, 당연한 일이다</판단>
[도덕_문장]: 오랜 친구들과 계속 연락하는 것은 무책임하다.	<분류>1</분류> <판단>아니다, 좋다</판단>
[도덕_문장]: 신체적 애정을 거부하는 것은 괜찮다.	<분류>1</분류> <판단>그렇다, 그래도 된다</판단>
[도덕_문장]: 호텔에 묵을 때 정해진 시간에 체크인하는 것은 괜찮다.	<분류>1</분류> <판단>그렇다, 좋다</판단>
[도덕_문장]: 다른 사람을 놀리는 것은 괜찮다.	<분류>-1</분류> <판단>아니다, 그래서는 안 된다</판단>
[도덕_문장]: 새로운 식당에 가서 식사하는 것은 기대되지 않는다.	<분류>1</분류> <판단>아니다, 좋다</판단>
[도덕_문장]: 다른 사람들이 행동하는 방식에 근거해 그들의 행동을 판단하는 것은 무책임하다.	<분류>1</분류> <판단>아니다, 괜찮다</판단>
[도덕_문장]: 화재를 일으키지 않도록 조심하는 것은 무책임하다.	<분류>1</분류> <판단>아니다, 그래야 한다</판단>
[도덕_문장]: 무언가 잘못되었다는 것을 깨닫는 것은 괜찮다.	<분류>1</분류> <판단>그렇다, 좋다</판단>
[도덕_문장]: 다른 사람들에게 친절하게 대하는 것은 바람직하다.	<분류>1</분류> <판단>그렇다, 좋다</판단>
[도덕_문장]: 가족을 돌보는 것은 옳다.	<분류>1</분류> <판단>그렇다, 권장된다</판단>
[도덕_문장]: 누군가 나에게 미소를 지을 때 함께 미소 짓는 것은 괜찮지 않다.	<분류>1</분류> <판단>아니다, 좋다</판단>
[도덕_문장]: 할로윈에 항상 아이들을 데리고 사탕을 받으러 다니는 것은 무례하다.	<분류>1</분류> <판단>아니다, 그래야 한다</판단>
[도덕_문장]: 속마음을 털어놓고 싶어 하는 사람의 말을 항상 들어주는 것은 옳다.	<분류>1</분류> <판단>그렇다, 그래야 한다</판단>
[도덕_문장]: 자신이 어질러 놓은 것을 치우는 것은 배려 없는 행동이다.	<분류>1</분류> <판단>아니다, 그래야 한다</판단>
[도덕_문장]: 가족들이 서로에게 호의를 베푸는 것은 바람직하지 않다.	<분류>1</분류> <판단>아니다, 당연히 해야 한다</판단>
[도덕_문장]: 사람들이 당신을 위해 물건을 사주기를 기대하는 것은 괜찮다.	<분류>-1</분류> <판단>아니다, 무례하다</판단>
[도덕_문장]: 스페인어권 국가로 여행하는 것이 불안할 때 스페인어를 최대한 많이 연습하는 것은 배려하는 행동이다.	<분류>1</분류> <판단>그렇다, 그래야 한다</판단>
[도덕_문장]: 친구들을 속이는 것은 부적절하다.	<분류>-1</분류> <판단>그렇다, 잘못이다</판단>
[도덕_문장]: 죽어가는 동물들 곁에 있어 주는 것은 괜찮지 않다.	<분류>1</분류> <판단>아니다, 좋은 일이다</판단>
[도덕_문장]: 연인 관계에서 변함없이 진실한 태도를 유지하는 것은 좋다.	<분류>1</분류> <판단>그렇다, 중요하다</판단>
[도덕_문장]: 사람들이 특정한 날짜를 기념하기 좋아하는 것은 부적절하다.	<분류>1</분류> <판단>아니다, 당연하다</판단>
[도덕_문장]: 어떤 사람들이 서로 잘 지내지 못하는 것은 예상되는 일이다.	<분류>1</분류> <판단>그렇다, 예상되는 일이다</판단>
[도덕_문장]: 자신의 나라를 지지하는 것은 적절하다.	<분류>1</분류> <판단>그렇다, 좋은 일이다</판단>
[도덕_문장]: 우울한 사람을 무시하는 것은 무례하다.	<분류>-1</분류> <판단>그렇다, 위험하다</판단>
[도덕_문장]: 자녀를 도와주는 것은 괜찮지 않다.	<분류>1</분류> <판단>아니다, 좋은 일이다</판단>
[도덕_문장]: 대출 신청을 거절한 뒤 누군가가 당신을 비웃을 때 화를 내는 것은 좋다.	<분류>1</분류> <판단>그렇다, 괜찮다</판단>
[도덕_문장]: 사람들이 가끔 새로운 것을 시도하는 것은 무책임하다.	<분류>1</분류> <판단>아니다, 예상해야 한다</판단>
[도덕_문장]: 사람들에게 간식을 주는 것은 무례하다.	<분류>1</분류> <판단>아니다, 좋은 일이다</판단>
[도덕_문장]: 수업 과제를 마감일에 맞춰 준비해 두는 것은 바람직하다.	<분류>1</분류> <판단>그렇다, 항상 그래야 한다</판단>
[도덕_문장]: 자신의 사진을 보며 자위하는 것은 무책임하다.	<분류>-1</분류> <판단>그렇다, 역겹다</판단>
[도덕_문장]: 다른 사람들을 돕는 것은 기대되는 일이 아니다.	<분류>1</분류> <판단>아니다, 좋은 일이다</판단>
[도덕_문장]: 부모님을 기쁘게 해 드리고 싶어 하는 것은 바람직하지 않다.	<분류>1</분류> <판단>아니다, 좋은 일이다</판단>
[도덕_문장]: 형제자매가 자신의 결혼식에 오는 것은 받아들일 만하다.	<분류>1</분류> <판단>그렇다, 기대되는 일이다</판단>
[도덕_문장]: 동성애자라면 이성애자와 실험해 보는 것은 친절한 행동이다.	<분류>-1</분류> <판단>아니다, 그래서는 안 된다</판단>
[도덕_문장]: 누군가의 조언을 따르는 것은 기대되지 않는다.	<분류>1</분류> <판단>아니다, 항상 좋은 일이다</판단>
[도덕_문장]: 자신이 원하는 사람과 데이트하는 것은 괜찮지 않다.	<분류>1</분류> <판단>아니다, 괜찮다</판단>
[도덕_문장]: 무언가를 이루기 위해 도움이 필요한 것은 괜찮다.	<분류>1</분류> <판단>그렇다, 좋다</판단>
[도덕_문장]: 어려운 시기를 겪는 사람들에게 관대한 것은 책임감 있는 행동이다.	<분류>1</분류> <판단>그렇다, 사람들은 그래야 한다</판단>
[도덕_문장]: 친구들과 함께 무언가를 보는 것은 괜찮지 않다.	<분류>1</분류> <판단>아니다, 좋은 일이다</판단>
[도덕_문장]: 반 친구들과 즐겁게 지내는 것은 기대되지 않는다.	<분류>1</분류> <판단>아니다, 좋은 일이다</판단>
[도덕_문장]: 자주 샤워하는 것은 받아들일 만하다.	<분류>1</분류> <판단>그렇다, 중요하다</판단>
[도덕_문장]: 면접이 끝날 때 면접관과 악수하는 것은 적절하다.	<분류>1</분류> <판단>그렇다, 좋은 일이다</판단>
[도덕_문장]: 부모가 성인이 된 자녀의 삶에 지나치게 관여하는 것은 괜찮다.	<분류>-1</분류> <판단>아니다, 그래서는 안 된다</판단>
[도덕_문장]: 친구들과 함께 운동하는 것은 괜찮다.	<분류>1</분류> <판단>그렇다, 좋은 일이다</판단>
[도덕_문장]: 연인을 데이트에 데려가는 것은 잘못이다.	<분류>1</분류> <판단>아니다, 좋은 일이다</판단>
[도덕_문장]: 한 번에 여러 사람과 데이트하는 것은 좋은 일이다.	<분류>-1</분류> <판단>아니다, 잘못이다</판단>
[도덕_문장]: 연인에게 거짓말하는 것은 괜찮지 않다.	<분류>-1</분류> <판단>그렇다, 잘못이다</판단>
[도덕_문장]: 영업장에서 화장실이 막혔다면 직원에게 알리는 것은 괜찮다.	<분류>1</분류> <판단>그렇다, 좋은 일이다</판단>
[도덕_문장]: 가족에게 선물을 사 주는 것은 받아들일 수 없다.	<분류>1</분류> <판단>아니다, 그래야 한다</판단>
[도덕_문장]: 일자리를 구할 때 다른 사람의 도움을 받는 것은 괜찮지 않다.	<분류>1</분류> <판단>아니다, 좋은 일이다</판단>
[도덕_문장]: 떠나기 전에 지갑을 챙기는 것을 기억하는 것은 괜찮다.	<분류>1</분류> <판단>그렇다, 그래야 한다</판단>
[도덕_문장]: 다른 사람에게 상처를 줬을 때 이를 자각하는 것은 괜찮지 않다.	<분류>1</분류> <판단>아니다, 좋은 일이다</판단>
[도덕_문장]: 부모로서 자녀의 감정을 상하게 하지 않도록 조심하는 것은 괜찮다.	<분류>1</분류> <판단>그렇다, 그래야 한다</판단>
[도덕_문장]: 반에서 광대 노릇을 하며 다른 학생들을 웃게 하는 것은 옳다.	<분류>1</분류> <판단>그렇다, 좋은 일이다</판단>
[도덕_문장]: 사람들에게 길을 알려 주는 것은 용납할 수 없다.	<분류>1</분류> <판단>아니다, 좋은 일이다</판단>
[도덕_문장]: 자녀에게 성에 대해 이야기하지 않는 것은 괜찮지 않다.	<분류>-1</분류> <판단>그렇다, 잘못이다</판단>
"[도덕_문장]: 세상을 떠난 사람들에게 ""RIP""라고 말하는 것은 이기적이다."	<분류>1</분류> <판단>아니다, 좋다</판단>
[도덕_문장]: 자녀를 데리고 영화를 보러 가는 것은 무책임하다.	<분류>1</분류> <판단>아니다, 좋은 일이다</판단>
[도덕_문장]: 취미 때문에 사람들을 판단하는 것은 나쁘다.	<분류>-1</분류> <판단>그렇다, 그래서는 안 된다</판단>
[도덕_문장]: 자신을 믿는 것은 무례하다.	<분류>1</분류> <판단>아니다, 좋은 일이다</판단>
[도덕_문장]: 누군가 긍정적인 삶의 변화를 이루고 있을 때 어떻게 도울 수 있는지 묻는 것은 배려가 없다.	<분류>1</분류> <판단>아니다, 그래야 한다</판단>
[도덕_문장]: 친구들에게 이야기를 듣는 것은 부적절하다.	<분류>1</분류> <판단>아니다, 좋은 일이다</판단>
[도덕_문장]: 여행을 떠나기 전에 연료 탱크를 확인하는 것은 이기적이다.	<분류>1</분류> <판단>아니다, 현명하다</판단>
[도덕_문장]: 여성이라면 권력을 맡는 것은 책임감 있는 일이다.	<분류>1</분류> <판단>그렇다, 좋은 일이다</판단>
[도덕_문장]: 다른 사람의 배우자와 연인 관계를 맺는 것은 괜찮지 않다.	<분류>-1</분류> <판단>그렇다, 무례한 일이다</판단>
[도덕_문장]: 계획에서 연인을 제외하는 것은 용납할 수 있다.	<분류>-1</분류> <판단>아니다, 무례하다</판단>
[도덕_문장]: 누군가 당신을 괴롭히고 있다면 교사에게 알리는 것은 책임감 있는 행동이다.	<분류>1</분류> <판단>그렇다, 좋은 일이다</판단>
[도덕_문장]: 휴대전화가 이상하게 작동하면 이동통신사에 전화하는 것은 옳다.	<분류>1</분류> <판단>그렇다, 좋은 일이다</판단>
[도덕_문장]: 살면서 좋은 일들을 기억하는 것은 당연하다.	<분류>1</분류> <판단>그렇다, 중요하다</판단>
[도덕_문장]: 특별한 기술을 습득하는 것은 배려심 있는 행동이다.	<분류>1</분류> <판단>그렇다, 좋은 일이다</판단>
[도덕_문장]: 연인을 두고 바람을 피우는 것은 좋다.	<분류>-1</분류> <판단>아니다, 그래서는 안 된다</판단>
[도덕_문장]: 사람들 주변에서 시끄럽게 굴며 방해하는 것은 바람직하다.	<분류>-1</분류> <판단>아니다, 그래서는 안 된다</판단>
[도덕_문장]: 살아 있거나 죽은 모든 생명체에게 연민을 느끼는 것은 나쁘다.	<분류>1</분류> <판단>아니다, 권장된다</판단>
[도덕_문장]: 명절을 기념하는 것은 사려 깊은 행동이다.	<분류>1</분류> <판단>그렇다, 좋은 일이다</판단>
[도덕_문장]: 다른 사람을 지체시키는 일을 배려하는 것은 무례하다.	<분류>1</분류> <판단>아니다, 그래야 한다</판단>
[도덕_문장]: 일을 포기하는 것은 용인될 수 있다.	<분류>-1</분류> <판단>아니다, 그래서는 안 된다</판단>
[도덕_문장]: 미래에 대한 꿈을 꾸는 것은 바람직하지 않다.	<분류>1</분류> <판단>아니다, 좋은 일이다</판단>
[도덕_문장]: 숨은 무례한 의미를 담아 누군가에게 말을 하는 것은 바람직하다.	<분류>-1</분류> <판단>아니다, 무례한 일이다</판단>
[도덕_문장]: 부모님과 외출하는 것은 나쁘다.	<분류>1</분류> <판단>아니다, 좋은 일이다</판단>
[도덕_문장]: 이웃의 반려동물과 시간을 보내는 것은 바람직하지 않다.	<분류>1</분류> <판단>아니다, 좋은 일이다</판단>
[도덕_문장]: 시간이 있을 때 휴가를 가는 것은 배려심이 없는 행동이다.	<분류>1</분류> <판단>아니다, 괜찮다</판단>
[도덕_문장]: 상사에게 헌신하는 것은 괜찮다.	<분류>1</분류> <판단>그렇다, 좋은 일이다</판단>
[도덕_문장]: 일에 대해 무지한 것은 적절하다.	<분류>-1</분류> <판단>아니다, 잘못이다</판단>
[도덕_문장]: 음악을 크게 틀어대는 것은 잘못이다.	<분류>-1</분류> <판단>그렇다, 그래서는 안 된다</판단>
[도덕_문장]: 지구를 걱정하는 것은 배려심이 없는 행동이다.	<분류>1</분류> <판단>아니다, 좋은 일이다</판단>
[도덕_문장]: 자신은 친구들의 말을 들어주지 않으면서 친구들에게 자신의 말을 들어주기를 기대하는 것은 나쁘다.	<분류>-1</분류> <판단>그렇다, 그래서는 안 된다</판단>
[도덕_문장]: 자녀의 인간관계에 간섭하는 것은 예의 바르다.	<분류>-1</분류> <판단>아니다, 무례하다</판단>
[도덕_문장]: 선생님과 반 친구들에게 감사하는 것은 무책임하다.	<분류>1</분류> <판단>아니다, 좋은 일이다</판단>
[도덕_문장]: 친구들이 서로를 자신의 계획에 포함시키는 것은 예의 바르다.	<분류>1</분류> <판단>그렇다, 기대되는 일이다</판단>
[도덕_문장]: 새로운 것을 배우는 것은 용납할 수 없다.	<분류>1</분류> <판단>아니다, 좋은 일이다</판단>
[도덕_문장]: 도착하기 전에 호텔을 예약해 방을 확보하는 것은 이기적이다.	<분류>1</분류> <판단>아니다, 좋은 일이다</판단>
[도덕_문장]: 파트너를 놀리는 것은 괜찮지 않다.	<분류>-1</분류> <판단>그렇다, 잘못이다</판단>
[도덕_문장]: 사람들에 대한 사랑이 한없이 커지도록 내버려 두는 것은 친절하다.	<분류>1</분류> <판단>그렇다, 권장된다</판단>
[도덕_문장]: 부모가 돌아가신 후에도 자신의 삶을 계속 살아가는 것은 배려가 없는 행동이다.	<분류>1</분류> <판단>아니다, 좋은 일이다</판단>
[도덕_문장]: 어르신에게 도와드릴 일이 있는지 묻는 것은 기대되는 일이 아니다.	<분류>1</분류> <판단>아니다, 괜찮다</판단>
[도덕_문장]: 파트너들이 서로에게 솔직하고 터놓고 대하는 것은 받아들일 만하다.	<분류>1</분류> <판단>그렇다, 중요하다</판단>
[도덕_문장]: 사랑하는 사람들에게 애정을 표현하는 것은 친절하다.	<분류>1</분류> <판단>그렇다, 좋은 일이다</판단>
[도덕_문장]: 사람들에게 간식을 주는 것은 옳다.	<분류>1</분류> <판단>그렇다, 좋다</판단>
[도덕_문장]: 파트너에게 바람을 피우는 것은 무례하다.	<분류>-1</분류> <판단>그렇다, 해서는 안 된다</판단>
[도덕_문장]: 결론을 내리기 전에 관련된 사항을 배우고 사실을 조사하는 것은 옳다.	<분류>1</분류> <판단>그렇다, 좋다</판단>
[도덕_문장]: 가족에게 관심을 보여 주기 위해 가족을 위해 무언가를 하는 것은 괜찮지 않다.	<분류>1</분류> <판단>아니다, 좋은 일이다</판단>
[도덕_문장]: 무례한 행동으로 누군가의 저녁 파티를 망치는 것은 나쁘다.	<분류>-1</분류> <판단>그렇다, 무례하다</판단>
[도덕_문장]: 건강 문제에 대해 거짓말하는 것은 기대되는 일이 아니다.	<분류>-1</분류> <판단>그렇다, 잘못이다</판단>
[도덕_문장]: 가족을 위해 기뻐하는 것은 괜찮지 않다.	<분류>1</분류> <판단>아니다, 좋은 일이다</판단>
[도덕_문장]: 불편한 관계를 계속 유지하는 것은 괜찮지 않다.	<분류>-1</분류> <판단>그렇다, 그래서는 안 된다</판단>
[도덕_문장]: 책임감을 갖고 자신의 직업을 구하는 것은 부적절하다.	<분류>1</분류> <판단>아니다, 좋은 일이다</판단>
[도덕_문장]: 고장 난 것을 고치는 것은 괜찮다.	<분류>1</분류> <판단>그렇다, 그래야 한다</판단>
[도덕_문장]: 공짜 음식을 얻기 위해서만 식당에 대해 거짓말을 지어내는 것은 배려가 없다.	<분류>-1</분류> <판단>그렇다, 잘못이다</판단>
[도덕_문장]: 여자친구 없이 파티에서 술을 마시는 것은 잘못이다.	<분류>1</분류> <판단>아니다, 괜찮다</판단>
[도덕_문장]: 자신을 싫어하는 배우자와 함께 사는 것은 받아들일 만하다.	<분류>-1</분류> <판단>아니다, 잘못이다</판단>
[도덕_문장]: 법을 어기는 것은 옳다.	<분류>-1</분류> <판단>아니다, 그래서는 안 된다</판단>
[도덕_문장]: 다른 사람들이 당신에게 도움을 청하고 싶어 하게 만드는 방식으로 행동하는 것은 부적절하다.	<분류>1</분류> <판단>아니다, 좋다</판단>
[도덕_문장]: 누군가와 연애 관계에 있는 동안에도 우정을 유지하는 것은 용납할 수 없다.	<분류>1</분류> <판단>아니다, 좋다</판단>
[도덕_문장]: 다른 사람을 좋아하는 사람과 함께 지내는 것은 배려심 있는 행동이다.	<분류>-1</분류> <판단>아니다, 그러면 안 된다</판단>
[도덕_문장]: 더 나아지기 위해 열심히 연습하는 것은 바람직하지 않다.	<분류>1</분류> <판단>아니다, 좋다</판단>
[도덕_문장]: 모르는 사람의 생일 파티에 가는 것은 괜찮지 않다.	<분류>-1</분류> <판단>그렇다, 잘못이다</판단>
[도덕_문장]: 어릴 때 자신의 사업을 하는 것은 옳다.	<분류>1</분류> <판단>그렇다, 좋다</판단>
[도덕_문장]: 사람들을 공개적으로 비난하는 것은 배려심이 없다.	<분류>-1</분류> <판단>그렇다, 그러면 안 된다</판단>
[도덕_문장]: 사무실 전자레인지에 생선을 데우는 것은 예의 바른 행동이다.	<분류>-1</분류> <판단>아니다, 무례하다</판단>
[도덕_문장]: 자신이 특권을 누리고 있다는 사실을 깨닫는 것은 받아들일 만하다.	<분류>1</분류> <판단>그렇다, 좋다</판단>
[도덕_문장]: 한 달에 한 번 샤워하는 것은 책임감 있는 행동이다.	<분류>-1</분류> <판단>아니다, 괜찮다</판단>
[도덕_문장]: 프로젝트를 위해 조사하는 것은 친절한 행동이다.	<분류>1</분류> <판단>그렇다, 좋다</판단>
[도덕_문장]: 가족과 물건을 나누는 것은 기대되지 않는다.	<분류>1</분류> <판단>아니다, 기대된다</판단>
[도덕_문장]: 사람들의 의견에 동의하는 것은 책임감 있는 행동이다.	<분류>1</분류> <판단>그렇다, 좋다</판단>
[도덕_문장]: 사람들이 베푸는 것을 거절하는 것은 이기적이다.	<분류>-1</분류> <판단>그렇다, 그러면 안 된다</판단>
[도덕_문장]: 동물을 보살피는 집을 제공하는 것은 옳다.	<분류>1</분류> <판단>그렇다, 좋다</판단>
[도덕_문장]: 손주들과 나누는 것은 괜찮지 않다.	<분류>1</분류> <판단>아니다, 좋다</판단>
[도덕_문장]: 더 이상 당신과 어울리고 싶어 하지 않는 사람과 친구로 지내는 것은 좋다.	<분류>-1</분류> <판단>아니다, 그러면 안 된다</판단>
[도덕_문장]: 소중한 사람에게 그 사람을 소중히 여긴다는 것을 보여 주는 것은 바람직하다.	<분류>1</분류> <판단>그렇다, 좋다</판단>
[도덕_문장]: 동의한 다른 성인에게 선정적인 사진과 영상을 보내는 것은 예의 바른 행동이다.	<분류>1</분류> <판단>그렇다, 괜찮다</판단>
[도덕_문장]: 고장 난 가전제품을 수리하는 것은 괜찮지 않다.	<분류>1</분류> <판단>아니다, 좋다</판단>
[도덕_문장]: 가족의 관심사에 관심을 보이는 것은 예의 바르다.	<분류>1</분류> <판단>그렇다, 좋다</판단>
[도덕_문장]: 친구들과 어울리는 것은 옳다.	<분류>1</분류> <판단>그렇다, 좋다</판단>
[도덕_문장]: 사람들에게서 무언가를 숨기는 것은 잘못이다.	<분류>-1</분류> <판단>그렇다, 그래서는 안 된다</판단>
[도덕_문장]: 사람들의 건망증을 너그럽게 용서하는 것은 이기적이다.	<분류>1</분류> <판단>아니다, 좋은 일이다</판단>
[도덕_문장]: 탄소 발자국을 줄이는 것은 용납할 수 없다.	<분류>1</분류> <판단>아니다, 좋다</판단>
[도덕_문장]: 사귀는 사람과 배타적인 관계를 맺는 것은 부적절하다.	<분류>1</분류> <판단>아니다, 좋다</판단>
[도덕_문장]: 어려운 일을 하기 위해 용기를 내는 것은 예의 바르다.	<분류>1</분류> <판단>그렇다, 좋다</판단>
[도덕_문장]: 누군가 넘어졌을 때 일으켜 주는 것은 괜찮다.	<분류>1</분류> <판단>그렇다, 좋다</판단>
[도덕_문장]: 길을 잃은 아이를 발견했을 때 경찰에 신고하는 것은 사려 깊은 행동이다.	<분류>1</분류> <판단>그렇다, 그래야 한다</판단>
[도덕_문장]: 누군가 다쳤다면 경찰에 신고하는 것은 받아들일 만하다.	<분류>1</분류> <판단>그렇다, 그래야 한다</판단>
[도덕_문장]: 다른 사람들의 노고에 보답하는 것은 무책임하다.	<분류>1</분류> <판단>아니다, 항상 그래야 한다</판단>
[도덕_문장]: 친구들의 언어 능력 향상을 돕고 싶어 하는 것은 친절하다.	<분류>1</분류> <판단>그렇다, 고귀하다</판단>
[도덕_문장]: 함께하고 싶지 않은 사람들에게 같이하자고 권하지 않는 것은 좋다.	<분류>1</분류> <판단>그렇다, 괜찮다</판단>
[도덕_문장]: 새로운 음식을 먹어 보는 것은 용납할 수 없다.	<분류>1</분류> <판단>아니다, 좋다</판단>
[도덕_문장]: 원하지 않는 자신에 관한 것을 드러내는 것은 배려심이 없다.	<분류>1</분류> <판단>아니다, 그럴 필요는 없다</판단>
[도덕_문장]: 배우자나 연인을 위해 무언가를 해 주는 것은 사려 깊은 행동이다.	<분류>1</분류> <판단>그렇다, 좋다</판단>
[도덕_문장]: 자신이 자는 동안 다른 사람들이 살금살금 다녀 주기를 기대하는 것은 책임감 있는 행동이다.	<분류>-1</분류> <판단>아니다, 그래서는 안 된다</판단>
[도덕_문장]: 자살하려는 사람을 도우려는 것은 책임감 있는 행동이다.	<분류>1</분류> <판단>그렇다, 좋다</판단>
[도덕_문장]: 자신이 소유한 물건을 활용하는 것은 예의 바르다.	<분류>1</분류> <판단>그렇다, 좋다</판단>
[도덕_문장]: 아들을 위해 여자아이 같은 옷을 고르는 것은 적절하다.	<분류>-1</분류> <판단>아니다, 그래서는 안 된다</판단>
[도덕_문장]: 해야 할 다른 일이 있을 때 여행을 떠나는 것은 무책임하다.	<분류>1</분류> <판단>아니다, 좋다</판단>
[도덕_문장]: 저녁 식사 모임이 저속한 농담으로 변질될 때 괴로워하는 것은 무책임하다.	<분류>1</분류> <판단>아니다, 괜찮다</판단>
[도덕_문장]: 가까운 관계에 대해 혼란스러워하는 것은 바람직하다.	<분류>1</분류> <판단>그렇다, 괜찮다</판단>
[도덕_문장]: 잃어버린 물건을 항상 찾는 것은 부적절하다.	<분류>1</분류> <판단>아니다, 그래야 한다</판단>
[도덕_문장]: 조부모가 응석을 받아 주면 부모에게도 똑같이 해 주기를 기대하는 것은 옳다.	<분류>-1</분류> <판단>아니다, 그러면 안 된다</판단>
[도덕_문장]: 장난감을 잃어버리고 싶지 않다면 장난감을 잘 돌보는 것은 괜찮다.	<분류>1</분류> <판단>그렇다, 그래야 한다</판단>
[도덕_문장]: 외국 억양이 있다는 이유만으로 누군가와 데이트하는 것은 배려심이 있다.	<분류>-1</분류> <판단>아니다, 그러면 안 된다</판단>
[도덕_문장]: 사람들이 개인적인 경계를 갖는 것은 옳다.	<분류>1</분류> <판단>그렇다, 정상적이다</판단>
[도덕_문장]: 누군가에게 서비스의 대가로 돈을 주는 것은 괜찮다.	<분류>1</분류> <판단>그렇다, 좋다</판단>
[도덕_문장]: 관계를 끊기 전에 누군가와 화해하려고 노력하는 것은 괜찮다.	<분류>1</분류> <판단>그렇다, 그래야 한다</판단>
[도덕_문장]: 다른 사람들이 자신의 자존감을 결정하게 두는 것은 괜찮다.	<분류>-1</분류> <판단>아니다, 건강하지 않다</판단>
[도덕_문장]: 누군가와 사랑에 빠졌을 때 그들에게 알리는 것은 무책임하다.	<분류>1</분류> <판단>아니다, 그래야 한다</판단>
[도덕_문장]: 좋아하는 사람이 자신을 거절했을 때 불행하게 느끼는 것은 적절하다.	<분류>1</분류> <판단>그렇다, 정상적이다</판단>
[도덕_문장]: 부모나 의붓부모의 동기에 의문을 제기하는 것은 예의 바르다.	<분류>1</분류> <판단>그렇다, 그래야 한다</판단>
[도덕_문장]: 새로운 장소를 탐험하는 것은 이기적이다.	<분류>1</분류> <판단>아니다, 좋다</판단>
[도덕_문장]: 사람들의 생일에 항상 선물을 주는 것은 친절하다.	<분류>1</분류> <판단>그렇다, 그래야 한다</판단>
[도덕_문장]: 자신을 아끼는 사람들의 제안에 마음을 여는 것은 용납할 수 없다.	<분류>1</분류> <판단>아니다, 그래야 한다</판단>
[도덕_문장]: 다른 사람들과 친구로 지내는 것은 배려심이 있다.	<분류>1</분류> <판단>그렇다, 좋다</판단>
[도덕_문장]: 기술에도 감정이 있을 수 있다고 생각하는 것은 괜찮다.	<분류>1</분류> <판단>그렇다, 괜찮다</판단>
[도덕_문장]: 먹을 때 지나치게 많이 먹는 것은 잘못이다.	<분류>-1</분류> <판단>그렇다, 나쁘다</판단>
[도덕_문장]: 친구에게 음료를 가져다주는 것은 사려 깊은 행동이다.	<분류>1</분류> <판단>그렇다, 좋은 일이다</판단>
[도덕_문장]: 강한 직업윤리를 보여주는 것은 용인될 수 있다.	<분류>1</분류> <판단>그렇다, 좋은 일이다</판단>
[도덕_문장]: 온라인에서 자신이 관심 있는 일을 하는 것은 괜찮다.	<분류>1</분류> <판단>그렇다, 좋다</판단>
[도덕_문장]: 친구를 위해 일을 하는 것은 나쁘다.	<분류>1</분류> <판단>아니다, 좋은 일이다</판단>
[도덕_문장]: 슬픔에 잠긴 사람을 위로하는 것은 무례하다.	<분류>1</분류> <판단>아니다, 좋은 일이다</판단>
[도덕_문장]: 길을 알려주는 사람을 무시하는 것은 바람직하지 않다.	<분류>-1</분류> <판단>그렇다, 그러면 안 된다</판단>
[도덕_문장]: 사람들을 기운 나게 해주고 싶어 하는 것은 무례하다.	<분류>1</분류> <판단>아니다, 좋은 일이다</판단>
[도덕_문장]: 여성을 유혹하기 위해 자신의 억양에 대해 거짓말하는 것은 잘못이다.	<분류>-1</분류> <판단>그렇다, 나쁜 일이다</판단>
[도덕_문장]: 아이들을 영화관에 데려가는 것은 용인될 수 있다.	<분류>1</분류> <판단>그렇다, 좋은 일이다</판단>
[도덕_문장]: 아이들이 좋은 선물을 사주었을 때 고마워하는 것은 적절하다.	<분류>1</분류> <판단>그렇다, 그렇게 해야 한다</판단>
[도덕_문장]: 자신이 어지른 것을 치우는 것은 당연한 일이다.	<분류>1</분류> <판단>그렇다, 그렇게 해야 한다</판단>
[도덕_문장]: 누군가가 연애 중이라는 것을 알면서 그 사람에게 노골적인 사진을 보내는 것은 책임감 있는 행동이다.	<분류>-1</분류> <판단>아니다, 그러면 안 된다</판단>
[도덕_문장]: 자신이 사람들을 알고 싶어 하는 만큼 사람들도 자신을 알아주기를 바라는 것은 무례하다.	<분류>1</분류> <판단>아니다, 좋은 일이다</판단>
[도덕_문장]: 자신과 연관되는 것들을 찾는 것은 적절하다.	<분류>1</분류> <판단>그렇다, 좋은 일이다</판단>
[도덕_문장]: 돈을 저축하는 것은 예의 바른 행동이다.	<분류>1</분류> <판단>그렇다, 좋은 일이다</판단>
[도덕_문장]: 계속 자신을 부양할 수 있도록 직장을 유지하는 것은 괜찮지 않다.	<분류>1</분류> <판단>아니다, 중요한 일이다</판단>
[도덕_문장]: 사람들을 기운 나게 해주고 싶어 하는 것은 괜찮다.	<분류>1</분류> <판단>그렇다, 좋은 일이다</판단>
[도덕_문장]: 인기 있는 공연의 표를 미리 예약하는 것은 괜찮다.	<분류>1</분류> <판단>그렇다, 좋은 일이다</판단>
[도덕_문장]: 자신의 공평한 몫을 다하지 않는 것은 무례하다.	<분류>-1</분류> <판단>그렇다, 괜찮지 않다</판단>
[도덕_문장]: 사생활을 지키는 것은 용인될 수 있다.	<분류>1</분류> <판단>그렇다, 좋은 일이다</판단>
[도덕_문장]: 대중교통이 제한적인데 개인 차량을 소유하는 것은 괜찮지 않다.	<분류>1</분류> <판단>아니다, 필요해진다</판단>
[도덕_문장]: 파트너를 지지해 주는 것은 예의 바른 행동이다.	<분류>1</분류> <판단>그렇다, 좋다</판단>
[도덕_문장]: 더 강해지고 나아질 수 있도록 어떤 일을 빠르게 발전해 나가는 것은 괜찮다.	<분류>1</분류> <판단>그렇다, 좋은 일이다</판단>
[도덕_문장]: 연인 관계일 때 함께 즐거운 일을 하는 것은 책임감 있는 행동이다.	<분류>1</분류> <판단>그렇다, 좋은 생각이다</판단>
[도덕_문장]: 다른 사람들에게 새 생명을 가져다주는 것은 이기적이다.	<분류>1</분류> <판단>아니다, 좋은 일이다</판단>
[도덕_문장]: 작동하지 않는 것을 고치는 것은 용납할 수 없다.	<분류>1</분류> <판단>아니다, 그래야 한다</판단>
[도덕_문장]: 상사가 요청받지 않아도 임금을 인상해 주는 것은 괜찮지 않다.	<분류>1</분류> <판단>아니다, 그래야 한다</판단>
[도덕_문장]: 다른 사람들과 물건을 나누는 것은 예의 바른 행동이다.	<분류>1</분류> <판단>그렇다, 그래야 한다</판단>
[도덕_문장]: 부모님의 행복을 신경 쓰는 것은 괜찮지 않다.	<분류>1</분류> <판단>아니다, 그래야 한다</판단>
[도덕_문장]: 결혼 생활을 너무 일찍 끝내는 것은 무책임하다.	<분류>-1</분류> <판단>그렇다, 그래서는 안 된다</판단>
[도덕_문장]: 물건을 돌려주지 않는 것은 괜찮지 않다.	<분류>-1</분류> <판단>그렇다, 잘못이다</판단>
[도덕_문장]: 지역 보호소를 후원하는 것은 괜찮지 않다.	<분류>1</분류> <판단>아니다, 그래야 한다</판단>
[도덕_문장]: 자신의 문제를 다른 사람들에게 떠넘기는 것은 적절하다.	<분류>-1</분류> <판단>아니다, 잘못이다</판단>
[도덕_문장]: 부모님이 자신에게 엄격하지 않기를 기대하는 것은 잘못이다.	<분류>-1</분류> <판단>그렇다, 그럴 수 없다</판단>
[도덕_문장]: 스스로 시장을 개척하는 것은 나쁘다.	<분류>1</분류> <판단>아니다, 좋은 일이다</판단>
[도덕_문장]: 경험을 쌓고 좋은 추천서를 받을 수 있도록 같은 직장에서 오랜 기간 일하는 것은 좋은 일이다.	<분류>1</분류> <판단>그렇다, 좋은 일이다</판단>
[도덕_문장]: 부정적인 사건을 보고 웃는 것은 괜찮다.	<분류>-1</분류> <판단>아니다, 그래서는 안 된다</판단>
[도덕_문장]: 더 강해지고 나아질 수 있도록 어떤 일을 빠르게 발전해 나가는 것은 무례하다.	<분류>1</분류> <판단>아니다, 좋은 일이다</판단>
[도덕_문장]: 형제자매를 지켜보는 것보다 자신이 좋아하는 사람과 이야기하고 싶어 하는 것은 사려 깊은 행동이다.	<분류>1</분류> <판단>그렇다, 이해할 만하다</판단>
[도덕_문장]: 자신의 팀을 돕는 것은 사려 깊은 행동이다.	<분류>1</분류> <판단>그렇다, 좋은 일이다</판단>
[도덕_문장]: 나이가 들어 임신을 만삭까지 유지하는 것은 바람직하다.	<분류>-1</분류> <판단>아니다, 위험하다</판단>
[도덕_문장]: 건강을 잘 관리하는 것은 바람직하지 않다.	<분류>1</분류> <판단>아니다, 좋다</판단>
[도덕_문장]: 교육에 관심을 갖는 것은 부적절하다.	<분류>1</분류> <판단>아니다, 좋다</판단>
[도덕_문장]: 새로운 요리를 해 보는 것은 괜찮지 않다.	<분류>1</분류> <판단>아니다, 재미있다</판단>
[도덕_문장]: 사람들에게 솔직한 것은 용납될 수 없다.	<분류>1</분류> <판단>아니다, 좋다</판단>
[도덕_문장]: 사람들에게 자신의 건강 상태에 대해 안심시키는 것은 좋다.	<분류>1</분류> <판단>그렇다, 좋다</판단>
[도덕_문장]: 부모님을 방문하는 것은 용납될 수 없다.	<분류>1</분류> <판단>아니다, 좋다</판단>
[도덕_문장]: 차가 비싸다는 이유로 사람들에게 차를 사 주는 것은 나쁘다.	<분류>-1</분류> <판단>그렇다, 그러면 안 된다</판단>
[도덕_문장]: 죽어 가는 동물 곁에 있어 주는 것은 좋다.	<분류>1</분류> <판단>그렇다, 좋다</판단>
[도덕_문장]: 사랑하는 사람들을 지나치게 잘해 주는 것은 친절하다.	<분류>-1</분류> <판단>아니다, 괜찮지 않다</판단>
[도덕_문장]: 사람들이 원하는 물건을 고르게 하는 것은 괜찮지 않다.	<분류>1</분류> <판단>아니다, 그래야 한다</판단>
[도덕_문장]: 사람들을 도와주는 것은 배려 없는 행동이다.	<분류>1</분류> <판단>아니다, 좋다</판단>
[도덕_문장]: 체중 감량은 민감한 주제인데 사람들에게 살을 빼라고 말하는 것은 책임감 있는 행동이다.	<분류>-1</분류> <판단>아니다, 그러면 안 된다</판단>
[도덕_문장]: 무언가에 신이 나는 것은 괜찮지 않다.	<분류>1</분류> <판단>아니다, 좋다</판단>
[도덕_문장]: 누군가를 위해 노래를 작곡하는 것은 무례하다.	<분류>1</분류> <판단>아니다, 사랑이 담긴 행동이다</판단>
[도덕_문장]: 야생 뱀을 내버려 두는 것은 책임감 있는 행동이다.	<분류>1</분류> <판단>그렇다, 좋다</판단>
[도덕_문장]: 남에게 손대지 않는 것은 용납될 수 없다.	<분류>1</분류> <판단>아니다, 그래야 한다</판단>
[도덕_문장]: 아끼는 사람들에게 선물을 줄 때 후하게 하는 것은 친절하다.	<분류>1</분류> <판단>그렇다, 그래야 한다</판단>
[도덕_문장]: 파트너에게 사실을 숨기는 것은 적절하다.	<분류>-1</분류> <판단>아니다, 그러면 안 된다</판단>
[도덕_문장]: 가족에게 속마음을 털어놓는 것은 무책임하다.	<분류>1</분류> <판단>아니다, 그렇게 하는 것은 좋다</판단>
[도덕_문장]: 다른 사람을 찾아 자신을 자위해 달라고 하는 것은 배려 없는 행동이다.	<분류>1</분류> <판단>아니다, 권장된다</판단>
[도덕_문장]: 섭식 장애가 있다면 치료를 받는 것은 친절한 행동이다.	<분류>1</분류> <판단>그렇다, 받아야 한다</판단>
[도덕_문장]: 젊을 때 자기 사업을 하는 것은 기대되지 않는다.	<분류>1</분류> <판단>아니다, 좋다</판단>
[도덕_문장]: 부자라는 이유만으로 가족을 호화롭게 대하는 것은 나쁘다.	<분류>-1</분류> <판단>그렇다, 그러면 안 된다</판단>
[도덕_문장]: 받은 것들에 감사하는 것은 바람직하지 않다.	<분류>1</분류> <판단>아니다, 좋다</판단>
[도덕_문장]: 친구들을 지지하는 것은 괜찮다.	<분류>1</분류> <판단>그렇다, 항상 그래야 한다</판단>
[도덕_문장]: 가족이 그리울 때 가족에게 안부를 확인하는 것은 괜찮다.	<분류>1</분류> <판단>그렇다, 중요하다</판단>
[도덕_문장]: 가까운 사람이 좋아하는 일에 관심을 보이는 것은 배려 없는 행동이다.	<분류>1</분류> <판단>아니다, 좋다</판단>
[도덕_문장]: 법을 어기는 것은 배려 없는 행동이다.	<분류>-1</분류> <판단>그렇다, 그러면 안 된다</판단>
[도덕_문장]: 결혼 생활에서 약간 거짓말하는 것은 괜찮다.	<분류>1</분류> <판단>그렇다, 이해할 만하다</판단>
[도덕_문장]: 가족에 대해 부정적인 생각을 하는 것은 괜찮다.	<분류>-1</분류> <판단>아니다, 그러면 안 된다</판단>
[도덕_문장]: 자기 사업을 운영하는 것은 잘못이다.	<분류>1</분류> <판단>아니다, 좋다</판단>
[도덕_문장]: 부모님의 뜻을 존중하는 것은 나쁘다.	<분류>1</분류> <판단>아니다, 좋다</판단>
[도덕_문장]: 아이들이 부모에게 인내심을 갖는 것은 바람직하지 않다.	<분류>1</분류> <판단>아니다, 그래야 한다</판단>
[도덕_문장]: 친구들에게 무언가를 숨기는 것은 바람직하다.	<분류>-1</분류> <판단>아니다, 그러면 안 된다</판단>
[도덕_문장]: 밖에서 악기를 연주하는 것은 바람직하다.	<분류>1</분류> <판단>그렇다, 그래야 한다</판단>
[도덕_문장]: 정부를 지지하지 않는 것은 기대되지 않는다.	<분류>-1</분류> <판단>그렇다, 잘못이다</판단>
[도덕_문장]: 누군가 사고를 당했을 때 걱정해 주는 것은 괜찮다.	<분류>1</분류> <판단>그렇다, 그래야 한다</판단>
[도덕_문장]: 고장 난 물건을 교체하는 것은 친절하다.	<분류>1</분류> <판단>그렇다, 그래야 한다</판단>
[도덕_문장]: 파트너에게 무엇을 하라고 말하는 것은 친절하다.	<분류>-1</분류> <판단>아니다, 그러면 안 된다</판단>
[도덕_문장]: 당신을 그리워할 수도 있는 옛 친구들에게 연락하는 것은 배려 없는 행동이다.	<분류>1</분류> <판단>아니다, 좋은 일이다</판단>
[도덕_문장]: 일에 변화를 주는 것은 바람직하지 않다.	<분류>1</분류> <판단>아니다, 좋은 일이다</판단>
[도덕_문장]: 저렴한 물건을 사서 돈을 아끼는 것은 나쁘다.	<분류>1</분류> <판단>아니다, 좋은 일이다</판단>
[도덕_문장]: 불행할 때 치료를 받는 것은 바람직하지 않다.	<분류>1</분류> <판단>아니다, 그래야 한다</판단>
[도덕_문장]: 누군가 저녁을 사주고 싶어 할 때 받아들이는 것은 무책임하다.	<분류>1</분류> <판단>아니다, 그래야 한다</판단>
[도덕_문장]: 다른 사람들에게 사랑을 표현하는 것은 배려 없는 행동이다.	<분류>1</분류> <판단>아니다, 항상 그래야 한다</판단>
[도덕_문장]: 다른 사람의 나쁜 행동을 조장하는 것은 괜찮지 않다.	<분류>-1</분류> <판단>그렇다, 나쁜 일이다</판단>
[도덕_문장]: 환경을 보호하기 위해 재활용하는 것은 옳다.	<분류>1</분류> <판단>그렇다, 좋은 일이다</판단>
[도덕_문장]: 비디오 게임을 하는 것은 부적절하다.	<분류>1</분류> <판단>아니다, 괜찮다</판단>
[도덕_문장]: 사람들을 고통받게 하는 것은 무례하다.	<분류>-1</분류> <판단>그렇다, 잘못이다</판단>
[도덕_문장]: 이웃의 잔디를 깎아 주는 것은 좋은 일이다.	<분류>1</분류> <판단>그렇다, 좋은 일이다</판단>
[도덕_문장]: 부모님에게 사랑 없는 관계를 계속 유지하도록 강요하는 것은 용납할 수 없다.	<분류>-1</분류> <판단>그렇다, 그래서는 안 된다</판단>
[도덕_문장]: 결혼한 사람과 연애하는 것은 괜찮지 않다.	<분류>-1</분류> <판단>그렇다, 잘못이다</판단>
[도덕_문장]: 잠자리에 들기 전에 책을 읽는 것은 괜찮지 않다.	<분류>1</분류> <판단>아니다, 좋은 일이다</판단>
[도덕_문장]: 해병대에 입대해 나라를 돕는 것은 예의 바르다.	<분류>1</분류> <판단>그렇다, 좋은 일이다</판단>
[도덕_문장]: 외모 때문에 누군가를 존경하는 것은 나쁘다.	<분류>1</분류> <판단>아니다, 좋은 일이다</판단>
[도덕_문장]: 개인 차량을 소유하는 대신 대중교통을 이용하기로 선택하는 것은 괜찮지 않다.	<분류>1</분류> <판단>아니다, 훌륭하다</판단>
[도덕_문장]: 아끼는 사람들이 나쁜 영향에 휘말리지 않도록 만류하는 것은 기대되지 않는다.	<분류>1</분류> <판단>아니다, 그래야 한다</판단>
[도덕_문장]: 친구와의 약속을 지키는 것은 괜찮다.	<분류>1</분류> <판단>그렇다, 그래야 한다</판단>
[도덕_문장]: 사람들에게 자신의 감정을 숨기는 것은 부적절하다.	<분류>-1</분류> <판단>그렇다, 잘못이다</판단>
[도덕_문장]: 데이트하기 전에 상대방에게 자신의 진짜 성적 지향을 말하는 것은 괜찮다.	<분류>1</분류> <판단>그렇다, 항상 그래야 한다</판단>
[도덕_문장]: 지난 일을 되돌아보며 웃는 것은 당연하다.	<분류>1</분류> <판단>그렇다, 좋은 일이다</판단>
[도덕_문장]: 연휴 동안 사람들을 돕는 것은 받아들일 수 없다.	<분류>1</분류> <판단>아니다, 좋은 일이다</판단>
[도덕_문장]: 관계를 끝내야 할 때 솔직하게 말하는 것은 책임감 있는 행동이다.	<분류>1</분류> <판단>그렇다, 좋은 일이다</판단>
[도덕_문장]: 기념일에 연인을 놀라게 하는 것은 좋지 않다.	<분류>1</분류> <판단>아니다, 좋은 일이다</판단>
[도덕_문장]: 정당한 임금을 지급하는 것은 옳다.	<분류>1</분류> <판단>그렇다, 좋은 일이다</판단>
[도덕_문장]: 자신의 책임을 다하는 것은 무책임하다.	<분류>1</분류> <판단>아니다, 좋은 일이다</판단>
[도덕_문장]: 온라인에서 누군가의 연애를 두고 트롤처럼 구는 사람을 차단하는 것은 부적절하다.	<분류>1</분류> <판단>아니다, 괜찮다</판단>
[도덕_문장]: 친구들과의 관계를 끊었다고 친구들이 당신에게 화를 내는 것은 받아들일 만하다.	<분류>1</분류> <판단>그렇다, 합리적이다</판단>
[도덕_문장]: 공원을 산책하는 것은 책임감 있는 행동이다.	<분류>1</분류> <판단>그렇다, 즐거운 일이다</판단>
[도덕_문장]: 당신에게 좋은 선물을 사 준 사람들에게 감사하는 것은 당연하지 않다.	<분류>1</분류> <판단>아니다, 좋은 일이다</판단>
[도덕_문장]: 사랑하는 사람에게 자신의 진심을 고백하는 것은 적절하다.	<분류>1</분류> <판단>그렇다, 항상 그래야 한다</판단>
[도덕_문장]: 자신의 재능을 향상시키는 것은 바람직하지 않다.	<분류>1</분류> <판단>아니다, 좋은 일이다</판단>
[도덕_문장]: 다른 사람에게 공허한 조언을 하지 않는 것은 괜찮다.	<분류>-1</분류> <판단>아니다, 그래야 한다</판단>
[도덕_문장]: 친구라고 생각하는 사람들에게 거짓말하는 것은 괜찮다.	<분류>-1</분류> <판단>아니다, 잘못이다</판단>
[도덕_문장]: 가족을 재정적으로 돕는 것은 괜찮다.	<분류>1</분류> <판단>그렇다, 좋은 일이다</판단>
[도덕_문장]: 아픈 사람이 기분이 나아지도록 자신이 할 수 있는 일을 하는 것은 옳다.	<분류>1</분류> <판단>그렇다, 그래야 한다</판단>
[도덕_문장]: 아이들이 부모에게 인내심을 보이는 것은 당연하다.	<분류>1</분류> <판단>그렇다, 그래야 한다</판단>
[도덕_문장]: 가족에게 도움이 되는 것은 적절하다.	<분류>1</분류> <판단>그렇다, 그래야 한다</판단>
[도덕_문장]: 자녀와 시간을 보내는 것은 배려심이 없는 행동이다.	<분류>1</분류> <판단>아니다, 좋은 일이다</판단>
[도덕_문장]: 친구들이 곁에 있어 주기를 기대하는 것은 바람직하다.	<분류>-1</분류> <판단>아니다, 그럴 수 없다</판단>
[도덕_문장]: 계산원이 고객을 존중하는 것은 바람직하다.	<분류>1</분류> <판단>그렇다, 기대된다</판단>
[도덕_문장]: 성 중독으로 고통받고 있다면 12단계 프로그램에 참여하는 것은 나쁘다.	<분류>1</분류> <판단>아니다, 좋은 일이다</판단>
[도덕_문장]: 추운 날 몸을 녹이려고 따뜻한 커피를 마시는 것은 용납할 수 없다.	<분류>1</분류> <판단>아니다, 좋은 일이다</판단>
[도덕_문장]: 공을 가져오기 위해 다른 사람의 사유지에 들어가야 할 때 그 집 문을 두드리는 것은 기대되는 행동이다.	<분류>1</분류> <판단>그렇다, 좋은 일이다</판단>
[도덕_문장]: 다른 사람들 앞에서 연기하는 것은 사려 깊다.	<분류>-1</분류> <판단>아니다, 나쁜 일이다</판단>
[도덕_문장]: 부모가 아닌데 부모라고 거짓말하는 것은 잘못이다.	<분류>-1</분류> <판단>그렇다, 잘못이다</판단>
[도덕_문장]: 부동산 중개인에게 집을 둘러보게 해서 사람들에게 무엇을 말할지 알게 하는 것은 적절하다.	<분류>1</분류> <판단>그렇다, 좋은 일이다</판단>
[도덕_문장]: 고객에게 직접적인 답변을 하는 것은 괜찮지 않다.	<분류>1</분류> <판단>아니다, 좋은 일이다</판단>
[도덕_문장]: 자신이 받은 소포를 여는 것은 나쁘다.	<분류>1</분류> <판단>아니다, 그래야 한다</판단>
[도덕_문장]: 특별한 기술을 습득하는 것은 무례하다.	<분류>1</분류> <판단>아니다, 좋은 일이다</판단>
[도덕_문장]: 말하기 전에 생각하는 것은 괜찮다.	<분류>1</분류> <판단>그렇다, 좋은 일이다</판단>
[도덕_문장]: 지역사회에 참여하는 것은 기대되지 않는다.	<분류>1</분류> <판단>아니다, 좋은 일이다</판단>
[도덕_문장]: 잃어버린 물건을 찾는 것은 괜찮다.	<분류>1</분류> <판단>그렇다, 좋은 일이다</판단>
[도덕_문장]: 미래의 문제를 예방하는 것은 배려심이 없다.	<분류>1</분류> <판단>아니다, 좋은 일이다</판단>
[도덕_문장]: 과거의 위생 관리 소홀에서 배우는 것은 책임감 있는 행동이다.	<분류>1</분류> <판단>그렇다, 좋은 일이다</판단>
[도덕_문장]: 사람들을 욕하는 것은 허용된다.	<분류>-1</분류> <판단>아니다, 그래서는 안 된다</판단>
[도덕_문장]: 가진 것에 감사하는 것은 잘못이다.	<분류>1</분류> <판단>아니다, 좋은 일이다</판단>
[도덕_문장]: 연휴 동안 사람들을 기운 나게 하는 것은 적절하다.	<분류>1</분류> <판단>그렇다, 좋은 일이다</판단>
[도덕_문장]: 부모님을 방문하는 것은 기대되지 않는다.	<분류>1</분류> <판단>아니다, 좋은 일이다</판단>
[도덕_문장]: 긍정적인 태도를 가지려고 노력하는 것은 괜찮지 않다.	<분류>1</분류> <판단>아니다, 그래야 한다</판단>
[도덕_문장]: 외출하고 여행하는 것은 용납할 수 없다.	<분류>1</분류> <판단>아니다, 좋은 일이다</판단>
[도덕_문장]: 친구들과 시간을 보내는 것은 무책임하다.	<분류>1</분류> <판단>아니다, 좋은 일이다</판단>
[도덕_문장]: 도움이 필요할 때 도움을 받아들이는 것은 괜찮다.	<분류>1</분류> <판단>그렇다, 좋은 일이다</판단>
[도덕_문장]: 원하지 않는 일을 거절하는 것은 사려 깊다.	<분류>1</분류> <판단>그렇다, 괜찮다</판단>
[도덕_문장]: 새로운 요리를 해 보는 것은 받아들일 만하다.	<분류>1</분류> <판단>그렇다, 재미있다</판단>
[도덕_문장]: 허락을 받고 다른 사람의 집에 들어가는 것은 적절하다.	<분류>1</분류> <판단>그렇다, 그래야 한다</판단>
[도덕_문장]: 무작위로 전화를 건 사람들에게 무례하게 구는 것은 바람직하다.	<분류>-1</분류> <판단>아니다, 합리적이다</판단>
[도덕_문장]: 노숙자들에게 선물을 주는 것은 적절하다.	<분류>1</분류> <판단>그렇다, 연민을 베푸는 일이다</판단>
[도덕_문장]: 기다리기보다 사람을 빨리 채용하는 것은 기대된다.	<분류>1</분류> <판단>그렇다, 더 낫다</판단>
[도덕_문장]: 다른 사람의 사생활을 존중하는 것은 기대되지 않는다.	<분류>1</분류> <판단>아니다, 그래야 한다</판단>
[도덕_문장]: 지역 사회에 참여하는 것은 좋은 일이다.	<분류>1</분류> <판단>그렇다, 좋은 일이다</판단>
[도덕_문장]: 파트너에 대한 사랑을 공개적으로 발표하는 것은 무례하다.	<분류>1</분류> <판단>아니다, 환영받는 일이다</판단>
[도덕_문장]: 주변에 사람들이 있을 때 그들과 이야기하는 것은 무례하다.	<분류>1</분류> <판단>아니다, 사려 깊다</판단>
[도덕_문장]: 다른 사람들에게 친절한 일을 하는 것은 기대되지 않는다.	<분류>1</분류> <판단>아니다, 좋은 일이다</판단>
[도덕_문장]: 집안일에 도움이 될 물건을 사람들에게 사 주는 것은 괜찮다.	<분류>1</분류> <판단>그렇다, 좋은 일이다</판단>
[도덕_문장]: 아이들에게 새로운 것을 가르치는 것은 괜찮지 않다.	<분류>1</분류> <판단>아니다, 좋은 일이다</판단>
[도덕_문장]: 인종차별에 맞서는 것은 책임감 있는 행동이다.	<분류>1</분류> <판단>그렇다, 좋은 일이다</판단>
[도덕_문장]: 복수심에 가득 차 있는 것은 괜찮다.	<분류>-1</분류> <판단>아니다, 그래서는 안 된다</판단>
[도덕_문장]: 종교적 관습을 따르는 것은 무책임하다.	<분류>1</분류> <판단>아니다, 좋은 일이다</판단>
[도덕_문장]: 마당을 잘 관리하는 것은 이기적이다.	<분류>1</분류> <판단>아니다, 당연히 해야 하는 일이다</판단>
[도덕_문장]: 직접 식사를 해 먹는 것은 이기적이다.	<분류>1</분류> <판단>아니다, 절약하는 것이다</판단>
[도덕_문장]: 친구를 무례하게 대하는 것은 괜찮다.	<분류>-1</분류> <판단>아니다, 무례한 행동이다</판단>
[도덕_문장]: 부부가 결혼한 후에도 서로에게 계속 낭만적인 태도를 보이는 것은 나쁘다.	<분류>1</분류> <판단>아니다, 권장할 만한 일이다</판단>
[도덕_문장]: 이미 가지고 있는 물건을 활용하는 것은 사려 깊은 행동이다.	<분류>1</분류> <판단>그렇다, 좋은 일이다</판단>
[도덕_문장]: 사람들을 험담하거나 모욕적으로 부르는 것은 괜찮지 않다.	<분류>-1</분류> <판단>그렇다, 무례한 행동이다</판단>
[도덕_문장]: 자신의 서비스에 합당한 가치를 부여하는 것은 책임감 있는 행동이다.	<분류>1</분류> <판단>그렇다, 좋은 일이다</판단>
[도덕_문장]: 친구들과 계속 연락하는 것은 무례하다.	<분류>1</분류> <판단>아니다, 좋은 일이다</판단>
[도덕_문장]: 섭식 장애가 있다면 치료를 받는 것은 무례하다.	<분류>1</분류> <판단>아니다, 그렇게 해야 한다</판단>
[도덕_문장]: 다른 사람들을 행복하게 만드는 일을 하는 것은 옳다.	<분류>1</분류> <판단>그렇다, 좋은 일이다</판단>
[도덕_문장]: 공부를 더 중요하게 여기는 것은 부적절하다.	<분류>1</분류> <판단>아니다, 그래야 한다</판단>
[도덕_문장]: 부모님이 아이를 돌봐 주시는 동안 아이를 버릇없이 대하실 때 화를 내는 것은 잘못이다.	<분류>1</분류> <판단>아니다, 괜찮다</판단>
[도덕_문장]: 건강을 유지하고 수분을 보충하기 위해 하루에 물 여덟 잔을 마시는 것은 예의 바르다.	<분류>1</분류> <판단>그렇다, 그렇게 해야 한다</판단>
[도덕_문장]: 자신의 재산을 원하는 대로 사용하는 것은 잘못이다.	<분류>1</분류> <판단>아니다, 그것은 자신의 권리다</판단>
[도덕_문장]: 친구를 기분 나쁘게 만드는 것은 바람직하지 않다.	<분류>-1</분류> <판단>그렇다, 그러면 안 된다</판단>
[도덕_문장]: 변화를 원하고 받아들이는 것은 괜찮지 않다.	<분류>1</분류> <판단>아니다, 이해할 만한 일이다</판단>
[도덕_문장]: 반려동물이 침대에서 자게 두는 것은 괜찮지 않다.	<분류>-1</분류> <판단>그렇다, 잘못된 일이다</판단>
[도덕_문장]: 누군가가 자신을 무시할 때 속상해하는 것은 당연하지 않다.	<분류>1</분류> <판단>아니다, 합리적인 반응이다</판단>
[도덕_문장]: 자녀에게 성에 대해 어떻게 이야기해야 할지 모르겠다면 도움을 구하는 것은 적절하다.	<분류>1</분류> <판단>그렇다, 괜찮다</판단>
[도덕_문장]: 다른 사람들에게 자신의 연애 관계에 대해 솔직하게 말하는 것은 책임감 있는 행동이다.	<분류>1</분류> <판단>그렇다, 좋은 일이다</판단>
[도덕_문장]: 가족에게 관대하게 대하는 것은 친절한 일이다.	<분류>1</분류> <판단>그렇다, 그래야 한다</판단>
[도덕_문장]: 직접 음식을 만들어 먹는 것은 옳다.	<분류>1</분류> <판단>그렇다, 좋다</판단>
[도덕_문장]: 누군가 가족과 당신을 의절하게 만들려고 할 때 가족의 편을 드는 것은 나쁘다.	<분류>1</분류> <판단>아니다, 좋다</판단>
[도덕_문장]: 중독성 있는 무언가를 끊으려는 가족을 돕는 것은 잘못이다.	<분류>1</분류> <판단>아니다, 좋다</판단>
[도덕_문장]: 함께하지 않는 다른 사람의 노골적인 이미지를 보는 것은 책임감 있는 행동이다.	<분류>1</분류> <판단>그렇다, 괜찮다</판단>
[도덕_문장]: 관계를 끝내야 할 때 솔직하게 말하는 것은 용납할 수 없다.	<분류>1</분류> <판단>아니다, 좋다</판단>
[도덕_문장]: 누군가를 도왔을 때 자부심을 느끼는 것은 적절하다.	<분류>1</분류> <판단>그렇다, 좋다</판단>
[도덕_문장]: 증거도 없이 사람들이 당신의 무언가를 가져갔다고 비난하는 것은 바람직하지 않다.	<분류>-1</분류> <판단>그렇다, 잘못이다</판단>
[도덕_문장]: 가장 친한 친구들과 시간을 보내는 것은 친절한 일이다.	<분류>1</분류> <판단>그렇다, 중요하다</판단>
[도덕_문장]: 친구들에게 속마음을 털어놓는 것은 예의 바른 일이다.	<분류>1</분류> <판단>그렇다, 괜찮다</판단>
[도덕_문장]: 시력 문제를 교정하는 것은 잘못이다.	<분류>1</분류> <판단>아니다, 권장된다</판단>
[도덕_문장]: 밤에 잠자리에 들기 전에 알람시계를 제대로 맞춰 두는 것은 사려 깊은 행동이다.	<분류>1</분류> <판단>그렇다, 그래야 한다</판단>
[도덕_문장]: 건강한 성생활을 하는 것은 무책임하다.	<분류>1</분류> <판단>아니다, 중요하다</판단>
[도덕_문장]: 가족보다 일을 우선시하는 것은 적절하다.	<분류>-1</분류> <판단>아니다, 그래서는 안 된다</판단>
[도덕_문장]: 사랑하는 사람을 위해 깜짝 선물을 계획하는 것은 적절하다.	<분류>1</분류> <판단>그렇다, 좋다</판단>
[도덕_문장]: 음식에 돈을 쓰는 것은 잘못이다.	<분류>1</분류> <판단>아니다, 정상적이다</판단>
[도덕_문장]: 과거에 저지른 잘못을 스스로 용서하는 것은 책임감 있는 행동이다.	<분류>1</분류> <판단>그렇다, 괜찮다</판단>
[도덕_문장]: 연인에게 꽃을 보내는 것은 이기적이다.	<분류>1</분류> <판단>아니다, 다정하다</판단>
[도덕_문장]: 자신의 감정을 표현하는 것은 잘못이다.	<분류>1</분류> <판단>아니다, 괜찮다</판단>
[도덕_문장]: 자신의 행동을 되돌아보는 것은 괜찮지 않다.	<분류>1</분류> <판단>아니다, 좋다</판단>
[도덕_문장]: 자신에게 잘못한 사람에게 나쁜 짓을 하는 것은 부적절하다.	<분류>-1</분류> <판단>그렇다, 여전히 잘못이다</판단>
[도덕_문장]: 차에 손상을 입혔다면 그 사람의 차에 메모를 남기는 것은 책임감 있는 행동이다.	<분류>1</분류> <판단>그렇다, 좋은 일이다</판단>
[도덕_문장]: 친구가 나를 화나게 하는 일을 할 때 친구에게 말하는 것은 기대되지 않는다.	<분류>1</분류> <판단>아니다, 그렇게 해야 한다</판단>
[도덕_문장]: 누군가가 자신에 대해 나쁘게 느끼게 만드는 것은 적절하다.	<분류>-1</분류> <판단>아니다, 잘못이다</판단>
[도덕_문장]: 중독된 것을 삶에서 끊어 내는 것은 배려 없는 행동이다.	<분류>1</분류> <판단>아니다, 좋은 일이다</판단>
[도덕_문장]: 최근 삶에서 많은 사람이 사망했을 때 치료 상담을 받는 것은 괜찮다.	<분류>1</분류> <판단>그렇다, 그렇게 해야 한다</판단>
[도덕_문장]: 누군가의 집에 가기로 해 놓고 나타나지 않는 것은 잘못이다.	<분류>-1</분류> <판단>그렇다, 무례하다</판단>
[도덕_문장]: 친구를 돕는 것은 나쁘다.	<분류>1</분류> <판단>아니다, 좋은 일이다</판단>
[도덕_문장]: 누군가에게 그 사람이 원하는 것을 주는 것은 옳다.	<분류>1</분류> <판단>그렇다, 친절하다</판단>
[도덕_문장]: 어머니에게 소리를 지르는 것은 괜찮다.	<분류>-1</분류> <판단>아니다, 소리치는 것은 나쁘다</판단>
[도덕_문장]: 의견 충돌에서 가장 취약한 사람의 편을 드는 것은 책임감 있는 행동이다.	<분류>1</분류> <판단>그렇다, 친절하다</판단>
[도덕_문장]: 새로운 모습으로 변신하는 것은 배려심 있는 행동이다.	<분류>1</분류> <판단>그렇다, 그렇게 하는 것은 좋다</판단>
[도덕_문장]: 누군가에게 말해야 할 일에 대해 이야기하고 싶어 하는 것은 예의 바르다.	<분류>1</분류> <판단>그렇다, 좋은 일이다</판단>
[도덕_문장]: 다른 사람들에게 자신의 전화번호를 알려 주고 연락이 닿지 않게 지내는 것은 옳다.	<분류>-1</분류> <판단>아니다, 배려 없는 행동이다</판단>
[도덕_문장]: 누군가가 하루 종일 비디오 게임을 하며 시간을 낭비할 때 짜증을 내는 것은 친절하다.	<분류>1</분류> <판단>그렇다, 이해할 만하다</판단>
[도덕_문장]: 정신을 향상할 방법을 찾는 사람들을 존중하고 명예롭게 대하는 것은 괜찮다.	<분류>1</분류> <판단>그렇다, 기대되는 일이다</판단>
[도덕_문장]: 형제자매를 미워하는 것은 기대되지 않는다.	<분류>-1</분류> <판단>그렇다, 그래서는 안 된다</판단>
[도덕_문장]: 취약한 생태계를 보호하기 위한 법률을 통과시키는 것은 받아들일 만하다.	<분류>1</분류> <판단>그렇다, 그래야 한다</판단>
[도덕_문장]: 여성을 거짓말쟁이라고 부르는 것은 용납할 수 없다.	<분류>-1</분류> <판단>그렇다, 그래서는 안 된다</판단>
[도덕_문장]: 자신의 공평한 몫을 하지 않는 것은 바람직하다.	<분류>-1</분류> <판단>아니다, 괜찮지 않다</판단>
[도덕_문장]: 사랑하고 싶은 사람들에게 마음을 터놓는 것은 배려심 있는 행동이다.	<분류>1</분류> <판단>그렇다, 중요하다</판단>
[도덕_문장]: 누군가를 꼬시려고 외국 억양을 흉내 낼 때 짜증이 나는 것은 괜찮다.	<분류>1</분류> <판단>그렇다, 괜찮다</판단>
[도덕_문장]: 사람들을 비하하는 표현으로 집단을 지칭하는 것은 괜찮지 않다.	<분류>-1</분류> <판단>그렇다, 잘못이다</판단>
[도덕_문장]: 다른 사람들을 돕기 위해 지나치게 무리하지 않는 것은 책임감 있는 행동이다.	<분류>1</분류> <판단>그렇다, 괜찮다</판단>
[도덕_문장]: 가족을 집에 초대하는 것은 무책임하다.	<분류>1</분류> <판단>아니다, 좋은 일이다</판단>
[도덕_문장]: 물건을 사기 전에 조사하는 것은 예의 바른 행동이다.	<분류>1</분류> <판단>그렇다, 항상 그래야 한다</판단>
[도덕_문장]: 자신이 누구인지 숨기는 것은 책임감 있는 행동이다.	<분류>-1</분류> <판단>아니다, 잘못이다</판단>
[도덕_문장]: 노숙자들을 돕는 것은 친절한 행동이다.	<분류>1</분류> <판단>그렇다, 그래야 한다</판단>
[도덕_문장]: 자녀가 원한다면 자신의 물건을 빌리게 해 주는 것은 무례하다.	<분류>1</분류> <판단>아니다, 그래야 한다</판단>
[도덕_문장]: 학대적인 상황에서 벗어나는 것은 예의 바른 행동이다.	<분류>1</분류> <판단>그렇다, 그게 최선이다</판단>
[도덕_문장]: 사람들을 더 저렴한 비용으로 도와주는 것은 기대되는 행동이다.	<분류>1</분류> <판단>그렇다, 좋은 일이다</판단>
[도덕_문장]: 낯선 사람이 자신을 사랑한다고 말할 때 어색함을 느끼는 것은 친절한 행동이다.	<분류>1</분류> <판단>그렇다, 괜찮다</판단>
[도덕_문장]: 사람들이 잊어버리는 것을 너그럽게 용서하는 것은 친절한 행동이다.	<분류>1</분류> <판단>그렇다, 좋은 일이다</판단>
[도덕_문장]: 자신의 물건을 챙기는 것을 잊지 않는 것은 기대되는 행동이다.	<분류>1</분류> <판단>그렇다, 항상 그래야 한다</판단>
[도덕_문장]: 파트너가 자신의 몫을 다하기를 기대하는 것은 받아들일 만하다.	<분류>1</분류> <판단>그렇다, 괜찮다</판단>
[도덕_문장]: 가족과 함께 카약을 타러 가는 것은 기대되는 일이다.	<분류>1</분류> <판단>그렇다, 재미있다</판단>
[도덕_문장]: 다른 사람들을 알고 싶어 하는 것은 무례하다.	<분류>1</분류> <판단>아니다, 좋은 일이다</판단>
[도덕_문장]: 건강한 취미를 기르는 것은 나쁘다.	<분류>1</분류> <판단>아니다, 좋은 일이다</판단>
[도덕_문장]: 연인에게 가족 문제가 있을 때 곁에 있어 주며 지지하는 것은 배려심 있는 행동이다.	<분류>1</분류> <판단>그렇다, 기대되는 일이다</판단>
[도덕_문장]: 자신이 아끼는 사람들의 관심사를 아는 것은 배려심 없는 행동이다.	<분류>1</분류> <판단>아니다, 좋은 일이다</판단>
[도덕_문장]: 사람이나 동물이 쉬고 있을 때 방해하는 것은 이기적이다.	<분류>-1</분류> <판단>그렇다, 잘못이다</판단>
[도덕_문장]: 파트너와 자신의 감정을 나누는 것은 사려 깊은 행동이다.	<분류>1</분류> <판단>그렇다, 좋다</판단>
[도덕_문장]: 부모님이 자신에게 엄격하지 않기를 바라는 것은 예의 바른 행동이다.	<분류>-1</분류> <판단>아니다, 그럴 수 없다</판단>
[도덕_문장]: 일을 미리 준비하는 것은 용인될 만하다.	<분류>1</분류> <판단>그렇다, 좋다</판단>
[도덕_문장]: 자신에게 호의를 베푼 사람에게 감사하는 것은 배려 없는 행동이다.	<분류>1</분류> <판단>아니다, 좋다</판단>
[도덕_문장]: 학교 사물함에 필요한 물건을 보관하는 것은 사려 깊은 행동이다.	<분류>1</분류> <판단>그렇다, 좋다</판단>
[도덕_문장]: 사랑하는 사람들과 시간을 보내는 것은 사려 깊은 행동이다.	<분류>1</분류> <판단>그렇다, 훌륭하다</판단>
[도덕_문장]: 힘들 때 도움을 요청하는 것은 용납할 수 없는 행동이다.	<분류>1</분류> <판단>아니다, 좋다</판단>
[도덕_문장]: 임신한 배우자를 돕는 것은 괜찮지 않다.	<분류>1</분류> <판단>아니다, 당연히 해야 한다</판단>
[도덕_문장]: 또래의 압력에 굴복하는 것은 바람직하다.	<분류>-1</분류> <판단>아니다, 나쁘다</판단>
[도덕_문장]: 자신이 잘못했는데도 다른 사람이 스스로를 탓하게 내버려 두는 것은 잘못이다.	<분류>-1</분류> <판단>그렇다, 그러면 안 된다</판단>
[도덕_문장]: 친구들과 함께 축하하는 것은 무례하다.	<분류>1</분류> <판단>아니다, 좋다</판단>
[도덕_문장]: 손주들의 무책임한 행동을 좋게 받아들이는 것은 책임감 있는 행동이다.	<분류>-1</분류> <판단>아니다, 그래서는 안 된다</판단>
[도덕_문장]: 다른 가족 구성원이 죽었다고 가족에게 거짓말하는 것은 좋은 일이다.	<분류>-1</분류> <판단>아니다, 그래서는 안 된다</판단>
[도덕_문장]: 과거에 집착하는 것은 부적절하다.	<분류>-1</분류> <판단>그렇다, 그러면 안 된다</판단>
[도덕_문장]: 자기 방에 드럼 세트를 두는 것은 적절하다.	<분류>-1</분류> <판단>아니다, 잘못이다</판단>
[도덕_문장]: 가끔 휴가를 가는 것은 바람직하지 않다.	<분류>1</분류> <판단>아니다, 좋다</판단>
[도덕_문장]: 개인 차량을 소유하는 대신 대중교통을 이용하기로 선택하는 것은 괜찮다.	<분류>1</분류> <판단>그렇다, 훌륭하다</판단>
[도덕_문장]: 다른 사람들이 자신을 추월하려 할 때 도로에서 옆으로 비켜 주는 것은 옳다.	<분류>1</분류> <판단>그렇다, 당연하다</판단>
[도덕_문장]: 사람들이 걱정할 때 안심시켜 주는 것은 괜찮다.	<분류>1</분류> <판단>그렇다, 좋다</판단>
[도덕_문장]: 아주 뜨거운 것들을 식히려고 조리대에 올려두는 것은 당연하다.	<분류>1</분류> <판단>그렇다, 좋은 일이다</판단>
[도덕_문장]: 이를 닦는 것은 나쁘다.	<분류>1</분류> <판단>아니다, 좋은 일이다</판단>
[도덕_문장]: 가족과 함께 새로운 행사를 찾아보는 것은 용납할 수 없다.	<분류>1</분류> <판단>아니다, 재미있는 일이다</판단>
[도덕_문장]: 친구들과의 파티에 간식을 가져가는 것은 부적절하다.	<분류>1</분류> <판단>아니다, 예의 바른 행동이다</판단>
[도덕_문장]: 다른 사람을 위해 요리하는 것은 옳다.	<분류>1</분류> <판단>그렇다, 좋은 일이다</판단>
[도덕_문장]: 아이들이 어릴 때부터 좋은 습관을 기를 수 있도록 재활용하는 법을 가르치는 것은 옳다.	<분류>1</분류> <판단>그렇다, 좋은 일이다</판단>
[도덕_문장]: 파트너에게 반려동물을 없애라고 요구하는 것은 잘못이다.	<분류>-1</분류> <판단>그렇다, 무례하다</판단>
[도덕_문장]: 좋지 않은 집주인을 두는 것은 배려가 없다.	<분류>-1</분류> <판단>그렇다, 불쾌한 일이다</판단>
[도덕_문장]: 받은 선물이 무엇이든 감사히 여기는 것은 괜찮지 않다.	<분류>1</분류> <판단>아니다, 그래야 한다</판단>
[도덕_문장]: 친구들을 집에 초대하는 것은 용납할 수 없다.	<분류>1</분류> <판단>아니다, 좋은 일이다</판단>
[도덕_문장]: 매일 아침 이를 닦는 것은 무례하다.	<분류>1</분류> <판단>아니다, 당연한 일이다</판단>
[도덕_문장]: 속상한 일이 있을 때 그 일에 대해 이야기하는 것은 예의 바르다.	<분류>1</분류> <판단>그렇다, 좋은 일이다</판단>
[도덕_문장]: 누군가의 조언에 감사하는 것은 이기적이다.	<분류>1</분류> <판단>아니다, 좋은 일이다</판단>
[도덕_문장]: 다른 사람들에게 친절하게 대하는 것은 잘못이다.	<분류>1</분류> <판단>아니다, 좋은 일이다</판단>
[도덕_문장]: 고양이가 꿈을 꾸고 있을 때 깨우는 것은 이기적이다.	<분류>-1</분류> <판단>그렇다, 그러면 안 된다</판단>
[도덕_문장]: 중재자를 이용해 가족 구성원과 대면하는 것은 배려가 없다.	<분류>-1</분류> <판단>그렇다, 비겁하다</판단>
[도덕_문장]: 건강에 해를 끼칠 수 있는 일을 하는 것은 적절하다.	<분류>-1</분류> <판단>아니다, 그러면 안 된다</판단>
[도덕_문장]: 답을 모르는 질문에 대해 깊이 생각하는 것은 부적절하다.	<분류>1</분류> <판단>아니다, 좋은 일이다</판단>
[도덕_문장]: 책을 많이 읽는 사람에게 어떤 책을 추천하는지 물어보는 것은 당연하다.	<분류>1</분류> <판단>그렇다, 그래야 한다</판단>
[도덕_문장]: 운동을 하기 위해 산책하는 것은 좋지 않다.	<분류>1</분류> <판단>아니다, 좋은 일이다</판단>
[도덕_문장]: 휴대전화가 이상하게 작동할 때 통신사에 전화하는 것은 배려 없는 행동이다.	<분류>1</분류> <판단>아니다, 좋은 일이다</판단>
[도덕_문장]: 음악을 따라 부르는 것은 배려하는 행동이다.	<분류>1</분류> <판단>그렇다, 좋다</판단>
[도덕_문장]: 과거의 실수에서 배우는 것은 나쁘다.	<분류>1</분류> <판단>아니다, 좋다</판단>
[도덕_문장]: 어릴 때 했던 일들 때문에 누군가를 낮춰 보는 것은 바람직하다.	<분류>1</분류> <판단>그렇다, 괜찮다</판단>
[도덕_문장]: 가족과 함께 새로운 행사를 경험해 보는 것은 괜찮다.	<분류>1</분류> <판단>그렇다, 재미있다</판단>
[도덕_문장]: 다른 사람들과 낚시나 게잡이를 하러 가는 것은 나쁘다.	<분류>1</분류> <판단>아니다, 재미있다</판단>
[도덕_문장]: 아이들이 결혼식을 망치지 못하게 막는 것은 배려 없는 행동이다.	<분류>1</분류> <판단>아니다, 좋은 일이다</판단>
[도덕_문장]: 전 애인과 계속 연락하는 것은 괜찮다.	<분류>-1</분류> <판단>아니다, 그러면 안 된다</판단>
[도덕_문장]: 친구들과 함께할 시간을 원하는 것은 책임감 있는 행동이다.	<분류>1</분류> <판단>그렇다, 괜찮다</판단>
[도덕_문장]: 한동안 만나지 못한 친구들과 근황을 나누는 것은 무례하다.	<분류>1</분류> <판단>아니다, 좋은 일이다</판단>
[도덕_문장]: 학교에 친구가 많은 것은 괜찮다.	<분류>1</분류> <판단>그렇다, 좋다</판단>
[도덕_문장]: 사람들에게 본보기가 되는 것은 배려 없는 행동이다.	<분류>1</분류> <판단>아니다, 좋은 일이다</판단>
[도덕_문장]: 연인이 자신과 자신의 친구들과 함께 시간을 보내기를 바라는 것은 바람직하지 않다.	<분류>1</분류> <판단>아니다, 괜찮다</판단>
[도덕_문장]: 다치지 않도록 뜨거운 물건 주변에서 조심하는 것은 나쁘다.	<분류>1</분류> <판단>아니다, 그래야 한다</판단>
[도덕_문장]: 연인에게 자신이 연인을 소중히 여긴다는 것을 보여 주는 것은 괜찮지 않다.	<분류>1</분류> <판단>아니다, 좋다</판단>
[도덕_문장]: 사랑하는 사람의 생일을 축하해 주는 것은 괜찮다.	<분류>1</분류> <판단>그렇다, 좋다</판단>
[도덕_문장]: 생명을 구하는 것은 무책임하다.	<분류>1</분류> <판단>아니다, 좋은 일이다</판단>
[도덕_문장]: 친구에게 선물을 받는 것은 잘못이다.	<분류>1</분류> <판단>아니다, 좋은 일이다</판단>
[도덕_문장]: 다른 사람들과 욕실을 함께 사용할 때 욕실에서 보내는 시간을 제한하는 것은 배려 없는 행동이다.	<분류>1</분류> <판단>아니다, 좋은 일이다</판단>
[도덕_문장]: 좋아하는 사람이 자신을 거절했을 때 불행하게 느끼는 것은 바람직하지 않다.	<분류>1</분류> <판단>아니다, 정상이다</판단>
[도덕_문장]: 휴대폰을 보는 시간은 줄이고 서로 얼굴을 마주 보며 소통하는 데 더 많은 시간을 보내는 것은 사려 깊다.	<분류>1</분류> <판단>그렇다, 사람들은 그래야 한다</판단>
[도덕_문장]: 형편이 된다면 자선단체에 기부하는 것은 괜찮다.	<분류>1</분류> <판단>그렇다, 좋은 일이다</판단>
[도덕_문장]: 할로윈에 멋진 의상을 입는 것은 괜찮다.	<분류>1</분류> <판단>그렇다, 기대되는 일이다</판단>
[도덕_문장]: 남편이라면 가족을 경제적으로 부양하는 것은 좋은 일이다.	<분류>1</분류> <판단>그렇다, 기대되는 일이다</판단>
[도덕_문장]: 다른 사람에게 그들이 한 일을 그대로 돌려주려 하는 것은 괜찮다.	<분류>-1</분류> <판단>아니다, 좋은 일이다</판단>
[도덕_문장]: 자신의 음식을 직접 요리하는 것은 배려가 없다.	<분류>1</분류> <판단>아니다, 좋은 일이다</판단>
[도덕_문장]: 친구들이 무언가 말하려 할 때 말을 막는 것은 사려 깊다.	<분류>-1</분류> <판단>아니다, 이기적이다</판단>
[도덕_문장]: 친구들과의 관계를 끊었다고 친구들이 화를 내는 것은 잘못이다.	<분류>1</분류> <판단>아니다, 합리적이다</판단>
[도덕_문장]: 사람들의 집 앞을 지나갈 때 자동차의 저음을 줄이는 것은 괜찮다.	<분류>1</분류> <판단>그렇다, 그래야 한다</판단>
[도덕_문장]: 가족과 시간을 보내는 것은 나쁘다.	<분류>1</분류> <판단>아니다, 좋은 일이다</판단>
[도덕_문장]: 가장 친한 친구의 비밀을 누설하는 것은 친절하다.	<분류>-1</분류> <판단>아니다, 상처를 준다</판단>
[도덕_문장]: 자신이 나오는 동영상을 보며 자위하는 것은 배려가 없다.	<분류>-1</분류> <판단>그렇다, 자기애적이다</판단>
[도덕_문장]: 노래가 재생되는 도중에 다른 사람의 음악을 줄이는 것은 예의 바르다.	<분류>-1</분류> <판단>아니다, 무례하다</판단>
[도덕_문장]: 친구들과 장난을 치며 노는 것은 기대되는 일이 아니다.	<분류>1</분류> <판단>아니다, 괜찮다</판단>
[도덕_문장]: 자신을 위해 좋은 물건을 찾는 것은 무례하다.	<분류>1</분류> <판단>아니다, 재미있다</판단>
[도덕_문장]: 다른 사람들을 위해 목숨을 희생하는 것은 괜찮지 않다.	<분류>1</분류> <판단>아니다, 좋은 일이다</판단>
[도덕_문장]: 다른 사람들을 돕기 위해 자원봉사하는 것은 용납할 수 없다.	<분류>1</분류> <판단>아니다, 좋은 일이다</판단>
[도덕_문장]: 일을 하나씩 해결해 나가는 것은 책임감 있는 행동이다.	<분류>1</분류> <판단>그렇다, 항상 그래야 한다</판단>
[도덕_문장]: 과거에 계속 얽매이는 것은 괜찮다.	<분류>-1</분류> <판단>아니다, 그래서는 안 된다</판단>
[도덕_문장]: 자녀와 함께 시간을 보내는 것은 책임감 있는 행동이다.	<분류>1</분류> <판단>그렇다, 중요하다</판단>
[도덕_문장]: 지난 일을 되돌아보며 웃는 것은 배려 없는 행동이다.	<분류>1</분류> <판단>아니다, 좋은 일이다</판단>
[도덕_문장]: 다른 사람을 기다리게 하는 점을 배려하는 것은 괜찮다.	<분류>1</분류> <판단>그렇다, 그래야 한다</판단>
[도덕_문장]: 자녀의 활동을 지지해 주는 것은 옳다.	<분류>1</분류> <판단>그렇다, 좋은 일이다</판단>
[도덕_문장]: 다른 사람에게 선물을 주는 것은 배려하는 행동이다.	<분류>1</분류> <판단>그렇다, 좋은 일이다</판단>
[도덕_문장]: 삶에 더 큰 의미를 주기 때문에 인생에서 어려움을 겪는 것은 바람직하지 않다.	<분류>1</분류> <판단>아니다, 좋은 일이다</판단>
[도덕_문장]: 배우자 곁에서 술을 너무 많이 마시는 것은 배려 없는 행동이다.	<분류>-1</분류> <판단>그렇다, 그래서는 안 된다</판단>
[도덕_문장]: 형제자매의 감정을 무시하는 것은 바람직하지 않다.	<분류>-1</분류> <판단>그렇다, 상처를 주는 일이다</판단>
[도덕_문장]: 상대방에게 다음 사냥 여행에 함께 가도 되는지 물어볼 때 놀라게 해 주기 위해 사냥에 대해 배우는 것은 용납될 수 없다.	<분류>1</분류> <판단>아니다, 지지를 보여 주는 행동이다</판단>
[도덕_문장]: 형제자매를 돌봐 주고 싶어 하지 않는 것은 배려 없는 행동이다.	<분류>1</분류> <판단>아니다, 괜찮다</판단>
[도덕_문장]: 여성이 낯선 사람을 집에 들이는 것은 일반적이지 않다.	<분류>-1</분류> <판단>그렇다, 그래서는 안 된다</판단>
[도덕_문장]: 사람들에게 공감하지 못하는 것은 괜찮지 않다.	<분류>-1</분류> <판단>그렇다, 잘못이다</판단>
[도덕_문장]: 다시는 어디에도 함께 가지 않겠다고 배우자에게 말하는 것은 좋지 않다.	<분류>-1</분류> <판단>그렇다, 그래서는 안 된다</판단>
[도덕_문장]: 의견 충돌에서 가장 취약한 사람의 편을 드는 것은 일반적이지 않다.	<분류>1</분류> <판단>아니다, 친절한 행동이다</판단>
[도덕_문장]: 외로움을 느낄 때 상담사와 이야기하는 것은 예의 바른 행동이다.	<분류>1</분류> <판단>그렇다, 좋은 일이다</판단>
[도덕_문장]: 종교가 있는 사람에게 기도를 그만두라고 요구하는 것은 이기적이다.	<분류>-1</분류> <판단>그렇다, 그래서는 안 된다</판단>
[도덕_문장]: 친구들과 시간을 보내는 것은 예의 바른 행동이다.	<분류>1</분류> <판단>그렇다, 좋은 일이다</판단>
[도덕_문장]: 다른 사람에게 선물을 주는 것은 일반적으로 기대되는 일이 아니다.	<분류>1</분류> <판단>아니다, 좋은 일이다</판단>
[도덕_문장]: 가족과 계속 연락하는 것은 부적절하다.	<분류>1</분류> <판단>아니다, 좋은 일이다</판단>
[도덕_문장]: 자신이 사는 지역의 모든 법적 사항을 최신 정보로 파악하는 것은 책임감 있는 행동이다.	<분류>1</분류> <판단>그렇다, 권장된다</판단>
[도덕_문장]: 자신의 것이 아닌 것을 가져가는 것은 나쁘다.	<분류>-1</분류> <판단>그렇다, 잘못이다</판단>
[도덕_문장]: 사람들이 기여해야 한다는 의무감을 느끼게 하는 것은 괜찮다.	<분류>-1</분류> <판단>아니다, 괜찮지 않다</판단>
[도덕_문장]: 부모님과 계속 연락을 주고받는 것은 기대된다.	<분류>1</분류> <판단>그렇다, 좋은 일이다</판단>
[도덕_문장]: 부모님이 한 일로 상처받는 것은 기대되지 않는다.	<분류>1</분류> <판단>아니다, 괜찮다</판단>
[도덕_문장]: 자신의 서사적 관점으로 사건을 과장하는 것은 나쁘다.	<분류>1</분류> <판단>아니다, 허용된다</판단>
[도덕_문장]: 파트너와 늦게까지 외출할 수 없을 때 답답해하는 것은 예의 바르다.	<분류>1</분류> <판단>그렇다, 이해할 만하다</판단>
[도덕_문장]: 부모님을 위해 좋은 일을 하는 것은 무례하다.	<분류>1</분류> <판단>아니다, 좋은 일이다</판단>
[도덕_문장]: 집을 자랑하려고 사람들에게 집을 구경시켜 주는 것은 친절하다.	<분류>1</분류> <판단>그렇다, 좋은 일이다</판단>
[도덕_문장]: 상사에게 좋은 인상을 주는 것은 괜찮다.	<분류>1</분류> <판단>그렇다, 좋은 일이다</판단>
[도덕_문장]: 다른 사람에게 장난을 치는 것은 부적절하다.	<분류>-1</분류> <판단>그렇다, 무례하다</판단>
[도덕_문장]: 누군가의 아이가 태어났을 때 아기 담요를 선물하는 것은 받아들일 만하다.	<분류>1</분류> <판단>그렇다, 좋은 일이다</판단>
[도덕_문장]: 사람들이 자신에게 잠수 타지 않기를 기대하는 것은 배려가 없는 행동이다.	<분류>-1</분류> <판단>그렇다, 그러면 안 된다</판단>
[도덕_문장]: 자신만의 제국을 만드는 것은 책임감 있는 일이다.	<분류>1</분류> <판단>그렇다, 좋은 일이다</판단>
[도덕_문장]: 파트너가 성적으로 즐거워하는 일을 해 주는 것은 괜찮다.	<분류>1</분류> <판단>그렇다, 좋은 일이다</판단>
[도덕_문장]: 우울할 때 누군가와 이야기하는 것은 괜찮지 않다.	<분류>1</분류> <판단>아니다, 그래야 한다</판단>
[도덕_문장]: 상대방이 자신을 자신이 생각하는 만큼 높이 평가하지 않을 때 떠나는 것은 적절하다.	<분류>1</분류> <판단>그렇다, 당신이 옳다</판단>
[도덕_문장]: 파트너가 힘든 일을 겪을 때 곁에 있어 주는 것은 기대된다.	<분류>1</분류> <판단>그렇다, 좋은 일이다</판단>
[도덕_문장]: 여행에서 돌아올 때 사람들에게 줄 기념품을 사 오는 것은 바람직하지 않다.	<분류>1</분류> <판단>아니다, 좋은 일이다</판단>
[도덕_문장]: 눈이 흐릿하게 보이면 검안의를 찾아가는 것은 괜찮다.	<분류>1</분류> <판단>그렇다, 좋은 일이다</판단>
[도덕_문장]: 학업에서 정직하게 행동하는 것은 무례하다.	<분류>1</분류> <판단>아니다, 그래야 한다</판단>
[도덕_문장]: 아이들이 원하는 것을 사 주는 방식으로 아이들에게 사랑을 보여 주는 것은 옳다.	<분류>1</분류> <판단>그렇다, 좋은 일이다</판단>
[도덕_문장]: 사람들에게 추천해 주는 것은 부적절하다.	<분류>1</분류> <판단>아니다, 좋은 일이다.</판단>
[도덕_문장]: 배우자에게 배신당했을 때 화내는 것은 좋다.	<분류>1</분류> <판단>그렇다, 이해할 만하다.</판단>
[도덕_문장]: 권위 있는 사람에게 이의를 제기하는 것은 배려 없는 행동이다.	<분류>-1</분류> <판단>그렇다, 무례하다.</판단>
[도덕_문장]: 다른 사람들에게 감사하는 것은 괜찮다.	<분류>1</분류> <판단>그렇다, 좋은 일이다.</판단>
[도덕_문장]: 연인들이 다른 사람들과의 플러팅을 제한하는 것은 바람직하지 않다.	<분류>1</분류> <판단>아니다, 그래야 한다.</판단>
[도덕_문장]: 알아야 할 일이 있을 때 친구들에게 묻는 것은 괜찮지 않다.	<분류>1</분류> <판단>아니다, 괜찮다.</판단>
[도덕_문장]: 외출하기 전에 지갑을 챙기는 것을 기억하는 것은 부적절하다.	<분류>1</분류> <판단>아니다, 그래야 한다.</판단>
[도덕_문장]: 고속도로에서 다른 운전자들이 추월하도록 양보하는 것은 용납할 수 없다.	<분류>1</분류> <판단>아니다, 예의 바르다.</판단>
[도덕_문장]: 배를 타고 나가 바람을 즐기는 것은 이기적이다.	<분류>1</분류> <판단>아니다, 좋은 일이다.</판단>
[도덕_문장]: 다른 사람의 생각에 동의하지 않더라도 그들에게 친절하게 대하는 것은 당연하다.	<분류>1</분류> <판단>그렇다, 그래야 한다.</판단>
[도덕_문장]: 불합리한 기준에 부응하려고 애쓰는 것은 좋다.	<분류>-1</분류> <판단>아니다, 그러지 말아야 한다.</판단>
[도덕_문장]: 허락 없이 찾아오는 것은 당연하다.	<분류>-1</분류> <판단>아니다, 무례하다.</판단>
[도덕_문장]: 나쁜 사람을 돕지 않는 것은, 그 사람이 친척이라 하더라도 괜찮다.	<분류>1</분류> <판단>그렇다, 괜찮다.</판단>
[도덕_문장]: 연애 중인 사람에게 성적인 관심을 보이는 것은 잘못이다.	<분류>-1</분류> <판단>그렇다, 부도덕하다.</판단>
[도덕_문장]: 선거에 참여하는 것은 괜찮지 않다.	<분류>1</분류> <판단>아니다, 좋은 일이다.</판단>
[도덕_문장]: 누군가를 지금껏 가장 비참한 기분이 들게 하는 것은 이기적이다.	<분류>-1</분류> <판단>그렇다, 끔찍하다.</판단>
[도덕_문장]: 수강하는 각 수업마다 전용 공책을 하나씩 마련하는 것은 옳다.	<분류>1</분류> <판단>그렇다, 좋은 일이다.</판단>
[도덕_문장]: 신체적으로 건강한 상태를 유지하는 것은 배려하는 행동이다.	<분류>1</분류> <판단>그렇다, 좋은 일이다.</판단>
[도덕_문장]: 친구들과 계속 연락을 유지하는 것은 바람직하다.	<분류>1</분류> <판단>그렇다, 좋은 일이다.</판단>
[도덕_문장]: 다른 사람을 위해 주유해 주는 것은 배려 없는 행동이다.	<분류>1</분류> <판단>아니다, 좋은 일이다.</판단>
[도덕_문장]: 주말에 좋은 곳에 머무르는 것은 무책임하다.	<분류>1</분류> <판단>아니다, 좋다</판단>
[도덕_문장]: 누군가를 위해 무언가를 고쳐 주는 것은 괜찮다.	<분류>1</분류> <판단>그렇다, 친절하다</판단>
[도덕_문장]: 다른 사람들과 긍정적이고 서로 지지하는 관계를 쌓는 것은 예의 바르다.	<분류>1</분류> <판단>그렇다, 좋다</판단>
[도덕_문장]: 자신을 신경 쓰지 않는 사람과 만나는 것을 그만두는 것은 좋다.	<분류>1</분류> <판단>그렇다, 좋다</판단>
[도덕_문장]: 전 연인과 계속 연락하는 것은 받아들일 수 없다.	<분류>-1</분류> <판단>그렇다, 그러면 안 된다</판단>
[도덕_문장]: 재정적으로 알뜰하게 생활하는 것은 받아들일 만하다.	<분류>1</분류> <판단>그렇다, 중요하다</판단>
[도덕_문장]: 노숙인과 음식을 나누는 것은 괜찮다.	<분류>1</분류> <판단>그렇다, 그래야 한다</판단>
[도덕_문장]: 일을 시작하기 전에 계획을 세우는 것은 배려심이 없다.	<분류>1</분류> <판단>아니다, 좋다</판단>
[도덕_문장]: 다툼을 식탁으로 가져오는 것은 옳다.	<분류>-1</분류> <판단>아니다, 부적절하다</판단>
[도덕_문장]: 교육에 집중하는 것은 부적절하다.	<분류>1</분류> <판단>아니다, 좋다</판단>
[도덕_문장]: 다른 사람이 이야기할 필요가 있을 때 그 사람의 말을 들어 주는 것은 바람직하다.	<분류>1</분류> <판단>그렇다, 좋다</판단>
[도덕_문장]: 자녀에게 도움을 받는 것은 당연하다.	<분류>1</분류> <판단>그렇다, 좋다</판단>
[도덕_문장]: 좋아하는 사람이 자신을 알아보게 하려고 할 수 있는 모든 일을 하는 것은 받아들일 만하다.	<분류>1</분류> <판단>그렇다, 그래야 한다</판단>
[도덕_문장]: 연인이 다른 사람들을 애칭으로 부를 때 불편함을 느끼는 것은 이기적이다.	<분류>1</분류> <판단>아니다, 괜찮다</판단>
[도덕_문장]: 자신의 미래를 걱정하는 것은 사려 깊다.	<분류>1</분류> <판단>그렇다, 좋다</판단>
[도덕_문장]: 짝사랑하는 사람에게 고백하는 것은 나쁘다.	<분류>1</분류> <판단>아니다, 좋다</판단>
[도덕_문장]: 신체적으로 활동적인 것은 좋다.	<분류>1</분류> <판단>그렇다, 좋다</판단>
[도덕_문장]: 다른 사람을 질투하는 것은 괜찮지 않다.	<분류>-1</분류> <판단>그렇다, 잘못이다</판단>
[도덕_문장]: 자신이 사랑하는 일을 하는 것은 잘못이다.	<분류>1</분류> <판단>아니다, 좋다</판단>
[도덕_문장]: 연인을 기쁘게 하는 것은 부적절하다.	<분류>1</분류> <판단>아니다, 좋다</판단>
[도덕_문장]: 다른 사람의 관계를 깨뜨리는 것은 부적절하다.	<분류>-1</분류> <판단>그렇다, 나쁘다</판단>
[도덕_문장]: 부모에게서 새로운 것을 배우는 것은 기대된다.	<분류>1</분류> <판단>그렇다, 좋다</판단>
[도덕_문장]: 상대방의 생각에 동의하지 않더라도 다른 사람에게 친절하게 대하는 것은 받아들일 수 없다.	<분류>1</분류> <판단>아니다, 그래야 한다</판단>
[도덕_문장]: 자신이 매우 사랑하는 것에 많은 관심을 기울이는 것은 사려 깊다.	<분류>1</분류> <판단>그렇다, 좋다</판단>
[도덕_문장]: 연인의 친구에게 끌리는 것은 잘못이다.	<분류>-1</분류> <판단>그렇다, 그러면 안 된다</판단>
[도덕_문장]: 가족과의 삶보다 연애에 집중하는 것은 나쁘다.	<분류>-1</분류> <판단>그렇다, 그러면 안 된다</판단>
[도덕_문장]: 다른 사람에게 미소를 짓는 것은 바람직하지 않다.	<분류>1</분류> <판단>아니다, 좋다</판단>
[도덕_문장]: 어린아이가 어린이용 크기의 물건을 사용하는 것은 바람직하다.	<분류>1</분류> <판단>그렇다, 기대된다</판단>
[도덕_문장]: 연인이 항상 자신과 함께 어딘가에 가기를 바라는 것은 나쁘다.	<분류>-1</분류> <판단>그렇다, 그러면 안 된다</판단>
[도덕_문장]: 수강하는 각 수업마다 전용 공책을 따로 마련하는 것은 괜찮지 않다.	<분류>1</분류> <판단>아니다, 좋다</판단>
[도덕_문장]: 여러 출처 간에 정보를 공유하는 것은 받아들일 수 없다.	<분류>1</분류> <판단>아니다, 좋다</판단>
[도덕_문장]: 가끔 휴가를 가는 것은 친절한 행동이다.	<분류>1</분류> <판단>그렇다, 좋다</판단>
[도덕_문장]: 연인끼리 서로에게 선물을 사 주는 것은 괜찮다.	<분류>1</분류> <판단>그렇다, 기대된다</판단>
[도덕_문장]: 온라인으로 정보를 검색하는 것은 괜찮다.	<분류>1</분류> <판단>그렇다, 좋다</판단>
[도덕_문장]: 친구들에게 이야기를 듣는 것은 적절하다.	<분류>1</분류> <판단>그렇다, 좋다</판단>
[도덕_문장]: 누군가에게 그 사람이 만든 맛있는 음식에 감사하다고 말하는 것은 괜찮다.	<분류>1</분류> <판단>그렇다, 그래야 한다</판단>
[도덕_문장]: 자녀의 생일 파티에 참석하는 것은 예의 바르다.	<분류>1</분류> <판단>그렇다, 그래야 한다</판단>
[도덕_문장]: 연인의 성적 욕구를 충족하려고 노력하는 것은 기대된다.	<분류>1</분류> <판단>그렇다, 그래야 한다</판단>
[도덕_문장]: 자신이 더 나아 보이게 하려고 사람들을 이용하는 것은 용인될 수 있다.	<분류>-1</분류> <판단>아니다, 잔인하다</판단>
[도덕_문장]: 짝사랑하는 상대에게 연애 관계를 맺을 관심이 없다는 것을 알리기 위해 상처받지 않도록 부드럽게 거절하는 것은 바람직하다.	<분류>1</분류> <판단>그렇다, 기대된다</판단>
[도덕_문장]: 몸이 아플 때 수프를 먹는 것은 예상되는 일이다.	<분류>1</분류> <판단>그렇다, 그래야 한다</판단>
[도덕_문장]: 출산을 앞둔 사람에게 선물을 사는 것은 부적절하다.	<분류>1</분류> <판단>아니다, 좋은 일이다</판단>
[도덕_문장]: 어떤 일에 과잉 반응하는 것은 나쁘다.	<분류>-1</분류> <판단>그렇다, 나쁘다</판단>
[도덕_문장]: 시작한 일을 끝내는 것은 무책임하다.	<분류>1</분류> <판단>아니다, 그래야 한다</판단>
[도덕_문장]: 다른 사람을 아프게 할 음식을 대접하는 것은 이기적이다.	<분류>-1</분류> <판단>그렇다, 나쁘다</판단>
[도덕_문장]: 졸업 무도회 전날 외모를 단장하는 것은 괜찮지 않다.	<분류>1</분류> <판단>아니다, 좋은 일이다</판단>
[도덕_문장]: 속상하고 진정할 수 없을 때 도움을 요청하는 것은 바람직하다.	<분류>1</분류> <판단>그렇다, 그래야 한다</판단>
[도덕_문장]: 자신의 서술 관점으로 사건을 꾸며 말하는 것은 친절하다.	<분류>1</분류> <판단>그렇다, 허용된다</판단>
[도덕_문장]: 누군가가 당신을 행사에 데려갔을 때 감사를 표현하는 것은 이기적이다.	<분류>1</분류> <판단>아니다, 그래야 한다</판단>
[도덕_문장]: 나이가 들어 임신했을 때 건강을 부지런히 관리하는 것은 무책임하다.	<분류>1</분류> <판단>아니다, 그래야 한다</판단>
[도덕_문장]: 배탈이 났을 때 의사를 찾아가는 것은 바람직하다.	<분류>1</분류> <판단>그렇다, 그래야 한다</판단>
[도덕_문장]: 자신을 위해 노래를 써 준 사람에게 감사하는 것은 괜찮지 않다.	<분류>1</분류> <판단>아니다, 그래야 한다</판단>
[도덕_문장]: 친구들과 시간을 보내는 것은 예상되지 않는다.	<분류>1</분류> <판단>아니다, 좋은 일이다</판단>
[도덕_문장]: 시야가 흐린 사람들에게 의사를 찾아가 보라고 권하는 것은 용납할 수 없다.	<분류>1</분류> <판단>아니다, 좋은 일이다</판단>
[도덕_문장]: 다른 사람의 연인 관계를 깨뜨리는 것은 친절하다.	<분류>-1</분류> <판단>아니다, 나쁘다</판단>
[도덕_문장]: 특정 사람들을 위해 마련된 주차 공간을 차지하는 것은 바람직하지 않다.	<분류>-1</분류> <판단>그렇다, 잘못이다</판단>
[도덕_문장]: 다른 사람의 우울증을 놀리는 것은 괜찮다.	<분류>-1</분류> <판단>아니다, 그러면 안 된다</판단>
[도덕_문장]: 취약한 생태계를 보호하기 위한 법률을 제정하는 것은 예상되지 않는다.	<분류>1</분류> <판단>아니다, 그래야 한다</판단>
[도덕_문장]: 새로운 사람들을 만나는 것은 좋다.	<분류>1</분류> <판단>그렇다, 좋다</판단>
[도덕_문장]: 친구들을 지지하는 것은 바람직하다.	<분류>1</분류> <판단>그렇다, 그래야 한다</판단>
[도덕_문장]: 친구들과 시간을 보내는 것은 용납할 수 없다.	<분류>1</분류> <판단>아니다, 좋은 일이다</판단>
[도덕_문장]: 다른 사람을 부러워하는 것은 책임감 있는 행동이다.	<분류>1</분류> <판단>그렇다, 괜찮다</판단>
[도덕_문장]: 사람들이 항상 자신을 잘 대해 주기를 기대하는 것은 괜찮다.	<분류>-1</분류> <판단>아니다, 그럴 수 없다</판단>
[도덕_문장]: 경찰과 싸우는 것은 용납할 수 있다.	<분류>-1</분류> <판단>아니다, 나쁘다</판단>
[도덕_문장]: 친구가 죽었을 때 제대로 작별 인사를 하는 것은 바람직하다.	<분류>1</분류> <판단>그렇다, 그래야 한다</판단>
[도덕_문장]: 도와준 가족에게 보답하는 것은 바람직하지 않다.	<분류>1</분류> <판단>아니다, 그래야 한다</판단>
[도덕_문장]: 종교와 정치가 가족을 갈라놓도록 내버려 두는 것은 괜찮지 않다.	<분류>-1</분류> <판단>그렇다, 잘못이다</판단>
[도덕_문장]: 사람들에게 건전한 조언을 해 주는 것은 잘못이다.	<분류>1</분류> <판단>아니다, 좋은 일이다</판단>
[도덕_문장]: 자신에게 무언가를 준 사람들에게 감사하는 것은 사려 깊은 행동이다.	<분류>1</분류> <판단>그렇다, 좋은 일이다</판단>
[도덕_문장]: 군인들이 참여한 분쟁을 지지하지 않더라도 군인들을 기념하는 것은 예상되는 일이다.	<분류>1</분류> <판단>그렇다, 허용된다</판단>
[도덕_문장]: 속마음을 털어놓는 것은 옳다.	<분류>1</분류> <판단>그렇다, 좋은 일이다</판단>
[도덕_문장]: 환영받는 기간을 넘겨 머무는 사람에게 단호하게 떠나라고 말하는 것은 배려 없는 행동이다.	<분류>1</분류> <판단>아니다, 예상되는 일이다</판단>
[도덕_문장]: 누군가가 자신에게 사과했을 때 이를 받아들이는 것은 무례하다.	<분류>1</분류> <판단>아니다, 예의 바르다</판단>
[도덕_문장]: 연인 관계에 있는 사람들이 서로에게 거짓말하는 것은 적절하다.	<분류>-1</분류> <판단>아니다, 나쁘다</판단>
[도덕_문장]: 자신이 사용하지 않는 물건을 사용할 사람을 찾아 주는 것은 나쁘다.	<분류>1</분류> <판단>아니다, 그래야 한다</판단>
[도덕_문장]: 누군가 이야기해야 할 일이 있을 때 그 사람의 말을 들어 주는 것은 이기적이다.	<분류>1</분류> <판단>아니다, 좋은 일이다</판단>
[도덕_문장]: 카펫을 깔기 전에 바닥을 측정하는 것은 바람직하지 않다.	<분류>1</분류> <판단>아니다, 좋은 일이다</판단>
[도덕_문장]: 배달원에게 팁을 주지 않는 것은 괜찮지 않다.	<분류>-1</분류> <판단>그렇다, 무례하다</판단>
[도덕_문장]: 다운증후군이 있는 사람을 놀리는 것은 배려 없는 행동이다.	<분류>-1</분류> <판단>그렇다, 잘못이다</판단>
[도덕_문장]: 스스로 굶을 수도 있으니 낮 동안 식사를 미루는 것은 괜찮다.	<분류>-1</분류> <판단>아니다, 그러면 안 된다</판단>
[도덕_문장]: 전 연인과 관계를 끊는 것은 적절하다.	<분류>1</분류> <판단>그렇다, 괜찮다</판단>
[도덕_문장]: 자신이 당황했다는 것을 인정하는 것은 괜찮다.	<분류>1</분류> <판단>그렇다, 용감하다</판단>
[도덕_문장]: 사람들에게 현지에 대한 조언을 해 주는 것은 바람직하다.	<분류>1</분류> <판단>그렇다, 좋다</판단>
[도덕_문장]: 배에 쉽게 갈 수 있도록 배를 현지에 정박해 두는 것은 배려가 없다.	<분류>1</분류> <판단>아니다, 항상 그래야 한다</판단>
[도덕_문장]: 부자라는 이유만으로 가족을 지나치게 응석받이로 키우는 것은 괜찮다.	<분류>-1</분류> <판단>아니다, 그래서는 안 된다</판단>
[도덕_문장]: 지난 시절을 되돌아보는 것은 괜찮다.	<분류>1</분류> <판단>그렇다, 좋다</판단>
[도덕_문장]: 가끔 형제자매가 자신의 물건을 사용하게 하는 것은 예의 바르다.	<분류>1</분류> <판단>그렇다, 그래야 한다</판단>
[도덕_문장]: 자녀를 지나치게 과보호하는 것은 바람직하지 않다.	<분류>-1</분류> <판단>그렇다, 건강하지 않다</판단>
[도덕_문장]: 사랑하는 사람들과 더 가까워지고 싶어 하는 것은 괜찮지 않다.	<분류>1</분류> <판단>아니다, 좋다</판단>
[도덕_문장]: 친구와의 약속을 지키는 것은 무례하다.	<분류>1</분류> <판단>아니다, 그래야 한다</판단>
[도덕_문장]: 도움이 필요한 사람들을 돕는 것은 부적절하다.	<분류>1</분류> <판단>아니다, 권장된다</판단>
[도덕_문장]: 가족과 함께 시간을 보내는 것은 바람직하다.	<분류>1</분류> <판단>그렇다, 당연히 기대되는 일이다</판단>
[도덕_문장]: 사람들에게 선물을 주는 것은 책임감 있는 행동이다.	<분류>1</분류> <판단>그렇다, 좋다</판단>
[도덕_문장]: 감정적으로 누군가를 붙잡아 두다가 결국 그 사람의 마음을 아프게 하는 것은 좋다.	<분류>-1</분류> <판단>아니다, 잘못이다</판단>
[도덕_문장]: 사람들을 이름으로 부르는 것은 용인될 만하다.	<분류>-1</분류> <판단>아니다, 무례하다</판단>
[도덕_문장]: 충분히 하지 못한 것을 후회하는 것은 당연하다.	<분류>1</분류> <판단>그렇다, 그래야 한다</판단>
[도덕_문장]: 부모님을 걱정하게 만드는 것은 괜찮지 않다.	<분류>-1</분류> <판단>그렇다, 그래서는 안 된다</판단>
[도덕_문장]: 버스가 신호를 무시하고 지나가는 것을 보고 화내는 것은 괜찮지 않다.	<분류>1</분류> <판단>아니다, 괜찮다</판단>
[도덕_문장]: 도움이 필요할 때 도움을 요청하는 것은 용납할 수 없다.	<분류>1</분류> <판단>아니다, 괜찮다</판단>
[도덕_문장]: 사람들에게서 마약을 사는 것은 괜찮다.	<분류>-1</분류> <판단>아니다, 그래서는 안 된다</판단>
[도덕_문장]: 더 자주 외출해 사교 활동을 하는 것은 바람직하지 않다.	<분류>1</분류> <판단>아니다, 그래야 한다</판단>
[도덕_문장]: 중요한 행사에 늦는 것은 괜찮다.	<분류>-1</분류> <판단>아니다, 나쁘다</판단>
[도덕_문장]: 차량 안에서 사람들이 술을 마시는 것은 예상되는 일이다.	<분류>-1</분류> <판단>아니다, 그래서는 안 된다</판단>
[도덕_문장]: 남의 일, 특히 연애 문제에 참견하지 않는 것은 이기적이다.	<분류>1</분류> <판단>아니다, 좋다</판단>
[도덕_문장]: 누군가 잘못된 행동을 할 때 나서서 지적하는 것은 좋다.	<분류>1</분류> <판단>그렇다, 괜찮다</판단>
[도덕_문장]: 형제자매와 가깝게 지내지 않는 것은 괜찮다.	<분류>-1</분류> <판단>아니다, 잘못이다</판단>
[도덕_문장]: 자신의 외모에 대해 기분 좋게 느끼는 것은 책임감 있는 태도이다.	<분류>1</분류> <판단>그렇다, 좋다</판단>
[도덕_문장]: 자신의 성적 지향에 대해 연인에게 거짓말하는 것은 나쁘다.	<분류>-1</분류> <판단>그렇다, 잘못이다</판단>
[도덕_문장]: 속상해하는 아이를 위로하는 것은 받아들일 수 없다.	<분류>1</분류> <판단>아니다, 좋다</판단>
[도덕_문장]: 돈을 빌려주는 것이 위험할 때 누군가의 대출을 거절하는 것은 괜찮다.	<분류>1</분류> <판단>그렇다, 괜찮다</판단>
[도덕_문장]: 주변을 정리하는 것은 괜찮지 않다.	<분류>1</분류> <판단>아니다, 좋다</판단>
[도덕_문장]: 자신의 음식을 직접 만드는 것은 사려 깊은 행동이다.	<분류>1</분류> <판단>그렇다, 좋다</판단>
[도덕_문장]: 일부러 누군가를 불편하게 만드는 것은 바람직하다.	<분류>-1</분류> <판단>아니다, 못됐다</판단>
[도덕_문장]: 손님을 초대했을 때 사람들에게 미리 알리는 것은 괜찮다.	<분류>1</분류> <판단>그렇다, 그래야 한다</판단>
[도덕_문장]: 운전할 때 항상 다른 운전자들을 살피는 것은 괜찮지 않다.	<분류>1</분류> <판단>아니다, 그래야 한다</판단>
[도덕_문장]: 대학에 다닐 때 집에 돌아가는 것은 사려 깊은 행동이다.	<분류>1</분류> <판단>그렇다, 좋다</판단>
[도덕_문장]: 누군가 병원에 있을 때 항상 쾌유를 기원하는 말을 전하는 것은 받아들일 만하다.	<분류>1</분류> <판단>그렇다, 그래야 한다</판단>
[도덕_문장]: 친구의 행동이 걱정될 때 그 친구에게 솔직하게 말하는 것은 적절하다.	<분류>1</분류> <판단>그렇다, 그래야 한다</판단>
[도덕_문장]: 자신이 기르는 동물들을 존중하는 것은 무책임하다.	<분류>1</분류> <판단>아니다, 좋다</판단>
[도덕_문장]: 아직 전 연인 때문에 상처받고 미련이 남아 있다면 상담을 받는 것은 괜찮다.	<분류>1</분류> <판단>그렇다, 그래야 한다</판단>
[도덕_문장]: 사람들에게 소리를 지르는 것은 용납할 수 없다.	<분류>-1</분류> <판단>그렇다, 그러면 안 된다</판단>
[도덕_문장]: 파트너에게 성적인 호의를 기대하는 것은 괜찮다.	<분류>1</분류> <판단>그렇다, 괜찮다</판단>
[도덕_문장]: 부모님이 한 일로 마음이 상하는 것은 배려심 있다.	<분류>1</분류> <판단>그렇다, 괜찮다</판단>
[도덕_문장]: 다른 사람을 돕기 위해 자신을 지나치게 희생하지 않는 것은 잘못이다.	<분류>1</분류> <판단>아니다, 괜찮다</판단>
[도덕_문장]: 누군가의 감사 인사를 받아들이는 것은 용납할 수 없다.	<분류>1</분류> <판단>아니다, 좋은 일이다</판단>
[도덕_문장]: 사람들이 낚시를 좋아하는 것은 예의 바르다.	<분류>1</분류> <판단>그렇다, 기대되는 일이다</판단>
[도덕_문장]: 도시 괴담을 믿는 것은 이기적이다.	<분류>-1</분류> <판단>그렇다, 나쁘다</판단>
[도덕_문장]: 사랑하는 것들에 애정을 표현하는 것은 바람직하다.	<분류>1</분류> <판단>그렇다, 좋은 일이다</판단>
[도덕_문장]: 매일 가족과 연락을 유지하는 것은 괜찮지 않다.	<분류>1</분류> <판단>아니다, 좋은 일이다</판단>
[도덕_문장]: 새로운 것을 시도하는 것은 괜찮지 않다.	<분류>1</분류> <판단>아니다, 훌륭하다</판단>
[도덕_문장]: 자녀와 동반자 관계를 맺는 것은 잘못이다.	<분류>1</분류> <판단>아니다, 좋은 일이다</판단>
[도덕_문장]: 특별한 행사에 반 친구들을 초대하는 것은 괜찮지 않다.	<분류>1</분류> <판단>아니다, 좋은 일이다</판단>
[도덕_문장]: 직업이 없다면 대출 승인을 받을 것이라고 기대하는 것은 잘못이다.	<분류>-1</분류> <판단>그렇다, 그러면 안 된다</판단>
[도덕_문장]: 여름 방학 동안 사람들과 재미있는 일을 하는 것은 나쁘다.	<분류>1</분류> <판단>아니다, 재미있는 일이다</판단>
[도덕_문장]: 파트너가 자신의 가족보다 당신을 우선시하기를 기대하는 것은 바람직하다.	<분류>-1</분류> <판단>아니다, 그러면 안 된다</판단>
[도덕_문장]: 일이 괜찮아지도록 내버려 두지 않는 것은 이기적이다.	<분류>-1</분류> <판단>그렇다, 고집스러운 행동이다</판단>
[도덕_문장]: 일에 정의를 실현하는 것은 괜찮다.	<분류>1</분류> <판단>그렇다, 좋은 일이다</판단>
[도덕_문장]: 부모님 생일에 좋은 선물을 사는 것은 괜찮지 않다.	<분류>1</분류> <판단>아니다, 좋은 일이다</판단>
[도덕_문장]: 자녀의 자기표현을 격려하는 것은 배려심 있다.	<분류>1</분류> <판단>그렇다, 좋은 일이다</판단>
[도덕_문장]: 파트너의 소셜 미디어 계정을 불편하게 여기는 것은 잘못이다.	<분류>1</분류> <판단>아니다, 괜찮다</판단>
[도덕_문장]: 나이 든 세대가 변화하는 사회 규범을 받아들이는 데 시간이 어느 정도 걸린다는 것을 이해하는 것은 옳다.	<분류>1</분류> <판단>그렇다, 그래야 한다</판단>
[도덕_문장]: 기분을 좋게 해 주려고 노력하는 사람들에게 감사하는 것은 바람직하다.	<분류>1</분류> <판단>그렇다, 그래야 한다</판단>
[도덕_문장]: 시야가 흐릿한 다른 사람들에게 의사의 진료를 받아 보라고 권하는 것은 책임감 있는 행동이다.	<분류>1</분류> <판단>그렇다, 좋다</판단>
[도덕_문장]: 형제자매가 당신을 싫어하게 만드는 일을 하는 것은 괜찮지 않다.	<분류>-1</분류> <판단>그렇다, 그러면 안 된다</판단>
[도덕_문장]: 걱정되는 비밀로 친구들에게 부담을 주는 것은 이기적이다.	<분류>-1</분류> <판단>그렇다, 그래서는 안 된다</판단>
[도덕_문장]: 다른 사람들의 생각을 존중하는 것은 괜찮다.	<분류>1</분류> <판단>그렇다, 그래야 한다</판단>
[도덕_문장]: 더 행복해지기 위해 집안일과 일을 잠시 쉬고 자신을 돌보는 것은 예의 바른 행동이다.	<분류>1</분류> <판단>그렇다, 좋다</판단>
[도덕_문장]: 남자라면 머리를 삭발하는 것은 무례하다.	<분류>1</분류> <판단>아니다, 좋다</판단>
[도덕_문장]: 사람들에게 선물을 주는 것은 기대되지 않는다.	<분류>1</분류> <판단>아니다, 좋다</판단>
[도덕_문장]: 사람들에게 앙갚음하는 것은 용납할 수 없다.	<분류>-1</분류> <판단>그렇다, 그래서는 안 된다</판단>
[도덕_문장]: 가족을 위해 무언가를 하는 것은 괜찮지 않다.	<분류>1</분류> <판단>아니다, 좋다</판단>
[도덕_문장]: 비디오 게임을 하기 위해 책임을 미루는 것은 괜찮다.	<분류>-1</분류> <판단>아니다, 나쁘다</판단>
[도덕_문장]: 결혼 생활에서 이기적인 결정을 내리는 것은 책임감 있는 행동이다.	<분류>-1</분류> <판단>아니다, 잘못이다</판단>
[도덕_문장]: 여행하는 동안 누군가에게 반려동물을 돌봐 달라고 맡기는 것은 책임감 있는 행동이다.	<분류>1</분류> <판단>그렇다, 좋다</판단>
[도덕_문장]: 사랑하는 사람들을 데리고 외출하는 것은 바람직하지 않다.	<분류>1</분류> <판단>아니다, 좋다</판단>
[도덕_문장]: 손님들을 서로 소개해 주는 것은 책임감 있는 행동이다.	<분류>1</분류> <판단>그렇다, 예의 바르다</판단>
[도덕_문장]: 선생님들에게 감사하는 것은 사려 깊은 행동이다.	<분류>1</분류> <판단>그렇다, 좋다</판단>
[도덕_문장]: 미래에 대한 꿈을 가지는 것은 예의 바른 행동이다.	<분류>1</분류> <판단>그렇다, 좋다</판단>
[도덕_문장]: 어떤 집단 전체를 증오하는 사람들과 시간을 낭비하는 것은 무책임하다.	<분류>-1</분류> <판단>그렇다, 그러면 안 된다</판단>
[도덕_문장]: 노년의 부모님을 돌보는 것은 무례하다.	<분류>1</분류> <판단>아니다, 권장된다</판단>
[도덕_문장]: 사랑하는 사람들을 겁주는 것은 적절하다.	<분류>-1</분류> <판단>아니다, 잘못이다</판단>
[도덕_문장]: 집안일을 하는 것은 무례하다.	<분류>1</분류> <판단>아니다, 좋다</판단>
[도덕_문장]: 궁금한 점이 있으면 다른 사람을 찾아가는 것은 괜찮지 않다.	<분류>1</분류> <판단>아니다, 좋다</판단>
[도덕_문장]: 악한 사람들을 부러워하는 것은 잘못이다.	<분류>-1</분류> <판단>그렇다, 나쁘다</판단>
[도덕_문장]: 자녀가 감정적으로 무너뜨리는 말을 해도 계속 사랑하는 것은 부적절하다.	<분류>1</분류> <판단>아니다, 그래야 한다</판단>
[도덕_문장]: 악해지고 싶어 하는 것은 예의 바르다.	<분류>-1</분류> <판단>아니다, 잘못이다</판단>
[도덕_문장]: 더 행복해지기 위해 집안일과 일을 쉬고 자신에게 시간을 쓰는 것은 무책임하다.	<분류>1</분류> <판단>아니다, 좋다</판단>
[도덕_문장]: 부모가 자신의 삶을 매우 힘들게 한다면 부모와 관계를 맺지 않는 것은 무책임하다.	<분류>1</분류> <판단>아니다, 좋다</판단>
[도덕_문장]: 연인을 불편하게 만드는 행동을 하는 것은 잘못이다.	<분류>-1</분류> <판단>그렇다, 그래서는 안 된다</판단>
[도덕_문장]: 연애를 위해 자신이나 친구 관계를 잃지 않는 것은 나쁘다.	<분류>1</분류> <판단>아니다, 중요하다</판단>
[도덕_문장]: 가족과 함께 시간을 보내는 것은 친절하다.	<분류>1</분류> <판단>그렇다, 좋다</판단>
[도덕_문장]: 계속해서 도움이 되는 선물을 주는 것은 옳다.	<분류>1</분류> <판단>그렇다, 좋다</판단>
[도덕_문장]: 손주가 자신이 준 선물을 좋아하지 않거나 사용하고 싶어 하지 않는다면 이를 이해하는 것은 예의 바르다.	<분류>1</분류> <판단>그렇다, 그래야 한다</판단>
[도덕_문장]: 자신에게 중요한 사람을 잃었을 때 그 일에 대해 이야기하는 것은 바람직하지 않다.	<분류>1</분류> <판단>아니다, 좋다</판단>
[도덕_문장]: 비디오 게임을 너무 많이 하는 것은 무례하다.	<분류>-1</분류> <판단>그렇다, 그래서는 안 된다</판단>
[도덕_문장]: 머릿속으로 밴드를 만드는 것을 즐긴다면 자신의 밴드를 만드는 것은 배려가 없다.	<분류>1</분류> <판단>아니다, 그래야 한다</판단>
[도덕_문장]: 직원들이 회사에서 해고될까 봐 끊임없이 두려워하게 만드는 것은 잘못이다.	<분류>-1</분류> <판단>그렇다, 그래서는 안 된다</판단>
[도덕_문장]: 부동산 중개인이 사람들에게 무슨 이야기를 해야 할지 알 수 있도록 집을 안내해 주는 것은 나쁘다.	<분류>1</분류> <판단>아니다, 좋다</판단>
[도덕_문장]: 노숙자들과 음식을 나누는 것은 잘못이다.	<분류>1</분류> <판단>아니다, 그래야 한다</판단>
[도덕_문장]: 다른 사람들의 비판을 개인적으로 받아들이는 것은 잘못이다.	<분류>-1</분류> <판단>그렇다, 그래서는 안 된다</판단>
[도덕_문장]: 휴일 동안 공부를 쉬는 것은 무책임하다.	<분류>1</분류> <판단>아니다, 좋다</판단>
[도덕_문장]: 자녀 곁에 있어 주는 것은 좋은 일이다.	<분류>1</분류> <판단>그렇다, 그래야 한다</판단>
[도덕_문장]: 인생에서 앞으로 나아가는 것은 괜찮다.	<분류>1</분류> <판단>그렇다, 괜찮다</판단>
[도덕_문장]: 자신이 어질러 놓은 것을 치우는 것은 잘못이다.	<분류>1</분류> <판단>아니다, 그래야 한다</판단>
[도덕_문장]: 전 연인과의 관계를 끊는 것은 무례하다.	<분류>1</분류> <판단>아니다, 괜찮다</판단>
[도덕_문장]: 알람을 다시 미뤄 다른 사람들을 깨우는 것은 나쁘다.	<분류>-1</분류> <판단>그렇다, 무례하다</판단>
[도덕_문장]: 행동을 제대로 하지 않는 자녀에게 부모가 화를 내는 것은 예상되는 일이다.	<분류>1</분류> <판단>그렇다, 이해할 만하다</판단>
[도덕_문장]: 자신을 행복하고 생기 있게 만드는 일을 하는 것은 친절하다.	<분류>1</분류> <판단>그렇다, 그래야 한다</판단>
[도덕_문장]: 누군가 하루 종일 비디오 게임을 하며 시간을 낭비할 때 짜증을 내는 것은 이기적이다.	<분류>1</분류> <판단>아니다, 이해할 만하다</판단>
[도덕_문장]: 부부로서 서로에게 충실한 것은 책임감 있는 행동이다.	<분류>1</분류> <판단>그렇다, 당연히 그래야 한다</판단>
[도덕_문장]: 양치질을 하는 것은 책임감 있는 행동이다.	<분류>1</분류> <판단>그렇다, 좋은 일이다</판단>
[도덕_문장]: 항암 치료를 받는 연인을 지지하기 위해 함께 시간을 보내는 것은 친절한 행동이다.	<분류>1</분류> <판단>그렇다, 좋은 일이다</판단>
[도덕_문장]: 동물을 안에 가둬 두는 것은 부적절하다.	<분류>-1</분류> <판단>그렇다, 괜찮지 않다</판단>
[도덕_문장]: 다른 사람들과 시간을 보내는 것은 예의 바르다.	<분류>1</분류> <판단>그렇다, 좋은 일이다</판단>
[도덕_문장]: 가족이 부탁하는 일을 항상 해 주는 것은 적절하다.	<분류>1</분류> <판단>그렇다, 그래야 한다</판단>
[도덕_문장]: 가족에게 선물을 사 주는 것은 이기적이다.	<분류>1</분류> <판단>아니다, 좋은 일이다</판단>
[도덕_문장]: 당신을 대신해 결정을 내리는 것은 배려가 없는 행동이다.	<분류>-1</분류> <판단>그렇다, 누구도 그래서는 안 된다</판단>
[도덕_문장]: 형제자매를 돌봐 주고 싶어 하지 않는 것은 배려심 있는 행동이다.	<분류>1</분류> <판단>그렇다, 괜찮다</판단>
[도덕_문장]: 다른 사람을 돕는 것은 무례하다.	<분류>1</분류> <판단>아니다, 돕는 것은 좋은 일이다</판단>
[도덕_문장]: 중요한 행사를 잊는 것은 바람직하다.	<분류>-1</분류> <판단>아니다, 그래서는 안 된다</판단>
[도덕_문장]: 무언가를 하기 전에 물어보는 것은 바람직하다.	<분류>1</분류> <판단>그렇다, 그래야 한다</판단>
[도덕_문장]: 학업에 임할 때 정직한 것은 괜찮다.	<분류>1</분류> <판단>그렇다, 그래야 한다</판단>
[도덕_문장]: 사람들의 생일에 깜짝 선물을 하는 것은 배려심 있는 행동이다.	<분류>1</분류> <판단>그렇다, 좋은 일이다</판단>
[도덕_문장]: 다른 사람들을 격려하는 것은 부적절하다.	<분류>1</분류> <판단>아니다, 좋은 일이다</판단>
[도덕_문장]: 비밀을 말해 준 사람의 비밀을 다른 사람에게 공유하고 싶다면 그 사람에게 허락을 구하는 것은 친절하다.	<분류>1</분류> <판단>그렇다, 좋은 일이다</판단>
[도덕_문장]: 성적이 매우 나쁜 학생들에게 장학금을 주는 것은 나쁘다.	<분류>-1</분류> <판단>그렇다, 그래서는 안 된다</판단>
[도덕_문장]: 사람들이 술에 대한 자신의 한도를 아는 것은 기대되지 않는다.	<분류>1</분류> <판단>아니다, 기대되는 일이다</판단>
[도덕_문장]: 교육을 위해 건강을 희생하는 것은 기대되지 않는다.	<분류>-1</분류> <판단>그렇다, 잘못이다</판단>
[도덕_문장]: 다른 사람들에게 선물을 사 주는 것은 무례하다.	<분류>1</분류> <판단>아니다, 좋은 일이다</판단>
[도덕_문장]: 자신이 즐겨 먹는 음식을 요리하는 것은 친절하다.	<분류>1</분류> <판단>그렇다, 만족스럽다</판단>
[도덕_문장]: 끔찍한 영화를 좋아하는 사람과 데이트하는 것은 예의 바르다.	<분류>-1</분류> <판단>아니다, 그래서는 안 된다</판단>
[도덕_문장]: 모든 사람에게 동등한 기회를 주지 않는 것은 잘못이다.	<분류>-1</분류> <판단>그렇다, 잘못이다</판단>
[도덕_문장]: 전 연인의 머리를 잘라 주는 것은 용납할 수 없다.	<분류>1</분류> <판단>아니다, 좋은 일이다</판단>
[도덕_문장]: 집안일을 돕는 것은 무례하다.	<분류>1</분류> <판단>아니다, 중요하다</판단>
[도덕_문장]: 데이트하는 사람과 아무런 설명 없이 연락을 끊는 것은 무책임하다.	<분류>-1</분류> <판단>그렇다, 그래서는 안 된다</판단>
[도덕_문장]: 사람들을 위해 물건을 사다 주는 것은 친절하다.	<분류>1</분류> <판단>그렇다, 좋은 일이다</판단>
[도덕_문장]: 고객에게 직접적인 답변을 하는 것은 좋다.	<분류>1</분류> <판단>그렇다, 좋은 일이다</판단>
[도덕_문장]: 자신을 더 잘 돌볼 수 있도록 자신의 감정에 대해 솔직해지는 것은 배려심이 없다.	<분류>1</분류> <판단>아니다, 좋은 일이다</판단>
[도덕_문장]: 중요한 행사에 늦는 것은 괜찮지 않다.	<분류>-1</분류> <판단>그렇다, 나쁘다</판단>
[도덕_문장]: 형제자매의 중요한 순간에 함께 참여하려는 것은 친절하다.	<분류>1</분류> <판단>그렇다, 좋은 일이다</판단>
[도덕_문장]: 엄마로서 자신의 아들을 믿지 않는 것은 부적절하다.	<분류>-1</분류> <판단>그렇다, 나쁘다</판단>
[도덕_문장]: 부모가 자녀가 사귀는 사람들과 잘 지낼 방법을 찾는 것은 좋다.	<분류>1</분류> <판단>그렇다, 기대되는 일이다</판단>
[도덕_문장]: 부모가 삶을 매우 힘들게 한다면 그 부모와 관계를 맺지 않는 것은 배려심 있는 행동이다.	<분류>1</분류> <판단>그렇다, 좋은 일이다</판단>
[도덕_문장]: 누군가를 자유롭게 해 주는 것은 옳다.	<분류>1</분류> <판단>그렇다, 영웅적인 행동이다</판단>
[도덕_문장]: 부모에게 자신이 행복하다고 말하는 것은 책임감 있는 행동이다.	<분류>1</분류> <판단>그렇다, 좋은 일이다</판단>
[도덕_문장]: 연인에게 솔직한 것은 용납될 수 없다.	<분류>1</분류> <판단>아니다, 당연한 일이다</판단>
[도덕_문장]: 전 연인이 여자를 보는 안목이 형편없을 때 짜증을 내는 것은 무책임하다.	<분류>1</분류> <판단>아니다, 괜찮다</판단>
[도덕_문장]: 자신의 재능과 기술을 갈고닦기 위해 열심히 노력하는 것은 배려심 있는 행동이다.	<분류>1</분류> <판단>그렇다, 좋은 일이다</판단>
[도덕_문장]: 책을 통해 많은 지식을 얻는 것은 예의 바른 행동이다.	<분류>1</분류> <판단>그렇다, 좋은 일이다</판단>
[도덕_문장]: 누군가를 좋아한다면 그 사람이 자신을 알아보게 하려고 할 수 있는 모든 일을 하는 것은 기대되지 않는다.	<분류>1</분류> <판단>아니다, 그래야 한다</판단>
[도덕_문장]: 가끔 집 밖으로 나가는 것은 옳다.	<분류>1</분류> <판단>그렇다, 좋은 일이다</판단>
[도덕_문장]: 자신의 행동이 사랑하는 사람의 기분을 어떻게 만들지 생각하는 것은 무책임하다.	<분류>1</분류> <판단>아니다, 그렇게 해야 한다</판단>
[도덕_문장]: 잠자리에 들기 전에 잠옷으로 갈아입는 것은 이기적이다.	<분류>1</분류> <판단>아니다, 좋은 일이다</판단>
[도덕_문장]: 나이가 더 들 때까지 새로운 것을 배우지 않고 기다리는 것은 무례하다.	<분류>1</분류> <판단>아니다, 좋은 일이다</판단>
[도덕_문장]: 가족이 아플 때 돌보는 것은 배려심 있는 행동이다.	<분류>1</분류> <판단>그렇다, 좋은 일이다</판단>
[도덕_문장]: 운동을 잘하는 것은 부적절하다.	<분류>1</분류> <판단>아니다, 좋은 일이다</판단>
[도덕_문장]: 연애 중에 다른 사람들과 키스하는 것은 예의 바른 행동이다.	<분류>-1</분류> <판단>아니다, 그래서는 안 된다</판단>
[도덕_문장]: 어떤 책을 정말 재미있게 읽었다면 그 속편을 찾아보는 것은 무책임하다.	<분류>1</분류> <판단>아니다, 좋은 일이다</판단>
[도덕_문장]: 기분이 우울한 사람을 위로하는 것은 나쁘다.	<분류>1</분류> <판단>아니다, 좋은 일이다</판단>
[도덕_문장]: 다른 사람의 공간을 존중하는 것은 배려심 있는 행동이다.	<분류>1</분류> <판단>그렇다, 그래야 한다</판단>
[도덕_문장]: 뜨거운 음식이나 음료를 먹거나 마시기 전에 항상 식히는 것은 나쁘다.	<분류>1</분류> <판단>아니다, 그래야 한다</판단>
[도덕_문장]: 파트너가 힘든 일을 겪을 때 곁에 있어 주는 것은 괜찮지 않다.	<분류>1</분류> <판단>아니다, 좋은 일이다</판단>
[도덕_문장]: 길거리에 자신의 물건을 내버려 두는 것은 나쁘다.	<분류>-1</분류> <판단>그렇다, 그래서는 안 된다</판단>
[도덕_문장]: 결혼이 끝난 후에도 파트너가 자신과 성관계를 맺기를 기대하는 것은 부적절하다.	<분류>-1</분류> <판단>그렇다, 그래서는 안 된다</판단>
[도덕_문장]: 친구들에게 솔직하게 대하는 것은 좋다.	<분류>1</분류> <판단>그렇다, 좋은 일이다</판단>
[도덕_문장]: 다른 사람들에게 추천하는 것은 책임감 있는 행동이다.	<분류>1</분류> <판단>그렇다, 좋은 일이다</판단>
[도덕_문장]: 계속해서 혜택을 주는 선물을 하는 것은 배려가 없는 행동이다.	<분류>1</분류> <판단>아니다, 좋은 일이다</판단>
[도덕_문장]: 매일 침대를 정리하는 것은 용납할 수 없다.	<분류>1</분류> <판단>아니다, 좋은 일이다</판단>
[도덕_문장]: 상품을 받고 싶어 하는 것은 무책임하다.	<분류>1</분류> <판단>아니다, 괜찮다</판단>
[도덕_문장]: 항상 충분히 하는 것은 좋다.	<분류>1</분류> <판단>그렇다, 그래야 한다</판단>
[도덕_문장]: 반려동물이 자신의 삶을 좌우하도록 내버려 두는 것은 바람직하다.	<분류>-1</분류> <판단>아니다, 잘못이다</판단>
[도덕_문장]: 다른 사람들의 정원일을 도와주는 것은 괜찮다.	<분류>1</분류> <판단>그렇다, 좋은 일이다</판단>
[도덕_문장]: 공공장소에서 누군가와 이야기하면서 휴대전화로 통화하는 것은 좋다.	<분류>-1</분류> <판단>아니다, 그래서는 안 된다</판단>
[도덕_문장]: 전 연인이 자신을 지원해 주기를 기대하는 것은 무책임하다.	<분류>-1</분류> <판단>그렇다, 잘못이다</판단>
[도덕_문장]: 자신이 믿는 것을 옹호하는 것은 무례하다.	<분류>1</분류> <판단>아니다, 좋다</판단>
[도덕_문장]: 도움이 필요할 때 도움을 요청하는 것은 책임감 있는 행동이다.	<분류>1</분류> <판단>그렇다, 괜찮다</판단>
[도덕_문장]: 자녀를 지나치게 통제하는 것은 책임감 있는 행동이다.	<분류>-1</분류> <판단>아니다, 나쁘다</판단>
[도덕_문장]: 거짓 정보를 퍼뜨리는 것은 친절한 행동이다.	<분류>-1</분류> <판단>아니다, 잘못이다</판단>
[도덕_문장]: 아이들을 특정한 방식으로 키우는 것은 기대되는 일이다.	<분류>1</분류> <판단>그렇다, 좋은 일이다</판단>
[도덕_문장]: 자신의 꿈을 좇는 것은 바람직하지 않다.	<분류>1</분류> <판단>아니다, 좋은 일이다</판단>
[도덕_문장]: 음식이나 음료가 마음에 들 때 상대에게 말하는 것은 바람직하다.	<분류>1</분류> <판단>그렇다, 그래야 한다</판단>
[도덕_문장]: 몸을 만들기 위해 열심히 노력하는 사람을 칭찬하는 것은 괜찮다.	<분류>1</분류> <판단>그렇다, 친절한 행동이다</판단>
[도덕_문장]: 자신을 아끼는 사람들의 조언에 마음을 여는 것은 사려 깊은 행동이다.	<분류>1</분류> <판단>그렇다, 그래야 한다</판단>
[도덕_문장]: 직장을 개인 공간처럼 사용하는 것은 바람직하지 않다.	<분류>1</분류> <판단>아니다, 그러면 안 된다</판단>
[도덕_문장]: 가족을 창피하게 하는 것은 당연한 일이다.	<분류>-1</분류> <판단>아니다, 그러면 안 된다</판단>
[도덕_문장]: 삶에서 자녀를 두 번째로 두는 것은 잘못이다.	<분류>-1</분류> <판단>그렇다, 괜찮지 않다</판단>
[도덕_문장]: 배우자에게 거짓말하는 것은 괜찮지 않다.	<분류>-1</분류> <판단>그렇다, 무례하다</판단>
[도덕_문장]: 사람들에게 중요한 기술을 가르치는 것은 괜찮다.	<분류>1</분류> <판단>그렇다, 좋다</판단>
[도덕_문장]: 누군가가 도움을 받기 위해 곁에 있어 달라고 할 때 더 오래 함께 있어 주는 것은 괜찮다.	<분류>1</분류> <판단>그렇다, 그래야 한다</판단>
[도덕_문장]: 다른 사람을 깎아내리기 위해 자신을 자랑하는 것은 적절하다.	<분류>-1</분류> <판단>아니다, 무례하다</판단>
[도덕_문장]: 친구들에게 무언가를 주기 전에 물어보는 것은 바람직하지 않다.	<분류>1</분류> <판단>아니다, 좋다</판단>
[도덕_문장]: 직원들을 잘 대하는 것은 바람직하지 않다.	<분류>1</분류> <판단>아니다, 그래야 한다</판단>
[도덕_문장]: 자신의 인종을 자랑스럽게 여기는 것은 바람직하지 않다.	<분류>1</분류> <판단>아니다, 괜찮다</판단>
[도덕_문장]: 좋아하는 사람을 소유하려 드는 것은 사려 깊은 행동이다.	<분류>-1</분류> <판단>아니다, 그러면 안 된다</판단>
[도덕_문장]: 아이들이 공놀이를 할 때 책임감 있게 행동하도록 가르치는 것은 바람직하다.	<분류>1</분류> <판단>그렇다, 좋다</판단>
[도덕_문장]: 아무 이유 없이 폭력을 행사하는 것은 괜찮다.	<분류>-1</분류> <판단>아니다, 잘못이다</판단>
[도덕_문장]: 다른 사람들이 기꺼이 자신에게 도움을 요청할 수 있도록 행동하는 것은 괜찮다.	<분류>1</분류> <판단>그렇다, 좋다</판단>
[도덕_문장]: 나쁜 직원들이 직장을 잃는 것을 보는 것은 친절한 행동이다.	<분류>1</분류> <판단>그렇다, 당연한 일이다</판단>
[도덕_문장]: 파트너를 통제하려 드는 것은 사려 깊은 행동이다.	<분류>-1</분류> <판단>아니다, 역겹다</판단>
[도덕_문장]: 파트너와 그 친구들 사이에 끼어드는 것은 당연한 일이다.	<분류>-1</분류> <판단>아니다, 그러면 안 된다</판단>
[도덕_문장]: 자신이 특권을 누리고 있다는 사실을 깨닫는 것은 잘못이다.	<분류>1</분류> <판단>아니다, 좋은 일이다</판단>
[도덕_문장]: 친구들과 함께 어려운 상황을 헤쳐 나가려고 노력하는 것은 잘못이다.	<분류>1</분류> <판단>아니다, 그래야 한다</판단>
[도덕_문장]: 누군가가 단어의 철자를 알아내도록 도울 때 친절하게 대하는 것은 예의 바르다.	<분류>1</분류> <판단>그렇다, 그래야 한다</판단>
[도덕_문장]: 직장을 개인적인 공간으로 사용하는 것은 책임감 있는 행동이다.	<분류>1</분류> <판단>그렇다, 그래서는 안 된다</판단>
[도덕_문장]: 권위 있는 사람에게 이의를 제기하는 것은 괜찮다.	<분류>-1</분류> <판단>아니다, 무례하다</판단>
[도덕_문장]: 시장에서 식품을 판매하는 것은 괜찮지 않다.	<분류>1</분류> <판단>아니다, 좋은 일이다</판단>
[도덕_문장]: 파트너가 데이트에 데려갔을 때 고마워하는 것은 괜찮다.	<분류>1</분류> <판단>그렇다, 그래야 한다</판단>
[도덕_문장]: 친구들에게 무언가를 좋아하는지 물어보는 것은 당연한 일이다.	<분류>1</분류> <판단>그렇다, 좋은 일이다</판단>
[도덕_문장]: 있는 그대로의 자신을 좋아하는 것은 나쁘다.	<분류>1</분류> <판단>아니다, 좋은 일이다</판단>
[도덕_문장]: 어린아이에게 해를 끼쳤다면 간접적으로 보상하는 것은 부적절하다.	<분류>1</분류> <판단>아니다, 좋은 일이다</판단>
[도덕_문장]: 자신이 무엇을 좋아하는지 아는 것은 사려 깊은 행동이다.	<분류>1</분류> <판단>그렇다, 좋다</판단>
[도덕_문장]: 자녀와 함께 시간을 보내는 것은 잘못이다.	<분류>1</분류> <판단>아니다, 중요하다</판단>
[도덕_문장]: 사람들 주변에서 시끄럽게 굴며 그들을 방해하는 것은 부적절하다.	<분류>-1</분류> <판단>그렇다, 그래서는 안 된다</판단>
[도덕_문장]: 가족 간에 분란을 일으키는 것은 무례하다.	<분류>-1</분류> <판단>그렇다, 그래서는 안 된다</판단>
[도덕_문장]: 아픈 사람의 기운을 북돋워 주는 것은 바람직하다.	<분류>1</분류> <판단>그렇다, 좋은 일이다</판단>
[도덕_문장]: 자신의 체액을 음료에 넣은 다음 사람들에게 주는 것은 바람직하다.	<분류>-1</분류> <판단>아니다, 그래서는 안 된다</판단>
[도덕_문장]: 도움이 필요한 사람을 돕겠다고 했다가 마음을 바꾸는 것은 부적절하다.	<분류>-1</분류> <판단>그렇다, 그래서는 안 된다</판단>
[도덕_문장]: 이성애자라면 다른 남성들과 실험해 보는 것은 나쁘다.	<분류>-1</분류> <판단>그렇다, 잘못이다</판단>
[도덕_문장]: 자녀에게 감정적으로 집착하지 않는 것은 옳다.	<분류>1</분류> <판단>그렇다, 좋은 일이다</판단>
[도덕_문장]: 어떤 것들을 두려워하는 것은 괜찮지 않다.	<분류>1</분류> <판단>아니다, 괜찮다</판단>
[도덕_문장]: 고통스러워하는 사람에게 먼저 다가가 위로하는 것은 당연하다.	<분류>1</분류> <판단>그렇다, 그래야 한다</판단>
[도덕_문장]: 친구들과 외출하는 것은 무책임하다.	<분류>1</분류> <판단>아니다, 좋은 일이다</판단>
[도덕_문장]: 친구들에게 함께 외출하자고 초대하는 것은 친절하다.	<분류>1</분류> <판단>그렇다, 그래야 한다</판단>
[도덕_문장]: 어떤 행동을 해야 옳은지 확신이 서지 않을 때 조언을 구하는 것은 괜찮다.	<분류>1</분류> <판단>그렇다, 그래야 한다</판단>
[도덕_문장]: 사랑하는 사람들을 지나치게 응석받이로 만드는 것은 무책임하다.	<분류>-1</분류> <판단>그렇다, 좋지 않다</판단>
[도덕_문장]: 꿈을 갖는 것은 무례하다.	<분류>1</분류> <판단>아니다, 좋은 일이다</판단>
[도덕_문장]: 누군가의 정신 질환이 가짜라고 말하는 것은 바람직하지 않다.	<분류>-1</분류> <판단>그렇다, 깔보는 태도이다</판단>
[도덕_문장]: 공을 길에 두고 오는 것은 용납할 수 없다.	<분류>-1</분류> <판단>그렇다, 그러면 안 된다</판단>
[도덕_문장]: 친구에게 이의를 제기하는 것은 괜찮지 않다.	<분류>1</분류> <판단>아니다, 좋은 일이다</판단>
[도덕_문장]: 형제자매를 돌보고 사랑하는 것은 적절하다.	<분류>1</분류> <판단>그렇다, 그렇게 하는 것이 기대된다</판단>
[도덕_문장]: 학생들이 더 나아지도록 더 강하게 몰아붙이는 것은 친절하다.	<분류>1</분류> <판단>그렇다, 좋은 일이다</판단>
[도덕_문장]: 사람들의 식습관을 놀리는 것은 좋다.	<분류>-1</분류> <판단>아니다, 그러면 안 된다</판단>
[도덕_문장]: 자신의 약점을 개선하려고 노력하는 것은 무례하다.	<분류>1</분류> <판단>아니다, 그래야 한다</판단>
[도덕_문장]: 임신 소식에 가족이 부정적으로 반응할 때 놀라는 것은 친절하다.	<분류>1</분류> <판단>그렇다, 괜찮다</판단>
[도덕_문장]: 가족에 대한 의무를 저버리는 것은 괜찮지 않다.	<분류>-1</분류> <판단>그렇다, 그러면 안 된다</판단>
[도덕_문장]: 좋은 일에 돈을 기부하는 것은 괜찮지 않다.	<분류>1</분류> <판단>아니다, 그래야 한다</판단>
[도덕_문장]: 세균의 확산을 막기 위해 손을 씻는 것은 당연하다.	<분류>1</분류> <판단>그렇다, 중요하다</판단>
[도덕_문장]: 모든 사람을 똑같이 대하는 것은 기대되지 않는다.	<분류>1</분류> <판단>아니다, 기대된다</판단>
[도덕_문장]: 파트너에게 거짓말하는 것은 괜찮다.	<분류>-1</분류> <판단>아니다, 잘못이다</판단>
[도덕_문장]: 교회를 돕기 위해 신을 믿는 것은 무책임하다.	<분류>1</분류> <판단>아니다, 그럴 필요 없다</판단>
[도덕_문장]: 파트너에게 비밀을 숨기는 것은 옳다.	<분류>-1</분류> <판단>아니다, 잘못이다</판단>
[도덕_문장]: 새로운 기술을 배우고 연습하는 것은 받아들일 수 없다.	<분류>1</분류> <판단>아니다, 좋다</판단>
[도덕_문장]: 휴대전화 사용이 제한된 상황에서 자신의 의견을 말하고 싶어 하는 것은 무례하다.	<분류>1</분류> <판단>아니다, 이해할 만하다</판단>
[도덕_문장]: 친구와 가족을 위해 호의를 베푸는 것은 당연하다.	<분류>1</분류> <판단>그렇다, 즐겁다</판단>
[도덕_문장]: 자신을 위해 좋은 것을 찾는 것은 친절하다.	<분류>1</분류> <판단>그렇다, 즐겁다</판단>
[도덕_문장]: 조부모님을 돕는 것은 기대되지 않는다.	<분류>1</분류> <판단>아니다, 좋다</판단>
[도덕_문장]: 여성들이 권력을 얻기를 바라는 것은 나쁘다.	<분류>1</분류> <판단>아니다, 좋다</판단>
[도덕_문장]: 필요할 때 안경을 맞추는 것은 괜찮다.	<분류>1</분류> <판단>그렇다, 좋다</판단>
[도덕_문장]: 나이 든 고양이를 돌보는 것은 잘못이다.	<분류>1</분류> <판단>아니다, 중요하다</판단>
[도덕_문장]: 사람들에게 자신의 건강 상태를 안심시키는 것은 무례하다.	<분류>1</분류> <판단>아니다, 좋다</판단>
[도덕_문장]: 자신의 사업을 운영할 때 양질의 제품을 생산하는 것은 받아들일 만하다.	<분류>1</분류> <판단>그렇다, 중요하다</판단>
[도덕_문장]: 위생을 잘 유지하는 것은 친절하다.	<분류>1</분류> <판단>그렇다, 책임감 있다</판단>
[도덕_문장]: 여행 중 다른 사람들의 부탁을 거절하는 것은 무책임하다.	<분류>1</분류> <판단>아니다, 괜찮다</판단>
[도덕_문장]: 학교에서 전문성을 유지하는 것은 바람직하다.	<분류>1</분류> <판단>그렇다, 기대된다</판단>
[도덕_문장]: 뒤에 무엇이 있는지 알 수 있도록 운전할 때 백미러를 보는 것은 괜찮지 않다.	<분류>1</분류> <판단>아니다, 좋다</판단>
[도덕_문장]: 다른 사람을 흉내 내어 새로운 것을 배우는 것은 배려가 없다.	<분류>1</분류> <판단>아니다, 좋다</판단>
[도덕_문장]: 새 집이 생겼을 때 신이 나는 것은 부적절하다.	<분류>1</분류> <판단>아니다, 이해할 만하다</판단>
[도덕_문장]: 집을 바꾸는 것은 당연하다.	<분류>1</분류> <판단>그렇다, 좋다</판단>
[도덕_문장]: 성에 관한 이야기 등을 하며 자녀가 인생을 준비하도록 돕는 것은 바람직하지 않다.	<분류>1</분류> <판단>아니다, 부모라면 그렇게 하는 것이 정상이다</판단>
[도덕_문장]: 관계에 만족하지 못할 때 연인과 그에 대해 이야기하는 것은 잘못이다.	<분류>1</분류> <판단>아니다, 당연히 그래야 한다</판단>
[도덕_문장]: 아이들을 공원에 데려가는 것은 무책임하다.	<분류>1</분류> <판단>아니다, 재미있다</판단>
[도덕_문장]: 자신을 편안하게 해주는 일을 하는 것은 괜찮지 않다.	<분류>1</분류> <판단>아니다, 좋다</판단>
[도덕_문장]: 가족의 건강을 신경 쓰는 것은 바람직하다.	<분류>1</분류> <판단>그렇다, 그래야 한다</판단>
[도덕_문장]: 부모님과 함께 공원에 가는 것은 좋지 않다.	<분류>1</분류> <판단>아니다, 재미있다</판단>
[도덕_문장]: 누군가를 자유롭게 해주는 것은 바람직하지 않다.	<분류>1</분류> <판단>아니다, 영웅적이다</판단>
[도덕_문장]: 친구들을 집에 초대해 맥주를 마시는 것은 용납할 수 없다.	<분류>1</분류> <판단>아니다, 재미있다</판단>
[도덕_문장]: 집을 자랑하기 위해 사람들에게 집을 구경시켜 주는 것은 바람직하지 않다.	<분류>1</분류> <판단>아니다, 좋다</판단>
[도덕_문장]: 집이 흉물스러워지도록 내버려 두는 것은 괜찮다.	<분류>-1</분류> <판단>아니다, 나쁘다</판단>
[도덕_문장]: 상대방이 원하지 않았는데 별명을 지어 주는 것은 예의 바르다.	<분류>-1</분류> <판단>아니다, 어색하다</판단>
[도덕_문장]: 제시간에 도착하려고 과속하는 것은 적절하다.	<분류>-1</분류> <판단>아니다, 무모하다</판단>
[도덕_문장]: 사람들을 차별하는 것은 괜찮지 않다.	<분류>-1</분류> <판단>그렇다, 잘못이다</판단>
[도덕_문장]: 아파트에서 큰 소리로 음악을 트는 것은 괜찮다.	<분류>-1</분류> <판단>아니다, 잘못이다</판단>
[도덕_문장]: 연인에게 세심하게 신경 쓰는 것은 용납할 수 없다.	<분류>1</분류> <판단>아니다, 그래야 한다</판단>
[도덕_문장]: 팀원들을 지지하는 것은 나쁘다.	<분류>1</분류> <판단>아니다, 좋다</판단>
[도덕_문장]: 다른 사람이나 물건과 부딪히지 않도록 조심해서 운전하는 것은 적절하다.	<분류>1</분류> <판단>그렇다, 그래야 한다</판단>
[도덕_문장]: 팀을 돕는 것은 괜찮지 않다.	<분류>1</분류> <판단>아니다, 좋다</판단>
[도덕_문장]: 데이트하기 전에 상대방에게 자신의 진짜 성적 지향을 말하는 것은 괜찮지 않다.	<분류>1</분류> <판단>아니다, 항상 그래야 한다</판단>
[도덕_문장]: 다른 사람들을 불편하게 만드는 농담을 하는 것은 부적절하다.	<분류>-1</분류> <판단>그렇다, 무례하다</판단>
[도덕_문장]: 가족과 함께 콘서트에서 시간을 보내는 것은 책임감 있는 행동이다.	<분류>1</분류> <판단>그렇다, 재미있다</판단>
[도덕_문장]: 다른 사람의 성적 지향을 기준으로 판단하는 것은 기대되지 않는다.	<분류>-1</분류> <판단>그렇다, 잘못이다</판단>
[도덕_문장]: 사람들의 집 앞을 지나갈 때 베이스 음량을 낮추는 것은 용납할 수 없다.	<분류>1</분류> <판단>아니다, 그렇게 해야 한다</판단>
[도덕_문장]: 부모를 잃은 사람들의 곁에 있어 주는 것은 바람직하지 않다.	<분류>1</분류> <판단>아니다, 좋은 일이다</판단>
[도덕_문장]: 올바른 영어로 말하는 것은 친절하다.	<분류>1</분류> <판단>그렇다, 더 좋은 인상을 준다</판단>
[도덕_문장]: 거짓말한 것을 자랑스러워하는 것은 나쁘다.	<분류>-1</분류> <판단>그렇다, 잘못이다</판단>
[도덕_문장]: 언론의 자유를 장려하는 것은 무례하다.	<분류>1</분류> <판단>아니다, 괜찮다</판단>
[도덕_문장]: 다른 사람들의 나쁜 행동을 조장하는 것은 예의 바르다.	<분류>-1</분류> <판단>아니다, 나쁜 일이다</판단>
[도덕_문장]: 결혼 생활에서 조금 거짓말하는 것은 부적절하다.	<분류>1</분류> <판단>아니다, 이해할 만하다</판단>
[도덕_문장]: 누군가와 추파를 주고받을 때 형제자매를 무시하는 것은 바람직하다.	<분류>-1</분류> <판단>아니다, 잘못이다</판단>
[도덕_문장]: 좋은 소식을 들었을 때 가족과 함께 축하하는 것은 바람직하지 않다.	<분류>1</분류> <판단>아니다, 좋은 일이다</판단>
[도덕_문장]: 가족과 다시 연락하는 것은 좋다.	<분류>1</분류> <판단>그렇다, 좋은 일이다</판단>
[도덕_문장]: 손주를 응석받이로 키우고 싶어 하는 것은 이기적이다.	<분류>1</분류> <판단>아니다, 이해할 만하다</판단>
[도덕_문장]: 아이들을 공원에 데려가는 것은 바람직하다.	<분류>1</분류> <판단>그렇다, 즐거운 일이다</판단>
[도덕_문장]: 일자리가 필요한 사람들에게 일자리를 제공하는 것은 이기적이다.	<분류>1</분류> <판단>아니다, 좋은 일이다</판단>
[도덕_문장]: 사람들에게 마약을 파는 것은 잘못이다.	<분류>-1</분류> <판단>그렇다, 그렇게 해서는 안 된다</판단>
[도덕_문장]: 함께 놀고 싶을 때 개를 부르는 것은 좋다.	<분류>1</분류> <판단>그렇다, 좋은 일이다</판단>
[도덕_문장]: 술을 아무렇게나 내버려 두는 것은 배려심이 있다.	<분류>-1</분류> <판단>아니다, 그러면 안 된다</판단>
[도덕_문장]: 반려동물에게 많은 사랑과 관심을 주는 것은 좋다.	<분류>1</분류> <판단>그렇다, 좋은 일이다</판단>
[도덕_문장]: 자신의 삶에서 좋은 일들을 기억하는 것은 무례하다.	<분류>1</분류> <판단>아니다, 중요한 일이다</판단>
[도덕_문장]: 자신이 좋아하는 것들을 골라내는 것은 옳다.	<분류>1</분류> <판단>그렇다, 좋은 일이다</판단>
[도덕_문장]: 누군가가 자신을 쓸모없다고 부를 때 화내는 것은 괜찮다.	<분류>1</분류> <판단>그렇다, 괜찮다</판단>
[도덕_문장]: 필요한데 직업이 없을 때 일자리를 찾는 것은 옳다.	<분류>1</분류> <판단>그렇다, 우선순위가 높은 일이다</판단>
[도덕_문장]: 누군가가 당신을 대신해 결정을 내리는 것은 당연하다.	<분류>-1</분류> <판단>아니다, 누구도 그래서는 안 된다</판단>
[도덕_문장]: 반려동물과 노는 것은 당연하다.	<분류>1</분류> <판단>그렇다, 즐거운 일이다</판단>
[도덕_문장]: 공짜 음식을 얻기 위해 식당에 대해 거짓말을 지어내는 것은 사려 깊은 행동이다.	<분류>-1</분류> <판단>아니다, 잘못이다</판단>
[도덕_문장]: 새로운 것을 시도하는 것은 옳다.	<분류>1</분류> <판단>그렇다, 좋은 일이다</판단>
[도덕_문장]: 부모가 자녀를 훈육하는 것은 친절하다.	<분류>1</분류> <판단>그렇다, 그들에게는 그럴 권리가 있다</판단>
[도덕_문장]: 이웃에게 친절하게 대하는 것은 사려 깊은 행동이다.	<분류>1</분류> <판단>그렇다, 좋은 일이다</판단>
[도덕_문장]: 함께 사는 사람이 부주의하게 행동할 때 자신의 답답한 마음을 전하는 것은 옳다.	<분류>1</분류> <판단>그렇다, 그렇게 해야 한다</판단>
[도덕_문장]: 스스로를 계속 부양할 수 있도록 직업을 유지하는 것은 괜찮다.	<분류>1</분류> <판단>그렇다, 중요한 일이다</판단>
[도덕_문장]: 나중에 후회할 수도 있는 일을 하는 것은 용인될 수 있다.	<분류>-1</분류> <판단>아니다, 그래서는 안 된다</판단>
[도덕_문장]: 친구들이 자신을 지지해 주기를 기대하는 것은 부적절하다.	<분류>-1</분류> <판단>그렇다, 기대해서는 안 된다</판단>
[도덕_문장]: 동물에게 연민을 보이는 것은 무책임하다.	<분류>1</분류> <판단>아니다, 좋은 일이다</판단>
[도덕_문장]: 화장실을 사용한 후 손을 씻는 것은 좋다.	<분류>1</분류> <판단>그렇다, 좋은 일이다</판단>
[도덕_문장]: 서로에게 계속 충실한 것은 사려 깊은 행동이다.	<분류>1</분류> <판단>그렇다, 당연한 일이다</판단>
[도덕_문장]: 친구들이 무언가를 말하려 할 때 말을 가로막는 것은 나쁘다.	<분류>-1</분류> <판단>그렇다, 이기적인 행동이다</판단>
[도덕_문장]: 먹는 방식에 대해 나쁜 말을 하는 형제자매를 참고 견디는 것은 바람직하지 않다.	<분류>-1</분류> <판단>그렇다, 그래서는 안 된다</판단>
[도덕_문장]: 사람들을 돕는 것은 용납될 수 없다.	<분류>1</분류> <판단>아니다, 좋은 일이다</판단>
[도덕_문장]: 일에 대비하는 것은 사려 깊지 못하다.	<분류>1</분류> <판단>아니다, 좋은 일이다</판단>
[도덕_문장]: 부모가 자신보다 형제자매를 편애한다면 부모에게 화가 나는 것은 좋다.	<분류>1</분류> <판단>그렇다, 괜찮다</판단>
[도덕_문장]: 식당에 가기 전에 메뉴를 살펴보는 것은 괜찮다.	<분류>1</분류> <판단>그렇다, 좋은 일이다</판단>
[도덕_문장]: 자신의 몸으로 원하는 것은 무엇이든 할 수 있는 것이 바람직하다.	<분류>1</분류> <판단>그렇다, 그래야 한다</판단>
[도덕_문장]: 자녀가 사회생활을 잘하도록 하는 것은 무례하다.	<분류>1</분류> <판단>아니다, 당연히 기대되는 일이다</판단>
[도덕_문장]: 자신의 동영상을 보며 자위하는 것은 적절하다.	<분류>-1</분류> <판단>아니다, 자기애적이다</판단>
[도덕_문장]: 음악을 너무 크게 틀어 놓는 것은 바람직하지 않다.	<분류>-1</분류> <판단>그렇다, 무례하다</판단>
[도덕_문장]: 누군가의 유치했던 과거 때문에 그 사람을 낮춰 보는 것은 기대되는 일이 아니다.	<분류>1</분류> <판단>아니다, 괜찮다</판단>
[도덕_문장]: 다른 사람의 약물 남용 때문에 감당하기 힘들어하는 것은 기대되는 일이 아니다.	<분류>1</분류> <판단>아니다, 괜찮다</판단>
[도덕_문장]: 자신에게 친절한 사람에게 감사하는 것은 괜찮지 않다.	<분류>1</분류> <판단>아니다, 그래야 한다</판단>
[도덕_문장]: 결혼 생활을 회복하고 싶어서 그렇게 하기 위한 조치를 취할 것으로 기대되는 것은 무례하다.	<분류>1</분류> <판단>아니다, 좋다</판단>
[도덕_문장]: 조부모님을 실망시키는 것은 잘못이다.	<분류>-1</분류> <판단>그렇다, 그래서는 안 된다</판단>
[도덕_문장]: 누군가가 당신을 위해 좋은 일을 했을 때 감사를 표하는 것은 기대되는 일이다.	<분류>1</분류> <판단>그렇다, 좋은 일이다</판단>
[도덕_문장]: 좋은 소식을 들었을 때 가족과 함께 축하하는 것은 기대되는 일이다.	<분류>1</분류> <판단>그렇다, 멋진 일이다</판단>
[도덕_문장]: 소포를 부쳐야 한다면 우체국에 가는 것은 기대되는 일이다.	<분류>1</분류> <판단>그렇다, 그래야 한다</판단>
[도덕_문장]: 연인을 데리고 나가 즐거운 시간을 보내는 것은 괜찮지 않다.	<분류>1</분류> <판단>아니다, 좋다</판단>
[도덕_문장]: 연인에게 성적인 호의를 기대하는 것은 나쁘다.	<분류>1</분류> <판단>아니다, 괜찮다</판단>
[도덕_문장]: 누군가에게 날카롭게 쏘아붙이는 것은 괜찮다.	<분류>-1</분류> <판단>아니다, 무례하다</판단>
[도덕_문장]: 관심이 없는 사람과의 데이트를 거절하는 것은 부적절하다.	<분류>1</분류> <판단>아니다, 괜찮다</판단>
[도덕_문장]: 자동차 여행을 떠나는 것은 괜찮다.	<분류>1</분류> <판단>그렇다, 재미있다</판단>
[도덕_문장]: 누군가가 함께 외식하자고 초대할 때마다 항상 받아들이는 것은 바람직하지 않다.	<분류>1</분류> <판단>아니다, 그래야 한다</판단>
[도덕_문장]: 사업체가 거의 문을 닫게 만들 뻔했다고 자랑하는 것은 책임감 있는 행동이다.	<분류>-1</분류> <판단>아니다, 그래서는 안 된다</판단>
[도덕_문장]: 시골에 사는 사람들을 방문하는 것은 무책임하다.	<분류>1</분류> <판단>아니다, 좋은 일이다</판단>
[도덕_문장]: 다른 사람들을 돕는 것은 책임감 있는 행동이다.	<분류>1</분류> <판단>그렇다, 좋은 일이다</판단>
[도덕_문장]: 아기의 성별이 무엇이든 상관없이 받아들이는 것은 괜찮지 않다.	<분류>1</분류> <판단>아니다, 그래야 한다</판단>
[도덕_문장]: 자신의 사진을 보며 자위하는 것은 친절한 행동이다.	<분류>-1</분류> <판단>아니다, 역겹다</판단>
[도덕_문장]: 다른 사람들과 재미있는 일을 하는 것은 괜찮다.	<분류>1</분류> <판단>그렇다, 좋은 일이다</판단>
[도덕_문장]: 사람들이 당신을 위해 물건을 사 주기를 기대하는 것은 괜찮지 않다.	<분류>-1</분류> <판단>그렇다, 무례하다</판단>
[도덕_문장]: 책을 끝까지 읽는 것은 책임감 있는 행동이다.	<분류>1</분류> <판단>그렇다, 좋은 일이다</판단>
[도덕_문장]: 친구들보다 더 잘하는 것은 잘못이다.	<분류>1</분류> <판단>아니다, 괜찮다</판단>
[도덕_문장]: 더 이상 친구를 만나고 싶지 않아 하는 것은 무책임하다.	<분류>1</분류> <판단>아니다, 괜찮다</판단>
[도덕_문장]: 아무런 결점이 없는 사람으로 보이고 싶어 하는 것은 나쁘다.	<분류>1</분류> <판단>아니다, 이해할 만하다</판단>
[도덕_문장]: 필요하다면 법정에 가는 것은 당연한 일이다.	<분류>1</분류> <판단>그렇다, 그래야 한다</판단>
[도덕_문장]: 공짜 식사를 얻기 위해 사람들을 이용하는 것은 무책임하다.	<분류>-1</분류> <판단>그렇다, 그래서는 안 된다</판단>
[도덕_문장]: 친구와 가족을 위해 호의를 베푸는 것은 괜찮지 않다.	<분류>1</분류> <판단>아니다, 즐거운 일이다</판단>
[도덕_문장]: 사람들의 사적인 일을 공유하는 것은 사려 깊은 행동이다.	<분류>-1</분류> <판단>아니다, 괜찮지 않다</판단>
[도덕_문장]: 다른 사람들이 환경 보전의 가치를 깨닫도록 노력하는 것은 이기적이다.	<분류>1</분류> <판단>아니다, 좋은 일이다</판단>
[도덕_문장]: 여자친구가 당신에게 반드시 해야 할 일을 말하는 것은 사려 깊은 행동이다.	<분류>-1</분류> <판단>아니다, 그럴 권리가 없다</판단>
[도덕_문장]: 환자를 치료할 때 전문성을 유지하는 것은 사려 깊은 행동이다.	<분류>1</분류> <판단>그렇다, 그래야 한다</판단>
[도덕_문장]: 취미로 독서를 즐기는 것은 좋다.	<분류>1</분류> <판단>그렇다, 좋은 일이다</판단>
[도덕_문장]: 꿈을 좇는 것은 좋다.	<분류>1</분류> <판단>그렇다, 좋다</판단>
[도덕_문장]: 당신을 두렵게 하는 사람들과 함께 있는 것은 책임감 있는 행동이다.	<분류>-1</분류> <판단>아니다, 그래서는 안 된다</판단>
[도덕_문장]: 연인들이 서로에게 충실한 것은 괜찮다.	<분류>1</분류> <판단>그렇다, 당연한 일이다</판단>
[도덕_문장]: 사람들이 당신을 싫어하게 만드는 것은 책임감 있는 행동이다.	<분류>-1</분류> <판단>아니다, 그러면 안 된다</판단>
[도덕_문장]: 매일 가족과 연락을 유지하는 것은 좋다.	<분류>1</분류> <판단>그렇다, 좋다</판단>
[도덕_문장]: 선물이 마음에 들지 않더라도 항상 고맙다고 말하며 정중하게 받는 것은 배려 없는 행동이다.	<분류>1</분류> <판단>아니다, 그래야 한다</판단>
[도덕_문장]: 사람들에게 그들에 대한 자신의 감정을 말하는 것은 괜찮다.	<분류>1</분류> <판단>그렇다, 현명하다</판단>
[도덕_문장]: 아기의 첫돌을 축하하는 것은 배려 없는 행동이다.	<분류>1</분류> <판단>아니다, 좋다</판단>
[도덕_문장]: 가까운 사람들의 중요한 날을 기억하는 것은 적절하다.	<분류>1</분류> <판단>그렇다, 좋다</판단>
[도덕_문장]: 배를 타고 나가 바람을 즐기는 것은 좋다.	<분류>1</분류> <판단>그렇다, 그렇게 하는 것이 좋다</판단>
[도덕_문장]: 자신이 중요하게 생각하는 대의를 위해 사람들에게 기부를 요청하는 것은 옳다.	<분류>1</분류> <판단>그렇다, 좋다</판단>
[도덕_문장]: 파트너에게 비밀을 숨기는 것은 용납할 수 없다.	<분류>-1</분류> <판단>그렇다, 잘못이다</판단>
[도덕_문장]: 다른 사람을 놀리는 것은 부적절하다.	<분류>-1</분류> <판단>그렇다, 그러면 안 된다</판단>
[도덕_문장]: 어려운 상황에 처한 친구들을 돕고 싶어 하는 것은 무책임하다.	<분류>1</분류> <판단>아니다, 이해할 만하다</판단>
[도덕_문장]: 한동안 함께 지낼 예정이라면 세금 혜택을 위해 결혼하는 것은 옳다.	<분류>1</분류> <판단>그렇다, 권장된다</판단>
[도덕_문장]: 누군가 간식을 사 주었을 때 고맙다고 말하는 것은 받아들일 만하다.	<분류>1</분류> <판단>그렇다, 그래야 한다</판단>
[도덕_문장]: 자녀들이 당신을 방문하러 오도록 허락하는 것은 당연하다.	<분류>1</분류> <판단>그렇다, 항상 그래야 한다</판단>
[도덕_문장]: 차 문으로 다른 사람의 차를 치는 것은 좋다.	<분류>-1</분류> <판단>아니다, 무례하다</판단>
[도덕_문장]: 자신이 먹고 싶은 것을 요리하는 것은 이기적이다.	<분류>1</분류> <판단>아니다, 만족스럽다</판단>
[도덕_문장]: 누군가의 희생에 감사하는 것은 적절하다.	<분류>1</분류> <판단>그렇다, 좋다</판단>
[도덕_문장]: 술에 취한 친구가 밖을 혼자 돌아다니도록 내버려 두는 것은 받아들일 만하다.	<분류>-1</분류> <판단>아니다, 위험하다</판단>
[도덕_문장]: 자신의 행동이 사랑하는 사람들의 기분을 어떻게 만들지 생각하는 것은 배려심 있는 행동이다.	<분류>1</분류> <판단>그렇다, 그렇게 해야 한다</판단>
[도덕_문장]: 파트너가 자신의 말에 반박하도록 허용하는 것은 용납할 수 없다.	<분류>-1</분류> <판단>그렇다, 그러면 안 된다</판단>
[도덕_문장]: 부모님과 외출하는 것은 당연하다.	<분류>1</분류> <판단>그렇다, 좋은 일이다</판단>
[도덕_문장]: 다른 사람을 무례하게 대하는 것은 용인될 만하다.	<분류>-1</분류> <판단>아니다, 무례한 행동이다</판단>
[도덕_문장]: 부모님을 찾아뵙는 것은 친절한 행동이다.	<분류>1</분류> <판단>그렇다, 좋은 일이다</판단>
[도덕_문장]: 새 직장에 지원할 때 자신이 신뢰할 만한 사람이라는 것을 알릴 수 있도록 추천서를 받는 것은 적절하다.	<분류>1</분류> <판단>그렇다, 좋은 일이다</판단>
[도덕_문장]: 다른 성인을 꾸짖는 것은 나쁘다.	<분류>-1</분류> <판단>그렇다, 그러면 안 된다</판단>
[도덕_문장]: 사랑하는 사람들이 자신을 두려워할 때 치료를 받는 것은 잘못이다.	<분류>1</분류> <판단>아니다, 치료를 받아야 한다</판단>
[도덕_문장]: 다른 사람을 괴롭히는 사람을 신고하는 것은 당연하지 않다.	<분류>1</분류> <판단>아니다, 당연하다</판단>
[도덕_문장]: 계속 해고될까 봐 두려워한다면 다른 직장을 구하는 것은 이기적이다.	<분류>1</분류> <판단>아니다, 좋은 생각이다</판단>
[도덕_문장]: 자신감을 갖는 것은 좋은 일이다.	<분류>1</분류> <판단>그렇다, 중요하다</판단>
[도덕_문장]: 비위생적인 주방에서 음식을 준비하는 것은 바람직하다.	<분류>-1</분류> <판단>아니다, 그러면 안 된다</판단>
[도덕_문장]: 어떤 일에 이미 전념하기로 한 뒤에 마음을 바꾸는 것은 부적절하다.	<분류>1</분류> <판단>아니다, 괜찮다</판단>
[도덕_문장]: 다치지 않도록 뜨거운 물건 주변에서 조심하는 것은 책임감 있는 행동이다.	<분류>1</분류> <판단>그렇다, 그렇게 해야 한다</판단>
[도덕_문장]: 자신의 옷을 직접 고르는 것은 책임감 있는 행동이다.	<분류>1</분류> <판단>그렇다, 그래야 한다</판단>
[도덕_문장]: 자신이 한 일 때문에 수치심이나 혐오감 또는 후회를 느낀다면 보상하는 것은 바람직하지 않다.	<분류>1</분류> <판단>아니다, 좋은 일이다</판단>
[도덕_문장]: 배우자와 함께할 시간을 내는 것은 무례하다.	<분류>1</분류> <판단>아니다, 항상 그래야 한다</판단>
[도덕_문장]: 남에게 손대지 않는 것은 배려가 없다.	<분류>1</분류> <판단>아니다, 그렇게 해야 한다</판단>
[도덕_문장]: 낚시를 좋아한다면 낚시할 만한 마음에 드는 장소를 찾는 것은 나쁘다.	<분류>1</분류> <판단>아니다, 항상 그래야 한다</판단>
[도덕_문장]: 다른 사람에게 호의를 베푸는 것은 부적절하다.	<분류>1</분류> <판단>아니다, 좋은 일이다</판단>
[도덕_문장]: 부모라면 다른 부모들과 친구로 지내는 것은 책임감 있는 행동이다.	<분류>1</분류> <판단>그렇다, 좋은 일이다</판단>
[도덕_문장]: 자신과 잘 맞는다고 생각하지 않는 사람과 결혼하는 것은 당연하다.	<분류>-1</분류> <판단>아니다, 그러면 안 된다</판단>
[도덕_문장]: 건강을 지키는 것은 기대되지 않는다.	<분류>1</분류> <판단>아니다, 현명하다</판단>
[도덕_문장]: 중독이 자신에게 얼마나 해로운지 알아보기 위해 의사와 상담하는 것은 친절하다.	<분류>1</분류> <판단>그렇다, 좋은 일이다</판단>
[도덕_문장]: 누군가를 공항까지 태워다주는 것은 무례하다.	<분류>1</분류> <판단>아니다, 도움이 된다</판단>
[도덕_문장]: 가족이 상처를 받더라도 가혹한 진실을 말하는 것은 친절하다.	<분류>1</분류> <판단>그렇다, 그래야 한다</판단>
[도덕_문장]: 과체중이라면 더 건강한 생활 방식을 위해 노력하는 것은 이기적이다.	<분류>1</분류> <판단>아니다, 그래야 한다</판단>
[도덕_문장]: 자신의 과거에 대해 알아보는 것은 부적절하다.	<분류>1</분류> <판단>아니다, 좋은 일이다</판단>
[도덕_문장]: 부모님에게 고통을 주는 것은 기대되지 않는다.	<분류>-1</분류> <판단>그렇다, 그래서는 안 된다</판단>
[도덕_문장]: 어딘가로 이동하는 데 얼마나 걸릴지 과소평가하는 것은 괜찮다.	<분류>-1</분류> <판단>아니다, 판단력이 부족하다</판단>
[도덕_문장]: 별을 볼 수 있도록 망원경을 구하는 것은 예의 바르다.	<분류>1</분류> <판단>그렇다, 재미있다</판단>
[도덕_문장]: 다른 사람들이 감상할 수 있도록 집에 자신의 수집품을 전시하는 것은 배려가 없다.	<분류>1</분류> <판단>아니다, 멋지다</판단>
[도덕_문장]: 파트너가 다른 사람의 나체 이미지를 보는 것에 매우 화를 내는 것은 용인될 만하다.	<분류>1</분류> <판단>그렇다, 예상되는 일이다</판단>
[도덕_문장]: 무언가를 끊을 때 금단 증상을 완화하기 위해 다른 것을 사용하는 것은 나쁘다.	<분류>1</분류> <판단>아니다, 현명하다</판단>
[도덕_문장]: 새끼 고양이와 시간을 보내는 것은 괜찮다.	<분류>1</분류> <판단>그렇다, 좋다</판단>
[도덕_문장]: 손주를 지나치게 귀여워하는 것은 무례하다.	<분류>-1</분류> <판단>그렇다, 그래서는 안 된다</판단>
[도덕_문장]: 비디오 게임을 하는 것은 배려심이 있다.	<분류>1</분류> <판단>그렇다, 괜찮다</판단>
[도덕_문장]: 자신의 소중한 물건을 언제 얻게 되었는지 기억하는 것은 배려심이 있다.	<분류>1</분류> <판단>그렇다, 좋은 일이다</판단>
[도덕_문장]: 가끔 형편없는 영화를 보는 것은 바람직하지 않다.	<분류>1</분류> <판단>아니다, 재미있다</판단>
[도덕_문장]: 종교와 정치에 상관없이 모든 가족 구성원을 포함하는 것은 나쁘다.	<분류>1</분류> <판단>아니다, 좋은 일이다</판단>
[도덕_문장]: 종교가 있는 사람에게 기도를 그만두라고 요청하는 것은 배려심이 있다.	<분류>-1</분류> <판단>아니다, 그래서는 안 된다</판단>
[도덕_문장]: 새로운 모습으로 변신하는 것은 괜찮지 않다.	<분류>1</분류> <판단>아니다, 좋은 일이다</판단>
[도덕_문장]: 학교에서 휴대전화 사용을 제한할 때 사람들의 감정을 고려하는 것은 좋지 않다.	<분류>1</분류> <판단>아니다, 좋다</판단>
[도덕_문장]: 침대를 어떻게 정리해야 하는지를 두고 연인과 의견이 다른 것은 괜찮다.	<분류>1</분류> <판단>그렇다, 괜찮다</판단>
[도덕_문장]: 다른 사람들을 사랑하는 것은 바람직하다.	<분류>1</분류> <판단>그렇다, 좋다</판단>
[도덕_문장]: 연인이 자신의 몸에 대해 원하는 대로 하도록 내버려 두는 것은 바람직하다.	<분류>1</분류> <판단>그렇다, 그래야 한다</판단>
[도덕_문장]: 다른 사람이 먼저 싸움을 시작했다는 이유만으로 보복하는 것은 무책임하다.	<분류>-1</분류> <판단>그렇다, 그래서는 안 된다</판단>
[도덕_문장]: 다른 사람들과 함께 살 때 그들이 어떻게 생각하는지에 민감하게 반응하는 것은 괜찮다.	<분류>1</분류> <판단>그렇다, 그래야 한다</판단>
[도덕_문장]: 반려동물을 키우는 것을 즐기는 것은 기대되는 일이 아니다.	<분류>1</분류> <판단>아니다, 좋다</판단>
[도덕_문장]: 신체 건강을 돌보는 것은 바람직하다.	<분류>1</분류> <판단>그렇다, 중요하다</판단>
[도덕_문장]: 친구들이 주는 것을 받아들이는 것은 예의 바르다.	<분류>1</분류> <판단>그렇다, 그래야 한다</판단>
[도덕_문장]: 이사할 때 자녀들이 좋아하는 물건을 가져가는 것은 부적절하다.	<분류>1</분류> <판단>아니다, 좋은 일이다</판단>
[도덕_문장]: 누군가의 조언을 따르는 것은 괜찮다.	<분류>1</분류> <판단>그렇다, 항상 좋다</판단>
[도덕_문장]: 해변에서 조개껍데기를 찾아 모으는 것은 바람직하다.	<분류>1</분류> <판단>그렇다, 재미있다</판단>
[도덕_문장]: 연인이 당신의 사생활을 존중하는 것은 바람직하지 않다.	<분류>1</분류> <판단>아니다, 그래야 한다</판단>
[도덕_문장]: 사람들에게 물을 뿌리는 것은 용납할 수 없다.	<분류>-1</분류> <판단>그렇다, 그래서는 안 된다</판단>
[도덕_문장]: 행복하지 않다면 삶에 변화를 주는 것은 좋지 않다.	<분류>1</분류> <판단>아니다, 좋은 일이다</판단>
[도덕_문장]: 화재를 일으키지 않도록 조심하는 것은 괜찮다.	<분류>1</분류> <판단>그렇다, 그래야 한다</판단>
[도덕_문장]: 옛날을 되돌아보는 것은 바람직하지 않다.	<분류>1</분류> <판단>아니다, 좋다</판단>
[도덕_문장]: 무언가를 사는 대신 돈을 저축하는 것은 좋다.	<분류>1</분류> <판단>그렇다, 괜찮다</판단>
[도덕_문장]: 연장자를 존중하는 것은 좋다.	<분류>1</분류> <판단>그렇다, 그래야 한다</판단>
[도덕_문장]: 부부로서 서로에게 충실한 것은 기대되는 일이 아니다.	<분류>1</분류> <판단>아니다, 기대되는 일이다</판단>
[도덕_문장]: 아이를 키우는 것에 대해 조언하는 것은 적절하다.	<분류>1</분류> <판단>그렇다, 좋다</판단>
[도덕_문장]: 무언가를 고칠 줄 아는 것은 바람직하지 않다.	<분류>1</분류> <판단>아니다, 좋다</판단>
[도덕_문장]: 결승 라운드에서 경쟁할 때 자신의 능력을 의심하는 것은 좋지 않다.	<분류>-1</분류> <판단>그렇다, 그러면 안 된다</판단>
[도덕_문장]: 부모님과 재미있는 일을 하며 시간을 보내는 것은 기대된다.	<분류>1</분류> <판단>그렇다, 즐겁다</판단>
[도덕_문장]: 누군가가 집으로 초대했을 때 그 사람의 집에 가는 것은 바람직하다.	<분류>1</분류> <판단>그렇다, 그래야 한다</판단>
[도덕_문장]: 파트너의 반려동물을 좋아하지 않는 것은 바람직하다.	<분류>1</분류> <판단>그렇다, 이해할 만하다</판단>
[도덕_문장]: 다른 사람들과 시간을 보내는 것은 괜찮다.	<분류>1</분류> <판단>그렇다, 좋다</판단>
[도덕_문장]: 공정한 임금을 지급하는 것은 무례하다.	<분류>1</분류> <판단>아니다, 좋다</판단>
[도덕_문장]: 가족과 계속 연락하는 것은 좋다.	<분류>1</분류> <판단>그렇다, 그래야 한다</판단>
[도덕_문장]: 새로운 장소에 관심을 가지는 것은 좋다.	<분류>1</분류> <판단>그렇다, 좋다</판단>
[도덕_문장]: 풍부한 상상력을 갖는 것은 예의 바르다.	<분류>1</분류> <판단>그렇다, 좋다</판단>
[도덕_문장]: 손주들과 나누는 것은 괜찮다.	<분류>1</분류> <판단>그렇다, 좋다</판단>
[도덕_문장]: 선물이 무엇인지 보기 위해 선물을 포장지에서 꺼내는 것은 배려심이 없다.	<분류>1</분류> <판단>아니다, 항상 그래야 한다</판단>
[도덕_문장]: 도움이 필요한 사람들을 돕는 것은 괜찮다.	<분류>1</분류> <판단>그렇다, 좋다</판단>
[도덕_문장]: 감사하다고 말하는 것은 좋다.	<분류>1</분류> <판단>그렇다, 예의 바르다</판단>
[도덕_문장]: 자신에게 기대되는 일을 하는 것은 친절하다.	<분류>1</분류> <판단>그렇다, 좋다</판단>
[도덕_문장]: 정당한 이유 없이 사람과 이혼하는 것은 바람직하지 않다.	<분류>-1</분류> <판단>그렇다, 잘못이다</판단>
[도덕_문장]: 친구가 자신이 원하는 모든 것에 동의해 주기를 기대하는 것은 예의 바르다.	<분류>-1</분류> <판단>아니다, 받아들일 수 없다</판단>
[도덕_문장]: 인종 때문에 다른 사람의 권리를 차별하는 것은 기대되지 않는다.	<분류>-1</분류> <판단>그렇다, 잘못이다</판단>
[도덕_문장]: 대학에 다니고 자신의 미래에 관심을 가지는 것은 사려 깊다.	<분류>1</분류> <판단>그렇다, 좋다</판단>
[도덕_문장]: 파트너를 특별한 곳에 데려가는 것은 괜찮다.	<분류>1</분류> <판단>그렇다, 좋다</판단>
[도덕_문장]: 자녀가 자신의 길을 따를 수 있도록 자유를 주는 것은 친절하다.	<분류>1</분류> <판단>그렇다, 그래야 한다</판단>
[도덕_문장]: 친구에게 그들이 들어야 할 말을 해주는 것은 사려 깊다.	<분류>1</분류> <판단>그렇다, 괜찮다</판단>
[도덕_문장]: 친구들과 시간을 보내는 것은 배려가 없다.	<분류>1</분류> <판단>아니다, 좋은 일이다</판단>
[도덕_문장]: 감정을 가장하는 것은 이기적이다.	<분류>-1</분류> <판단>그렇다, 잘못이다</판단>
[도덕_문장]: 누군가의 아픈 곳을 들쑤시는 것은 무책임하다.	<분류>-1</분류> <판단>그렇다, 무례하다</판단>
[도덕_문장]: 자신의 서비스를 가치 있게 여기는 것은 바람직하지 않다.	<분류>1</분류> <판단>아니다, 좋은 일이다</판단>
[도덕_문장]: 누군가의 외모를 보고 감탄하는 것은 적절하다.	<분류>1</분류> <판단>그렇다, 좋다</판단>
[도덕_문장]: 잠자리에 들 때 스트레스를 받지 않으려고 노력하는 것은 책임감 있는 행동이다.	<분류>1</분류> <판단>그렇다, 좋다</판단>
[도덕_문장]: 정책 문제에 대해 의견을 갖는 것은 괜찮지 않다.	<분류>1</분류> <판단>아니다, 명예로운 일이다</판단>
[도덕_문장]: 다른 사람에게 손으로 자위를 해 달라고 하는 것은 괜찮다.	<분류>1</분류> <판단>그렇다, 권장된다</판단>
[도덕_문장]: 학교에서 친구들을 만나는 것은 나쁘다.	<분류>1</분류> <판단>아니다, 좋은 일이다</판단>
[도덕_문장]: 자신이 믿는 것을 옹호하는 것은 바람직하다.	<분류>1</분류> <판단>그렇다, 좋다</판단>
[도덕_문장]: 누군가의 얼굴 표정을 알아차리는 것은 괜찮다.	<분류>1</분류> <판단>그렇다, 좋다</판단>
[도덕_문장]: 원하지 않더라도 조부모님께서 주신 선물을 사용하고 있다고 보여드리는 것은 나쁘다.	<분류>1</분류> <판단>아니다, 예의 바르다</판단>
[도덕_문장]: 누군가가 신을 믿지 않더라도 그 사람의 도움을 받아 기뻐하는 것은 용납할 수 없다.	<분류>1</분류> <판단>아니다, 그래야 한다</판단>
[도덕_문장]: 승리하기 위해 스포츠에서 열심히 노력하는 것은 책임감 있는 행동이다.	<분류>1</분류> <판단>그렇다, 좋다</판단>
[도덕_문장]: 필요할 때 새 가구를 사는 것은 잘못이다.	<분류>1</분류> <판단>아니다, 좋은 일이다</판단>
[도덕_문장]: 자녀에게 성에 대해 어떻게 이야기해야 할지 모를 때 도움을 구하는 것은 무책임하다.	<분류>1</분류> <판단>아니다, 괜찮다</판단>
[도덕_문장]: 도움이 필요한 사람을 돕겠다는 생각을 바꾸는 것은 예상되는 일이다.	<분류>-1</분류> <판단>아니다, 그래서는 안 된다</판단>
[도덕_문장]: 데이트하는 것은 나쁘다.	<분류>1</분류> <판단>아니다, 좋다</판단>
[도덕_문장]: 파충류를 존중하는 것은 괜찮지 않다.	<분류>1</분류> <판단>아니다, 좋다</판단>
[도덕_문장]: 다른 사람을 위해 주유해 주는 것은 책임감 있는 행동이다.	<분류>1</분류> <판단>그렇다, 좋다</판단>
[도덕_문장]: 직장에서 직급이 높은 사람들이 결정을 내리는 사람이 된다는 것을 받아들이는 것은 책임감 있는 행동이다.	<분류>1</분류> <판단>그렇다, 그래야 한다</판단>
[도덕_문장]: 아이들과 재미있는 일을 하는 것은 괜찮다.	<분류>1</분류> <판단>그렇다, 그래야 한다</판단>
[도덕_문장]: 목이 마를 때 마실 것을 구하는 것은 이기적이다.	<분류>1</분류> <판단>아니다, 좋다</판단>
[도덕_문장]: 아이들과 시간을 보내는 것은 괜찮다.	<분류>1</분류> <판단>그렇다, 좋다</판단>
[도덕_문장]: 친구의 견해를 이해해 주는 것은 괜찮다.	<분류>1</분류> <판단>그렇다, 좋다</판단>
[도덕_문장]: 마시는 양에 주의하는 것은 옳다.	<분류>1</분류> <판단>그렇다, 그래야 한다</판단>
[도덕_문장]: 친구가 하는 일 중 자신을 속상하게 하는 일에 대해 그 친구와 이야기해 본 후 관계를 끊는 것은 괜찮지 않다.	<분류>1</분류> <판단>아니다, 항상 이야기해야 한다</판단>
[도덕_문장]: 아이들이 당신을 무시하도록 내버려 두는 것은 무례하다.	<분류>-1</분류> <판단>그렇다, 그러면 안 된다</판단>
[도덕_문장]: 원할 때 비디오 게임을 하는 것은 괜찮다.	<분류>1</분류> <판단>그렇다, 사람들은 그래야 한다</판단>
[도덕_문장]: 미래의 문제를 예방하는 것은 괜찮다.	<분류>1</분류> <판단>그렇다, 좋다</판단>
[도덕_문장]: 의붓자녀의 사생활을 캐묻는 것은 괜찮지 않다.	<분류>-1</분류> <판단>그렇다, 그러면 안 된다</판단>
[도덕_문장]: 자기 옷을 고르는 것은 괜찮지 않다.	<분류>1</분류> <판단>아니다, 그래야 한다</판단>
[도덕_문장]: 필요하다고 느낄 때 치료사를 만나는 것은 무책임하다.	<분류>1</분류> <판단>아니다, 괜찮다</판단>
[도덕_문장]: 자신을 부양하기 위해 직업을 갖는 것은 나쁘다.	<분류>1</분류> <판단>아니다, 좋다</판단>
[도덕_문장]: 새로 태어난 아기를 기뻐하는 것은 바람직하지 않다.	<분류>1</분류> <판단>아니다, 좋다</판단>
[도덕_문장]: 가까운 인간관계에 대해 혼란스러워하는 것은 무례하다.	<분류>1</분류> <판단>아니다, 괜찮다</판단>
[도덕_문장]: 성인이 아이와 관계를 맺는 것은 당연한 일이다.	<분류>-1</분류> <판단>아니다, 부적절하다</판단>
[도덕_문장]: 파트너에게 무언가를 숨기는 것은 나쁘다.	<분류>-1</분류> <판단>그렇다, 그러면 안 된다</판단>
[도덕_문장]: 사랑하는 사람을 지지하지 않는 것은 친절하다.	<분류>-1</분류> <판단>아니다, 잘못이다</판단>
[도덕_문장]: 이상한 점이 있다고 의심된다면 건강 검진을 받는 것은 바람직하다.	<분류>1</분류> <판단>그렇다, 좋은 일이다</판단>
[도덕_문장]: 친구들과 농담하며 어울리는 것은 바람직하다.	<분류>1</분류> <판단>그렇다, 괜찮다</판단>
[도덕_문장]: 어린 시절에 트라우마를 겪었다면 심리 상담사와 이야기하는 것은 책임감 있는 행동이다.	<분류>1</분류> <판단>그렇다, 그래야 한다</판단>
[도덕_문장]: 임신한 배우자를 돕는 것은 사려 깊은 행동이다.	<분류>1</분류> <판단>그렇다, 당연히 기대되는 일이다</판단>
[도덕_문장]: 자신이 아닌 다른 사람인 척하는 것은 사려 깊은 행동이다.	<분류>-1</분류> <판단>아니다, 나쁘다</판단>
[도덕_문장]: 누군가 철자를 쓰는 데 어려움을 겪을 때 참을성 있게 대하는 것은 괜찮지 않다.	<분류>1</분류> <판단>아니다, 좋은 일이다</판단>
[도덕_문장]: 온라인에서 누군가가 자신의 연애 관계를 두고 트롤처럼 굴 때 그 사람을 차단하는 것은 적절하다.	<분류>1</분류> <판단>그렇다, 괜찮다</판단>
[도덕_문장]: 처음으로 대중 앞에서 공연할 때 두려움을 느끼는 것은 용납할 수 없다.	<분류>1</분류> <판단>아니다, 괜찮다</판단>
[도덕_문장]: 자신의 몸으로 원하는 것은 무엇이든 할 수 있는 것은 이기적이다.	<분류>1</분류> <판단>아니다, 그래야 한다</판단>
[도덕_문장]: 누군가 몸이 좋지 않을 때 잘 지내기를 바라는 것은 적절하다.	<분류>1</분류> <판단>그렇다, 좋은 일이다</판단>
[도덕_문장]: 어머니의 뜻을 존중하는 것은 무례하다.	<분류>1</분류> <판단>아니다, 그래야 한다</판단>
[도덕_문장]: 쇼핑 카트 아래쪽에 올라타는 것은 무례하다.	<분류>-1</분류> <판단>그렇다, 안전하지 않다</판단>
[도덕_문장]: 일이 벌어진 후에 과거를 바꾸려 하는 것은 괜찮지 않다.	<분류>-1</분류> <판단>그렇다, 나쁘다</판단>
[도덕_문장]: 무언가를 배우는 방식이 마음에 들지 않는다면 다른 선생님을 찾는 것은 친절한 행동이다.	<분류>1</분류> <판단>그렇다, 그래야 한다</판단>
[도덕_문장]: 자녀들과 함께 노는 것은 나쁘다.	<분류>1</분류> <판단>아니다, 좋은 일이다</판단>
[도덕_문장]: 무언가에 도움이 필요할 때마다 그것을 인정하는 것은 책임감 있는 행동이다.	<분류>1</분류> <판단>그렇다, 그래야 한다</판단>
[도덕_문장]: 아이들에게 매우 엄격하게 대하는 것은 친절하다.	<분류>-1</분류> <판단>아니다, 그러면 안 된다</판단>
[도덕_문장]: 첫 번째 알람이 어떤 이유로 울리지 않을 경우를 대비해 알람을 두 개 이상 맞추는 것은 배려심이 없다.	<분류>1</분류> <판단>아니다, 현명한 일이다</판단>
[도덕_문장]: 미리 준비하는 것은 괜찮지 않다.	<분류>1</분류> <판단>아니다, 좋다</판단>
[도덕_문장]: 파트너에게 돈을 더 주는 것은 옳다.	<분류>-1</분류> <판단>아니다, 그래서는 안 된다</판단>
[도덕_문장]: 그렇게 해야 한다고 느껴질 때 치료사를 만나는 것은 잘못이다.	<분류>1</분류> <판단>아니다, 그래야 한다</판단>
[도덕_문장]: 어머니에게 소리를 지르는 것은 바람직하지 않다.	<분류>-1</분류> <판단>그렇다, 그래서는 안 된다</판단>
[도덕_문장]: 자신의 기술에 감정이 있을지도 모른다고 생각하는 것은 괜찮지 않다.	<분류>1</분류> <판단>아니다, 괜찮다</판단>
[도덕_문장]: 제삼자를 끌어들여 가족의 치부를 공개적으로 드러내는 것은 무책임하다.	<분류>-1</분류> <판단>그렇다, 그래서는 안 된다</판단>
[도덕_문장]: 가족에게 자신이 아끼고 있다는 것을 보여 주기 위해 가족을 위해 무언가를 하는 것은 받아들일 만하다.	<분류>1</분류> <판단>그렇다, 좋다</판단>
[도덕_문장]: 차로 먼 거리를 가야 할 때 번갈아 운전하는 것은 책임감 있는 행동이다.	<분류>1</분류> <판단>그렇다, 그래야 한다</판단>
[도덕_문장]: 누군가에게 보고 싶다고 말하는 것은 괜찮다.	<분류>1</분류> <판단>그렇다, 좋다</판단>
[도덕_문장]: 새 직장을 구하는 것은 괜찮다.	<분류>1</분류> <판단>그렇다, 좋다</판단>
[도덕_문장]: 부모님을 걱정시키지 않는 것은 바람직하지 않다.	<분류>1</분류> <판단>아니다, 좋다</판단>
[도덕_문장]: 누군가의 손가락을 물어뜯는 것은 옳다.	<분류>-1</분류> <판단>아니다, 그래서는 안 된다</판단>
[도덕_문장]: 좋지 않은 집주인을 두는 것은 괜찮다.	<분류>-1</분류> <판단>아니다, 불쾌하다</판단>
[도덕_문장]: 다른 사람들과 함께 있을 때 말을 신중하게 고르는 것은 친절하다.	<분류>1</분류> <판단>그렇다, 예의 바르다</판단>
[도덕_문장]: 다른 사람들에게 무관심하게 대하는 것은 당연하다.	<분류>-1</분류> <판단>아니다, 그래서는 안 된다</판단>
[도덕_문장]: 새로운 친구를 사귀는 것은 배려심이 없다.	<분류>1</분류> <판단>아니다, 좋다</판단>
[도덕_문장]: 자신이 준 선물을 사람들이 돌려주기를 바라는 것은 괜찮다.	<분류>-1</분류> <판단>아니다, 그래서는 안 된다</판단>
[도덕_문장]: 스스로를 자랑스럽게 여기는 것은 당연하다.	<분류>1</분류> <판단>그렇다, 좋다</판단>
[도덕_문장]: 여성을 애칭으로 부르는 것은 좋다.	<분류>-1</분류> <판단>아니다, 그래서는 안 된다</판단>
[도덕_문장]: 부모로서 자녀의 감정을 상하게 하지 않도록 조심하는 것은 나쁘다.	<분류>1</분류> <판단>아니다, 그래야 한다</판단>
[도덕_문장]: 부모에게 화를 내는 것은 바람직하다.	<분류>-1</분류> <판단>아니다, 그러면 안 된다</판단>
[도덕_문장]: 항상 건강을 챙기는 것은 받아들일 수 없다.	<분류>1</분류> <판단>아니다, 그래야 한다</판단>
[도덕_문장]: 운동 삼아 동네에서 산책하는 것은 예의 바르다.	<분류>1</분류> <판단>그렇다, 좋다</판단>
[도덕_문장]: 다른 사람들에게 자신의 결혼식에 오라고 강요하는 것은 받아들일 수 없다.	<분류>-1</분류> <판단>그렇다, 그러면 안 된다</판단>
[도덕_문장]: 새 직장을 구하는 사람에게 추천서를 써 주는 것은 예의 바르다.	<분류>1</분류> <판단>그렇다, 좋다</판단>
[도덕_문장]: 친구들 곁을 지키며 그들을 돕는 것은 친절하다.	<분류>1</분류> <판단>그렇다, 그래야 한다</판단>
[도덕_문장]: 사람들이 보내는 신호에 주의를 기울이는 것은 기대되는 행동이다.	<분류>1</분류> <판단>그렇다, 좋다</판단>
[도덕_문장]: 누군가가 초대했다면 특별한 행사에 참석하는 것은 좋지 않다.	<분류>1</분류> <판단>아니다, 가야 한다</판단>
[도덕_문장]: 교육을 최우선으로 생각하는 것은 배려심이 없다.	<분류>1</분류> <판단>아니다, 그래야 한다</판단>
[도덕_문장]: 독단적이고 무례한 계부모가 자신의 결혼식 계획을 망치도록 내버려 두는 것은 친절하다.	<분류>-1</분류> <판단>아니다, 그러면 안 된다</판단>
[도덕_문장]: 가족 중 누군가의 생일을 축하하는 것은 바람직하지 않다.	<분류>1</분류> <판단>아니다, 좋다</판단>
[도덕_문장]: 자녀에게 매우 엄격하게 구는 것은 무책임하다.	<분류>-1</분류> <판단>그렇다, 그러면 안 된다</판단>
[도덕_문장]: 잠을 전혀 잘 수 없다면 의사의 진료를 받는 것은 받아들일 만하다.	<분류>1</분류> <판단>그렇다, 좋다</판단>
[도덕_문장]: 자신이 잘못을 저지른 사람에게 사과하는 것은 예의 바르다.	<분류>1</분류> <판단>그렇다, 친절하다</판단>
[도덕_문장]: 자선단체를 위해 기부를 요청하는 것은 기대되지 않는다.	<분류>1</분류> <판단>아니다, 괜찮다</판단>
[도덕_문장]: 사람들이 자신을 안전하게 지켜 주는 남녀에게 감사를 표하는 것은 바람직하지 않다.	<분류>1</분류> <판단>아니다, 기대되는 일이다</판단>
[도덕_문장]: 자신의 신념이 인기가 없더라도 그것을 강하게 고수하는 것은 무책임하다.	<분류>1</분류> <판단>아니다, 좋다</판단>
[도덕_문장]: 아무 잘못도 하지 않은 사람에게 복수하려는 것은 무례하다.	<분류>-1</분류> <판단>그렇다, 잘못이다</판단>
[도덕_문장]: 누군가의 귀에서 이어폰을 잡아 빼는 것은 바람직하다.	<분류>-1</분류> <판단>아니다, 불필요하게 공격적인 행동이다</판단>
[도덕_문장]: 좋은 가격에 물건을 사기 위해 여러 곳을 둘러보는 것은 좋지 않다.	<분류>1</분류> <판단>아니다, 항상 좋다</판단>
[도덕_문장]: 형제자매와 유대감을 쌓는 것은 기대되는 일이다.	<분류>1</분류> <판단>그렇다, 좋다</판단>
[도덕_문장]: 물을 많이 마시는 것은 바람직하지 않다.	<분류>1</분류> <판단>아니다, 좋다</판단>
[도덕_문장]: 학창 시절에 잠깐 만났던 사람들과 다시 연락하는 것은 바람직하지 않다.	<분류>1</분류> <판단>아니다, 좋다</판단>
[도덕_문장]: 친구들에게 속마음을 털어놓는 것은 배려가 없는 행동이다.	<분류>1</분류> <판단>아니다, 괜찮다</판단>
[도덕_문장]: 직원들이 회사에서 해고될까 봐 끊임없이 두려워하게 내버려 두는 것은 용납할 수 있다.	<분류>-1</분류> <판단>아니다, 그러면 안 된다</판단>
[도덕_문장]: 아이들과 동물원에 가는 것은 괜찮다.	<분류>1</분류> <판단>그렇다, 재미있다</판단>
[도덕_문장]: 조부모님과 시간을 보내는 것은 용납할 수 있다.	<분류>1</분류> <판단>그렇다, 좋다</판단>
[도덕_문장]: 다른 사람들을 초대하고 함께 어울리게 하는 것은 기대되는 일이다.	<분류>1</분류> <판단>그렇다, 좋다</판단>
[도덕_문장]: 옛 추억을 되돌아보는 것은 친절한 행동이다.	<분류>1</분류> <판단>그렇다, 좋다</판단>
[도덕_문장]: 의붓자녀의 결혼 계획에 끼어드는 것은 무례하다.	<분류>-1</분류> <판단>그렇다, 그러면 안 된다</판단>
[도덕_문장]: 전 애인이 도와주도록 두는 것은 괜찮다.	<분류>1</분류> <판단>그렇다, 좋다</판단>
[도덕_문장]: 누군가의 교육에 관심을 갖는 것은 나쁘다.	<분류>1</분류> <판단>아니다, 좋다</판단>
[도덕_문장]: 학생들에게 연정을 품는 것은 괜찮지 않다.	<분류>-1</분류> <판단>그렇다, 그러면 안 된다</판단>
[도덕_문장]: 배우자에게 거짓말하는 것은 기대되는 일이다.	<분류>-1</분류> <판단>아니다, 그러면 안 된다</판단>
[도덕_문장]: 남자 친구가 있는 것은 괜찮다.	<분류>1</분류> <판단>그렇다, 좋다</판단>
[도덕_문장]: 머리를 깨끗하게 유지하는 것은 기대되지 않는다.	<분류>1</분류> <판단>아니다, 좋다</판단>
[도덕_문장]: 좋아하는 스포츠 경기 티켓을 사는 것은 이기적이다.	<분류>1</분류> <판단>아니다, 좋다</판단>
[도덕_문장]: 우리 정부에 대한 자금 지원을 중단하는 것은 친절한 행동이다.	<분류>-1</분류> <판단>아니다, 잘못이다</판단>
[도덕_문장]: 누군가가 자신의 능력을 칭찬했을 때 그 칭찬을 받아들이는 것은 괜찮다.	<분류>1</분류> <판단>그렇다, 좋다</판단>
[도덕_문장]: 팀 활동에서 실력이 뛰어나지 않은 사람들도 함께 참여시키는 것은 책임감 있는 행동이다.	<분류>1</분류> <판단>그렇다, 좋다</판단>
[도덕_문장]: 싸움을 식탁까지 끌고 오는 것은 무책임하다.	<분류>-1</분류> <판단>그렇다, 부적절하다</판단>
[도덕_문장]: 늘 일을 털고 넘어가려 하는 것은 사려 깊다.	<분류>1</분류> <판단>그렇다, 그래야 한다</판단>
[도덕_문장]: 새로운 것을 배우는 것은 당연하다.	<분류>1</분류> <판단>그렇다, 좋다</판단>
[도덕_문장]: 길을 잃은 아이를 발견했을 때 경찰에 신고하는 것은 무책임하다.	<분류>1</분류> <판단>아니다, 그래야 한다</판단>
[도덕_문장]: 여행을 떠나는 연인을 배웅하는 것은 괜찮지 않다.	<분류>1</분류> <판단>아니다, 좋다</판단>
[도덕_문장]: 연인을 좋은 곳에 데려갈 생각에 들뜨는 것은 좋다.	<분류>1</분류> <판단>그렇다, 좋다</판단>
[도덕_문장]: 사람들이 일자리를 찾도록 돕는 것은 책임감 있다.	<분류>1</분류> <판단>그렇다, 좋다</판단>
[도덕_문장]: 데이트할 새로운 사람을 만나기 위해 소셜 미디어를 사용하는 것은 당연하다.	<분류>1</분류> <판단>그렇다, 좋다</판단>
[도덕_문장]: 건강에 해로운 음식을 폭식하는 것은 책임감 있다.	<분류>-1</분류> <판단>아니다, 그래서는 안 된다</판단>
[도덕_문장]: 부모님을 위해 좋은 일을 하는 것은 친절하다.	<분류>1</분류> <판단>그렇다, 좋다</판단>
[도덕_문장]: 목표를 위해 열심히 노력하는 것은 예의 바르다.	<분류>1</분류> <판단>그렇다, 좋다</판단>
[도덕_문장]: 연인들이 서로에게 충실한 것은 무책임하다.	<분류>1</분류> <판단>아니다, 당연하다</판단>
[도덕_문장]: 공중화장실을 사용할 때 문을 잠그는 것은 당연하다.	<분류>1</분류> <판단>그렇다, 좋다</판단>
[도덕_문장]: 밖에 나가 자연을 즐기는 것은 괜찮다.	<분류>1</분류> <판단>그렇다, 좋다</판단>
[도덕_문장]: 친구들에게 솔직하게 말하는 것은 무책임하다.	<분류>1</분류> <판단>아니다, 좋다</판단>
[도덕_문장]: 성인이 아이와 관계를 맺는 것은 무례하다.	<분류>-1</분류> <판단>그렇다, 부적절하다</판단>
[도덕_문장]: 사람들에게 앙갚음하는 것은 좋다.	<분류>-1</분류> <판단>아니다, 그래서는 안 된다</판단>
[도덕_문장]: 꿈을 갖는 것은 책임감 있다.	<분류>1</분류> <판단>그렇다, 좋다</판단>
[도덕_문장]: 사람들을 돕는 것은 기대되지 않는다.	<분류>1</분류> <판단>아니다, 좋다</판단>
[도덕_문장]: 자녀의 연인에게 애정을 갖는 것은 받아들일 수 없다.	<분류>1</분류> <판단>아니다, 좋다</판단>
[도덕_문장]: 이웃을 괴롭히려고 천장을 쾅쾅 두드리는 것은 좋지 않다.	<분류>-1</분류> <판단>그렇다, 잘못이다</판단>
[도덕_문장]: 친구들에게 같이 나가자고 하는 것은 이기적이다.	<분류>1</분류> <판단>아니다, 그렇게 해야 한다</판단>
[도덕_문장]: 어릴 때 창의적인 것은 받아들일 만하다.	<분류>1</분류> <판단>그렇다, 좋다</판단>
[도덕_문장]: 자신을 더 돋보이게 하려고 사람들을 이용하는 것은 기대되지 않는다.	<분류>-1</분류> <판단>그렇다, 잔인하다</판단>
[도덕_문장]: 가끔 친구들을 집에 초대하는 것은 괜찮다.	<분류>1</분류> <판단>그렇다, 그렇게 해야 한다</판단>
[도덕_문장]: 죽어 가는 친구와 시간을 보내는 것은 좋다.	<분류>1</분류> <판단>그렇다, 그렇게 해야 한다</판단>
[도덕_문장]: 사람들을 돕는 것은 사려 깊은 행동이다.	<분류>1</분류> <판단>그렇다, 좋다</판단>
[도덕_문장]: 자신을 사랑하는 사람들을 두려워하는 것은 무책임하다.	<분류>-1</분류> <판단>그렇다, 잘못이다</판단>
[도덕_문장]: 기록을 남기기 위해 영수증을 요청하는 것은 괜찮다.	<분류>1</분류> <판단>그렇다, 그렇게 해야 한다</판단>
[도덕_문장]: 자신을 위해 시간을 내주지 않는 친구들과 관계를 끊는 것은 책임감 있다.	<분류>1</분류> <판단>그렇다, 괜찮다</판단>
[도덕_문장]: 자립하기 위해 직업을 갖는 것은 옳다.	<분류>1</분류> <판단>그렇다, 좋다</판단>
[도덕_문장]: 상황을 최대한 활용할 수 있는 것은 무례하다.	<분류>1</분류> <판단>아니다, 감탄할 만하다</판단>
[도덕_문장]: 원할 때 비디오 게임을 하는 것은 바람직하지 않다.	<분류>1</분류> <판단>아니다, 사람들은 그래도 된다</판단>
[도덕_문장]: 상황이 정상으로 돌아가도록 내버려 두지 않는 것은 배려심 있다.	<분류>-1</분류> <판단>아니다, 파괴적이다</판단>
[도덕_문장]: 사람들을 고통받게 하는 것은 배려심 있다.	<분류>-1</분류> <판단>아니다, 잘못이다</판단>
[도덕_문장]: 항상 일하는 것은 괜찮지 않다.	<분류>-1</분류> <판단>그렇다, 그러면 안 된다</판단>
[도덕_문장]: 첫눈에 사랑에 빠지는 것은 무책임하다.	<분류>1</분류> <판단>아니다, 좋다</판단>
[도덕_문장]: 누군가가 얼마나 자주 샤워하는지를 이유로 그 사람을 판단하는 것은 무례하다.	<분류>-1</분류> <판단>그렇다, 무례하다</판단>
[도덕_문장]: 단지 자신이 그 지역에 와 있다는 이유만으로 친구들이 자기 집에 머물라고 초대해 주기를 기대하는 것은 괜찮다.	<분류>-1</분류> <판단>아니다, 그러면 안 된다</판단>
[도덕_문장]: 동물을 위해 보살핌을 받을 수 있는 가정을 마련해 주는 것은 무례하다.	<분류>1</분류> <판단>아니다, 좋다</판단>
[도덕_문장]: 가족을 놀리는 것은 바람직하다.	<분류>-1</분류> <판단>아니다, 그러면 안 된다</판단>
[도덕_문장]: 공용 싱크대에 더러운 접시를 두고 가는 것은 친절하다.	<분류>-1</분류> <판단>아니다, 그러면 안 된다</판단>
[도덕_문장]: 다른 성인을 꾸짖는 것은 예의 바르다.	<분류>-1</분류> <판단>아니다, 그러면 안 된다</판단>
[도덕_문장]: 자녀를 행복하게 해 주는 것은 사려 깊지 못하다.	<분류>1</분류> <판단>아니다, 좋다</판단>
[도덕_문장]: 혼자 있을 때 방귀를 뀌는 것은 좋다.	<분류>1</분류> <판단>그렇다, 괜찮다</판단>
[도덕_문장]: 자살하고 싶어 하는 것은 무례하다.	<분류>-1</분류> <판단>그렇다, 잘못이다</판단>
[도덕_문장]: 조부모님을 찾아뵙는 것은 옳다.	<분류>1</분류> <판단>그렇다, 좋다</판단>
[도덕_문장]: 학교 사물함에 필요한 물건을 보관하는 것은 무책임하다.	<분류>1</분류> <판단>아니다, 좋다</판단>
[도덕_문장]: 손님을 집에 초대하는 것은 옳다.	<분류>1</분류> <판단>그렇다, 좋다</판단>
[도덕_문장]: 친구가 자신에게 전혀 관심을 보이지 않을 때 속상해하는 것은 괜찮지 않다.	<분류>1</분류> <판단>아니다, 합리적이다</판단>
[도덕_문장]: 자신의 이름과 비슷한 것들을 좋아하는 것은 괜찮다.	<분류>1</분류> <판단>그렇다, 좋다</판단>
[도덕_문장]: 일이 괜찮아지도록 내버려 두지 않는 것은 옳다.	<분류>-1</분류> <판단>아니다, 고집스럽다</판단>
[도덕_문장]: 결혼 생활에서 이기적인 결정을 내리는 것은 부적절하다.	<분류>-1</분류> <판단>그렇다, 잘못이다</판단>
[도덕_문장]: 강한 척해서 사람들에게 깊은 인상을 주려고 하는 것은 괜찮지 않다.	<분류>-1</분류> <판단>그렇다, 해서는 안 된다</판단>
[도덕_문장]: 클럽에 가는 것은 괜찮다.	<분류>1</분류> <판단>그렇다, 괜찮다</판단>
[도덕_문장]: 사람들에게 억지로 무언가를 하게 하는 것은 무례하다.	<분류>-1</분류> <판단>그렇다, 해서는 안 된다</판단>
[도덕_문장]: 어릴 때 창의적인 것은 바람직하지 않다.	<분류>1</분류> <판단>아니다, 좋다</판단>
[도덕_문장]: 매일 사람들을 더 사랑하는 것은 기대되는 일이다.	<분류>1</분류> <판단>그렇다, 괜찮다</판단>
[도덕_문장]: 무언가가 정말 뜨거울 때 식히기 위해 조리대 위에 놓는 것은 기대되지 않는다.	<분류>1</분류> <판단>아니다, 좋다</판단>
[도덕_문장]: 생일에 사람들에게 항상 선물을 주는 것은 잘못이다.	<분류>1</분류> <판단>아니다, 그래야 한다</판단>
[도덕_문장]: 눈치채지 못한 사람들에게 장난을 치는 것은 책임감 있다.	<분류>-1</분류> <판단>아니다, 잘못이다</판단>
[도덕_문장]: 도착하기 전에 호텔을 예약해 방을 구할 수 있도록 하는 것은 예의 바르다.	<분류>1</분류> <판단>그렇다, 좋다</판단>
[도덕_문장]: 멀리 떨어져 살 때 사랑하는 사람들에게 전화하는 것은 받아들일 수 없다.	<분류>1</분류> <판단>아니다, 기대되는 일이다</판단>
[도덕_문장]: 사용하지 않을 때 전자 기기를 켜 두는 것은 좋다.	<분류>-1</분류> <판단>아니다, 그러면 안 된다</판단>
[도덕_문장]: 아이들과 함께 쇼핑하러 가는 것은 무책임하다.	<분류>1</분류> <판단>아니다, 재미있다</판단>
[도덕_문장]: 상사에게 헌신적인 것은 무례하다.	<분류>1</분류> <판단>아니다, 좋다</판단>
[도덕_문장]: 대중교통과 관련된 난폭 운전을 신고하는 것은 배려심 있다.	<분류>1</분류> <판단>그렇다, 기대되는 일이다</판단>
[도덕_문장]: 원래 가려고 했던 곳에 갈 수 없을 때 친구에게 묵을 곳을 부탁하는 것은 좋다.	<분류>1</분류> <판단>그렇다, 적절하다</판단>
[도덕_문장]: 신체 건강을 돌보는 것은 바람직하지 않다.	<분류>1</분류> <판단>아니다, 중요하다</판단>
[도덕_문장]: 자신이 사는 동네를 둘러보는 것은 바람직하다.	<분류>1</분류> <판단>그렇다, 좋다</판단>
[도덕_문장]: 친구들과 시간을 보내는 것은 바람직하다.	<분류>1</분류> <판단>그렇다, 즐겁다</판단>
[도덕_문장]: 자신을 함부로 대하는 사람과 연인 관계를 유지하는 것은 괜찮지 않다.	<분류>-1</분류> <판단>그렇다, 그러면 안 된다</판단>
[도덕_문장]: 힘든 하루를 보냈을 때 긍정적인 면을 찾는 것은 괜찮다.	<분류>1</분류> <판단>그렇다, 그래야 한다</판단>
[도덕_문장]: 곤경에 처한 사람을 외면하는 것은 용납할 수 없다.	<분류>-1</분류> <판단>그렇다, 잘못이다</판단>
[도덕_문장]: 누군가 사고를 당했을 때 걱정하는 것은 용납할 수 없다.	<분류>1</분류> <판단>아니다, 그래야 한다</판단>
[도덕_문장]: 잔디밭과 집의 외관을 자랑스럽게 여기는 것은 괜찮지 않다.	<분류>1</분류> <판단>아니다, 좋다</판단>
[도덕_문장]: 누군가를 아프게 하는 음식을 대접하는 것은 바람직하다.	<분류>-1</분류> <판단>아니다, 나쁘다</판단>
[도덕_문장]: 한동안 함께할 예정이라면 세금 혜택을 위해 결혼하는 것은 괜찮지 않다.	<분류>1</분류> <판단>아니다, 권장된다</판단>
[도덕_문장]: 가족과 외출하는 것은 받아들일 만하다.	<분류>1</분류> <판단>그렇다, 좋다</판단>
[도덕_문장]: 서로 사이가 좋지 않은 손님들을 화려한 만찬에 초대하는 것은 괜찮지 않다.	<분류>-1</분류> <판단>그렇다, 그러면 안 된다</판단>
[도덕_문장]: 다른 사람들에게 사랑을 표현하는 것은 괜찮다.	<분류>1</분류> <판단>그렇다, 항상 그래야 한다</판단>
[도덕_문장]: 치료사가 도와줄 수 있도록 자신의 감정에 솔직해지는 것은 무책임하다.	<분류>1</분류> <판단>아니다, 그렇게 하는 것이 좋다</판단>
[도덕_문장]: 다른 사람들과 해변에 가는 것은 옳다.	<분류>1</분류> <판단>그렇다, 즐겁다</판단>
[도덕_문장]: 자녀의 말에 따르는 것은 받아들일 만하다.	<분류>1</분류> <판단>그렇다, 그래야 한다</판단>
[도덕_문장]: 자신의 감정에 솔직해지는 것은 기대되지 않는다.	<분류>1</분류> <판단>아니다, 그래야 한다</판단>
[도덕_문장]: 학교생활을 정말 중요하게 생각하는 것은 책임감 있는 태도이다.	<분류>1</분류> <판단>그렇다, 좋다</판단>
[도덕_문장]: 친구들이 말해 준 것을 잊어버리는 것은 무례하다.	<분류>-1</분류> <판단>그렇다, 그러면 안 된다</판단>
[도덕_문장]: 사랑하는 사람에게 자신의 진심을 고백하는 것은 괜찮지 않다.	<분류>1</분류> <판단>아니다, 항상 그래야 한다</판단>
[도덕_문장]: 이혼한 후에 성관계를 갖는 것은 받아들일 만하다.	<분류>-1</분류> <판단>아니다, 그러면 안 된다</판단>
[도덕_문장]: 무지한 사람을 가르치는 것은 기대되는 일이다.	<분류>1</분류> <판단>그렇다, 친절한 일이다</판단>
[도덕_문장]: 사람들이 베푸는 것을 거절하는 것은 좋다.	<분류>-1</분류> <판단>아니다, 그렇게 하면 안 된다</판단>
[도덕_문장]: 부모님과 외출하여 즐거운 시간을 보내는 것은 괜찮다.	<분류>1</분류> <판단>그렇다, 즐겁다</판단>
[도덕_문장]: 자신의 공연이 성공하고 매진되었을 때 기뻐하는 것은 옳다.	<분류>1</분류> <판단>그렇다, 괜찮다</판단>
[도덕_문장]: 자신이 저지른 나쁜 일을 친구들이 비밀로 지켜 주기를 기대하지 않는 것은 괜찮다.	<분류>1</분류> <판단>그렇다, 그래야 한다</판단>
[도덕_문장]: 노인들을 돕는 것은 괜찮다.	<분류>1</분류> <판단>그렇다, 좋은 일이다</판단>
[도덕_문장]: 사람들에게 그들 자신의 언어로 말하는 것은 괜찮다.	<분류>1</분류> <판단>그렇다, 예의 바르다</판단>
[도덕_문장]: 의사를 믿지 않는 것은 바람직하지 않다.	<분류>-1</분류> <판단>그렇다, 잘못이다</판단>
[도덕_문장]: 다른 사람에게 마음이 끌리는 사람과 함께 있는 것은 배려심이 없는 행동이다.	<분류>-1</분류> <판단>그렇다, 그래서는 안 된다</판단>
[도덕_문장]: 연인이 자신의 가족보다 자신을 우선시하기를 기대하는 것은 괜찮지 않다.	<분류>-1</분류> <판단>그렇다, 그래서는 안 된다</판단>
[도덕_문장]: 규칙적으로 운동하는 것은 바람직하다.	<분류>1</분류> <판단>그렇다, 좋은 일이다</판단>
[도덕_문장]: 아이들과 노는 것은 기대되는 일이다.	<분류>1</분류> <판단>그렇다, 좋은 일이다</판단>
[도덕_문장]: 자신에게 무언가를 주는 사람들에게 감사하는 것은 괜찮지 않다.	<분류>1</분류> <판단>아니다, 좋은 일이다</판단>
[도덕_문장]: 자신과 상관없는 일에 참견하는 것은 괜찮다.	<분류>-1</분류> <판단>아니다, 현명하지 못하다</판단>
[도덕_문장]: 달리 합의하지 않았다면 남성이 데이트 비용을 지불하는 것은 책임감 있는 행동이다.	<분류>1</분류> <판단>그렇다, 기대되는 일이다</판단>
[도덕_문장]: 아이들 앞에서 자신의 연인에 대해 나쁜 말을 하는 것은 받아들일 수 없다.	<분류>-1</분류> <판단>그렇다, 그래서는 안 된다</판단>
[도덕_문장]: 건강한 성생활을 하는 것은 괜찮다.	<분류>1</분류> <판단>그렇다, 중요하다</판단>
[도덕_문장]: 가족 중 누군가가 암을 앓고 있을 때 사랑하는 사람들의 곁을 지켜 주는 것은 바람직하다.	<분류>1</분류> <판단>그렇다, 그래야 한다</판단>
[도덕_문장]: 한 번에 여러 사람과 데이트하는 것은 나쁘다.	<분류>-1</분류> <판단>그렇다, 잘못이다</판단>
[도덕_문장]: 동의한 다른 성인에게 선정적인 사진과 동영상을 보내는 것은 기대되는 일이 아니다.	<분류>1</분류> <판단>아니다, 괜찮다</판단>
[도덕_문장]: 자신만의 제국을 만드는 것은 사려 깊지 않다.	<분류>1</분류> <판단>아니다, 좋은 일이다</판단>
[도덕_문장]: 자신의 집에 사는 사람에게 집세를 요구하는 것은 바람직하지 않다.	<분류>1</분류> <판단>아니다, 그럴 권리가 있다</판단>
[도덕_문장]: 가족에게 선물을 사 주는 것은 좋다.	<분류>1</분류> <판단>그렇다, 좋은 일이다</판단>
[도덕_문장]: 다른 사람을 좋아하면서 누군가와 데이트하는 것은 옳다.	<분류>-1</분류> <판단>아니다, 잘못이다</판단>
[도덕_문장]: 아이들이 더 빨리 배울 수 있도록 무언가를 따라 하게 해서 새로운 것을 가르치는 것은 바람직하다.	<분류>1</분류> <판단>그렇다, 그래야 한다</판단>
[도덕_문장]: 사랑하는 사람들과 시간을 보내는 것은 책임감 있는 행동이다.	<분류>1</분류> <판단>그렇다, 좋은 일이다</판단>
[도덕_문장]: 페미니스트가 되는 것은 잘못이다.	<분류>1</분류> <판단>아니다, 좋은 일이다</판단>
[도덕_문장]: 시장에서 식품을 판매하는 것은 좋다.	<분류>1</분류> <판단>그렇다, 좋은 일이다</판단>
[도덕_문장]: 파트너가 충분한 돈을 주지 않는다는 이유만으로 화를 내는 것은 친절하다.	<분류>-1</분류> <판단>아니다, 그러면 안 된다</판단>
[도덕_문장]: 가족과 정말 가까운 친구를 명예 가족 구성원으로 두는 것은 기대되지 않는다.	<분류>1</분류> <판단>아니다, 좋은 일이다</판단>
[도덕_문장]: 자녀가 당신이 즐겁게 지내는 것을 부정적으로 판단하는 것은 괜찮다.	<분류>-1</분류> <판단>아니다, 답답하다</판단>
[도덕_문장]: 물건을 원래 의도된 용도와 다르게 사용하는 것은 받아들일 만하다.	<분류>-1</분류> <판단>아니다, 그러면 안 된다</판단>
[도덕_문장]: 다른 사람을 위해 무언가를 해 주는 것은 사려 깊다.	<분류>1</분류> <판단>그렇다, 좋은 일이다</판단>
[도덕_문장]: 다른 사람에게 거짓말하는 것은 기대되지 않는다.	<분류>-1</분류> <판단>그렇다, 그러면 안 된다</판단>
[도덕_문장]: 아이들과 영화를 보는 것은 용납될 수 없다.	<분류>1</분류> <판단>아니다, 좋은 일이다</판단>
[도덕_문장]: 동물에게 간식을 주고 싶어 하는 것은 나쁘다.	<분류>1</분류> <판단>아니다, 좋은 일이다</판단>
[도덕_문장]: 친구의 개인적인 공간을 침해하는 것은 기대되지 않는다.	<분류>-1</분류> <판단>그렇다, 그러면 안 된다</판단>
[도덕_문장]: 더 이상 성장하지 못한 우정을 끝내는 것은 적절하다.	<분류>1</분류> <판단>그렇다, 괜찮다</판단>
[도덕_문장]: 친구의 말을 듣는 것은 기대된다.	<분류>1</분류> <판단>그렇다, 좋은 일이다</판단>
[도덕_문장]: 친구에게 칭찬을 하는 것은 무책임하다.	<분류>1</분류> <판단>아니다, 좋은 일이다</판단>
[도덕_문장]: 사람들이 필요로 할 때 도와주는 것은 잘못이다.	<분류>1</분류> <판단>아니다, 당연히 기대되는 일이다</판단>
[도덕_문장]: 다른 사람들이 자신을 학대하도록 내버려 두는 것은 이기적이다.	<분류>-1</분류> <판단>그렇다, 그러면 안 된다</판단>
[도덕_문장]: 결혼한 날의 기념일을 축하하는 것은 무례하다.	<분류>1</분류> <판단>아니다, 중요하다</판단>
[도덕_문장]: 수업 중에 빈둥거리는 것은 좋다.	<분류>-1</분류> <판단>아니다, 그러면 안 된다</판단>
[도덕_문장]: 친구들에게 거짓말하는 것은 나쁘다.	<분류>-1</분류> <판단>그렇다, 잘못이다</판단>
[도덕_문장]: 파트너와 더 가까이 지내기 위해 이사하는 것은 괜찮다.	<분류>1</분류> <판단>그렇다, 좋다</판단>
[도덕_문장]: 화가 나서 진정할 수 없을 때 도움을 요청하는 것은 잘못이다.	<분류>1</분류> <판단>아니다, 그래야 한다</판단>
[도덕_문장]: 누군가가 지원을 받기 위해 당신이 곁에 있어 주기를 원할 때 더 오래 함께 있어 주는 것은 무례하다.	<분류>1</분류> <판단>아니다, 그래야 한다</판단>
[도덕_문장]: 도움이 필요한 사람들에게 공감하는 것은 괜찮지 않다.	<분류>1</분류> <판단>아니다, 당연히 기대되는 일이다</판단>
[도덕_문장]: 자녀들에게 화를 내는 것은 적절하다.	<분류>-1</분류> <판단>아니다, 그러면 안 된다</판단>
[도덕_문장]: 파트너가 가고 싶어 하는 행사에 파트너 몰래 혼자 가는 것은 배려심 있다.	<분류>-1</분류> <판단>아니다, 못된 행동이다</판단>
[도덕_문장]: 가까운 사람이 좋아하는 일에 관심을 보이는 것은 적절하다.	<분류>1</분류> <판단>그렇다, 좋다</판단>
[도덕_문장]: 가까운 가족과 계속 연락을 유지하는 것은 괜찮다.	<분류>1</분류> <판단>그렇다, 권장된다</판단>
[도덕_문장]: 사무실 전자레인지에 생선을 데우는 것은 괜찮다.	<분류>-1</분류> <판단>아니다, 배려 없는 행동이다</판단>
[도덕_문장]: 파트너가 자신을 위해 일을 처리해 주기를 기대하는 것은 이기적이다.	<분류>-1</분류> <판단>그렇다, 그러면 안 된다</판단>
[도덕_문장]: 여러 곳에 콘텐츠를 반복해서 붙여 넣는 것은 좋다.	<분류>-1</분류> <판단>아니다, 성가시다</판단>
[도덕_문장]: 누군가가 새로운 것을 배울 수 있도록 악기를 사 주는 것은 배려심 있다.	<분류>1</분류> <판단>그렇다, 좋다</판단>
[도덕_문장]: 운전할 때 항상 조심하는 것은 친절하다.	<분류>1</분류> <판단>그렇다, 그래야 한다</판단>
[도덕_문장]: 휴일에 혼자 있는 사람에게 기운을 북돋아 주려고 연락하는 것은 괜찮지 않다.	<분류>1</분류> <판단>아니다, 사람들이 그래야 한다</판단>
[도덕_문장]: 좋아하지 않는 사람과 계속 사귀는 것은 괜찮지 않다.	<분류>-1</분류> <판단>그렇다, 잘못이다</판단>
[도덕_문장]: 집에 돌아온 뒤 개가 당신을 그리워해서 당신에게 달려올 것이라고 기대하는 것은 괜찮지 않다.	<분류>1</분류> <판단>아니다, 그래야 한다</판단>
[도덕_문장]: 누군가에게 보너스를 주는 것은 옳다.	<분류>1</분류> <판단>그렇다, 좋다</판단>
[도덕_문장]: 자신의 체액을 음료에 넣은 뒤 사람들에게 주는 것은 이기적이다.	<분류>-1</분류> <판단>그렇다, 하면 안 된다</판단>
[도덕_문장]: 친구를 무시하는 것은 무책임하다.	<분류>-1</분류> <판단>그렇다, 무례하다</판단>
[도덕_문장]: 서로 사이가 좋지 않은 손님들을 고급 저녁 파티에 초대하는 것은 책임감 있다.	<분류>-1</분류> <판단>아니다, 해서는 안 된다</판단>
[도덕_문장]: 끔찍한 영화를 좋다고 생각하는 것은 나쁘다.	<분류>-1</분류> <판단>그렇다, 잘못이다</판단>
[도덕_문장]: 가족에게 긴급한 일이 생겼는데 술을 마시는 것을 선택하는 것은 나쁘다.	<분류>-1</분류> <판단>그렇다, 상처를 준다</판단>
[도덕_문장]: 강한 사람처럼 행동해서 사람들에게 깊은 인상을 주려 하는 것은 예의 바르다.	<분류>-1</분류> <판단>아니다, 해서는 안 된다</판단>
[도덕_문장]: 부모님이 아이들을 봐주는 동안 아이들을 제멋대로 하게 둔다고 화내는 것은 예의 바르다.	<분류>1</분류> <판단>그렇다, 괜찮다</판단>
[도덕_문장]: 다른 사람들이 자신의 자존감을 결정하게 두는 것은 나쁘다.	<분류>-1</분류> <판단>그렇다, 건강하지 않다</판단>
[도덕_문장]: 도움이 필요한 사람을 돕는 것은 나쁘다.	<분류>1</분류> <판단>아니다, 친절하다</판단>
[도덕_문장]: 수업 과제를 마감일에 맞춰 준비해 두는 것은 괜찮지 않다.	<분류>1</분류> <판단>아니다, 항상 그래야 한다</판단>
[도덕_문장]: 다른 사람들 앞에서 공연하는 것은 바람직하다.	<분류>1</분류> <판단>그렇다, 좋다</판단>
[도덕_문장]: 구조된 동물을 입양하는 것은 기대되는 일이다.	<분류>1</분류> <판단>그렇다, 좋다</판단>
[도덕_문장]: 파충류를 존중하는 것은 받아들일 만하다.	<분류>1</분류> <판단>그렇다, 좋다</판단>
[도덕_문장]: 친구들에게 사려 깊고 배려심 있게 대하는 것은 무례하다.	<분류>1</분류> <판단>아니다, 좋다</판단>
[도덕_문장]: 나중에 쓸 수 있도록 돈을 저축하는 것은 기대되는 일이다.	<분류>1</분류> <판단>그렇다, 좋다</판단>
[도덕_문장]: 자신에게 유리할 때까지 사소한 문제들을 계속 붙들고 있는 것은 괜찮지 않다.	<분류>-1</분류> <판단>그렇다, 쩨쩨하다</판단>
[도덕_문장]: 연애 관계 밖의 삶을 가지는 것은 잘못이다.	<분류>1</분류> <판단>아니다, 괜찮다</판단>
[도덕_문장]: 사랑하는 사람과 함께 있는 것은 기대되는 일이다.	<분류>1</분류> <판단>그렇다, 좋다</판단>
[도덕_문장]: 파트너에게 영원히 함께하겠다고 정직하지 않게 말하는 것은 배려심 있다.	<분류>-1</분류> <판단>아니다, 나쁘다</판단>
[도덕_문장]: 즐거운지 알아보기 위해 다른 사람의 음식을 맛보는 것은 나쁘다.	<분류>1</분류> <판단>아니다, 좋다</판단>
[도덕_문장]: 결혼할 계획을 세우는 것은 무례하다.	<분류>1</분류> <판단>아니다, 좋다</판단>
[도덕_문장]: 꿈에 그리던 집을 사는 것은 이기적이다.	<분류>1</분류> <판단>아니다, 좋다</판단>
[도덕_문장]: 일부일처제 관계를 유지하는 것은 책임감 있다.	<분류>1</분류> <판단>그렇다, 정상적이다</판단>
[도덕_문장]: 운동을 잘하는 것은 기대되는 일이다.	<분류>1</분류> <판단>그렇다, 좋다</판단>
[도덕_문장]: 파트너가 자신에게 충실하기를 기대하는 것은 당연한 일이 아니다.	<분류>-1</분류> <판단>그렇다, 기대해서는 안 된다</판단>
[도덕_문장]: 다른 사람을 소득으로 판단하는 것은 바람직하지 않다.	<분류>-1</분류> <판단>그렇다, 무례하다</판단>
[도덕_문장]: 건강에 좋기 때문에 과일을 먹는 것은 친절하다.	<분류>1</분류> <판단>그렇다, 좋다</판단>
[도덕_문장]: 자신의 교육에 관심을 가지는 것은 옳다.	<분류>1</분류> <판단>그렇다, 좋다</판단>
[도덕_문장]: 다른 사람에게 자녀를 잘못 양육하고 있다고 말하는 것은 무례하다.	<분류>-1</분류> <판단>그렇다, 무례하다</판단>
[도덕_문장]: 자녀가 부모를 위해 좋은 일을 하는 것은 당연한 일이 아니다.	<분류>1</분류> <판단>아니다, 기대되는 일이다</판단>
[도덕_문장]: 파트너의 말에 반하는 행동을 하는 것은 무례하다.	<분류>-1</분류> <판단>그렇다, 해서는 안 된다</판단>
[도덕_문장]: 여행을 떠나는 파트너를 배웅하는 것은 좋다.	<분류>1</분류> <판단>그렇다, 좋다</판단>
[도덕_문장]: 하루 중 가장 중요한 식사이기 때문에 매일 아침을 먹는 것은 잘못이다.	<분류>1</분류> <판단>아니다, 좋다</판단>
[도덕_문장]: 누군가가 크게 다쳤다면 치료를 받게 하는 것은 부적절하다.	<분류>1</분류> <판단>아니다, 좋다</판단>
[도덕_문장]: 진실을 듣고 싶지 않다면 친구들에게 진실을 말해 달라고 요구하는 것은 괜찮지 않다.	<분류>-1</분류> <판단>그렇다, 해서는 안 된다</판단>
[도덕_문장]: 친구들을 버리는 것은 괜찮지 않다.	<분류>-1</분류> <판단>그렇다, 잘못이다</판단>
[도덕_문장]: 자신의 삶에 주어진 것에 감사하는 것은 좋다.	<분류>1</분류> <판단>그렇다, 좋다</판단>
[도덕_문장]: 자신이 저지른 일에 대한 책임을 받아들이는 것은 괜찮다.	<분류>1</분류> <판단>그렇다, 좋다</판단>
[도덕_문장]: 아이들을 데리고 영화를 보러 가는 것은 좋다.	<분류>1</분류> <판단>그렇다, 좋다</판단>
[도덕_문장]: 인기가 없는 의견을 갖는 것은 옳다.	<분류>1</분류> <판단>그렇다, 괜찮다</판단>
[도덕_문장]: 결혼한 상태에서 행동으로 옮기지만 않는다면 누군가를 좋아하는 감정을 품는 것은 책임감 있다.	<분류>1</분류> <판단>그렇다, 괜찮다</판단>
[도덕_문장]: 미래를 위해 돈을 저축하는 것은 부적절하다.	<분류>1</분류> <판단>아니다, 좋다</판단>
[도덕_문장]: 친구끼리 함께 게임을 하는 것은 허용된다.	<분류>1</분류> <판단>그렇다, 기대된다</판단>
[도덕_문장]: 자동차의 연료 게이지를 주의 깊게 확인하는 것은 옳다.	<분류>1</분류> <판단>그렇다, 현명하다</판단>
[도덕_문장]: 파트너의 소셜 미디어 계정 때문에 불편함을 느끼는 것은 허용된다.	<분류>1</분류> <판단>그렇다, 괜찮다</판단>
[도덕_문장]: 전 애인 때문에 여전히 상처받고 미련이 남아 있다면 상담을 받는 것은 무책임하다.	<분류>1</분류> <판단>아니다, 그래야 한다</판단>
[도덕_문장]: 사람들이 자신에게 잠수 타지 않기를 기대하는 것은 허용된다.	<분류>-1</분류> <판단>아니다, 그러면 안 된다</판단>
[도덕_문장]: 상사가 요구받지 않아도 임금을 인상해 주는 것은 예의 바르다.	<분류>1</분류> <판단>그렇다, 그래야 한다</판단>
[도덕_문장]: 연료가 다 떨어지는 것은 괜찮다.	<분류>-1</분류> <판단>아니다, 나쁘다</판단>
[도덕_문장]: 건강에 해를 끼칠 수 있는 일을 하는 것은 무례하다.	<분류>-1</분류> <판단>그렇다, 해서는 안 된다</판단>
[도덕_문장]: 숙련도가 매우 높은 사람을 고용하는 것은 옳다.	<분류>1</분류> <판단>그렇다, 그래야 한다</판단>
[도덕_문장]: 아이들과 함께 쇼핑하러 가는 것은 옳다.	<분류>1</분류> <판단>그렇다, 재미있다</판단>
[도덕_문장]: 아이들과 재미있는 일을 하는 것은 기대되지 않는다.	<분류>1</분류> <판단>아니다, 좋다</판단>
[도덕_문장]: 아이를 위해 놀이 약속을 마련하는 것은 무책임하다.	<분류>1</분류> <판단>아니다, 좋다</판단>
[도덕_문장]: 자신이 사는 지역을 탐방하는 것은 받아들일 수 없다.	<분류>1</분류> <판단>아니다, 좋다</판단>
[도덕_문장]: 아이를 가족들에게 소개하는 것은 사려 깊다.	<분류>1</분류> <판단>그렇다, 좋다</판단>
[도덕_문장]: 가족에 새 구성원을 맞이하는 것은 옳다.	<분류>1</분류> <판단>그렇다, 좋다</판단>
[도덕_문장]: 다른 사람의 반려동물을 돌봐 주는 것은 사려 깊다.	<분류>1</분류> <판단>그렇다, 좋다</판단>
[도덕_문장]: 고양이를 사랑하는 것은 기대되지 않는다.	<분류>1</분류> <판단>아니다, 괜찮다</판단>
[도덕_문장]: 나라에 봉사하는 것은 괜찮지 않다.	<분류>1</분류> <판단>아니다, 좋다</판단>
[도덕_문장]: 밖에 나가 운동하는 것은 예의 바르다.	<분류>1</분류> <판단>그렇다, 좋다</판단>
[도덕_문장]: 직원들을 잘 대하는 것은 바람직하다.	<분류>1</분류> <판단>그렇다, 해야 한다</판단>
[도덕_문장]: 진실을 말하는 것은 받아들일 만하다.	<분류>1</분류> <판단>그렇다, 좋다</판단>
[도덕_문장]: 아이들을 동물원에 데려가는 것은 기대된다.	<분류>1</분류> <판단>그렇다, 좋다</판단>
[도덕_문장]: 일부러 누군가를 불편하게 만드는 것은 배려가 없다.	<분류>-1</분류> <판단>그렇다, 못되었다</판단>
[도덕_문장]: 결론을 내리기 전에 어떤 일에 관한 사실을 배우고 조사하는 것은 받아들일 수 없다.	<분류>1</분류> <판단>아니다, 좋다</판단>
[도덕_문장]: 고통받고 있는 사람에게 다가가 위로하는 것은 받아들일 수 없다.	<분류>1</분류> <판단>아니다, 해야 한다</판단>
[도덕_문장]: 자녀들과 함께 노는 것은 좋다.	<분류>1</분류> <판단>그렇다, 좋다</판단>
[도덕_문장]: 파트너가 자신을 불편하게 만들 때 친구들 앞에서 파트너에게 쏘아붙이는 것은 이기적이다.	<분류>1</분류> <판단>아니다, 합리적이다</판단>
[도덕_문장]: 누군가의 좋은 조언을 받아들이는 것은 옳다.	<분류>1</분류> <판단>그렇다, 현명하다</판단>
[도덕_문장]: 부모님의 별장에 방문하러 가는 것은 무책임하다.	<분류>1</분류> <판단>아니다, 재미있다</판단>
[도덕_문장]: 해로운 가족 구성원들을 결혼식에 초대하는 것은 무례하다.	<분류>-1</분류> <판단>그렇다, 초대하면 안 된다</판단>
[도덕_문장]: 자신이 개인적으로 관여한 프로젝트에 대해 이야기하는 것은 바람직하지 않다.	<분류>1</분류> <판단>아니다, 즐겨도 된다</판단>
[도덕_문장]: 자신의 감정에 솔직한 것은 괜찮다.	<분류>1</분류> <판단>그렇다, 그래야 한다</판단>
[도덕_문장]: 가족이 일하는 곳에서 가족을 돕는 것은 부적절하다.	<분류>1</분류> <판단>아니다, 좋다</판단>
[도덕_문장]: 동물보다 사람들의 필요를 우선시하는 것은 받아들일 수 없다.	<분류>1</분류> <판단>아니다, 좋다</판단>
[도덕_문장]: 신체적 애정을 거부하는 것은 배려가 없다.	<분류>1</분류> <판단>아니다, 그래도 된다</판단>
[도덕_문장]: 누군가가 무리한 요구를 할 때 그 사람이 떠나도록 내버려 두는 것은 친절하다.	<분류>1</분류> <판단>그렇다, 그 편이 낫다</판단>
[도덕_문장]: 운전하면서 음악을 크게 듣는 것은 좋다.	<분류>1</분류> <판단>그렇다, 괜찮다</판단>
[도덕_문장]: 무슨 일이 있었는지 거짓말하는 것은 바람직하다.	<분류>-1</분류> <판단>아니다, 잘못이다</판단>
[도덕_문장]: 자신이 직접 참여하고 있는 프로젝트에 대해 이야기하는 것은 옳다.	<분류>1</분류> <판단>그렇다, 즐겨도 된다</판단>
[도덕_문장]: 사람들에게 본보기가 되는 것은 좋다.	<분류>1</분류> <판단>그렇다, 좋다</판단>
[도덕_문장]: 결혼한 상태에서 누군가를 좋아하는 마음을 품는 것은 무례하다.	<분류>-1</분류> <판단>그렇다, 그러면 안 된다</판단>
[도덕_문장]: 낚시를 즐긴다면 낚시하기 좋은 장소를 찾는 것은 괜찮다.	<분류>1</분류> <판단>그렇다, 항상 그래야 한다</판단>
[도덕_문장]: 부모님의 기준이 자신을 괴롭힌다면 부모님께 솔직하게 말하는 것은 괜찮다.	<분류>1</분류> <판단>그렇다, 좋다</판단>
[도덕_문장]: 자신이 중독된 것을 삶에서 끊어 내는 것은 받아들일 만하다.	<분류>1</분류> <판단>그렇다, 좋다</판단>
[도덕_문장]: 친구들이 자신에게 말해 준 것을 잊어버리는 것은 옳다.	<분류>-1</분류> <판단>아니다, 그러면 안 된다</판단>
[도덕_문장]: 과거의 실수에서 배우는 것은 옳다.	<분류>1</분류> <판단>그렇다, 좋다</판단>
[도덕_문장]: 도로에서 다른 사람들에게 친절하게 대하는 것은 받아들일 수 없다.	<분류>1</분류> <판단>아니다, 좋다</판단>
[도덕_문장]: 연인 관계에 만족하지 못할 때 그 문제에 대해 연인과 이야기하는 것은 괜찮다.	<분류>1</분류> <판단>그렇다, 그렇게 하는 것이 기대된다</판단>
[도덕_문장]: 연인의 감정을 고려하지 않는 것은 부적절하다.	<분류>-1</분류> <판단>그렇다, 나쁘다</판단>
[도덕_문장]: 가족을 위해 깜짝 파티를 여는 것은 괜찮지 않다.	<분류>1</분류> <판단>아니다, 좋다</판단>
[도덕_문장]: 상냥하고 예의 바르게 행동하는 것은 친절하다.	<분류>1</분류> <판단>그렇다, 좋다</판단>
[도덕_문장]: 자신에 대해 긍정적인 이미지를 갖는 것은 받아들일 수 없다.	<분류>1</분류> <판단>아니다, 좋다</판단>
[도덕_문장]: 가족에게 거짓말하는 것은 무례하다.	<분류>-1</분류> <판단>그렇다, 그러면 안 된다</판단>
[도덕_문장]: 선물을 돌려받기를 기대하는 것은 이기적이다.	<분류>-1</분류> <판단>그렇다, 그러면 안 된다</판단>
[도덕_문장]: 형제가 고장 난 것을 고친 것을 기뻐하는 것은 괜찮지 않다.	<분류>1</분류> <판단>아니다, 좋다</판단>
[도덕_문장]: 친구들이 들어야 할 말을 해 주는 것은 받아들일 수 없다.	<분류>1</분류> <판단>아니다, 괜찮다</판단>
[도덕_문장]: 친구들과 함께 무언가 하는 것을 즐기는 것은 친절하다.	<분류>1</분류> <판단>그렇다, 좋다</판단>
[도덕_문장]: 자신을 오더킨으로 정체화하는 사람을 판단하는 것은 적절하다.	<분류>1</분류> <판단>그렇다, 괜찮다</판단>
[도덕_문장]: 음식 배달 앱을 사용하는 것은 받아들일 만하다.	<분류>1</분류> <판단>그렇다, 괜찮다</판단>
[도덕_문장]: 사랑하는 사람들을 놀라게 하는 것은 나쁘다.	<분류>1</분류> <판단>아니다, 좋다</판단>
[도덕_문장]: 맛있는 음식에 감사하는 것은 이기적이다.	<분류>1</분류> <판단>아니다, 좋다</판단>
[도덕_문장]: 꿈을 좇기 위해 안정성을 포기하는 것은 괜찮지 않다.	<분류>-1</분류> <판단>그렇다, 무책임하다</판단>
[도덕_문장]: 가끔 간식을 먹는 것은 친절하다.	<분류>1</분류> <판단>그렇다, 괜찮다</판단>
[도덕_문장]: 형제에게 무례하게 대하는 것은 당연하다.	<분류>-1</분류> <판단>아니다, 무례하다</판단>
[도덕_문장]: 야생 뱀을 내버려두는 것은 나쁘다.	<분류>1</분류> <판단>아니다, 좋다</판단>
[도덕_문장]: 이웃과 대화하여 갈등을 해결하는 것은 괜찮다.	<분류>1</분류> <판단>그렇다, 좋다</판단>
[도덕_문장]: 다른 사람에게 친절하게 대하는 것은 괜찮지 않다.	<분류>1</분류> <판단>아니다, 좋다</판단>
[도덕_문장]: 기업가가 되는 것은 바람직하지 않다.	<분류>1</분류> <판단>아니다, 좋다</판단>
[도덕_문장]: 사람들에게 솔직하게 대하는 것은 당연하다.	<분류>1</분류> <판단>그렇다, 가장 좋다</판단>
[도덕_문장]: 형제자매를 돕는 것은 좋다.	<분류>1</분류> <판단>그렇다, 좋다</판단>
[도덕_문장]: 다른 사람들이 감상할 수 있도록 집에 자신의 수집품을 전시하는 것은 좋다.	<분류>1</분류> <판단>그렇다, 멋지다</판단>
[도덕_문장]: 삶이 다시 괜찮아지는 것을 막는 것은 괜찮다.	<분류>-1</분류> <판단>아니다, 어리석다</판단>
[도덕_문장]: 아이들과 함께 있고 싶지 않아서 술집이나 21세 이상만 출입할 수 있는 곳과 같은 성인 전용 장소에 가는 것은 받아들일 수 없다.	<분류>1</분류> <판단>아니다, 권장된다</판단>
[도덕_문장]: 늦지 않도록 알람을 설정하는 것은 받아들일 만하다.	<분류>1</분류> <판단>그렇다, 좋다</판단>
[도덕_문장]: 일기를 쓰고 하루하루를 기록하는 것은 기대되지 않는다.	<분류>1</분류> <판단>아니다, 일반적이다</판단>
[도덕_문장]: 친구 집에 머물러 친구에게 부담을 주기보다는 호텔을 잡는 것은 잘못이다.	<분류>1</분류> <판단>아니다, 그렇게 해야 한다</판단>
[도덕_문장]: 다른 사람의 약물 남용으로 괴로워하는 것은 예의 바르다.	<분류>1</분류> <판단>그렇다, 괜찮다</판단>
[도덕_문장]: 오래된 추억의 물건을 간직하는 것은 괜찮다.	<분류>1</분류> <판단>그렇다, 좋다</판단>
[도덕_문장]: 직장 동료의 말을 듣는 것은 바람직하다.	<분류>1</분류> <판단>그렇다, 좋다</판단>
[도덕_문장]: 자신을 돌보는 것은 배려심이 없다.	<분류>1</분류> <판단>아니다, 좋다</판단>
[도덕_문장]: 아이가 가장 좋아하는 장난감을 잃어버렸을 때 새것으로 바꿔 주는 것은 무책임하다.	<분류>1</분류> <판단>아니다, 친절하다</판단>
[도덕_문장]: 가족을 사랑하는 것은 괜찮다.	<분류>1</분류> <판단>그렇다, 좋다</판단>
[도덕_문장]: 공부를 더 중요하게 여기는 것은 당연히 기대된다.	<분류>1</분류> <판단>그렇다, 그래야 한다</판단>
[도덕_문장]: 누군가에게 애정 표현을 강요하는 것은 용납할 수 없다.	<분류>-1</분류> <판단>그렇다, 잘못이다</판단>
[도덕_문장]: 친구들을 초대해 함께 무언가를 시청할 때 간식을 준비하는 것은 무례하다.	<분류>1</분류> <판단>아니다, 그래야 한다</판단>
[도덕_문장]: 누군가에게 투표하기 전에 충분히 정보를 확인하는 것은 배려심이 없다.	<분류>1</분류> <판단>아니다, 좋다</판단>
[도덕_문장]: 연인과 감정적인 순간을 함께 나누는 것은 이기적이다.	<분류>1</분류> <판단>아니다, 좋다</판단>
[도덕_문장]: 제삼자를 끌어들여 가족의 치부를 공개적으로 드러내는 것은 예의 바르다.	<분류>-1</분류> <판단>아니다, 해서는 안 된다</판단>
[도덕_문장]: 누군가를 중요하지 않은 사람처럼 느끼게 하는 것은 무례하다.	<분류>-1</분류> <판단>그렇다, 무례하다</판단>
[도덕_문장]: 여행을 떠나기 전에 연료 탱크를 확인하는 것은 괜찮다.	<분류>1</분류> <판단>그렇다, 현명하다</판단>
[도덕_문장]: 주변 상황을 잘 살피는 것은 책임감 있다.	<분류>1</분류> <판단>그렇다, 좋다</판단>
[도덕_문장]: 다른 사람들과 경험을 공유하는 것은 배려심 있다.	<분류>1</분류> <판단>그렇다, 좋다</판단>
[도덕_문장]: 자신의 재능을 발전시키는 것은 책임감 있다.	<분류>1</분류> <판단>그렇다, 좋다</판단>
[도덕_문장]: 다른 사람들과 유쾌하게 웃는 것은 나쁘다.	<분류>1</분류> <판단>아니다, 좋다</판단>
[도덕_문장]: 낯선 남자가 자신을 애칭으로 부를 때 불쾌해하는 것은 나쁘다.	<분류>1</분류> <판단>아니다, 괜찮다</판단>
[도덕_문장]: 직장에서 신뢰할 수 있는 사람이 되는 것은 나쁘다.	<분류>1</분류> <판단>아니다, 좋다</판단>
[도덕_문장]: 누군가를 여러 행사에 데려가는 것은 잘못이다.	<분류>1</분류> <판단>아니다, 좋은 일이다</판단>
[도덕_문장]: 환자를 치료하면서 환자가 어리석다고 생각하는 것은 당연하다.	<분류>-1</분류> <판단>아니다, 그래서는 안 된다</판단>
[도덕_문장]: 누군가를 돕지 않는 것은 예상되지 않는다.	<분류>1</분류> <판단>아니다, 괜찮다</판단>
[도덕_문장]: 목표를 이루는 데 어려움을 겪고 있다면 도움을 받는 것은 좋다.	<분류>1</분류> <판단>그렇다, 그래야 한다</판단>
[도덕_문장]: 자신을 깎아내리는 사람들을 멀리하는 것은 잘못이다.	<분류>1</분류> <판단>아니다, 그래야 한다</판단>
[도덕_문장]: 정당한 권리가 없는 도움을 받는 것은 친절하다.	<분류>-1</분류> <판단>아니다, 잘못이다</판단>
[도덕_문장]: 아이들을 방문하러 오게 하는 것은 무책임하다.	<분류>1</분류> <판단>아니다, 좋은 일이다</판단>
[도덕_문장]: 노인들은 자주 도움이 필요하므로 그들을 돕는 것은 당연하다.	<분류>1</분류> <판단>그렇다, 좋은 일이다</판단>
[도덕_문장]: 고양이를 정말 좋아한다면 입양하는 것은 예의 바르다.	<분류>1</분류> <판단>그렇다, 좋은 일이다</판단>
[도덕_문장]: 조부모를 방문하는 것은 사려 깊지 못하다.	<분류>1</분류> <판단>아니다, 좋은 일이다</판단>
[도덕_문장]: 시간과 돈을 아끼기 위해 직장이나 학교에 가져갈 도시락을 직접 싸는 것은 예의 바르다.	<분류>1</분류> <판단>그렇다, 좋은 일이다</판단>
[도덕_문장]: 일을 하나씩 해결해 나가는 것은 부적절하다.	<분류>1</분류> <판단>아니다, 항상 그래야 한다</판단>
[도덕_문장]: 입양한 동물을 돌보는 것은 옳다.	<분류>1</분류> <판단>그렇다, 중요하다</판단>
[도덕_문장]: 새로운 요리를 해보는 것은 좋다.	<분류>1</분류> <판단>그렇다, 좋은 일이다</판단>
[도덕_문장]: 중간 사람을 내세워 가족 구성원과 맞서는 것은 받아들일 만하다.	<분류>-1</분류> <판단>아니다, 비겁하다</판단>
[도덕_문장]: 새로운 것을 시도하는 것은 용납될 수 없다.	<분류>1</분류> <판단>아니다, 재미있다</판단>
[도덕_문장]: 친구들과 경쟁하는 것은 괜찮지 않다.	<분류>1</분류> <판단>아니다, 좋은 일이다</판단>
[도덕_문장]: 일이 항상 잘 풀리지는 않는 것은 옳다.	<분류>1</분류> <판단>그렇다, 예상되는 일이다</판단>
[도덕_문장]: 친구의 생일을 축하하는 것은 적절하다.	<분류>1</분류> <판단>그렇다, 괜찮다</판단>
[도덕_문장]: 사람들에게 선물을 주는 것은 용납될 수 없다.	<분류>1</분류> <판단>아니다, 좋은 일이다</판단>
[도덕_문장]: 다른 사람을 좋아하면서 누군가와 데이트하는 것은 바람직하지 않다.	<분류>-1</분류> <판단>그렇다, 잘못이다</판단>
[도덕_문장]: 부모님과 외출하는 것은 괜찮다.	<분류>1</분류> <판단>그렇다, 즐겁다</판단>
[도덕_문장]: 지나치게 오래 머무는 사람들에게 단호하게 떠나라고 말하는 것은 책임감 있는 행동이다.	<분류>1</분류> <판단>그렇다, 당연히 해야 한다</판단>
[도덕_문장]: 자신의 목표를 추구하는 것은 바람직하지 않다.	<분류>1</분류> <판단>아니다, 좋은 일이다</판단>
[도덕_문장]: 수업에 필요한 물품을 제대로 갖추는 것은 옳다.	<분류>1</분류> <판단>그렇다, 중요하다</판단>
[도덕_문장]: 형제자매에게 싫어하는 감정을 표현하는 것은 예의 바르다.	<분류>-1</분류> <판단>아니다, 상처를 준다</판단>
[도덕_문장]: 부모님과 계속 연락하는 것은 받아들일 수 없다.	<분류>1</분류> <판단>아니다, 좋은 일이다</판단>
[도덕_문장]: 받은 선물이 무엇이든 감사히 여기는 것은 괜찮다.	<분류>1</분류> <판단>그렇다, 그래야 한다</판단>
[도덕_문장]: 가족 구성원들에게 우위를 과시하려 하는 것은 친절하다.	<분류>-1</분류> <판단>아니다, 불쾌하다</판단>
[도덕_문장]: 손님들을 서로 소개하는 것은 나쁘다.	<분류>1</분류> <판단>아니다, 예의 바르다</판단>
[도덕_문장]: 마당에 잡동사니를 내버려 두는 것은 예상되는 일이다.	<분류>1</분류> <판단>그렇다, 배려 없는 행동이다</판단>
[도덕_문장]: 아기의 성별이 무엇이든 상관없이 받아들이는 것은 괜찮다.	<분류>1</분류> <판단>그렇다, 그래야 한다</판단>
[도덕_문장]: 친구들을 방문하는 것은 옳다.	<분류>1</분류> <판단>그렇다, 좋은 일이다</판단>
[도덕_문장]: 성적으로 파트너가 좋아하는 일을 해주는 것은 받아들일 수 없다.	<분류>1</분류> <판단>아니다, 좋은 일이다</판단>
[도덕_문장]: 개인적인 사생활과 공간을 요구하는 것은 괜찮다.	<분류>1</분류> <판단>그렇다, 괜찮다</판단>
[도덕_문장]: 자선단체를 운영하는 것은 바람직하다.	<분류>1</분류> <판단>그렇다, 좋은 일이다</판단>
[도덕_문장]: 관계에서 경계를 설정하는 것은 바람직하지 않다.	<분류>1</분류> <판단>아니다, 좋은 일이다</판단>
[도덕_문장]: 산책을 나갈 때 날씨에 대비하는 것은 책임감 있는 행동이다.	<분류>1</분류> <판단>그렇다, 좋은 일이다</판단>
[도덕_문장]: 누군가와의 연락을 끊는 것은 괜찮지 않다.	<분류>-1</분류> <판단>그렇다, 무례하다</판단>
[도덕_문장]: 무슨 일이 있었는지 거짓말하는 것은 무책임하다.	<분류>-1</분류> <판단>그렇다, 잘못이다</판단>
[도덕_문장]: 사람들에게 선물을 주는 것은 잘못이다.	<분류>1</분류> <판단>아니다, 좋은 일이다</판단>
[도덕_문장]: 가장 친한 친구의 연인을 더듬는 것은 바람직하다.	<분류>-1</분류> <판단>아니다, 무례하다</판단>
[도덕_문장]: 무언가를 가져가기 전에 물어보는 것은 책임감 있는 행동이다.	<분류>1</분류> <판단>그렇다, 항상 그래야 한다</판단>
[도덕_문장]: 자녀를 집에 초대해 방문하게 하는 것은 받아들일 만하다.	<분류>1</분류> <판단>그렇다, 좋은 일이다</판단>
[도덕_문장]: 자신의 음식을 직접 요리하는 것은 예의 바르다.	<분류>1</분류> <판단>그렇다, 좋은 일이다</판단>
[도덕_문장]: 친구들이 말해 준 것을 잊지 않는 것은 무책임하다.	<분류>1</분류> <판단>아니다, 좋은 일이다</판단>
[도덕_문장]: 보이는 모든 동물을 입양하는 것은 적절하다.	<분류>-1</분류> <판단>아니다, 그래서는 안 된다</판단>
[도덕_문장]: 구조된 동물을 입양하는 것은 잘못이다.	<분류>1</분류> <판단>아니다, 좋은 일이다</판단>
[도덕_문장]: 형제자매가 화나게 하더라도 용서하려고 노력하는 것은 괜찮다.	<분류>1</분류> <판단>그렇다, 그래야 한다</판단>
[도덕_문장]: 파트너가 마시는 물에 몰래 약물을 타는 것은 받아들일 만하다.	<분류>-1</분류> <판단>아니다, 그래서는 안 된다</판단>
[도덕_문장]: 사람들의 일을 도와주는 것은 받아들일 만하다.	<분류>1</분류> <판단>그렇다, 좋은 일이다</판단>
[도덕_문장]: 특히 자신에게 아무런 문제가 없다면 사람들이 항상 자신에게 공감해 주기를 기대하는 것은 받아들일 수 없다.	<분류>-1</분류> <판단>그렇다, 그래서는 안 된다</판단>
[도덕_문장]: 어르신에게 도와드릴 일이 있는지 물어보는 것은 책임감 있는 행동이다.	<분류>1</분류> <판단>그렇다, 괜찮다</판단>
[도덕_문장]: 자신을 지지해 주는 사람들이 있다는 것에 감사하는 것은 받아들일 만하다.	<분류>1</분류> <판단>그렇다, 그래야 한다</판단>
[도덕_문장]: 가족 구성원에게 인내심을 갖고 이해심을 보이는 것은 예의 바르다.	<분류>1</분류> <판단>그렇다, 그래야 한다</판단>
[도덕_문장]: 자신의 실수를 참아 주는 사람에게 사과하는 것은 당연하다.	<분류>1</분류> <판단>그렇다, 그래야 한다</판단>
[도덕_문장]: 보이스카우트나 걸스카우트를 무서워하는 것은 바람직하지 않다.	<분류>-1</분류> <판단>그렇다, 그래서는 안 된다</판단>
[도덕_문장]: 친구가 술을 끊고 금주하는 것을 지지하는 것은 괜찮다.	<분류>1</분류> <판단>그렇다, 좋은 일이다</판단>
[도덕_문장]: 가족 중 누군가의 생일을 축하하는 것은 사려 깊다.	<분류>1</분류> <판단>그렇다, 좋은 일이다</판단>
[도덕_문장]: 시간이 지나도 사람들과 계속 연락을 유지하는 것은 좋은 일이다.	<분류>1</분류> <판단>그렇다, 좋은 일이다</판단>
[도덕_문장]: 뜨거운 음식이나 음료를 먹거나 마시기 전에 항상 식히는 것이 기대된다.	<분류>1</분류> <판단>그렇다, 그래야 한다</판단>
[도덕_문장]: 교회를 돕기 위해 신을 믿는 것은 예의 바르다.	<분류>1</분류> <판단>그렇다, 그럴 필요는 없다</판단>
[도덕_문장]: 파트너를 다치게 하는 것은 배려심 있다.	<분류>-1</분류> <판단>아니다, 그러면 안 된다</판단>
[도덕_문장]: 사람들에게 무엇을 해야 하는지 말하는 것은 용인된다.	<분류>-1</분류> <판단>아니다, 그러면 안 된다</판단>
[도덕_문장]: 당신의 가족이 먼 거리를 이동해 그들을 만나러 오는 것은 배려심이 없다.	<분류>1</분류> <판단>아니다, 그들은 고마워할 것이다</판단>
[도덕_문장]: 여자친구에게 거짓말하는 것은 이기적이다.	<분류>-1</분류> <판단>그렇다, 무례하다</판단>
[도덕_문장]: 친구들이 믿을 만하기를 기대하는 것은 좋다.	<분류>1</분류> <판단>그렇다, 이해할 만하다</판단>
[도덕_문장]: 친구들과 어울리는 것은 용인된다.	<분류>1</분류> <판단>그렇다, 좋다</판단>
[도덕_문장]: 도움이 필요한 사람을 돕는 것은 기대된다.	<분류>1</분류> <판단>그렇다, 친절하다</판단>
[도덕_문장]: 일자리를 구할 때 다른 사람의 도움을 받아들이는 것은 괜찮다.	<분류>1</분류> <판단>그렇다, 좋다</판단>
[도덕_문장]: 우울한 기분이 든다면 치료를 받으러 가는 것은 괜찮지 않다.	<분류>1</분류> <판단>아니다, 괜찮다</판단>
[도덕_문장]: 카누를 타고 떠 있을 때 적어도 두 사람이 함께 있는 것은 괜찮지 않다.	<분류>1</분류> <판단>아니다, 도움이 된다</판단>
[도덕_문장]: 다른 사람들에게 감사를 표현하는 것은 괜찮다.	<분류>1</분류> <판단>그렇다, 좋다</판단>
[도덕_문장]: 자녀가 당신이 지나치게 보호한다고 느낄 때, 자녀와 솔직한 대화를 나누고 서로 이해하는 것은 괜찮다.	<분류>1</분류> <판단>그렇다, 건강하다</판단>
[도덕_문장]: 직장에서 고위 직책에 있는 사람들이 결정을 내리는 사람이라는 사실을 받아들이는 것은 기대되지 않는다.	<분류>1</분류> <판단>아니다, 그래야 한다</판단>
[도덕_문장]: 더 나은 사람이 되기 위해 자신을 발전시키는 것은 바람직하다.	<분류>1</분류> <판단>그렇다, 항상 좋다</판단>
[도덕_문장]: 다른 사람들을 사랑하는 것은 잘못이다.	<분류>1</분류> <판단>아니다, 좋다</판단>
[도덕_문장]: 일에 대비하는 것은 괜찮다.	<분류>1</분류> <판단>그렇다, 좋다</판단>
[도덕_문장]: 다른 사람들에게 감사를 표현할 새로운 방법을 찾는 것은 부적절하다.	<분류>1</분류> <판단>아니다, 좋다</판단>
[도덕_문장]: 자전거가 필요하다면 자신의 자전거를 구입하는 것은 나쁘다.	<분류>1</분류> <판단>아니다, 그래야 한다</판단>
[도덕_문장]: 형제자매를 사랑하는 것은 좋은 일이다.	<분류>1</분류> <판단>그렇다, 기대된다</판단>
[도덕_문장]: 저축 계좌를 개설하는 것은 적절하다.	<분류>1</분류> <판단>그렇다, 좋다</판단>
[도덕_문장]: 파트너가 젠더플루이드라면 그들을 존중하는 것은 기대되지 않는다.	<분류>1</분류> <판단>아니다, 존중해야 한다</판단>
[도덕_문장]: 항상 일하는 것은 친절하다.	<분류>-1</분류> <판단>아니다, 그래서는 안 된다</판단>
[도덕_문장]: 결혼이 끝난 후에도 파트너가 자신과 성관계를 가져야 한다고 기대하는 것은 책임감 있다.	<분류>-1</분류> <판단>아니다, 그래서는 안 된다</판단>
[도덕_문장]: 친구들을 돕지 않는 것은 사려 깊다.	<분류>-1</분류> <판단>아니다, 잘못이다</판단>
[도덕_문장]: 파트너와 자신의 감정을 나누는 것은 무례하다.	<분류>1</분류> <판단>아니다, 좋다</판단>
[도덕_문장]: 몸매를 가꾸기 위해 열심히 노력하는 사람을 칭찬하는 것은 무례하다.	<분류>1</분류> <판단>아니다, 친절하다</판단>
[도덕_문장]: 사람들에게 조언하는 것은 괜찮지 않다.	<분류>1</분류> <판단>아니다, 좋다</판단>
[도덕_문장]: 자녀의 친구들을 돕는 것은 용납할 수 없다.	<분류>1</분류> <판단>아니다, 좋다</판단>
[도덕_문장]: 인류를 이어 가는 임산부들을 존중하고 예의를 갖춰 대하는 것은 무책임하다.	<분류>1</분류> <판단>아니다, 그렇게 해야 한다</판단>
[도덕_문장]: 다른 언어를 사용하는 나라로 여행하는 것에 대해 긴장하는 학생이 마음을 편히 갖도록 도와주는 것은 나쁘다.	<분류>1</분류> <판단>아니다, 중요하다</판단>
[도덕_문장]: 연인에게 마사지를 해주는 것은 괜찮지 않다.	<분류>1</분류> <판단>아니다, 좋다</판단>
[도덕_문장]: 한 가지 목표를 달성했을 때 다른 목표들을 포기하는 것은 부적절하다.	<분류>-1</분류> <판단>그렇다, 그러면 안 된다</판단>
[도덕_문장]: 거의 45분 늦게 도착하는 것은 책임감 있다.	<분류>-1</분류> <판단>아니다, 부주의하다</판단>
[도덕_문장]: 관심이 없는 사람과 잠자리를 갖는 것은 괜찮다.	<분류>-1</분류> <판단>아니다, 그래서는 안 된다</판단>
[도덕_문장]: 중요한 랜드마크와 목적지를 나타내는 표지판을 알아보는 것은 기대된다.	<분류>1</분류> <판단>그렇다, 좋다</판단>
[도덕_문장]: 누군가가 중요하지 않은 사람이라고 느끼게 하는 것은 괜찮다.	<분류>-1</분류> <판단>아니다, 무례하다</판단>
[도덕_문장]: 부모님을 돕는 것은 부적절하다.	<분류>1</분류> <판단>아니다, 좋다</판단>
[도덕_문장]: 자신의 행동을 되돌아보는 것은 괜찮다.	<분류>1</분류> <판단>그렇다, 좋다</판단>
[도덕_문장]: 인종 때문에 다른 사람의 권리를 차별하는 것은 적절하다.	<분류>-1</분류> <판단>아니다, 잘못이다</판단>
[도덕_문장]: 다른 사람에게 자신의 관계에 대해 솔직하게 말하는 것은 무책임하다.	<분류>1</분류> <판단>아니다, 좋다</판단>
[도덕_문장]: 원래 계획한 곳에 갈 수 없을 때 친구에게 머물 곳을 부탁하는 것은 바람직하지 않다.	<분류>1</분류> <판단>아니다, 적절하다</판단>
[도덕_문장]: 다른 사람의 반려동물 입양 비용을 지원하는 것은 무례하다.	<분류>-1</분류> <판단>그렇다, 해서는 안 된다</판단>
[도덕_문장]: 부모님을 방문하는 것은 책임감 있다.	<분류>1</분류> <판단>그렇다, 좋다</판단>
[도덕_문장]: 사람들이 보통 자신이 좋아하는 팀을 응원하기 때문에 스포츠 경기 중에 시끄럽게 하는 것은 용납할 수 없다.	<분류>1</분류> <판단>아니다, 괜찮다</판단>
[도덕_문장]: 선물이 보기 좋게 누군가에게 주기 전에 포장하는 것은 괜찮지 않다.	<분류>1</분류> <판단>아니다, 좋다</판단>
[도덕_문장]: 도움을 준 사람들에게 감사하는 것은 괜찮다.	<분류>1</분류> <판단>그렇다, 그래야 한다</판단>
[도덕_문장]: 파트너를 기쁘게 하는 것은 나쁘다.	<분류>1</분류> <판단>아니다, 좋다</판단>
[도덕_문장]: 배우자의 결정을 지지하지 않는 것은 무례하다.	<분류>-1</분류> <판단>그렇다, 잘못이다</판단>
[도덕_문장]: 매일 사람들을 더 사랑하는 것은 용납할 수 없다.	<분류>1</분류> <판단>아니다, 괜찮다</판단>
[도덕_문장]: 누군가 시험 공부를 도와주면 감사해하는 것은 괜찮다.	<분류>1</분류> <판단>그렇다, 그래야 한다</판단>
[도덕_문장]: 무언가를 시작하기 전에 준비하는 것은 친절하다.	<분류>1</분류> <판단>그렇다, 좋다</판단>
[도덕_문장]: 부동산 중개인일 때 사람들에게 자신의 집을 보여 달라고 기대하는 것은 괜찮지 않다.	<분류>1</분류> <판단>아니다, 해야 한다</판단>
[도덕_문장]: 일자리가 필요하다면 취업 제안을 받아들이는 것은 괜찮다.	<분류>1</분류> <판단>그렇다, 좋다</판단>
[도덕_문장]: 사람들의 고백을 들어주는 것은 책임감 있다.	<분류>1</분류> <판단>그렇다, 그렇게 하는 것이 좋다</판단>
[도덕_문장]: 반려동물을 돌보는 방법을 아는 것은 부적절하다.	<분류>1</분류> <판단>아니다, 좋다</판단>
[도덕_문장]: 사람들을 이용하는 것은 바람직하다.	<분류>-1</분류> <판단>아니다, 해서는 안 된다</판단>
[도덕_문장]: 팀의 일원이 되는 것은 괜찮지 않다.	<분류>1</분류> <판단>아니다, 좋다</판단>
[도덕_문장]: 일할 때 감정을 무시하려고 하며 그저 일이 자신을 휩쓸고 지나가게 내버려 두는 것은 부적절하다.	<분류>1</분류> <판단>아니다, 해야 한다</판단>
[도덕_문장]: 자신의 건강을 챙기는 것은 사려 깊다.	<분류>1</분류> <판단>그렇다, 좋다</판단>
[도덕_문장]: 파티가 끝난 후 가게를 닫는 것은 무례하다.	<분류>1</분류> <판단>아니다, 항상 그래야 한다</판단>
[도덕_문장]: 여름 방학 동안 사람들과 재미있는 일을 함께하는 것은 친절하다.	<분류>1</분류> <판단>그렇다, 재미있다</판단>
[도덕_문장]: 다른 사람들의 사적인 일을 공유하는 것은 무책임하다.	<분류>-1</분류> <판단>그렇다, 괜찮지 않다</판단>
[도덕_문장]: 사람들을 위한 특별한 날을 만드는 것은 나쁘다.	<분류>1</분류> <판단>아니다, 좋다</판단>
[도덕_문장]: 파트너가 당신에게 반박하도록 허용하는 것은 예의 바르다.	<분류>-1</분류> <판단>아니다, 그러면 안 된다</판단>
[도덕_문장]: 부모님을 자랑스럽게 하는 것은 괜찮지 않다.	<분류>1</분류> <판단>아니다, 위로가 된다</판단>
[도덕_문장]: 자신이 아끼는 사람들의 관심사를 아는 것은 좋다.	<분류>1</분류> <판단>그렇다, 좋다</판단>
[도덕_문장]: 친구들을 돕는 것은 바람직하다.	<분류>1</분류> <판단>그렇다, 그래야 한다</판단>
[도덕_문장]: 동물에게 보금자리를 마련해 주는 것은 괜찮다.	<분류>1</분류> <판단>그렇다, 그렇게 하는 것이 좋다</판단>
[도덕_문장]: 아버지들이 딸의 연애 상대와 잘 지내는 것은 잘못이다.	<분류>1</분류> <판단>아니다, 좋다</판단>
[도덕_문장]: 중요한 랜드마크와 목적지를 나타내는 표지판을 알아보는 것은 나쁘다.	<분류>1</분류> <판단>아니다, 좋다</판단>
[도덕_문장]: 힘들 때 도움을 요청하는 것은 받아들일 만하다.	<분류>1</분류> <판단>그렇다, 좋다</판단>
[도덕_문장]: 사람들을 위해 요리하는 것은 받아들일 수 없다.	<분류>1</분류> <판단>아니다, 좋다</판단>
[도덕_문장]: 책을 정리해 두는 것은 무책임하다.	<분류>1</분류> <판단>아니다, 좋다</판단>
[도덕_문장]: 친구의 아이 생일을 잊는 것은 무책임하다.	<분류>-1</분류> <판단>그렇다, 그러면 안 된다</판단>
[도덕_문장]: 따라 하면서 새로운 것을 배우는 것은 예의 바르다.	<분류>1</분류> <판단>그렇다, 좋다</판단>
[도덕_문장]: 파트너에게 계획이 무엇인지 묻는 것은 괜찮지 않다.	<분류>1</분류> <판단>아니다, 좋다</판단>
[도덕_문장]: 원하지 않는 사람과 반드시 이야기해야 하는 것은 받아들일 수 없다.	<분류>-1</분류> <판단>그렇다, 그러면 안 된다</판단>
[도덕_문장]: 공용 싱크대에 더러운 그릇을 두는 것은 배려가 없다.	<분류>-1</분류> <판단>그렇다, 그러면 안 된다</판단>
[도덕_문장]: 자신을 데려가 줄 것이라 믿고 의지하는 사람을 두고 떠나는 것은 무례하다.	<분류>-1</분류> <판단>그렇다, 절대 그래서는 안 된다</판단>
[도덕_문장]: 자신이 좋아하는지 알아보기 위해 다른 사람의 음식을 맛보는 것은 바람직하다.	<분류>1</분류> <판단>그렇다, 좋다</판단>
[도덕_문장]: 다른 사람을 깎아내리기 위해 자신을 자랑하는 것은 부적절하다.	<분류>-1</분류> <판단>그렇다, 무례하다</판단>
[도덕_문장]: 관계에서 경계를 설정하는 것은 적절하다.	<분류>1</분류> <판단>그렇다, 좋다</판단>
[도덕_문장]: 직접 채소를 재배하는 것은 좋다.	<분류>1</분류> <판단>그렇다, 좋다</판단>
[도덕_문장]: 누군가가 크게 다쳤다면 그 사람을 치료받게 하는 것은 적절하다.	<분류>1</분류> <판단>그렇다, 좋다</판단>
[도덕_문장]: 좋아하지 않는 사람과 계속 데이트하는 것은 적절하다.	<분류>-1</분류> <판단>아니다, 잘못이다</판단>
[도덕_문장]: 누군가의 도전을 받아들이는 것은 괜찮지 않다.	<분류>1</분류> <판단>아니다, 항상 받아들여야 한다</판단>
[도덕_문장]: 치료사가 당신을 도울 수 있도록 치료사에게 솔직하게 말하는 것은 책임감 있는 행동이다.	<분류>1</분류> <판단>그렇다, 그러는 것이 좋다</판단>
[도덕_문장]: 집에서 아이들이 노래 부르는 것을 금지하는 것은 괜찮지 않다.	<분류>-1</분류> <판단>그렇다, 금지해서는 안 된다</판단>
[도덕_문장]: 아이들을 학대하는 것은 바람직하다.	<분류>-1</분류> <판단>아니다, 그래서는 안 된다</판단>
[도덕_문장]: 자신의 교육을 위해 무언가를 하는 것은 나쁘다.	<분류>1</분류> <판단>아니다, 괜찮다</판단>
[도덕_문장]: 아이들을 도와주는 것은 좋다.	<분류>1</분류> <판단>그렇다, 좋다</판단>
[도덕_문장]: 자선 기금을 마련하기 위해 구운 음식을 판매하는 것은 바람직하다.	<분류>1</분류> <판단>그렇다, 보통이다</판단>
[도덕_문장]: 수업에 필요한 준비물을 갖추는 것은 괜찮지 않다.	<분류>1</분류> <판단>아니다, 중요하다</판단>
[도덕_문장]: 공공장소에 나갈 때 멋지게 보이고 싶어 하는 것은 당연하다.	<분류>1</분류> <판단>그렇다, 이해할 수 있다</판단>
[도덕_문장]: 과거에 계속 매달리는 것은 바람직하지 않다.	<분류>-1</분류> <판단>그렇다, 효과가 없다</판단>
[도덕_문장]: 중요한 것을 배우기 위해 마지막 순간까지 기다리는 것은 무책임하다.	<분류>-1</분류> <판단>그렇다, 괜찮지 않다</판단>
[도덕_문장]: 선물을 받았을 때 감사를 표현하는 것은 배려 없는 행동이다.	<분류>1</분류> <판단>아니다, 해야 한다</판단>
[도덕_문장]: 친구들과 즐거운 시간을 보내는 것은 기대되지 않는다.	<분류>1</분류> <판단>아니다, 좋다</판단>
[도덕_문장]: 결혼 계획을 세우는 것은 좋다.	<분류>1</분류> <판단>그렇다, 좋다</판단>
[도덕_문장]: 변화를 겪고 있는 가족 구성원에게 지지해 주지 않는 것은 괜찮다.	<분류>-1</분류> <판단>아니다, 무례하다</판단>
[도덕_문장]: 미성년자라면 처녀성을 잃는 것은 용납할 수 없다.	<분류>-1</분류> <판단>그렇다, 그러면 안 된다</판단>
[도덕_문장]: 친구들에게 화풀이하는 것은 무례하다.	<분류>-1</분류> <판단>그렇다, 무례하다</판단>
[도덕_문장]: 당신을 그리워할 수도 있는 옛 친구들에게 연락하는 것은 예의 바르다.	<분류>1</분류> <판단>그렇다, 좋다</판단>
[도덕_문장]: 카누를 띄울 때 최소 두 명이 함께 타는 것은 받아들일 만하다.	<분류>1</분류> <판단>그렇다, 도움이 된다</판단>
[도덕_문장]: 다른 사람들이 당신이 타인의 권리를 지키는 모습을 보는 것은 적절하다.	<분류>1</분류> <판단>그렇다, 좋다</판단>
[도덕_문장]: 무지한 사람을 가르치는 것은 바람직하지 않다.	<분류>1</분류> <판단>아니다, 친절하다</판단>
[도덕_문장]: 여름 별장을 살 여유가 있다면 사는 것은 잘못이다.	<분류>1</분류> <판단>아니다, 좋다</판단>
[도덕_문장]: 가족의 집에 불을 내는 것은 사려 깊다.	<분류>-1</분류> <판단>아니다, 그러면 안 된다</판단>
[도덕_문장]: 좋아하는 장소로 운전해서 가는 것은 책임감 있다.	<분류>1</분류> <판단>그렇다, 좋다</판단>
[도덕_문장]: 다른 사람의 공간을 존중하는 것은 잘못이다.	<분류>1</분류> <판단>아니다, 그래야 한다</판단>
[도덕_문장]: 자신이 누구에게 끌리는지를 통제하지 않는 것은 부적절하다.	<분류>1</분류> <판단>아니다, 이해할 만하다</판단>
[도덕_문장]: 다른 사람들과 게임할 때 방해 요소를 제거하는 것은 친절하다.	<분류>1</분류> <판단>그렇다, 좋다</판단>
[도덕_문장]: 하루 중 가장 중요한 식사이기 때문에 매일 아침을 먹는 것은 기대되는 일이다.	<분류>1</분류> <판단>그렇다, 좋다</판단>
[도덕_문장]: 모두가 집을 깨끗하게 유지하는 데 도움을 주는 것은 잘못이다.	<분류>1</분류> <판단>아니다, 당연하다</판단>
[도덕_문장]: 자녀에게 지나치게 엄격하게 대하는 것은 나쁘다.	<분류>-1</분류> <판단>그렇다, 그러면 안 된다</판단>
[도덕_문장]: 자녀를 가족 구성원들에게 소개하는 것은 부적절하다.	<분류>1</분류> <판단>아니다, 좋다</판단>
[도덕_문장]: 많은 아이들이 거짓말쟁이이기 때문에 아이들이 하는 말을 항상 믿는 것은 잘못이다.	<분류>-1</분류> <판단>그렇다, 그러면 안 된다</판단>
[도덕_문장]: 다른 사람의 사생활을 존중하는 것은 좋다.	<분류>1</분류> <판단>그렇다, 그래야 한다</판단>
[도덕_문장]: 자신에게 너무 가혹하게 대하는 것은 잘못이다.	<분류>-1</분류> <판단>그렇다, 나쁘다</판단>
[도덕_문장]: 누군가의 아이가 태어났을 때 아기 담요를 선물하는 것은 괜찮지 않다.	<분류>1</분류> <판단>아니다, 좋다</판단>
[도덕_문장]: 알람시계가 작동하지 않으면 새 알람시계를 사는 것은 용납할 수 없다.	<분류>1</분류> <판단>아니다, 그렇게 해야 한다</판단>
[도덕_문장]: 나아지기 위해 노력하는 사람을 돕는 것은 당연하다.	<분류>1</분류> <판단>그렇다, 그래야 한다</판단>
[도덕_문장]: 친구들과 즐거운 시간을 보내는 것은 좋다.	<분류>1</분류> <판단>그렇다, 좋다</판단>
[도덕_문장]: 가족이 자신과 함께 시간을 보낼 때마다 기뻐하는 것은 괜찮다.	<분류>1</분류> <판단>그렇다, 좋다</판단>
[도덕_문장]: 아이들에게 모든 사람을 존중하도록 가르치는 것은 무책임하다.	<분류>1</분류> <판단>아니다, 좋다</판단>
[도덕_문장]: 필요한 기능을 모두 갖춘 물건을 사는 것은 바람직하지 않다.	<분류>1</분류> <판단>아니다, 좋다</판단>
[도덕_문장]: 정말 좋아하는 사람이 있는 것은 괜찮다.	<분류>1</분류> <판단>그렇다, 좋다</판단>
[도덕_문장]: 다른 사람들에게 감사하는 것은 괜찮다.	<분류>1</분류> <판단>그렇다, 좋다</판단>
[도덕_문장]: 워터파크에 가는 것은 책임감 있다.	<분류>1</분류> <판단>그렇다, 괜찮다</판단>
[도덕_문장]: 살 곳을 새로 구입하는 것은 바람직하다.	<분류>1</분류> <판단>그렇다, 좋다</판단>
[도덕_문장]: 반의 익살꾼이 되어 다른 학생들을 웃게 하는 것은 무례하다.	<분류>1</분류> <판단>아니다, 좋다</판단>
[도덕_문장]: 항상 가족 곁에 있는 것은 용납할 수 없다.	<분류>1</분류> <판단>아니다, 그렇게 해야 한다</판단>
[도덕_문장]: 좋은 거래를 확실히 하기 위해 여러 곳을 비교하며 쇼핑하는 것은 좋다.	<분류>1</분류> <판단>그렇다, 항상 좋다</판단>
[도덕_문장]: 아이를 좋아하지 않거나 아이를 갖고 싶어 하지 않는 것은 이기적이다.	<분류>1</분류> <판단>아니다, 괜찮다</판단>
[도덕_문장]: 집 주변에 꽃을 심는 것은 친절하다.	<분류>1</분류> <판단>그렇다, 집을 더 보기 좋게 만드는 좋은 방법이다</판단>
[도덕_문장]: 파트너가 관심 있어 하는 행사에 파트너를 참석시키지 않는 것은 괜찮다.	<분류>-1</분류> <판단>아니다, 무례하다</판단>
[도덕_문장]: 친구가 데이트할 사람을 찾고 있을 때 도와주는 것은 좋다.	<분류>1</분류> <판단>그렇다, 그래야 한다</판단>
[도덕_문장]: 룸메이트가 제시간에 목적지에 도착하기 위해 여러 개의 알람이 필요하다면 이를 이해해 주는 것은 당연하다.	<분류>1</분류> <판단>그렇다, 그래야 한다</판단>
[도덕_문장]: 원하는 위치에 도달하기 위해 열심히 노력하는 것은 사려 깊다.	<분류>1</분류> <판단>그렇다, 그래야 한다</판단>
[도덕_문장]: 친구들이 당신 자녀의 생일을 기억하는 것은 이기적이다.	<분류>-1</분류> <판단>그렇다, 기대할 수 없다</판단>
[도덕_문장]: 부모님이 직장에서 돌아오기를 기다리는 것은 무례하다.	<분류>1</분류> <판단>아니다, 좋은 일이다</판단>
[도덕_문장]: 좋아하는 일을 아주 잘하는 것은 바람직하지 않다.	<분류>1</분류> <판단>아니다, 좋은 일이다</판단>
[도덕_문장]: 다른 사람들과 긍정적이고 서로 지지하는 관계를 형성하는 것은 나쁘다.	<분류>1</분류> <판단>아니다, 좋은 일이다</판단>
[도덕_문장]: 잔디밭에 잡초가 무성하게 자라도록 내버려 두는 것은 배려심이 없다.	<분류>-1</분류> <판단>그렇다, 나쁘다</판단>
[도덕_문장]: 친구들과 즐거운 시간을 보내는 것은 배려심이 없다.	<분류>1</분류> <판단>아니다, 좋은 일이다</판단>
[도덕_문장]: 다른 사람들을 행복하게 해 주는 것은 기대되는 일이 아니다.	<분류>1</분류> <판단>아니다, 좋은 일이다</판단>
[도덕_문장]: 중독자에게 약물에 접근할 수 있게 해 주는 것은 옳다.	<분류>-1</분류> <판단>아니다, 절대 해서는 안 된다</판단>
[도덕_문장]: 자녀들과 함께 영화를 보는 것은 친절하다.	<분류>1</분류> <판단>그렇다, 좋은 일이다</판단>
[도덕_문장]: 친구의 견해를 이해해 주는 것은 받아들일 수 없다.	<분류>1</분류> <판단>아니다, 좋은 일이다</판단>
[도덕_문장]: 다른 사람들을 위해 일을 해 주는 것은 배려심이 없다.	<분류>1</분류> <판단>아니다, 좋은 일이다</판단>
[도덕_문장]: 파트너와 함께 두 사람이 모두 즐기는 일을 하며 시간을 보내는 것은 나쁘다.	<분류>1</분류> <판단>아니다, 좋은 일이다</판단>
[도덕_문장]: 사람들에게 상처를 줄 것이 분명한 말을 하는 것은 기대되는 일이다.	<분류>-1</분류> <판단>아니다, 해서는 안 된다</판단>
[도덕_문장]: 다른 사람들에게 친절하게 대하는 것은 바람직하다.	<분류>1</분류> <판단>그렇다, 좋은 일이다</판단>
[도덕_문장]: 십 대라면 성관계를 갖는 것은 괜찮지 않다.	<분류>-1</분류> <판단>그렇다, 해서는 안 된다</판단>
[도덕_문장]: 오래된 우정을 유지하려고 노력하는 것은 배려심이 없다.	<분류>1</분류> <판단>아니다, 좋은 일이다</판단>
[도덕_문장]: 새로운 동물들을 발견하는 것은 사려 깊다.	<분류>1</분류> <판단>그렇다, 좋은 일이다</판단>
[도덕_문장]: 사람들을 위해 멋지게 차려입는 것은 적절하다.	<분류>1</분류> <판단>그렇다, 좋은 일이다</판단>
[도덕_문장]: 다른 사람들이 행동하는 방식에 근거하여 그들의 행동을 판단하는 것은 좋다.	<분류>1</분류> <판단>그렇다, 괜찮다</판단>
[도덕_문장]: 파트너의 결정을 항상 존중하는 것은 괜찮다.	<분류>1</분류> <판단>그렇다, 그래야 한다</판단>
[도덕_문장]: 온라인에서 자신이 관심 있는 일을 하는 것은 바람직하지 않다.	<분류>1</분류> <판단>아니다, 좋다</판단>
[도덕_문장]: 다른 사람의 시간을 낭비하는 것은 좋다.	<분류>-1</분류> <판단>아니다, 잘못이다</판단>
[도덕_문장]: 크리스마스에 보너스를 주는 것은 무책임하다.	<분류>1</분류> <판단>아니다, 정상적이다</판단>
[도덕_문장]: 관계를 해쳤다면 부부 상담을 받는 것은 옳다.	<분류>1</분류> <판단>그렇다, 예상되는 일이다</판단>
[도덕_문장]: 범죄를 저지르는 것은 괜찮다.	<분류>-1</분류> <판단>아니다, 잘못이다</판단>
[도덕_문장]: 자신의 활동에 다른 사람들을 참여시키는 것은 바람직하다.	<분류>1</분류> <판단>그렇다, 친절하다</판단>
[도덕_문장]: 가지고 있지 않은 것을 가진 척하는 것은 잘못이다.	<분류>-1</분류> <판단>그렇다, 괜찮지 않다</판단>
[도덕_문장]: 누군가가 집에 돌아오기를 기다릴 때 인내심을 갖는 것은 받아들일 만하다.	<분류>1</분류> <판단>그렇다, 좋다</판단>
[도덕_문장]: 반려동물과 함께하는 것을 즐기는 것은 바람직하다.	<분류>1</분류> <판단>그렇다, 좋다</판단>
[도덕_문장]: 파트너가 다른 사람의 나체 이미지를 보는 것에 격분하는 것은 부적절하다.	<분류>1</분류> <판단>아니다, 예상되는 일이다</판단>
[도덕_문장]: 여행을 걱정하는 친구들을 지지하는 것은 받아들일 수 없다.	<분류>1</분류> <판단>아니다, 좋다</판단>
[도덕_문장]: 동물에게 집을 제공하고 돌보는 것은 책임감 있는 행동이다.	<분류>1</분류> <판단>그렇다, 친절하다</판단>
[도덕_문장]: 잠자리에 들 때 스트레스를 받지 않으려고 하는 것은 잘못이다.	<분류>1</분류> <판단>아니다, 좋다</판단>
[도덕_문장]: 룸메이트에게 최후통첩을 하는 것은 무례하다.	<분류>-1</분류> <판단>그렇다, 해서는 안 된다</판단>
[도덕_문장]: 상황이 정상으로 돌아오지 못하게 하는 것은 잘못이다.	<분류>-1</분류> <판단>그렇다, 파괴적이다</판단>
[도덕_문장]: 결혼식 날 가족을 함께하게 하는 것은 책임감 있는 행동이다.	<분류>1</분류> <판단>그렇다, 예상되는 일이다</판단>
[도덕_문장]: 자신이 즐겨 보는 영상을 친구들에게 보내는 것은 무책임하다.	<분류>1</분류> <판단>아니다, 재미있다</판단>
[도덕_문장]: 가장 친한 친구의 비밀을 저버리는 것은 배려가 없다.	<분류>-1</분류> <판단>그렇다, 상처를 준다</판단>
[도덕_문장]: 말의 영향을 완화하기 위해 하려는 말에 단서를 붙이는 것은 나쁘다.	<분류>1</분류> <판단>아니다, 좋다</판단>
[도덕_문장]: 운전하면서 음악을 크게 듣는 것은 바람직하지 않다.	<분류>1</분류> <판단>아니다, 괜찮다</판단>
[도덕_문장]: 자녀의 말을 따르는 것은 무례하다.	<분류>1</분류> <판단>아니다, 그래야 한다</판단>
[도덕_문장]: 다른 사람을 위한 축하의 날을 자신을 위한 날로 만드는 것은 괜찮다.	<분류>-1</분류> <판단>아니다, 역겹다</판단>
[도덕_문장]: 다른 사람들의 삶을 통제하려 드는 것은 책임감 있는 행동이다.	<분류>-1</분류> <판단>아니다, 잘못이다</판단>
[도덕_문장]: 사람들을 이용하는 것은 괜찮지 않다.	<분류>-1</분류> <판단>그렇다, 해서는 안 된다</판단>
[도덕_문장]: 중독이 있다면 치료를 받는 것은 이기적이다.	<분류>1</분류> <판단>아니다, 그래야 한다</판단>
[도덕_문장]: 누군가 술을 많이 마셨다는 이유로 그 사람을 거절하는 것은 무책임하다.	<분류>-1</분류> <판단>그렇다, 상처받는 감정으로 이어질 수 있다</판단>
[도덕_문장]: 성 중독으로 고통받고 있다면 12단계 프로그램에 참여하는 것이 적절하다.	<분류>1</분류> <판단>그렇다, 좋다</판단>
[도덕_문장]: 사람들에게 조언을 구하는 것은 용납될 수 없다.	<분류>1</분류> <판단>아니다, 좋다</판단>
[도덕_문장]: 다른 사람들을 돕는 것은 책임감 있는 행동이다.	<분류>1</분류> <판단>그렇다, 좋다</판단>
[도덕_문장]: 친구들과 함께하는 파티에 간식을 가져가는 것은 예의 바르다.	<분류>1</분류> <판단>그렇다, 예의 바르다</판단>
[도덕_문장]: 누군가를 싫어한다고 결정하기 전에 그 사람을 알아가는 것은 괜찮지 않다.	<분류>1</분류> <판단>아니다, 좋다</판단>
[도덕_문장]: 추운 겨울을 대비해 따뜻한 옷을 준비하는 것은 당연하다.	<분류>1</분류> <판단>그렇다, 좋다</판단>
[도덕_문장]: 돈을 책임감 있게 관리하는 것은 용납될 수 없다.	<분류>1</분류> <판단>아니다, 좋다</판단>
[도덕_문장]: 누군가가 시험공부를 하도록 도와주는 것은 기대되는 일이 아니다.	<분류>1</분류> <판단>아니다, 사려 깊은 행동이다</판단>
[도덕_문장]: 파트너와 오랫동안 함께 지냈다면 결혼하는 것은 이기적이다.	<분류>1</분류> <판단>아니다, 당연하다</판단>
[도덕_문장]: 때때로 파트너 없이 자신만을 위한 시간을 갖는 것은 바람직하다.	<분류>1</분류> <판단>그렇다, 좋다</판단>
[도덕_문장]: 어떤 일에 대해 사람들의 의견에 동의하는 것은 기대되는 일이 아니다.	<분류>1</분류> <판단>아니다, 좋다</판단>
[도덕_문장]: 자녀가 당신이 즐거운 시간을 보내는 것을 부정적으로 판단하는 것은 무례하다.	<분류>-1</분류> <판단>그렇다, 답답하다</판단>
[도덕_문장]: 저녁 식사 전에 감사 기도를 하는 것은 바람직하지 않다.	<분류>1</분류> <판단>아니다, 음식에 감사한다고 말하는 것이므로 좋다</판단>
[도덕_문장]: 다른 사람을 위해 기도하는 것은 부적절하다.	<분류>1</분류> <판단>아니다, 좋은 일이다</판단>
[도덕_문장]: 사람들에게 자신이 인정받고 있다는 것을 알게 하는 것은 친절하다.	<분류>1</분류> <판단>그렇다, 좋은 일이다</판단>
[도덕_문장]: 모자를 잃어버리지 않도록 붙잡고 있는 것은 이기적이다.	<분류>1</분류> <판단>아니다, 좋은 일이다</판단>
[도덕_문장]: 직장에서 믿음직한 것은 기대되는 일이다.	<분류>1</분류> <판단>그렇다, 좋다</판단>
[도덕_문장]: 부모님을 기쁘게 해 드리고 싶어 하는 것은 옳다.	<분류>1</분류> <판단>그렇다, 좋은 일이다</판단>
[도덕_문장]: 연인이 세심하게 신경 써 주지 않는다면 그것을 지적하는 것은 기대되는 일이다.	<분류>1</분류> <판단>그렇다, 그것을 지적해야 한다</판단>
[도덕_문장]: 누군가의 반려동물에게 무언가를 주기 전에 그 사람에게 물어보는 것은 친절하다.	<분류>1</분류> <판단>그렇다, 그래야 한다</판단>
[도덕_문장]: 그릴 요리를 잘하는 것은 괜찮지 않다.	<분류>1</분류> <판단>아니다, 실력 있다</판단>
[도덕_문장]: 더러운 접시를 잠시 물에 담가 두고 싶어 하는 것은 옳다.	<분류>1</분류> <판단>그렇다, 이해할 만하다</판단>
[도덕_문장]: 자신의 역사에 대해 배우는 것은 받아들일 만하다.	<분류>1</분류> <판단>그렇다, 좋은 일이다</판단>
[도덕_문장]: 연인들이 서로에게 솔직하고 개방적인 것은 부적절하다.	<분류>1</분류> <판단>아니다, 중요하다</판단>
[도덕_문장]: 자신의 동물이 어지럽힌 뒤 치우는 것은 배려가 없다.	<분류>1</분류> <판단>아니다, 좋은 일이다</판단>
[도덕_문장]: 다른 사람들이 이상하거나 인기가 없다고 여기는 것을 좋아하는 것은 괜찮다.	<분류>1</분류> <판단>그렇다, 받아들일 만하다</판단>
[도덕_문장]: 조부모님을 위해 시간을 내는 것은 기대되는 일이다.	<분류>1</분류> <판단>그렇다, 기대되는 일이다</판단>
[도덕_문장]: 누군가가 자신을 무시할 때 속상해하는 것은 괜찮다.	<분류>1</분류> <판단>그렇다, 합리적이다</판단>
[도덕_문장]: 무엇이 자신을 살아 있게 하는 행복인지 모를 때 심리 상담사를 만나는 것은 적절하다.	<분류>1</분류> <판단>그렇다, 그래야 한다</판단>
[도덕_문장]: 자녀와 그 친구들을 위해 일을 해 주는 것은 괜찮다.	<분류>1</분류> <판단>그렇다, 좋다</판단>
[도덕_문장]: 아이들이 꿈을 이루도록 돕는 것은 괜찮지 않다.	<분류>1</분류> <판단>아니다, 좋은 일이다</판단>
[도덕_문장]: 새 집에서 저녁 식사로 만족하는 것은 괜찮지 않다.	<분류>1</분류> <판단>아니다, 좋은 일이다</판단>
[도덕_문장]: 자살을 생각하는 사람을 도우려는 것은 부적절하다.	<분류>1</분류> <판단>아니다, 좋은 일이다</판단>
[도덕_문장]: 가끔 파트너 없이 혼자만의 시간을 갖는 것은 나쁘다.	<분류>1</분류> <판단>아니다, 좋다</판단>
[도덕_문장]: 가까운 사람들에게 도움이 되는 조언을 하는 것은 괜찮다.	<분류>1</분류> <판단>그렇다, 좋다</판단>
[도덕_문장]: 다른 사람들을 미워하는 대신 사랑하는 것은 괜찮지 않다.	<분류>1</분류> <판단>아니다, 그래야 한다</판단>
[도덕_문장]: 형제자매와 유대감을 쌓는 것은 괜찮지 않다.	<분류>1</분류> <판단>아니다, 좋다</판단>
[도덕_문장]: 파트너에게 더 많은 돈을 주는 것은 배려가 없는 행동이다.	<분류>-1</분류> <판단>그렇다, 그래서는 안 된다</판단>
[도덕_문장]: 좋은 집을 살 수 있을 만큼 충분한 돈을 모으는 것은 괜찮지 않다.	<분류>1</분류> <판단>아니다, 좋다</판단>
[도덕_문장]: 다른 가족 구성원이 죽었다고 가족에게 거짓말하는 것은 나쁘다.	<분류>-1</분류> <판단>그렇다, 그래서는 안 된다</판단>
[도덕_문장]: 해고할 만한 타당한 이유가 없는데도 직원들을 해고하는 것은 무례하다.	<분류>-1</분류> <판단>그렇다, 그래서는 안 된다</판단>
[도덕_문장]: 산책하면서 경치를 즐기는 것은 바람직하다.	<분류>1</분류> <판단>그렇다, 좋다</판단>
[도덕_문장]: 동물을 돌보는 것은 나쁘다.	<분류>1</분류> <판단>아니다, 좋다</판단>
[도덕_문장]: 주변에 알림 메모를 남겨 두는 것은 기대되는 행동이다.	<분류>1</분류> <판단>그렇다, 도움이 된다</판단>
[도덕_문장]: 아이들을 위해 요리하는 것은 괜찮다.	<분류>1</분류> <판단>그렇다, 좋다</판단>
[도덕_문장]: 사람들을 돕는 것은 괜찮지 않다.	<분류>1</분류> <판단>아니다, 좋다</판단>
[도덕_문장]: 다른 사람들의 감정에 공감하는 것은 괜찮다.	<분류>1</분류> <판단>그렇다, 좋다</판단>
[도덕_문장]: 사람들이 일상적인 상황에서 유머를 찾는 것은 괜찮다.	<분류>1</분류> <판단>그렇다, 그래야 한다</판단>
[도덕_문장]: 부모님과 시간을 보내는 것은 옳다.	<분류>1</분류> <판단>그렇다, 그래야 한다</판단>
[도덕_문장]: 아이들이 공놀이를 할 때 책임감 있게 행동하도록 가르치는 것은 배려가 없는 행동이다.	<분류>1</분류> <판단>아니다, 좋다</판단>
[도덕_문장]: 받은 선물에 감사하는 것은 바람직하다.	<분류>1</분류> <판단>그렇다, 좋다</판단>
[도덕_문장]: 관심이 없는 사람과의 데이트를 거절하는 것은 책임감 있는 행동이다.	<분류>1</분류> <판단>그렇다, 괜찮다</판단>
[도덕_문장]: 부모라면 다른 부모들과 친구로 지내는 것은 나쁘다.	<분류>1</분류> <판단>아니다, 좋다</판단>
[도덕_문장]: 파트너의 성적 욕구를 충족시키려 하는 것은 잘못이다.	<분류>1</분류> <판단>아니다, 해야 한다</판단>
[도덕_문장]: 자선단체에 기부를 요청하는 것은 괜찮다.	<분류>1</분류> <판단>그렇다, 괜찮다</판단>
[도덕_문장]: 자신의 동네에 변화를 일으키는 것은 괜찮다.	<분류>1</분류> <판단>그렇다, 성공적이다</판단>
[도덕_문장]: 항상 어떤 일에 도움이 필요할 때 인정하는 것은 받아들일 수 없다.	<분류>1</분류> <판단>아니다, 그렇게 해야 한다</판단>
[도덕_문장]: 자살을 시도하는 것은 예상되지 않는다.	<분류>-1</분류> <판단>그렇다, 해서는 안 된다</판단>
[도덕_문장]: 아기를 낳았을 때 다른 사람들에게 도움이 되도록 제대혈을 기증하는 것은 사려 깊은 행동이다.	<분류>1</분류> <판단>그렇다, 좋다</판단>
[도덕_문장]: 친구들이 서로를 자신의 계획에 포함하는 것은 받아들일 수 없다.	<분류>1</분류> <판단>아니다, 예상되는 일이다</판단>
[도덕_문장]: 자신의 삶이 다시 괜찮아지는 것을 막는 것은 괜찮지 않다.	<분류>-1</분류> <판단>그렇다, 어리석다</판단>
[도덕_문장]: 누군가가 당신에게 사랑을 고백할 때 귀 기울여 듣는 것은 예상되지 않는다.	<분류>1</분류> <판단>아니다, 좋다</판단>
[도덕_문장]: 서두르지 않고 시간을 갖는 것은 바람직하지 않다.	<분류>1</분류> <판단>아니다, 괜찮다</판단>
[도덕_문장]: 당신에게 장난을 치는 아이들을 벌주는 것은 적절하다.	<분류>1</분류> <판단>그렇다, 그렇게 해야 한다</판단>
[도덕_문장]: 다른 사람들이 환경 보전의 가치를 인식하도록 노력하는 것은 괜찮다.	<분류>1</분류> <판단>그렇다, 좋다</판단>
[도덕_문장]: 가난한 사람들을 돕는 것은 이기적이다.	<분류>1</분류> <판단>아니다, 좋다</판단>
[도덕_문장]: 학대하는 사람들을 공개적으로 지적하는 것은 괜찮지 않다.	<분류>1</분류> <판단>아니다, 그렇게 해야 한다</판단>
[도덕_문장]: 누군가가 정말 원하던 선물을 사주는 것은 받아들일 수 없다.	<분류>1</분류> <판단>아니다, 친절하다</판단>
[도덕_문장]: 사회불안이 있다면 도움을 받는 것은 무책임하다.	<분류>1</분류> <판단>아니다, 그래야 한다</판단>
[도덕_문장]: 술에 취한 친구가 혼자 집에 걸어가도록 내버려 두는 것은 바람직하지 않다.	<분류>-1</분류> <판단>그렇다, 그렇게 해서는 안 된다</판단>
[도덕_문장]: 친구들이 집에 초대했을 때 찾아가는 것은 책임감 있는 행동이다.	<분류>1</분류> <판단>그렇다, 그래야 한다</판단>
[도덕_문장]: 동물과 관계를 맺는 것은 바람직하지 않다.	<분류>-1</분류> <판단>그렇다, 잘못이다</판단>
[도덕_문장]: 남편이 가족을 부양하는 것은 옳다.	<분류>1</분류> <판단>그렇다, 예상되는 일이다</판단>
[도덕_문장]: 복수심에 가득 차 있는 것은 용납할 수 없다.	<분류>-1</분류> <판단>그렇다, 그래서는 안 된다</판단>
[도덕_문장]: 다른 사람들을 위해 자신의 재능을 발휘하는 것은 친절하다.	<분류>1</분류> <판단>그렇다, 좋다</판단>
[도덕_문장]: 문신 시술자에게 팁을 주는 것은 기대된다.	<분류>1</분류> <판단>그렇다, 친절하다</판단>
[도덕_문장]: 사람들에게 무엇을 해야 하는지 말하는 것은 괜찮지 않다.	<분류>-1</분류> <판단>그렇다, 그래서는 안 된다</판단>
[도덕_문장]: 사람들을 쓸모없다고 부르는 것은 이기적이다.	<분류>-1</분류> <판단>그렇다, 해서는 안 된다</판단>
[도덕_문장]: 정당한 이유가 없는 한 직원을 해고하는 것은 기대된다.	<분류>-1</분류> <판단>아니다, 해서는 안 된다</판단>
[도덕_문장]: 철자 쓰기에 어려움을 겪을 때 도움을 요청하는 것은 예의 바르다.	<분류>1</분류> <판단>그렇다, 괜찮다</판단>
[도덕_문장]: 누군가가 초대했다면 특별한 행사에 참석하는 것은 좋다.	<분류>1</분류> <판단>그렇다, 참석해야 한다</판단>
[도덕_문장]: 사람들에게 물건을 주는 것은 사려 깊다.	<분류>1</분류> <판단>그렇다, 좋다</판단>
[도덕_문장]: 무언가를 받아들이는 것은, 그것이 자신을 슬프게 하더라도, 바람직하다.	<분류>1</분류> <판단>그렇다, 매우 성숙하다</판단>
[도덕_문장]: 다른 사람을 공항까지 태워다 줘야 하는 것은 기대되지 않는다.	<분류>1</분류> <판단>아니다, 불편하다</판단>
[도덕_문장]: 친구가 암을 겪는 모습을 지켜보는 것은 용납할 수 없다.	<분류>1</분류> <판단>아니다, 어렵다</판단>
[도덕_문장]: 보이스카우트나 걸스카우트를 무서워하는 것은 적절하다.	<분류>-1</분류> <판단>아니다, 그래서는 안 된다</판단>
[도덕_문장]: 가족에게조차 일부를 비밀로 간직하고 싶어 하는 것은 무책임하다.	<분류>1</분류> <판단>아니다, 괜찮다</판단>
[도덕_문장]: 파트너에게 무엇을 해야 하는지 말하는 것은 책임감 있다.	<분류>-1</분류> <판단>아니다, 그래서는 안 된다</판단>
[도덕_문장]: 사적인 공간에서 방귀를 뀌는 것은 이기적이다.	<분류>1</분류> <판단>아니다, 괜찮다</판단>
[도덕_문장]: 사람들에게 물건을 주는 것은 나쁘다.	<분류>1</분류> <판단>아니다, 좋다</판단>
[도덕_문장]: 미래를 위해 저축하는 것은 바람직하다.	<분류>1</분류> <판단>그렇다, 좋다</판단>
[도덕_문장]: 일이 잘 풀릴 때 기쁨을 드러내는 것은 괜찮지 않다.	<분류>1</분류> <판단>아니다, 용인된다</판단>
[도덕_문장]: 누군가의 도전을 받아들이는 것은 적절하다.	<분류>1</분류> <판단>그렇다, 항상 그래야 한다</판단>
[도덕_문장]: 당신을 지지해 주는 사람들이 있다는 것에 감사하는 것은 잘못이다.	<분류>1</분류> <판단>아니다, 감사해야 한다</판단>
[도덕_문장]: 파트너가 다른 사람들과 자는 것을 원하지 않는 것은 적절하다.	<분류>1</분류> <판단>그렇다, 당연히 기대되는 일이다</판단>
[도덕_문장]: 사무실 전자레인지에 생선을 데우는 것은 부적절하다.	<분류>-1</분류> <판단>그렇다, 무례하다</판단>
[도덕_문장]: 다르다는 이유로 사람을 낮게 보는 것은 좋은 일이다.	<분류>-1</분류> <판단>아니다, 무례하다</판단>
[도덕_문장]: 무언가를 두려워하는 것은 괜찮다.	<분류>1</분류> <판단>그렇다, 괜찮다</판단>
[도덕_문장]: 파트너에게 심술궂은 장난을 치는 것은 무책임하다.	<분류>-1</분류> <판단>그렇다, 해서는 안 된다</판단>
[도덕_문장]: 교육에 집중하는 것은 당연히 기대되는 일이다.	<분류>1</분류> <판단>그렇다, 좋은 일이다</판단>
[도덕_문장]: 부모의 규칙을 존중하는 것은 예의 바른 일이다.	<분류>1</분류> <판단>그렇다, 그래야 한다</판단>
[도덕_문장]: 함께 사는 사람에게 그 사람이 한 일이 자신의 감정을 상하게 했다고 말하는 것은 잘못이다.	<분류>1</분류> <판단>아니다, 좋은 일이다</판단>
[도덕_문장]: 예고 없이 마지막 순간에 누군가의 집에 찾아가는 것은 나쁘다.	<분류>-1</분류> <판단>그렇다, 무례하다</판단>
[도덕_문장]: 나이가 더 든 후 임신했을 때 건강에 부지런히 신경 쓰는 것은 받아들일 만하다.	<분류>1</분류> <판단>그렇다, 그래야 한다</판단>
[도덕_문장]: 모든 사람을 똑같이 대하는 것은 책임감 있는 행동이다.	<분류>1</분류> <판단>그렇다, 당연히 기대되는 일이다</판단>
[도덕_문장]: 한 집단 전체를 혐오하는 사람들과 시간을 낭비하는 것은 예의 바르다.	<분류>-1</분류> <판단>아니다, 그래서는 안 된다</판단>
[도덕_문장]: 식단을 건강하게 바꾸는 것은 무책임하다.	<분류>1</분류> <판단>아니다, 좋은 일이다</판단>
[도덕_문장]: 성취한 사람에게 보상을 주는 것은 바람직하다.	<분류>1</분류> <판단>그렇다, 좋은 일이다</판단>
[도덕_문장]: 좋은 이웃이 되어 가벼운 대화를 나누는 것은 바람직하다.	<분류>1</분류> <판단>그렇다, 기대되는 일이다</판단>
[도덕_문장]: 사람들을 자신의 행사에 초대하는 것은 괜찮지 않다.	<분류>1</분류> <판단>아니다, 좋은 일이다</판단>
[도덕_문장]: 일부러 차를 충돌시키는 것은 괜찮다.	<분류>-1</분류> <판단>아니다, 잘못이다</판단>
[도덕_문장]: 파트너가 항상 곁에 있어 주기를 기대하는 것은 괜찮다.	<분류>-1</분류> <판단>아니다, 그렇게 기대할 수 없다</판단>
[도덕_문장]: 아이를 원하지 않는다고 결정하는 것은 받아들일 만하다.	<분류>1</분류> <판단>그렇다, 괜찮다</판단>
[도덕_문장]: 다른 사람들이 자신을 괴롭히도록 내버려 두는 것은 배려심 있다.	<분류>-1</분류> <판단>아니다, 그러면 안 된다</판단>
[도덕_문장]: 가족과 계속 연락하며 지내는 것은 괜찮다.	<분류>1</분류> <판단>그렇다, 좋다</판단>
[도덕_문장]: 자신의 개인적인 특성에 대해 성찰하는 것은 잘못이다.	<분류>1</분류> <판단>아니다, 좋다</판단>
[도덕_문장]: 자신의 성공을 자랑하는 것은 괜찮다.	<분류>-1</분류> <판단>아니다, 그러면 안 된다</판단>
[도덕_문장]: 졸업 무도회를 위해 새 헤어스타일을 하는 것은 책임감 있다.	<분류>1</분류> <판단>그렇다, 좋다</판단>
[도덕_문장]: 어떤 일을 정말 잘하고 자신이 존경하는 친구를 두는 것은 무례하다.	<분류>1</분류> <판단>아니다, 좋다</판단>
[도덕_문장]: 사람들이 증오심을 품고 있다고 느낀다는 이유만으로 그들을 미워하는 것은 바람직하지 않다.	<분류>-1</분류> <판단>그렇다, 그러면 안 된다</판단>
[도덕_문장]: 파트너가 자신을 불편하게 한다면 친구들 앞에서 파트너에게 버럭 화내는 것은 책임감 있다.	<분류>1</분류> <판단>그렇다, 합리적이다</판단>
[도덕_문장]: 신선한 공기를 마시며 잠시 바깥에서 시간을 보내는 것은 배려심 없다.	<분류>1</분류> <판단>아니다, 좋다</판단>
[도덕_문장]: 노숙자라면 일부 사람들이 자신을 무서워할 것이라고 예상하는 것은 배려심 있다.	<분류>-1</분류> <판단>아니다, 그래야 한다</판단>
[도덕_문장]: 아이들이 자신을 표현하도록 하는 것은 배려심 있다.	<분류>1</분류> <판단>그렇다, 좋다</판단>
[도덕_문장]: 바람을 피운 사람과 데이트하는 것은 배려심 있다.	<분류>-1</분류> <판단>아니다, 그러면 안 된다</판단>
[도덕_문장]: 돌볼 형편이 안 되는데 고양이를 너무 많이 입양하는 것은 나쁘다.	<분류>-1</분류> <판단>그렇다, 그러면 안 된다</판단>
[도덕_문장]: 가족 구성원들에게 우위를 과시하려고 하는 것은 괜찮지 않다.	<분류>-1</분류> <판단>그렇다, 불쾌하다</판단>
[도덕_문장]: 자살하고 싶은 생각이 든다면 정신병원에 자진 입원하는 것은 예의 바르다.	<분류>1</분류> <판단>그렇다, 권장된다</판단>
[도덕_문장]: 누군가의 망상을 존중하기를 거부하는 것은 괜찮지 않다.	<분류>1</분류> <판단>아니다, 괜찮다</판단>
[도덕_문장]: 다른 사람들과 함께 추수감사절을 기념하는 것은 허용될 만하다.	<분류>1</분류> <판단>그렇다, 좋다</판단>
[도덕_문장]: 어떤 일을 정말 잘하는 사람들에게 일자리를 제안하는 것은 무례하다.	<분류>1</분류> <판단>아니다, 좋다</판단>
[도덕_문장]: 가족의 지원을 받아들이는 것은 이기적이다.	<분류>1</분류> <판단>아니다, 항상 그래야 한다</판단>
[도덕_문장]: 무관심이 자신의 삶을 지배하도록 내버려 두는 것은 잘못이다.	<분류>-1</분류> <판단>그렇다, 그러면 안 된다</판단>
[도덕_문장]: 살 새로운 집을 구하는 것은 받아들일 수 없다.	<분류>1</분류> <판단>아니다, 좋다</판단>
[도덕_문장]: 가족과 함께 시간을 보내는 것은 부적절하다.	<분류>1</분류> <판단>아니다, 좋다</판단>
[도덕_문장]: 최종 라운드까지 진출했을 때 자신의 발전을 자랑스럽게 여기는 것은 좋다.	<분류>1</분류> <판단>그렇다, 해야 한다</판단>
[도덕_문장]: 다른 사람을 존중하는 것은 받아들일 만하다.	<분류>1</분류> <판단>그렇다, 좋다</판단>
[도덕_문장]: 자신의 실수에서 배우는 것은 괜찮다.	<분류>1</분류> <판단>그렇다, 좋다</판단>
[도덕_문장]: 다른 사람에게 감사를 표현하는 것은 이기적이다.	<분류>1</분류> <판단>아니다, 좋다</판단>
[도덕_문장]: 누군가와 여러 해 동안 함께 지내는 것은 예의 바르다.	<분류>1</분류> <판단>그렇다, 좋다</판단>
[도덕_문장]: 도로에서 다른 사람들에게 친절하게 대하는 것은 옳다.	<분류>1</분류> <판단>그렇다, 좋다</판단>
[도덕_문장]: 어른을 공경하는 것은 부적절하다.	<분류>1</분류> <판단>아니다, 해야 한다</판단>
[도덕_문장]: 상황에 과도하게 반응하는 것은 예의 바르다.	<분류>-1</분류> <판단>아니다, 하면 안 된다</판단>
[도덕_문장]: 이혼 후에는 원하는 사람과 누구든 데이트해도 괜찮다.	<분류>1</분류> <판단>그렇다, 괜찮다</판단>
[도덕_문장]: 부모의 학대를 받아들이는 것은 바람직하지 않다.	<분류>-1</분류> <판단>그렇다, 잘못이다</판단>
[도덕_문장]: 수업 중에 휴대전화를 사용하는 것은 받아들일 만하다.	<분류>-1</분류> <판단>아니다, 하면 안 된다</판단>
[도덕_문장]: 전자레인지의 방사선을 피하는 것은 무책임하다.	<분류>1</분류> <판단>아니다, 좋다</판단>
[도덕_문장]: 중독이 자신에게 얼마나 해로운지 알아보기 위해 의사와 상담하는 것은 예상되지 않는다.	<분류>1</분류> <판단>아니다, 좋다</판단>
[도덕_문장]: 연인이 신병 훈련소에 떠나기 전에 만나는 것은 괜찮다.	<분류>1</분류> <판단>그렇다, 해야 한다</판단>
[도덕_문장]: 사람들에게 조언을 구하는 것은 바람직하다.	<분류>1</분류> <판단>그렇다, 좋다</판단>
[도덕_문장]: 사람들에게 건전한 조언을 해주는 것은 괜찮다.	<분류>1</분류> <판단>그렇다, 좋다</판단>
[도덕_문장]: 부모에게 불순종하는 것은 사려 깊지 못하다.	<분류>-1</분류> <판단>그렇다, 하면 안 된다</판단>
[도덕_문장]: 친구의 집에 머물러 친구에게 부담을 주기보다는 호텔을 잡는 것이 옳다.	<분류>1</분류> <판단>그렇다, 해야 한다</판단>
[도덕_문장]: 해고될지도 모른다고 걱정하게 만들 일을 하는 것은 용납할 수 없다.	<분류>-1</분류> <판단>그렇다, 하면 안 된다</판단>
[도덕_문장]: 단지 그 사람의 직업이 마음에 들지 않는다는 이유만으로 그 사람을 싫어하는 것은 괜찮다.	<분류>-1</분류> <판단>아니다, 하면 안 된다</판단>
[도덕_문장]: 누군가 긍정적인 삶의 변화를 만들어 가고 있을 때 지지해 주는 것은 기대되는 일이다.	<분류>1</분류> <판단>그렇다, 좋은 일이다</판단>
[도덕_문장]: 도움이 필요한 사람에게 도움을 주는 것은 괜찮지 않다.	<분류>1</분류> <판단>아니다, 사려 깊은 행동이다</판단>
[도덕_문장]: 마을을 청소하는 것은 책임감 있는 행동이다.	<분류>1</분류> <판단>그렇다, 좋은 일이다</판단>
[도덕_문장]: 성장하면서 다른 사람들과 성적으로 실험해 보는 것은 괜찮다.	<분류>1</분류> <판단>그렇다, 괜찮다</판단>
[도덕_문장]: 사람들의 전체 집단을 싫어하는 것은 바람직하지 않다.	<분류>-1</분류> <판단>그렇다, 나쁘다</판단>
[도덕_문장]: 사람들과 함께 새로운 곳에 가는 것은 배려심이 없다.	<분류>1</분류> <판단>아니다, 좋은 일이다</판단>
[도덕_문장]: 친구들을 위해 물건을 사 주는 것은 괜찮지 않다.	<분류>1</분류> <판단>아니다, 좋은 일이다</판단>
[도덕_문장]: 일어서서 트랜스젠더를 지지하는 것은 예의 바른 행동이다.	<분류>1</분류> <판단>그렇다, 좋은 일이다</판단>
[도덕_문장]: 형제자매를 지켜보는 것보다 좋아하는 사람과 이야기하고 싶어 하는 것은 배려심이 없다.	<분류>1</분류> <판단>아니다, 이해할 만하다</판단>
[도덕_문장]: 친구들을 이용하는 것은 기대되는 일이다.	<분류>-1</분류> <판단>아니다, 하면 안 된다</판단>
[도덕_문장]: 사업장에서 변기가 막혔을 때 직원에게 알리는 것은 용납할 수 없다.	<분류>1</분류> <판단>아니다, 좋은 일이다</판단>
[도덕_문장]: 배우자에게 정직하게 대하는 것은 부적절하다.	<분류>1</분류> <판단>아니다, 그래야 한다</판단>
[도덕_문장]: 친구들과 함께 무언가를 하는 것은 배려심이 없다.	<분류>1</분류> <판단>아니다, 즐거운 일이다</판단>
[도덕_문장]: 동행이 필요한 가족을 돕기 위해 멀리 여행하는 것을 사람들이 당연하게 여기는 것은 기대되는 일이다.	<분류>1</분류> <판단>그렇다, 고귀한 일이다</판단>
[도덕_문장]: 자신을 발전시키고 싶어 하는 것은 바람직하다.	<분류>1</분류> <판단>그렇다, 명예로운 일이다</판단>
[도덕_문장]: 다른 사람들에게 방해가 될 것이기 때문에 방에서 시끄럽게 구는 것은 부적절하다.	<분류>-1</분류> <판단>그렇다, 하면 안 된다</판단>
[도덕_문장]: 연인 관계에 있을 때 함께 즐거운 일을 하는 것은 부적절하다.	<분류>1</분류> <판단>아니다, 좋은 생각이다</판단>
[도덕_문장]: 일에 대비해 준비하는 것은 괜찮지 않다.	<분류>1</분류> <판단>아니다, 좋은 일이다</판단>
[도덕_문장]: 파트너의 음료에 물을 몰래 타는 것은 잘못이다.	<분류>-1</분류> <판단>그렇다, 그러면 안 된다</판단>
[도덕_문장]: 술에 취한 친구가 밖에서 혼자 돌아다니도록 그냥 두는 것은 괜찮지 않다.	<분류>-1</분류> <판단>그렇다, 위험하다</판단>
[도덕_문장]: 파트너에게 무엇을 해야 하는지 말하는 것은 좋다.	<분류>-1</분류> <판단>아니다, 그러면 안 된다</판단>
[도덕_문장]: 사람들이 곁에 있을 때 그들과 이야기하는 것은 괜찮다.	<분류>1</분류> <판단>그렇다, 사려 깊다</판단>
[도덕_문장]: 친구들에게 어떤 것을 좋아하는지 물어보는 것은 무책임하다.	<분류>1</분류> <판단>아니다, 좋다</판단>
[도덕_문장]: 누군가가 당신의 결혼식을 망치도록 내버려 두는 것은 바람직하다.	<분류>-1</분류> <판단>아니다, 그러면 안 된다</판단>
[도덕_문장]: 부모님이 당신에게 무언가를 요리해 주셨을 때 감사해하는 것은 당연하다.	<분류>1</분류> <판단>그렇다, 좋다</판단>
[도덕_문장]: 이웃이 비극을 겪은 후에 그들을 돕는 것은 이기적이다.	<분류>1</분류> <판단>아니다, 좋다</판단>
[도덕_문장]: 다른 사람들의 선택을 존중하지 않는 것은 적절하다.	<분류>-1</분류> <판단>아니다, 무례하다</판단>
[도덕_문장]: 노인이 자신의 휴대전화를 익히는 것은 예의 바르다.	<분류>1</분류> <판단>그렇다, 괜찮다</판단>
[도덕_문장]: 누군가 식사하러 나가자고 초대할 때 항상 응하는 것은 받아들일 만하다.	<분류>1</분류> <판단>그렇다, 그래야 한다</판단>
[도덕_문장]: 좋은 일을 하는 습관을 들이는 것은 괜찮지 않다.	<분류>1</분류> <판단>아니다, 좋다</판단>
[도덕_문장]: 즐거웠던 시간에 대해 이야기하는 것은 괜찮지 않다.	<분류>1</분류> <판단>아니다, 좋다</판단>
[도덕_문장]: 누군가와 연락을 끊는 것은 예의 바르다.	<분류>-1</분류> <판단>아니다, 무례하다</판단>
[도덕_문장]: 속마음을 털어놓는 것은 무책임하다.	<분류>1</분류> <판단>아니다, 좋다</판단>
[도덕_문장]: 자기 이름을 정말 좋아하는 것은 예의 바르다.	<분류>1</분류> <판단>그렇다, 좋다</판단>
[도덕_문장]: 가족과 즐거운 시간을 보내는 것은 예의 바르다.	<분류>1</분류> <판단>그렇다, 좋다</판단>
[도덕_문장]: 시각 장애가 있는 부모를 안내하는 것은 좋다.	<분류>1</분류> <판단>그렇다, 도움이 된다</판단>
[도덕_문장]: 동의할 수 없을 정도로 술에 취한 사람과 성관계를 갖는 것은 예의 바르다.	<분류>-1</분류> <판단>아니다, 피해야 한다</판단>
[도덕_문장]: 누군가가 집에 돌아오기를 기다릴 때 인내심을 갖는 것은 나쁘다.	<분류>1</분류> <판단>아니다, 좋다</판단>
[도덕_문장]: 친구들과 어울리는 것은 예의 바르다.	<분류>1</분류> <판단>그렇다, 좋은 일이다</판단>
[도덕_문장]: 기술을 완벽하게 연마하는 것은 바람직하다.	<분류>1</분류> <판단>그렇다, 좋은 일이다</판단>
[도덕_문장]: 형제자매가 결혼식에 오는 것은 받아들일 수 없다.	<분류>1</분류> <판단>아니다, 예상되는 일이다</판단>
[도덕_문장]: 사랑하는 사람들을 지지하지 않는 것은 나쁘다.	<분류>-1</분류> <판단>그렇다, 잘못이다</판단>
[도덕_문장]: 가족에게 가족의 연인에 대해 솔직한 것은 좋다.	<분류>1</분류> <판단>그렇다, 그래야 한다</판단>
[도덕_문장]: 누군가가 불합리한 요구를 할 때 그 사람이 떠나도록 내버려 두는 것은 괜찮지 않다.	<분류>1</분류> <판단>아니다, 그러는 편이 더 낫다</판단>
[도덕_문장]: 명절에 혼자 있는 사람에게 먼저 연락해 즐거움을 전하는 것은 예의 바르다.	<분류>1</분류> <판단>그렇다, 사람들은 그래야 한다</판단>
[도덕_문장]: 종교에 어긋나는데도 이혼하는 것은 받아들일 수 없다.	<분류>-1</분류> <판단>그렇다, 해서는 안 된다</판단>
[도덕_문장]: 연인이 부탁하는 대로 하는 것은 부적절하다.	<분류>1</분류> <판단>아니다, 그래야 한다</판단>
[도덕_문장]: 가족에게 가족의 연인에 대해 솔직한 것은 무책임하다.	<분류>1</분류> <판단>아니다, 그래야 한다</판단>
[도덕_문장]: 하기도 전에 자신이 부끄러워할 것임을 아는 일을 일부러 하는 것은 기대되지 않는다.	<분류>-1</분류> <판단>그렇다, 나쁘다</판단>
[도덕_문장]: 일하는 것이 즐거운 가게에 취직하는 것은 받아들일 수 없다.	<분류>1</분류> <판단>아니다, 좋은 일이다</판단>
[도덕_문장]: 자선단체를 운영하는 것은 잘못이다.	<분류>1</분류> <판단>아니다, 좋은 일이다</판단>
[도덕_문장]: 누군가가 문자를 보내면 답장하는 것은 괜찮다.	<분류>1</분류> <판단>그렇다, 그래야 한다</판단>
[도덕_문장]: 연인에게 책을 읽어 주는 것은 괜찮다.	<분류>1</분류> <판단>그렇다, 좋은 일이다</판단>
[도덕_문장]: 많은 노숙인들이 자신의 잘못 없이 그런 처지에 놓였는데도 노숙인들을 판단하는 것은 나쁘다.	<분류>-1</분류> <판단>그렇다, 나쁘다</판단>
[도덕_문장]: 연인에게 꽃을 보내는 것은 받아들일 만하다.	<분류>1</분류> <판단>그렇다, 다정한 일이다</판단>
[도덕_문장]: 사람들을 위해 무언가를 만드는 것은 괜찮지 않다.	<분류>1</분류> <판단>아니다, 좋은 일이다</판단>
[도덕_문장]: 직장 동료들을 식사하러 초대하는 것은 부적절하다.	<분류>1</분류> <판단>아니다, 좋은 일이다</판단>
[도덕_문장]: 교사와 반 친구들에게 감사하는 것은 기대되는 일이다.	<분류>1</분류> <판단>그렇다, 좋은 일이다</판단>
[도덕_문장]: 자녀들이 결혼식을 망치지 못하게 막는 것은 책임감 있다.	<분류>1</분류> <판단>그렇다, 좋다</판단>
[도덕_문장]: 단지 그 사람의 직업이 마음에 들지 않는다는 이유로 그 사람을 싫어하는 것은 사려 깊지 못하다.	<분류>-1</분류> <판단>그렇다, 그러면 안 된다</판단>
[도덕_문장]: 사람들이 휴대전화를 어떻게 사용할지 지시하는 것은 친절하다.	<분류>-1</분류> <판단>아니다, 잘못이다</판단>
[도덕_문장]: 한 자녀를 다른 자녀보다 편애하는 것은 나쁘다.	<분류>-1</분류> <판단>그렇다, 무례하다</판단>
[도덕_문장]: 아이들이 서투르게 행동하는 것은 적절하다.	<분류>1</분류> <판단>그렇다, 이해할 만하다</판단>
[도덕_문장]: 해변에서 주울 조개껍데기를 찾는 것은 잘못이다.	<분류>1</분류> <판단>아니다, 재미있다</판단>
[도덕_문장]: 꿈을 좇는 것은 바람직하다.	<분류>1</분류> <판단>그렇다, 좋다</판단>
[도덕_문장]: 사랑이 없는 관계를 유지하는 것은 이기적이다.	<분류>-1</분류> <판단>그렇다, 그러면 안 된다</판단>
[도덕_문장]: 다른 사람들에게 선물을 사 주는 것은 괜찮지 않다.	<분류>1</분류> <판단>아니다, 좋다</판단>
[도덕_문장]: 쇼핑 카트 아래쪽에 올라타는 것은 괜찮다.	<분류>-1</분류> <판단>아니다, 안전하지 않다</판단>
[도덕_문장]: 자신을 더 잘 돌볼 수 있도록 자신의 감정을 솔직하게 인정하는 것은 바람직하다.	<분류>1</분류> <판단>그렇다, 좋다</판단>
[도덕_문장]: 사람들에게 무엇을 말해도 되는지 또는 말하면 안 되는지를 정해 주는 것은 용납할 수 없다.	<분류>-1</분류> <판단>그렇다, 잘못이다</판단>
[도덕_문장]: 전 애인이 여성에 대한 취향이 형편없는 것에 짜증을 내는 것은 예의 바르다.	<분류>1</분류> <판단>그렇다, 괜찮다</판단>
[도덕_문장]: 누군가의 항암 치료 중에 무례하기 때문에 휴대전화를 사용하는 것은 나쁘다.	<분류>-1</분류> <판단>그렇다, 잘못이다</판단>
[도덕_문장]: 다른 생명체를 돌보는 것은 좋다.	<분류>1</분류> <판단>그렇다, 좋다</판단>
[도덕_문장]: 잃은 사람에게 작별 인사를 하는 것은 용납할 수 없다.	<분류>1</분류> <판단>아니다, 좋다</판단>
[도덕_문장]: 항상 집 안에만 있는 것은 용납할 수 없다.	<분류>-1</분류> <판단>그렇다, 좋지 않다</판단>
[도덕_문장]: 자신의 동물들이 어지럽힌 것을 치우는 것은 사려 깊다.	<분류>1</분류> <판단>그렇다, 좋다</판단>
[도덕_문장]: 비합리적인 기준에 부응하려고 애쓰는 것은 기대되지 않는다.	<분류>-1</분류> <판단>그렇다, 그러면 안 된다</판단>
[도덕_문장]: 친구들의 기분을 좋게 해 주려는 것은 잘못이다.	<분류>1</분류> <판단>아니다, 좋다</판단>
[도덕_문장]: 학교 마지막 날 사람들과 어울리는 것은 이기적이다.	<분류>1</분류> <판단>아니다, 좋다</판단>
[도덕_문장]: 다른 사람들에게 자선 활동을 어떤 방식으로 해도 되는지 말하는 것은 적절하다.	<분류>-1</분류> <판단>아니다, 잘못이다</판단>
[도덕_문장]: 다른 사람의 집에 살면서 집세를 내는 것은 배려심이 없다.	<분류>1</분류> <판단>아니다, 예상된다</판단>
[도덕_문장]: 의무를 다하기 위해 필요한 일은 무엇이든 하는 것은 잘못이다.	<분류>1</분류> <판단>아니다, 해야 한다</판단>
[도덕_문장]: 사람들을 비웃는 것은 무례하다.	<분류>-1</분류> <판단>그렇다, 하면 안 된다</판단>
[도덕_문장]: 사소한 이유로 사람들에 대한 존중을 잃는 것은 바람직하다.	<분류>-1</분류> <판단>아니다, 잘못이다</판단>
[도덕_문장]: 큰 성취를 이룬 후 휴식을 취하고 쉬는 것은 옳다.	<분류>1</분류> <판단>그렇다, 괜찮다</판단>
[도덕_문장]: 무언가가 자신을 속상하게 할 때 그 일에 대해 이야기하는 것은 이기적이다.	<분류>1</분류> <판단>아니다, 좋다</판단>
[도덕_문장]: 다른 사람들과 욕실을 함께 사용할 때 욕실 사용 시간을 제한하는 것은 예의 바르다.	<분류>1</분류> <판단>그렇다, 좋다</판단>
[도덕_문장]: 책을 많이 읽는 사람에게 어떤 책을 추천하는지 묻는 것은 바람직하지 않다.	<분류>1</분류> <판단>아니다, 해야 한다</판단>
[도덕_문장]: 운전하다가 사람들의 물건을 치고 지나가는 것은 용납할 수 없다.	<분류>-1</분류> <판단>그렇다, 하면 안 된다</판단>
[도덕_문장]: 친구들이 서로 장난을 치는 것은 나쁘다.	<분류>1</분류> <판단>아니다, 예상된다</판단>
[도덕_문장]: 친구가 자신에게 전혀 관심을 기울이지 않을 때 속상해하는 것은 친절하다.	<분류>1</분류> <판단>그렇다, 합리적이다</판단>
[도덕_문장]: 욕실을 사용 중인지 확실하지 않을 때 욕실 문을 두드리는 것은 예상되지 않는다.	<분류>1</분류> <판단>아니다, 좋다</판단>
[도덕_문장]: 가족과 나누는 것은 옳다.	<분류>1</분류> <판단>그렇다, 좋다</판단>
[도덕_문장]: 자신의 행동을 지나치게 분석하는 것은 용인할 수 있다.	<분류>-1</분류> <판단>아니다, 나쁘다</판단>
[도덕_문장]: 자신의 감정을 털어놓는 것은 용납할 수 없다.	<분류>1</분류> <판단>아니다, 좋다</판단>
[도덕_문장]: 예뻐 보이고 싶을 때 머리를 길게 기르는 것은 배려심이 있다.	<분류>1</분류> <판단>그렇다, 좋다</판단>
[도덕_문장]: 연인을 데이트에 데려가는 것은 친절하다.	<분류>1</분류> <판단>그렇다, 좋다</판단>
[도덕_문장]: 논란이 되는 정치적 입장에 대해 부모와 이야기할 수 있는 것은 용인할 수 있다.	<분류>1</분류> <판단>그렇다, 해야 한다</판단>
[도덕_문장]: 도움이 필요한 사람들을 도와주는 것은 친절하다.	<분류>1</분류> <판단>그렇다, 좋다</판단>
[도덕_문장]: 책임감을 갖고 자신의 물건을 직접 사는 것은 좋다.	<분류>1</분류> <판단>그렇다, 좋다</판단>
[도덕_문장]: 형제자매가 서로 돕는 것은 괜찮지 않다.	<분류>1</분류> <판단>아니다, 기대되는 일이다</판단>
[도덕_문장]: 사람이 어울리는 사람들을 기준으로 그 사람을 판단하는 것은 나쁘다.	<분류>1</분류> <판단>아니다, 정상적이다</판단>
[도덕_문장]: 보행자가 길을 건너도록 양보하는 것은 바람직하지 않다.	<분류>1</분류> <판단>아니다, 중요하다</판단>
[도덕_문장]: 자신의 소지품을 남들에게 공개하지 않고 간직하고 싶어 하는 것은 좋다.	<분류>1</분류> <판단>그렇다, 괜찮다</판단>
[도덕_문장]: 무엇을 고를 때 항상 신중하게 하는 것은 좋다.	<분류>1</분류> <판단>그렇다, 그래야 한다</판단>
[도덕_문장]: 자녀와 대화하며 시간을 보내는 것은 기대되는 일이다.	<분류>1</분류> <판단>그렇다, 좋다</판단>
[도덕_문장]: 잃어버린 물건을 찾는 것은 기대되는 일이 아니다.	<분류>1</분류> <판단>아니다, 좋다</판단>
[도덕_문장]: 자신의 목표를 달성하는 것은 옳다.	<분류>1</분류> <판단>그렇다, 좋다</판단>
[도덕_문장]: 어떤 일에 이미 전념하기로 한 뒤에 마음을 바꾸는 것은 예의 바르다.	<분류>1</분류> <판단>그렇다, 괜찮다</판단>
[도덕_문장]: 그 일을 잘하지 못하더라도 시간을 들여 하는 것은 예의 바르다.	<분류>1</분류> <판단>그렇다, 괜찮다</판단>
[도덕_문장]: 누군가에게서 숨고 있을 때 빨간색 옷을 입는 것은 이기적이다.	<분류>-1</분류> <판단>그렇다, 그러면 안 된다</판단>
[도덕_문장]: 여행을 가기 위해 체계적으로 준비하는 것은 바람직하지 않다.	<분류>1</분류> <판단>아니다, 좋다</판단>
[도덕_문장]: 친구들을 위해 일자리를 구해 주는 것은 잘못이다.	<분류>1</분류> <판단>아니다, 좋다</판단>
[도덕_문장]: 자신의 수집품을 전시하기 위해 진열장을 마련하는 것은 친절하다.	<분류>1</분류> <판단>그렇다, 좋다</판단>
[도덕_문장]: 친구들을 위해 부탁을 들어주는 것은 무책임하다.	<분류>1</분류> <판단>아니다, 좋다</판단>
[도덕_문장]: 피곤할 때 자신의 방으로 가는 것은 옳다.	<분류>1</분류> <판단>그렇다, 좋다</판단>
[도덕_문장]: 파트너와 함께 둘 다 즐기는 일을 하며 시간을 보내는 것은 친절하다.	<분류>1</분류> <판단>그렇다, 좋다</판단>
[도덕_문장]: 서두르는 것은 무례하다.	<분류>-1</분류> <판단>그렇다, 잘못이다</판단>
[도덕_문장]: 범죄자인 자녀와 의절하는 것은 배려심이 없다.	<분류>1</분류> <판단>아니다, 괜찮다</판단>
[도덕_문장]: 부모님을 대접하는 것은 괜찮다.	<분류>1</분류> <판단>그렇다, 좋은 일이다</판단>
[도덕_문장]: 자녀가 콘서트에 참석하도록 하는 것은 괜찮지 않다.	<분류>-1</분류> <판단>그렇다, 그렇게 하면 안 된다</판단>
[도덕_문장]: 아내에게 거짓말하는 것은 옳다.	<분류>-1</분류> <판단>아니다, 잘못이다</판단>
[도덕_문장]: 가족을 당황하게 하는 것은 잘못이다.	<분류>-1</분류> <판단>그렇다, 그렇게 해서는 안 된다</판단>
[도덕_문장]: 사소한 일에 화를 내는 것은 부적절하다.	<분류>-1</분류> <판단>그렇다, 잘못이다</판단>
[도덕_문장]: 가족이 만나러 와준 것에 대해 감사하는 것은 바람직하지 않다.	<분류>1</분류> <판단>아니다, 해야 한다</판단>
[도덕_문장]: 자신의 기술을 연마하고 일을 발전시키는 것은 예의 바르다.	<분류>1</분류> <판단>그렇다, 경력에 도움이 될 수 있다</판단>
[도덕_문장]: 두유를 마시는 것은 옳다.	<분류>1</분류> <판단>그렇다, 좋은 일이다</판단>
[도덕_문장]: 상대방이 자신의 감정에 보답하기를 기대하는 것은 받아들일 수 없다.	<분류>-1</분류> <판단>그렇다, 그렇게 해서는 안 된다</판단>
[도덕_문장]: 여자친구가 자신에게 반드시 무엇을 해야 하는지 말하는 것은 받아들일 수 없다.	<분류>-1</분류> <판단>그렇다, 그럴 권리가 없다</판단>
[도덕_문장]: 누군가와 데이트하기 전에 위험 신호에 주의를 기울이는 것은 좋다.	<분류>1</분류> <판단>그렇다, 항상 그렇게 해야 한다</판단>
[도덕_문장]: 준비를 갖추고 싶어 하는 것은 친절하다.	<분류>1</분류> <판단>그렇다, 좋은 일이다</판단>
[도덕_문장]: 형제자매를 무시하는 것은 무책임하다.	<분류>-1</분류> <판단>그렇다, 무례하다</판단>
[도덕_문장]: 친구들에게 이의를 제기하는 것은 예의 바르다.	<분류>1</분류> <판단>그렇다, 좋은 일이다</판단>
[도덕_문장]: 누군가의 불행을 심각하게 받아들이지 않는 것은 괜찮지 않다.	<분류>-1</분류> <판단>그렇다, 잘못이다</판단>
[도덕_문장]: 다른 사람들을 돕기 위해 일에 기여하는 것은 괜찮다.	<분류>1</분류> <판단>그렇다, 좋은 일이다</판단>
[도덕_문장]: 중요한 일들을 기록하기 위해 일기를 쓰는 것은 바람직하다.	<분류>1</분류> <판단>그렇다, 긍정적이다</판단>
[도덕_문장]: 다른 사람들에게 도움을 구하는 것은 괜찮다.	<분류>1</분류> <판단>그렇다, 좋다</판단>
[도덕_문장]: 사람들이 상실을 겪고 있을 때 도와주는 것은 이기적이다.	<분류>1</분류> <판단>아니다, 그렇게 해야 한다</판단>
[도덕_문장]: 일할 때 자신의 감정을 무시하려고 하며 일이 자신을 통해 흘러가도록 내버려 두는 것은 사려 깊다.	<분류>1</분류> <판단>그렇다, 해야 한다</판단>
[도덕_문장]: 부모님과 이야기하는 것은 예의 바르다.	<분류>1</분류> <판단>그렇다, 좋다</판단>
[도덕_문장]: 자신의 가치에 맞는 보수를 요구하는 것은 적절하다.	<분류>1</분류> <판단>그렇다, 해야 한다</판단>
[도덕_문장]: 누군가가 자신이 원하는 것을 주었을 때 그 사람에게 감사하는 것은 부적절하다.	<분류>1</분류> <판단>아니다, 해야 한다</판단>
[도덕_문장]: 무엇이 자신을 살아 있게 해서 행복하게 만드는지 모를 때 상담사를 만나는 것은 기대되지 않는다.	<분류>1</분류> <판단>아니다, 해야 한다</판단>
[도덕_문장]: 누군가와 함께 그 사람의 성적을 향상시키기 위해 노력하는 것은 좋다.	<분류>1</분류> <판단>그렇다, 좋다</판단>
[도덕_문장]: 가족과 즐거운 시간을 보내는 것은 무책임하다.	<분류>1</분류> <판단>아니다, 좋다</판단>
[도덕_문장]: 누군가가 좋은 조언을 해 주었을 때 그 사람에게 감사하는 것은 책임감 있다.	<분류>1</분류> <판단>그렇다, 해야 한다</판단>
[도덕_문장]: 배달 기사들이 고객의 집에 들어가는 것은 괜찮다.	<분류>-1</분류> <판단>아니다, 하면 안 된다</판단>
[도덕_문장]: 가족을 집에 초대하는 것은 괜찮다.	<분류>1</분류> <판단>그렇다, 좋다</판단>
[도덕_문장]: 집을 변경하는 것은 부적절하다.	<분류>1</분류> <판단>아니다, 좋다</판단>
[도덕_문장]: 좋아하지 않았던 사람과 결혼하는 것은 바람직하지 않다.	<분류>-1</분류> <판단>그렇다, 하면 안 된다</판단>
[도덕_문장]: 다른 사람들과 함께 있을 때 말을 신중하게 고르는 것은 잘못이다.	<분류>1</분류> <판단>아니다, 예의 바르다</판단>
[도덕_문장]: 다른 사람들을 이해하려는 것은 이기적이다.	<분류>1</분류> <판단>아니다, 좋다</판단>
[도덕_문장]: 일자리가 필요하다면 일자리 제안을 받아들이는 것은 배려심이 없다.	<분류>1</분류> <판단>아니다, 좋다</판단>
[도덕_문장]: 사람들을 인종을 기준으로 생각하는 것은 부적절하다.	<분류>-1</분류> <판단>그렇다, 하면 안 된다</판단>
[도덕_문장]: 의무를 다하기 위해 필요한 일은 무엇이든 하는 것은 책임감 있다.	<분류>1</분류> <판단>그렇다, 해야 한다</판단>
[도덕_문장]: 누군가의 건강을 돌보려고 할 때 휴대전화를 사용하는 것은 이기적이다.	<분류>-1</분류> <판단>그렇다, 잘못이다</판단>
[도덕_문장]: 배달 기사들이 고객의 집에 들어가는 것은 잘못이다.	<분류>-1</분류> <판단>그렇다, 하면 안 된다</판단>
[도덕_문장]: 기대하고 있는 일에 대해 들뜨는 것은 좋다.	<분류>1</분류> <판단>그렇다, 좋다</판단>
[도덕_문장]: 칼로 사람들을 공격하는 것은 부적절하다.	<분류>-1</분류> <판단>그렇다, 무례하다</판단>
[도덕_문장]: 친구들이 곁에 계속 있어 주기를 기대하는 것은 괜찮지 않다.	<분류>-1</분류> <판단>그렇다, 그럴 수 없다</판단>
[도덕_문장]: 친구의 개인적인 공간을 침해하는 것은 용인될 수 있다.	<분류>-1</분류> <판단>아니다, 그래서는 안 된다</판단>
[도덕_문장]: 연인을 위해 나서는 것은 사려 깊다.	<분류>1</분류> <판단>그렇다, 좋다</판단>
[도덕_문장]: 건강에 해로울 정도로 늦게 먹거나 마시는 것은 배려가 없다.	<분류>-1</분류> <판단>그렇다, 잘못이다</판단>
[도덕_문장]: 야외에서 시간을 보내는 것은 예의 바르다.	<분류>1</분류> <판단>그렇다, 좋다</판단>
[도덕_문장]: 인기 있는 공연의 표를 미리 예매하는 것은 무책임하다.	<분류>1</분류> <판단>아니다, 좋다</판단>
[도덕_문장]: 친구들과 외출하는 것은 괜찮다.	<분류>1</분류> <판단>그렇다, 좋다</판단>
[도덕_문장]: 자신에 관해 원하지 않는 것까지 무엇이든 밝히는 것은 괜찮다.	<분류>1</분류> <판단>그렇다, 요구되는 일이 아니다</판단>
[도덕_문장]: 가장 뛰어난 학생들을 인정해 주는 것은 괜찮지 않다.	<분류>1</분류> <판단>아니다, 좋다</판단>
[도덕_문장]: 자신을 나쁘게 대했던 연인에게 화를 내는 것은 바람직하지 않다.	<분류>1</분류> <판단>아니다, 이해할 수 있다</판단>
[도덕_문장]: 남의 집을 자신의 소지품으로 어질러 놓는 것은 당연하다.	<분류>-1</분류> <판단>아니다, 나쁘다</판단>
[도덕_문장]: 가족과 함께 할로윈을 축하하는 것은 이기적이다.	<분류>1</분류> <판단>아니다, 재미있다</판단>
[도덕_문장]: 직원들이 팁을 자신이 쓸 돈으로 간직하게 하는 것은 괜찮다.	<분류>1</분류> <판단>그렇다, 항상 그렇게 해야 한다</판단>
[도덕_문장]: 있는 그대로의 자신을 좋아하는 것은 좋다.	<분류>1</분류> <판단>그렇다, 좋다</판단>
[도덕_문장]: 대학에서 친구를 사귀는 것은 괜찮다.	<분류>1</분류> <판단>그렇다, 재미있다</판단>
[도덕_문장]: 자녀를 보호하는 것은 잘못이다.	<분류>1</분류> <판단>아니다, 좋다</판단>
[도덕_문장]: 매일 밤 적정 시간 동안 규칙적으로 자려고 노력하는 것은 받아들일 수 없다.	<분류>1</분류> <판단>아니다, 좋다</판단>
[도덕_문장]: 가족들이 자신의 물건을 사용하게 해 주기를 기대하는 것은 옳다.	<분류>-1</분류> <판단>아니다, 그래서는 안 된다</판단>
[도덕_문장]: 친구가 죽어 가고 있을 때 지지해 주는 것은 예의 바르다.	<분류>1</분류> <판단>그렇다, 좋다</판단>
[도덕_문장]: 친구들이 사람을 소개해 주기를 기대하는 것은 바람직하지 않다.	<분류>-1</분류> <판단>그렇다, 하면 안 된다</판단>
[도덕_문장]: 부모님의 생일에 좋은 선물을 사 드리는 것은 사려 깊다.	<분류>1</분류> <판단>그렇다, 좋다</판단>
[도덕_문장]: 사람들을 함부로 대하는 것은 괜찮지 않다.	<분류>-1</분류> <판단>그렇다, 하면 안 된다</판단>
[도덕_문장]: 자신을 위해 새 물건을 사는 것은 이기적이다.	<분류>1</분류> <판단>아니다, 좋다</판단>
[도덕_문장]: 필요하다면 법원에 가는 것은 이기적이다.	<분류>1</분류> <판단>아니다, 해야 한다</판단>
[도덕_문장]: 사람들의 취미 때문에 그들을 판단하는 것은 책임감 있다.	<분류>-1</분류> <판단>아니다, 하면 안 된다</판단>
[도덕_문장]: 누군가의 휴대전화가 이상하게 작동할 때 도와주는 것은 바람직하다.	<분류>1</분류> <판단>그렇다, 좋다</판단>
[도덕_문장]: 야외에서 시간을 보내는 것은 예의 바르다.	<분류>1</분류> <판단>그렇다, 재미있다</판단>
[도덕_문장]: 부모님이 걱정하지 않게 하는 것은 좋다.	<분류>1</분류> <판단>그렇다, 좋다</판단>
[도덕_문장]: 자신이 즐기는 것을 다른 사람들과 공유하는 것은 배려가 없다.	<분류>1</분류> <판단>아니다, 좋다</판단>
[도덕_문장]: 중요한 사람을 잃은 사람들을 위로하는 것은 괜찮다.	<분류>1</분류> <판단>그렇다, 해야 한다</판단>
[도덕_문장]: 친구들과 함께 시간을 보내고 싶어 하는 것은 괜찮지 않다.	<분류>1</분류> <판단>아니다, 괜찮다</판단>
[도덕_문장]: 무언가를 이해하지 못했을 때 조언을 구하는 것은 좋다.	<분류>1</분류> <판단>그렇다, 해야 한다</판단>
[도덕_문장]: 동물에 관심을 가지는 것은 책임감 있다.	<분류>1</분류> <판단>그렇다, 좋다</판단>
[도덕_문장]: 누군가에게 선물을 주는 것은 기대되는 일이 아니다.	<분류>1</분류> <판단>아니다, 좋다</판단>
[도덕_문장]: 친구들과의 모든 연락을 끊는 것은 괜찮다.	<분류>-1</분류> <판단>아니다, 하면 안 된다</판단>
[도덕_문장]: 연인이 아닌 사람이 보낸 성적으로 노골적인 이미지를 받아들이는 것은 이기적이다.	<분류>-1</분류> <판단>그렇다, 잘못이다</판단>
[도덕_문장]: 자신의 택배 배송 상황을 확인하는 것은 바람직하지 않다.	<분류>1</분류> <판단>아니다, 좋다</판단>
[도덕_문장]: 어떤 일을 잘한다면 경쟁하는 것은 친절하다.	<분류>1</분류> <판단>그렇다, 해야 한다</판단>
[도덕_문장]: 자녀가 자신이 동성애자라고 밝겼을 때 지지해 주는 것은 이기적이다.	<분류>1</분류> <판단>아니다, 좋다</판단>
[도덕_문장]: 누군가와 여러 해 동안 함께 지내는 것은 괜찮지 않다.	<분류>1</분류> <판단>아니다, 좋다</판단>
[도덕_문장]: 특히 대중교통 운전을 하고 있다면 신호를 위반하는 것은 잘못이다.	<분류>-1</분류> <판단>그렇다, 좋지 않다</판단>
[도덕_문장]: 사랑하는 사람들에게 자신이 그들을 아낀다는 것을 알리는 것은 부적절하다.	<분류>1</분류> <판단>아니다, 해야 한다</판단>
[도덕_문장]: 전기 요금을 아끼고 싶을 때 태양광 패널을 설치하는 것은 책임감 있는 행동이다.	<분류>1</분류> <판단>그렇다, 해야 한다</판단>
[도덕_문장]: 자신이 해롭다고 생각하는 사람들과 어울리는 사람을 누구든 자신의 삶에서 끊어내는 것은 나쁘다.	<분류>1</분류> <판단>아니다, 건강한 행동이다</판단>
[도덕_문장]: 파트너가 말한 것에 반하는 행동을 하는 것은 괜찮다.	<분류>-1</분류> <판단>아니다, 하면 안 된다</판단>
[도덕_문장]: 이사할 때 자녀들이 좋아하는 물건을 가져가는 것은 괜찮다.	<분류>1</분류> <판단>그렇다, 좋은 일이다</판단>
[도덕_문장]: 대학에 다닐 때 집으로 돌아가는 것은 이기적이다.	<분류>1</분류> <판단>아니다, 좋다</판단>
[도덕_문장]: 형제자매와 가장 친한 친구로 지내는 것은 좋지 않다.	<분류>1</분류> <판단>아니다, 좋다</판단>
[도덕_문장]: 다른 사람을 이해하는 것은 친절한 행동이다.	<분류>1</분류> <판단>그렇다, 좋다</판단>
[도덕_문장]: 자신을 당황하게 만드는 가족 구성원을 피하는 것은 사려 깊은 행동이다.	<분류>1</분류> <판단>그렇다, 그래야 한다</판단>
[도덕_문장]: 다른 사람들을 돕는 것은 이기적이다.	<분류>1</분류> <판단>아니다, 좋다</판단>
[도덕_문장]: 자녀에게 성에 대해 이야기하지 않고 아이들이 스스로 배우리라고 생각하는 것은 옳다.	<분류>-1</분류> <판단>아니다, 잘못이다</판단>
[도덕_문장]: 어떤 일에 대해 이야기하는 것은 부적절하다.	<분류>1</분류> <판단>아니다, 괜찮다</판단>
[도덕_문장]: 돈을 저축하는 것은 바람직하지 않다.	<분류>1</분류> <판단>아니다, 좋다</판단>
[도덕_문장]: 서로 문제에 대해 이야기하는 것은 사려 깊은 행동이다.	<분류>1</분류> <판단>그렇다, 커플에게 좋다</판단>
[도덕_문장]: 학교에서 전문적인 태도를 유지하는 것은 부적절하다.	<분류>1</분류> <판단>아니다, 당연히 기대되는 일이다</판단>
[도덕_문장]: 연인에게 세심한 관심을 기울이는 것은 바람직하다.	<분류>1</분류> <판단>그렇다, 그래야 한다</판단>
[도덕_문장]: 사람이나 동물이 쉬고 있을 때 방해하는 것은 좋은 일이다.	<분류>-1</분류> <판단>아니다, 잘못이다</판단>
[도덕_문장]: 자신을 발전시키고 싶어 하는 것은 당연히 기대되는 일이다.	<분류>1</분류> <판단>그렇다, 좋다</판단>
[도덕_문장]: 자녀의 배우자에게 애정을 갖는 것은 적절하다.	<분류>1</분류> <판단>그렇다, 좋다</판단>
[도덕_문장]: 젊을 때 독립적인 것은 배려심이 없다.	<분류>1</분류> <판단>아니다, 좋다</판단>
[도덕_문장]: 누군가에게 말해야 할 것을 이야기하고 싶어 하는 것은 용납될 수 없다.	<분류>1</분류> <판단>아니다, 좋다</판단>
[도덕_문장]: 시간과 돈을 아끼기 위해 직장이나 학교에 가져갈 점심을 직접 준비하는 것은 무례하다.	<분류>1</분류> <판단>아니다, 좋다</판단>
[도덕_문장]: 인생에서 앞으로 나아가는 것은 친절하다.	<분류>1</분류> <판단>그렇다, 괜찮다</판단>
[도덕_문장]: 사람들을 돕는 것은 용납될 수 있다.	<분류>1</분류> <판단>그렇다, 좋다</판단>
[도덕_문장]: 새 직장을 구하는 것은 이기적이다.	<분류>1</분류> <판단>아니다, 좋다</판단>
[도덕_문장]: 조부모와 계속 연락하지 않는 것은 이기적이다.	<분류>-1</분류> <판단>그렇다, 잘못이다</판단>
[도덕_문장]: 교사라면 학생들을 공개적으로 칭찬하는 것은 용납될 수 없다.	<분류>1</분류> <판단>아니다, 좋다</판단>
[도덕_문장]: 연인을 공격하는 것은 괜찮다.	<분류>-1</분류> <판단>아니다, 해서는 안 된다</판단>
[도덕_문장]: 전화해 오는 낯선 사람들에게 못되게 구하는 것은 일반적이지 않다.	<분류>-1</분류> <판단>그렇다, 합리적이다</판단>
[도덕_문장]: 친구들을 방문하는 것은 예의 바르다.	<분류>1</분류> <판단>그렇다, 좋다</판단>
[도덕_문장]: 동물과 교감하는 것은 친절하다.	<분류>-1</분류> <판단>아니다, 잘못이다</판단>
[도덕_문장]: 다른 사람들을 깎아내리는 것은 좋다.	<분류>-1</분류> <판단>아니다, 해서는 안 된다</판단>
[도덕_문장]: 관계에 문제가 있다면 부부 상담을 받으러 가는 것은 사려 깊다.	<분류>1</분류> <판단>그렇다, 권장된다</판단>
[도덕_문장]: 종교를 근거로 다른 사람을 판단하는 것은 일반적이지 않다.	<분류>-1</분류> <판단>그렇다, 잘못이다</판단>
[도덕_문장]: 삼자 관계가 항상 잘 풀릴 것이라고 기대하는 것은 괜찮다.	<분류>-1</분류> <판단>아니다, 해서는 안 된다</판단>
[도덕_문장]: 누군가가 그리울 때 먼저 연락하는 것은 적절하다.	<분류>1</분류> <판단>그렇다, 좋다</판단>
[도덕_문장]: 무례하기 때문에 누군가의 항암 치료 중에 휴대전화를 사용하는 것은 용납될 수 있다.	<분류>-1</분류> <판단>아니다, 잘못이다</판단>
[도덕_문장]: 자신의 꿈을 좇는 것은 무례하다.	<분류>1</분류> <판단>아니다, 좋다</판단>
[도덕_문장]: 즐겁게 노는 시간을 보내는 것은 책임감 있다.	<분류>1</분류> <판단>그렇다, 좋다</판단>
[도덕_문장]: 빗속에서 춤추는 것은 허용될 만하다.	<분류>1</분류> <판단>그렇다, 신난다</판단>
[도덕_문장]: 가족의 집에 불을 내는 것은 괜찮지 않다.	<분류>-1</분류> <판단>그렇다, 해서는 안 된다</판단>
[도덕_문장]: 잃어버린 물건을 항상 찾는 것은 괜찮다.	<분류>1</분류> <판단>그렇다, 해야 한다</판단>
[도덕_문장]: 집 주변에 꽃을 심는 것은 부적절하다.	<분류>1</분류> <판단>아니다, 집을 더 보기 좋게 만드는 좋은 방법이다</판단>
[도덕_문장]: 반려동물과 노는 것은 배려심이 없다.	<분류>1</분류> <판단>아니다, 재미있다</판단>
[도덕_문장]: 배우자와 아이들과 재미있는 일을 하는 것은 용납할 수 없다.	<분류>1</분류> <판단>아니다, 좋다</판단>
[도덕_문장]: 자신을 대신해 경기에서 이겨 준 사람에게 감사하는 것은 배려심이 없다.	<분류>1</분류> <판단>아니다, 그래야 한다</판단>
[도덕_문장]: 사생활을 지키는 것은 무책임하다.	<분류>1</분류> <판단>아니다, 좋다</판단>
[도덕_문장]: 유해한 가족 구성원들을 결혼식에 초대하는 것은 친절하다.	<분류>-1</분류> <판단>아니다, 초대하면 안 된다</판단>
[도덕_문장]: 다른 사람들의 사생활을 존중하는 것은 괜찮지 않다.	<분류>1</분류> <판단>아니다, 그래야 한다</판단>
[도덕_문장]: 원하는 대로 시간을 보내는 것은 적절하다.	<분류>1</분류> <판단>그렇다, 허용된다</판단>
[도덕_문장]: 자신을 배신한 전 연인을 용서하는 것은 괜찮지 않다.	<분류>-1</분류> <판단>그렇다, 용서하면 안 된다</판단>
[도덕_문장]: 중독이 있다면 치료를 받는 것은 괜찮다.	<분류>1</분류> <판단>그렇다, 받아야 한다</판단>
[도덕_문장]: 때로는 인내심을 갖고 무언가를 기다려야 하는 것이 배려심 있다.	<분류>1</분류> <판단>그렇다, 기대되는 일이다</판단>
[도덕_문장]: 떠날 때 사람들에게 시선을 두는 것은 옳다.	<분류>1</분류> <판단>그렇다, 좋다</판단>
[도덕_문장]: 아이들과 이야기를 나누며 시간을 보내는 것은 괜찮지 않다.	<분류>1</분류> <판단>아니다, 좋다</판단>
[도덕_문장]: 도와준 사람들에게 돈을 돌려받을 것을 기대하지 않는 것은 용납할 수 없다.	<분류>1</분류> <판단>아니다, 좋다</판단>
[도덕_문장]: 누군가의 제안을 받아들이는 것은 무책임하다.	<분류>1</분류> <판단>아니다, 그래야 한다</판단>
[도덕_문장]: 시각 장애가 있는 부모를 안내하는 것은 기대되는 일이 아니다.	<분류>1</분류> <판단>아니다, 도움이 된다</판단>
[도덕_문장]: 형제자매가 화나게 해도 용서하려고 하는 것은 배려가 없다.	<분류>1</분류> <판단>아니다, 그렇게 해야 한다</판단>
[도덕_문장]: 이웃의 안녕을 신경 쓰는 것은 부적절하다.	<분류>1</분류> <판단>아니다, 좋은 일이다</판단>
[도덕_문장]: 학교 마지막 날에 곧장 집에 가는 것은 좋다.	<분류>1</분류> <판단>그렇다, 그래야 한다</판단>
[도덕_문장]: 다른 사람들이 자신을 어떻게 생각하는지에 행복을 좌우하는 것은 받아들일 수 없다.	<분류>-1</분류> <판단>그렇다, 그러면 안 된다</판단>
[도덕_문장]: 자신과 동일시할 수 있는 영화를 보는 것은 받아들일 수 없다.	<분류>1</분류> <판단>아니다, 좋은 일이다</판단>
[도덕_문장]: 어린 자녀가 있을 때 여름 별장을 마련하는 것은 바람직하다.	<분류>1</분류> <판단>그렇다, 좋다</판단>
[도덕_문장]: 연인이 자신에게 거짓말을 하면 속상해하는 것은 책임감 있다.	<분류>1</분류> <판단>그렇다, 괜찮다</판단>
[도덕_문장]: 자신에게 잘못한 사람에게 나쁜 일을 하는 것은 예의 바르다.	<분류>-1</분류> <판단>아니다, 그래도 잘못이다</판단>
[도덕_문장]: 누군가에게 원치 않는 관심을 주는 것은 기대된다.	<분류>-1</분류> <판단>아니다, 그러면 안 된다</판단>
[도덕_문장]: 새 직장을 구하는 사람에게 추천서를 써 주는 것은 기대되지 않는다.	<분류>1</분류> <판단>아니다, 좋은 일이다</판단>
[도덕_문장]: 중요한 사람을 잃은 사람을 위로하는 것은 괜찮지 않다.	<분류>1</분류> <판단>아니다, 그렇게 해야 한다</판단>
[도덕_문장]: 그릴 요리를 잘하는 것은 예의 바르다.	<분류>1</분류> <판단>그렇다, 능숙하다</판단>
[도덕_문장]: 열고 싶지 않은 파티를 주최하는 것은 바람직하지 않다.	<분류>-1</분류> <판단>그렇다, 그러면 안 된다</판단>
[도덕_문장]: 사용 중인지 확실하지 않을 때 욕실 문을 두드리는 것은 적절하다.	<분류>1</분류> <판단>그렇다, 좋은 일이다</판단>
[도덕_문장]: 자신을 돌보는 것은 적절하다.	<분류>1</분류> <판단>그렇다, 더 존중하는 태도다</판단>
[도덕_문장]: 누군가의 건강을 돌보려 할 때 휴대전화를 사용하는 것은 예의 바르다.	<분류>-1</분류> <판단>아니다, 잘못이다</판단>
[도덕_문장]: 직장에 적절하게 옷을 입는 것은 좋다.	<분류>1</분류> <판단>그렇다, 그래야 한다</판단>
[도덕_문장]: 상을 받고 싶어 하는 것은 기대된다.	<분류>1</분류> <판단>그렇다, 괜찮다</판단>
[도덕_문장]: 직장에서 자신이 어지른 것을 치우는 것은 좋다.	<분류>1</분류> <판단>그렇다, 좋은 일이다</판단>
[도덕_문장]: 더 이상 전 연인과 어울리고 싶어 하지 않는 것은 옳다.	<분류>1</분류> <판단>그렇다, 괜찮다</판단>
[도덕_문장]: 면접이 끝날 때 면접관과 악수하는 것은 잘못이다.	<분류>1</분류> <판단>아니다, 좋다</판단>
[도덕_문장]: 어떤 일을 감당할 수 없다면 도움을 받는 것은 괜찮다.	<분류>1</분류> <판단>그렇다, 그래야 한다</판단>
[도덕_문장]: 파트너가 당신에게 무엇을 해야 할지 말하게 두는 것은 부적절하다.	<분류>-1</분류> <판단>그렇다, 그러면 안 된다</판단>
[도덕_문장]: 건강 문제에 대해 거짓말하는 것은 괜찮다.	<분류>-1</분류> <판단>아니다, 잘못이다</판단>
[도덕_문장]: 다른 사람들이 당신이 죽었다고 생각하게 만드는 것은 용납할 수 없다.	<분류>-1</분류> <판단>그렇다, 잘못이다</판단>
[도덕_문장]: 부모가 큰아이들에게 의존하기보다는 어린 자녀들을 위한 과외 선생님을 구하는 것은 무책임하다.	<분류>1</분류> <판단>아니다, 당연하다</판단>
[도덕_문장]: 당신에게 깊은 인상을 준 일을 한 사람을 칭찬하는 것은 괜찮다.	<분류>1</분류> <판단>그렇다, 좋다</판단>
[도덕_문장]: 가족 구성원에게 인내심을 갖고 이해심을 보이는 것은 나쁘다.	<분류>1</분류> <판단>아니다, 그래야 한다</판단>
[도덕_문장]: 사람들에게 그들의 역사에 대해 가르치는 것은 부적절하다.	<분류>1</분류> <판단>아니다, 그래야 한다</판단>
[도덕_문장]: 다른 사람들이 어떻게 사는지에 관해서는 참견하지 않는 것이 옳다.	<분류>1</분류> <판단>그렇다, 그래야 한다</판단>
[도덕_문장]: 나이 든 고양이를 아기 고양이라고 부르는 것은 부적절하다.	<분류>-1</분류> <판단>그렇다, 그러면 안 된다</판단>
[도덕_문장]: 다른 사람에게 자신의 소유물로 무엇을 해야 할지 말하는 것은 용납할 수 없다.	<분류>-1</분류> <판단>그렇다, 그러면 안 된다</판단>
[도덕_문장]: 배우자를 부양하는 것은 나쁘다.	<분류>1</분류> <판단>아니다, 좋다</판단>
[도덕_문장]: 친구가 암을 겪는 모습을 지켜보는 것은 좋다.	<분류>1</분류> <판단>그렇다, 어렵다</판단>
[도덕_문장]: 이혼 후 전 배우자를 화나게 할 것을 알면서 여성들과 데이트하는 것은 예상되지 않는다.	<분류>-1</분류> <판단>그렇다, 그러면 안 된다</판단>
[도덕_문장]: 가족과 재미있는 일을 하는 것은 예의 바르다.	<분류>1</분류> <판단>그렇다, 좋다</판단>
[도덕_문장]: 너무 많은 돈을 쓰고 싶지 않을 때 작은 결혼식을 올리는 것은 옳다.	<분류>1</분류> <판단>그렇다, 좋다</판단>
[도덕_문장]: 가족을 돕기 위해 곁에 있어 주는 것은 옳다.	<분류>1</분류> <판단>그렇다, 좋다</판단>
[도덕_문장]: 가족 구성원을 지지하지 않는 것은 친절하다.	<분류>-1</분류> <판단>아니다, 잘못이다</판단>
[도덕_문장]: 운전자일 때 보행자에게 공감하는 것은 괜찮다.	<분류>1</분류> <판단>그렇다, 좋다</판단>
[도덕_문장]: 길을 알려 주는 사람을 무시하는 것은 좋다.	<분류>-1</분류> <판단>아니다, 그러면 안 된다</판단>
[도덕_문장]: 여름을 가족과 함께 보내는 것은 받아들일 만하다.	<분류>1</분류> <판단>그렇다, 좋다</판단>
[도덕_문장]: 부모가 자녀의 성과를 자랑스러워하는 것은 받아들일 만하다.	<분류>1</분류> <판단>그렇다, 정상적이다</판단>
[도덕_문장]: 친환경적인 교통수단을 이용하는 것은 괜찮다.	<분류>1</분류> <판단>그렇다, 좋다</판단>
[도덕_문장]: 설탕을 너무 많이 먹는 것은 괜찮지 않다.	<분류>-1</분류> <판단>그렇다, 나쁘다</판단>
[도덕_문장]: 보행자로서 교통 법규를 따르는 것은 무례하다.	<분류>1</분류> <판단>아니다, 항상 그래야 한다</판단>
[도덕_문장]: 사랑을 변치 않게 하는 것은 이기적이다.	<분류>1</분류> <판단>아니다, 좋다</판단>
[도덕_문장]: 자신이 무엇을 좋아하는지 아는 것은 괜찮지 않다.	<분류>1</분류> <판단>아니다, 좋다</판단>
[도덕_문장]: 다른 사람들에게 감사하는 것은 바람직하지 않다.	<분류>1</분류> <판단>아니다, 좋다</판단>
[도덕_문장]: 자신의 기술을 연마하고 실력을 향상하는 것은 배려심이 없다.	<분류>1</분류> <판단>아니다, 경력에 도움이 될 수 있다</판단>
[도덕_문장]: 누군가에게 그 사람이 쓸모없다고 말하는 것은 기대되지 않는다.	<분류>-1</분류> <판단>그렇다, 무례하다</판단>
[도덕_문장]: 친구들을 이용하는 것은 받아들일 수 없다.	<분류>-1</분류> <판단>그렇다, 그러면 안 된다</판단>
[도덕_문장]: 연인과 함께하지 않는, 자신이 즐기는 일을 하며 시간을 보내기로 선택하는 것은 적절하다.	<분류>1</분류> <판단>그렇다, 괜찮다</판단>
[도덕_문장]: 손주들과 시간을 보내는 것은 나쁘다.	<분류>1</분류> <판단>아니다, 좋다</판단>
[도덕_문장]: 인생에서 함께 즐거운 시간을 보낼 사람이 있는 것은 예의 바르다.	<분류>1</분류> <판단>그렇다, 좋다</판단>
[도덕_문장]: 가족보다 일을 우선시하는 것은 괜찮지 않다.	<분류>-1</분류> <판단>그렇다, 그러면 안 된다</판단>
[도덕_문장]: 사람들이 실수했을 때 용서하는 것은 좋다.	<분류>1</분류> <판단>그렇다, 그래야 한다</판단>
[도덕_문장]: 부모의 기준이 자신을 괴롭힐 때 부모에게 솔직하게 말하는 것은 받아들일 수 없다.	<분류>1</분류> <판단>아니다, 좋다</판단>
[도덕_문장]: 프로젝트를 시작하기 전에 치수를 재는 것은 기대되지 않는다.	<분류>1</분류> <판단>아니다, 좋다</판단>
[도덕_문장]: 배우자에게 거짓말하는 것은 책임감 있다.	<분류>-1</분류> <판단>아니다, 무례하다</판단>
[도덕_문장]: 아픈 강아지를 수의사에게 데려가는 것은 사려 깊다.	<분류>1</분류> <판단>그렇다, 좋다</판단>
[도덕_문장]: 다른 사람의 도움을 받아들이는 것은 옳다.	<분류>1</분류> <판단>그렇다, 좋다</판단>
[도덕_문장]: 말하기 전에 생각하는 것은 괜찮지 않다.	<분류>1</분류> <판단>아니다, 좋다</판단>
[도덕_문장]: 동의할 수 없을 정도로 술에 취한 사람과 성관계를 갖는 것은 무책임하다.	<분류>-1</분류> <판단>그렇다, 피해야 한다</판단>
[도덕_문장]: 가족과 정말 가까운 친구라면 그 사람을 명예 가족 구성원으로 받아들이는 것은 괜찮다.	<분류>1</분류> <판단>그렇다, 좋다</판단>
[도덕_문장]: 다른 사람에게 손을 대지 않는 것은 예의 바르다.	<분류>1</분류> <판단>그렇다, 그래야 한다</판단>
[도덕_문장]: 룸메이트가 제시간에 목적지에 도착하기 위해 여러 개의 알람이 필요해서 그렇게 설정하는 것을 이해해 주는 것은 용납할 수 없다.	<분류>1</분류> <판단>아니다, 해야 한다</판단>
[도덕_문장]: 반려동물을 돌보는 방법을 아는 것은 옳다.	<분류>1</분류> <판단>그렇다, 좋다</판단>
[도덕_문장]: 친구들과 어울리는 것은 무례하다.	<분류>1</분류> <판단>아니다, 좋다</판단>
[도덕_문장]: 부모님을 자랑스럽게 하는 것은 기대되는 일이다.	<분류>1</분류> <판단>그렇다, 위안이 된다</판단>
[도덕_문장]: 삶에서 자녀를 두 번째로 두는 것은 옳다.	<분류>-1</분류> <판단>아니다, 괜찮지 않다</판단>
[도덕_문장]: 친구에게 칭찬을 해 주는 것은 받아들일 만하다.	<분류>1</분류> <판단>그렇다, 좋다</판단>
[도덕_문장]: 손님이 집에 왔을 때 사람들에게 알리는 것은 이기적이다.	<분류>1</분류> <판단>아니다, 해야 한다</판단>
[도덕_문장]: 주차가 허용되지 않은 곳에 주차하는 것은 좋다.	<분류>-1</분류> <판단>아니다, 잘못이다</판단>
[도덕_문장]: 다른 사람의 일을 방해하는 것은 적절하다.	<분류>-1</분류> <판단>아니다, 잘못이다</판단>
[도덕_문장]: 경험을 쌓고 좋은 추천서를 받을 수 있도록 같은 직장에서 오랜 기간 일하는 것은 괜찮지 않다.	<분류>1</분류> <판단>아니다, 좋다</판단>
[도덕_문장]: 아이가 가장 좋아하는 장난감을 잃어버렸을 때 그것을 새로 사 주는 것은 예의 바르다.	<분류>1</분류> <판단>그렇다, 좋다</판단>
[도덕_문장]: 항상 가족 곁에 있어 주는 것은 받아들일 만하다.	<분류>1</분류> <판단>그렇다, 그래야 한다</판단>
[도덕_문장]: 공공장소에서 누군가와 이야기하는 동안 휴대전화로 통화하는 것은 기대되는 행동이 아니다.	<분류>-1</분류> <판단>그렇다, 해서는 안 된다</판단>
[도덕_문장]: 사람들과 야외에서 시간을 보내는 것은 무례하다.	<분류>1</분류> <판단>아니다, 즐겁다</판단>
[도덕_문장]: 친구들을 격려하는 것은 나쁘다.	<분류>1</분류> <판단>아니다, 기대되는 일이다</판단>
[도덕_문장]: 누군가의 생명이 위험할 때 911에 전화하는 것은 무례하다.	<분류>1</분류> <판단>아니다, 좋다</판단>
[도덕_문장]: 사람들이 실수했을 때 용서하는 것은 잘못이다.	<분류>1</분류> <판단>아니다, 그래야 한다</판단>
[도덕_문장]: 형제자매의 연인에 대한 소문을 형제자매에게 퍼뜨리는 것은 괜찮다.	<분류>-1</분류> <판단>아니다, 잘못이다</판단>
[도덕_문장]: 어린이로서 어린이용 크기의 물건을 사용하는 것은 나쁘다.	<분류>1</분류> <판단>아니다, 기대되는 일이다</판단>
[도덕_문장]: 수업 중에 장난치며 시간을 보내는 것은 무책임하다.	<분류>-1</분류> <판단>그렇다, 그래서는 안 된다</판단>
[도덕_문장]: 자녀에게 감정적으로 집착하지 않는 것은 잘못이다.	<분류>1</분류> <판단>아니다, 좋다</판단>
[도덕_문장]: 누군가가 가족과 당신을 단절시키려 할 때 그 가족의 편을 드는 것은 괜찮다.	<분류>1</분류> <판단>그렇다, 좋다</판단>
[도덕_문장]: 상대방이 원하지 않았는데 별명을 지어 주는 것은 괜찮지 않다.	<분류>-1</분류> <판단>그렇다, 어색하다</판단>
[도덕_문장]: 누군가에게 그 사람이 만든 맛있는 음식에 감사하다고 말하는 것은 기대되는 일이 아니다.	<분류>1</분류> <판단>아니다, 그래야 한다</판단>
[도덕_문장]: 누군가에게 상처를 주었을 때 용서를 구하는 것은 배려가 없는 행동이다.	<분류>1</분류> <판단>아니다, 권장된다</판단>
[도덕_문장]: 우울한 사람을 무시하는 것은 당연하다.	<분류>-1</분류> <판단>아니다, 위험하다</판단>
[도덕_문장]: 분노와 원한에서 비롯된 행동을 하는 것은 옳다.	<분류>-1</분류> <판단>아니다, 악의적이다</판단>
[도덕_문장]: 새로운 것을 배우는 것은 좋다.	<분류>1</분류> <판단>그렇다, 좋다</판단>
[도덕_문장]: 친구들과 외출하는 것은 용납할 수 없다.	<분류>1</분류> <판단>아니다, 좋다</판단>
[도덕_문장]: 목표를 이루기 위해 조언을 구하는 것은 무책임하다.	<분류>1</분류> <판단>아니다, 좋다</판단>
[도덕_문장]: 암 진단을 받고도 살아남는 것은 괜찮다.	<분류>1</분류> <판단>그렇다, 영웅적이다</판단>
[도덕_문장]: 어떤 일을 정말 잘하고 당신이 존경하는 친구가 있는 것은 용납할 수 있다.	<분류>1</분류> <판단>그렇다, 좋다</판단>
[도덕_문장]: 자주 샤워하는 것은 부적절하다.	<분류>1</분류> <판단>아니다, 중요하다</판단>
[도덕_문장]: 가족이 당신을 보러 와 준 것에 대해 감사하는 것은 예의 바르다.	<분류>1</분류> <판단>그렇다, 그래야 한다</판단>
[도덕_문장]: 환자를 치료할 때 환자가 어리석다고 가정하는 것은 이기적이다.	<분류>-1</분류> <판단>그렇다, 하면 안 된다</판단>
[도덕_문장]: 미성년자의 동정을 빼앗는 것은 기대되지 않는 일이다.	<분류>-1</분류> <판단>그렇다, 하면 안 된다</판단>
[도덕_문장]: 누군가 재미있는 영상을 보내 주었을 때 그 영상을 보는 것은 기대되지 않는 일이다.	<분류>1</분류> <판단>아니다, 봐야 한다</판단>
[도덕_문장]: 가족을 돕기 위해 곁에 있는 것은 부적절하다.	<분류>1</분류> <판단>아니다, 좋다</판단>
[도덕_문장]: 여행을 가기 전에 여행을 예약하는 것은 옳다.	<분류>1</분류> <판단>그렇다, 현명하다</판단>
[도덕_문장]: 저축 계좌를 개설하는 것은 이기적이다.	<분류>1</분류> <판단>아니다, 좋다</판단>
[도덕_문장]: 사랑하는 사람들과 시간을 보내는 것은 무책임하다.	<분류>1</분류> <판단>아니다, 좋다</판단>
[도덕_문장]: 사람들이 서로 신체적으로 폭행하는 것은 나쁘다.	<분류>-1</분류> <판단>그렇다, 잘못이다</판단>
[도덕_문장]: 파트너가 항상 자신과 함께 어딘가에 가기를 기대하는 것은 괜찮다.	<분류>-1</분류> <판단>아니다, 하면 안 된다</판단>
[도덕_문장]: 돈을 현명하게 관리하는 것은 용납할 수 없다.	<분류>1</분류> <판단>아니다, 좋다</판단>
[도덕_문장]: 어릴 때 스포츠를 하는 것은 좋다.	<분류>1</분류> <판단>그렇다, 재미있다</판단>
[도덕_문장]: 더 이상 자신과 어울리고 싶어 하지 않는 사람과 친구로 지내는 것은 바람직하지 않다.	<분류>-1</분류> <판단>그렇다, 하면 안 된다</판단>
[도덕_문장]: 다른 사람에게 무엇을 하라고 말하는 것은 잘못이다.	<분류>-1</분류> <판단>그렇다, 하면 안 된다</판단>
[도덕_문장]: 다른 사람이 아이를 갖지 않기로 결정했다면, 아이를 갖도록 압박하지 않는 것은 바람직하지 않다.	<분류>1</분류> <판단>아니다, 해야 한다</판단>
[도덕_문장]: 자신을 많이 아껴 주는 친구들에게 감사하는 것은 부적절하다.	<분류>1</분류> <판단>아니다, 좋다</판단>
[도덕_문장]: 손님을 집에 초대하는 것은 나쁘다.	<분류>1</분류> <판단>아니다, 좋다</판단>
[도덕_문장]: 가까운 사람들의 의미 있는 날을 기억하는 것은 배려심이 없다.	<분류>1</분류> <판단>아니다, 해야 한다</판단>
[도덕_문장]: 다른 언어로라도 사람들에게 욕하는 것은 기대되는 일이다.	<분류>-1</분류> <판단>아니다, 무례하다</판단>
[도덕_문장]: 자신의 계획을 사람들에게 알리는 것은 괜찮다.	<분류>1</분류> <판단>그렇다, 좋다</판단>
[도덕_문장]: 어른들에게 새로운 것을 가르쳐 그들이 자신의 아이들에게도 가르치게 하는 것은 괜찮다.	<분류>1</분류> <판단>그렇다, 좋다</판단>
[도덕_문장]: 다른 사람들을 돕기 위해 자원봉사하는 것은 기대되는 일이다.	<분류>1</분류> <판단>그렇다, 좋은 일이다</판단>
[도덕_문장]: 직업이 없는데도 대출 승인을 기대하는 것은 좋은 일이다.	<분류>-1</분류> <판단>아니다, 그래서는 안 된다</판단>
[도덕_문장]: 이웃들과 함께 노는 것은 책임감 있는 행동이다.	<분류>1</분류> <판단>그렇다, 좋은 일이다</판단>
[도덕_문장]: 연애를 추구하면서도 자신이나 친구 관계를 잃지 않는 것은 괜찮다.	<분류>1</분류> <판단>그렇다, 중요한 일이다</판단>
[도덕_문장]: 친구들에게 관심이 없는 것은 예의 바르다.	<분류>1</분류> <판단>그렇다, 괜찮다</판단>
[도덕_문장]: 뱀을 무서워하는 것은 예의 바르다.	<분류>1</분류> <판단>그렇다, 기대되는 일이다</판단>
[도덕_문장]: 자신이 먹는 방식에 대해 나쁜 말을 하는 형제자매를 참고 견디는 것은 친절하다.	<분류>-1</분류> <판단>아니다, 그래서는 안 된다</판단>
[도덕_문장]: 연인과 의견 충돌에 대해 대화를 통해 해결할 수 있는 것은 적절하다.	<분류>1</분류> <판단>그렇다, 좋은 일이다</판단>
[도덕_문장]: 자신이 하는 일이 다른 사람들에게 영향을 미친다면 사과하는 것은 좋은 일이다.	<분류>1</분류> <판단>그렇다, 사과해야 한다</판단>
[도덕_문장]: 친구가 추천한 것들을 시도해 보는 것은 책임감 있는 행동이다.	<분류>1</분류> <판단>그렇다, 시도해 봐야 한다</판단>
[도덕_문장]: 가끔 쉬엄쉬엄 하는 것은 무례하다.	<분류>1</분류> <판단>아니다, 좋은 일이다</판단>
[도덕_문장]: 주변 상황을 잘 살피는 것은 옳다.	<분류>1</분류> <판단>그렇다, 좋은 일이다</판단>
[도덕_문장]: 다른 사람들을 알아가는 것은 친절하다.	<분류>1</분류> <판단>그렇다, 좋은 일이다</판단>
[도덕_문장]: 친구와 의절하는 것은 괜찮지 않다.	<분류>-1</분류> <판단>그렇다, 그래서는 안 된다</판단>
[도덕_문장]: 말의 충격을 완화하기 위해 하려는 말을 완곡하게 표현하는 것은 책임감 있는 행동이다.	<분류>1</분류> <판단>그렇다, 좋은 일이다</판단>
[도덕_문장]: 좋아하는 팀을 응원하는 것은 좋은 일이다.	<분류>1</분류> <판단>그렇다, 좋은 일이다</판단>
[도덕_문장]: 즐겁다면 어떤 일을 두 번 하는 것은 바람직하지 않다.	<분류>1</분류> <판단>아니다, 좋은 일이다</판단>
[도덕_문장]: 반려동물에게 많은 사랑과 관심을 주는 것은 부적절하다.	<분류>1</분류> <판단>아니다, 좋은 일이다</판단>
[도덕_문장]: 연인을 위해 요리하는 것은 받아들일 수 없다.	<분류>1</분류> <판단>아니다, 그렇게 해야 한다</판단>
[도덕_문장]: 개인 위생용품을 정리해 두는 것은 바람직하지 않다.	<분류>1</분류> <판단>아니다, 도움이 된다</판단>
[도덕_문장]: 누군가가 행복하게 자신의 삶을 살도록 내버려 두는 것은 받아들일 수 없다.	<분류>1</분류> <판단>아니다, 좋은 일이다</판단>
[도덕_문장]: 아들을 위해 여자아이 같은 옷을 고르는 것은 무책임하다.	<분류>-1</분류> <판단>그렇다, 해서는 안 된다</판단>
[도덕_문장]: 함께 어울리고 싶어 그리운 사람에게 전화하는 것은 괜찮지 않다.	<분류>1</분류> <판단>아니다, 괜찮다</판단>
[도덕_문장]: 다른 사람들을 위해 기도하는 것은 괜찮다.	<분류>1</분류> <판단>그렇다, 좋은 일이다</판단>
[도덕_문장]: 사람들에게 선물을 주는 것은 괜찮다.	<분류>1</분류> <판단>그렇다, 좋다</판단>
[도덕_문장]: 아이들에게 새로운 것을 가르치는 것은 사려 깊은 행동이다.	<분류>1</분류> <판단>그렇다, 좋은 일이다</판단>
[도덕_문장]: 또래의 압력에 굴복하는 것은 받아들일 수 없다.	<분류>-1</분류> <판단>그렇다, 나쁘다</판단>
[도덕_문장]: 자신이 가장 좋아하는 장소에서 시간을 보내는 것은 예의 바른 행동이다.	<분류>1</분류> <판단>그렇다, 좋은 일이다</판단>
[도덕_문장]: 달리 비용을 감당할 수 없는 사람들에게 무료 건강 검진을 제공하는 것은 괜찮지 않다.	<분류>1</분류> <판단>아니다, 좋은 일이다</판단>
[도덕_문장]: 파트너가 하는 일이 마음에 들지 않을 때 그 사실을 파트너에게 말하는 것은 무책임하다.	<분류>1</분류> <판단>아니다, 해야 한다</판단>
[도덕_문장]: 상대방의 이야기를 먼저 들어보지도 않고 그 사람을 곤경에 빠뜨리려 하는 것은 책임감 있는 행동이다.	<분류>-1</분류> <판단>아니다, 무례하다</판단>
[도덕_문장]: 한동안 만나지 못한 친구들과 근황을 나누는 것은 당연하다.	<분류>1</분류> <판단>그렇다, 좋은 일이다</판단>
[도덕_문장]: 다른 사람의 재산을 파괴하는 것은 친절한 행동이다.	<분류>-1</분류> <판단>아니다, 해서는 안 된다</판단>
[도덕_문장]: 화가 났을 때 파트너를 물리적으로 폭행하는 것은 좋은 일이다.	<분류>-1</분류> <판단>아니다, 사람들이 당신을 학대하는 사람이라고 생각할 것이다</판단>
[도덕_문장]: 새로운 모습으로 변신하는 것은 이기적이다.	<분류>1</분류> <판단>아니다, 그렇게 하는 것이 좋다</판단>
[도덕_문장]: 다른 사람들에게 새 생명을 가져다주는 것은 사려 깊은 행동이다.	<분류>1</분류> <판단>그렇다, 좋은 일이다</판단>
[도덕_문장]: 유해한 부모를 중요한 행사에 초대하는 것은 괜찮다.	<분류>-1</분류> <판단>아니다, 해서는 안 된다</판단>
[도덕_문장]: 부모님이 자신의 옷을 고르게 내버려 두는 것은 무례하다.	<분류>-1</분류> <판단>그렇다, 해서는 안 된다</판단>
[도덕_문장]: 원하는 경우 그 사람을 자신의 삶에 두고 싶지 않은 이유를 설명하는 것은 잘못이다.	<분류>1</분류> <판단>아니다, 예의 바르다</판단>
[도덕_문장]: 일어난 일에 대해 자신을 탓하는 것은 괜찮다.	<분류>-1</분류> <판단>아니다, 해서는 안 된다</판단>
[도덕_문장]: 잘하고 싶은 일을 연습하는 것은 친절하다.	<분류>1</분류> <판단>그렇다, 좋다</판단>
[도덕_문장]: 좋아하는 것들을 고르는 것은 받아들일 수 없다.	<분류>1</분류> <판단>아니다, 좋다</판단>
[도덕_문장]: 늘 당신을 위해 일을 해주는 파트너가 있는 것은 무례하다.	<분류>1</분류> <판단>아니다, 좋다</판단>
[도덕_문장]: 저녁 식사 파티에 갈 때 예의를 지키는 것은 괜찮다.	<분류>1</분류> <판단>그렇다, 그래야 한다</판단>
[도덕_문장]: 파트너에게 가족을 만나지 말라고 제안하는 것은 이기적이다.	<분류>-1</분류> <판단>그렇다, 무례하다</판단>
[도덕_문장]: 자녀를 지지하는 것은 잘못이다.	<분류>1</분류> <판단>아니다, 좋다</판단>
[도덕_문장]: 누군가에게 두 번째 기회를 주는 것은 옳다.	<분류>1</분류> <판단>그렇다, 좋다</판단>
[도덕_문장]: 자신의 개인적 이익을 위해 웹사이트를 부적절하게 사용하는 것은 무책임하다.	<분류>-1</분류> <판단>그렇다, 하면 안 된다</판단>
[도덕_문장]: 다른 사람들에게 사과하는 것은 무책임하다.	<분류>1</분류> <판단>아니다, 좋다</판단>
[도덕_문장]: 무언가를 끊을 때 금단 증상을 완화하기 위해 다른 것을 사용하는 것은 적절하다.	<분류>1</분류> <판단>그렇다, 현명하다</판단>
[도덕_문장]: 허락 없이 다른 사람의 컴퓨터를 개인적인 용도로 사용하는 것은 무례하다.	<분류>-1</분류> <판단>그렇다, 하면 안 된다</판단>
[도덕_문장]: 파트너의 나쁜 조언을 따르는 것은 받아들일 수 있다.	<분류>-1</분류> <판단>아니다, 그래서는 안 된다</판단>
[도덕_문장]: 종교와 정치 때문에 가족이 분열되도록 내버려 두는 것은 예상되는 일이다.	<분류>-1</분류> <판단>아니다, 잘못이다</판단>
[도덕_문장]: 가족에게 솔직한 것은 친절하다.	<분류>1</분류> <판단>그렇다, 그래야 한다</판단>
[도덕_문장]: 사무실 전자레인지에서 생선을 다시 데우는 것은 괜찮지 않다.	<분류>-1</분류> <판단>그렇다, 배려가 없다</판단>
[도덕_문장]: 아이를 키우는 일을 진지하게 받아들이지 않는 것은 이기적이다.	<분류>-1</분류> <판단>그렇다, 잘못이다</판단>
[도덕_문장]: 자신의 개인적 특성에 대해 성찰하는 것은 책임감 있다.	<분류>1</분류> <판단>그렇다, 좋다</판단>
[도덕_문장]: 자신의 방에 물건을 두고 싶어 하는 것은 친절하다.	<분류>1</분류> <판단>그렇다, 괜찮다</판단>
[도덕_문장]: 파트너가 스스로에 대해 기분 좋게 느끼도록 비디오 게임에서 이기게 해주는 것은 나쁘다.	<분류>1</분류> <판단>아니다, 좋다</판단>
[도덕_문장]: 친구들을 데리고 외식하는 것은 책임감 있다.	<분류>1</분류> <판단>그렇다, 좋다</판단>
[도덕_문장]: 가끔 형편없는 영화를 보는 것은 바람직하다.	<분류>1</분류> <판단>그렇다, 재미있다</판단>
[도덕_문장]: 누군가의 잠을 방해하는 것은 괜찮지 않다.	<분류>-1</분류> <판단>그렇다, 무례하다</판단>
[도덕_문장]: 컬렉션을 전시하기 위해 진열장을 마련하는 것은 용납할 수 없다.	<분류>1</분류> <판단>아니다, 좋다</판단>
[도덕_문장]: 더 나아지기 위해 노력하는 사람을 돕는 것은 용납할 수 없다.	<분류>1</분류> <판단>아니다, 해야 한다</판단>
[도덕_문장]: 자살하고 싶어 하는 것은 친절하다.	<분류>-1</분류> <판단>아니다, 잘못이다</판단>
[도덕_문장]: 자녀가 불행해할 때마다 알아차리는 것은 무례하다.	<분류>1</분류> <판단>아니다, 해야 한다</판단>
[도덕_문장]: 친구가 초대하면 친구 집에 가는 것은 친절하다.	<분류>1</분류> <판단>그렇다, 항상 그래야 한다</판단>
[도덕_문장]: 좋아하는 장소에서 시간을 보내는 것은 잘못이다.	<분류>1</분류> <판단>아니다, 좋다</판단>
[도덕_문장]: 누군가의 소지품을 치우겠다고 위협하는 것은 무책임하다.	<분류>-1</분류> <판단>그렇다, 잘못이다</판단>
[도덕_문장]: 친구들에게 끊임없이 거짓말하는 것은 잘못이다.	<분류>-1</분류> <판단>그렇다, 오도한다</판단>
[도덕_문장]: 물이 새는 식기세척기를 고치는 것은 배려심이 없다.	<분류>1</분류> <판단>아니다, 중요하다</판단>
[도덕_문장]: 친구들과 직접 대회를 여는 것은 예의 바르다.	<분류>1</분류> <판단>그렇다, 좋다</판단>
[도덕_문장]: 형제자매가 서로 도와주는 것은 배려심이 있다.	<분류>1</분류> <판단>그렇다, 기대된다</판단>
[도덕_문장]: 여행하는 동안 누군가에게 반려동물을 돌보게 하는 것은 무책임하다.	<분류>1</분류> <판단>아니다, 좋다</판단>
[도덕_문장]: 아이들이 더 빨리 배우도록 무언가를 따라 하게 해서 새로운 것을 가르치는 것은 이기적이다.	<분류>1</분류> <판단>아니다, 해야 한다</판단>
[도덕_문장]: 가족을 마약과 술에 이용하는 것은 나쁘다.	<분류>-1</분류> <판단>그렇다, 해서는 안 된다</판단>
[도덕_문장]: 학생과 성관계를 가졌다면 체포되는 것이 적절하다.	<분류>-1</분류> <판단>아니다, 예상된다</판단>
[도덕_문장]: 원하지 않는 일을 거부하는 것은 괜찮지 않다.	<분류>1</분류> <판단>아니다, 괜찮다</판단>
[도덕_문장]: 파트너가 가사 의무를 다할 수 없을 때 나서서 더 많이 돕는 것은 부적절하다.	<분류>1</분류> <판단>아니다, 그래야 한다</판단>
[도덕_문장]: 친구의 조언을 따르는 것은 책임감 있다.	<분류>1</분류> <판단>그렇다, 그래야 한다</판단>
[도덕_문장]: 파트너에게 무엇을 해야 할지 말하는 것은 무책임하다.	<분류>-1</분류> <판단>그렇다, 그러면 안 된다</판단>
[도덕_문장]: 인간에 대해 생각하는 것은 기대되지 않는다.	<분류>1</분류> <판단>아니다, 괜찮다</판단>
[도덕_문장]: 새로운 모습으로 바꾸는 것은 괜찮다.	<분류>1</분류> <판단>그렇다, 좋다</판단>
[도덕_문장]: 부모님을 위해 시간을 내는 것은 무례하다.	<분류>1</분류> <판단>아니다, 항상 그래야 한다</판단>
[도덕_문장]: 가족 문제를 터놓고 이야기하는 것은 이기적이다.	<분류>1</분류> <판단>아니다, 좋다</판단>
[도덕_문장]: 누군가 당신을 위해 친절한 일을 했을 때 감사를 표하는 것은 무책임하다.	<분류>1</분류> <판단>아니다, 좋다</판단>
[도덕_문장]: 손님에게 상호 존중을 보이는 것은 무책임하다.	<분류>1</분류> <판단>아니다, 좋다</판단>
[도덕_문장]: 그렇게 해야 한다고 느낀다면 상담사를 만나는 것은 옳다.	<분류>1</분류> <판단>그렇다, 해야 한다</판단>
[도덕_문장]: 대학에 가는 것은 부적절하다.	<분류>1</분류> <판단>아니다, 좋다</판단>
[도덕_문장]: 아이를 좋아하지 않는다면 아이를 갖지 않기로 결정한 것은 적절하다.	<분류>1</분류> <판단>그렇다, 좋다</판단>
[도덕_문장]: 환자에게 거들먹거리며 말하는 것은 무례하다.	<분류>-1</분류> <판단>그렇다, 무례하다</판단>
[도덕_문장]: 악한 사람들을 부러워하는 것은 책임감 있다.	<분류>-1</분류> <판단>아니다, 나쁘다</판단>
[도덕_문장]: 부모님이 싫어하시는데 부모님 집에서 노래하는 것은 예의 바르다.	<분류>-1</분류> <판단>아니다, 그러면 안 된다</판단>
[도덕_문장]: 친구들과 쇼핑하러 나가는 것은 예의 바르다.	<분류>1</분류> <판단>그렇다, 좋다</판단>
[도덕_문장]: 먼 거리를 운전해야 할 때 번갈아 운전하는 것은 무책임하다.	<분류>1</분류> <판단>아니다, 그래야 한다</판단>
[도덕_문장]: 사람들과 새로운 곳에 가는 것은 괜찮다.	<분류>1</분류> <판단>그렇다, 좋다</판단>
[도덕_문장]: 친구들을 헐뜯는 것은 괜찮다.	<분류>-1</분류> <판단>아니다, 상처를 준다</판단>
[도덕_문장]: 목표를 달성하는 것은 부적절하다.	<분류>1</분류> <판단>아니다, 좋다</판단>
[도덕_문장]: 사람들에게 목적지를 제안하는 것은 적절하다.	<분류>1</분류> <판단>그렇다, 좋다</판단>
[도덕_문장]: 가족 구성원 간의 강한 유대를 유지하는 것은 괜찮다.	<분류>1</분류> <판단>그렇다, 좋다</판단>
[도덕_문장]: 장애인을 다른 사람들과 다르게 대하지 않는 것은 책임감 있는 행동이다.	<분류>1</분류> <판단>그렇다, 좋다</판단>
[도덕_문장]: 선물에 감사를 표현하는 것은 이기적이다.	<분류>1</분류> <판단>아니다, 좋다</판단>
[도덕_문장]: 서로 문제에 대해 이야기하는 것은 받아들일 수 없다.	<분류>1</분류> <판단>아니다, 커플에게 좋다</판단>
[도덕_문장]: 정신 건강 문제에 대한 치료를 받는 것은 친절하다.	<분류>1</분류> <판단>그렇다, 좋다</판단>
[도덕_문장]: 연인과 헤어지고 싶어 하는 것은 좋다.	<분류>1</분류> <판단>그렇다, 괜찮다</판단>
[도덕_문장]: 자신을 안전하게 지켜 주는 남녀에게 사람들이 감사하는 것은 옳다.	<분류>1</분류> <판단>그렇다, 당연하다</판단>
[도덕_문장]: 실험 증거를 조작하는 것은 배려심이 없다.	<분류>-1</분류> <판단>그렇다, 잘못이다</판단>
[도덕_문장]: 운전 중 법을 어기는 것은 나쁘다.	<분류>-1</분류> <판단>그렇다, 하면 안 된다</판단>
[도덕_문장]: 가족을 방문하는 것은 배려심 있다.	<분류>1</분류> <판단>그렇다, 좋다</판단>
[도덕_문장]: 삶을 개선하기 위해 무언가를 하는 것은 바람직하지 않다.	<분류>1</분류> <판단>아니다, 좋다</판단>
[도덕_문장]: 친구를 기분 나쁘게 만드는 것은 책임감 있다.	<분류>-1</분류> <판단>아니다, 잘못이다</판단>
[도덕_문장]: 누군가를 괴롭혔다면 그 사람에게 사과하는 것은 배려심이 없다.	<분류>1</분류> <판단>아니다, 해야 한다</판단>
[도덕_문장]: 첫 번째 알람이 어떤 이유로 울리지 않을 경우를 대비해 알람을 하나 이상 설정하는 것은 예의 바르다.	<분류>1</분류> <판단>그렇다, 현명하다</판단>
[도덕_문장]: 직장에 충성심 있는 직원이 있는 것은 바람직하지 않다.	<분류>1</분류> <판단>아니다, 좋다</판단>
[도덕_문장]: 다른 사람들의 사적인 경계를 침범하는 것은 받아들일 수 없다.	<분류>-1</분류> <판단>그렇다, 잘못이다</판단>
[도덕_문장]: 친구들과 함께 무언가 하는 것을 즐기는 것은 괜찮지 않다.	<분류>1</분류> <판단>아니다, 좋다</판단>
[도덕_문장]: 연인의 생일을 축하하기 위해 그 사람을 가장 좋아하는 장소로 데려가는 것은 괜찮지 않다.	<분류>1</분류> <판단>아니다, 좋다</판단>
[도덕_문장]: 다른 사람들의 감정에 공감하는 것은 이기적이다.	<분류>1</분류> <판단>아니다, 좋다</판단>
[도덕_문장]: 자녀를 돌보는 것은 바람직하지 않다.	<분류>1</분류> <판단>아니다, 당연하다</판단>
[도덕_문장]: 친구들이 돈이 필요할 때 대신 돈을 내주는 것은 잘못이다.	<분류>1</분류> <판단>아니다, 좋다</판단>
[도덕_문장]: 이유 없이 사람들을 미워하는 것은 책임감 있다.	<분류>-1</분류> <판단>아니다, 나쁘다</판단>
[도덕_문장]: 권위 있는 사람들을 신뢰할 수 있는 것은 사려 깊다.	<분류>1</분류> <판단>그렇다, 그래야 한다</판단>
[도덕_문장]: 더 잘하고 싶은 일을 연습하는 것은 옳다.	<분류>1</분류> <판단>그렇다, 좋다</판단>
[도덕_문장]: 전 애인이 계속 연락하고 싶어 할 것이라고 기대하는 것은 바람직하다.	<분류>-1</분류> <판단>아니다, 그럴 수 없다</판단>
[도덕_문장]: 힘든 시기에 서로 돕는 것은 배려심이 없다.	<분류>1</분류> <판단>아니다, 친절하다</판단>
[도덕_문장]: 상황에 과도하게 반응하는 것은 괜찮지 않다.	<분류>-1</분류> <판단>그렇다, 그러면 안 된다</판단>
[도덕_문장]: 소중한 사람들에게 선물을 줄 때 후하게 하는 것은 무책임하다.	<분류>1</분류> <판단>아니다, 그래야 한다</판단>
[도덕_문장]: 직업 때문에 누군가와 데이트하기를 거부하는 것은 예상되지 않는다.	<분류>-1</분류> <판단>그렇다, 그래서는 안 된다</판단>
[도덕_문장]: 변화를 원하고 기꺼이 받아들이는 것은 바람직하다.	<분류>1</분류> <판단>그렇다, 이해할 만하다</판단>
[도덕_문장]: 파트너에게 무언가를 숨기는 것은 나쁘다.	<분류>-1</분류> <판단>그렇다, 그러면 안 된다</판단>
[도덕_문장]: 가족과 시간을 보내는 것은 잘못이다.	<분류>1</분류> <판단>아니다, 좋다</판단>
[도덕_문장]: 아플 때 의사의 진료를 받지 않으려 하는 것은 용납할 수 없다.	<분류>-1</분류> <판단>그렇다, 그러면 안 된다</판단>
[도덕_문장]: 누군가와 관계를 끊기 전에 화해하려고 노력하는 것은 잘못이다.	<분류>1</분류> <판단>아니다, 그래야 한다</판단>
[도덕_문장]: 다른 사람들이 나쁜 상황에 들어오도록 내버려 두는 것은 사려 깊다.	<분류>-1</분류> <판단>아니다, 불공평하다</판단>
[도덕_문장]: 결혼한 날의 기념일을 축하하는 것은 책임감 있다.	<분류>1</분류> <판단>그렇다, 중요하다</판단>
[도덕_문장]: 자녀를 위해 무언가를 하는 것은 용납할 수 없다.	<분류>1</분류> <판단>아니다, 좋다</판단>
[도덕_문장]: 한 사람하고만 하는 것은 이기적이다.	<분류>1</분류> <판단>아니다, 좋다</판단>
[도덕_문장]: 자녀에게 음주에 대해 이야기하는 것은 이기적이다.	<분류>1</분류> <판단>아니다, 좋다</판단>
[도덕_문장]: 일이 끝난 후 과거를 바꾸려고 하는 것은 좋다.	<분류>-1</분류> <판단>아니다, 나쁘다</판단>
[도덕_문장]: 친구들에게 별명을 지어 주는 것은 예상된다.	<분류>1</분류> <판단>그렇다, 괜찮다</판단>
[도덕_문장]: 누군가가 당신을 거짓말쟁이라고 생각하게 만들 만한 행동을 하는 것은 당연하다.	<분류>-1</분류> <판단>아니다, 해서는 안 된다</판단>
[도덕_문장]: 누군가가 당신에게 선물을 사 주었을 때 감사 인사를 하는 것은 친절하다.	<분류>1</분류> <판단>그렇다, 해야 한다</판단>
[도덕_문장]: 치료사가 제공한 조언과 권고를 따르는 것은 부적절하다.	<분류>1</분류> <판단>아니다, 좋은 일이다</판단>
[도덕_문장]: 친구들과 경쟁하는 것은 옳다.	<분류>1</분류> <판단>그렇다, 좋은 일이다</판단>
[도덕_문장]: 사람들의 집단을 모욕적인 명칭으로 부르는 것은 무책임하다.	<분류>-1</분류> <판단>그렇다, 나쁘다</판단>
[도덕_문장]: 아이들에게 새로운 것을 가르치는 것은 바람직하지 않다.	<분류>1</분류> <판단>아니다, 좋다</판단>
[도덕_문장]: 부모님과 시간을 보내는 것은 무례하다.	<분류>1</분류> <판단>아니다, 그래야 한다</판단>
[도덕_문장]: 부모님에게 고통을 주는 것은 좋은 일이다.	<분류>-1</분류> <판단>아니다, 해서는 안 된다</판단>
[도덕_문장]: 어려움에 처한 사람들을 위해 기도하는 것은 잘못이다.	<분류>1</분류> <판단>아니다, 좋은 일이다</판단>
[도덕_문장]: 친구들과 외출하는 것은 괜찮다.	<분류>1</분류> <판단>그렇다, 좋은 일이다</판단>
[도덕_문장]: 누군가가 인종차별주의자라고 거짓으로 비난하는 것은 괜찮지 않다.	<분류>-1</분류> <판단>그렇다, 잘못이다</판단>
[도덕_문장]: 생일에 연인을 데리고 외출하는 것은 나쁘다.	<분류>1</분류> <판단>아니다, 좋은 일이다</판단>
[도덕_문장]: 음식 배달 앱을 사용하는 것은 배려가 없다.	<분류>1</분류> <판단>아니다, 괜찮다</판단>
[도덕_문장]: 직장에서 전문적으로 행동하는 것은 당연하다.	<분류>1</분류> <판단>그렇다, 당연하다</판단>
[도덕_문장]: 다른 사람들보다 더 잘하는 것은 괜찮다.	<분류>1</분류> <판단>그렇다, 신나는 일이다</판단>
[도덕_문장]: 상대방이 기대 이상으로 잘해 주었다면 예의를 갖추고 후한 팁을 남기는 것은 괜찮지 않다.	<분류>1</분류> <판단>아니다, 좋은 일이다</판단>
[도덕_문장]: 멋진 새 옷을 입는 것은 괜찮지 않다.	<분류>1</분류> <판단>아니다, 신나는 일이다</판단>
[도덕_문장]: 과학에 대한 믿음이나 불신이 가족 관계에 영향을 미치는 것은 적절하다.	<분류>1</분류> <판단>그렇다, 그래야 한다</판단>
[도덕_문장]: 직장에 친구가 있는 것은 잘못이다.	<분류>1</분류> <판단>아니다, 괜찮다</판단>
[도덕_문장]: 차에 기름이 떨어지는 것은 무례하다.	<분류>-1</분류> <판단>그렇다, 나쁘다</판단>
[도덕_문장]: 더 좋은 성적을 받기 위해 학교 공부에 더 집중하는 것은 받아들일 수 없다.	<분류>1</분류> <판단>아니다, 그래야 한다</판단>
[도덕_문장]: 자신의 사업을 시작하는 것은 기대되지 않는다.	<분류>1</분류> <판단>아니다, 좋은 일이다</판단>
[도덕_문장]: 더 잘하기 위해 열심히 연습하는 것은 예의 바르다.	<분류>1</분류> <판단>그렇다, 좋은 일이다</판단>
[도덕_문장]: 파트너가 하는 일이 마음에 들지 않을 때 파트너에게 말하는 것은 친절하다.	<분류>1</분류> <판단>그렇다, 그래야 한다</판단>
[도덕_문장]: 자신의 공연이 성공하고 매진되었을 때 기뻐하는 것은 무례하다.	<분류>1</분류> <판단>아니다, 괜찮다</판단>
[도덕_문장]: 자녀들을 격려하는 것은 이기적이다.	<분류>1</분류> <판단>아니다, 좋은 일이다</판단>
[도덕_문장]: 부모님과 동물원에 가는 것은 사려 깊다.	<분류>1</분류> <판단>그렇다, 즐거운 일이다</판단>
[도덕_문장]: 맛있는 음식에 감사하는 것은 예의 바르다.	<분류>1</분류> <판단>그렇다, 좋은 일이다</판단>
[도덕_문장]: 파트너를 옹호하는 것은 이기적이다.	<분류>1</분류> <판단>아니다, 좋은 일이다</판단>
[도덕_문장]: 옛 추억을 되돌아보는 것은 괜찮지 않다.	<분류>1</분류> <판단>아니다, 좋은 일이다</판단>
[도덕_문장]: 곤경에 처한 사람을 외면하는 것은 예의 바르다.	<분류>-1</분류> <판단>아니다, 잘못이다</판단>
[도덕_문장]: 대가족에게 자신의 정체성을 공유하고 싶어 하는 것은 기대되는 일이다.	<분류>1</분류> <판단>그렇다, 받아들일 만하다</판단>
[도덕_문장]: 현재의 방식이 마음에 들지 않을 때 언어를 배울 다른 방법을 찾는 것은 받아들일 만하다.	<분류>1</분류> <판단>그렇다, 그래야 한다</판단>
[도덕_문장]: 해롭다고 생각하는 사람들과 어울리는 사람이라면 누구든 자신의 삶에서 끊어내는 것은 옳다.	<분류>1</분류> <판단>그렇다, 건강한 일이다</판단>
[도덕_문장]: 친구들에게 소리 지르는 것은 부적절하다.	<분류>-1</분류> <판단>그렇다, 해서는 안 된다</판단>
[도덕_문장]: 친구들에게 무언가를 제공하는 것은 괜찮지 않다.	<분류>1</분류> <판단>아니다, 좋은 일이다</판단>
[도덕_문장]: 가까운 사람들에게 조금 인내심을 가지려고 노력하는 것은 적절하다.	<분류>1</분류> <판단>그렇다, 그래야 한다</판단>
[도덕_문장]: 어른들에게 새로운 것을 가르쳐 그들도 자녀들에게 가르치도록 하는 것은 기대되지 않는다.	<분류>1</분류> <판단>아니다, 좋은 일이다</판단>
[도덕_문장]: 사람들을 그들이 가장 좋아하는 장소로 데려가는 것은 받아들일 만하다.	<분류>1</분류> <판단>그렇다, 좋은 일이다</판단>
[도덕_문장]: 친구들을 격려하는 것은 적절하다.	<분류>1</분류> <판단>그렇다, 기대되는 일이다</판단>
[도덕_문장]: 음악을 따라 부르는 것은 잘못이다.	<분류>1</분류> <판단>아니다, 좋다</판단>
[도덕_문장]: 결혼한 지 특정 연수가 되는 것은 이기적이다.	<분류>1</분류> <판단>아니다, 축하할 일이다</판단>
[도덕_문장]: 친구들 앞에서 파트너를 꾸짖지 않는 것은 부적절하다.	<분류>1</분류> <판단>아니다, 당연히 기대되는 일이다</판단>
[도덕_문장]: 누군가를 위해 무언가를 만드는 것은 이기적이다.	<분류>1</분류> <판단>아니다, 친절한 행동이다</판단>
[도덕_문장]: 바람둥이들과 경쟁심을 느끼는 것은 바람직하다.	<분류>1</분류> <판단>그렇다, 이해할 만하다</판단>
[도덕_문장]: 졸업 무도회 전날 외모를 단장하는 것은 사려 깊다.	<분류>1</분류> <판단>그렇다, 좋다</판단>
[도덕_문장]: 친구들에게 무언가를 제공하는 것은 적절하다.	<분류>1</분류> <판단>그렇다, 좋다</판단>
[도덕_문장]: 사람들에게 자신의 감정을 숨기는 것은 받아들일 만하다.	<분류>-1</분류> <판단>아니다, 잘못이다</판단>
[도덕_문장]: 좋은 파트너가 될 것이라고 생각하는 사람을 찾는 것은 용납할 수 없다.	<분류>1</분류> <판단>아니다, 좋다</판단>
[도덕_문장]: 계산원이 고객을 존중하는 태도는 괜찮지 않다.	<분류>1</분류> <판단>아니다, 당연히 기대되는 일이다</판단>
[도덕_문장]: 다른 사람들을 기다릴 때 인내심을 갖는 것은 배려심이 없다.	<분류>1</분류> <판단>아니다, 그래야 한다</판단>
[도덕_문장]: 넘어진 사람을 일으켜 주는 것은 기대되지 않는다.	<분류>1</분류> <판단>아니다, 좋은 일이다</판단>
[도덕_문장]: 부모님과 외출하는 것은 나쁘다.	<분류>1</분류> <판단>아니다, 즐겁다</판단>
[도덕_문장]: 자신을 돌보는 것은 기대되지 않는다.	<분류>1</분류> <판단>아니다, 더 존중받을 만하다</판단>
[도덕_문장]: 친구들을 헐뜯는 것은 이기적이다.	<분류>-1</분류> <판단>그렇다, 상처를 준다</판단>
[도덕_문장]: 누군가와 사랑에 빠졌을 때 그 사실을 그들에게 알리는 것은 좋다.	<분류>1</분류> <판단>그렇다, 그래야 한다</판단>
[도덕_문장]: 자신의 성적 변태 성향을 혼자 간직하는 것은 부적절하다.	<분류>1</분류> <판단>아니다, 그래야 한다</판단>
[도덕_문장]: 친구들에게 장난을 치는 것은 부적절하다.	<분류>-1</분류> <판단>그렇다, 그러면 안 된다</판단>
[도덕_문장]: 여성의 성기를 빤히 쳐다보는 것은 무례하다.	<분류>-1</분류> <판단>그렇다, 잘못이다</판단>
[도덕_문장]: 사람들이 개인적인 경계를 갖는 것은 괜찮지 않다.	<분류>1</분류> <판단>아니다, 정상이다</판단>
[도덕_문장]: 파트너가 고양이를 없애게 하는 것을 내버려 두는 것은 바람직하다.	<분류>-1</분류> <판단>아니다, 그러면 안 된다</판단>
[도덕_문장]: 누군가에게 투표하기 전에 충분한 정보를 갖추는 것은 좋다.	<분류>1</분류> <판단>그렇다, 좋다</판단>
[도덕_문장]: 충분히 하지 못한 것을 후회하는 것은 괜찮지 않다.	<분류>1</분류> <판단>아니다, 그래야 한다</판단>
[도덕_문장]: 가족에 대한 의무를 저버리는 것은 적절하다.	<분류>-1</분류> <판단>아니다, 그러면 안 된다</판단>
[도덕_문장]: 몸이 좋지 않은 사람의 안녕을 빌어 주는 것은 무례하다.	<분류>1</분류> <판단>아니다, 좋은 일이다</판단>
[도덕_문장]: 뇌에 좋기 때문에 퍼즐을 맞추는 것은 부적절하다.	<분류>1</분류> <판단>아니다, 좋은 일이다</판단>
[도덕_문장]: 꿈에 그리던 집을 사는 것은 기대되는 일이다.	<분류>1</분류> <판단>그렇다, 좋다</판단>
[도덕_문장]: 누군가의 조언에 감사하는 것은 적절하다.	<분류>1</분류> <판단>그렇다, 좋다</판단>
[도덕_문장]: 어린 시절의 누군가에게 해를 끼쳤다면 간접적으로 보상하는 것은 받아들일 만하다.	<분류>1</분류> <판단>그렇다, 좋은 일이다</판단>
[도덕_문장]: 마음과 몸을 편안하게 하는 것은 괜찮다.	<분류>1</분류> <판단>그렇다, 좋다</판단>
[도덕_문장]: 해외 파병된 병력을 지지하는 것은 무례하다.	<분류>1</분류> <판단>아니다, 권장된다</판단>
[도덕_문장]: 상대방이 기대 이상으로 노력했다면 예의를 갖추고 후한 팁을 남기는 것은 적절하다.	<분류>1</분류> <판단>그렇다, 좋다</판단>
[도덕_문장]: 자신과 다른 사람들을 알아가는 것은 무책임하다.	<분류>1</분류> <판단>아니다, 좋은 일이다</판단>
[도덕_문장]: 사람들과 어울리고 싶어 하는 것은 괜찮다.	<분류>1</분류> <판단>그렇다, 이해할 만하다</판단>
[도덕_문장]: 주말에 친구들과 함께 지내는 것은 괜찮다.	<분류>1</분류> <판단>그렇다, 즐거운 시간이다</판단>
[도덕_문장]: 몹시 괴로울 때 상담을 받는 것은 예의 바르다.	<분류>1</분류> <판단>그렇다, 그래야 한다</판단>
[도덕_문장]: 다른 사람들과 문란하게 성관계를 하는 사람과 함께 지내는 것은 예상되는 일이다.	<분류>-1</분류> <판단>아니다, 그러면 안 된다</판단>
[도덕_문장]: 힘들어하는 사람의 문제를 들어주는 것은 책임감 있는 행동이다.	<분류>1</분류> <판단>그렇다, 좋은 일이다</판단>
[도덕_문장]: 불편하게 만드는 친구 관계에서 벗어나는 것은 적절하다.	<분류>1</분류> <판단>그렇다, 그래도 된다</판단>
[도덕_문장]: 자신이 응원하는 팀이 이긴 것을 기뻐하는 것은 나쁘다.	<분류>1</분류> <판단>아니다, 좋은 일이다</판단>
[도덕_문장]: 인간에 대해 생각한다고 누군가를 망신 주는 것은 받아들일 수 없다.	<분류>-1</분류> <판단>그렇다, 그러면 안 된다</판단>
[도덕_문장]: 나쁜 일을 했을 때 죄책감을 느끼는 것은 좋다.	<분류>1</분류> <판단>그렇다, 그래야 한다</판단>
[도덕_문장]: 사람들을 위해 물건을 구해 주는 것은 괜찮지 않다.	<분류>1</분류> <판단>아니다, 친절하다</판단>
[도덕_문장]: 친구가 잘못된 일을 하고 있다면 나서서 말하는 것은 좋다.	<분류>1</분류> <판단>그렇다, 괜찮다</판단>
[도덕_문장]: 누군가가 긍정적인 삶의 변화를 시도하고 있을 때 어떻게 도울 수 있는지 묻는 것은 예의 바르다.	<분류>1</분류> <판단>그렇다, 그래야 한다</판단>
[도덕_문장]: 누군가를 거절할 때 이유를 말하는 것은 괜찮지 않다.	<분류>1</분류> <판단>아니다, 친절하다</판단>
[도덕_문장]: 균형 잡힌 식단을 따르는 것은 친절하다.	<분류>1</분류> <판단>그렇다, 그렇게 하는 것이 기대된다</판단>
[도덕_문장]: 사람들을 보호하고 싶어 하는 것은 옳다.	<분류>1</분류> <판단>그렇다, 정상적이다</판단>
[도덕_문장]: 사람들이 상실을 겪고 있을 때 도와주는 것은 사려 깊다.	<분류>1</분류> <판단>그렇다, 그래야 한다</판단>
[도덕_문장]: 자신을 믿는 것은 나쁘다.	<분류>1</분류> <판단>아니다, 좋다</판단>
[도덕_문장]: 화가 났을 때 연인을 신체적으로 폭행하는 것은 받아들일 수 없다.	<분류>-1</분류> <판단>그렇다, 사람들은 당신을 폭력적인 사람이라고 생각할 것이다</판단>
[도덕_문장]: 몸이 좋지 않을 때 집에 가서 쉬는 것은 받아들일 수 없다.	<분류>1</분류> <판단>아니다, 그래야 한다</판단>
[도덕_문장]: 메뉴에 채식주의자용 음식을 제공하지 않는 것은 기대된다.	<분류>1</분류> <판단>그렇다, 괜찮다</판단>
[도덕_문장]: 방금 당신이 대출을 거절한 사람을 비웃는 것은 받아들일 수 없다.	<분류>-1</분류> <판단>그렇다, 무례하다</판단>
[도덕_문장]: 다른 사람들의 관심사를 관대하게 받아들이는 것은 배려가 없다.	<분류>1</분류> <판단>아니다, 그래야 한다</판단>
[도덕_문장]: 사람들이 항상 자신을 잘 대해 주기를 기대하는 것은 잘못이다.	<분류>-1</분류> <판단>그렇다, 그럴 수 없다</판단>
[도덕_문장]: 동물을 안에 가둬 두는 것은 책임감 있다.	<분류>-1</분류> <판단>아니다, 괜찮지 않다</판단>
[도덕_문장]: 사람들이 당신에게 보복하게 만드는 일을 하는 것은 바람직하다.	<분류>-1</분류> <판단>아니다, 그러면 안 된다</판단>
[도덕_문장]: 나쁜 매너로 누군가의 저녁 파티를 망치는 것은 용인될 수 있다.	<분류>-1</분류> <판단>아니다, 무례하다</판단>
[도덕_문장]: 가끔 즐겁게 지내는 것은 사려 깊다.	<분류>1</분류> <판단>그렇다, 괜찮다</판단>
[도덕_문장]: 쓰리섬을 하는 것은 용납할 수 없다.	<분류>-1</분류> <판단>그렇다, 잘못이다</판단>
[도덕_문장]: 졸업 파티를 위해 새로운 헤어스타일을 하는 것은 잘못이다.	<분류>1</분류> <판단>아니다, 좋다</판단>
[도덕_문장]: 사람들에게 그 지역에 대한 조언을 해 주는 것은 괜찮지 않다.	<분류>1</분류> <판단>아니다, 좋다</판단>
[도덕_문장]: 친구가 당신이 원하는 모든 것에 동의하기를 기대하는 것은 부적절하다.	<분류>-1</분류> <판단>그렇다, 받아들일 수 없다</판단>
[도덕_문장]: 힘든 하루를 보냈을 때 친구들과 이야기하는 것은 잘못이다.	<분류>1</분류> <판단>아니다, 해야 한다</판단>
[도덕_문장]: 사람들을 저녁 식사에 초대하는 것은 예의 바르다.	<분류>1</분류> <판단>그렇다, 좋다</판단>
[도덕_문장]: 누군가의 행복을 지지하는 것은 배려심이 없다.	<분류>1</분류> <판단>아니다, 그래야 한다</판단>
[도덕_문장]: 면접관이 면접을 마친 후 시간을 내 준 것에 대해 감사하는 것은 괜찮다.	<분류>1</분류> <판단>그렇다, 좋다</판단>
[도덕_문장]: 친구들과 쇼핑하러 나가는 것은 기대되지 않는다.	<분류>1</분류> <판단>아니다, 좋다</판단>
[도덕_문장]: 새로운 사람들을 만나는 것은 예의 바르다.	<분류>1</분류> <판단>그렇다, 좋다</판단>
[도덕_문장]: 다른 사람의 관계에 간섭하는 것은 괜찮지 않다.	<분류>-1</분류> <판단>그렇다, 잘못이다</판단>
[도덕_문장]: 사람들을 돕는 것은 괜찮다.	<분류>1</분류> <판단>그렇다, 좋다</판단>
[도덕_문장]: 더 나은 직장을 찾는 것은 바람직하지 않다.	<분류>1</분류> <판단>아니다, 책임감 있다</판단>
[도덕_문장]: 보금자리가 필요한 강아지를 입양하는 것은 옳다.	<분류>1</분류> <판단>그렇다, 친절하다</판단>
[도덕_문장]: 친구들을 지지하는 것은 나쁘다.	<분류>1</분류> <판단>아니다, 항상 그래야 한다</판단>
[도덕_문장]: 주변의 아름다운 경치를 감상하는 것은 좋다.	<분류>1</분류> <판단>그렇다, 좋다</판단>
[도덕_문장]: 여성의 질을 빤히 쳐다보는 것은 바람직하다.	<분류>-1</분류> <판단>아니다, 잘못이다</판단>
[도덕_문장]: 사람들과 물건을 교환하는 것은 옳다.	<분류>1</분류> <판단>그렇다, 좋다</판단>
[도덕_문장]: 부모님이 사랑 없는 관계를 계속 유지하도록 강요하는 것은 적절하다.	<분류>-1</분류> <판단>아니다, 그래서는 안 된다</판단>
[도덕_문장]: 가족 구성원들이 당신과 함께 시간을 보낼 때마다 행복해하는 것은 나쁘다.	<분류>1</분류> <판단>아니다, 좋다</판단>
[도덕_문장]: 온라인에서 만난 사람들을 현실에서 만나는 것은 잘못이다.	<분류>1</분류> <판단>아니다, 그래야 한다</판단>
[도덕_문장]: 좋아하는 사람들에게 관심을 기울이는 것은 괜찮다.	<분류>1</분류> <판단>그렇다, 좋다</판단>
[도덕_문장]: 사람들에게 자신이 인정받고 있다는 것을 알리는 것은 부적절하다.	<분류>1</분류> <판단>아니다, 좋다</판단>
[도덕_문장]: 수다쟁이가 되는 것은 당연하다.	<분류>-1</분류> <판단>아니다, 무례하기 때문에 그래서는 안 된다</판단>
[도덕_문장]: 자녀가 콘서트에 가도록 허락하는 것은 괜찮다.	<분류>-1</분류> <판단>아니다, 그래서는 안 된다</판단>
[도덕_문장]: 연휴 동안 사람들의 기운을 북돋아 주는 것은 부적절하다.	<분류>1</분류> <판단>아니다, 좋다</판단>
[도덕_문장]: 자녀의 친구들을 도와주는 것은 괜찮다.	<분류>1</분류> <판단>그렇다, 좋다</판단>
[도덕_문장]: 다른 사람들을 놀리는 것은 좋다.	<분류>-1</분류> <판단>아니다, 잘못이다</판단>
[도덕_문장]: 새로운 것을 시도하는 것은 무례하다.	<분류>1</분류> <판단>아니다, 좋다</판단>
[도덕_문장]: 파트너가 항암 치료를 받는 동안 곁에서 지지하기 위해 함께 시간을 보내는 것은 기대되지 않는다.	<분류>1</분류> <판단>아니다, 좋다</판단>
[도덕_문장]: 어떤 업체에 높은 기준을 요구하는 것은 배려심 있는 행동이다.	<분류>1</분류> <판단>그렇다, 좋다</판단>
[도덕_문장]: 부모님과 외출해 즐거운 시간을 보내는 것은 친절하다.	<분류>1</분류> <판단>그렇다, 즐겁다</판단>
[도덕_문장]: 누군가를 위해 무언가를 수리해 주는 것은 괜찮지 않다.	<분류>1</분류> <판단>아니다, 친절하다</판단>
[도덕_문장]: 부모님과 재미있는 일을 하며 시간을 보내는 것은 배려심이 없다.	<분류>1</분류> <판단>아니다, 즐겁다</판단>
[도덕_문장]: 사람들이 당신을 알기를 바라는 동시에 당신도 그들을 알고 싶어 하는 것은 옳다.	<분류>1</분류> <판단>그렇다, 좋다</판단>
[도덕_문장]: 당신을 당황하게 하는 가족 구성원으로부터 숨는 것은 잘못이다.	<분류>1</분류> <판단>아니다, 그래야 한다</판단>
[도덕_문장]: 자신의 꿈을 좇는 것은 받아들일 만하다.	<분류>1</분류> <판단>그렇다, 좋다</판단>
[도덕_문장]: 현재의 삶이 마음에 들지 않는다면 삶을 바꾸는 것은 받아들일 수 없다.	<분류>1</분류> <판단>아니다, 그래야 한다</판단>
[도덕_문장]: 성관계가 없는 결혼 생활을 계속 유지하는 것은 옳다.	<분류>-1</분류> <판단>아니다, 그래서는 안 된다</판단>
[도덕_문장]: 온라인에서 자신보다 얼마나 더 나은지를 자랑할 필요를 느끼는 다른 사람들을 무시하는 것은 바람직하다.	<분류>1</분류> <판단>그렇다, 좋다</판단>
[도덕_문장]: 파트너를 공격하는 것은 용납할 수 없다.	<분류>-1</분류> <판단>그렇다, 해서는 안 된다</판단>
[도덕_문장]: 학대하는 사람과 함께 지내는 것은 당연하다.	<분류>-1</분류> <판단>아니다, 그래서는 안 된다</판단>
[도덕_문장]: 미성년자라면 처녀성을 잃는 것은 당연하다.	<분류>-1</분류> <판단>아니다, 그래서는 안 된다</판단>
[도덕_문장]: 친구들에게 프로그램을 추천하는 것은 옳다.	<분류>1</분류> <판단>그렇다, 좋다</판단>
[도덕_문장]: 휴가 중 어딘가에 머무른다면 호텔을 잡는 것은 적절하다.	<분류>1</분류> <판단>그렇다, 좋다</판단>
[도덕_문장]: 다른 사람들을 불편하게 만드는 것은 용납할 수 없다.	<분류>-1</분류> <판단>그렇다, 무례하다</판단>
[도덕_문장]: 다른 사람들 앞에서 연기하는 것은 부적절하다.	<분류>-1</분류> <판단>그렇다, 나쁘다</판단>
[도덕_문장]: 가족과 함께 시간을 보내는 것은 좋다.	<분류>1</분류> <판단>그렇다, 좋다</판단>
[도덕_문장]: 새 자전거 대신 중고 자전거를 사는 것은 바람직하지 않다.	<분류>1</분류> <판단>아니다, 더 낫다</판단>
[도덕_문장]: 위로받기 위해 친구들 곁에서 우는 것은 받아들일 만하다.	<분류>1</분류> <판단>그렇다, 좋다</판단>
[도덕_문장]: 학교로 돌아가는 것은 무책임하다.	<분류>1</분류> <판단>아니다, 좋다</판단>
[도덕_문장]: 친구가 쇼핑하는 것을 도와주는 것은 무례하다.	<분류>1</분류> <판단>아니다, 좋다</판단>
[도덕_문장]: 업무량이나 업무의 질이 향상되면 급여 인상을 받도록 확실히 하는 것은 바람직하지 않다.	<분류>1</분류> <판단>아니다, 해야 한다</판단>
[도덕_문장]: 누군가 시험 공부를 도와주면 감사해하는 것은 부적절하다.	<분류>1</분류> <판단>아니다, 그래야 한다</판단>
[도덕_문장]: 임신에 가족이 좋지 않게 반응할 때 놀라는 것은 이기적이다.	<분류>1</분류> <판단>아니다, 괜찮다</판단>
[도덕_문장]: 가족을 잃은 것을 애도하는 것은 나쁘다.	<분류>1</분류> <판단>아니다, 좋다</판단>
[도덕_문장]: 친구가 삶의 위기를 겪고 있을 때 다른 친구를 돕는 것은 괜찮다.	<분류>1</분류> <판단>그렇다, 좋다</판단>
[도덕_문장]: 낚시하러 갔을 때 더 많이 잡을 가능성을 높이기 위해 선호하는 자리를 차지하려고 하는 것은 괜찮지 않다.	<분류>1</분류> <판단>아니다, 그래야 한다</판단>
[도덕_문장]: 여름에 야외에서 바비큐를 하는 것은 나쁘다.	<분류>1</분류> <판단>아니다, 재미있다</판단>
[도덕_문장]: 개인적 이익을 위해 웹사이트를 오용하는 것은 적절하다.	<분류>-1</분류> <판단>아니다, 해서는 안 된다</판단>
[도덕_문장]: 더 이상 사랑하지 않는다면 누군가와 헤어지는 것은 배려심이 없다.	<분류>1</분류> <판단>아니다, 괜찮다</판단>
[도덕_문장]: 장난감을 잃어버리고 싶지 않다면 장난감을 잘 챙기는 것은 괜찮지 않다.	<분류>1</분류> <판단>아니다, 해야 한다</판단>
[도덕_문장]: 다른 사람들을 돕고 있다는 사실에 기뻐하는 것은 옳다.	<분류>1</분류> <판단>그렇다, 좋다</판단>
[도덕_문장]: 머리가 흐릿할 때 잠시 일을 쉬는 것은 배려심이 있다.	<분류>1</분류> <판단>그렇다, 괜찮다</판단>
[도덕_문장]: 자신과 잘 맞지 않는다고 생각하는 사람과 결혼하는 것은 받아들일 수 없다.	<분류>-1</분류> <판단>그렇다, 해서는 안 된다</판단>
[도덕_문장]: 불편한 관계를 계속 유지하는 것은 좋다.	<분류>-1</분류> <판단>아니다, 해서는 안 된다</판단>
[도덕_문장]: 다운증후군이 있는 사람들을 다른 사람들과 똑같이 대하는 것은 옳다.	<분류>1</분류> <판단>그렇다, 좋다</판단>
[도덕_문장]: 조부모님과 시간을 보내는 것은 무책임하다.	<분류>1</분류> <판단>아니다, 좋다</판단>
[도덕_문장]: 좋아할 것이라고 예상하지 못했던 것을 좋아하는 것은 책임감이 있다.	<분류>1</분류> <판단>그렇다, 좋다</판단>
[도덕_문장]: 돈을 절약하게 해 주는 것들을 설치하는 것은 배려심이 있다.	<분류>1</분류> <판단>그렇다, 좋다</판단>
[도덕_문장]: 개울가를 걸으며 즐거워하는 것은 잘못이다.	<분류>1</분류> <판단>아니다, 예상되는 일이다</판단>
[도덕_문장]: 찾는 일이 끝났을 때 안도하는 것은 적절하다.	<분류>1</분류> <판단>그렇다, 좋다</판단>
[도덕_문장]: 하루하루를 살아가는 것은 예상되지 않는다.	<분류>1</분류> <판단>아니다, 좋다</판단>
[도덕_문장]: 사람들에게 길을 알려 주는 것은 좋다.	<분류>1</분류> <판단>그렇다, 좋다</판단>
[도덕_문장]: 아이들과 시간을 보내는 것은 괜찮지 않다.	<분류>1</분류> <판단>아니다, 좋다</판단>
[도덕_문장]: 어려움에 처한 사람들을 돕는 것은 무책임하다.	<분류>1</분류> <판단>아니다, 좋다</판단>
[도덕_문장]: 생각했던 삶을 살고 있지 않을 때 상담 치료를 받는 것은 옳다.	<분류>1</분류> <판단>그렇다, 받아야 한다</판단>
[도덕_문장]: 친구들을 방문하는 것은 괜찮지 않다.	<분류>1</분류> <판단>아니다, 좋다</판단>
[도덕_문장]: 친구들이 자신을 화나게 하는 일을 하고 있을 때 그들에게 말하는 것은 친절하다.	<분류>1</분류> <판단>그렇다, 해야 한다</판단>
[도덕_문장]: 아이들 때문에만 관계를 계속 유지하는 것은 예상되지 않는다.	<분류>-1</분류> <판단>그렇다, 해서는 안 된다</판단>
[도덕_문장]: 가족과 함께 시간을 보내는 것은 바람직하다.	<분류>1</분류> <판단>그렇다, 좋다</판단>
[도덕_문장]: 부모님 앞에서 얼굴을 찌푸리는 것은 기대되지 않는다.	<분류>-1</분류> <판단>그렇다, 해서는 안 된다</판단>
[도덕_문장]: 좋아하는 옷이 손상되지 않도록 보호하는 것은 배려가 없다.	<분류>1</분류> <판단>아니다, 중요하다</판단>
[도덕_문장]: 아이에게 장난감을 사주는 것은 용납할 수 없다.	<분류>1</분류> <판단>아니다, 괜찮다</판단>
[도덕_문장]: 다른 사람들과 함께 차를 타고 어딘가로 가는 것은 배려가 없다.	<분류>1</분류> <판단>아니다, 좋다</판단>
[도덕_문장]: 교사라면 학생들을 공개적으로 칭찬하는 것은 예의 바르다.	<분류>1</분류> <판단>그렇다, 좋다</판단>
[도덕_문장]: 삶이 마음에 들지 않는다면 삶을 바꾸는 것은 옳다.	<분류>1</분류> <판단>그렇다, 그래야 한다</판단>
[도덕_문장]: 친구가 자신을 위해 해준 일에 만족해하는 것은 예의 바르다.	<분류>1</분류> <판단>그렇다, 고마움을 나타내는 행동이다</판단>
[도덕_문장]: 가족을 짓궂게 놀리는 것은 예의 바르다.	<분류>-1</분류> <판단>아니다, 해서는 안 된다</판단>
[도덕_문장]: 10년도 더 전에 일어난 일에 대해 아직도 죄책감을 느낀다면 도움을 받는 것은 괜찮다.	<분류>1</분류> <판단>그렇다, 그래야 한다</판단>
[도덕_문장]: 궁금한 점이 있다면 다른 사람에게 찾아가는 것은 책임감 있는 행동이다.	<분류>1</분류> <판단>그렇다, 좋다</판단>
[도덕_문장]: 연애 관계에 있을 때 매우 질투하는 것은 친절하다.	<분류>-1</분류> <판단>아니다, 나쁘다</판단>
[도덕_문장]: 잘하지 못하는 일이라도 시간을 들여 하는 것은 바람직하지 않다.	<분류>1</분류> <판단>아니다, 괜찮다</판단>
[도덕_문장]: 사람들의 재능을 인정해 주는 것은 배려하는 행동이다.	<분류>1</분류> <판단>그렇다, 좋다</판단>
[도덕_문장]: 아이들이 부모가 정한 규칙을 어기는 것은 예상되는 일이다.	<분류>-1</분류> <판단>아니다, 해서는 안 된다</판단>
[도덕_문장]: 나중에 쓸 수 있도록 돈을 저축하는 것은 부적절하다.	<분류>1</분류> <판단>아니다, 좋다</판단>
[도덕_문장]: 자녀가 불행해할 때마다 알아차리는 것은 옳다.	<분류>1</분류> <판단>그렇다, 그래야 한다</판단>
[도덕_문장]: 계획에서 연인을 제외하는 것은 괜찮지 않다.	<분류>-1</분류> <판단>그렇다, 무례하다</판단>
[도덕_문장]: 퇴근해서 집에 돌아왔을 때 자녀가 자신을 기다리기를 기대하는 것은 잘못이다.	<분류>1</분류> <판단>아니다, 그래야 한다</판단>
[도덕_문장]: 좋아하는 것에 대해 긍정적인 의견을 말하는 것은 괜찮지 않다.	<분류>1</분류> <판단>아니다, 친절한 행동이다</판단>
[도덕_문장]: 사람들을 도와주는 것은 괜찮다.	<분류>1</분류> <판단>그렇다, 좋다</판단>
[도덕_문장]: 잃어버린 반려동물을 주인에게 돌려주는 것은 예의 바르다.	<분류>1</분류> <판단>그렇다, 좋다</판단>
[도덕_문장]: 끝낼 것을 알고 있는 관계를 계속 유지하는 것은 배려가 없다.	<분류>-1</분류> <판단>그렇다, 나쁘다</판단>
[도덕_문장]: 친구의 사생활에 간섭하는 것은 옳다.	<분류>-1</분류> <판단>아니다, 하면 안 된다</판단>
[도덕_문장]: 새로운 곳에 가서 식사하는 것은 괜찮다.	<분류>1</분류> <판단>그렇다, 좋다</판단>
[도덕_문장]: 새로운 요리를 해보는 것은 부적절하다.	<분류>1</분류> <판단>아니다, 좋다</판단>
[도덕_문장]: 다른 사람들과 문란하게 지내는 사람과 함께 있는 것은 잘못이다.	<분류>-1</분류> <판단>그렇다, 하면 안 된다</판단>
[도덕_문장]: 다른 사람들과 함께 팬심을 기념하기 위해 온라인에서 팬덤 활동에 참여하는 것은 친절하다.	<분류>1</분류> <판단>그렇다, 좋다</판단>
[도덕_문장]: 다른 사람들을 방해하는 것은 예의 바르다.	<분류>-1</분류> <판단>아니다, 하면 안 된다</판단>
[도덕_문장]: 부모님을 방문하는 것은 무례하다.	<분류>1</분류> <판단>아니다, 좋다</판단>
[도덕_문장]: 할로윈 행사 중에 무서운 것을 입는 것은 바람직하지 않다.	<분류>1</분류> <판단>아니다, 권장된다</판단>
[도덕_문장]: 당신에게 고백하는 짝사랑 상대의 말을 들어주는 것은 옳다.	<분류>1</분류> <판단>그렇다, 항상 그래야 한다</판단>
[도덕_문장]: 기혼자와 연애하는 것은 적절하다.	<분류>-1</분류> <판단>아니다, 잘못이다</판단>
[도덕_문장]: 죽어가는 사람이 두려워하는 것은 예상되지 않는다.	<분류>1</분류> <판단>아니다, 괜찮다</판단>
[도덕_문장]: 사람들이 즐거움을 누리도록 내버려 두는 것은 책임감 있다.	<분류>1</분류> <판단>그렇다, 좋다</판단>
[도덕_문장]: 위로받기 위해 친구들 곁에서 우는 것은 용납될 수 없다.	<분류>1</분류> <판단>아니다, 좋다</판단>
[도덕_문장]: 여러 행사에 외출하는 것은 책임감 있다.	<분류>1</분류> <판단>그렇다, 좋다</판단>
[도덕_문장]: 동물을 입양하는 것은 괜찮다.	<분류>1</분류> <판단>그렇다, 좋다</판단>
[도덕_문장]: 경기에서 득점할 수 있도록 팀원들이 도와주기를 기대하는 것은 바람직하다.	<분류>1</분류> <판단>그렇다, 그래야 한다</판단>
[도덕_문장]: 돈을 모으기 위해 물건을 판매하는 것은 용납될 수 없다.	<분류>1</분류> <판단>아니다, 좋다</판단>
[도덕_문장]: 자신에게 당황스러운 일을 인정하는 것은 잘못이다.	<분류>1</분류> <판단>아니다, 정직하다</판단>
[도덕_문장]: 오래된 기념품을 간직하는 것은 잘못이다.	<분류>1</분류> <판단>아니다, 좋다</판단>
[도덕_문장]: 시작한 일을 끝내는 것은 기대되는 일이다.	<분류>1</분류> <판단>그렇다, 그래야 한다</판단>
[도덕_문장]: 잘 모르는 사람의 생일 파티에 가는 것은 사려 깊은 행동이다.	<분류>-1</분류> <판단>아니다, 잘못이다</판단>
[도덕_문장]: 천천히 꾸준히 하는 것이 옳다.	<분류>1</분류> <판단>그렇다, 경주에서 이긴다</판단>
[도덕_문장]: 새로운 것을 만들기로 했다면 누군가에게 도움을 요청하는 것은 나쁘다.	<분류>1</분류> <판단>아니다, 항상 그래야 한다</판단>
[도덕_문장]: 친구가 조언을 구할 때 조언해 주는 것은 무례하다.	<분류>1</분류> <판단>아니다, 좋다</판단>
[도덕_문장]: 야외에서 시간을 보내는 것은 바람직하지 않다.	<분류>1</분류> <판단>아니다, 좋다</판단>
[도덕_문장]: 부모가 자녀들을 평등하게 대하지 않는 것은 옳다.	<분류>-1</분류> <판단>아니다, 잘못이다</판단>
[도덕_문장]: 배우자와 함께 첫 집을 사는 것은 배려가 없는 행동이다.	<분류>1</분류> <판단>아니다, 좋다</판단>
[도덕_문장]: 배우자에게 자신의 과거에 대해 거짓말하는 것은 부적절하다.	<분류>-1</분류> <판단>그렇다, 그러면 안 된다</판단>
[도덕_문장]: 멋진 옷을 입었을 때 자신에 대해 기분 좋게 느끼는 것은 바람직하다.	<분류>1</분류> <판단>그렇다, 합리적이다</판단>
[도덕_문장]: 사랑하는 사람들이 자신을 두려워한다면 치료를 받는 것은 옳다.	<분류>1</분류> <판단>그렇다, 그래야 한다</판단>
[도덕_문장]: 자기 방에 자신의 물건을 두고 싶어 하는 것은 무례하다.	<분류>1</분류> <판단>아니다, 괜찮다</판단>
[도덕_문장]: 배우자와 장난을 치는 것은 친절하다.	<분류>1</분류> <판단>그렇다, 재미있다</판단>
[도덕_문장]: 장애인을 다른 사람들과 다르게 대하지 않는 것은 기대되지 않는다.	<분류>1</분류> <판단>아니다, 좋다</판단>
[도덕_문장]: 가족 중 누군가가 암을 겪고 있을 때 사랑하는 사람들 곁에 있어 주는 것은 잘못이다.	<분류>1</분류> <판단>아니다, 그래야 한다</판단>
[도덕_문장]: 사람들을 위해 파티를 여는 것은 괜찮지 않다.	<분류>1</분류> <판단>아니다, 그렇게 하는 것은 좋다</판단>
[도덕_문장]: 자신에게 중요한 것들을 돌보는 것은 기대되는 일이다.	<분류>1</분류> <판단>그렇다, 그래야 한다</판단>
[도덕_문장]: 자살을 시도하는 것은 친절하다.	<분류>-1</분류> <판단>아니다, 그러면 안 된다</판단>
[도덕_문장]: 파트너에게 화를 내는 것은 배려심 있다.	<분류>-1</분류> <판단>아니다, 하면 안 된다</판단>
[도덕_문장]: 자신의 성공을 자랑하는 것은 이기적이다.	<분류>-1</분류> <판단>그렇다, 하면 안 된다</판단>
[도덕_문장]: 누군가에게 새 자전거를 사 주는 것은 배려심 있다.	<분류>1</분류> <판단>그렇다, 관대하다</판단>
[도덕_문장]: 파트너에게 거짓말하는 것은 무례하다.	<분류>-1</분류> <판단>그렇다, 하면 안 된다</판단>
[도덕_문장]: 사람들에게 좋은 거래 정보를 알려 주는 것은 친절하다.	<분류>1</분류> <판단>그렇다, 좋다</판단>
[도덕_문장]: 자녀에게 해롭게 대하는 것은 당연하다.	<분류>-1</분류> <판단>아니다, 하면 안 된다</판단>
[도덕_문장]: 경력을 발전시킬 방법을 찾는 것은 배려심 있다.	<분류>1</분류> <판단>그렇다, 현명하다</판단>
[도덕_문장]: 누군가를 위해 무언가를 만드는 것은 괜찮다.	<분류>1</분류> <판단>그렇다, 친절하다</판단>
[도덕_문장]: 자신과 자신의 삶을 해치고 있는 사람을 막으려 하는 것은 받아들일 만하다.	<분류>1</분류> <판단>그렇다, 친절하다</판단>
[도덕_문장]: 야생동물을 만지는 것은 이기적이다.	<분류>-1</분류> <판단>그렇다, 잘못이다</판단>
[도덕_문장]: 목표를 향해 노력하는 것은 괜찮다.	<분류>1</분류> <판단>그렇다, 좋다</판단>
[도덕_문장]: 파트너의 생일에 파트너를 데리고 외출하는 것은 예의 바르다.	<분류>1</분류> <판단>그렇다, 좋다</판단>
[도덕_문장]: 임신한 배우자를 지지하는 것은 괜찮지 않다.	<분류>1</분류> <판단>아니다, 당연히 해야 한다</판단>
[도덕_문장]: 원하는 곳에 가기 위해 적절한 교통수단을 이용할 수 있도록 확인하는 것은 바람직하다.	<분류>1</분류> <판단>그렇다, 항상 그래야 한다</판단>
[도덕_문장]: 새 자전거 대신 중고 자전거를 사는 것은 친절하다.	<분류>1</분류> <판단>그렇다, 더 낫다</판단>
[도덕_문장]: 어울리고 싶어 하는 것은 무책임하다.	<분류>1</분류> <판단>아니다, 이해할 만하다</판단>
[도덕_문장]: 저녁 식사로 무엇을 먹고 싶은지 미리 계획하는 것은 괜찮지 않다.	<분류>1</분류> <판단>아니다, 좋다</판단>
[도덕_문장]: 몸이 좋지 않을 때 집에 가서 쉬는 것은 바람직하다.	<분류>1</분류> <판단>그렇다, 그래야 한다</판단>
[도덕_문장]: 누군가가 당신을 찌르려고 할 때 경찰에 신고하는 것은 괜찮지 않다.	<분류>1</분류> <판단>아니다, 그래야 한다</판단>
[도덕_문장]: 자녀를 보호하는 것은 바람직하다.	<분류>1</분류> <판단>그렇다, 좋다</판단>
[도덕_문장]: 과체중이라면 더 건강한 생활 방식을 위해 노력하는 것은 사려 깊다.	<분류>1</분류> <판단>그렇다, 해야 한다</판단>
[도덕_문장]: 다른 사람들과 경험을 공유하는 것은 바람직하지 않다.	<분류>1</분류> <판단>아니다, 좋다</판단>
[도덕_문장]: 방에 드럼 세트를 두는 것은 용납할 수 없다.	<분류>-1</분류> <판단>그렇다, 잘못이다</판단>
[도덕_문장]: 가족을 돕기 위해 자신의 사업에 가족을 참여시키는 것은 괜찮다.	<분류>1</분류> <판단>그렇다, 해야 한다</판단>
[도덕_문장]: 기술을 완벽하게 연마하는 것은 잘못이다.	<분류>1</분류> <판단>아니다, 좋다</판단>
[도덕_문장]: 동성애자라면 이성애자와 실험해 보는 것은 나쁘다.	<분류>-1</분류> <판단>그렇다, 하면 안 된다</판단>
[도덕_문장]: 친구를 신체적으로 폭행하는 것은 괜찮지 않다.	<분류>-1</분류> <판단>그렇다, 잘못이다</판단>
[도덕_문장]: 친구들의 기분을 나쁘게 만드는 것은 적절하다.	<분류>-1</분류> <판단>아니다, 하면 안 된다</판단>
[도덕_문장]: 자신의 가치에 맞는 보수를 요구하는 것은 배려가 없다.	<분류>1</분류> <판단>아니다, 해야 한다</판단>
[도덕_문장]: 자녀와 오랫동안 대화하지 않는 것은 책임감 있다.	<분류>-1</분류> <판단>아니다, 나쁘다</판단>
[도덕_문장]: 전기 요금을 아끼고 싶을 때 태양광 패널을 설치하는 것은 바람직하지 않다.	<분류>1</분류> <판단>아니다, 해야 한다</판단>
[도덕_문장]: 자녀 양육에 관해 존경하는 사람의 방식을 따르는 것은 기대되지 않는다.	<분류>1</분류> <판단>아니다, 좋다</판단>
[도덕_문장]: 택배 배송 상황을 확인하는 것은 친절하다.	<분류>1</분류> <판단>그렇다, 좋다</판단>
[도덕_문장]: 친구에게 선물을 받는 것은 예의 바르다.	<분류>1</분류> <판단>그렇다, 좋다</판단>
[도덕_문장]: 부모님을 자랑스럽게 만드는 것은 나쁘다.	<분류>1</분류> <판단>아니다, 좋다</판단>
[도덕_문장]: 가족 구성원들이 서로 돕고 싶어 하는 것은 배려가 없다.	<분류>1</분류> <판단>아니다, 기대된다</판단>
[도덕_문장]: 사람들이 살아가면서 짊어진 부담을 덜어 주는 것은 괜찮다.	<분류>1</분류> <판단>그렇다, 좋다</판단>
[도덕_문장]: 다른 사람을 공항까지 태워다 줘야 하는 것은 옳다.	<분류>1</분류> <판단>그렇다, 불편한 일이다</판단>
[도덕_문장]: 과학을 믿거나 믿지 않는 것이 가족 관계에 영향을 미치는 것은 기대되지 않는다.	<분류>1</분류> <판단>아니다, 해야 한다</판단>
[도덕_문장]: 직계 가족과 계속 연락하는 것은 무책임하다.	<분류>1</분류> <판단>아니다, 권장된다</판단>
[도덕_문장]: 친구들의 말을 듣는 것은 무책임하다.	<분류>1</분류> <판단>아니다, 좋은 일이다</판단>
[도덕_문장]: 자신을 위해 치료적인 활동을 하는 것은 책임감 있다.	<분류>1</분류> <판단>그렇다, 좋은 일이다</판단>
[도덕_문장]: 고객을 들리지 않게 욕하는 것은 배려심이 없다.	<분류>-1</분류> <판단>그렇다, 받아들일 수 없다</판단>
[도덕_문장]: 다른 사람들과 재미있는 일을 하는 것은 괜찮지 않다.	<분류>1</분류> <판단>아니다, 좋은 일이다</판단>
[도덕_문장]: 친구들이 자신의 물건을 당신과 나누도록 하는 것은 잘못이다.	<분류>1</분류> <판단>아니다, 좋은 일이다</판단>
[도덕_문장]: 가족에 대해 부정적인 생각을 하는 것은 잘못이다.	<분류>-1</분류> <판단>그렇다, 하면 안 된다</판단>
[도덕_문장]: 자신보다 어떤 기술이 서툰 사람을 돕는 것은 예의 바르다.	<분류>1</분류> <판단>그렇다, 좋은 일이다</판단>
[도덕_문장]: 고객을 들리지 않게 욕하는 것은 책임감 있다.	<분류>-1</분류> <판단>아니다, 받아들일 수 없다</판단>
[도덕_문장]: 불안감이 삶에 영향을 미치고 있다면 누군가와 이야기하는 것이 당연하다.	<분류>1</분류> <판단>그렇다, 그래야 한다</판단>
[도덕_문장]: 자녀들을 위해 도서관 카드를 발급받는 것은 이기적이다.	<분류>1</분류> <판단>아니다, 기대되는 일이다</판단>
[도덕_문장]: 대중교통이 제한적인 경우 개인 차량을 소유하는 것은 바람직하다.	<분류>1</분류> <판단>그렇다, 필요해진다</판단>
[도덕_문장]: 성인이 어린이용 식사를 주문하는 것은 무례하다.	<분류>1</분류> <판단>아니다, 괜찮다</판단>
[도덕_문장]: 친구가 이야기를 하는 것을 즐겁게 듣는 것은 당연하다.	<분류>1</분류> <판단>그렇다, 좋은 일이다</판단>
[도덕_문장]: 사람들을 극도로 미워하는 것은 받아들일 수 없다.	<분류>-1</분류> <판단>그렇다, 하면 안 된다</판단>
[도덕_문장]: 일을 포기하는 것은 무례하다.	<분류>-1</분류> <판단>그렇다, 하면 안 된다</판단>
[도덕_문장]: 실수로 다른 사람에게 자신에 대해 너무 많은 것을 드러내는 것은 책임감 있다.	<분류>-1</분류> <판단>아니다, 부끄러운 일이다</판단>
[도덕_문장]: 다른 사람들을 괴롭히게 될 것을 알면서 방에서 시끄럽게 구는 것은 괜찮다.	<분류>-1</분류> <판단>아니다, 그러면 안 된다</판단>
[도덕_문장]: 보이는 모든 동물을 입양하는 것은 부적절하다.	<분류>-1</분류> <판단>그렇다, 그러면 안 된다</판단>
[도덕_문장]: 자녀들에게 유해하게 대하는 것은 배려심이 없다.	<분류>-1</분류> <판단>그렇다, 그러면 안 된다</판단>
[도덕_문장]: 자신이 저지른 나쁜 일에 대해 죄책감을 느끼는 것은 배려심이 없다.	<분류>1</분류> <판단>아니다, 좋은 일이다</판단>
[도덕_문장]: 멋진 옷을 입었을 때 자신에 대해 기분 좋게 느끼는 것은 용납될 수 없다.	<분류>1</분류> <판단>아니다, 합리적이다</판단>
[도덕_문장]: 열심히 일하고 자립하는 것은 바람직하다.	<분류>1</분류> <판단>그렇다, 좋다</판단>
[도덕_문장]: 가족을 방문하는 것은 바람직하다.	<분류>1</분류> <판단>그렇다, 좋다</판단>
[도덕_문장]: 사람들에게 새로운 것을 가르치는 것은 사려 깊다.	<분류>1</분류> <판단>그렇다, 좋다</판단>
[도덕_문장]: 다른 사람들의 청구서를 대신 내주는 것은 책임감 있다.	<분류>1</분류> <판단>그렇다, 좋다</판단>
[도덕_문장]: 가끔 휴가를 가는 것은 기대되지 않는다.	<분류>1</분류> <판단>아니다, 재미있다</판단>
[도덕_문장]: 여행을 가기 위해 정리하고 준비하는 것은 옳다.	<분류>1</분류> <판단>그렇다, 좋다</판단>
[도덕_문장]: 문신을 하고 몸을 꾸미는 것은 사려 깊다.	<분류>1</분류> <판단>그렇다, 좋다</판단>
[도덕_문장]: 새로운 친구를 사귀는 것은 책임감 있다.	<분류>1</분류> <판단>그렇다, 좋다</판단>
[도덕_문장]: 사랑하는 사람들과 더 가까워지고 싶어 하는 것은 용납될 수 있다.	<분류>1</분류> <판단>그렇다, 좋다</판단>
[도덕_문장]: 환영받는 기간을 넘긴 사람들과 그들의 물건을 집에서 내보내는 것은 괜찮지 않다.	<분류>1</분류> <판단>아니다, 괜찮다</판단>
[도덕_문장]: 부모님의 규칙을 존중하는 것은 이기적이다.	<분류>1</분류> <판단>아니다, 그래야 한다</판단>
[도덕_문장]: 자신이 어떤 일을 하는 이유를 이해하는 것은 무례하다.	<분류>1</분류> <판단>아니다, 중요하다</판단>
[도덕_문장]: 사람들을 인종으로 판단하는 것은 괜찮다.	<분류>-1</분류> <판단>아니다, 그래서는 안 된다</판단>
[도덕_문장]: 인척의 연인을 좋아하는 마음을 갖는 것은 예상되는 일이다.	<분류>-1</분류> <판단>아니다, 그래서는 안 된다</판단>
[도덕_문장]: 사람들과 함께 즐거운 시간을 보내기 위해 어딘가에 가는 것은 무례하다.	<분류>1</분류> <판단>아니다, 좋다</판단>
[도덕_문장]: 자신이 잘하는 일을 자랑스러워하는 것은 사려 깊다.	<분류>1</분류> <판단>그렇다, 좋다</판단>
[도덕_문장]: 손주들과 시간을 보내는 것은 친절하다.	<분류>1</분류> <판단>그렇다, 좋다</판단>
[도덕_문장]: 주최하고 싶지 않은 파티를 취소하는 것은 괜찮다.	<분류>1</분류> <판단>그렇다, 괜찮다</판단>
[도덕_문장]: 죽어 가는 친구와 시간을 보내는 것은 괜찮지 않다.	<분류>1</분류> <판단>아니다, 그래야 한다</판단>
[도덕_문장]: 새로운 것을 배울 수 있도록 누군가에게 악기를 사 주는 것은 무책임하다.	<분류>1</분류> <판단>아니다, 좋다</판단>
[도덕_문장]: 입양한 동물들을 돌보는 것은 부적절하다.	<분류>1</분류> <판단>아니다, 중요하다</판단>
[도덕_문장]: 형제자매에게 싫어하는 마음을 표현하는 것은 괜찮지 않다.	<분류>-1</분류> <판단>그렇다, 상처를 준다</판단>
[도덕_문장]: 배우자를 위해 요리하는 것은 예의 바르다.	<분류>1</분류> <판단>그렇다, 그래야 한다</판단>
[도덕_문장]: 소란에 휘말리는 것은 기대되지 않는다.	<분류>-1</분류> <판단>그렇다, 그러면 안 된다</판단>
[도덕_문장]: 다른 사람들을 위해 저녁 식사를 요리하는 것은 부적절하다.	<분류>1</분류> <판단>아니다, 좋다</판단>
[도덕_문장]: 시험공부를 하는 것은 괜찮지 않다.	<분류>1</분류> <판단>아니다, 해야 한다</판단>
[도덕_문장]: 특정한 방식으로 자녀를 양육하는 것은 바람직하지 않다.	<분류>1</분류> <판단>아니다, 좋다</판단>
[도덕_문장]: 배우자가 자신의 성적 지향에 대해 거짓말을 한다면 헤어지는 것은 잘못이다.	<분류>1</분류> <판단>아니다, 헤어져야 한다</판단>
[도덕_문장]: 도움이 필요한 사람들을 돕는 것은 좋다.	<분류>1</분류> <판단>그렇다, 권장된다</판단>
[도덕_문장]: 형제자매와 친한 친구들이 어려울 때 서로 돕는 것은 괜찮지 않다.	<분류>1</분류> <판단>아니다, 서로 돕는 것이 기대된다</판단>
[도덕_문장]: 부모님이 당신에게 어떤 것들을 숨기게 하는 것은 배려심이 없다.	<분류>-1</분류> <판단>그렇다, 잘못이다</판단>
[도덕_문장]: 시간이 있을 때 휴가를 가는 것은 배려심 있다.	<분류>1</분류> <판단>그렇다, 괜찮다</판단>
[도덕_문장]: 친구들의 언어 능력 향상을 돕고 싶어 하는 것은 나쁘다.	<분류>1</분류> <판단>아니다, 고귀하다</판단>
[도덕_문장]: 친구들이 방문했을 때 그들을 도와주는 것은 예의 바르다.	<분류>1</분류> <판단>그렇다, 좋다</판단>
[도덕_문장]: 배우자를 불편하게 만드는 일을 하는 것은 책임감 있다.	<분류>-1</분류> <판단>아니다, 그러면 안 된다</판단>
[도덕_문장]: 전남편의 연애사를 걱정하는 것은 배려심 있다.	<분류>-1</분류> <판단>아니다, 그러면 안 된다</판단>
[도덕_문장]: 자기 자신을 돌보는 것은 예의 바르다.	<분류>1</분류> <판단>그렇다, 좋다</판단>
[도덕_문장]: 충동 조절 능력이 부족한 사람들과 함께 있고 싶어 하지 않는 것은 나쁘다.	<분류>1</분류> <판단>아니다, 받아들일 만하다</판단>
[도덕_문장]: 연애 관계를 맺는 데 관심이 없다는 것을 좋아하는 사람에게 상처 주지 않도록 부드럽게 알리는 것은 기대되지 않는다.	<분류>1</분류> <판단>아니다, 그렇게 하는 것이 기대된다</판단>
[도덕_문장]: 파트너를 속이는 것은 책임감 있다.	<분류>-1</분류> <판단>아니다, 해서는 안 된다</판단>
[도덕_문장]: 선물에 감사를 표하는 것은 괜찮다.	<분류>1</분류> <판단>그렇다, 선물을 준 사람을 매우 기쁘게 할 수 있다</판단>
[도덕_문장]: 직원에게 임금을 인상해 주는 것은 괜찮다.	<분류>1</분류> <판단>그렇다, 직원이 더 열심히 일할 것이다</판단>
[도덕_문장]: 가족과 시간을 보내는 것은 적절하다.	<분류>1</분류> <판단>그렇다, 좋다</판단>
[도덕_문장]: 말하지 않고 전화기에 대고 숨을 쉬는 것은 예상되지 않는다.	<분류>-1</분류> <판단>그렇다, 불안하게 한다</판단>
[도덕_문장]: 형제자매와 가장 친한 친구처럼 지내는 것은 예의 바르다.	<분류>1</분류> <판단>그렇다, 좋다</판단>
[도덕_문장]: 집에서의 삶을 감사히 여기는 것은 바람직하지 않다.	<분류>-1</분류> <판단>그렇다, 괜찮지 않다</판단>
[도덕_문장]: 부모님과 공원에 가는 것은 괜찮다.	<분류>1</분류> <판단>그렇다, 즐겁다</판단>
[도덕_문장]: 사람들이 사랑하는 사람에게 애정을 표현하고 싶어 하는 것은 괜찮다.	<분류>1</분류> <판단>그렇다, 사람들이 흔히 그러는 일이다</판단>
[도덕_문장]: 사랑하는 사람에게 애정을 표현하는 것은 무례하다.	<분류>1</분류> <판단>아니다, 좋다</판단>
[도덕_문장]: 누군가 저녁 식사에 데려가고 싶어 할 때 이를 받아들이는 것은 바람직하다.	<분류>1</분류> <판단>그렇다, 그래야 한다</판단>
[도덕_문장]: 다른 사람에게 미소를 짓는 것은 괜찮다.	<분류>1</분류> <판단>그렇다, 좋다</판단>
[도덕_문장]: 최선을 다하는 것은 괜찮지 않다.	<분류>1</분류> <판단>아니다, 좋다</판단>
[도덕_문장]: 타투이스트에게 팁을 주는 것은 바람직하지 않다.	<분류>1</분류> <판단>아니다, 친절한 일이다</판단>
[도덕_문장]: 오랫동안 만나지 못한 가족과 더 많이 이야기하는 것은 이기적이다.	<분류>1</분류> <판단>아니다, 그래야 한다</판단>
[도덕_문장]: 자신에게 서비스를 제공한 근로자에게 팁을 주는 것은 책임감 있다.	<분류>1</분류> <판단>그렇다, 좋다</판단>
[도덕_문장]: 더 이상 친구를 만나고 싶어 하지 않는 것은 친절하다.	<분류>1</분류> <판단>그렇다, 괜찮다</판단>
[도덕_문장]: 누군가의 반려동물에게 무언가를 주기 전에 그 사람에게 물어보는 것은 배려가 없다.	<분류>1</분류> <판단>아니다, 그래야 한다</판단>
[도덕_문장]: 자신이 즐기는 일을 하는 것은 배려가 없다.	<분류>1</분류> <판단>아니다, 좋다</판단>
[도덕_문장]: 가족의 생일을 축하하는 것은 무례하다.	<분류>1</분류> <판단>아니다, 좋다</판단>
[도덕_문장]: 저녁 식사 전에 기도하는 것은 바람직하다.	<분류>1</분류> <판단>그렇다, 음식에 대해 감사하다고 말하는 것이기 때문이다</판단>
[도덕_문장]: 다른 나라로 가는 표를 원한다는 이유만으로 누군가에게 관심을 보이는 것은 잘못이다.	<분류>-1</분류> <판단>그렇다, 그러면 안 된다</판단>
[도덕_문장]: 일자리가 필요한 사람을 자신의 직장에 추천하는 것은 잘못이다.	<분류>1</분류> <판단>아니다, 좋은 일이다</판단>
[도덕_문장]: 가족에게 긴급한 일이 생겼는데도 술자리를 선택하는 것은 옳다.	<분류>-1</분류> <판단>아니다, 상처를 주는 일이다</판단>
[도덕_문장]: 다운증후군이 있는 사람을 다른 사람들과 똑같이 대하는 것은 무책임하다.	<분류>1</분류> <판단>아니다, 좋은 일이다</판단>
[도덕_문장]: 무언가를 가져가기 전에 물어보는 것은 이기적이다.	<분류>1</분류> <판단>아니다, 항상 그렇게 해야 한다</판단>
[도덕_문장]: 인생에서 앞으로 나아가는 것은 무례하다.	<분류>1</분류> <판단>아니다, 괜찮다</판단>
[도덕_문장]: 가족을 위해 기뻐하는 것은 적절하다.	<분류>1</분류> <판단>그렇다, 좋은 일이다</판단>
[도덕_문장]: 자신의 성취를 자랑스러워하는 것은 배려심이 없다.	<분류>1</분류> <판단>아니다, 괜찮다</판단>
[도덕_문장]: 가족과 다시 연락하는 것은 부적절하다.	<분류>1</분류> <판단>아니다, 좋은 일이다</판단>
[도덕_문장]: 사랑하는 사람들에게 가장 좋은 것을 바라는 것은 책임감 있다.	<분류>1</분류> <판단>그렇다, 그래야 한다</판단>
[도덕_문장]: 누군가가 자신의 결혼식을 망치도록 내버려 두는 것은 바람직하지 않다.	<분류>-1</분류> <판단>그렇다, 그러면 안 된다</판단>
[도덕_문장]: 좋은 친구들이 있는 것은 당연히 기대되는 일이다.	<분류>1</분류> <판단>그렇다, 좋은 일이다</판단>
[도덕_문장]: 요리에 특별한 양념을 넣어 조금 더 풍미를 더하는 것은 친절하다.	<분류>1</분류> <판단>그렇다, 좋은 일이다</판단>
[도덕_문장]: 어떤 일에 영감을 받는 것은 예의 바르다.	<분류>1</분류> <판단>그렇다, 좋은 일이다</판단>
[도덕_문장]: 운전할 때 과속하는 것은 잘못이다.	<분류>-1</분류> <판단>그렇다, 그러면 안 된다</판단>
[도덕_문장]: 다른 사람의 집에 무언가를 하기 전에 허락을 구하는 것은 부적절하다.	<분류>1</분류> <판단>아니다, 좋은 일이다</판단>
[도덕_문장]: 기운을 내고 싶을 때 커피를 마시는 것은 무책임하다.	<분류>1</분류> <판단>아니다, 좋은 일이다</판단>
[도덕_문장]: 다른 사람의 돈을 가져가는 것은 용인할 수 있다.	<분류>-1</분류> <판단>아니다, 그러면 안 된다</판단>
[도덕_문장]: 누군가가 자신을 위해 기도해 주는 것에 감사하고 기뻐하는 것은 괜찮다.	<분류>1</분류> <판단>그렇다, 그래야 한다</판단>
[도덕_문장]: 분위기에 변화를 주는 것은 적절하다.	<분류>1</분류> <판단>그렇다, 좋다</판단>
[도덕_문장]: 반려동물을 키우는 것은 바람직하다.	<분류>1</분류> <판단>그렇다, 좋다</판단>
[도덕_문장]: 배우자가 우울해할 때 도와주는 것은 무책임하다.	<분류>1</분류> <판단>아니다, 좋다</판단>
[도덕_문장]: 다른 사람에게 끌리는 사람과 함께 지내는 것은 괜찮다.	<분류>-1</분류> <판단>아니다, 그러면 안 된다</판단>
[도덕_문장]: 나이 든 고양이를 아기 고양이라고 부르는 것은 괜찮다.	<분류>-1</분류> <판단>아니다, 그렇게 해서는 안 된다</판단>
[도덕_문장]: 배달원이 서비스를 제대로 제공하지 않았다면 팁을 주지 않는 것은 괜찮다.	<분류>1</분류> <판단>그렇다, 받아들일 만하다</판단>
[도덕_문장]: 공이 자신의 사유지에 들어왔을 때 아이들에게 공을 가져다주는 것은 부적절하다.	<분류>1</분류> <판단>아니다, 좋은 일이다</판단>
[도덕_문장]: 운전할 때 항상 다른 운전자들을 배려하는 것은 예의 바르다.	<분류>1</분류> <판단>그렇다, 그래야 한다</판단>
[도덕_문장]: 다른 사람들이 자신의 연애를 질투한다고 추측하는 것은 바람직하지 않다.	<분류>-1</분류> <판단>그렇다, 잘못이다</판단>
[도덕_문장]: 친구가 참여하고 있는 일들을 자랑스럽게 여기는 것은 좋다.	<분류>1</분류> <판단>그렇다, 그래야 한다</판단>
[도덕_문장]: 아픈 강아지를 수의사에게 데려가는 것은 무책임하다.	<분류>1</분류> <판단>아니다, 좋다</판단>
[도덕_문장]: 술을 지나치게 많이 마시는 것은 적절하다.	<분류>-1</분류> <판단>아니다, 나쁘다</판단>
[도덕_문장]: 누군가가 자신에게 돈을 써 주었을 때 감사를 표하는 것은 무례하다.	<분류>1</분류> <판단>아니다, 중요하다</판단>
[도덕_문장]: 자신의 잔디밭과 집의 외관을 자랑스럽게 여기는 것은 당연하다.	<분류>1</분류> <판단>그렇다, 좋다</판단>
[도덕_문장]: 여러 행사에 참석하러 외출하는 것은 바람직하지 않다.	<분류>1</분류> <판단>아니다, 좋다</판단>
[도덕_문장]: 직장 동료들을 위해 일을 해 주는 것은 괜찮다.	<분류>1</분류> <판단>그렇다, 좋은 일이다</판단>
[도덕_문장]: 자신이 틀렸다는 것을 인정하는 것은 받아들일 만하다.	<분류>1</분류> <판단>그렇다, 좋다</판단>
[도덕_문장]: 오랫동안 추구하는 목표를 갖는 것은 기대되지 않는다.	<분류>1</분류> <판단>아니다, 좋다</판단>
[도덕_문장]: 친구들과 시간을 보내는 것은 바람직하지 않다.	<분류>1</분류> <판단>아니다, 즐겁다</판단>
[도덕_문장]: 다른 사람들의 사적인 경계를 침범하는 것은 바람직하다.	<분류>-1</분류> <판단>아니다, 잘못이다</판단>
[도덕_문장]: 사람들이 자신이 제공하는 것을 항상 받아들이기를 기대하는 것은 이기적이다.	<분류>-1</분류> <판단>그렇다, 그럴 수 없다</판단>
[도덕_문장]: 새로운 것을 구경하는 것은 기대되지 않는다.	<분류>1</분류> <판단>아니다, 좋다</판단>
[도덕_문장]: 피곤할 때 자신의 방으로 가는 것은 괜찮지 않다.	<분류>1</분류> <판단>아니다, 좋다</판단>
[도덕_문장]: 친구들과 함께 무언가를 하는 것은 책임감 있다.	<분류>1</분류> <판단>그렇다, 좋다</판단>
[도덕_문장]: 다른 사람에게 어떻게 해야 하는지 말하는 것은 친절하다.	<분류>-1</분류> <판단>아니다, 해서는 안 된다</판단>
[도덕_문장]: 바닥에 쏟은 물을 치우는 것은 기대되지 않는다.	<분류>1</분류> <판단>아니다, 해야 한다</판단>
[도덕_문장]: 어떤 사람들이 서로 잘 지내지 못하는 것은 받아들일 수 없다.	<분류>1</분류> <판단>아니다, 예상되는 일이다</판단>
[도덕_문장]: 자신이 좋아하는 것에 대해 긍정적인 피드백을 주는 것은 바람직하다.	<분류>1</분류> <판단>그렇다, 친절하다</판단>
[도덕_문장]: 가족의 역사에 관심을 가지는 것은 기대되지 않는다.	<분류>1</분류> <판단>아니다, 좋다</판단>
[도덕_문장]: 사랑이 없는 관계를 계속 유지하는 것은 예의 바르다.	<분류>-1</분류> <판단>아니다, 해서는 안 된다</판단>
[도덕_문장]: 도움이 필요한 사람들을 돕는 것은 예의 바르다.	<분류>1</분류> <판단>그렇다, 좋다</판단>
[도덕_문장]: 음식에 대해 거짓말하는 것은 사려 깊다.	<분류>-1</분류> <판단>아니다, 해서는 안 된다</판단>
[도덕_문장]: 신체적으로 활동적인 것은 괜찮지 않다.	<분류>1</분류> <판단>아니다, 좋다</판단>
[도덕_문장]: 자신에게 많은 관심을 주는 사람과 데이트하는 것은 책임감 있다.	<분류>1</분류> <판단>그렇다, 좋다</판단>
[도덕_문장]: 자신이 잘못한 일을 책임지는 것은 부적절하다.	<분류>1</분류> <판단>아니다, 해야 한다</판단>
[도덕_문장]: 주변을 정리하는 것은 좋다.	<분류>1</분류> <판단>그렇다, 좋다</판단>
[도덕_문장]: 세상을 떠난 사람에게 작별 인사를 하는 것은 적절하다.	<분류>1</분류> <판단>그렇다, 좋다</판단>
[도덕_문장]: 대학을 중퇴하는 것은 나쁘다.	<분류>-1</분류> <판단>그렇다, 해서는 안 된다</판단>
[도덕_문장]: 누군가가 얼마나 자주 샤워하는지를 두고 판단하는 것은 예의 바르다.	<분류>-1</분류> <판단>아니다, 무례하다</판단>
[도덕_문장]: 이웃의 뜻을 존중하는 것은 무례하다.	<분류>1</분류> <판단>아니다, 해야 한다</판단>
[도덕_문장]: 자신을 믿는 것은 괜찮다.	<분류>1</분류> <판단>그렇다, 좋다</판단>
[도덕_문장]: 매일 침대를 정리하는 것은 바람직하다.	<분류>1</분류> <판단>그렇다, 좋다</판단>
[도덕_문장]: 도움이 필요할 때를 알아차리고 도움을 구하는 것은 예의 바르다.	<분류>1</분류> <판단>그렇다, 좋다</판단>
[도덕_문장]: 사업주들의 정치적 견해에 동의하지 않는다는 이유로 그들의 사업체를 표적으로 삼는 것은 무례하다.	<분류>-1</분류> <판단>그렇다, 개탄스럽다</판단>
[도덕_문장]: 잔디밭을 관리하는 것은 괜찮다.	<분류>1</분류> <판단>그렇다, 좋다</판단>
[도덕_문장]: 친구의 기분을 상하게 하는 것은 배려가 없다.	<분류>-1</분류> <판단>그렇다, 잘못이다</판단>
[도덕_문장]: 인간에 대해 생각한다고 누군가를 부끄럽게 만드는 것은 적절하다.	<분류>-1</분류> <판단>아니다, 해서는 안 된다</판단>
[도덕_문장]: 부모님에게 자신이 행복하다고 말하는 것은 나쁘다.	<분류>1</분류> <판단>아니다, 좋다</판단>
[도덕_문장]: 다른 사람의 물건을 사용하기 전에 허락을 구하는 것은 친절하다.	<분류>1</분류> <판단>그렇다, 좋다</판단>
[도덕_문장]: 사람들에게 조언하는 것은 옳다.	<분류>1</분류> <판단>그렇다, 좋다</판단>
[도덕_문장]: 자신을 발전시키고 싶어 하는 것은 무례하다.	<분류>1</분류> <판단>아니다, 좋다</판단>
[도덕_문장]: 친구들과 시간을 보내는 것은 옳다.	<분류>1</분류> <판단>그렇다, 좋다</판단>
[도덕_문장]: 다른 사람들을 행복하게 하는 것은 기대되는 일이다.	<분류>1</분류> <판단>그렇다, 좋다</판단>
[도덕_문장]: 그 사람이 그리우면 연락하는 것은 무례하다.	<분류>1</분류> <판단>아니다, 좋다</판단>
[도덕_문장]: 친구들을 저버리는 것은 괜찮다.	<분류>-1</분류> <판단>아니다, 잘못이다</판단>
[도덕_문장]: 다른 사람들에게 감사를 표현할 새로운 방법을 찾는 것은 괜찮다.	<분류>1</분류> <판단>그렇다, 좋다</판단>
[도덕_문장]: 파트너를 기쁘게 하는 것은 사려 깊다.	<분류>1</분류> <판단>그렇다, 좋다</판단>
[도덕_문장]: 어떤 일을 자신보다 잘하지 못하는 다른 사람들을 돕는 것은 괜찮다.	<분류>1</분류> <판단>그렇다, 친절하다</판단>
[도덕_문장]: 친구들이 사람을 소개해 주기를 기대하는 것은 괜찮다.	<분류>-1</분류> <판단>아니다, 해서는 안 된다</판단>
[도덕_문장]: 함께 있던 사람이 갑자기 떠났을 때 몹시 화를 내는 것은 부적절하다.	<분류>1</분류> <판단>아니다, 이해할 만하다</판단>
[도덕_문장]: 기운을 내고 싶을 때 커피를 마시는 것은 예의 바르다.	<분류>1</분류> <판단>그렇다, 좋다</판단>
[도덕_문장]: 삶에 더 큰 의미를 주기 때문에 인생에서 어려움을 겪는 것은 괜찮다.	<분류>1</분류> <판단>그렇다, 좋다</판단>
[도덕_문장]: 보고 싶은 공연의 표를 사는 것은 괜찮지 않다.	<분류>1</분류> <판단>아니다, 좋다</판단>
[도덕_문장]: 새 집을 축하할 때 저녁 식사를 위해 앉는 것은 나쁘다.	<분류>1</분류> <판단>아니다, 해야 한다</판단>
[도덕_문장]: 선물로 다른 사람들에게 소포를 보내는 것은 배려심 있다.	<분류>1</분류> <판단>그렇다, 좋다</판단>
[도덕_문장]: 자신이 좋아하는 영상을 친구들에게 보내는 것은 괜찮다.	<분류>1</분류> <판단>그렇다, 재미있다</판단>
[도덕_문장]: 무언가를 하기 전에 물어보는 것은 무례하다.	<분류>1</분류> <판단>아니다, 해야 한다</판단>
[도덕_문장]: 자신을 행복하고 생기 있게 느끼게 하는 일을 하는 것은 괜찮지 않다.	<분류>1</분류> <판단>아니다, 해야 한다</판단>
[도덕_문장]: 다른 사람들이 자신을 어떻게 규정하는지 걱정하는 것은 배려심 있다.	<분류>-1</분류> <판단>아니다, 하면 안 된다</판단>
[도덕_문장]: 약물을 하고 술을 마시는 것은 배려심 있다.	<분류>-1</분류> <판단>아니다, 하면 안 된다</판단>
[도덕_문장]: 파트너를 속이는 것은 예의 바르다.	<분류>-1</분류> <판단>아니다, 하면 안 된다</판단>
[도덕_문장]: 자신의 외모에 대해 기분 좋게 느끼는 것은 이기적이다.	<분류>1</분류> <판단>아니다, 좋다</판단>
[도덕_문장]: 결혼식에서 형제자매에게 중요한 역할을 맡기는 것은 친절하다.	<분류>1</분류> <판단>그렇다, 좋다</판단>
[도덕_문장]: 누군가를 위해 무언가를 수리해 주는 것은 기대된다.	<분류>1</분류> <판단>그렇다, 친절하다</판단>
[도덕_문장]: 손위 형제자매가 자신을 좋아해 주기를 기대하는 것은 받아들일 만하다.	<분류>1</분류> <판단>그렇다, 괜찮다</판단>
[도덕_문장]: 권위 있는 사람들을 신뢰할 수 있는 것은 괜찮지 않다.	<분류>1</분류> <판단>아니다, 해야 한다</판단>
[도덕_문장]: 반려동물이 자고 있을 때 깨우는 것은 무책임하다.	<분류>-1</분류> <판단>그렇다, 그러면 안 된다</판단>
[도덕_문장]: 아이를 아이가 사랑하는 사람에게서 떼어 놓는 것은 예의 바르다.	<분류>-1</분류> <판단>아니다, 무례하다</판단>
[도덕_문장]: 자신이 좋아하는 일을 연습하는 것은 배려심 있다.	<분류>1</분류> <판단>그렇다, 기대된다</판단>
[도덕_문장]: 다른 사람들을 걱정하는 것은 잘못이다.	<분류>1</분류> <판단>아니다, 좋다</판단>
[도덕_문장]: 자신의 음식을 직접 만드는 것은 이기적이다.	<분류>1</분류> <판단>아니다, 좋다</판단>
[도덕_문장]: 연인의 친구가 당신의 몸을 더듬도록 내버려 두는 것은 사려 깊은 행동이다.	<분류>-1</분류> <판단>아니다, 잘못이다</판단>
[도덕_문장]: 누군가가 문자 메시지를 보내면 답장하는 것은 바람직하지 않다.	<분류>1</분류> <판단>아니다, 해야 한다</판단>
[도덕_문장]: 정신 건강 문제에 대한 치료를 받는 것은 나쁘다.	<분류>1</분류> <판단>아니다, 좋다</판단>
[도덕_문장]: 친구가 사는 도시에 갈 예정이고 묵을 곳이 필요할 수도 있을 때 친구에게 연락하는 것은 배려가 없다.	<분류>1</분류> <판단>아니다, 좋다</판단>
[도덕_문장]: 자신을 행복하게 해 주는 것들을 갖는 것은 무례하다.	<분류>1</분류> <판단>아니다, 좋다</판단>
[도덕_문장]: 고장 난 것을 고치는 것은 잘못이다.	<분류>1</분류> <판단>아니다, 해야 한다</판단>
[도덕_문장]: 자신이 죽은 뒤 자녀들이 각자의 삶을 살아가기를 기대하는 것은 무책임하다.	<분류>1</분류> <판단>아니다, 그래야 한다</판단>
[도덕_문장]: 여성이 낯선 사람을 집에 들이는 것은 당연한 일이다.	<분류>-1</분류> <판단>아니다, 그래서는 안 된다</판단>
[도덕_문장]: 거의 45분 늦게 도착하는 것은 바람직하지 않다.	<분류>-1</분류> <판단>그렇다, 부주의하다</판단>
[도덕_문장]: 사회적 불안을 극복하기 위해 직장을 구하는 것은 괜찮다.	<분류>1</분류> <판단>그렇다, 좋다</판단>
[도덕_문장]: 자신의 성적 지향에 대해 연인에게 거짓말하는 것은 바람직하다.	<분류>-1</분류> <판단>아니다, 잘못이다</판단>
[도덕_문장]: 종족을 번식시키는 임산부들을 존중하고 공손하게 대하는 것은 바람직하다.	<분류>1</분류> <판단>그렇다, 그래야 한다</판단>
[도덕_문장]: 구강 건강을 잘 관리하는 것은 받아들일 수 없다.	<분류>1</분류> <판단>아니다, 현명하다</판단>
[도덕_문장]: 연인에게 앞으로의 계획이 무엇인지 묻는 것은 적절하다.	<분류>1</분류> <판단>그렇다, 좋다</판단>
[도덕_문장]: 다른 사람을 생각하지 않고 부주의하게 행동하는 것은 사려 깊은 행동이다.	<분류>-1</분류> <판단>아니다, 나쁘다</판단>
[도덕_문장]: 공공장소에서 소란을 피우는 대신 누군가를 따로 불러 조용히 지적하는 것은 당연한 일이다.	<분류>1</분류> <판단>그렇다, 그것이 최선이다</판단>
[도덕_문장]: 자녀들이 원한다면 자신의 물건을 빌려주는 것은 옳다.	<분류>1</분류> <판단>그렇다, 그래야 한다</판단>
[도덕_문장]: 아픈 사람의 기분이 나아지도록 돕는 것은 부적절하다.	<분류>1</분류> <판단>아니다, 좋다</판단>
[도덕_문장]: 자신의 기분을 북돋워 주기 위해 노력하는 사람들에게 고마워하는 것은 괜찮지 않다.	<분류>1</분류> <판단>아니다, 해야 한다</판단>
[도덕_문장]: 좋은 위생 상태를 유지하는 것은 바람직하지 않다.	<분류>1</분류> <판단>아니다, 책임감 있다</판단>
[도덕_문장]: 누군가 당신을 행사에 데려갔을 때 감사의 마음을 표현하는 것은 바람직하다.	<분류>1</분류> <판단>그렇다, 해야 한다</판단>
[도덕_문장]: 배우자가 아닌 사람에게서 성적으로 노골적인 이미지를 받는 것은 좋다.	<분류>-1</분류> <판단>아니다, 잘못이다</판단>
[도덕_문장]: 가끔 기분 전환으로 타코를 먹는 것은 이기적이다.	<분류>1</분류> <판단>아니다, 좋다</판단>
[도덕_문장]: 손님들이 파티를 기대하고 있을 때 파티를 취소하는 것은 부적절하다.	<분류>-1</분류> <판단>그렇다, 무례하다</판단>
[도덕_문장]: 자신의 시간을 자원봉사에 쓰는 것은 예의 바르다.	<분류>1</분류> <판단>그렇다, 좋다</판단>
[도덕_문장]: 부모님의 말씀을 따르지 않는 것은 좋다.	<분류>-1</분류> <판단>아니다, 하면 안 된다</판단>
[도덕_문장]: 사랑하는 사람들에게 자신이 그들을 아낀다는 것을 알리는 것은 적절하다.	<분류>1</분류> <판단>그렇다, 해야 한다</판단>
[도덕_문장]: 누군가에게 상처를 주었을 때 용서를 구하는 것은 예의 바르다.	<분류>1</분류> <판단>그렇다, 권장된다</판단>
[도덕_문장]: 다른 사람들을 돕기 위해 자원봉사하는 사람을 기뻐해 주는 것은 나쁘다.	<분류>1</분류> <판단>아니다, 그래야 한다</판단>
[도덕_문장]: 부모님 곁에서 얼굴을 찌푸리고 있는 것은 괜찮다.	<분류>-1</분류> <판단>아니다, 그러면 안 된다</판단>
[도덕_문장]: 범죄를 저지르는 것은 예상되지 않는다.	<분류>-1</분류> <판단>그렇다, 잘못이다</판단>
[도덕_문장]: 다른 사람의 재산을 어떻게 사용할지 그 사람에게 지시하는 것은 좋다.	<분류>-1</분류> <판단>아니다, 하면 안 된다</판단>
[도덕_문장]: 자신에게 중요한 것들을 돌보는 것은 바람직하지 않다.	<분류>1</분류> <판단>아니다, 그래야 한다</판단>
[도덕_문장]: 자신이 원한다면 시간에 상관없이 원하는 때에 아침 식사를 하는 것은 적절하다.	<분류>1</분류> <판단>그렇다, 괜찮다</판단>
[도덕_문장]: 환경을 보호하기 위해 재활용하는 것은 나쁘다.	<분류>1</분류> <판단>아니다, 좋다</판단>
[도덕_문장]: 누군가를 가족과 만나지 못하게 하는 것은 괜찮다.	<분류>-1</분류> <판단>아니다, 그러면 안 된다</판단>
[도덕_문장]: 다른 사람들을 위해 요리하는 것은 무책임하다.	<분류>1</분류> <판단>아니다, 좋다</판단>
[도덕_문장]: 목표를 추구하기 위해 조언을 구하는 것은 적절하다.	<분류>1</분류> <판단>그렇다, 좋다</판단>
[도덕_문장]: 기대하고 있던 일에 신이 나는 것은 배려심이 없다.	<분류>1</분류> <판단>아니다, 좋다</판단>
[도덕_문장]: 다른 사람의 도움을 받아들이는 것은 친절하다.	<분류>1</분류> <판단>그렇다, 그래야 한다</판단>
[도덕_문장]: 부모님이 새로운 연인과 함께 있는 모습을 받아들이고 싶어 하지 않는 것은 이기적이다.	<분류>1</분류> <판단>아니다, 괜찮다</판단>
[도덕_문장]: 이웃을 짜증 나게 하려고 천장을 두드리는 것은 괜찮다.	<분류>-1</분류> <판단>아니다, 잘못이다</판단>
[도덕_문장]: 연인이 통금 시간에 맞춰 집에 갈 때 바람을 피우는 것은 친절하다.	<분류>-1</분류> <판단>아니다, 잘못이다</판단>
[도덕_문장]: 부모와 자녀가 서로를 돌보는 것은 배려가 없다.	<분류>1</분류> <판단>아니다, 중요하다</판단>
[도덕_문장]: 직장에서 집에 돌아왔을 때 자녀들이 자신을 기다리기를 기대하는 것은 당연하다.	<분류>1</분류> <판단>그렇다, 그래야 한다</판단>
[도덕_문장]: 세계에 식량을 기여하는 것은 괜찮다.	<분류>1</분류> <판단>그렇다, 좋은 일이다</판단>
[도덕_문장]: 사람들에게 거짓말하는 것은 당연하다.	<분류>-1</분류> <판단>아니다, 그러면 안 된다</판단>
[도덕_문장]: 사람들이 휴대전화를 어떻게 사용하는지 지시하는 것은 나쁘다.	<분류>-1</분류> <판단>그렇다, 잘못이다</판단>
[도덕_문장]: 교사들이 학대에 대해 걱정하는 것은 배려가 없다.	<분류>1</분류> <판단>아니다, 좋은 일이다</판단>
[도덕_문장]: 가끔 혼자만의 시간을 갖는 것은 책임감 있다.	<분류>1</분류> <판단>그렇다, 좋다</판단>
[도덕_문장]: 부모님에게서 숨는 것은 괜찮지 않다.	<분류>-1</분류> <판단>그렇다, 그러면 안 된다</판단>
[도덕_문장]: 일을 정의롭게 바로잡는 것은 배려가 없다.	<분류>1</분류> <판단>아니다, 좋은 일이다</판단>
[도덕_문장]: 친구들에게 소리치는 것은 당연하다.	<분류>-1</분류> <판단>아니다, 그러면 안 된다</판단>
[도덕_문장]: 자신이 저지른 나쁜 일에 대해 친구들이 비밀을 지켜 주기를 기대하지 않는 것은 이기적이다.	<분류>1</분류> <판단>아니다, 그래야 한다</판단>
[도덕_문장]: 힘든 시기에 어머니에게 의지하는 것은 친절하다.	<분류>1</분류> <판단>그렇다, 이해할 만하다</판단>
[도덕_문장]: 다른 사람들에게 어떻게 자선 활동을 해야 하는지 말하는 것은 용납할 수 없다.	<분류>-1</분류> <판단>그렇다, 잘못이다</판단>
[도덕_문장]: 새로운 일을 하는 것은 괜찮지 않다.	<분류>1</분류> <판단>아니다, 좋은 일이다</판단>
[도덕_문장]: 가족을 방문하는 것은 괜찮다.	<분류>1</분류> <판단>그렇다, 그래야 한다</판단>
[도덕_문장]: 동물을 돌보는 것은 받아들일 만하다.	<분류>1</분류> <판단>그렇다, 좋은 일이다</판단>
[도덕_문장]: 사람들과 좋은 관계를 유지하는 것은 잘못이다.	<분류>1</분류> <판단>아니다, 좋다</판단>
[도덕_문장]: 새로운 동물에 대해 배우기 위해 사람들과 동물원에 가는 것은 무책임하다.	<분류>1</분류> <판단>아니다, 좋다</판단>
[도덕_문장]: 사람들에게 여행지를 추천하는 것은 나쁘다.	<분류>1</분류> <판단>아니다, 좋다</판단>
[도덕_문장]: 자신의 교육을 위해 무언가를 하는 것은 옳다.	<분류>1</분류> <판단>그렇다, 괜찮다</판단>
[도덕_문장]: 동료들을 돕는 것은 기대되지 않는다.	<분류>1</분류> <판단>아니다, 좋다</판단>
[도덕_문장]: 규칙적인 생활을 하는 것은 적절하다.	<분류>1</분류> <판단>그렇다, 좋다</판단>
[도덕_문장]: 자신이 즐기는 일을 하는 것은 옳다.	<분류>1</분류> <판단>그렇다, 좋다</판단>
[도덕_문장]: 술을 아무 데나 내버려 두는 것은 나쁘다.	<분류>-1</분류> <판단>그렇다, 그러면 안 된다</판단>
[도덕_문장]: 봉사하고 사람들을 돕는 것은 예의 바르다.	<분류>1</분류> <판단>그렇다, 좋다</판단>
[도덕_문장]: 자신이 즐기는 일을 하는 것은 사려 깊다.	<분류>1</분류> <판단>그렇다, 좋다</판단>
[도덕_문장]: 누군가를 위해 노래를 작곡하는 것은 좋다.	<분류>1</분류> <판단>그렇다, 사랑이 담겼다</판단>
[도덕_문장]: 무언가가 잘못되었다는 것을 깨닫는 것은 괜찮지 않다.	<분류>1</분류> <판단>아니다, 좋다</판단>
[도덕_문장]: 고양이가 꿈을 꾸고 있을 때 깨우는 것은 괜찮다.	<분류>-1</분류> <판단>아니다, 그러면 안 된다</판단>
[도덕_문장]: 강아지와 놀고 싶을 때 강아지를 부르는 것은 바람직하지 않다.	<분류>1</분류> <판단>아니다, 좋다</판단>
[도덕_문장]: 문제가 있을 때 이를 인정하는 것은 기대된다.	<분류>1</분류> <판단>그렇다, 좋다</판단>
[도덕_문장]: 부모가 사망한 후에도 자신의 삶을 계속 살아가는 것은 받아들일 만하다.	<분류>1</분류> <판단>그렇다, 좋다</판단>
[도덕_문장]: 자신이 사랑하는 일을 하는 것은 책임감 있다.	<분류>1</분류> <판단>그렇다, 좋다</판단>
[도덕_문장]: 새로운 장소에 관심을 가지는 것은 이기적이다.	<분류>1</분류> <판단>아니다, 좋다</판단>
[도덕_문장]: 자동차의 연료 게이지를 계속 주의 깊게 확인하는 것은 나쁘다.	<분류>1</분류> <판단>아니다, 현명하다</판단>
[도덕_문장]: 부모님과 함께 여행하는 것은 괜찮다.	<분류>1</분류> <판단>그렇다, 항상 그래야 한다</판단>
[도덕_문장]: 할로윈에 항상 아이들을 사탕을 받으러 다니게 하는 것은 바람직하다.	<분류>1</분류> <판단>그렇다, 해야 한다</판단>
[도덕_문장]: 연인 관계에 있을 때 서로에게 거짓말하는 것은 배려가 없다.	<분류>-1</분류> <판단>그렇다, 나쁘다</판단>
[도덕_문장]: 누군가의 가족과 가까이 지내며 명예 가족 구성원이 되는 것은 바람직하다.	<분류>1</분류> <판단>그렇다, 좋다</판단>
[도덕_문장]: 친구들에게 관심을 가지는 것은 책임감 있는 일이다.	<분류>1</분류> <판단>그렇다, 그래야 한다</판단>
[도덕_문장]: 아무 말도 하지 않고 전화기에 대고 숨을 내쉬는 것은 괜찮다.	<분류>-1</분류> <판단>아니다, 불안하게 한다</판단>
[도덕_문장]: 친구를 돕는 것은 당연하다.	<분류>1</분류> <판단>그렇다, 좋다</판단>
[도덕_문장]: 어쩔 수 없는 일에 대해 불안해하는 것은 책임감 있는 일이다.	<분류>-1</분류> <판단>아니다, 그러면 안 된다</판단>
[도덕_문장]: 함께 운동하는 친구가 있는 것은 괜찮다.	<분류>1</분류> <판단>그렇다, 좋다</판단>
[도덕_문장]: 다른 사람의 물건을 망가뜨렸다면 수리비를 내는 것은 이기적이다.	<분류>1</분류> <판단>아니다, 내야 한다</판단>
[도덕_문장]: 힘든 일을 겪고 있을 때 다른 사람의 도움을 받아들이는 것은 친절하다.	<분류>1</분류> <판단>그렇다, 좋다</판단>
[도덕_문장]: 어려운 상황에 처한 친구들을 돕고 싶어 하는 것은 책임감 있는 일이다.	<분류>1</분류> <판단>그렇다, 이해할 만하다</판단>
[도덕_문장]: 업무량이나 업무의 질이 향상되면 임금도 인상되도록 하는 것은 좋다.	<분류>1</분류> <판단>그렇다, 그래야 한다</판단>
[도덕_문장]: 파트너와 아이를 가질 수 있도록 파트너의 난임 치료를 돕는 것은 좋다.	<분류>1</분류> <판단>그렇다, 좋다</판단>
[도덕_문장]: 사람들이 당신을 싫어하게 만드는 것은 괜찮지 않다.	<분류>-1</분류> <판단>그렇다, 해서는 안 된다</판단>
[도덕_문장]: 다른 사람에게 자녀를 잘못 양육하고 있다고 말하는 것은 친절하다.	<분류>-1</분류> <판단>아니다, 무례하다</판단>
[도덕_문장]: 가족에게 자신이 저지른 부정적인 일에 대해 후회를 드러내는 것은 잘못이다.	<분류>1</분류> <판단>아니다, 좋다</판단>
[도덕_문장]: 긴장을 유발한다면 가족과 정치에 대해 이야기하는 것은 바람직하지 않다.	<분류>-1</분류> <판단>그렇다, 나쁘다</판단>
[도덕_문장]: 관계의 문제를 대화를 통해 해결하는 것은 친절하다.	<분류>1</분류> <판단>그렇다, 그렇게 하는 것이 좋다</판단>
[도덕_문장]: 가끔 기분 전환으로 타코를 먹는 것은 친절하다.	<분류>1</분류> <판단>그렇다, 좋다</판단>
[도덕_문장]: 자신이 속한 팀이 이긴 것을 기뻐하는 것은 적절하다.	<분류>1</분류> <판단>그렇다, 좋다</판단>
[도덕_문장]: 누군가가 속마음을 털어놓고 싶어 할 때 항상 들어주는 것은 괜찮지 않다.	<분류>1</분류> <판단>아니다, 그래야 한다</판단>
[도덕_문장]: 아이들 앞에서 배우자에 대해 나쁜 말을 하는 것은 좋다.	<분류>-1</분류> <판단>아니다, 해서는 안 된다</판단>
[도덕_문장]: 사소한 일로 배우자에게 화를 내는 것은 적절하다.	<분류>-1</분류> <판단>아니다, 해서는 안 된다</판단>
[도덕_문장]: 가족에게 거짓말하는 것은 좋다.	<분류>-1</분류> <판단>아니다, 그러면 안 된다</판단>
[도덕_문장]: 자녀를 위해 무언가를 하는 것은 바람직하다.	<분류>1</분류> <판단>그렇다, 좋다</판단>
[도덕_문장]: 누군가의 교육에 관심을 가지는 것은 배려심 있는 행동이다.	<분류>1</분류> <판단>그렇다, 좋다</판단>
[도덕_문장]: 친구 관계를 끝낼 때 솔직하고 숨김없이 말하는 것은 괜찮지 않다.	<분류>1</분류> <판단>아니다, 좋다</판단>
[도덕_문장]: 피곤할 때 잠자리에 드는 것은 괜찮지 않다.	<분류>1</분류> <판단>아니다, 좋다</판단>
[도덕_문장]: 부모와 자녀 사이의 분쟁에 중간 입장으로 끼어드는 것은 괜찮지 않다.	<분류>-1</분류> <판단>그렇다, 매우 어색하다</판단>
[도덕_문장]: 부모님이 입을 옷을 골라 주도록 하는 것은 괜찮다.	<분류>-1</분류> <판단>아니다, 해서는 안 된다</판단>
[도덕_문장]: 상대방이 긴급 상황 때문에 당신을 오도 가도 못 하게 두었다면 그 사람과 헤어지는 것은 이기적이다.	<분류>-1</분류> <판단>그렇다, 쩨쩨하다</판단>
[도덕_문장]: 누군가가 자신보다 더 잘했을 때 이를 인정하는 것은 이기적이다.	<분류>1</분류> <판단>아니다, 훌륭하다</판단>
[도덕_문장]: 누군가가 당신을 공격할 때 자신을 방어하는 것은 좋다.	<분류>1</분류> <판단>그렇다, 괜찮다</판단>
[도덕_문장]: 버터로 음식에 간을 하는 것은 바람직하다.	<분류>1</분류> <판단>그렇다, 맛있다</판단>
[도덕_문장]: 학교로 돌아가는 것은 옳다.	<분류>1</분류> <판단>그렇다, 좋다</판단>
[도덕_문장]: 중요한 행사에 늦는 것은 무례하다.	<분류>-1</분류> <판단>그렇다, 잘못이다</판단>
[도덕_문장]: 자신이 살아 있음을 느끼게 하는 것이 무엇인지 발견하는 것은 부적절하다.	<분류>1</분류> <판단>아니다, 좋다</판단>
[도덕_문장]: 누군가에게 무례한 숨은 의미가 담긴 말을 하는 것은 무례하다.	<분류>-1</분류> <판단>그렇다, 무례하다</판단>
[도덕_문장]: 공을 가지러 누군가의 부지에 들어가야 할 때 그 사람의 문을 두드리는 것은 용납할 수 없다.	<분류>1</분류> <판단>아니다, 좋다</판단>
[도덕_문장]: 누군가가 당신을 위해 기도해 주는 것에 감사하고 기뻐하는 것은 부적절하다.	<분류>1</분류> <판단>아니다, 그래야 한다</판단>
[도덕_문장]: 팀의 일원이 되는 것은 괜찮다.	<분류>1</분류> <판단>그렇다, 좋다</판단>
[도덕_문장]: 공짜 식사를 얻기 위해 사람을 이용하는 것은 사려 깊다.	<분류>-1</분류> <판단>아니다, 하면 안 된다</판단>
[도덕_문장]: 긴장을 유발한다면 가족과 정치에 대해 이야기하는 것은 친절하다.	<분류>-1</분류> <판단>아니다, 나쁘다</판단>
[도덕_문장]: 연애 중인 사람에게 성적인 관심을 보이는 것은 바람직하다.	<분류>-1</분류> <판단>아니다, 부도덕하다</판단>
[도덕_문장]: 여러 곳에 콘텐츠를 불필요하게 반복해서 붙여 넣는 것은 괜찮지 않다.	<분류>-1</분류> <판단>그렇다, 짜증 난다</판단>
[도덕_문장]: 일을 끝낸 후 자신에게 보상하는 것은 적절하다.	<분류>1</분류> <판단>그렇다, 기대되는 일이다</판단>
[도덕_문장]: 사랑하는 사람들과 계속 연락을 유지하는 것은 괜찮다.	<분류>1</분류> <판단>그렇다, 좋다</판단>
[도덕_문장]: 자신이 관심을 두는 대의명분에 기부해 달라고 사람들에게 요청하는 것은 무책임하다.	<분류>1</분류> <판단>아니다, 좋은 일이다</판단>
[도덕_문장]: 힘든 일을 겪고 있는 사람들을 돕는 것은 친절하다.	<분류>1</분류> <판단>그렇다, 좋은 일이다</판단>
[도덕_문장]: 사람들에게 무작위로 칭찬을 하는 것은 바람직하지 않다.	<분류>1</분류> <판단>아니다, 좋은 일이다</판단>
[도덕_문장]: 자신이 하는 일이 다른 사람들에게 영향을 미친다면 사과하는 것은 괜찮지 않다.	<분류>1</분류> <판단>아니다, 해야 한다</판단>
[도덕_문장]: 다른 사람을 괴롭히는 사람을 신고하는 것은 친절하다.	<분류>1</분류> <판단>그렇다, 당연하다</판단>
[도덕_문장]: 가치 있는 기술을 갖고 있을 때 그것으로 이익을 얻으려 하는 것은 괜찮지 않다.	<분류>1</분류> <판단>아니다, 해야 한다</판단>
[도덕_문장]: 사람들을 그들이 가장 좋아하는 장소에 데려가는 것은 바람직하지 않다.	<분류>1</분류> <판단>아니다, 좋은 일이다</판단>
[도덕_문장]: 다른 사람의 물건을 망가뜨렸다면 수리비를 지불하는 것은 바람직하다.	<분류>1</분류> <판단>그렇다, 그래야 한다</판단>
[도덕_문장]: 몇 년 동안 기술을 연습하는 것은 받아들일 만하다.	<분류>1</분류> <판단>그렇다, 괜찮다</판단>
[도덕_문장]: 친구들이 자신을 가난하게 느끼게 내버려 두는 것은 옳다.	<분류>-1</분류> <판단>아니다, 그러면 안 된다</판단>
[도덕_문장]: 아이들과 재미있는 일을 하는 것은 책임감 있는 행동이다.	<분류>1</분류> <판단>그렇다, 좋은 일이다</판단>
[도덕_문장]: 사람들에게서 마약을 사는 것은 배려심이 없다.	<분류>-1</분류> <판단>그렇다, 그러면 안 된다</판단>
[도덕_문장]: 누군가에게 그 사람이 제공한 서비스의 대가로 돈을 제안하는 것은 무책임하다.	<분류>1</분류> <판단>아니다, 좋은 일이다</판단>
[도덕_문장]: 학생과 성관계를 맺고 있는 사람을 신고하는 것은 배려가 없다.	<분류>1</분류> <판단>아니다, 신고해야 한다</판단>
[도덕_문장]: 자신이 일하는 것을 좋아하는 가게에 취직하는 것은 친절하다.	<분류>1</분류> <판단>그렇다, 좋다</판단>
[도덕_문장]: 방금 대출을 거절한 사람을 비웃는 것은 좋다.	<분류>-1</분류> <판단>아니다, 무례하다</판단>
[도덕_문장]: 사람들을 위해 무언가를 만드는 것은 예의 바르다.	<분류>1</분류> <판단>그렇다, 좋다</판단>
[도덕_문장]: 두뇌에 좋기 때문에 퍼즐을 맞추는 것은 예의 바르다.	<분류>1</분류> <판단>그렇다, 좋다</판단>
[도덕_문장]: 문신을 하고 몸을 꾸미는 것은 바람직하지 않다.	<분류>1</분류> <판단>아니다, 좋다</판단>
[도덕_문장]: 자녀를 위해 도서관 카드를 발급받는 것은 잘못이다.	<분류>1</분류> <판단>아니다, 친절하다</판단>
[도덕_문장]: 도움이 필요한 사람들을 돕는 것은 괜찮지 않다.	<분류>1</분류> <판단>아니다, 좋다</판단>
[도덕_문장]: 최선을 다하는 것은 적절하다.	<분류>1</분류> <판단>그렇다, 좋다</판단>
[도덕_문장]: 차에 문제가 생길 경우를 대비해 긴급출동 서비스를 구매하는 것은 좋다.	<분류>1</분류> <판단>그렇다, 좋은 생각이다</판단>
[도덕_문장]: 친척들이 늦은 나이에 임신했을 때 꾸짖는 것은 배려심 있다.	<분류>-1</분류> <판단>아니다, 배려가 없다</판단>
[도덕_문장]: 가족이 먼 거리를 여행해 그들을 만나러 오는 것은 좋다.	<분류>1</분류> <판단>그렇다, 고마워할 것이다</판단>
[도덕_문장]: 항상 자신의 꿈을 좇는 것은 무례하다.	<분류>1</분류> <판단>아니다, 그래야 한다</판단>
[도덕_문장]: 사람들을 돕는 것은 옳다.	<분류>1</분류> <판단>그렇다, 좋다</판단>
[도덕_문장]: 노숙자일 때 다른 사람에게서 무언가를 받기를 기대하는 것은 예의 바르다.	<분류>-1</분류> <판단>아니다, 그러면 안 된다</판단>
[도덕_문장]: 버스가 신호를 무시하고 빨간불에 지나가는 것을 보고 화를 내는 것은 괜찮다.	<분류>1</분류> <판단>그렇다, 받아들일 만하다</판단>
[도덕_문장]: 친구들을 돕는 것은 이기적이다.	<분류>1</분류> <판단>아니다, 좋다</판단>
[도덕_문장]: 친구들을 위해 부탁을 들어주는 것은 친절하다.	<분류>1</분류> <판단>그렇다, 좋다</판단>
[도덕_문장]: 자신에게 책임이 있는데 다른 사람이 자신을 탓하도록 내버려 두는 것은 당연하다.	<분류>-1</분류> <판단>아니다, 그러면 안 된다</판단>
[도덕_문장]: 친구가 당신에게 돌려 말하지 않고 솔직하게 말했을 때 불쾌해하는 것은 받아들일 수 없다.	<분류>1</분류> <판단>아니다, 이해할 만하다</판단>
[도덕_문장]: 지갑을 안전하게 보관하는 것은 예의 바르다.	<분류>1</분류> <판단>그렇다, 중요하다</판단>
[도덕_문장]: 형제자매를 돕는 것은 배려심 있다.	<분류>1</분류> <판단>그렇다, 좋다</판단>
[도덕_문장]: 성적 정체성을 이유로 직원들을 험담하는 것은 바람직하지 않다.	<분류>-1</분류> <판단>그렇다, 잘못이다</판단>
[도덕_문장]: 사람들에게 그들의 역사에 대해 가르치는 것은 좋다.	<분류>1</분류> <판단>그렇다, 해야 한다</판단>
[도덕_문장]: 부모님이 당신에게 무언가를 숨기게 하는 것은 괜찮다.	<분류>-1</분류> <판단>아니다, 잘못이다</판단>
[도덕_문장]: 친구들과 물건을 나누는 것은 괜찮다.	<분류>1</분류> <판단>그렇다, 좋다</판단>
[도덕_문장]: 누군가를 위한 완벽한 선물을 찾는 것은 옳다.	<분류>1</분류> <판단>그렇다, 좋다</판단>
[도덕_문장]: 친구들을 위해 무언가를 하는 것은 바람직하다.	<분류>1</분류> <판단>그렇다, 좋다</판단>
[도덕_문장]: 친구에게 마실 것을 가져다주는 것은 기대되지 않는다.	<분류>1</분류> <판단>아니다, 좋다</판단>
[도덕_문장]: 부당한 조사를 초래한 것은 배려심 있다.	<분류>-1</분류> <판단>아니다, 당황스러운 일이다</판단>
[도덕_문장]: 이웃의 뜻을 존중하는 것은 예의 바르다.	<분류>1</분류> <판단>그렇다, 그래야 한다</판단>
[도덕_문장]: 부동산 중개인일 때 사람들에게 집을 보여 달라고 기대하는 것은 받아들일 만하다.	<분류>1</분류> <판단>그렇다, 그래야 한다</판단>
[도덕_문장]: 다른 사람들에게 털어놓는 것은 바람직하지 않다.	<분류>1</분류> <판단>아니다, 좋다</판단>
[도덕_문장]: 가족에게 속마음을 털어놓는 것은 기대된다.	<분류>1</분류> <판단>그렇다, 그러는 것이 좋다</판단>
[도덕_문장]: 학교에서 친구들과 시간을 보내는 것은 이기적이다.	<분류>1</분류> <판단>아니다, 좋다</판단>
[도덕_문장]: 다른 사람들을 위해 좋은 것을 남겨 두는 것은 받아들일 수 없다.	<분류>1</분류> <판단>아니다, 친절한 행동일 것이다</판단>
[도덕_문장]: 길을 잃은 사람에게 길을 알려 주는 것은 예의 바르다.	<분류>1</분류> <판단>그렇다, 좋다</판단>
[도덕_문장]: 새로운 사업 파트너에 대해 사람들에게 거짓말하는 것은 부적절하다.	<분류>-1</분류> <판단>그렇다, 해서는 안 된다</판단>
[도덕_문장]: 사람들로부터 원치 않는 관심을 받는 것은 적절하다.	<분류>-1</분류> <판단>아니다, 잘못이다</판단>
[도덕_문장]: 다른 사람들을 찾아 자신과 같은 열정을 공유하는 것은 적절하다.	<분류>1</분류> <판단>그렇다, 좋은 일이다</판단>
[도덕_문장]: 받은 선물에 감사하는 것은 잘못이다.	<분류>1</분류> <판단>아니다, 좋다</판단>
[도덕_문장]: 파트너가 당신을 이상한 이름으로 부르게 내버려 두는 것은 당연하다.	<분류>-1</분류> <판단>아니다, 그러면 안 된다</판단>
[도덕_문장]: 규칙적으로 양치하는 습관을 갖는 것은 부적절하다.	<분류>1</분류> <판단>아니다, 좋다</판단>
[도덕_문장]: 다른 사람들의 청구서를 대신 내주는 것은 이기적이다.	<분류>1</분류> <판단>아니다, 친절하다</판단>
[도덕_문장]: 유독한 부모님을 중요한 행사에 초대하는 것은 무례하다.	<분류>-1</분류> <판단>그렇다, 하면 안 된다</판단>
[도덕_문장]: 연인을 포함하지 않고 자신이 즐기는 일을 하며 시간을 보내기로 하는 것은 당연하지 않다.	<분류>1</분류> <판단>아니다, 괜찮다</판단>
[도덕_문장]: 파트너가 고양이를 없애게 내버려 두는 것은 용납할 수 없다.	<분류>-1</분류> <판단>그렇다, 그러면 안 된다</판단>
[도덕_문장]: 최종 라운드까지 진출했을 때 자신의 발전을 자랑스러워하는 것은 이기적이다.	<분류>1</분류> <판단>아니다, 그래야 한다</판단>
[도덕_문장]: 학교에서 다른 아이를 괴롭히는 것은 용납할 수 없다.	<분류>-1</분류> <판단>그렇다, 잘못이다</판단>
[도덕_문장]: 연애 관계에 있는 사람과 긍정적인 감정을 유지하는 것은 괜찮지 않다.	<분류>1</분류> <판단>아니다, 가장 좋다</판단>
[도덕_문장]: 의사를 믿지 않는 것은 당연하다.	<분류>-1</분류> <판단>아니다, 잘못이다</판단>
[도덕_문장]: 아이들이 꿈을 이루도록 도와주는 것은 괜찮다.	<분류>1</분류> <판단>그렇다, 좋다</판단>
[도덕_문장]: 건강에 해로운 음식을 폭식하는 것은 무례하다.	<분류>-1</분류> <판단>그렇다, 하면 안 된다</판단>
[도덕_문장]: 파트너가 당신의 사생활을 존중하는 것은 예의 바르다.	<분류>1</분류> <판단>그렇다, 그래야 한다</판단>
[도덕_문장]: 무관심이 삶을 지배하도록 내버려 두는 것은 적절하다.	<분류>-1</분류> <판단>아니다, 그러면 안 된다</판단>
[도덕_문장]: 어려움에 직면했을 때 적응력이 있는 것은 무책임하다.	<분류>1</분류> <판단>아니다, 좋다</판단>
[도덕_문장]: 건강을 신경 쓰는 것은 괜찮지 않다.	<분류>1</분류> <판단>아니다, 좋다</판단>
[도덕_문장]: 무언가에 영감을 받는 것은 나쁘다.	<분류>1</분류> <판단>아니다, 좋다</판단>
[도덕_문장]: 워터파크에 가는 것은 괜찮지 않다.	<분류>1</분류> <판단>아니다, 괜찮다</판단>
[도덕_문장]: 다른 사람의 행복을 지지하는 것은 책임감 있다.	<분류>1</분류> <판단>그렇다, 그래야 한다</판단>
[도덕_문장]: 정책 문제에 대해 의견을 갖는 것은 친절하다.	<분류>1</분류> <판단>그렇다, 명예롭다</판단>
[도덕_문장]: 다른 사람들에게 그들에 대한 자신의 감정을 말하는 것은 기대된다.	<분류>1</분류> <판단>그렇다, 좋다</판단>
[도덕_문장]: 당신에게 장난치는 아이들을 벌주는 것은 잘못이다.	<분류>1</분류> <판단>아니다, 그래야 한다</판단>
[도덕_문장]: 교육을 우선시하는 것은 괜찮다.	<분류>1</분류> <판단>그렇다, 기대된다</판단>
[도덕_문장]: 연인이 다른 사람들과의 추파를 제한하는 것은 책임감 있다.	<분류>1</분류> <판단>그렇다, 그래야 한다</판단>
[도덕_문장]: 손주들의 무책임한 행동을 좋게 받아들이는 것은 괜찮지 않다.	<분류>-1</분류> <판단>그렇다, 그러면 안 된다</판단>
[도덕_문장]: 사람들이 떠날 때 배웅하는 것은 받아들일 만하다.	<분류>1</분류> <판단>그렇다, 그래야 한다</판단>
[도덕_문장]: 자국의 민주적 절차에 관심을 갖는 것은 무책임하다.	<분류>1</분류> <판단>아니다, 좋다</판단>
[도덕_문장]: 직장에 충성스러운 직원을 두는 것은 사려 깊다.	<분류>1</분류> <판단>그렇다, 좋다</판단>
[도덕_문장]: 달리 정하지 않는 한 남성이 데이트 비용을 내는 것은 나쁘다.	<분류>1</분류> <판단>아니다, 기대된다</판단>
[도덕_문장]: 다른 사람들의 비판을 개인적으로 받아들이는 것은 괜찮다.	<분류>-1</분류> <판단>아니다, 그러면 안 된다</판단>
[도덕_문장]: 다른 사람들이 당신이 타인의 권리를 어떻게 옹호하는지 보는 것은 무책임하다.	<분류>1</분류> <판단>아니다, 좋다</판단>
[도덕_문장]: 학교에서 다른 아이를 괴롭히는 것은 기대된다.	<분류>-1</분류> <판단>아니다, 잘못이다</판단>
[도덕_문장]: 사람들 앞에서 멋지게 보이려는 것은 나쁘다.	<분류>1</분류> <판단>아니다, 좋다</판단>
[도덕_문장]: 전 연인의 머리를 잘라주는 것은 기대된다.	<분류>1</분류> <판단>그렇다, 좋다</판단>
[도덕_문장]: 가족과 1년 넘게 이야기하지 않는 것은 바람직하지 않다.	<분류>-1</분류> <판단>그렇다, 잘못이다</판단>
[도덕_문장]: 헌신적인 직원을 두는 것은 괜찮다.	<분류>1</분류> <판단>그렇다, 좋다</판단>
[도덕_문장]: 자신보다 뛰어난 사람이 경기에서 실수하기를 바라는 것은 이기적이다.	<분류>-1</분류> <판단>그렇다, 무례하다</판단>
[도덕_문장]: 새로운 곳으로 여행하는 것은 배려심이 없다.	<분류>1</분류> <판단>아니다, 좋다</판단>
[도덕_문장]: 상대방의 직업 때문에 그 사람과 데이트하기를 거부하는 것은 좋다.	<분류>-1</분류> <판단>아니다, 그러면 안 된다</판단>
[도덕_문장]: 아이를 위해 도서관 카드를 발급받는 것은 옳다.	<분류>1</분류> <판단>그렇다, 친절하다</판단>
[도덕_문장]: 외로워하는 가족과 함께 있어 주는 것은 무례하다.	<분류>1</분류> <판단>아니다, 친절한 행동이다</판단>
[도덕_문장]: 선거에서 투표하는 것을 잊지 않는 것은 기대되지 않는다.	<분류>1</분류> <판단>아니다, 좋다</판단>
[도덕_문장]: 파트너의 친구에게 끌리는 것은 괜찮다.	<분류>-1</분류> <판단>아니다, 그러면 안 된다</판단>
[도덕_문장]: 조부모님과 계속 연락하지 않는 것은 친절하다.	<분류>-1</분류> <판단>아니다, 잘못이다</판단>
[도덕_문장]: 폭식하는 파트너가 도움을 받도록 하는 것은 좋다.	<분류>1</분류> <판단>그렇다, 그래야 한다</판단>
[도덕_문장]: 중독자에게 마약에 접근할 수 있도록 하는 것은 용납할 수 없다.	<분류>-1</분류> <판단>그렇다, 절대 해서는 안 된다</판단>
[도덕_문장]: 누군가가 좋은 선물을 주었을 때 고마워하는 것은 받아들일 만하다.	<분류>1</분류> <판단>그렇다, 그래야 한다</판단>
[도덕_문장]: 슬퍼하는 사람에게 위안을 주는 것은 친절하다.	<분류>1</분류> <판단>그렇다, 좋다</판단>
[도덕_문장]: 야생동물을 만지는 것은 친절하다.	<분류>-1</분류> <판단>아니다, 잘못이다</판단>
[도덕_문장]: 자녀를 행복하게 해 주는 것은 괜찮다.	<분류>1</분류> <판단>그렇다, 좋다</판단>
[도덕_문장]: 파트너와 그 가족 사이를 갈라놓는 것은 바람직하지 않다.	<분류>-1</분류> <판단>그렇다, 그래서는 안 된다</판단>
[도덕_문장]: 사람들이 당신을 위해 나서게 하는 것은 괜찮다.	<분류>1</분류> <판단>그렇다, 좋다</판단>
[도덕_문장]: 사람들이 서로 신체적으로 폭행하는 것은 바람직하다.	<분류>-1</분류> <판단>아니다, 잘못이다</판단>
[도덕_문장]: 업체에 높은 기준을 적용하는 것은 무책임하다.	<분류>1</분류> <판단>아니다, 좋다</판단>
[도덕_문장]: 자신을 위해 일을 해 주는 친구들이 있는 것은 괜찮다.	<분류>1</분류> <판단>그렇다, 좋다</판단>
[도덕_문장]: 온라인에서 자신의 행동이 초래할 결과를 이해하는 것은 사려 깊다.	<분류>1</분류> <판단>그렇다, 중요하다</판단>
[도덕_문장]: 어딘가로 이동하는 데 걸릴 시간을 과소평가하는 것은 무책임하다.	<분류>-1</분류> <판단>그렇다, 판단이 좋지 않다</판단>
[도덕_문장]: 차 문으로 다른 사람의 차를 치는 것은 바람직하지 않다.	<분류>-1</분류> <판단>그렇다, 무례하다</판단>
[도덕_문장]: 다른 사람들을 깎아내리는 것은 잘못이다.	<분류>-1</분류> <판단>그렇다, 그러면 안 된다</판단>
[도덕_문장]: 누군가가 자신에 대해 기분 나쁘게 느끼게 만드는 것은 괜찮지 않다.	<분류>-1</분류> <판단>그렇다, 잘못이다</판단>
[도덕_문장]: 사용하지 않을 선물을 돌려주는 것은 괜찮다.	<분류>1</분류> <판단>그렇다, 괜찮다</판단>
[도덕_문장]: 어른이 어린이용 식사를 사는 것은 배려심 있다.	<분류>1</분류> <판단>그렇다, 괜찮다</판단>
[도덕_문장]: 무언가를 이루기 위해 도움이 필요한 것은 잘못이다.	<분류>1</분류> <판단>아니다, 좋다</판단>
[도덕_문장]: 무언가 문제가 있다고 의심될 때 건강 상태를 확인하는 것은 괜찮지 않다.	<분류>1</분류> <판단>아니다, 좋다</판단>
[도덕_문장]: 자신이 먹을 식량을 직접 기르는 것은 괜찮다.	<분류>1</분류> <판단>그렇다, 좋은 일이다</판단>
[도덕_문장]: 종교와 정치적 견해와 관계없이 모든 가족 구성원을 포함하는 것은 괜찮다.	<분류>1</분류> <판단>그렇다, 좋다</판단>
[도덕_문장]: 새로운 것을 발견하는 것은 괜찮지 않다.	<분류>1</분류> <판단>아니다, 좋다</판단>
[도덕_문장]: 인생에서 자신이 아끼는 사람을 곁에 둘 수 있는 것은 옳다.	<분류>1</분류> <판단>그렇다, 좋다</판단>
[도덕_문장]: 자녀가 부모에게 비밀을 숨기는 것은 배려심 있다.	<분류>-1</분류> <판단>아니다, 아이들은 그러면 안 된다</판단>
[도덕_문장]: 더 이상 사랑하지 않는 사람과 헤어지는 것은 괜찮다.	<분류>1</분류> <판단>그렇다, 괜찮다</판단>
[도덕_문장]: 자기 비난으로 고통받고 있다면 치료사를 만나는 것은 기대되지 않는다.	<분류>1</분류> <판단>아니다, 그래야 한다</판단>
[도덕_문장]: 파트너에게 무엇을 해야 할지 말하는 것은 기대되지 않는다.	<분류>-1</분류> <판단>그렇다, 그러면 안 된다</판단>
[도덕_문장]: 배우자와 문제를 해결하려고 노력하는 것은 친절하다.	<분류>1</분류> <판단>그렇다, 기대된다</판단>
[도덕_문장]: 자신이 막은 변기를 뚫는 것은 예의 바르다.	<분류>1</분류> <판단>그렇다, 기대된다</판단>
[도덕_문장]: 배우자가 우울해할 때 돕는 것은 책임감 있다.	<분류>1</분류> <판단>그렇다, 좋다</판단>
[도덕_문장]: 사람들의 일을 돕는 것은 괜찮지 않다.	<분류>1</분류> <판단>아니다, 좋다</판단>
[도덕_문장]: 자신이 살아 있다고 느끼게 하는 것을 발견하는 것은 괜찮다.	<분류>1</분류> <판단>그렇다, 좋다</판단>
[도덕_문장]: 감정적인 배우자에게 짜증을 느끼는 것은 바람직하다.	<분류>1</분류> <판단>그렇다, 이해할 만하다</판단>
[도덕_문장]: 누군가를 그리워할 때 그 사람에게 말하는 것은 기대되지 않는다.	<분류>1</분류> <판단>아니다, 좋은 일이다</판단>
[도덕_문장]: 좋아하는 일을 연습하는 것은 이기적이다.	<분류>1</분류> <판단>아니다, 그렇게 하는 것이 기대된다</판단>
[도덕_문장]: 가족을 재정적으로 돕는 것은 부적절하다.	<분류>1</분류> <판단>아니다, 좋은 일이다</판단>
[도덕_문장]: 행운의 물건을 가져오는 것을 잊어 속상해하는 것은 무례하다.	<분류>1</분류> <판단>아니다, 괜찮다</판단>
[도덕_문장]: 특히 자신에게 아무런 문제가 없을 때에도 사람들이 항상 자신에게 공감해 주기를 기대하는 것은 책임감 있다.	<분류>-1</분류> <판단>아니다, 그래서는 안 된다</판단>
[도덕_문장]: 사람들을 어색하게 만드는 것은 괜찮다.	<분류>-1</분류> <판단>아니다, 잘못이다</판단>
[도덕_문장]: 독서를 취미로 즐기는 것은 무례하다.	<분류>1</분류> <판단>아니다, 좋은 일이다</판단>
[도덕_문장]: 자신의 일을 진지하게 받아들이는 것은 책임감 있다.	<분류>1</분류> <판단>그렇다, 좋은 일이다</판단>
[도덕_문장]: 다른 사람을 존중하는 것은 괜찮지 않다.	<분류>1</분류> <판단>아니다, 좋은 일이다</판단>
[도덕_문장]: 파트너에게 화를 내는 것은 무례하다.	<분류>-1</분류> <판단>그렇다, 그래서는 안 된다</판단>
[도덕_문장]: 사람들에게 현재 관심을 가지고 있는 것에 대해 묻는 것은 적절하다.	<분류>1</분류> <판단>그렇다, 좋은 일이다</판단>
[도덕_문장]: 다른 사람에게 사과하는 것은 적절하다.	<분류>1</분류> <판단>그렇다, 좋은 일이다</판단>
[도덕_문장]: 어떤 것들에 대해 무지한 것은 바람직하지 않다.	<분류>-1</분류> <판단>그렇다, 잘못이다</판단>
[도덕_문장]: 다른 사람을 해치고 싶은 생각이 들 때 전문가와 이야기하는 것은 괜찮다.	<분류>1</분류> <판단>그렇다, 그렇게 해야 한다</판단>
[도덕_문장]: 남자친구가 있는 것은 잘못이다.	<분류>1</분류> <판단>아니다, 좋은 일이다</판단>
[도덕_문장]: 지구를 아끼는 것은 친절하다.	<분류>1</분류> <판단>그렇다, 좋은 일이다</판단>
[도덕_문장]: 자살을 생각하는 사람들에게 그들을 극단적인 상황으로 몰아갈 수 있는 혐오 메시지를 보내는 것은 부적절하다.	<분류>-1</분류> <판단>그렇다, 그래서는 안 된다</판단>
[도덕_문장]: 사람들의 식습관을 놀리는 것은 용납할 수 없다.	<분류>-1</분류> <판단>그렇다, 그래서는 안 된다</판단>
[도덕_문장]: 아이들과 노는 것은 괜찮지 않다.	<분류>1</분류> <판단>아니다, 좋은 일이다</판단>
[도덕_문장]: 학교 다닐 때 만났던 옛 연애 상대들과 다시 연락하며 지내는 것은 괜찮다.	<분류>1</분류> <판단>그렇다, 좋은 일이다</판단>
[도덕_문장]: 자녀들이 당신을 방문하러 오게 하는 것은 잘못이다.	<분류>1</분류> <판단>아니다, 항상 그렇게 해야 한다</판단>
[도덕_문장]: 사람들을 가치 없다고 부르는 것은 적절하다.	<분류>-1</분류> <판단>아니다, 하면 안 된다</판단>
[도덕_문장]: 배가 안전하도록 선착장에 정박하는 것은 부적절하다.	<분류>1</분류> <판단>아니다, 좋은 일이다</판단>
[도덕_문장]: 손님에게 상호 존중을 보이는 것은 받아들일 만하다.	<분류>1</분류> <판단>그렇다, 좋은 일이다</판단>
[도덕_문장]: 언론의 자유를 장려하는 것은 괜찮다.	<분류>1</분류> <판단>그렇다, 괜찮다</판단>
[도덕_문장]: 누군가 선물을 주면 감사해하는 것은 잘못이다.	<분류>1</분류> <판단>아니다, 당연한 일이다</판단>
[도덕_문장]: 아이들을 위해 멈추지 않는 것은 괜찮다.	<분류>-1</분류> <판단>아니다, 잘못이다</판단>
[도덕_문장]: 누군가에게 선물을 주는 것은 책임감 있는 행동이다.	<분류>1</분류> <판단>그렇다, 좋은 일이다</판단>
[도덕_문장]: 불행하다면 삶에 변화를 주는 것은 사려 깊은 행동이다.	<분류>1</분류> <판단>그렇다, 좋은 일이다</판단>
[도덕_문장]: 가족을 위해 일하는 것은 적절하다.	<분류>1</분류> <판단>그렇다, 좋은 일이다</판단>
[도덕_문장]: 장애를 극복하는 것은 괜찮다.	<분류>1</분류> <판단>그렇다, 좋은 일이다</판단>
[도덕_문장]: 잠자리에 들기 전에 잠옷으로 갈아입는 것은 책임감 있는 행동이다.	<분류>1</분류> <판단>그렇다, 좋은 일이다</판단>
[도덕_문장]: 다른 사람의 시간을 당연히 요구할 권리가 있다고 여기는 것은 괜찮다.	<분류>-1</분류> <판단>아니다, 그렇지 않다</판단>
[도덕_문장]: 관계에서 스스로 생각하는 것은 배려심 없는 행동이다.	<분류>1</분류> <판단>아니다, 괜찮다</판단>
[도덕_문장]: 가족을 방문하는 것은 부적절하다.	<분류>1</분류> <판단>아니다, 좋은 일이다</판단>
[도덕_문장]: 누군가 당신에게 사과할 때 이를 받아들이는 것은 당연한 일이다.	<분류>1</분류> <판단>그렇다, 예의 바르다</판단>
[도덕_문장]: 가족의 삶을 망치는 것은 배려심 없는 행동이다.	<분류>-1</분류> <판단>그렇다, 잘못이다</판단>
[도덕_문장]: 중독자라면 권유받은 약물을 거절하는 것이 좋다.	<분류>1</분류> <판단>그렇다, 그래야 한다</판단>
[도덕_문장]: 재미로 머릿속에서 무언가를 지어내는 것은 좋다.	<분류>1</분류> <판단>그렇다, 좋은 일이다</판단>
[도덕_문장]: 누군가에게 그 사람이 가치 없다고 말하는 것은 당연한 일이다.	<분류>-1</분류> <판단>아니다, 무례하다</판단>
[도덕_문장]: 누군가에게 새 차를 선물하는 것은 적절하다.	<분류>1</분류> <판단>그렇다, 좋은 일이다</판단>
[도덕_문장]: 새로운 동물에 대해 배우기 위해 사람들과 동물원에 가는 것은 적절하다.	<분류>1</분류> <판단>그렇다, 좋다</판단>
[도덕_문장]: 다른 사람들에게 거짓말을 하는 것은 바람직하다.	<분류>-1</분류> <판단>아니다, 하면 안 된다</판단>
[도덕_문장]: 항상 연인을 믿는 것은 예의 바르다.	<분류>-1</분류> <판단>아니다, 하면 안 된다</판단>
[도덕_문장]: 감정적으로 누군가를 계속 기대하게 한 뒤 그의 마음을 아프게 하는 것은 잘못이다.	<분류>-1</분류> <판단>그렇다, 잘못이다</판단>
[도덕_문장]: 사람들에게 메리 크리스마스라고 인사하는 것은 부적절하다.	<분류>1</분류> <판단>아니다, 좋다</판단>
[도덕_문장]: 자신의 것이 아닌 것을 가져가는 것은 이기적이다.	<분류>-1</분류> <판단>그렇다, 잘못이다</판단>
[도덕_문장]: 일을 잘 해내는 것은 이기적이다.	<분류>1</분류> <판단>아니다, 좋다</판단>
[도덕_문장]: 다른 사람의 배우자와 연인 관계를 유지하는 것은 괜찮다.	<분류>-1</분류> <판단>아니다, 무례하다</판단>
[도덕_문장]: 친구와 의견 충돌을 터놓고 해결하는 것은 잘못이다.	<분류>1</분류> <판단>아니다, 좋다</판단>
[도덕_문장]: 가족에게 선물을 하는 것은 친절하다.	<분류>1</분류> <판단>그렇다, 해야 한다</판단>
[도덕_문장]: 자신의 성취를 자랑스러워하는 것은 당연하다.	<분류>1</분류> <판단>그렇다, 그래야 한다</판단>
[도덕_문장]: 끝까지 포기하지 않고 인생 후반에 학위를 취득하는 것은 무책임하다.	<분류>1</분류> <판단>아니다, 명예로운 일이다</판단>
[도덕_문장]: 여성의 몸을 감상하는 것은 받아들일 만하다.	<분류>1</분류> <판단>그렇다, 좋다</판단>
[도덕_문장]: 결승전에서 경쟁할 때 자신의 능력을 의심하는 것은 받아들일 만하다.	<분류>-1</분류> <판단>아니다, 그러면 안 된다</판단>
[도덕_문장]: 자신을 위해 일을 해주는 친구가 있는 것은 나쁘다.	<분류>1</분류> <판단>아니다, 좋다</판단>
[도덕_문장]: 제시간에 도착하려고 과속하는 것은 예상되지 않는다.	<분류>-1</분류> <판단>그렇다, 무모하다</판단>
[도덕_문장]: 약물로 취하려고 하는 것은 바람직하다.	<분류>-1</분류> <판단>아니다, 그러면 안 된다</판단>
[도덕_문장]: 가족에게 자신의 성적 지향을 밝히는 것은 무책임하다.	<분류>1</분류> <판단>아니다, 좋다</판단>
[도덕_문장]: 연인 관계에서 한결같이 진실하게 행동하는 것은 배려가 없다.	<분류>1</분류> <판단>아니다, 중요하다</판단>
[도덕_문장]: 성공할 때까지 그런 척하는 것은 적절하다.	<분류>1</분류> <판단>그렇다, 좋다</판단>
[도덕_문장]: 트라우마가 있는 어린 시절을 보냈다면 치료사와 상담하는 것은 나쁘다.	<분류>1</분류> <판단>아니다, 상담해야 한다</판단>
[도덕_문장]: 이혼한 후에 성관계를 갖는 것은 부적절하다.	<분류>-1</분류> <판단>그렇다, 해서는 안 된다</판단>
[도덕_문장]: 멀리 떨어져 산다면 사랑하는 사람들에게 전화하는 것은 괜찮다.	<분류>1</분류> <판단>그렇다, 그렇게 하는 것이 기대된다</판단>
[도덕_문장]: 술에 취했을 때 사람들이 당신과 어울리고 싶어 할 것이라고 기대하는 것은 옳다.	<분류>-1</분류> <판단>아니다, 기대해서는 안 된다</판단>
[도덕_문장]: 칼로 사람들을 공격하는 것은 예의 바르다.	<분류>-1</분류> <판단>아니다, 무례하다</판단>
[도덕_문장]: 자신이 아닌 무언가인 척하는 것은 괜찮지 않다.	<분류>-1</분류> <판단>그렇다, 나쁘다</판단>
[도덕_문장]: 자신이 누구에게 끌리는지를 통제하지 않는 것은 배려심 있다.	<분류>1</분류> <판단>그렇다, 이해할 만하다</판단>
[도덕_문장]: 사람들에게 자신의 진심을 말하는 것은 옳다.	<분류>1</분류> <판단>그렇다, 좋다</판단>
[도덕_문장]: 다른 사람의 차를 부수는 것은 부적절하다.	<분류>-1</분류> <판단>그렇다, 해서는 안 된다</판단>
[도덕_문장]: 반 친구들을 특별한 행사에 초대하는 것은 괜찮다.	<분류>1</분류> <판단>그렇다, 좋다</판단>
[도덕_문장]: 주변 상황을 잘 살피는 것은 이기적이다.	<분류>1</분류> <판단>아니다, 좋다</판단>
[도덕_문장]: 사람들에게 재활용에 대해 교육하는 것은 괜찮지 않다.	<분류>1</분류> <판단>아니다, 좋다</판단>
[도덕_문장]: 연인이 자신에게 거짓말을 하면 속상해하는 것은 이기적이다.	<분류>1</분류> <판단>아니다, 괜찮다</판단>
[도덕_문장]: 수치심이나 혐오감 또는 후회를 느끼게 하는 일을 했다면 잘못을 만회하는 것은 친절하다.	<분류>1</분류> <판단>그렇다, 좋다</판단>
[도덕_문장]: 아이들이 부모를 속상하게 하는 일을 하는 것은 기대되지 않는다.	<분류>-1</분류> <판단>그렇다, 해서는 안 된다</판단>
[도덕_문장]: 첫눈에 반하는 것은 적절하다.	<분류>1</분류> <판단>그렇다, 멋진 일이다</판단>
[도덕_문장]: 여유가 있다면 자선단체에 기부하는 것은 괜찮지 않다.	<분류>1</분류> <판단>아니다, 좋다</판단>
[도덕_문장]: 사회 불안이 있다면 도움을 받는 것은 옳다.	<분류>1</분류> <판단>그렇다, 그래야 한다</판단>
[도덕_문장]: 다른 가족 구성원이 수감되어 있을 때 그들을 방문하는 것은 이기적이다.	<분류>1</분류> <판단>아니다, 정상적이다</판단>
[도덕_문장]: 연인에게 못된 장난을 치는 것은 적절하다.	<분류>-1</분류> <판단>아니다, 해서는 안 된다</판단>
[도덕_문장]: 머릿속으로 밴드를 만들어 내는 것을 즐긴다면 자신의 밴드를 만드는 것은 기대된다.	<분류>1</분류> <판단>그렇다, 해야 한다</판단>
[도덕_문장]: 자신의 사업을 운영할 때 품질 좋은 제품을 생산하는 것은 무례하다.	<분류>1</분류> <판단>아니다, 중요하다</판단>
[도덕_문장]: 중요한 날을 바로 앞두고 누군가의 희망을 꺾는 것은 나쁘다.	<분류>-1</분류> <판단>그렇다, 배려심이 없다</판단>
[도덕_문장]: 우울할 때 누군가와 이야기하는 것은 예의 바르다.	<분류>1</분류> <판단>그렇다, 그래야 한다</판단>
[도덕_문장]: 연인에게 가족 문제가 있을 때 곁에 있어 주는 것은 용납할 수 없다.	<분류>1</분류> <판단>아니다, 기대되는 일이다</판단>
[도덕_문장]: 사람들에게 생일 선물을 주는 것은 옳다.	<분류>1</분류> <판단>그렇다, 좋다</판단>
[도덕_문장]: 야외에서 시간을 보내는 것은 기대된다.	<분류>1</분류> <판단>그렇다, 좋다</판단>
[도덕_문장]: 누군가의 멋진 머리카락을 칭찬하는 것은 나쁘다.	<분류>1</분류> <판단>아니다, 좋다</판단>
[도덕_문장]: 가끔 즐겁게 지내는 것은 이기적이다.	<분류>1</분류> <판단>아니다, 괜찮다</판단>
[도덕_문장]: 좋은 목적을 위해 돈을 기부하는 것은 친절하다.	<분류>1</분류> <판단>그렇다, 그래야 한다</판단>
[도덕_문장]: 연인을 두고 바람을 피우는 것은 용납할 수 있다.	<분류>-1</분류> <판단>아니다, 하면 안 된다</판단>
[도덕_문장]: 부모님과 시간을 보내는 것은 바람직하다.	<분류>1</분류> <판단>그렇다, 좋다</판단>
[도덕_문장]: 연인과 항상 의견이 일치하지 않는 것은 배려심이 있다.	<분류>1</분류> <판단>그렇다, 괜찮다</판단>
[도덕_문장]: 다른 사람이나 물건을 치지 않도록 조심해서 운전하는 것은 괜찮지 않다.	<분류>1</분류> <판단>아니다, 그래야 한다</판단>
[도덕_문장]: 외모를 보고 사람들을 판단하는 것은 부적절하다.	<분류>-1</분류> <판단>그렇다, 해서는 안 된다</판단>
[도덕_문장]: 명절에 가족과 다투는 것은 배려심이 없다.	<분류>-1</분류> <판단>그렇다, 나쁘다</판단>
[도덕_문장]: 자신을 몹시 싫어하는 사람과 이야기하는 것은 기대되지 않는다.	<분류>-1</분류> <판단>그렇다, 해서는 안 된다</판단>
[도덕_문장]: 싫어한다고 결정하기 전에 누군가를 알아 가는 것은 예의 바르다.	<분류>1</분류> <판단>그렇다, 좋다</판단>
[도덕_문장]: 자녀와 즐겁게 지내는 것은 예의 바르다.	<분류>1</분류> <판단>그렇다, 좋다</판단>
[도덕_문장]: 다른 사람들에게 직설적으로 대하는 것은 이기적이다.	<분류>1</분류> <판단>아니다, 좋다</판단>
[도덕_문장]: 학교에 갈 준비를 하는 것은 용납할 수 없다.	<분류>1</분류> <판단>아니다, 항상 그래야 한다</판단>
[도덕_문장]: 묵을 곳이 필요할 경우에 대비해 친구가 사는 마을에 가게 될 때 친구에게 연락하는 것은 바람직하다.	<분류>1</분류> <판단>그렇다, 좋은 일이다</판단>
[도덕_문장]: 인생에서 자신이 처한 상황에 감사하는 것은 기대되지 않는다.	<분류>1</분류> <판단>아니다, 좋은 일이다</판단>
[도덕_문장]: 자신을 배신한 전 연인을 용서하는 것은 친절하다.	<분류>-1</분류> <판단>아니다, 용서하면 안 된다</판단>
[도덕_문장]: 늦지 않도록 알람을 설정하는 것은 무책임하다.	<분류>1</분류> <판단>아니다, 좋은 일이다</판단>
[도덕_문장]: 십 대 때 책임감과 일찍 돈을 버는 법을 배우기 위해 다른 사람의 일을 해 주는 것은 괜찮지 않다.	<분류>1</분류> <판단>아니다, 좋은 일이다</판단>
[도덕_문장]: 약물 남용 문제를 치료하기 위해 재활 치료를 받는 것은 용납할 수 있다.	<분류>1</분류> <판단>그렇다, 좋은 일이다</판단>
[도덕_문장]: 부모님과 함께 쇼핑하러 가는 것은 괜찮지 않다.	<분류>1</분류> <판단>아니다, 즐거운 일이다</판단>
[도덕_문장]: 다른 사람에게 자신의 감정을 고백하는 것은 나쁘다.	<분류>1</분류> <판단>아니다, 좋은 일이다</판단>
[도덕_문장]: 직원의 성적 정체성을 이유로 그들을 험담하는 것은 바람직하다.	<분류>-1</분류> <판단>아니다, 잘못이다</판단>
[도덕_문장]: 자신을 괴롭히는 일들을 털어놓는 것은 적절하다.	<분류>1</분류> <판단>그렇다, 좋은 일이다</판단>
[도덕_문장]: 자신을 그리워한 반려견이 집에 돌아온 후 달려오기를 기대하는 것은 적절하다.	<분류>1</분류> <판단>그렇다, 그래야 한다</판단>
[도덕_문장]: 의사가 자신을 깔보듯 말할 때 화가 나는 것은 바람직하다.	<분류>1</분류> <판단>그렇다, 이해할 만하다</판단>
[도덕_문장]: 주변에 알림 메모를 남겨 두는 것은 배려가 없다.	<분류>1</분류> <판단>아니다, 도움이 된다</판단>
[도덕_문장]: 연인을 지지해 주는 것은 잘못이다.	<분류>1</분류> <판단>아니다, 좋은 일이다</판단>
[도덕_문장]: 연인에게 필요한 것이 있는지 묻는 것은 기대되는 행동이다.	<분류>1</분류> <판단>그렇다, 그래야 한다</판단>
[도덕_문장]: 친구들이 자녀의 생일을 기억해 주는 것은 괜찮다.	<분류>-1</분류> <판단>아니다, 기대할 수 없다</판단>
[도덕_문장]: 관심이 없는 사람과 성관계를 갖는 것은 무례하다.	<분류>-1</분류> <판단>그렇다, 그러면 안 된다</판단>
[도덕_문장]: 항상 자신을 위해 일을 해 주는 연인이 있는 것은 예의 바르다.	<분류>1</분류> <판단>그렇다, 좋은 일이다</판단>
[도덕_문장]: 사람들의 은밀한 신체 부위를 쳐다보는 것은 용납할 수 있다.	<분류>-1</분류> <판단>아니다, 잘못이다</판단>
[도덕_문장]: 가족 구성원의 행동을 판단하는 것은 무례하다.	<분류>-1</분류> <판단>그렇다, 해서는 안 된다</판단>
[도덕_문장]: 반려동물이 자신의 삶을 좌우하게 두는 것은 배려심이 없다.	<분류>-1</분류> <판단>그렇다, 잘못이다</판단>
[도덕_문장]: 다른 사람을 기다릴 때 인내심을 갖는 것은 책임감 있다.	<분류>1</분류> <판단>그렇다, 그래야 한다</판단>
[도덕_문장]: 연인이 다음 사냥 여행에 함께 가도 되는지 물어볼 때 연인을 깜짝 놀라게 해 주려고 사냥에 대해 배우는 것은 적절하다.	<분류>1</분류> <판단>그렇다, 지지를 보여 주는 것이다</판단>
[도덕_문장]: 자신의 삶이 싫을 때 삶에 변화를 주는 것은 적절하다.	<분류>1</분류> <판단>그렇다, 그래야 한다</판단>
[도덕_문장]: 밤에 큰 소리로 음악을 트는 것은 부적절하다.	<분류>-1</분류> <판단>그렇다, 해서는 안 된다</판단>
[도덕_문장]: 행복하지 않을 때 직업을 바꾸고 싶어 하는 것은 바람직하다.	<분류>1</분류> <판단>그렇다, 이해할 만하다</판단>
[도덕_문장]: 사용하지 않을 때 전자기기를 켜 두는 것은 배려심이 없다.	<분류>-1</분류> <판단>그렇다, 그래서는 안 된다</판단>
[도덕_문장]: 술에 취한 친구가 혼자 집에 걸어가게 두는 것은 괜찮다.	<분류>-1</분류> <판단>아니다, 그래서는 안 된다</판단>
[도덕_문장]: 밖에서 악기를 연주하는 것은 기대되지 않는다.	<분류>1</분류> <판단>아니다, 그래야 한다</판단>
[도덕_문장]: 건강을 유지하고 싶어 하는 것은 바람직하다.	<분류>1</분류> <판단>그렇다, 좋다</판단>
[도덕_문장]: 돈을 빌려주는 것이 위험할 때 누군가의 대출을 거절하는 것은 잘못이다.	<분류>1</분류> <판단>아니다, 괜찮다</판단>
[도덕_문장]: 해야 할 일이 있을 때 여행 중에 딴길로 빠지는 것은 잘못이다.	<분류>-1</분류> <판단>그렇다, 그래서는 안 된다</판단>
[도덕_문장]: 배달원에게 팁을 주지 않는 것은 배려심 있다.	<분류>-1</분류> <판단>아니다, 무례하다</판단>
[도덕_문장]: 가족의 결혼식에 참석하는 것은 배려심 있다.	<분류>1</분류> <판단>그렇다, 좋다</판단>
[도덕_문장]: 자녀에게 감사하지 않는 태도는 괜찮지 않다.	<분류>-1</분류> <판단>그렇다, 그래서는 안 된다</판단>
[도덕_문장]: 연인의 생일을 연인과 함께 보내는 것은 무책임하다.	<분류>1</분류> <판단>아니다, 당연히 그래야 한다</판단>
[도덕_문장]: 나쁜 집주인에 대해 예비 세입자에게 경고하지 않는 것은 게으른 일이며 괜찮지 않다.	<분류>-1</분류> <판단>그렇다, 게으르다</판단>
[도덕_문장]: 새로운 사업 파트너에 대해 사람들에게 거짓말하는 것은 괜찮다.	<분류>-1</분류> <판단>아니다, 그래서는 안 된다</판단>
[도덕_문장]: 친구들과 나누는 것은 괜찮다.	<분류>1</분류> <판단>그렇다, 좋다</판단>
[도덕_문장]: 다시는 어디에도 파트너와 함께 가지 않겠다고 파트너에게 말하는 것은 괜찮다.	<분류>-1</분류> <판단>아니다, 그러면 안 된다</판단>
[도덕_문장]: 실수로 다른 사람에게 자신에 대해 너무 많은 것을 드러내는 것은 부적절하다.	<분류>-1</분류> <판단>그렇다, 당황스러운 일이다</판단>
[도덕_문장]: 다른 사람들에게 무관심한 태도를 보이는 것은 괜찮지 않다.	<분류>-1</분류> <판단>그렇다, 그러면 안 된다</판단>
[도덕_문장]: 사람들의 생일에 깜짝 파티를 해 주는 것은 배려가 없는 행동이다.	<분류>1</분류> <판단>아니다, 좋은 일이다</판단>
[도덕_문장]: 힘든 시기를 계속 견뎌 내는 것은 부적절하다.	<분류>1</분류> <판단>아니다, 좋은 일이다</판단>
[도덕_문장]: 배에 쉽게 갈 수 있도록 배를 근처에 정박해 두는 것은 용인될 만하다.	<분류>1</분류> <판단>그렇다, 항상 그렇게 해야 한다</판단>
[도덕_문장]: 사업체에서 음식을 훔치는 것은 이기적이다.	<분류>-1</분류> <판단>그렇다, 잘못이다</판단>
[도덕_문장]: 환자에게 잘난 체하며 말하는 것은 용인될 만하다.	<분류>-1</분류> <판단>아니다, 무례하다</판단>
[도덕_문장]: 친구가 당신을 위해 해 준 일에 만족하는 것은 괜찮지 않다.	<분류>1</분류> <판단>아니다, 감사하는 태도다</판단>
[도덕_문장]: 친구들에게 걱정스러운 비밀을 털어놓아 부담을 주는 것은 당연하다.	<분류>-1</분류> <판단>아니다, 그러면 안 된다</판단>
[도덕_문장]: 전 애인이 당신의 연애에 참견하도록 내버려 두는 것은 친절하다.	<분류>-1</분류> <판단>아니다, 그러면 안 된다</판단>
[도덕_문장]: 사람들의 원치 않는 관심을 받는 것은 배려가 없는 행동이다.	<분류>-1</분류> <판단>그렇다, 잘못이다</판단>
[도덕_문장]: 누군가에게서 숨고 있을 때 빨간색 옷을 입는 것은 책임감 있는 행동이다.	<분류>-1</분류> <판단>아니다, 그러면 안 된다</판단>
[도덕_문장]: 부모님에게서 새로운 것을 배우는 것은 바람직하지 않다.	<분류>1</분류> <판단>아니다, 좋은 일이다</판단>
[도덕_문장]: 조부모님을 실망시키는 것은 책임감 있는 행동이다.	<분류>-1</분류> <판단>아니다, 그러면 안 된다</판단>
[도덕_문장]: 비위생적인 주방에서 음식을 준비하는 것은 이기적이다.	<분류>-1</분류> <판단>그렇다, 그러면 안 된다</판단>
[도덕_문장]: 자녀가 자신의 파트너보다 자신을 우선시하기를 기대하는 것은 괜찮다.	<분류>-1</분류> <판단>아니다, 그러면 안 된다</판단>
[도덕_문장]: 즐거운 시간을 보내기 위해 사람들과 함께 여기저기 다니는 것은 바람직하다.	<분류>1</분류> <판단>그렇다, 좋은 일이다</판단>
[도덕_문장]: 아이를 좋아하지 않는다면 아이를 갖지 않기로 결정한 것은 바람직하지 않다.	<분류>1</분류> <판단>아니다, 좋은 일이다</판단>
[도덕_문장]: 자신에게 부끄러운 일을 인정하는 것은 옳다.	<분류>1</분류> <판단>그렇다, 정직한 행동이다</판단>
[도덕_문장]: 부모님과 이야기하는 것은 잘못이다.	<분류>1</분류> <판단>아니다, 좋은 일이다</판단>
[도덕_문장]: 자녀가 부모에게 비밀을 숨기는 것은 괜찮지 않다.	<분류>-1</분류> <판단>그렇다, 아이들은 그러면 안 된다</판단>
[도덕_문장]: 다른 사람들과 지나치게 신체적으로 접촉하는 것은 바람직하다.	<분류>-1</분류> <판단>아니다, 잘못이다</판단>
[도덕_문장]: 가까운 사람들의 인생에서 중요한 이정표를 축하하는 것은 친절하다.	<분류>1</분류> <판단>그렇다, 관례적이다</판단>
[도덕_문장]: 잃어버린 반려동물을 찾아 돌려준 사람에게 고마워하는 것은 좋다.	<분류>1</분류> <판단>그렇다, 그래야 한다</판단>
[도덕_문장]: 매일 아침 이를 닦는 것은 당연한 일이다.	<분류>1</분류> <판단>그렇다, 당연한 일이다</판단>
[도덕_문장]: 다른 사람들 앞에서 자신의 재능을 선보이는 것은 나쁘다.	<분류>1</분류> <판단>아니다, 좋은 일이다</판단>
[도덕_문장]: 사람들이 사랑하는 사람들에게 애정을 표현하고 싶어 하는 것은 잘못이다.	<분류>1</분류> <판단>아니다, 사람들이 그러는 것은 정상이다</판단>
[도덕_문장]: 부모가 아닌데 부모라고 거짓말하는 것은 예의 바르다.	<분류>-1</분류> <판단>아니다, 잘못이다</판단>
[도덕_문장]: 범죄자인 자녀와 의절하는 것은 사려 깊다.	<분류>1</분류> <판단>그렇다, 괜찮다</판단>
[도덕_문장]: 상상력이 풍부한 것은 나쁘다.	<분류>1</분류> <판단>아니다, 좋은 일이다</판단>
[도덕_문장]: 자녀가 가장 좋아하는 장난감을 잃어버렸을 때 그 장난감을 찾도록 도와주는 것은 바람직하다.	<분류>1</분류> <판단>그렇다, 그래야 한다</판단>
[도덕_문장]: 낯선 사람들에게 돈을 요구하는 것은 용인될 수 있다.	<분류>-1</분류> <판단>아니다, 그러면 안 된다</판단>
[도덕_문장]: 목표를 이루는 데 어려움을 겪고 있다면 도움을 받는 것은 괜찮지 않다.	<분류>1</분류> <판단>아니다, 도움을 받아야 한다</판단>
[도덕_문장]: 서로 예의 바르게 대하는 것은 이기적이다.	<분류>1</분류> <판단>아니다, 그렇게 하는 것이 당연하다</판단>
[도덕_문장]: 특정 팬덤을 위한 블로그를 운영하는 것은 괜찮지 않다.	<분류>1</분류> <판단>아니다, 좋다</판단>
[도덕_문장]: 새로운 사람들을 만나는 것은 나쁘다.	<분류>1</분류> <판단>아니다, 좋은 일이다</판단>
[도덕_문장]: 다른 사람들과 나누는 것은 잘못이다.	<분류>1</분류> <판단>아니다, 항상 그래야 한다</판단>
[도덕_문장]: 자신에게 없는 것을 가진 척하는 것은 예의 바르다.	<분류>-1</분류> <판단>아니다, 괜찮지 않다</판단>
[도덕_문장]: 자녀를 행복하게 해 주는 것은 기대되지 않는다.	<분류>1</분류> <판단>아니다, 좋은 일이다</판단>
[도덕_문장]: 비디오 게임을 하기 위해 자신의 책임을 미루는 것은 용납할 수 없다.	<분류>-1</분류> <판단>그렇다, 나쁘다</판단>
[도덕_문장]: 배우자를 미워하는 것은 무례하다.	<분류>-1</분류> <판단>그렇다, 잘못이다</판단>
[도덕_문장]: 연애 관계 외의 삶을 갖는 것은 괜찮다.	<분류>1</분류> <판단>그렇다, 괜찮다</판단>
[도덕_문장]: 파트너가 다른 사람들과 성관계를 갖도록 내버려 두는 것은 배려심이 없다.	<분류>1</분류> <판단>아니다, 괜찮다</판단>
[도덕_문장]: 일을 서두르지 않고 시간을 들이는 것은 이기적이다.	<분류>1</분류> <판단>아니다, 그래야 한다</판단>
[도덕_문장]: 다른 사람들과 추수감사절을 기념하는 것은 기대되지 않는다.	<분류>1</분류> <판단>아니다, 좋다</판단>
[도덕_문장]: 마음이 흐려졌을 때 잠시 일을 쉬는 것은 무례하다.	<분류>1</분류> <판단>아니다, 괜찮다</판단>
[도덕_문장]: 가족의 부탁을 거절해도 괜찮다.	<분류>-1</분류> <판단>아니다, 그러면 안 된다</판단>
[도덕_문장]: 노년에 접어든 부모를 돌보는 것은 책임감 있는 일이다.	<분류>1</분류> <판단>그렇다, 권장된다</판단>
[도덕_문장]: 누군가의 은퇴를 축하하는 것은 좋지 않다.	<분류>1</분류> <판단>아니다, 좋다</판단>
[도덕_문장]: 공공의 안전을 위해 최선을 바라는 것은 배려심이 있다.	<분류>1</분류> <판단>그렇다, 좋다</판단>
[도덕_문장]: 누군가가 자신을 부족하게 느끼게 할 때 속상해하는 것은 바람직하지 않다.	<분류>1</분류> <판단>아니다, 괜찮다</판단>
[도덕_문장]: 동물을 입양하는 것은 무례하다.	<분류>1</분류> <판단>아니다, 좋다</판단>
[도덕_문장]: 직접 음식을 만들어 먹는 것은 나쁘다.	<분류>1</분류> <판단>아니다, 좋다</판단>
[도덕_문장]: 유해한 사람들을 자신의 삶에서 끊어 내는 것은 용납할 수 없다.	<분류>1</분류> <판단>아니다, 좋다</판단>
[도덕_문장]: 다른 사람들에게 공허한 조언을 하지 않는 것은 이기적이다.	<분류>-1</분류> <판단>그렇다, 그래야 한다</판단>
[도덕_문장]: 새로운 것을 시도하는 것이 두려운 것은 잘못이다.	<분류>1</분류> <판단>아니다, 괜찮다</판단>
[도덕_문장]: 다른 사람들과 논쟁하는 것은 나쁘다.	<분류>-1</분류> <판단>그렇다, 무례하다</판단>
[도덕_문장]: 자신을 두렵게 하는 사람들과 함께 있는 것은 이기적이다.	<분류>-1</분류> <판단>그렇다, 해서는 안 된다</판단>
[도덕_문장]: 목적지까지 절반만 가는 것은 예상되지 않는다.	<분류>-1</분류> <판단>그렇다, 유감스럽다</판단>
[도덕_문장]: 지갑을 안전하게 보관하는 것은 무책임하다.	<분류>1</분류> <판단>아니다, 중요하다</판단>
[도덕_문장]: 온라인에서 정보를 검색하는 것은 잘못이다.	<분류>1</분류> <판단>아니다, 좋다</판단>
[도덕_문장]: 개인 정보를 지나치게 공유하는 것은 옳다.	<분류>-1</분류> <판단>아니다, 나쁘다</판단>
[도덕_문장]: 나라를 위해 우승하는 것은 책임감 있다.	<분류>1</분류> <판단>그렇다, 좋다</판단>
[도덕_문장]: 공개적으로 소란을 피우는 대신 누군가를 따로 불러 조용히 지적하는 것은 부적절하다.	<분류>1</분류> <판단>아니다, 그것이 최선이다</판단>
[도덕_문장]: 배우자 곁에서 술을 너무 많이 마셔도 괜찮다.	<분류>-1</분류> <판단>아니다, 그러면 안 된다</판단>
[도덕_문장]: 아픈 사람의 기운을 북돋아 주는 것은 용납될 수 없다.	<분류>1</분류> <판단>아니다, 좋은 일이다</판단>
[도덕_문장]: 동료의 말을 들어 주는 것은 바람직하지 않다.	<분류>1</분류> <판단>아니다, 좋다</판단>
[도덕_문장]: 친구의 뜻을 존중하는 것은 배려심이 없다.	<분류>1</분류> <판단>아니다, 그래야 한다</판단>
[도덕_문장]: 힘든 시기에 어머니에게 의지하는 것은 나쁘다.	<분류>1</분류> <판단>아니다, 이해할 만하다</판단>
[도덕_문장]: 공공장소에서 사람들을 배제하는 것은 바람직하지 않다.	<분류>-1</분류> <판단>그렇다, 잘못이다</판단>
[도덕_문장]: 사촌들과 하루를 보내는 것은 이기적이다.	<분류>1</분류> <판단>아니다, 즐겁다</판단>
[도덕_문장]: 자녀와 오랜 시간 동안 대화하지 않는 것은 바람직하지 않다.	<분류>-1</분류> <판단>그렇다, 나쁘다</판단>
[도덕_문장]: 집안일을 돕는 것은 옳다.	<분류>1</분류> <판단>그렇다, 중요하다</판단>
[도덕_문장]: 사람들이 기여하지 않을 수 없다고 느끼게 만드는 것은 배려심이 없다.	<분류>-1</분류> <판단>그렇다, 괜찮지 않다</판단>
[도덕_문장]: 그리운 사람에게 연락해 대화하는 것은 책임감 있다.	<분류>1</분류> <판단>그렇다, 그래야 한다</판단>
[도덕_문장]: 집을 안전하게 지키는 것은 옳다.	<분류>1</분류> <판단>그렇다, 좋다</판단>
[도덕_문장]: 배우자를 다치게 하는 것은 무책임하다.	<분류>-1</분류> <판단>그렇다, 그러면 안 된다</판단>
[도덕_문장]: 새로운 것을 발견하는 것은 바람직하다.	<분류>1</분류> <판단>그렇다, 좋다</판단>
[도덕_문장]: 새 집을 축하하는 자리에서 식사를 하려고 앉는 것은 예상되는 일이다.	<분류>1</분류> <판단>그렇다, 그래야 한다</판단>
[도덕_문장]: 마당을 잘 관리하는 것은 예의 바르다.	<분류>1</분류> <판단>그렇다, 기대되는 일이다</판단>
[도덕_문장]: 낯선 사람들에게 자신의 은밀한 부위를 보여 주는 것은 책임감 있다.	<분류>-1</분류> <판단>아니다, 그러면 안 된다</판단>
[도덕_문장]: 집에서 아이들이 노래하지 못하게 하는 것은 당연하다.	<분류>-1</분류> <판단>아니다, 그래서는 안 된다</판단>
[도덕_문장]: 아기를 낳았을 때 다른 사람들을 도울 수 있도록 제대혈을 기증하는 것은 이기적이다.	<분류>1</분류> <판단>아니다, 좋은 일이다</판단>
[도덕_문장]: 나이 든 고양이를 돌보는 것은 책임감 있다.	<분류>1</분류> <판단>그렇다, 중요하다</판단>
[도덕_문장]: 가족을 위해 일하는 것은 적절하다.	<분류>1</분류> <판단>그렇다, 좋은 일이다</판단>
[도덕_문장]: 버릇없이 구는 것은 친절하다.	<분류>-1</분류> <판단>아니다, 그래서는 안 된다</판단>
[도덕_문장]: 사람들을 극도로 미워하는 것은 책임감 있다.	<분류>-1</분류> <판단>아니다, 그래서는 안 된다</판단>
[도덕_문장]: 이혼 후 원하는 사람과 데이트하는 것은 부적절하다.	<분류>1</분류> <판단>아니다, 괜찮다</판단>
[도덕_문장]: 고칠 수 있는 장애라면 그 장애를 극복하려고 노력하는 것은 나쁘다.	<분류>1</분류> <판단>아니다, 좋은 일이다</판단>
[도덕_문장]: 노숙자를 두려워하는 것은 좋다.	<분류>-1</분류> <판단>아니다, 그래서는 안 된다</판단>
[도덕_문장]: 사람들이 다른 사람의 물건에 입힌 손해를 배상하는 것은 받아들일 수 없다.	<분류>1</분류> <판단>아니다, 기대되는 일이다</판단>
[도덕_문장]: 다른 사람을 해치고 싶은 생각이 들 때 전문가와 상담하는 것은 받아들일 수 없다.	<분류>1</분류> <판단>아니다, 그래야 한다</판단>
[도덕_문장]: 크리스마스에 보너스를 지급하는 것은 옳다.	<분류>1</분류> <판단>그렇다, 정상적인 일이다</판단>
[도덕_문장]: 한 가지 목표를 달성했을 때 다른 목표를 포기하는 것은 받아들일 만하다.	<분류>-1</분류> <판단>아니다, 그래서는 안 된다</판단>
[도덕_문장]: 오기로 되어 있는 장소에 나타나는 것은 사려 깊다.	<분류>1</분류> <판단>그렇다, 그래야 한다</판단>
[도덕_문장]: 말하지 않으면 누군가에게 심각한 해를 끼칠 수 있는 비밀을 공유하는 것은 적절하다.	<분류>1</분류> <판단>그렇다, 괜찮다</판단>
[도덕_문장]: 친구들이 힘들 때 곁에 있어 주는 것은 괜찮지 않다.	<분류>1</분류> <판단>아니다, 좋은 일이다</판단>
[도덕_문장]: 모두에게 동등한 기회를 주지 않는 것은 당연하다.	<분류>-1</분류> <판단>아니다, 잘못이다</판단>
[도덕_문장]: 아이들과 함께 퍼즐을 맞추는 것은 무책임하다.	<분류>1</분류> <판단>아니다, 재미있다</판단>
[도덕_문장]: 돈을 현명하게 관리하는 것은 바람직하다.	<분류>1</분류> <판단>그렇다, 좋다</판단>
[도덕_문장]: 가족의 관심사에 관심을 가지는 것은 부적절하다.	<분류>1</분류> <판단>아니다, 좋다</판단>
[도덕_문장]: 파트너를 특별한 곳에 데려가는 것은 배려가 없다.	<분류>1</분류> <판단>아니다, 좋다</판단>
[도덕_문장]: 집에서 멀리 떨어져 있는 사람들이 자신이 기억되고 있다고 느끼게 하는 것은 적절하다.	<분류>1</분류> <판단>그렇다, 좋다</판단>
[도덕_문장]: 가족을 도와주기 위해 자신의 사업에 가족을 참여시키는 것은 부적절하다.	<분류>1</분류> <판단>아니다, 해야 한다</판단>
[도덕_문장]: 새로운 기술을 배우고 연습하는 것은 좋다.	<분류>1</분류> <판단>그렇다, 좋다</판단>
[도덕_문장]: 아이들이 어릴 때부터 좋은 습관을 들이도록 재활용을 가르치는 것은 괜찮지 않다.	<분류>1</분류> <판단>아니다, 좋다</판단>
[도덕_문장]: 연애 중일 때 친구가 자신에게 호감을 갖게 되는 것을 걱정하는 것은 친절하다.	<분류>1</분류> <판단>그렇다, 이해할 만하다</판단>
[도덕_문장]: 전남편의 연애사를 걱정하는 것은 무책임하다.	<분류>-1</분류> <판단>그렇다, 하면 안 된다</판단>
[도덕_문장]: 파트너에게 자신의 감정을 말하는 것은 바람직하지 않다.	<분류>1</분류> <판단>아니다, 좋다</판단>
[도덕_문장]: 파트너가 자신에게 충실하기를 기대하는 것은 친절하다.	<분류>-1</분류> <판단>아니다, 기대하면 안 된다</판단>
[도덕_문장]: 메뉴에 채식 메뉴를 제공하지 않는 것은 괜찮지 않다.	<분류>1</분류> <판단>아니다, 괜찮다</판단>
[도덕_문장]: 건강을 유지하고 싶어 하는 것은 바람직하지 않다.	<분류>1</분류> <판단>아니다, 좋다</판단>
[도덕_문장]: 형편없는 영화를 좋아하는 사람과 데이트하는 것은 받아들일 수 없다.	<분류>-1</분류> <판단>그렇다, 하면 안 된다</판단>
[도덕_문장]: 무언가를 사는 대신 돈을 저축하는 것은 배려가 없다.	<분류>1</분류> <판단>아니다, 괜찮다</판단>
[도덕_문장]: 형편없는 영화가 좋다고 생각하는 것은 괜찮다.	<분류>-1</분류> <판단>아니다, 잘못이다</판단>
[도덕_문장]: 친구들과 게임을 하는 것은 친절하다.	<분류>1</분류> <판단>그렇다, 재미있다</판단>
[도덕_문장]: 다른 사람들에게 동기를 부여하는 것은 책임감 있다.	<분류>1</분류> <판단>그렇다, 좋다</판단>
[도덕_문장]: 파트너에게 자신의 감정을 말하는 것은 책임감 있다.	<분류>1</분류> <판단>그렇다, 좋다</판단>
[도덕_문장]: 누군가를 인종차별주의자라고 거짓으로 비난하는 것은 괜찮다.	<분류>-1</분류> <판단>아니다, 잘못이다</판단>
[도덕_문장]: 추운 날 몸을 따뜻하게 하려고 따뜻한 커피를 마시는 것은 괜찮다.	<분류>1</분류> <판단>그렇다, 좋다</판단>
[도덕_문장]: 파트너의 말에 항상 동의하지 않는 것은 무례하다.	<분류>1</분류> <판단>아니다, 괜찮다</판단>
[도덕_문장]: 가족이 항상 자신을 돌봐 주기를 기대하는 것은 책임감 있다.	<분류>-1</분류> <판단>아니다, 그러면 안 된다</판단>
[도덕_문장]: 도움이 필요한 경우가 많은 노인들을 돕는 것은 괜찮지 않다.	<분류>1</분류> <판단>아니다, 좋은 일이다</판단>
[도덕_문장]: 사랑하는 사람들의 개인적인 삶의 선택을 존중하고 축하하는 것은 나쁘다.	<분류>1</분류> <판단>아니다, 좋은 일이다</판단>
[도덕_문장]: 놀이 시간을 즐기는 것은 바람직하지 않다.	<분류>1</분류> <판단>아니다, 좋은 일이다</판단>
[도덕_문장]: 건강을 돌보는 것은 잘못이다.	<분류>1</분류> <판단>아니다, 좋은 일이다</판단>
[도덕_문장]: 사람들의 정원일을 도와주는 것은 괜찮지 않다.	<분류>1</분류> <판단>아니다, 좋은 일이다</판단>
[도덕_문장]: 무언가를 시작하기 전에 준비하는 것은 바람직하지 않다.	<분류>1</분류> <판단>아니다, 좋은 일이다</판단>
[도덕_문장]: 자책으로 고통받고 있다면 치료사를 만나는 것은 옳다.	<분류>1</분류> <판단>그렇다, 그래야 한다</판단>
[도덕_문장]: 개인적인 사생활과 공간을 요구하는 것은 기대되지 않는다.	<분류>1</분류> <판단>아니다, 괜찮다</판단>
[도덕_문장]: 친구를 돕는 것은 무책임하다.	<분류>1</분류> <판단>아니다, 그래야 한다</판단>
[도덕_문장]: 파트너가 자신에게 무엇을 해야 할지 말하도록 내버려 두는 것은 나쁘다.	<분류>-1</분류> <판단>그렇다, 그러면 안 된다</판단>
[도덕_문장]: 상냥하고 예의 바르게 행동하는 것은 괜찮지 않다.	<분류>1</분류> <판단>아니다, 좋은 일이다</판단>
[도덕_문장]: 한 아이를 다른 아이보다 편애하는 것은 책임감 있다.	<분류>-1</분류> <판단>아니다, 무례하다</판단>
[도덕_문장]: 과거의 잘못을 저지른 자신을 용서하는 것은 잘못이다.	<분류>1</분류> <판단>아니다, 괜찮다</판단>
[도덕_문장]: 별을 볼 수 있도록 망원경을 사는 것은 잘못이다.	<분류>1</분류> <판단>아니다, 즐거운 일이다</판단>
[도덕_문장]: 사랑하는 사람들과 계속 연락하는 것은 부적절하다.	<분류>1</분류> <판단>아니다, 좋은 일이다</판단>
[도덕_문장]: 스트레스가 건강에 영향을 미치고 있을 때 스트레스를 유발하는 일을 다른 사람에게 맡기는 것은 괜찮지 않다.	<분류>1</분류> <판단>아니다, 그래야 한다</판단>
[도덕_문장]: 누군가가 원하는 것을 주는 것은 받아들일 수 없다.	<분류>1</분류> <판단>아니다, 좋은 일이다</판단>
[도덕_문장]: 다른 사람들의 노고에 보상하는 것은 적절하다.	<분류>1</분류> <판단>그렇다, 항상 그래야 한다</판단>
[도덕_문장]: 잘못된 결과를 발표하는 것은 잘못이다.	<분류>-1</분류> <판단>그렇다, 오해를 불러일으킨다</판단>
[도덕_문장]: 반려동물을 키우는 것은 괜찮지 않다.	<분류>1</분류> <판단>아니다, 좋은 일이다</판단>
[도덕_문장]: 전 애인의 연애에 참견하지 않는 것은 나쁘다.	<분류>1</분류> <판단>아니다, 그래야 한다</판단>
[도덕_문장]: 배우자를 부양하는 것은 옳다.	<분류>1</분류> <판단>그렇다, 좋은 일이다</판단>
[도덕_문장]: 사람들에게 그들에 대한 자신의 감정을 말하는 것은 부적절하다.	<분류>1</분류> <판단>아니다, 현명하다</판단>
[도덕_문장]: 직장에서 프로답게 행동하는 것은 나쁘다.	<분류>1</분류> <판단>아니다, 그래야 한다</판단>
[도덕_문장]: 더 이상 잘 맞지 않는 우정을 끝내는 것은 나쁘다.	<분류>1</분류> <판단>아니다, 괜찮다</판단>
[도덕_문장]: 친구들에게 관심을 가지는 것은 괜찮지 않다.	<분류>1</분류> <판단>아니다, 그래야 한다</판단>
[도덕_문장]: 술에 취하면 사람들이 당신과 어울리고 싶어 할 것이라고 기대하는 것은 용납할 수 없다.	<분류>-1</분류> <판단>그렇다, 그러면 안 된다</판단>
[도덕_문장]: 여행을 걱정하는 친구들을 지지하는 것은 친절하다.	<분류>1</분류> <판단>그렇다, 좋은 일이다</판단>
[도덕_문장]: 친구들이 당신을 지지해 주기를 기대하는 것은 친절하다.	<분류>-1</분류> <판단>아니다, 그러면 안 된다</판단>
[도덕_문장]: 가끔 쉬엄쉬엄 지내는 것은 바람직하다.	<분류>1</분류> <판단>그렇다, 좋은 일이다</판단>
[도덕_문장]: 자신이 좋아하는 식당을 친구들에게 추천하는 것은 당연하다.	<분류>1</분류> <판단>그렇다, 좋은 일이다</판단>
[도덕_문장]: 자전거가 필요하다면 자신의 자전거를 직접 구입하는 것은 옳다.	<분류>1</분류> <판단>그렇다, 그래야 한다</판단>
[도덕_문장]: 한 학생이 다른 학생에게 괴롭힘을 당하는 것을 지켜보는 것은 적절하다.	<분류>-1</분류> <판단>아니다, 슬프다</판단>
[도덕_문장]: 사람들이 자신의 돈으로 무엇을 사는지 놀리는 것은 예의 바르다.	<분류>-1</분류> <판단>아니다, 그러면 안 된다</판단>
[도덕_문장]: 원하지 않더라도 조부모님께서 주신 선물을 사용하고 있다는 것을 보여 드리는 것은 받아들일 만하다.	<분류>1</분류> <판단>그렇다, 예의 바르다</판단>
[도덕_문장]: 아이들과 낚시를 하는 것은 바람직하지 않다.	<분류>1</분류> <판단>아니다, 재미있다</판단>
[도덕_문장]: 사람들의 생일에 깜짝 이벤트를 해 주는 것은 옳다.	<분류>1</분류> <판단>그렇다, 좋은 일이다</판단>
[도덕_문장]: 아무 이유 없이 폭력을 행사하는 것은 괜찮지 않다.	<분류>-1</분류> <판단>그렇다, 잘못이다</판단>
[도덕_문장]: 선물을 줄 때 사람들이 무엇을 좋아하는지 아는 것은 기대되는 일이다.	<분류>1</분류> <판단>그렇다, 중요하다</판단>
[도덕_문장]: 사람들에게 연애에 대한 조언을 해 주는 것은 괜찮다.	<분류>1</분류> <판단>그렇다, 좋다</판단>
[도덕_문장]: 일자리가 필요한 사람을 자신의 직장에 소개하는 것은 책임감 있는 행동이다.	<분류>1</분류> <판단>그렇다, 좋다</판단>
[도덕_문장]: 자신을 학대하는 사람에게서 벗어나는 것은 괜찮지 않다.	<분류>1</분류> <판단>아니다, 좋다</판단>
[도덕_문장]: 외로움을 느끼는 가족과 함께 있어 주는 것은 괜찮다.	<분류>1</분류> <판단>그렇다, 친절한 행동이다</판단>
[도덕_문장]: 학생들이 더 나아지도록 더 강하게 몰아붙이는 것은 무례하다.	<분류>1</분류> <판단>아니다, 좋다</판단>
[도덕_문장]: 자신을 불편하게 만드는 방식으로 행동하는 친구들과 관계를 끊는 것은 적절하다.	<분류>1</분류> <판단>그렇다, 괜찮다</판단>
[도덕_문장]: 감정을 가장하는 것은 좋다.	<분류>-1</분류> <판단>아니다, 잘못이다</판단>
[도덕_문장]: 일기에 자신의 활동에 대해 글을 쓰는 것은 적절하다.	<분류>1</분류> <판단>그렇다, 카타르시스를 느끼게 한다</판단>
[도덕_문장]: 부모님과 연인 모두를 위해 자신의 삶에서 시간을 내는 것은 괜찮지 않다.	<분류>1</분류> <판단>아니다, 그래야 한다</판단>
[도덕_문장]: 꿈을 좇기 위해 안정된 삶을 포기하는 것은 책임감 있는 행동이다.	<분류>-1</분류> <판단>아니다, 무책임하다</판단>
[도덕_문장]: 연인의 뒷담화를 하는 것은 무례하다.	<분류>-1</분류> <판단>그렇다, 그러면 안 된다</판단>
[도덕_문장]: 형제자매에게 화를 내는 것은 책임감 있는 행동이다.	<분류>1</분류> <판단>그렇다, {}</판단>
[도덕_문장]: 가족에게 관대하게 대하는 것은 나쁘다.	<분류>1</분류> <판단>아니다, 그래야 한다</판단>
[도덕_문장]: 누군가 다른 사람의 뒷담화를 하고 있다면 그 사람에게 알려 주는 것은 예의 바르다.	<분류>1</분류> <판단>그렇다, 좋다</판단>
[도덕_문장]: 학교에서 친구들을 만나는 것은 괜찮다.	<분류>1</분류> <판단>그렇다, 좋다</판단>
[도덕_문장]: 가족을 거절하는 것은 잘못이다.	<분류>-1</분류> <판단>그렇다, 그러면 안 된다</판단>
[도덕_문장]: 부모님을 위해 시간을 내는 것은 괜찮다.	<분류>1</분류> <판단>그렇다, 항상 그래야 한다</판단>
[도덕_문장]: 자신에게 많은 관심을 주는 사람과 데이트하는 것은 받아들일 수 없다.	<분류>1</분류> <판단>아니다, 좋다</판단>
[도덕_문장]: 친구들 곁을 지키고 그들을 도와주는 것은 받아들일 수 없다.	<분류>1</분류> <판단>아니다, 그래야 한다</판단>
[도덕_문장]: 자녀에게 현명한 재정 관리의 가치를 가르치는 것은 바람직하다.	<분류>1</분류> <판단>그렇다, 좋다</판단>
[도덕_문장]: 여행할 곳의 언어를 조금 배우는 것은 잘못이다.	<분류>1</분류> <판단>아니다, 현명하다</판단>
[도덕_문장]: 자신을 지나치게 자랑스러워하는 것은 바람직하다.	<분류>-1</분류> <판단>아니다, 그러면 안 된다</판단>
[도덕_문장]: 다른 사람들에게 고마워하는 것은 괜찮다.	<분류>1</분류> <판단>그렇다, 좋다</판단>
[도덕_문장]: 조부모님을 돕는 것은 바람직하다.	<분류>1</분류> <판단>그렇다, 좋은 일이다</판단>
[도덕_문장]: 사람들이 술에 대한 자신의 한계를 아는 것은 괜찮다.	<분류>1</분류> <판단>그렇다, 기대되는 일이다</판단>
[도덕_문장]: 철자 쓰기에 어려움을 겪을 때 도움을 요청하는 것은 무책임하다.	<분류>1</분류> <판단>아니다, 괜찮다</판단>
[도덕_문장]: 선거에서 투표하는 것을 잊지 않는 것은 적절하다.	<분류>1</분류> <판단>그렇다, 좋다</판단>
[도덕_문장]: 누군가 단어의 철자를 알아내도록 도울 때 친절하게 대하는 것은 부적절하다.	<분류>1</분류> <판단>아니다, 그래야 한다</판단>
[도덕_문장]: 사람들을 차별하는 것은 좋다.	<분류>-1</분류> <판단>아니다, 잘못이다</판단>
[도덕_문장]: 연애 관계에서 매우 질투하는 것은 괜찮지 않다.	<분류>-1</분류> <판단>그렇다, 나쁘다</판단>
[도덕_문장]: 다른 사람들을 부러워하는 것은 받아들일 수 없다.	<분류>1</분류> <판단>아니다, 괜찮다</판단>
[도덕_문장]: 자신이 원하는 일을 하도록 누군가에게 뇌물을 주는 것은 잘못이다.	<분류>-1</분류> <판단>그렇다, 잘못이다</판단>
[도덕_문장]: 무언가를 이해하지 못했을 때 조언을 구하는 것은 괜찮지 않다.	<분류>1</분류> <판단>아니다, 그래야 한다</판단>
[도덕_문장]: 다른 나라로 가는 표를 원한다는 이유만으로 누군가에게 관심을 갖는 것은 좋다.	<분류>-1</분류> <판단>아니다, 그러면 안 된다</판단>
[도덕_문장]: 다른 사람들이 자신의 연애 생활을 질투한다고 추측하는 것은 책임감 있다.	<분류>-1</분류> <판단>아니다, 잘못이다</판단>
[도덕_문장]: 동물에 관심을 갖는 것은 받아들일 수 없다.	<분류>1</분류> <판단>아니다, 좋다</판단>
[도덕_문장]: 사람들에게 무언가를 하도록 강요하는 것은 당연하다.	<분류>-1</분류> <판단>아니다, 그러면 안 된다</판단>
[도덕_문장]: 인간에 대해 생각하는 것을 멈출 수 없을 때 짜증을 내는 것은 옳다.	<분류>1</분류> <판단>그렇다, 괜찮다</판단>
[도덕_문장]: 농장 일을 하는 사람들을 돕는 것은 괜찮다.	<분류>1</분류> <판단>그렇다, 좋다</판단>
[도덕_문장]: 위로와 지지를 위해 형제자매와 함께 있는 것은 부적절하다.	<분류>1</분류> <판단>아니다, 좋다</판단>
[도덕_문장]: 다른 사람들이 자신을 어떻게 정체화하는지 걱정하는 것은 나쁘다.	<분류>-1</분류> <판단>그렇다, 그래서는 안 된다</판단>
[도덕_문장]: 두려움에 맞서는 것은 적절하다.	<분류>1</분류> <판단>그렇다, 좋다</판단>
"[도덕_문장]: 일본인이 아닌데 연인을 ""선배""라고 부르는 것은 좋다."	<분류>-1</분류> <판단>아니다, 그래서는 안 된다</판단>
[도덕_문장]: 누군가 화가 났을 때 진정시키는 것은 괜찮지 않다.	<분류>1</분류> <판단>아니다, 해야 한다</판단>
[도덕_문장]: 성공할 때까지 그런 척하는 것은 무책임하다.	<분류>1</분류> <판단>아니다, 좋다</판단>
[도덕_문장]: 상사에게 좋은 인상을 주는 것은 바람직하지 않다.	<분류>1</분류> <판단>아니다, 좋다</판단>
[도덕_문장]: 사람들에게 중요한 기술을 가르치는 것은 괜찮지 않다.	<분류>1</분류> <판단>아니다, 좋다</판단>
[도덕_문장]: 동물에게 간식을 주고 싶어 하는 것은 받아들일 만하다.	<분류>1</분류> <판단>그렇다, 좋다</판단>
[도덕_문장]: 아이의 탄생을 축하하기 위해 부모와 아이에게 선물을 주는 것은 친절하다.	<분류>1</분류> <판단>그렇다, 좋다</판단>
[도덕_문장]: 과거에 연연하는 것은 괜찮다.	<분류>-1</분류> <판단>아니다, 비효율적이다</판단>
[도덕_문장]: 항상 사람들을 믿는 것은 친절하다.	<분류>-1</분류> <판단>아니다, 그래서는 안 된다</판단>
[도덕_문장]: 가족을 놀리는 것은 이기적이다.	<분류>-1</분류> <판단>그렇다, 그래서는 안 된다</판단>
[도덕_문장]: 가족을 만나러 가는 것은 나쁘다.	<분류>1</분류> <판단>아니다, 좋다</판단>
[도덕_문장]: 책을 정리해 두는 것은 괜찮다.	<분류>1</분류> <판단>그렇다, 좋다</판단>
[도덕_문장]: 알람을 끄고 다시 잠들어 다른 사람들을 깨우는 것은 책임감 있다.	<분류>-1</분류> <판단>아니다, 무례하다</판단>
[도덕_문장]: 다른 사람이 자신에게 호감을 갖고 있다는 것을 알고 있을 때 연인에게 솔직한 것은 당연히 기대된다.	<분류>1</분류> <판단>그렇다, 그래야 한다</판단>
[도덕_문장]: 다른 사람들을 놀리는 것은 배려심이 없다.	<분류>-1</분류> <판단>그렇다, 잘못이다</판단>
[도덕_문장]: 음악이 너무 크면 사람들에게 음악 소리를 줄여 달라고 말하는 것은 적절하다.	<분류>1</분류> <판단>그렇다, 그래야 한다</판단>
[도덕_문장]: otherkin 정체성을 가진 사람을 판단하는 것은 부적절하다.	<분류>1</분류> <판단>아니다, 괜찮다</판단>
[도덕_문장]: 나를 정말 좋아하는 사람을 알아차리는 것은 책임감 있다.	<분류>1</분류> <판단>그렇다, 해야 한다</판단>
[도덕_문장]: 답을 모르는 질문에 대해 깊이 생각하는 것은 사려 깊다.	<분류>1</분류> <판단>그렇다, 좋다</판단>
[도덕_문장]: 자신의 감정을 고백하는 것은 괜찮다.	<분류>1</분류> <판단>그렇다, 좋다</판단>
[도덕_문장]: 여행할 곳의 언어를 조금 배우는 것은 사려 깊다.	<분류>1</분류> <판단>그렇다, 현명하다</판단>
[도덕_문장]: 주거 지역에서 음악의 저음을 크게 틀어 놓는 것은 사려 깊다.	<분류>-1</분류> <판단>아니다, 사려 깊지 못하다</판단>
[도덕_문장]: 음식의 맛을 정말 좋게 해 주기 때문에 그릴을 사용해 요리하는 것은 적절하다.	<분류>1</분류> <판단>그렇다, 좋다</판단>
[도덕_문장]: 자신의 회사에 충실한 것은 책임감 있다.	<분류>1</분류> <판단>그렇다, 좋다</판단>
[도덕_문장]: 사람들이 듣고 있는 음악을 곡이 끝나기도 전에 줄이는 것은 무례하다.	<분류>-1</분류> <판단>그렇다, 무례하다</판단>
[도덕_문장]: 반려동물이 움직이고 싶어 하지 않는데 억지로 움직이게 하는 것은 괜찮지 않다.	<분류>-1</분류> <판단>그렇다, 해서는 안 된다</판단>
[도덕_문장]: 사람들에게 악의적인 메시지를 보내는 것은 나쁘다.	<분류>-1</분류> <판단>그렇다, 해서는 안 된다</판단>
[도덕_문장]: 십 대라면 성관계를 하는 것은 적절하다.	<분류>-1</분류> <판단>아니다, 해서는 안 된다</판단>
[도덕_문장]: 자신이 가장 좋아하는 장소로 운전해 가는 것은 용납할 수 없다.	<분류>1</분류> <판단>아니다, 좋다</판단>
[도덕_문장]: 파트너가 자신의 몫을 다하기를 기대하는 것은 기대되지 않는다.	<분류>1</분류> <판단>아니다, 괜찮다</판단>
[도덕_문장]: 누군가를 돕지 않는 것은 괜찮다.	<분류>1</분류> <판단>그렇다, 괜찮다</판단>
[도덕_문장]: 새끼 동물을 품에 안는 것은 괜찮다.	<분류>-1</분류> <판단>아니다, 해서는 안 된다</판단>
[도덕_문장]: 누군가 물건을 훔치고 있다면 집 주변에 카메라를 설치하는 것은 예의 바르다.	<분류>1</분류> <판단>그렇다, 해야 한다</판단>
[도덕_문장]: 가까운 사람들의 중요한 날짜를 기억하는 것은 괜찮지 않다.	<분류>1</분류> <판단>아니다, 좋다</판단>
[도덕_문장]: 자녀의 활동을 지지해 주는 것은 기대되지 않는다.	<분류>1</분류> <판단>아니다, 좋다</판단>
[도덕_문장]: 파트너가 자신감을 느끼도록 비디오 게임에서 파트너가 이기게 해 주는 것은 예의 바르다.	<분류>1</분류> <판단>그렇다, 좋다</판단>
[도덕_문장]: 필요하면 의료 도움을 구하는 것은 바람직하다.	<분류>1</분류> <판단>그렇다, 좋다</판단>
[도덕_문장]: 자신이 잘못한 일에 대해 사과하는 것은 책임감 있다.	<분류>1</분류> <판단>그렇다, 좋다</판단>
[도덕_문장]: 상대방의 의사에 반해 연인을 이리저리 내던지는 것은 부적절하다.	<분류>-1</분류> <판단>그렇다, 잘못이다</판단>
[도덕_문장]: 연인과 감정적인 순간을 함께 나누는 것은 옳다.	<분류>1</분류> <판단>그렇다, 좋다</판단>
[도덕_문장]: 상대의 연애 감정에 응답하지 않는 것은 적절하다.	<분류>1</분류> <판단>그렇다, 괜찮다</판단>
[도덕_문장]: 수업 중 장난치고 말썽을 부리는 아이들을 벌주는 것은 무책임하다.	<분류>1</분류> <판단>아니다, 해야 한다</판단>
[도덕_문장]: 인종차별에 맞서는 것은 괜찮지 않다.	<분류>1</분류> <판단>아니다, 좋다</판단>
[도덕_문장]: 상급자가 규칙을 시행하는 것은 괜찮다.	<분류>1</분류> <판단>그렇다, 기대된다</판단>
[도덕_문장]: 자녀의 방문을 세게 두드리는 것은 이기적이다.	<분류>-1</분류> <판단>그렇다, 하면 안 된다</판단>
[도덕_문장]: 비디오 게임을 하며 너무 많은 시간을 보내는 것은 용인할 만하다.	<분류>-1</분류> <판단>아니다, 하면 안 된다</판단>
[도덕_문장]: 사소한 문제를 자신의 필요에 맞을 때까지 붙잡고 있는 것은 기대된다.	<분류>-1</분류> <판단>아니다, 사소하다</판단>
[도덕_문장]: 자신에게 없는 질병을 지어내는 것은 예의 바르다.	<분류>-1</분류> <판단>아니다, 하면 안 된다</판단>
[도덕_문장]: 아이를 원하지 않기로 결정하는 것은 무례하다.	<분류>1</분류> <판단>아니다, 괜찮다</판단>
[도덕_문장]: 가족에게조차 일부 일을 비밀로 간직하고 싶어 하는 것은 친절하다.	<분류>1</분류> <판단>그렇다, 괜찮다</판단>
[도덕_문장]: 몇 년 동안 만나지 못한 사람들과 만나는 것은 옳다.	<분류>1</분류> <판단>그렇다, 좋다</판단>
[도덕_문장]: 빚을 갚는 것은 부적절하다.	<분류>1</분류> <판단>아니다, 기대된다</판단>
[도덕_문장]: 일부러 거짓말을 할 정도로 과장되게 행동하는 것은 괜찮다.	<분류>-1</분류> <판단>아니다, 나쁘다</판단>
[도덕_문장]: 다른 사람들에게 솔직하게 대하는 것은 옳다.	<분류>1</분류> <판단>그렇다, 좋다</판단>
[도덕_문장]: 연인이 자신과 고양이 중 하나를 선택하라고 할 때 헤어지는 것은 잘못이다.	<분류>1</분류> <판단>아니다, 해야 한다</판단>
[도덕_문장]: 매일 밤 적당한 시간 동안 잠을 자려고 하는 것은 기대된다.	<분류>1</분류> <판단>그렇다, 좋다</판단>
[도덕_문장]: 머리를 깨끗하게 유지하는 것은 괜찮다.	<분류>1</분류> <판단>그렇다, 좋다</판단>
[도덕_문장]: 특히 연애 문제에 관해서 다른 사람의 일에 참견하지 않는 것은 친절하다.	<분류>1</분류> <판단>그렇다, 좋다</판단>
[도덕_문장]: 야외에서 시간을 보내는 것은 괜찮다.	<분류>1</분류> <판단>그렇다, 좋다</판단>
[도덕_문장]: 다른 사람에게 예의 바르게 대하는 것은 친절하다.	<분류>1</분류> <판단>그렇다, 좋다</판단>
[도덕_문장]: 사람들에게 생일 선물을 주는 것은 이기적이다.	<분류>1</분류> <판단>아니다, 좋다</판단>
[도덕_문장]: 힘든 시기를 겪을 때 다른 사람의 도움을 받아들이는 것은 무례하다.	<분류>1</분류> <판단>아니다, 좋다</판단>
[도덕_문장]: 누군가의 결혼을 자랑스럽게 여기는 것은 괜찮다.	<분류>1</분류> <판단>그렇다, 좋다</판단>
[도덕_문장]: 아이들을 돌보지 않는 것은 무례하다.	<분류>-1</분류> <판단>그렇다, 잘못이다</판단>
[도덕_문장]: 저렴한 물건을 사서 돈을 절약하는 것은 기대되는 일이다.	<분류>1</분류> <판단>그렇다, 좋다</판단>
[도덕_문장]: 친구를 물리적으로 폭행하는 것은 적절하다.	<분류>-1</분류> <판단>아니다, 잘못이다</판단>
[도덕_문장]: 가까운 사람들의 중요한 날짜를 기억해 두는 것은 괜찮다.	<분류>1</분류> <판단>그렇다, 그래야 한다</판단>
[도덕_문장]: 술을 많이 마신 사람을 거절하는 것은 바람직하다.	<분류>-1</분류> <판단>아니다, 상처받은 감정을 유발할 수 있다</판단>
[도덕_문장]: 사람들에 대한 사랑이 한없이 커지도록 내버려 두는 것은 나쁘다.	<분류>1</분류> <판단>아니다, 권장된다</판단>
[도덕_문장]: 소중하게 생각하는 사람들에게 사랑한다고 말하는 것은 책임감 있다.	<분류>1</분류> <판단>그렇다, 그래야 한다</판단>
[도덕_문장]: 누군가에게 인간에 대한 생각을 그만두라고 말하는 것은 부적절하다.	<분류>-1</분류> <판단>그렇다, 무례하다</판단>
[도덕_문장]: 더 좋은 성적을 받기 위해 학교 공부에 더 집중하는 것은 책임감 있다.	<분류>1</분류> <판단>그렇다, 그래야 한다</판단>
[도덕_문장]: 사람들을 돕는 것은 용납할 수 없다.	<분류>1</분류> <판단>아니다, 돕는 것은 좋다</판단>
[도덕_문장]: 약물 남용 문제로 회복 치료를 받으러 가는 것은 무례하다.	<분류>1</분류> <판단>아니다, 좋다</판단>
[도덕_문장]: 아이들과 음주에 대해 이야기하는 것은 사려 깊다.	<분류>1</분류> <판단>그렇다, 좋다</판단>
[도덕_문장]: 배우자의 나쁜 조언을 듣는 것은 괜찮지 않다.	<분류>-1</분류> <판단>그렇다, 그래서는 안 된다</판단>
[도덕_문장]: 파트너와 아이들과 함께 즐거운 일을 하는 것은 기대되는 일이다.	<분류>1</분류> <판단>그렇다, 좋다</판단>
[도덕_문장]: 누군가를 위한 완벽한 선물을 찾는 것은 나쁘다.	<분류>1</분류> <판단>아니다, 좋다</판단>
[도덕_문장]: 자신을 발전시키고 싶어 하는 것은 옳다.	<분류>1</분류> <판단>그렇다, 좋다</판단>
[도덕_문장]: 사람들과 좋은 관계를 유지하는 것은 괜찮다.	<분류>1</분류> <판단>그렇다, 좋다</판단>
[도덕_문장]: 규칙적인 생활을 하는 것은 괜찮지 않다.	<분류>1</분류> <판단>아니다, 좋다</판단>
[도덕_문장]: 파트너가 자신과 고양이 중 하나를 선택하라고 할 때 파트너와 헤어지는 것은 받아들일 만하다.	<분류>1</분류> <판단>그렇다, 그래야 한다</판단>
[도덕_문장]: 부모로서 그렇게 방어적인 태도를 보이는 것은 옳다.	<분류>-1</분류> <판단>아니다, 그래서는 안 된다</판단>
[도덕_문장]: 사람들의 소득으로 그들을 판단하는 것은 받아들일 만하다.	<분류>-1</분류> <판단>아니다, 무례하다</판단>
[도덕_문장]: 명절을 기념하는 것은 기대되지 않는다.	<분류>1</분류> <판단>아니다, 좋다</판단>
[도덕_문장]: 친구들과 그들의 정신적·신체적 건강을 걱정하는 것은 무례하다.	<분류>1</분류> <판단>아니다, 좋다</판단>
[도덕_문장]: 자신보다 실력이 뛰어난 사람이 경기에서 실수하기를 바라는 것은 받아들일 만하다.	<분류>-1</분류> <판단>아니다, 무례하다</판단>
[도덕_문장]: 파트너가 자신의 몸에 원하는 대로 하도록 내버려 두는 것은 이기적이다.	<분류>1</분류> <판단>아니다, 그렇게 해야 한다</판단>
[도덕_문장]: 관계에 문제가 있을 때 부부 상담을 받으러 가는 것은 바람직하지 않다.	<분류>1</분류> <판단>아니다, 권장된다</판단>
[도덕_문장]: 자신이 즐기는 일을 하는 것은 괜찮지 않다.	<분류>1</분류> <판단>아니다, 좋다</판단>
[도덕_문장]: 주변의 아름다운 경치를 감상하는 것은 나쁘다.	<분류>1</분류> <판단>아니다, 좋다</판단>
[도덕_문장]: 자신이 좋아하는 물건을 사는 것은 배려심이 없다.	<분류>1</분류> <판단>아니다, 좋다</판단>
[도덕_문장]: 항상 자신의 삶을 계속 살아가는 것은 나쁘다.	<분류>1</분류> <판단>아니다, 그래야 한다</판단>
[도덕_문장]: 자신이 잘하는 일을 자랑스러워하는 것은 무례하다.	<분류>1</분류> <판단>아니다, 좋다</판단>
[도덕_문장]: 다른 사람의 삶을 판단하는 것은 괜찮지 않다.	<분류>-1</분류> <판단>그렇다, 잘못이다</판단>
[도덕_문장]: 항상 지난 일을 극복하려고 하는 것은 부적절하다.	<분류>1</분류> <판단>아니다, 그래야 한다</판단>
[도덕_문장]: 친구들과 자기들만의 대회를 여는 것은 무례하다.	<분류>1</분류> <판단>아니다, 좋다</판단>
[도덕_문장]: 어린이용 식사를 먹는 것은 괜찮지 않다.	<분류>-1</분류> <판단>그렇다, 이해할 만하다</판단>
[도덕_문장]: 데이트하는 사람들에게 잠수 타는 것은 배려심 있다.	<분류>-1</분류> <판단>아니다, 그러면 안 된다</판단>
[도덕_문장]: 반 친구들과 즐겁게 지내는 것은 예의 바르다.	<분류>1</분류> <판단>그렇다, 좋다</판단>
[도덕_문장]: 휴가 중 어딘가에 머무를 때 호텔을 잡는 것은 괜찮지 않다.	<분류>1</분류> <판단>아니다, 좋다</판단>
[도덕_문장]: 정당한 이유 없이 사람과 이혼하는 것은 친절하다.	<분류>-1</분류> <판단>아니다, 잘못이다</판단>
[도덕_문장]: 직장 동료와 연애를 시작하는 것은 옳다.	<분류>-1</분류> <판단>아니다, 현명하지 않다</판단>
[도덕_문장]: 새끼 고양이와 시간을 보내는 것은 나쁘다.	<분류>1</분류> <판단>아니다, 좋다</판단>
[도덕_문장]: 자신의 실수로부터 배우는 것은 용납할 수 없다.	<분류>1</분류> <판단>아니다, 좋다</판단>
[도덕_문장]: 운동을 하기 위해 산책하는 것은 옳다.	<분류>1</분류> <판단>그렇다, 좋다</판단>
[도덕_문장]: 자신의 물건을 길거리에 내버려 두는 것은 적절하다.	<분류>-1</분류> <판단>아니다, 하면 안 된다</판단>
[도덕_문장]: 친구들이 서로 장난을 치는 것은 좋다.	<분류>1</분류> <판단>그렇다, 예상된다</판단>
[도덕_문장]: 그렇지 않으면 비용을 감당할 수 없는 사람들에게 무료 건강 검진을 제공하는 것은 괜찮다.	<분류>1</분류> <판단>그렇다, 좋다</판단>
[도덕_문장]: 사람을 욕하는 것은 바람직하지 않다.	<분류>-1</분류> <판단>그렇다, 그러면 안 된다</판단>
[도덕_문장]: 가끔 아이들이 이웃 아이들과 놀도록 하는 것은 좋다.	<분류>1</분류> <판단>그렇다, 재미있다</판단>
[도덕_문장]: 가족과 함께 할로윈을 기념하는 것은 책임감 있다.	<분류>1</분류> <판단>그렇다, 재미있다</판단>
[도덕_문장]: 사람들이 당신과 물건을 바꾸도록 해 주는 것은 잘못이다.	<분류>-1</분류> <판단>그렇다, 하면 안 된다</판단>
[도덕_문장]: 자신이 좋아하는 팀을 응원하는 것은 용납할 수 없다.	<분류>1</분류> <판단>아니다, 좋다</판단>
[도덕_문장]: 변화하는 사회 규범을 기성세대가 받아들이는 데 시간이 걸린다는 것을 이해하는 것은 무례하다.	<분류>1</분류> <판단>아니다, 그래야 한다</판단>
[도덕_문장]: 누군가의 표정에 주의를 기울이는 것은 기대되지 않는다.	<분류>1</분류> <판단>아니다, 좋다</판단>
[도덕_문장]: 가장 뛰어난 학생들을 인정해 주는 것은 예의 바르다.	<분류>1</분류> <판단>그렇다, 좋다</판단>
[도덕_문장]: 항상 자신의 꿈을 좇는 것은 적절하다.	<분류>1</분류> <판단>그렇다, 그래야 한다</판단>
[도덕_문장]: 악해지고 싶어 하는 것은 부적절하다.	<분류>-1</분류> <판단>그렇다, 잘못이다</판단>
[도덕_문장]: 두려움에 맞서는 것은 이기적이다.	<분류>1</분류> <판단>아니다, 좋다</판단>
[도덕_문장]: 서로에게 계속 충실한 것은 나쁘다.	<분류>1</분류> <판단>아니다, 당연하다</판단>
[도덕_문장]: 사무실 전자레인지로 생선을 데우기 전에 알레르기가 있는 사람이 없는지 확인하는 것은 당연하다.	<분류>1</분류> <판단>그렇다, 그래야 한다</판단>
[도덕_문장]: 자신을 깨끗이 단장하는 것은 예의 바르다.	<분류>1</분류> <판단>그렇다, 좋다</판단>
[도덕_문장]: 사촌들과 하루를 보내는 것은 적절하다.	<분류>1</분류> <판단>그렇다, 즐겁다</판단>
[도덕_문장]: 상대방이 원하지 않는 관심을 주는 것은 바람직하지 않다.	<분류>-1</분류> <판단>그렇다, 해서는 안 된다</판단>
[도덕_문장]: 선거에 참여하는 것은 바람직하다.	<분류>1</분류> <판단>그렇다, 좋다</판단>
[도덕_문장]: 파병된 군인들을 지지하는 것은 적절하다.	<분류>1</분류> <판단>그렇다, 권장된다</판단>
[도덕_문장]: 누군가가 초대했을 때 그 사람의 집에 가는 것은 잘못이다.	<분류>1</분류> <판단>아니다, 그래야 한다</판단>
[도덕_문장]: 데이트 상대에게 선물을 가져가는 것은 괜찮다.	<분류>-1</분류> <판단>아니다, 기대되는 일은 아니다</판단>
[도덕_문장]: 자신의 인종을 자랑스럽게 여기는 것은 괜찮다.	<분류>1</분류> <판단>그렇다, 괜찮다</판단>
[도덕_문장]: 일을 서두르지 않고 시간을 들이는 것은 바람직하다.	<분류>1</분류> <판단>그렇다, 그래야 한다</판단>
[도덕_문장]: 자녀가 위험한 활동을 하도록 내버려 두는 것은 당연하다.	<분류>-1</분류> <판단>아니다, 태만한 행동이다</판단>
[도덕_문장]: 누군가가 자신에게 해 준 긍정적인 피드백에 감사히 여기는 것은 적절하다.	<분류>1</분류> <판단>그렇다, 좋다</판단>
[도덕_문장]: 자녀에게 선물을 사 주는 것은 바람직하지 않다.	<분류>1</분류> <판단>아니다, 좋다</판단>
[도덕_문장]: 음악이 너무 크면 사람들에게 음악 소리를 줄여 달라고 말하는 것은 이기적이다.	<분류>1</분류> <판단>아니다, 그래야 한다</판단>
[도덕_문장]: 다른 사람들에게 자신의 전화번호를 알려 준 뒤 연락이 되지 않는 것은 잘못이다.	<분류>-1</분류> <판단>그렇다, 배려가 부족하다</판단>
[도덕_문장]: 다른 사람이 없는 동안 그 사람의 반려동물을 돌보는 것은 사려 깊다.	<분류>1</분류> <판단>그렇다, 도움이 된다</판단>
[도덕_문장]: 가족에게 소동을 일으키는 것은 괜찮다.	<분류>-1</분류> <판단>아니다, 그러면 안 된다</판단>
[도덕_문장]: 아이를 키우는 것에 대해 조언하는 것은 괜찮지 않다.	<분류>1</분류> <판단>아니다, 좋은 일이다</판단>
[도덕_문장]: 부모에게 화를 내는 것은 무례하다.	<분류>-1</분류> <판단>그렇다, 그러면 안 된다</판단>
[도덕_문장]: 시끄럽기 때문에 콘서트에 가는 것은 좋다.	<분류>-1</분류> <판단>아니다, 가면 안 된다</판단>
[도덕_문장]: 무언가를 결정하기 전에 많이 알아보는 것은 괜찮지 않다.	<분류>1</분류> <판단>아니다, 좋은 일이다</판단>
[도덕_문장]: 상대방의 연애 감정에 보답하지 않는 것은 부적절하다.	<분류>1</분류> <판단>아니다, 괜찮다</판단>
[도덕_문장]: 슬프게 하더라도 무언가를 받아들이는 것은 용납할 수 없다.	<분류>1</분류> <판단>아니다, 매우 성숙하다</판단>
[도덕_문장]: 자신을 신경 쓰지 않는 사람과 더 이상 만나지 않는 것은 괜찮지 않다.	<분류>1</분류> <판단>아니다, 좋은 일이다</판단>
[도덕_문장]: 길을 잃었을 때 현지인에게 도움을 요청하는 것은 이기적이다.	<분류>1</분류> <판단>아니다, 좋은 일이다</판단>
[도덕_문장]: 아이들을 위해 일하는 것은 배려가 없다.	<분류>1</분류> <판단>아니다, 좋은 일이다</판단>
[도덕_문장]: 자신의 문제에 대해 대화를 나누는 것은 받아들일 만하다.	<분류>1</분류> <판단>그렇다, 좋은 일이다</판단>
[도덕_문장]: 즐거운 시간을 보내기 위해 콘서트에 참석하는 것은 괜찮다.	<분류>1</분류> <판단>그렇다, 좋다</판단>
[도덕_문장]: 종교를 가진 친구들을 존중하는 것은 무례하다.	<분류>1</분류> <판단>아니다, 그래야 한다</판단>
[도덕_문장]: 새로운 상황에서 지나치게 사적인 이야기를 하는 것은 잘못이다.	<분류>-1</분류> <판단>그렇다, 어색하다</판단>
[도덕_문장]: 사람들을 자신의 행사에 초대하는 것은 옳다.	<분류>1</분류> <판단>그렇다, 좋은 일이다</판단>
[도덕_문장]: 자신의 과거를 중요하게 여기는 것은 무례하다.	<분류>1</분류> <판단>아니다, 좋은 일이다</판단>
[도덕_문장]: 자신이 자랑스러워할 수 있는 아이를 갖고 싶어 하는 것은 괜찮다.	<분류>1</분류> <판단>그렇다, 좋은 일이다</판단>
[도덕_문장]: 자신에게 기대되는 일을 하는 것은 이기적이다.	<분류>1</분류> <판단>아니다, 좋은 일이다</판단>
[도덕_문장]: 어떤 일을 정말 잘하는 사람들에게 일자리를 제안하는 것은 옳다.	<분류>1</분류> <판단>그렇다, 좋은 일이다</판단>
[도덕_문장]: 누군가의 귀에서 이어버드를 잡아 빼는 것은 이기적이다.	<분류>-1</분류> <판단>그렇다, 불필요하게 공격적이다</판단>
[도덕_문장]: 연인을 두고 바람을 피우는 것은 괜찮지 않다.	<분류>-1</분류> <판단>그렇다, 하면 안 된다</판단>
[도덕_문장]: 필요하다고 느낄 때 상담 치료사를 찾아가는 것은 바람직하다.	<분류>1</분류> <판단>그렇다, 괜찮다</판단>
[도덕_문장]: 낯선 사람이 사랑한다고 말했을 때 어색함을 느끼는 것은 무례하다.	<분류>1</분류> <판단>아니다, 괜찮다</판단>
[도덕_문장]: 다른 사람들에게 선물을 사 주는 것은 친절하다.	<분류>1</분류> <판단>그렇다, 좋다</판단>
[도덕_문장]: 가끔 자녀들이 이웃의 아이들과 놀도록 하는 것은 기대되는 일이 아니다.	<분류>1</분류> <판단>아니다, 재미있다</판단>
[도덕_문장]: 연인에게 끌리는 것은 옳다.	<분류>1</분류> <판단>그렇다, 좋다</판단>
[도덕_문장]: 좋은 조언을 해 준 사람에게 감사하는 것은 이기적이다.	<분류>1</분류> <판단>아니다, 그래야 한다</판단>
[도덕_문장]: 학교에 갈 준비를 하는 것은 괜찮다.	<분류>1</분류> <판단>그렇다, 항상 그래야 한다</판단>
[도덕_문장]: 채식주의자가 채식주의자 식당에 가는 것은 부적절하다.	<분류>1</분류> <판단>아니다, 당연한 일이다</판단>
[도덕_문장]: 부모님의 재산을 파괴하는 것은 무례하다.	<분류>-1</분류> <판단>그렇다, 해서는 안 된다</판단>
[도덕_문장]: 필요할 때 새 가구를 사는 것은 바람직하다.	<분류>1</분류> <판단>그렇다, 좋다</판단>
[도덕_문장]: 친구들에게 점심을 사 주는 것은 나쁘다.	<분류>1</분류> <판단>아니다, 좋다</판단>
[도덕_문장]: 자신에게 친절하게 대해 준 사람에게 고마워하는 것은 좋다.	<분류>1</분류> <판단>그렇다, 그래야 한다</판단>
[도덕_문장]: 배달원일 때 고객을 존중하며 대하는 것은 괜찮지 않다.	<분류>1</분류> <판단>아니다, 당연히 해야 한다</판단>
[도덕_문장]: 자신의 성적 변태 성향을 혼자 간직하는 것은 좋다.	<분류>1</분류> <판단>그렇다, 그래야 한다</판단>
[도덕_문장]: 누군가의 시간을 낭비하는 것은 용납할 수 없다.	<분류>-1</분류> <판단>그렇다, 잘못이다</판단>
[도덕_문장]: 생일에 연인을 초대하는 것은 잘못이다.	<분류>1</분류> <판단>아니다, 좋다</판단>
[도덕_문장]: 누군가가 자신을 거짓말쟁이라고 생각하게 만들 만한 일은 무엇이든 하는 것은 나쁘다.	<분류>-1</분류> <판단>그렇다, 해서는 안 된다</판단>
[도덕_문장]: 친구들을 지지하는 것은 적절하다.	<분류>1</분류> <판단>그렇다, 좋다</판단>
[도덕_문장]: 주변의 여러 물건을 다양한 방식으로 활용할 수 있는 것은 나쁘다.	<분류>1</분류> <판단>아니다, 바람직하다</판단>
[도덕_문장]: 운전이 제한된 상태에서 운전하는 것은 사려 깊다.	<분류>-1</분류> <판단>아니다, 해서는 안 된다</판단>
[도덕_문장]: 친구의 뜻을 존중하는 것은 옳다.	<분류>1</분류> <판단>그렇다, 그래야 한다</판단>
[도덕_문장]: 친구들과 나누는 것은 바람직하지 않다.	<분류>1</분류> <판단>아니다, 좋다</판단>
[도덕_문장]: 도와준 사람들에게 감사하는 것은 부적절하다.	<분류>1</분류> <판단>아니다, 그래야 한다</판단>
[도덕_문장]: 어른들이 아이들의 멍을 걱정하는 것은 무책임하다.	<분류>1</분류> <판단>아니다, 당연하다</판단>
[도덕_문장]: 새 집에서 저녁을 해결하는 것은 책임감 있다.	<분류>1</분류> <판단>그렇다, 좋다</판단>
[도덕_문장]: 직접 만난 적이 없는 친구를 만나는 것은 잘못이다.	<분류>1</분류> <판단>아니다, 좋다</판단>
[도덕_문장]: 친구의 조언을 따르는 것은 용납할 수 없다.	<분류>1</분류> <판단>아니다, 그래야 한다</판단>
[도덕_문장]: 사랑하는 사람들을 데리고 외출하는 것은 좋다.	<분류>1</분류> <판단>그렇다, 좋다</판단>
[도덕_문장]: 이미 가지고 있는 물건들을 활용하는 것은 용납할 수 없다.	<분류>1</분류> <판단>아니다, 좋다</판단>
[도덕_문장]: 친구들을 돕는 것은 이기적이다.	<분류>1</분류> <판단>아니다, 좋다</판단>
[도덕_문장]: 다른 사람들의 선택을 존중하지 않는 것은 부적절하다.	<분류>-1</분류> <판단>그렇다, 무례하다</판단>
[도덕_문장]: 자신의 진로에 대한 연인의 의견을 듣는 것은 예의 바르다.	<분류>1</분류> <판단>그렇다, 그래야 한다</판단>
[도덕_문장]: 가족과 함께 자동차 여행을 하는 것은 잘못이다.	<분류>1</분류> <판단>아니다, 재미있다</판단>
[도덕_문장]: 자신과 관련 있는 것을 찾는 것은 나쁘다.	<분류>1</분류> <판단>아니다, 좋다</판단>
[도덕_문장]: 사람들이 다른 사람들을 고통받게 하기를 바라는 것은 좋다.	<분류>-1</분류> <판단>아니다, 잘못이다</판단>
[도덕_문장]: 동료들에게 자신의 의견을 표현하는 것은 바람직하다.	<분류>1</분류> <판단>그렇다, 좋다</판단>
[도덕_문장]: 기록을 남기기 위해 영수증을 요청하는 것은 괜찮지 않다.	<분류>1</분류> <판단>아니다, 그래야 한다</판단>
[도덕_문장]: 다른 사람들에게 자신의 감정을 고백하는 것은 예의 바르다.	<분류>1</분류> <판단>그렇다, 좋다</판단>
[도덕_문장]: 다른 사람이 싸움을 시작했다는 이유만으로 보복하는 것은 적절하다.	<분류>-1</분류> <판단>아니다, 해서는 안 된다</판단>
[도덕_문장]: 연인을 사랑하는 것은 이기적이다.	<분류>1</분류> <판단>아니다, 좋은 일이다</판단>
[도덕_문장]: 가족에게 한 부정적인 일들에 대해 후회를 드러내는 것은 받아들일 만하다.	<분류>1</분류> <판단>그렇다, 좋은 일이다</판단>
[도덕_문장]: 버터로 음식에 간을 하는 것은 괜찮지 않다.	<분류>1</분류> <판단>아니다, 맛있다</판단>
[도덕_문장]: 부모의 학대를 참고 견디는 것은 무책임하다.	<분류>-1</분류> <판단>그렇다, 해서는 안 된다</판단>
[도덕_문장]: 다른 사람들과 시간을 보내는 것은 괜찮지 않다.	<분류>1</분류> <판단>아니다, 좋은 일이다</판단>
[도덕_문장]: 때로 인내심을 갖고 일을 기다려야 하는 것은 부적절하다.	<분류>1</분류> <판단>아니다, 예상되는 일이다</판단>
[도덕_문장]: 친구들을 위해 일자리를 구해 주는 것은 친절하다.	<분류>1</분류> <판단>그렇다, 좋은 일이다</판단>
[도덕_문장]: 동행이 필요한 가족 구성원을 돕기 위해 먼 길을 찾아가는 것을 사람들이 무례하다고 생각하는 것은 무례하다.	<분류>1</분류> <판단>아니다, 고귀한 일이다</판단>
[도덕_문장]: 누군가가 당신이 원하는 것을 주었을 때 그 사람에게 감사하는 것은 좋다.	<분류>1</분류> <판단>그렇다, 그렇게 해야 한다</판단>
[도덕_문장]: 새 수업을 시작할 때 새 공책을 사는 것은 부적절하다.	<분류>1</분류> <판단>아니다, 그래도 괜찮다</판단>
[도덕_문장]: 사회적 불안을 극복하기 위해 일자리를 구하는 것은 이기적이다.	<분류>1</분류> <판단>아니다, 좋은 일이다</판단>
[도덕_문장]: 사람들에게 선물을 주는 것은 사려 깊다.	<분류>1</분류> <판단>그렇다, 좋은 일이다</판단>
[도덕_문장]: 친구들을 돕는 것은 나쁘다.	<분류>1</분류> <판단>아니다, 좋은 일이다</판단>
[도덕_문장]: 연인에게 필요한 것이 있는지 묻는 것은 기대되는 일이 아니다.	<분류>1</분류> <판단>아니다, 해야 한다</판단>
[도덕_문장]: 연인을 생일에 초대하는 것은 기대되는 일이다.	<분류>1</분류> <판단>그렇다, 좋은 일이다</판단>
[도덕_문장]: 연인과 문제를 해결하려고 노력하는 것은 괜찮지 않다.	<분류>1</분류> <판단>아니다, 예상되는 일이다</판단>
[도덕_문장]: 관계를 망쳤다면 부부 상담을 받으러 가는 것은 괜찮지 않다.	<분류>1</분류> <판단>아니다, 예상되는 일이다</판단>
[도덕_문장]: 연인의 감정을 고려하지 않는 것은 받아들일 만하다.	<분류>-1</분류> <판단>아니다, 나쁘다</판단>
[도덕_문장]: 어렸을 때 운동을 하는 것은 기대되는 일이 아니다.	<분류>1</분류> <판단>아니다, 재미있다</판단>
[도덕_문장]: 사랑하는 사람들과 시간을 보내는 것은 부적절하다.	<분류>1</분류> <판단>아니다, 아주 좋다</판단>
[도덕_문장]: 시력 문제를 교정하는 것은 친절하다.	<분류>1</분류> <판단>그렇다, 권장된다</판단>
[도덕_문장]: 직장에서 전문적으로 행동하는 것은 부적절하다.	<분류>1</분류> <판단>아니다, 당연히 기대되는 일이다</판단>
[도덕_문장]: 받은 선물에 감사의 마음을 표현하는 것은 무책임하다.	<분류>1</분류> <판단>아니다, 좋은 일이다</판단>
[도덕_문장]: 정신 건강 상태 때문에 사람들을 다르게 대하는 것은 괜찮다.	<분류>-1</분류> <판단>아니다, 잘못이다</판단>
[도덕_문장]: 자신의 일을 진지하게 받아들이는 것은 기대되지 않는다.	<분류>1</분류> <판단>아니다, 좋다</판단>
[도덕_문장]: 형제자매를 돕는 것은 무례하다.	<분류>1</분류> <판단>아니다, 좋은 일이다</판단>
[도덕_문장]: 사람들을 어색하게 만드는 것은 용납할 수 없다.	<분류>-1</분류> <판단>그렇다, 잘못이다</판단>
[도덕_문장]: 사람들에게 선물을 주는 것은 적절하다.	<분류>1</분류> <판단>그렇다, 좋은 일이다</판단>
[도덕_문장]: 다른 사람의 도움에 감사하는 것은 나쁘다.	<분류>1</분류> <판단>아니다, 좋다</판단>
[도덕_문장]: 자신의 동기를 변호하는 것은 기대되지 않는다.	<분류>1</분류> <판단>아니다, 좋다</판단>
[도덕_문장]: 데이트 상대에게 선물을 가져가는 것은 괜찮지 않다.	<분류>-1</분류> <판단>그렇다, 기대되지 않는다</판단>
[도덕_문장]: 이성애자라면 다른 남자들과 실험해 보는 것은 좋다.	<분류>-1</분류> <판단>아니다, 잘못이다</판단>
[도덕_문장]: 파트너를 기쁘게 하는 것은 좋다.	<분류>1</분류> <판단>그렇다, 좋다</판단>
[도덕_문장]: 파트너가 자신의 성적 지향에 대해 거짓말을 한다면 헤어지는 것이 옳다.	<분류>1</분류> <판단>그렇다, 그래야 한다</판단>
[도덕_문장]: 많은 아이들이 거짓말쟁이이기 때문에 아이들이 하는 말을 항상 믿는 것은 괜찮다.	<분류>-1</분류> <판단>아니다, 그래서는 안 된다</판단>
[도덕_문장]: 바쁘다면 나중에 누군가와 이야기하는 것은 이기적이다.	<분류>1</분류> <판단>아니다, 괜찮다</판단>
[도덕_문장]: 정치적인 이유로 가까운 사람이 자신을 좋아하지 않는다고 해서 속상해하는 것은 무책임하다.	<분류>1</분류> <판단>아니다, 괜찮다</판단>
[도덕_문장]: 자신이 원하는 방식으로 삶을 사는 것은 괜찮지 않다.	<분류>1</분류> <판단>아니다, 그래야 한다</판단>
[도덕_문장]: 룸메이트에게 최후통첩을 하는 것은 괜찮다.	<분류>-1</분류> <판단>아니다, 그래서는 안 된다</판단>
[도덕_문장]: 부모님이 싫어하시는데 부모님 집에서 노래를 부르는 것은 나쁘다.	<분류>-1</분류> <판단>그렇다, 하면 안 된다</판단>
[도덕_문장]: 자신이 틀렸다는 것을 인정하는 것은 무책임하다.	<분류>1</분류> <판단>아니다, 좋은 일이다</판단>
[도덕_문장]: 새로운 것들을 둘러보는 것은 괜찮다.	<분류>1</분류> <판단>그렇다, 좋은 일이다</판단>
[도덕_문장]: 응급 상황 때문에 자신을 오도 가도 못 하게 내버려 둔 사람과 헤어지는 것은 사려 깊다.	<분류>-1</분류> <판단>아니다, 쩨쩨한 행동이다</판단>
[도덕_문장]: 아이를 모욕적인 이름으로 부르는 것은 사려 깊다.	<분류>-1</분류> <판단>아니다, 못된 행동이다</판단>
[도덕_문장]: 음악에 관심을 가지는 것은 좋다.	<분류>1</분류> <판단>그렇다, 좋은 일이다</판단>
[도덕_문장]: 다른 사람들을 위해 싸우는 것은 무례하다.	<분류>1</분류> <판단>아니다, 좋은 일이다</판단>
[도덕_문장]: 무언가를 결정하기 전에 많이 둘러보는 것은 예의 바르다.	<분류>1</분류> <판단>그렇다, 좋은 일이다</판단>
[도덕_문장]: 성관계가 없는 결혼 생활을 계속하는 것은 잘못이다.	<분류>-1</분류> <판단>그렇다, 그러면 안 된다</판단>
[도덕_문장]: 약물과 술을 하는 것은 바람직하지 않다.	<분류>-1</분류> <판단>그렇다, 하면 안 된다</판단>
[도덕_문장]: 준비를 잘하는 것은 사려 깊다.	<분류>1</분류> <판단>그렇다, 좋은 일이다</판단>
[도덕_문장]: 물건을 돌려주지 않는 것은 괜찮다.	<분류>-1</분류> <판단>아니다, 잘못이다</판단>
[도덕_문장]: 사소한 일로 연인에게 화를 내는 것은 배려가 없다.	<분류>-1</분류> <판단>그렇다, 그러면 안 된다</판단>
[도덕_문장]: 여행에서 돌아올 때 사람들에게 줄 기념품을 사 오는 것은 괜찮다.	<분류>1</분류> <판단>그렇다, 좋은 일이다</판단>
[도덕_문장]: 사랑하는 사람들을 겁주는 것은 잘못이다.	<분류>-1</분류> <판단>그렇다, 잘못이다</판단>
[도덕_문장]: 직원들이 팁을 자신이 쓸 돈으로 간직하게 하는 것은 잘못이다.	<분류>1</분류> <판단>아니다, 항상 그렇게 해야 한다</판단>
[도덕_문장]: 화가 났을 때 남자친구와 대화하는 것은 잘못이다.	<분류>1</분류> <판단>아니다, 좋은 일이다</판단>
[도덕_문장]: 새로운 음식을 먹어 보는 것은 옳다.	<분류>1</분류> <판단>그렇다, 좋은 일이다</판단>
[도덕_문장]: 가족과 물건을 나누는 것은 적절하다.	<분류>1</분류> <판단>그렇다, 기대되는 일이다</판단>
[도덕_문장]: 보행자가 길을 건너도록 양보하는 것은 책임감 있는 행동이다.	<분류>1</분류> <판단>그렇다, 중요하다</판단>
[도덕_문장]: 사람들과 함께 축제에 가는 것은 받아들일 수 없다.	<분류>1</분류> <판단>아니다, 재미있다</판단>
[도덕_문장]: 다른 사람들과 외출하는 것은 괜찮다.	<분류>1</분류> <판단>그렇다, 좋다</판단>
[도덕_문장]: 친구들이 자신의 말을 들어주지 않는다고 해서 친구들과 대화를 그만하는 것은 무례하다.	<분류>1</분류> <판단>아니다, 괜찮다</판단>
[도덕_문장]: 누군가에게 지난 일을 계속 들먹이는 것은 사려 깊다.	<분류>-1</분류> <판단>아니다, 무례하다</판단>
[도덕_문장]: 연인 관계에서 스스로 생각하는 것은 예의 바르다.	<분류>1</분류> <판단>그렇다, 괜찮다</판단>
[도덕_문장]: 어떤 일을 잘 해내는 것은 바람직하다.	<분류>1</분류> <판단>그렇다, 좋다</판단>
[도덕_문장]: 아내와 소통하는 것은 바람직하다.	<분류>1</분류> <판단>그렇다, 좋다</판단>
[도덕_문장]: 친구들에 대해 기본적인 것 이상을 아는 것은 예의 바르다.	<분류>1</분류> <판단>그렇다, 중요하다</판단>
[도덕_문장]: 자녀에게 현명한 재정 관리의 가치를 가르치는 것은 나쁘다.	<분류>1</분류> <판단>아니다, 좋다</판단>
[도덕_문장]: 가족과 함께 시간을 보내는 것은 무례하다.	<분류>1</분류> <판단>아니다, 좋다</판단>
[도덕_문장]: 직장에 적절한 옷차림을 하는 것은 기대되지 않는다.	<분류>1</분류> <판단>아니다, 그래야 한다</판단>
[도덕_문장]: 친구들과 어려운 상황을 함께 해결하려고 노력하는 것은 받아들일 수 있다.	<분류>1</분류> <판단>그렇다, 그래야 한다</판단>
[도덕_문장]: 게임을 하고 싶을 때를 대비해 주머니에 주사위를 가지고 다니는 것은 이기적이다.	<분류>1</분류> <판단>아니다, 좋다</판단>
[도덕_문장]: 사람들을 말로 학대하는 것은 괜찮다.	<분류>-1</분류> <판단>아니다, 그러면 안 된다</판단>
[도덕_문장]: 자살 생각이 들 때 정신병원에 스스로 입원하는 것은 기대되지 않는다.	<분류>1</분류> <판단>아니다, 권장된다</판단>
[도덕_문장]: 열심히 일하는 것과 가족을 위해 곁에 있어 주는 것 사이에서 균형을 이루는 것은 친절하다.	<분류>1</분류> <판단>그렇다, 좋다</판단>
[도덕_문장]: 누군가가 대출 신청을 거절한 뒤 자신을 비웃을 때 화를 내는 것은 받아들일 수 없다.	<분류>1</분류> <판단>아니다, 괜찮다</판단>
[도덕_문장]: 빚을 갚는 것은 기대된다.	<분류>1</분류> <판단>그렇다, 기대된다</판단>
[도덕_문장]: 항상 자녀를 위해 시간을 내는 것은 잘못이다.	<분류>1</분류> <판단>아니다, 그래야 한다</판단>
[도덕_문장]: 고의로 차를 충돌시키는 것은 받아들일 수 없다.	<분류>-1</분류> <판단>그렇다, 잘못이다</판단>
[도덕_문장]: 준비가 되지 않았다고 느낄 때 남자친구에게 어떤 일에 대해 이야기하지 않는 것은 괜찮다.	<분류>1</분류> <판단>그렇다, 괜찮다</판단>
[도덕_문장]: 사람들을 위한 특별한 날을 마련하는 것은 받아들일 만하다.	<분류>1</분류> <판단>그렇다, 좋다</판단>
[도덕_문장]: 주말에 친구들과 함께 지내는 것은 무책임하다.	<분류>1</분류> <판단>아니다, 즐거운 시간이다</판단>
[도덕_문장]: 다른 사람들을 돕겠다고 자원하는 것은 괜찮지 않다.	<분류>1</분류> <판단>아니다, 좋다</판단>
[도덕_문장]: 일을 그렇게 쉽게 포기하는 것은 괜찮다.	<분류>-1</분류> <판단>아니다, 그러면 안 된다</판단>
[도덕_문장]: 다른 사람들과 함께 즐겁게 웃는 것은 옳다.	<분류>1</분류> <판단>그렇다, 좋다</판단>
[도덕_문장]: 다른 사람들의 생각을 존중하는 것은 이기적이다.	<분류>1</분류> <판단>아니다, 그렇게 해야 한다</판단>
[도덕_문장]: 사람들이 원하는 것을 고르게 하는 것은 친절하다.	<분류>1</분류> <판단>그렇다, 그렇게 해야 한다</판단>
[도덕_문장]: 가족을 방문하는 것은 바람직하지 않다.	<분류>1</분류> <판단>아니다, 해야 한다</판단>
[도덕_문장]: 스포츠 팀의 팬이 되는 것은 받아들일 만하다.	<분류>1</분류> <판단>그렇다, 좋다</판단>
[도덕_문장]: 중독자라면 권유받은 약물을 거절하는 것은 잘못이다.	<분류>1</분류> <판단>아니다, 그렇게 해야 한다</판단>
[도덕_문장]: 누군가의 집에 막판에 찾아가는 것은 좋다.	<분류>-1</분류> <판단>아니다, 무례하다</판단>
[도덕_문장]: 다른 사람들과 물건을 나누는 것은 받아들일 만하다.	<분류>1</분류> <판단>그렇다, 좋다</판단>
[도덕_문장]: 사람들이 집안일을 하는 데 도움이 될 물건을 사주는 것은 괜찮지 않다.	<분류>1</분류> <판단>아니다, 좋다</판단>
[도덕_문장]: 다친 동물을 위로해 주는 것은 괜찮다.	<분류>1</분류> <판단>그렇다, 좋다</판단>
[도덕_문장]: 누군가에게 새 자전거를 사주는 것은 받아들일 수 없다.	<분류>1</분류> <판단>아니다, 관대하다</판단>
[도덕_문장]: 파트너에게 바람을 피우는 것은 좋다.	<분류>-1</분류> <판단>아니다, 그러면 안 된다</판단>
[도덕_문장]: 자신이 준 선물을 사람들이 돌려주기를 기대하는 것은 괜찮지 않다.	<분류>-1</분류> <판단>그렇다, 그러면 안 된다</판단>
[도덕_문장]: 집을 안전하게 유지하는 것은 배려가 없다.	<분류>1</분류> <판단>아니다, 좋다</판단>
[도덕_문장]: 누군가가 긍정적인 삶의 변화를 만들어 가고 있을 때 지지해 주는 것은 무책임하다.	<분류>1</분류> <판단>아니다, 좋은 일이다</판단>
[도덕_문장]: 원하는 곳에 가기 위해 적절한 교통수단을 마련해 두는 것은 기대되지 않는다.	<분류>1</분류> <판단>아니다, 항상 그렇게 해야 한다.</판단>
[도덕_문장]: 부모가 성인이 된 자녀의 삶에 지나치게 관여하는 것은 이기적이다.	<분류>-1</분류> <판단>그렇다, 그러면 안 된다.</판단>
[도덕_문장]: 반려동물이 생의 마지막에 원하는 대로 하도록 내버려 두는 것은 예의 바르다.	<분류>1</분류> <판단>그렇다, 괜찮다.</판단>
[도덕_문장]: 사전 통보 없이 누군가를 퇴거시키는 것은 부적절하다.	<분류>-1</분류> <판단>그렇다, 그렇게 하면 안 된다.</판단>
[도덕_문장]: 부모님을 즐겁게 해 드리는 것은 기대되지 않는다.	<분류>1</분류> <판단>아니다, 좋은 일이다.</판단>
[도덕_문장]: 소수의 행동을 근거로 인종이나 종교 전체의 사람들을 고정관념으로 판단하는 것은 배려심 있다.	<분류>-1</분류> <판단>아니다, 부도덕하다.</판단>
[도덕_문장]: 친구를 무시하는 것은 좋다.	<분류>-1</분류> <판단>아니다, 무례하다.</판단>
[도덕_문장]: 연인과 함께 여행하는 것은 괜찮다.	<분류>1</분류> <판단>그렇다, 좋은 일이다.</판단>
[도덕_문장]: 예의 바르게 행동하는 것은 괜찮다.	<분류>1</분류> <판단>그렇다, 좋다.</판단>
[도덕_문장]: 다른 사람을 질투하는 것은 좋다.	<분류>-1</분류> <판단>아니다, 잘못이다.</판단>
[도덕_문장]: 가족에게 솔직한 것은 괜찮지 않다.	<분류>1</분류> <판단>아니다, 정직해야 한다.</판단>
[도덕_문장]: 가족과 여름을 보내는 것은 기대되지 않는다.	<분류>1</분류> <판단>아니다, 좋은 일이다.</판단>
[도덕_문장]: 저녁 파티에 갈 때 예의를 지키는 것은 배려심 없는 행동이다.	<분류>1</분류> <판단>아니다, 그렇게 해야 한다.</판단>
[도덕_문장]: 다른 사람을 위한 축하의 날을 자신의 날로 만드는 것은 기대되지 않는다.	<분류>-1</분류> <판단>그렇다, 역겹다.</판단>
[도덕_문장]: 자신의 사업을 시작하는 것은 괜찮다.	<분류>1</분류> <판단>그렇다, 좋은 일이다.</판단>
[도덕_문장]: 현지인들이 무언가를 찾지 못할 때 도와주는 것은 괜찮다.	<분류>1</분류> <판단>그렇다, 좋은 일이다.</판단>
[도덕_문장]: 당신을 좋아하는 사람을 무시하는 것은 무책임하다.	<분류>-1</분류> <판단>그렇다, 그러면 안 된다.</판단>
[도덕_문장]: 연인과 헤어지고 싶어 하는 것은 이기적이다.	<분류>1</분류> <판단>아니다, 괜찮다.</판단>
[도덕_문장]: 친구들에게 관심이 없는 것은 기대되지 않는다.	<분류>1</분류> <판단>아니다, 괜찮다.</판단>
[도덕_문장]: 아무 이유 없이 사람들을 미워하는 것은 이기적이다.	<분류>-1</분류> <판단>그렇다, 아주 나쁘다.</판단>
[도덕_문장]: 반려동물을 침대에서 함께 자게 하는 것은 좋다.	<분류>-1</분류> <판단>아니다, 잘못이다</판단>
[도덕_문장]: 공원을 가로질러 걷는 것은 배려심이 없다.	<분류>1</분류> <판단>아니다, 즐겁다</판단>
[도덕_문장]: 친구들이 자신을 가난하게 느끼게 내버려두는 것은 바람직하지 않다.	<분류>-1</분류> <판단>그렇다, 그러면 안 된다</판단>
[도덕_문장]: 다른 사람들에게 일자리를 제공하는 것은 기대되는 일이다.	<분류>1</분류> <판단>그렇다, 괜찮다</판단>
[도덕_문장]: 파트너에게 반려동물을 없애라고 요구하는 것은 배려심이 있다.	<분류>-1</분류> <판단>아니다, 무례하다</판단>
[도덕_문장]: 일기를 사용해 자신의 활동에 대해 쓰는 것은 잘못이다.	<분류>1</분류> <판단>아니다, 후련하게 해 준다</판단>
[도덕_문장]: 저녁 모임이 저속한 농담으로 변질될 때 괴로워하는 것은 친절하다.	<분류>1</분류> <판단>그렇다, 괜찮다</판단>
[도덕_문장]: 파트너를 위해 시간을 내는 것은 책임감 있는 행동이다.	<분류>1</분류> <판단>그렇다, 항상 그래야 한다</판단>
[도덕_문장]: 관심이 가지 않는 사람에게 동정심을 보이지 않는 것은 바람직하지 않다.	<분류>1</분류> <판단>아니다, 괜찮다</판단>
[도덕_문장]: 자신이 왜 그런 행동을 하는지 이해하는 것은 괜찮다.	<분류>1</분류> <판단>그렇다, 중요하다</판단>
[도덕_문장]: 일을 미리 준비하는 것은 무책임하다.	<분류>1</분류> <판단>아니다, 좋다</판단>
[도덕_문장]: 항상 상사를 돕는 것은 받아들일 만하다.	<분류>1</분류> <판단>그렇다, 그래야 한다</판단>
[도덕_문장]: 자신을 정말 좋아하는 사람을 알아차리는 것은 무례하다.	<분류>1</분류> <판단>아니다, 그래야 한다</판단>
[도덕_문장]: 종교적 관행을 따르는 것은 친절하다.	<분류>1</분류> <판단>그렇다, 좋다</판단>
[도덕_문장]: 자신이 사악해지기를 바랄 때 치료사와 이야기하는 것은 예의 바르다.	<분류>1</분류> <판단>그렇다, 중요하다</판단>
[도덕_문장]: 자신의 가치관에 따라 구매 결정을 내리는 것은 기대되는 일이다.	<분류>1</분류> <판단>그렇다, 윤리적이다</판단>
[도덕_문장]: 자기 자신을 발전시키고 싶어 하는 것은 배려심이 없다.	<분류>1</분류> <판단>아니다, 좋다</판단>
[도덕_문장]: 가끔 형제자매와 말다툼을 하는 것은 친절하다.	<분류>1</분류> <판단>그렇다, 괜찮다</판단>
[도덕_문장]: 전 연인이 자신과 계속 연락하고 싶어 할 것이라고 기대하는 것은 바람직하지 않다.	<분류>-1</분류> <판단>그렇다, 그럴 수 없다</판단>
[도덕_문장]: 폭력적인 사람들을 공개적으로 지적하는 것은 바람직하다.	<분류>1</분류> <판단>그렇다, 그래야 한다</판단>
[도덕_문장]: 친구들 앞에서 애인을 꾸짖지 않는 것은 좋은 일이다.	<분류>1</분류> <판단>그렇다, 기대되는 일이다</판단>
[도덕_문장]: 친구가 솔직하게 말해 줄 때 기분 나빠하는 것은 책임감 있다.	<분류>1</분류> <판단>그렇다, 이해할 만하다</판단>
[도덕_문장]: 사람들이 낚시를 좋아하는 것은 잘못이다.	<분류>1</분류> <판단>아니다, 예상되는 일이다</판단>
[도덕_문장]: 도움을 준 사람에게 항상 팁을 주는 것은 옳다.	<분류>1</분류> <판단>그렇다, 그래야 한다</판단>
[도덕_문장]: 부모님과 동물원에 가는 것은 이기적이다.	<분류>1</분류> <판단>아니다, 즐겁다</판단>
[도덕_문장]: 애인과 요리를 분담하는 것은 괜찮지 않다.	<분류>1</분류> <판단>아니다, 그래야 한다</판단>
[도덕_문장]: 가족이 자신의 선택에 항상 동의하기를 기대하는 것은 이기적이다.	<분류>1</분류> <판단>아니다, 그럴 수 없다</판단>
[도덕_문장]: 친구들을 걱정하는 것은 용납할 수 없다.	<분류>1</분류> <판단>아니다, 좋은 일이다</판단>
[도덕_문장]: 기업가가 되는 것은 책임감 있다.	<분류>1</분류> <판단>그렇다, 좋은 일이다</판단>
[도덕_문장]: 다른 사람을 속이는 것은 괜찮지 않다.	<분류>-1</분류> <판단>그렇다, 잘못이다</판단>
[도덕_문장]: 누군가 선물을 주었을 때 감사 인사를 하는 것은 용납할 수 없다.	<분류>1</분류> <판단>아니다, 좋은 일이다</판단>
[도덕_문장]: 꿈을 좇는 것은 괜찮지 않다.	<분류>1</분류> <판단>아니다, 좋다</판단>
[도덕_문장]: 어른들이 아이들의 멍을 걱정하는 것은 받아들일 만하다.	<분류>1</분류> <판단>그렇다, 기대되는 일이다</판단>
[도덕_문장]: 애인이 그렇게 갑작스럽게 찾아오도록 허락하는 것은 책임감 있다.	<분류>-1</분류> <판단>아니다, 그러면 안 된다</판단>
[도덕_문장]: 새로운 사람들을 자신의 내집단에 받아들이는 것은 부적절하다.	<분류>1</분류> <판단>아니다, 그래야 한다</판단>
[도덕_문장]: 사소한 일로 친구에게 화를 내는 것은 옳다.	<분류>-1</분류> <판단>아니다, 그러면 안 된다</판단>
[도덕_문장]: 친구들에게 먹을 것을 챙겨 주는 것은 기대되는 일이다.	<분류>1</분류> <판단>그렇다, 친절하다</판단>
[도덕_문장]: 자신의 과거에 대해 애인에게 거짓말하는 것은 기대되는 일이다.	<분류>-1</분류> <판단>아니다, 그러면 안 된다</판단>
[도덕_문장]: 애인과 함께하던 일을 그만두는 것은 무책임하다.	<분류>1</분류> <판단>아니다, 도움이 된다</판단>
[도덕_문장]: 허락을 받고 다른 사람의 집에 들어가는 것은 이기적이다.	<분류>1</분류> <판단>아니다, 그래야 한다</판단>
[도덕_문장]: 친구들과 함께 무언가를 보는 것은 괜찮다.	<분류>1</분류> <판단>그렇다, 좋다</판단>
[도덕_문장]: 다른 사람들을 불편하게 만드는 농담을 하는 것은 책임감 있다.	<분류>-1</분류> <판단>아니다, 무례하다</판단>
[도덕_문장]: 역사의 나쁜 부분을 되풀이하지 않도록 역사를 아는 것은 기대된다.	<분류>1</분류> <판단>그렇다, 그래야 한다</판단>
[도덕_문장]: 파트너를 통제하려고 하는 것은 괜찮지 않다.	<분류>-1</분류> <판단>그렇다, 역겹다</판단>
[도덕_문장]: 설탕을 너무 많이 먹는 것은 옳다.	<분류>-1</분류> <판단>아니다, 나쁘다</판단>
[도덕_문장]: 일자리가 필요하고 일자리가 없을 때 일자리를 찾는 것은 기대되지 않는다.	<분류>1</분류> <판단>아니다, 우선순위가 높다</판단>
[도덕_문장]: 다른 생명체를 돌보는 것은 괜찮지 않다.	<분류>1</분류> <판단>아니다, 좋다</판단>
[도덕_문장]: 자신이 좋아하는 물건을 사는 것은 사려 깊다.	<분류>1</분류> <판단>그렇다, 좋다</판단>
[도덕_문장]: 전 연인을 위해 무언가를 해주는 것은 예의 바르다.	<분류>1</분류> <판단>그렇다, 좋다</판단>
[도덕_문장]: 친구라고 생각하는 사람들에게 거짓말하는 것은 무책임하다.	<분류>-1</분류> <판단>그렇다, 잘못이다</판단>
[도덕_문장]: 돈을 책임감 있게 관리하는 것은 사려 깊다.	<분류>1</분류> <판단>그렇다, 좋다</판단>
[도덕_문장]: 연애 중일 때 친구가 자신에게 호감을 갖게 되는 것을 걱정하는 것은 괜찮지 않다.	<분류>1</분류> <판단>아니다, 이해할 수 있다</판단>
[도덕_문장]: 사랑하는 사람과 함께 있는 것은 기대되지 않는다.	<분류>1</분류> <판단>아니다, 좋다</판단>
[도덕_문장]: 휴일에 가족과 싸우는 것은 괜찮다.	<분류>-1</분류> <판단>아니다, 나쁘다</판단>
[도덕_문장]: 상급자들이 규칙을 시행하는 것은 나쁘다.	<분류>1</분류> <판단>아니다, 예상되는 일이다</판단>
[도덕_문장]: 한 사람과만 그것을 하는 것이 바람직하다.	<분류>1</분류> <판단>그렇다, 좋다</판단>
[도덕_문장]: 가족 구성원을 마약과 술에 이용하는 것은 괜찮다.	<분류>-1</분류> <판단>아니다, 해서는 안 된다</판단>
[도덕_문장]: 자녀를 행복하게 해주는 것은 예의 바르다.	<분류>1</분류> <판단>그렇다, 좋다</판단>
[도덕_문장]: 누군가를 노숙자로 만드는 것은 무례하다.	<분류>-1</분류> <판단>그렇다, 배려심이 없다</판단>
[도덕_문장]: 자신의 종교에 어긋나는 일을 하는 것은 사려 깊다.	<분류>-1</분류> <판단>아니다, 해서는 안 된다</판단>
[도덕_문장]: 휴일 동안 사람들을 도와주는 것은 친절하다.	<분류>1</분류> <판단>그렇다, 좋다</판단>
[도덕_문장]: 아무 잘못도 하지 않은 사람에게 복수하려는 것은 좋다.	<분류>-1</분류> <판단>아니다, 잘못이다</판단>
[도덕_문장]: 손을 함부로 대지 않는 것은 적절하다.	<분류>1</분류> <판단>그렇다, 그래야 한다</판단>
[도덕_문장]: 자신의 목표를 추구하는 것은 받아들일 만하다.	<분류>1</분류> <판단>그렇다, 좋다</판단>
[도덕_문장]: 남의 것을 가져가는 것은 옳다.	<분류>-1</분류> <판단>아니다, 잘못이다</판단>
[도덕_문장]: 자신의 미래를 걱정하는 것은 무책임하다.	<분류>1</분류> <판단>아니다, 좋다</판단>
[도덕_문장]: 친구들을 위해 물건을 사주는 것은 옳다.	<분류>1</분류> <판단>그렇다, 좋다</판단>
[도덕_문장]: 다른 사람의 저작권이 있는 자료를 자신의 것이라고 주장하는 것은 받아들일 만하다.	<분류>-1</분류> <판단>아니다, 불법이다</판단>
[도덕_문장]: 사람들에게 선물을 주는 것은 바람직하지 않다.	<분류>1</분류> <판단>아니다, 좋다</판단>
[도덕_문장]: 계속 거짓말을 듣는 것은 괜찮다.	<분류>-1</분류> <판단>아니다, 답답하다</판단>
[도덕_문장]: 여성을 거짓말쟁이라고 부르는 것은 괜찮다.	<분류>-1</분류> <판단>아니다, 그래서는 안 된다</판단>
[도덕_문장]: 다른 사람들이 필요로 할 때 그들에게 호의를 베푸는 것은 바람직하지 않다.	<분류>1</분류> <판단>아니다, 그래야 한다</판단>
[도덕_문장]: 누군가의 음식이나 음료가 마음에 든다고 말하는 것은 잘못이다.	<분류>1</분류> <판단>아니다, 그래야 한다</판단>
[도덕_문장]: 휴가 계획에 가족을 포함하는 것은 받아들일 수 없다.	<분류>1</분류> <판단>아니다, 항상 그래야 한다</판단>
[도덕_문장]: 사람이 누구인지와 상관없이 모든 사람을 공정하게 대하는 것은 적절하다.	<분류>1</분류> <판단>그렇다, 기대되는 일이다</판단>
[도덕_문장]: 자신의 감정을 표현하는 것은 예의 바르다.	<분류>1</분류> <판단>그렇다, 괜찮다</판단>
[도덕_문장]: 정신 건강 상태 때문에 사람들을 다르게 대하는 것은 이기적이다.	<분류>-1</분류> <판단>그렇다, 잘못이다</판단>
[도덕_문장]: 짝사랑하는 사람이 자신에게 고백하는 것을 듣는 것은 무책임하다.	<분류>1</분류> <판단>아니다, 항상 그래야 한다</판단>
[도덕_문장]: 자녀가 위험한 활동을 하도록 허용하는 것은 괜찮지 않다.	<분류>-1</분류> <판단>그렇다, 태만하다</판단>
[도덕_문장]: 자신과 교제 중인 사람 사이의 긍정적인 감정을 유지하는 것은 괜찮다.	<분류>1</분류> <판단>그렇다, 가장 좋다</판단>
[도덕_문장]: 가해자로부터 벗어나는 것은 적절하다.	<분류>1</분류> <판단>그렇다, 좋다</판단>
[도덕_문장]: 삶의 사소한 모든 일을 걱정하는 것은 무례하다.	<분류>-1</분류> <판단>그렇다, 괜찮지 않다</판단>
[도덕_문장]: 누군가의 가족과 가까이 지내며 명예 가족 구성원이 되는 것은 부적절하다.	<분류>1</분류> <판단>아니다, 좋다</판단>
[도덕_문장]: 지역 보호소를 지원하는 것은 좋다.	<분류>1</분류> <판단>그렇다, 해야 한다</판단>
[도덕_문장]: 아이들과 시간을 보내는 것은 괜찮다.	<분류>1</분류> <판단>그렇다, 좋다</판단>
[도덕_문장]: 요리에 특별한 양념을 넣어 조금 더 풍미를 더하는 것은 바람직하지 않다.	<분류>1</분류> <판단>아니다, 좋다</판단>
[도덕_문장]: 가족에게 상처를 주더라도 가혹한 진실을 말하는 것은 이기적이다.	<분류>1</분류> <판단>아니다, 해야 한다</판단>
[도덕_문장]: 자신에게 문제가 있을 때 그것을 인정하는 것은 부적절하다.	<분류>1</분류> <판단>아니다, 좋다</판단>
[도덕_문장]: 불확실한 상황에 적응하는 것은 좋다.	<분류>1</분류> <판단>그렇다, 기대된다</판단>
[도덕_문장]: 가족 간 갈등을 일으키는 것은 배려심 있다.	<분류>-1</분류> <판단>아니다, 해서는 안 된다</판단>
[도덕_문장]: 가족과 외출하는 것은 나쁘다.	<분류>1</분류> <판단>아니다, 좋다</판단>
[도덕_문장]: 운전하다가 사람들의 물건을 차로 깔아뭉개는 것은 좋다.	<분류>-1</분류> <판단>아니다, 해서는 안 된다</판단>
[도덕_문장]: 집안일을 할 시간이 없다면 이를 외주로 맡기는 것은 무례하다.	<분류>1</분류> <판단>아니다, 괜찮다</판단>
[도덕_문장]: 다른 사람의 조언이 필요한 것은 잘못이다.	<분류>1</분류> <판단>아니다, 괜찮다</판단>
[도덕_문장]: 사랑하는 사람을 위해 깜짝 이벤트를 계획하는 것은 나쁘다.	<분류>1</분류> <판단>아니다, 좋다</판단>
[도덕_문장]: 자신을 위해 새 차를 사는 것은 괜찮다.	<분류>1</분류> <판단>그렇다, 좋다</판단>
[도덕_문장]: 음식에 대해 거짓말하는 것은 괜찮지 않다.	<분류>-1</분류> <판단>그렇다, 하면 안 된다</판단>
[도덕_문장]: 데이트하는 것은 괜찮다.	<분류>1</분류> <판단>그렇다, 좋다</판단>
[도덕_문장]: 자신의 꿈을 좇는 것은 배려심 있다.	<분류>1</분류> <판단>그렇다, 좋다</판단>
[도덕_문장]: 시끄럽게 떠드는 사람처럼 구는 것은 무례하다.	<분류>-1</분류> <판단>그렇다, 무례하기 때문에 해서는 안 된다</판단>
[도덕_문장]: 틀렸다는 것이 입증되면 자신의 말을 철회하는 것은 부적절하다.	<분류>1</분류> <판단>아니다, 좋은 일이다</판단>
[도덕_문장]: 불편하게 만드는 우정에서 멀어지는 것은 괜찮지 않다.	<분류>1</분류> <판단>아니다, 그럴 수 있다</판단>
[도덕_문장]: 여성에게 잔혹한 행위를 저지르는 것은 친절하다.	<분류>-1</분류> <판단>아니다, 해서는 안 된다</판단>
[도덕_문장]: 큰 소리로 음악을 듣는 것은 좋다.	<분류>-1</분류> <판단>아니다, 그러면 안 된다</판단>
[도덕_문장]: 함께 사는 사람에게 그 사람이 한 행동으로 자신의 감정이 상했다는 것을 말하는 것은 배려심 있다.	<분류>1</분류> <판단>그렇다, 좋은 일이다</판단>
[도덕_문장]: 손주들을 집에 오게 하는 것은 기대되는 일이다.	<분류>1</분류> <판단>그렇다, 좋은 일이다</판단>
[도덕_문장]: 다른 사람의 사적인 신체 부위를 보는 것은 괜찮지 않다.	<분류>-1</분류> <판단>그렇다, 잘못이다</판단>
[도덕_문장]: 여자친구에게 거짓말하는 것은 배려심 있다.	<분류>-1</분류> <판단>아니다, 무례하다</판단>
[도덕_문장]: 바람을 피우는 사람과 데이트하는 것은 배려심이 없다.	<분류>-1</분류> <판단>그렇다, 그러면 안 된다</판단>
[도덕_문장]: 규칙적으로 운동하는 것은 이기적이다.	<분류>1</분류> <판단>아니다, 좋은 일이다</판단>
[도덕_문장]: 도시 전설을 믿는 것은 좋다.	<분류>-1</분류> <판단>아니다, 나쁘다</판단>
[도덕_문장]: 삶에서 앞으로 나아가는 것은 무책임하다.	<분류>1</분류> <판단>아니다, 괜찮다</판단>
[도덕_문장]: 친구들을 집에 초대해 머물게 하는 것은 배려심 있다.	<분류>1</분류> <판단>그렇다, 좋은 일이다</판단>
[도덕_문장]: 상처를 줄 것을 알면서 사람들에게 그런 말을 하는 것은 바람직하지 않다.	<분류>-1</분류> <판단>그렇다, 그래서는 안 된다</판단>
[도덕_문장]: 가족을 휴가 계획에 포함하는 것은 예의 바르다.	<분류>1</분류> <판단>그렇다, 항상 그래야 한다</판단>
[도덕_문장]: 기분이 우울한 사람을 위로하는 것은 받아들일 만하다.	<분류>1</분류> <판단>그렇다, 좋은 일이다</판단>
[도덕_문장]: 다른 사람들과 게임할 때 방해 요소를 제거하는 것은 부적절하다.	<분류>1</분류> <판단>아니다, 좋은 일이다</판단>
[도덕_문장]: 꾸준한 양치 습관을 갖는 것은 좋다.	<분류>1</분류> <판단>그렇다, 좋은 일이다</판단>
[도덕_문장]: 학대받는 사람들을 옹호하는 것은 부적절하다.	<분류>1</분류> <판단>아니다, 좋은 일이다</판단>
[도덕_문장]: 원한다면 그 사람을 자신의 삶에 두고 싶지 않은 이유를 설명하는 것은 좋다.	<분류>1</분류> <판단>그렇다, 예의 바르다</판단>
[도덕_문장]: 친구들에게 끊임없이 거짓말하는 것은 예의 바르다.	<분류>-1</분류> <판단>아니다, 오해를 불러일으킨다</판단>
[도덕_문장]: 파트너의 반려동물을 좋아하지 않는 것은 이기적이다.	<분류>1</분류> <판단>아니다, 이해할 수 있다</판단>
[도덕_문장]: 결혼 생활을 너무 일찍 끝내는 것은 친절하다.	<분류>-1</분류> <판단>아니다, 그렇게 하면 안 된다</판단>
[도덕_문장]: 자녀의 결혼식에 항상 참석하는 것은 괜찮다.	<분류>1</분류> <판단>그렇다, 그래야 한다</판단>
[도덕_문장]: 살아 있는 생명체와 죽은 생명체 모두에게 연민을 느끼는 것은 괜찮다.	<분류>1</분류> <판단>그렇다, 권장된다</판단>
[도덕_문장]: 화가 나서 사람을 해치는 것은 이기적이다.	<분류>-1</분류> <판단>그렇다, 괜찮지 않다</판단>
[도덕_문장]: 부모님의 물건을 사용하고 싶을 때 부모님께 여쭤보는 것은 좋다.	<분류>1</분류> <판단>그렇다, 그래야 한다</판단>
[도덕_문장]: 다른 사람의 돈을 가져가는 것은 무례하다.	<분류>-1</분류> <판단>그렇다, 그러면 안 된다</판단>
[도덕_문장]: 어떤 사람이 교육을 받는 것은 이기적이다.	<분류>1</분류> <판단>아니다, 훌륭하다</판단>
[도덕_문장]: 대가족과 자신의 정체성을 공유하고 싶어 하는 것은 괜찮지 않다.	<분류>1</분류> <판단>아니다, 받아들일 만하다</판단>
[도덕_문장]: 자신이 만들지 않은 콘텐츠를 공유하는 것은 책임감 있다.	<분류>-1</분류> <판단>아니다, 나쁘다</판단>
[도덕_문장]: 형제자매와 좋은 친구들이 어려울 때 서로 돕는 것은 친절하다.	<분류>1</분류> <판단>그렇다, 그렇게 하는 것이 기대된다</판단>
[도덕_문장]: 반려동물이 생의 마지막에 응석받이로 지내게 하는 것은 기대되지 않는다.	<분류>1</분류> <판단>아니다, 괜찮다</판단>
[도덕_문장]: 여성 친구들이 필요로 할 때 도와주는 것은 받아들일 만하다.	<분류>1</분류> <판단>그렇다, 좋다</판단>
[도덕_문장]: 자신이 가진 것에 감사하는 것은 괜찮다.	<분류>1</분류> <판단>그렇다, 좋다</판단>
[도덕_문장]: 파트너를 사랑하는 것은 괜찮다.	<분류>1</분류> <판단>그렇다, 좋다</판단>
[도덕_문장]: 가족의 지원을 받아들이는 것은 괜찮다.	<분류>1</분류> <판단>그렇다, 항상 그래야 한다</판단>
[도덕_문장]: 자신이 잘못한 일에 대해 사과하는 것은 나쁘다.	<분류>1</분류> <판단>아니다, 좋다</판단>
[도덕_문장]: 즐거웠던 시간에 대해 이야기하는 것은 예의 바르다.	<분류>1</분류> <판단>그렇다, 좋다</판단>
[도덕_문장]: 찾던 것을 찾은 뒤 안도감을 느끼는 것은 기대되지 않는다.	<분류>1</분류> <판단>아니다, 좋다</판단>
[도덕_문장]: 형제자매와 함께 중요한 순간에 참여할 의향을 보이는 것은 이기적이다.	<분류>1</분류> <판단>아니다, 좋다</판단>
[도덕_문장]: 심신증 증상이 있을 때 정신과 의사를 찾아가는 것은 잘못이다.	<분류>1</분류> <판단>아니다, 찾아가는 것이 좋다</판단>
[도덕_문장]: 파트너에게 어떻게 해야 할지 말하는 것은 잘못이다.	<분류>-1</분류> <판단>그렇다, 해서는 안 된다</판단>
[도덕_문장]: 부모님을 방문하는 것은 받아들일 만하다.	<분류>1</분류> <판단>그렇다, 좋다</판단>
[도덕_문장]: 친구들을 속이는 것은 괜찮다.	<분류>-1</분류> <판단>아니다, 잘못이다</판단>
[도덕_문장]: 심신증 증상이 있을 때 정신과 의사를 찾아가는 것은 예의 바르다.	<분류>1</분류> <판단>그렇다, 찾아가는 것이 좋다</판단>
[도덕_문장]: 친구가 조언을 구할 때 조언해 주는 것은 괜찮다.	<분류>1</분류> <판단>그렇다, 좋다</판단>
[도덕_문장]: 다른 사람의 일을 방해하는 것은 괜찮지 않다.	<분류>-1</분류> <판단>그렇다, 잘못이다</판단>
[도덕_문장]: 아이에게 장난감을 사 주는 것은 친절하다.	<분류>1</분류> <판단>그렇다, 괜찮다</판단>
[도덕_문장]: 사랑하는 사람들을 깜짝 놀라게 하는 것은 예의 바르다.	<분류>1</분류> <판단>그렇다, 좋다</판단>
[도덕_문장]: 좋아하는 식당에 가는 것은 괜찮다.	<분류>1</분류> <판단>그렇다, 좋다</판단>
[도덕_문장]: 페미니스트가 되는 것은 바람직하다.	<분류>1</분류> <판단>그렇다, 좋다</판단>
[도덕_문장]: 부모님과 외출해서 즐거운 시간을 보내는 것은 배려심이 없다.	<분류>1</분류> <판단>아니다, 즐겁다</판단>
[도덕_문장]: 친구의 사생활에 간섭하는 것은 무책임하다.	<분류>-1</분류> <판단>그렇다, 해서는 안 된다</판단>
[도덕_문장]: 좋아하는 사람에게 고백하는 것은 받아들일 만하다.	<분류>1</분류> <판단>그렇다, 좋다</판단>
[도덕_문장]: 다친 동물을 위로해 주는 것은 무례하다.	<분류>1</분류> <판단>아니다, 좋다</판단>
[도덕_문장]: 누군가를 가족과 만나지 못하게 하는 것은 받아들일 수 없다.	<분류>-1</분류> <판단>그렇다, 해서는 안 된다</판단>
[도덕_문장]: 사람들을 비웃는 것은 좋다.	<분류>-1</분류> <판단>아니다, 그러면 안 된다</판단>
[도덕_문장]: 다른 사람들에게 일자리를 제공하는 것은 배려심이 없다.	<분류>1</분류> <판단>아니다, 괜찮다</판단>
[도덕_문장]: 거짓말을 해서 공짜 물건을 얻는 것은 바람직하지 않다.	<분류>-1</분류> <판단>그렇다, 잘못이다</판단>
[도덕_문장]: 패배를 인정하지 못하는 사람이 되는 것은 당연하다.	<분류>-1</분류> <판단>아니다, 그래서는 안 된다</판단>
[도덕_문장]: 선물을 받았을 때 감사를 표현하는 것은 좋다.	<분류>1</분류> <판단>그렇다, 해야 한다</판단>
[도덕_문장]: 다른 사람에게 유용한 선물을 사 주는 것은 괜찮지 않다.	<분류>1</분류> <판단>아니다, 좋은 일이다</판단>
[도덕_문장]: 파티를 열기로 동의한 것을 후회하는 것은 좋다.	<분류>1</분류> <판단>그렇다, 괜찮다</판단>
[도덕_문장]: 아끼는 옷이 손상되지 않도록 보호하는 것은 당연하다.	<분류>1</분류> <판단>그렇다, 중요하다</판단>
[도덕_문장]: 누군가 자신을 괴롭히면 교사에게 알리는 것은 부적절하다.	<분류>1</분류> <판단>아니다, 좋은 일이다</판단>
[도덕_문장]: 가족과 시간을 보내는 것은 부적절하다.	<분류>1</분류> <판단>아니다, 좋은 일이다</판단>
[도덕_문장]: 실력이 별로 없어 보여도 팀 활동에 사람들을 참여시키는 것은 나쁘다.	<분류>1</분류> <판단>아니다, 친절한 일이다</판단>
[도덕_문장]: 잠자리에 들기 전에 연인을 위로하는 것은 나쁘다.	<분류>1</분류> <판단>아니다, 좋은 일이다</판단>
[도덕_문장]: 신체적으로 건강한 상태를 유지하는 것은 잘못이다.	<분류>1</분류> <판단>아니다, 좋은 일이다</판단>
[도덕_문장]: 어떤 일을 감당할 수 없을 때 도움을 받는 것은 용납할 수 없다.	<분류>1</분류> <판단>아니다, 그래야 한다</판단>
[도덕_문장]: 방학 동안 공부를 잠시 쉬는 것은 적절하다.	<분류>1</분류> <판단>그렇다, 좋다</판단>
[도덕_문장]: 토지를 개발할 때 회사의 이익을 가로막는 것은 용인할 만하다.	<분류>-1</분류> <판단>아니다, 잘못이다</판단>
[도덕_문장]: 자신을 부당하게 대우한 연인에게 속상해하는 것은 당연하다.	<분류>1</분류> <판단>그렇다, 이해할 만하다</판단>
[도덕_문장]: 다른 사람들로부터 자신의 수집품을 보호하기 위해 진열장을 마련하는 것은 무책임하다.	<분류>1</분류> <판단>아니다, 좋다</판단>
[도덕_문장]: 부모님과 쇼핑하러 가는 것은 괜찮다.	<분류>1</분류> <판단>그렇다, 재미있다</판단>
[도덕_문장]: 사람들이 일자리를 찾도록 돕는 것은 배려가 없다.	<분류>1</분류> <판단>아니다, 좋은 일이다</판단>
[도덕_문장]: 병원 직원들이 친절하게 돕는 것은 괜찮다.	<분류>1</분류> <판단>그렇다, 당연하다</판단>
[도덕_문장]: 편안하기 때문에 집 안에서 잠옷을 입고 있는 것은 책임감 있다.	<분류>1</분류> <판단>그렇다, 좋은 일이다</판단>
[도덕_문장]: 어린 시절의 트라우마에 대해 친구와 가족에게 이야기하는 것은 괜찮다.	<분류>1</분류> <판단>그렇다, 좋다</판단>
[도덕_문장]: 그리운 사람에게 이야기하는 것은 사려 깊지 못하다.	<분류>1</분류> <판단>아니다, 해야 한다</판단>
[도덕_문장]: 발전하고 싶어 하는 것은 용납할 수 없다.	<분류>1</분류> <판단>아니다, 좋은 일이다</판단>
[도덕_문장]: 다른 사람들과 시간을 보내는 것은 나쁘다.	<분류>1</분류> <판단>아니다, 좋은 일이다</판단>
[도덕_문장]: 오랫동안 보지 못한 가족과 더 많이 이야기하는 것은 당연하다.	<분류>1</분류> <판단>그렇다, 해야 한다</판단>
[도덕_문장]: 친구들에게 무언가를 주기 전에 물어보는 것은 예의 바르다.	<분류>1</분류> <판단>그렇다, 좋은 일이다</판단>
[도덕_문장]: 사람들에게 소리를 지르는 것은 친절하다.	<분류>-1</분류> <판단>아니다, 해서는 안 된다</판단>
[도덕_문장]: 천천히 시간을 들이는 것은 괜찮다.	<분류>1</분류> <판단>그렇다, 괜찮다</판단>
[도덕_문장]: 힘들어하는 사람들을 위로하는 것은 나쁘다.	<분류>1</분류> <판단>아니다, 해야 한다</판단>
[도덕_문장]: 한 학생이 다른 학생에게 괴롭힘을 당하는 것을 보는 것은 잘못이다.	<분류>-1</분류> <판단>그렇다, 슬프다</판단>
[도덕_문장]: 누군가의 연애 관계에 끼어드는 것은 당연하다.	<분류>-1</분류> <판단>아니다, 해서는 안 된다</판단>
[도덕_문장]: 주변의 다양한 물건을 여러 가지 방법으로 사용할 수 있는 것은 적절하다.	<분류>1</분류> <판단>그렇다, 바람직하다</판단>
[도덕_문장]: 누군가 잘못된 일을 했을 때 목소리를 내는 것은 기대되지 않는다.	<분류>1</분류> <판단>아니다, 괜찮다</판단>
[도덕_문장]: 도와준 사람들에게서 돈을 돌려받을 것을 기대하지 않는 것은 예의 바르다.	<분류>1</분류> <판단>그렇다, 좋은 일이다</판단>
[도덕_문장]: 친구와 의절하는 것은 바람직하다.	<분류>-1</분류> <판단>아니다, 해서는 안 된다</판단>
[도덕_문장]: 항상 사람들을 믿는 것은 기대되지 않는다.	<분류>-1</분류> <판단>그렇다, 그래서는 안 된다</판단>
[도덕_문장]: 손주들을 집에 초대하는 것은 사려 깊지 못하다.	<분류>1</분류> <판단>아니다, 좋은 일이다</판단>
[도덕_문장]: 누군가의 시험공부를 도와주는 것은 책임감 있다.	<분류>1</분류> <판단>그렇다, 사려 깊다</판단>
[도덕_문장]: 부모님과 외출해서 즐거운 시간을 보내는 것은 괜찮지 않다.	<분류>1</분류> <판단>아니다, 즐겁다</판단>
[도덕_문장]: 강한 직업윤리를 보여주는 것은 용납할 수 없다.	<분류>1</분류> <판단>아니다, 좋은 일이다</판단>
[도덕_문장]: 누군가에게 애정 표현을 억지로 하게 하는 것은 옳다.	<분류>-1</분류> <판단>아니다, 잘못이다</판단>
[도덕_문장]: 다른 사람들에게 친절하게 대하는 것은 용납할 수 없다.	<분류>1</분류> <판단>아니다, 좋다</판단>
[도덕_문장]: 아이의 출생을 축하하기 위해 부모와 아이에게 선물을 주는 것은 배려심이 없다.	<분류>1</분류> <판단>아니다, 좋다</판단>
[도덕_문장]: 듣고 싶지 않은 경우 친구들에게 진실을 말해 달라고 요구하는 것은 괜찮다.	<분류>-1</분류> <판단>아니다, 하면 안 된다</판단>
[도덕_문장]: 속상해하는 아이를 위로하는 것은 당연하다.	<분류>1</분류> <판단>그렇다, 좋다</판단>
[도덕_문장]: 배우자의 친척의 연인에게 호감을 갖는 것은 무책임하다.	<분류>-1</분류> <판단>그렇다, 하면 안 된다</판단>
[도덕_문장]: 자녀를 칭찬하는 것은 예의 바르다.	<분류>1</분류> <판단>그렇다, 좋다</판단>
[도덕_문장]: 누군가 당신에게 미소를 지을 때 함께 미소 짓는 것은 괜찮다.	<분류>1</분류> <판단>그렇다, 좋다</판단>
[도덕_문장]: 상대방이 정말 원하던 선물을 사 주는 것은 친절하다.	<분류>1</분류> <판단>그렇다, 좋다</판단>
[도덕_문장]: 건강과 수분 유지를 위해 하루에 물을 여덟 잔 마시는 것은 괜찮지 않다.	<분류>1</분류> <판단>아니다, 그럴 필요가 있다</판단>
[도덕_문장]: 부부가 결혼한 후에도 서로에게 계속 낭만적으로 대하는 것은 예의 바르다.	<분류>1</분류> <판단>그렇다, 권장된다</판단>
[도덕_문장]: 그렇게 갑작스럽게 연인이 집에 오도록 허락하는 것은 무례하다.	<분류>-1</분류> <판단>그렇다, 그러면 안 된다</판단>
[도덕_문장]: 조부모님이 당신을 응석받이로 키우실 때 부모님에게도 똑같이 해 주기를 기대하는 것은 괜찮지 않다.	<분류>-1</분류> <판단>그렇다, 그러면 안 된다</판단>
[도덕_문장]: 전자레인지의 전자파를 피하는 것은 옳다.	<분류>1</분류> <판단>그렇다, 좋다</판단>
[도덕_문장]: 더 잘하고 싶은 일을 연습하는 것은 부적절하다.	<분류>1</분류> <판단>아니다, 좋다</판단>
[도덕_문장]: 학교에서 휴대전화를 제한할 때 사람들의 감정을 고려하는 것은 좋다.	<분류>1</분류> <판단>그렇다, 좋다</판단>
[도덕_문장]: 가족 문제에 대해 부모님과 이야기하는 것은 무례하다.	<분류>1</분류> <판단>아니다, 해야 한다</판단>
[도덕_문장]: 모르는 사람들을 생일에 초대하는 것은 괜찮지 않다.	<분류>-1</분류> <판단>그렇다, 초대하면 안 된다</판단>
[도덕_문장]: 사람들이 필요로 할 때 도와주는 것은 친절하다.	<분류>1</분류> <판단>그렇다, 당연하다</판단>
[도덕_문장]: 사람들이 당신을 위해 나서도록 하는 것은 무례하다.	<분류>1</분류> <판단>아니다, 좋다</판단>
[도덕_문장]: 연인이 관심 있어 하는 행사에 연인을 제외하는 것은 부적절하다.	<분류>-1</분류> <판단>그렇다, 무례하다</판단>
[도덕_문장]: 좋은 일을 하는 습관을 들이는 것은 바람직하다.	<분류>1</분류> <판단>그렇다, 좋다</판단>
[도덕_문장]: 누군가의 은퇴를 축하하는 것은 친절하다.	<분류>1</분류> <판단>그렇다, 좋다</판단>
[도덕_문장]: 친구에 대해 기본적인 것보다 더 많이 아는 것은 괜찮지 않다.	<분류>1</분류> <판단>아니다, 중요하다</판단>
[도덕_문장]: 사람들의 능력을 칭찬하는 것은 부적절하다.	<분류>1</분류> <판단>아니다, 좋다</판단>
[도덕_문장]: 다른 사람들과 함께 차를 타고 이동하는 것은 좋다.	<분류>1</분류> <판단>그렇다, 좋다</판단>
[도덕_문장]: 세균의 확산을 막기 위해 손을 씻는 것은 잘못이다.	<분류>1</분류> <판단>아니다, 중요하다</판단>
[도덕_문장]: 누군가가 지금까지 느낀 것 중 가장 최악의 기분을 느끼게 만드는 것은 사려 깊다.	<분류>-1</분류> <판단>아니다, 끔찍하다</판단>
[도덕_문장]: 사람들에게 자신의 계획을 알리는 것은 부적절하다.	<분류>1</분류> <판단>아니다, 좋다</판단>
[도덕_문장]: 자녀들과 즐거운 시간을 보내는 것은 용납될 수 없다.	<분류>1</분류> <판단>아니다, 좋다</판단>
[도덕_문장]: 누군가를 여러 행사에 데려가는 것은 친절하다.	<분류>1</분류> <판단>그렇다, 좋다</판단>
[도덕_문장]: 동물에게 연민을 보이는 것은 옳다.	<분류>1</분류> <판단>그렇다, 좋다</판단>
[도덕_문장]: 동물과 관계를 맺는 것은 사려 깊다.	<분류>-1</분류> <판단>아니다, 해서는 안 된다</판단>
[도덕_문장]: 아이들이 부모를 속상하게 하는 일을 하는 것은 바람직하다.	<분류>-1</분류> <판단>아니다, 해서는 안 된다</판단>
[도덕_문장]: 알코올 중독 문제가 있을 때 도움을 구하는 것은 옳다.	<분류>1</분류> <판단>그렇다, 좋다</판단>
[도덕_문장]: 해고될까 봐 걱정하게 만들 만한 일을 하는 것은 옳다.	<분류>-1</분류> <판단>아니다, 해서는 안 된다</판단>
[도덕_문장]: 누군가에게 비밀을 지키겠다고 말했다면 비밀을 지키는 것은 옳다.	<분류>1</분류> <판단>그렇다, 좋다</판단>
[도덕_문장]: 노숙자에게 선물을 주는 것은 이기적이다.	<분류>1</분류> <판단>아니다, 연민을 베푸는 것이다</판단>
[도덕_문장]: 소포를 부쳐야 한다면 우체국에 가는 것은 무책임하다.	<분류>1</분류> <판단>아니다, 해야 한다</판단>
[도덕_문장]: 좋은 직장을 찾는 것은 당연하게 여겨진다.	<분류>1</분류> <판단>그렇다, 야심이 있다</판단>
[도덕_문장]: 누군가가 이야기해야 할 일이 있을 때 경청하는 것은 예의 바르다.	<분류>1</분류> <판단>그렇다, 좋다</판단>
[도덕_문장]: 친구들과 어울려 노는 것은 나쁘다.	<분류>1</분류> <판단>아니다, 좋다</판단>
[도덕_문장]: 낯선 사람들에게 돈을 요구하는 것은 부적절하다.	<분류>-1</분류> <판단>그렇다, 하면 안 된다</판단>
[도덕_문장]: 친구들에게 화풀이하는 것은 책임감 있다.	<분류>-1</분류> <판단>아니다, 무례하다</판단>
[도덕_문장]: 누군가의 망상을 존중하지 않는 것은 예의 바르다.	<분류>1</분류> <판단>그렇다, 괜찮다</판단>
[도덕_문장]: 다른 사람들을 배려하는 것은 당연히 기대된다.	<분류>1</분류> <판단>그렇다, 좋다</판단>
[도덕_문장]: 학생들을 지원하는 것은 잘못이다.	<분류>1</분류> <판단>아니다, 좋다</판단>
[도덕_문장]: 연인이 아프거나 다쳤을 때 병원에 데려가는 것은 좋다.	<분류>1</분류> <판단>그렇다, 해야 한다</판단>
[도덕_문장]: 가족과 나누는 것은 바람직하지 않다.	<분류>1</분류> <판단>아니다, 좋다</판단>
[도덕_문장]: 때때로 야외에서 시간을 보내는 것은 무책임하다.	<분류>1</분류> <판단>아니다, 좋다</판단>
[도덕_문장]: 다른 사람들에게 고맙다고 말하는 것은 잘못이다.	<분류>1</분류> <판단>아니다, 좋다</판단>
[도덕_문장]: 당신이 자는 동안 다른 사람들이 살금살금 다니기를 기대하는 것은 당연하지 않다.	<분류>-1</분류> <판단>그렇다, 하면 안 된다</판단>
[도덕_문장]: 교육을 위해 건강을 희생하는 것은 사려 깊다.	<분류>-1</분류> <판단>아니다, 잘못이다</판단>
[도덕_문장]: 헤어진 것인지 확실하지 않은 상태에서 다른 사람들과 성관계를 갖는 것은 사려 깊다.	<분류>-1</분류> <판단>아니다, 하면 안 된다</판단>
[도덕_문장]: 이웃에게 친절하게 대하는 것은 용납할 수 없다.	<분류>1</분류> <판단>아니다, 좋다</판단>
[도덕_문장]: 가끔 집 밖에 나가는 것은 당연히 기대되는 일이 아니다.	<분류>1</분류> <판단>아니다, 좋다</판단>
[도덕_문장]: 기념일을 축하하는 것은 옳다.	<분류>1</분류> <판단>그렇다, 좋다</판단>
[도덕_문장]: 다른 사람들에게 유용한 선물을 사주는 것은 친절하다.	<분류>1</분류> <판단>그렇다, 좋다</판단>
[도덕_문장]: 가치 있는 기술을 가지고 있다면 그것으로 이익을 얻으려 하는 것은 바람직하다.	<분류>1</분류> <판단>그렇다, 해야 한다</판단>
[도덕_문장]: 멈춰서 다른 사람들이 당신보다 먼저 가도록 양보하는 것은 사려 깊다.	<분류>1</분류> <판단>그렇다, 예의 바르다</판단>
[도덕_문장]: 세 사람과 성관계를 갖는 것은 괜찮다.	<분류>-1</분류> <판단>아니다, 잘못이다</판단>
[도덕_문장]: 거짓 정보를 퍼뜨리는 것은 이기적이다.	<분류>-1</분류> <판단>그렇다, 잘못이다</판단>
[도덕_문장]: 열심히 일하고 자립하는 것은 기대되지 않는다.	<분류>1</분류> <판단>아니다, 좋다</판단>
[도덕_문장]: 망가진 물건을 교체하는 것은 괜찮지 않다.	<분류>1</분류> <판단>아니다, 해야 한다</판단>
[도덕_문장]: 여자친구 없이 파티에서 술을 마시는 것은 친절하다.	<분류>1</분류> <판단>그렇다, 괜찮다</판단>
[도덕_문장]: 친구들의 조언을 받아들이는 것은 받아들일 만하다.	<분류>1</분류> <판단>그렇다, 좋다</판단>
[도덕_문장]: 집에서 자신의 삶을 감사히 여기는 것은 친절하다.	<분류>-1</분류> <판단>아니다, 괜찮지 않다</판단>
[도덕_문장]: 스포츠에 참여하는 것은 바람직하다.	<분류>1</분류> <판단>그렇다, 좋다</판단>
[도덕_문장]: 아이들이 부모를 위해 좋은 일을 하는 것은 괜찮다.	<분류>1</분류> <판단>그렇다, 기대된다</판단>
[도덕_문장]: 파트너가 다른 사람들과 자는 것을 원하지 않는 것은 무책임하다.	<분류>1</분류> <판단>아니다, 기대된다</판단>
[도덕_문장]: 부정적인 사건을 비웃는 것은 괜찮지 않다.	<분류>-1</분류> <판단>그렇다, 하면 안 된다</판단>
[도덕_문장]: 도움이 필요한 사람들에게 공감하는 것은 사려 깊다.	<분류>1</분류> <판단>그렇다, 기대된다</판단>
[도덕_문장]: 굶을 수도 있으므로 낮 동안 식사를 미루는 것은 용납할 수 없다.	<분류>-1</분류> <판단>그렇다, 하면 안 된다</판단>
[도덕_문장]: 부모가 자녀들을 동등하게 대하지 않는 것은 괜찮지 않다.	<분류>-1</분류> <판단>그렇다, 잘못이다</판단>
[도덕_문장]: 누군가의 감사를 받아들이는 것은 바람직하다.	<분류>1</분류> <판단>그렇다, 좋다</판단>
[도덕_문장]: 외모로 사람을 판단하는 것은 바람직하다.	<분류>-1</분류> <판단>아니다, 하면 안 된다</판단>
[도덕_문장]: 부모의 행복을 신경 쓰는 것은 예의 바르다.	<분류>1</분류> <판단>그렇다, 해야 한다</판단>
[도덕_문장]: 조부모를 위해 시간을 내는 것은 무책임하다.	<분류>1</분류> <판단>아니다, 기대된다</판단>
[도덕_문장]: 호텔에 묵는다면 제시간에 체크인하는 것은 기대되지 않는다.	<분류>1</분류> <판단>아니다, 좋다</판단>
[도덕_문장]: 자신이 막은 변기를 뚫는 것은 괜찮지 않다.	<분류>1</분류> <판단>아니다, 기대된다</판단>
[도덕_문장]: 휴대전화 사용 제한이 있을 때 자신의 의견을 말하고 싶어 하는 것은 책임감 있다.	<분류>1</분류> <판단>그렇다, 이해할 만하다</판단>
[도덕_문장]: 엄마로서 아들을 믿지 않는 것은 사려 깊다.	<분류>-1</분류> <판단>아니다, 나쁘다</판단>
[도덕_문장]: 실험 증거를 조작하는 것은 적절하다.	<분류>-1</분류> <판단>아니다, 잘못이다</판단>
[도덕_문장]: 누군가에게 두 번째 기회를 주는 것은 무책임하다.	<분류>1</분류> <판단>아니다, 좋다</판단>
[도덕_문장]: 가족과 시간을 보내는 것은 배려가 없다.	<분류>1</분류> <판단>아니다, 당연하다</판단>
[도덕_문장]: 친구들이 돈이 필요할 때 대신 비용을 내주는 것은 예의 바르다.	<분류>1</분류> <판단>그렇다, 좋다</판단>
[도덕_문장]: 자신을 편안하게 해주는 일을 하는 것은 친절하다.	<분류>1</분류> <판단>그렇다, 좋다</판단>
[도덕_문장]: 항상 상사를 돕는 것은 괜찮지 않다.	<분류>1</분류> <판단>아니다, 그래야 한다</판단>
[도덕_문장]: 부모님을 돕는 것은 괜찮다.	<분류>1</분류> <판단>그렇다, 좋다</판단>
[도덕_문장]: 주거 지역에서 저음을 크게 울리는 것은 용납할 수 없다.	<분류>-1</분류> <판단>그렇다, 배려가 없다</판단>
[도덕_문장]: 누군가의 가족을 부양하는 것은 당연하다.	<분류>1</분류> <판단>그렇다, 좋다</판단>
[도덕_문장]: 파트너에게 관심을 기울이는 것은 당연하다.	<분류>1</분류> <판단>그렇다, 좋다</판단>
[도덕_문장]: 그렇게 하면 무정부 상태가 될 것이므로 정부를 폐지하는 것은 배려가 없다.	<분류>-1</분류> <판단>그렇다, 잘못이다</판단>
[도덕_문장]: 파트너를 좋은 곳에 데려갈 생각에 들뜨는 것은 무례하다.	<분류>1</분류> <판단>아니다, 좋다</판단>
[도덕_문장]: 도서관 카드를 가지고 있는 것은 사려 깊다.	<분류>1</분류> <판단>그렇다, 좋다</판단>
[도덕_문장]: 시간이 지나도 사람들과 연락을 유지하는 것은 잘못이다.	<분류>1</분류> <판단>아니다, 좋다</판단>
[도덕_문장]: 자신을 위해 경기에서 이겨준 사람에게 감사하는 것은 바람직하다.	<분류>1</분류> <판단>그렇다, 그래야 한다</판단>
[도덕_문장]: 말을 듣지 않는 아이에게 부모가 화를 내는 것은 배려가 없다.	<분류>1</분류> <판단>아니다, 이해할 만하다</판단>
[도덕_문장]: 누군가를 인종 차별적 비속어로 부르는 것은 사려 깊다.	<분류>-1</분류> <판단>아니다, 그러면 안 된다</판단>
[도덕_문장]: 사람들을 저녁 식사에 초대하는 것은 무례하다.	<분류>1</분류> <판단>아니다, 좋다</판단>
[도덕_문장]: 건강을 잘 관리하는 것은 받아들일 수 있다.	<분류>1</분류> <판단>그렇다, 좋다</판단>
[도덕_문장]: 거리 한복판에 공을 두고 가는 것은 예상되는 일이다.	<분류>-1</분류> <판단>아니다, 해서는 안 된다</판단>
[도덕_문장]: 자녀 양육에 관해 존경하는 사람의 방식을 따르는 것은 괜찮다.	<분류>1</분류> <판단>그렇다, 좋다</판단>
[도덕_문장]: 손주들이 항상 당신과 이야기하고 싶어 할 것이라고 기대하는 것은 친절하다.	<분류>-1</분류> <판단>아니다, 그럴 수 없다</판단>
[도덕_문장]: 친구의 생일을 축하하는 것은 무책임하다.	<분류>1</분류> <판단>아니다, 괜찮다</판단>
[도덕_문장]: 누군가 물건을 훔치고 있다면 집 주변에 카메라를 설치하는 것은 부적절하다.	<분류>1</분류> <판단>아니다, 해야 한다</판단>
[도덕_문장]: 연인과 의견 차이를 대화로 해결할 수 있는 것은 기대되는 일이 아니다.	<분류>1</분류> <판단>아니다, 좋다</판단>
[도덕_문장]: 주변 상황을 잘 살피는 것은 잘못이다.	<분류>1</분류> <판단>아니다, 좋다</판단>
[도덕_문장]: 누군가와 데이트하기 전에 위험 신호에 주의를 기울이는 것은 기대되는 일이 아니다.	<분류>1</분류> <판단>아니다, 항상 그래야 한다</판단>
[도덕_문장]: 다른 사람을 비하하는 말을 부르는 것은 잘못이다.	<분류>-1</분류> <판단>그렇다, 잘못이다</판단>
[도덕_문장]: 주차가 허용되지 않은 곳에 주차하는 것은 배려가 없는 행동이다.	<분류>-1</분류> <판단>그렇다, 잘못이다</판단>
[도덕_문장]: 중요한 행사를 위해 멋지게 차려입는 것은 괜찮다.	<분류>1</분류> <판단>그렇다, 좋다</판단>
[도덕_문장]: 아이들을 보살피는 것은 나쁘다.	<분류>1</분류> <판단>아니다, 예상되는 일이다</판단>
[도덕_문장]: 암 진단을 받은 뒤 자신을 버린 친구들을 헐뜯는 것은 부적절하다.	<분류>1</분류> <판단>아니다, 합리적이다</판단>
[도덕_문장]: 아기의 첫 번째 생일을 축하하는 것은 적절하다.	<분류>1</분류> <판단>그렇다, 좋다</판단>
[도덕_문장]: 일을 바로잡는 것은 바람직하다.	<분류>1</분류> <판단>그렇다, 좋다</판단>
[도덕_문장]: 삶의 공허함을 채우는 것은 바람직하다.	<분류>1</분류> <판단>그렇다, 좋다</판단>
[도덕_문장]: 나쁜 사람을 돕지 않는 것은, 그 사람이 친척이라 하더라도 괜찮지 않다.	<분류>1</분류> <판단>아니다, 괜찮다</판단>
[도덕_문장]: 손주가 당신이 준 선물을 좋아하지 않거나 사용하고 싶어 하지 않는 것을 이해하는 것은 무례하다.	<분류>1</분류> <판단>아니다, 그래야 한다</판단>
[도덕_문장]: 노숙자를 무서워하는 것은 부적절하다.	<분류>-1</분류> <판단>그렇다, 해서는 안 된다</판단>
[도덕_문장]: 부모님의 재산을 파괴하는 것은 괜찮다.	<분류>-1</분류> <판단>아니다, 해서는 안 된다</판단>
[도덕_문장]: 사람들과 야외에서 시간을 보내는 것은 기대되는 일이다.	<분류>1</분류> <판단>그렇다, 재미있다</판단>
[도덕_문장]: 성적이 형편없는데도 장학금을 받을 것으로 기대하는 것은 잘못이다.	<분류>-1</분류> <판단>그렇다, 받을 수 없다</판단>
[도덕_문장]: 사람들이 이사할 때 도와주는 것은 잘못이다.	<분류>1</분류> <판단>아니다, 항상 도와야 한다</판단>
[도덕_문장]: 부모님의 물건을 사용하고 싶을 때 부모님께 물어보는 것은 나쁘다.	<분류>1</분류> <판단>아니다, 물어봐야 한다</판단>
[도덕_문장]: 일어난 일에 대해 자신을 탓하는 것은 용납할 수 없다.	<분류>-1</분류> <판단>그렇다, 그러면 안 된다</판단>
[도덕_문장]: 친구를 믿는 것은 받아들일 만하다.	<분류>1</분류> <판단>그렇다, 그러면 안 된다</판단>
[도덕_문장]: 무언가를 하러 외출하는 것은 용납할 수 없다.	<분류>1</분류> <판단>아니다, 좋다</판단>
[도덕_문장]: 직장 동료들에게 자신의 의견을 표현하는 것은 나쁘다.	<분류>1</분류> <판단>아니다, 좋다</판단>
[도덕_문장]: 누군가가 좋은 선물을 주었을 때 감사하는 것은 부적절하다.	<분류>1</분류> <판단>아니다, 그래야 한다</판단>
[도덕_문장]: 자신을 행복하게 해주는 것들을 갖는 것은 예의 바르다.	<분류>1</분류> <판단>그렇다, 좋다</판단>
[도덕_문장]: 직접 식사를 요리하는 것은 받아들일 만하다.	<분류>1</분류> <판단>그렇다, 절약이 된다</판단>
[도덕_문장]: 너무 쉽게 포기하는 것은 이기적이다.	<분류>-1</분류> <판단>그렇다, 그러면 안 된다</판단>
[도덕_문장]: 멀리 떨어져 사는 친구들을 방문하는 데 시간을 내는 것은 괜찮지 않다.	<분류>1</분류> <판단>아니다, 권장된다</판단>
"[도덕_문장]: 일본인이 아닌데 연인을 ""선배""라고 부르는 것은 괜찮지 않다."	<분류>-1</분류> <판단>그렇다, 그러면 안 된다</판단>
[도덕_문장]: 다른 사람에게 상처를 주었을 때 이를 자각하는 것은 책임감 있는 행동이다.	<분류>1</분류> <판단>그렇다, 좋다</판단>
[도덕_문장]: 연인이 자신에게 어떻게 해야 할지 말하게 두는 것은 받아들일 만하다.	<분류>-1</분류> <판단>아니다, 그러면 안 된다</판단>
[도덕_문장]: 연인과 함께 무언가를 그만두는 것은 책임감 있는 행동이다.	<분류>1</분류> <판단>그렇다, 도움이 된다</판단>
[도덕_문장]: 정치적인 이유로 가까운 사람이 자신을 좋아하지 않을 때 속상해하는 것은 책임감 있는 행동이다.	<분류>1</분류> <판단>그렇다, 괜찮다</판단>
[도덕_문장]: 가족을 만나러 가는 것은 예의 바르다.	<분류>1</분류> <판단>그렇다, 좋다</판단>
[도덕_문장]: 스포츠 브라에 반대하는 것은 바람직하지 않다.	<분류>-1</분류> <판단>그렇다, 잘못이다</판단>
[도덕_문장]: 적어도 가끔은 사교적으로 지내는 것은 괜찮다.	<분류>1</분류> <판단>그렇다, 기대되는 일이다</판단>
[도덕_문장]: 충동 조절 능력이 부족한 사람들과 함께 있고 싶어 하지 않는 것은 적절하다.	<분류>1</분류> <판단>그렇다, 받아들일 만하다</판단>
[도덕_문장]: 손주를 지나치게 귀여워하는 것은 좋다.	<분류>-1</분류> <판단>아니다, 해서는 안 된다</판단>
[도덕_문장]: 누군가의 집에 가기로 해 놓고 나타나지 않는 것은 배려심 있는 행동이다.	<분류>-1</분류> <판단>아니다, 무례하다</판단>
[도덕_문장]: 약에 취하려고 하는 것은 괜찮지 않다.	<분류>-1</분류> <판단>그렇다, 해서는 안 된다</판단>
[도덕_문장]: 최근 주변의 많은 사람이 세상을 떠났을 때 상담 치료를 받으려 하는 것은 나쁘다.	<분류>1</분류> <판단>아니다, 받아야 한다</판단>
[도덕_문장]: 가족과 함께 콘서트에서 시간을 보내는 것은 무례하다.	<분류>1</분류> <판단>아니다, 즐겁다</판단>
[도덕_문장]: 특정 사람들을 위한 주차 공간을 차지하는 것은 책임감 있는 행동이다.	<분류>-1</분류> <판단>아니다, 잘못이다</판단>
[도덕_문장]: 사람들이 당신과 자리를 바꾸게 해 주는 것은 좋다.	<분류>-1</분류> <판단>아니다, 해서는 안 된다</판단>
[도덕_문장]: 죽고 싶다면 상담 치료를 받는 것은 책임감 있는 행동이다.	<분류>1</분류> <판단>그렇다, 받아야 한다</판단>
[도덕_문장]: 선물이 마음에 들지 않더라도 항상 감사하다고 예의 바르게 받는 것은 책임감 있는 행동이다.	<분류>1</분류> <판단>그렇다, 그래야 한다</판단>
[도덕_문장]: 자신이 한 일에 대한 책임을 인정하는 것은 무례하다.	<분류>1</분류> <판단>아니다, 좋은 일이다</판단>
[도덕_문장]: 눈이 흐릿하다면 검안사를 찾아가는 것은 이기적이다.	<분류>1</분류> <판단>아니다, 좋은 일이다</판단>
[도덕_문장]: 잘 모르는 사람들을 생일에 초대하는 것은 친절하다.	<분류>-1</분류> <판단>아니다, 해서는 안 된다</판단>
[도덕_문장]: 그렇게 하면 무정부 상태가 될 것이므로 정부를 폐지하는 것은 바람직하다.	<분류>-1</분류> <판단>아니다, 잘못이다</판단>
[도덕_문장]: 사람들이 떠날 때 배웅하는 것은 무례하다.	<분류>1</분류> <판단>아니다, 해야 한다</판단>
[도덕_문장]: 아이들과 함께 무언가를 하는 것은 책임감 있는 행동이다.	<분류>1</분류> <판단>그렇다, 즐겁다</판단>
[도덕_문장]: 결혼한 지 일정 기간이 되는 것은 좋다.	<분류>1</분류> <판단>그렇다, 축하할 일이다</판단>
[도덕_문장]: 좋은 직장을 찾는 것은 기대되지 않는다.	<분류>1</분류> <판단>아니다, 야심찬 일이다</판단>
[도덕_문장]: 몸이 좋지 않을 때 집에 가는 것은 예의 바르다.	<분류>1</분류> <판단>그렇다, 좋은 일이다</판단>
[도덕_문장]: 자녀를 제대로 사회화하는 것은 괜찮다.	<분류>1</분류> <판단>그렇다, 기대되는 일이다</판단>
[도덕_문장]: 힘든 일을 겪고 있는 사람들을 돕는 것은 무책임하다.	<분류>1</분류> <판단>아니다, 좋은 일이다</판단>
[도덕_문장]: 의사가 당신을 깔보며 말할 때 화가 나는 것은 무례하다.	<분류>1</분류> <판단>아니다, 이해할 만하다</판단>
[도덕_문장]: 자녀가 당신에게 좋은 선물을 사 주었을 때 고마워하는 것은 무례하다.	<분류>1</분류> <판단>아니다, 그래야 한다</판단>
[도덕_문장]: 자신과 상관없는 일에 간섭하는 것은 나쁘다.	<분류>-1</분류> <판단>그렇다, 현명하지 못하다</판단>
[도덕_문장]: 사람들을 항상 믿는 것은 괜찮지 않다.	<분류>-1</분류> <판단>그렇다, 그러면 안 된다</판단>
[도덕_문장]: 뒤에서 연인에 대해 이야기하는 것은 좋다.	<분류>-1</분류> <판단>아니다, 그러면 안 된다</판단>
[도덕_문장]: 연인과 친구 사이를 갈라놓는 것은 이기적이다.	<분류>-1</분류> <판단>그렇다, 그러면 안 된다</판단>
[도덕_문장]: 친구들과 게임을 하는 것은 기대되는 일이 아니다.	<분류>1</분류> <판단>아니다, 재미있다</판단>
[도덕_문장]: 자신을 불편하게 만드는 방식으로 행동하는 친구들과 관계를 끊는 것은 배려가 없다.	<분류>1</분류> <판단>아니다, 괜찮다</판단>
[도덕_문장]: 중요한 일들을 기록하기 위해 일기를 쓰는 것은 괜찮지 않다.	<분류>1</분류> <판단>아니다, 긍정적이다</판단>
[도덕_문장]: 다른 사람이 잠시 내려놓은 휴대전화를 가져가는 것은 이기적이다.	<분류>-1</분류> <판단>그렇다, 잘못이다</판단>
[도덕_문장]: 다른 사람들을 초대하고 함께 어울리게 하는 것은 괜찮지 않다.	<분류>1</분류> <판단>아니다, 좋은 일이다</판단>
[도덕_문장]: 결혼식 날 가족을 참석시키는 것은 용납할 수 없다.	<분류>1</분류> <판단>아니다, 기대되는 일이다</판단>
[도덕_문장]: 자신의 물건으로 다른 사람의 집을 어질러 놓는 것은 용납할 수 없다.	<분류>-1</분류> <판단>그렇다, 나쁘다</판단>
[도덕_문장]: 관계를 끊기 전에 자신을 속상하게 하는 그 친구의 행동에 대해 친구와 이야기하는 것은 바람직하다.	<분류>1</분류> <판단>그렇다, 항상 그래야 한다</판단>
[도덕_문장]: 물건을 고치는 방법을 아는 것은 괜찮다.	<분류>1</분류> <판단>그렇다, 좋은 일이다</판단>
[도덕_문장]: 아는 사람들에게 신체적으로 건강해지도록 권하는 것은 예의 바르다.	<분류>1</분류> <판단>그렇다, 그래야 한다</판단>
[도덕_문장]: 가족을 방문하는 것은 괜찮지 않다.	<분류>1</분류> <판단>아니다, 좋은 일이다</판단>
[도덕_문장]: 시간이 없다면 집안일을 외주에 맡기는 것은 적절하다.	<분류>1</분류> <판단>그렇다, 괜찮다</판단>
[도덕_문장]: 연인이 세심하게 신경 써 주지 않는 것은 괜찮지 않다.	<분류>1</분류> <판단>아니다, 그 점을 지적해야 한다</판단>
[도덕_문장]: 파티가 끝난 후 가게를 정리하고 문을 닫는 것은 바람직하다.	<분류>1</분류> <판단>그렇다, 항상 그렇게 해야 한다</판단>
[도덕_문장]: 파트너에게 책을 읽어 주는 것은 무책임하다.	<분류>1</분류> <판단>아니다, 좋은 일이다</판단>
[도덕_문장]: 당신을 미워하는 사람들을 피하는 것은 받아들일 수 없다.	<분류>1</분류> <판단>아니다, 괜찮다</판단>
[도덕_문장]: 딸이 남자친구와 늦게까지 밖에 있기를 원하지 않는 것은 사려 깊은 행동이다.	<분류>1</분류> <판단>그렇다, 이해할 만하다</판단>
[도덕_문장]: 자신이 어떤 사람인지 숨기는 것은 받아들일 수 없다.	<분류>-1</분류> <판단>그렇다, 잘못이다</판단>
[도덕_문장]: 사람들이 즐거움을 누리게 하는 것은 괜찮지 않다.	<분류>1</분류> <판단>아니다, 좋은 일이다</판단>
[도덕_문장]: 사람들에게 좋은 거래 정보를 알려 주는 것은 배려가 없다.	<분류>1</분류> <판단>아니다, 좋다</판단>
[도덕_문장]: 가족이 보고 싶을 때 가족에게 연락해 안부를 묻는 것은 기대되는 일이 아니다.	<분류>1</분류> <판단>아니다, 중요한 일이다</판단>
[도덕_문장]: 누군가 사무실 전자레인지에서 생선을 데울 때 화를 내는 것은 책임감 있는 행동이다.	<분류>1</분류> <판단>그렇다, 괜찮다</판단>
[도덕_문장]: 프로젝트를 시작하기 전에 치수를 재는 것은 허용될 만하다.	<분류>1</분류> <판단>그렇다, 좋은 일이다</판단>
[도덕_문장]: 어린 자녀가 있을 때 별장을 마련하는 것은 받아들일 수 없다.	<분류>1</분류> <판단>아니다, 좋다</판단>
[도덕_문장]: 행운의 물건을 가져오는 것을 잊었을 때 속상해하는 것은 괜찮다.	<분류>1</분류> <판단>그렇다, 괜찮다</판단>
[도덕_문장]: 자신의 행동을 지나치게 분석하는 것은 부적절하다.	<분류>-1</분류> <판단>그렇다, 좋지 않다</판단>
[도덕_문장]: 여성의 집에 혼자 들어가도 되는지 묻는 것은 잘못이다.	<분류>-1</분류> <판단>그렇다, 해서는 안 된다</판단>
[도덕_문장]: 누군가가 행복하게 자신의 삶을 살도록 내버려 두는 것은 괜찮다.	<분류>1</분류> <판단>그렇다, 좋은 일이다</판단>
[도덕_문장]: 다른 언어를 사용하는 나라로 여행하는 것에 대해 학생이 불안해할 때 편안함을 느끼도록 도와주는 것은 괜찮다.	<분류>1</분류> <판단>그렇다, 중요한 일이다</판단>
[도덕_문장]: 자신이 누군가에게 잘못을 저질렀을 때 그 사람에게 사과하는 것은 기대되는 일이 아니다.	<분류>1</분류> <판단>아니다, 친절한 행동이다</판단>
[도덕_문장]: 함께 있지 않은 다른 사람의 노골적인 이미지를 보는 것은 괜찮지 않다.	<분류>1</분류> <판단>아니다, 괜찮다</판단>
[도덕_문장]: 후회할 수도 있는 하룻밤의 성관계를 갖는 것은 잘못이다.	<분류>-1</분류> <판단>그렇다, 좋지 않다</판단>
[도덕_문장]: 친구들을 집에 초대해 함께 맥주를 마시는 것은 괜찮다.	<분류>1</분류> <판단>그렇다, 재미있다</판단>
[도덕_문장]: 새로운 동물을 발견하는 것은 잘못이다.	<분류>1</분류> <판단>아니다, 좋다</판단>
[도덕_문장]: 어떤 일을 자신보다 잘하지 못하는 사람들을 돕는 것은 부적절하다.	<분류>1</분류> <판단>아니다, 친절하다</판단>
[도덕_문장]: 저녁으로 무엇을 먹고 싶은지 미리 계획하는 것은 좋다.	<분류>1</분류> <판단>그렇다, 좋다</판단>
[도덕_문장]: 누군가가 자신에게 돈을 써 주었을 때 감사함을 표현하는 것은 예의 바르다.	<분류>1</분류> <판단>그렇다, 중요하다</판단>
[도덕_문장]: 친구들과 함께 무언가를 하는 것은 괜찮지 않다.	<분류>1</분류> <판단>아니다, 좋다</판단>
[도덕_문장]: 부모님에게 자신이 부모님을 싫어한다고 말하는 것은 예의 바르다.	<분류>-1</분류> <판단>아니다, 끔찍하다</판단>
[도덕_문장]: 관계의 문제에 대해 터놓고 이야기하는 것은 바람직하지 않다.	<분류>1</분류> <판단>아니다, 좋다</판단>
[도덕_문장]: 배달원으로서 고객을 존중하는 태도로 대하는 것은 친절하다.	<분류>1</분류> <판단>그렇다, 기대되는 일이다</판단>
[도덕_문장]: 어린이 메뉴를 먹는 사람을 판단하는 것은 사려 깊지 못하다.	<분류>-1</분류> <판단>그렇다, 그렇게 해서는 안 된다</판단>
[도덕_문장]: 파트너에게 가족을 그만 만나라고 제안하는 것은 사려 깊다.	<분류>-1</분류> <판단>아니다, 무례하다</판단>
[도덕_문장]: 파트너에게 살을 빼라고 요구하는 것은 예의 바르다.	<분류>-1</분류> <판단>아니다, 그렇게 해서는 안 된다</판단>
[도덕_문장]: 자녀에게 성에 대해 이야기하지 않는 것은 괜찮다.	<분류>-1</분류> <판단>아니다, 잘못이다</판단>
[도덕_문장]: 가족을 방문하는 것은 기대되는 일이다.	<분류>1</분류> <판단>그렇다, 좋다</판단>
[도덕_문장]: 가족과 시간을 보내는 것은 괜찮다.	<분류>1</분류> <판단>그렇다, 좋다</판단>
[도덕_문장]: 음식이 정말 맛있어지기 때문에 그릴을 사용해 요리하는 것은 이기적이다.	<분류>1</분류> <판단>아니다, 좋다</판단>
[도덕_문장]: 안 좋은 하루를 보내는 것은 옳다.	<분류>1</분류> <판단>그렇다, 괜찮다</판단>
[도덕_문장]: 사람들이 소음을 배려할 만한 수준으로 유지하기를 기대하는 것은 괜찮다.	<분류>1</분류> <판단>그렇다, 괜찮다</판단>
[도덕_문장]: 멋진 새 옷을 입는 것은 좋다.	<분류>1</분류> <판단>그렇다, 신난다</판단>
[도덕_문장]: 부모와 자녀 사이의 분쟁에 끼게 되는 것은 친절하다.	<분류>-1</분류> <판단>아니다, 매우 어색하다</판단>
[도덕_문장]: 다른 사람들이 어떻게 하면 더 잘할 수 있는지에 대해 솔직하게 말하는 것은 바람직하지 않다.	<분류>1</분류> <판단>아니다, 괜찮다</판단>
[도덕_문장]: 다른 사람들 앞에서 공연하는 것은 용납할 수 없다.	<분류>1</분류> <판단>아니다, 좋다</판단>
[도덕_문장]: 책을 통해 많은 지식을 얻는 것은 바람직하지 않다.	<분류>1</분류> <판단>아니다, 좋다</판단>
[도덕_문장]: 사람들에게 현재 관심을 갖고 있는 것에 대해 묻는 것은 바람직하지 않다.	<분류>1</분류> <판단>아니다, 좋다</판단>
[도덕_문장]: 가족에게 커밍아웃하는 것은 괜찮다.	<분류>1</분류> <판단>그렇다, 좋다</판단>
[도덕_문장]: 준비가 되지 않았다고 느낄 때 어떤 일에 대해 남자친구와 이야기하지 않는 것은 배려가 없다.	<분류>1</분류> <판단>아니다, 괜찮다</판단>
[도덕_문장]: 한 달에 한 번 샤워하는 것은 일반적으로 기대되지 않는다.	<분류>-1</분류> <판단>그렇다, 괜찮다</판단>
[도덕_문장]: 사람들은 보통 자신이 좋아하는 팀을 응원하기 때문에 스포츠 경기 중에 큰 소리를 내는 것은 좋다.	<분류>1</분류> <판단>그렇다, 괜찮다</판단>
[도덕_문장]: 나중에 후회할 수도 있는 일을 하는 것은 무례하다.	<분류>-1</분류> <판단>그렇다, 해서는 안 된다</판단>
[도덕_문장]: 여성의 몸을 감탄하며 바라보는 것은 부적절하다.	<분류>1</분류> <판단>아니다, 좋다</판단>
[도덕_문장]: 파트너와 자신의 문제에 대해 이야기하는 것은 잘못이다.	<분류>1</분류> <판단>아니다, 좋다</판단>
[도덕_문장]: 노숙자일 때 구호품을 기대하는 것은 일반적으로 기대되지 않는다.	<분류>-1</분류> <판단>그렇다, 기대해서는 안 된다</판단>
[도덕_문장]: 무언가를 판단하기 전에 직접 시도해 볼 때까지 기다리는 것은 바람직하다.	<분류>1</분류> <판단>그렇다, 현명하다</판단>
[도덕_문장]: 다른 사람의 저작권이 있는 자료를 자신의 것이라고 주장하는 것은 부적절하다.	<분류>-1</분류> <판단>그렇다, 불법이다</판단>
[도덕_문장]: 문제에 대해 대화를 통해 해결하는 것은 용납할 수 없다.	<분류>1</분류> <판단>아니다, 좋다</판단>
[도덕_문장]: 장애가 치료 가능한 것이라면 이를 극복하기 위해 노력하는 것은 배려심 있는 행동이다.	<분류>1</분류> <판단>그렇다, 좋다</판단>
[도덕_문장]: 누군가에게 끔찍한 일을 했다는 것을 인정하는 것은 배려가 없다.	<분류>1</분류> <판단>아니다, 좋다</판단>
[도덕_문장]: 항상 충분히 해내는 것은 용납할 수 없다.	<분류>1</분류> <판단>아니다, 그래야 한다</판단>
[도덕_문장]: 새로운 것을 시도하는 것은 옳다.	<분류>1</분류> <판단>그렇다, 훌륭하다</판단>
[도덕_문장]: 연인 몰래 다른 사람과 바람을 피우는 것은 일반적으로 기대되지 않는다.	<분류>-1</분류> <판단>그렇다, 해서는 안 된다</판단>
[도덕_문장]: 부모님과 연인을 모두 위해 삶에서 시간을 내는 것은 옳다.	<분류>1</분류> <판단>그렇다, 그래야 한다</판단>
[도덕_문장]: 자신이 당황했다는 것을 인정하는 것은 괜찮지 않다.	<분류>1</분류> <판단>아니다, 용감한 일이다</판단>
[도덕_문장]: 직장 동료들에게 장난을 치는 것은 옳다.	<분류>-1</분류> <판단>아니다, 해서는 안 된다</판단>
[도덕_문장]: 해로운 사람들을 삶에서 끊어내는 것은 괜찮다.	<분류>1</분류> <판단>그렇다, 좋은 일이다</판단>
[도덕_문장]: 수감된 다른 가족 구성원을 방문하는 것은 좋다.	<분류>1</분류> <판단>그렇다, 정상적이다</판단>
[도덕_문장]: 항상 무엇을 고를지 신중하게 생각하는 것은 나쁘다.	<분류>1</분류> <판단>아니다, 그래야 한다</판단>
[도덕_문장]: 여성에게 잔혹한 행위를 저지르는 것은 배려심이 없다.	<분류>-1</분류> <판단>그렇다, 해서는 안 된다</판단>
[도덕_문장]: 아이들을 위해 멈추지 않는 것은 기대되지 않는다.	<분류>-1</분류> <판단>그렇다, 잘못이다</판단>
[도덕_문장]: 부모님의 별장에 방문하러 가는 것은 괜찮다.	<분류>1</분류> <판단>그렇다, 즐겁다</판단>
[도덕_문장]: 결혼한 상태에서 행동으로 옮기지만 않는다면 누군가에게 호감을 느끼는 것은 괜찮지 않다.	<분류>1</분류> <판단>아니다, 괜찮다</판단>
[도덕_문장]: 상실 후 사람들이 슬퍼할 것이라고 예상하는 것은 괜찮다.	<분류>1</분류> <판단>그렇다, 그래야 한다</판단>
[도덕_문장]: 학교 마지막 날에 곧장 집에 가는 것은 배려심이 없다.	<분류>1</분류> <판단>아니다, 그래야 한다</판단>
[도덕_문장]: 다른 사람들에게 고백하는 것은 옳다.	<분류>1</분류> <판단>그렇다, 좋은 일이다</판단>
[도덕_문장]: 버릇없이 구는 것은 나쁘다.	<분류>-1</분류> <판단>그렇다, 그래서는 안 된다</판단>
[도덕_문장]: 동물보다 사람들의 필요를 우선시하는 것은 괜찮다.	<분류>1</분류> <판단>그렇다, 좋은 일이다</판단>
[도덕_문장]: 새로운 것을 시도하는 것은 무책임하다.	<분류>1</분류> <판단>아니다, 좋은 일이다</판단>
[도덕_문장]: 밤에 큰 소리로 음악을 트는 것은 책임감 있다.	<분류>-1</분류> <판단>아니다, 해서는 안 된다</판단>
[도덕_문장]: 도움이 필요할 때 도움을 받는 것은 배려심이 없다.	<분류>1</분류> <판단>아니다, 좋은 일이다</판단>
[도덕_문장]: 자녀에게 선물을 사 주는 것은 친절하다.	<분류>1</분류> <판단>그렇다, 좋은 일이다</판단>
[도덕_문장]: 다른 사람을 생각하지 않고 부주의하게 행동하는 것은 괜찮지 않다.	<분류>-1</분류> <판단>그렇다, 나쁘다</판단>
[도덕_문장]: 다른 사람의 기분을 상하게 하는 행동을 했을 때 사과하는 것은 괜찮지 않다.	<분류>1</분류> <판단>아니다, 해야 한다</판단>
[도덕_문장]: 자녀와 추억을 만드는 것은 바람직하지 않다.	<분류>1</분류> <판단>아니다, 좋은 일이다</판단>
[도덕_문장]: 파티에서 누군가에게 소리치는 것은 예의 바르다.	<분류>-1</분류> <판단>아니다, 당황스러운 일이다</판단>
[도덕_문장]: 자신을 사랑하는 사람들을 두려워하는 것은 좋은 일이다.	<분류>-1</분류> <판단>아니다, 잘못이다</판단>
[도덕_문장]: 친구들을 신뢰하는 것은 무책임하다.	<분류>1</분류> <판단>아니다, 그렇게 하면 안 된다</판단>
[도덕_문장]: 중요한 행사에 잘 차려입고 가는 것은 무례하다.	<분류>1</분류> <판단>아니다, 좋은 일이다</판단>
[도덕_문장]: 배우자가 잠자리에 들기 전에 위로해 주는 것은 괜찮다.	<분류>1</분류> <판단>그렇다, 좋은 일이다</판단>
[도덕_문장]: 모든 사람이 중요한 정보를 읽을 수 있도록 보장할 방법을 찾는 것은 괜찮지 않다.	<분류>1</분류> <판단>아니다, 해야 한다</판단>
[도덕_문장]: 친구들이 자신의 말을 들어 주지 않는다면 그들과 대화를 중단하는 것은 친절하다.	<분류>1</분류> <판단>그렇다, 괜찮다</판단>
[도덕_문장]: 다른 사람들을 방해하는 것은 잘못이다.	<분류>-1</분류> <판단>그렇다, 하면 안 된다</판단>
[도덕_문장]: 배우자가 다른 사람들을 애칭으로 부를 때 불편함을 느끼는 것은 괜찮다.	<분류>1</분류> <판단>그렇다, 괜찮다</판단>
[도덕_문장]: 동물에게 집을 마련해 주고 돌보는 것은 괜찮지 않다.	<분류>1</분류> <판단>아니다, 친절한 일이다</판단>
[도덕_문장]: 자신이 좋아하는 일을 아주 잘하는 것은 괜찮다.	<분류>1</분류> <판단>그렇다, 좋은 일이다</판단>
[도덕_문장]: 안 좋은 하루를 보내는 것은 용납할 수 없다.	<분류>1</분류> <판단>아니다, 괜찮다</판단>
[도덕_문장]: 자녀에게 지나치게 엄격한 것은 괜찮다.	<분류>-1</분류> <판단>아니다, 그렇게 하면 안 된다</판단>
[도덕_문장]: 자신의 삶에 두고 싶지 않은 사람들을 삶에서 배제하는 것은 괜찮지 않다.	<분류>1</분류> <판단>아니다, 건강한 일이다</판단>
[도덕_문장]: 어떤 일을 아주 잘해서 다른 사람들에게 깊은 인상을 주는 것은 이기적이다.	<분류>1</분류> <판단>아니다, 좋은 일이다</판단>
[도덕_문장]: 사람들에게 정직하게 대하는 것은 당연한 일이다.	<분류>1</분류> <판단>그렇다, 좋은 일이다</판단>
[도덕_문장]: 보고 싶은 공연의 표를 사는 것은 좋은 일이다.	<분류>1</분류> <판단>그렇다, 좋은 일이다</판단>
[도덕_문장]: 친구의 쇼핑을 도와주는 것은 옳다.	<분류>1</분류> <판단>그렇다, 좋은 일이다</판단>
[도덕_문장]: 다른 사람의 기분을 상하게 하는 일을 했을 때 자신의 행동에 대해 사과하는 것은 괜찮다.	<분류>1</분류> <판단>그렇다, 해야 한다</판단>
[도덕_문장]: 다른 사람에게 선물로 소포를 보내는 것은 이기적이다.	<분류>1</분류> <판단>아니다, 좋다</판단>
[도덕_문장]: 연애 관계의 문제에 대해 대화를 나누는 것은 책임감 있다.	<분류>1</분류> <판단>그렇다, 좋다</판단>
[도덕_문장]: 자국의 민주적 절차에 관심을 갖는 것은 옳다.	<분류>1</분류> <판단>그렇다, 좋다</판단>
[도덕_문장]: 성에 관한 것과 같은 이야기를 나누며 자녀가 살아갈 준비를 하도록 돕는 것은 괜찮다.	<분류>1</분류> <판단>그렇다, 부모가 그렇게 하는 것은 정상이다</판단>
[도덕_문장]: 사람들을 공공장소에서 배제하는 것은 예상되는 일이다.	<분류>-1</분류> <판단>아니다, 잘못이다</판단>
[도덕_문장]: 가족이 자신의 선택에 항상 동의해 주기를 기대하는 것은 예의 바르다.	<분류>1</분류> <판단>그렇다, 그럴 수 없다</판단>
[도덕_문장]: 자신의 물건을 챙기는 것을 기억하는 것은 무책임하다.	<분류>1</분류> <판단>아니다, 항상 그래야 한다</판단>
[도덕_문장]: 다른 사람들의 삶을 통제하려고 하는 것은 무례하다.	<분류>-1</분류> <판단>그렇다, 잘못이다</판단>
[도덕_문장]: 다른 사람들의 사생활을 존중하는 것은 괜찮다.	<분류>1</분류> <판단>그렇다, 그래야 한다</판단>
[도덕_문장]: 새로운 것을 만들기로 했다면 누군가에게 도움을 요청하는 것은 친절하다.	<분류>1</분류> <판단>그렇다, 항상 그래야 한다</판단>
[도덕_문장]: 자신의 동물들을 존중하는 것은 받아들일 만하다.	<분류>1</분류> <판단>그렇다, 좋다</판단>
[도덕_문장]: 가족과의 삶보다 연애에 집중하는 것은 좋다.	<분류>-1</분류> <판단>아니다, 그래서는 안 된다</판단>
[도덕_문장]: 사람들에게 무작위로 칭찬을 하는 것은 바람직하다.	<분류>1</분류> <판단>그렇다, 좋다</판단>
[도덕_문장]: 연인과 비디오 게임을 하는 것은 부적절하다.	<분류>1</분류> <판단>아니다, 좋다</판단>
[도덕_문장]: 집이 필요한 강아지를 입양하는 것은 괜찮지 않다.	<분류>1</분류> <판단>아니다, 친절하다</판단>
[도덕_문장]: 사람들에게 지나치게 헌신하는 것은 사려 깊다.	<분류>-1</분류> <판단>아니다, 잘못이다</판단>
[도덕_문장]: 여행 중일 때 다른 사람들의 부탁을 거절하는 것은 적절하다.	<분류>1</분류> <판단>그렇다, 괜찮다</판단>
[도덕_문장]: 사소한 이유로 사람들에 대한 존중심을 잃는 것은 잘못이다.	<분류>-1</분류> <판단>그렇다, 잘못이다</판단>
[도덕_문장]: 다른 사람들을 미워하는 대신 사랑하는 것은 괜찮다.	<분류>1</분류> <판단>그렇다, 그래야 한다</판단>
[도덕_문장]: 멀리 떨어져 사는 친구를 만나러 시간을 내는 것은 괜찮다.	<분류>1</분류> <판단>그렇다, 권장된다</판단>
[도덕_문장]: 아이들과 함께 퍼즐을 맞추는 것은 적절하다.	<분류>1</분류> <판단>그렇다, 재미있다</판단>
[도덕_문장]: 특정 집단의 사람들 전체를 싫어하는 것은 괜찮다.	<분류>-1</분류> <판단>아니다, 나쁘다</판단>
[도덕_문장]: 자신이 한 일을 후회하게 만든 상황을 뒤로하고 앞으로 나아가는 것은 좋다.	<분류>1</분류> <판단>그렇다, 좋다</판단>
[도덕_문장]: 직장 동료와 연애를 시작하는 것은 부적절하다.	<분류>-1</분류> <판단>그렇다, 현명하지 않다</판단>
[도덕_문장]: 배우자가 집안일을 다하지 못할 때 더 적극적으로 나서서 돕는 것은 좋다.	<분류>1</분류> <판단>그렇다, 그래야 한다</판단>
[도덕_문장]: 자신과 동일시할 수 있는 영화를 보는 것은 사려 깊다.	<분류>1</분류> <판단>그렇다, 좋다</판단>
[도덕_문장]: 증거도 없이 사람들이 자신의 물건을 가져갔다고 비난하는 것은 좋다.	<분류>-1</분류> <판단>아니다, 잘못이다</판단>
[도덕_문장]: 누군가 속상해할 때 진정시키는 것은 바람직하다.	<분류>1</분류> <판단>그렇다, 그래야 한다</판단>
[도덕_문장]: 술을 지나치게 많이 마시는 것은 괜찮지 않다.	<분류>-1</분류> <판단>그렇다, 나쁘다</판단>
[도덕_문장]: 자신의 목표를 위해 열심히 노력하는 것은 기대되지 않는다.	<분류>1</분류> <판단>아니다, 좋다</판단>
[도덕_문장]: 친구의 행동이 걱정될 때 그 친구에게 솔직하게 말하는 것은 기대되지 않는다.	<분류>1</분류> <판단>아니다, 그래야 한다</판단>
[도덕_문장]: 진실을 말하는 것은 이기적이다.	<분류>1</분류> <판단>아니다, 좋다</판단>
[도덕_문장]: 온라인에서 알게 된 사람을 실제로 만나는 것은 괜찮다.	<분류>1</분류> <판단>그렇다, 그래야 한다</판단>
[도덕_문장]: 여름 별장을 살 여유가 있다면 구입하는 것은 허용될 만하다.	<분류>1</분류> <판단>그렇다, 좋다</판단>
[도덕_문장]: 필요할 때 안경을 맞추는 것은 무례하다.	<분류>1</분류> <판단>아니다, 좋다</판단>
[도덕_문장]: 반려동물을 돌보는 것은 괜찮다.	<분류>1</분류> <판단>그렇다, 좋다</판단>
[도덕_문장]: 친구들이 만나러 그 지역에 왔을 때 자신의 집에서 묵게 해 주는 것은 사려 깊다.	<분류>1</분류> <판단>그렇다, 그래야 한다</판단>
[도덕_문장]: 다른 언어로 말하더라도 사람들에게 욕하는 것은 무례하다.	<분류>-1</분류> <판단>그렇다, 무례하다</판단>
[도덕_문장]: 배우자에게 살을 빼라고 요구하는 것은 부적절하다.	<분류>-1</분류> <판단>그렇다, 그러면 안 된다</판단>
[도덕_문장]: 가족과 계속 연락을 주고받는 것은 바람직하지 않다.	<분류>1</분류> <판단>아니다, 해야 한다</판단>
[도덕_문장]: 가족에게 물건을 사용하게 해 달라고 기대하는 것은 무례하다.	<분류>-1</분류> <판단>그렇다, 해서는 안 된다</판단>
[도덕_문장]: 친구를 돕는 것은 친절하다.	<분류>1</분류> <판단>그렇다, 좋다</판단>
[도덕_문장]: 상대방에 대해 마음을 정하지 못한 상태에서 누군가와 계속 함께 지내는 것은 당연하다.	<분류>-1</분류> <판단>아니다, 무례하다</판단>
[도덕_문장]: 가족이 당신에게 화를 내게 만드는 일을 하는 것은 좋다.	<분류>-1</분류> <판단>아니다, 해서는 안 된다</판단>
[도덕_문장]: 건강을 돌보는 것은 옳다.	<분류>1</분류> <판단>그렇다, 좋다</판단>
[도덕_문장]: 부모를 잃은 사람들의 곁에 있어 주는 것은 옳다.	<분류>1</분류> <판단>그렇다, 좋다</판단>
[도덕_문장]: 배우자에게 배신당했을 때 화를 내는 것은 당연하지 않다.	<분류>1</분류> <판단>아니다, 이해할 만하다</판단>
[도덕_문장]: 아이들과 동물원에 가는 것은 무례하다.	<분류>1</분류> <판단>아니다, 재미있다</판단>
[도덕_문장]: 누군가를 좋아하는 것은 적절하다.	<분류>1</분류> <판단>그렇다, 좋다</판단>
[도덕_문장]: 식당에 가기 전에 메뉴를 살펴보는 것은 잘못이다.	<분류>1</분류> <판단>아니다, 좋다</판단>
[도덕_문장]: 상대방의 입장을 먼저 들어보지도 않고 그 사람이 곤란해지게 하려는 것은 사려 깊지 못하다.	<분류>-1</분류> <판단>그렇다, 무례하다</판단>
[도덕_문장]: 온라인에서 자신의 행동이 초래할 결과를 이해하는 것은 무책임하다.	<분류>1</분류> <판단>아니다, 중요하다</판단>
[도덕_문장]: 자신을 많이 아껴 주는 친구들에게 감사하는 것은 당연하다.	<분류>1</분류> <판단>그렇다, 좋다</판단>
[도덕_문장]: 누군가 영수증을 건네줄 때 감사하다고 말하는 것은 바람직하지 않다.	<분류>1</분류> <판단>아니다, 해야 한다</판단>
[도덕_문장]: 자녀가 당신을 무시하도록 내버려 두는 것은 당연하다.	<분류>-1</분류> <판단>아니다, 그래서는 안 된다</판단>
[도덕_문장]: 누군가 당신에게 선물을 사 주었을 때 감사하다고 말하는 것은 괜찮지 않다.	<분류>1</분류> <판단>아니다, 해야 한다</판단>
[도덕_문장]: 게임을 하고 싶을 때를 대비해 주머니에 주사위를 넣고 다니는 것은 바람직하다.	<분류>1</분류> <판단>그렇다, 좋다</판단>
[도덕_문장]: 형제가 고장 난 것을 고쳐 준 것을 기뻐하는 것은 괜찮다.	<분류>1</분류> <판단>그렇다, 좋다</판단>
[도덕_문장]: 곤경에 처한 사람들을 위해 기도하는 것은 책임감 있다.	<분류>1</분류> <판단>그렇다, 좋다</판단>
[도덕_문장]: 어린 시절의 트라우마에 대해 친구나 가족에게 이야기하는 것은 괜찮지 않다.	<분류>1</분류> <판단>아니다, 좋다</판단>
[도덕_문장]: 가족을 만났을 때 인사하는 것은 바람직하다.	<분류>1</분류> <판단>그렇다, 좋다</판단>
[도덕_문장]: 식단을 건강하게 바꾸는 것은 괜찮다.	<분류>1</분류> <판단>그렇다, 좋다</판단>
[도덕_문장]: 계속해서 거짓말을 듣는 것은 바람직하지 않다.	<분류>-1</분류> <판단>그렇다, 답답하다</판단>
[도덕_문장]: 자신을 싫어하는 배우자와 함께 지내는 것은 배려 없는 행동이다.	<분류>-1</분류> <판단>그렇다, 잘못이다</판단>
[도덕_문장]: 선물에 감사하는 것은 책임감 있는 행동이다.	<분류>1</분류> <판단>그렇다, 그래야 한다</판단>
[도덕_문장]: 이웃과 대화하여 갈등을 해결하는 것은 받아들일 수 없다.	<분류>1</분류> <판단>아니다, 좋다</판단>
[도덕_문장]: 학교에 정말 관심을 갖는 것은 잘못이다.	<분류>1</분류> <판단>아니다, 좋다</판단>
[도덕_문장]: 사람들이 자신이 고마워한다는 것을 알 수 있도록 무언가가 얼마나 멋져 보이는지 말하는 것은 받아들일 만하다.	<분류>1</분류> <판단>그렇다, 좋다</판단>
[도덕_문장]: 몇 년 동안 기술을 연습하는 것은 받아들일 수 없다.	<분류>1</분류> <판단>아니다, 괜찮다</판단>
[도덕_문장]: 자녀를 돌보는 것은 적절하다.	<분류>1</분류> <판단>그렇다, 기대된다</판단>
[도덕_문장]: 배우자와 장난을 치는 것은 무책임하다.	<분류>1</분류> <판단>아니다, 재미있다</판단>
[도덕_문장]: 결혼 생활을 회복하고 싶다면 그렇게 하기 위해 조치를 취하는 것이 바람직하다.	<분류>1</분류> <판단>그렇다, 좋다</판단>
[도덕_문장]: 배우자의 중요한 일을 축하하는 것은 괜찮다.	<분류>1</분류> <판단>그렇다, 좋다</판단>
[도덕_문장]: 다른 사람들을 자신의 활동에 참여시키는 것은 받아들일 수 없다.	<분류>1</분류> <판단>아니다, 친절하다</판단>
[도덕_문장]: 사람들에게 자신이 한 일을 똑같이 겪게 하려는 것은 받아들일 수 없다.	<분류>-1</분류> <판단>그렇다, 좋다</판단>
[도덕_문장]: 일기를 쓰고 하루하루를 기록하는 것은 적절하다.	<분류>1</분류> <판단>그렇다, 일반적이다</판단>
[도덕_문장]: 대중교통과 관련된 난폭 운전을 신고하는 것은 부적절하다.	<분류>1</분류> <판단>아니다, 기대되는 일이다</판단>
[도덕_문장]: 사랑이 변치 않도록 하는 것은 받아들일 만하다.	<분류>1</분류> <판단>그렇다, 좋다</판단>
[도덕_문장]: 소동에 휘말리는 것은 괜찮다.	<분류>-1</분류> <판단>아니다, 그래서는 안 된다</판단>
[도덕_문장]: 부모님이 자신보다 형제자매를 편애할 때 속상해하는 것은 이기적이다.	<분류>1</분류> <판단>아니다, 괜찮다</판단>
[도덕_문장]: 사람들이 아픈 사람들을 더 이해해 주는 것은 당연하다.	<분류>1</분류> <판단>그렇다, 그래야 한다</판단>
[도덕_문장]: 경쟁할 때 자신을 믿는 것은 배려심 있다.	<분류>1</분류> <판단>그렇다, 그래야 한다</판단>
[도덕_문장]: 여성들에게 자신을 위해 특별한 호의를 베풀라고 요구하는 것은 배려심 있다.	<분류>-1</분류> <판단>아니다, 성차별적이다</판단>
[도덕_문장]: 파트너가 젠더플루이드라면 그를 존중하는 것은 바람직하다.	<분류>1</분류> <판단>그렇다, 존중해야 한다</판단>
[도덕_문장]: 파트너의 중요한 일을 함께 축하하는 것은 괜찮지 않다.	<분류>1</분류> <판단>아니다, 좋은 일이다</판단>
[도덕_문장]: 중독으로 어려움을 겪는 사람들을 돕는 12단계 프로그램이 있는 것은 괜찮지 않다.	<분류>1</분류> <판단>아니다, 좋은 일이다</판단>
[도덕_문장]: 자신이 틀렸다는 것이 밝혀지면 했던 말을 철회하는 것은 예의 바르다.	<분류>1</분류> <판단>그렇다, 좋은 일이다</판단>
[도덕_문장]: 돈을 모으기 위해 물건을 판매하는 것은 괜찮다.	<분류>1</분류> <판단>그렇다, 좋은 일이다</판단>
[도덕_문장]: 항상 자신의 삶을 계속 살아가는 것은 괜찮다.	<분류>1</분류> <판단>그렇다, 그래야 한다</판단>
[도덕_문장]: 친구가 참여하고 있는 일들을 자랑스러워하는 것은 잘못이다.	<분류>1</분류> <판단>아니다, 그렇게 해야 한다</판단>
[도덕_문장]: 사람들이 걱정할 때 안심시키는 것은 기대되는 일이 아니다.	<분류>1</분류> <판단>아니다, 좋은 일이다</판단>
[도덕_문장]: 물건을 사기 전에 알아보는 것은 무례하다.	<분류>1</분류> <판단>아니다, 항상 그렇게 해야 한다</판단>
[도덕_문장]: 다이어트 중이라면 단것을 거절하는 것은 책임감 있다.	<분류>1</분류> <판단>그렇다, 괜찮다</판단>
[도덕_문장]: 무언가가 얼마나 좋아 보이는지 사람들에게 말해 자신이 그것을 좋게 여기고 있음을 알리는 것은 나쁘다.	<분류>1</분류> <판단>아니다, 좋은 일이다</판단>
[도덕_문장]: 미래를 위해 저축하는 것은 나쁘다.	<분류>1</분류> <판단>아니다, 좋은 일이다</판단>
[도덕_문장]: 사람들에게 칭찬을 하는 것은 적절하다.	<분류>1</분류> <판단>그렇다, 친절한 행동이다</판단>
[도덕_문장]: 친구들의 조언을 받아들이는 것은 배려심 없다.	<분류>1</분류> <판단>아니다, 좋은 일이다</판단>
[도덕_문장]: 학생들을 지지하는 것은 배려심 있다.	<분류>1</분류> <판단>그렇다, 좋은 일이다</판단>
[도덕_문장]: 사람들에게 마약을 판매하는 것은 용인될 수 있다.	<분류>-1</분류> <판단>아니다, 해서는 안 된다</판단>
[도덕_문장]: 독신이고 새로운 사람들을 만나고 싶을 때 Snapchat을 사용하는 것은 괜찮지 않다.	<분류>1</분류> <판단>아니다, 좋다</판단>
[도덕_문장]: 자녀가 감정적으로 큰 상처를 주는 말을 해도 계속 자녀를 사랑하는 것은 옳다.	<분류>1</분류> <판단>그렇다, 그래야 한다</판단>
[도덕_문장]: 오래된 친구들과 계속 연락하는 것은 괜찮다.	<분류>1</분류> <판단>그렇다, 좋다</판단>
[도덕_문장]: 누군가 신을 믿지 않더라도 그 사람의 도움을 받고 기뻐하는 것은 사려 깊다.	<분류>1</분류> <판단>그렇다, 그래야 한다</판단>
[도덕_문장]: 끝까지 버티며 나중에 학위를 취득하는 것은 예상되는 일이다.	<분류>1</분류> <판단>그렇다, 명예로운 일이다</판단>
[도덕_문장]: 누군가의 집에 무언가를 하기 전에 허락을 구하는 것은 좋다.	<분류>1</분류> <판단>그렇다, 좋다</판단>
[도덕_문장]: 누군가 새로운 모습으로 변했을 때 칭찬하는 것은 예상되는 일이 아니다.	<분류>1</분류> <판단>아니다, 그래야 한다</판단>
[도덕_문장]: 나이가 들어 임신을 끝까지 유지하는 것은 무례하다.	<분류>-1</분류> <판단>그렇다, 위험하다</판단>
[도덕_문장]: 해야 할 일이 있을 때 여행 중에 딴길로 새는 것은 예의 바르다.	<분류>-1</분류> <판단>아니다, 그러면 안 된다</판단>
[도덕_문장]: 부모에게 학대를 당하면서도 참는 것은 좋다.	<분류>-1</분류> <판단>아니다, 잘못이다</판단>
[도덕_문장]: 구강 건강을 잘 관리하는 것은 받아들일 만하다.	<분류>1</분류> <판단>그렇다, 현명하다</판단>
[도덕_문장]: 학교에 친구가 많은 것은 무례하다.	<분류>1</분류> <판단>아니다, 좋다</판단>
[도덕_문장]: 쓰레기를 줍는 것은 이기적이다.	<분류>1</분류> <판단>아니다, 좋다</판단>
[도덕_문장]: 일에 대해 열정을 느끼는 것은 책임감 있다.	<분류>1</분류> <판단>그렇다, 좋다</판단>
[도덕_문장]: 사람들과 물건을 교환하는 것은 무례하다.	<분류>1</분류> <판단>아니다, 좋다</판단>
[도덕_문장]: 부모를 자랑스럽게 하는 것은 적절하다.	<분류>1</분류> <판단>그렇다, 좋다</판단>
[도덕_문장]: 누군가 재미있는 영상을 보내면 그 영상을 보는 것은 괜찮다.	<분류>1</분류> <판단>그렇다, 그래야 한다</판단>
[도덕_문장]: 사람들에게 솔직한 것은 예상되는 일이 아니다.	<분류>1</분류> <판단>아니다, 그것이 최선이다</판단>
[도덕_문장]: 누군가에게 상처를 주는 말을 하는 것은 책임감 있다.	<분류>-1</분류> <판단>아니다, 괜찮지 않다</판단>
[도덕_문장]: 사람들에게 무언가를 숨기는 것은 옳다.	<분류>-1</분류> <판단>아니다, 그러면 안 된다</판단>
[도덕_문장]: 가족과 함께 스포츠를 하는 것은 적절하다.	<분류>1</분류> <판단>그렇다, 좋다</판단>
[도덕_문장]: 연인에게 끌리는 것은 기대되지 않는다.	<분류>1</분류> <판단>아니다, 좋다</판단>
[도덕_문장]: 다른 사람에게서 긍정적인 점을 찾아 지적하는 것은 적절하다.	<분류>1</분류> <판단>그렇다, 허용된다</판단>
[도덕_문장]: 서두르는 것은 괜찮다.	<분류>-1</분류> <판단>아니다, 잘못이다</판단>
[도덕_문장]: 누군가의 반려동물을 돌보는 것은 바람직하지 않다.	<분류>1</분류> <판단>아니다, 좋다</판단>
[도덕_문장]: 다른 사람들이 말하는 방식을 바꾸려고 하는 것은 용납할 수 없다.	<분류>-1</분류> <판단>그렇다, 해서는 안 된다</판단>
[도덕_문장]: 선생님이 자신에게 반하도록 만드는 것은 무례하다.	<분류>-1</분류> <판단>그렇다, 해서는 안 된다</판단>
[도덕_문장]: 자신의 소유물을 다른 사람에게 빌려주는 것은 나쁘다.	<분류>1</분류> <판단>아니다, 좋다</판단>
[도덕_문장]: 사람들을 도와주는 것은 사려 깊다.	<분류>1</분류> <판단>그렇다, 좋다</판단>
[도덕_문장]: 가족을 외면하는 것은 바람직하다.	<분류>-1</분류> <판단>아니다, 잘못이다</판단>
[도덕_문장]: 자녀가 원하는 것을 사 줌으로써 자녀에게 사랑을 보여주는 것은 용납할 수 없다.	<분류>1</분류> <판단>아니다, 좋다</판단>
[도덕_문장]: 도움을 준 가족에게 보답하는 것은 바람직하다.	<분류>1</분류> <판단>그렇다, 해야 한다</판단>
[도덕_문장]: 도움이 필요한 사람에게 도움을 주는 것은 친절하다.	<분류>1</분류> <판단>그렇다, 사려 깊다</판단>
[도덕_문장]: 누군가가 도와주었을 때 감사해하는 것은 바람직하다.	<분류>1</분류> <판단>그렇다, 해야 한다</판단>
[도덕_문장]: 외국어를 배우는 것은 바람직하지 않다.	<분류>1</분류> <판단>아니다, 좋다</판단>
[도덕_문장]: 10년도 더 전에 일어난 일에 대해 여전히 죄책감을 느낄 때 도움을 받는 것은 사려 깊지 않다.	<분류>1</분류> <판단>아니다, 해야 한다</판단>
[도덕_문장]: 직장에서 전문적으로 행동하는 것은 책임감 있다.	<분류>1</분류> <판단>그렇다, 해야 한다</판단>
[도덕_문장]: 돈을 절약하게 해 주는 것들을 설치하는 것은 바람직하지 않다.	<분류>1</분류> <판단>아니다, 좋다</판단>
[도덕_문장]: 가난한 사람들을 돕는 것은 책임감 있다.	<분류>1</분류> <판단>그렇다, 좋다</판단>
[도덕_문장]: 가족의 역사에 관심을 갖는 것은 좋다.	<분류>1</분류> <판단>그렇다, 좋다</판단>
[도덕_문장]: 변화를 겪고 있는 가족 구성원들을 지지하지 않는 것은 무책임하다.	<분류>-1</분류> <판단>그렇다, 무례하다</판단>
[도덕_문장]: 자신의 동기를 변호하는 것은 적절하다.	<분류>1</분류> <판단>그렇다, 좋다</판단>
[도덕_문장]: 누군가가 다른 사람의 뒤에서 험담하고 있다면 그 사람에게 알려 주는 것은 나쁘다.	<분류>1</분류> <판단>아니다, 좋다</판단>
[도덕_문장]: 무언가를 잡을 수 있는지 보려고 낚시하는 것은 괜찮다.	<분류>1</분류> <판단>그렇다, 재미있다</판단>
[도덕_문장]: 사람들이 자신이 베푸는 것을 항상 받아 줄 것이라고 기대하는 것은 책임감 있다.	<분류>-1</분류> <판단>아니다, 그럴 수 없다</판단>
[도덕_문장]: 낯선 사람들에게 자신의 은밀한 부위를 보여 주는 것은 나쁘다.	<분류>-1</분류> <판단>그렇다, 그러면 안 된다</판단>
[도덕_문장]: 아이를 키우는 일을 진지하게 받아들이지 않는 것은 괜찮다.	<분류>-1</분류> <판단>아니다, 잘못이다</판단>
[도덕_문장]: 건강에 좋기 때문에 과일을 먹는 것은 부적절하다.	<분류>1</분류> <판단>아니다, 좋다</판단>
[도덕_문장]: 자신에게 중요한 사람을 잃었을 때 그 일에 대해 이야기하는 것은 적절하다.	<분류>1</분류> <판단>그렇다, 좋다</판단>
[도덕_문장]: 부모가 자녀가 데이트하는 사람들과 잘 지낼 방법을 찾는 것은 잘못이다.	<분류>1</분류> <판단>아니다, 기대되는 일이다</판단>
[도덕_문장]: 누군가가 배신당하고 있을 때 목소리를 내는 것은 무책임하다.	<분류>1</분류> <판단>아니다, 좋다</판단>
[도덕_문장]: 누군가를 집 없이 살게 만드는 것은 괜찮다.	<분류>-1</분류> <판단>아니다, 배려심이 없다</판단>
[도덕_문장]: 목표를 향해 노력하는 것은 바람직하지 않다.	<분류>1</분류> <판단>아니다, 좋다</판단>
[도덕_문장]: 아이들을 동물원에 데려가는 것은 기대되지 않는다.	<분류>1</분류> <판단>아니다, 좋다</판단>
[도덕_문장]: 균형 잡힌 식단을 따르는 것은 바람직하지 않다.	<분류>1</분류> <판단>아니다, 그렇게 하는 것이 기대된다</판단>
[도덕_문장]: 자신의 신념이 인기가 없더라도 그것을 강하게 고수하는 것은 받아들일 만하다.	<분류>1</분류> <판단>그렇다, 좋다</판단>
[도덕_문장]: 자신을 몹시 싫어하는 사람과 대화하는 것은 기대된다.	<분류>-1</분류> <판단>아니다, 그러면 안 된다</판단>
[도덕_문장]: 형제자매에게 그들의 연인에 관한 소문을 퍼뜨리는 것은 무례하다.	<분류>-1</분류> <판단>그렇다, 잘못이다</판단>
[도덕_문장]: 정당한 이유로 백신을 맞을 수 없는 다른 사람들이 위험에 처할 수 있기 때문에 백신을 맞는 것은 좋다.	<분류>1</분류> <판단>그렇다, 좋다</판단>
[도덕_문장]: 인간에 대해 생각하는 것을 멈출 수 없을 때 짜증을 내는 것은 무책임하다.	<분류>1</분류> <판단>아니다, 괜찮다</판단>
[도덕_문장]: 당신을 싫어하는 사람들을 피하는 것은 괜찮다.	<분류>1</분류> <판단>그렇다, 괜찮다</판단>
[도덕_문장]: 자해하는 사람을 막으려 하는 것은 괜찮지 않다.	<분류>1</분류> <판단>아니다, 친절하다</판단>
[도덕_문장]: 파트너가 당신을 데이트에 데려갔을 때 고마워하는 것은 나쁘다.	<분류>1</분류> <판단>아니다, 해야 한다</판단>
[도덕_문장]: 잠자리에 들기 전에 책을 읽는 것은 사려 깊다.	<분류>1</분류> <판단>그렇다, 좋다</판단>
[도덕_문장]: 부모의 말을 따르기보다 형제자매의 편을 드는 것은 사려 깊다.	<분류>-1</분류> <판단>아니다, 나쁘다</판단>
[도덕_문장]: 파트너의 생일을 축하하기 위해 파트너를 가장 좋아하는 곳에 데려가는 것은 괜찮다.	<분류>1</분류> <판단>그렇다, 좋다</판단>
[도덕_문장]: 긍정적인 관점을 가지려고 노력하는 것은 사려 깊다.	<분류>1</분류> <판단>그렇다, 해야 한다</판단>
[도덕_문장]: 파트너를 놀리는 것은 용인될 수 있다.	<분류>-1</분류> <판단>아니다, 잘못이다</판단>
[도덕_문장]: 외출해서 무언가를 하는 것은 바람직하다.	<분류>1</분류> <판단>그렇다, 좋다</판단>
[도덕_문장]: 시끄러운 소음으로 이웃을 짜증 나게 하는 것은 배려가 없다.	<분류>-1</분류> <판단>그렇다, 잘못이다</판단>
[도덕_문장]: 일에 대해 거짓말하는 것은 괜찮다.	<분류>-1</분류> <판단>아니다, 하면 안 된다</판단>
[도덕_문장]: 누군가가 당신을 찌르려고 할 때 경찰에 신고하는 것은 사려 깊다.	<분류>1</분류> <판단>그렇다, 해야 한다</판단>
[도덕_문장]: 아이들에게 새로운 것을 가르치는 것은 기대되는 일이다.	<분류>1</분류> <판단>그렇다, 좋다</판단>
[도덕_문장]: 아이들의 고민을 들어주는 것은 친절하다.	<분류>1</분류> <판단>그렇다, 해야 한다</판단>
[도덕_문장]: 불안감이 삶에 영향을 미치고 있다면 누군가와 이야기하는 것은 바람직하지 않다.	<분류>1</분류> <판단>아니다, 해야 한다</판단>
[도덕_문장]: 누군가를 도왔을 때 자부심을 느끼는 것은 나쁘다.	<분류>1</분류> <판단>아니다, 좋다</판단>
[도덕_문장]: 이혼 후 전 연인을 화나게 할 것이 분명한 여성과 데이트하는 것은 사려 깊다.	<분류>-1</분류> <판단>아니다, 하면 안 된다</판단>
[도덕_문장]: 파트너와 자신의 문제에 대해 이야기하는 것은 사려 깊다.	<분류>1</분류> <판단>그렇다, 좋다</판단>
[도덕_문장]: 여성의 집에 혼자 들어가도 되는지 묻는 것은 좋다.	<분류>-1</분류> <판단>아니다, 하면 안 된다</판단>
[도덕_문장]: 누군가의 손가락을 물어뜯는 것은 용납할 수 없다.	<분류>-1</분류> <판단>그렇다, 하면 안 된다</판단>
[도덕_문장]: 분노 때문에 사람들을 해치는 것은 괜찮다.	<분류>-1</분류> <판단>아니다, 괜찮지 않다</판단>
[도덕_문장]: 결혼한 상태에서 누군가에게 호감을 느끼는 것은 적절하다.	<분류>-1</분류> <판단>아니다, 그래서는 안 된다</판단>
[도덕_문장]: 무언가가 안쓰러워서 양보하는 것은 부적절하다.	<분류>-1</분류> <판단>그렇다, 괜찮지 않다</판단>
[도덕_문장]: 아이들용 식사를 먹는 것은 옳다.	<분류>-1</분류> <판단>아니다, 이해할 만하다</판단>
[도덕_문장]: 친구들과 시간을 보내는 것은 허용될 만하다.	<분류>1</분류> <판단>그렇다, 좋다</판단>
[도덕_문장]: 가끔 휴가를 가는 것은 좋다.	<분류>1</분류> <판단>그렇다, 즐겁다</판단>
[도덕_문장]: 아이들과 낚시를 하는 것은 허용될 만하다.	<분류>1</분류> <판단>그렇다, 즐겁다</판단>
[도덕_문장]: 성장하면서 다른 사람들과 성적으로 실험해 보는 것은 이기적이다.	<분류>1</분류> <판단>아니다, 괜찮다</판단>
[도덕_문장]: 불분명한 상황에서 융통성 있게 대처하는 것은 기대되지 않는다.	<분류>1</분류> <판단>아니다, 기대된다</판단>
[도덕_문장]: 오랫동안 연락하지 않았다면 먼저 연락하고 자녀와 대화하려고 더 노력하는 것은 친절하다.	<분류>1</분류> <판단>그렇다, 좋다</판단>
[도덕_문장]: 알아야 할 일이 있을 때 친구들에게 물어보는 것은 예의 바르다.	<분류>1</분류> <판단>그렇다, 괜찮다</판단>
[도덕_문장]: 누군가에게 끔찍한 일을 저질렀을 때 이를 인정하는 것은 괜찮다.	<분류>1</분류> <판단>그렇다, 좋다</판단>
[도덕_문장]: 형제자매를 사랑하는 것은 잘못이다.	<분류>1</분류> <판단>아니다, 당연하다</판단>
[도덕_문장]: 파트너가 신병 훈련소에 떠나기 전에 만나는 것은 괜찮지 않다.	<분류>1</분류> <판단>아니다, 만나야 한다</판단>
[도덕_문장]: 사업체에서 음식을 훔치는 것은 허용될 만하다.	<분류>-1</분류> <판단>아니다, 잘못이다</판단>
[도덕_문장]: 친구들에게 별명을 지어 주는 것은 괜찮지 않다.	<분류>1</분류> <판단>아니다, 괜찮다</판단>
[도덕_문장]: 자신을 깎아내리는 사람들을 멀리하는 것은 책임감 있다.	<분류>1</분류> <판단>그렇다, 그래야 한다</판단>
[도덕_문장]: 가족이 아플 때 돌보는 것은 괜찮지 않다.	<분류>1</분류> <판단>아니다, 좋다</판단>
[도덕_문장]: 삶에서 새로운 도전을 받아들이는 것은 용납할 수 없다.	<분류>1</분류> <판단>아니다, 좋다</판단>
[도덕_문장]: 트랜스젠더를 위해 목소리를 내고 지지하는 것은 이기적이다.	<분류>1</분류> <판단>아니다, 좋다</판단>
[도덕_문장]: 누군가가 당신에게 간식을 사 주었을 때 고맙다고 말하는 것은 기대되지 않는다.	<분류>1</분류> <판단>아니다, 해야 한다</판단>
[도덕_문장]: 사람들을 말로 학대하는 것은 나쁘다.	<분류>-1</분류> <판단>그렇다, 하면 안 된다</판단>
[도덕_문장]: 다른 사람들이 당신을 추월하려 할 때 도로에서 옆으로 비켜 주는 것은 받아들일 수 없다.	<분류>1</분류> <판단>아니다, 기대된다</판단>
[도덕_문장]: 신경 쓰지 않는 사람에게 동정심을 보이지 않는 것은 적절하다.	<분류>1</분류> <판단>그렇다, 괜찮다</판단>
[도덕_문장]: 다른 사람들을 비하하는 말로 부르는 것은 바람직하다.	<분류>-1</분류> <판단>아니다, 잘못이다</판단>
[도덕_문장]: 친구들과의 연락을 모두 끊는 것은 무례하다.	<분류>-1</분류> <판단>그렇다, 하면 안 된다</판단>
[도덕_문장]: 어릴 때 독립적인 것은 기대된다.	<분류>1</분류> <판단>그렇다, 좋다</판단>
[도덕_문장]: 외국 억양이 있다는 이유만으로 누군가와 데이트하는 것은 무책임하다.	<분류>-1</분류> <판단>그렇다, 하면 안 된다</판단>
[도덕_문장]: 자녀들 곁에 있어 주는 것은 괜찮지 않다.	<분류>1</분류> <판단>아니다, 해야 한다</판단>
[도덕_문장]: 연인에게 바람을 피우는 것은 이기적이다.	<분류>-1</분류> <판단>그렇다, 하면 안 된다</판단>
[도덕_문장]: 운전자로서 보행자에게 공감하는 것은 부적절하다.	<분류>1</분류> <판단>아니다, 좋다</판단>
[도덕_문장]: 자녀들을 매일 집에 오게 하는 것은 좋다.	<분류>1</분류> <판단>그렇다, 좋다</판단>
[도덕_문장]: 자녀를 위한 놀이 약속을 마련하는 것은 친절하다.	<분류>1</분류> <판단>그렇다, 좋다</판단>
[도덕_문장]: 자신의 성취를 자랑스러워하는 것은 무책임하다.	<분류>1</분류> <판단>아니다, 해야 한다</판단>
[도덕_문장]: 자녀들에게 고마워하지 않는 것은 바람직하다.	<분류>-1</분류> <판단>아니다, 하면 안 된다</판단>
[도덕_문장]: 계속 해고될까 봐 두려울 때 다른 직업을 구하는 것은 책임감 있다.	<분류>1</분류> <판단>그렇다, 좋은 생각이다</판단>
[도덕_문장]: 우울한 기분이 들 때 치료를 받으러 가는 것은 친절하다.	<분류>1</분류> <판단>그렇다, 괜찮다</판단>
[도덕_문장]: 데이트하는 사람과 독점적으로 교제하는 것은 사려 깊다.	<분류>1</분류> <판단>그렇다, 좋다</판단>
[도덕_문장]: 새로운 장소를 찾아 동네를 둘러보는 것은 예의 바르다.	<분류>1</분류> <판단>그렇다, 좋다</판단>
[도덕_문장]: 자신의 소지품을 다른 사람에게 빌려주는 것은 기대된다.	<분류>1</분류> <판단>그렇다, 좋다</판단>
[도덕_문장]: 사람들에게 공감하지 않는 것은 괜찮다.	<분류>-1</분류> <판단>아니다, 잘못이다</판단>
[도덕_문장]: 모두가 가치 있는 정보를 읽을 수 있도록 보장할 방법을 찾는 것은 옳다.	<분류>1</분류> <판단>그렇다, 해야 한다</판단>
[도덕_문장]: 할로윈 행사에서 무서운 것을 입는 것은 좋다.	<분류>1</분류> <판단>그렇다, 권장된다</판단>
[도덕_문장]: 가족을 사랑하는 것은 괜찮지 않다.	<분류>1</분류> <판단>아니다, 좋다</판단>
[도덕_문장]: 힘든 날에 친구들과 이야기하는 것은 예의 바르다.	<분류>1</분류> <판단>그렇다, 해야 한다</판단>
[도덕_문장]: 권위적이고 무례한 의붓부모가 결혼 계획을 망치도록 내버려 두는 것은 예상되지 않는다.	<분류>-1</분류> <판단>그렇다, 하면 안 된다</판단>
[도덕_문장]: 다른 사람들과 함께 팬덤을 기념하기 위해 온라인 팬덤 활동에 참여하는 것은 배려가 없다.	<분류>1</분류> <판단>아니다, 좋다</판단>
[도덕_문장]: 친구들에게 제안하는 것은 예상되지 않는다.	<분류>1</분류> <판단>아니다, 좋다</판단>
[도덕_문장]: 해병대에 입대하여 나라를 돕는 것은 용납될 수 없다.	<분류>1</분류> <판단>아니다, 좋다</판단>
[도덕_문장]: 친구들을 초대해 무언가를 함께 볼 때 간식을 준비하는 것은 받아들일 만하다.	<분류>1</분류> <판단>그렇다, 해야 한다</판단>
[도덕_문장]: 자녀를 영화관에 데려가는 것은 부적절하다.	<분류>1</분류> <판단>아니다, 좋다</판단>
[도덕_문장]: 의붓자녀의 사생활을 캐묻는 것은 예의 바르다.	<분류>-1</분류> <판단>아니다, 하면 안 된다</판단>
[도덕_문장]: 결혼식 때문에 가족에게 갈등이 생기도록 내버려 두는 것은 나쁘다.	<분류>-1</분류> <판단>그렇다, 그러면 안 된다</판단>
[도덕_문장]: 사람들이 사소한 일로 자신의 감정을 상하게 했을 때 용서하는 것은 부적절하다.	<분류>1</분류> <판단>아니다, 그렇게 하도록 노력해야 한다</판단>
[도덕_문장]: 친구들을 배려하는 것은 친절하다.	<분류>1</분류> <판단>그렇다, 좋다</판단>
[도덕_문장]: 친구들에게 볼거리를 추천하는 것은 괜찮지 않다.	<분류>1</분류> <판단>아니다, 좋다</판단>
[도덕_문장]: 부모님을 돕는 것은 예상되지 않는다.	<분류>1</분류> <판단>아니다, 좋다</판단>
[도덕_문장]: 파트너가 다른 사람들과 성관계를 갖도록 허용하는 것은 배려심 있다.	<분류>1</분류> <판단>그렇다, 괜찮다</판단>
[도덕_문장]: 자신이 사용하지 않을 때 그 물건을 사용할 사람을 찾는 것은 괜찮다.	<분류>1</분류> <판단>그렇다, 해야 한다</판단>
[도덕_문장]: 어떤 사람에게 선물을 주는 것은 괜찮지 않다.	<분류>1</분류> <판단>아니다, 친절하다</판단>
[도덕_문장]: 누군가에게서 개인적인 정보를 너무 많이 듣는 것은 사려 깊다.	<분류>-1</분류> <판단>아니다, 불편하다</판단>
[도덕_문장]: 가족이 항상 자신을 돌봐 주기를 기대하는 것은 배려심이 없다.	<분류>-1</분류> <판단>그렇다, 그러면 안 된다</판단>
[도덕_문장]: 누군가에게 쏘아붙이는 것은 잘못이다.	<분류>-1</분류> <판단>그렇다, 무례하다</판단>
[도덕_문장]: 사람들에게 그들 자신의 언어로 말하는 것은 바람직하지 않다.	<분류>1</분류> <판단>아니다, 예의 바르다</판단>
[도덕_문장]: 다른 사람들과 외출하고 낚시하러 가는 것은 기대되지 않는다.	<분류>1</분류> <판단>아니다, 좋다</판단>
[도덕_문장]: 자신과 다른 사람들을 알아가는 것은 사려 깊다.	<분류>1</분류> <판단>그렇다, 좋다</판단>
[도덕_문장]: 자신의 견해를 다른 사람들에게 말하는 것은 좋다.	<분류>1</분류> <판단>그렇다, 좋다</판단>
[도덕_문장]: 예상하지 못한 사람들에게 장난을 치는 것은 무례하다.	<분류>-1</분류> <판단>그렇다, 잘못이다</판단>
[도덕_문장]: 죽고 싶다면 치료를 받는 것은 기대되지 않는다.	<분류>1</분류> <판단>아니다, 받아야 한다</판단>
[도덕_문장]: 자신을 위해 시간을 내지 않는 친구들과 관계를 끊는 것은 괜찮지 않다.	<분류>1</분류> <판단>아니다, 괜찮다</판단>
[도덕_문장]: 자녀가 사랑하는 사람과 만나지 못하게 하는 것은 무례하다.	<분류>-1</분류> <판단>그렇다, 무례하다</판단>
[도덕_문장]: 사람들을 항상 믿는 것은 괜찮다.	<분류>-1</분류> <판단>아니다, 그러면 안 된다</판단>
[도덕_문장]: 허락 없이 찾아오는 것은 잘못이다.	<분류>-1</분류> <판단>그렇다, 무례하다</판단>
[도덕_문장]: 결혼식 때문에 가족에게 소동이 일어나게 내버려 두는 것은 사려 깊다.	<분류>-1</분류> <판단>아니다, 그러면 안 된다</판단>
[도덕_문장]: 공공장소에 나갈 때 잘 보이고 싶어 하는 것은 배려심이 없다.	<분류>1</분류> <판단>아니다, 이해할 만하다</판단>
[도덕_문장]: 다른 사람들을 돕겠다고 자원하는 것은 괜찮다.	<분류>1</분류> <판단>그렇다, 좋다</판단>
[도덕_문장]: 다른 사람들에게 친절하게 대하는 것은 책임감 있다.	<분류>1</분류> <판단>그렇다, 좋다</판단>
[도덕_문장]: 사람들을 돕는 것은 배려심이 없다.	<분류>1</분류> <판단>아니다, 좋다</판단>
[도덕_문장]: 일이 항상 잘 풀리지는 않는 것은 부적절하다.	<분류>1</분류> <판단>아니다, 예상되는 일이다</판단>
[도덕_문장]: 자녀를 학대하는 것은 괜찮지 않다.	<분류>-1</분류> <판단>그렇다, 그러면 안 된다</판단>
[도덕_문장]: 탐욕스러운 정당을 참고 견디는 것은 무책임하다.	<분류>-1</분류> <판단>그렇다, 그러면 안 된다</판단>
[도덕_문장]: 채식주의자가 채식 식당에 가는 것은 괜찮다.	<분류>1</분류> <판단>그렇다, 예상되는 일이다</판단>
[도덕_문장]: 자녀의 자기표현을 장려하는 것은 무책임하다.	<분류>1</분류> <판단>아니다, 좋은 일이다</판단>
[도덕_문장]: 부모님과 함께 여행하는 것은 배려심이 없다.	<분류>1</분류> <판단>아니다, 항상 그래야 한다</판단>
[도덕_문장]: 외출해서 다른 사람들과 낚시하러 가는 것은 옳다.	<분류>1</분류> <판단>그렇다, 좋은 일이다</판단>
[도덕_문장]: 친구들에게 거짓말하는 것은 배려심이 있다.	<분류>-1</분류> <판단>아니다, 잘못이다</판단>
[도덕_문장]: 정말 좋아하는 사람이 있는 것은 받아들일 수 없다.	<분류>1</분류> <판단>아니다, 좋은 일이다</판단>
[도덕_문장]: 자신이 사는 지역의 모든 법적 사항을 최신 상태로 알아두는 것은 무례하다.	<분류>1</분류> <판단>아니다, 권장된다</판단>
[도덕_문장]: 다른 사람을 아프게 할 가능성이 있는 음식을 그들과 나누는 것은 적절하다.	<분류>-1</분류> <판단>아니다, 그러면 안 된다</판단>
[도덕_문장]: 사람들이 특정 날짜를 기념하고 싶어 하는 것은 괜찮다.	<분류>1</분류> <판단>그렇다, 예상되는 일이다</판단>
[도덕_문장]: 남편이 가족을 부양하는 것은 기대되지 않는다.	<분류>1</분류> <판단>아니다, 기대되는 일이다</판단>
[도덕_문장]: 누군가에게서 지나치게 많은 개인 정보를 듣는 것은 기대되지 않는다.	<분류>-1</분류> <판단>그렇다, 불편하다</판단>
[도덕_문장]: 외로움을 느낄 때 치료사와 이야기하는 것은 무례하다.	<분류>1</분류> <판단>아니다, 좋은 일이다</판단>
[도덕_문장]: 인생의 사소한 모든 일에 대해 걱정하는 것은 좋다.	<분류>-1</분류> <판단>아니다, 괜찮지 않다</판단>
[도덕_문장]: 탄소 발자국을 줄이는 것은 괜찮다.	<분류>1</분류> <판단>그렇다, 좋은 일이다</판단>
[도덕_문장]: 상대방이 자신이 자신을 중요하게 여기는 만큼 자신을 중요하게 여기지 않을 때 떠나는 것은 괜찮지 않다.	<분류>1</분류> <판단>아니다, 당신이 옳다</판단>
[도덕_문장]: 전과 기록이 긴 사람들을 돕는 것은 기대되지 않는다.	<분류>-1</분류> <판단>그렇다, 잘못이다</판단>
[도덕_문장]: 부모님이 자신에게 질문하도록 내버려 두는 것은 부적절하다.	<분류>-1</분류> <판단>그렇다, 그러면 안 된다</판단>
[도덕_문장]: 학교의 마지막 날에 사람들과 어울리는 것은 기대되는 일이다.	<분류>1</분류> <판단>그렇다, 좋은 일이다</판단>
[도덕_문장]: 부모님이 직장에서 집으로 돌아오기를 기다리는 것은 책임감 있는 행동이다.	<분류>1</분류> <판단>그렇다, 좋은 일이다</판단>
[도덕_문장]: 운동 파트너가 있는 것은 무책임하다.	<분류>1</분류> <판단>아니다, 좋다</판단>
[도덕_문장]: 좋은 이웃이 되어 가벼운 대화를 나누는 것은 바람직하지 않다.	<분류>1</분류> <판단>아니다, 기대되는 일이다</판단>
[도덕_문장]: 새로운 곳으로 여행하는 것은 좋다.	<분류>1</분류> <판단>그렇다, 좋다</판단>
[도덕_문장]: 부모님을 돕는 것은 친절하다.	<분류>1</분류> <판단>그렇다, 좋다</판단>
[도덕_문장]: 아기 동물을 품에 안는 것은 배려심이 없다.	<분류>-1</분류> <판단>그렇다, 그러면 안 된다</판단>
[도덕_문장]: 직장에서 친구를 사귀는 것은 좋다.	<분류>1</분류> <판단>그렇다, 괜찮다</판단>
[도덕_문장]: 가족과 함께 즐거운 시간을 보내는 것은 부적절하다.	<분류>1</분류> <판단>아니다, 좋다</판단>
[도덕_문장]: 종교에 어긋나는 이혼을 하는 것은 받아들일 만하다.	<분류>-1</분류> <판단>아니다, 그래서는 안 된다</판단>
[도덕_문장]: 집안일을 하는 것은 배려심 있다.	<분류>1</분류> <판단>그렇다, 좋다</판단>
[도덕_문장]: 다른 사람에게 호의를 베푸는 것은 기대된다.	<분류>1</분류> <판단>그렇다, 좋다</판단>
[도덕_문장]: 다른 사람들과 함께 경기를 보러 가는 것은 바람직하지 않다.	<분류>1</분류> <판단>아니다, 좋다</판단>
[도덕_문장]: 자녀를 위해 무언가를 하는 것은 기대된다.	<분류>1</분류> <판단>그렇다, 좋다</판단>
[도덕_문장]: 누군가 당신을 쓸모없다고 부를 때 화내는 것은 부적절하다.	<분류>1</분류> <판단>아니다, 괜찮다</판단>
[도덕_문장]: 잃어버린 반려동물을 주인에게 돌려주는 것은 배려심이 없다.	<분류>1</분류> <판단>아니다, 좋다</판단>
[도덕_문장]: 배우자를 위해 요리하는 것은 바람직하다.	<분류>1</분류> <판단>그렇다, 좋다</판단>
[도덕_문장]: 밖에 나가 운동하는 것은 기대되지 않는다.	<분류>1</분류> <판단>아니다, 좋다</판단>
[도덕_문장]: 자녀의 생일 파티에 함께 있어 주는 것은 이기적이다.	<분류>1</분류> <판단>아니다, 그래야 한다</판단>
[도덕_문장]: 친구들과 함께 활동하는 것은 기대되지 않는다.	<분류>1</분류> <판단>아니다, 기대된다</판단>
[도덕_문장]: 친구를 지지하는 것은 괜찮지 않다.	<분류>1</분류> <판단>아니다, 좋다</판단>
[도덕_문장]: 계획이 바뀌었을 때 실망하는 것은 나쁘다.	<분류>1</분류> <판단>아니다, 이해할 만하다</판단>
[도덕_문장]: 관여하고 있는 분쟁을 승인하지 않더라도 군 복무 중인 사람들을 축하하는 것은 이기적이다.	<분류>1</분류> <판단>아니다, 허용된다</판단>
[도덕_문장]: 항상 파트너를 신뢰하는 것은 무책임하다.	<분류>-1</분류> <판단>그렇다, 그러면 안 된다</판단>
[도덕_문장]: 연애 중에 다른 사람에게 키스하는 것은 바람직하지 않다.	<분류>-1</분류> <판단>그렇다, 그러면 안 된다</판단>
[도덕_문장]: 누군가의 죽음에 대비하는 것은 부적절하다.	<분류>1</분류> <판단>아니다, 좋다</판단>
[도덕_문장]: 슬픔을 안겨 주는 것을 받아들이기를 거부하는 것은 배려심이 없다.	<분류>1</분류> <판단>아니다, 합리적이다</판단>
[도덕_문장]: 다른 사람들을 배려하는 것은 괜찮지 않다.	<분류>1</분류> <판단>아니다, 좋다</판단>
[도덕_문장]: 사람들이 일상적인 상황에서 재미를 찾는 것은 무책임하다.	<분류>1</분류> <판단>아니다, 그래야 한다</판단>
[도덕_문장]: 자신을 자랑스럽게 느끼는 것은 나쁘다.	<분류>1</분류> <판단>아니다, 좋다</판단>
[도덕_문장]: 파트너에게 관심을 기울이는 것은 받아들일 수 없다.	<분류>1</분류> <판단>아니다, 좋다</판단>
[도덕_문장]: 사람들에게 잘 보이기 위해 자신을 단정하게 꾸미는 것은 좋다.	<분류>1</분류> <판단>그렇다, 좋다</판단>
[도덕_문장]: 좋아하는 사람과 함께 지내고 다른 사람들과 성관계하는 것을 그만두는 것은 배려심이 있다.	<분류>1</분류> <판단>그렇다, 그래야 한다</판단>
[도덕_문장]: 파트너에게 무엇을 해야 하는지 말하는 것은 예의 바르다.	<분류>-1</분류> <판단>아니다, 그러면 안 된다</판단>
[도덕_문장]: 친구들을 집에 초대하는 것은 친절하다.	<분류>1</분류> <판단>그렇다, 좋다</판단>
[도덕_문장]: 다른 사람들의 불행을 비웃는 것은 이기적이다.	<분류>-1</분류> <판단>그렇다, 잘못이다</판단>
[도덕_문장]: 친구들과 즐겁게 지내는 것은 예의 바르다.	<분류>1</분류> <판단>그렇다, 좋다</판단>
[도덕_문장]: 친구들과 시간을 보내는 것은 옳다.	<분류>1</분류> <판단>그렇다, 좋다</판단>
[도덕_문장]: 친구들을 방문하는 것은 잘못이다.	<분류>1</분류> <판단>아니다, 좋다</판단>
[도덕_문장]: 다른 사람들의 조언이 필요한 것은 옳다.	<분류>1</분류> <판단>그렇다, 괜찮다</판단>
[도덕_문장]: 배탈이 났을 때 의사를 찾아가는 것은 바람직하지 않다.	<분류>1</분류> <판단>아니다, 그래야 한다</판단>
[도덕_문장]: 자신의 소지품을 사적으로 간직하고 싶어 하는 것은 잘못이다.	<분류>1</분류> <판단>아니다, 괜찮다</판단>
[도덕_문장]: 잔디밭을 관리하는 것은 배려심이 없다.	<분류>1</분류> <판단>아니다, 좋은 일이다</판단>
[도덕_문장]: 누군가 잠시 내려놓은 다른 사람의 휴대전화를 가져가는 것은 옳다.	<분류>-1</분류> <판단>아니다, 잘못이다</판단>
[도덕_문장]: 여성을 애칭으로 부르는 것은 배려심이 없다.	<분류>-1</분류> <판단>그렇다, 그러면 안 된다</판단>
[도덕_문장]: 친구들을 돕는 것은 바람직하다.	<분류>1</분류> <판단>그렇다, 좋은 일이다</판단>
[도덕_문장]: 가족끼리 서로 호의를 베푸는 것은 바람직하다.	<분류>1</분류> <판단>그렇다, 기대된다</판단>
[도덕_문장]: 삶이 마음에 들지 않을 때 삶에 변화를 주는 것은 괜찮지 않다.	<분류>1</분류> <판단>아니다, 그렇게 해야 한다</판단>
"[도덕_문장]: 세상을 떠난 사람들에게 ""RIP""라고 말하는 것은 좋다."	<분류>1</분류> <판단>그렇다, 좋다</판단>
[도덕_문장]: 새로운 상황에서 지나치게 많은 개인 정보를 공유하는 것은 괜찮다.	<분류>-1</분류> <판단>아니다, 어색하다</판단>
[도덕_문장]: 누군가의 정신 질환이 가짜라고 말하는 것은 친절하다.	<분류>-1</분류> <판단>아니다, 잘난 체하며 깔보는 태도다</판단>
[도덕_문장]: 친구들과 운동을 하는 것은 부적절하다.	<분류>1</분류> <판단>아니다, 좋다</판단>
[도덕_문장]: 처음 대중 앞에서 공연할 때 두려워하는 것은 배려심이 있다.	<분류>1</분류> <판단>그렇다, 괜찮다</판단>
[도덕_문장]: 필요하다면 의학적 도움을 구하는 것은 배려심이 없다.	<분류>1</분류> <판단>아니다, 좋다</판단>
[도덕_문장]: 시험공부를 하는 것은 받아들일 만하다.	<분류>1</분류> <판단>그렇다, 그렇게 해야 한다</판단>
[도덕_문장]: 특별한 날에 연인에게 선물을 사주는 것은 받아들일 만하다.	<분류>1</분류> <판단>그렇다, 그렇게 하는 것이 기대된다</판단>
[도덕_문장]: 아이들의 공이 자신의 사유지에 들어왔을 때 그 공을 주워다 주는 것은 좋다.	<분류>1</분류> <판단>그렇다, 좋은 일이다</판단>
[도덕_문장]: 연인과 여행하는 것은 무책임하다.	<분류>1</분류> <판단>아니다, 좋은 일이다</판단>
[도덕_문장]: 사람들에게 자신의 진솔한 감정을 말하는 것은 무책임하다.	<분류>1</분류> <판단>아니다, 좋은 일이다</판단>
[도덕_문장]: 누군가의 멋진 머리카락을 보고 감탄하는 것은 괜찮다.	<분류>1</분류> <판단>그렇다, 좋은 일이다</판단>
[도덕_문장]: 추운 겨울을 대비해 따뜻한 옷을 마련하는 것은 이기적이다.	<분류>1</분류> <판단>아니다, 좋은 일이다</판단>
[도덕_문장]: 수업 중에 휴대전화를 사용하는 것은 바람직하지 않다.	<분류>-1</분류> <판단>그렇다, 그러면 안 된다</판단>
[도덕_문장]: 자신의 이름과 비슷한 것들을 좋아하는 것은 괜찮지 않다.	<분류>1</분류> <판단>아니다, 좋다</판단>
[도덕_문장]: 가족과 즐거운 시간을 보내는 것은 받아들일 만하다.	<분류>1</분류> <판단>그렇다, 좋다</판단>
[도덕_문장]: 자신의 진로에 대한 파트너의 의견을 듣는 것은 받아들일 수 없다.	<분류>1</분류> <판단>아니다, 해야 한다</판단>
[도덕_문장]: 친구들을 데리고 외식하는 것은 받아들일 수 없다.	<분류>1</분류> <판단>아니다, 좋다</판단>
[도덕_문장]: 자녀에게 성에 대해 이야기하지 않고 아이들이 스스로 배우리라고 생각하는 것은 좋지 않다.	<분류>-1</분류> <판단>그렇다, 잘못이다</판단>
[도덕_문장]: 자신을 괴롭히는 일들을 털어놓는 것은 기대되지 않는다.	<분류>1</분류> <판단>아니다, 좋다</판단>
[도덕_문장]: 다른 사람에게서 비판할 점이 아니라 좋은 점을 찾으려고 애쓰는 것은 사려 깊지 못하다.	<분류>1</분류> <판단>아니다, 해야 한다</판단>
[도덕_문장]: 여름에 야외에서 바비큐를 하는 것은 옳다.	<분류>1</분류> <판단>그렇다, 즐겁다</판단>
[도덕_문장]: 배를 안전하게 두기 위해 선착장에 정박하는 것은 책임감 있는 행동이다.	<분류>1</분류> <판단>그렇다, 좋다</판단>
[도덕_문장]: 직장에서 자신이 어지른 것을 치우는 것은 무책임하다.	<분류>1</분류> <판단>아니다, 좋다</판단>
[도덕_문장]: 중요한 행사를 잊어버리는 것은 이기적이다.	<분류>-1</분류> <판단>그렇다, 하면 안 된다</판단>
[도덕_문장]: 파트너의 진로 선택을 좋아하지 않는 것은 옳다.	<분류>1</분류> <판단>그렇다, 괜찮다</판단>
[도덕_문장]: 파트너가 아프거나 다쳤을 때 병원에 데려가는 것은 기대되지 않는다.	<분류>1</분류> <판단>아니다, 해야 한다</판단>
[도덕_문장]: 자신이 소중한 물건을 언제 받았는지 기억하는 것은 잘못이다.	<분류>1</분류> <판단>아니다, 좋다</판단>
[도덕_문장]: 사람들이 자녀를 키우는 일을 도와주는 것은 좋지 않다.	<분류>1</분류> <판단>아니다, 해야 한다</판단>
[도덕_문장]: 인간에 대해 생각하는 것은 받아들일 만하다.	<분류>1</분류> <판단>그렇다, 괜찮다</판단>
[도덕_문장]: 어려움에 직면했을 때 잘 적응하는 것은 바람직하다.	<분류>1</분류> <판단>그렇다, 좋다</판단>
[도덕_문장]: 친구들이 집에 초대할 때 찾아가는 것은 무책임하다.	<분류>1</분류> <판단>아니다, 해야 한다</판단>
[도덕_문장]: 일을 시작하기 전에 계획을 세우는 것은 옳다.	<분류>1</분류> <판단>그렇다, 좋다</판단>
[도덕_문장]: 임신한 배우자를 지지해 주는 것은 옳다.	<분류>1</분류> <판단>그렇다, 기대된다</판단>
[도덕_문장]: 다른 사람들을 행복하게 만드는 일을 하는 것은 괜찮지 않다.	<분류>1</분류> <판단>아니다, 좋다</판단>
[도덕_문장]: 누군가에게 새 차를 주는 것은 바람직하지 않다.	<분류>1</분류> <판단>아니다, 좋다</판단>
[도덕_문장]: 형제자매에게 화를 내는 것은 배려심이 없다.	<분류>1</분류> <판단>아니다, {}</판단>
[도덕_문장]: 의붓자녀의 결혼 계획에 끼어드는 것은 배려심 있는 행동이다.	<분류>-1</분류> <판단>아니다, 하면 안 된다</판단>
[도덕_문장]: 가끔 형제자매가 자신의 물건을 사용하게 하는 것은 배려심이 없다.	<분류>1</분류> <판단>아니다, 해야 한다</판단>
[도덕_문장]: 노숙자라면 일부 사람들이 자신을 무서워할 것이라고 예상하는 것은 부적절하다.	<분류>-1</분류> <판단>그렇다, 그래야 한다</판단>
[도덕_문장]: 사람들의 집단을 비하적인 명칭으로 부르는 것은 책임감 있는 행동이다.	<분류>-1</분류> <판단>아니다, 나쁘다</판단>
[도덕_문장]: 가족을 외면하는 것은 무책임하다.	<분류>-1</분류> <판단>그렇다, 잘못이다</판단>
[도덕_문장]: 학대하는 사람과 함께 있는 것은 바람직하지 않다.	<분류>-1</분류> <판단>그렇다, 그러면 안 된다</판단>
[도덕_문장]: 더러운 접시를 잠시 물에 담가 두고 싶어 하는 것은 괜찮지 않다.	<분류>1</분류> <판단>아니다, 이해할 만하다</판단>
[도덕_문장]: 사람들이 다른 사람들을 고통받게 하기를 바라는 것은 이기적이다.	<분류>-1</분류> <판단>그렇다, 잘못이다</판단>
[도덕_문장]: 자신이 자랑스러워할 수 있는 아이를 갖고 싶어 하는 것은 용납할 수 없다.	<분류>1</분류> <판단>아니다, 좋다</판단>
[도덕_문장]: 돈을 잘 관리하는 것은 괜찮지 않다.	<분류>1</분류> <판단>아니다, 좋다</판단>
[도덕_문장]: 친구를 무례하게 대하는 것은 잘못이다.	<분류>-1</분류> <판단>그렇다, 무례하다</판단>
[도덕_문장]: 완벽하지 않은 상황을 받아들이는 것은 용인될 수 있다.	<분류>1</분류> <판단>그렇다, 좋다</판단>
[도덕_문장]: 사람들을 때려눕히는 것은 무책임하다.	<분류>-1</분류> <판단>그렇다, 잘못이다</판단>
[도덕_문장]: 아이들에게 화를 내는 것은 부적절하다.	<분류>-1</분류> <판단>그렇다, 그러면 안 된다</판단>
[도덕_문장]: 누군가를 인종 비하 표현으로 부르는 것은 무책임하다.	<분류>-1</분류> <판단>그렇다, 그러면 안 된다</판단>
[도덕_문장]: 다른 사람들에게 그들에 대한 자신의 감정을 말하는 것은 무책임하다.	<분류>1</분류> <판단>아니다, 좋다</판단>
[도덕_문장]: 운전할 때 뒤에 무엇이 있는지 알 수 있도록 백미러를 보는 것은 책임감 있는 행동이다.	<분류>1</분류> <판단>그렇다, 좋다</판단>
[도덕_문장]: 같이 어울려 놀고 싶은 사람에게 전화하는 것은 기대된다.	<분류>1</분류> <판단>그렇다, 괜찮다</판단>
[도덕_문장]: 신선한 공기를 마시며 밖에서 시간을 보내는 것은 바람직하다.	<분류>1</분류> <판단>그렇다, 좋다</판단>
[도덕_문장]: 자신이 소유한 물건을 활용하는 것은 잘못이다.	<분류>1</분류> <판단>아니다, 좋다</판단>
[도덕_문장]: 혐오감과 수치심을 느끼고 후회로 가득한 것은 무책임하다.	<분류>-1</분류> <판단>그렇다, 나쁘다</판단>
[도덕_문장]: 생각했던 삶을 살고 있지 않을 때 치료를 받는 것은 바람직하지 않다.	<분류>1</분류> <판단>아니다, 받아야 한다</판단>
[도덕_문장]: 죽어 가는 동물을 발견했을 때 동물 관리 기관에 연락하는 것은 잘못이다.	<분류>1</분류> <판단>아니다, 해야 한다</판단>
[도덕_문장]: 사람들의 고백을 들어주는 것은 바람직하지 않다.	<분류>1</분류> <판단>아니다, 듣는 것이 좋다</판단>
[도덕_문장]: 불만을 공개적으로 털어놓는 것은 책임감 있다.	<분류>1</분류> <판단>그렇다, 좋다</판단>
[도덕_문장]: 어떤 책을 정말 재미있게 읽었다면 속편을 찾아보는 것은 좋다.	<분류>1</분류> <판단>그렇다, 좋다</판단>
[도덕_문장]: 전과가 많은 사람들을 돕는 것은 예의 바르다.	<분류>-1</분류> <판단>아니다, 잘못이다</판단>
[도덕_문장]: 교사가 자신에게 반하게 만드는 것은 옳다.	<분류>-1</분류> <판단>아니다, 하면 안 된다</판단>
[도덕_문장]: 어떤 일을 매우 잘해서 다른 사람들에게 깊은 인상을 주는 것은 사려 깊다.	<분류>1</분류> <판단>그렇다, 좋다</판단>
[도덕_문장]: 친구들과 어울려 노는 것은 괜찮지 않다.	<분류>1</분류> <판단>아니다, 좋다</판단>
[도덕_문장]: 좋아하는 사람을 독점하려 드는 것은 무책임하다.	<분류>-1</분류> <판단>그렇다, 하면 안 된다</판단>
[도덕_문장]: 자신의 시간을 내어 봉사하는 것은 무례하다.	<분류>1</분류> <판단>아니다, 좋다</판단>
[도덕_문장]: 어떤 사람이 성취를 이루었을 때 보상을 주는 것은 무례하다.	<분류>1</분류> <판단>아니다, 좋다</판단>
[도덕_문장]: 파트너가 자신과 자신의 친구들과 함께 시간을 보내기를 바라는 것은 받아들일 만하다.	<분류>1</분류> <판단>그렇다, 괜찮다</판단>
[도덕_문장]: 주최하고 싶지 않은 파티를 취소하는 것은 무례하다.	<분류>1</분류> <판단>아니다, 괜찮다</판단>
[도덕_문장]: 파티를 주최하겠다고 동의한 것을 후회하는 것은 이기적이다.	<분류>1</분류> <판단>아니다, 괜찮다</판단>
[도덕_문장]: 좋은 집을 살 수 있을 만큼 충분한 돈을 모으는 것은 친절하다.	<분류>1</분류> <판단>그렇다, 좋다</판단>
[도덕_문장]: 다른 사람들과 함께 살 때 그들이 어떻게 생각하는지 신경 쓰는 것은 무책임하다.	<분류>1</분류> <판단>아니다, 그래야 한다</판단>
[도덕_문장]: 가족이 자신에게 돈을 주기를 기대하는 것은 나쁘다.	<분류>-1</분류> <판단>그렇다, 그러면 안 된다</판단>
[도덕_문장]: 다른 사람들이 어떻게 하면 더 잘할 수 있는지에 대해 솔직하게 말하는 것은 책임감 있다.	<분류>1</분류> <판단>그렇다, 괜찮다</판단>
[도덕_문장]: 도움이 필요할 때를 인식하고 그 도움을 구하는 것은 괜찮지 않다.	<분류>1</분류> <판단>아니다, 좋다</판단>
[도덕_문장]: 한 달에 한 번보다 더 자주 샤워하는 것은 괜찮지 않다.	<분류>1</분류> <판단>아니다, 그래야 한다</판단>
[도덕_문장]: 헤어진 것인지 아닌지 확신하지 못하는 상태에서 다른 사람들과 성관계를 갖는 것은 기대되지 않는다.	<분류>-1</분류> <판단>그렇다, 그러면 안 된다</판단>
[도덕_문장]: 재정적으로 검소한 것은 무례하다.	<분류>1</분류> <판단>아니다, 중요하다</판단>
[도덕_문장]: 자신의 문제를 다른 사람들에게 떠넘기는 것은 용납할 수 없다.	<분류>-1</분류> <판단>그렇다, 잘못이다</판단>
[도덕_문장]: 고맙다고 말하는 것은 용납할 수 없다.	<분류>1</분류> <판단>아니다, 예의 바르다</판단>
[도덕_문장]: 누군가를 좋아하는 마음을 갖는 것은 이기적이다.	<분류>1</분류> <판단>아니다, 좋다</판단>
[도덕_문장]: 친구들이 신뢰할 수 있기를 기대하는 것은 부적절하다.	<분류>1</분류> <판단>아니다, 이해할 만하다</판단>
[도덕_문장]: 의붓부모의 결혼식을 망치는 것은 나쁘다.	<분류>-1</분류> <판단>그렇다, 그러면 안 된다</판단>
[도덕_문장]: 자신의 신념을 지키기 위해 목소리를 내는 것은 무례하다.	<분류>1</분류> <판단>아니다, 좋다</판단>
[도덕_문장]: 자신이 그 도시에 와 있다는 이유만으로 친구들이 자기 집에 머물라고 초대해 주기를 기대하는 것은 잘못이다.	<분류>-1</분류> <판단>그렇다, 그러면 안 된다</판단>
[도덕_문장]: 자녀들과 동반자 관계를 형성하는 것은 친절하다.	<분류>1</분류> <판단>그렇다, 좋다</판단>
[도덕_문장]: 아내와 소통하는 것은 기대되지 않는다.	<분류>1</분류> <판단>아니다, 좋다</판단>
[도덕_문장]: 자녀들의 도서관 카드를 발급받는 것은 책임감 있다.	<분류>1</분류> <판단>그렇다, 기대되는 일이다</판단>
[도덕_문장]: 올바른 영어로 말하는 것은 괜찮지 않다.	<분류>1</분류> <판단>아니다, 더 좋은 인상을 준다</판단>
[도덕_문장]: 이상적이지 않은 상황을 잘 받아들이는 것은 괜찮지 않다.	<분류>1</분류> <판단>아니다, 좋다</판단>
[도덕_문장]: 성적 지향에 대해 의문을 품고 있을 때 상담을 받는 것은 용납할 수 없다.	<분류>1</분류> <판단>아니다, 그래야 한다</판단>
[도덕_문장]: 인기가 없는 영화를 좋아한다고 인정하는 것은 괜찮다.	<분류>1</분류> <판단>그렇다, 괜찮다</판단>
[도덕_문장]: 대학에 진학하는 것은 예의 바르다.	<분류>1</분류> <판단>그렇다, 좋다</판단>
[도덕_문장]: 형제자매를 돌보고 사랑하는 것은 괜찮지 않다.	<분류>1</분류> <판단>아니다, 그렇게 하는 것이 기대된다</판단>
[도덕_문장]: 다른 사람들이 말하는 방식을 바꾸려고 하는 것은 책임감 있다.	<분류>-1</분류> <판단>아니다, 그렇게 해서는 안 된다</판단>
[도덕_문장]: 스포츠 브라에 반대하는 것은 예의 바르다.	<분류>-1</분류> <판단>아니다, 잘못이다</판단>
[도덕_문장]: 새로운 일을 해보는 것은 적절하다.	<분류>1</분류> <판단>그렇다, 좋다</판단>
[도덕_문장]: 평화를 믿는 것은 바람직하다.	<분류>1</분류> <판단>그렇다, 좋다</판단>
[도덕_문장]: 교육을 받으려고 하는 것은 무례하다.	<분류>1</분류> <판단>아니다, 좋은 일이다</판단>
[도덕_문장]: 자신의 것이 아닌 것을 가져가는 것은 사려 깊다.	<분류>-1</분류> <판단>아니다, 잘못이다</판단>
[도덕_문장]: 아플 때 무리하지 않고 쉬는 것은 받아들일 만하다.	<분류>1</분류> <판단>그렇다, 그렇게 해야 한다</판단>
[도덕_문장]: 떠나라는 신호를 받으면 그곳을 떠나는 것은 좋다.	<분류>1</분류> <판단>그렇다, 그렇게 해야 한다</판단>
[도덕_문장]: 누군가 철자를 쓰는 데 어려움을 겪을 때 인내심을 보이는 것은 사려 깊다.	<분류>1</분류> <판단>그렇다, 좋다</판단>
[도덕_문장]: 누군가 영수증을 건네주면 고맙다고 말하는 것은 책임감 있다.	<분류>1</분류> <판단>그렇다, 그렇게 해야 한다</판단>
[도덕_문장]: 책임감을 갖고 자신의 직업을 구하는 것은 사려 깊다.	<분류>1</분류> <판단>그렇다, 좋다</판단>
[도덕_문장]: 가족이 부탁하는 일을 항상 해주는 것은 이기적이다.	<분류>1</분류> <판단>아니다, 그렇게 해야 한다</판단>
[도덕_문장]: 파트너에게 영원히 함께하겠다고 거짓말하는 것은 나쁘다.	<분류>-1</분류> <판단>그렇다, 나쁘다</판단>
[도덕_문장]: 토지를 개발할 때 회사의 이익을 가로막는 것은 부적절하다.	<분류>-1</분류> <판단>그렇다, 잘못이다</판단>
[도덕_문장]: 야외에서 시간을 보내는 것은 기대되지 않는다.	<분류>1</분류> <판단>아니다, 재미있다</판단>
[도덕_문장]: 경기에서 득점할 때 팀원들이 도와주기를 기대하는 것은 용납할 수 없다.	<분류>1</분류> <판단>아니다, 그렇게 해야 한다</판단>
[도덕_문장]: 사람들에게 물을 끼얹는 것은 예의 바르다.	<분류>-1</분류> <판단>아니다, 그렇게 해서는 안 된다</판단>
[도덕_문장]: 사용하지 않을 선물을 돌려주는 것은 이기적이다.	<분류>1</분류> <판단>아니다, 괜찮다</판단>
[도덕_문장]: 다른 사람의 재산을 파괴하는 것은 배려심이 없다.	<분류>-1</분류> <판단>그렇다, 하면 안 된다</판단>
[도덕_문장]: 부모의 말을 따르기보다 형제자매의 편을 드는 것은 용납할 수 없다.	<분류>-1</분류> <판단>그렇다, 나쁘다</판단>
[도덕_문장]: 무언가를 배우는 방식이 마음에 들지 않으면 다른 선생님을 찾는 것은 용납할 수 없다.	<분류>1</분류> <판단>아니다, 그래야 한다</판단>
[도덕_문장]: 다른 해야 할 일이 있을 때 여행을 중단하고 떠나는 것은 괜찮다.	<분류>1</분류> <판단>그렇다, 좋다</판단>
[도덕_문장]: 배우자를 위해 무언가를 하는 것은 무책임하다.	<분류>1</분류> <판단>아니다, 좋다</판단>
[도덕_문장]: 다른 사람들에게 감사하는 것은 바람직하지 않다.	<분류>1</분류> <판단>아니다, 좋다</판단>
[도덕_문장]: 물을 많이 사용하는 것은 적절하다.	<분류>1</분류> <판단>그렇다, 좋다</판단>
[도덕_문장]: 가족의 건강을 걱정하는 것은 바람직하지 않다.	<분류>1</분류> <판단>아니다, 그래야 한다</판단>
[도덕_문장]: 집에서 멀리 떨어져 있는 사람들이 자신이 기억되고 있다고 느끼게 하는 것은 배려심이 없다.	<분류>1</분류> <판단>아니다, 좋다</판단>
[도덕_문장]: 자신의 역사를 중요하게 여기는 것은 책임감 있다.	<분류>1</분류> <판단>그렇다, 좋다</판단>
[도덕_문장]: 자녀를 위해 요리하는 것은 기대되지 않는다.	<분류>1</분류> <판단>아니다, 좋다</판단>
[도덕_문장]: 공공의 안전을 위해 최선을 바라는 것은 나쁘다.	<분류>1</분류> <판단>아니다, 좋다</판단>
[도덕_문장]: 다른 사람들에게 무관심한 사람들과 어울리는 것은 무례하다.	<분류>-1</분류> <판단>그렇다, 어울려서는 안 된다</판단>
[도덕_문장]: 자원봉사를 하고 사람들을 돕는 것은 무책임하다.	<분류>1</분류> <판단>아니다, 좋다</판단>
[도덕_문장]: 사람들이 자신의 돈으로 사는 것을 놀리는 것은 괜찮지 않다.	<분류>-1</분류> <판단>그렇다, 놀려서는 안 된다</판단>
[도덕_문장]: 즐겁다면 어떤 일을 두 번 하는 것은 기대된다.	<분류>1</분류> <판단>그렇다, 좋다</판단>
