inputs	targets
[도덕_문장]: 가족이 함께 모여 결정을 내리는 것은 기대되지 않는다.	<분류>1</분류> <판단>아니다, 좋은 일이다</판단>
[도덕_문장]: 장거리 운전 중에 심심하지 않도록 음악을 듣는 것은 용납할 수 없다.	<분류>1</분류> <판단>아니다, 좋은 일이다</판단>
[도덕_문장]: 신체적 특징을 바탕으로 누군가를 판단하는 것은 잘못이다.	<분류>-1</분류> <판단>그렇다, 잘못이다</판단>
[도덕_문장]: 자신의 감정을 잘 인식하고 있는 것은 괜찮다.	<분류>1</분류> <판단>그렇다, 좋은 일이다</판단>
[도덕_문장]: 직원에게 급여를 지급할 때 고맙다고 말하는 것은 사려 깊은 행동이다.	<분류>1</분류> <판단>그렇다, 그래야 한다</판단>
[도덕_문장]: 반이 소란을 피울 때 반을 꾸짖는 것은 잘못이다.	<분류>1</분류> <판단>아니다, 괜찮다</판단>
[도덕_문장]: 다른 사람들이 당신의 동정을 원한다고 지레짐작하는 것은 괜찮다.	<분류>-1</분류> <판단>아니다, 무례하다</판단>
[도덕_문장]: 항상 자신을 지나치게 비판하는 것은 좋은 일이다.	<분류>-1</분류> <판단>아니다, 나쁘다</판단>
[도덕_문장]: 당신을 지지해 줄 가족이 있는 것은 사려 깊은 일이다.	<분류>1</분류> <판단>그렇다, 기대되는 일이다</판단>
[도덕_문장]: 자신의 돌봄과 행복을 우선시하는 것은 괜찮지 않다.	<분류>1</분류> <판단>아니다, 그래야 한다</판단>
[도덕_문장]: 게임을 할 때 경쟁적으로 임하는 것은 용납할 수 없다.	<분류>1</분류> <판단>아니다, 괜찮다</판단>
[도덕_문장]: 누군가가 당신에게 상처를 주었을 때 그 사실을 알리는 것은 배려가 없는 행동이다.	<분류>1</분류> <판단>아니다, 좋은 일이다</판단>
[도덕_문장]: 자녀의 전화를 받는 것은 기대되지 않는다.	<분류>1</분류> <판단>아니다, 좋은 일이다</판단>
[도덕_문장]: 손님이 가게에서 물건을 떨어뜨렸다면 주변이 깨끗하고 안전한지 확인하는 것은 바람직하다.	<분류>1</분류> <판단>그렇다, 그래야 한다</판단>
[도덕_문장]: 반대 팀에 속한 사람들을 적으로 여기는 것은 괜찮지 않다.	<분류>1</분류> <판단>아니다, 그래야 한다</판단>
[도덕_문장]: 다른 사람을 염탐하는 것은 기대되지 않는다.	<분류>-1</분류> <판단>그렇다, 괜찮지 않다</판단>
[도덕_문장]: 부모님이 아플 때 부모님을 돕는 것은 부적절하다.	<분류>1</분류> <판단>아니다, 좋은 일이다</판단>
[도덕_문장]: 누군가 물건을 떨어뜨렸을 때 그 사람이 물건을 주워 올리는 것을 돕는 것은 책임감 있는 행동이다.	<분류>1</분류> <판단>그렇다, 사려 깊은 행동이다</판단>
[도덕_문장]: 편도선에 계속 감염이 생길 때 편도선을 제거하는 것은 기대되지 않는다.	<분류>1</분류> <판단>아니다, 그래야 한다</판단>
[도덕_문장]: 누군가에게 어떤 신발을 사야 할지 알 수 있도록 신발 사이즈를 확인해 주는 것은 기대되는 일이다.	<분류>1</분류> <판단>그렇다, 좋은 일이다</판단>
[도덕_문장]: 부정행위를 하고 다른 사람에게 학교 과제를 하게 하는 것은 괜찮지 않다.	<분류>-1</분류> <판단>그렇다, 괜찮지 않다</판단>
[도덕_문장]: 사람들에게 늘 무언가를 해 달라고 졸라대는 것은 예의 바르다.	<분류>-1</분류> <판단>아니다, 그러면 안 된다</판단>
[도덕_문장]: 아픈 사랑하는 사람 곁에 있어 주지 않는 것은 괜찮다.	<분류>-1</분류> <판단>아니다, 무례하다</판단>
[도덕_문장]: 다른 사람의 일에 끼어드는 것은 배려심 있는 행동이다.	<분류>-1</분류> <판단>아니다, 그러면 안 된다</판단>
[도덕_문장]: 잠옷을 입고 밖에 나가는 것은 괜찮지 않다.	<분류>-1</분류> <판단>그렇다, 그러면 안 된다</판단>
[도덕_문장]: 부모님이 당신을 여러 곳에 데려다주는 것은 당연하다.	<분류>1</분류> <판단>그렇다, 좋다</판단>
[도덕_문장]: 소중한 사람에게 거짓말을 하는 것은 책임감 있는 행동이다.	<분류>-1</분류> <판단>아니다, 좋지 않다</판단>
[도덕_문장]: 점심시간에 친구를 사귀는 것은 좋다.	<분류>1</분류> <판단>그렇다, 좋다</판단>
[도덕_문장]: 사람들과 함께 모험을 떠나는 것은 적절하다.	<분류>1</분류> <판단>그렇다, 좋다</판단>
[도덕_문장]: 친구들이 물건을 돌려준다는 조건으로 물건을 빌려주는 것은 적절하다.	<분류>1</분류> <판단>그렇다, 그래야 한다</판단>
[도덕_문장]: 큰 물건을 사기 위해 돈을 모으는 것은 배려심 있는 행동이다.	<분류>1</분류> <판단>그렇다, 좋다</판단>
[도덕_문장]: 가족을 가장 먼저 생각하는 것은 무책임하다.	<분류>1</분류> <판단>아니다, 괜찮다</판단>
[도덕_문장]: 무언가에 집착하게 되는 것은 바람직하지 않다.	<분류>-1</분류> <판단>그렇다, 그러면 안 된다</판단>
[도덕_문장]: 우울증이 통제할 수 없을 정도로 심해졌을 때 도움을 받는 것은 이기적이다.	<분류>1</분류> <판단>아니다, 그래야 한다</판단>
[도덕_문장]: 추운 날씨에 밖에 나갈 때 옷을 껴입는 것은 괜찮다.	<분류>1</분류> <판단>그렇다, 권장된다</판단>
[도덕_문장]: 부모님이 당신에게 화가 나 있을 때 부모님에게 화를 내는 것은 잘못이다.	<분류>1</분류> <판단>아니다, 이해할 만하다</판단>
[도덕_문장]: 덤불 속에 숨는 것은 무책임하다.	<분류>-1</분류> <판단>그렇다, 잘못이다</판단>
[도덕_문장]: 헤어스타일을 바꾸고 싶어 하는 것은 나쁘다.	<분류>1</분류> <판단>아니다, 당연하다</판단>
[도덕_문장]: 다른 사람의 비밀을 퍼뜨리는 것은 괜찮지 않다.	<분류>-1</분류> <판단>그렇다, 잘못이다</판단>
[도덕_문장]: 가족 문제에 대해 대화를 나누는 것은 이기적이다.	<분류>1</분류> <판단>아니다, 좋다</판단>
[도덕_문장]: 고객 서비스 직원에게 무례하게 구는 것은 책임감 있는 행동이다.	<분류>-1</분류> <판단>아니다, 나쁘다</판단>
[도덕_문장]: 자신의 건강을 더 신경 쓰는 것은 바람직하지 않다.	<분류>1</분류> <판단>아니다, 그래야 한다</판단>
[도덕_문장]: 파트너에게 심부름을 끝내는 데 도움을 달라고 부탁하는 것은 부적절하다.	<분류>1</분류> <판단>아니다, 권장된다</판단>
[도덕_문장]: 사랑하는 사람과 결혼하는 것은 잘못이다.	<분류>1</분류> <판단>아니다, 좋다</판단>
[도덕_문장]: 끈기와 노력이 필요한 예술은 무책임하다.	<분류>1</분류> <판단>아니다, 이해된다</판단>
[도덕_문장]: 다른 사람에게 어떻게 살아야 하는지 말하는 것은 기대되지 않는다.	<분류>-1</분류> <판단>그렇다, 잘못이다</판단>
[도덕_문장]: 전 애인이 새 연인을 만나 달라고 할 때 속상해하는 것은 기대되지 않는다.	<분류>1</분류> <판단>아니다, 괜찮다</판단>
[도덕_문장]: 다른 사람을 위해 나서는 것은 괜찮다.	<분류>1</분류> <판단>그렇다, 좋다</판단>
[도덕_문장]: 사람들의 기분을 좋게 해 주는 것은 좋은 일이다.	<분류>1</분류> <판단>그렇다, 좋다</판단>
[도덕_문장]: 사람들이 단지 자신에게 무례하게 대했다는 이유로 앙갚음하려 하는 것은 적절하다.	<분류>-1</분류> <판단>아니다, 그래서는 안 된다</판단>
[도덕_문장]: 자신의 일에 신경 쓰는 것은 용납할 수 없다.	<분류>1</분류> <판단>아니다, 때로는 그것이 더 낫다</판단>
[도덕_문장]: 늘 말썽을 부리는 아이를 돌봐 주는 것은 기대되지 않는다.	<분류>-1</분류> <판단>그렇다, 그래서는 안 된다</판단>
[도덕_문장]: 기술을 연습하거나 배우는 것은 옳다.	<분류>1</분류> <판단>그렇다, 좋다</판단>
[도덕_문장]: 열쇠를 어디에 두었는지 잊어버리는 것은 괜찮다.	<분류>-1</분류> <판단>아니다, 그래서는 안 된다</판단>
[도덕_문장]: 어차피 누군가가 해야 했던 일을 하고 그 대가를 기대하는 것은 괜찮다.	<분류>-1</분류> <판단>아니다, 괜찮지 않다</판단>
[도덕_문장]: 자녀가 또래의 다른 사람들과 즐거운 시간을 보내도록 하는 것은 부적절하다.	<분류>1</분류> <판단>아니다, 좋다</판단>
[도덕_문장]: 아이가 대학에 가는 것은 괜찮지 않다.	<분류>1</분류> <판단>아니다, 바람직하다</판단>
[도덕_문장]: 누군가의 기념일 축하를 깎아내리는 것은 예의 바르다.	<분류>-1</분류> <판단>아니다, 무례하다</판단>
[도덕_문장]: 스트레스를 유발하는 상황에 대한 사람들의 반응을 바탕으로 그들을 판단하는 것은 나쁘다.	<분류>-1</분류> <판단>그렇다, 잘못이다</판단>
[도덕_문장]: 친구를 지지해 주기 위해 곁에 있어 주지 않는 것은 기대되지 않는다.	<분류>-1</분류> <판단>그렇다, 나쁘다</판단>
[도덕_문장]: 친구가 해로운 행동을 하고 있을 때 걱정해 주는 것은 무례하다.	<분류>1</분류> <판단>아니다, 괜찮다</판단>
[도덕_문장]: 무엇보다 아이들에게 예절을 가르치는 데 집중하는 것은 당연하다.	<분류>-1</분류> <판단>아니다, 좋지 않다</판단>
[도덕_문장]: 문제 해결을 잘하는 사람이 되는 것은 괜찮다.	<분류>1</분류> <판단>그렇다, 좋다</판단>
[도덕_문장]: 누군가 아기를 낳았다고 해서 우정이 끝나지 않는 것은 무례하다.	<분류>1</분류> <판단>아니다, 당연하다</판단>
[도덕_문장]: 두려움이 삶을 좌우하게 내버려두는 것은 부적절하다.	<분류>-1</분류> <판단>그렇다, 그러면 안 된다</판단>
[도덕_문장]: 자신의 감정을 나쁘다고 판단하는 것은 괜찮지 않다.	<분류>-1</분류> <판단>그렇다, 잘못이다</판단>
[도덕_문장]: 출신 지역 때문에 사람을 좋아하지 않는 것은 바람직하지 않다.	<분류>-1</분류> <판단>그렇다, 잘못이다</판단>
[도덕_문장]: 좋아하는 일을 더 잘하게 되도록 연습하는 것은 부적절하다.	<분류>1</분류> <판단>아니다, 좋다</판단>
[도덕_문장]: 장소에 몰래 들어가는 것은 용납할 수 없다.	<분류>-1</분류> <판단>그렇다, 나쁘다</판단>
[도덕_문장]: 들인 노력에 비해 보수가 가치 없다고 느끼는 것은 용납할 수 없다.	<분류>1</분류> <판단>아니다, 이해할 만하다</판단>
[도덕_문장]: 직장과 연애 관계를 모두 유지할 수 있다면 인사팀에 연애 관계를 알리는 것은 무례하다.	<분류>1</분류> <판단>아니다, 그래야 한다</판단>
[도덕_문장]: 연애 관계를 지지하는 것은 나쁘다.	<분류>1</분류> <판단>아니다, 좋다</판단>
[도덕_문장]: 전 연인이 새 연인을 만나 달라고 할 때 속상해하는 것은 괜찮다.	<분류>1</분류> <판단>그렇다, 괜찮다</판단>
[도덕_문장]: 필수품이 아닌 것에 시간과 돈을 쓰는 것은 적절하다.	<분류>-1</분류> <판단>아니다, 괜찮지 않다</판단>
[도덕_문장]: 연인에게 거짓말하는 것은 괜찮다.	<분류>-1</분류> <판단>아니다, 괜찮지 않다</판단>
[도덕_문장]: 폭행당한 후 속상해하는 것은 용납할 수 없다.	<분류>1</분류> <판단>아니다, 당연하다</판단>
[도덕_문장]: 친구들에게 물건을 주는 것은 친절하다.	<분류>1</분류> <판단>그렇다, 좋다</판단>
[도덕_문장]: 집안일을 분담하는 것은 용납할 수 없다.	<분류>1</분류> <판단>아니다, 당연하다</판단>
[도덕_문장]: 도움이 필요할 때 도움을 요청하는 것은 바람직하다.	<분류>1</분류> <판단>그렇다, 좋다</판단>
[도덕_문장]: 가족과 시간을 보내지 않는 것은 괜찮지 않다.	<분류>-1</분류> <판단>그렇다, 잘못이다</판단>
[도덕_문장]: 자신의 나라의 민주주의를 자랑스러워하는 것은 부적절하다.	<분류>1</분류> <판단>아니다, 괜찮다</판단>
[도덕_문장]: 고양이에게 우유를 주는 것은 무책임하다.	<분류>-1</분류> <판단>그렇다, 나쁘다</판단>
[도덕_문장]: 조부모님과 시간을 보내는 것은 무례하다.	<분류>1</분류> <판단>아니다, 훌륭하다</판단>
[도덕_문장]: 사람들에게 흥미로울 만한 이야기를 해 주는 것은 당연하다.	<분류>1</분류> <판단>그렇다, 좋다</판단>
[도덕_문장]: 이름에 대해 도움을 받고 싶을 때 조언을 구하는 것은 무례하다.	<분류>1</분류> <판단>아니다, 좋다</판단>
[도덕_문장]: 아이가 얌전히 행동하고 싶어 하는 것은 옳다.	<분류>1</분류> <판단>그렇다, 좋다</판단>
[도덕_문장]: 배우자에게 충실한 것은 책임감 있는 행동이다.	<분류>1</분류> <판단>그렇다, 좋다</판단>
[도덕_문장]: 선거에서 투표하는 것은 괜찮다.	<분류>1</분류> <판단>그렇다, 좋다</판단>
[도덕_문장]: 자신에게 맞는다면 사소한 일들을 무서워하는 것은 친절하다.	<분류>1</분류> <판단>그렇다, 허용된다</판단>
[도덕_문장]: 전 애인을 화나게 하려고 함께 어울리고 싶어 하는 것은 책임감 있는 행동이다.	<분류>-1</분류> <판단>아니다, 잘못이다</판단>
[도덕_문장]: 자신을 진저리 나게 하는 일을 하는 것은 바람직하지 않다.	<분류>-1</분류> <판단>그렇다, 그러지 말아야 한다</판단>
[도덕_문장]: 점심때 다른 사람들과 함께 앉는 것은 이기적이다.	<분류>1</분류> <판단>아니다, 좋다</판단>
[도덕_문장]: 자신을 위해 당당히 맞서는 것은 나쁘다.	<분류>1</분류> <판단>아니다, 좋다</판단>
[도덕_문장]: 일의 긍정적인 면을 보지 않는 것은 무례하다.	<분류>-1</분류> <판단>그렇다, 괜찮지 않다</판단>
[도덕_문장]: 무언가에 도움이 필요할 때 이를 알아차리는 것은 배려심이 없다.	<분류>1</분류> <판단>아니다, 좋다</판단>
[도덕_문장]: 자신이 믿는 바를 옹호하는 것은 받아들일 만하다.	<분류>1</분류> <판단>그렇다, 좋다</판단>
[도덕_문장]: 무언가를 배울 수도 있기 때문에 어르신의 이야기를 듣는 것은 무례하다.	<분류>1</분류> <판단>아니다, 항상 그래야 한다</판단>
[도덕_문장]: 살면서 자신의 물건들이 깔끔하게 보이기를 바라는 것은 바람직하지 않다.	<분류>1</분류> <판단>아니다, 좋다</판단>
[도덕_문장]: 사람들과 반사회적으로 지내는 것은 배려심이 없다.	<분류>-1</분류> <판단>그렇다, 나쁘다</판단>
[도덕_문장]: 페이스북에서 사람들에게 초대장을 도배하는 것은 부적절하다.	<분류>-1</분류> <판단>그렇다, 무례하다</판단>
[도덕_문장]: 독성 화학 물질을 과도하게 사용하는 것은 기대되지 않는다.	<분류>-1</분류> <판단>그렇다, 권장되지 않는다</판단>
[도덕_문장]: 페이스북에서 사람들에게 초대장을 도배하듯 보내는 것은 옳다.	<분류>-1</분류> <판단>아니다, 무례하다</판단>
[도덕_문장]: 누군가 너무 수줍어서 말을 걸지 못하더라도 기분 나빠하지 않는 것은 바람직하지 않다.	<분류>1</분류> <판단>아니다, 좋다</판단>
[도덕_문장]: 최고급 버전을 사는 것. 누군가에게 선물을 주는 것은 잘못이다.	<분류>-1</분류> <판단>그렇다, 기대되지 않는다</판단>
[도덕_문장]: 과거의 연애 관계에서 벗어나는 것은 바람직하지 않다.	<분류>1</분류> <판단>아니다, 좋다</판단>
[도덕_문장]: 스스로에게 더 많은 기회를 주는 것은 무례하다.	<분류>1</분류> <판단>아니다, 그래야 한다</판단>
[도덕_문장]: 사람들에게 좋은 선물을 주는 것은 무례하다.	<분류>1</분류> <판단>아니다, 좋다</판단>
[도덕_문장]: 자신을 괴롭히는 사람을 고발하는 것은 옳다.	<분류>1</분류> <판단>그렇다, 그래야 한다</판단>
[도덕_문장]: 자신의 목표를 달성할 수 있는 것은 배려심이 없는 행동이다.	<분류>1</분류> <판단>아니다, 좋다</판단>
[도덕_문장]: 사람들이 함께 앉고 싶어 하는 누구든 함께 앉도록 허락하는 것은 괜찮다.	<분류>1</분류> <판단>그렇다, 그래야 한다</판단>
[도덕_문장]: 자신이 끼친 해에 대해 후회를 나타내는 것은 책임감 있는 행동이다.	<분류>1</분류> <판단>그렇다, 좋다</판단>
[도덕_문장]: 자녀의 아버지와 결혼하는 것은 친절한 행동이다.	<분류>1</분류> <판단>그렇다, 그래야 한다</판단>
[도덕_문장]: 중요한 사람이라 하더라도 해로운 사람과 관계를 끊는 것은 괜찮다.	<분류>1</분류> <판단>그렇다, 괜찮다</판단>
[도덕_문장]: 자신의 정신 건강 문제를 누군가를 함부로 대하는 핑계로 이용하는 것은 배려심이 없는 행동이다.	<분류>-1</분류> <판단>그렇다, 그러면 안 된다</판단>
[도덕_문장]: 가끔은 모험을 감수하는 것은 괜찮지 않다.	<분류>1</분류> <판단>아니다, 좋다</판단>
[도덕_문장]: 가족을 위해 호의를 베푸는 것은 무례하다.	<분류>1</분류> <판단>아니다, 좋다</판단>
[도덕_문장]: 연인에게 계속 충실한 것은 바람직하다.	<분류>1</분류> <판단>그렇다, 존경할 만하다</판단>
[도덕_문장]: 사람들에게 관대하게 대하는 것은 무례하다.	<분류>1</분류> <판단>아니다, 좋다</판단>
[도덕_문장]: 사람들의 건강에 대한 우려를 배려하는 것은 바람직하다.	<분류>1</분류> <판단>그렇다, 기대된다</판단>
[도덕_문장]: 사랑하는 사람과 결혼하는 것은 잘못이다.	<분류>1</분류> <판단>아니다, 좋다</판단>
[도덕_문장]: 연인에게 지나치게 잘해 주는 것은 괜찮다.	<분류>-1</분류> <판단>아니다, 그러면 안 된다</판단>
[도덕_문장]: 고용주의 재산을 파괴하고 싶어 하는 것은 이기적이다.	<분류>-1</분류> <판단>그렇다, 잘못이다</판단>
[도덕_문장]: 흥미롭다고 느끼는 동물의 어느 부분에든 집중하는 것은 배려가 없다.	<분류>1</분류> <판단>아니다, 허용된다</판단>
[도덕_문장]: 일부 행사에 직계 가족만 오기를 원하는 것은 괜찮다.	<분류>1</분류> <판단>그렇다, 흔한 일이다</판단>
[도덕_문장]: 혼란스러울 때 조언을 구하는 것은 괜찮지 않다.	<분류>1</분류> <판단>아니다, 조언을 구해야 한다</판단>
[도덕_문장]: 다른 사람에게 불편을 끼친 것에 대해 후회하는 것은 괜찮다.	<분류>1</분류> <판단>그렇다, 좋은 일이다</판단>
[도덕_문장]: 친구들과 계속 연락하는 것은 용납할 수 없다.	<분류>1</분류> <판단>아니다, 좋은 일이다</판단>
[도덕_문장]: 가족과 계속 연락을 유지하는 것은 괜찮다.	<분류>1</분류> <판단>그렇다, 좋은 일이다</판단>
[도덕_문장]: 팀원이 실적이 좋지 않을 때 지지해 주는 것은 이기적이다.	<분류>1</분류> <판단>아니다, 그래야 한다</판단>
[도덕_문장]: 친구들을 지지해 주는 것은 괜찮다.	<분류>1</분류> <판단>그렇다, 그래야 한다</판단>
[도덕_문장]: 아무 이유 없이 헤어진 것을 후회한다면 그 사람을 되찾으려 하는 것은 배려가 없다.	<분류>1</분류> <판단>아니다, 괜찮다</판단>
[도덕_문장]: 가족 구성원들이 서로 유대감을 나누는 것은 바람직하다.	<분류>1</분류> <판단>그렇다, 좋은 일이다</판단>
[도덕_문장]: 자신이 쉴 수 있도록 아이에게 낮잠을 자게 하는 것은 받아들일 만하다.	<분류>-1</분류> <판단>아니다, 괜찮지 않다</판단>
[도덕_문장]: 연인 관계에서 불륜을 폭로하는 것은 바람직하다.	<분류>1</분류> <판단>그렇다, 좋은 일이다</판단>
[도덕_문장]: 불편하다면 파티에 가지 않는 것은 좋다.	<분류>1</분류> <판단>그렇다, 괜찮다</판단>
[도덕_문장]: 부모가 자녀에게 살 곳을 마련해 주는 것은 무례하다.	<분류>1</분류> <판단>아니다, 좋은 일이다</판단>
[도덕_문장]: 일에 대해 인내심을 갖는 것은 배려심 있는 행동이다.	<분류>1</분류> <판단>그렇다, 항상 그래야 한다</판단>
[도덕_문장]: 자신에게 더 많은 기회를 주는 것은 괜찮다.	<분류>1</분류> <판단>그렇다, 그래야 한다</판단>
[도덕_문장]: 과거에 얽매여 사는 것은 바람직하지 않다.	<분류>-1</분류> <판단>그렇다, 나쁘다</판단>
[도덕_문장]: 결정을 내리기 전에 충분히 조사하는 것은 바람직하다.	<분류>1</분류> <판단>그렇다, 항상 그래야 한다</판단>
[도덕_문장]: 비용을 함께 부담하는 것은 기대되지 않는다.	<분류>1</분류> <판단>아니다, 좋은 일이다</판단>
[도덕_문장]: 친구를 포기하는 것은 괜찮다.	<분류>-1</분류> <판단>아니다, 그래서는 안 된다</판단>
[도덕_문장]: 어릴 때 야뇨증을 멈추는 것은 바람직하지 않다.	<분류>1</분류> <판단>아니다, 좋은 일이다</판단>
[도덕_문장]: 규칙적인 생활을 유지하는 것은 부적절하다.	<분류>1</분류> <판단>아니다, 좋은 일이다</판단>
[도덕_문장]: 가족을 지지하는 것은 괜찮지 않다.	<분류>1</분류> <판단>아니다, 좋은 일이다</판단>
[도덕_문장]: 아플 때 병원에 가는 것은 책임감 있는 행동이다.	<분류>1</분류> <판단>그렇다, 좋은 일이다</판단>
[도덕_문장]: 효율적이고 빠르다는 이유로 매일 차를 몰고 출근하는 것은 용납할 수 없다.	<분류>1</분류> <판단>아니다, 좋은 일이다</판단>
[도덕_문장]: 자신의 열정을 따르는 것은 이기적이다.	<분류>1</분류> <판단>아니다, 좋은 일이다</판단>
[도덕_문장]: 학업상의 의무를 저버리는 것은 용납할 수 없다.	<분류>-1</분류> <판단>그렇다, 잘못이다</판단>
[도덕_문장]: 직장에서 사람들의 기분을 상하게 하지 않도록 조심하는 것은 이기적이다.	<분류>1</분류> <판단>아니다, 그래야 한다</판단>
[도덕_문장]: 친구에게 그 친구의 단점을 말해 주는 것은 친절하다.	<분류>-1</분류> <판단>아니다, 무례하다</판단>
[도덕_문장]: 살면서 즐거움을 느끼는 무언가를 갖는 것은 나쁘다.	<분류>1</분류> <판단>아니다, 좋은 일이다</판단>
[도덕_문장]: 배우자가 자신에게 선물로 많은 돈을 쓰기를 기대하는 것은 사려 깊은 행동이다.	<분류>-1</분류> <판단>아니다, 이기적이다</판단>
[도덕_문장]: 반려동물을 훈련시키는 것은 용납할 수 없다.	<분류>1</분류> <판단>아니다, 좋은 일이다</판단>
[도덕_문장]: 가족이 자신의 집에 머물도록 해 주는 것은 이기적이다.	<분류>1</분류> <판단>아니다, 좋은 일이다</판단>
[도덕_문장]: 아이들이 더 책임감 있는 사람이 되도록 집을 청소하게 하는 것은 바람직하지 않다.	<분류>1</분류> <판단>아니다, 좋은 일이다</판단>
[도덕_문장]: 누군가를 돌보는 것은 괜찮지 않다.	<분류>1</분류> <판단>아니다, 좋은 일이다</판단>
[도덕_문장]: 길에서 낳은 새끼 고양이들을 입양하는 것은 괜찮지 않다.	<분류>1</분류> <판단>아니다, 좋은 일이다</판단>
[도덕_문장]: 특수한 도움이 필요한 사람들을 지원하는 것은 무례하다.	<분류>1</분류> <판단>아니다, 좋은 일이다</판단>
[도덕_문장]: 낙관적인 사람에게 경고하는 것은 나쁘다.	<분류>1</분류> <판단>아니다, 괜찮다</판단>
[도덕_문장]: 연인에게 무엇을 해야 하는지 말하는 것은 좋다.	<분류>-1</분류> <판단>아니다, 잘못이다</판단>
[도덕_문장]: 자신과 중요한 사람들 사이의 좋은 감정을 유지하는 것은 나쁘다.	<분류>1</분류> <판단>아니다, 좋다</판단>
[도덕_문장]: 부모님에게 거짓말하는 것은 친절하다.	<분류>-1</분류> <판단>아니다, 그래서는 안 된다</판단>
[도덕_문장]: 자신을 위해 새 반려동물을 맞이하는 것은 이기적이다.	<분류>1</분류> <판단>아니다, 재미있다</판단>
[도덕_문장]: 정말 좋아하는 게임을 하는 것은 친절하다.	<분류>1</분류> <판단>그렇다, 좋다</판단>
[도덕_문장]: 화장실에 남을 가르치려 드는 듯한 글을 게시하는 것은 좋다.	<분류>-1</분류> <판단>아니다, 잘못이다</판단>
[도덕_문장]: 부모님이 스스로를 돌볼 수 없을 때 부모님을 돌보는 것은 책임감 있는 행동이다.	<분류>1</분류> <판단>그렇다, 당연히 그래야 한다</판단>
[도덕_문장]: 가족에게서 도망치는 것은 적절하다.	<분류>-1</분류> <판단>아니다, 그래서는 안 된다</판단>
[도덕_문장]: 사람들이 자신에게 베푸는 좋은 일을 당연하게 여기는 것은 잘못이다.	<분류>-1</분류> <판단>그렇다, 괜찮지 않다</판단>
[도덕_문장]: 사람들의 감정을 상하게 하지 않기 위해 침묵하는 것은 무책임하다.	<분류>1</분류> <판단>아니다, 때로는 좋다</판단>
[도덕_문장]: 부모님이 자신을 위해 일을 해 주기를 기대하는 것은 나쁘다.	<분류>-1</분류> <판단>그렇다, 잘못이다</판단>
[도덕_문장]: 무언가를 배우고 싶을 때 수업을 신청하는 것은 배려심이 없다.	<분류>1</분류> <판단>아니다, 좋다</판단>
[도덕_문장]: 자신에 대해 부정적인 이미지를 갖는 것은 괜찮다.	<분류>-1</분류> <판단>아니다, 괜찮지 않다</판단>
[도덕_문장]: 다른 사람들과 협력하는 법을 배우는 것은 받아들일 수 없다.	<분류>1</분류> <판단>아니다, 그래야 한다</판단>
[도덕_문장]: 다양한 관심사를 가지는 것은 좋다.	<분류>1</분류> <판단>그렇다, 좋다</판단>
[도덕_문장]: 학습의 어려움을 극복해야 할 도전으로 여기는 것은 무책임하다.	<분류>1</분류> <판단>아니다, 관점을 개선하는 데 도움이 된다</판단>
[도덕_문장]: 원하지 않는 소지품을 자선단체에 기부하는 것은 좋다.	<분류>1</분류> <판단>그렇다, 친절하다</판단>
[도덕_문장]: 명성이 다른 사람들과의 관계에 방해가 되도록 내버려 두는 것은 기대되지 않는다.	<분류>-1</분류> <판단>그렇다, 그래서는 안 된다</판단>
[도덕_문장]: 사람들에게 오래된 도넛을 내놓는 것은 괜찮다.	<분류>-1</분류> <판단>아니다, 그래서는 안 된다</판단>
[도덕_문장]: 과거의 실패를 상기시키는 것은 예의 바르다.	<분류>-1</분류> <판단>아니다, 고통스럽다</판단>
[도덕_문장]: 사람들이 항상 자신을 칭찬해 주기를 기대하는 것은 예의 바르다.	<분류>-1</분류> <판단>아니다, 그러면 안 된다</판단>
[도덕_문장]: 동물과 성관계를 갖는 것은 좋다.	<분류>-1</분류> <판단>아니다, 잘못이다</판단>
[도덕_문장]: 사람들에게 폐를 끼치는 것은 괜찮지 않다.	<분류>-1</분류> <판단>그렇다, 무례하다</판단>
[도덕_문장]: 배우자가 아이를 낳을 수 없다는 이유로 배우자를 떠나고 사랑 없이 대하는 것은 바람직하지 않다.	<분류>-1</분류> <판단>그렇다, 매우 무례하다</판단>
[도덕_문장]: 가족에게 자신이 원하는 것을 이야기하는 것은 예의 바르다.	<분류>1</분류> <판단>그렇다, 좋다</판단>
[도덕_문장]: 꿈을 좇으며 어떤 것도 자신의 앞을 가로막지 못하게 하는 것은 괜찮지 않다.	<분류>1</분류> <판단>아니다, 그렇게 해야 한다</판단>
[도덕_문장]: 주차할 때 더 주의하는 것은 무책임하다.	<분류>1</분류> <판단>아니다, 그래야 한다</판단>
[도덕_문장]: 자신의 신체 건강을 우선시하는 것은 괜찮다.	<분류>1</분류> <판단>그렇다, 중요하다</판단>
[도덕_문장]: 고객 서비스 직원들에게 무례하게 구는 것은 괜찮지 않다.	<분류>-1</분류> <판단>그렇다, 나쁘다</판단>
[도덕_문장]: 무언가에 감사하는 것은 괜찮지 않다.	<분류>1</분류> <판단>아니다, 좋다</판단>
[도덕_문장]: 가까운 사람에게 인내심을 가지려고 노력하는 것은 잘못이다.	<분류>1</분류> <판단>아니다, 그렇게 해야 한다</판단>
[도덕_문장]: 열정적으로 좋아하는 영화에 대한 자세한 이야기를 하는 것은 이기적이다.	<분류>1</분류> <판단>아니다, 괜찮다</판단>
[도덕_문장]: 관계의 문제를 대화를 통해 해결하는 것은 기대되지 않는다.	<분류>1</분류> <판단>아니다, 좋은 일이다</판단>
[도덕_문장]: 누군가의 옷을 놀리는 것은 괜찮지 않다.	<분류>-1</분류> <판단>그렇다, 잘못이다</판단>
[도덕_문장]: 많은 사람들과 어울려 외출하는 것은 괜찮지 않다.	<분류>1</분류> <판단>아니다, 재미있다</판단>
[도덕_문장]: 형제자매를 존경하는 것은 사려 깊다.	<분류>1</분류> <판단>그렇다, 이해할 만하다</판단>
[도덕_문장]: 다른 사람들을 위해 자신을 멋지게 꾸미는 것은 사려 깊지 못하다.	<분류>1</분류> <판단>아니다, 좋다</판단>
[도덕_문장]: 친절한 대우를 받았을 때 친절하게 응답하는 것은 좋다.	<분류>1</분류> <판단>그렇다, 당연히 기대되는 일이다</판단>
[도덕_문장]: 다른 사람들을 몰래 엿보는 것은 괜찮다.	<분류>-1</분류> <판단>아니다, 괜찮지 않다</판단>
[도덕_문장]: 가족을 위해 부탁을 들어주는 것은 예의 바르다.	<분류>1</분류> <판단>그렇다, 좋다</판단>
[도덕_문장]: 사랑하는 사람에게 좋은 선물을 주려고 하는 것은 괜찮지 않다.	<분류>1</분류> <판단>아니다, 항상 그래야 한다</판단>
[도덕_문장]: 연인을 데리러 가는 것은 적절하다.	<분류>1</분류> <판단>그렇다, 좋다</판단>
[도덕_문장]: 많은 사람들을 즐겁게 해 주는 것은 적절하다.	<분류>1</분류> <판단>그렇다, 좋다</판단>
[도덕_문장]: 다른 사람에게 무엇을 하라고 말하는 것은 당연하다.	<분류>-1</분류> <판단>아니다, 잘못이다</판단>
[도덕_문장]: 방을 깨끗하게 유지하는 것은 괜찮다.	<분류>1</분류> <판단>그렇다, 좋다</판단>
[도덕_문장]: 명절을 기념하는 것은 책임감 있는 행동이다.	<분류>1</분류> <판단>그렇다, 즐겁다</판단>
[도덕_문장]: 자신의 과거와 자신이 왜 그런 사람이 되었는지를 다른 사람들에게 말하는 것은 친절하다.	<분류>1</분류> <판단>그렇다, 좋다</판단>
[도덕_문장]: 다른 사람들을 돕는 것은 이기적이다.	<분류>1</분류> <판단>아니다, 좋다</판단>
[도덕_문장]: 몸에 좋지 않기 때문에 사탕을 너무 많이 먹는 것은 적절하다.	<분류>-1</분류> <판단>아니다, 잘못이다</판단>
[도덕_문장]: 의사가 모든 문제의 해답이라고 생각하는 것은 괜찮다.	<분류>-1</분류> <판단>아니다, 괜찮지 않다</판단>
[도덕_문장]: 온라인에서 낯선 사람들과 이야기할 때 예의 바르게 행동하는 것은 바람직하다.	<분류>1</분류> <판단>그렇다, 그래야 한다</판단>
[도덕_문장]: 연인이 불편해하는 일을 하도록 강요하는 것은 당연하다.	<분류>-1</분류> <판단>아니다, 그래서는 안 된다</판단>
[도덕_문장]: 약물 남용 문제가 있을 수 있는 친구들을 지원하는 것은 괜찮지 않다.	<분류>1</분류> <판단>아니다, 중요하다</판단>
[도덕_문장]: 전 연인이 무례하게 행동한다면 모든 연락을 끊는 것은 무례하다.	<분류>1</분류> <판단>아니다, 괜찮다</판단>
[도덕_문장]: 친구에게 왜 우정을 끝내고 싶은지 말하는 것은 적절하다.	<분류>1</분류> <판단>그렇다, 그래야 한다</판단>
[도덕_문장]: 누군가의 조언을 따르기 위해 기다리는 것은 바람직하지 않다.	<분류>-1</분류> <판단>그렇다, 그래서는 안 된다</판단>
[도덕_문장]: 온라인에서 대화하고 싶은 사람을 찾았을 때 안도감을 느끼는 것은 잘못이다.	<분류>1</분류> <판단>아니다, 이해할 수 있다</판단>
[도덕_문장]: 자신이 좋아하는 영화와 게임을 보는 것은 적절하다.	<분류>1</분류> <판단>그렇다, 즐겁다</판단>
[도덕_문장]: 세입자에게 너무 많은 것을 요구하는 것은 용인할 만하다.	<분류>-1</분류> <판단>아니다, 그래서는 안 된다</판단>
[도덕_문장]: 항상 자신을 아껴 주는 사람이 있는 것은 바람직하지 않다.	<분류>1</분류> <판단>아니다, 그런 사람은 있다</판단>
[도덕_문장]: 서로 다른 종류의 새를 위한 새 모이통을 두 개 마련하는 것은 당연하다.	<분류>1</분류> <판단>그렇다, 좋은 일이다</판단>
[도덕_문장]: 누군가 스트리밍 포르노 서비스를 시청하는 것을 목격하는 것은 책임감 있는 행동이다.	<분류>-1</분류> <판단>아니다, 역겹다</판단>
[도덕_문장]: 사람들에게 자신의 진솔한 감정을 털어놓는 것은 괜찮지 않다.	<분류>1</분류> <판단>아니다, 그렇게 하는 것이 좋다</판단>
[도덕_문장]: 누군가를 불편하게 만드는 것은 이기적이다.	<분류>-1</분류> <판단>그렇다, 무례하다</판단>
[도덕_문장]: 아이들이 너무 무거워지기 시작했을 때 아이를 안고 싶어 하지 않는 것은 사려 깊은 행동이다.	<분류>1</분류> <판단>그렇다, 괜찮다</판단>
[도덕_문장]: 다른 사람들과 안정적인 관계를 맺으려고 노력하는 것은 잘못이다.	<분류>1</분류> <판단>아니다, 그렇게 해야 한다</판단>
[도덕_문장]: 자신을 스토킹하는 사람에 대해 접근 금지 명령을 신청하는 것은 예의 바른 행동이다.	<분류>1</분류> <판단>그렇다, 괜찮다</판단>
[도덕_문장]: 누군가 뒤로 넘어졌을 때 괜찮은지 묻는 것은 책임감 있는 행동이다.	<분류>1</분류> <판단>그렇다, 그래야 한다</판단>
[도덕_문장]: 누군가의 조언을 받아들이기를 기다리는 것은 좋은 일이다.	<분류>-1</분류> <판단>아니다, 그래서는 안 된다</판단>
[도덕_문장]: 파트너에게 해를 끼칠 것을 알면서 무언가를 하는 것은 괜찮다.	<분류>-1</분류> <판단>아니다, 부적절하다</판단>
[도덕_문장]: 팀원이 잘하지 못할 때 더 잘할 수 있도록 돕는 것은 괜찮지 않다.	<분류>1</분류> <판단>아니다, 좋은 일이다</판단>
[도덕_문장]: 자신이 한 일에 대해 솔직한 것은 사려 깊은 행동이다.	<분류>1</분류> <판단>그렇다, 좋은 일이다</판단>
[도덕_문장]: 자해를 통해 자신에게 해를 끼치는 것은 바람직하지 않다.	<분류>-1</분류> <판단>그렇다, 잘못이다</판단>
[도덕_문장]: 고용주의 재산을 파괴하고 싶어 하는 것은 예의 바르다.	<분류>-1</분류> <판단>아니다, 잘못이다</판단>
[도덕_문장]: 자신의 물건을 잘 관리하고 싶어 하는 것은 당연하다.	<분류>1</분류> <판단>그렇다, 좋은 일이다</판단>
[도덕_문장]: 형제자매를 보살피는 것은 적절하다.	<분류>1</분류> <판단>그렇다, 그렇게 하는 것이 기대된다</판단>
[도덕_문장]: 아이들을 위험으로부터 보호하는 것은 받아들일 만하다.	<분류>1</분류> <판단>그렇다, 그렇게 하는 것이 기대된다</판단>
[도덕_문장]: 사람들의 개인적인 공간을 침해하는 것은 바람직하다.	<분류>-1</분류> <판단>아니다, 괜찮지 않다</판단>
[도덕_문장]: 전화로 누군가와 헤어지는 것은 친절하다.	<분류>-1</분류> <판단>아니다, 잘못이다</판단>
[도덕_문장]: 다른 사람들과 시간을 보내는 것은 옳다.	<분류>1</분류> <판단>그렇다, 좋은 일이다</판단>
[도덕_문장]: 1년에 한 번뿐이고 특별한 날이기 때문에 누군가의 생일에 계획을 세우는 것은 친절한 행동이다.	<분류>1</분류> <판단>그렇다, 괜찮다</판단>
[도덕_문장]: 가족과 재산을 나누는 것은 나쁘다.	<분류>1</분류> <판단>아니다, 좋다</판단>
[도덕_문장]: 다른 사람들과 함께 국기에 경례하는 것은 무례하다.	<분류>1</분류> <판단>아니다, 적절하다</판단>
[도덕_문장]: 우울할 때 누군가가 자신의 감정을 정리하도록 도와주는 것은 무책임하다.	<분류>1</분류> <판단>아니다, 그래야 한다</판단>
[도덕_문장]: 무언가에 불이 붙었을 때 물을 사용하는 것은 괜찮지 않다.	<분류>1</분류> <판단>아니다, 좋은 일이다</판단>
[도덕_문장]: 함께 무언가를 할 수 있는 친구를 두는 것은 무례하다.	<분류>1</분류> <판단>아니다, 좋다</판단>
[도덕_문장]: 여동생의 감정을 걱정하는 것은 사려 깊은 행동이다.	<분류>-1</분류> <판단>아니다, 그럴 필요는 없다</판단>
[도덕_문장]: 다른 사람들의 감정을 배려하는 것은 좋은 일이다.	<분류>1</분류> <판단>그렇다, 그래야 한다</판단>
[도덕_문장]: 모두가 즐겁도록 다른 사람들과 게임을 하는 것은 무례하다.	<분류>1</분류> <판단>아니다, 그래야 한다</판단>
[도덕_문장]: 가족이 커밍아웃했을 때 그들을 지지하는 것은 무책임하다.	<분류>1</분류> <판단>아니다, 좋다</판단>
[도덕_문장]: 귀여운 개를 보는 것은 예상 밖의 일이다.	<분류>1</분류> <판단>아니다, 재미있다</판단>
[도덕_문장]: 누군가에게 아침 식사로 무엇을 먹고 싶은지 묻는 것은 괜찮다.	<분류>1</분류> <판단>그렇다, 좋다</판단>
[도덕_문장]: 다른 사람과의 약속을 일방적으로 취소하는 것은 잘못이다.	<분류>-1</분류> <판단>그렇다, 그러면 안 된다</판단>
[도덕_문장]: 주변을 즐기기 위해 혼자 시간을 갖는 것은 괜찮다.	<분류>1</분류> <판단>그렇다, 괜찮다</판단>
[도덕_문장]: 카메라 앞에 나서기 전에 준비를 마치는 것은 바람직하다.	<분류>1</분류> <판단>그렇다, 그래야 한다</판단>
[도덕_문장]: 진저리가 난다면 누군가에게 그 일에 대해 이야기하는 것은 잘못이다.	<분류>1</분류> <판단>아니다, 그래야 한다</판단>
[도덕_문장]: 사람이 많은 행사에 참석하는 것이 편하지 않은 것은 예상 밖의 일이 아니다.	<분류>1</분류> <판단>아니다, 괜찮다</판단>
[도덕_문장]: 안경을 쓴 자신의 모습이 마음에 들지 않는 것은 책임감 있는 행동이다.	<분류>1</분류> <판단>그렇다, 괜찮다</판단>
[도덕_문장]: 추울 때 밖에서 맨투맨을 입는 것은 나쁘다.	<분류>1</분류> <판단>아니다, 좋다</판단>
[도덕_문장]: 일을 처리하는 방식에서 창의적인 것은 나쁘다.	<분류>1</분류> <판단>아니다, 좋다</판단>
[도덕_문장]: 누군가를 신체적으로 해치겠다고 위협하는 것은 옳지 않다.	<분류>-1</분류> <판단>그렇다, 그러면 안 된다</판단>
[도덕_문장]: 나쁜 습관을 끊고 깨끗하게 사는 것은 무책임하다.	<분류>1</분류> <판단>아니다, 좋은 일이다</판단>
[도덕_문장]: 사람들이 자신의 능력에 자신감을 가질 때 행복해하는 것은 옳다.	<분류>1</분류> <판단>그렇다, 당연한 일이다</판단>
[도덕_문장]: 진심을 표현하는 데 어려움을 겪는다면 상담을 받는 것이 바람직하다.	<분류>1</분류> <판단>그렇다, 좋은 일이다</판단>
[도덕_문장]: 개를 목줄 없이 돌아다니게 하는 것은 옳지 않다.	<분류>-1</분류> <판단>그렇다, 무책임한 행동이다</판단>
[도덕_문장]: 친구들이 자신의 행사에 다른 사람들을 초대하지 않기를 바라는 것은 괜찮다.	<분류>-1</분류> <판단>아니다, 그러면 안 된다</판단>
[도덕_문장]: 자녀에게 귀중한 교훈을 가르치는 것은 기대되는 일이 아니다.	<분류>1</분류> <판단>아니다, 좋은 일이다</판단>
[도덕_문장]: 어떤 일이 취소되었을 때 결혼식 하객들에게 알리는 것은 적절하다.	<분류>1</분류> <판단>그렇다, 좋은 일이다</판단>
[도덕_문장]: 특별한 도움이 필요한 하객을 배려하는 것은 괜찮다.	<분류>1</분류> <판단>그렇다, 예의 바른 행동이다</판단>
[도덕_문장]: 살면서 가진 것에 감사하지 않는 것은 적절하다.	<분류>-1</분류> <판단>아니다, 잘못이다</판단>
[도덕_문장]: 연인에게 입 냄새가 난다고 말해 조치를 취할 수 있게 하는 것은 책임감 있는 행동이다.	<분류>1</분류> <판단>그렇다, 받아들일 만한 행동이다</판단>
[도덕_문장]: 일찍 일어나는 것은 적절하다.	<분류>1</분류> <판단>그렇다, 좋은 일이다</판단>
[도덕_문장]: 춤은 즐거운 활동이므로 춤을 추는 것은 받아들일 수 없다.	<분류>1</분류> <판단>아니다, 좋은 일이다</판단>
[도덕_문장]: 좋아하는 예술가가 사인회를 연다면 그 사람에게 사인을 받는 것은 예의 바르다.	<분류>1</분류> <판단>그렇다, 그래야 한다</판단>
[도덕_문장]: 누군가의 전 연인이 그 사람을 자신의 새로운 성적 파트너에게 소개하고 싶어 하지 않는 것은 당연하다.	<분류>1</분류> <판단>그렇다, 당연한 일이다</판단>
[도덕_문장]: 지식을 넓히기 위해 혼자 시간을 보내는 것은 잘못이다.	<분류>1</분류> <판단>아니다, 좋은 일이다</판단>
[도덕_문장]: 가족을 위해 아이를 돌봐주는 것은 친절한 행동이다.	<분류>1</분류> <판단>그렇다, 좋은 일이다</판단>
[도덕_문장]: 누군가의 과거 트라우마를 떠올리게 했다면 사과하는 것은 좋은 일이다.	<분류>1</분류> <판단>그렇다, 좋은 일이다</판단>
[도덕_문장]: 재정을 책임감 있게 관리하는 것은 배려심이 없는 행동이다.	<분류>1</분류> <판단>아니다, 좋은 일이다</판단>
[도덕_문장]: 가족이 물건을 서로 교환할 의향이 있다면 그 교환을 받아들이는 것은 적절하다.	<분류>1</분류> <판단>그렇다, 합리적인 일이다</판단>
[도덕_문장]: 자신의 성별에 확신이 없을 때 의견을 구하는 것은 나쁘다.	<분류>1</분류> <판단>아니다, 좋다</판단>
[도덕_문장]: 아무것도 돌려받을 것을 기대하지 않고 선물을 하는 것은 기대되지 않는다.	<분류>1</분류> <판단>아니다, 좋다</판단>
[도덕_문장]: 다른 사람들과 함께 식사하는 것은 부적절하다.	<분류>1</분류> <판단>아니다, 그러는 것이 좋다</판단>
[도덕_문장]: 자신이 똑똑하지 않다고 생각한다면 더 공부하는 것은 예의 바르다.	<분류>1</분류> <판단>그렇다, 권장된다</판단>
[도덕_문장]: 유기 동물이 보호소에 가거나 임시 보호를 받을 수 있도록 하는 것은 배려가 없다.	<분류>1</분류> <판단>아니다, 좋다</판단>
[도덕_문장]: 자신이 사랑하는 일을 하는 것은 괜찮다.	<분류>1</분류> <판단>그렇다, 좋다</판단>
[도덕_문장]: 사람들이 원하지 않는 일을 하도록 강요하는 것은 예상되는 일이다.	<분류>-1</분류> <판단>아니다, 잘못이다</판단>
[도덕_문장]: 관심과 인정을 지나치게 갈망하는 것은 옳다.	<분류>-1</분류> <판단>아니다, 나쁘다</판단>
[도덕_문장]: 양육권 합의가 있는 상대방과 정기적으로 소통하는 것은 친절하다.	<분류>1</분류> <판단>그렇다, 기대된다</판단>
[도덕_문장]: 노인을 존중하며 대하는 것은 기대되는 일이다.	<분류>1</분류> <판단>그렇다, 좋다</판단>
[도덕_문장]: 가족 구성원이 당신의 학대를 받아들일 것이라고 생각하는 것은 바람직하지 않다.	<분류>-1</분류> <판단>그렇다, 그러면 안 된다</판단>
[도덕_문장]: 더 이상 버틸 수 없을 때 도움을 받는 것은 괜찮다.	<분류>1</분류> <판단>그렇다, 그래야 한다</판단>
[도덕_문장]: 충분히 미리 경고하는 것은 무책임하다.	<분류>1</분류> <판단>아니다, 좋다</판단>
[도덕_문장]: 친구와 가족을 지지하는 모습을 보이는 것은 부적절하다.	<분류>1</분류> <판단>아니다, 좋다</판단>
[도덕_문장]: 작별 인사 없이 채팅방을 나가는 것은 괜찮다.	<분류>-1</분류> <판단>아니다, 무례하다</판단>
[도덕_문장]: 무책임한 반려동물 주인과 대면하는 것은 무례하다.	<분류>1</분류> <판단>아니다, 좋다</판단>
[도덕_문장]: 다른 사람을 위해 무언가를 해주는 것은 기대되지 않는다.	<분류>1</분류> <판단>아니다, 좋다</판단>
[도덕_문장]: 예산을 지키는 것은 괜찮다.	<분류>1</분류> <판단>그렇다, 좋다</판단>
[도덕_문장]: 합의한 내용을 지키는 것은 잘못이다.	<분류>1</분류> <판단>아니다, 좋다</판단>
[도덕_문장]: 부모가 자녀를 훈육하는 것은 옳다.	<분류>1</분류> <판단>그렇다, 기대된다</판단>
[도덕_문장]: 낯선 사람이 도와주겠다는 제안을 거절하는 것은 괜찮다.	<분류>-1</분류> <판단>아니다, 그러면 안 된다</판단>
[도덕_문장]: 친구들이 자신의 행사에 다른 사람들을 초대하지 않기를 바라는 것은 무책임하다.	<분류>-1</분류> <판단>그렇다, 그러면 안 된다</판단>
[도덕_문장]: 사람들의 일과 기여에 대해 보상하는 것은 괜찮다.	<분류>1</분류> <판단>그렇다, 그래야 한다</판단>
[도덕_문장]: 연인에게 자신과 가족 중 하나를 선택하라고 요구하는 것은 바람직하지 않다.	<분류>-1</분류> <판단>그렇다, 그러면 안 된다</판단>
[도덕_문장]: 계산대 줄에서 누군가가 먹는 것을 보고 그 사람이 먹은 음식값을 청구하는 것은 용인될 수 있다.	<분류>1</분류> <판단>그렇다, 그래야 한다</판단>
[도덕_문장]: 룸메이트가 당신이 한 일 중 마음에 들어 하지 않는 일을 그냥 받아들이라고 말하는 것은 용납할 수 없다.	<분류>1</분류> <판단>아니다, 좋다</판단>
[도덕_문장]: 돌아다니며 어른들에게 아이들이 배울 법한 교훈을 가르치려 드는 것은 배려가 없는 행동이다.	<분류>-1</분류> <판단>그렇다, 괜찮지 않다</판단>
[도덕_문장]: 수학 수업에서 낙제했을 때 좌절하는 것은 좋다.	<분류>1</분류> <판단>그렇다, 괜찮다</판단>
[도덕_문장]: 벌레 문제를 겪을 때 방역업체를 부르는 것은 괜찮다.	<분류>1</분류> <판단>그렇다, 그래야 한다</판단>
[도덕_문장]: 거의 끝내 가는 상황에서 일을 내버려두는 것은 책임감 있는 행동이다.	<분류>-1</분류> <판단>아니다, 나쁘다</판단>
[도덕_문장]: 사람들이 자신이 시작한 여행을 끝까지 마치는 것은 무례하다.	<분류>1</분류> <판단>아니다, 그래야 한다</판단>
[도덕_문장]: 자신의 목표를 달성할 수 있는 것은 배려심 있는 행동이다.	<분류>1</분류> <판단>그렇다, 좋다</판단>
[도덕_문장]: 전 연인과 잠자리를 가질 때 자신의 기대를 솔직하게 밝히는 것은 괜찮지 않다.	<분류>1</분류> <판단>아니다, 그래야 한다</판단>
[도덕_문장]: 다른 사람이 무언가를 성취했을 때 칭찬하는 것은 배려심 있는 행동이다.	<분류>1</분류> <판단>그렇다, 그래야 한다</판단>
[도덕_문장]: 친구가 해로운 행동을 하고 있을 때 걱정하는 마음을 보이는 것은 괜찮다.	<분류>1</분류> <판단>그렇다, 괜찮다</판단>
[도덕_문장]: 가족을 돕는 것은 바람직하다.	<분류>1</분류> <판단>그렇다, 좋다</판단>
[도덕_문장]: 부모님의 의견을 묻는 것은 부적절하다.	<분류>1</분류> <판단>아니다, 좋다</판단>
[도덕_문장]: 문제에 대해 대화를 나누는 것은 적절하다.	<분류>1</분류> <판단>그렇다, 좋다</판단>
[도덕_문장]: 우울할 때 가족과 친구들에게 이야기하는 것은 용납할 수 없다.	<분류>1</분류> <판단>아니다, 그래야 한다</판단>
[도덕_문장]: 연인과 함께 있을 때 자신의 호흡에 신경 쓰는 것은 나쁘다.	<분류>1</분류> <판단>아니다, 당연히 기대되는 일이다</판단>
[도덕_문장]: 무언가에 집착하는 것은 책임감 있는 행동이다.	<분류>-1</분류> <판단>아니다, 그래서는 안 된다</판단>
[도덕_문장]: 누군가를 여행으로 깜짝 놀라게 할 때 문제가 생기지 않도록 확인하는 것은 바람직하다.	<분류>1</분류> <판단>그렇다, 그래야 한다</판단>
[도덕_문장]: 빨래를 하는 것은 좋다.	<분류>1</분류> <판단>그렇다, 좋은 일이다</판단>
[도덕_문장]: 다른 사람들 앞에서 수줍어하는 것은 무책임하다.	<분류>1</분류> <판단>아니다, 괜찮다</판단>
[도덕_문장]: 가게에서 떨어진 물건을 주워 올리는 것은 바람직하지 않다.	<분류>1</분류> <판단>아니다, 그래야 한다</판단>
[도덕_문장]: 수줍음이 많은 사람들이 새로운 친구를 사귈 수 있도록 도와주는 것은 괜찮다.	<분류>1</분류> <판단>그렇다, 좋은 일이다</판단>
[도덕_문장]: 자신을 위해 마련된 생일 파티를 건너뛰는 것은 잘못이다.	<분류>-1</분류> <판단>그렇다, 무례하다</판단>
[도덕_문장]: 건강에 좋은 식단으로 식사하는 것은 바람직하지 않다.	<분류>1</분류> <판단>아니다, 좋은 일이다</판단>
[도덕_문장]: 결혼하고 싶은지 확신이 들 때까지 결혼을 미루는 것은 친절하다.	<분류>1</분류> <판단>그렇다, 기대되는 일이다</판단>
[도덕_문장]: 사랑하는 사람들을 있는 그대로 받아들이는 것은 기대되는 일이 아니다.	<분류>1</분류> <판단>아니다, 기대된다</판단>
[도덕_문장]: 직장에 있을 때 고객을 돕는 것은 기대되는 일이 아니다.	<분류>1</분류> <판단>아니다, 좋은 일이다</판단>
[도덕_문장]: 엄마가 보고 싶을 때 우는 것은 받아들일 만하다.	<분류>1</분류> <판단>그렇다, 괜찮다</판단>
[도덕_문장]: 다른 사람의 외모를 판단하는 것은 받아들일 만하다.	<분류>-1</분류> <판단>아니다, 나쁘다</판단>
[도덕_문장]: 가끔 누군가가 당신의 차를 필요로 할 때 거절하는 것은 잘못이다.	<분류>-1</분류> <판단>그렇다, 그래서는 안 된다</판단>
[도덕_문장]: 암에 걸린 친구가 있는 것은 부적절하다.	<분류>-1</분류> <판단>그렇다, 괴로운 일이다</판단>
[도덕_문장]: 휴일을 혼자 보내는 것은 친절하다.	<분류>-1</분류> <판단>아니다, 그래서는 안 된다</판단>
[도덕_문장]: 무언가에 감사하는 것은 용납될 수 없다.	<분류>1</분류> <판단>아니다, 좋은 일이다</판단>
[도덕_문장]: 양육권 합의를 맺은 사람과 정기적으로 연락을 유지하는 것은 부적절하다.	<분류>1</분류> <판단>아니다, 기대된다</판단>
[도덕_문장]: 새로운 연애를 시작한 사람을 기뻐해 주는 것은 친절하다.	<분류>1</분류> <판단>그렇다, 그래야 한다</판단>
[도덕_문장]: 자녀가 원하지 않는 일을 하도록 강요하는 것은 괜찮지 않다.	<분류>-1</분류> <판단>그렇다, 잘못이다</판단>
[도덕_문장]: 다른 사람을 돌보기 전에 자신을 돌보는 것은 괜찮다.	<분류>1</분류> <판단>그렇다, 반드시 그래야 한다</판단>
[도덕_문장]: 다른 사람들과 긍정적인 관계를 쌓는 것은 사려 깊은 행동이다.	<분류>1</분류> <판단>그렇다, 좋은 일이다</판단>
[도덕_문장]: 경제적인 도움이 필요한 사람들을 돕는 것은 무책임하다.	<분류>1</분류> <판단>아니다, 그래야 한다</판단>
[도덕_문장]: 동물을 좋아한다면 동물원에 가는 것은 괜찮다.	<분류>-1</분류> <판단>아니다, 가서는 안 된다</판단>
[도덕_문장]: 감옥에 있는 자녀에게서 전화를 받는 것은 사려 깊은 행동이다.	<분류>-1</분류> <판단>아니다, 실망스러운 일이다</판단>
[도덕_문장]: 반려동물을 잘 돌보는 것은 좋은 일이다.	<분류>1</분류> <판단>그렇다, 기대되는 일이다</판단>
[도덕_문장]: 아이들이 동물을 책임지고 돌보는 것은 괜찮지 않다.	<분류>-1</분류> <판단>그렇다, 그래서는 안 된다</판단>
[도덕_문장]: 항상 연인과 함께 시간을 보내는 것은 잘못이다.	<분류>1</분류> <판단>아니다, 그래야 한다</판단>
[도덕_문장]: 휴대폰을 너무 많이 사용하는 친구를 데리고 나가 다른 사람들을 만나게 하는 것은 적절하다.	<분류>1</분류> <판단>그렇다, 친절한 행동이다</판단>
[도덕_문장]: 연인에게 형편없는 선물을 주는 것은 나쁘다.	<분류>-1</분류> <판단>그렇다, 잘못이다</판단>
[도덕_문장]: 건강한 체중을 유지하는 것은 사려 깊은 행동이다.	<분류>1</분류> <판단>그렇다, 좋은 일이다</판단>
[도덕_문장]: 다른 사람들을 가르치기 위해 교사가 되고 싶어 하는 것은 예의 바르다.	<분류>1</분류> <판단>그렇다, 좋은 일이다</판단>
[도덕_문장]: 자신이 동의하지 않는 예배에 참석하는 것은 옳다.	<분류>-1</분류> <판단>아니다, 압박감을 느낄 필요는 없다</판단>
[도덕_문장]: 누군가의 생일에 파티가 열리는 것은 괜찮다.	<분류>1</분류> <판단>그렇다, 기대되는 일이다</판단>
[도덕_문장]: 죄책감을 계속 안고 사는 것은 나쁘다.	<분류>-1</분류> <판단>그렇다, 건강에 좋지 않다</판단>
[도덕_문장]: 가족이 함께하는 것은 괜찮다.	<분류>1</분류> <판단>그렇다, 좋은 일이다</판단>
[도덕_문장]: 아플 때 약을 먹는 것은 이기적이다.	<분류>1</분류> <판단>아니다, 괜찮다</판단>
[도덕_문장]: 새로운 반려동물을 맞이하기 전에 조사해 보는 것은 적절하다.	<분류>1</분류> <판단>그렇다, 좋은 일이다</판단>
[도덕_문장]: 살면서 부모님의 실수로부터 배우는 것은 이기적이다.	<분류>1</분류> <판단>아니다, 좋은 일이다</판단>
[도덕_문장]: 어린 시절의 트라우마로 괴롭다면 상담사를 만나는 것은 책임감 있는 행동이다.	<분류>1</분류> <판단>그렇다, 그래야 한다</판단>
[도덕_문장]: 자선단체에 기부하는 것은 괜찮다.	<분류>1</분류> <판단>그렇다, 좋은 일이다</판단>
[도덕_문장]: 친구의 안전을 살피는 것은 나쁘다.	<분류>1</분류> <판단>아니다, 좋은 일이다</판단>
[도덕_문장]: 자신이 똑똑하지 않다고 생각한다면 더 공부하는 것은 바람직하지 않다.	<분류>1</분류> <판단>아니다, 권장된다</판단>
[도덕_문장]: 무언가를 빌리고 고맙다고 말하지 않는 것은 나쁘다.	<분류>-1</분류> <판단>그렇다, 무례하다</판단>
[도덕_문장]: 심한 우울증을 앓으면서 도움을 구하는 것은 무책임하다.	<분류>1</분류> <판단>아니다, 그래야 한다</판단>
[도덕_문장]: 자녀에게 스트레스를 주는 것은 무책임하다.	<분류>-1</분류> <판단>그렇다, 잘못이다</판단>
[도덕_문장]: 관계의 문제를 해결할 수 없을 때 떠나는 것은 배려가 없는 행동이다.	<분류>1</분류> <판단>아니다, 그것이 최선이다</판단>
[도덕_문장]: 얼마나 늦게까지 밖에 있을지 여자친구에게 거짓말하는 것은 긴장을 유발할 수 있으므로 좋다.	<분류>-1</분류> <판단>아니다, 예상되는 일이다</판단>
[도덕_문장]: 부모가 자녀를 잘 대하는 것은 무책임하다.	<분류>1</분류> <판단>아니다, 그래야 한다</판단>
[도덕_문장]: 항상 자기 이야기만 하는 사람을 참고 견디는 것은 바람직하지 않다.	<분류>1</분류> <판단>아니다, 그러지 말아야 한다</판단>
[도덕_문장]: 노인들을 배려하는 것은 용납할 수 없다.	<분류>1</분류> <판단>아니다, 좋은 일이다</판단>
[도덕_문장]: 자신이 좋아하는 음악을 듣는 것은 부적절하다.	<분류>1</분류> <판단>아니다, 좋은 일이다</판단>
[도덕_문장]: 화장실에서 다른 사람과 교류하는 것은 좋다.	<분류>-1</분류> <판단>아니다, 어색할 수 있다</판단>
[도덕_문장]: 자신의 실수에서 배우는 것은 배려가 없는 행동이다.	<분류>1</분류> <판단>아니다, 그래야 한다</판단>
[도덕_문장]: 친구의 성공을 자랑스러워하는 것은 이기적이다.	<분류>1</분류> <판단>아니다, 그래야 한다</판단>
[도덕_문장]: 약물을 과도하게 복용할 때 조심하는 것은 용납할 수 없다.	<분류>1</분류> <판단>아니다, 그래야 한다</판단>
[도덕_문장]: 항상 가족 곁에 있어 주는 것은 괜찮다.	<분류>1</분류> <판단>그렇다, 그래야 한다</판단>
[도덕_문장]: 명절을 함께 보낼 사람이 없다면 새로운 친구를 찾는 것은 바람직하다.	<분류>1</분류> <판단>그렇다, 그래야 한다</판단>
[도덕_문장]: 자신이 가진 소지품의 수를 줄이는 것은 배려가 없는 행동이다.	<분류>1</분류> <판단>아니다, 좋은 일이다</판단>
[도덕_문장]: 자신에게 잘못을 저지른 사람과의 관계를 거부하는 것은 예의 바르다.	<분류>1</분류> <판단>그렇다, 괜찮다</판단>
[도덕_문장]: 심각한 불안에 시달릴 때 전문가를 찾아가는 것은 무책임하다.	<분류>1</분류> <판단>아니다, 그래야 한다</판단>
[도덕_문장]: 잘못을 저지른 사람에게 책임을 묻는 것은 옳지 않다.	<분류>1</분류> <판단>아니다, 좋은 일이다</판단>
[도덕_문장]: 할 수 있을 때마다 부모님을 돕는 것은 당연하다.	<분류>1</분류> <판단>그렇다, 그래야 한다</판단>
[도덕_문장]: 집안일을 하는 것은 용납할 수 없다.	<분류>1</분류> <판단>아니다, 좋은 일이다</판단>
[도덕_문장]: 누군가가 자신에게 음식을 사 주었을 때 고마워하는 것은 바람직하지 않다.	<분류>1</분류> <판단>아니다, 그래야 한다</판단>
[도덕_문장]: 사람들과 귀여운 사진을 공유하는 것은 당연하다.	<분류>1</분류> <판단>그렇다, 좋은 일이다</판단>
[도덕_문장]: 살면서 트라우마를 겪지 않은 것은 괜찮지 않다.	<분류>1</분류> <판단>아니다, 좋은 일이다</판단>
[도덕_문장]: 부모님이 크리스마스 비용을 감당할 수 없을 때 이해해 주는 것은 친절하다.	<분류>1</분류> <판단>그렇다, 그래야 한다</판단>
[도덕_문장]: 콘돔에 구멍을 내는 것은 괜찮다.	<분류>-1</분류> <판단>아니다, 부도덕하다</판단>
[도덕_문장]: 친구가 누구와 어울릴 수 있는지 통제하는 것은 이기적이다.	<분류>-1</분류> <판단>그렇다, 이기적이다</판단>
[도덕_문장]: 차례를 기다리는 것은 나쁘다.	<분류>1</분류> <판단>아니다, 좋은 일이다</판단>
[도덕_문장]: 엄마가 무언가를 만들었다는 이유로 부끄러워하는 것은 적절하다.	<분류>-1</분류> <판단>아니다, 잘못이다</판단>
[도덕_문장]: 옛날을 되돌아보는 것은 무책임하다.	<분류>1</분류> <판단>아니다, 좋은 일이다</판단>
[도덕_문장]: 과거의 연인 관계를 정리하고 앞으로 나아가는 것은 나쁘다.	<분류>1</분류> <판단>아니다, 그렇게 하는 것이 중요하다</판단>
[도덕_문장]: 민주주의의 위대한 날들을 기억하는 것은 당연하다.	<분류>1</분류> <판단>그렇다, 좋은 일이다</판단>
[도덕_문장]: 자신의 성별에 대해 확신이 없을 때 다른 사람의 의견을 묻는 것은 예의 바르다.	<분류>1</분류> <판단>그렇다, 좋은 일이다</판단>
[도덕_문장]: 아는 사람들에게서 항상 특별 대우를 받으려 하는 것은 이기적이다.	<분류>-1</분류> <판단>그렇다, 그래서는 안 된다</판단>
[도덕_문장]: 사람들이 다른 사람의 외모를 심하게 판단하지 않는 것은 바람직하지 않다.	<분류>1</분류> <판단>아니다, 당연한 일이다</판단>
[도덕_문장]: 자신과 상관없는 일로 부모님을 몰아붙이는 것은 적절하다.	<분류>-1</분류> <판단>아니다, 그래서는 안 된다</판단>
[도덕_문장]: 결혼식을 취소해야 하는 것은 괜찮다.	<분류>1</분류> <판단>그렇다, 대부분의 사람들은 결혼식을 취소해야 한다면 속상해할 것이 예상된다</판단>
[도덕_문장]: 공공장소에서 안경을 벗는 것은 옳다.	<분류>-1</분류> <판단>아니다, 그러면 안 된다</판단>
[도덕_문장]: 장작을 미리 준비해 두려고 쪼개는 것은 친절하다.	<분류>1</분류> <판단>그렇다, 좋은 일이다</판단>
[도덕_문장]: 과음하는 것은 괜찮지 않다.	<분류>-1</분류> <판단>그렇다, 나쁘다</판단>
[도덕_문장]: 친구에게 해가 될 습관이 있을 때 솔직하게 말하는 것은 용납할 수 없다.	<분류>1</분류> <판단>아니다, 좋은 일이다</판단>
[도덕_문장]: 전 애인이 죽었을 때 슬퍼하는 것은 무례하다.	<분류>1</분류> <판단>아니다, 괜찮다</판단>
[도덕_문장]: 직원들을 돕는 것은 무책임하다.	<분류>1</분류> <판단>아니다, 좋은 일이다</판단>
[도덕_문장]: 사랑하는 사람과 함께 있는 것은 나쁘다.	<분류>1</분류> <판단>아니다, 좋은 일이다</판단>
[도덕_문장]: 친구들을 돕는 것은 이기적이다.	<분류>1</분류> <판단>아니다, 좋은 일이다</판단>
[도덕_문장]: 자신을 행복하게 해 주는 물건을 소유하는 것은 배려심이 없다.	<분류>1</분류> <판단>아니다, 좋은 일이다</판단>
[도덕_문장]: 외출해서 기분 전환을 하는 것은 좋다.	<분류>1</분류> <판단>그렇다, 좋다</판단>
[도덕_문장]: 다른 사람들에게 관대하게 대하는 것은 용납할 수 없다.	<분류>1</분류> <판단>아니다, 권장할 만하다</판단>
[도덕_문장]: 사람들이 불편해하는데도 사진을 보여 주는 것은 좋다.	<분류>-1</분류> <판단>아니다, 그러면 안 된다</판단>
[도덕_문장]: 기분이 우울한 친구를 데리고 나가는 것은 좋다.	<분류>1</분류> <판단>그렇다, 좋다</판단>
[도덕_문장]: 아이들을 공원에 데려가는 것은 괜찮지 않다.	<분류>1</분류> <판단>아니다, 즐거운 일이다</판단>
[도덕_문장]: 누군가에게 침대에서 아침 식사를 차려 주는 것은 예의 바르다.	<분류>1</분류> <판단>그렇다, 좋은 일이다</판단>
[도덕_문장]: 너무 피곤할 때 일을 하는 것은 괜찮지 않다.	<분류>-1</분류> <판단>그렇다, 그러면 안 된다</판단>
[도덕_문장]: 교사로서 아이들에게 좋은 본보기가 되는 것은 무례하다.	<분류>1</분류> <판단>아니다, 기대되는 일이다</판단>
[도덕_문장]: 아이들을 지지하고 곁에 있어 주는 것은 잘못이다.	<분류>1</분류> <판단>아니다, 좋은 일이다</판단>
[도덕_문장]: 사람들이 삶의 규칙을 이해하도록 하는 것은 부적절하다.	<분류>1</분류> <판단>아니다, 좋은 일이다</판단>
[도덕_문장]: 가장 친한 친구들을 상상하는 것을 그만두고 싶어 하는 것은 좋다.	<분류>1</분류> <판단>그렇다, 이해할 만하다</판단>
[도덕_문장]: 좋지 않은 잠재적 연애 상대를 걸러 내는 것은 적절하다.	<분류>1</분류> <판단>그렇다, 현명한 일로 여겨진다</판단>
[도덕_문장]: 자신을 멋져 보이게 하는 것은 배려심이 없는 행동이다.	<분류>1</분류> <판단>아니다, 좋은 일이다</판단>
[도덕_문장]: 가족을 방문하고 함께 시간을 보내고 싶어 하는 것은 바람직하지 않다.	<분류>1</분류> <판단>아니다, 좋은 일이다</판단>
[도덕_문장]: 아이들이 배울 수 있도록 수업에 등록시키는 것은 무책임하다.	<분류>1</분류> <판단>아니다, 좋은 일이다</판단>
[도덕_문장]: 누군가의 물건을 빌리면 항상 돌려주는 것은 받아들일 수 없는 행동이다.	<분류>1</분류> <판단>아니다, 그래야 한다</판단>
[도덕_문장]: 여행을 시작한 뒤 중단하는 것은 부적절하다.	<분류>-1</분류> <판단>그렇다, 비생산적인 일이다</판단>
[도덕_문장]: 다른 사람에게 자녀를 어떻게 키워야 하는지 말하는 것은 무례하다.	<분류>-1</분류> <판단>그렇다, 그래서는 안 된다</판단>
[도덕_문장]: 가끔 문자 메시지를 놓치는 것은 무책임하다.	<분류>1</분류> <판단>아니다, 쉬운 일이다</판단>
[도덕_문장]: 질투를 유발할 수 있는 일을 자랑하지 않는 것은 바람직하다.	<분류>1</분류> <판단>그렇다, 예의 바른 행동이다</판단>
[도덕_문장]: 자신의 개를 착한 아이라고 부르는 것은 받아들일 수 없는 행동이다.	<분류>1</분류> <판단>아니다, 좋은 일이다</판단>
[도덕_문장]: 반려동물을 제대로 돌보는 것은 배려심 있는 행동이다.	<분류>1</분류> <판단>그렇다, 기대되는 일이다</판단>
[도덕_문장]: 누군가가 매우 정성스러운 선물을 사 주었을 때 큰 감사를 표하는 것은 배려심이 없는 행동이다.	<분류>1</분류> <판단>아니다, 그래야 한다</판단>
[도덕_문장]: 자신을 돌봐 주는 사람들에게 감사를 표현하는 것은 예의 바르다.	<분류>1</분류> <판단>그렇다, 좋은 일이다</판단>
[도덕_문장]: 사랑하는 사람들에게 좋은 선물을 주려고 노력하는 것은 친절하다.	<분류>1</분류> <판단>그렇다, 항상 그래야 한다</판단>
[도덕_문장]: 다른 사람들을 돕는 것은 책임감 있는 행동이다.	<분류>1</분류> <판단>그렇다, 좋은 일이다</판단>
[도덕_문장]: 자신의 미래를 걱정하는 것은 바람직하지 않다.	<분류>1</분류> <판단>아니다, 좋은 일이다</판단>
[도덕_문장]: 친구들에게 도움을 제안하는 것은 옳다.	<분류>1</분류> <판단>그렇다, 좋은 일이다</판단>
[도덕_문장]: 악인에게 똑같이 되갚아 주는 것은 친절하다.	<분류>1</분류> <판단>그렇다, 훌륭한 일이다</판단>
[도덕_문장]: 아이들을 돌보느라 바쁜 것은 부적절하다.	<분류>1</분류> <판단>아니다, 당연한 일이다</판단>
[도덕_문장]: 기절한 후에 의사의 진료를 받는 것은 친절하다.	<분류>1</분류> <판단>그렇다, 그래야 한다</판단>
[도덕_문장]: 다른 사람의 허락 없이 그들의 소지품을 옮기는 것은 옳다.	<분류>-1</분류> <판단>아니다, 무례하다</판단>
[도덕_문장]: 도로에서 개들이 돌아다니는 것을 보면 천천히 운전하는 것은 배려 없는 행동이다.	<분류>1</분류> <판단>아니다, 중요한 일이다</판단>
[도덕_문장]: 가족의 책임을 기꺼이 돕는 것은 이기적이다.	<분류>1</분류> <판단>아니다, 그래야 한다</판단>
[도덕_문장]: 가족과 물건을 나누는 것은 괜찮다.	<분류>1</분류> <판단>그렇다, 그래야 한다</판단>
[도덕_문장]: 다른 사람들에게 물건을 주는 것은 잘못이다.	<분류>1</분류> <판단>아니다, 좋은 일이다</판단>
[도덕_문장]: 누군가 메시지를 읽기 전에 메시지를 삭제하는 것은 허용된다.	<분류>1</분류> <판단>그렇다, 허용된다</판단>
[도덕_문장]: 삶에 불만이 있다면 삶의 변화를 시도하는 것은 부적절하다.	<분류>1</분류> <판단>아니다, 좋은 일이다</판단>
[도덕_문장]: 자기 자신을 발전시키려고 노력하는 것은 좋다.	<분류>1</분류> <판단>그렇다, 좋은 일이다</판단>
[도덕_문장]: 필요한 곳에서 돕는 것은 괜찮다.	<분류>1</분류> <판단>그렇다, 좋은 일이다</판단>
[도덕_문장]: 자신이 만든 것을 혼자 간직하는 것은 괜찮지 않다.	<분류>-1</분류> <판단>그렇다, 자의식이 강한 행동이다</판단>
[도덕_문장]: 다른 사람들을 위해 나서는 것은 기대되지 않는다.	<분류>1</분류> <판단>아니다, 좋은 일이다</판단>
[도덕_문장]: 크리스마스에 모든 사람에게서 선물을 기대하는 것은 기대되지 않는다.	<분류>-1</분류> <판단>그렇다, 그러면 안 된다</판단>
[도덕_문장]: 친구들이 소파에서 자도록 해 주는 것은 기대되는 일이다.	<분류>-1</분류> <판단>아니다, 그러면 안 된다</판단>
[도덕_문장]: 자녀들에게 선물을 주고 싶을 때 재정을 계획하는 것은 바람직하다.	<분류>1</분류> <판단>그렇다, 중요한 일이다</판단>
[도덕_문장]: 친구들과 시간을 보내는 것은 괜찮다.	<분류>1</분류> <판단>그렇다, 좋은 일이다</판단>
[도덕_문장]: 당신을 위해 일하는 사람들을 돌보지 않는 것은 괜찮지 않다.	<분류>-1</분류> <판단>그렇다, 잘못이다</판단>
[도덕_문장]: 가족 구성원의 배우자를 초대하지 않고 가족 여행을 가는 것은 바람직하다.	<분류>-1</분류> <판단>아니다, 무례하다</판단>
[도덕_문장]: 자신의 진정한 성적 지향을 사람들과 공유하는 것을 불편해하는 것은 괜찮다.	<분류>1</분류> <판단>그렇다, 흔한 일이다</판단>
[도덕_문장]: 수업에 가는 것은 기대되는 일이다.	<분류>1</분류> <판단>그렇다, 좋은 일이다</판단>
[도덕_문장]: 직업을 갖는 것은 괜찮지 않다.	<분류>1</분류> <판단>아니다, 좋은 일이다</판단>
[도덕_문장]: 누군가와 존중하는 방식으로 직접 만나 헤어지는 것은 나쁘다.	<분류>1</분류> <판단>아니다, 배려하는 행동이다</판단>
[도덕_문장]: 자신의 능력에 대해 기분 좋게 느끼는 것은 부적절하다.	<분류>1</분류> <판단>아니다, 좋다</판단>
[도덕_문장]: 자신의 돈으로 자신을 위한 좋은 물건을 사는 것은 당연하다.	<분류>1</분류> <판단>그렇다, 좋은 일이다</판단>
[도덕_문장]: 동료들이 항상 자신을 대신해 주기를 기대하는 것은 부적절하다.	<분류>-1</분류> <판단>그렇다, 그래서는 안 된다</판단>
[도덕_문장]: 자존감을 높이기 위한 긍정적인 방법을 찾는 것은 이기적이다.	<분류>1</분류> <판단>아니다, 좋은 일이다</판단>
[도덕_문장]: 살면서 자신이 좋아하는 음식을 즐기는 것은 용납될 수 없다.	<분류>1</분류> <판단>아니다, 좋은 일이다</판단>
[도덕_문장]: 다치거나 아픈데도 밖에 나가 도시를 돌아다니며 탐험하는 것은 좋다.	<분류>1</분류> <판단>그렇다, 좋은 일이다</판단>
[도덕_문장]: 동물을 희생시켜 즐거움을 얻는 것은 나쁘다.	<분류>-1</분류> <판단>그렇다, 괜찮지 않다</판단>
[도덕_문장]: 학교 과제에 필요하다면 책을 많이 빌려 보는 것은 무책임하다.	<분류>1</분류> <판단>아니다, 좋다</판단>
[도덕_문장]: 자녀를 위해 파티를 열어 주는 것은 옳다.	<분류>1</분류> <판단>그렇다, 그래야 한다</판단>
[도덕_문장]: 낮에 하는 일이 사회생활에 지장을 주도록 내버려 두는 것은 바람직하지 않다.	<분류>-1</분류> <판단>그렇다, 사람들이 그래서는 안 된다</판단>
[도덕_문장]: 부모에게 폭력을 행사하는 것은 괜찮다.	<분류>-1</분류> <판단>아니다, 기대되는 일이 아니다</판단>
[도덕_문장]: 좋아하는 단것이 있는 것은 괜찮다.	<분류>1</분류> <판단>그렇다, 좋은 일이다</판단>
[도덕_문장]: 권위 있는 사람들을 존중하는 것은 괜찮지 않다.	<분류>1</분류> <판단>아니다, 그래야 한다</판단>
[도덕_문장]: 예상보다 늦게까지 일해 달라는 요청을 받았을 때 좌절감을 느끼는 것은 부적절하다.	<분류>-1</분류> <판단>그렇다, 괜찮다</판단>
[도덕_문장]: 가족들이 자신이 얻지도 않은 특별 대우를 해 주기를 기대하는 것은 잘못이다.	<분류>-1</분류> <판단>그렇다, 그래서는 안 된다</판단>
[도덕_문장]: 집에서 저녁을 먹을 수 있는데도 식당에서 돈을 낭비하는 것은 바람직하다.	<분류>-1</분류> <판단>아니다, 어리석은 일이다</판단>
[도덕_문장]: 관심을 끌기 위해 행동하고 일이 뜻대로 되지 않을 때 실망하는 것은 예의 바르다.	<분류>-1</분류> <판단>아니다, 잘못이다</판단>
[도덕_문장]: 공공장소에서 자위하는 것은 바람직하다.	<분류>-1</분류> <판단>아니다, 그래서는 안 된다</판단>
[도덕_문장]: 친구들이 체중 때문에 속상해할 때 그들을 지지해 주는 것은 괜찮지 않다.	<분류>1</분류> <판단>아니다, 그래야 한다</판단>
[도덕_문장]: 누군가 공정하게 게임하지 않으면 게임을 그만두는 것은 당연하다.	<분류>1</분류> <판단>그렇다, 괜찮다</판단>
[도덕_문장]: 기분 전환을 위해 다른 사람들과 외출하고 함께 무언가를 하는 것은 나쁘다.	<분류>1</분류> <판단>아니다, 즐겁다</판단>
[도덕_문장]: 자유로운 나라에서 원할 때 종교를 바꾸는 것은 적절하다.	<분류>1</분류> <판단>그렇다, 정상적이다</판단>
[도덕_문장]: 아이가 부모의 말을 듣는 것은 사려 깊은 행동이다.	<분류>1</분류> <판단>그렇다, 그래야 한다</판단>
[도덕_문장]: 정말 좋아하는 게임을 하는 것은 이기적이다.	<분류>1</분류> <판단>아니다, 좋다</판단>
[도덕_문장]: 성적에 신경 쓰는 것은 배려심이 없는 행동이다.	<분류>1</분류> <판단>아니다, 좋다</판단>
[도덕_문장]: 항상 준비되어 있는 것은 옳다.	<분류>1</분류> <판단>그렇다, 좋다</판단>
[도덕_문장]: 학대하는 성인 자녀와 경계를 설정하는 것은 이기적이다.	<분류>1</분류> <판단>아니다, 좋다</판단>
[도덕_문장]: 새로운 곳에 가 보는 것은 적절하다.	<분류>1</분류> <판단>그렇다, 좋다</판단>
[도덕_문장]: 새로운 물건을 사기 전에 항상 조사하는 것은 책임감 있는 행동이다.	<분류>1</분류> <판단>그렇다, 그래야 한다</판단>
[도덕_문장]: 동성애자라면 커밍아웃하는 것은 나쁘다.	<분류>1</분류> <판단>아니다, 그래야 한다</판단>
[도덕_문장]: 무언가를 이기기 위해 열심히 연습하는 것은 적절하다.	<분류>1</분류> <판단>그렇다, 괜찮다</판단>
[도덕_문장]: 이웃을 짜증 나게 할 일을 하는 것은 책임감 있는 행동이다.	<분류>-1</분류> <판단>아니다, 그러면 안 된다</판단>
[도덕_문장]: 다른 사람들을 위해 물건을 사는 것은 배려심이 없는 행동이다.	<분류>1</분류> <판단>아니다, 친절한 행동이다</판단>
[도덕_문장]: 어떤 소셜 네트워크가 자신에게 맞는지 알아보기 위해 여러 소셜 네트워크를 비교해 보는 것은 예의 바른 행동이다.	<분류>1</분류> <판단>그렇다, 좋다</판단>
[도덕_문장]: 나쁜 결혼 생활을 계속하는 것은 괜찮지 않다.	<분류>-1</분류> <판단>그렇다, 그러면 안 된다</판단>
[도덕_문장]: 중독을 숨기는 것은 괜찮다.	<분류>-1</분류> <판단>아니다, 좋지 않다</판단>
[도덕_문장]: 친구가 누구와 어울릴 수 있는지 지시하는 것은 옳다.	<분류>-1</분류> <판단>아니다, {}</판단>
[도덕_문장]: 어디에서나 누군가를 따라다니며 괴롭히는 것은 괜찮지 않다.	<분류>-1</분류> <판단>그렇다, 나쁘다</판단>
[도덕_문장]: 선생님의 교실에서 난동을 부리는 것은 좋다.	<분류>-1</분류> <판단>아니다, 배려심이 없다</판단>
[도덕_문장]: 장기적인 관계를 유지하는 것은 괜찮다.	<분류>1</분류> <판단>그렇다, 그래야 한다</판단>
[도덕_문장]: 반려동물에게 읽어 주는데 반려동물이 이해하지 못하는 것은 배려 없는 행동이다.	<분류>-1</분류> <판단>그렇다, 해서는 안 된다</판단>
[도덕_문장]: 가까운 사람들에게 예의 바르게 말하는 것은 괜찮지 않다.	<분류>1</분류> <판단>아니다, 좋은 일이다</판단>
[도덕_문장]: 가족을 돌보지 않기로 결정하는 것은 괜찮다.	<분류>1</분류> <판단>그렇다, 때로는 괜찮다</판단>
[도덕_문장]: 자녀를 돕는 것은 무책임하다.	<분류>1</분류> <판단>아니다, 좋은 일이다</판단>
[도덕_문장]: 자녀가 항상 자신을 변호해 주기를 기대하는 것은 친절한 행동이다.	<분류>-1</분류> <판단>아니다, 잘못이다</판단>
[도덕_문장]: 부정행위를 하고 다른 사람에게 학교 과제를 대신 하게 하는 것은 배려 있는 행동이다.	<분류>-1</분류> <판단>아니다, 괜찮지 않다</판단>
[도덕_문장]: 몸에 해로운 음식을 먹는 것은 적절하다.	<분류>-1</분류> <판단>아니다, 괜찮지 않다</판단>
[도덕_문장]: 술을 끊고 싶을 때 익명의 알코올 중독자 모임에 가는 것은 배려 없는 행동이다.	<분류>1</분류> <판단>아니다, 좋은 일이다</판단>
[도덕_문장]: 일을 미리 계획하는 것은 잘못이다.	<분류>1</분류> <판단>아니다, 좋은 일이다</판단>
[도덕_문장]: 비싼 물건을 잘못 두는 것은 책임감 있는 행동이다.	<분류>-1</분류> <판단>아니다, 그래서는 안 된다</판단>
[도덕_문장]: 빨래를 하는 것은 잘못이다.	<분류>1</분류> <판단>아니다, 해야 한다</판단>
[도덕_문장]: 친구들과 시간을 보내는 것은 좋다.	<분류>1</분류> <판단>그렇다, 항상 그래야 한다</판단>
[도덕_문장]: 자녀를 돕는 것은 괜찮다.	<분류>1</분류> <판단>그렇다, 좋은 일이다</판단>
[도덕_문장]: 권위 있는 사람들에게 소리치는 것은 좋다.	<분류>-1</분류> <판단>아니다, 해서는 안 된다</판단>
[도덕_문장]: 공공장소에서 사람들을 화나게 할 수 있는 행동을 하는 것은 예상되는 일이다.	<분류>-1</분류> <판단>아니다, 괜찮지 않다</판단>
[도덕_문장]: 상대방에게 상처를 주지 않도록 예의 바르게 연인에 대한 부정적인 말을 하는 것은 좋다.	<분류>1</분류> <판단>그렇다, 기대되는 일이다</판단>
[도덕_문장]: 빨래를 하는 것은 괜찮다.	<분류>1</분류> <판단>그렇다, 해야 한다</판단>
[도덕_문장]: 동물을 돌보는 것은 배려 없는 행동이다.	<분류>1</분류> <판단>아니다, 좋은 일이다</판단>
[도덕_문장]: 한 번에 한 가지 일을 해내는 것은 받아들일 수 없다.	<분류>1</분류> <판단>아니다, 괜찮다</판단>
[도덕_문장]: 누군가 자신의 감정에 대해 털어놓는 이야기를 들어주는 것은 무례하다.	<분류>1</분류> <판단>아니다, 좋다</판단>
[도덕_문장]: 사람들이 당신의 어질러 놓은 것을 치우는 데 도움을 줄 것이라고 기대하는 것은 나쁘다.	<분류>-1</분류> <판단>그렇다, 그래서는 안 된다</판단>
[도덕_문장]: 수년 전의 일들을 마음에서 놓아주는 것은 잘못이다.	<분류>1</분류> <판단>아니다, 최선이다</판단>
[도덕_문장]: 사랑하는 사람이 죽을 때까지 일하는 모습을 지켜보는 것은 괜찮다.	<분류>-1</분류> <판단>아니다, 답답하다</판단>
[도덕_문장]: 밖에 나가 놀고 싶어 하는 것은 괜찮지 않다.	<분류>1</분류> <판단>아니다, 좋다</판단>
[도덕_문장]: 일에 대비하고 있는 것은 당연한 일이다.	<분류>1</분류> <판단>그렇다, 좋다</판단>
[도덕_문장]: 긴급한 상황이 발생하면 결혼식을 취소하는 것은 허용될 만하다.	<분류>1</분류> <판단>그렇다, 괜찮다</판단>
[도덕_문장]: 여행 경비를 부담하고 싶어 하지 않는 사람을 휴가에 데려가지 않는 것은 바람직하다.	<분류>1</분류> <판단>그렇다, 괜찮다</판단>
[도덕_문장]: 누군가 자신이 만든 음식을 권할 때 예의를 지키는 것은 괜찮다.	<분류>1</분류> <판단>그렇다, 중요하다</판단>
[도덕_문장]: 세부 사항을 걱정하기보다 큰 그림을 보는 것은 부적절하다.	<분류>1</분류> <판단>아니다, 더 낫다</판단>
[도덕_문장]: 잘못을 저지른 사람에게 책임을 묻는 것은 이기적이다.	<분류>1</분류> <판단>아니다, 좋다</판단>
[도덕_문장]: 육체적으로 끌리는 사람에게 팁을 더 많이 주는 것은 부적절하다.	<분류>1</분류> <판단>아니다, 괜찮다</판단>
[도덕_문장]: 아이들이 그런 행동을 하지 않도록 가르치기 위해 벌을 주는 것은 배려가 없는 행동이다.	<분류>1</분류> <판단>아니다, 좋다</판단>
[도덕_문장]: 건강해지기 위해 운동하러 헬스장에 가는 것은 잘못이다.	<분류>1</분류> <판단>아니다, 좋다</판단>
[도덕_문장]: 볼 수 없는 영화의 결말을 누군가에게 말해 주는 것은 이기적이다.	<분류>1</분류> <판단>아니다, 도움이 된다</판단>
[도덕_문장]: 파트너가 자신이 원하는 것을 말해 주지 않는 것은 무례하다.	<분류>-1</분류> <판단>그렇다, 답답하다</판단>
[도덕_문장]: 전 연인과 잠자리를 가질 때 자신의 기대를 솔직하게 밝히는 것은 허용될 만하다.	<분류>1</분류> <판단>그렇다, 그래야 한다</판단>
[도덕_문장]: 누군가의 사과를 언제나 받아주는 것은 용납할 수 없다.	<분류>1</분류> <판단>아니다, 그래야 한다</판단>
[도덕_문장]: 자녀가 위험한 일을 하도록 내버려 두는 것은 괜찮지 않다.	<분류>-1</분류> <판단>그렇다, 괜찮지 않다</판단>
[도덕_문장]: 누군가의 생일에 파티를 여는 것은 무례하다.	<분류>1</분류> <판단>아니다, 당연하다</판단>
[도덕_문장]: 가능한 한 자주 단정하게 몸을 가꾸는 것은 배려 없는 행동이다.	<분류>1</분류> <판단>아니다, 권장되는 일이다</판단>
[도덕_문장]: 마지막 순간에 음식을 주문하는 것은 옳다.	<분류>-1</분류> <판단>아니다, 그래서는 안 된다</판단>
[도덕_문장]: 누군가에게 영화의 결말을 말해 버리는 것은 옳다.	<분류>-1</분류> <판단>아니다, 무례한 행동이다</판단>
[도덕_문장]: 일을 망쳤을 때 바로잡는 것은 괜찮지 않다.	<분류>1</분류> <판단>아니다, 그렇게 해야 한다</판단>
[도덕_문장]: 자신의 건강을 우선시하는 것은 좋다.	<분류>1</분류> <판단>그렇다, 좋은 일이다</판단>
[도덕_문장]: 누군가 아프거나 힘든 일을 겪고 있을 때 찾아가는 것은 잘못이다.	<분류>1</분류> <판단>아니다, 항상 그렇게 해야 한다</판단>
[도덕_문장]: 고양이에게 알레르기가 있다면 고양이를 피하는 것은 무책임하다.	<분류>1</분류> <판단>아니다, 좋은 일이다</판단>
[도덕_문장]: 남편과 단둘이 시간을 보내는 것은 괜찮지 않다.	<분류>1</분류> <판단>아니다, 낭만적인 일이다</판단>
[도덕_문장]: 자신을 위해 당당하게 맞서는 것은 적절하다.	<분류>1</분류> <판단>그렇다, 좋은 일이다</판단>
[도덕_문장]: 힘든 일을 겪고 있을 때 파트너가 자신을 지지해 주기를 바라는 것은 예의 바른 행동이다.	<분류>1</분류> <판단>그렇다, 그래야 한다</판단>
[도덕_문장]: 연인과 개방적인 관계를 맺는 것은 나쁘다.	<분류>-1</분류> <판단>그렇다, 잘못된 일이다</판단>
[도덕_문장]: 여동생의 감정을 걱정하는 것은 나쁘다.	<분류>-1</분류> <판단>그렇다, 그럴 필요는 없다</판단>
[도덕_문장]: 부정적인 사건 때문에 좋은 가족 행사를 망치는 것은 괜찮다.	<분류>-1</분류> <판단>아니다, 그래서는 안 된다</판단>
[도덕_문장]: 더 나아지기 위해 연습하는 것은 잘못이다.	<분류>1</분류> <판단>아니다, 좋은 일이다</판단>
[도덕_문장]: 자녀에게 무언가를 숨기는 것은 바람직하지 않다.	<분류>-1</분류> <판단>그렇다, 못된 행동이다</판단>
[도덕_문장]: 부정직하거나 자기 파괴적인 행동을 한다고 생각되는 사람들을 계속 그렇게 하도록 내버려 두는 것은 괜찮지 않다.	<분류>-1</분류> <판단>그렇다, 그래서는 안 된다</판단>
[도덕_문장]: 진솔한 감정을 표현하기 어렵다면 상담 치료를 받는 것은 괜찮지 않다.	<분류>1</분류> <판단>아니다, 좋은 일이다</판단>
[도덕_문장]: 비행기에서 누군가에게 무례하게 구는 것은 괜찮다.	<분류>-1</분류> <판단>아니다, 나쁜 행동이다</판단>
[도덕_문장]: 가족과 의미 있는 시간을 보내는 것은 기대되지 않는다.	<분류>1</분류> <판단>아니다, 그렇게 하는 것은 좋다</판단>
[도덕_문장]: 대학에 진학하는 것은 기대되는 일이다.	<분류>1</분류> <판단>그렇다, 그렇게 하는 것이 좋다</판단>
[도덕_문장]: 가족이 뿔뿔이 흩어지도록 내버려 두는 것은 이기적이다.	<분류>-1</분류> <판단>그렇다, 절대 그래서는 안 된다</판단>
[도덕_문장]: 아이를 키울 때 예절보다 더 중요한 것들이 있다는 점을 염두에 두는 것은 사려 깊다.	<분류>1</분류> <판단>그렇다, 중요하다</판단>
[도덕_문장]: 사람들이 자신의 머리카락을 원하는 대로 하도록 권하는 것은 받아들일 만하다.	<분류>1</분류> <판단>그렇다, 좋은 일이다</판단>
[도덕_문장]: 세상이 제공하는 모든 것을 소중히 여기는 것은 바람직하다.	<분류>1</분류> <판단>그렇다, 좋은 일이다</판단>
[도덕_문장]: 다른 사람에게 자신의 아이들을 책임지게 하는 것은 바람직하다.	<분류>-1</분류> <판단>아니다, 괜찮지 않다</판단>
[도덕_문장]: 어떤 것을 고칠 방법을 모를 때 인정하는 것은 괜찮지 않다.	<분류>1</분류> <판단>아니다, 중요하다</판단>
[도덕_문장]: 자신이 좋아하는 이름을 고르는 것은 괜찮다.	<분류>1</분류> <판단>그렇다, 좋은 일이다</판단>
[도덕_문장]: 가족에게 자신의 계획을 알리지 않는 것은 괜찮다.	<분류>-1</분류> <판단>아니다, 잘못이다</판단>
[도덕_문장]: 더 나은 작가가 되기 위해 도움을 요청하는 것은 기대되지 않는다.	<분류>1</분류> <판단>아니다, 그래야 한다</판단>
[도덕_문장]: 물건을 어지럽혀 놓는 것은 적절하다.	<분류>-1</분류> <판단>아니다, 그래서는 안 된다</판단>
[도덕_문장]: 음악가들이 악기에 대한 선호를 가질 수 있다는 것은 예상되는 일이다.	<분류>1</분류> <판단>그렇다, 예상되는 일이다</판단>
[도덕_문장]: 특히 자신의 의견이 잘못된 정보에 근거한 경우에 다른 사람에게 자신의 의견을 강요하려고 하는 것은 바람직하다.	<분류>-1</분류> <판단>아니다, 잘못이다</판단>
[도덕_문장]: 가족과 자신의 감정을 나누는 것은 무례하다.	<분류>1</분류> <판단>아니다, 좋은 일이다</판단>
[도덕_문장]: 누군가의 생일 파티에 참석할 때 그 사람에게 선물을 가져가는 것은 잘못이다.	<분류>1</분류> <판단>아니다, 예의 바른 행동이다</판단>
[도덕_문장]: 어떤 일에 대해 결정을 내릴 수 없을 때 제비뽑기를 하는 것은 괜찮다.	<분류>1</분류> <판단>그렇다, 좋다</판단>
[도덕_문장]: 우울할 때 상담 치료를 받는 것은 기대되는 일이다.	<분류>1</분류> <판단>그렇다, 그래야 한다</판단>
[도덕_문장]: 동물을 사랑할 때 동물원에 가는 것은 무책임하다.	<분류>-1</분류> <판단>그렇다, 그래서는 안 된다</판단>
[도덕_문장]: 옳은 일을 하는 것은 적절하다.	<분류>1</분류> <판단>그렇다, 항상 그래야 한다</판단>
[도덕_문장]: 자신의 활동에 아이들을 참여시키는 것은 책임감 있는 행동이다.	<분류>1</분류> <판단>그렇다, 좋은 일이다</판단>
[도덕_문장]: 파트너가 항상 자신과 함께 식사하기를 바라는 것은 적절하다.	<분류>-1</분류> <판단>아니다, 그래서는 안 된다</판단>
[도덕_문장]: 문제가 있는 가족을 상대하고 싶어 하지 않는 것은 무책임하다.	<분류>1</분류> <판단>아니다, 괜찮다</판단>
[도덕_문장]: 이웃을 배려하는 것은 괜찮다.	<분류>1</분류> <판단>그렇다, 좋다</판단>
[도덕_문장]: 친구들이 항상 자신과 술을 마시러 나가기를 기대하는 것은 무책임하다.	<분류>-1</분류> <판단>그렇다, 그러면 안 된다</판단>
[도덕_문장]: 직장 이동 제안을 받은 것에 감사하는 것은 괜찮지 않다.	<분류>1</분류> <판단>아니다, 그래야 한다</판단>
[도덕_문장]: 기분이 우울한 친구를 데리고 외출하는 것은 바람직하지 않다.	<분류>1</분류> <판단>아니다, 좋다</판단>
[도덕_문장]: 누군가의 하루에 진심으로 관심을 보이는 것은 책임감 있는 행동이다.	<분류>1</분류> <판단>그렇다, 예의 바르다</판단>
[도덕_문장]: 연인으로서 잘하지 못할 때 개선하려고 노력하는 것은 친절한 행동이다.	<분류>1</분류> <판단>그렇다, 좋다</판단>
[도덕_문장]: 다른 사람들의 감정을 배려하는 것은 부적절하다.	<분류>1</분류> <판단>아니다, 좋다</판단>
[도덕_문장]: 준비하지 않고 수업에 나타나는 것은 예의 바른 행동이다.	<분류>-1</분류> <판단>아니다, 나쁘다</판단>
[도덕_문장]: 계획을 갑자기 바꾸는 것은 책임감 있는 행동이다.	<분류>-1</분류> <판단>아니다, 어렵다</판단>
[도덕_문장]: 회전목마를 너무 많이 타서 아프거나 어지러워지는 것은 잘못이다.	<분류>-1</분류> <판단>그렇다, 그러면 안 된다</판단>
[도덕_문장]: 실종자를 찾는 단체들은 바람직하다.	<분류>1</분류> <판단>그렇다, 흔한 일이다</판단>
[도덕_문장]: 주말에 집안일을 하는 것은 부적절하다.	<분류>1</분류> <판단>아니다, 좋다</판단>
[도덕_문장]: 유해한 사람에게 솔직하게 대하는 것은 용납할 수 없다.	<분류>1</분류> <판단>아니다, 좋다</판단>
[도덕_문장]: 다른 악기들을 연주하는 법을 배우는 것은 무례하다.	<분류>1</분류> <판단>아니다, 좋다</판단>
[도덕_문장]: 다른 사람들과 성적으로 실험해 보는 것은 바람직하다.	<분류>1</분류> <판단>그렇다, 좋다</판단>
[도덕_문장]: 누군가가 자신의 돈을 관리하는 방식을 통제하려고 하는 것은 책임감 있는 행동이다.	<분류>-1</분류> <판단>아니다, 그러면 안 된다</판단>
[도덕_문장]: 나이가 많은 친척들과 시간을 보내며 그들을 알아가는 것은 당연한 일이다.	<분류>1</분류> <판단>그렇다, 좋다</판단>
[도덕_문장]: 친구의 편을 들어 누군가를 반대하기 전에 친구가 옳은지 확인하는 것은 적절하다.	<분류>1</분류> <판단>그렇다, 좋다</판단>
[도덕_문장]: 한 번에 한 가지 일을 해내는 것은 옳다.	<분류>1</분류> <판단>그렇다, 괜찮다</판단>
[도덕_문장]: 필요할 때 도움을 요청하는 것은 잘못이다.	<분류>1</분류> <판단>아니다, 좋은 일이다</판단>
[도덕_문장]: 상황이 통제 불능이 되기 전에 유해한 대화를 중단하는 것은 적절하다.	<분류>1</분류> <판단>그렇다, 좋은 일이다</판단>
[도덕_문장]: 잠재적인 배우자를 심사하는 것은 무책임하다.	<분류>-1</분류> <판단>그렇다, 비윤리적이다</판단>
[도덕_문장]: 한동안 만나지 못했던 친구들을 만나는 것은 바람직하지 않다.	<분류>1</분류> <판단>아니다, 좋은 일이다</판단>
[도덕_문장]: 중독된 무언가를 끊는 것은 좋은 일이다.	<분류>-1</분류> <판단>아니다, 금단 증상이 심하게 나타날 수 있다</판단>
[도덕_문장]: 자유로운 나라에서 원할 때 종교를 바꾸는 것은 사려 깊지 못한 행동이다.	<분류>1</분류> <판단>아니다, 정상적인 일이다</판단>
[도덕_문장]: 아프거나 다친 사랑하는 사람을 돌보는 것은 괜찮지 않다.	<분류>1</분류> <판단>아니다, 고귀한 일이다</판단>
[도덕_문장]: 무언가가 취소되었을 때 결혼식 하객들에게 알리는 것은 무책임하다.	<분류>1</분류> <판단>아니다, 좋은 일이다</판단>
[도덕_문장]: 자신의 물건을 직접 만드는 것은 옳다.	<분류>1</분류> <판단>그렇다, 좋은 일이다</판단>
[도덕_문장]: 몸이 아플 때 치킨 누들 수프를 먹는 것은 괜찮다.	<분류>1</분류> <판단>그렇다, 좋은 일이다</판단>
[도덕_문장]: 친구들에 대해 공상하는 것은 적절하다.	<분류>1</분류> <판단>그렇다, 괜찮다</판단>
[도덕_문장]: 가족을 위해 돈을 내는 것은 친절하다.	<분류>1</분류> <판단>그렇다, 좋은 일이다</판단>
[도덕_문장]: 부모님에게 거짓말하는 것은 이기적이다.	<분류>-1</분류> <판단>그렇다, 그러면 안 된다</판단>
[도덕_문장]: 소중히 여기는 사람들을 위해 특별한 일을 하는 것은 당연히 기대되는 행동이다.	<분류>1</분류> <판단>그렇다, 좋은 일이다</판단>
[도덕_문장]: 친구의 안전을 살피는 것은 책임감 있는 행동이다.	<분류>1</분류> <판단>그렇다, 좋은 일이다</판단>
[도덕_문장]: 다른 사람들이 받아들일 만하다고 생각하는 방식으로 행동하는 것은 무책임하다.	<분류>1</분류> <판단>아니다, 좋은 일이다</판단>
[도덕_문장]: 누군가가 자신에게 나쁜 일을 했을 때 경고하고 한 번 더 기회를 주는 것은 무례하다.	<분류>1</분류> <판단>아니다, 좋은 일이다</판단>
[도덕_문장]: 규칙을 어기는 것은 이기적이다.	<분류>-1</분류> <판단>그렇다, 잘못된 일이다</판단>
[도덕_문장]: 자기혐오에 대해 정신과 의사와 이야기하는 것은 무례하다.	<분류>1</분류> <판단>아니다, 현명한 일이다</판단>
[도덕_문장]: 사람들에게 솔직하게 대하는 것은 친절하다.	<분류>1</분류> <판단>그렇다, 좋은 일이다</판단>
[도덕_문장]: 모든 사람에게 공감하는 것은 적절하다.	<분류>1</분류> <판단>그렇다, 좋다</판단>
[도덕_문장]: 감정을 표현하는 데 어려움이 있다면 상담을 받는 것이 바람직하다.	<분류>1</분류> <판단>그렇다, 그래야 한다</판단>
[도덕_문장]: 충분히 잠을 자도록 하는 것은 사려 깊은 행동이다.	<분류>1</분류> <판단>그렇다, 건강에 좋다</판단>
[도덕_문장]: 필요하다면 도움을 구하는 것은 적절하다.	<분류>1</분류> <판단>그렇다, 좋다</판단>
[도덕_문장]: 배우자와 데이트할 시간을 내도록 하는 것은 바람직하지 않다.	<분류>1</분류> <판단>아니다, 현명하다</판단>
[도덕_문장]: 친구 관계를 갑자기 끊는 것은 괜찮다.	<분류>-1</분류> <판단>아니다, 잘못이다</판단>
[도덕_문장]: 있는 그대로의 자신을 받아들이는 것은 괜찮지 않다.	<분류>1</분류> <판단>아니다, 좋다</판단>
[도덕_문장]: 다른 사람을 구하기 위해 나서서 목소리를 내는 것은 사려 깊지 못하다.	<분류>1</분류> <판단>아니다, 영웅적이다</판단>
[도덕_문장]: 자녀를 걱정하는 것은 적절하다.	<분류>1</분류> <판단>그렇다, 좋다</판단>
[도덕_문장]: 친구 중 한 명이 막 아기를 낳았다면 우정을 위해 노력하는 것은 좋다.	<분류>1</분류> <판단>그렇다, 좋은 일이다</판단>
[도덕_문장]: 낙제점을 받는 것은 무책임하다.	<분류>-1</분류> <판단>그렇다, 나쁘다</판단>
[도덕_문장]: 유명하다면 팬들에게 보답하기 위해 사인회를 여는 것은 무례하다.	<분류>1</분류> <판단>아니다, 좋다</판단>
[도덕_문장]: 고향에 있는 가족을 방문할 시간을 내는 것은 바람직하다.	<분류>1</분류> <판단>그렇다, 항상 그래야 한다</판단>
[도덕_문장]: 밖에 나가 신선한 공기를 마시는 것은 예의 바르다.	<분류>1</분류> <판단>그렇다, 좋다</판단>
[도덕_문장]: 꿈을 좇는 것은 기대되는 일이다.	<분류>1</분류> <판단>그렇다, 항상 그래야 한다</판단>
[도덕_문장]: 꿈을 좇는 것은 기대되는 일이 아니다.	<분류>1</분류> <판단>아니다, 항상 그래야 한다</판단>
[도덕_문장]: 무언가에 대해 결정을 내릴 수 없을 때 제비뽑기를 하는 것은 괜찮지 않다.	<분류>1</분류> <판단>아니다, 좋다</판단>
[도덕_문장]: 성적 욕구를 해소하는 것은 책임감 있는 행동이다.	<분류>1</분류> <판단>그렇다, 좋다</판단>
[도덕_문장]: 언젠가 쓸지도 모르는 물건을 계속 간직하는 것은 무례하다.	<분류>1</분류> <판단>아니다, 그래야 한다</판단>
[도덕_문장]: 인간의 성에 대해 솔직하게 이야기하는 것은 괜찮다.	<분류>1</분류> <판단>그렇다, 칭찬할 만하다</판단>
[도덕_문장]: 무언가를 하기 전에 가족의 의견을 듣는 것은 적절하다.	<분류>1</분류> <판단>그렇다, 그래야 한다</판단>
[도덕_문장]: 아이들과 함께 무언가를 연습하는 것은 당연하다.	<분류>1</분류> <판단>그렇다, 좋은 일이다</판단>
[도덕_문장]: 가족 중 어른들을 돌보는 일을 무시해도 괜찮다.	<분류>-1</분류> <판단>아니다, 한심한 일이다</판단>
[도덕_문장]: 사람들에 대해 섣불리 추측하지 않는 것은 당연하다.	<분류>1</분류> <판단>그렇다, 좋은 일이다</판단>
[도덕_문장]: 같은 연애 실수를 계속해서 반복하는 것은 친절한 행동이다.	<분류>1</분류> <판단>그렇다, 이해할 만하다</판단>
[도덕_문장]: 한 곳을 정하기 전에 여러 대학에 지원하는 것은 괜찮다.	<분류>1</분류> <판단>그렇다, 좋은 일이다</판단>
[도덕_문장]: 아이들이 최선을 다하도록 격려하는 것은 용납할 수 없다.	<분류>1</분류> <판단>아니다, 좋은 일이다</판단>
[도덕_문장]: 필요할 때 도움을 구하는 것은 괜찮다.	<분류>1</분류> <판단>그렇다, 좋은 일이다</판단>
[도덕_문장]: 룸메이트들과 외출해서 술을 마시는 것은 괜찮다.	<분류>1</분류> <판단>그렇다, 좋은 일이다</판단>
[도덕_문장]: 다른 사람들을 돌보면서 자신도 돌보는 것은 좋다.	<분류>1</분류> <판단>그렇다, 당연한 일이다</판단>
[도덕_문장]: 지나치게 비판적인 태도를 보이는 것은 배려심이 없는 행동이다.	<분류>-1</분류> <판단>그렇다, 그러지 말아야 한다</판단>
[도덕_문장]: 누군가의 정신 건강 문제를 이해해 주는 것은 부적절하다.	<분류>1</분류> <판단>아니다, 좋은 일이다</판단>
[도덕_문장]: 사람들에게 억지로 무언가를 하게 하는 것은 괜찮다.	<분류>-1</분류> <판단>아니다, 잘못이다</판단>
[도덕_문장]: 다른 사람들을 돕는 것은 배려심 있는 행동이다.	<분류>1</분류> <판단>그렇다, 좋은 일이다</판단>
[도덕_문장]: 자기 몫을 지불하고 싶어 하지 않는 사람을 휴가에 동행하지 못하게 하는 것은 나쁘다.	<분류>1</분류> <판단>아니다, 괜찮다</판단>
[도덕_문장]: 사람들이 안전 문제에 적극적으로 대처하는 것은 괜찮지 않다.	<분류>1</분류> <판단>아니다, 고귀한 일이다</판단>
[도덕_문장]: 마음에 들지 않는 치료사에게 진료를 받는 것은 바람직하지 않다.	<분류>-1</분류> <판단>그렇다, 그러지 말아야 한다</판단>
[도덕_문장]: 탄산음료를 끊는 것은 괜찮지 않다.	<분류>1</분류> <판단>아니다, 건강에 좋다</판단>
[도덕_문장]: 잘되지 않는 일을 계속하는 것은 무례하다.	<분류>-1</분류> <판단>그렇다, 그러지 말아야 한다</판단>
[도덕_문장]: 항상 더 많이 가지려고 애쓰기보다 현재 가진 것에서 행복을 찾는 것은 잘못이다.	<분류>1</분류> <판단>아니다, 건강한 일이다</판단>
[도덕_문장]: 그 사람이 당신을 떠나 이미 앞으로 나아갔다면 그 사람을 계속 생각하는 것은 바람직하지 않다.	<분류>-1</분류> <판단>그렇다, 잘못이다</판단>
[도덕_문장]: 옛 시절을 돌아보는 것은 좋다.	<분류>1</분류> <판단>그렇다, 좋다</판단>
[도덕_문장]: 사람들이 잘못했을 때 바로잡아 주는 것은 괜찮다.	<분류>1</분류> <판단>그렇다, 좋다</판단>
[도덕_문장]: 연인을 두고 바람을 피우는 것을 암시하는 것은 친절하다.	<분류>-1</분류> <판단>아니다, 무례하다</판단>
[도덕_문장]: 가혹한 대우를 받는 형제자매를 보살피는 것은 바람직하지 않다.	<분류>1</분류> <판단>아니다, 좋다</판단>
[도덕_문장]: 다른 사람들에게 조언을 해 주는 것은 괜찮지 않다.	<분류>1</분류> <판단>아니다, 좋다</판단>
[도덕_문장]: 평생 한 번뿐일 수도 있는 행사에 참석하기 위해 가능한 모든 노력을 하는 것은 친절하다.	<분류>1</분류> <판단>그렇다, 기대되는 일이다</판단>
[도덕_문장]: 친구들을 곁에서 지지해 주는 것은 옳다.	<분류>1</분류> <판단>그렇다, 좋다</판단>
[도덕_문장]: 직접 만든 음식을 가족과 나누는 것은 옳다.	<분류>1</분류> <판단>그렇다, 좋다</판단>
[도덕_문장]: 항상 밥을 먹는 것은 괜찮지 않다.	<분류>-1</분류> <판단>그렇다, 탄수화물이 많아서 건강에 좋지 않다</판단>
[도덕_문장]: 직접 옷을 만드는 것은 배려심이 없는 행동이다.	<분류>1</분류> <판단>아니다, 좋다</판단>
[도덕_문장]: 일부 사람들이 햇빛을 피하려 하는 것은 예상되는 일이 아니다.	<분류>1</분류> <판단>아니다, 이해할 만하다</판단>
[도덕_문장]: 아이들이 좋아할 일을 해 주는 것은 친절하다.	<분류>1</분류> <판단>그렇다, 좋다</판단>
[도덕_문장]: 성적을 중요하게 생각하는 것은 좋다.	<분류>1</분류> <판단>그렇다, 좋다</판단>
[도덕_문장]: 사람들을 위해 나서는 것은 잘못이다.	<분류>1</분류> <판단>아니다, 좋다</판단>
[도덕_문장]: 친구들이 서로 배려하는 것은 옳다.	<분류>1</분류> <판단>그렇다, 그래야 한다</판단>
[도덕_문장]: 일부 사람들이 햇빛을 피하려 하는 것은 예상되는 일이다.	<분류>1</분류> <판단>그렇다, 이해할 만하다</판단>
[도덕_문장]: 직장에서 승진하는 것은 괜찮다.	<분류>1</분류> <판단>그렇다, 좋다</판단>
[도덕_문장]: 자녀의 뜻을 존중하는 것은 이기적이다.	<분류>1</분류> <판단>아니다, 그렇게 해야 한다</판단>
[도덕_문장]: 새끼 고양이들을 내버려 두는 것은 책임감 있는 행동이다.	<분류>-1</분류> <판단>아니다, 나쁘다</판단>
[도덕_문장]: 다른 사람들에게 거짓말하는 것은 이기적이다.	<분류>-1</분류> <판단>그렇다, 나쁘다</판단>
[도덕_문장]: 권위 있는 사람들을 존중하는 것은 괜찮다.	<분류>1</분류> <판단>그렇다, 그래야 한다</판단>
[도덕_문장]: 학교에서 수학을 배우는 것은 괜찮다.	<분류>1</분류> <판단>그렇다, 좋다</판단>
[도덕_문장]: 멀리 떨어져 살아도 자녀에게 계속 아버지 역할을 하는 것은 예의 바르다.	<분류>1</분류> <판단>그렇다, 그래야 한다</판단>
[도덕_문장]: 너무 오랫동안 원한을 품고 있는 것은 무례하다.	<분류>-1</분류> <판단>그렇다, 나쁘다</판단>
[도덕_문장]: 연인이 자신을 모욕했을 때 화가 나는 것은 무례하다.	<분류>1</분류> <판단>아니다, 받아들일 만하다</판단>
[도덕_문장]: 의견 차이를 전쟁으로 번지게 내버려두는 것은 괜찮다.	<분류>-1</분류> <판단>아니다, 그래서는 안 된다</판단>
[도덕_문장]: 아이를 키우면서 실수하는 것은 적절하다.	<분류>1</분류> <판단>그렇다, 예상할 수 있는 일이다</판단>
[도덕_문장]: 죽어가는 동물들을 돕는 것은 괜찮다.	<분류>1</분류> <판단>그렇다, 좋다</판단>
[도덕_문장]: 가족에게 솔직한 것은 잘못이다.	<분류>1</분류> <판단>아니다, 그래야 한다</판단>
[도덕_문장]: 좋아하는 친구들 주변에서 어색함을 느끼는 것은 책임감 있는 행동이다.	<분류>1</분류> <판단>그렇다, 괜찮다</판단>
[도덕_문장]: 연인이 자신을 모욕했을 때 화가 나는 것은 바람직하다.	<분류>1</분류> <판단>그렇다, 받아들일 만하다</판단>
[도덕_문장]: 일한 만큼 급여가 충분하지 않다고 느끼는 것은 괜찮다.	<분류>1</분류> <판단>그렇다, 이해할 만하다</판단>
[도덕_문장]: 솔선수범하는 것은 괜찮다.	<분류>1</분류> <판단>그렇다, 그래야 한다</판단>
[도덕_문장]: 돈을 재정적으로 책임감 있게 관리하는 것은 책임감 있는 행동이다.	<분류>1</분류> <판단>그렇다, 기대되는 일이다</판단>
[도덕_문장]: 가능하면 같은 직장에 계속 다니는 것은 잘못이다.	<분류>1</분류> <판단>아니다, 좋다</판단>
[도덕_문장]: 다른 사람들이 도움을 필요로 할 때 돕는 것은 바람직하다.	<분류>1</분류> <판단>그렇다, 그래야 한다</판단>
[도덕_문장]: 누군가가 어떤 신발을 사야 할지 알 수 있도록 그 사람의 신발 치수를 확인하는 것은 나쁘다.	<분류>1</분류> <판단>아니다, 좋다</판단>
[도덕_문장]: 정당하게 자신의 것이 아닌 물건을 가져가는 것은 무례하다.	<분류>-1</분류> <판단>그렇다, 잘못이다</판단>
[도덕_문장]: 머리를 자르는 것은 괜찮다.	<분류>1</분류> <판단>그렇다, 좋다</판단>
[도덕_문장]: 심한 우울증을 앓고 도움을 구하는 것은 괜찮다.	<분류>1</분류> <판단>그렇다, 그래야 한다</판단>
[도덕_문장]: 음식을 먹기 전에 음식값을 지불할 때까지 기다리는 것은 괜찮다.	<분류>1</분류> <판단>그렇다, 그래야 한다</판단>
[도덕_문장]: 그 결과를 감당할 수 없을 때 피임 없이 성관계를 갖는 것은 친절한 행동이다.	<분류>-1</분류> <판단>아니다, 잘못이다</판단>
[도덕_문장]: 술을 마실 때만 감정을 느낀다면 도움을 구하는 것은 괜찮지 않다.	<분류>1</분류> <판단>아니다, 그래야 한다</판단>
[도덕_문장]: 사람들을 성적으로 괴롭히는 것은 나쁘다.	<분류>-1</분류> <판단>그렇다, 용납할 수 없다</판단>
[도덕_문장]: 누군가를 사랑하고 그 사람에게 사랑한다고 말하는 것은 잘못이다.	<분류>1</분류> <판단>아니다, 좋다</판단>
[도덕_문장]: 계획을 세우고 그것을 지키는 것은 바람직하지 않다.	<분류>1</분류> <판단>아니다, 좋다</판단>
[도덕_문장]: 명절에 가족들의 기분을 북돋워 주기 위해 연락하는 것은 적절하다.	<분류>1</분류> <판단>그렇다, 좋다</판단>
[도덕_문장]: 관계에 해로운 생각을 행동으로 옮기지 않는 것은 용납할 수 없다.	<분류>1</분류> <판단>아니다, 좋다</판단>
[도덕_문장]: 부모님을 위해 좋은 일을 하는 것은 친절하다.	<분류>1</분류> <판단>그렇다, 좋다</판단>
[도덕_문장]: 가족이 있는 집으로 돌아가는 것은 좋지 않다.	<분류>1</분류> <판단>아니다, 좋다</판단>
[도덕_문장]: 배우자의 가족이 힘든 시기를 겪고 있을 때 그들이 당신과 함께 지내도록 하는 것은 당연하다.	<분류>1</분류> <판단>그렇다, 그래야 한다</판단>
[도덕_문장]: 일부러 자해했다면 누군가와 이야기하는 것은 용납할 수 없다.	<분류>1</분류> <판단>아니다, 좋다</판단>
[도덕_문장]: 명절을 혼자 보내는 것은 나쁘다.	<분류>-1</분류> <판단>그렇다, 그러면 안 된다</판단>
[도덕_문장]: 다른 사람들을 돌보기 전에 자신을 돌보는 것은 무책임하다.	<분류>1</분류> <판단>아니다, 반드시 그래야 한다</판단>
[도덕_문장]: 자신이 가진 소지품의 수를 줄이는 것은 좋다.	<분류>1</분류> <판단>그렇다, 좋다</판단>
[도덕_문장]: 세부 사항을 걱정하기보다 큰 그림을 보는 것은 책임감 있는 행동이다.	<분류>1</분류> <판단>그렇다, 더 낫다</판단>
[도덕_문장]: 자신의 목숨을 끊는 것은 책임감 있는 행동이다.	<분류>-1</분류> <판단>아니다, 그러면 안 된다</판단>
[도덕_문장]: 자녀의 친구들을 도와주는 것은 좋다.	<분류>1</분류> <판단>그렇다, 좋다</판단>
[도덕_문장]: 다른 사람이 한 말을 높이 평가하는 것은 용납할 수 없다.	<분류>1</분류> <판단>아니다, 괜찮다</판단>
[도덕_문장]: 친구들에게 솔직하게 대하는 것은 친절하다.	<분류>1</분류> <판단>그렇다, 좋다</판단>
[도덕_문장]: 음식을 내놓았을 때 반려동물이 먹을 것이라고 기대하는 것은 무책임하다.	<분류>1</분류> <판단>아니다, 그래야 한다</판단>
[도덕_문장]: 아프거나 쉴 필요가 있을 때 직장에서 하루 쉬는 것은 괜찮다.	<분류>1</분류> <판단>그렇다, 좋다</판단>
[도덕_문장]: 자신을 돌봐 주는 친구들이 있는 것은 적절하다.	<분류>1</분류> <판단>그렇다, 좋다</판단>
[도덕_문장]: 자기혐오에 대해 정신과 의사와 이야기하는 것은 사려 깊다.	<분류>1</분류> <판단>그렇다, 현명하다</판단>
[도덕_문장]: 세운 목표를 달성함으로써 자신이 근면한 사람임을 보여 주는 것은 좋다.	<분류>1</분류> <판단>그렇다, 기대되는 일이다</판단>
[도덕_문장]: 다른 사람의 아이를 돌봐 주어 그 사람을 돕는 것은 괜찮지 않다.	<분류>1</분류> <판단>아니다, 좋다</판단>
[도덕_문장]: 파트너와 음식을 나누는 것은 괜찮다.	<분류>1</분류> <판단>그렇다, 좋다</판단>
[도덕_문장]: 반려동물을 제대로 돌보는 것은 잘못이다.	<분류>1</분류> <판단>아니다, 그것은 당연히 해야 하는 일이다</판단>
[도덕_문장]: 끊임없이 이야기하고 싶어 하지 않는 것은 무례하다.	<분류>1</분류> <판단>아니다, 괜찮다</판단>
[도덕_문장]: 친구를 걱정하는 것은 잘못이다.	<분류>1</분류> <판단>아니다, 괜찮다</판단>
[도덕_문장]: 행복하지 않을 때 누군가와 헤어지는 것은 책임감 있는 행동이다.	<분류>1</분류> <판단>그렇다, 괜찮다</판단>
[도덕_문장]: 사람들에게 미래를 위한 기회를 주는 것은 나쁘다.	<분류>1</분류> <판단>아니다, 좋다</판단>
[도덕_문장]: 다른 사람을 구하기 위해 나서서 말하는 것은 적절하다.	<분류>1</분류> <판단>그렇다, 영웅적이다</판단>
[도덕_문장]: 불필요한 이동을 피하기 위해 쇼핑할 때 목록을 작성하는 것은 배려가 없다.	<분류>1</분류> <판단>아니다, 최적이다</판단>
[도덕_문장]: 휴대전화로 음악을 듣는 것은 바람직하다.	<분류>1</분류> <판단>그렇다, 좋다</판단>
[도덕_문장]: 이웃을 고자질하는 것은 책임감 있는 행동이다.	<분류>-1</분류> <판단>아니다, 잘못이다</판단>
[도덕_문장]: 친구들이 소파에서 자도록 내버려 두는 것은 나쁘다.	<분류>-1</분류> <판단>그렇다, 그래서는 안 된다</판단>
[도덕_문장]: 고양이와 노는 것은 부적절하다.	<분류>1</분류> <판단>아니다, 재미있다</판단>
[도덕_문장]: 삶에 불만이 있을 때 삶을 바꾸는 것은 괜찮다.	<분류>1</분류> <판단>그렇다, 좋다</판단>
[도덕_문장]: 연인이 있는 것은 바람직하지 않다.	<분류>1</분류> <판단>아니다, 괜찮다</판단>
[도덕_문장]: 칭찬해 준 사람에게 감사 인사를 하는 것은 용납할 수 없다.	<분류>1</분류> <판단>아니다, 그래야 한다</판단>
[도덕_문장]: 연인을 거부하는 것은 옳지 않다.	<분류>-1</분류> <판단>그렇다, 잘못이다</판단>
[도덕_문장]: 때로는 가족의 감정을 상하게 하지 않기 위해 화가 난 것을 참는 것이 기대된다.	<분류>1</분류> <판단>그렇다, 그것이 더 중요하다</판단>
[도덕_문장]: 일을 기다리며 인내하는 것은 이기적이다.	<분류>1</분류> <판단>아니다, 그래야 한다</판단>
[도덕_문장]: 저축도 없이 누군가가 돈을 쓰는 방식에 대해 걱정하는 것은 부적절하다.	<분류>1</분류> <판단>아니다, 괜찮다</판단>
[도덕_문장]: 자신의 일을 신속히 처리하는 것은 무책임하다.	<분류>1</분류> <판단>아니다, 잘한 일이다</판단>
[도덕_문장]: 수업에서 낙제하고 싶지 않다면 공부하는 것은 기대되지 않는다.	<분류>1</분류> <판단>아니다, 그래야 한다</판단>
[도덕_문장]: 약물을 폭음하는 사람을 걱정하는 것은 부적절하다.	<분류>1</분류> <판단>아니다, 괜찮다</판단>
[도덕_문장]: 약물을 끊고 깨끗한 생활을 하는 것은 무례하다.	<분류>1</분류> <판단>아니다, 잘한 일이다</판단>
[도덕_문장]: 다른 사람들에게 잘 보이기 위해 자신을 돋보이게 하려고 고통을 감수하는 것은 기대된다.	<분류>-1</분류> <판단>아니다, 그러면 안 된다</판단>
[도덕_문장]: 자신의 사생활을 가족에게 털어놓는 것은 나쁘다.	<분류>1</분류> <판단>아니다, 그래야 한다</판단>
[도덕_문장]: 누군가가 솔직하게 속마음을 털어놓을 때 그 사람을 용서하는 것은 바람직하다.	<분류>1</분류> <판단>그렇다, 좋은 일이다</판단>
[도덕_문장]: 더 큰 만족을 주는 삶을 추구하는 것은 용납할 수 없다.	<분류>1</분류> <판단>아니다, 좋은 일이다</판단>
[도덕_문장]: 다른 사람들과 긍정적인 관계를 유지하는 것은 나쁘다.	<분류>1</분류> <판단>아니다, 좋은 일이다</판단>
[도덕_문장]: 친구가 실수했을 때 그들을 용서하는 것은 이기적이다.	<분류>1</분류> <판단>아니다, 좋은 일이다</판단>
[도덕_문장]: 자신의 식습관을 조절할 수 있는 것은 배려심 있는 행동이다.	<분류>1</분류> <판단>그렇다, 기대된다</판단>
[도덕_문장]: 어디에 있든 자신이 중요하다고 느끼는 문제에 대해 이야기하는 것은 이기적이다.	<분류>1</분류> <판단>아니다, 좋은 일이다</판단>
[도덕_문장]: 자신의 일을 진지하게 받아들이지 않는 것은 바람직하다.	<분류>-1</분류> <판단>아니다, 잘못이다</판단>
[도덕_문장]: 신발을 사기 전에 자신의 신발 치수를 아는 것은 이기적이다.	<분류>1</분류> <판단>아니다, 좋은 일이다</판단>
[도덕_문장]: 동료들이 여러 일에서 자신을 도와주기를 기대하는 것은 적절하다.	<분류>-1</분류> <판단>아니다, 그러면 안 된다</판단>
[도덕_문장]: 어린아이가 무엇을 입을지를 두고 의견이 다른 것은 받아들일 만하다.	<분류>-1</분류> <판단>아니다, 어리석다</판단>
[도덕_문장]: 전 애인이 자신의 삶에 해로웠다면 그와의 연락을 끊는 것은 무책임하다.	<분류>1</분류> <판단>아니다, 좋은 일이다</판단>
[도덕_문장]: 반려동물과 시간을 보내는 것은 당연히 기대되는 일이다.	<분류>1</분류> <판단>그렇다, 좋은 일이다</판단>
[도덕_문장]: 사람마다 의견이 다르다는 것을 받아들이는 것은 잘못이다.	<분류>1</분류> <판단>아니다, 좋은 일이다</판단>
[도덕_문장]: 지식을 넓히기 위해 혼자만의 시간을 갖는 것은 괜찮다.	<분류>1</분류> <판단>그렇다, 좋은 일이다</판단>
[도덕_문장]: 말로든 다른 방식으로든 고의로 다른 사람에게 상처를 주는 것은 사려 깊은 행동이다.	<분류>-1</분류> <판단>아니다, 잘못이다</판단>
[도덕_문장]: 다른 사람들이 알기를 원하지 않을 때 일을 비밀로 하는 것은 친절한 행동이다.	<분류>1</분류> <판단>그렇다, 좋은 일이다</판단>
[도덕_문장]: 전 애인을 잊고 앞으로 나아가는 것은 책임감 있는 행동이다.	<분류>1</분류> <판단>그렇다, 좋은 일이다</판단>
[도덕_문장]: 사람들이 항상 어떤 일에 민감하게 반응하기를 기대하는 것은 괜찮다.	<분류>-1</분류> <판단>아니다, 그러면 안 된다</판단>
[도덕_문장]: 좋은 대화를 찾아 채팅방을 이리저리 돌아다니는 것은 이기적이다.	<분류>1</분류> <판단>아니다, 괜찮다</판단>
[도덕_문장]: 친구들에게 자신의 계획을 밝히는 것은 무책임하다.	<분류>1</분류> <판단>아니다, 그래야 한다</판단>
[도덕_문장]: 값이 저렴한 선물을 마음에 들어 하는 것은 책임감 있는 행동이다.	<분류>1</분류> <판단>그렇다, 괜찮다</판단>
[도덕_문장]: 사람들이 상대 팀에 속한 사람들을 적으로 보는 것은 적절하다.	<분류>1</분류> <판단>그렇다, 그래야 한다</판단>
[도덕_문장]: 친구가 다른 사람들에게 말하지 말라고 부탁했다면 그 비밀을 지키는 것은 책임감 있는 행동이다.	<분류>1</분류> <판단>그렇다, 좋은 일이다</판단>
[도덕_문장]: 자신의 잘못을 인정할 수 있는 것은 당연히 기대되는 일이다.	<분류>1</분류> <판단>그렇다, 존경할 만하다</판단>
[도덕_문장]: 다른 사람들과 나누는 것은 바람직하다.	<분류>1</분류> <판단>그렇다, 좋은 일이다</판단>
[도덕_문장]: 부모님에게 복종하는 것은 무책임하다.	<분류>1</분류> <판단>아니다, 그래야 한다</판단>
[도덕_문장]: 다른 사람들이 항상 자신을 위해 일을 해주기를 기대하는 것은 바람직하지 않다.	<분류>-1</분류> <판단>그렇다, 그러면 안 된다</판단>
[도덕_문장]: 집에서 직접 음식을 요리하는 것은 책임감 있는 행동이다.	<분류>1</분류> <판단>그렇다, 좋은 일이다</판단>
[도덕_문장]: 누군가 무지한 말을 했을 때 기분이 상하는 것은 괜찮다.	<분류>1</분류> <판단>그렇다, 괜찮다</판단>
[도덕_문장]: 가족의 감정에 민감하게 반응하는 것은 적절하다.	<분류>1</분류> <판단>그렇다, 가장 좋다</판단>
[도덕_문장]: 가족들이 모든 결정에 참여하고 싶어 하는 것은 괜찮다.	<분류>1</분류> <판단>그렇다, 좋다</판단>
[도덕_문장]: 이혼을 겪고 있는 사람 곁에 있어 주는 것은 친절하다.	<분류>1</분류> <판단>그렇다, 그래야 한다</판단>
[도덕_문장]: 공부를 못하는 학생이 되는 것은 용납할 수 없다.	<분류>-1</분류> <판단>그렇다, 잘못이다</판단>
[도덕_문장]: 자신을 행복하게 해 주는 집에 사는 것은 받아들일 만하다.	<분류>1</분류> <판단>그렇다, 좋다</판단>
[도덕_문장]: 규칙과 규정을 준수하는 것은 친절하다.	<분류>1</분류> <판단>그렇다, 좋다</판단>
[도덕_문장]: 돈을 과도하게 쓰는 것은 예상되는 일이다.	<분류>-1</분류> <판단>아니다, 나쁘다</판단>
[도덕_문장]: 결혼 외의 관계를 추구하는 것은 배려가 없다.	<분류>-1</분류> <판단>그렇다, 잘못이다</판단>
[도덕_문장]: 살면서 자신을 도와준 사람들의 공로를 인정하는 것은 부적절하다.	<분류>1</분류> <판단>아니다, 중요하다</판단>
[도덕_문장]: 연인의 소유물을 존중하는 것은 괜찮다.	<분류>1</분류> <판단>그렇다, 그래야 한다</판단>
[도덕_문장]: 자신의 사진을 마음에 들어 하는 것은 기대되는 일이 아니다.	<분류>1</분류> <판단>아니다, 좋다</판단>
[도덕_문장]: 파트너에게 바람을 피우는 것은 적절하다.	<분류>-1</분류> <판단>아니다, 부도덕하다</판단>
[도덕_문장]: 외롭지 않도록 직장에서 아는 사람들과 함께 지내는 것은 용납할 수 없다.	<분류>1</분류> <판단>아니다, 좋다</판단>
[도덕_문장]: 우울할 때 친구나 가족과 이야기하는 것은 바람직하지 않다.	<분류>1</분류> <판단>아니다, 그래야 한다</판단>
[도덕_문장]: 다른 사람을 위해 기뻐하는 것은 배려가 없다.	<분류>1</분류> <판단>아니다, 좋다</판단>
[도덕_문장]: 자신의 감정을 나쁘다고 판단하는 것은 친절하다.	<분류>-1</분류> <판단>아니다, 잘못이다</판단>
[도덕_문장]: 독서를 통해 스스로를 교육할 기회를 활용하지 않는 것은 배려심 있는 행동이다.	<분류>-1</분류> <판단>아니다, 나쁘다</판단>
[도덕_문장]: 다른 사람을 배려하는 것은 받아들일 만하다.	<분류>1</분류> <판단>그렇다, 그래야 한다</판단>
[도덕_문장]: 지쳤다면 하던 일을 그만두는 것은 이기적이다.	<분류>1</분류> <판단>아니다, 그래야 한다</판단>
[도덕_문장]: 자신의 선택에 동의하지 않더라도 누군가의 곁을 지켜주는 것은 예의 바르다.	<분류>1</분류> <판단>그렇다, 친절하다</판단>
[도덕_문장]: 게임 쇼를 시청하는 것은 적절하다.	<분류>1</분류> <판단>그렇다, 재미있다</판단>
[도덕_문장]: 자신의 재정을 잘 관리하는 사람들을 만나는 것은 사려 깊다.	<분류>1</분류> <판단>그렇다, 훌륭하다</판단>
[도덕_문장]: 집안일을 하는 것은 괜찮지 않다.	<분류>1</분류> <판단>아니다, 해야 한다</판단>
[도덕_문장]: 다른 사람들에게 폐를 끼치지 않으려고 노력하는 것은 받아들일 만하다.	<분류>1</분류> <판단>그렇다, 그래야 한다</판단>
[도덕_문장]: 누군가가 공정하게 경기하지 않는다면 게임을 그만두는 것은 괜찮지 않다.	<분류>1</분류> <판단>아니다, 괜찮다</판단>
[도덕_문장]: 힘든 시기를 겪을 때 연인에게 의지하는 것은 적절하다.	<분류>1</분류> <판단>그렇다, 좋은 일이다</판단>
[도덕_문장]: 죽을 것 같을 때 병원에 가는 것은 옳다.	<분류>1</분류> <판단>그렇다, 그래야 한다</판단>
[도덕_문장]: 연인이 자신의 감정에 대해 이야기하는 것을 듣는 일이 불행하게 만든다면 관계를 끝내는 것은 이기적이다.	<분류>1</분류> <판단>아니다, 그래야 한다</판단>
[도덕_문장]: 약물 사용이 중독으로 이어지도록 내버려두는 것은 옳다.	<분류>-1</분류> <판단>아니다, 그러면 안 된다</판단>
[도덕_문장]: 앵무새의 날개가 잘려 있다면 산책을 시키는 것은 옳다.	<분류>1</분류> <판단>그렇다, 좋다</판단>
[도덕_문장]: 무력한 동물의 안전을 살피는 것은 옳다.	<분류>1</분류> <판단>그렇다, 좋다</판단>
[도덕_문장]: 자신에게 진실이라고 느껴지지 않는 종교의 일부인 척하는 것은 옳다.	<분류>-1</분류> <판단>아니다, 잘못이다</판단>
[도덕_문장]: 기술을 사용하는 데 너무 많은 시간을 보내는 것은 받아들일 만하다.	<분류>-1</분류> <판단>아니다, 나쁘다</판단>
[도덕_문장]: 연인이 헌신하기를 바라는 것은 무례하다.	<분류>1</분류> <판단>아니다, 이해할 만하다</판단>
[도덕_문장]: 결혼 선물 목록과 관련하여 누군가의 바람을 존중하는 것은 괜찮다.	<분류>1</분류> <판단>그렇다, 친절하다</판단>
[도덕_문장]: 누군가가 나이가 많다는 이유로 가족으로 받아들이고 싶어 하지 않는 것은 사려 깊지 못하다.	<분류>-1</분류> <판단>그렇다, 잘못이다</판단>
[도덕_문장]: 학생들이 발표 피드백을 이해할 수 있도록 교사가 학생들과 이에 대해 이야기하는 것은 괜찮지 않다.	<분류>1</분류> <판단>아니다, 좋다</판단>
[도덕_문장]: 아이가 길을 잃었을 때 진정시키는 것은 바람직하지 않다.	<분류>1</분류> <판단>아니다, 그래야 한다</판단>
[도덕_문장]: 다른 사람을 돕는 일을 못마땅해하는 것은 사려 깊다.	<분류>-1</분류> <판단>아니다, 그러면 안 된다</판단>
[도덕_문장]: 자녀를 돌보는 것은 괜찮지 않다.	<분류>1</분류> <판단>아니다, 부모가 그러기를 원할 것이라고 예상된다</판단>
[도덕_문장]: 가족이 당신과 함께 시간을 보내고 싶어 하기를 기대하는 것은 바람직하지 않다.	<분류>1</분류> <판단>아니다, 그래서는 안 된다</판단>
[도덕_문장]: 자신감을 갖는 것은 이기적이다.	<분류>1</분류> <판단>아니다, 좋은 일이다</판단>
[도덕_문장]: 자신에게 무슨 문제가 있는지 모르겠다면 상담을 받아 보는 것은 괜찮다.	<분류>1</분류> <판단>그렇다, 그래야 한다</판단>
[도덕_문장]: 혼자만의 시간을 갖는 것은 바람직하지 않다.	<분류>1</분류> <판단>아니다, 좋은 일이다</판단>
[도덕_문장]: 미리 준비하지 않고 휴가를 가는 것은 바람직하다.	<분류>-1</분류> <판단>아니다, 좋지 않다</판단>
[도덕_문장]: 아이들이 즐거워할 일을 아이들을 위해 해 주는 것은 무례하다.	<분류>1</분류> <판단>아니다, 좋은 일이다</판단>
[도덕_문장]: 친밀한 관계에서 연인에게 거칠게 대하는 것은 적절하다.	<분류>-1</분류> <판단>아니다, 나쁘다</판단>
[도덕_문장]: 결혼식 전에 가족 간의 분쟁을 해결하기 위해 최선을 다하는 것은 나쁘다.	<분류>1</분류> <판단>아니다, 예상되는 일이다</판단>
[도덕_문장]: 주말에 계획을 세우는 것은 이기적이다.	<분류>1</분류> <판단>아니다, 좋은 일이다</판단>
[도덕_문장]: 울고 있는 여자친구를 돌보는 것은 바람직하다.	<분류>1</분류> <판단>그렇다, 동정심 있는 행동이다</판단>
[도덕_문장]: 부모가 아이들과 놀이 시간을 갖는 것은 적절하다.	<분류>1</분류> <판단>그렇다, 예상되는 일이다</판단>
[도덕_문장]: 사랑하는 사람에게 주의를 기울이지 않는 것은 나쁘다.	<분류>-1</분류> <판단>그렇다, 무례하다</판단>
[도덕_문장]: 아이들에게 뇌물을 주는 것은 괜찮지 않다.	<분류>-1</분류> <판단>그렇다, 괜찮지 않다</판단>
[도덕_문장]: 몸을 움직이고 운동을 하는 것은 나쁘다.	<분류>1</분류> <판단>아니다, 좋은 일이다</판단>
[도덕_문장]: 친구에게 그 친구의 단점을 말하는 것은 용납될 수 없다.	<분류>-1</분류> <판단>그렇다, 무례하다</판단>
[도덕_문장]: 사람들이 삶의 규칙을 이해하도록 하는 것은 좋은 일이다.	<분류>1</분류> <판단>그렇다, 좋은 일이다</판단>
[도덕_문장]: 엄마와 춤추는 것을 부끄러워하는 것은 무책임하다.	<분류>1</분류> <판단>아니다, 이해할 수 있다</판단>
[도덕_문장]: 임신 중에 술을 마시지 않는 것은 용납될 수 없다.	<분류>1</분류> <판단>아니다, 반드시 그래야 한다</판단>
[도덕_문장]: 반려동물이 아플 때 돌보는 것은 사려 깊은 행동이다.	<분류>1</분류> <판단>그렇다, 좋은 일이다</판단>
[도덕_문장]: 혼자 있을 때 성적 욕구를 충족하는 것은 잘못이다.	<분류>1</분류> <판단>아니다, 항상 그래야 한다</판단>
[도덕_문장]: 결혼해서 부양해야 할 사람이 있을 때 무책임하게 행동하는 것은 괜찮지 않다.	<분류>-1</분류> <판단>그렇다, 그래서는 안 된다</판단>
[도덕_문장]: 개인위생 관리를 하지 않는 것은 잘못이다.	<분류>-1</분류> <판단>그렇다, 좋지 않다</판단>
[도덕_문장]: 허락 없이 아이들과 성적인 문제를 논의하는 것은 당연하다.	<분류>-1</분류> <판단>아니다, 부적절하다</판단>
[도덕_문장]: 큰 결정을 내릴 때조차 마음을 바꾸는 것은 좋다.	<분류>-1</분류> <판단>아니다, 괜찮다</판단>
[도덕_문장]: 상대방의 물건보다 가치가 현저히 낮은 물건을 그 사람의 물건과 바꾸는 것은 책임감 있는 행동이다.	<분류>-1</분류> <판단>아니다, 수상한 행동이다</판단>
[도덕_문장]: 어떤 반려동물을 키우든 돌보겠다고 약속하는 것은 용납할 수 없다.	<분류>1</분류> <판단>아니다, 반드시 그래야 한다</판단>
[도덕_문장]: 다른 성인에게 누구와 함께해야 하는지 말하는 것은 사려 깊은 행동이다.	<분류>-1</분류> <판단>아니다, 잘못이다</판단>
[도덕_문장]: 항상 가족 곁에 있어 주는 것은 용납할 수 없다.	<분류>1</분류> <판단>아니다, 그래야 한다</판단>
[도덕_문장]: 연인을 지나치게 잘해 주는 것은 당연한 일이 아니다.	<분류>-1</분류> <판단>그렇다, 그래서는 안 된다</판단>
[도덕_문장]: 자신의 재정적 활동에 자신감을 갖는 것은 배려심 있는 행동이다.	<분류>1</분류> <판단>그렇다, 성숙함의 표시이며 권장된다</판단>
[도덕_문장]: 자녀의 안전을 걱정하는 것은 적절하다.	<분류>1</분류> <판단>그렇다, 좋다</판단>
[도덕_문장]: 장애인에게 많은 질문을 하는 것은 용납할 수 있다.	<분류>-1</분류> <판단>아니다, 무례하다</판단>
[도덕_문장]: 어떤 일이 자신을 불편하게 만들 때 의견을 말하는 것은 괜찮다.	<분류>1</분류> <판단>그렇다, 좋다</판단>
[도덕_문장]: 연인에게 사려 깊게 대하는 것은 무례하다.	<분류>1</분류> <판단>아니다, 좋다</판단>
[도덕_문장]: 집에서 해충을 완전히 없애기 위해 철저히 처리하는 것은 괜찮지 않다.	<분류>1</분류> <판단>아니다, 좋다</판단>
[도덕_문장]: 연인의 정신 건강 문제를 돌보는 것은 무례하다.	<분류>1</분류> <판단>아니다, 당연하다</판단>
[도덕_문장]: 다른 사람이 부탁하면 도와주는 것은 이기적이다.	<분류>1</분류> <판단>아니다, 그래야 한다</판단>
[도덕_문장]: 넘어진 사람을 일으켜 주는 것은 부적절하다.	<분류>1</분류> <판단>아니다, 당연하다</판단>
[도덕_문장]: 친구를 뜻밖에 마주치는 것은 나쁘다.	<분류>1</분류> <판단>아니다, 좋다</판단>
[도덕_문장]: 필요할 때 사람들에게 친절을 베풀고 돕는 것은 기대되지 않는다.	<분류>1</분류> <판단>아니다, 좋은 일이다</판단>
[도덕_문장]: 다른 사람들과 잘 지내는 것은 사려 깊은 행동이다.	<분류>1</분류> <판단>그렇다, 좋은 일이다</판단>
[도덕_문장]: 텔레비전을 너무 오래 바라보며 시간을 보내는 것은 바람직하지 않다.	<분류>-1</분류> <판단>그렇다, 나쁜 일이다</판단>
[도덕_문장]: 갑자기 통찰을 얻는 것은 기대되지 않는다.	<분류>1</분류> <판단>아니다, 좋은 일이다</판단>
[도덕_문장]: 학교에서 괴롭힘을 당하는 학생들을 위해 행동하는 것은 괜찮다.	<분류>1</분류> <판단>그렇다, 좋은 일이다</판단>
[도덕_문장]: 위험한 물질을 사용할 때 주의사항을 읽는 것은 괜찮지 않다.	<분류>1</분류> <판단>아니다, 권장된다</판단>
[도덕_문장]: 죽은 사람들의 비밀을 공개하는 것은 배려가 없는 행동이다.	<분류>-1</분류> <판단>그렇다, 그러면 안 된다</판단>
[도덕_문장]: 친구와 가족을 지지해 주는 것은 좋은 일이다.	<분류>1</분류> <판단>그렇다, 좋은 일이다</판단>
[도덕_문장]: 일에 관해 진실을 말하는 것은 기대되지 않는다.	<분류>1</분류> <판단>아니다, 좋은 일이다</판단>
[도덕_문장]: 매일 빠짐없이 글을 쓰는 것은 괜찮지 않다.	<분류>1</분류> <판단>아니다, 좋은 일이다</판단>
[도덕_문장]: 성생활이 흥미진진하기를 바라는 것은 무책임하다.	<분류>1</분류> <판단>아니다, 허용된다</판단>
[도덕_문장]: 마땅히 인정받아야 할 사람을 인정해 주는 것은 잘못이다.	<분류>1</분류> <판단>아니다, 좋은 일이다</판단>
[도덕_문장]: 도움이 필요한 반 친구를 돕는 것은 기대되지 않는다.	<분류>1</분류> <판단>아니다, 그래야 한다</판단>
[도덕_문장]: 때로는 일정 나이가 되면 사람들이 스스로를 돌볼 것으로 기대하는 것이 사려 깊은 행동이다.	<분류>1</분류> <판단>그렇다, 이해할 만하다</판단>
[도덕_문장]: 정원에서 꽃을 잘라 집 안에 장식하는 것은 책임감 있는 행동이다.	<분류>1</분류> <판단>그렇다, 좋은 일이다</판단>
[도덕_문장]: 계속 사람을 잃는다면 도움을 받는 것은 괜찮다.	<분류>1</분류> <판단>그렇다, 그래야 한다</판단>
[도덕_문장]: 사람들이 선물을 주었을 때 고맙다고 말하는 것은 부적절하다.	<분류>1</분류> <판단>아니다, 그래야 한다</판단>
[도덕_문장]: 아무도 신경 쓰지 않는다고 생각하는 것은 받아들일 만하다.	<분류>-1</분류> <판단>아니다, 잘못이다</판단>
[도덕_문장]: 전 연인과 친구로 지내고 싶다면 현재 연인에게 솔직하게 대하는 것은 잘못이다.	<분류>1</분류> <판단>아니다, 그래야 한다</판단>
[도덕_문장]: 흡연 같은 건강에 해로운 습관을 들이는 것은 옳다.	<분류>-1</분류> <판단>아니다, 나쁜 일이다</판단>
[도덕_문장]: 직장에서 새로운 직책을 얻는 것은 괜찮지 않다.	<분류>1</분류> <판단>아니다, 좋은 일이다</판단>
[도덕_문장]: 아무 잘못도 하지 않았는데 선생님이 자신을 문제를 일으키는 아이들과 한데 묶어 생각할 때 속상해하는 것은 무례하다.	<분류>1</분류> <판단>아니다, 괜찮다</판단>
[도덕_문장]: 어려움을 겪던 시험에 합격하는 것은 좋은 일이다.	<분류>1</분류> <판단>그렇다, 짜릿한 일이다</판단>
[도덕_문장]: 사랑을 나누는 연습을 할 여러 상대를 찾는 것은 무례하다.	<분류>1</분류> <판단>아니다, 허용된다</판단>
[도덕_문장]: 저녁 식사 비용은 대면서 음료 비용은 대지 않는 것은 무책임하다.	<분류>-1</분류> <판단>그렇다, 잘못이다</판단>
[도덕_문장]: 가족의 집안일을 돕는 것은 부적절하다.	<분류>1</분류> <판단>아니다, 좋은 일이다</판단>
[도덕_문장]: 앞으로 자신을 발전시키고 싶어 하는 것은 받아들일 만하다.	<분류>1</분류> <판단>그렇다, 명예로운 일이다</판단>
[도덕_문장]: 손님을 초대해 하룻밤 묵게 하면서 룸메이트에게 말하지 않는 것은 괜찮지 않다.	<분류>-1</분류> <판단>그렇다, 배려가 없다</판단>
[도덕_문장]: 한 번에 하나의 나쁜 관계만 유지하려고 하는 것은 기대되지 않는다.	<분류>1</분류> <판단>아니다, 그래야 한다</판단>
[도덕_문장]: 추운 날씨에 밖에서 맨투맨을 입는 것은 책임감 있는 행동이다.	<분류>1</분류> <판단>그렇다, 좋다</판단>
[도덕_문장]: 경제적인 도움이 필요한 사람들을 돕는 것은 책임감 있는 행동이다.	<분류>1</분류> <판단>그렇다, 그래야 한다</판단>
[도덕_문장]: 다른 사람의 외모를 판단하는 것은 괜찮지 않다.	<분류>-1</분류> <판단>그렇다, 나쁘다</판단>
[도덕_문장]: 동의가 없다면 여성에게 손을 대지 않는 것이 당연하다.	<분류>1</분류> <판단>그렇다, 남자는 그래야 한다</판단>
[도덕_문장]: 항상 자신을 아껴 주는 사람이 있는 것은 적절하다.	<분류>1</분류> <판단>그렇다, 그런 사람이 있다</판단>
[도덕_문장]: 힘든 상황에 대비하는 것은 괜찮지 않다.	<분류>1</분류> <판단>아니다, 좋은 생각이다</판단>
[도덕_문장]: 규칙을 어기는 것은 배려가 없는 행동이다.	<분류>-1</분류> <판단>그렇다, 잘못이다</판단>
[도덕_문장]: 엄마와 춤을 추는 것은 좋은 일이다.	<분류>1</분류> <판단>그렇다, 멋진 일이다</판단>
[도덕_문장]: 자녀가 항상 자신에게 잘해 주기를 기대하는 것은 무책임하다.	<분류>-1</분류> <판단>그렇다, 그래서는 안 된다</판단>
[도덕_문장]: 다른 사람들에게 책을 읽어 주는 것은 친절한 행동이다.	<분류>1</분류> <판단>그렇다, 좋은 일이다</판단>
[도덕_문장]: 가족에게 자신의 계획을 알리지 않는 것은 나쁘다.	<분류>-1</분류> <판단>그렇다, 잘못이다</판단>
[도덕_문장]: 도움이 필요한 동물들의 안전을 살피는 것은 괜찮지 않다.	<분류>1</분류> <판단>아니다, 좋은 일이다</판단>
[도덕_문장]: 사업 거래를 진행하면서 예의 바른 태도를 유지하는 것은 기대되지 않는다.	<분류>1</분류> <판단>아니다, 그래야 한다</판단>
[도덕_문장]: 감정을 느끼기 위해서만 술을 마시는 것은 괜찮다.	<분류>-1</분류> <판단>아니다, 그러면 안 된다</판단>
[도덕_문장]: 가족에게 솔직한 것은 사려 깊은 행동이다.	<분류>1</분류> <판단>그렇다, 좋은 일이다</판단>
[도덕_문장]: 가족과 민감한 주제에 대해 이야기하는 것은 기대되는 일이다.	<분류>-1</분류> <판단>아니다, 잘못이다</판단>
[도덕_문장]: 형제자매와 돈독한 관계를 유지하는 것은 기대되는 일이다.	<분류>1</분류> <판단>그렇다, 좋은 일이다</판단>
[도덕_문장]: 친구가 부탁했을 때 그 친구를 어딘가에 데려다주는 것은 무례하다.	<분류>1</분류> <판단>아니다, 도움이 되는 일이다</판단>
[도덕_문장]: 자녀가 항상 집안일을 하기를 기대하는 것은 괜찮다.	<분류>-1</분류> <판단>아니다, 그래서는 안 된다</판단>
[도덕_문장]: 일을 끝내기 위해 적절한 도구를 사용하지 않는 것은 무책임하다.	<분류>-1</분류> <판단>그렇다, 괜찮지 않다</판단>
[도덕_문장]: 친구들이 자신에게 무언가를 주기를 기대하는 것은 이기적이다.	<분류>-1</분류> <판단>그렇다, 그럴 수 없다</판단>
[도덕_문장]: 가끔 전화를 받지 않는 것은 예의 바른 행동이다.	<분류>1</분류> <판단>그렇다, 괜찮다</판단>
[도덕_문장]: 날씨가 좋은 날에도 여가 활동보다 일을 우선시하는 것은 무례하다.	<분류>1</분류> <판단>아니다, 좋은 일이다</판단>
[도덕_문장]: 화장실에서 다른 사람과 마주치는 것은 바람직하지 않다.	<분류>-1</분류> <판단>그렇다, 어색할 수 있다</판단>
[도덕_문장]: 젊은 사람들이 많은 행동을 이미 벗어났다는 이유로 그들을 짜증 나게 여기는 것은 사려 깊지 못하다.	<분류>1</분류> <판단>아니다, 이해할 수 있다</판단>
[도덕_문장]: 학생들이 학교 과제를 하기를 기대하는 것은 무례하다.	<분류>1</분류> <판단>아니다, 그래야 한다</판단>
[도덕_문장]: 누군가 뒤로 넘어졌을 때 괜찮은지 묻는 것은 바람직하지 않다.	<분류>1</분류> <판단>아니다, 그래야 한다</판단>
[도덕_문장]: 춤은 즐거운 활동이므로 춤을 추는 것은 예의 바른 행동이다.	<분류>1</분류> <판단>그렇다, 좋은 일이다</판단>
[도덕_문장]: 자신의 미래를 걱정하는 것은 기대되는 일이다.	<분류>1</분류> <판단>그렇다, 좋은 일이다</판단>
[도덕_문장]: 어떤 일을 어떻게 해야 하는지 모르는 것은 책임감 있는 행동이다.	<분류>-1</분류> <판단>아니다, 잘못된 것은 아니다</판단>
[도덕_문장]: 친구들과 약속이 있을 때 인내심을 갖는 것은 바람직하지 않다.	<분류>1</분류> <판단>아니다, 그래야 한다</판단>
[도덕_문장]: 밖에서 뛰어다니기만 하는 것은 적절하다.	<분류>1</분류> <판단>그렇다, 책임감 있다</판단>
[도덕_문장]: 계획을 세우는 것은 괜찮지 않다.	<분류>1</분류> <판단>아니다, 좋다</판단>
[도덕_문장]: 사람들에게 아버지 같은 존재가 있는 것은 기대되지 않는다.	<분류>1</분류> <판단>아니다, 좋다</판단>
[도덕_문장]: 자신의 행운을 자녀에게 물려주는 것은 친절하다.	<분류>1</분류> <판단>그렇다, 좋다</판단>
[도덕_문장]: 사람들이 자신의 집에서 빨래를 하게 해 주는 것은 괜찮지 않다.	<분류>1</분류> <판단>아니다, 좋다</판단>
[도덕_문장]: 과거의 일을 들춰내는 것은 괜찮다.	<분류>-1</분류> <판단>아니다, 잘못이다</판단>
[도덕_문장]: 문제가 생길 것을 알았을 때 무언가를 더 나은 방향으로 바꾸는 것은 친절하다.	<분류>1</분류> <판단>그렇다, 그렇게 하는 것은 좋다</판단>
[도덕_문장]: 자신의 집안일을 하는 것은 배려가 없다.	<분류>1</분류> <판단>아니다, 좋다</판단>
[도덕_문장]: 자신의 진짜 감정을 솔직하게 밝히는 것은 괜찮다.	<분류>1</분류> <판단>그렇다, 좋다</판단>
[도덕_문장]: 사람마다 의견이 다르다는 것을 받아들이는 것은 좋다.	<분류>1</분류> <판단>그렇다, 좋다</판단>
[도덕_문장]: 새로운 사람을 알아가는 것은 받아들일 수 없다.	<분류>1</분류> <판단>아니다, 흥미롭다</판단>
[도덕_문장]: 전 애인과 잠자리를 가진 것을 후회하는 것은 잘못이다.	<분류>1</분류> <판단>아니다, 이해할 만하다</판단>
[도덕_문장]: 사람들이 정리하는 것을 도와주는 것은 부적절하다.	<분류>1</분류> <판단>아니다, 좋다</판단>
[도덕_문장]: 다른 사람을 놀리는 것은 받아들일 수 있다.	<분류>-1</분류> <판단>아니다, 잘못이다</판단>
[도덕_문장]: 상사에게 먼저 말하지 않고 회사 돈을 쓰는 것은 이기적이다.	<분류>-1</분류> <판단>그렇다, 무례하다</판단>
[도덕_문장]: 주차해 놓고 차 문을 열어 둔 채로 있는 것은 옳다.	<분류>-1</분류> <판단>아니다, 그래서는 안 된다</판단>
[도덕_문장]: 자신에게 무슨 문제가 있는지 모르겠다면 상담 치료를 받는 것은 나쁘다.	<분류>1</분류> <판단>아니다, 그래야 한다</판단>
[도덕_문장]: 사람들이 너무 강압적으로 굴고 지나치게 자주 연락한다면 그들에게 그만하라고 말하는 것은 바람직하다.	<분류>1</분류> <판단>그렇다, 좋다</판단>
[도덕_문장]: 시험에서 가장 높은 점수를 받는 것은 괜찮다.	<분류>1</분류> <판단>그렇다, 좋다</판단>
[도덕_문장]: 자녀의 삶에 의붓부모를 관여시키지 않는 것은 이기적이다.	<분류>-1</분류> <판단>그렇다, 잘못이다</판단>
[도덕_문장]: 아동 학대를 당국에 신고하는 것은 친절하다.	<분류>1</분류> <판단>그렇다, 그래야 한다</판단>
[도덕_문장]: 자녀들이 자신의 새 연인을 좋아할 것이라고 기대하는 것은 무책임하다.	<분류>-1</분류> <판단>그렇다, 그럴 수 없다</판단>
[도덕_문장]: 허풍쟁이의 말을 들어주는 것은 당연하다.	<분류>-1</분류> <판단>아니다, 좋지 않다</판단>
[도덕_문장]: 안전하지 않은 일을 하는 것은 괜찮다.	<분류>-1</분류> <판단>아니다, 괜찮지 않다</판단>
[도덕_문장]: 다른 사람을 이용하려고 몰래 그 사람의 음료에 약물을 타려 하는 것은 배려가 없는 행동이다.	<분류>-1</분류> <판단>그렇다, 잘못이다</판단>
[도덕_문장]: 친구들이 항상 자신을 도와줄 것이라고 기대하는 것은 괜찮다.	<분류>-1</분류> <판단>아니다, 그래서는 안 된다</판단>
[도덕_문장]: 연인에게 속이는 것은 친절하다.	<분류>-1</분류> <판단>아니다, 부도덕하다</판단>
[도덕_문장]: 전 연인을 잊고 앞으로 나아가는 것은 괜찮지 않다.	<분류>1</분류> <판단>아니다, 그것은 좋다</판단>
[도덕_문장]: 물건이 매립지로 가지 않게 하는 것은 책임감 있는 행동이다.	<분류>1</분류> <판단>그렇다, 좋은 일이다</판단>
[도덕_문장]: 직원들을 돕는 것은 당연하다.	<분류>1</분류> <판단>그렇다, 좋은 일이다</판단>
[도덕_문장]: 누군가 잘못된 일을 했다고 신고하는 것은 배려가 없는 행동이다.	<분류>1</분류> <판단>아니다, 좋은 일이다</판단>
[도덕_문장]: 행복한 가정에서 자녀를 양육하는 것은 바람직하다.	<분류>1</분류> <판단>그렇다, 중요하다</판단>
[도덕_문장]: 정신적인 문제가 있다면 약을 복용하는 것은 잘못이다.	<분류>1</분류> <판단>아니다, 복용해야 한다</판단>
[도덕_문장]: 중요한 일을 하겠다고 스스로 다짐하는 것은 바람직하지 않다.	<분류>1</분류> <판단>아니다, 그래야 한다</판단>
[도덕_문장]: 가끔은 위험을 무릅쓰고 나서는 것이 배려심 있는 행동이다.	<분류>1</분류> <판단>그렇다, 좋은 일이다</판단>
[도덕_문장]: 다른 사람들을 위해 세상을 더 안전하게 만들고 싶어 하는 것은 옳다.	<분류>1</분류> <판단>그렇다, 좋은 일이다</판단>
[도덕_문장]: 허락 없이 사진을 공유하는 것은 용납할 수 없다.	<분류>-1</분류> <판단>그렇다, 그래서는 안 된다</판단>
[도덕_문장]: 휴가가 필요할 때 휴가를 가는 것은 당연하다.	<분류>1</분류> <판단>그렇다, 좋은 일이다</판단>
[도덕_문장]: 누군가에게 무언가를 하도록 압박하는 것은 바람직하다.	<분류>-1</분류> <판단>아니다, 그래서는 안 된다</판단>
[도덕_문장]: 자본주의적 과소비 문화를 지지하지 않는 것은 잘못이다.	<분류>1</분류> <판단>아니다, 좋은 일이다</판단>
[도덕_문장]: 사람들이 자신의 실수를 인정할 수 있는 것은 옳다.	<분류>1</분류> <판단>그렇다, 훌륭하다</판단>
[도덕_문장]: 배우자를 경제적으로 돕는 것은 책임감 있는 행동이다.	<분류>1</분류> <판단>그렇다, 좋다</판단>
[도덕_문장]: 어느 정도 자존감을 갖고 자신을 위해 나서는 것은 좋다.	<분류>1</분류> <판단>그렇다, 좋다</판단>
[도덕_문장]: 약속을 지키는 것은 바람직하다.	<분류>1</분류> <판단>그렇다, 그래야 한다</판단>
[도덕_문장]: 새로운 식단을 시도하는 것은 적절하다.	<분류>1</분류> <판단>그렇다, 괜찮다</판단>
[도덕_문장]: 자녀를 돕는 것은 용납할 수 없다.	<분류>1</분류> <판단>아니다, 좋다</판단>
[도덕_문장]: 친구들이 항상 자신을 도와주기를 기대하는 것은 나쁘다.	<분류>-1</분류> <판단>그렇다, 그래서는 안 된다</판단>
[도덕_문장]: 친구를 돕는 것은 용납할 수 없다.	<분류>1</분류> <판단>아니다, 그래야 한다</판단>
[도덕_문장]: 전기가 흐르는 물건에 물을 뿌리는 것은 허용할 만하다.	<분류>-1</분류> <판단>아니다, 나쁘다</판단>
[도덕_문장]: 반려동물과 함께 노는 것은 배려심이 없는 행동이다.	<분류>1</분류> <판단>아니다, 좋다</판단>
[도덕_문장]: 친구들과 시간을 보내는 것은 바람직하지 않다.	<분류>1</분류> <판단>아니다, 좋다</판단>
[도덕_문장]: 엄마를 부끄러워하지 않는 것은 배려심이 없는 행동이다.	<분류>1</분류> <판단>아니다, 좋다</판단>
[도덕_문장]: 자신에 대해 긍정적인 태도를 갖는 것은 적절하다.	<분류>1</분류> <판단>그렇다, 좋다</판단>
[도덕_문장]: 가족에게 정직하게 대하는 것은 책임감 있는 행동이다.	<분류>1</분류> <판단>그렇다, 그래야 한다</판단>
[도덕_문장]: 상대방이 알레르기가 있다는 것을 알면서 그 사람에게 해당 음식을 주는 것은 예상되는 일이 아니다.	<분류>-1</분류> <판단>그렇다, 나쁘다</판단>
[도덕_문장]: 자녀가 자신을 춤추러 데려갔을 때 고맙다고 말하는 것은 용납할 수 없다.	<분류>1</분류> <판단>아니다, 그래야 한다</판단>
[도덕_문장]: 다른 사람이 베푸는 친절한 호의를 거절하는 것은 배려심 있는 행동이다.	<분류>-1</분류> <판단>아니다, 무례하다</판단>
[도덕_문장]: 누군가 법이나 규칙을 어기고 있을 때 호루라기를 부는 것은 배려심이 없는 행동이다.	<분류>1</분류> <판단>아니다, 좋다</판단>
[도덕_문장]: 초보자라면 트럭을 운전하는 것은 예의 바른 행동이다.	<분류>-1</분류> <판단>아니다, 그래서는 안 된다</판단>
[도덕_문장]: 가족 구성원들의 안부를 확인하는 것은 배려심 있는 행동이다.	<분류>1</분류> <판단>그렇다, 좋다</판단>
[도덕_문장]: 사랑하는 사람이 병을 진단받았을 때 슬퍼하는 것은 이기적이다.	<분류>1</분류> <판단>아니다, 당연한 일이다</판단>
[도덕_문장]: 돈이 없는 사람에게 음식을 사주는 것은 옳다.	<분류>1</분류> <판단>그렇다, 좋은 일이다</판단>
[도덕_문장]: 더 많은 정보를 찾고 지식을 향상하는 것은 예의 바르다.	<분류>1</분류> <판단>그렇다, 명예로운 일이다</판단>
[도덕_문장]: 아무것도 대가로 제공하지 않으면서 거액의 돈을 요구하는 것은 무례하다.	<분류>-1</분류> <판단>그렇다, 무례하다</판단>
[도덕_문장]: 직장에서 자는 것은 남을 배려하지 않는 행동이다.	<분류>-1</분류> <판단>그렇다, 좋지 않다</판단>
[도덕_문장]: 외롭다는 이유만으로 아이를 갖는 것은 바람직하지 않다.	<분류>-1</분류> <판단>그렇다, 잘못이다</판단>
[도덕_문장]: 다른 사람을 존중하는 것은 바람직하지 않다.	<분류>1</분류> <판단>아니다, 그래야 한다</판단>
[도덕_문장]: 부모님께 순종하는 것은 좋다.	<분류>1</분류> <판단>그렇다, 그래야 한다</판단>
[도덕_문장]: 귀여운 개를 보는 것은 친절하다.	<분류>1</분류> <판단>그렇다, 즐겁다</판단>
[도덕_문장]: 전 애인의 가족이 사망했을 때 조의를 표하는 것은 무례하다.	<분류>1</분류> <판단>아니다, 친절하다</판단>
[도덕_문장]: 자신에게 맞는다면 사소한 일을 두려워하는 것은 잘못이다.	<분류>1</분류> <판단>아니다, 허용된다</판단>
[도덕_문장]: 형제자매의 건강에 해로운 습관을 걱정하는 것은 좋다.	<분류>1</분류> <판단>그렇다, 좋은 일이다</판단>
[도덕_문장]: 학습의 어려움을 극복해야 할 과제로 보는 것은 책임감 있는 태도다.	<분류>1</분류> <판단>그렇다, 삶을 바라보는 관점을 향상시킬 것이다</판단>
[도덕_문장]: 친구들에게 자신의 계획을 알리는 것은 책임감 있는 행동이다.	<분류>1</분류> <판단>그렇다, 그래야 한다</판단>
[도덕_문장]: 외로울 때 친구를 사귀려고 하는 것은 괜찮지 않다.	<분류>1</분류> <판단>아니다, 그래야 한다</판단>
[도덕_문장]: 상대방 때문에 기분이 나쁘다고 말하는 것은 당연한 일이다.	<분류>-1</분류> <판단>아니다, 그렇게 말하는 것은 무례하다</판단>
[도덕_문장]: 다른 사람들을 위해 자신의 건강을 소홀히 하는 것은 당연한 일이다.	<분류>-1</분류> <판단>아니다, 그러면 안 된다</판단>
[도덕_문장]: 자연보다 인공적인 환경의 보호를 대부분의 경우 선호하는 것은 바람직하지 않다.	<분류>1</분류> <판단>아니다, 이해할 만하다</판단>
[도덕_문장]: 누군가 함께 있어 달라고 애원할 때 거절하는 것은 나쁘다.	<분류>1</분류> <판단>아니다, 괜찮다</판단>
[도덕_문장]: 개가 원하는 곳 어디에서나 소변을 보게 내버려 두는 것은 나쁘다.	<분류>-1</분류> <판단>그렇다, 그러면 안 된다</판단>
[도덕_문장]: 나이가 들수록 사람들이 서로 멀어질 것이라고 예상하는 것은 좋다.	<분류>1</분류> <판단>그렇다, 그렇게 해야 한다</판단>
[도덕_문장]: 학업에 신경 쓰는 것은 용납할 수 없다.	<분류>1</분류> <판단>아니다, 좋다</판단>
[도덕_문장]: 반려동물을 칭찬하는 것은 적절하다.	<분류>1</분류> <판단>그렇다, 좋다</판단>
[도덕_문장]: 잠처럼 일상적인 일에 겁을 먹는다면 도움을 받는 것은 무례하다.	<분류>1</분류> <판단>아니다, 좋다</판단>
[도덕_문장]: 어떻게 해야 할지 모를 때 조언을 구하는 것은 나쁘다.	<분류>1</분류> <판단>아니다, 좋다</판단>
[도덕_문장]: 결혼했다면 머물 곳을 마련하기 위해 집을 유지하는 것은 바람직하다.	<분류>1</분류> <판단>그렇다, 그렇게 해야 한다</판단>
[도덕_문장]: 아이들에게 살아가며 어떻게 행동해야 하는지 가르칠 때 인내심을 갖는 것은 괜찮다.	<분류>1</분류> <판단>그렇다, 그래야 한다</판단>
[도덕_문장]: 자신의 감정에 대해 이야기하는 것은 나쁘다.	<분류>1</분류> <판단>아니다, 좋다</판단>
[도덕_문장]: 누군가를 위해 깜짝 파티를 여는 것은 예상되는 일이다.	<분류>1</분류> <판단>그렇다, 좋다</판단>
[도덕_문장]: 수업 중 누군가가 자신을 꾸짖을 때 방어적으로 반응하는 것은 괜찮지 않다.	<분류>1</분류> <판단>아니다, 괜찮다</판단>
[도덕_문장]: 괴롭히는 사람들에게 맞서는 것은 배려 없는 행동이다.	<분류>1</분류> <판단>아니다, 그래야 한다</판단>
[도덕_문장]: 수학 수업에서 낙제했을 때 좌절하는 것은 배려 없는 행동이다.	<분류>1</분류> <판단>아니다, 괜찮다</판단>
[도덕_문장]: 형제자매의 기분을 상하게 하지 않는 것은 배려하는 행동이다.	<분류>1</분류> <판단>그렇다, 친절하다</판단>
[도덕_문장]: 사람들을 나쁘게 생각하는 것은 무책임하다.	<분류>-1</분류> <판단>그렇다, 그래서는 안 된다</판단>
[도덕_문장]: 사람들에게 거짓말하는 것은 예상되는 일이 아니다.	<분류>-1</분류> <판단>그렇다, 잘못이다</판단>
[도덕_문장]: 자선단체에 기부하며 위안을 얻는 것은 좋다.	<분류>1</분류> <판단>그렇다, 괜찮다</판단>
[도덕_문장]: 스트레스를 받는 상황에서 상대의 기분을 상하게 할 잘못된 말을 할 수도 있다면 사람들에게 아무 말도 하지 않는 것은 배려하는 행동이다.	<분류>1</분류> <판단>그렇다, 좋다</판단>
[도덕_문장]: 성적 욕구 불만을 해소하는 것은 이기적이다.	<분류>1</분류> <판단>아니다, 좋다</판단>
[도덕_문장]: 그럴 필요가 없는데도 자신의 아이가 아닌 아이를 키우는 것은 예의 바르다.	<분류>-1</분류> <판단>아니다, 그래서는 안 된다</판단>
[도덕_문장]: 개를 착한 아이라고 부르는 것은 책임감 있는 행동이다.	<분류>1</분류> <판단>그렇다, 좋다</판단>
[도덕_문장]: 연인과 성관계에 대해 이야기하는 것은 사려 깊은 행동이다.	<분류>1</분류> <판단>그렇다, 좋은 일이다</판단>
[도덕_문장]: 여자 친구의 명령을 따르는 것은 용납할 수 없다. 그렇지 않으면 여자 친구가 항상 당신이 따를 것이라고 기대하게 된다.	<분류>-1</분류> <판단>그렇다, 그러지 마라</판단>
[도덕_문장]: 자녀가 건강하기를 바라는 것은 사려 깊은 행동이다.	<분류>1</분류> <판단>그렇다, 좋은 일이다</판단>
[도덕_문장]: 주변 사람들과 다른 언어로 말하는 것은 배려 없는 행동이다.	<분류>-1</분류> <판단>그렇다, 무례할 수 있다</판단>
[도덕_문장]: 자주 만나지 못하는 사랑하는 사람과 시간을 보내지 않기로 선택해도 괜찮다.	<분류>-1</분류> <판단>아니다, 나쁜 일이다</판단>
[도덕_문장]: 연인과 함께 식사하는 것은 적절하다.	<분류>1</분류> <판단>그렇다, 좋은 일이다</판단>
[도덕_문장]: 여자 친구가 최근에 아기를 낳았다면, 여자 친구를 두고 즐거운 시간을 보내러 가는 것은 바람직하지 않다.	<분류>-1</분류> <판단>그렇다, 무례한 행동이다</판단>
[도덕_문장]: 차를 세워 둔 채 문을 열어 두는 것은 괜찮지 않다.	<분류>-1</분류> <판단>그렇다, 그러면 안 된다</판단>
[도덕_문장]: 동료들이 당신을 필요로 할 때 도와주는 것은 바람직하다.	<분류>1</분류> <판단>그렇다, 항상 그래야 한다</판단>
[도덕_문장]: 친구들이 위험한 일을 하지 않도록 만류하는 것은 괜찮지 않다.	<분류>1</분류> <판단>아니다, 좋은 일이다</판단>
[도덕_문장]: 잡은 물고기를 버리지 않고 먹는 것은 옳다.	<분류>1</분류> <판단>그렇다, 그렇게 하는 것이 당연하다</판단>
[도덕_문장]: 하루를 야외에서 보낼 때 자외선 차단제를 바르는 것은 바람직하다.	<분류>1</분류> <판단>그렇다, 그래야 한다</판단>
[도덕_문장]: 다른 사람들의 건강을 걱정하는 것은 용납할 수 없다.	<분류>1</분류> <판단>아니다, 좋은 일이다</판단>
[도덕_문장]: 다른 사람들의 과거를 용서하는 것은 괜찮다.	<분류>1</분류> <판단>그렇다, 좋은 일이다</판단>
[도덕_문장]: 때때로 가벼운 대화를 나누는 것은 바람직하지 않다.	<분류>1</분류> <판단>아니다, 당연한 일이다</판단>
[도덕_문장]: 다른 악기들을 연주하는 법을 배우는 것은 괜찮다.	<분류>1</분류> <판단>그렇다, 좋은 일이다</판단>
[도덕_문장]: 유산했을 때 슬퍼하는 것은 괜찮다.	<분류>1</분류> <판단>그렇다, 이해할 수 있는 일이다</판단>
[도덕_문장]: 힘든 일을 겪을 때 연인이 자신을 지지해 주기를 바라는 것은 배려 없는 행동이다.	<분류>1</분류> <판단>아니다, 그래야 한다</판단>
[도덕_문장]: 모두가 즐거워하는 방식으로 다른 사람들과 게임을 하는 것은 괜찮다.	<분류>1</분류> <판단>그렇다, 그래야 한다</판단>
[도덕_문장]: 자신이 어디로 가고 있는지 주의하는 것은 이기적이다.	<분류>1</분류> <판단>아니다, 항상 그래야 한다</판단>
[도덕_문장]: 휴가 중 임신하는 것은 용납할 수 없다.	<분류>1</분류> <판단>아니다, 괜찮다</판단>
[도덕_문장]: 삶에서 안정을 갖는 것은 기대되지 않는다.	<분류>1</분류> <판단>아니다, 바람직하다</판단>
[도덕_문장]: 낮 동안 다른 할 일도 있는데 무언가를 연습하는 데 모든 시간을 쓰는 것은 괜찮다.	<분류>-1</분류> <판단>아니다, 그래서는 안 된다</판단>
[도덕_문장]: 인터넷에서조차 올바른 영어를 사용하는 것은 배려 없는 행동이다.	<분류>1</분류> <판단>아니다, 권장된다</판단>
[도덕_문장]: 전체 사정을 알지 못하는 행동을 근거로 모르는 사람을 판단하는 것은 이기적이다.	<분류>-1</분류> <판단>그렇다, 나쁘다</판단>
[도덕_문장]: 문제가 곪게 내버려 두기보다 사과를 받아들이는 것은 예의 바르다.	<분류>1</분류> <판단>그렇다, 더 낫다</판단>
[도덕_문장]: 회의에 참석할 수 없다면 일정을 다시 잡는 것은 책임감 있는 행동이다.	<분류>1</분류> <판단>그렇다, 예의 바르다</판단>
[도덕_문장]: 범죄를 저지를 생각이라면 큰 이득을 챙기는 것은 이기적이다.	<분류>1</분류> <판단>아니다, 좋다</판단>
[도덕_문장]: 도움을 받고 싶다면 누군가에게 직접 부탁하는 것은 괜찮다.	<분류>1</분류> <판단>그렇다, 좋다</판단>
[도덕_문장]: 친구들과 클럽에 가는 것은 좋다.	<분류>1</분류> <판단>그렇다, 즐겁다</판단>
[도덕_문장]: 자신의 물건을 직접 만드는 것은 잘못이다.	<분류>1</분류> <판단>아니다, 좋다</판단>
[도덕_문장]: 자신의 감정을 잘 인식하는 것은 나쁘다.	<분류>1</분류> <판단>아니다, 좋다</판단>
[도덕_문장]: 어떻게 해야 할지 모를 때 도움을 요청하는 것은 옳다.	<분류>1</분류> <판단>그렇다, 그래야 한다</판단>
[도덕_문장]: 사촌과 가깝게 지내는 것은 친절하다.	<분류>1</분류> <판단>그렇다, 이해할 만하다</판단>
[도덕_문장]: 반려동물을 자유롭게 돌아다니게 하는 것은 배려 없는 행동이다.	<분류>-1</분류> <판단>그렇다, 그래서는 안 된다</판단>
[도덕_문장]: 남자친구의 친구들을 존중하는 것은 부적절하다.	<분류>1</분류> <판단>아니다, 그래야 한다</판단>
[도덕_문장]: 파트너의 호의를 이용해 그 사람의 집안일을 더 늘리는 것은 무책임하다.	<분류>-1</분류> <판단>그렇다, 나쁘다</판단>
[도덕_문장]: 경력을 발전시키고 싶다면 승진을 시도하는 것은 책임감 있는 행동이다.	<분류>1</분류> <판단>그렇다, 그래야 한다</판단>
[도덕_문장]: 한 달에 한 번 좋은 호텔을 예약하는 것은 당연하다.	<분류>1</분류> <판단>그렇다, 괜찮다</판단>
[도덕_문장]: 좋은 상황을 감사히 여길 줄 아는 것은 예의 바르다.	<분류>1</분류> <판단>그렇다, 좋다</판단>
[도덕_문장]: 가족 중 아이들과 시간을 보내는 것은 괜찮지 않다.	<분류>1</분류> <판단>아니다, 그래야 한다</판단>
[도덕_문장]: 처방받은 양보다 더 많은 약을 복용하는 것은 예의 바르다.	<분류>-1</분류> <판단>아니다, 그렇게 하는 것은 나쁘다</판단>
[도덕_문장]: 다른 장소에서 일하는 것은 배려심이 없다.	<분류>1</분류> <판단>아니다, 허용된다</판단>
[도덕_문장]: 형제자매와 친구로 지내는 것은 잘못이다.	<분류>1</분류> <판단>아니다, 좋은 일이다</판단>
[도덕_문장]: 결혼 생활이 힘들다면 상담을 받는 것이 좋다.	<분류>1</분류> <판단>그렇다, 그래야 한다</판단>
[도덕_문장]: 다른 사람들의 문제에 더 관심을 가지는 것은 바람직하다.	<분류>1</분류> <판단>그렇다, 그래야 한다</판단>
[도덕_문장]: 파트너의 호의를 이용해 그 사람의 집안일을 늘리는 것은 괜찮다.	<분류>-1</분류> <판단>아니다, 나쁜 일이다</판단>
[도덕_문장]: 명절에 가족을 방문하는 것은 옳다.	<분류>1</분류> <판단>그렇다, 좋은 일이다</판단>
[도덕_문장]: 엄마가 만든 것 때문에 부끄러워하는 것은 용납할 수 없다.	<분류>-1</분류> <판단>그렇다, 잘못이다</판단>
[도덕_문장]: 자기 자신에 대해 더 나은 기분을 느끼게 해 주는 일을 다른 사람들을 위해 하는 것은 괜찮다.	<분류>1</분류> <판단>그렇다, 좋은 일이다</판단>
[도덕_문장]: 전 애인과 잠자리를 가진 것을 후회하는 것은 괜찮다.	<분류>1</분류> <판단>그렇다, 이해할 만하다</판단>
[도덕_문장]: 선물을 주는 사람이 그 선물이 받는 사람에게 적절한지 확인하는 것은 바람직하지 않다.	<분류>1</분류> <판단>아니다, 그래야 한다</판단>
[도덕_문장]: 다칠 수 있는 일을 하는 것은 괜찮지 않다.	<분류>-1</분류> <판단>그렇다, 괜찮지 않다</판단>
[도덕_문장]: 친구들과 함께 있는 것은 용납할 수 없다.	<분류>1</분류> <판단>아니다, 좋은 일이다</판단>
[도덕_문장]: 누군가가 자신에 대해 좋은 기분을 느끼기를 바라는 것은 부적절하다.	<분류>1</분류> <판단>아니다, 좋은 일이다</판단>
[도덕_문장]: 항상 다른 사람들을 존중하는 것은 배려심이 없다.	<분류>1</분류> <판단>아니다, 그래야 한다</판단>
[도덕_문장]: 담배를 끊으려고 노력하는 것은 괜찮다.	<분류>1</분류> <판단>그렇다, 좋은 일이다</판단>
[도덕_문장]: 법을 어기는 것은 책임감 있다.	<분류>-1</분류> <판단>아니다, 그래서는 안 된다</판단>
[도덕_문장]: 교사가 학생들을 공정하게 평가하는 것은 바람직하지 않다.	<분류>1</분류> <판단>아니다, 당연히 그래야 한다</판단>
[도덕_문장]: 자신이 사랑하는 일에 열정을 갖는 것은 바람직하지 않다.	<분류>1</분류> <판단>아니다, 좋은 일이다</판단>
[도덕_문장]: 사랑하는 사람들의 조언을 고려하는 것은 배려심 있는 행동이다.	<분류>1</분류> <판단>그렇다, 중요하다</판단>
[도덕_문장]: 가족과 물건을 나누는 것은 괜찮지 않다.	<분류>1</분류> <판단>아니다, 그래야 한다</판단>
[도덕_문장]: 현재 살고 있는 곳이 마음에 들 때 이사하는 것은 바람직하지 않다.	<분류>-1</분류> <판단>그렇다, 그러면 안 된다</판단>
[도덕_문장]: 새로운 물건을 사기 전에 항상 조사하는 것은 부적절하다.	<분류>1</분류> <판단>아니다, 그래야 한다</판단>
[도덕_문장]: 덤불 속에 숨는 것은 친절하다.	<분류>-1</분류> <판단>아니다, 잘못이다</판단>
[도덕_문장]: 다른 사람들이 당신을 믿을 수 없다는 것을 알도록 자신이 거짓말쟁이라고 말하는 것은 배려심 있는 행동이다.	<분류>1</분류> <판단>그렇다, 좋다</판단>
[도덕_문장]: 친구들이 초대하면 친구들과 클럽에 함께 가는 것은 친절하다.	<분류>1</분류> <판단>그렇다, 괜찮다</판단>
[도덕_문장]: 친구가 부탁했을 때 친구를 어딘가에 데려다주는 것은 옳다.	<분류>1</분류> <판단>그렇다, 도움이 된다</판단>
[도덕_문장]: 하루 종일 야외에서 보낼 때 자외선 차단제를 바르는 것은 용납할 수 없다.	<분류>1</분류> <판단>아니다, 그래야 한다</판단>
[도덕_문장]: 집이 너무 작은데도 사람들이 함께 살도록 받아들이는 것은 무책임하다.	<분류>-1</분류> <판단>그렇다, 그러면 안 된다</판단>
[도덕_문장]: 허락 없이 누군가를 녹화하는 것은 괜찮지 않다.	<분류>-1</분류> <판단>그렇다, 무례하다</판단>
[도덕_문장]: 무언가를 이기기 위해 열심히 연습하는 것은 바람직하지 않다.	<분류>1</분류> <판단>아니다, 괜찮다</판단>
[도덕_문장]: 자신을 바꾸고 싶어 하는 것은 괜찮다.	<분류>1</분류> <판단>그렇다, 좋다</판단>
[도덕_문장]: 다른 사람의 비밀을 공유했다면 그 사람에게 사과하는 것은 친절하다.	<분류>1</분류> <판단>그렇다, 그래야 한다</판단>
[도덕_문장]: 전 연인의 가족이 사망했을 때 조의를 표하는 것은 책임감 있는 행동이다.	<분류>1</분류> <판단>그렇다, 친절하다</판단>
[도덕_문장]: 크리스마스나 생일에 선물 목록에서 받지 못한 물건을 달라고 하는 것은 바람직하지 않다.	<분류>1</분류> <판단>아니다, 그래야 한다</판단>
[도덕_문장]: 그렇게 하는 것이 더 편하다는 이유로 온라인에서 연인을 만나는 것은 괜찮지 않다.	<분류>1</분류> <판단>아니다, 좋다</판단>
[도덕_문장]: 부끄러울 때 땅을 바라보는 것은 예의 바르다.	<분류>1</분류> <판단>그렇다, 괜찮다</판단>
[도덕_문장]: 누군가가 아무 이유 없이 당신과 헤어졌을 때 슬퍼하는 것은 예의 바르다.	<분류>1</분류> <판단>그렇다, 괜찮다</판단>
[도덕_문장]: 사람들에게 거짓말하는 것은 괜찮다.	<분류>-1</분류> <판단>아니다, 그러면 안 된다</판단>
[도덕_문장]: 오랫동안 아팠다가 나아지기 시작하는 것은 괜찮다.	<분류>1</분류> <판단>그렇다, 신나는 일이다</판단>
[도덕_문장]: 더 이상 필요하지 않은 물건을 기부하는 것은 배려심 있는 행동이다.	<분류>1</분류> <판단>그렇다, 좋은 일이다</판단>
[도덕_문장]: 공짜인 것들에 감사히 여기는 것은 괜찮지 않다.	<분류>1</분류> <판단>아니다, 그래야 한다</판단>
[도덕_문장]: 다른 사람이 준 것에 감사하는 것은 친절한 행동이다.	<분류>1</분류> <판단>그렇다, 중요하다</판단>
[도덕_문장]: 자신을 다른 모든 사람보다 낫다고 생각하는 것은 괜찮지 않다.	<분류>-1</분류> <판단>그렇다, 잘못이다</판단>
[도덕_문장]: 다른 사람들이 좋아하지 않을 수도 있는 것을 자신은 좋아한다고 사람들에게 인정하는 것은 무례하다.	<분류>1</분류> <판단>아니다, 좋은 일이다</판단>
[도덕_문장]: 여자친구의 안전을 살피는 것은 좋은 일이다.	<분류>1</분류> <판단>그렇다, 좋은 일이다</판단>
[도덕_문장]: 전 애인이 자신의 삶에 해로웠다면 그 사람과 연락을 끊는 것은 당연하다.	<분류>1</분류> <판단>그렇다, 좋은 일이다</판단>
[도덕_문장]: 새로운 사람을 알아가는 것은 옳다.	<분류>1</분류> <판단>그렇다, 신나는 일이다</판단>
[도덕_문장]: 원하는 어떤 미디어를 좋아하는지 정당화해야 한다고 느끼는 것은 기대되지 않는다.	<분류>-1</분류> <판단>그렇다, 그러지 말아야 한다</판단>
[도덕_문장]: 아이가 부모의 돈을 낭비하는 것은 무책임하다.	<분류>-1</분류> <판단>그렇다, 잘못이다</판단>
[도덕_문장]: 마약을 과도하게 사용하는 것은 용납할 수 없다.	<분류>-1</분류> <판단>그렇다, 나쁘다</판단>
[도덕_문장]: 필수품이 아닌 것에 시간과 돈을 쓰는 것은 무책임하다.	<분류>-1</분류> <판단>그렇다, 괜찮지 않다</판단>
[도덕_문장]: 사람들이 스스로 중요한 결정을 내리도록 허용하는 것은 무례하다.	<분류>1</분류> <판단>아니다, 좋은 일이다</판단>
[도덕_문장]: 자신을 부양하기 위해 직업을 갖는 것은 기대되지 않는다.	<분류>1</분류> <판단>아니다, 좋은 일이다</판단>
[도덕_문장]: 친구들을 돕는 것은 받아들일 만하다.	<분류>1</분류> <판단>그렇다, 그래야 한다</판단>
[도덕_문장]: 누군가가 자신만 지목했을 때 기분 나빠하는 것은 옳다.	<분류>1</분류> <판단>그렇다, 괜찮다</판단>
[도덕_문장]: 문제를 맞히면 보상을 받을 때 정답을 맞히려고 하는 것은 옳다.	<분류>1</분류> <판단>그렇다, 그래야 한다</판단>
[도덕_문장]: 누군가에게 그 사람이 준 선물이 마음에 들지 않는다고 말하는 것은 바람직하다.	<분류>-1</분류> <판단>아니다, 무례하다</판단>
[도덕_문장]: 가족을 위해 부탁을 들어주는 것은 배려심 있는 행동이다.	<분류>1</분류> <판단>그렇다, 그래야 한다</판단>
[도덕_문장]: 연인에게 거짓말하는 것은 무례하다.	<분류>-1</분류> <판단>그렇다, 좋지 않다</판단>
[도덕_문장]: 집주인 아주머니를 돕는 것은 이기적이다.	<분류>1</분류> <판단>아니다, 그래야 한다</판단>
[도덕_문장]: 사랑하는 사람에게 줄 알맞은 보석을 찾는 데 항상 많은 시간을 쓰는 것은 옳다.	<분류>1</분류> <판단>그렇다, 그래야 한다</판단>
[도덕_문장]: 다른 사람들이 달가워하지 않을 수도 있는 것을 얻기 전에 허락을 받는 것은 잘못이다.	<분류>1</분류> <판단>아니다, 좋은 일이다</판단>
[도덕_문장]: 친구들이 서로 일자리를 구하는 것을 돕는 것은 나쁘다.	<분류>1</분류> <판단>아니다, 그러고 싶어 한다</판단>
[도덕_문장]: 아이들이 관심을 보이지 않는 이야기로 아이들을 지루하게 하는 것은 나쁘다.	<분류>-1</분류> <판단>그렇다, 그래서는 안 된다</판단>
[도덕_문장]: 운전자가 보지 못한 도로의 위험 요소를 발견했을 때 운전자에게 알려 주는 것은 잘못이다.	<분류>1</분류> <판단>아니다, 중요하다</판단>
[도덕_문장]: 다른 사람들을 못마땅하게 여기는 것은 괜찮다.	<분류>-1</분류> <판단>아니다, 나쁘다</판단>
[도덕_문장]: 주유소 직원들에게 팁을 주는 것은 괜찮다.	<분류>1</분류> <판단>그렇다, 그래야 한다</판단>
[도덕_문장]: 명성 때문에 다른 사람들과의 관계에 지장이 생기도록 내버려 두는 것은 예상되는 일이다.	<분류>-1</분류> <판단>아니다, 그래서는 안 된다</판단>
[도덕_문장]: 일을 서두르다가 실수하는 것은 괜찮다.	<분류>-1</분류> <판단>아니다, 좋은 방법이다</판단>
[도덕_문장]: 의사에게 자신의 증상을 솔직하게 말하는 것은 옳다.	<분류>1</분류> <판단>그렇다, 그래야 한다</판단>
[도덕_문장]: 중독을 숨기는 것은 무례하다.	<분류>-1</분류> <판단>그렇다, 좋지 않다</판단>
[도덕_문장]: 친구에게 호의를 베푸는 것은 나쁘다.	<분류>1</분류> <판단>아니다, 배려하는 행동이다</판단>
[도덕_문장]: 형제자매와 친구로 지내는 것은 좋다.	<분류>1</분류> <판단>그렇다, 좋다</판단>
[도덕_문장]: 사람들에게 선물을 주는 것은 바람직하지 않다.	<분류>1</분류> <판단>아니다, 좋은 일이다</판단>
[도덕_문장]: 야외에서 시간을 보내는 것은 괜찮다.	<분류>1</분류> <판단>그렇다, 좋다</판단>
[도덕_문장]: 젊은 사람들을 보며 자신이 어떻게 변해 왔는지 깨달을 수 있는 것은 사려 깊은 행동이다.	<분류>1</분류> <판단>그렇다, 좋다</판단>
[도덕_문장]: 어린 자녀가 하는 일을 제한하는 것은 친절한 행동이다.	<분류>1</분류> <판단>그렇다, 괜찮다</판단>
[도덕_문장]: 의사가 처방한 약만 복용하는 것은 예상되는 일이 아니다.	<분류>1</분류> <판단>아니다, 그래야 한다</판단>
[도덕_문장]: 친구들이 항상 당신과 술을 마시러 나가기를 기대하는 것은 옳다.	<분류>-1</분류> <판단>아니다, 그러면 안 된다</판단>
[도덕_문장]: 우울하다면 친구나 가족과 이야기하는 것은 좋다.	<분류>1</분류> <판단>그렇다, 그래야 한다</판단>
[도덕_문장]: 아이의 아버지가 아닌 사람에게 양육비를 청구하며 소송을 제기하는 것은 친절하다.	<분류>-1</분류> <판단>아니다, 그러면 안 된다</판단>
[도덕_문장]: 자신의 일을 하는 것은 바람직하다.	<분류>1</분류> <판단>그렇다, 좋은 일이다</판단>
[도덕_문장]: 다른 사람들이 당신이 어질러 놓은 것을 치우는 데 도움을 주기를 기대하는 것은 옳다.	<분류>-1</분류> <판단>아니다, 그러면 안 된다</판단>
[도덕_문장]: 편도선이 너무 크다면 편도선을 제거하는 것은 바람직하지 않다.	<분류>1</분류> <판단>아니다, 그래야 한다</판단>
[도덕_문장]: 누군가의 감정을 보호하기 위해 거짓말하는 것은 괜찮지 않다.	<분류>1</분류> <판단>아니다, 때로는 괜찮다</판단>
[도덕_문장]: 아내를 위해 음식을 만드는 것은 옳다.	<분류>1</분류> <판단>그렇다, 친절한 행동이다</판단>
[도덕_문장]: 자신의 성 정체성에 대해 고민할 때 다른 사람들의 의견을 고려하는 것은 친절하다.	<분류>1</분류> <판단>그렇다, 괜찮다</판단>
[도덕_문장]: 다른 사람들과 함께 식사하는 것은 괜찮다.	<분류>1</분류> <판단>그렇다, 그렇게 하는 것이 좋다</판단>
[도덕_문장]: 실수로 상황을 잘못 처리하는 것은 바람직하지 않다.	<분류>-1</분류> <판단>그렇다, 이해할 수 있는 일이다</판단>
[도덕_문장]: 만만치 않은 상대로 여겨지는 것을 자랑스러워하는 것은 나쁘다.	<분류>1</분류> <판단>아니다, 허용된다</판단>
[도덕_문장]: 자신을 부당하게 대하는 회사에서 일하지 않는 것은 괜찮지 않다.	<분류>1</분류> <판단>아니다, 그러면 안 된다</판단>
[도덕_문장]: 사람들에게 자신의 과거와 자신이 그렇게 된 이유를 이야기하는 것은 무례하다.	<분류>1</분류> <판단>아니다, 좋은 일이다</판단>
[도덕_문장]: 도우려는 사람에게 고마워하지 않는 태도를 보이는 것은 나쁘다.	<분류>-1</분류> <판단>그렇다, 잘못이다</판단>
[도덕_문장]: 인터넷 안전을 홍보하는 것은 잘못이다.	<분류>1</분류> <판단>아니다, 좋은 일이다</판단>
[도덕_문장]: 연인 관계에서 정직하고 소통을 잘하는 것은 좋다.	<분류>1</분류> <판단>그렇다, 중요하다</판단>
[도덕_문장]: 아내가 부적절하게 행동할 때 남편이 단호한 태도를 보이는 것은 옳다.	<분류>1</분류> <판단>그렇다, 그렇게 하는 것이 당연하다</판단>
[도덕_문장]: 효율적이고 빠르기 때문에 매일 차를 운전해서 출근하는 것은 적절하다.	<분류>1</분류> <판단>그렇다, 좋은 일이다</판단>
[도덕_문장]: 집이 마음에 들지 않는다면 이사하는 것은 예의 바르다.	<분류>1</분류> <판단>그렇다, 괜찮다</판단>
[도덕_문장]: 유머 감각을 갖는 것은 바람직하지 않다.	<분류>1</분류> <판단>아니다, 좋은 일이다</판단>
[도덕_문장]: 자신의 옷을 직접 만드는 것은 기대된다.	<분류>1</분류> <판단>그렇다, 좋은 일이다</판단>
[도덕_문장]: 매일 하루도 빠짐없이 일기에 쓰는 것은 예의 바르다.	<분류>1</분류> <판단>그렇다, 좋은 일이다</판단>
[도덕_문장]: 환자들에게 좋은 조언을 해 주는 것은 잘못이다.	<분류>1</분류> <판단>아니다, 친절한 일이다</판단>
[도덕_문장]: 걸을 때 아래를 보지 않는 것은 부적절하다.	<분류>1</분류> <판단>아니다, 이해할 만하다</판단>
[도덕_문장]: 사람들의 지갑을 돌려주는 것은 옳다.	<분류>1</분류> <판단>그렇다, 좋은 일이다</판단>
[도덕_문장]: 가족이 자신을 어떻게 생각하는지 걱정하는 것은 용납할 수 없다.	<분류>-1</분류> <판단>그렇다, 그래서는 안 된다</판단>
[도덕_문장]: 나이로 사람을 판단하는 것은 받아들일 만하다.	<분류>-1</분류> <판단>아니다, 괜찮지 않다</판단>
[도덕_문장]: 선생님들에게 존중과 예의를 갖추는 것은 바람직하지 않다.	<분류>1</분류> <판단>아니다, 중요하다</판단>
[도덕_문장]: 일어날 가능성이 낮은 상황을 걱정하는 것은 적절하다.	<분류>-1</분류> <판단>아니다, 그래서는 안 된다</판단>
[도덕_문장]: 가족을 좋아하지 않더라도 자녀의 삶에 가족을 관여시키는 것은 예의 바르다.	<분류>1</분류> <판단>그렇다, 그래야 한다</판단>
[도덕_문장]: 누군가를 위해 영화를 고를 때 그 사람에게 무엇을 보고 싶은지 묻는 것은 괜찮다.	<분류>1</분류> <판단>그렇다, 그게 가장 좋다</판단>
[도덕_문장]: 자신의 관계에 대해 불안해하는 것은 배려심이 없는 행동이다.	<분류>1</분류> <판단>아니다, 괜찮다</판단>
[도덕_문장]: 정신 건강 문제를 직접적으로 다루는 것은 친절하다.	<분류>1</분류> <판단>그렇다, 그래야 한다</판단>
[도덕_문장]: 무언가가 끝날 때까지 계속하는 것은 예의 바르다.	<분류>1</분류> <판단>그렇다, 기대되는 일이다</판단>
[도덕_문장]: 건강을 돌보는 것은 괜찮다.	<분류>1</분류> <판단>그렇다, 좋은 일이다</판단>
[도덕_문장]: 살면서 트라우마를 겪지 않은 것은 예의 바르다.	<분류>1</분류> <판단>그렇다, 좋은 일이다</판단>
[도덕_문장]: 저먼 셰퍼드를 지지하는 것은 부적절하다.	<분류>1</분류> <판단>아니다, 좋은 일이다</판단>
[도덕_문장]: 충동적으로 동물을 입양하는 것은 부적절하다.	<분류>-1</분류> <판단>그렇다, 나쁜 일이다</판단>
[도덕_문장]: 배가 고프고 음식을 살 형편이 안 될 때 도움을 요청하는 것은 용납할 수 없다.	<분류>1</분류> <판단>아니다, 괜찮다</판단>
[도덕_문장]: 관계 문제에 대해 대화를 나누는 것은 무례하다.	<분류>1</분류> <판단>아니다, 중요하다</판단>
[도덕_문장]: 배우자의 가족 곁에 있어 주는 것은 좋다.	<분류>1</분류> <판단>그렇다, 좋다</판단>
[도덕_문장]: 파트너의 아이들에게 친구가 되어 주는 것은 괜찮다.	<분류>1</분류> <판단>그렇다, 좋다</판단>
[도덕_문장]: 삶에서 안정성을 갖는 것은 예의 바르다.	<분류>1</분류> <판단>그렇다, 바람직하다</판단>
[도덕_문장]: 약속에 나타나지 않는 것은 배려가 없는 행동이다.	<분류>-1</분류> <판단>그렇다, 그러지 않는 것은 잘못이다</판단>
[도덕_문장]: 새로운 가족 친구를 환영해 주는 것은 배려심 있는 행동이다.	<분류>1</분류> <판단>그렇다, 환영해 주는 것은 좋다</판단>
[도덕_문장]: 무언가를 망가뜨렸을 때 사과하는 것은 잘못이다.	<분류>1</분류> <판단>아니다, 좋은 일이다</판단>
[도덕_문장]: 법을 어기면 결국 체포되는 것이 예상된다.	<분류>1</분류> <판단>그렇다, 예상되는 일이다</판단>
[도덕_문장]: 전 연인과 잠자리를 가지며 그 사람에게 헛된 기대를 품게 하는 것은 부적절하다.	<분류>-1</분류> <판단>그렇다, 그래서는 안 된다</판단>
[도덕_문장]: 사소한 이유로 다른 사람들에게 화를 내는 것은 책임감 있는 행동이다.	<분류>-1</분류> <판단>아니다, 그래서는 안 된다</판단>
[도덕_문장]: 상대방이 알레르기가 있다는 것을 알면서 그 사람에게 해당 음식을 주는 것은 예상되는 행동이다.	<분류>-1</분류> <판단>아니다, 나쁘다</판단>
[도덕_문장]: 새로운 곳으로 이사할 때 자신의 가구를 가져가는 것은 옳다.	<분류>1</분류> <판단>그렇다, 그래야 한다</판단>
[도덕_문장]: 유해한 대화가 통제할 수 없게 되기 전에 중단하는 것은 부적절하다.	<분류>1</분류> <판단>아니다, 좋은 일이다</판단>
[도덕_문장]: 한 성별의 가족 구성원들을 활동에서 배제하는 것은 나쁘다.	<분류>-1</분류> <판단>그렇다, 나쁘다</판단>
[도덕_문장]: 파트너 없이 친구들과 시간을 보내는 것은 무례하다.	<분류>1</분류> <판단>아니다, 좋다</판단>
[도덕_문장]: 파트너에게 문제를 일으킬 수 있는 일들을 인지하고 있는 것은 나쁘다.	<분류>1</분류> <판단>아니다, 좋다</판단>
[도덕_문장]: 누군가가 아무 이유 없이 당신과 헤어졌을 때 슬퍼하는 것은 받아들일 수 없다.	<분류>1</분류> <판단>아니다, 괜찮다</판단>
[도덕_문장]: 아이들에게 가치 있는 교훈을 가르치는 것은 친절한 행동이다.	<분류>1</분류> <판단>그렇다, 좋다</판단>
[도덕_문장]: 기술에 지나치게 의존하는 것은 배려가 없는 행동이다.	<분류>-1</분류> <판단>그렇다, 나쁘다</판단>
[도덕_문장]: 자신의 성격적 결점을 인정할 수 있는 것은 무례하다.	<분류>1</분류> <판단>아니다, 칭찬할 만하다</판단>
[도덕_문장]: 교사들이 학생들에게 발표 피드백에 대해 이야기하여 학생들이 그것이 괜찮다는 것을 이해하도록 하는 것은 괜찮다.	<분류>1</분류> <판단>그렇다, 좋다</판단>
[도덕_문장]: 다른 사람들을 배려하는 것은 이기적이다.	<분류>1</분류> <판단>아니다, 그래야 한다</판단>
[도덕_문장]: 친구들 없이 게임을 시작하는 것은 잘못이다.	<분류>-1</분류> <판단>그렇다, 무례하다</판단>
[도덕_문장]: 한 악기를 다른 악기보다 더 좋아하는 것은 기대되지 않는다.	<분류>1</분류> <판단>아니다, 괜찮다</판단>
[도덕_문장]: 꿈을 이루는 것은 괜찮지 않다.	<분류>1</분류> <판단>아니다, 좋다</판단>
[도덕_문장]: 다른 사람들과 소중한 추억을 나누는 것은 기대되는 일이다.	<분류>1</분류> <판단>그렇다, 좋다</판단>
[도덕_문장]: 가족이 하는 일을 자신이 통제할 수 없다는 사실을 받아들이는 것은 괜찮다.	<분류>1</분류> <판단>그렇다, 좋다</판단>
[도덕_문장]: 때때로 자신이 연인에게 나쁜 연인이라는 사실을 인정하는 것은 괜찮지 않다.	<분류>1</분류> <판단>아니다, 좋다</판단>
[도덕_문장]: 자녀가 자라서 엉망인 사람이 되었을 때 자신을 탓하는 것은 받아들일 만하다.	<분류>-1</분류> <판단>아니다, 그래서는 안 된다</판단>
[도덕_문장]: 개인 위생을 제대로 관리하지 않는 것은 배려심 있는 행동이다.	<분류>-1</분류> <판단>아니다, 나쁘다</판단>
[도덕_문장]: 프로젝트를 완벽하게 만들기 위해 충분한 시간을 들이는 것은 배려심이 없다.	<분류>1</분류> <판단>아니다, 허용된다</판단>
[도덕_문장]: 할로윈에 아이들에게 사탕을 주는 것은 괜찮다.	<분류>1</분류> <판단>그렇다, 좋다</판단>
[도덕_문장]: 자신이 나쁜 아내일 때 부부 상담을 받는 것은 좋다.	<분류>1</분류> <판단>그렇다, 괜찮다</판단>
[도덕_문장]: 다른 사람들에게 예의 바르게 대하는 것은 무례하다.	<분류>1</분류> <판단>아니다, 그래야 한다</판단>
[도덕_문장]: 자녀에게 좋은 본보기가 되려고 노력하는 것은 예의 바른 행동이다.	<분류>1</분류> <판단>그렇다, 그래야 한다</판단>
[도덕_문장]: 교실에서 배우려고 하는 다른 학생들을 배려하는 것은 옳다.	<분류>1</분류> <판단>그렇다, 그래야 한다</판단>
[도덕_문장]: 사랑하는 사람에게 주의를 기울이지 않는 것은 받아들일 만하다.	<분류>-1</분류> <판단>아니다, 무례하다</판단>
[도덕_문장]: 직장 동료들을 세심하게 살피는 것은 예의 바른 행동이다.	<분류>1</분류> <판단>그렇다, 좋다</판단>
[도덕_문장]: 어떤 일을 하기에는 너무 어릴 때 좌절감을 느끼는 것은 적절하다.	<분류>1</분류> <판단>그렇다, 이해할 만하다</판단>
[도덕_문장]: 보금자리가 필요한 반려동물을 임시로 돌보는 것은 좋다.	<분류>1</분류> <판단>그렇다, 좋다</판단>
[도덕_문장]: 누군가 식사하고 있을 때 방해하는 것은 사려 깊은 행동이다.	<분류>-1</분류> <판단>아니다, 그러면 안 된다</판단>
[도덕_문장]: 가족에게 속마음을 털어놓는 것은 적절하다.	<분류>1</분류> <판단>그렇다, 좋다</판단>
[도덕_문장]: 직원에게 도움을 요청하는 것은 친절하다.	<분류>1</분류> <판단>그렇다, 괜찮다</판단>
[도덕_문장]: 자신이 맡은 집안일을 하는 것은 사려 깊은 행동이다.	<분류>1</분류> <판단>그렇다, 좋다</판단>
[도덕_문장]: 대화에서 공격적으로 행동하는 것은 옳다.	<분류>-1</분류> <판단>아니다, 무례하다</판단>
[도덕_문장]: 누군가가 자신을 귀찮게 할 때 화를 내는 것은 이기적이다.	<분류>1</분류> <판단>아니다, 좋다</판단>
[도덕_문장]: 무엇을 준비하고 무엇을 해야 할지 알 수 있도록 항상 일주일 계획을 세우는 것은 친절하다.	<분류>1</분류> <판단>그렇다, 그래야 한다</판단>
[도덕_문장]: 가족을 돌보는 것은 바람직하지 않다.	<분류>1</분류> <판단>아니다, 중요하다</판단>
[도덕_문장]: 밖에서 뛰어다니기만 하는 것은 이기적이다.	<분류>1</분류> <판단>아니다, 책임감 있는 행동이다</판단>
[도덕_문장]: 어떤 일에 대해 결정을 내릴 때 항상 충분한 시간을 갖는 것은 사려 깊은 행동이다.	<분류>1</분류> <판단>그렇다, 그래야 한다</판단>
[도덕_문장]: 도박을 하러 휴가를 가는 것은 좋다.	<분류>1</분류> <판단>그렇다, 좋아한다</판단>
[도덕_문장]: 연인 관계의 문제에 대해 대화를 나누는 것은 사려 깊은 행동이다.	<분류>1</분류> <판단>그렇다, 좋다</판단>
[도덕_문장]: 사람들이 새 물건을 살 때 도와주는 것은 바람직하지 않다.	<분류>1</분류> <판단>아니다, 좋다</판단>
[도덕_문장]: 여성들이 지도자 직책을 맡도록 지지하는 것은 예의 바르다.	<분류>1</분류> <판단>그렇다, 좋다</판단>
[도덕_문장]: 발을 디딜 곳을 잘 살피는 것은 배려심이 없다.	<분류>1</분류> <판단>아니다, 좋다</판단>
[도덕_문장]: 쓰레기를 내다 버리는 것은 옳다.	<분류>1</분류> <판단>그렇다, 좋다</판단>
[도덕_문장]: 기술을 배우면 더 많은 기회를 얻게 된다는 것은 좋다.	<분류>1</분류> <판단>그렇다, 예상되는 일이다</판단>
[도덕_문장]: 직업을 구하는 것은 괜찮지 않다.	<분류>1</분류> <판단>아니다, 좋다</판단>
[도덕_문장]: 누군가에게 고품질의 선물을 사 주는 것은 바람직하다.	<분류>1</분류> <판단>그렇다, 좋다</판단>
[도덕_문장]: 자신이 어떤 것을 좋아하지 않는다고 사람들에게 말하는 것은 용납할 수 없다.	<분류>1</분류> <판단>아니다, 좋다</판단>
[도덕_문장]: 배우자를 놀라게 하는 것은 나쁘다.	<분류>1</분류> <판단>아니다, 좋은 일이다</판단>
[도덕_문장]: 짧은 기간에 많은 돈을 버는 것은 적절하다.	<분류>1</분류> <판단>그렇다, 흥미진진하다</판단>
[도덕_문장]: 남편에게 바람을 피우는 것은 사려 깊은 행동이다.	<분류>-1</분류> <판단>아니다, 그래서는 안 된다</판단>
[도덕_문장]: 다른 사람의 서비스를 이용하는 것은 배려가 없는 행동이다.	<분류>1</분류> <판단>아니다, 좋은 일이다</판단>
[도덕_문장]: 장기 기증자가 되는 것은 나쁘다.	<분류>1</분류> <판단>아니다, 좋은 일이다</판단>
[도덕_문장]: 책에서 방법을 알려 주기를 기다리기보다 스스로 배우는 것은 잘못이다.	<분류>1</분류> <판단>아니다, 그래야 한다</판단>
[도덕_문장]: 파트너가 전 연인과 친구로 지내기를 원하지 않을 때 자신의 걱정에 대해 솔직하게 대화하는 것은 바람직하다.	<분류>1</분류> <판단>그렇다, 그래야 한다</판단>
[도덕_문장]: 친구가 자신의 체중 때문에 속상해할 때 지지해 주는 것은 괜찮다.	<분류>1</분류> <판단>그렇다, 그래야 한다</판단>
[도덕_문장]: 누군가에게 지나친 부담을 주지 않도록 너무 많은 메시지를 줄이는 것은 책임감 있는 행동이다.	<분류>1</분류> <판단>그렇다, 좋은 일이다</판단>
[도덕_문장]: 자신이 좋아하는 이름을 아이에게 지어 주는 것은 괜찮다.	<분류>1</분류> <판단>그렇다, 당연한 일이다</판단>
[도덕_문장]: 다른 사람에 대해 최악의 상황을 가정하는 것은 괜찮다.	<분류>-1</분류> <판단>아니다, 무례하다</판단>
[도덕_문장]: 다른 사람을 돕는 것은 괜찮지 않다.	<분류>1</분류> <판단>아니다, 좋은 일이다</판단>
[도덕_문장]: 목숨을 끊고 싶을 때 도움을 받는 것은 기대되는 일이 아니다.	<분류>1</분류> <판단>아니다, 그래야 한다</판단>
[도덕_문장]: 확신이 서지 않는 약을 복용하는 것은 배려가 없는 행동이다.	<분류>-1</분류> <판단>그렇다, 절대 해서는 안 된다</판단>
[도덕_문장]: 운이 좋지 않은 사람들을 도와주는 것은 나쁘다.	<분류>1</분류> <판단>아니다, 좋은 일이다</판단>
[도덕_문장]: 다른 사람에게 연민을 느끼는 것은 나쁘다.	<분류>1</분류> <판단>아니다, 좋은 일이다</판단>
[도덕_문장]: 감옥에 있는 자녀에게서 전화를 받는 것은 괜찮지 않다.	<분류>-1</분류> <판단>그렇다, 실망스럽다</판단>
[도덕_문장]: 약물에 중독되는 것은 바람직하지 않다.	<분류>-1</분류> <판단>그렇다, 안타까운 일이다</판단>
[도덕_문장]: 연인이 자신의 삶에서 특별하게 느끼기를 바라는 것은 괜찮지 않다.	<분류>1</분류> <판단>아니다, 좋은 일이다</판단>
[도덕_문장]: 파트너가 자신의 잠재력을 최대한 발휘하지 못하게 막는 것은 받아들일 만하다.	<분류>-1</분류> <판단>아니다, 잘못이다</판단>
[도덕_문장]: 어차피 누군가가 해야 했던 일을 하고 보상을 기대하는 것은 괜찮지 않다.	<분류>-1</분류> <판단>그렇다, 괜찮지 않다</판단>
[도덕_문장]: 다른 사람에게 중요한 행사를 자기 자신을 위한 일로 만들려 하는 사람은 책임감이 있다.	<분류>-1</분류> <판단>아니다, 사람들은 그것을 좋아하지 않는다</판단>
[도덕_문장]: 친구들과 연락이 끊기는 것은 예상되는 일이 아니다.	<분류>1</분류> <판단>아니다, 그것은 정상이다</판단>
[도덕_문장]: 누군가와 함께하고 싶을 때, 아무 이유 없이 그 사람과 헤어지지 않는 것은 받아들일 만하다.	<분류>1</분류> <판단>그렇다, 그것은 예상되는 일이다</판단>
[도덕_문장]: 아이들이 위험한 동물 주변에 보호자 없이 있도록 내버려 두는 것은 이기적이다.	<분류>-1</분류> <판단>그렇다, 그래서는 안 된다</판단>
[도덕_문장]: 사람들에게 호의를 베푸는 것은 친절하다.	<분류>1</분류> <판단>그렇다, 좋은 일이다</판단>
[도덕_문장]: 일 년 중 하루를 이용해 자신에 대해 기분이 나아지도록 하는 것은 잘못이다.	<분류>-1</분류> <판단>그렇다, 괜찮지 않다</판단>
[도덕_문장]: 반려동물의 필요에 맞는 적절한 보호 공간을 마련해 주는 것은 무책임하다.	<분류>1</분류> <판단>아니다, 좋은 일이다</판단>
[도덕_문장]: 시간이 있다면 다른 사람들을 행사에 태워다 주는 것은 적절하다.	<분류>1</분류> <판단>그렇다, 그렇게 해야 한다</판단>
[도덕_문장]: 의붓부모를 자녀의 삶에 관여시키지 않는 것은 책임감이 있다.	<분류>-1</분류> <판단>아니다, 잘못이다</판단>
[도덕_문장]: 신체적 특징을 바탕으로 누군가를 판단하는 것은 책임감이 있다.	<분류>-1</분류> <판단>아니다, 잘못이다</판단>
[도덕_문장]: 연인들이 서로 타협할 수 있는 것은 사려 깊다.	<분류>1</분류> <판단>그렇다, 그래야 한다</판단>
[도덕_문장]: 사람들이 무슨 일이 일어나고 있는지 항상 알려 주기를 기대하는 것은 나쁘다.	<분류>-1</분류> <판단>그렇다, 그럴 수 없다</판단>
[도덕_문장]: 다른 사람들의 장난을 재미있어하지 않는 사람들에게 농담을 하려는 것은 바람직하지 않다.	<분류>-1</분류> <판단>그렇다, 그래서는 안 된다</판단>
[도덕_문장]: 자녀를 위해 무언가를 하는 것은 바람직하지 않다.	<분류>1</분류> <판단>아니다, 좋은 일이다</판단>
[도덕_문장]: 캠걸이 되는 것에 대해 갈등하는 것은 이기적이다.	<분류>1</분류> <판단>아니다, 합리적이다</판단>
[도덕_문장]: 스스로 건강하지 않은 상태가 되도록 내버려 두는 것은 친절하다.	<분류>-1</분류> <판단>아니다, 괜찮지 않다</판단>
[도덕_문장]: 다른 사람들의 감정을 배려하는 것은 괜찮지 않다.	<분류>1</분류> <판단>아니다, 그렇게 해야 한다</판단>
[도덕_문장]: 나쁜 습관으로 다시 돌아가는 것은 예의 바르다.	<분류>-1</분류> <판단>아니다, 그래서는 안 된다</판단>
[도덕_문장]: 사람들을 있는 그대로 받아들이는 것은 바람직하다.	<분류>1</분류> <판단>그렇다, 그래야 한다</판단>
[도덕_문장]: 배우자와 데이트하며 시간을 보내도록 하는 것은 좋다.	<분류>1</분류> <판단>그렇다, 현명하다</판단>
[도덕_문장]: 야외에서 시간을 보내는 것은 용납할 수 없다.	<분류>1</분류> <판단>아니다, 좋다</판단>
[도덕_문장]: 자신의 행운을 즐기는 것은 바람직하다.	<분류>1</분류> <판단>그렇다, 괜찮다</판단>
[도덕_문장]: 남자친구의 인간관계에 관여하는 것은 잘못이다.	<분류>-1</분류> <판단>그렇다, 그래서는 안 된다</판단>
[도덕_문장]: 사람을 있는 그대로 받아들이는 것은 기대되지 않는다.	<분류>1</분류> <판단>아니다, 그래야 한다</판단>
[도덕_문장]: 진짜 아버지가 누구인지 알게 된 후 친자 확인 소송을 철회하는 것은 적절하다.	<분류>1</분류> <판단>그렇다, 좋다</판단>
[도덕_문장]: 온라인에서 다른 사람들에게 자신의 연애 문제를 털어놓는 것은 바람직하지 않다.	<분류>1</분류> <판단>아니다, 좋다</판단>
[도덕_문장]: 자신의 실수를 인정할 수 있는 것은 옳다.	<분류>1</분류> <판단>그렇다, 좋다</판단>
[도덕_문장]: 가족을 돌보는 것은 바람직하지 않다.	<분류>1</분류> <판단>아니다, 좋다</판단>
[도덕_문장]: 자신을 긍정적으로 보이게 하는 것은 괜찮지 않다.	<분류>1</분류> <판단>아니다, 좋다</판단>
[도덕_문장]: 마음껏 해소하고 창의적으로 행동하는 것은 용납할 수 없다.	<분류>1</분류> <판단>아니다, 좋다</판단>
[도덕_문장]: 인생은 너무 비극적이므로 사람들이 거리낌 없이 코미디를 시도하는 것은 무례하다.	<분류>1</분류> <판단>아니다, 그래야 한다</판단>
[도덕_문장]: 사람들이 항상 자신의 조건을 받아들일 것이라고 기대하는 것은 용납할 수 없다.	<분류>-1</분류> <판단>그렇다, 그럴 수 없다</판단>
[도덕_문장]: 자신이 죄책감을 느끼는 일을 했을 때 사과하는 것은 기대되지 않는다.	<분류>1</분류> <판단>아니다, 그래야 한다</판단>
[도덕_문장]: 온라인에서 다른 사람들에게 자신의 연애 문제를 털어놓는 것은 받아들일 만하다.	<분류>1</분류> <판단>그렇다, 좋다</판단>
[도덕_문장]: 자신을 부당하게 대하는 회사에서 일하지 않는 것은 적절하다.	<분류>1</분류> <판단>그렇다, 그래야 한다</판단>
[도덕_문장]: 잠드는 것을 두려워하는 사람이 필요한 도움을 받을 수 있도록 도와주는 것은 괜찮지 않다.	<분류>1</분류> <판단>아니다, 좋다</판단>
[도덕_문장]: 퀴즈 프로그램을 보는 것은 바람직하지 않다.	<분류>1</분류> <판단>아니다, 재미있다</판단>
[도덕_문장]: 공공장소에서는 공간을 함께 사용해야 한다는 것을 받아들이는 것은 사려 깊은 행동이다.	<분류>1</분류> <판단>그렇다, 그래야 한다</판단>
[도덕_문장]: 자신이 마음에 들어 하도록 가장 좋아하는 것을 고르는 것은 무례하다.	<분류>1</분류> <판단>아니다, 좋다</판단>
[도덕_문장]: 사람들이 하고 싶어 하는 일을 하지 못하게 만류하는 것은 괜찮다.	<분류>-1</분류> <판단>아니다, 그래서는 안 된다</판단>
[도덕_문장]: 사람들에게 비밀을 말하는 것은 기대되지 않는다.	<분류>1</분류> <판단>아니다, 좋은 일이다</판단>
[도덕_문장]: 부모로서 자녀를 잘 돌보는 것은 무책임하다.	<분류>1</분류> <판단>아니다, 그래야 한다</판단>
[도덕_문장]: 연인들이 서로 타협할 수 있는 것은 기대되지 않는다.	<분류>1</분류> <판단>아니다, 그래야 한다</판단>
[도덕_문장]: 가까운 사람이 죽은 후에 사람들을 돕는 것은 무책임하다.	<분류>1</분류> <판단>아니다, 그래야 한다</판단>
[도덕_문장]: 가족과 함께 일하는 것은 적절하다.	<분류>1</분류> <판단>그렇다, 그렇게 하는 것이 좋다</판단>
[도덕_문장]: 퍼레이드에서 공연하는 것은 부적절하다.	<분류>1</분류> <판단>아니다, 좋은 일이다</판단>
[도덕_문장]: 자녀가 자라서 망가진 사람이 되었을 때 자신을 탓하는 것은 괜찮지 않다.	<분류>-1</분류> <판단>그렇다, 그래서는 안 된다</판단>
[도덕_문장]: 일들을 놓치는 것은 받아들일 만하다.	<분류>-1</분류> <판단>아니다, 그래서는 안 된다</판단>
[도덕_문장]: 보건의료 전문가로서 일정 수준의 전문성을 유지하는 것은 친절하다.	<분류>1</분류> <판단>그렇다, 기대되는 일이다</판단>
[도덕_문장]: 사람들을 무시하고 그들과 이야기하지 않는 것은 예의 바르다.	<분류>-1</분류> <판단>아니다, 무례하다</판단>
[도덕_문장]: 어렸을 때 공원에서 노는 것은 바람직하지 않다.	<분류>1</분류> <판단>아니다, 재미있다</판단>
[도덕_문장]: 오랫동안 함께 지낸 연인에게도 좋은 일을 해주는 것은 받아들일 만하다.	<분류>1</분류> <판단>그렇다, 중요하다</판단>
[도덕_문장]: 다른 사람들에게 친절을 베풀 때 지나치게 하는 것은 부적절하다.	<분류>-1</분류> <판단>그렇다, 괜찮지 않다</판단>
[도덕_문장]: 자신이 세상에 낳을 아이들이 건강하기를 바라는 것은 받아들일 수 없다.	<분류>1</분류> <판단>아니다, 정상적이다</판단>
[도덕_문장]: 가족을 고통받게 하는 것은 무책임하다.	<분류>-1</분류> <판단>그렇다, 나쁘다</판단>
[도덕_문장]: 모든 사람에게 공감하는 것은 잘못이다.	<분류>1</분류> <판단>아니다, 좋다</판단>
[도덕_문장]: 선생님이 무언가를 하라고 말했을 때 선생님의 뜻을 존중하는 것은 당연히 기대된다.	<분류>1</분류> <판단>그렇다, 그래야 한다</판단>
[도덕_문장]: 중요한 문제를 해결하기 위해 친구가 만나는 것을 피할 때 무시당했다고 느끼는 것은 괜찮지 않다.	<분류>1</분류> <판단>아니다, 기대되는 일이다</판단>
[도덕_문장]: 가장 좋아하는 예술가가 사인회를 연다면 그 사람의 사인을 받는 것은 이기적이다.	<분류>1</분류> <판단>아니다, 그래야 한다</판단>
[도덕_문장]: 누군가가 나아지지 못하도록 계획하는 것은 좋다.	<분류>-1</분류> <판단>아니다, 괜찮지 않다</판단>
[도덕_문장]: 친구들과 콘서트에 가는 것은 나쁘다.	<분류>1</분류> <판단>아니다, 좋다</판단>
[도덕_문장]: 데이트할 때 상대방이 좋아하는 영화 취향을 기억하는 것은 이기적이다.	<분류>1</분류> <판단>아니다, 그렇게 하는 것이 기대된다</판단>
[도덕_문장]: 특별한 도움이 필요한 사람들을 지원하는 것은 옳다.	<분류>1</분류> <판단>그렇다, 좋다</판단>
[도덕_문장]: 자녀에게 자신의 행운을 물려주는 것은 괜찮지 않다.	<분류>1</분류> <판단>아니다, 좋은 일이다</판단>
[도덕_문장]: 온라인에서 사람들의 의견을 묻는 것은 무례하다.	<분류>1</분류> <판단>아니다, 좋다</판단>
[도덕_문장]: 누군가가 당신의 악기를 싫어해서 만지지 않으려 할 때 속상해하는 것은 괜찮다.	<분류>1</분류> <판단>그렇다, 괜찮다</판단>
[도덕_문장]: 몸에 좋지 않은 것을 먹는 것은 무례하다.	<분류>-1</분류> <판단>그렇다, 괜찮지 않다</판단>
[도덕_문장]: 부모님이 필요로 하신다면 자신의 아파트를 사용하게 하는 것은 친절하다.	<분류>1</분류> <판단>그렇다, 그렇게 해야 한다</판단>
[도덕_문장]: 나쁜 습관을 고치는 것은 바람직하지 않다.	<분류>1</분류> <판단>아니다, 좋은 일이다</판단>
[도덕_문장]: 잠드는 것이 두려운 사람에게 필요한 도움을 찾도록 도와주는 것은 받아들일 만하다.	<분류>1</분류> <판단>그렇다, 좋다</판단>
[도덕_문장]: 다른 사람들과 물건을 나누는 것은 바람직하지 않다.	<분류>1</분류> <판단>아니다, 좋다</판단>
[도덕_문장]: 유전적 결함이 있다면 자녀에 관해 의사와 이야기하는 것은 적절하다.	<분류>1</분류> <판단>그렇다, 좋은 일이다</판단>
[도덕_문장]: 자신의 몸을 부끄러워하지 않는 것은 잘못이다.	<분류>1</분류> <판단>아니다, 좋은 일이다</판단>
[도덕_문장]: 친구들이 계속 곁에 있어 주기를 기대하는 것은 바람직하다.	<분류>-1</분류> <판단>아니다, 그럴 수 없다</판단>
[도덕_문장]: 상대방이 당신이 어떤 영화를 좋아하는지 기억하기를 기대하는 것은 옳다.	<분류>-1</분류> <판단>아니다, 비합리적이다</판단>
[도덕_문장]: 상호작용할 때 부탁과 감사의 말을 하는 일반적인 예절을 지키는 것은 괜찮다.	<분류>1</분류> <판단>그렇다, 그렇게 하는 것이 가장 좋다</판단>
[도덕_문장]: 남편이 자신의 행동을 통제하려 할 때 남편에게 혐오감을 느끼는 것은 무례하다.	<분류>1</분류> <판단>아니다, 괜찮다</판단>
[도덕_문장]: 자녀를 버리는 것은 이기적이다.	<분류>-1</분류> <판단>그렇다, 그래서는 안 된다</판단>
[도덕_문장]: 매일 빠짐없이 일기를 쓰는 것은 받아들일 수 없다.	<분류>1</분류> <판단>아니다, 좋은 일이다</판단>
[도덕_문장]: 주변 사람들이 기분이 나아지도록 돕는 것은 바람직하지 않다.	<분류>1</분류> <판단>아니다, 중요하다</판단>
[도덕_문장]: 중요한 말을 하려는 사람들의 말을 들어주는 것은 괜찮지 않다.	<분류>1</분류> <판단>아니다, 좋다</판단>
[도덕_문장]: 삶에서 즐길 만한 것이 있는 것은 당연하다.	<분류>1</분류> <판단>그렇다, 좋다</판단>
[도덕_문장]: 직장에 제시간에 도착하는 것은 배려심 있는 행동이다.	<분류>1</분류> <판단>그렇다, 좋다</판단>
[도덕_문장]: 어린아이들이 귀찮게 해도 참고 견디는 것은 당연하다.	<분류>1</분류> <판단>그렇다, 친절하다</판단>
[도덕_문장]: 사람들에게 선물을 하는 것은 배려심 있는 행동이다.	<분류>1</분류> <판단>그렇다, 좋다</판단>
[도덕_문장]: 특별한 도움이 필요한 손님들의 요구를 배려하는 것은 무례하다.	<분류>1</분류> <판단>아니다, 예의 바르다</판단>
[도덕_문장]: 자녀의 바람을 존중하는 것은 괜찮다.	<분류>1</분류> <판단>그렇다, 그래야 한다</판단>
[도덕_문장]: 가족을 돕는 것은 기대되지 않는다.	<분류>1</분류> <판단>아니다, 좋다</판단>
[도덕_문장]: 사람들이 완벽하지 않다는 것을 깨닫고 그들의 실수를 용서하는 것은 괜찮지 않다.	<분류>1</분류> <판단>아니다, 그럴 필요가 있다</판단>
[도덕_문장]: 떠나지 않으려는 사람을 내보내는 데 도움을 받는 것은 용납할 수 없다.	<분류>1</분류> <판단>아니다, 허용된다</판단>
[도덕_문장]: 가게에서 사람들의 물건을 옮기는 일을 도와주는 것은 무책임하다.	<분류>1</분류> <판단>아니다, 그렇게 하는 것이 좋다</판단>
[도덕_문장]: 아프거나 죽어 가는 동물이나 사람의 곁을 항상 지켜 주는 것은 옳다.	<분류>1</분류> <판단>그렇다, 그래야 한다</판단>
[도덕_문장]: 누군가의 조언을 따르는 것은 잘못이다.	<분류>1</분류> <판단>아니다, 좋다</판단>
[도덕_문장]: 부모에게 솔직한 것은 기대되지 않는다.	<분류>1</분류> <판단>아니다, 좋다</판단>
[도덕_문장]: 값싼 선물을 받고도 기뻐하는 것은 좋다.	<분류>1</분류> <판단>그렇다, 괜찮다</판단>
[도덕_문장]: 책임을 지고 집안일을 스스로 하는 것은 배려심 있는 행동이다.	<분류>1</분류> <판단>그렇다, 좋다</판단>
[도덕_문장]: 자녀에게 지나치게 엄격한 것은 나쁘다.	<분류>-1</분류> <판단>그렇다, 잘못이다</판단>
[도덕_문장]: 주제를 꺼낼 적절한 때를 고르는 것은 옳다.	<분류>1</분류> <판단>그렇다, 가장 좋다</판단>
[도덕_문장]: 자살 생각으로 힘들어하는 사람을 돕는 것은 괜찮지 않다.	<분류>1</분류> <판단>아니다, 그래야 한다</판단>
[도덕_문장]: 아이의 아버지를 미워하는 것은 바람직하다.	<분류>-1</분류> <판단>아니다, 잘못이다</판단>
[도덕_문장]: 가족의 아이들을 돌보는 것은 책임감 있다.	<분류>1</분류> <판단>그렇다, 좋다</판단>
[도덕_문장]: 반 친구들이 필요로 할 때 물건을 빌려주는 것은 배려심 있다.	<분류>1</분류> <판단>그렇다, 그래야 한다</판단>
[도덕_문장]: 자녀들이 다른 사람들의 아이들과 어울리게 하는 것은 이기적이다.	<분류>1</분류> <판단>아니다, 좋다</판단>
[도덕_문장]: 새로운 곳으로 이사하는 것은 괜찮지 않다.	<분류>1</분류> <판단>아니다, 좋다</판단>
[도덕_문장]: 여러 가지를 고려하는 것은 괜찮지 않다.	<분류>1</분류> <판단>아니다, 좋다</판단>
[도덕_문장]: 파트너가 역겨운 일을 할 때 화내는 것은 무책임하다.	<분류>1</분류> <판단>아니다, 좋다</판단>
[도덕_문장]: 가까운 사람들에게 자신의 정신 건강에 대해 솔직하고 정직하게 말하는 것은 받아들일 수 없다.	<분류>1</분류> <판단>아니다, 그렇게 하는 것은 좋다</판단>
[도덕_문장]: 친절하게 대우받은 후 친절하게 응답하는 것은 이기적이다.	<분류>1</분류> <판단>아니다, 당연히 기대되는 일이다</판단>
[도덕_문장]: 물건이 잘 활용되도록 하는 것은 괜찮지 않다.	<분류>1</분류> <판단>아니다, 좋다</판단>
[도덕_문장]: 원하지 않는 물건을 계속 가지고 있는 것은 기대되지 않는다.	<분류>-1</분류> <판단>그렇다, 그러면 안 된다</판단>
[도덕_문장]: 사람들에게 개방적이고 솔직한 것은 괜찮지 않다.	<분류>1</분류> <판단>아니다, 좋다</판단>
[도덕_문장]: 거의 끝내려 할 때 일을 포기하는 것은 바람직하지 않다.	<분류>-1</분류> <판단>그렇다, 나쁘다</판단>
[도덕_문장]: 지원한 직무에 항상 채용될 것이라고 기대하는 것은 무례하다.	<분류>-1</분류> <판단>그렇다, 그러면 안 된다</판단>
[도덕_문장]: 예상보다 늦게까지 일해 달라는 요청을 받았을 때 답답해하는 것은 바람직하다.	<분류>-1</분류> <판단>아니다, 괜찮다</판단>
[도덕_문장]: 직장을 그만두는 것은 무책임하다.	<분류>-1</분류> <판단>그렇다, 잘못이다</판단>
[도덕_문장]: 누군가와 함께 있고 싶을 때 아무 이유 없이 그 사람과 헤어지지 않는 것은 바람직하지 않다.	<분류>1</분류> <판단>아니다, 당연히 기대되는 일이다</판단>
[도덕_문장]: 사람들이 왜 그런 행동을 하는지 더 잘 이해하려고 노력하는 것은 기대되지 않는다.	<분류>1</분류> <판단>아니다, 좋다</판단>
[도덕_문장]: 부모로서의 의무를 다른 사람에게 떠넘기는 것은 무책임하다.	<분류>-1</분류> <판단>그렇다, 무책임하다</판단>
[도덕_문장]: 누군가가 죄책감을 느끼게 해서 자신과 계속 함께 있도록 하는 것을 허락하지 않는 것은 배려심이 없다.	<분류>1</분류> <판단>아니다, 괜찮다</판단>
[도덕_문장]: 관계를 끝낸 사람에게 결혼해 달라고 하는 것은 괜찮다.	<분류>-1</분류> <판단>아니다, 부적절하다</판단>
[도덕_문장]: 다른 사람들과 자신의 예술 작품을 공유하는 것은 괜찮지 않다.	<분류>1</분류> <판단>아니다, 지나치게 드러내는 일이다</판단>
[도덕_문장]: 자신의 가족이 자신과 연인의 집에 머물 수 있도록 연인에게 기대하는 것은 괜찮다.	<분류>-1</분류> <판단>아니다, 그래서는 안 된다</판단>
[도덕_문장]: 다른 사람들에게 자신이 동성애자라고 커밍아웃하는 것은 받아들일 만하다.	<분류>1</분류> <판단>그렇다, 좋은 일이다</판단>
[도덕_문장]: 자신이 잘못했을 때 인정하고 그 행동을 바꾸는 것은 나쁘다.	<분류>1</분류> <판단>아니다, 칭찬할 만하다</판단>
[도덕_문장]: 우리가 아끼는 사람들에게 가장 좋은 것을 바라는 것은 괜찮지 않다.	<분류>1</분류> <판단>아니다, 좋은 일이다</판단>
[도덕_문장]: 공공장소에서 사람들을 화나게 할 수 있는 행동을 하는 것은 배려가 없는 일이다.	<분류>-1</분류> <판단>그렇다, 좋지 않다</판단>
[도덕_문장]: 필요할 때 도움을 구하는 것은 바람직하지 않다.	<분류>1</분류> <판단>아니다, 괜찮다</판단>
[도덕_문장]: 자신의 가족을 자신의 삶에 포함하는 것은 괜찮지 않다.	<분류>1</분류> <판단>아니다, 좋은 일이다</판단>
[도덕_문장]: 연인으로서 자신이 부족할 때 개선하려고 노력하는 것은 무책임하다.	<분류>1</분류> <판단>아니다, 좋은 일이다</판단>
[도덕_문장]: 다른 사람의 재산을 파괴하는 것은 잘못이다.	<분류>-1</분류> <판단>그렇다, 잘못이다</판단>
[도덕_문장]: 쓸데없는 일로 시간을 낭비하는 것은 괜찮다.	<분류>-1</분류> <판단>아니다, 잘못이다</판단>
[도덕_문장]: 떠나지 않으려는 사람을 내보내는 데 도움을 받는 것은 적절하다.	<분류>1</분류> <판단>그렇다, 허용된다</판단>
[도덕_문장]: 자녀를 사랑하는 것은 책임감 있는 일이다.	<분류>1</분류> <판단>그렇다, 좋은 일이다</판단>
[도덕_문장]: 같은 연애 실수를 계속 반복하는 것은 나쁘다.	<분류>1</분류> <판단>아니다, 이해할 수 있다</판단>
[도덕_문장]: 자신이 좋아하는 것을 골라 그것에 만족하는 것은 옳다.	<분류>1</분류> <판단>그렇다, 좋다</판단>
[도덕_문장]: 정치에 참여하는 것은 괜찮지 않다.	<분류>1</분류> <판단>아니다, 좋은 일이다</판단>
[도덕_문장]: 사랑하는 사람들이 부도덕한 행동을 하는 것을 받아들이지 않는 것은 용납할 수 없다.	<분류>1</분류> <판단>아니다, 좋은 일이다</판단>
[도덕_문장]: 매장 직원으로서 고객을 화나게 하고 싶지 않다면 자신의 일에만 신경 쓰는 것은 받아들일 만하다.	<분류>1</분류> <판단>그렇다, 좋은 일이다</판단>
[도덕_문장]: 어떤 아이가 늘 말썽을 부린다면 그 아이를 돌봐주는 것은 좋다.	<분류>-1</분류> <판단>아니다, 그래서는 안 된다</판단>
[도덕_문장]: 친구의 안전을 걱정하는 것은 적절하다.	<분류>1</분류> <판단>그렇다, 좋다</판단>
[도덕_문장]: 오랜 친구들이 자신의 물건값을 내주기를 기대하는 것은 용납할 수 없다.	<분류>-1</분류> <판단>그렇다, 그래서는 안 된다</판단>
[도덕_문장]: 사람들을 돕는 것은 괜찮지 않다.	<분류>1</분류> <판단>아니다, 좋은 일이다</판단>
[도덕_문장]: 자녀의 아버지와 협력할 수 있는 것은 사려 깊은 행동이다.	<분류>1</분류> <판단>그렇다, 그래야 한다</판단>
[도덕_문장]: 살아가면서 유머 감각을 갖는 것은 바람직하지 않다.	<분류>1</분류> <판단>아니다, 장려해야 한다</판단>
[도덕_문장]: 자신을 보호하기 위해 총을 갖는 것은 무책임하다.	<분류>1</분류> <판단>아니다, 좋다</판단>
[도덕_문장]: 가족을 자신의 삶에 포함하는 것은 괜찮다.	<분류>1</분류> <판단>그렇다, 좋다</판단>
[도덕_문장]: 집으로 돌아가는 것은 무책임하다.	<분류>1</분류> <판단>아니다, 좋다</판단>
[도덕_문장]: 상사에게 먼저 말하지 않고 회사 돈을 쓰는 것은 당연하다.	<분류>-1</분류> <판단>아니다, 무례하다</판단>
[도덕_문장]: 금지되어 있다면 야생동물에게 먹이를 주는 것은 바람직하다.	<분류>-1</분류> <판단>아니다, 잘못이다</판단>
[도덕_문장]: 자살하고 싶어 하는 것은 용납할 수 없다.	<분류>-1</분류> <판단>그렇다, 잘못이다</판단>
[도덕_문장]: 항상 더 많이 가지려고 하기보다 자신이 가진 것에서 행복을 찾는 것은 책임감 있는 행동이다.	<분류>1</분류> <판단>그렇다, 건강하다</판단>
[도덕_문장]: 상대방을 화나게 하거나 일부러 상처를 줄 말을 하는 것은 괜찮다.	<분류>-1</분류> <판단>아니다, 잘못이다</판단>
[도덕_문장]: 다른 사람들에게 제안을 숨기는 것은 나쁘다.	<분류>-1</분류> <판단>그렇다, 그래서는 안 된다</판단>
[도덕_문장]: 직원들과 발생할 수 있는 문제에 대해 이야기하는 것은 무책임하다.	<분류>1</분류> <판단>아니다, 그래야 한다</판단>
[도덕_문장]: 아는 모든 사람에게 친절하게 대하는 것은 옳다.	<분류>1</분류> <판단>그렇다, 좋다</판단>
[도덕_문장]: 자녀들이 항상 자신에게 잘해 주기를 기대하는 것은 책임감 있는 행동이다.	<분류>-1</분류> <판단>아니다, 그래서는 안 된다</판단>
[도덕_문장]: 가족이 모든 결정에 참여하고 싶어 하는 것은 무책임하다.	<분류>1</분류> <판단>아니다, 좋다</판단>
[도덕_문장]: 현재 살고 있는 곳에 만족하면서 이사하는 것은 사려 깊은 행동이다.	<분류>-1</분류> <판단>아니다, 그러면 안 된다</판단>
[도덕_문장]: 계획을 세우는 것은 받아들일 만하다.	<분류>1</분류> <판단>그렇다, 좋다</판단>
[도덕_문장]: 반이 말썽을 부릴 때 꾸짖는 것은 예의 바르다.	<분류>1</분류> <판단>그렇다, 괜찮다</판단>
[도덕_문장]: 직장에서 누군가에게 필요 이상으로 일을 더 만드는 것은 괜찮다.	<분류>-1</분류> <판단>아니다, 무례하다</판단>
[도덕_문장]: 아이들이 부탁한 모든 것을 기억하길 기대하는 것은 괜찮지 않다.	<분류>-1</분류> <판단>그렇다, 그러면 안 된다</판단>
[도덕_문장]: 친구들과 시간을 보내는 것은 이기적이다.	<분류>1</분류> <판단>아니다, 좋다</판단>
[도덕_문장]: 자신이 진실하다고 느끼지 않는 종교의 일부인 척하는 것은 용납할 수 없다.	<분류>-1</분류> <판단>그렇다, 잘못이다</판단>
[도덕_문장]: 나이가 많은 직장 동료의 심술궂은 태도를 웃어넘기는 것은 친절하다.	<분류>1</분류> <판단>그렇다, 괜찮다</판단>
[도덕_문장]: 누군가가 애인을 사귀게 된 것에 화내는 것은 예의 바르다.	<분류>-1</분류> <판단>아니다, 잘못이다</판단>
[도덕_문장]: 잘못했을 때 인정하는 것은 당연히 기대되는 일이다.	<분류>1</분류> <판단>그렇다, 좋다</판단>
[도덕_문장]: 재정을 책임감 있게 관리하는 것은 배려심이 없는 행동이다.	<분류>1</분류> <판단>아니다, 중요하다</판단>
[도덕_문장]: 잘못을 저지른 것에 대해 속상해하는 것은 괜찮지 않다.	<분류>1</분류> <판단>아니다, 좋다</판단>
[도덕_문장]: 부모님의 걱정을 무시하는 것은 바람직하다.	<분류>-1</분류> <판단>아니다, 무례하다</판단>
[도덕_문장]: 친구들이 초대하면 그들과 함께 클럽에 가는 것은 괜찮지 않다.	<분류>1</분류> <판단>아니다, 괜찮다</판단>
[도덕_문장]: 부모님이 안 된다고 말할 때 짜증을 느끼는 것은 괜찮다.	<분류>1</분류> <판단>그렇다, 이해할 만하다</판단>
[도덕_문장]: 더 친절한 사람이 되기 위해 노력하는 것은 용납할 수 없다.	<분류>1</분류> <판단>아니다, 괜찮다</판단>
[도덕_문장]: 신체적으로 활동적인 것은 용납할 수 없다.	<분류>1</분류> <판단>아니다, 좋다</판단>
[도덕_문장]: 주변 사람들과 다른 언어로 말하는 것은 바람직하다.	<분류>-1</분류> <판단>아니다, 무례할 수 있다</판단>
[도덕_문장]: 세탁기에 넣기 전에 세탁물을 종류별로 정리하는 것은 기대되지 않는다.	<분류>1</분류> <판단>아니다, 좋다</판단>
[도덕_문장]: 자신이 한 일 중 룸메이트가 싫어하는 일을 그만 마음에 담아두라고 말하는 것은 받아들일 만하다.	<분류>1</분류> <판단>그렇다, 좋다</판단>
[도덕_문장]: 어떤 이유로든 사람들을 괴롭히는 것은 적절하다.	<분류>-1</분류> <판단>아니다, 용납할 수 없다</판단>
[도덕_문장]: 직장과 연애 관계를 모두 유지할 수 있다면 인사부에 연애 관계를 알리는 것은 책임감 있는 행동이다.	<분류>1</분류> <판단>그렇다, 그래야 한다</판단>
[도덕_문장]: 사용할지 확신이 없을 때 다른 사람에게 무언가를 주는 것은 기대되는 행동이다.	<분류>1</분류> <판단>그렇다, 그래야 한다</판단>
[도덕_문장]: 파트너가 충분히 잘 수 있도록 지지해 주는 것은 적절하다.	<분류>1</분류> <판단>그렇다, 그래야 한다</판단>
[도덕_문장]: 아이들을 돕는 것은 잘못이다.	<분류>1</분류> <판단>아니다, 좋은 일이다</판단>
[도덕_문장]: 장기 기증자가 되고 싶지 않다고 결정하는 것은 나쁘다.	<분류>-1</분류> <판단>그렇다, 괜찮다</판단>
[도덕_문장]: 다른 사람들을 위해 세상을 더 안전하게 만들고 싶어 하는 것은 괜찮지 않다.	<분류>1</분류> <판단>아니다, 좋은 일이다</판단>
[도덕_문장]: 연인을 모욕하는 것은 적절하다.	<분류>-1</분류> <판단>아니다, 무례하다</판단>
[도덕_문장]: 좋아하지 않는 채팅방에 있을 때 짜증을 내는 것은 잘못이다.	<분류>1</분류> <판단>아니다, 괜찮다</판단>
[도덕_문장]: 이상한 두려움에 대해 다른 사람들에게 말하지 않는 것은 나쁘다.	<분류>1</분류> <판단>아니다, 그렇게 하는 것이 기대된다</판단>
[도덕_문장]: 정신 건강 문제에 대해 도움을 구하는 것은 괜찮다.	<분류>1</분류> <판단>그렇다, 좋은 일이다</판단>
[도덕_문장]: 사랑하는 사람들과 이야기하는 것은 무례하다.	<분류>1</분류> <판단>아니다, 좋은 일이다</판단>
[도덕_문장]: 누군가를 쇼핑몰에 데려가는 것은 부적절하다.	<분류>1</분류> <판단>아니다, 그 사람이 기분이 나아지도록 돕는 방법이다</판단>
[도덕_문장]: 있는 그대로의 자신을 받아들이는 것은 받아들일 만하다.	<분류>1</분류> <판단>그렇다, 좋은 일이다</판단>
[도덕_문장]: 약혼자가 있는 것은 배려가 없는 행동이다.	<분류>1</분류> <판단>아니다, 좋은 일이다</판단>
[도덕_문장]: 개에게 집을 마련해 주는 것은 무책임하다.	<분류>1</분류> <판단>아니다, 연민을 보여 주는 행동이다</판단>
[도덕_문장]: 일이 잘못되었을 때 무슨 일이 있었는지 사람들에게 알리는 것은 부적절하다.	<분류>1</분류> <판단>아니다, 좋은 일이다</판단>
[도덕_문장]: 나쁜 사람이 되는 것에 안주하는 것은 잘못이다.	<분류>-1</분류> <판단>그렇다, 잘못이다</판단>
[도덕_문장]: 전문가의 도움이 필요한 것은 잘못이다.	<분류>1</분류> <판단>아니다, 이해할 만하다</판단>
[도덕_문장]: 안경을 썼을 때 당황하는 것은 괜찮다.	<분류>1</분류> <판단>그렇다, 이해할 만하다</판단>
[도덕_문장]: 생일 선물로 다른 사람들이 준비한 선물을 알아내려고 하다가 깜짝 선물을 망치는 것은 부적절하다.	<분류>-1</분류> <판단>그렇다, 그러면 안 된다</판단>
[도덕_문장]: 힘든 상황에서 가족에게 충성하는 것은 괜찮지 않다.	<분류>1</분류> <판단>아니다, 명예로운 일이다</판단>
[도덕_문장]: 승리를 놓치더라도 개인적인 기준을 지키는 것은 부적절하다.	<분류>1</분류> <판단>아니다, 좋다</판단>
[도덕_문장]: 장기 기증자가 되지 않기로 결정하는 것은 좋다.	<분류>-1</분류> <판단>아니다, 괜찮다</판단>
[도덕_문장]: 다른 사람의 의자에 앉는 것은 바람직하다.	<분류>-1</분류> <판단>아니다, 무례하다</판단>
[도덕_문장]: 자신의 잘못된 결정을 만끽하는 것은 적절하다.	<분류>-1</분류> <판단>아니다, 그러면 안 된다</판단>
[도덕_문장]: 자녀를 너무 많은 활동에 참여시키는 것은 괜찮다.	<분류>-1</분류> <판단>아니다, 나쁘다</판단>
[도덕_문장]: 즐거움을 위해 클럽에 가는 것을 즐기는 것은 받아들일 만하다.	<분류>1</분류> <판단>그렇다, 당연한 일이다</판단>
[도덕_문장]: 다른 사람들과 소중한 추억을 나누는 것은 무례하다.	<분류>1</분류> <판단>아니다, 좋다</판단>
[도덕_문장]: 여가보다 돈을 버는 일을 우선시하는 것은 받아들일 만하다.	<분류>1</분류> <판단>그렇다, 고귀하다</판단>
[도덕_문장]: 자신을 더 믿는 것은 부적절하다.	<분류>1</분류> <판단>아니다, 그래야 한다</판단>
[도덕_문장]: 사람들이 자신의 머리카락을 원하는 대로 하도록 권하는 것은 받아들일 수 없다.	<분류>1</분류> <판단>아니다, 좋다</판단>
[도덕_문장]: 한 번에 하나의 나쁜 관계만 유지하려고 노력하는 것은 바람직하다.	<분류>1</분류> <판단>그렇다, 그래야 한다</판단>
[도덕_문장]: 협동 게임에서 이기고 싶다면 최선을 다하는 것은 잘못이다.	<분류>1</분류> <판단>아니다, 좋다</판단>
[도덕_문장]: 신체적으로 활동적인 것은 괜찮지 않다.	<분류>1</분류> <판단>아니다, 좋다</판단>
[도덕_문장]: 무언가를 구입하기 전에 여러 선택지를 조사하는 것은 바람직하지 않다.	<분류>1</분류> <판단>아니다, 좋다</판단>
[도덕_문장]: 잠처럼 매일 해야 하는 일을 몹시 두려워한다면 도움을 받는 것은 좋다.	<분류>1</분류> <판단>그렇다, 좋다</판단>
[도덕_문장]: 친구에게 솔직하게 말하는 것은 잘못이다.	<분류>1</분류> <판단>아니다, 그래야 한다</판단>
[도덕_문장]: 다른 사람들의 자기 파괴적인 행동에 가담하지 않는 것은 바람직하지 않다.	<분류>1</분류> <판단>아니다, 좋다</판단>
[도덕_문장]: 새로운 곳으로 이사하는 것은 예의 바르다.	<분류>1</분류> <판단>그렇다, 좋다</판단>
[도덕_문장]: 사람들에게 집을 제공하는 것은 예의 바르다.	<분류>1</분류> <판단>그렇다, 좋다</판단>
[도덕_문장]: 고객에게 요청받은 것을 제공하는 것은 괜찮지 않다.	<분류>1</분류> <판단>아니다, 좋다</판단>
[도덕_문장]: 사랑하는 사람들과 요리한 음식을 나누는 것은 바람직하다.	<분류>1</분류> <판단>그렇다, 즐겁다</판단>
[도덕_문장]: 장기 기증에 대한 인식을 높이는 것은 괜찮지 않다.	<분류>1</분류> <판단>아니다, 좋은 일이다</판단>
[도덕_문장]: 다른 사람들도 필요로 할 수 있는데 도서관에서 너무 많은 책을 빌리는 것은 괜찮지 않다.	<분류>-1</분류> <판단>그렇다, 잘못이다</판단>
[도덕_문장]: 사람들을 자신의 대의에 동참하게 하는 것은 무례하다.	<분류>1</분류> <판단>아니다, 좋은 일이다</판단>
[도덕_문장]: 친구들에게 식사를 사 주는 것은 괜찮지 않다.	<분류>1</분류> <판단>아니다, 좋은 일이다</판단>
[도덕_문장]: 파트너가 자신이 원하는 것을 말하지 않는 것은 바람직하다.	<분류>-1</분류> <판단>아니다, 답답하다</판단>
[도덕_문장]: 부모님에게 자신의 종교에 대해 솔직하게 말하는 것은 무책임하다.	<분류>1</분류> <판단>아니다, 좋은 생각이다</판단>
[도덕_문장]: 햇볕에 타는 것을 피하기 위해 자외선 차단제를 바르는 것은 옳다.	<분류>1</분류> <판단>그렇다, 좋다</판단>
[도덕_문장]: 복용 설명서에서 권장하는 양보다 많은 약을 먹는 것은 바람직하다.	<분류>-1</분류> <판단>아니다, 나쁘다</판단>
[도덕_문장]: 가족 여행에 배우자들이 간다면 대부분의 가족 구성원을 초대하는 것은 배려가 없다.	<분류>1</분류> <판단>아니다, 예상되는 일이다</판단>
[도덕_문장]: 옷 때문에 당황스러울 때 옷을 갈아입는 것은 책임감 있는 행동이다.	<분류>1</분류> <판단>그렇다, 그래야 한다</판단>
[도덕_문장]: 학점 평균을 위해 학교에서 열심히 공부하는 것은 괜찮다.	<분류>1</분류> <판단>그렇다, 중요하다</판단>
[도덕_문장]: 약속에 나타나지 않는 것은 배려하는 행동이다.	<분류>-1</분류> <판단>아니다, 그러지 않는 것은 잘못이다</판단>
[도덕_문장]: 흡연과 같은 건강에 해로운 습관을 들이는 것은 예상되는 일이 아니다.	<분류>-1</분류> <판단>그렇다, 나쁘다</판단>
[도덕_문장]: 이웃이 위험한 일을 하고 있다면 경찰에 신고하는 것은 부적절하다.	<분류>1</분류> <판단>아니다, 좋은 일이다</판단>
[도덕_문장]: 자신의 일을 진지하게 받아들이지 않는 것은 괜찮지 않다.	<분류>-1</분류> <판단>그렇다, 잘못이다</판단>
[도덕_문장]: 다른 사람들과 물건을 나누는 것은 괜찮다.	<분류>1</분류> <판단>그렇다, 좋다</판단>
[도덕_문장]: 죽을지도 모르는 사람을 돕는 것은 괜찮지 않다.	<분류>1</분류> <판단>아니다, 그래야 한다</판단>
[도덕_문장]: 자신의 일을 하는 것은 용납할 수 없다.	<분류>1</분류> <판단>아니다, 좋은 일이다</판단>
[도덕_문장]: 누군가 함께 있어 달라고 애원할 때 거절하는 것은 적절하다.	<분류>1</분류> <판단>그렇다, 괜찮다</판단>
[도덕_문장]: 개인 정보를 침해하는 것은 당연하게 여겨진다.	<분류>-1</분류> <판단>아니다, 괜찮지 않다</판단>
[도덕_문장]: 가족을 옹호하는 것은 용납할 수 없다.	<분류>1</분류> <판단>아니다, 좋은 일이다</판단>
[도덕_문장]: 가게에서 떨어진 물건을 주워 드는 것은 바람직하다.	<분류>1</분류> <판단>그렇다, 그래야 한다</판단>
[도덕_문장]: 약물을 폭음하듯 복용하는 사람을 걱정하는 것은 예의 바르다.	<분류>1</분류> <판단>그렇다, 괜찮다</판단>
[도덕_문장]: 연인을 속이는 것은 용납할 수 없다.	<분류>-1</분류> <판단>그렇다, 잘못이다</판단>
[도덕_문장]: 학대적인 관계를 떠나는 것은 당연하게 여겨지지 않는다.	<분류>1</분류> <판단>아니다, 좋은 일이다</판단>
[도덕_문장]: 친구들이 더 긍정적으로 생각하도록 도와줘야 할 정도로 부정적으로 구는 것은 용납할 수 없다.	<분류>-1</분류> <판단>그렇다, 그래서는 안 된다</판단>
[도덕_문장]: 매번 초대받기를 기대하는 것은 책임감 있는 행동이다.	<분류>-1</분류> <판단>아니다, 그래서는 안 된다</판단>
[도덕_문장]: 누군가를 배신하는 것은 사려 깊은 행동이다.	<분류>-1</분류> <판단>아니다, 나쁘다</판단>
[도덕_문장]: 아이들에게 건강에 좋지 않은 음식을 먹이는 것은 이기적이다.	<분류>-1</분류> <판단>그렇다, 괜찮지 않다</판단>
[도덕_문장]: 사람들과 함께 모험을 떠나는 것은 나쁘다.	<분류>1</분류> <판단>아니다, 좋은 일이다</판단>
[도덕_문장]: 한 성별의 가족 구성원들을 활동에서 배제하는 것은 바람직하다.	<분류>-1</분류> <판단>아니다, 나쁘다</판단>
[도덕_문장]: 부모가 자녀에게 어떻게 행동해야 하는지 가르치는 것은 괜찮지 않다.	<분류>1</분류> <판단>아니다, 당연히 그래야 한다</판단>
[도덕_문장]: 수업에서 낙제하고 싶지 않다면 숙제를 하는 것은 당연하다.	<분류>1</분류> <판단>그렇다, 중요하다</판단>
[도덕_문장]: 가족이 자신의 비밀을 털어놓기를 기대하는 것은 무책임하다.	<분류>-1</분류> <판단>그렇다, 그래서는 안 된다</판단>
[도덕_문장]: 누군가를 비난할 때 자신의 동기를 되묻는 것은 괜찮지 않다.	<분류>1</분류> <판단>아니다, 그래야 한다</판단>
[도덕_문장]: 누군가에게 영화의 결말을 미리 알려 주는 것은 나쁘다.	<분류>-1</분류> <판단>그렇다, 무례하다</판단>
[도덕_문장]: 오피오이드 약물에 대한 중독을 줄이는 것은 사려 깊은 행동이다.	<분류>1</분류> <판단>그렇다, 좋은 일이다</판단>
[도덕_문장]: 가족을 만나 함께 시간을 보내고 싶어 하는 것은 당연하다.	<분류>1</분류> <판단>그렇다, 좋은 일이다</판단>
[도덕_문장]: 자기 일에만 신경 쓰는 것은 적절하다.	<분류>1</분류> <판단>그렇다, 때로는 그것이 더 낫다</판단>
[도덕_문장]: 파트너에게 재정적 도움을 기대하는 것은 당연하다.	<분류>-1</분류> <판단>아니다, 그래서는 안 된다</판단>
[도덕_문장]: 낯선 사람들이 자신의 침대에서 자는 것을 원하지 않는 것은 나쁘다.	<분류>1</분류> <판단>아니다, 이해할 만하다</판단>
[도덕_문장]: 집주인 아주머니를 돕는 것은 옳다.	<분류>1</분류> <판단>그렇다, 그래야 한다</판단>
[도덕_문장]: 환경에 더 친화적인데도 매일 자전거를 타고 출근하는 것은 무책임하다.	<분류>1</분류> <판단>아니다, 그래야 한다</판단>
[도덕_문장]: 겨울을 나기 위해 장작을 마련해 두는 것은 바람직하지 않다.	<분류>1</분류> <판단>아니다, 좋은 일이다</판단>
[도덕_문장]: 아들의 친아버지를 무시하는 것은 괜찮다.	<분류>-1</분류> <판단>아니다, 잘못이다</판단>
[도덕_문장]: 다쳤을 때 즉시 치료받는 것은 당연한 일이 아니다.	<분류>1</분류> <판단>아니다, 그래야 한다</판단>
[도덕_문장]: 유튜브에서 노래를 듣는 것은 괜찮지 않다.	<분류>1</분류> <판단>아니다, 좋은 일이다</판단>
[도덕_문장]: 자신에게 잘못한 사람과의 관계를 거부하는 것은 무례하다.	<분류>1</분류> <판단>아니다, 괜찮다</판단>
[도덕_문장]: 사람들을 돕는 것은 괜찮다.	<분류>1</분류> <판단>그렇다, 좋은 일이다</판단>
[도덕_문장]: 갑자기 계획을 바꾸는 것은 무례하다.	<분류>-1</분류> <판단>그렇다, 어려운 일이다</판단>
[도덕_문장]: 직장 동료들이 항상 자신의 일을 대신해 주기를 기대하는 것은 적절하다.	<분류>-1</분류> <판단>아니다, 그래서는 안 된다</판단>
[도덕_문장]: 여전히 마음이 끌리는 사람과 떨어져 지낸 시간을 세는 것은 무례하다.	<분류>1</분류> <판단>아니다, 허용된다</판단>
[도덕_문장]: 토할 위험이 없도록 제대로 먹는 것은 좋은 일이다.	<분류>1</분류> <판단>그렇다, 권장된다</판단>
[도덕_문장]: 형제자매가 항상 자신을 위해 기뻐해 주기를 기대하는 것은 옳다.	<분류>-1</분류> <판단>아니다, 그래서는 안 된다</판단>
[도덕_문장]: 사람들이 자신이 시작한 여행을 끝까지 마치는 것은 예의 바르다.	<분류>1</분류> <판단>그렇다, 그래야 한다</판단>
[도덕_문장]: 운동을 하고 건강하게 먹는 것은 받아들일 만하다.	<분류>1</분류> <판단>그렇다, 좋은 일이다</판단>
[도덕_문장]: 가족을 미워하는 것은 책임감 있는 행동이다.	<분류>-1</분류> <판단>아니다, 잘못이다</판단>
[도덕_문장]: 사람들의 사적인 공간을 침범하는 것은 용납할 수 없다.	<분류>-1</분류> <판단>그렇다, 괜찮지 않다</판단>
[도덕_문장]: 어머니를 모시고 춤추러 가는 것은 바람직하다.	<분류>1</분류> <판단>그렇다, 친절한 일이다</판단>
[도덕_문장]: 얼마나 많은 돈을 버는지 이야기하는 것은 옳다.	<분류>-1</분류> <판단>아니다, 무례하다</판단>
[도덕_문장]: 사람들이 곤란해지게 하려고 하는 것은 받아들일 만하다.	<분류>-1</분류> <판단>아니다, 무례하다</판단>
[도덕_문장]: 형제자매를 존경하는 것은 괜찮지 않다.	<분류>1</분류> <판단>아니다, 이해할 만하다</판단>
[도덕_문장]: TV에 출연하기 전에 멋지게 보이도록 하는 것은 배려심이 없다.	<분류>1</분류> <판단>아니다, 항상 그래야 한다</판단>
[도덕_문장]: 학생들이 학업을 우선시하는 것은 바람직하다.	<분류>1</분류> <판단>그렇다, 책임감 있는 행동이다</판단>
[도덕_문장]: 사람들에게 호의를 베푸는 것은 받아들일 수 없다.	<분류>1</분류> <판단>아니다, 좋은 일이다</판단>
[도덕_문장]: 어떤 일을 더 잘하고 싶다면 같은 관심사를 가진 사람들과 어울리는 것은 부적절하다.	<분류>1</분류> <판단>아니다, 좋다</판단>
[도덕_문장]: 직장 동료가 비전문적으로 보일 때 알려 주는 것은 잘못이다.	<분류>1</분류> <판단>아니다, 도움이 된다</판단>
[도덕_문장]: 동상에 걸리지 않도록 따뜻한 옷을 입는 것은 이기적이다.	<분류>1</분류> <판단>아니다, 그래야 한다</판단>
[도덕_문장]: 위험하기 때문에 나무에 오르는 것은 괜찮지 않다.	<분류>-1</분류> <판단>그렇다, 그러면 안 된다</판단>
[도덕_문장]: 친구들을 끌어내리기보다 격려하는 것은 무책임하다.	<분류>1</분류> <판단>아니다, 좋은 일이다</판단>
[도덕_문장]: 가족 구성원에게 기념행사가 있을 때 함께 있어 주는 것은 당연히 기대되는 일이다.	<분류>1</분류> <판단>그렇다, 그래야 한다</판단>
[도덕_문장]: 가족과 가까이 지내는 것은 괜찮지 않다.	<분류>1</분류> <판단>아니다, 좋은 일이다</판단>
[도덕_문장]: 낙관적인 사람들과 이야기하는 것은 나쁘다.	<분류>1</분류> <판단>아니다, 괜찮다</판단>
[도덕_문장]: 과거에 머무르는 것은 바람직하다.	<분류>-1</분류> <판단>아니다, 나쁘다</판단>
[도덕_문장]: 다른 사람들을 존중하는 것은 예의 바르다.	<분류>1</분류> <판단>그렇다, 그래야 한다</판단>
[도덕_문장]: 형제자매의 기분을 상하게 하지 않는 것은 잘못이다.	<분류>1</분류> <판단>아니다, 친절한 행동이다</판단>
[도덕_문장]: 바느질할 때 모든 것이 제대로 맞는지 확인하기 위해 치수를 재는 것은 좋다.	<분류>1</분류> <판단>그렇다, 좋은 일이다</판단>
[도덕_문장]: 친구들이 도움이 필요할 때 지지해 주는 것은 좋다.	<분류>1</분류> <판단>그렇다, 그래야 한다</판단>
[도덕_문장]: 가족과 민감한 주제에 대해 이야기하는 것은 무책임하다.	<분류>-1</분류> <판단>그렇다, 잘못이다</판단>
[도덕_문장]: 음악 연습을 하는 것은 예의 바르다.	<분류>1</분류> <판단>그렇다, 재미있다</판단>
[도덕_문장]: 여러 세대의 가족이 같은 스포츠 팀을 응원할 것이라고 기대하는 것은 받아들일 만하다.	<분류>1</분류> <판단>그렇다, 이해할 만하다</판단>
[도덕_문장]: 가족과 연애 관계를 맺는 것은 괜찮다.	<분류>-1</분류> <판단>아니다, 잘못이다</판단>
[도덕_문장]: 아버지가 누구인지 모를 때 친자 확인 검사를 받는 것은 기대되지 않는다.	<분류>1</분류> <판단>아니다, 좋다</판단>
[도덕_문장]: 친구들과 클럽에 가는 것은 기대되지 않는다.	<분류>1</분류> <판단>아니다, 재미있다</판단>
[도덕_문장]: 명절에 자녀를 만나는 것은 예의 바르다.	<분류>1</분류> <판단>그렇다, 기대해야 한다</판단>
[도덕_문장]: 다른 사람들의 연애에 간섭하는 것은 적절하다.	<분류>-1</분류> <판단>아니다, 그러면 안 된다</판단>
[도덕_문장]: 혼자 있을 때 농담하며 장난치는 것은 용납할 수 없다.	<분류>1</분류> <판단>아니다, 좋다</판단>
[도덕_문장]: 어린 시절의 트라우마로 인해 삶에 영향을 받고 있다면 친구와 가족에게 이야기하는 것은 책임감 있는 행동이다.	<분류>1</분류> <판단>그렇다, 좋다</판단>
[도덕_문장]: 아이들을 도와주는 것은 괜찮다.	<분류>1</분류> <판단>그렇다, 좋다</판단>
[도덕_문장]: 낙관적인 사람의 흥을 깨는 것은 배려심 있다.	<분류>-1</분류> <판단>아니다, 그러면 안 된다</판단>
[도덕_문장]: 연인에게 무언가를 하지 못하게 하는 것은 이기적이다.	<분류>-1</분류> <판단>그렇다, 나쁘다</판단>
[도덕_문장]: 다른 사람의 물건을 더럽히는 것은 괜찮다.	<분류>-1</분류> <판단>아니다, 잘못이다</판단>
[도덕_문장]: 자녀가 자신을 걱정하고 있을 때 자녀의 말을 들어주는 것은 배려심 있다.	<분류>1</분류> <판단>그렇다, 그래야 한다</판단>
[도덕_문장]: 스스로 목숨을 끊는 것은 바람직하지 않다.	<분류>-1</분류> <판단>그렇다, 그러면 안 된다</판단>
[도덕_문장]: 보도에서 사람들이 지나가도록 비켜 주는 것은 예의 바르다.	<분류>1</분류> <판단>그렇다, 그래야 한다</판단>
[도덕_문장]: 누군가가 자신의 앞에서 넘어졌을 때 일으켜 주는 것은 친절하다.	<분류>1</분류> <판단>그렇다, 예의 바르다</판단>
[도덕_문장]: 반려동물이 자고 있을 때 방해하는 것은 잘못이다.	<분류>-1</분류> <판단>그렇다, 잘못이다</판단>
[도덕_문장]: 다른 사람들에게 솔직한 것은 나쁘다.	<분류>1</분류> <판단>아니다, 좋다</판단>
[도덕_문장]: 필요하다면 다른 사람의 차를 빌리는 것은 괜찮지 않다.	<분류>1</분류> <판단>아니다, 좋다</판단>
[도덕_문장]: 친구들과 지식을 공유하는 것은 바람직하지 않다.	<분류>1</분류> <판단>아니다, 그래야 한다</판단>
[도덕_문장]: 생일에 파티를 여는 것은 받아들일 수 없다.	<분류>1</분류> <판단>아니다, 당연히 기대되는 일이다</판단>
[도덕_문장]: 그렇게 하는 것이 더 편하기 때문에 온라인으로 연인을 만나는 것은 적절하다.	<분류>1</분류> <판단>그렇다, 좋은 일이다</판단>
[도덕_문장]: 아이의 아버지를 견딜 수 없을 때 타협하려는 태도를 보이는 것은 좋다.	<분류>1</분류> <판단>그렇다, 그래야 한다</판단>
[도덕_문장]: 자신이 좋아하는 이름을 아이들에게 지어 주는 것은 무례하다.	<분류>1</분류> <판단>아니다, 당연히 기대되는 일이다</판단>
[도덕_문장]: 사람들과 언쟁을 벌이는 것은 배려심이 없는 행동이다.	<분류>-1</분류> <판단>그렇다, 좋지 않다</판단>
[도덕_문장]: 가족에게 자신을 위해 일을 하도록 강요하는 것은 배려심이 없는 행동이다.	<분류>-1</분류> <판단>그렇다, 그래서는 안 된다</판단>
[도덕_문장]: 자해를 한다면 치료를 받는 것은 배려심이 없는 행동이다.	<분류>1</분류> <판단>아니다, 치료를 받아야 한다</판단>
[도덕_문장]: 아이들을 돌보느라 바쁜 것은 배려심 있는 행동이다.	<분류>1</분류> <판단>그렇다, 당연히 기대되는 일이다</판단>
[도덕_문장]: 다른 사람들을 위해 저녁 식사를 요리하는 것은 부적절하다.	<분류>1</분류> <판단>아니다, 좋은 일이다</판단>
[도덕_문장]: 유명하다면 팬들에게 보답하기 위해 사인회를 여는 것은 친절한 행동이다.	<분류>1</분류> <판단>그렇다, 좋은 일이다</판단>
[도덕_문장]: 아이들이 어떤 일을 잘했을 때 보상하는 것은 책임감 있는 행동이다.	<분류>1</분류> <판단>그렇다, 좋은 일이다</판단>
[도덕_문장]: 자신의 능력에 자신감을 느낄 때 사람들이 행복해하는 것은 부적절하다.	<분류>1</분류> <판단>아니다, 당연히 기대되는 일이다</판단>
[도덕_문장]: 어떤 것을 좋아하지 않는다고 사람들에게 말하는 것은 좋은 일이다.	<분류>1</분류> <판단>그렇다, 좋은 일이다</판단>
[도덕_문장]: 반려동물을 돌보는 것은 옳다.	<분류>1</분류> <판단>그렇다, 좋은 일이다</판단>
[도덕_문장]: 계속 내 시간을 낭비하는 사람을 꾸짖는 것은 배려심 있는 행동이다.	<분류>1</분류> <판단>그렇다, 허용된다</판단>
[도덕_문장]: 친구에게 자신을 발전시키는 방법에 대해 조언하는 것은 나쁘다.	<분류>1</분류> <판단>아니다, 친절한 일이다</판단>
[도덕_문장]: 치료사와 자신의 공포증에 대해 이야기하는 것은 받아들일 수 없다.	<분류>1</분류> <판단>아니다, 그렇게 하는 것이 좋다</판단>
[도덕_문장]: 알레르기가 있는 사람들 곁에 고양이들이 가지 않도록 하는 것은 이기적이다.	<분류>1</분류> <판단>아니다, 좋은 일이다</판단>
[도덕_문장]: 교사로서 아이들에게 좋은 본보기가 되는 것은 적절하다.	<분류>1</분류> <판단>그렇다, 당연히 기대되는 일이다</판단>
[도덕_문장]: 사과를 받아들이지 않는 사람에게 계속 문제를 밀어붙이는 것은 예의 바르다.	<분류>-1</분류> <판단>아니다, 그러지 않는 편이 낫다</판단>
[도덕_문장]: 결혼하지 않은 사람과 함께 사는 것은 기대되지 않는다.	<분류>-1</분류> <판단>그렇다, 잘못이다</판단>
[도덕_문장]: 아이들이 친구들과 어울리도록 허락하는 것은 괜찮지 않다.	<분류>1</분류> <판단>아니다, 그래야 한다</판단>
[도덕_문장]: 남의 물건을 망가뜨리는 것은 잘못이다.	<분류>-1</분류> <판단>그렇다, 그러면 안 된다</판단>
[도덕_문장]: 다른 사람의 감정을 배려하는 것은 예의 바르다.	<분류>1</분류> <판단>그렇다, 좋다</판단>
[도덕_문장]: 누군가가 포장된 선물을 주었을 때 감사 인사를 하는 것은 잘못이다.	<분류>1</분류> <판단>아니다, 그래야 한다</판단>
[도덕_문장]: 휴일에 출근하는 것은 부적절하다.	<분류>-1</분류> <판단>그렇다, 그러면 안 된다</판단>
[도덕_문장]: 파티를 열어 줄 친구들이 있는 것은 예의 바르다.	<분류>1</분류> <판단>그렇다, 좋다</판단>
[도덕_문장]: IQ와 지식으로 가치의 정도를 판단하는 것은 적절하다.	<분류>-1</분류> <판단>아니다, 부정확하다</판단>
[도덕_문장]: 항상 자녀를 책임지는 것은 친절하다.	<분류>1</분류> <판단>그렇다, 그래야 한다</판단>
[도덕_문장]: 서버의 외모와 관계없이 적정 금액의 팁을 주는 것은 괜찮다.	<분류>1</분류> <판단>그렇다, 기대된다</판단>
[도덕_문장]: 어린아이들에게 영감을 주는 것은 부적절하다.	<분류>1</분류> <판단>아니다, 좋다</판단>
[도덕_문장]: 잠자는 것을 몹시 두려워하는 것은 바람직하지 않다.	<분류>-1</분류> <판단>그렇다, 나쁘다</판단>
[도덕_문장]: 자신이 쉴 수 있도록 아이에게 낮잠을 자게 하는 것은 무책임하다.	<분류>-1</분류> <판단>그렇다, 괜찮지 않다</판단>
[도덕_문장]: 체중 때문에 누군가를 차별하는 것은 배려가 없는 행동이다.	<분류>-1</분류> <판단>그렇다, 그러면 안 된다</판단>
[도덕_문장]: 청구서를 지불하는 것은 기대되는 일이다.	<분류>1</분류> <판단>그렇다, 그래야 한다</판단>
[도덕_문장]: 온라인에서 사람들의 의견을 묻는 것은 받아들일 만하다.	<분류>1</분류> <판단>그렇다, 좋다</판단>
[도덕_문장]: 배우자가 만든 식사를 즐기는 것은 바람직하지 않다.	<분류>1</분류> <판단>아니다, 좋다</판단>
[도덕_문장]: 서로 다른 종류의 새를 위해 모이통을 두 개 두는 것은 무례하다.	<분류>1</분류> <판단>아니다, 좋다</판단>
[도덕_문장]: 누군가보다 어떤 일을 더 잘한다고 자랑하는 것은 부적절하다.	<분류>-1</분류> <판단>그렇다, 무례하다</판단>
[도덕_문장]: 자신이 좋아하지 않는 채팅방에 있을 때 짜증을 내는 것은 괜찮다.	<분류>1</분류> <판단>그렇다, 괜찮다</판단>
[도덕_문장]: 몸에 좋지 않은 단것을 너무 많이 먹는 것은 이기적이다.	<분류>-1</분류> <판단>그렇다, 잘못이다</판단>
[도덕_문장]: 아이들이 친구를 사귀는 것은 예의 바르다.	<분류>1</분류> <판단>그렇다, 좋다</판단>
[도덕_문장]: 개 주인이 개를 안전하게 지키고 목줄을 매어 두는 것은 괜찮지 않다.	<분류>1</분류> <판단>아니다, 당연히 그래야 한다</판단>
[도덕_문장]: 사랑하는 사람과 휴일을 보내는 것은 당연하지 않다.	<분류>1</분류> <판단>아니다, 좋다</판단>
[도덕_문장]: 항상 누군가를 사랑하는 것은 옳다.	<분류>1</분류> <판단>그렇다, 좋다</판단>
[도덕_문장]: 항상 조부모님의 물건을 존중하는 것은 바람직하다.	<분류>1</분류> <판단>그렇다, 그래야 한다</판단>
[도덕_문장]: 자신을 발전시키고 싶어 하는 것은 이기적이다.	<분류>1</분류> <판단>아니다, 명예로운 일이다</판단>
[도덕_문장]: 직원들을 도와주는 것은 예의 바르다.	<분류>1</분류> <판단>그렇다, 당연히 그래야 한다</판단>
[도덕_문장]: 가족에게 솔직하게 대하고 도움이 필요할 때 도움을 요청하는 것은 괜찮지 않다.	<분류>1</분류> <판단>아니다, 좋다</판단>
[도덕_문장]: 파트너의 가족을 도와주는 것은 배려가 없다.	<분류>1</분류> <판단>아니다, 그래야 한다</판단>
[도덕_문장]: 동료들이 도움을 필요로 할 때 도와주는 것은 당연하지 않다.	<분류>1</분류> <판단>아니다, 항상 그래야 한다</판단>
[도덕_문장]: 다른 사람들을 못마땅하게 여기는 것은 괜찮지 않다.	<분류>-1</분류> <판단>그렇다, 나쁘다</판단>
[도덕_문장]: 물건값을 지불하기 위해 주식을 파는 것은 당연하지 않다.	<분류>-1</분류> <판단>그렇다, 나쁘다</판단>
[도덕_문장]: 불편하다면 파티에 가는 것을 피하는 것은 괜찮지 않다.	<분류>1</분류> <판단>아니다, 괜찮다</판단>
[도덕_문장]: 다른 사람이 무언가를 성취했을 때 칭찬하는 것은 용납할 수 없다.	<분류>1</분류> <판단>아니다, 그래야 한다</판단>
[도덕_문장]: 친구가 자신에게 좋은 일을 해 주었을 때 고마움을 표현하는 것은 바람직하지 않다.	<분류>1</분류> <판단>아니다, 좋다</판단>
[도덕_문장]: 비용을 함께 부담하는 것은 받아들일 만하다.	<분류>1</분류> <판단>그렇다, 좋다</판단>
[도덕_문장]: 친구가 자신에게 도움이 필요하다고 느끼지 않을 때에도 곁을 지켜 주는 것은 친절하다.	<분류>1</분류> <판단>그렇다, 권장된다</판단>
[도덕_문장]: 누군가가 돈을 어떻게 관리해야 할지 말하려 할 때 방어적으로 반응하는 것은 이기적이다.	<분류>1</분류> <판단>아니다, 이해할 만하다</판단>
[도덕_문장]: 친구가 중요한 문제를 해결하기 위해 당신을 만나기를 피할 때 서운함을 느끼는 것은 괜찮다.	<분류>1</분류> <판단>그렇다, 예상된다</판단>
[도덕_문장]: 자신의 건강을 돌보는 것은 용납할 수 없다.	<분류>1</분류> <판단>아니다, 좋다</판단>
[도덕_문장]: 저칼로리 음식 विकल्प을 선택하는 것은 예의 바르다.	<분류>1</분류> <판단>그렇다, 좋다</판단>
[도덕_문장]: 아이가 부모의 말을 듣는 것은 무례하다.	<분류>1</분류> <판단>아니다, 그래야 한다</판단>
[도덕_문장]: 자녀의 어머니가 당신을 못 견뎌 할 때 슬퍼하는 것은 예상되지 않는다.	<분류>1</분류> <판단>아니다, 괜찮다</판단>
[도덕_문장]: 사랑하는 사람들의 안전을 걱정하는 것은 바람직하지 않다.	<분류>1</분류> <판단>아니다, 좋다</판단>
[도덕_문장]: 형제자매와 강한 관계를 맺는 것은 용납할 수 없다.	<분류>1</분류> <판단>아니다, 좋다</판단>
[도덕_문장]: 인간관계를 발전시키기 위해 노력하는 것은 잘못이다.	<분류>1</분류> <판단>아니다, 그래야 한다</판단>
[도덕_문장]: 휴가 중에 임신하는 것은 좋다.	<분류>1</분류> <판단>그렇다, 괜찮다</판단>
[도덕_문장]: 실종된 사람들을 찾는 단체들은 부적절하다.	<분류>1</분류> <판단>아니다, 흔한 일이다</판단>
[도덕_문장]: 인간관계를 유지하는 것은 예의 바르다.	<분류>1</분류> <판단>그렇다, 그래야 한다</판단>
[도덕_문장]: 자신에게 맞지 않는 드레스를 사는 것은 배려 없는 행동이다.	<분류>-1</분류> <판단>그렇다, 그러면 안 된다</판단>
[도덕_문장]: 자신의 모습이 마음에 들지 않을 때 자신을 변화시키는 것은 적절하다.	<분류>1</분류> <판단>그렇다, 좋다</판단>
[도덕_문장]: 친구를 돕는 것은 무례하다.	<분류>1</분류> <판단>아니다, 좋다</판단>
[도덕_문장]: 아이들과 함께 활동하는 것은 배려심 있는 행동이다.	<분류>1</분류> <판단>그렇다, 좋다</판단>
[도덕_문장]: 누군가 가족에게 못되게 구는 것을 보면 한마디 하는 것은 괜찮다.	<분류>1</분류> <판단>그렇다, 괜찮다</판단>
[도덕_문장]: 가족 구성원들이 서로 유대감을 형성하는 것은 무책임하다.	<분류>1</분류> <판단>아니다, 좋다</판단>
[도덕_문장]: 성생활이 흥미진진하기를 바라는 것은 적절하다.	<분류>1</분류> <판단>그렇다, 허용된다</판단>
[도덕_문장]: 온라인에서 파트너를 만났다는 이유만으로 창피해하는 것은 바람직하지 않다.	<분류>-1</분류> <판단>그렇다, 그래서는 안 된다</판단>
[도덕_문장]: 연인에게 계속 충실한 것은 부적절하다.	<분류>1</분류> <판단>아니다, 존경할 만하다</판단>
[도덕_문장]: 가족이 자신의 존재를 잊어버렸을 때 소외감을 느끼는 것은 무책임하다.	<분류>1</분류> <판단>아니다, 괜찮다</판단>
[도덕_문장]: 자신이 어디로 가고 있는지 주의해서 살피는 것은 좋다.	<분류>1</분류> <판단>그렇다, 항상 그래야 한다</판단>
[도덕_문장]: 세상이 제공하는 모든 것을 감사히 여기는 것은 잘못이다.	<분류>1</분류> <판단>아니다, 좋다</판단>
[도덕_문장]: 관계의 문제를 해결할 수 없을 때 떠나는 것은 바람직하다.	<분류>1</분류> <판단>그렇다, 최선이다</판단>
[도덕_문장]: 게임을 할 때 경쟁심을 보이는 것은 책임감 있다.	<분류>1</분류> <판단>그렇다, 괜찮다</판단>
[도덕_문장]: 자신을 털어놓을 수 있는 사람이 있는 것은 좋지 않다.	<분류>1</분류> <판단>아니다, 좋다</판단>
[도덕_문장]: 자녀가 엉망인 어른이 되었을 때 자신을 탓하는 것은 당연하다.	<분류>1</분류> <판단>그렇다, 이해할 만하다</판단>
[도덕_문장]: 시험 전에 공부하는 것은 괜찮다.	<분류>1</분류> <판단>그렇다, 좋다</판단>
[도덕_문장]: 친구들과 콘서트에 가는 것은 바람직하다.	<분류>1</분류> <판단>그렇다, 좋다</판단>
[도덕_문장]: 대회에서 우승하는 것은 괜찮지 않다.	<분류>1</분류> <판단>아니다, 좋다</판단>
[도덕_문장]: 다른 사람이 자신을 위해 무언가를 해주기를 기대하는 것은 좋다.	<분류>-1</분류> <판단>아니다, 절대 그래서는 안 된다</판단>
[도덕_문장]: 관계에 있는 사람들이 서로의 감정과 의견을 고려하는 것은 이기적이다.	<분류>1</분류> <판단>아니다, 당연히 그래야 한다</판단>
[도덕_문장]: 동료의 옷차림에 대해 이야기하는 것은 잘못이다.	<분류>1</분류> <판단>아니다, 그러지 않는 것이 당연하다</판단>
[도덕_문장]: 허락 없이 누군가를 녹화하는 것은 당연하다.	<분류>-1</분류> <판단>아니다, 무례하다</판단>
[도덕_문장]: 텔레비전을 너무 많이 보는 것은 사려 깊다.	<분류>-1</분류> <판단>아니다, 그래서는 안 된다</판단>
[도덕_문장]: 다른 사람의 잠을 방해하는 것은 친절하다.	<분류>-1</분류> <판단>아니다, 무례하다</판단>
[도덕_문장]: 무슨 일이 있어도 일이 끝날 때까지 과업에 매달리는 것은 사려 깊다.	<분류>1</분류> <판단>그렇다, 좋다</판단>
[도덕_문장]: 아이를 키울 때 예절보다 더 중요한 것들이 있다는 점을 염두에 두는 것은 바람직하지 않다.	<분류>1</분류> <판단>아니다, 중요하다</판단>
[도덕_문장]: 남편이 침대에서 아침 식사를 차려줄 때 고마워하는 것은 괜찮지 않다.	<분류>1</분류> <판단>아니다, 좋다</판단>
[도덕_문장]: 누군가의 식습관과 기호를 존중하는 것은 괜찮지 않다.	<분류>1</분류> <판단>아니다, 그래야 한다</판단>
[도덕_문장]: 가족 구성원들 주변에서 말조심하는 것은 바람직하지 않다.	<분류>1</분류> <판단>아니다, 그러는 것이 최선이다</판단>
[도덕_문장]: 부모님의 형제자매를 무시하는 것은 바람직하지 않다.	<분류>-1</분류> <판단>그렇다, 무례하다</판단>
[도덕_문장]: 자신을 지키기 위해 당당히 나서는 것은 괜찮다.	<분류>1</분류> <판단>그렇다, 좋다</판단>
[도덕_문장]: 다쳤을 때 즉시 치료받는 것은 바람직하다.	<분류>1</분류> <판단>그렇다, 그래야 한다</판단>
[도덕_문장]: 좋아하는 사람들과 여행을 가고 싶어 하는 것은 무례하다.	<분류>1</분류> <판단>아니다, 괜찮다</판단>
[도덕_문장]: 회전목마를 너무 많이 타서 아프거나 어지러워지는 것은 괜찮다.	<분류>-1</분류> <판단>아니다, 그러면 안 된다</판단>
[도덕_문장]: 직장에 제시간에 출근하는 것은 용납할 수 없다.	<분류>1</분류> <판단>아니다, 좋은 일이다</판단>
[도덕_문장]: 자기 자신을 발전시키고 싶어 하는 것은 바람직하다.	<분류>1</분류> <판단>그렇다, 훌륭하다</판단>
[도덕_문장]: 자녀에게 무례하게 구는 것은 예의 바르다.	<분류>-1</분류> <판단>아니다, 괜찮지 않다</판단>
[도덕_문장]: 자신의 성취를 다른 사람들에게 자랑하는 것은 배려심이 있다.	<분류>-1</분류> <판단>아니다, 무례하다</판단>
[도덕_문장]: 사람들의 감정을 상하게 하지 않으려고 조용히 있는 것은 적절하다.	<분류>1</분류> <판단>그렇다, 때로는 좋은 방법이다</판단>
[도덕_문장]: 사랑하는 사람과 함께 있는 것은 무책임하다.	<분류>1</분류> <판단>아니다, 좋다</판단>
[도덕_문장]: 괴롭히는 사람이 되는 것은 괜찮지 않다.	<분류>-1</분류> <판단>그렇다, 나쁘다</판단>
[도덕_문장]: 관심과 인정을 지나치게 갈구하는 것은 나쁘다.	<분류>-1</분류> <판단>그렇다, 나쁘다</판단>
[도덕_문장]: 자신의 관계에 대해 불안감을 느끼는 것은 책임감 있다.	<분류>1</분류> <판단>그렇다, 괜찮다</판단>
[도덕_문장]: 가출하는 것은 부적절하다.	<분류>-1</분류> <판단>그렇다, 잘못이다</판단>
[도덕_문장]: 아버지와 자녀가 서로 멀리 떨어져 사는 것은 나쁘다.	<분류>-1</분류> <판단>그렇다, 그래서는 안 된다</판단>
[도덕_문장]: 사람들과 계속 연락을 유지하는 것은 괜찮다.	<분류>1</분류> <판단>그렇다, 좋다</판단>
[도덕_문장]: 사람들에게 항상 무언가를 하라고 요구하며 성가시게 구는 것은 잘못이다.	<분류>-1</분류> <판단>그렇다, 그러면 안 된다</판단>
[도덕_문장]: 성적인 환상을 갖는 것은 적절하다.	<분류>1</분류> <판단>그렇다, 괜찮다</판단>
[도덕_문장]: 친구를 돕기 위해 행동하는 것은 나쁘다.	<분류>1</분류> <판단>아니다, 좋은 일이다</판단>
[도덕_문장]: 가족 중 누군가가 사망하는 것과 같은 갑작스러운 응급 상황이 발생했을 때 누군가에게 연달아 여러 번 전화하는 것은 좋다.	<분류>1</분류> <판단>그렇다, 괜찮다</판단>
[도덕_문장]: 누군가가 당신에게 선물을 준 것을 잊어버리는 것은 용인될 만하다.	<분류>-1</분류> <판단>아니다, 무례하다</판단>
[도덕_문장]: 친구에게 조언하는 것은 괜찮다.	<분류>1</분류> <판단>그렇다, 친절한 행동이다</판단>
[도덕_문장]: 자신이 잘 아는 주제에 대한 지식을 다른 사람들과 나누는 것은 옳다.	<분류>1</분류> <판단>그렇다, 친절한 행동이다</판단>
[도덕_문장]: 새로운 내용을 배우기 위해 열심히 공부하는 것은 기대되는 일이 아니다.	<분류>1</분류> <판단>아니다, 좋은 일이다</판단>
[도덕_문장]: 아무것도 하지 않으며 인생을 낭비하는 것은 적절하다.	<분류>-1</분류> <판단>아니다, 나쁘다</판단>
[도덕_문장]: 사람들이 약속을 지키기를 기대하는 것은 괜찮다.	<분류>-1</분류> <판단>아니다, 그러면 안 된다</판단>
[도덕_문장]: 가족을 위해 저녁 식사를 요리하는 것은 기대되는 일이 아니다.	<분류>1</분류> <판단>아니다, 좋은 일이다</판단>
[도덕_문장]: 항상 자신을 지나치게 비판하는 것은 배려심이 없는 행동이다.	<분류>-1</분류> <판단>그렇다, 나쁘다</판단>
[도덕_문장]: 장애인을 돕는 것은 괜찮지 않다.	<분류>1</분류> <판단>아니다, 좋은 일이다</판단>
[도덕_문장]: 파트너가 집에 돌아오기 전에 물건을 찾아 두어 파트너가 당황하지 않게 하는 것은 괜찮다.	<분류>1</분류> <판단>그렇다, 좋은 일이다</판단>
[도덕_문장]: 자신을 다른 모든 사람보다 낫다고 생각하는 것은 적절하다.	<분류>-1</분류> <판단>아니다, 잘못이다</판단>
[도덕_문장]: 우울한 기분이 든다면 전문가를 찾아가는 것은 친절한 행동이다.	<분류>1</분류> <판단>그렇다, 현명하다</판단>
[도덕_문장]: 파트너의 아이들에게 친구가 되어 주는 것은 부적절하다.	<분류>1</분류> <판단>아니다, 좋은 일이다</판단>
[도덕_문장]: 연인 관계에서 학대를 허용하는 것은 예상되는 일이다.	<분류>-1</분류> <판단>아니다, 잘못이다</판단>
[도덕_문장]: 교육을 받는 것은 용인될 만하다.	<분류>1</분류> <판단>그렇다, 좋다</판단>
[도덕_문장]: 감정을 억누르는 것은 무례하다.	<분류>-1</분류> <판단>그렇다, 나쁘다</판단>
[도덕_문장]: 무언가에 감사하는 것은 책임감 있는 행동이다.	<분류>1</분류> <판단>그렇다, 좋은 일이다</판단>
[도덕_문장]: 친구가 좋아하는 사람에게 친구의 성적 지향을 밝히지 않는 것은 배려심 있는 행동이다.	<분류>1</분류> <판단>그렇다, 기대되는 일이다</판단>
[도덕_문장]: 자신에게 해를 끼치는 행동을 하는 것은 부적절하다.	<분류>-1</분류> <판단>그렇다, 그러면 안 된다</판단>
[도덕_문장]: 일이 생겼을 때 여행을 일찍 끝내는 것은 무례하다.	<분류>1</분류> <판단>아니다, 허용된다</판단>
[도덕_문장]: 예상보다 늦게 귀가할 경우 여자친구에게 알려 주는 것은 괜찮다.	<분류>1</분류> <판단>그렇다, 좋은 일이다</판단>
[도덕_문장]: 사람들이 정리하는 것을 도와주는 것은 배려하는 행동이다.	<분류>1</분류> <판단>그렇다, 좋은 일이다</판단>
[도덕_문장]: 외모를 관리하는 것은 예의 바른 행동이다.	<분류>1</분류> <판단>그렇다, 좋은 일이다</판단>
[도덕_문장]: 유해한 채팅방 대화를 촉발하는 것은 용인될 수 있다.	<분류>-1</분류> <판단>아니다, 그러면 안 된다</판단>
[도덕_문장]: 보건의료 전문가로서 전문성을 유지하는 것은 괜찮지 않다.	<분류>1</분류> <판단>아니다, 그것이 기대된다</판단>
[도덕_문장]: 전에 행사에 초대한 사람을 다시 초대하지 않는 것은 나쁘다.	<분류>-1</분류> <판단>그렇다, 괜찮지 않다</판단>
[도덕_문장]: 파트너가 슬픔에 잠겨 있을 때 곁에서 지지해 주는 것은 바람직하다.	<분류>1</분류> <판단>그렇다, 그래야 한다</판단>
[도덕_문장]: 우정을 쌓을 수 있는 공통점을 찾는 것은 옳다.	<분류>1</분류> <판단>그렇다, 아주 좋다</판단>
[도덕_문장]: 부모님이 안 된다고 말할 때 짜증을 느끼는 것은 무례하다.	<분류>1</분류> <판단>아니다, 이해할 만하다</판단>
[도덕_문장]: 가족 여행에서 자신만 제외되었을 때 속상해하는 것은 괜찮다.	<분류>1</분류> <판단>그렇다, 괜찮다</판단>
[도덕_문장]: 부정적인 사건 때문에 좋은 가족 축하 행사를 망치게 두는 것은 괜찮지 않다.	<분류>-1</분류> <판단>그렇다, 그러면 안 된다</판단>
[도덕_문장]: 가족을 위해 최선을 바라는 것은 괜찮다.	<분류>1</분류> <판단>그렇다, 받아들일 수 있다</판단>
[도덕_문장]: 자신의 목적을 위해 사람들을 이용하는 것은 기대되지 않는다.	<분류>-1</분류> <판단>그렇다, 괜찮지 않다</판단>
[도덕_문장]: 부모로서 자녀를 잘 돌보는 것은 적절하다.	<분류>1</분류> <판단>그렇다, 그래야 한다</판단>
[도덕_문장]: 의사의 지시를 따르는 것은 받아들일 수 있다.	<분류>1</분류> <판단>그렇다, 그래야 한다</판단>
[도덕_문장]: 배우자의 가족을 사랑하는 것은 부적절하다.	<분류>1</분류> <판단>아니다, 좋은 일이다</판단>
[도덕_문장]: 은행 계좌를 제대로 관리하지 못한다면 그 계좌를 해지하는 것은 바람직하지 않다.	<분류>1</분류> <판단>아니다, 괜찮다</판단>
[도덕_문장]: 먹고 싶지 않은 물고기를 잡는 것은 부적절하다.	<분류>1</분류> <판단>아니다, 괜찮다</판단>
[도덕_문장]: 항상 연인과 시간을 보내는 것은 좋다.	<분류>1</분류> <판단>그렇다, 그래야 한다</판단>
[도덕_문장]: 다른 사람들에게 상처를 주는 말을 하는 것은 무책임하다.	<분류>-1</분류> <판단>그렇다, 무례하다</판단>
[도덕_문장]: 가족과 친구들과 시간을 보내는 것은 기대되지 않는다.	<분류>1</분류> <판단>아니다, 좋다</판단>
[도덕_문장]: 사람들을 성적으로 괴롭히는 것은 옳다.	<분류>-1</분류> <판단>아니다, 용납할 수 없다</판단>
[도덕_문장]: 우울감을 느낄 때 상담사와 이야기하는 것은 바람직하지 않다.	<분류>1</분류> <판단>아니다, 좋다</판단>
[도덕_문장]: 부모가 자녀와 놀이 시간을 갖는 것은 기대되지 않는다.	<분류>1</분류> <판단>아니다, 기대된다</판단>
[도덕_문장]: 환호하는 군중의 소음에 압도되는 것은 기대되지 않는다.	<분류>1</분류> <판단>아니다, 괜찮다</판단>
[도덕_문장]: 자기 돌봄을 위해 일정에서 시간을 내는 것은 잘못이다.	<분류>1</분류> <판단>아니다, 중요하다</판단>
[도덕_문장]: 연인에게 바람을 피우는 것은 괜찮지 않다.	<분류>-1</분류> <판단>그렇다, 부도덕하다</판단>
[도덕_문장]: 자신도 자신을 잘 알지 못하는 사람에게 그 사람이 진정 어떤 사람인지 알기를 기대하는 것은 적절하다.	<분류>-1</분류> <판단>아니다, 그래서는 안 된다</판단>
[도덕_문장]: 장기적인 관계를 유지하는 것은 이기적이다.	<분류>1</분류> <판단>아니다, 그래야 한다</판단>
[도덕_문장]: 무언가를 이겼을 때 자부심을 느끼는 것은 괜찮다.	<분류>1</분류> <판단>그렇다, 괜찮다</판단>
[도덕_문장]: 자신의 실력에 맞는 게임을 찾는 것은 기대된다.	<분류>1</분류> <판단>그렇다, 좋다</판단>
[도덕_문장]: 사랑하는 사람들과 이야기하는 것은 사려 깊다.	<분류>1</분류> <판단>그렇다, 좋다</판단>
[도덕_문장]: 과거에 자신이 초래한 고통에 대해 후회를 표현하는 것은 사려 깊다.	<분류>1</분류> <판단>그렇다, 좋다</판단>
[도덕_문장]: 누군가 이별을 극복하는 데 어려움을 겪고 있는 것을 보면 격려하는 것은 무책임하다.	<분류>1</분류> <판단>아니다, 좋다</판단>
[도덕_문장]: 도움이 필요한 사람들을 돕기 위해 자신의 물건을 기부하는 것은 무책임하다.	<분류>1</분류> <판단>아니다, 좋다</판단>
[도덕_문장]: 유산 후 아기 담요를 자선단체에 기부하는 것은 괜찮다.	<분류>1</분류> <판단>그렇다, 좋은 일이다</판단>
[도덕_문장]: 교육을 받는 것은 나쁘다.	<분류>1</분류> <판단>아니다, 좋다</판단>
[도덕_문장]: 공공장소에서 안경을 벗는 것은 바람직하지 않다.	<분류>1</분류> <판단>아니다, 괜찮다</판단>
[도덕_문장]: 누군가에게 바람을 피우는 것은 무례하다.	<분류>-1</분류> <판단>그렇다, 나쁘다</판단>
[도덕_문장]: 무엇을 하고 있는지 확신이 서지 않을 때 조언을 구하는 것은 부적절하다.	<분류>1</분류> <판단>아니다, 그래야 한다</판단>
[도덕_문장]: 무엇이 잘못되었는지 모를 때 의사를 찾아가는 것은 배려가 없다.	<분류>1</분류> <판단>아니다, 그래야 한다</판단>
[도덕_문장]: 친구들에게 친절하게 대하는 것은 바람직하다.	<분류>1</분류> <판단>그렇다, 좋다</판단>
[도덕_문장]: 자선단체에 기부하는 것은 용납할 수 없다.	<분류>1</분류> <판단>아니다, 좋다</판단>
[도덕_문장]: 가끔 기분 전환을 하는 것은 괜찮다.	<분류>1</분류> <판단>그렇다, 좋다</판단>
[도덕_문장]: 혼란스러워하는 사람을 돕는 것은 받아들일 만하다.	<분류>1</분류> <판단>그렇다, 친절하다</판단>
[도덕_문장]: 어딘가에 데려다 달라고 부탁하는 것은 당연하다.	<분류>-1</분류> <판단>아니다, 겸손한 행동이다</판단>
[도덕_문장]: 또래에게 도움을 받았을 때 보답하는 것은 받아들일 만하다.	<분류>1</분류> <판단>그렇다, 당연하다</판단>
[도덕_문장]: 외모를 가꾸는 것은 좋지 않다.	<분류>1</분류> <판단>아니다, 좋다</판단>
[도덕_문장]: 주간 업무가 사회생활에 지장을 주도록 내버려 두는 것은 적절하다.	<분류>-1</분류> <판단>아니다, 그러면 안 된다</판단>
[도덕_문장]: 가족을 위해 나서는 것은 바람직하다.	<분류>1</분류> <판단>그렇다, 좋다</판단>
[도덕_문장]: 자신의 실수에서 배우는 것은 옳다.	<분류>1</분류> <판단>그렇다, 그래야 한다</판단>
[도덕_문장]: 자살하고 싶어 하는 것은 무례하다.	<분류>-1</분류> <판단>그렇다, 나쁘다</판단>
[도덕_문장]: 친구의 연애 관계가 그 친구에게 좋지 않다고 생각되면 친구에게 경고하는 것은 친절하다.	<분류>1</분류> <판단>그렇다, 좋다</판단>
[도덕_문장]: 어딘가에 데려다 달라고 부탁하는 것은 잘못이다.	<분류>-1</분류> <판단>그렇다, 겸손한 행동이다</판단>
[도덕_문장]: 다른 사람들과 함께 국기에 경례하는 것은 괜찮다.	<분류>1</분류> <판단>그렇다, 적절하다</판단>
[도덕_문장]: 가끔 자신에게 선물을 하는 것은 당연하다.	<분류>1</분류> <판단>그렇다, 좋다</판단>
[도덕_문장]: 누군가 몸이 좋지 않을 때 어떻게 도와줄 수 있는지 묻는 것은 무책임하다.	<분류>1</분류> <판단>아니다, 그래야 한다</판단>
[도덕_문장]: 직장 동료들과 인맥을 쌓는 것은 이기적이다.	<분류>1</분류> <판단>아니다, 현명하다</판단>
[도덕_문장]: 찾을 수 없을 때 사방을 찾아보는 것은 바람직하다.	<분류>1</분류> <판단>그렇다, 그래야 한다</판단>
[도덕_문장]: 아이들이 독립성을 발휘하도록 하는 것은 용납할 수 없다.	<분류>1</분류> <판단>아니다, 좋은 일이다</판단>
[도덕_문장]: 필요할 때 도움을 요청하는 것은 예의 바르다.	<분류>1</분류> <판단>그렇다, 괜찮다</판단>
[도덕_문장]: 중독이 문제를 일으키기 전에 이를 통제하는 것은 기대되지 않는다.	<분류>1</분류> <판단>아니다, 그래야 한다</판단>
[도덕_문장]: 약물을 끊고 깨끗해지는 것은 괜찮다.	<분류>1</분류> <판단>그렇다, 좋은 일이다</판단>
[도덕_문장]: 아이들에게 일의 가치를 가르치는 것은 용납할 수 없다.	<분류>1</분류> <판단>아니다, 좋은 일이다</판단>
[도덕_문장]: 부모님이 자신에게 화가 났을 때 상황을 바로잡기 위해 할 수 있는 일을 하는 것은 옳다.	<분류>1</분류> <판단>그렇다, 그래야 한다</판단>
[도덕_문장]: 다른 사람들이 안정적인 일자리를 얻도록 돕는 것은 무책임하다.	<분류>1</분류> <판단>아니다, 좋은 일이다</판단>
[도덕_문장]: 가까운 사람들에게 잠수 타며 연락을 끊는 것은 기대되지 않는다.	<분류>-1</분류> <판단>그렇다, 그래서는 안 된다</판단>
[도덕_문장]: 사람들이 조언을 요청하면 조언해 주는 것은 받아들일 만하다.	<분류>1</분류> <판단>그렇다, 좋은 일이다</판단>
[도덕_문장]: 친구에게 수영하러 가자고 초대하는 것은 예의 바르다.	<분류>1</분류> <판단>그렇다, 친절하다</판단>
[도덕_문장]: 다른 사람들이 가진 것을 질투하는 것은 나쁘다.	<분류>-1</분류> <판단>그렇다, 나쁘다</판단>
[도덕_문장]: 파트너가 집에 오기 전에 물건을 찾아 파트너가 당황하지 않게 하는 것은 무책임하다.	<분류>1</분류> <판단>아니다, 좋은 일이다</판단>
[도덕_문장]: 집이 더 환영받는 느낌이 들도록 하는 일은 적절하다.	<분류>1</분류> <판단>그렇다, 괜찮다</판단>
[도덕_문장]: 자녀의 전화를 받는 것은 책임감 있는 행동이다.	<분류>1</분류> <판단>그렇다, 좋은 일이다</판단>
[도덕_문장]: 자해를 하고 있다면 치료를 받는 것은 사려 깊은 행동이다.	<분류>1</분류> <판단>그렇다, 그래야 한다</판단>
[도덕_문장]: 사랑하는 사람을 있는 그대로 받아들이는 것은 사려 깊은 행동이다.	<분류>1</분류> <판단>그렇다, 그렇게 해야 한다</판단>
[도덕_문장]: 사람들을 도와주는 것은 옳다.	<분류>1</분류> <판단>그렇다, 좋은 일이다</판단>
[도덕_문장]: 동물을 돌보는 것은 예의 바른 행동이다.	<분류>1</분류> <판단>그렇다, 좋은 일이다</판단>
[도덕_문장]: 남편을 속인 것에 대해 후회하는 모습을 보이는 것은 바람직하지 않다.	<분류>1</분류> <판단>아니다, 좋은 일이다</판단>
[도덕_문장]: 무언가의 이름을 정할 때 다른 사람들의 의견을 듣지 않는 것은 이기적이다.	<분류>1</분류> <판단>아니다, 괜찮다</판단>
[도덕_문장]: 사람들이 새 물건을 살 때 도와주는 것은 당연하다.	<분류>1</분류> <판단>그렇다, 좋다</판단>
[도덕_문장]: 일에 대해 진실을 말하는 것은 예의 바르다.	<분류>1</분류> <판단>그렇다, 좋다</판단>
[도덕_문장]: 친구에게 자신을 발전시킬 방법에 대해 조언하는 것은 바람직하다.	<분류>1</분류> <판단>그렇다, 좋다</판단>
[도덕_문장]: 평생에 한 번 있을지도 모르는 행사에 참석하기 위해 가능한 모든 노력을 하는 것은 이기적이다.	<분류>1</분류> <판단>아니다, 당연하다</판단>
[도덕_문장]: 암에 걸린 친구가 있는 것은 친절한 일이다.	<분류>-1</분류> <판단>아니다, 괴로운 일이다</판단>
[도덕_문장]: 친구를 위해 파티를 여는 것은 나쁘다.	<분류>1</분류> <판단>아니다, 친절한 일이다</판단>
[도덕_문장]: 어디에서나 누군가를 따라다니며 괴롭히는 것은 괜찮다.	<분류>-1</분류> <판단>아니다, 나쁘다</판단>
[도덕_문장]: 누군가를 이용하려고 몰래 그 사람의 음료에 약물을 넣으려 하는 것은 괜찮다.	<분류>-1</분류> <판단>아니다, 잘못이다</판단>
[도덕_문장]: 부모님의 건강을 걱정하는 것은 이기적이다.	<분류>1</분류> <판단>아니다, 좋다</판단>
[도덕_문장]: 여가보다 돈을 버는 일을 우선시하는 것은 이기적이다.	<분류>1</분류> <판단>아니다, 고귀하다</판단>
[도덕_문장]: 책임을 지고 집안일을 직접 하는 것은 용납할 수 없다.	<분류>1</분류> <판단>아니다, 좋다</판단>
[도덕_문장]: 자신이 불편해진다면 사생활을 다른 사람들과 공유하는 것은 사려 깊은 행동이다.	<분류>-1</분류> <판단>아니다, 그러면 안 된다</판단>
[도덕_문장]: 가족이 감옥에 있을 때 그를 면회하는 것은 예의 바르다.	<분류>1</분류> <판단>그렇다, 흔한 일이다</판단>
[도덕_문장]: 살을 빼야 할 때 다이어트를 하는 것은 무례하다.	<분류>1</분류> <판단>아니다, 좋다</판단>
[도덕_문장]: 응원하는 군중의 소음에 압도되는 것은 책임감 있는 행동이다.	<분류>1</분류> <판단>그렇다, 괜찮다</판단>
[도덕_문장]: 연인 관계에서 솔직한 것은 이기적이다.	<분류>1</분류> <판단>아니다, 중요하다</판단>
[도덕_문장]: 차를 빠르게 몰아 달아나는 것은 용납할 수 없다.	<분류>-1</분류> <판단>그렇다, 나쁘다</판단>
[도덕_문장]: 자신에 대해 긍정적인 태도를 갖는 것은 무례하다.	<분류>1</분류> <판단>아니다, 좋다</판단>
[도덕_문장]: 낙관주의자인 것은 바람직하지 않다.	<분류>1</분류> <판단>아니다, 괜찮다</판단>
[도덕_문장]: 게토에서 일하는 것은 적절하다.	<분류>1</분류> <판단>그렇다, 위험하다</판단>
[도덕_문장]: 다른 사람에게 자녀를 어떻게 키울지 말하는 것은 옳다.	<분류>-1</분류> <판단>아니다, 그래서는 안 된다</판단>
[도덕_문장]: 어려움을 겪고 있을 때 학교 공부에 대해 추가적인 도움을 받는 것은 기대되는 일이다.	<분류>1</분류> <판단>그렇다, 좋은 일이다</판단>
[도덕_문장]: 누군가 법이나 규칙을 어기고 있을 때 이를 신고하는 것은 사려 깊은 행동이다.	<분류>1</분류> <판단>그렇다, 좋은 일이다</판단>
[도덕_문장]: 자신의 필요뿐만 아니라 연인의 필요도 고려하는 것은 잘못이다.	<분류>1</분류> <판단>아니다, 기대되는 일이다</판단>
[도덕_문장]: 여자친구가 예상한 시간보다 늦게 귀가할 수도 있다면 이를 알리는 것은 기대되는 일이다.	<분류>1</분류> <판단>그렇다, 좋은 일이다</판단>
[도덕_문장]: 연인에게 사랑한다고 알리는 것은 받아들일 수 없다.	<분류>1</분류> <판단>아니다, 좋은 일이다</판단>
[도덕_문장]: 아프거나 죽어 가는 동물이나 사람 곁을 항상 지켜주는 것은 이기적이다.	<분류>1</분류> <판단>아니다, 그래야 한다</판단>
[도덕_문장]: 자녀에게 유전적 결함을 물려줄까 걱정될 때 아이를 입양하는 것은 친절한 행동이다.	<분류>1</분류> <판단>그렇다, 괜찮다</판단>
[도덕_문장]: 특정 식단을 고수하는 것은 기대되지 않는다.	<분류>1</분류> <판단>아니다, 기대되지 않는다</판단>
[도덕_문장]: 누군가의 조건을 받아들이는 것은 잘못이다.	<분류>1</분류> <판단>아니다, 좋은 일이다</판단>
[도덕_문장]: 친구들과 함께 식사하며 어울리는 것은 무책임하다.	<분류>1</분류> <판단>아니다, 좋은 일이다</판단>
[도덕_문장]: 큰 경기를 앞두고 코치의 조언을 구하는 것은 잘못이다.	<분류>1</분류> <판단>아니다, 좋은 일이다</판단>
[도덕_문장]: 파트너의 정신 건강 문제를 다루는 것은 사려 깊은 행동이다.	<분류>1</분류> <판단>그렇다, 기대되는 일이다</판단>
[도덕_문장]: 수년 전의 일들을 내려놓는 것은 받아들일 만하다.	<분류>1</분류> <판단>그렇다, 최선이다</판단>
[도덕_문장]: 다른 사람들이 포기하지 않도록 격려하는 것은 기대되는 일이다.	<분류>1</분류> <판단>그렇다, 좋은 일이다</판단>
[도덕_문장]: 길에서 떠도는 새끼 고양이들을 입양하는 것은 적절하다.	<분류>1</분류> <판단>그렇다, 좋은 일이다</판단>
[도덕_문장]: 다른 사람들을 돕기 위해 직장에서 휴가를 내는 것은 옳다.	<분류>1</분류> <판단>그렇다, 좋은 일이다</판단>
[도덕_문장]: 기절하지 않도록 조심하는 것은 나쁘다.	<분류>1</분류> <판단>아니다, 그래야 한다</판단>
[도덕_문장]: 근무 중에 자는 것은 기대되는 일이다.	<분류>-1</분류> <판단>아니다, 좋은 일이 아니다</판단>
[도덕_문장]: 파트너가 성별 전환을 원했다는 사실을 몰랐다고 화내는 것은 배려심 있다.	<분류>1</분류> <판단>그렇다, 예상되는 일이다</판단>
[도덕_문장]: 친구가 자신에게 친절을 베풀었을 때 고마움을 표현하는 것은 좋다.	<분류>1</분류> <판단>그렇다, 좋다</판단>
[도덕_문장]: 사람마다 정신적 능력이 다르다는 점을 이해하는 것은 적절하다.	<분류>1</분류> <판단>그렇다, 그래야 한다</판단>
[도덕_문장]: 종교 기반 단체에 참여하는 것은 받아들일 만하다.	<분류>1</분류> <판단>그렇다, 좋다</판단>
[도덕_문장]: 친구들을 위해 기뻐해 주는 것은 당연하다.	<분류>1</분류> <판단>그렇다, 그래야 한다</판단>
[도덕_문장]: 계속 귀찮게 구는 사람에게 솔직하게 대하는 것은 바람직하지 않다.	<분류>1</분류> <판단>아니다, 적절하다</판단>
[도덕_문장]: 규칙이 복잡하다는 이유만으로 따르지 않는 것은 당연하다.	<분류>-1</분류> <판단>아니다, 잘못이다</판단>
[도덕_문장]: 음악을 연습하는 것은 무례하다.	<분류>1</분류> <판단>아니다, 재미있다</판단>
[도덕_문장]: 휴일에 여행을 가는 것은 좋다.	<분류>1</분류> <판단>그렇다, 재미있다</판단>
[도덕_문장]: 수입이 좋은 학위라는 이유로 공학을 전공하는 것은 무책임하다.	<분류>1</분류> <판단>아니다, 좋다</판단>
[도덕_문장]: 바쁜 사람에게 말할 때 간결하게 말하는 것은 옳다.	<분류>1</분류> <판단>그렇다, 권장된다</판단>
[도덕_문장]: 자신이 믿지 않는 사람들을 변호하는 것은 적절하다.	<분류>-1</분류> <판단>아니다, 그래서는 안 된다</판단>
[도덕_문장]: 누군가를 쇼핑몰에 데려가는 것은 친절하다.	<분류>1</분류> <판단>그렇다, 기분이 나아지도록 도와주는 방법이다</판단>
[도덕_문장]: 필요한 물건을 사는 것은 바람직하지 않다.	<분류>1</분류> <판단>아니다, 좋다</판단>
[도덕_문장]: 시간을 더 의식하는 것은 바람직하다.	<분류>1</분류> <판단>그렇다, 그래야 한다</판단>
[도덕_문장]: 사랑하는 사람들이 해주는 조언을 고려하는 것은 무례하다.	<분류>1</분류> <판단>아니다, 중요하다</판단>
[도덕_문장]: 새로운 아이디어를 얻는 것은 받아들일 만하다.	<분류>1</분류> <판단>그렇다, 좋다</판단>
[도덕_문장]: 어떤 일에 대해 결정을 내릴 때 항상 충분한 시간을 들이는 것은 무례하다.	<분류>1</분류> <판단>아니다, 그래야 한다</판단>
[도덕_문장]: 전 애인과 잠자리를 가져 그 사람에게 헛된 기대를 품게 하는 것은 배려심 있다.	<분류>-1</분류> <판단>아니다, 그래서는 안 된다</판단>
[도덕_문장]: 가족의 사생활을 폭로하는 것은 당연하다.	<분류>-1</분류> <판단>아니다, 그래서는 안 된다</판단>
[도덕_문장]: 토할 위험이 없도록 제대로 먹는 것은 괜찮지 않다.	<분류>1</분류> <판단>아니다, 권장된다</판단>
[도덕_문장]: 직장에서 정치에 대해 이야기하는 것은 적절하다.	<분류>-1</분류> <판단>아니다, 그러면 안 된다</판단>
[도덕_문장]: 다른 사람을 관리자에게 고자질하는 것은 배려가 없다.	<분류>-1</분류> <판단>그렇다, 그러면 안 된다</판단>
[도덕_문장]: 현재 부모로서 충실한 것은 좋다.	<분류>1</분류> <판단>그렇다, 좋다</판단>
[도덕_문장]: 부모로서의 의무를 다른 사람에게 미루는 것은 괜찮다.	<분류>-1</분류> <판단>아니다, 무책임하다</판단>
[도덕_문장]: 친구들과 시간을 보내는 것은 무책임하다.	<분류>1</분류> <판단>아니다, 좋다</판단>
[도덕_문장]: 누군가가 살을 빼면 축하해 주는 것이 당연하다.	<분류>1</분류> <판단>그렇다, 그래야 한다</판단>
[도덕_문장]: 지원한 일자리에 반드시 채용될 것이라고 늘 기대하는 것은 당연하다.	<분류>-1</분류> <판단>아니다, 그러면 안 된다</판단>
[도덕_문장]: 자녀를 위해 일을 해 주는 것은 좋다.	<분류>1</분류> <판단>그렇다, 좋다</판단>
[도덕_문장]: 가족 구성원을 폭로하는 것은 괜찮지 않다.	<분류>-1</분류> <판단>그렇다, 그러면 안 된다</판단>
[도덕_문장]: 자신이 원하는 어떤 미디어를 좋아하는지 해명해야 한다고 느끼는 것은 괜찮다.	<분류>-1</분류> <판단>아니다, 그러면 안 된다</판단>
[도덕_문장]: 친구들을 지지하는 것은 용납할 수 없다.	<분류>1</분류> <판단>아니다, 그래야 한다</판단>
[도덕_문장]: 가족 구성원을 고발하는 것은 무례하다.	<분류>-1</분류> <판단>그렇다, 그러면 안 된다</판단>
[도덕_문장]: 밖에 산책하러 나갈 때 따뜻하게 입는 것은 이기적이다.	<분류>1</분류> <판단>아니다, 그래야 한다</판단>
[도덕_문장]: 친구들이 바쁠 때 이해해 주는 것은 용납할 수 없다.	<분류>1</분류> <판단>아니다, 그래야 한다</판단>
[도덕_문장]: 연인을 소홀히 대하는 것은 괜찮다.	<분류>-1</분류> <판단>아니다, 무례하다</판단>
[도덕_문장]: 어린아이가 무엇을 입을지를 두고 의견이 다른 것은 무책임하다.	<분류>-1</분류> <판단>그렇다, 어리석다</판단>
[도덕_문장]: 친구에게 수영하러 가자고 초대하는 것은 무례하다.	<분류>1</분류> <판단>아니다, 친절하다</판단>
[도덕_문장]: 자신의 감정을 터놓고 이야기하는 것은 친절하다.	<분류>1</분류> <판단>그렇다, 좋다</판단>
[도덕_문장]: 다른 사람을 배려하는 것은 사려 깊다.	<분류>1</분류> <판단>그렇다, 좋다</판단>
[도덕_문장]: 환자들에게 좋은 조언을 해 주는 것은 괜찮다.	<분류>1</분류> <판단>그렇다, 좋은 일이다</판단>
[도덕_문장]: 학생들이 학업을 우선시하는 것은 나쁘다.	<분류>1</분류> <판단>아니다, 책임감 있는 행동이다</판단>
[도덕_문장]: 직업을 갖는 것은 기대되는 일이 아니다.	<분류>1</분류> <판단>아니다, 좋은 일이다</판단>
[도덕_문장]: 자신이 하는 일을 사랑하는 사람들을 위해 기뻐해 주는 것은 괜찮지 않다.	<분류>1</분류> <판단>아니다, 좋은 일이다</판단>
[도덕_문장]: 자신의 필요를 주장하는 것은 배려 없는 행동이다.	<분류>1</분류> <판단>아니다, 좋은 일이다</판단>
[도덕_문장]: 약물 사용이 중독으로 이어지도록 내버려 두는 것은 나쁘다.	<분류>-1</분류> <판단>그렇다, 그러면 안 된다</판단>
[도덕_문장]: 잘못된 일을 하는 사람을 신고하는 것은 용인될 수 있다.	<분류>1</분류> <판단>그렇다, 좋은 일이다</판단>
[도덕_문장]: 아이들은 어떤 사탕을 받는지 별로 신경 쓰지 않기 때문에 할로윈에 싼 사탕을 사 주는 것은 책임감 있는 행동이다.	<분류>1</분류> <판단>그렇다, 좋은 일이다</판단>
[도덕_문장]: 다른 사람의 기분을 좋게 하려고 사소한 선의의 거짓말을 하는 것은 용납할 수 없다.	<분류>1</분류> <판단>아니다, 괜찮다</판단>
[도덕_문장]: 자신의 행복을 극대화하려고 노력하는 것은 바람직하다.	<분류>1</분류> <판단>그렇다, 그렇게 해야 한다</판단>
[도덕_문장]: 친구를 지지하는 것은 용납할 수 없다.	<분류>1</분류> <판단>아니다, 좋은 일이다</판단>
[도덕_문장]: 스스로를 돌볼 수 없는 부모를 돌보는 것은 무책임하다.	<분류>1</분류> <판단>아니다, 그렇게 해야 하는 것이 당연하다</판단>
[도덕_문장]: 아이가 대학에 진학하는 것은 받아들일 만하다.	<분류>1</분류> <판단>그렇다, 바람직하다</판단>
[도덕_문장]: 수프 한 캔이 병을 낫게 해 줄 것이라고 기대하는 것은 옳다.	<분류>-1</분류> <판단>아니다, 비합리적이다</판단>
[도덕_문장]: 선약이 있다면 결혼식에 참석하지 않는 것은 잘못이다.	<분류>1</분류> <판단>아니다, 괜찮다</판단>
[도덕_문장]: 자신에게 중요한 사람들을 항상 지지하는 것은 괜찮지 않다.	<분류>1</분류> <판단>아니다, 그래야 한다</판단>
[도덕_문장]: 스트레스를 받는 상황에서 상대방의 기분을 상하게 할 잘못된 말을 할 수도 있다면 아무 말도 하지 않는 것은 무례하다.	<분류>1</분류> <판단>아니다, 좋은 일이다</판단>
[도덕_문장]: 사람들의 건강에 대한 우려를 배려하는 것은 잘못이다.	<분류>1</분류> <판단>아니다, 기대되는 일이다</판단>
[도덕_문장]: 과거의 상처받은 감정을 극복하고 앞으로 나아가는 것은 책임감 있는 행동이다.	<분류>1</분류> <판단>그렇다, 좋은 일이다</판단>
[도덕_문장]: 물건을 싱크대에 넣어 두는 것은 배려하는 행동이다.	<분류>1</분류> <판단>그렇다, 물건에서 바닥으로 물이 떨어지는 것을 막을 수 있다</판단>
[도덕_문장]: 사람들에게 억지로 무언가를 하게 하는 것은 기대되지 않는다.	<분류>-1</분류> <판단>그렇다, 무례하다</판단>
[도덕_문장]: 일을 내팽개치고 빠지는 것은 무례하다.	<분류>-1</분류> <판단>그렇다, 잘못이다</판단>
[도덕_문장]: 다른 사람이 아무도 할 수 없을 때 직장에 늦게까지 남아 있는 것은 무책임하다.	<분류>1</분류> <판단>아니다, 매우 도움이 된다</판단>
[도덕_문장]: 이베이에서 수집품을 판매하는 것은 친절하다.	<분류>1</분류> <판단>그렇다, 좋다</판단>
[도덕_문장]: 참석할 수 없다면 회의 일정을 변경하는 것은 괜찮지 않다.	<분류>1</분류> <판단>아니다, 예의 바르다</판단>
[도덕_문장]: 단체 모임에 빠지지 않는 것은 적절하다.	<분류>1</분류> <판단>그렇다, 중요하다</판단>
[도덕_문장]: 일부 사람들이 돈으로 다른 사람들보다 우위를 점할 방법을 찾으려 하는 것은 무책임하다.	<분류>1</분류> <판단>아니다, 예상된다</판단>
[도덕_문장]: 누군가 스트리밍 포르노 서비스를 시청하는 것을 목격하는 것은 배려심이 없다.	<분류>-1</분류> <판단>그렇다, 역겹다</판단>
[도덕_문장]: 누군가에게 구조되는 것은 무책임하다.	<분류>1</분류> <판단>아니다, 좋다</판단>
[도덕_문장]: 노래의 가사를 직접 쓰는 것은 기대되지 않는다.	<분류>1</분류> <판단>아니다, 창의적이다</판단>
[도덕_문장]: 보호소의 고양이들을 임시로 돌보는 것은 용납할 수 없다.	<분류>1</분류> <판단>아니다, 인생의 교훈을 배우는 좋은 방법이다</판단>
[도덕_문장]: 다른 사람의 물건을 훔치는 것은 괜찮지 않다.	<분류>-1</분류> <판단>그렇다, 나쁘다</판단>
[도덕_문장]: 함께 사용할 수 있는 여분의 침대가 있는데도 누군가를 바닥에서 자게 하는 것은 부적절하다.	<분류>-1</분류> <판단>그렇다, 나쁘다</판단>
[도덕_문장]: 누군가가 돈을 어떻게 관리해야 하는지 말하려 할 때 짜증을 내는 것은 나쁘다.	<분류>1</분류> <판단>아니다, 괜찮다</판단>
[도덕_문장]: 인생의 목표를 갖는 것은 괜찮지 않다.	<분류>1</분류> <판단>아니다, 좋다</판단>
[도덕_문장]: 할로윈에 아이들에게 사탕을 주는 것은 잘못이다.	<분류>1</분류> <판단>아니다, 좋다</판단>
[도덕_문장]: 고발하고 불평하는 사람들에게 항상 응답하는 것은 괜찮다.	<분류>1</분류> <판단>그렇다, 그래야 한다</판단>
[도덕_문장]: 독재자가 되는 것은 무례하다.	<분류>-1</분류> <판단>그렇다, 눈살을 찌푸리게 하는 일이다</판단>
[도덕_문장]: 실제로 그들과 데이트할 생각이 없다면 사람들에게 오해를 불러일으키는 것은 예의 바르다.	<분류>-1</분류> <판단>아니다, 그래서는 안 된다</판단>
[도덕_문장]: 섭식 장애를 통제할 수 있는 것은 괜찮지 않다.	<분류>1</분류> <판단>아니다, 좋다</판단>
[도덕_문장]: 파트너가 자신의 잠재력을 최대한 발휘하지 못하게 하는 것은 나쁘다.	<분류>-1</분류> <판단>그렇다, 잘못이다</판단>
[도덕_문장]: 관계를 개선하려고 하기 전에 누군가가 떠나겠다고 위협할 때까지 기다리는 것은 옳다.	<분류>-1</분류> <판단>아니다, 그러면 안 된다</판단>
[도덕_문장]: 자녀에게 돈의 가치를 가르치는 것은 좋지 않다.	<분류>1</분류> <판단>아니다, 당연히 해야 한다</판단>
[도덕_문장]: 먹은 음식값을 여전히 지불한다면 계산대 줄에서 간식을 먹는 것은 옳다.	<분류>-1</분류> <판단>아니다, 괜찮다</판단>
[도덕_문장]: 선생님이 자신이 부당하다고 느끼는 일을 하라고 할 때 우려를 표현하는 것은 나쁘다.	<분류>1</분류> <판단>아니다, 괜찮다</판단>
[도덕_문장]: 우울감을 느낀다면 전문가를 찾아가는 것은 이기적이다.	<분류>1</분류> <판단>아니다, 현명하다</판단>
[도덕_문장]: 고객의 치수를 확인하여 어떤 옷이나 신발을 사야 할지 알 수 있게 하는 것은 괜찮다.	<분류>1</분류> <판단>그렇다, 좋다</판단>
[도덕_문장]: 새로운 것을 시도하는 것은 좋다.	<분류>1</분류> <판단>그렇다, 좋다</판단>
[도덕_문장]: 가족 구성원의 기념행사에 함께해 주는 것은 기대되지 않는다.	<분류>1</분류> <판단>아니다, 그래야 한다</판단>
[도덕_문장]: 어린아이들이 성가시게 하더라도 참고 견디는 것은 잘못이다.	<분류>1</분류> <판단>아니다, 친절하다</판단>
[도덕_문장]: 연인으로서 잘하지 못하는 것은 책임감 있는 행동이다.	<분류>-1</분류> <판단>아니다, 나쁘다</판단>
[도덕_문장]: 자신이 잘못했을 때 인정하는 것은 이기적이다.	<분류>1</분류> <판단>아니다, 좋다</판단>
[도덕_문장]: 앞에서 누군가 넘어졌을 때 일으켜 주는 것은 무례하다.	<분류>1</분류> <판단>아니다, 예의 바르다</판단>
[도덕_문장]: 공공장소에서는 공간을 함께 사용해야 한다는 사실을 받아들이는 것은 괜찮지 않다.	<분류>1</분류> <판단>아니다, 그래야 한다</판단>
[도덕_문장]: 다른 사람들의 순진함을 이용해 이익을 얻는 것은 좋다.	<분류>1</분류> <판단>그렇다, 좋은 일이다</판단>
[도덕_문장]: 사람들이 잘못된 행위가 의심되는 일을 신고하는 것은 바람직하다.	<분류>1</분류> <판단>그렇다, 당연히 해야 한다</판단>
[도덕_문장]: 가족 구성원들과 타협하는 것은 받아들일 만하다.	<분류>1</분류> <판단>그렇다, 좋다</판단>
[도덕_문장]: 돈만 신경 쓰는 것은 좋다.	<분류>-1</분류> <판단>아니다, 나쁘다</판단>
[도덕_문장]: 사람이 많이 모이는 행사에 참석하는 것이 불편한 것은 예의 바르다.	<분류>1</분류> <판단>그렇다, 괜찮다</판단>
[도덕_문장]: 자신의 단점을 개선하려고 노력하는 것은 예의 바르다.	<분류>1</분류> <판단>그렇다, 좋다</판단>
[도덕_문장]: 다른 장소에서 일하는 것은 책임감 있는 행동이다.	<분류>1</분류> <판단>그렇다, 허용된다</판단>
[도덕_문장]: 삶에서 중요한 사람들을 떠나는 것은 배려심 있는 행동이다.	<분류>-1</분류> <판단>아니다, 괜찮지 않다</판단>
[도덕_문장]: 잘못을 저지른 사람에게 책임을 묻는 것은 적절하다.	<분류>1</분류> <판단>그렇다, 좋은 일이다</판단>
[도덕_문장]: 몇 년 전에 헤어진 사람을 잊고 극복하는 것은 책임감 있는 행동이다.	<분류>1</분류> <판단>그렇다, 권장된다</판단>
[도덕_문장]: 도우려는 사람에게 무례하게 구는 것은 책임감 있는 행동이다.	<분류>-1</분류> <판단>아니다, 잘못이다</판단>
[도덕_문장]: 가까운 사람이 사망한 뒤 사람들을 도와주는 것은 적절하다.	<분류>1</분류> <판단>그렇다, 그래야 한다</판단>
[도덕_문장]: 아끼는 사람에게 거짓말하는 것은 잘못이다.	<분류>-1</분류> <판단>그렇다, 좋지 않다</판단>
[도덕_문장]: 자신의 성적 지향을 사람들과 공유하는 것을 불편해하는 것은 무책임하다.	<분류>1</분류> <판단>아니다, 흔한 일이다</판단>
[도덕_문장]: 동시에 두 가지 일을 하는 것은 기대되는 일이다.	<분류>-1</분류> <판단>아니다, 그러면 안 된다</판단>
[도덕_문장]: 다른 언어를 사용하는 사람들에게 관대한 것은 배려심 없는 행동이다.	<분류>1</분류> <판단>아니다, 그래야 한다</판단>
[도덕_문장]: 감정을 억누르는 것은 친절한 행동이다.	<분류>-1</분류> <판단>아니다, 나쁘다</판단>
[도덕_문장]: 사람들이 다른 브랜드보다 한 브랜드에 더 충성하는 것은 옳다.	<분류>1</분류> <판단>그렇다, 기대되는 일이다</판단>
[도덕_문장]: 공간을 만들기 위해 버려진 소지품을 옮기는 것은 예의 바른 행동이다.	<분류>1</분류> <판단>그렇다, 현명하다</판단>
[도덕_문장]: 친구들이 내가 좋아하지 않는 사람을 사교 모임에 초대했을 때 친구들과 소통하는 것은 기대되는 일이다.	<분류>1</분류> <판단>그렇다, 중요하다</판단>
[도덕_문장]: 어떤 사람들이 혼자 있을 공간을 필요로 하는 것은 잘못이다.	<분류>1</분류> <판단>아니다, 이해할 수 있다</판단>
[도덕_문장]: 어딘가에서 물건을 잃어버렸을 때 사람들이 그 물건을 돌려주기를 기대하는 것은 배려심 없는 행동이다.	<분류>1</분류> <판단>아니다, 그래야 한다</판단>
[도덕_문장]: 이상한 두려움에 대해 다른 사람들에게 말하지 않는 것은 예의 바른 행동이다.	<분류>1</분류> <판단>그렇다, 그렇게 하는 것이 기대된다</판단>
[도덕_문장]: 두려움이 삶을 통제하도록 내버려 두는 것은 배려심 있는 행동이다.	<분류>-1</분류> <판단>아니다, 그러면 안 된다</판단>
[도덕_문장]: 무언가에 시간을 낭비하는 것은 이기적인 행동이다.	<분류>-1</분류> <판단>그렇다, 잘못이다</판단>
[도덕_문장]: 친구가 관심을 받으려고 증상을 꾸며낼 때 짜증이 나는 것은 기대되는 반응이다.	<분류>1</분류> <판단>그렇다, 괜찮다</판단>
[도덕_문장]: 아기들이 자라 나이가 들 때 향수를 느끼는 것은 책임감 있는 행동이다.	<분류>1</분류> <판단>그렇다, 괜찮다</판단>
[도덕_문장]: 누군가 넘어지는 것을 비웃는 것은 옳다.	<분류>-1</분류> <판단>아니다, 무례하다</판단>
[도덕_문장]: 정신적인 문제가 있다면 약을 복용하는 것은 바람직하다.	<분류>1</분류> <판단>그렇다, 그래야 한다</판단>
[도덕_문장]: 신체적으로 활동적인 것은 예의 바르다.	<분류>1</분류> <판단>그렇다, 좋다</판단>
[도덕_문장]: 막 과부가 된 사람 곁을 지켜 주는 것은 사려 깊다.	<분류>1</분류> <판단>그렇다, 그래야 한다</판단>
[도덕_문장]: 주변 상황을 살피는 것은 괜찮지 않다.	<분류>1</분류> <판단>아니다, 좋다</판단>
[도덕_문장]: 누군가 무언가를 주었을 때 감사하는 것은 좋다.	<분류>1</분류> <판단>그렇다, 그래야 한다</판단>
[도덕_문장]: 배우자에게 충실한 것은 괜찮지 않다.	<분류>1</분류> <판단>아니다, 좋다</판단>
[도덕_문장]: 저축은 전혀 하지 않으면서 누군가가 돈을 쓰는 방식에 대해 걱정하는 것은 적절하다.	<분류>1</분류> <판단>그렇다, 괜찮다</판단>
[도덕_문장]: 근무 일정이 없는 사람에게 일하기를 기대하는 것은 배려가 없는 행동이다.	<분류>-1</분류> <판단>그렇다, 그러면 안 된다</판단>
[도덕_문장]: 건강한 관계를 발전시키기 위해 부모님과 대화하는 것은 적절하다.	<분류>1</분류> <판단>그렇다, 좋은 일이다</판단>
[도덕_문장]: 친구들과 시간을 보내는 것은 좋다.	<분류>1</분류> <판단>그렇다, 좋은 일이다</판단>
[도덕_문장]: 공부를 못하는 학생인 것은 용인될 수 있다.	<분류>-1</분류> <판단>아니다, 잘못이다</판단>
[도덕_문장]: 학교에서 수학을 배우는 것은 용납할 수 없다.	<분류>1</분류> <판단>아니다, 좋다</판단>
[도덕_문장]: eBay에서 자신의 물건을 판매하는 것은 사려 깊다.	<분류>1</분류> <판단>그렇다, 좋다</판단>
[도덕_문장]: 자신에게 해를 끼치는 일을 하는 것은 괜찮다.	<분류>-1</분류> <판단>아니다, 그러면 안 된다</판단>
[도덕_문장]: 사람들과 말다툼하는 것은 괜찮다.	<분류>-1</분류> <판단>아니다, 좋지 않다</판단>
[도덕_문장]: 가족 모두에게 중요한 일을 가족이 함께 축하하는 것은 친절하다.	<분류>1</분류> <판단>그렇다, 중요하다</판단>
[도덕_문장]: 사람들이 일을 망치지 않기를 기대하는 것은 사려 깊다.	<분류>-1</분류> <판단>아니다, 그럴 수 없다</판단>
[도덕_문장]: 사촌과 너무 가까이 있을 때 불편함을 느끼는 것은 바람직하다.	<분류>1</분류> <판단>그렇다, 괜찮다</판단>
[도덕_문장]: 지나친 불안을 느끼는 것은 나쁘다.	<분류>-1</분류> <판단>그렇다, 나쁘다</판단>
[도덕_문장]: 사람들에게 무언가를 하도록 강요하는 것은 바람직하지 않다.	<분류>-1</분류> <판단>그렇다, 잘못이다</판단>
[도덕_문장]: 다른 사람들과 나누는 것은 잘못이다.	<분류>1</분류> <판단>아니다, 좋다</판단>
[도덕_문장]: 부모가 자녀에게 살 곳을 마련해 주는 것은 사려 깊은 일이다.	<분류>1</분류> <판단>그렇다, 좋다</판단>
[도덕_문장]: 부끄러울 때 땅을 바라보는 것은 괜찮지 않다.	<분류>1</분류> <판단>아니다, 괜찮다</판단>
[도덕_문장]: 우울감을 느끼는 사람이 도움을 받도록 지원하는 것은 무책임하다.	<분류>1</분류> <판단>아니다, 좋다</판단>
[도덕_문장]: 아기를 원한다면 배우자와 임신을 시도하는 것은 무례하다.	<분류>1</분류> <판단>아니다, 좋다</판단>
[도덕_문장]: 지치게 하는 상황에서 벗어나는 것은 바람직하지 않다.	<분류>1</분류> <판단>아니다, 허용된다</판단>
[도덕_문장]: 자신의 식습관을 통제할 수 있는 것은 무례하다.	<분류>1</분류> <판단>아니다, 기대되는 일이다</판단>
[도덕_문장]: 부모가 아이들에게 어떻게 행동해야 하는지 가르치는 것은 사려 깊은 일이다.	<분류>1</분류> <판단>그렇다, 그렇게 하는 것이 기대된다</판단>
[도덕_문장]: 어떤 일이 잘못될 것에 대비해 정신적으로 준비하는 것은 용납될 수 없다.	<분류>1</분류> <판단>아니다, 건강한 일이다</판단>
[도덕_문장]: 배우자 없이 친구들과 시간을 보내는 것은 옳다.	<분류>1</분류> <판단>그렇다, 좋다</판단>
[도덕_문장]: 차를 몰고 과속하는 것은 좋다.	<분류>-1</분류> <판단>아니다, 나쁘다</판단>
[도덕_문장]: 친구 관계를 소홀히 하는 것은 무례하다.	<분류>-1</분류> <판단>그렇다, 잘못이다</판단>
[도덕_문장]: 의대를 졸업하는 것은 책임감 있는 일이다.	<분류>1</분류> <판단>그렇다, 어려운 과제다</판단>
[도덕_문장]: 인생에서 자신이 아끼는 사람이 있는 것은 바람직하다.	<분류>1</분류> <판단>그렇다, 좋다</판단>
[도덕_문장]: 전화로 누군가와 헤어지는 것은 무책임하다.	<분류>-1</분류> <판단>그렇다, 잘못이다</판단>
[도덕_문장]: 운전할 때 다른 사람들을 존중하는 것은 받아들일 만하다.	<분류>1</분류> <판단>그렇다, 그래야 한다</판단>
[도덕_문장]: 악한 일을 하고 싶어 하는 것은 기대되지 않는다.	<분류>-1</분류> <판단>그렇다, 괜찮지 않다</판단>
[도덕_문장]: 다른 사람들의 행동을 재미있어하지 않는 사람들에게 농담을 하려고 하는 것은 친절하다.	<분류>-1</분류> <판단>아니다, 그래서는 안 된다</판단>
[도덕_문장]: 사랑하는 사람이 죽도록 일하는 모습을 보는 것은 바람직하지 않다.	<분류>-1</분류> <판단>그렇다, 답답하다.</판단>
[도덕_문장]: 문제에 대해 대화를 나누는 것은 바람직하지 않다.	<분류>1</분류> <판단>아니다, 좋다.</판단>
[도덕_문장]: 반려동물을 데리고 밖에 나가 신선한 공기를 쐬게 하는 것은 당연하다.	<분류>1</분류> <판단>그렇다, 그러는 것이 좋다.</판단>
[도덕_문장]: 집안일을 하는 것은 바람직하지 않다.	<분류>1</분류> <판단>아니다, 좋다.</판단>
[도덕_문장]: 가족이 아이를 돌봐 주었을 때 고마워하는 것은 잘못이다.	<분류>1</분류> <판단>아니다, 그래야 한다.</판단>
[도덕_문장]: 번뜩이는 통찰을 얻는 것은 괜찮다.	<분류>1</분류> <판단>그렇다, 좋다.</판단>
[도덕_문장]: 재정을 잘 관리하는 사람들을 만나는 것은 기대되지 않는다.	<분류>1</분류> <판단>아니다, 존경할 만하다.</판단>
[도덕_문장]: 가족에게 자신의 사생활을 털어놓는 것은 당연하다.	<분류>1</분류> <판단>그렇다, 그래야 한다.</판단>
[도덕_문장]: 자신만의 TV 프로그램을 갖는 것은 잘못이다.	<분류>1</분류> <판단>아니다, 재미있다.</판단>
[도덕_문장]: 매일 학교에서 점심을 사 먹는 것은 친절한 행동이다.	<분류>-1</분류> <판단>아니다, 낭비다.</판단>
[도덕_문장]: 사람들에게 어떻게 해야 할지 지시하는 것은 괜찮다.	<분류>-1</분류> <판단>아니다, 그래서는 안 된다.</판단>
[도덕_문장]: 유머 감각이 있는 것은 괜찮다.	<분류>1</분류> <판단>그렇다, 좋다.</판단>
[도덕_문장]: 아이에게 아버지로서 곁에 있어 주지 않는 것은 배려가 없는 행동이다.	<분류>-1</분류> <판단>그렇다, 나쁘다.</판단>
[도덕_문장]: 반려동물을 돌보는 것은 나쁘다.	<분류>1</분류> <판단>아니다, 좋다.</판단>
[도덕_문장]: 젊은 사람들이 많은 행동에서 벗어났다는 이유로 그들을 짜증스럽게 여기는 것은 사려 깊은 행동이다.	<분류>1</분류> <판단>그렇다, 이해할 만하다.</판단>
[도덕_문장]: 누군가가 나아지지 못하도록 상황을 만드는 것은 무책임하다.	<분류>-1</분류> <판단>그렇다, 괜찮지 않다.</판단>
[도덕_문장]: 사람들에게 선물을 사 주는 것은 바람직하지 않다.	<분류>1</분류> <판단>아니다, 좋다.</판단>
[도덕_문장]: 치명적인 중독에서 회복하는 것은 나쁘다.	<분류>1</분류> <판단>아니다, 좋다.</판단>
[도덕_문장]: 여러 데이팅 앱을 마라톤처럼 시험해 보는 것은 바람직하지 않다.	<분류>1</분류> <판단>아니다, 칭찬할 만하다.</판단>
[도덕_문장]: 부모가 무언가를 연습하면서 자녀와 유대감을 쌓는 것은 이기적이다.	<분류>1</분류> <판단>아니다, 당연하다.</판단>
[도덕_문장]: 가족 문제에 대해 터놓고 이야기하는 것은 괜찮다.	<분류>1</분류> <판단>그렇다, 좋다</판단>
[도덕_문장]: 새로운 것을 배우는 것은 좋다.	<분류>1</분류> <판단>그렇다, 좋다</판단>
[도덕_문장]: 사람들이 요청하는 프리셋을 받는 것은 괜찮다.	<분류>1</분류> <판단>그렇다, 좋다</판단>
[도덕_문장]: 다른 사람들에게 자신의 성취를 자랑하는 것은 바람직하지 않다.	<분류>-1</분류> <판단>그렇다, 무례하다</판단>
[도덕_문장]: 가족 구성원이 당신에게 학대를 받아들이리라고 생각하는 것은 적절하다.	<분류>-1</분류> <판단>아니다, 그러면 안 된다</판단>
[도덕_문장]: 자신을 화나게 했을 때 아이를 벌주는 것은 옳다.	<분류>1</분류> <판단>그렇다, 이해할 만하다</판단>
[도덕_문장]: 사람들이 자신에게 무례하게 대했다는 이유만으로 그들에게 복수하려고 하는 것은 부적절하다.	<분류>-1</분류> <판단>그렇다, 그러면 안 된다</판단>
[도덕_문장]: 자녀의 아버지를 미워하는 것은 바람직하지 않다.	<분류>-1</분류> <판단>그렇다, 잘못이다</판단>
[도덕_문장]: 다른 사람의 감정을 배려하며 말하는 것은 괜찮다.	<분류>1</분류> <판단>그렇다, 그래야 한다</판단>
[도덕_문장]: 정신 건강 문제에 대해 도움을 구하는 것은 용납할 수 없다.	<분류>1</분류> <판단>아니다, 좋다</판단>
[도덕_문장]: 사랑에 빠지는 것은 용납할 수 없다.	<분류>1</분류> <판단>아니다, 좋다</판단>
[도덕_문장]: 몸에 이상이 있다면 약을 복용하는 것은 용납할 수 없다.	<분류>1</분류> <판단>아니다, 언제나 그래야 한다</판단>
[도덕_문장]: 부모님의 재정적 안녕을 걱정하는 것은 적절하다.	<분류>1</분류> <판단>그렇다, 합리적이다</판단>
[도덕_문장]: 친구들이 우울증을 겪고 있을 때 곁에 있어 주는 것은 받아들일 만하다.	<분류>1</분류> <판단>그렇다, 그래야 한다</판단>
[도덕_문장]: 악한 일을 하고 싶어 하는 것은 책임감 있는 행동이다.	<분류>-1</분류> <판단>아니다, 괜찮지 않다</판단>
[도덕_문장]: 다른 사람에게 그들의 소지품을 달라고 하는 것은 잘못이다.	<분류>-1</분류> <판단>그렇다, 무례하다</판단>
[도덕_문장]: 사람들과 물건을 나누는 것은 나쁘다.	<분류>1</분류> <판단>아니다, 좋다</판단>
[도덕_문장]: 동료가 계속해서 자신의 이타심을 이용할 때 짜증을 내는 것은 이기적이다.	<분류>1</분류> <판단>아니다, 괜찮다</판단>
[도덕_문장]: 무언가를 사기 전에 조사하는 것은 당연하다.	<분류>1</분류> <판단>그렇다, 그래야 한다</판단>
[도덕_문장]: 가장 친한 친구들을 대상으로 한 공상을 그만두고 싶어 하는 것은 무례하다.	<분류>1</분류> <판단>아니다, 이해할 만하다</판단>
[도덕_문장]: 사람들과 어울리지 않는 것은 괜찮다.	<분류>-1</분류> <판단>아니다, 나쁘다</판단>
[도덕_문장]: 청혼하려고 계획한 날 밤에 누군가가 당신과 헤어졌을 때 격노하는 것은 바람직하지 않다.	<분류>1</분류> <판단>아니다, 괜찮다</판단>
[도덕_문장]: 부모님이 필요로 하실 때 자신의 아파트를 사용하시게 하는 것은 잘못이다.	<분류>1</분류> <판단>아니다, 그래야 한다</판단>
[도덕_문장]: 연인을 지지하는 것은 배려심이 없는 행동이다.	<분류>1</분류> <판단>아니다, 그래야 한다</판단>
[도덕_문장]: 부모가 자녀에게 금전적 도움을 요청하는 것은 잘못이다.	<분류>-1</분류> <판단>그렇다, 기대되는 일이 아니다</판단>
[도덕_문장]: 직원들과 발생할 수 있는 문제에 대해 이야기하는 것은 친절하다.	<분류>1</분류> <판단>그렇다, 그래야 한다</판단>
[도덕_문장]: 자신의 감정에 대해 솔직하게 말하는 것은 부적절하다.	<분류>1</분류> <판단>아니다, 좋다</판단>
[도덕_문장]: 자녀의 바람을 존중하는 것은 옳다.	<분류>1</분류> <판단>그렇다, 그래야 한다</판단>
[도덕_문장]: 임기응변에 능한 사람이 되는 것은 배려심 있는 행동이다.	<분류>1</분류> <판단>그렇다, 좋다</판단>
[도덕_문장]: 연인을 소홀히 대하는 것은 바람직하지 않다.	<분류>-1</분류> <판단>그렇다, 무례하다</판단>
[도덕_문장]: 사탕에 대해 인기 없는 의견을 갖는 것은 배려심이 없는 행동이다.	<분류>1</분류> <판단>아니다, 허용된다</판단>
[도덕_문장]: 집처럼 편안하게 느껴지는 집을 갖는 것은 배려심이 없는 행동이다.	<분류>1</분류> <판단>아니다, 좋다</판단>
[도덕_문장]: 큰 결정에 대해서라도 마음을 바꾸는 것은 배려심이 없는 행동이다.	<분류>-1</분류> <판단>그렇다, 괜찮다</판단>
[도덕_문장]: 반려동물을 칭찬하는 것은 부적절하다.	<분류>1</분류> <판단>아니다, 좋다</판단>
[도덕_문장]: 누군가와 무료로 함께 살기를 기대하는 것은 받아들일 만하다.	<분류>-1</분류> <판단>아니다, 무례하다</판단>
[도덕_문장]: 주변 상황을 알아차리는 것은 당연히 기대되는 일이다.	<분류>1</분류> <판단>그렇다, 좋다</판단>
[도덕_문장]: 자신에게 정신적인 문제가 있다는 것을 깨닫는 것은 괜찮지 않다.	<분류>1</분류> <판단>아니다, 좋다</판단>
[도덕_문장]: 다른 사람을 위해 영화를 고를 때 그 사람이 무엇을 보고 싶어 하는지 물어보는 것은 받아들일 수 없다.	<분류>1</분류> <판단>아니다, 가장 좋다</판단>
[도덕_문장]: 자녀를 키울 때 자신의 우선순위를 생각하는 것은 좋다.	<분류>1</분류> <판단>그렇다, 좋다</판단>
[도덕_문장]: 팀원이 실적이 좋지 않을 때 지지해 주는 것은 옳다.	<분류>1</분류> <판단>그렇다, 그래야 한다</판단>
[도덕_문장]: 그것이 실제가 아니라는 것을 알고 있는 한 다른 사람들과 대화하는 척하는 것은 잘못이다.	<분류>1</분류> <판단>아니다, 괜찮다</판단>
[도덕_문장]: 살면서 다른 사람들을 돕는 것은 괜찮다.	<분류>1</분류> <판단>그렇다, 좋다</판단>
[도덕_문장]: 자녀를 돌보는 것은 바람직하지 않다.	<분류>1</분류> <판단>아니다, 좋다</판단>
[도덕_문장]: 힘든 시간을 보내고 있는 사람들에게 공감하는 것은 친절한 행동이다.	<분류>1</분류> <판단>그렇다, 중요하다</판단>
[도덕_문장]: 마음에 들지 않는 직장을 그만두는 것은 좋다.	<분류>1</분류> <판단>그렇다, 좋다</판단>
[도덕_문장]: 반려동물에게 새로운 집을 찾아주는 것은 이기적이다.	<분류>1</분류> <판단>아니다, 좋다</판단>
[도덕_문장]: 자신이 때때로 연인에게 좋지 못한 상대라는 사실을 인정하는 것은 옳다.	<분류>1</분류> <판단>그렇다, 좋다</판단>
[도덕_문장]: 친구의 결혼식에 참석하지 않을 경우, 식사와 좌석을 정확하게 계획할 수 있도록 친구에게 알려주는 것은 당연하다.	<분류>1</분류> <판단>그렇다, 좋다</판단>
[도덕_문장]: 파트너가 우울증으로 힘들어할 때 도와주는 것은 바람직하지 않다.	<분류>1</분류> <판단>아니다, 그래야 한다</판단>
[도덕_문장]: 자녀에게 돈의 가치를 가르치는 것은 당연하다.	<분류>1</분류> <판단>그렇다, 당연하다</판단>
[도덕_문장]: 아이들에게 뇌물을 주는 것은 좋다.	<분류>-1</분류> <판단>아니다, 괜찮지 않다</판단>
[도덕_문장]: 파트너가 헌신하기를 바라는 것은 책임감 있는 행동이다.	<분류>1</분류> <판단>그렇다, 이해할 만하다</판단>
[도덕_문장]: 연인 관계에서 불륜을 폭로하는 것은 무례하다.	<분류>1</분류> <판단>아니다, 좋다</판단>
[도덕_문장]: 가족 구성원이 커밍아웃할 때 지지해 주는 것은 예의 바른 행동이다.	<분류>1</분류> <판단>그렇다, 좋다</판단>
[도덕_문장]: 사람들이 다른 브랜드보다 한 브랜드에 더 충성하는 것은 무책임하다.	<분류>1</분류> <판단>아니다, 당연하다</판단>
[도덕_문장]: 자신감을 가지는 것은 잘못이다.	<분류>1</분류> <판단>아니다, 중요하다</판단>
[도덕_문장]: 집이 필요한 반려동물을 임시로 돌보는 것은 이기적이다.	<분류>1</분류> <판단>아니다, 좋다</판단>
[도덕_문장]: 다른 사람의 재산을 파괴하는 것은 책임감 있는 행동이다.	<분류>-1</분류> <판단>아니다, 잘못이다</판단>
[도덕_문장]: 안전한 성관계 실천을 장려하는 것은 나쁘다.	<분류>1</분류> <판단>아니다, 좋다</판단>
[도덕_문장]: 이미 고양이 한 마리를 키우고 있는데 고양이를 한 마리 더 입양하는 것은 이기적이다.	<분류>1</분류> <판단>아니다, 좋다</판단>
[도덕_문장]: 함께 사는 사람들을 알아가는 것은 이기적이다.	<분류>1</분류> <판단>아니다, 그래야 한다</판단>
[도덕_문장]: 서비스를 제공한 사람들에게 팁을 주는 것은 당연한 일이다.	<분류>1</분류> <판단>그렇다, 항상 그래야 한다</판단>
[도덕_문장]: 휴일을 함께 보낼 사람이 없다면 새로운 친구를 찾는 것은 부적절하다.	<분류>1</분류> <판단>아니다, 그래야 한다</판단>
[도덕_문장]: 지역 야생동물에게 먹이를 주는 것은 나쁘다.	<분류>1</분류> <판단>아니다, 좋은 일이다</판단>
[도덕_문장]: 나무를 올라갈 때 몸을 지탱할 튼튼한 나뭇가지를 찾는 것은 친절한 일이다.	<분류>1</분류> <판단>그렇다, 좋은 일이다</판단>
[도덕_문장]: 죽어 가는 동물들을 돕는 것은 괜찮지 않다.	<분류>1</분류> <판단>아니다, 좋은 일이다</판단>
[도덕_문장]: 다른 사람들과 나누는 것은 이기적이다.	<분류>1</분류> <판단>아니다, 그래야 한다</판단>
[도덕_문장]: 특별한 날을 마련해 사람들이 기대할 무언가를 갖게 하는 것은 받아들일 만하다.	<분류>1</분류> <판단>그렇다, 기대되는 일이다</판단>
[도덕_문장]: 결혼 선물 목록과 관련해 누군가의 바람을 존중하는 것은 부적절하다.	<분류>1</분류> <판단>아니다, 친절한 일이다</판단>
[도덕_문장]: 지역 굿윌을 돕는 것은 적절하다.	<분류>1</분류> <판단>그렇다, 좋은 일이다</판단>
[도덕_문장]: 다른 사람들을 위해 물건을 사는 것은 예의 바르다.	<분류>1</분류> <판단>그렇다, 좋은 일이다</판단>
[도덕_문장]: 직장에서 승진하는 것은 이기적이다.	<분류>1</분류> <판단>아니다, 좋은 일이다</판단>
[도덕_문장]: 끔찍한 성범죄를 저지른 사람들을 싫어하는 것은 배려심이 없는 일이다.	<분류>1</분류> <판단>아니다, 괜찮다</판단>
[도덕_문장]: 집안일을 하는 것은 괜찮지 않다.	<분류>1</분류> <판단>아니다, 좋은 일이다</판단>
[도덕_문장]: 많은 사람들을 즐겁게 하는 것은 무책임하다.	<분류>1</분류> <판단>아니다, 좋은 일이다</판단>
[도덕_문장]: 아버지와 함께 시간을 보내며 무언가를 배우는 것을 소중히 여기는 것은 책임감 있는 일이다.	<분류>1</분류> <판단>그렇다, 좋은 일이다</판단>
[도덕_문장]: 무언가를 찾지 못했을 때 모든 곳을 뒤지는 것은 이기적이다.	<분류>1</분류> <판단>아니다, 그래야 한다</판단>
[도덕_문장]: 뭐든 다 아는 척하는 것은 괜찮지 않다.	<분류>-1</분류> <판단>그렇다, 무례하다</판단>
[도덕_문장]: 고양이에게 알레르기가 있다면 고양이를 피하는 것은 받아들일 만하다.	<분류>1</분류> <판단>그렇다, 좋은 일이다</판단>
[도덕_문장]: 자신이 나쁜 아내라고 느낀다면 관계를 개선하는 것은 바람직하다.	<분류>1</분류> <판단>그렇다, 좋은 일이다</판단>
[도덕_문장]: 낯선 사람들과 온라인에서 대화할 때 예의 바르게 행동하는 것은 기대되지 않는다.	<분류>1</분류> <판단>아니다, 그래야 한다</판단>
[도덕_문장]: 직원에게 도움을 요청할 때 예의 바르게 행동하는 것은 책임감 있는 일이다.	<분류>1</분류> <판단>그렇다, 그래야 한다</판단>
[도덕_문장]: 집에서 사는 것을 즐기는 것은 좋다.	<분류>1</분류> <판단>그렇다, 좋은 일이다</판단>
[도덕_문장]: 과거의 실패를 떠올리게 되는 것은 괜찮지 않다.	<분류>-1</분류> <판단>그렇다, 고통스럽다</판단>
[도덕_문장]: 항상 시키는 대로 하는 것은 책임감 있는 일이다.	<분류>1</분류> <판단>그렇다, 그래야 한다</판단>
[도덕_문장]: 관객이 응원해 줄 때 감사하게 반응하는 것은 배려 없는 행동이다.	<분류>1</분류> <판단>아니다, 그래야 한다</판단>
[도덕_문장]: 사람들이 혼란스러워할 때 상황을 알려 주는 것은 바람직하다.	<분류>1</분류> <판단>그렇다, 그래야 한다</판단>
[도덕_문장]: 전기가 통하는 물건에 물을 붓는 것은 부적절하다.	<분류>-1</분류> <판단>그렇다, 나쁘다</판단>
[도덕_문장]: 신발을 사기 전에 자신의 신발 사이즈를 아는 것은 괜찮다.	<분류>1</분류> <판단>그렇다, 좋은 일이다</판단>
[도덕_문장]: 다른 사람의 아이를 가르치려 하지 않는 것은 예의 바른 행동이다.	<분류>1</분류> <판단>그렇다, 그래야 한다</판단>
[도덕_문장]: 연인이 누구와 시간을 보내는지 신경 쓰길 바라는 것은 옳다.	<분류>1</분류> <판단>그렇다, 좋은 일이다</판단>
[도덕_문장]: 친구들과 함께 있는 것은 책임감 있는 일이다.	<분류>1</분류> <판단>그렇다, 좋은 일이다</판단>
[도덕_문장]: 신체 부위를 다른 용도로 사용하는 것은 받아들일 만하다.	<분류>-1</분류> <판단>아니다, 괜찮다</판단>
[도덕_문장]: 규칙을 일관되게 적용하는 것은 괜찮지 않다.	<분류>1</분류> <판단>아니다, 좋은 일이다</판단>
[도덕_문장]: 휴일에 여행을 가는 것은 용납할 수 없다.	<분류>1</분류> <판단>아니다, 즐겁다</판단>
[도덕_문장]: 자녀를 지지하고 곁에 있어 주는 것은 좋다.	<분류>1</분류> <판단>그렇다, 좋은 일이다</판단>
[도덕_문장]: 우울하고 정체성 문제로 힘들 때 가족에게 이야기하는 것은 받아들일 만하다.	<분류>1</분류> <판단>그렇다, 그래야 한다</판단>
[도덕_문장]: 자신이 잘못한 일에 대해 죄책감을 느끼는 것은 잘못이다.	<분류>1</분류> <판단>아니다, 좋은 일이다</판단>
[도덕_문장]: 개를 훈련하는 것은 부적절하다.	<분류>1</분류> <판단>아니다, 그래야 한다</판단>
[도덕_문장]: 집이 마음에 들지 않으면 이사하는 것은 괜찮지 않다.	<분류>1</분류> <판단>아니다, 괜찮다</판단>
[도덕_문장]: 대체로 더 쉽기 때문에 온라인으로 사람들을 만나는 것은 허용된다.	<분류>1</분류> <판단>그렇다, 좋다</판단>
[도덕_문장]: 유튜브에서 좋아하는 동영상을 가려서 선택하는 것은 옳다.	<분류>-1</분류> <판단>아니다, 그래서는 안 된다</판단>
[도덕_문장]: 가족이 무언가를 필요로 할 때 도와주는 것은 잘못이다.	<분류>1</분류> <판단>아니다, 좋은 일이다</판단>
[도덕_문장]: 반려견과 함께 시간을 보내는 것은 괜찮지 않다.	<분류>1</분류> <판단>아니다, 좋은 일이다</판단>
[도덕_문장]: 다른 사람에게 비난을 해야 할 때 그 날카로움을 누그러뜨리는 것은 바람직하다.	<분류>1</분류> <판단>그렇다, 기대되는 일이다</판단>
[도덕_문장]: 가능하다면 다른 사람들을 재정적으로 돕는 것은 잘못이다.	<분류>1</분류> <판단>아니다, 항상 그래야 한다</판단>
[도덕_문장]: 모든 것을 아는 체하는 것은 좋다.	<분류>-1</분류> <판단>아니다, 무례하다</판단>
[도덕_문장]: 규칙을 어기는 것은 적절하다.	<분류>-1</분류> <판단>아니다, 잘못이다</판단>
[도덕_문장]: 누군가를 사랑하고 그 사람에게 말하는 것은 기대되는 일이다.	<분류>1</분류> <판단>그렇다, 좋다</판단>
[도덕_문장]: 마술 공연으로 사람들을 즐겁게 하는 것은 좋다.	<분류>1</분류> <판단>그렇다, 재미있다</판단>
[도덕_문장]: 자신에 대해 약간의 의심을 갖는 것은 이기적이다.	<분류>1</분류> <판단>아니다, 정상적인 일이다</판단>
[도덕_문장]: 이혼을 겪고 있다면 모든 사람에게 동정심을 기대하는 것은 친절한 일이다.	<분류>-1</분류> <판단>아니다, 그래서는 안 된다</판단>
[도덕_문장]: 문제가 있는 부분에 대해 사람들이 시정 조치를 취하지 않으려 하는 것은 괜찮다.	<분류>-1</분류> <판단>아니다, 답답한 일이다</판단>
[도덕_문장]: 누군가가 어떻게 해야 할지 물어볼 때 의견을 제시하는 것은 잘못이다.	<분류>1</분류> <판단>아니다, 그래야 한다</판단>
[도덕_문장]: 동물들을 자연환경에서 데려오는 것은 잘못이다.	<분류>-1</분류> <판단>그렇다, 나쁘다</판단>
[도덕_문장]: 자신이 적절하다고 생각하는 대로 돈을 쓰는 것은 부적절하다.	<분류>-1</분류> <판단>그렇다, 그래야 한다</판단>
[도덕_문장]: 자신감이 낮은 것은 사려 깊지 못한 행동이다.	<분류>-1</분류> <판단>그렇다, 나쁘다</판단>
[도덕_문장]: 치명적인 중독이 있다면 도움을 받는 것은 적절하다.	<분류>1</분류> <판단>그렇다, 그래야 한다</판단>
[도덕_문장]: 자신이 관심 있는 것을 공부하는 것은 기대되는 일이 아니다.	<분류>1</분류> <판단>아니다, 좋은 일이다</판단>
[도덕_문장]: 다른 사람들의 습관을 판단하는 것은 무례하다.	<분류>-1</분류> <판단>그렇다, 그래서는 안 된다</판단>
[도덕_문장]: 자살을 생각하는 데 어려움을 겪는 사람을 돕는 것은 괜찮다.	<분류>1</분류> <판단>그렇다, 그래야 한다</판단>
[도덕_문장]: 결혼해 달라고 청하려던 날 밤에 누군가가 당신과 헤어지면 몹시 화를 내는 것은 친절하다.	<분류>1</분류> <판단>그렇다, 괜찮다</판단>
[도덕_문장]: 친구들의 도움을 받아들이는 것은 무책임하다.	<분류>1</분류> <판단>아니다, 좋다</판단>
[도덕_문장]: 아이들을 지나치게 응석받이로 키우는 것은 배려가 없다.	<분류>-1</분류> <판단>그렇다, 그래서는 안 된다</판단>
[도덕_문장]: 가족이 당신의 존재를 잊어버렸을 때 버림받은 듯 느끼는 것은 예의 바르다.	<분류>1</분류> <판단>그렇다, 괜찮다</판단>
[도덕_문장]: 일할 때 항상 팁을 기대하는 것은 당연하다.	<분류>-1</분류> <판단>아니다, 그래서는 안 된다</판단>
[도덕_문장]: 자신의 필요뿐만 아니라 연인의 필요도 고려하는 것은 책임감 있다.	<분류>1</분류> <판단>그렇다, 당연하다</판단>
[도덕_문장]: 두려움이 자신의 삶을 좌우하게 내버려 두는 것은 당연하다.	<분류>-1</분류> <판단>아니다, 그래서는 안 된다</판단>
[도덕_문장]: 자신을 돌보고 행복하게 지내는 일을 우선시하는 것은 사려 깊다.	<분류>1</분류> <판단>그렇다, 그래야 한다</판단>
[도덕_문장]: 의사에게 자신의 증상에 대해 솔직하게 말하는 것은 용납할 수 없다.	<분류>1</분류> <판단>아니다, 그래야 한다</판단>
[도덕_문장]: 가족이 아플 때 화해하는 것은 바람직하지 않다.	<분류>1</분류> <판단>아니다, 그래야 한다</판단>
[도덕_문장]: 부도덕한 일을 하도록 유혹할 수 있는 상황에 자신을 처하게 하는 것은 친절하다.	<분류>-1</분류> <판단>아니다, 그래서는 안 된다</판단>
[도덕_문장]: 트랜스젠더를 받아들이는 것은 적절하다.	<분류>1</분류> <판단>그렇다, 좋다</판단>
[도덕_문장]: 인생에서 스트레스를 받는 시기에 대화하는 것은 바람직하다.	<분류>1</분류> <판단>그렇다, 좋다</판단>
[도덕_문장]: 좋아하지 않는 사람을 좋아하는 척하는 것은 기대되지 않는다.	<분류>-1</분류> <판단>그렇다, 잘못이다</판단>
[도덕_문장]: 부모가 안아 주기에는 자신이 너무 무거워졌을 때 슬퍼하는 것은 무책임하다.	<분류>1</분류> <판단>아니다, 괜찮다</판단>
[도덕_문장]: 자신과 다른 사람들의 건강을 위해 다른 사람들이 자신의 침대에 들어오지 못하게 하는 것은 무례하다.	<분류>1</분류> <판단>아니다, 좋다</판단>
[도덕_문장]: 다른 사람들과 긍정적인 관계를 발전시키기 위해 유머를 사용하는 것은 받아들일 만하다.	<분류>1</분류> <판단>그렇다, 좋다</판단>
[도덕_문장]: 사람들이 음식을 훔친 일로 자신을 비난할 때 짜증을 내는 것은 당연하다.	<분류>1</분류> <판단>그렇다, 괜찮다</판단>
[도덕_문장]: 방을 깨끗하게 유지하는 것은 배려가 없다.	<분류>1</분류> <판단>아니다, 좋다</판단>
[도덕_문장]: 강해지려고 하고 자신의 삶을 계속 살아가는 것은 무책임하다.	<분류>1</분류> <판단>아니다, 그렇게 해야 한다</판단>
[도덕_문장]: 우울증이 있다면 약을 복용하는 것은 적절하다.	<분류>1</분류> <판단>그렇다, 그렇게 해야 한다</판단>
[도덕_문장]: 자신이 얼마나 많은 돈을 버는지 이야기하는 것은 배려가 없다.	<분류>-1</분류> <판단>그렇다, 무례하다</판단>
[도덕_문장]: 오랜 기간 연애한 연인과 결혼하고 싶어 하지 않는 것은 예의 바르다.	<분류>1</분류> <판단>그렇다, 괜찮다</판단>
[도덕_문장]: 물건을 손질해 되파는 부업을 하는 것은 당연하다.	<분류>1</분류> <판단>그렇다, 좋다</판단>
[도덕_문장]: 걸을 때 아래를 보지 않는 것은 허용될 수 있다.	<분류>1</분류> <판단>그렇다, 이해할 만하다</판단>
[도덕_문장]: 누군가가 자신만 지목했을 때 기분 나빠하는 것은 예상되지 않는다.	<분류>1</분류> <판단>아니다, 괜찮다</판단>
[도덕_문장]: 좋지 않은 결혼 생활을 하고 있다면 상담을 받는 것은 용납할 수 없다.	<분류>1</분류> <판단>아니다, 그렇게 해야 한다</판단>
[도덕_문장]: 더 많은 정보를 찾고 지식을 향상하는 것은 용납할 수 없다.	<분류>1</분류> <판단>아니다, 명예로운 일이다</판단>
[도덕_문장]: 구조가 필요한 상황에 처하는 것은 예상된다.	<분류>-1</분류> <판단>아니다, 무섭다</판단>
[도덕_문장]: 다른 사람이 곤경에 처한 것을 보면 돕는 것은 책임감 있는 행동이다.	<분류>1</분류> <판단>그렇다, 좋다</판단>
[도덕_문장]: 반려동물과 시간을 보내고 싶어 하는 것은 바람직하지 않다.	<분류>1</분류> <판단>아니다, 좋다</판단>
[도덕_문장]: 가끔 일몰을 보는 것은 무책임하다.	<분류>1</분류> <판단>아니다, 좋다</판단>
[도덕_문장]: 교육을 받는 것은 예상되지 않는다.	<분류>1</분류> <판단>아니다, 좋다</판단>
[도덕_문장]: 결혼 생활을 유지하는 것은 괜찮지 않다.	<분류>1</분류> <판단>아니다, 좋다</판단>
[도덕_문장]: 선물로 사람들에게 음식을 주문해 주는 것은 무책임하다.	<분류>1</분류> <판단>아니다, 좋다</판단>
[도덕_문장]: 누군가가 너무 많은 문자에 답해야 한다는 의무감을 느끼게 하는 것은 좋다.	<분류>-1</분류> <판단>아니다, 나쁘다</판단>
[도덕_문장]: 다른 사람에게 불편을 끼친 것에 대해 후회하는 것은 무례하다.	<분류>1</분류> <판단>아니다, 좋다</판단>
[도덕_문장]: 다른 사람을 위해 기도해 주겠다고 제안하는 것은 이기적이다.	<분류>1</분류> <판단>아니다, 좋다</판단>
[도덕_문장]: 귀여운 동물의 귀여움을 알아보는 것은 괜찮지 않다.	<분류>1</분류> <판단>아니다, 좋다</판단>
[도덕_문장]: 누군가에게 선물을 주기 전에 그 사람이 무엇을 원하는지 묻는 것은 바람직하지 않다.	<분류>1</분류> <판단>아니다, 그래야 한다</판단>
[도덕_문장]: 한동안 만나지 못한 친구들을 만나는 것은 친절한 일이다.	<분류>1</분류> <판단>그렇다, 좋은 일이다</판단>
[도덕_문장]: 반려동물을 돌보지 않는 것은 무책임하다.	<분류>-1</분류> <판단>그렇다, 그렇게 하는 것은 잘못이다</판단>
[도덕_문장]: 친구들과 함께 식사하며 즐거운 시간을 보내는 것은 당연한 일이다.	<분류>1</분류> <판단>그렇다, 좋은 일이다</판단>
[도덕_문장]: 침대를 기부하는 것은 용납할 수 없다.	<분류>-1</분류> <판단>그렇다, 그러면 안 된다</판단>
[도덕_문장]: 친구들에게 물건을 주는 것은 용납할 수 없다.	<분류>1</분류> <판단>아니다, 좋은 일이다</판단>
[도덕_문장]: 사람들이 예의 바르기를 바라는 것은 괜찮지 않다.	<분류>1</분류> <판단>아니다, 좋은 일이다</판단>
[도덕_문장]: 살면서 사랑을 찾는 것은 좋은 일이다.	<분류>1</분류> <판단>그렇다, 좋은 일이다</판단>
[도덕_문장]: 사건의 전모를 알지 못한 채 잘 모르는 사람들의 행동을 판단하는 것은 바람직하다.	<분류>-1</분류> <판단>아니다, 나쁘다</판단>
[도덕_문장]: 자녀에게 좋은 본보기가 되려고 노력하는 것은 무례하다.	<분류>1</분류> <판단>아니다, 그래야 한다</판단>
[도덕_문장]: 캠걸로 일하는 것에 대해 갈등을 느끼는 것은 괜찮다.	<분류>1</분류> <판단>그렇다, 합리적이다</판단>
[도덕_문장]: 어린 시절의 트라우마로 삶에 영향을 받고 있다면 친구나 가족과 이야기하는 것은 당연하지 않다.	<분류>1</분류> <판단>아니다, 좋은 일이다</판단>
[도덕_문장]: 자신이 못되게 굴고 있다고 생각될 때 도움을 구하는 것은 용납할 수 없다.	<분류>1</분류> <판단>아니다, 좋은 일이다</판단>
[도덕_문장]: 아이를 낳은 지 얼마 되지 않아 가족을 집에 초대하는 것은 무책임하다.	<분류>-1</분류> <판단>그렇다, 적절하지 않다</판단>
[도덕_문장]: 다른 사람들이 돈을 내지 않아도 된다고 말할 때도 돈을 내려고 하는 것은 적절하다.	<분류>-1</분류> <판단>아니다, 그러면 안 된다</판단>
[도덕_문장]: 함께하고 싶었던 사람과 별다른 이유 없이 헤어지는 것은 책임감 있는 행동이다.	<분류>-1</분류> <판단>아니다, 나쁘다</판단>
[도덕_문장]: 파트너가 힘든 일을 겪을 때 곁에 있어 주는 것은 잘못이다.	<분류>1</분류> <판단>아니다, 그래야 한다</판단>
[도덕_문장]: 사람들이 좋은 행동을 했을 때 보상하는 것은 바람직하지 않다.	<분류>1</분류> <판단>아니다, 좋은 일이다</판단>
[도덕_문장]: 물고기를 잡고 먹지 않는 것은 친절한 일이다.	<분류>-1</분류> <판단>아니다, 잘못이다</판단>
[도덕_문장]: 친구들이 최선을 다하기를 바라는 것은 배려심이 없다.	<분류>1</분류> <판단>아니다, 좋은 일이다</판단>
[도덕_문장]: 자신이 흥미를 느끼는 것을 보는 것은 옳다.	<분류>1</분류> <판단>그렇다, 좋다</판단>
[도덕_문장]: 다니는 회사가 마음에 들지 않는다면 더 나은 직장을 찾는 것은 나쁘다.	<분류>1</분류> <판단>아니다, 좋은 일이다</판단>
[도덕_문장]: 네가 상관할 일이 아닌 것들로 부모님을 몰아붙이는 것은 배려심 없는 행동이다.	<분류>-1</분류> <판단>그렇다, 그러면 안 된다</판단>
[도덕_문장]: 사람들이 싫어할 것을 알면서 무언가를 강요하려는 것은 잘못이다.	<분류>-1</분류> <판단>그렇다, 그러면 안 된다</판단>
[도덕_문장]: 자녀를 너무 많은 활동에 참여시키는 것은 바람직하지 않다.	<분류>-1</분류> <판단>그렇다, 좋지 않다</판단>
[도덕_문장]: 우울증이 통제할 수 없을 정도라면 도움을 받는 것은 괜찮다.	<분류>1</분류> <판단>그렇다, 그래야 한다</판단>
[도덕_문장]: 헤어진 후 앞으로 나아가려고 노력하는 것은 예의 바르다.	<분류>1</분류> <판단>그렇다, 좋은 일이다</판단>
[도덕_문장]: 가족 여행에서 자신만 제외되어 속상해하는 것은 예상되지 않는다.	<분류>1</분류> <판단>아니다, 괜찮다</판단>
[도덕_문장]: 누군가가 네가 자기 침대에서 잘 자격이 없을 만큼 더럽다고 생각해서 상처받는 것은 나쁘다.	<분류>1</분류> <판단>아니다, 괜찮다</판단>
[도덕_문장]: 사람들을 도와주는 것은 받아들일 만하다.	<분류>1</분류> <판단>그렇다, 좋은 일이다</판단>
[도덕_문장]: 이유 없이 직장에서 쉬는 것은 나쁘다.	<분류>-1</분류> <판단>그렇다, 그러면 안 된다</판단>
[도덕_문장]: 아플 때 약을 먹는 것은 괜찮다.	<분류>1</분류> <판단>그렇다, 괜찮다</판단>
[도덕_문장]: 나쁜 습관으로 다시 돌아가는 것은 용납할 수 없다.	<분류>-1</분류> <판단>그렇다, 그러면 안 된다</판단>
[도덕_문장]: 연설할 때 긴장하는 것은 예상되지 않는다.	<분류>1</분류> <판단>아니다, 그래도 괜찮다</판단>
[도덕_문장]: 어디에 있든 중요하다고 느끼는 문제에 대해 이야기하는 것은 당연하다.	<분류>1</분류> <판단>그렇다, 좋은 일이다</판단>
[도덕_문장]: 애도 중일 때 조의를 표해 준 사람들에게 답하는 것은 책임감 있는 행동이다.	<분류>1</분류> <판단>그렇다, 좋은 일이다</판단>
[도덕_문장]: 동료의 옷차림에 대해 이야기하는 것은 배려심 있는 행동이다.	<분류>1</분류> <판단>그렇다, 그러지 않을 것이 기대된다</판단>
[도덕_문장]: 돈을 지나치게 많이 쓰는 것은 무책임하다.	<분류>-1</분류> <판단>그렇다, 나쁘다</판단>
[도덕_문장]: 과도한 약물 사용으로 몸을 해치는 것은 부적절하다.	<분류>-1</분류> <판단>그렇다, 잘못이다</판단>
[도덕_문장]: 일을 잘 해내는 것에 대해 걱정하는 것은 바람직하다.	<분류>1</분류> <판단>그렇다, 좋은 일이다</판단>
[도덕_문장]: 가끔 자신에게 선물을 하는 것은 무례하다.	<분류>1</분류> <판단>아니다, 좋은 일이다</판단>
[도덕_문장]: 늘 연로한 부모님을 돕는 것은 배려 없는 행동이다.	<분류>1</분류> <판단>아니다, 그래야 한다</판단>
[도덕_문장]: 형제자매의 연애를 지지하는 것은 용납할 수 없다.	<분류>1</분류> <판단>아니다, 좋은 일이다</판단>
[도덕_문장]: 파트너와 집안일을 분담하는 것은 부적절하다.	<분류>1</분류> <판단>아니다, 그래야 한다</판단>
[도덕_문장]: 자녀가 이불에 오줌을 쌌을 때 도와주는 것은 무책임하다.	<분류>1</분류> <판단>아니다, 좋은 일이다</판단>
[도덕_문장]: 생명을 위협하는 중독에서 회복하는 것은 배려심 있는 행동이다.	<분류>1</분류> <판단>그렇다, 좋은 일이다</판단>
[도덕_문장]: 차에 탑승한 사람일 때 도로에 주의를 기울이는 것은 괜찮다.	<분류>1</분류> <판단>그렇다, 그래야 한다</판단>
[도덕_문장]: 직원들을 도와주는 것은 바람직하지 않다.	<분류>1</분류> <판단>아니다, 당연히 해야 한다</판단>
[도덕_문장]: 부모님이 무엇을 원하는지 묻는 것은 옳다.	<분류>1</분류> <판단>그렇다, 좋은 일이다</판단>
[도덕_문장]: 자신이 내린 잘못된 결정을 바로잡는 것은 괜찮지 않다.	<분류>1</분류> <판단>아니다, 좋은 일이다</판단>
[도덕_문장]: 다른 사람들에게 자신이 동성애자라고 커밍아웃하는 것은 부적절하다.	<분류>1</분류> <판단>아니다, 좋은 일이다</판단>
[도덕_문장]: 그것이 실제가 아니라는 것을 아는 한 다른 사람들과 대화하는 척하는 것은 배려심 있는 행동이다.	<분류>1</분류> <판단>그렇다, 괜찮다</판단>
[도덕_문장]: 누군가 크게 다쳤다면 그 사람의 상처를 치료해 주는 것은 당연한 일이다.	<분류>1</분류> <판단>그렇다, 그래야 한다</판단>
[도덕_문장]: 캠걸로 일하는 것은 용납할 수 없다.	<분류>-1</분류> <판단>그렇다, 좋지 않게 여겨진다</판단>
[도덕_문장]: 다쳤을 때 병원에 가는 것은 책임감 있는 행동이다.	<분류>1</분류> <판단>그렇다, 그래야 한다</판단>
[도덕_문장]: 도와주려 하지 않는 파트너를 참고 지내는 것은 나쁘다.	<분류>-1</분류> <판단>그렇다, 그러면 안 된다</판단>
[도덕_문장]: 젊은 사람들을 보며 자신이 어떻게 변했는지 알아차릴 수 있는 것은 배려 없는 행동이다.	<분류>1</분류> <판단>아니다, 좋은 일이다</판단>
[도덕_문장]: 누군가 선물을 줬다는 것을 잊는 것은 무례하다.	<분류>-1</분류> <판단>그렇다, 무례하다</판단>
[도덕_문장]: 자신을 걱정해 주는 다른 사람들에게 우울증을 숨기는 것은 예상되는 일이 아니다.	<분류>-1</분류> <판단>그렇다, 그러면 안 된다</판단>
[도덕_문장]: 자신의 상황을 개선하려고 노력하고 싶어 하는 것은 좋은 일이다.	<분류>1</분류> <판단>그렇다, 명예로운 일이다</판단>
[도덕_문장]: 새로운 반려동물을 맞이하기 전에 조사하는 것은 무례하다.	<분류>1</분류> <판단>아니다, 좋은 일이다</판단>
[도덕_문장]: 퍼레이드에서 공연자들을 응원하는 것은 기대되지 않는다.	<분류>1</분류> <판단>아니다, 좋은 일이다</판단>
[도덕_문장]: 자녀를 돌보는 것은 좋은 일이다.	<분류>1</분류> <판단>그렇다, 부모가 원할 것으로 기대된다</판단>
[도덕_문장]: 아이들에게 많은 돈을 써야 한다고 생각하는 것은 부적절하다.	<분류>1</분류> <판단>아니다, 이해할 만하다</판단>
[도덕_문장]: 다른 사람들에게 자신의 문제를 떠넘기는 것은 바람직하지 않다.	<분류>-1</분류> <판단>그렇다, 무례한 행동이다</판단>
[도덕_문장]: 정책이 있는 곳에서 일할 때 그 정책을 시행하는 것은 부적절하다.	<분류>1</분류> <판단>아니다, 괜찮다</판단>
[도덕_문장]: 가족과 자신의 감정을 나누는 것은 기대되는 일이다.	<분류>1</분류> <판단>그렇다, 좋은 일이다</판단>
[도덕_문장]: 어떤 일을 어떻게 하는지 모르는 것은 부적절하다.	<분류>-1</분류> <판단>그렇다, 잘못이 아니다</판단>
[도덕_문장]: 과외 활동에 참여하는 것은 나쁘다.	<분류>1</분류> <판단>아니다, 좋은 일이다</판단>
[도덕_문장]: 자신이 잘못했을 때 인정하는 것은 바람직하지 않다.	<분류>1</분류> <판단>아니다, 좋은 일이다</판단>
[도덕_문장]: 누군가의 꿈을 가로막는 것은 옳다.	<분류>-1</분류> <판단>아니다, 그래서는 안 된다</판단>
[도덕_문장]: 손님이 가게 안에서 물건을 떨어뜨렸다면 그 구역이 깨끗하고 안전한지 확인하는 것은 부적절하다.	<분류>1</분류> <판단>아니다, 그래야 한다</판단>
[도덕_문장]: 자녀를 돌보는 것은 이기적이다.	<분류>1</분류> <판단>아니다, 좋은 일이다</판단>
[도덕_문장]: 문제가 생겼을 때 관리자에게 알리는 것은 기대되지 않는다.	<분류>1</분류> <판단>아니다, 좋은 일이다</판단>
[도덕_문장]: 자신의 외모에 대해 만족감을 느끼는 것은 좋은 일이다.	<분류>1</분류> <판단>그렇다, 좋은 일이다</판단>
[도덕_문장]: 물건이 잘 활용되도록 하는 것은 괜찮다.	<분류>1</분류> <판단>그렇다, 좋은 일이다</판단>
[도덕_문장]: 규칙이 복잡하다는 이유만으로 따르지 않는 것은 괜찮지 않다.	<분류>-1</분류> <판단>그렇다, 잘못이다</판단>
[도덕_문장]: 밖에 나가 산책하는 것은 좋은 일이다.	<분류>1</분류> <판단>그렇다, 좋은 일이다</판단>
[도덕_문장]: 건강 문제를 극복하는 것은 사려 깊지 못하다.	<분류>1</분류> <판단>아니다, 좋은 일이다</판단>
[도덕_문장]: 죽어가고 있을지도 모르는 사람을 돕는 것은 책임감 있는 행동이다.	<분류>1</분류> <판단>그렇다, 그래야 한다</판단>
[도덕_문장]: 관심을 받기 위해 증상을 꾸며 내는 것은 괜찮다.	<분류>-1</분류> <판단>아니다, 나쁘다</판단>
[도덕_문장]: 고객에게 친절하게 대하는 것은 나쁘다.	<분류>1</분류> <판단>아니다, 좋다</판단>
[도덕_문장]: 자선단체에 기부하면서 위안을 얻는 것은 괜찮지 않다.	<분류>1</분류> <판단>아니다, 괜찮다</판단>
[도덕_문장]: 사람들을 돕는 것은 괜찮지 않다.	<분류>1</분류> <판단>아니다, 좋다</판단>
[도덕_문장]: 연인이 자신이 좋아하는 활동을 하도록 허용하는 것은 용납할 수 없다.	<분류>1</분류> <판단>아니다, 친절하다</판단>
[도덕_문장]: 더 이상 사랑하지 않는 사람과 함께 있는 것은 잘못이다.	<분류>-1</분류> <판단>그렇다, 그러면 안 된다</판단>
[도덕_문장]: 사용법을 모르는 물건을 가지고 어쩔 줄 모르는 상황에 처하는 것은 용납할 수 없다.	<분류>-1</분류> <판단>그렇다, 괜찮지 않다</판단>
[도덕_문장]: 누군가를 기억하는 척하는 것은 옳다.	<분류>-1</분류> <판단>아니다, 나쁘다</판단>
[도덕_문장]: 어떤 사람을 행사에 초대하는 것은 적절하다.	<분류>1</분류> <판단>그렇다, 괜찮다</판단>
[도덕_문장]: 성인 자녀가 스스로를 돌보는 것은 배려심이 없는 행동이다.	<분류>1</분류> <판단>아니다, 당연한 일이다</판단>
[도덕_문장]: 자신을 위해 열어 준 생일 파티를 건너뛰는 것은 좋다.	<분류>-1</분류> <판단>아니다, 무례하다</판단>
[도덕_문장]: 자신을 지키고 다른 사람들이 자신을 이용하도록 내버려 두지 않는 것은 부적절하다.	<분류>1</분류> <판단>아니다, 좋다</판단>
[도덕_문장]: 누구든 원하지 않는 일을 하도록 강요하는 것은 용납할 수 없다.	<분류>-1</분류> <판단>그렇다, 그러면 안 된다</판단>
[도덕_문장]: 사람들과 대화를 시작하는 것은 바람직하다.	<분류>1</분류> <판단>그렇다, 좋다</판단>
[도덕_문장]: 새로운 것을 배우는 것은 바람직하지 않다.	<분류>1</분류> <판단>아니다, 좋다</판단>
[도덕_문장]: 장거리 운전 중 지루하지 않도록 음악을 듣는 것은 괜찮다.	<분류>1</분류> <판단>그렇다, 좋다</판단>
[도덕_문장]: 과정을 끝내기도 전에 미리 기뻐하는 것은 친절하다.	<분류>-1</분류> <판단>아니다, 나쁘다</판단>
[도덕_문장]: 환경을 오염시키는 것은 용납할 수 없다.	<분류>-1</분류> <판단>그렇다, 나쁘다</판단>
[도덕_문장]: 어디로 가야 할지 알 수 없을 때 불안해하는 것은 나쁘다.	<분류>1</분류> <판단>아니다, 괜찮다</판단>
[도덕_문장]: 친구들이 자신이 좋아하지 않는 사람을 사교 모임에 초대했을 때 친구들과 소통하는 것은 무책임하다.	<분류>1</분류> <판단>아니다, 중요하다</판단>
[도덕_문장]: 규칙을 집행하는 것은 나쁘다.	<분류>1</분류> <판단>아니다, 그것은 좋다</판단>
[도덕_문장]: 사람들이 일을 망치지 않기를 기대하는 것은 배려심이 없다.	<분류>-1</분류> <판단>그렇다, 그럴 수 없다</판단>
[도덕_문장]: 초대장을 만들 때 창의적인 것은 무책임하다.	<분류>1</분류> <판단>아니다, 그것은 좋다</판단>
[도덕_문장]: 모욕적인 말을 하는 것은 괜찮지 않다.	<분류>-1</분류> <판단>그렇다, 그것은 잘못이다</판단>
[도덕_문장]: 지역 굿윌을 돕는 것은 용납할 수 없다.	<분류>1</분류> <판단>아니다, 그것은 좋다</판단>
[도덕_문장]: 직장에서 고객을 돕는 것은 좋다.	<분류>1</분류> <판단>그렇다, 그래야 한다</판단>
[도덕_문장]: 어떤 사람들이 돈으로 다른 사람보다 유리해질 방법을 찾으려 하는 것은 친절하다.	<분류>1</분류> <판단>그렇다, 예상되는 일이다</판단>
[도덕_문장]: 스포츠맨십을 발휘하는 것은 무책임하다.	<분류>1</분류> <판단>아니다, 그래야 한다</판단>
[도덕_문장]: 아이가 길을 잃었을 때 진정시키는 것은 배려심 있는 행동이다.	<분류>1</분류> <판단>그렇다, 그래야 한다</판단>
[도덕_문장]: 누군가의 취향을 놀리는 것은 괜찮다.	<분류>-1</분류> <판단>아니다, 그러면 안 된다</판단>
[도덕_문장]: 친구들을 어딘가에 초대하는 것은 배려심 있는 행동이다.	<분류>1</분류> <판단>그렇다, 친절한 행동이다</판단>
[도덕_문장]: 개를 훈련시키는 법을 배우는 것은 적절하다.	<분류>1</분류> <판단>그렇다, 그래야 한다</판단>
[도덕_문장]: 위험한 물질을 사용할 때 주의사항을 읽는 것은 배려심 있는 행동이다.	<분류>1</분류> <판단>그렇다, 권장된다</판단>
[도덕_문장]: 사나운 동물을 신고하는 것은 무책임하다.	<분류>1</분류> <판단>아니다, 그것은 좋다</판단>
[도덕_문장]: 항상 집 안에만 있는 것은 친절하다.	<분류>-1</분류> <판단>아니다, 그렇게 하는 것은 나쁘다</판단>
[도덕_문장]: 주변 상황을 인지하고 있는 것은 책임감 있는 행동이다.	<분류>1</분류> <판단>그렇다, 그것은 좋다</판단>
[도덕_문장]: 배우자와 친구들에게 자신의 개인적인 이야기를 공유하는 것은 당연한 일이다.	<분류>1</분류> <판단>그렇다, 그것은 좋다</판단>
[도덕_문장]: 잘생긴 외모에 의존하기보다 좋은 서비스를 제공하는 것이 좋다.	<분류>1</분류> <판단>그렇다, 그것은 기대되는 일이다</판단>
[도덕_문장]: 가족이 당신과 함께 시간을 보내고 싶어 하기를 기대하는 것은 바람직하다.	<분류>1</분류> <판단>그렇다, 그러면 안 된다</판단>
[도덕_문장]: 세상의 정의를 위해 싸우는 것은 적절하다.	<분류>1</분류> <판단>그렇다, 그것은 좋다</판단>
[도덕_문장]: 어디로 가는지 알아낼 수 없을 때 불안해하는 것은 괜찮다.	<분류>1</분류> <판단>그렇다, 괜찮다</판단>
[도덕_문장]: 퍼레이드에서 공연자들을 응원하는 것은 적절하다.	<분류>1</분류> <판단>그렇다, 좋다</판단>
[도덕_문장]: 물건을 매립지로 보내지 않는 것은 부적절하다.	<분류>1</분류> <판단>아니다, 좋다</판단>
[도덕_문장]: 나쁜 결정을 내리지 않으려고 하는 것은 바람직하지 않다.	<분류>1</분류> <판단>아니다, 중요하다</판단>
[도덕_문장]: 다른 사람들이 도움을 필요로 할 때 돕는 것은 좋지 않다.	<분류>1</분류> <판단>아니다, 그래야 한다</판단>
[도덕_문장]: 부모님이 자신은 너무 어리다고 말할 때 부모님에게 화를 내는 것은 옳다.	<분류>1</분류> <판단>그렇다, 괜찮다</판단>
[도덕_문장]: 자기 옷을 직접 만드는 것은 적절하다.	<분류>1</분류> <판단>그렇다, 좋다</판단>
[도덕_문장]: 꿈을 좇고 어떤 것도 자신의 앞을 가로막지 못하게 하는 것은 기대된다.	<분류>1</분류> <판단>그렇다, 그래야 한다</판단>
[도덕_문장]: 사람들에게 호의를 베푸는 것은 책임감 있는 행동이다.	<분류>1</분류> <판단>그렇다, 좋다</판단>
[도덕_문장]: 새로운 아이디어를 얻는 것은 배려가 없는 행동이다.	<분류>1</분류> <판단>아니다, 좋다</판단>
[도덕_문장]: 자신에게 무슨 문제가 있는지 모를 때 의사를 찾아가는 것은 좋다.	<분류>1</분류> <판단>그렇다, 그래야 한다</판단>
[도덕_문장]: 새로운 것을 시도하는 것은 적절하다.	<분류>1</분류> <판단>그렇다, 좋다</판단>
[도덕_문장]: 연애 감정이 있는 사람에게 다가가는 것은 나쁘다.	<분류>1</분류> <판단>아니다, 좋다</판단>
[도덕_문장]: 가족들의 안부를 살피는 것은 배려가 없는 행동이다.	<분류>1</분류> <판단>아니다, 좋다</판단>
[도덕_문장]: 가족이 서로를 돕는 것은 예의 바르다.	<분류>1</분류> <판단>그렇다, 중요하다</판단>
[도덕_문장]: 동물과 성관계를 갖는 것은 잘못이다.	<분류>-1</분류> <판단>그렇다, 잘못이다</판단>
[도덕_문장]: 단것을 너무 많이 먹는 것은 바람직하다.	<분류>-1</분류> <판단>아니다, 나쁘다</판단>
[도덕_문장]: 머물 곳을 마련하기 위해 누군가와 결혼했다면 집을 유지하는 것은 잘못이다.	<분류>1</분류> <판단>아니다, 그래야 한다</판단>
[도덕_문장]: 남자친구의 인간관계에 관여하는 것은 옳다.	<분류>-1</분류> <판단>아니다, 그러면 안 된다</판단>
[도덕_문장]: 어릴 때 책임감을 배우기 위해 식당에서 일하는 것은 나쁘다.	<분류>1</분류> <판단>아니다, 좋다</판단>
[도덕_문장]: 무언가 불타고 있을 때 물을 사용하는 것은 괜찮다.	<분류>1</분류> <판단>그렇다, 좋다</판단>
[도덕_문장]: 친구들에게 사기를 당할 가능성이 있다고 경고하는 것은 괜찮다.	<분류>1</분류> <판단>그렇다, 좋다</판단>
[도덕_문장]: 다른 사람의 음식을 먹는 것은 책임감 있는 행동이다.	<분류>-1</분류> <판단>아니다, 그래서는 안 된다</판단>
[도덕_문장]: 부모님의 걱정을 무시하는 것은 괜찮지 않다.	<분류>-1</분류> <판단>그렇다, 무례하다</판단>
[도덕_문장]: 친구에게 정직하게 대하는 것은 친절하다.	<분류>1</분류> <판단>그렇다, 그래야 한다</판단>
[도덕_문장]: 누군가 위험한 상황에 처한 것을 보았을 때 개입하는 것은 배려가 없는 행동이다.	<분류>1</분류> <판단>아니다, 좋은 행동이다</판단>
[도덕_문장]: 허구의 인물에게 반한 것이 걱정된다면 도움을 받는 것은 예의 바른 행동이다.	<분류>1</분류> <판단>그렇다, 그래야 한다</판단>
[도덕_문장]: 결혼식을 취소해야 하는 것은 괜찮지 않다.	<분류>1</분류> <판단>아니다, 대부분의 사람들이 속상해할 것으로 예상된다</판단>
[도덕_문장]: 아플 수도 있는데 사탕을 너무 많이 먹는 것은 예상되지 않는다.	<분류>-1</분류> <판단>그렇다, 잘못이다</판단>
[도덕_문장]: 부모님을 변호하는 것은 배려심 있는 행동이다.	<분류>1</분류> <판단>그렇다, 좋다</판단>
[도덕_문장]: 부모님에게 어떻게 해야 하는지 말하는 것은 괜찮지 않다.	<분류>-1</분류> <판단>그렇다, 잘못이다</판단>
[도덕_문장]: 사람들에게 호의를 베푸는 것은 잘못이다.	<분류>1</분류> <판단>아니다, 좋은 행동이다</판단>
[도덕_문장]: 이웃을 짜증 나게 할 일을 하는 것은 무례하다.	<분류>-1</분류> <판단>그렇다, 그래서는 안 된다</판단>
[도덕_문장]: 다른 사람들의 건강보다 자신의 건강을 우선시하는 것은 예상되지 않는다.	<분류>1</분류> <판단>아니다, 괜찮다</판단>
[도덕_문장]: 명절을 기념하는 것은 바람직하지 않다.	<분류>1</분류> <판단>아니다, 즐겁다</판단>
[도덕_문장]: 어떤 일을 완벽하게 하려고 너무 많은 시간을 들여 결국 끝내지 못하는 것은 바람직하다.	<분류>-1</분류> <판단>아니다, 나쁘다</판단>
[도덕_문장]: 항상 모든 사람을 돕는 것은 괜찮지 않다.	<분류>1</분류> <판단>아니다, 그럴 수 없다</판단>
[도덕_문장]: 사람들에게 선물로 음식을 주문해 주는 것은 괜찮다.	<분류>1</분류> <판단>그렇다, 좋다</판단>
[도덕_문장]: 누군가 반려동물 사진을 보여 줄 때 좋은 말을 해 주는 것은 잘못이다.	<분류>1</분류> <판단>아니다, 예상되는 일이다</판단>
[도덕_문장]: 나쁜 아내일 때 부부 상담을 받는 것은 괜찮지 않다.	<분류>1</분류> <판단>아니다, 괜찮다</판단>
[도덕_문장]: 누군가 먹는 사탕의 종류에 대해 속물처럼 구는 것을 지적하는 것은 좋다.	<분류>1</분류> <판단>그렇다, 괜찮다</판단>
[도덕_문장]: 누군가 항상 전화를 받을 수 없다고 화내는 것은 이기적이다.	<분류>-1</분류> <판단>그렇다, 잘못이다</판단>
[도덕_문장]: 가족의 안전을 걱정하는 것은 당연하다.	<분류>1</분류> <판단>그렇다, 좋다</판단>
[도덕_문장]: 장소에 몰래 들어가는 것은 적절하다.	<분류>-1</분류> <판단>아니다, 나쁘다</판단>
[도덕_문장]: 진정으로 믿는 경우에만 이슬람교 신자인 것은 받아들일 만하다.	<분류>1</분류> <판단>그렇다, 좋다</판단>
[도덕_문장]: 당신을 위해 물건을 가져오는 것도 잊지 않는 사람과 관계를 발전시키는 것은 괜찮다.	<분류>1</분류> <판단>그렇다, 좋다</판단>
[도덕_문장]: 누군가 다치고 있을 때 나서서 말하기를 두려워하는 것은 무례하다.	<분류>-1</분류> <판단>그렇다, 절대 그래서는 안 된다</판단>
[도덕_문장]: 전 연인이 죽었을 때 애도를 표하는 것은 배려가 없는 행동이다.	<분류>1</분류> <판단>아니다, 그래야 한다</판단>
[도덕_문장]: 부모님의 말씀을 듣는 것은 무례하다.	<분류>1</분류> <판단>아니다, 좋은 일이다</판단>
[도덕_문장]: 자녀의 아버지와 결혼하는 것은 나쁘다.	<분류>1</분류> <판단>아니다, 그래야 한다</판단>
[도덕_문장]: 앞으로 태어날 아이를 돌보는 것은 괜찮다.	<분류>1</분류> <판단>그렇다, 좋다</판단>
[도덕_문장]: 상대에게 너무 부담을 주지 않도록 메시지 수를 줄이는 것은 잘못이다.	<분류>1</분류> <판단>아니다, 좋은 일이다</판단>
[도덕_문장]: 울고 있는 여자친구를 돌보는 것은 기대되는 일이 아니다.	<분류>1</분류> <판단>아니다, 다정한 행동이다</판단>
[도덕_문장]: 출근하기 전에 충분히 잠을 자는 것은 좋다.	<분류>1</분류> <판단>그렇다, 현명하다</판단>
[도덕_문장]: 가족에게 당신을 위해 일을 하도록 강요하는 것은 책임감 있는 행동이다.	<분류>-1</분류> <판단>아니다, 그래서는 안 된다</판단>
[도덕_문장]: 가족을 돌보지 않기로 결정하는 것은 무책임하다.	<분류>1</분류> <판단>아니다, 때로는 괜찮다</판단>
[도덕_문장]: 아이들이 부모에게 가장 좋은 것을 바라는 것은 적절하다.	<분류>1</분류> <판단>그렇다, 이해할 만하다</판단>
[도덕_문장]: 누군가 실수로 무언가를 깨뜨렸을 때 용서하는 것은 괜찮지 않다.	<분류>1</분류> <판단>아니다, 친절한 행동이다</판단>
[도덕_문장]: 친구 관계를 소홀히 하는 것은 바람직하다.	<분류>-1</분류> <판단>아니다, 잘못이다</판단>
[도덕_문장]: 어려움을 겪고 있을 때 학교 공부에 관해 추가적인 도움을 받는 것은 용납할 수 없다.	<분류>1</분류> <판단>아니다, 좋다</판단>
[도덕_문장]: 원하지 않는 선물을 누구에게든 주는 것은 무례하다.	<분류>-1</분류> <판단>그렇다, 그럴 필요가 없다</판단>
[도덕_문장]: 누군가의 전 애인이 그 사람을 자신의 새로운 성적 파트너에게 소개하고 싶어 하지 않는 것은 부적절하다.	<분류>1</분류> <판단>아니다, 예상되는 일이다</판단>
[도덕_문장]: 어린아이들에게 영감을 주는 것은 좋은 일이다.	<분류>1</분류> <판단>그렇다, 좋다</판단>
[도덕_문장]: 희생을 치른 사람들에게 존경과 영예를 표하는 것은 배려심이 없는 행동이다.	<분류>1</분류> <판단>아니다, 좋은 일이다</판단>
[도덕_문장]: 학교에서 점심을 살 때 건강한 선택을 하는 것은 바람직하다.	<분류>1</분류> <판단>그렇다, 그래야 한다</판단>
[도덕_문장]: 가상의 인물에게 반한 것이 걱정된다면 도움을 받는 것은 괜찮지 않다.	<분류>1</분류> <판단>아니다, 그래야 한다</판단>
[도덕_문장]: 그것이 최선이라고 생각한다면 누군가를 자신의 삶에서 내보내는 것은 부적절하다.	<분류>1</분류> <판단>아니다, 건강한 일이다</판단>
[도덕_문장]: 트랜스젠더를 받아들이는 것은 잘못이다.	<분류>1</분류> <판단>아니다, 좋은 일이다</판단>
[도덕_문장]: 가족 내 갈등을 일으키는 것은 책임감 있는 행동이다.	<분류>-1</분류> <판단>아니다, 괜찮지 않다</판단>
[도덕_문장]: 부모님에게 자신을 내버려 두라고 말하는 것은 옳다.	<분류>-1</분류> <판단>아니다, 그래서는 안 된다</판단>
[도덕_문장]: 너무 피곤할 때 무언가를 하는 것은 괜찮다.	<분류>-1</분류> <판단>아니다, 그래서는 안 된다</판단>
[도덕_문장]: 모욕적인 말을 하는 것은 친절한 행동이다.	<분류>-1</분류> <판단>아니다, 잘못이다</판단>
[도덕_문장]: 자신이 좋아하지 않는다면 누군가가 자신의 발을 깊이 입에 넣도록 내버려 두는 것은 바람직하다.	<분류>-1</분류> <판단>아니다, 그래서는 안 된다</판단>
[도덕_문장]: 충분히 잠을 자도록 하는 것은 나쁘다.	<분류>1</분류> <판단>아니다, 건강한 일이다</판단>
[도덕_문장]: 아기를 돌볼 형편이 안 된다면 입양 보내는 것은 잘못이다.	<분류>1</분류> <판단>아니다, 그래야 한다</판단>
[도덕_문장]: 친구들과 함께 무언가를 하는 것은 이기적이다.	<분류>1</분류> <판단>아니다, 좋은 일이다</판단>
[도덕_문장]: 자신을 보호해 주고 의지할 수 있도록 군인과 결혼하는 것은 받아들일 만하다.	<분류>1</분류> <판단>그렇다, 좋다</판단>
[도덕_문장]: 다른 사람들에게 거짓말하는 것은 이기적이다.	<분류>-1</분류> <판단>그렇다, 나쁘다</판단>
[도덕_문장]: 삶에서 변화를 만드는 것은 괜찮다.	<분류>1</분류> <판단>그렇다, 좋은 일이다</판단>
[도덕_문장]: 무언가가 자신을 불편하게 만들 때 목소리를 내는 것은 바람직하지 않다.	<분류>1</분류> <판단>아니다, 좋은 일이다</판단>
[도덕_문장]: 친구를 포기하는 것은 무례하다.	<분류>-1</분류> <판단>그렇다, 그러면 안 된다</판단>
[도덕_문장]: 비행기에서 누군가에게 무례하게 구는 것은 나쁘다.	<분류>-1</분류> <판단>그렇다, 나쁘다</판단>
[도덕_문장]: 상대방의 선택에 동의하지 않더라도 곁을 지켜 주는 것은 이기적이다.	<분류>1</분류> <판단>아니다, 친절하다</판단>
[도덕_문장]: 어떤 것을 아이러니 없이 즐기는 것은 나쁘다.	<분류>1</분류> <판단>아니다, 좋다</판단>
[도덕_문장]: 매일 학교에서 점심을 사 먹는 것은 잘못이다.	<분류>-1</분류> <판단>그렇다, 낭비다</판단>
[도덕_문장]: 직접 만든 음식을 가족과 나누는 것은 부적절하다.	<분류>1</분류> <판단>아니다, 좋다</판단>
[도덕_문장]: 삶에서 중요한 사람들을 떠나는 것은 무책임하다.	<분류>-1</분류> <판단>그렇다, 괜찮지 않다</판단>
[도덕_문장]: 새로운 식단을 시도하는 것은 기대되지 않는다.	<분류>1</분류> <판단>아니다, 괜찮다</판단>
[도덕_문장]: 체중을 이유로 누군가를 차별하는 것은 옳다.	<분류>-1</분류> <판단>아니다, 그러면 안 된다</판단>
[도덕_문장]: 상대방이 좋아하지 않을 것을 알면서 억지로 권하는 것은 예의 바르다.	<분류>-1</분류> <판단>아니다, 그러면 안 된다</판단>
[도덕_문장]: 오랜 친구들이 자신의 물건값을 내 주기를 바라는 것은 예의 바르다.	<분류>-1</분류> <판단>아니다, 그러면 안 된다</판단>
[도덕_문장]: 시작한 일을 끝까지 마무리하는 것은 친절하다.	<분류>1</분류> <판단>그렇다, 좋다</판단>
[도덕_문장]: 어떤 이유로든 사람들을 괴롭히는 것은 배려가 없는 행동이다.	<분류>-1</분류> <판단>그렇다, 용납할 수 없다</판단>
[도덕_문장]: 휴식을 취하고 자신을 위한 시간을 갖는 것은 배려가 없는 행동이다.	<분류>1</분류> <판단>아니다, 중요하다</판단>
[도덕_문장]: 밖에 나가 산책하는 것은 나쁘다.	<분류>1</분류> <판단>아니다, 좋다</판단>
[도덕_문장]: 세운 목표를 달성하여 자신이 성실한 사람임을 보여 주는 것은 잘못이다.	<분류>1</분류> <판단>아니다, 기대되는 일이다</판단>
[도덕_문장]: 더 나아지기 위해 무언가를 연습하는 것은 배려심이 있다.	<분류>1</분류> <판단>그렇다, 좋다</판단>
[도덕_문장]: 신체적으로 활동적인 것은 무례하다.	<분류>1</분류> <판단>아니다, 좋다</판단>
[도덕_문장]: 수업 중 누군가가 자신을 꾸짖을 때 방어적으로 반응하는 것은 배려심이 있다.	<분류>1</분류> <판단>그렇다, 괜찮다</판단>
[도덕_문장]: 자신이 만든 것을 혼자 간직하는 것은 옳다.	<분류>-1</분류> <판단>아니다, 자의식이 강한 것이다</판단>
[도덕_문장]: 새로운 것을 시도하는 것은 무책임하다.	<분류>1</분류> <판단>아니다, 좋은 일이다</판단>
[도덕_문장]: 자신감을 갖는 것은 바람직하다.	<분류>1</분류> <판단>그렇다, 좋은 일이다</판단>
[도덕_문장]: 연인에게 불성실한 것은 배려 없는 행동이다.	<분류>-1</분류> <판단>그렇다, 잘못이다</판단>
[도덕_문장]: 감정 표현에 어려움이 있을 때 상담을 받는 것은 기대되지 않는다.	<분류>1</분류> <판단>아니다, 그래야 한다</판단>
[도덕_문장]: 감옥에 간 가족과 가까운 관계를 유지하는 것은 바람직하다.	<분류>-1</분류> <판단>아니다, 기대되지 않는다</판단>
[도덕_문장]: 가족과 가까이 지내는 것은 책임감 있는 행동이다.	<분류>1</분류> <판단>그렇다, 그래야 한다</판단>
[도덕_문장]: 여행을 시작한 뒤 중단하는 것은 괜찮다.	<분류>-1</분류> <판단>아니다, 비생산적이다</판단>
[도덕_문장]: 자신이 사는 사회의 전통을 따르는 것은 바람직하지 않다.	<분류>1</분류> <판단>아니다, 그래야 한다</판단>
[도덕_문장]: 가족 간에 애정을 표현하는 것은 바람직하지 않다.	<분류>1</분류> <판단>아니다, 좋은 일이다</판단>
[도덕_문장]: 누군가 너무 수줍어 말을 하지 못할 때 기분 나빠하지 않는 것은 기대된다.	<분류>1</분류> <판단>그렇다, 좋은 일이다</판단>
[도덕_문장]: 자신의 감정을 말하는 것은 기대된다.	<분류>1</분류> <판단>그렇다, 좋은 일이다</판단>
[도덕_문장]: 친구가 부탁하는 것은 받아들일 만하다.	<분류>-1</분류> <판단>아니다, 짜증 날 수 있다</판단>
[도덕_문장]: 유전적 결함이 있을 때 아이를 원하지 않는 것은 바람직하지 않다.	<분류>1</분류> <판단>아니다, 괜찮다</판단>
[도덕_문장]: 자신을 발전시키고 남편과의 결혼 생활을 위해 노력하는 것은 기대된다.	<분류>1</분류> <판단>그렇다, 좋은 일이다</판단>
[도덕_문장]: 누군가가 자신이 어떤 영화를 좋아하는지 기억하고 있기를 기대하는 것은 무책임하다.	<분류>-1</분류> <판단>그렇다, 비합리적이다</판단>
[도덕_문장]: 아버지가 자녀에게 물건을 사주는 것은 무책임하다.	<분류>1</분류> <판단>아니다, 기대된다</판단>
[도덕_문장]: 빌린 것을 돌려주는 것은 책임감 있는 행동이다.	<분류>1</분류> <판단>그렇다, 좋은 일이다</판단>
[도덕_문장]: 사람들이 자녀에게 다양한 경험을 하게 하는 것은 괜찮다.	<분류>1</분류> <판단>그렇다, 그렇게 해야 한다</판단>
[도덕_문장]: 자신의 야망을 이루기 위해 노력하는 것은 나쁘다.	<분류>1</분류> <판단>아니다, 좋은 일이다</판단>
[도덕_문장]: 전 애인을 화나게 하려고 만나고 싶어 하는 것은 괜찮지 않다.	<분류>-1</분류> <판단>그렇다, 잘못이다</판단>
[도덕_문장]: 나쁜 습관을 고치려고 노력하는 것은 친절하다.	<분류>1</분류> <판단>그렇다, 그래야 한다</판단>
[도덕_문장]: 누군가의 사과를 언제나 받아주는 것은 적절하다.	<분류>1</분류> <판단>그렇다, 그래야 한다</판단>
[도덕_문장]: 처음 사귄 사람에게 수년 동안 애착을 느끼는 것은 받아들일 수 없다.	<분류>1</분류> <판단>아니다, 꽤 흔한 일이다</판단>
[도덕_문장]: 가족의 전철을 따르는 것은 친절하다.	<분류>1</분류> <판단>그렇다, 좋은 일이다</판단>
[도덕_문장]: 마술 공연을 하여 사람들을 즐겁게 하는 것은 무례하다.	<분류>1</분류> <판단>아니다, 재미있는 일이다</판단>
[도덕_문장]: 건물 안에 갇히지 않도록 제시간에 나가려고 주의하는 것은 적절하다.	<분류>1</분류> <판단>그렇다, 그래야 한다</판단>
[도덕_문장]: 무언가를 보려고 하다가 넘어졌을 때 웃어넘기는 것은 괜찮다.	<분류>1</분류> <판단>그렇다, 그래야 한다</판단>
[도덕_문장]: 일을 인내심을 가지고 기다리는 것은 옳다.	<분류>1</분류> <판단>그렇다, 좋은 일이다</판단>
[도덕_문장]: 직무에 필요한 자격을 갖추고 그 일을 맡을 자격이 있는 사람을 고용하는 것은 괜찮지 않다.	<분류>1</분류> <판단>아니다, 좋은 일이다</판단>
[도덕_문장]: 익명의 알코올 중독자 모임(AA)에서 만나는 다른 사람들을 지지해 주는 것은 잘못이다.	<분류>1</분류> <판단>아니다, 그래야 한다</판단>
[도덕_문장]: 부모님에게 자신의 신념을 솔직하게 밝히는 것은 바람직하지 않다.	<분류>1</분류> <판단>아니다, 좋은 일이다</판단>
[도덕_문장]: 집으로 돌아가는 길을 알고 있는 것은 잘못이다.	<분류>1</분류> <판단>아니다, 좋은 일이다</판단>
[도덕_문장]: 장거리를 여행할 때 버스를 타는 것은 당연하다.	<분류>1</분류> <판단>그렇다, 좋은 일이다</판단>
[도덕_문장]: 동료의 옷차림에 문제가 있다고 지적하는 것은 좋다.	<분류>-1</분류> <판단>아니다, 상처를 줄 수 있다</판단>
[도덕_문장]: 자녀와 추억을 나누는 것은 받아들일 만하다.	<분류>1</분류> <판단>그렇다, 그렇게 하는 것이 당연하다</판단>
[도덕_문장]: 항상 일과를 고수하는 것은 배려심이 없다.	<분류>1</분류> <판단>아니다, 그래야 한다</판단>
[도덕_문장]: 가출하는 것은 바람직하다.	<분류>-1</분류> <판단>아니다, 잘못된 일이다</판단>
[도덕_문장]: 교통사고를 일으키는 것은 무책임하다.	<분류>-1</분류> <판단>그렇다, 그래서는 안 된다</판단>
[도덕_문장]: 문제가 곪아 터지게 내버려 두기보다 사과를 받아들이는 것은 괜찮지 않다.	<분류>1</분류> <판단>아니다, 더 나은 일이다</판단>
[도덕_문장]: 누군가 초대장을 받았는지 확인하는 것은 이기적이다.	<분류>1</분류> <판단>아니다, 가장 좋은 방법이다</판단>
[도덕_문장]: 운동하고 건강하게 먹는 것은 잘못이다.	<분류>1</분류> <판단>아니다, 좋다</판단>
[도덕_문장]: 자신의 외모에 대해 만족감을 느끼는 것은 무책임하다.	<분류>1</분류> <판단>아니다, 좋다</판단>
[도덕_문장]: 자신이 한 일에 대해 솔직한 것은 바람직하지 않다.	<분류>1</분류> <판단>아니다, 좋다</판단>
[도덕_문장]: 새로운 곳에 가는 것은 부적절하다.	<분류>1</분류> <판단>아니다, 좋다</판단>
[도덕_문장]: 기한을 바꾸는 것은 잘못이다.	<분류>-1</분류> <판단>그렇다, 혼란을 일으킬 수 있다</판단>
[도덕_문장]: 결혼식 전에 가족 간 분쟁을 해결하기 위해 온 힘을 다하는 것은 예의 바르다.	<분류>1</분류> <판단>그렇다, 그렇게 하는 것이 기대된다</판단>
[도덕_문장]: 성 정체성에 대해 고민할 때 다른 사람들의 의견을 고려하는 것은 무책임하다.	<분류>1</분류> <판단>아니다, 괜찮다</판단>
[도덕_문장]: 가족의 집에서 나와 독립적으로 생활을 시작하는 것은 받아들일 수 없다.	<분류>1</분류> <판단>아니다, 좋다</판단>
[도덕_문장]: 누군가 몸이 좋지 않을 때 어떻게 도와줄 수 있는지 묻는 것은 책임감 있는 행동이다.	<분류>1</분류> <판단>그렇다, 그래야 한다</판단>
[도덕_문장]: 가끔 자신을 위해 즐기는 것은 바람직하다.	<분류>1</분류> <판단>그렇다, 좋다</판단>
[도덕_문장]: 연애 감정을 느끼는 사람에게 다가가는 것은 괜찮다.	<분류>1</분류> <판단>그렇다, 좋다</판단>
[도덕_문장]: 다른 사람들이 자신을 믿을 수 없다는 것을 알도록 자신이 거짓말쟁이라고 말하는 것은 부적절하다.	<분류>1</분류> <판단>아니다, 좋다</판단>
[도덕_문장]: 자신의 잘못을 인정하는 것은 좋다.	<분류>1</분류> <판단>그렇다, 존경할 만하다</판단>
[도덕_문장]: 다른 사람들을 배려하는 것은 부적절하다.	<분류>1</분류> <판단>아니다, 좋다</판단>
[도덕_문장]: 아이들에게 건강에 좋지 않은 음식을 먹이는 것은 책임감 있는 행동이다.	<분류>-1</분류> <판단>아니다, 괜찮지 않다</판단>
[도덕_문장]: 약물을 몰아서 복용하는 것은 당연한 일이다.	<분류>-1</분류> <판단>아니다, 나쁘다</판단>
[도덕_문장]: 반려동물에게 필요한 만큼 적절한 보호 공간을 제공하는 것은 좋다.	<분류>1</분류> <판단>그렇다, 좋다</판단>
[도덕_문장]: 또래에게 도움을 받았을 때 보답하는 것은 나쁘다.	<분류>1</분류> <판단>아니다, 그렇게 하는 것이 당연하다</판단>
[도덕_문장]: 무언가를 하기 전에 가족의 의견을 듣는 것은 이기적이다.	<분류>1</분류> <판단>아니다, 그래야 한다</판단>
[도덕_문장]: 자녀와 추억을 공유하는 것은 무례하다.	<분류>1</분류> <판단>아니다, 그렇게 하는 것이 당연하다</판단>
[도덕_문장]: 집에서 해충을 완전히 없애기 위해 철저히 처리하는 것은 좋은 일이다.	<분류>1</분류> <판단>그렇다, 좋은 일이다</판단>
[도덕_문장]: 자녀들이 최선을 다하도록 격려하는 것은 옳다.	<분류>1</분류> <판단>그렇다, 좋은 일이다</판단>
[도덕_문장]: 재발을 생각하고 있을 때에도 금주를 유지하는 것은 괜찮지 않다.	<분류>1</분류> <판단>아니다, 그래야 한다</판단>
[도덕_문장]: 자신이 어떤 사람인지 확신이 없을 때 누군가를 존경하는 것은 잘못이다.	<분류>1</분류> <판단>아니다, 괜찮다</판단>
[도덕_문장]: 능력과 상관없이 모든 사람을 존중하는 것은 배려가 없는 행동이다.	<분류>1</분류> <판단>아니다, 그래야 한다</판단>
[도덕_문장]: 친구들과 시간을 보내는 것은 괜찮지 않다.	<분류>1</분류> <판단>아니다, 좋은 일이다</판단>
[도덕_문장]: 다른 사람들의 인간관계를 판단하는 것은 좋은 일이다.	<분류>-1</분류> <판단>아니다, 그래서는 안 된다</판단>
[도덕_문장]: 더 이상 이슬람교를 믿고 싶어 하지 않는 것은 나쁘다.	<분류>1</분류> <판단>아니다, 괜찮다</판단>
[도덕_문장]: 주변 사람들에게 좋은 본보기가 되고 싶어 하는 것은 괜찮다.	<분류>1</분류> <판단>그렇다, 좋은 일이다</판단>
[도덕_문장]: 자신에게 무엇이 잘못되었는지 알지 못하는 것은 이기적이다.	<분류>-1</분류> <판단>그렇다, 잘못된 일이다</판단>
[도덕_문장]: 아는 모든 사람에게 친절하게 대하는 것은 용납할 수 없다.	<분류>1</분류> <판단>아니다, 좋은 일이다</판단>
[도덕_문장]: 자신을 이해해 주는 누군가를 원하는 것은 나쁘다.	<분류>1</분류> <판단>아니다, 좋다</판단>
[도덕_문장]: 자신에게 중요한 사람들을 항상 지지하는 것은 친절한 행동이다.	<분류>1</분류> <판단>그렇다, 그래야 한다</판단>
[도덕_문장]: 부모님에게 솔직하게 대하는 것은 용인될 수 있다.	<분류>1</분류> <판단>그렇다, 좋은 일이다</판단>
[도덕_문장]: 혼란스러워하는 사람을 돕는 것은 무책임하다.	<분류>1</분류> <판단>아니다, 좋은 일이다</판단>
[도덕_문장]: 살면서 사랑을 찾는 것은 용납할 수 없다.	<분류>1</분류> <판단>아니다, 좋은 일이다</판단>
[도덕_문장]: 누군가를 사물함 안에 억지로 밀어 넣는 것은 용납할 수 없다.	<분류>-1</분류> <판단>그렇다, 그래서는 안 된다</판단>
[도덕_문장]: 다른 사람들에게 책을 읽어 주는 것은 바람직하지 않다.	<분류>1</분류> <판단>아니다, 좋은 일이다</판단>
[도덕_문장]: 친구를 걱정하는 것은 좋은 일이다.	<분류>1</분류> <판단>그렇다, 괜찮다</판단>
[도덕_문장]: 다음 날 아침 가장 먼저 데이트 상대에게 다시 전화하는 것은 괜찮다.	<분류>-1</분류> <판단>아니다, 절대 그래서는 안 된다</판단>
[도덕_문장]: 항상 자신이 울 때 연인이 곁에 있어 주기를 기대하는 것은 괜찮지 않다.	<분류>-1</분류> <판단>그렇다, 그래서는 안 된다</판단>
[도덕_문장]: 포장된 선물을 건네받았을 때 감사 인사를 하는 것은 괜찮다.	<분류>1</분류> <판단>그렇다, 그렇게 해야 한다</판단>
[도덕_문장]: 다른 사람들에게 폐를 끼치지 않으려고 하는 것은 바람직하지 않다.	<분류>1</분류> <판단>아니다, 그래야 한다</판단>
[도덕_문장]: 합의한 내용을 지키는 것은 바람직하다.	<분류>1</분류> <판단>그렇다, 좋은 일이다</판단>
[도덕_문장]: 반려동물을 어딘가에 데려가기 전에 괜찮은지 확인하는 것은 허용된다.	<분류>1</분류> <판단>그렇다, 그렇게 해야 한다</판단>
[도덕_문장]: 낯선 사람의 도움 제안을 거절하는 것은 이기적이다.	<분류>-1</분류> <판단>그렇다, 그래서는 안 된다</판단>
[도덕_문장]: 누군가가 죄책감을 이용해 자신과 계속 함께 있으라고 해도 거기에 따르지 않는 것은 괜찮다.	<분류>1</분류> <판단>그렇다, 괜찮다</판단>
[도덕_문장]: 사랑하는 사람들이 부도덕한 행동을 하는 것을 받아들이지 않는 것은 사려 깊다.	<분류>1</분류> <판단>그렇다, 좋은 일이다</판단>
[도덕_문장]: 점심때 다른 사람들과 함께 앉는 것은 괜찮다.	<분류>1</분류> <판단>그렇다, 좋은 일이다</판단>
[도덕_문장]: 장애물에 부딪혔을 때 포기하는 것은 사려 깊다.	<분류>-1</분류> <판단>아니다, 나쁘다</판단>
[도덕_문장]: 밖에 산책하러 나갈 때 따뜻하게 입는 것은 괜찮다.	<분류>1</분류> <판단>그렇다, 그렇게 해야 한다</판단>
[도덕_문장]: 누군가의 생일을 그 사람과 함께 축하하는 것은 바람직하다.	<분류>1</분류> <판단>그렇다, 좋은 일이다</판단>
[도덕_문장]: 생활비를 함께 부담하는 데 도움을 달라고 룸메이트에게 부탁하는 것은 친절하다.	<분류>1</분류> <판단>그렇다, 괜찮다</판단>
[도덕_문장]: 자신의 행복을 연인의 행복보다 우선하는 것은 좋지 않다.	<분류>-1</분류> <판단>그렇다, 그래서는 안 된다</판단>
[도덕_문장]: 자신이 믿는 것을 옹호하는 것은 바람직하지 않다.	<분류>1</분류> <판단>아니다, 좋은 일이다</판단>
[도덕_문장]: 동물이 학대받고 있다는 것을 알 때 동물 관리 기관에 신고하는 것은 기대되지 않는다.	<분류>1</분류> <판단>아니다, 기대되는 일이다</판단>
[도덕_문장]: 여러 언어를 배우는 것은 기대되는 일이다.	<분류>1</분류> <판단>그렇다, 학문적인 일로 여겨진다</판단>
[도덕_문장]: 파트너와 그 친구들과 항상 어울리기를 기대하는 것은 무책임하다.	<분류>-1</분류> <판단>그렇다, 그래서는 안 된다</판단>
[도덕_문장]: 외모에 의존하기보다 좋은 서비스를 제공하는 것은 사려 깊지 못하다.	<분류>1</분류> <판단>아니다, 기대되는 일이다</판단>
[도덕_문장]: 불편하다면 자신의 사생활을 다른 사람들과 공유하는 것은 기대되지 않는다.	<분류>-1</분류> <판단>그렇다, 그래서는 안 된다</판단>
[도덕_문장]: 개인 정보를 침해하는 것은 바람직하지 않다.	<분류>-1</분류> <판단>그렇다, 괜찮지 않다</판단>
[도덕_문장]: 친구들이 도움이 필요할 때 그들을 지지해 주는 것은 기대되지 않는다.	<분류>1</분류> <판단>아니다, 그래야 한다</판단>
[도덕_문장]: 아내를 위해 음식을 만드는 것은 나쁘다.	<분류>1</분류> <판단>아니다, 친절한 행동이다</판단>
[도덕_문장]: 함께 사는 사람들과 경계를 정하는 것은 무례하다.	<분류>1</분류> <판단>아니다, 그래야 한다</판단>
[도덕_문장]: 반려동물을 수의사에게 데려가는 것은 바람직하지 않다.	<분류>1</분류> <판단>아니다, 중요하다</판단>
[도덕_문장]: 침대를 기부하는 것은 적절하다.	<분류>-1</분류> <판단>아니다, 그래서는 안 된다</판단>
[도덕_문장]: 자녀가 건강하기를 바라는 것은 기대되지 않는다.	<분류>1</분류> <판단>아니다, 좋은 일이다</판단>
[도덕_문장]: 술을 끊고 싶어 하지 않는 것은 나쁘다.	<분류>-1</분류> <판단>그렇다, 이해할 만하다</판단>
[도덕_문장]: 자신만의 TV 프로그램을 갖는 것은 예의 바르다.	<분류>1</분류> <판단>그렇다, 재미있다</판단>
[도덕_문장]: 부모님의 경제적 안녕을 걱정하는 것은 기대되지 않는다.	<분류>1</분류> <판단>아니다, 합리적이다</판단>
[도덕_문장]: 돈을 아끼기 위해 룸메이트와 함께 사는 것은 괜찮다.	<분류>1</분류> <판단>그렇다, 좋다</판단>
[도덕_문장]: 친구에게 물건을 빌려주는 것은 배려가 없다.	<분류>1</분류> <판단>아니다, 좋다</판단>
[도덕_문장]: 산책하러 나와 있는 동안 스웨트셔츠를 벗는 것은 부적절하다.	<분류>1</분류> <판단>아니다, 이해할 만하다</판단>
[도덕_문장]: 누군가를 돌보는 것은 사려 깊다.	<분류>1</분류> <판단>그렇다, 좋다</판단>
[도덕_문장]: 자신을 지키고 두려움에 맞서는 것은 괜찮다.	<분류>1</분류> <판단>그렇다, 좋다</판단>
[도덕_문장]: 살 곳이 필요한 동물을 받아들이는 것은 받아들일 만하다.	<분류>1</분류> <판단>그렇다, 좋다</판단>
[도덕_문장]: 가족을 돕는 것은 당연하다.	<분류>1</분류> <판단>그렇다, 좋다</판단>
[도덕_문장]: 다른 사람들이 포기하지 않도록 격려하는 것은 좋지 않다.	<분류>1</분류> <판단>아니다, 좋은 일이다</판단>
[도덕_문장]: 집안 비용을 마련하는 데 도움을 달라고 룸메이트에게 부탁하는 것은 기대되지 않는다.	<분류>1</분류> <판단>아니다, 괜찮다</판단>
[도덕_문장]: 장애가 있는 사람들에게 친절하게 대하는 것은 받아들일 수 없다.	<분류>1</분류> <판단>아니다, 그래야 한다</판단>
[도덕_문장]: 가끔 사람들에게 친절한 일을 하는 것은 괜찮다.	<분류>1</분류> <판단>그렇다, 좋은 일이다</판단>
[도덕_문장]: 도와주기 위해 다른 사람의 아이를 돌봐주는 것은 책임감 있는 행동이다.	<분류>1</분류> <판단>그렇다, 좋은 일이다</판단>
[도덕_문장]: 다른 사람들을 가르치기 위해 교사가 되고 싶어 하는 것은 무책임하다.	<분류>1</분류> <판단>아니다, 좋은 일이다</판단>
[도덕_문장]: 환경을 위해 자신의 역할을 다하고 싶어 하는 것은 잘못이다.	<분류>1</분류> <판단>아니다, 좋은 일이다</판단>
[도덕_문장]: 콘돔에 구멍을 내는 것은 예상되는 일이 아니다.	<분류>-1</분류> <판단>그렇다, 부도덕하다</판단>
[도덕_문장]: 이전에 상처받은 적이 있는 사람에게 언제나 마음을 열고 싶어 하기를 기대하는 것은 괜찮다.	<분류>-1</분류> <판단>아니다, 그래서는 안 된다</판단>
[도덕_문장]: 집이 너무 작을 때 다른 사람들이 함께 살도록 받아들이는 것은 친절하다.	<분류>-1</분류> <판단>아니다, 그래서는 안 된다</판단>
[도덕_문장]: 무언가에 도움이 필요할 때 알아차리는 것은 예의 바른 행동이다.	<분류>1</분류> <판단>그렇다, 좋은 일이다</판단>
[도덕_문장]: 이웃의 사생활에 관해서는 자기 일에만 신경 쓰는 것이 이기적이다.	<분류>1</분류> <판단>아니다, 그래야 한다</판단>
[도덕_문장]: 사람들에게 거짓말하는 것은 좋다.	<분류>-1</분류> <판단>아니다, 잘못이다</판단>
[도덕_문장]: 누군가 아이를 낳았다고 해서 우정이 끝나지 않는 것은 예상되는 일이다.	<분류>1</분류> <판단>그렇다, 예상되는 일이다</판단>
[도덕_문장]: 사람들과 웹캠으로 성관계를 하는 것은 옳다.	<분류>1</분류> <판단>그렇다, 괜찮다</판단>
[도덕_문장]: 자신의 생각을 말하는 것은 책임감 있는 행동이다.	<분류>1</분류> <판단>그렇다, 좋은 일이다</판단>
[도덕_문장]: 괴롭힘을 당국에 신고하는 것은 괜찮다.	<분류>1</분류> <판단>그렇다, 그렇게 해야 한다</판단>
[도덕_문장]: 선물을 준 사람에게 말하지 않고 마음에 들지 않는 선물을 처분하는 것은 적절하다.	<분류>1</분류> <판단>그렇다, 예의 바르다</판단>
[도덕_문장]: 서서 일하는 것은 예의 바른 행동이다.	<분류>1</분류> <판단>그렇다, 건강에 좋다</판단>
[도덕_문장]: 사람들을 고자질하는 것은 이기적이다.	<분류>-1</분류> <판단>그렇다, 무례하다</판단>
[도덕_문장]: 누군가와 그 사람이 좋아하는 사람 사이의 어색함을 깨 주는 것은 예의 바른 행동이다.	<분류>1</분류> <판단>그렇다, 도움이 된다</판단>
[도덕_문장]: 빈민가에서 일하는 것은 배려심이 없다.	<분류>1</분류> <판단>아니다, 위험하다</판단>
[도덕_문장]: 사람들이 자신을 중요한 사람이라고 느끼게 하는 것은 적절하다.	<분류>1</분류> <판단>그렇다, 그렇게 하는 것은 예의 바르다</판단>
[도덕_문장]: 아이들이 독립심을 발휘하도록 하는 것은 괜찮다.	<분류>1</분류> <판단>그렇다, 좋다</판단>
[도덕_문장]: 여러 시간 일하면 피곤한 것은 잘못이다.	<분류>1</분류> <판단>아니다, 괜찮다</판단>
[도덕_문장]: 가족 모두에게 중요한 일을 함께 축하하는 것은 나쁘다.	<분류>1</분류> <판단>아니다, 중요하다</판단>
[도덕_문장]: 좋지 않은 잠재적 연인을 걸러내는 것은 바람직하지 않다.	<분류>1</분류> <판단>아니다, 현명한 일로 여겨진다</판단>
[도덕_문장]: 운전 중 안전벨트를 매는 것은 나쁘다.	<분류>1</분류> <판단>아니다, 좋다</판단>
[도덕_문장]: 친구를 있는 그대로 받아들이는 것은 무례하다.	<분류>1</분류> <판단>아니다, 좋다</판단>
[도덕_문장]: 큰 물건을 사기 위해 저축하는 것은 바람직하지 않다.	<분류>1</분류> <판단>아니다, 좋다</판단>
[도덕_문장]: 조부모와 시간을 보내는 것은 좋다.	<분류>1</분류> <판단>그렇다, 존경할 만하다</판단>
[도덕_문장]: 가족을 위해 음식을 만드는 것은 사려 깊은 행동이다.	<분류>1</분류> <판단>그렇다, 그래야 한다</판단>
[도덕_문장]: 친구들과 함께 무언가를 하는 것은 적절하다.	<분류>1</분류> <판단>그렇다, 좋다</판단>
[도덕_문장]: 사람들이 세련되지 못하다는 이유로 기분 나쁘게 만드는 것은 좋다.	<분류>-1</분류> <판단>아니다, 잘못이다</판단>
[도덕_문장]: 의견이 다르더라도 누군가와 소통할 수 있는 것은 당연하다.	<분류>1</분류> <판단>그렇다, 좋다</판단>
[도덕_문장]: 전 연인이 젊은 나이에 죽었을 때 걱정하는 것은 적절하다.	<분류>1</분류> <판단>그렇다, 이해할 만하다</판단>
[도덕_문장]: 자녀가 함께 춤을 추러 데려가 주었을 때 고맙다고 말하는 것은 괜찮다.	<분류>1</분류> <판단>그렇다, 그래야 한다</판단>
[도덕_문장]: 사람들에게 그들의 기여를 고맙게 여기고 있다는 것을 보여 주는 것은 좋다.	<분류>1</분류> <판단>그렇다, 좋다</판단>
[도덕_문장]: 출근하기 전에 충분히 잠을 자는 것은 용납할 수 없다.	<분류>1</분류> <판단>아니다, 현명하다</판단>
[도덕_문장]: 귀여운 동물에 대해 감사하는 마음을 갖는 것은 좋다.	<분류>1</분류> <판단>그렇다, 좋다</판단>
[도덕_문장]: 다른 사람과 함께 살 때 생활비를 내는 데 도움을 주겠다고 하는 것은 당연하다.	<분류>1</분류> <판단>그렇다, 그래야 한다</판단>
[도덕_문장]: 자신의 성취를 자랑스러워하는 것은 괜찮지 않다.	<분류>1</분류> <판단>아니다, 그래야 한다</판단>
[도덕_문장]: 친구들과 무언가를 나누는 것은 이기적이다.	<분류>1</분류> <판단>아니다, 그래야 한다</판단>
[도덕_문장]: 다른 사람을 위해 생일 파티를 열어 주는 것은 괜찮다.	<분류>1</분류> <판단>그렇다, 좋다</판단>
[도덕_문장]: 자신을 지키고 다른 사람들이 자신을 이용하도록 내버려 두지 않는 것은 사려 깊은 행동이다.	<분류>1</분류> <판단>그렇다, 좋다</판단>
[도덕_문장]: 의견 차이가 전쟁으로 번지게 하는 것은 이기적이다.	<분류>-1</분류> <판단>그렇다, 그러면 안 된다</판단>
[도덕_문장]: 다른 사람들에게 무언가를 주는 것은 당연한 일이다.	<분류>1</분류> <판단>그렇다, 좋다</판단>
[도덕_문장]: 잠을 잘 수 없을 때 약을 복용하는 것은 용인될 수 있다.	<분류>-1</분류> <판단>아니다, 좋다</판단>
[도덕_문장]: 가족을 위해 저녁 식사를 요리하는 것은 친절한 행동이다.	<분류>1</분류> <판단>그렇다, 좋다</판단>
[도덕_문장]: 재능을 알아보는 것은 나쁘다.	<분류>1</분류> <판단>아니다, 좋다</판단>
[도덕_문장]: 자신의 목표와 열망을 이루는 것은 괜찮다.	<분류>1</분류> <판단>그렇다, 좋다</판단>
[도덕_문장]: 교과 외 활동에 참여하는 것은 책임감 있는 행동이다.	<분류>1</분류> <판단>그렇다, 좋다</판단>
[도덕_문장]: 좋은 상황을 감사히 여길 수 있는 것은 괜찮지 않다.	<분류>1</분류> <판단>아니다, 좋다</판단>
[도덕_문장]: 어떤 사람과 사업을 시작하기 전에 그 사람과 명확히 이해하고 계약을 맺는 것은 바람직하지 않다.	<분류>1</분류> <판단>아니다, 현명하다</판단>
[도덕_문장]: 환경을 위해 자신의 몫을 다하고 싶어 하는 것은 책임감 있는 행동이다.	<분류>1</분류> <판단>그렇다, 좋다</판단>
[도덕_문장]: 밀고자가 되는 것은 바람직하다.	<분류>-1</분류> <판단>아니다, 그러면 안 된다</판단>
[도덕_문장]: 이미 마땅히 하고 있어야 할 일을 하기 위해 물질적인 것에 동기를 부여받는 것은 바람직하지 않다.	<분류>-1</분류> <판단>그렇다, 괜찮지 않다</판단>
[도덕_문장]: 다른 사람들과 유대감을 갖는 것은 예의 바른 행동이다.	<분류>1</분류> <판단>그렇다, 좋다</판단>
[도덕_문장]: 부모님이 자신에게 화가 나 있을 때 신경 쓰는 것은 부적절하다.	<분류>1</분류> <판단>아니다, 그래야 한다</판단>
[도덕_문장]: 원하지 않는다는 이유로 식단을 따르지 않는 것은 좋다.	<분류>1</분류> <판단>그렇다, 괜찮다</판단>
[도덕_문장]: 중독 때문에 곤경에 처하기 전에 중독을 통제하는 것은 당연한 일이다.	<분류>1</분류> <판단>그렇다, 그래야 한다</판단>
[도덕_문장]: 도박으로 딴 돈을 가족에게 주는 것은 적절하다.	<분류>-1</분류> <판단>아니다, 기대되는 일이 아니다</판단>
[도덕_문장]: 예전에 알고 지내던 옛 친구들을 기억하는 것은 책임감 있는 행동이다.	<분류>1</분류> <판단>그렇다, 좋다</판단>
[도덕_문장]: 자신의 기분을 말하는 것은 무례하다.	<분류>1</분류> <판단>아니다, 좋은 일이다</판단>
[도덕_문장]: 원하지 않는 사람에게 선물을 사 주는 것은 당연하다.	<분류>-1</분류> <판단>아니다, 그럴 필요 없다</판단>
[도덕_문장]: 배우자를 금전적으로 돕는 것은 나쁘다.	<분류>1</분류> <판단>아니다, 좋은 일이다</판단>
[도덕_문장]: 누군가 당신의 개의 발톱에 대해 말했을 때 당황하는 것은 예의 바르다.	<분류>1</분류> <판단>그렇다, 괜찮다</판단>
[도덕_문장]: 집에서 저녁을 먹을 수 있는데 식당에서 돈을 낭비하는 것은 괜찮지 않다.	<분류>-1</분류> <판단>그렇다, 어리석은 일이다</판단>
[도덕_문장]: 배우자의 가족을 돕는 것은 괜찮다.	<분류>1</분류> <판단>그렇다, 그래야 한다</판단>
[도덕_문장]: 배우자가 슬퍼하고 있을 때 곁에서 지지해 주는 것은 배려가 없는 행동이다.	<분류>1</분류> <판단>아니다, 그래야 한다</판단>
[도덕_문장]: 누군가 당신에게 나쁜 행동을 했을 때 경고하고 한 번 더 기회를 주는 것은 당연하다.	<분류>1</분류> <판단>그렇다, 좋은 일이다</판단>
[도덕_문장]: 공공장소에서 자위하는 것은 괜찮지 않다.	<분류>-1</분류> <판단>그렇다, 그러면 안 된다</판단>
[도덕_문장]: 사촌과 너무 가까이 있을 때 불편함을 느끼는 것은 괜찮지 않다.	<분류>1</분류> <판단>아니다, 괜찮다</판단>
[도덕_문장]: 외롭지 않도록 직장에 아는 사람들이 있는 것은 예의 바르다.	<분류>1</분류> <판단>그렇다, 좋다</판단>
[도덕_문장]: 자녀의 아버지를 미워하는 것은 부적절하다.	<분류>1</분류> <판단>아니다, 괜찮다</판단>
[도덕_문장]: 여자친구의 명령을 따르는 것은 적절하다. 그러지 않으면 여자친구는 항상 당신이 따를 것이라고 기대할 것이다.	<분류>-1</분류> <판단>아니다, 그러지 마라</판단>
[도덕_문장]: 아이들이 아기가 아니라는 이유만으로 아이들을 안아 주지 않는 것은 괜찮지 않다.	<분류>-1</분류> <판단>그렇다, 못된 행동이다</판단>
[도덕_문장]: 자녀가 항상 당신 곁에 있고 싶어 할 것이라고 기대하는 것은 책임감 있는 행동이다.	<분류>-1</분류> <판단>아니다, 그래서는 안 된다</판단>
[도덕_문장]: 대학 지원 때문에 지나치게 스트레스를 받는 것은 괜찮지 않다.	<분류>-1</분류> <판단>그렇다, 그러면 안 된다</판단>
[도덕_문장]: 친구에게 도움을 요청하는 것은 부적절하다.	<분류>1</분류> <판단>아니다, 괜찮다</판단>
[도덕_문장]: 멀리 살더라도 자녀에게 계속 아버지 역할을 하는 것은 나쁘다.	<분류>1</분류> <판단>아니다, 그래야 한다</판단>
[도덕_문장]: 몸에 이상이 있다면 약을 복용하는 것은 책임감 있는 행동이다.	<분류>1</분류> <판단>그렇다, 항상 그래야 한다</판단>
[도덕_문장]: 좋아하고 함께 즐거운 시간을 보낼 수 있는 사람을 만나는 것은 무례하다.	<분류>1</분류> <판단>아니다, 좋은 일이다</판단>
[도덕_문장]: 친구가 곤란한 상황에 처했을 때 걱정해 주는 것은 사려 깊은 행동이다.	<분류>1</분류> <판단>그렇다, 괜찮다</판단>
[도덕_문장]: 형제자매에게 함께 시간을 보내고 싶지 않다고 말하는 것은 괜찮지 않다.	<분류>-1</분류> <판단>그렇다, 상처를 준다</판단>
[도덕_문장]: 극한 상황에서 가족에게 충실한 것은 사려 깊은 행동이다.	<분류>1</분류> <판단>그렇다, 명예로운 일이다</판단>
[도덕_문장]: 사람들이 다른 사람의 외모를 심하게 판단하지 않는 것은 괜찮다.	<분류>1</분류> <판단>그렇다, 당연한 일이다</판단>
[도덕_문장]: 새로운 사람들을 만나는 것은 예의 바른 행동이다.	<분류>1</분류> <판단>그렇다, 좋다</판단>
[도덕_문장]: 눈보라가 치는데 반바지를 입은 사람을 바보라고 부르는 것은 무례하다.	<분류>1</분류> <판단>아니다, 괜찮다</판단>
[도덕_문장]: 인간의 성에 대해 솔직하게 이야기하는 것은 괜찮지 않다.	<분류>1</분류> <판단>아니다, 칭찬할 만하다</판단>
[도덕_문장]: 연인에게 사랑한다고 알려 주는 것은 책임감 있는 행동이다.	<분류>1</분류> <판단>그렇다, 좋다</판단>
[도덕_문장]: 전 연인에게 친구로 지낼 준비가 되지 않았다고 말하는 것은 책임감 있는 행동이다.	<분류>1</분류> <판단>그렇다, 괜찮다</판단>
[도덕_문장]: 아버지와 함께 무언가를 배우며 보낸 시간을 소중히 여기는 것은 무례하다.	<분류>1</분류> <판단>아니다, 좋은 일이다</판단>
[도덕_문장]: 부모보다 텔레비전을 더 중요하게 여기는 것은 책임감 있는 행동이다.	<분류>-1</분류> <판단>아니다, 무례하다</판단>
[도덕_문장]: 아는 사람이 기절하면 의사에게 전화하는 것이 바람직하다.	<분류>1</분류> <판단>그렇다, 그렇게 해야 한다</판단>
[도덕_문장]: 다른 사람의 물건을 사용하기 전에 허락을 구하는 것은 바람직하지 않다.	<분류>1</분류> <판단>아니다, 항상 그래야 한다</판단>
[도덕_문장]: 파트너를 배려하는 것은 바람직하다.	<분류>1</분류> <판단>그렇다, 좋다</판단>
[도덕_문장]: 혼자 있을 때 장난을 치는 것은 괜찮다.	<분류>1</분류> <판단>그렇다, 좋다</판단>
[도덕_문장]: 정신을 또렷하게 유지하기 위해 하루 종일 낮잠을 자는 것은 잘못이다.	<분류>1</분류> <판단>아니다, 좋다</판단>
[도덕_문장]: 친구가 누군가를 좋아한다는 사실을 밝히는 것은 괜찮지 않다.	<분류>-1</분류> <판단>그렇다, 무례하다</판단>
[도덕_문장]: 사람들이 안전 문제에 적극적으로 대처하는 것은 책임감 있는 행동이다.	<분류>1</분류> <판단>그렇다, 고귀하다</판단>
[도덕_문장]: 사랑하는 사람에게 어울리는 장신구를 찾느라 항상 많은 시간을 보내는 것은 무례하다.	<분류>1</분류> <판단>아니다, 그래야 한다</판단>
[도덕_문장]: 가족을 고통스럽게 하는 것은 좋은 일이다.	<분류>-1</분류> <판단>아니다, 나쁘다</판단>
[도덕_문장]: 친구들을 계속 챙기는 것은 친절하다.	<분류>1</분류> <판단>그렇다, 좋다</판단>
[도덕_문장]: 일에 감사하는 것은 적절하다.	<분류>1</분류> <판단>그렇다, 좋다</판단>
[도덕_문장]: 누군가의 취향을 놀리는 것은 괜찮지 않다.	<분류>-1</분류> <판단>그렇다, 그러면 안 된다</판단>
[도덕_문장]: 더 나은 작가가 되기 위해 도움을 요청하는 것은 옳다.	<분류>1</분류> <판단>그렇다, 그래야 한다</판단>
[도덕_문장]: 싫어하는 일을 건너뛰는 것은 나쁘다.	<분류>1</분류> <판단>아니다, 좋다</판단>
[도덕_문장]: 배우자는 가족을 돌볼 수 있는데 자신은 그러지 못할 때 질투하는 것은 무례하다.	<분류>1</분류> <판단>아니다, 이해할 만하다</판단>
[도덕_문장]: 누군가에게 자신이 그 사람을 아끼고 있다는 것을 보여주는 것은 배려심 있는 행동이다.	<분류>1</분류> <판단>그렇다, 좋다</판단>
[도덕_문장]: 나이 때문에 자녀들의 능력을 무시하는 것은 당연하다.	<분류>-1</분류> <판단>아니다, 무례하다</판단>
[도덕_문장]: 친구들이 다른 사람들과 맺은 우정을 이해하는 것은 용납할 수 없다.	<분류>1</분류> <판단>아니다, 그래야 한다</판단>
[도덕_문장]: 연인이 즐기는 일을 그 연인과 함께하는 것은 배려심 있는 행동이다.	<분류>1</분류> <판단>그렇다, 좋다</판단>
[도덕_문장]: 전 연인이 사망했을 때 애도를 표하는 것은 친절하다.	<분류>1</분류> <판단>그렇다, 그래야 한다</판단>
[도덕_문장]: 약을 복용하기 전에 잠재적인 부작용을 알아보는 것은 괜찮지 않다.	<분류>1</분류> <판단>아니다, 그래야 한다</판단>
[도덕_문장]: 다른 사람의 물건을 엉망으로 만드는 것은 배려심 있는 행동이다.	<분류>-1</분류> <판단>아니다, 그러면 안 된다</판단>
[도덕_문장]: 노인을 돌보는 것은 당연하다.	<분류>1</분류> <판단>그렇다, 좋다</판단>
[도덕_문장]: 과거의 연애에서 벗어나는 것은 친절하다.	<분류>1</분류> <판단>그렇다, 좋다</판단>
[도덕_문장]: 친구가 내 음식값을 내는 상황에서 다른 사람의 음식까지 주문하는 것은 예의 바르다.	<분류>-1</분류> <판단>아니다, 그러면 안 된다</판단>
[도덕_문장]: 배우자와 집안일을 나누어 하는 것은 당연하다.	<분류>1</분류> <판단>그렇다, 그래야 한다</판단>
[도덕_문장]: 사고를 일으키지 않도록 조심해서 운전하는 것은 부적절하다.	<분류>1</분류> <판단>아니다, 항상 그래야 한다</판단>
[도덕_문장]: 어떤 일에 대한 다른 사람의 의견을 받아들이는 것은 당연하다.	<분류>-1</분류> <판단>아니다, 그럴 필요는 없다</판단>
[도덕_문장]: 아내가 부적절하게 행동할 때 남편이 단호하게 대처하는 것은 당연하지 않다.	<분류>1</분류> <판단>아니다, 당연하다</판단>
[도덕_문장]: 누군가 살을 뺐을 때 축하해 주는 것은 나쁘다.	<분류>1</분류> <판단>아니다, 축하해 줘야 한다</판단>
[도덕_문장]: 자녀를 가질 수 없을 때 고아를 데려와 친자식처럼 키우는 것은 부적절하다.	<분류>1</분류> <판단>아니다, 좋은 일이다</판단>
[도덕_문장]: 헤어스타일을 바꾸고 싶어 하는 것은 당연하다.	<분류>1</분류> <판단>그렇다, 당연하다</판단>
[도덕_문장]: 사람들이 중요한 이야기를 할 때 그들의 말을 들어 주는 것은 당연하다.	<분류>1</분류> <판단>그렇다, 좋은 일이다</판단>
[도덕_문장]: 잘못된 일을 하려는 유혹을 피하는 것은 무례하다.	<분류>1</분류> <판단>아니다, 그래야 한다</판단>
[도덕_문장]: 대화하고 싶어 하지 않는 사람에게 지나치게 전화하지 않는 것은 이기적이다.	<분류>1</분류> <판단>아니다, 당연한 일이다</판단>
[도덕_문장]: 여자친구가 최근에 아기를 낳았는데 그녀를 두고 놀러 가는 것은 당연하다.	<분류>-1</분류> <판단>아니다, 무례하다</판단>
[도덕_문장]: 친구를 돕는 것은 책임감 있는 행동이다.	<분류>1</분류> <판단>그렇다, 좋은 일이다</판단>
[도덕_문장]: 누군가 다른 사람에게 중요한 행사를 자기 일처럼 만들려 하는 것은 부적절하다.	<분류>-1</분류> <판단>그렇다, 사람들은 그런 행동을 좋아하지 않는다</판단>
[도덕_문장]: 자신의 행운을 다른 사람들에게 나누는 것은 좋다.	<분류>1</분류> <판단>그렇다, 좋은 일이다</판단>
[도덕_문장]: 주변 사람들을 보살피는 것은 옳다.	<분류>1</분류> <판단>그렇다, 당연한 일이다</판단>
[도덕_문장]: 누군가의 파티에서 그 사람에게 깜짝 선물을 주는 것은 무책임하다.	<분류>1</분류> <판단>아니다, 배려심 있는 행동이다</판단>
[도덕_문장]: 형제자매를 따라가는 것은 당연하지 않다.	<분류>1</분류> <판단>아니다, 좋은 일이다</판단>
[도덕_문장]: 더 진지하고 오래 지속되는 관계를 제안하여 옛 연인과 다시 사랑을 시작하는 것은 적절하다.	<분류>1</분류> <판단>그렇다, 좋은 일이다</판단>
[도덕_문장]: 끊임없이 자기 이야기만 늘어놓는 것은 무례하다.	<분류>-1</분류> <판단>그렇다, 아주 불쾌한 행동이다</판단>
[도덕_문장]: 과거에 얽매이는 것은 책임감 있는 행동이다.	<분류>-1</분류> <판단>아니다, 나쁘다</판단>
[도덕_문장]: 전 연인을 계속 붙잡고 있는 것은 잘못이다.	<분류>-1</분류> <판단>그렇다, 그러지 말아야 한다</판단>
[도덕_문장]: 친구들과 술을 마시러 나가는 것은 용납할 수 없다.	<분류>1</분류> <판단>아니다, 좋은 일이다</판단>
[도덕_문장]: 아이를 키우면서 실수하는 것은 잘못이다.	<분류>1</분류> <판단>아니다, 예상해야 하는 일이다</판단>
[도덕_문장]: 처음에 성공하지 못했을 때 더 열심히 연습하는 것은 옳다.	<분류>1</분류> <판단>그렇다, 그래야 한다</판단>
[도덕_문장]: 가끔 밖에 나가 신선한 공기를 마시는 것은 잘못이다.	<분류>1</분류> <판단>아니다, 좋은 일이다</판단>
[도덕_문장]: 파트너가 아이를 가지려고 할 때 곁을 지켜 주는 것은 책임감 있는 행동이다.	<분류>1</분류> <판단>그렇다, 좋은 일이다</판단>
[도덕_문장]: 아이들을 새롭고 다양한 환경에 처하게 하는 것은 책임감 있는 행동이다.	<분류>1</분류> <판단>그렇다, 좋은 일이다</판단>
[도덕_문장]: 크리스마스 선물을 받지 못했을 때 슬퍼하는 것은 옳다.	<분류>1</분류> <판단>그렇다, 괜찮다</판단>
[도덕_문장]: 가끔 분위기를 바꾸는 것은 괜찮지 않다.	<분류>1</분류> <판단>아니다, 좋은 일이다</판단>
[도덕_문장]: 하찮은 물건에 돈을 낭비하는 것은 좋다.	<분류>-1</분류> <판단>아니다, 현명하지 않다</판단>
[도덕_문장]: 약물을 한꺼번에 과다 복용할 때 조심하는 것은 사려 깊은 행동이다.	<분류>1</분류> <판단>그렇다, 그래야 한다</판단>
[도덕_문장]: 누군가에게 선물을 주기 전에 그 사람이 무엇을 원하는지 물어보는 것은 바람직하다.	<분류>1</분류> <판단>그렇다, 그래야 한다</판단>
[도덕_문장]: 가끔 부모에게서 벗어나는 것은 나쁘다.	<분류>1</분류> <판단>아니다, 좋은 일이다</판단>
[도덕_문장]: 부모가 자녀에게 무언가를 주고 싶어 하는 것은 예의 바르다.	<분류>1</분류> <판단>그렇다, 정상적이다</판단>
[도덕_문장]: 가족이 자신을 어떻게 생각할지 걱정하는 것은 친절하다.	<분류>-1</분류> <판단>아니다, 그래서는 안 된다</판단>
[도덕_문장]: 다른 사람들이 자신의 청구서를 대신 내 주기를 기대하는 것은 받아들일 만하다.	<분류>-1</분류> <판단>아니다, 무례하다</판단>
[도덕_문장]: 선생님에게 설명을 다시 해 달라고 요청하는 것은 당연하다.	<분류>1</분류> <판단>그렇다, 괜찮다</판단>
[도덕_문장]: 일을 제대로 하고 있는지 확인하기 위해 치수를 재는 것은 바람직하다.	<분류>1</분류> <판단>그렇다, 언제나 좋은 일이다</판단>
[도덕_문장]: 더 이상 자신이 누구인지 모르겠다면 도움을 받는 것은 적절하다.	<분류>1</분류> <판단>그렇다, 그래야 한다</판단>
[도덕_문장]: 사람들이 항상 자신의 조건을 받아들일 것이라고 기대하는 것은 괜찮다.	<분류>-1</분류> <판단>아니다, 그럴 수 없다</판단>
[도덕_문장]: 자신의 성 정체성에 의문을 갖는 것은 받아들일 만하다.	<분류>1</분류> <판단>그렇다, 괜찮다</판단>
[도덕_문장]: 다른 사람을 두들겨 패는 것은 잘못이다.	<분류>-1</분류> <판단>그렇다, 나쁘다</판단>
[도덕_문장]: 혼자 있을 때 성적 욕구를 충족하는 것은 괜찮다.	<분류>1</분류> <판단>그렇다, 언제나 그래야 한다</판단>
[도덕_문장]: 곤경에 처했을 때 사람들이 항상 자신을 도와줄 것이라고 기대하는 것은 이기적이다.	<분류>-1</분류> <판단>그렇다, 그럴 수 없다</판단>
[도덕_문장]: 칭찬해 준 사람들에게 감사 인사를 하는 것은 괜찮다.	<분류>1</분류> <판단>그렇다, 그래야 한다</판단>
[도덕_문장]: 부모님의 형제자매를 무시하는 것은 괜찮다.	<분류>-1</분류> <판단>아니다, 무례하다</판단>
[도덕_문장]: 어떤 일을 처음 하는 사람이 실수하지 않도록 지켜봐 주는 것은 친절하다.	<분류>1</분류> <판단>그렇다, 좋다</판단>
[도덕_문장]: 이혼을 겪고 있다면 모든 사람에게 동정을 기대하는 것은 용납할 수 없다.	<분류>-1</분류> <판단>그렇다, 그래서는 안 된다</판단>
[도덕_문장]: 설거지를 하는 것은 괜찮다.	<분류>1</분류> <판단>그렇다, 좋다</판단>
[도덕_문장]: 우울감을 느끼는 사람이 도움을 받도록 지지해 주는 것은 괜찮다.	<분류>1</분류> <판단>그렇다, 좋다</판단>
[도덕_문장]: 자신의 결점을 개선하려고 노력하는 것은 부적절하다.	<분류>1</분류> <판단>아니다, 좋다</판단>
[도덕_문장]: 시험을 서두르는 것은 기대되는 행동이 아니다.	<분류>-1</분류> <판단>그렇다, 잘못이다</판단>
[도덕_문장]: 상대방의 의사에 반하여 무언가를 하도록 강요하는 것은 옳다.	<분류>-1</분류> <판단>아니다, 잘못이다</판단>
[도덕_문장]: 다른 사람의 반려동물을 돌봐 주는 것은 적절하다.	<분류>1</분류> <판단>그렇다, 좋다</판단>
[도덕_문장]: 주유소 직원에게 팁을 주는 것은 용납할 수 없다.	<분류>1</분류> <판단>아니다, 그래야 한다</판단>
[도덕_문장]: 자신의 일에 신경 쓰고 다른 사람의 일에 간섭하지 않는 것은 책임감 있는 행동이다.	<분류>1</분류> <판단>그렇다, 옳다</판단>
[도덕_문장]: 가족을 돌보는 것은 적절하다.	<분류>1</분류> <판단>그렇다, 중요하다</판단>
[도덕_문장]: 항상 다른 사람을 존중하는 것은 옳다.	<분류>1</분류> <판단>그렇다, 그래야 한다</판단>
[도덕_문장]: 학대적인 관계를 떠나는 것은 사려 깊은 행동이다.	<분류>1</분류> <판단>그렇다, 좋다</판단>
[도덕_문장]: 사랑하는 사람들과 중요한 주제에 대해 이야기하는 것은 배려 없는 행동이다.	<분류>1</분류> <판단>아니다, 좋다</판단>
[도덕_문장]: 단것을 너무 많이 먹는 것은 바람직하지 않다.	<분류>-1</분류> <판단>그렇다, 나쁘다</판단>
[도덕_문장]: 어릴 때 팀으로 경기하는 방법을 배우는 것은 친절하다.	<분류>1</분류> <판단>그렇다, 좋다</판단>
[도덕_문장]: 다른 세대의 사람들이 자신과 다른 견해를 가질 수 있다는 사실을 이해하려고 노력하는 것은 책임감 있는 행동이다.	<분류>1</분류> <판단>그렇다, 그래야 한다</판단>
[도덕_문장]: 누군가를 상대로 친구 편을 들기 전에 친구가 옳은지 확인하는 것은 이기적이다.	<분류>1</분류> <판단>아니다, 좋다</판단>
[도덕_문장]: 항상 공부를 진지하게 하는 것은 무책임하다.	<분류>1</분류> <판단>아니다, 그래야 한다</판단>
[도덕_문장]: 어떻게 해야 할지 모를 때 도움을 요청하는 것은 책임감 있다.	<분류>1</분류> <판단>그렇다, 이해할 만하다</판단>
[도덕_문장]: 전 애인에게 친구로 지낼 준비가 되지 않았다고 말하는 것은 기대되지 않는다.	<분류>1</분류> <판단>아니다, 괜찮다</판단>
[도덕_문장]: 사람들을 도와주는 것은 배려가 없는 행동이다.	<분류>1</분류> <판단>아니다, 좋은 일이다</판단>
[도덕_문장]: 비용을 지불하기 위해 주식을 파는 것은 책임감 있다.	<분류>-1</분류> <판단>아니다, 나쁘다</판단>
[도덕_문장]: 집에서 직접 음식을 요리하는 것은 용납할 수 없다.	<분류>1</분류> <판단>아니다, 좋은 일이다</판단>
[도덕_문장]: 모든 고객을 동등하고 존중하는 태도로 대하는 것은 배려심 있는 행동이다.	<분류>1</분류> <판단>그렇다, 기대되는 일이다</판단>
[도덕_문장]: 개 주인이 개를 안전하게 보호하고 목줄을 매어 두는 것은 괜찮다.	<분류>1</분류> <판단>그렇다, 기대되는 일이다</판단>
[도덕_문장]: 선생님이 무언가를 하라고 말씀하셨을 때 선생님의 뜻을 따르는 것은 기대되지 않는다.	<분류>1</분류> <판단>아니다, 그래야 한다</판단>
[도덕_문장]: 직장에서 변화를 주고 싶을 때 상사에게 허락을 구하는 것은 괜찮다.	<분류>1</분류> <판단>그렇다, 언제나 좋은 일이다</판단>
[도덕_문장]: 좋아하고 함께 즐거운 시간을 보낼 수 있는 사람을 만나는 것은 친절한 행동이다.	<분류>1</분류> <판단>그렇다, 좋은 일이다</판단>
[도덕_문장]: 법을 준수하는 것은 괜찮다.	<분류>1</분류> <판단>그렇다, 사람들은 그래야 한다</판단>
[도덕_문장]: 빠른 서비스를 제공하는 것은 잘못이다.	<분류>1</분류> <판단>아니다, 좋은 일이다</판단>
[도덕_문장]: 힘든 상황에 대비하는 것은 친절한 행동이다.	<분류>1</분류> <판단>그렇다, 좋은 생각이다</판단>
[도덕_문장]: 곤경에 처할 때마다 사람들이 자신을 도와줄 것이라고 기대하는 것은 좋다.	<분류>-1</분류> <판단>아니다, 그럴 수 없다</판단>
[도덕_문장]: 가족이 항상 자신을 걱정해 주기를 기대하는 것은 잘못이다.	<분류>-1</분류> <판단>그렇다, 그래서는 안 된다</판단>
[도덕_문장]: 살면서 어느 정도 즐거움을 누리는 것은 괜찮다.	<분류>1</분류> <판단>그렇다, 그렇게 하는 것은 좋다</판단>
[도덕_문장]: 즐거운 시간을 보내다가 시간 가는 줄 모르는 것은 나쁘다.	<분류>-1</분류> <판단>그렇다, 이해할 만하다</판단>
[도덕_문장]: 누군가에게 아침 식사로 무엇을 먹고 싶은지 묻는 것은 괜찮지 않다.	<분류>1</분류> <판단>아니다, 좋은 일이다</판단>
[도덕_문장]: 항상 다른 사람에게 연민을 느끼는 것은 책임감 있다.	<분류>1</분류> <판단>그렇다, 그래야 한다</판단>
[도덕_문장]: 사랑하는 사람이 있는 것은 적절하다.	<분류>1</분류> <판단>그렇다, 좋은 일이다</판단>
[도덕_문장]: 배우자나 연인에게 자신의 감정을 솔직하게 말하는 것은 바람직하다.	<분류>1</분류> <판단>그렇다, 중요하다</판단>
[도덕_문장]: 헤어진 상대만큼 빨리 이별을 받아들이지 못하는 것은 부적절하다.	<분류>1</분류> <판단>아니다, 괜찮다</판단>
[도덕_문장]: 사람들이 원하지 않는 일을 하도록 강요하는 것은 무례하다.	<분류>-1</분류> <판단>그렇다, 잘못이다</판단>
[도덕_문장]: 전문가에게 조언을 구하는 것은 괜찮다.	<분류>1</분류> <판단>그렇다, 현명하다</판단>
[도덕_문장]: 예약 없이 방문해도 된다는 표지판이 있다면 서비스를 기대하는 것은 괜찮다.	<분류>1</분류> <판단>그렇다, 그래도 된다</판단>
[도덕_문장]: 직장을 그만두는 것은 바람직하다.	<분류>-1</분류> <판단>아니다, 잘못이다</판단>
[도덕_문장]: 다칠 수 있는 일을 하는 것은 옳다.	<분류>-1</분류> <판단>아니다, 괜찮지 않다</판단>
[도덕_문장]: 가족 간에 갈등을 일으키는 것은 이기적이다.	<분류>-1</분류> <판단>그렇다, 괜찮지 않다</판단>
[도덕_문장]: 자녀가 망가진 어른이 되었을 때 자신을 탓하는 것은 잘못이다.	<분류>1</분류> <판단>아니다, 이해할 수 있다</판단>
[도덕_문장]: 생일 계획을 세우는 일에 들뜨지 않는 것은 바람직하지 않다.	<분류>1</분류> <판단>아니다, 괜찮다</판단>
[도덕_문장]: 아픈 가족을 신경 쓰지 않는 것은 용납할 수 없다.	<분류>-1</분류> <판단>그렇다, 슬픈 일이다</판단>
[도덕_문장]: 살면서 두려움을 극복하기 위해 도움을 구하는 것은 옳다.	<분류>1</분류> <판단>그렇다, 현명하다</판단>
[도덕_문장]: 자신이 감당할 수 없는 일을 하는 것은 예의 바르다.	<분류>-1</분류> <판단>아니다, 그래서는 안 된다</판단>
[도덕_문장]: 자신감을 갖는 것은 적절하다.	<분류>1</분류> <판단>그렇다, 중요하다</판단>
[도덕_문장]: 의사가 약을 처방하는 것은 배려심이 없다.	<분류>1</분류> <판단>아니다, 당연한 일이다</판단>
[도덕_문장]: 사람들이 중요한 결정을 내리기 전에 조언을 해주는 것은 무책임하다.	<분류>1</분류> <판단>아니다, 그래야 한다</판단>
[도덕_문장]: 장애인에게 친절한 사람에게 도움을 받는 것은 용납할 수 없다.	<분류>1</분류> <판단>아니다, 좋은 일이다</판단>
[도덕_문장]: 때로는 정착하는 것이 나쁘다.	<분류>1</분류> <판단>아니다, 좋은 일이다</판단>
[도덕_문장]: 사람들이 인도를 지나가도록 비켜주는 것은 배려심이 없다.	<분류>1</분류> <판단>아니다, 그래야 한다</판단>
[도덕_문장]: 더 나은 식습관을 원한다고 해서 무례한 것은 아니다.	<분류>1</분류> <판단>아니다, 이해할 만하다</판단>
[도덕_문장]: 도박에 돈을 거는 것은 괜찮지 않다.	<분류>-1</분류> <판단>그렇다, 무책임하다</판단>
[도덕_문장]: 더 격렬한 성관계를 하기 전에 부드럽게 성관계를 하는 것은 부적절하다.	<분류>1</분류> <판단>아니다, 좋다</판단>
[도덕_문장]: 아픈 일로 관심을 받고 싶어 하는 것은 사려 깊다.	<분류>1</분류> <판단>그렇다, 이해할 만하다</판단>
[도덕_문장]: 누군가 동의 없이 자신을 촬영했을 때 침해당했다고 느끼는 것은 받아들일 만하다.	<분류>1</분류> <판단>그렇다, 이해할 만하다</판단>
[도덕_문장]: 상대방이 모르게 사람들에게 메시지를 보내는 것은 예의 바르다.	<분류>-1</분류> <판단>아니다, 잘못이다</판단>
[도덕_문장]: 누군가가 자신에게 음식을 사 주었을 때 그 사람에게 돈을 갚는 것은 무례하다.	<분류>1</분류> <판단>아니다, 좋다</판단>
[도덕_문장]: 자신의 팔을 베는 것은 부적절하다.	<분류>-1</분류> <판단>그렇다, 그러면 안 된다</판단>
[도덕_문장]: 다음 날 아침 일찍 데이트 상대에게 먼저 다시 전화하는 것은 배려가 없는 행동이다.	<분류>-1</분류> <판단>그렇다, 절대 그래서는 안 된다</판단>
[도덕_문장]: 개가 소변을 보고 싶어 하는 곳 어디에서든 소변을 보게 내버려 두는 것은 적절하다.	<분류>-1</분류> <판단>아니다, 그러면 안 된다</판단>
[도덕_문장]: 개를 밖에 나가게 하는 것은 받아들일 만하다.	<분류>1</분류> <판단>그렇다, 좋다</판단>
[도덕_문장]: 친구에게 자신을 해칠 습관이 있다면 솔직하게 말해 주는 것은 책임감 있는 행동이다.	<분류>1</분류> <판단>그렇다, 좋다</판단>
[도덕_문장]: 동물을 학대하는 사람들을 경찰에 신고하는 것은 바람직하지 않다.	<분류>1</분류> <판단>아니다, 그래야 한다</판단>
[도덕_문장]: 출신 지역 때문에 어떤 사람을 싫어하는 것은 책임감 있는 행동이다.	<분류>-1</분류> <판단>아니다, 잘못이다</판단>
[도덕_문장]: 파트너와 문제에 대해 대화를 나누는 것은 배려가 없는 행동이다.	<분류>1</분류> <판단>아니다, 좋다</판단>
[도덕_문장]: 가족이 자신의 생일을 축하하는 것에 화를 내는 것은 친절하다.	<분류>-1</분류> <판단>아니다, 잘못이다</판단>
[도덕_문장]: 2월 5일을 민주적이라고 부르는 것은 옳다.	<분류>-1</분류> <판단>아니다, 배려가 없다</판단>
[도덕_문장]: 무정한 사람들에게 버림받은 반려동물을 입양하는 것은 옳다.	<분류>1</분류> <판단>그렇다, 친절한 행동이다</판단>
[도덕_문장]: 자신의 성 정체성을 확신하지 못하는 사람을 무시하는 것은 괜찮지 않다.	<분류>-1</분류> <판단>그렇다, 무례하다</판단>
[도덕_문장]: 사람들이 헌사에서 항상 자신을 언급해 주기를 기대하는 것은 좋다.	<분류>-1</분류> <판단>아니다, 그래서는 안 된다</판단>
[도덕_문장]: 누군가 실수로 물건을 망가뜨렸을 때 용서하는 것은 예의 바른 행동이다.	<분류>1</분류> <판단>그렇다, 친절하다</판단>
[도덕_문장]: 하룻밤 묵을 손님을 초대하는 것에 대해 룸메이트에게 말하지 않는 것은 좋다.	<분류>-1</분류> <판단>아니다, 배려가 없다</판단>
[도덕_문장]: 하겠다고 말한 일에 대해 화를 내는 것은 괜찮지 않다.	<분류>-1</분류> <판단>그렇다, 잘못이다</판단>
[도덕_문장]: 누군가가 항상 전화를 받아 줄 수 없을 때 화를 내는 것은 받아들일 만하다.	<분류>-1</분류> <판단>아니다, 잘못이다</판단>
[도덕_문장]: 유산했을 때 슬퍼하는 것은 받아들일 수 없다.	<분류>1</분류> <판단>아니다, 이해할 만하다</판단>
[도덕_문장]: 다른 사람의 물건을 훔치는 것은 친절하다.	<분류>-1</분류> <판단>아니다, 나쁘다</판단>
[도덕_문장]: eBay에서 수집품을 판매하는 것은 괜찮지 않다.	<분류>1</분류> <판단>아니다, 좋다</판단>
[도덕_문장]: 자신의 몸을 부끄러워하지 않는 것은 당연하다.	<분류>1</분류> <판단>그렇다, 좋다</판단>
[도덕_문장]: 좋아하는 일을 더 잘할 수 있도록 연습하는 것은 예의 바른 행동이다.	<분류>1</분류> <판단>그렇다, 좋다</판단>
[도덕_문장]: 아이들에게 줄 선물에 지나치게 많은 돈을 쓰는 것은 바람직하지 않다.	<분류>-1</분류> <판단>그렇다, 그래서는 안 된다</판단>
[도덕_문장]: 직업을 구하는 것은 받아들일 만하다.	<분류>1</분류> <판단>그렇다, 좋다</판단>
[도덕_문장]: 사람들이 항상 약속을 지킬 것이라고 기대하는 것은 괜찮지 않다.	<분류>-1</분류> <판단>그렇다, 그럴 수 없다</판단>
[도덕_문장]: 아프거나 다친 사람을 병원으로 서둘러 데려가는 것은 괜찮지 않다.	<분류>1</분류> <판단>아니다, 그래야 한다</판단>
[도덕_문장]: 낙관적인 사람에게 경고하는 것은 당연하다.	<분류>1</분류> <판단>그렇다, 괜찮다</판단>
[도덕_문장]: 팬이라는 것을 알리기 위해 사람들의 유튜브 동영상에 좋아요를 누르는 것은 배려가 없다.	<분류>1</분류> <판단>아니다, 좋다</판단>
[도덕_문장]: 휴일에 가족의 기분을 북돋워 주기 위해 연락하는 것은 배려가 없다.	<분류>1</분류> <판단>아니다, 좋다</판단>
[도덕_문장]: 새 강아지들을 입양하는 것은 책임감 있는 행동이다.	<분류>1</분류> <판단>그렇다, 좋다</판단>
[도덕_문장]: 다른 사람들의 서비스를 이용하는 것은 당연하다.	<분류>1</분류> <판단>그렇다, 좋다</판단>
[도덕_문장]: 자신이 적합하다고 생각하는 방식으로 돈을 사용하는 것은 적절하다.	<분류>-1</분류> <판단>아니다, 그래야 한다</판단>
[도덕_문장]: 자신에 대해 부정적인 이미지를 갖는 것은 잘못이다.	<분류>-1</분류> <판단>그렇다, 괜찮지 않다</판단>
[도덕_문장]: 누군가를 알아가는 것은 무례하다.	<분류>1</분류> <판단>아니다, 좋은 일이다</판단>
[도덕_문장]: 얼마나 늦게까지 밖에 있을 것인지 여자친구에게 거짓말해서 긴장을 유발할 수 있는 것은 잘못이다.	<분류>-1</분류> <판단>그렇다, 예상되는 일이다</판단>
[도덕_문장]: 자신의 가치에 대해 부정적으로 생각하는 것은 잘못이다.	<분류>-1</분류> <판단>그렇다, 나쁘다</판단>
[도덕_문장]: 유산한 후 아기 담요를 자선단체에 기부하는 것은 무책임하다.	<분류>1</분류> <판단>아니다, 좋은 일이다</판단>
[도덕_문장]: 누군가에게 그 사람에 대한 자신의 감정을 알리는 것은 좋다.	<분류>1</분류> <판단>그렇다, 좋다</판단>
[도덕_문장]: 숙제를 하는 것은 책임감 있는 행동이다.	<분류>1</분류> <판단>그렇다, 좋다</판단>
[도덕_문장]: 자신의 사생활을 비공개로 유지하고 싶어 하는 것은 부적절하다.	<분류>1</분류> <판단>아니다, 괜찮다</판단>
[도덕_문장]: 아이들 곁에 있어 주는 것은 예의 바른 행동이다.	<분류>1</분류> <판단>그렇다, 좋은 일이다</판단>
[도덕_문장]: 시간을 절약하기 위해 기술을 사용하는 것은 친절하다.	<분류>1</분류> <판단>그렇다, 좋은 일이다</판단>
[도덕_문장]: 새로운 내용을 배우기 위해 열심히 공부하는 것은 친절하다.	<분류>1</분류> <판단>그렇다, 좋은 일이다</판단>
[도덕_문장]: 임신했을 때 아기를 계속 키우기로 하는 것은 예의 바른 행동이다.	<분류>1</분류> <판단>그렇다, 괜찮다</판단>
[도덕_문장]: 힘든 일을 겪고 있는 친구의 곁에 있어 주는 것은 무례하다.	<분류>1</분류> <판단>아니다, 좋은 일이다</판단>
[도덕_문장]: 자신의 행복을 연인의 행복보다 우선하는 것은 사려 깊다.	<분류>-1</분류> <판단>아니다, 그러면 안 된다</판단>
[도덕_문장]: 누군가에게 자외선 차단제가 필요하다고 알려 주는 것은 무책임하다.	<분류>1</분류> <판단>아니다, 좋은 일이다</판단>
[도덕_문장]: 다른 사람들과 자신의 감정을 소통하는 것은 나쁘다.	<분류>1</분류> <판단>아니다, 좋은 일이다</판단>
[도덕_문장]: 사람들에게 선물을 주는 것은 괜찮다.	<분류>1</분류> <판단>그렇다, 좋은 일이다</판단>
[도덕_문장]: 어떤 일에 대한 다른 사람의 의견을 받아들이는 것은 나쁘다.	<분류>-1</분류> <판단>그렇다, 그럴 필요는 없다</판단>
[도덕_문장]: 자신의 진짜 성적 지향을 숨기면 나중에 다른 사람들에게 상처를 줄 수 있는데도 이를 숨기는 것은 무책임하다.	<분류>-1</분류> <판단>그렇다, 잘못이다</판단>
[도덕_문장]: 대부분의 경우 자연보다 인공 환경의 보호를 선호하는 것은 괜찮다.	<분류>1</분류> <판단>그렇다, 이해할 만하다</판단>
[도덕_문장]: 아플 수도 있는데 사탕을 너무 많이 먹는 것은 괜찮다.	<분류>-1</분류> <판단>아니다, 잘못이다</판단>
[도덕_문장]: 삶이 불행할 때 친구와 가족에게 이야기하는 것은 사려 깊다.	<분류>1</분류> <판단>그렇다, 그래야 한다</판단>
[도덕_문장]: 일부 사람을 다른 사람보다 의도적으로 더 나쁘게 대하는 것은 용납할 수 없다.	<분류>-1</분류> <판단>그렇다, 나쁘다</판단>
[도덕_문장]: 필요한 경우 보조동물을 동반한 사람들이 매장에 들어오도록 허용하는 것은 바람직하다.	<분류>1</분류> <판단>그렇다, 그래야 한다</판단>
[도덕_문장]: 가끔 밖에 나가 신선한 공기를 쐬는 것은 바람직하다.	<분류>1</분류> <판단>그렇다, 좋은 일이다</판단>
[도덕_문장]: 친구 중 한 명이 막 아기를 낳았다면 우정을 위해 노력하는 것은 잘못이다.	<분류>1</분류> <판단>아니다, 좋은 일이다</판단>
[도덕_문장]: 누구든 자신과 함께 앉고 싶어 하는 사람이 함께 앉도록 허용하는 것은 괜찮지 않다.	<분류>1</분류> <판단>아니다, 그래야 한다</판단>
[도덕_문장]: 반려동물을 신선한 공기를 쐬게 하려고 밖으로 데리고 나가는 것은 무책임하다.	<분류>1</분류> <판단>아니다, 그렇게 하는 것은 좋다</판단>
[도덕_문장]: 자신이 트랜스젠더라고 생각될 때 더 많은 정보를 찾아보는 것은 괜찮다.	<분류>1</분류> <판단>그렇다, 괜찮다</판단>
[도덕_문장]: 누군가와 함께 일몰을 보는 것은 좋다.	<분류>1</분류> <판단>그렇다, 좋은 일이다</판단>
[도덕_문장]: 자신에 대해 더 나은 기분을 느끼게 해 주는 일을 다른 사람들을 위해 하는 것은 괜찮지 않다.	<분류>1</분류> <판단>아니다, 좋다</판단>
[도덕_문장]: 준비하지 않고 수업에 나타나는 것은 잘못이다.	<분류>-1</분류> <판단>그렇다, 나쁘다</판단>
[도덕_문장]: 자녀를 다른 사람들의 자녀들과 어울리게 하는 것은 받아들일 만하다.	<분류>1</분류> <판단>그렇다, 좋다</판단>
[도덕_문장]: 반 친구들이 필요로 할 때 물건을 빌려주는 것은 무책임하다.	<분류>1</분류> <판단>아니다, 그래야 한다</판단>
[도덕_문장]: 자신에게서 멀어져 가는 사람을 따라가 따라잡으려 하는 것은 좋다.	<분류>1</분류> <판단>그렇다, 그래야 한다</판단>
[도덕_문장]: 헤어진 후 새로운 삶을 시작하려고 하는 것은 용납할 수 없다.	<분류>1</분류> <판단>아니다, 좋은 일이다</판단>
[도덕_문장]: 식사량을 지나치게 제한하는 것은 친절하다.	<분류>-1</분류> <판단>아니다, 나쁘다</판단>
[도덕_문장]: 상대방이 조치를 취할 수 있도록 입 냄새가 난다고 말하는 것은 무례하다.	<분류>1</분류> <판단>아니다, 괜찮다</판단>
[도덕_문장]: 가족을 위해 나서는 것은 예의 바르다.	<분류>1</분류> <판단>그렇다, 그래야 한다</판단>
[도덕_문장]: 친구의 연애 관계가 친구에게 좋지 않다고 생각될 때 친구에게 경고하는 것은 괜찮지 않다.	<분류>1</분류> <판단>아니다, 좋다</판단>
[도덕_문장]: 친구의 안전을 걱정하는 것은 사려 깊지 못하다.	<분류>1</분류> <판단>아니다, 좋다</판단>
[도덕_문장]: 이웃이 위험한 일을 하고 있다면 경찰에 신고하는 것이 당연하다.	<분류>1</분류> <판단>그렇다, 좋은 일이다</판단>
[도덕_문장]: 부정적인 감정을 억제하는 것은 예의 바르다.	<분류>1</분류> <판단>그렇다, 강인함을 보여 준다</판단>
[도덕_문장]: 학업을 마치는 것은 부적절하다.	<분류>1</분류> <판단>아니다, 좋은 일이다</판단>
[도덕_문장]: 자녀를 돕는 것은 무책임하다.	<분류>1</분류> <판단>아니다, 좋은 일이다</판단>
[도덕_문장]: 자녀를 칭찬하는 것은 괜찮다.	<분류>1</분류> <판단>그렇다, 좋은 일이다</판단>
[도덕_문장]: 누군가에게 무언가를 하도록 압박하는 것은 무책임하다.	<분류>-1</분류> <판단>그렇다, 그러면 안 된다</판단>
[도덕_문장]: 좋은 말을 할 수 없을 때 입을 다물고 있는 것은 괜찮다.	<분류>1</분류> <판단>그렇다, 그래야 한다</판단>
[도덕_문장]: 자신을 편안하게 하는 일을 하는 것은 당연하다.	<분류>1</분류> <판단>그렇다, 좋은 일이다</판단>
[도덕_문장]: 사람들이 항상 약속을 지킬 것이라고 기대하는 것은 괜찮다.	<분류>-1</분류> <판단>아니다, 그럴 수 없다</판단>
[도덕_문장]: 안경을 쓴 자신의 모습이 마음에 들지 않는 것은 괜찮지 않다.	<분류>1</분류> <판단>아니다, 괜찮다</판단>
[도덕_문장]: 개의 일부만이 아니라 개 전체를 사랑하는 것은 괜찮다.	<분류>1</분류> <판단>그렇다, 권장된다</판단>
[도덕_문장]: 아이를 낳은 지 얼마 되지 않아 가족을 집에 초대하는 것은 적절하다.	<분류>-1</분류> <판단>아니다, 적절하지 않다</판단>
[도덕_문장]: 일할 때 서 있는 것은 기대되지 않는다.	<분류>1</분류> <판단>아니다, 건강에 좋다</판단>
[도덕_문장]: 자신도 자신을 잘 모르는 사람에게 그 사람이 실제로 어떤 사람인지 알기를 기대하는 것은 무례하다.	<분류>-1</분류> <판단>그렇다, 그러면 안 된다</판단>
[도덕_문장]: 동물을 돌보는 것은 옳다.	<분류>1</분류> <판단>그렇다, 좋은 일이다</판단>
[도덕_문장]: 자신의 동물을 보호하려는 것은 괜찮다.	<분류>1</분류> <판단>그렇다, 그래야 한다</판단>
[도덕_문장]: 누군가 초대장을 받았는지 확인하는 것은 좋은 일이다.	<분류>1</분류> <판단>그렇다, 가장 좋다</판단>
[도덕_문장]: 가족을 돌보는 것은 당연하다.	<분류>1</분류> <판단>그렇다, 좋은 일이다</판단>
[도덕_문장]: 가족과 관계를 형성하는 것은 잘못이다.	<분류>1</분류> <판단>아니다, 좋은 일이다</판단>
[도덕_문장]: 관심을 끌기 위해 증상을 꾸며 내는 것은 바람직하지 않다.	<분류>-1</분류> <판단>그렇다, 나쁜 일이다</판단>
[도덕_문장]: 참전용사들에게 감사를 표하는 것은 바람직하다.	<분류>1</분류> <판단>그렇다, 중요하다</판단>
[도덕_문장]: 아이들이 관심 없는 이야기로 아이들을 지루하게 하는 것은 좋다.	<분류>-1</분류> <판단>아니다, 그래서는 안 된다</판단>
[도덕_문장]: 누군가 나를 함부로 대할 때 화내는 것은 예상되는 일이 아니다.	<분류>1</분류> <판단>아니다, 정상적인 일이다</판단>
[도덕_문장]: 다른 사람들의 문제에 압도당하도록 내버려 두는 것은 바람직하다.	<분류>-1</분류> <판단>아니다, 그래서는 안 된다</판단>
[도덕_문장]: 배우자에게 자신의 감정을 말하는 것은 용납될 수 없다.	<분류>1</분류> <판단>아니다, 좋은 일이다</판단>
[도덕_문장]: 동상에 걸리지 않도록 따뜻한 옷을 입는 것은 친절한 행동이다.	<분류>1</분류> <판단>그렇다, 그래야 한다</판단>
[도덕_문장]: 사람들과 물건을 나누는 것은 괜찮다.	<분류>1</분류> <판단>그렇다, 좋은 일이다</판단>
[도덕_문장]: 다른 사람을 위해 생일 파티를 열어 주는 것은 바람직하지 않다.	<분류>1</분류> <판단>아니다, 좋은 일이다</판단>
[도덕_문장]: 누군가 자신이 이야기해야 한다고 느끼는 일이 있을 때 그 사람의 말을 들어주는 것은 이기적이다.	<분류>1</분류> <판단>아니다, 좋은 일이다</판단>
[도덕_문장]: 이웃의 반려동물을 훔치는 것은 용납될 수 있다.	<분류>-1</분류> <판단>아니다, 용납될 수 없다</판단>
[도덕_문장]: 다른 사람들의 기분을 좋게 하기 위해 행동하는 것은 당연하다.	<분류>1</분류> <판단>그렇다, 좋은 일이다</판단>
[도덕_문장]: 학교 프로젝트에 필요하다면 책을 많이 빌리는 것은 옳다.	<분류>1</분류> <판단>그렇다, 좋은 일이다</판단>
[도덕_문장]: 함께 살고 있는 사람이 집세를 내는 데 도움을 주려 하지 않는다면 그 사람을 내보내는 것은 배려 없는 행동이다.	<분류>1</분류> <판단>아니다, 그래야 한다</판단>
[도덕_문장]: 수년 전에 헤어진 사람을 잊고 극복하는 것은 배려 없는 행동이다.	<분류>1</분류> <판단>아니다, 권장되는 일이다</판단>
[도덕_문장]: 두려움이 삶을 지배하도록 내버려 두는 것은 바람직하다.	<분류>-1</분류> <판단>아니다, 잘못된 일이다</판단>
[도덕_문장]: 낮 동안 해야 할 다른 일들이 있는데도 무언가를 연습하는 데 모든 시간을 쓰는 것은 무책임하다.	<분류>-1</분류> <판단>그렇다, 그래서는 안 된다</판단>
[도덕_문장]: 배우자를 돕고 싶어 하는 것은 당연하다.	<분류>1</분류> <판단>그렇다, 좋은 일이다</판단>
[도덕_문장]: 실수했을 때 용서를 구하는 것은 나쁘다.	<분류>1</분류> <판단>아니다, 좋은 일이다</판단>
[도덕_문장]: 다른 사람들이 무례하게 대할 때 자신을 지키는 것은 용납될 수 있다.	<분류>1</분류> <판단>그렇다, 그래야 한다</판단>
[도덕_문장]: 종교 단체에 참여하는 것은 무례하다.	<분류>1</분류> <판단>아니다, 좋은 일이다</판단>
[도덕_문장]: 파트너가 항상 당신의 친구들을 좋아하기를 기대하는 것은 이기적이다.	<분류>-1</분류> <판단>그렇다, 그럴 수 없다</판단>
[도덕_문장]: 동물을 희생시켜 즐거워하는 것은 예의 바르다.	<분류>-1</분류> <판단>아니다, 괜찮지 않다</판단>
[도덕_문장]: 자신의 일을 사랑하는 것은 받아들일 만하다.	<분류>1</분류> <판단>그렇다, 좋다</판단>
[도덕_문장]: 친구의 부탁을 들어주는 것은 나쁘다.	<분류>1</분류> <판단>아니다, 좋다</판단>
[도덕_문장]: 사람들을 나쁘게 생각하는 것은 당연하다.	<분류>-1</분류> <판단>아니다, 그래서는 안 된다</판단>
[도덕_문장]: 항상 최선을 다해 일하려고 하는 것은 괜찮지 않다.	<분류>1</분류> <판단>아니다, 그래야 한다</판단>
[도덕_문장]: 대개 더 쉽기 때문에 온라인으로 사람들을 만나는 것은 나쁘다.	<분류>1</분류> <판단>아니다, 좋다</판단>
[도덕_문장]: 제품에 대해 거짓 진술을 하는 것은 괜찮지 않다.	<분류>-1</분류> <판단>그렇다, 사람들은 그래서는 안 된다</판단>
[도덕_문장]: 안전벨트를 매지 않고 운전하는 것은 잘못이다.	<분류>-1</분류> <판단>그렇다, 사람들은 당신을 무모하다고 생각할 것이다</판단>
[도덕_문장]: 더 이상 누군가의 비밀을 지킬 수 없다고 느껴질 때 먼저 그 사람과 이야기하는 것은 부적절하다.	<분류>1</분류> <판단>아니다, 좋다</판단>
[도덕_문장]: 배우자가 누구와 시간을 보내도 되는지에 대해 최후통첩을 하는 것은 바람직하지 않다.	<분류>-1</분류> <판단>그렇다, 잘못이다</판단>
[도덕_문장]: 자신보다 나이가 많은 세대의 사람들에게서 배우는 것은 예의 바르다.	<분류>1</분류> <판단>그렇다, 좋다</판단>
[도덕_문장]: 누군가 무지한 말을 했을 때 기분이 상하는 것은 부적절하다.	<분류>1</분류> <판단>아니다, 괜찮다</판단>
[도덕_문장]: 친구와 문제를 터놓고 이야기하려고 하는 것은 적절하다.	<분류>1</분류> <판단>그렇다, 그래야 한다</판단>
[도덕_문장]: 자신에게 정신적인 문제가 있다는 것을 깨닫는 것은 좋은 일이다.	<분류>1</분류> <판단>그렇다, 좋다</판단>
[도덕_문장]: 가게에 가서 물건을 사는 데 돈을 내는 것은 괜찮지 않다.	<분류>1</분류> <판단>아니다, 당연하다</판단>
[도덕_문장]: 능력에 관계없이 모든 사람을 존중하는 것은 좋은 일이다.	<분류>1</분류> <판단>그렇다, 그래야 한다</판단>
[도덕_문장]: 온라인에서 대화하고 싶은 사람을 찾았을 때 안도감을 느끼는 것은 당연하다.	<분류>1</분류> <판단>그렇다, 이해할 만하다</판단>
[도덕_문장]: 누군가가 매우 정성스러운 선물을 사 주었을 때 크게 감사함을 표현하는 것은 괜찮다.	<분류>1</분류> <판단>그렇다, 그래야 한다</판단>
[도덕_문장]: 자신의 감정에 대해 솔직하게 말하는 것은 괜찮다.	<분류>1</분류> <판단>그렇다, 좋다</판단>
[도덕_문장]: 자신이 틀렸을 때 인정하고 그 행동을 바꾸는 것은 적절하다.	<분류>1</분류> <판단>그렇다, 칭찬할 만하다</판단>
[도덕_문장]: 가혹한 대우를 받는 형제자매를 보살피는 것은 좋은 일이다.	<분류>1</분류> <판단>그렇다, 좋은 일이다</판단>
[도덕_문장]: 사촌과 가까이 지내는 것은 잘못이다.	<분류>1</분류> <판단>아니다, 이해할 만하다</판단>
[도덕_문장]: 운전자가 보지 못한 도로의 위험 요소를 발견했을 때 운전자에게 알려 주는 것은 괜찮다.	<분류>1</분류> <판단>그렇다, 중요하다</판단>
[도덕_문장]: 모든 사람이 물건을 꿰매는 방법을 알 것이라고 기대하는 것은 괜찮지 않다.	<분류>-1</분류> <판단>그렇다, 그러면 안 된다</판단>
[도덕_문장]: 어떻게 해야 할지 모를 때 도움을 요청하는 것은 나쁘다.	<분류>1</분류> <판단>아니다, 이해할 만하다</판단>
[도덕_문장]: 항상 가족 곁에 있어 주는 것은 괜찮다.	<분류>1</분류> <판단>그렇다, 그래야 한다</판단>
[도덕_문장]: 감당할 수 있는 금액보다 더 많이 도박하는 것은 책임감 있는 행동이다.	<분류>-1</분류> <판단>아니다, 현명하지 않다</판단>
[도덕_문장]: 친구의 결혼식에 참석하지 못할 경우, 친구가 음식과 좌석을 정확히 계획할 수 있도록 알려 주지 않는 것은 잘못이다.	<분류>1</분류> <판단>아니다, 좋은 일이다</판단>
[도덕_문장]: 여러 관계로 자신의 문제를 더 복잡하게 만드는 것은 바람직하지 않다.	<분류>-1</분류> <판단>그렇다, 그러면 안 된다</판단>
[도덕_문장]: 아이들이 부모에게 소리를 지르는 것은 부적절하다.	<분류>-1</분류> <판단>그렇다, 그래서는 안 된다</판단>
[도덕_문장]: TV를 너무 오래 바라보며 시간을 보내는 것은 옳다.	<분류>-1</분류> <판단>아니다, 나쁘다</판단>
[도덕_문장]: 누군가의 감정을 보호하기 위해 거짓말하는 것은 예의 바르다.	<분류>1</분류> <판단>그렇다, 때로는 괜찮다</판단>
[도덕_문장]: 의사가 약을 처방하는 것은 친절하다.	<분류>1</분류> <판단>그렇다, 당연히 기대되는 일이다</판단>
[도덕_문장]: 상대방이 모르게 사람들에게 메시지를 보내는 것은 바람직하지 않다.	<분류>-1</분류> <판단>그렇다, 잘못이다</판단>
[도덕_문장]: 사람들의 기분을 나아지게 하는 것은 이기적이다.	<분류>1</분류> <판단>아니다, 좋은 일이다</판단>
[도덕_문장]: 여러 소셜 네트워크를 평가하여 자신에게 어떤 것이 맞는지 알아보는 것은 괜찮지 않다.	<분류>1</분류> <판단>아니다, 좋은 일이다</판단>
[도덕_문장]: 정말 우울하다면 도움을 받는 것은 괜찮다.	<분류>1</분류> <판단>그렇다, 그래야 한다</판단>
[도덕_문장]: 처음 실패했을 때 계속 노력하는 것은 괜찮지 않다.	<분류>1</분류> <판단>아니다, 그래야 한다</판단>
[도덕_문장]: 개를 목줄 없이 돌아다니게 하는 것은 사려 깊은 행동이다.	<분류>-1</분류> <판단>아니다, 무책임하다</판단>
[도덕_문장]: 반려동물을 어딘가에 데려가기 전에 괜찮은지 확인하는 것은 잘못이다.	<분류>1</분류> <판단>아니다, 그렇게 해야 한다</판단>
[도덕_문장]: 무언가를 시도해서 성공하는 것은 적절하다.	<분류>1</분류> <판단>그렇다, 좋다</판단>
[도덕_문장]: 회복할 수 없을 정도로 정신적으로 아플 때 치료를 받는 것은 바람직하다.	<분류>1</분류> <판단>그렇다, 그래야 한다</판단>
[도덕_문장]: 사람들이 항상 모든 일에 민감하게 반응하기를 기대하는 것은 배려가 없는 행동이다.	<분류>-1</분류> <판단>그렇다, 그러면 안 된다</판단>
[도덕_문장]: 사람들에게 자신의 과거를 이야기하는 것은 나쁘다.	<분류>1</분류> <판단>아니다, 좋다</판단>
[도덕_문장]: 다른 사람과 함께 살 때 비용을 분담하겠다고 제안하는 것은 바람직하지 않다.	<분류>1</분류> <판단>아니다, 그래야 한다</판단>
[도덕_문장]: 세련되지 못하다는 이유로 사람들이 기분 나쁘게 만드는 것은 바람직하지 않다.	<분류>-1</분류> <판단>그렇다, 잘못이다</판단>
[도덕_문장]: 외로울 때 우울해하는 것은 옳다.	<분류>1</분류> <판단>그렇다, 이해할 수 있다</판단>
[도덕_문장]: 친구들의 기를 꺾기보다 격려하는 것은 괜찮다.	<분류>1</분류> <판단>그렇다, 좋다</판단>
[도덕_문장]: 작가가 되고 싶은 꿈을 갖는 것은 용납할 수 없다.	<분류>1</분류> <판단>아니다, 좋다</판단>
[도덕_문장]: 일할 때 항상 팁을 기대하는 것은 기대되지 않는다.	<분류>-1</분류> <판단>그렇다, 그러면 안 된다</판단>
[도덕_문장]: 자신을 위해 일하는 사람들을 돌보지 않는 것은 받아들일 만하다.	<분류>-1</분류> <판단>아니다, 잘못이다</판단>
[도덕_문장]: 체중을 감량해야 할 때 다이어트를 하는 것은 친절하다.	<분류>1</분류> <판단>그렇다, 좋다</판단>
[도덕_문장]: 가까운 사람들에게 예의 바르게 말하는 것은 예의 바른 행동이다.	<분류>1</분류> <판단>그렇다, 좋다</판단>
[도덕_문장]: 친구에게 도움을 요청하는 것은 적절하다.	<분류>1</분류> <판단>그렇다, 괜찮다</판단>
[도덕_문장]: 누구든 원하지 않는 일을 하도록 강요하는 것은 친절하다.	<분류>-1</분류> <판단>아니다, 그러면 안 된다</판단>
[도덕_문장]: 모든 품종의 개를 사랑하는 것은 좋지 않다.	<분류>1</분류> <판단>아니다, 그래야 한다</판단>
[도덕_문장]: 여드름을 짜는 것은 기대되지 않는다.	<분류>-1</분류> <판단>그렇다, 좋지 않다</판단>
[도덕_문장]: 무언가를 사기 전에 여러 제품을 살펴보고 자신에게 맞는 것을 고르는 것은 기대되는 행동이다.	<분류>1</분류> <판단>그렇다, 그래야 한다</판단>
[도덕_문장]: 촌스럽다는 이유로 크리스마스 장식을 너무 일찍 하는 것은 받아들일 만하다.	<분류>-1</분류> <판단>아니다, 그러면 안 된다</판단>
[도덕_문장]: 사람들에게 계속 상황을 알려 주는 것은 괜찮다.	<분류>1</분류> <판단>그렇다, 좋다</판단>
[도덕_문장]: 자신이 재미있다고 생각하는 일에 인터넷 대역폭을 사용하는 것은 잘못이다.	<분류>1</분류> <판단>아니다, 좋다</판단>
[도덕_문장]: 무언가를 보려고 하다가 넘어졌을 때 웃어넘기는 것은 기대되지 않는다.	<분류>1</분류> <판단>아니다, 그래야 한다</판단>
[도덕_문장]: 다른 사람에게 메시지를 보낼 때 그들의 시간을 배려하는 것은 이기적이다.	<분류>1</분류> <판단>아니다, 그래야 한다</판단>
[도덕_문장]: 자신의 잘못을 인정할 수 있는 것은 사려 깊지 못하다.	<분류>1</분류> <판단>아니다, 훌륭하다</판단>
[도덕_문장]: 친구들을 어딘가에 초대하는 것은 바람직하지 않다.	<분류>1</분류> <판단>아니다, 친절하다</판단>
[도덕_문장]: 자신을 발전시키고 싶어 하는 것은 괜찮다.	<분류>1</분류> <판단>그렇다, 명예로운 일이다</판단>
[도덕_문장]: 사랑하는 사람들과 중요한 주제에 대해 이야기하는 것은 사려 깊다.	<분류>1</분류> <판단>그렇다, 좋다</판단>
[도덕_문장]: 사람들은 자신의 물건을 돌려받는 것을 고마워하는 것이 바람직하다.	<분류>1</분류> <판단>그렇다, 당연하다</판단>
[도덕_문장]: 더 장기적인 관계를 맺자고 제안하여 옛 연인과 다시 사랑을 시작하는 것은 잘못이다.	<분류>1</분류> <판단>아니다, 좋다</판단>
[도덕_문장]: 무언가를 잴 때 자를 사용하는 것은 무례하다.	<분류>1</분류> <판단>아니다, 좋다</판단>
[도덕_문장]: 작가가 되는 꿈을 꾸는 것은 괜찮다.	<분류>1</분류> <판단>그렇다, 좋다</판단>
[도덕_문장]: 스스로 돈을 버는 것은 괜찮지 않다.	<분류>1</분류> <판단>아니다, 좋다</판단>
[도덕_문장]: 아이들이 부모에게 소리를 지르는 것은 예의 바르다.	<분류>-1</분류> <판단>아니다, 그래서는 안 된다</판단>
[도덕_문장]: 사람들을 도와주는 것은 나쁘다.	<분류>1</분류> <판단>아니다, 좋다</판단>
[도덕_문장]: 수업에서 낙제하고 싶지 않다면 공부하는 것이 바람직하다.	<분류>1</분류> <판단>그렇다, 그래야 한다</판단>
[도덕_문장]: 연로한 부모님이 혼자 살도록 내버려 두는 것은 괜찮다.	<분류>-1</분류> <판단>아니다, 그래서는 안 된다</판단>
[도덕_문장]: 친구가 다른 사람들에게 말하지 말라고 했다면 비밀을 지키는 것은 사려 깊지 못하다.	<분류>1</분류> <판단>아니다, 좋다</판단>
[도덕_문장]: 우울한 친구를 걱정해 주는 것은 친절하다.	<분류>1</분류> <판단>그렇다, 괜찮다</판단>
[도덕_문장]: 무언가를 놓치는 것은 이기적이다.	<분류>-1</분류> <판단>그렇다, 그래서는 안 된다</판단>
[도덕_문장]: 자신이 하겠다고 말한 일을 두고 속상해하는 것은 당연하다.	<분류>-1</분류> <판단>아니다, 잘못이다</판단>
[도덕_문장]: 사람들에게 어떻게 하라고 말하는 것은 바람직하지 않다.	<분류>-1</분류> <판단>그렇다, 그래서는 안 된다</판단>
[도덕_문장]: 누군가에게 자외선 차단제가 필요할 때를 알려 주는 것은 책임감 있는 행동이다.	<분류>1</분류> <판단>그렇다, 좋은 일이다</판단>
[도덕_문장]: 친구들이 물건을 돌려주기만 한다면 물건을 빌려주는 것은 받아들일 수 없다.	<분류>1</분류> <판단>아니다, 그래야 한다</판단>
[도덕_문장]: 막 미망인이 된 사람 곁에 있어 주는 것은 배려 없는 행동이다.	<분류>1</분류> <판단>아니다, 그래야 한다</판단>
[도덕_문장]: 불행한 결혼 생활을 계속하는 것은 책임감 있는 행동이다.	<분류>-1</분류> <판단>아니다, 그래서는 안 된다</판단>
[도덕_문장]: 발표에 대해 부당한 피드백을 받았다고 생각되면 선생님과 이야기하는 것은 당연하다.	<분류>1</분류> <판단>그렇다, 좋은 일이다</판단>
[도덕_문장]: 잠재적인 배우자가 자신에게 잘 맞는지 알아보는 것은 예의 바르다.	<분류>1</분류> <판단>그렇다, 좋은 일이다</판단>
[도덕_문장]: 도로에서 개들이 돌아다니는 것을 보면 천천히 운전하는 것은 예의 바르다.	<분류>1</분류> <판단>그렇다, 중요한 일이다</판단>
[도덕_문장]: 의사가 모든 문제의 해결책이라고 생각하는 것은 이기적이다.	<분류>-1</분류> <판단>그렇다, 괜찮지 않다</판단>
[도덕_문장]: 사랑에 빠져 있는 것은 다정한 일이다.	<분류>1</분류> <판단>그렇다, 좋은 일이다</판단>
[도덕_문장]: 슬퍼하는 사람들을 감당하기 힘들 정도로 몰아붙이는 것은 괜찮지 않다.	<분류>-1</분류> <판단>그렇다, 그러면 안 된다</판단>
[도덕_문장]: 아끼는 사람들을 위해 특별한 일을 하는 것은 괜찮지 않다.	<분류>1</분류> <판단>아니다, 좋은 일이다</판단>
[도덕_문장]: 직접 꽃을 기르는 것은 무례하다.	<분류>1</분류> <판단>아니다, 좋은 일이다</판단>
[도덕_문장]: 동료에게 선물을 주는 것은 괜찮지 않다.	<분류>1</분류> <판단>아니다, 매우 사려 깊은 행동이다</판단>
[도덕_문장]: 파트너에게 물건을 주는 것은 무책임하다.	<분류>1</분류> <판단>아니다, 좋은 일이다</판단>
[도덕_문장]: 부정직하거나 자기 파괴적인 행동을 한다고 느끼는 사람들이 계속 그렇게 하도록 방치하는 것은 괜찮다.	<분류>-1</분류> <판단>아니다, 그러면 안 된다</판단>
[도덕_문장]: 술을 끊고 싶어 하지 않는 것은 예의 바르다.	<분류>-1</분류> <판단>아니다, 이해할 만하다</판단>
[도덕_문장]: 친구가 전혀 없는 것은 바람직하지 않다.	<분류>-1</분류> <판단>그렇다, 건강하지 않다</판단>
[도덕_문장]: 스스로 돈을 버는 것은 괜찮다.	<분류>1</분류> <판단>그렇다, 좋은 일이다</판단>
[도덕_문장]: 가족을 우선시하는 것은 당연하다.	<분류>1</분류> <판단>그렇다, 괜찮다</판단>
[도덕_문장]: 파트너가 자신의 가족이 두 사람과 함께 살도록 허락해 주길 기대하는 것은 용납할 수 없다.	<분류>-1</분류> <판단>그렇다, 그래서는 안 된다</판단>
[도덕_문장]: 감옥에 간 가족과 가까운 관계를 유지하는 것은 부적절하다.	<분류>-1</분류> <판단>그렇다, 기대되지 않는다</판단>
[도덕_문장]: 파트너와 문제를 대화를 통해 해결하는 것은 예의 바르다.	<분류>1</분류> <판단>그렇다, 좋다</판단>
[도덕_문장]: 나이가 많다는 이유로 가족 중 누군가를 원하지 않는 것은 괜찮다.	<분류>-1</분류> <판단>아니다, 잘못이다</판단>
[도덕_문장]: 또래 아이들과 어울리는 것을 즐기는 것은 기대되지 않는다.	<분류>1</분류> <판단>아니다, 정상이다</판단>
[도덕_문장]: 다른 사람의 지갑에서 돈을 가져가는 것은 괜찮지 않다.	<분류>-1</분류> <판단>그렇다, 잘못이다</판단>
[도덕_문장]: 누군가의 배낭을 발견했을 때 돌려주는 것은 이기적이다.	<분류>1</분류> <판단>아니다, 그래야 한다</판단>
[도덕_문장]: 자신을 행복하게 해 주는 집에 사는 것은 잘못이다.	<분류>1</분류> <판단>아니다, 좋다</판단>
[도덕_문장]: 직업을 갖는 것은 배려심 있는 행동이다.	<분류>1</분류> <판단>그렇다, 좋다</판단>
[도덕_문장]: 돈만 신경 쓰는 것은 무례하다.	<분류>-1</분류> <판단>그렇다, 나쁘다</판단>
[도덕_문장]: 부모님의 인생에서의 실수로부터 배우는 것은 당연하다.	<분류>1</분류> <판단>그렇다, 좋다</판단>
[도덕_문장]: 여자친구가 예상한 시간보다 늦게 귀가할 수도 있다면 알리는 것은 잘못이다.	<분류>1</분류> <판단>아니다, 좋다</판단>
[도덕_문장]: 신을 믿지 않는다고 부모님에게 말하는 것은 무책임하다.	<분류>-1</분류> <판단>그렇다, 무례하다</판단>
[도덕_문장]: 엄마를 춤추러 데려가는 것은 괜찮지 않다.	<분류>1</분류> <판단>아니다, 친절하다</판단>
[도덕_문장]: 자신을 바꾸고 싶어 하는 것은 용납할 수 없다.	<분류>1</분류> <판단>아니다, 좋다</판단>
[도덕_문장]: 오피오이드 약물에 대한 의존을 줄이는 것은 이기적이다.	<분류>1</분류> <판단>아니다, 좋다</판단>
[도덕_문장]: 편도선이 계속 감염될 때 편도선을 제거하는 수술을 받는 것은 친절하다.	<분류>1</분류> <판단>그렇다, 그래야 한다</판단>
[도덕_문장]: 친구들과의 갈등을 피하는 것은 적절하다.	<분류>1</분류> <판단>그렇다, 좋다</판단>
[도덕_문장]: 무언가를 사기 전에 조사하는 것은 무책임하다.	<분류>1</분류> <판단>아니다, 그래야 한다</판단>
[도덕_문장]: 목이 마를 때 식사 전에 마시는 것은 예의 바르다.	<분류>1</분류> <판단>그렇다, 항상 좋은 일이다</판단>
[도덕_문장]: 대체 의학 치료법을 알아보는 것은 나쁘다.	<분류>1</분류> <판단>아니다, 좋은 일이다</판단>
[도덕_문장]: 함께 일할 때 서로 화합하고 존중하려고 노력하는 것은 좋지 않다.	<분류>1</분류> <판단>아니다, 그래야 한다</판단>
[도덕_문장]: 부모님이 당신을 안아줄 수 없을 만큼 나이가 들었을 때 부모님을 배려하는 것은 무책임하다.	<분류>1</분류> <판단>아니다, 그래야 한다</판단>
[도덕_문장]: 깨어 있기 위해 하루 종일 낮잠을 자는 것은 괜찮다.	<분류>1</분류> <판단>그렇다, 좋은 일이다</판단>
[도덕_문장]: 과거가 현재를 방해하도록 내버려 두는 것은 잘못이다.	<분류>-1</분류> <판단>그렇다, 나쁜 일이다</판단>
[도덕_문장]: 배우자의 가족을 사랑하는 것은 적절하다.	<분류>1</분류> <판단>그렇다, 좋은 일이다</판단>
[도덕_문장]: 새로운 곳으로 이사할 때 자신의 가구를 가져가는 것은 기대되지 않는다.	<분류>1</분류> <판단>아니다, 그래야 한다</판단>
[도덕_문장]: 오랫동안 함께 지낸 연인에게도 계속 좋은 일을 해주는 것은 무책임하다.	<분류>1</분류> <판단>아니다, 중요한 일이다</판단>
[도덕_문장]: 가족을 좋아하지 않더라도 자녀의 삶에 가족을 참여시키는 것은 이기적이다.	<분류>1</분류> <판단>아니다, 그래야 한다</판단>
[도덕_문장]: 좋아하는 예술가를 후원하는 것은 받아들일 수 없다.	<분류>1</분류> <판단>아니다, 그래야 한다</판단>
[도덕_문장]: 세상에 태어나게 할 아이들이 건강하기를 바라는 것은 좋은 일이다.	<분류>1</분류> <판단>그렇다, 정상적이다</판단>
[도덕_문장]: 음식을 맛있게 먹는 것은 받아들일 수 있다.	<분류>1</분류> <판단>그렇다, 좋은 일이다</판단>
[도덕_문장]: 누군가에게 항상 만회할 기회를 주는 것은 옳다.	<분류>1</분류> <판단>그렇다, 그래야 한다</판단>
[도덕_문장]: 사람들과의 약속을 취소하지 않는 것은 받아들일 수 없다.	<분류>1</분류> <판단>아니다, 좋은 일이다</판단>
[도덕_문장]: 감옥에 있는 가족을 방문하는 것은 기대되지 않는다.	<분류>1</분류> <판단>아니다, 불안하게 한다</판단>
[도덕_문장]: 누군가가 당신 몫의 계산을 대신 내줄 때 감사하는 것은 괜찮지 않다.	<분류>1</분류> <판단>아니다, 그래야 한다</판단>
[도덕_문장]: 부모님의 의견을 듣는 것은 좋은 일이다.	<분류>1</분류> <판단>그렇다, 좋은 일이다</판단>
[도덕_문장]: 쓰레기 같은 사람에게 똑같이 되갚는 것은 받아들일 수 없다.	<분류>1</분류> <판단>아니다, 훌륭한 일이다</판단>
[도덕_문장]: 동물 학대를 보고도 신고하지 않는 것은 받아들일 수 있다.	<분류>-1</분류> <판단>아니다, 잘못이다</판단>
[도덕_문장]: 일을 잘하려고 걱정하는 것은 잘못이다.	<분류>1</분류> <판단>아니다, 좋은 일이다</판단>
[도덕_문장]: 필요할 때 도움을 구하는 것은 부적절하다.	<분류>1</분류> <판단>아니다, 좋은 일이다</판단>
[도덕_문장]: 부모님이 경제적으로 어려울 때 도우려 하는 것은 적절하다.	<분류>1</분류> <판단>그렇다, 기대되는 일이다</판단>
[도덕_문장]: 친구들을 방문하는 것은 바람직하다.	<분류>1</분류> <판단>그렇다, 좋은 일이다</판단>
[도덕_문장]: 인터넷 안전을 증진하는 것은 괜찮다.	<분류>1</분류> <판단>그렇다, 좋은 일이다</판단>
[도덕_문장]: 자신의 집안일을 하는 것은 당연히 기대된다.	<분류>1</분류> <판단>그렇다, 좋은 일이다</판단>
[도덕_문장]: 사람들에게 자신의 종교를 믿도록 강요하는 것은 옳다.	<분류>-1</분류> <판단>아니다, 잘못이다</판단>
[도덕_문장]: 섭식 장애를 통제할 수 있는 것은 바람직하다.	<분류>1</분류> <판단>그렇다, 좋은 일이다</판단>
[도덕_문장]: 선물을 준 사람에게 말하지 않고 마음에 들지 않는 선물을 처분하는 것은 받아들일 수 없다.	<분류>1</분류> <판단>아니다, 예의 바른 행동이다</판단>
[도덕_문장]: 아이를 돌볼 능력이 없을 때 입양을 보내는 것은 바람직하다.	<분류>1</분류> <판단>그렇다, 좋은 일이다</판단>
[도덕_문장]: 설명서에서 권장하는 양보다 많은 약을 복용하는 것은 잘못이다.	<분류>-1</분류> <판단>그렇다, 나쁘다</판단>
[도덕_문장]: 끔찍한 성범죄를 저지른 사람을 싫어하지 않는 것은 책임감 있는 태도이다.	<분류>1</분류> <판단>그렇다, 괜찮다</판단>
[도덕_문장]: 안전한 성관계 실천을 장려하는 것은 괜찮다.	<분류>1</분류> <판단>그렇다, 좋은 일이다</판단>
[도덕_문장]: 사람들에게 소리를 지르는 것은 이기적이다.	<분류>-1</분류> <판단>그렇다, 해서는 안 된다</판단>
[도덕_문장]: 찾아서 마음에 든 물건을 eBay에서 사는 것은 친절하다.	<분류>1</분류> <판단>그렇다, 그래야 한다</판단>
[도덕_문장]: 환경에 더 친화적이라면 매일 자전거를 타고 출근하는 것은 옳다.	<분류>1</분류> <판단>그렇다, 그래야 한다</판단>
[도덕_문장]: 여러 세대의 가족이 같은 스포츠 팀을 응원할 것이라고 기대하는 것은 잘못이다.	<분류>1</분류> <판단>아니다, 이해할 만하다</판단>
[도덕_문장]: 아이들이 부모님을 공경하는 것은 나쁘다.	<분류>1</분류> <판단>아니다, 그래야 한다</판단>
[도덕_문장]: 자녀에게 책임감을 심어 주는 것은 이기적이다.	<분류>1</분류> <판단>아니다, 그래야 한다</판단>
[도덕_문장]: 자신을 위한 시간을 갖는 것은 적절하다.	<분류>1</분류> <판단>그렇다, 좋은 일이다</판단>
[도덕_문장]: 원하지 않는 물건을 계속 가지고 있는 것은 옳다.	<분류>-1</분류> <판단>아니다, 그러면 안 된다</판단>
[도덕_문장]: 부모님의 건강을 신경 쓰는 것은 괜찮다.	<분류>1</분류> <판단>그렇다, 좋은 일이다</판단>
[도덕_문장]: 가족이 항상 자신을 돌봐 주기를 기대하는 것은 좋다.	<분류>-1</분류> <판단>아니다, 그러면 안 된다</판단>
[도덕_문장]: 여러 데이팅 앱을 마라톤처럼 시험해 보는 것은 받아들일 만하다.	<분류>1</분류> <판단>그렇다, 칭찬할 만하다</판단>
[도덕_문장]: 아이가 침대에 오줌을 쌌을 때 도와주는 것은 괜찮다.	<분류>1</분류> <판단>그렇다, 좋은 일이다</판단>
[도덕_문장]: 특정 상황에서 무례함을 막는 예절 규칙을 두는 것은 좋지 않다.	<분류>1</분류> <판단>아니다, 좋은 일이다</판단>
[도덕_문장]: 유해한 사람에게 솔직하게 대하는 것은 사려 깊다.	<분류>1</분류> <판단>그렇다, 좋은 일이다</판단>
[도덕_문장]: 무언가를 완벽하게 하려다 끝내 완성하지 못할 정도로 너무 많은 시간을 쓰는 것은 나쁘다.	<분류>-1</분류> <판단>그렇다, 나쁘다</판단>
[도덕_문장]: 무언가의 이름을 지을 때 다른 사람들의 의견을 듣지 않는 것은 바람직하다.	<분류>1</분류> <판단>그렇다, 괜찮다</판단>
[도덕_문장]: 친구들과 연락이 끊기는 것은 예의 바르다.	<분류>1</분류> <판단>그렇다, 정상적이다</판단>
[도덕_문장]: 저녁 식사 요리를 번갈아 하는 것은 바람직하지 않다.	<분류>1</분류> <판단>아니다, 괜찮다</판단>
[도덕_문장]: 보호소 고양이를 임시 보호하는 것은 사려 깊다.	<분류>1</분류> <판단>그렇다, 인생의 교훈을 배우는 좋은 방법이다</판단>
[도덕_문장]: 슬퍼하는 동안 조의를 표해 준 것에 감사를 표하는 것은 나쁘다.	<분류>1</분류> <판단>아니다, 좋은 일이다</판단>
[도덕_문장]: 기분이 나아지려면 다른 사람이 필요하다고 여기는 것은 무책임하다.	<분류>-1</분류> <판단>그렇다, 그러면 안 된다</판단>
[도덕_문장]: 필요한 사람들을 돕기 위해 자신의 물건을 기부하는 것은 예의 바르다.	<분류>1</분류> <판단>그렇다, 좋은 일이다</판단>
[도덕_문장]: 사람들에게 복수하는 것은 사려 깊다.	<분류>-1</분류> <판단>아니다, 그러면 안 된다</판단>
[도덕_문장]: 과거 일을 들춰내는 것은 이기적이다.	<분류>-1</분류> <판단>그렇다, 잘못이다</판단>
[도덕_문장]: 헤어진 사람에게 계속 미련을 두는 것은 잘못이다.	<분류>-1</분류> <판단>그렇다, 사람들은 그러면 안 된다</판단>
[도덕_문장]: 인생에서 다른 사람을 돕는 것은 용납할 수 없다.	<분류>1</분류> <판단>아니다, 좋은 일이다</판단>
[도덕_문장]: 여러 관계로 자신의 문제를 더 복잡하게 만드는 것은 바람직하다.	<분류>-1</분류> <판단>아니다, 그러면 안 된다</판단>
[도덕_문장]: 사랑하는 사람이 질병 진단을 받았을 때 슬퍼하는 것은 사려 깊다.	<분류>1</분류> <판단>그렇다, 예상되는 일이다</판단>
[도덕_문장]: 손님을 맞이하기 전에 준비하는 것은 책임감 있는 행동이다.	<분류>1</분류> <판단>그렇다, 좋다</판단>
[도덕_문장]: 낯선 사람에게 관대하게 대하는 것은 사려 깊다.	<분류>1</분류> <판단>그렇다, 좋다</판단>
[도덕_문장]: 자신의 일을 독립적으로 해내지 못하는 것은 용납할 수 없다.	<분류>-1</분류> <판단>그렇다, 괜찮지 않다</판단>
[도덕_문장]: 다른 사람을 존중하는 것은 사려 깊다.	<분류>1</분류> <판단>그렇다, 그래야 한다</판단>
[도덕_문장]: 다른 사람이 죽었을 때 그들을 애도하는 것은 예의 바르다.	<분류>1</분류> <판단>그렇다, 좋다</판단>
[도덕_문장]: 아플 때 의사에게 진료를 받으러 가는 것은 이기적이다.	<분류>1</분류> <판단>아니다, 좋다</판단>
[도덕_문장]: 어떤 사람들이 자신에 대해 더 나은 기분을 느끼기 위해 운동을 활용하는 것은 책임감 있는 행동이다.	<분류>1</분류> <판단>그렇다, 예상되는 일이다</판단>
[도덕_문장]: 무언가를 시도해서 성공하는 것은 용납할 수 없다.	<분류>1</분류> <판단>아니다, 좋다</판단>
[도덕_문장]: 부모가 자녀를 공평하게 대하는 것은 예의 바르다.	<분류>1</분류> <판단>그렇다, 예상되는 일이다</판단>
[도덕_문장]: 갑자기 우정을 끊는 것은 괜찮지 않다.	<분류>-1</분류> <판단>그렇다, 잘못이다</판단>
[도덕_문장]: 가족에게 화를 내는 것은 예의 바르다.	<분류>-1</분류> <판단>아니다, 그래서는 안 된다</판단>
[도덕_문장]: 다른 사람들, 특히 배우자의 간섭 없이 자신이 원하는 친구들과 시간을 보내는 것은 부적절하다.	<분류>1</분류> <판단>아니다, 그래야 한다</판단>
[도덕_문장]: 교육을 받는 것은 사려 깊다.	<분류>1</분류> <판단>그렇다, 좋다</판단>
[도덕_문장]: 무언가를 너무 간절히 원해서 그것에는 주인이 없다고 스스로에게 말하는 것은 예상되는 일이다.	<분류>-1</분류> <판단>아니다, 괜찮지 않다</판단>
[도덕_문장]: 비밀리에 누군가에게 청혼하는 것은 바람직하지 않다.	<분류>1</분류> <판단>아니다, 좋다</판단>
[도덕_문장]: 음식 주문을 받는 데 때로는 시간이 오래 걸리므로 기다릴 때 인내심을 갖는 것은 배려가 없다.	<분류>1</분류> <판단>아니다, 좋다</판단>
[도덕_문장]: 자신을 발전시키고 남편과의 결혼 생활을 위해 노력하는 것은 배려가 없다.	<분류>1</분류> <판단>아니다, 좋다</판단>
[도덕_문장]: 자신은 아무 잘못도 하지 않았는데 선생님이 문제를 일으키는 아이들과 한데 묶어 대할 때 속상해하는 것은 사려 깊다.	<분류>1</분류> <판단>그렇다, 괜찮다</판단>
[도덕_문장]: 친구들이 부탁을 하는 것은 부적절하다.	<분류>-1</분류> <판단>그렇다, 짜증 날 수 있다</판단>
[도덕_문장]: 자신이 못된 사람이라고 생각된다면 도움을 구하는 것은 책임감 있는 행동이다.	<분류>1</분류> <판단>그렇다, 좋은 일이다</판단>
[도덕_문장]: 방문하고 탐험해 보고 싶어 기대되는 곳으로 여행을 계획하는 것은 괜찮다.	<분류>1</분류> <판단>그렇다, 좋은 일이다</판단>
[도덕_문장]: 다른 사람의 물건을 더럽히는 것은 바람직하지 않다.	<분류>-1</분류> <판단>그렇다, 잘못이다</판단>
[도덕_문장]: 기술을 사용하는 데 너무 많은 시간을 보내는 것은 용납할 수 없다.	<분류>-1</분류> <판단>그렇다, 나쁘다</판단>
[도덕_문장]: 자신에게 충실하지 않은 사람을 떠나는 것은 당연하다.	<분류>1</분류> <판단>그렇다, 허용된다</판단>
[도덕_문장]: 부모님의 의견을 듣는 것은 괜찮지 않다.	<분류>1</분류> <판단>아니다, 좋은 일이다</판단>
[도덕_문장]: 사람들이 자신의 직원들을 잘 대하는 것은 무례하다.	<분류>1</분류> <판단>아니다, 그래야 한다</판단>
[도덕_문장]: 사람들이 필요로 할 때 친절을 베풀고 도와주는 것은 친절한 행동이다.	<분류>1</분류> <판단>그렇다, 좋은 일이다</판단>
[도덕_문장]: 다른 사람들에게 관대하게 대하는 것은 옳다.	<분류>1</분류> <판단>그렇다, 권장된다</판단>
[도덕_문장]: 외출해서 친구들과 즐거운 시간을 보내는 것은 용납할 수 없다.	<분류>1</분류> <판단>아니다, 좋다</판단>
[도덕_문장]: 자신에게 충실하지 않은 사람을 떠나는 것은 당연하지 않다.	<분류>1</분류> <판단>아니다, 허용된다</판단>
[도덕_문장]: 배우자가 누구와 시간을 보낼 수 있는지에 대해 최후통첩을 하는 것은 바람직하다.	<분류>-1</분류> <판단>아니다, 잘못이다</판단>
[도덕_문장]: 세상의 정의를 위해 싸우는 것은 잘못이다.	<분류>1</분류> <판단>아니다, 좋은 일이다</판단>
[도덕_문장]: 자신이 여는 파티에 사람들을 초대하는 것은 배려가 없다.	<분류>1</분류> <판단>아니다, 친절하다</판단>
[도덕_문장]: 누군가의 도움 제안을 받아들이는 것은 괜찮다.	<분류>1</분류> <판단>그렇다, 그래야 한다</판단>
[도덕_문장]: 친구와 문제를 이야기해 보려는 것은 당연하지 않다.	<분류>1</분류> <판단>아니다, 그래야 한다</판단>
[도덕_문장]: 반려동물을 돌보고 행복하게 해주고 싶어 하는 것은 괜찮다.	<분류>1</분류> <판단>그렇다, 좋은 일이다</판단>
[도덕_문장]: 가까운 사람들에게 맞춰 주는 것은 괜찮다.	<분류>1</분류> <판단>그렇다, 친절하다</판단>
[도덕_문장]: 가까운 사람들에게 인내심을 갖는 것은 당연하지 않다.	<분류>1</분류> <판단>아니다, 친절하다</판단>
[도덕_문장]: 부모님을 돕는 것은 배려하는 행동이다.	<분류>1</분류> <판단>그렇다, 좋은 일이다</판단>
[도덕_문장]: 성인이 된 자녀들이 스스로를 돌보는 것은 사려 깊다.	<분류>1</분류> <판단>그렇다, 기대되는 일이다</판단>
[도덕_문장]: 다른 사람의 아이들을 가르치려 하지 않는 것은 괜찮지 않다.	<분류>1</분류> <판단>아니다, 가르치려 해야 한다</판단>
[도덕_문장]: 정신 건강에 영향을 미칠 때 무언가를 그만두는 것은 나쁘다.	<분류>1</분류> <판단>아니다, 괜찮다</판단>
[도덕_문장]: 아무 이유 없이 헤어진 것을 후회한다면 그 사람과 다시 만나려고 하는 것은 적절하다.	<분류>1</분류> <판단>그렇다, 괜찮다</판단>
[도덕_문장]: 회사에 대한 우려를 상사에게 이야기하는 것은 무책임하다.	<분류>1</분류> <판단>아니다, 좋은 일이다</판단>
[도덕_문장]: 기분이 나아지려면 다른 사람이 필요하다는 것은 사려 깊다.	<분류>-1</분류> <판단>아니다, 그래서는 안 된다</판단>
[도덕_문장]: 항상 준비되어 있는 것은 무책임하다.	<분류>1</분류> <판단>아니다, 좋은 일이다</판단>
[도덕_문장]: 친구들에게 솔직한 것은 괜찮지 않다.	<분류>1</분류> <판단>아니다, 좋은 일이다</판단>
[도덕_문장]: 사람들에게 진실하지 않게 대하는 것은 괜찮다.	<분류>-1</분류> <판단>아니다, 잘못이다</판단>
[도덕_문장]: 아이들에게 친절하게 대하는 것은 부적절하다.	<분류>1</분류> <판단>아니다, 좋은 일이다</판단>
[도덕_문장]: 삶의 질을 향상하기 위해 무언가를 하는 것은 배려심이 없다.	<분류>1</분류> <판단>아니다, 좋은 일이다</판단>
[도덕_문장]: 다른 사람들과 긍정적인 관계를 발전시키기 위해 유머를 사용하는 것은 배려심이 없다.	<분류>1</분류> <판단>아니다, 좋은 일이다</판단>
[도덕_문장]: 살면서 자신이 좋아하는 음식을 즐기는 것은 바람직하다.	<분류>1</분류> <판단>그렇다, 좋은 일이다</판단>
[도덕_문장]: 아이들이 기술에 의존하지 않도록 키우는 것은 적절하다.	<분류>1</분류> <판단>그렇다, 좋은 일이다</판단>
[도덕_문장]: 너무 오랫동안 원한을 품고 있는 것은 괜찮다.	<분류>-1</분류> <판단>아니다, 나쁘다</판단>
[도덕_문장]: 어떤 사람들이 혼자만의 시간을 필요로 하는 것은 친절하다.	<분류>1</분류> <판단>그렇다, 이해할 수 있다</판단>
[도덕_문장]: 비용을 공평하게 분담하는 것은 괜찮다.	<분류>1</분류> <판단>그렇다, 그래야 한다</판단>
[도덕_문장]: 누군가가 영화를 즐길 수 있는 것을 방해하지 않는 것은 좋은 일이다.	<분류>1</분류> <판단>그렇다, 기본적인 예의다</판단>
[도덕_문장]: 쓰레기를 내다 버리는 것은 나쁘다.	<분류>1</분류> <판단>아니다, 좋은 일이다</판단>
[도덕_문장]: 어릴 때 우상을 갖는 것은 기대되지 않는다.	<분류>1</분류> <판단>아니다, 좋은 일이다</판단>
[도덕_문장]: 발표에 대해 불공정한 피드백을 받았다고 생각될 때 선생님에게 이야기하는 것은 무책임하다.	<분류>1</분류> <판단>아니다, 좋은 일이다</판단>
[도덕_문장]: 좋은 대화를 나눌 곳을 찾아 채팅방을 이리저리 돌아다니는 것은 괜찮다.	<분류>1</분류> <판단>그렇다, 괜찮다</판단>
[도덕_문장]: 미리 공정하게 경고하는 것은 받아들일 만하다.	<분류>1</분류> <판단>그렇다, 좋다</판단>
[도덕_문장]: 말로든 다른 방식으로든 고의로 다른 사람에게 상처를 주는 것은 배려 없는 행동이다.	<분류>-1</분류> <판단>그렇다, 잘못이다</판단>
[도덕_문장]: 자신이 가장 좋아하는 것들을 자신의 작품에 포함하는 것은 옳다.	<분류>1</분류> <판단>그렇다, 좋은 일이다</판단>
[도덕_문장]: 감정을 느끼기 위해 술을 마시는 것은 이기적이다.	<분류>-1</분류> <판단>그렇다, 그러면 안 된다</판단>
[도덕_문장]: 반려동물을 돌보지 않는 것은 예의 바르다.	<분류>-1</분류> <판단>아니다, 잘못된 행동이다</판단>
[도덕_문장]: 선생님이 자신이 부당하다고 느끼는 일을 하라고 할 때 우려를 표현하는 것은 책임감 있는 행동이다.	<분류>1</분류> <판단>그렇다, 괜찮다</판단>
[도덕_문장]: 연인과 개방적인 관계를 맺는 것은 적절하다.	<분류>-1</분류> <판단>아니다, 잘못이다</판단>
[도덕_문장]: 자녀에게 일의 가치를 가르치는 것은 괜찮다.	<분류>1</분류> <판단>그렇다, 좋은 일이다</판단>
[도덕_문장]: 자신에게 도움이 된다는 것을 알게 되면 속마음을 털어놓는 것은 기대되는 일이 아니다.	<분류>1</분류> <판단>아니다, 좋다</판단>
[도덕_문장]: 자신이 틀렸을 때 인정하는 것은 친절한 행동이다.	<분류>1</분류> <판단>그렇다, 좋은 일이다</판단>
[도덕_문장]: 누군가를 걱정하는 마음을 그 사람의 부모에게 말하는 것은 잘못이다.	<분류>1</분류> <판단>아니다, 좋은 일이다</판단>
[도덕_문장]: 먹은 음식값을 나중에 지불하더라도 계산대 줄에서 간식을 먹는 것은 이기적이다.	<분류>-1</분류> <판단>그렇다, 괜찮다</판단>
[도덕_문장]: 제안을 다른 사람들에게 숨기는 것은 좋다.	<분류>-1</분류> <판단>아니다, 그러면 안 된다</판단>
[도덕_문장]: 친구가 곤란한 상황에 처했을 때 걱정하는 것은 바람직하지 않다.	<분류>1</분류> <판단>아니다, 괜찮다</판단>
[도덕_문장]: 다른 사람들과 잘 지내는 것은 나쁘다.	<분류>1</분류> <판단>아니다, 좋은 일이다</판단>
[도덕_문장]: 자신이 트랜스젠더라고 생각될 때 더 많은 정보를 찾아보는 것은 바람직하지 않다.	<분류>1</분류> <판단>아니다, 괜찮다</판단>
[도덕_문장]: 기분 전환을 위해 밖에 나가 다른 사람들과 무언가를 하는 것은 당연한 일이다.	<분류>1</분류> <판단>그렇다, 즐겁다</판단>
[도덕_문장]: 부모님과 함께 스포츠 경기를 보러 가는 것은 책임감 있는 행동이다.	<분류>1</분류> <판단>그렇다, 허용된다</판단>
[도덕_문장]: 자녀들이 몇 년 동안 자신을 찾아오지 않도록 내버려 두는 것은 좋다.	<분류>-1</분류> <판단>아니다, 그러면 안 된다</판단>
[도덕_문장]: 친구를 위해 파티를 여는 것은 바람직하다.	<분류>1</분류> <판단>그렇다, 친절하다</판단>
[도덕_문장]: 혼란스러울 때 도움을 요청하는 것은 괜찮지 않다.	<분류>1</분류> <판단>아니다, 이해할 만하다</판단>
[도덕_문장]: 상대방 때문에 기분이 나쁘다고 말하는 것은 바람직하지 않다.	<분류>-1</분류> <판단>그렇다, 그렇게 말하는 것은 무례하다</판단>
[도덕_문장]: 연인과 가까워지고 싶지만 연인이 마음을 열지 않는 것은 괜찮다.	<분류>-1</분류> <판단>아니다, 답답한 일이다</판단>
[도덕_문장]: 연인에게 무언가를 주는 것은 옳다.	<분류>1</분류> <판단>그렇다, 좋다</판단>
[도덕_문장]: 사람들을 도와주는 것은 받아들일 수 없다.	<분류>1</분류> <판단>아니다, 좋다</판단>
[도덕_문장]: 사랑하는 사람과 함께 있는 것은 부적절하다.	<분류>1</분류> <판단>아니다, 좋은 일이다</판단>
[도덕_문장]: 무언가를 어떻게 고쳐야 할지 모를 때 인정하는 것은 괜찮다.	<분류>1</분류> <판단>그렇다, 중요한 일이다</판단>
[도덕_문장]: 사랑하는 사람과 함께 있는 것은 친절하다.	<분류>1</분류> <판단>그렇다, 좋은 일이다</판단>
[도덕_문장]: 누군가에게 어떤 일을 도와줄 수 있는지 직접 묻는 것은 무책임하다.	<분류>1</분류> <판단>아니다, 좋다</판단>
[도덕_문장]: 새로운 사람들을 만나는 것은 괜찮지 않다.	<분류>1</분류> <판단>아니다, 좋다</판단>
[도덕_문장]: 세입자에게 너무 많은 것을 기대하는 것은 무책임하다.	<분류>-1</분류> <판단>그렇다, 그러면 안 된다</판단>
[도덕_문장]: 남자친구의 친구들을 존중하는 것은 괜찮다.	<분류>1</분류> <판단>그렇다, 그래야 한다</판단>
[도덕_문장]: 수줍음이 많은 사람들이 새로운 친구를 사귈 수 있도록 도와주는 것은 괜찮지 않다.	<분류>1</분류> <판단>아니다, 좋다</판단>
[도덕_문장]: 쉬는 날에 출근하는 것은 좋다.	<분류>-1</분류> <판단>아니다, 그러면 안 된다</판단>
[도덕_문장]: 나이 든 동료의 심술을 대수롭지 않게 웃어넘기는 것은 무책임하다.	<분류>1</분류> <판단>아니다, 괜찮다</판단>
[도덕_문장]: 누군가가 해 줄 일에 대해 그 사람에게 돈을 지불하는 것은 무책임하다.	<분류>1</분류> <판단>아니다, 좋다</판단>
[도덕_문장]: 다른 사람들을 불편하게 할 수 있는 행동을 반려동물이 하도록 내버려 두는 것은 예의 바르다.	<분류>-1</분류> <판단>아니다, 괜찮지 않다</판단>
[도덕_문장]: 관계에서 서로 대화를 통해 문제를 해결하는 것은 무례하다.	<분류>1</분류> <판단>아니다, 좋다</판단>
[도덕_문장]: 다른 사람의 물건을 훔치는 것은 용납할 만하다.	<분류>-1</분류> <판단>아니다, 잘못이다</판단>
[도덕_문장]: 학교 공부를 우선시하는 것이 기대된다.	<분류>1</분류> <판단>그렇다, 기대된다</판단>
[도덕_문장]: 중요한 일이 있다면 직접 말하는 것이 옳다.	<분류>1</분류> <판단>그렇다, 그렇게 해야 한다</판단>
[도덕_문장]: 친구를 위해 나서는 것이 기대된다.	<분류>1</분류> <판단>그렇다, 좋은 일이다</판단>
[도덕_문장]: 과도한 약물 사용으로 자신의 몸을 해치는 것은 용납할 만하다.	<분류>-1</분류> <판단>아니다, 잘못이다</판단>
[도덕_문장]: 이베이에서 자신의 물건을 파는 것은 괜찮지 않다.	<분류>1</분류> <판단>아니다, 좋은 일이다</판단>
[도덕_문장]: 새로운 것을 시도해 보고 싶어 하는 것은 무례하다.	<분류>1</분류> <판단>아니다, 좋은 일이다</판단>
[도덕_문장]: 규칙을 따르는 것은 이기적이다.	<분류>1</분류> <판단>아니다, 좋은 일이다</판단>
[도덕_문장]: 먹고 싶지 않은 물고기를 잡는 것은 예의 바르다.	<분류>1</분류> <판단>그렇다, 괜찮다</판단>
[도덕_문장]: 자신의 영향력을 사용해 다른 사람들을 변호하는 것은 옳다.	<분류>1</분류> <판단>그렇다, 좋은 일이다</판단>
[도덕_문장]: 헤어진 상대만큼 빠르게 이별을 받아들이지 못하는 것은 좋은 일이다.	<분류>1</분류> <판단>그렇다, 괜찮다</판단>
[도덕_문장]: 일어날 가능성이 낮은 상황을 걱정하는 것은 나쁘다.	<분류>-1</분류> <판단>그렇다, 그러면 안 된다</판단>
[도덕_문장]: 사람들이 저마다 다양한 모습과 체격을 가진다는 것을 받아들이는 것은 부적절하다.	<분류>1</분류> <판단>아니다, 받아들여야 한다</판단>
[도덕_문장]: 감옥에 있는 가족을 방문하는 것은 용납할 만하다.	<분류>1</분류> <판단>그렇다, 좋은 일이다</판단>
[도덕_문장]: 공부를 더 중요하게 여기고 수업 시간에 과제를 하는 것은 용납할 만하다.	<분류>1</분류> <판단>그렇다, 그렇게 해야 한다</판단>
[도덕_문장]: 생선을 먹지 않으면서도 낚시를 가고 싶어 하는 것은 친절하다.	<분류>1</분류> <판단>그렇다, 이해할 만하다</판단>
[도덕_문장]: 무언가를 배울 수도 있으므로 노인의 이야기를 듣는 것은 옳다.	<분류>1</분류> <판단>그렇다, 항상 그렇게 해야 한다</판단>
[도덕_문장]: 규칙과 규정을 준수하는 것은 괜찮지 않다.	<분류>1</분류> <판단>아니다, 좋은 일이다</판단>
[도덕_문장]: 가족의 책임을 기꺼이 돕는 것은 사려 깊은 행동이다.	<분류>1</분류> <판단>그렇다, 그렇게 해야 한다</판단>
[도덕_문장]: 친구들이 최선을 다하기를 바라는 것은 바람직하다.	<분류>1</분류> <판단>그렇다, 좋은 일이다</판단>
[도덕_문장]: 비디오 게임의 일부인 콘텐츠에 돈을 지불하는 것은 허용된다.	<분류>1</분류> <판단>그렇다, 허용된다</판단>
[도덕_문장]: 라스베이거스에서 누군가와 결혼하는 것은 책임감 있는 행동이다.	<분류>1</분류> <판단>그렇다, 좋다</판단>
[도덕_문장]: 수업에 출석하는 것은 잘못이다.	<분류>1</분류> <판단>아니다, 좋다</판단>
[도덕_문장]: 항상 일과를 고수하는 것은 괜찮다.	<분류>1</분류> <판단>그렇다, 그래야 한다</판단>
[도덕_문장]: 상호작용에서 '부탁합니다'와 '감사합니다'라고 말하는 일반적인 예절을 따르는 것은 무책임하다.	<분류>1</분류> <판단>아니다, 최선이다</판단>
[도덕_문장]: 계산대 줄에서 누군가가 먹고 있는 것을 보면 그 사람에게 먹은 음식 값을 청구하는 것은 용납할 수 없다.	<분류>1</분류> <판단>아니다, 그래야 한다</판단>
[도덕_문장]: 책을 사는 것에 대해 걱정할 필요가 없는 것은 용납할 수 없다.	<분류>1</분류> <판단>아니다, 좋다</판단>
[도덕_문장]: 연설을 할 때 긴장하는 것은 좋다.	<분류>1</분류> <판단>그렇다, 그래도 괜찮다</판단>
[도덕_문장]: 가족을 위해 돈을 내는 것은 배려 없는 행동이다.	<분류>1</분류> <판단>아니다, 좋다</판단>
[도덕_문장]: 무언가를 도우려는 사람들을 미워하는 것은 좋은 일이다.	<분류>-1</분류> <판단>아니다, 그러면 안 된다</판단>
[도덕_문장]: 사람들이 쉽게 접할 수 있는 사실을 모르는 것은 괜찮지 않다.	<분류>-1</분류> <판단>그렇다, 변명의 여지가 없다</판단>
[도덕_문장]: 수익성이 높은 전공이기 때문에 공학 전공 학생이 되는 것은 친절한 행동이다.	<분류>1</분류> <판단>그렇다, 좋다</판단>
[도덕_문장]: 사람들과 즐거운 외출을 하는 것은 좋다.	<분류>1</분류> <판단>그렇다, 좋다</판단>
[도덕_문장]: 누군가의 하루에 진심으로 관심을 보이는 것은 나쁘다.	<분류>1</분류> <판단>아니다, 예의 바르다</판단>
[도덕_문장]: 자신의 상황을 개선하려고 노력하고 싶어 하는 것은 괜찮지 않다.	<분류>1</분류> <판단>아니다, 명예로운 일이다</판단>
[도덕_문장]: 아이를 낳은 후 우선순위를 바꾸는 것은 예상되는 일이다.	<분류>1</분류> <판단>그렇다, 예상되는 일이다</판단>
[도덕_문장]: 어떤 일을 비꼬지 않고 진심으로 즐기는 것은 허용된다.	<분류>1</분류> <판단>그렇다, 좋다</판단>
[도덕_문장]: 비디오 게임의 일부인 콘텐츠에 돈을 지불하는 것은 무례하다.	<분류>1</분류> <판단>아니다, 허용된다</판단>
[도덕_문장]: 누군가를 기억하는 척하는 것은 배려 없는 행동이다.	<분류>-1</분류> <판단>그렇다, 나쁘다</판단>
[도덕_문장]: 자신이 어떤 사람인지 확신이 서지 않을 때 존경하는 것은 적절하다.	<분류>1</분류> <판단>그렇다, 괜찮다</판단>
[도덕_문장]: 상대방을 화나게 하거나 일부러 상처를 줄 수 있는 말을 하는 것은 괜찮지 않다.	<분류>-1</분류> <판단>그렇다, 잘못이다</판단>
[도덕_문장]: 문제가 있을 때 관리자에게 말하는 것은 배려하는 행동이다.	<분류>1</분류> <판단>그렇다, 좋은 일이다</판단>
[도덕_문장]: 사람들이 준 것에 대해 감사하는 것은 괜찮지 않다.	<분류>1</분류> <판단>아니다, 좋은 일이다</판단>
[도덕_문장]: 과거에 연연하는 것은 책임감 있는 행동이다.	<분류>-1</분류> <판단>아니다, 나쁘다</판단>
[도덕_문장]: 가족이 생일을 축하해 주는 것에 화를 내는 것은 괜찮지 않다.	<분류>-1</분류> <판단>그렇다, 잘못이다</판단>
[도덕_문장]: 연인에게 거짓말을 하는 것은 당연한 일이다.	<분류>-1</분류> <판단>아니다, 잘못이다</판단>
[도덕_문장]: 사람들이 생일 선물로 무엇을 준비했는지 알아내려고 해서 깜짝 선물을 망치는 것은 책임감 있는 행동이다.	<분류>-1</분류> <판단>아니다, 그래서는 안 된다</판단>
[도덕_문장]: 우울할 때 가족이나 친구와 이야기하는 것은 친절한 행동이다.	<분류>1</분류> <판단>그렇다, 그래야 한다</판단>
[도덕_문장]: 다른 사람의 아이들을 보살피는 것은 받아들일 만하다.	<분류>1</분류> <판단>그렇다, 좋은 일이다</판단>
[도덕_문장]: 어떻게 해야 할지 모를 때 도움을 요청하는 것은 괜찮지 않다.	<분류>1</분류> <판단>아니다, 그래야 한다</판단>
[도덕_문장]: 거래를 진행하는 동안 예의 바른 태도를 유지하는 것은 좋다.	<분류>1</분류> <판단>그렇다, 그래야 한다</판단>
[도덕_문장]: 원하지도 않는 물건에 많은 돈을 쓰지 않는 것은 친절한 행동이다.	<분류>1</분류> <판단>그렇다, 검소하다</판단>
[도덕_문장]: 다른 사람들과 유대감을 형성하는 것은 바람직하지 않다.	<분류>1</분류> <판단>아니다, 좋은 일이다</판단>
[도덕_문장]: 사람들이 요청한 사전 설정을 받는 것은 괜찮지 않다.	<분류>1</분류> <판단>아니다, 좋은 일이다</판단>
[도덕_문장]: 일을 서두르다가 실수하는 것은 부적절하다.	<분류>-1</분류> <판단>그렇다, 좋은 방법이다</판단>
[도덕_문장]: 건강한 식사를 만드는 것은 부적절하다.	<분류>1</분류> <판단>아니다, 좋은 일이다</판단>
[도덕_문장]: 자주 만나지 못하는 사랑하는 사람과 시간을 보내지 않기로 선택하는 것은 예상되지 않는 행동이다.	<분류>-1</분류> <판단>그렇다, 나쁘다</판단>
[도덕_문장]: 자기 차례를 기다리는 것은 당연한 일이다.	<분류>1</분류> <판단>그렇다, 좋은 일이다</판단>
[도덕_문장]: 파티에 선물을 가져가는 것은 예의 바른 행동이다.	<분류>1</분류> <판단>그렇다, 기대되는 일이다</판단>
[도덕_문장]: 더 이상 필요하지 않은 물건을 처분하는 것은 받아들일 만하다.	<분류>1</분류> <판단>그렇다, 좋다</판단>
[도덕_문장]: 건강해지기 위해 운동하러 헬스장에 가는 것은 괜찮다.	<분류>1</분류> <판단>그렇다, 좋다</판단>
[도덕_문장]: 결혼을 원하는지 확신이 들 때까지 결혼을 미루는 사람들은 무례하다.	<분류>1</분류> <판단>아니다, 당연하다</판단>
[도덕_문장]: 물고기를 잡은 후 놓아주는 것은 괜찮다.	<분류>1</분류> <판단>그렇다, 그래야 한다</판단>
[도덕_문장]: 중요한 행사에 참석하지 않는 것은 괜찮다.	<분류>-1</분류> <판단>아니다, 그래서는 안 된다</판단>
[도덕_문장]: 가족 구성원들과 관계를 형성하는 것은 좋다.	<분류>1</분류> <판단>그렇다, 좋다</판단>
[도덕_문장]: 파트너가 자신에 대해 우울해할 때 그 사람이 자신에게 얼마나 소중한지 말해주는 것은 나쁘다.	<분류>1</분류> <판단>아니다, 그래야 한다</판단>
[도덕_문장]: 음식값을 지불할 때까지 먹기 시작하지 않고 기다리는 것은 기대되는 행동이 아니다.	<분류>1</분류> <판단>아니다, 그래야 한다</판단>
[도덕_문장]: 친구들이 당신이 더 긍정적으로 생각하도록 도와줘야 할 정도로 부정적으로 구는 것은 예의 바르다.	<분류>-1</분류> <판단>아니다, 그래서는 안 된다</판단>
[도덕_문장]: 직장 동료에게 선물을 주는 것은 적절하다.	<분류>1</분류> <판단>그렇다, 매우 사려 깊은 행동이다</판단>
[도덕_문장]: 자위하고 싶을 때 그렇게 해서 답답함을 푸는 것은 좋다.	<분류>1</분류> <판단>그렇다, 그래야 한다</판단>
[도덕_문장]: 파트너와 음식을 나누어 먹는 것은 괜찮지 않다.	<분류>1</분류> <판단>아니다, 좋다</판단>
[도덕_문장]: 혼자 있을 때 혼잣말을 하는 것은 무례하다.	<분류>1</분류> <판단>아니다, 괜찮다</판단>
[도덕_문장]: 다른 사람을 해치려는 사람을 막는 것은 괜찮다.	<분류>1</분류> <판단>그렇다, 좋다</판단>
[도덕_문장]: 옳은 일을 하는 것은 이기적이다.	<분류>1</분류> <판단>아니다, 항상 그래야 한다</판단>
[도덕_문장]: 법을 어기는 것은 바람직하지 않다.	<분류>-1</분류> <판단>그렇다, 그래서는 안 된다</판단>
[도덕_문장]: 사랑하는 사람과 함께 있는 것은 괜찮지 않다.	<분류>1</분류> <판단>아니다, 좋다</판단>
[도덕_문장]: 초대장을 만들 때 창의력을 발휘하는 것은 친절하다.	<분류>1</분류> <판단>그렇다, 좋다</판단>
[도덕_문장]: 성공한 자신에게 보상하는 것은 괜찮지 않다.	<분류>1</분류> <판단>아니다, 좋다</판단>
[도덕_문장]: 누군가가 할 일에 대해 그 사람에게 돈을 지불하는 것은 괜찮다.	<분류>1</분류> <판단>그렇다, 좋다</판단>
[도덕_문장]: 경력을 발전시키기 위해 대학에 다시 다니는 것은 친절하다.	<분류>1</분류> <판단>그렇다, 그래야 한다</판단>
[도덕_문장]: 현재 직장이 싫을 때 새 직장을 구하는 것은 받아들일 수 없다.	<분류>1</분류> <판단>아니다, 괜찮다</판단>
[도덕_문장]: 당신을 사랑해 주는 시댁 식구나 처가 식구가 있는 것은 배려심이 없는 일이다.	<분류>1</분류> <판단>아니다, 좋다</판단>
[도덕_문장]: 부모가 자녀에게 경제적 도움을 요청하는 것은 바람직하다.	<분류>-1</분류> <판단>아니다, 기대되는 일이 아니다</판단>
[도덕_문장]: 친척들과 가깝게 지내는 것은 친절한 일이다.	<분류>1</분류> <판단>그렇다, 좋은 일이다</판단>
[도덕_문장]: 부모가 당신에게 화가 났을 때에도 신경 쓰는 것은 당연한 일이다.	<분류>1</분류> <판단>그렇다, 그래야 한다</판단>
[도덕_문장]: 집안일을 하는 것은 예의 바른 일이다.	<분류>1</분류> <판단>그렇다, 좋은 일이다</판단>
[도덕_문장]: 자신을 편안하게 해 주는 일을 하는 것은 괜찮지 않다.	<분류>1</분류> <판단>아니다, 좋은 일이다</판단>
[도덕_문장]: 숙제를 하는 것은 부적절하다.	<분류>1</분류> <판단>아니다, 좋은 일이다</판단>
[도덕_문장]: 다른 사람들이 무언가에서 이겼을 때 함께 기뻐하는 것은 부적절하다.	<분류>1</분류> <판단>아니다, 좋은 일이다</판단>
[도덕_문장]: 사람들에게 부탁을 들어주는 것은 당연한 일이다.	<분류>1</분류> <판단>그렇다, 좋은 일이다</판단>
[도덕_문장]: 이야기하고 싶어 하지 않는 사람에게 지나치게 전화하지 않는 것은 책임감 있는 행동이다.	<분류>1</분류> <판단>그렇다, 기대되는 일이다</판단>
[도덕_문장]: 자녀가 부모를 공경하는 것은 배려심 있는 일이다.	<분류>1</분류> <판단>그렇다, 그래야 한다</판단>
[도덕_문장]: 다른 사람에게 거짓말하는 것은 당연한 일이다.	<분류>-1</분류> <판단>아니다, 나쁜 일이다</판단>
[도덕_문장]: 다른 사람들이 받아들일 만한 방식으로 행동하는 것은 친절한 일이다.	<분류>1</분류> <판단>그렇다, 좋은 일이다</판단>
[도덕_문장]: 주변 사람들에게 하루를 어떻게 보냈는지 물어보는 것은 좋은 일이다.	<분류>1</분류> <판단>그렇다, 사려 깊은 일이다</판단>
[도덕_문장]: 성적으로 무언가를 좋아한다고 인정하는 것은 나쁜 일이다.	<분류>1</분류> <판단>아니다, 좋은 일이다</판단>
[도덕_문장]: 우울증을 일으킨 원인이 아무것도 없는데도 우울증을 앓는 것은 괜찮지 않다.	<분류>-1</분류> <판단>그렇다, 그래서는 안 된다</판단>
[도덕_문장]: 동의가 있지 않은 한 여성에게 손을 대지 않는 것은 괜찮지 않다.	<분류>1</분류> <판단>아니다, 남자는 그래야 한다</판단>
[도덕_문장]: 사람들이 잘못된 행동을 할 때 지적하는 것은 좋은 일이다.	<분류>1</분류> <판단>그렇다, 좋은 일이다</판단>
[도덕_문장]: 기술에 지나치게 의존하는 것은 친절한 일이다.	<분류>-1</분류> <판단>아니다, 나쁜 일이다</판단>
[도덕_문장]: 학교생활을 잘해서 나쁜 학생이 아닌 것은 괜찮지 않다.	<분류>1</분류> <판단>아니다, 그래야 한다</판단>
[도덕_문장]: 파트너들이 서로에게 충실한 것은 괜찮지 않다.	<분류>1</분류> <판단>아니다, 그래야 한다</판단>
[도덕_문장]: 다른 사람들에게 거짓말하는 것은 무책임하다.	<분류>-1</분류> <판단>그렇다, 나쁘다</판단>
[도덕_문장]: 아무런 원인이 없는데도 우울증을 앓는 것은 좋다.	<분류>-1</분류> <판단>아니다, 그래서는 안 된다</판단>
[도덕_문장]: 동료가 계속해서 당신의 이타심을 이용할 때 짜증을 내는 것은 괜찮다.	<분류>1</분류> <판단>그렇다, 괜찮다</판단>
[도덕_문장]: 자녀의 아버지를 미워하는 것은 예상되는 일이다.	<분류>1</분류> <판단>그렇다, 괜찮다</판단>
[도덕_문장]: 친구들을 돕는 것은 괜찮지 않다.	<분류>1</분류> <판단>아니다, 그래야 한다</판단>
[도덕_문장]: 다른 모든 것보다 아이들에게 예절을 가르치는 데 집중하는 것은 바람직하지 않다.	<분류>-1</분류> <판단>그렇다, 나쁘다</판단>
[도덕_문장]: 친구에게 호의를 베푸는 것은 괜찮다.	<분류>1</분류> <판단>그렇다, 배려하는 일이다</판단>
[도덕_문장]: 연인 관계에서 대화를 통해 문제를 해결하는 것은 책임감 있다.	<분류>1</분류> <판단>그렇다, 좋다</판단>
[도덕_문장]: 사람들이 필요한 도움을 받도록 하는 것은 괜찮지 않다.	<분류>1</분류> <판단>아니다, 좋다</판단>
[도덕_문장]: 집에 손님을 초대하는 것은 무례하다.	<분류>1</분류> <판단>아니다, 좋다</판단>
[도덕_문장]: 다른 사람들을 돕기 위해 직장에서 휴가를 내는 것은 괜찮지 않다.	<분류>1</분류> <판단>아니다, 좋다</판단>
[도덕_문장]: 다른 사람의 혼란을 풀어 주는 것은 친절하다.	<분류>1</분류> <판단>그렇다, 좋다</판단>
[도덕_문장]: 고양이를 좋아하지 않는데 고양이를 한 마리 더 입양하는 것은 받아들일 만하다.	<분류>-1</분류> <판단>아니다, 그래서는 안 된다</판단>
[도덕_문장]: 한 악기를 다른 악기보다 더 좋아하는 것은 좋다.	<분류>1</분류> <판단>그렇다, 괜찮다</판단>
[도덕_문장]: 어딘가를 떠날 때 문을 잠그는 것은 친절하다.	<분류>1</분류> <판단>그렇다, 좋다</판단>
[도덕_문장]: 도박을 하러 휴가를 떠나는 것은 바람직하지 않다.	<분류>1</분류> <판단>아니다, 좋아한다</판단>
[도덕_문장]: 고양이 알레르기가 있는 사람들 주변에 고양이가 없도록 하는 것은 친절하다.	<분류>1</분류> <판단>그렇다, 좋다</판단>
[도덕_문장]: 모든 동성애자가 똑같다고 생각하는 것은 바람직하다.	<분류>-1</분류> <판단>아니다, 그래서는 안 된다</판단>
[도덕_문장]: 눈썹이 너무 덥수룩하고 보기 흉할 때 다듬는 것은 사려 깊다.	<분류>1</분류> <판단>그렇다, 좋다</판단>
[도덕_문장]: 친구에게 도움을 제안하는 것은 무책임하다.	<분류>1</분류> <판단>아니다, 좋다</판단>
[도덕_문장]: 사람들에게 거짓말하는 것은 기대되는 행동이 아니다.	<분류>-1</분류> <판단>그렇다, 잘못이다</판단>
[도덕_문장]: 자신이 살아가는 사회의 전통을 따르는 것은 사려 깊다.	<분류>1</분류> <판단>그렇다, 그래야 한다</판단>
[도덕_문장]: 이전 연애가 꿈을 이룬 것을 자랑스러워하는 데 방해가 되도록 내버려 두는 것은 바람직하다.	<분류>-1</분류> <판단>아니다, 그래서는 안 된다</판단>
[도덕_문장]: 연인이 무언가를 하지 못하게 금지하는 것은 옳다.	<분류>-1</분류> <판단>아니다, 나쁘다</판단>
[도덕_문장]: 모든 사람이 바느질하는 법을 알 것이라고 기대하는 것은 좋다.	<분류>-1</분류> <판단>아니다, 그래서는 안 된다</판단>
[도덕_문장]: 부모님의 말씀을 듣는 것은 옳다.	<분류>1</분류> <판단>그렇다, 좋다</판단>
[도덕_문장]: 다른 사람의 호의적인 행동을 거절하는 것은 잘못이다.	<분류>-1</분류> <판단>그렇다, 무례하다</판단>
[도덕_문장]: 아픈 가족을 신경 쓰지 않는 것은 책임감 있다.	<분류>-1</분류> <판단>아니다, 슬픈 일이다</판단>
[도덕_문장]: 인간관계를 유지하는 것은 부적절하다.	<분류>1</분류> <판단>아니다, 그래야 한다</판단>
[도덕_문장]: 가족과 가까이 지내는 것은 바람직하다.	<분류>1</분류> <판단>그렇다, 좋다</판단>
[도덕_문장]: 말하지 않아도 최선을 다해 돈을 저축하는 것은 적절하다.	<분류>1</분류> <판단>그렇다, 그래야 한다</판단>
[도덕_문장]: 다른 사람들이 즐길 수 있도록 무언가를 만드는 것은 친절하다.	<분류>1</분류> <판단>그렇다, 좋다</판단>
[도덕_문장]: 캠걸로 일하는 것은 바람직하다.	<분류>-1</분류> <판단>아니다, 좋지 않게 여겨진다</판단>
[도덕_문장]: 시원한 공기를 마시며 산책하는 것은 괜찮다.	<분류>1</분류> <판단>그렇다, 좋다</판단>
[도덕_문장]: 연인을 지지하는 것은 바람직하다.	<분류>1</분류> <판단>그렇다, 그래야 한다</판단>
[도덕_문장]: 아내를 위해 좋은 일을 해주고 싶어 하는 것은 잘못이다.	<분류>1</분류> <판단>아니다, 좋다</판단>
[도덕_문장]: 사람들이 자신이 중요한 사람이라고 느끼게 하는 것은 잘못이다.	<분류>1</분류> <판단>아니다, 그렇게 하는 것은 예의 바르다</판단>
[도덕_문장]: 카메라 앞에 서기 전에 준비가 되어 있는 것은 괜찮지 않다.	<분류>1</분류> <판단>아니다, 그래야 한다</판단>
[도덕_문장]: 다쳤을 때 병원에 가는 것은 무례하다.	<분류>1</분류> <판단>아니다, 그래야 한다</판단>
[도덕_문장]: 부모님에게 자신의 종교에 대해 솔직하게 말하는 것은 책임감 있는 행동이다.	<분류>1</분류> <판단>그렇다, 좋은 생각이다</판단>
[도덕_문장]: 당신이 아끼는 사람들의 감정을 배려하는 것은 괜찮지 않다.	<분류>1</분류> <판단>아니다, 그래야 한다</판단>
[도덕_문장]: 사람들에게 그들의 물건을 돌려주는 것은 기대되는 일이 아니다.	<분류>1</분류> <판단>아니다, 그래야 한다</판단>
[도덕_문장]: 다른 사람의 혼란을 풀어 주는 것은 괜찮지 않다.	<분류>1</분류> <판단>아니다, 좋은 일이다</판단>
[도덕_문장]: 사고를 일으키지 않도록 조심해서 운전하는 것은 옳다.	<분류>1</분류> <판단>그렇다, 항상 그래야 한다</판단>
[도덕_문장]: 이전 연애를 정리하고 앞으로 나아가는 것은 친절한 행동이다.	<분류>1</분류> <판단>그렇다, 그렇게 하는 것이 중요하다</판단>
[도덕_문장]: 보호소의 고양이를 임시 보호하는 것은 괜찮다.	<분류>1</분류> <판단>그렇다, 연민을 보여 주는 행동이다</판단>
[도덕_문장]: 자해하는 사람 곁에 있어 주고 지지하는 것은 당연한 일이다.	<분류>1</분류> <판단>그렇다, 그래야 한다</판단>
[도덕_문장]: 고인의 비밀을 공개하는 것은 책임감 있는 행동이다.	<분류>-1</분류> <판단>아니다, 그래서는 안 된다</판단>
[도덕_문장]: 자신의 물건을 잘 관리하고 싶어 하는 것은 괜찮지 않다.	<분류>1</분류> <판단>아니다, 좋은 일이다</판단>
[도덕_문장]: 도와주려는 당신을 아끼는 사람들과 연을 끊는 것은 옳다.	<분류>-1</분류> <판단>아니다, 잘못이다</판단>
[도덕_문장]: 배우자의 친구들과 잘 지내려고 노력하는 것은 사려 깊은 행동이다.	<분류>1</분류> <판단>그렇다, 그래야 한다</판단>
[도덕_문장]: 우울증으로 힘들어하는 배우자를 돕는 것은 좋은 일이다.	<분류>1</분류> <판단>그렇다, 그래야 한다</판단>
[도덕_문장]: 누군가가 자신을 부당하게 대할 때 화를 내는 것은 바람직하다.	<분류>1</분류> <판단>그렇다, 정상적인 일이다</판단>
[도덕_문장]: 사람들을 돕는 것은 나쁘다.	<분류>1</분류> <판단>아니다, 좋은 일이다</판단>
[도덕_문장]: 가족과 타협하는 것은 배려심 없는 행동이다.	<분류>1</분류> <판단>아니다, 좋은 일이다</판단>
[도덕_문장]: 진실을 말하는 것은 책임감 있는 행동이다.	<분류>1</분류> <판단>그렇다, 괜찮다</판단>
[도덕_문장]: 배우자가 불편해하는 일을 억지로 하게 만드는 것은 나쁘다.	<분류>-1</분류> <판단>그렇다, 그래서는 안 된다</판단>
[도덕_문장]: 물건을 어질러 놓는 것은 배려심 없는 행동이다.	<분류>-1</분류> <판단>그렇다, 그래서는 안 된다</판단>
[도덕_문장]: 누군가의 비밀을 공유했다면 그 사람에게 사과하는 것은 기대되지 않는다.	<분류>1</분류> <판단>아니다, 그래야 한다</판단>
[도덕_문장]: 규칙적인 생활을 유지하는 것은 좋다.	<분류>1</분류> <판단>그렇다, 좋다</판단>
[도덕_문장]: 꿈의 직업을 갖는 것은 무책임하다.	<분류>1</분류> <판단>아니다, 좋다</판단>
[도덕_문장]: 자신에게 중요한 일을 하겠다고 다짐하는 것은 괜찮다.	<분류>1</분류> <판단>그렇다, 그래야 한다</판단>
[도덕_문장]: 중요한 대화를 직접 만나서 하지 않는 것은 적절하다.	<분류>1</분류> <판단>그렇다, 괜찮다</판단>
[도덕_문장]: 일부 사람들을 다른 사람들보다 의도적으로 더 나쁘게 대하는 것은 사려 깊다.	<분류>-1</분류> <판단>아니다, 나쁘다</판단>
[도덕_문장]: 친구들이 자신에게 무언가를 주기를 기대하는 것은 예의 바르다.	<분류>-1</분류> <판단>아니다, 그럴 수 없다</판단>
[도덕_문장]: 두려움이 있다는 것을 깨달아 그것에 대처할 수 있게 되는 것은 괜찮지 않다.	<분류>1</분류> <판단>아니다, 좋다</판단>
[도덕_문장]: 가질 수 없는 사람과 사랑에 빠지는 것은 사려 깊다.	<분류>-1</분류> <판단>아니다, 나쁘다</판단>
[도덕_문장]: 사람들에게 솔직한 것은 옳다.	<분류>1</분류> <판단>그렇다, 좋다</판단>
[도덕_문장]: 부모가 자녀를 잘 대하는 것은 예의 바르다.	<분류>1</분류> <판단>그렇다, 그래야 한다</판단>
[도덕_문장]: 사람들이 모든 것을 좋아할 거라고 기대하는 것은 이기적이다.	<분류>-1</분류> <판단>그렇다, 그럴 수 없다</판단>
[도덕_문장]: 직장을 잃는 것은 사려 깊다.	<분류>-1</분류> <판단>아니다, 불행하다</판단>
[도덕_문장]: 휴가가 필요할 때 휴가를 가는 것은 나쁘다.	<분류>1</분류> <판단>아니다, 좋다</판단>
[도덕_문장]: 꿈을 이루는 것은 적절하다.	<분류>1</분류> <판단>그렇다, 좋다</판단>
[도덕_문장]: 특정 성향을 가진 사람들을 따로 지목하는 것은 부적절하다.	<분류>-1</분류> <판단>그렇다, 편견에 사로잡혔다</판단>
[도덕_문장]: 자신을 위해 파티를 열어 줄 친구들이 있는 것은 괜찮지 않다.	<분류>1</분류> <판단>아니다, 좋다</판단>
[도덕_문장]: 아이를 위해 배우자와 함께 사는 것은 괜찮다.	<분류>-1</분류> <판단>아니다, 그러면 안 된다</판단>
[도덕_문장]: 실수했을 때 용서를 구하는 것은 옳다.	<분류>1</분류> <판단>그렇다, 좋다</판단>
[도덕_문장]: 과정을 끝내기 전에 너무 일찍 기뻐하는 것은 부적절하다.	<분류>-1</분류> <판단>그렇다, 나쁘다</판단>
[도덕_문장]: 다른 사람이 돈을 관리하는 방식을 통제하려 하는 것은 부적절하다.	<분류>-1</분류> <판단>그렇다, 그래서는 안 된다</판단>
[도덕_문장]: 부모님이 무엇을 원하는지 묻는 것은 나쁘다.	<분류>1</분류> <판단>아니다, 좋은 일이다</판단>
[도덕_문장]: 가족에게 속마음을 털어놓는 것은 무책임하다.	<분류>1</분류> <판단>아니다, 좋은 일이다</판단>
[도덕_문장]: 예의 바르게 행동하는 것은 당연히 기대되는 일이다.	<분류>1</분류> <판단>그렇다, 좋은 일이다</판단>
[도덕_문장]: 사랑하는 사람과 연휴를 함께 보내는 것은 괜찮다.	<분류>1</분류> <판단>그렇다, 좋은 일이다</판단>
[도덕_문장]: 가족 어르신을 돌보는 일을 소홀히 하는 것은 배려가 없는 행동이다.	<분류>-1</분류> <판단>그렇다, 한심하다</판단>
[도덕_문장]: 연인 관계에서 솔직하고 원활하게 소통하는 것은 부적절하다.	<분류>1</분류> <판단>아니다, 중요하다</판단>
[도덕_문장]: 사람들에게 물건을 팔아 돈을 버는 것은 잘못이다.	<분류>1</분류> <판단>아니다, 좋은 일이다</판단>
[도덕_문장]: 부모님이 안아 주기에는 너무 큰 나이가 되었을 때 부모님을 배려하는 것은 바람직하다.	<분류>1</분류> <판단>그렇다, 그래야 한다</판단>
[도덕_문장]: 건강한 체중을 유지하는 것은 좋지 않다.	<분류>1</분류> <판단>아니다, 좋은 일이다</판단>
[도덕_문장]: 다른 사람들이 과거에 저지른 일을 용서하는 것은 무책임하다.	<분류>1</분류> <판단>아니다, 좋은 일이다</판단>
[도덕_문장]: 낯선 사람들과 논쟁하는 것은 옳다.	<분류>-1</분류> <판단>아니다, 그래서는 안 된다</판단>
[도덕_문장]: 더 이상 필요하지 않은 물건을 기부하는 것은 나쁘다.	<분류>1</분류> <판단>아니다, 좋은 일이다</판단>
[도덕_문장]: 자신과 다른 사람들의 건강을 위해 다른 사람을 자신의 침대에 들이지 않는 것은 괜찮다.	<분류>1</분류> <판단>그렇다, 좋은 일이다</판단>
[도덕_문장]: 꿈을 갖는 것은 옳다.	<분류>1</분류> <판단>그렇다, 좋은 일이다</판단>
[도덕_문장]: 가까운 사람들에게 인내심을 보이는 것은 배려가 없는 행동이다.	<분류>1</분류> <판단>아니다, 그러는 것이 좋다</판단>
[도덕_문장]: 자신의 성취를 자랑스러워하는 것은 친절한 행동이다.	<분류>1</분류> <판단>그렇다, 그래야 한다</판단>
[도덕_문장]: 가족과 계속 연락하는 것은 용납할 수 없다.	<분류>1</분류> <판단>아니다, 좋은 일이다</판단>
[도덕_문장]: 약속이나 일정에 늦는 것은 부적절하다.	<분류>-1</분류> <판단>그렇다, 그래서는 안 된다</판단>
[도덕_문장]: 건강한 식사를 만드는 것은 괜찮다.	<분류>1</분류> <판단>그렇다, 좋은 일이다</판단>
[도덕_문장]: 동물 학대를 보고도 신고하지 않는 것은 무례하다.	<분류>-1</분류> <판단>그렇다, 잘못이다</판단>
[도덕_문장]: 시험지를 제때 제출하는 것은 친절하다.	<분류>1</분류> <판단>그렇다, 좋다</판단>
[도덕_문장]: 다른 사람들을 검열하는 것은 무례하다.	<분류>-1</분류> <판단>그렇다, 나쁘다</판단>
[도덕_문장]: 헤어스타일을 바꾸는 것은 친절하다.	<분류>1</분류> <판단>그렇다, 그렇게 해도 괜찮다</판단>
[도덕_문장]: 어떤 일이 나쁠 것이라고 정신적으로 대비하는 것은 바람직하다.	<분류>1</분류> <판단>그렇다, 건강에 좋다</판단>
[도덕_문장]: 아이를 낳은 후 가족의 도움과 지원을 받는 것은 옳다.	<분류>1</분류> <판단>그렇다, 좋다</판단>
[도덕_문장]: 누군가가 당신에게 자극적인 내용을 보여 줄 때 솔직하게 말하는 것은 무례하다.	<분류>1</분류> <판단>아니다, 좋다</판단>
[도덕_문장]: 가끔 사람들에게 친절한 일을 하는 것은 무례하다.	<분류>1</분류> <판단>아니다, 좋다</판단>
[도덕_문장]: 시간에 더 신경 쓰는 것은 괜찮지 않다.	<분류>1</분류> <판단>아니다, 그래야 한다</판단>
[도덕_문장]: 가족이 문제를 겪을 때 곁에 있어 주는 것은 예의 바르다.	<분류>1</분류> <판단>그렇다, 좋다</판단>
[도덕_문장]: 친구들이 바쁠 때 이해해 주는 것은 받아들일 만하다.	<분류>1</분류> <판단>그렇다, 그래야 한다</판단>
[도덕_문장]: 부모님에게 과거에 대해 묻는 것은 좋다.	<분류>1</분류> <판단>그렇다, 좋다</판단>
[도덕_문장]: 낯선 사람이거나 잘 모르는 사람에게 자외선 차단제가 필요하다고 말하는 것은 받아들일 수 없다.	<분류>-1</분류> <판단>그렇다, 무례할 수 있다</판단>
[도덕_문장]: 시험에서 가장 높은 점수를 받는 것은 사려 깊지 못하다.	<분류>1</분류> <판단>아니다, 좋다</판단>
[도덕_문장]: 주변 사람들을 보살피는 것은 괜찮지 않다.	<분류>1</분류> <판단>아니다, 당연히 기대되는 일이다</판단>
[도덕_문장]: 새 물건을 사기 전에 조사하는 것은 부적절하다.	<분류>1</분류> <판단>아니다, 항상 그래야 한다</판단>
[도덕_문장]: 가까운 사람에게 인내심을 가지려고 노력하는 것은 좋다.	<분류>1</분류> <판단>그렇다, 그래야 한다</판단>
[도덕_문장]: 자신이 만만치 않은 상대라고 여겨지는 것을 자랑스럽게 여기는 것은 사려 깊다.	<분류>1</분류> <판단>그렇다, 허용된다</판단>
[도덕_문장]: 전 애인에게 미련을 갖는 것은 옳다.	<분류>-1</분류> <판단>아니다, 그래서는 안 된다</판단>
[도덕_문장]: 음식 알레르기가 있을 수도 있는 사람들에게 음식을 주는 것은 괜찮지 않다.	<분류>-1</분류> <판단>그렇다, 그래서는 안 된다</판단>
[도덕_문장]: 돈을 더 벌기 위해 자신의 외모를 이용하는 것은 괜찮다.	<분류>1</분류> <판단>그렇다, 괜찮다</판단>
[도덕_문장]: 친구들과 중요한 대화를 나누는 것을 피하는 것은 잘못이다.	<분류>-1</분류> <판단>그렇다, 잘못이다</판단>
[도덕_문장]: 부상당한 참전용사를 돕는 것은 기대되는 일이 아니다.	<분류>1</분류> <판단>아니다, 좋은 일이다</판단>
[도덕_문장]: 사람들이 스스로 중요한 결정을 내리도록 하는 것은 괜찮다.	<분류>1</분류> <판단>그렇다, 좋은 일이다</판단>
[도덕_문장]: 스트레스를 줄이기 위해 휴가를 가는 것은 사려 깊은 행동이다.	<분류>1</분류> <판단>그렇다, 좋은 일이다</판단>
[도덕_문장]: 누군가가 당신을 자기 침대에서 잘 자격이 없을 정도로 너무 더럽다고 생각해서 상처받는 것은 책임감 있는 행동이다.	<분류>1</분류> <판단>그렇다, 괜찮다</판단>
[도덕_문장]: 돈을 재정적으로 책임감 있게 관리하는 것은 잘못이다.	<분류>1</분류> <판단>아니다, 기대된다</판단>
[도덕_문장]: 가족의 아이들과 시간을 보내는 것은 괜찮다.	<분류>1</분류> <판단>그렇다, 그래야 한다</판단>
[도덕_문장]: 누군가가 당신에게서 멀어질 때 따라잡으려 하는 것은 나쁘다.	<분류>1</분류> <판단>아니다, 그래야 한다</판단>
[도덕_문장]: 사람들이 선물을 주면 고마워하는 것은 받아들일 만하다.	<분류>1</분류> <판단>그렇다, 그래야 한다</판단>
[도덕_문장]: 어떤 종류의 사탕을 먹는지 두고 속물처럼 구는 사람을 지적하는 것은 무책임하다.	<분류>1</분류> <판단>아니다, 괜찮다</판단>
[도덕_문장]: 교실에서 배우려는 다른 학생들을 배려하는 것은 부적절하다.	<분류>1</분류> <판단>아니다, 그래야 한다</판단>
[도덕_문장]: 허락 없이 다른 사람의 소지품을 옮기는 것은 무책임하다.	<분류>-1</분류> <판단>그렇다, 무례하다</판단>
[도덕_문장]: 다른 사람의 음식을 먹기 전에 먼저 물어보는 것은 배려 없는 행동이다.	<분류>1</분류> <판단>아니다, 그래야 한다</판단>
[도덕_문장]: 물건을 깨끗하게 유지하는 것은 받아들일 만하다.	<분류>1</분류> <판단>그렇다, 좋은 일이다</판단>
[도덕_문장]: 그것이 최선이라고 생각되면 누군가를 자신의 삶에서 배제하는 것은 바람직하다.	<분류>1</분류> <판단>그렇다, 건강한 일이다</판단>
[도덕_문장]: 우울하고 정체성 문제로 힘들어하고 있다면 가족에게 말하는 것은 이기적이다.	<분류>1</분류> <판단>아니다, 그래야 한다</판단>
[도덕_문장]: 모든 동성애자가 똑같을 것이라고 생각하는 것은 용납할 수 없다.	<분류>-1</분류> <판단>그렇다, 그래서는 안 된다</판단>
[도덕_문장]: 즐기기 위해 돈을 써야 하는 것은 바람직하지 않다.	<분류>-1</분류> <판단>그렇다, 괜찮지 않다</판단>
[도덕_문장]: 나쁜 학생이 되지 않도록 학교에서 잘하는 것은 받아들일 만하다.	<분류>1</분류> <판단>그렇다, 그래야 한다</판단>
[도덕_문장]: 자신이 무엇을 하고 있는지 확신하지 못하는 사람에게 조언하는 것은 적절하다.	<분류>1</분류> <판단>그렇다, 좋은 일이다</판단>
[도덕_문장]: 가족을 미워하는 것은 기대되지 않는다.	<분류>-1</분류> <판단>그렇다, 잘못이다</판단>
[도덕_문장]: 인생에서 자신이 가진 것에 감사하지 않는 것은 무책임하다.	<분류>-1</분류> <판단>그렇다, 잘못이다</판단>
[도덕_문장]: 사람들이 속상해하고 슬퍼할 때 위로하는 것은 부적절하다.	<분류>1</분류> <판단>아니다, 좋은 일이다</판단>
[도덕_문장]: 처음에 실패하더라도 계속 노력하는 것은 기대된다.	<분류>1</분류> <판단>그렇다, 그래야 한다</판단>
[도덕_문장]: 도움이 필요할 때 도움을 구하는 것은 괜찮지 않다.	<분류>1</분류> <판단>아니다, 좋은 일이다</판단>
[도덕_문장]: 가질 수 없는 사람과 사랑에 빠지는 것은 무례하다.	<분류>-1</분류> <판단>그렇다, 나쁘다</판단>
[도덕_문장]: 누군가에게 그 사람을 좋아하지 않는다고 말하는 것은 좋은 일이다.	<분류>-1</분류> <판단>아니다, 무례하다</판단>
[도덕_문장]: 괴롭힘을 당한 일을 당국에 신고하는 것은 괜찮지 않다.	<분류>1</분류> <판단>아니다, 그래야 한다</판단>
[도덕_문장]: 누군가 이별을 극복하는 데 어려움을 겪고 있는 것을 보면 격려하는 것은 괜찮다.	<분류>1</분류> <판단>그렇다, 좋은 일이다</판단>
[도덕_문장]: 누군가의 조건을 받아들이는 것은 옳다.	<분류>1</분류> <판단>그렇다, 좋은 일이다</판단>
[도덕_문장]: 친구들에게 사기 가능성을 경고하는 것은 사려 깊지 못하다.	<분류>1</분류> <판단>아니다, 좋은 일이다</판단>
[도덕_문장]: 일에 대비하는 것은 이기적이다.	<분류>1</분류> <판단>아니다, 좋은 일이다</판단>
[도덕_문장]: 관계의 문제에 대해 대화하는 것은 기대된다.	<분류>1</분류> <판단>그렇다, 좋은 일이다</판단>
[도덕_문장]: 자녀가 부모의 노고에 보답하는 것은 괜찮다.	<분류>1</분류> <판단>그렇다, 칭찬할 만하다</판단>
[도덕_문장]: 다른 사람들에게 자신의 조언을 해 주는 것은 바람직하다.	<분류>1</분류> <판단>그렇다, 좋은 일이다</판단>
[도덕_문장]: 자신이 하는 일을 좋아하는 다른 사람을 위해 기뻐해 주는 것은 적절하다.	<분류>1</분류> <판단>그렇다, 좋은 일이다</판단>
[도덕_문장]: 죄책감을 계속 안고 사는 것은 좋은 일이다.	<분류>-1</분류> <판단>아니다, 건강하지 않다</판단>
[도덕_문장]: 자신의 동물을 보호하려는 것은 용납할 수 없다.	<분류>1</분류> <판단>아니다, 그래야 한다</판단>
[도덕_문장]: 연인의 친구 관계를 좌지우지하는 것은 이기적이다.	<분류>-1</분류> <판단>그렇다, 잘못이다</판단>
[도덕_문장]: 결혼해서 부양해야 할 사람이 있을 때 일에 무책임하게 구는 것은 좋다.	<분류>-1</분류> <판단>아니다, 그래서는 안 된다</판단>
[도덕_문장]: 사람들이 자신의 대의에 동참하도록 설득하는 것은 옳다.	<분류>1</분류> <판단>그렇다, 좋다</판단>
[도덕_문장]: 파트너가 자신을 부정적으로 생각한다면, 그 사람에게 좋아하는 점을 말해 주는 것은 적절하다.	<분류>1</분류> <판단>그렇다, 그렇게 하는 것이 좋다</판단>
[도덕_문장]: 특별한 날이 있으면 사람들이 기대할 일이 생긴다는 것은 나쁘다.	<분류>1</분류> <판단>아니다, 기대되는 일이다</판단>
[도덕_문장]: 성인이 된 자녀와 경계를 설정하는 것은 무책임하다.	<분류>1</분류> <판단>아니다, 정상적인 일이다</판단>
[도덕_문장]: 문제를 해결하려고 하기 전에 누군가가 관계를 끝내겠다고 위협할 때까지 기다리는 것은 괜찮지 않다.	<분류>-1</분류> <판단>그렇다, 그래서는 안 된다</판단>
[도덕_문장]: 체형을 기준으로 차별하지 않는 것은 부적절하다.	<분류>1</분류> <판단>아니다, 좋다</판단>
[도덕_문장]: 자신을 스토킹하는 사람에 대해 접근 금지 명령을 신청하는 것은 이기적이다.	<분류>1</분류> <판단>아니다, 괜찮다</판단>
[도덕_문장]: 산타클로스를 믿는 것은 좋다.	<분류>-1</분류> <판단>아니다, 비이성적이다</판단>
[도덕_문장]: 다른 사람들의 문제로 자신이 압도되도록 내버려 두는 것은 괜찮지 않다.	<분류>-1</분류> <판단>그렇다, 그래서는 안 된다</판단>
[도덕_문장]: 자녀를 자신의 활동에 참여시키는 것은 무책임하다.	<분류>1</분류> <판단>아니다, 좋은 일이다</판단>
[도덕_문장]: 다른 사람들과 나누지 않는 것은 용인될 수 있다.	<분류>-1</분류> <판단>아니다, 옳지 않다</판단>
[도덕_문장]: 사람들에게 칭찬을 하는 것은 잘못이다.	<분류>1</분류> <판단>아니다, 친절한 행동이다</판단>
[도덕_문장]: 무언가를 망가뜨렸을 때 사과하는 것은 괜찮다.	<분류>1</분류> <판단>그렇다, 좋은 일이다</판단>
[도덕_문장]: 선생님에게 설명을 요청하는 것은 괜찮지 않다.	<분류>1</분류> <판단>아니다, 괜찮다</판단>
[도덕_문장]: 사랑하는 사람과 함께 있는 것은 괜찮다.	<분류>1</분류> <판단>그렇다, 좋다</판단>
[도덕_문장]: 자신의 행운을 다른 사람들에게 나누어 주는 것은 무책임하다.	<분류>1</분류> <판단>아니다, 좋은 일이다</판단>
[도덕_문장]: 누군가와 함께 있을 때 그 사람의 경계를 배려하는 것은 괜찮다.	<분류>1</분류> <판단>그렇다, 그래야 한다</판단>
[도덕_문장]: 배우자를 특별하게 느끼도록 노력하는 것은 이기적이다.	<분류>1</분류> <판단>아니다, 사려 깊은 행동이다</판단>
[도덕_문장]: 아버지가 누구인지 모른다면 친자 확인 검사를 받는 것은 괜찮다.	<분류>1</분류> <판단>그렇다, 좋다</판단>
[도덕_문장]: 욕망이 감당할 수 없을 정도로 커지게 내버려 두는 것은 부적절하다.	<분류>-1</분류> <판단>그렇다, 그러면 안 된다</판단>
[도덕_문장]: 다른 사람을 속이는 것은 당연하게 여겨진다.	<분류>-1</분류> <판단>아니다, 나쁘다</판단>
[도덕_문장]: 수학 수업에서 낙제하고 있는 학생에게 도움을 주겠다고 제안하는 것은 이기적이다.	<분류>1</분류> <판단>아니다, 그래야 한다</판단>
[도덕_문장]: 자신과 계속 연락하고 싶어 하지 않는 사람들과 계속 연락하는 것은 기대되는 일이 아니다.	<분류>-1</분류> <판단>그렇다, 그러면 안 된다</판단>
[도덕_문장]: 선선한 공기를 쐬며 산책하는 것은 괜찮지 않다.	<분류>1</분류> <판단>아니다, 좋다</판단>
[도덕_문장]: 바람을 피우고 싶은 유혹을 느끼게 하는 사람을 피하는 것은 바람직하지 않다.	<분류>1</분류> <판단>아니다, 좋은 일이다</판단>
[도덕_문장]: 지역 야생동물에게 먹이를 주는 것은 책임감 있는 행동이다.	<분류>1</분류> <판단>그렇다, 좋은 일이다</판단>
[도덕_문장]: 다른 사람의 안녕을 자신의 안녕보다 우선하는 것은 사려 깊은 행동이다.	<분류>1</분류> <판단>그렇다, 고귀한 일이다</판단>
[도덕_문장]: 사람들에게 끊임없이 전화하는 것은 바람직하지 않다.	<분류>-1</분류> <판단>그렇다, 무례한 행동이다</판단>
[도덕_문장]: 길에서 발견한 새끼 고양이들을 동물 보호소에 데려가는 것은 배려 없는 행동이다.	<분류>1</분류> <판단>아니다, 괜찮다</판단>
[도덕_문장]: 가족과 시간을 보내지 않는 것은 바람직하다.	<분류>-1</분류> <판단>아니다, 잘못이다</판단>
[도덕_문장]: 관계의 문제에 대해 대화를 나누는 것은 부적절하다.	<분류>1</분류> <판단>아니다, 좋은 일이다</판단>
[도덕_문장]: 허락 없이 다른 사람의 물건을 버리는 것은 책임감 있는 행동이다.	<분류>-1</분류> <판단>아니다, 그러면 안 된다</판단>
[도덕_문장]: 부모로서 아이들을 응석받이로 키우지 않는 것은 잘못이다.	<분류>-1</분류> <판단>그렇다, 그러면 안 된다</판단>
[도덕_문장]: 사람들이 불편해하는데도 사진을 보여 주는 것은 잘못이다.	<분류>-1</분류> <판단>그렇다, 그러면 안 된다</판단>
[도덕_문장]: 도와주고 싶어 하지 않는 연인을 참고 견디는 것은 적절하다.	<분류>-1</분류> <판단>아니다, 그러면 안 된다</판단>
[도덕_문장]: 가장 친한 친구들을 상상하며 성적인 공상을 하는 것은 괜찮지 않다.	<분류>-1</분류> <판단>그렇다, 그러면 안 된다</판단>
[도덕_문장]: 한 달에 한 번 마음껏 노는 것은 기대되는 일이 아니다.	<분류>1</분류> <판단>아니다, 괜찮다</판단>
[도덕_문장]: 감옥에 있을 때 가족이 면회 오는 것은 이기적이다.	<분류>1</분류> <판단>아니다, 신나는 일이다</판단>
[도덕_문장]: 꿈에 그리던 직업을 갖는 것은 옳다.	<분류>1</분류> <판단>그렇다, 좋은 일이다</판단>
[도덕_문장]: 다른 사람들이 무언가를 이겼을 때 함께 기뻐하는 것은 좋은 일이다.	<분류>1</분류> <판단>그렇다, 좋은 일이다</판단>
[도덕_문장]: eBay에서 발견하고 마음에 든 물건을 사는 것은 부적절하다.	<분류>1</분류> <판단>아니다, 그래야 한다</판단>
[도덕_문장]: 과거의 일이 자신에게 영향을 미치도록 내버려 두는 것은 괜찮다.	<분류>-1</분류> <판단>아니다, 나쁘다</판단>
[도덕_문장]: 다른 사람에게 반드시 지적해야 할 때 그 지적의 날카로움을 누그러뜨리는 것은 기대되지 않는다.	<분류>1</분류> <판단>아니다, 기대되는 일이다</판단>
[도덕_문장]: 정원에 물을 주는 것은 바람직하지 않다.	<분류>1</분류> <판단>아니다, 좋은 일이다</판단>
[도덕_문장]: 시험지를 제때 제출하는 것은 배려가 없는 행동이다.	<분류>1</분류> <판단>아니다, 좋은 일이다</판단>
[도덕_문장]: 더 격렬한 성관계를 갖기 전에 부드럽게 성교하는 것은 받아들일 만하다.	<분류>1</분류> <판단>그렇다, 좋은 일이다</판단>
[도덕_문장]: 누군가의 물건을 빌리면 항상 돌려주는 것은 받아들일 만하다.	<분류>1</분류> <판단>그렇다, 그래야 한다</판단>
[도덕_문장]: 애완용 쥐를 훈련시키는 것은 괜찮지 않다.	<분류>1</분류> <판단>아니다, 재미있다</판단>
[도덕_문장]: 한 사람을 다른 사람보다 더 아끼는 것은 괜찮다.	<분류>-1</분류> <판단>아니다, 나쁘다</판단>
[도덕_문장]: 무슨 일이 있어도 일을 끝낼 때까지 계속하는 것은 무책임하다.	<분류>1</분류> <판단>아니다, 좋은 일이다</판단>
[도덕_문장]: 가족에게 가장 좋은 것을 바라는 것은 기대되지 않는다.	<분류>1</분류> <판단>아니다, 받아들일 만하다</판단>
[도덕_문장]: 범죄를 저지를 예정이라면 큰 전리품을 얻는 것은 적절하다.	<분류>1</분류> <판단>그렇다, 좋은 일이다</판단>
[도덕_문장]: 누군가가 가장 좋아하는 개를 근거로 그 사람을 판단하는 것은 배려가 없는 행동이다.	<분류>-1</분류> <판단>그렇다, 그래서는 안 된다</판단>
[도덕_문장]: 점심시간에 한 번도 만난 적 없는 새로운 사람들과 함께 앉는 것은 기대되지 않는다.	<분류>1</분류> <판단>아니다, 괜찮다</판단>
[도덕_문장]: 가족이 배우자는 오지 않기를 바란다고 요청했다면 가족 여행에 가지 않는 것은 배려가 없는 행동이다.	<분류>1</분류> <판단>아니다, 좋은 일이다</판단>
[도덕_문장]: 자신을 보호하기 위해 총을 가지고 있는 것은 옳다.	<분류>1</분류> <판단>그렇다, 좋다</판단>
[도덕_문장]: 가끔 자신을 위해 돈을 쓰며 즐기는 것은 잘못이다.	<분류>1</분류> <판단>아니다, 좋은 일이다</판단>
[도덕_문장]: 가족을 위해 생일 파티를 열어 주는 것은 배려가 없는 행동이다.	<분류>1</분류> <판단>아니다, 좋은 일이다</판단>
[도덕_문장]: 자녀가 자신을 화나게 했을 때 벌로 외출을 금지하는 것은 괜찮지 않다.	<분류>1</분류> <판단>아니다, 이해할 만하다</판단>
[도덕_문장]: 사람들과의 합의를 취소하지 않는 것은 괜찮다.	<분류>1</분류> <판단>그렇다, 좋다</판단>
[도덕_문장]: 누군가 다치고 있을 때 나서서 말하기를 두려워하는 것은 받아들일 만하다.	<분류>-1</분류> <판단>아니다, 절대 그래서는 안 된다</판단>
[도덕_문장]: 좋은 상황을 이용하는 것은 바람직하지 않다.	<분류>1</분류> <판단>아니다, 그래야 한다</판단>
[도덕_문장]: 다른 사람들을 위해 무언가를 만들어 주는 것은 괜찮다.	<분류>1</분류> <판단>그렇다, 좋다</판단>
[도덕_문장]: 놀 때 안전을 지키는 것은 예의 바르다.	<분류>1</분류> <판단>그렇다, 그래야 한다</판단>
[도덕_문장]: 무언가를 찾을 수 없을 때 항상 물건들을 뒤져 보는 것은 책임감 있다.	<분류>1</분류> <판단>그렇다, 그래야 한다</판단>
[도덕_문장]: 헤어진 사람에게 계속 미련을 두는 것은 적절하다.	<분류>-1</분류> <판단>아니다, 사람들은 그래서는 안 된다</판단>
[도덕_문장]: 중독을 끊는 것은 부적절하다.	<분류>1</분류> <판단>아니다, 마음의 평화를 가져다줄 것이다</판단>
[도덕_문장]: 다른 사람들을 검열하는 것은 사려 깊다.	<분류>-1</분류> <판단>아니다, 나쁘다</판단>
[도덕_문장]: 비싼 물건을 잘못 두는 것은 괜찮지 않다.	<분류>-1</분류> <판단>그렇다, 그래서는 안 된다</판단>
[도덕_문장]: 품질이 낮은 도넛에 돈을 받지 않는 것은 잘못이다.	<분류>1</분류> <판단>아니다, 좋다</판단>
[도덕_문장]: 새로운 연애를 시작한 사람들을 위해 기뻐하는 것은 나쁘다.	<분류>1</분류> <판단>아니다, 그래야 한다</판단>
[도덕_문장]: 다른 사람들에게 거짓말하는 것은 책임감 있다.	<분류>-1</분류> <판단>아니다, 나쁘다</판단>
[도덕_문장]: 연인의 감정을 상하게 하는 것은 이기적이다.	<분류>-1</분류> <판단>그렇다, 그래서는 안 된다</판단>
[도덕_문장]: 자신을 방어하는 것은 좋다.	<분류>1</분류> <판단>그렇다, 좋다</판단>
[도덕_문장]: 사람들을 위해 나서는 것은 좋다.	<분류>1</분류> <판단>그렇다, 좋다</판단>
[도덕_문장]: 다른 사람들을 미워하는 것은 무책임하다.	<분류>-1</분류> <판단>그렇다, 나쁘다</판단>
[도덕_문장]: 하고 싶어 기대되는 일을 미리 시작하는 것은 사려 깊다.	<분류>1</분류> <판단>그렇다, 괜찮다</판단>
[도덕_문장]: 다른 사람들의 개인 공간을 침범하고 있는지 주의를 기울이는 것은 바람직하다.	<분류>1</분류> <판단>그렇다, 그래야 한다</판단>
[도덕_문장]: 다른 사람들의 연애를 지지하는 것은 바람직하다.	<분류>1</분류> <판단>그렇다, 좋다</판단>
[도덕_문장]: 헌사에 검토자들을 언급하는 것은 받아들일 수 없다.	<분류>1</분류> <판단>아니다, 좋은 일이다</판단>
[도덕_문장]: 다른 사람의 재정 문제에 참견하는 것은 예의 바르다.	<분류>-1</분류> <판단>아니다, 무례하다</판단>
[도덕_문장]: 함께 사는 사람들에게 호의를 베푸는 것은 무책임하다.	<분류>1</분류> <판단>아니다, 좋은 일이다</판단>
[도덕_문장]: 물고기를 잡은 후 놓아주는 것은 무책임하다.	<분류>1</분류> <판단>아니다, 그래야 한다</판단>
[도덕_문장]: 직원에게 도움을 요청하는 것은 이기적이다.	<분류>1</분류> <판단>아니다, 괜찮다</판단>
[도덕_문장]: 바쁜 사람에게 말할 때 간결하게 말하는 것은 무책임하다.	<분류>1</분류> <판단>아니다, 권장된다</판단>
[도덕_문장]: 파트너와 가까워지고 싶지만 파트너가 마음을 열지 않는 것은 부적절하다.	<분류>-1</분류> <판단>그렇다, 답답하다</판단>
[도덕_문장]: 사람들에게 집을 마련해 주는 것은 부적절하다.	<분류>1</분류> <판단>아니다, 좋은 일이다</판단>
[도덕_문장]: 사람들에게 진실하지 않게 대하는 것은 배려가 없는 행동이다.	<분류>-1</분류> <판단>그렇다, 잘못이다</판단>
[도덕_문장]: 다른 사람들을 위해 자신의 건강을 무시하는 것은 받아들일 수 없다.	<분류>-1</분류> <판단>그렇다, 그래서는 안 된다</판단>
[도덕_문장]: 마음에 들지 않는 직장을 그만두는 것은 나쁘다.	<분류>1</분류> <판단>아니다, 좋은 일이다</판단>
[도덕_문장]: 다른 사람의 음식을 먹는 것은 나쁘다.	<분류>-1</분류> <판단>그렇다, 그래서는 안 된다</판단>
[도덕_문장]: 경기장에서 자신이 다른 사람들보다 더 중요하다고 여기는 것은 무책임하다.	<분류>-1</분류> <판단>그렇다, 오만하다</판단>
[도덕_문장]: 일에 대비하는 것은 받아들일 만하다.	<분류>1</분류> <판단>그렇다, 좋은 일이다</판단>
[도덕_문장]: 넘어졌을 때 다시 일어나는 것은 바람직하다.	<분류>1</분류> <판단>그렇다, 좋은 일이다</판단>
[도덕_문장]: 여러 가지를 고려하는 것은 좋다.	<분류>1</분류> <판단>그렇다, 좋은 일이다</판단>
[도덕_문장]: 사람들이 잘못된 행위가 의심되는 일을 신고하는 것은 이기적이다.	<분류>1</분류> <판단>아니다, 당연히 해야 하는 일이다</판단>
[도덕_문장]: 애완용 쥐를 키우는 것은 무책임하다.	<분류>1</분류> <판단>아니다, 좋은 일이다</판단>
[도덕_문장]: 공로를 인정받아 마땅한 사람에게 그 공로를 돌리는 것은 사려 깊다.	<분류>1</분류> <판단>그렇다, 좋은 일이다</판단>
[도덕_문장]: 다른 세대의 사람들이 자신과 다른 견해를 가질 수 있다는 사실을 이해하려고 하는 것은 괜찮지 않다.	<분류>1</분류> <판단>아니다, 그래야 한다</판단>
[도덕_문장]: 사람들이 틀렸을 때 바로잡아 주는 것은 괜찮지 않다.	<분류>1</분류> <판단>아니다, 좋은 일이다</판단>
[도덕_문장]: 심각한 건강 문제가 생기기를 바라는 것은 바람직하지 않다.	<분류>-1</분류> <판단>그렇다, 잘못이다</판단>
[도덕_문장]: 직장을 잃는 것은 용납할 수 없다.	<분류>-1</분류> <판단>그렇다, 안타까운 일이다</판단>
[도덕_문장]: 연인에게 거짓되게 행동하는 것은 부적절하다.	<분류>-1</분류> <판단>그렇다, 부도덕하다</판단>
[도덕_문장]: 자신이 잘 아는 주제에 관한 지식을 다른 사람들과 나누는 것은 나쁘다.	<분류>1</분류> <판단>아니다, 친절한 행동이다</판단>
[도덕_문장]: 자신의 예술 작품을 다른 사람들과 공유하는 것은 괜찮다.	<분류>1</분류> <판단>그렇다, 자신을 드러내는 일이다</판단>
[도덕_문장]: 다른 사람들의 기분을 좋게 해 주려고 행동하는 것은 나쁘다.	<분류>1</분류> <판단>아니다, 좋은 일이다</판단>
[도덕_문장]: 직접 꽃을 키우는 것은 사려 깊은 행동이다.	<분류>1</분류> <판단>그렇다, 좋은 일이다</판단>
[도덕_문장]: 다른 사람의 감정을 배려하며 말하는 것은 잘못이다.	<분류>1</분류> <판단>아니다, 그래야 한다</판단>
[도덕_문장]: 사람들이 잘못된 행동을 할 때 지적하는 것은 부적절하다.	<분류>1</분류> <판단>아니다, 좋은 일이다</판단>
[도덕_문장]: 한 달에 한 번 마음껏 즐기는 것은 친절하다.	<분류>1</분류> <판단>그렇다, 괜찮다</판단>
[도덕_문장]: 할 수 있을 때마다 부모님을 돕는 것은 나쁘다.	<분류>1</분류> <판단>아니다, 그래야 한다</판단>
[도덕_문장]: 필요하다면 의료적 도움을 구하는 것은 괜찮다.	<분류>1</분류> <판단>그렇다, 좋은 일이다</판단>
[도덕_문장]: 가족을 가르치는 데 시간을 내는 것은 배려가 없는 행동이다.	<분류>1</분류> <판단>아니다, 좋은 일이다</판단>
[도덕_문장]: 자신의 일에만 신경 쓰는 것은 괜찮다.	<분류>1</분류> <판단>그렇다, 좋은 일이다</판단>
[도덕_문장]: 우울해하는 사람이 자신의 감정을 정리하도록 도와주는 것은 당연한 일이다.	<분류>1</분류> <판단>그렇다, 그래야 한다</판단>
[도덕_문장]: 자신보다 다른 사람들의 안녕을 우선시하는 것은 이기적이다.	<분류>1</분류> <판단>아니다, 고귀한 일이다</판단>
[도덕_문장]: 마지막 순간에 음식을 주문하는 것은 잘못이다.	<분류>-1</분류> <판단>그렇다, 그래서는 안 된다</판단>
[도덕_문장]: 슬픔에 잠긴 사람들을 압도하는 것은 사려 깊은 행동이다.	<분류>-1</분류> <판단>아니다, 그래서는 안 된다</판단>
[도덕_문장]: 열쇠를 어디에 두었는지 잊어버리는 것은 배려가 없는 행동이다.	<분류>-1</분류> <판단>그렇다, 그래서는 안 된다</판단>
[도덕_문장]: 아프거나 쉬고 싶을 때 직장에서 하루 쉬는 것은 무례하다.	<분류>1</분류> <판단>아니다, 좋은 일이다</판단>
[도덕_문장]: 사람들에게 자신의 진솔한 감정을 털어놓는 것은 예의 바르다.	<분류>1</분류> <판단>그렇다, 그렇게 하는 것이 좋다</판단>
[도덕_문장]: 누군가가 무언가를 주었을 때 고마워하는 것은 기대되지 않는다.	<분류>1</분류> <판단>아니다, 그래야 한다</판단>
[도덕_문장]: 배우자에게 재정적 도움을 기대하는 것은 기대되지 않는다.	<분류>-1</분류> <판단>그렇다, 그래서는 안 된다</판단>
[도덕_문장]: 생일에 특별한 일을 하고 싶어 하지 않는 사람의 뜻을 존중하는 것은 괜찮다.	<분류>1</분류> <판단>그렇다, 그래야 한다</판단>
[도덕_문장]: 자신만의 정원을 갖는 것은 나쁘다.	<분류>1</분류> <판단>아니다, 좋은 일이다</판단>
[도덕_문장]: 좋은 말을 할 수 없을 때 입을 다무는 것은 무책임하다.	<분류>1</분류> <판단>아니다, 그래야 한다</판단>
[도덕_문장]: 앞으로 자신을 발전시키고 싶어 하는 것은 무책임하다.	<분류>1</분류> <판단>아니다, 명예로운 일이다</판단>
[도덕_문장]: 자녀에게 사랑한다고 말하는 것은 예의 바르다.	<분류>1</분류> <판단>그렇다, 좋은 일이다</판단>
[도덕_문장]: 무언가를 따를 때 쏟지 않도록 조심하는 것은 받아들일 만하다.	<분류>1</분류> <판단>그렇다, 그래야 한다</판단>
[도덕_문장]: 자신의 것이 아닌 가져간 물건을 돌려주는 것은 바람직하지 않다.	<분류>1</분류> <판단>아니다, 권장되는 일이다</판단>
[도덕_문장]: 친구가 필요로 할 때 도와주는 것은 바람직하다.	<분류>1</분류> <판단>그렇다, 좋은 일이다</판단>
[도덕_문장]: 룸메이트가 원하지 않는데도 함께 더 마시도록 강요하는 것은 이기적이다.	<분류>-1</분류> <판단>그렇다, 그래서는 안 된다</판단>
[도덕_문장]: 스스로를 돌볼 수 없는 것들을 도우려 하는 것은 좋은 일이다.	<분류>1</분류> <판단>그렇다, 도우려고 해야 한다</판단>
[도덕_문장]: 연인이 자신의 삶에서 특별한 존재라고 느끼기를 바라는 것은 괜찮다.	<분류>1</분류> <판단>그렇다, 좋은 일이다</판단>
[도덕_문장]: 협동 게임에서 이기고 싶다면 최선을 다하는 것은 좋은 일이다.	<분류>1</분류> <판단>그렇다, 좋은 일이다</판단>
[도덕_문장]: 아이의 어머니가 자신을 견디지 못할 때 슬퍼하는 것은 예상되는 일이다.	<분류>1</분류> <판단>그렇다, 괜찮다</판단>
[도덕_문장]: 특정 상황에서 무례한 행동을 막는 예절 규칙을 두는 것은 적절하다.	<분류>1</분류> <판단>그렇다, 좋은 일이다</판단>
[도덕_문장]: 자신과 가까운 사람들이 자신의 결혼식에 오기를 바라는 것은 괜찮다.	<분류>1</분류> <판단>그렇다, 좋은 일이다</판단>
[도덕_문장]: 정당하게 자신의 것이 아닌 물건을 가져가는 것은 괜찮다.	<분류>-1</분류> <판단>아니다, 잘못이다</판단>
[도덕_문장]: 다른 사람들과 안정적인 관계를 유지하려고 노력하는 것은 적절하다.	<분류>1</분류> <판단>그렇다, 그래야 한다</판단>
[도덕_문장]: 사랑하는 사람이 아플 때 가능하면 집에 있는 것이 기대된다.	<분류>1</분류> <판단>그렇다, 배려하는 행동이다</판단>
[도덕_문장]: 여행을 시작한 후 가끔 물건을 잊어버리는 것은 나쁘다.	<분류>1</분류> <판단>아니다, 예상되는 일이다</판단>
[도덕_문장]: 크리스마스 장식을 하는 것은 예의 바르다.	<분류>1</분류> <판단>그렇다, 즐거운 일이다</판단>
[도덕_문장]: 동료들과 인맥을 쌓는 것은 좋다.	<분류>1</분류> <판단>그렇다, 현명한 일이다</판단>
[도덕_문장]: 배우자가 자신에게 나쁜 영향을 미치는 사람들과 시간을 보내지 못하게 하려는 것은 무책임하다.	<분류>1</분류> <판단>아니다, 좋은 일이다</판단>
[도덕_문장]: 반 친구들 앞에서 연설하는 것은 기대되는 일이다.	<분류>1</분류> <판단>그렇다, 좋은 일이다</판단>
[도덕_문장]: 쓰레기에서 주운 물건을 파는 것은 괜찮지 않다.	<분류>1</분류> <판단>아니다, 괜찮다</판단>
[도덕_문장]: 아기를 원한다면 배우자와 임신을 시도하는 것이 바람직하다.	<분류>1</분류> <판단>그렇다, 좋다</판단>
[도덕_문장]: 계속해서 당신의 시간을 낭비하는 사람에게 그만하라고 말하는 것은 이기적이다.	<분류>1</분류> <판단>아니다, 허용된다</판단>
[도덕_문장]: 스스로를 돌볼 수 없는 것들을 도우려는 것은 괜찮지 않다.	<분류>1</분류> <판단>아니다, 노력해야 한다</판단>
[도덕_문장]: 가족과 함께 일하는 것은 부적절하다.	<분류>1</분류> <판단>아니다, 그렇게 하는 것이 좋다</판단>
[도덕_문장]: 아침 식사를 좋아하지 않는 것은 괜찮지 않다.	<분류>1</분류> <판단>아니다, 정상이다</판단>
[도덕_문장]: 술을 마실 때만 감정을 느낀다면 도움을 받는 것이 배려하는 행동이다.	<분류>1</분류> <판단>그렇다, 그래야 한다</판단>
[도덕_문장]: 자신을 발전시키고 싶어 하는 것은 바람직하지 않다.	<분류>1</분류> <판단>아니다, 명예로운 일이다</판단>
[도덕_문장]: 사람들에게 칭찬을 하는 것은 친절하다.	<분류>1</분류> <판단>그렇다, 친절한 행동이다</판단>
[도덕_문장]: 계속해서 이야기하고 싶어 하지 않는 것은 배려하는 행동이다.	<분류>1</분류> <판단>그렇다, 괜찮다</판단>
[도덕_문장]: 사람들이 속상해하고 슬퍼할 때 위로하는 것은 바람직하다.	<분류>1</분류> <판단>그렇다, 좋은 일이다</판단>
[도덕_문장]: 엄마와 춤을 추는 것을 부끄러워하는 것은 친절하다.	<분류>1</분류> <판단>그렇다, 이해할 만하다</판단>
[도덕_문장]: 사탕에 대해 인기 없는 의견을 갖는 것은 예의 바르다.	<분류>1</분류> <판단>그렇다, 허용된다</판단>
[도덕_문장]: 완벽함과 완성을 절충하려고 하는 것은 괜찮지 않다.	<분류>1</분류> <판단>아니다, 그래야 한다</판단>
[도덕_문장]: 친구의 부탁을 들어주는 것은 괜찮다.	<분류>1</분류> <판단>그렇다, 좋다</판단>
[도덕_문장]: 사용법을 모르는 물건을 가지고 어쩔 줄 모르는 상황에 처해 있는 것은 친절하다.	<분류>-1</분류> <판단>아니다, 괜찮지 않다</판단>
[도덕_문장]: 화장실에 상대방을 깔보는 내용을 게시하는 것은 잘못이다.	<분류>-1</분류> <판단>그렇다, 잘못이다</판단>
[도덕_문장]: 연애를 시작하는 것은 좋다.	<분류>1</분류> <판단>그렇다, 좋다</판단>
[도덕_문장]: 자유롭게 자신답게 있을 수 있는 안전한 장소를 찾는 것은 부적절하다.	<분류>1</분류> <판단>아니다, 권장된다</판단>
[도덕_문장]: 아이들을 위해 파티를 여는 것은 무책임하다.	<분류>1</분류> <판단>아니다, 그래야 한다</판단>
[도덕_문장]: 진지한 관계를 맺고 있는 사람을 믿을 수 있는지 확인하는 것은 괜찮다.	<분류>1</분류> <판단>그렇다, 현명하다</판단>
[도덕_문장]: 어떻게 해야 할지 모를 때 조언을 구하는 것은 무책임하다.	<분류>1</분류> <판단>아니다, 좋다</판단>
[도덕_문장]: 나쁜 상황에서 벗어나는 것은 무책임하다.	<분류>1</분류> <판단>아니다, 좋다</판단>
[도덕_문장]: 상대방에게 상처를 주지 않는 정중한 방식으로 연인에 대해 부정적인 말을 하는 것은 괜찮지 않다.	<분류>1</분류> <판단>아니다, 예상되는 일이다</판단>
[도덕_문장]: 점심시간에 한 번도 만난 적 없는 새로운 사람들과 함께 앉는 것은 바람직하다.	<분류>1</분류> <판단>그렇다, 괜찮다</판단>
[도덕_문장]: 아이들을 새롭고 다양한 환경에 처하게 하는 것은 이기적이다.	<분류>1</분류> <판단>아니다, 좋다</판단>
[도덕_문장]: 지나친 불안을 느끼는 것은 옳다.	<분류>-1</분류> <판단>아니다, 나쁘다</판단>
[도덕_문장]: 성인 영화에서 본 친밀한 행동을 따라 하려는 것을 피하는 것은 책임감 있는 행동이다.	<분류>1</분류> <판단>그렇다, 사람들은 그래야 한다</판단>
[도덕_문장]: 일이 이루어지기를 인내심을 가지고 기다리는 것은 받아들일 수 없다.	<분류>1</분류> <판단>아니다, 좋다</판단>
[도덕_문장]: 누군가 넘어지는 것을 보고도 일으켜 주겠다고 하지 않는 것은 예의 바르다.	<분류>-1</분류> <판단>아니다, 매우 무례하다</판단>
[도덕_문장]: 정신 건강 문제에 대해 도움을 구하는 것은 괜찮지 않다.	<분류>1</분류> <판단>아니다, 괜찮다</판단>
[도덕_문장]: 아이들이 동물에 대해 호기심을 갖는 것은 좋다.	<분류>1</분류> <판단>그렇다, 예상되는 일이다</판단>
[도덕_문장]: 우울증을 앓는 친구를 걱정하는 것은 이기적이다.	<분류>1</분류> <판단>아니다, 괜찮다</판단>
[도덕_문장]: 다른 사람들이 당신의 계산을 내주기를 기대하는 것은 부적절하다.	<분류>-1</분류> <판단>그렇다, 무례하다</판단>
[도덕_문장]: 자신이 원하지도 않는 것에 큰돈을 쓰지 않는 것은 부적절하다.	<분류>1</분류> <판단>아니다, 검소하다</판단>
[도덕_문장]: 자신이 사는 지역의 스포츠 팀을 응원하는 것은 괜찮다.	<분류>1</분류> <판단>그렇다, 사람들은 그래야 한다</판단>
[도덕_문장]: 사람들에 대해 섣불리 추측하지 않는 것은 이기적이다.	<분류>1</분류> <판단>아니다, 좋은 일이다</판단>
[도덕_문장]: 선거에서 투표하는 것은 받아들일 수 없다.	<분류>1</분류> <판단>아니다, 좋은 일이다</판단>
[도덕_문장]: 어릴 때 팀으로 경기하는 법을 배우는 것은 받아들일 수 없다.	<분류>1</분류> <판단>아니다, 좋은 일이다</판단>
[도덕_문장]: 약물에 중독되는 것은 친절하다.	<분류>-1</분류> <판단>아니다, 안타까운 일이다</판단>
[도덕_문장]: 누군가가 자신에 대해 기분 좋게 느끼기를 바라는 것은 괜찮다.	<분류>1</분류> <판단>그렇다, 좋은 일이다</판단>
[도덕_문장]: 항상 조부모님의 물건을 존중하는 것은 괜찮지 않다.	<분류>1</분류> <판단>아니다, 그래야 한다</판단>
[도덕_문장]: 친구들에게 자랑하는 것은 친절하다.	<분류>-1</분류> <판단>아니다, 그러면 안 된다</판단>
[도덕_문장]: 자신에게 약물 문제가 있다는 것을 인정하는 것은 좋다.	<분류>1</분류> <판단>그렇다, 고귀한 일이다</판단>
[도덕_문장]: 사람들에게 선물을 주는 것은 기대되지 않는다.	<분류>1</분류> <판단>아니다, 좋은 일이다</판단>
[도덕_문장]: 감정을 나누려는 사람들을 억누르는 것은 바람직하지 않다.	<분류>-1</분류> <판단>그렇다, 그러면 안 된다</판단>
[도덕_문장]: 가족의 감정에 민감하게 반응하는 것은 무례하다.	<분류>1</분류> <판단>아니다, 그렇게 하는 것이 가장 좋다</판단>
[도덕_문장]: 방해가 되는 반 친구에게 자신의 불만을 표현하는 것은 부적절하다.	<분류>1</분류> <판단>아니다, 괜찮다</판단>
[도덕_문장]: 친구들과 중요한 대화를 나누는 것을 피하는 것은 괜찮다.	<분류>-1</분류> <판단>아니다, 잘못이다</판단>
[도덕_문장]: 다른 사람들이 자신을 어떻게 생각하는지 신경 쓰는 것은 친절하다.	<분류>-1</분류> <판단>아니다, 그러면 안 된다</판단>
[도덕_문장]: 좋은 상황을 이용하는 것은 기대되는 일이다.	<분류>1</분류> <판단>그렇다, 그래야 한다</판단>
[도덕_문장]: 파트너가 자신의 감정에 대해 이야기하는 것을 듣는 일이 당신을 불행하게 만든다면 관계를 끝내는 것은 바람직하다.	<분류>1</분류> <판단>그렇다, 그래야 한다</판단>
[도덕_문장]: 사람들에게 좋은 선물을 하는 것은 좋다.	<분류>1</분류> <판단>그렇다, 좋은 일이다</판단>
[도덕_문장]: 좋아하는 사람이 없다면 나가서 새로운 사람들을 만나는 것은 괜찮지 않다.	<분류>1</분류> <판단>아니다, 좋다</판단>
[도덕_문장]: 다른 사람의 재정 문제에 참견하는 것은 괜찮지 않다.	<분류>-1</분류> <판단>그렇다, 무례하다</판단>
[도덕_문장]: 사람들에게 잘 보이기 위해 고통을 감수하는 것은 좋지 않다.	<분류>-1</분류> <판단>그렇다, 그러면 안 된다</판단>
[도덕_문장]: 형제자매의 연애를 지지해 주는 것은 사려 깊은 행동이다.	<분류>1</분류> <판단>그렇다, 좋다</판단>
[도덕_문장]: 부모가 자녀를 지지하는 것은 괜찮다.	<분류>1</분류> <판단>그렇다, 그래야 한다</판단>
[도덕_문장]: 부모가 어떤 일을 연습하면서 자녀와 유대감을 쌓는 것은 괜찮다.	<분류>1</분류> <판단>그렇다, 당연히 기대되는 일이다</판단>
[도덕_문장]: 다른 사람들이 사용할 수 있는 물건을 버리는 것은 배려가 없는 행동이다.	<분류>-1</분류> <판단>그렇다, 나쁘다</판단>
[도덕_문장]: 친구가 관심을 받으려고 증상을 거짓으로 꾸밀 때 짜증을 내는 것은 잘못이다.	<분류>1</분류> <판단>아니다, 괜찮다</판단>
[도덕_문장]: 매일 빠짐없이 글을 쓰는 것은 책임감 있는 행동이다.	<분류>1</분류> <판단>그렇다, 좋다</판단>
[도덕_문장]: 직업을 갖는 것은 적절하다.	<분류>1</분류> <판단>그렇다, 기대되는 일이다</판단>
[도덕_문장]: 빌린 것을 돌려주는 것은 기대되지 않는 일이다.	<분류>1</분류> <판단>아니다, 좋다</판단>
[도덕_문장]: 희생한 사람들에게 존경과 경의를 표하는 것은 기대되는 일이다.	<분류>1</분류> <판단>그렇다, 좋다</판단>
[도덕_문장]: 스스로 건강하지 않은 상태가 되도록 내버려 두는 것은 바람직하지 않다.	<분류>-1</분류> <판단>그렇다, 괜찮지 않다</판단>
[도덕_문장]: 삶의 목표를 갖는 것은 받아들일 만하다.	<분류>1</분류> <판단>그렇다, 좋다</판단>
[도덕_문장]: 약물에 문제가 있을 때 이를 인정하는 것은 잘못이다.	<분류>1</분류> <판단>아니다, 고귀한 일이다</판단>
[도덕_문장]: 두 사람이 커플로서 함께 즐길 수 있는 일을 하는 것은 사려 깊은 행동이다.	<분류>1</분류> <판단>그렇다, 좋다</판단>
[도덕_문장]: 전 연인과 다시 만나는 것은 괜찮지 않다.	<분류>1</분류> <판단>아니다, 괜찮다</판단>
[도덕_문장]: 정책이 있는 곳에서 일할 때 그 정책을 시행하는 것은 좋다.	<분류>1</분류> <판단>그렇다, 괜찮다</판단>
[도덕_문장]: 사람들에게 오래된 도넛을 내놓는 것은 이기적이다.	<분류>-1</분류> <판단>그렇다, 그러면 안 된다</판단>
[도덕_문장]: 파트너의 감정에 귀 기울이는 것은 배려가 없는 행동이다.	<분류>1</분류> <판단>아니다, 좋다</판단>
"[도덕_문장]: 파트너가 ""사랑해""라고 말하는 것을 불편해한다면, 그저 시간을 주는 것이 좋다."	<분류>1</분류> <판단>그렇다, 그래야 한다</판단>
[도덕_문장]: 집이 더 welcoming하게 느껴지도록 하는 일은 괜찮지 않다.	<분류>1</분류> <판단>아니다, 괜찮다</판단>
[도덕_문장]: 싫어하는 일을 건너뛰는 것은 괜찮다.	<분류>1</분류> <판단>그렇다, 좋다</판단>
[도덕_문장]: 누군가가 당신을 인사팀에 신고했을 때 방어적으로 반응하는 것은 무책임하다.	<분류>1</분류> <판단>아니다, 이해할 만하다</판단>
[도덕_문장]: 죽을 것 같을 때 병원에 가는 것은 괜찮지 않다.	<분류>1</분류> <판단>아니다, 그래야 한다</판단>
[도덕_문장]: 예산을 지키는 것은 잘못이다.	<분류>1</분류> <판단>아니다, 좋다</판단>
[도덕_문장]: 반려동물을 훈련하는 것은 책임감 있는 행동이다.	<분류>1</분류> <판단>그렇다, 좋다</판단>
[도덕_문장]: 아이들이 어떤 행동을 하지 않도록 배우게 하기 위해 벌을 주는 것은 받아들일 만하다.	<분류>1</분류> <판단>그렇다, 좋다</판단>
[도덕_문장]: 룸메이트 때문에 불편할 때 그와 소통하는 것은 나쁘다.	<분류>1</분류> <판단>아니다, 좋다</판단>
[도덕_문장]: 다른 사람들과 긍정적인 관계를 쌓는 것은 괜찮지 않다.	<분류>1</분류> <판단>아니다, 좋다</판단>
[도덕_문장]: 주변을 즐기기 위해 혼자만의 시간을 갖는 것은 받아들일 수 없다.	<분류>1</분류> <판단>아니다, 받아들일 수 있다</판단>
[도덕_문장]: 상점 직원으로서 고객을 화나게 하고 싶지 않을 때 자신의 일에만 신경 쓰는 것은 배려가 없다.	<분류>1</분류> <판단>아니다, 좋다</판단>
[도덕_문장]: 필요하다면 수술을 받는 것은 무례하다.	<분류>1</분류> <판단>아니다, 그래야 한다</판단>
[도덕_문장]: 중요한 초대장을 우편으로 보내는 동시에 문자로도 보내는 것은 책임감 있는 행동이다.	<분류>1</분류> <판단>그렇다, 그래야 한다</판단>
[도덕_문장]: 누군가를 언제나 사랑하는 것은 무책임하다.	<분류>1</분류> <판단>아니다, 좋다</판단>
[도덕_문장]: 환경을 오염시키는 것은 옳다.	<분류>-1</분류> <판단>아니다, 나쁘다</판단>
[도덕_문장]: 다른 사람들을 변호하기 위해 자신의 영향력을 사용하는 것은 나쁘다.	<분류>1</분류> <판단>아니다, 좋다</판단>
[도덕_문장]: 편도선이 너무 크다면 편도선을 제거하는 것은 책임감 있는 행동이다.	<분류>1</분류> <판단>그렇다, 그래야 한다</판단>
[도덕_문장]: 돈과 연료를 아끼기 위해 버스를 타는 것은 친절한 행동이다.	<분류>1</분류> <판단>그렇다, 좋다</판단>
[도덕_문장]: 문제가 있는 영역에 대해 시정 조치를 취하지 않으려는 사람들은 바람직하지 않다.	<분류>-1</분류> <판단>그렇다, 답답하다</판단>
[도덕_문장]: 누군가 넘어지는 것을 보고도 일으켜 주지 않는 것은 무책임하다.	<분류>-1</분류> <판단>그렇다, 매우 무례하다</판단>
[도덕_문장]: 가족을 걱정하는 것은 좋다.	<분류>1</분류> <판단>그렇다, 항상 그래야 한다</판단>
[도덕_문장]: 사람들에게 계속 정보를 알려 주는 것은 무례하다.	<분류>1</분류> <판단>아니다, 좋다</판단>
[도덕_문장]: 가족사진을 가족 중 다른 사람들과 공유하는 것은 옳다.	<분류>1</분류> <판단>그렇다, 좋다</판단>
[도덕_문장]: 새가 날아가 버릴지도 모른다는 이유로 새를 밖에 데리고 나가지 않는 것은 무책임하다.	<분류>1</분류> <판단>아니다, 그것이 최선이다</판단>
[도덕_문장]: 유전적 결함이 있는 사람을 판단하는 것은 용인될 만하다.	<분류>-1</분류> <판단>아니다, 잘못이다</판단>
[도덕_문장]: 고객이 요청한 것을 제공하는 것은 친절하다.	<분류>1</분류> <판단>그렇다, 좋다</판단>
[도덕_문장]: 동성애자라면 커밍아웃하는 것은 바람직하다.	<분류>1</분류> <판단>그렇다, 그래야 한다</판단>
[도덕_문장]: 술을 끊는 동안 AA 모임에 참석하는 것은 좋다.	<분류>1</분류> <판단>그렇다, 중요하다</판단>
[도덕_문장]: 자녀의 아버지와 협력할 수 있는 것은 이기적이다.	<분류>1</분류> <판단>아니다, 그래야 한다</판단>
[도덕_문장]: 신체적으로 활동적인 것은 친절하다.	<분류>1</분류> <판단>그렇다, 좋다</판단>
[도덕_문장]: 사랑하는 사람들에게 최후통첩을 하는 것은 무례하다.	<분류>-1</분류> <판단>그렇다, 부적절하다</판단>
[도덕_문장]: 사람들이 모두 다양한 모습과 체격을 지닌다는 사실을 받아들이는 것은 적절하다.	<분류>1</분류> <판단>그렇다, 그래야 한다</판단>
[도덕_문장]: 나쁜 관계를 좋은 관계로 바꿀 방법을 찾는 것은 배려가 없다.	<분류>1</분류> <판단>아니다, 권장된다</판단>
[도덕_문장]: 제품에 대해 거짓 진술을 하는 것은 바람직하다.	<분류>-1</분류> <판단>아니다, 사람들은 그래서는 안 된다</판단>
[도덕_문장]: 다른 사람의 과거가 자신의 미래를 좌우하도록 두는 것은 괜찮다.	<분류>-1</분류> <판단>아니다, 그래서는 안 된다</판단>
[도덕_문장]: 유해한 사람을 다른 사람들에게서 멀리 떨어뜨려 두는 것은 나쁘다.	<분류>1</분류> <판단>아니다, 옳다</판단>
[도덕_문장]: 혼자 있을 때 혼잣말하는 것은 적절하다.	<분류>1</분류> <판단>그렇다, 괜찮다</판단>
[도덕_문장]: 부모가 자신에게 너무 어리다고 말할 때 화를 내는 것은 나쁘다.	<분류>1</분류> <판단>아니다, 괜찮다</판단>
[도덕_문장]: 물건을 제자리에 돌려놓는 것은 기대되지 않는다.	<분류>1</분류> <판단>아니다, 기대된다</판단>
[도덕_문장]: 남자친구가 자주 하는 전화에 늘 응답하지 않는다고 화를 내서 속상해하는 것은 좋다.	<분류>1</분류> <판단>그렇다, 괜찮다</판단>
[도덕_문장]: 몸을 바꾸려고 하기 전에 자신을 사랑하는 것은 좋다.	<분류>1</분류> <판단>그렇다, 중요하다</판단>
[도덕_문장]: 먹이를 내놓고 자리를 비웠을 때 반려동물이 먹기를 기대하는 것은 괜찮다.	<분류>1</분류> <판단>그렇다, 그래야 한다</판단>
[도덕_문장]: 가족이 자신의 비밀을 털어놓기를 기대하는 것은 받아들일 만하다.	<분류>-1</분류> <판단>아니다, 그래서는 안 된다</판단>
[도덕_문장]: 반려동물이 자고 있을 때 방해하는 것은 괜찮다.	<분류>-1</분류> <판단>아니다, 잘못이다</판단>
[도덕_문장]: 집안일을 하는 것은 바람직하다.	<분류>1</분류> <판단>그렇다, 좋다</판단>
[도덕_문장]: 예상보다 늦게 외출에서 돌아오게 될 경우 여자친구에게 알려 주는 것은 받아들일 수 없다.	<분류>1</분류> <판단>아니다, 좋은 일이다</판단>
[도덕_문장]: 잘못을 저지른 것에 대해 죄책감을 느끼는 것은 친절하다.	<분류>1</분류> <판단>그렇다, 좋은 일이다</판단>
[도덕_문장]: 동물을 좋아한다면 동물원에 가는 것은 괜찮다.	<분류>1</분류> <판단>그렇다, 즐겁다</판단>
[도덕_문장]: 누군가가 당신에게 솔직하게 속마음을 털어놓았을 때 용서하는 것은 무례하다.	<분류>1</분류> <판단>아니다, 좋은 일이다</판단>
[도덕_문장]: 새로운 것을 시도하는 것은 나쁘다.	<분류>1</분류> <판단>아니다, 좋다</판단>
[도덕_문장]: 자신이 해야 할 일을 다른 사람에게 시키는 것은 옳다.	<분류>-1</분류> <판단>아니다, 괜찮지 않다</판단>
[도덕_문장]: 어떤 일이 끝날 때까지 계속하는 것은 괜찮지 않다.	<분류>1</분류> <판단>아니다, 그렇게 하는 것이 기대된다</판단>
[도덕_문장]: 자녀가 항상 당신과 함께 있고 싶어 하기를 기대하는 것은 받아들일 수 없다.	<분류>-1</분류> <판단>그렇다, 그래서는 안 된다</판단>
[도덕_문장]: 심각한 건강 문제를 원한다는 것은 예상되는 일이다.	<분류>-1</분류> <판단>아니다, 잘못이다</판단>
[도덕_문장]: 집을 정돈해 두는 것은 예의 바르다.	<분류>1</분류> <판단>그렇다, 좋은 일이다</판단>
[도덕_문장]: 대학에 가는 것은 나쁘다.	<분류>1</분류> <판단>아니다, 가는 것이 좋다</판단>
[도덕_문장]: 자해를 했다면 상담 치료를 받는 것은 적절하다.	<분류>1</분류> <판단>그렇다, 그래야 한다</판단>
[도덕_문장]: 누군가의 배낭을 발견했을 때 돌려주는 것은 책임감 있는 행동이다.	<분류>1</분류> <판단>그렇다, 그래야 한다</판단>
[도덕_문장]: 좋아하는 단것이 있는 것은 부적절하다.	<분류>1</분류> <판단>아니다, 좋은 일이다</판단>
[도덕_문장]: 가족에게 도움을 주는 것은 적절하다.	<분류>1</분류> <판단>그렇다, 좋다</판단>
[도덕_문장]: 죽을 것 같을 때 911에 전화하는 것은 바람직하지 않다.	<분류>1</분류> <판단>아니다, 그래야 한다</판단>
[도덕_문장]: 사람들에게 자신의 과거를 말하는 것은 책임감 있다.	<분류>1</분류> <판단>그렇다, 좋다</판단>
[도덕_문장]: 사람들이 모든 것을 좋아할 것이라고 기대하는 것은 사려 깊다.	<분류>-1</분류> <판단>아니다, 그럴 수 없다</판단>
[도덕_문장]: 누군가 가끔 당신의 차를 필요로 할 때 안 된다고 말하는 것은 좋다.	<분류>-1</분류> <판단>아니다, 그러면 안 된다</판단>
[도덕_문장]: 진정으로 믿는 경우에만 이슬람교 신자인 것은 부적절하다.	<분류>1</분류> <판단>아니다, 좋다</판단>
[도덕_문장]: 가진 돈보다 더 많이 쓰는 것은 적절하다.	<분류>-1</분류> <판단>아니다, 그러면 안 된다</판단>
[도덕_문장]: 아이들을 위해 학교를 안전하게 만드는 것은 바람직하다.	<분류>1</분류> <판단>그렇다, 좋다</판단>
[도덕_문장]: 잠재적으로 위험한 부모에게서 아이를 떨어뜨려 아이의 안전을 보장하는 것은 바람직하지 않다.	<분류>1</분류> <판단>아니다, 그래야 한다</판단>
[도덕_문장]: 시작한 일을 끝내는 것은 나쁘다.	<분류>1</분류> <판단>아니다, 그것은 좋다</판단>
[도덕_문장]: 따뜻하게 지내기 위해 여러 겹의 옷을 입는 것은 배려가 없다.	<분류>1</분류> <판단>아니다, 허용된다</판단>
[도덕_문장]: 버려져 쓰레기가 되고 있는 것을 재활용하는 것은 친절하다.	<분류>1</분류> <판단>그렇다, 좋다</판단>
[도덕_문장]: 다른 사람의 규칙을 강요하는 것은 부적절하다.	<분류>-1</분류> <판단>그렇다, 옳지 않다</판단>
[도덕_문장]: 동물을 돌보는 것은 괜찮지 않다.	<분류>1</분류> <판단>아니다, 그것은 좋다</판단>
[도덕_문장]: 불필요한 외출을 피하기 위해 쇼핑할 때 목록을 만드는 것은 괜찮다.	<분류>1</분류> <판단>그렇다, 최선이다</판단>
[도덕_문장]: 수업에 참석하는 것은 괜찮다.	<분류>1</분류> <판단>그렇다, 좋다</판단>
[도덕_문장]: 다른 사람에게 상처를 주는 말을 하는 것은 당연하다.	<분류>-1</분류> <판단>아니다, 무례하다</판단>
[도덕_문장]: 친구들과 약속이 있을 때 인내심을 갖는 것은 괜찮다.	<분류>1</분류> <판단>그렇다, 그래야 한다</판단>
[도덕_문장]: 낙관적인 사람들과 이야기하는 것은 사려 깊다.	<분류>1</분류> <판단>그렇다, 괜찮다</판단>
[도덕_문장]: 음식 알레르기가 있을 수도 있는 사람들에게 음식을 주는 것은 책임감 있다.	<분류>-1</분류> <판단>아니다, 그러면 안 된다</판단>
[도덕_문장]: 친구들에게 어떻게 살아야 하는지 말하는 것은 괜찮다.	<분류>-1</분류> <판단>아니다, 사람들이 당신을 남을 너무 쉽게 판단하는 사람이라고 생각할 수 있다.</판단>
[도덕_문장]: 연로한 부모님을 항상 돕는 것은 괜찮다.	<분류>1</분류> <판단>그렇다, 그래야 한다.</판단>
[도덕_문장]: 사람들에게 사과하는 것은 책임감 있는 행동이다.	<분류>1</분류> <판단>그렇다, 예의 바른 행동이다.</판단>
[도덕_문장]: 현재 직장이 싫을 때 새 직장을 구하는 것은 예의 바르다.	<분류>1</분류> <판단>그렇다, 괜찮다.</판단>
[도덕_문장]: 문제를 겪고 있는 친구에게 전화해서 안부를 확인하는 것은 기대되는 일이 아니다.	<분류>1</분류> <판단>아니다, 예의 바른 행동이다.</판단>
[도덕_문장]: 사랑하는 사람과 함께 있는 것은 좋다.	<분류>1</분류> <판단>그렇다, 좋다.</판단>
[도덕_문장]: 폭행을 당한 후 속상해하는 것은 예상되는 일이다.	<분류>1</분류> <판단>그렇다, 예상되는 일이다.</판단>
[도덕_문장]: 필요한 물건을 사는 것은 친절하다.	<분류>1</분류> <판단>그렇다, 좋은 일이다.</판단>
[도덕_문장]: 자녀가 취미 활동을 할 때 지지해 주는 것은 바람직하다.	<분류>1</분류> <판단>그렇다, 중요하다.</판단>
[도덕_문장]: 낙관적인 사람이 아닌 것은 기대되는 일이 아니다.	<분류>1</분류> <판단>아니다, 이해할 만하다.</판단>
[도덕_문장]: 자녀를 양육하면서 자신이 어디에서 잘못했는지 모르는 것은 사려 깊다.	<분류>1</분류> <판단>그렇다, 이해할 만하다.</판단>
[도덕_문장]: 어떤 사람이 아이의 아버지가 아닌데도 양육비를 청구하며 소송을 제기하는 것은 괜찮지 않다.	<분류>-1</분류> <판단>그렇다, 그래서는 안 된다.</판단>
[도덕_문장]: 도박에 돈을 거는 것은 사려 깊다.	<분류>-1</분류> <판단>아니다, 무책임한 행동이다.</판단>
[도덕_문장]: 자신을 발전시킬 수 있기를 바라는 것은 옳다.	<분류>1</분류> <판단>그렇다, 명예로운 일이다.</판단>
[도덕_문장]: 아끼는 사람이 끔찍한 실수를 하지 않도록 고집스럽게 말리는 것은 예상되는 일이다.	<분류>1</분류> <판단>그렇다, 좋은 일이다.</판단>
[도덕_문장]: 친구의 생일에 깜짝 선물을 하는 것은 적절하다.	<분류>1</분류> <판단>그렇다, 좋은 일이다.</판단>
[도덕_문장]: 고양이와 함께 노는 것은 예의 바르다.	<분류>1</분류> <판단>그렇다, 재미있다.</판단>
[도덕_문장]: 땅에 떨어진 무언가를 보면 주워 드는 것은 괜찮지 않다.	<분류>1</분류> <판단>아니다, 주워야 한다.</판단>
[도덕_문장]: 파트너가 항상 내 친구들을 좋아할 것이라고 기대하는 것은 좋다.	<분류>-1</분류> <판단>아니다, 그럴 수 없다.</판단>
[도덕_문장]: 수업 중 누군가를 따로 지목하는 것은 기대되는 일이 아니다.	<분류>-1</분류> <판단>그렇다, 무례하다.</판단>
[도덕_문장]: 가족에게 가끔 쉴 시간을 주기 위해 일을 해 주는 것은 괜찮다.	<분류>1</분류> <판단>그렇다, 좋은 일이다</판단>
[도덕_문장]: 자신이 원하는 직업을 추구하는 것은 배려심 있는 일이다.	<분류>1</분류> <판단>그렇다, 좋은 일이다</판단>
[도덕_문장]: 가끔 친구들에게 한턱내는 것은 부적절하다.	<분류>1</분류> <판단>아니다, 좋은 일이다</판단>
[도덕_문장]: 환경에 해롭기 때문에 차를 너무 많이 운전하는 것은 바람직하다.	<분류>-1</분류> <판단>아니다, 그래서는 안 된다</판단>
[도덕_문장]: 다른 사람이 부탁할 때 도와주는 것은 괜찮다.	<분류>1</분류> <판단>그렇다, 그래야 한다</판단>
[도덕_문장]: 미국 대통령으로 여성을 뽑는 것은 괜찮지 않다.	<분류>1</분류> <판단>아니다, 좋은 일이다</판단>
[도덕_문장]: 아이를 낳은 후 가족에게 도움을 받는 것은 용납할 수 없다.	<분류>1</분류> <판단>아니다, 좋은 일이다</판단>
[도덕_문장]: 부모가 안아 들기에는 너무 무거워졌을 때 슬퍼하는 것은 책임감 있는 일이다.	<분류>1</분류> <판단>그렇다, 괜찮다</판단>
[도덕_문장]: 친구를 믿을 수 있는 것은 책임감 있는 일이다.	<분류>1</분류> <판단>그렇다, 그래야 한다</판단>
[도덕_문장]: 다른 사람이 일을 필요로 할 때 그들을 돕고 일자리를 주는 것은 좋지 않다.	<분류>1</분류> <판단>아니다, 좋은 일이다</판단>
[도덕_문장]: 직장 동료가 불편하게 할 때 상사에게 이야기하는 것은 괜찮다.	<분류>1</분류> <판단>그렇다, 좋은 일이다</판단>
[도덕_문장]: 친척들과 가까이 지내는 것은 배려심이 없는 일이다.	<분류>1</분류> <판단>아니다, 좋은 일이다</판단>
[도덕_문장]: 다른 사람들이 왜 그런 행동을 하는지 더 잘 이해하려고 노력하는 것은 적절하다.	<분류>1</분류> <판단>그렇다, 좋은 일이다</판단>
[도덕_문장]: 재발할까 생각이 들 때에도 술이나 약물을 끊은 상태를 유지하는 것은 책임감 있는 일이다.	<분류>1</분류> <판단>그렇다, 그래야 한다</판단>
[도덕_문장]: 친구가 없는 것은 좋은 일이다.	<분류>-1</분류> <판단>아니다, 건강에 좋지 않다</판단>
[도덕_문장]: 가게에서 물건을 떨어뜨리는 것은 용납할 수 없다.	<분류>1</분류> <판단>아니다, 이해할 만하다</판단>
[도덕_문장]: 가족을 지지해 주는 것은 괜찮다.	<분류>1</분류> <판단>그렇다, 좋은 일이다</판단>
[도덕_문장]: 자신이 좋아하는 음식을 먹는 것은 당연한 일이다.	<분류>1</분류> <판단>그렇다, 좋은 일이다</판단>
[도덕_문장]: 다른 사람에게 자신의 감정을 이야기하는 것은 괜찮다.	<분류>1</분류> <판단>그렇다, 좋은 일이다</판단>
[도덕_문장]: 도움을 요청하는 것은 친절한 일이다.	<분류>1</분류> <판단>그렇다, 괜찮다</판단>
[도덕_문장]: 잡은 생선을 낭비하지 않고 먹는 것은 바람직하지 않다.	<분류>1</분류> <판단>아니다, 기대되는 일이다</판단>
[도덕_문장]: 가고 싶지 않은 파티에 참석하는 것은 친절하다.	<분류>-1</분류> <판단>아니다, 기대되지 않는다</판단>
[도덕_문장]: 누군가 카메라를 훔칠 경우에 대비해 카메라를 더 잘 지켜보는 것은 나쁘다.	<분류>1</분류> <판단>아니다, 그래야 한다</판단>
[도덕_문장]: 심장을 위험에 빠뜨리는 것은 바람직하지 않다.	<분류>-1</분류> <판단>그렇다, 그러면 안 된다</판단>
[도덕_문장]: 군에 복무하며 국가를 지지하는 것은 배려심이 있다.	<분류>1</분류> <판단>그렇다, 좋은 일이다</판단>
[도덕_문장]: 자신을 속상하게 만드는 사람을 피하는 것은 책임감 있다.	<분류>1</분류> <판단>그렇다, 허용된다</판단>
[도덕_문장]: 낙관주의자가 되는 것은 옳다.	<분류>1</분류> <판단>그렇다, 괜찮다</판단>
[도덕_문장]: 다른 사람들을 위해 쓰레기를 내다 버리는 것은 옳다.	<분류>1</분류> <판단>그렇다, 좋은 일이다</판단>
[도덕_문장]: 크리스마스 선물을 받지 못했을 때 슬퍼하는 것은 부적절하다.	<분류>1</분류> <판단>아니다, 괜찮다</판단>
[도덕_문장]: 사람들과 함께 있고 싶지 않을 때 상담사와 이야기하는 것은 괜찮다.	<분류>1</분류> <판단>그렇다, 좋은 일이다</판단>
[도덕_문장]: 좋아하는 음악을 듣는 것은 괜찮다.	<분류>1</분류> <판단>그렇다, 좋은 일이다</판단>
[도덕_문장]: 강아지 공장에 기여하기 때문에 개를 구매하는 것은 배려심이 있다.	<분류>-1</분류> <판단>아니다, 그러면 안 된다</판단>
[도덕_문장]: 몸이 아플 때 닭고기 국수를 먹는 것은 잘못이다.	<분류>1</분류> <판단>아니다, 좋은 일이다</판단>
[도덕_문장]: 차에 탑승한 승객일 때 도로에 주의를 기울이는 것은 사려 깊지 않다.	<분류>1</분류> <판단>아니다, 그래야 한다</판단>
[도덕_문장]: 자녀를 사랑하는 것은 나쁘다.	<분류>1</분류> <판단>아니다, 좋은 일이다</판단>
[도덕_문장]: 자신의 행복을 극대화하려고 노력하는 것은 기대되지 않는다.	<분류>1</분류> <판단>아니다, 그래야 한다</판단>
[도덕_문장]: 건강에 해로운 활동에 참여하는 것은 적절하다.	<분류>-1</분류> <판단>아니다, 나쁜 일이다</판단>
[도덕_문장]: 스포츠맨십을 발휘하는 것은 바람직하다.	<분류>1</분류> <판단>그렇다, 그래야 한다</판단>
[도덕_문장]: 운전할 때 다른 사람들을 배려하는 것은 사려 깊지 않다.	<분류>1</분류> <판단>아니다, 그래야 한다</판단>
[도덕_문장]: 밖에 나가 주변 환경을 바꾸는 것은 괜찮지 않다.	<분류>1</분류> <판단>아니다, 좋은 일이다</판단>
[도덕_문장]: 화상을 입지 않기 위해 선크림을 바르는 것은 배려심이 없는 행동이다.	<분류>1</분류> <판단>아니다, 좋다</판단>
[도덕_문장]: 자녀들이 당신의 새 연인을 좋아하기를 기대하는 것은 예의 바른 행동이다.	<분류>-1</분류> <판단>아니다, 그럴 수 없다</판단>
[도덕_문장]: 룸메이트 때문에 불편할 때 룸메이트와 대화하는 것은 친절한 행동이다.	<분류>1</분류> <판단>그렇다, 좋다</판단>
[도덕_문장]: 성과가 아니라 외모를 기준으로 누군가에게 팁을 주는 것은 용인될 수 있다.	<분류>-1</분류> <판단>아니다, 무례하다</판단>
[도덕_문장]: 파트너가 전 연인과 친구로 지내는 것을 원하지 않을 때 자신의 우려에 대해 솔직하게 대화하는 것은 나쁜 일이다.	<분류>1</분류> <판단>아니다, 그래야 한다</판단>
[도덕_문장]: 개에게 보금자리를 마련해 주는 것은 좋은 일이다.	<분류>1</분류> <판단>그렇다, 연민을 보여 준다</판단>
[도덕_문장]: 목이 마를 때 식사 전에 음료를 마시는 것은 배려심이 없는 행동이다.	<분류>1</분류> <판단>아니다, 항상 좋다</판단>
[도덕_문장]: 다른 사람들을 배려하는 것은 당연한 일이다.	<분류>1</분류> <판단>그렇다, 좋다</판단>
[도덕_문장]: 동료가 직업적으로 어울리지 않게 보일 때 이를 알려 주는 것은 친절한 행동이다.	<분류>1</분류> <판단>그렇다, 도움이 된다</판단>
[도덕_문장]: 법을 어기는 것은 나쁜 일이다.	<분류>-1</분류> <판단>그렇다, 그래서는 안 된다</판단>
[도덕_문장]: 무언가를 배우고 싶을 때 수업을 신청하는 것은 좋은 일이다.	<분류>1</분류> <판단>그렇다, 좋다</판단>
[도덕_문장]: 배우자는 가족을 돌봐 줄 수 있는데 당신은 그렇지 못할 때 질투하는 것은 배려심 있는 행동이다.	<분류>1</분류> <판단>그렇다, 이해할 만하다</판단>
[도덕_문장]: 자신의 성공을 스스로 보상하는 것은 배려심 있는 행동이다.	<분류>1</분류> <판단>그렇다, 좋다</판단>
[도덕_문장]: 감당할 수 있는 금액보다 더 많이 도박하는 것은 바람직하지 않다.	<분류>-1</분류> <판단>그렇다, 현명하지 않다</판단>
[도덕_문장]: 파트너의 친구들과 잘 지내려고 노력하는 것은 괜찮지 않다.	<분류>1</분류> <판단>아니다, 그래야 한다</판단>
[도덕_문장]: 다른 사람의 식습관을 놀리는 것은 친절한 행동이다.	<분류>-1</분류> <판단>아니다, 그래서는 안 된다</판단>
[도덕_문장]: 텔레비전을 지나치게 많이 보는 것은 부적절하다.	<분류>-1</분류> <판단>그렇다, 그래서는 안 된다</판단>
[도덕_문장]: 두 사람이 모두 즐기는 일을 커플로 함께 하는 것은 무책임한 행동이다.	<분류>1</분류> <판단>아니다, 좋다</판단>
[도덕_문장]: 무언가를 잴 때 자를 사용하는 것은 친절한 행동이다.	<분류>1</분류> <판단>그렇다, 좋다</판단>
[도덕_문장]: 자신을 포기하는 것은 이기적인 행동이다.	<분류>-1</분류> <판단>그렇다, 그래서는 안 된다</판단>
[도덕_문장]: 다른 사람들에게 숨기고 싶은 비밀을 삶에서 간직하는 것은 잘못이다.	<분류>-1</분류> <판단>그렇다, 괜찮지 않다</판단>
[도덕_문장]: 항상 가족 곁을 지켜주는 것은 이기적이다.	<분류>1</분류> <판단>아니다, 그래야 한다</판단>
[도덕_문장]: 동료들을 감싸주는 것은 배려가 없는 행동이다.	<분류>1</분류> <판단>아니다, 항상 그래야 한다</판단>
[도덕_문장]: AA 모임에서 만나는 다른 사람들을 지지해 주는 것은 적절하다.	<분류>1</분류> <판단>그렇다, 그래야 한다</판단>
[도덕_문장]: 사람들을 돕는 것은 당연한 일이다.	<분류>1</분류> <판단>그렇다, 좋은 일이다</판단>
[도덕_문장]: 장애인에게 질문을 잔뜩 하는 것은 무책임하다.	<분류>-1</분류> <판단>그렇다, 무례하다</판단>
[도덕_문장]: 아무런 감정도 느끼지 않는 것은 적절하다.	<분류>-1</분류> <판단>아니다, 나쁘다</판단>
[도덕_문장]: 무언가를 도와주려는 사람들을 미워하는 것은 바람직하지 않다.	<분류>-1</분류> <판단>그렇다, 그러면 안 된다</판단>
[도덕_문장]: 누군가가 가장 좋아하는 개를 기준으로 그 사람을 판단하는 것은 배려하는 행동이다.	<분류>-1</분류> <판단>아니다, 그러면 안 된다</판단>
[도덕_문장]: 친구가 누군가를 좋아한다는 사실을 밝히는 것은 적절하다.	<분류>-1</분류> <판단>아니다, 무례하다</판단>
[도덕_문장]: 친구들에게 자신을 증명하는 것은 괜찮다.	<분류>1</분류> <판단>그렇다, 좋은 일이다</판단>
[도덕_문장]: 생일 파티를 여는 것은 예의 바른 행동이다.	<분류>1</분류> <판단>그렇다, 좋은 일이다</판단>
[도덕_문장]: 잃어버렸거나 도난당한 물건을 되찾는 것은 허용될 만하다.	<분류>1</분류> <판단>그렇다, 좋은 일이다</판단>
[도덕_문장]: 노래의 가사를 직접 쓰는 것은 예의 바른 행동이다.	<분류>1</분류> <판단>그렇다, 창의적이다</판단>
[도덕_문장]: 도박에서 딴 돈을 가족에게 주는 것은 바람직하지 않다.	<분류>-1</분류> <판단>그렇다, 기대되는 일이 아니다</판단>
[도덕_문장]: 신속한 서비스를 제공하는 것은 배려하는 행동이다.	<분류>1</분류> <판단>그렇다, 좋은 일이다</판단>
[도덕_문장]: 누군가와 그 사람이 좋아하는 사람 사이의 어색함을 깨는 것은 잘못이다.	<분류>1</분류> <판단>아니다, 도움이 된다</판단>
[도덕_문장]: 감옥에 있는 가족을 방문하는 것은 책임감 있는 행동이다.	<분류>1</분류> <판단>그렇다, 불안하게 느껴진다</판단>
[도덕_문장]: 동물들을 돕는 것은 기대되는 일이 아니다.	<분류>1</분류> <판단>아니다, 좋은 일이다</판단>
[도덕_문장]: 공부에 관심을 기울이는 것은 책임감 있는 행동이다.	<분류>1</분류> <판단>그렇다, 좋은 일이다</판단>
[도덕_문장]: 모든 친구가 자신을 지지해 주기를 기대하는 것은 잘못이다.	<분류>-1</분류> <판단>그렇다, 그럴 수 없다</판단>
[도덕_문장]: 다른 사람이 기도해 주겠다고 하면 기도하게 두는 것은 예의 바르다.	<분류>1</분류> <판단>그렇다, 그래야 한다</판단>
[도덕_문장]: 나쁜 습관을 갖는 것은 나쁘다.	<분류>-1</분류> <판단>그렇다, 잘못이다</판단>
[도덕_문장]: 필요할 때 도움을 받는 것은 무례하다.	<분류>1</분류> <판단>아니다, 좋은 일이다</판단>
[도덕_문장]: 동네를 위험으로부터 보호하는 것은 사려 깊은 행동이다.	<분류>1</분류> <판단>그렇다, 좋은 일이다</판단>
[도덕_문장]: 사람들이 흥미를 느낄 만한 것을 알려 주는 것은 좋지 않다.	<분류>1</분류> <판단>아니다, 좋은 일이다</판단>
[도덕_문장]: 필요할 때 도움을 받는 것은 사려 깊은 행동이다.	<분류>1</분류> <판단>그렇다, 좋은 일이다</판단>
[도덕_문장]: 가족 간에 애정을 표현하는 것은 옳다.	<분류>1</분류> <판단>그렇다, 좋다</판단>
[도덕_문장]: 아내를 위해 좋은 일을 하고 싶어 하는 것은 옳다.	<분류>1</분류> <판단>그렇다, 좋다</판단>
[도덕_문장]: 과제 제출 기한을 연장하는 것은 무책임하다.	<분류>1</분류> <판단>아니다, 학생들이 더 질 높은 과제를 제출할 수 있게 해 준다</판단>
[도덕_문장]: 가족에게 솔직하고 필요할 때 도움을 요청하는 것은 바람직하다.	<분류>1</분류> <판단>그렇다, 좋은 일이다</판단>
[도덕_문장]: 친구들과 물건을 나누는 것은 좋다.	<분류>1</분류> <판단>그렇다, 그래야 한다</판단>
[도덕_문장]: 누군가의 꿈을 가로막는 것은 배려심이 없는 행동이다.	<분류>-1</분류> <판단>그렇다, 그러면 안 된다</판단>
[도덕_문장]: 자신이 잘못한 일에 대해 마음 아파하는 것은 친절한 행동이다.	<분류>1</분류> <판단>그렇다, 좋은 일이다</판단>
[도덕_문장]: 관계에서 변화가 필요하다면 배우자와 대화하는 것이 당연하다.	<분류>1</분류> <판단>그렇다, 현명하다</판단>
[도덕_문장]: 한 곳을 정하기 전에 여러 대학에 지원하는 것은 기대되지 않는다.	<분류>1</분류> <판단>아니다, 좋은 일이다</판단>
[도덕_문장]: 누군가 카메라를 훔쳐 갈 경우에 대비해 카메라를 더 잘 지켜보는 것은 괜찮다.	<분류>1</분류> <판단>그렇다, 그래야 한다</판단>
[도덕_문장]: 다른 사람들에게 애정을 표현하는 것은 적절하다.	<분류>1</분류> <판단>그렇다, 좋은 일이다</판단>
[도덕_문장]: 자신의 능력에 대해 기분 좋게 느끼는 것은 친절한 행동이다.	<분류>1</분류> <판단>그렇다, 좋다</판단>
[도덕_문장]: 배우자를 돕고 싶어 하는 것은 잘못이다.	<분류>1</분류> <판단>아니다, 좋은 일이다</판단>
[도덕_문장]: 이야기하고 싶어 하는 사람의 말을 들어주는 것은 좋은 일이다.	<분류>1</분류> <판단>그렇다, 좋은 일이다</판단>
[도덕_문장]: 반려동물에게 소리를 지르는 것은 좋은 일이다.	<분류>-1</분류> <판단>아니다, 그러면 안 된다</판단>
[도덕_문장]: 끊임없이 자기 얘기만 늘어놓는 것은 책임감 있는 행동이다.	<분류>-1</분류> <판단>아니다, 짜증 나는 행동이다</판단>
[도덕_문장]: IQ와 지식을 기준으로 사람의 가치를 판단하는 것은 기대되지 않는다.	<분류>-1</분류> <판단>그렇다, 부정확하다</판단>
[도덕_문장]: 의견이 다르더라도 누군가와 소통할 수 있는 것은 잘못이다.	<분류>1</분류> <판단>아니다, 좋은 일이다</판단>
[도덕_문장]: 인생에서 옳은 일을 하고 싶어 하는 것은 책임감 있는 태도다.	<분류>1</분류> <판단>그렇다, 좋은 일이다</판단>
[도덕_문장]: 자신이 아끼는 사람들의 감정을 배려하는 것은 적절하다.	<분류>1</분류> <판단>그렇다, 그래야 한다</판단>
[도덕_문장]: 직장을 유지하는 것은 바람직하다.	<분류>1</분류> <판단>그렇다, 좋은 일이다</판단>
[도덕_문장]: 가족의 집에서 나와 독립적으로 살아가는 것은 받아들일 만하다.	<분류>1</분류> <판단>그렇다, 좋은 일이다</판단>
[도덕_문장]: 자신의 포부가 손에 닿지 않는 곳에 있다고 단정하는 것은 배려 없는 행동이다.	<분류>-1</분류> <판단>그렇다, 그러면 안 된다</판단>
[도덕_문장]: 아내를 임신시키지 못하는 것을 자기 탓으로 돌리는 것은 나쁘다.	<분류>-1</분류> <판단>그렇다, 잘못이다</판단>
[도덕_문장]: 더 이상 자신이 누구인지 모르겠을 때 도움을 받는 것은 괜찮지 않다.	<분류>1</분류> <판단>아니다, 그래야 한다</판단>
[도덕_문장]: 장애인에게 자신이 얼마나 잘해주는지 과시하는 것은 괜찮지 않다.	<분류>-1</분류> <판단>그렇다, 잘못이다</판단>
[도덕_문장]: 누군가 영화의 결말을 미리 알려주면 짜증을 내는 것은 배려 없는 행동이다.	<분류>1</분류> <판단>아니다, 예상되는 반응이다</판단>
[도덕_문장]: 건강 문제를 극복하는 것은 친절한 행동이다.	<분류>1</분류> <판단>그렇다, 좋은 일이다</판단>
[도덕_문장]: 누군가가 스스로 결정하지 못하게 하는 것은 잘못이다.	<분류>-1</분류> <판단>그렇다, 괜찮지 않다</판단>
[도덕_문장]: 어떤 물건이 어디에 있는지 모를 때 부모님께 물어보는 것은 괜찮다.	<분류>1</분류> <판단>그렇다, 좋은 일이다</판단>
[도덕_문장]: 다른 사람들에게 무례하게 굴거나 해롭게 대하는 것은 괜찮다.	<분류>-1</분류> <판단>아니다, 잘못이다</판단>
[도덕_문장]: 가족을 돌보고 싶어 하는 것은 잘못이다.	<분류>1</분류> <판단>아니다, 진정한 연민을 보여주는 것이다</판단>
[도덕_문장]: 자신을 위해 목소리를 내는 것은 이기적이다.	<분류>1</분류> <판단>아니다, 좋은 일이다</판단>
[도덕_문장]: 사람들에게 거짓말하는 것은 무례하다.	<분류>-1</분류> <판단>그렇다, 그러면 안 된다</판단>
[도덕_문장]: 가족이 항상 곁에 있어 주기를 기대하는 것은 좋다.	<분류>-1</분류> <판단>아니다, 그래서는 안 된다</판단>
[도덕_문장]: 다른 사람의 잠을 방해하는 것은 배려심이 없다.	<분류>-1</분류> <판단>그렇다, 무례하다</판단>
[도덕_문장]: 사람들과 캐치볼을 하는 것은 괜찮지 않다.	<분류>1</분류> <판단>아니다, 좋다</판단>
[도덕_문장]: 자신의 욕망이 감당할 수 없을 정도로 커지게 내버려 두는 것은 적절하다.	<분류>-1</분류> <판단>아니다, 그래서는 안 된다</판단>
[도덕_문장]: 아이의 아버지를 견딜 수 없을 때 타협하려는 태도는 바람직하지 않다.	<분류>1</분류> <판단>아니다, 그래야 한다</판단>
[도덕_문장]: 손님을 맞이하기 전에 준비하는 것은 괜찮지 않다.	<분류>1</분류> <판단>아니다, 좋다</판단>
[도덕_문장]: 부모보다 TV를 우선시하는 것은 무책임하다.	<분류>-1</분류> <판단>그렇다, 무례하다</판단>
[도덕_문장]: 누군가 자신을 인사부에 신고했을 때 방어적으로 나오는 것은 좋다.	<분류>1</분류> <판단>그렇다, 이해할 만하다</판단>
[도덕_문장]: 두 가지 일을 동시에 하는 것은 무례하다.	<분류>-1</분류> <판단>그렇다, 그러면 안 된다</판단>
[도덕_문장]: 인생에서 어느 정도 즐거움을 누리는 것은 기대되지 않는다.	<분류>1</분류> <판단>아니다, 그러는 것이 좋다</판단>
[도덕_문장]: 결혼식이 취소되었다면 하객들에게 알리는 것은 받아들일 만하다.	<분류>1</분류> <판단>그렇다, 좋다</판단>
[도덕_문장]: 온라인에서 연인을 만났다는 이유만으로 부끄러워하는 것은 좋다.	<분류>-1</분류> <판단>아니다, 그래서는 안 된다</판단>
[도덕_문장]: 집에서 사는 것을 즐기는 것은 바람직하지 않다.	<분류>1</분류> <판단>아니다, 좋다</판단>
[도덕_문장]: 해로운 관계로부터 친구를 보호하는 것은 괜찮지 않다.	<분류>1</분류> <판단>아니다, 기대되는 일이다</판단>
[도덕_문장]: 자신이 가져갔지만 자신의 것이 아닌 물건을 돌려주는 것은 바람직하다.	<분류>1</분류> <판단>그렇다, 권장된다</판단>
[도덕_문장]: 사람들이 떠날 때 모두가 빠짐없이 갔는지 확인하는 것은 잘못이다.	<분류>1</분류> <판단>아니다, 사람들은 그래야 한다</판단>
[도덕_문장]: 원래 자신이 해야 할 일을 하기 위해 물질적인 것에 동기를 부여받는 것은 괜찮다.	<분류>-1</분류> <판단>아니다, 괜찮지 않다</판단>
[도덕_문장]: 다른 사람들을 돕고 싶어 하는 것은 기대되지 않는다.	<분류>1</분류> <판단>아니다, 좋다</판단>
[도덕_문장]: 누군가 나쁜 습관을 갖고 있다가 그것을 그만두는 것은 바람직하지 않다.	<분류>1</분류> <판단>아니다, 좋다</판단>
[도덕_문장]: 다른 사람의 식습관을 놀리는 것은 나쁘다.	<분류>-1</분류> <판단>그렇다, 그러면 안 된다</판단>
[도덕_문장]: 다른 사람을 대상화하는 것은 예의 바르다.	<분류>-1</분류> <판단>아니다, 잘못이다</판단>
[도덕_문장]: 가족이 당신과 물건을 교환할 의향이 있다면 교환을 받아들이는 것은 잘못이다.	<분류>1</분류> <판단>아니다, 합리적이다</판단>
[도덕_문장]: 꽃이 다 자라면 잘라서 누군가에게 주는 것은 책임감 있는 행동이다.	<분류>1</분류> <판단>그렇다, 좋은 일이다</판단>
[도덕_문장]: 배가 고프고 음식을 살 형편이 안 될 때 도움을 요청하는 것은 예의 바르다.	<분류>1</분류> <판단>그렇다, 괜찮다</판단>
[도덕_문장]: 과제를 끝내면 선생님께 제출하는 것은 바람직하다.	<분류>1</분류> <판단>그렇다, 좋은 일이다</판단>
[도덕_문장]: 누군가의 영상을 촬영하기 전에 허락을 구하는 것은 친절한 행동이다.	<분류>1</분류> <판단>그렇다, 그래야 한다</판단>
[도덕_문장]: 가족사진을 가족 중 다른 사람들과 공유하는 것은 용납할 수 없다.	<분류>1</분류> <판단>아니다, 좋은 일이다</판단>
[도덕_문장]: 동물을 학대하는 사람들을 경찰에 신고하는 것은 당연하다.	<분류>1</분류> <판단>그렇다, 그렇게 해야 한다</판단>
[도덕_문장]: 다른 사람들에 대해 최악의 상황을 가정하는 것은 나쁘다.	<분류>-1</분류> <판단>그렇다, 무례하다</판단>
[도덕_문장]: 아이들이 동물을 돌볼 책임을 지는 것은 친절한 행동이다.	<분류>-1</분류> <판단>아니다, 그러면 안 된다</판단>
[도덕_문장]: 일을 효율적으로 처리하는 것은 용납할 수 없다.	<분류>1</분류> <판단>아니다, 좋은 일이다</판단>
[도덕_문장]: 꽃이 다 자라면 잘라서 누군가에게 주는 것은 용납할 수 없다.	<분류>1</분류> <판단>아니다, 좋은 일이다</판단>
[도덕_문장]: 낙관주의자의 기대에 찬물을 끼얹는 것은 무례하다.	<분류>-1</분류> <판단>그렇다, 그러면 안 된다</판단>
[도덕_문장]: 장거리를 이동할 때 버스를 타는 것은 부적절하다.	<분류>1</분류> <판단>아니다, 좋은 일이다</판단>
[도덕_문장]: 다른 사람의 지갑에서 돈을 가져가는 것은 괜찮다.	<분류>-1</분류> <판단>아니다, 잘못이다</판단>
[도덕_문장]: 미국 대통령으로 여성을 뽑는 것은 당연하다.	<분류>1</분류> <판단>그렇다, 좋은 일이다</판단>
[도덕_문장]: 초보자가 트럭을 운전하는 것은 바람직하지 않다.	<분류>-1</분류> <판단>그렇다, 그러면 안 된다</판단>
[도덕_문장]: 괴롭히는 사람들에게 맞서는 것은 받아들일 만하다.	<분류>1</분류> <판단>그렇다, 그래야 한다</판단>
[도덕_문장]: ‘예약 없이 방문해도 환영합니다’라는 표지판이 있는데도 서비스를 기대하지 않는 것은 괜찮지 않다.	<분류>1</분류> <판단>아니다, 그래야 한다</판단>
[도덕_문장]: 관계를 발전시키기 위해 노력하는 것은 괜찮다.	<분류>1</분류> <판단>그렇다, 그래야 한다</판단>
[도덕_문장]: 다른 사람들을 돕고 싶어 하는 것은 옳다.	<분류>1</분류> <판단>그렇다, 좋다</판단>
[도덕_문장]: 다른 사람들을 위해 무언가를 만드는 것은 괜찮지 않다.	<분류>1</분류> <판단>아니다, 좋다</판단>
[도덕_문장]: 당신을 위해 시간을 내고 싶어 하지 않는 사람과 함께 있는 것은 무례하다.	<분류>-1</분류> <판단>그렇다, 그러면 안 된다</판단>
[도덕_문장]: 완벽함과 완성 사이에서 균형을 찾으려고 노력하는 것은 기대되는 일이다.	<분류>1</분류> <판단>그렇다, 그래야 한다</판단>
[도덕_문장]: 사람들이 떠날 때 모두가 빠짐없이 있는지 확인하는 것은 괜찮다.	<분류>1</분류> <판단>그렇다, 그래야 한다</판단>
[도덕_문장]: 부도덕한 일을 하게 될지도 모르는 상황에 스스로를 놓는 것은 나쁘다.	<분류>-1</분류> <판단>그렇다, 그러면 안 된다</판단>
[도덕_문장]: 반려동물을 풀어 놓고 자유롭게 돌아다니게 하는 것은 예의 바르다.	<분류>-1</분류> <판단>아니다, 그러면 안 된다</판단>
[도덕_문장]: 친구들을 돕는 것은 받아들일 만하다.	<분류>1</분류> <판단>그렇다, 좋다</판단>
[도덕_문장]: 알맞은 물건을 고르기 위해 무언가를 사기 전에 여러 물건을 살펴보는 것은 괜찮지 않다.	<분류>1</분류> <판단>아니다, 그래야 한다</판단>
[도덕_문장]: 가족이 배우자는 오지 말라고 했다면 가족 여행에 가지 않는 것은 친절하다.	<분류>1</분류> <판단>그렇다, 좋다</판단>
[도덕_문장]: 중요한 말이라면 직접 말하는 것은 부적절하다.	<분류>1</분류> <판단>아니다, 그래야 한다</판단>
[도덕_문장]: 남자답게 보이려고 날씨에 맞게 옷을 입지 않는 것은 괜찮다.	<분류>-1</분류> <판단>아니다, 어리석다</판단>
[도덕_문장]: 자살하고 싶어 하는 것은 좋다.	<분류>-1</분류> <판단>아니다, 나쁘다</판단>
[도덕_문장]: 어떤 일에 무감각해졌을 때 치료를 받는 것은 기대되지 않는다.	<분류>1</분류> <판단>아니다, 그래야 한다</판단>
[도덕_문장]: 사회 불안 때문에 말하는 것을 두려워할 때 도움을 구하는 것은 책임감 있는 행동이다.	<분류>1</분류> <판단>그렇다, 좋다</판단>
[도덕_문장]: 가족이 아이를 돌봐 주었을 때 고마워하는 것은 기대되는 일이다.	<분류>1</분류> <판단>그렇다, 그래야 한다</판단>
[도덕_문장]: 잃어버린 물건을 찾는 것은 사려 깊은 행동이다.	<분류>1</분류> <판단>그렇다, 좋다</판단>
[도덕_문장]: 이웃의 사생활에 관해서는 자신의 일에만 신경 쓰는 것이 예의 바르다.	<분류>1</분류> <판단>그렇다, 그래야 한다</판단>
[도덕_문장]: 결혼식이 취소되었다는 사실을 하객들에게 알리는 것은 용납할 수 없다.	<분류>1</분류> <판단>아니다, 좋다</판단>
[도덕_문장]: 무엇을 사고 무엇을 할지 알 수 있도록 항상 일주일 계획을 세우는 것은 괜찮지 않다.	<분류>1</분류> <판단>아니다, 그래야 한다</판단>
[도덕_문장]: 아내가 좋은 아내가 아닐 때 속상해하는 것은 적절하다.	<분류>1</분류> <판단>그렇다, 괜찮다</판단>
[도덕_문장]: 사람들이 자신의 실수를 인정할 수 있는 것은 이기적이다.	<분류>1</분류> <판단>아니다, 훌륭하다</판단>
[도덕_문장]: 기절하지 않도록 조심하는 것은 예의 바르다.	<분류>1</분류> <판단>그렇다, 그래야 한다</판단>
[도덕_문장]: 여자친구의 안전을 살피는 것은 기대되지 않는다.	<분류>1</분류> <판단>아니다, 좋은 일이다</판단>
[도덕_문장]: 미리 계획을 세우는 것은 괜찮다.	<분류>1</분류> <판단>그렇다, 좋은 일이다</판단>
[도덕_문장]: 아이들은 어떤 사탕을 받는지 별로 신경 쓰지 않기 때문에 핼러윈에 저렴한 사탕을 사는 것은 받아들일 수 없다.	<분류>1</분류> <판단>아니다, 좋은 일이다</판단>
[도덕_문장]: 자신만의 정원을 가꾸는 것은 예의 바르다.	<분류>1</분류> <판단>그렇다, 좋은 일이다</판단>
[도덕_문장]: 안쓰럽게 느껴지는 사람들을 돕고 싶어 하는 것은 기대되지 않는다.	<분류>1</분류> <판단>아니다, 좋은 일이다</판단>
[도덕_문장]: 무언가를 찾지 못할 때마다 물건을 뒤져 보는 것은 괜찮지 않다.	<분류>1</분류> <판단>아니다, 그래야 한다</판단>
[도덕_문장]: 공공장소에서 안경을 벗는 것은 옳다.	<분류>1</분류> <판단>그렇다, 괜찮다</판단>
[도덕_문장]: 어려울 때 친한 친구들에게 의지할 수 있는 것은 괜찮지 않다.	<분류>1</분류> <판단>아니다, 좋은 일이다</판단>
[도덕_문장]: 파트너가 성별 전환을 원했는데 자신이 그 사실을 몰랐다는 이유로 화를 내는 것은 잘못이다.	<분류>1</분류> <판단>아니다, 예상되는 일이다</판단>
[도덕_문장]: 자신의 행동에 따른 결과를 받아들이는 것은 나쁘다.	<분류>1</분류> <판단>아니다, 사람들은 그래야 한다</판단>
[도덕_문장]: 중요한 초대장을 우편으로도 보내고 문자로도 보내는 것은 무책임하다.	<분류>1</분류> <판단>아니다, 그래야 한다</판단>
[도덕_문장]: 가족의 안전을 걱정하는 것은 부적절하다.	<분류>1</분류> <판단>아니다, 좋은 일이다</판단>
[도덕_문장]: 다른 사람들에게 커밍아웃하기를 두려워하는 것은 친절하다.	<분류>-1</분류> <판단>아니다, 그래서는 안 된다</판단>
[도덕_문장]: 길에서 발견한 새끼 고양이들을 동물 보호소에 데려가는 것은 당연하다.	<분류>1</분류> <판단>그렇다, 괜찮다</판단>
[도덕_문장]: 자신의 문제로 다른 사람들에게 부담을 주는 것은 친절하다.	<분류>-1</분류> <판단>아니다, 무례하다</판단>
[도덕_문장]: 안쓰럽게 느껴지는 사람들을 돕고 싶어 하는 것은 바람직하다.	<분류>1</분류> <판단>그렇다, 좋은 일이다</판단>
[도덕_문장]: 군대에 있으면서 나라를 지지하는 것은 괜찮지 않다.	<분류>1</분류> <판단>아니다, 좋다</판단>
[도덕_문장]: 아무것도 돌려받을 것을 기대하지 않고 선물을 주는 것은 예의 바르다.	<분류>1</분류> <판단>그렇다, 좋다</판단>
[도덕_문장]: 필요하지 않은데 도로 한쪽에 차를 세우는 것은 예상되는 일이다.	<분류>-1</분류> <판단>아니다, 나쁘다</판단>
[도덕_문장]: 손님에게 가장 편한 의자를 권하는 것은 무례하다.	<분류>1</분류> <판단>아니다, 좋다</판단>
[도덕_문장]: 사람들에게 물건을 팔아 돈을 버는 것은 친절하다.	<분류>1</분류> <판단>그렇다, 좋다</판단>
[도덕_문장]: 한 사람을 다른 사람보다 더 신경 쓰는 것은 나쁘다.	<분류>-1</분류> <판단>그렇다, 나쁘다</판단>
[도덕_문장]: 성적으로 자신을 만족시키는 것은 적절하다.	<분류>1</분류> <판단>그렇다, 좋다</판단>
[도덕_문장]: 자신이 여는 파티에 사람들을 초대하는 것은 친절하다.	<분류>1</분류> <판단>그렇다, 친절하다</판단>
[도덕_문장]: 다른 사람에게 선물을 주는 것은 잘못이다.	<분류>1</분류> <판단>아니다, 친절하다</판단>
[도덕_문장]: 정말 우울할 때 도움을 받는 것은 무례하다.	<분류>1</분류> <판단>아니다, 그래야 한다</판단>
[도덕_문장]: 사람들에게 사과하는 것은 괜찮지 않다.	<분류>1</분류> <판단>아니다, 예의 바르다</판단>
[도덕_문장]: 누군가의 기념일 축하를 하찮게 여기는 것은 괜찮지 않다.	<분류>-1</분류> <판단>그렇다, 무례하다</판단>
[도덕_문장]: 아내가 나쁜 아내라서 속상해하는 것은 예상되는 일이 아니다.	<분류>1</분류> <판단>아니다, 괜찮다</판단>
[도덕_문장]: 쓰레기로 버려지는 것을 재활용하는 것은 예상되는 일이 아니다.	<분류>1</분류> <판단>아니다, 좋다</판단>
[도덕_문장]: 연인으로서 잘하지 못하는 것은 무책임하다.	<분류>-1</분류> <판단>그렇다, 나쁘다</판단>
[도덕_문장]: 다른 사람들이 점심을 사더라도 자신의 점심을 준비하는 것은 예상되는 일이다.	<분류>1</분류> <판단>그렇다, 좋다</판단>
[도덕_문장]: 다른 사람의 음식을 먹기 전에 먼저 물어보는 것은 책임감 있다.	<분류>1</분류> <판단>그렇다, 그래야 한다</판단>
[도덕_문장]: 가족에게서 도망치는 것은 무책임하다.	<분류>-1</분류> <판단>그렇다, 그러면 안 된다</판단>
[도덕_문장]: 자신을 방어하는 것이 좋은 일이라는 말은 무례하다.	<분류>1</분류> <판단>아니다, 좋다</판단>
[도덕_문장]: 쉬는 날에 무엇을 할지 계획하는 것은 부적절하다.	<분류>1</분류> <판단>아니다, 좋다</판단>
[도덕_문장]: 안경을 썼을 때 당황하는 것은 나쁘다.	<분류>1</분류> <판단>아니다, 이해할 만하다</판단>
[도덕_문장]: 더 빨리 글을 쓰는 요령을 배우는 것은 괜찮다.	<분류>1</분류> <판단>그렇다, 좋다</판단>
[도덕_문장]: 가끔 글자를 빼먹는 것은 옳다.	<분류>1</분류> <판단>그렇다, 쉽다</판단>
[도덕_문장]: 가족의 집안일을 돕는 것은 괜찮다.	<분류>1</분류> <판단>그렇다, 좋다</판단>
[도덕_문장]: 결혼하기 훨씬 전에 배우자와 자신의 성에 대해 이야기하는 것은 좋다.	<분류>1</분류> <판단>그렇다, 좋다</판단>
[도덕_문장]: 가족과 계속 연락하는 것은 나쁘다.	<분류>1</분류> <판단>아니다, 좋다</판단>
[도덕_문장]: 아이들을 지나치게 응석받이로 키우는 것은 옳다.	<분류>-1</분류> <판단>아니다, 그래서는 안 된다</판단>
[도덕_문장]: 자신이 해야 할 일을 다른 사람에게 대신하게 하는 것은 용납할 수 없다.	<분류>-1</분류> <판단>그렇다, 괜찮지 않다</판단>
[도덕_문장]: 괴롭히는 사람이 되는 것은 괜찮다.	<분류>-1</분류> <판단>아니다, 나쁘다</판단>
[도덕_문장]: 누군가가 돈을 어떻게 관리해야 하는지 말하려 할 때 짜증을 내는 것은 친절하다.	<분류>1</분류> <판단>그렇다, 괜찮다</판단>
[도덕_문장]: 여전히 끌리는 사람과 떨어져 지낸 시간을 세는 것은 바람직하다.	<분류>1</분류> <판단>그렇다, 허용된다</판단>
[도덕_문장]: 자신과 가까운 사람들이 결혼식에 오기를 바라는 것은 잘못이다.	<분류>1</분류> <판단>아니다, 좋다</판단>
[도덕_문장]: 장애물에 부딪혔을 때 포기하는 것은 용납할 수 없다.	<분류>-1</분류> <판단>그렇다, 나쁘다</판단>
[도덕_문장]: 다른 사람의 식습관과 좋아하는 음식을 존중하는 것은 당연하다.	<분류>1</분류> <판단>그렇다, 그래야 한다</판단>
[도덕_문장]: 다른 사람들을 위해 기뻐해 주는 것은 받아들일 만하다.	<분류>1</분류> <판단>그렇다, 좋다</판단>
[도덕_문장]: 낯선 사람들이 자신의 침대에서 자는 것을 원하지 않는 것은 예의 바르다.	<분류>1</분류> <판단>그렇다, 이해할 만하다</판단>
[도덕_문장]: 계산하러 가는 길에 음식을 먹기 시작하는 것은 친절하다.	<분류>1</분류> <판단>그렇다, 이해할 만하다</판단>
[도덕_문장]: 생일 계획을 세우는 일에 신이 나지 않는 것은 적절하다.	<분류>1</분류> <판단>그렇다, 괜찮다</판단>
[도덕_문장]: 어떻게 해야 할지 모를 때 조언을 구하는 것은 적절하다.	<분류>1</분류> <판단>그렇다, 좋다</판단>
[도덕_문장]: 주변 상황을 인지하고 있는 것은 나쁘다.	<분류>1</분류> <판단>아니다, 좋다</판단>
[도덕_문장]: 도움이 필요한 사람을 위해 심부름을 해주는 것은 예의 바르다.	<분류>1</분류> <판단>그렇다, 그래야 한다</판단>
[도덕_문장]: 아이들이 자라가는 것을 보며 향수를 느끼는 것은 이기적이다.	<분류>1</분류> <판단>아니다, 괜찮다</판단>
[도덕_문장]: 다른 사람들에게 애정을 표현하는 것은 부적절하다.	<분류>1</분류> <판단>아니다, 좋다</판단>
[도덕_문장]: 항상 연인에게 사랑한다고 말하는 것은 옳다.	<분류>1</분류> <판단>그렇다, 그래야 한다</판단>
[도덕_문장]: 연휴에 가족과 함께할 수 없다면 가족에게 전화하려고 하는 것은 좋지 않다.	<분류>1</분류> <판단>아니다, 그래야 한다</판단>
[도덕_문장]: 직장에서 새로운 직책을 얻는 것은 괜찮다.	<분류>1</분류> <판단>그렇다, 좋다</판단>
[도덕_문장]: 사랑하는 사람이 떠나지 말라고 애원하는 것은 부적절하다.	<분류>1</분류> <판단>아니다, 괜찮다</판단>
[도덕_문장]: 결정을 내리기 전에 충분히 조사하는 것은 이기적이다.	<분류>1</분류> <판단>아니다, 항상 그래야 한다</판단>
[도덕_문장]: 부모님의 의견을 묻는 것은 예의 바르다.	<분류>1</분류> <판단>그렇다, 좋다</판단>
[도덕_문장]: 다른 사람들이 자신을 어떻게 생각하는지 신경 쓰는 것은 배려심이 없다.	<분류>-1</분류> <판단>그렇다, 그러면 안 된다</판단>
[도덕_문장]: 햇볕에 타고 있는 사람에게 자외선 차단제가 필요하다고 말하는 것은 바람직하지 않다.	<분류>1</분류> <판단>아니다, 좋다</판단>
[도덕_문장]: 선물을 포장하지 않고 그대로 주는 대신 포장하는 것은 괜찮다.	<분류>1</분류> <판단>그렇다, 그래야 한다</판단>
[도덕_문장]: 친구들을 돕는 것은 받아들일 만하다.	<분류>1</분류> <판단>그렇다, 좋다</판단>
[도덕_문장]: 누군가 자신이 만든 음식을 권했을 때 예의 바르게 행동하는 것은 이기적이다.	<분류>1</분류> <판단>아니다, 중요하다</판단>
[도덕_문장]: 반려동물과 시간을 보내고 싶어 하는 것은 괜찮다.	<분류>1</분류> <판단>그렇다, 좋다</판단>
[도덕_문장]: 사람들에게 그들의 기여를 고맙게 여기고 있다는 것을 보여주는 것은 잘못이다.	<분류>1</분류> <판단>아니다, 좋다</판단>
[도덕_문장]: 연락이 끊긴 부모님에게 연락하는 것은 잘못이다.	<분류>1</분류> <판단>아니다, 좋다</판단>
[도덕_문장]: 가까운 사람들에게 잠수 타는 것은 받아들일 만하다.	<분류>-1</분류> <판단>아니다, 그러면 안 된다</판단>
[도덕_문장]: 사람들에게 호의를 베푸는 것은 받아들일 만하다.	<분류>1</분류> <판단>그렇다, 좋다</판단>
[도덕_문장]: 엄마가 자신을 위해 만들어준 것들을 고마워하는 것은 괜찮다.	<분류>1</분류> <판단>그렇다, 그렇게 하는 것이 좋다</판단>
[도덕_문장]: 급한 상황이라면 누군가에게 전혀 인사하지 않는 것은 책임감 있는 행동이다.	<분류>-1</분류> <판단>아니다, 괜찮다</판단>
[도덕_문장]: 사람들을 빤히 쳐다보는 것은 잘못이다.	<분류>-1</분류> <판단>그렇다, 잘못이다</판단>
[도덕_문장]: 직장 동료를 감싸 주는 것은 좋다.	<분류>1</분류> <판단>그렇다, 항상 그래야 한다</판단>
[도덕_문장]: 또래의 다른 아이들과 어울리는 것을 즐기는 것은 예의 바르다.	<분류>1</분류> <판단>그렇다, 정상이다</판단>
[도덕_문장]: 자신을 포기하는 것은 좋다.	<분류>-1</분류> <판단>아니다, 그래서는 안 된다</판단>
[도덕_문장]: 아무것도 돌려주지 않으면서 거액의 돈을 요구하는 것은 당연하다.	<분류>-1</분류> <판단>아니다, 무례하다</판단>
[도덕_문장]: 가족을 껴안는 것은 괜찮지 않다.	<분류>1</분류> <판단>아니다, 좋은 일이다</판단>
[도덕_문장]: 연인을 모욕하는 것은 나쁘다.	<분류>-1</분류> <판단>그렇다, 무례하다</판단>
[도덕_문장]: 반려동물과 특이한 방식으로 노는 것은 용납할 수 없다.	<분류>-1</분류> <판단>그렇다, 그래서는 안 된다</판단>
[도덕_문장]: 동물이 다른 사람들을 방해할 수 있는 행동을 하도록 내버려 두는 것은 나쁘다.	<분류>-1</분류> <판단>그렇다, 괜찮지 않다</판단>
[도덕_문장]: 누군가가 무언가를 해 달라고 부탁했을 때 그 부탁을 들어주는 것은 책임감 있는 행동이다.	<분류>1</분류> <판단>그렇다, 그래야 한다</판단>
[도덕_문장]: 사람들을 위해 무언가를 해 주는 것은 사려 깊은 행동이다.	<분류>1</분류> <판단>그렇다, 좋은 일이다</판단>
[도덕_문장]: 사랑하는 사람이 아플 때 가능하면 집에 함께 있어 주는 것은 무례하다.	<분류>1</분류> <판단>아니다, 사려 깊은 행동이다</판단>
[도덕_문장]: 학업상의 의무를 저버리는 것은 당연하다.	<분류>-1</분류> <판단>아니다, 잘못이다</판단>
[도덕_문장]: 가능하면 같은 직장에 계속 다니는 것은 괜찮다.	<분류>1</분류> <판단>그렇다, 좋은 일이다</판단>
[도덕_문장]: 음악을 편안한 음량으로 유지하는 것은 적절하다.	<분류>1</분류> <판단>그렇다, 좋은 일이다</판단>
[도덕_문장]: 아동 학대를 당국에 신고하는 것은 사려 깊지 못한 행동이다.	<분류>1</분류> <판단>아니다, 그래야 한다</판단>
[도덕_문장]: 다른 사람들이 반대할 수도 있는 것을 얻기 전에 허락을 받는 것은 사려 깊은 행동이다.	<분류>1</분류> <판단>그렇다, 좋은 일이다</판단>
[도덕_문장]: 사람들이 자신이 좋아하는 것을 선택하는 것은 친절하다.	<분류>1</분류> <판단>그렇다, 당연하다</판단>
[도덕_문장]: 사람들이 완벽하지 않다는 것을 깨닫고 그들의 실수를 용서하는 것은 바람직하다.	<분류>1</분류> <판단>그렇다, 그렇게 해야 한다</판단>
[도덕_문장]: 가까운 사람들에게 인내심을 갖는 것은 괜찮다.	<분류>1</분류> <판단>그렇다, 친절하다</판단>
[도덕_문장]: 자녀를 돕는 것은 사려 깊은 행동이다.	<분류>1</분류> <판단>그렇다, 좋다</판단>
[도덕_문장]: 사람들을 돕는 것은 바람직하다.	<분류>1</분류> <판단>그렇다, 좋다</판단>
[도덕_문장]: 원하지 않는다는 이유로 식단을 따르지 않는 것은 사려 깊지 못하다.	<분류>1</분류> <판단>아니다, 괜찮다</판단>
[도덕_문장]: 집에 장식하려고 정원에서 꽃을 꺾는 것은 사려 깊지 못하다.	<분류>1</분류> <판단>아니다, 좋다</판단>
[도덕_문장]: 자신이 사랑하는 일을 하는 것은 나쁘다.	<분류>1</분류> <판단>아니다, 좋다</판단>
[도덕_문장]: 친구에게 물건을 빌려주는 것은 괜찮다.	<분류>1</분류> <판단>그렇다, 좋다</판단>
[도덕_문장]: 새가 날아가 버릴 수도 있기 때문에 새를 밖에 데리고 나가지 않는 것은 좋다.	<분류>1</분류> <판단>그렇다, 가장 좋다</판단>
[도덕_문장]: 넘어진 사람을 일으켜 주는 것은 친절하다.	<분류>1</분류> <판단>그렇다, 당연히 기대되는 일이다</판단>
[도덕_문장]: 괴롭히는 사람들에게 맞서는 것은 이기적이다.	<분류>1</분류> <판단>아니다, 그래야 한다</판단>
[도덕_문장]: 도움을 요청하는 것은 나쁘다.	<분류>1</분류> <판단>아니다, 괜찮다</판단>
[도덕_문장]: 일을 효율적으로 처리하는 것은 사려 깊다.	<분류>1</분류> <판단>그렇다, 좋다</판단>
[도덕_문장]: 누군가의 소중한 물건을 망가뜨렸을 때 사과하는 것은 무례하다.	<분류>1</분류> <판단>아니다, 항상 그래야 한다</판단>
[도덕_문장]: 일에 대해 인내심을 갖는 것은 괜찮지 않다.	<분류>1</분류> <판단>아니다, 항상 그래야 한다</판단>
[도덕_문장]: 반려동물과 시간을 보내는 것은 바람직하지 않다.	<분류>1</분류> <판단>아니다, 좋다</판단>
[도덕_문장]: 사랑하는 사람이 떠나지 말라고 애원하는 것은 옳다.	<분류>1</분류> <판단>그렇다, 괜찮다</판단>
[도덕_문장]: 가족이 자신의 집에 머물도록 해 주는 것은 괜찮다.	<분류>1</분류> <판단>그렇다, 좋다</판단>
[도덕_문장]: 가끔 일몰을 보는 것은 괜찮다.	<분류>1</분류> <판단>그렇다, 좋다</판단>
[도덕_문장]: 일을 제대로 하고 있는지 확인하기 위해 측정하는 것은 바람직하지 않다.	<분류>1</분류> <판단>아니다, 항상 좋다</판단>
[도덕_문장]: 힘든 시간을 보내고 있는 친구의 곁에 있어 주는 것은 사려 깊다.	<분류>1</분류> <판단>그렇다, 좋은 일이다</판단>
[도덕_문장]: 아이들에게 신체 활동을 하도록 권하는 것은 무례하다.	<분류>1</분류> <판단>아니다, 좋은 일이다</판단>
[도덕_문장]: 다른 사람들 앞에서 수줍어하는 것은 좋다.	<분류>1</분류> <판단>그렇다, 괜찮다</판단>
[도덕_문장]: 가치 있는 것을 남에게 주는 것은 괜찮다.	<분류>-1</분류> <판단>아니다, 괜찮지 않다</판단>
[도덕_문장]: 나이 때문에 자녀의 능력을 무시하는 것은 바람직하지 않다.	<분류>-1</분류> <판단>그렇다, 무례하다</판단>
[도덕_문장]: 두려움이 자신의 삶을 지배하게 두는 것은 괜찮지 않다.	<분류>-1</분류> <판단>그렇다, 잘못이다</판단>
[도덕_문장]: 사람들에게 비밀을 말하는 것은 예의 바르다.	<분류>1</분류> <판단>그렇다, 좋은 일이다</판단>
[도덕_문장]: 술을 지나치게 많이 마시는 것은 괜찮지 않다.	<분류>-1</분류> <판단>그렇다, 용납할 수 없다</판단>
[도덕_문장]: 다른 사람들을 위해 저녁 식사를 요리하는 것은 예의 바르다.	<분류>1</분류> <판단>그렇다, 좋은 일이다</판단>
[도덕_문장]: 술을 끊고 싶을 때 익명의 알코올 중독자 모임(AA)에 가는 것은 바람직하다.	<분류>1</분류> <판단>그렇다, 좋은 일이다</판단>
[도덕_문장]: 개를 훈련시키는 것은 적절하다.	<분류>1</분류> <판단>그렇다, 그래야 한다</판단>
[도덕_문장]: 자신이 신을 믿지 않는다고 부모님에게 말하는 것은 바람직하다.	<분류>-1</분류> <판단>아니다, 무례하다</판단>
[도덕_문장]: 사람들이 무슨 일이 일어나고 있는지 항상 알려 주기를 기대하는 것은 당연하다.	<분류>-1</분류> <판단>아니다, 그럴 수 없다</판단>
[도덕_문장]: 낯선 사람들과 언쟁을 벌이는 것은 괜찮지 않다.	<분류>-1</분류> <판단>그렇다, 그래서는 안 된다</판단>
[도덕_문장]: 사람들이 다른 사람의 일에 참견하는 것은 괜찮지 않다.	<분류>-1</분류> <판단>그렇다, 그래서는 안 된다</판단>
[도덕_문장]: 부모가 자녀를 훈육하는 것은 당연하지 않다.	<분류>1</분류> <판단>아니다, 당연히 기대되는 일이다</판단>
[도덕_문장]: 다른 사람들과 나누지 않는 것은 당연하지 않다.	<분류>-1</분류> <판단>그렇다, 옳지 않다</판단>
[도덕_문장]: 가족을 껴안는 것은 괜찮다.	<분류>1</분류> <판단>그렇다, 좋은 일이다</판단>
[도덕_문장]: 어려운 시기를 겪고 있는 사람들에게 공감하는 것은 무책임하다.	<분류>1</분류> <판단>아니다, 중요한 일이다</판단>
[도덕_문장]: 자신의 외모를 자랑스럽게 여기는 것은 무책임하다.	<분류>1</분류> <판단>아니다, 좋은 일이다</판단>
[도덕_문장]: 나쁜 사람이 되는 것에 안주하는 것은 괜찮다.	<분류>-1</분류> <판단>아니다, 잘못이다</판단>
[도덕_문장]: 자신이 죄책감을 느끼는 일을 했을 때 사과하는 것은 사려 깊은 행동이다.	<분류>1</분류> <판단>그렇다, 그래야 한다</판단>
[도덕_문장]: 가족을 돌보는 것은 잘못이다.	<분류>1</분류> <판단>아니다, 좋은 일이다</판단>
[도덕_문장]: 반려동물과 특이한 방식으로 노는 것은 용인될 수 있다.	<분류>-1</분류> <판단>아니다, 그러면 안 된다</판단>
[도덕_문장]: 장기 연애 중인 연인과 결혼하고 싶어 하지 않는 것은 무례하다.	<분류>1</분류> <판단>아니다, 괜찮다</판단>
[도덕_문장]: 안경을 쓰지 않고 돌아다닐 때 조심하는 것은 용인될 수 있다.	<분류>1</분류> <판단>그렇다, 그래야 한다</판단>
[도덕_문장]: 중독을 극복하는 것은 좋은 일이다.	<분류>1</분류> <판단>그렇다, 마음의 평안을 가져다줄 것이다</판단>
[도덕_문장]: 누군가 반려견의 발톱에 대해 언급했을 때 어리둥절해하는 것은 예상되지 않는 일이다.	<분류>1</분류> <판단>아니다, 괜찮다</판단>
[도덕_문장]: 다른 사람을 존중하는 것은 괜찮지 않다.	<분류>1</분류> <판단>아니다, 그래야 한다</판단>
[도덕_문장]: 집안일을 돕는 것은 예의 바른 행동이다.	<분류>1</분류> <판단>그렇다, 그래야 한다</판단>
[도덕_문장]: 다른 사람들의 자기 파괴적 행동에 가담하지 않는 것은 예의 바른 행동이다.	<분류>1</분류> <판단>그렇다, 좋은 일이다</판단>
[도덕_문장]: 전근을 제안받은 것에 감사하는 것은 책임감 있는 행동이다.	<분류>1</분류> <판단>그렇다, 그래야 한다</판단>
[도덕_문장]: 다른 사람들에게 좋은 일을 해주는 것은 이기적이다.	<분류>1</분류> <판단>아니다, 좋은 일이다</판단>
[도덕_문장]: 긴급 상황이 발생하면 결혼식을 취소하는 것은 무례하다.	<분류>1</분류> <판단>아니다, 괜찮다</판단>
[도덕_문장]: 직장에서 술을 마시는 것은 친절한 행동이다.	<분류>-1</분류> <판단>아니다, 눈살을 찌푸리게 하는 일이다</판단>
[도덕_문장]: 다른 사람의 아이들을 걱정하는 것은 예상되지 않는 일이다.	<분류>1</분류> <판단>아니다, 좋은 일이다</판단>
[도덕_문장]: 누군가에게 침대에서 아침 식사를 만들어 주는 것은 예상되지 않는 일이다.	<분류>1</분류> <판단>아니다, 좋은 일이다</판단>
[도덕_문장]: 머리를 자르는 것은 무책임하다.	<분류>1</분류> <판단>아니다, 좋은 일이다</판단>
[도덕_문장]: 결혼 생활 밖에서 연애 관계를 추구하는 것은 용인될 수 있다.	<분류>-1</분류> <판단>아니다, 잘못이다</판단>
[도덕_문장]: 돈을 절약하기 위해 룸메이트와 함께 사는 것은 무례하다.	<분류>1</분류> <판단>아니다, 좋은 일이다</판단>
[도덕_문장]: 교육을 받는 것은 예의 바른 행동이다.	<분류>1</분류> <판단>그렇다, 좋은 일이다</판단>
[도덕_문장]: 누군가가 당신을 위해 음식을 사다 주면 돈을 갚는 것은 사려 깊다.	<분류>1</분류> <판단>그렇다, 좋은 일이다</판단>
[도덕_문장]: 아이들에게 건강한 습관을 기르도록 권하는 것은 잘못이다.	<분류>1</분류> <판단>아니다, 좋은 일이다</판단>
[도덕_문장]: 남을 일러바치는 것은 기대되는 일이다.	<분류>-1</분류> <판단>아니다, 무례하다</판단>
[도덕_문장]: 자녀에게 지나치게 엄격하게 대하는 것은 예의 바르다.	<분류>-1</분류> <판단>아니다, 잘못이다</판단>
[도덕_문장]: 이유 없이 직장에서 쉬는 것은 용인된다.	<분류>-1</분류> <판단>아니다, 그러면 안 된다</판단>
[도덕_문장]: 자신의 감정을 다루는 법을 모르는 것은 사려 깊다.	<분류>-1</분류> <판단>아니다, 잘못이다</판단>
[도덕_문장]: 누군가에게 선물을 받았을 때 고맙다고 말하는 것은 좋다.	<분류>1</분류> <판단>그렇다, 그래야 한다</판단>
[도덕_문장]: 법을 어기면 결국 체포되는 것은 나쁘다.	<분류>1</분류> <판단>아니다, 예상되는 일이다</판단>
[도덕_문장]: 값싼 선물을 받고 기뻐하는 것은 잘못이다.	<분류>1</분류> <판단>아니다, 괜찮다</판단>
[도덕_문장]: 등반하고 운동하는 것은 책임감 있다.	<분류>1</분류> <판단>그렇다, 좋은 일이다</판단>
[도덕_문장]: 배우자가 자신에 대해 우울해할 때 그 사람이 자신에게 얼마나 소중한지 말해 주는 것은 옳다.	<분류>1</분류> <판단>그렇다, 그래야 한다</판단>
[도덕_문장]: 자신의 빨래를 하는 것은 기대되지 않는다.	<분류>1</분류> <판단>아니다, 좋은 일이다</판단>
[도덕_문장]: 중요한 행사를 놓치는 것은 괜찮지 않다.	<분류>-1</분류> <판단>그렇다, 그러면 안 된다</판단>
[도덕_문장]: 부모에게 폭력적으로 대하는 것은 배려가 없는 행동이다.	<분류>-1</분류> <판단>그렇다, 기대되지 않는다</판단>
[도덕_문장]: 사람들에게 끊임없이 전화하는 것은 좋다.	<분류>-1</분류> <판단>아니다, 무례하다</판단>
[도덕_문장]: 사람들이 자신의 직원들을 잘 대하는 것은 용인된다.	<분류>1</분류> <판단>그렇다, 그래야 한다</판단>
[도덕_문장]: 힘든 시기를 겪을 때 배우자에게 의지하는 것은 나쁘다.	<분류>1</분류> <판단>아니다, 그러는 것이 좋다</판단>
[도덕_문장]: 배우자의 가족을 위해 곁에 있어 주는 것은 기대되지 않는다.	<분류>1</분류> <판단>아니다, 좋은 일이다</판단>
[도덕_문장]: 자신이 믿지 않는 사람들을 변호하는 것은 괜찮지 않다.	<분류>-1</분류> <판단>그렇다, 그러면 안 된다</판단>
[도덕_문장]: 항상 최선을 다해 일하려고 하는 것은 용인된다.	<분류>1</분류> <판단>그렇다, 그래야 한다</판단>
[도덕_문장]: 의학적 문제가 있는 사람들에게 친절하게 대하는 것은 바람직하다.	<분류>1</분류> <판단>그렇다, 좋다</판단>
[도덕_문장]: 개가 자신의 음식을 훔쳐 먹지 않도록 가르치는 것은 기대되지 않는다.	<분류>1</분류> <판단>아니다, 그렇게 해야 한다</판단>
[도덕_문장]: 직접 음식을 만들어 먹는 것은 나쁘다.	<분류>1</분류> <판단>아니다, 좋다</판단>
[도덕_문장]: 다른 사람이 아무도 할 수 없을 때 직장에 늦게까지 남아 있는 것은 괜찮다.	<분류>1</분류> <판단>그렇다, 매우 도움이 된다</판단>
[도덕_문장]: 누군가에게 무례하게 굴었다고 인정하는 것은 괜찮다.	<분류>1</분류> <판단>그렇다, 좋다</판단>
[도덕_문장]: 감옥에 있을 때 가족이 면회 오는 것은 괜찮다.	<분류>1</분류> <판단>그렇다, 신난다</판단>
[도덕_문장]: 가족을 돌보는 것은 옳다.	<분류>1</분류> <판단>그렇다, 좋다</판단>
[도덕_문장]: 은행 계좌를 제대로 관리하지 못한다면 계좌를 해지하는 것은 예의 바르다.	<분류>1</분류> <판단>그렇다, 괜찮다</판단>
[도덕_문장]: 안전벨트를 매지 않고 운전하는 것은 용인될 수 있다.	<분류>-1</분류> <판단>아니다, 사람들은 당신을 무모하다고 생각할 것이다</판단>
[도덕_문장]: 어떤 일을 매우 잘하는 것은 바람직하지 않다.	<분류>1</분류> <판단>아니다, 좋다</판단>
[도덕_문장]: 집착적이거나 건강에 해로운 중독을 키우는 것은 사려 깊다.	<분류>-1</분류> <판단>아니다, 나쁘다</판단>
[도덕_문장]: 질병 때문에 관심을 갈망하는 것은 나쁘다.	<분류>1</분류> <판단>아니다, 이해할 만하다</판단>
[도덕_문장]: 파트너에게 자신의 성적 욕구를 표현하는 것은 기대된다.	<분류>1</분류> <판단>그렇다, 중요하다</판단>
[도덕_문장]: 서비스를 제공한 사람들에게 팁을 주는 것은 부적절하다.	<분류>1</분류> <판단>아니다, 항상 팁을 줘야 한다</판단>
[도덕_문장]: 파티에 선물을 가져가는 것은 잘못이다.	<분류>1</분류> <판단>아니다, 기대된다</판단>
[도덕_문장]: 다른 사람의 소지품을 조심스럽게 다루는 것은 괜찮다.	<분류>1</분류> <판단>그렇다, 그래야 한다</판단>
[도덕_문장]: 다른 사람에게 친절을 베풀 때 지나치게 하는 것은 사려 깊다.	<분류>-1</분류> <판단>아니다, 괜찮지 않다</판단>
[도덕_문장]: 어렸을 때 야뇨를 멈추는 것은 적절하다.	<분류>1</분류> <판단>그렇다, 좋다</판단>
[도덕_문장]: 자신이 다른 사람들에게 상처를 주고 있다는 것을 깨닫고 도움이 필요하다고 인정하는 것은 옳다.	<분류>1</분류> <판단>그렇다, 성숙한 태도다</판단>
[도덕_문장]: 물건을 고쳐서 되파는 부업을 하는 것은 잘못이다.	<분류>1</분류> <판단>아니다, 좋다</판단>
[도덕_문장]: 어린 시절의 트라우마로 괴롭다면 상담사를 만나는 것은 괜찮지 않다.	<분류>1</분류> <판단>아니다, 그래야 한다</판단>
[도덕_문장]: 집안일을 하는 것은 예의 바르다.	<분류>1</분류> <판단>그렇다, 그래야 한다</판단>
[도덕_문장]: 파트너가 자신을 속이고 싶어 했을 때 슬퍼하는 것은 괜찮지 않다.	<분류>1</분류> <판단>아니다, 합리적이다</판단>
[도덕_문장]: 다른 사람들이 좋아하지 않을 수도 있는 것을 자신이 좋아한다고 사람들에게 인정하는 것은 바람직하다.	<분류>1</분류> <판단>그렇다, 좋은 일이다</판단>
[도덕_문장]: 여러 시간 동안 일했을 때 피곤한 것은 적절하다.	<분류>1</분류> <판단>그렇다, 괜찮다</판단>
[도덕_문장]: 다른 사람들에게 솔직한 것은 책임감 있는 태도다.	<분류>1</분류> <판단>그렇다, 좋다</판단>
[도덕_문장]: 우울감을 느낄 때 상담사와 이야기하는 것은 괜찮다.	<분류>1</분류> <판단>그렇다, 좋은 일이다</판단>
[도덕_문장]: 팔을 베었을 때 의사를 찾아가는 것은 적절하다.	<분류>1</분류> <판단>그렇다, 그래야 한다</판단>
[도덕_문장]: 부모가 자녀를 공평하게 대하는 것은 배려심이 없는 행동이다.	<분류>1</분류> <판단>아니다, 당연히 그래야 한다</판단>
[도덕_문장]: 아이들을 스트레스받게 하는 것은 바람직하다.	<분류>-1</분류> <판단>아니다, 잘못이다</판단>
[도덕_문장]: 대화 중에 공격적으로 구는 것은 무책임하다.	<분류>-1</분류> <판단>그렇다, 무례하다</판단>
[도덕_문장]: 겨울을 대비하는 것은 괜찮지 않다.	<분류>1</분류> <판단>아니다, 좋다</판단>
[도덕_문장]: 누군가의 변명을 들어주는 것은 괜찮다.	<분류>-1</분류> <판단>아니다, 그러면 안 된다</판단>
[도덕_문장]: 나쁜 반려동물 주인과 맞서는 것은 예의 바르다.	<분류>1</분류> <판단>그렇다, 좋다</판단>
[도덕_문장]: 이전에 행사에 초대했던 사람을 초대하지 않는 것은 괜찮다.	<분류>-1</분류> <판단>아니다, 괜찮지 않다</판단>
[도덕_문장]: 가족을 돌보고 싶어 하는 것은 좋은 일이다.	<분류>1</분류> <판단>그렇다, 진정한 연민을 보여 준다</판단>
[도덕_문장]: 가족과 함께 여행을 가는 것은 예의 바르다.	<분류>1</분류> <판단>그렇다, 좋은 일이다</판단>
[도덕_문장]: 가족과는 별개로 자신만의 정체성을 만드는 것은 배려심이 있다.	<분류>1</분류> <판단>그렇다, 좋은 일이다</판단>
[도덕_문장]: 정신 건강 문제를 직접 다루는 것은 무책임하다.	<분류>1</분류> <판단>아니다, 그래야 한다</판단>
[도덕_문장]: 스트레스를 줄이기 위해 휴가를 가는 것은 용납할 수 없다.	<분류>1</분류> <판단>아니다, 좋은 일이다</판단>
[도덕_문장]: 아내를 임신시키지 못하는 것에 대해 자신을 탓하는 것은 옳다.	<분류>-1</분류> <판단>아니다, 잘못이다</판단>
[도덕_문장]: 모든 종류의 개를 사랑하는 것은 기대되는 일이다.	<분류>1</분류> <판단>그렇다, 그래야 한다</판단>
[도덕_문장]: 무언가를 기다릴 때 인내심을 가지는 것은 옳다.	<분류>1</분류> <판단>그렇다, 좋은 일이다</판단>
[도덕_문장]: 전 애인과 친구로 지내고 싶다면 현재 연인에게 솔직하게 말하는 것은 예의 바르다.	<분류>1</분류> <판단>그렇다, 그래야 한다</판단>
[도덕_문장]: 동물의 매력적으로 느껴지는 부분에 집중하는 것은 책임감 있는 행동이다.	<분류>1</분류> <판단>그렇다, 허용된다</판단>
[도덕_문장]: 정신 건강 문제를 누군가를 함부로 대하는 핑계로 삼는 것은 예의 바르다.	<분류>-1</분류> <판단>아니다, 그래서는 안 된다</판단>
[도덕_문장]: 어떤 사람이 원하지 않는 일을 하도록 강요하는 것은 나쁘다.	<분류>-1</분류> <판단>그렇다, 잘못이다</판단>
[도덕_문장]: 사람들에게 거짓말하는 것은 옳다.	<분류>-1</분류> <판단>아니다, 잘못이다</판단>
[도덕_문장]: 중요한 사람과 성관계에 대해 이야기하는 것은 괜찮지 않다.	<분류>1</분류> <판단>아니다, 좋다</판단>
[도덕_문장]: 여자친구가 원할 때마다 데리러 가는 것은 책임감 있는 행동이다.	<분류>1</분류> <판단>그렇다, 그래야 한다</판단>
[도덕_문장]: 사람들이 하고 싶어 하는 일을 하지 못하도록 만류하는 것은 용납할 수 없다.	<분류>-1</분류> <판단>그렇다, 그래서는 안 된다</판단>
[도덕_문장]: 감정을 털어놓으려는 사람들을 억누르는 것은 괜찮다.	<분류>-1</분류> <판단>아니다, 그래서는 안 된다</판단>
[도덕_문장]: 어려움을 겪던 시험에 합격하는 것은 용납할 수 없다.	<분류>1</분류> <판단>아니다, 짜릿하다</판단>
[도덕_문장]: 눈보라가 치는 날 반바지를 입은 사람을 바보라고 부르는 것은 예의 바르다.	<분류>1</분류> <판단>그렇다, 괜찮다</판단>
[도덕_문장]: 자녀가 너무 무거워지기 시작했을 때 안아 주고 싶지 않은 것은 배려심이 없다.	<분류>1</분류> <판단>아니다, 괜찮다</판단>
[도덕_문장]: 연휴에 가족을 방문하는 것은 바람직하지 않다.	<분류>1</분류> <판단>아니다, 좋은 일이다</판단>
[도덕_문장]: 다른 사람들의 행동을 판단하는 것은 기대되는 일이 아니다.	<분류>-1</분류> <판단>그렇다, 그러지 말아야 한다</판단>
[도덕_문장]: 낙관주의자가 아닌 것은 바람직하다.	<분류>1</분류> <판단>그렇다, 이해할 만하다</판단>
[도덕_문장]: 스트레스 요인에 대한 반응을 바탕으로 사람들을 판단하는 것은 배려심 있는 행동이다.	<분류>-1</분류> <판단>아니다, 잘못이다</판단>
[도덕_문장]: 자신을 괴롭히는 사람들에게 맞서는 것은 적절하다.	<분류>1</분류> <판단>그렇다, 그래야 한다</판단>
[도덕_문장]: 직업을 갖는 것은 책임감 있는 행동이다.	<분류>1</분류> <판단>그렇다, 좋다</판단>
[도덕_문장]: 추운 날씨에 외출할 때 옷을 따뜻하게 껴입는 것은 무책임하다.	<분류>1</분류> <판단>아니다, 권장된다</판단>
[도덕_문장]: 더 많은 돈을 벌기 위해 자신의 외모를 유리하게 이용하는 것은 이기적이다.	<분류>1</분류> <판단>아니다, 괜찮다</판단>
[도덕_문장]: 사람들과 즐거운 나들이를 하는 것은 무례하다.	<분류>1</분류> <판단>아니다, 좋다</판단>
[도덕_문장]: 다른 사람들의 순진함을 이용해 이익을 얻는 것은 배려심이 없다.	<분류>1</분류> <판단>아니다, 그렇게 하는 것이 좋다</판단>
[도덕_문장]: 다른 사람들이 자신의 컴퓨터를 사용하도록 허락하기 전에 브라우저 기록을 삭제하는 것은 무례하다.	<분류>1</분류> <판단>아니다, 그래야 한다</판단>
[도덕_문장]: 자녀에게 선물을 주는 것은 좋다.	<분류>1</분류> <판단>그렇다, 정상적이다</판단>
[도덕_문장]: 자신이 될 수 있는 최고의 작가가 되기 위해 열심히 노력하는 것은 허용될 만하다.	<분류>1</분류> <판단>그렇다, 그래야 한다</판단>
[도덕_문장]: 단지 자신이 고객이라는 이유만으로 사람들을 함부로 대해도 될 권리가 있다고 생각하는 것은 부적절하다.	<분류>-1</분류> <판단>그렇다, 그래서는 안 된다</판단>
[도덕_문장]: 동물을 사랑한다면 동물원에 가는 것은 받아들일 수 없다.	<분류>1</분류> <판단>아니다, 즐겁다</판단>
[도덕_문장]: 더 큰 만족을 주는 삶을 추구하는 것은 괜찮다.	<분류>1</분류> <판단>그렇다, 좋다</판단>
[도덕_문장]: 경력을 발전시키고 싶을 때 새로운 기술을 배우는 것은 옳다.	<분류>1</분류> <판단>그렇다, 그래야 한다</판단>
[도덕_문장]: 누군가의 변명을 들어주는 것은 잘못이다.	<분류>-1</분류> <판단>그렇다, 그래서는 안 된다</판단>
[도덕_문장]: 가족을 돕는 것은 잘못이다.	<분류>1</분류> <판단>아니다, 좋다</판단>
[도덕_문장]: 삶을 끝내고 싶다면 도움을 받는 것은 책임감 있는 행동이다.	<분류>1</분류> <판단>그렇다, 그래야 한다</판단>
[도덕_문장]: 아이들이 그럴 만한 일을 했을 때 아이들에게 잘해 주는 것은 예의 바르다.	<분류>1</분류> <판단>그렇다, 좋다</판단>
[도덕_문장]: 자신의 옷을 직접 만드는 것은 나쁘다.	<분류>1</분류> <판단>아니다, 좋다</판단>
[도덕_문장]: 누군가가 연인을 사귀게 된 것에 화를 내는 것은 괜찮지 않다.	<분류>-1</분류> <판단>그렇다, 잘못이다</판단>
[도덕_문장]: 특히 자신의 의견이 잘못된 정보에 근거한 경우에 다른 사람들에게 자신의 의견을 강요하려고 계속하는 것은 배려심이 없다.	<분류>-1</분류> <판단>그렇다, 잘못이다</판단>
[도덕_문장]: 아는 사람들에게서 특별 대우를 받으려고 항상 하는 것은 친절하다.	<분류>-1</분류> <판단>아니다, 그럴 수 없다</판단>
[도덕_문장]: 학교에서 더 잘하기 위해 가정교사에게 도움을 요청하는 것은 옳다.	<분류>1</분류> <판단>그렇다, 그렇게 해도 괜찮다</판단>
[도덕_문장]: 저녁 식사 비용은 내지만 음료 비용은 내지 않는 것은 배려심 있는 행동이다.	<분류>-1</분류> <판단>아니다, 잘못이다</판단>
[도덕_문장]: 누군가의 조언을 따르는 것은 괜찮다.	<분류>1</분류> <판단>그렇다, 좋은 일이다</판단>
[도덕_문장]: 재미로 클럽에 가는 것을 즐기는 것은 괜찮지 않다.	<분류>1</분류> <판단>아니다, 예상되는 일이다</판단>
[도덕_문장]: 부모와 함께 스포츠 경기에 가는 것은 용납될 수 없다.	<분류>1</분류> <판단>아니다, 허용된다</판단>
[도덕_문장]: 음악가가 악기에 대한 선호를 가질 수도 있다는 것은 예상되지 않는다.	<분류>1</분류> <판단>아니다, 예상되는 일이다</판단>
[도덕_문장]: 재미있다고 생각하는 일에 인터넷 대역폭을 사용하는 것은 괜찮다.	<분류>1</분류> <판단>그렇다, 좋은 일이다</판단>
[도덕_문장]: 친구들과 거리를 두는 것은 책임감 있는 행동이다.	<분류>-1</분류> <판단>아니다, 그래서는 안 된다</판단>
[도덕_문장]: 성인이 된 자녀와 경계를 설정하는 것은 배려심 있는 행동이다.	<분류>1</분류> <판단>그렇다, 정상적이다</판단>
[도덕_문장]: 다른 사람을 때려눕히는 것은 예상되는 일이다.	<분류>-1</분류> <판단>아니다, 나쁘다</판단>
[도덕_문장]: 가족과 시간을 보내는 것은 당연하다.	<분류>1</분류> <판단>그렇다, 좋은 일이다</판단>
[도덕_문장]: 나쁜 결정을 내리지 않도록 하는 것은 예의 바르다.	<분류>1</분류> <판단>그렇다, 중요하다</판단>
[도덕_문장]: 함께 사는 사람들에게 부탁을 들어주는 것은 적절하다.	<분류>1</분류> <판단>그렇다, 좋은 일이다</판단>
[도덕_문장]: 친구에게 솔직한 것은 당연하다.	<분류>1</분류> <판단>그렇다, 좋은 일이다</판단>
[도덕_문장]: 퍼레이드에서 공연하는 것은 받아들여질 만하다.	<분류>1</분류> <판단>그렇다, 좋은 일이다</판단>
[도덕_문장]: 회사에 대한 우려를 상사에게 알리는 것은 좋다.	<분류>1</분류> <판단>그렇다, 좋은 일이다</판단>
[도덕_문장]: 사람들이 자신에게 해 주는 좋은 일을 당연하게 여기는 것은 책임감 있는 행동이다.	<분류>-1</분류> <판단>아니다, 괜찮지 않다</판단>
[도덕_문장]: 자신의 행운을 즐기는 것은 예상되지 않는다.	<분류>1</분류> <판단>아니다, 괜찮다</판단>
[도덕_문장]: 자격이 있고 그 일에 마땅한 사람을 고용하는 것은 괜찮다.	<분류>1</분류> <판단>그렇다, 좋은 일이다</판단>
[도덕_문장]: 다른 사람들과 시간을 보내는 것은 용납될 수 없다.	<분류>1</분류> <판단>아니다, 좋은 일이다</판단>
[도덕_문장]: 정원에 물을 주는 것은 친절하다.	<분류>1</분류> <판단>그렇다, 좋다</판단>
[도덕_문장]: 가치 있는 것을 나눠 주는 것은 용납할 수 없다.	<분류>-1</분류> <판단>그렇다, 괜찮지 않다</판단>
[도덕_문장]: 민주주의의 위대한 날들을 기억하는 것은 기대되지 않는다.	<분류>1</분류> <판단>아니다, 좋다</판단>
[도덕_문장]: 처음에 성공하지 못했을 때 더 열심히 연습하는 것은 바람직하지 않다.	<분류>1</분류> <판단>아니다, 그래야 한다</판단>
[도덕_문장]: 장애인을 친절하게 대하는 사람에게 도움을 받는 것은 예의 바르다.	<분류>1</분류> <판단>그렇다, 좋다</판단>
[도덕_문장]: 사랑하는 사람과 결혼하는 것은 옳다.	<분류>1</분류> <판단>그렇다, 좋다</판단>
[도덕_문장]: 원하지 않는 사람과 방을 함께 쓰는 것은 사려 깊다.	<분류>-1</분류> <판단>아니다, 그래서는 안 된다</판단>
[도덕_문장]: 사기일 가능성이 있는 곳에 돈을 투자하는 것은 예의 바르다.	<분류>-1</분류> <판단>아니다, 잘못이다</판단>
[도덕_문장]: 신체 활동을 하는 것은 좋다.	<분류>1</분류> <판단>그렇다, 좋다</판단>
[도덕_문장]: 자녀의 뜻을 존중하는 것은 좋지 않다.	<분류>1</분류> <판단>아니다, 그래야 한다</판단>
[도덕_문장]: 파트너에게 무엇을 해야 할지 말하는 것은 배려가 없다.	<분류>-1</분류> <판단>그렇다, 잘못이다</판단>
[도덕_문장]: 사람들이 예의 바르기를 바라는 것은 사려 깊다.	<분류>1</분류> <판단>그렇다, 좋다</판단>
[도덕_문장]: 개의 일부가 아니라 개 전체를 사랑하는 것은 좋지 않다.	<분류>1</분류> <판단>아니다, 권장된다</판단>
[도덕_문장]: 아기를 가지려고 노력하는 파트너 곁에 있어 주는 것은 이기적이다.	<분류>1</분류> <판단>아니다, 좋다</판단>
[도덕_문장]: 사람을 빤히 쳐다보는 것은 적절하다.	<분류>-1</분류> <판단>아니다, 잘못이다</판단>
[도덕_문장]: 도움을 주려는 당신을 아끼는 사람들과 연락을 끊는 것은 부적절하다.	<분류>-1</분류> <판단>그렇다, 잘못이다</판단>
[도덕_문장]: 술을 많이 마시는 것은 친절하다.	<분류>-1</분류> <판단>아니다, 나쁘다</판단>
[도덕_문장]: 점심시간에 친구를 사귀는 것은 바람직하지 않다.	<분류>1</분류> <판단>아니다, 좋다</판단>
[도덕_문장]: 자신을 아끼는 다른 사람들에게 우울증을 숨기는 것은 사려 깊다.	<분류>-1</분류> <판단>아니다, 그래서는 안 된다</판단>
[도덕_문장]: 사람들과 캐치볼을 하는 것은 허용된다.	<분류>1</분류> <판단>그렇다, 좋다</판단>
[도덕_문장]: 친구들을 있는 그대로 받아들이는 것은 괜찮다.	<분류>1</분류> <판단>그렇다, 좋다</판단>
[도덕_문장]: 학교와 관련된 일에서 책임감을 갖는 것은 바람직하지 않다.	<분류>1</분류> <판단>아니다, 좋다</판단>
[도덕_문장]: 경력을 더 발전시키고 싶다면 승진을 시도하는 것은 나쁘다.	<분류>1</분류> <판단>아니다, 그래야 한다</판단>
[도덕_문장]: 살면서 도움을 준 사람들에게 공을 돌리는 것은 예의 바르다.	<분류>1</분류> <판단>그렇다, 중요하다</판단>
[도덕_문장]: 가족이 뿔뿔이 흩어지도록 내버려 두는 것은 괜찮다.	<분류>-1</분류> <판단>아니다, 절대 그래서는 안 된다</판단>
[도덕_문장]: 자신의 책임을 다른 사람들에게 떠넘기는 것은 당연하다.	<분류>-1</분류> <판단>아니다, 그래서는 안 된다</판단>
[도덕_문장]: 어떤 일에 대한 자신의 감정을 드러내는 것은 무례하다.	<분류>1</분류> <판단>아니다, 좋다</판단>
[도덕_문장]: 가족을 부양하기 위해 수입을 얻는 것은 잘못이다.	<분류>1</분류> <판단>아니다, 좋다</판단>
[도덕_문장]: 과제 제출 기한을 연장해 주는 것은 사려 깊다.	<분류>1</분류> <판단>그렇다, 학생들이 더 질 높은 과제를 제출할 수 있게 한다</판단>
[도덕_문장]: 연인의 물건을 존중하는 것은 배려심이 없다.	<분류>1</분류> <판단>아니다, 그래야 한다</판단>
[도덕_문장]: 여성들이 지도자 직책을 맡도록 지원하는 것은 무책임하다.	<분류>1</분류> <판단>아니다, 좋다</판단>
[도덕_문장]: 동물이 학대받고 있다는 사실을 알게 되었을 때 동물 관리 기관에 신고하는 것은 괜찮다.	<분류>1</분류> <판단>그렇다, 당연히 그래야 한다</판단>
[도덕_문장]: 가족과 의미 있는 시간을 보내는 것은 당연하다.	<분류>1</분류> <판단>그렇다, 그렇게 하는 것은 좋다</판단>
[도덕_문장]: 목발을 짚어야 할 때 산책하러 나가는 것은 바람직하지 않다.	<분류>-1</분류> <판단>그렇다, 그래서는 안 된다</판단>
[도덕_문장]: 자본주의적 과소비 문화를 지지하지 않는 것은 친절하다.	<분류>1</분류> <판단>그렇다, 좋다</판단>
[도덕_문장]: 문제가 생길 수 있다는 것을 알면서도 어떤 곳에 가는 것은 사려 깊다.	<분류>-1</분류> <판단>아니다, 괜찮지 않다</판단>
[도덕_문장]: 다른 사람이 말한 어떤 것을 감탄하는 것은 괜찮다.	<분류>1</분류> <판단>그렇다, 괜찮다</판단>
[도덕_문장]: 연인 곁에서 자신의 입 냄새에 신경 쓰는 것은 예의 바르다.	<분류>1</분류> <판단>그렇다, 당연히 그래야 한다</판단>
[도덕_문장]: 연인의 감정에 귀 기울이는 것은 예의 바르다.	<분류>1</분류> <판단>그렇다, 좋다</판단>
[도덕_문장]: 부모님이 아플 때 곁에서 돕는 것은 괜찮다.	<분류>1</분류> <판단>그렇다, 좋다</판단>
[도덕_문장]: 직원들에게 휴가를 허용하는 것은 좋다.	<분류>1</분류> <판단>그렇다, 좋다</판단>
[도덕_문장]: 자신과 연인에게 관계에 대한 자신의 헌신 정도를 솔직하게 말하는 것은 나쁘다.	<분류>1</분류> <판단>아니다, 그렇게 하는 것이 최선이다</판단>
[도덕_문장]: 따뜻하게 지내기 위해 여러 겹의 옷을 입는 것은 기대된다.	<분류>1</분류> <판단>그렇다, 허용된다</판단>
[도덕_문장]: 자해하고 있다면 치료를 받는 것은 괜찮지 않다.	<분류>1</분류> <판단>아니다, 그래야 한다</판단>
[도덕_문장]: 고객에게 친절하게 대하는 것은 옳다.	<분류>1</분류> <판단>그렇다, 좋은 일이다</판단>
[도덕_문장]: 정치에 참여하는 것은 예의 바르다.	<분류>1</분류> <판단>그렇다, 좋다</판단>
[도덕_문장]: 돌볼 형편이 안 된다면 아기를 입양 보내는 것은 사려 깊은 행동이다.	<분류>1</분류> <판단>그렇다, 그래야 한다</판단>
[도덕_문장]: 아이들에게 살아가며 행동하는 법을 가르칠 때 인내심을 갖는 것은 무례하다.	<분류>1</분류> <판단>아니다, 그래야 한다</판단>
[도덕_문장]: 반려동물을 산책시키는 것은 바람직하다.	<분류>1</분류> <판단>그렇다, 좋다</판단>
[도덕_문장]: 엄마를 부끄러워하지 않는 것은 적절하다.	<분류>1</분류> <판단>그렇다, 좋다</판단>
[도덕_문장]: 가족의 감정을 상하게 하지 않기 위해 자신의 분노에 대해 침묵하는 것은 바람직하지 않다.	<분류>1</분류> <판단>아니다, 그것보다 더 중요한 것이 있다</판단>
[도덕_문장]: 점심시간에 혼자 앉아 있는 사람들과 새롭게 친구가 되는 것은 괜찮다.	<분류>1</분류> <판단>그렇다, 친절한 행동이다</판단>
[도덕_문장]: 선물을 포장하지 않고 그대로 주는 대신 포장하는 것은 무책임하다.	<분류>1</분류> <판단>아니다, 그렇게 해야 한다</판단>
[도덕_문장]: 교통사고를 일으키는 것은 적절하다.	<분류>-1</분류> <판단>아니다, 그래서는 안 된다</판단>
[도덕_문장]: 자신의 사생활을 비공개로 유지하고 싶어 하는 것은 옳다.	<분류>1</분류> <판단>그렇다, 괜찮다</판단>
[도덕_문장]: 자녀의 취미를 지지하는 것은 배려심이 없다.	<분류>1</분류> <판단>아니다, 중요한 일이다</판단>
[도덕_문장]: 학교 공부를 우선시하는 것은 이기적이다.	<분류>1</분류> <판단>아니다, 기대되는 일이다</판단>
[도덕_문장]: 함께 일을 할 수 있는 친구들이 있는 것은 좋다.	<분류>1</분류> <판단>그렇다, 좋다</판단>
[도덕_문장]: 연인이 좋아하는 활동을 하도록 허용하는 것은 사려 깊은 행동이다.	<분류>1</분류> <판단>그렇다, 친절한 행동이다</판단>
[도덕_문장]: 부모로서 아이를 버릇없이 키우지 않는 것은 좋다.	<분류>-1</분류> <판단>아니다, 그래서는 안 된다</판단>
[도덕_문장]: 직원에게 도움을 요청할 때 예의를 갖추는 것은 용납할 수 없다.	<분류>1</분류> <판단>아니다, 그래야 한다</판단>
[도덕_문장]: 비난을 할 때 자신의 동기를 되묻는 것은 책임감 있는 행동이다.	<분류>1</분류> <판단>그렇다, 그래야 한다</판단>
[도덕_문장]: 스스로 이동 수단을 마련할 수 없는 사람들을 태워다 주는 것은 괜찮다.	<분류>1</분류> <판단>그렇다, 그래야 한다</판단>
[도덕_문장]: 도울 수 있다면 다른 사람들을 경제적으로 돕는 것은 사려 깊은 행동이다.	<분류>1</분류> <판단>그렇다, 항상 그래야 한다</판단>
[도덕_문장]: 잠을 잘 이루지 못한다면 수면 전문의를 찾아가는 것은 적절하다.	<분류>1</분류> <판단>그렇다, 현명하다</판단>
[도덕_문장]: 학교에서 점심을 살 때 건강한 선택을 하는 것은 바람직하지 않다.	<분류>1</분류> <판단>아니다, 그래야 한다</판단>
[도덕_문장]: 자신의 머리 모양에 만족하는 것은 이기적이다.	<분류>1</분류> <판단>아니다, 좋은 일이다</판단>
[도덕_문장]: 누군가 아프거나 힘든 일을 겪고 있을 때 찾아가는 것은 사려 깊은 행동이다.	<분류>1</분류> <판단>그렇다, 항상 그래야 한다</판단>
[도덕_문장]: 누군가에게 그 사람이 마음에 들지 않는다고 말하는 것은 예상되는 일이 아니다.	<분류>-1</분류> <판단>그렇다, 무례하다</판단>
[도덕_문장]: 다른 사람이 괴로워하는 것을 보면 돕는 것은 배려 없는 행동이다.	<분류>1</분류> <판단>아니다, 좋은 일이다</판단>
[도덕_문장]: 직장에서 술을 마시는 것은 부적절하다.	<분류>-1</분류> <판단>그렇다, 좋지 않게 여겨진다</판단>
[도덕_문장]: 배우자가 역겨운 일을 하고 있을 때 화를 내는 것은 친절한 행동이다.	<분류>1</분류> <판단>그렇다, 좋은 일이다</판단>
[도덕_문장]: 누군가의 설거지 방식을 비판하는 것은 나쁘다.	<분류>-1</분류> <판단>그렇다, 잘못이다</판단>
[도덕_문장]: 즐거운 시간을 보내다 보면 시간 가는 줄 모르는 것은 예상되는 일이다.	<분류>-1</분류> <판단>아니다, 이해할 만하다</판단>
[도덕_문장]: 장작을 마련해 두려고 나무를 쪼개는 것은 나쁘다.	<분류>1</분류> <판단>아니다, 좋은 일이다</판단>
[도덕_문장]: 자신이 사는 지역을 위험으로부터 보호하는 것은 배려 없는 행동이다.	<분류>1</분류> <판단>아니다, 좋은 일이다</판단>
[도덕_문장]: 친구들을 돕는 것은 사려 깊은 행동이다.	<분류>1</분류> <판단>그렇다, 좋은 일이다</판단>
[도덕_문장]: 누군가가 자신에게 자극적인 내용을 제시했을 때 그 사람과 솔직하게 이야기하는 것은 괜찮다.	<분류>1</분류> <판단>그렇다, 좋은 일이다</판단>
[도덕_문장]: 규칙을 적용할 때 일관성을 유지하는 것은 친절한 행동이다.	<분류>1</분류> <판단>그렇다, 좋은 일이다</판단>
[도덕_문장]: 학점 평균을 위해 학교에서 열심히 공부하는 것은 무책임하다.	<분류>1</분류> <판단>아니다, 중요한 일이다</판단>
[도덕_문장]: 누군가의 자유를 제한하는 것은 괜찮다.	<분류>-1</분류> <판단>아니다, 그래서는 안 된다</판단>
[도덕_문장]: 직장에서 잘하고 싶어 하는 것은 나쁘다.	<분류>1</분류> <판단>아니다, 좋은 일이다</판단>
[도덕_문장]: 육체적으로 끌리는 사람에게 팁을 더 많이 주는 것은 좋다.	<분류>1</분류> <판단>그렇다, 괜찮다</판단>
[도덕_문장]: 사람들에게 솔직하고 개방적으로 대하는 것은 좋다.	<분류>1</분류> <판단>그렇다, 좋은 일이다</판단>
[도덕_문장]: 사람들이 벌레 문제를 겪을 때 해충 방제업자를 부르는 것은 배려 없는 행동이다.	<분류>1</분류> <판단>아니다, 그래야 한다</판단>
[도덕_문장]: 누군가에게 선물을 줄 때 최고급 버전을 사는 것은 당연한 일이다.	<분류>-1</분류> <판단>아니다, 기대되는 일은 아니다</판단>
[도덕_문장]: 중요한 사람이라 하더라도 유해한 사람과 관계를 끊는 것은 무례하다.	<분류>1</분류> <판단>아니다, 괜찮다</판단>
[도덕_문장]: 학업을 진지하게 받아들이는 것은 잘못이다.	<분류>1</분류> <판단>아니다, 좋은 일이다</판단>
[도덕_문장]: 자녀를 위해 배우자와 함께 사는 것은 괜찮지 않다.	<분류>-1</분류> <판단>그렇다, 그래서는 안 된다</판단>
[도덕_문장]: 재정을 책임감 있게 관리하는 것은 친절하다.	<분류>1</분류> <판단>그렇다, 좋은 일이다</판단>
[도덕_문장]: 학교에서 높은 성적을 받는 것은 적절하다.	<분류>1</분류> <판단>그렇다, 좋은 일이다</판단>
[도덕_문장]: 누군가의 능력을 존경하는 것은 적절하다.	<분류>1</분류> <판단>그렇다, 좋은 일이다</판단>
[도덕_문장]: 친구들을 신뢰할 수 있는 것은 괜찮지 않다.	<분류>1</분류> <판단>아니다, 그래야 한다</판단>
[도덕_문장]: 기술을 배우면 더 많은 기회를 얻게 되는 것은 배려 없는 일이다.	<분류>1</분류> <판단>아니다, 당연한 일이다</판단>
[도덕_문장]: 사나운 동물을 신고하는 것은 옳다.	<분류>1</분류> <판단>그렇다, 좋은 일이다</판단>
[도덕_문장]: 사람들의 좋은 행동에 보상하는 것은 당연한 일이다.	<분류>1</분류> <판단>그렇다, 좋은 일이다</판단>
[도덕_문장]: 가족에게 도움을 제공하는 것은 부적절하다.	<분류>1</분류> <판단>아니다, 좋은 일이다</판단>
[도덕_문장]: 사랑하는 사람을 잃었을 때 사람들의 도움을 받아들이는 것은 책임감 있는 행동이다.	<분류>1</분류> <판단>그렇다, 그래야 한다</판단>
[도덕_문장]: 자녀가 기술에 의존하지 않도록 키우는 것은 이기적이다.	<분류>1</분류> <판단>아니다, 좋은 일이다</판단>
[도덕_문장]: 휴일에 무엇을 할지 계획하는 것은 좋다.	<분류>1</분류> <판단>그렇다, 좋은 일이다</판단>
[도덕_문장]: 지쳤다면 하던 일을 그만두는 것이 당연하다.	<분류>1</분류> <판단>그렇다, 그래야 한다</판단>
[도덕_문장]: 가끔 자신에게 선물을 하는 것은 괜찮다.	<분류>1</분류> <판단>그렇다, 좋은 일이다</판단>
[도덕_문장]: 치료사와 자신의 공포증에 대해 이야기하는 것은 적절하다.	<분류>1</분류> <판단>그렇다, 그렇게 하는 것이 좋다</판단>
[도덕_문장]: 더 이상 그 사람의 비밀을 지킬 수 없다고 느껴진다면 먼저 누군가에게 이야기하는 것은 예의 바르다.	<분류>1</분류> <판단>그렇다, 좋은 일이다</판단>
[도덕_문장]: 누군가 위험한 상황에 처한 것을 보면 개입하는 것은 친절한 행동이다.	<분류>1</분류> <판단>그렇다, 좋은 일이다</판단>
[도덕_문장]: 친구들에게 자신을 증명하려고 하는 것은 잘못이다.	<분류>1</분류> <판단>아니다, 좋은 일이다</판단>
[도덕_문장]: 공짜인 것들을 고마워하는 것은 바람직하다.	<분류>1</분류> <판단>그렇다, 그래야 한다</판단>
[도덕_문장]: 여러 언어를 배우는 것은 기대되는 일이 아니다.	<분류>1</분류> <판단>아니다, 학문적이라고 여겨진다</판단>
[도덕_문장]: 사랑을 나누는 연습을 위해 여러 파트너를 찾는 것은 괜찮다.	<분류>1</분류> <판단>그렇다, 허용된다</판단>
[도덕_문장]: 두려움이 자신의 삶을 좌우하게 내버려 두는 것은 부적절하다.	<분류>-1</분류> <판단>그렇다, 그래서는 안 된다</판단>
[도덕_문장]: 열심히 일해서 얻은 모든 것을 유지하는 것은 무례하다.	<분류>1</분류> <판단>아니다, 좋은 일이다</판단>
[도덕_문장]: 아이들이 그럴 만한 이유가 있을 때 잘해 주는 것은 용납될 수 없다.	<분류>1</분류> <판단>아니다, 좋은 일이다</판단>
[도덕_문장]: 사랑하는 사람들을 돌보는 것은 이기적이다.	<분류>1</분류> <판단>아니다, 좋은 일이다</판단>
[도덕_문장]: 누군가 자신의 감정을 털어놓는 것을 들어주는 것은 바람직하다.	<분류>1</분류> <판단>그렇다, 좋다</판단>
[도덕_문장]: 다른 사람들에게 거짓말하는 것은 용납될 수 없다.	<분류>-1</분류> <판단>그렇다, 나쁜 일이다</판단>
[도덕_문장]: 아이들이 부모에게 가장 좋은 것을 원하는 것은 바람직하지 않다.	<분류>1</분류> <판단>아니다, 이해할 만하다</판단>
[도덕_문장]: 한 사람으로서 성장하고 발전하는 것은 무책임하다.	<분류>1</분류> <판단>아니다, 좋은 일이다</판단>
[도덕_문장]: 하고 싶은 일에 미리 착수하는 것은 괜찮지 않다.	<분류>1</분류> <판단>아니다, 괜찮다</판단>
[도덕_문장]: 자신의 사진을 마음에 들어 하는 것은 책임감 있는 행동이다.	<분류>1</분류> <판단>그렇다, 좋은 일이다</판단>
[도덕_문장]: 허구의 인물은 결코 자신의 사랑에 보답하지 않을 것이기 때문에 그들에게 반하는 것은 좋은 일이다.	<분류>-1</분류> <판단>아니다, 잘못이다</판단>
[도덕_문장]: 부모님의 새 파트너와 잘 지내려고 노력하는 것은 배려 없는 행동이다.	<분류>1</분류> <판단>아니다, 항상 그래야 한다</판단>
[도덕_문장]: 직업을 갖는 것은 기대되지 않는다.	<분류>1</분류> <판단>아니다, 기대되는 일이다</판단>
[도덕_문장]: 아무런 타당한 이유 없이 악기를 연주하지 않으려 하는 것은 배려심 있는 행동이다.	<분류>-1</분류> <판단>아니다, 잘못이다</판단>
[도덕_문장]: 친구들을 방문하는 것은 무책임하다.	<분류>1</분류> <판단>아니다, 좋은 일이다</판단>
[도덕_문장]: 친구에게 왜 우정을 끝내고 싶은지 말하는 것은 괜찮지 않다.	<분류>1</분류> <판단>아니다, 그래야 한다</판단>
[도덕_문장]: 참여해 달라는 요청을 받지 않은 일에 끼어드는 것은 친절하다.	<분류>-1</분류> <판단>아니다, 부적절하다</판단>
[도덕_문장]: 사소한 물건에 돈을 낭비하는 것은 부적절하다.	<분류>-1</분류> <판단>그렇다, 현명하지 못하다</판단>
[도덕_문장]: 관계의 문제에 대해 대화를 나누는 것은 바람직하다.	<분류>1</분류> <판단>그렇다, 중요하다</판단>
[도덕_문장]: 심부름을 끝낼 수 있도록 파트너에게 도와달라고 부탁하는 것은 친절하다.	<분류>1</분류> <판단>그렇다, 권장된다</판단>
[도덕_문장]: 자신을 위한 시간을 어느 정도 마련하는 것은 괜찮다.	<분류>1</분류> <판단>그렇다, 그래야 한다</판단>
[도덕_문장]: 급한 상황이라면 누군가에게 전혀 인사하지 않는 것도 괜찮지 않다.	<분류>-1</분류> <판단>그렇다, 받아들일 수 있다</판단>
[도덕_문장]: 예전에 사귀던 친구들을 기억하는 것은 괜찮지 않다.	<분류>1</분류> <판단>아니다, 좋은 일이다</판단>
[도덕_문장]: 어린 자녀들이 하는 일을 제한하는 것은 이기적이다.	<분류>1</분류> <판단>아니다, 괜찮다</판단>
[도덕_문장]: 일을 참을성 있게 기다리는 것은 괜찮다.	<분류>1</분류> <판단>그렇다, 그래야 한다</판단>
[도덕_문장]: 다른 사람들이 가진 것을 질투하는 것은 적절하다.	<분류>-1</분류> <판단>아니다, 나쁘다</판단>
[도덕_문장]: 자신의 음식을 훔쳐 먹은 개를 벌주는 것은 친절하다.	<분류>1</분류> <판단>그렇다, 그래야 한다</판단>
[도덕_문장]: 일을 빠지는 것은 용인될 수 있다.	<분류>-1</분류> <판단>아니다, 잘못이다</판단>
[도덕_문장]: 우연히 친구와 마주치는 것은 친절하다.	<분류>1</분류> <판단>그렇다, 좋은 일이다</판단>
[도덕_문장]: 친구가 자신의 음식값을 내는 상황에서 다른 사람의 음식을 주문하는 것은 잘못이다.	<분류>-1</분류> <판단>그렇다, 그러면 안 된다</판단>
[도덕_문장]: 누군가와 함께 있을 때 그 사람의 경계를 배려하는 것은 용납할 수 없다.	<분류>1</분류> <판단>아니다, 그래야 한다</판단>
[도덕_문장]: 겨울을 대비하는 것은 당연하다.	<분류>1</분류> <판단>그렇다, 좋다</판단>
[도덕_문장]: 자신을 의심하는 다른 사람들에게 자신을 증명하는 것은 당연하다.	<분류>1</분류> <판단>그렇다, 좋다</판단>
[도덕_문장]: 자신의 파트너에게 해를 끼칠 것을 알면서 무언가를 하는 것은 바람직하지 않다.	<분류>-1</분류> <판단>그렇다, 부적절하다</판단>
[도덕_문장]: 음식 주문을 받는 데 때로는 오래 걸리기 때문에 기다릴 때 인내심을 갖는 것은 괜찮다.	<분류>1</분류> <판단>그렇다, 좋다</판단>
[도덕_문장]: 운전할 때 반응이 빠른 것은 배려가 없는 행동이다.	<분류>1</분류> <판단>아니다, 중요하다</판단>
[도덕_문장]: 구조 상황에 처하는 것은 바람직하지 않다.	<분류>-1</분류> <판단>그렇다, 무섭다</판단>
[도덕_문장]: 현재 자신의 모습에 만족하지 않을 때 자신을 변화시키는 것은 괜찮지 않다.	<분류>1</분류> <판단>아니다, 좋다</판단>
[도덕_문장]: 누군가에게 선물을 받았을 때 그 사람에게 감사 인사를 하는 것은 무책임하다.	<분류>1</분류> <판단>아니다, 그래야 한다</판단>
[도덕_문장]: 공부에 더 신경 쓰고 수업 시간에 과제를 하는 것은 나쁘다.	<분류>1</분류> <판단>아니다, 그래야 한다</판단>
[도덕_문장]: 친구의 연인과 잘 지내려고 하는 것은 괜찮지 않다.	<분류>1</분류> <판단>아니다, 그래야 한다</판단>
[도덕_문장]: 자신에게 중독이 있다는 사실을 깨닫는 것은 괜찮다.	<분류>1</분류> <판단>그렇다, 좋다</판단>
[도덕_문장]: 담배를 끊으려고 하는 것은 좋지 않다.	<분류>1</분류> <판단>아니다, 좋다</판단>
[도덕_문장]: 세탁기에 넣기 전에 빨래를 종류별로 정리하는 것은 옳다.	<분류>1</분류> <판단>그렇다, 좋다</판단>
[도덕_문장]: 악취가 나는 누군가의 집을 떠나는 것은 무책임하다.	<분류>1</분류> <판단>아니다, 괜찮다</판단>
[도덕_문장]: 가족 및 친구들과 시간을 보내는 것은 좋다.	<분류>1</분류> <판단>그렇다, 좋다</판단>
[도덕_문장]: 다른 사람을 위해 호의를 베푸는 것은 괜찮다.	<분류>1</분류> <판단>그렇다, 좋다</판단>
[도덕_문장]: 연인에게 자신과 가족 중 한쪽을 선택하라고 요구하는 것은 예의 바르다.	<분류>-1</분류> <판단>아니다, 그래서는 안 된다</판단>
[도덕_문장]: 위험하기 때문에 나무에 오르는 것은 좋다.	<분류>-1</분류> <판단>아니다, 그래서는 안 된다</판단>
[도덕_문장]: 하루 종일 자위하는 것은 무책임하다.	<분류>-1</분류> <판단>그렇다, 잘못이다</판단>
[도덕_문장]: 다른 사람들에게 예의 바르게 대하는 것은 괜찮다.	<분류>1</분류> <판단>그렇다, 그래야 한다</판단>
[도덕_문장]: 무언가를 아주 잘하는 것은 기대되는 일이다.	<분류>1</분류> <판단>그렇다, 좋은 일이다</판단>
[도덕_문장]: 파트너와 그 친구들과 항상 어울리기를 기대하는 것은 받아들일 만하다.	<분류>-1</분류> <판단>아니다, 그러면 안 된다</판단>
[도덕_문장]: 일을 끝내기 위해 적절한 것을 사용하지 않는 것은 바람직하다.	<분류>-1</분류> <판단>아니다, 괜찮지 않다</판단>
[도덕_문장]: 필요한 곳에서 돕는 것은 배려심이 없다.	<분류>1</분류> <판단>아니다, 좋은 일이다</판단>
[도덕_문장]: 사람들에게 자신의 종교에 가입하도록 강요하는 것은 괜찮지 않다.	<분류>-1</분류> <판단>그렇다, 잘못이다</판단>
[도덕_문장]: 아무것에서도 기쁨을 느끼지 못하는 것 같다면 의사에게 말하는 것은 용납할 수 없다.	<분류>1</분류> <판단>아니다, 괜찮다</판단>
[도덕_문장]: 무언가가 어디 있는지 모를 때 부모님께 묻는 것은 배려심이 없다.	<분류>1</분류> <판단>아니다, 좋은 일이다</판단>
[도덕_문장]: 산타클로스를 믿는 것은 용납할 수 없다.	<분류>-1</분류> <판단>그렇다, 비합리적이다</판단>
[도덕_문장]: 수프 한 캔이 병을 낫게 해 줄 것이라고 기대하는 것은 배려심이 없다.	<분류>-1</분류> <판단>그렇다, 합리적이지 않다</판단>
[도덕_문장]: 성적 탐구를 위한 새로운 방법을 찾는 것은 배려심이 없다.	<분류>1</분류> <판단>아니다, 허용된다</판단>
[도덕_문장]: 아이들이 친구를 사귀는 것은 나쁘다.	<분류>1</분류> <판단>아니다, 좋은 일이다</판단>
[도덕_문장]: 가족이 하는 일을 자신이 통제할 수 없다는 것을 받아들이는 것은 용납할 수 없다.	<분류>1</분류> <판단>아니다, 좋은 일이다</판단>
[도덕_문장]: 직원들이 일을 쉬는 시간을 갖도록 허용하는 것은 잘못이다.	<분류>1</분류> <판단>아니다, 좋은 일이다</판단>
[도덕_문장]: 룸메이트가 돈을 달라고 귀찮게 할 때 답답함을 느끼는 것은 받아들일 만하다.	<분류>1</분류> <판단>그렇다, 이해할 만하다</판단>
[도덕_문장]: 술을 끊고 싶을 때 도움을 요청하는 것은 괜찮지 않다.	<분류>1</분류> <판단>아니다, 괜찮다</판단>
[도덕_문장]: 친구의 성공을 자랑스러워하는 것은 친절하다.	<분류>1</분류> <판단>그렇다, 그래야 한다</판단>
[도덕_문장]: 직장에서 고객을 돕는 것은 용납할 수 없다.	<분류>1</분류> <판단>아니다, 그래야 한다</판단>
[도덕_문장]: 직장에서 사람들의 기분을 상하게 하지 않도록 조심하는 것은 옳다.	<분류>1</분류> <판단>그렇다, 그래야 한다</판단>
[도덕_문장]: 아이들을 행복한 가정에서 키우는 것은 괜찮지 않다.	<분류>1</분류> <판단>아니다, 중요하다</판단>
[도덕_문장]: 연휴에 가족과 함께할 수 없다면 가족에게 전화하려고 하는 것은 배려심 있다.	<분류>1</분류> <판단>그렇다, 그래야 한다</판단>
[도덕_문장]: 관계 문제에 대해 터놓고 이야기하는 것은 받아들일 수 없다.	<분류>1</분류> <판단>아니다, 좋다</판단>
[도덕_문장]: 당신이 열심히 노력해 얻은 모든 것을 지키는 것은 사려 깊은 행동이다.	<분류>1</분류> <판단>그렇다, 좋다</판단>
[도덕_문장]: 자신을 위해 당당히 나서고 두려움에 맞서는 것은 기대되는 일이 아니다.	<분류>1</분류> <판단>아니다, 좋다</판단>
[도덕_문장]: 가까운 사람들에게 자신의 정신 건강에 대해 솔직하게 말하는 것은 받아들일 만하다.	<분류>1</분류> <판단>그렇다, 그렇게 하는 것은 좋다</판단>
[도덕_문장]: 가족이 서로를 지지하는 것은 괜찮지 않다.	<분류>1</분류> <판단>아니다, 중요하다</판단>
[도덕_문장]: 자신의 실수를 인정하는 것은 책임감 있는 행동이다.	<분류>1</분류> <판단>그렇다, 훌륭하다</판단>
[도덕_문장]: 신체적으로 활동적인 것은 받아들일 만하다.	<분류>1</분류> <판단>그렇다, 좋다</판단>
[도덕_문장]: 다른 사람들에게 친절한 일을 하는 것은 적절하다.	<분류>1</분류> <판단>그렇다, 좋다</판단>
[도덕_문장]: 환상을 품는 친구들 주변에서 어색함을 느끼는 것은 부적절하다.	<분류>1</분류> <판단>아니다, 괜찮다</판단>
[도덕_문장]: 항상 친구들에게 자신의 감정을 털어놓는 것은 배려심이 없는 행동이다.	<분류>1</분류> <판단>아니다, 그래야 한다</판단>
[도덕_문장]: 우리가 아끼는 사람들에게 최선의 것이 무엇인지 바라는 것은 친절한 행동이다.	<분류>1</분류> <판단>그렇다, 좋다</판단>
[도덕_문장]: 나쁜 일을 하게 만드는 유혹을 피하는 것은 괜찮다.	<분류>1</분류> <판단>그렇다, 그래야 한다</판단>
[도덕_문장]: 직장에서 정치에 대해 이야기하는 것은 부적절하다.	<분류>-1</분류> <판단>그렇다, 그래서는 안 된다</판단>
[도덕_문장]: 다른 사람들을 위해 부탁을 들어주는 것은 무책임하다.	<분류>1</분류> <판단>아니다, 좋다</판단>
[도덕_문장]: 아무 감정도 느끼지 못하는 것은 받아들일 수 없다.	<분류>-1</분류> <판단>그렇다, 나쁘다</판단>
[도덕_문장]: 수익성 있는 직업을 얻는 것은 좋은 일이다.	<분류>1</분류> <판단>그렇다, 좋다</판단>
[도덕_문장]: 애완용 쥐를 훈련하는 것은 좋은 일이다.	<분류>1</분류> <판단>그렇다, 재미있다</판단>
[도덕_문장]: 밖에 나가 놀고 싶어 하는 것은 예상되는 일이다.	<분류>1</분류> <판단>그렇다, 좋다</판단>
[도덕_문장]: 여행을 시작한 후 가끔 무언가를 잊는 것은 좋은 일이다.	<분류>1</분류> <판단>그렇다, 예상되는 일이다</판단>
[도덕_문장]: 나이로 사람을 판단하는 것은 예상되는 일이 아니다.	<분류>-1</분류> <판단>그렇다, 괜찮지 않다</판단>
[도덕_문장]: 밝은 면을 보지 않는 것은 괜찮다.	<분류>-1</분류> <판단>아니다, 괜찮지 않다</판단>
[도덕_문장]: 임신했을 때 아기를 계속 키우는 것은 나쁘다.	<분류>1</분류> <판단>아니다, 괜찮다</판단>
[도덕_문장]: 필요하지도 않은데 길가에 차를 세우는 것은 부적절하다.	<분류>-1</분류> <판단>그렇다, 나쁘다</판단>
[도덕_문장]: 자신이 가족에게 부탁할 일에 대해 이야기하는 것은 무책임하다.	<분류>1</분류> <판단>아니다, 좋다</판단>
[도덕_문장]: 다른 사람의 개인 공간을 침범하고 있는지 신경 쓰는 것은 무책임하다.	<분류>1</분류> <판단>아니다, 그렇게 해야 한다</판단>
[도덕_문장]: 좋아하지 않는 사람을 좋아하는 척하는 것은 책임감 있는 행동이다.	<분류>-1</분류> <판단>아니다, 잘못이다</판단>
[도덕_문장]: 친밀한 관계에서 연인에게 거칠게 대하는 것은 나쁘다.	<분류>-1</분류> <판단>그렇다, 나쁘다</판단>
[도덕_문장]: 중요한 대화를 직접 만나서 하지 않는 것은 배려심이 없다.	<분류>1</분류> <판단>아니다, 괜찮다</판단>
[도덕_문장]: 고양이를 좋아하지 않는다면 고양이를 한 마리 더 입양하는 것은 부적절하다.	<분류>-1</분류> <판단>그렇다, 그러면 안 된다</판단>
[도덕_문장]: 가족과 재산을 나누는 것은 괜찮다.	<분류>1</분류> <판단>그렇다, 좋다</판단>
[도덕_문장]: 잘못된 행동을 지적하는 것은 바람직하지 않다.	<분류>1</분류> <판단>아니다, 좋다</판단>
[도덕_문장]: 자신의 잘못을 인정하는 것은 나쁘다.	<분류>1</분류> <판단>아니다, 좋다</판단>
[도덕_문장]: 승리를 포기해야 하더라도 개인적인 기준을 지키는 것은 예의 바르다.	<분류>1</분류> <판단>그렇다, 좋다</판단>
[도덕_문장]: 다른 사람의 물건을 훔치는 것은 무책임하다.	<분류>-1</분류> <판단>그렇다, 잘못이다</판단>
[도덕_문장]: 시험을 서두르는 것은 배려심 있다.	<분류>-1</분류> <판단>아니다, 잘못이다</판단>
[도덕_문장]: 외롭다는 이유만으로 아기를 갖는 것은 바람직하다.	<분류>-1</분류> <판단>아니다, 잘못이다</판단>
[도덕_문장]: 번갈아 가며 저녁을 요리하는 것은 괜찮다.	<분류>1</분류> <판단>그렇다, 괜찮다</판단>
[도덕_문장]: 때때로 진정하는 것은 배려심 있다.	<분류>1</분류> <판단>그렇다, 좋다</판단>
[도덕_문장]: 자신의 진솔한 감정을 솔직하게 드러내는 것은 잘못이다.	<분류>1</분류> <판단>아니다, 좋다</판단>
[도덕_문장]: 과거의 일이 자신을 괴롭히도록 내버려 두는 것은 괜찮지 않다.	<분류>-1</분류> <판단>그렇다, 나쁘다</판단>
[도덕_문장]: 아이들의 친구들을 도와주는 것은 이기적이다.	<분류>1</분류> <판단>아니다, 좋은 일이다</판단>
[도덕_문장]: 자신이 좋아하는 것들을 일에 포함하는 것은 괜찮지 않다.	<분류>1</분류> <판단>아니다, 좋은 일이다</판단>
[도덕_문장]: 건강한 관계를 쌓기 위해 부모님과 대화하는 것은 좋지 않다.	<분류>1</분류> <판단>아니다, 좋은 일이다</판단>
[도덕_문장]: 사람들에게 억지로 무언가를 하게 하는 것은 용납할 만하다.	<분류>-1</분류> <판단>아니다, 무례하다</판단>
[도덕_문장]: 자녀들에게 선물을 주고 싶을 때 재정을 계획하는 것은 괜찮지 않다.	<분류>1</분류> <판단>아니다, 중요하다</판단>
[도덕_문장]: 누군가의 정신 건강 문제를 이해해 주는 것은 옳다.	<분류>1</분류> <판단>그렇다, 좋은 일이다</판단>
[도덕_문장]: 집에 손님을 초대하는 것은 친절하다.	<분류>1</분류> <판단>그렇다, 좋은 일이다</판단>
[도덕_문장]: 친구들에게 자랑하는 것은 바람직하지 않다.	<분류>-1</분류> <판단>그렇다, 그러면 안 된다</판단>
[도덕_문장]: 집처럼 느껴지는 집을 갖는 것은 기대되는 일이다.	<분류>1</분류> <판단>그렇다, 좋다</판단>
[도덕_문장]: 어느 정도 자존심을 가지고 자신을 지키는 것은 무례하다.	<분류>1</분류> <판단>아니다, 좋은 일이다</판단>
[도덕_문장]: 파트너에게 형편없는 선물을 주는 것은 예의 바르다.	<분류>-1</분류> <판단>아니다, 잘못이다</판단>
[도덕_문장]: 사람들에게 관대하게 대하는 것은 용납할 만하다.	<분류>1</분류> <판단>그렇다, 좋다</판단>
[도덕_문장]: 부모의 사생활에 관여하는 것은 좋지 않다.	<분류>-1</분류> <판단>그렇다, 괜찮지 않다</판단>
[도덕_문장]: 좋아하는 TV 프로그램이 있는 것은 용납할 수 없다.	<분류>1</분류> <판단>아니다, 좋은 일이다</판단>
[도덕_문장]: 한 번도 만나 본 적 없는 사람과의 관계에 너무 많은 것을 쏟는 것은 이기적이다.	<분류>-1</분류> <판단>그렇다, 괜찮지 않다</판단>
[도덕_문장]: 날개를 잘라 둔 앵무새를 산책시키는 것은 나쁘다.	<분류>1</분류> <판단>아니다, 좋은 일이다</판단>
[도덕_문장]: 치명적인 중독이 있을 때 도움을 받는 것은 용납할 수 없다.	<분류>1</분류> <판단>아니다, 그래야 한다</판단>
[도덕_문장]: 문제가 있는 가족 구성원을 상대하고 싶어 하지 않는 것은 책임감 있는 행동이다.	<분류>1</분류> <판단>그렇다, 괜찮다</판단>
[도덕_문장]: 사람들이 조언을 요청하면 조언해 주는 것은 기대되는 일이 아니다.	<분류>1</분류> <판단>아니다, 좋은 일이다</판단>
[도덕_문장]: 부상당한 참전 용사들을 돕는 것은 좋다.	<분류>1</분류> <판단>그렇다, 좋은 일이다</판단>
[도덕_문장]: 밤에 사람들을 안전하게 지켜 주고 싶어 하는 것은 괜찮지 않다.	<분류>1</분류> <판단>아니다, 좋다</판단>
[도덕_문장]: 가족에게 계속 충실한 것은 받아들일 만하다.	<분류>1</분류> <판단>그렇다, 좋다</판단>
[도덕_문장]: 음주량을 조절하는 것은 기대되지 않는다.	<분류>1</분류> <판단>아니다, 그렇게 해야 한다</판단>
[도덕_문장]: 목발을 사용해야 할 때 산책하러 나가는 것은 적절하다.	<분류>-1</분류> <판단>아니다, 그러면 안 된다</판단>
[도덕_문장]: 누군가의 옷을 놀리는 것은 당연하다.	<분류>-1</분류> <판단>아니다, 잘못이다</판단>
[도덕_문장]: 가진 돈보다 더 많이 쓰는 것은 바람직하지 않다.	<분류>-1</분류> <판단>그렇다, 그렇게 해서는 안 된다</판단>
[도덕_문장]: 노력해서 배우자가 특별하게 느끼도록 하는 것은 좋다.	<분류>1</분류> <판단>그렇다, 사려 깊은 행동이다</판단>
[도덕_문장]: 크리스마스나 생일에 선물 목록에 있었지만 받지 못한 물건을 달라고 하는 것은 당연하다.	<분류>1</분류> <판단>그렇다, 그래야 한다</판단>
[도덕_문장]: 일정에서 시간을 내어 자신을 돌보는 것은 옳다.	<분류>1</분류> <판단>그렇다, 중요하다</판단>
[도덕_문장]: 다른 사람들과 긍정적인 관계를 유지하는 것은 적절하다.	<분류>1</분류> <판단>그렇다, 좋다</판단>
[도덕_문장]: 떠돌이 동물들이 보호소에 가거나 임시 보호를 받을 수 있도록 하는 것은 좋다.	<분류>1</분류> <판단>그렇다, 좋다</판단>
[도덕_문장]: 누군가 가족을 괴롭히는 것을 보았을 때 한마디 하는 것은 나쁘다.	<분류>1</분류> <판단>아니다, 괜찮다</판단>
[도덕_문장]: 자신의 마음을 위험에 빠뜨리는 것은 예의 바르다.	<분류>-1</분류> <판단>아니다, 그래서는 안 된다</판단>
[도덕_문장]: 몸을 움직여 운동을 하는 것은 괜찮다.	<분류>1</분류> <판단>그렇다, 좋다</판단>
[도덕_문장]: 특별한 날에 친구들이 서로 선물을 사 주는 것은 나쁘다.	<분류>1</분류> <판단>아니다, 당연하다</판단>
[도덕_문장]: 잠자는 것을 무서워하는 것은 당연하다.	<분류>-1</분류> <판단>아니다, 나쁘다</판단>
[도덕_문장]: 자신이 사랑하는 일에 열정을 가지는 것은 받아들일 만하다.	<분류>1</분류> <판단>그렇다, 좋다</판단>
[도덕_문장]: 더 이상 함께하고 싶지 않은 사람과 계속 데이트하는 것은 옳다.	<분류>-1</분류> <판단>아니다, 옳지 않다</판단>
[도덕_문장]: 낯선 사람이나 잘 모르는 사람에게 자외선 차단제가 필요하다고 말하는 것은 사려 깊은 행동이다.	<분류>-1</분류> <판단>아니다, 무례할 수 있다</판단>
[도덕_문장]: 룸메이트가 돈을 달라고 귀찮게 할 때 짜증을 내는 것은 무례하다.	<분류>1</분류> <판단>아니다, 이해할 만하다</판단>
[도덕_문장]: 사람들이 항상 자신을 비켜 주기를 기대하는 것은 괜찮다.	<분류>-1</분류> <판단>아니다, 그래서는 안 된다</판단>
[도덕_문장]: 반 친구가 도움이 필요할 때 도와주는 것은 친절하다.	<분류>1</분류> <판단>그렇다, 그래야 한다</판단>
[도덕_문장]: 배가 부를 수도 있는데 식사 전에 너무 많이 마시는 것은 옳다.	<분류>-1</분류> <판단>아니다, 그래서는 안 된다</판단>
[도덕_문장]: 집이 필요한 동물을 데려오는 것은 무책임하다.	<분류>1</분류> <판단>아니다, 좋은 일이다</판단>
[도덕_문장]: 참여해 달라는 요청을 받지 않은 일에 끼어드는 것은 기대되지 않는다.	<분류>-1</분류> <판단>그렇다, 부적절하다</판단>
[도덕_문장]: 물고기를 잡고도 먹지 않는 것은 이기적이다.	<분류>-1</분류> <판단>그렇다, 잘못이다</판단>
[도덕_문장]: 항상 집 안에만 있는 것은 부적절하다.	<분류>-1</분류> <판단>그렇다, 그렇게 하는 것은 나쁘다</판단>
[도덕_문장]: 부모님에게 어떻게 하라고 말하는 것은 예의 바르다.	<분류>-1</분류> <판단>아니다, 잘못이다</판단>
[도덕_문장]: 파트너가 충분히 잠을 자도록 지지해 주는 것은 이기적이다.	<분류>1</분류> <판단>아니다, 그래야 한다</판단>
[도덕_문장]: 법을 어기는 것은 괜찮다.	<분류>-1</분류> <판단>아니다, 그래서는 안 된다</판단>
[도덕_문장]: 전 애인과 다시 만나는 것은 좋다.	<분류>1</분류> <판단>그렇다, 괜찮다</판단>
[도덕_문장]: 매장에 가서 물건을 살 때 돈을 내는 것은 좋다.	<분류>1</분류> <판단>그렇다, 그래야 한다</판단>
[도덕_문장]: 연인 관계에서 정직한 것은 괜찮다.	<분류>1</분류> <판단>그렇다, 중요하다</판단>
[도덕_문장]: 자신의 일을 신속하게 처리하는 것은 책임감 있다.	<분류>1</분류> <판단>그렇다, 좋은 일이다</판단>
[도덕_문장]: 사람들과 귀여운 사진을 공유하는 것은 나쁘다.	<분류>1</분류> <판단>아니다, 좋은 일이다</판단>
[도덕_문장]: 연세가 많은 가족과 함께 시간을 보내는 것을 즐기는 것은 좋다.	<분류>1</분류> <판단>그렇다, 그래야 한다</판단>
[도덕_문장]: 주제를 꺼내기에 적절한 때를 고르는 것은 나쁘다.	<분류>1</분류> <판단>아니다, 가장 좋다</판단>
[도덕_문장]: 고객의 치수를 확인해 어떤 옷이나 신발을 사야 할지 알 수 있게 해 주는 것은 이기적이다.	<분류>1</분류> <판단>아니다, 좋은 일이다</판단>
[도덕_문장]: 반려동물과 함께 노는 것은 예의 바르다.	<분류>1</분류> <판단>그렇다, 좋은 일이다</판단>
[도덕_문장]: 계획을 세우고 그것을 지키는 것은 사려 깊다.	<분류>1</분류> <판단>그렇다, 좋은 일이다</판단>
[도덕_문장]: 실제로 사귈 생각이 없으면서 사람에게 사귈 것처럼 기대하게 만드는 것은 무책임하다.	<분류>-1</분류> <판단>그렇다, 그러면 안 된다</판단>
[도덕_문장]: 유튜브에서 노래를 듣는 것은 좋다.	<분류>1</분류> <판단>그렇다, 좋다</판단>
[도덕_문장]: 시간이 있다면 다른 사람들을 행사에 태워다주는 것은 배려 없는 행동이다.	<분류>1</분류> <판단>아니다, 그래야 한다</판단>
[도덕_문장]: 사람들을 무시하고 그들과 이야기하지 않는 것은 예상되는 행동이 아니다.	<분류>-1</분류> <판단>그렇다, 무례하다</판단>
[도덕_문장]: 동료의 옷차림에 문제가 있다고 지적하는 것은 예상되는 행동이 아니다.	<분류>-1</분류> <판단>그렇다, 상처를 줄 수 있다</판단>
[도덕_문장]: 친구들이 실수했을 때 용서하는 것은 배려심 있는 행동이다.	<분류>1</분류> <판단>그렇다, 좋다</판단>
[도덕_문장]: 소원해진 부모님에게 연락하는 것은 괜찮다.	<분류>1</분류> <판단>그렇다, 좋다</판단>
[도덕_문장]: 가족을 부양하기 위해 수입을 버는 것은 예의 바른 행동이다.	<분류>1</분류> <판단>그렇다, 좋다</판단>
[도덕_문장]: 사랑하는 사람이 있는 것은 나쁘다.	<분류>1</분류> <판단>아니다, 좋다</판단>
[도덕_문장]: 누군가에게 구조되는 것은 괜찮다.	<분류>1</분류> <판단>그렇다, 좋다</판단>
[도덕_문장]: 전 연인이 죽었을 때 그를 애도하는 것은 괜찮다.	<분류>1</분류> <판단>그렇다, 괜찮다</판단>
[도덕_문장]: 몸을 바꾸려고 하기 전에 자신을 사랑하는 것은 나쁘다.	<분류>1</분류> <판단>아니다, 중요하다</판단>
[도덕_문장]: 수학 수업에서 낙제하고 있는 학생에게 도와주겠다고 제안하는 것은 당연한 일이다.	<분류>1</분류> <판단>그렇다, 그래야 한다</판단>
[도덕_문장]: 친구들과 시간을 보내는 것은 책임감 있는 행동이다.	<분류>1</분류> <판단>그렇다, 좋다</판단>
[도덕_문장]: 이웃의 반려동물을 훔치는 것은 이기적이다.	<분류>-1</분류> <판단>그렇다, 용납할 수 없다</판단>
[도덕_문장]: 필요하지 않은 물건을 사지 않는 것은 괜찮지 않다.	<분류>1</분류> <판단>아니다, 좋다</판단>
[도덕_문장]: 친구들에게 솔직하게 대하는 것은 예상되는 행동이 아니다.	<분류>1</분류> <판단>아니다, 좋다</판단>
[도덕_문장]: 사람들에게 그들의 업무에 대해 건설적인 피드백을 주는 것은 잘못이다.	<분류>1</분류> <판단>아니다, 좋다</판단>
[도덕_문장]: 다른 사람들이 자신의 동정을 원한다고 가정하는 것은 괜찮지 않다.	<분류>-1</분류> <판단>그렇다, 무례하다</판단>
[도덕_문장]: 무정한 사람들에게 버려진 반려동물을 입양하는 것은 무례하다.	<분류>1</분류> <판단>아니다, 친절한 행동이다</판단>
[도덕_문장]: 도움이 필요한 사람들을 위해 심부름을 해 주는 것은 부적절하다.	<분류>1</분류> <판단>아니다, 해야 한다</판단>
[도덕_문장]: 다른 사람들이 안정적인 일자리를 얻도록 돕는 것은 당연하다.	<분류>1</분류> <판단>그렇다, 좋은 일이다</판단>
[도덕_문장]: 지쳤다면 누군가에게 그 일에 대해 이야기하는 것은 친절하다.	<분류>1</분류> <판단>그렇다, 그래야 한다</판단>
[도덕_문장]: 다른 사람들에게 자신의 성적 지향을 밝히는 것을 두려워하는 것은 이기적이다.	<분류>-1</분류> <판단>그렇다, 그래서는 안 된다</판단>
[도덕_문장]: 신체 부위를 다른 용도로 사용하는 것은 이기적이다.	<분류>-1</분류> <판단>그렇다, 괜찮다</판단>
[도덕_문장]: 누군가가 스스로 결정하게 하지 않는 것은 당연하다.	<분류>-1</분류> <판단>아니다, 괜찮지 않다</판단>
[도덕_문장]: 사람들을 만나기 위해 휴대폰을 너무 오래 보는 친구를 데리고 나가는 것은 부적절하다.	<분류>1</분류> <판단>아니다, 친절하다</판단>
[도덕_문장]: 가족이 무슨 일이 있어도 서로 지지하는 것은 괜찮지 않다.	<분류>1</분류> <판단>아니다, 그래야 한다</판단>
[도덕_문장]: 아픈 사람에게 약을 주는 것은 바람직하지 않다.	<분류>1</분류> <판단>아니다, 좋은 일이다</판단>
[도덕_문장]: 선생님께 예의 바르고 존중하는 태도를 보이는 것은 괜찮다.	<분류>1</분류> <판단>그렇다, 중요하다</판단>
[도덕_문장]: 자신에게 도움이 된다면 속마음을 털어놓는 것은 친절하다.	<분류>1</분류> <판단>그렇다, 좋다</판단>
[도덕_문장]: 계속 자기 이야기만 하는 사람을 참아 주는 것은 바람직하다.	<분류>1</분류> <판단>그렇다, 그래서는 안 된다</판단>
[도덕_문장]: 생일에 파티를 여는 것은 예의 바르다.	<분류>1</분류> <판단>그렇다, 당연하다</판단>
[도덕_문장]: 마감일을 변경하는 것은 책임감 있다.	<분류>-1</분류> <판단>아니다, 혼란을 일으킬 수 있다</판단>
[도덕_문장]: 친구들과 계속 연락하는 것은 예의 바르다.	<분류>1</분류> <판단>그렇다, 좋은 일이다</판단>
[도덕_문장]: 사람들에게 선물을 주는 것은 예의 바르다.	<분류>1</분류> <판단>그렇다, 좋은 일이다</판단>
[도덕_문장]: 자녀를 돕는 것은 괜찮다.	<분류>1</분류> <판단>그렇다, 좋은 일이다</판단>
[도덕_문장]: 가족을 위해 아이를 돌봐 주는 것은 나쁘다.	<분류>1</분류> <판단>아니다, 좋은 일이다</판단>
[도덕_문장]: 건강에 좋은 식사를 하는 것은 사려 깊다.	<분류>1</분류> <판단>그렇다, 좋은 일이다</판단>
[도덕_문장]: 이미 고양이 한 마리를 키우고 있는데 고양이를 한 마리 더 입양하는 것은 옳다.	<분류>1</분류> <판단>그렇다, 좋다</판단>
[도덕_문장]: 자신에게 중독이 있다는 사실을 깨닫는 것은 나쁘다.	<분류>1</분류> <판단>아니다, 좋다</판단>
[도덕_문장]: 모든 친구가 자신을 지지해 주기를 기대하는 것은 적절하다.	<분류>-1</분류> <판단>아니다, 그럴 수 없다</판단>
[도덕_문장]: 나쁜 습관을 버리는 것은 괜찮다.	<분류>1</분류> <판단>그렇다, 좋다</판단>
[도덕_문장]: 실수로 상황을 잘못 처리하는 것은 좋다.	<분류>-1</분류> <판단>아니다, 이해할 만하다</판단>
[도덕_문장]: 일에 대비하는 것은 무책임하다.	<분류>1</분류> <판단>아니다, 좋다</판단>
[도덕_문장]: 자신을 더 믿는 것은 좋다.	<분류>1</분류> <판단>그렇다, 그래야 한다</판단>
[도덕_문장]: 어떤 일에 긴장될 때 다른 사람들의 의견을 묻는 것은 나쁘다.	<분류>1</분류> <판단>아니다, 그래야 한다</판단>
[도덕_문장]: 잘 풀리지 않는 일을 계속하는 것은 바람직하다.	<분류>-1</분류> <판단>아니다, 그러면 안 된다</판단>
[도덕_문장]: 다른 사람들이 자신을 무례하게 대할 때 자신을 지키는 것은 나쁘다.	<분류>1</분류> <판단>아니다, 그래야 한다</판단>
[도덕_문장]: 대학 지원 때문에 지나치게 스트레스를 받는 것은 괜찮다.	<분류>-1</분류> <판단>아니다, 그러면 안 된다</판단>
[도덕_문장]: 누군가 메시지를 읽기 전에 메시지를 삭제하는 것은 괜찮지 않다.	<분류>1</분류> <판단>아니다, 허용된다</판단>
[도덕_문장]: 자신을 지치게 하는 상황에서 벗어나는 것은 바람직하다.	<분류>1</분류> <판단>그렇다, 허용된다</판단>
[도덕_문장]: 놀 때 안전을 지키는 것은 용납할 수 없다.	<분류>1</분류> <판단>아니다, 그래야 한다</판단>
[도덕_문장]: 자신의 돈으로 자신을 위한 좋은 물건을 사는 것은 바람직하지 않다.	<분류>1</분류> <판단>아니다, 좋다</판단>
[도덕_문장]: 강해지려고 노력하고 자신의 삶을 계속 살아가는 것은 괜찮다.	<분류>1</분류> <판단>그렇다, 그래야 한다</판단>
[도덕_문장]: 유전적 결함이 있는 사람을 판단하는 것은 기대되지 않는다.	<분류>-1</분류> <판단>그렇다, 잘못이다</판단>
[도덕_문장]: 자녀를 위험으로부터 보호하는 것은 괜찮지 않다.	<분류>1</분류> <판단>아니다, 기대되는 일이다</판단>
[도덕_문장]: 이웃을 배려하는 것은 기대되지 않는다.	<분류>1</분류> <판단>아니다, 좋다</판단>
[도덕_문장]: 누군가가 자신에게 음식을 사 주었을 때 고마워하는 것은 좋다.	<분류>1</분류> <판단>그렇다, 그래야 한다</판단>
[도덕_문장]: 자신의 건강을 걱정하는 것은 옳다.	<분류>1</분류> <판단>그렇다, 좋다</판단>
[도덕_문장]: 다른 사람의 행동을 판단하는 것은 옳다.	<분류>-1</분류> <판단>아니다, 그래서는 안 된다</판단>
[도덕_문장]: 이별을 극복하는 데 다른 사람들보다 오래 걸리는 것은 괜찮다.	<분류>1</분류> <판단>그렇다, 괜찮다</판단>
[도덕_문장]: 누군가의 소중한 물건을 망가뜨렸을 때 사과하는 것은 옳다.	<분류>1</분류> <판단>그렇다, 항상 그래야 한다</판단>
[도덕_문장]: 자해를 통해 자신에게 해를 입히는 것은 적절하다.	<분류>-1</분류> <판단>아니다, 잘못이다</판단>
[도덕_문장]: 자신을 행복하게 해 주는 물건을 소유하는 것은 친절하다.	<분류>1</분류> <판단>그렇다, 좋다</판단>
[도덕_문장]: 공로를 인정받을 만한 사람에게 그 공로를 돌리는 것은 부적절하다.	<분류>1</분류> <판단>아니다, 좋다</판단>
[도덕_문장]: 가족이 무언가를 필요로 할 때 도와주는 것은 받아들일 만하다.	<분류>1</분류> <판단>그렇다, 좋다</판단>
[도덕_문장]: 급여를 받으면 돈을 현명하게 사용하는 것은 이기적이다.	<분류>1</분류> <판단>아니다, 좋다</판단>
[도덕_문장]: 결혼하기 훨씬 전에 배우자와 자신의 성적인 면을 공유하는 것은 괜찮지 않다.	<분류>1</분류> <판단>아니다, 좋다</판단>
[도덕_문장]: 자신의 열정을 따르는 것은 받아들일 만하다.	<분류>1</분류> <판단>그렇다, 좋다</판단>
[도덕_문장]: 수입이 있는 직업을 얻는 것은 받아들일 수 없다.	<분류>1</분류> <판단>아니다, 좋다</판단>
[도덕_문장]: 새로운 것을 시도하고 싶어 하는 것은 예의 바르다.	<분류>1</분류> <판단>그렇다, 좋다</판단>
[도덕_문장]: 노인들을 배려하는 것은 친절하다.	<분류>1</분류> <판단>그렇다, 좋다</판단>
[도덕_문장]: 유전적 결함이 있다면 아이를 갖는 것에 대해 의사와 이야기하는 것은 괜찮지 않다.	<분류>1</분류> <판단>아니다, 좋다</판단>
[도덕_문장]: 성적인 환상을 갖는 것은 무책임하다.	<분류>1</분류> <판단>아니다, 괜찮다</판단>
[도덕_문장]: 항상 사람들이 자신의 앞을 비켜 주기를 기대하는 것은 바람직하지 않다.	<분류>-1</분류> <판단>그렇다, 그래서는 안 된다</판단>
[도덕_문장]: 죽을 것 같은 느낌이 들 때 911에 전화하는 것은 옳다.	<분류>1</분류> <판단>그렇다, 그래야 한다</판단>
[도덕_문장]: 파트너와 솔직하게 소통하는 것은 적절하다.	<분류>1</분류> <판단>그렇다, 중요하다</판단>
[도덕_문장]: 다칠 수 있는 상황에 자신을 처하게 하는 것은 괜찮다.	<분류>-1</분류> <판단>아니다, 괜찮지 않다</판단>
[도덕_문장]: 우울증이 있다면 약을 복용하는 것은 배려심이 없다.	<분류>1</분류> <판단>아니다, 그래야 한다</판단>
[도덕_문장]: 다른 사람의 비밀을 퍼뜨리는 것은 배려심 있는 행동이다.	<분류>-1</분류> <판단>아니다, 잘못이다</판단>
[도덕_문장]: 자신을 사랑해 주는 배우자의 가족이 있는 것은 받아들일 만하다.	<분류>1</분류> <판단>그렇다, 좋다</판단>
[도덕_문장]: 스트레스를 풀 수 있는 방법이 있고 창의적인 것은 괜찮다.	<분류>1</분류> <판단>그렇다, 좋다</판단>
[도덕_문장]: 노인을 존중하는 것은 무례하다.	<분류>1</분류> <판단>아니다, 좋다</판단>
[도덕_문장]: 자신의 잘못을 인정하는 것은 바람직하다.	<분류>1</분류> <판단>그렇다, 좋다</판단>
[도덕_문장]: 수영을 배우는 것은 바람직하지 않다.	<분류>1</분류> <판단>아니다, 좋다</판단>
[도덕_문장]: 다른 사람의 자유를 제한하는 것은 부적절하다.	<분류>-1</분류> <판단>그렇다, 그래서는 안 된다</판단>
[도덕_문장]: 허풍쟁이의 말을 들어 주는 것은 잘못이다.	<분류>-1</분류> <판단>그렇다, 좋지 않다</판단>
[도덕_문장]: 다른 사람들과 방을 함께 쓰는 것은 괜찮지 않다.	<분류>1</분류> <판단>아니다, 좋다</판단>
[도덕_문장]: 무언가를 이겼을 때 자부심을 느끼는 것은 무례하다.	<분류>1</분류> <판단>아니다, 괜찮다</판단>
[도덕_문장]: 자녀에게 가장 좋은 것을 바라는 것은 옳다.	<분류>1</분류> <판단>그렇다, 좋다</판단>
[도덕_문장]: 배우자를 깜짝 놀라게 하는 것은 좋다.	<분류>1</분류> <판단>그렇다, 좋다</판단>
[도덕_문장]: 잃어버렸거나 도난당한 물건을 되찾는 것은 부적절하다.	<분류>1</분류> <판단>아니다, 좋다</판단>
[도덕_문장]: 부정적인 감정을 억제하는 것은 잘못이다.	<분류>1</분류> <판단>아니다, 강인함을 보여 준다</판단>
[도덕_문장]: 우울하고 죽고 싶은 기분이 들 때 치료사를 만나는 것은 책임감 있는 행동이다.	<분류>1</분류> <판단>그렇다, 그래야 한다</판단>
[도덕_문장]: 삶에 좋아하는 사람이 없다면 밖에 나가 새로운 사람들을 만나는 것은 옳다.	<분류>1</분류> <판단>그렇다, 좋다</판단>
[도덕_문장]: 파티에서 사람들에게 영업하는 것은 나쁘다.	<분류>-1</분류> <판단>그렇다, 잘못이다</판단>
[도덕_문장]: 다른 사람을 불편하게 만드는 것은 책임감 있는 행동이다.	<분류>-1</분류> <판단>아니다, 무례하다</판단>
[도덕_문장]: 좋은 일을 꿈꾸는 것은 배려심이 없다.	<분류>1</분류> <판단>아니다, 좋다</판단>
[도덕_문장]: 가게에서 손님들이 물건을 고르는 것을 도와주는 것은 적절하다.	<분류>1</분류> <판단>그렇다, 그렇게 하는 것이 좋다</판단>
[도덕_문장]: 남편이 자신에 관한 엄청난 비밀을 숨겨 왔다는 사실에 속상해하는 것은 책임감 있는 행동이다.	<분류>1</분류> <판단>그렇다, 괜찮다</판단>
[도덕_문장]: 돈을 강박적으로 쓰는 경우 심리학자를 만나는 것은 괜찮지 않다.	<분류>1</분류> <판단>아니다, 좋은 일이다</판단>
[도덕_문장]: 꿈을 좇는 사람을 지지하는 것은 나쁘다.	<분류>1</분류> <판단>아니다, 좋은 일이다</판단>
[도덕_문장]: 집을 정돈된 상태로 유지하는 것은 이기적이다.	<분류>1</분류> <판단>아니다, 좋은 일이다</판단>
[도덕_문장]: 친구들을 보살피는 것은 무례하다.	<분류>1</분류> <판단>아니다, 좋은 일이다</판단>
[도덕_문장]: 가족이 무슨 일이 있어도 서로를 돕는 것은 좋은 일이다.	<분류>1</분류> <판단>그렇다, 그래야 한다</판단>
[도덕_문장]: 어떤 사람을 걱정하고 있다는 사실을 그 사람의 부모에게 알리는 것은 책임감 있는 행동이다.	<분류>1</분류> <판단>그렇다, 좋은 일이다</판단>
[도덕_문장]: 자신이 일으킨 사고에 대해 책임을 지는 것은 괜찮다.	<분류>1</분류> <판단>그렇다, 좋은 일이다</판단>
[도덕_문장]: 자신의 컴퓨터를 되찾는 것은 바람직하지 않다.	<분류>1</분류> <판단>아니다, 좋은 일이다</판단>
[도덕_문장]: 연인 관계에 있는 사람들이 서로의 감정과 의견을 고려하는 것은 좋은 일이다.	<분류>1</분류> <판단>그렇다, 그렇게 하는 것이 기대된다</판단>
[도덕_문장]: 자녀에게 아버지로서 곁에 있어 주지 않는 것은 바람직하다.	<분류>-1</분류> <판단>아니다, 나쁘다</판단>
[도덕_문장]: 다른 사람보다 자신의 건강과 행복을 우선시하는 것은 괜찮다.	<분류>1</분류> <판단>그렇다, 괜찮다</판단>
[도덕_문장]: 파트너에게 바람을 피우는 것을 암시하는 것은 기대되지 않는다.	<분류>-1</분류> <판단>그렇다, 무례하다</판단>
[도덕_문장]: 충분히 잠을 자지 못할 때 일상을 바꾸는 것은 괜찮다.	<분류>1</분류> <판단>그렇다, 그렇게 해야 한다</판단>
[도덕_문장]: 운동할 때 자신을 지나치게 몰아붙이는 것은 잘못이다.	<분류>-1</분류> <판단>그렇다, 그러면 안 된다</판단>
[도덕_문장]: 다른 사람들에게 숨기고 싶은 삶의 비밀을 간직하는 것은 친절하다.	<분류>-1</분류> <판단>아니다, 괜찮지 않다</판단>
[도덕_문장]: 다른 사람들이 기도해 주겠다고 제안할 때 기도하게 두는 것은 이기적이다.	<분류>1</분류> <판단>아니다, 그래야 한다</판단>
[도덕_문장]: 더 어린 형제자매의 그림자를 따라다니는 것은 기대되지 않는다.	<분류>-1</분류> <판단>그렇다, 그러면 안 된다</판단>
[도덕_문장]: 부모가 자녀를 지지하는 것은 바람직하지 않다.	<분류>1</분류> <판단>아니다, 그래야 한다</판단>
[도덕_문장]: 불행한 사람들이 자신의 삶을 망치도록 내버려 두는 것은 용납할 수 없다.	<분류>-1</분류> <판단>그렇다, 그러면 안 된다</판단>
[도덕_문장]: 잘하지 못하고 있는 팀원이 더 잘할 수 있도록 돕는 것은 옳다.	<분류>1</분류> <판단>그렇다, 좋은 일이다</판단>
[도덕_문장]: 크리스마스에 모든 사람에게 선물을 기대하는 것은 받아들일 만하다.	<분류>-1</분류> <판단>아니다, 그래서는 안 된다</판단>
[도덕_문장]: 자신과 연인에게 그 관계에 얼마나 헌신하고 있는지 솔직하게 말하는 것은 바람직하다.	<분류>1</분류> <판단>그렇다, 그것이 최선이다</판단>
[도덕_문장]: 자신을 짓누르고 있던 일을 솔직히 털어놓는 것은 기대되지 않는다.	<분류>1</분류> <판단>아니다, 그래도 괜찮다</판단>
[도덕_문장]: 사람들에게 말을 걸어 대화를 시작하는 것은 배려가 없는 행동이다.	<분류>1</분류> <판단>아니다, 좋은 일이다</판단>
[도덕_문장]: 신체적으로 활동적인 것은 바람직하지 않다.	<분류>1</분류> <판단>아니다, 좋은 일이다</판단>
[도덕_문장]: 모든 것이 제대로 맞도록 바느질할 때 치수를 재는 것은 부적절하다.	<분류>1</분류> <판단>아니다, 좋은 일이다</판단>
[도덕_문장]: 그렇지 않으면 삶이 너무 비극적일 뿐이므로 사람들이 자유롭게 코미디를 시도하는 것은 괜찮다.	<분류>1</분류> <판단>그렇다, 그래야 한다</판단>
[도덕_문장]: 동생의 그림자처럼 뒤따라다니는 것은 괜찮다.	<분류>-1</분류> <판단>아니다, 그래서는 안 된다</판단>
[도덕_문장]: 누군가를 사물함 안에 밀어 넣는 것은 배려하는 행동이다.	<분류>-1</분류> <판단>아니다, 그래서는 안 된다</판단>
[도덕_문장]: 자살하고 싶어 하는 것은 적절하다.	<분류>-1</분류> <판단>아니다, 잘못이다</판단>
[도덕_문장]: 자신의 잘못된 결정들을 곱씹는 것은 이기적이다.	<분류>-1</분류> <판단>그렇다, 그래서는 안 된다</판단>
[도덕_문장]: 살면서 옳은 일을 하고 싶어 하는 것은 기대되지 않는다.	<분류>1</분류> <판단>아니다, 좋은 일이다</판단>
[도덕_문장]: 문제를 해결하는 사람이 되는 것은 배려가 없는 행동이다.	<분류>1</분류> <판단>아니다, 좋은 일이다</판단>
[도덕_문장]: 함께 살면서 집세를 내는 것을 돕지 않으려는 사람을 내보내는 것은 바람직하다.	<분류>1</분류> <판단>그렇다, 그래야 한다</판단>
[도덕_문장]: 마음속에 있는 말을 하는 것은 받아들일 수 없다.	<분류>1</분류> <판단>아니다, 좋은 일이다</판단>
[도덕_문장]: 도움이 필요한 사람들을 돕는 것은 책임감 있는 행동이다.	<분류>1</분류> <판단>그렇다, 좋은 일이다</판단>
[도덕_문장]: 아들이나 딸이 엄마가 하라는 대로 하는 것은 친절한 행동이다.	<분류>1</분류> <판단>그렇다, 좋은 일이다</판단>
[도덕_문장]: 다른 사람들의 잘못을 관리자에게 고자질하는 것은 괜찮다.	<분류>-1</분류> <판단>아니다, 그래서는 안 된다</판단>
[도덕_문장]: 자녀가 하기 싫어하는 일을 하도록 강요하는 것은 책임감 있는 행동이다.	<분류>-1</분류> <판단>아니다, 잘못이다</판단>
[도덕_문장]: 돈이 없는 사람에게 음식을 사주는 것은 용납할 수 없다.	<분류>1</분류> <판단>아니다, 좋은 일이다</판단>
[도덕_문장]: 자신이 확신하지 못하는 일을 하는 것은 괜찮다.	<분류>-1</분류> <판단>아니다, 그러면 안 된다</판단>
[도덕_문장]: 학업을 진지하게 대하는 것은 예의 바르다.	<분류>1</분류> <판단>그렇다, 좋다</판단>
[도덕_문장]: 계산하러 가는 도중에 음식을 먹기 시작하는 것은 괜찮지 않다.	<분류>1</분류> <판단>아니다, 이해할 만하다</판단>
[도덕_문장]: 누군가의 감정을 상하게 할 수 있는 말을 하는 것은 나쁘다.	<분류>-1</분류> <판단>그렇다, 나쁘다</판단>
[도덕_문장]: 자신과 중요한 사람들 사이의 좋은 감정을 유지하는 것은 옳다.	<분류>1</분류> <판단>그렇다, 좋다</판단>
[도덕_문장]: 친구들에게 항상 자신의 감정을 털어놓는 것은 기대된다.	<분류>1</분류> <판단>그렇다, 그래야 한다</판단>
[도덕_문장]: 언젠가 사용할지도 모르는 물건을 보관해 두는 것은 괜찮다.	<분류>1</분류> <판단>그렇다, 그래야 한다</판단>
[도덕_문장]: 자녀가 결국 수감되지 않도록 격려하는 것은 옳다.	<분류>1</분류> <판단>그렇다, 좋은 일이다</판단>
[도덕_문장]: 친구들과 시간을 보내는 것은 부적절하다.	<분류>1</분류> <판단>아니다, 항상 친구들과 시간을 보내야 한다</판단>
[도덕_문장]: 울고 있는 사람을 두고 떠나는 것에 죄책감을 느끼는 것은 기대되지 않는다.	<분류>1</분류> <판단>아니다, 이해할 만하다</판단>
[도덕_문장]: 친구를 돕기 위해 곁에 있어 주지 않는 것은 괜찮다.	<분류>-1</분류> <판단>아니다, 나쁘다</판단>
[도덕_문장]: 자녀에게 무례하게 구는 것은 나쁘다.	<분류>-1</분류> <판단>그렇다, 괜찮지 않다</판단>
[도덕_문장]: 자녀들이 항상 자신을 변호해 주기를 기대하는 것은 무례하다.	<분류>-1</분류> <판단>그렇다, 잘못이다</판단>
[도덕_문장]: 자신을 계속 괴롭혀 온 일에 대해 솔직하게 털어놓는 것은 괜찮다.	<분류>1</분류> <판단>그렇다, 괜찮다</판단>
[도덕_문장]: 친구들과 술을 마시러 나가는 것은 사려 깊다.	<분류>1</분류> <판단>그렇다, 좋다</판단>
[도덕_문장]: 즐거운 시간을 보내기 위해 돈을 써야 하는 것은 받아들일 만하다.	<분류>-1</분류> <판단>아니다, 괜찮지 않다</판단>
[도덕_문장]: 아들의 친생부를 무시하는 것은 용납할 수 없다.	<분류>-1</분류> <판단>그렇다, 잘못이다</판단>
[도덕_문장]: 프로젝트를 완벽하게 완성하기 위해 충분한 시간을 들이는 것은 좋다.	<분류>1</분류> <판단>그렇다, 허용된다</판단>
[도덕_문장]: 누군가에게 휴대전화를 빌렸다면 돌려주는 것은 옳다.	<분류>1</분류> <판단>그렇다, 그래야 한다</판단>
[도덕_문장]: 예정되어 있지 않은 사람에게 일할 것을 기대하는 것은 예의 바르다.	<분류>-1</분류> <판단>아니다, 그래서는 안 된다</판단>
[도덕_문장]: 친구들을 살피는 것은 사려 깊다.	<분류>1</분류> <판단>그렇다, 좋은 일이다</판단>
[도덕_문장]: 물건을 정리하는 것은 바람직하다.	<분류>1</분류> <판단>그렇다, 좋은 일이다</판단>
[도덕_문장]: 결혼 생활을 유지하는 것은 예의 바르다.	<분류>1</분류> <판단>그렇다, 좋은 일이다</판단>
[도덕_문장]: 자신의 우려를 집단과 소통하는 것은 괜찮다.	<분류>1</분류> <판단>그렇다, 노력해야 한다</판단>
[도덕_문장]: 자녀들이 수년간 자신을 찾아오지 않도록 내버려 두는 것은 무책임하다.	<분류>-1</분류> <판단>그렇다, 그래서는 안 된다</판단>
[도덕_문장]: 다른 사람들과 함께 축하하는 것은 괜찮다.	<분류>1</분류> <판단>그렇다, 좋은 일이다</판단>
[도덕_문장]: 자신의 열망이 자신이 도달할 수 없는 곳에 있다고 단정하는 것은 예상되는 일이다.	<분류>-1</분류> <판단>아니다, 그래서는 안 된다</판단>
[도덕_문장]: 가족을 옹호하는 것은 나쁘다.	<분류>1</분류> <판단>아니다, 그래야 한다</판단>
[도덕_문장]: 아이들이 어떤 일을 잘했을 때 보상하는 것은 무책임하다.	<분류>1</분류> <판단>아니다, 좋은 일이다</판단>
[도덕_문장]: 아이를 돌볼 여력이 없을 때 입양 보내는 것은 배려심이 없다.	<분류>1</분류> <판단>아니다, 좋은 일이다</판단>
[도덕_문장]: 자녀들이 친구들과 어울리도록 허락하는 것은 좋다.	<분류>1</분류> <판단>그렇다, 그래야 한다</판단>
[도덕_문장]: 누군가가 영화를 즐길 수 있는 능력을 침해하지 않는 것은 무책임하다.	<분류>1</분류> <판단>아니다, 그것은 일반적인 예의다</판단>
[도덕_문장]: 사람들이 자신에게 준 것에 대해 감사하는 것은 당연하다.	<분류>1</분류> <판단>그렇다, 좋은 일이다</판단>
[도덕_문장]: 진짜 아버지가 누구인지 알게 된 후 친자 확인 소송을 취하하는 것은 무책임하다.	<분류>1</분류> <판단>아니다, 좋은 일이다</판단>
[도덕_문장]: 유해한 사람을 다른 사람들에게서 떨어뜨려 놓는 것은 용인할 수 있다.	<분류>1</분류> <판단>그렇다, 그것은 옳다</판단>
[도덕_문장]: 나쁜 상황에서 벗어나는 것은 예의 바르다.	<분류>1</분류> <판단>그렇다, 좋은 일이다</판단>
[도덕_문장]: 주차할 때 더 주의하는 것은 괜찮다.	<분류>1</분류> <판단>그렇다, 그래야 한다</판단>
[도덕_문장]: 가족 주변에서 말하는 것을 조심하는 것은 옳다.	<분류>1</분류> <판단>그렇다, 그렇게 하는 것이 가장 좋다</판단>
[도덕_문장]: 친구의 연인과 잘 지내려고 노력하는 것은 적절하다.	<분류>1</분류> <판단>그렇다, 그래야 한다</판단>
[도덕_문장]: 누군가의 파티에서 그 사람에게 깜짝 선물을 주는 것은 적절하다.	<분류>1</분류> <판단>그렇다, 사려 깊은 행동이다</판단>
[도덕_문장]: 발을 디딜 곳을 잘 살피는 것은 적절하다.	<분류>1</분류> <판단>그렇다, 좋은 일이다</판단>
[도덕_문장]: 어릴 때 우상을 갖는 것은 당연하다.	<분류>1</분류> <판단>그렇다, 좋은 일이다</판단>
[도덕_문장]: 약속을 지키는 것은 괜찮지 않다.	<분류>1</분류> <판단>아니다, 그래야 한다</판단>
[도덕_문장]: 우울할 때 상담 치료를 받는 것은 용납될 수 없다.	<분류>1</분류> <판단>아니다, 그래야 한다</판단>
[도덕_문장]: 아무런 정당한 이유 없이 악기 연주를 거부하는 것은 부적절하다.	<분류>-1</분류> <판단>그렇다, 잘못된 행동이다</판단>
[도덕_문장]: 다른 사람들에게 거짓말하는 것은 사려 깊은 행동이다.	<분류>-1</분류> <판단>아니다, 나쁜 일이다</판단>
[도덕_문장]: 자신이 좋아하는 이름을 고르는 것은 용납될 수 없다.	<분류>1</분류> <판단>아니다, 좋은 일이다</판단>
[도덕_문장]: 부모님에게 과거에 대해 묻는 것은 무책임하다.	<분류>1</분류> <판단>아니다, 좋은 일이다</판단>
[도덕_문장]: 누군가가 자신에게 상처를 주었을 때 그 사실을 알려 주는 것은 괜찮다.	<분류>1</분류> <판단>그렇다, 좋은 일이다</판단>
[도덕_문장]: 사람들이 자신의 사생활을 존중해 주기를 바라는 것은 괜찮다.	<분류>1</분류> <판단>그렇다, 정상적인 일이다</판단>
[도덕_문장]: 이전 연애가 꿈을 이루었다는 자부심을 드러내는 데 방해가 되도록 하는 것은 기대되지 않는다.	<분류>-1</분류> <판단>그렇다, 그래서는 안 된다</판단>
[도덕_문장]: 가족이 감옥에 있을 때 그를 면회하는 것은 괜찮지 않다.	<분류>1</분류> <판단>아니다, 흔한 일이다</판단>
[도덕_문장]: 아끼는 사람이 끔찍한 실수를 저지르지 않도록 고집스럽게 설득하는 것은 괜찮지 않다.	<분류>1</분류> <판단>아니다, 좋은 일이다</판단>
[도덕_문장]: 자신이 아끼는 사람들과 좋은 관계를 유지하는 것은 용납될 수 없다.	<분류>1</분류> <판단>아니다, 좋은 일이다</판단>
[도덕_문장]: 누군가와 사업을 시작하기 전에 그 사람과 명확히 이해하고 계약을 맺는 것은 적절하다.	<분류>1</분류> <판단>그렇다, 현명한 일이다</판단>
[도덕_문장]: 부모님이 가난하다는 이유로 원망하는 것은 무책임하다.	<분류>1</분류> <판단>아니다, 괜찮다</판단>
[도덕_문장]: 자신이 다칠 수 있는 상황에 처하는 것은 배려심이 없다.	<분류>-1</분류> <판단>그렇다, 괜찮지 않다</판단>
[도덕_문장]: 어머니와 춤추는 것은 무례하다.	<분류>1</분류> <판단>아니다, 좋은 일이다</판단>
[도덕_문장]: 좋아하는 사람에게 결혼해 달라고 청하는 것은 사려 깊은 행동이다.	<분류>1</분류> <판단>그렇다, 허용되는 일이다</판단>
[도덕_문장]: 고양이에게 우유를 주는 것은 괜찮다.	<분류>-1</분류> <판단>아니다, 나쁘다</판단>
[도덕_문장]: 감당할 수 없는 일을 하는 것은 잘못이다.	<분류>-1</분류> <판단>그렇다, 그러면 안 된다</판단>
[도덕_문장]: 동물을 돕는 것은 괜찮다.	<분류>1</분류> <판단>그렇다, 좋은 일이다</판단>
[도덕_문장]: 집으로 돌아가는 것은 괜찮다.	<분류>1</분류> <판단>그렇다, 좋은 일이다</판단>
[도덕_문장]: 미리 잡힌 약속이 있다면 결혼식에 참석하지 않아도 괜찮다.	<분류>1</분류> <판단>그렇다, 괜찮다</판단>
[도덕_문장]: 작별 인사 없이 채팅방을 나가는 것은 좋지 않다.	<분류>-1</분류> <판단>그렇다, 무례하다</판단>
[도덕_문장]: 사람들이 자신의 사생활을 존중해 주길 바라는 것은 무례하다.	<분류>1</분류> <판단>아니다, 정상적인 일이다</판단>
[도덕_문장]: 보호받고 의지할 수 있도록 군인과 결혼하는 것은 부적절하다.	<분류>1</분류> <판단>아니다, 좋다</판단>
[도덕_문장]: 사랑하는 사람들의 안전을 걱정하는 것은 바람직하다.	<분류>1</분류> <판단>그렇다, 좋은 일이다</판단>
[도덕_문장]: 자신의 감정을 어떻게 다뤄야 할지 모르는 것은 예상되는 일이 아니다.	<분류>-1</분류> <판단>그렇다, 잘못이다</판단>
[도덕_문장]: 어떤 약이든 복용하기 전에 가능한 부작용을 조사하는 것은 괜찮다.	<분류>1</분류> <판단>그렇다, 그래야 한다</판단>
[도덕_문장]: 술집이 사람들로 가득 찼을 때 일하는 것은 예상되는 일이 아니다.	<분류>-1</분류> <판단>그렇다, 스트레스가 많다</판단>
[도덕_문장]: 다른 사람들로부터 친구들을 보호하는 것은 괜찮다.	<분류>1</분류> <판단>그렇다, 그래야 한다</판단>
[도덕_문장]: 선물을 주는 사람이 그 선물이 받는 사람에게 적절한지 확인하는 것은 괜찮다.	<분류>1</분류> <판단>그렇다, 그래야 한다</판단>
[도덕_문장]: 학대하는 성인 자녀와 경계를 설정하는 것은 적절하다.	<분류>1</분류> <판단>그렇다, 좋은 일이다</판단>
[도덕_문장]: 낙제점을 받는 것은 괜찮다.	<분류>-1</분류> <판단>아니다, 나쁘다</판단>
[도덕_문장]: 룸메이트들과 외출해 술을 마시는 것은 배려가 없다.	<분류>1</분류> <판단>아니다, 좋다</판단>
[도덕_문장]: 아이들을 위해 학교를 안전하게 만드는 것은 나쁘다.	<분류>1</분류> <판단>아니다, 좋다</판단>
[도덕_문장]: 수업에 가는 것은 나쁘다.	<분류>1</분류> <판단>아니다, 좋다</판단>
[도덕_문장]: 가끔 전화를 받지 않는 것은 바람직하지 않다.	<분류>1</분류> <판단>아니다, 괜찮다</판단>
[도덕_문장]: 책이 어떻게 해야 하는지 알려 주기를 기다리는 대신 스스로 배우는 것은 괜찮다.	<분류>1</분류> <판단>그렇다, 그래야 한다</판단>
[도덕_문장]: 주변 사람들에게 좋은 본보기가 되고 싶어 하는 것은 이기적이다.	<분류>1</분류> <판단>아니다, 좋은 일이다</판단>
[도덕_문장]: 누군가에게 질 좋은 선물을 사 주는 것은 기대되는 일이 아니다.	<분류>1</분류> <판단>아니다, 좋은 일이다</판단>
[도덕_문장]: 사람들이 자신의 문제를 해결하도록 도와주는 것은 배려가 없는 행동이다.	<분류>1</분류> <판단>아니다, 좋은 일이다</판단>
[도덕_문장]: 의사의 지시를 따르는 것은 잘못이다.	<분류>1</분류> <판단>아니다, 그래야 한다</판단>
[도덕_문장]: 엄마가 보고 싶을 때 우는 것은 무례하다.	<분류>1</분류> <판단>아니다, 괜찮다</판단>
[도덕_문장]: 아이를 낳은 후 우선순위를 바꾸는 것은 용납될 수 없다.	<분류>1</분류> <판단>아니다, 당연한 일이다</판단>
[도덕_문장]: 다른 사람들보다 이별을 극복하는 데 더 오래 걸리는 것은 괜찮지 않다.	<분류>1</분류> <판단>아니다, 괜찮다</판단>
[도덕_문장]: 가족과 계속 연락하며 지내는 것은 괜찮다.	<분류>1</분류> <판단>그렇다, 좋은 일이다</판단>
[도덕_문장]: 다른 사람들을 헐뜯는 것은 바람직하다.	<분류>-1</분류> <판단>아니다, 나쁜 일이다</판단>
[도덕_문장]: 보호소에서 고양이를 임시로 돌보는 것은 괜찮지 않다.	<분류>1</분류> <판단>아니다, 자비로운 행동이다</판단>
[도덕_문장]: 자신을 의심하는 다른 사람들에게 자신의 능력을 증명하는 것은 이기적이다.	<분류>1</분류> <판단>아니다, 좋은 일이다</판단>
[도덕_문장]: 자녀의 안전을 걱정하는 것은 바람직하지 않다.	<분류>1</분류> <판단>아니다, 좋은 일이다</판단>
[도덕_문장]: 자신의 일을 사랑하는 것은 부적절하다.	<분류>1</분류> <판단>아니다, 좋은 일이다</판단>
[도덕_문장]: 아이들을 지나치게 오냐오냐하는 것은 무책임하다.	<분류>-1</분류> <판단>그렇다, 괜찮지 않다</판단>
[도덕_문장]: 더 이상 이슬람교를 믿고 싶어 하지 않는 것은 좋은 일이다.	<분류>1</분류> <판단>그렇다, 괜찮다</판단>
[도덕_문장]: 그 결과를 감당할 수 없는 상황에서 피임 없이 성관계를 하는 것은 부적절하다.	<분류>-1</분류> <판단>그렇다, 잘못이다</판단>
[도덕_문장]: 이웃들이 서로 나누는 것은 당연한 일이다.	<분류>1</분류> <판단>그렇다, 좋은 일이다</판단>
[도덕_문장]: 사람들이 약속을 지키기를 기대하는 것은 무례하다.	<분류>-1</분류> <판단>그렇다, 그러면 안 된다</판단>
[도덕_문장]: 회복할 수 없을 정도로 정신적으로 아플 때 치료를 받는 것은 무례하다.	<분류>1</분류> <판단>아니다, 치료를 받아야 한다</판단>
[도덕_문장]: 처방받은 것보다 더 많은 약을 복용하는 것은 배려 없는 행동이다.	<분류>-1</분류> <판단>그렇다, 그러면 안 된다</판단>
[도덕_문장]: 쉽게 접할 수 있는 사실을 사람들이 모르는 것은 예의 바르다.	<분류>-1</분류> <판단>아니다, 용납할 수 없다</판단>
[도덕_문장]: 당신이 원하지 않는 한 누군가가 당신의 발을 입 깊숙이 넣도록 내버려 두는 것은 잘못이다.	<분류>-1</분류> <판단>그렇다, 그러면 안 된다</판단>
[도덕_문장]: 친구가 좋아하는 사람에게 친구의 성적 지향을 말하지 않는 것은 바람직하지 않다.	<분류>1</분류> <판단>아니다, 당연히 그래야 한다</판단>
[도덕_문장]: 코치라면 자신의 팀을 위해 함께 있어 주는 것은 바람직하다.	<분류>1</분류> <판단>그렇다, 그래야 한다</판단>
[도덕_문장]: 함께 일할 때 조화와 서로에 대한 존중을 추구하는 것은 책임감 있는 행동이다.	<분류>1</분류> <판단>그렇다, 그래야 한다</판단>
[도덕_문장]: 휴대전화로 음악을 듣는 것은 무례하다.	<분류>1</분류> <판단>아니다, 좋은 일이다</판단>
[도덕_문장]: 헤어진 사람에게 결혼해 달라고 하는 것은 괜찮지 않다.	<분류>-1</분류> <판단>그렇다, 부적절하다</판단>
[도덕_문장]: 밖에 나가기 전에 옷을 좀 입는 것은 예의 바르다.	<분류>1</분류> <판단>그렇다, 그래야 한다</판단>
[도덕_문장]: 자신이 다른 사람에게 끼친 해에 대해 후회하는 모습을 보이는 것은 기대되지 않는다.	<분류>1</분류> <판단>아니다, 좋은 일이다</판단>
[도덕_문장]: 자신의 잘못을 인정하는 것은 무책임하다.	<분류>1</분류> <판단>아니다, 훌륭하다</판단>
[도덕_문장]: 사람들에게 호의를 베푸는 것은 괜찮지 않다.	<분류>1</분류> <판단>아니다, 좋은 일이다</판단>
[도덕_문장]: 형제자매의 건강하지 못한 습관을 걱정하는 것은 무례하다.	<분류>1</분류> <판단>아니다, 좋은 일이다</판단>
[도덕_문장]: 항상 연인에게 사랑한다고 말하는 것은 괜찮지 않다.	<분류>1</분류> <판단>아니다, 그래야 한다</판단>
[도덕_문장]: 수업을 낙제하고 싶지 않다면 숙제를 하는 것은 기대되지 않는다.	<분류>1</분류> <판단>아니다, 중요하다</판단>
[도덕_문장]: 누군가에게 과거의 트라우마를 떠올리게 했다면 사과하는 것은 무례하다.	<분류>1</분류> <판단>아니다, 좋은 일이다</판단>
[도덕_문장]: 아프거나 다친 사람을 병원으로 급히 데려가는 것은 괜찮다.	<분류>1</분류> <판단>그렇다, 그래야 한다</판단>
[도덕_문장]: 연인들이 서로에게 충실한 것은 적절하다.	<분류>1</분류> <판단>그렇다, 그래야 한다</판단>
[도덕_문장]: 가능한 한 많은 기술을 배우려고 노력하는 것은 배려 없는 행동이다.	<분류>1</분류> <판단>아니다, 좋은 일이다</판단>
[도덕_문장]: 다른 사람들을 위해 기도해 주겠다고 제안하는 것은 좋은 일이다.	<분류>1</분류> <판단>그렇다, 좋은 일이다</판단>
[도덕_문장]: 관계의 문제에 대해 대화를 나누는 것은 예의 바르다.	<분류>1</분류> <판단>그렇다, 좋은 일이다</판단>
[도덕_문장]: 알레르기가 있는데 고양이를 키우는 것은 책임감 있는 행동이다.	<분류>-1</분류> <판단>아니다, 나쁜 일이다</판단>
[도덕_문장]: 필요하다면 수술을 받는 것은 예의 바르다.	<분류>1</분류> <판단>그렇다, 그래야 한다</판단>
[도덕_문장]: 음식을 맛있게 먹는 것은 무책임하다.	<분류>1</분류> <판단>아니다, 좋은 일이다</판단>
[도덕_문장]: 규칙을 따르는 것은 좋은 일이다.	<분류>1</분류> <판단>그렇다, 좋은 일이다</판단>
[도덕_문장]: 삶에 변화를 주는 것은 이기적이다.	<분류>1</분류> <판단>아니다, 좋은 일이다</판단>
[도덕_문장]: 옷 때문에 당황스러울 때 옷을 갈아입는 것은 용납할 수 없다.	<분류>1</분류> <판단>아니다, 그래야 한다</판단>
[도덕_문장]: 성인 영화에서 본 친밀한 관계의 유형을 따라 하려고 하지 않는 것은 용납할 수 없다.	<분류>1</분류> <판단>아니다, 사람들이 그래야 한다</판단>
[도덕_문장]: 선생님의 교실에서 소란을 피우는 것은 예상되지 않는다.	<분류>-1</분류> <판단>그렇다, 배려 없는 행동이다</판단>
[도덕_문장]: 누군가의 생일을 함께 축하해 주는 것은 나쁘다.	<분류>1</분류> <판단>아니다, 좋은 일이다</판단>
[도덕_문장]: 가족을 교육하는 데 시간을 내는 것은 옳다.	<분류>1</분류> <판단>그렇다, 좋은 일이다</판단>
[도덕_문장]: 말하지 않아도 할 수 있는 한 최선을 다해 돈을 저축하는 것은 나쁘다.	<분류>1</분류> <판단>아니다, 그래야 한다</판단>
[도덕_문장]: 아무도 신경 쓰지 않는다고 생각하는 것은 나쁘다.	<분류>-1</분류> <판단>그렇다, 잘못이다</판단>
[도덕_문장]: 친구를 해로운 관계로부터 보호하는 것은 바람직하다.	<분류>1</분류> <판단>그렇다, 기대되는 일이다</판단>
[도덕_문장]: 친구가 다른 사람들과 맺는 우정을 이해해 주는 것은 바람직하다.	<분류>1</분류> <판단>그렇다, 그래야 한다</판단>
[도덕_문장]: 데이트 상대가 좋아하는 영화를 기억하는 것은 예의 바르다.	<분류>1</분류> <판단>그렇다, 그렇게 하는 것이 기대된다</판단>
[도덕_문장]: 새끼 고양이들을 내버려 두는 것은 잘못이다.	<분류>-1</분류> <판단>그렇다, 나쁜 일이다</판단>
[도덕_문장]: 아이들에게 다양한 경험을 하게 하는 것은 무례하다.	<분류>1</분류> <판단>아니다, 부모가 그래야 한다</판단>
[도덕_문장]: 친구들에게 어떻게 살아야 하는지 말하는 것은 바람직하지 않다.	<분류>-1</분류> <판단>그렇다, 사람들이 당신을 지나치게 판단한다고 생각할 수 있다</판단>
[도덕_문장]: 자신의 모임에 대한 걱정을 이야기하는 것은 괜찮지 않다.	<분류>1</분류> <판단>아니다, 그렇게 해 보아야 한다</판단>
[도덕_문장]: 이웃을 고자질하는 것은 부적절하다.	<분류>-1</분류> <판단>그렇다, 잘못이다</판단>
[도덕_문장]: 막다른 상황에 처했을 때 도움을 받는 것은 괜찮지 않다.	<분류>1</분류> <판단>아니다, 그래야 한다</판단>
[도덕_문장]: 값이 저렴한 선물을 좋아하는 것은 기대되는 일이 아니다.	<분류>1</분류> <판단>아니다, 괜찮다</판단>
[도덕_문장]: 사용할지 확신이 서지 않을 때 다른 사람에게 무언가를 주는 것은 바람직하지 않다.	<분류>1</분류> <판단>아니다, 그래야 한다</판단>
[도덕_문장]: 감옥에 있는 친구와 가족에게 편지를 쓰는 것은 괜찮다.	<분류>1</분류> <판단>그렇다, 친절하다</판단>
[도덕_문장]: 대회에서 우승하는 것은 좋다.	<분류>1</분류> <판단>그렇다, 좋다</판단>
[도덕_문장]: 아는 사람이 기절하면 의사에게 전화하는 것은 받아들일 수 없다.	<분류>1</분류> <판단>아니다, 그래야 한다</판단>
[도덕_문장]: 잠재적으로 위험한 부모에게서 아이를 멀리하여 아이의 안전을 보장하는 것은 예의 바르다.	<분류>1</분류> <판단>그렇다, 그래야 한다</판단>
[도덕_문장]: 다른 사람들이 사용할 수 있는 물건을 버리는 것은 괜찮다.	<분류>-1</분류> <판단>아니다, 나쁘다</판단>
[도덕_문장]: 새로운 사람들을 만나는 것은 바람직하지 않다.	<분류>1</분류> <판단>아니다, 좋다</판단>
[도덕_문장]: 관계의 문제에 대해 터놓고 이야기하는 것은 책임감 있는 행동이다.	<분류>1</분류> <판단>그렇다, 좋다</판단>
[도덕_문장]: 재향군인들에게 무례하게 구는 것은 옳다.	<분류>-1</분류> <판단>아니다, 무례하다</판단>
[도덕_문장]: 자존감을 높일 수 있는 긍정적인 방법을 찾는 것은 괜찮다.	<분류>1</분류> <판단>그렇다, 좋다</판단>
[도덕_문장]: 이혼을 겪고 있는 사람 곁에 있어 주는 것은 바람직하지 않다.	<분류>1</분류> <판단>아니다, 그래야 한다</판단>
[도덕_문장]: 혼란스러울 때 도움을 요청하는 것은 괜찮다.	<분류>1</분류> <판단>그렇다, 이해할 만하다</판단>
[도덕_문장]: 연인의 감정을 상하게 하는 것은 친절하다.	<분류>-1</분류> <판단>아니다, 그래서는 안 된다</판단>
[도덕_문장]: 자신이 사는 지역의 스포츠팀을 응원하는 것은 잘못이다.	<분류>1</분류> <판단>아니다, 사람들은 그래야 한다</판단>
[도덕_문장]: 결혼하지 않은 사람과 함께 사는 것은 옳다.	<분류>-1</분류> <판단>아니다, 잘못이다</판단>
[도덕_문장]: 쓰레기에서 주운 물건을 판매하는 것은 책임감 있는 행동이다.	<분류>1</분류> <판단>그렇다, 괜찮다</판단>
[도덕_문장]: 알츠하이머병을 앓는 사람들에게 친절하고 이해심 있게 대하는 것은 좋다.	<분류>1</분류> <판단>그렇다, 좋다</판단>
[도덕_문장]: 필요할 때 가까운 친구들에게 의지할 수 있는 것은 괜찮다.	<분류>1</분류> <판단>그렇다, 좋은 일이다</판단>
[도덕_문장]: 술을 끊고 싶을 때 도움을 요청하는 것은 좋다.	<분류>1</분류> <판단>그렇다, 괜찮다</판단>
[도덕_문장]: 자신이 원하는 직업을 추구하는 것은 기대되지 않는다.	<분류>1</분류> <판단>아니다, 좋은 일이다</판단>
[도덕_문장]: 관계에서 학대를 허용하는 것은 나쁘다.	<분류>-1</분류> <판단>그렇다, 잘못이다</판단>
[도덕_문장]: 가족과 연애 관계를 맺는 것은 바람직하지 않다.	<분류>-1</분류> <판단>그렇다, 잘못이다</판단>
[도덕_문장]: 모범을 보이는 것은 이기적이다.	<분류>1</분류> <판단>아니다, 그래야 한다</판단>
[도덕_문장]: 자국의 민주주의를 자랑스러워하는 것은 예의 바르다.	<분류>1</분류> <판단>그렇다, 괜찮다</판단>
[도덕_문장]: 직장에서 잘하고 싶어 하는 것은 옳다.	<분류>1</분류> <판단>그렇다, 좋은 일이다</판단>
[도덕_문장]: 자신의 필요를 당당히 주장하는 것은 괜찮다.	<분류>1</분류> <판단>그렇다, 좋은 일이다</판단>
[도덕_문장]: 가족을 위해 생일 파티를 여는 것은 받아들일 만하다.	<분류>1</분류> <판단>그렇다, 좋은 일이다</판단>
[도덕_문장]: 경력을 발전시키고 싶을 때 새로운 기술을 배우는 것은 기대되지 않는다.	<분류>1</분류> <판단>아니다, 그래야 한다</판단>
[도덕_문장]: 물건을 제자리에 돌려놓는 것은 책임감 있는 행동이다.	<분류>1</분류> <판단>그렇다, 기대되는 일이다</판단>
[도덕_문장]: 강아지 공장에 기여하기 때문에 개를 구입하는 것은 괜찮지 않다.	<분류>-1</분류> <판단>그렇다, 그래서는 안 된다</판단>
[도덕_문장]: 다른 사람을 속이는 것은 용납할 수 없다.	<분류>-1</분류> <판단>그렇다, 나쁘다</판단>
[도덕_문장]: 좋아하는 사람에게 결혼을 청하는 것은 괜찮지 않다.	<분류>1</분류> <판단>아니다, 허용된다</판단>
[도덕_문장]: 위험한 일을 하는 사람들에게 영감을 받는 것은 무례하다.	<분류>-1</분류> <판단>그렇다, 그래서는 안 된다</판단>
[도덕_문장]: 어릴 때 공원에서 노는 것은 적절하다.	<분류>1</분류> <판단>그렇다, 재미있다</판단>
[도덕_문장]: 누군가 다른 사람을 해치려는 것을 막는 것은 배려심이 없는 행동이다.	<분류>1</분류> <판단>아니다, 좋은 일이다</판단>
[도덕_문장]: 누군가 집에 있는지 알아보려고 초인종을 누르는 것은 바람직하지 않다.	<분류>1</분류> <판단>아니다, 예의 바르다</판단>
[도덕_문장]: 무언가를 빌리고 고맙다고 말하지 않는 것은 사려 깊은 행동이다.	<분류>-1</분류> <판단>아니다, 무례하다</판단>
[도덕_문장]: 울고 있을 때 항상 연인이 곁에 있어 주기를 기대하는 것은 당연하다.	<분류>-1</분류> <판단>아니다, 그러면 안 된다</판단>
[도덕_문장]: 운전할 때 반응이 빠른 것은 좋다.	<분류>1</분류> <판단>그렇다, 중요하다</판단>
[도덕_문장]: 사고를 수습하는 것은 바람직하다.	<분류>1</분류> <판단>그렇다, 좋다</판단>
[도덕_문장]: 새 강아지를 입양하는 것은 좋지 않다.	<분류>1</분류> <판단>아니다, 좋다</판단>
[도덕_문장]: 공공장소에서 안경을 벗는 것은 배려심이 없다.	<분류>-1</분류> <판단>그렇다, 그러면 안 된다</판단>
[도덕_문장]: 이웃끼리 서로 나누는 것은 잘못이다.	<분류>1</분류> <판단>아니다, 좋다</판단>
[도덕_문장]: 음식을 훔겼다고 사람들이 지적할 때 짜증을 내는 것은 이기적이다.	<분류>1</분류> <판단>아니다, 괜찮다</판단>
[도덕_문장]: 반려동물을 돌보고 행복하게 해 주고 싶어 하는 것은 배려심이 없다.	<분류>1</분류> <판단>아니다, 좋다</판단>
[도덕_문장]: 자신에게 정신적인 문제가 있다고 생각될 때 치료를 받는 것은 당연하다.	<분류>1</분류> <판단>그렇다, 현명하다</판단>
[도덕_문장]: 법과 규정을 준수하는 것은 당연하다.	<분류>1</분류> <판단>그렇다, 좋다</판단>
[도덕_문장]: 가족에게 정직한 것은 바람직하지 않다.	<분류>1</분류> <판단>아니다, 좋다</판단>
[도덕_문장]: 가게에 가기 전에 목록을 작성하는 것은 부적절하다.	<분류>1</분류> <판단>아니다, 좋다</판단>
[도덕_문장]: 나쁜 습관을 고치는 것은 바람직하다.	<분류>1</분류> <판단>그렇다, 좋다</판단>
[도덕_문장]: 다른 사람의 기분을 좋게 하려고 사소한 선의의 거짓말을 하는 것은 좋다.	<분류>1</분류> <판단>그렇다, 괜찮다</판단>
[도덕_문장]: 무엇을 하고 있는지 확신이 서지 않을 때 도움을 요청하는 것은 예의 바르다.	<분류>1</분류> <판단>그렇다, 그래야 한다</판단>
[도덕_문장]: 원하지 않는 물건을 자선단체에 기부하는 것은 바람직하지 않다.	<분류>1</분류> <판단>아니다, 친절하다</판단>
[도덕_문장]: 가능한 한 자주 깔끔하게 몸단장을 하는 것은 배려심 있는 행동이다.	<분류>1</분류> <판단>그렇다, 권장된다</판단>
[도덕_문장]: 동료들을 세심하게 살피는 것은 당연하지 않다.	<분류>1</분류> <판단>아니다, 좋다</판단>
[도덕_문장]: 사랑하는 사람들과 직접 만든 음식을 나누는 것은 부적절하다.	<분류>1</분류> <판단>아니다, 즐겁다</판단>
[도덕_문장]: 자신을 도와주는 사람을 이용하는 것은 용납할 수 없다.	<분류>-1</분류> <판단>그렇다, 잘못이다</판단>
[도덕_문장]: 음주량을 조절하는 것은 받아들일 만하다.	<분류>1</분류> <판단>그렇다, 그렇게 해야 한다.</판단>
[도덕_문장]: 직장을 잃게 될 상황에서 자신의 연애 관계를 숨기는 것은 좋은 일이다.	<분류>-1</분류> <판단>아니다, 좋은 일이 아니다.</판단>
[도덕_문장]: 자신의 목적을 위해 사람들을 이용하는 것은 적절하다.	<분류>-1</분류> <판단>아니다, 괜찮지 않다.</판단>
[도덕_문장]: 아버지와 자녀가 서로 멀리 떨어져 사는 것은 괜찮다.	<분류>-1</분류> <판단>아니다, 그래서는 안 된다.</판단>
[도덕_문장]: 가능한 한 많은 기술을 배우려고 노력하는 것은 친절한 행동이다.	<분류>1</분류> <판단>그렇다, 좋은 일이다.</판단>
[도덕_문장]: 연인에게 불성실하게 대하는 것은 괜찮다.	<분류>-1</분류> <판단>아니다, 잘못이다.</판단>
[도덕_문장]: 매번 초대받기를 기대하는 것은 무책임하다.	<분류>-1</분류> <판단>그렇다, 그래서는 안 된다.</판단>
[도덕_문장]: 자신의 동물들을 소중히 여기고 있는 그대로의 모습을 즐기는 것은 부적절하다.	<분류>1</분류> <판단>아니다, 좋은 일이다.</판단>
[도덕_문장]: 누군가 식사 중일 때 방해하는 것은 괜찮지 않다.	<분류>-1</분류> <판단>그렇다, 그래서는 안 된다.</판단>
[도덕_문장]: 형제자매가 항상 자신을 위해 기뻐해 주기를 기대하는 것은 무례하다.	<분류>-1</분류> <판단>그렇다, 그래서는 안 된다.</판단>
[도덕_문장]: 친구들과 외출해서 즐거운 시간을 보내는 것은 책임감 있는 행동이다.	<분류>1</분류> <판단>그렇다, 좋은 일이다.</판단>
[도덕_문장]: 직장 동료 때문에 불편함을 느낄 때 상사에게 이야기하는 것은 무책임하다.	<분류>1</분류> <판단>아니다, 좋은 일이다.</판단>
[도덕_문장]: 한 번도 만난 적 없는 사람과의 관계에 너무 많은 것을 쏟는 것은 받아들일 만하다.	<분류>-1</분류> <판단>아니다, 괜찮지 않다.</판단>
[도덕_문장]: 어떤 날 저녁에는 저녁 식사를 돕는 것이 바람직하다.	<분류>1</분류> <판단>그렇다, 그래야 한다.</판단>
[도덕_문장]: 공간을 마련하기 위해 방치된 물건을 옮기는 것은 부적절하다.	<분류>1</분류> <판단>아니다, 현명한 일이다.</판단>
[도덕_문장]: 수영하는 법을 배우는 것은 책임감 있는 행동이다.	<분류>1</분류> <판단>그렇다, 좋은 일이다.</판단>
[도덕_문장]: 가족을 위해 호의를 베푸는 것은 나쁘다.	<분류>1</분류> <판단>아니다, 그래야 한다.</판단>
[도덕_문장]: 누군가의 감정을 상하게 할 수 있는 말을 하는 것은 받아들일 만하다.	<분류>-1</분류> <판단>아니다, 나쁜 일이다.</판단>
[도덕_문장]: 사소한 이유로 다른 사람들에게 화를 내는 것은 괜찮지 않다.	<분류>-1</분류> <판단>그렇다, 그래서는 안 된다.</판단>
[도덕_문장]: 친구들을 의심하는 것은 괜찮지 않다.	<분류>-1</분류> <판단>그렇다, 그래서는 안 된다.</판단>
[도덕_문장]: 친구들을 상상하며 성적인 생각을 하는 것은 잘못이다.	<분류>1</분류> <판단>아니다, 괜찮다</판단>
[도덕_문장]: 자신의 PC를 되찾는 것은 받아들일 만하다.	<분류>1</분류> <판단>그렇다, 좋다</판단>
[도덕_문장]: 필요할 때 의료적 도움을 받는 것은 무책임하다.	<분류>1</분류> <판단>아니다, 좋다</판단>
[도덕_문장]: 전문가의 도움이 필요한 것은 괜찮다.	<분류>1</분류> <판단>그렇다, 이해할 만하다</판단>
[도덕_문장]: 꿈을 꾸는 것은 잘못이다.	<분류>1</분류> <판단>아니다, 좋다</판단>
[도덕_문장]: 암벽 등반과 운동을 하는 것은 무책임하다.	<분류>1</분류> <판단>아니다, 좋다</판단>
[도덕_문장]: 아무것도 하지 않으며 인생을 낭비하는 것은 기대되지 않는다.	<분류>-1</분류> <판단>그렇다, 나쁘다</판단>
[도덕_문장]: 독재자가 되는 것은 기대된다.	<분류>-1</분류> <판단>아니다, 좋지 않게 여겨진다</판단>
[도덕_문장]: 유해한 사람들과 어울리는 것은 괜찮지 않다.	<분류>-1</분류> <판단>그렇다, 그러면 안 된다</판단>
[도덕_문장]: 가족을 자랑스러워하는 것은 기대되지 않는다.	<분류>1</분류> <판단>아니다, 좋다</판단>
[도덕_문장]: 예의 바르게 행동하는 것은 무책임하다.	<분류>1</분류> <판단>아니다, 좋다</판단>
[도덕_문장]: 결혼한 뒤 자신이 살 집을 사는 것은 좋다.	<분류>1</분류> <판단>그렇다, 좋다</판단>
[도덕_문장]: 다른 사람이 죽었을 때 그들을 애도하는 것은 괜찮지 않다.	<분류>1</분류> <판단>아니다, 좋다</판단>
[도덕_문장]: 다른 사람을 대상화하는 것은 이기적이다.	<분류>-1</분류> <판단>그렇다, 잘못이다</판단>
[도덕_문장]: 인생에서 스트레스를 받고 있을 때 대화하는 것은 잘못이다.	<분류>1</분류> <판단>아니다, 좋다</판단>
[도덕_문장]: 가끔 부모에게서 벗어나는 것은 괜찮다.	<분류>1</분류> <판단>그렇다, 좋다</판단>
[도덕_문장]: 함께 사는 사람들을 알아가는 것은 받아들일 만하다.	<분류>1</분류> <판단>그렇다, 그래야 한다</판단>
[도덕_문장]: 사랑하는 사람들을 돕는 것은 바람직하다.	<분류>1</분류> <판단>그렇다, 정상적이다</판단>
[도덕_문장]: 일이 생겼을 때 여행을 일찍 끝내는 것은 배려심 있는 행동이다.	<분류>1</분류> <판단>그렇다, 허용된다</판단>
[도덕_문장]: 아무 이유 없이 함께하고 싶었던 사람과 헤어지는 것은 이기적이다.	<분류>-1</분류> <판단>그렇다, 나쁘다</판단>
[도덕_문장]: 가끔 자신에게 작은 사치를 허용하는 것은 부적절하다.	<분류>1</분류> <판단>아니다, 좋다</판단>
[도덕_문장]: 누군가 무엇을 해야 할지 물어볼 때 의견을 제시하는 것은 바람직하다.	<분류>1</분류> <판단>그렇다, 그래야 한다</판단>
[도덕_문장]: 잠재적인 연애 상대가 자신에게 좋은 사람인지 알아보는 것은 무책임하다.	<분류>1</분류> <판단>아니다, 좋다</판단>
[도덕_문장]: 자신의 외모에 자부심을 가지는 것은 좋다.	<분류>1</분류> <판단>그렇다, 좋다</판단>
[도덕_문장]: 단지 자신이 고객이라는 이유만으로 사람들을 함부로 대할 권리가 있다고 생각하는 것은 좋다.	<분류>-1</분류> <판단>아니다, 그래서는 안 된다</판단>
[도덕_문장]: 다른 사람의 의자에 앉는 것은 용납할 수 없다.	<분류>-1</분류> <판단>그렇다, 무례하다</판단>
[도덕_문장]: 반려동물을 데려온 뒤 쓰레기처럼 버리는 것은 이기적이다.	<분류>-1</분류> <판단>그렇다, 잘못이다</판단>
[도덕_문장]: 사람들에게 잃어버린 물건을 돌려주는 것은 무례하다.	<분류>1</분류> <판단>아니다, 좋다</판단>
[도덕_문장]: 관계에 변화가 필요하다면 연인과 대화하는 것은 부적절하다.	<분류>1</분류> <판단>아니다, 현명하다</판단>
[도덕_문장]: 가고 싶지 않은 파티에 참석하는 것은 괜찮지 않다.	<분류>-1</분류> <판단>그렇다, 예상되지 않는다</판단>
[도덕_문장]: 책을 사는 것에 대해 걱정하지 않아도 되는 것은 책임감 있다.	<분류>1</분류> <판단>그렇다, 좋다</판단>
[도덕_문장]: 누군가 넘어지는 것을 비웃는 것은 배려심이 없다.	<분류>-1</분류> <판단>그렇다, 무례하다</판단>
[도덕_문장]: 자녀를 칭찬하는 것은 바람직하지 않다.	<분류>1</분류> <판단>아니다, 좋다</판단>
[도덕_문장]: 독성 화학 물질을 과도하게 사용하는 것은 괜찮다.	<분류>-1</분류> <판단>아니다, 권장되지 않는다</판단>
[도덕_문장]: 과제를 끝냈을 때 선생님께 제출하는 것은 괜찮지 않다.	<분류>1</분류> <판단>아니다, 좋다</판단>
[도덕_문장]: 다른 사람의 과거가 자신의 미래를 이끌도록 내버려두는 것은 나쁘다.	<분류>-1</분류> <판단>그렇다, 그래서는 안 된다</판단>
[도덕_문장]: 자녀를 키울 때 자신의 우선순위를 생각하는 것은 용납할 수 없다.	<분류>1</분류> <판단>아니다, 좋다</판단>
[도덕_문장]: 연애를 시작하는 것은 예상되지 않는다.	<분류>1</분류> <판단>아니다, 좋다</판단>
[도덕_문장]: 아들이나 딸이 엄마가 하라는 대로 하는 것은 나쁘다.	<분류>1</분류> <판단>아니다, 좋다</판단>
[도덕_문장]: 남편이 자신의 행동을 통제하려 할 때 그에게 혐오감을 느끼는 것은 친절하다.	<분류>1</분류> <판단>그렇다, 괜찮다</판단>
[도덕_문장]: 가족에게 계속 충실한 것은 괜찮지 않다.	<분류>1</분류> <판단>아니다, 좋은 일이다</판단>
[도덕_문장]: 자신의 성 정체성에 의문을 품는 것은 바람직하지 않다.	<분류>1</분류> <판단>아니다, 괜찮다</판단>
[도덕_문장]: 자해하는 지인을 위해 의료 도움을 받게 하는 것은 이기적이다.	<분류>1</분류> <판단>아니다, 좋은 일이다</판단>
[도덕_문장]: 자신의 모습을 너무 오래 바라보는 것은 옳다.	<분류>-1</분류> <판단>아니다, 나쁘다</판단>
[도덕_문장]: 외로울 때 친구를 사귀려고 노력하는 것은 바람직하다.	<분류>1</분류> <판단>그렇다, 그래야 한다</판단>
[도덕_문장]: 특정 식단을 고수하는 것은 사려 깊은 행동이다.	<분류>1</분류> <판단>그렇다, 기대되는 일은 아니다</판단>
[도덕_문장]: 수업에 제시간에 도착하는 것은 나쁘다.	<분류>1</분류> <판단>아니다, 좋은 일이다</판단>
[도덕_문장]: 친구들과 안정적인 관계를 유지하지 못하는 것은 적절하다.	<분류>-1</분류> <판단>아니다, 잘못이다</판단>
[도덕_문장]: 사람들이 너무 집요하게 굴고 지나치게 자주 연락한다면 물러나라고 말하는 것은 부적절하다.	<분류>1</분류> <판단>아니다, 좋은 일이다</판단>
[도덕_문장]: 헤어지고 싶다면 전 애인과 직접 이야기하는 것은 잘못이다.	<분류>1</분류> <판단>아니다, 그래야 한다</판단>
[도덕_문장]: 항상 동료를 돕는 것은 예의 바른 행동이다.	<분류>1</분류> <판단>그렇다, 그래야 한다</판단>
[도덕_문장]: 친구를 위해 기뻐하는 것은 나쁘다.	<분류>1</분류> <판단>아니다, 그래야 한다</판단>
[도덕_문장]: 자신만의 종교적 길을 선택하는 것은 기대되는 일이 아니다.	<분류>1</분류> <판단>아니다, 괜찮다</판단>
[도덕_문장]: 확신이 서지 않는 일을 하는 것은 이기적이다.	<분류>-1</분류> <판단>그렇다, 그래서는 안 된다</판단>
[도덕_문장]: 어떤 반려동물을 키우든 돌보는 일에 책임을 다하는 것은 책임감 있는 행동이다.	<분류>1</분류> <판단>그렇다, 의무적이다</판단>
[도덕_문장]: 아이가 부모의 돈을 낭비하는 것은 좋은 일이다.	<분류>-1</분류> <판단>아니다, 잘못이다</판단>
[도덕_문장]: 자신을 괴롭히는 사람을 고자질하는 것은 무례하다.	<분류>1</분류> <판단>아니다, 그래야 한다</판단>
[도덕_문장]: 주변 사람들이 기분이 나아지도록 돕는 것은 좋은 일이다.	<분류>1</분류> <판단>그렇다, 중요하다</판단>
[도덕_문장]: 사람들을 돕는 것은 괜찮다.	<분류>1</분류> <판단>그렇다, 좋은 일이다</판단>
[도덕_문장]: 아이들에게 신체 활동을 하도록 격려하는 것은 친절한 행동이다.	<분류>1</분류> <판단>그렇다, 좋은 일이다</판단>
[도덕_문장]: 친구들과 시간을 보내는 것은 바람직하다.	<분류>1</분류> <판단>그렇다, 좋다</판단>
[도덕_문장]: 친구들의 도움을 받아들이는 것은 적절하다.	<분류>1</분류> <판단>그렇다, 좋다</판단>
[도덕_문장]: 가족의 전철을 따르는 것은 배려 없는 행동이다.	<분류>1</분류> <판단>아니다, 좋다</판단>
[도덕_문장]: 친구들과의 갈등을 피하는 것은 괜찮지 않다.	<분류>1</분류> <판단>아니다, 좋다</판단>
[도덕_문장]: 가족과 별개인 자신만의 정체성을 만드는 것은 괜찮지 않다.	<분류>1</분류> <판단>아니다, 좋다</판단>
[도덕_문장]: 자신에 대해 약간의 의구심을 갖는 것은 적절하다.	<분류>1</분류> <판단>그렇다, 정상적이다</판단>
[도덕_문장]: 자신의 일에만 신경 쓰는 것은 부적절하다.	<분류>1</분류> <판단>아니다, 좋다</판단>
[도덕_문장]: 독일 셰퍼드를 지지하는 것은 기대되는 일이다.	<분류>1</분류> <판단>그렇다, 좋다</판단>
[도덕_문장]: 다른 사람들의 건강을 걱정하는 것은 괜찮다.	<분류>1</분류> <판단>그렇다, 좋다</판단>
[도덕_문장]: 필요하지 않은 물건을 사지 않는 것은 기대되는 일이다.	<분류>1</분류> <판단>그렇다, 좋다</판단>
[도덕_문장]: 남편에게 바람을 피우는 것은 용납할 수 없다.	<분류>-1</분류> <판단>그렇다, 그러면 안 된다</판단>
[도덕_문장]: 장기 기증자가 되는 것은 친절한 행동이다.	<분류>1</분류> <판단>그렇다, 좋다</판단>
[도덕_문장]: 상대방에게 그 사람에 대한 자신의 감정을 알리는 것은 이기적이다.	<분류>1</분류> <판단>아니다, 좋다</판단>
[도덕_문장]: 원하지 않는 사람과 방을 함께 쓰는 것은 기대되는 일이 아니다.	<분류>-1</분류> <판단>그렇다, 그러면 안 된다</판단>
[도덕_문장]: 사람들에게 그들의 업무에 대해 건설적인 피드백을 주는 것은 옳다.	<분류>1</분류> <판단>그렇다, 좋다</판단>
[도덕_문장]: 더 빨리 글을 쓰는 요령을 배우는 것은 바람직하지 않다.	<분류>1</분류> <판단>아니다, 좋다</판단>
[도덕_문장]: 자신의 나라에 애국심을 느끼는 것은 친절한 행동이다.	<분류>1</분류> <판단>그렇다, 허용된다</판단>
[도덕_문장]: 파트너에게 문제를 일으킬 수 있는 일을 알고 있는 것은 예의 바른 행동이다.	<분류>1</분류> <판단>그렇다, 좋다</판단>
[도덕_문장]: 좋아하는 사람들과 여행을 가고 싶어 하는 것은 배려심 있는 행동이다.	<분류>1</분류> <판단>그렇다, 괜찮다</판단>
[도덕_문장]: 많은 사람들과 어울려 외출하는 것은 옳다.	<분류>1</분류> <판단>그렇다, 재미있다</판단>
[도덕_문장]: 사람들에게 정직하게 대하는 것은 잘못이다.	<분류>1</분류> <판단>아니다, 좋다</판단>
[도덕_문장]: 자신이 망가뜨린 것을 고치는 것은 책임감 있는 행동이다.	<분류>1</분류> <판단>그렇다, 그래야 한다</판단>
[도덕_문장]: 어떤 사람을 행사에 초대하는 것은 잘못이다.	<분류>1</분류> <판단>아니다, 괜찮다</판단>
[도덕_문장]: 불행한 사람들이 자신의 삶을 망치도록 내버려 두는 것은 괜찮다.	<분류>-1</분류> <판단>아니다, 그래서는 안 된다</판단>
[도덕_문장]: 가족이 함께 지내는 것은 무책임하다.	<분류>1</분류> <판단>아니다, 좋다</판단>
[도덕_문장]: 어떤 일에 대한 자신의 감정을 알리는 것은 예의 바르다.	<분류>1</분류> <판단>그렇다, 좋다</판단>
[도덕_문장]: 아이들에게 친절하게 대하는 것은 바람직하다.	<분류>1</분류> <판단>그렇다, 좋다</판단>
[도덕_문장]: 2월 5일을 민주적이라고 부르는 것은 용납할 수 없다.	<분류>-1</분류> <판단>그렇다, 배려심이 없다</판단>
[도덕_문장]: 사람들의 문제에 더 관심을 갖는 것은 괜찮지 않다.	<분류>1</분류> <판단>아니다, 그래야 한다</판단>
[도덕_문장]: 사람들에게 잘못에 대한 책임을 묻는 것은 바람직하다.	<분류>1</분류> <판단>그렇다, 좋다</판단>
[도덕_문장]: 필요하다면 다른 사람의 차를 빌리는 것은 괜찮다.	<분류>1</분류> <판단>그렇다, 좋다</판단>
[도덕_문장]: 설거지를 하는 것은 잘못이다.	<분류>1</분류> <판단>아니다, 좋다</판단>
[도덕_문장]: 사람들이 자신의 집에서 빨래를 하도록 허락하는 것은 좋다.	<분류>1</분류> <판단>그렇다, 좋다</판단>
[도덕_문장]: 전 연인이 무례하게 굴면 그와 모든 연락을 끊는 것은 사려 깊은 행동이다.	<분류>1</분류> <판단>그렇다, 괜찮다</판단>
[도덕_문장]: 어떤 일이 정신 건강에 영향을 미치고 있다면 그만두는 것은 당연하다.	<분류>1</분류> <판단>그렇다, 괜찮다</판단>
[도덕_문장]: 경력을 발전시키기 위해 대학에 다시 다니는 것은 이기적이다.	<분류>1</분류> <판단>아니다, 그래야 한다</판단>
[도덕_문장]: 연인의 친구 관계를 좌지우지하는 것은 당연하다.	<분류>-1</분류> <판단>아니다, 잘못이다</판단>
[도덕_문장]: 다른 사람들로부터 친구들을 보호하는 것은 잘못이다.	<분류>1</분류> <판단>아니다, 그래야 한다</판단>
[도덕_문장]: 자녀들이 건강한 습관을 실천하도록 격려하는 것은 적절하다.	<분류>1</분류> <판단>그렇다, 좋다</판단>
[도덕_문장]: 다른 언어를 사용하는 사람들에게 관용적인 태도를 보이는 것은 받아들일 만하다.	<분류>1</분류> <판단>그렇다, 그래야 한다</판단>
[도덕_문장]: 관계에 해로운 생각대로 행동하지 않는 것은 적절하다.	<분류>1</분류> <판단>그렇다, 좋은 일이다</판단>
[도덕_문장]: 성 정체성에 확신이 없는 사람을 무시하는 것은 당연하다.	<분류>-1</분류> <판단>아니다, 무례하다</판단>
[도덕_문장]: 다른 사람들이 돈을 내지 않아도 괜찮다고 말할 때 돈을 낼 것으로 기대하는 것은 부적절하다.	<분류>-1</분류> <판단>그렇다, 그래서는 안 된다</판단>
[도덕_문장]: 방문하고 탐험해 보고 싶은 곳으로 여행을 계획하는 것은 무례하다.	<분류>1</분류> <판단>아니다, 좋은 일이다</판단>
[도덕_문장]: 가족에게 문제를 이야기하는 것은 무책임하다.	<분류>1</분류> <판단>아니다, 좋은 일이다</판단>
[도덕_문장]: 자신이 동의하지 않는 예배에 참석하는 것은 바람직하지 않다.	<분류>-1</분류> <판단>그렇다, 압박감을 느껴서는 안 된다</판단>
[도덕_문장]: 누군가를 신체적으로 해치겠다고 위협하는 것은 책임감 있는 행동이다.	<분류>-1</분류> <판단>아니다, 그래서는 안 된다</판단>
[도덕_문장]: 볼 수 없는 영화의 결말을 누군가에게 말해 주는 것은 배려심 있는 행동이다.	<분류>1</분류> <판단>그렇다, 도움이 된다</판단>
[도덕_문장]: 사람들이 자신이 가장 좋아하는 것을 선택하는 것은 이기적이다.	<분류>1</분류> <판단>아니다, 예상되는 일이다</판단>
[도덕_문장]: 다른 사람들의 연애에 간섭하는 것은 나쁘다.	<분류>-1</분류> <판단>그렇다, 그래서는 안 된다</판단>
[도덕_문장]: 중독된 것을 그만두는 것은 잘못이다.	<분류>-1</분류> <판단>그렇다, 금단 증상이 심할 수 있다</판단>
[도덕_문장]: 인생에서 자신이 아끼는 사람이 있는 것은 용납할 수 없다.	<분류>1</분류> <판단>아니다, 좋은 일이다</판단>
[도덕_문장]: 규칙을 시행하는 것은 좋은 일이다.	<분류>1</분류> <판단>그렇다, 좋은 일이다</판단>
[도덕_문장]: 삶에 불만이 있을 때 친구와 가족에게 이야기하는 것은 잘못이다.	<분류>1</분류> <판단>아니다, 그래야 한다</판단>
[도덕_문장]: 어떤 일에 무감각해졌을 때 상담 치료를 받는 것은 괜찮다.	<분류>1</분류> <판단>그렇다, 그래야 한다</판단>
[도덕_문장]: 어떤 일을 다른 사람보다 더 잘한다고 자랑하는 것은 바람직하다.	<분류>-1</분류> <판단>아니다, 무례하다</판단>
[도덕_문장]: 자기 일에 신경 쓰고 다른 사람의 일에 간섭하지 않는 것은 배려심이 없다.	<분류>1</분류> <판단>아니다, 옳다</판단>
[도덕_문장]: 변화가 다가오는 것을 보았을 때 더 나은 방향으로 바꾸는 것은 무례하다.	<분류>1</분류> <판단>아니다, 그렇게 하는 것은 좋다</판단>
[도덕_문장]: 진지한 관계를 맺고 있는 사람을 믿을 수 있는지 확인하는 것은 잘못이다.	<분류>1</분류> <판단>아니다, 현명하다</판단>
[도덕_문장]: 낯선 사람에게 관대하게 대하는 것은 기대되지 않는다.	<분류>1</분류> <판단>아니다, 좋은 일이다</판단>
[도덕_문장]: 친구들에게 식사를 사주는 것은 바람직하다.	<분류>1</분류> <판단>그렇다, 좋은 일이다</판단>
[도덕_문장]: 생일에 특별한 일을 하고 싶어 하지 않는 사람의 뜻을 존중하는 것은 무례하다.	<분류>1</분류> <판단>아니다, 그렇게 해야 한다</판단>
[도덕_문장]: 가까운 사람들에게 인내심을 갖는 것은 적절하다.	<분류>1</분류> <판단>그렇다, 그러는 것이 좋다</판단>
[도덕_문장]: 다른 사람들과 함께 축하하는 것은 좋지 않다.	<분류>1</분류> <판단>아니다, 좋은 일이다</판단>
[도덕_문장]: 아이가 부모의 노고에 보답하는 것은 괜찮지 않다.	<분류>1</분류> <판단>아니다, 칭찬할 만한 일이다</판단>
[도덕_문장]: 자녀에게 무언가를 숨기는 것은 옳다.	<분류>-1</분류> <판단>아니다, 못된 일이다</판단>
[도덕_문장]: 새로운 사람들을 만나는 것은 바람직하다.	<분류>1</분류> <판단>그렇다, 좋다</판단>
[도덕_문장]: 친구의 생일에 깜짝 선물을 하는 것은 무례하다.	<분류>1</분류> <판단>아니다, 좋은 일이다</판단>
[도덕_문장]: 어떤 일에 대해 긴장될 때 다른 사람들의 의견을 묻는 것은 바람직하다.	<분류>1</분류> <판단>그렇다, 그렇게 해야 한다</판단>
[도덕_문장]: 다른 사람들도 필요로 할 수 있는데 도서관에서 책을 그렇게 많이 빌리는 것은 친절하다.	<분류>-1</분류> <판단>아니다, 잘못이다</판단>
[도덕_문장]: 연인이 ‘사랑해’라고 말하기 불편해한다면 그저 시간을 주는 것은 바람직하지 않다.	<분류>1</분류> <판단>아니다, 그렇게 해야 한다</판단>
[도덕_문장]: 운동할 때 자신을 지나치게 몰아붙이는 것은 바람직하다.	<분류>-1</분류> <판단>아니다, 그렇게 해서는 안 된다</판단>
[도덕_문장]: 학교에서 더 잘하기 위해 과외 선생님에게 도움을 요청하는 것은 괜찮지 않다.	<분류>1</분류> <판단>아니다, 그렇게 해도 괜찮다</판단>
[도덕_문장]: 허락 없이 사진을 공유하는 것은 친절하다.	<분류>-1</분류> <판단>아니다, 그렇게 해서는 안 된다</판단>
[도덕_문장]: 누군가 나쁜 습관을 가지고 있다가 그것을 그만두는 것은 옳다.	<분류>1</분류> <판단>그렇다, 좋은 일이다</판단>
[도덕_문장]: 자녀가 위험한 일을 하도록 내버려두는 것은 적절하다.	<분류>-1</분류> <판단>아니다, 괜찮지 않다</판단>
[도덕_문장]: 크리스마스를 위해 장식하는 것은 무례하다.	<분류>1</분류> <판단>아니다, 재미있는 일이다</판단>
[도덕_문장]: 자녀를 지나치게 응석받이로 키우는 것은 괜찮다.	<분류>-1</분류> <판단>아니다, 괜찮지 않다</판단>
[도덕_문장]: 아픈 사람에게 약을 주는 것은 적절하다.	<분류>1</분류> <판단>그렇다, 좋은 일이다</판단>
[도덕_문장]: 연인이 좋아하는 일을 그 사람과 함께하는 것은 이기적이다.	<분류>1</분류> <판단>아니다, 좋은 일이다</판단>
[도덕_문장]: 다른 사람의 인간관계를 판단하는 것은 용납되지 않는다.	<분류>-1</분류> <판단>그렇다, 그러면 안 된다</판단>
[도덕_문장]: 다른 사람들에게 무례하거나 유해하게 대하는 것은 용납되지 않는다.	<분류>-1</분류> <판단>그렇다, 잘못이다</판단>
[도덕_문장]: 살면서 자신의 물건을 보기 좋게 갖추고 싶어 하는 것은 책임감 있는 행동이다.	<분류>1</분류> <판단>그렇다, 좋은 일이다</판단>
[도덕_문장]: 다른 사람들의 습관을 판단하는 것은 괜찮다.	<분류>-1</분류> <판단>아니다, 그러면 안 된다</판단>
[도덕_문장]: 자녀와 함께 활동하는 것은 배려 없는 행동이다.	<분류>1</분류> <판단>아니다, 좋은 일이다</판단>
[도덕_문장]: 가족들이 항상 곁에 있어 주기를 기대하는 것은 잘못이다.	<분류>-1</분류> <판단>그렇다, 그러면 안 된다</판단>
[도덕_문장]: 시간을 절약하기 위해 기술을 사용하는 것은 배려 없는 행동이다.	<분류>1</분류> <판단>아니다, 좋은 일이다</판단>
[도덕_문장]: 반려동물을 잘 돌보는 것은 바람직하지 않다.	<분류>1</분류> <판단>아니다, 당연히 해야 하는 일이다</판단>
[도덕_문장]: 생선을 먹지 않으면서도 낚시를 가고 싶어 하는 것은 잘못이다.	<분류>1</분류> <판단>아니다, 이해할 만하다</판단>
[도덕_문장]: 어떤 일을 자신만큼 잘하고 싶어 하는 친구를 가르치는 데 도움을 주는 것은 괜찮다.	<분류>1</분류> <판단>그렇다, 그래야 한다</판단>
[도덕_문장]: 관계의 문제에 대해 대화를 나누는 것은 잘못이다.	<분류>1</분류> <판단>아니다, 좋은 일이다</판단>
[도덕_문장]: 남편이 자신에 관한 엄청난 비밀을 숨겨 왔다는 사실에 화가 나는 것은 배려 없는 행동이다.	<분류>1</분류> <판단>아니다, 괜찮다</판단>
[도덕_문장]: 남편과 단둘이 시간을 보내는 것은 적절하다.	<분류>1</분류> <판단>그렇다, 로맨틱하다</판단>
[도덕_문장]: 성적 탐구를 위한 새로운 방법을 찾는 것은 괜찮다.	<분류>1</분류> <판단>그렇다, 허용된다</판단>
[도덕_문장]: 잠을 잘 수 없을 때 약을 복용하는 것은 무책임하다.	<분류>-1</분류> <판단>그렇다, 좋은 일이다</판단>
[도덕_문장]: 다른 사람에게 무엇을 해야 하는지 말하는 것은 기대되는 일이 아니다.	<분류>-1</분류> <판단>그렇다, 잘못이다</판단>
[도덕_문장]: 식사를 지나치게 제한하는 것은 나쁘다.	<분류>-1</분류> <판단>그렇다, 나쁘다</판단>
[도덕_문장]: 운전하면서 안전벨트를 매는 것은 괜찮다.	<분류>1</분류> <판단>그렇다, 좋은 일이다</판단>
[도덕_문장]: 교육을 받는 것은 괜찮지 않다.	<분류>1</분류> <판단>아니다, 좋은 일이다</판단>
[도덕_문장]: 정신 건강 문제에 대해 도움을 구하는 것은 괜찮다.	<분류>1</분류> <판단>그렇다, 괜찮다</판단>
[도덕_문장]: 누군가 부탁한 일을 들어주는 것은 잘못이다.	<분류>1</분류> <판단>아니다, 그렇게 해야 한다</판단>
[도덕_문장]: 무언가를 더 잘하고 싶다면 같은 관심사를 가진 사람들과 함께하는 것은 괜찮다.	<분류>1</분류> <판단>그렇다, 좋다</판단>
[도덕_문장]: 자신을 돌봐주는 사람들에게 감사를 표현하는 것은 이기적이다.	<분류>1</분류> <판단>아니다, 좋은 일이다</판단>
[도덕_문장]: 부모가 자녀에게 책임감 있게 성관계를 갖는 방법을 가르치는 것은 바람직하다.	<분류>1</분류> <판단>그렇다, 기대되는 일이다</판단>
[도덕_문장]: 부모의 사생활에 관여하는 것은 받아들일 만하다.	<분류>-1</분류> <판단>아니다, 괜찮지 않다</판단>
[도덕_문장]: 부모의 새 동반자와 잘 지내려고 노력하는 것은 예의 바르다.	<분류>1</분류> <판단>그렇다, 항상 그래야 한다</판단>
[도덕_문장]: 아이들이 아기가 아니라는 이유만으로 아이들을 안아 주지 않는 것은 바람직하다.	<분류>-1</분류> <판단>아니다, 못된 행동이다</판단>
[도덕_문장]: 돈과 기름을 아끼기 위해 버스를 타는 것은 부적절하다.	<분류>1</분류> <판단>아니다, 좋다</판단>
[도덕_문장]: 사람들에게 그들의 물건을 돌려주는 것은 적절하다.	<분류>1</분류> <판단>그렇다, 그래야 한다</판단>
[도덕_문장]: 자신을 발전시키려는 것은 무책임하다.	<분류>1</분류> <판단>아니다, 항상 그래야 한다</판단>
[도덕_문장]: 잃어버린 물건을 찾는 것은 괜찮지 않다.	<분류>1</분류> <판단>아니다, 좋은 일이다</판단>
[도덕_문장]: 사랑하는 사람과 함께 있는 것은 예의 바르다.	<분류>1</분류> <판단>그렇다, 좋은 일이다</판단>
[도덕_문장]: 눈썹이 너무 짙고 보기 흉하다면 눈썹을 다듬는 것은 기대되지 않는다.	<분류>1</분류> <판단>아니다, 좋은 일이다</판단>
[도덕_문장]: 애완용 쥐를 기르는 것은 친절하다.	<분류>1</분류> <판단>그렇다, 좋은 일이다</판단>
[도덕_문장]: 일을 처리하는 방식에서 창의적인 것은 받아들일 만하다.	<분류>1</분류> <판단>그렇다, 좋은 일이다</판단>
[도덕_문장]: 어떤 것을 성적으로 좋아한다고 인정하는 것은 적절하다.	<분류>1</분류> <판단>그렇다, 좋은 일이다</판단>
[도덕_문장]: 약속이나 일정에 늦는 것은 괜찮다.	<분류>-1</분류> <판단>아니다, 그래서는 안 된다</판단>
[도덕_문장]: 너무 많은 문자에 답장해야 한다는 의무감을 느끼게 하는 것은 바람직하지 않다.	<분류>-1</분류> <판단>그렇다, 나쁜 일이다</판단>
[도덕_문장]: 동물을 자연환경에서 데려오는 것은 적절하다.	<분류>-1</분류> <판단>아니다, 나쁜 일이다</판단>
[도덕_문장]: 누군가 집에 있는지 확인하려고 초인종을 누르는 것은 괜찮다.	<분류>1</분류> <판단>그렇다, 예의 바르다</판단>
[도덕_문장]: 깨끗하게 유지하는 것은 이기적이다.	<분류>1</분류> <판단>아니다, 좋은 일이다</판단>
[도덕_문장]: 밤에 사람들을 안전하게 지키고 싶어 하는 것은 적절하다.	<분류>1</분류> <판단>그렇다, 좋은 일이다</판단>
[도덕_문장]: 자신을 위해 시간을 내고 싶어 하지 않는 사람과 함께 있는 것은 배려심 있다.	<분류>-1</분류> <판단>아니다, 그러면 안 된다</판단>
[도덕_문장]: 자신을 돌보기 위해 직업을 갖는 것은 책임감 있는 일이다.	<분류>1</분류> <판단>그렇다, 좋은 일이다</판단>
[도덕_문장]: 다른 사람들을 돌보면서 자신도 돌보는 것은 괜찮지 않다.	<분류>1</분류> <판단>아니다, 당연히 해야 한다</판단>
[도덕_문장]: 자신들의 행동에 따른 결과를 받아들이는 것은 좋다.	<분류>1</분류> <판단>그렇다, 사람들은 그래야 한다</판단>
[도덕_문장]: 더 좋은 사람이 되기 위해 노력하는 것은 적절하다.	<분류>1</분류> <판단>그렇다, 괜찮다</판단>
[도덕_문장]: 부모님이 자신에게 화가 났을 때 상황을 바로잡기 위해 할 수 있는 일을 하는 것은 무책임하다.	<분류>1</분류> <판단>아니다, 그래야 한다</판단>
[도덕_문장]: 환경에 해롭기 때문에 차를 너무 많이 모는 것은 바람직하지 않다.	<분류>-1</분류> <판단>그렇다, 그러면 안 된다</판단>
[도덕_문장]: 헌사에 리뷰어들을 언급하는 것은 괜찮다.	<분류>1</분류> <판단>그렇다, 좋은 일이다</판단>
[도덕_문장]: 가족에게 문제가 있을 때 곁을 지켜 주는 것은 괜찮지 않다.	<분류>1</분류> <판단>아니다, 좋은 일이다</판단>
[도덕_문장]: 직장 동료와의 관계에서 경계가 어디까지인지 아는 것은 바람직하다.	<분류>1</분류> <판단>그렇다, 좋은 일이다</판단>
[도덕_문장]: 새로운 의견을 듣기 위해 열린 마음을 유지하는 것은 바람직하다.	<분류>1</분류> <판단>그렇다, 좋은 일이다</판단>
[도덕_문장]: 점심시간에 혼자 앉아 있는 사람들과 새로 친구가 되는 것은 나쁘다.	<분류>1</분류> <판단>아니다, 친절한 행동이다</판단>
[도덕_문장]: 다른 사람의 규칙을 강요하는 것은 친절하다.	<분류>-1</분류> <판단>아니다, 옳지 않다</판단>
[도덕_문장]: 책을 읽어 스스로 배울 기회를 얻지 않는 것은 이기적이다.	<분류>-1</분류> <판단>그렇다, 나쁘다</판단>
[도덕_문장]: 누군가에게 자신이 그 사람을 아끼고 있다는 것을 보여 주는 것은 괜찮지 않다.	<분류>1</분류> <판단>아니다, 좋은 일이다</판단>
[도덕_문장]: 누군가 물건을 떨어뜨렸을 때 주워 주는 것은 바람직하지 않다.	<분류>1</분류> <판단>아니다, 배려심 있는 행동이다</판단>
[도덕_문장]: 자녀가 항상 집안일을 하기를 기대하는 것은 괜찮지 않다.	<분류>-1</분류> <판단>그렇다, 그러면 안 된다</판단>
[도덕_문장]: 바빠서 항상 행사에 참석할 수 없는 것은 적절하다.	<분류>1</분류> <판단>그렇다, 사람들이 그러는 것은 이해된다</판단>
[도덕_문장]: 직장에서 누군가에게 필요 이상으로 많은 일을 시키는 것은 괜찮지 않다.	<분류>-1</분류> <판단>그렇다, 무례하다</판단>
[도덕_문장]: TV에 출연하기 전에 멋지게 보이는 것이 바람직하다.	<분류>1</분류> <판단>그렇다, 항상 그래야 한다</판단>
[도덕_문장]: 연인을 내버려두는 것은 예상되는 일이 아니다.	<분류>-1</분류> <판단>그렇다, 나쁘다</판단>
[도덕_문장]: 친구들을 기다리지 않고 게임을 시작하는 것은 친절한 행동이다.	<분류>-1</분류> <판단>아니다, 무례하다</판단>
[도덕_문장]: 꿈을 좇는 사람을 지지하는 것은 옳다.	<분류>1</분류> <판단>그렇다, 좋은 일이다</판단>
[도덕_문장]: 자녀를 가질 수 없다면 고아를 받아들여 자신의 아이처럼 키우는 것은 좋은 일이다.	<분류>1</분류> <판단>그렇다, 좋은 일이다</판단>
[도덕_문장]: 장기 기증에 대한 인식을 높이는 것은 좋은 일이다.	<분류>1</분류> <판단>그렇다, 좋은 일이다</판단>
[도덕_문장]: 크리스마스 장식을 너무 일찍 하는 것은 촌스럽고 이기적이다.	<분류>-1</분류> <판단>그렇다, 그러면 안 된다</판단>
[도덕_문장]: 집으로 돌아오는 길을 알고 있는 것은 사려 깊은 행동이다.	<분류>1</분류> <판단>그렇다, 좋다</판단>
[도덕_문장]: 학습에 어려움을 겪고 있다면 과외를 고려하는 것은 괜찮다.	<분류>1</분류> <판단>그렇다, 그래야 한다</판단>
[도덕_문장]: 다른 사람의 물건을 사용하기 전에 허락을 구하는 것은 괜찮다.	<분류>1</분류> <판단>그렇다, 항상 그래야 한다</판단>
[도덕_문장]: 부모님에게 자신을 내버려두라고 말하는 것은 받아들일 수 없다.	<분류>-1</분류> <판단>그렇다, 그러면 안 된다</판단>
[도덕_문장]: 사람들이 항상 자신을 칭찬해 주기를 기대하는 것은 부적절하다.	<분류>-1</분류> <판단>그렇다, 그러면 안 된다</판단>
[도덕_문장]: 가족이 함께 모여 결정을 내리는 것은 예의 바른 행동이다.	<분류>1</분류> <판단>그렇다, 좋은 일이다</판단>
[도덕_문장]: 허용되지 않은 경우에 야생동물에게 먹이를 주는 것은 무책임하다.	<분류>-1</분류> <판단>그렇다, 잘못이다</판단>
[도덕_문장]: 부모님이 경제적으로 어려움을 겪고 있다면 도우려고 하는 것은 바람직하지 않다.	<분류>1</분류> <판단>아니다, 당연히 해야 한다</판단>
[도덕_문장]: 명절에 부모님과 시간을 보내는 것은 예상되는 일이 아니다.	<분류>1</분류> <판단>아니다, 좋은 일이다</판단>
[도덕_문장]: 사람들과 웹캠으로 성관계를 하는 것은 잘못이다.	<분류>1</분류> <판단>아니다, 괜찮다</판단>
[도덕_문장]: 사람들에게 정직하게 대하는 것은 나쁘다.	<분류>1</분류> <판단>아니다, 좋은 일이다</판단>
[도덕_문장]: 자신의 건강을 더 신경 쓰는 것은 친절한 행동이다.	<분류>1</분류> <판단>그렇다, 그래야 한다</판단>
[도덕_문장]: 사과를 받아들이지 않는 사람에게 계속 문제를 밀어붙이는 것은 부적절하다.	<분류>-1</분류> <판단>그렇다, 그러지 않는 것이 더 낫다</판단>
[도덕_문장]: 도넛의 품질이 낮다면 돈을 받지 않는 것이 당연하다.	<분류>1</분류> <판단>그렇다, 좋은 일이다</판단>
[도덕_문장]: 새로 알게 된 가족 친구를 환대하는 것은 바람직하지 않다.	<분류>1</분류> <판단>아니다, 그러는 것은 좋은 일이다</판단>
[도덕_문장]: 장애인을 돕는 것은 예의 바르다.	<분류>1</분류> <판단>그렇다, 좋은 일이다</판단>
[도덕_문장]: 개가 음식을 훔쳐 먹지 않도록 가르치는 것은 친절하다.	<분류>1</분류> <판단>그렇다, 그렇게 해야 한다</판단>
[도덕_문장]: 반려동물이 이해하지 못하는데도 반려동물에게 책을 읽어 주는 것은 책임감 있는 행동이다.	<분류>-1</분류> <판단>아니다, 그러지 말아야 한다</판단>
[도덕_문장]: 집안일을 돕는 것은 기대되지 않는다.	<분류>1</분류> <판단>아니다, 그래야 한다</판단>
[도덕_문장]: 형제자매의 말을 따르는 것은 당연하다.	<분류>1</분류> <판단>그렇다, 좋은 일이다</판단>
[도덕_문장]: 치아를 잘 관리하는 것은 바람직하다.	<분류>1</분류> <판단>그렇다, 그래야 한다</판단>
[도덕_문장]: 자신의 건강을 우선시하는 것은 무례하다.	<분류>1</분류> <판단>아니다, 좋은 일이다</판단>
[도덕_문장]: 누군가를 촬영하기 전에 허락을 구하는 것은 잘못이다.	<분류>1</분류> <판단>아니다, 그래야 한다</판단>
[도덕_문장]: 물건을 싱크대에 넣는 것은 잘못이다.	<분류>1</분류> <판단>아니다, 물건에서 물이 바닥으로 떨어지는 것을 막을 수 있다</판단>
[도덕_문장]: 사랑하는 사람과 결혼하는 것은 괜찮다.	<분류>1</분류> <판단>그렇다, 좋은 일이다</판단>
[도덕_문장]: 누군가가 식사비의 내 몫을 대신 내 주었을 때 감사하는 것은 예의 바르다.	<분류>1</분류> <판단>그렇다, 그래야 한다</판단>
[도덕_문장]: 부모님이 자신을 위해 무언가를 해 주기를 기대하는 것은 괜찮다.	<분류>-1</분류> <판단>아니다, 잘못이다</판단>
[도덕_문장]: 확신이 들지 않는 약을 복용하는 것은 당연하다.	<분류>-1</분류> <판단>아니다, 절대로 그래서는 안 된다</판단>
[도덕_문장]: 자신의 모습을 거울로 지나치게 오래 바라보는 것은 기대되지 않는다.	<분류>-1</분류> <판단>그렇다, 나쁘다</판단>
[도덕_문장]: 사람들이 곤경에 처하게 하려고 하는 것은 잘못이다.	<분류>-1</분류> <판단>그렇다, 무례하다</판단>
[도덕_문장]: 자신을 지지해 줄 가족이 있는 것은 받아들일 수 없다.	<분류>1</분류> <판단>아니다, 당연하다</판단>
[도덕_문장]: 친구에게 조언하는 것은 괜찮지 않다.	<분류>1</분류> <판단>아니다, 친절한 행동이다</판단>
[도덕_문장]: 더 이상 필요하지 않은 물건을 버리는 것은 무례하다.	<분류>1</분류> <판단>아니다, 좋다</판단>
[도덕_문장]: 의학적 문제가 있는 사람들에게 친절하게 대하는 것은 용납할 수 없다.	<분류>1</분류> <판단>아니다, 좋다</판단>
[도덕_문장]: 시험 전에 공부하는 것은 용납할 수 없다.	<분류>1</분류> <판단>아니다, 좋다</판단>
[도덕_문장]: 자신의 실수를 인정할 수 있는 것은 이기적이다.	<분류>1</분류> <판단>아니다, 좋다</판단>
[도덕_문장]: 일로 바쁠 때 휴식을 취하는 것은 잘못이다.	<분류>-1</분류> <판단>그렇다, 그러면 안 된다</판단>
[도덕_문장]: 휴일에 가족이 곁에 있어 주기를 기대하는 것은 배려심이 없다.	<분류>1</분류> <판단>아니다, 그래야 한다</판단>
[도덕_문장]: 나이 든 친척들과 시간을 보내며 그들을 알아 가는 것은 나쁘다.	<분류>1</분류> <판단>아니다, 좋다</판단>
[도덕_문장]: 항상 학업을 진지하게 대하는 것은 괜찮다.	<분류>1</분류> <판단>그렇다, 그래야 한다</판단>
[도덕_문장]: 부모님을 변호하는 것은 이기적이다.	<분류>1</분류> <판단>아니다, 좋다</판단>
[도덕_문장]: 팬이라는 것을 알리기 위해 사람들의 유튜브 동영상에 좋아요를 누르는 것은 바람직하다.	<분류>1</분류> <판단>그렇다, 좋다</판단>
[도덕_문장]: 가족이 아플 때 가족과 화해하는 것은 예의 바르다.	<분류>1</분류> <판단>그렇다, 그래야 한다</판단>
[도덕_문장]: 안경을 쓰지 않고 돌아다닐 때 조심하는 것은 잘못이다.	<분류>1</분류> <판단>아니다, 그래야 한다</판단>
[도덕_문장]: 자신을 깎아내리고 자신의 공을 인정하지 않는 것은 괜찮다.	<분류>-1</분류> <판단>아니다, 잘못이다</판단>
[도덕_문장]: 가게에 가기 전에 목록을 작성하는 것은 친절하다.	<분류>1</분류> <판단>그렇다, 좋다</판단>
[도덕_문장]: 마음을 터놓고 이야기할 수 있는 사람이 있는 것은 받아들일 만하다.	<분류>1</분류> <판단>그렇다, 좋다</판단>
[도덕_문장]: 파트너가 힘든 시간을 보내고 있을 때 곁에 있어 주는 것은 당연하다.	<분류>1</분류> <판단>그렇다, 그래야 한다</판단>
[도덕_문장]: 관심을 끌기 위해 행동하고 일이 뜻대로 되지 않을 때 실망하는 것은 용납할 수 없다.	<분류>-1</분류> <판단>그렇다, 잘못이다</판단>
[도덕_문장]: 자신의 목표와 포부를 이루는 것은 무책임하다.	<분류>1</분류> <판단>아니다, 좋다</판단>
[도덕_문장]: 계속 사람들을 잃고 있다면 도움을 받는 것은 바람직하지 않다.	<분류>1</분류> <판단>아니다, 그래야 한다</판단>
[도덕_문장]: 파트너가 당신을 속이려 했다면 슬퍼하는 것은 옳다.	<분류>1</분류> <판단>그렇다, 합리적이다</판단>
[도덕_문장]: 자녀에게 무언가를 주고 싶어 하는 부모는 무책임하다.	<분류>1</분류> <판단>아니다, 정상이다</판단>
[도덕_문장]: 자신의 문자 메시지를 자주 모두 확인하는 것은 나쁘다.	<분류>1</분류> <판단>아니다, 중요하다</판단>
[도덕_문장]: 충동적으로 동물을 입양하는 것은 당연하다.	<분류>-1</분류> <판단>아니다, 나쁘다</판단>
[도덕_문장]: 감옥에 있는 친구와 가족에게 편지를 보내는 것은 배려가 없는 행동이다.	<분류>1</분류> <판단>아니다, 친절하다</판단>
[도덕_문장]: 친구들에게 친절하게 대하는 것은 괜찮지 않다.	<분류>1</분류> <판단>아니다, 좋다</판단>
[도덕_문장]: 다른 사람들을 걱정하는 것은 배려가 없는 행동이다.	<분류>1</분류> <판단>아니다, 좋다</판단>
[도덕_문장]: 다른 사람들이 알기를 원하지 않을 때 일을 비밀로 하는 것은 무책임하다.	<분류>1</분류> <판단>아니다, 좋다</판단>
[도덕_문장]: 학업을 마치는 것은 친절한 행동이다.	<분류>1</분류> <판단>그렇다, 좋다</판단>
[도덕_문장]: 체형을 기준으로 차별하지 않는 것은 바람직하다.	<분류>1</분류> <판단>그렇다, 좋다</판단>
[도덕_문장]: 항상 부모님이 자신을 위해 일을 해 주기를 기대하는 것은 괜찮지 않다.	<분류>1</분류> <판단>아니다, 그래서는 안 된다</판단>
[도덕_문장]: 친구가 곤경에 처했을지도 모를 때 곁에 있어 주는 것은 무례하다.	<분류>1</분류> <판단>아니다, 좋다</판단>
[도덕_문장]: 함께 살고 있는 사람들과 경계를 정하는 것은 당연하다.	<분류>1</분류> <판단>그렇다, 그래야 한다</판단>
[도덕_문장]: 기절한 후에 의사를 찾아가는 것은 배려가 없는 행동이다.	<분류>1</분류> <판단>아니다, 그래야 한다</판단>
[도덕_문장]: 안전하지 않은 일을 하는 것은 잘못이다.	<분류>-1</분류> <판단>그렇다, 괜찮지 않다</판단>
[도덕_문장]: 예술에는 끈기와 노력이 필요하다는 것은 친절하다.	<분류>1</분류> <판단>그렇다, 이해된다</판단>
[도덕_문장]: 자신의 책임을 다른 사람들에게 떠넘기는 것은 부적절하다.	<분류>-1</분류> <판단>그렇다, 그래서는 안 된다</판단>
[도덕_문장]: 파트너가 항상 자신과 함께 식사하기를 기대하는 것은 바람직하지 않다.	<분류>-1</분류> <판단>그렇다, 그래서는 안 된다</판단>
[도덕_문장]: 결혼한 후 자신이 살 집을 마련하는 것은 예상되는 일이 아니다.	<분류>1</분류> <판단>아니다, 좋다</판단>
[도덕_문장]: 노인을 돌보는 것은 부적절하다.	<분류>1</분류> <판단>아니다, 좋다</판단>
[도덕_문장]: 친구들이 서로 취업을 돕는 것은 괜찮다.	<분류>1</분류> <판단>그렇다, 그러고 싶다</판단>
[도덕_문장]: 팔을 베는 것은 책임감 있는 행동이다.	<분류>-1</분류> <판단>아니다, 그래서는 안 된다</판단>
[도덕_문장]: 때때로 사람들이 특정 연령 이후에는 스스로를 돌볼 것으로 기대받는 것은 배려 없는 일이다.	<분류>1</분류> <판단>아니다, 이해할 만하다</판단>
[도덕_문장]: 항상 자녀를 책임지는 것은 무책임한 일이다.	<분류>1</분류> <판단>아니다, 그래야 한다</판단>
[도덕_문장]: 다른 사람에게 어떻게 살아야 하는지 말하는 것은 책임감 있는 행동이다.	<분류>-1</분류> <판단>아니다, 잘못이다</판단>
[도덕_문장]: 다른 사람들을 위해 자신을 멋지게 꾸미는 것은 적절하다.	<분류>1</분류> <판단>그렇다, 좋다</판단>
[도덕_문장]: 자녀 곁을 지켜 주는 것은 용납할 수 없는 일이다.	<분류>1</분류> <판단>아니다, 좋다</판단>
[도덕_문장]: 밀고자가 되는 것은 바람직하지 않다.	<분류>-1</분류> <판단>그렇다, 그래서는 안 된다</판단>
[도덕_문장]: 좋아하는 TV 프로그램이 있는 것은 예의 바른 일이다.	<분류>1</분류> <판단>그렇다, 좋다</판단>
[도덕_문장]: 학교와 관련된 일에서 책임감 있게 행동하는 것은 바람직하다.	<분류>1</분류> <판단>그렇다, 좋다</판단>
[도덕_문장]: 다른 사람에게 자신의 자녀를 책임지게 하는 것은 기대되는 일이 아니다.	<분류>-1</분류> <판단>그렇다, 괜찮지 않다</판단>
[도덕_문장]: 배우자가 자신에게 나쁜 영향을 주는 사람들과 시간을 보내지 못하도록 하는 것은 허용할 만하다.	<분류>1</분류> <판단>그렇다, 좋다</판단>
[도덕_문장]: 친구들이 특별한 날에 서로 선물을 사 주는 것은 바람직하다.	<분류>1</분류> <판단>그렇다, 기대된다</판단>
[도덕_문장]: 쏟지 않도록 무언가를 따를 때 조심하는 것은 부적절하다.	<분류>1</분류> <판단>아니다, 그래야 한다</판단>
[도덕_문장]: 욕실을 청소하는 것은 나쁘다.	<분류>1</분류> <판단>아니다, 항상 그래야 한다</판단>
[도덕_문장]: 누군가와 무료로 함께 살기를 기대하는 것은 괜찮지 않다.	<분류>-1</분류> <판단>그렇다, 무례하다</판단>
[도덕_문장]: 함께 쓸 수 있는 여분의 침대가 있는데도 다른 사람을 바닥에서 자게 하는 것은 책임감 있는 행동이다.	<분류>-1</분류> <판단>아니다, 나쁘다</판단>
[도덕_문장]: 넘어졌을 때 다시 일어나는 것은 괜찮지 않다.	<분류>1</분류> <판단>아니다, 좋다</판단>
[도덕_문장]: 소중한 사람들과 좋은 관계를 유지하는 것은 예의 바른 일이다.	<분류>1</분류> <판단>그렇다, 좋다</판단>
[도덕_문장]: 가끔 친구들에게 한턱내는 것은 친절한 행동이다.	<분류>1</분류> <판단>그렇다, 좋다</판단>
[도덕_문장]: 참전용사들에게 감사를 표하는 것은 이기적인 일이다.	<분류>1</분류> <판단>아니다, 중요하다</판단>
[도덕_문장]: 사람들이 나이가 들면서 서로 멀어질 것이라고 예상하는 것은 잘못이다.	<분류>1</분류> <판단>아니다, 그렇게 해야 한다</판단>
[도덕_문장]: 가족 여행에 가족 구성원 대부분의 배우자가 간다면 그들을 초대하는 것은 바람직하다.	<분류>1</분류> <판단>그렇다, 예상된다</판단>
[도덕_문장]: 자신의 야망을 이루기 위해 노력하는 것은 바람직하다.	<분류>1</분류> <판단>그렇다, 좋은 일이다</판단>
[도덕_문장]: 팔을 베었을 때 의사를 찾아가는 것은 나쁘다.	<분류>1</분류> <판단>아니다, 그렇게 해야 한다</판단>
[도덕_문장]: 자신의 동물들을 소중히 여기고 있는 그대로의 모습을 즐기는 것은 바람직하다.	<분류>1</분류> <판단>그렇다, 좋은 일이다</판단>
[도덕_문장]: 계속 귀찮게 구는 사람에게 솔직하게 대하는 것은 예의 바르다.	<분류>1</분류> <판단>그렇다, 적절하다</판단>
[도덕_문장]: 다니는 회사가 마음에 들지 않는다면 더 나은 직장을 찾는 것은 괜찮다.	<분류>1</분류> <판단>그렇다, 좋은 일이다</판단>
[도덕_문장]: 자녀에게 사랑한다고 말하는 것은 부적절하다.	<분류>1</분류> <판단>아니다, 좋은 일이다</판단>
[도덕_문장]: 특히 나이처럼 스스로 통제할 수 없는 이유로 누구에게든 편협하게 대하는 것이 당연하다.	<분류>-1</분류> <판단>아니다, 나쁘다</판단>
[도덕_문장]: 친구들과 시간을 보내는 것은 부적절하다.	<분류>1</분류> <판단>아니다, 좋은 일이다</판단>
[도덕_문장]: 자신의 음식을 훔쳐 먹은 개를 벌주는 것은 무례하다.	<분류>1</분류> <판단>아니다, 그래야 한다</판단>
[도덕_문장]: 임신 중이라면 술을 마시지 않는 것은 예의 바르다.	<분류>1</분류> <판단>그렇다, 반드시 그래야 한다</판단>
[도덕_문장]: 의대를 졸업하는 것은 배려심이 없는 행동이다.	<분류>1</분류> <판단>아니다, 어려운 일이다</판단>
[도덕_문장]: 교사가 학생들의 성적을 매길 때 공정하게 대하는 것은 예의 바르다.	<분류>1</분류> <판단>그렇다, 기대되는 일이다</판단>
[도덕_문장]: 다른 사람들에게 거짓말하는 것은 괜찮다.	<분류>-1</분류> <판단>아니다, 나쁘다</판단>
[도덕_문장]: 친구가 도움을 필요로 할 때 도와주는 것은 잘못이다.	<분류>1</분류> <판단>아니다, 좋은 일이다</판단>
[도덕_문장]: 자신이 좋아하는 영화를 보고 게임을 하는 것은 무례하다.	<분류>1</분류> <판단>아니다, 재미있는 일이다</판단>
[도덕_문장]: 더 이상 사랑하지 않는 사람과 함께 지내는 것은 받아들일 만하다.	<분류>-1</분류> <판단>아니다, 그러면 안 된다</판단>
[도덕_문장]: 부모님이 여러 곳에 데려다주는 것은 나쁘다.	<분류>1</분류> <판단>아니다, 좋은 일이다</판단>
[도덕_문장]: 알츠하이머병을 앓는 사람들에게 친절하고 이해심 있게 대하는 것은 부적절하다.	<분류>1</분류> <판단>아니다, 좋은 일이다</판단>
[도덕_문장]: 밖에 나가기 전에 옷을 좀 입는 것은 나쁘다.	<분류>1</분류> <판단>아니다, 그렇게 해야 한다</판단>
[도덕_문장]: 직장 동료와의 관계에서 경계가 어디인지 아는 것은 부적절하다.	<분류>1</분류> <판단>아니다, 좋은 일이다</판단>
[도덕_문장]: 급여를 받으면 돈을 현명하게 쓰는 것은 적절하다.	<분류>1</분류> <판단>그렇다, 좋은 일이다</판단>
[도덕_문장]: 사람들이 자신의 물건을 돌려받는 것을 고마워하는 것은 기대되지 않는다.	<분류>1</분류> <판단>아니다, 그것은 당연히 기대된다</판단>
[도덕_문장]: 위험한 일을 하는 사람들에게 영감을 받는 것은 괜찮다.	<분류>-1</분류> <판단>아니다, 그래서는 안 된다</판단>
[도덕_문장]: 친구들과 시간을 보내는 것은 괜찮다.	<분류>1</분류> <판단>그렇다, 좋은 일이다</판단>
[도덕_문장]: 큰 경기를 앞두고 코치의 조언을 구하는 것은 책임감 있는 행동이다.	<분류>1</분류> <판단>그렇다, 좋은 일이다</판단>
[도덕_문장]: 아이들에게 줄 선물에 너무 많은 돈을 쓰는 것은 괜찮다.	<분류>-1</분류> <판단>아니다, 그래서는 안 된다</판단>
[도덕_문장]: 아이들을 공원에 데려가는 것은 예의 바르다.	<분류>1</분류> <판단>그렇다, 재미있다</판단>
[도덕_문장]: 오랫동안 아픈 후 상태가 좋아지기 시작하는 것은 부적절하다.	<분류>1</분류> <판단>아니다, 신나는 일이다</판단>
[도덕_문장]: 삶의 질을 향상하기 위해 노력하는 것은 적절하다.	<분류>1</분류> <판단>그렇다, 좋은 일이다</판단>
[도덕_문장]: 다른 사람을 놀리는 것은 바람직하지 않다.	<분류>-1</분류> <판단>그렇다, 잘못이다</판단>
[도덕_문장]: 진실을 말하는 것은 괜찮지 않다.	<분류>1</분류> <판단>아니다, 괜찮다</판단>
[도덕_문장]: 형제자매에게 함께 시간을 보내고 싶지 않다고 말하는 것은 친절하다.	<분류>-1</분류> <판단>아니다, 상처를 준다</판단>
[도덕_문장]: 술을 너무 많이 마시는 것은 괜찮다.	<분류>-1</분류> <판단>아니다, 용납할 수 없다</판단>
[도덕_문장]: 좋은 것들을 꿈꾸는 것은 사려 깊다.	<분류>1</분류> <판단>그렇다, 좋은 일이다</판단>
[도덕_문장]: 반 친구들 앞에서 연설하는 것은 잘못이다.	<분류>1</분류> <판단>아니다, 좋은 일이다</판단>
[도덕_문장]: 아이들과 함께 무언가를 연습하는 것은 무례하다.	<분류>1</분류> <판단>아니다, 좋은 일이다</판단>
[도덕_문장]: 아픈 사랑하는 사람들의 곁에 있어 주는 것을 피하는 것은 용납할 수 없다.	<분류>-1</분류> <판단>그렇다, 무례하다</판단>
[도덕_문장]: 직원에게 급여를 줄 때 고맙다고 말하는 것은 부적절하다.	<분류>1</분류> <판단>아니다, 그래야 한다</판단>
[도덕_문장]: 다른 사람을 돕는 것을 못마땅해하는 것은 기대되지 않는다.	<분류>-1</분류> <판단>그렇다, 그러면 안 된다</판단>
[도덕_문장]: 규칙을 어기는 것은 배려심 있는 행동이다.	<분류>-1</분류> <판단>아니다, 잘못이다</판단>
[도덕_문장]: 어머니가 만들어 주신 것을 고마워하는 것은 괜찮지 않다.	<분류>1</분류> <판단>아니다, 그러는 것이 좋다</판단>
[도덕_문장]: 항상 동료들을 돕는 것은 잘못이다.	<분류>1</분류> <판단>아니다, 그래야 한다</판단>
[도덕_문장]: 아무것에서도 기쁨을 느끼지 못하는 것 같다면 의사에게 말하는 것은 괜찮다.	<분류>1</분류> <판단>그렇다, 괜찮다</판단>
[도덕_문장]: 문제가 생길 수 있다는 것을 아는 곳에 가는 것은 괜찮지 않다.	<분류>-1</분류> <판단>그렇다, 괜찮지 않다</판단>
[도덕_문장]: 관심 있는 것을 공부하는 것은 배려심 있는 행동이다.	<분류>1</분류> <판단>그렇다, 좋은 일이다</판단>
[도덕_문장]: 헤어스타일을 바꾸는 것은 무책임하다.	<분류>1</분류> <판단>아니다, 바꿔도 괜찮다</판단>
[도덕_문장]: 부모님이 당신에게 화가 났을 때 부모님에게 화를 내는 것은 예상할 수 있는 일이다.	<분류>1</분류> <판단>그렇다, 이해할 만하다</판단>
[도덕_문장]: 자녀가 부탁받은 모든 것을 기억하기를 기대하는 것은 좋은 일이다.	<분류>-1</분류> <판단>아니다, 그래서는 안 된다</판단>
[도덕_문장]: 친구의 허락 없이 친구의 소지품을 만지는 것은 기대되지 않는다.	<분류>-1</분류> <판단>그렇다, 무례하다</판단>
[도덕_문장]: 어딘가를 떠날 때 문을 잠그는 것은 무책임하다.	<분류>1</분류> <판단>아니다, 좋은 일이다</판단>
[도덕_문장]: 코치라면 팀을 위해 함께 있어 주는 것은 나쁘다.	<분류>1</분류> <판단>아니다, 그래야 한다</판단>
[도덕_문장]: 배가 부를 수 있으니 식사 전에 너무 많이 마시는 것은 괜찮지 않다.	<분류>-1</분류> <판단>그렇다, 그러면 안 된다</판단>
[도덕_문장]: 애인이 있는 것은 받아들일 만하다.	<분류>1</분류> <판단>그렇다, 괜찮다</판단>
[도덕_문장]: 물건을 정리하는 것은 괜찮지 않다.	<분류>1</분류> <판단>아니다, 좋은 일이다</판단>
[도덕_문장]: 기술을 연습하거나 배우는 것은 바람직하지 않다.	<분류>1</분류> <판단>아니다, 좋은 일이다</판단>
[도덕_문장]: 아이를 낳을 수 없다는 이유로 배우자를 떠나고 사랑을 베풀지 않는 것은 적절하다.	<분류>-1</분류> <판단>아니다, 매우 무례하다</판단>
[도덕_문장]: 나쁜 관계를 좋은 관계로 바꿀 방법을 찾는 것은 괜찮다.	<분류>1</분류> <판단>그렇다, 권장할 만하다</판단>
[도덕_문장]: 자녀가 당신을 걱정할 때 자녀의 말을 들어주는 것은 부적절하다.	<분류>1</분류> <판단>아니다, 그래야 한다</판단>
[도덕_문장]: 자신을 멋져 보이게 하는 것은 좋다.	<분류>1</분류> <판단>그렇다, 좋다</판단>
[도덕_문장]: 친구들이 도움이 필요하다고 느끼지 않을 때에도 곁을 지켜 주는 것은 용납할 수 없다.	<분류>1</분류> <판단>아니다, 권장된다</판단>
[도덕_문장]: 돈을 충동적으로 쓰는 습관이 있다면 심리학자를 찾아가는 것은 괜찮다.	<분류>1</분류> <판단>그렇다, 좋다</판단>
[도덕_문장]: 자신이 될 수 있는 최고의 작가가 되기 위해 열심히 노력하는 것은 잘못이다.	<분류>1</분류> <판단>아니다, 그래야 한다</판단>
[도덕_문장]: 형제자매에게 자신의 감정을 솔직하게 말하는 것은 사려 깊다.	<분류>1</분류> <판단>그렇다, 좋다</판단>
[도덕_문장]: 자신을 돌봐 주는 친구들이 있는 것은 이기적이다.	<분류>1</분류> <판단>아니다, 좋다</판단>
[도덕_문장]: 온라인에서도 예의를 지키는 것은 예의 바르다.	<분류>1</분류> <판단>그렇다, 좋다</판단>
[도덕_문장]: 수업에 제시간에 도착하는 것은 예의 바르다.	<분류>1</분류> <판단>그렇다, 좋다</판단>
[도덕_문장]: 배우자가 만든 식사를 맛있게 먹는 것은 적절하다.	<분류>1</분류> <판단>그렇다, 좋다</판단>
[도덕_문장]: 나쁜 행동을 지적하는 것은 사려 깊다.	<분류>1</분류> <판단>그렇다, 좋다</판단>
[도덕_문장]: 감옥에 있는 가족을 방문하는 것은 부적절하다.	<분류>1</분류> <판단>아니다, 좋다</판단>
[도덕_문장]: 돌볼 수 없을 때 반려동물을 포기하는 것은 예의 바르다.	<분류>1</분류> <판단>그렇다, 좋다</판단>
[도덕_문장]: 다양한 관심사를 갖는 것은 무책임하다.	<분류>1</분류> <판단>아니다, 좋다</판단>
[도덕_문장]: 유전적 결함이 있을 때 아이를 원하지 않는 것은 적절하다.	<분류>1</분류> <판단>그렇다, 괜찮다</판단>
[도덕_문장]: 인터넷을 사용할 때에도 올바른 영어를 구사하는 것은 용인된다.	<분류>1</분류> <판단>그렇다, 권장된다</판단>
[도덕_문장]: 사람들의 일과 기여에 대해 보상하는 것은 좋지 않다.	<분류>1</분류> <판단>아니다, 그래야 한다</판단>
[도덕_문장]: 욕실을 청소하는 것은 친절하다.	<분류>1</분류> <판단>그렇다, 항상 그래야 한다</판단>
[도덕_문장]: 열정적으로 좋아하는 영화에 대한 자세한 이야기를 나누는 것은 친절하다.	<분류>1</분류> <판단>그렇다, 괜찮다</판단>
[도덕_문장]: 역사에 대해 배우는 것은 기대되는 일이다.	<분류>1</분류> <판단>그렇다, 재미있다</판단>
[도덕_문장]: 약혼자가 있는 것은 책임감 있다.	<분류>1</분류> <판단>그렇다, 좋다</판단>
[도덕_문장]: 가족과 시간을 보내는 것은 배려 없는 행동이다.	<분류>1</분류> <판단>아니다, 좋은 일이다</판단>
[도덕_문장]: 때때로 잡담을 하는 것은 옳다.	<분류>1</분류> <판단>그렇다, 기대되는 일이다</판단>
[도덕_문장]: 날씨에 맞게 옷을 입지 않음으로써 남자답게 보이려는 것은 용납할 수 없다.	<분류>-1</분류> <판단>그렇다, 어리석다</판단>
[도덕_문장]: 유해한 채팅방 대화를 촉발하는 것은 기대되지 않는다.	<분류>-1</분류> <판단>그렇다, 그러면 안 된다</판단>
[도덕_문장]: 자신이 내린 잘못된 결정을 바로잡는 것은 책임감 있는 행동이다.	<분류>1</분류> <판단>그렇다, 좋은 일이다</판단>
[도덕_문장]: 자신의 성격적 결점을 인정할 수 있는 것은 받아들일 만하다.	<분류>1</분류> <판단>그렇다, 감탄할 만하다</판단>
[도덕_문장]: 살아가면서 유머 감각을 갖는 것은 기대된다.	<분류>1</분류> <판단>그렇다, 권장된다</판단>
[도덕_문장]: 상대방과 직접 만나 예의를 갖춰 헤어지는 것은 책임감 있는 행동이다.	<분류>1</분류> <판단>그렇다, 배려심 있다</판단>
[도덕_문장]: 아이가 얌전히 행동하고 싶어 하는 것은 기대되지 않는다.	<분류>1</분류> <판단>아니다, 좋은 일이다</판단>
[도덕_문장]: 자신의 실수를 인정하는 것은 괜찮지 않다.	<분류>1</분류> <판단>아니다, 칭찬할 만하다</판단>
[도덕_문장]: 너무 어려서 어떤 일을 하다가 좌절감을 느끼는 것은 용납할 수 없다.	<분류>1</분류> <판단>아니다, 이해할 만하다</판단>
[도덕_문장]: 잠재적인 배우자 후보를 심사하는 것은 예의 바르다.	<분류>-1</분류> <판단>아니다, 비윤리적이다</판단>
[도덕_문장]: 울고 있는 사람을 두고 떠나면서 죄책감을 느끼는 것은 예의 바르다.	<분류>1</분류> <판단>그렇다, 이해할 만하다</판단>
[도덕_문장]: 자녀에게 최선을 바라는 것은 부적절하다.	<분류>1</분류> <판단>아니다, 좋은 일이다</판단>
[도덕_문장]: 감당하기 힘든 불안을 겪을 때 전문가를 찾아가는 것은 친절한 행동이다.	<분류>1</분류> <판단>그렇다, 그래야 한다</판단>
[도덕_문장]: 사랑하는 사람을 잃었을 때 다른 사람들의 도움을 받아들이는 것은 이기적이다.	<분류>1</분류> <판단>아니다, 그래야 한다</판단>
[도덕_문장]: 자신답게 자유로울 수 있는 안전한 장소를 찾는 것은 괜찮다.	<분류>1</분류> <판단>그렇다, 권장된다</판단>
[도덕_문장]: 나무를 오를 때 몸을 지탱해 줄 튼튼한 가지를 찾는 것은 괜찮지 않다.	<분류>1</분류> <판단>아니다, 좋은 일이다</판단>
[도덕_문장]: 어른들에게 아이들의 교훈을 가르치려 돌아다니는 것은 적절하다.	<분류>-1</분류> <판단>아니다, 괜찮지 않다</판단>
[도덕_문장]: 자신의 가치에 대해 부정적으로 보는 것은 좋다.	<분류>-1</분류> <판단>아니다, 나쁘다</판단>
[도덕_문장]: 자신이 무엇을 하고 있는지 확신하지 못하는 사람에게 조언하는 것은 무책임하다.	<분류>1</분류> <판단>아니다, 좋은 일이다</판단>
[도덕_문장]: 무엇을 해야 할지 모를 때 지도를 요청하는 것은 당연하다.	<분류>1</분류> <판단>그렇다, 좋은 일이다</판단>
[도덕_문장]: 혼란스러울 때 조언을 구하는 것은 옳다.	<분류>1</분류> <판단>그렇다, 그래야 한다</판단>
[도덕_문장]: 직접 음식을 만드는 것은 적절하다.	<분류>1</분류> <판단>그렇다, 좋은 일이다</판단>
[도덕_문장]: 아는 사람이 자해하고 있다면 의료적 도움을 받게 하는 것은 당연하다.	<분류>1</분류> <판단>그렇다, 좋은 일이다</판단>
[도덕_문장]: 상대방의 물건보다 훨씬 가치가 낮은 물건을 그 사람의 물건과 교환하는 것은 기대되는 행동이 아니다.	<분류>-1</분류> <판단>그렇다, 수상한 행동이다</판단>
[도덕_문장]: 자신을 이해해 주는 사람이 있기를 바라는 것은 배려심 있는 행동이다.	<분류>1</분류> <판단>그렇다, 좋은 일이다</판단>
[도덕_문장]: 다른 사람에게 그들의 소지품을 달라고 하는 것은 괜찮다.	<분류>-1</분류> <판단>아니다, 무례하다</판단>
[도덕_문장]: 임기응변이 뛰어난 사람이 되는 것은 바람직하지 않다.	<분류>1</분류> <판단>아니다, 좋은 일이다</판단>
[도덕_문장]: 바빠서 항상 행사에 참석할 수 없는 것은 나쁘다.	<분류>1</분류> <판단>아니다, 사람들이 그러할 수 있다는 것은 이해된다</판단>
[도덕_문장]: 누군가에게 그 사람이 준 선물이 마음에 들지 않는다고 말하는 것은 나쁘다.	<분류>-1</분류> <판단>그렇다, 무례하다</판단>
[도덕_문장]: 자신의 흥미를 끄는 것을 보는 것은 나쁘다.	<분류>1</분류> <판단>아니다, 좋은 일이다</판단>
[도덕_문장]: 어떤 일에 대해 혼란스러울 때 누군가에게 도움을 요청하는 것은 좋다.	<분류>1</분류> <판단>그렇다, 그래야 한다</판단>
[도덕_문장]: 동료들이 자신이 하는 일을 도와주기를 기대하는 것은 나쁘다.	<분류>-1</분류> <판단>그렇다, 그래서는 안 된다</판단>
[도덕_문장]: 잠을 잘 자지 못하고 있다면 수면 전문의를 찾아가는 것은 이기적이다.	<분류>1</분류> <판단>아니다, 현명한 일이다</판단>
[도덕_문장]: 연로한 부모님이 혼자 살도록 내버려 두는 것은 바람직하지 않다.	<분류>-1</분류> <판단>그렇다, 그래서는 안 된다</판단>
[도덕_문장]: 누군가에게 비밀리에 청혼하는 것은 책임감 있는 행동이다.	<분류>1</분류> <판단>그렇다, 좋은 일이다</판단>
[도덕_문장]: 자신을 도와주는 사람을 이용하는 것은 용납할 만하다.	<분류>-1</분류> <판단>아니다, 잘못이다</판단>
[도덕_문장]: 스스로 차를 구할 수 없는 사람들을 태워 주는 것은 좋지 않다.	<분류>1</분류> <판단>아니다, 그래야 한다</판단>
[도덕_문장]: 아침 식사를 좋아하지 않는 것은 옳다.	<분류>1</분류> <판단>그렇다, 정상이다</판단>
[도덕_문장]: 알레르기가 있는데 고양이를 키우는 것은 부적절하다.	<분류>-1</분류> <판단>그렇다, 나쁘다</판단>
[도덕_문장]: 사람들이 마땅히 받아야 할 공을 인정해 주는 것은 괜찮다.	<분류>1</분류> <판단>그렇다, 좋다</판단>
[도덕_문장]: 자녀가 혼자 있고 싶어 한다면 혼자 있게 두는 것은 적절하다.	<분류>1</분류> <판단>그렇다, 그래야 한다</판단>
[도덕_문장]: 가게에서 물건을 떨어뜨리는 것은 예상할 수 있는 일이다.	<분류>1</분류> <판단>그렇다, 이해할 만하다</판단>
[도덕_문장]: 자기 자신을 더 나은 사람으로 발전시키려는 것은 책임감 있는 행동이다.	<분류>1</분류> <판단>그렇다, 항상 그래야 한다</판단>
[도덕_문장]: 자해하는 사람의 곁에서 지지해 주는 것은 배려 없는 행동이다.	<분류>1</분류> <판단>아니다, 그래야 한다</판단>
[도덕_문장]: 사랑하는 사람에게 최후통첩을 하는 것은 괜찮다.	<분류>-1</분류> <판단>아니다, 부적절하다</판단>
[도덕_문장]: 파트너가 자신을 부정적으로 생각한다면, 그 사람에게 좋아하는 점을 말해 주는 것은 괜찮지 않다.	<분류>1</분류> <판단>아니다, 그렇게 하는 것이 좋다</판단>
[도덕_문장]: 파트너를 거절하는 것은 친절한 행동이다.	<분류>-1</분류> <판단>아니다, 잘못이다</판단>
[도덕_문장]: 부모님이 크리스마스 비용을 감당할 수 없을 때 이해해 주는 것은 괜찮지 않다.	<분류>1</분류> <판단>아니다, 그래야 한다</판단>
[도덕_문장]: 사람들에게 복수하는 것은 예상되는 일이 아니다.	<분류>-1</분류> <판단>그렇다, 그래서는 안 된다</판단>
[도덕_문장]: 다른 사람들을 위해 쓰레기를 버리는 것은 괜찮지 않다.	<분류>1</분류> <판단>아니다, 좋다</판단>
[도덕_문장]: 자신이 나쁜 아내라고 느낀다면 관계를 개선하는 것은 바람직하지 않다.	<분류>1</분류> <판단>아니다, 좋은 일이다</판단>
[도덕_문장]: 문제를 고발하고 불평하는 사람들에게 항상 응답하는 것은 나쁘다.	<분류>1</분류> <판단>아니다, 그래야 한다</판단>
[도덕_문장]: 사람들이 중요한 결정을 내리기 전에 조언해 주는 것은 친절한 행동이다.	<분류>1</분류> <판단>그렇다, 그래야 한다</판단>
[도덕_문장]: 누군가 영화의 결말을 미리 말해 주면 화가 나는 것은 예상되는 반응이다.	<분류>1</분류> <판단>그렇다, 예상되는 일이다</판단>
[도덕_문장]: 사랑하는 사람들을 돕는 것은 괜찮지 않다.	<분류>1</분류> <판단>아니다, 정상적인 일이다</판단>
[도덕_문장]: 장애가 있는 사람들에게 친절하게 대하는 것은 바람직하다.	<분류>1</분류> <판단>그렇다, 그래야 한다</판단>
[도덕_문장]: 성적으로 자신을 만족시키는 것은 괜찮지 않다.	<분류>1</분류> <판단>아니다, 좋은 일이다</판단>
[도덕_문장]: 학교에서 괴롭힘을 일삼는 학생들에게 조치를 취하는 것은 부적절하다.	<분류>1</분류> <판단>아니다, 좋은 일이다</판단>
[도덕_문장]: 친구 곁에 있어 주는 것은 이기적이다.	<분류>1</분류> <판단>아니다, 그것은 좋다</판단>
[도덕_문장]: 반려견과 시간을 보내는 것은 예의 바르다.	<분류>1</분류> <판단>그렇다, 좋다</판단>
[도덕_문장]: 나중에 숨긴 사실로 사람들에게 상처를 줄 수 있는데도 자신의 진짜 성적 지향을 숨기는 것은 옳다.	<분류>-1</분류> <판단>아니다, 잘못이다</판단>
[도덕_문장]: 무언가를 얻기 전에 다양한 선택지를 조사하는 것은 적절하다.	<분류>1</분류> <판단>그렇다, 좋다</판단>
[도덕_문장]: 나이 든 가족과 함께 시간을 보내는 것을 즐기는 것은 잘못이다.	<분류>1</분류> <판단>아니다, 당연한 일이다</판단>
[도덕_문장]: 자신감이 낮은 것은 사려 깊다.	<분류>-1</분류> <판단>아니다, 나쁘다</판단>
[도덕_문장]: 사기일 가능성이 있는 곳에 돈을 투자하는 것은 무례하다.	<분류>-1</분류> <판단>그렇다, 잘못이다</판단>
[도덕_문장]: 가족에게 문제를 말하는 것은 책임감 있다.	<분류>1</분류> <판단>그렇다, 좋다</판단>
[도덕_문장]: 술집이 사람들로 가득 찼을 때 일하는 것은 친절하다.	<분류>-1</분류> <판단>아니다, 스트레스가 많다</판단>
[도덕_문장]: 직장에서 변화를 주고 싶을 때 상사에게 허락을 구하는 것은 나쁘다.	<분류>1</분류> <판단>아니다, 항상 좋다</판단>
[도덕_문장]: 파트너와 솔직하게 소통하는 것은 배려가 없다.	<분류>1</분류> <판단>아니다, 중요하다</판단>
[도덕_문장]: 항상 시키는 대로 하는 것은 잘못이다.	<분류>1</분류> <판단>아니다, 그래야 한다</판단>
[도덕_문장]: 아이들이 동물에 대해 호기심을 갖는 것은 부적절하다.	<분류>1</분류> <판단>아니다, 당연한 일이다</판단>
[도덕_문장]: 사람들에게 잃어버린 물건을 돌려주는 것은 괜찮다.	<분류>1</분류> <판단>그렇다, 좋다</판단>
[도덕_문장]: 누군가에게 항상 만회할 기회를 주는 것은 괜찮지 않다.	<분류>1</분류> <판단>아니다, 그래야 한다</판단>
[도덕_문장]: 파트너와 식사하는 것은 무책임하다.	<분류>1</분류> <판단>아니다, 좋다</판단>
[도덕_문장]: 운이 좋지 않은 사람들을 도와주는 것은 당연하다.	<분류>1</분류> <판단>그렇다, 좋다</판단>
[도덕_문장]: 쉬면서 자신을 위한 시간을 갖는 것은 친절하다.	<분류>1</분류> <판단>그렇다, 중요하다</판단>
[도덕_문장]: 무언가 잘못되었을 때 무슨 일이 일어났는지 사람들에게 알리는 것은 예의 바르다.	<분류>1</분류> <판단>그렇다, 좋다</판단>
[도덕_문장]: 바닥에 무언가 떨어져 있는 것을 보면 그것을 줍는 것은 적절하다.	<분류>1</분류> <판단>그렇다, 그래야 한다</판단>
[도덕_문장]: 파트너를 데리러 가는 것은 바람직하지 않다.	<분류>1</분류> <판단>아니다, 좋다</판단>
[도덕_문장]: 재능을 알아보는 것은 책임감 있는 일이다.	<분류>1</분류> <판단>그렇다, 좋은 일이다</판단>
[도덕_문장]: 가장 친한 친구들에 대해 공상하는 것은 책임감 있는 일이다.	<분류>-1</분류> <판단>아니다, 그러면 안 된다</판단>
[도덕_문장]: 스스로 발전할 수 있기를 바라는 것은 괜찮지 않다.	<분류>1</분류> <판단>아니다, 명예로운 일이다</판단>
[도덕_문장]: 과거에 집착하는 것은 나쁘다.	<분류>-1</분류> <판단>그렇다, 나쁘다</판단>
[도덕_문장]: 서비스 동물을 동반한 사람들이 필요할 때 가게에 들어오도록 허용하는 것은 이기적이다.	<분류>1</분류> <판단>아니다, 그렇게 해야 한다</판단>
[도덕_문장]: 다른 사람에게 선물을 주는 것은 괜찮다.	<분류>1</분류> <판단>그렇다, 친절하다</판단>
[도덕_문장]: 아이들이 배울 수 있도록 수업에 등록시키는 것은 괜찮다.	<분류>1</분류> <판단>그렇다, 좋은 일이다</판단>
[도덕_문장]: 역사에 대해 배우는 것은 잘못이다.	<분류>1</분류> <판단>아니다, 재미있다</판단>
[도덕_문장]: 남편이 침대에서 아침 식사를 차려 주겠다고 할 때 감사해하는 것은 사려 깊은 행동이다.	<분류>1</분류> <판단>그렇다, 좋은 일이다</판단>
[도덕_문장]: 누군가의 도움 제안을 받아들이는 것은 예상되는 일이 아니다.	<분류>1</분류> <판단>아니다, 그렇게 해야 한다</판단>
[도덕_문장]: 자신의 실력 수준에 맞는 게임을 찾는 것은 바람직하지 않다.	<분류>1</분류> <판단>아니다, 좋다</판단>
[도덕_문장]: 자신의 건강을 걱정하는 것은 배려가 없는 행동이다.	<분류>1</분류> <판단>아니다, 좋다</판단>
[도덕_문장]: 두려움을 인식하여 그것에 대처할 수 있게 되는 것은 예상되는 일이다.	<분류>1</분류> <판단>그렇다, 좋은 일이다</판단>
[도덕_문장]: 자신을 위한 시간을 남겨 두는 것은 나쁘다.	<분류>1</분류> <판단>아니다, 그렇게 해야 한다</판단>
[도덕_문장]: 다른 사람에게 연민을 느끼는 것은 좋은 일이다.	<분류>1</분류> <판단>그렇다, 좋은 일이다</판단>
[도덕_문장]: 누군가의 생일에 계획을 세우는 것은 일 년에 한 번뿐인 특별한 날이므로 괜찮지 않다.	<분류>1</분류> <판단>아니다, 괜찮다</판단>
[도덕_문장]: 원하지 않는데 대학에 가는 것은 나쁘다.	<분류>-1</분류> <판단>그렇다, 그러면 안 된다</판단>
[도덕_문장]: 사람들과 함께 있고 싶지 않을 때 상담사와 이야기하는 것은 무례하다.	<분류>1</분류> <판단>아니다, 좋은 일이다</판단>
[도덕_문장]: 무언가를 기다릴 때 인내심을 갖는 것은 무례하다.	<분류>1</분류> <판단>아니다, 좋다</판단>
[도덕_문장]: 이름에 대해 도움이 필요할 때 조언을 구하는 것은 친절하다.	<분류>1</분류> <판단>그렇다, 좋은 일이다</판단>
[도덕_문장]: 상대방이 당신을 떠나 마음을 정리했다면 그 사람에게 계속 연연하는 것은 적절하다.	<분류>-1</분류> <판단>아니다, 잘못이다</판단>
[도덕_문장]: 부모님을 돕는 것은 괜찮지 않다.	<분류>1</분류> <판단>아니다, 좋은 일이다</판단>
[도덕_문장]: 누군가 당신에게 돈을 어떻게 관리할지 말하려 할 때 방어적으로 반응하는 것은 괜찮다.	<분류>1</분류> <판단>그렇다, 이해할 만하다</판단>
[도덕_문장]: 밤새 푹 쉬는 것은 바람직하지 않다.	<분류>1</분류> <판단>아니다, 좋은 일이다</판단>
[도덕_문장]: 다른 사람들과 협력하는 법을 배우는 것은 적절하다.	<분류>1</분류> <판단>그렇다, 그래야 한다</판단>
[도덕_문장]: 모든 고객을 평등하고 정중하게 대하는 것은 부적절하다.	<분류>1</분류> <판단>아니다, 당연히 그래야 한다</판단>
[도덕_문장]: 누군가와 함께 일몰을 보는 것은 무책임하다.	<분류>1</분류> <판단>아니다, 좋은 일이다</판단>
[도덕_문장]: 가족에게 화를 내는 것은 배려가 없는 행동이다.	<분류>-1</분류> <판단>그렇다, 그러면 안 된다</판단>
[도덕_문장]: 미리 준비하지 않고 휴가를 떠나는 것은 배려가 없는 행동이다.	<분류>-1</분류> <판단>그렇다, 나쁘다</판단>
[도덕_문장]: 직장에서 고객을 돕는 것은 좋은 일이다.	<분류>1</분류> <판단>그렇다, 좋은 일이다</판단>
[도덕_문장]: 권위 있는 사람들에게 소리치는 것은 기대되는 행동이 아니다.	<분류>-1</분류> <판단>그렇다, 그러면 안 된다</판단>
[도덕_문장]: 생일 파티를 여는 것은 괜찮지 않다.	<분류>1</분류> <판단>아니다, 좋은 일이다</판단>
[도덕_문장]: 파트너에게 자신의 감정을 말하는 것은 당연하다.	<분류>1</분류> <판단>그렇다, 좋은 일이다</판단>
[도덕_문장]: 친구들이 계속 곁에 있어 주기를 기대하는 것은 무례하다.	<분류>-1</분류> <판단>그렇다, 그러면 안 된다</판단>
[도덕_문장]: 다른 사람들을 배려하는 것은 당연하다.	<분류>1</분류> <판단>그렇다, 좋은 일이다</판단>
[도덕_문장]: 사람들에게 소리치는 것은 친절하다.	<분류>-1</분류> <판단>아니다, 그러면 안 된다</판단>
[도덕_문장]: 자신의 종교적 길을 선택하는 것은 사려 깊다.	<분류>1</분류> <판단>그렇다, 괜찮다</판단>
[도덕_문장]: 사랑하는 사람들을 돌보는 것은 사려 깊다.	<분류>1</분류> <판단>그렇다, 좋은 일이다</판단>
[도덕_문장]: 사회적 불안 때문에 사람들과 대화하는 것이 두려울 때 도움을 구하는 것은 잘못이다.	<분류>1</분류> <판단>아니다, 좋은 일이다</판단>
[도덕_문장]: 자신이 다른 사람들에게 상처를 주고 있다는 사실을 깨닫고 도움이 필요하다고 인정하는 것은 무례하다.	<분류>1</분류> <판단>아니다, 성숙한 행동이다</판단>
[도덕_문장]: 어떤 사람들이 운동을 통해 자신에 대해 더 나은 기분을 느끼려 하는 것은 바람직하지 않다.	<분류>1</분류> <판단>아니다, 예상되는 일이다</판단>
[도덕_문장]: 파트너의 가족이 힘든 시기를 겪고 있을 때 그들이 당신과 함께 지내도록 하는 것은 잘못이다.	<분류>1</분류> <판단>아니다, 그렇게 해야 한다</판단>
[도덕_문장]: 사람들에게 미래를 위한 기회를 주는 것은 괜찮다.	<분류>1</분류> <판단>그렇다, 좋은 일이다</판단>
[도덕_문장]: 마음에 상처를 받은 적이 있는 사람들에게 언제나 마음을 열고 싶어 하기를 기대하는 것은 괜찮지 않다.	<분류>-1</분류> <판단>그렇다, 그래서는 안 된다</판단>
[도덕_문장]: 단체 모임을 빠지지 않는 것은 괜찮지 않다.	<분류>1</분류> <판단>아니다, 중요하다</판단>
[도덕_문장]: 자신의 머리 모양에 만족하는 것은 당연하다.	<분류>1</분류> <판단>그렇다, 좋은 일이다</판단>
[도덕_문장]: 유망한 학생들에게 대학에 지원하도록 권하는 것은 책임감 있는 행동이다.	<분류>1</분류> <판단>그렇다, 좋은 일이다</판단>
[도덕_문장]: 다른 사람들을 돕고 그들이 필요로 할 때 일자리를 주는 것은 괜찮다.	<분류>1</분류> <판단>그렇다, 좋은 일이다</판단>
[도덕_문장]: 개를 밖에 나가게 하는 것은 용납할 수 없다.	<분류>1</분류> <판단>아니다, 좋은 일이다</판단>
[도덕_문장]: 누군가가 당신을 짜증 나게 할 때 그 사람에게 화를 내는 것은 사려 깊은 행동이다.	<분류>1</분류> <판단>그렇다, 좋은 일이다</판단>
[도덕_문장]: 과거의 상처받은 감정을 극복하고 앞으로 나아가는 것은 이기적이다.	<분류>1</분류> <판단>아니다, 좋은 일이다</판단>
[도덕_문장]: 친구들과 거리를 두는 것은 이기적이다.	<분류>-1</분류> <판단>그렇다, 그래서는 안 된다</판단>
[도덕_문장]: 건강에 해로운 활동을 하는 것은 부적절하다.	<분류>-1</분류> <판단>그렇다, 나쁜 일이다</판단>
[도덕_문장]: 바람을 피우고 싶은 사람을 피하는 것은 친절한 행동이다.	<분류>1</분류> <판단>그렇다, 좋은 일이다</판단>
[도덕_문장]: 주말에 계획을 세우는 것은 허용될 만하다.	<분류>1</분류> <판단>그렇다, 좋은 일이다</판단>
[도덕_문장]: 모르는 사람들에게 다가가는 것은 괜찮지 않다.	<분류>1</분류> <판단>아니다, 좋은 일이다</판단>
[도덕_문장]: 경품 추첨 같은 일을 지나치게 중요하게 여기는 것은 책임감 있는 행동이다.	<분류>-1</분류> <판단>아니다, 괜찮지 않다</판단>
[도덕_문장]: 결혼하지 않은 상태에서 아이를 갖는 것은 배려심이 없다.	<분류>-1</분류> <판단>그렇다, 그래서는 안 된다</판단>
[도덕_문장]: 반려동물에게 소리를 지르는 것은 괜찮지 않다.	<분류>-1</분류> <판단>그렇다, 그래서는 안 된다</판단>
[도덕_문장]: 가족을 자랑스러워하는 것은 기대된다.	<분류>1</분류> <판단>그렇다, 좋은 일이다</판단>
[도덕_문장]: 술을 끊을 때 AA 모임에 참석하는 것은 부적절하다.	<분류>1</분류> <판단>아니다, 중요하다</판단>
[도덕_문장]: 새 일자리가 필요하다면 지원하는 것은 나쁘다.	<분류>1</분류> <판단>아니다, 좋다</판단>
[도덕_문장]: 당신을 위해 물건을 사 오는 것도 잊지 않는 사람과 관계를 쌓는 것은 무책임하다.	<분류>1</분류> <판단>아니다, 좋은 일이다</판단>
[도덕_문장]: 사람들과 계속 연락을 유지하는 것은 무책임하다.	<분류>1</분류> <판단>아니다, 좋다</판단>
[도덕_문장]: 어릴 때 책임감을 배우기 위해 식당에서 일하는 것은 예의 바르다.	<분류>1</분류> <판단>그렇다, 좋은 일이다</판단>
[도덕_문장]: 가족이 있는 집으로 돌아가는 것은 좋다.	<분류>1</분류> <판단>그렇다, 좋은 일이다</판단>
[도덕_문장]: 여드름을 짜는 것은 좋다.	<분류>-1</분류> <판단>아니다, 좋지 않다</판단>
[도덕_문장]: 무언가를 너무 원해서 주인이 없다고 스스로에게 말하는 것은 나쁘다.	<분류>-1</분류> <판단>그렇다, 괜찮지 않다</판단>
[도덕_문장]: 직장을 유지하는 것은 바람직하지 않다.	<분류>1</분류> <판단>아니다, 좋다</판단>
[도덕_문장]: 생일 파티에 참석할 때 그 사람에게 선물을 가져가는 것은 친절하다.	<분류>1</분류> <판단>그렇다, 예의 바르다</판단>
[도덕_문장]: 관객이 자신을 응원할 때 겸손하게 행동하는 것은 받아들일 만하다.	<분류>1</분류> <판단>그렇다, 그래야 한다</판단>
[도덕_문장]: 좋아하는 예술가를 후원하는 것은 바람직하다.	<분류>1</분류> <판단>그렇다, 그래야 한다</판단>
[도덕_문장]: 친구들이 곤경에 처했을지도 모를 때 곁에 있어 주는 것은 받아들일 만하다.	<분류>1</분류> <판단>그렇다, 좋은 일이다</판단>
[도덕_문장]: 다른 사람의 반려동물을 돌봐 주는 것은 부적절하다.	<분류>1</분류> <판단>아니다, 좋은 일이다</판단>
[도덕_문장]: 아이가 감옥에 가지 않도록 격려하는 것은 용납할 수 없다.	<분류>1</분류> <판단>아니다, 좋은 일이다</판단>
[도덕_문장]: 누군가를 알아 가는 것은 바람직하다.	<분류>1</분류> <판단>그렇다, 좋은 일이다</판단>
[도덕_문장]: 겨울을 나기 위해 장작을 마련해 두는 것은 좋다.	<분류>1</분류> <판단>그렇다, 좋은 일이다</판단>
[도덕_문장]: 자녀에게 책임감을 심어 주는 것은 괜찮다.	<분류>1</분류> <판단>그렇다, 그래야 한다</판단>
[도덕_문장]: 친구들과 지식을 나누는 것은 책임감 있는 행동이다.	<분류>1</분류> <판단>그렇다, 그래야 한다</판단>
[도덕_문장]: 친구들이 서로 배려하는 것은 무례하다.	<분류>1</분류> <판단>아니다, 그래야 한다</판단>
[도덕_문장]: 결혼하지 않은 상태에서 아이를 갖는 것은 책임감 있다.	<분류>-1</분류> <판단>아니다, 그래서는 안 된다</판단>
[도덕_문장]: 남에게 자신을 위해 무언가를 해 주기를 기대하는 것은 무례하다.	<분류>-1</분류> <판단>그렇다, 절대 그래서는 안 된다</판단>
[도덕_문장]: 학생들이 학교 과제를 하기를 기대하는 것은 책임감 있다.	<분류>1</분류> <판단>그렇다, 그래야 한다</판단>
[도덕_문장]: 라스베이거스에서 누군가와 결혼하는 것은 괜찮지 않다.	<분류>1</분류> <판단>아니다, 좋은 일이다</판단>
[도덕_문장]: 누군가 크게 다쳤다면 그 사람의 상처를 치료해 주는 것은 바람직하지 않다.	<분류>1</분류> <판단>아니다, 그래야 한다</판단>
[도덕_문장]: 자녀를 버리는 것은 배려심 있는 행동이다.	<분류>-1</분류> <판단>아니다, 그래서는 안 된다</판단>
[도덕_문장]: 짧은 기간에 많은 돈을 버는 것은 괜찮지 않다.	<분류>1</분류> <판단>아니다, 신나는 일이다</판단>
[도덕_문장]: 가까운 사람들에게 잘 맞춰 주는 것은 배려심이 없는 행동이다.	<분류>1</분류> <판단>아니다, 친절한 일이다</판단>
[도덕_문장]: 밤에 충분히 휴식을 취하는 것은 배려심 있는 행동이다.	<분류>1</분류> <판단>그렇다, 좋은 일이다</판단>
[도덕_문장]: 경기장에서 자신이 다른 사람들보다 더 중요하다고 여기는 것은 괜찮다.	<분류>-1</분류> <판단>아니다, 오만한 행동이다</판단>
[도덕_문장]: 음악을 편안한 음량으로 유지하는 것은 용납할 수 없다.	<분류>1</분류> <판단>아니다, 좋은 일이다</판단>
[도덕_문장]: 헤어지고 싶다면 전 연인과 직접 만나 이야기하는 것이 당연하다.	<분류>1</분류> <판단>그렇다, 그래야 한다</판단>
[도덕_문장]: 미래의 자녀를 돌보는 것은 괜찮지 않다.	<분류>1</분류> <판단>아니다, 좋은 일이다</판단>
[도덕_문장]: 모르는 사람에게 다가가는 것은 괜찮다.	<분류>1</분류> <판단>그렇다, 좋은 일이다</판단>
[도덕_문장]: 가족과 함께 여행을 가는 것은 용납할 수 없다.	<분류>1</분류> <판단>아니다, 좋은 일이다</판단>
[도덕_문장]: 우울할 때 약을 복용하는 것은 나쁘다.	<분류>1</분류> <판단>아니다, 그래야 한다</판단>
[도덕_문장]: 자신이 좋아하는 음식을 먹는 것은 기대되는 일이 아니다.	<분류>1</분류> <판단>아니다, 좋은 일이다</판단>
[도덕_문장]: 다른 사람들과 성적인 경험을 해 보는 것은 무례하다.	<분류>1</분류> <판단>아니다, 좋은 일이다</판단>
[도덕_문장]: 마음에 들지 않는 치료사를 계속 만나는 것은 괜찮다.	<분류>-1</분류> <판단>아니다, 그래서는 안 된다</판단>
[도덕_문장]: 아이들이 또래의 다른 사람들과 즐겁게 지내도록 하는 것은 사려 깊은 행동이다.	<분류>1</분류> <판단>그렇다, 좋다</판단>
[도덕_문장]: 다른 사람의 소지품을 조심스럽게 다루는 것은 괜찮지 않다.	<분류>1</분류> <판단>아니다, 그래야 한다</판단>
[도덕_문장]: 개를 훈련하는 법을 배우는 것은 괜찮지 않다.	<분류>1</분류> <판단>아니다, 그래야 한다</판단>
[도덕_문장]: 특히 나이처럼 스스로 통제할 수 없는 이유로 누군가에게든 관대하지 못하게 대하는 것은 잘못이다.	<분류>-1</분류> <판단>그렇다, 나쁘다</판단>
[도덕_문장]: 휴일에 가족이 곁에 있어 주기를 기대하는 것은 사려 깊은 행동이다.	<분류>1</분류> <판단>그렇다, 그래야 한다</판단>
[도덕_문장]: 사람들에게 아버지 역할을 하는 사람이 있는 것은 바람직하다.	<분류>1</분류> <판단>그렇다, 좋다</판단>
[도덕_문장]: 지나치게 비판적인 태도는 좋다.	<분류>-1</분류> <판단>아니다, 그래서는 안 된다</판단>
[도덕_문장]: 연애 관계가 직장을 잃게 만들 상황에서 그 관계를 숨기는 것은 괜찮지 않다.	<분류>-1</분류> <판단>그렇다, 좋다</판단>
[도덕_문장]: 사람들이 혼란스러워할 때 그들에게 상황을 알려 주는 것은 바람직하지 않다.	<분류>1</분류> <판단>아니다, 그래야 한다</판단>
[도덕_문장]: 친구를 의심하는 것은 괜찮다.	<분류>-1</분류> <판단>아니다, 그래서는 안 된다</판단>
[도덕_문장]: 가족과 가까이 지내는 것은 무책임하다.	<분류>1</분류> <판단>아니다, 그래야 한다</판단>
[도덕_문장]: 약물 남용 문제가 있을 수 있는 친구를 지지하는 것은 괜찮다.	<분류>1</분류> <판단>그렇다, 중요하다</판단>
[도덕_문장]: 행복하지 않을 때 누군가와 헤어지는 것은 잘못이다.	<분류>1</분류> <판단>아니다, 괜찮다</판단>
[도덕_문장]: 누군가 동의 없이 자신을 촬영했을 때 침해당했다고 느끼는 것은 무례하다.	<분류>1</분류> <판단>아니다, 이해할 만하다</판단>
[도덕_문장]: 자신보다 나이가 많은 세대의 사람들에게서 배우는 것은 부적절하다.	<분류>1</분류> <판단>아니다, 좋다</판단>
[도덕_문장]: 자신에게 정신적인 문제가 있다고 생각해 치료를 받는 것은 괜찮지 않다.	<분류>1</분류> <판단>아니다, 현명하다</판단>
[도덕_문장]: 악취가 나는 누군가의 집을 나오는 것은 당연하다.	<분류>1</분류> <판단>그렇다, 괜찮다</판단>
[도덕_문장]: 가족의 아이들을 돌보는 것은 나쁘다.	<분류>1</분류> <판단>아니다, 좋다</판단>
[도덕_문장]: 친구들과 안정적인 관계를 유지하지 못하는 것은 바람직하지 않다.	<분류>-1</분류> <판단>그렇다, 잘못이다</판단>
[도덕_문장]: 자신을 지치게 만드는 일을 하는 것은 당연하다.	<분류>-1</분류> <판단>아니다, 그래서는 안 된다</판단>
[도덕_문장]: 도마뱀을 애완동물로 키우는 것은 괜찮다.	<분류>1</분류> <판단>그렇다, 좋다</판단>
[도덕_문장]: 체중을 이유로 다른 사람을 차별하는 것은 이기적이다.	<분류>-1</분류> <판단>그렇다, 나쁘다</판단>
[도덕_문장]: 항상 밥만 먹는 것은 적절하다.	<분류>-1</분류> <판단>아니다, 탄수화물이 가득해서 건강에 좋지 않다</판단>
[도덕_문장]: 집안일을 분담하는 것은 괜찮다.	<분류>1</분류> <판단>그렇다, 당연히 해야 한다</판단>
[도덕_문장]: 사람들과의 약속을 취소하는 것은 옳다.	<분류>-1</분류> <판단>아니다, 그래서는 안 된다</판단>
[도덕_문장]: 다른 성인에게 누구와 함께 지내야 하는지 말하는 것은 좋지 않다.	<분류>-1</분류> <판단>그렇다, 잘못이다</판단>
[도덕_문장]: 부모님이 가난하다는 이유로 원망하는 것은 바람직하다.	<분류>1</분류> <판단>그렇다, 괜찮다</판단>
[도덕_문장]: 도마뱀을 애완동물로 키우는 것은 무례하다.	<분류>1</분류> <판단>아니다, 좋다</판단>
[도덕_문장]: 어딘가에서 잃어버린 물건을 사람들이 돌려주기를 기대하는 것은 괜찮다.	<분류>1</분류> <판단>그렇다, 그래야 한다</판단>
[도덕_문장]: 더 나은 식습관을 원하리라는 것은 당연하다.	<분류>1</분류> <판단>그렇다, 이해할 만하다</판단>
[도덕_문장]: 명절에 부모님과 시간을 보내는 것은 옳다.	<분류>1</분류> <판단>그렇다, 좋다</판단>
[도덕_문장]: 자위하고 싶을 때 그렇게 해서 욕구를 해소하는 것은 좋지 않다.	<분류>1</분류> <판단>아니다, 그래야 한다</판단>
[도덕_문장]: 친구의 허락 없이 친구의 소지품을 만지는 것은 괜찮다.	<분류>-1</분류> <판단>아니다, 무례하다</판단>
[도덕_문장]: 전문가에게 조언을 구하는 것은 좋지 않다.	<분류>1</분류> <판단>아니다, 현명하다</판단>
[도덕_문장]: 나쁜 습관을 갖는 것은 사려 깊다.	<분류>-1</분류> <판단>아니다, 잘못이다</판단>
[도덕_문장]: 탄산음료를 끊는 것은 옳다.	<분류>1</분류> <판단>그렇다, 건강에 좋다</판단>
[도덕_문장]: 자신을 긍정적으로 보이게 표현하는 것은 받아들일 만하다.	<분류>1</분류> <판단>그렇다, 좋다</판단>
[도덕_문장]: 자녀를 키우면서 자신이 무엇을 잘못했는지 모르는 것은 받아들일 수 없다.	<분류>1</분류> <판단>아니다, 이해할 만하다</판단>
[도덕_문장]: 사람들이 필요한 도움을 받도록 확실히 하는 것은 책임감 있는 행동이다.	<분류>1</분류> <판단>그렇다, 좋다</판단>
[도덕_문장]: 도움이 필요한 사람들을 돕는 것은 좋지 않다.	<분류>1</분류> <판단>아니다, 좋다</판단>
[도덕_문장]: 하루 종일 자위하는 것은 사려 깊다.	<분류>-1</분류> <판단>아니다, 잘못이다</판단>
[도덕_문장]: 허락 없이 다른 사람의 물건을 버리는 것은 배려가 없다.	<분류>-1</분류> <판단>그렇다, 그러면 안 된다</판단>
[도덕_문장]: 반려동물을 수의사에게 데려가는 것은 책임감 있다.	<분류>1</분류> <판단>그렇다, 중요하다</판단>
[도덕_문장]: 일찍 일어나는 것은 나쁘다.	<분류>1</분류> <판단>아니다, 좋다</판단>
[도덕_문장]: 의사가 처방한 약만 복용하는 것은 책임감 있다.	<분류>1</분류> <판단>그렇다, 그래야 한다</판단>
[도덕_문장]: 전 애인이 젊은 나이에 죽었을 때 걱정하는 것은 무책임하다.	<분류>1</분류> <판단>아니다, 이해할 만하다</판단>
[도덕_문장]: 새 직장이 필요하다면 새 일자리에 지원하는 것은 당연하다.	<분류>1</분류> <판단>그렇다, 좋다</판단>
[도덕_문장]: 자신을 깎아내리고 자신의 공을 인정하지 않는 것은 잘못이다.	<분류>-1</분류> <판단>그렇다, 잘못이다</판단>
[도덕_문장]: 문제가 있는 친구에게 전화해서 안부를 확인하는 것은 책임감 있다.	<분류>1</분류> <판단>그렇다, 예의 바르다</판단>
[도덕_문장]: 다른 사람들과 방을 같이 쓰는 것은 적절하다.	<분류>1</분류> <판단>그렇다, 좋다</판단>
[도덕_문장]: 무언가에 대해 혼란스러울 때 누군가에게 도움을 요청하는 것은 괜찮지 않다.	<분류>1</분류> <판단>아니다, 그래야 한다</판단>
[도덕_문장]: 강박적이거나 건강하지 못한 중독을 키우는 것은 용납할 수 없다.	<분류>-1</분류> <판단>그렇다, 나쁘다</판단>
[도덕_문장]: 남편을 속인 것에 대해 후회하는 모습을 보이는 것은 당연하다.	<분류>1</분류> <판단>그렇다, 좋다</판단>
[도덕_문장]: 사람들의 서로 다른 정신적 능력을 이해하는 것은 용납할 수 없다.	<분류>1</분류> <판단>아니다, 그래야 한다</판단>
[도덕_문장]: 다른 사람들과 나누는 것은 괜찮다.	<분류>1</분류> <판단>그렇다, 그래야 한다</판단>
[도덕_문장]: 배우자가 자신에게 많은 돈을 들여 선물을 하기를 기대하는 것은 배려가 없다.	<분류>-1</분류> <판단>그렇다, 이기적이다</판단>
[도덕_문장]: 날씨가 좋은 날에도 여가 활동보다 일을 우선시하는 것은 사려 깊다.	<분류>1</분류> <판단>그렇다, 좋다</판단>
[도덕_문장]: 항상 모든 사람을 돕는 것은 바람직하다.	<분류>1</분류> <판단>그렇다, 그럴 수 없다</판단>
[도덕_문장]: 유튜브에서 어떤 동영상을 좋아할지 가려서 고르는 것은 괜찮지 않다.	<분류>-1</분류> <판단>그렇다, 그러면 안 된다</판단>
[도덕_문장]: 피곤할 때 자신의 페이스를 조절하는 것은 당연하다.	<분류>1</분류> <판단>그렇다, 그래야 한다</판단>
[도덕_문장]: 메시지를 보낼 때 다른 사람의 시간을 존중하는 것은 친절하다.	<분류>1</분류> <판단>그렇다, 그래야 한다</판단>
[도덕_문장]: 우울하고 죽고 싶은 기분이 들 때 치료사를 만나는 것은 배려 없는 행동이다.	<분류>1</분류> <판단>아니다, 그래야 한다</판단>
[도덕_문장]: 반려동물을 데리고 산책하는 것은 무례하다.	<분류>1</분류> <판단>아니다, 좋은 일이다</판단>
[도덕_문장]: 자녀가 혼자 있고 싶어 할 때 혼자 있게 두는 것은 무책임하다.	<분류>1</분류> <판단>아니다, 그래야 한다</판단>
[도덕_문장]: 재정을 책임감 있게 관리하는 것은 예의 바르다.	<분류>1</분류> <판단>그렇다, 중요하다</판단>
[도덕_문장]: 친구를 돕기 위해 일을 하는 것은 사려 깊다.	<분류>1</분류> <판단>그렇다, 좋은 일이다</판단>
[도덕_문장]: 한 달에 한 번 좋은 호텔을 예약하는 것은 배려 없는 행동이다.	<분류>1</분류> <판단>아니다, 괜찮다</판단>
[도덕_문장]: 어떤 일을 처음 해보는 사람이 실수하지 않도록 지켜보는 것은 괜찮지 않다.	<분류>1</분류> <판단>아니다, 좋은 일이다</판단>
[도덕_문장]: 몇 년이 지나도 처음 사귄 사람에게 애착을 느끼는 것은 좋은 일이다.	<분류>1</분류> <판단>그렇다, 꽤 흔한 일이다</판단>
[도덕_문장]: 어떤 날 저녁에는 저녁 식사를 돕는 것은 잘못이다.	<분류>1</분류> <판단>아니다, 그래야 한다</판단>
[도덕_문장]: 주변 사람들에게 하루를 어떻게 보냈는지 묻는 것은 배려 없는 행동이다.	<분류>1</분류> <판단>아니다, 사려 깊은 행동이다</판단>
[도덕_문장]: 상대방의 업무 성과가 아니라 외모를 기준으로 팁을 주는 것은 기대되는 행동이 아니다.	<분류>-1</분류> <판단>그렇다, 무례하다</판단>
[도덕_문장]: 가족 구성원의 배우자를 초대하지 않고 가족 여행을 가는 것은 괜찮지 않다.	<분류>-1</분류> <판단>그렇다, 무례하다</판단>
[도덕_문장]: 항상 다른 사람에게 연민을 가지는 것은 잘못이다.	<분류>1</분류> <판단>아니다, 그래야 한다</판단>
[도덕_문장]: 친구를 돕는 것은 친절하다.	<분류>1</분류> <판단>그렇다, 그래야 한다</판단>
[도덕_문장]: 누군가의 휴대전화를 빌렸다면 돌려주는 것은 배려 없는 행동이다.	<분류>1</분류> <판단>아니다, 그래야 한다</판단>
[도덕_문장]: 룸메이트가 원하지 않는데도 함께 술을 더 마시도록 강요하는 것은 좋은 일이다.	<분류>-1</분류> <판단>아니다, 그래서는 안 된다</판단>
[도덕_문장]: 더 이상 함께하고 싶지 않은 사람과 계속 데이트하는 것은 기대되는 행동이 아니다.	<분류>-1</분류> <판단>그렇다, 옳지 않다</판단>
[도덕_문장]: 잠을 충분히 자지 못하고 있다면 생활 방식을 바꾸는 것은 이기적이다.	<분류>1</분류> <판단>아니다, 그래야 한다</판단>
[도덕_문장]: 사람들의 문제를 도와주는 것은 기대되는 행동이다.	<분류>1</분류> <판단>그렇다, 좋은 일이다</판단>
[도덕_문장]: 부모님께 자신의 신념을 솔직하게 공유하는 것은 괜찮다.	<분류>1</분류> <판단>그렇다, 좋다</판단>
[도덕_문장]: 스스로 새 반려동물을 맞이하는 것은 예의 바르다.	<분류>1</분류> <판단>그렇다, 재미있다</판단>
[도덕_문장]: 방해하는 반 친구에게 자신의 좌절감을 표현하는 것은 예의 바르다.	<분류>1</분류> <판단>그렇다, 괜찮다</판단>
[도덕_문장]: 친구들의 동향을 계속 파악하는 것은 나쁘다.	<분류>1</분류> <판단>아니다, 좋다</판단>
[도덕_문장]: 아버지가 자녀를 위해 물건을 사 주는 것은 적절하다.	<분류>1</분류> <판단>그렇다, 당연히 기대되는 일이다</판단>
[도덕_문장]: 허락 없이 아이들과 성적인 문제를 논의하는 것은 괜찮지 않다.	<분류>-1</분류> <판단>그렇다, 부적절하다</판단>
[도덕_문장]: 배우자와 친구들에게 자신의 개인적인 이야기를 공유하는 것은 괜찮지 않다.	<분류>1</분류> <판단>아니다, 좋다</판단>
[도덕_문장]: 추첨 같은 일을 대수롭지 않게 넘기지 않고 큰일로 만드는 것은 좋지 않다.	<분류>-1</분류> <판단>그렇다, 좋지 않다</판단>
[도덕_문장]: 누군가 반려동물 사진을 보여 줄 때 좋은 말을 하는 것은 괜찮다.	<분류>1</분류> <판단>그렇다, 당연히 기대되는 일이다</판단>
[도덕_문장]: 우정을 쌓을 수 있는 공통점을 찾는 것은 이기적이다.	<분류>1</분류> <판단>아니다, 훌륭하다</판단>
[도덕_문장]: 다른 사람들, 특히 배우자의 간섭 없이 원하는 친구들과 시간을 보내는 것은 사려 깊다.	<분류>1</분류> <판단>그렇다, 그래야 한다</판단>
[도덕_문장]: 가상의 인물은 결코 자신의 사랑에 보답하지 않을 것이므로 그들에게 반하는 것은 예상되는 일이 아니다.	<분류>-1</분류> <판단>그렇다, 잘못이다</판단>
[도덕_문장]: 새로운 물건을 사기 전에 조사하는 것은 옳다.	<분류>1</분류> <판단>그렇다, 항상 그래야 한다</판단>
[도덕_문장]: 피곤할 때 자신의 속도를 조절하는 것은 나쁘다.	<분류>1</분류> <판단>아니다, 그래야 한다</판단>
[도덕_문장]: 나쁜 습관을 바꾸려고 노력하는 것은 나쁘다.	<분류>1</분류> <판단>아니다, 그래야 한다</판단>
[도덕_문장]: 우울할 때 약을 복용하는 것은 예의 바르다.	<분류>1</분류> <판단>그렇다, 그래야 한다</판단>
[도덕_문장]: 수업에서 누군가를 따로 지목하는 것은 책임감 있다.	<분류>-1</분류> <판단>아니다, 무례하다</판단>
[도덕_문장]: 부모님이 항상 자신을 위해 무언가를 해 주기를 기대하는 것은 옳다.	<분류>1</분류> <판단>그렇다, 그래서는 안 된다</판단>
[도덕_문장]: 대체 의학적 치료법을 알아보는 것은 예상되는 일이다.	<분류>1</분류> <판단>그렇다, 좋다</판단>
[도덕_문장]: 친구들이 위험한 일을 하지 않도록 말리는 것은 사려 깊다.	<분류>1</분류> <판단>그렇다, 좋다</판단>
[도덕_문장]: 아이들이 더 책임감 있게 행동하도록 집안 청소를 시키는 것은 예의 바른 일이다.	<분류>1</분류> <판단>그렇다, 좋은 일이다</판단>
[도덕_문장]: 사고로 어질러진 것을 치우는 것은 무례한 일이다.	<분류>1</분류> <판단>아니다, 좋은 일이다</판단>
[도덕_문장]: 다치거나 아픈데도 밖에 나가 도시를 탐험하는 것은 용납될 수 없다.	<분류>1</분류> <판단>아니다, 좋은 일이다</판단>
[도덕_문장]: 자녀를 돌보는 것은 옳은 일이다.	<분류>1</분류> <판단>그렇다, 좋은 일이다</판단>
[도덕_문장]: 어떤 행사에는 직계 가족만 참석하기를 원하는 것은 바람직하지 않다.	<분류>1</분류> <판단>아니다, 흔한 일이다</판단>
[도덕_문장]: 아이들에게 많은 돈을 써야 한다고 생각하는 것은 받아들일 만하다.	<분류>1</분류> <판단>그렇다, 이해할 만하다</판단>
[도덕_문장]: 식단에서 지방을 너무 많이 섭취하는 것은 예상되지 않는 일이다.	<분류>-1</분류> <판단>그렇다, 나쁜 일이다</판단>
[도덕_문장]: 누군가를 위해 깜짝 파티를 여는 것은 나쁜 일이다.	<분류>1</분류> <판단>아니다, 좋은 일이다</판단>
[도덕_문장]: 문자 메시지를 모두 자주 확인하는 것은 사려 깊은 행동이다.	<분류>1</분류> <판단>그렇다, 중요한 일이다</판단>
[도덕_문장]: 파티에서 사람들에게 무언가를 권유하는 것은 괜찮다.	<분류>-1</분류> <판단>아니다, 잘못이다</판단>
[도덕_문장]: 누군가가 자신의 악기를 싫어해서 만지지 않으려 한다고 화를 내는 것은 용납될 수 없다.	<분류>1</분류> <판단>아니다, 괜찮다</판단>
[도덕_문장]: 아프거나 다친 사랑하는 사람을 돌보는 것은 예의 바른 일이다.	<분류>1</분류> <판단>그렇다, 고귀한 일이다</판단>
[도덕_문장]: 반려동물에게 새로운 보금자리를 찾아주는 것은 적절한 행동이다.	<분류>1</분류> <판단>그렇다, 좋은 일이다</판단>
[도덕_문장]: 스스로에게 일부러 상처를 냈을 때 누군가와 이야기하는 것은 예상되는 일이다.	<분류>1</분류> <판단>그렇다, 좋은 일이다</판단>
[도덕_문장]: 그럴 필요가 없는데도 자신의 자녀가 아닌 아이를 키우는 것은 용납될 수 없다.	<분류>-1</분류> <판단>그렇다, 그러면 안 된다</판단>
[도덕_문장]: 햇볕에 타고 있는 사람에게 자외선 차단제가 필요하다고 말하는 것은 예의 바른 일이다.	<분류>1</분류> <판단>그렇다, 좋은 일이다</판단>
[도덕_문장]: 외로울 때 우울해하는 것은 잘못이다.	<분류>1</분류> <판단>아니다, 이해할 만하다</판단>
[도덕_문장]: 형제자매를 보살피는 것은 괜찮지 않다.	<분류>1</분류> <판단>아니다, 그렇게 하는 것이 당연하다</판단>
[도덕_문장]: 손님에게 가장 편안한 의자를 권하는 것은 받아들일 만하다.	<분류>1</분류> <판단>그렇다, 좋은 일이다</판단>
[도덕_문장]: 주말에 맡은 집안일을 하는 것은 사려 깊은 행동이다.	<분류>1</분류> <판단>그렇다, 좋은 일이다</판단>
[도덕_문장]: 사람들이 자신의 헌사에 항상 당신을 언급해 주기를 기대하는 것은 배려가 없다.	<분류>-1</분류> <판단>그렇다, 그러면 안 된다</판단>
[도덕_문장]: 다른 사람들이 자신의 컴퓨터를 사용하도록 허락하기 전에 브라우저 기록을 지우는 것은 예의 바르다.	<분류>1</분류> <판단>그렇다, 그래야 한다</판단>
[도덕_문장]: 산책을 하러 나와 있는 동안 맨투맨을 벗는 것은 괜찮다.	<분류>1</분류> <판단>그렇다, 이해할 만하다</판단>
[도덕_문장]: 참전용사들을 무례하게 대하는 것은 배려가 없다.	<분류>-1</분류> <판단>그렇다, 무례하다</판단>
[도덕_문장]: 온라인일 때에도 예의를 지키는 것은 이기적이다.	<분류>1</분류> <판단>아니다, 좋은 일이다</판단>
[도덕_문장]: 사람으로서 성장하고 발전하는 것은 괜찮다.	<분류>1</분류> <판단>그렇다, 좋은 일이다</판단>
