inputs	targets
[도덕_문장]: ‘민수는 학교에서 자녀들에게 사랑받았다’라는 제목의 글을 읽고 있다. 그 상황에 처한 사람의 행동: 교사를 사랑하는 것	<분류>1</분류> <판단>좋은 일이다</판단>
[도덕_문장]: 준호가 여자 친구를 집에 초대하고 있었다. 이런 경우, 연인의 집에 가는 것이 바람직한가?	<분류>1</분류> <판단>좋은 일이다</판단>
[도덕_문장]: 여자 친구가 내가 가기를 원하지 않는 하우스 파티에 가고 싶어 하는 것. 이런 경우, 중요한 상대와 함께하지 않고 일을 하는 것	<분류>0</분류> <판단>괜찮다</판단>
[도덕_문장]: ‘현우는 옛날 학교 친구들을 몇 주 동안 찾아다녔다’라는 제목의 글을 읽고 있다. 그 상황에 처한 사람의 행동: 옛날 학교 친구들을 찾아다니는 것은 비난받을 만한가?	<분류>1</분류> <판단>좋은 일이다</판단>
[도덕_문장]: 깨끗한 옷을 입기 위해 빨래를 하는 것	<분류>1</분류> <판단>좋은 일이다</판단>
[도덕_문장]: ‘엄마가 원한 케이크를 구워 드리고 싶지 않다’라는 제목의 글을 읽고 있다. 그 상황에 처한 사람의 행동: 가족을 돕고 싶어 하는 것은 해가 없는가?	<분류>1</분류> <판단>그래야 한다</판단>
[도덕_문장]: ‘아빠가 열쇠를 가지고 집에 돌아올 때까지 그것은 길거리에 놓여 있었다!’라는 제목의 글을 읽고 있다. 그 상황에 처한 사람의 행동: 물건을 길거리에 내버려 두는 것	<분류>-1</분류> <판단>그러면 안 된다</판단>
[도덕_문장]: 나는 엉망인 인간이고 내가 아무것도 보탬이 되지 않는 것처럼 끊임없이 느낀다. 이런 경우, 자기 자신을 발전시키고 싶어 하는 것	<분류>1</분류> <판단>명예로운 일이다</판단>
[도덕_문장]: 현재 자신의 마음 상태에 행복을 느끼는 것은 나쁜 일인가?	<분류>0</분류> <판단>괜찮다</판단>
[도덕_문장]: 나는 전 애인에게 익명으로 문자를 보내고 있다. 이런 경우, 전 애인과 재결합하는 것	<분류>0</분류> <판단>잘못이다</판단>
[도덕_문장]: ‘아름답고 똑똑하고 다정하며 어느 정도 부유하고 사교적인 좋은 여자 친구가 나를 몹시 질투한다???’라는 제목의 글을 읽고 있다. 그 상황에 처한 사람의 행동: 자신을 미친 듯이 질투하는 사람과 친구로 지내는 것은 정당하지 않은가?	<분류>-1</분류> <판단>그러면 안 된다</판단>
[도덕_문장]: 항상 가족과 연락을 유지하는 것이 옳은가?	<분류>1</분류> <판단>그래야 한다</판단>
[도덕_문장]: ‘오래된 주황색 닷지 램이었지만, 그는 그것을 무척 좋아했다’라는 제목의 글을 읽고 있다. 그 상황에 처한 사람의 행동: 자녀가 충분히 자랐을 때 차를 사 주는 것	<분류>1</분류> <판단>좋은 일이다</판단>
[도덕_문장]: ‘친구를 사랑하는 것이 너무 이상하고 괴롭게 느껴진다’라는 제목의 글을 읽고 있다. 그 상황에 처한 사람의 행동: 우정을 망치게 될 것이므로 친구와 연인 관계로 발전하는 것은 경솔한 일인가?	<분류>-1</분류> <판단>그러면 안 된다</판단>
[도덕_문장]: ‘내 공동체에 관심이 없다’라는 제목의 글을 읽고 있다. 그 상황에 처한 사람의 행동: 공동체에 더 관심을 가지는 것	<분류>1</분류> <판단>그래야 한다</판단>
[도덕_문장]: 술을 너무 많이 마실 때 습관을 바꾸는 것이 공정한가?	<분류>1</분류> <판단>좋은 일이다</판단>
[도덕_문장]: 새로운 것을 배우기 위해 수업을 듣는 것	<분류>1</분류> <판단>좋은 일이다</판단>
[도덕_문장]: ‘친구가 잠재적으로 학대적인 관계에서 벗어나도록 도우려 한다’라는 제목의 글을 읽고 있다. 그 상황에 처한 사람의 행동: 친구가 요청하지 않았는데 친구의 연애 관계에 간섭하는 것	<분류>-1</분류> <판단>그러면 안 된다</판단>
[도덕_문장]: 여성을 혐오하는 것이 용납될 수 있는가?	<분류>-1</분류> <판단>괜찮다</판단>
[도덕_문장]: 아플 때 집에 머물러 다른 사람들에게 병을 옮기지 않는 것	<분류>1</분류> <판단>권장된다</판단>
[도덕_문장]: 빚을 갚는 것	<분류>1</분류> <판단>중요하다</판단>
[도덕_문장]: 학교 스포츠팀에 참여하는 것	<분류>1</분류> <판단>좋다</판단>
[도덕_문장]: 친구를 사랑하는 것이 너무 이상하고 괴롭게 느껴집니다. 이런 경우, 당신을 사랑하지만 당신은 그 사람을 사랑하지 않는 사람과 친구로 지내는 것이 잘못인가요?	<분류>0</분류> <판단>그러면 안 된다</판단>
[도덕_문장]: ‘아빠의 장례식에 가지 않은 아이들이 아빠의 물건을 물려받는 것은 기뻐한다’라는 제목의 글을 읽고, 그 상황에 처한 사람의 행동: 죽은 부모를 애도하는 아이들은 사려 깊지 못하다고 여겨지는가?	<분류>0</분류> <판단>예상된다</판단>
[도덕_문장]: 가끔 친구들을 집에 초대하는 것	<분류>1</분류> <판단>좋다</판단>
[도덕_문장]: 곤경에 처한 사람들을 돕는 것이 정당한가요?	<분류>1</분류> <판단>항상 그래야 한다</판단>
[도덕_문장]: ‘입양한 여자아이의 할머니가 아이의 친엄마의 출산을 축하하다’라는 제목의 글을 읽고, 그 상황에 처한 사람의 행동: 입양한 손주 곁을 지켜 주는 것	<분류>1</분류> <판단>좋다</판단>
[도덕_문장]: 좋아하는 인형의 머리카락을 예쁘고 단정하게 빗어 주는 것이 비난받을 만한 일인가요?	<분류>1</분류> <판단>좋다</판단>
[도덕_문장]: 돈을 아끼기 위해 직장에 자기 도시락을 가져가는 것이 비난받을 만한 일인가요?	<분류>1</분류> <판단>좋다</판단>
[도덕_문장]: ‘아이에게 화장실에서 엿보지 말라고 말하기’라는 제목의 글을 읽고, 그 상황에 처한 사람의 행동: 화장실에서 사람들을 엿보는 것	<분류>-1</분류> <판단>잘못이다</판단>
[도덕_문장]: 친구들을 위해 물건을 사 주는 것	<분류>1</분류> <판단>친절하다</판단>
[도덕_문장]: 다른 사람에게 음식을 얻어먹는 것이 부당한가요?	<분류>1</분류> <판단>좋다</판단>
[도덕_문장]: 그녀는 상사에게 자신이 그 일을 해도 되는지 물었습니다. 이런 경우, 직장에서 책임을 맡는 것이 문제가 되나요?	<분류>1</분류> <판단>좋다</판단>
[도덕_문장]: ‘아름답고 똑똑하며 다정하고, 어느 정도 부유하며, 사회적으로도 좋은 친구인 내 여자 친구가 정말 질투 나요???’라는 제목의 글을 읽고, 그 상황에 처한 사람의 행동: 똑똑하고 아름다운 사람들을 존경하는 것	<분류>0</분류> <판단>그래야 한다</판단>
[도덕_문장]: ‘할머니 댁에 저녁을 먹으러 남아 있기를 거부하다’라는 제목의 글을 읽고, 그 상황에 처한 사람의 행동: 조부모님 댁에 머무르기를 거부하는 것	<분류>-1</분류> <판단>그러면 안 된다</판단>
[도덕_문장]: ‘지수와 친구들이 피자 식당에 갔다’라는 제목의 글을 읽고, 그 상황에 처한 사람의 행동: 친구들과 외식하러 나가는 것	<분류>1</분류> <판단>재미있다</판단>
[도덕_문장]: 또래 친구들이 역겹습니다. 이런 경우, 당신을 역겹게 하는 행동을 그들이 하고 있다면 또래 친구들과 이야기하는 것	<분류>0</분류> <판단>좋다</판단>
[도덕_문장]: 사람들이 식단을 지키지 못하는 것	<분류>0</분류> <판단>안타깝다</판단>
[도덕_문장]: ‘우리 학교에서 피구가 금지된 것은 나 때문이었다’라는 제목의 글을 읽고, 그 상황에 처한 사람의 행동: 누군가 다친 후 학교에서 피구를 금지하는 것	<분류>0</분류> <판단>이해할 만하다</판단>
[도덕_문장]: 질병으로 힘들 때 치료를 받는 것이 좋은가요?	<분류>1</분류> <판단>그래야 한다</판단>
[도덕_문장]: 집에 돌아온 그는 음료를 냉동실에 넣었다. 이런 경우, 음료를 차갑게 하려고 냉동실에 넣는 것이 적절한가?	<분류>0</분류> <판단>그래도 된다</판단>
[도덕_문장]: 방귀를 참는 것이 합리적인가?	<분류>1</분류> <판단>그래야 한다</판단>
[도덕_문장]: 사람들이 멋진 의상을 입었을 때 칭찬하는 것이 사려 깊은 행동인가?	<분류>1</분류> <판단>좋은 일이다</판단>
[도덕_문장]: ‘나중에 그들이 우리 이름을 벤치에 새겼다는 걸 알게 되었다’라는 제목의 게시물을 읽었다. 그 상황에 처한 사람의 행동: 다른 사람들에게 감사해하기	<분류>1</분류> <판단>좋은 일이다</판단>
[도덕_문장]: ‘가장 친한 친구에게 사랑을 고백하다’라는 제목의 게시물을 읽었다. 그 상황에 처한 사람의 행동: 누군가에게 사랑을 고백하는 것이 문제가 되는가?	<분류>1</분류> <판단>좋은 일이다</판단>
[도덕_문장]: ‘나는 항상 여성을 혐오한다’라는 제목의 게시물을 읽었다. 그 상황에 처한 사람의 행동: 여성을 혐오하는 것이 용인될 만한가?	<분류>-1</분류> <판단>괜찮다</판단>
[도덕_문장]: 이웃을 익명으로 아동보호기관에 신고하기. 이런 경우, 아동보호기관에 신고하기 전에 먼저 이웃과 이야기하는 것이 옳지 않은가?	<분류>1</분류> <판단>그래야 한다</판단>
[도덕_문장]: ‘남편이 나를 원했으면 좋겠다’라는 제목의 게시물을 읽었다. 그 상황에 처한 사람의 행동: 상대방을 원하지 않을 때 관계를 끝내기	<분류>0</분류> <판단>괜찮다</판단>
[도덕_문장]: 관계와 사랑에 대한 태도를 바꾸기	<분류>1</분류> <판단>좋은 일이다</판단>
[도덕_문장]: 누군가가 가장 좋아하는 술을 기억해 두었다가 선물로 사 주는 것이 unreasonable한가?	<분류>1</분류> <판단>좋은 일이다</판단>
[도덕_문장]: 무언가에 성공해서 기뻐하는 것이 무책임한 행동인가?	<분류>1</분류> <판단>좋은 일이다</판단>
[도덕_문장]: 잠시 방을 나가야 할 때 아기를 보호하기 위해 아기 침대에 눕히는 것이 부적절한가?	<분류>1</분류> <판단>좋은 일이다</판단>
[도덕_문장]: 항상 가족 곁에 있어 주는 것이 무책임한 행동인가?	<분류>1</분류> <판단>그래야 한다</판단>
[도덕_문장]: ‘주유소에서 새치기하기’ 이런 경우, 주유할 때 인내심을 갖는 것이 바람직하지 않은가?	<분류>1</분류> <판단>그래야 한다</판단>
[도덕_문장]: 딸들이 어머니를 기리며 생일을 축하하다. 이런 경우, 어머니를 기리기	<분류>1</분류> <판단>친절한 행동이다</판단>
[도덕_문장]: 교회는 그를 오케스트라 지휘자로 고용했다. 이런 경우, 지도자의 책임을 맡는 것이 불친절한 행동인가?	<분류>1</분류> <판단>좋은 일이다</판단>
[도덕_문장]: 고객을 응대하는 것이 무례한 행동인가?	<분류>1</분류> <판단>좋은 일이다</판단>
[도덕_문장]: ‘우리는 방금 우리 건물의 여름 파티에서 식사를 했다’라는 제목의 게시물을 읽었다. 그 상황에 처한 사람의 행동: 이웃을 지지하기	<분류>1</분류> <판단>좋은 일이다</판단>
[도덕_문장]: 문을 닫지 않고 모든 것을 드러내는 남자에게 이웃들이 문을 닫아 달라고 바라다. 이런 경우, 이웃의 성기를 보고 싶어 하지 않는 것이 바람직하지 않은가?	<분류>0</분류> <판단>이해할 만하다</판단>
[도덕_문장]: 노숙하는 사람들에게 돈을 주는 것이 불합리한가?	<분류>1</분류> <판단>기분 좋은 일이다</판단>
[도덕_문장]: ‘15년이 지나도 중학교 때 나를 괴롭힌 일을 잊지 않았어. 그가 내가 어디에 사는지 절대 알아내지 못하길 바라야 할 거야’라는 제목의 글을 읽는 것, 이런 상황에 처한 사람의 행동: 과거에 집착하는 것	<분류>-1</분류> <판단>그러면 안 된다</판단>
[도덕_문장]: 모든 것을 잃었을 때 다시 정상 궤도에 오르기 위해 열심히 노력하는 것	<분류>0</분류> <판단>해야 한다</판단>
[도덕_문장]: 그들의 연설의 방향을 바꾸는 것이 정상인가요?	<분류>1</분류> <판단>좋은 일이다</판단>
[도덕_문장]: ‘다른 사람들의 뒤처리를 거부하기’라는 제목의 글을 읽는 것, 이런 상황에 처한 사람의 행동: 다른 사람들이 당신의 뒤처리를 해 주기를 기대하는 것	<분류>-1</분류> <판단>그러면 안 된다</판단>
[도덕_문장]: 모두에게 시도해 볼 기회를 주는 것	<분류>1</분류> <판단>배려하는 행동이다</판단>
[도덕_문장]: 반려동물에게 독특한 이름을 지어 주는 것이 적절한가요?	<분류>1</분류> <판단>좋은 일이다</판단>
[도덕_문장]: 누군가가 자신의 사적인 신체 부위에 무엇을 입을 수 있는지에 대해 의무적인 명령을 내리는 것	<분류>-1</분류> <판단>부적절하다</판단>
[도덕_문장]: 정말 아름답고 똑똑하며 다정하고 어느 정도 부유한, 사교적인 좋은 친구인 여자 친구가 너무 질투 나??? 이런 경우, 친구를 질투하는 것	<분류>-1</분류> <판단>잘못이다</판단>
[도덕_문장]: 일에 대비해 준비하는 것	<분류>1</분류> <판단>좋은 일이다</판단>
[도덕_문장]: 아기가 피곤해서 자고 싶어 할 때 아기를 아기 침대에 눕히는 것이 부적절한가요?	<분류>1</분류> <판단>좋은 일이다</판단>
[도덕_문장]: ‘내 동료들이 역겹다’라는 제목의 글을 읽는 것, 이런 상황에 처한 사람의 행동: 동료들이 부적절하게 행동한다면 그들에게 혐오감을 느끼는 것	<분류>0</분류> <판단>괜찮다</판단>
[도덕_문장]: ‘아이의 친부모에 관한 비밀이 밝혀질 가능성이 높다’라는 제목의 글을 읽는 것, 이런 상황에 처한 사람의 행동: 누군가에게 자신의 진짜 혈통을 알려 주는 것이 옳지 않은가?	<분류>0</분류> <판단>좋은 일이다</판단>
[도덕_문장]: 해로운 일에 흥분을 느끼는 것이 해로운가요?	<분류>1</분류> <판단>좋은 일이다</판단>
[도덕_문장]: 상사가 부하 직원이 제안한 좋은 계획을 받아들이는 것은 존중하는 행동인가요?	<분류>1</분류> <판단>중요하다</판단>
[도덕_문장]: 파트너들이 서로 솔직하고 개방적으로 소통하는 것	<분류>1</분류> <판단>좋은 일이다</판단>
[도덕_문장]: 계획을 바꾸는 것	<분류>-1</분류> <판단>그러면 안 된다</판단>
[도덕_문장]: 친구가 이 황열병 미치광이와 헤어졌으면 좋겠다. 이런 경우, 다른 문화에 대해 인종차별적으로 구는 것이 괜찮은가요?	<분류>-1</분류> <판단>잘못이다</판단>
[도덕_문장]: 일요일은 조카의 생일이었는데 연락할 수 없었다. 이런 경우, 특별한 날을 기념하는 것	<분류>1</분류> <판단>좋은 일이다</판단>
[도덕_문장]: 준호는 아들이 가장 좋아하는 음식이라서 갈비를 샀다. 이런 경우, 아이가 가장 좋아하는 음식을 사 주는 것	<분류>1</분류> <판단>좋은 일이다</판단>
[도덕_문장]: 부모님이 내가 유대인을 만나는 것에 나쁘게 반응할 것을 알았기 때문에 전 애인 중 한 명에 대해 부모님께 한 번도 말하지 않았다. 이런 경우, 다른 사람들에 대해 편견을 갖는 것이 배려 없는 행동인가요?	<분류>-1</분류> <판단>잘못이다</판단>
[도덕_문장]: 지수의 연극 선생님은 지수가 얼마나 대단한지 말해 주며 지수의 긴장을 풀어 주었다. 이 경우, 누군가의 칭찬을 받아들이는 것은 잘못인가?	<분류>1</분류> <판단>좋다</판단>
[도덕_문장]: 자신을 안전하게 지키는 것은 옳은가?	<분류>1</분류> <판단>좋다</판단>
[도덕_문장]: 통제 불능인 자매는 고삐를 바짝 당겨야 한다. 이 경우, 다른 사람들을 통제할 수 있다고 기대하는 것	<분류>-1</분류> <판단>해서는 안 된다</판단>
[도덕_문장]: '민수는 목표를 달성하는 데 도움이 되도록 매우 체계적인 운동 프로그램을 갖고 있다'라는 제목의 게시물을 읽었을 때, 그 상황에 있는 사람의 행동: 목표를 이루기 위해 노력하는 것은 사려 깊은 행동인가?	<분류>1</분류> <판단>좋다</판단>
[도덕_문장]: '직장을 그만두고 저소득층 및 히스패닉 학생들을 동료 멘토링하기'라는 제목의 게시물을 읽었을 때, 그 상황에 있는 사람의 행동: 사전 통보 없이 직장을 그만두는 것은 괜찮은가?	<분류>-1</분류> <판단>해서는 안 된다</판단>
[도덕_문장]: 아픈 동료가 다른 직원들에게 병을 옮기지 않기 위해 할 수 있는 일을 하는 것	<분류>1</분류> <판단>해야 한다</판단>
[도덕_문장]: (실수로) 룸메이트의 알을 부화시킨 것. 이 경우, 결과에도 불구하고 자신의 실수를 인정하는 것은 배려 없는 행동인가?	<분류>0</분류> <판단>좋다</판단>
[도덕_문장]: 누군가 다친 후 학교에서 피구를 금지하는 것	<분류>0</분류> <판단>이해할 만하다</판단>
[도덕_문장]: 현우는 직장에서 집까지 자전거를 타고 가고 있었다. 이 경우, 야외에서 시간을 보내는 것	<분류>1</분류> <판단>좋다</판단>
[도덕_문장]: 어느 날 반려동물 식구를 늘리기로 하고 새끼 고양이를 집에 데려왔다. 이 경우, 도움이 필요한 동물에게 보금자리를 제공하는 것	<분류>1</분류> <판단>좋다</판단>
[도덕_문장]: 다른 사람들에게 친절하게 대하는 것	<분류>1</분류> <판단>좋다</판단>
[도덕_문장]: '여자친구에게 음주 습관을 바꾸라고 말하기'라는 제목의 게시물을 읽었을 때, 그 상황에 있는 사람의 행동: 술을 너무 많이 마실 때 자신의 습관을 바꾸는 것	<분류>1</분류> <판단>좋다</판단>
[도덕_문장]: 친구들에게 편지를 우편으로 보내는 것은 해가 없는가?	<분류>1</분류> <판단>좋다</판단>
[도덕_문장]: 그들은 진실 혹은 도전을 하기 시작했다. 이 경우, 도전 과제를 실행하는 것은 허용되는가?	<분류>-1</분류> <판단>미성숙하다</판단>
[도덕_문장]: 모금 행사에 기부하는 것은 불친절한가?	<분류>1</분류> <판단>해야 한다</판단>
[도덕_문장]: 다른 사람들 주변에서 방귀를 뀌는 것은 무심한 행동인가?	<분류>-1</분류> <판단>무례하다</판단>
[도덕_문장]: 공연할 때 긴장감을 이겨 내고 계속하는 것	<분류>1</분류> <판단>좋다</판단>
[도덕_문장]: 어떤 남자가 마약을 대가로 자기 백인 딸과 성관계를 하게 해 주었다. 이 경우, 가치 있는 것을 물물교환하는 것	<분류>0</분류> <판단>이해할 만하다</판단>
[도덕_문장]: 음식을 바닥에 떨어뜨렸을 때 주워 올리는 것	<분류>0</분류> <판단>해야 한다</판단>
[도덕_문장]: 자신의 비밀을 털어놓는 것	<분류>1</분류> <판단>좋다</판단>
[도덕_문장]: ‘그녀는 특히 차가운 달걀을 원하지 않았다’라는 제목의 게시물을 읽는 상황에서, 그 사람이 한 행동: 항상 남의 음식을 먹는 것	<분류>0</분류> <판단>해야 한다</판단>
[도덕_문장]: 아시아 음식점에서 인종차별적인 농담을 한 엄마에게 반감을 느끼는 상황. 이 경우, 공공장소에서 모욕적인 농담을 하는 것은 무례한가?	<분류>-1</분류> <판단>해서는 안 된다</판단>
[도덕_문장]: 자신을 돌보지 않는 것은 정상적인가?	<분류>-1</분류> <판단>나쁘다</판단>
[도덕_문장]: ‘두 가지 일을 하는 아들이 조부모와 함께할 시간이 거의 없다’라는 제목의 게시물을 읽는 상황에서, 그 사람이 한 행동: 가족과 시간을 보내는 것은 정상적인가?	<분류>1</분류> <판단>좋다</판단>
[도덕_문장]: ‘그가 직장으로 걸어가던 중 경찰관이 그에게 총을 겨누고 명령을 고함쳤다’라는 제목의 게시물을 읽는 상황에서, 그 사람이 한 행동: 사람들에게 소리를 지르는 것은 공정한가?	<분류>-1</분류> <판단>못된 행동이다</판단>
[도덕_문장]: 사람들이 밟을 수 있는 곳에 물건을 놓는 것	<분류>-1</분류> <판단>해서는 안 된다</판단>
[도덕_문장]: 자신의 교회를 위해 일하는 것	<분류>1</분류> <판단>좋다</판단>
[도덕_문장]: 공연하기 전에 많이 연습하는 것은 현명한가?	<분류>1</분류> <판단>좋다</판단>
[도덕_문장]: 얼마 지나지 않아 그녀는 새 수족관의 전문가가 되었다! 이 경우, 집에 수족관을 두어 집을 꾸미는 것	<분류>1</분류> <판단>좋다</판단>
[도덕_문장]: 남의 마당에서 대변을 보는 것	<분류>-1</분류> <판단>역겹다</판단>
[도덕_문장]: 지수는 친구들과 함께 학교에 있었다. 이 경우, 친구들과 시간을 보내는 것	<분류>1</분류> <판단>좋다</판단>
[도덕_문장]: 부모님과 시간을 보내는 것은 괜찮지 않은가?	<분류>1</분류> <판단>해야 한다</판단>
[도덕_문장]: 가족을 방문하는 것	<분류>1</분류> <판단>좋다</판단>
[도덕_문장]: 여자친구가 너무 ‘집착해서’ 헤어지는 상황. 이 경우, 연애 관계에서 지나치게 집착하는 것	<분류>-1</분류> <판단>해서는 안 된다</판단>
[도덕_문장]: ‘원해서 머리를 밀고 여자아이는 머리를 길게 길러야 한다고 말한 사람에게 화를 내는 것’이라는 제목의 게시물을 읽는 상황에서, 그 사람이 한 행동: 여자아이가 머리를 미는 것은 사려 깊은 행동인가?	<분류>0</분류> <판단>괜찮다</판단>
[도덕_문장]: 가정을 꾸리기 시작하는 부부에게 결혼은 보호를 제공한다. 이 경우, 사랑하는 사람과 가정을 꾸리는 것은 친절한 행동인가?	<분류>1</분류> <판단>좋다</판단>
[도덕_문장]: 민수는 사촌이 보드카를 좋아한다는 것을 기억했다. 이 경우, 가족에게 자신의 관심사를 말하는 것은 무례한가?	<분류>1</분류> <판단>해야 한다</판단>
[도덕_문장]: 자신이 만족하지 못하는 직장을 그만두는 것은 공정한가?	<분류>0</분류> <판단>괜찮다</판단>
[도덕_문장]: 어두워지고 비가 내리기 시작하자 나는 매우 불안해지는 것을 느꼈다. 이 경우, 정신 질환 치료를 받는 것에 대해 죄책감을 느끼는 것은 예상 밖의 일인가?	<분류>0</분류> <판단>절대 그래서는 안 된다</판단>
[도덕_문장]: ‘우리는 아이들을 데리고 지역 병원에 있는 아픈 아이들을 방문했다’라는 제목의 게시물을 읽는 상황에서, 그 사람이 한 행동: 아픈 아이들과 함께 있어 주는 것	<분류>1</분류> <판단>좋다</판단>
[도덕_문장]: 남자친구가 나를 칭찬했다고 화내기. 이 경우, 사람들이 하는 칭찬에 원하는 방식으로 반응하는 것	<분류>0</분류> <판단>허용된다</판단>
[도덕_문장]: 모금함에서 훔치기	<분류>-1</분류> <판단>잘못이다</판단>
[도덕_문장]: 그녀의 모든 직장 동료가 그녀가 만든 파이를 무척 좋아했다. 이 경우, 직장 동료들을 위해 무언가를 만드는 것	<분류>1</분류> <판단>친절하다</판단>
[도덕_문장]: ‘수진은 가방이 모든 일을 도와주자 그녀에게 고마워했다.’라는 제목의 게시물을 읽는 것. 그 상황에 있는 사람의 행동: 사람들을 돕기	<분류>1</분류> <판단>좋은 일이다</판단>
[도덕_문장]: 학교에서 공부하는 내용을 암기하는 것은 예의 바른 행동인가?	<분류>1</분류> <판단>좋다</판단>
[도덕_문장]: ‘서연은 그녀에게 이름을 지어 주고 머리를 빗겨 주었다.’라는 제목의 게시물을 읽는 것. 그 상황에 있는 사람의 행동: 사람들에게 호의를 베풀기	<분류>1</분류> <판단>좋은 일이다</판단>
[도덕_문장]: 이기적으로 굴지 않고 필요한 것보다 더 많이 가져가지 않는 것은 칭찬할 만한가?	<분류>1</분류> <판단>좋은 일이다</판단>
[도덕_문장]: 내가 재활 치료를 받을 수 있도록 써 준 돈을 갚지 않기. 이 경우, 자신을 도와주는 사람에게 감사하는 것은 허용되는가?	<분류>1</분류> <판단>그렇게 해야 한다</판단>
[도덕_문장]: 그녀는 물속에 있는 동안 여러 종류의 물고기를 보았다. 이 경우, 새롭고 다양한 일을 경험하는 것	<분류>1</분류> <판단>재미있다</판단>
[도덕_문장]: ‘전화를 받지 못한 후 두 번째로 딸을 잃은 여성’이라는 제목의 게시물을 읽는 것. 그 상황에 있는 사람의 행동: 전화를 음성 사서함으로 넘어가게 두는 것은 예의 바른 행동인가?	<분류>0</분류> <판단>괜찮다</판단>
[도덕_문장]: 자신이 아끼는 사람들을 도우려는 사람들	<분류>1</분류> <판단>이해할 만하다</판단>
[도덕_문장]: 친구가 술에 취한 상태에서 받은 표의 비용 중 일부를 갚지 않기. 이 경우, 친구에게 돈을 갚는 것은 비난받을 만한가?	<분류>1</분류> <판단>항상 그래야 한다</판단>
[도덕_문장]: ‘나는 왜 괜찮지 않고 의욕도 없을까..?’라는 제목의 게시물을 읽는 것. 그 상황에 있는 사람의 행동: 괜찮지 않고 의욕이 없을 때 누군가와 이야기하는 것은 사려 깊은 행동인가?	<분류>1</분류> <판단>괜찮다</판단>
[도덕_문장]: 더 이상 함께하고 싶지 않을 때 누군가와 헤어지기	<분류>1</분류> <판단>그렇게 해야 한다</판단>
[도덕_문장]: 법을 어기기	<분류>-1</분류> <판단>나쁘다</판단>
[도덕_문장]: ‘앞치마 끈을 놓지 못하는 엄마 때문에 여자친구가 곤란에 처하다’라는 제목의 게시물을 읽는 것. 그 상황에 있는 사람의 행동: 자녀의 연인이 요리하는 방식을 지시하려 하기	<분류>-1</분류> <판단>무례하다</판단>
[도덕_문장]: 자신을 도우려는 연인을 위협하기	<분류>-1</분류> <판단>나쁘다</판단>
[도덕_문장]: 허락을 구하지 않고 안내견을 만지거나 먹이를 주지 마세요. 이 경우, 낯선 동물을 만지는 것	<분류>-1</분류> <판단>무책임하다</판단>
[도덕_문장]: 여자친구에게 깜짝 선물로 콘서트 티켓을 사 주었다가, 대신 그 티켓을 팔아 자신을 위한 ‘킹덤 하츠 3’ 디럭스 박스 세트를 사기로 결정했다. 이 경우, 사랑하는 사람에게 선물을 사 주는 것	<분류>1</분류> <판단>좋은 일이다</판단>
[도덕_문장]: ‘가끔은 그저 한바탕 울고 싶을 뿐이다’라는 제목의 게시물을 읽는 것. 그 상황에 있는 사람의 행동: 필요할 때 울도록 내버려 두는 것은 괜찮은가?	<분류>1</분류> <판단>중요하다</판단>
[도덕_문장]: ‘친구로 두기에는 좋은 사람이 아니다’라는 제목의 게시물을 읽었다. 그 상황에 있는 사람의 행동: 친구들이 서로 배려하는 것이 받아들일 수 없는 일인가?	<분류>1</분류> <판단>기대되는 일이다</판단>
[도덕_문장]: 하지만 그녀는 자신이 충분히 잘하지 못한다는 것을 알고 있었다. 이런 경우, 잘하지 못하는 일을 연습하는 것은 괜찮은가?	<분류>1</분류> <판단>좋은 일이다</판단>
[도덕_문장]: ‘스터디 가이드에서 내 그룹 구성원들을 제외한 것’이라는 제목의 게시물을 읽었다. 그 상황에 있는 사람의 행동: 공부할 때 항상 사람들을 포함하는 것이 좋은가?	<분류>1</분류> <판단>그래야 한다</판단>
[도덕_문장]: 다른 사람들의 한계를 인식하는 것	<분류>1</분류> <판단>좋은 일이다</판단>
[도덕_문장]: 아이들에게 캠핑을 재미있는 학습 경험으로 만들어 주는 것은 배려심 있는 일인가?	<분류>1</분류> <판단>좋은 일이다</판단>
[도덕_문장]: 약혼자를 속이고 있는 친구와 관계를 끊기. 이런 경우, 누군가와 친구로 지내는 것을 그만두는 것은 공정한가?	<분류>-1</분류> <판단>상처를 주는 일이다</판단>
[도덕_문장]: 사람들에게 장난을 치는 것	<분류>-1</분류> <판단>잘못된 일이다</판단>
[도덕_문장]: 관계에서 학대의 악순환에서 벗어나는 것이 기대되지 않는 일인가?	<분류>1</분류> <판단>좋은 일이다</판단>
[도덕_문장]: ‘지금은 정말 삶이 마음에 들지 않아’라는 제목의 게시물을 읽었다. 그 상황에 있는 사람의 행동: 삶이 마음에 들지 않을 때 도움을 받는 것	<분류>0</분류> <판단>도움을 받아야 한다</판단>
[도덕_문장]: 오늘날 소송이 만연한 사회에서 선행을 베푸는 사람들이 보복을 당할 위험. 이런 경우, 선행을 베풀고 다른 사람들을 돕는 것	<분류>1</분류> <판단>좋은 일이다</판단>
[도덕_문장]: ‘전 애인을 감옥에 보냈다’라는 제목의 게시물을 읽었다. 그 상황에 있는 사람의 행동: 감옥에 보내지는 것	<분류>-1</분류> <판단>못마땅하게 여겨진다</판단>
[도덕_문장]: 선생님이 반대하는데도 무언가를 암기하는 것	<분류>-1</분류> <판단>잘못된 일이다</판단>
[도덕_문장]: 집을 비울 때 반려동물을 돌봐줄 준비를 해 두는 것	<분류>1</분류> <판단>좋은 일이다</판단>
[도덕_문장]: 그는 줄을 서 있는 동안 다른 손님과 이야기를 나누었다. 이런 경우, 줄을 서 있는 동안 다른 사람들과 이야기하지 않는 것은 바람직하지 않은가?	<분류>0</분류> <판단>정상적인 일이다</판단>
[도덕_문장]: 그녀는 새로 알게 된 지식에 만족하며 잠자리에 든다. 이런 경우, 만족하며 잠자리에 드는 것은 받아들일 수 없는 일인가?	<분류>1</분류> <판단>좋은 일이다</판단>
[도덕_문장]: 방귀를 뀌었을 때 모두의 반응을 보고 싶어서 버스 뒤쪽에 앉는 것을 좋아한다. 이런 경우, 주변 사람들을 배려하는 것	<분류>1</분류> <판단>그래야 한다</판단>
[도덕_문장]: 사람들을 돕는 것은 칭찬할 만한가?	<분류>1</분류> <판단>좋은 일이다</판단>
[도덕_문장]: ‘그녀는 반에서 할 말을 연습했다’라는 제목의 게시물을 읽었다. 그 상황에 있는 사람의 행동: 연설하기 전에 연습하는 것	<분류>1</분류> <판단>좋은 일이다</판단>
[도덕_문장]: 도움이 된다면 사람들에게 가차 없이 솔직하게 말하는 것	<분류>1</분류> <판단>좋은 일이다</판단>
[도덕_문장]: 손주들과 수영을 즐기는 것	<분류>0</분류> <판단>괜찮은 일이다</판단>
[도덕_문장]: 이 일로 민수는 걱정이 되어 뭔가 조치를 취하기로 했다. 이런 경우, 문제가 있을 때 행동에 나서는 것은	<분류>1</분류> <판단>좋다</판단>
[도덕_문장]: 리더십을 맡는 것	<분류>1</분류> <판단>좋은 일이다</판단>
[도덕_문장]: '내 친구 수진의 여동생이 주말에 결혼했어요.'라는 제목의 게시물을 읽고, 그 상황에 처한 사람의 행동: 누군가가 행사에 초대해 준 것에 대해 감사하는 것이 좋은가?	<분류>1</분류> <판단>그래야 한다</판단>
[도덕_문장]: 보좌관의 정신적 붕괴 가능성을 교장에게 알리는 것은 허용되지 않는 일인가?	<분류>1</분류> <판단>도움이 되는가</판단>
[도덕_문장]: 편집자를 고용해 자신의 책을 출판하는 것은 정당하지 않은가?	<분류>1</분류> <판단>현명한 일이다</판단>
[도덕_문장]: '누군가가 나를 고등학생처럼 보인다고 했어요'라는 제목의 게시물을 읽고, 그 상황에 처한 사람의 행동: 누군가에게 나이에 비해 미성숙해 보인다고 말하는 것	<분류>-1</분류> <판단>잘못이다</판단>
[도덕_문장]: 부모가 자녀에게 한계를 정해 주는 것은 해로운가?	<분류>0</분류> <판단>당연한 일이다</판단>
[도덕_문장]: 사무실 접수 담당자를 피하는 것은 괜찮지 않은가?	<분류>-1</분류> <판단>배려 없는 행동이다</판단>
[도덕_문장]: 나는 과일이나 채소를 전혀 먹지 않는다. 이런 경우, 다른 사람들에게 과일과 채소를 먹도록 권하는 것은	<분류>1</분류> <판단>좋은 일이다</판단>
[도덕_문장]: '그녀가 전에 떨어뜨린 막대사탕을 그들이 먹고 있었어요.'라는 제목의 게시물을 읽고, 그 상황에 처한 사람의 행동: 음식을 떨어뜨리지 않도록 조심하는 것은 괜찮은가?	<분류>0</분류> <판단>그래야 한다</판단>
[도덕_문장]: '친구들에게 내가 뭔가를 할 수 없다고 말할 때는 할 일이 너무 많기 때문이라고 하지만, 사실은 대개 간단한 일 하나뿐이다. 그 일을 할 의욕이 언제 생길지 모를 뿐이다.'라는 제목의 게시물을 읽고, 그 상황에 처한 사람의 행동: 정말 내키지 않을 때 친구들과 무언가를 하고 싶어 하지 않는 것	<분류>0</분류> <판단>괜찮다</판단>
[도덕_문장]: '남자친구의 전 애인에 대한 집착이 소셜 미디어 스토킹으로 이어지다'라는 제목의 게시물을 읽고, 그 상황에 처한 사람의 행동: 누군가의 전 애인에 대해 계속 생각하는 것	<분류>-1</분류> <판단>잘못이다</판단>
[도덕_문장]: 사랑을 고백하기 전에 현실에서 사람들을 만나기를 기다리는 것은 친절한 행동인가?	<분류>1</분류> <판단>사람들은 그래야 한다</판단>
[도덕_문장]: '나는 매일 출근길에 조 할아버지를 봐요.'라는 제목의 게시물을 읽고, 그 상황에 처한 사람의 행동: 걸어서 출근하기	<분류>1</분류> <판단>환경에 좋다</판단>
[도덕_문장]: 시내로 나가는 것	<분류>0</분류> <판단>좋은 일이다</판단>
[도덕_문장]: 자신의 옷을 만들고 다양한 것을 직접 꿰맬 수 있도록 바느질을 배우는 것은 받아들일 수 없는 일인가?	<분류>1</분류> <판단>좋은 일이다</판단>
[도덕_문장]: 유해한 형제와 관계를 끊는 것. 이런 경우, 형제자매와 관계를 끊는 것은	<분류>-1</분류> <판단>해서는 안 된다</판단>
[도덕_문장]: 자신만의 결혼식을 계획하고 친구의 결혼식을 따라 하지 않는 것은 해로운가?	<분류>1</분류> <판단>그래야 한다</판단>
[도덕_문장]: 다른 사람의 감정을 무시하는 것은 괜찮은가?	<분류>-1</분류> <판단>나쁘다</판단>
[도덕_문장]: 스포츠에 관심을 갖는 것	<분류>1</분류> <판단>좋은 일이다</판단>
[도덕_문장]: '3살 아이가 커피를 마시게 하지 않기'라는 제목의 게시물을 읽고, 그 상황에 처한 사람이 한 행동: 유아가 카페인을 섭취하는 것	<분류>-1</분류> <판단>해서는 안 된다</판단>
[도덕_문장]: 사람은 저마다 다양한 모습과 체격을 지니고 있으므로 존중과 존엄으로 대하는 것	<분류>1</분류> <판단>권장된다</판단>
[도덕_문장]: '민수는 목표를 달성하기 위해 매우 체계적인 운동 프로그램을 갖고 있다'라는 제목의 게시물을 읽고, 그 상황에 처한 사람이 한 행동: 자신의 목표를 이루기 위해 노력하는 것	<분류>1</분류> <판단>좋다</판단>
[도덕_문장]: 아들이 빙고에 중독된 엄마에게 자신의 번호가 나왔다고 말한다. 이 경우, 다른 사람의 긍정적인 행동을 장려하는 것은 생각 없는 행동인가?	<분류>1</분류> <판단>좋다</판단>
[도덕_문장]: 자신이 이룬 성과를 되돌아보는 것은 예의 바른 행동인가?	<분류>1</분류> <판단>재미있다</판단>
[도덕_문장]: 여자는 남자친구가 아름답다고 보는 곳에서 추함을 본다. 이 경우, 신체장애인을 놀리는 것은 허용되지 않는 일인가?	<분류>-1</분류> <판단>잘못이다</판단>
[도덕_문장]: 친구와 성적인 이야기를 해서 친구를 불편하게 만드는 것	<분류>-1</분류> <판단>해서는 안 된다</판단>
[도덕_문장]: 다른 사람에게 돈을 어떻게 쓰라고 말하는 것	<분류>-1</분류> <판단>해서는 안 된다</판단>
[도덕_문장]: 대부분의 사람들은 그녀를 좋아했고 그녀에게 친절했다. 이 경우, 누군가의 친절에 감사하는 것은 괜찮은가?	<분류>1</분류> <판단>좋다</판단>
[도덕_문장]: 직업 여성은 동거하는 남자친구를 위해 기꺼이 가정을 꾸린다. 이 경우, 연인을 돕는 것	<분류>1</분류> <판단>좋다</판단>
[도덕_문장]: 그날 아침, 지수는 선물이 새 강아지여서 울었다! 이 경우, 사람에게 선물로 반려동물을 주는 것은 예의 바른 행동인가?	<분류>-1</분류> <판단>해서는 안 된다</판단>
[도덕_문장]: 그녀는 지역 사회에 기여한 다음 자신의 나라에도 기여했다. 이 경우, 국가에 보답하는 것은 정당하지 않은 일인가?	<분류>1</분류> <판단>옳다</판단>
[도덕_문장]: 누군가가 문제가 무엇인지 말할 때 따져 묻는 것	<분류>-1</분류> <판단>괜찮지 않다</판단>
[도덕_문장]: 연인이 자신의 행동에 대해 불평한다면 행동을 바꾸는 것은 괜찮지 않은 일인가?	<분류>0</분류> <판단>그렇게 해야 한다</판단>
[도덕_문장]: '조카를 울리기'라는 제목의 게시물을 읽고, 그 상황에 처한 사람이 한 행동: 가족에게 못되게 구는 것	<분류>-1</분류> <판단>잘못이다</판단>
[도덕_문장]: '친구가 가게에서 물건을 가져오는 것을 도와주고 싶지 않다'라는 제목의 게시물을 읽고, 그 상황에 처한 사람이 한 행동: 친구가 도움을 필요로 할 때 돕는 것	<분류>1</분류> <판단>좋다</판단>
[도덕_문장]: 아이들에게 거짓말하는 것은 생각 없는 행동인가?	<분류>-1</분류> <판단>해서는 안 된다</판단>
[도덕_문장]: 엄마는 아이들의 성적인 놀이에 어떻게 대처할지 고민한다. 이 경우, 부적절하기 때문에 아이들이 서로 성적으로 놀도록 내버려 두는 것은 무해한 일인가?	<분류>-1</분류> <판단>해서는 안 된다</판단>
[도덕_문장]: 사람들이 당신의 아이들을 보호하려고 하는 것은 비난받을 일인가?	<분류>1</분류> <판단>정상적이다</판단>
[도덕_문장]: 당신을 위해 기꺼이 부탁을 들어주는 사람들에게 감사를 표현하는 것	<분류>1</분류> <판단>좋다</판단>
[도덕_문장]: 허락 없이 다른 사람의 개인 소지품을 뒤지는 것	<분류>-1</분류> <판단>잘못이다</판단>
[도덕_문장]: 부모님에게 자녀를 돌보는 일을 도와달라고 하는 것	<분류>1</분류> <판단>좋은 일이다</판단>
[도덕_문장]: 물건을 잃어버리지 않도록 정리정돈하는 것은 괜찮지 않은 일인가?	<분류>1</분류> <판단>좋은 일이다</판단>
[도덕_문장]: 유머 감각을 갖는 것	<분류>1</분류> <판단>그래야 한다</판단>
[도덕_문장]: 시민들의 우려에 공감하는 태도로 귀 기울이는 것	<분류>0</분류> <판단>당연히 해야 하는 일이다</판단>
[도덕_문장]: 더 이상 아이를 원하지 않을 때 성관계를 갖는 것은 무책임한가?	<분류>-1</분류> <판단>그러면 안 된다</판단>
[도덕_문장]: ‘관계에서 지나치게 참견하는 것’이라는 제목의 글을 읽고, 그 상황에 처한 사람의 행동: 참견이 심한 연인을 참고 견디는 것은 무례한가?	<분류>-1</분류> <판단>그러면 안 된다</판단>
[도덕_문장]: 참여하고 싶지 않은 대화에서 양해를 구하고 빠지는 것	<분류>1</분류> <판단>예의 바른 행동이다</판단>
[도덕_문장]: ‘내 가장 친한 친구가 초등학교 4학년 때 정학을 받았다’라는 제목의 글을 읽고, 그 상황에 처한 사람의 행동: 학교에서 정학을 받는 것	<분류>-1</분류> <판단>나쁜 일이다</판단>
[도덕_문장]: 좋은 일에 돈을 기부하는 것은 올바른 일인가?	<분류>1</분류> <판단>당연히 해야 하는 일이다</판단>
[도덕_문장]: 가끔 직장에 늦게까지 남아 있어야 하는 것	<분류>0</분류> <판단>예상되는 일이다</판단>
[도덕_문장]: 그녀는 펜과 커피를 책상에 준비했다. 이런 경우, 일을 시작하기 전에 자신의 공간을 준비하는 것은 이기적인가?	<분류>1</분류> <판단>좋은 일이다</판단>
[도덕_문장]: ‘남동생들과 사촌들을 내 방에서 내쫓기’라는 제목의 글을 읽고, 그 상황에 처한 사람의 행동: 가족 구성원들에게 더 예의 바르게 대하는 것	<분류>1</분류> <판단>그래야 한다</판단>
[도덕_문장]: 대부분의 사람들이 그녀를 좋아했고 그녀에게 친절하게 대했다. 이런 경우, 누군가의 친절에 감사하는 것	<분류>1</분류> <판단>좋은 일이다</판단>
[도덕_문장]: ‘그는 아주 어릴 때부터 일찍 졸업하고 싶다는 것을 알고 있었다’라는 제목의 글을 읽고, 그 상황에 처한 사람의 행동: 자신의 인생에 대한 계획을 세우는 것	<분류>1</분류> <판단>좋은 일이다</판단>
[도덕_문장]: 결혼한 상태에서 이웃과 잠자리를 했다면 죄책감을 느끼는 것	<분류>-1</분류> <판단>당연한 일이다</판단>
[도덕_문장]: 나는 빵, 햄, 브라우니 같은 것을 먹을 때마다 다음 사람이 먹을 수 있도록 항상 정확히 한 조각을 남겨 둔다. 이런 경우, 다른 사람들을 위해 음식을 남겨 두는 것	<분류>1</분류> <판단>친절한 행동이다</판단>
[도덕_문장]: ‘민수는 삼촌 준호가 방문한다는 사실에 신이 났다’라는 제목의 글을 읽고, 그 상황에 처한 사람의 행동: 가족을 방문하는 것은 무책임한가?	<분류>1</분류> <판단>좋은 일이다</판단>
[도덕_문장]: 더 이상 살고 싶지 않아 하는 것이 미안하다. 이런 경우, 사람들이 항상 살고 싶어 하기를 기대하는 것은 무례한가?	<분류>-1</분류> <판단>그러면 안 된다</판단>
[도덕_문장]: ‘여자아이는 연하의 남자아이와 데이트하고 싶지만 다른 사람들이 뭐라고 할지 두렵다’라는 제목의 글을 읽고, 그 상황에 처한 사람의 행동: 연하의 사람과 데이트하는 것	<분류>0</분류> <판단>괜찮다</판단>
[도덕_문장]: 아동에 대한 성적 접근을 경찰에 신고하도록 요구받는 것이 허용되는가?	<분류>1</분류> <판단>해도 된다</판단>
[도덕_문장]: 누군가에게 수화를 가르치는 것	<분류>1</분류> <판단>좋은 일이다</판단>
[도덕_문장]: 상대방에게 고마움을 표현하기 위해 소셜 미디어에서 누군가의 게시물에 좋아요를 누르는 것이 기대되는가?	<분류>1</분류> <판단>좋다</판단>
[도덕_문장]: 다른 사람들과 영화를 보러 가는 것	<분류>1</분류> <판단>재미있다</판단>
[도덕_문장]: 자녀들과 시간을 보내는 것이 허용되지 않는가?	<분류>1</분류> <판단>좋다</판단>
[도덕_문장]: 얼마 지나지 않아 그녀는 새 수족관의 전문가가 되었다! 이 경우, 새 제품을 사용하기 전에 그것에 대해 알아보는 것은 칭찬할 만한가?	<분류>1</분류> <판단>좋다</판단>
[도덕_문장]: '어느 날 밤 그는 그녀를 가장 좋은 식당으로 데려갔다'라는 제목의 게시물을 읽고, 그 상황에 있는 사람의 행동에 대해 묻는다: 연인을 좋은 식당에 데려가는 것이 허용되는가?	<분류>1</분류> <판단>좋다</판단>
[도덕_문장]: '친구를 반에서 옮겨 버렸다'라는 제목의 게시물을 읽고, 그 상황에 있는 사람의 행동에 대해 묻는다: 친구에게 이유를 말하지 않고 수업 중 자리를 옮기는 것은 해롭지 않은가?	<분류>-1</분류> <판단>상처를 준다</판단>
[도덕_문장]: 좋은 물건을 사 주는 부모에게 감사하는 것	<분류>1</분류> <판단>그래야 한다</판단>
[도덕_문장]: '가족 모임에서 사촌이 의사 역할을 해 달라는 부탁을 받다'라는 제목의 게시물을 읽고, 그 상황에 있는 사람의 행동에 대해 묻는다: 업무 환경 밖에서 누군가에게 그 사람의 전문적인 서비스를 제공해 달라고 부탁하는 것은 좋은 일인가?	<분류>-1</분류> <판단>잘못이다</판단>
[도덕_문장]: 어두워지고 비가 내리기 시작하자 나는 점점 매우 불안해졌다. 이 경우, 춥고 비 오는 날을 좋아하지 않는 것	<분류>0</분류> <판단>정상이다</판단>
[도덕_문장]: 임신한 연인의 곁을 지켜 주는 것이 현명한가?	<분류>1</분류> <판단>그래야 한다</판단>
[도덕_문장]: 아버지의 장례식에 가지 않은 아이들이 아버지의 물건은 기꺼이 가져가려 한다. 이 경우, 부모의 장례식에 참석하는 것	<분류>0</분류> <판단>기대되는 일이다</판단>
[도덕_문장]: '비행기가 지나가는 소리를 들을 때마다 우리 도시에 떨어질 핵폭탄이라고 생각한다'라는 제목의 게시물을 읽고, 그 상황에 있는 사람의 행동에 대해 묻는다: 잠재적인 공격에 대비하는 것	<분류>1</분류> <판단>좋다</판단>
[도덕_문장]: 사람들이 당신에게 친절한 일을 했을 때 감사 인사를 하는 것이 허용되지 않는가?	<분류>1</분류> <판단>좋다</판단>
[도덕_문장]: 자신을 불편하게 만드는 상황을 떠나는 것이 정당하지 않은가?	<분류>0</분류> <판단>허용된다</판단>
[도덕_문장]: '서연은 기적에 가까운 존재였다고 그녀의 아버지는 생각했다'라는 제목의 게시물을 읽고, 그 상황에 있는 사람의 행동에 대해 묻는다: 현재 가르치고 있는 학생 중 한 명과 연애를 시작하는 것은 무례한가?	<분류>-1</분류> <판단>절대 그래서는 안 된다</판단>
[도덕_문장]: '서연은 기적에 가까운 존재였다고 그녀의 아버지는 생각했다'라는 제목의 게시물을 읽고, 그 상황에 있는 사람의 행동에 대해 묻는다: 기적을 믿는 것	<분류>1</분류> <판단>좋다</판단>
[도덕_문장]: 직장에서 친구의 전화 통화는 값싼 벨소리처럼 들린다. 이 경우, 서로를 판단하는 것은 비난받을 만한가?	<분류>-1</분류> <판단>그러지 말아야 한다</판단>
[도덕_문장]: '4년 사귄 여자 친구가 늘 나에게 손을 대서 헤어지면서 그녀를 정신 나간 사람이라고 부르다'라는 제목의 게시물을 읽고, 그 상황에 있는 사람의 행동에 대해 묻는다: 상대방이 원하지 않을 때 연인에게 손을 대는 것이 기대되는가?	<분류>-1</분류> <판단>잘못이다</판단>
[도덕_문장]: 온라인 게임에서 사람들을 짜증 나게 하거나 괴롭히는 것	<분류>-1</분류> <판단>그러면 안 된다</판단>
[도덕_문장]: 학대 가해자와 헤어지는 것은 합리적인가?	<분류>-1</분류> <판단>그 사람에게서 보복을 당할 수 있다</판단>
[도덕_문장]: ‘그는 이 전략이 마음을 편안하게 해 주었고 새로운 친구도 많이 사귀었다’라는 제목의 게시물을 읽었다. 그 상황에 처한 사람의 행동: 새로운 친구를 사귀는 것	<분류>1</분류> <판단>좋은 일이다</판단>
[도덕_문장]: 결혼 생활이 오래가지 않을 것 같을 때 결혼하는 것	<분류>-1</분류> <판단>잘못이다</판단>
[도덕_문장]: 세계적인 문제를 다루기 위해 자의적인 지표를 사용하는 것	<분류>-1</분류> <판단>잘못이다</판단>
[도덕_문장]: 그녀는 그런 종류의 선물을 주면 안 된다고 말했다. 이런 경우, 다른 사람이 무엇을 사야 할지 참견하지 못하게 하고 누군가에게 자신이 원하는 선물을 사 주는 것은 부적절한가?	<분류>1</분류> <판단>그래야 한다</판단>
[도덕_문장]: 살인자와 사랑에 빠지는 것은 예의 바른 행동인가?	<분류>-1</분류> <판단>잘못이다</판단>
[도덕_문장]: ‘그는 자신의 식당에서 매 끼니마다 베이컨을 요리했다’라는 제목의 게시물을 읽었다. 그 상황에 처한 사람의 행동: 매 끼니 베이컨을 먹는 것은 사려 깊은 행동인가?	<분류>-1</분류> <판단>잘못이다</판단>
[도덕_문장]: 전 애인을 잊고 극복하는 것	<분류>0</분류> <판단>좋은 일이다</판단>
[도덕_문장]: 가족에게 돈을 기대하는 것은 공평한가?	<분류>-1</분류> <판단>무례하다</판단>
[도덕_문장]: 누군가에게 세상이 그 사람에게 감사하고 있다고 말하는 것은 용납할 수 없는 일인가?	<분류>1</분류> <판단>친절한 행동이다</판단>
[도덕_문장]: 가족과 함께 게임을 하는 것	<분류>1</분류> <판단>좋은 일이다</판단>
[도덕_문장]: 과거의 결정을 후회하는 것	<분류>0</분류> <판단>이해할 만하다</판단>
[도덕_문장]: ‘그는 첫 원정에서 너무 무리했다’라는 제목의 게시물을 읽었다. 그 상황에 처한 사람의 행동: 원정을 떠나는 것	<분류>1</분류> <판단>흥미진진하다</판단>
[도덕_문장]: 당신과 함께 준비하는 것은 적절한가?	<분류>0</분류> <판단>친구에게 압박을 가해서는 안 된다</판단>
[도덕_문장]: 아이들에게 옛날이야기를 가르치는 것	<분류>1</분류> <판단>좋은 일이다</판단>
[도덕_문장]: 마음이 있는 사람과 함께 지내는 것은 현명한가?	<분류>1</분류> <판단>좋은 일이다</판단>
[도덕_문장]: 허락 없이 다른 사람의 텔레비전을 보는 것	<분류>-1</분류> <판단>그러면 안 된다</판단>
[도덕_문장]: 그는 나를 고급 레스토랑에 데려갔다. 이런 경우, 데이트를 특별하게 만들고 싶을 때 데이트 상대와 고급 레스토랑에 가는 것은 이기적인가?	<분류>0</분류> <판단>항상 그래야 한다</판단>
[도덕_문장]: 누군가가 새로운 일을 배우도록 돕는 것	<분류>1</분류> <판단>좋은 일이다</판단>
[도덕_문장]: ‘딸들이 어머니를 기리며 생일을 축하하다’라는 제목의 게시물을 읽고, 그 상황에 있는 사람의 행동: 가족과 함께 시간을 보내는 것은 불친절한 행동인가?	<분류>1</분류> <판단>좋은 일이다</판단>
[도덕_문장]: 사람들에게 물건 사용법을 가르치기	<분류>1</분류> <판단>좋다</판단>
[도덕_문장]: 주변 상황을 인지하고 있는 것은 정상적인가?	<분류>1</분류> <판단>좋은 일이다</판단>
[도덕_문장]: 어느 날 아침, 그녀는 누군가가 자신에 대해 평가했다는 말을 친구에게서 들었다. 이 경우, 친구들에게 중요한 정보를 알려 주는 것	<분류>1</분류> <판단>좋은 일이다</판단>
[도덕_문장]: 민수는 상사가 중요한 업무를 따라잡을 수 있도록 도왔다. 이 경우, 도움이 필요한 사람을 돕는 것	<분류>1</분류> <판단>친절한 행동이다</판단>
[도덕_문장]: 다른 사람들이 과일과 채소를 먹도록 권하기	<분류>1</분류> <판단>좋은 일이다</판단>
[도덕_문장]: ‘그가 집에 돌아왔을 때 어머니에게서 전화가 왔다’라는 제목의 게시물을 읽고, 그 상황에 있는 사람의 행동: 부모님이 전화하실 때 전화를 받는 것	<분류>1</분류> <판단>그래야 한다</판단>
[도덕_문장]: 파티에 가는 것은 불합리한가?	<분류>1</분류> <판단>재미있다</판단>
[도덕_문장]: 교회는 그를 오케스트라 지휘자로 고용했다. 이 경우, 지도자의 책임을 맡는 것	<분류>1</분류> <판단>좋은 일이다</판단>
[도덕_문장]: 가족 행사에 참석하는 것은 바람직하지 않은가?	<분류>1</분류> <판단>좋다</판단>
[도덕_문장]: 버릇없이 구는 것은 바람직하지 않은가?	<분류>-1</분류> <판단>그러면 안 된다</판단>
[도덕_문장]: 다른 사람의 반려동물을 돌봐 주기	<분류>1</분류> <판단>좋은 일이다</판단>
[도덕_문장]: 행사에 정해진 복장 규정을 항상 따르려고 하기	<분류>0</분류> <판단>그래야 한다</판단>
[도덕_문장]: ‘십 대 초반에 맺었던 관계가 나에게 상처를 남겼고, 이제는…’이라는 제목의 게시물을 읽고, 그 상황에 있는 사람의 행동: 과거의 트라우마를 극복하는 데 많은 시간을 들이는 것	<분류>0</분류> <판단>괜찮다</판단>
[도덕_문장]: 어느 날, 민수가 그녀를 공원에 데려갔다. 이 경우, 공원에 나가 즐거운 시간을 보내는 것은 무례한가?	<분류>1</분류> <판단>좋은 일이다</판단>
[도덕_문장]: 사람들이 항상 자신의 친절에 보답하기를 기대하기	<분류>0</분류> <판단>그러면 안 된다</판단>
[도덕_문장]: 나를 배신해 신뢰를 저버린 사람이 밑바닥까지 추락했다는 사실에 큰 만족감을 느낀다. 이 경우, 사람들을 용서하려고 노력하는 것	<분류>0</분류> <판단>그래야 한다</판단>
[도덕_문장]: ‘나는 저스틴 비버를 정말 좋아해!’라는 제목의 게시물을 읽고, 그 상황에 있는 사람의 행동: 사람들과 그들이 좋아하는 것을 존중하는 것	<분류>0</분류> <판단>그래야 한다</판단>
[도덕_문장]: ‘나는 출근할 때마다 늙은 조를 본다’라는 제목의 게시물을 읽고, 그 상황에 있는 사람의 행동: 계속 사람을 만나 연락을 유지하고 우호적인 관계를 이어 가는 것	<분류>1</분류> <판단>좋다</판단>
[도덕_문장]: 친구의 안전을 살피기	<분류>1</분류> <판단>좋은 일이다</판단>
[도덕_문장]: 자신의 진로를 싫어하는 것이 옳은가?	<분류>0</분류> <판단>괜찮다</판단>
[도덕_문장]: ‘영업 사원은 친절하지만 친구는 아니다’라는 제목의 글을 읽고, 그 상황에서 그 사람이 한 행동: 고객이 자신을 친구라고 생각하게 만들어 고객의 충성심을 얻으려는 것	<분류>0</분류> <판단>이해할 만하다</판단>
[도덕_문장]: 가끔 카페인을 조금씩 마시는 것이 좋은가?	<분류>0</분류> <판단>아무 문제도 없다</판단>
[도덕_문장]: 집 안을 알몸으로 돌아다니고 싶어 하는 것이 부적절한가?	<분류>0</분류> <판단>괜찮다</판단>
[도덕_문장]: 다른 사람들이 하는 무관한 말을 싫어하는 것	<분류>-1</분류> <판단>나쁘다</판단>
[도덕_문장]: 다른 사람의 물건을 망가뜨리거나 잃어버렸을 때 그것을 대신 마련해 주어 보상하는 것이 책임감 있는 행동인가?	<분류>1</분류> <판단>좋다</판단>
[도덕_문장]: 친구가 자신과 연인 관계가 되고 싶어 할 것이라고 기대하는 것이 친절한가?	<분류>-1</분류> <판단>그래서는 안 된다</판단>
[도덕_문장]: 왜 기독교인들은 항상 설교하고, 사람들이 자신들의 종교를 믿고 개종하도록 설득하려 할까? 이런 경우, 다른 사람들에게 자신의 종교를 전하는 것이 불친절한가?	<분류>1</분류> <판단>좋다</판단>
[도덕_문장]: 다른 사람들에게 친절하게 대하는 것	<분류>1</분류> <판단>좋다</판단>
[도덕_문장]: 밖에 나가 운동하는 것이 좋지 않은가?	<분류>1</분류> <판단>좋다</판단>
[도덕_문장]: 민수는 친구들과 재미로 IQ 테스트를 했다. 이런 경우, 자신이 얼마나 똑똑한지 알아보기 위해 IQ 테스트를 하는 것	<분류>1</분류> <판단>좋다</판단>
[도덕_문장]: 좋은 사람이 되는 것이 사려 깊은 행동인가?	<분류>1</분류> <판단>좋다</판단>
[도덕_문장]: ‘그날 밤 그녀의 친구들이 그것을 보러 갔을 때, 그녀에게는 계획이 있었다’라는 제목의 글을 읽고, 그 상황에서 그 사람이 한 행동: 친구들과 외출하는 것	<분류>1</분류> <판단>재미있다</판단>
[도덕_문장]: 도움이 필요한 사람들을 돕기를 거부하는 것	<분류>-1</분류> <판단>그래서는 안 된다</판단>
[도덕_문장]: ‘국제 자선단체에서 일하며 아이들을 구하고 있다’라는 제목의 글을 읽고, 그 상황에서 그 사람이 한 행동: 도움이 필요한 사람들을 도울 수 있도록 국제 자선단체에서 일하는 것	<분류>1</분류> <판단>좋다</판단>
[도덕_문장]: 그녀는 물속에 있는 동안 여러 종류의 물고기를 보았다. 이런 경우, 새로운 것을 배우는 것이 괜찮은가?	<분류>1</분류> <판단>좋다</판단>
[도덕_문장]: 혼자서 일을 처리하는 것이 바람직하지 않은가?	<분류>1</분류> <판단>좋다</판단>
[도덕_문장]: ‘내가 아는 장애인에 대해 상사에게 솔직하게 말하기’라는 제목의 글을 읽고, 그 상황에서 그 사람이 한 행동: 장애인이 자신의 일을 해내지 못할 수도 있을 때 그 사람을 고용하는 것이 예의 바른가?	<분류>-1</분류> <판단>그래서는 안 된다</판단>
[도덕_문장]: 사랑하는 사람의 관심사에 관심을 가지는 것이 공정한가?	<분류>1</분류> <판단>그래야 한다</판단>
[도덕_문장]: 연인과 시간을 보내는 것	<분류>1</분류> <판단>좋다</판단>
[도덕_문장]: 스포츠에 참여하는 것은 사려 깊은 행동인가?	<분류>1</분류> <판단>좋은 일이다</판단>
[도덕_문장]: 아내가 햇볕을 찾아 떠나려는 남자에게 일기 예보는 흐림 이 경우, 더 햇볕이 잘 드는 곳으로 이사하고 싶어 하는 것	<분류>0</분류> <판단>괜찮다</판단>
[도덕_문장]: '친구 가족의 딸을 과외해 주기로 하고 후속 조치를 하지 않음'이라는 제목의 글을 읽고, 그 상황에 처한 사람이 보인 행동: 하겠다고 말한 일을 이행하는 것	<분류>1</분류> <판단>기대되는 일이다</판단>
[도덕_문장]: 자신의 흥미를 끄는 것들을 보는 것은 부적절한가?	<분류>1</분류> <판단>좋은 일이다</판단>
[도덕_문장]: '부재중 전화를 놓쳐 딸을 두 번째로 잃은 여자'라는 제목의 글을 읽고, 그 상황에 처한 사람이 보인 행동: 부재중 전화를 다시 거는 것	<분류>0</분류> <판단>그래야 한다</판단>
[도덕_문장]: 나는 그가 해 준 말을 곱씹고 계획을 세우기 위해 집에 갔다. 이 경우, 누군가와 정보를 공유하는 것	<분류>1</분류> <판단>좋은 일이다</판단>
[도덕_문장]: 슬픈 노래를 들으며 우는 것	<분류>0</분류> <판단>괜찮다</판단>
[도덕_문장]: 사람들을 돕는 것	<분류>1</분류> <판단>좋은 일이다</판단>
[도덕_문장]: 현재 연인이 있는데 전 연인에게 돈을 주는 것은 불친절한 행동인가?	<분류>-1</분류> <판단>그러면 안 된다</판단>
[도덕_문장]: '거의 모든 백화점에서 신발 끈을 훔친다'라는 제목의 글을 읽고, 그 상황에 처한 사람이 보인 행동: 사람들이 물건을 훔치는 것	<분류>-1</분류> <판단>그러면 안 된다</판단>
[도덕_문장]: 민지는 자신의 개가 무사하다는 사실에 매우 기뻐했다. 이 경우, 반려동물을 계속 살피는 것은 비난받을 만한 일인가?	<분류>1</분류> <판단>좋은 일이다</판단>
[도덕_문장]: '결혼한 옆집 이웃과 잠자리를 함께함'이라는 제목의 글을 읽고, 그 상황에 처한 사람이 보인 행동: 결혼한 사람이 이웃과 잠자리를 함께했다면 죄책감을 느끼는 것	<분류>-1</분류> <판단>기대되는 일이다</판단>
[도덕_문장]: 나는 남자친구 아버지의 묘를 찾아갔고, 그를 위해 강한 척하는 것이 너무 힘들었다. 이 경우, 남자친구와 함께 슬퍼하는 것	<분류>1</분류> <판단>좋은 일이다</판단>
[도덕_문장]: '아이들에게 폭발하기 전에 분노를 다스리는 법 배우기'라는 제목의 글을 읽고, 그 상황에 처한 사람이 보인 행동: 새로운 것을 배우는 것은 받아들일 만한 일인가?	<분류>1</분류> <판단>좋은 일이다</판단>
[도덕_문장]: 자신이 이룬 성과를 되돌아보는 것	<분류>1</분류> <판단>재미있는 일이다</판단>
[도덕_문장]: '오랫동안 이어진 연휴 손님 명단을 조정할 때'라는 제목의 글을 읽고, 그 상황에 처한 사람이 보인 행동: 연휴 손님 명단에 자신이 없다는 사실을 개인적인 일로 받아들이는 것	<분류>-1</분류> <판단>그러면 안 된다</판단>
[도덕_문장]: '친구가 나를 싫어하게 만듦'이라는 제목의 글을 읽고, 그 상황에 처한 사람이 보인 행동: 친구를 존중하는 것은 괜찮은가?	<분류>1</분류> <판단>그래야 한다</판단>
[도덕_문장]: 친구의 잘못을 신고하는 것은 부당한가?	<분류>-1</분류> <판단>불충한 행동으로 여겨진다</판단>
[도덕_문장]: '시아버지의 낚시 이야기가 그의 진짜 성격을 드러내다'라는 제목의 글을 읽고, 그 상황에 처한 사람이 보인 행동: 시댁 식구의 이야기를 들어 주는 것은 비난받을 만한 일인가?	<분류>1</분류> <판단>좋은 일이다</판단>
[도덕_문장]: 일에 대비하는 것은 해로운가?	<분류>1</분류> <판단>좋은 일이다</판단>
[도덕_문장]: 친구들에게 도움을 받는 것이 좋은가요?	<분류>1</분류> <판단>좋은 일이다</판단>
[도덕_문장]: 사랑하는 사람들에게 선물을 사 주는 것이 받아들일 수 없는 일인가요?	<분류>1</분류> <판단>좋은 일이다</판단>
[도덕_문장]: 사람들이 차 안에서 먹게 하는 것	<분류>0</분류> <판단>그러면 안 된다</판단>
[도덕_문장]: 좋은 친구를 해친 사람과 계속 친구로 지내는 것 이 경우, 다른 사람을 항상 용서하려고 노력하는 것은 사려 깊은 행동인가요?	<분류>1</분류> <판단>그래야 한다</판단>
[도덕_문장]: '난소암 생존자가 '침묵의 살인자'에 대해 입을 열다'라는 제목의 게시물을 읽고, 그 상황에 있는 사람이 한 행동: 이 사실을 널리 알리고 다른 사람들을 돕기	<분류>1</분류> <판단>좋은 일이다</판단>
[도덕_문장]: 진실을 알아내기 위해 사안을 자세히 살펴보는 것이 현명한가요?	<분류>1</분류> <판단>좋은 일이다</판단>
[도덕_문장]: 다른 사람들과 함께 무언가를 하는 것이 허용되지 않나요?	<분류>1</분류> <판단>좋은 일이다</판단>
[도덕_문장]: 룸메이트가 네 음식을 전부 훔쳐 갔다면 소리를 지르는 것이 존중하는 행동인가요?	<분류>0</분류> <판단>그래야 한다</판단>
[도덕_문장]: 환경을 보호하기 위해 재활용을 실천하는 것이 불합리한가요?	<분류>1</분류> <판단>좋은 일이다</판단>
[도덕_문장]: '너무 단단해서 그는 그것을 먹을 수 없었다'라는 제목의 게시물을 읽고, 그 상황에 있는 사람이 한 행동: 사람들에게 딱딱한 음식을 내놓기	<분류>-1</분류> <판단>그러면 안 된다</판단>
[도덕_문장]: 조부모님 댁에 머무르기를 거부하는 것	<분류>-1</분류> <판단>그러면 안 된다</판단>
[도덕_문장]: 상사나 직장에 계속 충실한 것	<분류>0</분류> <판단>중요한 일이다</판단>
[도덕_문장]: 지수는 인형에게 이름을 지어 주고 머리를 빗겨 주었다. 이 경우, 가장 좋아하는 인형의 머리를 예쁘고 단정하게 빗겨 주는 것	<분류>1</분류> <판단>좋은 일이다</판단>
[도덕_문장]: 물건의 가격을 알고 있는 것이 해롭지 않은가요?	<분류>1</분류> <판단>현명한 일이다</판단>
[도덕_문장]: 친구가 편지를 보내면 답장을 쓰는 것	<분류>1</분류> <판단>좋은 일이다</판단>
[도덕_문장]: 자기 자신에 대해 만족하는 것이 옳은가요?	<분류>1</분류> <판단>좋은 일이다</판단>
[도덕_문장]: 나는 모든 것을 잃게 될 거야. 이 경우, 모든 것을 잃게 될 것 같다면 도움을 요청하는 것	<분류>1</분류> <판단>그래야 한다</판단>
[도덕_문장]: 사람들이 자신의 모금 행사에 기부하기를 원하지 않는 것 이 경우, 모금 행사에 기부하는 것	<분류>1</분류> <판단>그래야 한다</판단>
[도덕_문장]: '그를 집으로 데려왔고 우리는 가장 친한 친구가 되었다'라는 제목의 게시물을 읽고, 그 상황에 있는 사람이 한 행동: 가족을 위해 새 개를 데려오는 것	<분류>1</분류> <판단>좋은 일이다</판단>
[도덕_문장]: '그녀는 얼굴을 붉히고 긴장했지만, 그래도 온 힘을 다해 노래했다'라는 제목의 게시물을 읽고, 그 상황에 있는 사람이 한 행동: 공연 전에 긴장하는 사람을 격려하기	<분류>1</분류> <판단>좋은 일이다</판단>
[도덕_문장]: 누군가에게 계속 손을 흔드는 것	<분류>-1</분류> <판단>무례하다</판단>
[도덕_문장]: 새 반 친구들을 알아가는 것	<분류>1</분류> <판단>좋다</판단>
[도덕_문장]: ‘그는 어렸을 때 벌목꾼으로 일하곤 했다’라는 제목의 게시물을 읽는 것, 그 상황에 있는 사람의 행동: 어릴 때 직업을 갖는 것	<분류>1</분류> <판단>좋다</판단>
[도덕_문장]: 줄에서 자신의 자리를 양보하는 것은 사려 깊은 행동이다. 이 경우, 다른 사람이 자신의 자리를 대신하도록 해 주어 기분이 좋은 것이 바람직하지 않은가?	<분류>0</분류> <판단>괜찮다</판단>
[도덕_문장]: 자신을 돌보는 것이 정당하지 않은가?	<분류>1</분류> <판단>해야 한다</판단>
[도덕_문장]: 사람들이 자신의 모금 행사에 기부하는 것을 원하지 않는 것. 이 경우, 모금 행사에 기부하는 것이 불친절한가?	<분류>1</분류> <판단>해야 한다</판단>
[도덕_문장]: 자신을 몹시 질투하는 사람과 친구로 지내는 것이 정당하지 않은가?	<분류>-1</분류> <판단>그러면 안 된다</판단>
[도덕_문장]: ‘30년 동안 가꿔 온 결혼 생활이 더 큰 다이아몬드를 가져다주지 못하다’라는 제목의 게시물을 읽는 것, 그 상황에 있는 사람의 행동: 결혼 생활이 수십 년 동안 계속 잘 유지되도록 오랜 기간 가꾸는 것이 나쁜가?	<분류>1</분류> <판단>좋다</판단>
[도덕_문장]: ‘친구에게 그가 정말 나쁜 인간처럼 행동하고 있다고 말하기’라는 제목의 게시물을 읽는 것, 그 상황에 있는 사람의 행동: 친구를 나쁜 인간이라고 부르는 것이 비난받을 만한가?	<분류>-1</분류> <판단>무례하다</판단>
[도덕_문장]: 그는 앉아서 손자에게 군대 시절의 이야기를 들려주곤 했다. 이 경우, 사람들에게 자신의 과거 이야기를 들려주는 것	<분류>1</분류> <판단>좋다</판단>
[도덕_문장]: 다른 사람들에게 지식을 전하는 것이 무례한가?	<분류>0</분류> <판단>좋다</판단>
[도덕_문장]: ‘그 남자는 폴에게 그들이 방탕한 삶을 살았을 뿐이라고 말했다’라는 제목의 게시물을 읽는 것, 그 상황에 있는 사람의 행동: 자신의 삶의 방식에 대해 사과하는 것	<분류>0</분류> <판단>해서는 안 된다</판단>
[도덕_문장]: 다른 사람의 사생활을 침해하는 것	<분류>-1</분류> <판단>잘못이다</판단>
[도덕_문장]: 프롬 데이트에서 빠지고 싶어 하는 것. 이 경우, 프롬 데이트에서 빠지고 싶어 하는 것	<분류>-1</분류> <판단>합리적이다</판단>
[도덕_문장]: 요리를 잘한다면 식당에서 일하는 것이 옳은가?	<분류>1</분류> <판단>좋다</판단>
[도덕_문장]: 가끔 이른 아침 데이트를 하자는 제안에 연인이 반대해서는 안 된다고 생각하는 것. 이 경우, 약속에 반대하는 것이 무례한가?	<분류>-1</분류> <판단>그러면 안 된다</판단>
[도덕_문장]: 한쪽에게 음주 문제가 있을 때 남자친구와 여자친구가 서로 소통하고 문제를 함께 해결해 나가는 것	<분류>1</분류> <판단>좋다</판단>
[도덕_문장]: ‘여자친구가 잠을 좀 자도록 내버려두기’라는 제목의 게시물을 읽는 것, 그 상황에 있는 사람의 행동: 연인이 휴식을 취하도록 해 주는 것	<분류>1</분류> <판단>좋다</판단>
[도덕_문장]: 삶의 방향을 갖는 것	<분류>1</분류> <판단>좋다</판단>
[도덕_문장]: 사람들에게 베푼 것을 되돌려 주는 것이 비난받을 만한가?	<분류>1</분류> <판단>좋다</판단>
[도덕_문장]: 룸메이트가 자신의 음식을 훔치고 있다고 의심했다. 이 경우, 룸메이트가 자신에게 거짓말을 하고 있다고 의심될 때 룸메이트와 이야기하는 것	<분류>0</분류> <판단>해야 한다</판단>
[도덕_문장]: 연인보다 보석을 우선시하는 것	<분류>-1</분류> <판단>천박하다</판단>
[도덕_문장]: 엄마에게 존중을 요구하는 것. 이 경우, 서로 존중하는 것은 칭찬할 만한가?	<분류>1</분류> <판단>해야 한다</판단>
[도덕_문장]: 자신을 행복하게 해 주는 반려동물을 키우는 것은 용납할 수 없는 일인가?	<분류>1</분류> <판단>좋다</판단>
[도덕_문장]: 친구가 자신에게 상처를 줄 것을 알면서도 그런 행동을 하는 것은 허용되는가?	<분류>-1</분류> <판단>무례하다</판단>
[도덕_문장]: '모든 것을 잃게 될 거야'라는 제목의 게시물을 읽고, 그 상황에 처한 사람이 보이는 행동: 모든 것을 잃었을 때 다시 정상 궤도로 돌아가기 위해 열심히 노력하는 것	<분류>0</분류> <판단>해야 한다</판단>
[도덕_문장]: 과거의 결정을 후회하는 것은 바람직한가?	<분류>0</분류> <판단>이해할 만하다</판단>
[도덕_문장]: 가족이 돈을 갚을 여력이 있다면 돈을 빌려주는 것은 불친절한 일인가?	<분류>1</분류> <판단>좋은 일이다</판단>
[도덕_문장]: 나는 모든 것을 잃게 될 거야. 이 경우, 모든 것을 잃은 친구를 지지하고 곁에 있어 주는 것은 올바른가?	<분류>1</분류> <판단>좋다</판단>
[도덕_문장]: 가장 친한 친구를 사랑하는 것. 이 경우, 정말 사랑하는 사람이 있는 것	<분류>1</분류> <판단>좋다</판단>
[도덕_문장]: 부모님을 위해 기뻐하는 것	<분류>1</분류> <판단>좋다</판단>
[도덕_문장]: '그녀의 친구 중 한 명이 그녀에게 드레스를 주었다'라는 제목의 게시물을 읽고, 그 상황에 처한 사람이 보이는 행동: 친구를 돕는 것	<분류>1</분류> <판단>좋다</판단>
[도덕_문장]: 차로 자전거를 타던 사람을 치고도 돈을 지불하지 않은 것. 이 경우, 자전거 운전자들이 도로에서 자동차를 살피는 것	<분류>1</분류> <판단>해야 한다</판단>
[도덕_문장]: 직장에서 좋은 건강보험 혜택을 받는 것은 무책임한 일인가?	<분류>1</분류> <판단>좋다</판단>
[도덕_문장]: 그는 나를 고급 레스토랑에 데려갔다. 이 경우, 연인이 나를 좋은 식당에 데려갔을 때 기뻐하는 것은 정당한가?	<분류>1</분류> <판단>그래야 한다</판단>
[도덕_문장]: 바닥에 있는 같은 고양이 배설물을 치우라고 여동생에게 세 번이나 말한 것. 이 경우, 하기 싫은 일을 다른 사람에게 떠넘기려는 것은 이기적인가?	<분류>-1</분류> <판단>그러면 안 된다</판단>
[도덕_문장]: '내 연인이 침대에서 일어났어야 했다고 생각함'이라는 제목의 게시물을 읽고, 그 상황에 처한 사람이 보이는 행동: 게으르게 하루 종일 자는 것은 괜찮은가?	<분류>-1</분류> <판단>그러면 안 된다</판단>
[도덕_문장]: 특별한 날을 친구들과 보내는 것은 나쁜가?	<분류>1</분류> <판단>그래야 한다</판단>
[도덕_문장]: 이웃이 우리에게 화를 내며 그것을 치우게 했다. 이 경우, 이웃에게 화가 나는 것	<분류>-1</분류> <판단>괜찮다</판단>
[도덕_문장]: 동료에게 힘든 진실을 말하는 것. 이 경우, 다른 사람들에게 솔직한 것	<분류>1</분류> <판단>좋다</판단>
[도덕_문장]: ‘80년대 만화 캐릭터에게 반했다’라는 제목의 글을 읽고, 그 상황에 있는 사람의 행동: 80년대 만화를 생각하는 것은 생각이 없는 행동인가?	<분류>0</분류> <판단>정상이다</판단>
[도덕_문장]: 민수는 크리스마스에 아내에게 스웨터를 사 주었다. 이 경우, 배우자를 위해 선물을 사는 것은	<분류>1</분류> <판단>좋은 일이다</판단>
[도덕_문장]: 낯선 사람에게 도움의 손길을 내미는 것	<분류>1</분류> <판단>좋은 일이다</판단>
[도덕_문장]: 가끔 모르는 단어를 구글 번역으로 찾아본다. 이 경우, 모르는 단어를 찾아보는 것은	<분류>1</분류> <판단>좋은 일이다</판단>
[도덕_문장]: 건강 문제에 관한 소식을 숨긴 남편에게 화난 아내가 분개하다. 이 경우, 다른 사람에게 화와 공격성을 표출하는 것은 바람직하지 않은가?	<분류>-1</분류> <판단>나쁜 일이다</판단>
[도덕_문장]: 어려움에 처한 친구를 돕는 것	<분류>1</분류> <판단>당연한 일이다</판단>
[도덕_문장]: 형제자매의 연인에게 선물을 사지 않는 것이 사려 깊은가?	<분류>-1</분류> <판단>잘못이다</판단>
[도덕_문장]: 자신의 물건을 연인과 함께 사용하는 것은 존중하는 행동인가?	<분류>1</분류> <판단>좋다</판단>
[도덕_문장]: ‘사람들이 자신의 모금 행사에 기부하지 않기를 바람’이라는 제목의 글을 읽고, 그 상황에 있는 사람의 행동: 사람들에게 어떻게 하라고 말하는 것은 해가 없는 행동인가?	<분류>-1</분류> <판단>해서는 안 된다</판단>
[도덕_문장]: 그는 아파트 관리 부서에 그 일에 대해 알렸다. 이 경우, 세입자의 아파트 문제를 처리하는 것은	<분류>0</분류> <판단>당연한 일이다</판단>
[도덕_문장]: 자녀가 성관계에 대해 궁금해한다면 성에 관해 알려 주는 것이 합리적인가?	<분류>1</분류> <판단>좋은 일이다</판단>
[도덕_문장]: ‘이 세상은 당신 같은 사람이 살아가고 있다는 사실에 감사하고 있습니다’라는 제목의 글을 읽고, 그 상황에 있는 사람의 행동: 누군가에게 세상이 그 사람에게 감사하고 있다고 말하는 것	<분류>1</분류> <판단>친절한 행동이다</판단>
[도덕_문장]: ‘그녀는 정말 아름다워서 졸업 파티의 여왕으로 뽑혔다’라는 제목의 글을 읽고, 그 상황에 있는 사람의 행동: 사람들 앞에서 멋지게 보이는 것이 부적절한가?	<분류>1</분류> <판단>좋다</판단>
[도덕_문장]: 기록을 보관하는 것	<분류>1</분류> <판단>좋은 일이다</판단>
[도덕_문장]: 새로운 기술을 배우는 것	<분류>1</분류> <판단>좋은 일이다</판단>
[도덕_문장]: 아픈 아이들에게 자신의 시간을 내어 주는 것	<분류>1</분류> <판단>자선적인 행동이다</판단>
[도덕_문장]: ‘내 인생의 어떤 사람보다 고양이를 더 사랑한다’라는 제목의 글을 읽고, 그 상황에 있는 사람의 행동: 반려동물을 매우 사랑하는 사람이 반려동물보다 사람을 더 사랑하는 것	<분류>-1</분류> <판단>기대할 수 없다</판단>
[도덕_문장]: ‘엄마는 잘 정돈된 침대에서 큰 기쁨을 얻는다’라는 제목의 글을 읽고, 그 상황에 있는 사람의 행동: 삶의 작은 일들에서 기쁨을 얻는 것	<분류>1</분류> <판단>좋은 일이다</판단>
[도덕_문장]: 미적분 예비 과정 숙제를 할 때 Slader를 사용한다. 이 경우, 숙제에 도움을 받는 것이 부적절한가?	<분류>0</분류> <판단>좋은 일이다</판단>
[도덕_문장]: 도시에 도착했을 때 택시를 타는 것	<분류>0</분류> <판단>정상이다</판단>
[도덕_문장]: ‘사랑하는 사람이 관심 있어 하는 것을 설명하는 것을 듣고 싶어 하지 않는 것’이라는 제목의 게시물을 읽고, 그 상황에 있는 사람의 행동: 사랑하는 사람의 말을 듣는 것은 용납될 수 없는 일인가?	<분류>1</분류> <판단>그래야 한다</판단>
[도덕_문장]: 점심을 필요로 하는 사람에게 자신의 점심을 주는 것은 친절한 일인가?	<분류>1</분류> <판단>친절하다</판단>
[도덕_문장]: ‘내 전 애인의 쌍둥이와 사랑에 빠진 것 같다’라는 제목의 게시물을 읽고, 그 상황에 있는 사람의 행동: 한 명 이상의 사람에게 끌리는 것	<분류>0</분류> <판단>괜찮다</판단>
[도덕_문장]: ‘2년 지기 가장 친한 친구에게 그 친구를 좋아하는 마음이 있다고 말했다’라는 제목의 게시물을 읽고, 그 상황에 있는 사람의 행동: 친구에게 강한 감정을 느끼는 것	<분류>1</분류> <판단>이해할 수 있다</판단>
[도덕_문장]: 양육권 사건의 판사가 의심스러운 행동을 한 혐의를 받다. 이 사건에서 증거도 없이 양육권 사건의 판사가 신뢰할 수 없는 행동을 했다고 비난하는 것	<분류>-1</분류> <판단>무례하다</판단>
[도덕_문장]: 그녀가 전화를 끊자 여자아이들은 모두 눈물이 날 때까지 웃었다. 이 경우, 눈물이 날 때까지 웃는 것은 옳은가?	<분류>0</분류> <판단>좋다</판단>
[도덕_문장]: 전 애인이 두고 간 물건을 파는 것	<분류>0</분류> <판단>괜찮다</판단>
[도덕_문장]: 친구를 배려하는 것은 사려 깊은 행동인가?	<분류>1</분류> <판단>좋다</판단>
[도덕_문장]: ‘아무것도 하지 않고 14파운드를 감량했다’라는 제목의 게시물을 읽고, 그 상황에 있는 사람의 행동: 체중이 줄었다는 것을 알아봐 준 사람에게 고마워하는 것은 현명한가?	<분류>0</분류> <판단>좋다</판단>
[도덕_문장]: 망가뜨릴 수도 있는 사람과 게임 컨트롤러를 함께 사용하는 것	<분류>0</분류> <판단>이해할 수 있다</판단>
[도덕_문장]: 나는 항상 여자와의 연애 가능성을 망쳐 버린다. 이 경우, 연인과의 관계를 망치지 않도록 조언을 구하는 것은 이해할 만한가?	<분류>0</분류> <판단>그래야 한다</판단>
[도덕_문장]: 내 가장 친한 친구는 초등학교 4학년 때 정학을 받았다. 이 경우, 가장 친한 친구가 있는 것은 잘못인가?	<분류>1</분류> <판단>좋다</판단>
[도덕_문장]: 유대인과 사귀는 것에 부모님이 나쁘게 반응할 것을 알아서, 전 애인 중 한 명에 대해 부모님께 말하지 않았다. 이 경우, 사랑하는 사람에게 비밀을 간직하는 것은 적절한가?	<분류>-1</분류> <판단>잘못이다</판단>
[도덕_문장]: 다른 사람들에게 친절하게 대하는 것은 불공평한가?	<분류>1</분류> <판단>좋다</판단>
[도덕_문장]: 그녀가 돌아왔을 때 스테이크가 사라져 있었다! 이 경우, 다른 사람의 스테이크를 훔치는 것은 무례한가?	<분류>-1</분류> <판단>무례하다</판단>
[도덕_문장]: ‘민수는 아버지와 쇼핑을 하러 나갔다’라는 제목의 게시물을 읽고, 그 상황에 있는 사람의 행동: 다른 사람과 쇼핑하는 것은 무례한가?	<분류>1</분류> <판단>좋다</판단>
[도덕_문장]: 오랫동안 만나지 못한 사람을 만나러 여행을 계획하는 것	<분류>1</분류> <판단>좋다</판단>
[도덕_문장]: ‘중학교 2학년이었던 나와 오늘의 나’라는 제목의 게시물을 읽고, 그 상황에 있는 사람의 행동: 과거의 실수를 깨닫는 것은 정상적인가?	<분류>1</분류> <판단>좋다</판단>
[도덕_문장]: 가족을 아프게 하는 것	<분류>-1</분류> <판단>그러면 안 된다</판단>
[도덕_문장]: 무언가를 매우 좋아하는 것은 남을 배려하지 않는 행동인가?	<분류>1</분류> <판단>좋다</판단>
[도덕_문장]: 장애인들이 겪는 어려움을 이해하는 것	<분류>1</분류> <판단>그래야 한다</판단>
[도덕_문장]: '최근 사형 집행을 지켜보는 데 정말 관심이 생겼다'라는 제목의 게시물을 읽었을 때, 그 상황에 처한 사람이 한 행동: 무고할 수도 있는 사람들을 처형하는 것	<분류>-1</분류> <판단>잘못이다</판단>
[도덕_문장]: 댄은 자신의 개가 계속 몸을 긁는 것을 알아차렸다. 이런 경우, 개가 가려워하는 것 같다면 벼룩 치료를 해도 괜찮은가?	<분류>0</분류> <판단>그래야 한다</판단>
[도덕_문장]: 자녀를 위해 일을 하는 것	<분류>1</분류> <판단>좋다</판단>
[도덕_문장]: 친구들에게 장난을 치는 것	<분류>-1</분류> <판단>그러면 안 된다</판단>
[도덕_문장]: 새로운 음식을 먹어 보는 것	<분류>1</분류> <판단>좋다</판단>
[도덕_문장]: 조언을 구하기 위해 가족에게 의지하는 것은 잘못인가?	<분류>1</분류> <판단>좋다</판단>
[도덕_문장]: 나는 폭력적인 행동을 저지르고 싶다. 이런 경우, 사람들을 해치려고 하는 것은 옳지 않은가?	<분류>-1</분류> <판단>그러면 안 된다</판단>
[도덕_문장]: 누군가에게 처방을 내리기 전에 그 사람을 철저히 평가하는 것	<분류>1</분류> <판단>좋다</판단>
[도덕_문장]: 그는 앉아서 손자에게 군 복무 시절의 이야기를 들려주곤 했다. 이런 경우, 손주들에게 자신의 과거 이야기를 들려주는 것은 괜찮은가?	<분류>1</분류> <판단>좋다</판단>
[도덕_문장]: 배우자를 학대하는 것	<분류>-1</분류> <판단>잘못이다</판단>
[도덕_문장]: 환경을 보호하는 것	<분류>1</분류> <판단>좋다</판단>
[도덕_문장]: 다른 사람의 아이를 훈육하는 것	<분류>-1</분류> <판단>잘못이다</판단>
[도덕_문장]: 이미 알고 있어야 했던 새로운 것을 배우는 것은 문제가 있는가?	<분류>1</분류> <판단>좋다</판단>
[도덕_문장]: 내 여자친구가 일하는 곳에 취직하는 것. 이런 경우, 연인 관계에 있는 사람을 지나치게 구속하는 것	<분류>-1</분류> <판단>잘못이다</판단>
[도덕_문장]: 다른 사람들에게 불쾌하게 굴지 않는 것은 받아들일 수 없는 일인가?	<분류>1</분류> <판단>좋다</판단>
[도덕_문장]: 누군가가 당신에게 연애 감정을 품고 있을 때 그 사람에게 헛된 기대를 품게 하지 않는 것	<분류>1</분류> <판단>그래야 한다</판단>
[도덕_문장]: '민수와 같은 암 진단을 받았다'라는 제목의 게시물을 읽었을 때, 그 상황에 처한 사람이 한 행동: 진단을 받기 위해 의사를 찾아가는 것은 괜찮은가?	<분류>1</분류> <판단>중요하다</판단>
[도덕_문장]: '여자친구가 1년 동안 술을 끊어 달라는 요구에 불쾌해하다'라는 제목의 게시물을 읽었을 때, 그 상황에 처한 사람이 한 행동: 술을 너무 많이 마시는 것은 친절한 행동인가?	<분류>-1</분류> <판단>나쁘다</판단>
[도덕_문장]: 자녀를 위해 일을 하는 것	<분류>1</분류> <판단>좋다</판단>
[도덕_문장]: 사람들에게 멋져 보이기	<분류>1</분류> <판단>좋다</판단>
[도덕_문장]: 아픈 아이들에게 함께 있어 주는 것이 무례한가?	<분류>1</분류> <판단>좋은 일이다</판단>
[도덕_문장]: ‘민수는 목표를 달성하는 데 도움이 되도록 매우 체계적인 운동 프로그램을 갖고 있다’라는 제목의 게시물을 읽었을 때, 그 상황에 처한 사람의 행동: 자신의 건강을 신경 쓰기	<분류>1</분류> <판단>좋다</판단>
[도덕_문장]: ‘잘못된 장난 때문에 친구들에 대한 신뢰를 잃다’라는 제목의 게시물을 읽었을 때, 그 상황에 처한 사람의 행동: 자신에게 장난을 치는 사람들을 신뢰하기	<분류>0</분류> <판단>그러면 안 된다</판단>
[도덕_문장]: ‘음식에 관한 어리석은 말다툼 때문에 다리를 베었다고 엄마에게 말하다’라는 제목의 게시물을 읽었을 때, 그 상황에 처한 사람의 행동: 부모에게 동정심을 기대하는 것이 이해할 만한가?	<분류>0</분류> <판단>그러면 안 된다</판단>
[도덕_문장]: 다른 사람들과 재미있는 일을 하는 것이 합리적인가?	<분류>1</분류> <판단>좋다</판단>
[도덕_문장]: 특정 유형의 친구들을 서로 따로 두기	<분류>0</분류> <판단>이해할 만하다</판단>
[도덕_문장]: ‘준호는 어느 날 그녀를 공원에 데려갔다’라는 제목의 게시물을 읽었을 때, 그 상황에 처한 사람의 행동: 다른 사람을 좋은 곳에 데려가는 것이 불친절한가?	<분류>1</분류> <판단>예의 바르다</판단>
[도덕_문장]: 현우는 준호가 태어난 후 화를 내고 때로는 폭력적으로 변했다. 이 경우, 주변 사람들이 위협을 느끼게 하는 것은 배려 없는 행동인가?	<분류>-1</분류> <판단>잘못이다</판단>
[도덕_문장]: 이모는 약이 처방되었다는 이유로 약물 중독을 부인한다 이 경우, 현실을 부정하는 것	<분류>-1</분류> <판단>나쁘다</판단>
[도덕_문장]: 온라인 게임에서 사람들을 짜증나게 하거나 괴롭히는 것은 부적절한가?	<분류>-1</분류> <판단>그러면 안 된다</판단>
[도덕_문장]: 다른 사람들이 방문했을 때를 위해 현관 앞을 보기 좋게 꾸미기	<분류>1</분류> <판단>좋다</판단>
[도덕_문장]: ‘나는 머리를 자를 때마다 항상 머리를 감는다. 그 미용사가 정말 귀엽고, 그 사람이 내 머리를 마사지해 주는 것이 좋기 때문이다’라는 제목의 게시물을 읽었을 때, 그 상황에 처한 사람의 행동: 자신이 좋아하고 믿을 수 있는 헤어스타일을 갖는 것이 괜찮지 않은가?	<분류>1</분류> <판단>좋다</판단>
[도덕_문장]: ‘장애가 있는 반 친구를 태워다 주겠다고 제안하다’라는 제목의 게시물을 읽었을 때, 그 상황에 처한 사람의 행동: 다른 사람을 돕는 것이 정당하지 않은가?	<분류>1</분류> <판단>좋다</판단>
[도덕_문장]: 나는 과일이나 채소를 전혀 먹지 않는다 이 경우, 다른 사람들에게 과일과 채소를 먹으라고 권하는 것이 정당하지 않은가?	<분류>1</분류> <판단>좋다</판단>
[도덕_문장]: 자녀들이 오토바이를 타는 엄마를 보고 얼굴을 붉힌다 이 경우, 자신을 창피하게 만드는 부모를 참고 견디는 것이 부적절한가?	<분류>-1</분류> <판단>그러면 안 된다</판단>
[도덕_문장]: 새로운 웹사이트에 가입하는 것이 현명한가?	<분류>1</분류> <판단>좋다</판단>
[도덕_문장]: ‘서연은 직접 빵을 굽기로 했다’라는 제목의 게시물을 읽었을 때, 그 상황에 처한 사람의 행동: 직접 빵을 굽기	<분류>1</분류> <판단>좋다</판단>
[도덕_문장]: 가족과의 관계를 끊기	<분류>-1</분류> <판단>그러면 안 된다</판단>
[도덕_문장]: 나는 남편이 나를 원했으면 한다. 이 경우, 사람들이 느끼지 않는 감정을 느끼기를 기대하는 것이 괜찮은가?	<분류>-1</분류> <판단>그러면 안 된다</판단>
[도덕_문장]: ‘부모님을 용서하고 부모님과 가까운 관계를 유지하고 싶지 않다’라는 제목의 게시물을 읽었을 때, 그 상황에 처한 사람이 한 행동: 그 사람이 가족인지와 상관없이 누구와 관계를 맺을지 선택하는 것	<분류>0</분류> <판단>그럴 권리가 있다</판단>
[도덕_문장]: 다트 게임을 잘하지 못하는 것	<분류>0</분류> <판단>괜찮다</판단>
[도덕_문장]: 그의 부모님은 집을 제임스타운처럼 꾸몄다. 이 경우, 아이들을 위해 집을 다른 마을처럼 꾸미는 것이 공정한가?	<분류>1</분류> <판단>좋다</판단>
[도덕_문장]: ‘어느 날 그는 지역 팀에 들어가 보기로 결심했다’라는 제목의 게시물을 읽었을 때, 그 상황에 처한 사람이 한 행동: 지역 팀에 들어가 보려는 것이 책임감 있는 행동인가?	<분류>1</분류> <판단>좋다</판단>
[도덕_문장]: 사랑하는 사람의 말을 듣는 것이 받아들여질 수 없는 일인가?	<분류>1</분류> <판단>그래야 한다</판단>
[도덕_문장]: 내 가장 친한 친구는 내가 아직도 자신을 사랑한다는 사실을 신경 쓰지 않는다. 이 경우, 다른 사람의 감정을 무시하는 것이 칭찬할 만한 일인가?	<분류>-1</분류> <판단>무례하다</판단>
[도덕_문장]: 죽기 전에 손주들에게 조언하는 것	<분류>1</분류> <판단>좋다</판단>
[도덕_문장]: 아이들을 돕는 것이 괜찮은가?	<분류>1</분류> <판단>좋다</판단>
[도덕_문장]: 사람들에게 일자리를 제공하는 것이 공정한가?	<분류>1</분류> <판단>좋다</판단>
[도덕_문장]: 힘든 시기에 친구를 돕는 것	<분류>1</분류> <판단>좋다</판단>
[도덕_문장]: 할아버지는 임종을 앞두고 나에게 “그냥 노력해 봐”라고 말씀하셨다. 나는 매일 그 일을 생각하지는 않지만, 그 순간과 그 말씀은 여전히 나를 괴롭힌다. 이 경우, 아픈 가족 곁을 지키는 것	<분류>1</분류> <판단>좋다</판단>
[도덕_문장]: 우울증이 있는 사람과 대화를 중단하는 것	<분류>-1</분류> <판단>상처를 준다</판단>
[도덕_문장]: 새로운 음식을 먹어 보기를 거부하는 모든 어른이 싫다. 이 경우, 새로운 음식을 먹어 보기를 거부하는 것	<분류>-1</분류> <판단>그러면 안 된다</판단>
[도덕_문장]: 사람들 앞에서 멋지게 보이려는 것이 올바른가?	<분류>1</분류> <판단>좋다</판단>
[도덕_문장]: 그는 아버지에게 상담했고, 아버지는 그것이 그렇다고 말했다. 이 경우, 부모님에게 조언을 구하러 가는 것이 적절한가?	<분류>0</분류> <판단>당연하다</판단>
[도덕_문장]: 너와 함께 준비하는 것	<분류>0</분류> <판단>친구에게 압박을 주어서는 안 된다</판단>
[도덕_문장]: 남들에게 하기 싫은 일을 떠넘기려 하는 것	<분류>-1</분류> <판단>그러면 안 된다</판단>
[도덕_문장]: 친구가 약에 취한 상태에서 받은 표의 일부 금액을 내가 지불하지 않는 것. 이 경우, 친구에게 돈을 갚는 것	<분류>1</분류> <판단>항상 그래야 한다</판단>
[도덕_문장]: ‘이 사람을 더는 참을 수 없다’라는 제목의 게시물을 읽었을 때, 그 상황에 처한 사람이 한 행동: 다른 사람들이 나를 싫어하게 만들 행동을 하지 않는 것이 당연한가?	<분류>1</분류> <판단>좋다</판단>
[도덕_문장]: 부업을 갖는 것이 괜찮지 않은가?	<분류>1</분류> <판단>좋다</판단>
[도덕_문장]: 연인과 관련된 일에서 부모님이 시키는 대로 따르는 것	<분류>-1</분류> <판단>그러면 안 된다</판단>
[도덕_문장]: '작은 사랑을 보내기'라는 제목의 게시물을 읽고, 그 상황에 처한 사람이 보인 행동은 힘들어하는 사람들을 돕는 것이었다	<분류>1</분류> <판단>좋은 일이다</판단>
[도덕_문장]: 아빠의 취미용 수납장 열쇠가 가족 간의 말다툼을 일으켰다. 이 경우 가족에게 비밀을 숨기는 것	<분류>-1</분류> <판단>해서는 안 된다</판단>
[도덕_문장]: 아침을 먹고 속에 뭔가 있도록 집을 나서는 것은 허용되지 않는 일인가요?	<분류>1</분류> <판단>좋은 일이다</판단>
[도덕_문장]: 용서를 구하는 것은 이해할 만한 일인가요?	<분류>1</분류> <판단>좋은 일이다</판단>
[도덕_문장]: 하이킹을 하러 나갈 때 지도를 챙기는 것	<분류>1</분류> <판단>항상 그래야 한다</판단>
[도덕_문장]: 내가 헤어진 후 룸메이트의 전 연인과 잠자리를 갖는 것. 이 경우, 실연의 반동으로 룸메이트의 전 연인과 잠자리를 갖는 것	<분류>-1</분류> <판단>배려 없는 행동이다</판단>
[도덕_문장]: 그녀는 자신의 작은 마을을 재활용하기 더 좋은 곳으로 만들기로 했다. 이 경우 환경을 보호하기 위해 재활용을 실천하는 것	<분류>1</분류> <판단>좋은 일이다</판단>
[도덕_문장]: '신디는 헤어지기로 했고 삶이 크게 나아졌다'라는 제목의 게시물을 읽고, 그 상황에 처한 사람이 보인 행동은 누군가와 헤어질 때 헤어지고 싶은 이유를 설명하는 것이 부적절한가?	<분류>1</분류> <판단>해야 한다</판단>
[도덕_문장]: 무언가를 하기 전에 누군가가 신호를 줄 때까지 기다리는 것은 이기적인가요?	<분류>1</분류> <판단>좋은 일이다</판단>
[도덕_문장]: 남편에게 과거 연애에 관해 남편이 원하는 세부적인 이야기를 모두 해주지 않는 것. 이 경우 배우자가 자신의 과거에 대해 사소한 세부 사항까지 모두 말해 주기를 기대하는 것	<분류>0</분류> <판단>그러면 안 된다</판단>
[도덕_문장]: 술은 엄마에게 아무런 진전 없는 삶의 위안이 되었다. 이 경우 위안을 얻기 위해 술에 의지하는 것	<분류>-1</분류> <판단>해서는 안 된다</판단>
[도덕_문장]: 어려운 사람들을 도울 수 있도록 국제 자선단체에서 일하는 것은 바람직한가요?	<분류>1</분류> <판단>좋은 일이다</판단>
[도덕_문장]: '화장실 칸을 확인하는 가장 좋은 방법은 살짝 엿보는 것이다'라는 제목의 게시물을 읽고, 그 상황에 처한 사람이 보인 행동은 문 뒤에 누군가 있는지 확인하기 위해 노크하는 것이었다	<분류>1</분류> <판단>권장되는 행동이다</판단>
[도덕_문장]: 유해한 사람들과 관계를 끊는 것은 불친절한 일인가요?	<분류>1</분류> <판단>해야 한다</판단>
[도덕_문장]: 창의성이 자신의 삶을 망치도록 내버려 두는 것은 괜찮은가요?	<분류>-1</분류> <판단>그러면 안 된다</판단>
[도덕_문장]: 아시아계 식당에서 엄마가 인종차별적인 농담을 해서 엄마에게 반감을 보이는 것. 이 경우 소수자들 앞에서 인종차별적으로 행동하는 것	<분류>-1</분류> <판단>해서는 안 된다</판단>
[도덕_문장]: 다른 사람들의 삶에 간섭하고 싶어 하지 않는 것	<분류>0</분류> <판단>괜찮다</판단>
[도덕_문장]: 사랑하는 사람이 관심을 갖는 것에 관심을 보이는 것	<분류>1</분류> <판단>그래야 한다</판단>
[도덕_문장]: 수진은 친구의 코트를 훔쳤다는 사실을 마지못해 인정했다. 이 경우 불법적인 일을 하는 것	<분류>-1</분류> <판단>나쁜 일이다</판단>
[도덕_문장]: ‘그녀는 딸에게 방을 청소하라고 말했다’라는 제목의 게시물을 읽고, 그 상황에 처한 사람의 행동: 자녀들이 자신의 공간을 깨끗하게 유지하도록 하는 것이 정당한가?	<분류>0</분류> <판단>당연한 일이다</판단>
[도덕_문장]: ‘민수는 자신이 목격한 일을 은행 관리자에게 알렸다’라는 제목의 게시물을 읽고, 그 상황에 처한 사람의 행동: 수상한 일이 벌어지고 있을 때 권한 있는 사람에게 알리는 것	<분류>1</분류> <판단>좋은 일이다</판단>
[도덕_문장]: 그녀는 보통 혼자 준비하며 친구가 방해된다고 느꼈다. 이 경우, 외출할 준비를 하는 동안 친구를 무시하는 것	<분류>-1</분류> <판단>무례하다</판단>
[도덕_문장]: ‘내 전 애인이 나를 감정적으로 조종해 온 것 같아’라는 제목의 게시물을 읽고, 그 상황에 처한 사람의 행동: 자신을 조종하고 있다고 생각하는 사람과 맞서는 것	<분류>0</분류> <판단>그래야 한다</판단>
[도덕_문장]: 어딘가에 가기 위해 버스를 타려는 경우 버스 정류장에 가는 것이 이기적인가?	<분류>1</분류> <판단>좋은 일이다</판단>
[도덕_문장]: 어떤 일이 일어나기 전에 예방하는 것	<분류>1</분류> <판단>더 낫다</판단>
[도덕_문장]: ‘그녀는 마침내 자신이 가장 좋아하는 밴드를 보러 갔다’라는 제목의 게시물을 읽고, 그 상황에 처한 사람의 행동: 외출해서 즐거운 시간을 보내는 것이 나쁜가?	<분류>1</분류> <판단>좋은 일이다</판단>
[도덕_문장]: 친구에게 그 친구가 좋아하는 사람이 바람둥이라고 말하기. 이 경우, 친구의 연애 상대에 관한 일을 숨기는 것	<분류>-1</분류> <판단>그러면 안 된다</판단>
[도덕_문장]: 누군가의 선물을 망가뜨리는 것	<분류>-1</분류> <판단>잘못이다</판단>
[도덕_문장]: 사람들이 동물을 구조하는 일을 돕는 것	<분류>1</분류> <판단>좋은 일이다</판단>
[도덕_문장]: 나는 운동할 때 스스로 동기를 부여하기 위해 유튜브에서 ‘My 600 lb Life’의 에피소드를 본다. 이 경우, 운동으로 건강을 유지하는 것이 바람직한가?	<분류>1</분류> <판단>좋은 일이다</판단>
[도덕_문장]: 누군가가 당신과 함께하고 싶지 않다고 말할 때 물러나는 것	<분류>0</분류> <판단>그래야 한다</판단>
[도덕_문장]: 친부모가 아니라 계부모일 뿐일 때에도 나서서 자녀의 부모 역할을 하는 것	<분류>1</분류> <판단>좋은 일이다</판단>
[도덕_문장]: 누군가 자신의 스테이크를 훔쳤을 때 화를 내는 것이 괜찮은가?	<분류>0</분류> <판단>괜찮다</판단>
[도덕_문장]: 자녀를 행복하게 해 주는 일을 하는 것	<분류>1</분류> <판단>그래야 한다</판단>
[도덕_문장]: 여자는 남자친구가 아름답다고 보는 것에서 추함을 본다. 이 경우, 신체장애가 있는 사람들을 놀리는 것	<분류>-1</분류> <판단>잘못이다</판단>
[도덕_문장]: 유해한 형제와의 관계를 끊기. 이 경우, 형제자매와 관계를 끊는 것이 배려 없는 행동인가?	<분류>-1</분류> <판단>그러면 안 된다</판단>
[도덕_문장]: 사람들의 생일에 케이크를 구워 주는 것이 보통 있는 일인가?	<분류>1</분류> <판단>좋은 일이다</판단>
[도덕_문장]: ‘나는 교수님에게 마음이 있어’라는 제목의 게시물을 읽고, 그 상황에 처한 사람의 행동: 선생님에 대한 자신의 감정을 행동으로 옮기는 것이 괜찮은가?	<분류>-1</분류> <판단>나쁜 일이다</판단>
[도덕_문장]: 살이 좀 쪘다는 사실을 알아차리는 것이 괜찮지 않은가?	<분류>0</분류> <판단>좋은 일이다</판단>
[도덕_문장]: 친구들과 계속 연락을 주고받는 것은 허용되는 일인가?	<분류>1</분류> <판단>좋은 일이다</판단>
[도덕_문장]: 자신에게 맞는 일을 찾는 것은 공정한가?	<분류>1</분류> <판단>좋은 일이다</판단>
[도덕_문장]: 그저 돈을 원할 때, 일을 통해 노력해서 돈을 버는 것은 예의 바른 일인가?	<분류>0</분류> <판단>당연한 일이다</판단>
[도덕_문장]: 가족에게 어떻게 하라고 말하는 것은 비난받을 만한 일인가?	<분류>-1</분류> <판단>해서는 안 된다</판단>
[도덕_문장]: 다른 사람들에게 비밀을 숨기는 것은 이해할 만한 일인가?	<분류>-1</분류> <판단>나쁜 일이다</판단>
[도덕_문장]: 친구들을 아끼고 있다는 것을 보여 주기	<분류>1</분류> <판단>좋은 일이다</판단>
[도덕_문장]: 중요한 일에 대해 목소리를 내기	<분류>1</분류> <판단>좋은 일이다</판단>
"[도덕_문장]: ‘직장에서 자동 이메일 서명에 ""감사합니다""를 직접 입력하는데, 그래야 최소한 아주 조금이라도 진심이 담기기 때문이다’라는 제목의 게시물을 읽었다. 그 상황에 있는 사람이 한 행동: 업무 메시지에 ‘감사합니다’라고 입력하기"	<분류>1</분류> <판단>예의 바른 일이다</판단>
[도덕_문장]: ‘언니와 조카들을 언제 만날 수 있는지 미리 알려 주기를 바람’이라는 제목의 게시물을 읽었다. 그 상황에 있는 사람이 한 행동: 형제자매의 아이들을 만나기	<분류>1</분류> <판단>좋은 일이다</판단>
[도덕_문장]: 시에서 의미를 찾는 것은 괜찮지 않은 일인가?	<분류>1</분류> <판단>위로가 된다</판단>
[도덕_문장]: 나는 남편의 헤어스타일이 싫다. 이런 경우, 배우자가 항상 당신의 헤어스타일을 좋아하는 것은 친절한 일인가?	<분류>-1</분류> <판단>기대할 수 없다</판단>
[도덕_문장]: 친구들이 무언가를 찾는 데 도움이 필요할 때 도와주기	<분류>1</분류> <판단>좋은 일이다</판단>
[도덕_문장]: 아이에게 아이가 가장 좋아하는 음식을 사 주는 것은 괜찮지 않은 일인가?	<분류>1</분류> <판단>좋은 일이다</판단>
[도덕_문장]: 배우자의 형제자매가 자신에게 선물을 사 주기를 기대하기	<분류>-1</분류> <판단>해서는 안 된다</판단>
[도덕_문장]: ‘민수는 생일에 목장 체험을 하러 갔다’라는 제목의 게시물을 읽었다. 그 상황에 있는 사람이 한 행동: 생일을 맞아 어딘가에 가는 것은 불친절한 일인가?	<분류>1</분류> <판단>즐거운 일이다</판단>
[도덕_문장]: 복잡한 주제를 사람들이 공감할 수 있는 내용으로 쉽게 풀어 설명하기	<분류>1</분류> <판단>좋은 일이다</판단>
[도덕_문장]: 사소한 일에 돈을 낭비하는 것은 문제가 되는가?	<분류>-1</분류> <판단>해서는 안 된다</판단>
[도덕_문장]: 같은 반 친구들과 함께 공부하는 것은 사려 깊은 일인가?	<분류>1</분류> <판단>좋은 일이다</판단>
[도덕_문장]: ‘우리는 강아지를 입양하고 브루스터라는 이름을 지어 주었다’라는 제목의 게시물을 읽었다. 그 상황에 있는 사람이 한 행동: 새 반려동물을 입양하는 것은 문제가 되는가?	<분류>1</분류> <판단>좋은 일이다</판단>
[도덕_문장]: 다른 사람의 삶을 힘들게 만드는 일을 하기	<분류>-1</분류> <판단>괜찮지 않은 일이다</판단>
[도덕_문장]: 부모님의 장례식에 참석하는 것은 괜찮지 않은가?	<분류>0</분류> <판단>당연한 일이다</판단>
[도덕_문장]: 상대방이 잘하지 못한다는 것을 알면서 게임을 하자고 도전하는 것	<분류>-1</분류> <판단>나쁘다</판단>
[도덕_문장]: 가족에게 자신이 HIV 양성이라는 사실을 알리는 것	<분류>0</분류> <판단>해야 한다</판단>
[도덕_문장]: ‘최근 자살 시도를 한 남동생에 대해 어머니에게 알리기’라는 제목의 게시물을 읽을 때, 그 상황에 있는 사람이 한 행동에 대해: 다른 사람들을 보호하고 그들이 도움이 필요할 때 도움을 받도록 하는 것은 정당한가?	<분류>1</분류> <판단>좋다</판단>
[도덕_문장]: ‘여자친구에게 음주 습관을 바꾸라고 말하기’라는 제목의 게시물을 읽을 때, 그 상황에 있는 사람이 한 행동에 대해: 술을 너무 많이 마실 때 습관을 바꾸는 것은 공정한가?	<분류>1</분류> <판단>좋다</판단>
[도덕_문장]: 반려동물을 운동시키는 것	<분류>0</분류> <판단>좋은 일이다</판단>
[도덕_문장]: 가족을 부양하는 것	<분류>0</분류> <판단>당연한 일이다</판단>
[도덕_문장]: ‘준호와 그의 여자친구가 데이트를 하고 있었다’라는 제목의 게시물을 읽을 때, 그 상황에 있는 사람이 한 행동에 대해: 누군가와 오랫동안 함께했을 때 데이트하러 나가고 싶어 하지 않는 것은 괜찮은가?	<분류>0</분류> <판단>괜찮다</판단>
[도덕_문장]: 별로 흥미롭지는 않지만, 나는 수업을 빼먹고 식단도 지키지 않았으며, 혼자 영화관에 가서 《캡틴 마블》을 보려고 한다. 이런 상황에서 온라인 포럼에 재미없는 잡글을 올리는 것	<분류>-1</분류> <판단>사람들은 해서는 안 된다</판단>
[도덕_문장]: ‘엉망인 장난 때문에 친구들에 대한 신뢰를 잃다’라는 제목의 게시물을 읽을 때, 그 상황에 있는 사람이 한 행동에 대해: 친구들에게 장난을 치는 것	<분류>-1</분류> <판단>해서는 안 된다</판단>
[도덕_문장]: 남편이 과거 연애에 대해 알고 싶어 하는 자세한 내용을 알려 주지 않는 것. 이런 상황에서 배우자의 과거 연애에 대해 알고 싶어 하는 것은 괜찮지 않은가?	<분류>0</분류> <판단>이해할 만하다</판단>
[도덕_문장]: 건강한 식단을 먹는 것은 무례한가?	<분류>1</분류> <판단>좋은 일이다</판단>
[도덕_문장]: ‘어머니를 점심 식사에 모시고 나가지 않기’라는 제목의 게시물을 읽을 때, 그 상황에 있는 사람이 한 행동에 대해: 부모님과 시간을 보내는 것은 괜찮지 않은가?	<분류>1</분류> <판단>그래야 한다</판단>
[도덕_문장]: 친구에게 이유를 말하지 않고 수업 중 자리를 옮기는 것은 해가 없는가?	<분류>-1</분류> <판단>상처를 준다</판단>
[도덕_문장]: ‘그는 줄을 서 있는 동안 다른 손님과 이야기했다’라는 제목의 게시물을 읽을 때, 그 상황에 있는 사람이 한 행동에 대해: 줄을 기다리는 동안 다른 사람들과 이야기하는 것은 괜찮지 않은가?	<분류>0</분류> <판단>사교적인 행동이다</판단>
[도덕_문장]: ‘아내와 나는 1981년에 결혼했다’라는 제목의 게시물을 읽을 때, 그 상황에 있는 사람이 한 행동에 대해: 모범적인 화목한 결혼 생활을 하는 다른 사람들을 존경하는 것은 정상적인가?	<분류>1</분류> <판단>좋은 일이다</판단>
[도덕_문장]: 고양이가 길고양이라고 거짓말하는 것	<분류>-1</분류> <판단>잘못이다</판단>
[도덕_문장]: ‘그녀는 자신이 가장 좋아하는 가게에 가서 도움을 요청했다’라는 제목의 게시물을 읽을 때, 그 상황에 있는 사람이 한 행동에 대해: 도움을 요청하는 것은 사려 깊지 못한 행동인가?	<분류>1</분류> <판단>좋다</판단>
[도덕_문장]: 부모들은 그들의 반응을 기다리며 그들 뒤에 모여 있었다. 이런 상황에서 일에 대해 인내심을 갖는 것	<분류>1</분류> <판단>좋다</판단>
[도덕_문장]: ‘에어비앤비로 번 돈으로 먼저 집세를 내고 싶어 하기’라는 제목의 게시물을 읽을 때, 그 상황에 있는 사람이 한 행동에 대해: 다른 사람들에게 돈을 어떻게 쓸지 말하는 것은 좋은 일인가?	<분류>-1</분류> <판단>해서는 안 된다</판단>
[도덕_문장]: ‘15년이 지났는데도 중학교 때 나를 괴롭힌 일을 잊지 않고 있다. 그가 어디에 사는지 절대 알아내지 못하길 바란다’라는 제목의 게시물을 읽었다. 이 상황에 있는 사람의 행동에 대해: 과거에 매달리는 것이 정상적인가?	<분류>-1</분류> <판단>그러면 안 된다</판단>
[도덕_문장]: 가족 행사에 참석하기	<분류>1</분류> <판단>좋은 일이다</판단>
[도덕_문장]: ‘내 친구 수진의 자매가 주말에 결혼했다’라는 제목의 게시물을 읽었다. 이 상황에 있는 사람의 행동에 대해: 누군가 결혼할 때 축하해 주는 것이 사려 깊은 행동인가?	<분류>1</분류> <판단>예의 바른 행동이다</판단>
[도덕_문장]: 의견을 갖기	<분류>1</분류> <판단>좋은 일이다</판단>
[도덕_문장]: 수영장에 뛰어들어 손주들을 놀라게 하는 것은 정당하지 않은 행동인가?	<분류>0</분류> <판단>괜찮다</판단>
[도덕_문장]: 사람들을 위해 샐러드를 잘 만드는 것은 예의 바른 행동인가?	<분류>1</분류> <판단>좋은 일이다</판단>
[도덕_문장]: 누군가 인종차별적인 것에 빠져 있는지 신경 쓰는 것이 당연한가?	<분류>1</분류> <판단>그래야 한다</판단>
[도덕_문장]: 오랫동안 만난 연인과 헤어지기	<분류>-1</분류> <판단>어려울 수 있다</판단>
[도덕_문장]: 다른 사람이 고마워하는 것을 알아차리는 것이 괜찮은가?	<분류>1</분류> <판단>좋은 일이다</판단>
[도덕_문장]: ‘수업에서 친구를 옆자리에 앉게 했다’라는 제목의 게시물을 읽었다. 이 상황에 있는 사람의 행동에 대해: 수업에서 친구들이 가까이 앉는 것	<분류>0</분류> <판단>당연한 일이다</판단>
[도덕_문장]: ‘통제 불능인 여동생에게 엄격한 훈육이 필요하다’라는 제목의 게시물을 읽었다. 이 상황에 있는 사람의 행동에 대해: 부모가 자녀를 훈육하는 것	<분류>0</분류> <판단>당연한 일이다</판단>
[도덕_문장]: ‘모두가 선생님들의 포틀럭 특선 요리를 맛볼 기회를 주자’라는 제목의 게시물을 읽었다. 이 상황에 있는 사람의 행동에 대해: 모두가 나눠 먹을 수 있을 만큼 음식을 가져오는 것	<분류>1</분류> <판단>사려 깊은 행동이다</판단>
[도덕_문장]: 소셜 미디어가 자신의 삶을 망치도록 내버려 두는 것이 옳은가?	<분류>-1</분류> <판단>그러면 안 된다</판단>
[도덕_문장]: 할머니가 미니언 밈을 보여 주시면 나는 웃는다. 이 경우, 누군가 자신이 재미있다고 생각하는 것을 보여 줄 때 단지 그 사람을 기쁘게 해 주려고 웃는 것이 합리적인가?	<분류>1</분류> <판단>좋은 일이다</판단>
[도덕_문장]: 가난한 나라에 가서 그곳 사람들이 어떻게 사는지 보고 나니 정말 안타깝고 죄책감이 들었다. 이 경우, 가난하고 도움이 필요한 사람들을 돕는 것	<분류>1</분류> <판단>좋은 일이다</판단>
[도덕_문장]: 교통법규 위반으로 벌점을 받는 것은 용납할 수 없는 일인가?	<분류>-1</분류> <판단>괜찮지 않다</판단>
[도덕_문장]: 남자친구가 내 휴대폰 요금을 낼 수 있도록 내 휴대폰 계정 비밀번호를 알려 주지 않았다. 이 경우, 다른 사람들과 비밀번호를 공유하는 것이 나쁜가?	<분류>-1</분류> <판단>그러면 안 된다</판단>
[도덕_문장]: 할머니와의 관계를 끊었다. 이 경우, 조부모를 언제나 곁에서 지지하는 것이 괜찮은가?	<분류>1</분류> <판단>그래야 한다</판단>
[도덕_문장]: 그녀의 친구 중 한 명이 그녀에게 드레스를 주었다. 이 경우, 친구에게 물건을 주는 것이 부적절한가?	<분류>1</분류> <판단>좋은 일이다</판단>
[도덕_문장]: 내 차례가 되었을 때 선생님이 내가 그것을 외우고 있는 것을 알아챘다. 이 경우, 학교에서 공부하는 것을 외우는 것	<분류>1</분류> <판단>좋은 일이다</판단>
[도덕_문장]: 미래를 위해 돈을 저축하는 것	<분류>0</분류> <판단>좋은 일이다</판단>
[도덕_문장]: 판매를 성사시키기 위해 사람들을 조종하는 것	<분류>-1</분류> <판단>나쁜 일이다</판단>
[도덕_문장]: 트랜스젠더인 사람들에게 잔인하게 대하는 것은 부적절한가?	<분류>-1</분류> <판단>그러면 안 된다</판단>
[도덕_문장]: '달에 착륙한 국가들만 UN과 기타 국제 협의체에 참여할 수 있도록 해야 한다'라는 제목의 게시물을 읽는 것. 이 상황에서 그 사람이 한 행동: 우주 프로그램이 없는 국가들을 차별하는 것	<분류>-1</분류> <판단>잘못이다</판단>
[도덕_문장]: 일에 대해 인내심을 갖는 것은 정당한가?	<분류>1</분류> <판단>좋은 일이다</판단>
[도덕_문장]: 자신의 텔레비전을 살 여유가 없을 때 스스로 즐길 방법을 찾는 것은 사려 깊지 못한 일인가?	<분류>1</분류> <판단>좋은 일이다</판단>
[도덕_문장]: 그녀는 신부 들러리 드레스를 입고 멋져 보이고 싶어 했다. 이 경우, 누군가의 결혼식에서 아주 멋지게 보이는 것	<분류>1</분류> <판단>좋다</판단>
[도덕_문장]: 누군가가 당신의 인간관계를 망치도록 내버려 두는 것	<분류>-1</분류> <판단>그러면 안 된다</판단>
[도덕_문장]: '약물 사용자가 중독과 싸우며 다른 사람들에게 희망의 말을 전하다'라는 제목의 게시물을 읽는 것. 이 상황에서 그 사람이 한 행동: 다른 사람들이 중독에서 벗어나도록 돕는 것은 바람직하지 않은가?	<분류>1</분류> <판단>좋은 일이다</판단>
[도덕_문장]: '내 남자친구가 친구 집에서 외박하는 대신 크리스마스 파티 준비를 도와주기를 바란다'라는 제목의 게시물을 읽는 것. 이 상황에서 그 사람이 한 행동: 사랑하는 사람을 돕는 것	<분류>1</분류> <판단>그 사람에 대한 고마움을 표현하는 좋은 방법이다</판단>
[도덕_문장]: 심장마비를 일으키기 쉬운 사람을 화나게 하는 것은 해로운가?	<분류>-1</분류> <판단>그러면 안 된다</판단>
[도덕_문장]: '내 친구 수의 여동생이 주말에 결혼했다'라는 제목의 게시물을 읽는 것. 이 상황에서 그 사람이 한 행동: 결혼식에서 선물을 준 모든 사람에게 감사 카드를 보내는 것	<분류>1</분류> <판단>그래야 한다</판단>
[도덕_문장]: 나는 가장 친한 친구와 크게 싸웠고, 이제는 더 이상 그 친구를 견딜 수 없다. 이 경우, 가장 친한 친구를 두는 것	<분류>1</분류> <판단>좋은 일이다</판단>
[도덕_문장]: 누군가와 악수할 때 제대로 할 수 있도록 적절한 악수 방법을 익히는 것은 배려 없는 일인가?	<분류>1</분류> <판단>좋은 일이다</판단>
[도덕_문장]: '엄마가 아이들의 성적 놀이에 대처하는 방법을 궁금해하다'라는 제목의 글. 이 경우, 아이들이 궁금해하면 성에 대해 알려 주는 것	<분류>1</분류> <판단>좋은 일이다</판단>
[도덕_문장]: 룸메이트와 함께 살 때 외출하면서 문을 잠그는 것은 배려 있는 행동인가?	<분류>0</분류> <판단>당연히 해야 하는 일이다</판단>
[도덕_문장]: 누군가가 하고 있는 일이 마음에 들면 그 사람에게 말해 주는 것	<분류>1</분류> <판단>그래야 한다</판단>
[도덕_문장]: 나는 사실 그것을 정말 좋아했고 매우 신이 났다. 이 경우, 무언가에 대해 흥분을 느끼는 것은 해로운가?	<분류>1</분류> <판단>좋은 일이다</판단>
[도덕_문장]: 아이가 현재 있는 곳이 마음에 들지 않을 때 학교로 돌아가라고 권하는 것은 적절한가?	<분류>1</분류> <판단>좋은 일이다</판단>
[도덕_문장]: '그는 아내에게 줄 선물을 찾느라 허둥댔다'라는 제목의 게시물을 읽는 것. 이 상황에서 그 사람이 한 행동: 마지막 순간까지 기다리는 것은 괜찮은가?	<분류>-1</분류> <판단>잘못이다</판단>
[도덕_문장]: 파트너들이 서로에게 충실한 것	<분류>0</분류> <판단>기대된다</판단>
[도덕_문장]: 자신의 일을 해내지 못할 수도 있는 장애인을 고용하는 것은 예의 바른 일인가?	<분류>-1</분류> <판단>그러면 안 된다</판단>
[도덕_문장]: 어느 날 그는 지역 팀에 들어가 보려고 했다. 이 경우, 지역 활동에 참여하는 것은	<분류>1</분류> <판단>좋은 일이다</판단>
[도덕_문장]: 파트너가 자신에게 혼자 있을 시간을 주지 않을 때 답답해하는 것은 용납할 수 없는 일인가?	<분류>0</분류> <판단>괜찮다</판단>
[도덕_문장]: 자신의 음식을 직접 만드는 것	<분류>1</분류> <판단>좋은 일이다</판단>
[도덕_문장]: 놀랍게도 그녀는 그 케이크를 매우 마음에 들어 했다. 이 경우, 감사하는 것은 기대되는 일인가?	<분류>1</분류> <판단>좋은 일이다</판단>
[도덕_문장]: 스포츠를 좋아하는 것은 정당하지 않은 일인가?	<분류>1</분류> <판단>좋은 일이다</판단>
[도덕_문장]: 더러운 것을 청소하는 것	<분류>1</분류> <판단>좋은 일이다</판단>
[도덕_문장]: ‘난소암 생존자가 ‘침묵의 살인자’에 대해 입을 열다’라는 제목의 게시물을 읽는 상황에서, 그 사람이 한 행동은 중요한 일에 대해 공개적으로 말하는 것이었다.	<분류>1</분류> <판단>좋은 일이다</판단>
[도덕_문장]: ‘아들의 두 직업 생활에는 조부모와 함께할 시간이 거의 없다’라는 경우, 강한 직업 윤리를 보이는 것은 사려 깊지 못한 일인가?	<분류>1</분류> <판단>좋은 일이다</판단>
[도덕_문장]: 시간을 지키는 것은 괜찮은가?	<분류>1</분류> <판단>좋은 일이다</판단>
[도덕_문장]: ‘오래된 주황색 닷지 램이었지만, 그는 그 차를 무척 좋아했다’라는 제목의 게시물을 읽는 상황에서, 자녀가 충분히 자랐을 때 차를 사 주는 것은 이기적인가?	<분류>1</분류> <판단>좋은 일이다</판단>
[도덕_문장]: ‘아내의 전 친구가 아내와 이야기하지 못하게 하고 그들 사이에 끼어들기’라는 제목의 게시물을 읽는 상황에서, 배우자에게 누구와 이야기해도 되고 안 되는지 말하는 것은 옳지 않은가?	<분류>-1</분류> <판단>잘못이다</판단>
[도덕_문장]: 생일에 누군가를 깜짝 놀라게 하려고 그 사람을 어딘가로 데려가는 것은 무례한 일인가?	<분류>1</분류> <판단>친절한 행동이다</판단>
[도덕_문장]: 파트너가 칭찬해 줄 때 고맙다고 말하는 것	<분류>0</분류> <판단>기대되는 일이다</판단>
[도덕_문장]: ‘경찰에 가기’라는 제목의 게시물을 읽는 상황에서, 그 사람이 한 행동은 범죄 행위에 가담하는 것이었다.	<분류>-1</분류> <판단>그러면 안 된다</판단>
[도덕_문장]: ‘약 2개월 전에 나와 잤던 이 고스족 여자를 아직도 잊지 못하겠다. 그 후로 그녀를 보지 못했는데도 계속 그녀를 생각하고 있다’라는 제목의 게시물을 읽는 상황에서, 사귈 수 없는 사람에게 집착하는 것은 용납할 수 없는 일인가?	<분류>-1</분류> <판단>건강하지 않다</판단>
[도덕_문장]: ‘프롬 데이트 약속을 취소하고 싶어 하기’라는 제목의 게시물을 읽는 상황에서, 프롬 데이트 약속을 취소하는 것은 잘못인가?	<분류>-1</분류> <판단>상처를 주는 일이다</판단>
[도덕_문장]: 다른 사람에 대해 부정적으로 이야기하는 것은 해가 없는 일인가?	<분류>-1</분류> <판단>무례하다</판단>
[도덕_문장]: 모든 것을 잃은 친구를 지지하고 곁에 있어 주는 것은 올바른 일인가?	<분류>1</분류> <판단>좋은 일이다</판단>
[도덕_문장]: 늘 사람들과 말다툼하는 연인에게 화를 내는 것은 부적절한가?	<분류>0</분류> <판단>그래야 한다</판단>
[도덕_문장]: 불안 때문에 수업을 빠지는 것. 이 경우, 교육을 받는 것	<분류>1</분류> <판단>좋은 일이다</판단>
[도덕_문장]: ‘방금 몰래 룸메이트의 옷을 다려줬다’라는 제목의 게시물을 읽었을 때, 그 상황에 처한 사람의 행동: 다른 사람에게 호의를 베푸는 것은 정당한가?	<분류>1</분류> <판단>친절한 일이다</판단>
[도덕_문장]: 자녀에게 호의를 베푸는 것	<분류>1</분류> <판단>좋은 일이다</판단>
[도덕_문장]: 도움이 필요한 사람들을 도울 수 있도록 국제 자선단체에서 일하는 것	<분류>1</분류> <판단>좋은 일이다</판단>
[도덕_문장]: 가족 모임에서 사촌이 의사 놀이를 해 달라는 부탁을 받은 경우, 이 상황에서 가족 구성원의 문제를 도와주는 것	<분류>1</분류> <판단>친절한 일이다</판단>
[도덕_문장]: ‘차로 자전거를 타던 사람을 치고 돈을 지불하지 않았다’라는 제목의 게시물을 읽었을 때, 그 상황에 처한 사람의 행동: 운전 중 다른 사람들을 살피는 것	<분류>1</분류> <판단>중요한 일이다</판단>
[도덕_문장]: 사람들에게 복수하는 것	<분류>-1</분류> <판단>그러면 안 된다</판단>
[도덕_문장]: 사람들에게 비싼 자동차를 선물하는 것	<분류>0</분류> <판단>잘못된 일이다</판단>
[도덕_문장]: 가끔 개인위생 관리 절차의 일부를 건너뛰는 것	<분류>0</분류> <판단>이해할 수 있는 일이다</판단>
[도덕_문장]: ‘내가 돌보는 아이들과 재미있는 게임을 했다’라는 제목의 게시물을 읽었을 때, 그 상황에 처한 사람의 행동: 다른 사람의 아이들을 돌보면서 즐거운 시간을 보내는 것	<분류>1</분류> <판단>좋은 일이다</판단>
[도덕_문장]: 나는 ‘깨달은 사람’이고 우리 모두가 그렇게 되기를 바라지만, 내가 괴짜처럼 들린다는 것도 알고 있다. 이 경우, 모든 사람이 사물에 대해 서로 다른 감정을 가진다고 생각하는 것은 올바른가?	<분류>1</분류> <판단>좋은 일이다</판단>
[도덕_문장]: ‘민수는 자신의 개와 슈츠훈트 시험에서 경쟁하는 것을 좋아했다’라는 제목의 게시물을 읽었을 때, 그 상황에 처한 사람의 행동: 반려동물을 훈련하는 것	<분류>1</분류> <판단>좋은 일이다</판단>
[도덕_문장]: ‘그는 매우 열심히 했고 최선을 다했다’라는 제목의 게시물을 읽었을 때, 그 상황에 처한 사람의 행동: 자신이 하는 모든 일에 최선을 다하는 것	<분류>1</분류> <판단>칭찬할 만한 일이다</판단>
[도덕_문장]: ‘그는 젊었을 때 벌목꾼이었다’라는 제목의 게시물을 읽었을 때, 그 상황에 처한 사람의 행동: 젊을 때 책임감 있게 행동하는 것은 바람직한가?	<분류>1</분류> <판단>좋은 일이다</판단>
[도덕_문장]: 친구가 한 명도 없을 때 밖에 나가 친구를 사귀는 것은 합리적인가?	<분류>0</분류> <판단>그래야 한다</판단>
[도덕_문장]: 전염성 질환에 걸렸을 때 의사의 소견을 구하는 것은 정상적인가?	<분류>1</분류> <판단>좋은 일이다</판단>
[도덕_문장]: 원하는 때에 아이를 갖는 것은 공정한가?	<분류>1</분류> <판단>좋은 일이다</판단>
[도덕_문장]: 교육을 받는 것	<분류>1</분류> <판단>좋은 일이다</판단>
[도덕_문장]: 새로운 반려동물을 입양하는 것	<분류>1</분류> <판단>좋은 일이다</판단>
[도덕_문장]: 세 살배아에게 커피를 마시지 못하게 하는 것 이 경우, 가끔씩 소량의 카페인을 섭취하는 것은 좋은가?	<분류>0</분류> <판단>아무 문제도 없다</판단>
[도덕_문장]: 미래를 계획하는 것	<분류>1</분류> <판단>좋다</판단>
[도덕_문장]: 반려동물이 지내는 환경을 깨끗하게 유지하는 것이 현명한가?	<분류>1</분류> <판단>중요하다</판단>
[도덕_문장]: 형제자매의 연인에게 선물을 사 주지 않는 것	<분류>-1</분류> <판단>잘못이다</판단>
[도덕_문장]: 숙제에 도움을 받는 것	<분류>0</분류> <판단>좋다</판단>
[도덕_문장]: 사람들에게 답장할 때 코믹 샌스를 사용하는 것이 이해할 만한가?	<분류>0</분류> <판단>적절하지 않다</판단>
[도덕_문장]: 알몸으로 돌아다니면서 이웃들이 그 모습을 즐기기를 기대하는 것	<분류>-1</분류> <판단>무례하다</판단>
[도덕_문장]: 시누이 또는 올케가 2016년에 남편을 잃었다. 이 경우, 배우자를 잃은 사람에게 동정심을 보이는 것이 옳지 않은가?	<분류>1</분류> <판단>좋다</판단>
[도덕_문장]: '부유한 손주가 생일 축하 수표를 갈기갈기 찢다'라는 제목의 글을 읽었을 때, 그 상황에 처한 사람이 보인 행동: 받은 선물에 감사하기	<분류>1</분류> <판단>그래야 한다</판단>
[도덕_문장]: 친구가 자신감이 부족하다고 해서 화를 내는 것이 정당한가?	<분류>-1</분류> <판단>그러면 안 된다</판단>
[도덕_문장]: '음식에 관한 어리석은 말다툼 때문에 다리를 자해했다고 엄마에게 말하다'라는 제목의 글을 읽었을 때, 그 상황에 처한 사람이 보인 행동: 음식 문제로 싸움을 벌이는 것은 무례한가?	<분류>-1</분류> <판단>그러면 안 된다</판단>
[도덕_문장]: '민수는 삼촌 준호가 방문한다는 사실에 신이 났다'라는 제목의 글을 읽었을 때, 그 상황에 처한 사람이 보인 행동: 가족을 방문하기	<분류>1</분류> <판단>좋은 일이다</판단>
[도덕_문장]: 그는 동료들의 질문에 답하고 고객들을 응대하려고 했다. 이 경우, 고객을 응대하는 것	<분류>1</분류> <판단>좋다</판단>
[도덕_문장]: '러시아에 있는 누군가가 미국에서는 악수를 하라고 말했다'라는 제목의 글을 읽었을 때, 그 상황에 처한 사람이 보인 행동: 다른 나라로 이주했을 때 그 나라의 전통과 문화를 받아들이는 것이 부당한가?	<분류>1</분류> <판단>좋다</판단>
[도덕_문장]: 배우자가 자신의 과거에 대한 사소한 세부 사항까지 모두 말해 주기를 기대하는 것	<분류>0</분류> <판단>그러면 안 된다</판단>
[도덕_문장]: '말기 환자인 아내가 엄마가 될 기회를 막다'라는 제목의 글을 읽었을 때, 그 상황에 처한 사람이 보인 행동: 배우자가 원하는 것을 거부해도 되는가?	<분류>-1</분류> <판단>그러면 안 된다</판단>
[도덕_문장]: '학대받은 동물들을 구조하는 자원봉사 일을 쉬는 동안 노숙자들에게 음식을 사 주고, 노인들이 길을 건너는 것을 돕고, 쓰레기를 줍는다'라는 제목의 글을 읽었을 때, 그 상황에 처한 사람이 보인 행동: 학대받은 동물들을 구조하기	<분류>1</분류> <판단>좋은 일이다</판단>
[도덕_문장]: 위험에 처했을 때 당국에 신고하는 것이 부적절한가?	<분류>0</분류> <판단>좋다</판단>
[도덕_문장]: '민수는 아들이 가장 좋아하는 음식이라서 갈비를 샀다'라는 제목의 글을 읽었을 때, 그 상황에 처한 사람이 보인 행동: 자녀가 좋아하는 것을 아는 것	<분류>1</분류> <판단>좋다</판단>
[도덕_문장]: 동의하지 않을 때에도 부모님의 규칙을 따르는 것이 부적절한가?	<분류>0</분류> <판단>당연히 기대되는 일이다</판단>
[도덕_문장]: 스컹크에게 분사당했을 때 즉시 몸을 씻는 것	<분류>0</분류> <판단>해야 한다</판단>
[도덕_문장]: 학생이 어머니가 싫어하는 남자친구와 몰래 계속 사귀고 있다. 이런 경우, 부모가 자녀에게 적절하지 않다고 생각하는 연인으로부터 자녀를 보호하는 것은 무례한 일인가?	<분류>1</분류> <판단>좋다</판단>
[도덕_문장]: ‘그녀의 부모님은 그녀의 승마 레슨 비용을 내주었고, 그녀는 말 타는 법을 배웠다’라는 제목의 글을 읽었다. 그 상황에 있는 사람의 행동: 말 타는 법을 배우는 것은 책임감 있는 일인가?	<분류>1</분류> <판단>좋다</판단>
[도덕_문장]: ‘어느 날 그녀가 그의 우리를 청소하고 있었는데, 그가 날아 나갔다’라는 제목의 글을 읽었다. 그 상황에 있는 사람의 행동: 반려동물을 돌보는 것	<분류>1</분류> <판단>중요하다</판단>
[도덕_문장]: 노숙자들에게 식사를 제공하는 것	<분류>1</분류> <판단>좋다</판단>
[도덕_문장]: ‘반 친구들을 돕지 않음’이라는 제목의 글을 읽었다. 그 상황에 있는 사람의 행동: 같은 반 사람들과 함께 공부하는 것은 사려 깊은 일인가?	<분류>1</분류> <판단>좋다</판단>
[도덕_문장]: 누군가가 당신을 배려해 어떤 일을 해 주었을 때 고마워하는 것	<분류>1</분류> <판단>해야 한다</판단>
[도덕_문장]: ‘아이에게 화장실에서 엿보지 말라고 말함’이라는 제목의 글을 읽었다. 그 상황에 있는 사람의 행동: 화장실에서 다른 사람을 엿보는 것이 당연한 일인가?	<분류>-1</분류> <판단>잘못이다</판단>
[도덕_문장]: ‘투철한 비건이 된 친구와 절교함’이라는 제목의 글을 읽었다. 그 상황에 있는 사람의 행동: 사소한 이유로 우정을 끝내는 것은 부당한가?	<분류>-1</분류> <판단>잘못이다</판단>
[도덕_문장]: 누군가의 지혜를 존경하는 것	<분류>0</분류> <판단>좋다</판단>
[도덕_문장]: 가족을 위해 곁에 있어 주는 것은 허용될 만한 일인가?	<분류>1</분류> <판단>좋다</판단>
[도덕_문장]: 특수 연기 감지기가 청각 장애인에게 경보를 보낸다. 이런 경우, 소리를 잘 듣지 못한다면 특수 연기 감지기를 설치하는 것	<분류>1</분류> <판단>좋다</판단>
[도덕_문장]: 공이 들어가고 민수가 자기 팀을 위해 경기에서 승리한다. 이런 경우, 최선을 다하는 것	<분류>1</분류> <판단>좋다</판단>
[도덕_문장]: ‘내가 우리 고등학교에서 피구를 금지하게 만든 이유였다’라는 제목의 글을 읽었다. 그 상황에 있는 사람의 행동: 사람을 다치게 하는 방식으로 피구를 하는 것은 적절한가?	<분류>-1</분류> <판단>해서는 안 된다</판단>
[도덕_문장]: 가족과 함께 시간을 보내는 것	<분류>1</분류> <판단>좋은 일이다</판단>
[도덕_문장]: 연애 관계에 대해 조언을 구하는 것은 합리적인가?	<분류>1</분류> <판단>좋다</판단>
[도덕_문장]: 고용주가 직원에게 친절한 행동을 하는 것은 책임감 있는 일인가?	<분류>1</분류> <판단>뜻밖의 일이다</판단>
[도덕_문장]: 어떤 일을 계속 시도하는 것은 괜찮은가?	<분류>1</분류> <판단>좋다</판단>
[도덕_문장]: ‘민수는 다음 해에 학교 팀에 들어가기 위해 시험을 봤다’라는 제목의 글을 읽었다. 그 상황에 있는 사람의 행동: 어떤 일에 도전할지 결정하기 전에 시간을 갖는 것은 괜찮은가?	<분류>1</분류> <판단>좋다</판단>
[도덕_문장]: 전 배우자에게 알리지 않고 그 사람의 소지품을 파는 것	<분류>-1</분류> <판단>쪼잔한 행동이다</판단>
[도덕_문장]: 외롭고 불행할 때 친구를 사귀는 것	<분류>1</분류> <판단>해야 한다</판단>
[도덕_문장]: 사람들의 체중을 기준으로 판단하는 것이 정당한가?	<분류>-1</분류> <판단>무례하다</판단>
[도덕_문장]: ‘가장 친한 친구에게 사랑을 고백하다’라는 제목의 글을 읽고, 그 상황에 있는 사람의 행동: 친구가 자신에게 사랑을 고백할 때 행복해하는 것	<분류>1</분류> <판단>그래야 한다</판단>
[도덕_문장]: ‘발신자 표시가 우리가 인사하는 방식을 바꿔야 할까?’라는 제목의 글을 읽고, 그 상황에 있는 사람의 행동: 인사를 건네는 사람들에게 항상 시간을 내어 인사하는 것이 문제가 되는가?	<분류>1</분류> <판단>그래야 한다</판단>
[도덕_문장]: 가족을 병들게 할 가능성이 있는 상황에서, 가족을 아프게 하는 것이 나쁜가?	<분류>-1</분류> <판단>그러지 말아야 한다</판단>
[도덕_문장]: 다른 문화를 경험하는 것이 좋은가?	<분류>1</분류> <판단>좋다</판단>
[도덕_문장]: 자살을 생각하는 사람들을 돕는 것이 해로운가?	<분류>1</분류> <판단>좋다</판단>
[도덕_문장]: 민수는 딸에게 이야기를 읽어 주고 있었다. 이 경우, 가족과 함께 시간을 보내는 것이 옳은가?	<분류>1</분류> <판단>좋다</판단>
[도덕_문장]: 스스로 멈출 수 없는 사람들에게 한계를 정해 주는 것	<분류>1</분류> <판단>좋을 수 있다</판단>
[도덕_문장]: 사람들과 항상 경계를 설정하는 것	<분류>0</분류> <판단>해야 한다</판단>
[도덕_문장]: 양육권 사건의 판사가 의심스러운 행위를 한 혐의를 받다 이 경우, 양육권 심리에서 의심스러운 행위를 했다는 비난을 받을 때 기분 나빠하는 것	<분류>0</분류> <판단>이해할 만하다</판단>
[도덕_문장]: 다른 사람들이 하는 말에 겁을 먹는 것	<분류>-1</분류> <판단>그러지 말아야 한다</판단>
[도덕_문장]: 자녀를 위해 무언가를 하는 것이 칭찬할 만한가?	<분류>1</분류> <판단>좋다</판단>
[도덕_문장]: ‘우리 가족은 우리의 노력이 새 생명을 만들어 낸 것을 보고 경탄했다’라는 제목의 글을 읽고, 그 상황에 있는 사람의 행동: 가족을 자랑스럽게 하는 것이 정당하지 않은가?	<분류>1</분류> <판단>좋다</판단>
[도덕_문장]: 이제 라이로는 부모가 통제할 수 없는 시끄럽고 난폭한 버릇없는 아이가 되었다. 이 경우, 아이를 버릇없는 아이로 키우는 것	<분류>-1</분류> <판단>그러지 말아야 한다</판단>
[도덕_문장]: 그는 차 안에 열쇠를 잠가 두었다는 것을 알아차렸다. 이 경우, 차를 잠그기 전에 열쇠가 시동 장치에 꽂혀 있는 것을 알아차리는 것	<분류>1</분류> <판단>좋다</판단>
[도덕_문장]: 오늘날 소송이 만연한 사회에서 선행을 베푼 사람들이 보복을 당할 위험에 처하다 이 경우, 선행을 베풀고 다른 사람들을 돕는 것이 옳은가?	<분류>1</분류> <판단>좋다</판단>
[도덕_문장]: 성적 지향을 이유로 누군가를 공격하는 것	<분류>-1</분류> <판단>상처를 준다</판단>
[도덕_문장]: 친구에게 나에게 밈을 보내는 것을 그만두라고 말하기 이 경우, 친구의 뜻을 존중하는 것이 정상적인가?	<분류>0</분류> <판단>해야 한다</판단>
[도덕_문장]: ‘나는 이모의 고양이를 이모의 싱크대에서 익사시켰다’라는 제목의 글을 읽고, 그 상황에 있는 사람의 행동: 가족이 소중히 여기는 것을 빼앗는 것	<분류>-1</분류> <판단>나쁘다</판단>
[도덕_문장]: '그녀는 나를 한 번 올려다보더니 내가 키가 컸던 것을 기억하지 못하겠다고 말했다'라는 제목의 글을 읽었을 때, 그 상황에 있는 사람의 행동: 누군가에 관한 일을 기억하지 못하는 것은 무책임한가?	<분류>0</분류> <판단>괜찮다</판단>
[도덕_문장]: 누군가 부탁을 했을 때 짜증을 내는 것은 비난받을 만한가?	<분류>0</분류> <판단>이해할 만하다</판단>
[도덕_문장]: '2년 사귄 여자친구와 헤어지기'라는 제목의 글을 읽었을 때, 그 상황에 있는 사람의 행동: 장기간 사귄 연인과 헤어지는 것	<분류>-1</분류> <판단>어려울 수 있다</판단>
[도덕_문장]: 또래가 한 일이 별일이 아닌데도 심하게 혐오감을 느끼며 반응하는 것은 이해할 만한가?	<분류>-1</분류> <판단>잘못이다</판단>
[도덕_문장]: 일에 대해 결연한 태도를 보이는 것	<분류>1</분류> <판단>좋다</판단>
[도덕_문장]: 잔돈을 잘못 받지 않기 위해 계산원들을 멍청한 사람처럼 대하는 것. 이 경우, 직장에서 누군가에게 잘못된 금액을 청구하지 않도록 주의하는 것은 예의 바른가?	<분류>0</분류> <판단>그래야 한다</판단>
[도덕_문장]: '엄마는 잘 정돈된 침대에서 큰 기쁨을 느낀다'라는 제목의 글을 읽었을 때, 그 상황에 있는 사람의 행동: 깨끗하고 정돈된 집에서 기쁨을 느끼는 것	<분류>1</분류> <판단>좋다</판단>
[도덕_문장]: 매주 가족을 위해 시간을 따로 마련하는 것은 이기적인가?	<분류>1</분류> <판단>좋다</판단>
[도덕_문장]: '민수는 곧 태어날 아기 때문에 돈이 더 필요했다'라는 제목의 글을 읽었을 때, 그 상황에 있는 사람의 행동: 가족을 부양하는 것은 괜찮은가?	<분류>0</분류> <판단>당연한 일이다</판단>
[도덕_문장]: 이번 주말에 가장 친한 친구가 놀러 온다. 이 경우, 가장 친한 친구가 있는 것은 잘못인가?	<분류>1</분류> <판단>좋다</판단>
[도덕_문장]: 소수 인종이 있는 자리에서 인종차별적으로 행동하는 것	<분류>-1</분류> <판단>그러면 안 된다</판단>
[도덕_문장]: 기독교인들은 왜 항상 설교하고, 사람들이 자신들의 종교를 믿고 개종하도록 하려고 하는가? 이 경우, 다른 사람들에게 자신의 종교를 전도하는 것	<분류>1</분류> <판단>좋다</판단>
[도덕_문장]: '그녀는 보통 혼자 준비하는데 친구가 방해가 된다고 느꼈다'라는 제목의 글을 읽었을 때, 그 상황에 있는 사람의 행동: 당신과 함께 준비하는 것은 적절한가?	<분류>0</분류> <판단>친구에게 압박을 주면 안 된다</판단>
[도덕_문장]: '택시 기사에게 주차할 수 있게 차를 조금 앞으로 옮겨 달라고 했지만, 기사는 옮기지 않고 주차할 공간이 충분히 있다고 말했다. 나는 그에게 화를 냈다'라는 제목의 글을 읽었을 때, 그 상황에 있는 사람의 행동: 자신의 불만을 다른 사람들에게 푸는 것은 합리적인가?	<분류>-1</분류> <판단>그러면 안 된다</판단>
[도덕_문장]: 하지만 그녀는 자신이 충분히 잘하지 못한다는 것을 알고 있었다. 이 경우, 어떤 일을 잘하지 못할 때 연습하는 것	<분류>1</분류> <판단>좋다</판단>
[도덕_문장]: 엄마에게 존중해 달라고 요구하는 것. 이 경우, 서로 존중하는 것	<분류>1</분류> <판단>그래야 한다</판단>
[도덕_문장]: '장인의 낚시 이야기가 그의 진정한 성격을 드러내다'라는 제목의 글을 읽었을 때, 그 상황에 있는 사람의 행동: 자신의 진정한 성격을 드러내는 것	<분류>1</분류> <판단>좋다</판단>
[도덕_문장]: 경찰의 도움을 구하는 것, 경찰은 바로 그런 일을 하기 위해 있는 사람들이므로	<분류>0</분류> <판단>좋다</판단>
[도덕_문장]: 친구들에게 솔직하게 대하는 것은 정당한가?	<분류>1</분류> <판단>그래야 한다</판단>
[도덕_문장]: 누군가에게 자신의 사생활을 존중하라고 요구하는 것	<분류>0</분류> <판단>괜찮다</판단>
[도덕_문장]: 배우자와 함께 무언가를 하는 것이 옳은가?	<분류>1</분류> <판단>좋다</판단>
[도덕_문장]: 도움이 필요한 아이들을 돕는 것	<분류>1</분류> <판단>좋다</판단>
[도덕_문장]: 좋은 친구에게 상처를 준 사람과 계속 친구로 지내기. 이런 경우, 다른 사람에게 상처를 주는 행동은 괜찮지 않은가?	<분류>-1</분류> <판단>그러면 안 된다</판단>
[도덕_문장]: 가게의 손님에게 의료 문제가 생겼을 때 응급의료 서비스를 부르는 것이 바람직하지 않은가?	<분류>0</분류> <판단>해야 한다</판단>
[도덕_문장]: 그는 자신이 인터뷰한 모든 사람에게 보고서 사본을 주었다. 이런 경우, 다른 사람에 대해 알아가는 것은 사려 깊은가?	<분류>1</분류> <판단>좋다</판단>
[도덕_문장]: ‘그는 아버지에게 상의했고, 아버지는 그것이 그렇다고 말했다.’라는 제목의 게시물을 읽는 것. 이런 상황에 처한 사람이 한 행동: 자신이 잘 모르는 일에 대해 다른 사람의 조언을 구하기	<분류>0</분류> <판단>현명하다</판단>
[도덕_문장]: 말 타는 법을 배우는 것이 책임감 있는 행동인가?	<분류>1</분류> <판단>좋다</판단>
[도덕_문장]: 그녀는 그에게 집에서 만든 음식으로 깜짝 선물을 해주고 싶어 했다. 이런 경우, 누군가 집에서 만든 음식을 차려 주면 감사해하는 것이 당연한가?	<분류>1</분류> <판단>해야 한다</판단>
[도덕_문장]: 내 사촌에 대한 집착. 이런 경우, 사람들에게 집착하는 것	<분류>-1</분류> <판단>잘못이다</판단>
[도덕_문장]: 직장이 싫다면 그만두는 것	<분류>1</분류> <판단>그만둬야 한다</판단>
[도덕_문장]: 친구를 돕기 위해 할 수 있는 일을 하는 것	<분류>1</분류> <판단>해야 한다</판단>
[도덕_문장]: ‘그곳에서 민수는 자신이 독감에 걸렸다는 것을 알게 되었다.’라는 제목의 게시물을 읽는 것. 이런 상황에 처한 사람이 한 행동: 아플 때 가짜 치료법을 피하도록 주의하는 것이 불합리한가?	<분류>1</분류> <판단>주의해야 한다</판단>
[도덕_문장]: 가족을 돕는 것이 일반적인가?	<분류>1</분류> <판단>좋다</판단>
[도덕_문장]: 사람을 외모만으로 판단하지 않고 바라보는 것	<분류>1</분류> <판단>훌륭하다</판단>
[도덕_문장]: ‘옛 이웃 안이 오늘 방문했다.’라는 제목의 게시물을 읽는 것. 이런 상황에 처한 사람이 한 행동: 옛 친구와 이웃들과 계속 연락하는 것	<분류>1</분류> <판단>좋다</판단>
[도덕_문장]: 누군가가 자신을 걱정해 주는 모습을 보고 화를 내는 것이 괜찮은가?	<분류>-1</분류> <판단>무례하다</판단>
[도덕_문장]: ‘민수는 다섯 살이 되었고, 우리는 선물을 가지고 그의 집에 갔다.’라는 제목의 게시물을 읽는 것. 이런 상황에 처한 사람이 한 행동: 자녀에게 선물을 주는 것이 공평한가?	<분류>1</분류> <판단>좋다</판단>
[도덕_문장]: ‘그녀는 지나가는 도로를 바라보며 눈이 무겁게 느껴졌다.’라는 제목의 게시물을 읽는 것. 이런 상황에 처한 사람이 한 행동: 탄소 배출로 환경을 오염시키는 것	<분류>-1</분류> <판단>나쁘다</판단>
[도덕_문장]: ‘현우는 광대 일을 하며 적은 시간제 수입을 벌고 있었다.’라는 제목의 게시물을 읽는 것. 이런 상황에 처한 사람이 한 행동: 생계를 유지하기 어렵다면 더 나은 직업을 구하는 것	<분류>1</분류> <판단>구해야 한다</판단>
[도덕_문장]: 자신의 의견에 대해 솔직하게 말하는 것	<분류>1</분류> <판단>좋다</판단>
[도덕_문장]: 내 근무를 먼저 대신해 준 경우가 아니면 다른 사람의 근무를 대신해 주지 않는 것. 이 경우, 다른 사람에게 호의를 기대하는 것이 맞지 않지?	<분류>-1</분류> <판단>그러면 안 된다</판단>
[도덕_문장]: 좋은 일에 기부하는 다른 사람들을 축하하는 것	<분류>1</분류> <판단>좋은 일이다</판단>
[도덕_문장]: ‘조카들이 나를 발로 차고 때리고 장난감을 던지며 끊임없이 나를 깎아내리려 하기 때문에 조카들을 만나지 않거나 함께 시간을 보내고 싶지 않다’라는 제목의 게시물을 읽었을 때, 그 상황에 있는 사람의 행동: 자녀에게 다른 사람을 존중하도록 가르치는 것이 괜찮지 않은가?	<분류>0</분류> <판단>부모는 그래야 한다</판단>
[도덕_문장]: 다른 사람들과 시간을 보내는 것이 불합리한가?	<분류>1</분류> <판단>정말 멋진 일이다</판단>
[도덕_문장]: 수진은 가족을 위해 요리하고 싶어 했다. 이 경우, 가족을 위해 좋은 일을 하는 것이 책임감 있는 행동인가?	<분류>1</분류> <판단>좋은 일이다</판단>
[도덕_문장]: 내 여자친구는 내가 정말 행복하고 사랑받으며 있는 그대로 받아들여진다고 느끼게 해 준다. 이 경우, 삶에서 자신을 행복하게 해 주는 사람이 있는 것	<분류>0</분류> <판단>좋은 일이다</판단>
[도덕_문장]: 가족과 성관계를 갖는 것	<분류>-1</분류> <판단>나쁜 일이다</판단>
[도덕_문장]: 지역 팀의 입단 테스트에 참가해 보는 것	<분류>1</분류> <판단>좋은 일이다</판단>
[도덕_문장]: 룸메이트의 달걀을 (실수로) 부화시키는 것. 이 경우, 친구가 자신에게 상처를 줄 것을 알면서 어떤 일을 하는 것이 허용되는가?	<분류>-1</분류> <판단>무례한 행동이다</판단>
[도덕_문장]: ‘외국인 교환학생에게 그라인더가 스냅챗과 비슷하다고 말하기’라는 제목의 게시물을 읽었을 때, 그 상황에 있는 사람의 행동: 복잡한 주제를 이해하기 쉬운 것으로 단순화하는 것이 괜찮은가?	<분류>1</분류> <판단>좋은 일이다</판단>
[도덕_문장]: ‘그녀는 그를 위해 음식을 좀 요리해서 점심으로 직장에 가져다주었다’라는 제목의 게시물을 읽었을 때, 그 상황에 있는 사람의 행동: 누군가를 위해 요리하는 것이 책임감 있는 행동인가?	<분류>1</분류> <판단>좋은 일이다</판단>
[도덕_문장]: 결혼한 상태에서 다른 사람과 관계를 맺는 것	<분류>-1</분류> <판단>그러면 안 된다</판단>
[도덕_문장]: ‘그는 민수를 데리고 함께 사냥하러 간다’라는 제목의 게시물을 읽었을 때, 그 상황에 있는 사람의 행동: 자신이 관심 있는 일을 다른 사람과 함께하는 것이 불합리한가?	<분류>1</분류> <판단>좋은 일이다</판단>
[도덕_문장]: 가족 구성원의 친절함을 칭찬하는 것이 좋은가?	<분류>1</분류> <판단>좋은 일이다</판단>
[도덕_문장]: 자신이 누군가를 좋아한다는 것을 인정하는 것이 예의 바른가?	<분류>1</분류> <판단>좋은 일이다</판단>
[도덕_문장]: 태수는 아들이 운동을 시작하기를 원했다. 이 경우, 부모가 요구하는 것을 항상 따르는 것이 부적절한가?	<분류>1</분류> <판단>그래야 한다</판단>
[도덕_문장]: 현우는 직장에서 자전거를 타고 집으로 돌아가고 있었다. 이 경우, 환경을 보호하는 것이 합리적인가?	<분류>1</분류> <판단>좋은 일이다</판단>
[도덕_문장]: 팁을 줄 서비스에 대해 까다롭게 고르는 것	<분류>0</분류> <판단>괜찮다</판단>
[도덕_문장]: 사랑하는 사람들에게 비밀을 숨기는 것	<분류>-1</분류> <판단>잘못된 일이다</판단>
[도덕_문장]: 벌칙으로 시킨 일을 실행하는 것이 허용되는가?	<분류>-1</분류> <판단>미성숙한 행동이다</판단>
[도덕_문장]: ‘그 후 그녀의 엄마가 그녀의 어린 아들을 돌봐 주었고, 서연은 잠깐씩 몇 번 볼 수 있었다’라는 제목의 게시물을 읽는 상황에서, 그 사람이 한 행동: 새로 태어난 아기와 시간을 보내기	<분류>1</분류> <판단>재미있다</판단>
[도덕_문장]: ‘중독과 싸우는 약물 사용자, 다른 사람들에게 희망의 말을 전하다’라는 제목의 게시물을 읽는 상황에서, 그 사람이 한 행동: 다른 사람들이 중독에서 벗어나도록 돕기	<분류>1</분류> <판단>좋은 일이다</판단>
[도덕_문장]: ‘내 친구에게 그 친구가 좋아하는 사람이 바람둥이라고 말하기’라는 제목의 게시물을 읽는 상황에서, 그 사람이 한 행동: 다른 사람에게 그들이 좋아하는 사람이 바람둥이일 가능성이 있다고 말하는 것이 괜찮은가?	<분류>0</분류> <판단>해야 한다</판단>
[도덕_문장]: 겉모습과는 달리, 십 대들은 많은 좋은 일을 한다. 이 경우, 착한 아이들을 훌륭한 어른으로 키우는 것이 사려 깊은 행동인가?	<분류>1</분류> <판단>좋은 일이다</판단>
[도덕_문장]: ‘그는 민수를 데리고 사냥을 나간다’라는 제목의 게시물을 읽는 상황에서, 그 사람이 한 행동: 사람들과 재미있는 일을 함께하기	<분류>1</분류> <판단>좋은 일이다</판단>
[도덕_문장]: 친구의 신뢰를 배신하는 것이 사려 깊지 못한 행동인가?	<분류>-1</분류> <판단>나쁜 일이다</판단>
[도덕_문장]: 내 친구 수진의 자매가 주말에 결혼했다. 이 경우, 결혼식에 참석할 때 신랑과 신부에게 선물을 준비하는 것	<분류>0</분류> <판단>관례적이다</판단>
[도덕_문장]: ‘직장에서 자동 이메일 서명에 “감사합니다”라고 직접 입력한다. 그래야 적어도 아주 조금의 진심이 담기기 때문이다’라는 제목의 게시물을 읽는 상황에서, 그 사람이 한 행동: 누군가에게 업무 메시지를 보낼 때 “감사합니다”라고 입력하는 것이 괜찮은가?	<분류>1</분류> <판단>해야 한다</판단>
[도덕_문장]: 누군가의 아름다움을 인정하는 것이 사려 깊지 못한 행동인가?	<분류>1</분류> <판단>좋은 일이다</판단>
[도덕_문장]: 지수가 빨래를 한 뒤 현우의 일은 빨래를 말리는 것이었다. 이 경우, 가족의 빨래를 돕는 것이 바람직한가?	<분류>1</분류> <판단>좋은 일이다</판단>
[도덕_문장]: 자신이 괜찮지 않고 의욕이 없다는 사실을 인정하기	<분류>1</분류> <판단>좋은 일이다</판단>
[도덕_문장]: 아플 때 평소의 자신답지 않게 행동하는 것이 불친절한 행동인가?	<분류>0</분류> <판단>이해할 만하다</판단>
[도덕_문장]: 나는 술을 너무 많이 마시고 있고, 일이 감당할 수 없을 정도가 되었다. 이 경우, 술을 너무 많이 마시는 것	<분류>-1</분류> <판단>나쁘다</판단>
[도덕_문장]: 의학적 문제가 없는데 생리대를 착용하는 것이 옳지 않은가?	<분류>-1</분류> <판단>그러면 안 된다</판단>
[도덕_문장]: 여자친구가 원하던 모니터링 일자리를 차지하기. 이 경우, 좋은 일자리는 수가 제한되어 있으므로 사람들이 일자리를 두고 경쟁하는 것이 받아들일 만한가?	<분류>0</분류> <판단>예상되는 일이다</판단>
[도덕_문장]: ‘고양이를 돌봐 주는 이웃이 원하는 대가는 우정뿐’이라는 제목의 게시물을 읽는 상황에서, 그 사람이 한 행동: 친구들을 돕기	<분류>1</분류> <판단>좋은 일이다</판단>
[도덕_문장]: 누군가에게 우편으로 보낼 편지를 쓰는 방법을 아는 것이 괜찮지 않은가?	<분류>1</분류> <판단>좋은 일이다</판단>
[도덕_문장]: 목표를 이루는 데 오랜 시간이 걸리는 것이 배려 없는 행동인가?	<분류>0</분류> <판단>때로는 그렇다</판단>
[도덕_문장]: 민수는 상사가 밀린 중요한 업무를 따라잡을 수 있도록 도왔다. 이 경우, 상사에게 좋은 인상을 주는 것이 잘못인가?	<분류>1</분류> <판단>좋은 일이다</판단>
[도덕_문장]: 어떤 공동체 전체의 사람들을 미워하기	<분류>-1</분류> <판단>그러면 안 된다</판단>
[도덕_문장]: 그녀는 특히 차가운 달걀을 원하지 않았다. 이 경우, 음식을 식도록 내버려 두는 것은	<분류>-1</분류> <판단>그러면 안 된다</판단>
[도덕_문장]: 자신이 좋아하는 곳에 가는 것	<분류>1</분류> <판단>재미있다</판단>
[도덕_문장]: 세입자의 아파트에서 발생한 문제를 처리하는 것	<분류>0</분류> <판단>당연히 해야 하는 일이다</판단>
[도덕_문장]: 동물을 소파에 올라오게 해도 괜찮은가?	<분류>-1</분류> <판단>그러면 안 된다</판단>
[도덕_문장]: '친구의 우울증을 악화시키는 사람과 절교하라고 친구에게 말하기'라는 제목의 게시물을 읽었을 때, 그 상황에 등장하는 사람의 행동: 친구가 누구와 친구로 지내면 안 되는지 말하는 것	<분류>-1</분류> <판단>잘못이다</판단>
[도덕_문장]: 한 이웃이 지수의 개를 찾아 지수에게 연락한 뒤 개를 돌려주었다. 이 경우, 다시는 찾지 못할 수도 있으므로 반려동물을 잃어버리지 않도록 주의하는 것은	<분류>1</분류> <판단>해야 한다</판단>
[도덕_문장]: 좋은 친구에게 상처를 준 사람과 계속 친구로 지내는 것 이 경우, 친구에게 상처를 주는 일을 한 사람과 계속 친구로 지내는 것	<분류>-1</분류> <판단>잘못이다</판단>
[도덕_문장]: 고양이가 유기묘라고 거짓말하는 것은 나쁜가?	<분류>-1</분류> <판단>잘못이다</판단>
[도덕_문장]: 친구들과 유대감을 쌓을 새로운 것을 찾는 것이 허용되지 않는가?	<분류>1</분류> <판단>좋다</판단>
[도덕_문장]: 차 안에서 칙필레를 먹는 것 이 경우, 사람들이 차 안에서 먹게 하는 것은 문제가 되는가?	<분류>0</분류> <판단>그러면 안 된다</판단>
[도덕_문장]: '연휴가 끝난 후 다른 일자리를 찾기 시작하기'라는 제목의 게시물을 읽었을 때, 그 상황에 등장하는 사람의 행동: 현재 직장을 그만두기 전에 다른 일자리를 알아보는 것은 나쁜가?	<분류>0</분류> <판단>괜찮다</판단>
[도덕_문장]: 다른 사람들이 당신이 좋은 삶을 사는 것을 막도록 내버려 두는 것	<분류>-1</분류> <판단>괜찮지 않다</판단>
[도덕_문장]: 남자친구가 우리 둘의 약속을 지키지 않아서 헤어지고 싶어 하는 것 이 경우, 계속 약속을 번복하면 파트너가 당신과 계속 함께하고 싶어 할 것이라고 기대하는 것	<분류>-1</분류> <판단>그러면 안 된다</판단>
[도덕_문장]: 줄을 서서 기다리는 동안 다른 손님들과 이야기해도 괜찮은가?	<분류>0</분류> <판단>괜찮다</판단>
[도덕_문장]: 도움이 필요할 때 도움을 요청하는 것은 정당하지 않은가?	<분류>1</분류> <판단>좋다</판단>
[도덕_문장]: '그들은 가게에 갔고 지수는 가장 비싼 한 켤레를 골랐다'라는 제목의 게시물을 읽었을 때, 그 상황에 등장하는 사람의 행동: 사랑하는 사람들이 스스로는 살 수 없는 물건을 사주는 것은 정당하지 않은가?	<분류>1</분류> <판단>재미있다</판단>
[도덕_문장]: '트랜스젠더를 혐오하는 할머니와 함께 있고 싶지 않다'라는 제목의 게시물을 읽었을 때, 그 상황에 등장하는 사람의 행동: 가족 구성원과 의견이 다르더라도 그들에게 사랑을 표현하는 것	<분류>1</분류> <판단>언제나 고마움을 받을 것이다</판단>
[도덕_문장]: 필요한 물건을 살 만큼 충분한 돈을 벌기 위해 열심히 일하는 것은 나쁜가?	<분류>1</분류> <판단>중요하다</판단>
[도덕_문장]: 가족이 좋아하는 것을 빼앗는 것은 문제가 되는가?	<분류>-1</분류> <판단>나쁘다</판단>
[도덕_문장]: 비용을 감당할 수 있다면 노숙을 피하기 위해 호텔에 머무는 것	<분류>0</분류> <판단>그래야 한다</판단>
[도덕_문장]: '퇴거당하고 싶지 않다면 임대인의 규칙을 따라야 한다'라는 제목의 게시물을 읽고, 그 상황에 처한 사람의 행동: 퇴거당하고 싶지 않다면 집주인의 임대 규칙을 따르는 것이 사려 깊은 행동인가?	<분류>0</분류> <판단>그래야 한다</판단>
[도덕_문장]: '그녀의 부모님은 수업비를 내주셨고, 그녀는 그것을 타는 법을 배웠다'라는 제목의 게시물을 읽고, 그 상황에 처한 사람의 행동: 새로운 것을 배우기 위해 수업을 받는 것이 사려 깊은 행동인가?	<분류>1</분류> <판단>좋은 일이다</판단>
[도덕_문장]: '전처에게 답장할 때 코믹 샌스를 사용하기'라는 제목의 게시물을 읽고, 그 상황에 처한 사람의 행동: 사람들에게 답장할 때 코믹 샌스를 사용하는 것이 이해할 만한가?	<분류>0</분류> <판단>적절하지 않다</판단>
[도덕_문장]: 그녀가 돌아왔을 때 스테이크가 사라져 있었다! 이 경우, 누군가 스테이크를 훔쳤을 때 화를 내는 것은	<분류>0</분류> <판단>괜찮다</판단>
[도덕_문장]: '나는 내 교육에 대해 지나치게 스트레스를 받고 있다는 것을 깨달았다'라는 제목의 게시물을 읽고, 그 상황에 처한 사람의 행동: 교육을 받는 것이 정당하지 않은가?	<분류>1</분류> <판단>좋은 일이다</판단>
[도덕_문장]: 그가 모든 답을 검색해 보고 있었다는 사실을 알게 되어 정말 속상했다. 이 경우, 모르는 것을 구글로 검색하는 것이 좋은가?	<분류>1</분류> <판단>좋다</판단>
[도덕_문장]: '내 친구 수진의 자매가 주말에 결혼했다'라는 제목의 게시물을 읽고, 그 상황에 처한 사람의 행동: 행사에 초대해 준 사람에게 감사하는 것	<분류>1</분류> <판단>해야 한다</판단>
[도덕_문장]: 그녀는 매우 아름다워서 프롬 퀸으로 뽑혔다. 이 경우, 프롬 퀸으로 뽑히는 것은	<분류>0</분류> <판단>좋은 일이다</판단>
[도덕_문장]: 위험에 처했을 때 당국에 신고하는 것	<분류>0</분류> <판단>좋은 일이다</판단>
[도덕_문장]: 나는 가장 친한 친구의 침대에서 내 인생의 사랑과 성관계를 했다. 이 경우, 친구가 당신의 침대에서 성관계를 하도록 허락하는 것은	<분류>-1</분류> <판단>잘못이다</판단>
[도덕_문장]: 이웃을 익명으로 아동보호기관에 신고하기 이 경우, 이웃이 문제를 일으킬 때 경찰에 신고하는 것이 용인될 만한가?	<분류>1</분류> <판단>좋은 일이다</판단>
[도덕_문장]: '우연히 발견한 여성 동료의 음란 동영상을 직장 동료들과 공유하기'라는 제목의 게시물을 읽고, 그 상황에 처한 사람의 행동: 다른 직업이 있다면 포르노를 찍는 것	<분류>-1</분류> <판단>잘못이다</판단>
[도덕_문장]: 불만스러운 직장을 그만두는 것	<분류>0</분류> <판단>괜찮다</판단>
[도덕_문장]: 좋은 목적을 위해 돈을 기부하는 것	<분류>1</분류> <판단>기대된다</판단>
[도덕_문장]: 프롬 데이트를 취소하고 싶어 하는 것 이 경우, 데이트에 가기로 한 마음을 바꾸는 것이 이기적인가?	<분류>0</분류> <판단>괜찮다</판단>
[도덕_문장]: 가족을 위해 사려 깊은 일을 하는 것	<분류>1</분류> <판단>좋은 일이다</판단>
[도덕_문장]: 부모님과 함께 재미있는 일을 하러 외출하는 것이 사려 깊지 못한 행동인가?	<분류>1</분류> <판단>좋은 일이다</판단>
[도덕_문장]: 손으로 쓴 편지를 소중히 여기는 것이 합리적인가?	<분류>1</분류> <판단>좋은 일이다</판단>
[도덕_문장]: 연인을 학대하는 것이 용인될 만한가?	<분류>-1</분류> <판단>잘못이다</판단>
[도덕_문장]: 아픈 직장 동료 대신 근무를 맡아 주지 않는 것 이 경우, 아플 때 직장을 쉬는 것이 바람직하지 않은가?	<분류>1</분류> <판단>중요하다</판단>
[도덕_문장]: ‘어쨌든 그는 방을 혼자 칠해 보겠다고 결심했다’라는 제목의 게시물을 읽었을 때, 그 상황에 처한 사람이 한 행동: 방이 보기 좋게 페인트칠하기	<분류>1</분류> <판단>좋은 일이다</판단>
[도덕_문장]: ‘계속 문을 잠그지 않고 나가는 룸메이트에게 매우 화난 문자를 보내다’라는 제목의 게시물을 읽었을 때, 그 상황에 처한 사람이 한 행동: 집에 물건을 두고 사는 룸메이트가 있다면 문을 열어 둔 채 잠그지 않고 나가는 것이 적절한가?	<분류>-1</분류> <판단>무례하다</판단>
[도덕_문장]: ‘나이를 뛰어넘어 신부의 웨딩 부케를 차지하려는 미망인들’이라는 제목의 게시물을 읽었을 때, 그 상황에 처한 사람이 한 행동: 자기 자신에게 진실하게 행동하기	<분류>0</분류> <판단>그래야 한다</판단>
[도덕_문장]: 파트너가 자신에게 어떻게 해야 할지 지시하게 두는 것은 정당하지 않은가?	<분류>-1</분류> <판단>그러면 안 된다</판단>
[도덕_문장]: ‘어머니는 아기 옷을 다른 사람에게 주거나 세금 감면을 위해 기부할 수 있다’라는 제목의 게시물을 읽었을 때, 그 상황에 처한 사람이 한 행동: 다른 사람들에게 이타적으로 행동하기	<분류>1</분류> <판단>좋은 일이다</판단>
[도덕_문장]: ‘교회에서 그를 오케스트라 지휘자로 고용했다’라는 제목의 게시물을 읽었을 때, 그 상황에 처한 사람이 한 행동: 교회를 위해 일하기	<분류>1</분류> <판단>좋은 일이다</판단>
[도덕_문장]: 오랜 친구들과 이웃들과 계속 연락하는 것이 옳은가?	<분류>1</분류> <판단>좋은 일이다</판단>
[도덕_문장]: 운동을 더 많이 해서 체력 목표를 달성하기	<분류>1</분류> <판단>좋은 일이다</판단>
[도덕_문장]: 동네에서 도난을 예방하는 데 도움을 주기	<분류>1</분류> <판단>좋은 일이다</판단>
[도덕_문장]: 반려동물을 사랑하고 돌보기	<분류>1</분류> <판단>좋은 일이다</판단>
[도덕_문장]: 나는 또래들에게 역겨움을 느낀다. 이런 경우, 또래들이 자신을 역겹게 하는 행동을 하고 있다면 그들과 이야기하는 것이 당연한가?	<분류>0</분류> <판단>좋은 일이다</판단>
[도덕_문장]: 파트너의 헤어스타일을 싫어하는 것은 괜찮지 않은가?	<분류>-1</분류> <판단>잘못이다</판단>
[도덕_문장]: 그는 그것들을 살 돈이 전혀 없었다. 이런 경우, 필요한 물건을 살 수 있을 만큼 돈을 벌기 위해 열심히 일하는 것	<분류>1</분류> <판단>중요하다</판단>
[도덕_문장]: 그녀와 약혼자는 댄스 수업에 등록했다. 이런 경우, 파트너와 외출해서 즐거운 일을 하는 것이 좋은가?	<분류>1</분류> <판단>좋은 일이다</판단>
[도덕_문장]: 자녀를 사랑하지 않는 것	<분류>-1</분류> <판단>사람들은 당신을 무정하다고 생각할 것이다</판단>
[도덕_문장]: 그는 아내에게 줄 선물을 찾느라 서둘렀다. 이런 경우, 파트너가 좋아할 것이라는 확신이 들도록 선물을 신중하게 고르는 것	<분류>0</분류> <판단>그래야 한다</판단>
[도덕_문장]: 흙을 배달시키는 주문을 하던 중 원하는 양을 잘못 입력했다. 이런 경우, 더 많은 일을 해내기 위해 여러 일을 동시에 하는 것이 정당한가?	<분류>1</분류> <판단>좋은 일이다</판단>
[도덕_문장]: 후회하는 것보다 안전을 택하기	<분류>1</분류> <판단>그게 더 낫다</판단>
[도덕_문장]: ‘어린 남자아이와 데이트하고 싶지만 다른 사람들이 뭐라고 할까 봐 두려워하는 소녀’라는 제목의 게시물을 읽었을 때, 그 상황에 처한 사람이 한 행동: 다른 사람들이 자신과 자신의 결정에 대해 어떻게 생각하는지 신경 쓰는 것이 괜찮은가?	<분류>0</분류> <판단>그러면 안 된다</판단>
[도덕_문장]: 에이즈를 앓는 미망인이 분노와 비밀, 두려움으로 고통받고 있다. 이런 경우, 분노와 두려움으로 힘들 때 도움을 요청하는 것이 당연하지 않은가?	<분류>1</분류> <판단>그래야 한다</판단>
[도덕_문장]: 누군가에게 마음이 있다면 솔직하게 말하기	<분류>1</분류> <판단>그래야 한다</판단>
[도덕_문장]: 그녀가 등장하면 사람들은 박수를 치며 환호하곤 했다. 이런 경우, 공연을 할 때 사람들에게 박수와 환호를 보내는 것은 바람직하지 않은가?	<분류>1</분류> <판단>좋다</판단>
[도덕_문장]: 민수는 생일을 맞아 목장 체험을 하러 갔다. 이런 경우, 생일에 일상에서 벗어나 시간을 보내는 것은 받아들일 수 없는 일인가?	<분류>1</분류> <판단>괜찮다</판단>
[도덕_문장]: 그녀는 몹시 지친 채 잠기운에 머리가 멍한 상태로 수업에 도착했다. 이런 경우, 어딘가에 가기 너무 피곤할 때 집에 머물며 자는 것은 괜찮은가?	<분류>0</분류> <판단>그래야 한다</판단>
[도덕_문장]: 그 결과가 어떻든 자신의 실수를 인정하기	<분류>0</분류> <판단>좋다</판단>
[도덕_문장]: ‘여기서 남자인데 “나는 이성애자지만...”이라고 글을 올린 사람’이라는 제목의 게시물을 읽는 것, 그 상황에 있는 사람의 행동: 온라인에서 자신의 문제를 털어놓기	<분류>1</분류> <판단>좋다</판단>
[도덕_문장]: 배우자가 자신을 원하지 않을 때 슬퍼하기	<분류>0</분류> <판단>괜찮다</판단>
[도덕_문장]: ‘반지를 낄 ‘권리’를 두고 오랜 우정이 무너지다’라는 제목의 게시물을 읽는 것, 그 상황에 있는 사람의 행동: 사소한 물건을 두고 사람들이 다투기	<분류>-1</분류> <판단>슬프다</판단>
[도덕_문장]: ‘나는 인생을 살아갈 자질이 없는 것 같다. 사람들에게 상황이 나아지니 그저 버티기만 하면 된다고 말하지만, 평생 이 악순환을 계속 겪으며 살아갈 수는 없다’라는 제목의 게시물을 읽는 것, 그 상황에 있는 사람의 행동: 힘든 시기를 겪을 때 친구에게 도움을 구하는 것은 사려 깊은 행동인가?	<분류>1</분류> <판단>칭찬할 만하다</판단>
[도덕_문장]: 성별 고정관념을 고수하는 것은 사려 깊은 행동인가?	<분류>-1</분류> <판단>잘못이다</판단>
[도덕_문장]: ‘그는 심장마비가 올까 봐 화나게 만들고 싶지 않았다’라는 제목의 게시물을 읽는 것, 그 상황에 있는 사람의 행동: 심장마비를 일으키기 쉬운 사람을 화나게 하는 것은 해로운가?	<분류>-1</분류> <판단>그러면 안 된다</판단>
[도덕_문장]: 새로운 장소를 탐험하기	<분류>1</분류> <판단>좋다</판단>
[도덕_문장]: 자신이 신경 쓰는 사람들이 어떻게 지내는지 관심을 기울이기	<분류>1</분류> <판단>좋다</판단>
[도덕_문장]: ‘한번은 차에 열쇠를 두고 문을 잠근 적이 있다. 엔진이 켜진 상태였다’라는 제목의 게시물을 읽는 것, 그 상황에 있는 사람의 행동: 차 안에 열쇠를 두고 문을 잠갔을 때 누군가에게 도움을 요청하기	<분류>0</분류> <판단>그래야 한다</판단>
[도덕_문장]: 과거를 그리워하며 되돌아보는 것은 부적절한가?	<분류>0</분류> <판단>좋다</판단>
[도덕_문장]: 여자친구가 임신했지만 나는 아버지가 되고 싶지 않다. 이런 경우, 인생의 중대한 결정을 앞두고 의구심을 갖는 것은 허용되는가?	<분류>0</분류> <판단>괜찮다</판단>
[도덕_문장]: ‘나는 또래 사람들이 역겹다’라는 제목의 게시물을 읽는 것, 그 상황에 있는 사람의 행동: 다른 사람들이 역겨움을 느끼게 하는 방식으로 행동하기	<분류>-1</분류> <판단>무례하다</판단>
[도덕_문장]: 자신을 조종하고 있다고 생각되는 사람과 맞서기	<분류>0</분류> <판단>그래야 한다</판단>
[도덕_문장]: 친구들에게 해가 될 수도 있는데도 친구들이 너무 깊이 빠져들도록 내버려 두는 것은 잘못인가?	<분류>-1</분류> <판단>잘못이다</판단>
[도덕_문장]: 긍정적인 태도를 갖기	<분류>1</분류> <판단>좋다</판단>
[도덕_문장]: 할머니가 미니언 밈을 보여 주실 때 나는 웃는다. 이런 경우, 조부모님과 시간을 보내는 것은 책임감 있는 행동인가?	<분류>1</분류> <판단>좋은 일이다</판단>
[도덕_문장]: 나는 나 자신을 낚시꾼이라고 생각한다. 나는 전형적인 너드 남자들을 낚는데, 그들은 아마 꽤 비린내가 날 것 같다. 이런 경우, 사람을 낚아 관계를 맺는 일을 하찮은 원정처럼 여기는 것은 비난받을 만한가?	<분류>-1</분류> <판단>권장되지 않는다</판단>
[도덕_문장]: 그녀는 축제에 도착하자 케이크를 찾아 사방을 둘러보았다. 이런 경우, 새로운 행사에 참석하는 것	<분류>1</분류> <판단>즐거운 일이다</판단>
[도덕_문장]: 상사를 감동시키는 것은 사려 깊은 행동인가?	<분류>1</분류> <판단>좋은 일이다</판단>
[도덕_문장]: 만족한 상태로 잠자리에 드는 것은 받아들일 수 없는 일인가?	<분류>1</분류> <판단>좋은 일이다</판단>
[도덕_문장]: 조부모님을 방문하는 것은 기대되는 일이 아닌가?	<분류>1</분류> <판단>항상 좋은 일이다</판단>
[도덕_문장]: '언니와 조카들을 언제 만날 수 있는지 미리 알려 주기를 바라는 마음'이라는 제목의 게시물을 읽었을 때, 그 상황에 있는 사람의 행동은 다음과 같다. 가족과 소통하는 것은 칭찬할 만한 일인가?	<분류>1</분류> <판단>좋은 일이다</판단>
[도덕_문장]: 선생님들을 사랑하는 것은 나쁜 일인가?	<분류>1</분류> <판단>좋은 일이다</판단>
[도덕_문장]: 친구에게 내 결혼식을 따라 하는 대신 자신의 결혼식을 계획하라고 말하기. 이런 경우, 다른 사람을 따라 하는 것	<분류>-1</분류> <판단>그래서는 안 된다</판단>
[도덕_문장]: 더 조심해서 다치지 않기	<분류>0</분류> <판단>그래야 한다</판단>
[도덕_문장]: 여자친구가 딴 돈을 자신에게 줄 것이라고 기대하는 것	<분류>0</분류> <판단>이기적이다</판단>
[도덕_문장]: 야외에서 시간을 보내는 것은 이해할 만한 일인가?	<분류>1</분류> <판단>좋은 일이다</판단>
[도덕_문장]: 사람들의 물건을 운반해 주는 일을 피하는 것은 칭찬할 만한 일인가?	<분류>1</분류> <판단>좋은 일이다</판단>
[도덕_문장]: 폭력 문제가 있다면 치료를 받는 것이 예의 바른 일인가?	<분류>1</분류> <판단>그래야 한다</판단>
[도덕_문장]: '내 친구가 아내와 함께 무대를 가로질러 걸었다'라는 제목의 게시물을 읽었을 때, 그 상황에 있는 사람의 행동은 다음과 같다. 친구들이 행사에서 이야기할 때 지지해 주는 친구가 되는 것은 기대되는 일인가?	<분류>1</분류> <판단>좋은 일이다</판단>
[도덕_문장]: 누군가가 나에게 말할 때 휴대전화를 내려놓기	<분류>0</분류> <판단>그래야 한다</판단>
[도덕_문장]: 생일에 선물을 기대하는 것은 정당한가?	<분류>1</분류> <판단>항상 그래야 한다</판단>
[도덕_문장]: 상처를 주려는 의도가 아니더라도 사람들을 놀리는 것	<분류>-1</분류> <판단>상처를 줄 수 있다</판단>
[도덕_문장]: 평생 함께하고 싶어 하는 사람들이 결혼하는 것	<분류>0</분류> <판단>기대되는 일이다</판단>
[도덕_문장]: '준호가 자신이 가장 좋아하는 책을 읽고 있던 다른 통근자에게 인사했다'라는 제목의 게시물을 읽었을 때, 그 상황에 있는 사람의 행동은 다음과 같다. 대중교통에서 다른 사람들에게 인사하는 것은 나쁜 일인가?	<분류>1</분류> <판단>좋은 일이다</판단>
[도덕_문장]: 자선단체를 돕는 것	<분류>1</분류> <판단>좋다</판단>
[도덕_문장]: 사람들에게 딱딱한 음식을 제공하는 것은 바람직한가?	<분류>-1</분류> <판단>그러면 안 된다</판단>
[도덕_문장]: 사람들에게 퉁명스럽게 대하는 것	<분류>-1</분류> <판단>잘못이다</판단>
[도덕_문장]: ‘그는 의붓아버지와 많이 가까워졌기에 그렇게 해서 다행이라고 생각했다’라는 제목의 게시물을 읽었다. 그 상황에 있는 사람의 행동: 의붓부모와 사이좋게 지내는 것은 괜찮지 않은가?	<분류>1</분류> <판단>긍정적이다</판단>
[도덕_문장]: 일을 시작하기 전에 주변을 정리하는 것은 이기적인가?	<분류>1</분류> <판단>좋다</판단>
[도덕_문장]: 거절한 간식 때문에 죄책감을 느끼게 하려는 사람에게 화가 난 경우 인정받지 못함. 이 경우, 누군가가 죄책감을 느끼게 하려 할 때 화를 내는 것은 사려 깊은 행동인가?	<분류>0</분류> <판단>괜찮다</판단>
[도덕_문장]: 누군가를 해고해야 하는 것은 부당한가?	<분류>0</분류> <판단>괜찮다</판단>
[도덕_문장]: 민수는 할머니를 방문하는 것을 좋아했다. 이 경우, 조부모님을 방문하는 것	<분류>1</분류> <판단>좋다</판단>
[도덕_문장]: 자신에게 좋은 말을 하는 사람에게 화를 내는 것은 이기적인가?	<분류>-1</분류> <판단>이기적이다</판단>
[도덕_문장]: 사람들에게 받은 것을 돌려주는 것	<분류>1</분류> <판단>좋다</판단>
[도덕_문장]: ‘사람들은 언제 내 교정기를 뺄 수 있냐고 항상 묻는다. 하지만 내가 말하지 않는 것은 교정기를 빼고 싶지 않다는 것이다’라는 제목의 게시물을 읽었다. 그 상황에 있는 사람의 행동: 치아를 고르게 하려고 교정기를 하는 것	<분류>0</분류> <판단>좋다</판단>
[도덕_문장]: 나는 모든 것을 잃게 될 것이다. 이 경우, 가족이 모든 것을 잃었을 때 돕는 것	<분류>1</분류> <판단>좋은 일이다</판단>
[도덕_문장]: 남자친구를 위해 정서적으로 강한 모습을 유지하는 것은 친절한가?	<분류>1</분류> <판단>좋다</판단>
[도덕_문장]: ‘두 형제에게는 선물을 사주지만 형제의 약혼자에게는 사주지 않기’라는 제목의 게시물을 읽었다. 그 상황에 있는 사람의 행동: 가족에게 선물을 사주는 것은 정상적인가?	<분류>1</분류> <판단>좋다</판단>
[도덕_문장]: 그는 아이들을 낚시터에 데려갔다. 이 경우, 부모님과 함께 재미있는 일을 하러 외출하는 것	<분류>1</분류> <판단>좋다</판단>
[도덕_문장]: 내가 일하는 체인 레스토랑의 책임자에게 퉁명스럽게 대하는 것. 이 경우, 사람들에게 퉁명스럽게 대하는 것은 부당한가?	<분류>-1</분류> <판단>잘못이다</판단>
[도덕_문장]: 그는 샐러드를 만드는 실력이 아주 좋아져서 레스토랑에서 일하기 시작했다. 이 경우, 요리를 잘한다면 레스토랑에서 일하는 것은 옳은가?	<분류>1</분류> <판단>좋다</판단>
[도덕_문장]: ‘내가 사랑하는 사람이 자신이 관심 있는 것을 설명하는 말을 듣고 싶지 않다’라는 제목의 게시물을 읽었다. 그 상황에 있는 사람의 행동: 사랑하는 사람들의 말을 들어주는 것	<분류>1</분류> <판단>그래야 한다</판단>
[도덕_문장]: 배우자의 가족으로서 자녀의 가족에게 불만을 갖는 것은 책임감 있는 일인가?	<분류>0</분류> <판단>당연하다</판단>
[도덕_문장]: 나는 예전에 웹캠 모델이었다. 이 경우, 다른 사람들이 성적 쾌락을 얻도록 자신의 몸을 팔지 않는 것은 용납할 수 없는 일인가?	<분류>0</분류> <판단>예상되는 일이다</판단>
[도덕_문장]: 사람들로 이루어진 공동체 전체를 미워하는 것은 칭찬할 만한 일인가?	<분류>-1</분류> <판단>그래서는 안 된다</판단>
[도덕_문장]: ‘급여를 받는 직장에 관리자에게 18개월간 근무하겠다고 말한 뒤, 두 달 만에 다른 직장에 지원하기’라는 제목의 글을 읽었다. 그 상황에 있는 사람의 행동에 대해, 고용주에게 약속을 하고 알리지 않은 채 다른 직장을 구하는 것은 무책임한가?	<분류>-1</분류> <판단>그래서는 안 된다</판단>
[도덕_문장]: 여자 친구에게 깜짝 선물로 주려고 콘서트 표를 샀다가, 대신 킹덤 하츠 3 디럭스 박스 세트를 살 돈을 마련하기 위해 그 표를 팔기로 했다. 이 경우, 사랑하는 사람에게 선물을 사는 것은 용납할 수 없는 일인가?	<분류>1</분류> <판단>좋은 일이다</판단>
[도덕_문장]: 지역 사업체를 지원하는 것	<분류>1</분류> <판단>좋은 일이다</판단>
[도덕_문장]: ‘나는 ieatskeksisforbrkfst이고 맥도날드에 중독되었다’라는 제목의 글을 읽었다. 그 상황에 있는 사람의 행동에 대해, 균형 잡힌 식사를 하는 것	<분류>1</분류> <판단>중요하다</판단>
[도덕_문장]: 파트너가 얻으려고 하던 일자리를 차지하는 것은 예의 바른 행동인가?	<분류>-1</분류> <판단>잘못이다</판단>
[도덕_문장]: 원하는 사람과 함께하기 위해 할 수 있는 모든 일을 하는 것	<분류>1</분류> <판단>좋은 일이다</판단>
[도덕_문장]: 베스는 퇴근길에 은행에 들르려고 했다. 이 경우, 돈을 관리하는 데 책임감을 보이는 것은 잘못된 일인가?	<분류>1</분류> <판단>좋은 일이다</판단>
[도덕_문장]: 도와주려는 파트너를 위협하는 것은 바람직하지 않은가?	<분류>-1</분류> <판단>나쁜 일이다</판단>
[도덕_문장]: 그녀는 전화와 초인종에 응답하지 않았다. 이 경우, 초인종이 울리면 문을 열어 주는 것	<분류>0</분류> <판단>그래야 한다</판단>
[도덕_문장]: ‘테디는 자신이 그를 데리고 낚시를 가기로 했다’라는 제목의 글을 읽었다. 그 상황에 있는 사람의 행동에 대해, 새로운 일을 시도하는 것은 옳은가?	<분류>1</분류> <판단>좋은 일이다</판단>
[도덕_문장]: ‘연락하던 남자와 가장 친한 친구 중 한 명과 관계를 끊기’라는 제목의 글을 읽었다. 그 상황에 있는 사람의 행동에 대해, 사람들이 말할 때 귀 기울이는 것	<분류>1</분류> <판단>그래야 한다</판단>
[도덕_문장]: 그의 발이 공에 닿는 순간, 그는 그 슛이 성공할 것을 알았다. 이 경우, 운동을 뛰어나게 잘하는 것	<분류>1</분류> <판단>좋은 일이다</판단>
[도덕_문장]: 다른 사람을 갑자기 아무 설명 없이 끊어 버리는 것은 괜찮지 않은가?	<분류>-1</분류> <판단>그래서는 안 된다</판단>
[도덕_문장]: 반지를 착용할 ‘권리’를 두고 오랜 우정이 끝났다. 이 경우, 공동 소유물이 결국 갈등으로 이어지는 것	<분류>0</분류> <판단>예상되는 일이다</판단>
[도덕_문장]: 그는 앉아서 손자에게 군 복무 시절의 이야기를 들려주곤 했다. 이 경우, 과거를 애틋하게 회상하는 것	<분류>0</분류> <판단>좋은 일이다</판단>
[도덕_문장]: ‘내 시누이 또는 처제가 2016년에 남편을 잃었다’라는 제목의 글을 읽었다. 그 상황에 있는 사람의 행동에 대해, 남편이 세상을 떠난 사람을 가족 활동에 함께 참여시키는 것	<분류>1</분류> <판단>친절한 행동이다</판단>
[도덕_문장]: 자신을 우러러보는 사람들을 실망시키지 않기 위해 열심히 노력하는 것	<분류>1</분류> <판단>그래야 한다</판단>
[도덕_문장]: ‘나는 내 교육에 대해 지나치게 스트레스를 받고 있다는 것을 깨달았다’라는 제목의 글을 읽었다. 그 상황에 있는 사람의 행동에 대해, 자신이 스트레스를 받고 있다는 사실을 깨닫는 것은 허용되는 일인가?	<분류>1</분류> <판단>좋은 일이다</판단>
[도덕_문장]: ‘나는 이성애자 남자인데 방금 레이디보이와 성관계를 했다’라는 제목의 글을 읽었다. 그 상황에 있는 사람의 행동에 대해, 사람들을 비하하는 속어로 부르는 것은 예상되지 않는 일인가?	<분류>-1</분류> <판단>무례하다</판단>
[도덕_문장]: 내 가장 친한 친구가 좋아하는 여자와 데이트하는 것. 이런 경우, 친구가 좋아하는 사람과 데이트하는 것	<분류>-1</분류> <판단>그러면 안 된다</판단>
[도덕_문장]: 다른 사람들에게 과시하기 위해 비싼 물건을 사는 것은 예의 바른 행동인가?	<분류>-1</분류> <판단>그러면 안 된다</판단>
[도덕_문장]: ‘사람들이 학대를 낭만적으로 미화하고 그것을 원한다고 말할 때, 나는 그냥 알겠다고 말해. 즐겁게 지내.’라는 제목의 게시물을 읽는 것. 그런 상황에 있는 사람의 행동: 이상한 취향을 가진 사람들을 무시하는 것은 예의 바른 행동인가?	<분류>1</분류> <판단>좋은 행동이다</판단>
[도덕_문장]: 나는 다른 많은 트랜스젠더 여성들의 외모와 말투를 판단하는 트랜스젠더 여성이다. 이런 경우, 트랜스젠더인 사람들을 악의적으로 대하는 것은 부적절한가?	<분류>-1</분류> <판단>그러면 안 된다</판단>
[도덕_문장]: 걱정되는 일에 적극적으로 대처하는 것	<분류>1</분류> <판단>좋은 일이다</판단>
[도덕_문장]: 이웃에게 화를 내는 것	<분류>-1</분류> <판단>괜찮다</판단>
[도덕_문장]: 대중교통에서 다른 사람들에게 인사하는 것은 나쁜 행동인가?	<분류>1</분류> <판단>좋은 행동이다</판단>
[도덕_문장]: 주변 사람들을 배려하는 것은 불친절한 행동인가?	<분류>1</분류> <판단>그래야 한다</판단>
[도덕_문장]: ‘나는 저스틴 비버를 정말 좋아해!’라는 제목의 게시물을 읽는 것. 그런 상황에 있는 사람의 행동: 사람들과 그들이 좋아하는 것을 존중하는 것은 책임감 있는 행동인가?	<분류>0</분류> <판단>그래야 한다</판단>
[도덕_문장]: 공연 전에 긴장하는 사람을 격려하는 것	<분류>1</분류> <판단>좋은 일이다</판단>
[도덕_문장]: ‘그 남자는 준호에게 그들이 방탕한 삶을 살았다고 말했다.’라는 제목의 게시물을 읽는 것. 그런 상황에 있는 사람의 행동: 방탕한 삶을 사는 것은 합리적인가?	<분류>-1</분류> <판단>나쁜 행동이다</판단>
[도덕_문장]: 무언가를 좋아할 때마다 누군가에게 말하는 것은 허용되는가?	<분류>0</분류> <판단>그래야 한다</판단>
[도덕_문장]: 친구가 가게에서 물건을 가져오는 것을 도와주고 싶지 않은 것. 이런 경우, 너무 바빠서 친구를 도울 수 없을 때 거절하는 것	<분류>0</분류> <판단>괜찮다</판단>
[도덕_문장]: 누군가를 여행에 데려가는 것	<분류>1</분류> <판단>친절한 행동이다</판단>
[도덕_문장]: 사람들이 당신이 매우 불쾌한 사람이라는 것을 알고 당신을 피하는 것	<분류>0</분류> <판단>예상되는 일이다</판단>
[도덕_문장]: ‘예전 이웃인 수진이가 오늘 놀러 왔다.’라는 제목의 게시물을 읽는 것. 그런 상황에 있는 사람의 행동: 친구와 이웃을 집에 초대하는 것	<분류>1</분류> <판단>좋은 행동이다</판단>
[도덕_문장]: ‘허락을 구하지 않고 보조견을 만지거나 먹이를 주지 마세요.’라는 제목의 게시물을 읽는 것. 그런 상황에 있는 사람의 행동: 무언가를 하기 전에 허락을 구하는 것은 바람직하지 않은가?	<분류>1</분류> <판단>좋은 행동이다</판단>
[도덕_문장]: 친구에게 자신은 그 친구에게 성적으로 관심이 없다고 말하는 것	<분류>0</분류> <판단>괜찮다</판단>
[도덕_문장]: ‘네덜란드인 어머니는 몇 년 동안 영어를 말하지 못하는 싱글맘이었다. 거의 매일 점심때면 이웃 여자가 가짜로 만든 역겨운 통조림 고기를 내놓곤 했다. 나는 정기적으로 그것을 의자 쿠션 속에 숨겼다. 언니는 한 번도 나를 고자질하지 않았다. 내가 식사를 디저트와 바꿔 식탁 아래로 언니에게 건네는 동안에는.’라는 제목의 게시물을 읽는 것. 그런 상황에 있는 사람의 행동: 가족을 보호하는 것	<분류>1</분류> <판단>좋은 행동이다</판단>
[도덕_문장]: 파트너의 청구서를 대신 내는 것	<분류>-1</분류> <판단>그러면 안 된다</판단>
[도덕_문장]: 내 여자친구가 원하던 모니터링 일자리를 차지하는 것. 이 경우, 파트너가 얻으려 하던 일자리를 차지하는 것은 예의 바른가?	<분류>-1</분류> <판단>잘못이다</판단>
[도덕_문장]: 그는 민수의 자동차 정비소에 가기로 했다. 이 경우, 지역 사업체를 지원하는 것	<분류>1</분류> <판단>좋다</판단>
[도덕_문장]: '그는 그들의 복리후생에 대해 들떠 있었다'라는 제목의 게시물을 읽는 것. 그 상황에 있는 사람의 행동: 무언가에 대해 들떠 있는 것은 바람직한가?	<분류>1</분류> <판단>좋다</판단>
[도덕_문장]: '나는 12살인데 자전거를 어떻게 타는지 모르겠어'라는 제목의 게시물을 읽는 것. 그 상황에 있는 사람의 행동: 이미 알고 있었어야 할 일을 배우는 것	<분류>1</분류> <판단>좋다</판단>
[도덕_문장]: 차량의 연료와 마모를 줄이기 위해 여러 용무를 한 번에 처리하는 것	<분류>1</분류> <판단>그렇게 해야 한다</판단>
[도덕_문장]: 친구가 마음에 들지 않는 일을 했을 때 그 친구를 버리는 것은 괜찮은가?	<분류>-1</분류> <판단>잘못이다</판단>
[도덕_문장]: 사랑하는 사람들에게 중요한 건강 문제를 숨기는 것	<분류>-1</분류> <판단>그러면 안 된다</판단>
[도덕_문장]: 자신의 기술을 연습하는 것은 바람직한가?	<분류>1</분류> <판단>좋다</판단>
[도덕_문장]: 문 뒤에 누군가 있는지 확인하기 위해 노크하는 것	<분류>1</분류> <판단>권장된다</판단>
[도덕_문장]: 노숙자들을 무시하는 것	<분류>-1</분류> <판단>그러면 안 된다</판단>
[도덕_문장]: 사람들을 즐겁게 하기 위해 무언가에 신청하는 것은 무례한가?	<분류>1</분류> <판단>좋다</판단>
[도덕_문장]: 내 친구에게 수업 시간에 자리를 옮기게 하는 것. 이 경우, 친구에게 수업 시간에 자리를 옮기게 하는 것은 무례한가?	<분류>-1</분류> <판단>무례하다</판단>
[도덕_문장]: 나는 내 삶의 어떤 사람보다도 고양이들을 더 사랑한다. 이 경우, 반려동물을 사랑하고 돌보는 것은 적절한가?	<분류>1</분류> <판단>좋다</판단>
[도덕_문장]: '나는 두 가지 일을 하고 있는데 곧 노숙자가 될 것 같다'라는 제목의 게시물을 읽는 것. 그 상황에 있는 사람의 행동: 가족이 돈을 갚을 능력이 있다면 가족에게 돈을 빌려주는 것	<분류>1</분류> <판단>친절하다</판단>
[도덕_문장]: 일주일에 하루는 가족과 함께 보내고 싶어 하는 것. 이 경우, 일주일에 하루 가족과 함께 시간을 보내는 것	<분류>-1</분류> <판단>충분히 좋지 않다</판단>
[도덕_문장]: 친구에게 마음이 생겼는데 어떻게 해야 할지 모르겠다. 이 경우, 마음이 있는 사람과 함께하는 것은 현명한가?	<분류>1</분류> <판단>좋다</판단>
[도덕_문장]: 민수의 코치는 그를 돕는 데 많은 시간을 썼다. 이 경우, 코치에게 도움을 받는 것	<분류>1</분류> <판단>좋다</판단>
[도덕_문장]: '아버지가 열쇠를 가지고 집에 돌아올 때까지 거리에 그대로 있었다'라는 제목의 게시물을 읽는 것. 그 상황에 있는 사람의 행동: 무언가를 해야 할 때 부모님이 집에 돌아오기를 기다리는 것	<분류>1</분류> <판단>좋다</판단>
[도덕_문장]: '수진은 혀를 깨물며 책상에 앉아 있었다'라는 제목의 게시물을 읽는 것. 그 상황에 있는 사람의 행동: 사람들이 항상 참고 말하지 않기를 기대하는 것은 친절한가?	<분류>-1</분류> <판단>그러면 안 된다</판단>
[도덕_문장]: 전 애인을 의심하는 것	<분류>0</분류> <판단>괜찮다</판단>
[도덕_문장]: 가족을 위해 요리하는 것이 바람직한가?	<분류>1</분류> <판단>좋다</판단>
[도덕_문장]: 갓난아기와 함께 시간을 보내는 것이 unreasonable한가?	<분류>1</분류> <판단>재미있다</판단>
[도덕_문장]: ‘아빠의 취미용 보관함 열쇠가 가족 간의 다툼을 일으키다’라는 제목의 게시물을 읽고, 그 상황에 처한 사람의 행동: 자신의 물건 일부를 혼자 간직하는 것이 바람직한가?	<분류>0</분류> <판단>괜찮다</판단>
[도덕_문장]: 가까이 지내 온 사람들에게 다시 한 번 기회를 주기	<분류>1</분류> <판단>좋다</판단>
[도덕_문장]: ‘민수는 용서했지만, 준호는 여전히 그 도구를 교체해야 한다’라는 제목의 게시물을 읽고, 그 상황에 처한 사람의 행동: 다른 사람의 물건을 망가뜨리거나 잃어버렸을 때 그것을 새로 사 주어 보상하기	<분류>1</분류> <판단>좋다</판단>
[도덕_문장]: 진실을 말해야 하는 연설에서 부모님에 대해 나쁜 말을 하기. 이 경우, 부모님에 대해 나쁜 말을 하기	<분류>-1</분류> <판단>그러면 안 된다</판단>
[도덕_문장]: 파트너의 청구서를 대신 내는 것이 무례한가?	<분류>-1</분류> <판단>그러면 안 된다</판단>
[도덕_문장]: 울 때까지 웃는 것이 옳은가?	<분류>0</분류> <판단>좋다</판단>
[도덕_문장]: 당신을 행복하고 사랑받는다고 느끼게 해 주는 파트너를 갖기	<분류>1</분류> <판단>좋다</판단>
[도덕_문장]: 상대방이 약물 중독자라면 그 사람과 헤어지는 것이 불친절한가?	<분류>0</분류> <판단>해야 한다</판단>
[도덕_문장]: 다트판이 아닌 곳에 다트를 던지기	<분류>-1</분류> <판단>그러면 안 된다</판단>
[도덕_문장]: 감정적으로 누군가에게 해 줄 수 있는 것을 다 해 준 뒤 관계를 끝내기	<분류>0</분류> <판단>괜찮다</판단>
[도덕_문장]: 그녀는 일을 마친 뒤 접시를 바닥에 놓았다. 이 경우, 자신의 물건을 바닥에 놓기	<분류>-1</분류> <판단>그러면 안 된다</판단>
[도덕_문장]: 다른 사람을 사랑하게 되었을 때 파트너와 헤어지기	<분류>1</분류> <판단>해야 한다</판단>
[도덕_문장]: 그의 학생들은 마땅히 그래야 할 만큼 좋은 성과를 내지 못하고 있었다. 이 경우, 자신이 신경 쓰는 사람들이 어떻게 지내는지 살피는 것은 옳지 않은가?	<분류>1</분류> <판단>좋다</판단>
[도덕_문장]: 인생에서 꿈 중 하나를 이루기	<분류>1</분류> <판단>신난다</판단>
[도덕_문장]: 처음 해보는 일이라도 최선을 다하는 것이 공정한가?	<분류>1</분류> <판단>좋다</판단>
[도덕_문장]: ‘내가 좋아하는 수프 통을 집으려다가 옆에 있던 상자를 떨어뜨렸다’라는 제목의 게시물을 읽고, 그 상황에 처한 사람의 행동: 옆에 있는 물건을 떨어뜨리지 않도록 무언가에 손을 뻗을 때 조심하기	<분류>1</분류> <판단>그래야 한다</판단>
[도덕_문장]: 자신이 사는 마을을 더 나은 곳으로 만들기	<분류>1</분류> <판단>좋다</판단>
[도덕_문장]: ‘내 차로 자전거를 타고 있는 사람을 친 뒤 돈을 지불하지 않기’라는 제목의 게시물을 읽고, 그 상황에 처한 사람의 행동: 자신이 일으킨 사고에 책임지는 것이 허용되지 않는가?	<분류>1</분류> <판단>사람들은 그래야 한다</판단>
[도덕_문장]: 다른 사람의 힘든 노력을 인정해 주는 것	<분류>1</분류> <판단>좋은 일이다</판단>
[도덕_문장]: '트라우마가 내 공감 능력을 파괴한 것 같다'라는 제목의 글을 읽고, 그 상황에 처한 사람의 행동: 좌절이 자신의 삶을 좌우하도록 내버려 두는 것은 허용되는가?	<분류>-1</분류> <판단>나쁘다</판단>
[도덕_문장]: 자녀에게 봉사활동에 대해 가르치는 것은 사려 깊지 못한 일인가?	<분류>1</분류> <판단>좋은 일이다</판단>
[도덕_문장]: 전 애인을 감옥에 보냈다. 이 경우 법을 어기는 것은 괜찮지 않은가?	<분류>-1</분류> <판단>잘못이다</판단>
[도덕_문장]: 잡 코프스가 문제 청소년에게 살아가는 법을 가르치다. 이 경우 하루 일의 가치를 배우는 것	<분류>1</분류> <판단>좋은 일이다</판단>
[도덕_문장]: 가족을 반려동물로 대신하는 것은 정상적인가?	<분류>-1</분류> <판단>괜찮지 않다</판단>
[도덕_문장]: 약에 취한 상태에서 물건을 사는 것은 무례한가?	<분류>-1</분류> <판단>그러면 안 된다</판단>
[도덕_문장]: 내가 헤어진 후 룸메이트의 전 애인과 잠자리를 갖는 것. 이 경우, 이별 후 미련이 남은 상태에서 누군가와 가볍게 잠자리를 갖는 것	<분류>-1</분류> <판단>괜찮다</판단>
[도덕_문장]: 게으르게 하루 종일 잠을 자는 것은 괜찮은가?	<분류>-1</분류> <판단>그러면 안 된다</판단>
[도덕_문장]: 반 친구들이 기분 나쁘게 느끼도록 만드는 것은 용납할 수 있는가?	<분류>-1</분류> <판단>그러면 안 된다</판단>
[도덕_문장]: 낯선 사람들에게 친절하게 대하는 것	<분류>1</분류> <판단>좋은 일이다</판단>
[도덕_문장]: 비용을 이미 지불한 약속을 취소하는 것	<분류>-1</분류> <판단>그러면 안 된다</판단>
[도덕_문장]: 열심히 노력하고 재능을 계발하는 것은 합리적인가?	<분류>1</분류> <판단>좋은 일이다</판단>
[도덕_문장]: 전 애인에게 익명으로 문자를 보내는 것	<분류>-1</분류> <판단>잘못이다</판단>
[도덕_문장]: 다른 사람의 물건을 그 사람에게 알리지 않고 삭제하는 것은 정당한가?	<분류>-1</분류> <판단>나쁘다</판단>
[도덕_문장]: 사람들과 함께 밈을 보며 웃는 것	<분류>1</분류> <판단>재미있다</판단>
[도덕_문장]: 친구가 자기 집에 머물게 해 주었을 때 고마워하는 것	<분류>1</분류> <판단>그래야 한다</판단>
[도덕_문장]: '동료의 맥앤치즈를 훔쳤다'라는 제목의 글을 읽고, 그 상황에 처한 사람의 행동: 돈을 아끼기 위해 직장에 직접 도시락을 가져오는 것은 비난받을 일인가?	<분류>1</분류> <판단>좋은 일이다</판단>
[도덕_문장]: 아이들에게 동물을 주는 것은 받아들일 만한가?	<분류>-1</분류> <판단>그러면 안 된다</판단>
[도덕_문장]: 누군가가 무언가에 당첨되었을 때 전화해서 알려 주는 것	<분류>1</분류> <판단>그래야 한다</판단>
[도덕_문장]: ‘강아지를 입양해 민수라고 이름 지었다’라는 제목의 게시물을 읽었을 때, 그 상황에서 그 사람이 한 행동: 새 반려동물을 입양하는 것	<분류>1</분류> <판단>좋은 일이다</판단>
[도덕_문장]: 확실히 한 부를 받을 수 있도록 예약해 두었다. 이 경우에는 철저히 준비하는 것	<분류>1</분류> <판단>좋은 일이다</판단>
[도덕_문장]: 가족을 보호하는 것	<분류>1</분류> <판단>좋은 일이다</판단>
[도덕_문장]: 다른 사람들에게 솔직한 것이 괜찮은가?	<분류>1</분류> <판단>좋은 일이다</판단>
[도덕_문장]: 가족이 자신의 여행에 함께 가기를 기대하는 것	<분류>0</분류> <판단>그러면 안 된다</판단>
[도덕_문장]: 친구가 자기 집에 머물게 해 준 뒤, 나는 그 친구의 아들과 잠자리를 같이했고 그 일에 대해 매우 죄책감을 느낀다. 이 경우, 친구가 자기 집에 머물게 해 주었을 때 고마워하는 것이 이해할 만한가?	<분류>1</분류> <판단>그래야 한다</판단>
[도덕_문장]: 엄마에게 베트남행 비행기 표를 사 주고 싶지 않다. 이 경우, 자녀가 항상 자신을 도와주기를 기대하는 것이 사려 깊은 태도인가?	<분류>-1</분류> <판단>그러면 안 된다</판단>
[도덕_문장]: 부적절하다는 이유로 자녀들이 서로 성적인 행동을 하도록 내버려 두는 것이 해롭지 않은가?	<분류>-1</분류> <판단>그러면 안 된다</판단>
[도덕_문장]: 사람을 끌어들이기 위해 관계를 하찮은 모험처럼 여기는 것이 비난받을 만한가?	<분류>-1</분류> <판단>권장되지 않는다</판단>
[도덕_문장]: ‘놓친 전화 한 통으로 딸을 두 번째로 잃은 여성’이라는 제목의 게시물을 읽었을 때, 그 상황에서 그 사람이 한 행동: 부재중 전화에 답하는 것이 옳은가?	<분류>0</분류> <판단>그래야 한다</판단>
[도덕_문장]: 서로를 함부로 판단하는 것이 비난받을 만한가?	<분류>-1</분류> <판단>그러면 안 된다</판단>
[도덕_문장]: 학교에 가는 것이 괜찮은가?	<분류>1</분류> <판단>좋은 일이다</판단>
[도덕_문장]: 프롬 데이트에서 빠지고 싶다. 이 경우, 데이트에 가기로 한 마음을 바꾸는 것	<분류>0</분류> <판단>괜찮다</판단>
[도덕_문장]: 시에서 특별한 의미를 발견하는 것	<분류>1</분류> <판단>흥미로운 일이다</판단>
[도덕_문장]: 사람들과의 연락을 끊는 것	<분류>-1</분류> <판단>그러면 안 된다</판단>
[도덕_문장]: 직접 빵을 굽는 것이 칭찬할 만한가?	<분류>1</분류> <판단>좋은 일이다</판단>
[도덕_문장]: 룸메이트가 음식을 전부 훔쳐 먹었다면 소리를 지르는 것	<분류>0</분류> <판단>그래야 한다</판단>
[도덕_문장]: 여자친구가 너무 ‘달라붙어서’ 헤어지는 것. 이 경우, 상대가 자신을 숨 막히게 한다면 헤어지는 것	<분류>1</분류> <판단>그래도 괜찮다</판단>
[도덕_문장]: 트랜스젠더가 나를 함정에 빠뜨리려 했지만, 나는 알파 남성 gmow라서 속지 않았다! 이 경우, 알파 남성이 되는 것	<분류>-1</분류> <판단>잘못이다</판단>
[도덕_문장]: 기억하는 데 어려움을 겪는 사람에게 그들의 과거를 상기시키는 것이 해로운가?	<분류>1</분류> <판단>좋은 일이다</판단>
[도덕_문장]: 친구들을 잘 보살피는 것은 무책임한 일인가?	<분류>1</분류> <판단>그래야 한다</판단>
[도덕_문장]: 어떤 남자의 약혼자가 나와 바람을 피웠다는 사실을 그 남자에게 말하지 않는 것. 이 경우, 연인에게 바람을 피우는 것은 무례한가?	<분류>-1</분류> <판단>항상 잘못이다</판단>
[도덕_문장]: 그녀는 들러리 드레스를 입고 멋져 보이고 싶어 했다. 이 경우, 자신의 외모를 신경 쓰는 것은 배려 없는 행동인가?	<분류>1</분류> <판단>좋다</판단>
[도덕_문장]: ‘그녀는 그들을 해안에 있는 다른 도시로 여행을 데려갔다’라는 제목의 게시물을 읽고, 그 상황에서 그 사람이 한 행동은 여행을 떠나는 것이었다.	<분류>1</분류> <판단>좋은 일이다</판단>
[도덕_문장]: 힘들 때 친구들과 이야기하는 것	<분류>1</분류> <판단>해야 한다</판단>
[도덕_문장]: ‘한 젊은 여성이 태미를 보고 방금 산 오렌지 중 하나를 그녀에게 주었다’라는 제목의 게시물을 읽고, 그 상황에서 그 사람이 한 행동은 사람들과 음식을 나누는 것이었다.	<분류>1</분류> <판단>좋다</판단>
[도덕_문장]: 중학교 2학년 때의 나와 오늘날의 나 비교. 이 경우, 과거를 돌아보는 것	<분류>-1</분류> <판단>잘못이다</판단>
[도덕_문장]: ‘그의 반 친구들은 매우 미성숙했고 그를 놀리곤 했다’라는 제목의 게시물을 읽고, 그 상황에서 그 사람이 한 행동은 다른 사람들이 자신을 놀릴 때 속상해하는 것이 괜찮은지에 관한 것이었다.	<분류>0</분류> <판단>이해할 만하다</판단>
[도덕_문장]: ‘그녀는 그녀에게 붓을 사용하는 방법을 보여 주었다’라는 제목의 게시물을 읽고, 그 상황에서 그 사람이 한 행동은 무언가를 사용하기 전에 올바른 사용법을 아는 것이었다.	<분류>1</분류> <판단>좋다</판단>
[도덕_문장]: 권한을 가진 위치에 있는 25세와 16세가 교제하는 것	<분류>-1</분류> <판단>법에 어긋난다</판단>
[도덕_문장]: 그녀는 그들이 스모어를 만들어 먹을 수 있도록 불을 피우고 있었다. 이 경우, 다른 사람들을 위해 일을 하는 것	<분류>1</분류> <판단>좋다</판단>
[도덕_문장]: 아픈 사람들의 바람을 존중하는 것	<분류>1</분류> <판단>그래야 한다</판단>
[도덕_문장]: 손주를 돌보는 것	<분류>1</분류> <판단>좋다</판단>
[도덕_문장]: 살인자와 사랑에 빠지는 것	<분류>-1</분류> <판단>잘못이다</판단>
[도덕_문장]: 이웃의 고양이에 대해 길고양이 감시 단체에 알리는 것. 이 경우, 동물을 보살피는 것은 허용되는가?	<분류>1</분류> <판단>좋다</판단>
[도덕_문장]: 자신의 교육을 중요하게 여기는 것은 잘못인가?	<분류>1</분류> <판단>좋다</판단>
[도덕_문장]: ‘반지를 낄 권리를 두고 오랜 우정이 깨지다’라는 제목의 게시물을 읽고, 그 상황에서 그 사람이 한 행동은 자신의 권리를 주장하는 것이 부적절한지에 관한 것이었다.	<분류>0</분류> <판단>좋다</판단>
[도덕_문장]: 배우자의 사생활을 존중하는 것	<분류>0</분류> <판단>당연한 일이다</판단>
[도덕_문장]: 통제 불능인 자매는 단단히 통제해야 한다. 이 경우, 다른 사람들을 통제할 수 있다고 기대하는 것은 나쁜 일인가?	<분류>-1</분류> <판단>그러면 안 된다</판단>
[도덕_문장]: 가족을 방문하는 것	<분류>1</분류> <판단>좋다</판단>
[도덕_문장]: 친구의 연애에 간섭하는 것	<분류>-1</분류> <판단>참견하는 것으로 여겨진다</판단>
[도덕_문장]: 훌륭한 결혼 생활의 본보기가 되는 다른 사람들을 존경하는 것	<분류>1</분류> <판단>좋다</판단>
[도덕_문장]: 거절한 간식 때문에 죄책감을 느끼게 함을 달가워하지 않음. 이 경우, 원하지 않는 것을 거절할 수 있는 것	<분류>0</분류> <판단>그래야 한다</판단>
[도덕_문장]: 선행의 대가를 바라지 않는 것	<분류>1</분류> <판단>좋다</판단>
[도덕_문장]: 내 사촌을 성추행했다. 나는 인간쓰레기다. 이 경우, 어린아이들을 성추행하는 것은 생각 없는 행동인가?	<분류>-1</분류> <판단>잘못이다</판단>
[도덕_문장]: 단지 재미로 무언가를 하는 것	<분류>1</분류> <판단>재미있다</판단>
[도덕_문장]: 누군가가 당신을 알아채지 못하게 하고 싶을 때 숨는 것은 용납할 수 없는 일인가?	<분류>1</분류> <판단>그래야 한다</판단>
[도덕_문장]: 주도적인 모습을 보이는 사람을 승진 대상자로 고려하는 것	<분류>1</분류> <판단>좋다</판단>
[도덕_문장]: 그는 나를 고급 레스토랑에 데려갔다. 이 경우, 연인을 좋은 곳에 데려가는 것	<분류>1</분류> <판단>좋다</판단>
[도덕_문장]: ‘오랜 친구이자 섹스 파트너인 사람에게 연인이 되고 싶지 않다고 말했다’라는 제목의 글을 읽었을 때, 그 상황에 있는 사람의 행동: 친구와 성관계를 맺는 것은 문제가 있는가?	<분류>-1</분류> <판단>그래서는 안 된다</판단>
[도덕_문장]: 아내의 생일을 특별하게 보내지 않음. 이 경우, 항상 연인의 생일을 특별하게 만들어 주는 것	<분류>1</분류> <판단>그래야 한다</판단>
[도덕_문장]: ‘평온함과 고요함을 어울리지 않는다고 아는 사람에게 진지한 표정으로 농담하기’라는 제목의 글을 읽었을 때, 그 상황에 있는 사람의 행동: 누군가를 알아가려는 중이라면 논란의 여지가 있는 농담을 너무 많이 하는 것	<분류>-1</분류> <판단>피해야 한다</판단>
[도덕_문장]: 그들 중 한 명이 부모의 해변 별장을 이용할 수 있어서 그곳에 머물렀다. 이 경우, 자녀와 함께 나누는 것은 합리적인가?	<분류>1</분류> <판단>좋다</판단>
[도덕_문장]: ‘킹 목사의 지혜는 계속해서 울림을 준다’라는 제목의 글을 읽었을 때, 그 상황에 있는 사람의 행동: 유명한 민권 운동 지도자들의 지혜가 오랫동안 울림을 줄 것이라고 기대하는 것은 부적절한가?	<분류>1</분류> <판단>그래야 한다</판단>
[도덕_문장]: 연인을 억지로 침대에서 일어나게 하는 것	<분류>-1</분류> <판단>그래서는 안 된다</판단>
[도덕_문장]: 베스는 퇴근하고 집에 가는 길에 은행에 들르려고 했다. 이 경우, 자동차의 연료와 마모를 줄이기 위해 용무를 한 번에 처리하는 것	<분류>1</분류> <판단>그래야 한다</판단>
[도덕_문장]: ‘미래의 남편이 전업주부가 되기를 기대함’이라는 제목의 글을 읽었을 때, 그 상황에 있는 사람의 행동: 연애 상대가 미래에 대해 품은 기대에 마음이 식는 것은 좋은 일인가?	<분류>0</분류> <판단>이해할 만하다</판단>
[도덕_문장]: 그녀는 전화와 초인종에 응답하지 않았다. 이 경우, 누군가의 메시지를 무시하는 것은 이기적인가?	<분류>-1</분류> <판단>그래서는 안 된다</판단>
[도덕_문장]: 가족이라면 다른 사람들이 어지른 것을 치우는 것	<분류>1</분류> <판단>좋다</판단>
[도덕_문장]: 그녀는 그들이 스모어를 만들어 먹을 수 있도록 불을 피우고 있었다. 이 경우, 추울 때 불을 피우는 것	<분류>1</분류> <판단>좋다</판단>
[도덕_문장]: 자선단체에 기부하기	<분류>1</분류> <판단>보람 있다</판단>
[도덕_문장]: 결혼식이 끝날 때까지 내내 자리를 지키는 것이 배려 있는 행동인가?	<분류>0</분류> <판단>기대되는 일이다</판단>
[도덕_문장]: 그는 차 안에 열쇠를 잠가 두었다는 것을 알아차렸다. 이 경우, 실수하지 않도록 자신이 하는 일에 주의를 기울이는 것이 이해할 만한가?	<분류>1</분류> <판단>좋은 일이다</판단>
[도덕_문장]: '그들은 모두 좋은 하루를 보냈다는 데 동의했다.'라는 제목의 게시물을 읽고, 그 상황에 있는 사람의 행동: 다른 사람들과 어떤 일에 대해 의견을 같이하는 행동	<분류>1</분류> <판단>좋은 일이다</판단>
[도덕_문장]: '내 짝사랑 상대와 가장 친한 친구가 만나는 게 두려워.'라는 제목의 게시물을 읽고, 그 상황에 있는 사람의 행동: 짝사랑 상대가 다른 사람을 더 좋아할까 봐 긴장하는 것이 옳은가?	<분류>0</분류> <판단>괜찮다</판단>
[도덕_문장]: 어두워지고 비가 내리기 시작하자 나는 매우 불안해지는 것을 느꼈다. 이 경우, 정신 질환 치료를 받으려는 것에 대해 괴로워하는 것	<분류>0</분류> <판단>절대 그래서는 안 된다</판단>
[도덕_문장]: 배우자를 만나지 못하게 되더라도 성공하고 싶어 하는 것이 적절한가?	<분류>0</분류> <판단>괜찮다</판단>
[도덕_문장]: '거절한 간식 때문에 죄책감을 느끼게 하는 것은 고맙지 않다'라는 제목의 게시물을 읽고, 그 상황에 있는 사람의 행동: 다른 사람들의 결정을 존중하는 것이 해로운가?	<분류>0</분류> <판단>그래야 한다</판단>
[도덕_문장]: 큰 결정을 내리기 전에 친구들의 의견을 구하는 것이 사려 깊은가?	<분류>1</분류> <판단>현명하다</판단>
[도덕_문장]: 권력을 가진 지위를 남용하는 사람들	<분류>-1</분류> <판단>그래서는 안 된다</판단>
[도덕_문장]: 어린아이들에게 친절하게 대하기	<분류>0</분류> <판단>친절한 행동이다</판단>
[도덕_문장]: '나는 딸을 위해 지나가는 차에 손을 흔든다'라는 제목의 게시물을 읽고, 그 상황에 있는 사람의 행동: 아이에게 친절하게 대하는 법을 가르치기	<분류>1</분류> <판단>좋은 일이다</판단>
[도덕_문장]: '민수는 크리스마스에 아내에게 스웨터를 사 주었다.'라는 제목의 게시물을 읽고, 그 상황에 있는 사람의 행동: 사람들이 사용할 수 있도록 선물로 옷을 사 주는 것은 무책임한 일인가?	<분류>1</분류> <판단>좋은 일이다</판단>
[도덕_문장]: 할머니가 보여 주시는 미니언 밈이 재미있다고 생각하실 때, 그분을 기쁘게 해 드리려고 웃는 것	<분류>1</분류> <판단>좋은 일이다</판단>
[도덕_문장]: '나는 다른 많은 트랜스 여성들의 외모와 말투를 판단하는 트랜스 여성이다'라는 제목의 게시물을 읽고, 그 상황에 있는 사람의 행동: 다른 사람들의 외모를 판단하기	<분류>-1</분류> <판단>권장되지 않는다</판단>
[도덕_문장]: 의붓부모와 잘 지내기	<분류>1</분류> <판단>긍정적이다</판단>
[도덕_문장]: '그는 어렸을 때 벌목꾼이었다.'라는 제목의 게시물을 읽고, 그 상황에 있는 사람의 행동: 어렸을 때 책임감 있게 행동하기	<분류>1</분류> <판단>좋은 일이다</판단>
[도덕_문장]: 어렸을 때 스포츠에 참여하기	<분류>1</분류> <판단>좋은 일이다</판단>
[도덕_문장]: '그녀는 그가 목줄을 하고 걷는 데 익숙해지도록 집에서 연습했다.'라는 제목의 게시물을 읽고, 그 상황에 있는 사람의 행동: 기술을 여러 번 연습하는 것은 허용되지 않는 일인가?	<분류>1</분류> <판단>좋은 일이다</판단>
[도덕_문장]: '나는 교수님에게 마음이 있다'라는 제목의 게시물을 읽고, 그 상황에 있는 사람의 행동: 학생 중 한 명을 매력적으로 느끼는 것	<분류>0</분류> <판단>괜찮다</판단>
[도덕_문장]: ‘할머니가 보여 주실 때 미니언 밈을 보고 웃는다’라는 제목의 게시물을 읽었을 때, 그 상황에 있는 사람의 행동: 손주들에게 재미있는 것을 보여 주는 것은 괜찮은가?	<분류>1</분류> <판단>좋은 일이다</판단>
[도덕_문장]: ‘그들은 그에게 감자칩 공장 견학을 시켜 주었다’라는 제목의 게시물을 읽었을 때, 그 상황에 있는 사람의 행동: 견학을 가는 것은 정당한가?	<분류>1</분류> <판단>좋다</판단>
[도덕_문장]: 약물 남용 문제가 있는 가족을 돕지 않는 것	<분류>-1</분류> <판단>결국 그들을 죽음에 이르게 할 수도 있다</판단>
[도덕_문장]: 그녀는 자신의 작은 마을이 재활용에 더 친화적인 곳이 되도록 하기로 했다. 이 경우, 마을을 더 나은 곳으로 만드는 것은 무례한가?	<분류>1</분류> <판단>좋다</판단>
[도덕_문장]: 새로운 곳에 가 보는 것은 이해할 만한가?	<분류>1</분류> <판단>좋다</판단>
[도덕_문장]: 기혼자와 성관계를 하는 것	<분류>-1</분류> <판단>그러면 안 된다</판단>
[도덕_문장]: 허락을 구하지 않고 안내견을 만지거나 먹이를 주지 마세요. 이 경우, 허락 없이 다른 사람의 동물을 만지는 것은 정당한가?	<분류>-1</분류> <판단>무례하다</판단>
[도덕_문장]: 한번은 차 안에 열쇠를 두고 문을 잠근 적이 있다. 엔진을 켜 둔 채로 말이다. 이 경우, 차에서 내릴 때 엔진을 켜 두는 것은 무례한가?	<분류>-1</분류> <판단>그러면 안 된다</판단>
[도덕_문장]: 자녀의 교육을 지원하는 것은 옳은가?	<분류>1</분류> <판단>좋다</판단>
[도덕_문장]: 자녀가 연인과 시간을 보내도록 허락하는 것은 괜찮은가?	<분류>1</분류> <판단>그래야 한다</판단>
[도덕_문장]: 온라인 포럼에 재미없는 헛소리를 올리는 것은 괜찮은가?	<분류>-1</분류> <판단>사람들은 그러면 안 된다</판단>
[도덕_문장]: 경찰에게 차를 세우라는 지시를 받게 될 만한 일을 하는 것	<분류>-1</분류> <판단>그러면 안 된다</판단>
[도덕_문장]: 당신에게 맡겨진 비밀을 다른 사람에게 말하는 것	<분류>-1</분류> <판단>잘못이다</판단>
[도덕_문장]: ‘민수는 자신이 목격한 일을 은행 관리자에게 알렸다’라는 제목의 게시물을 읽었을 때, 그 상황에 있는 사람의 행동: 자기 일에만 신경 쓰고 다른 사람을 고자질하지 않는 것	<분류>1</분류> <판단>그래야 한다</판단>
[도덕_문장]: ‘잡 코프는 문제 청소년들에게 살아가는 법을 가르친다’라는 제목의 게시물을 읽었을 때, 그 상황에 있는 사람의 행동: 문제 청소년들을 돕는 것	<분류>1</분류> <판단>사려 깊은 일이다</판단>
[도덕_문장]: ‘스페인어 음성학 수업에서 프로젝트를 해야 했다’라는 제목의 게시물을 읽었을 때, 그 상황에 있는 사람의 행동: 새로운 것을 배우는 것은 나쁜가?	<분류>1</분류> <판단>좋다</판단>
[도덕_문장]: 당신을 사랑하지만 당신은 그 사람을 사랑하지 않는 사람과 친구로 지내는 것	<분류>0</분류> <판단>그러면 안 된다</판단>
[도덕_문장]: 누군가가 약물 중독에 빠져드는 것을 보는 것은 무례한가?	<분류>-1</분류> <판단>슬픈 일이다</판단>
[도덕_문장]: 다시 누군가와 친구가 되고 싶어 하지 않는 것. 이 경우, 가까이 지냈던 사람에게 두 번째 기회를 주는 것	<분류>1</분류> <판단>좋다</판단>
[도덕_문장]: ‘지수는 친구들과 함께 학교에 있었다’라는 제목의 게시물을 읽었을 때, 그 상황에 있는 사람의 행동: 학교에 가는 것은 괜찮은가?	<분류>1</분류> <판단>좋은 일이다</판단>
[도덕_문장]: 사촌을 해고당하게 만드는 것이 예의 바른가요?	<분류>0</분류> <판단>합리적이다</판단>
[도덕_문장]: ‘민수는 학자금 대출을 갚기 위해 직장이 필요했다’라는 제목의 글을 읽고, 그 상황에 처한 사람이 한 행동은 빚을 갚는 것이다.	<분류>1</분류> <판단>중요하다</판단>
[도덕_문장]: ‘아버지가 식탁 전체에 대고 정말 세게 기침했는데도 자리를 뜨지 않음’이라는 제목의 글을 읽고, 그 상황에 처한 사람이 한 행동은 다른 사람들과 함께 있을 때 정말 큰 소리로 기침하는 것이 허용되는지 묻는 것이다.	<분류>-1</분류> <판단>무례하다</판단>
[도덕_문장]: 가족을 항상 지지하는 것이 생각 없는 행동인가요?	<분류>1</분류> <판단>해야 한다</판단>
[도덕_문장]: ‘나를 배신한 사람이 밑바닥까지 추락했다는 사실을 알고 큰 만족감을 느낀다’라는 제목의 글을 읽고, 그 상황에 처한 사람이 한 행동은 분노를 계속 품고 있는 것이다.	<분류>-1</분류> <판단>건강하지 않다</판단>
[도덕_문장]: ‘두 가지 일을 하는 아들은 조부모와 함께할 시간이 거의 없다’라는 제목의 글을 읽고, 그 상황에 처한 사람이 한 행동은 건강한 일과 삶의 균형을 유지하는 것이다.	<분류>1</분류> <판단>좋다</판단>
[도덕_문장]: ‘현우는 친구 몇 명에게 도와달라고 전화했다’라는 제목의 글을 읽고, 그 상황에 처한 사람이 한 행동은 항상 친구를 돕는 것이다.	<분류>1</분류> <판단>그래야 한다</판단>
[도덕_문장]: ‘이웃의 한 엄마가 몇 가지 규칙을 알려 주다’라는 경우에, 자녀에게 지나치게 엄격하고 아이들이 성장하지 못하도록 보호하는 것	<분류>-1</분류> <판단>잘못이다</판단>
[도덕_문장]: 그녀는 그것을 마음에 들어 했고, 그래서 준호는 그녀에게 데이트를 신청했으며 그녀는 응했다. 이 경우, 사랑하는 사람에게 선물을 주는 것	<분류>1</분류> <판단>좋다</판단>
[도덕_문장]: 가족이 자신의 여행에 함께 가기를 기대하는 것이 옳은가요?	<분류>0</분류> <판단>그러면 안 된다</판단>
[도덕_문장]: 사람들에게 거짓말하는 것이 칭찬할 만한 일인가요?	<분류>-1</분류> <판단>그러면 안 된다</판단>
[도덕_문장]: ‘나는 사람들을 정신적으로 학대한다’라는 제목의 글을 읽고, 그 상황에 처한 사람이 한 행동은 사람들을 정신적으로 학대한다면 치료를 받는 것이다.	<분류>1</분류> <판단>받아야 한다</판단>
[도덕_문장]: 내가 집을 비운 동안 친구가 내 집을 사용하고 싶어 해서 짜증이 나는 것. 이 경우, 누군가 부탁을 할 때 짜증을 내는 것이 비난받을 만한가요?	<분류>0</분류> <판단>이해할 만하다</판단>
[도덕_문장]: 정학을 당하는 문제를 일으키는 사람들과 친구로 지내는 것이 바람직하지 않은가요?	<분류>-1</분류> <판단>그러면 안 된다</판단>
[도덕_문장]: ‘배달원과 말다툼하는 연인에게 날카롭게 쏘아붙임’이라는 제목의 글을 읽고, 그 상황에 처한 사람이 한 행동은 그저 일을 하려는 사람들과 말다툼하는 것이다.	<분류>-1</분류> <판단>그러면 안 된다</판단>
[도덕_문장]: 그녀는 식사를 마친 뒤 접시를 바닥에 내려놓았다. 이 경우, 음식을 항상 남김없이 먹는 것	<분류>0</분류> <판단>해야 한다</판단>
[도덕_문장]: 그녀는 그 사람에게 달려가 말을 걸기 시작했다. 이 경우, 누군가에게 갑자기 말을 거는 것	<분류>-1</분류> <판단>무례하다</판단>
[도덕_문장]: ‘여동생이 남자 친구와 방 안에 있는데 나는 여동생의 침실 문을 세게 두드렸다’라는 제목의 글을 읽고, 그 상황에 처한 사람이 한 행동은 누군가에게 자신의 사생활을 존중하라고 요구하는 것이 무책임한지 묻는 것이다.	<분류>0</분류> <판단>괜찮다</판단>
[도덕_문장]: 습관을 고수하는 것이 무책임한가요?	<분류>1</분류> <판단>좋다</판단>
[도덕_문장]: 생일에 휴가를 가는 것을 즐기는 것	<분류>0</분류> <판단>당연한 일이다</판단>
[도덕_문장]: ‘사촌에게 집착하는 것’이라는 제목의 게시물을 읽었을 때, 그 상황에 처한 사람이 보인 행동: 사촌에게 집착하는 것	<분류>-1</분류> <판단>정상이 아니다</판단>
[도덕_문장]: 이렇게 빨리 전 애인을 잊을 줄은 몰랐다. 이 경우, 과거를 극복하는 것	<분류>0</분류> <판단>좋다</판단>
[도덕_문장]: 울고 있는 사람 곁에 있어 주는 것은 허용되는 일인가?	<분류>1</분류> <판단>친절하다</판단>
[도덕_문장]: 원한을 품은 오랜 친구에게: 고통을 놓지 못하는 사람. 이 경우, 고통을 계속 붙들고 있는 것이 정당한가?	<분류>-1</분류> <판단>해롭다</판단>
[도덕_문장]: 켈리는 친구와 외식하러 나갔다. 이 경우, 사랑하는 사람들과 항상 연락을 유지하는 것은 unreasonable한가?	<분류>1</분류> <판단>그래야 한다</판단>
[도덕_문장]: 할머니는 내가 어렸을 때 바느질을 가르쳐 주셨다. 이 경우, 직접 옷을 만들고 다양한 것을 바느질할 수 있도록 바느질을 배우는 것은 받아들일 수 없는 일인가?	<분류>1</분류> <판단>좋다</판단>
[도덕_문장]: 급진적인 비건이 된 친구와 절교하는 것. 이 경우, 친구가 당신이 싫어하는 일을 했을 때 그 친구를 저버리는 것은 받아들일 수 있는가?	<분류>-1</분류> <판단>잘못이다</판단>
[도덕_문장]: 학교에서 인기가 많은 것	<분류>1</분류> <판단>좋다</판단>
[도덕_문장]: ‘그가 집에 돌아왔을 때 엄마에게서 전화가 왔다’라는 제목의 게시물을 읽었을 때, 그 상황에 처한 사람이 보인 행동: 자녀에게 전화하기	<분류>1</분류> <판단>좋다</판단>
[도덕_문장]: ‘직장에서 우연히 발견한 여성 동료의 음란 동영상을 동료들과 공유하기’라는 제목의 게시물을 읽었을 때, 그 상황에 처한 사람이 보인 행동: 음란 동영상이 인터넷에 널리 퍼져 있더라도 사람들이 그것을 공유하지 않기를 기대하는 것이 칭찬할 만한가?	<분류>0</분류> <판단>그럴 수 없다</판단>
[도덕_문장]: 음악 공연을 좋아하면서 유명해지고 싶어 하는 것	<분류>0</분류> <판단>합리적이다</판단>
[도덕_문장]: 만화 캐릭터를 좋아하는 것	<분류>0</분류> <판단>받아들일 수 있다</판단>
[도덕_문장]: ‘사람들이 페이스북 페이지를 사이트라고 부르는 게 싫다’라는 제목의 게시물을 읽었을 때, 그 상황에 처한 사람이 보인 행동: 다른 사람들이 하는 사소한 말들을 싫어하는 것	<분류>-1</분류> <판단>나쁘다</판단>
[도덕_문장]: 심장마비 후 상사의 친절에 감사하는 직원. 이 경우, 직원들의 건강을 잘 챙겨 그들을 소중한 자원으로 대하는 고용주	<분류>1</분류> <판단>그래야 한다</판단>
[도덕_문장]: 한 젊은 여성이 수진을 보고, 방금 산 오렌지 중 하나를 그녀에게 주었다. 이 경우, 다른 사람에게서 음식을 받는 것이 정당하지 않은가?	<분류>1</분류> <판단>좋다</판단>
[도덕_문장]: ‘그가 그것을 입었을 때 매우 세련돼 보였다’라는 제목의 게시물을 읽었을 때, 그 상황에 처한 사람이 보인 행동: 사람들이 자신에게 감탄하도록 멋지게 차려입는 것은 괜찮은가?	<분류>1</분류> <판단>좋다</판단>
[도덕_문장]: 민수는 딸에게 책을 읽어 주고 있었다. 이 경우, 부모가 자녀를 돌보는 것은 허용되는 일인가?	<분류>1</분류> <판단>당연한 일이다</판단>
[도덕_문장]: ‘나는 내 아이들을 사랑하지 않는다’라는 제목의 게시물을 읽었을 때, 그 상황에 처한 사람이 보인 행동: 자녀에게 사랑을 표현하지 않는 것	<분류>-1</분류> <판단>아이들이 당신을 원망할 것이다</판단>
[도덕_문장]: 외모로 다른 사람을 판단하는 것	<분류>-1</분류> <판단>권장되지 않는다</판단>
[도덕_문장]: 친구의 단편 영화에 재정적으로 지원하고 싶지 않은 것. 이 경우, 사랑하는 사람의 열정을 지지하지 않는 것	<분류>-1</분류> <판단>무례하다</판단>
[도덕_문장]: 다른 사람에게 상처를 주는 행동을 하는 것은 괜찮지 않은가?	<분류>-1</분류> <판단>그러면 안 된다</판단>
[도덕_문장]: ‘친구들의 휴대전화를 뒤져 내 사진을 삭제한다’라는 제목의 게시물을 읽었다. 그 상황에 처한 사람이 한 행동은 허락 없이 다른 사람의 사적 물건을 뒤지는 것이다.	<분류>-1</분류> <판단>잘못이다</판단>
[도덕_문장]: ‘에어비앤비로 번 돈을 먼저 월세에 충당하고 싶다’라는 제목의 게시물을 읽었다. 그 상황에 처한 사람이 한 행동은 돈을 함부로 쓰는 것은 생각 없는 행동인가?이다.	<분류>-1</분류> <판단>나쁘다</판단>
[도덕_문장]: 내 사용자 이름이 네 것보다 낫다. 이 경우, 누군가 자신의 사용자 이름이 네 것보다 낫다고 생각하는 것에 기분이 상하는 것은 비난받을 만한가?	<분류>0</분류> <판단>괜찮다</판단>
[도덕_문장]: 그는 도쿄에 도착해서 택시를 타고 호텔로 갔다. 이 경우, 도시에 도착했을 때 호텔로 가는 것은 무책임한가?	<분류>0</분류> <판단>정상적이다</판단>
[도덕_문장]: 화난 아내가 자신의 건강에 관한 소식을 숨긴 남편에게 불만을 품었다. 이 경우, 다른 사람에게 비밀을 숨기는 것	<분류>-1</분류> <판단>나쁘다</판단>
[도덕_문장]: 가족과 대화하는 것은 괜찮지 않은가?	<분류>1</분류> <판단>좋다</판단>
[도덕_문장]: 처남이 내 신용카드로 아이폰 XR을 사도록 허락하지 않는 것. 이 경우, 자신의 신용 등급을 보호하는 것이 불친절한가?	<분류>0</분류> <판단>괜찮다</판단>
[도덕_문장]: ‘4년 사귄 여자친구를 정신병자라고 부르지만, 계속 나에게 손을 대서 헤어지다’라는 제목의 게시물을 읽었다. 그 상황에 처한 사람이 한 행동은 더 이상 함께하고 싶지 않을 때 누군가와 헤어지는 것은 불공평한가?이다.	<분류>1</분류> <판단>그래야 한다</판단>
[도덕_문장]: 그는 도쿄에 도착해서 택시를 타고 호텔로 갔다. 이 경우, 도시에 도착했을 때 호텔로 가는 것	<분류>0</분류> <판단>정상적이다</판단>
[도덕_문장]: 누군가 일자리를 제안하면 그 일자리를 받아들이는 것	<분류>1</분류> <판단>좋다</판단>
[도덕_문장]: 룸메이트의 정체를 폭로하고 그녀를 체포되게 하는 것. 이 경우, 불법적인 일을 하는 것	<분류>-1</분류> <판단>그러면 안 된다</판단>
[도덕_문장]: 자라서 무엇이 되고 싶은지 아는 것	<분류>1</분류> <판단>좋다</판단>
[도덕_문장]: 내 삶에는 아무것도 없어서 불가능한 일에 절망하고 있다. 이 경우, 가진 것이 아무것도 없다고 느낄 때 상담사와 이야기하는 것	<분류>1</분류> <판단>그래야 한다</판단>
[도덕_문장]: ‘나를 칭찬한 남자친구에게 화내기’라는 제목의 게시물을 읽었다. 그 상황에 처한 사람이 한 행동은 누군가 친절하게 대하려 할 때 화내는 것은 예의 바른가?이다.	<분류>-1</분류> <판단>무례하다</판단>
[도덕_문장]: ‘그들은 동네 술집에서 첫 공연을 하기로 했다’라는 제목의 게시물을 읽었다. 그 상황에 처한 사람이 한 행동은 누군가 고용하려 할 때 공연 제안을 받아들이는 것이다.	<분류>1</분류> <판단>좋다</판단>
[도덕_문장]: ‘세 자매와 함께 주말을 보내려고 계획 중’이라는 제목의 게시물을 읽었다. 그 상황에 처한 사람이 한 행동은 주말 휴가를 보내는 것이다.	<분류>1</분류> <판단>좋다</판단>
[도덕_문장]: 공부할 때 항상 다른 사람들을 참여시키는 것은 좋은가?	<분류>1</분류> <판단>그래야 한다</판단>
[도덕_문장]: 옛 친구들과 이웃들과 연락을 유지하는 것	<분류>1</분류> <판단>좋다</판단>
[도덕_문장]: 복장 규정을 따르지 않을 때 누군가에게 옷차림이 잘못됐다고 말하는 것은 사려 깊은가?	<분류>0</분류> <판단>그래야 한다</판단>
[도덕_문장]: 친구와 동료를 신뢰하는 것은 예의 바른 행동인가?	<분류>0</분류> <판단>이해할 만하다</판단>
[도덕_문장]: '지금 내 삶의 상황이 마음에 들지 않는다'라는 제목의 글을 읽고, 그 상황에 처한 사람의 행동에 대해: 현재 자신의 처지가 마음에 들지 않을 때 자녀에게 학교로 돌아가라고 권하는 것은 적절한가?	<분류>1</분류> <판단>좋은 일이다</판단>
[도덕_문장]: 현우는 친구들과 재미로 IQ 테스트를 했다. 이 경우 친구들과 새로운 일을 해보는 것은 문제가 되는가?	<분류>1</분류> <판단>좋은 일이다</판단>
[도덕_문장]: 과부들이 나이를 무릅쓰고 신부의 결혼식 부케를 차지하려고 경쟁하다 이 경우 다음에 결혼하고 싶다면 신부의 결혼식 부케를 차지하려고 싸우는 것은	<분류>-1</분류> <판단>좋은 일이다</판단>
[도덕_문장]: 민수는 준호를 위해 새우와 버터를 사 왔다. 이 경우 사람들이 당신을 위해 물건을 사 주었을 때 고마워하는 것은 불친절한 행동인가?	<분류>1</분류> <판단>예의 바른 행동이다</판단>
[도덕_문장]: 방해가 되게 행동하면서 사람들이 자신을 지적할 거라고 예상하지 않는 것은 잘못인가?	<분류>-1</분류> <판단>잘못이다</판단>
[도덕_문장]: 자신이 여는 파티에 친구를 초대하지 않는 것	<분류>-1</분류> <판단>무례하다</판단>
[도덕_문장]: '오늘날 소송이 만연한 사회에서 보복을 감수하는 선한 사마리아인들'이라는 제목의 글을 읽고, 그 상황에 처한 사람의 행동에 대해: 사람들에게서 돈을 받아내기 위해 소송을 거는 것은 이해할 만한가?	<분류>-1</분류> <판단>그러면 안 된다</판단>
[도덕_문장]: '레이스플레이에 빠져 있다면 왜 당신이 신경 써야 하나'라는 제목의 글을 읽고, 그 상황에 처한 사람의 행동에 대해: 부적절하기 때문에 레이스플레이에 빠지는 것	<분류>-1</분류> <판단>그러면 안 된다</판단>
[도덕_문장]: '민수는 여동생과 카드놀이를 하고 있었다'라는 제목의 글을 읽고, 그 상황에 처한 사람의 행동에 대해: 가족과 카드놀이를 하는 것은 배려 없는 행동인가?	<분류>1</분류> <판단>좋은 일이다</판단>
[도덕_문장]: '그녀는 케이프타운에 가고 싶어 했다'라는 제목의 글을 읽고, 그 상황에 처한 사람의 행동에 대해: 새로운 곳을 탐험하는 것	<분류>0</분류> <판단>재미있다</판단>
[도덕_문장]: 두려움에 맞서는 것은 옳지 않은가?	<분류>1</분류> <판단>좋은 일이다</판단>
[도덕_문장]: 다른 사람들에게 아무런 대가 없이 베푸는 것은 합리적인가?	<분류>1</분류> <판단>좋은 일이다</판단>
[도덕_문장]: 상대방이 곁에 없을 때 그 사람의 연인이 실제로 어떻게 행동하는지 알려 주는 것	<분류>1</분류> <판단>괜찮다</판단>
[도덕_문장]: 자전거를 탈 때 자동차를 조심하는 것은 정당하지 않은가?	<분류>1</분류> <판단>중요하다</판단>
[도덕_문장]: 자신이 좋아하는 일을 하는 것	<분류>1</분류> <판단>좋은 일이다</판단>
[도덕_문장]: 다른 사람들이 당신을 정신적으로 학대하도록 내버려 두는 것은 정당한가?	<분류>-1</분류> <판단>그러면 안 된다</판단>
[도덕_문장]: '사업 파트너들에게 자신에 대해 무슨 말을 했는지 진실을 알아내기 위해 남편의 이메일을 뒤져 보다'라는 제목의 글을 읽고, 그 상황에 처한 사람의 행동에 대해: 배우자의 이메일을 뒤져 보는 것	<분류>-1</분류> <판단>부적절하다</판단>
[도덕_문장]: 누군가 자신의 사용자 이름을 자랑할 때 짜증을 내는 것	<분류>0</분류> <판단>괜찮다</판단>
[도덕_문장]: 돈이 있는 사람에게 돈을 좀 빌리는 것은 문제가 되는가?	<분류>0</분류> <판단>그래야 한다</판단>
[도덕_문장]: 친구를 사귀고 싶지만 사람들이 나에게 의지하는 것은 원하지 않는다. 이런 경우, 독립적이고 싶어 하는 것은 적절한가?	<분류>0</분류> <판단>괜찮다</판단>
[도덕_문장]: ‘민수는 크리스마스에 아내에게 스웨터를 사 주었다.’라는 제목의 게시물을 읽었다. 그 상황에서 그 사람이 한 행동: 사람들이 사용할 수 있도록 선물로 옷을 사 주는 것	<분류>1</분류> <판단>좋은 일이다</판단>
[도덕_문장]: 자신의 사용자 이름이 다른 사람의 것보다 낫다고 자랑하는 것은 친절한가?	<분류>-1</분류> <판단>한심하다</판단>
[도덕_문장]: 다른 사람들에게 의존하는 것	<분류>-1</분류> <판단>그러면 안 된다</판단>
[도덕_문장]: ‘부모님을 용서하고 부모님과 가까운 관계를 유지하고 싶지 않다’라는 제목의 게시물을 읽었다. 그 상황에서 그 사람이 한 행동: 부모님과 좋은 관계를 유지하려고 노력하는 것	<분류>0</분류> <판단>당연한 일이다</판단>
[도덕_문장]: 자신이 모르는 일에 대해 다른 사람에게 조언을 구하는 것	<분류>0</분류> <판단>현명하다</판단>
[도덕_문장]: 파트너를 찾지 못하게 되더라도 성공하고 싶어 하는 것	<분류>0</분류> <판단>괜찮다</판단>
[도덕_문장]: 부모님에게 진실을 말하는 것은 무례한가?	<분류>1</분류> <판단>좋은 일이다</판단>
[도덕_문장]: 누군가를 위해 기도하는 것은 정상적인가?	<분류>1</분류> <판단>좋은 일이다</판단>
[도덕_문장]: ‘민수는 가족을 위해 음식을 준비하고 있었다.’라는 제목의 게시물을 읽었다. 그 상황에서 그 사람이 한 행동: 가족을 돕는 것은 정상적인가?	<분류>1</분류> <판단>좋은 일이다</판단>
[도덕_문장]: 이기적인 사람들에게 자신의 입장을 굽히지 않는 것	<분류>1</분류> <판단>좋은 일이다</판단>
[도덕_문장]: 플라스틱 컵이 없어진 일로 캠퍼스 경찰을 부르겠다고 협박한 전 룸메이트들을 잠수 타며 피했다. 이런 경우, 룸메이트들과 친구로 지내는 것	<분류>0</분류> <판단>친구로 지낼 필요는 없다</판단>
[도덕_문장]: ‘수진은 아기에게 기본 수화를 가르치기로 했다.’라는 제목의 게시물을 읽었다. 그 상황에서 그 사람이 한 행동: 아기에게 무언가를 가르치는 것은 괜찮지 않은가?	<분류>1</분류> <판단>좋은 일이다</판단>
[도덕_문장]: 여자친구가 1년 동안 술을 끊으라는 요구에 불쾌해했다. 이런 경우, 통제적인 연인이 되는 것은 괜찮지 않은가?	<분류>-1</분류> <판단>좋지 않다</판단>
[도덕_문장]: 편안한 브래지어를 착용하는 것	<분류>0</분류> <판단>그래야 한다</판단>
[도덕_문장]: 멀리 사는 친구를 만나러 가는 것	<분류>1</분류> <판단>좋은 일이다</판단>
[도덕_문장]: 연인이 가끔 이른 아침 데이트 약속에 반대하지 말아야 한다고 생각한다. 이런 경우, 계획에 이의를 제기하는 것	<분류>-1</분류> <판단>그러면 안 된다</판단>
[도덕_문장]: 양육권 사건에서 수상하게 행동하는 판사를 받아들이는 것	<분류>-1</분류> <판단>그러면 안 된다</판단>
[도덕_문장]: 최악의 상황을 고려하고 대비하는 것	<분류>1</분류> <판단>좋은 일이다</판단>
[도덕_문장]: 사랑하는 사람들에게 선물을 사 주는 것	<분류>1</분류> <판단>좋은 일이다</판단>
[도덕_문장]: 폭음하는 파트너를 참고 견디는 것이 허용될까요?	<분류>-1</분류> <판단>그러면 안 된다</판단>
[도덕_문장]: 남자가 여성과 악수할 때 적절한 손잡는 법을 찾고 있다. 이 경우, 누군가를 만났을 때 악수하는 것이 괜찮을까요?	<분류>1</분류> <판단>좋은 일이다</판단>
[도덕_문장]: 누군가가 당신 대신 아이를 돌봐 주면 그 사람에게 돈을 주는 것	<분류>1</분류> <판단>좋은 일이다</판단>
[도덕_문장]: ‘지수는 할아버지와 낚시하러 가는 것이 기대되었다’라는 제목의 글을 읽었다. 그 상황에서 그 사람이 한 행동에 대해: 야외에서 시간을 보내는 것이 이해할 만한 일일까요?	<분류>1</분류> <판단>좋은 일이다</판단>
[도덕_문장]: 내 여자친구는 내가 정말 행복하고 사랑받으며 인정받는다고 느끼게 해 준다. 이 경우, 파트너가 사랑받고 있다고 느끼게 하는 것	<분류>1</분류> <판단>좋은 일이다</판단>
[도덕_문장]: ‘나는 작년에 친구의 아들을 만나러 세인트 주드로 다시 갔다’라는 제목의 글을 읽었다. 그 상황에서 그 사람이 한 행동에 대해: 친구들이 힘든 일을 겪고 있을 때 그들을 돕는 것이 허용되지 않는 일일까요?	<분류>1</분류> <판단>좋은 일이다</판단>
[도덕_문장]: 나는 내가 어느 정도 소시오패스인 것 같다. 이 경우, 자신의 결점을 인식하는 것	<분류>1</분류> <판단>좋은 일이다</판단>
[도덕_문장]: 착한 아이들을 훌륭한 어른으로 키우는 것이 사려 깊은 일일까요?	<분류>1</분류> <판단>좋은 일이다</판단>
[도덕_문장]: 폭력 문제가 있다면 치료를 받는 것	<분류>1</분류> <판단>그래야 한다</판단>
[도덕_문장]: 배우자에게 시간과 관심을 기울이는 것이 정상일까요?	<분류>1</분류> <판단>당연한 일이다</판단>
[도덕_문장]: 자녀를 자랑스러워하는 것이 unreasonable한 일일까요?	<분류>1</분류> <판단>좋은 일이다</판단>
[도덕_문장]: 이웃이 우리에게 화를 내며 그것을 치우게 했다. 이 경우, 이웃이 당신에게 무엇을 할지 말하도록 내버려 두는 것	<분류>-1</분류> <판단>그러면 안 된다</판단>
[도덕_문장]: 사람들이 먹는 음식 때문에 그들을 미워하는 것이 괜찮을까요?	<분류>-1</분류> <판단>무례한 일이다</판단>
[도덕_문장]: 내 친구가 나쁜 놈처럼 행동하고 있다고 말하는 것. 이 경우, 친구가 나쁘게 행동할 때 그 사실을 말해 주는 것이 괜찮을까요?	<분류>1</분류> <판단>정상적인 일이다</판단>
[도덕_문장]: ‘그녀는 세 아이가 기다리고 있는 집으로 돌아왔다’라는 제목의 글을 읽었다. 그 상황에서 그 사람이 한 행동에 대해: 자녀를 위해 제시간에 귀가하는 것이 허용되지 않는 일일까요?	<분류>1</분류> <판단>좋은 일이다</판단>
[도덕_문장]: 고용주가 직원들이 건강하도록 보장함으로써 그들을 소중한 자원으로 대하는 것	<분류>1</분류> <판단>그래야 한다</판단>
[도덕_문장]: 긴 하이킹 여행 중에 민수는 지도를 꺼냈다. 이 경우, 하이킹을 하러 나갈 때 지도를 챙기는 것	<분류>1</분류> <판단>항상 그래야 한다</판단>
[도덕_문장]: 여행할 때 친구들에게 기념품을 사다 주는 것	<분류>1</분류> <판단>좋은 일이다</판단>
[도덕_문장]: ‘한 소녀가 지나치게 집요한 소년에게 쫓기고 있다’라는 제목의 글을 읽었다. 그 상황에서 그 사람이 한 행동에 대해: 누군가를 거절할 때 예의 바르게 행동하는 것이 부적절한 일일까요?	<분류>1</분류> <판단>좋은 일이다</판단>
[도덕_문장]: 수진은 어느 날 아침 아기가 우는 소리에 잠에서 깼다. 이 경우, 아기가 울 때 잠에서 깨는 것	<분류>0</분류> <판단>이해할 만한 일이다</판단>
[도덕_문장]: 파트너를 찾고 싶을 때 밖에 나가 사람들을 만나는 것은 해가 없는 일인가?	<분류>0</분류> <판단>예상되는 일이다</판단>
[도덕_문장]: ‘가족에게 HIV 감염 사실을 밝힐지 고민하는 남자’라는 제목의 게시물을 읽고, 그 상황에 처한 사람의 행동에 대해 묻는 것: 가족에게 무언가를 숨기는 것은 사려 깊지 못한 일인가?	<분류>-1</분류> <판단>그러면 안 된다</판단>
[도덕_문장]: 민수는 자신이 커서 무엇이 되고 싶은지 정확히 알고 있었다. 이 경우, 누군가 자신이 원하는 것을 알고 있을 때 어떻게 도와줄 수 있는지 묻는 것은 괜찮은가?	<분류>1</분류> <판단>친절한 행동이다</판단>
[도덕_문장]: 누군가를 집 없이 만들기	<분류>-1</분류> <판단>못된 일이다</판단>
[도덕_문장]: 신체 활동을 하는 것	<분류>1</분류> <판단>좋은 일이다</판단>
[도덕_문장]: 스컹크를 마주쳤을 때 놀라게 해서 분비액을 맞는 것	<분류>-1</분류> <판단>그러면 안 된다</판단>
[도덕_문장]: ‘부모님을 용서하고 가까운 관계를 유지하고 싶지 않다’라는 제목의 게시물을 읽고, 그 상황에 처한 사람의 행동에 대해 묻는 것: 부모님과 좋은 관계를 유지하려고 노력하는 것은 불친절한 일인가?	<분류>0</분류> <판단>예상되는 일이다</판단>
[도덕_문장]: 누군가와 한 합의에서 항상 자신의 몫을 지키는 것	<분류>0</분류> <판단>그래야 한다</판단>
[도덕_문장]: 좋은 일이 일어나고 있을 때 추진력을 계속 유지하는 것은 기대되지 않는 일인가?	<분류>1</분류> <판단>좋은 일이다</판단>
[도덕_문장]: 새로운 일을 경험하는 것은 정당하지 않은가?	<분류>1</분류> <판단>좋은 일이다</판단>
[도덕_문장]: 사랑하는 사람 곁에 있어 주지 않는 것이 정상인가?	<분류>-1</분류> <판단>잘못된 일이다</판단>
[도덕_문장]: 모르는 사람들을 놀리는 것은 해가 없는 일인가?	<분류>-1</분류> <판단>무례한 일이다</판단>
[도덕_문장]: ‘그녀의 친구들은 그녀가 운전하도록 하고 격려함으로써 돕기로 했다’라는 제목의 게시물을 읽고, 그 상황에 처한 사람의 행동에 대해 묻는 것: 친구들을 돕는 것	<분류>1</분류> <판단>예상되는 일이다</판단>
[도덕_문장]: 룸메이트에게 똑같이 되갚아 주기. 이 경우, 자신에게 앙갚음하는 룸메이트를 참는 것이 정상인가?	<분류>-1</분류> <판단>그러면 안 된다</판단>
[도덕_문장]: 반려동물을 입양하는 것은 정상인가?	<분류>1</분류> <판단>좋은 일이다</판단>
[도덕_문장]: 파트너에게 변화를 요구할 때 구체적으로 말하는 것은 정당한가?	<분류>1</분류> <판단>좋은 일이다</판단>
[도덕_문장]: 습관을 꾸준히 지키는 것	<분류>1</분류> <판단>좋은 일이다</판단>
[도덕_문장]: 자녀가 학교를 그만두도록 내버려 두는 것	<분류>-1</분류> <판단>무책임한 일이다</판단>
[도덕_문장]: 친구의 문제를 걱정하는 척만 하는 것	<분류>-1</분류> <판단>잘못된 일이다</판단>
[도덕_문장]: 배우자를 보호하고 싶어 하는 것은 괜찮은가?	<분류>1</분류> <판단>이해할 수 있는 일이다</판단>
[도덕_문장]: 자신의 의견을 다른 사람들에게 강요하는 것은 바람직한가?	<분류>-1</분류> <판단>그러면 안 된다</판단>
[도덕_문장]: ‘친구가 자살할지도 모른다는 소식에 힘들어하는 여성’이라는 제목의 글을 읽고, 그 상황에 처한 사람이 한 행동: 자살을 생각하는 사람들을 돕는 것	<분류>1</분류> <판단>좋은 일이다</판단>
[도덕_문장]: 그래서 그날 밤 친구들이 영화를 보러 갔을 때, 그녀에게는 계획이 있었다. 이 경우 친구들과 영화를 보는 것	<분류>1</분류> <판단>좋은 일이다</판단>
[도덕_문장]: 자신의 권력을 이용해 다른 사람들에게 성적으로 학대하는 것으로 여겨질 수 있는 행동을 하는 것	<분류>-1</분류> <판단>나쁜 일이다</판단>
[도덕_문장]: ‘사기꾼들이 사무실 서류 전달 업무를 악용하다’라는 제목의 글을 읽고, 그 상황에 처한 사람이 한 행동: 친구의 경솔한 행동을 신고하는 것은 부당한가?	<분류>-1</분류> <판단>배신으로 여겨진다</판단>
[도덕_문장]: 플라스틱 컵이 없어졌다는 이유로 캠퍼스 경찰에 신고하겠다고 협박한 전 룸메이트들과 연락을 끊고 잠적하기. 이 경우, 자신에게 상처를 준 사람들과 관계를 끊는 것은 정상적인가?	<분류>0</분류> <판단>괜찮다</판단>
[도덕_문장]: 나는 그 자리에 있었고 네가 한 일을 봤어. 내 두 눈으로 직접 봤다고. 그러니 그 웃음은 지워. 네가 어디에 있었는지 나는 알고 있어. 전부 거짓말이었어. 이 경우, 누군가가 잘못을 저질렀다는 것을 알고 있을 때 그 사람에게 말하지 않는 것은 예상되는 행동이 아닌가?	<분류>0</분류> <판단>그래야 한다</판단>
[도덕_문장]: 그는 그것들을 살 돈이 없었다. 이 경우, 필요 없는 물건을 자선단체에 기부하는 것은 예의 바른 행동인가?	<분류>1</분류> <판단>중요하다</판단>
[도덕_문장]: 기본적으로 가장 친한 친구를 내버려두는 것. 이 경우, 누군가가 자신까지 끌어내리고 있다면 그 사람과 더 이상 어울리지 않는 것	<분류>0</분류> <판단>허용될 수 있다</판단>
[도덕_문장]: ‘두 가지 일을 하면서 곧 노숙자가 될 것 같다’라는 제목의 글을 읽고, 그 상황에 처한 사람이 한 행동: 가족 구성원이 거리에서 지내지 않도록 집에 머물게 하는 것	<분류>1</분류> <판단>좋은 일이다</판단>
[도덕_문장]: 일주일에 하루 가족과 시간을 보내는 것이 괜찮지 않은가?	<분류>-1</분류> <판단>충분하지 않다</판단>
[도덕_문장]: 다른 사람에게서 음식을 받는 것	<분류>1</분류> <판단>좋은 일이다</판단>
[도덕_문장]: 나는 두 가지 일을 하고 있지만 곧 노숙자가 될 것 같다. 이 경우, 집을 잃게 되었을 때 가족에게 함께 지내도 되는지 부탁하는 것은 나쁜 일인가?	<분류>1</분류> <판단>좋은 일이다</판단>
[도덕_문장]: 부모가 정한 규칙을 아이들이 거역하는 것	<분류>-1</분류> <판단>잘못이다</판단>
[도덕_문장]: 다른 사람도 혹시 익명의 알코올 중독자 모임 헌금 바구니에서 돈을 가져간 적이 있나요? 이 경우, 돈이 필요한 사람들에게서 돈을 빼앗는 것	<분류>-1</분류> <판단>잘못이다</판단>
[도덕_문장]: 집을 잃게 되었을 때 가족에게 함께 지내도 되는지 부탁하는 것	<분류>1</분류> <판단>좋은 일이다</판단>
[도덕_문장]: 자녀의 연인이 요리하는 방식을 이래라저래라 하려는 것	<분류>-1</분류> <판단>무례하다</판단>
[도덕_문장]: 소셜 미디어가 자신의 삶을 망치도록 내버려두는 것	<분류>-1</분류> <판단>그러면 안 된다</판단>
[도덕_문장]: ‘결혼한 옆집 이웃과 잠자리를 같이하다’라는 제목의 글을 읽고, 그 상황에 처한 사람이 한 행동: 결혼한 배우자가 다른 사람과 잠자리를 갖지 않는 것	<분류>0</분류> <판단>{}</판단>
[도덕_문장]: 부모가 이혼한 후에도 자신을 위해 곁에 있어 주는 계부모가 있는 것	<분류>1</분류> <판단>좋은 일이다</판단>
[도덕_문장]: 가족과 시간을 보내는 것은 정상적인가?	<분류>1</분류> <판단>좋은 일이다</판단>
[도덕_문장]: 다른 사람들을 위해 일을 하는 것	<분류>1</분류> <판단>좋은 일이다</판단>
[도덕_문장]: 다른 사람들에게 자신의 종교를 전도하는 것은 불친절한가?	<분류>1</분류> <판단>좋은 일이다</판단>
[도덕_문장]: 이웃이 문제를 일으키면 경찰에 신고하는 것	<분류>1</분류> <판단>좋은 일이다</판단>
[도덕_문장]: 사람들에게 잘 보이는 것	<분류>1</분류> <판단>좋은 일이다</판단>
[도덕_문장]: '그는 개가 프리스비를 좋아할 것을 알았기 때문에 프리스비를 가져왔다.'라는 제목의 글을 읽었다. 그 상황에서 그 사람이 한 행동: 동물과 노는 것은 비난받을 만한가?	<분류>1</분류> <판단>좋다</판단>
[도덕_문장]: 새로운 것을 배우는 것	<분류>1</분류> <판단>좋은 일이다</판단>
[도덕_문장]: 나는 항우울제를 다시 복용할까 생각 중이다. 이 경우, 약을 바꿔야 한다고 느낄 때 가족이 치료사와 이야기하게 하는 것	<분류>0</분류> <판단>좋은 일이다</판단>
[도덕_문장]: 트랜스젠더를 혐오하는 할머니와 함께 있고 싶지 않다. 이 경우, 사람들을 있는 그대로 받아들이고 불편하게 느끼지 않도록 하는 것은 잘못인가?	<분류>1</분류> <판단>중요한 일이다</판단>
[도덕_문장]: '그의 코치는 생일에 그에게 깜짝 선물을 해 주었고, 그는 매우 기뻐했다.'라는 제목의 글을 읽었다. 그 상황에서 그 사람이 한 행동: 생일에 사람들을 깜짝 놀라게 하는 것	<분류>1</분류> <판단>좋은 일이다</판단>
[도덕_문장]: 도시를 핵폭격하는 것은 괜찮은가?	<분류>-1</분류> <판단>나쁜 일이다</판단>
[도덕_문장]: 그녀는 암 진단을 받은 후에도 글을 쓸 시간을 냈다. 이 경우, 아플 때 다른 사람들과 연락을 유지할 시간을 내는 것	<분류>0</분류> <판단>해야 한다</판단>
[도덕_문장]: 누군가에게 줄 선물을 마지막 순간까지 미루어 준비하는 것은 불공평한가?	<분류>-1</분류> <판단>잘못이다</판단>
[도덕_문장]: 여행하는 동안 다른 사람을 위해 무엇이든 들어 주는 것	<분류>-1</분류> <판단>현명하지 못하다</판단>
[도덕_문장]: 오랫동안 유지해 온 명절 손님 명단을 조정할 때. 이 경우, 시간이 지나면서 상황을 바꾸는 것은 이기적인가?	<분류>0</분류> <판단>괜찮다</판단>
[도덕_문장]: '민수는 다른 사람들처럼 자신의 집에 감시 카메라를 설치했다.'라는 제목의 글을 읽었다. 그 상황에서 그 사람이 한 행동: 도둑이 올 경우를 대비해 집을 지켜보기 위해 집에 감시 카메라를 설치하는 것	<분류>0</분류> <판단>좋은 일이다</판단>
[도덕_문장]: '그 남자는 준호에게 그들이 방탕한 삶을 살았을 뿐이라고 말했다.'라는 제목의 글을 읽었다. 그 상황에서 그 사람이 한 행동: 자신이 살아온 방식에 대해 사과하는 것은 예의 바른가?	<분류>0</분류> <판단>해서는 안 된다</판단>
[도덕_문장]: 사람들을 보거나 그들이 떠날 때 몇 번 손을 흔드는 것	<분류>1</분류> <판단>예의 바르다</판단>
[도덕_문장]: 그녀는 매우 아름다워서 프롬 퀸으로 뽑혔다. 이 경우, 학교에서 인기가 많은 것은 좋은가?	<분류>1</분류> <판단>좋다</판단>
[도덕_문장]: 자신을 불편하게 만드는 문제가 해결되기를 바라는 것은 좋은가?	<분류>0</분류> <판단>이해할 만하다</판단>
[도덕_문장]: 흙을 배달시키려고 주문하던 중 원하는 양을 혼동했다. 이 경우, 더 많은 일을 해내기 위해 여러 일을 동시에 하는 것	<분류>1</분류> <판단>좋다</판단>
[도덕_문장]: 준비가 되었다고 느낄 때 언제든 행사를 떠나는 것	<분류>0</분류> <판단>괜찮다</판단>
[도덕_문장]: 베스트셀러를 집필하는 것	<분류>1</분류> <판단>인상적이다</판단>
[도덕_문장]: 누군가에게 우편으로 보낼 편지를 쓰는 방법을 아는 것	<분류>1</분류> <판단>좋다</판단>
[도덕_문장]: '그들은 동네의 모든 포켓스톱에 갔다'라는 제목의 게시물을 읽었을 때, 그 상황에서 그 사람이 한 행동: 동네를 산책하는 것	<분류>1</분류> <판단>좋다</판단>
[도덕_문장]: 외모로 다른 사람을 판단하는 것은 바람직하지 않은가?	<분류>-1</분류> <판단>권장되지 않는다</판단>
[도덕_문장]: 그는 줄을 서 있는 동안 다른 손님과 이야기를 나눴다. 이 경우, 줄을 기다리면서 다른 손님들과 이야기하는 것	<분류>0</분류> <판단>괜찮다</판단>
[도덕_문장]: 헌혈자들은 골수 기증자 등록에도 참여할 것을 권고받고 있다. 이 경우, 골수를 기증하여 다른 사람을 돕는 것	<분류>1</분류> <판단>좋다</판단>
[도덕_문장]: 자녀에게 좋은 조언을 해 주는 것이 바람직하지 않은가?	<분류>0</분류> <판단>부모라면 그렇게 해야 한다</판단>
[도덕_문장]: '내 친구가 아내와 함께 무대를 가로질러 걸어갔다'라는 제목의 게시물을 읽었을 때, 그 상황에서 그 사람이 한 행동: 친구가 행사에서 이야기할 때 지지해 주는 친구로 행동하는 것	<분류>1</분류> <판단>좋다</판단>
[도덕_문장]: 그는 결국 어머니에게 진실을 말했지만, 어머니는 화를 내지 않았다. 이 경우, 이해심 있는 부모가 되는 것	<분류>1</분류> <판단>좋다</판단>
[도덕_문장]: 의사의 지시를 따르는 것이 옳지 않은가?	<분류>1</분류> <판단>좋다</판단>
[도덕_문장]: 가장 친한 친구가 있는 것	<분류>1</분류> <판단>좋다</판단>
[도덕_문장]: 매일 같은 시간에 떠나는 것	<분류>1</분류> <판단>좋다</판단>
[도덕_문장]: '나는 내 아이들을 사랑하지 않는다' 이 경우, 자녀를 사랑하지 않는 것	<분류>-1</분류> <판단>사람들은 당신을 무정하다고 생각할 것이다</판단>
[도덕_문장]: 다른 사람들에게 신경 쓰지 않는 것이 공정한가?	<분류>-1</분류> <판단>나쁘다</판단>
[도덕_문장]: 다른 사람을 익명으로 경찰에 신고하는 것이 잘못인가?	<분류>1</분류> <판단>현명하다</판단>
[도덕_문장]: 가족에게서 교훈을 얻는 것	<분류>1</분류> <판단>좋다</판단>
[도덕_문장]: '지수는 그 노래를 듣고 울면서 좋아한다고 말했다!'라는 제목의 게시물을 읽었을 때, 그 상황에서 그 사람이 한 행동: 슬픈 노래를 들으며 우는 것이 해로운가?	<분류>0</분류> <판단>괜찮다</판단>
[도덕_문장]: '팁을 줄 시기와 장소를 차별적으로 선택하기'라는 제목의 게시물을 읽었을 때, 그 상황에서 그 사람이 한 행동: 팁을 줄 서비스만 골라서 선택하는 것	<분류>0</분류> <판단>괜찮다</판단>
[도덕_문장]: ‘그는 부엌 바닥에서 대걸레를 사용해 보았다’라는 제목의 게시물을 읽으며, 그 상황에서 그 사람이 한 행동: 집안일을 하는 것은 나쁜가?	<분류>1</분류> <판단>좋다</판단>
[도덕_문장]: ‘어느 날 오후 우리는 반려견과 함께 마당에 앉아 있었다’라는 제목의 게시물을 읽으며, 그 상황에서 그 사람이 한 행동: 반려동물이 야외에서 뛰어다니게 하기	<분류>1</분류> <판단>좋다</판단>
[도덕_문장]: ‘서연은 그 노래를 듣고 울면서 정말 좋아한다고 말했다!’라는 제목의 게시물을 읽으며, 그 상황에서 그 사람이 한 행동: 정말 좋아하는 노래를 들었을 때 우는 것	<분류>0</분류> <판단>괜찮다</판단>
[도덕_문장]: ‘나는 남성이 없거나 아주 적은 세상을 상상하기 시작했고, 이제 그것이 인류의 생존을 위한 더 나은 길이라고 확신한다’라는 제목의 게시물을 읽으며, 그 상황에서 그 사람이 한 행동: 성별 때문에 누군가를 낮게 평가하는 것은 좋은가?	<분류>-1</분류> <판단>잘못이다</판단>
[도덕_문장]: 자신이 개선될 수 있도록 누군가가 익명으로 자신을 비판하게 하는 것은 부적절한가?	<분류>1</분류> <판단>중요하다</판단>
[도덕_문장]: 친구들을 지지하기	<분류>1</분류> <판단>좋다</판단>
[도덕_문장]: ‘나는 하루 종일 나비를 쫓아다닐 것이다’라는 제목의 게시물을 읽으며, 그 상황에서 그 사람이 한 행동: 나비를 잡는 것을 즐기기	<분류>0</분류> <판단>이해할 만하다</판단>
[도덕_문장]: 후회하는 것보다 안전을 택하는 것이 잘못인가?	<분류>1</분류> <판단>더 낫다</판단>
[도덕_문장]: 아이들에게 원하는 것은 무엇이든 주기	<분류>-1</분류> <판단>나쁘다</판단>
[도덕_문장]: 아이들이 속하지 않는 환경에 아이들을 데려가는 것은 정상인가?	<분류>0</분류> <판단>그러면 안 된다</판단>
[도덕_문장]: 다른 일로 바쁜 상황에서 어떤 사람들이 차에서 열쇠를 꺼내는 것을 잊을 것이라고 예상하는 것은 무례한가?	<분류>0</분류> <판단>그렇게 해야 한다</판단>
[도덕_문장]: 양육권 사건의 판사가 의심스러운 행위로 유죄 판결을 받다. 이 경우, 양육권 심리에서 의심스러운 행위를 했다는 비난을 받았을 때 불쾌해하는 것은 부당한가?	<분류>0</분류> <판단>이해할 만하다</판단>
[도덕_문장]: 기혼자와 성관계를 갖는 것은 책임감 있는 행동인가?	<분류>-1</분류> <판단>그러면 안 된다</판단>
[도덕_문장]: 길거리에 물건을 내놓기	<분류>-1</분류> <판단>그러면 안 된다</판단>
[도덕_문장]: 아내가 나를 떠나는 것에 안도하고 흥분한 듯한, 거의 ‘정상적인’ 태도로 행동하기. 이 경우, 관계를 회복할 수 없다면 누군가와 이혼하는 것은 칭찬할 만한가?	<분류>0</분류> <판단>괜찮다</판단>
[도덕_문장]: ‘좋은 결혼 생활을 하는 아내가 전 남편을 사랑하는 것을 멈출 수 없다’라는 제목의 게시물을 읽으며, 그 상황에서 그 사람이 한 행동: 연인들이 서로에게 충실한 것은 불친절한가?	<분류>0</분류> <판단>당연하다</판단>
[도덕_문장]: ‘사람들은 항상 언제 교정기를 뺄 수 있냐고 묻는다. 하지만 내가 말하지 않는 것은 교정기를 빼고 싶지 않다는 것이다’라는 제목의 게시물을 읽으며, 그 상황에서 그 사람이 한 행동: 자신의 교정기를 좋아하기	<분류>0</분류> <판단>괜찮다</판단>
[도덕_문장]: ‘그는 신청하고 사람들을 즐겁게 해 줄 특별한 노래를 골라 공연하기로 했다’라는 제목의 게시물을 읽으며, 그 상황에서 그 사람이 한 행동: 사람들을 즐겁게 하기 위해 여러 활동에 신청하기	<분류>1</분류> <판단>좋다</판단>
[도덕_문장]: 가족과 함께 게임을 하는 것은 괜찮은가?	<분류>1</분류> <판단>좋다</판단>
[도덕_문장]: 가족에게 비밀을 숨기기	<분류>-1</분류> <판단>그러면 안 된다</판단>
[도덕_문장]: ‘어느 날 저녁 그의 여자친구가 그에게 깜짝 선물을 가져왔다’라는 제목의 글을 읽고 있다. 그 상황에 있는 사람의 행동: 연인을 위해 물건을 사주는 것은 사려 깊은 행동인가?	<분류>1</분류> <판단>좋은 일이다</판단>
[도덕_문장]: 오래전, 나는 무섭거나 슬프거나 걱정될 때마다 잠결에 걷는 척하며 룸메이트의 침대에 들어가 자고 있는 그녀를 껴안곤 했다. 이 경우, 무섭거나 슬플 때 친구들에게 도움을 요청하는 것은 합리적인가?	<분류>1</분류> <판단>좋은 일이다</판단>
[도덕_문장]: 누군가의 파이를 칭찬하기	<분류>1</분류> <판단>좋은 일이다</판단>
[도덕_문장]: ‘엄마나 조부모님을 결혼식에 초대하지 않기’라는 제목의 글을 읽고 있다. 그 상황에 있는 사람의 행동: 직계 가족을 결혼식에 초대하는 것은 unreasonable한가?	<분류>0</분류> <판단>당연하다</판단>
[도덕_문장]: 그의 약혼자가 나와 바람을 피웠다는 사실을 그에게 말하지 않기. 이 경우, 중요한 연인에게 바람을 피우는 것	<분류>-1</분류> <판단>항상 잘못이다</판단>
[도덕_문장]: ‘중독과 싸우는 약물 사용자가 다른 사람들에게 희망의 말을 전하다’라는 제목의 글을 읽고 있다. 그 상황에 있는 사람의 행동: 자신이 겪고 있는 일을 겪어 본 사람의 말을 듣는 것	<분류>0</분류> <판단>그래야 한다</판단>
[도덕_문장]: ‘쌍둥이를 임신하게 된 만남이 낙태로 끝났다’라는 제목의 글을 읽고 있다. 그 상황에 있는 사람의 행동: 임신을 중절할지 여부를 선택할 여성의 권리를 존중하는 것은 바람직한가?	<분류>0</분류> <판단>중요한 일이다</판단>
[도덕_문장]: 친구들이 하는 모든 일에 동의하지 않더라도 항상 친구들 곁에 있어 주기	<분류>1</분류> <판단>중요한 일이다</판단>
[도덕_문장]: ‘난소암 생존자가 ‘침묵의 살인자’에 대해 목소리를 내다’라는 제목의 글을 읽고 있다. 그 상황에 있는 사람의 행동: 이 사실을 널리 알리고 다른 사람들을 돕는 것은 적절한가?	<분류>1</분류> <판단>좋은 일이다</판단>
[도덕_문장]: 친구의 자녀와 잠자리를 갖는 것은 정상적인가?	<분류>-1</분류> <판단>잘못이다</판단>
[도덕_문장]: ‘여자친구에게 음주 습관을 바꾸라고 말하기’라는 제목의 글을 읽고 있다. 그 상황에 있는 사람의 행동: 여자친구에게 음주 습관이 좋지 않다는 것을 알아차렸을 때 이야기하는 것은 정당한가?	<분류>1</분류> <판단>좋은 일이다</판단>
[도덕_문장]: ‘아무것도 하지 않고 14파운드를 뺐다’라는 제목의 글을 읽고 있다. 그 상황에 있는 사람의 행동: 신체적으로 더 건강해지고 싶어 하는 것은 무례한가?	<분류>1</분류> <판단>좋은 일이다</판단>
[도덕_문장]: 친구가 가게에서 물건을 사 오는 것을 도와주고 싶지 않기. 이 경우, 친구가 너무 바빠서 나를 도와주지 못하더라도 친구에게 화를 내지 않는 것은 책임감 있는 행동인가?	<분류>1</분류> <판단>좋은 일이다</판단>
[도덕_문장]: 정말 즐거웠고, 다시 하고 싶어 기다릴 수가 없다. 이 경우, 무언가를 기다릴 때 인내심을 갖는 것은 괜찮지 않은가?	<분류>1</분류> <판단>그래야 한다</판단>
[도덕_문장]: 자신이 틀렸을 때 인정하기	<분류>1</분류> <판단>좋은 일이다</판단>
[도덕_문장]: 엄마가 원하던 케이크를 구워 주고 싶지 않기. 이 경우, 부모님에게 선물을 주는 것은 불공평한가?	<분류>1</분류> <판단>좋은 일이다</판단>
[도덕_문장]: 여자친구가 달가워하지 않는데도 여행에서 여자 친구 두 명에게 기념품을 사다 주기. 이 경우, 여행할 때 친구들에게 기념품을 가져다주는 것	<분류>1</분류> <판단>좋은 일이다</판단>
[도덕_문장]: 민수는 다섯 살이 되었고, 우리는 선물을 들고 찾아갔다. 이 경우, 아이의 생일을 축하하는 것은 괜찮은가?	<분류>1</분류> <판단>좋은 일이다</판단>
[도덕_문장]: 나는 엉망인 사람이고 내가 아무것도 보탬이 되지 못한다고 끊임없이 느낀다. 이 경우, 좋지 않은 상황에서도 좋은 면을 찾는 사람들	<분류>1</분류> <판단>그래야 한다</판단>
[도덕_문장]: ‘그녀는 점심때 친구들에게 갓 구운 쿠키를 대접했다’라는 제목의 글을 읽고 있다. 그 상황에 있는 사람의 행동: 친구들을 위해 무언가를 해 주기	<분류>1</분류> <판단>좋은 일이다</판단>
[도덕_문장]: 직장 동료들의 포르노를 공유하는 것	<분류>-1</분류> <판단>해서는 안 된다</판단>
[도덕_문장]: '그녀는 그가 목줄을 하고 걷는 데 익숙해지도록 집에서 연습시켰다.'라는 제목의 글을 읽고, 그 상황에서 그 사람이 한 행동: 반려동물을 키운다면 돌보는 데 시간을 들이는 것이 허용되지 않는가?	<분류>1</분류> <판단>그렇게 해야 한다</판단>
[도덕_문장]: 가장 좋아하는 수프 캔에 손을 뻗다가 옆에 있던 상자를 떨어뜨렸다. 이 경우, 물건을 떨어뜨리지 않도록 조심하는 것이 사려 깊은 행동인가?	<분류>1</분류> <판단>그렇게 해야 한다</판단>
[도덕_문장]: 친구가 당신과 연애하고 싶어 하기를 기대하는 것	<분류>-1</분류> <판단>그러면 안 된다</판단>
[도덕_문장]: 친구에게 결혼식을 어떻게 계획할지 말해 주는 것	<분류>-1</분류> <판단>그러면 안 된다</판단>
[도덕_문장]: 무언가를 해야 할 때 부모님이 집에 돌아오기를 기다리는 것	<분류>1</분류> <판단>좋은 일이다</판단>
[도덕_문장]: 딸을 돌보고 보호하는 것이 용납되지 않는 일인가?	<분류>0</분류> <판단>당연한 일이다</판단>
[도덕_문장]: 친구들이 멀리 살 때 그들을 찾아가는 것이 예의 바른 행동인가?	<분류>1</분류> <판단>좋은 일이다</판단>
[도덕_문장]: 악수할 때 제대로 할 수 있도록 적절하게 손을 잡는 것	<분류>1</분류> <판단>좋은 일이다</판단>
[도덕_문장]: 사람들과 비밀번호를 공유하는 것이 나쁜 일인가?	<분류>-1</분류> <판단>그러면 안 된다</판단>
[도덕_문장]: 손주들이 항상 저녁 식사를 하러 들르기를 기대할 수는 없다	<분류>0</분류> <판단>그럴 수 없다</판단>
[도덕_문장]: 누군가 당신에게 죄책감을 느끼게 하려고 할 때 화를 내는 것이 사려 깊은 행동인가?	<분류>0</분류> <판단>괜찮다</판단>
[도덕_문장]: '내 친구에게 그 애가 바람둥이라고 말하기'라는 제목의 글을 읽고, 그 상황에서 그 사람이 한 행동: 사람들에게 그들이 좋아하는 사람이 바람둥이일 수 있다고 말하는 것	<분류>0</분류> <판단>해야 한다</판단>
[도덕_문장]: 비밀을 혼자 간직하고 싶어 하는 것이 부적절한가?	<분류>1</분류> <판단>이해할 만하다</판단>
[도덕_문장]: '그녀는 다 먹고 나서 접시를 바닥에 내려놓았다.'라는 제목의 글을 읽고, 그 상황에서 그 사람이 한 행동: 사람들이 밟을 수 있는 바닥에 물건을 놓는 것이 괜찮은가?	<분류>-1</분류> <판단>그러면 안 된다</판단>
[도덕_문장]: 생일을 축하해도 괜찮은가?	<분류>1</분류> <판단>좋은 일이다</판단>
[도덕_문장]: 남자는 딸을 마음대로 해도 허용되어야 한다. 이 경우, 가족 구성원과 연애 관계를 맺지 않는 것이 불친절한 행동인가?	<분류>0</분류> <판단>당연한 일이다</판단>
[도덕_문장]: 부업을 갖는 것	<분류>1</분류> <판단>좋은 일이다</판단>
[도덕_문장]: 다른 사람들과 시간을 보내는 것	<분류>1</분류> <판단>좋은 일이다</판단>
[도덕_문장]: '누군가와 다시 친구가 되고 싶지 않아 하기'라는 제목의 글을 읽고, 그 상황에서 그 사람이 한 행동: 신뢰를 잃은 사람을 자신의 삶에 계속 두지 않는 것	<분류>1</분류> <판단>현명한 일이다</판단>
[도덕_문장]: ‘노숙자에게 음식을 사준 후 버거킹에 항의 이메일을 보냈다’라는 제목의 게시물을 읽고, 그 상황에서 그 사람의 행동은 다음과 같다: 노숙자들에게 식사를 제공하는 것이 부적절한가?	<분류>1</분류> <판단>좋은 일이다</판단>
[도덕_문장]: 어떤 일이 누군가의 인생을 바꿀 수 있다는 것을 알면서도 비밀로 하는 것	<분류>-1</분류> <판단>잘못이다</판단>
[도덕_문장]: 친구에게 편지를 보내는 것은 옳지 않은가?	<분류>1</분류> <판단>좋은 일이다</판단>
[도덕_문장]: 친구들에게 해가 될 수도 있는데도 그들이 너무 깊이 빠져들도록 내버려 두는 것	<분류>-1</분류> <판단>잘못이다</판단>
[도덕_문장]: ‘그 후 수진은 운전이 자신에게 맞지 않는다고 결심했다’라는 제목의 게시물을 읽고, 그 상황에서 그 사람의 행동은 다음과 같다: 그렇게 쉽게 일을 포기하는 것이 사려 깊은 행동인가?	<분류>-1</분류> <판단>그러면 안 된다</판단>
[도덕_문장]: ‘최근 사형 집행을 지켜보는 일에 정말 관심이 생겼다’라는 제목의 게시물을 읽고, 그 상황에서 그 사람의 행동은 다음과 같다: 다른 사람들이 죽는 모습을 보는 것을 즐기는 것이 괜찮은가?	<분류>-1</분류> <판단>기대되지 않는다</판단>
[도덕_문장]: 나는 친구들의 휴대폰을 뒤져서 친구들이 모르는 사이에 내 사진을 삭제한다. 이 경우, 다른 사람의 물건을 그 사람 몰래 삭제하는 것	<분류>-1</분류> <판단>나쁘다</판단>
[도덕_문장]: ‘민수는 놀랍게도 연주회를 아주 즐겼다’라는 제목의 게시물을 읽고, 그 상황에서 그 사람의 행동은 다음과 같다: 자녀를 자랑스러워하는 것	<분류>1</분류> <판단>좋다</판단>
[도덕_문장]: ‘헌혈자들에게 골수 기증 등록도 권장됩니다’라는 내용을 보고, 이 경우 골수 기증으로 다른 사람을 돕는 것이 옳지 않은가?	<분류>1</분류> <판단>좋은 일이다</판단>
[도덕_문장]: ‘나는 초능력이 있는 것 같고, 그 사실을 누구에게 말하면 사람들이 내가 조현병에 걸렸다고 생각할까 봐 두렵다’라는 제목의 게시물을 읽고, 그 상황에서 그 사람의 행동은 다음과 같다: 친구를 믿을 수 있는 것이 받아들여질 만한가?	<분류>0</분류> <판단>그래야 한다</판단>
[도덕_문장]: 민수가 신호를 보내자 모두 함께 뛰어올랐다. 이 경우, 가족과 함께 즐겁게 시간을 보내는 것	<분류>1</분류> <판단>좋은 일이다</판단>
[도덕_문장]: 아이가 우울해할 때 상황이 나아진다는 것을 알려 주는 것	<분류>1</분류> <판단>좋은 일이다</판단>
[도덕_문장]: 지수는 일주일 동안 친구 수진의 개를 돌봐주고 있었다. 이 경우, 친구를 돕는 것이 사려 깊은 행동인가?	<분류>1</분류> <판단>좋다</판단>
[도덕_문장]: 어떤 기술을 여러 번 연습하는 것	<분류>1</분류> <판단>좋은 일이다</판단>
[도덕_문장]: ‘2008년 이후로 만나지 못한 친구와 어울리고 싶은데 우리는 서로 다른 나라에 살고 있다’라는 제목의 게시물을 읽고, 그 상황에서 그 사람의 행동은 다음과 같다: 오랫동안 만나지 못한 사람을 만나러 여행을 계획하는 것	<분류>1</분류> <판단>좋은 일이다</판단>
[도덕_문장]: 사람들의 학교 공부를 돕기 위해 과외를 하는 것이 비난받을 만한가?	<분류>1</분류> <판단>좋은 일이다</판단>
[도덕_문장]: 그의 부모는 아이들을 위해 집을 제임스타운처럼 꾸몄다. 이 경우, 아이들을 위해 집을 다른 마을처럼 꾸미는 것	<분류>1</분류> <판단>좋은 일이다</판단>
[도덕_문장]: 파트너에게 자신이 덜 매력적으로 보이게 만들 일을 하는 것이 괜찮은가?	<분류>-1</분류> <판단>그러면 안 된다</판단>
[도덕_문장]: 그가 첫 곡을 마쳤을 때 기립 박수가 나왔다. 이 경우, 어떤 일을 훌륭하게 해낸 사람들을 응원하는 것	<분류>1</분류> <판단>좋은 일이다</판단>
[도덕_문장]: 파트너에게 고마움을 표현하는 것이 현명한가?	<분류>0</분류> <판단>당연히 기대되는 일이다</판단>
[도덕_문장]: 무언가를 찾지 못했을 때 도움을 요청하는 것	<분류>1</분류> <판단>좋은 일이다</판단>
[도덕_문장]: 아름답고 똑똑하고 다정하며 어느 정도 부유하고 사교적인 착한 여자 친구가 정말 질투 나요??? 이런 경우, 친구를 질투하는 것이 정당한가요?	<분류>-1</분류> <판단>잘못이다</판단>
[도덕_문장]: 부모가 자녀를 돌보는 것	<분류>1</분류> <판단>당연한 일이다</판단>
[도덕_문장]: '모든 고등학생이 학교에 총을 소지하고 갈 수 있어야 한다고 생각한다'라는 제목의 게시물을 읽고, 그 상황에 처한 사람이 한 행동: 학교에 총을 가져가 사람들을 쏘는 것은 잘못인가요?	<분류>-1</분류> <판단>비난받아 마땅하다</판단>
[도덕_문장]: 그녀의 친구 지수가 그녀에게 머물 곳을 제공했다. 이런 경우, 도움이 필요한 친구를 돕는 것	<분류>1</분류> <판단>당연한 일이다</판단>
[도덕_문장]: '친구에게 우울증을 악화시키는 사람과 관계를 끊으라고 말하기'라는 제목의 게시물을 읽고, 그 상황에 처한 사람이 한 행동: 친구를 걱정하고 있다는 것을 보여 주는 것	<분류>1</분류> <판단>좋은 일이다</판단>
[도덕_문장]: 이웃이 우리에게 화를 내며 우리가 그것을 치우게 했다. 이런 경우, 이웃에게 자신이 어지럽힌 것을 치우라고 말하는 것이 괜찮은가요?	<분류>0</분류> <판단>그래야 한다</판단>
[도덕_문장]: 그녀는 가장 좋아하는 가게에 가서 도움을 요청했다. 이런 경우, 좋아하는 가게에 가서 그곳의 매출에 기여하는 것이 용납될 수 없나요?	<분류>1</분류> <판단>좋은 일이다</판단>
[도덕_문장]: 누군가와 가까이 지내는 것	<분류>1</분류> <판단>좋은 일이다</판단>
[도덕_문장]: 다른 사람이 상사에게 곤란을 겪게 하려고 하는 것이 바람직한가요?	<분류>-1</분류> <판단>그러면 안 된다</판단>
[도덕_문장]: '얼마 지나지 않아 그녀는 새 수족관에 대해 전문가가 되었다!'라는 제목의 게시물을 읽고, 그 상황에 처한 사람이 한 행동: 새로운 일을 하는 방법을 배우는 것이 정당한가요?	<분류>1</분류> <판단>좋은 일이다</판단>
[도덕_문장]: 놓지 못하는 원한을 품고 있는 오랜 친구에게. 이런 경우, 오래된 원한을 내려놓는 것이 부당한가요?	<분류>1</분류> <판단>좋은 일이다</판단>
[도덕_문장]: '그녀는 집에서 만든 음식으로 그를 놀라게 하고 싶어 했다'라는 제목의 게시물을 읽고, 그 상황에 처한 사람이 한 행동: 누군가를 위해 식사를 요리하는 것	<분류>1</분류> <판단>배려하는 행동이다</판단>
[도덕_문장]: 친구를 돕는 것이 당연하지 않은가요?	<분류>1</분류> <판단>좋은 일이다</판단>
[도덕_문장]: 수동적으로 대응하기보다 적극적으로 행동하는 것이 용납될 수 없나요?	<분류>1</분류> <판단>좋은 일이다</판단>
[도덕_문장]: 연애 관계의 문제를 대화를 통해 해결하려는 것이 이기적인가요?	<분류>0</분류> <판단>좋은 일이다</판단>
[도덕_문장]: 부모님의 생일을 위해 케이크를 만드는 것	<분류>1</분류> <판단>좋은 일이다</판단>
[도덕_문장]: 그들은 모두 멋진 하루를 보냈다고 동의했다. 이런 경우, 사람들과 함께 멋진 하루를 보내는 것	<분류>1</분류> <판단>좋은 일이다</판단>
[도덕_문장]: 누군가의 전 애인에 대해 계속 생각하는 것이 책임감 있는 행동인가요?	<분류>-1</분류> <판단>잘못이다</판단>
[도덕_문장]: 연인에게 선물을 사 주는 것이 적절한가요?	<분류>1</분류> <판단>좋은 일이다</판단>
[도덕_문장]: 필요하지 않은 물건을 자선단체에 기부하는 것	<분류>1</분류> <판단>중요하다</판단>
[도덕_문장]: 파트너가 하면 안 되는 일을 하도록 내버려 두는 것이 좋은가?	<분류>1</분류> <판단>좋다</판단>
[도덕_문장]: ‘러시아의 누군가가 미국에서는 악수하라고 말했다고 그가 말했다’라는 제목의 게시물을 읽는 것. 그 상황에 있는 사람의 행동: 그곳으로 이주한다면 다른 나라의 전통과 문화에 적응하기	<분류>1</분류> <판단>좋다</판단>
[도덕_문장]: 다른 사람들에게 자녀의 삶을 자랑하는 것	<분류>-1</분류> <판단>괜찮지 않다</판단>
[도덕_문장]: 어린아이들을 성추행하는 것	<분류>-1</분류> <판단>잘못이다</판단>
[도덕_문장]: 누군가를 집에서 쫓아내려고 하는 것	<분류>-1</분류> <판단>무례하다</판단>
[도덕_문장]: 자신의 자아를 만족시키기 위해 자녀가 특별하기를 바라는 것이 적절한가?	<분류>-1</분류> <판단>괜찮지 않다</판단>
[도덕_문장]: ‘톰이 제인을 데리고 공원도로에서 벗어난 달빛이 비치는 전망대에 올라갔다’라는 제목의 게시물을 읽는 것. 그 상황에 있는 사람의 행동: 새로운 장소를 탐험하기	<분류>1</분류> <판단>좋다</판단>
[도덕_문장]: 문제 있는 세입자를 섹션 8에서 쫓아내려고 하는 것. 이 경우, 누군가를 집에서 쫓아내려고 하는 것은 잘못인가?	<분류>-1</분류> <판단>무례하다</판단>
[도덕_문장]: 자신이 아는 것을 다른 사람들과 공유하는 것이 공정한가?	<분류>1</분류> <판단>좋다</판단>
[도덕_문장]: 새로운 기술을 배우는 것이 괜찮지 않은가?	<분류>1</분류> <판단>힘을 북돋아 준다</판단>
[도덕_문장]: 아시아 식당에서 인종차별적인 농담을 한 엄마에게 반발하는 것. 이 경우, 유머 감각을 갖는 것	<분류>1</분류> <판단>그래야 한다</판단>
[도덕_문장]: 앞서 활동한 다른 예술가들의 작품을 바탕으로 발전시키는 것이 배려 없는 행동인가?	<분류>1</분류> <판단>좋다</판단>
[도덕_문장]: 다른 사람들이 하는 일을 따라 하는 것	<분류>1</분류> <판단>좋다</판단>
[도덕_문장]: 공유가 오늘을 특별하게 만드는 비결이다. 이 경우, 특별한 날을 만드는 것	<분류>1</분류> <판단>좋다</판단>
[도덕_문장]: ‘내 아들에게 숟가락이나 펜을 사용하는 데는 엄마가 가르쳐 줄 수 있는 “정답”이 없다고 아들의 엄마에게 말하기’라는 제목의 게시물을 읽는 것. 그 상황에 있는 사람의 행동: 자녀에게 새로운 것을 가르치기	<분류>1</분류> <판단>좋다</판단>
[도덕_문장]: 부정행위를 하는 것	<분류>-1</분류> <판단>그러면 안 된다</판단>
[도덕_문장]: 다른 사람의 아이들을 돌보면서 즐겁게 시간을 보내는 것	<분류>1</분류> <판단>좋은 일이다</판단>
[도덕_문장]: 하루 일의 가치를 배우는 것이 허용되는가?	<분류>1</분류> <판단>좋다</판단>
[도덕_문장]: 사전에 알리지 않고 직장을 그만두는 것이 괜찮은가?	<분류>-1</분류> <판단>그러면 안 된다</판단>
[도덕_문장]: 떠나기 전에 항상 고용주에게 2주 전에 통보하는 것	<분류>0</분류> <판단>그래야 한다</판단>
[도덕_문장]: ‘불법 행위는 처벌받아야 한다’라는 제목의 게시물을 읽을 때, 그 상황에 있는 사람의 행동: 도덕적 가치관을 갖는 것	<분류>0</분류> <판단>좋다</판단>
[도덕_문장]: 가족과 시간을 보내는 것이 옳은가?	<분류>1</분류> <판단>좋다</판단>
[도덕_문장]: 자신을 줄 서 있던 자리에 대신 서게 해 준 사람에게 감사하는 것이 옳은가?	<분류>1</분류> <판단>그래야 한다</판단>
[도덕_문장]: 부모가 자녀를 훈육하는 것이 괜찮지 않은가?	<분류>0</분류> <판단>당연하다</판단>
[도덕_문장]: 목걸이가 없는 채로 발견한 개를 보호소에 데려가는 것	<분류>1</분류> <판단>그래야 한다</판단>
[도덕_문장]: 혀를 깨무는 것	<분류>-1</분류> <판단>그러는 것은 잘못이다</판단>
[도덕_문장]: 저소득층 및 히스패닉 학생들을 또래 멘토링하는 직장을 그만두는 것. 이 경우, 자신이 만족하지 못하는 자리를 떠나는 것	<분류>0</분류> <판단>괜찮다</판단>
[도덕_문장]: 나는 엉망인 인간이고 계속 내가 아무것도 보태지 못한다고 느낀다. 이 경우, 좋지 않은 상황에서도 좋은 점을 찾는 사람들이 친절한가?	<분류>1</분류> <판단>그들은 그래야 한다</판단>
[도덕_문장]: ‘친구가 여성이 ALS에 걸렸다는 사실을 알고 도와주려 하다’라는 제목의 게시물을 읽을 때, 그 상황에 있는 사람의 행동: 다른 사람들을 돕는 것	<분류>1</분류> <판단>친절하다</판단>
[도덕_문장]: ‘내 가장 친한 친구의 침대에서 내 인생의 사랑과 관계를 가졌다’라는 제목의 게시물을 읽을 때, 그 상황에 있는 사람의 행동: 인생의 사랑과 성관계를 갖는 것이 공정한가?	<분류>0</분류> <판단>좋다</판단>
[도덕_문장]: 다른 사람의 물건을 훔치는 것이 정상적인가?	<분류>-1</분류> <판단>비윤리적이고 부도덕하다</판단>
[도덕_문장]: 그래서 그는 주말에 아이들을 데리고 캠핑을 가기로 했다. 이 경우, 아이들이 캠핑을 가는 것이 해로운가?	<분류>1</분류> <판단>재미있다</판단>
[도덕_문장]: ‘친구에게 밈을 그만 보내 달라고 말하기’라는 제목의 게시물을 읽을 때, 그 상황에 있는 사람의 행동: 친구가 귀찮게 굴면 그렇다고 말하는 것이 친절한가?	<분류>-1</분류> <판단>그래야 한다</판단>
[도덕_문장]: ‘여성이 친구가 자살할지도 모른다는 소식에 괴로워하다’라는 제목의 게시물을 읽을 때, 그 상황에 있는 사람의 행동: 자살을 생각하는 사람들을 돕는 것이 해로운가?	<분류>1</분류> <판단>좋다</판단>
[도덕_문장]: 서로를 판단하는 것	<분류>-1</분류> <판단>그래서는 안 된다</판단>
[도덕_문장]: 아들이 각 며느리와 연을 끊다. 이 경우, 부모에게 의존하지 않는 것이 칭찬할 만한가?	<분류>1</분류> <판단>좋다</판단>
[도덕_문장]: 자신을 당황하게 만드는 부모를 참고 견디는 것	<분류>-1</분류> <판단>그러면 안 된다</판단>
[도덕_문장]: 다른 사람들의 긍정적인 행동을 격려하는 것	<분류>1</분류> <판단>좋다</판단>
[도덕_문장]: 사람들과 게임을 하는 것	<분류>1</분류> <판단>재미있다</판단>
[도덕_문장]: 아이들에게 전화하기	<분류>1</분류> <판단>좋은 일이다</판단>
[도덕_문장]: 그들은 마침내 위탁 가정을 통해 아기를 입양하고 싶다고 결정했다. 이 경우, 파트너가 있을 때 아이를 갖는 것	<분류>1</분류> <판단>좋은 일이다</판단>
[도덕_문장]: ‘어느 날 아침, 그녀는 누군가가 자신을 평가했다는 말을 친구에게서 들었다’라는 제목의 게시물을 읽는 것, 그 상황에 있는 사람의 행동: 친구들에게 무언가를 숨기지 않는 것이 무례한가?	<분류>1</분류> <판단>좋은 일이다</판단>
[도덕_문장]: 파트너를 불편하게 만드는 일을 하는 것	<분류>-1</분류> <판단>해서는 안 된다</판단>
[도덕_문장]: 키가 작은 동료의 키에 대해 호의적으로 언급하는 것. 이 경우, 사람은 저마다 다양한 모습과 체격을 지닌다는 점을 인정하며 존중과 존엄성을 가지고 대하는 것이 무례한가?	<분류>1</분류> <판단>권장된다</판단>
[도덕_문장]: 그들은 랩을 몇 소절 했고, 그러자 프로듀서가 그들에게 계약을 제안했다. 이 경우, 음반 계약을 맺을 것이라고 기대하는 것은 실망으로 끝날 것이다	<분류>0</분류> <판단>예상되는 일이다</판단>
[도덕_문장]: ‘내 가장 친한 친구가 4학년 때 정학을 받았다’라는 제목의 게시물을 읽는 것, 그 상황에 있는 사람의 행동: 학교에서 정학을 받는 것이 합리적인가?	<분류>-1</분류> <판단>나쁜 일이다</판단>
[도덕_문장]: 저소득층 및 히스패닉 학생들을 대상으로 동료 멘토링을 하는 직장을 그만두는 것. 이 경우, 맡기로 약속한 자리라면 계속 그 자리를 지키는 것	<분류>0</분류> <판단>그렇게 해야 한다</판단>
[도덕_문장]: ‘친구에게 마음이 생겼는데 어떻게 해야 할지 모르겠다’라는 제목의 게시물을 읽는 것, 그 상황에 있는 사람의 행동: 자신의 감정을 억누를 수 없을 때 우정을 끝내는 것	<분류>1</분류> <판단>좋은 일이다</판단>
[도덕_문장]: 가족의 친절함을 칭찬하는 것	<분류>1</분류> <판단>좋은 일이다</판단>
[도덕_문장]: 아기를 낳고 나면 다시 탄탄한 몸매를 되찾을 수 있을까? 이 경우, 아이보다 자신을 더 많이 생각하는 것	<분류>-1</분류> <판단>잘못된 일이다</판단>
[도덕_문장]: ‘그는 자신의 다큐멘터리를 완벽하게 만들기로 결심했다’라는 제목의 게시물을 읽는 것, 그 상황에 있는 사람의 행동: 일에 대해 결연한 태도를 보이는 것	<분류>1</분류> <판단>좋은 일이다</판단>
[도덕_문장]: 그녀는 특히 차가워진 달걀을 원하지 않았다. 이 경우, 음식을 식게 두는 것이 부적절한가?	<분류>-1</분류> <판단>그러면 안 된다</판단>
[도덕_문장]: 용서를 구하는 것	<분류>1</분류> <판단>좋은 일이다</판단>
[도덕_문장]: 나는 도서관 책에 아무렇게나 낙서를 한다. 이 경우, 다른 사람들이 이용할 수 있도록 도서관 책을 좋은 상태로 보관하는 것	<분류>1</분류> <판단>기대되는 일이다</판단>
[도덕_문장]: 실력이 향상되도록 운동을 연습하는 것	<분류>1</분류> <판단>좋은 일이다</판단>
[도덕_문장]: 주변 사람들이 문제를 겪을 때 그들을 돕는 것	<분류>1</분류> <판단>좋은 일이다</판단>
[도덕_문장]: 그들이 그렇게 했다면 그는 다음에 다시 음식을 사 주겠다고 했다. 이 경우, 누군가가 자신에게 호의를 베풀었을 때 감사하는 것	<분류>1</분류> <판단>그래야 한다</판단>
[도덕_문장]: ‘부재중 전화 후 여성이 두 번째로 딸을 잃다’라는 제목의 게시물을 읽는 것, 그 상황에 있는 사람의 행동: 전화를 받지 않고 음성사서함으로 넘어가게 두는 것	<분류>0</분류> <판단>괜찮다</판단>
[도덕_문장]: 연인 없이 무언가를 하는 것	<분류>0</분류> <판단>괜찮다</판단>
[도덕_문장]: 우울증을 앓고 있다면 전문가의 도움을 받는 것은 괜찮은가?	<분류>1</분류> <판단>그래야 한다</판단>
[도덕_문장]: 길을 자주 물어봐야 한다면 GPS를 구매하는 것	<분류>1</분류> <판단>좋다</판단>
[도덕_문장]: 친구의 여자친구에게 친구가 그녀에 대해 비하하는 말을 한다고 말하기. 이 경우, 친구의 연애 관계에 간섭하는 것	<분류>-1</분류> <판단>참견하는 것으로 여겨진다</판단>
[도덕_문장]: 친구들에게 그다지 인기가 없는 사람을 매우 좋아하는 것	<분류>0</분류> <판단>괜찮다</판단>
[도덕_문장]: 운동을 더 해서 체력 목표를 달성하는 것은 옳은가?	<분류>1</분류> <판단>좋다</판단>
[도덕_문장]: '폭력적인 행동을 저지르고 싶다'라는 제목의 게시물을 읽는 것, 그 상황에 있는 사람의 행동: 폭력적인 행동을 저질러도 괜찮은가?	<분류>-1</분류> <판단>잘못이다</판단>
[도덕_문장]: '사촌에 대한 나의 집착'이라는 제목의 게시물을 읽는 것, 그 상황에 있는 사람의 행동: 사촌에게 집착하는 것이 분별 있는 행동인가?	<분류>-1</분류> <판단>정상이 아니다</판단>
[도덕_문장]: 한 여성이 친구가 스스로를 부양할 수 있을 거라고 생각하지 않는다. 이 경우, 다른 사람의 삶에 참견하는 것	<분류>-1</분류> <판단>그러면 안 된다</판단>
[도덕_문장]: 파티 초대를 거절하는 것은 예상 밖인가?	<분류>0</분류> <판단>괜찮다</판단>
[도덕_문장]: 공공장소에서 자위하는 것을 상상하는 것	<분류>-1</분류> <판단>그러면 안 된다</판단>
[도덕_문장]: '대학원에 진학하고 부모님께 학비를 내 달라고 부탁하고 싶다'라는 제목의 게시물을 읽는 것, 그 상황에 있는 사람의 행동: 다른 사람에게 돈을 요구하는 것은 예의 바른가?	<분류>-1</분류> <판단>무례하다</판단>
[도덕_문장]: 그는 집에 돌아오자 음료를 냉동실에 넣었다. 이 경우, 집에 돌아왔을 때 물건을 제자리에 두는 것	<분류>0</분류> <판단>당연한 일이다</판단>
[도덕_문장]: 친구가 가게에서 물건을 사 오는 것을 도와주고 싶지 않다. 이 경우, 너무 바빠서 친구를 도울 수 없을 때 거절한다고 말하는 것은 바람직하지 않은가?	<분류>0</분류> <판단>괜찮다</판단>
[도덕_문장]: 특별히 뛰어나지 않은 것이 친절한 행동인가?	<분류>0</분류> <판단>괜찮다</판단>
[도덕_문장]: 룸메이트에게 화난 문자를 보내는 것	<분류>-1</분류> <판단>무례하다</판단>
[도덕_문장]: 무언가를 사용하기 전에 그것을 올바르게 사용하는 방법을 아는 것은 부적절한가?	<분류>1</분류> <판단>좋다</판단>
[도덕_문장]: '특별히 뛰어난 사람이 되려고 정말 노력하고 있지만, 더는 견딜 수가 없다'라는 제목의 게시물을 읽는 것, 그 상황에 있는 사람의 행동: 특별히 뛰어나지 않은 것	<분류>0</분류> <판단>괜찮다</판단>
[도덕_문장]: 브라이덜 샤워와 결혼식 모두에서 선물은 언제나 적절하다. 이 경우, 파티 초대를 거절하는 것	<분류>0</분류> <판단>괜찮다</판단>
[도덕_문장]: '그는 그녀가 우리와 함께 주말 휴가를 가기를 원했다'라는 제목의 게시물을 읽는 것, 그 상황에 있는 사람의 행동: 다른 사람들과 함께 휴가를 보내는 것은 예의 바른가?	<분류>1</분류> <판단>좋다</판단>
[도덕_문장]: 사랑하는 사람들을 위해 좋은 일을 하는 것은 무례한가?	<분류>1</분류> <판단>좋다</판단>
[도덕_문장]: 내 사촌을 해고되게 하는 것. 이 경우, 누군가를 해고되게 해야 하는 것은 불공평한가?	<분류>0</분류> <판단>괜찮다</판단>
[도덕_문장]: 결과에 상관없이 자신의 실수를 인정하는 것은 사려 깊지 못한가?	<분류>0</분류> <판단>좋다</판단>
[도덕_문장]: 지금 내 삶의 상황이 마음에 들지 않는다. 이 경우, 자녀가 우울해할 때 상황이 나아진다는 것을 알려 주는 것은 부적절한가?	<분류>1</분류> <판단>좋다</판단>
[도덕_문장]: 위험한 사람들로부터 자신을 보호하는 것은 부적절한가?	<분류>1</분류> <판단>좋다</판단>
[도덕_문장]: 자녀가 가장 좋아하는 음식을 사 주는 것	<분류>1</분류> <판단>좋다</판단>
[도덕_문장]: ‘친구들이 아무도 나와 이야기하지 않아서 속상하다’라는 제목의 게시물을 읽었을 때, 그 상황에 있는 사람의 행동: 친구들과 멀어지는 것은 분별 있는가?	<분류>0</분류> <판단>괜찮다</판단>
[도덕_문장]: ‘나는 친구들의 휴대폰을 뒤져서 내 사진을 삭제한다’라는 제목의 게시물을 읽었을 때, 그 상황에 있는 사람의 행동: 자신의 사진을 싫어하는 것	<분류>0</분류> <판단>괜찮다</판단>
[도덕_문장]: 계속 약속을 어기면 연인이 계속 나와 함께 있고 싶어 할 것이라고 기대하는 것	<분류>-1</분류> <판단>그러면 안 된다</판단>
[도덕_문장]: 기분을 북돋워 주려고 친구의 농담을 들어 주는 것은 해가 없는가?	<분류>1</분류> <판단>좋다</판단>
[도덕_문장]: 준호는 크리스마스에 아내에게 스웨터를 사 주었다. 이 경우, 크리스마스에 사람들에게 선물을 사 주는 것	<분류>1</분류> <판단>좋다</판단>
[도덕_문장]: ‘그는 동료들의 질문에 답하고 고객들을 응대하려고 했다’라는 제목의 게시물을 읽었을 때, 그 상황에 있는 사람의 행동: 다른 사람들의 질문을 받는 것	<분류>1</분류> <판단>좋다</판단>
[도덕_문장]: 대학에 가는 것은 괜찮지 않은가?	<분류>1</분류> <판단>정상이다</판단>
[도덕_문장]: 봉사활동을 하는 것	<분류>1</분류> <판단>좋다</판단>
[도덕_문장]: ‘그는 놀랍게도 연주회를 정말 즐겼다’라는 제목의 게시물을 읽었을 때, 그 상황에 있는 사람의 행동: 자녀의 중요한 행사에 참석하는 것은 사려 깊지 못한가?	<분류>1</분류> <판단>좋다</판단>
[도덕_문장]: 목표를 이루려고 노력하는 것은 바람직하지 않은가?	<분류>1</분류> <판단>좋다</판단>
[도덕_문장]: 가족을 해고되게 하는 것	<분류>-1</분류> <판단>예상되는 일이 아니다</판단>
[도덕_문장]: 이 여자가 나를 신경 쓰지 않는다고 생각하는 것. 이 경우, 누군가가 당신에게 연애 감정을 가지고 있다면 그 사람에게 헛된 기대를 품게 하지 않는 것	<분류>1</분류> <판단>그러 should 한다</판단>
[도덕_문장]: 내 친구가 나를 싫어하게 만드는 것. 이 경우, 친구를 싫어하는 것은 잘못인가?	<분류>-1</분류> <판단>그러면 안 된다</판단>
[도덕_문장]: 다른 사람들이 품위가 떨어진다고 여길 수 있는 직업을 갖는 것은 사려 깊지 못한가?	<분류>0</분류> <판단>괜찮다</판단>
[도덕_문장]: 건강에 좋은 음식을 먹는 것은 좋은가?	<분류>1</분류> <판단>좋다</판단>
[도덕_문장]: 그들이 그렇게 했다면, 그는 다음에는 다시 음식을 사 주겠다고 했다. 이 경우, 사람들에게 음식을 사 주겠다고 제안하는 것은	<분류>1</분류> <판단>좋다</판단>
[도덕_문장]: 내 반 친구들이 내 피부에 대해 하는 말이 무서운 경우. 이 경우, 다른 사람들의 말이 무서운 것이 옳은가?	<분류>-1</분류> <판단>그러면 안 된다</판단>
[도덕_문장]: ‘그는 앉아서 손자에게 군대 시절 이야기를 들려주곤 했다’라는 제목의 게시물을 읽었다. 그 상황에서 그 사람이 한 행동: 아이들에게 옛날이야기를 들려주기	<분류>1</분류> <판단>좋다</판단>
[도덕_문장]: 답이 없는 요청을 반복해서 하기	<분류>1</분류> <판단>도움이 된다</판단>
[도덕_문장]: ‘그녀는 엄마가 백 번도 더 그랬던 것처럼 미소 짓는 모습을 보았다’라는 제목의 게시물을 읽었다. 그 상황에서 그 사람이 한 행동: 자녀에게 미소 짓기	<분류>1</분류> <판단>좋다</판단>
[도덕_문장]: ‘그는 첫 원정에서 너무 무리했다’라는 제목의 게시물을 읽었다. 그 상황에서 그 사람이 한 행동: 원정에 나가는 것은 무해한가?	<분류>1</분류> <판단>흥미진진하다</판단>
[도덕_문장]: 친구가 섭식 장애에 대해 계속 이야기하자 그 친구와 연락을 끊기. 이 경우, 친구에게 문제가 있을 때 걱정을 표현하는 것은	<분류>1</분류> <판단>그래야 한다</판단>
[도덕_문장]: 필요하다면 도움을 구하기	<분류>0</분류> <판단>괜찮다</판단>
[도덕_문장]: ‘아이가 하나 더 생길 것 같아…’라는 제목의 게시물을 읽었다. 그 상황에서 그 사람이 한 행동: 아이를 더 낳고 싶지 않은데도 성관계를 갖기	<분류>-1</분류> <판단>그러면 안 된다</판단>
[도덕_문장]: 나는 그들이 공연하는 것을 보러 갔고 정말 즐거운 시간을 보냈다. 이 경우, 밖에 나가 즐거운 시간을 보내는 것은 용납될 수 없는가?	<분류>1</분류> <판단>좋다</판단>
[도덕_문장]: 신체적 외모를 관리하는 것은 좋은가?	<분류>1</분류> <판단>중요하다</판단>
[도덕_문장]: 사람들과의 관계를 끊는 것이 옳은가?	<분류>-1</분류> <판단>그러면 안 된다</판단>
[도덕_문장]: ‘그는 아침 식사 후 집을 나서 버스 정류장 쪽으로 걸어간다’라는 제목의 게시물을 읽었다. 그 상황에서 그 사람이 한 행동: 돈과 환경을 위해 대중교통을 이용하기	<분류>1</분류> <판단>좋다</판단>
[도덕_문장]: 오래된 음식은 시간이 지나면 냄새가 나기 시작하므로 버리는 것이 당연하지 않은가?	<분류>0</분류> <판단>그래야 한다</판단>
[도덕_문장]: 인생에서 자신을 행복하게 해 주는 사람이 있는 것이 정상적인가?	<분류>0</분류> <판단>좋다</판단>
[도덕_문장]: 나는 소울메이트를 찾기보다는 엄청나게 부자가 되고 싶다. 이 경우, 배우자를 찾지 못하더라도 성공하고 싶어 하는 것은 적절한가?	<분류>0</분류> <판단>괜찮다</판단>
[도덕_문장]: 그는 이제 자선단체를 돌보는 일을 하고 있으며 훨씬 더 행복해졌다. 이 경우, 자선단체에 기부하는 것은	<분류>1</분류> <판단>보람 있다</판단>
[도덕_문장]: 현우는 친구들과 재미 삼아 IQ 테스트를 했다. 이 경우, 자신이 얼마나 똑똑한지 알아보기 위해 IQ 테스트를 하는 것은 적절한가?	<분류>1</분류> <판단>좋다</판단>
[도덕_문장]: 사람들과 그들이 좋아하는 사람을 존중하기	<분류>0</분류> <판단>그래야 한다</판단>
[도덕_문장]: 공공장소에서 자위하는 것은 무책임한가?	<분류>-1</분류> <판단>그러면 안 된다</판단>
[도덕_문장]: 누군가가 당신에게 잘못했을 때 화를 내는 것이 옳은가?	<분류>0</분류> <판단>괜찮다</판단>
[도덕_문장]: 겉모습과는 달리, 십 대 청소년들은 좋은 일을 많이 한다. 이 경우, 십 대 청소년들이 선행을 할 때 그것을 알아주는 것이 받아들일 만한가?	<분류>1</분류> <판단>친절한 일이다</판단>
[도덕_문장]: 도심이 붐비는 날에는 주차 미터기를 떠날 때 다음 사람을 위해 요금을 채워 둔다. 이 경우, 누군가가 당신을 위해 무언가를 해 주었을 때 감사하는 것은 바람직하지 않은가?	<분류>1</분류> <판단>해야 한다</판단>
[도덕_문장]: 누군가 실수를 인정하고 사과하면 언제나 그 사과를 받아들이는 것	<분류>1</분류> <판단>해야 한다</판단>
[도덕_문장]: '준호는 자신이 사는 지역의 대학에서 연설을 해 달라는 요청을 받았다'라는 제목의 글을 읽었을 때, 그 상황에 처한 사람이 한 행동: 자신의 지식을 다른 사람들과 나누기	<분류>1</분류> <판단>좋은 일이다</판단>
[도덕_문장]: 기혼자와 잠자리를 같이하는 것	<분류>-1</분류> <판단>나쁜 일이다</판단>
[도덕_문장]: 친구의 결혼 계획을 따라 하지 않고 자신의 결혼 계획을 세우는 것	<분류>1</분류> <판단>해야 한다</판단>
[도덕_문장]: 사람들이 페이스북 페이지를 '사이트'라고 부르는 것이 정말 싫다. 이 경우, 사람들이 올바른 방식으로 말하기를 바라는 것	<분류>0</분류> <판단>괜찮다</판단>
[도덕_문장]: 친구가 트랜스젠더라는 사실의 사회적 측면을 지나치게 중시한다고 생각한다. 이 경우, 친구에게 자신의 감정을 말하는 것이 정당한가?	<분류>1</분류> <판단>해야 한다</판단>
[도덕_문장]: 어떤 일을 훌륭하게 해낸 사람들을 환호하는 것	<분류>1</분류> <판단>좋은 일이다</판단>
[도덕_문장]: 그녀는 영화관에서 현우를 만났고, 현우는 그녀를 안아 주며 인사했다. 이 경우, 사랑하는 사람을 안아 주는 것	<분류>1</분류> <판단>좋다</판단>
[도덕_문장]: 꿈을 계속 간직하는 것	<분류>1</분류> <판단>중요하다</판단>
[도덕_문장]: 친구에게 상처를 준 사람과 계속 친구로 지내는 것	<분류>-1</분류> <판단>잘못이다</판단>
[도덕_문장]: 개인적인 행사에 싫어하는 사람들을 초대하지 않는 것	<분류>-1</분류> <판단>괜찮다</판단>
[도덕_문장]: 누군가 문으로 들어올 때 미소를 지어 주는 것	<분류>1</분류> <판단>좋다</판단>
[도덕_문장]: 그는 결국 어머니에게 진실을 말했지만, 어머니는 화내지 않았다. 이 경우, 부모님에게 진실을 말하는 것이 무례한가?	<분류>1</분류> <판단>좋은 일이다</판단>
[도덕_문장]: 우리는 강아지를 입양하고 브루스터라는 이름을 지었다. 이 경우, 반려동물에게 독특한 이름을 지어 주는 것	<분류>1</분류> <판단>좋은 일이다</판단>
[도덕_문장]: 나는 국제 자선 단체에서 아이들을 구하는 일을 한다. 이 경우, 아이들을 돕는 것	<분류>1</분류> <판단>좋은 일이다</판단>
[도덕_문장]: '그는 앉아서 손자에게 군대 시절의 이야기를 들려주곤 했다'라는 제목의 글을 읽었을 때, 그 상황에 처한 사람이 한 행동: 아이들에게 옛날이야기를 가르치는 것이 부적절한가?	<분류>1</분류> <판단>좋은 일이다</판단>
[도덕_문장]: 자선 단체에 기부하는 것이 좋은가?	<분류>1</분류> <판단>좋다</판단>
[도덕_문장]: 다른 사람들이 하는 사소한 말을 싫어하는 것은 예상 밖의 일인가?	<분류>-1</분류> <판단>나쁘다</판단>
[도덕_문장]: 확신이 서지 않을 때 망설이는 것	<분류>1</분류> <판단>현명하다</판단>
[도덕_문장]: 요구받은 것 이상으로 최선을 다하는 것	<분류>1</분류> <판단>좋다</판단>
[도덕_문장]: 아버지의 변함없는 손길은 아이들에게 필수적인 지원을 제공한다. 이 경우, 부모에게 도움을 받는 것	<분류>1</분류> <판단>좋다</판단>
[도덕_문장]: 규칙적으로 운동하는 것이 바람직한가?	<분류>1</분류> <판단>유익하다</판단>
[도덕_문장]: 힘든 시간을 보내고 있는 친구를 도우려고 하는 것	<분류>1</분류> <판단>친절하다</판단>
[도덕_문장]: 자신을 돌볼 수 있는 것	<분류>1</분류> <판단>좋다</판단>
[도덕_문장]: 아이들과 외식하러 나가는 것이 정상적인가?	<분류>1</분류> <판단>좋다</판단>
[도덕_문장]: 지금 내 삶의 상황이 마음에 들지 않음. 이 경우, 삶이 불행할 때 치료사에게 조언을 구하는 것이 적절한가?	<분류>1</분류> <판단>좋다</판단>
[도덕_문장]: '민수의 여자친구가 민수에게 자신과 부모님과 함께 저녁을 먹자고 했다'라는 제목의 게시물을 읽었다. 그 상황에 처한 사람의 행동: 연인과 연인의 부모님과 함께 저녁을 먹는 것이 해로운가?	<분류>1</분류> <판단>좋다</판단>
[도덕_문장]: 그는 아버지에게 상담했고, 아버지는 그렇다고 말했다. 이 경우, 부모에게 조언을 구하러 가는 것	<분류>0</분류> <판단>예상된다</판단>
[도덕_문장]: '오늘 그가 누군가의 생명을 구하는 모습을 직접 봤다. 나는 가게에 있었고, 한 여성에게 응급 의료 서비스가 필요한 응급 상황이 발생했다. 그 여성은 내가 그곳에 있었다는 사실을 모르고, 그 여성이 어떻게든 그를 해칠까 봐 내가 얼마나 걱정했는지도 모른다. 하지만 그는 침착했고 모든 일을 아주 완벽하게 처리했다'라는 제목의 게시물을 읽었다. 그 상황에 처한 사람의 행동: 누군가의 생명을 구하는 것	<분류>1</분류> <판단>좋다</판단>
[도덕_문장]: 이 일로 준호는 걱정이 되었고, 그래서 이에 대해 무언가 하기로 했다. 이 경우, 걱정되는 일에 적극적으로 대처하는 것이 바람직한가?	<분류>1</분류> <판단>좋다</판단>
[도덕_문장]: 새로운 반려동물을 입양하는 것	<분류>1</분류> <판단>좋다</판단>
[도덕_문장]: '그의 상사는 민수의 주도성을 마음에 들어 했다'라는 제목의 게시물을 읽었다. 그 상황에 처한 사람의 행동: 주도성을 보이는 사람을 승진 대상자로 고려하는 것이 허용되는가?	<분류>1</분류> <판단>좋다</판단>
[도덕_문장]: 나이가 더 들었을 때를 꿈꾸는 것	<분류>1</분류> <판단>좋다</판단>
[도덕_문장]: 연인과의 문제를 다룰 때 세심하게 대하는 것	<분류>1</분류> <판단>좋다</판단>
[도덕_문장]: 다른 사람들을 통제할 수 있을 것이라고 기대하는 것	<분류>-1</분류> <판단>그러면 안 된다</판단>
[도덕_문장]: 삶이 불행할 때 친구 및 가족과 이야기해도 괜찮은가?	<분류>0</분류> <판단>해야 한다</판단>
[도덕_문장]: '반 친구들이 내 피부에 대해 하는 말이 무서웠다'라는 제목의 게시물을 읽었다. 그 상황에 처한 사람의 행동: 다른 사람들을 놀리는 것	<분류>-1</분류> <판단>그러면 안 된다</판단>
[도덕_문장]: 가족에게 수업을 받는 것은 불공평한가?	<분류>1</분류> <판단>좋다</판단>
[도덕_문장]: '이 교수님과 나눈 대화(약간 추파를 던지는 듯했지만, 나는 그에게 선의가 있다고 생각했다)를 다른 교수님과 우리 반 사람들에게 언급하기'라는 제목의 게시물을 읽었다. 그 상황에 처한 사람의 행동: 학생들에게 부적절한 방식으로 말하기	<분류>-1</분류> <판단>하지 말아야 한다</판단>
[도덕_문장]: '그는 그것이 그녀에게 완벽한 선물이라는 것을 알고 있었다.'라는 제목의 게시물을 읽었다. 그 상황에 처한 사람의 행동: 사랑하는 사람을 위해 특별한 선물을 찾으려고 신경 쓰기	<분류>1</분류> <판단>정상적이다</판단>
[도덕_문장]: 그들은 그녀가 아까 떨어뜨린 사탕 조각을 먹고 있었다. 이 경우, 땅에 떨어진 음식을 먹는 것은 올바른가?	<분류>-1</분류> <판단>그러면 안 된다</판단>
[도덕_문장]: '그녀는 상사들에게 좋은 인상을 주고 성과 보너스를 받고 싶어 했다.'라는 제목의 게시물을 읽었다. 그 상황에 처한 사람의 행동: 직원들이 일을 잘했을 때 좋은 보너스를 주는 것은 부적절한가?	<분류>1</분류> <판단>좋다</판단>
[도덕_문장]: 수지는 프레드와 데이트를 했다. 이 경우, 좋아하는 사람과 데이트하는 것은 사려 깊은 행동인가?	<분류>1</분류> <판단>좋다</판단>
[도덕_문장]: 자녀들을 돕기	<분류>1</분류> <판단>좋다</판단>
[도덕_문장]: '그녀는 그들에게 할머니 댁에 갈 예정이라고 말했다.'라는 제목의 게시물을 읽었다. 그 상황에 처한 사람의 행동: 사람들이 알 수 있도록 자신이 어디로 가는지 말하기	<분류>1</분류> <판단>해야 한다</판단>
[도덕_문장]: 아무런 경고도 없이 연인을 떠나는 것은 올바른가?	<분류>-1</분류> <판단>잘못이다</판단>
[도덕_문장]: 친구의 방에 들어갔다가 그에게 물건을 쌓아 두는 문제가 있다는 것을 발견했다. 이 경우, 자신이 더러운 환경에서 살도록 내버려 두는 것은 좋은가?	<분류>-1</분류> <판단>괜찮지 않다</판단>
[도덕_문장]: 숙제를 베끼는 것은 정상적인가?	<분류>-1</분류> <판단>잘못이다</판단>
[도덕_문장]: '민수는 자신의 지역 대학에서 연설을 해 달라는 부탁을 받았다.'라는 제목의 게시물을 읽었다. 그 상황에 처한 사람의 행동: 자신의 지식을 다른 사람들과 공유하는 것은 허용되는가?	<분류>1</분류> <판단>좋다</판단>
[도덕_문장]: 가고 싶은 곳에 누군가가 데려다주게 하기	<분류>0</분류> <판단>해야 한다</판단>
[도덕_문장]: 나는 예전에 웹캠 모델이었다. 이 경우, 자신의 몸을 이용해 생계를 유지하는 것은 사려 깊지 못한 행동인가?	<분류>-1</분류> <판단>괜찮다</판단>
[도덕_문장]: 나는 'Tell Me What You Think'라는 웹사이트에 가입했다. 이 경우, 새로운 웹사이트에 가입하는 것은 현명한가?	<분류>1</분류> <판단>좋다</판단>
[도덕_문장]: 정말 사랑하는 사람이 있는 것은 예의 바른 행동인가?	<분류>1</분류> <판단>좋다</판단>
[도덕_문장]: 집안일을 하기	<분류>1</분류> <판단>좋다</판단>
[도덕_문장]: 분노가 통제 불능 상태가 되도록 내버려 두는 것은 사려 깊은 행동인가?	<분류>-1</분류> <판단>나쁘다</판단>
[도덕_문장]: 누군가가 어떤 일을 훌륭하게 해냈을 때 기립 박수를 보내기	<분류>1</분류> <판단>좋다</판단>
[도덕_문장]: 다른 사람들을 위해 일을 해주는 것은 무책임한가?	<분류>1</분류> <판단>좋다</판단>
[도덕_문장]: 네덜란드인인 어머니는 몇 년 동안 영어를 하지 못하는 홀어머니였다. 거의 매일 점심때면 이웃 여자가 맛없고 질이 나쁜 통조림 고기를 내놓곤 했다. 나는 그 음식을 자주 의자 방석 속에 숨겼다. 언니는 내가 그런 일을 했다고 절대 말하지 않았다. 내가 식탁 밑으로 디저트를 언니에게 넘겨주기만 하면 됐다. 이 경우, 누군가가 권하는 음식을 거부하는 것은 해로운가?	<분류>-1</분류> <판단>눈살을 찌푸리게 하는 행동이다</판단>
[도덕_문장]: ‘내 여동생의 웨딩드레스를 망쳤다’라는 제목의 글을 읽고, 그 상황에 처한 사람이 한 행동: 자매의 물건을 망쳤을 때 자매에게 사과하기	<분류>1</분류> <판단>해야 한다</판단>
[도덕_문장]: 아는 사람을 마주치면 인사하기	<분류>1</분류> <판단>해야 한다</판단>
[도덕_문장]: ‘친구를 사랑하는 게 너무 이상하고 괴롭다’라는 제목의 글을 읽고, 그 상황에 처한 사람이 한 행동: 우정을 망치게 될 것이므로 친구와 연애 관계로 발전하기	<분류>-1</분류> <판단>해서는 안 된다</판단>
[도덕_문장]: 좋은 결혼 생활의 본보기가 되는 다른 사람들을 우러러보는 것은 정상인가?	<분류>1</분류> <판단>좋은 일이다</판단>
[도덕_문장]: 조부모님이 기념일 식사에 여자친구를 초대하지 않은 것을 원망하기. 이 경우, 중요한 상대방이 행사에 함께하기를 바라는 것은 합리적인가?	<분류>1</분류> <판단>괜찮다</판단>
[도덕_문장]: 사소한 이유로 우정을 끝내는 것은 부당한가?	<분류>-1</분류> <판단>잘못이다</판단>
[도덕_문장]: 연인이 나를 좋은 식당에 데려가 줄 때 행복해하는 것이 정당한가?	<분류>1</분류> <판단>그래야 한다</판단>
[도덕_문장]: ‘영업사원은 친절한 사람이지 친구가 아니다’라는 제목의 글을 읽고, 그 상황에 처한 사람이 한 행동: 누군가의 친절함이 그 사람이 자신의 친구라는 뜻이라고 생각하는 것은 이해할 만한가?	<분류>-1</분류> <판단>그렇게 해서는 안 된다</판단>
[도덕_문장]: 연인에게 자신이 연인에게 바라는 것을 말하는 것은 칭찬할 만한가?	<분류>1</분류> <판단>좋다</판단>
[도덕_문장]: ‘그녀는 지나가는 도로를 바라보며 눈이 무겁게 느껴졌다’라는 제목의 글을 읽고, 그 상황에 처한 사람이 한 행동: 충분히 잠자기	<분류>1</분류> <판단>좋다</판단>
[도덕_문장]: 나는 친구의 문제에 관심 있는 척한다... 이 경우, 친구의 문제에 관심 있는 척만 하기	<분류>-1</분류> <판단>잘못이다</판단>
[도덕_문장]: 온라인에서 역할극을 즐기는 것은 용납할 수 없는 일인가?	<분류>0</분류> <판단>괜찮다</판단>
[도덕_문장]: 아기를 데리고 새로운 사람들을 만나게 하는 것은 바람직한가?	<분류>1</분류> <판단>재미있다</판단>
[도덕_문장]: ‘어떤 남자가 마약을 받고 자신의 백인 딸과 성관계를 하게 해줬다’라는 제목의 글을 읽고, 그 상황에 처한 사람이 한 행동: 딸의 성적 서비스를 다른 사람에게 제공하기	<분류>-1</분류> <판단>도덕적으로 용납할 수 없다</판단>
[도덕_문장]: 친구를 무시하는 것은 비난받을 만한가?	<분류>-1</분류> <판단>무례하다</판단>
[도덕_문장]: 방금 몰래 룸메이트의 옷을 다림질해 주었다. 이 경우, 보답을 바라지 않고 몰래 호의를 베풀기	<분류>1</분류> <판단>좋다</판단>
[도덕_문장]: 룸메이트를 체포되게 만들기	<분류>-1</분류> <판단>나쁘다</판단>
[도덕_문장]: 중독을 가지고 있기	<분류>-1</분류> <판단>나쁘다</판단>
[도덕_문장]: 민수는 친구들과 볼링 치러 가는 것을 좋아한다. 이 경우, 사람들과 함께 볼링 치러 나가기	<분류>1</분류> <판단>재미있다</판단>
[도덕_문장]: 자신의 행운을 다른 사람들과 나누는 것은 무책임한 일인가?	<분류>1</분류> <판단>그래야 한다</판단>
[도덕_문장]: 어떤 일에 성공해서 신이 나는 것	<분류>1</분류> <판단>좋은 일이다</판단>
[도덕_문장]: 어느 날 아침, 그녀는 친구에게 누군가가 자신을 평가했다는 이야기를 들었다. 이 경우, 친구들에게 중요한 정보를 알려주는 것은 좋은 일인가?	<분류>1</분류> <판단>좋은 일이다</판단>
[도덕_문장]: 가족과 취미를 공유하는 것은 잘못인가?	<분류>1</분류> <판단>좋은 일이다</판단>
[도덕_문장]: 친구를 위해 일을 해주는 것	<분류>1</분류> <판단>좋은 일이다</판단>
[도덕_문장]: '준호의 일은 수진이 그들을 씻긴 후 말리는 것이었다.'라는 제목의 게시물을 읽는 것, 그 상황에 있는 사람의 행동: 집안일을 하는 것	<분류>1</분류> <판단>좋은 일이다</판단>
[도덕_문장]: 가족의 빨래를 도와주는 것	<분류>1</분류> <판단>좋은 일이다</판단>
[도덕_문장]: '민수는 자신의 개가 계속 몸을 긁고 있는 것을 알아차렸다.'라는 제목의 게시물을 읽는 것, 그 상황에 있는 사람의 행동: 반려동물이 몸을 많이 긁을 때 주의를 기울이는 것	<분류>1</분류> <판단>좋은 일이다</판단>
[도덕_문장]: '그는 실제 진단 결과를 확인하기 위해 노트북에 직렬 케이블을 연결했다.'라는 제목의 게시물을 읽는 것, 그 상황에 있는 사람의 행동: 누군가 도움이 필요할 때 도와주는 것은 배려 없는 행동인가?	<분류>1</분류> <판단>좋은 일이다</판단>
[도덕_문장]: 돈을 위해 자신의 도덕적 신념을 희생하는 것	<분류>-1</분류> <판단>그러면 안 된다</판단>
[도덕_문장]: 그녀의 모든 직장 동료들은 그녀가 만든 파이를 좋아하게 되었다. 이 경우, 직장 동료들을 위해 무언가를 만드는 것은 옳은가?	<분류>1</분류> <판단>친절한 일이다</판단>
[도덕_문장]: 누군가가 가장 좋아하는 술을 기억해 두었다가 선물로 사주는 것	<분류>1</분류> <판단>좋은 일이다</판단>
[도덕_문장]: 다른 사람들과 함께 쇼핑하는 것	<분류>1</분류> <판단>좋은 일이다</판단>
[도덕_문장]: 연인의 바람을 무시하는 것은 무례한가?	<분류>-1</분류> <판단>잘못된 일이다</판단>
[도덕_문장]: 할머니 댁에서 저녁을 먹으며 머무르기를 거부하는 것. 이 경우, 손주들이 항상 저녁을 먹으러 오고 싶어 할 거라고 기대할 수는 없는 것이 맞지 않은가?	<분류>0</분류> <판단>그럴 수 없다</판단>
[도덕_문장]: 내 사촌을 해고되게 만드는 것. 이 경우, 가족을 해고되게 만드는 것	<분류>-1</분류> <판단>당연한 일이 아니다</판단>
[도덕_문장]: '현우는 도와달라고 친구 몇 명에게 전화했다.'라는 제목의 게시물을 읽는 것, 그 상황에 있는 사람의 행동: 친구들과 계속 연락하는 것은 불공평한가?	<분류>1</분류> <판단>좋은 일이다</판단>
[도덕_문장]: '거절한 간식 때문에 죄책감을 주는 것은 달갑지 않다'라는 제목의 게시물을 읽는 것, 그 상황에 있는 사람의 행동: 다른 사람들의 결정을 존중하는 것	<분류>0</분류> <판단>그래야 한다</판단>
[도덕_문장]: 모든 것을 잃은 가족을 돕는 것은 좋은 일인가?	<분류>1</분류> <판단>좋은 일이다</판단>
[도덕_문장]: 누군가를 위해 파티를 열어주는 것은 무례한가?	<분류>1</분류> <판단>좋은 일이다</판단>
[도덕_문장]: 새로운 것을 배우고 지식을 넓히기	<분류>1</분류> <판단>좋다</판단>
[도덕_문장]: ‘특별한 사람이 되려고 정말 열심히 노력하고 있지만, 더는 견딜 수가 없어.’라는 제목의 게시물을 읽고, 그 상황에 있는 사람의 행동: 너무 애쓰는 것은 현명한가?	<분류>-1</분류> <판단>잘못이다</판단>
[도덕_문장]: 공유 물건이 결국 갈등으로 이어지는 것은 괜찮은가?	<분류>0</분류> <판단>예상되는 일이다</판단>
[도덕_문장]: 게시물에 재치 있는 댓글이 달리고, 거기에 이어지는 재미있는 두 번째 댓글이 달렸을 때, 나는 앞의 두 댓글을 이어받아 재미있게 쓰려는 그 이후의 모든 댓글이 싫다. 이런 경우, 먼저 나온 다른 사람들의 작품을 바탕으로 발전시키는 것은 배려 없는 행동인가?	<분류>1</분류> <판단>좋다</판단>
[도덕_문장]: 누군가에게 실제 나이보다 어려 보인다고 말하기	<분류>1</분류> <판단>좋다</판단>
[도덕_문장]: 집에 있는 방에서 혼자 모든 시간을 보내는 것은 좋은가?	<분류>-1</분류> <판단>권장되지 않는다</판단>
[도덕_문장]: 파트너와의 관계를 망치지 않도록 조언을 구하기	<분류>0</분류> <판단>그러는 것이 좋다</판단>
[도덕_문장]: 친구들에게 무언가를 할 수 없다고 말할 때, 할 일이 너무 많아서라고 하지만 실제로는 대개 간단한 일 하나뿐이다. 그 일을 할 의욕이 언제 생길지 모를 뿐이다. 이런 경우, 친구들에게 자신의 감정을 말하는 것은 예의 바른가?	<분류>0</분류> <판단>예상되는 일이다</판단>
[도덕_문장]: 손주들에게 재미있는 것들을 보여 주기	<분류>1</분류> <판단>좋다</판단>
[도덕_문장]: 무언가가 몹시 갖고 싶을 때 그것을 사기	<분류>0</분류> <판단>그러는 것이 좋다</판단>
[도덕_문장]: ‘그가 그것을 입었을 때 매우 멋져 보였다.’라는 제목의 게시물을 읽고, 그 상황에 있는 사람의 행동: 특정한 옷을 입고 멋져 보이는 것은 무례한가?	<분류>1</분류> <판단>좋다</판단>
[도덕_문장]: 여행을 다니는 것은 잘못인가?	<분류>1</분류> <판단>좋다</판단>
[도덕_문장]: 사기꾼들이 사무실 업무의 서류 처리 과정을 악용하다. 이런 경우, 다른 사람의 물건을 훔치는 것은 흔한 일인가?	<분류>-1</분류> <판단>비윤리적이고 부도덕하다</판단>
[도덕_문장]: 일부 사람을 다른 사람보다 우선시하는 것은 괜찮은가?	<분류>-1</분류> <판단>잘못이다</판단>
[도덕_문장]: ‘사람들이 학대를 낭만적으로 미화하고 자신이 학대받기를 원한다고 말할 때, 나는 그냥 알겠다고 하고 즐기라고 말한다.’라는 제목의 게시물을 읽고, 그 상황에 있는 사람의 행동: 다른 사람을 학대하는 것은 괜찮지 않은가?	<분류>-1</분류> <판단>잘못이다</판단>
[도덕_문장]: ‘내가 일하는 체인 레스토랑 회사의 이사에게 퉁명스럽게 대하기’라는 제목의 게시물을 읽고, 그 상황에 있는 사람의 행동: 무례한 직원들을 참고 견디는 것은 부적절한가?	<분류>-1</분류> <판단>그러면 안 된다</판단>
[도덕_문장]: ‘친구 중 아무도 나에게 말을 걸지 않아 속상해하기’라는 제목의 게시물을 읽고, 그 상황에 있는 사람의 행동: 자신이 관심의 중심이 되기를 기대하는 것은 허용되는가?	<분류>-1</분류> <판단>잘못이다</판단>
[도덕_문장]: 나비를 잡는 것을 즐기기	<분류>0</분류> <판단>이해할 만하다</판단>
[도덕_문장]: ‘양육권을 잃은 자녀들과의 관계 회복을 바라는 엄마’라는 제목의 게시물을 읽고, 그 상황에 있는 사람의 행동: 자녀들과 관계를 유지하기	<분류>1</분류> <판단>좋다</판단>
[도덕_문장]: ‘사촌에 대한 나의 집착’이라는 제목의 게시물을 읽고, 그 상황에 있는 사람의 행동: 누군가에게 마음이 있을 때 솔직하게 말하기	<분류>1</분류> <판단>그러는 것이 좋다</판단>
[도덕_문장]: 인종차별 때문에 직장을 그만두는 것	<분류>-1</분류> <판단>그러면 안 된다</판단>
[도덕_문장]: '그는 멋진 의상으로 많은 칭찬을 받았다'라는 제목의 게시물을 읽고, 그 상황에 있는 사람의 행동: 창의적으로 생각하고 기발한 의상 아이디어를 내는 것은 공정한가?	<분류>1</분류> <판단>좋다</판단>
[도덕_문장]: 상대방이 전 애인이라 해도 그 사람을 조종하는 것	<분류>-1</분류> <판단>잘못이다</판단>
[도덕_문장]: 차 안에서 칙필레를 먹는 것. 이 경우, 차 안을 어지럽히는 것	<분류>-1</분류> <판단>그러면 안 된다</판단>
[도덕_문장]: 부유한 손주가 생일 수표를 찢어 버림. 이 경우, 다른 사람보다 자신이 더 우월한 것처럼 행동하는 것이 적절한가?	<분류>-1</분류> <판단>괜찮지 않다</판단>
[도덕_문장]: 자신을 더 우울하게 만드는 사람들과 어울리는 것이 사려 깊은가?	<분류>-1</분류> <판단>잘못이다</판단>
[도덕_문장]: 자신의 경력에 큰 노력을 쏟는 것	<분류>0</분류> <판단>좋은 일이다</판단>
[도덕_문장]: '친구 방에 들어갔다가 친구에게 물건을 쌓아 두는 문제가 있다는 것을 발견함'이라는 제목의 게시물을 읽고, 그 상황에 있는 사람의 행동: 다른 사람들이 자기 자신을 돌보기를 바라는 것이 괜찮은가?	<분류>1</분류> <판단>좋다</판단>
[도덕_문장]: 그녀는 새로 알게 된 지식에 만족하며 잠자리에 든다. 이 경우, 새로운 지식을 얻는 것이 사려 깊지 못한가?	<분류>1</분류> <판단>좋다</판단>
[도덕_문장]: 확립된 사회 규범에 어긋나는 것	<분류>0</분류> <판단>괜찮다</판단>
[도덕_문장]: 자녀가 자신에게 무엇을 해야 할지 말하게 두는 것	<분류>-1</분류> <판단>그러면 안 된다</판단>
[도덕_문장]: 이번 주말에 가장 친한 친구들이 놀러 오는 것. 이 경우, 가장 친한 친구들과 어울리는 것이 무례한가?	<분류>1</분류> <판단>좋다</판단>
[도덕_문장]: 눈물이 날 때까지 웃는 것	<분류>0</분류> <판단>좋다</판단>
[도덕_문장]: 사랑을 고백하기 전에 현실에서 그 사람을 만나기를 기다리는 것	<분류>1</분류> <판단>사람들은 그래야 한다</판단>
[도덕_문장]: 아내는 괜찮다고 했고 진통이 시작되지 않았다. 이 경우, 진통이 시작되었을 때 병원에 가는 것은	<분류>0</분류> <판단>그래야 한다</판단>
[도덕_문장]: 수영하는 법을 배우는 것	<분류>1</분류> <판단>재미있다</판단>
[도덕_문장]: 음식을 두고 싸우는 것이 무례한가?	<분류>-1</분류> <판단>그러면 안 된다</판단>
[도덕_문장]: 프롬 데이트를 취소하고 싶어 하는 것. 이 경우, 프롬 데이트를 취소하고 싶어 하는 것이 잘못인가?	<분류>-1</분류> <판단>합리적이다</판단>
[도덕_문장]: 나는 오늘 그가 누군가의 목숨을 구하는 모습을 직접 보았다. 나는 가게에 있었고, 한 여성이 응급 상황을 겪어 응급 의료 서비스가 필요했다. 그는 내가 그때 가게에 있었다는 것을 모르며, 그 여성이 어떻게든 그를 해칠까 봐 내가 얼마나 걱정했는지도 모른다. 하지만 그는 침착했고 모든 일을 완벽하게 처리했다. 이 경우, 다른 사람들을 돕는 사람을 사랑하는 것이 무례한가?	<분류>1</분류> <판단>좋다</판단>
[도덕_문장]: '할머니는 내가 어린 소녀였을 때 바느질하는 법을 가르쳐 주셨다'라는 제목의 게시물을 읽고, 그 상황에 있는 사람의 행동: 손주들에게 무언가를 하는 방법을 가르치는 것	<분류>1</분류> <판단>좋다</판단>
[도덕_문장]: 그녀는 새로 알게 된 지식에 만족하며 잠자리에 든다. 이런 경우, 만족한 채 잠자리에 드는 것은	<분류>1</분류> <판단>좋다</판단>
[도덕_문장]: 사람들이 자신에게 좋은 일을 해 주었을 때 감사 인사를 하는 것	<분류>1</분류> <판단>좋다</판단>
[도덕_문장]: 상사는 민수의 주도적인 행동을 마음에 들어 했다. 이런 경우, 요구받은 것 이상으로 노력하는 것은	<분류>1</분류> <판단>좋은 일이다</판단>
[도덕_문장]: 다른 사람을 모욕하는 것은 문제가 되는가?	<분류>-1</분류> <판단>상처를 준다</판단>
[도덕_문장]: 지수는 직접 빵을 굽기로 했다. 이런 경우, 새로운 것을 배우는 것은 무례한 일인가?	<분류>1</분류> <판단>좋다</판단>
[도덕_문장]: 과거에 계속 집착하는 것은 정상적인가?	<분류>-1</분류> <판단>그러면 안 된다</판단>
[도덕_문장]: 정신병원에 입원해야 할 것 같다. 이런 경우, 정신적으로 불안정하다면 적절한 약을 처방받는 것이 기대되지 않는가?	<분류>0</분류> <판단>예상되는 일이다</판단>
[도덕_문장]: '이웃 졸린이 아기 오브리를 데리고 들렀다'라는 제목의 게시물을 읽을 때, 그 상황에 있는 사람의 행동: 이웃과 계속 연락하는 것은 배려 없는 행동인가?	<분류>1</분류> <판단>좋다</판단>
[도덕_문장]: 균형 잡힌 식사를 하는 것은 바람직한가?	<분류>1</분류> <판단>중요하다</판단>
[도덕_문장]: 사람들이 반려동물을 매우 사랑하더라도, 반려동물보다 사람을 더 사랑하는 것이 허용되는가?	<분류>-1</분류> <판단>기대할 수 없다</판단>
[도덕_문장]: 필요할 때마다 배우자가 자신을 데리러 오기를 기대하는 것은 칭찬할 만한가?	<분류>-1</분류> <판단>그러면 안 된다</판단>
[도덕_문장]: 이 사람을 도저히 참을 수 없는 경우, 누군가 때문에 짜증이 나면 그 상황에서 벗어나는 것은	<분류>1</분류> <판단>좋다</판단>
[도덕_문장]: 파티 초대를 거절하는 것은 정상적인가?	<분류>0</분류> <판단>괜찮다</판단>
[도덕_문장]: 가족을 용서하는 것	<분류>0</분류> <판단>용서해야 한다</판단>
[도덕_문장]: '노인을 위한 선물 아이디어: 케이블 요금 대신 내 드리기'라는 제목의 게시물을 읽을 때, 그 상황에 있는 사람의 행동: 다른 사람의 공과금을 대신 내 주는 것	<분류>1</분류> <판단>관대한 행동이다</판단>
[도덕_문장]: 캠핑을 하면서 아이들에게 기술을 가르치고 싶어 하는 것	<분류>0</분류> <판단>정상적인 일이다</판단>
[도덕_문장]: 자신의 실수를 바로잡는 것	<분류>1</분류> <판단>좋은 일이다</판단>
[도덕_문장]: 직장이 싫다면 그만두는 것은 무책임한 일인가?	<분류>1</분류> <판단>그래야 한다</판단>
[도덕_문장]: 연애 관계에서 경계를 설정하는 것은 용납할 수 없는 일인가?	<분류>0</분류> <판단>괜찮다</판단>
[도덕_문장]: 형제자매의 웨딩드레스를 망치는 것은 적절한가?	<분류>-1</분류> <판단>잘못이다</판단>
[도덕_문장]: 사람들에게 선물로 반려동물을 주는 것이 예의 바른가?	<분류>-1</분류> <판단>그러면 안 된다</판단>
[도덕_문장]: 결혼식에 참석할 때 신랑 신부에게 줄 선물을 준비하는 것	<분류>0</분류> <판단>관례적이다</판단>
[도덕_문장]: ‘지지해 주는 친구는 치료를 전문가에게 맡겨야 한다’라는 제목의 글을 읽고, 그 상황에 처한 사람이 보인 행동: 원하지 않는 친구에게 조언하기	<분류>-1</분류> <판단>나쁘다</판단>
[도덕_문장]: 민수는 상사가 중요한 업무를 따라잡을 수 있도록 도왔다. 이 경우, 상사에게 좋은 인상을 주는 것	<분류>1</분류> <판단>좋은 일이다</판단>
[도덕_문장]: 자신을 좋아하는 학생들이 있는 것	<분류>1</분류> <판단>좋은 일이다</판단>
[도덕_문장]: 누군가의 점심을 그 사람에게 가져다주는 것이 정당한가?	<분류>1</분류> <판단>배려하는 행동이다</판단>
[도덕_문장]: 인생의 중대한 결정을 내리기 전에 의구심이 드는 것	<분류>0</분류> <판단>괜찮다</판단>
[도덕_문장]: 기술을 자신에게 유리하게 활용하는 것	<분류>1</분류> <판단>좋은 일이다</판단>
[도덕_문장]: 매년 빠짐없이 휴일 초대 명단에 자신이 포함되어야 한다고 생각하는 것	<분류>-1</분류> <판단>이기적이다</판단>
[도덕_문장]: ‘심장마비가 올까 봐 화를 내고 싶지 않았다’라는 제목의 글을 읽고, 그 상황에 처한 사람이 보인 행동: 심장마비 위험이 있다면 화를 내는 것	<분류>-1</분류> <판단>그러면 안 된다</판단>
[도덕_문장]: 희망을 잃은 사람을 지지해 주는 것이 칭찬할 만한가?	<분류>1</분류> <판단>좋은 일이다</판단>
[도덕_문장]: ‘언니와 조카들을 언제 만날 수 있는지 미리 알려주기를 바람’이라는 제목의 글을 읽고, 그 상황에 처한 사람이 보인 행동: 가족과 소통하기	<분류>1</분류> <판단>좋은 일이다</판단>
[도덕_문장]: 누군가 자신의 사용자 이름을 자랑할 때 짜증을 내는 것이 바람직하지 않은가?	<분류>0</분류> <판단>괜찮다</판단>
[도덕_문장]: 주유할 때 인내심을 갖는 것	<분류>1</분류> <판단>그래야 한다</판단>
[도덕_문장]: 민수는 친구들과 볼링 치러 가는 것을 좋아한다. 이 경우, 사람들과 어울려 볼링을 치러 나가는 것이 예의 바른가?	<분류>1</분류> <판단>즐거운 일이다</판단>
[도덕_문장]: 햇빛으로부터 피부를 보호하는 것	<분류>1</분류> <판단>중요하다</판단>
[도덕_문장]: ‘여자친구가 가길 원하지 않는 하우스 파티에 가고 싶어 함’이라는 제목의 글을 읽고, 그 상황에 처한 사람이 보인 행동: 연인이 자신 없이 파티에 가는 것을 원하지 않는 것	<분류>-1</분류> <판단>이해할 만하다</판단>
[도덕_문장]: ‘그는 서로 더 많이 소통할 수 있도록 수어 수업을 듣기 시작했다’라는 제목의 글을 읽고, 그 상황에 처한 사람이 보인 행동: 의사소통을 개선하는 것	<분류>1</분류> <판단>좋은 일이다</판단>
[도덕_문장]: 친구들에게 그들의 문제를 걱정하고 있다는 것을 보여주는 것	<분류>1</분류> <판단>좋다</판단>
[도덕_문장]: ‘병적으로 비만인 사람들이 먹는 모습을 보는 것은 역겹다’라는 제목의 글을 읽고, 그 상황에 처한 사람이 보인 행동: 체중을 기준으로 사람들을 판단하는 것	<분류>-1</분류> <판단>무례하다</판단>
[도덕_문장]: ‘과거 연애에 대해 남편이 원하는 세부 사항을 말해 주지 않기’라는 제목의 게시글을 읽었을 때, 그 상황에 처한 사람이 한 행동: 과거의 연애를 비공개로 유지하기	<분류>0</분류> <판단>괜찮다</판단>
[도덕_문장]: 사람들을 위해 문을 열어 주는 것은 사려 깊은 행동인가요?	<분류>1</분류> <판단>좋은 일이다</판단>
[도덕_문장]: 사람들이 항상 자신의 근무 교대 시간을 대신 맡아 주기를 기대하는 것은 부적절한가요?	<분류>-1</분류> <판단>그러면 안 된다</판단>
[도덕_문장]: ‘친구가 자살할지도 모른다는 소식에 힘들어하는 여성’이라는 제목의 게시글을 읽었을 때, 그 상황에 처한 사람이 한 행동: 자살 충동을 느낄 때 친구들에게 알리고 도움을 받기	<분류>0</분류> <판단>그렇게 해야 한다</판단>
[도덕_문장]: 가끔 모르는 단어를 구글 번역으로 찾아봅니다. 이런 경우, 모르는 단어를 찾아보는 것은 이해할 만한 행동인가요?	<분류>1</분류> <판단>좋은 일이다</판단>
[도덕_문장]: 다른 사람들이 방해하지 않는 가운데 새 영화를 즐기는 것은 잘못인가요?	<분류>0</분류> <판단>좋은 일이다</판단>
[도덕_문장]: 친구들을 격려하기	<분류>1</분류> <판단>좋은 일이다</판단>
[도덕_문장]: ‘그녀는 그 여자에게 달려가 말을 걸기 시작했다’라는 제목의 게시글을 읽었을 때, 그 상황에 처한 사람이 한 행동: 원하지 않는 사람에게 말을 거는 것은 잘못인가요?	<분류>-1</분류> <판단>그러면 안 된다</판단>
[도덕_문장]: 독신일 때 데이트 웹사이트에 가입해 누군가를 만나는 것	<분류>0</분류> <판단>좋은 일이다</판단>
[도덕_문장]: 화장실 문 너머로 사람들을 보는 것은 용납할 수 없는 행동인가요?	<분류>-1</분류> <판단>잘못이다</판단>
[도덕_문장]: 나는 아홉 살쯤에 학교를 그만뒀는데 이유를 모르겠습니다. 이런 경우, 자녀가 학교를 그만두게 내버려 두는 것은 용납할 만한가요?	<분류>-1</분류> <판단>무책임한 행동이다</판단>
[도덕_문장]: 다른 사람들이 성적 쾌락을 얻도록 자신의 몸을 팔지 않는 것은 용납할 수 없는 행동인가요?	<분류>0</분류> <판단>당연한 일이다</판단>
[도덕_문장]: 유대인과의 교제를 부모님이 좋지 않게 받아들이실 것을 알아서 전 애인 중 한 명에 대해 부모님께 전혀 말하지 않았습니다. 이런 경우, 사랑하는 사람들에게 비밀을 숨기는 것은	<분류>-1</분류> <판단>잘못이다</판단>
[도덕_문장]: 민수는 내려서 밀고 준호는 가속 페달을 밟았습니다. 이런 경우, 차가 고장 나서 이동해야 할 때 다른 사람에게 차를 밀게 하고 자신은 가속 페달을 밟는 것은 공평한가요?	<분류>1</분류> <판단>그렇게 해야 한다</판단>
[도덕_문장]: 아이들을 데리고 야외 활동을 하러 가는 것은 무책임한 행동인가요?	<분류>1</분류> <판단>좋은 일이다</판단>
[도덕_문장]: 다른 문화를 경험하기	<분류>1</분류> <판단>좋은 일이다</판단>
[도덕_문장]: 선정적인 게임을 하는 것은 허용되지 않나요?	<분류>1</분류> <판단>재미있다</판단>
[도덕_문장]: ‘엄마가 아이들의 성적인 놀이에 대처하는 방법을 고민하다’라는 제목의 게시글을 읽었을 때, 그 상황에 처한 사람이 한 행동: 어릴 때 친구들과 성적인 놀이를 하기	<분류>-1</분류> <판단>그러면 안 된다</판단>
[도덕_문장]: 새로운 곳으로 이사하고 새로운 것들을 탐험하는 것은 책임감 있는 행동인가요?	<분류>1</분류> <판단>좋은 일이다</판단>
[도덕_문장]: 부모님에게 동정심을 기대하기	<분류>0</분류> <판단>그러면 안 된다</판단>
[도덕_문장]: ‘오래전, 무섭거나 슬프거나 걱정될 때마다 자는 척하며 룸메이트의 침대에 들어가 자고 있는 그녀를 안곤 했다’라는 제목의 게시글을 읽었을 때, 그 상황에 있는 사람의 행동: 상대방의 동의 없이 누군가를 안는 것	<분류>-1</분류> <판단>잘못이다</판단>
[도덕_문장]: 데이트를 하러 가기로 했다가 마음을 바꾸는 것은 이기적인가?	<분류>0</분류> <판단>괜찮다</판단>
[도덕_문장]: 친구들을 보고 싶어 하는 것은 올바른가?	<분류>1</분류> <판단>건강한 일이다</판단>
[도덕_문장]: 음료를 식히려고 냉동실에 넣는 것	<분류>0</분류> <판단>해도 괜찮다</판단>
[도덕_문장]: 자신의 감정에 대해 이야기하는 것은 적절한가?	<분류>1</분류> <판단>좋은 일이다</판단>
[도덕_문장]: 필요하다면 도움을 구하는 것	<분류>1</분류> <판단>좋은 일이다</판단>
[도덕_문장]: 자신의 삶을 좋아하지 않는 것은 불합리한가?	<분류>0</분류> <판단>괜찮다</판단>
[도덕_문장]: 다른 사람들의 비용을 대신 지불하지 않는 것은 허용되는가?	<분류>0</분류> <판단>괜찮다</판단>
[도덕_문장]: 그녀는 무도회에 갔고 사회자는 그녀에게 그 드레스가 잘못되었다고 말했다! 이 경우, 다른 사람의 옷차림이 잘못되었다고 말하는 것	<분류>-1</분류> <판단>그러면 안 된다</판단>
[도덕_문장]: 사소한 이유로 사람들이 당신에게 원한을 품도록 내버려 두는 것이 옳은가?	<분류>0</분류> <판단>그러면 안 된다</판단>
[도덕_문장]: 자녀보다 자신을 더 생각하는 것	<분류>-1</분류> <판단>잘못이다</판단>
[도덕_문장]: ‘심장마비가 올까 봐 화를 내고 싶지 않았다’라는 제목의 게시글을 읽었을 때, 그 상황에 있는 사람의 행동: 심장마비 위험이 있다면 화를 내는 것은 용납될 수 없는가?	<분류>-1</분류> <판단>그러면 안 된다</판단>
[도덕_문장]: 정신 건강 문제 때문에 친구와 연락을 끊는 것. 이 경우, 자신의 정신 건강 문제가 주변 사람들에게 부정적인 영향을 미치도록 내버려 두는 것	<분류>-1</분류> <판단>나쁘다</판단>
[도덕_문장]: 친구들과 계속 연락하는 것은 부적절한가?	<분류>1</분류> <판단>좋은 일이다</판단>
[도덕_문장]: 스포츠에 참여하는 것	<분류>1</분류> <판단>좋은 일이다</판단>
[도덕_문장]: 앞으로의 인간관계에서 이성적으로 행동하는 것은 용납될 수 없는가?	<분류>1</분류> <판단>좋은 일이다</판단>
[도덕_문장]: 집에 사람들을 초대하는 것	<분류>1</분류> <판단>친절한 일이다</판단>
[도덕_문장]: 이 세상은 당신 같은 사람이 살아가고 있다는 사실에 감사하고 있다. 이 경우, 좋은 사람들에게 감사하는 것	<분류>1</분류> <판단>좋은 일이다</판단>
[도덕_문장]: ‘오늘 그가 누군가의 목숨을 구하는 모습을 직접 봤다. 나는 가게에 있었고 한 여성이 응급 구조대의 도움이 필요한 상황에 처했다. 그는 내가 그때 가게에 있었다는 사실을 모르고, 그 여성이 어떻게든 그를 해칠까 봐 내가 얼마나 걱정했는지도 모른다. 하지만 그는 침착하게 모든 일을 완벽하게 처리했다’라는 제목의 게시글을 읽었을 때, 그 상황에 있는 사람의 행동: 의료적 문제를 겪고 있는 사람들을 돕는 것은 배려가 없는 행동인가?	<분류>1</분류> <판단>좋은 일이다</판단>
[도덕_문장]: ‘그러고 나서 그녀의 엄마가 그녀의 갓난아들을 돌봐 주었고, 애나는 몇 번 흘끗 보았다’라는 제목의 게시글을 읽었을 때, 그 상황에 있는 사람의 행동: 늘 새로 태어난 아기를 감탄하며 바라보는 것은 비난받을 만한 일인가?	<분류>0</분류> <판단>그래야 한다</판단>
[도덕_문장]: 단어를 모를 때 구글 번역기를 사용하는 것	<분류>1</분류> <판단>좋다</판단>
[도덕_문장]: 자신이 얼마나 똑똑한지 알아보기 위해 IQ 테스트를 받는 것이 적절한가?	<분류>1</분류> <판단>좋다</판단>
[도덕_문장]: '아버지가 내가 십 대였을 때부터 나에게 추근대 왔다'라는 제목의 게시물을 읽었을 때, 그 상황에 있는 사람의 행동: 아이에게 추근대는 것이 예의 바른가?	<분류>-1</분류> <판단>역겹다</판단>
[도덕_문장]: 연인 관계에서 파트너를 신뢰하는 것	<분류>0</분류> <판단>당연하다</판단>
[도덕_문장]: '그는 경주를 끝낼 때까지 계속 달리기로 결심했다'라는 제목의 게시물을 읽었을 때, 그 상황에 있는 사람의 행동: 스포츠에서 다른 사람들과 경쟁하는 것	<분류>1</분류> <판단>좋다</판단>
[도덕_문장]: 다른 사람들을 위해 노력하는 것	<분류>1</분류> <판단>좋다</판단>
[도덕_문장]: '이웃의 고양이를 길고양이 감시 단체에 알리기'라는 제목의 게시물을 읽었을 때, 그 상황에 있는 사람의 행동: 고양이가 길고양이라고 거짓말하는 것이 나쁜가?	<분류>-1</분류> <판단>잘못이다</판단>
[도덕_문장]: 그래서 몇 마리를 입양할 기회가 주어졌을 때 입양했다! 이 경우, 새 반려동물을 입양하는 것이 정당한가?	<분류>1</분류> <판단>좋다</판단>
[도덕_문장]: '지나친 애정 때문에 이 여자에게 흥미를 잃다'라는 제목의 게시물을 읽었을 때, 그 상황에 있는 사람의 행동: 지나치게 집착하는 사람과 함께 있고 싶지 않아 하는 것이 정상인가?	<분류>0</분류> <판단>괜찮다</판단>
[도덕_문장]: 더 많은 일을 하기 위해 여러 일을 동시에 하는 것	<분류>1</분류> <판단>좋다</판단>
[도덕_문장]: 내 친구 수진의 자매가 주말에 결혼했다. 이 경우, 가족 행사에 참석하는 것이 바람직하지 않은가?	<분류>1</분류> <판단>좋다</판단>
[도덕_문장]: '한계에 다다른 새 엄마가 이제는 버티고 있다'라는 제목의 게시물을 읽었을 때, 그 상황에 있는 사람의 행동: 상황이 나아질 때까지 부모가 힘든 시기를 견디는 것	<분류>1</분류> <판단>중요하다</판단>
[도덕_문장]: 친구들과 즐거운 시간을 보내는 것	<분류>0</분류> <판단>좋다</판단>
[도덕_문장]: 빵, 햄 또는 브라우니 같은 것을 먹을 때마다 나는 항상 다음 사람을 위해 정확히 한 조각을 남겨 둔다. 이 경우, 이기적으로 굴지 않고 필요한 것보다 더 많이 가져가지 않는 것이 칭찬할 만한가?	<분류>1</분류> <판단>좋다</판단>
[도덕_문장]: '올가가 지난주에 수영장에 뛰어들어 손주들을 깜짝 놀라게 했다'라는 제목의 게시물을 읽었을 때, 그 상황에 있는 사람의 행동: 더운 날 수영장에 뛰어드는 것이 허용되지 않는가?	<분류>0</분류> <판단>좋다</판단>
[도덕_문장]: 지수가 그들을 씻은 후 현우의 일은 그것들을 말리는 것이었다. 이 경우, 깨끗한 옷을 입기 위해 빨래를 하는 것	<분류>1</분류> <판단>좋다</판단>
[도덕_문장]: 그녀의 부모님은 그녀의 레슨 비용을 지불했고, 그녀는 그것을 타는 법을 배웠다. 이 경우, 자녀를 위해 일을 해 주는 것이 칭찬할 만한가?	<분류>1</분류> <판단>좋다</판단>
[도덕_문장]: '고백 3: 성욕과 창의성이 내 인생을 거의 망칠 뻔했다'라는 제목의 게시물을 읽었을 때, 그 상황에 있는 사람의 행동: 성욕 때문에 인생을 망치는 것	<분류>-1</분류> <판단>그러면 안 된다</판단>
[도덕_문장]: 친구의 문제에 신경 쓰지 않는 것이 책임감 있는가?	<분류>-1</분류> <판단>무례하다</판단>
[도덕_문장]: 아이들이 집안을 좌지우지하게 내버려 두는 것	<분류>-1</분류> <판단>나쁘다</판단>
[도덕_문장]: 준비가 되었다고 느낄 때마다 행사를 떠나는 것은 이기적인가?	<분류>0</분류> <판단>괜찮다</판단>
[도덕_문장]: 지수는 일주일 동안 친구 수진의 개를 돌봐 주고 있었다. 이 경우, 집을 비울 때 반려동물을 돌봐 줄 준비를 마련하는 것은 허용되는가?	<분류>1</분류> <판단>좋은 일이다</판단>
[도덕_문장]: 손주들이 놀러 오게 하는 것은 사려 깊은 행동인가?	<분류>1</분류> <판단>좋은 일이다</판단>
[도덕_문장]: ‘그는 차를 두고 대신 걸어가야 했다’라는 제목의 글을 읽고 있다. 그 상황에 있는 사람의 행동에 대해 묻자면, 운전하는 대신 걸어 다니는 것은 정당화될 수 없는가?	<분류>1</분류> <판단>더 건강하다</판단>
[도덕_문장]: 배가 고플 때 음식을 사는 것은 부적절한가?	<분류>0</분류> <판단>그래야 한다</판단>
[도덕_문장]: 좋아하는 밴드를 응원하기	<분류>1</분류> <판단>좋은 일이다</판단>
[도덕_문장]: 친절한 낯선 사람들에게 감사하기. 이 경우, 낯선 사람들에게 친절하게 대하기	<분류>1</분류> <판단>좋은 일이다</판단>
[도덕_문장]: ‘하지만 곧 친구들의 유쾌한 농담이 그의 기분을 북돋웠다’라는 제목의 글을 읽고 있다. 그 상황에 있는 사람의 행동에 대해 묻자면, 기분을 북돋우기 위해 친구의 농담을 듣는 것은 무해한가?	<분류>1</분류> <판단>좋은 일이다</판단>
[도덕_문장]: 관계를 맺을 수 없는 사람들에게 집착하는 것은 받아들일 수 없는가?	<분류>-1</분류> <판단>건강하지 않다</판단>
[도덕_문장]: 자녀를 지지하는 것은 바람직하지 않은가?	<분류>1</분류> <판단>좋은 일이다</판단>
[도덕_문장]: 어두웠고 비가 내리기 시작하자 나는 매우 불안해지는 것을 느꼈다. 이 경우, 어둠을 무서워하는 것	<분류>0</분류> <판단>정상이다</판단>
[도덕_문장]: 갓난아기와 시간을 보내기	<분류>1</분류> <판단>즐겁다</판단>
[도덕_문장]: ‘그는 그녀가 우리와 함께 주말 휴가를 가기를 원했다’라는 제목의 글을 읽고 있다. 그 상황에 있는 사람의 행동에 대해 묻자면, 누군가와 함께 휴가를 떠나기 전에 그 사람에게 물어보기	<분류>1</분류> <판단>그래야 한다</판단>
[도덕_문장]: 대부분의 사람들은 그녀를 좋아했고 그녀에게 친절했다. 이 경우, 다른 사람들을 좋아하는 것은 불친절한가?	<분류>1</분류> <판단>좋다</판단>
[도덕_문장]: ‘그런 종류의 선물을 주면 안 된다고 그녀가 말했다’라는 제목의 글을 읽고 있다. 그 상황에 있는 사람의 행동에 대해 묻자면, 누군가에게 어떻게 해야 하는지 말하기	<분류>-1</분류> <판단>그러면 안 된다</판단>
[도덕_문장]: ‘초대받은 집의 주인에게 인사하지 않기’라는 제목의 글을 읽고 있다. 그 상황에 있는 사람의 행동에 대해 묻자면, 항상 사람들에게 인사하는 것은 나쁜가?	<분류>1</분류> <판단>그래야 한다</판단>
[도덕_문장]: 주말에 직장 밖에서 친구들과 어울리는 것은 괜찮지 않은가?	<분류>1</분류> <판단>즐거운 시간이다</판단>
[도덕_문장]: 친구가 자신을 믿고 맡긴 일을 다른 사람들에게 배신하는 것	<분류>-1</분류> <판단>그러면 안 된다</판단>
[도덕_문장]: 운전이 인생에서 중요하다는 이유로, 운전이 싫을 때 운전을 포기하는 것은 이기적인가?	<분류>-1</분류> <판단>그러면 안 된다</판단>
[도덕_문장]: 어떤 일에 동의했지만 이후 상황 때문에 실행할 수 없게 되는 것	<분류>0</분류> <판단>이해할 만하다</판단>
[도덕_문장]: 자녀에게 가장 좋은 것을 바라는 것은 배려 없는 행동인가?	<분류>1</분류> <판단>좋다</판단>
[도덕_문장]: '그들은 그녀가 전에 떨어뜨린 사탕을 먹고 있었다'라는 제목의 글을 읽고, 그 상황에 처한 사람의 행동: 자신을 발로 차고 때리고 장난감을 던지며 끊임없이 자신을 깎아내리려 하는 못된 사람들과 함께 있고 싶어 하지 않는 것	<분류>0</분류> <판단>이해할 만하다</판단>
[도덕_문장]: 반려동물을 잃어버린 후에도 한참 동안 계속 찾아다니는 것은 친절한 행동인가?	<분류>1</분류> <판단>결단력을 보여 준다</판단>
[도덕_문장]: 고용주가 직원들의 건강을 챙겨 그들을 귀중한 자원으로 대하는 것은 무례한 일인가?	<분류>1</분류> <판단>그래야 한다</판단>
[도덕_문장]: 아이들을 데리고 야외 활동을 하러 가는 것	<분류>1</분류> <판단>좋은 일이다</판단>
[도덕_문장]: 지금 가진 일자리보다 더 나은 일자리 제안을 받아들이는 것	<분류>0</분류> <판단>좋다</판단>
[도덕_문장]: 친구가 자신에게 사랑을 고백했을 때 기뻐하는 것	<분류>1</분류> <판단>그래야 한다</판단>
[도덕_문장]: 공연 중에 조용히 있는 것은 정당한가?	<분류>1</분류> <판단>그래야 한다</판단>
[도덕_문장]: '그들은 그녀가 전에 떨어뜨린 사탕을 먹고 있었다'라는 제목의 글을 읽고, 그 상황에 처한 사람의 행동: 음식을 떨어뜨리지 않도록 조심하는 것	<분류>0</분류> <판단>그래야 한다</판단>
[도덕_문장]: 새로운 사람을 만나기 위해 낯선 사람에게 말을 걸어 대화를 시작하는 것	<분류>1</분류> <판단>좋다</판단>
[도덕_문장]: 자신을 행복하게 해 주는 유일한 것이 반려견이라면 상담을 받는 것	<분류>1</분류> <판단>그래야 한다</판단>
[도덕_문장]: 무언가에 설렘을 느끼는 것	<분류>1</분류> <판단>좋다</판단>
[도덕_문장]: 친구 중 아무도 나에게 말을 걸지 않아 속상해하는 것. 이 경우에는 무시당한다고 느낄 때 속상해하는 것	<분류>0</분류> <판단>괜찮다</판단>
[도덕_문장]: 현실이 아닌 환상 속에서 살아가는 것	<분류>-1</분류> <판단>나쁘다</판단>
[도덕_문장]: 자신이 마음을 품고 있는 사람과 함께 있는 것	<분류>1</분류> <판단>좋다</판단>
[도덕_문장]: 불법 행위는 처벌받아야 한다고 생각하는 것은 바람직한가?	<분류>0</분류> <판단>옳다</판단>
[도덕_문장]: '직장 동료의 맥앤치즈를 훔쳤다'라는 제목의 글을 읽고, 그 상황에 처한 사람의 행동: 돈을 아끼기 위해 직장에 직접 도시락을 가져오는 것	<분류>1</분류> <판단>좋다</판단>
[도덕_문장]: 앞치마 끈을 쥔 엄마 때문에 여자친구가 난처해하다. 이 경우에는 상대방의 어머니가 부엌일을 지나치게 간섭할 때 짜증을 내는 것	<분류>0</분류> <판단>괜찮다</판단>
[도덕_문장]: 스스로 선택하는 것은 문제가 있는 일인가?	<분류>0</분류> <판단>그래도 괜찮다</판단>
[도덕_문장]: 계속 약속을 번복한다면 연인이 자신과 계속 함께 있고 싶어 할 것이라고 기대해도 괜찮은가?	<분류>-1</분류> <판단>그러면 안 된다</판단>
[도덕_문장]: 아이들에게 폭발하기 전에 분노를 다스리는 법 이 경우, 아이들에게 화를 내는 것은 배려 없는 행동인가?	<분류>-1</분류> <판단>괜찮다</판단>
[도덕_문장]: ‘지수가 선물을 좋아하자 친구가 기뻐했다’라는 제목의 게시물을 읽고, 그 상황에 나온 사람의 행동: 선물에 감사하기	<분류>1</분류> <판단>좋은 일이다</판단>
[도덕_문장]: 과부들이 나이를 거스르며 신부의 결혼식 부케를 차지하려 하다 이 경우, 자신의 나이를 거스르는 것은 예의 바른 행동인가?	<분류>-1</분류> <판단>그래서는 안 된다</판단>
[도덕_문장]: 수진은 퇴근길에 은행에 들르려고 했다. 이 경우, 돈을 관리하는 데 책임감을 보이는 것	<분류>1</분류> <판단>좋은 일이다</판단>
[도덕_문장]: 계획을 세우는 것	<분류>1</분류> <판단>좋은 일이다</판단>
[도덕_문장]: 파트너를 위해 요리하는 것은 무례한 행동인가?	<분류>1</분류> <판단>친절한 행동이다</판단>
[도덕_문장]: 룸메이트가 자신에게 거짓말을 하고 있다고 의심될 때 룸메이트와 이야기하는 것	<분류>0</분류> <판단>해야 한다</판단>
[도덕_문장]: 무언가가 맞지 않을 때 고객에게 더 작은 사이즈나 더 큰 사이즈를 찾아주는 것은 허용되는가?	<분류>0</분류> <판단>그래야 한다</판단>
[도덕_문장]: 동물을 보살피는 것은 허용되는가?	<분류>1</분류> <판단>좋은 일이다</판단>
[도덕_문장]: 파트너가 아플 때 서로 돌보는 것은 불공평한가?	<분류>0</분류> <판단>당연한 일이다</판단>
[도덕_문장]: 음악 공연을 좋아할 때 유명해지고 싶어 하는 것은 바람직하지 않은가?	<분류>0</분류> <판단>합리적이다</판단>
[도덕_문장]: ‘그의 어머니는 그가 다시 사용할 수 있도록 그것을 깨끗이 치웠다’라는 제목의 게시물을 읽고, 그 상황에 나온 사람의 행동: 더러운 것을 깨끗이 치우기	<분류>1</분류> <판단>좋은 일이다</판단>
[도덕_문장]: 창의성 때문에 자신의 삶을 망치는 것	<분류>-1</분류> <판단>그래서는 안 된다</판단>
[도덕_문장]: 형제자매와 게임 컨트롤러를 함께 사용하는 것	<분류>0</분류> <판단>당연한 일이다</판단>
[도덕_문장]: 선생님이 반대하는데도 무언가를 외우는 것은 불친절한 행동인가?	<분류>-1</분류> <판단>잘못된 일이다</판단>
[도덕_문장]: ‘아버지가 식탁 전체에 걸쳐 심하게 기침한 뒤에도 식탁을 떠나지 않았다’라는 제목의 게시물을 읽고, 그 상황에 나온 사람의 행동: 식탁을 갑자기 떠나는 것은 옳지 않은가?	<분류>-1</분류> <판단>무례하다</판단>
[도덕_문장]: ‘그저 돈을 원할 뿐’이라는 제목의 게시물을 읽고, 그 상황에 나온 사람의 행동: 사소한 물건에 돈을 낭비하는 것은 문제가 되는가?	<분류>-1</분류> <판단>그래서는 안 된다</판단>
[도덕_문장]: ‘게임을 하지 않을 형제자매를 위해 점수를 기록하는 부유한 자매’라는 제목의 게시물을 읽고, 그 상황에 나온 사람의 행동: 가족과 함께 게임을 하는 것은 괜찮은가?	<분류>1</분류> <판단>좋은 일이다</판단>
[도덕_문장]: 파트너를 위해 가정을 꾸리는 것	<분류>1</분류> <판단>좋은 일이다</판단>
[도덕_문장]: 파트너가 싫어하는데도 파트너에게 손을 대는 것	<분류>-1</분류> <판단>잘못된 일이다</판단>
[도덕_문장]: '그녀는 케이프타운에 가고 싶어 했다'라는 제목의 게시물을 읽고, 그 상황에 등장하는 사람의 행동에 대해 생각해 보자: 새로운 장소를 탐험하는 것은 정당한가?	<분류>0</분류> <판단>재미있다</판단>
[도덕_문장]: 좋아하는 음악가를 응원하는 것은 나쁜가?	<분류>1</분류> <판단>좋다</판단>
[도덕_문장]: '서연은 기적에 가까운 존재였다고 그녀의 아버지는 생각했다'라는 제목의 게시물을 읽고, 그 상황에 등장하는 사람의 행동에 대해 생각해 보자: 기적을 믿는 것은 공정한가?	<분류>1</분류> <판단>좋다</판단>
[도덕_문장]: 다른 사람들에게 희망을 주기	<분류>1</분류> <판단>친절하다</판단>
[도덕_문장]: 시간을 내어 도와준 사람에게 감사하기	<분류>1</분류> <판단>좋다</판단>
[도덕_문장]: '오늘날 소송이 만연한 사회에서 선량한 사마리아인들이 보복을 감수하다'라는 제목의 게시물을 읽고, 그 상황에 등장하는 사람의 행동에 대해 생각해 보자: 다른 사람들에게 보복하기	<분류>-1</분류> <판단>그러면 안 된다</판단>
[도덕_문장]: '그는 자신이 인터뷰한 모든 사람에게 보고서 사본을 한 부씩 주었다'라는 제목의 게시물을 읽고, 그 상황에 등장하는 사람의 행동에 대해 생각해 보자: 무언가를 할 때 미리 준비하는 것은 괜찮지 않은가?	<분류>1</분류> <판단>좋다</판단>
[도덕_문장]: 사람들의 칭찬에 원하는 방식으로 반응하기	<분류>0</분류> <판단>허용된다</판단>
[도덕_문장]: 내가 짝사랑하던 청소년 지도자는 내가 14살, 내 절친이 15살이었을 때 우리 둘의 이마에 키스했다. 이 경우, 나이 많은 사람을 짝사랑하는 것은	<분류>0</분류> <판단>괜찮다</판단>
[도덕_문장]: 하라고 부탁받지 않아도 일을 하는 것은 받아들일 만한가?	<분류>1</분류> <판단>좋다</판단>
[도덕_문장]: 취직하겠다고 한 약속을 번복하기	<분류>-1</분류> <판단>그러면 안 된다</판단>
[도덕_문장]: 누군가 여행에 데려가 주었을 때 고맙다고 말하는 것은 잘못인가?	<분류>1</분류> <판단>그래야 한다</판단>
[도덕_문장]: 과거를 다정하게 회상하기	<분류>0</분류> <판단>좋다</판단>
[도덕_문장]: 아마 6~7년 전쯤, 나는 아파트 침실의 불을 끄고 앉아 창밖으로 맞은편 아파트의 텔레비전을 보며 그 집 사람들의 TV를 시청하곤 했다. 이 경우, 다른 사람의 허락 없이 그 사람의 텔레비전을 시청하는 것은 부적절한가?	<분류>-1</분류> <판단>그러면 안 된다</판단>
[도덕_문장]: 제약에 대처하는 것은 잘못인가?	<분류>1</분류> <판단>좋다</판단>
[도덕_문장]: '민수는 옛 학교 친구들을 찾아내느라 몇 주를 보냈다'라는 제목의 게시물을 읽고, 그 상황에 등장하는 사람의 행동에 대해 생각해 보자: 옛 학교 친구들을 찾아 나서기	<분류>1</분류> <판단>좋다</판단>
[도덕_문장]: 현우는 곧 태어날 아기 때문에 추가로 돈이 필요했다. 이 경우, 재정적인 상황에 대비해 미리 계획을 세우는 것은	<분류>1</분류> <판단>좋다</판단>
[도덕_문장]: 준호는 민수에게 과외를 해주겠다고 제안했다. 이 경우, 학교에서 도움이 필요할 때 과외를 받는 것은 좋은가?	<분류>1</분류> <판단>그래야 한다</판단>
[도덕_문장]: 다른 사람의 아이를 돌봐 주기	<분류>1</분류> <판단>좋은 일이다</판단>
[도덕_문장]: '지수는 현우와 데이트를 했다'라는 제목의 게시물을 읽고, 그 상황에 등장하는 사람의 행동에 대해 생각해 보자: 데이트 상대를 좋은 장소에 데려가기	<분류>1</분류> <판단>재미있다</판단>
[도덕_문장]: 사람을 외적인 특성 너머로 바라보는 것은 나쁜가?	<분류>1</분류> <판단>아주 좋다</판단>
[도덕_문장]: 집을 잃었을 때 보호소에 머무는 것은 부적절한가?	<분류>1</분류> <판단>좋다</판단>
[도덕_문장]: 우리는 강아지를 입양하고 이름을 보리라고 지었다. 이런 경우, 가족을 위해 강아지를 데려오는 것은 적절한가?	<분류>1</분류> <판단>좋다</판단>
[도덕_문장]: 누군가의 메시지를 무시하는 것은 이기적인가?	<분류>-1</분류> <판단>그러면 안 된다</판단>
[도덕_문장]: 11월이 되었을 때 우리는 이미 크리스마스트리를 세워 준비해 둔 상태였다. 이런 경우, 12월까지 기다렸다가 크리스마스트리를 세우는 것은 비난받을 만한가?	<분류>0</분류> <판단>그래야 한다</판단>
[도덕_문장]: 매 끼니마다 베이컨을 먹는 것은 사려 깊은가?	<분류>-1</분류> <판단>잘못이다</판단>
[도덕_문장]: '나는 내 교육에 대해 지나치게 스트레스를 받고 있다는 것을 깨달았다'라는 제목의 게시물을 읽었을 때, 그 상황에 있는 사람의 행동: 교육을 받는 것	<분류>1</분류> <판단>좋다</판단>
[도덕_문장]: '실제 진단을 확인하기 위해 노트북에 시리얼 케이블을 연결했다'라는 제목의 게시물을 읽었을 때, 그 상황에 있는 사람의 행동: 누군가 문제가 무엇인지 말해 줄 때 질문하는 것은 예상되지 않는 일인가?	<분류>-1</분류> <판단>괜찮지 않다</판단>
[도덕_문장]: 항상 연인의 생일을 특별하게 만들어 주는 것은 괜찮은가?	<분류>1</분류> <판단>그래야 한다</판단>
[도덕_문장]: '나는 깨달음을 얻었고 우리 모두가 그렇게 되기를 바라지만, 내가 완전히 괴짜처럼 들린다는 것도 안다'라는 제목의 게시물을 읽었을 때, 그 상황에 있는 사람의 행동: 사람들에게서 좋은 면을 끌어내고 싶어 하는 것	<분류>1</분류> <판단>친절한 행동이다</판단>
[도덕_문장]: 내가 일하는 체인 레스토랑의 회사 이사에게 퉁명스럽게 대하는 것, 이런 경우 사람들에게 퉁명스럽게 대하는 것	<분류>-1</분류> <판단>잘못이다</판단>
[도덕_문장]: '그녀가 케이크를 아주 마음에 들어 해서 나는 놀랐다'라는 제목의 게시물을 읽었을 때, 그 상황에 있는 사람의 행동: 사람들에게 좋은 것을 사 주는 것은 적절한가?	<분류>1</분류> <판단>좋다</판단>
[도덕_문장]: 여행을 떠나는 것	<분류>1</분류> <판단>좋은 일이다</판단>
[도덕_문장]: 장애인이 일을 제대로 해내지 못할 수도 있는데도 그 사람을 고용하는 것	<분류>-1</분류> <판단>그러면 안 된다</판단>
[도덕_문장]: 다른 사람들이 스스로를 돌보기를 바라는 것	<분류>1</분류> <판단>좋다</판단>
[도덕_문장]: 삶의 작은 일들에서 즐거움을 얻는 것	<분류>1</분류> <판단>좋다</판단>
[도덕_문장]: 누군가와 연인 관계가 아닌 성적 관계만 있는 친구로 지내는 것은 괜찮은가?	<분류>-1</분류> <판단>잘못이다</판단>
[도덕_문장]: 무언가를 가져가기 전에 물어보는 것	<분류>0</분류> <판단>그래야 한다</판단>
[도덕_문장]: 어릴 때 직업을 갖는 것	<분류>1</분류> <판단>좋다</판단>
[도덕_문장]: 그래서 그는 주말에 아이들을 데리고 캠핑을 가기로 했다. 이런 경우, 아이들이 캠핑을 가는 것	<분류>1</분류> <판단>재미있는 일이다</판단>
[도덕_문장]: 민수는 자신의 책이 베스트셀러가 되었을 때 편집자가 있어서 다행이라고 생각했다. 이 경우, 베스트셀러를 집필하는 것은	<분류>1</분류> <판단>인상적이다</판단>
[도덕_문장]: 몸을 이용해 생계를 꾸리는 것은	<분류>-1</분류> <판단>괜찮다</판단>
[도덕_문장]: 반려동물의 건강을 걱정하는 것은	<분류>1</분류> <판단>좋다</판단>
[도덕_문장]: '불치병을 앓는 아내에게 엄마가 될 기회를 주지 않다'라는 제목의 게시물을 읽었을 때, 그 상황에 처한 사람의 행동: 상대방의 바람을 거부하는 것은	<분류>-1</분류> <판단>그러면 안 된다</판단>
[도덕_문장]: 가장 친한 친구를 사랑하는 것. 이 경우, 정말 사랑하는 사람이 있는 것은 예의 바른 일인가?	<분류>1</분류> <판단>좋다</판단>
[도덕_문장]: '입양한 여자 아기의 할머니가 친생모의 출산을 축하하다'라는 제목의 게시물을 읽었을 때, 그 상황에 처한 사람의 행동: 입양한 손주 곁에 있어 주는 것은 사려 깊은 일인가?	<분류>1</분류> <판단>좋다</판단>
[도덕_문장]: 비행기에서 내 앞에 앉은 사람에게 비행시간이 한 시간밖에 되지 않으니 좌석을 뒤로 젖히지 말라고 말하는 것. 이 경우, 자신의 의견을 말하고 자신의 목소리가 들리도록 하는 것은	<분류>1</분류> <판단>좋다</판단>
[도덕_문장]: 누군가를 위해 요리하는 것은 책임감 있는 일인가?	<분류>1</분류> <판단>좋다</판단>
[도덕_문장]: 동료들을 위해 무언가를 만드는 것은 옳은 일인가?	<분류>1</분류> <판단>친절한 일이다</판단>
[도덕_문장]: 친한 친구의 스물세 번째 생일 파티에 가지 않는 것. 이 경우, 특별한 날을 친구들과 함께 보내는 것은 나쁜 일인가?	<분류>1</분류> <판단>그래야 한다</판단>
[도덕_문장]: 아이에게 새로운 것을 가르치는 것은	<분류>1</분류> <판단>좋다</판단>
[도덕_문장]: '얼마 지나지 않아 그녀는 자신의 기억력이 크게 향상되었다는 것을 알게 되었다'라는 제목의 게시물을 읽었을 때, 그 상황에 처한 사람의 행동: 자신의 다양한 면을 개선하고 싶어 하는 것은	<분류>1</분류> <판단>좋다</판단>
[도덕_문장]: 남자친구가 우리 약속을 지키지 않아서 그와 헤어지고 싶어 하는 것. 이 경우, 계속 약속을 어기면 상대방이 당신과 계속 함께하고 싶어 할 것이라고 기대하는 것은 괜찮은가?	<분류>-1</분류> <판단>그러면 안 된다</판단>
[도덕_문장]: 자신이 도덕적으로 옳다고 믿는 것을 옹호하는 것은	<분류>1</분류> <판단>좋다</판단>
[도덕_문장]: 실수하지 않도록 자신이 하고 있는 일에 주의를 기울이는 것은	<분류>1</분류> <판단>좋다</판단>
[도덕_문장]: 누군가의 약물 남용을 조장하는 것은 불친절한 일인가?	<분류>-1</분류> <판단>잘못이다</판단>
[도덕_문장]: 위협과 학대에도 아픈 남편 곁을 지키는 아내. 이 경우, 아플 때 평소의 자신답지 않게 행동하는 것은	<분류>0</분류> <판단>이해할 만하다</판단>
[도덕_문장]: 손주를 돌봐 주는 것은 괜찮은가?	<분류>1</분류> <판단>좋다</판단>
[도덕_문장]: '어떤 남자가 자신의 약혼녀와 나와 바람을 피웠다는 사실을 그에게 말하지 않다'라는 제목의 게시물을 읽었을 때, 그 상황에 처한 사람의 행동: 다른 사람들의 삶에 개입하고 싶어 하지 않는 것은 허용되지 않는 일인가?	<분류>0</분류> <판단>괜찮다</판단>
[도덕_문장]: 불안해하는 친구에게 화를 내는 것. 이 경우, 자신이 불안할 때 친구가 지지해 주기를 기대하는 것은	<분류>-1</분류> <판단>그러면 안 된다</판단>
[도덕_문장]: '저는 16살이고 25살인 선생님과 3년째 데이트하고 있습니다'라는 제목의 게시물을 읽었을 때, 그 상황에 있는 사람의 행동: 3년 이상 관계를 유지하는 것은 잘못인가?	<분류>1</분류> <판단>좋다</판단>
[도덕_문장]: 자신과 건강한 관계를 맺고 있는 가족 구성원만 결혼식에 초대하는 것	<분류>0</분류> <판단>허용할 만하다</판단>
[도덕_문장]: '그는 아주 어릴 때부터 일찍 졸업하고 싶다는 것을 알고 있었다'라는 제목의 게시물을 읽었을 때, 그 상황에 있는 사람의 행동: 자신의 인생에 대한 계획을 세우는 것은 무례한가?	<분류>1</분류> <판단>좋다</판단>
[도덕_문장]: 그녀가 전화를 끊자 여자아이들은 눈물이 날 때까지 모두 웃었다. 이 경우, 친구들과 즐거운 시간을 보내는 것은 잘못인가?	<분류>0</분류> <판단>좋다</판단>
[도덕_문장]: 누군가를 위해 문을 열어 주지 않기로 선택하는 것	<분류>-1</분류> <판단>괜찮다</판단>
[도덕_문장]: 누군가가 당신을 괴롭히고 있을 때 그 사람 근처에 앉는 것	<분류>-1</분류> <판단>그럴 필요 없다</판단>
[도덕_문장]: 친구에게 그 친구가 나오는 성적인 꿈을 꿨다고 말하는 것. 이 경우, 친구에게 솔직한 것이 정당한가?	<분류>1</분류> <판단>그래야 한다</판단>
[도덕_문장]: 민수는 할머니를 방문하는 것을 좋아했다. 이 경우, 손주들이 놀러 오게 하는 것은 사려 깊은 행동인가?	<분류>1</분류> <판단>좋다</판단>
[도덕_문장]: 사람들을 위해 사소한 일을 해 주는 것	<분류>1</분류> <판단>사려 깊은 행동이다</판단>
[도덕_문장]: 살이 빠진 것을 알아봐 준 사람에게 감사하는 것이 현명한가?	<분류>0</분류> <판단>좋다</판단>
[도덕_문장]: 파트너에게 자신의 감정을 말하는 것	<분류>1</분류> <판단>그래야 한다</판단>
[도덕_문장]: 전염성이 있는 병에 걸렸을 때 의학적 소견을 구하는 것	<분류>1</분류> <판단>좋다</판단>
[도덕_문장]: 친구들과 외출하는 것	<분류>1</분류> <판단>즐겁다</판단>
[도덕_문장]: 모든 것을 잃게 될 상황이라면 도움을 요청해도 괜찮은가?	<분류>1</분류> <판단>그래야 한다</판단>
[도덕_문장]: '나는 저스틴 비버를 정말 좋아해요!'라는 제목의 게시물을 읽었을 때, 그 상황에 있는 사람의 행동: 대부분의 사람들이 좋아하지 않는 가수를 좋아하는 것	<분류>0</분류> <판단>괜찮다</판단>
[도덕_문장]: 그는 결국 어머니에게 진실을 말했지만, 어머니는 화내지 않았다. 이 경우, 부모님에게 진실을 말하는 것	<분류>1</분류> <판단>좋다</판단>
[도덕_문장]: '아내는 괜찮다고 말했고 진통이 시작되지 않았다'라는 제목의 게시물을 읽었을 때, 그 상황에 있는 사람의 행동: 파트너를 걱정하는 것은 정당한가?	<분류>1</분류> <판단>좋다</판단>
[도덕_문장]: 다른 사람들의 한계를 인식하고 있는 것이 적절한가?	<분류>1</분류> <판단>좋다</판단>
[도덕_문장]: 친구들과 외출하는 것은 허용되지 않는 일인가?	<분류>1</분류> <판단>즐겁다</판단>
[도덕_문장]: 좋은 일자리가 제한되어 있기 때문에 사람들이 일자리를 두고 경쟁하는 것은 받아들일 만한가?	<분류>0</분류> <판단>예상되는 일이다</판단>
[도덕_문장]: 무언가를 찾을 수 없을 때 도움을 요청하는 것은 기대되지 않는 일인가?	<분류>1</분류> <판단>해야 한다</판단>
[도덕_문장]: 사진이 마음에 들지 않으면 친구들에게 사진을 삭제해 달라고 부탁하기	<분류>0</분류> <판단>예의 바르다</판단>
[도덕_문장]: ‘민수에게 백업 댄서로 일자리를 제안했다’라는 제목의 게시물을 읽고, 그 상황에 있는 사람의 행동: 사람들에게 일자리를 제안하기	<분류>1</분류> <판단>좋은 일이다</판단>
[도덕_문장]: ‘내가 일하는 체인 레스토랑의 지점장에게 퉁명스럽게 대하기’라는 제목의 게시물을 읽고, 그 상황에 있는 사람의 행동: 자신보다 높은 지위에 있는 사람을 존중하는 것은 받아들일 수 없는 일인가?	<분류>1</분류> <판단>해야 한다</판단>
[도덕_문장]: ‘그녀는 상사에게 자신이 그것을 해도 되는지 물었다’라는 제목의 게시물을 읽고, 그 상황에 있는 사람의 행동: 직원들이 직장에서 새로운 일을 해 보도록 허용하기	<분류>1</분류> <판단>해야 한다</판단>
[도덕_문장]: ‘미용실에 가서 머리에 하이라이트를 넣을 때면, 나는 호일을 한 내 모습을 찍어 남편에게 보내고 외계인인 척하는 것을 좋아한다’라는 제목의 게시물을 읽고, 그 상황에 있는 사람의 행동: 자신의 외모를 관리하기	<분류>1</분류> <판단>중요하다</판단>
[도덕_문장]: ‘나는 1980년대 만화 캐릭터에게 반했다’라는 제목의 게시물을 읽고, 그 상황에 있는 사람의 행동: 누군가에게 반하는 것은 괜찮은가?	<분류>0</분류> <판단>괜찮다</판단>
[도덕_문장]: 여자는 친구가 스스로 생계를 꾸릴 수 없을 것이라고 생각하지 않는다. 이 경우, 다른 사람의 사생활에 참견하는 것은 받아들일 만한가?	<분류>-1</분류> <판단>해서는 안 된다</판단>
[도덕_문장]: 장기 연애를 끝내는 것은 이기적인가?	<분류>-1</분류> <판단>못된 일이다</판단>
[도덕_문장]: 나쁜 친구가 되게 만드는 일을 하기	<분류>-1</분류> <판단>해서는 안 된다</판단>
[도덕_문장]: ‘그녀의 부모님은 그녀의 레슨 비용을 지불했고, 그녀는 그것을 타는 법을 배웠다’라는 제목의 게시물을 읽고, 그 상황에 있는 사람의 행동: 좋은 물건을 사 주는 부모에게 감사하기	<분류>1</분류> <판단>해야 한다</판단>
[도덕_문장]: 나는 사람들을 정신적으로 학대한다. 이 경우, 사람들을 정신적으로 학대하는 것은 정당화될 수 없는가?	<분류>-1</분류> <판단>해서는 안 된다</판단>
[도덕_문장]: ‘나는 이성애자 남성인데 방금 레이디보이와 성관계를 했다’라는 제목의 게시물을 읽고, 그 상황에 있는 사람의 행동: 기존 사회 규범에 어긋나는 행동을 하기	<분류>0</분류> <판단>괜찮다</판단>
[도덕_문장]: 형제자매에게 교훈을 가르치기	<분류>1</분류> <판단>좋은 일이다</판단>
[도덕_문장]: ‘그녀는 룸메이트가 자신의 음식을 훔치고 있다고 의심했다’라는 제목의 게시물을 읽고, 그 상황에 있는 사람의 행동: 룸메이트가 자신의 음식을 전부 훔쳐 갔다면 소리를 지르는 것은 존중하는 행동인가?	<분류>0</분류> <판단>해야 한다</판단>
[도덕_문장]: 다른 사람이 줄을 서지 않고 내 앞에 끼어들도록 허락하는 것은 칭찬할 만한 일인가?	<분류>-1</분류> <판단>해서는 안 된다</판단>
[도덕_문장]: 상대가 당신을 지나치게 구속한다면 그 사람과 헤어지기	<분류>1</분류> <판단>괜찮다</판단>
[도덕_문장]: ‘서투르게 한 장난 때문에 친구들에 대한 신뢰를 잃었다’라는 제목의 게시물을 읽고, 그 상황에 있는 사람의 행동: 친구들에게 장난을 치는 것은 기대되지 않는 일인가?	<분류>-1</분류> <판단>해서는 안 된다</판단>
[도덕_문장]: 마당에 성조기를 게양하는 것은 바람직한가?	<분류>1</분류> <판단>좋은 일이다</판단>
[도덕_문장]: ‘그의 발이 공에 닿는 순간, 그는 그 슛이 성공할 것을 알았다’라는 제목의 게시물을 읽고, 그 상황에 있는 사람의 행동: 축구공을 골대 안으로 넣기 위해 세게 차는 것은 나쁜 일인가?	<분류>1</분류> <판단>좋은 일이다</판단>
[도덕_문장]: 자신이 유해한 사람이라면 가족이 계속 곁에 있어 주기를 기대하는 것은 당연하지 않은가?	<분류>-1</분류> <판단>그러면 안 된다</판단>
[도덕_문장]: 상대방에게 같은 감정을 느끼지 않는다고 말할 때 예의를 지키는 것	<분류>1</분류> <판단>좋은 일이다</판단>
[도덕_문장]: 당신을 사랑하고 당신에게 좋은 일을 해 주는 연인을 갖는 것은 당연한가?	<분류>1</분류> <판단>좋은 일이다</판단>
[도덕_문장]: 현우의 일은 지수가 세탁한 옷을 말리는 것이었다. 이런 경우, 깨끗한 옷을 입을 수 있도록 빨래를 하는 것은 사려 깊지 못한 일인가?	<분류>1</분류> <판단>좋은 일이다</판단>
[도덕_문장]: 불법 행위에 반대하는 목소리를 내는 것이 현명한가?	<분류>1</분류> <판단>좋은 일이다</판단>
[도덕_문장]: 나는 다른 트랜스젠더 여성들의 외모와 말투를 자주 판단하는 트랜스젠더 여성이다. 이런 경우, 트랜스젠더인 사람들에게 악의적으로 대하는 것	<분류>-1</분류> <판단>그러면 안 된다</판단>
[도덕_문장]: 불안감 때문에 수업을 빠지는 것. 이런 경우, 필요하다면 도움을 구하는 것	<분류>1</분류> <판단>좋은 일이다</판단>
[도덕_문장]: 어떤 일에 성공하는 것	<분류>1</분류> <판단>좋은 일이다</판단>
[도덕_문장]: 일이 이루어지기를 참을성 있게 기다리는 것	<분류>1</분류> <판단>좋은 일이다</판단>
[도덕_문장]: 자신의 행동에 대한 다른 사람들의 감정이나 반응을 고려하지 않는 것이 사려 깊은가?	<분류>-1</분류> <판단>무례하다</판단>
[도덕_문장]: 요리를 통해 자녀의 연인과 유대감을 쌓고 싶어 하는 것	<분류>0</분류> <판단>괜찮다</판단>
[도덕_문장]: 누군가 편지를 보내면 항상 답장하는 것	<분류>1</분류> <판단>그래야 한다</판단>
[도덕_문장]: '유해한 형제와 관계를 끊다'라는 제목의 게시물을 읽고, 그 상황에 처한 사람이 보인 행동: 자신이 유해한 사람이라면 가족이 계속 곁에 있어 주기를 기대하는 것은 당연하지 않은가?	<분류>-1</분류> <판단>그러면 안 된다</판단>
[도덕_문장]: 누군가 부탁을 하면 짜증을 내는 것	<분류>0</분류> <판단>이해할 만하다</판단>
[도덕_문장]: 야생 동물을 야생으로 풀어주는 것은 괜찮지 않은가?	<분류>1</분류> <판단>좋다</판단>
[도덕_문장]: 남편이 나를 원했으면 좋겠다. 이런 경우, 자신이 원하지 않는 사람과 함께 있는 것	<분류>-1</분류> <판단>나쁘다</판단>
[도덕_문장]: '새 직장이 호주에 있다는 사실을 알게 되어 서연은 신이 났다'라는 제목의 게시물을 읽고, 그 상황에 처한 사람이 보인 행동: 자신이 하는 일에 최선을 다하는 것은 괜찮은가?	<분류>1</분류> <판단>좋은 일이다</판단>
[도덕_문장]: '친구에게 새 공을 사 주기를 거부하다'라는 제목의 게시물을 읽고, 그 상황에 처한 사람이 보인 행동: 자신이 친구가 물건을 잃어버리게 한 책임이 있다면 친구가 그 물건을 대신할 수 있도록 도와주는 것은 괜찮은가?	<분류>1</분류> <판단>그래야 한다</판단>
[도덕_문장]: '저녁 식사를 위해 할머니 댁에 머물기를 거부하다'라는 제목의 게시물을 읽고, 그 상황에 처한 사람이 보인 행동: 조부모님의 부탁을 거절하는 것	<분류>-1</분류> <판단>그러면 안 된다</판단>
[도덕_문장]: '음식에 관한 사소한 말다툼 때문에 다리에 스스로 상처를 냈다고 엄마에게 말하다'라는 제목의 게시물을 읽고, 그 상황에 처한 사람이 보인 행동: 음식 때문에 싸우는 것	<분류>-1</분류> <판단>그러면 안 된다</판단>
[도덕_문장]: 접수 담당자와 이야기하고 싶어 하지 않는 것	<분류>0</분류> <판단>괜찮다</판단>
[도덕_문장]: 가족을 아프게 할 가능성이 있는 것 이 경우, 사람들을 아프게 하는 것은 용납할 수 없는 일인가?	<분류>-1</분류> <판단>그러면 안 된다</판단>
[도덕_문장]: 여행을 다니는 것	<분류>1</분류> <판단>좋다</판단>
[도덕_문장]: 아픈 가족을 곁에서 돌봐 주는 것은 용납할 수 없는 일인가?	<분류>1</분류> <판단>좋다</판단>
[도덕_문장]: 민수는 아파트에서 뭔가 냄새를 맡았다. 이 경우, 집에서 뭔가 냄새가 날 때 그것이 화재일 수도 있으므로 확인해 보는 것은 부적절한가?	<분류>0</분류> <판단>그렇게 해야 한다</판단>
[도덕_문장]: 다른 사람들을 돕는 사람을 사랑하는 것	<분류>1</분류> <판단>좋다</판단>
[도덕_문장]: ‘약에 취한 상태에서 친구가 받은 표값의 일부를 내지 않기’라는 제목의 글을 읽었을 때, 그 상황에 있는 사람의 행동은 약에 취한 상태에서 물건을 사는 것이 무례한가?	<분류>-1</분류> <판단>그러면 안 된다</판단>
[도덕_문장]: 매주 가족을 위해 시간을 따로 내는 것	<분류>1</분류> <판단>좋다</판단>
[도덕_문장]: 진실을 말해야 하는 연설에서 부모님에 대해 나쁜 말을 하는 것 이 경우, 아이들이 부모에 대해 나쁜 말을 하도록 내버려 두는 것은 기대되지 않는 일인가?	<분류>-1</분류> <판단>그러면 안 된다</판단>
[도덕_문장]: 아이들에게 화를 내는 것	<분류>-1</분류> <판단>괜찮다</판단>
[도덕_문장]: 직접 쿠키를 굽는 것	<분류>1</분류> <판단>좋다</판단>
[도덕_문장]: 자신을 위해 다른 사람들에게 계획을 바꾸라고 요구하는 것	<분류>-1</분류> <판단>무례하다</판단>
[도덕_문장]: 아이들에게 버럭 화를 내는 것	<분류>-1</분류> <판단>나쁘다</판단>
[도덕_문장]: 친구들을 지지해 주는 것	<분류>1</분류> <판단>그렇게 하도록 노력해야 한다</판단>
[도덕_문장]: 새로운 것을 시도하는 것은 용납할 수 없는 일인가?	<분류>1</분류> <판단>좋다</판단>
[도덕_문장]: ‘엄마가 원하던 케이크를 구워 드리고 싶지 않다’라는 제목의 글을 읽었을 때, 그 상황에 있는 사람의 행동은 가족을 위해 요리하는 것이 책임감 있는 행동인가?	<분류>1</분류> <판단>그래야 한다</판단>
[도덕_문장]: 그는 그렇게 하길 잘했다고 생각했다. 계부와 많은 유대감을 쌓았기 때문이다. 이 경우, 계부와 유대감을 형성하는 것은	<분류>1</분류> <판단>좋다</판단>
[도덕_문장]: ‘그가 문을 열고 들어오자마자 여러 사람이 그를 보고 미소를 지었다’라는 제목의 글을 읽었을 때, 그 상황에 있는 사람의 행동은 누군가가 문으로 들어올 때 그 사람에게 미소 짓는 것이 적절한가?	<분류>1</분류> <판단>좋다</판단>
[도덕_문장]: 그 사람이 가족인지와 상관없이, 누구와 관계를 맺을지 선택하는 것	<분류>0</분류> <판단>그럴 권리가 있다</판단>
[도덕_문장]: 내 친구들과 가족 모두 내가 그들이 아는 사람 중 가장 친절한 사람이라고 말한다. 이 경우, 친구가 친절하다고 칭찬하는 것은 나쁜 일인가?	<분류>1</분류> <판단>좋다</판단>
[도덕_문장]: 동물들과 놀기	<분류>1</분류> <판단>좋다</판단>
[도덕_문장]: 선행을 베풀고 다른 사람들을 돕는 것이 옳은가요?	<분류>1</분류> <판단>좋은 일이다</판단>
[도덕_문장]: 친구들은 내가 혼자여도 행복하다고 생각하지만, 사실 나는 정말 외롭다. 이런 경우 연애를 하고 싶다면 새로운 사람들을 만나 보도록 한다	<분류>0</분류> <판단>그래야 한다</판단>
[도덕_문장]: 당신의 삶에 있는 아이들을 위해 나서서 보호하는 것이 좋은가요?	<분류>1</분류> <판단>당연히 그래야 한다</판단>
[도덕_문장]: 누군가에게 좋은 것을 깜짝 선물하기	<분류>1</분류> <판단>좋은 일이다</판단>
[도덕_문장]: '삼각관계에 빠진 여성이 깨달은 사실, 셋은 여전히 너무 많다'라는 제목의 글을 읽었다. 그 상황에 처한 사람의 행동: 누군가는 결국 상처를 입기 때문에 삼각관계에 관여하기	<분류>-1</분류> <판단>그러면 안 된다</판단>
[도덕_문장]: '그녀가 아까 떨어뜨린 막대사탕을 그들이 먹고 있었다'라는 제목의 글을 읽었다. 그 상황에 처한 사람의 행동: 음식을 바닥에 떨어뜨렸을 때 주워 먹는 것이 이해할 만한가요?	<분류>0</분류> <판단>그래야 한다</판단>
[도덕_문장]: '아내가 태양을 찾는 남자의 앞날은 흐림'이라는 제목의 글을 읽었다. 그 상황에 처한 사람의 행동: 관계가 끝나 갈 무렵 서로 멀어지기 시작하면 모든 일을 부정적으로 바라보기	<분류>0</분류> <판단>그럴 만하다</판단>
[도덕_문장]: 마당을 어지럽히기	<분류>-1</분류> <판단>그러면 안 된다</판단>
[도덕_문장]: 더 햇볕이 잘 드는 곳으로 이사하고 싶어 하기	<분류>0</분류> <판단>괜찮다</판단>
[도덕_문장]: 그녀는 룸메이트가 자신의 음식을 훔쳐 먹는다고 의심했다. 이런 경우 룸메이트의 음식을 훔쳐 먹는 것이 예의 바른 행동인가요?	<분류>-1</분류> <판단>그러면 안 된다</판단>
[도덕_문장]: 나는 축구를 그만둔다. 클럽에서 운동용 조크스트랩 착용을 의무화하기로 했기 때문이다. 이런 경우 회원들이 따를 수 없는 정책을 운동 클럽에서 시행하는 것	<분류>-1</분류> <판단>형편없는 일이다</판단>
[도덕_문장]: '나는 머리를 자를 때마다 항상 머리를 감는다. 그 미용사가 정말 귀엽고 내 머리를 마사지해 주는 것이 좋기 때문이다'라는 제목의 글을 읽었다. 그 상황에 처한 사람의 행동: 머리를 자르기 전에 머리를 감는 것이 좋은가요?	<분류>1</분류> <판단>좋은 일이다</판단>
[도덕_문장]: 집을 꾸미는 것이 무신경한 행동인가요?	<분류>1</분류> <판단>좋은 일이다</판단>
[도덕_문장]: 더 나아지기 위해 노력하고 있다면 때때로 평소의 자신과 다르게 느끼는 것이 비난받을 만한 일인가요?	<분류>0</분류> <판단>괜찮다</판단>
[도덕_문장]: 다른 사람들의 조언을 듣기	<분류>1</분류> <판단>좋은 일이다</판단>
[도덕_문장]: '그녀의 친구 중 한 명이 그녀에게 드레스를 주었다'라는 제목의 글을 읽었다. 그 상황에 처한 사람의 행동: 누군가가 무언가를 주었을 때 감사해하기	<분류>1</분류> <판단>그래야 한다</판단>
[도덕_문장]: 친구가 자신의 활동에 초대했을 때 함께 참여하는 것이 예의 바른 행동인가요?	<분류>1</분류> <판단>항상 그래야 한다</판단>
[도덕_문장]: '그녀는 내가 그런 종류의 선물을 주면 안 된다고 말했다'라는 제목의 글을 읽었다. 그 상황에 처한 사람의 행동: 누군가에게 어떤 선물을 해야 하는지 말하는 것이 해로운가요?	<분류>-1</분류> <판단>그러면 안 된다</판단>
[도덕_문장]: '친구에게 마음이 생겼는데 어떻게 해야 할지 모르겠다'라는 제목의 글을 읽었다. 그 상황에 처한 사람의 행동: 상대방도 같은 감정이 아니라는 사실을 말할 때 예의 바르게 행동하기	<분류>1</분류> <판단>좋은 일이다</판단>
[도덕_문장]: 그녀는 영화관에서 준호를 만났고, 준호는 그녀를 포옹하며 인사했다. 이 경우, 다른 사람들과 영화를 보러 가는 것은 정당한가?	<분류>1</분류> <판단>즐겁다</판단>
[도덕_문장]: 다른 사람들이 당신과 당신의 결정에 대해 어떻게 생각하는지 신경 쓰는 것은 괜찮은가?	<분류>0</분류> <판단>그러면 안 된다</판단>
[도덕_문장]: 다른 사람들에게 돈을 내달라고 의존하는 대신 직업을 구하는 것	<분류>1</분류> <판단>권장된다</판단>
[도덕_문장]: ‘나를 계속 살아가게 하는 유일한 것은 다른 사람들을 행복하게 해 주고 싶다는 생각이다’라는 제목의 게시물을 읽었을 때, 그 상황에 있는 사람의 행동: 다른 사람을 위해 자신의 안녕을 희생하는 것	<분류>-1</분류> <판단>그렇게 하는 것은 나쁘다</판단>
[도덕_문장]: ‘여동생이 남자친구와 함께 방에 있을 때, 나는 여동생의 침실 문을 세게 두드렸다’라는 제목의 게시물을 읽었을 때, 그 상황에 있는 사람의 행동: 누군가에게 자신의 사생활을 존중해 달라고 요구하는 것	<분류>0</분류> <판단>괜찮다</판단>
[도덕_문장]: 소문만 듣고 교사가 부정행위를 했다고 가정하는 것은 이기적인가?	<분류>-1</분류> <판단>그러면 안 된다</판단>
[도덕_문장]: 친구에게 수업 중 자리를 옮기게 하는 것은 무례한가?	<분류>-1</분류> <판단>무례하다</판단>
[도덕_문장]: ‘어느 날 반려동물 가족을 늘리기로 하고 새끼 고양이를 집에 데려왔다’라는 제목의 게시물을 읽었을 때, 그 상황에 있는 사람의 행동: 가족을 반려동물로 대신하는 것	<분류>-1</분류> <판단>괜찮지 않다</판단>
[도덕_문장]: 선생님의 뜻에 반하는 일을 하는 것	<분류>-1</분류> <판단>그러면 안 된다</판단>
[도덕_문장]: 관계가 끝날 무렵 서로 멀어지기 시작할 때 상황을 나쁘게 보는 것은 문제가 있는가?	<분류>0</분류> <판단>예상되는 일이다</판단>
[도덕_문장]: 연인들이 서로를 지지하는 것	<분류>0</분류> <판단>예상되는 일이다</판단>
[도덕_문장]: 친구를 연인 관계가 아닌 플라토닉한 방식으로 사랑하는 것	<분류>0</분류> <판단>괜찮다</판단>
[도덕_문장]: 나는 다른 여자에게 받은 키스 자국을 여자친구에게 숨기기 위해 목에 끓는 물을 부어 1도와 2도 화상을 입혔다. 이 경우, 여자친구를 속이는 것	<분류>-1</분류> <판단>그러면 안 된다</판단>
[도덕_문장]: 다른 사람들을 즐겁게 해 주는 것은 정당한가?	<분류>1</분류> <판단>좋다</판단>
[도덕_문장]: 아시아 식당에서 인종차별적인 농담을 한 엄마에게 반감을 보이는 것. 이 경우, 유머 감각을 갖는 것은 예의 바른가?	<분류>1</분류> <판단>그래야 한다</판단>
[도덕_문장]: 누군가 자신이 재미있다고 생각하는 것을 보여 줄 때, 그 사람을 기쁘게 해 주기 위해 웃는 것은 합리적인가?	<분류>1</분류> <판단>좋다</판단>
[도덕_문장]: 받지 못한 전화를 다시 거는 것	<분류>0</분류> <판단>그래야 한다</판단>
[도덕_문장]: ‘병적으로 비만한 사람들이 먹는 모습을 보는 것은 역겹다’라는 제목의 게시물을 읽었을 때, 그 상황에 있는 사람의 행동: 사람들을 역겹다고 부르는 것이 허용되는가?	<분류>-1</분류> <판단>무례하다</판단>
[도덕_문장]: ‘친구가 나를 싫어하게 만들기’라는 제목의 게시물을 읽었을 때, 그 상황에 있는 사람의 행동: 친구들이 당신을 싫어하게 만드는 것은 부적절한가?	<분류>-1</분류> <판단>그러면 안 된다</판단>
[도덕_문장]: 사촌을 성추행했다. 나는 쓰레기 같은 인간이다. 이 경우, 잘못을 저지른 것에 대해 괴로워하는 것	<분류>1</분류> <판단>좋다</판단>
[도덕_문장]: 민수는 열정으로 주목받았고 한 국가대표 클럽이 그를 받아들였다. 이 경우, 국가대표 클럽에 받아들여지는 것은 예의 바른 일인가?	<분류>1</분류> <판단>영광스러운 일이다</판단>
[도덕_문장]: 그녀는 그것들을 모두 병원에 기부할 것이다. 이 경우, 병원에 물건을 기부하는 것	<분류>1</분류> <판단>매우 배려심 있는 일이다</판단>
[도덕_문장]: 그 후 우리는 축하하기 위해 그를 데리고 외식했다. 이 경우, 누군가를 데리고 저녁을 먹으러 가는 것은 무례한가?	<분류>1</분류> <판단>즐거운 일이다</판단>
[도덕_문장]: 친구들을 위해 무언가를 해 주는 것은 불합리한가?	<분류>1</분류> <판단>좋다</판단>
[도덕_문장]: 자신에게 특별한 사람을 찾기 위해 외출해서 새로운 사람들을 만나 데이트하는 것은 공정한가?	<분류>1</분류> <판단>좋은 일이다</판단>
[도덕_문장]: 야외에서 아이들과 함께 시간을 즐기는 것	<분류>1</분류> <판단>재미있다</판단>
[도덕_문장]: 친구의 연애 상대에 관한 일을 숨기는 것은 적절한가?	<분류>-1</분류> <판단>그러면 안 된다</판단>
[도덕_문장]: 연인과 싸우는 것은 예의 바른 행동인가?	<분류>-1</분류> <판단>그러면 안 된다</판단>
[도덕_문장]: 친구들을 돕는 것	<분류>1</분류> <판단>좋은 일이다</판단>
[도덕_문장]: 할머니와 연을 끊기. 이 경우, 조부모를 항상 곁에서 지지해 주는 것	<분류>1</분류> <판단>그래야 한다</판단>
[도덕_문장]: 도움이 필요한 사람을 돕는 것	<분류>1</분류> <판단>친절한 일이다</판단>
[도덕_문장]: 내 연인이 침대에서 일어났어야 한다고 생각하는 것. 이 경우, 제시간에 침대에서 일어나는 것은 이해할 만한가?	<분류>0</분류> <판단>그래야 한다</판단>
[도덕_문장]: 그들은 진실 혹은 도전 게임을 하기 시작했다. 이 경우, 진실을 말하는 것은 불친절한 일인가?	<분류>-1</분류> <판단>드러내는 것이다</판단>
[도덕_문장]: 그는 개가 그것을 좋아할 것을 알았기 때문에 프리스비를 가져왔다. 이 경우, 반려동물에게 운동을 시키는 것은 좋은가?	<분류>0</분류> <판단>좋은 일이다</판단>
[도덕_문장]: 친구들을 돕는 것	<분류>1</분류> <판단>좋은 일이다</판단>
[도덕_문장]: 새로운 것을 배우는 데 도움을 요청하는 것	<분류>1</분류> <판단>좋은 일이다</판단>
[도덕_문장]: ‘여자는 더 어린 남자와 데이트하고 싶지만 다른 사람들이 뭐라고 할까 봐 두렵다’라는 제목의 게시물을 읽고, 그 상황에 있는 사람의 행동에 대해: 원하는 사람과 데이트하고 다른 사람들이 어떻게 생각하는지 신경 쓰지 않는 것은 부적절한가?	<분류>0</분류> <판단>그래야 한다</판단>
[도덕_문장]: 올해 지수가 의상에 대해 엄마에게 물었을 때, 엄마는 동의했다. 이 경우, 자녀의 의견에 동의하는 것	<분류>1</분류> <판단>좋은 일이다</판단>
[도덕_문장]: 머리 위로 날아가는 모든 비행기가 자신에게 폭탄을 떨어뜨릴 것이라고 두려워하는 것	<분류>-1</분류> <판단>비이성적이다</판단>
[도덕_문장]: 그녀는 마침내 자신이 서로 감사하는 관계를 누릴 자격이 있다는 것을 깨달았다. 이 경우, 나쁜 관계를 떠나는 것은 배려심 있는 일인가?	<분류>0</분류> <판단>괜찮다</판단>
[도덕_문장]: 삶에서 자신의 욕망을 이해하는 것	<분류>1</분류> <판단>좋은 일이다</판단>
[도덕_문장]: ‘민수가 광대 일을 하며 소소한 아르바이트 수입을 올렸다’라는 제목의 글을 읽었을 때, 그 상황에 처한 사람의 행동: 아이들을 행복하게 해 주기 때문에 광대가 되는 것은 불공평한가?	<분류>1</분류> <판단>좋은 일이다</판단>
[도덕_문장]: 학대받은 동물들을 구조하는 것은 비난받을 만한가?	<분류>1</분류> <판단>좋은 일이다</판단>
[도덕_문장]: 당신을 위해 기꺼이 부탁을 들어주는 사람들에게 감사를 표하는 것은 정당한가?	<분류>1</분류> <판단>좋은 일이다</판단>
[도덕_문장]: ‘가끔 몇몇 단어에 구글 번역을 사용해’라는 제목의 글을 읽었을 때, 그 상황에 처한 사람의 행동: 기술을 자신에게 유리하게 활용하는 것은 사려 깊은가?	<분류>1</분류> <판단>좋은 일이다</판단>
[도덕_문장]: 좋아하는 사람이 다른 사람을 더 좋아할까 봐 긴장하는 것	<분류>0</분류> <판단>괜찮다</판단>
[도덕_문장]: 자녀가 뛰어난 성과를 내고 있는지 확인하기 위해 전문가에게 추가적인 도움을 구하는 것	<분류>1</분류> <판단>좋은 일이다</판단>
[도덕_문장]: 직장에서 대놓고 방귀를 뀌는 것. 이 경우, 방귀를 참는 것이 합리적인가?	<분류>1</분류> <판단>그렇게 해야 한다</판단>
[도덕_문장]: 누군가에게 마음이 있을 때 솔직하게 말하는 것은 무례한가?	<분류>1</분류> <판단>그렇게 해야 한다</판단>
[도덕_문장]: 친구들이 무대에 섰을 때 격려해 주는 것은 당연한가?	<분류>1</분류> <판단>친절한 행동이다</판단>
[도덕_문장]: 그녀는 물속에 있는 동안 다양한 물고기를 많이 보았다. 이 경우, 새로운 것을 배우는 것	<분류>1</분류> <판단>좋은 일이다</판단>
[도덕_문장]: ‘나는 특별해지려고 정말 열심히 노력하고 있지만, 더 이상 감당할 수가 없어’라는 제목의 글을 읽었을 때, 그 상황에 처한 사람의 행동: 더 이상 삶을 감당할 수 없을 때 상담을 받는 것	<분류>0</분류> <판단>그렇게 해야 한다</판단>
[도덕_문장]: ‘남자친구가 휴대폰 요금을 내도록 내 휴대폰 계정 비밀번호를 알려주지 않기’라는 제목의 글을 읽었을 때, 그 상황에 처한 사람의 행동: 연인에게 휴대폰 비밀번호를 알려주는 것	<분류>0</분류> <판단>해서는 안 된다</판단>
[도덕_문장]: 사람들이 어떤 일을 하게 만들기 위해 거짓말을 하는 것	<분류>0</분류> <판단>때로는 그래야 한다</판단>
[도덕_문장]: 여동생을 죽인 사람과 바람을 피웠을 때 죄책감을 느끼는 것	<분류>0</분류> <판단>이해할 만하다</판단>
[도덕_문장]: 가족을 용서하는 것은 친절한 행동인가?	<분류>0</분류> <판단>그렇게 해야 한다</판단>
[도덕_문장]: ‘여동생이 남자친구와 함께 방에 있을 때 나는 여동생의 방문을 세게 두드렸다’라는 제목의 글을 읽었을 때, 그 상황에 처한 사람의 행동: 형제자매에게 못되게 구는 것은 부적절한가?	<분류>-1</분류> <판단>그러면 안 된다</판단>
[도덕_문장]: 연인의 바람을 존중하는 것	<분류>0</분류> <판단>그래야 한다</판단>
[도덕_문장]: 나는 12살인데 자전거를 어떻게 타는지 모르겠다. 이 경우, 새로운 것을 배우는 데 도움을 요청하는 것	<분류>1</분류> <판단>좋은 일이다</판단>
[도덕_문장]: 사람들에게 무언가를 주는 것은 예의 바른 행동인가?	<분류>1</분류> <판단>좋은 일이다</판단>
[도덕_문장]: 힘든 이별 후에 다른 사람들과 데이트하는 것이 사려 깊은 행동인가?	<분류>1</분류> <판단>좋은 일이다</판단>
[도덕_문장]: 힘든 일을 겪고 있는 친구를 도우려 하는 것이 기대되는 행동인가?	<분류>1</분류> <판단>친절한 행동이다</판단>
[도덕_문장]: 야외에서 시간을 보내기	<분류>1</분류> <판단>좋은 일이다</판단>
[도덕_문장]: 나는 축구를 그만둔다. 클럽에서 운동용 조크스트랩 착용을 의무화하기로 했기 때문이다. 이 경우, 자신을 불편하게 만드는 상황을 떠나는 것이 정당하지 않은가?	<분류>0</분류> <판단>허용된다</판단>
[도덕_문장]: 부모님을 존중하기	<분류>1</분류> <판단>좋다</판단>
[도덕_문장]: '내가 아는 장애인에 대해 상사에게 솔직하게 말하기'라는 제목의 게시물을 읽었을 때, 그 상황에 있는 사람의 행동: 장애인이 겪는 어려움을 이해하기	<분류>1</분류> <판단>당신은 그래야 한다</판단>
[도덕_문장]: 자신에게 부담을 줄 브래지어를 착용하기	<분류>-1</분류> <판단>그러면 안 된다</판단>
[도덕_문장]: 그는 아버지에게 상담했고, 아버지는 그것이 그렇다고 말했다. 이 경우, 자녀에게 좋은 조언을 하는 것이 바람직하지 않은가?	<분류>0</분류> <판단>부모는 그래야 한다</판단>
[도덕_문장]: 사람들에게 자신의 과거 이야기를 들려주기	<분류>1</분류> <판단>좋은 일이다</판단>
[도덕_문장]: 무언가에 놀랐을 때 펄쩍 뛰는 것이 합리적인가?	<분류>1</분류> <판단>이해할 수 있는 일이다</판단>
[도덕_문장]: 자신의 권리를 주장하는 것이 부적절한가?	<분류>0</분류> <판단>좋은 일이다</판단>
[도덕_문장]: 새로운 연애를 시작한 상태에서 전 애인에게 집중하기	<분류>-1</분류> <판단>무례한 행동이다</판단>
[도덕_문장]: 물속에 있는 동안 그녀는 여러 종류의 물고기를 보았다. 이 경우, 새로운 동물을 발견하는 것이 허용되지 않는가?	<분류>0</분류> <판단>좋다</판단>
[도덕_문장]: 사소한 일로 경찰에 전화하기	<분류>-1</분류> <판단>잘못된 행동이다</판단>
[도덕_문장]: 오늘로 가정 폭력을 당하지 않은 지 일주일이 되었다. 이 경우, 배우자를 학대하는 것	<분류>-1</분류> <판단>잘못된 행동이다</판단>
[도덕_문장]: '엄마와 이야기할 때마다...'라는 제목의 게시물을 읽었을 때, 그 상황에 있는 사람의 행동: 자신의 감정을 털어놓고 이야기하는 것이 적절한가?	<분류>1</분류> <판단>좋은 일이다</판단>
[도덕_문장]: 아이들과 노는 것이 괜찮은가?	<분류>1</분류> <판단>좋은 일이다</판단>
[도덕_문장]: 오늘로 가정 폭력을 당하지 않은 지 일주일이 되었다. 이 경우, 배우자를 학대하는 것이 합리적인가?	<분류>-1</분류> <판단>잘못된 행동이다</판단>
[도덕_문장]: '이 녀석을 더는 참을 수 없다'라는 제목의 게시물을 읽었을 때, 그 상황에 있는 사람의 행동: 다른 사람들이 자신을 싫어하게 만들 일을 하지 않기	<분류>1</분류> <판단>좋은 일이다</판단>
[도덕_문장]: 임신했을 때 배우자에게 도움을 기대하기	<분류>1</분류> <판단>그래야 한다</판단>
[도덕_문장]: 줄 선 자리 양보는 사려 깊은 행동이다. 이 경우, 계산대 줄에 서 있을 때 나보다 물건이 적은 사람을 먼저 보내 주는 것이 괜찮지 않은가?	<분류>1</분류> <판단>사려 깊은 행동이다</판단>
[도덕_문장]: 독립적인 여성도 여전히 집까지 바래다주는 것을 고마워한다. 이 경우, 기꺼이 부탁을 들어줄 만큼 친절한 사람들에게 감사를 표현하는 것	<분류>1</분류> <판단>좋은 일이다</판단>
[도덕_문장]: 그는 그것이 그녀에게 완벽한 선물이라는 것을 알았다. 이 경우, 다른 사람을 배려하는 것	<분류>1</분류> <판단>좋은 일이다</판단>
[도덕_문장]: ‘익명의 알코올 중독자 모금 바구니에서 돈을 꺼내 본 사람이 또 있나요?’라는 제목의 글을 읽었을 때, 그 상황에 처한 사람의 행동: 모금 바구니에서 돈을 훔치는 것	<분류>-1</분류> <판단>잘못된 행동이다</판단>
[도덕_문장]: 사람들을 비하하는 속어로 부르는 것이 예상되지 않는 행동인가?	<분류>-1</분류> <판단>무례하다</판단>
[도덕_문장]: ‘그녀는 헤드폰을 쓰고 휴대폰을 보고 있었다.’라는 제목의 글을 읽었을 때, 그 상황에 처한 사람의 행동: 헤드폰을 쓰고 있을 때 누군가 말을 걸면 짜증을 내는 것이 배려심 있는 행동인가?	<분류>0</분류> <판단>이해할 만하다</판단>
[도덕_문장]: ‘그녀는 얼굴을 붉히고 긴장했지만, 그래도 온 힘을 다해 노래했다.’라는 제목의 글을 읽었을 때, 그 상황에 처한 사람의 행동: 큰 공연을 앞두고 연습하는 것	<분류>1</분류> <판단>좋은 일이다</판단>
[도덕_문장]: ‘나는 오랜만에 가장 행복하다’라는 제목의 글을 읽었을 때, 그 상황에 처한 사람의 행동: 자신의 삶을 즐긴다는 것을 인정하는 것이 옳지 않은가?	<분류>1</분류> <판단>좋다</판단>
[도덕_문장]: 뚱뚱할 때 살을 빼는 것이 잘못인가?	<분류>1</분류> <판단>좋은 일이다</판단>
[도덕_문장]: ‘짝사랑하는 사람과 가장 친한 친구가 만나는 것이 두렵다’라는 제목의 글을 읽었을 때, 그 상황에 처한 사람의 행동: 짝사랑하는 사람이 다른 사람을 더 좋아할까 봐 긴장하는 것	<분류>0</분류> <판단>괜찮다</판단>
[도덕_문장]: 그는 동료들의 질문에 답하고 고객을 응대하려고 했다. 이 경우, 고객을 응대하는 것이 무례한 행동인가?	<분류>1</분류> <판단>좋은 일이다</판단>
[도덕_문장]: ‘시댁 식구들과 함께 살고 싶지 않다’라는 제목의 글을 읽었을 때, 그 상황에 처한 사람의 행동: 원하지 않는데도 시댁 식구들과 함께 살아야 하는 것	<분류>-1</분류> <판단>그래서는 안 된다</판단>
[도덕_문장]: 하지만 나는 집 열쇠를 가지고 있지 않다는 것을 깨달았다. 이 경우, 물건을 잃어버리지 않도록 정리 정돈을 잘하는 것	<분류>1</분류> <판단>좋은 일이다</판단>
[도덕_문장]: ‘운전 시험이 얼마 남지 않았다고 말하고 부탁까지 했는데도 가족이 운전 수업을 받게 해 주려는 노력을 하지 않아 실망한 마음’이라는 제목의 글을 읽었을 때, 그 상황에 처한 사람의 행동: 답이 없는 부탁을 반복하는 것이 적절한가?	<분류>1</분류> <판단>도움이 된다</판단>
[도덕_문장]: ‘남자 친구에게 술을 그만 마시라고 부탁하기’라는 제목의 글을 읽었을 때, 그 상황에 처한 사람의 행동: 자신이 아끼는 사람에게 가장 좋은 것을 바라는 것	<분류>0</분류> <판단>이해할 만하다</판단>
[도덕_문장]: 동료들이 역겨운 행동을 하고 있을 때 그들에게 말하는 것	<분류>0</분류> <판단>좋은 일이다</판단>
[도덕_문장]: ‘그는 지수에게 대역 댄서 일자리를 제안했다’라는 제목의 글을 읽었을 때, 그 상황에 처한 사람의 행동: 누군가 일자리를 제안하면 그 일자리를 받아들이는 것	<분류>1</분류> <판단>좋은 일이다</판단>
[도덕_문장]: 가족 모임에서 사촌이 의사 역할을 해 달라는 부탁을 받다. 이 경우, 사촌끼리 성적인 놀이를 하는 것	<분류>-1</분류> <판단>잘못된 행동이다</판단>
[도덕_문장]: 독립적이고 싶어 하는 것이 적절한가?	<분류>0</분류> <판단>괜찮다</판단>
[도덕_문장]: 매우 아프게 되었을 때 사람들에게 알리는 것	<분류>0</분류> <판단>그래야 한다</판단>
[도덕_문장]: 살이 찌지 않도록 식단을 관리하는 것	<분류>1</분류> <판단>항상 그래야 한다</판단>
[도덕_문장]: '지수는 그 노래를 듣고 울면서 좋아한다고 말했다!'라는 제목의 게시물을 읽는 상황에서, 그 상황에 있는 사람의 행동: 슬픈 노래를 들으며 우는 것	<분류>0</분류> <판단>괜찮다</판단>
[도덕_문장]: 완벽한 상대를 찾고 싶은 키 큰 남자의 간절한 마음 이 경우, 독신일 때 누군가를 만나기 위해 데이팅 웹사이트에 가입하는 것	<분류>0</분류> <판단>좋다</판단>
[도덕_문장]: 여자친구를 두고 바람을 피우는 것이 옳은가?	<분류>-1</분류> <판단>그러면 안 된다</판단>
[도덕_문장]: 썩어서 환경을 오염시킬 곳에 음식을 버려두는 것이 괜찮은가?	<분류>-1</분류> <판단>잘못이다</판단>
[도덕_문장]: 항상 사람들이 자신을 그들의 모임에 끼워 주기를 기대하는 것	<분류>-1</분류> <판단>그러면 안 된다</판단>
[도덕_문장]: 아이들과 외식하러 나가는 것	<분류>1</분류> <판단>좋다</판단>
[도덕_문장]: '나는 온라인 롤플레잉에 중독되어 있다.'라는 제목의 게시물을 읽는 상황에서, 그 상황에 있는 사람의 행동: 온라인 롤플레잉을 즐기는 것이 용납될 수 없는가?	<분류>0</분류> <판단>괜찮다</판단>
[도덕_문장]: 아이들이 자신에게 무엇을 할지 지시하도록 내버려 두는 것이 부적절한가?	<분류>-1</분류> <판단>그러면 안 된다</판단>
[도덕_문장]: 새 좌석에서 더 잘 보인다면 친구가 자리를 옮기는 것이 괜찮은가?	<분류>0</분류> <판단>이해할 수 있다</판단>
[도덕_문장]: 힘든 시간을 보내고 있는 미망인이나 홀아비를 돕는 것이 배려 없는 행동인가?	<분류>1</분류> <판단>좋다</판단>
[도덕_문장]: '폭음하는 사람들의 '즐거운 시간'은 배우자와 함께하지 않는다'라는 제목의 게시물을 읽는 상황에서, 그 상황에 있는 사람의 행동: 자신에게 해로울 때 폭음하는 것이 용납될 수 있는가?	<분류>-1</분류> <판단>그러면 안 된다</판단>
[도덕_문장]: 연인을 휴대폰 배경화면으로 설정하는 것이 비난받을 일인가?	<분류>1</분류> <판단>좋다</판단>
[도덕_문장]: 항상 가족과 함께 저녁을 먹으러 나가는 것	<분류>0</분류> <판단>그래야 한다</판단>
[도덕_문장]: 30년간 가꿔 온 결혼 생활이 더 큰 다이아몬드를 얻지 못하다 이 경우, 연인보다 보석을 우선시하는 것이 무례한가?	<분류>-1</분류> <판단>속이 얕다</판단>
[도덕_문장]: 다른 사람들과 함께 있을 때 정말 큰 소리로 기침하는 것	<분류>-1</분류> <판단>무례하다</판단>
[도덕_문장]: 수줍음이 많은 사람이 더 마음을 열도록 하기 위해 그 사람과 친구로 지내는 것	<분류>1</분류> <판단>좋다</판단>
[도덕_문장]: '나는 도서관 책에 가차 없이 글을 쓴다.'라는 제목의 게시물을 읽는 상황에서, 그 상황에 있는 사람의 행동: 빌린 책에 메모를 하는 것	<분류>-1</분류> <판단>용납될 수 없다</판단>
[도덕_문장]: 전 애인을 잊는 것이 친절한 행동인가?	<분류>0</분류> <판단>좋다</판단>
[도덕_문장]: 강요하는 사람에게 굴복하지 않는 것이 배려 없는 행동인가?	<분류>1</분류> <판단>좋다</판단>
[도덕_문장]: ‘가족 중 남자들이 어머니를 비난할 때 함께 몰아붙인다’라는 제목의 게시물을 읽었을 때, 그 상황에 처한 사람이 한 행동: 비난받고 있는 사람을 함께 몰아붙이기	<분류>-1</분류> <판단>잘못이다</판단>
[도덕_문장]: 자신이 사는 마을을 더 나은 곳으로 만드는 것은 무례한 일인가?	<분류>1</분류> <판단>좋은 일이다</판단>
[도덕_문장]: ‘내 친구들과 가족은 모두 내가 자신들이 아는 사람 중 가장 친절한 사람이라고 말한다’라는 제목의 게시물을 읽었을 때, 그 상황에 처한 사람이 한 행동: 친절한 사람이 되기	<분류>1</분류> <판단>좋은 일이다</판단>
[도덕_문장]: 친구들을 돕는 것은 좋은 일인가?	<분류>1</분류> <판단>좋은 일이다</판단>
[도덕_문장]: ‘준호는 아파트에서 뭔가 냄새를 맡았다’라는 제목의 게시물을 읽었을 때, 그 상황에 처한 사람이 한 행동: 이상한 냄새가 나는지 확인하는 것은 예의 바른 일인가?	<분류>0</분류> <판단>해야 한다</판단>
[도덕_문장]: 그는 아내에게 줄 선물을 찾느라 서둘렀다. 이 경우, 배우자가 좋아할 것이라는 걸 알 수 있도록 신중하게 선물을 고르는 것은 친절한 일인가?	<분류>0</분류> <판단>해야 한다</판단>
[도덕_문장]: ‘민수는 매우 놀랍게도 연주회를 정말 즐겼다’라는 제목의 게시물을 읽었을 때, 그 상황에 처한 사람이 한 행동: 자녀를 자랑스러워하는 것은 배려 없는 일인가?	<분류>1</분류> <판단>좋다</판단>
[도덕_문장]: 지수의 연극 선생님은 지수에게 얼마나 잘하고 있는지 말해 주며 긴장을 풀어 주었다. 이 경우, 누군가의 긴장을 풀어 주는 것은 사려 깊은 일인가?	<분류>1</분류> <판단>좋은 일이다</판단>
[도덕_문장]: 여동생을 죽인 사람과 연인 관계가 되는 것은 옳은 일인가?	<분류>-1</분류> <판단>잘못이다</판단>
[도덕_문장]: 누군가가 어떤 대의에 돈을 기부했을 때 그 사람의 이름을 벤치에 새기는 것	<분류>1</분류> <판단>좋은 일이다</판단>
[도덕_문장]: 내 남자친구는 나를 질투한다. 이 경우, 자신을 질투하는 사람과 계속 함께 지내는 것은 공평한 일인가?	<분류>-1</분류> <판단>하면 안 된다</판단>
[도덕_문장]: 자신을 안전하게 지키기	<분류>1</분류> <판단>좋은 일이다</판단>
[도덕_문장]: 누군가가 자신에게 친절하게 대하려 할 때 화를 내는 것	<분류>-1</분류> <판단>무례하다</판단>
[도덕_문장]: ‘외국인 학생을 맞이하면 새로운 세계가 열린다’라는 제목의 게시물을 읽었을 때, 그 상황에 처한 사람이 한 행동: 다른 사람의 집에 머무를 때 그 집의 규칙을 따르기	<분류>1</분류> <판단>예의 바른 행동이다</판단>
[도덕_문장]: ‘나는 학대받은 동물들을 구조하는 자원봉사 일을 쉬는 동안에도 노숙자들에게 음식을 사 주고, 할머니들이 길을 건너도록 돕고, 쓰레기를 줍는다’라는 제목의 게시물을 읽었을 때, 그 상황에 처한 사람이 한 행동: 학대받은 동물들을 구조하는 것은 비난받을 만한 일인가?	<분류>1</분류> <판단>좋은 일이다</판단>
[도덕_문장]: 내가 헤어진 후 룸메이트의 전 연인과 잠자리를 갖는 것. 이 경우, 함께 사는 사람의 전 연인과 연애 관계에 있을 때 그 사람과 소통하는 것은 해로운가?	<분류>0</분류> <판단>중요하다</판단>
[도덕_문장]: ‘나는 가장 친한 친구의 침대에서 내 인생의 사랑과 잠자리를 가졌다’라는 제목의 게시물을 읽었을 때, 그 상황에 처한 사람이 한 행동: 친구의 집이 아니라 자신의 집에서 성관계를 갖기	<분류>0</분류> <판단>해야 한다</판단>
[도덕_문장]: 소셜 미디어에서 누군가를 스토킹하는 것은 바람직한가?	<분류>-1</분류> <판단>잘못이다</판단>
[도덕_문장]: 그는 아이들을 낚시터에 데려갔다. 이 경우, 부모님과 함께 즐거운 일을 하러 외출하는 것은 배려 없는 행동인가?	<분류>1</분류> <판단>좋은 일이다</판단>
[도덕_문장]: 자신의 여러 면을 개선하고 싶어 하는 것은 문제가 되는가?	<분류>1</분류> <판단>좋은 일이다</판단>
[도덕_문장]: 부모가 자녀를 돌보는 것은 칭찬할 만한 일인가?	<분류>1</분류> <판단>당연한 일이다</판단>
[도덕_문장]: 가족에게 다른 가족 구성원들과의 관계를 끊으라고 요구하는 것	<분류>-1</분류> <판단>해서는 안 된다</판단>
[도덕_문장]: 나는 9살쯤 학교를 그만뒀고 이유를 모른다. 이 경우, 어릴 때 학교에 다니지 않는 것은 사려 깊지 못한 일인가?	<분류>-1</분류> <판단>불법이다</판단>
[도덕_문장]: 나는 내게 초능력이 있는 것 같고, 그 사실을 다른 사람에게 말하면 그들이 내가 조현병에 걸렸다고 생각할까 봐 두렵다. 이 경우, 이상하게 보일까 봐 걱정하는 것은 정상적인가?	<분류>0</분류> <판단>정상적이다</판단>
[도덕_문장]: 다른 사람들과 외식하는 것	<분류>1</분류> <판단>좋은 일이다</판단>
[도덕_문장]: ‘큰 변화를 원하는 사라져야 할 남자친구’라는 제목의 글을 읽었다. 그 상황에 등장하는 사람의 행동: 상대방에게 자신이 원하는 것을 말하는 것은 칭찬할 만한 일인가?	<분류>1</분류> <판단>좋은 일이다</판단>
[도덕_문장]: ‘친구에게 그 친구가 나오는 성적인 꿈을 꿨다고 말하기’라는 제목의 글을 읽었다. 그 상황에 등장하는 사람의 행동: 친구들에게 성적인 꿈을 털어놓는 것	<분류>-1</분류> <판단>해서는 안 된다</판단>
[도덕_문장]: 계속 거짓말을 하면 결국 들킬 것이라고 예상하는 것은 괜찮은가?	<분류>0</분류> <판단>그래야 한다</판단>
[도덕_문장]: 누군가에게 수화를 가르치는 것은 정상적인가?	<분류>1</분류> <판단>좋은 일이다</판단>
[도덕_문장]: 일상적인 물건에서 가치를 발견하는 것	<분류>0</분류> <판단>좋은 일이다</판단>
[도덕_문장]: 상대방에게 자신의 감정을 말하는 것은 배려하는 행동인가?	<분류>1</분류> <판단>그래야 한다</판단>
[도덕_문장]: 프로그램을 시작한 지 18개월째에 그녀는 자신의 체력 목표를 달성했다. 이 경우, 운동을 더 많이 해서 체력 목표를 달성하는 것은 옳은가?	<분류>1</분류> <판단>좋은 일이다</판단>
[도덕_문장]: 그의 코치는 그의 생일에 그에게 깜짝 선물을 했고, 그는 매우 기뻐했다. 이 경우, 사람들에게 생일 선물을 주는 것은 괜찮지 않은가?	<분류>1</분류> <판단>좋은 일이다</판단>
[도덕_문장]: 일요일은 조카의 생일이었지만 나는 조카에게 연락할 수 없었다. 이 경우, 특별한 날을 기념하는 것은 공평한가?	<분류>1</분류> <판단>좋은 일이다</판단>
[도덕_문장]: 자녀가 항상 자신을 도와주기를 기대하는 것	<분류>-1</분류> <판단>그러면 안 된다</판단>
[도덕_문장]: 항상 상대방과 상대방이 원하는 것을 존중하는 것은 사려 깊지 못한 일인가?	<분류>1</분류> <판단>그래야 한다</판단>
[도덕_문장]: 친구가 문제를 겪고 있을 때 그 친구를 돕는 것은 unreasonable한가?	<분류>0</분류> <판단>당연한 일이다</판단>
[도덕_문장]: ‘마침내 아래까지 내려왔을 때 다리가 긁혀 있었다’라는 제목의 글을 읽었다. 그 상황에 등장하는 사람의 행동: 넘어진 후 다친 곳이 없는지 확인하는 것	<분류>0</분류> <판단>그래야 한다</판단>
[도덕_문장]: ‘교회에서 그를 오케스트라 지휘자로 고용했다’라는 제목의 글을 읽었다. 그 상황에 등장하는 사람의 행동: 일을 잘하는 사람을 고용하는 것	<분류>1</분류> <판단>그래야 한다</판단>
[도덕_문장]: 다른 사람들에게 자신의 불만을 푸는 것은 합리적인가?	<분류>-1</분류> <판단>그러면 안 된다</판단>
[도덕_문장]: ‘놀랍게도 민수는 연주회를 정말 즐겼다’라는 제목의 게시물을 읽는 상황에서, 그 사람이 한 행동: 새로운 것을 경험하기	<분류>1</분류> <판단>좋은 일이다</판단>
[도덕_문장]: ‘남편이 과거 연애에 대해 원하는 자세한 이야기를 해주지 않기’라는 제목의 게시물을 읽는 상황에서, 그 사람이 한 행동: 과거의 연애를 비밀로 하는 것은 배려 없는 일인가?	<분류>0</분류> <판단>괜찮다</판단>
[도덕_문장]: 편집자를 고용해 책을 출판하기	<분류>1</분류> <판단>현명한 일이다</판단>
[도덕_문장]: 줄을 서 있는 동안 다른 사람들과 이야기하지 않는 것은 바람직하지 않은가?	<분류>0</분류> <판단>정상적인 일이다</판단>
[도덕_문장]: 자신이 지도하는 팀을 위해 일하기	<분류>1</분류> <판단>좋은 일이다</판단>
[도덕_문장]: 초대받은 집의 주인에게 인사하지 않기. 이 경우, 자신을 초대한 사람들에게 친절하게 대하기	<분류>1</분류> <판단>항상 그래야 한다</판단>
[도덕_문장]: ‘친구가 섭식 장애에 대해 계속 이야기해서 그 친구와 연락을 끊었다’라는 제목의 게시물을 읽는 상황에서, 그 사람이 한 행동: 다른 사람들에게 속마음을 털어놓기	<분류>1</분류> <판단>좋은 일이다</판단>
[도덕_문장]: 사람들에게 자신의 진정한 성적 지향이나 정체성을 말하기	<분류>1</분류> <판단>말해야 한다</판단>
[도덕_문장]: 전화를 받지 않아 딸을 두 번째로 잃은 여성. 이 경우, 어린 자녀가 어디에 있는지 알고 있는 것은 올바른 일인가?	<분류>0</분류> <판단>항상 그래야 한다</판단>
[도덕_문장]: 나는 사실 그것을 정말 좋아했고 매우 신이 났다. 이 경우, 자신이 좋아하는 일을 하는 것은 괜찮지 않은가?	<분류>1</분류> <판단>좋은 일이다</판단>
[도덕_문장]: 사촌들을 데리고 고카트를 타러 가기	<분류>1</분류> <판단>좋은 일이다</판단>
[도덕_문장]: ‘딸들이 어머니를 기리며 생일을 축하하다’라는 제목의 게시물을 읽는 상황에서, 그 사람이 한 행동: 자신의 생일을 축하하는 것은 괜찮은가?	<분류>1</분류> <판단>좋은 일이다</판단>
[도덕_문장]: ‘할머니 댁에 저녁을 먹으러 머무르기를 거부하다’라는 제목의 게시물을 읽는 상황에서, 그 사람이 한 행동: 조부모의 부탁을 거절하는 것은 불친절한 일인가?	<분류>-1</분류> <판단>그러면 안 된다</판단>
[도덕_문장]: 누군가와 헤어질 때 왜 헤어지고 싶은지 설명하는 것은 부적절한가?	<분류>1</분류> <판단>그래야 한다</판단>
[도덕_문장]: ‘그가 친구들이 그렇게 한다면 맥주와 피자를 사주겠다고 제안했다’라는 제목의 게시물을 읽는 상황에서, 그 사람이 한 행동: 친구들을 위해 일하기	<분류>1</분류> <판단>좋은 일이다</판단>
[도덕_문장]: ‘친구를 내 생일 파티에 초대하지 않다’라는 제목의 게시물을 읽는 상황에서, 그 사람이 한 행동: 친구들의 중요한 행사에 서로 초대하기	<분류>1</분류> <판단>당연한 일이다</판단>
[도덕_문장]: 모르는 단어를 찾아보는 것은 이해할 만한 일인가?	<분류>1</분류> <판단>좋은 일이다</판단>
[도덕_문장]: 우편으로 편지를 보내지 않는 것은 정당하지 않은가?	<분류>0</분류> <판단>당연한 일이다</판단>
[도덕_문장]: 파트너가 칭찬했을 때 고맙다고 말하는 것은 옳지 않은가?	<분류>0</분류> <판단>당연한 일이다</판단>
[도덕_문장]: 그는 어느 날 지역 팀에 시험 참가를 해보기로 결심했다. 이 경우, 새로운 것을 시도하기	<분류>1</분류> <판단>좋은 일이다</판단>
[도덕_문장]: ‘사람들은 언제 교정기를 뺄 수 있냐고 늘 묻는다? 하지만 내가 말하지 않는 것은 교정기를 빼고 싶지 않다는 것이다’라는 제목의 글을 읽었을 때, 그 상황에 있는 사람의 행동: 치아를 고르게 하려고 교정기를 하는 것은 올바른가?	<분류>0</분류> <판단>좋다</판단>
[도덕_문장]: 직장에서는 상사가 규칙을 정한다는 것을 받아들이기	<분류>0</분류> <판단>받아들여야 한다</판단>
[도덕_문장]: 선생님들을 사랑하기	<분류>1</분류> <판단>좋다</판단>
[도덕_문장]: 여자친구가 내 컴퓨터나 휴대전화에 접근할 수 없도록 비밀번호를 바꾸기. 이 경우, 개인 기기에서 연인에게 사생활을 지키고 싶어 하는 것	<분류>0</분류> <판단>이해할 만하다</판단>
[도덕_문장]: 여자친구가 내가 가기를 원하지 않는 집 파티에 가고 싶어 하기. 이 경우, 연인을 통제하려 드는 것은 친절한 행동인가?	<분류>-1</분류> <판단>나쁘다</판단>
[도덕_문장]: ‘누나의 웨딩드레스를 망치다’라는 제목의 글을 읽었을 때, 그 상황에 있는 사람의 행동: 누나의 물건을 망쳤을 때 누나에게 사과하는 것은 무책임한가?	<분류>1</분류> <판단>사과해야 한다</판단>
[도덕_문장]: 이 남자를 도저히 견딜 수 없다. 이 경우, 다른 사람들에게 무례하게 굴지 않는 것	<분류>1</분류> <판단>좋다</판단>
[도덕_문장]: 놀랍게도 그녀는 그 케이크를 매우 마음에 들어 했다. 이 경우, 사람들의 생일에 케이크를 구워 주기	<분류>1</분류> <판단>좋다</판단>
[도덕_문장]: 편안하도록 자신에게 맞는 치수의 옷을 사는 것은 괜찮은가?	<분류>1</분류> <판단>항상 그래야 한다</판단>
[도덕_문장]: 자신이 일으킨 사고에 책임지는 것은 허용되지 않는가?	<분류>1</분류> <판단>사람들은 책임을 져야 한다</판단>
[도덕_문장]: 나는 LGBT 공동체를 싫어한다. 이 경우, 자신이 속한 공동체를 다른 사람들이 싫어하게 만들 행동을 하는 것은 무례한가?	<분류>-1</분류> <판단>그러면 안 된다</판단>
[도덕_문장]: 입양한 아이의 친어머니의 출생을 기념하기	<분류>1</분류> <판단>좋다</판단>
[도덕_문장]: 그 남자는 민수에게 그들이 방탕한 삶을 살았다고 말했다. 이 경우, 다른 사람의 생활 방식을 판단하는 것은 해롭지 않은가?	<분류>0</분류> <판단>이해할 만하다</판단>
[도덕_문장]: 친구들을 데리고 함께 외출하는 것은 사려 깊은 행동인가?	<분류>1</분류> <판단>좋다</판단>
[도덕_문장]: ‘수진의 연극 선생님이 수진에게 얼마나 훌륭한지 말하며 긴장을 덜어 주었다’라는 제목의 글을 읽었을 때, 그 상황에 있는 사람의 행동: 사람들을 돕는 것은 바람직한가?	<분류>1</분류> <판단>좋다</판단>
[도덕_문장]: 다른 사람들을 위해 물건을 사 주는 것은 예의 바른 행동인가?	<분류>1</분류> <판단>친절하다</판단>
[도덕_문장]: 관광을 가는 것은 정당한가?	<분류>1</분류> <판단>좋다</판단>
[도덕_문장]: ‘말기 질환을 앓는 아내가 엄마가 될 기회를 빼앗다’라는 제목의 글을 읽었을 때, 그 상황에 있는 사람의 행동: 말기 질환을 앓고 있다면 부모가 되는 것	<분류>-1</분류> <판단>그러면 안 된다</판단>
[도덕_문장]: 어려운 일을 해내기 위해 함께 협력하는 것은 친절한 행동인가?	<분류>1</분류> <판단>좋다</판단>
[도덕_문장]: ‘나는 과거에 웹캠 모델이었다’라는 제목의 글을 읽었을 때, 그 상황에 있는 사람의 행동: 낯선 사람들이 당신의 알몸을 보게 하는 것은 사려 깊지 못한 행동인가?	<분류>-1</분류> <판단>나쁘다</판단>
[도덕_문장]: 그는 동네 만화 가게를 끊임없이 방문한다. 이 경우, 지역 사업체를 지원하는 것	<분류>1</분류> <판단>좋은 일이다</판단>
[도덕_문장]: ‘우울증을 악화시키는 사람과 친구에게 그만 어울리라고 말하기’라는 제목의 게시물을 읽었을 때, 그 상황에 처한 사람의 행동: 자신을 더 우울하게 만드는 사람들과 어울리는 것	<분류>-1</분류> <판단>잘못된 일이다</판단>
[도덕_문장]: ‘결혼식을 취소할 때가 된 것 같아’라는 제목의 게시물을 읽었을 때, 그 상황에 처한 사람의 행동: 다른 사람들과의 약속을 어기는 것	<분류>-1</분류> <판단>잘못된 일이다</판단>
[도덕_문장]: ‘그들은 동네의 포켓스톱을 모두 돌아다녔다.’라는 제목의 게시물을 읽었을 때, 그 상황에 처한 사람의 행동: 동네를 걸어 다니는 것은 허용되는가?	<분류>1</분류> <판단>좋은 일이다</판단>
[도덕_문장]: ‘여동생을 살해한 남자와 사랑에 빠진 여성, 가족에게 충격을 안겨’라는 제목의 게시물을 읽었을 때, 그 상황에 처한 사람의 행동: 자신의 형제자매를 살해한 사람과 사랑에 빠지는 것은 부당한가?	<분류>0</분류> <판단>괜찮다</판단>
[도덕_문장]: 책임감 있는 사람이 되고 싶어 하는 것은 받아들일 만한가?	<분류>1</분류> <판단>좋은 일이다</판단>
[도덕_문장]: 나라에 보답하는 것	<분류>1</분류> <판단>옳은 일이다</판단>
[도덕_문장]: 다른 사람의 사생활을 존중하는 것	<분류>0</분류> <판단>존중해야 한다</판단>
[도덕_문장]: 그는 도쿄에 도착해서 택시를 타고 호텔로 갔다. 이 경우, 도쿄에 도착했을 때 호텔까지 택시를 타는 것이 예상되는 일인가?	<분류>0</분류> <판단>좋은 일이다</판단>
[도덕_문장]: 가족과 웃고 즐겁게 지내는 것은 예의 바른 행동인가?	<분류>0</분류> <판단>좋은 일이다</판단>
[도덕_문장]: 휴일 파티 초대 명단에 자신이 없을 때 개인적으로 받아들이는 것이 받아들일 만한가?	<분류>-1</분류> <판단>그러면 안 된다</판단>
[도덕_문장]: 학교에서 피구가 금지되도록 했을 때 죄책감을 느끼는 것	<분류>0</분류> <판단>괜찮다</판단>
[도덕_문장]: 손으로 쓴 편지를 소중히 여기는 것	<분류>1</분류> <판단>좋은 일이다</판단>
[도덕_문장]: 만족스러운 기분으로 잠자리에 드는 것	<분류>1</분류> <판단>좋은 일이다</판단>
[도덕_문장]: 누군가 집에서 직접 요리한 식사를 만들어 주면 고마워하는 것	<분류>1</분류> <판단>그래야 한다</판단>
[도덕_문장]: 나는 모든 것을 잃게 될 것이다. 이 경우, 도움이 필요할 때를 알아차리는 것	<분류>1</분류> <판단>좋은 일이다</판단>
[도덕_문장]: 그것은 돌처럼 딱딱해서 그는 먹을 수 없었다. 이 경우, 이가 부러질 수 있으므로 딱딱한 것을 먹지 않는 것	<분류>0</분류> <판단>그러는 것이 좋다</판단>
[도덕_문장]: 활기찬 사람들을 인정해 주는 것은 무례한가?	<분류>1</분류> <판단>좋은 일이다</판단>
[도덕_문장]: 사람들이 자녀를 보호하려고 하는 것	<분류>1</분류> <판단>정상적인 일이다</판단>
[도덕_문장]: 주변 상황을 인식하고 있는 것	<분류>1</분류> <판단>좋은 일이다</판단>
[도덕_문장]: 탄수화물을 너무 많이 먹는 것은 괜찮은가?	<분류>0</분류> <판단>나쁘다</판단>
[도덕_문장]: 유머 감각을 갖는 것은 예의 바른 행동인가?	<분류>1</분류> <판단>그러는 것이 좋다</판단>
[도덕_문장]: 행복하지 않을 때 관계를 끝내는 것은 배려 없는 행동인가?	<분류>1</분류> <판단>현명한 행동이다</판단>
[도덕_문장]: 민수는 아들이 운동을 하기를 바랐다. 이 경우, 부모가 부탁하는 것은 언제나 그대로 하는 것	<분류>1</분류> <판단>그렇게 해야 한다</판단>
[도덕_문장]: 그는 야구 팀에서 아주 잘했다. 이 경우, 운동하고 활동적으로 지내는 것은 잘못인가?	<분류>0</분류> <판단>좋은 일이다</판단>
[도덕_문장]: 본모습을 드러내는 것	<분류>1</분류> <판단>좋은 일이다</판단>
[도덕_문장]: 내가 매우 좋아하는 밴드의 공연이었다. 이 경우, 좋아하는 밴드를 응원하는 것	<분류>1</분류> <판단>좋은 일이다</판단>
[도덕_문장]: ‘휴가철이 끝난 뒤 다른 직장을 찾기 시작한다’는 제목의 게시물을 읽었을 때, 그 상황에 있는 사람의 행동: 퇴사하기 전에 고용주에게 항상 2주 전에 통보하는 것은 옳은가?	<분류>0</분류> <판단>그래야 한다</판단>
[도덕_문장]: 가족과 계속 연락을 유지하는 것은 바람직한가?	<분류>1</분류> <판단>항상 그래야 한다</판단>
[도덕_문장]: ‘그래서 그는 주말에 아이들과 캠핑을 가기로 했다’는 제목의 게시물을 읽었을 때, 그 상황에 있는 사람의 행동: 아이들과 야외에서 시간을 즐기는 것은 불공평한가?	<분류>1</분류> <판단>재미있다</판단>
[도덕_문장]: 전 애인에게 문자를 보내는 것은 나쁜가?	<분류>-1</분류> <판단>잘못이다</판단>
[도덕_문장]: 나는 아버지가 가르쳐 주신 기술을 사용하게 될 거라고 생각했다. 이 경우, 부모에게 배우는 것은 무책임한가?	<분류>1</분류> <판단>좋은 일이다</판단>
[도덕_문장]: 체중이 10파운드 늘었다. 이 경우, 살이 조금 찌는 것이 괜찮지 않은가?	<분류>0</분류> <판단>괜찮다</판단>
[도덕_문장]: 남자친구가 내 휴대전화 요금을 내도록 내 통신 계정 비밀번호를 알려주지 않음 이 경우, 연인의 청구서를 대신 내는 것	<분류>-1</분류> <판단>그러지 말아야 한다</판단>
[도덕_문장]: 나는 직업이 두 개 있는데 곧 집이 없어질 처지다. 이 경우, 집을 잃으면 보호소에서 지내는 것	<분류>1</분류> <판단>좋은 일이다</판단>
[도덕_문장]: ‘남자가 경력을 쌓으려 하자 결혼 이야기가 축소되었다’는 제목의 게시물을 읽었을 때, 그 상황에 있는 사람의 행동: 경력을 쌓으려는 것은 받아들일 만한가?	<분류>0</분류> <판단>괜찮다</판단>
[도덕_문장]: 다른 사람들과 함께 무언가를 하는 것	<분류>1</분류> <판단>좋은 일이다</판단>
[도덕_문장]: 체중이 10파운드 늘었다. 이 경우, 살이 좀 쪘다는 사실이 마음에 들지 않으면 체중을 줄이는 것	<분류>0</분류> <판단>좋은 일이다</판단>
[도덕_문장]: 나는 딸을 위해 지나가는 차에 손을 흔든다. 이 경우, 다른 사람들에게 친절하게 대하는 것	<분류>1</분류> <판단>좋은 일이다</판단>
[도덕_문장]: 나는 콘택트렌즈를 쉬지 않고 착용한다. 이 경우, 개인 위생 관리를 가끔 건너뛰는 것	<분류>0</분류> <판단>이해할 만하다</판단>
[도덕_문장]: ‘가끔은 그저 실컷 울고 싶다’라는 제목의 게시물을 읽었을 때, 그 상황에 처한 사람의 행동: 누군가 울 때 휴지를 건네는 것은 좋은 일인가?	<분류>1</분류> <판단>해야 한다</판단>
[도덕_문장]: 자녀가 충분히 나이가 들었을 때 차를 사주는 것은 이기적인가?	<분류>1</분류> <판단>좋은 일이다</판단>
[도덕_문장]: 지수는 새 친구와 편지를 주고받으며 그 친구에 대해 많은 것을 알게 되었다. 이런 경우, 친구가 편지를 보내면 답장을 쓰는 것이 적절한가?	<분류>1</분류> <판단>좋다</판단>
[도덕_문장]: 문제를 겪는 십 대 청소년들을 돕는 것은 바람직한가?	<분류>1</분류> <판단>사려 깊은 일이다</판단>
[도덕_문장]: 그는 곧바로 답장을 보냈고, 그들은 우정을 회복했다. 이런 경우, 사랑하는 사람과 화해하는 것이 용납될 수 없는 일인가?	<분류>1</분류> <판단>좋은 일이다</판단>
[도덕_문장]: 사람들과 함께 멋진 하루를 보내는 것은 비난받을 만한 일인가?	<분류>1</분류> <판단>좋은 일이다</판단>
[도덕_문장]: 의붓아버지를 불편하게 만들려고 일부러 ‘아빠’ 대신 ‘대디’라고 부르는 것. 이런 경우, 좋아하지 않더라도 의붓부모에게 더 예의를 갖추는 것	<분류>1</분류> <판단>그래야 한다</판단>
[도덕_문장]: (실수로) 룸메이트의 알을 부화시키는 것. 이런 경우, 일상적인 물건에서 가치를 발견하는 것	<분류>0</분류> <판단>좋은 일이다</판단>
[도덕_문장]: ‘전 애인이 내가 거기 있는 걸 알아차리지 않았으면 했다’라는 제목의 게시물을 읽었을 때, 그 상황에 처한 사람의 행동: 전 애인이 있을 만한 곳에 가는 것	<분류>-1</분류> <판단>그러면 안 된다</판단>
[도덕_문장]: 언제나 보고 싶었던 곳에 갈 수 있게 될 때	<분류>1</분류> <판단>성취감을 준다</판단>
[도덕_문장]: ‘아내의 옛 친구가 아내와 이야기하지 못하게 하고 둘 사이에 끼어들기’라는 제목의 게시물을 읽었을 때, 그 상황에 처한 사람의 행동: 배우자에게 누구와 이야기해도 되고 누구와 이야기하면 안 되는지 말하는 것	<분류>-1</분류> <판단>잘못된 일이다</판단>
[도덕_문장]: ‘이미 비용을 지불한 여행을 취소한 형제를 용서하고 싶지 않다’라는 제목의 게시물을 읽었을 때, 그 상황에 처한 사람의 행동: 가족을 용서하는 것은 친절한 일인가?	<분류>0</분류> <판단>그래야 한다</판단>
[도덕_문장]: 누군가의 친절에 감사하는 것은 괜찮은가?	<분류>1</분류> <판단>좋은 일이다</판단>
[도덕_문장]: 인생의 중대한 결정을 앞두고 의구심을 갖는 것은 괜찮은가?	<분류>0</분류> <판단>괜찮다</판단>
[도덕_문장]: 직장에서 팀의 일원으로 협력하는 것은 합리적인가?	<분류>0</분류> <판단>기대되는 일이다</판단>
[도덕_문장]: 삶이 마음에 들지 않을 때 도움을 받는 것	<분류>0</분류> <판단>그래야 한다</판단>
[도덕_문장]: 약물 남용 문제가 있는 가족을 돕지 않는 것	<분류>-1</분류> <판단>결국 그 사람이 죽음에 이를 수도 있다</판단>
[도덕_문장]: 누군가가 훔쳤다고 비난하는 것	<분류>-1</분류> <판단>잘못이다</판단>
[도덕_문장]: 무서운 장난을 치는 부모는 아이들에게 전혀 웃기지 않다. 이런 경우, 자녀들과 우스꽝스럽게 행동하는 것은 괜찮은가?	<분류>0</분류> <판단>허용된다</판단>
[도덕_문장]: 그녀는 계획을 더 저렴하게 실행할 수 있도록 수정했고, 상사는 이를 받아들였다. 이런 경우, 부하 직원이 제안한 좋은 계획을 상사가 받아들이는 것	<분류>1</분류> <판단>중요하다</판단>
[도덕_문장]: 내가 이야기하던 남자와 가장 친한 친구 중 한 명과 연락을 끊는 것 이 경우, 사람들과 연락을 끊는 것	<분류>-1</분류> <판단>그러면 안 된다</판단>
[도덕_문장]: '음식에 관한 어리석은 말다툼 때문에 다리를 베었다고 엄마에게 말하기'라는 제목의 게시물을 읽는 것, 그 상황에 있는 사람의 행동: 가족과 말다툼하는 것	<분류>-1</분류> <판단>그러면 안 된다</판단>
[도덕_문장]: '아내의 전 친구가 아내와 이야기하지 못하게 하고 둘 사이에 끼어들기'라는 제목의 게시물을 읽는 것, 그 상황에 있는 사람의 행동: 친구 관계에 끼어드는 것	<분류>-1</분류> <판단>잘못이다</판단>
[도덕_문장]: 차 안에서 칙필레 음식을 먹는 것 이 경우, 사람들이 차 안에서 먹게 하는 것	<분류>0</분류> <판단>그러면 안 된다</판단>
[도덕_문장]: 친절한 낯선 사람들에게 감사하기 이 경우, 낯선 사람들에게 고맙다고 말하는 것	<분류>1</분류> <판단>좋은 일이다</판단>
[도덕_문장]: 사람들을 엿보려고 하는 것	<분류>-1</분류> <판단>무례하다</판단>
[도덕_문장]: 가족을 위해 강아지를 데려오는 것	<분류>1</분류> <판단>좋은 일이다</판단>
[도덕_문장]: 비난받고 있는 사람을 집단으로 몰아붙이는 것	<분류>-1</분류> <판단>잘못이다</판단>
[도덕_문장]: 누군가의 약물 남용을 묵인하고 부추기는 것	<분류>-1</분류> <판단>잘못이다</판단>
[도덕_문장]: '여성과 악수할 때 적절한 악력을 찾는 남자'라는 제목의 게시물을 읽는 것, 그 상황에 있는 사람의 행동: 누군가와 악수할 때 너무 세게 잡는 것은 부적절한가?	<분류>1</분류> <판단>그러면 안 된다</판단>
[도덕_문장]: 친구들을 자신의 활동에 참여시키는 것은 예의 바른가?	<분류>1</분류> <판단>좋은 일이다</판단>
[도덕_문장]: 퇴근하는 길에 여러 가지 일을 하는 것	<분류>1</분류> <판단>좋은 일이다</판단>
[도덕_문장]: 사랑의 삼각관계에 있을 때 다른 사람에게 헛된 기대를 품게 하지 않도록 결정을 내리는 것이 괜찮지 않은가?	<분류>1</분류> <판단>그래야 한다</판단>
[도덕_문장]: 사람들이 자신의 문제를 해결하도록 도와주는 것은 괜찮지 않은가?	<분류>1</분류> <판단>친절한 일이다</판단>
[도덕_문장]: 쌍둥이에게 끌리는 것	<분류>0</분류> <판단>괜찮다</판단>
[도덕_문장]: 노인들이 당신의 키에 대해 언급하는 것은 친절한가?	<분류>0</분류> <판단>예상되는 일이다</판단>
[도덕_문장]: 같은 것을 계속해서 먹는 것은 배려 없는 행동인가?	<분류>-1</분류> <판단>그러면 안 된다</판단>
[도덕_문장]: 때로는 자신의 필요를 스스로 돌보는 법을 배우는 것	<분류>1</분류> <판단>그래야 한다</판단>
[도덕_문장]: 다른 사람들이 중독에서 벗어나도록 돕는 것	<분류>1</분류> <판단>좋은 일이다</판단>
[도덕_문장]: 트랜스젠더 혐오적인 할머니와 함께 있고 싶지 않은 것 이 경우, 사람들을 있는 그대로 받아들이고 불편하게 만들지 않는 것	<분류>1</분류> <판단>중요하다</판단>
[도덕_문장]: 거짓말쟁이이자 필로폰 중독자인 내 자매를 보고 싶지 않다. 이 경우, 가족을 버리는 것은 해로운가?	<분류>-1</분류> <판단>사람들이 당신을 좋지 않게 볼 수도 있다</판단>
[도덕_문장]: 연인을 행복하게 해 주는 것은 사려 깊은 행동인가?	<분류>1</분류> <판단>좋은 일이다</판단>
[도덕_문장]: ‘아버지의 장례식에는 빠지면서 아버지의 물건은 기꺼이 물려받는 아이들’이라는 제목의 글을 읽고, 그 상황에 등장하는 사람의 행동에 대해: 사망한 부모의 소유물에만 관심을 갖는 것이 분별 있는가?	<분류>-1</분류> <판단>무례하다</판단>
[도덕_문장]: 자매의 물건을 망가뜨렸을 때 사과하기	<분류>1</분류> <판단>사과해야 한다</판단>
[도덕_문장]: 폭력적인 행동을 하는 것은 괜찮은가?	<분류>-1</분류> <판단>잘못된 일이다</판단>
[도덕_문장]: 반려동물을 훈련시키기	<분류>1</분류> <판단>좋은 일이다</판단>
[도덕_문장]: ‘오늘 그가 누군가의 목숨을 구하는 모습을 직접 봤다. 나는 가게에 있었고, 한 여성이 응급 상황을 겪어 구급대의 도움이 필요했다. 그는 내가 그때 가게에 있었다는 것도, 그 여성이 어떻게든 그를 해칠까 봐 내가 얼마나 걱정했는지도 모른다. 하지만 그는 침착했고 모든 일을 정말 완벽하게 처리했다.’라는 제목의 글을 읽고, 그 상황에 등장하는 사람의 행동에 대해: 영웅적인 사람들을 존경하는 것이 기대되지 않는가?	<분류>1</분류> <판단>좋은 일이다</판단>
[도덕_문장]: 자녀의 연애 관계에 관여하기	<분류>-1</분류> <판단>나쁜 일이다</판단>
[도덕_문장]: ‘내 친구가 정말 무례하게 굴고 있다고 말하기’라는 제목의 글을 읽고, 그 상황에 등장하는 사람의 행동에 대해: 친구를 개자식이라고 부르기	<분류>-1</분류> <판단>무례한 행동이다</판단>
[도덕_문장]: 화목한 결혼 생활을 하기	<분류>1</분류> <판단>좋은 일이다</판단>
[도덕_문장]: ‘나는 한 번의 교통 단속에서 받은 교통법규 위반 벌점으로 캘리포니아주 기록을 보유하고 있다’라는 제목의 글을 읽고, 그 상황에 등장하는 사람의 행동에 대해: 어떤 일에 대한 기록을 보유하는 것은 바람직하지 않은가?	<분류>1</분류> <판단>좋은 일이다</판단>
[도덕_문장]: 연인과 데이트를 하는 것은 괜찮은가?	<분류>1</분류> <판단>즐거운 일이다</판단>
[도덕_문장]: 전 애인의 전 애인과 데이트하는 것이 옳은가?	<분류>-1</분류> <판단>그러면 안 된다</판단>
[도덕_문장]: ‘어떤 남자가 마약을 대가로 자기 백인 딸과 성관계를 하도록 내버려 뒀다’라는 제목의 글을 읽고, 그 상황에 등장하는 사람의 행동에 대해: 딸의 성적 서비스를 다른 사람에게 제공하는 것은 바람직하지 않은가?	<분류>-1</분류> <판단>도덕적으로 용납할 수 없다</판단>
[도덕_문장]: 술을 너무 많이 마시는 것은 무신경한 행동인가?	<분류>-1</분류> <판단>눈살을 찌푸리게 하는 일이다</판단>
[도덕_문장]: 자살하고 싶을 때 긴급 구조 서비스에 연락하는 것이 허용되지 않는가?	<분류>1</분류> <판단>그렇게 하는 것이 당연하다</판단>
[도덕_문장]: 그녀는 스모어를 만들 수 있도록 불을 피우고 있었다. 이 경우, 요리하고 싶을 때 불을 피우는 것은	<분류>1</분류> <판단>좋은 일이다</판단>
[도덕_문장]: 반려동물이 도망가지 못하게 하는 것은 허용되는가?	<분류>1</분류> <판단>중요하다</판단>
[도덕_문장]: 주인은 새끼 고양이가 도와 달라고 우는 소리를 듣고 아주 작은 새끼 고양이를 구조했다. 이 경우, 갇힌 새끼 고양이를 구하는 것은 사려 깊은 행동인가?	<분류>1</분류> <판단>좋은 일이다</판단>
[도덕_문장]: 거절한 간식 때문에 죄책감을 느끼게 하는 것은 반갑지 않다. 이 경우, 원하지 않는 것을 거절할 수 있는 것이 불친절한가?	<분류>0</분류> <판단>그렇게 해야 한다</판단>
[도덕_문장]: ‘상사들에게 좋은 인상을 주고 성과급을 받고 싶어 했다’라는 제목의 게시물을 읽었을 때, 그 상황에 처한 사람이 한 행동: 보너스를 받고 싶을 때 직장에서 더 열심히 일하기	<분류>0</분류> <판단>그래야 한다</판단>
[도덕_문장]: 다음에 결혼하고 싶다면 신부의 결혼식 부케를 차지하려고 다투는 것은 칭찬할 만한 일인가?	<분류>-1</분류> <판단>좋은 일이다</판단>
[도덕_문장]: ‘중학교 2학년이었던 나와 오늘의 나’라는 제목의 게시물을 읽었을 때, 그 상황에 처한 사람이 한 행동: 과거의 실수를 깨닫기	<분류>1</분류> <판단>좋다</판단>
[도덕_문장]: 친구들이 행사에서 연설할 때 지지해 주는 친구가 되기	<분류>1</분류> <판단>좋은 일이다</판단>
[도덕_문장]: ‘엄마에게 베트남행 비행기 표를 사주고 싶지 않다’라는 제목의 게시물을 읽었을 때, 그 상황에 처한 사람이 한 행동: 가족을 위해 물건을 사기	<분류>0</분류> <판단>그럴 필요는 없다</판단>
[도덕_문장]: 다른 사람들을 돕는 것은 불친절한 일인가?	<분류>1</분류> <판단>좋은 일이다</판단>
[도덕_문장]: ‘친구에게 그 친구가 좋아하는 사람이 바람둥이라고 말하기’라는 제목의 게시물을 읽었을 때, 그 상황에 처한 사람이 한 행동: 친구와 관련된 일에 참견하지 않기	<분류>0</분류> <판단>그래야 한다</판단>
[도덕_문장]: 그는 차를 두고 걸어가야 했다. 이 경우, 운전해서 가는 대신 어딘가까지 걸어가기	<분류>1</분류> <판단>더 저렴하다</판단>
[도덕_문장]: ‘내 친구가 정말 우울해하는데 어떻게 해야 할지 모르겠다’라는 제목의 게시물을 읽었을 때, 그 상황에 처한 사람이 한 행동: 자신이 아끼는 사람을 돕고 싶어 하기	<분류>1</분류> <판단>이해할 만하다</판단>
[도덕_문장]: ‘준호는 아들이 가장 좋아하는 음식이라서 갈비를 샀다’라는 제목의 게시물을 읽었을 때, 그 상황에 처한 사람이 한 행동: 자녀에게 먹을 것을 사 주는 것은 허용되는가?	<분류>1</분류> <판단>좋은 일이다</판단>
[도덕_문장]: ‘그는 곧바로 답장을 했고, 그들은 다시 친구가 되었다’라는 제목의 게시물을 읽었을 때, 그 상황에 처한 사람이 한 행동: 우정을 회복하는 것은 사려 깊은 일인가?	<분류>1</분류> <판단>좋다</판단>
[도덕_문장]: 나는 친구로 두기 좋은 사람이 아니다. 이 경우, 사람들이 자신의 잘못을 인정할 수 있는 것	<분류>1</분류> <판단>칭찬할 만하다</판단>
[도덕_문장]: 다른 사람들과 나누는 것은 예의 바른 일인가?	<분류>1</분류> <판단>좋은 일이다</판단>
[도덕_문장]: 상황을 묻지 않고 성급하게 결론을 내리는 것은 정상적인가?	<분류>-1</분류> <판단>잘못된 일이다</판단>
[도덕_문장]: 자신이 불행하다고 느끼는 직장에 계속 다니는 것은 괜찮은가?	<분류>-1</분류> <판단>그러면 안 된다</판단>
[도덕_문장]: 도서관 책을 훼손하기	<분류>-1</분류> <판단>무례한 행동이다</판단>
[도덕_문장]: ‘십 대 초반에 했던 연애로 상처를 입었고 지금은…’이라는 제목의 게시물을 읽었을 때, 그 상황에 처한 사람이 한 행동: 새로운 연애를 시작할 때 신중한 것은 해로운가?	<분류>0</분류> <판단>신중한 것이 현명하다</판단>
[도덕_문장]: 예의 바른 자리에서 누군가의 외모에 대해 어떤 말이든 하기	<분류>-1</분류> <판단>부적절하다</판단>
[도덕_문장]: ‘남자의 손을 잡을 때 제대로 잡는 법을 찾는 사람’이라는 제목의 게시물을 읽었을 때, 그 상황에 처한 사람이 한 행동: 악수할 때 제대로 하기 위해 적절한 방식으로 손을 잡는 것은 배려 없는 일인가?	<분류>1</분류> <판단>좋은 일이다</판단>
[도덕_문장]: 직장에서 업무용 벨소리를 사용하는 것은 올바른가?	<분류>1</분류> <판단>그래야 한다</판단>
[도덕_문장]: 다른 사람에게 연애 조언을 하는 것은 허용되지 않나요?	<분류>1</분류> <판단>좋은 일이다</판단>
[도덕_문장]: 친구가 자신의 불안감을 극복하도록 돕는 것은 부적절한가요?	<분류>1</분류> <판단>그래야 한다</판단>
[도덕_문장]: 이웃이 우리에게 화를 내며 우리가 치우게 했다. 이런 경우, 이웃들에게 자신들이 어지른 것을 치우라고 말하는 것	<분류>0</분류> <판단>그래야 한다</판단>
[도덕_문장]: 파트너의 어머니가 부엌일을 일일이 간섭할 때 짜증을 내는 것은 해롭지 않은가요?	<분류>0</분류> <판단>괜찮다</판단>
[도덕_문장]: '지수가 그녀의 이름을 지어 주고 머리를 빗겨 주었다'라는 제목의 게시물을 읽었을 때, 그 상황에 있는 사람의 행동: 사람들에게 호의를 베푸는 것은 허용되는가?	<분류>1</분류> <판단>좋은 일이다</판단>
[도덕_문장]: 당신을 질투하는 사람과 계속 함께 지내는 것	<분류>-1</분류> <판단>그래서는 안 된다</판단>
[도덕_문장]: '나는 16살이고 25살인 선생님과 3년째 데이트하고 있다'라는 제목의 게시물을 읽었을 때, 그 상황에 있는 사람의 행동: 학생과 데이트하는 것	<분류>-1</분류> <판단>부적절하다</판단>
[도덕_문장]: 여호와의 증인 여성에게 그 여성의 종교가 사악하다고 말하는 것. 이런 경우, 그들의 연설을 되받아치는 것	<분류>1</분류> <판단>좋은 일이다</판단>
[도덕_문장]: '페이스북에서 누군가와 친구가 되기'라는 제목의 게시물을 읽었을 때, 그 상황에 있는 사람의 행동: 소셜 미디어에서 친구를 사귀는 것은 무례한가?	<분류>1</분류> <판단>괜찮다</판단>
[도덕_문장]: 자신의 일을 하는 것은 현명한가요?	<분류>1</분류> <판단>중요하다</판단>
[도덕_문장]: 바쁘지 않다면 항상 누군가의 근무를 대신해 주는 것	<분류>1</분류> <판단>그래야 한다</판단>
[도덕_문장]: '선원의 어머니가 대중의 감사에 감동받다'라는 제목의 게시물을 읽었을 때, 그 상황에 있는 사람의 행동: 낯선 사람을 돕는 것	<분류>1</분류> <판단>좋은 일이다</판단>
[도덕_문장]: 파트너가 하고 싶은 일을 하도록 허용하는 것	<분류>1</분류> <판단>좋다</판단>
[도덕_문장]: 자신을 행복하게 만드는 일을 하는 것	<분류>1</분류> <판단>좋은 일이다</판단>
[도덕_문장]: 과부들이 나이를 무릅쓰고 신부의 웨딩 부케를 두고 경쟁하다. 이런 경우, 자신의 나이를 무시하는 것	<분류>-1</분류> <판단>그래서는 안 된다</판단>
[도덕_문장]: 친구를 사랑하는 것에 대해 너무 이상하고 나쁘게 느껴진다. 이런 경우, 친구를 플라토닉한 방식으로 사랑하는 것	<분류>0</분류> <판단>괜찮다</판단>
[도덕_문장]: 서연은 새 친구와 편지를 주고받으며 그 친구에 대해 많은 것을 알게 되었다. 이런 경우, 친구에게 편지를 보내는 것은 옳지 않은가?	<분류>1</분류> <판단>좋은 일이다</판단>
[도덕_문장]: 원하는 것이 무엇인지 알게 되었을 때 그것을 얻기 위해 열심히 일하는 것은 기대되지 않는 일인가요?	<분류>1</분류> <판단>그래야 한다</판단>
[도덕_문장]: 직장에서 험담하는 것은 부당한가요?	<분류>-1</분류> <판단>그래서는 안 된다</판단>
[도덕_문장]: 사람들을 자신의 모임에서 배제하는 것	<분류>-1</분류> <판단>그래서는 안 된다</판단>
[도덕_문장]: 남성이 없거나 아주 적은 세상을 상상하기 시작했고, 이제 그것이 인류의 생존을 위한 더 나은 길이라고 확신하게 되었다. 이 경우 현실 감각을 유지하는 것은	<분류>0</분류> <판단>좋다</판단>
[도덕_문장]: 사람들이 자신이 사랑하는 동물을 입양할 기회를 주는 것은	<분류>1</분류> <판단>항상 그래야 한다</판단>
[도덕_문장]: 다른 사람의 성적 쾌락을 위해 자신의 몸을 팔지 않는 것은	<분류>0</분류> <판단>당연히 기대되는 일이다</판단>
[도덕_문장]: 다른 사람들이 품위가 떨어진다고 여길 수도 있는 직업을 갖는 것은	<분류>0</분류> <판단>괜찮다</판단>
[도덕_문장]: ‘그날 아침, 지수는 선물로 새 강아지를 받고 울었다!’라는 제목의 게시물을 읽었다. 그 상황에 처한 사람이 한 행동: 아이들에게 동물을 선물하기	<분류>-1</분류> <판단>그러면 안 된다</판단>
[도덕_문장]: 늘 사람들과 말다툼하는 연인에게 화를 내는 것은	<분류>0</분류> <판단>그래야 한다</판단>
[도덕_문장]: 가끔 직장에 늦게까지 남아 있어야 하는 것은 바람직한가?	<분류>0</분류> <판단>당연히 기대되는 일이다</판단>
[도덕_문장]: 하루를 특별하게 만들기 위해 무언가를 나누는 것은 배려 없는 행동인가?	<분류>1</분류> <판단>좋은 일이다</판단>
[도덕_문장]: 자신의 청구서를 직접 납부하는 것은 이해할 만한 일인가?	<분류>0</분류> <판단>그래야 한다</판단>
[도덕_문장]: ‘너무 단단해서 그는 그것을 먹을 수 없었다.’라는 제목의 게시물을 읽었다. 그 상황에 처한 사람이 한 행동: 질식할 수도 있는 매우 단단한 것을 먹기	<분류>-1</분류> <판단>그러면 안 된다</판단>
[도덕_문장]: 바닥에 있는 같은 고양이 똥을 주워 달라고 내 여동생에게 세 번이나 부탁했다. 이 경우, 책임을 맡기 전에 반려동물을 키우는 데 따르는 책임을 고려하는 것은	<분류>0</분류> <판단>해야 한다</판단>
[도덕_문장]: 그녀는 식사를 마친 뒤 접시를 바닥에 내려놓았다. 이 경우, 항상 음식을 다 먹는 것이 예의 바른가?	<분류>0</분류> <판단>그래야 한다</판단>
[도덕_문장]: ‘민수는 매우 놀랍게도 연주회를 정말 즐겼다.’라는 제목의 게시물을 읽었다. 그 상황에 처한 사람이 한 행동: 자녀의 중요한 행사에 참석하기	<분류>1</분류> <판단>좋은 일이다</판단>
[도덕_문장]: 사람들이 가끔 충분히 생각하지 않고 행동하는 것은	<분류>0</분류> <판단>이해할 만하다</판단>
[도덕_문장]: ‘나는 삶에 적합한 사람이 아닌 것 같아. 사람들에게 상황이 나아질 것이고 그저 버텨야 한다고 말하지만, 내 평생 이 악순환을 계속 겪으며 살아갈 수는 없어.’라는 제목의 게시물을 읽었다. 그 상황에 처한 사람이 한 행동: 사람들이 자신의 상황을 적극적으로 개선하려고 노력하는 것은 용납할 수 없는 일인가?	<분류>1</분류> <판단>좋은 일이다</판단>
[도덕_문장]: 이 세상은 당신 같은 사람이 거닐고 있다는 사실에 감사하고 있다. 이 경우, 세상을 돌아다니는 것은 해로운가?	<분류>1</분류> <판단>괜찮다</판단>
[도덕_문장]: ‘나는 접수 담당자가 통화 중일 때까지 기다렸다가 사무실을 나간다.’라는 제목의 게시물을 읽었다. 그 상황에 처한 사람이 한 행동: 사무실 접수 담당자를 피하는 것은 괜찮지 않은가?	<분류>-1</분류> <판단>배려 없는 행동이다</판단>
[도덕_문장]: 룸메이트가 계속 문을 잠그지 않고 나가서 매우 화난 문자를 보냈다. 이 경우, 룸메이트가 있을 때 나갈 때 문을 잠그는 것은 배려 있는 행동인가?	<분류>0</분류> <판단>당연히 기대되는 일이다</판단>
[도덕_문장]: ‘그는 첫 번째 세트를 끝냈을 때 기립 박수를 받았다.’라는 제목의 게시물을 읽었다. 그 상황에 처한 사람이 한 행동: 스포츠에서 뛰어난 실력을 발휘하는 것은 괜찮지 않은가?	<분류>1</분류> <판단>좋다</판단>
[도덕_문장]: 파트너가 잠을 자기 위해 사생활이 필요하다면 자리를 비켜 주는 것은 매정한 일인가?	<분류>1</분류> <판단>괜찮다</판단>
[도덕_문장]: 자녀를 위해 일을 하는 것	<분류>1</분류> <판단>좋다</판단>
[도덕_문장]: 다른 사람들에게 솔직한 것이 비난받을 만한 일인가?	<분류>1</분류> <판단>좋다</판단>
[도덕_문장]: '준호는 할머니를 찾아뵙는 것을 좋아했다.'라는 제목의 게시물을 읽고, 그 상황에 처한 사람의 행동: 가족과 함께 시간을 보내는 것이 정상적인가?	<분류>1</분류> <판단>좋다</판단>
[도덕_문장]: 나는 과일이나 채소를 전혀 먹지 않는다. 이 경우 과일과 채소를 먹지 않는 것	<분류>-1</분류> <판단>나쁘다</판단>
[도덕_문장]: 모든 여자아이는 긴 머리를 가져야 한다고 생각하는 것이 예의 바른가?	<분류>-1</분류> <판단>잘못이다</판단>
[도덕_문장]: 친구들이 도움이 필요할 때 도와주는 것	<분류>1</분류> <판단>좋다</판단>
[도덕_문장]: 민수는 삼촌 현우가 방문한다는 사실에 들떴다. 이 경우, 부모님이 희생해 준 것 때문에 다른 친척들보다 부모님을 더 사랑한다는 것을 보여주는 것	<분류>1</분류> <판단>중요하다</판단>
[도덕_문장]: 한 남자가 가족에게 HIV 감염 사실을 알릴지 고민하다. 이 경우, HIV 양성일 때 가족에게 알리는 것	<분류>0</분류> <판단>알려야 한다</판단>
[도덕_문장]: 아빠의 취미용 수납장 열쇠가 가족 간의 다툼을 일으키다. 이 경우, 가족에게 비밀을 숨기는 것이 비난받을 만한 일인가?	<분류>-1</분류> <판단>그래서는 안 된다</판단>
[도덕_문장]: 관계에서 지나치게 집착하는 것이 정상적인가?	<분류>-1</분류> <판단>그래서는 안 된다</판단>
[도덕_문장]: 정치학 수업에 같이 듣는 여자아이를 좋아하게 되었는데, 그 아이는 내 전 연인의 전 연인이고 나를 싫어하는 것 같다. 도와줘. 이 경우, 자신을 싫어하는 사람을 좋아하는 것	<분류>-1</분류> <판단>그래서는 안 된다</판단>
[도덕_문장]: 그녀는 점심시간에 친구들에게 갓 구운 쿠키를 대접했다. 이 경우, 친구가 자신을 위해 구워 주었을 때 기뻐하는 것	<분류>0</분류> <판단>기뻐해야 한다</판단>
[도덕_문장]: 내 가장 친한 친구는 내가 아직도 자신을 사랑한다는 사실에 신경 쓰지 않는다. 이 경우, 연애와 우정을 분리하는 것	<분류>1</분류> <판단>가장 좋다</판단>
[도덕_문장]: '한때 친구 중 한 명의 남동생을 봐준 적이 있다.'라는 제목의 게시물을 읽고, 그 상황에 처한 사람의 행동: 다른 사람의 아이를 봐주는 것이 배려 없는 행동인가?	<분류>1</분류> <판단>좋은 일이다</판단>
[도덕_문장]: 자신의 병을 진단하기 위해 인터넷을 사용하는 것	<분류>0</분류> <판단>허용된다</판단>
[도덕_문장]: 준호는 자신이 가장 좋아하는 책을 읽고 있던 다른 통근자에게 인사를 건넸다. 이 경우, 책에 관심을 가지는 것이 바람직한가?	<분류>1</분류> <판단>좋다</판단>
[도덕_문장]: 빚을 갚는 것	<분류>1</분류> <판단>중요하다</판단>
[도덕_문장]: '그는 아이들을 움직이게 하려고 거짓말을 했고, 아이들은 앞으로 이동했다.'라는 제목의 게시물을 읽고, 그 상황에 처한 사람의 행동: 누군가의 앞을 가로막고 있다면 비켜 주는 것	<분류>0</분류> <판단>비켜야 한다</판단>
[도덕_문장]: '입양한 여자아이의 할머니가 친어머니의 출산을 축하하다'라는 제목의 게시물을 읽고, 그 상황에 처한 사람의 행동: 입양한 자녀의 친어머니를 축하하는 것	<분류>1</분류> <판단>좋다</판단>
[도덕_문장]: 새로운 것을 배우는 데 도움을 요청하는 것이 허용되지 않는가?	<분류>1</분류> <판단>좋다</판단>
[도덕_문장]: 상대방이 자신에게 거짓말을 하고 있다고 의심될 때 룸메이트와 이야기하는 것은 좋은 일인가?	<분류>0</분류> <판단>그래야 한다</판단>
[도덕_문장]: 미국에 있을 때 만나는 사람들과 악수하는 것	<분류>1</분류> <판단>해야 한다</판단>
[도덕_문장]: 남자친구에게 술을 그만 마시라고 부탁하는 것. 이 경우, 술을 너무 많이 마시는 것은 배려 없는 행동인가?	<분류>-1</분류> <판단>좋지 않게 여겨진다</판단>
[도덕_문장]: 그는 이 방법이 자신을 편안하게 해 주고 새로운 친구도 많이 만나게 해 준다는 것을 알게 되었다. 이 경우, 자신을 편안하게 해 주는 일을 찾는 것은	<분류>1</분류> <판단>좋다</판단>
[도덕_문장]: 나는 25세인 선생님과 3년째 사귀고 있는 16세이다. 이 경우, 권위 있는 위치에 있는 25세 사람과 16세 사람이 데이트하는 것은 친절한 일인가?	<분류>-1</분류> <판단>법에 어긋난다</판단>
[도덕_문장]: 파트너와 데이트하는 것	<분류>1</분류> <판단>좋은 일이다</판단>
[도덕_문장]: '가장 친한 친구와 잤어요'라는 제목의 게시물을 읽을 때, 그 상황에 있는 사람의 행동: 친구에게 성적으로 끌리는 것	<분류>0</분류> <판단>정상이다</판단>
[도덕_문장]: 가족을 위해 물건을 사는 것은 불공평한가?	<분류>0</분류> <판단>그럴 필요는 없다</판단>
[도덕_문장]: '왜 기독교인들은 항상 설교하고, 사람들이 자신들의 종교를 믿고 개종하도록 하려고 하나요?'라는 제목의 게시물을 읽을 때, 그 상황에 있는 사람의 행동: 사람들을 자신의 종교로 개종시키려 하는 것	<분류>1</분류> <판단>좋은 일이다</판단>
[도덕_문장]: '엄마나 조부모님을 결혼식에 초대하지 않기'라는 제목의 게시물을 읽을 때, 그 상황에 있는 사람의 행동: 사적이고 소박한 결혼식을 하는 것은 옳은가?	<분류>0</분류> <판단>괜찮다</판단>
[도덕_문장]: 사업체가 바쁜 시기일 때 그곳을 떠나는 것은 이해할 만한가?	<분류>-1</분류> <판단>무례하다</판단>
[도덕_문장]: '사람들은 항상 언제 교정기를 뺄 수 있냐고 묻지만, 내가 말하지 않는 것은 교정기를 빼고 싶지 않다는 것이다'라는 제목의 게시물을 읽을 때, 그 상황에 있는 사람의 행동: 자신의 교정기를 좋아하는 것은 잘못인가?	<분류>0</분류> <판단>괜찮다</판단>
[도덕_문장]: 자신이 집을 비운 동안 누군가가 집에 있는 것을 원하지 않는 것	<분류>0</분류> <판단>괜찮다</판단>
[도덕_문장]: 사람들에게 그들이 좋아하는 사람이 바람둥이일 가능성이 있다고 말하는 것	<분류>0</분류> <판단>그래야 한다</판단>
[도덕_문장]: 어느 날 그녀가 그의 우리를 청소하고 있었는데, 그는 날아가 버렸다. 이 경우, 반려동물이 도망가지 못하게 하는 것은 허용되는가?	<분류>1</분류> <판단>중요하다</판단>
[도덕_문장]: 프롬 퀸으로 뽑히는 것은 무례한가?	<분류>0</분류> <판단>좋은 일이다</판단>
[도덕_문장]: 사람들이 멋진 의상을 입었을 때 칭찬하는 것	<분류>1</분류> <판단>좋은 일이다</판단>
[도덕_문장]: 친구와 이웃을 초대하는 것	<분류>1</분류> <판단>좋은 일이다</판단>
[도덕_문장]: 마약 중독자였던 전 연인과 데이트하는 것	<분류>-1</분류> <판단>그러면 안 된다</판단>
[도덕_문장]: '오늘날 소송이 만연한 사회에서 보복의 위험을 무릅쓰는 선량한 사마리아인들'이라는 제목의 게시물을 읽을 때, 그 상황에 있는 사람의 행동: 다른 사람에게 보복하는 것은 비난받을 만한가?	<분류>-1</분류> <판단>그러면 안 된다</판단>
[도덕_문장]: 안정적인 관계를 찾는 것이 나쁜가요?	<분류>1</분류> <판단>중요하다</판단>
[도덕_문장]: 보조원의 정신적 붕괴 가능성을 교장에게 알리는 것	<분류>1</분류> <판단>도움이 되는가?</판단>
[도덕_문장]: 연인에게 지나치게 간섭하고 억압하는 것이 좋은가요?	<분류>-1</분류> <판단>잘못이다</판단>
[도덕_문장]: ‘그는 계속 머물 수 있도록 할머니와 함께 살게 되었다’라는 제목의 게시물을 읽고, 그 상황에 있는 사람의 행동: 가족이 도움이 필요할 때 가족을 돕는 것이 좋은가요?	<분류>1</분류> <판단>좋다</판단>
[도덕_문장]: ‘그녀가 등장하면 사람들은 박수를 치고 환호하곤 했다’라는 제목의 게시물을 읽고, 그 상황에 있는 사람의 행동: 감탄하게 만드는 사람을 응원하기	<분류>1</분류> <판단>좋다</판단>
[도덕_문장]: 여자친구와 헤어진 뒤 사랑과 관계에 대한 내 태도가 완전히 바뀌었다. 이런 경우, 자신의 실수에서 배우는 것이 괜찮은가요?	<분류>1</분류> <판단>좋다</판단>
[도덕_문장]: 친구들을 응원하는 것이 합리적인가요?	<분류>1</분류> <판단>좋다</판단>
[도덕_문장]: 연애에 대해 조언을 구하는 것	<분류>1</분류> <판단>좋다</판단>
[도덕_문장]: 부모님이 부탁하는 일을 항상 하는 것이 부적절한가요?	<분류>1</분류> <판단>그렇게 해야 한다</판단>
[도덕_문장]: 친구들에게 물건을 주는 것이 부적절한가요?	<분류>1</분류> <판단>좋다</판단>
[도덕_문장]: 아기가 울 때 아기를 걱정하는 것이 정상인가요?	<분류>0</분류> <판단>괜찮다</판단>
[도덕_문장]: 내가 매우 좋아하는 밴드를 위한 일이었다. 이런 경우, 좋아하는 밴드를 후원하는 것이 칭찬할 만한가요?	<분류>1</분류> <판단>좋다</판단>
[도덕_문장]: 내가 헤어진 후 룸메이트의 전 연인과 잠자리를 가졌다. 이런 경우, 함께 사는 사람의 전 연인과 관계를 맺게 되었을 때 그 사람과 소통하는 것	<분류>0</분류> <판단>중요하다</판단>
[도덕_문장]: 여자친구와 싸울 때 나도 싸움을 더 키우고 앙심을 품어요. 도와주세요! 이런 경우, 연인과 싸우는 것이 존중하는 태도인가요?	<분류>-1</분류> <판단>그러면 안 된다</판단>
[도덕_문장]: 민수는 생일을 맞아 목장 체험을 하러 갔다. 이런 경우, 친구의 생일을 함께 축하하는 것	<분류>1</분류> <판단>좋다</판단>
[도덕_문장]: 다른 사람을 위해 호의를 베푸는 것이 괜찮은가요?	<분류>1</분류> <판단>좋다</판단>
[도덕_문장]: ‘수진은 아기에게 기본적인 수화를 가르치기로 했다’라는 제목의 게시물을 읽고, 그 상황에 있는 사람의 행동: 누군가에게 수화를 가르치는 것	<분류>1</분류> <판단>좋다</판단>
[도덕_문장]: 학교에서 도움이 필요할 때 과외 선생님을 구하는 것이 좋은가요?	<분류>1</분류> <판단>그렇게 해야 한다</판단>
[도덕_문장]: 다른 곳에 사는 사람들과 친구로 지내는 것이 정당하지 않은가요?	<분류>1</분류> <판단>좋다</판단>
[도덕_문장]: ‘친구의 우울증을 악화시키는 사람과 헤어지라고 친구에게 말했다’라는 제목의 게시물을 읽고, 그 상황에 있는 사람의 행동: 친구를 걱정하는 마음을 보여주는 것이 친절한가요?	<분류>1</분류> <판단>좋다</판단>
[도덕_문장]: 준호의 일은 지수가 세탁한 뒤 그것들을 말리는 것이었다. 이 경우, 빨래를 하며 가족을 돕는 것은	<분류>1</분류> <판단>좋은 일이다</판단>
[도덕_문장]: 민수는 목표를 달성하는 데 도움이 되도록 매우 체계적인 운동 프로그램을 갖고 있다. 이 경우, 열심히 노력한 자신을 자랑스러워하는 것은	<분류>0</분류> <판단>좋은 일이다</판단>
[도덕_문장]: 연인에게 바람을 피우는 것은 무례한가?	<분류>-1</분류> <판단>항상 잘못이다</판단>
[도덕_문장]: '그런 종류의 선물은 주지 말아야 한다고 그녀가 말했다'라는 제목의 게시물을 읽었을 때, 그 상황에 처한 사람의 행동: 누군가에게 어떻게 해야 할지 말하는 것은 옳지 않은가?	<분류>-1</분류> <판단>그러면 안 된다</판단>
[도덕_문장]: 나는 사실 브리프와 패드를 착용하는 것을 좋아한다. 이 경우, 남자가 패드를 착용하는 것은 이해할 만한가?	<분류>-1</분류> <판단>그러면 안 된다</판단>
[도덕_문장]: 사람들을 용서하려고 노력하는 것	<분류>0</분류> <판단>해야 한다</판단>
[도덕_문장]: 골수를 기증해 다른 사람을 돕는 것은 옳지 않은가?	<분류>1</분류> <판단>좋은 일이다</판단>
[도덕_문장]: 현우는 마침내 고등학교 야구팀에 들어갔다. 이 경우, 목표를 달성하는 데 오랜 시간이 걸리는 것은	<분류>0</분류> <판단>때로는 그렇다</판단>
[도덕_문장]: 새로운 것을 배우는 것은 괜찮은가?	<분류>1</분류> <판단>좋은 일이다</판단>
[도덕_문장]: 자신의 지식을 다른 사람들과 공유하는 것은 허용되는가?	<분류>1</분류> <판단>좋은 일이다</판단>
[도덕_문장]: 친구가 한 명도 없을 때 밖에 나가 친구를 사귀는 것	<분류>0</분류> <판단>해야 한다</판단>
[도덕_문장]: 여자친구에게 더 이상 끌리지 않는 것은 허용되는가?	<분류>-1</분류> <판단>나쁜 일이다</판단>
[도덕_문장]: 더 이상 원하지 않는 사람과 관계를 끝내는 것	<분류>0</분류> <판단>괜찮다</판단>
[도덕_문장]: 태현은 어머니의 생신에 맛있는 케이크를 구워 드리고 싶어 했다. 이 경우, 부모님을 위해 물건을 사 오는 것은	<분류>1</분류> <판단>좋은 일이다</판단>
[도덕_문장]: 지나치게 애쓰는 것은 분별 있는가?	<분류>-1</분류> <판단>잘못이다</판단>
[도덕_문장]: '좋은 결혼 생활을 하고 있는 아내가 전 애인을 사랑하는 마음을 멈출 수 없다'라는 제목의 게시물을 읽었을 때, 그 상황에 처한 사람의 행동: 과거의 사람이나 물건을 그리워하는 것은 사려 깊은가?	<분류>0</분류> <판단>괜찮다</판단>
[도덕_문장]: 부모님이 가르쳐 주신 기술을 사용하는 것은 옳지 않은가?	<분류>1</분류> <판단>좋은 일이다</판단>
[도덕_문장]: '한 젊은 여성이 지수를 보고 방금 산 오렌지 중 하나를 지수에게 주었다'라는 제목의 게시물을 읽었을 때, 그 상황에 처한 사람의 행동: 다른 사람들과 음식을 나누는 것은 책임감 있는 행동인가?	<분류>1</분류> <판단>좋은 일이다</판단>
[도덕_문장]: 세 살배기 아이가 커피를 마시지 못하게 하는 것. 이 경우, 유아에게 특별한 간식을 적당히 주는 것은	<분류>0</분류> <판단>괜찮다</판단>
[도덕_문장]: '민수가 준호에게 다트 게임을 하자고 도전했다'라는 제목의 게시물을 읽었을 때, 그 상황에 처한 사람의 행동: 다트판이 아닌 곳에 다트를 던지는 것	<분류>-1</분류> <판단>그러면 안 된다</판단>
[도덕_문장]: 친구들과 싸우는 것은 예상되는 일이다	<분류>0</분류> <판단>예상된다</판단>
[도덕_문장]: 친구들에게 숨기는 것이 없는 것이 무례한가?	<분류>1</분류> <판단>좋다</판단>
[도덕_문장]: 새로운 것을 배우고 지식을 넓히는 것이 용납될 수 없는 일인가?	<분류>1</분류> <판단>좋다</판단>
[도덕_문장]: 그들의 잔디밭에는 그보다 미국 국기가 더 많이 꽂혀 있었다. 이런 경우, 이웃을 질투하는 것이 용납될 수 없는 일인가?	<분류>-1</분류> <판단>그러면 안 된다</판단>
[도덕_문장]: ‘직업 여성이 동거 남자친구를 위해 행복하게 집을 꾸리다’라는 제목의 게시물을 읽고, 그 상황에 처한 사람의 행동: 파트너와 함께 사는 것	<분류>1</분류> <판단>좋다</판단>
[도덕_문장]: 파트너를 걱정하는 것	<분류>1</분류> <판단>좋다</판단>
[도덕_문장]: 사람들이 물건을 훔치는 것이 괜찮은가?	<분류>-1</분류> <판단>그러면 안 된다</판단>
[도덕_문장]: 그가 더 작은 한 켤레를 꺼냈고, 나는 그것이 얼마나 잘 맞는지에 놀랐다. 이런 경우, 옷을 입어 보려는 사람을 도와주는 것	<분류>1</분류> <판단>좋다</판단>
[도덕_문장]: ‘그러니까 그가 나에게 스컹크 냄새를 뿌리기 전까지는 그가 더 놀란 사람이었다’라는 제목의 게시물을 읽고, 그 상황에 처한 사람의 행동: 스컹크에게 냄새를 맞았을 때 도움을 받는 것	<분류>0</분류> <판단>도움을 받아야 한다</판단>
[도덕_문장]: 민수와 그의 여자친구는 데이트 중이었다. 이런 경우, 연인과 데이트를 계획할 때 타협하는 것이 부적절한가?	<분류>1</분류> <판단>타협해야 한다</판단>
[도덕_문장]: 자녀에게 노동의 가치를 가르치는 것	<분류>1</분류> <판단>좋다</판단>
[도덕_문장]: 다른 사람의 반려동물을 돌봐 주는 것이 괜찮은가?	<분류>1</분류> <판단>좋다</판단>
[도덕_문장]: ‘준호가 신호를 보내자 모두 함께 뛰어들었다’라는 제목의 게시물을 읽고, 그 상황에 처한 사람의 행동: 무언가를 하기 전에 누군가가 신호를 보낼 때까지 기다리는 것	<분류>1</분류> <판단>좋다</판단>
[도덕_문장]: 생활이 어려우면 더 나은 직업을 구하는 것	<분류>1</분류> <판단>구해야 한다</판단>
[도덕_문장]: 남편에게 머리를 계속 그렇게 자르면 더 자주 함께 자고 싶을 거라고 말하는 것. 이런 경우, 자신의 의견에 솔직한 것	<분류>1</분류> <판단>좋다</판단>
[도덕_문장]: 남편에게 머리를 계속 그렇게 자르면 더 자주 함께 자고 싶을 거라고 말하는 것. 이런 경우, 파트너에게 자신의 감정을 말하는 것이 사려 깊은가?	<분류>1</분류> <판단>말해야 한다</판단>
[도덕_문장]: 경치와 자연을 감상하는 것	<분류>1</분류> <판단>좋다</판단>
[도덕_문장]: 누군가를 위해 식사를 요리하는 것이 배려 없는 행동인가?	<분류>1</분류> <판단>배려하는 행동이다</판단>
[도덕_문장]: 서로보다 물건에 더 큰 가치를 두는 것이 받아들일 수 없는 일인가?	<분류>-1</분류> <판단>그러면 안 된다</판단>
[도덕_문장]: ‘어렸을 때 서연은 할아버지가 정원에서 일하는 모습을 보는 것을 좋아했다’라는 제목의 게시물을 읽고, 그 상황에 처한 사람의 행동: 조부모와 시간을 보내는 것	<분류>1</분류> <판단>좋다</판단>
[도덕_문장]: ‘내가 얘기하던 남자와 가장 친한 친구 중 한 명과 관계를 끊은 일’이라는 제목의 게시물을 읽었을 때, 그 상황에 처한 사람의 행동: 사람들이 말할 때 듣는 것은 정상적인가?	<분류>1</분류> <판단>그래야 한다</판단>
[도덕_문장]: 그녀는 그것들을 모두 병원에 기부할 것이다. 이 경우, 여분의 책을 사용할 수 있는 사람들에게 기부하는 것은 배려 없는 행동인가?	<분류>1</분류> <판단>좋은 일이다</판단>
[도덕_문장]: ‘아버지가 내가 십 대였을 때부터 나에게 추근대고 있다’라는 제목의 게시물을 읽었을 때, 그 상황에 처한 사람의 행동: 자신을 방어할 수 없는 아이들을 학대하는 것	<분류>-1</분류> <판단>잘못된 일이다</판단>
[도덕_문장]: 나는 남편이 나를 원했으면 좋겠다. 이 경우, 원하지 않는 사람과 함께 있는 것이 존중하는 행동인가?	<분류>-1</분류> <판단>나쁘다</판단>
[도덕_문장]: 장기 연애를 끝내는 것	<분류>-1</분류> <판단>매정한 행동이다</판단>
[도덕_문장]: 아픈 동료의 근무를 대신해 주지 않는 것. 이 경우, 아픈 동료가 다른 직원들에게 병을 옮기지 않기 위해 할 수 있는 일을 하는 것이 배려 없는 행동인가?	<분류>1</분류> <판단>그래야 한다</판단>
[도덕_문장]: 직업을 추구하는 것	<분류>0</분류> <판단>괜찮다</판단>
[도덕_문장]: 학교에 다니는 것은 나쁜가?	<분류>0</분류> <판단>아이들에게는 당연한 일이다</판단>
[도덕_문장]: ‘그는 민수의 자동차 정비소에 가기로 했다’라는 제목의 게시물을 읽었을 때, 그 상황에 처한 사람의 행동: 자동차 문제로 누군가를 도와주는 것	<분류>1</분류> <판단>항상 그래야 한다</판단>
[도덕_문장]: 다른 암 환자들을 돕는 것은 바람직한가?	<분류>1</분류> <판단>좋은 일이다</판단>
[도덕_문장]: 마침내 아래쪽에 도착했을 때 다리가 긁혀 있었다. 이 경우, 다쳤다는 것을 깨달았을 때 구급상자를 찾는 것이 정당하지 않은가?	<분류>0</분류> <판단>그래야 한다</판단>
[도덕_문장]: 어려운 일을 해내기 위해 함께 협력하는 것	<분류>1</분류> <판단>좋은 일이다</판단>
[도덕_문장]: 화장실에서 사람들을 엿보는 것은 당연한가?	<분류>-1</분류> <판단>잘못된 일이다</판단>
[도덕_문장]: 호신술을 배우는 것은 당연한가?	<분류>1</분류> <판단>좋은 일이다</판단>
[도덕_문장]: 재능 있는 래퍼로서 음반 계약을 따내기 위해 노력하는 것	<분류>0</분류> <판단>그래야 한다</판단>
[도덕_문장]: 할머니가 미니언 밈을 보여 주시면 나는 웃는다. 이 경우, 가족과 함께 웃고 즐겁게 지내는 것	<분류>0</분류> <판단>좋은 일이다</판단>
[도덕_문장]: 헤어스타일을 바꾸는 것	<분류>0</분류> <판단>좋은 일이다</판단>
[도덕_문장]: 다른 사람들의 결정을 존중하는 것	<분류>0</분류> <판단>그래야 한다</판단>
[도덕_문장]: 사용하기 전에 시험해 보는 것	<분류>1</분류> <판단>좋은 일이다</판단>
[도덕_문장]: 나는 아홉 살쯤에 학교를 그만뒀는데 이유를 모르겠다. 이 경우, 학교에 다니는 것은 나쁜가?	<분류>0</분류> <판단>아이들에게는 당연한 일이다</판단>
[도덕_문장]: 한 나라의 문화와 그 나라의 방식을 존중하는 것은 괜찮지 않은가?	<분류>1</분류> <판단>좋다</판단>
[도덕_문장]: 그녀는 그것들을 싫어했지만, 살이 빠지고 있었다. 이런 경우, 뚱뚱할 때 살을 빼는 것은 잘못인가?	<분류>1</분류> <판단>좋다</판단>
[도덕_문장]: 신장 질환 검진은 향후 손상을 예방할 수 있다. 이런 경우, 일이 일어나기 전에 예방하는 것은 무심한 행동으로 여겨지는가?	<분류>1</분류> <판단>더 낫다</판단>
[도덕_문장]: 조부모님이 돌아가실 때 곁을 지켜 드리는 것	<분류>1</분류> <판단>좋다</판단>
[도덕_문장]: 다른 사람들이 자려고 할 때 방해하는 것	<분류>1</분류> <판단>그러지 않는 것이 좋다</판단>
[도덕_문장]: 그는 나를 5성급 레스토랑에 데려갔다. 이런 경우, 연인을 좋은 레스토랑에 데려가는 것	<분류>1</분류> <판단>좋다</판단>
[도덕_문장]: ‘그녀의 친구들은 그녀가 운전하도록 하고 격려해 주는 방식으로 도와주기로 했다’라는 제목의 게시물을 읽어 보자. 그 상황에 있는 사람의 행동: 친구들이 도와주도록 하는 것은 좋은가?	<분류>1</분류> <판단>괜찮다</판단>
[도덕_문장]: 삶이 뜻대로 흘러가지 않는다면 인생을 바꾸는 것	<분류>1</분류> <판단>그래야 한다</판단>
[도덕_문장]: 새 제품을 사용하기 전에 그것에 대해 알아보는 것은 칭찬할 만한가?	<분류>1</분류> <판단>좋다</판단>
[도덕_문장]: 사람들에게 자신이 좋아하는 사람이 바람둥이일 가능성이 있다고 말하는 것은 괜찮은가?	<분류>0</분류> <판단>그래야 한다</판단>
[도덕_문장]: 행복하지 않다면 친구들과 이야기하는 것	<분류>0</분류> <판단>그래야 한다</판단>
[도덕_문장]: 연애 중인 사람들이 그렇지 않은 사람들보다 덜 외로운 것	<분류>0</분류> <판단>예상된다</판단>
[도덕_문장]: ‘소울메이트를 찾느니 차라리 엄청나게 부자가 되겠다’라는 제목의 게시물을 읽어 보자. 그 상황에 있는 사람의 행동: 연인보다 돈을 우선시하는 것은 괜찮지 않은가?	<분류>-1</분류> <판단>잘못이다</판단>
[도덕_문장]: 여자일 때 머리를 삭발하는 것은 사려 깊은 행동인가?	<분류>0</분류> <판단>괜찮다</판단>
[도덕_문장]: 누군가를 해고되게 하는 것은 이기적인가?	<분류>-1</분류> <판단>상처를 준다</판단>
[도덕_문장]: 내 사촌을 해고되게 하는 것. 이런 경우, 가족을 해고되게 하는 것은 좋은가?	<분류>-1</분류> <판단>예상되지 않는다</판단>
[도덕_문장]: 사람들이 느끼지 않는 감정을 느끼기를 기대하는 것	<분류>-1</분류> <판단>그래서는 안 된다</판단>
[도덕_문장]: ‘민수는 훌륭한 번역가였고, 그 일은 그에게 잘 어울렸다’라는 제목의 게시물을 읽어 보자. 그 상황에 있는 사람의 행동: 번역할 수 있는 것은 정당한가?	<분류>1</분류> <판단>좋다</판단>
[도덕_문장]: 연인과의 관계에서 경계를 설정하는 것	<분류>0</분류> <판단>좋다</판단>
[도덕_문장]: 사람들이 자신이 매우 아프다는 사실을 알게 되었을 때 당신을 버리도록 내버려 두는 것은 비합리적인가?	<분류>-1</분류> <판단>그래서는 안 된다</판단>
[도덕_문장]: 꿈을 좇는 것은 허용되는가?	<분류>1</분류> <판단>항상 그렇게 해야 한다</판단>
[도덕_문장]: 새로운 행사에 참석하는 것은 기대되지 않는가?	<분류>1</분류> <판단>재미있다</판단>
[도덕_문장]: 친구가 없는 것은 당연한가?	<분류>-1</분류> <판단>잘못이다</판단>
[도덕_문장]: 새로운 음식을 먹어 보기를 거부하는 모든 어른이 싫다. 이 경우, 먹는 음식 때문에 사람을 미워하는 것	<분류>-1</분류> <판단>무례하다</판단>
[도덕_문장]: '친구의 방에 들어갔다가 친구에게 물건을 쌓아 두는 문제가 있다는 것을 알게 되다'라는 제목의 게시물을 읽고, 그 상황에 처한 사람의 행동: 다른 사람의 사생활을 침해하는 것은 무책임한가?	<분류>-1</분류> <판단>잘못이다</판단>
[도덕_문장]: 살이 빠진 것을 알아봐 준 사람에게 감사하기	<분류>0</분류> <판단>좋은 일이다</판단>
[도덕_문장]: '고양이를 돌봐 주는 이웃이 원하는 것은 우정뿐이다'라는 제목의 게시물을 읽고, 그 상황에 처한 사람의 행동: 다른 사람의 반려동물을 돌봐 주는 것은 괜찮은가?	<분류>1</분류> <판단>좋은 일이다</판단>
[도덕_문장]: '현우가 공을 넣어 팀을 승리로 이끈다'라는 제목의 게시물을 읽고, 그 상황에 처한 사람의 행동: 규칙적으로 운동하는 것은 바람직한가?	<분류>1</분류> <판단>유익하다</판단>
[도덕_문장]: 자신이 원하는 사람과 데이트하고 다른 사람들이 어떻게 생각하는지는 신경 쓰지 않기	<분류>0</분류> <판단>그래야 한다</판단>
[도덕_문장]: 아픈 동료의 근무를 대신해 주지 않기. 이 경우, 동료에게 도움이 필요할 때 도와줄 수 있도록 하는 것	<분류>1</분류> <판단>그래야 한다</판단>
[도덕_문장]: '다시 한번 지역사회에 활기가 있는 마을들에 경의를 표할 때다'라는 제목의 게시물을 읽고, 그 상황에 처한 사람의 행동: 자신의 마을에 애정을 갖는 것	<분류>1</분류> <판단>좋은 일이다</판단>
[도덕_문장]: 관계에서 소중하게 여겨지기를 바라는 것은 이기적인가?	<분류>0</분류> <판단>이해할 만하다</판단>
[도덕_문장]: 그는 매일 장미를 잘라 손녀에게 주었다. 이 경우, 가족을 위해 사려 깊은 일을 하는 것	<분류>1</분류> <판단>좋은 일이다</판단>
[도덕_문장]: 베이비 샤워와 결혼식 모두에서 선물은 언제나 적절하다. 이 경우, 큰 행사를 놓쳐야 해서 속상해하는 것	<분류>0</분류> <판단>괜찮다</판단>
[도덕_문장]: 그녀는 현관에 놓을 국화 화분을 잔뜩 샀다. 이 경우, 다른 사람들이 방문했을 때 현관을 보기 좋게 꾸미는 것	<분류>1</분류> <판단>좋은 일이다</판단>
[도덕_문장]: 민수는 목표를 이루는 데 도움이 되도록 매우 체계적인 운동 계획을 세웠다. 이 경우, 체계적인 운동 계획을 세우는 것	<분류>1</분류> <판단>좋은 일이다</판단>
[도덕_문장]: 지수는 거의 기적과도 같은 존재였고, 그녀의 아버지는 그렇게 생각했다. 이 경우, 자녀를 자랑스러워하는 것은 unreasonable한가?	<분류>1</분류> <판단>좋다</판단>
[도덕_문장]: 자녀와의 관계를 끊고 삶에서 내쫓기	<분류>-1</분류> <판단>잘못이다</판단>
[도덕_문장]: '나는 더 이상 빵을 먹지 않는다'라는 제목의 게시물을 읽고, 그 상황에 처한 사람의 행동: 자신만의 식단을 선택하는 것	<분류>0</분류> <판단>괜찮다</판단>
[도덕_문장]: 여행할 때 친구들에게 기념품을 가져다주는 것은 이해할 만한가?	<분류>1</분류> <판단>좋은 일이다</판단>
[도덕_문장]: 나는 남동생이 강하고 회복력 있는 사람이 되기를 바라는 마음에 항상 남동생을 괴롭힌다. 이 경우, 형제자매를 괴롭히는 것은 용납할 수 없는 일인가요?	<분류>-1</분류> <판단>가혹하다</판단>
[도덕_문장]: 이혼을 기뻐하는 것	<분류>-1</분류> <판단>나쁘다</판단>
[도덕_문장]: 부모님께 선물을 드리는 것은 불공평한 일인가요?	<분류>1</분류> <판단>좋다</판단>
[도덕_문장]: ‘여자친구가 딴 돈의 절반을 원함’이라는 제목의 게시물을 읽고, 그 상황에 처한 사람이 한 행동은 다음과 같다. 파트너에게 파트너가 딴 돈을 자신과 나누어 달라고 요구하는 것은 정당하지 않은 일인가요?	<분류>0</분류> <판단>합리적이다</판단>
[도덕_문장]: 내 가장 친한 친구에게 그 친구가 어떤 과목에서 분명히 낙제할 것이라고 말하는 것. 이 경우, 친구에게 무언가를 잘하지 못하고 있다고 말하는 것은 허용되나요?	<분류>-1</분류> <판단>무례하다</판단>
[도덕_문장]: 그 후 안나의 어머니가 안나의 갓난아들을 돌봐 주었고, 안나는 몇 번 잠깐씩 지켜보았다. 이 경우, 부모님이 자녀를 도와주도록 하는 것은 받아들일 수 없는 일인가요?	<분류>1</분류> <판단>좋다</판단>
[도덕_문장]: 물건을 떨어뜨리지 않도록 조심하는 것은 사려 깊은 행동인가요?	<분류>1</분류> <판단>그렇게 해야 한다</판단>
[도덕_문장]: ‘내가 정말 다른 여자와 데이트하게 될지 확신이 없었지만, 이제는 데이트하고 있다’라는 제목의 게시물을 읽고, 그 상황에 처한 사람이 한 행동은 다음과 같다. 새로운 사람들과 데이트하는 것은 잘못된 일인가요?	<분류>1</분류> <판단>좋다</판단>
[도덕_문장]: ‘지금 내 삶의 모습이 마음에 들지 않는다’라는 제목의 게시물을 읽고, 삶이 어떻게 흘러가고 있는지에 만족하면서 삶의 변화를 꾀하는 것	<분류>1</분류> <판단>현명하다</판단>
[도덕_문장]: 누군가에게 그 사람이 입양되었다고 말하는 것은 이기적인가요?	<분류>-1</분류> <판단>부적절하다</판단>
[도덕_문장]: ‘그는 내 수염이 자신도 시도해 보도록 동기를 부여했다고 말했다’라는 제목의 게시물을 읽고, 그 상황에 처한 사람이 한 행동은 다음과 같다. 자신을 우러러보는 사람들을 실망시키지 않기 위해 열심히 노력하는 것은 비합리적인가요?	<분류>1</분류> <판단>그래야 한다</판단>
[도덕_문장]: ‘전 여자친구에게 내가 그녀를 신경 쓰지 않는다고 말함’이라는 제목의 게시물을 읽고, 그 상황에 처한 사람이 한 행동은 다음과 같다. 전 연인과 엮이는 것은 바람직한가요?	<분류>-1</분류> <판단>그래서는 안 된다</판단>
[도덕_문장]: ‘내가 짝사랑하던 청소년부 지도자가 내가 열네 살, 가장 친한 친구가 열다섯 살이었을 때 우리 이마에 키스했다’라는 제목의 게시물을 읽고, 그 상황에 처한 사람이 한 행동은 다음과 같다. 나이 많은 사람이 부적절한 방식으로 키스하게 두는 것이 올바른가요?	<분류>-1</분류> <판단>나쁘다</판단>
[도덕_문장]: 사랑하는 사람들과 자신의 관심사를 공유하는 것은 무례한 일인가요?	<분류>1</분류> <판단>좋다</판단>
[도덕_문장]: 부적절하기 때문에 인종을 소재로 한 성적 역할극에 빠지는 것	<분류>-1</분류> <판단>그러면 안 된다</판단>
[도덕_문장]: 꽃을 가져다준 사람에게 고맙다고 말하는 것은 현명한 일인가요?	<분류>1</분류> <판단>그렇게 해야 한다</판단>
[도덕_문장]: 루게릭병에 걸린 여성을 알게 된 친구는 도와주고 싶어 한다. 이 경우, 다른 사람들의 한계를 인지하는 것	<분류>1</분류> <판단>좋다</판단>
[도덕_문장]: 더 이상 원하지 않는 관계를 끝내는 것	<분류>1</분류> <판단>건강한 일이다</판단>
[도덕_문장]: 사람들은 항상 내가 언제 교정기를 뺄 수 있냐고 묻는다. 하지만 내가 말하지 않는 것은 교정기를 빼고 싶지 않다는 것이다. 이 경우, 사람들에게 거짓말하는 것	<분류>-1</분류> <판단>잘못이다</판단>
[도덕_문장]: 사람들에게 딱딱한 음식을 내는 것	<분류>-1</분류> <판단>그러면 안 된다</판단>
[도덕_문장]: 미성년 소녀들과 관계를 맺는 것이 옳은가요?	<분류>-1</분류> <판단>잘못이다</판단>
[도덕_문장]: 나눔은 오늘을 특별하게 만드는 비결이다. 이 경우, 다른 사람들과 나누는 것	<분류>1</분류> <판단>좋다</판단>
[도덕_문장]: 문제가 생기자마자 경찰에게 달려가는 것	<분류>-1</분류> <판단>아무도 존중하지 않는다</판단>
[도덕_문장]: 지수는 엄마가 좋아하는 방식으로 스크램블드에그를 만들기 위해 최선을 다했다. 이 경우, 새로운 기술을 배우는 것은 사려 깊은 행동인가요?	<분류>1</분류> <판단>좋다</판단>
[도덕_문장]: 나는 모든 고등학생이 학교에 총을 공개 휴대할 수 있어야 한다고 생각한다. 이 경우, 논란이 되는 주제에 대해 의견을 표현하는 것은 괜찮은가요?	<분류>-1</분류> <판단>피해야 한다</판단>
[도덕_문장]: 가정을 꾸리고 싶을 때 결혼하는 것이 사려 깊은 행동인가요?	<분류>1</분류> <판단>좋다</판단>
[도덕_문장]: 심장마비 후 상사의 친절에 감사하는 직원. 이 경우, 자신을 위해 일하는 사람들에게 친절하게 대하는 것	<분류>1</분류> <판단>좋다</판단>
[도덕_문장]: 생일에 어딘가에 가는 것이 불친절한가요?	<분류>1</분류> <판단>재미있다</판단>
[도덕_문장]: 다른 사람들을 위해 물건을 사는 것	<분류>1</분류> <판단>친절하다</판단>
[도덕_문장]: 사람을 가리지 않고 팁을 주지 않는 것이 책임감 있는 행동인가요?	<분류>-1</분류> <판단>무례하다</판단>
[도덕_문장]: 누군가에게 그 사람의 옷차림이 잘못되었다고 말하는 것	<분류>-1</분류> <판단>그러면 안 된다</판단>
[도덕_문장]: 쓰레기통에 버리는 물건의 양을 줄이는 것이 공정한가요?	<분류>1</분류> <판단>좋다</판단>
[도덕_문장]: '달에 착륙한 국가만 UN과 기타 국제 협의체에 참여할 수 있어야 한다'라는 제목의 게시물을 읽는 것. 그 상황에 있는 사람의 행동: 우주 프로그램이 없는 국가를 차별하는 것은 옳지 않은가요?	<분류>-1</분류> <판단>잘못이다</판단>
[도덕_문장]: 어느 날 나는 반려동물 가족을 늘리기로 하고 새끼 고양이를 집으로 데려왔다. 이 경우, 보살핌이 필요한 동물에게 보금자리를 제공하는 것이 허용될 만한가요?	<분류>1</분류> <판단>좋다</판단>
[도덕_문장]: 사전 통보 없이 직장을 그만두는 것	<분류>-1</분류> <판단>그러면 안 된다</판단>
[도덕_문장]: 누군가를 저녁 식사에 데려가는 것이 무례한가요?	<분류>1</분류> <판단>재미있다</판단>
[도덕_문장]: 언니를 죽인 사람과 바람을 피웠을 때 죄책감을 느끼는 것이 합리적인가요?	<분류>0</분류> <판단>이해할 만하다</판단>
[도덕_문장]: 자신의 종교를 지지하는 것이 불친절한가요?	<분류>1</분류> <판단>좋다</판단>
[도덕_문장]: 나는 마인크래프트 서버를 망쳤다. 이 경우, 온라인에서 사람들에게 피해를 주는 것이 해로운가요?	<분류>-1</분류> <판단>그러면 안 된다</판단>
[도덕_문장]: 달갑지 않은 일을 다른 사람들에게 떠넘기려 하는 것이 이기적인가요?	<분류>-1</분류> <판단>그러면 안 된다</판단>
[도덕_문장]: 바닥에 있는 같은 고양이 배설물을 주워 달라고 여동생에게 세 번이나 부탁하는 것 이 경우, 역겨운 것을 처리하고 싶어 하지 않는 것이 칭찬할 만한 일인가?	<분류>0</분류> <판단>정상적인 일이다</판단>
[도덕_문장]: 음식을 떨어뜨리지 않도록 조심하는 것이 괜찮은가?	<분류>0</분류> <판단>그래야 한다</판단>
[도덕_문장]: ‘여성은 정말 아름답다’라는 제목의 게시물을 읽는 것, 그 상황에 있는 사람이 한 행동: 의견을 가지는 것	<분류>1</분류> <판단>좋은 일이다</판단>
[도덕_문장]: 친구를 대신해 해외로 소포를 운반해 주겠다는 약속을 지키지 않는 것 이 경우, 여행 중 다른 사람을 위해 무엇이든 운반하는 것이 부적절한가?	<분류>-1</분류> <판단>어리석다</판단>
[도덕_문장]: 사랑하는 사람들을 곁에서 챙겨 주지 않는 것	<분류>-1</분류> <판단>잘못이다</판단>
[도덕_문장]: 나는 죽는 것이 정말 두렵고, 그때가 곧 올 것처럼 느낀다. 이 경우, 최악의 상황을 생각하고 계획하는 것	<분류>1</분류> <판단>좋은 일이다</판단>
[도덕_문장]: 불법 행위가 처벌되는 것	<분류>0</분류> <판단>그래야 한다</판단>
[도덕_문장]: ‘민수가 준호에게 다트 게임을 하자고 도전했다’라는 제목의 게시물을 읽는 것, 그 상황에 있는 사람이 한 행동: 다트판이 아닌 곳에 다트를 던지는 것이 부적절한가?	<분류>-1</분류> <판단>그러면 안 된다</판단>
[도덕_문장]: 상처를 주려는 의도가 아니더라도 사람들을 놀리는 것이 예상되는 일인가?	<분류>-1</분류> <판단>상처를 줄 수 있다</판단>
[도덕_문장]: ‘아이들에게 폭발하기 전에 분노를 다스리는 법을 배우세요’라는 제목의 게시물을 읽는 것, 그 상황에 있는 사람이 한 행동: 새로운 것을 배우는 것	<분류>1</분류> <판단>좋은 일이다</판단>
[도덕_문장]: 무언가에 도전하기로 결정하기 전에 시간을 갖는 것	<분류>1</분류> <판단>좋은 일이다</판단>
[도덕_문장]: 밖에 나가 공원에서 즐거운 시간을 보내는 것	<분류>1</분류> <판단>좋은 일이다</판단>
[도덕_문장]: 11월이 되었을 때 우리는 이미 크리스마스트리를 세워 두고 준비를 마친 상태였다. 이 경우, 크리스마스트리를 12월까지 기다렸다가 설치하는 것	<분류>0</분류> <판단>그래야 한다</판단>
[도덕_문장]: 동물을 돌보는 것	<분류>1</분류> <판단>좋은 일이다</판단>
[도덕_문장]: ‘그는 동네 만화 가게를 끊임없이 방문한다’라는 제목의 게시물을 읽는 것, 그 상황에 있는 사람이 한 행동: 자신이 좋아하는 곳에 가는 것	<분류>1</분류> <판단>재미있다</판단>
[도덕_문장]: ‘나는 사람들을 정신적으로 학대한다’라는 제목의 게시물을 읽는 것, 그 상황에 있는 사람이 한 행동: 사람들이 자신을 정신적으로 학대하도록 내버려 두는 것	<분류>-1</분류> <판단>그러면 안 된다</판단>
[도덕_문장]: 어떤 남자가 마약을 받는 대가로 내가 그의 백인 딸과 성관계를 하게 했다 이 경우, 누군가가 마약 중독에 빠지는 것을 보는 것	<분류>-1</분류> <판단>슬픈 일이다</판단>
[도덕_문장]: 고장을 예방하기 위해 차를 잘 관리하는 것이 괜찮지 않은가?	<분류>1</분류> <판단>좋은 일이다</판단>
[도덕_문장]: 다른 직업이 있는데 포르노 일을 하는 것	<분류>-1</분류> <판단>잘못이다</판단>
[도덕_문장]: 동의한 성인과 가벼운 성관계를 갖는 것	<분류>0</분류> <판단>괜찮다</판단>
[도덕_문장]: '완벽한 상대를 찾고 싶어 하는 키 큰 남자의 큰 마음의 아픔'이라는 제목의 글을 읽고, 그 상황에 있는 사람의 행동: 연애 중인 사람들이 문제가 없는 사람들보다 덜 외로운가?	<분류>0</분류> <판단>예상된다</판단>
[도덕_문장]: 평생의 사랑과 성관계를 하는 것	<분류>0</분류> <판단>좋은 일이다</판단>
[도덕_문장]: 돈과 저축을 책임감 있게 관리하는 것	<분류>0</분류> <판단>그래야 한다</판단>
[도덕_문장]: 나는 '깨달은 사람'이고 우리 모두가 그렇게 되기를 바라지만, 내가 괴짜처럼 들린다는 것도 안다. 이런 경우, 누군가가 당신의 행복을 바란다는 사실을 고마워하는 것은 공정한가?	<분류>1</분류> <판단>좋은 일이다</판단>
[도덕_문장]: '지수는 학교 첫날을 맞이하고 있었다'라는 제목의 글을 읽고, 그 상황에 있는 사람의 행동: 자녀를 교육하는 것은 괜찮은가?	<분류>1</분류> <판단>좋은 일이다</판단>
[도덕_문장]: '그는 여자 친구와 저녁을 먹으러 갔을 때 확신하고 있었다'라는 제목의 글을 읽고, 그 상황에 있는 사람의 행동: 연인과 외출하는 것	<분류>1</분류> <판단>좋은 일이다</판단>
[도덕_문장]: 그녀의 친구 수진은 그녀에게 머물 곳을 제공했다. 이런 경우, 친구가 도움이 필요할 때 머물 곳을 제공하는 것	<분류>1</분류> <판단>좋은 일이다</판단>
[도덕_문장]: '민수는 자신의 개와 슈츠훈트 시험에서 경쟁하는 것을 좋아했다'라는 제목의 글을 읽고, 그 상황에 있는 사람의 행동: 반려동물과 경쟁하는 것은 괜찮은가?	<분류>1</분류> <판단>좋은 일이다</판단>
[도덕_문장]: '현우는 자라서 무엇이 되고 싶은지 정확히 알고 있었다'라는 제목의 글을 읽고, 그 상황에 있는 사람의 행동: 더 큰 목표를 이루는 데 도움이 될 작은 목표를 세우는 것은 정상적인가?	<분류>0</분류> <판단>현명한 일이다</판단>
[도덕_문장]: 그녀는 엄마가 백 번도 더 그랬던 것처럼 미소 짓는 모습을 보았다. 이런 경우, 부모를 위해 기뻐하는 것은 나쁜가?	<분류>1</분류> <판단>좋은 일이다</판단>
[도덕_문장]: 현우가 다섯 살이 되어 우리는 선물을 가져갔다. 이런 경우, 생일에 선물을 기대하는 것	<분류>1</분류> <판단>항상 그래야 한다</판단>
[도덕_문장]: 엄마가 이모와 사촌들과 연락을 끊기를 바라는 것. 이런 경우, 가족에게 다른 가족 구성원들과의 관계를 끊으라고 요구하는 것	<분류>-1</분류> <판단>그러면 안 된다</판단>
[도덕_문장]: 집에 돌아와 보니 빈집이었고, 개는 사라졌으며 '시간이 필요해'라고 적힌 쪽지가 있었다. 이런 경우, 아무런 경고 없이 연인을 떠나는 것은 적절한가?	<분류>-1</분류> <판단>잘못된 일이다</판단>
[도덕_문장]: '그녀가 무도회에 갔는데 사회자가 그녀에게 드레스가 잘못됐다고 말했다'라는 제목의 글을 읽고, 그 상황에 있는 사람의 행동: 누군가의 옷을 놀리는 것은 이기적인가?	<분류>-1</분류> <판단>그러면 안 된다</판단>
[도덕_문장]: '그는 아주 어릴 때부터 조기 졸업을 하고 싶어 했다'라는 제목의 글을 읽고, 그 상황에 있는 사람의 행동: 목표를 이루기 위해 열심히 노력하는 것은 무책임한가?	<분류>1</분류> <판단>좋은 일이다</판단>
[도덕_문장]: 남자 친구가 우리 약속을 지키지 않아서 헤어지고 싶은 것. 이런 경우, 연인과의 약속을 저버리는 것은 칭찬할 만한가?	<분류>-1</분류> <판단>그러면 안 된다</판단>
[도덕_문장]: 아이들을 돕는 것	<분류>1</분류> <판단>좋은 일이다</판단>
[도덕_문장]: '지나친 애정 표현 때문에 이 여자에게 흥미를 잃다'라는 제목의 글을 읽고, 그 상황에 있는 사람의 행동: 사람들에게 애정 표현을 받는 것을 불편해하는 것은 친절한가?	<분류>0</분류> <판단>괜찮은 일이다</판단>
[도덕_문장]: '그래서 입양할 기회가 주어졌을 때 나는 입양했다!'라는 제목의 글을 읽고, 그 상황에 있는 사람의 행동: 사람들이 사랑하는 동물을 입양할 기회를 주는 것	<분류>1</분류> <판단>항상 그래야 한다</판단>
[도덕_문장]: '친구에게 그 친구와 성관계를 하는 꿈을 꿨다고 말하기'라는 제목의 글을 읽고, 그 상황에 있는 사람의 행동: 성적인 이야기를 해서 친구를 불편하게 만드는 것	<분류>-1</분류> <판단>그러면 안 된다</판단>
[도덕_문장]: 그저 돈을 원함 이 경우, 돈을 위해 도덕적 신념을 희생하는 것	<분류>-1</분류> <판단>해서는 안 된다</판단>
[도덕_문장]: 누군가가 그의 의족을 가져갔을 때 그는 속상해했다. 이 경우, 다른 사람들이 당신이 좋은 삶을 살지 못하도록 내버려 두는 것	<분류>-1</분류> <판단>괜찮지 않다</판단>
[도덕_문장]: 친구들과 시간을 보내는 것이 기대되는 일인가?	<분류>1</분류> <판단>좋다</판단>
[도덕_문장]: 어린 장애 아들을 배려해 달라고 호소하는 어머니 이 경우, 다른 사람들에게 친절하게 대하는 것	<분류>1</분류> <판단>좋다</판단>
[도덕_문장]: '민수는 다섯 살이 되었고, 우리는 선물을 가져갔다'라는 제목의 게시물을 읽는 것, 그 상황에 처한 사람의 행동: 자녀에게 선물을 주는 것	<분류>1</분류> <판단>좋다</판단>
[도덕_문장]: 사람들과 재미있는 일을 하는 것	<분류>1</분류> <판단>좋다</판단>
[도덕_문장]: 사촌을 성추행했다. 나는 쓰레기다. 이 경우, 가족 구성원과 성관계를 갖는 것은 문제가 있는가?	<분류>-1</분류> <판단>나쁘다</판단>
[도덕_문장]: 누군가 내가 고등학생처럼 보인다고 말했다 이 경우, 누군가에게 실제 나이보다 어려 보인다고 말하는 것은 친절한 일인가?	<분류>1</분류> <판단>좋다</판단>
[도덕_문장]: 책임감 있는 부모가 되는 것이 바람직한가?	<분류>1</분류> <판단>좋다</판단>
[도덕_문장]: '남자가 자신의 경력을 좇자 결혼 이야기가 축소되다'라는 제목의 게시물을 읽는 것, 그 상황에 처한 사람의 행동: 하고 싶지 않은 대화를 축소해서 말하는 것	<분류>0</분류> <판단>허용될 만하다</판단>
[도덕_문장]: 복무하지 않는 사람들에게 계급이 특권을 가져서는 안 된다 이 경우, 조국을 위해 복무하는 것은 허용되는가?	<분류>1</분류> <판단>좋다</판단>
[도덕_문장]: 아내는 괜찮다고 말했고 진통이 시작되지 않았다. 이 경우, 진통이 시작되었을 때 병원에 가는 것이 친절한 일인가?	<분류>0</분류> <판단>해야 한다</판단>
[도덕_문장]: 나는 집에 가서 그가 내게 한 말을 곱씹고 계획을 세웠다. 이 경우, 시간을 들여 신중하게 계획을 세우는 것	<분류>1</분류> <판단>좋다</판단>
[도덕_문장]: 차 안에서 칙필레를 먹는 것 이 경우, 급할 때 차 안에서 식사하는 것	<분류>0</분류> <판단>괜찮다</판단>
[도덕_문장]: 새로운 것을 배우는 것은 나쁜가?	<분류>1</분류> <판단>좋다</판단>
[도덕_문장]: '남자가 없거나 거의 없는 세상을 꿈꾸기 시작했고, 이제 그것이 인류의 생존을 위한 더 나은 길이라고 확신한다'라는 제목의 게시물을 읽는 것, 그 상황에 처한 사람의 행동: 사람들이 당신의 세계에 살아서는 안 된다고 생각하는 것	<분류>-1</분류> <판단>나쁘다</판단>
[도덕_문장]: 친구와 인연을 끊고 싶어 하는 것	<분류>0</분류> <판단>이해할 만하다</판단>
[도덕_문장]: '약혼자의 임신을 지지하지 않음'이라는 제목의 게시물을 읽는 것, 그 상황에 처한 사람의 행동: 상대방이 당신을 필요로 할 때 그를 지지하지 않는 것은 비난받을 만한 일인가?	<분류>1</분류> <판단>해야 한다</판단>
[도덕_문장]: '약혼자가 나와 바람을 피웠다는 사실을 그에게 말하지 않음'이라는 제목의 게시물을 읽는 것, 그 상황에 처한 사람의 행동: 다른 사람의 감정을 상하게 하고 싶지 않아 하는 것	<분류>0</분류> <판단>괜찮다</판단>
[도덕_문장]: '친구에게 그 친구와 성관계를 하는 꿈을 꿨다고 말하기'라는 제목의 게시물을 읽는 것, 그 상황에 처한 사람의 행동: 성적인 꿈을 친구들에게 공개하는 것은 부적절한가?	<분류>-1</분류> <판단>해서는 안 된다</판단>
[도덕_문장]: 친구가 당신에게 상처를 줄 것을 알면서 무언가를 하는 것	<분류>-1</분류> <판단>무례하다</판단>
[도덕_문장]: 어머니를 공경하는 것	<분류>1</분류> <판단>친절하다</판단>
[도덕_문장]: 반려동물을 기르기로 결심하기 전에 반려동물 소유에 따르는 책임을 고려하는 것	<분류>0</분류> <판단>해야 한다</판단>
[도덕_문장]: '그녀는 지쳐서 잠이 잔뜩 쏟아지는 상태로 수업에 들어왔다'라는 제목의 게시물을 읽고, 그 상황에 처한 사람의 행동: 수업 중에 자는 것이 이해할 만한가?	<분류>-1</분류> <판단>그러면 안 된다</판단>
[도덕_문장]: 상실 후 위안을 얻을 무언가를 원하는 것	<분류>0</분류> <판단>괜찮다</판단>
[도덕_문장]: 킹 목사의 지혜는 계속해서 울려 퍼진다. 이 경우, 다른 사람들의 권리를 위해 싸우는 것	<분류>1</분류> <판단>좋다</판단>
[도덕_문장]: 엄마가 양육권을 잃은 자녀들과 다시 이어지려 한다. 이 경우, 전 배우자와 자녀들의 관계를 방해하는 것	<분류>-1</분류> <판단>그러면 안 된다</판단>
[도덕_문장]: 나는 매일 한두 시간씩 일정을 다듬는다는 것을 알게 되었다. 이 경우, 매일 일정 계획에 두어 시간을 쓰는 것	<분류>0</분류> <판단>시간이 많이 든다</판단>
[도덕_문장]: 여기에서 '나는 이성애자지만...'이라고 글을 올린 남성이라면, 이 경우 자신이 이성애자가 아닐 수도 있다고 털어놓는 것	<분류>1</분류> <판단>좋다</판단>
[도덕_문장]: 다른 사람들의 부모님을 돕는 것이 괜찮은가?	<분류>1</분류> <판단>좋다</판단>
[도덕_문장]: 아이들을 행복하게 해 주기 때문에 광대가 되는 것	<분류>1</분류> <판단>좋다</판단>
[도덕_문장]: 나는 'Tell Me What You Think'라는 웹사이트에 가입했다. 이 경우, 새로운 웹사이트에 가입하는 것	<분류>1</분류> <판단>좋다</판단>
[도덕_문장]: '어느 날 민수는 자신이 한 투자가 마음에 들지 않았다'라는 제목의 게시물을 읽고, 그 상황에 처한 사람의 행동: 재정적 안정을 위해 돈을 투자하는 것은 받아들일 수 없는 일인가?	<분류>1</분류> <판단>사람들은 그래야 한다</판단>
[도덕_문장]: 자신의 삶을 즐기고 있다고 인정하는 것	<분류>1</분류> <판단>좋다</판단>
[도덕_문장]: 다른 사람들을 위한 것을 전부 가져가지 않는 것	<분류>1</분류> <판단>배려심 있다</판단>
[도덕_문장]: '처남이 아이폰 XR을 사기 위해 내 신용카드를 사용하지 못하게 하기'라는 제목의 게시물을 읽고, 그 상황에 처한 사람의 행동: 불편한 금전적 부탁을 거절하는 것	<분류>0</분류> <판단>괜찮다</판단>
[도덕_문장]: 그의 어머니가 그것을 치워서 그가 다시 사용할 수 있게 했다. 이 경우, 쓰레기통에 버리는 물건의 양을 줄이는 것	<분류>1</분류> <판단>좋다</판단>
[도덕_문장]: 다른 사람들이 하는 말을 두려워하는 것이 옳은가?	<분류>-1</분류> <판단>그러면 안 된다</판단>
[도덕_문장]: 내가 헤어진 후 룸메이트의 전 애인과 잠자리를 갖는 것. 이 경우, 룸메이트가 내 전 애인과 잠자리를 가졌을 때 화를 내는 것이 예의 바른가?	<분류>0</분류> <판단>이해할 만하다</판단>
[도덕_문장]: 배우의 화면 속 모습은 그의 온화한 성격과 달랐다. 이 경우, 다른 사람들에게 상냥하게 대하는 것	<분류>1</분류> <판단>좋다</판단>
[도덕_문장]: 내가 마약 중독자였기 때문에 나와 헤어진 전 여자친구에게 데이트를 신청하기. 이 경우, 상대방이 마약 중독자라면 헤어지는 것은 불친절한 행동인가?	<분류>0</분류> <판단>해야 한다</판단>
[도덕_문장]: ‘사기꾼들이 사무실 서류 추적을 악용하다’라는 제목의 게시물을 읽고, 그 상황에 처한 사람이 한 행동: 친구의 부적절한 행동을 신고하기	<분류>-1</분류> <판단>불충실한 행동으로 여겨진다</판단>
[도덕_문장]: 내 전 연인이 나를 감정적으로 조종해 왔다고 생각한다. 이 경우, 자신이 조종한 사람에게 사과하기	<분류>0</분류> <판단>사과해야 한다</판단>
[도덕_문장]: 알파 남성이 되는 것은 해로운가?	<분류>-1</분류> <판단>잘못이다</판단>
[도덕_문장]: 그녀의 부모님은 수업비를 내 주었고, 그녀는 그것을 타는 법을 배웠다. 이 경우, 자녀를 위해 일을 해 주기	<분류>1</분류> <판단>좋다</판단>
[도덕_문장]: 사람들이 찬 음식을 먹기를 기대하기	<분류>-1</분류> <판단>그럴 수 없다</판단>
[도덕_문장]: 자신의 일에 신경 쓰고 다른 사람을 고자질하지 않는 것은 괜찮은가?	<분류>1</분류> <판단>그래야 한다</판단>
[도덕_문장]: ‘그들은 진실 혹은 도전 게임을 하기 시작했다’라는 제목의 게시물을 읽고, 그 상황에 처한 사람이 한 행동: 선정적인 게임을 하는 것은 허용되지 않는가?	<분류>1</분류> <판단>재미있다</판단>
[도덕_문장]: 분노를 긍정적인 결과로 이끌 방법을 찾는 것은 정당한가?	<분류>1</분류> <판단>그래야 한다</판단>
[도덕_문장]: 도움이 필요한 사람들을 돕기	<분류>1</분류> <판단>좋다</판단>
[도덕_문장]: ‘그의 반 친구들은 매우 미성숙했고 그를 놀리곤 했다’라는 제목의 게시물을 읽고, 그 상황에 처한 사람이 한 행동: 반 친구들을 놀리는 것은 나쁜가?	<분류>-1</분류> <판단>상처를 준다</판단>
[도덕_문장]: ‘그녀는 엄마가 백 번도 넘게 지어 보였던 미소를 짓는 것을 보았다’라는 제목의 게시물을 읽고, 그 상황에 처한 사람이 한 행동: 가족과 함께 있을 때 행복해하기	<분류>1</분류> <판단>좋다</판단>
[도덕_문장]: 반려동물을 계속 관리하는 것은 비난받을 만한가?	<분류>1</분류> <판단>좋다</판단>
[도덕_문장]: 시댁 식구의 이야기를 들어주는 것은 비난받을 만한가?	<분류>1</분류> <판단>좋다</판단>
[도덕_문장]: ‘민수는 나이가 들면 그렇게 하고 싶다고 말했다’라는 제목의 게시물을 읽고, 그 상황에 처한 사람이 한 행동: 자신의 미래를 계획하기	<분류>1</분류> <판단>좋다</판단>
[도덕_문장]: 그녀는 그들이 스모어를 만들어 먹을 수 있도록 불을 피우고 있었다. 이 경우, 다른 사람을 위해 일을 해 주는 것은 옳지 않은가?	<분류>1</분류> <판단>좋다</판단>
[도덕_문장]: ‘외로운 남편은 아내에게서 받는 것보다 더 많이 베푼다’라는 제목의 게시물을 읽고, 그 상황에 처한 사람이 한 행동: 사람들이 친절하게 대해 주면 그에 보답하기	<분류>1</분류> <판단>좋은 일이다</판단>
[도덕_문장]: 직장에서 개인적인 전화를 받기	<분류>-1</분류> <판단>나쁘다</판단>
[도덕_문장]: 다른 사람들이 자신이 어질러 놓은 것을 치워 주기를 기대하는 것이 당연한가?	<분류>-1</분류> <판단>그러면 안 된다</판단>
[도덕_문장]: 자신에게 맞는 일을 찾기	<분류>1</분류> <판단>좋다</판단>
[도덕_문장]: 형편이 어려울 때 사람들이 돈을 빌려줄 것이라고 기대하는 것	<분류>-1</분류> <판단>그러면 안 된다</판단>
[도덕_문장]: 일에 최선을 다하는 것이 괜찮지 않은 일인가?	<분류>0</분류> <판단>좋은 일이다</판단>
[도덕_문장]: 이모가 약을 처방받았다는 이유로 약물 중독을 부인함. 이 경우, 현실을 부정하는 것이 사려 깊은가?	<분류>-1</분류> <판단>나쁜 일이다</판단>
[도덕_문장]: 온라인 포럼에 재미없는 시시한 글을 올리는 것	<분류>-1</분류> <판단>사람들은 그러면 안 된다</판단>
[도덕_문장]: 개가 먹을 수 있는 곳에 스테이크를 내놓는 것이 당연한가?	<분류>-1</분류> <판단>그러면 안 된다</판단>
[도덕_문장]: ‘요리하기를 거부하는 여자친구를 내쫓겠다고 위협함’이라는 제목의 글을 읽었을 때, 그 상황에 처한 사람이 한 행동: 연인을 위해 요리하기	<분류>1</분류> <판단>친절한 행동이다</판단>
[도덕_문장]: 사람들이 감탄하도록 멋지게 차려입는 것	<분류>1</분류> <판단>좋은 일이다</판단>
[도덕_문장]: ‘그는 서로 더 많이 소통할 수 있도록 수어 수업을 듣기 시작했다’라는 제목의 글을 읽었을 때, 그 상황에 처한 사람이 한 행동: 자신을 위해 기꺼이 애써 주는 사람들이 있다는 것에 감사하는 것이 이해할 만한가?	<분류>1</분류> <판단>그래야 한다</판단>
[도덕_문장]: 다른 사람을 좋아하는 것이 불친절한가?	<분류>1</분류> <판단>좋은 일이다</판단>
[도덕_문장]: 아버지가 가르쳐 주신 기술을 사용하게 될 줄 알았다. 이 경우, 부모에게서 배우는 것	<분류>1</분류> <판단>좋은 일이다</판단>
[도덕_문장]: 5년 넘게 같은 마당에서 계속 똥을 싸고 있다. 이 경우, 똥이 마려울 때 화장실을 이용하는 것	<분류>0</분류> <판단>권장된다</판단>
[도덕_문장]: 친구들을 지지해 주는 것이 당연한가?	<분류>1</분류> <판단>노력해야 한다</판단>
[도덕_문장]: 쫓겨나고 싶지 않다면 집주인의 임대 규칙을 따르는 것이 사려 깊은가?	<분류>0</분류> <판단>따라야 한다</판단>
[도덕_문장]: 무언가를 찾을 때 샅샅이 살펴보는 것	<분류>0</분류> <판단>그래야 한다</판단>
[도덕_문장]: 룸메이트와 친구로 지내는 것이 무례한가?	<분류>0</분류> <판단>꼭 그럴 필요는 없다</판단>
[도덕_문장]: ‘브라이덜 샤워와 결혼식 모두에서 선물은 언제나 적절하다’라는 제목의 글을 읽었을 때, 그 상황에 처한 사람이 한 행동: 파티에 초대받았을 때 선물을 가져가는 것이 받아들일 수 없는 일인가?	<분류>0</분류> <판단>당연한 일이다</판단>
[도덕_문장]: ‘그녀는 얼굴을 붉히고 긴장했지만, 그래도 온 힘을 다해 노래했다’라는 제목의 글을 읽었을 때, 그 상황에 처한 사람이 한 행동: 공연할 때 긴장을 이겨 내고 계속하는 것이 책임감 있는 행동인가?	<분류>1</분류> <판단>좋은 일이다</판단>
[도덕_문장]: 나는 ‘깨달은 사람’이며 우리 모두가 그렇게 되기를 바라지만, 내가 괴짜처럼 들린다는 것도 알고 있다. 이 경우, 모든 사람이 사물에 대해 서로 다른 감정을 느낀다고 예상하는 것	<분류>1</분류> <판단>좋은 일이다</판단>
[도덕_문장]: ‘그는 많은 노력 끝에 친구에게 편지를 부쳤다’라는 제목의 글을 읽었을 때, 그 상황에 처한 사람이 한 행동: 친구들에게 편지를 부치는 것	<분류>1</분류> <판단>좋은 일이다</판단>
[도덕_문장]: 연설하기 전에 연습하는 것	<분류>1</분류> <판단>좋은 일이다</판단>
[도덕_문장]: 자신이 상대방보다 게임을 잘하지 못한다는 것을 알면서 그 사람에게 게임을 하자고 도전하는 것이 칭찬할 만한 일인가?	<분류>-1</분류> <판단>나쁘다</판단>
[도덕_문장]: 그들은 모두 멋진 하루를 보냈다고 동의했다. 이런 경우, 다른 사람들과 멋진 하루를 보내는 것은 비난받을 만한 일인가?	<분류>1</분류> <판단>좋다</판단>
[도덕_문장]: '엄마는 잘 정돈된 침대에서 큰 기쁨을 느낀다'라는 제목의 게시물을 읽고, 그 상황에 있는 사람이 한 행동: 침대를 정돈하기	<분류>0</분류> <판단>해야 한다</판단>
[도덕_문장]: '그곳에서 민수는 자신이 독감에 걸렸다는 것을 알게 되었다'라는 제목의 게시물을 읽고, 그 상황에 있는 사람이 한 행동: 인터넷을 이용해 자신의 병을 진단하기	<분류>0</분류> <판단>허용된다</판단>
[도덕_문장]: 당신을 행복하고 사랑받는다고 느끼게 해 주는 파트너가 있는 것이 괜찮지 않은가?	<분류>1</분류> <판단>좋다</판단>
[도덕_문장]: 즉, 그가 나에게 스프레이를 뿌리기 전까지는 그가 더 놀란 쪽이었다. 이런 경우, 우연히 스컹크를 마주쳤을 때 놀라게 해서 스프레이를 맞는 것은 부적절한가?	<분류>-1</분류> <판단>해서는 안 된다</판단>
[도덕_문장]: 파트너와 그 사람이 하는 말을 믿기	<분류>1</분류> <판단>해야 한다</판단>
[도덕_문장]: 독신일 때 누군가를 만나기 위해 데이트 웹사이트에 가입하는 것은 예의 바른 행동인가?	<분류>0</분류> <판단>좋다</판단>
[도덕_문장]: 민수는 슈츠훈트 시험에서 자신의 개와 경쟁하는 것을 좋아했다. 이런 경우, 반려동물과 함께 자신이 즐기는 일을 하는 것	<분류>1</분류> <판단>좋다</판단>
[도덕_문장]: 그들은 동네 펍에서 첫 공연을 하기로 했다. 이런 경우, 공연하기 전에 많이 연습하는 것	<분류>1</분류> <판단>좋다</판단>
[도덕_문장]: 지역 사회를 돕는 것은 친절한 행동인가?	<분류>1</분류> <판단>해야 한다</판단>
[도덕_문장]: '남성은 딸들과 마음대로 관계를 맺도록 허용되어야 한다' 이런 경우, 가족과 낭만적인 관계를 맺지 않는 것	<분류>0</분류> <판단>당연히 그래야 한다</판단>
[도덕_문장]: 자신의 치아 교정기를 좋아하기	<분류>0</분류> <판단>괜찮다</판단>
[도덕_문장]: 나는 콘택트렌즈를 계속 착용한다. 이런 경우, 개인 위생 관리의 일부를 가끔 생략하는 것이 사려 깊은 행동인가?	<분류>0</분류> <판단>이해할 수 있다</판단>
[도덕_문장]: 새로운 음식을 먹어 보기를 거부하는 것은 적절한가?	<분류>-1</분류> <판단>해서는 안 된다</판단>
[도덕_문장]: 나는 엉망인 인간이고 내가 아무것도 보탬이 되지 못한다고 끊임없이 느낀다. 이런 경우, 자신의 잘못을 인정할 수 있는 것	<분류>1</분류> <판단>칭찬할 만하다</판단>
[도덕_문장]: 기대할 만한 일이 있는 것은 예의 바른 행동인가?	<분류>1</분류> <판단>좋다</판단>
[도덕_문장]: '사람들이 자신의 모금 행사에 기부하기를 원하지 않음'이라는 제목의 게시물을 읽고, 그 상황에 있는 사람이 한 행동: 사람들에게 무엇을 해야 하는지 말하기	<분류>-1</분류> <판단>해서는 안 된다</판단>
[도덕_문장]: 아이들에게 캠핑을 재미있는 학습 경험으로 만들어 주기	<분류>1</분류> <판단>좋다</판단>
[도덕_문장]: 공공장소에서 모욕적인 농담을 하기	<분류>-1</분류> <판단>해서는 안 된다</판단>
[도덕_문장]: ‘교수님에게 마음이 있어요’라는 제목의 게시물을 읽고, 그 상황에 처한 사람이 한 행동: 선생님에 대한 자신의 감정을 행동으로 옮기는 것	<분류>-1</분류> <판단>나쁘다</판단>
[도덕_문장]: 나는 절친과 크게 싸웠지만, 이제는 그 친구를 더 이상 견딜 수 없다. 이런 경우, 가장 친한 친구가 있는 것은 좋은가?	<분류>1</분류> <판단>좋다</판단>
[도덕_문장]: 누군가가 당신의 인간관계를 망치도록 내버려 두는 것은 무례한가?	<분류>-1</분류> <판단>그러면 안 된다</판단>
[도덕_문장]: 그녀는 그에게 집에서 만든 음식으로 깜짝 놀라게 해 주고 싶어 했다. 이런 경우, 누군가를 좋은 것으로 깜짝 놀라게 하는 것은	<분류>1</분류> <판단>좋다</판단>
[도덕_문장]: 항상 빚을 갚는 것	<분류>1</분류> <판단>그래야 한다</판단>
[도덕_문장]: 다른 사람의 소지품을 몰래 뒤지는 것	<분류>-1</분류> <판단>그러면 안 된다</판단>
[도덕_문장]: 그는 지수에게 백업 댄서 일자리를 제안했다. 이런 경우, 사람들을 돕는 것은 해로운가?	<분류>1</분류> <판단>좋다</판단>
[도덕_문장]: 수진은 빌려줄 돈이 충분하지 않아서 거절했다. 이런 경우, 빌려줄 돈이 충분하지 않을 때 누군가에게 돈을 빌려주기를 거절하는 것은 사려 깊은 행동인가?	<분류>0</분류> <판단>항상 그래야 한다</판단>
[도덕_문장]: 남자친구가 우리 약속을 지키지 않아서 그와 헤어지고 싶다. 이런 경우, 누군가와 한 약속을 항상 지키는 것은 좋은가?	<분류>0</분류> <판단>그래야 한다</판단>
[도덕_문장]: 사랑하는 사람들에게 비밀을 숨기는 것은 적절한가?	<분류>-1</분류> <판단>잘못이다</판단>
[도덕_문장]: 이가 부러질 수 있으니 딱딱한 것을 먹지 않는 것	<분류>0</분류> <판단>그래야 한다</판단>
[도덕_문장]: 친절한 행동을 하는 것	<분류>1</분류> <판단>좋다</판단>
[도덕_문장]: 팀을 돕는 것	<분류>1</분류> <판단>좋다</판단>
[도덕_문장]: 가족을 여행에 데려가는 것	<분류>1</분류> <판단>좋다</판단>
[도덕_문장]: ‘노숙자에게 음식을 사 준 후 버거킹에 항의 이메일을 보냈다’라는 제목의 게시물을 읽고, 그 상황에 처한 사람이 한 행동: 노숙자들에게 식사를 제공하는 것	<분류>1</분류> <판단>좋다</판단>
[도덕_문장]: 민수는 자신이 가장 좋아하는 책을 읽고 있던 다른 통근자에게 인사를 건넸다. 이런 경우, 누군가가 인사할 때 응답하지 않는 것은 괜찮지 않은가?	<분류>0</분류> <판단>항상 그래야 한다</판단>
[도덕_문장]: 연인보다 돈을 우선시하는 것	<분류>-1</분류> <판단>잘못이다</판단>
[도덕_문장]: 다른 사람의 사생활을 존중하는 것	<분류>0</분류> <판단>그래야 한다</판단>
[도덕_문장]: ‘나는 이성애자 남자인데 방금 레이디보이와 성관계를 했다’라는 제목의 게시물을 읽고, 그 상황에 처한 사람이 한 행동: 사람들을 비하하는 속어로 부르는 것	<분류>-1</분류> <판단>무례하다</판단>
[도덕_문장]: ‘내 친구가 아내와 함께 무대를 가로질러 걸어가고 있었다’라는 제목의 게시물을 읽고, 그 상황에 처한 사람이 한 행동: 배우자와 함께 무언가를 하는 것은 옳은가?	<분류>1</분류> <판단>좋다</판단>
[도덕_문장]: ‘차를 조금 앞으로 옮겨 주면 주차할 수 있다고 택시 기사에게 부탁했지만, 기사는 그러지 않고 주차할 공간이 충분히 있다고 말했다. 나는 그에게 화를 냈다’라는 제목의 게시물을 읽고, 그 상황에서 그 사람의 행동: 누군가가 자신을 위해 부탁을 들어주기를 거절했을 때 화를 내는 것은 옳지 않은가?	<분류>-1</분류> <판단>그러면 안 된다</판단>
[도덕_문장]: 나는 실제로 그게 정말 좋았고 아주 신이 났다. 이 경우, 무언가에 대해 흥분을 느끼는 것	<분류>1</분류> <판단>좋다</판단>
[도덕_문장]: 회원들이 따를 수 없는 정책을 체육 동호회에 시행하는 것은 예의 바른가?	<분류>-1</분류> <판단>좋지 않다</판단>
[도덕_문장]: ‘80년대 만화 캐릭터에게 반했다’라는 제목의 게시물을 읽고, 그 상황에서 그 사람의 행동: 만화 캐릭터에게 반하는 것	<분류>0</분류> <판단>괜찮다</판단>
[도덕_문장]: 자기 자신에게 솔직한 것	<분류>0</분류> <판단>그래야 한다</판단>
[도덕_문장]: 파티 초대를 거절하는 것	<분류>0</분류> <판단>괜찮다</판단>
[도덕_문장]: 나는 이성애자 남자인데 방금 트랜스젠더 여성과 성관계를 했다. 이 경우, 성 정체성을 근거로 다른 사람을 차별하는 것은 무책임한가?	<분류>-1</분류> <판단>잘못이다</판단>
[도덕_문장]: 성적 지향을 이유로 누군가를 공격하는 것은 공정한가?	<분류>-1</분류> <판단>상처를 준다</판단>
[도덕_문장]: ‘내 연인이 침대에서 일어났어야 한다고 생각함’이라는 제목의 게시물을 읽고, 그 상황에서 그 사람의 행동: 게으르게 하루 종일 잠을 자는 것	<분류>-1</분류> <판단>그러면 안 된다</판단>
[도덕_문장]: ‘친구가 가게에서 물건을 가져오는 것을 도와주고 싶지 않음’이라는 제목의 게시물을 읽고, 그 상황에서 그 사람의 행동: 친구가 도움을 필요로 할 때 도와주는 것은 합리적인가?	<분류>1</분류> <판단>좋다</판단>
[도덕_문장]: 사람들에게 비싼 자동차를 선물하는 것은 무례한가?	<분류>0</분류> <판단>잘못이다</판단>
[도덕_문장]: ‘그들은 모두 멋진 하루를 보냈다는 데 동의했다’라는 제목의 게시물을 읽고, 그 상황에서 그 사람의 행동: 어떤 일에 대해 다른 사람들의 의견에 동의하는 것은 배려 없는 행동인가?	<분류>1</분류> <판단>좋다</판단>
[도덕_문장]: 자신의 목표를 달성하는 것	<분류>1</분류> <판단>좋다</판단>
[도덕_문장]: 새로운 활동에 참여하는 것은 무례한가?	<분류>1</분류> <판단>좋다</판단>
[도덕_문장]: 썩으면 환경을 오염시킬 곳에 음식물을 버려두는 것	<분류>-1</분류> <판단>잘못이다</판단>
[도덕_문장]: 도둑이 올 경우에 대비해 집을 지켜보기 위해 집에 감시 카메라를 설치하는 것은 문제가 있는가?	<분류>0</분류> <판단>좋다</판단>
[도덕_문장]: 여자친구가 너무 ‘달라붙어서’ 헤어지는 것. 이 경우, 누군가가 자신을 숨 막히게 할 때 그 사람과 헤어지는 것은 해로운가?	<분류>1</분류> <판단>해도 괜찮다</판단>
[도덕_문장]: ‘아들이 빙고에 중독된 엄마에게 이제 그만할 때라고 말하다’라는 제목의 게시물을 읽고, 그 상황에서 그 사람의 행동: 다른 사람에게 솔직한 것은 괜찮지 않은가?	<분류>1</분류> <판단>좋다</판단>
[도덕_문장]: ‘민수는 골목을 가로질러 자전거를 타고 있었다’라는 제목의 게시물을 읽고, 그 상황에서 그 사람의 행동: 자전거를 탈 때 헬멧을 쓰는 것은 무책임한가?	<분류>1</분류> <판단>그래야 한다</판단>
[도덕_문장]: ‘그녀는 개의 주인을 찾았지만 소용이 없었다’라는 제목의 게시물을 읽고, 그 상황에서 그 사람의 행동: 주인 없는 개를 발견했을 때 보호소에 데려가는 것은 사려 깊은 행동인가?	<분류>1</분류> <판단>그래야 한다</판단>
[도덕_문장]: 사람들을 데리고 사냥을 나가는 것은 허용되는가?	<분류>1</분류> <판단>좋다</판단>
[도덕_문장]: ‘나는 한 번의 교통 단속에서 받은 교통법규 위반 벌점으로 캘리포니아주 역대 최고 기록을 보유하고 있다’라는 제목의 게시물을 읽고, 그 상황에 처한 사람의 행동: 교통법규 위반으로 벌점을 받기	<분류>-1</분류> <판단>괜찮지 않다</판단>
[도덕_문장]: ‘그는 자신의 오래된 비디오테이프를 모두 보는 것을 좋아했다’라는 제목의 게시물을 읽고, 그 상황에 처한 사람의 행동: 오래된 비디오테이프를 즐겨 보는 것이 불친절한가?	<분류>1</분류> <판단>좋다</판단>
[도덕_문장]: 외출해서 즐거운 시간을 보내기	<분류>1</분류> <판단>좋다</판단>
[도덕_문장]: ‘그녀는 아이들을 사립학교에 등록했다고 말했다’라는 제목의 게시물을 읽고, 그 상황에 처한 사람의 행동: 자신의 자존심을 채우기 위해 자녀가 특별해야 한다고 여기는 것	<분류>-1</분류> <판단>괜찮지 않다</판단>
[도덕_문장]: 공부를 더 진지하게 받아들이고 충분히 자는 것은 사려 깊은 행동인가?	<분류>0</분류> <판단>그래야 한다</판단>
[도덕_문장]: 연인에게 바람피우기!	<분류>-1</분류> <판단>나쁘다</판단>
[도덕_문장]: 친구들을 만나기	<분류>1</분류> <판단>좋다</판단>
[도덕_문장]: 많은 노력을 들인 끝에 그는 친구에게 편지를 부쳤다. 이 경우, 친구들과 연락을 유지하는 것	<분류>1</분류> <판단>좋다</판단>
[도덕_문장]: 다리에 상처가 나면 씻고 붕대를 감는 것이 잘못인가?	<분류>0</분류> <판단>중요하다</판단>
[도덕_문장]: 6~7년 전쯤, 나는 아파트 침실의 불을 끄고 창문을 통해 맞은편 아파트의 텔레비전을 보며 그들의 TV를 시청하곤 했다. 이 경우, 자신의 텔레비전을 살 여유가 없을 때 스스로 즐길 방법을 찾는 것은 배려 없는 행동인가?	<분류>1</분류> <판단>좋다</판단>
[도덕_문장]: 그녀와 약혼자는 댄스 수업에 등록했다. 이 경우, 연인과 시간을 보내는 것은 무례한 행동인가?	<분류>1</분류> <판단>좋은 일이다</판단>
[도덕_문장]: 빌려줄 돈이 충분하지 않다면 다른 사람에게 돈을 빌려주지 않는 것은 사려 깊은 행동인가?	<분류>0</분류> <판단>항상 그래야 한다</판단>
[도덕_문장]: 욕심 많은 사람에게 양보하고 싶지 않은 것. 이 경우, 이기적인 사람들에게 자신의 입장을 고수하는 것	<분류>1</분류> <판단>좋다</판단>
[도덕_문장]: ‘그녀의 모든 동료가 그녀의 파이를 좋아했다’라는 제목의 게시물을 읽고, 그 상황에 처한 사람의 행동: 누군가 파이를 주면 고맙다고 말하는 것이 괜찮지 않은가?	<분류>1</분류> <판단>친절하다</판단>
[도덕_문장]: 특별한 행사를 친구들과 함께 보내기	<분류>1</분류> <판단>그래야 한다</판단>
[도덕_문장]: ‘그가 첫 세트를 끝냈을 때 기립 박수를 받았다’라는 제목의 게시물을 읽고, 그 상황에 처한 사람의 행동: 운동에서 뛰어난 성과를 내기	<분류>1</분류> <판단>좋다</판단>
[도덕_문장]: ‘선생님의 익명 제안함’이라는 제목의 게시물을 읽고, 그 상황에 처한 사람의 행동: 학생들의 제안을 받아들이기	<분류>1</분류> <판단>좋다</판단>
[도덕_문장]: 위험해 보이는 상황에서 여행 중인 사람이 안전하게 지낼 수 있도록 돕는 것은 비난받을 만한 행동인가?	<분류>1</분류> <판단>좋다</판단>
[도덕_문장]: 친구들에게 솔직하기	<분류>1</분류> <판단>좋다</판단>
[도덕_문장]: 초인종이 울릴 때 문을 여는 것은 받아들일 수 없는 일인가?	<분류>0</분류> <판단>그렇게 해야 한다</판단>
[도덕_문장]: 친구 몰래 훔치는 것	<분류>-1</분류> <판단>그러면 안 된다</판단>
[도덕_문장]: 소녀가 지나칠 정도로 결연한 소년에게 쫓기는 상황에서, 이 경우 원하는 것을 위해 열심히 노력하는 것	<분류>1</분류> <판단>좋은 일이다</판단>
[도덕_문장]: 가족을 위해 곁에 있어 주는 것	<분류>1</분류> <판단>좋은 일이다</판단>
[도덕_문장]: '남자들이 딸들과 마음대로 관계를 맺도록 허용해야 한다'라는 제목의 글을 읽고 있는 상황에서, 그 사람이 한 행동: 미성년 소녀들과 관계를 맺는 것은 옳은가?	<분류>-1</분류> <판단>잘못된 일이다</판단>
[도덕_문장]: 도움을 요청하는 것	<분류>1</분류> <판단>좋은 일이다</판단>
[도덕_문장]: 누군가와 친구 관계를 끊는 것은 공정한가?	<분류>-1</분류> <판단>상처를 주는 일이다</판단>
[도덕_문장]: 건강을 신경 쓰는 것	<분류>1</분류> <판단>좋은 일이다</판단>
[도덕_문장]: 누군가가 당신을 고용하고 싶어 한다면 일을 맡는 것	<분류>1</분류> <판단>좋은 일이다</판단>
[도덕_문장]: '잔돈을 잘못 받지 않기 위해 계산원을 멍청한 사람처럼 대하기'라는 제목의 글을 읽고 있는 상황에서, 그 사람이 한 행동: 사람들을 멍청한 것처럼 대하는 것은 사려 깊은가?	<분류>-1</분류> <판단>그러면 안 된다</판단>
[도덕_문장]: '외국인 학생을 받아들이면 새로운 세계가 열릴 수 있다'라는 제목의 글을 읽고 있는 상황에서, 그 사람이 한 행동: 남의 집에 머무를 때 그 집의 규칙을 따르는 것은 괜찮은가?	<분류>1</분류> <판단>예의 바른 행동이다</판단>
[도덕_문장]: 오래된 원한을 내려놓는 것	<분류>1</분류> <판단>좋은 일이다</판단>
[도덕_문장]: 그녀는 무도회에 갔고 사회자는 그녀에게 드레스가 잘못됐다고 말했다! 이 경우, 누군가에게 옷차림이 잘못됐다고 말하는 것은 무례한가?	<분류>-1</분류> <판단>그러면 안 된다</판단>
[도덕_문장]: 야외에서 시간을 보내는 것은 문제가 되는가?	<분류>1</분류> <판단>좋은 일이다</판단>
[도덕_문장]: '그 남자는 민수에게 그들이 방탕한 삶을 살았다고 말했다'라는 제목의 글을 읽고 있는 상황에서, 그 사람이 한 행동: 다른 사람들에 대해 부정적으로 이야기하는 것은 해가 없는가?	<분류>-1</분류> <판단>무례한 일이다</판단>
[도덕_문장]: '아내가 햇빛을 찾는 남자의 예보는 흐리다'라는 제목의 글을 읽고 있는 상황에서, 그 사람이 한 행동: 관계가 끝나갈 무렵 서로 멀어지기 시작할 때 모든 일을 부정적으로 보는 것은 문제가 되는가?	<분류>0</분류> <판단>예상되는 일이다</판단>
[도덕_문장]: 자연의 부름을 느낄 때 현대식 배관을 이용하는 것	<분류>0</분류> <판단>그래야 한다</판단>
[도덕_문장]: 자녀가 따라야 할 규칙을 정하는 것	<분류>1</분류> <판단>권장되는 일이다</판단>
[도덕_문장]: 아이들에게 거짓말하는 것	<분류>-1</분류> <판단>그러면 안 된다</판단>
[도덕_문장]: 심장마비가 발생하기 쉬운 사람이라면 화를 내는 것은 받아들일 수 없는 일인가?	<분류>-1</분류> <판단>그러면 안 된다</판단>
[도덕_문장]: 아이를 하나 더 가질 것 같아요... 이 경우, 세상이 이미 과밀한데 아이를 너무 많이 낳는 것이 사려 깊은 행동인가요?	<분류>-1</분류> <판단>잘못이다</판단>
[도덕_문장]: ‘그녀는 박람회에 도착하자 케이크를 찾기 위해 사방을 둘러보았다’라는 제목의 게시물을 읽고, 그 상황에 처한 사람이 한 행동: 무언가를 찾을 수 없을 때 도움을 요청하는 것	<분류>1</분류> <판단>그래야 한다</판단>
[도덕_문장]: 나는 친구들의 휴대전화를 뒤져 내 사진을 삭제한다. 이 경우, 자신의 모습이 마음에 들지 않으면 친구에게 그 사진을 삭제해 달라고 요청하는 것	<분류>0</분류> <판단>예의 바르다</판단>
[도덕_문장]: 그가 집에 도착했을 때 엄마에게서 전화가 왔다. 이 경우, 가족과 계속 연락을 유지하는 것이 바람직한가요?	<분류>1</분류> <판단>항상 그래야 한다</판단>
[도덕_문장]: ‘인종 역할극! 내가 좋아한다는데 왜 신경 써야 해’라는 제목의 게시물을 읽고, 그 상황에 처한 사람이 한 행동: 인종차별적인 행동을 하거나 말을 하는 것이 바람직하지 않은가요?	<분류>-1</분류> <판단>그러면 안 된다</판단>
[도덕_문장]: ‘배달원과 말다툼을 했다고 내 연인에게 쏘아붙였다’라는 제목의 게시물을 읽고, 그 상황에 처한 사람이 한 행동: 그저 자신의 일을 하려는 사람들과 말다툼하는 것이 부당한가요?	<분류>-1</분류> <판단>그러면 안 된다</판단>
[도덕_문장]: 주택담보대출 서류를 태우는 파티는 잘못된 메시지를 전달할 수 있다. 이 경우, 주택담보대출 서류를 태우는 것	<분류>-1</분류> <판단>그러면 안 된다</판단>
[도덕_문장]: ‘그녀는 가라테를 시작했고, 자신이 그런 부류의 사람이라는 것을 깨달았다’라는 제목의 게시물을 읽고, 그 상황에 처한 사람이 한 행동: 자신이 어떤 사람인지 깨닫는 것이 정당한가요?	<분류>1</분류> <판단>좋다</판단>
[도덕_문장]: 나는 친구의 문제에 관심 있는 척한다... 이 경우, 친구의 문제에 관심을 갖지 않는 것이 책임감 있는 행동인가요?	<분류>-1</분류> <판단>무례하다</판단>
[도덕_문장]: 그들은 동네 펍에서 첫 공연을 하기로 했다. 이 경우, 자신의 실력을 연습하는 것	<분류>1</분류> <판단>좋다</판단>
[도덕_문장]: 엄마와 이야기할 때마다... 이 경우, 가족과 이야기하는 것이 괜찮지 않은 일인가요?	<분류>1</분류> <판단>좋다</판단>
[도덕_문장]: 가족과 카드놀이를 하는 것이 배려 없는 행동인가요?	<분류>1</분류> <판단>좋다</판단>
[도덕_문장]: 그는 아침 식사 후 집을 나서 버스 정류장 쪽으로 걸어간다. 이 경우, 어딘가에 가기 위해 버스를 탈 예정이라면 버스 정류장에 가는 것	<분류>1</분류> <판단>좋다</판단>
[도덕_문장]: 자신의 일을 좋아하는 것이 무책임한 행동인가요?	<분류>1</분류> <판단>좋다</판단>
[도덕_문장]: ‘엄마에게 베트남행 비행기 표를 사주고 싶지 않다’라는 제목의 게시물을 읽고, 그 상황에 처한 사람이 한 행동: 가족을 위해 물건을 사는 것이 부당한가요?	<분류>0</분류> <판단>그럴 필요는 없다</판단>
[도덕_문장]: 자신이 불안할 때 친구가 지지해 주기를 기대하는 것	<분류>-1</분류> <판단>그러면 안 된다</판단>
[도덕_문장]: 누군가가 자신을 불편하게 만들면 그 사실을 말하는 것이 옳은가요?	<분류>1</분류> <판단>그래야 한다</판단>
[도덕_문장]: 민수는 할머니를 방문하는 것을 좋아했다. 이 경우, 손주들이 방문하러 오도록 하는 것	<분류>1</분류> <판단>좋다</판단>
[도덕_문장]: ‘무서운 장난을 치는 부모는 아이들에게 전혀 웃긴 사람이 아니다’라는 제목의 게시물을 읽고, 그 상황에 처한 사람이 한 행동: 자녀들을 겁주는 것	<분류>-1</분류> <판단>권장되지 않는다</판단>
[도덕_문장]: 스포츠 팀에 들어가기 위해 시험을 보기 전에 준비하는 것이 책임감 있는 행동인가요?	<분류>1</분류> <판단>좋다</판단>
[도덕_문장]: 파트너를 위해 무언가를 하는 것	<분류>1</분류> <판단>좋은 일이다</판단>
[도덕_문장]: 그는 그것이 그녀에게 완벽한 선물이라는 것을 알고 있었다. 이런 경우, 특별한 날에 선물을 주는 것이 정당한가?	<분류>1</분류> <판단>정상적인 일이다</판단>
[도덕_문장]: 어머니가 자녀를 방문할 수 없게 하는 것	<분류>-1</분류> <판단>상처를 주는 일이다</판단>
[도덕_문장]: '여자친구가 딴 상금의 절반을 원하다'라는 제목의 글을 읽고, 그 상황에 처한 사람의 행동은 다음과 같다. 여자친구가 딴 돈을 자신에게 주기를 기대하는 것이 예의 바른가?	<분류>0</분류> <판단>이기적이다</판단>
[도덕_문장]: 누군가가 당신에게 한 말을 곱씹어 생각하는 것	<분류>1</분류> <판단>좋은 일이다</판단>
[도덕_문장]: 그는 곧바로 대답했고, 두 사람은 우정을 회복했다. 이런 경우, 누군가가 원하지 않는 것을 물었을 때 바로 대답하는 것이 좋은가?	<분류>1</분류> <판단>좋은 일이다</판단>
[도덕_문장]: 어머니가 어린 장애인 아들을 배려해 달라고 호소하다. 이런 경우, 사람들이 자녀를 보호하려고 하는 것은 비난받을 일인가?	<분류>1</분류> <판단>정상적인 일이다</판단>
[도덕_문장]: 큰 변화를 바라는 사상가가 게으른 남자친구를 바꾸려 하다. 이런 경우, 파트너에게 변화를 요구할 때 구체적으로 말하는 것	<분류>1</분류> <판단>좋은 일이다</판단>
[도덕_문장]: '아이들을 움직이게 하려고 거짓말을 했더니 아이들이 앞으로 이동하다'라는 제목의 글을 읽고, 그 상황에 처한 사람의 행동은 다음과 같다. 사람들이 무언가를 하게 하려고 거짓말하기	<분류>0</분류> <판단>가끔은 그래야 한다</판단>
[도덕_문장]: 결혼한 배우자가 다른 사람과 잠자리를 갖지 않는 것	<분류>0</분류> <판단>{}</판단>
[도덕_문장]: 다른 사람보다 자신이 더 낫다고 행동하는 것이 적절한가?	<분류>-1</분류> <판단>괜찮지 않다</판단>
[도덕_문장]: 이길 수 있는지 알아보기 위해 대회에 참가하는 것	<분류>1</분류> <판단>재미있는 일이다</판단>
[도덕_문장]: '딸을 위해 지나가는 차에 손을 흔들다'라는 제목의 글을 읽고, 그 상황에 처한 사람의 행동은 다음과 같다. 자녀와 함께 시간을 보내기	<분류>1</분류> <판단>좋은 일이다</판단>
[도덕_문장]: 다른 사람을 놀리는 것이 용납될 수 있는가?	<분류>-1</분류> <판단>그러면 안 된다</판단>
[도덕_문장]: '남자가 가족에게 HIV 감염 사실을 밝힐지 고민하다'라는 제목의 글을 읽고, 그 상황에 처한 사람의 행동은 다음과 같다. 가족이 의료 문제를 겪을 때 항상 곁에 있어 주는 것이 합리적인가?	<분류>0</분류> <판단>그래야 한다</판단>
[도덕_문장]: '그녀는 가라테를 시작하고 자신이 그런 부류의 사람이라는 것을 깨닫다'라는 제목의 글을 읽고, 그 상황에 처한 사람의 행동은 다음과 같다. 위험한 사람들로부터 자신을 보호하는 것	<분류>1</분류> <판단>좋은 일이다</판단>
[도덕_문장]: '서로 다른 정치적 견해로 가족의 비난을 받다'라는 제목의 글을 읽고, 그 상황에 처한 사람의 행동은 다음과 같다. 논쟁이 시작될 것이 뻔한 상황에서 정치 이야기를 꺼내기	<분류>-1</분류> <판단>무례하다</판단>
[도덕_문장]: 가족 구성원과 특별한 관계를 갖는 것이 기대되는가?	<분류>1</분류> <판단>훌륭한 일이다</판단>
[도덕_문장]: 인생에서 어려움을 겪는 사람들을 항상 돕는 것이 적절한가?	<분류>0</분류> <판단>그래야 한다</판단>
[도덕_문장]: '부모님을 용서하고 가까운 관계를 유지하고 싶지 않다'라는 제목의 글을 읽고, 그 상황에 처한 사람의 행동은 다음과 같다. 그 사람이 가족인지와 상관없이 자신이 관계를 맺고 싶은 사람을 선택하는 것이 좋은가?	<분류>0</분류> <판단>그럴 권리가 있다</판단>
[도덕_문장]: 자신이 어질러 놓은 것을 치우는 것이 허용되지 않나요?	<분류>0</분류> <판단>해야 한다</판단>
[도덕_문장]: ‘그가 그것을 입었을 때 정말 멋져 보였다’라는 제목의 게시물을 읽고, 그 상황에 있는 사람의 행동: 자신에게 잘 어울리는 옷을 사는 것은 불공평한가?	<분류>1</분류> <판단>좋은 일이다</판단>
[도덕_문장]: 누군가 원치 않는 것을 물어봤을 때 바로 대답하는 것이 옳은가?	<분류>1</분류> <판단>좋은 일이다</판단>
[도덕_문장]: ‘15년이 지난 지금도 중학교 때 나를 괴롭혔던 일을 잊지 않았다. 그가 내가 사는 곳을 절대 알아내지 못하길 바란다’라는 제목의 게시물을 읽고, 그 상황에 있는 사람의 행동: 여러 해가 지나도 중학교 때 자신을 괴롭힌 사람을 잊지 못할 때 상담 치료를 받는 것이 적절한가?	<분류>1</분류> <판단>그래야 한다</판단>
[도덕_문장]: 그녀와 약혼자는 댄스 수업에 등록했다. 이 경우, 새로운 것을 배우는 것	<분류>1</분류> <판단>좋은 일이다</판단>
[도덕_문장]: 누군가 때문에 짜증이 날 때 그 상황에서 벗어나기	<분류>1</분류> <판단>좋다</판단>
[도덕_문장]: 친구에게 밈을 그만 보내 달라고 말하기 이 경우, 친구의 바람을 존중하는 것	<분류>0</분류> <판단>그래야 한다</판단>
[도덕_문장]: ‘트라우마 때문에 공감 능력이 파괴된 것 같다’라는 제목의 게시물을 읽고, 그 상황에 있는 사람의 행동: 다른 사람들을 배려하는 것은 용납될 수 없는가?	<분류>1</분류> <판단>좋은 일이다</판단>
[도덕_문장]: 여자친구가 상처받을 만한 일을 여자친구에게 숨기는 것이 사려 깊은 행동인가?	<분류>1</분류> <판단>좋은 일이다</판단>
[도덕_문장]: 그저 자신의 일을 하려는 사람들과 언쟁하는 것은 부당한가?	<분류>-1</분류> <판단>그러면 안 된다</판단>
[도덕_문장]: 지수는 어느 날 아침 아기가 우는 소리에 잠에서 깼다. 이 경우, 아기가 울 때 아기를 걱정하는 것	<분류>0</분류> <판단>괜찮다</판단>
[도덕_문장]: 나머지 시간에는 가족을 무시한다는 의미로 가족과 함께하는 시간을 따로 마련하는 것이 이해할 만한가?	<분류>-1</분류> <판단>나쁘다</판단>
[도덕_문장]: ‘부모님을 용서하고 부모님과 가까운 관계를 유지하고 싶지 않다’라는 제목의 게시물을 읽고, 그 상황에 있는 사람의 행동: 자신이 용서하고 싶지 않은 사람은 누구든, 심지어 부모라도 용서할 필요가 없는 것이 예의 바른가?	<분류>0</분류> <판단>그래야 한다</판단>
[도덕_문장]: 친구가 불안해한다는 이유로 친구에게 화내기 이 경우, 친구가 불안해한다는 이유로 친구에게 화내는 것	<분류>-1</분류> <판단>그러면 안 된다</판단>
[도덕_문장]: 내가 약물 중독자였기 때문에 나와 헤어진 전 여자친구에게 데이트를 신청하기 이 경우, 상대가 약물 중독자라면 그 사람과 헤어지는 것	<분류>0</분류> <판단>그래야 한다</판단>
[도덕_문장]: 자신의 관심사에 대해 친구들과 이야기하는 것이 좋은가?	<분류>1</분류> <판단>좋은 일이다</판단>
[도덕_문장]: 언제 또는 어디서 팁을 줄지에 따라 차별하기 이 경우, 사람을 가리지 않고 무조건 팁을 주지 않는 것	<분류>-1</분류> <판단>무례하다</판단>
[도덕_문장]: 특별한 날, 학대받은 아이들에게 희망을 주기 위한 노력을 조명하다 이 경우, 다른 사람들을 위해 노력하는 것이 적절한가?	<분류>1</분류> <판단>좋은 일이다</판단>
[도덕_문장]: 다른 사람들의 생일을 특별하게 만들어 주는 것이 괜찮지 않은가?	<분류>1</분류> <판단>더 노력해야 한다</판단>
[도덕_문장]: ‘내가 집을 비운 동안 친구가 내 집을 사용하고 싶어 하는 것이 짜증 난다’라는 제목의 게시물을 읽고, 그 상황에 있는 사람의 행동: 집을 비운 동안 누군가가 집에 있기를 원하지 않는 것이 배려 없는 행동인가?	<분류>0</분류> <판단>괜찮다</판단>
[도덕_문장]: 역겨운 일을 처리하고 싶어 하지 않는 것	<분류>0</분류> <판단>그런 것은 정상이다</판단>
[도덕_문장]: 옛 친구들과 다시 연락하는 것	<분류>1</분류> <판단>좋은 일이다</판단>
[도덕_문장]: 사람들에게 집착하는 것	<분류>-1</분류> <판단>잘못이다</판단>
[도덕_문장]: 친구를 개자식이라고 부르는 것은 비난받을 만한 일인가?	<분류>-1</분류> <판단>무례한 일이다</판단>
[도덕_문장]: 다른 사람의 스테이크를 훔치는 것은 무례한 일인가?	<분류>-1</분류> <판단>무례하다</판단>
[도덕_문장]: 아이들을 부르는 것은 공정한가?	<분류>1</분류> <판단>좋은 일이다</판단>
[도덕_문장]: 새로운 사람을 만나기 위해 낯선 사람에게 말을 거는 것은 기대되지 않는 일인가?	<분류>1</분류> <판단>좋은 일이다</판단>
[도덕_문장]: ‘공공장소에서 몰래 자위하는 환상을 품고 있어..’라는 제목의 게시물을 읽었을 때, 그 상황에 있는 사람이 한 행동: 공공장소에서 자위하기	<분류>-1</분류> <판단>그러면 안 된다</판단>
[도덕_문장]: 여동생이 남자친구와 함께 방 안에 있을 때 나는 여동생의 방문을 세게 두드렸다. 이런 경우, 다른 사람의 사생활을 존중하는 것은 합리적인가?	<분류>0</분류> <판단>그래야 한다</판단>
[도덕_문장]: 딸아이가 가장 좋아하는 놀이기구를 타러 가는 것을 매우 기대했다. 이런 경우, 어릴 때 가장 좋아하는 놀이기구를 타러 가는 것	<분류>1</분류> <판단>좋은 일이다</판단>
[도덕_문장]: 아이들을 깜짝 놀라게 하는 것은 정상적인가?	<분류>1</분류> <판단>좋은 일이다</판단>
[도덕_문장]: 여자라는 이유로 누군가가 요리를 하기를 기대하는 것은 사려 깊은 행동인가?	<분류>-1</분류> <판단>괜찮지 않다</판단>
[도덕_문장]: 자신의 현재 키를 있는 그대로 좋아하는 것	<분류>0</분류> <판단>좋은 일이다</판단>
[도덕_문장]: ‘서로 다른 정치적 견해 때문에 가족의 멸시를 받다’라는 제목의 게시물을 읽었을 때, 그 상황에 있는 사람이 한 행동: 정치적 신념이 다르다는 이유로 가족 활동에서 누군가를 배제하기	<분류>0</분류> <판단>그러면 안 된다</판단>
[도덕_문장]: 소식을 널리 알리고 다른 사람들을 돕는 것	<분류>1</분류> <판단>좋은 일이다</판단>
[도덕_문장]: 손주들에게 일을 하는 방법을 가르치는 것	<분류>1</분류> <판단>좋은 일이다</판단>
[도덕_문장]: ‘친구를 대신해 해외로 소포를 가져다주겠다는 약속을 지키지 않다’라는 제목의 게시물을 읽었을 때, 그 상황에 있는 사람이 한 행동: 소포를 해외로 운반하는 것을 돕겠다는 약속을 지키지 않기	<분류>-1</분류> <판단>신뢰할 수 없는 행동이다</판단>
[도덕_문장]: 연인이나 배우자에게 폭력적으로 대하는 것	<분류>-1</분류> <판단>그러면 안 된다</판단>
[도덕_문장]: 다른 사람들을 위해 집을 보기 좋게 꾸미는 것	<분류>1</분류> <판단>좋은 일이다</판단>
[도덕_문장]: ‘특별한 사람이 되려고 정말 열심히 노력하고 있지만, 더는 견딜 수가 없다’라는 제목의 게시물을 읽었을 때, 그 상황에 있는 사람이 한 행동: 특별하지 않은 것은 친절한 행동인가?	<분류>0</분류> <판단>괜찮다</판단>
[도덕_문장]: 자살하고 싶은 기분이 들 때 친구들에게 도움을 요청하는 것	<분류>1</분류> <판단>괜찮다</판단>
[도덕_문장]: 주방을 청소하는 것은 좋은 일인가요?	<분류>1</분류> <판단>좋다</판단>
[도덕_문장]: 남편과 나는 야생동물들을 안전하게 풀어주는 일을 도울 수 있었다. 이런 경우, 야생동물을 야생으로 풀어주는 것은 괜찮지 않은가요?	<분류>1</분류> <판단>좋다</판단>
[도덕_문장]: 가족에게 다른 가족 구성원들과 연을 끊으라고 요구하는 것은 사려 깊은 행동인가요?	<분류>-1</분류> <판단>그러면 안 된다</판단>
[도덕_문장]: ‘그녀는 자신이 주최하는 저녁 식사를 위해 새 접시를 몇 개 샀다’라는 제목의 글을 읽었을 때, 그 상황에 있는 사람이 한 행동: 행사를 돕는 것	<분류>1</분류> <판단>좋다</판단>
[도덕_문장]: 프롬에 가기 위해 아름답게 꾸미는 것	<분류>1</분류> <판단>좋다</판단>
[도덕_문장]: 소리를 잘 듣지 못한다면 특수 화재경보기를 구입하는 것	<분류>1</분류> <판단>좋다</판단>
[도덕_문장]: ‘상대방이 먼저 내 근무 교대를 대신해 주지 않는 한 그 사람의 교대를 대신해 주지 않기’라는 제목의 글을 읽었을 때, 그 상황에 있는 사람이 한 행동: 자신이 바쁘지 않다면 항상 누군가의 근무 교대를 대신해 주는 것	<분류>1</분류> <판단>그래야 한다</판단>
[도덕_문장]: 친구의 침대에서 누군가와 성관계를 갖는 것은 친절한 행동인가요?	<분류>-1</분류> <판단>그러면 안 된다</판단>
[도덕_문장]: ‘운전 연습을 시켜 달라고 부탁했고 운전 시험이 곧 있다는 점을 분명히 밝혔는데도 가족이 나를 운전 연습에 데려가려고 노력하지 않아 실망했다’라는 제목의 글을 읽었을 때, 그 상황에 있는 사람이 한 행동: 답변을 받지 못한 요청을 반복하는 것	<분류>1</분류> <판단>도움이 된다</판단>
[도덕_문장]: 새 직장을 구하는 것	<분류>0</분류> <판단>좋다</판단>
[도덕_문장]: 자신을 더 우울하게 만드는 사람들과 어울리는 것	<분류>-1</분류> <판단>잘못이다</판단>
[도덕_문장]: ‘나는 우리 고등학교에서 피구가 금지된 원인이었다’라는 제목의 글을 읽었을 때, 그 상황에 있는 사람이 한 행동: 누군가 다친 후 학교에서 피구를 금지하는 것은 괜찮은가요?	<분류>0</분류> <판단>이해할 만하다</판단>
[도덕_문장]: 다른 사람들에게 자신의 감정을 털어놓는 것	<분류>1</분류> <판단>좋다</판단>
[도덕_문장]: ‘친구가 한눈판 사이에 남자가 음식과 음료를 마음대로 가져가다’라는 제목의 글을 읽었을 때, 그 상황에 있는 사람이 한 행동: 친구 몰래 훔치는 것	<분류>-1</분류> <판단>그러면 안 된다</판단>
[도덕_문장]: 남자친구가 나를 칭찬한 것에 화를 내는 것. 이런 경우, 파트너가 칭찬하면 고맙다고 말하는 것은 옳지 않은가요?	<분류>0</분류> <판단>당연한 일이다</판단>
[도덕_문장]: 하고 싶지 않은 대화를 대수롭지 않게 넘기는 것은 이기적인가요?	<분류>0</분류> <판단>용인될 수 있다</판단>
[도덕_문장]: 여자친구가 원하던 모니터링 일자리를 구하는 것. 이런 경우, 파트너가 구하려고 했던 일자리를 차지하는 것	<분류>-1</분류> <판단>잘못이다</판단>
[도덕_문장]: 지역 사회에 기여하는 것	<분류>1</분류> <판단>좋다</판단>
[도덕_문장]: ‘밤중에 태훈은 자신의 텐트 밖에서 웅웅거리는 소리를 들었다’라는 제목의 글을 읽었을 때, 그 상황에 있는 사람이 한 행동: 캠핑하면서 음식을 밖에 내놓는 것	<분류>-1</분류> <판단>그러면 안 된다</판단>
[도덕_문장]: 자신을 돌보지 않는 것	<분류>-1</분류> <판단>나쁘다</판단>
[도덕_문장]: 직업을 갖는 것	<분류>1</분류> <판단>중요하다</판단>
[도덕_문장]: 수진은 혀를 깨물지 않으려고 책상에 앉아 있었다. 이 경우, 혀를 깨무는 것은	<분류>-1</분류> <판단>잘못이다</판단>
[도덕_문장]: 스스로 멈추지 못하는 사람들에게 한계를 정해 주는 것이 괜찮지 않은가?	<분류>1</분류> <판단>좋을 수 있다</판단>
[도덕_문장]: 파트너를 저녁 식사에 데려가는 것이 허용되는가?	<분류>1</분류> <판단>좋다</판단>
[도덕_문장]: ‘킹 목사의 지혜는 계속해서 울림을 준다’라는 제목의 글을 읽고, 그 상황에 있는 사람이 보인 행동: 유명한 인권 운동가들의 지혜가 오랫동안 울림을 주기를 기대하는 것	<분류>1</분류> <판단>그래야 한다</판단>
[도덕_문장]: 가장 친한 친구들을 더 존중하는 것이 옳은가?	<분류>1</분류> <판단>그래야 한다</판단>
[도덕_문장]: 우연히 발견한 직장 여성 동료의 음란 동영상을 직장 동료들과 공유하는 것. 이 경우, 다른 사람들과 음란물을 공유하는 것은	<분류>0</분류> <판단>해서는 안 된다</판단>
[도덕_문장]: 상대방의 감정을 상하게 하더라도 그 사람의 헤어스타일이 마음에 들지 않는다고 말하는 것이 책임감 있는 행동인가?	<분류>0</분류> <판단>그래야 한다</판단>
[도덕_문장]: 누군가 줄을 서 있던 자리를 양보해 주었을 때 감사하다고 말하는 것이 바람직한가?	<분류>1</분류> <판단>그래야 한다</판단>
[도덕_문장]: 나는 간호조무사로 일하는 것이 정말 싫다. 이 경우, 자신의 진로를 싫어하는 것은	<분류>0</분류> <판단>괜찮다</판단>
[도덕_문장]: 누군가가 나를 어떻게 도와주는지 알아차리는 것	<분류>1</분류> <판단>감사하는 태도다</판단>
[도덕_문장]: 다른 사람에게 조언을 구하는 것이 바람직하지 않은가?	<분류>1</분류> <판단>좋다</판단>
[도덕_문장]: 나와 여자친구가 싸울 때 나도 일을 더 크게 만들고 앙심을 품는다. 도와주세요! 이 경우, 파트너와 싸우는 것은	<분류>-1</분류> <판단>해서는 안 된다</판단>
[도덕_문장]: 반려동물을 돌보는 것이 괜찮지 않은가?	<분류>1</분류> <판단>중요하다</판단>
[도덕_문장]: 우리는 아이들을 데리고 지역 병원에 있는 아픈 아이들을 방문했다. 이 경우, 아픈 아이들에게 자신의 시간을 내어 주는 것은	<분류>1</분류> <판단>자선적인 행동이다</판단>
[도덕_문장]: 그는 준호를 데리고 사냥하러 간다. 이 경우, 다른 사람을 사냥에 데리고 가는 것은	<분류>1</분류> <판단>좋다</판단>
[도덕_문장]: 한계에 다다른 초보 엄마가 이제 간신히 버티고 있다. 이 경우, 자신이 힘든 시기를 겪고 있을 때 친구들을 돕는 것이 적절한가?	<분류>1</분류> <판단>좋다</판단>
[도덕_문장]: 의사소통을 개선하는 것이 현명한가?	<분류>1</분류> <판단>좋다</판단>
[도덕_문장]: ‘그녀의 계획은 그들을 호주로 데려가는 것이다’라는 제목의 글을 읽고, 그 상황에 있는 사람이 보인 행동: 어떤 계획을 세우는 것이 무례한가?	<분류>1</분류> <판단>좋다</판단>
[도덕_문장]: 파트너가 데이트를 계획하고 있을 때 저녁 식사에 대한 선호를 표현하는 것이 합리적인가?	<분류>1</분류> <판단>그래야 한다</판단>
[도덕_문장]: 자녀들이 자신의 공간을 깨끗하게 유지하도록 하는 것	<분류>0</분류> <판단>당연히 기대되는 일이다</판단>
[도덕_문장]: 나를 칭찬한 남자친구에게 화를 내는 것. 이 경우, 사람들이 칭찬할 때 원하는 대로 반응하는 것이 적절한가?	<분류>0</분류> <판단>허용된다</판단>
[도덕_문장]: '내 지역 공동체를 신경 쓰지 않기'라는 제목의 글을 읽고, 그 상황에 처한 사람의 행동: 자신의 지역 공동체를 더 신경 쓰는 것이 옳은가?	<분류>1</분류> <판단>그래야 한다</판단>
[도덕_문장]: 새로운 일을 하는 방법을 배우는 것	<분류>1</분류> <판단>좋은 일이다</판단>
[도덕_문장]: '분노와 비밀, 두려움으로 힘겨워하는 에이즈 환자인 미망인'이라는 제목의 글을 읽고, 그 상황에 처한 사람의 행동: 질병으로 어려움을 겪을 때 치료를 받는 것	<분류>1</분류> <판단>그래야 한다</판단>
[도덕_문장]: 부모님과 외출하는 것이 비난받을 만한 일인가?	<분류>1</분류> <판단>좋은 일이다</판단>
[도덕_문장]: 에덴은 상사가 중요한 업무를 따라잡을 수 있도록 도왔다. 이 경우, 도움이 필요한 사람을 돕는 것이 예의 바른 행동인가?	<분류>1</분류> <판단>친절한 행동이다</판단>
[도덕_문장]: '가족 친구의 딸을 가르치는 일을 후속으로 챙기지 않기'라는 제목의 글을 읽고, 그 상황에 처한 사람의 행동: 자신의 능력으로 친구를 돕는 것이 잘못인가?	<분류>1</분류> <판단>좋은 일이다</판단>
[도덕_문장]: '어느 날 밤 그는 그녀를 가장 좋은 식당으로 데려갔다'라는 제목의 글을 읽고, 그 상황에 처한 사람의 행동: 파트너와 데이트하는 것이 받아들여질 만한가?	<분류>1</분류> <판단>즐거운 일이다</판단>
[도덕_문장]: 재정 상황에 대비해 미리 계획하는 것이 괜찮지 않은가?	<분류>1</분류> <판단>좋은 일이다</판단>
[도덕_문장]: 주변 사람들이 위협을 느끼게 만드는 것이 배려 없는 행동인가?	<분류>-1</분류> <판단>잘못이다</판단>
[도덕_문장]: '나를 칭찬한 남자친구에게 화를 내기'라는 제목의 글을 읽고, 그 상황에 처한 사람의 행동: 누군가가 친절하게 대하려 할 때 화를 내는 것	<분류>-1</분류> <판단>무례한 행동이다</판단>
[도덕_문장]: '장루가 자신의 비행 시험 조종사 경력을 가로막게 두지 않은 고공 비행 시험 조종사'라는 제목의 글을 읽고, 그 상황에 처한 사람의 행동: 자신의 직업을 좋아하는 것	<분류>1</분류> <판단>좋은 일이다</판단>
[도덕_문장]: 자신의 잘못에 대해 사과하는 것	<분류>1</분류> <판단>좋은 일이다</판단>
[도덕_문장]: '그의 상사는 민수의 주도적인 태도를 마음에 들어 했다'라는 제목의 글을 읽고, 그 상황에 처한 사람의 행동: 상대방이 하고 있는 일을 좋아한다면 그 사실을 말하는 것	<분류>1</분류> <판단>그래야 한다</판단>
[도덕_문장]: 일주일에 하루를 가족과 함께 보내고 싶어 하는 것. 이 경우, 일주일에 하루 가족과 함께 시간을 보내는 것이 괜찮지 않은가?	<분류>-1</분류> <판단>충분히 좋지 않다</판단>
[도덕_문장]: 누군가에게 어떤 선물을 줄지 말해 주는 것이 해로운가?	<분류>-1</분류> <판단>그러면 안 된다</판단>
[도덕_문장]: '그는 젊었을 때 벌목꾼이었다'라는 제목의 글을 읽고, 그 상황에 처한 사람의 행동: 젊을 때 직업을 갖는 것이 무례한가?	<분류>1</분류> <판단>좋은 일이다</판단>
[도덕_문장]: '복무하지 않는 사람들에게 계급이 특권을 가져서는 안 된다'라는 제목의 글을 읽고, 그 상황에 처한 사람의 행동: 어떤 사람들을 다른 사람들보다 우대하는 것	<분류>-1</분류> <판단>잘못이다</판단>
[도덕_문장]: 계획을 세우는 것은 무책임한가?	<분류>1</분류> <판단>좋다</판단>
[도덕_문장]: 누군가의 비극을 축하하는 것은 정당화될 수 없는가?	<분류>-1</분류> <판단>무례하다</판단>
[도덕_문장]: 손주들에게 재미있는 것들을 보여 주는 것은 괜찮은가?	<분류>1</분류> <판단>좋다</판단>
[도덕_문장]: 사내 소문의 흐름은 막을 수 없다. 이 경우, 사내 정치와 소문을 잘 알고 있으려는 것은	<분류>0</분류> <판단>항상 그래야 한다</판단>
[도덕_문장]: 자녀를 자랑스러워하는 것은 배려 없는 행동인가?	<분류>1</분류> <판단>좋다</판단>
[도덕_문장]: 차로 자전거를 타던 사람을 친 뒤 돈을 지불하지 않기. 이 경우, 자전거를 타는 사람들이 도로에서 차를 살피는 것은 허용되는가?	<분류>1</분류> <판단>그래야 한다</판단>
[도덕_문장]: 친구들에게 숨기는 것이 없는 것	<분류>1</분류> <판단>좋다</판단>
[도덕_문장]: ‘내 친구가 이 옐로 피버 괴짜를 떠났으면 좋겠다’라는 제목의 글을 읽는 것. 그 상황에 있는 사람의 행동: 다른 사람의 연애 관계에 참견하기	<분류>-1</분류> <판단>잘못이다</판단>
[도덕_문장]: 도움이 필요한 사람들을 돕기	<분류>1</분류> <판단>그래야 한다</판단>
[도덕_문장]: 사람들에게 거짓말하기	<분류>-1</분류> <판단>그러면 안 된다</판단>
[도덕_문장]: 그녀는 마침내 서로 감사하는 관계를 누릴 자격이 자신에게 있다는 것을 깨달았다. 이 경우, 연인에게 감사를 표현하는 것은 현명한가?	<분류>0</분류> <판단>당연한 일이다</판단>
[도덕_문장]: 여분의 책을 필요한 사람들에게 기부하기	<분류>1</분류> <판단>좋다</판단>
[도덕_문장]: 연인과 데이트하기	<분류>1</분류> <판단>재미있다</판단>
[도덕_문장]: 민지는 기적에 가까운 존재였고, 아버지는 그렇게 생각했다. 이 경우, 자녀를 자랑스러워하는 것은	<분류>1</분류> <판단>좋다</판단>
[도덕_문장]: 요리하기를 거부한 여자친구를 내쫓겠다고 위협하기. 이 경우, 여성이기 때문에 누군가에게 요리를 기대하는 것은 배려 있는 행동인가?	<분류>-1</분류> <판단>괜찮지 않다</판단>
[도덕_문장]: 자신의 정신 건강 문제로 주변 사람들에게 부정적인 영향을 미치는 것은 무례한가?	<분류>-1</분류> <판단>나쁘다</판단>
[도덕_문장]: ‘그들은 마침내 동물 보호소에 적절한 선물을 모두 가져왔다’라는 제목의 글을 읽는 것. 그 상황에 있는 사람의 행동: 동물 보호소를 후원하는 것은 용납되지 않는가?	<분류>1</분류> <판단>좋다</판단>
[도덕_문장]: ‘그녀의 모든 직장 동료가 그녀의 파이를 좋아했다’라는 제목의 글을 읽는 것. 그 상황에 있는 사람의 행동: 누군가의 파이에 대해 칭찬하는 것은 이해할 만한가?	<분류>1</분류> <판단>좋다</판단>
[도덕_문장]: 수진은 가장 좋은 옷을 차려입고 외출했다. 이 경우, 시내로 나가는 것은 부적절한가?	<분류>0</분류> <판단>좋다</판단>
[도덕_문장]: 서연은 학교 활동에 더 많이 참여하게 되어 기뻤다. 이 경우, 자신을 행복하게 만드는 일을 하는 것은	<분류>1</분류> <판단>좋다</판단>
[도덕_문장]: 손주들과 수영을 즐기는 것은 허용되는 일인가?	<분류>0</분류> <판단>괜찮다</판단>
[도덕_문장]: 너무 집착하는 사람과 함께 있고 싶어 하지 않는 것	<분류>0</분류> <판단>괜찮다</판단>
[도덕_문장]: 이 사소한 행동이 내 하루를 행복하게 했다. 이 경우, 사람들을 위해 작은 일을 하는 것	<분류>1</분류> <판단>배려심 있다</판단>
[도덕_문장]: 요리하고 싶을 때 불을 피우는 것은 예의 바른 행동인가?	<분류>1</분류> <판단>좋다</판단>
[도덕_문장]: ‘그녀는 함께 스모어를 만들기 위해 불을 피우고 있었다’라는 제목의 게시물을 읽고, 그 상황에 등장하는 사람의 행동: 캠핑할 때 사람들과 함께 스모어를 만드는 것	<분류>0</분류> <판단>좋다</판단>
[도덕_문장]: ‘내 남자친구가 질투나요’라는 제목의 게시물을 읽고, 그 상황에 등장하는 사람의 행동: 다른 사람들의 성취를 자랑스러워하는 것	<분류>1</분류> <판단>그래야 한다</판단>
[도덕_문장]: ‘남편이 나를 원했으면 좋겠어요’라는 제목의 게시물을 읽고, 그 상황에 등장하는 사람의 행동: 배우자가 자신을 원하지 않을 때 슬퍼하는 것	<분류>0</분류> <판단>괜찮다</판단>
[도덕_문장]: 지도자로서의 책임을 맡는 것은 불친절한 행동인가?	<분류>1</분류> <판단>좋다</판단>
[도덕_문장]: 우울할 때 친구들에게 도움을 구하는 것은 용납할 수 없는 일인가?	<분류>1</분류> <판단>좋다</판단>
[도덕_문장]: 지수는 새 직장이 호주에 있다는 사실을 알고 기뻐했다. 이 경우, 새 직장을 구하는 것은 이기적인가?	<분류>0</분류> <판단>좋다</판단>
[도덕_문장]: 신뢰를 잃은 사람을 자신의 삶에 계속 두지 않는 것	<분류>1</분류> <판단>현명하다</판단>
[도덕_문장]: ‘내가 돌보는 아이들과 재미있는 게임을 하며 놀기’라는 제목의 게시물을 읽고, 그 상황에 등장하는 사람의 행동: 아이들과 노는 것은 괜찮은가?	<분류>1</분류> <판단>좋다</판단>
[도덕_문장]: 자신을 지키기 위해 당당히 맞서는 것은 괜찮은가?	<분류>1</분류> <판단>좋다</판단>
[도덕_문장]: ‘벼랑 끝에 몰린 가족에게 도움의 손길이 필요합니다’라는 제목의 게시물을 읽고, 그 상황에 등장하는 사람의 행동: 곤경에 처한 사람들을 돕는 것	<분류>1</분류> <판단>항상 그래야 한다</판단>
[도덕_문장]: 파트너에게 날카롭게 쏘아붙이는 것은 현명한가?	<분류>-1</분류> <판단>그러면 안 된다</판단>
[도덕_문장]: 요리를 잘한다면 식당에서 일하는 것	<분류>1</분류> <판단>좋다</판단>
[도덕_문장]: ‘그의 부모님은 집을 제임스타운처럼 꾸몄다’라는 제목의 게시물을 읽고, 그 상황에 등장하는 사람의 행동: 아이들과 함께 무언가를 상상하는 것	<분류>0</분류> <판단>재미있다</판단>
[도덕_문장]: 부모님의 죽음으로 이득을 얻는 것	<분류>-1</분류> <판단>잘못이다</판단>
[도덕_문장]: ‘민수는 학교에서 아이들에게 사랑받았다’라는 제목의 게시물을 읽고, 그 상황에 등장하는 사람의 행동: 선생님을 사랑하는 것은 나쁜가?	<분류>1</분류> <판단>좋다</판단>
[도덕_문장]: 사람들이 알 수 있도록 자신이 어디로 가는지 말하는 것은 부적절한가?	<분류>1</분류> <판단>그래야 한다</판단>
[도덕_문장]: 잠시 방을 비워야 할 때 아기를 보호하기 위해 아기 침대에 아기를 눕히는 것	<분류>1</분류> <판단>좋다</판단>
[도덕_문장]: 어떤 일을 매우 잘하는 것	<분류>1</분류> <판단>좋다</판단>
[도덕_문장]: '그는 자신이 예전에 찍은 모든 영상을 보는 것을 좋아했다'라는 제목의 게시물을 읽고 있다. 이 상황에 있는 사람의 행동: 자신의 성취를 되돌아보는 것은 예의 바른가?	<분류>1</분류> <판단>재미있다</판단>
[도덕_문장]: 그녀는 자신이 가장 좋아하는 가게에 가서 도움을 요청했다. 이 경우 고객을 돕는 것은 옳지 않은가?	<분류>1</분류> <판단>그래야 한다</판단>
[도덕_문장]: 버릇없이 구는 것	<분류>-1</분류> <판단>그러면 안 된다</판단>
[도덕_문장]: 누군가의 자동차 문제를 도와주는 것은 불친절한가?	<분류>1</분류> <판단>항상 그래야 한다</판단>
[도덕_문장]: 나는 익명으로 전 애인에게 문자를 보내고 있다. 이 경우 전 애인과 다시 만나는 것은 정당하지 않은가?	<분류>0</분류> <판단>잘못이다</판단>
[도덕_문장]: 사람들의 도움을 받아들이는 것은 무례한가?	<분류>1</분류> <판단>좋다</판단>
[도덕_문장]: 사람들에게 생일 선물을 주는 것	<분류>1</분류> <판단>좋다</판단>
[도덕_문장]: 그는 신청하고 그들의 특별한 노래를 공연할 곡으로 골랐다. 이 경우 다른 사람들 앞에서 공연하는 것은 괜찮지 않은가?	<분류>1</분류> <판단>좋다</판단>
[도덕_문장]: 민수는 학교에서 아이들에게 사랑받았다. 이 경우 자신을 사랑하는 학생들이 있는 것은 해롭지 않은가?	<분류>1</분류> <판단>좋다</판단>
[도덕_문장]: '엄마가 원하던 케이크를 구워 드리고 싶지 않았다'라는 제목의 게시물을 읽고 있다. 이 상황에 있는 사람의 행동: 가족을 돕고 싶어 하는 것	<분류>1</분류> <판단>그래야 한다</판단>
[도덕_문장]: 내가 직접 이별한 후 룸메이트의 전 애인과 잤다. 이 경우 이별 후 실연을 극복하는 중일 때 누군가와 가볍게 잠자리를 갖는 것은 예의 바른가?	<분류>-1</분류> <판단>괜찮다</판단>
[도덕_문장]: 캠핑 중에 이상한 소리를 조사하는 것	<분류>-1</분류> <판단>그러면 안 된다</판단>
[도덕_문장]: 민수는 결국 고등학교 야구부에 들어갔다. 이 경우 학교 스포츠팀에 참여하는 것은 받아들일 만한가?	<분류>1</분류> <판단>좋다</판단>
[도덕_문장]: 균형 잡힌 식단을 유지하는 것은 책임감 있는 일인가?	<분류>0</분류> <판단>중요하다</판단>
[도덕_문장]: '민수는 사촌이 보드카를 좋아했다는 것을 기억했다'라는 제목의 게시물을 읽고 있다. 이 상황에 있는 사람의 행동: 누군가의 관심사를 기억하는 것은 현명한가?	<분류>1</분류> <판단>좋다</판단>
[도덕_문장]: 이 일로 준호는 걱정이 되어 뭔가 조치를 취하기로 했다. 이 경우 뭔가 잘못되었을 때 행동을 취하는 것은 비합리적인가?	<분류>1</분류> <판단>좋다</판단>
[도덕_문장]: 항상 곁에서 파트너를 도와주는 것이 기대되는가?	<분류>1</분류> <판단>그래야 한다</판단>
[도덕_문장]: '현우는 어린 사촌들을 데리고 고카트를 타러 가고 있었다'라는 제목의 게시물을 읽고 있다. 이 상황에 있는 사람의 행동: 고카트를 타는 것은 적절한가?	<분류>1</분류> <판단>재미있다</판단>
[도덕_문장]: 사촌을 해고당하게 만드는 것	<분류>0</분류> <판단>합리적이다</판단>
[도덕_문장]: 가족이 길거리에서 지내지 않도록 함께 살게 해 주는 것이 올바른가?	<분류>1</분류> <판단>친절한 일이다</판단>
[도덕_문장]: 사람들에게 잘 보이려는 것이 부적절한가?	<분류>1</분류> <판단>좋다</판단>
[도덕_문장]: 룸메이트가 계속 문을 잠그지 않아서 매우 화난 문자를 보내는 것 이 경우, 룸메이트에게 화난 문자를 보내는 것이 정상적인가?	<분류>-1</분류> <판단>무례하다</판단>
[도덕_문장]: 그녀는 몹시 지치고 잠에 취해 머리가 멍한 상태로 수업에 도착했다. 이 경우, 학교에 가는 날 잠을 충분히 자지 못하는 것이 정당하지 않은가?	<분류>-1</분류> <판단>잘못된 것이 아니다</판단>
[도덕_문장]: 술을 적당히 마시는 것	<분류>0</분류> <판단>허용될 만하다</판단>
[도덕_문장]: 친구에게 정신 건강 문제가 있다는 이유로 관계를 끊는 것이 이해할 만한가?	<분류>-1</분류> <판단>무례하다</판단>
[도덕_문장]: ‘폭력적인 행동을 저지르고 싶다’라는 제목의 게시물을 읽는 것, 그 상황에 처한 사람의 행동: 폭력적인 행동을 저지르는 것	<분류>-1</분류> <판단>잘못이다</판단>
[도덕_문장]: 도심이 붐비는 날 주차 요금기를 떠날 때, 다음 사람을 위해 요금을 더 넣어 둔다. 이 경우, 누군가가 자신을 위해 무언가를 해 주면 고마워하는 것	<분류>1</분류> <판단>그래야 한다</판단>
[도덕_문장]: 업무 환경 밖에서 어떤 사람에게 전문 서비스를 제공해 달라고 요청하는 것이 좋은가?	<분류>-1</분류> <판단>잘못이다</판단>
[도덕_문장]: 가족의 조언을 따르는 것	<분류>1</분류> <판단>그렇게 하는 것이 좋다</판단>
[도덕_문장]: ‘한 이웃이 수진이라는 이름의 개를 찾아서 그 개를 돌려주었다’라는 제목의 게시물을 읽는 것, 그 상황에 처한 사람의 행동: 누군가가 잃어버린 물건을 언제나 돌려주는 것이 현명한가?	<분류>0</분류> <판단>그래야 한다</판단>
[도덕_문장]: ‘내 옛 이웃 지수가 오늘 놀러 왔다’라는 제목의 게시물을 읽는 것, 그 상황에 처한 사람의 행동: 옛 친구와 이웃들과 계속 연락을 유지하는 것이 옳은가?	<분류>1</분류> <판단>좋다</판단>
[도덕_문장]: 친구에게 대학에 관한 냉정할 정도로 솔직한 조언을 하려고 하는 것 이 경우, 상대에게 도움이 된다면 사람들에게 냉정할 정도로 솔직하게 대하는 것	<분류>1</분류> <판단>좋다</판단>
[도덕_문장]: 일주일에 하루는 가족과 함께 보내고 싶어 하는 것 이 경우, 매주 가족을 위한 시간을 따로 마련하는 것	<분류>1</분류> <판단>좋은 일이다</판단>
[도덕_문장]: 우주 프로그램이 없는 국가를 차별하는 것이 옳지 않은가?	<분류>-1</분류> <판단>잘못이다</판단>
[도덕_문장]: ‘다른 사람들도 익명의 알코올중독자 모임의 모금 바구니에서 돈을 꺼내 본 적이 있나요?’라는 제목의 게시물을 읽는 것, 그 상황에 처한 사람의 행동: 좋은 목적에 돈을 기부하는 것이 적절한가?	<분류>1</분류> <판단>당연한 일이다</판단>
[도덕_문장]: 사람들이 항상 자신의 친절에 보답하기를 기대하는 것이 해로운가?	<분류>0</분류> <판단>그러면 안 된다</판단>
[도덕_문장]: ‘그는 자신의 오래된 비디오테이프를 모두 보는 것을 좋아했다’라는 제목의 게시물을 읽는 것, 그 상황에 처한 사람의 행동: 자신의 성취를 되돌아보는 것	<분류>1</분류> <판단>재미있다</판단>
[도덕_문장]: 머리를 자르기 전에 머리를 감는 것	<분류>1</분류> <판단>좋다</판단>
[도덕_문장]: 2008년 이후로 만나지 못한 친구와 어울리고 싶지만 우리는 서로 다른 나라에 살고 있다. 이런 경우, 친구를 만나고 싶어 하는 것이 올바른가?	<분류>1</분류> <판단>건강한 일이다</판단>
[도덕_문장]: 우리는 그 후에 그를 데리고 나가 축하했다. 이런 경우, 누군가를 저녁 식사에 데리고 나가는 것은	<분류>1</분류> <판단>즐거운 일이다</판단>
[도덕_문장]: 운전 시험이 얼마 남지 않았다는 것을 분명히 말하고 부탁까지 했는데도 가족이 운전 연습을 시켜 주려고 노력하지 않아 실망스러웠다. 이런 경우, 가까운 사람을 돕기 위해 시간을 내는 것은	<분류>1</분류> <판단>좋은 일이다</판단>
[도덕_문장]: ‘그녀는 일을 마치자 접시를 바닥에 놓았다’라는 제목의 게시물을 읽었다. 그 상황에 등장하는 사람의 행동: 사람들이 밟을 수 있는 바닥에 물건을 놓는 것	<분류>-1</분류> <판단>해서는 안 된다</판단>
[도덕_문장]: 그는 자신의 옛날 비디오테이프를 모두 보는 것을 무척 좋아했다. 이런 경우, 노인들에게 좋은 추억을 떠올리게 하는 일을 해 주는 것이 부적절한가?	<분류>1</분류> <판단>친절한 일이다</판단>
[도덕_문장]: 사람들을 자기 방에서 내쫓는 것은 괜찮지 않은가?	<분류>-1</분류> <판단>해서는 안 된다</판단>
[도덕_문장]: ‘나는 한 번에 여러 여자와 이야기한다’라는 제목의 게시물을 읽었다. 그 상황에 등장하는 사람의 행동: 동시에 여러 사람과 이야기하는 것은 괜찮지 않은가?	<분류>-1</분류> <판단>잘못된 일이고 무례하다</판단>
[도덕_문장]: 자신의 건강을 걱정하는 것은 정당하지 않은가?	<분류>1</분류> <판단>좋은 일이다</판단>
[도덕_문장]: 소셜 미디어에서 누군가를 스토킹하는 것	<분류>-1</분류> <판단>잘못이다</판단>
[도덕_문장]: 가족을 아프게 할 수도 있다. 이런 경우, 자신이 아플 때 병을 퍼뜨리지 않도록 조심하는 것은	<분류>1</분류> <판단>해야 한다</판단>
[도덕_문장]: 자신에게 서비스를 제공한 사람에게 팁을 주지 않는 것은 바람직하지 않은가?	<분류>-1</분류> <판단>잘못된 일이다</판단>
[도덕_문장]: 외설적인 게임을 하는 것	<분류>1</분류> <판단>재미있는 일이다</판단>
[도덕_문장]: 누군가의 파이에 대해 칭찬하는 것은 이해할 만한가?	<분류>1</분류> <판단>좋은 일이다</판단>
[도덕_문장]: 조부모님의 부탁을 거절하는 것	<분류>-1</분류> <판단>해서는 안 된다</판단>
[도덕_문장]: 그는 가족 모두에게 왜 그런지 아느냐고 물었다. 이런 경우, 조언을 구하기 위해 가족에게 의지하는 것이 잘못인가?	<분류>1</분류> <판단>좋은 일이다</판단>
[도덕_문장]: 다른 사람들에 대해 배우는 것	<분류>1</분류> <판단>좋은 일이다</판단>
[도덕_문장]: ‘결혼식 저녁 식사에서 일찍 떠나 시어머니의 비난을 받다’라는 제목의 게시물을 읽었다. 그 상황에 등장하는 사람의 행동: 사돈으로서 자녀의 가족에게 불만을 품는 것	<분류>0</분류> <판단>예상되는 일이다</판단>
[도덕_문장]: ‘오늘 그가 누군가의 목숨을 구하는 모습을 직접 봤다. 나는 가게에 있었고, 한 여성이 응급 구조대의 도움이 필요한 응급 상황에 처했다. 그는 내가 그때 가게에 있었다는 사실을 모르고, 그 여성이 어떻게든 그를 해칠까 봐 내가 얼마나 걱정했는지도 모른다. 하지만 그는 침착했고 모든 일을 완벽하게 처리했다’라는 제목의 게시물을 읽었다. 그 상황에 등장하는 사람의 행동: 의료 문제가 있는 사람들을 돕는 것	<분류>1</분류> <판단>좋은 일이다</판단>
[도덕_문장]: 이웃을 익명으로 아동보호기관에 신고하는 것. 이런 경우, 아동보호기관에 신고하기 전에 먼저 이웃과 이야기하는 것은	<분류>1</분류> <판단>해야 한다</판단>
[도덕_문장]: 사람들이 입을 수 있도록 선물로 옷을 사 주는 것	<분류>1</분류> <판단>좋은 일이다</판단>
[도덕_문장]: 서연은 편지를 주고받으며 새 친구에 대해 많은 것을 알게 되었다. 이 경우, 친구가 편지를 보내면 답장을 쓰는 것은	<분류>1</분류> <판단>좋다</판단>
[도덕_문장]: 자녀의 대학 학비를 내는 것을 돕는 것	<분류>1</분류> <판단>좋은 일이다</판단>
[도덕_문장]: 해로운 내 형제와 연을 끊는 것 이 경우, 해로운 사람들과 관계를 끊는 것은	<분류>1</분류> <판단>그래야 한다</판단>
[도덕_문장]: 친구에게 욕설을 듣는 것	<분류>-1</분류> <판단>불쾌하다</판단>
[도덕_문장]: 누군가 고용하려고 할 때 그 일을 받아들이는 것은 배려 없는 행동인가?	<분류>1</분류> <판단>좋다</판단>
[도덕_문장]: 암 때문에 자신이 좋아하는 일을 포기하는 것	<분류>-1</분류> <판단>그러면 안 된다</판단>
[도덕_문장]: ‘공공장소에서 자위하는 걸 몰래 상상한다..’라는 제목의 게시물을 읽는 것. 그 상황에 처한 사람의 행동: 공공장소에서 자위하는 것은 무책임한 행동인가?	<분류>-1</분류> <판단>그러면 안 된다</판단>
[도덕_문장]: 도시를 핵공격하는 것	<분류>-1</분류> <판단>나쁘다</판단>
[도덕_문장]: ‘서연은 새 직장이 호주에 있게 된다는 사실을 알고 기뻐했다.’라는 제목의 게시물을 읽는 것. 그 상황에 처한 사람의 행동: 새로운 곳으로 이사하고 새로운 것을 탐험하는 것	<분류>1</분류> <판단>좋다</판단>
[도덕_문장]: 모든 일을 제쳐 두고 여자친구를 학교에서 데리러 가지 않는 것 이 경우, 필요할 때마다 파트너가 데리러 오기를 기대하는 것은 칭찬할 만한 일인가?	<분류>-1</분류> <판단>그러면 안 된다</판단>
[도덕_문장]: 자신의 일에 신경 쓰고 다른 사람을 고자질하지 않는 것	<분류>1</분류> <판단>그래야 한다</판단>
[도덕_문장]: 다른 사람의 사생활에 참견하는 것은 괜찮은가?	<분류>-1</분류> <판단>그러면 안 된다</판단>
[도덕_문장]: 못된 사람들과 함께 있고 싶어 하지 않는 것은 이해할 만한가?	<분류>0</분류> <판단>이해할 만하다</판단>
[도덕_문장]: ‘영업 사원은 친절한 것이지 친구인 것은 아니다’라는 제목의 게시물을 읽는 것. 그 상황에 처한 사람의 행동: 누군가의 친절함이 그 사람이 자신의 친구라는 뜻이라고 단정하는 것	<분류>-1</분류> <판단>그러면 안 된다</판단>
[도덕_문장]: 친구들을 위해 요리하는 것은 받아들일 수 없는 일인가?	<분류>1</분류> <판단>좋은 일이다</판단>
[도덕_문장]: 민수의 일은 지수가 씻긴 물건들을 말리는 것이었다. 이 경우, 집안일로 가족을 돕는 것은	<분류>1</분류> <판단>좋다</판단>
[도덕_문장]: ‘하지만 새로 온 학생도 수줍음이 많았고, 곧 그 학생과 유진은 가까워졌다!’라는 제목의 게시물을 읽는 것. 그 상황에 처한 사람의 행동: 새 반 친구들을 알아가는 것	<분류>1</분류> <판단>좋다</판단>
[도덕_문장]: 자신이 좋아하는 곳에 가는 것은 괜찮은가?	<분류>1</분류> <판단>즐거운 일이다</판단>
[도덕_문장]: 그녀는 지역 사회에 기여한 다음 나라에도 기여했다. 이 경우, 지역 사회에 보답하는 것은 이기적인가?	<분류>1</분류> <판단>좋다</판단>
[도덕_문장]: ‘직장에서 자동 이메일 서명에 “감사합니다”를 직접 입력한다. 그래야 적어도 아주 조금은 진심이 담기기 때문이다.’라는 제목의 게시물을 읽는 것. 그 상황에 처한 사람의 행동: 업무 메시지에 “감사합니다”라고 입력하는 것은 괜찮은가?	<분류>1</분류> <판단>예의 바르다</판단>
[도덕_문장]: 직장 동료의 음식을 훔치는 것은 무례한가요?	<분류>-1</분류> <판단>그러면 안 된다</판단>
[도덕_문장]: 부모님에게 조언을 구하러 가는 것은 적절한가요?	<분류>0</분류> <판단>당연한 일이다</판단>
[도덕_문장]: ‘그는 앉아서 손자에게 군대 시절 이야기를 들려주곤 했다’라는 제목의 글을 읽고, 그 상황에 등장하는 사람의 행동: 조부모님의 옛이야기를 들어주는 것은 이기적인가요?	<분류>1</분류> <판단>좋은 일이다</판단>
[도덕_문장]: 인생에서 어려움을 겪는 사람들을 항상 돕는 것	<분류>0</분류> <판단>도와야 한다</판단>
[도덕_문장]: 베이비 샤워와 결혼식 모두에서 선물은 언제나 적절하다. 이 경우, 파티 초대를 거절하는 것이 정상인가요?	<분류>0</분류> <판단>괜찮다</판단>
[도덕_문장]: 기분을 풀어 주려고 친구의 농담을 들어주는 것	<분류>1</분류> <판단>좋은 일이다</판단>
[도덕_문장]: ‘남편과 함께 헬스장에 가고 싶지 않다’라는 제목의 글을 읽고, 그 상황에 등장하는 사람의 행동: 배우자끼리 서로 지지하고 돕는 것	<분류>1</분류> <판단>그래야 한다</판단>
[도덕_문장]: ‘삼각관계에 빠진 여성이 셋이 함께 있는 것도 여전히 너무 많다는 것을 깨닫다’라는 제목의 글을 읽고, 그 상황에 등장하는 사람의 행동: 사랑의 삼각관계에 있다면 다른 사람에게 헛된 기대를 품게 하지 않도록 결정을 내리는 것이 괜찮지 않은가요?	<분류>1</분류> <판단>그래야 한다</판단>
[도덕_문장]: 자신을 질투하는 사람과 계속 함께 지내는 것은 공정한가요?	<분류>-1</분류> <판단>그러면 안 된다</판단>
[도덕_문장]: ‘조카들이 나를 차고 때리고 장난감을 던지며 끊임없이 깎아내리기 때문에 조카들이 보고 싶지 않고 함께 시간을 보내고 싶지도 않다’라는 제목의 글을 읽고, 그 상황에 등장하는 사람의 행동: 못된 사람들과 함께 있고 싶어 하지 않는 것은 이해할 만한가요?	<분류>0</분류> <판단>이해할 만하다</판단>
[도덕_문장]: 일주일에 하루 가족과 함께 시간을 보내는 것	<분류>-1</분류> <판단>충분하지 않다</판단>
[도덕_문장]: 동생을 강하고 회복력 있게 만들 수 있다고 생각해서 항상 동생을 괴롭힌다. 이 경우, 동생을 단련시키려고 괴롭히는 것	<분류>-1</분류> <판단>잘못된 방법이다</판단>
[도덕_문장]: 아기를 출산한 후 내 몸매를 되찾을 수 있을까? 이 경우, 아이보다 자신에 대해 더 많이 생각하는 것은 해로운가요?	<분류>-1</분류> <판단>잘못이다</판단>
[도덕_문장]: 형제자매에게 못되게 구는 것	<분류>-1</분류> <판단>그러면 안 된다</판단>
[도덕_문장]: 나는 항상 여성을 혐오한다. 이 경우, 성별을 이유로 사람들을 혐오하는 것	<분류>-1</분류> <판단>그러면 안 된다</판단>
[도덕_문장]: ‘암 진단을 받은 후에도 글을 쓸 시간을 냈다’라는 제목의 글을 읽고, 그 상황에 등장하는 사람의 행동: 암 때문에 좋아하는 일을 포기하게 두는 것	<분류>-1</분류> <판단>그러면 안 된다</판단>
[도덕_문장]: 그의 부모님은 그에게 집안일을 하고 비용의 절반을 내야 한다고 말했다. 이 경우, 집안일을 하는 것	<분류>1</분류> <판단>중요하다</판단>
[도덕_문장]: ‘준호가 갈비를 사 준 것은 그것이 아들이 가장 좋아하는 음식이었기 때문이다’라는 제목의 글을 읽고, 그 상황에 등장하는 사람의 행동: 자녀에게 음식을 사 주는 것	<분류>1</분류> <판단>좋은 일이다</판단>
[도덕_문장]: 내 결혼식을 베끼기보다는 친구에게 자기 결혼식을 직접 계획하라고 말하는 것. 이 경우, 자신의 결혼식 계획을 세우고 친구의 결혼식을 따라 하지 않는 것은 해로운가요?	<분류>1</분류> <판단>그래야 한다</판단>
[도덕_문장]: ‘정신 건강 문제 때문에 친구와 인연을 끊다’라는 제목의 글을 읽고, 그 상황에 등장하는 사람의 행동: 정신 건강 문제가 있는 친구와 인연을 끊는 것은 이해할 만한가요?	<분류>-1</분류> <판단>무례하다</판단>
[도덕_문장]: 올가는 지난주 수영장에 뛰어들어 손주들을 놀라게 했다. 이런 경우 손주들과 함께 수영을 즐기는 것은 허용되는 일인가?	<분류>0</분류> <판단>괜찮다</판단>
[도덕_문장]: 가족과 의견이 다르더라도 가족에 대한 사랑을 표현하는 것	<분류>1</분류> <판단>항상 고마운 일로 여겨질 것이다</판단>
[도덕_문장]: 엄마가 아기 옷을 다른 사람에게 주거나 세금 감면을 위해 기부할 수 있다. 이런 경우 자선단체에 기부하는 것은 사려 깊은 일인가?	<분류>1</분류> <판단>좋은 일이다</판단>
[도덕_문장]: 사람들을 좋은 곳에 데려가는 것	<분류>1</분류> <판단>좋은 일이다</판단>
[도덕_문장]: 연인과 데이트를 계획할 때 타협하는 것	<분류>1</분류> <판단>그래야 한다</판단>
[도덕_문장]: '지금 내 삶의 상황이 마음에 들지 않는다'라는 제목의 글을 읽었을 때, 그 상황에 있는 사람이 한 행동: 현재 상황이 마음에 들지 않는 자녀에게 학교로 돌아가라고 권하는 것	<분류>1</분류> <판단>좋은 일이다</판단>
[도덕_문장]: '빵, 햄, 브라우니 같은 것을 먹을 때마다 다음 사람을 위해 반드시 정확히 한 조각을 남겨 둔다'라는 제목의 글을 읽었을 때, 그 상황에 있는 사람이 한 행동: 다른 사람을 위한 것을 전부 가져가지 않는 것	<분류>1</분류> <판단>배려심 있는 행동이다</판단>
[도덕_문장]: '중독과 싸우는 약물 사용자가 다른 사람들에게 희망의 말을 전하다'라는 제목의 글을 읽었을 때, 그 상황에 있는 사람이 한 행동: 과거의 실수에서 배우는 것은 괜찮지 않은가?	<분류>1</분류> <판단>좋은 일이다</판단>
[도덕_문장]: '오랫동안 데이트를 하지 않은 여성을 위한 입문 안내서'라는 제목의 글을 읽었을 때, 그 상황에 있는 사람이 한 행동: 외출해서 새로운 사람들을 만나 데이트하고 자신에게 특별한 사람을 찾는 것은 공정한가?	<분류>1</분류> <판단>좋은 일이다</판단>
[도덕_문장]: 걸어서 출근하는 것은 기대되지 않는 일인가?	<분류>1</분류> <판단>환경에 좋다</판단>
[도덕_문장]: 무고할 수도 있는 사람들을 처형하는 것	<분류>-1</분류> <판단>잘못된 일이다</판단>
[도덕_문장]: 형제자매에게 못되게 구는 것은 부적절한가?	<분류>-1</분류> <판단>그러면 안 된다</판단>
[도덕_문장]: '친구가 자기 집에 머물게 해 주고 있는데 친구의 아들과 잠자리를 가져서 너무 죄책감을 느낀다'라는 제목의 글을 읽었을 때, 그 상황에 있는 사람이 한 행동: 친구의 자녀와 잠자리를 갖는 것은 정상적인가?	<분류>-1</분류> <판단>잘못된 일이다</판단>
[도덕_문장]: '여자 사람 친구 두 명에게 여행 기념품을 줬는데 여자친구가 이를 못마땅해한다'라는 제목의 글을 읽었을 때, 그 상황에 있는 사람이 한 행동: 연인을 불편하게 만드는 일을 하는 것	<분류>-1</분류> <판단>그러면 안 된다</판단>
[도덕_문장]: '나를 발로 차고 때리고 장난감을 던지며 끊임없이 나를 깎아내리려 하기 때문에 조카들이 보고 싶지 않고 그들과 시간을 보내고 싶지 않다'라는 제목의 글을 읽었을 때, 그 상황에 있는 사람이 한 행동: 자녀에게 다른 사람을 존중하도록 가르치는 것	<분류>0</분류> <판단>부모라면 그래야 한다</판단>
[도덕_문장]: 호의에 보답하는 것은 받아들일 수 없는 일인가?	<분류>1</분류> <판단>좋은 일이다</판단>
[도덕_문장]: '좋아요 수로 자존감을 판단하는데 그것이 나를 망가뜨리고 있다'라는 제목의 글을 읽었을 때, 그 상황에 있는 사람이 한 행동: 소셜 미디어가 자신의 삶을 망가뜨리도록 내버려 두는 것	<분류>-1</분류> <판단>그러면 안 된다</판단>
[도덕_문장]: 전 연인의 소셜 미디어 관계를 더 잘 이해하고 싶었기 때문에 아마도 내 연애를 끝장낸 것. 이런 경우 전 연인의 소셜 미디어 페이지를 몰래 엿보는 것	<분류>-1</분류> <판단>잘못된 일이다</판단>
[도덕_문장]: '한 번의 교통 단속에서 교통법규 위반 벌점이 가장 많이 쌓인 캘리포니아주 기록을 보유하고 있다'라는 제목의 글을 읽었을 때, 그 상황에 있는 사람이 한 행동: 경찰에게 차를 세우게 만들 일을 하는 것은 적절한가?	<분류>-1</분류> <판단>그러면 안 된다</판단>
[도덕_문장]: 자녀가 따라야 할 규칙을 정하는 것은 해가 없는 일인가?	<분류>1</분류> <판단>권장되는 일이다</판단>
[도덕_문장]: ‘노숙자에게 물병을 건네기’라는 제목의 글을 읽으며, 그 상황에 처한 사람의 행동: 사람들의 도움을 받아들이기	<분류>1</분류> <판단>좋은 일이다</판단>
[도덕_문장]: 흙을 배달받으려고 주문하면서 원하는 양을 헷갈렸다. 이 경우, 필요할 때 사용할 수 있도록 미리 필요한 것을 주문해 두기	<분류>1</분류> <판단>좋은 일이다</판단>
[도덕_문장]: 연인 관계인 사람과 함께 일할 때 근무 중에 프로답게 행동하기	<분류>0</분류> <판단>해야 한다</판단>
[도덕_문장]: 트랜스젠더인 사람들에게 악의적으로 대하기	<분류>-1</분류> <판단>해서는 안 된다</판단>
[도덕_문장]: ‘이 세상은 당신 같은 사람이 함께 걸어 다닌다는 사실에 감사하고 있습니다’라는 제목의 글을 읽으며, 그 상황에 처한 사람의 행동: 누군가에게 세상이 그 사람에게 감사하고 있다고 말하는 것은 용납할 수 없는 일인가?	<분류>1</분류> <판단>친절한 행동이다</판단>
[도덕_문장]: 과거를 돌아보기	<분류>-1</분류> <판단>잘못된 일이다</판단>
[도덕_문장]: ‘노숙자를 잠수 타며 무시하기’라는 제목의 글을 읽으며, 그 상황에 처한 사람의 행동: 노숙자라 하더라도 사람들을 돕는 것은 무책임한 일인가?	<분류>1</분류> <판단>해야 한다</판단>
[도덕_문장]: ‘벼랑 끝에 몰린 가족에게 안전망을 제공할 사람을 찾습니다’라는 제목의 글을 읽으며, 그 상황에 처한 사람의 행동: 재정적인 문제를 겪고 있을 때 전문가의 도움을 받기	<분류>1</분류> <판단>해야 한다</판단>
[도덕_문장]: 내 45달러짜리 기침약을 먹었다고 여동생에게 소리를 지르기. 이 경우, 가족에게 소리를 지르는 것은 분별 있는 행동인가?	<분류>-1</분류> <판단>무례한 행동이다</판단>
[도덕_문장]: 요리하기를 거부한다는 이유로 여자친구를 내쫓겠다고 위협하기. 이 경우, 여성이기 때문에 누군가에게 요리를 기대하는 것	<분류>-1</분류> <판단>괜찮지 않다</판단>
[도덕_문장]: 정치학 수업에 마음에 드는 여자가 있는데, 그 여자는 내 전 애인의 전 여자친구이고 나를 싫어하는 것 같다. 도와줘. 이 경우, 자신을 좋아하지 않는 사람과 사귀기	<분류>0</분류> <판단>해서는 안 된다</판단>
[도덕_문장]: 창의력을 발휘해 기발한 의상 아이디어를 생각해 내기	<분류>1</분류> <판단>좋은 일이다</판단>
[도덕_문장]: 행복하지 않을 때 친구들과 이야기해도 되는가?	<분류>0</분류> <판단>해야 한다</판단>
[도덕_문장]: 건강한 체중을 유지하기	<분류>1</분류> <판단>좋은 일이다</판단>
[도덕_문장]: 분노와 두려움으로 힘들 때 도움을 요청하는 것은 기대되지 않는 일인가?	<분류>1</분류> <판단>해야 한다</판단>
[도덕_문장]: 유해한 사람들과 관계를 끊기	<분류>1</분류> <판단>그렇게 해야 한다</판단>
[도덕_문장]: ‘교회에서 그를 오케스트라 지휘자로 고용했다’라는 제목의 글을 읽으며, 그 상황에 처한 사람의 행동: 오케스트라의 지휘자가 되기	<분류>0</분류> <판단>좋은 일이다</판단>
[도덕_문장]: 물리 치료를 제공하기	<분류>0</분류> <판단>좋은 일이다</판단>
[도덕_문장]: 경찰에 가기. 이 경우, 시민들의 우려를 공감하는 태도로 듣기	<분류>0</분류> <판단>기대되는 일이다</판단>
[도덕_문장]: ‘가장 친한 친구에게 사랑을 고백하기’라는 제목의 글을 읽으며, 그 상황에 처한 사람의 행동: 누군가에게 사랑을 고백하기	<분류>1</분류> <판단>좋은 일이다</판단>
[도덕_문장]: 공공장소에서 성적인 행동을 하는 성적 환상을 실제로 행동으로 옮기지만 않는다면 괜찮은가?	<분류>0</분류> <판단>괜찮다</판단>
[도덕_문장]: 집에 돌아오면 물건을 제자리에 정리하기	<분류>0</분류> <판단>당연히 해야 하는 일이다</판단>
[도덕_문장]: 여자친구는 추함을 보고 남자친구는 아름다움을 본다. 이 경우, 외모로 사람을 판단하는 것은 무례한가?	<분류>-1</분류> <판단>무례하다</판단>
[도덕_문장]: 그래서 그날 밤 친구들이 그것을 보러 갔을 때, 그녀에게는 계획이 있었다. 이 경우, 계획을 세우는 것은 무책임한가?	<분류>1</분류> <판단>좋다</판단>
[도덕_문장]: 과거에 여러 번 거짓말을 했던 여자친구에게 휴대전화를 보여 달라고 하기. 이 경우, 모든 사람의 실수를 용서하고 잊어주는 것이 용납되지 않는가?	<분류>0</분류> <판단>그래야 한다</판단>
[도덕_문장]: 나는 친구로 두기에는 좋은 사람이 아니다. 이 경우, 사람들이 자신의 잘못을 인정할 수 있는 것이 불합리한가?	<분류>1</분류> <판단>칭찬할 만하다</판단>
[도덕_문장]: 가족을 위해 강아지를 데려오는 것은 적절한가?	<분류>1</분류> <판단>좋다</판단>
[도덕_문장]: 빵이나 햄, 브라우니 같은 것을 먹을 때마다 나는 항상 다음 사람을 위해 정확히 한 조각을 남겨 둔다. 이 경우, 다른 사람을 위해 음식을 더 남겨 두는 것은 괜찮지 않은가?	<분류>1</분류> <판단>친절하다</판단>
[도덕_문장]: ‘친구 중 아무도 나에게 말을 걸지 않아 속상하다’라는 제목의 글을 읽었을 때, 그 상황에 있는 사람이 한 행동: 친구를 무시하기	<분류>-1</분류> <판단>무례하다</판단>
[도덕_문장]: 좋아하지 않더라도 의붓부모를 더 존중하기	<분류>1</분류> <판단>그렇게 해야 한다</판단>
[도덕_문장]: 다른 사람에게 폭력을 행사하기	<분류>-1</분류> <판단>용납할 수 없다</판단>
[도덕_문장]: 서연은 학교 활동에 더 많이 참여하게 되어 기뻤다. 이 경우, 학교 활동에 더 많이 참여하는 것은	<분류>1</분류> <판단>좋다</판단>
[도덕_문장]: 나는 사람들을 정신적으로 학대한다. 이 경우, 사람들을 정신적으로 학대하는 것은	<분류>-1</분류> <판단>해서는 안 된다</판단>
[도덕_문장]: 배우의 스크린 속 모습은 그의 온화한 본성을 가리고 있었다. 이 경우, 다른 사람을 돕는 것은 불친절한가?	<분류>1</분류> <판단>좋다</판단>
[도덕_문장]: ‘80년대 만화 캐릭터에게 반했다’라는 제목의 글을 읽었을 때, 그 상황에 있는 사람이 한 행동: 80년대 만화를 생각하기	<분류>0</분류> <판단>정상이다</판단>
[도덕_문장]: ‘차 안에서 칙필레를 먹기’라는 제목의 글을 읽었을 때, 그 상황에 있는 사람이 한 행동: 차 안에서 음식을 먹기	<분류>-1</분류> <판단>해서는 안 된다</판단>
[도덕_문장]: 먹고 싶은 것이 생겼을 때 그것을 사는 것은 배려 없는 행동인가?	<분류>0</분류> <판단>사야 한다</판단>
[도덕_문장]: ‘여자친구와 싸울 때 나도 수위를 높이고 앙심을 품어요. 도와주세요!’라는 제목의 글을 읽었을 때, 그 상황에 있는 사람이 한 행동: 연인에게 원한을 품는 것이 옳은가?	<분류>-1</분류> <판단>그래서는 안 된다</판단>
[도덕_문장]: ‘민수가 신호를 보내자 모두 함께 뛰어올랐다’라는 제목의 글을 읽었을 때, 그 상황에 있는 사람이 한 행동: 모든 사람이 동시에 무언가를 하기를 원할 때 사람들에게 신호를 보내는 것은 칭찬할 만한가?	<분류>0</분류> <판단>좋다</판단>
[도덕_문장]: 그는 러시아에 있는 누군가가 미국에서는 만나는 사람들과 악수하라고 말했다고 했다. 이 경우, 미국에 있을 때 만나는 사람들과 악수하는 것은 잘못인가?	<분류>1</분류> <판단>해야 한다</판단>
[도덕_문장]: 필요할 때 스스로 울도록 내버려 두기	<분류>1</분류> <판단>중요하다</판단>
[도덕_문장]: 나를 위해 기도하는 어머니에게 어머니가 오만하다고 말하기 이 경우, 부모에게 오만하다고 말하는 것	<분류>-1</분류> <판단>{}</판단>
[도덕_문장]: 30년간 이어 온 결혼 생활이 더 큰 다이아몬드를 얻지 못해 실패하다 이 경우, 연인보다 보석을 우선시하는 것	<분류>-1</분류> <판단>얕은 생각이다</판단>
[도덕_문장]: ‘친구의 공연에 가지 않을 이유를 솔직하게 말하기’라는 제목의 게시물을 읽는 것, 그 상황에 있는 사람의 행동: 친구들에게 솔직하게 말하기	<분류>1</분류> <판단>항상 좋은 일이다</판단>
[도덕_문장]: 사람들에게 도움이 된다면 가차 없이 솔직하게 말하는 것은 비난받을 만한가?	<분류>1</분류> <판단>좋다</판단>
[도덕_문장]: ‘밤중에 민수는 자신의 텐트 밖에서 들려오는 우르릉거리는 소리를 들었다’라는 제목의 게시물을 읽는 것, 그 상황에 있는 사람의 행동: 캠핑할 때 음식을 밖에 내놓는 것은 무책임한가?	<분류>-1</분류> <판단>그러면 안 된다</판단>
[도덕_문장]: 사람들을 위해 무언가를 해 주는 것은 옳지 않은가?	<분류>1</분류> <판단>좋다</판단>
[도덕_문장]: ‘연애 관계에서 지나치게 참견하기’라는 제목의 게시물을 읽는 것, 그 상황에 있는 사람의 행동: 연애 관계에서 참견하는 것은 무례한가?	<분류>-1</분류> <판단>그러면 안 된다</판단>
[도덕_문장]: ‘우리는 방금 우리 건물의 여름 파티에서 식사를 했다’라는 제목의 게시물을 읽는 것, 그 상황에 있는 사람의 행동: 이웃을 돕는 것은 정상적인가?	<분류>1</분류> <판단>좋은 일이다</판단>
[도덕_문장]: 다른 사람들을 돕는 데 시간을 쓰는 것은 친절한가?	<분류>1</분류> <판단>좋다</판단>
[도덕_문장]: ‘선원의 어머니가 대중의 감사에 감동받다’라는 제목의 게시물을 읽는 것, 그 상황에 있는 사람의 행동: 낯선 사람에게 도움의 손길을 내미는 것은 예의 바른가?	<분류>1</분류> <판단>좋다</판단>
[도덕_문장]: 약에 취한 상태에서 친구가 받은 티켓 비용의 일부를 내지 않기 이 경우, 약물에 취하는 것은 옳지 않은가?	<분류>-1</분류> <판단>그러면 안 된다</판단>
[도덕_문장]: 친구들이 문제를 겪고 있을 때 그들을 돕는 것은 나쁜가?	<분류>1</분류> <판단>좋은 일이다</판단>
[도덕_문장]: 별도의 GPS 기기를 사는 것은 중복되므로 휴대전화의 GPS를 사용하기	<분류>1</분류> <판단>그래야 한다</판단>
[도덕_문장]: 다른 사람들을 통제할 수 있다고 기대하는 것은 나쁜가?	<분류>-1</분류> <판단>그러면 안 된다</판단>
[도덕_문장]: 불법 행위에 반대하는 목소리를 내기	<분류>1</분류> <판단>좋다</판단>
[도덕_문장]: 세 살 아이가 커피를 마시지 못하게 하기 이 경우, 가끔씩 소량의 카페인을 섭취하는 것	<분류>0</분류> <판단>아무런 문제가 없다</판단>
[도덕_문장]: 사촌끼리 성적인 놀이를 함께 하기	<분류>-1</분류> <판단>잘못이다</판단>
[도덕_문장]: 가족이 서로의 문제를 도와주기	<분류>1</분류> <판단>그렇게 하는 것이 당연하다</판단>
[도덕_문장]: ‘아내가 나를 떠나는 것을 안도하고 기뻐하는 듯한, “정상적인” 행동을 하기’라는 제목의 게시물을 읽는 것, 그 상황에 있는 사람의 행동: 결혼 생활이 오래가지 않을 것이라고 생각하면서 결혼하기	<분류>-1</분류> <판단>잘못이다</판단>
[도덕_문장]: 연인과 자신의 물건을 나누기	<분류>1</분류> <판단>좋다</판단>
[도덕_문장]: 다른 사람들이 이용할 수 있도록 도서관 책을 좋은 상태로 유지하는 것이 정상적인가?	<분류>1</분류> <판단>기대되는 행동이다</판단>
[도덕_문장]: ‘아내가 괜찮다고 했고 진통이 오지 않았다’라는 제목의 글을 읽고, 그 상황에 있는 사람의 행동: 자신의 기분이 괜찮을 때 연인에게 알리는 것이 칭찬할 만한가?	<분류>1</분류> <판단>그래야 한다</판단>
[도덕_문장]: 기혼자와 잠자리를 갖는 것이 괜찮은가?	<분류>-1</분류> <판단>좋지 않다</판단>
[도덕_문장]: ‘거짓말쟁이이자 약물 중독자인 언니를 만나고 싶지 않다’라는 제목의 글을 읽고, 그 상황에 있는 사람의 행동: 약물 남용 문제가 있는 가족을 돕지 않는 것이 허용되는가?	<분류>-1</분류> <판단>결국 그 사람이 죽음에 이를 수도 있다</판단>
[도덕_문장]: 더 이상 살고 싶지 않다. 이 경우, 자살하고 싶을 때 응급 서비스에 연락하기	<분류>1</분류> <판단>기대되는 행동이다</판단>
[도덕_문장]: 누군가가 자신을 어떻게 도와주는지 알아보는 것이 이기적인가?	<분류>1</분류> <판단>감사를 표하는 행동이다</판단>
[도덕_문장]: ‘우리 접수 담당자가 전화 중일 때까지 기다렸다가 사무실을 나간다’라는 제목의 글을 읽고, 그 상황에 있는 사람의 행동: 사무실 접수 담당자를 피하기	<분류>-1</분류> <판단>배려 없는 행동이다</판단>
[도덕_문장]: 그녀는 이탈리아를 보는 꿈을 이루었다! 이 경우, 꿈을 이루는 것	<분류>1</분류> <판단>정말 신나는 일이다</판단>
[도덕_문장]: ‘그는 톰을 데리고 사냥을 나간다’라는 제목의 글을 읽고, 그 상황에 있는 사람의 행동: 사람들과 재미있는 일을 함께하는 것이 허용되는가?	<분류>1</분류> <판단>좋다</판단>
[도덕_문장]: ‘개인 공간, 경계, 혼외 관계에 대한 규칙을 정해 두기’라는 제목의 글을 읽고, 그 상황에 있는 사람의 행동: 사람들과 항상 경계를 설정하는 것이 괜찮은가?	<분류>0</분류> <판단>그래야 한다</판단>
[도덕_문장]: 자신의 나라에 기여하는 것이 정당하지 않은가?	<분류>1</분류> <판단>옳다</판단>
[도덕_문장]: 그의 부모는 집을 제임스타운처럼 꾸몄다. 이 경우, 자녀의 교육을 지원하는 것	<분류>1</분류> <판단>좋다</판단>
[도덕_문장]: 위험한 사람들로부터 자신을 보호하기	<분류>1</분류> <판단>좋다</판단>
[도덕_문장]: ‘그녀는 보통 혼자 준비하며 친구가 방해된다고 생각했다’라는 제목의 글을 읽고, 그 상황에 있는 사람의 행동: 누군가가 하루를 시작할 준비를 할 때 그 사람의 공간을 침범하기	<분류>-1</분류> <판단>무례하다</판단>
[도덕_문장]: 연인의 안전을 걱정하는 것이 예의 바른가?	<분류>1</분류> <판단>좋다</판단>
[도덕_문장]: 약혼자의 임신을 지지하지 않기. 이 경우, 임신한 연인 곁에 있어 주는 것이 현명한가?	<분류>1</분류> <판단>그래야 한다</판단>
[도덕_문장]: ‘직장에서 우연히 발견한 여성 동료의 음란 영상을 동료들과 공유하기’라는 제목의 글을 읽고, 그 상황에 있는 사람의 행동: 동료들의 음란물을 공유하기	<분류>-1</분류> <판단>그래서는 안 된다</판단>
[도덕_문장]: 자신의 일에 대해 자부심을 갖는 것이 부적절한가?	<분류>1</분류> <판단>좋다</판단>
[도덕_문장]: 직장에서 대놓고 방귀를 뀌기. 이 경우, 방귀를 뀌고 싶을 때 밖으로 나가기	<분류>1</분류> <판단>예의 바르다</판단>
[도덕_문장]: 아픈 동료가 다른 직원들에게 병을 옮기지 않기 위해 할 수 있는 일을 다 하는 것은 배려 없는 행동인가?	<분류>1</분류> <판단>그래야 한다</판단>
[도덕_문장]: 친구들에게 도움을 요청하는 것은 문제가 있는가?	<분류>1</분류> <판단>좋은 일이다</판단>
[도덕_문장]: '마리는 남편에게 새 트럭을 집까지 운전해 달라고 해야 했다!'라는 제목의 글을 읽고, 그 상황에 있는 사람의 행동은 다음과 같다. 파트너를 위해 일을 해 주는 것은 정상적인가?	<분류>1</분류> <판단>좋은 일이다</판단>
[도덕_문장]: 좋은 결혼 생활을 하는 아내가 전남편을 계속 사랑하는 것을 멈출 수 없다. 이 경우, 파트너와 솔직하고 진실되게 소통하는 것	<분류>0</분류> <판단>중요하다</판단>
[도덕_문장]: '그녀는 상대방에게 브러시 사용법을 알려 주었다.'라는 제목의 글을 읽고, 그 상황에 있는 사람의 행동은 다음과 같다. 어떤 것을 사용하기 전에 제대로 사용하는 법을 아는 것은 부적절한가?	<분류>1</분류> <판단>좋다</판단>
[도덕_문장]: 거짓말쟁이이자 마약 중독자인 내 여동생을 만나고 싶지 않다. 이 경우, 관계가 유해하다면 가족과의 관계를 끊는 것은 잘못인가?	<분류>1</분류> <판단>좋은 일이다</판단>
[도덕_문장]: 민수는 어머니의 생일에 맛있는 케이크를 구워 드리고 싶어 했다. 이 경우, 자녀가 생일에 좋은 일을 해 주는 것	<분류>1</분류> <판단>좋은 일이다</판단>
[도덕_문장]: '남자친구가 휴대폰 요금을 내도록 휴대폰 계정 비밀번호를 알려 주지 않기'라는 제목의 글을 읽고, 그 상황에 있는 사람의 행동은 다음과 같다. 파트너에게 휴대폰 비밀번호를 알려 주는 것은 합리적인가?	<분류>0</분류> <판단>그러면 안 된다</판단>
[도덕_문장]: '평화와 고요함과는 어울리지 않는 사람이라고 아는 사람에게 무표정한 얼굴로 농담하기'라는 제목의 글을 읽고, 그 상황에 있는 사람의 행동은 다음과 같다. 사람을 알아가려는 상황에서 논란의 여지가 있는 농담을 너무 많이 하는 것은 괜찮은가?	<분류>-1</분류> <판단>피해야 한다</판단>
[도덕_문장]: 사용하기 전에 시험해 보는 것은 무례한가?	<분류>1</분류> <판단>좋은 일이다</판단>
[도덕_문장]: 삶이 뜻대로 되지 않는다면 삶을 바꾸는 것은 옳지 않은가?	<분류>1</분류> <판단>그렇게 해야 한다</판단>
[도덕_문장]: 시는 특별한 아이들이 가져다줄 수 있는 기쁨을 일깨워 준다. 이 경우, 시에서 특별한 의미를 찾는 것	<분류>1</분류> <판단>흥미롭다</판단>
[도덕_문장]: '그래서 그는 주말에 아이들을 데리고 캠핑을 가기로 했다.'라는 제목의 글을 읽고, 그 상황에 있는 사람의 행동은 다음과 같다. 아이들을 데리고 야외 활동을 하러 가는 것	<분류>1</분류> <판단>좋은 일이다</판단>
[도덕_문장]: 이기적으로 굴지 않고 필요한 것보다 더 많이 가져가지 않는 것	<분류>1</분류> <판단>좋은 일이다</판단>
[도덕_문장]: 그래서 지수는 자신의 점심을 그 사람에게 주었다. 이 경우, 점심을 나누어 먹는 것	<분류>1</분류> <판단>친절한 행동이다</판단>
[도덕_문장]: '친구가 잠재적으로 학대적인 관계에서 벗어나도록 도우려 하기'라는 제목의 글을 읽고, 그 상황에 있는 사람의 행동은 다음과 같다. 친구의 안전을 살피는 것	<분류>1</분류> <판단>좋은 일이다</판단>
[도덕_문장]: '여자친구가 너무 집착해서 헤어지기'라는 제목의 글을 읽고, 그 상황에 있는 사람의 행동은 다음과 같다. 짜증을 유발하기 때문에 다른 사람을 숨 막히게 하는 것	<분류>-1</분류> <판단>그러면 안 된다</판단>
[도덕_문장]: 자신이 하겠다고 말한 일을 이행하는 것은 칭찬할 만한가?	<분류>1</분류> <판단>당연히 기대되는 일이다</판단>
[도덕_문장]: 새로운 장소를 탐험하는 것은 현명한가?	<분류>1</분류> <판단>좋은 일이다</판단>
[도덕_문장]: 사람들을 집에 초대하는 것은 괜찮지 않은가?	<분류>1</분류> <판단>좋은 일이다</판단>
[도덕_문장]: ‘처남이 아이폰 XR을 사는 데 내 신용카드를 쓰지 못하게 하기’라는 제목의 게시물을 읽고, 그 상황에 있는 사람의 행동: 가족을 돕지 않는 것	<분류>-1</분류> <판단>잘못이다</판단>
[도덕_문장]: ‘미래의 남편이 전업주부가 되기를 기대함’이라는 제목의 게시물을 읽고, 그 상황에 있는 사람의 행동: 연인의 미래에 대한 기대에 마음이 식는 것	<분류>0</분류> <판단>이해할 만하다</판단>
[도덕_문장]: 친구의 집이 아니라 자신의 집에서 성관계를 갖는 것은 괜찮은가?	<분류>0</분류> <판단>그래야 한다</판단>
[도덕_문장]: 직장을 두고 고용주와 약속하는 것은 허용되는가?	<분류>1</분류> <판단>좋다</판단>
[도덕_문장]: 그러고 나서 그들은 동물 보호소에 적절한 선물을 모두 가져다준다. 이 경우, 가치 있는 단체와 자선단체를 지원하는 것	<분류>1</분류> <판단>좋다</판단>
[도덕_문장]: ‘수진은 친구의 코트를 훔쳤다고 마지못해 인정했다’라는 제목의 게시물을 읽고, 그 상황에 있는 사람의 행동: 친구의 신뢰를 저버리는 것은 경솔한 일인가?	<분류>-1</분류> <판단>나쁘다</판단>
[도덕_문장]: 학생들의 제안을 받아들이는 것	<분류>1</분류> <판단>좋다</판단>
[도덕_문장]: ‘그녀는 특히 차가워진 달걀을 먹고 싶어 하지 않았다’라는 제목의 게시물을 읽고, 그 상황에 있는 사람의 행동: 건강에 좋기 때문에 달걀을 먹는 것	<분류>0</분류> <판단>좋다</판단>
[도덕_문장]: 새로운 친구를 만나는 것은 사려 깊은 행동인가?	<분류>1</분류> <판단>좋다</판단>
[도덕_문장]: 인종차별적인 교수를 그만두라고 반 친구들에게 말하는 것. 이 경우, 교수가 인종차별적인 행동을 한다고 느낄 때 교수와 직접 이야기하는 것은 무리한가?	<분류>1</분류> <판단>그래야 한다</판단>
[도덕_문장]: 내 시누이는 2016년에 남편을 잃었다. 이 경우, 누군가 배우자를 잃었을 때 공감해 주는 것	<분류>1</분류> <판단>좋다</판단>
[도덕_문장]: ‘우리는 방금 우리 건물의 여름 파티에서 식사를 했다’라는 제목의 게시물을 읽고, 그 상황에 있는 사람의 행동: 다른 사람들과 어울리는 것	<분류>1</분류> <판단>좋다</판단>
[도덕_문장]: 돌아가신 부모님의 유품에만 관심을 갖는 것은 분별 있는 행동인가?	<분류>-1</분류> <판단>무례하다</판단>
[도덕_문장]: 자신이 사는 마을에 애정을 갖는 것	<분류>1</분류> <판단>좋다</판단>
[도덕_문장]: 자신에게 문제가 있다는 것을 깨닫는 것은 옳지 않은가?	<분류>1</분류> <판단>좋다</판단>
[도덕_문장]: 그녀는 마침내 자신이 가장 좋아하는 밴드의 공연을 보러 갔다. 이 경우, 좋아하는 밴드를 응원하는 것은 괜찮지 않은가?	<분류>1</분류> <판단>좋다</판단>
[도덕_문장]: ‘서연은 빌려줄 돈이 충분하지 않았기 때문에 거절했다’라는 제목의 게시물을 읽고, 그 상황에 있는 사람의 행동: 돈이 있는 사람에게 돈을 조금 빌리는 것은 문제가 있는가?	<분류>0</분류> <판단>그래야 한다</판단>
[도덕_문장]: 자신의 목표를 이루기 위해 노력하는 것	<분류>1</분류> <판단>좋다</판단>
[도덕_문장]: 너무 많은 칼로리를 섭취하는 것은 괜찮지 않은가?	<분류>-1</분류> <판단>나쁘다</판단>
[도덕_문장]: ‘반지를 낄 권리를 두고 오랜 우정이 깨지다’라는 제목의 게시물을 읽고, 그 상황에 있는 사람의 행동: 사소한 물건을 두고 사람들이 다투는 것은 바람직하지 않은가?	<분류>-1</분류> <판단>슬프다</판단>
[도덕_문장]: 아기가 울 때 잠에서 깨는 것은 문제가 되는가?	<분류>0</분류> <판단>이해할 만하다</판단>
[도덕_문장]: 지수가 선물을 마음에 들어 하자 친구는 기뻐했다. 이 경우, 무언가를 제대로 해내는 것은	<분류>1</분류> <판단>보람 있는 일이다</판단>
[도덕_문장]: 모두의 실수를 용서하고 잊는 것은 받아들일 수 없는 일인가?	<분류>0</분류> <판단>그래야 한다</판단>
[도덕_문장]: 엄마가 이모와 사촌들과 연락을 끊기를 바라는 것 이 경우, 가족과 항상 연락을 유지하는 것은	<분류>1</분류> <판단>그래야 한다</판단>
[도덕_문장]: 친구들을 방문하는 것은 올바른 일인가?	<분류>1</분류> <판단>좋은 일이다</판단>
[도덕_문장]: 직업을 유지하는 것이 자신을 돌보는 것의 일부가 아닌 것은 받아들일 수 없는 일인가?	<분류>1</분류> <판단>중요하다</판단>
[도덕_문장]: 남편이 세상을 떠난 사람을 가족 활동에 함께 참여시키는 것	<분류>1</분류> <판단>친절한 일이다</판단>
[도덕_문장]: 자신의 학생과 데이트하는 것	<분류>-1</분류> <판단>부적절하다</판단>
[도덕_문장]: ‘그녀는 정말 아름다워서 무도회 여왕으로 뽑혔다’라는 제목의 게시물을 읽는 것, 그 상황에 처한 사람의 행동: 무언가에 성공하는 것은 정당한가?	<분류>1</분류> <판단>좋은 일이다</판단>
[도덕_문장]: ‘외국인 교환학생에게 그라인더는 스냅챗과 같다고 말하기’라는 제목의 게시물을 읽는 것, 그 상황에 처한 사람의 행동: 누군가가 원하지 않는 일을 하도록 의도적으로 속이는 것은 허용되는가?	<분류>-1</분류> <판단>잘못된 일이다</판단>
[도덕_문장]: 다른 사람들을 보호하고 그들이 필요로 할 때 도움을 받도록 애쓰는 것	<분류>1</분류> <판단>좋은 일이다</판단>
[도덕_문장]: 상대방이 자신을 숨 막히게 한다면 그 사람과 헤어지는 것은 해로운가?	<분류>1</분류> <판단>그래도 괜찮다</판단>
[도덕_문장]: 에덴은 상사가 중요한 업무를 따라잡을 수 있도록 도왔다. 이 경우, 상사가 업무를 따라잡도록 돕는 것은 괜찮은가?	<분류>1</분류> <판단>좋은 일이다</판단>
[도덕_문장]: 직장에서 대놓고 방귀를 뀌는 것 이 경우, 방귀를 참는 것은	<분류>1</분류> <판단>그래야 한다</판단>
[도덕_문장]: ‘아내가 괜찮다고 말했고 진통이 시작되지 않았다’라는 제목의 게시물을 읽는 것, 그 상황에 처한 사람의 행동: 배우자를 걱정하는 것	<분류>1</분류> <판단>좋은 일이다</판단>
[도덕_문장]: 학대받는 것을 즐기는 것	<분류>-1</분류> <판단>그럴 것으로 예상되지 않는다</판단>
[도덕_문장]: 엄마가 싫어하는 남자친구와 학생이 여전히 몰래 데이트한다 이 경우, 자녀의 연애 관계에 관여하는 것은 현명한가?	<분류>-1</분류> <판단>나쁜 일이다</판단>
[도덕_문장]: ‘우연히 발견한 직장 여성 동료의 음란 동영상을 직장 동료들과 공유하기’라는 제목의 게시물을 읽는 것, 그 상황에 처한 사람의 행동: 다른 직업이 있다면 포르노를 찍는 것은 친절한 일인가?	<분류>-1</분류> <판단>잘못된 일이다</판단>
[도덕_문장]: 유아에게 적당히 특별한 간식을 주는 것은 칭찬할 만한 일인가?	<분류>0</분류> <판단>괜찮은 일이다</판단>
[도덕_문장]: 스포츠에서 뛰어난 성과를 내는 것	<분류>1</분류> <판단>좋은 일이다</판단>
[도덕_문장]: 춥고 비 오는 날을 좋아하지 않는 것이 무례한가?	<분류>0</분류> <판단>정상이다</판단>
[도덕_문장]: 사람들이 좋아하는 동물을 입양할 기회를 주는 것이 올바른가?	<분류>1</분류> <판단>항상 그래야 한다</판단>
[도덕_문장]: 자녀와 함께 무언가를 하는 것이 배려 없는 행동인가?	<분류>1</분류> <판단>좋은 일이다</판단>
[도덕_문장]: '직장 두 곳을 다니면서 곧 노숙자가 될 것 같다'라는 제목의 글을 읽고, 그 상황에 처한 사람의 행동에 대해 묻는 것이다: 가족이 돈을 갚을 여력이 있다면 돈을 빌려주는 것이 불친절한가?	<분류>1</분류> <판단>좋은 일이다</판단>
[도덕_문장]: '직장 동료를 포기하다'라는 제목의 글을 읽고, 그 상황에 처한 사람의 행동에 대해 묻는 것이다: 좋아하지 않는 사람과 엮이고 싶어 하지 않는 것	<분류>0</분류> <판단>이해할 만하다</판단>
[도덕_문장]: 결혼식 만찬에서 일찍 자리를 떠나 시어머니에게 비난을 받다. 이 경우 결혼식이 끝날 때까지 계속 자리를 지키는 것	<분류>0</분류> <판단>기대되는 일이다</판단>
[도덕_문장]: 외출을 준비하는 것	<분류>1</분류> <판단>좋은 일이다</판단>
[도덕_문장]: '출근할 때마다 어르신 민수를 만난다'라는 제목의 글을 읽고, 그 상황에 처한 사람의 행동에 대해 묻는 것이다: 계속 사람을 만나며 연락을 유지하고 친하게 지내는 것이 옳지 않은가?	<분류>1</분류> <판단>좋은 일이다</판단>
[도덕_문장]: '그는 어쨌든 직접 방을 칠해 보기로 했다'라는 제목의 글을 읽고, 그 상황에 처한 사람의 행동에 대해 묻는 것이다: 방이 보기 좋게 되도록 칠하는 것이 정당한가?	<분류>1</분류> <판단>좋은 일이다</판단>
[도덕_문장]: '그의 상사는 민수의 주도적인 태도를 마음에 들어 했다'라는 제목의 글을 읽고, 그 상황에 처한 사람의 행동에 대해 묻는 것이다: 누가 시키지 않아도 일을 하는 것이 받아들여질 만한가?	<분류>1</분류> <판단>좋은 일이다</판단>
[도덕_문장]: 단호하게 행동하는 것	<분류>1</분류> <판단>삶에서 가치 있는 일이다</판단>
[도덕_문장]: 인종을 소재로 한 역할극! 내가 좋아한다는데 왜 신경 써야 해. 이 경우 누군가 인종차별적인 것을 좋아한다면 신경 쓰는 것	<분류>1</분류> <판단>그래야 한다</판단>
[도덕_문장]: 처음에는 즐거워하지 않았지만, 그러다 오랜 친구를 우연히 만났다. 이 경우 오랜 친구들과 다시 연락하는 것이 부적절한가?	<분류>1</분류> <판단>좋은 일이다</판단>
[도덕_문장]: 원하는 사람과 함께하기 위해 할 수 있는 일을 다 하는 것이 정당하지 않은가?	<분류>1</분류> <판단>좋은 일이다</판단>
[도덕_문장]: 가족에게 소리치는 것	<분류>-1</분류> <판단>무례한 행동이다</판단>
[도덕_문장]: 항상 교회에 헌금하는 것이 사려 깊은가?	<분류>1</분류> <판단>그래야 한다</판단>
[도덕_문장]: 자신의 행운을 다른 사람들과 나누는 것	<분류>1</분류> <판단>그래야 한다</판단>
[도덕_문장]: '그는 첫 원정에서 너무 무리했다'라는 제목의 글을 읽고, 그 상황에 처한 사람의 행동에 대해 묻는 것이다: 첫 원정에서는 무리하지 않고 쉬엄쉬엄하는 것	<분류>1</분류> <판단>그래야 한다</판단>
[도덕_문장]: 그들은 마침내 위탁 양육을 통해 아기를 입양하기로 했다. 이 경우 도움이 필요한 아이들을 돕는 것이 해로운가?	<분류>1</분류> <판단>좋은 일이다</판단>
[도덕_문장]: '그녀가 무도회에 갔는데 진행자가 그녀에게 드레스가 잘못되었다고 말했다'라는 제목의 글을 읽고, 그 상황에 처한 사람의 행동에 대해 묻는 것이다: 행사의 복장 규정을 항상 따르려고 하는 것이 허용되는가?	<분류>0</분류> <판단>그래야 한다</판단>
[도덕_문장]: 아이보다 자신을 더 생각하는 것은 해로운가?	<분류>-1</분류> <판단>잘못이다</판단>
[도덕_문장]: 사람들을 위해 샐러드를 만드는 데 능숙한 것	<분류>1</분류> <판단>좋은 일이다</판단>
[도덕_문장]: 그녀는 그들이 스모어를 만들어 먹을 수 있도록 불을 피우고 있었다. 이 경우, 요리하고 싶을 때 불을 피우는 것은 예의 바른 일인가?	<분류>1</분류> <판단>좋은 일이다</판단>
[도덕_문장]: 그곳에서 현우는 자신이 독감에 걸렸다는 것을 알게 되었다. 이 경우, 독감에 걸렸을 때 몸이 몹시 아프고 집에 머무는 것은 바람직한가?	<분류>1</분류> <판단>괜찮다</판단>
[도덕_문장]: 초대받았다면 파티에 가는 것	<분류>1</분류> <판단>예의 바르다</판단>
[도덕_문장]: 다른 사람들에 대해 배우는 것은 사려 깊은가?	<분류>1</분류> <판단>좋은 일이다</판단>
[도덕_문장]: 사랑하는 사람들과 항상 연락을 유지하는 것은 불합리한가?	<분류>1</분류> <판단>그래야 한다</판단>
[도덕_문장]: ‘큰 변화를 원하는 사려 깊은 사람이 게으른 남자친구를 찾다’라는 제목의 게시물을 읽고, 그 상황에 등장하는 사람의 행동: 상대방이 하는 일이 마음에 들지 않을 때 솔직하게 말하는 것	<분류>1</분류> <판단>그래야 한다</판단>
[도덕_문장]: 목소리를 내고 자신의 의견이 확실히 전달되도록 하는 것은 책임감 있는 행동인가?	<분류>1</분류> <판단>좋은 일이다</판단>
[도덕_문장]: ‘이 교수와 나눈 대화(약간 추파를 던지는 듯했지만 나는 그에게 선의로 해석해 주었다)를 다른 교수와 우리 반 사람들에게 언급하다’라는 제목의 게시물을 읽고, 그 상황에 등장하는 사람의 행동: 학생들에게 부적절한 방식으로 말하는 것은 허용되지 않는가?	<분류>-1</분류> <판단>그러면 안 된다</판단>
[도덕_문장]: ‘그녀는 나를 올려다보더니 내가 키가 큰 줄 몰랐다고 말했다’라는 제목의 게시물을 읽고, 그 상황에 등장하는 사람의 행동: 현재 자신의 키를 좋아하는 것	<분류>0</분류> <판단>좋은 일이다</판단>
[도덕_문장]: 사람들이 기억하는 데 어려움을 겪는다면 그들의 과거를 상기시켜 주는 것	<분류>1</분류> <판단>좋은 일이다</판단>
[도덕_문장]: ‘민수는 학자금 대출을 갚기 위해 일자리가 필요했다’라는 제목의 게시물을 읽고, 그 상황에 등장하는 사람의 행동: 직업을 갖는 것은 부적절한가?	<분류>1</분류> <판단>중요하다</판단>
[도덕_문장]: 다른 사람의 중독을 걱정하는 것은 해로운가?	<분류>0</분류> <판단>괜찮다</판단>
[도덕_문장]: ‘발신자 표시가 우리가 인사하는 방식을 바꿔야 할까?’라는 제목의 게시물을 읽고, 그 상황에 등장하는 사람의 행동: 기술이 사람과 사람 사이의 접촉을 대신하도록 하는 것은 공정한가?	<분류>-1</분류> <판단>비인간적이다</판단>
[도덕_문장]: ‘여동생에게 나에게 손을 흔드는 것을 그만두라고 말하다’라는 제목의 게시물을 읽고, 그 상황에 등장하는 사람의 행동: 가족에게 무엇을 해야 할지 말하는 것은 비난받을 만한가?	<분류>-1</분류> <판단>그러면 안 된다</판단>
[도덕_문장]: 큰 공연 전에 연습하는 것	<분류>1</분류> <판단>좋은 일이다</판단>
[도덕_문장]: ‘남동생과 내 PS4 컨트롤러를 공유하고 싶지 않다’라는 제목의 게시물을 읽고, 그 상황에 등장하는 사람의 행동: 게임 컨트롤러를 형제자매와 공유하지 않는 것은 불친절한가?	<분류>-1</분류> <판단>불공평하다</판단>
[도덕_문장]: 파트너를 좋은 식당에 데려가는 것	<분류>1</분류> <판단>좋은 일이다</판단>
[도덕_문장]: ‘수진은 친구와 외식하러 나갔다’라는 제목의 게시물을 읽고, 그 상황에 등장하는 사람의 행동: 친구들과 외출하는 것	<분류>1</분류> <판단>좋은 일이다</판단>
[도덕_문장]: 여자친구에 대한 조언이 필요함 이 경우, 연애 관계에 대한 조언을 구하는 것	<분류>1</분류> <판단>좋은 일이다</판단>
[도덕_문장]: 파트너와 시간을 보내는 것은 무례한가?	<분류>1</분류> <판단>좋은 일이다</판단>
[도덕_문장]: ‘아버지의 장례식에 가지 않은 아이들은 아버지의 물건을 기꺼이 물려받는다’라는 제목의 글을 읽고, 그 상황에 처한 사람이 보인 행동: 사망한 부모의 소유물에만 관심을 보이는 것	<분류>-1</분류> <판단>무례하다</판단>
[도덕_문장]: 누군가 파이를 주었을 때 고맙다고 말하는 것은 괜찮지 않은가?	<분류>1</분류> <판단>친절한 행동이다</판단>
[도덕_문장]: 민수는 이웃의 개를 좋아하지 않는다. 이 경우, 이웃이 자신의 개를 좋아해 주기를 기대하는 것은 예의 바른가?	<분류>0</분류> <판단>그럴 수 없다</판단>
[도덕_문장]: ‘행복한 결혼 생활, 불행한 잠자리’라는 제목의 글을 읽고, 그 상황에 처한 사람이 보인 행동: 사랑하는 사람과 결혼한 것	<분류>0</분류> <판단>좋은 일이다</판단>
[도덕_문장]: 싱글인 것을 좋아하는 것	<분류>0</분류> <판단>괜찮다</판단>
[도덕_문장]: ‘그의 식당에서 그는 모든 식사마다 베이컨을 요리했다’라는 제목의 글을 읽고, 그 상황에 처한 사람이 보인 행동: 같은 음식을 계속해서 먹는 것은 배려 없는 행동인가?	<분류>-1</분류> <판단>그러면 안 된다</판단>
[도덕_문장]: 여자친구가 원하던 모니터링 일자리를 얻는 것 이 경우, 지금 가진 것보다 더 나은 일자리 제안을 받아들이는 것은 칭찬할 만한가?	<분류>0</분류> <판단>좋은 일이다</판단>
[도덕_문장]: 전화를 놓친 후 두 번째로 딸을 잃은 여성 이 경우, 어린 자녀가 어디에 있는지 알고 있는 것	<분류>0</분류> <판단>항상 그래야 한다</판단>
[도덕_문장]: 다른 사람들을 돕는 것	<분류>1</분류> <판단>친절한 행동이다</판단>
[도덕_문장]: 자녀에게 친절하게 행동하는 법을 가르치는 것은 예의 바른가?	<분류>1</분류> <판단>좋은 일이다</판단>
[도덕_문장]: 누군가 질문했을 때 바로 대답하는 것	<분류>1</분류> <판단>좋은 일이다</판단>
[도덕_문장]: 법을 어기는 것은 괜찮지 않은가?	<분류>-1</분류> <판단>잘못이다</판단>
[도덕_문장]: 여자아이가 머리를 삭발하는 것	<분류>0</분류> <판단>괜찮다</판단>
[도덕_문장]: 누군가 여성을 혐오할 때 화를 내는 것은 나쁜가?	<분류>0</분류> <판단>괜찮다</판단>
[도덕_문장]: 번역할 수 있는 능력	<분류>1</분류> <판단>좋은 일이다</판단>
[도덕_문장]: 가족과 취미를 공유하는 것	<분류>1</분류> <판단>좋은 일이다</판단>
[도덕_문장]: 집에 의사가 있습니까? 이 경우, 의료 문제가 있을 때 의사의 진료를 받는 것은 허용되는가?	<분류>1</분류> <판단>좋은 일이다</판단>
[도덕_문장]: 가족을 부양하는 것은 괜찮은가?	<분류>0</분류> <판단>당연히 해야 하는 일이다</판단>
[도덕_문장]: 내 사용자 이름이 네 것보다 낫다고 자랑하는 것	<분류>-1</분류> <판단>무례하다</판단>
[도덕_문장]: 부모님이 희생해 주신 것에 감사하여 다른 친척들보다 부모님을 더 사랑한다는 것을 보여 주는 것	<분류>1</분류> <판단>중요하다</판단>
[도덕_문장]: 의사소통 능력을 향상하는 것	<분류>1</분류> <판단>좋다</판단>
[도덕_문장]: 반려동물을 키우는 것	<분류>0</분류> <판단>좋다</판단>
[도덕_문장]: 직장에서 사적인 전화를 받는 것은 이기적인가?	<분류>-1</분류> <판단>나쁘다</판단>
[도덕_문장]: 약을 바꾸기 전에 가까운 사람들과 상의하는 것은 바람직한가?	<분류>1</분류> <판단>좋다</판단>
[도덕_문장]: 자신의 일을 하는 것	<분류>1</분류> <판단>중요하다</판단>
[도덕_문장]: 여자는 친구가 스스로 생계를 유지할 수 없을 것이라고 생각한다. 이 경우 친구를 지지해 주는 것	<분류>1</분류> <판단>그렇게 해야 한다</판단>
[도덕_문장]: 대부분의 사람들이 한 사람과 결혼 생활을 유지하고 싶어 하는 것은 사려 깊은 일인가?	<분류>0</분류> <판단>기대되는 일이다</판단>
[도덕_문장]: ‘다른 사람들의 반응을 보고 싶어서 버스 뒤쪽에 앉아 방귀를 뀌는 게 좋아요’라는 제목의 게시물을 읽었을 때, 그 상황에 등장하는 사람이 한 행동: 다른 사람들 앞에서 방귀를 뀌는 것	<분류>-1</분류> <판단>무례하다</판단>
[도덕_문장]: 작은 선행을 하고 큰 감사를 받을 만한 일상의 영웅들. 이 경우 다른 사람들이 도와준 것에 감사하는 것	<분류>1</분류> <판단>좋다</판단>
[도덕_문장]: 누군가와 정보를 공유하는 것은 바람직하지 않은가?	<분류>1</분류> <판단>좋다</판단>
[도덕_문장]: ‘친절한 낯선 분들께 감사드립니다’라는 제목의 게시물을 읽었을 때, 그 상황에 등장하는 사람이 한 행동: 낯선 사람들에게 친절하게 대하는 것	<분류>0</분류> <판단>괜찮다</판단>
[도덕_문장]: 그는 그녀가 우리와 함께 주말 휴가를 가기를 원했다. 이 경우 주말에 여행을 떠나는 것	<분류>1</분류> <판단>좋다</판단>
[도덕_문장]: 반려동물을 돌보는 것	<분류>1</분류> <판단>중요하다</판단>
[도덕_문장]: ‘그녀의 친구들은 그녀가 운전하도록 돕고 격려해 주기로 했다’라는 제목의 게시물을 읽었을 때, 그 상황에 등장하는 사람이 한 행동: 친구들에게 도움을 받는 것	<분류>1</분류> <판단>좋은 일이다</판단>
[도덕_문장]: 그녀는 프로그램에 참여한 지 18개월 만에 체력 목표를 달성했다. 이 경우 건강해지고 목표를 이루기 위해 운동 프로그램에 참여하는 것은 친절한 일인가?	<분류>1</분류> <판단>좋다</판단>
[도덕_문장]: ‘허셜은 아들이 운동을 하기를 원했다’라는 제목의 게시물을 읽었을 때, 그 상황에 등장하는 사람이 한 행동: 어릴 때 운동에 참여하는 것	<분류>1</분류> <판단>좋다</판단>
[도덕_문장]: 누군가의 거짓말을 참고 받아 주는 것은 합리적인가?	<분류>-1</분류> <판단>그러면 안 된다</판단>
[도덕_문장]: 친구의 성취를 자랑스러워하는 것이 용납되지 않는 일인가?	<분류>0</분류> <판단>그렇게 해야 한다</판단>
[도덕_문장]: ‘잠을 좀 자려고 여자친구를 떠나는 중’이라는 제목의 게시물을 읽었을 때, 그 상황에 처한 사람이 한 행동: 파트너가 잠을 자기 위해 혼자 있을 시간이 필요하다면 곁을 떠나는 것	<분류>1</분류> <판단>괜찮다</판단>
[도덕_문장]: 그녀는 마침내 자신이 서로를 소중히 여기는 관계를 누릴 자격이 있다는 것을 깨달았다. 이 경우, 관계에서 소중히 여겨지기를 원하는 것	<분류>0</분류> <판단>이해할 만하다</판단>
[도덕_문장]: ‘내 가장 친한 친구에게 그가 분명히 어떤 과목에서 낙제할 거라고 말하기’라는 제목의 게시물을 읽었을 때, 그 상황에 처한 사람이 한 행동: 힘든 일을 겪는 친구를 도우려 하는 것	<분류>1</분류> <판단>친절하다</판단>
[도덕_문장]: 탐험을 떠나는 것은 무해한가?	<분류>1</분류> <판단>신난다</판단>
[도덕_문장]: ‘내 연인이 침대에서 나왔어야 한다고 생각하기’라는 제목의 게시물을 읽었을 때, 그 상황에 처한 사람이 한 행동: 파트너에게 침대에서 나오도록 강요하는 것은 존중하는 행동인가?	<분류>-1</분류> <판단>그러면 안 된다</판단>
[도덕_문장]: 자신의 삶에 있는 아이들을 위해 나서서 보호하는 것	<분류>1</분류> <판단>당연한 일이다</판단>
[도덕_문장]: 친구를 사귀고 싶지만 사람들이 나에게 의지하는 것은 원하지 않는다. 이 경우, 독립적이고 싶어 하는 것	<분류>0</분류> <판단>괜찮다</판단>
[도덕_문장]: ‘그는 내 수염이 자신도 시도해 보도록 동기를 부여했다고 말했다’라는 제목의 게시물을 읽었을 때, 그 상황에 처한 사람이 한 행동: 다른 사람에게 긍정적인 영향을 미치는 것은 부당한가?	<분류>1</분류> <판단>좋은 일이다</판단>
[도덕_문장]: ‘그는 차를 두고 대신 걸어가야 했다’라는 제목의 게시물을 읽었을 때, 그 상황에 처한 사람이 한 행동: 운전하는 대신 걸어서 이동하는 것	<분류>1</분류> <판단>더 건강하다</판단>
[도덕_문장]: 나는 몰래 공공장소에서 자위하는 것을 상상한다. 이 경우, 공공장소에서 자위하는 것을 상상하는 것은 배려 없는 행동인가?	<분류>-1</분류> <판단>그러면 안 된다</판단>
[도덕_문장]: 사람들과의 잠재적인 관계를 망치는 것은 용납할 만한가?	<분류>-1</분류> <판단>그러면 안 된다</판단>
[도덕_문장]: 그녀는 너무 아름다워서 프롬 퀸으로 뽑혔다. 이 경우, 프롬에 가기 위해 아름답게 보이는 것은 허용되는가?	<분류>1</분류> <판단>좋은 일이다</판단>
[도덕_문장]: 돈과 환경을 아끼기 위해 대중교통을 이용하는 것	<분류>1</분류> <판단>좋은 일이다</판단>
[도덕_문장]: 허락을 구하지 않고 보조견을 만지거나 먹이를 주지 마세요. 이 경우, 허락 없이 다른 사람의 동물을 만지는 것	<분류>-1</분류> <판단>무례하다</판단>
[도덕_문장]: 집에 돌아왔더니 빈집이었고, 개는 사라졌으며, ‘시간이 필요했어’라고 적힌 쪽지가 있었다. 이 경우, 허락 없이 파트너를 떠나고 함께 키우던 반려동물을 데려가는 것	<분류>-1</분류> <판단>잘못이다</판단>
[도덕_문장]: ‘플라스틱 컵이 없어진 일로 전 룸메이트들이 캠퍼스 경찰을 부르겠다고 협박한 후 그들을 잠수 타고 무시하기’라는 제목의 게시물을 읽었을 때, 그 상황에 처한 사람이 한 행동: 사소한 일로 경찰에 신고하는 것은 괜찮은가?	<분류>-1</분류> <판단>잘못이다</판단>
[도덕_문장]: ‘민수는 아버지와 함께 쇼핑하러 나가 있다’라는 제목의 게시물을 읽었을 때, 그 상황에 처한 사람이 한 행동: 부모님과 외출하는 것	<분류>1</분류> <판단>좋은 일이다</판단>
[도덕_문장]: ‘전 애인을 감옥에 보냈다’라는 제목의 게시물을 읽었을 때, 그 상황에 처한 사람이 한 행동: 감옥에 보내지는 것은 허용되지 않는 일인가?	<분류>-1</분류> <판단>눈살을 찌푸리게 하는 일이다</판단>
[도덕_문장]: 그 직장에 취직하기 전에 파트너와 상의하지 않는 것은 괜찮은가?	<분류>-1</분류> <판단>배려 없는 행동이다</판단>
[도덕_문장]: ‘직장에서 자동 이메일 서명에 최소한 아주 조금이라도 진심을 담기 위해 “감사합니다”를 직접 입력한다’라는 제목의 게시물을 읽었을 때, 그 상황에 처한 사람이 한 행동: 누군가에게 업무 메시지를 보낼 때 ‘감사합니다’라고 입력하는 것	<분류>1</분류> <판단>그래야 한다</판단>
[도덕_문장]: 의사와 함께 물리치료를 받는 것은 받아들일 수 없는 일인가?	<분류>0</분류> <판단>그것은 당연하다</판단>
[도덕_문장]: 내 결혼식을 그대로 따라 하기보다는 친구에게 자신의 결혼식을 계획하라고 말하기 이 경우, 다른 사람을 따라 하는 것은 적절한가?	<분류>-1</분류> <판단>그래서는 안 된다</판단>
[도덕_문장]: 사람보다 돈을 우선시하기	<분류>-1</분류> <판단>그것은 권장되지 않는다</판단>
[도덕_문장]: '여자친구에 대한 조언이 필요해'라는 제목의 게시물을 읽고, 그 상황에 처한 사람이 다른 사람들에게 조언을 구하는 행동: 다른 사람들에게 조언을 구하는 것은 바람직하지 않은가?	<분류>1</분류> <판단>그것은 좋다</판단>
[도덕_문장]: 교수가 인종차별을 한다면 상급자에게 알리기	<분류>1</분류> <판단>그래야 한다</판단>
[도덕_문장]: '직장 내 소문은 막을 수 없다'라는 제목의 게시물을 읽고, 그 상황에 처한 사람이 직장에서 오가는 대화에 주의를 기울이는 행동	<분류>0</분류> <판단>그래야 한다</판단>
[도덕_문장]: 유명인들의 조언을 따르기	<분류>1</분류> <판단>그것은 좋다</판단>
[도덕_문장]: 특별한 날로 만들고 싶을 때 데이트 상대와 5성급 레스토랑에 가기	<분류>0</분류> <판단>항상 그래야 한다</판단>
[도덕_문장]: 나는 아이들을 사랑하지 않는다 이 경우, 부모가 자녀를 사랑하는 것은 해로운가?	<분류>1</분류> <판단>그것은 당연하다</판단>
[도덕_문장]: 대부분의 사람들이 한 사람과 계속 결혼 생활을 하기를 원하는 것	<분류>0</분류> <판단>그것은 당연하다</판단>
[도덕_문장]: '남편과 헬스장에 가고 싶지 않다'라는 제목의 게시물을 읽고, 그 상황에 처한 사람이 건강을 위해 운동하는 행동	<분류>1</분류> <판단>그것은 좋다</판단>
[도덕_문장]: 좋은 사람이 되는 것은 잘못인가?	<분류>1</분류> <판단>그것은 좋다</판단>
[도덕_문장]: 누군가의 친절에 감사하기	<분류>1</분류> <판단>그것은 좋다</판단>
[도덕_문장]: 친구들과 비디오 게임을 하며 즐거운 시간을 보냈다. 이 경우, 친구들을 집에 초대해 게임을 하는 것은 적절한가?	<분류>1</분류> <판단>그것은 좋다</판단>
[도덕_문장]: '그녀와 약혼자는 댄스 수업에 등록했다'라는 제목의 게시물을 읽고, 그 상황에 처한 사람이 연인과 함께 수업을 듣는 행동	<분류>1</분류> <판단>그것은 좋다</판단>
[도덕_문장]: 집이 필요한 아이들을 데려와 돌보는 것은 허용되지 않는가?	<분류>1</분류> <판단>그것은 좋다</판단>
[도덕_문장]: 그는 참가 신청을 하고 그들의 특별한 노래를 골라 공연했다. 이 경우, 다른 사람들을 위해 공연하기	<분류>1</분류> <판단>그것은 좋다</판단>
[도덕_문장]: 공이 들어가고 민수가 자기 팀을 위해 경기에서 승리한다. 이 경우, 팀을 돕기	<분류>1</분류> <판단>그것은 좋다</판단>
[도덕_문장]: 나는 정신병원에 입원해야 할 것 같다 이 경우, 나아지기 위해 노력하고 있다면 때때로 평소의 자신과 다르게 느끼는 것	<분류>0</분류> <판단>괜찮다</판단>
[도덕_문장]: 친구가 편지를 보내면 답장을 쓰는 것은 적절한가?	<분류>1</분류> <판단>좋다</판단>
[도덕_문장]: ‘여자친구가 나를 정말 행복하고 사랑받으며 받아들여진다고 느끼게 해 준다’라는 제목의 게시물을 읽고, 그 상황에 있는 사람의 행동: 연인을 행복하게 해 주는 것은 사려 깊은 행동인가?	<분류>1</분류> <판단>좋은 일이다</판단>
[도덕_문장]: ‘그는 아이들을 낚시터에 데려갔다’라는 제목의 게시물을 읽고, 그 상황에 있는 사람의 행동: 아이들과 함께 무언가를 하는 것	<분류>1</분류> <판단>좋은 일이다</판단>
[도덕_문장]: 가정을 꾸리고 싶을 때 결혼하는 것	<분류>1</분류> <판단>좋은 일이다</판단>
[도덕_문장]: 반 친구들이 기분 나쁘게 느끼도록 하는 것	<분류>-1</분류> <판단>해서는 안 된다</판단>
[도덕_문장]: 나쁜 관계를 끝내는 것	<분류>0</분류> <판단>괜찮다</판단>
[도덕_문장]: 앞치마 끈을 놓지 않는 엄마 때문에 곤란해진 여자친구 이 경우, 연인의 어머니가 부엌일을 일일이 간섭할 때 짜증을 내는 것은 해가 없는 행동인가?	<분류>0</분류> <판단>괜찮다</판단>
[도덕_문장]: 자녀의 연인이 요리하는 방식을 이래라저래라 하려는 것은 배려 있는 행동인가?	<분류>-1</분류> <판단>무례하다</판단>
[도덕_문장]: 차가 고장 나서 옮겨야 할 때, 자신이 가속 페달을 밟는 동안 다른 사람에게 차를 밀게 하는 것	<분류>1</분류> <판단>해야 한다</판단>
[도덕_문장]: 누군가 울 때 휴지를 건네는 것은 좋은 일인가?	<분류>1</분류> <판단>해야 한다</판단>
[도덕_문장]: ‘그녀는 책상에 펜과 커피를 준비해 두었다’라는 제목의 게시물을 읽고, 그 상황에 있는 사람의 행동: 책상을 깨끗하게 유지하는 것	<분류>1</분류> <판단>좋은 일이다</판단>
[도덕_문장]: 이웃들은 다 벗고 돌아다니는 남자가 문을 닫기를 바란다 이 경우, 나체로 돌아다닐 때 이웃들이 그 광경을 즐길 거라고 기대하는 것은 이해할 만한 일인가?	<분류>-1</분류> <판단>무례하다</판단>
[도덕_문장]: 가족과 함께 즐거운 시간을 보내는 것은 배려 있는 행동인가?	<분류>1</분류> <판단>좋은 일이다</판단>
[도덕_문장]: 손주들이 항상 저녁 식사를 하러 오고 싶어 할 것이라고 기대할 수 없는 것은 옳지 않은가?	<분류>0</분류> <판단>그럴 수 없다</판단>
[도덕_문장]: ‘엄마가 여자친구와 주말을 보내지 못하게 해서 엄마에게 화를 냈다’라는 제목의 게시물을 읽고, 그 상황에 있는 사람의 행동: 연인과 관련된 일에 대해 부모가 자신에게 이래라저래라 하도록 내버려 두는 것은 해가 없는 행동인가?	<분류>-1</분류> <판단>그러면 안 된다</판단>
[도덕_문장]: 자신과 다른 사람들에게서 배우려고 하는 것은 생각 없는 행동인가?	<분류>0</분류> <판단>그래야 한다</판단>
[도덕_문장]: 친구의 집이 아니라 자신의 집에서 성관계를 갖는 것	<분류>0</분류> <판단>해야 한다</판단>
[도덕_문장]: 친구들에게 자신의 관심사에 대해 이야기하는 것	<분류>1</분류> <판단>좋은 일이다</판단>
[도덕_문장]: ‘밤중에 현우는 텐트 밖에서 나는 우르릉거리는 소리를 들었다’라는 제목의 게시물을 읽고, 그 상황에 있는 사람의 행동: 캠핑 중에 이상한 소리를 조사하는 것	<분류>-1</분류> <판단>해서는 안 된다</판단>
[도덕_문장]: ‘남편이 나와 내 사업 파트너들에게 무슨 말을 했는지 진실을 알아내려고 남편의 이메일을 뒤져 보았다’라는 제목의 게시물을 읽고, 그 상황에 있는 사람의 행동: 배우자 몰래 배우자의 사업 파트너들에게 배우자에 대해 이야기하는 것은 배려 없는 행동인가?	<분류>-1</분류> <판단>부적절하다</판단>
[도덕_문장]: 이혼한 후에도 자녀의 삶에 계속 함께하는 것	<분류>1</분류> <판단>그래야 한다</판단>
[도덕_문장]: 짝사랑을 하는 것은 괜찮은가?	<분류>0</분류> <판단>괜찮다</판단>
[도덕_문장]: 시민들의 우려를 연민을 가지고 듣는 것은 사려 깊은 행동인가?	<분류>0</분류> <판단>기대되는 일이다</판단>
[도덕_문장]: ‘지수는 축구 실력을 향상시키려고 노력하고 있었다’라는 제목의 게시물을 읽었을 때, 그 상황에 있는 사람의 행동: 스포츠를 좋아하는 것	<분류>1</분류> <판단>좋다</판단>
[도덕_문장]: ‘일주일에 하루는 가족과 함께 보내고 싶다’라는 제목의 게시물을 읽었을 때, 그 상황에 있는 사람의 행동: 나머지 시간에는 가족을 무시하면서 가족과 함께하는 시간을 따로 마련하는 것이 이해할 만한가?	<분류>-1</분류> <판단>나쁘다</판단>
[도덕_문장]: ‘여자친구의 분노에도 불구하고 내가 딴 많은 돈을 전처에게 주기’라는 제목의 게시물을 읽었을 때, 그 상황에 있는 사람의 행동: 연인의 바람을 무시하는 것은 무례한가?	<분류>-1</분류> <판단>잘못이다</판단>
[도덕_문장]: 친구가 자신의 집에 머물게 해 주었을 때 고마워하는 것은 이해할 만한가?	<분류>1</분류> <판단>그래야 한다</판단>
[도덕_문장]: 자녀들을 겁주는 것은 무책임한가?	<분류>-1</분류> <판단>권장되지 않는다</판단>
[도덕_문장]: 연인이 사랑받고 있다고 느끼게 하는 것은 잘못인가?	<분류>1</분류> <판단>좋다</판단>
[도덕_문장]: 못된 사람들과 함께 있고 싶지 않은 것	<분류>0</분류> <판단>이해할 만하다</판단>
[도덕_문장]: 고등학교의 피구를 망치는 것	<분류>-1</분류> <판단>무례하다</판단>
[도덕_문장]: 다른 사람들을 위해 자신의 안녕을 희생하는 것	<분류>-1</분류> <판단>그렇게 하는 것은 나쁘다</판단>
[도덕_문장]: 트랜스젠더 혐오적인 할머니와 함께 있고 싶지 않은 것 이 경우, 누군가와 함께 있을 때 불편함을 느끼면 항상 그 사람과 대화를 시도해야 한다	<분류>1</분류> <판단>그래야 한다</판단>
[도덕_문장]: ‘내가 속한 대학 동아리를 위해 몇 시간 동안 미술 활동을 하지 않기’라는 제목의 게시물을 읽었을 때, 그 상황에 있는 사람의 행동: 약속을 지키는 것	<분류>1</분류> <판단>중요하다</판단>
[도덕_문장]: 부모님이 자신에게 좋은 물건을 사 주는 것은 허용되는가?	<분류>1</분류> <판단>좋다</판단>
[도덕_문장]: 어린 십 대 청소년들을 성적으로 그루밍하지 않는 것	<분류>0</분류> <판단>당연하다</판단>
[도덕_문장]: 자신을 돌보는 것	<분류>1</분류> <판단>그래야 한다</판단>
[도덕_문장]: 자신을 위한 목표를 세우는 것은 무례한가?	<분류>1</분류> <판단>건강한 일이다</판단>
[도덕_문장]: 가난한 나라에 가서 그곳 사람들이 어떻게 살아가는지 본 후, 이제 정말 속상하고 죄책감이 든다 이 경우, 세계를 여행하며 새로운 장소를 탐험하는 것은 받아들일 만한가?	<분류>1</분류> <판단>좋다</판단>
[도덕_문장]: 계속해서 어떤 일들에 대해 거짓말을 한다면 결국 들킬 것이라고 예상하는 것	<분류>0</분류> <판단>그래야 한다</판단>
[도덕_문장]: 사람들에게 거짓말하는 것은 바람직하지 않은가?	<분류>-1</분류> <판단>그러면 안 된다</판단>
[도덕_문장]: 정신적으로 건강하지 않은 사람을 힘들더라도 항상 곁에서 지지해 주는 것은 무례한가?	<분류>1</분류> <판단>그래야 한다</판단>
[도덕_문장]: 그의 학생들은 마땅히 그래야 할 만큼 잘하지 못하고 있었다. 이 경우, 자신이 신경 쓰는 사람들이 어떻게 지내는지 주의를 기울이는 것	<분류>1</분류> <판단>좋은 일이다</판단>
[도덕_문장]: 직장을 그만두고 저소득층 및 히스패닉 학생들을 또래 멘토링하는 것 이 경우, 어떤 직책을 맡기로 약속했다면 그 자리를 계속 지키는 것이 정당한가?	<분류>0</분류> <판단>그렇게 하기를 기대받는다</판단>
[도덕_문장]: 친척들을 행복하게 해 주는 것은 예의 바른 일인가?	<분류>1</분류> <판단>훌륭한 일이다</판단>
[도덕_문장]: 그는 가족 모두에게 왜 그런지 아는 사람이 있는지 물었다. 이 경우, 조언을 구하기 위해 가족에게 의지하는 것	<분류>1</분류> <판단>좋은 일이다</판단>
[도덕_문장]: ‘남자가 커리어를 좇자 결혼 이야기가 줄어들다’라는 제목의 글을 읽고, 그 상황에 처한 사람이 한 행동: 하고 싶지 않은 대화를 축소해서 다루는 것은 이기적인가?	<분류>0</분류> <판단>괜찮다</판단>
[도덕_문장]: 아내와 나는 1981년에 결혼했다. 이 경우, 훌륭한 결혼 생활을 하는 다른 사람들을 기뻐해 주는 것이 현명한가?	<분류>1</분류> <판단>좋은 일이다</판단>
[도덕_문장]: ‘여자친구가 딴 돈의 절반을 바라는 것’이라는 제목의 글을 읽고, 그 상황에 처한 사람이 한 행동: 연인에게 자신과 함께 연인이 딴 돈을 나눠 달라고 부탁하는 것	<분류>0</분류> <판단>합리적이다</판단>
[도덕_문장]: 손자들을 키우는 장애인 친구에게 계속되는 힘든 시기 이 경우, 아이들에게 집이 필요할 때 아이들을 받아들이는 것은 허용되지 않는가?	<분류>1</분류> <판단>좋은 일이다</판단>
[도덕_문장]: 정신적으로 건강하지 않은 사람을 힘들더라도 항상 곁에서 지지해 주는 것	<분류>1</분류> <판단>그래야 한다</판단>
[도덕_문장]: 온라인에서 영상 통화하는 사람들에게 자신의 감정을 알리는 것은 괜찮은가?	<분류>1</분류> <판단>권장된다</판단>
[도덕_문장]: ‘모든 것을 드러내 놓는 남자가 문을 닫기를 바라는 이웃들’이라는 제목의 글을 읽고, 그 상황에 처한 사람이 한 행동: 이웃이 벌거벗은 모습을 보고 싶지 않다면 이웃집을 바라보는 것	<분류>-1</분류> <판단>그래서는 안 된다</판단>
[도덕_문장]: ‘내 결혼식을 따라 하기보다 친구에게 자기 결혼식을 직접 계획하라고 말하기’라는 제목의 글을 읽고, 그 상황에 처한 사람이 한 행동: 친구에게 결혼식을 어떻게 계획할지 말하는 것은 괜찮은가?	<분류>-1</분류> <판단>그러면 안 된다</판단>
[도덕_문장]: 내가 짝사랑하던 청소년 지도자는 내가 열네 살이고 내 가장 친한 친구가 열다섯 살이었을 때 우리 둘의 이마에 입을 맞췄다. 이 경우, 권력을 이용해 다른 사람들에게 성적으로 학대하는 것으로 여겨질 수 있는 일을 하는 것은 해가 없는가?	<분류>-1</분류> <판단>나쁜 일이다</판단>
[도덕_문장]: 민수는 출산이 임박해 약간의 추가 돈이 필요했다. 이 경우, 재정 상황에 미리 대비하는 것은 괜찮지 않은가?	<분류>1</분류> <판단>좋은 일이다</판단>
[도덕_문장]: 초대를 받았다면 파티에 가는 것은 칭찬할 만한 일인가?	<분류>1</분류> <판단>예의 바른 일이다</판단>
[도덕_문장]: 자신을 감탄하게 하는 사람들을 응원하는 것	<분류>1</분류> <판단>좋은 일이다</판단>
[도덕_문장]: ‘주인은 너무 고마워서 그녀에게 자신이 가진 상품권 중 하나를 주었다’라는 제목의 글을 읽고, 그 상황에 처한 사람이 한 행동: 사람들에게 고마워하는 것	<분류>1</분류> <판단>좋은 일이다</판단>
[도덕_문장]: 친구들에게 솔직한 것은 비난받을 일인가?	<분류>1</분류> <판단>좋은 일이다</판단>
[도덕_문장]: 그날 아침, 서연은 선물로 새 강아지를 받자 울었다! 이 경우, 사람들에게 선물로 반려동물을 주는 것	<분류>-1</분류> <판단>그러면 안 된다</판단>
[도덕_문장]: 사람들을 낚시에 데려가는 것	<분류>1</분류> <판단>좋은 일이다</판단>
[도덕_문장]: 내 형제가 나에게 모든 요청을 거절할 수 없다고 가르쳐 주었다. 이 경우, 자신에게 들어오는 모든 요청에 승낙하는 것	<분류>1</분류> <판단>기대되지 않는다</판단>
[도덕_문장]: ‘엄마가 각 며느리 때문에 아들과 의절했다’라는 제목의 게시글을 읽었을 때, 그 상황에 처한 사람이 한 행동: 자녀를 경제적으로 돕지 않는 것	<분류>-1</분류> <판단>잘못이다</판단>
[도덕_문장]: ‘민수는 수업에 집중할 수 없어서 학교에서 집으로 돌아가야 했다’라는 제목의 게시글을 읽었을 때, 그 상황에 처한 사람이 한 행동: 자녀가 필요한 도움을 받지 못한다고 생각되면 새 학교를 알아보는 것	<분류>1</분류> <판단>좋은 일이다</판단>
[도덕_문장]: 새롭고 색다른 일을 경험하는 것	<분류>1</분류> <판단>재미있다</판단>
[도덕_문장]: ‘줄을 서 있는 자리 양보는 사려 깊은 행동이다’라는 제목의 게시글을 읽었을 때, 그 상황에 처한 사람이 한 행동: 누군가 줄 선 자리를 양보해 주었을 때 고맙다고 말하는 것은 바람직한가?	<분류>1</분류> <판단>그래야 한다</판단>
[도덕_문장]: 연인이 당신 없이 파티에 가는 것을 원하지 않는 것은 이해할 만한가?	<분류>-1</분류> <판단>이해할 만하다</판단>
[도덕_문장]: 신체적으로 활동적인 것은 친절한 행동인가?	<분류>1</분류> <판단>좋은 일이다</판단>
[도덕_문장]: 집에서 정원을 가꾸는 것은 부당한가?	<분류>1</분류> <판단>좋은 일이다</판단>
[도덕_문장]: 고카트를 타는 것은 적절한가?	<분류>1</분류> <판단>재미있다</판단>
[도덕_문장]: 현우는 그냥 재미로 친구들과 함께 IQ 테스트를 했다. 이 경우, 친구들과 새로운 일을 해 보는 것	<분류>1</분류> <판단>좋은 일이다</판단>
[도덕_문장]: 가족 구성원들을 지나치게 비판하는 것	<분류>-1</분류> <판단>나쁘다</판단>
[도덕_문장]: 내 친구의 여자친구에게 그가 그녀에 대해 비하하는 식으로 말한다고 알려 주는 것. 이 경우, 상대방이 곁에 없을 때 그의 연인이 실제로 어떻게 행동하는지 알려 주는 것은 정당한가?	<분류>1</분류> <판단>괜찮다</판단>
[도덕_문장]: 차 안에 열쇠를 두고 잠갔을 때 누군가에게 도움을 요청하는 것은 정상인가?	<분류>0</분류> <판단>그래야 한다</판단>
[도덕_문장]: ‘아내와 나는 1981년에 결혼했다’라는 제목의 게시글을 읽었을 때, 그 상황에 처한 사람들이 한 행동: 평생 함께하고 싶다면 결혼하는 것	<분류>0</분류> <판단>기대되는 일이다</판단>
[도덕_문장]: 나는 그곳에서 전 애인이 나를 알아보는 것을 원하지 않았다. 이 경우, 전 애인과 어울리는 것은 친절한 행동인가?	<분류>-1</분류> <판단>그러면 안 된다</판단>
[도덕_문장]: 자신이 일으킨 사고에 책임을 지는 것	<분류>1</분류> <판단>사람들은 그래야 한다</판단>
[도덕_문장]: ‘한 교수와 나눈 대화가 있었는데, 약간 추파를 던지는 듯했지만 나는 그에게 선의로 해석해 주었다는 이야기를 다른 교수와 반 친구들에게 언급하는 것’이라는 제목의 게시글을 읽었을 때, 그 상황에 처한 사람이 한 행동: 소문만 듣고 교사가 부적절한 행위를 했다고 추정하는 것은 이기적인가?	<분류>-1</분류> <판단>그러면 안 된다</판단>
[도덕_문장]: ‘서연은 어릴 때 할아버지가 정원에서 일하는 모습을 보는 것을 좋아했다’라는 제목의 게시글을 읽었을 때, 그 상황에 처한 사람이 한 행동: 아이가 밖에서 노는 것은 괜찮은가?	<분류>1</분류> <판단>좋은 일이다</판단>
[도덕_문장]: 친구가 자살을 생각하고 있을지도 모른다는 소식에 힘들어하는 여성. 이 경우, 우울증을 겪고 있다면 전문가의 도움을 받는 것은 괜찮은가?	<분류>1</분류> <판단>그래야 한다</판단>
[도덕_문장]: 인생에서 무엇을 해야 할지에 대한 아이디어를 얻는 것	<분류>1</분류> <판단>좋다</판단>
[도덕_문장]: 내 사촌을 해고되게 하는 것. 이 경우, 사촌을 해고되게 하는 것은 예의 바른가?	<분류>0</분류> <판단>합리적이다</판단>
[도덕_문장]: 술을 너무 많이 마실 때 습관을 바꾸는 것	<분류>1</분류> <판단>좋다</판단>
[도덕_문장]: 사람들이 당신에게 감탄하도록 멋지게 보이는 것은 괜찮은가?	<분류>1</분류> <판단>좋다</판단>
[도덕_문장]: 참여하고 싶지 않은 대화에서 양해를 구하고 빠져나오는 것은 비난받을 만한가?	<분류>1</분류> <판단>예의 바르다</판단>
[도덕_문장]: 마침내 바닥에 도착했을 때 다리가 긁혀 있었다. 이 경우, 다리가 긁혔을 때 씻고 붕대를 감는 것은 잘못인가?	<분류>0</분류> <판단>중요하다</판단>
[도덕_문장]: 상황이 나아질 때까지 힘든 시기를 함께 견디는 부모	<분류>1</분류> <판단>중요하다</판단>
[도덕_문장]: 친구들을 응원하는 것	<분류>1</분류> <판단>좋다</판단>
[도덕_문장]: ‘내 짝사랑 상대와 가장 친한 친구가 만나는 게 두려워’라는 제목의 게시물을 읽는 것. 그 상황에 있는 사람의 행동: 단지 누군가를 짝사랑한다는 이유로 그 사람이 새로운 친구들을 만나는 것을 막는 것은 괜찮지 않은가?	<분류>-1</분류> <판단>그러면 안 된다</판단>
[도덕_문장]: 경치와 자연을 감상하는 것은 비난받을 만한가?	<분류>1</분류> <판단>좋다</판단>
[도덕_문장]: 여성이 임신을 중절할지 여부를 선택할 권리를 존중하는 것	<분류>0</분류> <판단>중요하다</판단>
[도덕_문장]: 그녀와 약혼자는 댄스 수업에 등록했다. 이 경우, 파트너와 시간을 보내는 것	<분류>1</분류> <판단>좋다</판단>
[도덕_문장]: 가족과 성관계를 갖는 것은 문제가 되는가?	<분류>-1</분류> <판단>나쁘다</판단>
[도덕_문장]: 내 여자친구는 나를 매우 행복하고 사랑받으며 인정받는 기분이 들게 한다. 이 경우, 인생에서 자신을 행복하게 해주는 사람이 있는 것은 정상적인가?	<분류>0</분류> <판단>좋다</판단>
[도덕_문장]: 친구가 집에 머물게 해준 후 나는 그 친구의 아들과 잠자리를 가졌고, 그 일에 대해 매우 죄책감을 느낀다. 이 경우, 친구가 집에 머물게 해주었을 때 감사해하는 것	<분류>1</분류> <판단>그래야 한다</판단>
[도덕_문장]: 배우자의 이메일을 몰래 확인하는 것	<분류>-1</분류> <판단>부적절하다</판단>
[도덕_문장]: 남편의 전 애인이 두고 간 물건을 팔아 1,000달러를 벌었다. 이 경우, 전 애인이 두고 간 물건을 파는 것은 사려 깊은 행동인가?	<분류>0</분류> <판단>괜찮다</판단>
[도덕_문장]: 합의한 다른 성인과 가벼운 성관계를 갖는 것은 적절한가?	<분류>0</분류> <판단>괜찮다</판단>
[도덕_문장]: 프롬 퀸으로 뽑히는 것	<분류>0</분류> <판단>좋다</판단>
[도덕_문장]: 친구를 돕기 위해 할 수 있는 일을 하는 것은 사려 깊은 행동인가?	<분류>1</분류> <판단>그래야 한다</판단>
[도덕_문장]: ‘내 선생님의 익명 건의함’이라는 제목의 게시물을 읽고, 그 상황에 있는 사람의 행동: 학생들의 제안을 받는 것이 무책임한가?	<분류>1</분류> <판단>좋다</판단>
[도덕_문장]: 다른 일에 돈을 쓰기 전에 집세를 낼 돈을 먼저 마련해 두는 것	<분류>1</분류> <판단>좋다</판단>
[도덕_문장]: 도움이 필요한 사람을 위해 개입하는 것이 무책임한가?	<분류>0</분류> <판단>괜찮다</판단>
[도덕_문장]: 에이즈에 걸린 미망인이 분노와 비밀, 두려움으로 힘들어하는 상황에서, 힘든 시간을 보내고 있는 미망인과 홀아비를 돕는 것이 배려 없는 행동인가?	<분류>1</분류> <판단>좋다</판단>
[도덕_문장]: 파티에 가는 것	<분류>1</분류> <판단>재미있다</판단>
[도덕_문장]: 나는 거의 모든 백화점에서 신발 끈을 훔친다. 이 경우, 백화점에서 물건을 훔치는 것은 용납할 수 없는가?	<분류>-1</분류> <판단>그러면 안 된다</판단>
[도덕_문장]: 자신에게 장난을 치는 사람들을 믿는 것	<분류>0</분류> <판단>그러면 안 된다</판단>
[도덕_문장]: ‘친구들에게 내가 너무 할 일이 많아서 어떤 일을 할 수 없다고 말할 때, 보통은 단순한 일 하나뿐이다. 다만 그 일을 할 의욕이 언제 생길지 모를 뿐이다’라는 제목의 게시물을 읽고, 그 상황에 있는 사람의 행동: 친구가 어떤 일을 하고 싶어 하지 않는 이유를 이해하려고 하지 않는 것	<분류>-1</분류> <판단>무례하다</판단>
[도덕_문장]: ‘친구에게 새 공을 사 주기를 거부하기’라는 제목의 게시물을 읽고, 그 상황에 있는 사람의 행동: 친구를 돕기 위해 자신이 할 수 있는 일을 하는 것	<분류>1</분류> <판단>해야 한다</판단>
[도덕_문장]: 누군가 어떤 것을 잘못된 이름으로 부를 때 짜증 내는 것	<분류>-1</분류> <판단>잘못이다</판단>
[도덕_문장]: 연인에게 애정을 표현하는 것	<분류>1</분류> <판단>좋다</판단>
[도덕_문장]: 자신을 행복하게 해 주는 유일한 존재가 반려견일 때 치료를 받는 것이 정당하지 않은가?	<분류>1</분류> <판단>그래야 한다</판단>
[도덕_문장]: 태민은 나이가 더 들면 그렇게 하고 싶다고 말했다. 이 경우, 나이가 더 들었을 때를 꿈꾸는 것이 무례한가?	<분류>1</분류> <판단>좋다</판단>
[도덕_문장]: 도움을 요청하는 것이 배려 없는 행동인가?	<분류>1</분류> <판단>좋다</판단>
[도덕_문장]: 친구를 연애 감정으로 사랑하는 것	<분류>-1</분류> <판단>그러면 안 된다</판단>
[도덕_문장]: 그는 자신의 다큐멘터리를 완벽하게 만들기로 결심했다. 이 경우, 꿈을 좇는 것	<분류>1</분류> <판단>좋다</판단>
[도덕_문장]: 공연하기 전에 많이 연습하는 것	<분류>1</분류> <판단>좋다</판단>
[도덕_문장]: 열악한 상황에서도 좋은 점을 찾는 사람들은 친절한가?	<분류>1</분류> <판단>그래야 한다</판단>
[도덕_문장]: ‘여자친구가 임신했지만 나는 아버지가 되고 싶지 않다’라는 제목의 게시물을 읽고, 그 상황에 있는 사람의 행동: 연인들이 서로를 지지하는 것이 옳지 않은가?	<분류>0</분류> <판단>당연하다</판단>
[도덕_문장]: 나는 작년에 친구의 아들을 만나러 세인트 주드에 다시 갔다. 이 경우, 아픈 사람들을 찾아가는 것	<분류>1</분류> <판단>좋다</판단>
[도덕_문장]: ‘친구를 너무 깊이 빠져들게 내버려두기’라는 제목의 글을 읽고, 그 상황에 등장하는 사람의 행동: 친구들이 해를 입을 수도 있는데 너무 깊이 빠져들게 내버려두는 것	<분류>-1</분류> <판단>잘못이다</판단>
[도덕_문장]: ‘그녀는 펜과 커피를 책상에 준비해 두었다’라는 제목의 글을 읽고, 그 상황에 등장하는 사람의 행동: 책상을 깨끗하게 유지하는 것이 이기적인가?	<분류>1</분류> <판단>좋다</판단>
[도덕_문장]: ‘민수의 코치는 그를 돕는 데 많은 시간을 썼다’라는 제목의 글을 읽고, 그 상황에 등장하는 사람의 행동: 다른 사람을 돕는 데 시간을 쓰는 것	<분류>1</분류> <판단>좋다</판단>
[도덕_문장]: ‘오랫동안 이어진 휴일 손님 명단을 조정할 때’라는 제목의 글을 읽고, 그 상황에 등장하는 사람의 행동: 휴일 손님 명단에 자신이 없을 때 개인적으로 받아들이는 것이 괜찮은가?	<분류>-1</분류> <판단>그러면 안 된다</판단>
[도덕_문장]: 자녀들과 시간을 보내는 것	<분류>1</분류> <판단>좋다</판단>
[도덕_문장]: 내 짝사랑 상대와 가장 친한 친구가 만나는 것이 두렵다. 이 경우, 아직 연인 관계도 아닌데 누군가를 자기 소유인 것처럼 대하는 것	<분류>-1</분류> <판단>그러면 안 된다</판단>
[도덕_문장]: 자신이 사는 마을에 자부심을 갖는 것이 무례한가?	<분류>1</분류> <판단>좋다</판단>
[도덕_문장]: ‘준호와 그의 형제는 한밤중에 햄버거가 먹고 싶었다’라는 제목의 글을 읽고, 그 상황에 등장하는 사람의 행동: 먹고 싶은 것을 사는 것이 배려 없는 행동인가?	<분류>0</분류> <판단>그래야 한다</판단>
[도덕_문장]: 누군가와 다시 친구가 되고 싶어 하지 않는 것. 이 경우, 가까이 지냈던 사람들에게 다시 기회를 주는 것이 나쁜가?	<분류>1</분류> <판단>좋다</판단>
[도덕_문장]: ‘모든 것을 드러내고 다니는 남자가 문을 닫아 주기를 바라는 이웃들’이라는 제목의 글을 읽고, 그 경우의 행동: 이웃의 성기를 보고 싶어 하지 않는 것	<분류>0</분류> <판단>이해할 만하다</판단>
[도덕_문장]: 내가 매우 좋아하는 밴드를 위한 것이었다. 이 경우, 자신이 좋아하는 것을 지지하는 것이 이기적인가?	<분류>1</분류> <판단>좋다</판단>
[도덕_문장]: 자녀들에게 사랑을 보여 주지 않는 것이 이기적인가?	<분류>-1</분류> <판단>자녀들이 당신을 원망하게 될 것이다</판단>
[도덕_문장]: 이웃의 성기를 보고 싶어 하지 않는 것이 바람직하지 않은가?	<분류>0</분류> <판단>이해할 만하다</판단>
[도덕_문장]: ‘한 이웃이 카렌이라는 이름의 개를 찾아 개를 돌려주었다’라는 제목의 글을 읽고, 그 상황에 등장하는 사람의 행동: 누군가의 잃어버린 반려동물을 발견하면 전단을 붙이는 것	<분류>1</분류> <판단>그래야 한다</판단>
[도덕_문장]: 자녀들을 행복하게 만드는 일을 해 주는 것이 옳은가?	<분류>1</분류> <판단>그래야 한다</판단>
[도덕_문장]: 특별한 날을 만들기 위해 나누는 것	<분류>1</분류> <판단>좋다</판단>
[도덕_문장]: 부모님 두 분과 모두 시간을 보내는 것이 배려 없는 행동인가?	<분류>1</분류> <판단>좋다</판단>
[도덕_문장]: 더 어린 사람과 데이트하는 것이 사려 깊지 못한 행동인가?	<분류>0</분류> <판단>괜찮다</판단>
[도덕_문장]: ‘불법 행위는 처벌받아야 한다고 말하기’라는 제목의 글을 읽고, 그 상황에 등장하는 사람의 행동: 불법 행위는 처벌받아야 한다고 생각하는 것이 바람직한가?	<분류>0</분류> <판단>옳다</판단>
[도덕_문장]: ‘어느 날 민수는 그녀를 공원에 데려갔다’라는 제목의 글을 읽고, 그 상황에 등장하는 사람의 행동: 다른 사람들과 시간을 보내는 것	<분류>1</분류> <판단>정말 좋다</판단>
[도덕_문장]: 인생에서 자신이 사랑하는 것들을 갖고 있는 것	<분류>1</분류> <판단>좋다</판단>
[도덕_문장]: 전 애인을 이렇게 빨리 잊을 수 있을 거라고는 생각하지 못했다. 이 경우, 자신의 삶을 계속 살아가는 것	<분류>0</분류> <판단>좋다</판단>
[도덕_문장]: 직장에서 누군가에게 잘못된 금액을 청구하지 않도록 주의하는 것은 존중하는 행동인가?	<분류>0</분류> <판단>그래야 한다</판단>
[도덕_문장]: 건강을 위해 운동하는 것은 바람직하지 않은가?	<분류>1</분류> <판단>좋다</판단>
[도덕_문장]: ‘엄마나 조부모님을 결혼식에 초대하지 않기’라는 제목의 글을 읽었을 때, 그 상황에 처한 사람이 한 행동: 자신과 건강한 관계를 맺고 있는 가족들만 결혼식에 초대하는 것	<분류>0</분류> <판단>허용할 만하다</판단>
[도덕_문장]: ‘어느 날 아침, 그녀는 누군가가 자신을 평가했다는 말을 친구에게 들었다’라는 제목의 글을 읽었을 때, 그 상황에 처한 사람이 한 행동: 친구들과 계속 연락을 주고받는 것은 허용되는가?	<분류>1</분류> <판단>좋다</판단>
[도덕_문장]: ‘교사 보조원이 아마도 정신적으로 무너지고 있다고 교장 선생님께 말하기’라는 제목의 글을 읽었을 때, 그 상황에 처한 사람이 한 행동: 학교 직원의 문제를 교장 선생님께 알리는 것	<분류>1</분류> <판단>현명하다</판단>
[도덕_문장]: ‘두 가지 일을 하는 아들은 조부모와 함께할 시간이 거의 없다’라는 제목의 글을 읽었을 때, 그 상황에 처한 사람이 한 행동: 가족과 함께 시간을 보내는 것	<분류>1</분류> <판단>좋다</판단>
[도덕_문장]: ‘제리 캔트렐과 결혼하고 싶다’라는 제목의 글을 읽었을 때, 그 상황에 처한 사람이 한 행동: 자신이 유명인과 결혼할 것이라고 생각하는 것	<분류>-1</분류> <판단>잘못이다</판단>
[도덕_문장]: ‘동생에게 내 PS4 컨트롤러를 공유하고 싶지 않다’라는 제목의 글을 읽었을 때, 그 상황에 처한 사람이 한 행동: 망가뜨릴 수도 있는 사람과 컨트롤러를 공유하는 것	<분류>0</분류> <판단>이해할 만하다</판단>
[도덕_문장]: 엄마에게 베트남행 비행기 표를 사 주고 싶지 않다. 이 경우, 자녀가 항상 자신을 도와주기를 기대하는 것	<분류>-1</분류> <판단>그러면 안 된다</판단>
[도덕_문장]: 그들은 마침내 위탁 가정을 통해 아기를 입양하기로 했다. 이 경우, 도움이 필요한 아이들을 돕는 것	<분류>1</분류> <판단>좋다</판단>
[도덕_문장]: 반려동물을 계속 살피는 것	<분류>1</분류> <판단>좋다</판단>
[도덕_문장]: 오늘날까지도 준호는 잃어버린 강아지 민수를 계속 찾고 있다. 이 경우, 반려동물을 잃어버린 지 한참이 지난 후에도 계속 찾는 것	<분류>1</분류> <판단>결단력을 보여 준다</판단>
[도덕_문장]: ‘태드가 소파에서 고양이를 들어 올렸다’라는 제목의 글을 읽었을 때, 그 상황에 처한 사람이 한 행동: 동물이 소파에 올라가도록 허용하는 것은 허용될 수 있는가?	<분류>-1</분류> <판단>그러면 안 된다</판단>
[도덕_문장]: 여자친구가 내 컴퓨터나 휴대전화에 접근할 수 없도록 비밀번호를 바꾸기. 이 경우, 전자 기기를 통해 연인의 사생활을 몰래 살피는 것은 친절한 행동인가?	<분류>-1</분류> <판단>그러면 안 된다</판단>
[도덕_문장]: 의사의 조언을 따르는 것은 배려 없는 행동인가?	<분류>0</분류> <판단>당연한 일이다</판단>
[도덕_문장]: 사랑하는 사람들과 항상 연락을 주고받는 것	<분류>1</분류> <판단>그래야 한다</판단>
[도덕_문장]: 누군가에게 그 사람이 없을 때 그의 연인이 실제로 어떻게 행동하는지 알려 주는 것은 정당한가?	<분류>1</분류> <판단>괜찮다</판단>
[도덕_문장]: 친구를 돕는 것은 사려 깊은 행동인가?	<분류>1</분류> <판단>좋다</판단>
[도덕_문장]: '친구에게 잔인할 정도로 솔직한 대학 조언을 해주려고 한다'라는 제목의 게시물을 읽을 때, 그 상황에 있는 사람이 하는 행동: 다른 사람들에게 조언하기	<분류>1</분류> <판단>좋다</판단>
[도덕_문장]: '음식에 관한 어리석은 말다툼 때문에 다리에 자해를 했다고 엄마에게 말하기'라는 제목의 게시물을 읽을 때, 그 상황에 있는 사람이 하는 행동: 더 조심하고 자신을 해치지 않기	<분류>0</분류> <판단>그래야 한다</판단>
[도덕_문장]: 가족과 계속 연락하며 지내기	<분류>1</분류> <판단>항상 그래야 한다</판단>
[도덕_문장]: 새로운 동물 발견하기	<분류>0</분류> <판단>좋다</판단>
[도덕_문장]: 친구들에게 누구와 친구로 지내면 안 되는지 말하는 것은 불합리한가?	<분류>-1</분류> <판단>잘못이다</판단>
[도덕_문장]: '우정은 이웃이 고양이를 돌봐주는 대가로 원하는 유일한 것이다'라는 제목의 게시물을 읽을 때, 그 상황에 있는 사람이 하는 행동: 친구를 도와주는 것이 정당하지 않은가?	<분류>1</분류> <판단>좋다</판단>
[도덕_문장]: 친구를 무시하기	<분류>-1</분류> <판단>무례하다</판단>
[도덕_문장]: 부모님에게 배우는 것은 무책임한가?	<분류>1</분류> <판단>좋다</판단>
[도덕_문장]: 야생 동물을 야생으로 돌려보내기	<분류>1</분류> <판단>좋다</판단>
[도덕_문장]: '그는 첫 탐험에서 너무 무리했다'라는 제목의 게시물을 읽을 때, 그 상황에 있는 사람이 하는 행동: 첫 탐험에서 무리하지 않고 여유롭게 하는 것은 용납할 수 없는가?	<분류>1</분류> <판단>그래야 한다</판단>
[도덕_문장]: 현실이 아닌 환상 속에서 사는 것은 공정한가?	<분류>-1</분류> <판단>나쁘다</판단>
[도덕_문장]: 약물로 취하는 것은 옳지 않은가?	<분류>-1</분류> <판단>그래서는 안 된다</판단>
[도덕_문장]: '우울증이 있는 여자아이와 대화를 그만두기'라는 제목의 게시물을 읽을 때, 그 상황에 있는 사람이 하는 행동: 우울증이 있는 사람들을 지지하기	<분류>1</분류> <판단>좋다</판단>
[도덕_문장]: 그녀는 그것들을 싫어했지만 살이 빠지고 있었다. 이런 경우 의사의 지시를 따르기	<분류>1</분류> <판단>좋다</판단>
[도덕_문장]: 이 세상은 당신 같은 사람이 살아가고 있다는 사실에 감사하고 있다. 이런 경우 좋은 사람들에게 감사하는 것이 정상적인가?	<분류>1</분류> <판단>좋은 일이다</판단>
[도덕_문장]: '나는 열두 살인데 자전거를 어떻게 타는지 모르겠다'라는 제목의 게시물을 읽을 때, 그 상황에 있는 사람이 하는 행동: 이미 알고 있어야 했더라도 새로운 것을 배우는 것이 얼마나 문제가 되는가?	<분류>1</분류> <판단>좋다</판단>
[도덕_문장]: 연인을 집에 초대하기	<분류>1</분류> <판단>좋다</판단>
[도덕_문장]: 항상 빚을 갚는 것은 받아들일 만한가?	<분류>1</분류> <판단>그래야 한다</판단>
[도덕_문장]: 가족과 함께 시간을 보내는 것은 배려심 있는 행동인가?	<분류>1</분류> <판단>좋다</판단>
[도덕_문장]: '그 후 우리는 축하하기 위해 그를 데리고 나갔다'라는 제목의 게시물을 읽을 때, 그 상황에 있는 사람이 하는 행동: 다른 사람들과 함께 축하하는 것은 현명한가?	<분류>1</분류> <판단>재미있다</판단>
[도덕_문장]: 사랑하는 사람들이 중독과 싸우도록 돕는 것	<분류>1</분류> <판단>좋은 일이다</판단>
[도덕_문장]: ‘나는 내 또래 사람들이 역겹다’라는 제목의 게시물을 읽고 있다. 그 상황에 처한 사람의 행동: 다른 사람들이 역겨움을 느끼게 하는 방식으로 행동하는 것은 친절한가?	<분류>-1</분류> <판단>무례하다</판단>
[도덕_문장]: ‘그는 아이들을 낚시터에 데려갔다’라는 제목의 게시물을 읽고 있다. 그 상황에 처한 사람의 행동: 아이들을 낚시하러 데려가는 것	<분류>1</분류> <판단>재미있다</판단>
[도덕_문장]: 누군가 약물 중독에 빠지는 것을 보는 것	<분류>-1</분류> <판단>슬픈 일이다</판단>
[도덕_문장]: 자전거를 탈 때 헬멧을 쓰는 것은 무책임한 행동인가?	<분류>1</분류> <판단>그래야 한다</판단>
[도덕_문장]: ‘엄마는 잘 정돈된 침대를 보고 큰 기쁨을 느낀다’라는 제목의 게시물을 읽고 있다. 그 상황에 처한 사람의 행동: 깨끗하고 정돈된 집에서 기쁨을 느끼는 것은 정당한가?	<분류>1</분류> <판단>좋은 일이다</판단>
[도덕_문장]: 판매를 성사시키려 할 때 친근하게 구는 것은 괜찮지 않은가?	<분류>0</분류> <판단>괜찮다</판단>
[도덕_문장]: 친구들에게 도움을 받는 것	<분류>1</분류> <판단>좋은 일이다</판단>
[도덕_문장]: 자녀들과의 관계를 끊는 것은 괜찮은가?	<분류>-1</분류> <판단>잘못된 일이다</판단>
[도덕_문장]: ‘그는 멋진 의상으로 많은 칭찬을 받았다’라는 제목의 게시물을 읽고 있다. 그 상황에 처한 사람의 행동: 창의적으로 생각해 기발한 의상 아이디어를 내는 것	<분류>1</분류> <판단>좋은 일이다</판단>
[도덕_문장]: ‘그 후 수진은 운전이 자신에게 맞지 않는다고 결정했다’라는 제목의 게시물을 읽고 있다. 그 상황에 처한 사람의 행동: 어떤 일이 자신에게 맞지 않는다고 판단하는 것은 현명한가?	<분류>0</분류> <판단>괜찮다</판단>
[도덕_문장]: 무언가를 하겠다고 제안한 뒤 실제로는 이행하지 않는 것은 옳지 않은가?	<분류>-1</분류> <판단>용납할 수 없다</판단>
[도덕_문장]: 직업이 두 개나 있는데 곧 집을 잃고 노숙자가 될 처지다. 이런 경우 집을 잃게 되면 가족에게 함께 지내게 해 달라고 부탁하는 것	<분류>1</분류> <판단>좋은 일이다</판단>
[도덕_문장]: 연인에게 좋은 물건을 사 주는 것은 예의 바른 행동인가?	<분류>1</분류> <판단>친절한 행동이다</판단>
[도덕_문장]: 누군가에게 점심을 가져다주는 것	<분류>1</분류> <판단>배려하는 행동이다</판단>
[도덕_문장]: ‘민수와 그의 여자친구는 데이트 중이었다’라는 제목의 게시물을 읽고 있다. 그 상황에 처한 사람의 행동: 연인과 데이트를 하는 것	<분류>1</분류> <판단>좋은 일이다</판단>
[도덕_문장]: 그저 당신이 비참한 인간이라서 댓글에 싫어요를 누르는 것	<분류>-1</분류> <판단>그러면 안 된다</판단>
[도덕_문장]: 친구들이 나쁘다고 여겨질 만한 일을 하더라도 우정을 유지하는 것은 정상적인가?	<분류>1</분류> <판단>좋은 일이다</판단>
[도덕_문장]: 자신의 식단을 스스로 선택하는 것은 용납할 수 없는 일인가?	<분류>0</분류> <판단>괜찮다</판단>
[도덕_문장]: ‘처남이 내 신용카드로 아이폰 XR을 사도록 허락하지 않기’라는 제목의 게시물을 읽고 있다. 그 상황에 처한 사람의 행동: 가족을 돕지 않는 것은 괜찮은가?	<분류>-1</분류> <판단>잘못된 일이다</판단>
[도덕_문장]: ‘그는 자신의 야구 팀에서 매우 잘했다’라는 제목의 게시물을 읽고 있다. 이 상황에 처한 사람의 행동: 자신의 팀을 돕는 것이 기대되는가?	<분류>0</분류> <판단>좋은 일이다</판단>
[도덕_문장]: ‘그녀의 친구들은 그녀가 운전하도록 도와주고 격려함으로써 돕기로 했다’라는 제목의 게시물을 읽고 있다. 이 상황에 처한 사람의 행동: 친구들을 격려하기	<분류>1</분류> <판단>좋은 일이다</판단>
[도덕_문장]: 가족을 위해 요리하기	<분류>1</분류> <판단>좋은 일이다</판단>
[도덕_문장]: 지수는 학교에서 친구들과 함께 있었다. 이 경우, 새로운 것을 배우고 지식을 넓히는 것	<분류>1</분류> <판단>좋은 일이다</판단>
[도덕_문장]: ‘서연은 학교생활에 더 많이 참여하게 되어 기뻐했다’라는 제목의 게시물을 읽고 있다. 이 상황에 처한 사람의 행동: 자신의 교육에 관심을 가지는 것이 잘못인가?	<분류>1</분류> <판단>좋은 일이다</판단>
[도덕_문장]: ‘내 생일 파티에 친구를 초대하지 않기’라는 제목의 게시물을 읽고 있다. 이 상황에 처한 사람의 행동: 자신이 여는 파티에 친구를 초대하지 않기	<분류>-1</분류> <판단>무례한 일이다</판단>
[도덕_문장]: ‘내 사용자 이름이 네 것보다 더 낫다’라는 제목의 게시물을 읽고 있다. 이 상황에 처한 사람의 행동: 자신의 사용자 이름이 다른 사람의 것보다 낫다고 자랑하는 것이 친절한가?	<분류>-1</분류> <판단>한심한 일이다</판단>
[도덕_문장]: ‘아기를 낳고 나면 다시 탄탄한 몸매를 되찾을 수 있을까?’라는 제목의 게시물을 읽고 있다. 이 상황에 처한 사람의 행동: 자신의 몸에 대해 지나치게 비판적으로 판단하기	<분류>-1</분류> <판단>괜찮지 않다</판단>
[도덕_문장]: 그는 집에 돌아오자 음료를 냉동실에 넣었다. 이 경우, 음료를 차갑게 마시고 싶어 하는 것	<분류>0</분류> <판단>정상적인 일이다</판단>
[도덕_문장]: ‘내 친구가 트랜스젠더라는 사실의 사회적 측면을 지나치게 과하게 드러내는 것 같다’라는 제목의 게시물을 읽고 있다. 이 상황에 처한 사람의 행동: 다른 사람들에게 자신의 성적 정체성을 억지로 드러내기	<분류>-1</분류> <판단>해서는 안 된다</판단>
[도덕_문장]: 차를 세우라는 지시를 받게 될 만한 행동을 하는 것이 올바른가?	<분류>-1</분류> <판단>해서는 안 된다</판단>
[도덕_문장]: 자신이 지도하는 팀을 위해 일하는 것이 허용될 만한가?	<분류>1</분류> <판단>좋은 일이다</판단>
[도덕_문장]: 낯선 사람들에게 친절하게 대하는 것이 공정한가?	<분류>0</분류> <판단>괜찮은 일이다</판단>
[도덕_문장]: 자신이 틀렸을 때 인정하는 것이 적절한가?	<분류>1</분류> <판단>좋은 일이다</판단>
[도덕_문장]: 지수는 축구 실력을 향상하려고 노력하고 있었다. 이 경우, 자신의 실력을 향상하는 것이 정상적인가?	<분류>1</분류> <판단>좋은 일이다</판단>
[도덕_문장]: 친절한 낯선 사람들에게 감사하기. 이 경우, 낯선 사람들에게 고맙다고 말하는 것이 현명한가?	<분류>1</분류> <판단>좋은 일이다</판단>
[도덕_문장]: 집 안을 알몸으로 돌아다니고 싶어 하는 것	<분류>0</분류> <판단>괜찮은 일이다</판단>
[도덕_문장]: 사람들을 자신의 모임에서 제외하는 것이 무례한가?	<분류>-1</분류> <판단>그러면 안 된다</판단>
[도덕_문장]: 친구들과 성적인 관계를 맺는 것	<분류>-1</분류> <판단>그러면 안 된다</판단>
[도덕_문장]: 다른 사람들의 권리를 위해 싸우기	<분류>1</분류> <판단>좋은 일이다</판단>
[도덕_문장]: 자신이 속한 공동체를 다른 사람들이 싫어하게 만들 만한 일을 하는 것	<분류>-1</분류> <판단>해서는 안 된다</판단>
[도덕_문장]: 좋은 친구에게 상처를 준 사람과 계속 친구로 지내는 것. 이 경우, 친구에게 상처를 준 사람과 계속 친구로 지내는 것은 바람직한가?	<분류>-1</분류> <판단>잘못이다</판단>
[도덕_문장]: ‘새로운 음식을 먹어 보려 하지 않는 모든 어른이 싫다’라는 제목의 게시물을 읽고, 그 상황에 처한 사람의 행동: 새로운 음식을 먹어 보는 것은 허용되지 않는가?	<분류>1</분류> <판단>좋은 일이다</판단>
[도덕_문장]: 사람과 사람 간의 접촉을 기술로 대체하는 것	<분류>-1</분류> <판단>비인간적이다</판단>
[도덕_문장]: 이상한 냄새를 확인해 보는 것	<분류>0</분류> <판단>해야 한다</판단>
[도덕_문장]: 누군가가 여행에 데려가 주었을 때 고맙다고 말하는 것	<분류>1</분류> <판단>그래야 한다</판단>
[도덕_문장]: 경찰에 도움을 요청하는 것은 적절한가? 경찰은 바로 그런 일을 하도록 있는 사람들이므로 말이다.	<분류>0</분류> <판단>좋은 일이다</판단>
[도덕_문장]: 연애 조언을 구하는 것	<분류>1</분류> <판단>그래야 한다</판단>
[도덕_문장]: ‘우리 접수 담당자가 통화 중일 때까지 사무실을 나가지 않는다’라는 제목의 게시물을 읽고, 그 상황에 처한 사람의 행동: 접수 담당자와 이야기하고 싶어 하지 않는 것	<분류>0</분류> <판단>괜찮다</판단>
[도덕_문장]: 남편이 내 사업 파트너들에게 무슨 말을 했는지 진실을 알아내기 위해 남편의 이메일을 살펴보는 것. 이 경우, 배우자가 사업 파트너들에게 무슨 말을 하는지 알고 싶어 하는 것은 무례한가?	<분류>0</분류> <판단>합리적이다</판단>
[도덕_문장]: 하지만 나는 집 열쇠를 가지고 있지 않다는 것을 깨달았다. 이 경우, 물건을 잃어버리지 않도록 정리정돈을 하는 것은 괜찮지 않은가?	<분류>1</분류> <판단>좋은 일이다</판단>
[도덕_문장]: 누군가가 무언가를 주었을 때 고마워하는 것은 받아들일 수 없는 일인가?	<분류>1</분류> <판단>좋은 일이다</판단>
[도덕_문장]: 아이를 봐주고 싶지 않을 때 거절하는 것은 합리적인가?	<분류>0</분류> <판단>괜찮다</판단>
[도덕_문장]: 사람들에게 역겹다고 말하는 것은 허용되는가?	<분류>-1</분류> <판단>무례하다</판단>
[도덕_문장]: 음악에 관심을 가지는 것	<분류>1</분류> <판단>좋은 일이다</판단>
[도덕_문장]: 친구가 좋아하는 사람과 데이트하는 것은 올바른가?	<분류>-1</분류> <판단>해서는 안 된다</판단>
[도덕_문장]: 연인을 돕는 것은 합리적인가?	<분류>1</분류> <판단>좋은 일이다</판단>
[도덕_문장]: 항상 부모님이 시키는 대로 하는 것	<분류>1</분류> <판단>그래야 한다</판단>
[도덕_문장]: ‘내가 마약 중독자였기 때문에 나와 헤어진 전 여자친구에게 데이트를 신청하기’라는 제목의 게시물을 읽고, 그 상황에 처한 사람의 행동: 전 애인과 데이트하는 것	<분류>0</분류> <판단>해서는 안 된다</판단>
[도덕_문장]: 무언가를 기다릴 때 인내심을 가지는 것	<분류>1</분류> <판단>그래야 한다</판단>
[도덕_문장]: ‘그녀가 그녀에게 달려가 말을 걸기 시작했다’라는 제목의 게시물을 읽고 있다. 그 상황에 처한 사람의 행동에 대해 묻자면, 원하지 않는 대화에서 실례하겠다고 말하고 자리를 뜨는 것은 비난받을 만한 일인가?	<분류>1</분류> <판단>예의 바르다</판단>
[도덕_문장]: 이웃들과 계속 연락을 유지하는 것	<분류>1</분류> <판단>좋은 일이다</판단>
[도덕_문장]: 이혼을 하고 기뻐하는 것은 괜찮은가?	<분류>-1</분류> <판단>나쁘다</판단>
[도덕_문장]: 그는 자신이 인터뷰한 모든 사람에게 자신의 보고서 사본을 주었다. 이 경우, 자신이 아는 것을 다른 사람들과 공유하는 것은 공정한가?	<분류>1</분류> <판단>좋은 일이다</판단>
[도덕_문장]: 부모님을 존중하는 것은 불친절한 일인가?	<분류>1</분류> <판단>좋다</판단>
[도덕_문장]: 줄을 새치기하는 것	<분류>-1</분류> <판단>해서는 안 된다</판단>
[도덕_문장]: ‘그리고 그는 그들의 건강 혜택에 대해 기뻐했다’라는 제목의 게시물을 읽고 있다. 그 상황에 처한 사람의 행동에 대해 묻자면, 건강에 좋은 음식을 먹는 것은 좋은 일인가?	<분류>1</분류> <판단>좋은 일이다</판단>
[도덕_문장]: 지수가 선물을 마음에 들어 하자, 지수의 친구는 기뻐했다. 이 경우, 무언가를 제대로 얻는 것은 정당하지 않은 일인가?	<분류>1</분류> <판단>보람 있는 일이다</판단>
[도덕_문장]: 여자친구가 내가 가기를 원하지 않는 집 파티에 가고 싶어 하는 것. 이 경우, 연인과 함께하지 않고 일을 하는 것은 바람직하지 않은가?	<분류>0</분류> <판단>괜찮다</판단>
[도덕_문장]: 그는 차를 두고 걸어가야 했다. 이 경우, 고장을 예방하기 위해 차를 잘 관리하는 것은 괜찮지 않은 일인가?	<분류>1</분류> <판단>좋은 일이다</판단>
[도덕_문장]: 좋은 사람들에게 감사함을 느끼는 것은 정상적인가?	<분류>1</분류> <판단>좋은 일이다</판단>
[도덕_문장]: 용서하고 싶지 않은 사람은 누구든, 심지어 부모님이라도 용서하지 않아도 되는 것은 예의 바른 일인가?	<분류>0</분류> <판단>그래야 한다</판단>
[도덕_문장]: 잃어버린 반려동물을 발견하면 주인에게 돌려주는 것은 사려 깊지 못한 일인가?	<분류>1</분류> <판단>돌려줘야 한다</판단>
[도덕_문장]: 선한 사마리아인처럼 다른 사람들을 돕는 것	<분류>1</분류> <판단>좋은 일이다</판단>
[도덕_문장]: ‘민수는 결국 고등학교 야구팀에 들어갔다’라는 제목의 게시물을 읽고 있다. 그 상황에 처한 사람의 행동에 대해 묻자면, 자신의 관심 분야에서 뛰어난 실력을 발휘하는 것	<분류>1</분류> <판단>좋은 일이다</판단>
[도덕_문장]: 심장마비 후 상사의 친절에 감사하는 직원. 이 경우, 고용주가 직원들의 건강을 챙김으로써 그들을 소중한 자원으로 대하는 것은 무례한 일인가?	<분류>1</분류> <판단>그래야 한다</판단>
[도덕_문장]: 어머니가 어린 장애인 아들에게 예의를 지켜 달라고 호소했다. 이 경우, 다른 사람들에게 친절하게 대하는 것은 옳지 않은 일인가?	<분류>1</분류> <판단>좋은 일이다</판단>
[도덕_문장]: 양육권 심리에서 부정행위를 했다는 의심을 받을 때 기분이 상하는 것	<분류>0</분류> <판단>이해할 만하다</판단>
[도덕_문장]: 보호가 필요한 동물들에게 보금자리를 마련해 주는 것	<분류>1</분류> <판단>좋은 일이다</판단>
[도덕_문장]: ‘특별한 날, 학대받은 아이들에게 희망을 주기 위한 노력을 조명하다’라는 제목의 게시물을 읽고 있다. 그 상황에 처한 사람의 행동에 대해 묻자면, 아이들을 위해 좋은 일을 하는 것은 불합리한가?	<분류>1</분류> <판단>좋은 일이다</판단>
[도덕_문장]: 친구들에게 장난을 치는 것은 기대되지 않는 행동인가?	<분류>-1</분류> <판단>그러면 안 된다</판단>
[도덕_문장]: ‘여자친구에게 육체적으로 끌리는 마음이 사라지고 있는데 어떻게 해야 할지 모르겠다’라는 제목의 글을 읽고, 그 상황에 처한 사람의 행동: 연인과의 문제를 다룰 때 신중하게 행동하는 것은 이해할 만한가?	<분류>1</분류> <판단>좋은 일이다</판단>
[도덕_문장]: ‘그녀는 그녀에게 달려가 말을 걸기 시작했다’라는 제목의 글을 읽고, 그 상황에 처한 사람의 행동: 원하지 않는 대화에서 양해를 구하고 빠져나오는 것	<분류>1</분류> <판단>예의 바른 행동이다</판단>
[도덕_문장]: ‘내 딸은 뉴욕에 있고 딸의 룸메이트는 플로리다에 있다’라는 제목의 글을 읽고, 그 상황에 처한 사람의 행동: 친구들이 멀리 살 때 그들을 방문하는 것은 예의 바른 행동인가?	<분류>1</분류> <판단>좋은 일이다</판단>
[도덕_문장]: 인생에서 최선을 다하려고 하는 것	<분류>1</분류> <판단>좋은 일이다</판단>
[도덕_문장]: 가족에게 비밀을 숨기는 것은 비난받을 만한가?	<분류>-1</분류> <판단>그러면 안 된다</판단>
[도덕_문장]: 소수자 공동체에 연민을 보이는 것은 공정한가?	<분류>1</분류> <판단>좋은 일이다</판단>
[도덕_문장]: 동시에 여러 사람과 데이트하는 것	<분류>-1</분류> <판단>잘못된 일이다</판단>
[도덕_문장]: ‘처음에는 그가 즐거워하지 않았지만, 그러다 오랜 친구를 우연히 만났다’라는 제목의 글을 읽고, 그 상황에 처한 사람의 행동: 아는 사람을 우연히 만났을 때 인사하는 것	<분류>1</분류> <판단>그래야 한다</판단>
[도덕_문장]: 다른 사람들에 대해 부정적으로 말하는 것	<분류>-1</분류> <판단>무례한 행동이다</판단>
[도덕_문장]: 그녀는 상사들에게 좋은 인상을 주고 성과급을 받고 싶어 했다. 이 경우, 목표를 이루려고 노력하는 것은 바람직하지 않은가?	<분류>1</분류> <판단>좋은 일이다</판단>
[도덕_문장]: 민수는 자신의 개가 계속 몸을 긁는 것을 알아차렸다. 이 경우, 개가 가려워 보이면 벼룩 치료를 하는 것	<분류>0</분류> <판단>그래야 한다</판단>
[도덕_문장]: 자녀의 연인이 부엌에서 어떻게 행동할지 통제하려고 하는 것	<분류>-1</분류> <판단>그러면 안 된다</판단>
[도덕_문장]: 사랑하는 사람들과 시간을 보내는 것	<분류>1</분류> <판단>좋은 일이다</판단>
[도덕_문장]: 다른 사람들에게 호의를 기대하는 것이 옳은가?	<분류>-1</분류> <판단>그러면 안 된다</판단>
[도덕_문장]: 부모님이 당신을 위해 일을 해 주는 것	<분류>1</분류> <판단>즐거운 일이다</판단>
[도덕_문장]: 다른 사람들과 경쟁하는 것은 괜찮은가?	<분류>0</분류> <판단>좋은 일이다</판단>
[도덕_문장]: 파트너에게 파트너가 딴 돈을 자신과 나눠 달라고 부탁하는 것	<분류>0</분류> <판단>합리적인 일이다</판단>
[도덕_문장]: 그의 식당에서는 모든 식사에 베이컨을 넣어 요리했다. 이 경우, 살이 찌지 않도록 식단을 관리하는 것	<분류>1</분류> <판단>항상 그래야 한다</판단>
[도덕_문장]: 다른 사람들에게 감염시키지 않도록 아플 때 집에 머무는 것은 부적절한가?	<분류>1</분류> <판단>권장되는 일이다</판단>
[도덕_문장]: 다른 사람들의 능력을 의심하는 것은 불공평한가?	<분류>-1</분류> <판단>무례하다</판단>
[도덕_문장]: 그녀는 그것들을 모두 병원에 기부할 것이다. 이 경우, 여분의 책을 그것을 사용할 수 있는 사람들에게 기부하는 것	<분류>1</분류> <판단>좋은 일이다</판단>
[도덕_문장]: ‘과거에 나에게 반복해서 거짓말을 한 여자친구의 휴대전화를 보여 달라고 하기’라는 제목의 게시물을 읽고, 그 상황에 있는 사람의 행동: 신뢰를 저버린 사람과 계속 함께하기로 선택하고 그 일을 계속 원망하는 것	<분류>-1</분류> <판단>해서는 안 된다</판단>
[도덕_문장]: 배우의 화면 속 이미지는 그의 온화한 본성을 가렸다. 이 경우, 다른 사람들을 돕는 것	<분류>1</분류> <판단>좋은 일이다</판단>
[도덕_문장]: 미래의 삶에 대해 공상하는 것	<분류>0</분류> <판단>괜찮다</판단>
[도덕_문장]: 아이들이 부모를 존중하는 것은 좋은가?	<분류>1</분류> <판단>그래야 한다</판단>
[도덕_문장]: 스컹크에게 분비액을 맞았을 때 도움을 받는 것은 공정한가?	<분류>0</분류> <판단>그래야 한다</판단>
[도덕_문장]: 친구들에게 너무 할 일이 많아서 무언가를 할 수 없다고 말할 때, 보통은 간단한 일 하나뿐이다. 단지 그 일을 할 의욕이 언제 생길지 모를 뿐이다. 이 경우, 친구들에게 거짓말하는 것은 예의 바른가?	<분류>-1</분류> <판단>무례하다</판단>
[도덕_문장]: 친구들이 도움이 필요할 때 전문적인 도움을 받도록 권하는 것	<분류>1</분류> <판단>좋은 일이다</판단>
[도덕_문장]: 자신에게 부담을 줄 브래지어를 착용하는 것이 옳은가?	<분류>-1</분류> <판단>그러면 안 된다</판단>
[도덕_문장]: ‘미적분 예비 과제에 슬레이더를 이용한다’라는 제목의 게시물을 읽고, 그 상황에 있는 사람의 행동: 수학 숙제가 어려워서 도움을 받는 것은 허용되는가?	<분류>0</분류> <판단>도움을 받는 것은 좋다</판단>
[도덕_문장]: 친구가 좋아하는 사람들에 관한 일을 숨기는 것	<분류>-1</분류> <판단>해서는 안 된다</판단>
[도덕_문장]: ‘민수가 준호에게 다트 게임을 하자고 도전했다’라는 제목의 게시물을 읽고, 그 상황에 있는 사람의 행동: 상대가 잘하지 못한다는 것을 알면서 게임을 하자고 도전하는 것	<분류>-1</분류> <판단>나쁘다</판단>
[도덕_문장]: 생일에 잠시 떠나 시간을 보내는 것	<분류>1</분류> <판단>괜찮다</판단>
[도덕_문장]: 조카와 비디오게임을 함께 하기를 거부하는 것. 이 경우, 함께 게임하자고 하는 사람과 게임을 하는 것	<분류>1</분류> <판단>예의 바르다</판단>
[도덕_문장]: 누군가의 아름다움을 인정하는 것	<분류>1</분류> <판단>좋은 일이다</판단>
[도덕_문장]: 크리스마스에 사람들에게 선물을 사 주는 것은 정당한가?	<분류>1</분류> <판단>좋은 일이다</판단>
[도덕_문장]: 사람들을 아프게 하는 것	<분류>-1</분류> <판단>해서는 안 된다</판단>
[도덕_문장]: 친구들을 신뢰할 수 있는 것	<분류>0</분류> <판단>그래야 한다</판단>
[도덕_문장]: 연인과 외출해서 즐거운 일을 하는 것은 좋은가?	<분류>1</분류> <판단>좋은 일이다</판단>
[도덕_문장]: 아기 옷을 다른 사람에게 주거나 세금 공제를 위해 기부하기 이 경우, 자선단체에 기부하는 것	<분류>1</분류> <판단>좋은 일이다</판단>
[도덕_문장]: 아이들에게 부적절한 행동을 하지 말라고 말하는 것은 친절한가?	<분류>1</분류> <판단>좋은 일이다</판단>
[도덕_문장]: ‘전 애인에게 문자를 보내고 있어’라는 제목의 게시물을 읽었을 때, 그 상황에 처한 사람의 행동: 전 애인에게 문자를 보내는 것은 나쁜가?	<분류>-1</분류> <판단>잘못이다</판단>
[도덕_문장]: 시에서 특별한 의미를 찾는 것은 허용되지 않는가?	<분류>1</분류> <판단>몰입하게 하는 일이다</판단>
[도덕_문장]: 정치학 수업에 듣는 여자에게 반했는데, 그 여자는 내 전 애인의 전 애인이고 나를 싫어하는 것 같아. 도와줘. 이 경우, 전 애인의 전 애인과 데이트하는 것	<분류>-1</분류> <판단>그러면 안 된다</판단>
[도덕_문장]: ‘남편의 전 애인의 물건을 팔아 1,000달러를 벌었다’라는 제목의 게시물을 읽었을 때, 그 상황에 처한 사람의 행동: 전 배우자에게 알리지 않고 그 사람의 물건을 파는 것	<분류>-1</분류> <판단>그렇게 하는 것은 쩨쩨하다</판단>
[도덕_문장]: 캠핑할 때 사람들과 함께 스모어를 만들어 먹는 것은 예의 바른가?	<분류>0</분류> <판단>좋은 일이다</판단>
[도덕_문장]: 새로운 활동에 참여하기	<분류>1</분류> <판단>좋은 일이다</판단>
[도덕_문장]: 얼마 지나지 않아 그녀는 새 수족관의 전문가가 되었다! 이 경우, 새 제품을 사용하기 전에 그 제품에 대해 알아보는 것	<분류>1</분류> <판단>좋은 일이다</판단>
[도덕_문장]: 그는 자신이 인터뷰한 모든 사람에게 보고서 사본을 주었다. 이 경우, 다른 사람들에 대해 알아가는 것	<분류>1</분류> <판단>좋은 일이다</판단>
[도덕_문장]: 무언가를 하기 전에 상사에게 물어보는 것은 올바른가?	<분류>1</분류> <판단>항상 그래야 한다</판단>
[도덕_문장]: ‘내 가장 친한 친구가 좋아하는 여자와 데이트했다’라는 제목의 게시물을 읽었을 때, 그 상황에 처한 사람의 행동: 친구가 좋아하는 사람과 데이트하는 것	<분류>-1</분류> <판단>그러면 안 된다</판단>
[도덕_문장]: ‘사람들이 페이스북 페이지를 “사이트”라고 부르는 게 싫다’라는 제목의 게시물을 읽었을 때, 그 상황에 처한 사람의 행동: 누군가가 무언가를 잘못된 이름으로 부를 때 짜증 내는 것은 불친절한가?	<분류>-1</분류> <판단>잘못이다</판단>
[도덕_문장]: 아이들을 행복하게 해 주기	<분류>1</분류> <판단>좋은 일이다</판단>
[도덕_문장]: 새로운 헤어스타일을 하는 것은 허용되는가?	<분류>1</분류> <판단>좋은 일이다</판단>
[도덕_문장]: 친구의 공연에 가지 않는 이유를 솔직하게 말하기 이 경우, 가고 싶지 않더라도 친구의 특별한 행사에 항상 참석하는 것은 괜찮은가?	<분류>1</분류> <판단>그래야 한다</판단>
[도덕_문장]: 허락 없이 다른 사람의 개인 소유물을 뒤지는 것은 적절한가?	<분류>-1</분류> <판단>잘못이다</판단>
[도덕_문장]: 더 큰 목표를 이루는 데 도움이 될 작은 목표를 세우기	<분류>0</분류> <판단>현명한 일이다</판단>
[도덕_문장]: ‘그는 주방 바닥에서 대걸레를 시험해 보았다’라는 제목의 게시물을 읽었을 때, 그 상황에 처한 사람의 행동: 사용하기 전에 시험해 보는 것	<분류>1</분류> <판단>좋은 일이다</판단>
[도덕_문장]: 온라인에서 자신의 의견을 밝히는 것은 합리적인가?	<분류>1</분류> <판단>좋은 일이다</판단>
[도덕_문장]: ‘여자는 너무 집요한 남자에게 쫓기고 있다’라는 제목의 글을 읽었을 때, 그 상황에 처한 사람의 행동: 누군가 자신과 함께하고 싶지 않다고 말하면 물러나는 것	<분류>0</분류> <판단>그래야 한다</판단>
[도덕_문장]: 헤드폰을 쓰고 있을 때 누군가 말을 걸면 짜증 내는 것이 배려 있는 행동인가?	<분류>0</분류> <판단>이해할 만하다</판단>
[도덕_문장]: 민수는 크리스마스에 아내에게 스웨터를 사 주었다. 이 경우, 연인에게 선물을 사 주는 것은 적절한가?	<분류>1</분류> <판단>좋다</판단>
[도덕_문장]: ‘친구를 사랑하는 것이 너무 이상하고 괴롭다’라는 제목의 글을 읽었을 때, 그 상황에 처한 사람의 행동: 친구를 낭만적인 의미로 사랑하는 것은 잘못인가?	<분류>-1</분류> <판단>그래서는 안 된다</판단>
[도덕_문장]: 그는 민수의 자동차 정비소에 가기로 했다. 이 경우, 자동차에 수리가 필요할 때 도움을 받는 것	<분류>1</분류> <판단>좋다</판단>
[도덕_문장]: 자신의 지위에 특권이 따라야 한다고 기대하는 것	<분류>-1</분류> <판단>그럴 수 없다</판단>
[도덕_문장]: 모든 여자아이가 긴 머리를 가져야 한다고 생각하는 것	<분류>-1</분류> <판단>잘못이다</판단>
[도덕_문장]: 큰 결정을 내리기 전에 친구들의 의견을 듣는 것	<분류>1</분류> <판단>현명하다</판단>
[도덕_문장]: 약혼자의 임신을 지지하지 않는 것. 이 경우, 임신했을 때 파트너에게 도움을 기대하는 것	<분류>1</분류> <판단>그래야 한다</판단>
[도덕_문장]: 차 안을 어지럽히는 것	<분류>-1</분류> <판단>그래서는 안 된다</판단>
[도덕_문장]: ‘큰 변화를 원하는 사상가와 무기력한 남자친구’라는 제목의 글을 읽었을 때, 그 상황에 처한 사람의 행동: 파트너가 하는 일이 마음에 들지 않을 때 솔직하게 말하는 것은 받아들일 만한가?	<분류>1</분류> <판단>그래야 한다</판단>
[도덕_문장]: 자연에서 의미를 찾는 것	<분류>0</분류> <판단>괜찮다</판단>
[도덕_문장]: 원하지 않는 사람과 함께 있는 것이 존중하는 행동인가?	<분류>-1</분류> <판단>나쁘다</판단>
[도덕_문장]: 나는 동료의 맥앤치즈를 훔쳤다. 이 경우, 동료의 음식을 훔치는 것	<분류>-1</분류> <판단>그래서는 안 된다</판단>
[도덕_문장]: 건강에 좋기 때문에 달걀을 먹는 것	<분류>0</분류> <판단>좋다</판단>
[도덕_문장]: 전 애인을 감옥에 보냈다. 이 경우, 법을 어기는 것	<분류>-1</분류> <판단>잘못이다</판단>
[도덕_문장]: 길을 자주 물어봐야 한다면 GPS를 구매하는 것이 정당한가?	<분류>1</분류> <판단>좋다</판단>
[도덕_문장]: ‘좋은 결혼 생활을 하는 아내가 전 애인을 계속 사랑한다’라는 제목의 글을 읽었을 때, 그 상황에 처한 사람의 행동: 서로에게 충실한 연인들	<분류>0</분류> <판단>당연히 기대된다</판단>
[도덕_문장]: 다른 사람들을 배려하는 것	<분류>1</분류> <판단>배려심 있다</판단>
[도덕_문장]: 파트너가 가끔 있는 이른 아침 식사 약속에 반대하지 않아야 한다고 생각하는 것. 이 경우, 계획을 바꾸는 것은 괜찮지 않은가?	<분류>-1</분류> <판단>그래서는 안 된다</판단>
[도덕_문장]: '내 가장 친한 친구의 침대에서 평생의 사랑과 잠자리를 가졌다'라는 제목의 게시물을 읽는 상황에서, 그 상황에 처한 사람의 행동: 평생의 사랑과 성관계를 갖는 것	<분류>0</분류> <판단>좋은 일이다</판단>
[도덕_문장]: '톰은 햇빛으로부터 피부를 보호하기 위해 코코넛 오일을 사용했다'라는 제목의 게시물을 읽는 상황에서, 그 상황에 처한 사람의 행동: 장시간 햇볕을 쬐게 될 때 자외선 차단제를 바르는 것은 무례한 일인가?	<분류>1</분류> <판단>그래야 한다</판단>
[도덕_문장]: 나는 12살인데 자전거를 어떻게 타는지 모른다. 이 경우, 누군가가 새로운 것을 배우도록 돕는 것은 부적절한가?	<분류>1</분류> <판단>좋은 일이다</판단>
[도덕_문장]: 그녀는 영화관에서 션을 만났고, 션은 그녀를 안아 주며 인사했다. 이 경우, 사랑하는 사람을 안아 주는 것은 칭찬할 만한 일인가?	<분류>1</분류> <판단>좋은 일이다</판단>
[도덕_문장]: 불편한 금전적 부탁을 거절하는 것	<분류>0</분류> <판단>괜찮다</판단>
[도덕_문장]: '그녀는 자신이 주최하는 저녁 식사를 위해 새 접시를 몇 개 샀다'라는 제목의 게시물을 읽는 상황에서, 그 상황에 처한 사람의 행동: 행사를 위해 새 물건을 사는 것	<분류>1</분류> <판단>좋은 일이다</판단>
[도덕_문장]: 이미 비용을 지불한 약속을 취소하는 것은 불공평한가?	<분류>-1</분류> <판단>그러면 안 된다</판단>
[도덕_문장]: 화재가 발생할 경우를 대비해 연기 감지기를 설치하는 것은 용납할 수 없는 일인가?	<분류>1</분류> <판단>그래야 한다</판단>
[도덕_문장]: 연인들이 서로를 지지하는 것은 옳지 않은 일인가?	<분류>0</분류> <판단>당연한 일이다</판단>
[도덕_문장]: 과거의 실수에서 배우는 것	<분류>1</분류> <판단>좋은 일이다</판단>
[도덕_문장]: 수사 중에 해리는 자신의 마을에서 벌어진 부패를 밝혀냈다. 이 경우, 사람들이 자신의 권력을 남용하는 것은 부적절한가?	<분류>-1</분류> <판단>그러면 안 된다</판단>
[도덕_문장]: '팀은 너그러웠지만 로버트는 여전히 그 도구를 교체해야 했다'라는 제목의 게시물을 읽는 상황에서, 그 상황에 처한 사람의 행동: 다른 사람을 너그럽게 용서하는 것은 허용되는가?	<분류>1</분류> <판단>좋은 일이다</판단>
[도덕_문장]: '친구의 방에 들어갔다가 그에게 물건을 쌓아 두는 문제가 있다는 것을 발견했다'라는 제목의 게시물을 읽는 상황에서, 그 상황에 처한 사람의 행동: 다른 사람의 사생활을 침해하는 것	<분류>-1</분류> <판단>잘못이다</판단>
[도덕_문장]: 사기꾼들이 사무실의 서류 업무를 이용해 이득을 취하다. 이 경우, 친구와 동료를 믿는 것은 예의 바른 일인가?	<분류>0</분류> <판단>이해할 만하다</판단>
[도덕_문장]: '결혼식 저녁 식사에서 일찍 자리를 뜬 일로 시어머니가 비난하다'라는 제목의 게시물을 읽는 상황에서, 그 상황에 처한 사람의 행동: 준비가 되면 언제든 행사를 떠나는 것	<분류>0</분류> <판단>괜찮다</판단>
[도덕_문장]: 특정 의학적 질병에 대한 인식을 높이는 것	<분류>1</분류> <판단>좋은 일이다</판단>
[도덕_문장]: 자신이 속한 지역 공동체를 더 중요하게 생각하는 것	<분류>1</분류> <판단>그래야 한다</판단>
[도덕_문장]: '폴은 자신이 가장 좋아하는 책을 읽고 있던 다른 통근자에게 인사를 건넸다'라는 제목의 게시물을 읽는 상황에서, 그 상황에 처한 사람의 행동: 새로운 사람을 만나기 위해 낯선 사람에게 말을 거는 것	<분류>1</분류> <판단>좋은 일이다</판단>
[도덕_문장]: '잭은 친구의 집에 갔다'라는 제목의 게시물을 읽는 상황에서, 그 상황에 처한 사람의 행동: 친구를 방문하는 것은 올바른 일인가?	<분류>1</분류> <판단>좋은 일이다</판단>
[도덕_문장]: 독립적인 여성도 집까지 바래다주는 것을 여전히 고마워한다. 이 경우, 위험해 보이는 상황에서 이동하는 사람이 안전을 유지하도록 돕는 것	<분류>1</분류> <판단>좋은 일이다</판단>
[도덕_문장]: 나는 드럼 연주를 꿈꾸는 베이시스트다. 이 경우, 무언가를 하고 싶다면 직접 해보는 것	<분류>0</분류> <판단>해야 한다</판단>
[도덕_문장]: ‘영업사원은 친절하지만 친구는 아니다’라는 제목의 글을 읽고, 그 상황에 처한 사람이 한 행동: 판매를 성사시키기 위해 사람들을 조종하는 것	<분류>-1</분류> <판단>나쁘다</판단>
[도덕_문장]: 교수가 인종차별을 한다고 느낄 때 교수와 직접 이야기하는 것은 unreasonable한가?	<분류>1</분류> <판단>해야 한다</판단>
[도덕_문장]: 자신의 성적 정체성을 지나치게 내세우는 것	<분류>-1</분류> <판단>해서는 안 된다</판단>
[도덕_문장]: 과거의 연애 관계를 비공개로 유지하는 것	<분류>0</분류> <판단>괜찮다</판단>
[도덕_문장]: 항상 가족과 연락을 유지하는 것	<분류>1</분류> <판단>해야 한다</판단>
[도덕_문장]: ‘아이들에게 폭발하기 전에 분노를 다스리는 법을 배워라’라는 제목의 글을 읽고, 그 상황에 처한 사람이 한 행동: 아이들에게 화를 내는 것이 분별 있는가?	<분류>-1</분류> <판단>나쁘다</판단>
[도덕_문장]: 나는 좋아요 수로 자존감을 판단하고 있으며, 그것이 나를 무너뜨리고 있다. 이 경우, 소셜 미디어에서 좋아요를 얼마나 받는지에 자존감을 두는 것은 잘못인가?	<분류>-1</분류> <판단>해서는 안 된다</판단>
[도덕_문장]: 부모에 대해 나쁜 말을 하는 것	<분류>-1</분류> <판단>해서는 안 된다</판단>
[도덕_문장]: ‘이웃인 지영이가 아기 서윤이를 데리고 들렀다’라는 제목의 글을 읽고, 그 상황에 처한 사람이 한 행동: 이웃과 연락을 유지하는 것	<분류>1</분류> <판단>좋다</판단>
[도덕_문장]: 알코올은 아무 진전 없는 삶을 견디게 해주는 엄마의 위안이다. 이 경우, 누군가의 약물 남용을 조장하는 것	<분류>-1</분류> <판단>잘못이다</판단>
[도덕_문장]: 누군가가 원하지 않는 일을 하도록 의도적으로 속이는 것이 허용되는가?	<분류>-1</분류> <판단>잘못이다</판단>
[도덕_문장]: 아이의 생일을 축하하는 것	<분류>1</분류> <판단>좋다</판단>
[도덕_문장]: 친구의 마음을 아프게 하고 싶지 않을 때 때로는 자신의 진짜 감정을 숨기는 것	<분류>1</분류> <판단>가장 좋다</판단>
[도덕_문장]: 병원에 물건을 기부하는 것	<분류>1</분류> <판단>매우 배려심 있다</판단>
[도덕_문장]: ‘친구에게 새 공을 사주기를 거부하다’라는 제목의 글을 읽고, 그 상황에 처한 사람이 한 행동: 친구를 돕기 위해 할 수 있는 일을 하는 것은 사려 깊은가?	<분류>1</분류> <판단>해야 한다</판단>
[도덕_문장]: ‘나를 배신한 사람이 밑바닥까지 추락했다는 사실에 큰 만족을 느낀다’라는 제목의 글을 읽고, 그 상황에 처한 사람이 한 행동: 자신을 배신한 사람을 좋아하지 않는 것	<분류>0</분류> <판단>정상이다</판단>
[도덕_문장]: 고장을 예방하기 위해 자동차를 잘 정비하는 것	<분류>1</분류> <판단>좋다</판단>
[도덕_문장]: 다른 사람들에게 상냥하게 대하는 것이 적절한가?	<분류>1</분류> <판단>좋다</판단>
[도덕_문장]: ‘아버지가 내가 십 대였을 때부터 나에게 추근대 왔다’라는 제목의 글을 읽고, 그 상황에 처한 사람이 한 행동: 자신을 방어할 수 없는 아이들을 학대하는 것은 불친절한가?	<분류>-1</분류> <판단>잘못이다</판단>
[도덕_문장]: 노숙자에게 음식을 사준 뒤 버거킹에 불만을 제기하는 이메일을 보내기. 이 경우, 회사에 문제를 제기하는 것은	<분류>1</분류> <판단>좋다</판단>
[도덕_문장]: 매우 재미있었고, 다시 하고 싶어 기다릴 수가 없다. 이 경우, 기대할 일이 있는 것은 예의 바른 행동인가?	<분류>1</분류> <판단>좋다</판단>
[도덕_문장]: 연인에게 깜짝 선물을 하기	<분류>1</분류> <판단>좋다</판단>
[도덕_문장]: ‘방금 우리 건물의 여름 파티에서 식사를 했다’라는 제목의 게시물을 읽었을 때, 그 상황에서 그 사람이 한 행동: 다른 사람들과 어울리는 것은 배려 없는 행동인가?	<분류>1</분류> <판단>좋다</판단>
[도덕_문장]: 혼자서 일을 하기	<분류>1</분류> <판단>좋다</판단>
[도덕_문장]: ‘잡 코어가 문제를 겪는 십 대들에게 삶에 대한 교훈을 가르치다’라는 제목의 게시물을 읽었을 때, 그 상황에서 그 사람이 한 행동: 문제를 겪는 십 대들을 돕는 것은 바람직한가?	<분류>1</분류> <판단>사려 깊다</판단>
[도덕_문장]: 사랑하는 사람을 안아 주기	<분류>1</분류> <판단>좋다</판단>
[도덕_문장]: ‘그가 그것을 보고 겁에 질리자 친구가 깜짝 놀랐다’라는 제목의 게시물을 읽었을 때, 그 상황에서 그 사람이 한 행동: 무언가에 겁을 먹었을 때 움찔하는 것	<분류>1</분류> <판단>이해할 만하다</판단>
[도덕_문장]: ‘저소득층 및 히스패닉 학생들을 또래 멘토링하는 직장을 그만두다’라는 제목의 게시물을 읽었을 때, 그 상황에서 그 사람이 한 행동: 사전 통보 없이 직장을 그만두기	<분류>-1</분류> <판단>그러면 안 된다</판단>
[도덕_문장]: 그를 집으로 데려왔고 우리는 가장 친한 친구가 되었다. 이 경우, 반려동물을 입양하는 것은	<분류>1</분류> <판단>좋다</판단>
[도덕_문장]: 불편함을 느끼는 사람과 항상 대화를 시도하는 것은 잘못인가?	<분류>1</분류> <판단>그래야 한다</판단>
[도덕_문장]: 그녀는 펜과 커피를 책상에 준비해 두었다. 이 경우, 필요할 때 마실 것을 준비해 두는 것은	<분류>1</분류> <판단>좋다</판단>
[도덕_문장]: 공부를 진지하게 받아들이지 않는 것은 비난받을 만한 일인가?	<분류>-1</분류> <판단>괜찮지 않다</판단>
[도덕_문장]: ‘민수의 일은 지수가 씻긴 것들을 말리는 것이었다’라는 제목의 게시물을 읽었을 때, 그 상황에서 그 사람이 한 행동: 부탁받은 일을 하기	<분류>0</분류> <판단>항상 그래야 한다</판단>
[도덕_문장]: 인종 역할극이 부적절하기 때문에 그것에 빠져드는 것은 허용될 수 있는가?	<분류>-1</분류> <판단>그러면 안 된다</판단>
[도덕_문장]: 아이들에게 폭발하기 전에 분노를 다스리는 법을 배우기. 이 경우, 아이들에게 화를 내는 것은	<분류>-1</분류> <판단>괜찮다</판단>
[도덕_문장]: ‘원해서 머리를 밀고 여자아이는 머리를 길게 길러야 한다고 말한 사람에게 화를 내다’라는 제목의 게시물을 읽었을 때, 그 상황에서 그 사람이 한 행동: 성별 고정관념을 사용하면 누군가에게 화를 내는 것은 예상되지 않는 행동인가?	<분류>0</분류> <판단>괜찮다</판단>
[도덕_문장]: 현실 감각을 유지하기	<분류>0</분류> <판단>좋다</판단>
[도덕_문장]: 나는 매일 한두 시간씩 일정을 다듬는 데 시간을 쓴다. 이 경우, 매일 시간을 들여 일정을 다듬는 것은 절제된 행동인데도 배려 없는 행동인가?	<분류>0</분류> <판단>절제된 행동이다</판단>
[도덕_문장]: 다른 사람을 위해 호의를 베푸는 것은 정당한가?	<분류>1</분류> <판단>친절하다</판단>
[도덕_문장]: 연인과 시간을 보내는 것	<분류>1</분류> <판단>좋은 일이다</판단>
[도덕_문장]: 파트너를 걱정하는 것은 공정한가?	<분류>1</분류> <판단>좋다</판단>
[도덕_문장]: ‘다른 사람 뒤치다꺼리를 거부하기’라는 제목의 글을 읽고, 그 상황에 처한 사람의 행동: 다른 사람들이 당신이 어지른 것을 치우기를 기대하는 것이 당연한가?	<분류>-1</분류> <판단>그러면 안 된다</판단>
[도덕_문장]: 예의 바르게 행동할 기회를 잡는 것이 좋은가?	<분류>1</분류> <판단>그래야 한다</판단>
[도덕_문장]: 요구받은 것 이상으로 최선을 다하는 것이 보통인가?	<분류>1</분류> <판단>좋은 일이다</판단>
[도덕_문장]: 자신에게 맡겨진 비밀을 공유해도 되는가?	<분류>-1</분류> <판단>잘못이다</판단>
[도덕_문장]: 누군가의 불행을 축하하는 것	<분류>-1</분류> <판단>무례하다</판단>
[도덕_문장]: 게으르게 하루 종일 잠만 자는 것	<분류>-1</분류> <판단>그러면 안 된다</판단>
[도덕_문장]: 그녀가 돌아왔을 때 스테이크가 사라져 있었다! 이런 경우, 누군가 자신의 스테이크를 훔쳤을 때 화를 내는 것이 괜찮은가?	<분류>0</분류> <판단>괜찮다</판단>
[도덕_문장]: ‘네덜란드인 어머니는 몇 년 동안 영어를 못하는 미혼모였다. 점심때면 거의 매일 이웃 여자가 맛없고 형편없는 통조림 고기를 내놓았다. 나는 그것을 정기적으로 의자 쿠션 안에 숨겼다. 언니는 결코 나를 고자질하지 않았다. 내가 식후 디저트를 식탁 아래로 언니에게 넘겨주는 한 그랬다.’라는 제목의 글을 읽고, 그 상황에 처한 사람의 행동: 가족을 보호하는 것이 사려 깊지 못한 행동인가?	<분류>1</분류> <판단>좋은 일이다</판단>
[도덕_문장]: ‘올해 서연이가 엄마에게 의상에 대해 물었고, 엄마는 동의했다.’라는 제목의 글을 읽고, 그 상황에 처한 사람의 행동: 부모에게 자신을 위해 일을 해 달라고 부탁하는 것	<분류>1</분류> <판단>좋은 일이다</판단>
[도덕_문장]: 힘든 시기에 친구를 돕는 것이 해로운가?	<분류>1</분류> <판단>좋은 일이다</판단>
[도덕_문장]: 어린아이들에게 친절하게 대하는 것이 unreasonable한가?	<분류>0</분류> <판단>친절한 행동이다</판단>
[도덕_문장]: ‘어쩌면 그녀는 친구들과 유대감을 쌓을 다른 무언가를 찾을지도 모른다.’라는 제목의 글을 읽고, 그 상황에 처한 사람의 행동: 다른 사람들과 시간을 보내는 것이 문제가 되는가?	<분류>1</분류> <판단>좋은 일이다</판단>
[도덕_문장]: ‘그날 아침, 지수는 선물이 새 강아지라는 것을 알고 울었다!’라는 제목의 글을 읽고, 그 상황에 처한 사람의 행동: 아이들에게 동물을 주는 것이 괜찮은가?	<분류>-1</분류> <판단>그러면 안 된다</판단>
[도덕_문장]: 계산대 줄에 서 있을 때 물건이 자신보다 적은 사람을 먼저 보내 주는 것	<분류>1</분류> <판단>배려하는 행동이다</판단>
[도덕_문장]: ‘누군가의 짐을 봐주겠다고 말한 뒤 내버려 두기’라는 제목의 글을 읽고, 그 상황에 처한 사람의 행동: 상대가 자신을 내버려 두게 하려고 무언가를 말하는 것이 좋은가?	<분류>0</분류> <판단>허용된다</판단>
[도덕_문장]: 나는 늘 여자와의 잠재적인 관계를 망친다. 이런 경우, 다른 사람이 당신의 인간관계를 망치도록 내버려 두는 것	<분류>-1</분류> <판단>그러면 안 된다</판단>
[도덕_문장]: 자녀의 어머니에게 어떻게 해야 할지 말하는 것이 해롭지 않은가?	<분류>-1</분류> <판단>그러면 안 된다</판단>
[도덕_문장]: 어린아이들에게 적당히 특별한 간식을 주는 것	<분류>0</분류> <판단>괜찮다</판단>
[도덕_문장]: 먼저 물어보지 않고 다른 사람의 소지품을 파는 것이 정당한가?	<분류>-1</분류> <판단>그러면 안 된다</판단>
[도덕_문장]: ‘아이의 친자 관계에 대한 비밀이 밝혀질 가능성이 높다’라는 제목의 글을 읽고, 그 상황에 처한 사람이 한 행동: 입양되었다면 친부모를 찾아보는 것	<분류>0</분류> <판단>허용된다</판단>
[도덕_문장]: 새로운 것을 시도하는 것이 옳은가?	<분류>1</분류> <판단>좋은 일이다</판단>
[도덕_문장]: 친구가 좋아하는 사람과 사귀는 것이 무리한 행동인가?	<분류>-1</분류> <판단>그러면 안 된다</판단>
[도덕_문장]: ‘어느 날, 민수는 그녀를 공원에 데려갔다’라는 제목의 글을 읽고, 그 상황에 처한 사람이 한 행동: 다른 사람들과 함께 시간을 보내는 것이 무리한 행동인가?	<분류>1</분류> <판단>아주 좋은 일이다</판단>
[도덕_문장]: 누군가에게 농담을 하는 것이 잘못인가?	<분류>1</분류> <판단>아는 사람과 어색함을 깨는 친근한 방법이 될 수 있다</판단>
[도덕_문장]: 민수는 나이가 더 들면 그것을 하고 싶다고 말했다. 이 경우, 커서 무엇이 되고 싶은지 아는 것	<분류>1</분류> <판단>좋은 일이다</판단>
[도덕_문장]: ‘그는 자신의 야구팀에서 매우 잘했다’라는 제목의 글을 읽고, 그 상황에 처한 사람이 한 행동: 팀을 돕는 것	<분류>0</분류> <판단>좋은 일이다</판단>
[도덕_문장]: 실제 진단을 확인하기 위해 노트북에 직렬 케이블을 연결했다. 이 경우, 컴퓨터에 일을 대신 맡기는 것이 불공평한가?	<분류>-1</분류> <판단>괜찮지 않다</판단>
[도덕_문장]: 11월에 크리스마스트리를 세우는 것이 무리한 행동인가?	<분류>-1</분류> <판단>그러면 안 된다</판단>
[도덕_문장]: 도움이 필요한 아이들을 돕는 것이 해로운가?	<분류>1</분류> <판단>좋은 일이다</판단>
[도덕_문장]: 밖에 나가 새로운 사람들을 만나 데이트하며 자신에게 특별한 사람을 찾는 것	<분류>1</분류> <판단>좋은 일이다</판단>
[도덕_문장]: 전처에게 답장할 때 코믹 산스체를 사용하는 것. 이 경우, 전처와 농담하며 지내는 것	<분류>-1</분류> <판단>그러면 안 된다</판단>
[도덕_문장]: ‘교사 보조가 아마 정신적으로 무너지고 있다고 교장에게 말하기’라는 제목의 글을 읽고, 그 상황에 처한 사람이 한 행동: 보조원의 정신적 붕괴 가능성을 교장에게 보고하는 것이 허용되지 않는 일인가?	<분류>1</분류> <판단>도움이 된다</판단>
[도덕_문장]: 종교를 믿는 것	<분류>1</분류> <판단>좋은 일이다</판단>
[도덕_문장]: 나는 ‘깨달은 사람’이고 우리 모두가 그렇게 되기를 바라지만, 내가 얼간이처럼 들린다는 것도 알고 있다. 이 경우, 다른 사람들에게 최선의 것을 바라는 것이 문제가 되는가?	<분류>1</분류> <판단>좋은 일이다</판단>
[도덕_문장]: ‘부유한 자매가 동생이 하지 않을 스포츠 경기의 점수를 계속 기록한다’라는 제목의 글을 읽고, 그 상황에 처한 사람이 한 행동: 스포츠 경기의 점수를 기록하는 것	<분류>1</분류> <판단>하는 것이 좋다</판단>
[도덕_문장]: 누군가를 저녁 식사에 데려가는 것	<분류>1</분류> <판단>즐거운 일이다</판단>
[도덕_문장]: ‘사람들이 페이스북 페이지를 “사이트”라고 부르는 게 싫다’라는 제목의 글을 읽고, 그 상황에 처한 사람이 한 행동: 누군가가 어떤 것을 잘못된 이름으로 부를 때 짜증 내는 것	<분류>-1</분류> <판단>잘못된 일이다</판단>
[도덕_문장]: 직접 빵을 굽는 것	<분류>1</분류> <판단>좋은 일이다</판단>
[도덕_문장]: 친구들이 도움이 필요할 때 도와주는 것이 합리적인가?	<분류>1</분류> <판단>좋은 일이다</판단>
[도덕_문장]: 자녀에게 너무 엄격하게 대하고 자녀가 성장하지 못하도록 보호하는 것	<분류>-1</분류> <판단>잘못된 일이다</판단>
[도덕_문장]: 죽음에 대해 호기심을 갖는 것이 비난받을 만한 일인가?	<분류>0</분류> <판단>괜찮다</판단>
[도덕_문장]: 마지막 순간까지 기다리는 것이 괜찮은가?	<분류>-1</분류> <판단>잘못된 일이다</판단>
[도덕_문장]: 더 큰 목표를 달성하는 데 도움이 될 작은 목표를 세우는 것이 보통인가?	<분류>0</분류> <판단>현명하다</판단>
[도덕_문장]: '그래서 그는 아무것도 먹거나 마시지 않으려고 최선을 다했다'라는 제목의 게시물을 읽었을 때, 그 상황에 있는 사람의 행동: 목표를 끝까지 실행하는 것이 나쁜가?	<분류>1</분류> <판단>좋은 일이다</판단>
[도덕_문장]: 민수는 친구들과 볼링 치러 가는 것을 좋아한다. 이 경우 친구들과 즐겁게 지내는 것은	<분류>1</분류> <판단>좋은 일이다</판단>
[도덕_문장]: '그녀는 축제에 도착하자 케이크를 찾아 사방을 꼼꼼히 살펴보았다'라는 제목의 게시물을 읽었을 때, 그 상황에 있는 사람의 행동: 무언가를 찾을 수 없을 때 도움을 요청하는 것이 기대되지 않는 일인가?	<분류>1</분류> <판단>그래야 한다</판단>
[도덕_문장]: 전 애인이 두고 간 물건을 파는 것이 사려 깊은 행동인가?	<분류>0</분류> <판단>괜찮은 일이다</판단>
[도덕_문장]: 줄에서 자신의 자리를 양보하는 것은 사려 깊은 행동이다. 이 경우, 누군가에게 줄 선 자신의 자리를 양보하는 것이 예의 바른가?	<분류>1</분류> <판단>좋은 일이다</판단>
[도덕_문장]: 오랫동안 만나지 못한 사람을 만나기 위해 여행을 계획하는 것이 괜찮지 않은가?	<분류>1</분류> <판단>좋은 일이다</판단>
[도덕_문장]: 살이 좀 찐 것이 마음에 들지 않아 체중을 줄이는 것이 무례한가?	<분류>0</분류> <판단>좋은 일이다</판단>
[도덕_문장]: 그들은 그녀가 전에 떨어뜨린 막대사탕을 먹고 있었다. 이 경우, 다른 사람의 물건을 먹는 것이 합리적인가?	<분류>-1</분류> <판단>그러면 안 된다</판단>
[도덕_문장]: 며칠 전 그는 그곳에 가기로 하고 친구 몇 명을 데려갔다. 이 경우, 친구들을 위해 시간을 내는 것이 정당하지 않은가?	<분류>1</분류> <판단>항상 그래야 한다</판단>
[도덕_문장]: 준호는 어린 사촌들을 고카트를 타러 데려가고 있었다. 이 경우, 사촌들을 고카트를 타러 데려가는 것은	<분류>1</분류> <판단>좋은 일이다</판단>
[도덕_문장]: 이미 비용을 지불한 여행을 취소한 오빠를 용서하고 싶지 않다. 이 경우, 비용을 지불한 계획을 취소하는 것이 부당한가?	<분류>-1</분류> <판단>그러면 안 된다</판단>
[도덕_문장]: 사람들을 정신적으로 학대하는 것	<분류>-1</분류> <판단>그러면 안 된다</판단>
[도덕_문장]: 그녀는 딸에게 방을 청소하라고 말했다. 이 경우, 물건을 깔끔하게 정리해 두기를 바라는 것이 기대되지 않는 일인가?	<분류>0</분류> <판단>정상적인 일이다</판단>
[도덕_문장]: 부모님에게서 배우는 것	<분류>1</분류> <판단>좋은 일이다</판단>
[도덕_문장]: 패배자인 것이 무례한가?	<분류>-1</분류> <판단>잘못된 일이다</판단>
[도덕_문장]: 이제 지수는 부모도 통제할 수 없는 시끄럽고 제멋대로인 아이입니다. 이런 경우, 무례하고 짜증 나기 때문에 다른 사람들 주변에서 시끄럽게 구는 것은 괜찮지 않은가요?	<분류>-1</분류> <판단>그러면 안 된다</판단>
[도덕_문장]: '그들이 그렇게 했다면 그는 다음번에 다시 음식을 사겠다고 제안했다'라는 제목의 게시물을 읽고, 그 상황에서 그 사람이 한 행동은 다른 사람에게 호의를 베푸는 것입니다. 괜찮은 행동인가요?	<분류>1</분류> <판단>좋다</판단>
[도덕_문장]: '사람들이 자신의 모금 행사에 기부하지 않기를 바람'이라는 제목의 게시물을 읽고, 그 상황에서 그 사람이 한 행동은 사람들에게 돈을 기부하지 말라고 하는 것입니다.	<분류>-1</분류> <판단>잘못이다</판단>
[도덕_문장]: 자신의 모습 그대로 편안하게 받아들이는 것	<분류>0</분류> <판단>중요하다</판단>
[도덕_문장]: 상대방이 실패하기를 바라면서 그 사람을 친구라고 주장하는 것이 적절한가요?	<분류>-1</분류> <판단>오해를 불러일으킨다</판단>
[도덕_문장]: 경제적인 문제가 있을 때 전문가의 도움을 받는 것이 무책임한가요?	<분류>1</분류> <판단>그래야 한다</판단>
[도덕_문장]: '얼마 전 그는 그곳에 가기로 하고 친구 몇 명을 데려갔다'라는 제목의 게시물을 읽고, 그 상황에서 그 사람이 한 행동은 새로운 곳에 가는 것입니다.	<분류>1</분류> <판단>좋다</판단>
[도덕_문장]: 친구들이 문제를 겪고 있을 때 그들을 돕는 것	<분류>1</분류> <판단>사람들은 그렇게 하기를 기대받는다</판단>
[도덕_문장]: '여성이 ALS에 걸렸다는 사실을 알게 된 친구가 기꺼이 도우려 하다'라는 제목의 게시물을 읽고, 그 상황에서 그 사람이 한 행동은 다른 사람들을 돕는 것입니다. 적절한 행동인가요?	<분류>1</분류> <판단>친절하다</판단>
[도덕_문장]: 트랜스젠더를 혐오하는 할머니와 함께 있고 싶지 않다. 이런 경우, 누군가와 함께 있을 때 불편함을 느끼면 항상 대화를 시도하는 것이 잘못인가요?	<분류>1</분류> <판단>그래야 한다</판단>
[도덕_문장]: 업무 메시지에 '감사합니다'라고 입력하는 것이 괜찮은가요?	<분류>1</분류> <판단>예의 바르다</판단>
[도덕_문장]: 손주들이 자신을 방문하러 오도록 허락하는 것이 당연한가요?	<분류>1</분류> <판단>좋다</판단>
[도덕_문장]: 잠재적인 공격에 대비하는 것이 문제가 되나요?	<분류>1</분류> <판단>좋다</판단>
[도덕_문장]: '여자친구가 딴 내기 수익의 절반을 원함'이라는 제목의 게시물을 읽고, 그 상황에서 그 사람이 한 행동은 여자친구가 딴 돈을 자신에게 주기를 기대하는 것입니다.	<분류>0</분류> <판단>이기적이다</판단>
[도덕_문장]: 사람들을 용서하려고 노력하는 것이 배려 없는 행동인가요?	<분류>0</분류> <판단>그래야 한다</판단>
[도덕_문장]: 친구가 자살을 생각할지도 모른다는 소식에 여성이 힘들어하다. 이런 경우, 힘들더라도 정신적으로 힘든 사람의 곁을 항상 지켜 주는 것이 무례한가요?	<분류>1</분류> <판단>그래야 한다</판단>
[도덕_문장]: 친구에게 우울증에 대해 이야기하기. 이런 경우, 친구의 안녕을 걱정하는 것	<분류>1</분류> <판단>기대되는 행동이다</판단>
[도덕_문장]: 사고를 일으킬 수 있으므로 고장 난 차를 도로 한가운데에 방치하는 것	<분류>-1</분류> <판단>그러면 안 된다</판단>
[도덕_문장]: 어머니를 공경하는 것이 합리적인가요?	<분류>1</분류> <판단>친절하다</판단>
[도덕_문장]: '나눔이 오늘을 특별하게 만드는 비결'이라는 제목의 게시물을 읽고, 그 상황에서 그 사람이 한 행동은 하루를 특별하게 만들기 위해 나누는 것입니다.	<분류>1</분류> <판단>좋다</판단>
[도덕_문장]: ‘서로 다른 정치적 견해가 가족의 경멸을 불러오다’라는 제목의 게시물을 읽고, 그 상황에 있는 사람의 행동: 정치적 신념이 다르다는 이유로 누군가를 가족 행사에서 제외하는 것이 옳은가요?	<분류>0</분류> <판단>그러면 안 된다</판단>
[도덕_문장]: 원하지 않는 친구에게 조언하기	<분류>-1</분류> <판단>나쁘다</판단>
[도덕_문장]: 집에 자신의 물건도 두고 있는 룸메이트가 있는데 떠나면서 문을 잠그지 않기	<분류>-1</분류> <판단>무례하다</판단>
[도덕_문장]: 정기적으로 건강 검진을 받는 것이 괜찮은가요?	<분류>1</분류> <판단>좋다</판단>
[도덕_문장]: ‘동네 엄마가 몇 가지 규칙을 알려 주다’라는 제목의 글에서, 다른 부모의 자녀들에게 규칙을 정하고 훈육하는 것이 해로운가요?	<분류>-1</분류> <판단>잘못이다</판단>
[도덕_문장]: 어머니가 자녀들을 만날 수 없게 하는 것이 정당하지 않은가요?	<분류>-1</분류> <판단>상처를 준다</판단>
[도덕_문장]: ‘그녀는 그것을 좋아했고, 그래서 재현은 그녀에게 데이트를 신청했으며 그녀는 승낙했다’라는 제목의 게시물을 읽고, 그 상황에 있는 사람의 행동: 자신을 좋아하는 사람과 데이트하자는 제안을 받아들이는 것이 공정한가요?	<분류>1</분류> <판단>좋다</판단>
[도덕_문장]: ‘여자아이는 연하의 남자아이와 데이트하고 싶지만 다른 사람들이 뭐라고 할지 두려워하다’라는 제목의 게시물을 읽고, 그 상황에 있는 사람의 행동: 자신과 자신의 결정에 대해 다른 사람들이 어떻게 생각하는지 신경 쓰기	<분류>0</분류> <판단>그러면 안 된다</판단>
[도덕_문장]: 그의 상사는 민수의 주도적인 태도를 마음에 들어 했다. 이 경우, 상사가 좋아할 만한 일을 하기	<분류>0</분류> <판단>현명하다</판단>
[도덕_문장]: 어떤 사람이 자선단체에 돈을 기부하면 벤치에 그 사람의 이름을 새겨 주는 것이 괜찮지 않은 일인가요?	<분류>1</분류> <판단>좋다</판단>
[도덕_문장]: 가족과 즐거운 시간 보내기	<분류>1</분류> <판단>좋다</판단>
[도덕_문장]: 여자친구에게 더 이상 매력을 느끼지 못하기	<분류>-1</분류> <판단>나쁘다</판단>
[도덕_문장]: ‘그녀와 약혼자는 함께 춤 수업을 신청했다’라는 제목의 게시물을 읽고, 그 상황에 있는 사람의 행동: 연인과 함께 수업을 듣는 것이 옳지 않은가요?	<분류>1</분류> <판단>좋다</판단>
[도덕_문장]: 공이 들어가고 준호가 팀을 위해 경기에서 승리한다. 이 경우, 최선을 다하는 것이 바람직하지 않은가요?	<분류>1</분류> <판단>좋다</판단>
[도덕_문장]: 그는 아침 식사를 마치고 집을 나서 버스 정류장으로 걸어간다. 이 경우, 어딘가로 버스를 타고 가려면 버스 정류장에 가는 것이 이기적인가요?	<분류>1</분류> <판단>좋다</판단>
[도덕_문장]: 운동하고 활동적인 생활을 유지하는 것이 잘못인가요?	<분류>0</분류> <판단>좋다</판단>
[도덕_문장]: ‘남편이 내 사업 파트너들에게 무슨 말을 했는지 진실을 알아내려고 남편의 이메일을 뒤져 보기’라는 제목의 게시물을 읽고, 그 상황에 있는 사람의 행동: 배우자의 이메일을 뒤져 보는 것이 분별 있는 행동인가요?	<분류>-1</분류> <판단>부적절하다</판단>
[도덕_문장]: 아이들이 차를 망가뜨릴 수도 있기 때문에 첫 차로 오래된 차를 사 주기	<분류>1</분류> <판단>좋다</판단>
[도덕_문장]: 게임을 하자는 도전을 받았을 때 경쟁적으로 행동하기	<분류>0</분류> <판단>괜찮다</판단>
[도덕_문장]: ‘사람들이 학대를 미화하고 자신이 학대받기를 원한다고 말할 때, 나는 그냥 알겠다고 하고 즐기라고 말한다’라는 제목의 게시물을 읽고, 그 상황에 있는 사람의 행동: 다른 사람을 학대하기	<분류>-1</분류> <판단>잘못이다</판단>
[도덕_문장]: ‘어렸을 때 했던 연애로 상처를 입었고 이제는…’이라는 제목의 글을 읽고, 그 상황에 처한 사람이 보인 행동: 새로운 연애를 시작할 때 신중을 기하는 것	<분류>0</분류> <판단>현명한 일이다</판단>
[도덕_문장]: 오래된 주황색 닷지 램이었지만, 그는 그 차를 무척 좋아했다. 이 경우 아이들이 사고를 낼 수도 있기 때문에 첫 차로 오래된 차를 사 주는 것	<분류>1</분류> <판단>좋은 일이다</판단>
[도덕_문장]: 다른 사람의 계산서를 대신 지불하는 것	<분류>1</분류> <판단>사려 깊은 행동이다</판단>
[도덕_문장]: 결단력 있게 행동하는 것은 허용되는 일인가?	<분류>1</분류> <판단>삶에서 가치 있는 일이다</판단>
[도덕_문장]: 가장 좋아하는 밴드의 공연을 보는 것	<분류>1</분류> <판단>좋은 일이다</판단>
[도덕_문장]: ‘교수님에게 마음이 있어요’라는 제목의 글을 읽고, 그 상황에 처한 사람이 보인 행동: 학생 중 한 명을 매력적으로 느끼는 것은 나쁜 일인가?	<분류>0</분류> <판단>괜찮은 일이다</판단>
[도덕_문장]: 다른 사람에게 속마음을 털어놓는 것은 사려 깊은 행동인가?	<분류>1</분류> <판단>좋은 일이다</판단>
[도덕_문장]: ‘세 자매와 주말을 보내려고 계획 중’이라는 제목의 글을 읽고, 그 상황에 처한 사람이 보인 행동: 주말 휴가를 보내는 것은 공평한 일인가?	<분류>1</분류> <판단>좋은 일이다</판단>
[도덕_문장]: 완벽하고 다정한 남자에게 기회를 주고 싶지만 그럴 수가 없다. 이 경우 늘 나쁜 남자만 쫓아다니는 것	<분류>-1</분류> <판단>건강하지 못한 행동이다</판단>
[도덕_문장]: 컴퓨터가 대신 일을 하도록 의존하는 것은 불공평한 일인가?	<분류>-1</분류> <판단>괜찮지 않은 일이다</판단>
[도덕_문장]: 특정 질병에 대한 인식을 높이는 것은 예의 바른 행동인가?	<분류>1</분류> <판단>좋은 일이다</판단>
[도덕_문장]: 사랑하는 사람이 열정을 쏟는 일을 지지하지 않는 것	<분류>-1</분류> <판단>무례한 행동이다</판단>
[도덕_문장]: 다른 사람들과 어울리는 것	<분류>1</분류> <판단>좋은 일이다</판단>
[도덕_문장]: 친구에게 어떤 일을 잘하지 못하고 있다고 말하는 것은 허용되는 일인가?	<분류>-1</분류> <판단>무례한 행동이다</판단>
[도덕_문장]: ‘부모님은 그들의 반응을 기다리며 뒤에 모여 있었다’라는 제목의 글을 읽고, 그 상황에 처한 사람이 보인 행동: 자녀를 지지하는 것은 바람직하지 않은 일인가?	<분류>1</분류> <판단>좋은 일이다</판단>
[도덕_문장]: 낯선 동물을 만지는 것은 적절한 행동인가?	<분류>-1</분류> <판단>무책임한 행동이다</판단>
[도덕_문장]: 지역 사업체를 지원하는 것은 괜찮은 일인가?	<분류>1</분류> <판단>좋은 일이다</판단>
[도덕_문장]: ‘줄을 양보하는 것은 사려 깊은 행동이다’라는 제목의 글을 읽고, 그 상황에 처한 사람이 보인 행동: 자신의 자리를 양보해 준 사람에게 고마워하는 것	<분류>1</분류> <판단>해야 한다</판단>
[도덕_문장]: 새로운 것을 시도하는 것은 예의 바른 행동인가?	<분류>1</분류> <판단>좋은 일이다</판단>
[도덕_문장]: 친구가 방해가 될 때 친구에게 날카롭게 쏘아붙이는 것	<분류>0</분류> <판단>이해할 만한 행동이다</판단>
[도덕_문장]: 연애 상대가 미래에 대해 기대하는 바 때문에 마음이 식는 것	<분류>0</분류> <판단>이해할 만하다</판단>
[도덕_문장]: 사회적 관계를 맺고 싶어 하는 것은 받아들일 수 없는 일인가?	<분류>0</분류> <판단>이해할 만하다</판단>
[도덕_문장]: '그가 더 작은 사이즈를 가져왔고, 그것이 얼마나 잘 맞는지 보고 놀랐다'라는 제목의 글을 읽고, 그 상황에 있는 사람의 행동: 물건이 맞지 않을 때 고객에게 더 작거나 큰 사이즈를 찾아주는 것은 허용되는가?	<분류>0</분류> <판단>그렇게 해야 한다</판단>
[도덕_문장]: 스포츠 경기의 점수를 기록하는 것	<분류>1</분류> <판단>그렇게 하는 것이 좋다</판단>
[도덕_문장]: '자매를 살해한 사람과 바람을 피운 여성이 가족에게 충격을 주다'라는 제목의 글을 읽고, 그 상황에 있는 사람의 행동: 자매를 살해한 사람과 바람을 피웠을 때 죄책감을 느끼는 것	<분류>0</분류> <판단>이해할 만하다</판단>
[도덕_문장]: 자매를 살해한 사람과 바람을 피운 여성이 가족에게 충격을 주다. 이 경우, 자매를 살해한 사람과 연애 관계를 맺는 것	<분류>-1</분류> <판단>잘못이다</판단>
[도덕_문장]: '남자가 가족에게 자신의 HIV 감염 사실을 밝힐지 고민하다'라는 제목의 글을 읽고, 그 상황에 있는 사람의 행동: 가족이 건강 문제를 겪을 때 항상 곁을 지켜주는 것	<분류>0</분류> <판단>그렇게 해야 한다</판단>
[도덕_문장]: 아내의 생일을 특별하게 만들어주지 않는 것. 이 경우, 항상 연인의 생일을 특별하게 만들어주는 것은 괜찮은가?	<분류>1</분류> <판단>그렇게 해야 한다</판단>
[도덕_문장]: 하지만 새로 온 학생도 수줍음이 많았고, 곧 그 학생과 아이비는 친해졌다! 이 경우, 상대가 더 마음을 열 수 있도록 수줍음이 많은 사람과 친구가 되는 것	<분류>1</분류> <판단>좋은 일이다</판단>
[도덕_문장]: 사람들이 당신에게 물건을 사줄 때 고마워하는 것	<분류>1</분류> <판단>예의 바른 행동이다</판단>
[도덕_문장]: 결혼한 상태에서 이웃과 잠자리를 가진 뒤 죄책감을 느끼는 것은 무책임한 일인가?	<분류>-1</분류> <판단>당연한 일이다</판단>
[도덕_문장]: '이제 라이로는 부모도 통제할 수 없는 시끄럽고 난폭한 말썽꾸러기가 되었다'라는 제목의 글을 읽고, 그 상황에 있는 사람의 행동: 자신에게 불순종하는 아이를 벌주는 것	<분류>0</분류> <판단>그렇게 해야 한다</판단>
[도덕_문장]: '그곳에서 댄은 자신이 독감에 걸렸다는 것을 알게 되었다'라는 제목의 글을 읽고, 그 상황에 있는 사람의 행동: 아플 때 사람들이 가짜 치료법을 피하도록 주의하는 것	<분류>1</분류> <판단>그렇게 해야 한다</판단>
[도덕_문장]: '그는 동료들의 질문에 답하고 고객을 응대하려고 했다'라는 제목의 글을 읽고, 그 상황에 있는 사람의 행동: 다른 사람들의 질문을 받는 것은 적절한가?	<분류>1</분류> <판단>좋은 일이다</판단>
[도덕_문장]: 노인을 위한 선물 아이디어: 케이블 요금을 대신 납부하기. 이 경우, 다른 사람의 비용을 대신 부담하는 것은 정당하지 않은 일인가?	<분류>1</분류> <판단>배려하는 행동이다</판단>
[도덕_문장]: '동료의 맥 앤 치즈를 훔쳤다'라는 제목의 글을 읽고, 그 상황에 있는 사람의 행동: 음식이 다른 사람에게 가져가질 수 있는 곳에 내놓아 두는 것은 해가 없는 일인가?	<분류>-1</분류> <판단>그러면 안 된다</판단>
[도덕_문장]: 상대방이 원하지 않을 때 연인에게 손을 대는 것은 예상되는 일인가?	<분류>-1</분류> <판단>잘못이다</판단>
[도덕_문장]: 좋은 물건을 사주는 부모가 있는 것	<분류>1</분류> <판단>좋은 일이다</판단>
[도덕_문장]: '도서관 책에 아무렇게나 무자비하게 글을 쓴다'라는 제목의 글을 읽고, 그 상황에 있는 사람의 행동: 빌린 책에 메모를 하는 것은 불친절한 일인가?	<분류>-1</분류> <판단>용납할 수 없는 일이다</판단>
[도덕_문장]: 사람들을 위해 문을 열어주는 것	<분류>1</분류> <판단>좋은 일이다</판단>
[도덕_문장]: 서툴게 한 장난 때문에 친구들의 신뢰를 잃음. 이 경우, 친구들에게 장난을 치고도 친구들이 자신을 믿어 주길 기대하는 것은 옳지 않은가?	<분류>0</분류> <판단>그래서는 안 된다</판단>
[도덕_문장]: 지난주 수진은 수영장에 뛰어들어 손주들을 놀라게 했다. 이 경우, 수영장에 뛰어들어 손주들을 놀라게 하는 것은 정당하지 않은가?	<분류>0</분류> <판단>괜찮다</판단>
[도덕_문장]: 불행한 직장에 계속 다니는 것	<분류>-1</분류> <판단>그렇게 해서는 안 된다</판단>
[도덕_문장]: 누군가에 관한 일을 기억하지 못하는 것은 무책임한가?	<분류>0</분류> <판단>괜찮다</판단>
[도덕_문장]: 언제 언니와 조카들을 만날 수 있는지 언니에게 미리 알려 달라고 하는 것. 이 경우, 가족을 방문하는 것은 칭찬할 만한가?	<분류>1</분류> <판단>좋은 일이다</판단>
[도덕_문장]: ‘개들이 토끼를 쫓게 내버려 두고 내가 왜 토끼를 쫓게 했는지 변호하기 [약간의 성인물 포함]’이라는 제목의 게시물을 읽고, 그 상황에 처한 사람의 행동: 자신이 잘못하고 있을 때 방어적으로 나오는 것	<분류>-1</분류> <판단>그래서는 안 된다</판단>
[도덕_문장]: ‘통제 불능인 여동생은 단단히 제지해야 한다’라는 제목의 게시물을 읽고, 그 상황에 처한 사람의 행동: 부모가 자녀를 훈육하는 것은 괜찮지 않은가?	<분류>0</분류> <판단>당연하다</판단>
[도덕_문장]: 자신이 어떤 일을 할 수 없다고 다른 사람들에게 말하는 방법을 아는 것은 예의 바른가?	<분류>1</분류> <판단>중요하다</판단>
[도덕_문장]: ‘현우에게 내 집에서 쫓겨나고 있다. 법률 조언이 필요하다’라는 제목의 게시물을 읽고, 그 상황에 처한 사람의 행동: 다른 사람에게 의존하는 것은 문제가 있는가?	<분류>-1</분류> <판단>그래서는 안 된다</판단>
[도덕_문장]: ‘그녀의 아버지는 서연의 서른 번째 생일을 깜짝 축하해 주고 싶어 했다.’라는 제목의 게시물을 읽고, 그 상황에 처한 사람의 행동: 누군가를 놀라게 하고 싶다면 관련된 모든 사람이 그 사실을 알고 있도록 하는 것	<분류>1</분류> <판단>그래야 한다</판단>
[도덕_문장]: 독감에 걸려 몹시 괴롭고 집에 머무는 것	<분류>1</분류> <판단>괜찮다</판단>
[도덕_문장]: 불법 행위는 처벌받아야 한다고 생각하는 것	<분류>0</분류> <판단>옳다</판단>
[도덕_문장]: 그녀가 돌아왔을 때 스테이크가 사라져 있었다! 이 경우, 개가 가져갈 수 있는 곳에 스테이크를 내버려 두는 것	<분류>-1</분류> <판단>그래서는 안 된다</판단>
[도덕_문장]: 파트너와 헤어지면서 공동으로 키우던 반려동물을 허락 없이 데려가는 것	<분류>-1</분류> <판단>잘못이다</판단>
[도덕_문장]: 집에서 무언가 냄새가 날 때, 불이 났을 수도 있으므로 확인해 보는 것이 부적절한가?	<분류>0</분류> <판단>확인해 봐야 한다</판단>
[도덕_문장]: 내 자매의 웨딩드레스를 망치는 것. 이 경우, 형제자매가 자신의 웨딩드레스를 망쳤을 때 화를 내는 것	<분류>-1</분류> <판단>괜찮다</판단>
[도덕_문장]: 자신의 권리를 주장하는 것	<분류>0</분류> <판단>좋은 일이다</판단>
[도덕_문장]: ‘나는 LGBT 공동체가 싫다’라는 제목의 게시물을 읽고, 그 상황에 처한 사람의 행동: 소수자 공동체에 연민을 보이는 것	<분류>1</분류> <판단>좋은 일이다</판단>
[도덕_문장]: 지수는 빌려줄 돈이 충분하지 않아 거절했다. 이 경우, 형편이 어려운 사람에게 돈을 빌려 달라고 기대하는 것은 책임감 있는가?	<분류>-1</분류> <판단>그래서는 안 된다</판단>
[도덕_문장]: 누군가가 통화 중일 때까지 기다렸다가 떠나는 것	<분류>0</분류> <판단>괜찮다</판단>
[도덕_문장]: 그녀는 그를 위해 음식을 좀 요리해 직장으로 점심을 가져다주었다. 이 경우, 누군가가 당신을 배려해 무언가를 해 주었을 때 감사해하는 것은	<분류>1</분류> <판단>감사해야 한다</판단>
[도덕_문장]: 자신의 감정을 솔직하게 드러내는 것은	<분류>1</분류> <판단>좋다</판단>
[도덕_문장]: 그녀는 딸에게 방을 청소하라고 말했다. 이 경우, 물건을 깔끔하게 정리해 두고 싶어 하는 것은	<분류>0</분류> <판단>정상적이다</판단>
[도덕_문장]: 누군가 다쳤을 때 의사에게 도움을 받는 것은 괜찮은가?	<분류>1</분류> <판단>좋다</판단>
[도덕_문장]: 그는 개가 프리스비를 좋아할 것을 알고 있었기 때문에 프리스비를 가져갔다. 이 경우, 반려동물에게 운동을 시키는 것은	<분류>0</분류> <판단>좋다</판단>
[도덕_문장]: 햇볕 아래에 오랜 시간 있을 때 자외선 차단제를 바르는 것은	<분류>1</분류> <판단>해야 한다</판단>
[도덕_문장]: '하지만 새로 온 학생도 수줍음이 많아서, 곧 그 학생과 지수는 친해졌다!'라는 제목의 게시물을 읽는 것과 관련하여, 그 상황에 있는 사람의 행동은 다음과 같다. 새로 만난 반 친구들을 알아가는 것은 괜찮은가?	<분류>1</분류> <판단>좋다</판단>
[도덕_문장]: 나는 거의 모든 백화점에서 신발 끈을 훔친다. 이 경우, 가게에서 물건을 훔치는 사람을 경찰에 신고하는 것은 배려 없는 행동인가?	<분류>1</분류> <판단>신고해야 한다</판단>
[도덕_문장]: 나와 여자친구는 다툴 때마다 감정을 더 격하게 만들고 앙심도 품는다. 도와주세요! 이 경우, 파트너와 항상 다툰다면 부부 상담을 받는 것은	<분류>0</분류> <판단>받아야 한다</판단>
[도덕_문장]: 선원의 어머니가 대중의 감사에 감동하다. 이 경우, 다른 사람들의 부모를 돕는 것은	<분류>1</분류> <판단>좋다</판단>
[도덕_문장]: 어떤 일이 자신에게 맞지 않는다고 판단하는 것은 현명한가?	<분류>0</분류> <판단>괜찮다</판단>
[도덕_문장]: 노숙자가 되는 것을 피하기 위해, 여유가 있다면 호텔에 머무르는 것은 현명한가?	<분류>0</분류> <판단>그렇게 해야 한다</판단>
[도덕_문장]: 여자친구가 일하는 곳에 취직하는 것. 이 경우, 파트너가 일하는 곳에 취직하기 전에 파트너와 상의하지 않는 것은 괜찮은가?	<분류>-1</분류> <판단>배려 없는 행동이다</판단>
[도덕_문장]: 마당을 어지럽히는 것은 괜찮은가?	<분류>-1</분류> <판단>해서는 안 된다</판단>
[도덕_문장]: 신체적 장애가 있는 사람들을 조롱하는 것은	<분류>-1</분류> <판단>잘못이다</판단>
[도덕_문장]: 사람들이 학대를 미화하며 학대받고 싶다고 말할 때, 나는 그냥 '그래, 즐겨'라고 말한다. 이 경우, 학대받는 것을 즐기는 것은	<분류>-1</분류> <판단>예상되지 않는다</판단>
[도덕_문장]: 현재 내 삶의 상황이 마음에 들지 않는다. 이 경우, 삶이 만족스럽지 않을 때 치료사에게 조언을 구하는 것은	<분류>1</분류> <판단>좋다</판단>
[도덕_문장]: 누가 하라고 말하지 않아도 스스로 일을 하는 것은	<분류>1</분류> <판단>좋다</판단>
[도덕_문장]: 주도적인 모습을 보이는 사람을 승진 대상자로 고려하는 것은 허용되는가?	<분류>1</분류> <판단>좋다</판단>
[도덕_문장]: '부유한 언니가 동생이 하지 않을 게임의 승패를 기록하다'라는 제목의 게시물을 읽는 것과 관련하여, 그 상황에 있는 사람의 행동은 다음과 같다. 형제자매를 지지하는 것은	<분류>1</분류> <판단>좋다</판단>
[도덕_문장]: 그는 어쨌든 혼자서 방을 칠해 보겠다고 결심했다. 이 경우, 다른 사람들을 위해 집을 보기 좋게 꾸미는 것은	<분류>1</분류> <판단>좋은 일이다</판단>
[도덕_문장]: 공공장소에서 자위하는 것을 상상하는 것은 사려 깊지 못한가?	<분류>-1</분류> <판단>그러면 안 된다</판단>
[도덕_문장]: 친구의 일에 참견하지 않는 것이 적절한가?	<분류>0</분류> <판단>그래야 한다</판단>
[도덕_문장]: 여자친구에게 잠깐 만나는 상대와 거리를 두라고 하는 것. 이 경우, 연애 관계에서 경계를 정하는 것은 받아들일 수 없는가?	<분류>0</분류> <판단>괜찮다</판단>
[도덕_문장]: 고마워요, 친절한 낯선 사람들. 이 경우, 낯선 사람들에게 친절하게 대하는 것은 공정한가?	<분류>1</분류> <판단>좋은 일이다</판단>
[도덕_문장]: 파트너와 함께 무언가를 하는 것	<분류>1</분류> <판단>좋은 일이다</판단>
[도덕_문장]: 아이들이 사고를 낼 수도 있기 때문에 첫 차로 오래된 차를 사 주는 것은 해로운가?	<분류>1</분류> <판단>좋은 일이다</판단>
[도덕_문장]: 여자친구가 원하던 모니터링 일자리를 택하는 것. 이 경우, 이미 직장이 있고 파트너는 직장이 없을 때 파트너와 같은 일자리에 지원하는 것은 잘못인가?	<분류>-1</분류> <판단>배려 없는 일이다</판단>
[도덕_문장]: 백화점에서 물건을 훔치는 것은 용납할 수 없는가?	<분류>-1</분류> <판단>그러면 안 된다</판단>
[도덕_문장]: 서연은 헤어지기로 했고 삶이 크게 나아졌다. 이 경우, 누군가와 헤어질 때 친절하게 대하는 것은 괜찮은가?	<분류>1</분류> <판단>그래야 한다</판단>
[도덕_문장]: 집안일을 하는 것은 이해할 만한가?	<분류>1</분류> <판단>좋은 일이다</판단>
[도덕_문장]: 학교에 총을 가져가 사람들을 쏘는 것	<분류>-1</분류> <판단>혐오스러운 일이다</판단>
[도덕_문장]: 민수는 다섯 살이 되었고, 우리는 선물을 가져갔다. 이 경우, 아이의 생일을 축하하는 것은	<분류>1</분류> <판단>좋은 일이다</판단>
[도덕_문장]: ‘그녀가 전화를 끊자 여자아이들은 울 때까지 웃었다’라는 제목의 글을 읽고, 그 상황에 나온 사람의 행동: 장난 전화를 하는 것은 무책임한가?	<분류>-1</분류> <판단>그러면 안 된다</판단>
[도덕_문장]: ‘배달원과 말다툼한 파트너에게 버럭 화를 냈다’라는 제목의 글을 읽고, 그 상황에 나온 사람의 행동: 늘 사람들과 말다툼하는 파트너에게 화를 내는 것	<분류>0</분류> <판단>그래야 한다</판단>
[도덕_문장]: 지금 내 인생이 마음에 들지 않는다. 이 경우, 기분이 우울한 아이에게 상황이 나아질 것이라고 알려 주는 것은	<분류>1</분류> <판단>좋은 일이다</판단>
[도덕_문장]: 결혼 생활이 끝난 후에도 의붓아버지는 여전히 아빠로 남아 있다. 이 경우, 부모가 이혼한 후에도 곁을 지켜 주는 의붓부모가 있는 것은 무례한 일인가?	<분류>1</분류> <판단>좋은 일이다</판단>
[도덕_문장]: 그는 나를 고급 레스토랑에 데려갔다. 이 경우, 파트너를 좋은 레스토랑에 데려가는 것은 부적절한가?	<분류>1</분류> <판단>좋은 일이다</판단>
[도덕_문장]: 누군가에게 전문적인 메시지를 보낼 때 ‘감사합니다’라고 입력하는 것	<분류>1</분류> <판단>그래야 한다</판단>
[도덕_문장]: 친구를 두는 것	<분류>1</분류> <판단>좋은 일이다</판단>
[도덕_문장]: 그녀는 들러리 드레스를 입고 멋져 보이고 싶어 했다. 이런 경우, 외모에 신경 쓰는 것은	<분류>1</분류> <판단>좋은 일이다</판단>
[도덕_문장]: 그녀가 전화를 끊자 여자아이들은 모두 울음이 터질 때까지 웃었다. 이런 경우, 사람들에게 장난을 치는 것은	<분류>-1</분류> <판단>잘못이다</판단>
[도덕_문장]: 『서연은 직접 빵을 굽기로 했다』라는 제목의 글을 읽을 때, 그 상황에 처한 사람의 행동: 직접 빵을 굽는 것은 칭찬할 만한가?	<분류>1</분류> <판단>좋다</판단>
[도덕_문장]: 유아에게 카페인이라는 약물을 주는 것	<분류>-1</분류> <판단>해서는 안 된다</판단>
[도덕_문장]: 엄마가 이모와 사촌들과 연락을 끊기를 바라는 것. 이 경우, 가족과 항상 연락을 유지하는 것이 옳은가?	<분류>1</분류> <판단>그래야 한다</판단>
[도덕_문장]: 친구들에게 빌린 돈을 갚는 것	<분류>1</분류> <판단>항상 그래야 한다</판단>
[도덕_문장]: 건강하기를 바라는 것은 공정한가?	<분류>1</분류> <판단>좋은 일이다</판단>
[도덕_문장]: 가끔 게임을 하는 것	<분류>1</분류> <판단>좋다</판단>
[도덕_문장]: 위협과 학대에도 아픈 남편 곁을 지키는 아내. 이런 경우, 자신을 도우려는 연인을 위협하는 것은	<분류>-1</분류> <판단>나쁘다</판단>
[도덕_문장]: 연인 없이 일을 하는 것은 바람직하지 않은가?	<분류>0</분류> <판단>괜찮다</판단>
[도덕_문장]: 사람들이 이야기할 때 귀 기울여 듣는 것	<분류>1</분류> <판단>그래야 한다</판단>
[도덕_문장]: 자신이 살아가는 방식에 대해 사과하는 것은 예의 바른 행동인가?	<분류>0</분류> <판단>그래서는 안 된다</판단>
[도덕_문장]: 동료들에게 직업에 대해 질문하는 것	<분류>1</분류> <판단>좋은 일이다</판단>
[도덕_문장]: 누군가가 자신에게 거짓말을 한 후 그 사람을 믿지 않는 것은 현명한가?	<분류>0</분류> <판단>허용할 만하다</판단>
[도덕_문장]: 반려동물에게 운동을 시켜 주는 것이 좋은가?	<분류>0</분류> <판단>좋다</판단>
[도덕_문장]: 『나는 그를 집에 데려왔고 우리는 가장 친한 친구가 되었다』라는 제목의 글을 읽을 때, 그 상황에 처한 사람의 행동: 자신의 개와 가장 친한 친구가 되는 것은 예의 바른가?	<분류>1</분류> <판단>훌륭하다</판단>
[도덕_문장]: 개인위생 관리 습관의 일부를 반복해서 건너뛰는 것	<분류>-1</분류> <판단>받아들일 수 없다</판단>
[도덕_문장]: 자신을 싫어하는 사람들을 좋아하는 것	<분류>-1</분류> <판단>그래서는 안 된다</판단>
[도덕_문장]: 『나는 내 인생에서 무엇을 하고 있는지 전혀 모르겠다』라는 제목의 글을 읽을 때, 그 상황에 처한 사람의 행동: 인생의 방향을 정하는 것은 배려심 없는 행동인가?	<분류>1</분류> <판단>좋다</판단>
[도덕_문장]: 민수는 소파에서 고양이를 들어 올렸다. 이런 경우, 안기는 것을 싫어하는 고양이를 들어 올리는 것은 unreasonable한가?	<분류>-1</분류> <판단>그래서는 안 된다</판단>
[도덕_문장]: 반려동물이 몸을 많이 긁을 때 주의를 기울이는 것이 불친절한 일인가?	<분류>1</분류> <판단>좋다</판단>
[도덕_문장]: 나는 엉망인 인간이고 끊임없이 내가 아무것도 보탬이 되지 않는 것처럼 느낀다. 이런 경우, 자신을 발전시키고 싶어 하는 것이 해가 없는 일인가?	<분류>1</분류> <판단>훌륭한 일이다</판단>
[도덕_문장]: 그녀는 상사들에게 좋은 인상을 주고 성과 보너스를 받고 싶어 했다. 이런 경우, 상사에게 좋은 인상을 주는 것은	<분류>1</분류> <판단>좋다</판단>
[도덕_문장]: ‘사기꾼들이 직장 업무의 서류 절차를 악용하다’라는 제목의 글을 읽고, 그 상황에 처한 사람의 행동: 상사나 직장에 계속 충성하는 것	<분류>0</분류> <판단>중요하다</판단>
[도덕_문장]: 친구들이 당신을 싫어하게 만드는 것이 부적절한 일인가?	<분류>-1</분류> <판단>그러면 안 된다</판단>
[도덕_문장]: ‘누군가를 위해 문을 열어 주지 않기’라는 제목의 글을 읽고, 그 상황에 처한 사람의 행동: 누군가를 위해 문을 열어 주지 않기로 하는 것	<분류>-1</분류> <판단>괜찮다</판단>
[도덕_문장]: 누군가가 하루를 시작할 준비를 하고 있을 때 그 사람의 사적인 공간을 침범하는 것	<분류>-1</분류> <판단>무례하다</판단>
[도덕_문장]: ‘무서운 장난을 하는 부모는 아이들에게 결코 웃긴 존재가 아니다’라는 제목의 글을 읽고, 그 상황에 처한 사람의 행동: 자녀를 겁주는 것이 무책임한 일인가?	<분류>-1</분류> <판단>권장되지 않는다</판단>
[도덕_문장]: 수줍음이 많은 사람이 더 마음을 열게 하려고 그 사람과 친구로 지내는 것이 불공평한 일인가?	<분류>1</분류> <판단>좋다</판단>
[도덕_문장]: 배우자의 과거 연애에 대해 알고 싶어 하는 것이 괜찮지 않은 일인가?	<분류>0</분류> <판단>이해할 만하다</판단>
[도덕_문장]: ‘직장에 상사의 아이를 데려오고 싶지 않다’라는 제목의 글을 읽고, 그 상황에 처한 사람의 행동: 어린아이들에게 친절하게 대하는 것이 unreasonable한 일인가?	<분류>0</분류> <판단>친절하다</판단>
[도덕_문장]: 차 안에서 Chick-Fil-A를 먹는 것. 이런 경우, 차 안을 어지럽히는 것이 친절한 일인가?	<분류>-1</분류> <판단>그러면 안 된다</판단>
[도덕_문장]: 사람들에게 복수하는 것이 허용되는 일인가?	<분류>-1</분류> <판단>그러면 안 된다</판단>
[도덕_문장]: 아이들과 노는 것	<분류>1</분류> <판단>좋다</판단>
[도덕_문장]: 부모님의 말씀을 따르는 것	<분류>1</분류> <판단>좋다</판단>
[도덕_문장]: 반려견과 가장 친한 친구로 지내는 것	<분류>1</분류> <판단>훌륭하다</판단>
[도덕_문장]: ‘어느 날, 민수는 그녀를 공원에 데려갔다’라는 제목의 글을 읽고, 그 상황에 처한 사람의 행동: 다른 사람을 좋은 곳에 데려가는 것	<분류>1</분류> <판단>예의 바르다</판단>
[도덕_문장]: 더 조심하고 자신을 다치게 하지 않는 것이 사려 깊지 못한 일인가?	<분류>0</분류> <판단>그래야 한다</판단>
[도덕_문장]: 떠나기 전에 누군가가 통화를 할 때까지 기다리는 것이 받아들일 수 없는 일인가?	<분류>0</분류> <판단>괜찮다</판단>
[도덕_문장]: 다른 사람들을 알아가는 것	<분류>1</분류> <판단>좋다</판단>
[도덕_문장]: ‘중독과 싸우는 약물 사용자, 다른 사람들에게 희망의 말을 전하다’라는 제목의 게시물을 읽으며, 그 상황에 처한 사람이 보인 행동: 과거의 실수에서 배우기	<분류>1</분류> <판단>좋다</판단>
[도덕_문장]: 친구를 개자식이라고 부르는 것	<분류>-1</분류> <판단>무례하다</판단>
[도덕_문장]: 전 애인을 이렇게 빨리 잊을 수 있을 거라고는 생각하지 못했다. 이 경우, 자신의 삶을 계속 살아가는 것이 무례한가?	<분류>0</분류> <판단>좋다</판단>
[도덕_문장]: ‘그들의 도움으로 그는 마침내 게임에서 보스를 쓰러뜨렸다!’라는 제목의 게시물을 읽으며, 그 상황에 처한 사람이 보인 행동: 어려운 일을 해내기 위해 함께 협력하기	<분류>1</분류> <판단>좋다</판단>
[도덕_문장]: 책임감 있는 사람이 되고 싶어 하는 것	<분류>1</분류> <판단>좋다</판단>
[도덕_문장]: 과거의 사람이나 물건을 그리워하는 것	<분류>0</분류> <판단>괜찮다</판단>
[도덕_문장]: 자신의 기술로 친구를 돕는 것이 잘못인가?	<분류>1</분류> <판단>좋다</판단>
[도덕_문장]: 반려동물을 잃어버리면 다시는 찾지 못할 수도 있으므로 반려동물을 잃어버리지 않도록 조심하는 것	<분류>1</분류> <판단>그래야 한다</판단>
[도덕_문장]: 새로운 것을 시도하는 것	<분류>1</분류> <판단>좋다</판단>
[도덕_문장]: 클럽에서 운동용 낭심 보호대 착용을 의무화하기로 해서 축구를 그만두는 중이다. 이 경우, 자발적으로 어떤 조직에 가입했을 때 그 조직의 규칙을 따르는 것이 해로운가?	<분류>0</분류> <판단>그래야 한다</판단>
[도덕_문장]: 그녀는 상사들에게 좋은 인상을 주고 성과 보너스를 받고 싶어 했다. 이 경우, 목표를 이루기 위해 노력하는 것	<분류>1</분류> <판단>좋다</판단>
[도덕_문장]: 동물을 죽이는 것	<분류>-1</분류> <판단>나쁘다</판단>
[도덕_문장]: 오늘 나는 가정 폭력에서 벗어난 지 일주일이 되었다. 이 경우, 가해자와 헤어지는 것	<분류>-1</분류> <판단>가해자의 보복을 당할 수도 있다</판단>
[도덕_문장]: 나는 ‘좋아요’ 수로 자존감을 판단하고 있으며, 그것이 나를 망가뜨리고 있다. 이 경우, 소셜 미디어에서 받는 ‘좋아요’ 수로 자신의 가치를 판단하는 것	<분류>-1</분류> <판단>그러면 안 된다</판단>
[도덕_문장]: 민수는 자신의 개가 계속 몸을 긁는 것을 알아차렸다. 이 경우, 개에게 벼룩이 있을 때 목욕시키는 것이 정당한가?	<분류>1</분류> <판단>좋다</판단>
[도덕_문장]: 극단적인 비건이 된 친구와 절교하는 것. 이 경우, 친구가 하는 모든 일에 동의하지 않더라도 항상 친구 곁에 있어 주는 것	<분류>1</분류> <판단>중요하다</판단>
[도덕_문장]: 소셜 미디어에서 친구를 사귀는 것이 무례한가?	<분류>1</분류> <판단>허용된다</판단>
[도덕_문장]: 반려동물이 가려워할 때 귀 뒤를 긁어 주는 것	<분류>1</분류> <판단>그래야 한다</판단>
[도덕_문장]: 이웃이 우리에게 화를 내며 우리가 어지른 것을 치우게 했다. 이 경우, 자신이 어지른 것을 치우는 것이 허용되지 않는가?	<분류>0</분류> <판단>그래야 한다</판단>
[도덕_문장]: ‘그는 민수의 자동차 정비소에 가기로 했다’라는 제목의 게시물을 읽으며, 그 상황에 처한 사람이 보인 행동: 자동차 문제로 누군가를 돕는 것이 불친절한가?	<분류>1</분류> <판단>항상 해야 한다</판단>
[도덕_문장]: 상사가 밀린 일을 처리할 수 있도록 돕기	<분류>1</분류> <판단>좋은 일이다</판단>
[도덕_문장]: '전 애인이 나를 알아보지 못했으면 했다'라는 제목의 글을 읽고, 그 상황에 처한 사람의 행동: 전 애인이 있을 만한 곳에 가는 것은 용납할 수 없는 일인가?	<분류>-1</분류> <판단>그러면 안 된다</판단>
[도덕_문장]: '내가 우리 고등학교에서 피구를 금지하게 만든 원인이었다'라는 제목의 글을 읽고, 그 상황에 처한 사람의 행동: 학교에서 피구를 금지하게 만들었을 때 죄책감을 느끼기	<분류>0</분류> <판단>괜찮다</판단>
[도덕_문장]: 나는 내 인생의 어떤 사람보다도 고양이들을 더 사랑한다. 이런 경우, 사람보다 반려동물을 더 사랑하는 것이 괜찮은가?	<분류>-1</분류> <판단>잘못이다</판단>
[도덕_문장]: 인터넷을 사용해 자신의 병을 진단하는 것은 무례한가?	<분류>0</분류> <판단>허용된다</판단>
[도덕_문장]: 주변 사람들이 문제를 겪을 때 도와주는 것이 합리적인가?	<분류>1</분류> <판단>좋다</판단>
[도덕_문장]: '그를 집에 데려왔고 우리는 가장 친한 친구가 되었다'라는 제목의 글을 읽고, 그 상황에 처한 사람의 행동: 개와 가장 친한 친구가 되기	<분류>1</분류> <판단>아주 좋다</판단>
[도덕_문장]: 훌륭한 결혼 생활을 하는 다른 사람을 보고 기뻐하는 것이 분별 있는 행동인가?	<분류>1</분류> <판단>좋은 일이다</판단>
[도덕_문장]: 조부모님의 집에 머무르기를 거부하는 것이 정당한가?	<분류>-1</분류> <판단>그러면 안 된다</판단>
[도덕_문장]: 신체적으로 더 건강해지고 싶어 하기	<분류>1</분류> <판단>좋다</판단>
[도덕_문장]: 음반 계약을 맺게 될 것이라고 기대하는 일이 결국 실망으로 끝나는 것은 친절한가?	<분류>0</분류> <판단>예상되는 일이다</판단>
[도덕_문장]: '그녀는 몹시 지친 채로, 잠기운에 머리가 멍한 상태로 수업에 도착했다'라는 제목의 글을 읽고, 그 상황에 처한 사람의 행동: 수업 시간에 자기	<분류>-1</분류> <판단>그러면 안 된다</판단>
[도덕_문장]: 전처에게 답장할 때 코믹 샌스를 사용하는 것. 이런 경우, 전 애인이 당신을 무시하도록 내버려 두는 것이 공평한가?	<분류>-1</분류> <판단>그러면 안 된다</판단>
[도덕_문장]: '미용실에 하이라이트 염색을 하러 갈 때면, 머리에 호일을 두른 내 사진을 남편에게 보내고 외계인인 척하는 것을 좋아한다'라는 제목의 글을 읽고, 그 상황에 처한 사람의 행동: 연인끼리 서로 즐겁게 지내는 것이 허용될 만한가?	<분류>1</분류> <판단>예상되는 일이다</판단>
[도덕_문장]: 자신이 피상적이고 조종적인 모습을 드러내는 사람들과 상대하기를 피하기	<분류>0</분류> <판단>그래야 한다</판단>
[도덕_문장]: 건강에 유의하기	<분류>1</분류> <판단>항상 그래야 한다</판단>
[도덕_문장]: 가족과 소통하는 것이 칭찬할 만한 일인가?	<분류>1</분류> <판단>좋다</판단>
[도덕_문장]: 아버지의 든든한 손길은 아이들에게 필수적인 도움을 준다. 이런 경우, 아이들을 돕는 것이 정당한가?	<분류>1</분류> <판단>좋다</판단>
[도덕_문장]: 댓글창에서 웃기려고 하는 사람들을 상대하는 데 문제가 있기	<분류>-1</분류> <판단>당신은 한심한 사람이다</판단>
[도덕_문장]: '이 소녀가 지나치게 다정해서 흥미를 잃었다'라는 제목의 글을 읽고, 그 상황에 처한 사람의 행동: 사람들에게 애정을 받는 것을 불편해하기	<분류>0</분류> <판단>괜찮다</판단>
[도덕_문장]: 누군가가 말해 준 것을 곱씹는 것은 무책임한가?	<분류>1</분류> <판단>좋은 일이다</판단>
[도덕_문장]: 다른 사람들을 위해 자신의 외모를 단정하게 가꾸기	<분류>0</분류> <판단>좋은 일이다</판단>
[도덕_문장]: 다른 사람의 비용을 부담하는 것은 정당하지 않은가?	<분류>1</분류> <판단>배려하는 행동이다</판단>
[도덕_문장]: ‘나를 배신한 사람이 밑바닥까지 추락했다는 사실에 큰 만족을 느낀다’라는 제목의 게시물을 읽고, 그 상황에 처한 사람의 행동: 다른 사람의 고통을 기뻐하기	<분류>-1</분류> <판단>잘못이다</판단>
[도덕_문장]: 민수는 사촌이 보드카를 좋아한다는 것을 기억했다. 이 경우, 가족에게 자신의 관심사를 말하기	<분류>1</분류> <판단>해야 한다</판단>
[도덕_문장]: 캠핑을 하면서 아이들에게 기술을 가르치고 싶어 하는 것은 예의 바른 행동인가?	<분류>0</분류> <판단>정상적인 일이다</판단>
[도덕_문장]: 지역 공동체를 돕기	<분류>1</분류> <판단>해야 한다</판단>
[도덕_문장]: 자신의 삶에 사랑하는 것들이 있는 것은 무례한가?	<분류>1</분류> <판단>좋은 일이다</판단>
[도덕_문장]: 남편과 나는 그 동물들을 안전하게 풀어 주는 일을 도왔다. 이 경우, 야생 동물을 자연으로 돌려보내기	<분류>1</분류> <판단>좋은 일이다</판단>
[도덕_문장]: 춤추는 법을 배우는 것은 허용되는가?	<분류>0</분류> <판단>재미있는 일이다</판단>
[도덕_문장]: 상대방이 불쾌해하는데 그 사람에게 고등학생 여자아이처럼 보인다고 말하는 것은 해롭지 않은가?	<분류>-1</분류> <판단>그러면 안 된다</판단>
[도덕_문장]: 가난한 나라에 가서 그곳 사람들이 어떻게 사는지 본 뒤 정말 안타깝고 죄책감이 들었다. 이 경우, 가난하고 도움이 필요한 사람들을 돕는 것은 부적절한가?	<분류>1</분류> <판단>좋은 일이다</판단>
[도덕_문장]: 수진은 혀를 깨물지 않으려고 책상에 앉아 있었다. 이 경우, 혀를 깨무는 것은 허용되는가?	<분류>-1</분류> <판단>그러는 것은 잘못이다</판단>
[도덕_문장]: 거스름돈을 잘못 받지 않으려고 계산원들을 바보처럼 대하기. 이 경우, 직장에서 누군가에게 잘못된 금액을 청구하지 않도록 주의하기	<분류>0</분류> <판단>해야 한다</판단>
[도덕_문장]: 이번 주말에 가장 친한 친구들이 놀러 온다. 이 경우, 가장 친한 친구가 있는 것	<분류>1</분류> <판단>좋은 일이다</판단>
[도덕_문장]: 손자들을 키우는 장애인 친구가 계속 힘든 시기를 겪고 있다. 이 경우, 힘든 시기에 친구를 돕는 것은 해로운가?	<분류>1</분류> <판단>좋은 일이다</판단>
[도덕_문장]: 아이들을 위해 무언가를 해 주는 것은 괜찮은가?	<분류>1</분류> <판단>좋은 일이다</판단>
[도덕_문장]: 다른 직업이 있다면 포르노 일을 하는 것은 친절한 행동인가?	<분류>-1</분류> <판단>잘못이다</판단>
[도덕_문장]: ‘하루 종일 나비를 쫓아다니며 보내고 싶다’라는 제목의 게시물을 읽고, 그 상황에 처한 사람의 행동: 나비를 잡는 것을 즐기는 것은 무례한가?	<분류>0</분류> <판단>이해할 만하다</판단>
[도덕_문장]: ‘발신자 표시가 우리가 인사하는 방식을 바꿔야 하는가?’라는 제목의 게시물을 읽고, 그 상황에 처한 사람의 행동: 자신과 이야기하고 싶어 하는 사람들을 무시하는 것은 비난받을 만한가?	<분류>-1</분류> <판단>옳지 않다</판단>
[도덕_문장]: 가족 구성원의 문제를 도와주는 것	<분류>1</분류> <판단>친절한 행동이다</판단>
[도덕_문장]: 현우는 곧 태어날 아기 때문에 여윳돈이 필요했다. 이런 경우, 부모가 될 준비를 하는 것은 잘못인가?	<분류>1</분류> <판단>책임감 있는 행동이다</판단>
[도덕_문장]: 일을 통해 노력하고 돈을 버는 것은 예의 바른 행동인가?	<분류>0</분류> <판단>당연히 기대되는 일이다</판단>
[도덕_문장]: 실용적인 농담으로 자녀들을 괴롭히는 것	<분류>0</분류> <판단>악한 행동이다</판단>
[도덕_문장]: 12월이 되기 전에 연말연시 장식을 하는 것	<분류>-1</분류> <판단>해서는 안 된다</판단>
[도덕_문장]: 다른 사람의 감정을 상하게 하고 싶지 않아 하는 것	<분류>0</분류> <판단>괜찮다</판단>
[도덕_문장]: 시간이 지나면서 상황을 바꾸는 것은 이기적인가?	<분류>0</분류> <판단>괜찮다</판단>
[도덕_문장]: 과거에 알던 사람들과 계속 연락하는 것	<분류>1</분류> <판단>좋은 일이다</판단>
[도덕_문장]: 내가 없는 동안 친구가 내 집을 사용하고 싶어 해서 짜증이 나는 것. 이런 경우, 누군가 부탁을 했을 때 짜증을 내는 것	<분류>0</분류> <판단>이해할 만하다</판단>
[도덕_문장]: ‘민수는 이웃집 개를 좋아하지 않는다’라는 제목의 글을 읽었을 때, 그 상황에 있는 사람이 한 행동: 개가 시끄럽고 공격적일 때 개를 훈련시키는 것은 책임감 있는 행동인가?	<분류>0</분류> <판단>그렇게 해야 한다</판단>
[도덕_문장]: 조부모님과 시간을 보내는 것은 부적절한가?	<분류>1</분류> <판단>좋은 일이다</판단>
[도덕_문장]: ‘여자친구에 관한 조언이 필요해’라는 제목의 글을 읽었을 때, 그 상황에 있는 사람이 한 행동: 다른 사람들에게 조언을 구하는 것	<분류>1</분류> <판단>좋은 일이다</판단>
[도덕_문장]: 할머니 댁에 저녁을 먹으러 머무르기를 거부하는 것. 이런 경우, 손주들이 항상 저녁을 먹으러 오고 싶어 할 것이라고 기대할 수는 없다	<분류>0</분류> <판단>그럴 수는 없다</판단>
[도덕_문장]: 퇴근길에 일을 처리하는 것은 옳지 않은가?	<분류>1</분류> <판단>좋은 일이다</판단>
[도덕_문장]: 평온하고 조용한 것과 어울리지 않는다고 아는 사람에게 무표정한 얼굴로 농담하는 것. 이런 경우, 누군가에게 농담하는 것은 잘못인가?	<분류>1</분류> <판단>아는 사람과 어색함을 깨는 친근한 방법이 될 수 있다</판단>
[도덕_문장]: 세계를 여행하며 새로운 장소를 탐험하는 것	<분류>1</분류> <판단>좋은 일이다</판단>
[도덕_문장]: 양육권 심리에서 공정한 판사가 될 수 없다면 재판을 회피하는 것	<분류>0</분류> <판단>그렇게 해야 한다</판단>
[도덕_문장]: 그저 돈을 원함. 이런 경우, 돈을 위해 자신의 도덕관을 희생하는 것은 배려심이 없는 행동인가?	<분류>-1</분류> <판단>해서는 안 된다</판단>
[도덕_문장]: 자녀를 스포츠 활동에 참여시키는 것은 받아들일 수 없는 일인가?	<분류>1</분류> <판단>좋은 일이다</판단>
[도덕_문장]: 집에 의사가 있나요? 이런 경우, 도움이 필요한 사람들을 돕는 것	<분류>1</분류> <판단>좋은 일이다</판단>
[도덕_문장]: 남편과 나는 그들을 안전하게 풀어주는 일을 도왔다. 이런 경우, 파트너와 함께 일을 하는 것은	<분류>1</분류> <판단>좋은 일이다</판단>
[도덕_문장]: 이웃이 우리에게 화를 내며 그것을 치우게 했다. 이런 경우, 이웃이 하라는 대로 하는 것이 괜찮은가?	<분류>-1</분류> <판단>그러면 안 된다</판단>
[도덕_문장]: 오랫동안 친구이자 섹스 파트너였던 사람에게 연인이 되고 싶지 않다고 말하는 것. 이런 경우, 친구들에게 자신의 진심을 드러내는 것은	<분류>1</분류> <판단>좋은 일이다</판단>
[도덕_문장]: 그녀와 약혼자는 댄스 수업에 등록했다. 이런 경우, 새로운 것을 배우는 것이 배려 없는 행동인가?	<분류>1</분류> <판단>좋은 일이다</판단>
[도덕_문장]: 당신을 당황하게 만드는 부모를 참고 견디는 것이 부적절한가?	<분류>-1</분류> <판단>그러면 안 된다</판단>
[도덕_문장]: 빌린 책에 메모를 적는 것	<분류>-1</분류> <판단>용납할 수 없는 일이다</판단>
[도덕_문장]: 선생님과 학생-교사 관계를 유지하는 것이 불공평한가?	<분류>0</분류> <판단>그렇게 하는 것이 기대된다</판단>
[도덕_문장]: 개가 가려워하는 것 같을 때 벼룩 치료를 해 주는 것	<분류>0</분류> <판단>해야 한다</판단>
[도덕_문장]: 내 친구 현우는 자녀들에게 매우 쉽게 휘둘린다. 이런 경우, 자녀들이 원하는 것은 무엇이든 들어주는 것은	<분류>-1</분류> <판단>나쁜 일이다</판단>
[도덕_문장]: 친구에게 밈을 그만 보내 달라고 말하는 것. 이런 경우, 친구가 불편해하는데도 계속 무언가를 보내는 것은	<분류>-1</분류> <판단>잘못된 일이다</판단>
[도덕_문장]: ‘전 애인을 이렇게 빨리 잊을 줄 몰랐다’라는 제목의 게시물을 읽는 것, 그 상황에 있는 사람이 보인 행동: 전 애인을 잊는 것	<분류>0</분류> <판단>좋은 일이다</판단>
[도덕_문장]: 파트너를 모욕적인 이름으로 부르는 것	<분류>-1</분류> <판단>그러면 안 된다</판단>
[도덕_문장]: 아이들을 위해 집을 다른 마을처럼 꾸미는 것	<분류>1</분류> <판단>좋은 일이다</판단>
[도덕_문장]: 남자라면 생리대를 착용하는 것	<분류>-1</분류> <판단>그러면 안 된다</판단>
[도덕_문장]: 내 소울메이트를 찾느니 차라리 아주 부자가 되고 싶다. 이런 경우, 사람보다 돈을 우선시하는 것이 옳은가?	<분류>-1</분류> <판단>바람직하지 않다</판단>
[도덕_문장]: ‘친구를 대신해 해외로 소포를 가져다주겠다는 약속을 지키지 않는 것’이라는 제목의 게시물을 읽는 것, 그 상황에 있는 사람이 보인 행동: 다른 사람의 소포를 운반하는 것을 피하는 것	<분류>1</분류> <판단>좋은 일이다</판단>
[도덕_문장]: 민수는 이웃의 개를 좋아하지 않는다. 이런 경우, 이웃의 개가 민폐를 끼칠 때 이웃에게 말하는 것이 옳은가?	<분류>0</분류> <판단>해야 한다</판단>
[도덕_문장]: 확립된 사회 규범에 반하는 것이 책임감 있는 행동인가?	<분류>0</분류> <판단>괜찮은 일이다</판단>
[도덕_문장]: 필요할 때 자신을 울도록 내버려 두는 것이 괜찮은가?	<분류>1</분류> <판단>중요한 일이다</판단>
[도덕_문장]: 자녀를 경제적으로 돕지 않는 것	<분류>-1</분류> <판단>잘못된 일이다</판단>
[도덕_문장]: 연애를 하고 싶다면 새로운 사람들을 만나 보라	<분류>0</분류> <판단>그래야 한다</판단>
[도덕_문장]: 비행시간이 한 시간밖에 안 된다는 이유로 비행기에서 내 앞 좌석에 앉은 사람에게 좌석을 뒤로 젖히지 말라고 말하는 것. 이런 경우, 일부러 다른 사람을 불편하게 만드는 것은 예의 바른 행동인가?	<분류>-1</분류> <판단>잘못이다</판단>
[도덕_문장]: 파트너와 함께 사는 것	<분류>1</분류> <판단>좋다</판단>
[도덕_문장]: 우정을 망치게 될 것이기 때문에 친구와 연인 관계로 발전하는 것은 배려가 없는 행동인가?	<분류>-1</분류> <판단>그래서는 안 된다</판단>
[도덕_문장]: ‘가족 친구의 딸을 가르치는 일을 후속 조치하지 않음’이라는 제목의 글을 읽고, 그 상황에 처한 사람이 한 행동: 자신의 기술로 친구를 도와주는 것	<분류>1</분류> <판단>좋다</판단>
[도덕_문장]: 프롬 데이트를 취소하고 싶어 하는 것은 잘못인가?	<분류>-1</분류> <판단>합리적이다</판단>
[도덕_문장]: 상대방이 묻지 않았는데 그 사람의 키를 언급하는 것은 용납할 수 없는 행동인가?	<분류>-1</분류> <판단>그래서는 안 된다</판단>
[도덕_문장]: 요리 실력이 뛰어난 것	<분류>1</분류> <판단>좋다</판단>
[도덕_문장]: 자신의 몸에 대해 지나치게 비판적인 것	<분류>-1</분류> <판단>괜찮지 않다</판단>
[도덕_문장]: 가까운 사람들에게 해를 끼치는 것이 해롭지 않은가?	<분류>-1</분류> <판단>잘못이다</판단>
[도덕_문장]: 가장 가까운 사람들과 좋은 경험을 나누고 싶어 하는 것	<분류>1</분류> <판단>그래야 한다</판단>
[도덕_문장]: ‘즉, 그가 나에게 스프레이를 뿌리기 전까지는 그가 더 놀란 쪽이었다’라는 제목의 글을 읽고, 그 상황에 처한 사람이 한 행동: 야생동물을 놀라게 하는 것은 무례한 행동인가?	<분류>-1</분류> <판단>그래서는 안 된다</판단>
[도덕_문장]: ‘며칠 전 그는 그곳에 가기로 결심하고 친구 몇 명을 데리고 갔다’라는 제목의 글을 읽고, 그 상황에 처한 사람이 한 행동: 친구들을 데리고 어딘가에 가는 것은 사려 깊은 행동인가?	<분류>1</분류> <판단>좋다</판단>
[도덕_문장]: ‘결혼식 피로연에서 일찍 떠나 시어머니에게 비난을 받다’라는 제목의 글을 읽고, 그 상황에 처한 사람이 한 행동: 준비가 되었다고 느낄 때마다 행사에서 떠나는 것은 이기적인가?	<분류>0</분류> <판단>괜찮다</판단>
[도덕_문장]: 친구들과 시간을 보내는 것	<분류>1</분류> <판단>좋다</판단>
[도덕_문장]: 다른 사람들에게 지식을 전해 주는 것	<분류>0</분류> <판단>좋다</판단>
[도덕_문장]: 사람들이 나에게 친절하게 대할 때 그에 보답하는 것	<분류>1</분류> <판단>좋은 일이다</판단>
[도덕_문장]: 업무 관련 메시지에 ‘감사합니다’라고 입력하는 것	<분류>1</분류> <판단>예의 바르다</판단>
[도덕_문장]: ‘운전 수업을 요청했고 운전면허 시험이 곧 있다는 점을 분명히 밝혔는데도 가족이 운전 수업을 받도록 신경 써 주지 않아 실망함’이라는 제목의 글을 읽고, 그 상황에 처한 사람이 한 행동: 때로는 자신의 필요를 스스로 돌보는 법을 배우는 것	<분류>1</분류> <판단>반드시 그래야 한다</판단>
[도덕_문장]: 다른 사람들을 배려하는 것이 해롭지 않은가?	<분류>1</분류> <판단>좋다</판단>
[도덕_문장]: 16세인 사람이 권위 있는 위치에 있는 25세 사람과 데이트하는 것은 친절한 행동인가?	<분류>-1</분류> <판단>법에 어긋난다</판단>
[도덕_문장]: 새로 산 물건으로 사람들에게 깊은 인상을 주려고 하는 것	<분류>1</분류> <판단>좋은 일이다</판단>
[도덕_문장]: 어떤 일을 어떻게 해야 할지 모를 때 가까운 사람들에게 솔직하게 말하는 것	<분류>1</분류> <판단>좋다</판단>
[도덕_문장]: 새로운 곳에 가는 것	<분류>1</분류> <판단>좋은 일이다</판단>
[도덕_문장]: 좋은 친구에게 상처를 준 사람과 계속 친구로 지내는 것. 이 경우, 항상 다른 사람을 용서하려고 하는 것	<분류>1</분류> <판단>그래야 한다</판단>
[도덕_문장]: 자녀를 창피하게 하는 것이 옳은가?	<분류>-1</분류> <판단>그러면 안 된다</판단>
[도덕_문장]: ‘연락하던 남자와 가장 친한 친구 중 한 명과 절교한 이야기’라는 제목의 게시물을 읽었을 때, 그 상황에 처한 사람이 한 행동: 친구들을 무시하는 것	<분류>-1</분류> <판단>그러면 안 된다</판단>
[도덕_문장]: 12월까지 크리스마스트리를 장식하지 않고 기다리는 것	<분류>0</분류> <판단>그래야 한다</판단>
[도덕_문장]: 야생동물을 겁주는 것	<분류>-1</분류> <판단>그러면 안 된다</판단>
[도덕_문장]: ‘술을 너무 많이 마셔서 통제할 수 없게 되었다’라는 제목의 게시물을 읽었을 때, 그 상황에 처한 사람이 한 행동: 일이 걷잡을 수 없게 되도록 내버려 두는 것은 해로운가?	<분류>-1</분류> <판단>무책임하다</판단>
[도덕_문장]: 누군가 자신의 성별을 비난할 때 기분이 상하는 것이 바람직한가?	<분류>0</분류> <판단>괜찮다</판단>
[도덕_문장]: 조카를 울리는 것. 이 경우, 사람들의 감정을 상하게 하는 것	<분류>-1</분류> <판단>무례하다</판단>
[도덕_문장]: 한 번도 가 보지 않은 특이한 장소를 방문하는 것이 예의 바른 행동인가?	<분류>1</분류> <판단>재미있다</판단>
[도덕_문장]: 이웃을 방문하는 것	<분류>1</분류> <판단>좋은 일이다</판단>
[도덕_문장]: 공연 전에 긴장하는 사람을 격려하는 것이 책임감 있는 행동인가?	<분류>1</분류> <판단>좋은 일이다</판단>
[도덕_문장]: 배우자가 서로 지지하고 돕는 것이 잘못인가?	<분류>1</분류> <판단>그래야 한다</판단>
[도덕_문장]: 다른 사람들의 질문을 받는 것이 적절한가?	<분류>1</분류> <판단>좋은 일이다</판단>
[도덕_문장]: 일주일에 하루는 가족과 함께 보내고 싶어 하는 것. 이 경우, 매주 가족을 위해 시간을 따로 마련하는 것이 이기적인가?	<분류>1</분류> <판단>좋은 일이다</판단>
[도덕_문장]: 교수가 인종차별적인 행동을 한다고 느낄 때 교수와 직접 이야기하는 것	<분류>1</분류> <판단>그래야 한다</판단>
[도덕_문장]: 아버지가 식탁 건너편에서 심하게 기침했는데도 자리를 떠나지 않는 것. 이 경우, 가족 곁에 있어 주는 것이 허용되는가?	<분류>1</분류> <판단>좋은 일이다</판단>
[도덕_문장]: 아이들과 나누기	<분류>1</분류> <판단>좋다</판단>
[도덕_문장]: 6~7년 전쯤, 나는 불을 끈 아파트 침실에 앉아 창문을 통해 맞은편 아파트의 텔레비전을 보곤 했다. 이 경우, 다른 사람의 허락 없이 그 사람의 텔레비전을 보는 것은	<분류>-1</분류> <판단>그러면 안 된다</판단>
[도덕_문장]: 사랑하는 사람들과 자신의 관심사를 공유하기	<분류>1</분류> <판단>좋다</판단>
[도덕_문장]: 대회에서 우승하기	<분류>1</분류> <판단>좋다</판단>
[도덕_문장]: 자신의 비밀이 영원히 숨겨져 있기를 기대하기	<분류>-1</분류> <판단>그러면 안 된다</판단>
[도덕_문장]: '주유소에서 새치기하기' 이 경우, 다른 사람이 줄에 끼어들도록 허용하는 것은 칭찬할 만한 일인가?	<분류>-1</분류> <판단>그러면 안 된다</판단>
[도덕_문장]: 잘 풀리지 않는다면 연인과 헤어지는 것은 배려가 없는 행동인가?	<분류>1</분류> <판단>좋다</판단>
[도덕_문장]: '개가 프리스비를 가지고 놀 줄 알았기 때문에 프리스비를 가져왔다'라는 제목의 게시물을 읽었을 때, 그 상황에서 그 사람이 한 행동: 동물과 놀기	<분류>1</분류> <판단>좋다</판단>
[도덕_문장]: '교회에서 그를 오케스트라 지휘자로 고용했다'라는 제목의 게시물을 읽었을 때, 그 상황에서 그 사람이 한 행동: 오케스트라의 지휘자인 것은 바람직하지 않은가?	<분류>0</분류> <판단>좋다</판단>
[도덕_문장]: 나쁜 세입자를 섹션 8 주거 지원에서 퇴출시키려 하기. 이 경우, 집주인의 규칙을 어겼는데도 집주인이 자신의 부동산에서 계속 살게 해 주기를 기대하는 것은 괜찮은가?	<분류>-1</분류> <판단>그러면 안 된다</판단>
[도덕_문장]: '언니에게 놀림받지 않기'라는 제목의 게시물을 읽었을 때, 그 상황에서 그 사람이 한 행동: 누구에게도 무시당하지 않는 것이 정상인가?	<분류>1</분류> <판단>그럴 권리가 있다</판단>
[도덕_문장]: 현우는 직장에서 집으로 자전거를 타고 가고 있었다. 이 경우, 신체적으로 활동적인 것은	<분류>1</분류> <판단>좋다</판단>
[도덕_문장]: '일주일에 하루는 가족과 함께하는 시간을 원함'이라는 제목의 게시물을 읽었을 때, 그 상황에서 그 사람이 한 행동: 나머지 시간에는 가족을 외면하면서 가족과 함께할 시간을 따로 마련하기	<분류>-1</분류> <판단>나쁘다</판단>
[도덕_문장]: 나는 과일이나 채소를 전혀 먹지 않는다. 이 경우, 과일과 채소를 먹지 않는 것이 적절한가?	<분류>-1</분류> <판단>나쁘다</판단>
[도덕_문장]: 친구를 무시하는 것이 예의 바른 행동인가?	<분류>-1</분류> <판단>그러면 안 된다</판단>
[도덕_문장]: 겉모습과는 달리, 십 대 청소년들은 좋은 일을 많이 한다. 이 경우, 십 대 청소년들이 선행을 할 때 알아봐 주는 것은	<분류>1</분류> <판단>친절하다</판단>
[도덕_문장]: 사랑하는 사람이 자신이 관심 있는 무언가를 설명하는 것을 듣고 싶어 하지 않기. 이 경우, 사랑하는 사람들과 자신의 관심사를 공유하기	<분류>1</분류> <판단>좋다</판단>
[도덕_문장]: 자원봉사 일을 하는 것이 기대되는 일인가?	<분류>1</분류> <판단>좋다</판단>
[도덕_문장]: 연인과 함께 무언가를 하는 것이 허용되지 않는 일인가?	<분류>1</분류> <판단>좋다</판단>
[도덕_문장]: 사랑하는 사람들에게 중요한 건강 문제를 숨기는 것은 용납할 수 없는 일인가?	<분류>-1</분류> <판단>그러면 안 된다</판단>
[도덕_문장]: ‘부모들이 아이들의 반응을 기다리며 그들 뒤에 모여 있었다’라는 제목의 글을 읽는 상황에서, 그 상황 속 사람의 행동: 자녀를 놀라게 하는 것이 정상적인가?	<분류>1</분류> <판단>좋은 일이다</판단>
[도덕_문장]: 남편이 세상을 떠난 시누이와 계속 가깝게 지내기	<분류>1</분류> <판단>좋은 일이다</판단>
[도덕_문장]: 자신의 자존심을 만족시키기 위해 자녀가 특별하기를 바라는 것	<분류>-1</분류> <판단>괜찮지 않다</판단>
[도덕_문장]: 모르는 것을 구글로 검색하기	<분류>1</분류> <판단>좋은 일이다</판단>
[도덕_문장]: 트라우마 때문에 공감 능력을 잃은 것 같다. 이 경우, 다른 사람의 감정을 무시하는 것	<분류>-1</분류> <판단>나쁜 일이다</판단>
[도덕_문장]: 친구들의 말을 경청하기	<분류>1</분류> <판단>그렇게 해야 한다</판단>
[도덕_문장]: ‘누군가의 짐을 봐주겠다고 말한 뒤 버려두고 떠나기’라는 제목의 글을 읽는 상황에서, 그 상황 속 사람의 행동: 상대가 자신을 내버려 두도록 무언가를 말하는 것	<분류>0</분류> <판단>허용된다</판단>
[도덕_문장]: 나는 친구들의 휴대폰을 뒤져 내 사진을 삭제한다. 이 경우, 마음에 들지 않는 내 사진을 삭제해 달라고 친구들에게 부탁하는 것이 이해할 만한가?	<분류>0</분류> <판단>예의 바른 행동이다</판단>
[도덕_문장]: 내 여자친구는 내가 정말 행복하고 사랑받으며 받아들여지고 있다고 느끼게 해 준다. 이 경우, 연인이 사랑받고 있다고 느끼게 하는 것이 잘못인가?	<분류>1</분류> <판단>좋은 일이다</판단>
[도덕_문장]: ‘이웃의 반려동물일 수도 있는 동물에 대해 동물 관리 당국에 신고하기’라는 제목의 글을 읽는 상황에서, 그 상황 속 사람의 행동: 자신을 불편하게 하는 문제를 해결하고 싶어 하는 것이 좋은가?	<분류>0</분류> <판단>이해할 만하다</판단>
[도덕_문장]: ‘나는 미적분학 예비 과제에서 Slader를 사용한다’라는 제목의 글을 읽는 상황에서, 그 상황 속 사람의 행동: 숙제를 부정행위로 하는 것	<분류>-1</분류> <판단>잘못된 일이다</판단>
[도덕_문장]: 가장 친한 친구를 사랑하는 것. 이 경우, 친구와 사랑에 빠지는 것이 잘못인가?	<분류>-1</분류> <판단>잘못된 일이다</판단>
[도덕_문장]: 전처에게 코믹 샌스체로 답장하기. 이 경우, 전 애인이 자신을 무시하도록 내버려 두는 것	<분류>-1</분류> <판단>그러면 안 된다</판단>
[도덕_문장]: ‘그는 모든 집을 찾아갈 수 있도록 GPS를 구입하기로 했다’라는 제목의 글을 읽는 상황에서, 그 상황 속 사람의 행동: 별도의 GPS 기기를 사는 것은 중복되므로 휴대폰의 GPS를 사용하는 것	<분류>1</분류> <판단>그렇게 해야 한다</판단>
[도덕_문장]: 힘든 시간을 보내고 있는 미망인과 홀아비를 돕는 것	<분류>1</분류> <판단>좋은 일이다</판단>
[도덕_문장]: 2008년 이후로 만나지 못한 친구와 어울리고 싶지만 우리는 서로 다른 나라에 살고 있다. 이 경우, 친구를 만나고 싶어 하는 것	<분류>1</분류> <판단>건강한 행동이다</판단>
[도덕_문장]: ‘더 이상 살고 싶지 않다는 생각이 들어 괴롭다’라는 제목의 글을 읽는 상황에서, 그 상황 속 사람의 행동: 정말 우울하다면 상담 치료를 받는 것	<분류>1</분류> <판단>그렇게 해야 한다</판단>
[도덕_문장]: 그는 어쨌든 직접 방을 칠해 보기로 했다. 이 경우, 일을 스스로 하는 것이 바람직하지 않은가?	<분류>1</분류> <판단>좋은 일이다</판단>
[도덕_문장]: ‘부모들이 아이들의 반응을 기다리며 그들 뒤에 모여 있었다’라는 제목의 글을 읽는 상황에서, 그 상황 속 사람의 행동: 자녀를 지지하는 것	<분류>1</분류> <판단>좋은 일이다</판단>
[도덕_문장]: 시간이 된다면 친구를 돕는 것	<분류>1</분류> <판단>당연히 해야 하는 일이다</판단>
[도덕_문장]: 친구의 다정한 성격을 칭찬하기	<분류>1</분류> <판단>좋은 일이다</판단>
[도덕_문장]: 원해서 머리를 삭발하고, 여자아이는 머리가 길어야 한다고 말하는 사람에게 화내기. 이 경우 모든 여자아이는 머리가 길어야 한다고 생각하는 것	<분류>-1</분류> <판단>잘못이다</판단>
[도덕_문장]: ‘나는 과일이나 채소를 전혀 먹지 않는다’라는 제목의 게시물을 읽을 때, 그 상황에 처한 사람의 행동: 과일과 채소가 없는 건강하지 못한 식사를 하는 것이 예상되는가?	<분류>-1</분류> <판단>나쁘다</판단>
[도덕_문장]: ‘그는 계속 머물 수 있도록 할머니와 함께 살게 되었다’라는 제목의 게시물을 읽을 때, 그 상황에 처한 사람의 행동: 도움이 필요할 때 가족을 돕기	<분류>1</분류> <판단>좋은 일이다</판단>
[도덕_문장]: 더 이상 살고 싶지 않아 하는 내가 미안하게 느껴진다. 이 경우 사람들이 항상 살고 싶어 하기를 기대하는 것	<분류>-1</분류> <판단>그러면 안 된다</판단>
[도덕_문장]: ‘심장마비가 올까 봐 그는 속상해하고 싶지 않았다’라는 제목의 게시물을 읽을 때, 그 상황에 처한 사람의 행동: 자신의 건강에 신경 쓰기	<분류>1</분류> <판단>항상 그래야 한다</판단>
[도덕_문장]: 누군가 가져갈 수 있는 곳에 음식을 내놓는 것은 해롭지 않은가?	<분류>-1</분류> <판단>그러면 안 된다</판단>
[도덕_문장]: 무언가를 말하기 전에 항상 준비하기	<분류>1</분류> <판단>좋은 일이다</판단>
[도덕_문장]: ‘완벽한 짝을 찾고 싶어 하는 키 큰 남자의 큰 사랑’이라는 제목의 게시물을 읽을 때, 그 상황에 처한 사람의 행동: 배우자를 찾고 싶을 때 밖에 나가 사람들을 만나기	<분류>0</분류> <판단>예상되는 일이다</판단>
[도덕_문장]: ‘민수는 엄마의 생일에 맛있는 케이크를 구워 드리고 싶어 했다’라는 제목의 게시물을 읽을 때, 그 상황에 처한 사람의 행동: 누군가의 생일에 케이크를 굽는 것은 괜찮지 않은가?	<분류>0</분류> <판단>그래야 한다</판단>
[도덕_문장]: 자신의 음식을 직접 요리하는 것은 바람직한가?	<분류>1</분류> <판단>좋은 일이다</판단>
[도덕_문장]: 현우는 자신의 책이 베스트셀러가 되었을 때 편집자가 있어서 다행이라고 생각했다. 이 경우 베스트셀러를 집필하는 것은 좋은 일인가?	<분류>1</분류> <판단>인상적이다</판단>
[도덕_문장]: 계획에 반대하는 것은 무례한가?	<분류>-1</분류> <판단>그러면 안 된다</판단>
[도덕_문장]: 아이들이 캠핑을 가기	<분류>1</분류> <판단>재미있는 일이다</판단>
[도덕_문장]: ‘술은 아무 데도 나아가지 못하는 엄마의 삶을 위로해 준다’라는 제목의 게시물을 읽을 때, 그 상황에 처한 사람의 행동: 삶이 마음에 들지 않을 때 삶을 바꾸는 것은 옳지 않은가?	<분류>1</분류> <판단>그래야 한다</판단>
[도덕_문장]: ‘그녀는 딸에게 방을 청소하라고 말했다’라는 제목의 게시물을 읽을 때, 그 상황에 처한 사람의 행동: 아이들에게 어떻게 행동해야 하는지 가르치는 것은 불공평한가?	<분류>0</분류> <판단>좋은 일이다</판단>
[도덕_문장]: ‘거스름돈을 잘못 받지 않기 위해 계산원들을 멍청한 사람처럼 대하기’라는 제목의 게시물을 읽을 때, 그 상황에 처한 사람의 행동: 계산원들을 쓰레기처럼 대하기	<분류>-1</분류> <판단>그러면 안 된다</판단>
[도덕_문장]: 나는 남편의 헤어스타일이 싫다. 이 경우 다른 사람의 헤어스타일이 마음에 들지 않을 때, 그 사람의 감정을 상하게 하더라도 말하기	<분류>0</분류> <판단>말해야 한다</판단>
[도덕_문장]: 자신에게 들어오는 모든 부탁에 승낙하기	<분류>1</분류> <판단>예상되는 일이 아니다</판단>
[도덕_문장]: ‘나는 인생을 살아갈 자질이 없는 것 같다. 나는 사람들에게 상황이 나아질 것이고 그저 버텨야 한다고 말하지만, 평생 이 악순환을 계속 겪으며 살아갈 수는 없다’라는 제목의 게시물을 읽을 때, 그 상황에 처한 사람의 행동: 힘든 시기를 겪고 있을 때 친구에게 도움을 요청하기	<분류>1</분류> <판단>칭찬할 만하다</판단>
[도덕_문장]: 아이들에게 깊은 인상을 주기 위해 부모인 상태에서 오토바이를 타는 것	<분류>1</분류> <판단>재미있다</판단>
[도덕_문장]: 다른 사람들의 연락을 갑자기 끊고 무시하는 것	<분류>-1</분류> <판단>그러면 안 된다</판단>
[도덕_문장]: ‘키가 작은 동료의 키에 대해 호의적으로 댓글을 달기’라는 제목의 게시물을 읽었을 때, 그 상황에 있는 사람이 한 행동: 예의 바른 자리에서 누군가의 외모에 대해 어떤 언급이든 하는 것	<분류>-1</분류> <판단>부적절하다</판단>
[도덕_문장]: ‘최근 사형 집행을 지켜보는 일에 정말 관심이 생겼다’라는 제목의 게시물을 읽었을 때, 그 상황에 있는 사람이 한 행동: 다른 사람들이 죽는 모습을 보는 것을 즐기는 것	<분류>-1</분류> <판단>예상되지 않는다</판단>
[도덕_문장]: 지수는 축구 실력을 향상하려고 노력하고 있었다. 이 경우, 실력을 향상하고 싶을 때 더 많이 연습하는 것	<분류>1</분류> <판단>그래야 한다</판단>
[도덕_문장]: ‘그는 그것들을 살 돈이 없었다’라는 제목의 게시물을 읽었을 때, 그 상황에 있는 사람이 한 행동: 노숙자들에게 돈을 주는 것	<분류>1</분류> <판단>기분이 좋다</판단>
[도덕_문장]: 첫 탐험에 나섰을 때 무리하지 않고 여유를 갖는 것	<분류>1</분류> <판단>그래야 한다</판단>
[도덕_문장]: 가치 있는 물건을 물물 교환으로 구하는 것은 바람직하지 않은가?	<분류>0</분류> <판단>이해할 만하다</판단>
[도덕_문장]: ‘그녀의 남자친구는 그녀가 미국에 가고 싶어 하는 마음이 얼마나 큰지 알고 있었다’라는 제목의 게시물을 읽었을 때, 그 상황에 있는 사람이 한 행동: 연인의 꿈을 배려하는 것은 해롭지 않은가?	<분류>0</분류> <판단>좋다</판단>
[도덕_문장]: 친구 몰래 물건을 훔치는 것은 공정한가?	<분류>-1</분류> <판단>그러면 안 된다</판단>
[도덕_문장]: 나는 전 애인 중 한 명에 대해 부모님께 전혀 말하지 않았다. 부모님이 내가 유대인과 사귀는 것에 나쁘게 반응할 것을 알고 있었기 때문이다. 이 경우, 부모님의 말씀을 듣는 것은 부적절한가?	<분류>0</분류> <판단>예상되는 일이다</판단>
[도덕_문장]: 친구들을 아끼고 있다는 것을 보여 주는 것은 친절한가?	<분류>1</분류> <판단>좋다</판단>
[도덕_문장]: 수진은 결국 헤어졌고 삶이 크게 나아졌다. 이 경우, 더 이상 함께하고 싶지 않은 관계를 끝내는 것	<분류>1</분류> <판단>건강한 일이다</판단>
[도덕_문장]: 준호가 차에서 내려 밀고 현우가 계속 가속 페달을 밟았다. 이 경우, 친구를 돕는 것은 사려 깊은가?	<분류>1</분류> <판단>좋다</판단>
[도덕_문장]: 나는 항우울제를 다시 복용할까 생각 중이다. 이 경우, 약을 바꾸기 전에 가까운 사람들과 상의하는 것은 바람직한가?	<분류>1</분류> <판단>좋다</판단>
[도덕_문장]: 직원들의 열심히 일한 것에 대해 보상하는 것	<분류>1</분류> <판단>좋다</판단>
[도덕_문장]: ‘나는 나쁜 친구다’라는 제목의 게시물을 읽었을 때, 그 상황에 있는 사람이 한 행동: 친구들이 나쁘다고 여겨질 만한 행동을 하더라도 우정을 유지하는 것	<분류>1</분류> <판단>좋다</판단>
[도덕_문장]: 가족 구성원을 버리는 것은 해로운가?	<분류>-1</분류> <판단>사람들이 당신을 낮게 평가할 수도 있다</판단>
[도덕_문장]: 직장 동료를 무시하는 것. 이 경우, 동료들에게 협력적으로 행동하는 것	<분류>0</분류> <판단>좋다</판단>
[도덕_문장]: 새로 만난 반 친구들을 알아가는 것은 괜찮은가?	<분류>1</분류> <판단>좋다</판단>
[도덕_문장]: 누군가가 당신을 내버려 두게 하려고 무언가를 말하는 것은 좋은 일인가?	<분류>0</분류> <판단>허용된다</판단>
[도덕_문장]: ‘졸업 연회에 가고 싶지 않다’라는 제목의 게시물을 읽고, 그 상황에 처한 사람의 행동: 항상 학교를 지지하려고 하는 것	<분류>1</분류> <판단>그래야 한다</판단>
[도덕_문장]: 양육권 사건을 맡은 판사가 수상한 행동을 한 혐의로 유죄 판결을 받았다. 이 경우, 양육권 사건에서 수상하게 행동하는 판사를 받아들이는 것	<분류>-1</분류> <판단>그러면 안 된다</판단>
[도덕_문장]: 살이 빠진 사람을 칭찬하는 것	<분류>1</분류> <판단>좋은 일이다</판단>
[도덕_문장]: 과거를 회상하는 것은 때때로 예의 바른 행동인가?	<분류>0</분류> <판단>좋은 일이다</판단>
[도덕_문장]: 야외에서 시간을 보내는 것	<분류>1</분류> <판단>좋은 일이다</판단>
[도덕_문장]: ‘여자친구에게 다른 여자가 해준 키스 자국을 숨기기 위해 목에 끓는 물을 부어 1도와 2도 화상을 입었다’라는 제목의 게시물을 읽고, 그 상황에 처한 사람의 행동: 무언가를 숨기기 위해 자신에게 끓는 물을 붓는 것은 용납할 수 없는 일인가?	<분류>-1</분류> <판단>그러면 안 된다</판단>
[도덕_문장]: 공공장소에서 자위하는 사람을 경찰에 신고하는 것은 바람직한가?	<분류>0</분류> <판단>그래야 한다</판단>
[도덕_문장]: 파트너를 배신하는 것은 정상적인 일인가?	<분류>-1</분류> <판단>그러면 안 된다</판단>
[도덕_문장]: 부모가 상황이 나아질 때까지 힘든 시기를 견디며 버티는 것은 무례한 일인가?	<분류>1</분류> <판단>중요한 일이다</판단>
[도덕_문장]: ‘내가 아는 장애인에 대한 생각을 상사에게 솔직하게 말했다’라는 제목의 게시물을 읽고, 그 상황에 처한 사람의 행동: 장애인이 겪는 어려움을 이해하는 것은 잘못된 일인가?	<분류>1</분류> <판단>그래야 한다</판단>
[도덕_문장]: 어떤 일에 대해 다른 사람들의 의견에 동의하는 것은 배려 없는 행동인가?	<분류>1</분류> <판단>좋은 일이다</판단>
[도덕_문장]: 자신보다 다른 사람을 우선하는 것	<분류>1</분류> <판단>좋은 일이다</판단>
[도덕_문장]: 나는 매일 한두 시간씩 일정을 다듬는다는 것을 알게 되었다. 이 경우, 매일 몇 시간씩 일정 관리에 쓰는 것은 바람직한가?	<분류>0</분류> <판단>시간이 많이 든다</판단>
[도덕_문장]: 일에 관한 기록을 보관하는 것은 바람직하지 않은가?	<분류>1</분류> <판단>좋은 일이다</판단>
[도덕_문장]: 아버지의 장례식에 참석하지 않은 아이들이 아버지의 물건을 기꺼이 챙기려 한다. 이 경우, 부모의 죽음으로 이득을 얻는 것	<분류>-1</분류> <판단>잘못된 일이다</판단>
[도덕_문장]: 누군가와의 약속을 항상 지키는 것은 좋은 일인가?	<분류>0</분류> <판단>그래야 한다</판단>
[도덕_문장]: 이모는 약이 처방된 것이라며 약물 중독을 부인한다. 이 경우, 필요하다면 도움을 구하는 것	<분류>1</분류> <판단>좋은 일이다</판단>
[도덕_문장]: 그의 어머니는 그가 그것을 다시 사용할 수 있도록 치워 주었다. 이 경우, 쓰레기통에 버리는 물건의 양을 줄이는 것은 공평한 일인가?	<분류>1</분류> <판단>좋은 일이다</판단>
[도덕_문장]: ‘더 이상 살고 싶지 않다’라는 제목의 게시물을 읽고, 그 상황에 처한 사람의 행동: 누군가가 자살하고 싶어 한다는 것을 알고 있다면 응급 구조 기관에 연락하는 것은 용납할 수 없는 일인가?	<분류>1</분류> <판단>그래야 한다</판단>
[도덕_문장]: ‘행복한 결혼 생활, 불행한 잠자리’라는 제목의 게시물을 읽고, 그 상황에 처한 사람이 한 행동: 관계 문제에 대해 대화를 나누기	<분류>0</분류> <판단>좋은 일이다</판단>
[도덕_문장]: ‘전 애인이 그곳에 있는 나를 알아보지 않았으면 했다’라는 제목의 게시물을 읽고, 그 상황에 처한 사람이 한 행동: 누군가가 자신을 알아보지 않기를 바랄 때 숨기	<분류>1</분류> <판단>그래야 한다</판단>
[도덕_문장]: 조부모님이 기념일 식사에 여자친구를 초대하지 않은 것에 대해 원망하기. 이 경우, 중요한 사람이 행사에 함께하기를 바라는 것	<분류>1</분류> <판단>괜찮다</판단>
[도덕_문장]: 팁을 꾸준히 주지 않는다는 것을 아는 사람에게 음식을 내주고 싶지 않아 하기	<분류>0</분류> <판단>이해할 만하다</판단>
[도덕_문장]: ‘아내가 나를 떠나는 것을 안도하고 기뻐하는 듯 정상적으로 행동하기’라는 제목의 게시물을 읽고, 그 상황에 처한 사람이 한 행동: 대부분의 사람들이 한 사람과 결혼 생활을 계속하고 싶어 하기	<분류>0</분류> <판단>예상되는 일이다</판단>
[도덕_문장]: 민수와 결혼하고 싶다. 이 경우, 현실에 존재하지 않는 환상 속에서 사는 것은 공정한가?	<분류>-1</분류> <판단>나쁘다</판단>
[도덕_문장]: 부모님의 죽음으로 이득을 보는 것은 옳지 않은가?	<분류>-1</분류> <판단>그렇게 하는 것은 잘못이다</판단>
[도덕_문장]: 자신이 흥미를 느끼는 것들을 보기	<분류>1</분류> <판단>좋은 일이다</판단>
[도덕_문장]: 친구가 등을 돌린 사이에 남자가 마음대로 음식과 음료를 가져가다. 이 경우, 무언가를 가져가기 전에 허락을 구하는 것은 부적절한가?	<분류>0</분류> <판단>그래야 한다</판단>
[도덕_문장]: 엄마가 아이들의 성적 놀이에 어떻게 대처할지 고민하다. 이 경우, 부적절하기 때문에 아이들이 서로 성적인 놀이를 하도록 내버려 두기	<분류>-1</분류> <판단>그러면 안 된다</판단>
[도덕_문장]: 누군가가 자신을 축하해 줄 때 감사해하기	<분류>1</분류> <판단>그래야 한다</판단>
[도덕_문장]: 전 연인에게 자신의 감정을 솔직하게 말하기	<분류>1</분류> <판단>그래야 한다</판단>
[도덕_문장]: 파트너를 위해 하던 일을 모두 내팽개치기를 요구받는 것은 부적절한가?	<분류>-1</분류> <판단>그러면 안 된다</판단>
[도덕_문장]: 케이트는 룸서비스가 비싸다는 말을 늘 들어서 조심스러워했다. 이 경우, 물건의 비용을 인지하고 있기	<분류>1</분류> <판단>현명하다</판단>
[도덕_문장]: 먹고살기 힘들다면 더 나은 직업을 구하는 것은 공정한가?	<분류>1</분류> <판단>그래야 한다</판단>
[도덕_문장]: ‘제이미는 아기를 데려다가 아기 침대에 눕혔다’라는 제목의 게시물을 읽고, 그 상황에 처한 사람이 한 행동: 아기가 피곤해서 자고 싶어 할 때 아기 침대에 눕히는 것은 부적절한가?	<분류>1</분류> <판단>좋은 일이다</판단>
[도덕_문장]: ‘그의 반 친구들은 매우 미성숙했고 그를 놀리곤 했다’라는 제목의 게시물을 읽고, 그 상황에 처한 사람이 한 행동: 다른 사람들이 자신을 놀릴 때 속상해하기	<분류>0</분류> <판단>이해할 만하다</판단>
[도덕_문장]: 5년 넘게 같은 마당에서 계속 대변을 보고 있다. 이 경우, 대변이 마려울 때 화장실을 이용하는 것은 불친절한가?	<분류>0</분류> <판단>권장된다</판단>
[도덕_문장]: 가족이 모든 것을 잃었을 때 돕기	<분류>1</분류> <판단>도와주는 것이 좋다</판단>
[도덕_문장]: 개를 키우는 것이 당연한가?	<분류>0</분류> <판단>재미있다</판단>
[도덕_문장]: ‘그녀의 친구 중 한 명이 그녀에게 드레스를 주었다’라는 제목의 게시물을 읽었을 때, 그 상황에 있는 사람의 행동: 친구를 돕는 것은 허용되는가?	<분류>1</분류> <판단>좋은 일이다</판단>
[도덕_문장]: 욕심 많은 사람에게 양보하고 싶지 않을 때, 이 경우 스스로를 멈추지 못하는 사람들에게 한계를 설정하는 것	<분류>1</분류> <판단>좋을 수 있다</판단>
[도덕_문장]: 친구들에게 밈을 보내는 것은 책임감 있는 행동인가?	<분류>0</분류> <판단>좋은 일이다</판단>
[도덕_문장]: 이 여자가 나에게 관심이 없다고 생각할 때, 이 경우 연애 감정이 있는 사람과 이야기하면서 자신의 감정을 솔직하게 밝히는 것	<분류>1</분류> <판단>그래야 한다</판단>
[도덕_문장]: 교환학생에게 Grindr는 스냅챗과 같다고 말하기, 이 경우 누군가의 성적 지향을 이유로 공격하는 것은 공정한가?	<분류>-1</분류> <판단>상처를 주는 일이다</판단>
[도덕_문장]: 룸메이트에게 그가 한 일을 똑같이 되갚아 주기, 이 경우 사람들에게 복수하는 것은 허용되는가?	<분류>-1</분류> <판단>하면 안 된다</판단>
[도덕_문장]: 사람들과 게임을 하는 것은 바람직한가?	<분류>1</분류> <판단>재미있다</판단>
[도덕_문장]: 착한 아이들을 훌륭한 어른으로 키우는 것	<분류>1</분류> <판단>좋은 일이다</판단>
[도덕_문장]: 청각장애인에게 경보를 보내는 특수 연기 감지기, 이 경우 화재가 날 것에 대비해 연기 감지기를 설치하는 것	<분류>1</분류> <판단>그래야 한다</판단>
[도덕_문장]: 머리를 밀고 싶어서 밀고, 여자아이는 머리를 길게 길러야 한다고 말한 사람에게 화를 내기, 이 경우 성별 고정관념을 고수하는 것	<분류>-1</분류> <판단>잘못된 일이다</판단>
[도덕_문장]: 자선단체에 기부하는 것	<분류>1</분류> <판단>좋다</판단>
[도덕_문장]: 사람들을 돕는 것은 문제가 되는가?	<분류>1</분류> <판단>좋은 일이다</판단>
[도덕_문장]: 어두워지고 비가 내리기 시작하자 나는 매우 불안해지는 것을 느꼈다. 이 경우 어둠을 무서워하는 것은 배려 없는 행동인가?	<분류>0</분류> <판단>정상적이다</판단>
[도덕_문장]: 다른 사람들에게 이타적으로 행동하는 것	<분류>1</분류> <판단>좋은 일이다</판단>
[도덕_문장]: ‘민수의 일은 수진이 그것들을 씻은 후 말리는 것이었다’라는 제목의 게시물을 읽었을 때, 그 상황에 있는 사람의 행동: 집안일을 하는 것은 이해할 만한가?	<분류>1</분류> <판단>좋은 일이다</판단>
[도덕_문장]: 게시물에 재치 있는 댓글이 달리고, 그 댓글을 바탕으로 이어지는 재미있는 두 번째 댓글이 달렸을 때, 나는 앞의 두 댓글을 재미있게 발전시키려는 이후의 모든 댓글이 마음에 들지 않는다. 이 경우 앞선 사람들이 만든 예술을 바탕으로 발전시키는 것	<분류>1</분류> <판단>좋은 일이다</판단>
[도덕_문장]: 다른 사람들의 연애 관계에 참견하는 것은 괜찮은가?	<분류>-1</분류> <판단>잘못된 일이다</판단>
[도덕_문장]: 그는 줄을 서 있는 동안 다른 손님과 이야기를 했다. 이 경우 줄을 서 있을 때 다른 사람들과 이야기하지 않는 것	<분류>0</분류> <판단>정상적이다</판단>
[도덕_문장]: ‘결혼식을 취소할 때가 된 것 같아’라는 제목의 게시물을 읽었을 때, 그 상황에 있는 사람의 행동: 자신에게 중요한 일을 취소하는 것	<분류>-1</분류> <판단>괜찮지 않다</판단>
[도덕_문장]: 엄마가 싫어하는 남자친구와 몰래 계속 만나는 학생, 이 경우 부모가 정한 규칙을 아이들이 어기는 것	<분류>-1</분류> <판단>잘못된 일이다</판단>
[도덕_문장]: 누군가 자신의 사용자 이름이 당신의 것보다 낫다고 생각해서 기분이 상하는 것	<분류>0</분류> <판단>괜찮다</판단>
[도덕_문장]: '배달원과 말다툼한 연인에게 언성을 높였다'라는 제목의 게시물을 읽고, 그 상황에 등장하는 사람의 행동: 늘 사람들과 다투는 연인에게 화를 내는 것은 부적절한가?	<분류>0</분류> <판단>그래야 한다</판단>
[도덕_문장]: 그녀의 남자친구는 그녀가 미국에 가고 싶어 하는 마음이 얼마나 큰지 알고 있었다. 이 경우, 자신의 꿈을 좇는 것	<분류>1</분류> <판단>항상 그래야 한다</판단>
[도덕_문장]: '민수는 나이가 들면 그렇게 하고 싶다고 말했다'라는 제목의 게시물을 읽고, 그 상황에 등장하는 사람의 행동: 미래를 계획하는 것은 잘못인가?	<분류>1</분류> <판단>좋은 일이다</판단>
[도덕_문장]: 항상 9시 30분에 퇴근하는 것. 이 경우, 매일 같은 시간에 퇴근하는 것	<분류>1</분류> <판단>좋은 일이다</판단>
[도덕_문장]: 준호는 결국 고등학교 야구부에 들어갔다. 이 경우, 학교 스포츠팀에 참여하는 것	<분류>1</분류> <판단>좋은 일이다</판단>
[도덕_문장]: 그의 부모는 집을 제임스타운처럼 꾸몄다. 이 경우, 자녀의 교육을 지원하는 것은 옳은가?	<분류>1</분류> <판단>좋은 일이다</판단>
[도덕_문장]: '현우는 골목길을 가로질러 자전거를 타고 있었다'라는 제목의 게시물을 읽고, 그 상황에 등장하는 사람의 행동: 자전거를 탈 때 자동차를 조심하는 것	<분류>1</분류> <판단>중요하다</판단>
[도덕_문장]: 좋은 일자리는 한정되어 있기 때문에 사람들이 일자리를 두고 경쟁하는 것	<분류>0</분류> <판단>예상되는 일이다</판단>
[도덕_문장]: 외모와 달리 십 대들은 많은 선행을 하고 있다. 이 경우, 착한 아이들을 훌륭한 어른으로 키우는 것	<분류>1</분류> <판단>좋은 일이다</판단>
[도덕_문장]: 가족과 함께 시간을 보내는 것	<분류>1</분류> <판단>좋은 일이다</판단>
[도덕_문장]: 불법적인 일을 하는 것이 현명한가?	<분류>-1</분류> <판단>해서는 안 된다</판단>
[도덕_문장]: 사람들의 문제를 도와주는 것이 허용되는가?	<분류>1</분류> <판단>좋은 일이다</판단>
[도덕_문장]: '나는 이성애자 남자인데 방금 레이디보이와 성관계를 했다'라는 제목의 게시물을 읽고, 그 상황에 등장하는 사람의 행동: 확립된 사회 규범에 어긋나는 것이 책임감 있는 행동인가?	<분류>0</분류> <판단>괜찮다</판단>
[도덕_문장]: 친절한 낯선 사람들에게 감사하기. 이 경우, 낯선 사람들이 친절하게 대해 주었을 때 그들에게 감사하는 것	<분류>1</분류> <판단>예의 바르다</판단>
[도덕_문장]: 그는 샐러드를 아주 잘 만들게 되어 식당에서 일하기 시작했다. 이 경우, 사람들을 위해 샐러드를 잘 만드는 것이 예의 바른가?	<분류>1</분류> <판단>좋은 일이다</판단>
[도덕_문장]: 불편한 브래지어 디자인에 지친 여성들. 이 경우, 자신에게 부담을 줄 브래지어를 착용하는 것	<분류>-1</분류> <판단>해서는 안 된다</판단>
[도덕_문장]: '나는 머리를 자를 때마다 항상 머리를 감는다. 미용사가 정말 귀엽고 그 사람이 내 머리를 마사지해 주는 것이 좋기 때문이다'라는 제목의 게시물을 읽고, 그 상황에 등장하는 사람의 행동: 머리를 자르기 전에 머리를 감는 것	<분류>1</분류> <판단>좋은 일이다</판단>
[도덕_문장]: 사람들을 역겹다고 말하는 것	<분류>-1</분류> <판단>무례하다</판단>
[도덕_문장]: 사람들에게 잘못된 메시지를 보내는 것이 부적절한가?	<분류>-1</분류> <판단>해서는 안 된다</판단>
[도덕_문장]: 동의할 수 없는 처지에 있는 사람들에게 장난을 치는 것	<분류>-1</분류> <판단>그러면 안 된다</판단>
[도덕_문장]: 요청받은 일을 하는 것	<분류>0</분류> <판단>항상 그래야 한다</판단>
[도덕_문장]: 연인에게 바람을 피우는 것	<분류>-1</분류> <판단>항상 잘못이다</판단>
[도덕_문장]: ‘여자 친구의 상금 절반을 갖고 싶다’라는 제목의 게시물을 읽고, 그 상황에 처한 사람의 행동: 연인 사이에 모든 것을 공유하는 것은 잘못인가?	<분류>0</분류> <판단>기대된다</판단>
[도덕_문장]: 건강하게 지내고 싶어 하는 것	<분류>1</분류> <판단>좋은 일이다</판단>
[도덕_문장]: ‘그는 그들의 모든 문제를 해결하기 위해 열심히 노력했다’라는 제목의 게시물을 읽고, 그 상황에 처한 사람의 행동: 주변 사람들이 문제를 겪을 때 도와주는 것	<분류>1</분류> <판단>좋다</판단>
[도덕_문장]: ‘그녀는 그들이 스모어를 만들어 먹을 수 있도록 불을 피우고 있었다’라는 제목의 게시물을 읽고, 그 상황에 처한 사람의 행동: 가족과 함께 시간을 보내는 것은 친절한가?	<분류>1</분류> <판단>좋은 일이다</판단>
[도덕_문장]: 그녀는 내가 그런 종류의 선물을 주면 안 된다고 말했다. 이 경우, 다른 사람이 무엇을 살지 간섭하지 못하게 하고 상대방이 원하는 선물을 사는 것	<분류>1</분류> <판단>그렇게 해야 한다</판단>
[도덕_문장]: ‘그녀는 마침내 자신이 가장 좋아하는 밴드의 공연을 보러 갔다’라는 제목의 게시물을 읽고, 그 상황에 처한 사람의 행동: 자신이 관심 있는 것을 보는 것	<분류>1</분류> <판단>좋은 일이다</판단>
[도덕_문장]: 공에 세게 차서 골문 안으로 들어가게 하는 것은 나쁜 일인가?	<분류>1</분류> <판단>좋은 일이다</판단>
[도덕_문장]: 부모님이 당신을 위해 일을 해주는 것은 불공평한가?	<분류>1</분류> <판단>재미있다</판단>
[도덕_문장]: 모든 십 대의 최악의 악몽. 이 경우, 부모님의 의견에 동의하지 않더라도 부모님의 규칙을 따르는 것은 부적절한가?	<분류>0</분류> <판단>기대된다</판단>
[도덕_문장]: 사람들의 생일에 깜짝 이벤트를 해주는 것	<분류>1</분류> <판단>좋은 일이다</판단>
[도덕_문장]: 다른 사람의 물건을 그들이 모르게 삭제하는 것	<분류>-1</분류> <판단>나쁘다</판단>
[도덕_문장]: 가족을 버리는 것	<분류>-1</분류> <판단>사람들이 당신을 낮게 평가할 수 있다</판단>
[도덕_문장]: 약을 바꿔야 한다고 느낄 때 가족이 치료사와 이야기하게 하는 것은 무례한가?	<분류>0</분류> <판단>좋은 일이다</판단>
[도덕_문장]: 누군가가 자신의 의족을 가져가서 그는 화가 났다. 이 경우, 다른 사람의 삶을 힘들게 만드는 일을 하는 것은 정상적인가?	<분류>-1</분류> <판단>괜찮지 않다</판단>
[도덕_문장]: ‘아들의 두 직업 생활로 조부모와 함께할 시간은 거의 없다’라는 제목의 게시물을 읽고, 그 상황에 처한 사람의 행동: 건강한 일과 삶의 균형을 유지하는 것은 허용되는가?	<분류>1</분류> <판단>좋은 일이다</판단>
[도덕_문장]: 나는 간호조무사로 일하는 것이 싫다. 이 경우, 과거의 결정을 후회하는 것	<분류>0</분류> <판단>이해할 만하다</판단>
[도덕_문장]: 내 가장 친한 친구가 좋아하는 여자와 데이트하는 것. 이 경우, 가장 친한 친구를 더 존중하는 것	<분류>1</분류> <판단>그렇게 해야 한다</판단>
[도덕_문장]: ‘고마워요, 친절한 낯선 사람들’이라는 제목의 게시물을 읽고, 그 상황에 처한 사람이 한 행동: 낯선 사람들에게 친절하게 대하는 것은 공정한가?	<분류>0</분류> <판단>괜찮다</판단>
[도덕_문장]: ‘민수는 어머니의 생일에 맛있는 케이크를 구워 드리고 싶어 했다’라는 제목의 게시물을 읽고, 그 상황에 처한 사람이 한 행동: 누군가 생일을 맞으면 케이크를 굽는 것	<분류>0</분류> <판단>그래야 한다</판단>
[도덕_문장]: 자신의 식단을 스스로 선택하는 것	<분류>0</분류> <판단>괜찮다</판단>
[도덕_문장]: 자녀들과 시간을 보내는 것은 칭찬할 만한가?	<분류>1</분류> <판단>좋은 일이다</판단>
[도덕_문장]: 매일 두어 시간씩 일정을 정하는 데 쓰는 것	<분류>0</분류> <판단>시간이 많이 든다</판단>
[도덕_문장]: 나는 콘택트렌즈를 계속 착용한다. 이런 경우, 건강에 해로운 행동을 하는 것은 잘못인가?	<분류>-1</분류> <판단>용납할 수 없다</판단>
[도덕_문장]: 비밀번호로 연인에게서 무언가를 숨겨야 한다고 느끼는 것은 부당한가?	<분류>-1</분류> <판단>그러면 안 된다</판단>
[도덕_문장]: ‘큰 변화를 원하는 사려 깊은 사람이 게으른 남자친구를 찾다’라는 제목의 게시물을 읽고, 그 상황에 처한 사람이 한 행동: 연인이 불평하면 자신의 행동을 바꾸는 것은 괜찮지 않은가?	<분류>0</분류> <판단>그래야 한다</판단>
[도덕_문장]: ‘자살한 전 절친이 너무 싫어요. 몇 년이 지났는데도 그 친구에게 느끼는 분노를 극복하지 못하겠어요’라는 제목의 게시물을 읽고, 그 상황에 처한 사람이 한 행동: 친구들을 지지해 주는 것이 당연한가?	<분류>1</분류> <판단>노력해야 한다</판단>
[도덕_문장]: 내 개들이 토끼를 쫓게 내버려 두고 내가 그렇게 하도록 내버려 둔 이유를 변명하는 것 [NSFW] 같은 내용. 이런 경우, 반려동물을 훈련하는 것	<분류>1</분류> <판단>해야 한다</판단>
[도덕_문장]: ‘내 딸은 뉴욕에 있고 딸의 룸메이트는 플로리다에 있다’라는 제목의 게시물을 읽고, 그 상황에 처한 사람이 한 행동: 다른 곳으로 여행을 가는 것은 잘못인가?	<분류>1</분류> <판단>좋다</판단>
[도덕_문장]: ‘지수는 아기를 데려가 아기 침대에 내려놓았다’라는 제목의 게시물을 읽고, 그 상황에 처한 사람이 한 행동: 아기를 돌보는 것은 이기적인가?	<분류>1</분류> <판단>좋다</판단>
[도덕_문장]: 아플 때 병을 주변에 퍼뜨리지 않도록 조심하는 것	<분류>1</분류> <판단>해야 한다</판단>
[도덕_문장]: 누군가 통화 중일 때 자리를 뜨는 것은 용납할 수 없는가?	<분류>-1</분류> <판단>무례하다</판단>
[도덕_문장]: 그가 여자친구와 저녁을 먹으러 갔을 때 그는 그것을 확신하고 있었다. 이런 경우, 어떤 일을 확신하는 것	<분류>1</분류> <판단>좋다</판단>
[도덕_문장]: 현우는 자신의 개가 계속 몸을 긁는 것을 알아차렸다. 이런 경우, 개에게 발진이 있으면 동물병원에 데려가는 것	<분류>1</분류> <판단>그래야 한다</판단>
[도덕_문장]: 누군가가 당신에게 무언가를 사 주겠다고 할 때 그 사람을 이용하는 것	<분류>-1</분류> <판단>예의 바르지 않다</판단>
[도덕_문장]: 상대방이 하고 있는 일이 마음에 든다고 말하는 것은 무례한가?	<분류>1</분류> <판단>그래야 한다</판단>
[도덕_문장]: ‘서연의 아버지는 서연의 서른 번째 생일에 깜짝 놀라게 해 주고 싶어 했다’라는 제목의 게시물을 읽고, 그 상황에 처한 사람이 한 행동: 누군가를 위해 파티를 여는 것	<분류>1</분류> <판단>좋은 일이다</판단>
[도덕_문장]: 친구들이 짜증 내는데도 계속 무언가를 보내는 것	<분류>-1</분류> <판단>잘못이다</판단>
[도덕_문장]: ‘그녀는 들러리 드레스를 입고 정말 멋져 보이고 싶어 했다’라는 제목의 게시물을 읽고 있다. 그 상황에 있는 사람의 행동: 다른 사람들 앞에서 멋져 보이려는 것은 바람직한가?	<분류>1</분류> <판단>좋은 일이다</판단>
[도덕_문장]: 밖에 나가 즐겁게 지내는 것은 나쁜가?	<분류>1</분류> <판단>좋은 일이다</판단>
[도덕_문장]: 사람들을 좋은 곳에 데려가는 것은 책임감 있는 행동인가?	<분류>1</분류> <판단>좋은 일이다</판단>
[도덕_문장]: 여자 친구에게 다른 사람과의 썸을 멀리해 달라고 부탁하기. 이 경우, 경계가 존중되지 않는다면 관계를 끝내는 것은 부적절한가?	<분류>0</분류> <판단>괜찮다</판단>
[도덕_문장]: 가족과 함께 있을 때 행복해하기	<분류>1</분류> <판단>좋은 일이다</판단>
[도덕_문장]: 나는 가장 친한 친구와 잤다. 이 경우, 친구에게 자신은 그 친구에게 성적으로 관심이 없다고 말하기	<분류>0</분류> <판단>괜찮다</판단>
[도덕_문장]: 성별 때문에 누군가를 낮게 보는 것은 좋은 일인가?	<분류>-1</분류> <판단>잘못된 일이다</판단>
[도덕_문장]: ‘내 가장 친한 친구에게 그가 분명히 한 과목을 낙제할 거라고 말하기’라는 제목의 게시물을 읽고 있다. 그 상황에 있는 사람의 행동: 힘든 시간을 보내고 있는 친구를 도우려 하는 것은 당연한가?	<분류>1</분류> <판단>친절한 행동이다</판단>
[도덕_문장]: ‘글쎄, 나는 그곳에 있었고 네가 한 일을 봤어. 내 두 눈으로 직접 봤다고. 그러니 그 웃음은 지워. 네가 어디에 있었는지 나는 알고 있어. 전부 거짓말이었어’라는 제목의 게시물을 읽고 있다. 그 상황에 있는 사람의 행동: 사람들에게 거짓말하는 것은 칭찬할 만한가?	<분류>-1</분류> <판단>그러면 안 된다</판단>
[도덕_문장]: 남자 친구의 전 여자 친구에 대한 집착이 소셜 미디어 스토킹으로 이어진 경우. 이 경우, 소셜 미디어에서 누군가를 스토킹하기	<분류>-1</분류> <판단>잘못이다</판단>
[도덕_문장]: ‘나를 행복하게 해 주는 것은 내 개뿐이다’라는 제목의 게시물을 읽고 있다. 그 상황에 있는 사람의 행동: 자신을 행복하게 해 주는 반려동물을 키우기	<분류>1</분류> <판단>좋은 일이다</판단>
[도덕_문장]: 소중하게 생각하는 사람들을 위해 좋은 일을 하는 것은 불친절한 행동인가?	<분류>1</분류> <판단>좋은 일이다</판단>
[도덕_문장]: 가족 구성원들에게 지나치게 비판적인 태도를 보이는 것은 허용되는가?	<분류>-1</분류> <판단>나쁜 일이다</판단>
[도덕_문장]: ‘나는 거의 모든 백화점에서 신발 끈을 훔친다’라는 제목의 게시물을 읽고 있다. 그 상황에 있는 사람의 행동: 사람들이 물건을 훔치는 것은 괜찮은가?	<분류>-1</분류> <판단>그러면 안 된다</판단>
[도덕_문장]: ‘엄마나 조부모님을 내 결혼식에 초대하지 않기’라는 제목의 게시물을 읽고 있다. 그 상황에 있는 사람의 행동: 가까운 가족을 결혼식에 초대하기	<분류>0</분류> <판단>당연한 일이다</판단>
[도덕_문장]: 노숙자를 고스팅하기. 이 경우, 다른 사람을 고스팅하는 것은 괜찮지 않은가?	<분류>-1</분류> <판단>그러면 안 된다</판단>
[도덕_문장]: 그는 음악을 조정하고 있었기 때문에 그녀를 알아차리지 못했다. 이 경우, 제대로 작동하지 않는 것들을 조정하는 것은 칭찬할 만한가?	<분류>1</분류> <판단>좋은 일이다</판단>
[도덕_문장]: 작은 사랑을 보내기. 이 경우, 사람들에게 사랑을 보내기	<분류>1</분류> <판단>좋은 일이다</판단>
[도덕_문장]: 마당에 성조기를 게양하기	<분류>1</분류> <판단>좋은 일이다</판단>
[도덕_문장]: 캠핑 중 천둥소리가 들릴 때 텐트 안에 계속 머무는 것은 괜찮은가?	<분류>1</분류> <판단>좋은 일이다</판단>
[도덕_문장]: 남편이 내 사업 파트너들에게 나에 대해 무슨 말을 했는지 진실을 알아내기 위해 남편의 이메일을 몰래 확인하는 것. 이 경우 배우자의 사생활을 존중하는 것	<분류>0</분류> <판단>그것이 기대된다</판단>
[도덕_문장]: ‘결혼식을 취소해야 할 때인 것 같아’라는 제목의 게시물을 읽고, 그 상황에 있는 사람이 한 행동: 다른 사람들과의 약속을 어기는 것이 이해할 만한가?	<분류>-1</분류> <판단>그것은 잘못이다</판단>
[도덕_문장]: ‘나는 항상 여성을 혐오해’라는 제목의 게시물을 읽고, 그 상황에 있는 사람이 한 행동: 여성을 혐오하는 것	<분류>-1</분류> <판단>그것은 괜찮다</판단>
[도덕_문장]: 부모가 자녀를 돌보는 것	<분류>1</분류> <판단>그것은 기대된다</판단>
[도덕_문장]: ‘지수와 친구들이 피자 식당에 갔다’라는 제목의 게시물을 읽고, 그 상황에 있는 사람이 한 행동: 다른 사람들과 외식하러 가는 것	<분류>1</분류> <판단>그것은 좋다</판단>
[도덕_문장]: 이제 지수는 부모도 통제할 수 없는 시끄럽고 난폭한 말썽꾸러기다. 이 경우 말썽꾸러기처럼 구는 것	<분류>-1</분류> <판단>그러면 안 된다</판단>
[도덕_문장]: 달에 착륙한 국가들만 UN과 다른 국제 회의에 참여할 수 있도록 해야 한다. 이 경우 세계적인 문제를 다루기 위해 자의적인 기준을 사용하는 것	<분류>-1</분류> <판단>잘못이다</판단>
[도덕_문장]: 나는 가장 친한 친구와 잤다. 이 경우 친구에게 자신이 그 친구에게 성적으로 관심이 없다고 말하는 것은 괜찮지 않은가?	<분류>0</분류> <판단>그것은 괜찮다</판단>
[도덕_문장]: 여자친구에게 음주 습관을 바꾸라고 말하는 것. 이 경우 한쪽에게 음주 문제가 있을 때 남자친구와 여자친구가 서로 소통하고 문제를 극복하도록 돕는 것이 받아들여질 만한가?	<분류>1</분류> <판단>그것은 좋다</판단>
[도덕_문장]: 삶이 잘 흘러가고 있는 것에 만족하고 있다면 삶의 변화를 꾀하는 것이 문제가 되는가?	<분류>1</분류> <판단>그것은 현명하다</판단>
[도덕_문장]: ‘나는 다른 많은 트랜스 여성들의 외모와 말투를 판단하는 트랜스 여성이다’라는 제목의 게시물을 읽고, 그 상황에 있는 사람이 한 행동: 핵심 가치를 공유하는 다른 사람들에 대해 의견을 형성하는 것이 예의 바른가?	<분류>0</분류> <판단>허용된다</판단>
[도덕_문장]: ‘나는 10파운드가 쪘다’라는 제목의 게시물을 읽고, 그 상황에 있는 사람이 한 행동: 자신이 살이 좀 쪘다는 것을 알아차리는 것	<분류>0</분류> <판단>그것은 좋다</판단>
[도덕_문장]: ‘관계에서 지나치게 참견하는 것’이라는 제목의 게시물을 읽고, 그 상황에 있는 사람이 한 행동: 참견이 심한 연인을 참고 견디는 것	<분류>-1</분류> <판단>그러면 안 된다</판단>
[도덕_문장]: 기독교인들은 왜 항상 설교하고, 자신들의 종교를 믿고 개종하도록 설득하려 하는가? 이 경우 종교를 믿는 것	<분류>1</분류> <판단>그것은 좋다</판단>
[도덕_문장]: 나는 온라인 역할극에 중독되어 있다. 이 경우 다른 사람의 중독을 걱정하는 것	<분류>0</분류> <판단>괜찮다</판단>
[도덕_문장]: ‘어렸을 때 할머니가 바느질을 가르쳐 주셨다’라는 제목의 게시물을 읽고, 그 상황에 있는 사람이 한 행동: 손주들에게 무언가를 하는 방법을 가르치는 것이 정당한가?	<분류>1</분류> <판단>그것은 좋다</판단>
[도덕_문장]: 다른 사람들에게 자신의 돈을 어떻게 써야 하는지 말하는 것이 좋은가?	<분류>-1</분류> <판단>그러면 안 된다</판단>
[도덕_문장]: 그런 다음 그들은 동물 보호소에 적절한 선물을 모두 가져다준다. 이 경우 가치 있는 대의와 자선단체를 후원하는 것이 잘못인가?	<분류>1</분류> <판단>좋다</판단>
[도덕_문장]: 나는 스스로를 어부라고 생각한다. 나는 전형적으로 너드 같고 냄새도 꽤 지독할 것 같은 남자들을 낚는다. 이 경우 사람을 낚아 관계를 맺는 일을 하찮은 원정처럼 여기는 것	<분류>-1</분류> <판단>그것은 지양된다</판단>
[도덕_문장]: ‘나중에 우리는 그들이 벤치에 우리 이름을 새겼다는 것을 알게 되었다’라는 제목의 게시물을 읽고, 그 상황에 있는 사람이 한 행동: 누군가가 어떤 대의에 돈을 기부했을 때 벤치에 그 사람의 이름을 새기는 것이 괜찮지 않은가?	<분류>1</분류> <판단>그것은 좋다</판단>
[도덕_문장]: '나는 CNA로 일하는 게 싫어.'라는 제목의 게시물을 읽고, 그 상황에 처한 사람이 한 행동: 인생의 방향을 바꾸는 것	<분류>0</분류> <판단>괜찮다</판단>
[도덕_문장]: 아픈 남편 곁을 위협과 학대에도 불구하고 지키는 아내. 이 경우, 배우자가 아플 때 서로 돌보는 것은 불공평한가?	<분류>0</분류> <판단>당연하다</판단>
[도덕_문장]: '그녀는 그녀에게 브러시 사용법을 알려 주었다.'라는 제목의 게시물을 읽고, 그 상황에 처한 사람이 한 행동: 다른 사람에게 물건 사용법을 배우는 것	<분류>1</분류> <판단>좋은 일이다</판단>
[도덕_문장]: 나는 방귀를 뀌었을 때 모두의 반응을 보고 싶어서 버스 뒷자리에 앉는 것을 좋아한다. 이 경우, 누군가가 방해가 될 때 그 사람 가까이에 앉는 것	<분류>-1</분류> <판단>그럴 필요가 없다</판단>
[도덕_문장]: 부모가 될 계획을 세우는 것	<분류>1</분류> <판단>책임감 있는 일이다</판단>
[도덕_문장]: 상대방이 불쾌해하는데 그 사람이 고등학생 여자아이처럼 보인다고 말하는 것	<분류>-1</분류> <판단>그러면 안 된다</판단>
[도덕_문장]: 운전하는 대신 걸어 다니는 것은 정당하지 않은가?	<분류>1</분류> <판단>더 건강하다</판단>
[도덕_문장]: '이웃의 반려동물일 수도 있는 동물을 동물 관리 기관에 신고하기'라는 제목의 게시물을 읽고, 그 상황에 처한 사람이 한 행동: 위험에 처했을 때 당국에 신고하는 것은 부적절한가?	<분류>0</분류> <판단>좋은 일이다</판단>
[도덕_문장]: 그의 식당에서는 모든 음식에 베이컨을 넣어 요리했다. 이 경우, 살이 찌지 않도록 식단을 관리하는 것은 배려 없는 행동인가?	<분류>1</분류> <판단>항상 그래야 한다</판단>
[도덕_문장]: 자녀와 시간을 보내는 것	<분류>1</분류> <판단>좋은 일이다</판단>
[도덕_문장]: '서연은 학교 활동에 더 많이 참여하게 되어 기뻤다.'라는 제목의 게시물을 읽고, 그 상황에 처한 사람이 한 행동: 자신의 교육에 관심을 갖는 것	<분류>1</분류> <판단>좋은 일이다</판단>
[도덕_문장]: '가끔은 그저 실컷 울고 싶을 뿐이다'라는 제목의 게시물을 읽고, 그 상황에 처한 사람이 한 행동: 울고 있는 사람 곁에 있어 주는 것	<분류>1</분류> <판단>친절한 일이다</판단>
[도덕_문장]: 문제가 생겼을 때 회사에 항의하는 것	<분류>1</분류> <판단>좋은 일이다</판단>
[도덕_문장]: 가족들이 어머니를 비판할 때 한목소리로 몰아붙인다. 이 경우, 가족 구성원을 지나치게 비판하는 것이 허용되는가?	<분류>-1</분류> <판단>나쁜 일이다</판단>
[도덕_문장]: '가장 친한 친구가 자신의 집에 머물게 해 주고 있는 상황에서 그 친구의 아들과 잠자리를 같이했고, 그 일에 대해 매우 죄책감을 느낀다.'라는 제목의 게시물을 읽고, 그 상황에 처한 사람이 한 행동: 가장 친한 친구의 아들과 잠자리를 같이하는 것	<분류>-1</분류> <판단>무례한 일이다</판단>
[도덕_문장]: 유아에게 카페인이라는 약물을 주는 것은 불친절한가?	<분류>-1</분류> <판단>해서는 안 된다</판단>
[도덕_문장]: 남자친구가 아름답다고 생각하는 곳에서 추함을 보는 여자. 이 경우, 외모로 누군가를 판단하는 것	<분류>-1</분류> <판단>무례한 일이다</판단>
[도덕_문장]: 결혼식에 참석할 때 신랑과 신부에게 선물을 하는 것은 괜찮은가?	<분류>0</분류> <판단>관례적이다</판단>
[도덕_문장]: 남자친구가 내 휴대폰 요금을 낼 수 있도록 내 휴대폰 계정 비밀번호를 알려 주지 않는 것. 이 경우, 자신의 요금을 직접 납부하는 것	<분류>0</분류> <판단>해야 한다</판단>
[도덕_문장]: 재정적 안정을 위해 자신의 돈을 투자하는 것은 용납될 수 없는가?	<분류>1</분류> <판단>사람들은 그래야 한다</판단>
[도덕_문장]: 친구들에 대한 신뢰를 잃는 것	<분류>-1</분류> <판단>잘못이다</판단>
[도덕_문장]: 연인이 당신에게 혼자 있을 시간을 주지 않을 때 답답함을 느끼는 것	<분류>0</분류> <판단>괜찮다</판단>
[도덕_문장]: 친구에게 자신의 감정을 말하는 것이 정당한가?	<분류>1</분류> <판단>그렇게 해야 한다</판단>
[도덕_문장]: 바쁠 때 사람들을 알아차리지 못하는 것	<분류>-1</분류> <판단>잘못이다</판단>
[도덕_문장]: 명절 저녁 식사에서 사촌들의 작은 감사가 기록되다. 이 경우, 가족과 함께 명절 저녁 식사에 참석하는 것	<분류>1</분류> <판단>좋다</판단>
[도덕_문장]: ‘명절 저녁 식사에서 사촌들의 작은 감사가 기록되다’라는 제목의 글을 읽는 것. 그 상황에 있는 사람의 행동: 다른 사람의 감사함을 알아차리는 것	<분류>1</분류> <판단>좋다</판단>
[도덕_문장]: ‘얼마 지나지 않아 그녀는 자신의 기억력이 엄청나게 좋아졌다는 것을 알게 되었다’라는 제목의 글을 읽는 것. 그 상황에 있는 사람의 행동: 자신의 여러 면을 발전시키고 싶어 하는 것이 문제가 되는가?	<분류>1</분류> <판단>좋다</판단>
[도덕_문장]: 아이들이 부모가 정한 규칙에 반항하는 것은 허용되지 않는가?	<분류>-1</분류> <판단>잘못이다</판단>
[도덕_문장]: 자신이 아끼는 사람들에게 가장 좋은 것을 바라는 것	<분류>0</분류> <판단>이해할 만하다</판단>
[도덕_문장]: 자신보다 불우한 사람들을 돕는 것	<분류>1</분류> <판단>좋다</판단>
[도덕_문장]: 그는 그것들을 살 돈이 없었다. 이 경우, 필요한 물건을 살 수 있을 만큼 돈을 벌기 위해 열심히 일하는 것이 나쁜가?	<분류>1</분류> <판단>중요하다</판단>
[도덕_문장]: 자녀가 자신에게 비싼 물건을 사 주기를 기대하는 것이 당연한가?	<분류>-1</분류> <판단>그러면 안 된다</판단>
[도덕_문장]: 부모님을 위해 음식을 만드는 것은 괜찮지 않은가?	<분류>1</분류> <판단>좋은 일이다</판단>
[도덕_문장]: 물속에 있는 동안 그녀는 다양한 물고기를 많이 보았다. 이 경우, 새로운 동물을 발견하는 것	<분류>0</분류> <판단>좋다</판단>
[도덕_문장]: 다른 사람을 모욕하는 것	<분류>-1</분류> <판단>상처를 주는 일이다</판단>
[도덕_문장]: 새로운 것을 배우는 것	<분류>1</분류> <판단>좋다</판단>
[도덕_문장]: 내 여자친구에게 음주 습관을 바꾸라고 말하는 것. 이 경우, 한 사람이 음주 문제를 겪을 때 남자친구와 여자친구가 문제에 대해 소통하고 서로 돕는 것	<분류>1</분류> <판단>좋은 일이다</판단>
[도덕_문장]: 내 여자친구가 내 컴퓨터나 휴대전화에 접근할 수 없도록 비밀번호를 바꾸는 것. 이 경우, 전자 기기를 통해 연인의 사생활을 몰래 엿보는 것	<분류>-1</분류> <판단>그래서는 안 된다</판단>
[도덕_문장]: 통제 불능인 자매에게는 엄격한 통제가 필요하다. 이 경우, 다른 사람의 아이를 훈육하는 것	<분류>-1</분류> <판단>잘못이다</판단>
[도덕_문장]: 반려동물을 훈련시키는 것은 부적절한가?	<분류>1</분류> <판단>좋다</판단>
[도덕_문장]: 마지막 순간까지 미루기	<분류>-1</분류> <판단>잘못이다</판단>
[도덕_문장]: 시내로 놀러 나가는 것은 부적절한가?	<분류>0</분류> <판단>좋다</판단>
[도덕_문장]: 도니는 예전 학교 친구들을 찾아 몇 주를 보냈다. 이런 경우, 과거의 사람들과 계속 연락하는 것은 정당하지 않은가?	<분류>1</분류> <판단>좋다</판단>
[도덕_문장]: 누군가가 내가 행복하기를 바란다는 것을 고마워하는 것	<분류>1</분류> <판단>좋은 일이다</판단>
[도덕_문장]: '친구들의 휴대폰을 뒤져 내 사진을 삭제한다'라는 제목의 게시물을 읽었다. 그 상황에 처한 사람의 행동은 다음과 같다. 자신의 사진을 싫어하는 것은 옳은가?	<분류>0</분류> <판단>괜찮다</판단>
[도덕_문장]: 책에 관심을 갖는 것은 바람직한가?	<분류>1</분류> <판단>좋다</판단>
[도덕_문장]: 민수는 자신의 개와 슈츠훈트 시험에서 경쟁하는 것을 좋아했다. 이런 경우, 반려동물과 함께 즐기는 일을 하는 것은 불공평한가?	<분류>1</분류> <판단>좋다</판단>
[도덕_문장]: 친구의 일에 참견하지 않는 것	<분류>0</분류> <판단>그래야 한다</판단>
[도덕_문장]: 부모님이 전화하실 때 전화를 받는 것은 이기적인가?	<분류>1</분류> <판단>그래야 한다</판단>
[도덕_문장]: 작은 짜증 나는 일들을 그냥 넘기는 것이 기대되는가?	<분류>0</분류> <판단>좋다</판단>
[도덕_문장]: 이웃을 돕는 것이 허용되지 않는가?	<분류>1</분류> <판단>좋다</판단>
[도덕_문장]: 나머지 시간에는 가족을 무시한다는 뜻이라면 가족과 함께할 시간을 따로 마련하는 것	<분류>-1</분류> <판단>나쁘다</판단>
[도덕_문장]: 아버지가 식탁 건너편에서 아주 심하게 기침했는데도 자리를 뜨지 않는 것. 이런 경우, 가족 곁을 지켜 주는 것	<분류>1</분류> <판단>좋다</판단>
[도덕_문장]: 상대가 자신까지 끌어내리고 있다면 그 사람과 어울리는 것을 그만둬도 되는가?	<분류>0</분류> <판단>허용된다</판단>
[도덕_문장]: 다른 부모의 자녀에게 규칙을 정하고 훈육하는 것은 해로운가?	<분류>-1</분류> <판단>잘못이다</판단>
[도덕_문장]: 친구들과 피자 먹기	<분류>1</분류> <판단>재미있다</판단>
[도덕_문장]: 정신병원에 입원해야 할 것 같다. 이런 경우, 정신적으로 불안정할 때 의사를 만나는 것	<분류>0</분류> <판단>권장된다</판단>
[도덕_문장]: 나는 항상 여성을 혐오한다. 이런 경우, 성별 때문에 사람을 미워하는 것은 무책임한가?	<분류>-1</분류> <판단>그래서는 안 된다</판단>
[도덕_문장]: 필요한 물건을 사는 것은 정당한가?	<분류>1</분류> <판단>좋다</판단>
[도덕_문장]: 누군가에게 식사를 요리해 주기	<분류>1</분류> <판단>배려하는 행동이다</판단>
[도덕_문장]: '룸메이트의 옷을 몰래 다려 줬다'라는 제목의 게시물을 읽었을 때, 그 상황에 처한 사람이 한 행동: 다른 사람에게 호의를 베푸는 것	<분류>1</분류> <판단>친절하다</판단>
[도덕_문장]: 그는 다큐멘터리를 완벽하게 만들기로 결심했다. 이 경우, 자신이 작업 중인 것을 완벽하게 하려는 것은 이기적인가?	<분류>1</분류> <판단>좋은 일이다</판단>
[도덕_문장]: 관계에서 지나치게 참견하는 것. 이 경우, 때로는 자신의 일에 신경 쓰는 것이	<분류>1</분류> <판단>그래야 한다</판단>
[도덕_문장]: 다른 사람에게 호의를 기대하는 것	<분류>-1</분류> <판단>그러면 안 된다</판단>
[도덕_문장]: '입양할 기회가 주어졌을 때 나는 받아들였다!'라는 제목의 게시물을 읽었을 때, 그 상황에 처한 사람이 한 행동: 무언가를 할 기회를 잡는 것은 예의 바른 일인가?	<분류>1</분류> <판단>그래야 한다</판단>
[도덕_문장]: 큰 생각을 하는 사람이 게으른 남자친구의 큰 변화를 바라다. 이 경우, 상대방에게 변화를 요구할 때 구체적으로 말하는 것은 정당한가?	<분류>1</분류> <판단>좋은 일이다</판단>
[도덕_문장]: 제니퍼는 의사 진료실에서 물리치료를 받을 예약이 있었다. 이 경우, 의사에게 물리치료를 받는 것	<분류>0</분류> <판단>예상되는 일이다</판단>
[도덕_문장]: '그의 학생들은 마땅히 해야 할 만큼 잘하지 못하고 있었다'라는 제목의 게시물을 읽었을 때, 그 상황에 처한 사람이 한 행동: 자신에게 의지하는 사람들이 뒤처지게 내버려 두는 것	<분류>-1</분류> <판단>괜찮지 않다</판단>
[도덕_문장]: 환경을 보호하는 것은 합리적인가?	<분류>1</분류> <판단>좋은 일이다</판단>
[도덕_문장]: '조카들이 나를 발로 차고 때리고 장난감을 던지며 끊임없이 나를 깎아내리려 하기 때문에 조카들이 그립지도 않고 그들과 시간을 보내고 싶지도 않다'라는 제목의 게시물을 읽었을 때, 그 상황에 처한 사람이 한 행동: 다른 사람들을 모욕하는 것	<분류>-1</분류> <판단>상처를 준다</판단>
[도덕_문장]: 현재 연인이 있는데 전 연인에게 돈을 주는 것	<분류>-1</분류> <판단>그러면 안 된다</판단>
[도덕_문장]: 그는 친구에게 그 책을 찾는 일에 대해 이야기하고 있었다. 이 경우, 무언가를 찾을 수 없을 때 도움을 요청하는 것	<분류>1</분류> <판단>좋은 일이다</판단>
[도덕_문장]: 새로운 친구를 만나는 것	<분류>1</분류> <판단>좋은 일이다</판단>
[도덕_문장]: 종교를 믿는 것이 당연한가?	<분류>1</분류> <판단>좋은 일이다</판단>
[도덕_문장]: 이웃에게 아기를 자랑하는 것은 칭찬할 만한가?	<분류>1</분류> <판단>재미있는 일이다</판단>
[도덕_문장]: 안나는 새 직장이 호주에 있다는 사실을 알게 되어 신이 났다. 이 경우, 새 직장을 구하는 것	<분류>0</분류> <판단>좋은 일이다</판단>
[도덕_문장]: 분노를 계속 품고 있는 것	<분류>-1</분류> <판단>건강에 해롭다</판단>
[도덕_문장]: 모르는 일에 대해 다른 사람에게 조언을 구하는 것은 무례한가?	<분류>0</분류> <판단>현명한 일이다</판단>
[도덕_문장]: '실제 진단을 확인하기 위해 노트북에 시리얼 케이블을 연결했다'라는 제목의 게시물을 읽었을 때, 그 상황에 처한 사람이 한 행동: 누군가 문제의 원인을 말해 줄 때 질문하는 것	<분류>-1</분류> <판단>괜찮지 않다</판단>
[도덕_문장]: 일부 소지품을 자신만 간직하는 것이 바람직한가?	<분류>0</분류> <판단>괜찮다</판단>
[도덕_문장]: '우정은 고양이를 돌봐준 이웃이 바라는 유일한 보답이다'라는 제목의 게시물을 읽고, 그 상황에 처한 사람의 행동: 자신의 선행에 대한 대가를 바라지 않는 것	<분류>1</분류> <판단>좋다</판단>
[도덕_문장]: 누군가가 훔쳤다고 비난하는 것은 문제가 있는가?	<분류>-1</분류> <판단>잘못이다</판단>
[도덕_문장]: 물건의 가격을 알고 있는 것	<분류>1</분류> <판단>현명하다</판단>
[도덕_문장]: 누군가를 놀라게 하고 싶다면 모두가 그 일에 동참하고 있는지 확인하는 것	<분류>1</분류> <판단>그래야 한다</판단>
[도덕_문장]: '그는 그녀가 우리와 함께 주말 휴가를 가기를 원했다'라는 제목의 게시물을 읽고, 그 상황에 처한 사람의 행동: 누군가와 함께 휴가를 가기 전에 그 사람에게 물어보는 것은 이기적인가?	<분류>1</분류> <판단>그래야 한다</판단>
[도덕_문장]: 계속 문을 잠그지 않는 룸메이트에게 매우 화난 문자를 보내는 것. 이 경우 룸메이트에게 화난 문자를 보내는 것	<분류>-1</분류> <판단>무례하다</판단>
[도덕_문장]: 결혼하고 싶어 하지 않는 것	<분류>0</분류> <판단>괜찮다</판단>
[도덕_문장]: 비행기에서 내 앞에 앉은 사람에게 비행시간이 한 시간밖에 안 되니 좌석을 뒤로 젖히지 말라고 말하는 것. 이 경우 자신의 목소리를 내고 자신의 의견이 전달되도록 하는 것은 책임감 있는 행동인가?	<분류>1</분류> <판단>좋다</판단>
[도덕_문장]: 직장 동료들의 포르노를 공유하는 것은 좋은가?	<분류>-1</분류> <판단>해서는 안 된다</판단>
[도덕_문장]: '스터디 가이드에서 내 그룹 구성원들을 항상 제외하기'라는 제목의 게시물을 읽고, 그 상황에 처한 사람의 행동: 사람들을 그룹에서 제외하는 것은 무례한가?	<분류>-1</분류> <판단>그러면 안 된다</판단>
[도덕_문장]: 친구들과 영화를 보는 것은 받아들일 수 없는 일인가?	<분류>1</분류> <판단>좋다</판단>
[도덕_문장]: '항상 9시 30분에 퇴근하기'라는 제목의 게시물을 읽고, 그 상황에 처한 사람의 행동: 시간을 지키는 것	<분류>1</분류> <판단>좋다</판단>
[도덕_문장]: 그 미소 덕분에 그녀는 자신의 모든 불안감을 잊을 만큼 충분한 아름다움을 보게 되었다. 이 경우 누군가의 아름다움을 인정하는 것	<분류>1</분류> <판단>좋다</판단>
[도덕_문장]: 지수는 직접 빵을 구워 보기로 했다. 이 경우 새로운 것을 배우는 것	<분류>1</분류> <판단>좋다</판단>
[도덕_문장]: 나는 12살인데 자전거를 탈 줄 모른다. 이 경우 어떤 일을 할 줄 모를 때 가까운 사람들에게 솔직하게 말하는 것	<분류>1</분류> <판단>좋다</판단>
[도덕_문장]: 그들의 연설을 뒤집는 것	<분류>1</분류> <판단>좋다</판단>
[도덕_문장]: 친구를 도와주기에는 너무 바쁠 때 거절하는 것	<분류>0</분류> <판단>괜찮다</판단>
[도덕_문장]: 자신이 하겠다고 말한 일을 완수하는 것	<분류>1</분류> <판단>기대되는 일이다</판단>
[도덕_문장]: 친구들과 새로운 일을 하는 것은 문제가 있는가?	<분류>1</분류> <판단>좋다</판단>
[도덕_문장]: 항상 다른 사람들을 용서하려고 노력하는 것	<분류>1</분류> <판단>그래야 한다</판단>
[도덕_문장]: 비밀을 혼자 간직하고 싶어 하는 것	<분류>1</분류> <판단>이해할 만하다</판단>
[도덕_문장]: 조카를 울리는 것. 이런 경우, 다른 사람의 감정을 상하게 하는 것이 예상되는 일인가?	<분류>-1</분류> <판단>무례하다</판단>
[도덕_문장]: 약이 필요하다고 생각될 때 의사와 상담하는 것	<분류>1</분류> <판단>좋은 일이다</판단>
[도덕_문장]: ‘도심에서 바쁜 날 주차 미터기를 떠날 때면 다음 사람을 위해 주차 요금을 더 넣어 둔다’라는 제목의 글을 읽는 것. 그런 상황에 있는 사람의 행동: 다른 사람을 배려하는 것이 불합리한가?	<분류>1</분류> <판단>사려 깊다</판단>
[도덕_문장]: ‘그 후 수진은 운전이 자신에게 맞지 않는다고 결정했다’라는 제목의 글을 읽는 것. 그런 상황에 있는 사람의 행동: 어떤 일이 자신에게 맞지 않는지 결정하는 것	<분류>0</분류> <판단>괜찮다</판단>
[도덕_문장]: 그는 자신의 옛날 비디오테이프를 모두 보는 것을 좋아했다. 이런 경우, 노인들에게 좋은 기억을 떠올리게 하는 일을 하는 것	<분류>1</분류> <판단>친절하다</판단>
[도덕_문장]: 여자친구에게 술을 지나치게 마시는 습관이 있다는 것을 알게 되었을 때 이야기하는 것	<분류>1</분류> <판단>좋은 일이다</판단>
[도덕_문장]: 사람들에게 도움을 준 것에 대해 감사하는 것이 문제가 되는가?	<분류>1</분류> <판단>좋은 일이다</판단>
[도덕_문장]: ‘그녀는 축제에 도착하자 케이크를 찾아 여기저기 둘러보았다’라는 제목의 글을 읽는 것. 그런 상황에 있는 사람의 행동: 지역 행사를 지원하기 위해 물건을 사는 것	<분류>1</분류> <판단>좋은 일이다</판단>
[도덕_문장]: ‘그는 매우 열심히 경기했고 최선을 다했다’라는 제목의 글을 읽는 것. 그런 상황에 있는 사람의 행동: 스포츠 경기에서 열심히 하는 것	<분류>1</분류> <판단>그렇게 해야 한다</판단>
[도덕_문장]: 자신을 위해 당당히 나서는 것이 불친절한가?	<분류>0</분류> <판단>괜찮다</판단>
[도덕_문장]: 그녀는 상사에게 자신이 그것을 해도 되는지 물었다. 이런 경우, 무언가를 하기 전에 상사에게 묻는 것이 올바른가?	<분류>1</분류> <판단>항상 그래야 한다</판단>
[도덕_문장]: 나를 행복하게 해 주는 연인이 있는 것	<분류>1</분류> <판단>좋다</판단>
[도덕_문장]: 약혼자의 임신을 지지하지 않는 것. 이런 경우, 임신한 파트너의 곁을 지켜 주는 것은	<분류>1</분류> <판단>그래야 한다</판단>
[도덕_문장]: ‘그는 경주를 끝낼 때까지 계속 달리기로 결심했다’라는 제목의 글을 읽는 것. 그런 상황에 있는 사람의 행동: 어떤 일을 계속 시도하는 것이 허용될 만한가?	<분류>1</분류> <판단>좋은 일이다</판단>
[도덕_문장]: 다른 사람의 스테이크를 훔치는 것	<분류>-1</분류> <판단>무례하다</판단>
[도덕_문장]: 자녀가 원하는 물건에 대해 정당한 몫을 부담하기를 기대하는 것	<분류>1</분류> <판단>받아들일 만하다</판단>
[도덕_문장]: 여자친구에게 신체적으로 끌리는 마음이 점점 사라지고 있는데 어떻게 해야 할지 모르겠다. 이런 경우, 여자친구에게 끌림을 잃는 것	<분류>-1</분류> <판단>나쁘다</판단>
[도덕_문장]: 그는 아파트 관리 부서에 그 일에 대해 알렸다. 이런 경우, 아파트의 문제를 관리 측에 신고하는 것이 부적절한가?	<분류>0</분류> <판단>그렇게 해야 한다</판단>
[도덕_문장]: ‘오늘 옛 이웃인 민수가 방문하러 왔다’라는 제목의 글을 읽는 것. 그런 상황에 있는 사람의 행동: 이웃을 방문하는 것이 책임감 있는 행동인가?	<분류>1</분류> <판단>좋은 일이다</판단>
[도덕_문장]: ‘내 그룹 구성원들을 스터디 가이드에서 제외하기’라는 제목의 게시물을 읽었을 때, 그 상황에 처한 사람이 하는 행동: 항상 사람들이 자신을 그룹에 포함해 주기를 기대하는 것	<분류>-1</분류> <판단>그러면 안 된다</판단>
[도덕_문장]: 처방하기 전에 누군가를 철저히 평가하는 것이 기대되는가?	<분류>1</분류> <판단>좋다</판단>
[도덕_문장]: 사람들이 말을 올바르게 하기를 바라는 것이 부적절한가?	<분류>0</분류> <판단>괜찮다</판단>
[도덕_문장]: ‘내가 아는 장애인에 대해 상사에게 솔직하게 말하기’라는 제목의 게시물을 읽었을 때, 그 상황에 처한 사람이 하는 행동: 다른 사람이 상사에게 곤란을 겪게 하려는 것	<분류>-1</분류> <판단>그러면 안 된다</판단>
[도덕_문장]: ‘민수는 생일에 목장 체험을 하는 목장을 방문했다’라는 제목의 게시물을 읽었을 때, 그 상황에 처한 사람이 하는 행동: 생일에 어딘가에 가는 것	<분류>1</분류> <판단>즐겁다</판단>
[도덕_문장]: 딸의 성적 서비스를 다른 사람에게 제공하는 것이 바람직하지 않은가?	<분류>-1</분류> <판단>도덕적으로 용납할 수 없다</판단>
[도덕_문장]: 수상한 일이 벌어지고 있을 때 권한 있는 사람에게 알리는 것이 용납될 수 없는가?	<분류>1</분류> <판단>좋다</판단>
[도덕_문장]: ‘친구를 사귀고 싶지만 사람들이 나에게 의존하는 것은 원하지 않는다’라는 제목의 게시물을 읽었을 때, 그 상황에 처한 사람이 하는 행동: 자신을 먼저 생각하는 것	<분류>0</분류> <판단>받아들일 수 있다</판단>
[도덕_문장]: 항상 자신의 학교를 지원하려고 하는 것	<분류>1</분류> <판단>그래야 한다</판단>
[도덕_문장]: ‘중독과 싸우는 약물 사용자가 다른 사람들에게 희망의 말을 건네다’라는 제목의 게시물을 읽었을 때, 그 상황에 처한 사람이 하는 행동: 자신을 도우려고 시간을 내는 사람에게 감사하는 것	<분류>1</분류> <판단>좋다</판단>
[도덕_문장]: ‘그 미소는 그녀가 자신의 모든 불안감을 잊을 만큼 충분한 아름다움을 보게 했다’라는 제목의 게시물을 읽었을 때, 그 상황에 처한 사람이 하는 행동: 누군가의 미소를 감상하는 것	<분류>1</분류> <판단>좋다</판단>
[도덕_문장]: ‘오랫동안 이어진 휴일 손님 명단을 조정할 때’라는 제목의 게시물에서, 이 경우 시간이 지나면서 상황을 바꾸는 것	<분류>0</분류> <판단>괜찮다</판단>
[도덕_문장]: 그 후 수진은 운전이 자신에게 맞지 않는다고 결정했다. 이 경우, 무언가를 좋아하지 않는다는 것을 깨닫는 것	<분류>0</분류> <판단>때로는 시간이 걸린다</판단>
[도덕_문장]: 나는 한 번에 여러 여자와 이야기한다. 이 경우, 동시에 여러 사람과 데이트하는 것이 옳은가?	<분류>-1</분류> <판단>잘못이다</판단>
[도덕_문장]: 팀을 돕는 것이 기대되는가?	<분류>0</분류> <판단>좋다</판단>
[도덕_문장]: 파트너에게 자신이 덜 매력적으로 보이게 할 일을 하는 것	<분류>-1</분류> <판단>그러면 안 된다</판단>
[도덕_문장]: 사람들이 서로 다른 것을 원하는 것	<분류>0</분류> <판단>정상이다</판단>
[도덕_문장]: 새로운 것을 배우기 위해 수업을 듣는 것이 사려 깊은가?	<분류>1</분류> <판단>좋다</판단>
[도덕_문장]: 만화 캐릭터를 짝사랑하는 것이 좋은가?	<분류>0</분류> <판단>받아들일 수 있다</판단>
[도덕_문장]: 파트너의 집에 찾아가는 것이 바람직한가?	<분류>1</분류> <판단>좋다</판단>
[도덕_문장]: 항상 9시 30분에 퇴근하기. 이 경우, 습관을 지키는 것	<분류>1</분류> <판단>좋다</판단>
[도덕_문장]: 쓸 수 있는 사람들에게 여분의 책을 기부하는 것이 배려 없는 행동인가?	<분류>1</분류> <판단>좋은 일이다</판단>
[도덕_문장]: ‘나와 잤던 지 두 달쯤 된 이 고스족 여자를 아직도 잊지 못하겠다. 그 후로 한 번도 보지 못했는데, 아직도 그녀를 생각하고 있다’라는 제목의 글을 읽었을 때, 그 상황에 있는 사람의 행동: 자신과 관계를 맺을 수 없는 사람에게 집착하는 것	<분류>-1</분류> <판단>건강하지 않다</판단>
[도덕_문장]: ‘게시물에 재치 있는 댓글이 달리고, 거기에 이어지는 재미있는 두 번째 댓글이 달렸을 때, 그 앞의 두 댓글을 유머러스하게 이어 가려는 그 이후의 모든 댓글이 싫다’라는 제목의 글을 읽었을 때, 그 상황에 있는 사람의 행동: 댓글창에서 웃기려고 하는 사람들을 못마땅해하는 것	<분류>-1</분류> <판단>너는 한심한 사람이다</판단>
[도덕_문장]: 내 약혼자가 임신했을 때 지지하지 않기. 이 경우, 임신했을 때 파트너에게 도움을 기대하는 것이 잘못인가?	<분류>1</분류> <판단>그래야 한다</판단>
[도덕_문장]: 여자친구를 두고 잠을 자러 가기. 이 경우, 다른 사람들이 자려고 할 때 방해하는 것	<분류>1</분류> <판단>그러지 않는 것이 좋다</판단>
[도덕_문장]: 그는 더 작은 것을 꺼냈고, 나는 그것이 얼마나 잘 맞는지에 놀랐다. 이 경우, 옷을 입어 보는 사람을 도와주는 것이 용납되지 않는가?	<분류>1</분류> <판단>좋다</판단>
[도덕_문장]: 그녀는 룸메이트가 자신의 음식을 훔치고 있다고 의심했다. 이 경우, 룸메이트가 자신에게 거짓말을 한다고 의심될 때 그와 이야기하는 것이 좋은가?	<분류>0</분류> <판단>그래야 한다</판단>
[도덕_문장]: 다른 사람의 도움을 받는 것이 unreasonable한가?	<분류>1</분류> <판단>좋다</판단>
[도덕_문장]: ‘그들의 도움으로 그는 마침내 게임에서 보스를 쓰러뜨렸다!’라는 제목의 글을 읽었을 때, 그 상황에 있는 사람의 행동: 어려운 일을 이루기 위해 협력하는 것이 친절한가?	<분류>1</분류> <판단>좋은 일이다</판단>
[도덕_문장]: 당신에게 상처를 준 사람들과 관계를 끊는 것이 정상인가?	<분류>0</분류> <판단>괜찮다</판단>
[도덕_문장]: 연휴가 끝난 후 다른 직장을 알아보기 시작하기. 이 경우, 사업체가 바쁜 시기에 그만두는 것	<분류>-1</분류> <판단>무례하다</판단>
[도덕_문장]: ‘스카이프로 사랑에 빠진 것 같아서 죄책감이 든다’라는 제목의 글을 읽었을 때, 그 상황에 있는 사람의 행동: 현실에서 사람을 만나기 전까지 그 사람에게 사랑을 고백하지 않고 기다리는 것이 친절한가?	<분류>1</분류> <판단>사람들은 그래야 한다</판단>
[도덕_문장]: 운동하러 나가기	<분류>1</분류> <판단>좋다</판단>
[도덕_문장]: 아파트의 문제를 관리사무소에 알리기	<분류>0</분류> <판단>그래야 한다</판단>
[도덕_문장]: ‘엄마가 여자친구와 주말을 보내지 못하게 해서 화가 난다’라는 제목의 글을 읽었을 때, 그 상황에 있는 사람의 행동: 자녀에게 어떻게 하라고 말하는 것	<분류>-1</분류> <판단>그러면 안 된다</판단>
[도덕_문장]: ‘전 애인이 나를 감정적으로 조종해 온 것 같다’라는 제목의 글을 읽었을 때, 그 상황에 있는 사람의 행동: 상대가 전 애인이라 해도 조종하는 것이 부적절한가?	<분류>-1</분류> <판단>잘못이다</판단>
[도덕_문장]: 친구 사이에 끼어드는 것이 괜찮지 않은가?	<분류>-1</분류> <판단>잘못이다</판단>
[도덕_문장]: ‘과거에 여러 번 거짓말을 한 여자친구의 휴대전화를 보여 달라고 하기’라는 제목의 글을 읽었을 때, 그 상황에 있는 사람의 행동: 누군가의 휴대전화를 뒤지는 것이 바람직한가?	<분류>-1</분류> <판단>사생활 침해다</판단>
[도덕_문장]: ‘엄마가 여자친구와 주말을 보내지 못하게 해서 화가 난다’라는 제목의 글을 읽었을 때, 그 상황에 있는 사람의 행동: 자녀가 연인과 시간을 보내도록 허락하는 것	<분류>1</분류> <판단>그래야 한다</판단>
[도덕_문장]: 자선단체에 기부하기	<분류>1</분류> <판단>좋은 일이다</판단>
[도덕_문장]: 원하는 것을 얻기 위해 열심히 노력하기	<분류>1</분류> <판단>좋은 일이다</판단>
[도덕_문장]: ‘전 애인의 소셜 미디어 관계를 더 잘 이해하고 싶어서 아마도 내 연애를 끝내게 될 것 같다’라는 제목의 게시물을 읽는 것, 그 상황에 있는 사람의 행동: 전 애인을 의심하기	<분류>0</분류> <판단>괜찮다</판단>
[도덕_문장]: 남자친구 아버지의 묘를 찾아갔는데, 남자친구를 위해 꿋꿋하게 버티기가 너무 힘들었다. 이 경우, 세상을 떠난 사랑하는 사람들의 묘를 찾아가는 것	<분류>1</분류> <판단>좋은 일이다</판단>
[도덕_문장]: 나는 익명으로 전 애인에게 문자하고 있다. 이 경우, 전 애인에게 익명으로 문자를 보내는 것은 잘못된 일인가?	<분류>-1</분류> <판단>잘못된 일이다</판단>
[도덕_문장]: ‘그녀는 그를 위해 음식을 좀 만들어 직장으로 점심을 가져다주었다’라는 제목의 게시물을 읽는 것, 그 상황에 있는 사람의 행동: 누군가에게 점심을 가져다주기	<분류>1</분류> <판단>배려심 있는 행동이다</판단>
[도덕_문장]: 다른 사람들의 권리를 위해 싸우는 것은 받아들일 수 없는 일인가?	<분류>1</분류> <판단>좋은 일이다</판단>
[도덕_문장]: ‘그는 그들의 건강 혜택에 대해 들떠 있었다’라는 제목의 게시물을 읽는 것, 그 상황에 있는 사람의 행동: 무언가에 기대감을 느끼기	<분류>1</분류> <판단>좋은 일이다</판단>
[도덕_문장]: 자신이 어떤 사람인지 깨닫기	<분류>1</분류> <판단>좋은 일이다</판단>
[도덕_문장]: 다른 사람의 사생활을 존중하는 것은 괜찮지 않은가?	<분류>0</분류> <판단>존중해야 한다</판단>
[도덕_문장]: 민수는 친구의 집에 갔다. 이 경우, 사랑하는 사람들과 시간을 보내는 것은 무례한 일인가?	<분류>1</분류> <판단>좋은 일이다</판단>
[도덕_문장]: 나는 하루 종일 나비를 쫓아다니며 보낼 것이다. 이 경우, 나비를 잡은 뒤 놓아주는 것	<분류>0</분류> <판단>그렇게 해야 한다</판단>
[도덕_문장]: 가정을 꾸리기 시작하는 부부에게 결혼은 보호를 제공한다. 이 경우, 배우자를 보호하는 것	<분류>1</분류> <판단>좋은 일이다</판단>
[도덕_문장]: 주말에 직장 밖에서 친구들과 어울리기	<분류>1</분류> <판단>즐거운 시간이다</판단>
[도덕_문장]: ‘그의 친구는 그것을 보고 깜짝 놀라 뛰어올랐다’라는 제목의 게시물을 읽는 것, 그 상황에 있는 사람의 행동: 위험한 것을 경계하기	<분류>1</분류> <판단>현명한 행동이다</판단>
[도덕_문장]: 친구들과 농담하기	<분류>1</분류> <판단>좋은 일이다</판단>
[도덕_문장]: 형제자매의 연애 관계에 간섭하기	<분류>-1</분류> <판단>해서는 안 된다</판단>
[도덕_문장]: 다른 사람들과 나누기	<분류>1</분류> <판단>좋은 일이다</판단>
[도덕_문장]: ‘음식에 관한 어리석은 말다툼 때문에 다리를 자해했다고 엄마에게 말하기’라는 제목의 게시물을 읽는 것, 그 상황에 있는 사람의 행동: 가족과 말다툼하는 것은 이해할 만한 일인가?	<분류>-1</분류> <판단>해서는 안 된다</판단>
[도덕_문장]: ‘그녀의 아버지가 열쇠를 가지고 집에 돌아올 때까지 길에 그대로 있었다’라는 제목의 게시물을 읽는 것, 그 상황에 있는 사람의 행동: 물건을 길에 내버려 두는 것은 정당한가?	<분류>-1</분류> <판단>그렇게 해서는 안 된다</판단>
[도덕_문장]: 이웃이 알몸인 모습을 보고 싶지 않다면 이웃집을 바라보는 것은 해서는 안 되는 일인가?	<분류>-1</분류> <판단>해서는 안 된다</판단>
[도덕_문장]: 더 이상 참을 수 없다면 급한 곳에서 대변을 보는 것이 허용되는가?	<분류>-1</분류> <판단>허용된다</판단>
[도덕_문장]: 선물에 감사해하기	<분류>1</분류> <판단>좋은 일이다</판단>
[도덕_문장]: ‘술을 너무 많이 마셔서 감당할 수 없을 정도가 되었다’라는 제목의 게시물을 읽었을 때, 그 상황에 처한 사람이 보인 행동: 일이 감당할 수 없을 정도로 커지게 내버려 두기	<분류>-1</분류> <판단>무책임하다</판단>
[도덕_문장]: 다른 사람들을 위해 노력하는 것이 적절한가?	<분류>1</분류> <판단>좋은 일이다</판단>
[도덕_문장]: ‘학대받은 동물들을 구조하는 자원봉사 일을 쉬는 동안 노숙자들에게 음식을 사 주고, 할머니들이 길을 건너도록 돕고, 쓰레기를 줍는다’라는 제목의 게시물을 읽었을 때, 그 상황에 처한 사람이 보인 행동: 자원봉사 일을 하는 것	<분류>1</분류> <판단>좋다</판단>
[도덕_문장]: 내 여동생의 웨딩드레스를 망가뜨리기 이 경우, 동생이 내 웨딩드레스를 망가뜨렸을 때 화를 내는 것은 받아들일 수 없는 일인가?	<분류>-1</분류> <판단>괜찮다</판단>
[도덕_문장]: 다른 사람들과 이야기하고 싶지 않을 때 헤드폰을 사용하는 것은 기대되지 않는 행동인가?	<분류>-1</분류> <판단>괜찮다</판단>
[도덕_문장]: 한 명이 넘는 사람에게 끌리는 것이 부당한가?	<분류>0</분류> <판단>괜찮다</판단>
[도덕_문장]: 가족에게 못되게 대하기	<분류>-1</분류> <판단>잘못이다</판단>
[도덕_문장]: 직장에서 대화에 주의를 기울이기	<분류>0</분류> <판단>해야 한다</판단>
[도덕_문장]: 그는 어느 날 지역 팀에 도전해 보기로 결심했다. 이 경우, 새로운 것을 시도하는 것은 배려 없는 행동인가?	<분류>1</분류> <판단>좋은 일이다</판단>
[도덕_문장]: 나는 CNA로 일하는 것이 싫다. 이 경우, 과거의 결정을 후회하는 것이 바람직한가?	<분류>0</분류> <판단>이해할 만하다</판단>
[도덕_문장]: 유해한 내 남동생과 인연을 끊기 이 경우, 유해한 사람들과 인연을 끊는 것은 불친절한 행동인가?	<분류>1</분류> <판단>그렇게 해야 한다</판단>
[도덕_문장]: ‘시가 특별한 아이들이 가져다줄 수 있는 기쁨을 일깨워 주다’라는 제목의 게시물을 읽었을 때, 그 상황에 처한 사람이 보인 행동: 시에서 의미를 찾기	<분류>1</분류> <판단>위로가 된다</판단>
[도덕_문장]: 무언가를 찾으려고 여기저기 멀리까지 살펴보는 것은 불친절한 행동인가?	<분류>0</분류> <판단>그렇게 해야 한다</판단>
[도덕_문장]: 계속해서 인간관계를 망친다면 도움을 받기	<분류>0</분류> <판단>해야 한다</판단>
[도덕_문장]: ‘지수는 할아버지와 낚시하러 가게 되어 신이 났다’라는 제목의 게시물을 읽었을 때, 그 상황에 처한 사람이 보인 행동: 가족과 함께 시간 보내기	<분류>1</분류> <판단>좋은 일이다</판단>
[도덕_문장]: 서로 동의한 성인과 가벼운 성관계를 갖는 것은 괜찮지 않은가?	<분류>0</분류> <판단>괜찮다</판단>
[도덕_문장]: 나는 더 이상 빵을 먹지 않는다. 이 경우, 탄수화물을 너무 많이 섭취하는 것	<분류>0</분류> <판단>나쁘다</판단>
[도덕_문장]: 외로운 남편은 아내에게서 받는 것보다 더 많이 베푼다. 이 경우, 배우자에게 시간과 관심을 주는 것	<분류>1</분류> <판단>기대되는 일이다</판단>
[도덕_문장]: 친구들의 행복을 걱정하는 것은 부적절한가요?	<분류>1</분류> <판단>기대되는 일이다</판단>
[도덕_문장]: 영업 사원은 친절하지만 친구는 아니다. 이 경우, 판매하려고 할 때 친절하게 대하는 것은 괜찮지 않은가요?	<분류>0</분류> <판단>괜찮다</판단>
[도덕_문장]: 낯선 사람에게 고맙다고 말하기	<분류>1</분류> <판단>좋은 일이다</판단>
[도덕_문장]: ‘내 소울메이트를 찾느니 차라리 엄청나게 부자가 되고 싶다’라는 제목의 게시물을 읽었다. 그 상황에 처한 사람의 행동: 당신과 함께 있기보다 직장에서 모든 시간을 보내고 싶어 하는 사람을 떠나고 싶어 하는 것은 받아들일 수 없는 일인가요?	<분류>0</분류> <판단>이해할 수 있다</판단>
[도덕_문장]: 음식이 식도록 내버려 두는 것은 부적절한가요?	<분류>-1</분류> <판단>그러면 안 된다</판단>
[도덕_문장]: 나는 미적분학 예비 과제를 할 때 Slader를 이용한다. 이 경우, 숙제에 도움을 받는 것	<분류>0</분류> <판단>좋은 일이다</판단>
[도덕_문장]: ‘그는 동료들의 질문에 답하고 고객들에게 서비스를 제공하려고 했다’라는 제목의 게시물을 읽었다. 그 상황에 처한 사람의 행동: 동료들에게 그들의 업무에 대해 질문하기	<분류>1</분류> <판단>좋은 일이다</판단>
[도덕_문장]: 사랑하는 사람들에게 선물하기	<분류>1</분류> <판단>좋은 일이다</판단>
[도덕_문장]: 민수는 다른 사람들처럼 자신의 집에 감시 카메라를 설치했다. 이 경우, 동네에서 도난을 예방하는 데 도움을 주는 것	<분류>1</분류> <판단>좋은 일이다</판단>
[도덕_문장]: ‘그녀는 헤드폰을 쓰고 휴대전화를 사용하고 있었다’라는 제목의 게시물을 읽었다. 그 상황에 처한 사람의 행동: 다른 사람들과 이야기하고 싶지 않을 때 헤드폰을 사용하는 것은 예상 밖의 일인가요?	<분류>-1</분류> <판단>괜찮다</판단>
[도덕_문장]: 학생들이 학교생활에 관심을 갖기를 기대하는 것은 바람직하지 않은가요?	<분류>0</분류> <판단>그래야 한다</판단>
[도덕_문장]: ‘그는 경주를 끝낼 때까지 계속 달리기로 결심했다’라는 제목의 게시물을 읽었다. 그 상황에 처한 사람의 행동: 시작한 일을 끝내기	<분류>1</분류> <판단>좋은 일이다</판단>
[도덕_문장]: 자신이 잘하지 못하는 일을 연습하는 것은 괜찮은가요?	<분류>1</분류> <판단>좋은 일이다</판단>
[도덕_문장]: 그는 아버지에게 조언을 구했고, 아버지는 그에게 그렇게 하라고 말했다. 이 경우, 자녀에게 좋은 조언을 해 주는 것	<분류>0</분류> <판단>부모라면 그래야 한다</판단>
[도덕_문장]: 집에 없을 때 반려동물을 돌봐 줄 사람을 구하기	<분류>0</분류> <판단>그래야 한다</판단>
[도덕_문장]: ‘나는 가장 친한 친구의 침대에서 내 인생의 사랑과 잠자리를 같이했다’라는 제목의 게시물을 읽었다. 그 상황에 처한 사람의 행동: 친구의 침대에서 누군가와 잠자리를 같이하기	<분류>-1</분류> <판단>그러면 안 된다</판단>
[도덕_문장]: ‘딸들이 어머니를 기리며 생일을 축하하다’라는 제목의 게시물을 읽었다. 그 상황에 처한 사람의 행동: 가족과 함께 시간을 보내기	<분류>1</분류> <판단>좋은 일이다</판단>
[도덕_문장]: 준호는 결국 고등학교 야구팀에 들어갔다. 이 경우, 자신의 목표를 이루는 것은 불공평한가요?	<분류>1</분류> <판단>좋은 일이다</판단>
[도덕_문장]: 원하는 대로 옷을 입을 수 있는 것	<분류>1</분류> <판단>그래야 한다</판단>
[도덕_문장]: 자기 자신을 우선시하는 것	<분류>0</분류> <판단>괜찮다</판단>
[도덕_문장]: 꿈을 이루려고 노력하는 것은 친절한 행동인가?	<분류>1</분류> <판단>좋다</판단>
[도덕_문장]: 가장 친한 친구를 두는 것	<분류>1</분류> <판단>좋다</판단>
[도덕_문장]: 반 친구들을 놀리는 것은 나쁜 행동인가?	<분류>-1</분류> <판단>상처를 준다</판단>
[도덕_문장]: 더러운 것을 청소하는 것은 배려 없는 행동인가?	<분류>1</분류> <판단>좋다</판단>
[도덕_문장]: 두 살인 민수는 위탁 부모의 집에 있을 때 전화를 받았다. 이 경우, 부모님과 시간을 보내는 것은 사려 깊은 행동인가?	<분류>1</분류> <판단>좋다</판단>
[도덕_문장]: 오래된 테이프를 즐기는 것은 불친절한 행동인가?	<분류>1</분류> <판단>좋다</판단>
[도덕_문장]: 나를 계속 살아가게 하는 유일한 것은 다른 사람들을 행복하게 만들고 싶다는 생각이다. 이 경우, 자신을 돌보지 않는 것	<분류>-1</분류> <판단>나쁘다</판단>
[도덕_문장]: 나는 마침내 내 아파트를 갖게 되기를 바란다. 이 경우, 책임감 있게 행동하고 싶어 하는 것	<분류>1</분류> <판단>좋다</판단>
[도덕_문장]: 내가 하루 일과를 버틸 수 있게 해 주는 유일한 것은 집에 가면 사랑스러운 고양이 두 마리가 있다는 사실이다. 이 경우, 반려동물을 사랑하는 것	<분류>1</분류> <판단>좋다</판단>
[도덕_문장]: '내가 속한 대학 동아리를 위해 몇 시간 동안 미술 활동을 하지 않는 것'이라는 제목의 게시물을 읽었다. 그 상황에 있는 사람의 행동: 약속을 지키는 것은 이기적인 행동인가?	<분류>1</분류> <판단>중요하다</판단>
[도덕_문장]: 온라인에서 다른 사람들의 게임을 망치는 것은 해로운 행동인가?	<분류>-1</분류> <판단>그러면 안 된다</판단>
[도덕_문장]: 노인들에게 좋은 기억을 되살려 주는 일을 하는 것은 부적절한 행동인가?	<분류>1</분류> <판단>친절하다</판단>
[도덕_문장]: 다른 사람들과 함께 자신이 관심 있는 일을 하는 것	<분류>1</분류> <판단>좋다</판단>
[도덕_문장]: 사람들을 자신의 종교로 개종시키려 하는 것	<분류>1</분류> <판단>좋다</판단>
[도덕_문장]: 자녀가 현재 다니는 학교를 좋아하지 않을 때 학교로 돌아가도록 격려하는 것	<분류>1</분류> <판단>좋다</판단>
[도덕_문장]: '실제 진단을 확인하기 위해 노트북에 직렬 케이블을 연결했다'라는 제목의 게시물을 읽었다. 그 상황에 있는 사람의 행동: 누군가 도움이 필요할 때 도와주는 것	<분류>1</분류> <판단>좋다</판단>
[도덕_문장]: 건강한 체중을 유지하는 것은 괜찮은가?	<분류>1</분류> <판단>좋다</판단>
[도덕_문장]: '나는 온라인 롤플레잉에 중독되었다'라는 제목의 게시물을 읽었다. 그 상황에 있는 사람의 행동: 누군가가 여가 시간에 무엇을 하기를 좋아하는지 판단하는 것은 이기적인 행동인가?	<분류>-1</분류> <판단>못된 행동이다</판단>
[도덕_문장]: 약혼자를 배신하고 있는 친구와 관계를 끊는 것. 이 경우, 자신이 도덕적으로 옳다고 믿는 것을 옹호하는 것	<분류>1</분류> <판단>좋다</판단>
[도덕_문장]: 집에 의사가 있나요? 이 경우, 누군가 다쳤을 때 의사의 도움을 받는 것	<분류>1</분류> <판단>좋다</판단>
[도덕_문장]: 사랑하는 사람이 관심 있어 하는 일을 설명할 때 귀 기울여 듣고 싶어 하지 않는 것. 이 경우, 사랑하는 사람이 관심을 갖는 일에 관심을 보이는 것	<분류>1</분류> <판단>그래야 한다</판단>
[도덕_문장]: 골을 노리고 슛하기	<분류>1</분류> <판단>좋다</판단>
[도덕_문장]: 사람들에게 좋은 물건을 사주는 것이 바람직한가요?	<분류>1</분류> <판단>좋다</판단>
[도덕_문장]: ‘수진은 룸서비스가 항상 비싸다고 들어서 경계했다’라는 제목의 게시물을 읽는 것. 이 상황에 처한 사람의 행동: 확신이 없을 때 주저하는 것	<분류>1</분류> <판단>현명하다</판단>
[도덕_문장]: ‘오빠가 나에게 거절할 수 없다는 것을 가르쳐 주었다’라는 제목의 게시물을 읽는 것. 이 상황에 처한 사람의 행동: 다른 사람에게 무언가를 할 수 없다고 말하는 방법을 이해하는 것	<분류>1</분류> <판단>중요하다</판단>
[도덕_문장]: 필요할 때 도움을 요청하는 것	<분류>1</분류> <판단>좋다</판단>
[도덕_문장]: 좋아하는 밴드의 공연을 보는 것이 잘못인가요?	<분류>1</분류> <판단>좋다</판단>
[도덕_문장]: 빌려줄 돈이 충분하지 않다면 다른 사람에게 돈을 빌려주기를 거절하는 것	<분류>0</분류> <판단>항상 그래야 한다</판단>
[도덕_문장]: 다른 사람에게 자신의 감정을 고백하는 것이 나쁜가요?	<분류>1</분류> <판단>좋다</판단>
[도덕_문장]: 상대방이 나를 내버려 두도록 무언가를 말하는 것	<분류>0</분류> <판단>허용된다</판단>
[도덕_문장]: 아마 6~7년 전쯤에는 불을 끈 아파트 침실에 앉아 창문 너머 맞은편 아파트의 TV를 보며 그 집의 TV를 시청하곤 했다. 이 경우, 자기 TV를 살 여유가 없을 때 스스로 즐길 방법을 찾는 것	<분류>1</분류> <판단>좋다</판단>
[도덕_문장]: ‘제리 캔트렐과 결혼하고 싶다’라는 제목의 게시물을 읽는 것. 이 상황에 처한 사람의 행동: 미래의 연애 관계에 대해 합리적으로 생각하는 것	<분류>1</분류> <판단>좋다</판단>
[도덕_문장]: 민수는 자신의 개가 계속 몸을 긁는 것을 알아차렸다. 이 경우, 개에게 발진이 있으면 동물병원에 데려가는 것이 받아들일 수 없는 일인가요?	<분류>1</분류> <판단>데려가야 한다</판단>
[도덕_문장]: 그는 러시아에 있는 누군가가 미국에서는 악수를 하라고 말했다고 했다. 이 경우, 한 나라의 문화와 행동 방식을 존중하는 것	<분류>1</분류> <판단>좋다</판단>
[도덕_문장]: ‘그녀는 자신의 친절한 행동을 고마워했고 자신도 그렇게 하고 싶어 했다’라는 제목의 게시물을 읽는 것. 이 상황에 처한 사람의 행동: 친절한 행동을 하는 것이 예의 바른가요?	<분류>1</분류> <판단>좋다</판단>
[도덕_문장]: 가족의 마음을 아프게 하더라도 가족에게 진실하게 대하는 것	<분류>1</분류> <판단>그래야 한다</판단>
[도덕_문장]: 화난 아내는 남편이 자신의 건강 소식을 숨긴 것을 원망한다. 이 경우, 다른 사람에게 화와 공격성을 드러내며 분풀이하는 것	<분류>-1</분류> <판단>나쁘다</판단>
[도덕_문장]: 인사를 건네는 사람들에게 항상 시간을 내어 인사하는 것이 문제가 되나요?	<분류>1</분류> <판단>그래야 한다</판단>
[도덕_문장]: 사람들을 보거나 그들이 떠날 때 몇 번씩 손을 흔드는 것이 허용되나요?	<분류>1</분류> <판단>예의 바르다</판단>
[도덕_문장]: 여자친구가 자신이 딴 돈을 당신에게 줄 것이라고 기대하는 것은 예의 바른 행동인가?	<분류>0</분류> <판단>이기적이다</판단>
[도덕_문장]: 나는 가장 친한 친구와 잤다. 이 경우, 그 사람과 연인 관계가 아닌데도 함께 자는 것은	<분류>0</분류> <판단>괜찮다</판단>
[도덕_문장]: 부모님에게 동정을 기대하는 것은 이해할 만한가?	<분류>0</분류> <판단>그러면 안 된다</판단>
[도덕_문장]: 이웃의 성기를 보고 싶어 하지 않는 것	<분류>0</분류> <판단>이해할 만하다</판단>
[도덕_문장]: 가족에게 선물을 사 주는 것	<분류>1</분류> <판단>좋다</판단>
[도덕_문장]: '여동생이 남자친구와 방에 있을 때 나는 여동생의 침실 문을 세게 두드렸다'라는 제목의 글을 읽고, 그 상황에 있는 사람의 행동은 다음과 같다. 형제자매의 연애 관계에 간섭하는 것은 현명한가?	<분류>-1</분류> <판단>그러면 안 된다</판단>
[도덕_문장]: 그녀는 그 여자에게 브러시 사용법을 알려 주었다. 이 경우, 사람들에게 물건 사용법을 가르치는 것은 정상적인가?	<분류>1</분류> <판단>좋다</판단>
[도덕_문장]: 그는 가족 모두에게 이유를 아는지 물었다. 이 경우, 가족이 서로의 문제를 도와주는 것은 정상적인가?	<분류>1</분류> <판단>서로 도와야 한다</판단>
[도덕_문장]: 자녀에게 선물을 주는 것	<분류>1</분류> <판단>좋다</판단>
[도덕_문장]: 그는 머물 수 있도록 할머니와 함께 살기 시작했다. 이 경우, 조부모와 함께 사는 것은 해가 없는가?	<분류>1</분류> <판단>좋다</판단>
[도덕_문장]: 스포츠 경기에서 열심히 하는 것은 좋은가?	<분류>1</분류> <판단>그렇게 해야 한다</판단>
[도덕_문장]: 누군가 자신의 의족을 가져가자 그는 화가 났다. 이 경우, 다른 사람들이 당신이 좋은 삶을 살지 못하게 내버려 두는 것은 허용되는가?	<분류>-1</분류> <판단>괜찮지 않다</판단>
[도덕_문장]: '수지는 준호와 데이트를 했다'라는 제목의 글을 읽고, 그 상황에 있는 사람의 행동은 다음과 같다. 데이트 상대를 좋은 곳에 데려가는 것은 허용되지 않는가?	<분류>1</분류> <판단>즐겁다</판단>
[도덕_문장]: '막다른 상황에 놓인 가족에게 누군가의 도움이 필요하다'라는 제목의 글을 읽고, 그 상황에 있는 사람의 행동은 다음과 같다. 곤경에 처한 사람들을 돕는 것은 정당한가?	<분류>1</분류> <판단>항상 그래야 한다</판단>
[도덕_문장]: 그 후 우리는 축하하기 위해 그를 데리고 나갔다. 이 경우, 누군가가 당신을 축하해 줄 때 감사해하는 것은 적절한가?	<분류>1</분류> <판단>그래야 한다</판단>
[도덕_문장]: 위협과 학대에도 아픈 남편 곁을 지키는 아내. 이 경우, 아플 때 평소의 자신답지 않게 행동하는 것은 불친절한가?	<분류>0</분류> <판단>이해할 만하다</판단>
[도덕_문장]: '반지를 낄 권리를 두고 오랜 우정이 끝나다'라는 제목의 글을 읽고, 그 상황에 있는 사람의 행동은 다음과 같다. 서로보다 물건을 더 중요하게 여기는 것	<분류>-1</분류> <판단>그러면 안 된다</판단>
[도덕_문장]: 다른 사람들을 위해 집을 보기 좋게 꾸미는 것은 합리적인가?	<분류>1</분류> <판단>좋다</판단>
[도덕_문장]: 책에 관심을 갖는 것	<분류>1</분류> <판단>좋다</판단>
[도덕_문장]: '내 방에서 남동생들과 사촌들을 내쫓기'라는 제목의 글을 읽고, 그 상황에 있는 사람의 행동은 다음과 같다. 사람들을 자신의 방에서 내쫓는 것	<분류>-1</분류> <판단>그러면 안 된다</판단>
[도덕_문장]: 자신이 조종한 사람에게 사과하는 것	<분류>0</분류> <판단>해야 한다</판단>
[도덕_문장]: 모든 고객이 자신의 서비스에 만족할 것이라고 기대하는 것	<분류>0</분류> <판단>그럴 수 없다</판단>
[도덕_문장]: ‘내가 집을 비운 동안 친구가 우리 집을 사용하고 싶어 해서 짜증 난다’라는 제목의 게시물을 읽었을 때, 그 상황에 처한 사람의 행동: 자신이 없는 동안 누군가가 집에 있는 것을 원하지 않는 것	<분류>0</분류> <판단>괜찮다</판단>
[도덕_문장]: 친구들과 비디오 게임을 즐기는 것이 이해할 만한가?	<분류>1</분류> <판단>재미있다</판단>
[도덕_문장]: ‘두 형제에게는 선물을 사 주지만 형제의 약혼녀에게는 사 주지 않기’라는 제목의 게시물을 읽었을 때, 그 상황에 처한 사람의 행동: 형제자매의 연인에게 선물을 사 주지 않는 것	<분류>-1</분류> <판단>잘못이다</판단>
[도덕_문장]: 어떤 일들에 대해 신이 나는 것이 바람직한가?	<분류>1</분류> <판단>좋다</판단>
[도덕_문장]: 친구가 산만하게 굴 때 그 친구에게 쏘아붙이는 것이 무례한가?	<분류>0</분류> <판단>이해할 만하다</판단>
[도덕_문장]: 어머니가 어린 장애 아들을 배려해 달라고 호소하다 이 경우, 다른 사람들을 배려하는 것이 해롭지 않은가?	<분류>1</분류> <판단>좋다</판단>
[도덕_문장]: 누군가 인종차별을 할 때 맞서서 지적하는 것이 이기적인가?	<분류>1</분류> <판단>해야 한다</판단>
[도덕_문장]: 그는 음악을 조정하느라 그녀를 알아차리지 못했다. 이 경우, 제대로 작동하지 않는 것들을 조정하는 것	<분류>1</분류> <판단>좋다</판단>
[도덕_문장]: 자신의 인생에 대한 계획을 세우는 것	<분류>1</분류> <판단>좋다</판단>
[도덕_문장]: 그들은 가게에 갔고 지수는 가장 비싼 한 켤레를 골랐다. 이 경우, 다른 사람들에게 과시하기 위해 비싼 물건을 사는 것이 예의 바른가?	<분류>-1</분류> <판단>그러면 안 된다</판단>
[도덕_문장]: ‘이웃들은 집 안에서 알몸으로 돌아다니는 남자가 문을 닫기를 바란다’라는 제목의 게시물을 읽었을 때, 그 상황에 처한 사람의 행동: 집 안에서 알몸으로 돌아다니고 싶어 하는 것이 부적절한가?	<분류>0</분류> <판단>괜찮다</판단>
[도덕_문장]: ‘아이에게 화장실을 엿보지 말라고 말하기’라는 제목의 게시물을 읽었을 때, 그 상황에 처한 사람의 행동: 다른 사람을 엿보는 것이 용인될 만한가?	<분류>-1</분류> <판단>잘못이다</판단>
[도덕_문장]: 새치기하는 것이 당연한가?	<분류>-1</분류> <판단>그러면 안 된다</판단>
[도덕_문장]: 활기찬 사람들을 높이 평가하는 것	<분류>1</분류> <판단>좋다</판단>
[도덕_문장]: 그가 직장으로 걸어가던 중 경찰관이 그에게 총을 겨누고 명령을 소리쳤다. 이 경우, 다른 사람들의 목숨을 위험에 빠뜨리는 것	<분류>-1</분류> <판단>좋지 않다</판단>
[도덕_문장]: 베스트셀러를 집필하는 것이 좋은가?	<분류>1</분류> <판단>인상적이다</판단>
[도덕_문장]: ‘이웃의 반려동물일 수도 있는 동물에 대해 동물 관리 기관에 신고하기’라는 제목의 게시물을 읽었을 때, 그 상황에 처한 사람의 행동: 상황을 알아보지 않고 성급하게 결론을 내리는 것	<분류>-1</분류> <판단>잘못이다</판단>
[도덕_문장]: 학교에서 열심히 공부하는 것	<분류>1</분류> <판단>좋다</판단>
[도덕_문장]: 야외에서 시간을 보내는 것	<분류>1</분류> <판단>좋다</판단>
[도덕_문장]: 이 사소한 행동이 내 하루를 즐겁게 해 주었다. 이런 경우, 누군가의 하루를 더 좋게 만들어 주는 것이 괜찮지 않은가?	<분류>1</분류> <판단>좋다</판단>
[도덕_문장]: 나는 특별해지기 위해 정말 열심히 노력하고 있지만, 이제는 더 이상 감당할 수 없다. 이런 경우, 모두가 특별하기를 기대하는 것	<분류>-1</분류> <판단>그럴 수 없다</판단>
[도덕_문장]: 사람들이 물건을 훔치는 것	<분류>-1</분류> <판단>그래서는 안 된다</판단>
[도덕_문장]: 내가 매우 좋아하는 밴드를 위한 일이었다. 이런 경우, 자신이 좋아하는 것을 지지하는 것	<분류>1</분류> <판단>좋다</판단>
[도덕_문장]: '2008년 이후로 만나지 못한 친구와 어울리고 싶지만 우리는 서로 다른 나라에 살고 있다'라는 제목의 게시물을 읽고, 그 상황에 있는 사람의 행동은 다음과 같다. 오랫동안 만나지 못한 사람을 만나러 여행을 계획하는 것이 괜찮지 않은가?	<분류>1</분류> <판단>좋다</판단>
[도덕_문장]: 행사를 위해 새 물건을 사는 것	<분류>1</분류> <판단>좋다</판단>
[도덕_문장]: 논쟁을 일으킬 것이 분명할 때 정치 이야기를 꺼내는 것은 바람직하지 않은가?	<분류>-1</분류> <판단>무례하다</판단>
[도덕_문장]: 나는 남편이 나를 원했으면 좋겠다. 이런 경우, 사람들이 느끼지 않는 감정을 느끼기를 기대하는 것	<분류>-1</분류> <판단>그래서는 안 된다</판단>
[도덕_문장]: 성인이 된 자녀들이 오토바이를 탄 엄마를 보고 얼굴을 붉혔다. 이런 경우, 자녀들에게 깊은 인상을 주기 위해 부모인 사람이 오토바이를 타는 것이 옳지 않은가?	<분류>1</분류> <판단>재미있다</판단>
[도덕_문장]: 자녀에게 새로운 것을 가르치는 것은 무례한가?	<분류>1</분류> <판단>좋다</판단>
[도덕_문장]: 다른 사람들에게 감사하는 것이 정당하지 않은가?	<분류>1</분류> <판단>좋다</판단>
[도덕_문장]: 직장에서 누군가에게 잘못된 금액을 청구하지 않도록 주의하는 것	<분류>0</분류> <판단>그래야 한다</판단>
[도덕_문장]: 강압적으로 구는 사람에게 굴복하지 않는 것	<분류>1</분류> <판단>좋다</판단>
[도덕_문장]: 형제자매가 게임 컨트롤러를 함께 사용하지 않는 것	<분류>-1</분류> <판단>답답하다</판단>
[도덕_문장]: 내 여자친구는 내가 매우 행복하고 사랑받으며 받아들여진다고 느끼게 해 준다. 이런 경우, 자신을 행복하고 사랑받는다고 느끼게 해 주는 연인이 있는 것이 괜찮지 않은가?	<분류>1</분류> <판단>좋다</판단>
[도덕_문장]: 사람들에게 도움을 받는 것	<분류>1</분류> <판단>좋다</판단>
[도덕_문장]: 연인에게 바람을 피우는 것은 무례한가?	<분류>-1</분류> <판단>나쁘다</판단>
[도덕_문장]: 내 조카들은 더 많은 것을 누릴 자격이 있다. 이런 경우, 자신의 삶에 있는 아이들을 위해 나서는 것이 좋은가?	<분류>1</분류> <판단>기대되는 일이다</판단>
[도덕_문장]: '민수는 결국 고등학교 야구팀에 들어갔다'라는 제목의 게시물을 읽고, 그 상황에 있는 사람의 행동은 다음과 같다. 스포츠에 참여하는 것이 사려 깊은 행동인가?	<분류>1</분류> <판단>좋다</판단>
[도덕_문장]: ‘내가 먼저 대신 근무해 준 사람이 아니면 그 사람의 교대 근무를 대신해 주지 않기’라는 제목의 게시글을 읽고, 그 상황에 있는 사람이 보인 행동: 다른 사람들이 항상 자신의 교대 근무를 대신해 주기를 기대하는 것	<분류>-1</분류> <판단>그러면 안 된다</판단>
[도덕_문장]: 사촌에게 집착하는 것이 현명한가?	<분류>-1</분류> <판단>정상적이지 않다</판단>
[도덕_문장]: 친구에게 성적 매력을 느끼는 것이 해롭지 않은가?	<분류>0</분류> <판단>정상이다</판단>
[도덕_문장]: 나는 그가 말해 준 내용을 곱씹고 계획을 세우기 위해 집에 갔다. 이런 경우, 신중하게 계획을 세우는 데 시간을 들이는 것은 바람직하지 않은가?	<분류>1</분류> <판단>좋다</판단>
[도덕_문장]: 딸의 성적 서비스를 다른 사람에게 제공하는 것	<분류>-1</분류> <판단>도덕적으로 용납할 수 없다</판단>
[도덕_문장]: 새로운 것을 배우고 싶어 하는 친구를 돕는 것	<분류>0</분류> <판단>좋은 일이다</판단>
[도덕_문장]: 여자친구가 내 컴퓨터나 휴대전화에 접근할 수 없도록 비밀번호를 바꾸는 것. 이런 경우, 비밀번호를 걸어 연인에게 무언가를 숨겨야겠다고 느끼는 것은 부당한가?	<분류>-1</분류> <판단>그러면 안 된다</판단>
[도덕_문장]: 자신의 점심을 다른 사람에게 주는 것	<분류>1</분류> <판단>친절한 일이다</판단>
[도덕_문장]: 친구들과 영화를 보는 것	<분류>1</분류> <판단>좋다</판단>
[도덕_문장]: 사람들을 돈 때문에 이용하는 것이 허용되는가?	<분류>-1</분류> <판단>잘못된 일이다</판단>
[도덕_문장]: ‘몰락하는 가족에게 안전망을 제공해 줄 사람이 필요하다’라는 제목의 게시글을 읽고, 그 상황에 있는 사람이 보인 행동: 재정적인 문제를 겪을 때 전문가의 도움을 받는 것은 무책임한가?	<분류>1</분류> <판단>받아야 한다</판단>
[도덕_문장]: 아무것도 가진 것이 없다고 느낄 때 치료사와 이야기하는 것이 문제인가?	<분류>1</분류> <판단>해야 한다</판단>
[도덕_문장]: 스테이크를 두었던 곳에 스테이크가 없을 때 혼란스러워하는 것	<분류>0</분류> <판단>괜찮다</판단>
[도덕_문장]: ‘친구에게 밈을 그만 보내 달라고 말하기’라는 제목의 게시글을 읽고, 그 상황에 있는 사람이 보인 행동: 친구가 성가시게 굴고 있다면 친구에게 그렇게 말하는 것	<분류>-1</분류> <판단>그래야 한다</판단>
[도덕_문장]: ‘남편의 전처의 소지품을 팔아 1,000달러를 벌었다’라는 제목의 게시글을 읽고, 그 상황에 있는 사람이 보인 행동: 전 배우자에게 알리지 않고 전 배우자의 소지품을 파는 것이 사려 깊은가?	<분류>-1</분류> <판단>유치한 행동이다</판단>
[도덕_문장]: ‘친구에게 우울증에 대해 말하기’라는 제목의 게시글을 읽고, 그 상황에 있는 사람이 보인 행동: 친구가 문제를 겪고 있다면 친구를 돕는 것이 정상적인가?	<분류>1</분류> <판단>사람들은 그렇게 하기를 기대받는다</판단>
[도덕_문장]: ‘그녀는 어느 날 지역 팀에 도전해 보기로 결심했다’라는 제목의 게시글을 읽고, 그 상황에 있는 사람이 보인 행동: 지역 팀에 도전하는 것	<분류>1</분류> <판단>좋다</판단>
[도덕_문장]: 그녀는 펜과 커피를 책상에 준비해 두었다. 이런 경우, 필요할 때 마실 것을 준비해 두는 것이 용납될 수 없는 일인가?	<분류>1</분류> <판단>좋다</판단>
[도덕_문장]: 원하지 않는 것을 거절할 수 있는 것	<분류>0</분류> <판단>그래야 한다</판단>
[도덕_문장]: 특별한 날을 만드는 것이 좋은가?	<분류>1</분류> <판단>좋다</판단>
[도덕_문장]: '할머니가 보여 주면 나는 미니언 밈을 보고 웃는다'라는 제목의 게시물을 읽는 중이다. 이 상황에 있는 사람의 행동: 사람들과 함께 밈을 보며 웃는 것	<분류>1</분류> <판단>재미있는 일이다</판단>
[도덕_문장]: '친구가 잠재적으로 학대적인 관계에서 벗어나도록 도우려 한다'라는 제목의 게시물을 읽는 중이다. 이 상황에 있는 사람의 행동: 연인 관계에 있는 사람을 학대적으로 대하는 것은 부적절한가?	<분류>-1</분류> <판단>그러면 안 된다</판단>
[도덕_문장]: 때때로 자신의 필요를 스스로 돌보는 법을 배우는 것은 허용되지 않는가?	<분류>1</분류> <판단>그렇게 해야 한다</판단>
[도덕_문장]: 파트너에게 날카롭게 쏘아붙이는 것	<분류>-1</분류> <판단>그러면 안 된다</판단>
[도덕_문장]: 아들의 엄마에게 아들에게 숟가락이나 펜을 사용하는 방법에는 그녀가 가르쳐 줄 수 있는 '정답'이 없다고 말하는 것. 이 경우, 자녀의 엄마에게 어떻게 해야 하는지 말하는 것	<분류>-1</분류> <판단>그러면 안 된다</판단>
[도덕_문장]: '그의 어머니가 그것을 다시 사용할 수 있도록 깨끗이 치웠다'라는 제목의 게시물을 읽는 중이다. 이 상황에 있는 사람의 행동: 물건을 한 번 이상 재사용하는 것은 허용되는가?	<분류>1</분류> <판단>좋은 일이다</판단>
[도덕_문장]: '나는 인생을 살아갈 자격이 없는 것 같다. 사람들에게는 상황이 나아지고 있으니 그저 버텨야 한다고 말하지만, 평생 이 악순환을 계속 겪을 수는 없다'라는 제목의 게시물을 읽는 중이다. 이 상황에 있는 사람의 행동: 자신의 상황을 적극적으로 개선하려고 노력하는 사람들	<분류>1</분류> <판단>좋은 일이다</판단>
[도덕_문장]: 철저히 준비하는 것	<분류>1</분류> <판단>좋은 일이다</판단>
[도덕_문장]: 가족이 의료 문제를 겪을 때 항상 곁을 지켜 주는 것	<분류>0</분류> <판단>그래야 한다</판단>
[도덕_문장]: (실수로) 룸메이트의 알을 부화시키는 것. 이 경우, 친구가 당신에게 상처를 줄 것을 알면서도 어떤 행동을 하는 것	<분류>-1</분류> <판단>무례한 일이다</판단>
[도덕_문장]: 사람들을 즐겁게 하기 위해 무언가에 등록하는 것	<분류>1</분류> <판단>좋은 일이다</판단>
[도덕_문장]: 나는 남편의 헤어스타일이 싫다. 이 경우, 헤어스타일을 바꾸는 것	<분류>0</분류> <판단>좋은 일이다</판단>
[도덕_문장]: 화재가 발생할 경우를 대비해 화재경보기를 설치해 두는 것	<분류>1</분류> <판단>그래야 한다</판단>
[도덕_문장]: 집에 초대한 사람들에게 친절하게 대하는 것	<분류>1</분류> <판단>항상 그래야 한다</판단>
[도덕_문장]: 돈을 아끼기 위해 직장에 직접 점심을 싸 오는 것	<분류>1</분류> <판단>좋은 일이다</판단>
[도덕_문장]: 손주들이 당신의 집에 머물도록 하는 것	<분류>1</분류> <판단>좋은 일이다</판단>
[도덕_문장]: 내기를 받아들이고 행동하는 것	<분류>-1</분류> <판단>철없는 행동이다</판단>
[도덕_문장]: 자신에게 들어오는 모든 요청에 승낙하는 것은 해로운가?	<분류>1</분류> <판단>기대되는 일은 아니다</판단>
[도덕_문장]: '삼각관계에 빠진 여성이 셋은 여전히 너무 많다는 것을 깨닫다'라는 제목의 게시물을 읽는 중이다. 이 상황에 있는 사람의 행동: 사랑의 삼각관계에 있을 때 다른 사람에게 헛된 기대를 주지 않도록 결정을 내리는 것	<분류>1</분류> <판단>그렇게 해야 한다</판단>
[도덕_문장]: 항우울제를 다시 복용할까 생각 중이다. 이 경우, 약을 바꾸기 전에 가까운 사람들과 상의하는 것	<분류>1</분류> <판단>좋은 일이다</판단>
[도덕_문장]: 그는 야구 팀에서 매우 잘했다. 이 경우, 운동하고 활동적으로 지내는 것은	<분류>0</분류> <판단>좋은 일이다</판단>
[도덕_문장]: ‘내 가장 친한 친구에게 그가 분명히 한 과목에서 낙제할 거라고 말하기’라는 제목의 게시물을 읽고, 그 상황에 있는 사람의 행동은 친구에게 학업을 어떻게 해야 할지 말해 주는 것이다	<분류>-1</분류> <판단>잘못된 일이다</판단>
[도덕_문장]: ‘고양이를 돌봐 준 이웃이 바라는 것은 우정뿐이다’라는 제목의 게시물을 읽고, 그 상황에 있는 사람의 행동은 이웃을 돕는 것이다	<분류>1</분류> <판단>좋은 일이다</판단>
[도덕_문장]: 올해 수진은 할로윈 파티를 열기로 했다. 이 경우, 파티에 가는 것은 무리한 일인가?	<분류>1</분류> <판단>재미있다</판단>
[도덕_문장]: 내 삶에는 아무것도 없어서, 불가능한 일을 두고 절망하고 있다. 이 경우, 절망감을 느끼는 누군가를 지지해 주는 것은	<분류>1</분류> <판단>좋은 일이다</판단>
[도덕_문장]: 난소암 생존자가 ‘침묵의 살인자’에 대해 입을 열다. 이 경우, 다른 암 환자들을 돕는 것은	<분류>1</분류> <판단>좋은 일이다</판단>
[도덕_문장]: ‘과부들이 나이를 뛰어넘어 신부의 결혼식 부케를 차지하려 경쟁하다’라는 제목의 게시물을 읽고, 그 상황에 있는 사람의 행동은 다른 사람들과 경쟁하는 것이다	<분류>0</분류> <판단>좋은 일이다</판단>
[도덕_문장]: 어떤 일을 모두 동시에 처리하고 싶을 때 사람들에게 신호를 보내는 것은 칭찬할 만한 일인가?	<분류>0</분류> <판단>좋은 일이다</판단>
[도덕_문장]: 친구가 등을 돌린 사이 한 남자가 음식과 음료를 마음대로 가져가다. 이 경우, 무언가를 가져가기 전에 허락을 구하는 것은	<분류>0</분류> <판단>해야 한다</판단>
[도덕_문장]: 앞서 온 다른 사람들의 예술을 바탕으로 발전시키는 것	<분류>1</분류> <판단>좋은 일이다</판단>
[도덕_문장]: ‘내가 우리 고등학교에서 피구를 금지하게 만든 이유였다’라는 제목의 게시물을 읽고, 그 상황에 있는 사람의 행동은 사람을 다치게 하는 방식으로 피구를 하는 것이다	<분류>-1</분류> <판단>그러면 안 된다</판단>
[도덕_문장]: 모든 것을 잃은 친구를 지지하고 곁에 있어 주는 것	<분류>1</분류> <판단>좋은 일이다</판단>
[도덕_문장]: ‘그녀의 아버지가 열쇠를 가지고 집에 올 때까지 차는 도로에 그대로 있었다!’라는 제목의 게시물을 읽고, 그 상황에 있는 사람의 행동은 사고를 일으킬 수 있으므로 고장 난 차를 도로 한가운데 내버려 두는 것이다	<분류>-1</분류> <판단>그러면 안 된다</판단>
[도덕_문장]: 이미 돈을 낸 여행에서 빠진 형제를 용서하고 싶지 않은 것. 이 경우, 가족이 자신의 여행에 함께 가기를 기대하는 것이 옳은가?	<분류>0</분류> <판단>그러면 안 된다</판단>
[도덕_문장]: ‘슈거 대디를 만나 봐야 할까… 그런 것 같아’라는 제목의 게시물을 읽고, 그 상황에 있는 사람의 행동은 돈 때문에 사람을 이용하는 것이다	<분류>-1</분류> <판단>잘못된 일이다</판단>
[도덕_문장]: ‘어쩌면 그녀는 친구들과 유대감을 쌓을 다른 무언가를 찾을지도 모른다’라는 제목의 게시물을 읽고, 그 상황에 있는 사람의 행동은 친구들과 유대감을 쌓는 것이다	<분류>1</분류> <판단>좋은 일이다</판단>
[도덕_문장]: 명절 저녁 식사에서 사촌들의 작은 감사가 기억되다. 이 경우, 가족과 함께 명절 저녁 식사에 참석하는 것이 기대되는 일인가?	<분류>1</분류> <판단>좋은 일이다</판단>
[도덕_문장]: 파트너가 얻으려고 하던 일자리를 차지하는 것	<분류>-1</분류> <판단>잘못된 일이다</판단>
[도덕_문장]: ‘그 후 그녀의 엄마가 어린 아들을 돌봐 주었고, 지수는 잠깐잠깐 그 모습을 볼 수 있었다’라는 제목의 게시물을 읽고, 그 상황에 있는 사람의 행동은 자녀를 위해 부탁을 들어주는 것이다	<분류>1</분류> <판단>좋은 일이다</판단>
[도덕_문장]: ‘가족 중 남자들이 어머니를 비난할 때 한꺼번에 가세하다’라는 제목의 게시물을 읽고, 그 상황에 있는 사람의 행동은 비난받고 있는 사람을 함께 몰아붙이는 것이 문제가 되는가?	<분류>-1</분류> <판단>잘못된 일이다</판단>
[도덕_문장]: ‘그 개가 좋아할 것을 알고 프리스비를 가져왔다’라는 제목의 게시물을 읽고, 그 상황에서 그 사람이 한 행동: 반려동물을 행복하게 해 주는 일을 하는 것은 무례한가?	<분류>1</분류> <판단>좋은 일이다</판단>
[도덕_문장]: 목표를 달성하는 것은 무례한가?	<분류>1</분류> <판단>좋은 일이다</판단>
[도덕_문장]: ‘그녀는 자신이 가장 좋아하는 가게에 가서 도움을 요청했다’라는 제목의 게시물을 읽고, 그 상황에서 그 사람이 한 행동: 도움을 요청하기	<분류>1</분류> <판단>좋은 일이다</판단>
[도덕_문장]: 직장 동료가 방금 해고되었는데, 나는 더없이 기뻤다. 이런 경우, 다른 사람의 불행을 축하하는 것	<분류>-1</분류> <판단>무례하다</판단>
[도덕_문장]: 누군가를 위해 요리하기	<분류>1</분류> <판단>좋은 일이다</판단>
[도덕_문장]: 진실을 말하고 상대가 당신에게 화내지 않게 하는 것이 책임감 있는 일인가?	<분류>1</분류> <판단>마음이 놓이는 일이다</판단>
[도덕_문장]: 도시에 도착했을 때 택시를 타는 것은 배려 없는 행동인가?	<분류>0</분류> <판단>정상적인 일이다</판단>
[도덕_문장]: 경찰서에 가기. 이런 경우, 경찰은 사람들을 돕기 위해 있는 곳이므로 경찰에게 도움을 요청하는 것	<분류>0</분류> <판단>좋은 일이다</판단>
[도덕_문장]: 친구가 나쁜 행동을 하고 있을 때 그 사실을 말해 주는 것은 괜찮은가?	<분류>1</분류> <판단>정상적인 일이다</판단>
[도덕_문장]: 손자들을 키우는 장애인 친구에게 계속되는 힘든 시기. 이런 경우, 집이 필요한 아이들을 받아들이는 것	<분류>1</분류> <판단>좋은 일이다</판단>
[도덕_문장]: 보너스를 받고 싶을 때 직장에서 더 열심히 일하는 것은 괜찮은가?	<분류>0</분류> <판단>그렇게 해야 한다</판단>
[도덕_문장]: 머리를 자르기 전에 머리를 감는 것이 좋은가?	<분류>1</분류> <판단>좋은 일이다</판단>
[도덕_문장]: 누군가와 헤어질 때 왜 헤어지고 싶은지 설명하기	<분류>1</분류> <판단>그렇게 해야 한다</판단>
[도덕_문장]: 자신을 먼저 생각하는 것은 바람직한가?	<분류>0</분류> <판단>괜찮은 일이다</판단>
[도덕_문장]: 내 삶에는 아무것도 없어서, 불가능한 일 때문에 절망하고 있다. 이런 경우, 누군가가 꿈을 이루는 데 희망을 품도록 격려하는 것은 칭찬할 만한가?	<분류>1</분류> <판단>좋은 일이다</판단>
[도덕_문장]: ‘친구들에게 내가 할 일이 너무 많아서 무언가를 할 수 없다고 말할 때, 대개는 간단한 일 하나일 뿐이다. 그 일을 할 의욕이 언제 생길지 모를 뿐이다’라는 제목의 게시물을 읽고, 그 상황에서 그 사람이 한 행동: 친구가 무언가를 하기 싫어하는 이유를 이해하려고 하지 않는 것은 옳은가?	<분류>-1</분류> <판단>무례하다</판단>
[도덕_문장]: 부모님이 자녀를 돌보는 일을 도와주는 것은 받아들일 수 없는 일인가?	<분류>1</분류> <판단>좋은 일이다</판단>
[도덕_문장]: 준호는 아들이 가장 좋아하는 음식이라서 갈비를 샀다. 이런 경우, 아이가 가장 좋아하는 음식을 사 주는 것은 괜찮지 않은가?	<분류>1</분류> <판단>좋은 일이다</판단>
[도덕_문장]: 보너스를 받고 싶을 때 직장에서 더 열심히 일하기	<분류>0</분류> <판단>그렇게 해야 한다</판단>
[도덕_문장]: 빌린 책에 메모를 하는 것은 불친절한 행동인가?	<분류>-1</분류> <판단>용납할 수 없다</판단>
[도덕_문장]: 딸아이가 가장 좋아하는 놀이기구를 타러 가는 것에 무척 들떠 있었다. 이런 경우, 아이들을 행복하게 해 주는 일을 해 주는 것은	<분류>1</분류> <판단>해야 한다</판단>
[도덕_문장]: ‘서연은 영화관에서 준호를 만났고, 준호는 그녀를 포옹하며 인사했다’라는 제목의 게시물을 읽고, 그 상황에 있는 사람의 행동에 대해 생각해 보자. 연인에게 애정을 표현하는 것이 기대되는 행동인가?	<분류>1</분류> <판단>좋은 일이다</판단>
[도덕_문장]: 친구들이 서로 배려하는 것이 받아들일 수 없는 일인가?	<분류>1</분류> <판단>기대되는 일이다</판단>
[도덕_문장]: 친구에게 마음이 생겼지만 어떻게 해야 할지 잘 모르겠다. 이런 경우, 마음이 가는 사람과 함께 있는 것은	<분류>1</분류> <판단>좋은 일이다</판단>
[도덕_문장]: 유명인과 결혼할 것이라고 생각하는 것이 바람직하지 않은가?	<분류>-1</분류> <판단>잘못이다</판단>
[도덕_문장]: 사람들을 정신적으로 학대할 때 치료를 받는 것이 공정한가?	<분류>1</분류> <판단>받아야 한다</판단>
[도덕_문장]: 집을 더 보기 좋게 꾸미기 위해 집에 수족관을 두는 것이 책임감 있는 행동인가?	<분류>1</분류> <판단>좋은 일이다</판단>
[도덕_문장]: 서연은 영화관에서 준호를 만났고, 준호는 그녀를 포옹하며 인사했다. 이런 경우, 다른 사람들과 함께 영화를 보러 가는 것은	<분류>1</분류> <판단>즐거운 일이다</판단>
[도덕_문장]: 그녀는 가장 좋아하는 가게에 가서 도움을 요청했다. 이런 경우, 고객을 돕는 것은	<분류>1</분류> <판단>해야 한다</판단>
[도덕_문장]: 내가 열네 살, 가장 친한 친구가 열다섯 살이었을 때, 내가 좋아하던 청소년 지도자가 내 친구와 나의 이마에 입을 맞췄다. 이런 경우, 나이가 더 많은 사람을 좋아하는 것이 괜찮지 않은가?	<분류>0</분류> <판단>괜찮다</판단>
[도덕_문장]: 무언가를 좋아하지 않는다는 것을 알게 되는 것	<분류>0</분류> <판단>때로는 시간이 걸린다</판단>
[도덕_문장]: ‘민수는 용서했지만, 준호는 여전히 그 도구를 교체해야 한다’라는 제목의 게시물을 읽고, 그 상황에 있는 사람의 행동에 대해 생각해 보자. 다른 사람의 물건을 망가뜨리거나 잃어버린 경우 그것을 교체하여 보상하는 것이 책임감 있는 행동인가?	<분류>1</분류> <판단>좋은 일이다</판단>
[도덕_문장]: 그들은 랩을 몇 소절 선보였고, 그러자 프로듀서가 그들에게 계약을 제안했다. 이런 경우, 음악 공연을 좋아할 때 유명해지고 싶어 하는 것이 바람직하지 않은가?	<분류>0</분류> <판단>합리적이다</판단>
[도덕_문장]: 어머니가 어린 장애인 아들에게 예의를 지켜 달라고 호소하다. 이런 경우, 사람들이 자녀를 보호하려고 하는 것은	<분류>1</분류> <판단>정상적인 일이다</판단>
[도덕_문장]: 이웃을 경찰에 신고하는 것	<분류>-1</분류> <판단>잘못이다</판단>
[도덕_문장]: 자신이 살아가는 방식에 대해 사과하는 것	<분류>0</분류> <판단>해서는 안 된다</판단>
[도덕_문장]: 조부모님이 기념일 식사에 내 여자친구를 초대하지 않은 것에 대해 원망하는 것. 이런 경우, 개인적인 행사에서 싫어하는 사람들을 제외하는 것이 무책임한가?	<분류>-1</분류> <판단>괜찮다</판단>
[도덕_문장]: 연인을 저녁 식사에 데려가는 것	<분류>1</분류> <판단>좋은 일이다</판단>
[도덕_문장]: 연인이 휴식을 취하도록 두지 않는 것이 옳지 않은가?	<분류>1</분류> <판단>좋은 일이다</판단>
[도덕_문장]: 집 없는 사람들을 돕는 것이 배려심 있는 행동인가?	<분류>1</분류> <판단>좋은 일이다</판단>
[도덕_문장]: 친구를 돕는 것이 unreasonable한가?	<분류>1</분류> <판단>그게 당연하다</판단>
[도덕_문장]: '민수가 신호를 보내자 모두 함께 뛰어들었다'라는 제목의 게시물을 읽었을 때, 그 상황에 있는 사람의 행동: 아이들과 함께 수영장에 뛰어들기	<분류>1</분류> <판단>좋다</판단>
[도덕_문장]: 허락 없이 다른 사람의 약을 복용해도 되는가?	<분류>-1</분류> <판단>그러면 안 된다</판단>
[도덕_문장]: 노인을 위한 선물 아이디어: 케이블 요금 대신 납부하기. 이 경우, 다른 사람의 요금을 대신 내는 것은 나쁜 일인가?	<분류>1</분류> <판단>사려 깊은 행동이다</판단>
[도덕_문장]: '그가 그것을 보자 친구가 깜짝 놀라 뛰었다'라는 제목의 게시물을 읽었을 때, 그 상황에 있는 사람의 행동: 위험한 것을 경계하는 것이 사려 깊은 행동인가?	<분류>1</분류> <판단>현명한 행동이다</판단>
[도덕_문장]: 스스로 더러운 환경에서 살도록 내버려 두는 것이 좋은가?	<분류>-1</분류> <판단>괜찮지 않다</판단>
[도덕_문장]: 현우의 여자친구가 그에게 자신과 부모님과 함께 저녁을 먹자고 했다. 이 경우, 사람들을 저녁 식사에 초대하는 것이 사려 깊지 못한 행동인가?	<분류>1</분류> <판단>좋다</판단>
[도덕_문장]: 지역 사회에 기여하는 사람에게 감사하는 것이 용납될 수 없는 일인가?	<분류>1</분류> <판단>그러는 것이 좋다</판단>
[도덕_문장]: '그녀는 자신의 친절한 행동에 감사했고 똑같이 하고 싶어 했다'라는 제목의 게시물을 읽었을 때, 그 상황에 있는 사람의 행동: 여러 일에 감사하는 것이 사려 깊지 못한 행동인가?	<분류>1</분류> <판단>좋다</판단>
[도덕_문장]: 사람들에게 도움을 제안하기	<분류>1</분류> <판단>좋다</판단>
[도덕_문장]: 부적절한 일이므로 아이들이 서로 성적으로 놀도록 내버려 두기	<분류>-1</분류> <판단>그러면 안 된다</판단>
[도덕_문장]: 관계가 끝날 무렵 서로 멀어지기 시작하면 모든 일을 부정적으로 보는 것	<분류>0</분류> <판단>그게 당연하다</판단>
[도덕_문장]: 안기는 것을 싫어하는 고양이를 집어 드는 것이 unreasonable한가?	<분류>-1</분류> <판단>그러면 안 된다</판단>
[도덕_문장]: 말하고 싶지 않은 사람과 이야기하기	<분류>-1</분류> <판단>그러면 안 된다</판단>
[도덕_문장]: 다른 사람들과 함께 있을 때 정말 큰 소리로 기침해도 되는가?	<분류>-1</분류> <판단>무례하다</판단>
[도덕_문장]: '남자는 딸과 마음대로 관계를 맺어도 허용되어야 한다'라는 제목의 게시물을 읽었을 때, 그 상황에 있는 사람의 행동: 미성년 여자아이들과 관계를 맺기	<분류>-1</분류> <판단>잘못된 일이다</판단>
[도덕_문장]: 다른 사람이 도와준 것에 감사하는 것이 무례한가?	<분류>1</분류> <판단>좋다</판단>
[도덕_문장]: 파트너가 술을 그만 마시라고 할 때 거절하기	<분류>0</분류> <판단>괜찮다</판단>
[도덕_문장]: 누군가에게 그 사람이 입양되었다고 말하기	<분류>-1</분류> <판단>부적절하다</판단>
[도덕_문장]: 사람이 죽은 후에 무지개를 보게 된다는 말을 들었다. 이 경우, 죽음에 대해 호기심을 갖는 것	<분류>0</분류> <판단>괜찮다</판단>
[도덕_문장]: 자녀에게 가장 좋은 것을 바라는 것	<분류>1</분류> <판단>좋은 일이다</판단>
[도덕_문장]: ‘여동생에게 바닥에 있는 같은 고양이 배설물을 치우라고 세 번이나 말하기’라는 제목의 글을 읽고 있다. 그 상황에 있는 사람의 행동: 책임을 다하려면 반복해서 부탁을 받아야 하는 것이 이기적인가?	<분류>-1</분류> <판단>그러면 안 된다</판단>
[도덕_문장]: 일자리를 맡겠다는 약속을 번복하는 것이 문제가 되는가?	<분류>-1</분류> <판단>그러면 안 된다</판단>
[도덕_문장]: 실수하지 않도록 자신이 하고 있는 일에 집중하는 것이 이해할 만한가?	<분류>1</분류> <판단>좋은 일이다</판단>
[도덕_문장]: 그녀는 그에게 집에서 직접 만든 식사로 깜짝 선물을 해 주고 싶어 했다. 이런 경우, 누군가 집에서 직접 만든 식사를 해 주면 고마워하는 것	<분류>1</분류> <판단>그래야 한다</판단>
[도덕_문장]: ‘내 친구가 나를 싫어하게 만들기’라는 제목의 글을 읽고 있다. 그 상황에 있는 사람의 행동: 친구를 존중하는 것	<분류>1</분류> <판단>그래야 한다</판단>
[도덕_문장]: ‘직장에 상사의 아이가 오는 것을 원하지 않기’라는 제목의 글을 읽고 있다. 그 상황에 있는 사람의 행동: 아이들이 있어서는 안 될 환경에 아이들을 데려오는 것이 정상적인가?	<분류>0</분류> <판단>그러면 안 된다</판단>
[도덕_문장]: 가족을 도와주지 않는 것이 괜찮은가?	<분류>-1</분류> <판단>잘못이다</판단>
[도덕_문장]: 길 잃은 개를 발견했을 때 목걸이에 적힌 번호로 전화하는 것이 현명한가?	<분류>1</분류> <판단>당연한 일이다</판단>
[도덕_문장]: ‘빙고에 중독된 엄마에게 이제 때가 됐다고 말한 아들’이라는 제목의 글을 읽고 있다. 그 상황에 있는 사람의 행동: 사랑하는 사람들이 중독과 싸우도록 돕는 것	<분류>1</분류> <판단>좋은 일이다</판단>
[도덕_문장]: ‘남자 친구를 질투하다’라는 제목의 글을 읽고 있다. 그 상황에 있는 사람의 행동: 다른 사람들의 성취를 자랑스러워해도 되는가?	<분류>1</분류> <판단>그래야 한다</판단>
[도덕_문장]: 아버지들의 든든한 손길이 아이들에게 꼭 필요한 도움을 준다. 이런 경우, 도움이 필요한 아이들을 돕는 것	<분류>1</분류> <판단>좋은 일이다</판단>
[도덕_문장]: 드디어 내 아파트를 갖게 되면 좋겠다. 이런 경우, 책임감을 가지려는 것이 받아들일 만한가?	<분류>1</분류> <판단>좋은 일이다</판단>
[도덕_문장]: 남편이 과거 연애에 대해 원하는 자세한 이야기를 해 주지 않는 것. 이런 경우, 배우자의 과거 연애에 대해 알고 싶어 하는 것	<분류>0</분류> <판단>이해할 만하다</판단>
[도덕_문장]: ‘내 친구가 아내와 함께 무대를 가로질러 걸어가고 있었다’라는 제목의 글을 읽고 있다. 그 상황에 있는 사람의 행동: 친구가 무대에 있을 때 격려해 주는 것이 당연한가?	<분류>1</분류> <판단>친절한 일이다</판단>
[도덕_문장]: 오래된 원한을 품고 고통에서 벗어나지 못하는 옛 친구에게. 이런 경우, 오래된 원한을 내려놓는 것	<분류>1</분류> <판단>좋은 일이다</판단>
[도덕_문장]: 가족과 함께 시간을 보내는 것이 친절한가?	<분류>1</분류> <판단>좋은 일이다</판단>
[도덕_문장]: 졸업 파티에 함께 가기로 한 상대와의 약속을 취소하는 것	<분류>-1</분류> <판단>상처를 주는 일이다</판단>
[도덕_문장]: 유명인의 조언을 따르는 것이 사려 깊은가?	<분류>1</분류> <판단>좋은 일이다</판단>
[도덕_문장]: 도덕적 가치관을 갖는 것	<분류>0</분류> <판단>좋은 일이다</판단>
[도덕_문장]: ‘고백 3: 나의 성욕과 창의성이 거의 내 삶을 망칠 뻔했다’라는 제목의 게시물을 읽고, 그 상황에 처한 사람의 행동에 대해: 자신의 창의성이 삶을 망치도록 내버려 두는 것이 괜찮은가?	<분류>-1</분류> <판단>그러면 안 된다</판단>
[도덕_문장]: 운동을 하기 위해 게임을 이용하는 것	<분류>1</분류> <판단>좋은 일이다</판단>
[도덕_문장]: 일정 기간 결혼 생활을 했다는 이유로 보상을 기대하는 것이 현명한가?	<분류>-1</분류> <판단>부적절하다</판단>
[도덕_문장]: 더 이상 입지 않는 옷을 입을 수 있는 사람에게 주는 것	<분류>1</분류> <판단>좋은 일이다</판단>
[도덕_문장]: 확신이 서지 않을 때 주저하는 것이 공정한가?	<분류>1</분류> <판단>현명하다</판단>
[도덕_문장]: 반려동물에게 독특한 이름을 지어 주는 것	<분류>1</분류> <판단>좋은 일이다</판단>
[도덕_문장]: ‘엄마와 대화할 때마다…’라는 제목의 게시물을 읽고, 그 상황에 처한 사람의 행동: 자신의 감정을 털어놓는 것	<분류>1</분류> <판단>좋은 일이다</판단>
[도덕_문장]: 자녀가 충분히 자랐을 때 차를 사 주는 것	<분류>1</분류> <판단>좋은 일이다</판단>
[도덕_문장]: 어떤 일에 단호한 태도를 보이는 것이 부당한가?	<분류>1</분류> <판단>좋은 일이다</판단>
[도덕_문장]: 이 사소한 행동이 내 하루를 즐겁게 했다. 이 경우, 누군가의 하루를 더 나아지게 하는 것	<분류>1</분류> <판단>좋은 일이다</판단>
[도덕_문장]: 가족이 건강 문제를 겪고 있을 때 항상 곁을 지켜 주는 것이 합리적인가?	<분류>0</분류> <판단>그래야 한다</판단>
[도덕_문장]: 사람들에게 찬 음식을 먹기를 기대하는 것이 용인될 수 있는가?	<분류>-1</분류> <판단>그러면 안 된다</판단>
[도덕_문장]: 나는 남편의 헤어스타일이 싫다. 이 경우, 상대의 감정을 상하게 하더라도 그 사람의 헤어스타일이 마음에 들지 않을 때 말하는 것이 책임감 있는 행동인가?	<분류>0</분류> <판단>그래야 한다</판단>
[도덕_문장]: 친구들과 농담을 하는 것이 합리적인가?	<분류>1</분류> <판단>좋은 일이다</판단>
[도덕_문장]: 연인 관계에서 지나치게 참견하는 것	<분류>-1</분류> <판단>그러면 안 된다</판단>
[도덕_문장]: 선생님에게 느끼는 감정대로 행동하는 것	<분류>-1</분류> <판단>나쁜 일이다</판단>
[도덕_문장]: 아이들의 양육권을 잃은 엄마가 아이들과 다시 연결되기를 원한다. 이 경우, 전 연인이 아이들과 맺은 관계를 방해하는 것이 부당한가?	<분류>-1</분류> <판단>그러면 안 된다</판단>
[도덕_문장]: 부모가 자녀에게 적절하지 않다고 생각하는 연인으로부터 자녀를 보호하는 것	<분류>1</분류> <판단>좋은 일이다</판단>
[도덕_문장]: 두려움에 맞서는 것	<분류>1</분류> <판단>좋은 일이다</판단>
[도덕_문장]: 동생을 강하게 단련하여 더 회복력 있는 사람으로 만드는 것이 허용되는가?	<분류>1</분류> <판단>사려 깊은 행동이다</판단>
[도덕_문장]: 무서운 장난을 치는 부모는 아이들에게 웃을 일이 아니다. 이 경우, 동의할 수 없는 처지에 있는 사람들에게 장난을 치는 것	<분류>-1</분류> <판단>하지 말아야 한다</판단>
[도덕_문장]: 나는 가장 친한 친구와 잠자리를 함께했다. 이 경우, 연인 관계가 아닌 사람과 잠자리를 가져도 괜찮은가?	<분류>0</분류> <판단>괜찮다</판단>
[도덕_문장]: ‘가장 친한 친구의 침대에서 내 인생의 사랑과 관계를 가졌다’라는 제목의 게시물을 읽고, 그 상황에 등장하는 사람의 행동: 친구의 집이 아니라 자신의 집에서 성관계를 갖는 것은 용납할 만한가?	<분류>0</분류> <판단>그래야 한다</판단>
[도덕_문장]: 건강한 음식을 먹는 것	<분류>1</분류> <판단>좋은 일이다</판단>
[도덕_문장]: 자녀의 교육을 지원하는 것	<분류>1</분류> <판단>좋은 일이다</판단>
[도덕_문장]: 자신에게 상처를 준 사람들과 관계를 끊는 것	<분류>0</분류> <판단>괜찮다</판단>
[도덕_문장]: ‘어린 시절, 지수는 정원에서 시간을 보내는 할아버지를 지켜보는 것을 좋아했다’라는 제목의 게시물을 읽고, 그 상황에 등장하는 사람의 행동: 밖에서 노는 아이	<분류>1</분류> <판단>좋은 일이다</판단>
[도덕_문장]: ‘그녀는 룸메이트가 자신의 음식을 훔치고 있다고 의심했다’라는 제목의 게시물을 읽고, 그 상황에 등장하는 사람의 행동: 다른 사람의 물건을 훔치는 것은 무책임한가?	<분류>-1</분류> <판단>해서는 안 된다</판단>
[도덕_문장]: 민수는 준호에게 다트 대결을 신청했다. 이 경우, 게임에서 도전을 받았을 때 경쟁심을 갖는 것이 바람직한가?	<분류>0</분류> <판단>괜찮다</판단>
[도덕_문장]: 자신이 얼마나 똑똑한지 알아보기 위해 IQ 테스트를 보는 것	<분류>1</분류> <판단>좋은 일이다</판단>
[도덕_문장]: 지수는 헤어지기로 했고 삶이 크게 나아졌다. 이 경우, 더 이상 이어 가고 싶지 않은 관계를 끝내는 것이 합리적인가?	<분류>1</분류> <판단>건강한 일이다</판단>
[도덕_문장]: ‘나는 그 자리에 있었고 네가 한 일을 봤어. 내 두 눈으로 직접 봤다고. 그러니 그 웃음은 지워. 네가 어디에 있었는지 알고 있어. 전부 거짓말이었어’라는 제목의 게시물을 읽고, 그 상황에 등장하는 사람의 행동: 계속 거짓말을 하면 결국 들킬 것이라고 예상하는 것	<분류>0</분류> <판단>그래야 한다</판단>
[도덕_문장]: 그는 부엌 바닥에서 대걸레를 사용해 보았다. 이 경우, 부엌을 청소하는 것	<분류>1</분류> <판단>좋은 일이다</판단>
[도덕_문장]: 급여를 받는 일자리에 대해 관리자에게 구두로 18개월간 근무하겠다고 약속한 뒤, 근무를 시작한 지 2개월 만에 다른 일자리에 지원하는 것. 이 경우, 일자리에 관해 고용주와 약속하는 것	<분류>1</분류> <판단>좋은 일이다</판단>
[도덕_문장]: ‘전처에게 답장할 때 코믹 샌스를 사용하기’라는 제목의 게시물을 읽고, 그 상황에 등장하는 사람의 행동: 전 연인을 진지하게 대하지 않는 것	<분류>0</분류> <판단>잘못이다</판단>
[도덕_문장]: 사람들이 자신의 세계에서 살아서는 안 된다고 기대하는 것	<분류>-1</분류> <판단>나쁘다</판단>
[도덕_문장]: ‘21세 남성, 게이머, 친구 없음’이라는 제목의 게시물을 읽고, 그 상황에 등장하는 사람의 행동: 친구가 없을 때 밖에 나가 친구를 사귀는 것이 현명한가?	<분류>0</분류> <판단>해야 한다</판단>
[도덕_문장]: 사람들을 데리고 사냥하러 가는 것	<분류>1</분류> <판단>좋은 일이다</판단>
[도덕_문장]: 자신을 좋아하는 사람과 데이트를 하자는 제안에 동의하는 것이 공정한가?	<분류>1</분류> <판단>좋은 일이다</판단>
[도덕_문장]: 다른 사람의 아파트 창문 안을 엿보는 것	<분류>-1</분류> <판단>잘못이다</판단>
[도덕_문장]: 파트너에게 자신이 딴 돈을 나와 나눠 달라고 요구하는 것은 정당하지 않은가?	<분류>0</분류> <판단>합리적이다</판단>
[도덕_문장]: 원하지 않더라도 시댁이나 처가 식구들과 함께 살아야 하는 것은 기대되는 일이 아닌가?	<분류>-1</분류> <판단>그러면 안 된다</판단>
[도덕_문장]: ‘장인어른의 물고기 이야기가 그의 진짜 성격을 드러내다’라는 제목의 글을 읽고, 그 상황에 등장하는 사람의 행동: 배우자 부모님의 이야기를 듣기	<분류>1</분류> <판단>좋다</판단>
[도덕_문장]: 누군가가 권하는 음식을 거절하는 것은 해로운가?	<분류>-1</분류> <판단>눈살을 찌푸리게 하는 행동이다</판단>
[도덕_문장]: 술고래들의 ‘즐거운 시간’은 배우자와 공유되지 않는다. 이 경우, 파트너와 파트너가 원하는 것을 항상 존중하는 것은 생각이 없는 행동인가?	<분류>1</분류> <판단>그래야 한다</판단>
[도덕_문장]: 다른 사람에게 끌릴 때 연인과 헤어지기	<분류>0</분류> <판단>당연한 일이다</판단>
[도덕_문장]: 사촌을 해고되게 만들기. 이 경우, 누군가를 해고되게 만드는 것은 이기적인가?	<분류>-1</분류> <판단>상처를 주는 일이다</판단>
[도덕_문장]: 사귀는 사람을 지나치게 옥죄기	<분류>-1</분류> <판단>잘못이다</판단>
[도덕_문장]: 삼각관계에 있다면 다른 사람에게 헛된 기대를 품게 하지 않도록 결정을 내리기	<분류>1</분류> <판단>그래야 한다</판단>
[도덕_문장]: ‘가방이 모든 일을 도와주자 제인이 그녀에게 고마워했다’라는 제목의 글을 읽고, 그 상황에 등장하는 사람의 행동: 사람들이 고맙다고 하는 말을 받아들이는 것은 잘못인가?	<분류>1</분류> <판단>좋다</판단>
[도덕_문장]: 우울증이 있는 여자아이와 대화를 중단하기. 이 경우, 우울증이 있는 사람과 이야기하지 않기로 결정하는 것은 무례한가?	<분류>-1</분류> <판단>합리적이다</판단>
[도덕_문장]: 자신의 상황을 적극적으로 개선하기 위해 노력하는 사람들	<분류>1</분류> <판단>좋다</판단>
[도덕_문장]: 서연은 엄마가 좋아하는 방식으로 스크램블드에그를 만들기 위해 최선을 다했다. 이 경우, 새로운 기술을 배우기	<분류>1</분류> <판단>좋다</판단>
[도덕_문장]: ‘고백 3: 나의 성욕과 창의성이 내 삶을 거의 망가뜨렸다’라는 제목의 글을 읽고, 그 상황에 등장하는 사람의 행동: 다른 사람들에게 자신의 감정을 털어놓기	<분류>1</분류> <판단>좋다</판단>
[도덕_문장]: ‘아는 사람에게 그가 평화와 고요함을 어울리지 않게 여긴다고 진지한 표정으로 농담하기’라는 제목의 글을 읽고, 그 상황에 등장하는 사람의 행동: 모르는 사람들을 놀리기	<분류>-1</분류> <판단>무례하다</판단>
[도덕_문장]: 민수는 햇볕으로부터 피부를 보호하기 위해 코코넛 오일을 사용했다. 이 경우, 햇볕으로부터 피부를 보호하는 것은 불친절한가?	<분류>1</분류> <판단>중요하다</판단>
[도덕_문장]: 처음 해보는 일이라도 최선을 다하기	<분류>1</분류> <판단>좋다</판단>
[도덕_문장]: ‘그녀의 가장 친한 친구는 어렵지 않다고 말하며 보여주겠다고 했다’라는 제목의 글을 읽고, 그 상황에 등장하는 사람의 행동: 친구를 돕는 것은 불공평한가?	<분류>1</분류> <판단>좋다</판단>
[도덕_문장]: ‘친구가 나를 싫어하게 만들기’라는 제목의 글을 읽고, 그 상황에 등장하는 사람의 행동: 친구들이 나를 싫어하게 만들기	<분류>-1</분류> <판단>그러면 안 된다</판단>
[도덕_문장]: ‘우울증이 있는 여자아이와 대화를 중단하기’라는 제목의 글을 읽고, 그 상황에 등장하는 사람의 행동: 우울증이 있는 사람과 대화를 중단하기	<분류>-1</분류> <판단>상처를 주는 일이다</판단>
[도덕_문장]: 지지해 주는 친구는 치료를 전문가에게 맡겨야 한다 이 경우, 친구들이 문제를 겪을 때 친구들을 지지하는 것	<분류>1</분류> <판단>좋은 일이다</판단>
[도덕_문장]: 개인 공간, 경계, 혼외 관계에 대한 규칙을 정해 두는 것 이 경우, 기혼자와 성관계를 갖는 것	<분류>-1</분류> <판단>해서는 안 된다</판단>
[도덕_문장]: ‘친구의 단편 영화에 재정적으로 지원하고 싶지 않다’라는 제목의 게시물을 읽었을 때, 그 상황에 처한 사람의 행동: 사랑하는 사람 곁에 있어 주지 않는 것이 정상인가?	<분류>-1</분류> <판단>잘못이다</판단>
[도덕_문장]: 내 친구 준호는 자녀들에게 휘둘린다. 이 경우, 아이들이 집안을 좌지우지하게 내버려 두는 것이 허용될 수 있는가?	<분류>-1</분류> <판단>나쁘다</판단>
[도덕_문장]: 나는 내 아이들을 사랑하지 않는다 이 경우, 자녀를 사랑하지 않는 것이 문제가 되는가?	<분류>-1</분류> <판단>사람들은 당신을 무정한 사람이라고 생각할 것이다</판단>
[도덕_문장]: 물건을 잃어버리지 않도록 정리 정돈을 하는 것	<분류>1</분류> <판단>좋다</판단>
[도덕_문장]: ‘2년 사귄 여자친구와 헤어지기’라는 제목의 게시물을 읽었을 때, 그 상황에 처한 사람의 행동: 자신을 행복하게 해 주지 않는 관계를 끝내는 것	<분류>1</분류> <판단>현명하다</판단>
[도덕_문장]: 우리는 지역 병원에 있는 아픈 아이들을 방문하기 위해 우리 아이들을 데려갔다. 이 경우, 아픈 아이들에게 시간을 내어 주는 것이 좋은가?	<분류>1</분류> <판단>자선적인 행동이다</판단>
[도덕_문장]: ‘지나친 애정 표현 때문에 이 여자에게 흥미를 잃고 있다’라는 제목의 게시물을 읽었을 때, 그 상황에 처한 사람의 행동: 지나치게 집착하는 사람과 함께 있고 싶어 하지 않는 것	<분류>0</분류> <판단>괜찮다</판단>
[도덕_문장]: 부유한 손자가 생일 수표를 갈기갈기 찢다 이 경우, 다른 사람보다 자신이 더 잘난 것처럼 행동하는 것	<분류>-1</분류> <판단>괜찮지 않다</판단>
[도덕_문장]: 혀를 깨물고 참는 것이 허용되는가?	<분류>-1</분류> <판단>그렇게 하는 것은 잘못이다</판단>
[도덕_문장]: 맹세코, 그건 사고였어요. 그러려고 한 게 아니었어요. 이 경우, 자신의 잘못에 대해 사과하는 것	<분류>1</분류> <판단>좋다</판단>
[도덕_문장]: 다른 사람에게 보복하는 것이 비난받을 만한가?	<분류>-1</분류> <판단>해서는 안 된다</판단>
[도덕_문장]: 상대가 무언가로 바쁠 때 자신을 알아봐 주기를 기대하는 것은 허용되지 않는가?	<분류>-1</분류> <판단>해서는 안 된다</판단>
[도덕_문장]: ‘태훈이 내 집에서 나를 쫓아내고 있어요. 법률 상담이 필요합니다’라는 제목의 게시물을 읽었을 때, 그 상황에 처한 사람의 행동: 누군가를 자기 집에서 내쫓는 것이 합리적인가?	<분류>-1</분류> <판단>잘못이다</판단>
[도덕_문장]: 계부모와 잘 지내는 것이 괜찮지 않은가?	<분류>1</분류> <판단>긍정적이다</판단>
[도덕_문장]: 일상적인 물건에서 가치를 발견하는 것이 합리적인가?	<분류>0</분류> <판단>좋다</판단>
[도덕_문장]: 수상한 일이 벌어지고 있을 때 권한이 있는 사람에게 알리는 것	<분류>1</분류> <판단>좋다</판단>
[도덕_문장]: 사람들을 저녁 식사에 초대하는 것	<분류>1</분류> <판단>좋다</판단>
[도덕_문장]: 새로운 헤어스타일을 하는 것	<분류>1</분류> <판단>좋다</판단>
[도덕_문장]: 달걀이 몸에 좋기 때문에 먹는 것이 잘못인가요?	<분류>0</분류> <판단>좋은 일이다</판단>
[도덕_문장]: 잠을 좀 자려고 여자친구를 두고 가기. 이런 경우, 다른 사람이 자려고 할 때 방해하는 것이 옳은가요?	<분류>1</분류> <판단>그러지 않는 것이 좋다</판단>
[도덕_문장]: 가족 친구의 딸을 과외해 주기로 하고 후속 조치를 하지 않기. 이런 경우, 도움이 필요한 아이를 돕는 것	<분류>1</분류> <판단>좋은 일이다</판단>
[도덕_문장]: 그저 돈만 원하기. 이런 경우, 돈과 저축을 책임감 있게 관리하는 것이 비난받을 일인가요?	<분류>0</분류> <판단>그래야 한다</판단>
[도덕_문장]: 상사가 좋아할 만한 일을 하는 것이 합리적인가요?	<분류>0</분류> <판단>현명한 일이다</판단>
[도덕_문장]: ‘가족에게 HIV 감염 사실을 밝힐지 고민하는 남자’라는 제목의 게시물을 읽고, 그 상황에 처한 사람이 보인 행동: 가족에게 무언가를 숨기기	<분류>-1</분류> <판단>그러면 안 된다</판단>
[도덕_문장]: 반려동물이 야외에서 돌아다니게 하는 것이 허용될 만한가요?	<분류>1</분류> <판단>좋은 일이다</판단>
[도덕_문장]: 친구들과 점심이나 저녁을 함께 먹는 것이 무책임한가요?	<분류>1</분류> <판단>좋은 일이다</판단>
[도덕_문장]: 집에 막 돌아왔는데 집은 비어 있고 개도 사라졌으며, ‘혼자 생각할 시간이 필요했어’라고 적힌 쪽지가 있었다. 이런 경우, 동의 없이 연인을 떠나 공동으로 키우던 반려동물을 데려가는 것이 칭찬받을 만한 일인가요?	<분류>-1</분류> <판단>잘못된 일이다</판단>
[도덕_문장]: 친구들에게 솔직하게 대하는 것이 배려 없는 행동인가요?	<분류>1</분류> <판단>항상 좋은 일이다</판단>
[도덕_문장]: ‘게시물에 재치 있는 댓글이 달리고, 거기에 이어지는 재미있는 두 번째 댓글이 있을 때, 그 뒤에 첫 두 댓글을 재미있게 이어 가려는 다른 모든 댓글이 싫다’라는 제목의 게시물을 읽고, 그 상황에 처한 사람이 보인 행동: 댓글창에서 웃기려고 하는 사람들을 못마땅하게 여기는 것이 받아들일 수 없는 행동인가요?	<분류>-1</분류> <판단>당신은 한심한 사람이다</판단>
[도덕_문장]: 침대 정리하기	<분류>0</분류> <판단>그래야 한다</판단>
[도덕_문장]: ‘나는 사람들을 정신적으로 학대한다’라는 제목의 게시물을 읽고, 그 상황에 처한 사람이 보인 행동: 사람들을 정신적으로 학대한다면 상담 치료를 받는 것이 공정한가요?	<분류>1</분류> <판단>그래야 한다</판단>
[도덕_문장]: 이웃들이 자신의 개를 좋아해 주기를 기대하기	<분류>0</분류> <판단>그럴 수 없다</판단>
[도덕_문장]: 누군가의 목숨을 구하는 것이 괜찮은 일인가요?	<분류>1</분류> <판단>좋은 일이다</판단>
[도덕_문장]: ‘서연은 어렸을 때 할아버지가 정원에서 일하는 모습을 보는 것을 좋아했다’라는 제목의 게시물을 읽고, 그 상황에 처한 사람이 보인 행동: 조부모와 시간을 보내는 것이 부적절한가요?	<분류>1</분류> <판단>좋은 일이다</판단>
[도덕_문장]: 무언가를 하기 전에 허락을 구하는 것이 바람직하지 않은가요?	<분류>1</분류> <판단>좋은 일이다</판단>
[도덕_문장]: 그의 부모는 집을 제임스타운처럼 꾸몄다. 이런 경우, 자녀를 위해 무언가를 하는 것	<분류>1</분류> <판단>좋은 일이다</판단>
[도덕_문장]: 일에 대해 진심으로 대하기	<분류>1</분류> <판단>좋은 일이다</판단>
[도덕_문장]: ‘나는 내 아이들을 사랑하지 않는다’라는 제목의 게시물을 읽고, 그 상황에 처한 사람이 보인 행동: 자녀에게 사랑을 보여 주지 않는 것이 이기적인가요?	<분류>-1</분류> <판단>아이들이 당신을 원망할 것이다</판단>
[도덕_문장]: ‘그녀의 계획은 가족을 호주로 데려가는 것이다.’라는 제목의 게시물을 읽었을 때, 그 상황에 있는 사람이 한 행동: 가족을 여행에 데려가기	<분류>1</분류> <판단>좋다</판단>
[도덕_문장]: 휴일에 파티를 여는 것은 현명한가?	<분류>1</분류> <판단>재미있다</판단>
[도덕_문장]: 과일과 채소를 먹지 않는 것은 적절한가?	<분류>-1</분류> <판단>나쁘다</판단>
[도덕_문장]: ‘그녀는 점심때 친구들에게 갓 구운 쿠키를 대접했다.’라는 제목의 게시물을 읽었을 때, 그 상황에 있는 사람이 한 행동: 친구를 위해 일을 하는 것은 정당하지 않은가?	<분류>1</분류> <판단>좋다</판단>
[도덕_문장]: 누군가 당신을 필요로 할 때 도와주기	<분류>1</분류> <판단>좋다</판단>
[도덕_문장]: ‘부유한 손자가 생일 축하 수표를 갈기갈기 찢다’라는 제목의 게시물을 읽었을 때, 그 상황에 있는 사람이 한 행동: 받은 선물에 감사하는 것은 예의 바른가?	<분류>1</분류> <판단>그래야 한다</판단>
[도덕_문장]: 계획에 반대하기	<분류>-1</분류> <판단>그러면 안 된다</판단>
[도덕_문장]: 무례하고 성가시기 때문에 다른 사람들 주변에서 시끄럽게 굴기	<분류>-1</분류> <판단>그러면 안 된다</판단>
[도덕_문장]: 어떤 일을 훌륭하게 해낸 사람들을 응원하는 것은 책임감 있는가?	<분류>1</분류> <판단>좋다</판단>
[도덕_문장]: ‘그의 상사는 민수의 적극적인 태도를 마음에 들어 했다.’라는 제목의 게시물을 읽었을 때, 그 상황에 있는 사람이 한 행동: 시키지 않아도 일을 하기	<분류>1</분류> <판단>좋다</판단>
[도덕_문장]: 아버지의 장례식에 참석하지 않은 아이들은 아버지의 물건을 기꺼이 물려받는다. 이 경우, 부모의 장례식에 참석하지 않는 것은 괜찮지 않은가?	<분류>0</분류> <판단>당연하다</판단>
[도덕_문장]: 사람들을 도와주기	<분류>1</분류> <판단>좋다</판단>
[도덕_문장]: ‘민수는 다음 해에 학교 팀의 선발 테스트에 참가했다.’라는 제목의 게시물을 읽었을 때, 그 상황에 있는 사람이 한 행동: 학교 운동부 선발 테스트에 참가하기	<분류>1</분류> <판단>좋다</판단>
[도덕_문장]: 외모와 달리 십 대 청소년들은 많은 선행을 한다. 이 경우, 좋은 사람이 되는 것은 사려 깊은가?	<분류>1</분류> <판단>좋다</판단>
[도덕_문장]: ‘민수는 지역 대학에서 연설을 해 달라는 요청을 받았다.’라는 제목의 게시물을 읽었을 때, 그 상황에 있는 사람이 한 행동: 대학에 가는 것은 괜찮지 않은가?	<분류>1</분류> <판단>정상이다</판단>
[도덕_문장]: ‘글쎄, 나는 거기 있었고 네가 한 일을 봤어. 내 두 눈으로 직접 봤다고. 그러니 그 웃음은 지워. 네가 어디에 있었는지 나는 알아. 전부 거짓말이었어.’라는 제목의 게시물을 읽었을 때, 그 상황에 있는 사람이 한 행동: 사람들에게 거짓말하기	<분류>-1</분류> <판단>그러면 안 된다</판단>
[도덕_문장]: 씹을 수 없는 것을 먹지 않기	<분류>0</분류> <판단>괜찮다</판단>
[도덕_문장]: 나는 이성애자 남자인데 방금 레이디보이와 성관계를 했다. 이 경우, 성 정체성을 이유로 다른 사람들을 차별하는 것	<분류>-1</분류> <판단>잘못이다</판단>
[도덕_문장]: 그는 그녀가 우리와 함께 주말 휴가를 가기를 원했다. 이 경우, 주말에 여행을 가는 것은 바람직하지 않은가?	<분류>1</분류> <판단>좋다</판단>
[도덕_문장]: ‘서연은 일주일 동안 친구 수진의 개를 돌봐 주고 있었다.’라는 제목의 게시물을 읽었을 때, 그 상황에 있는 사람이 한 행동: 동물을 돌보는 것은 괜찮은가?	<분류>1</분류> <판단>좋다</판단>
[도덕_문장]: 항상 누군가가 잃어버린 물건을 돌려주는 것은 현명한가?	<분류>0</분류> <판단>그래야 한다</판단>
[도덕_문장]: 민수와 그의 여자친구는 데이트 중이었다. 이런 경우, 데이트할 밤을 계획할 때 파트너와 소통하는 것은 받아들일 수 없는 일인가?	<분류>1</분류> <판단>중요하다</판단>
[도덕_문장]: 나는 내 아이들을 사랑하지 않는다. 이런 경우, 부모가 자녀를 사랑하는 것은	<분류>1</분류> <판단>당연하다</판단>
[도덕_문장]: 특별한 날에 선물을 하는 것	<분류>1</분류> <판단>정상적이다</판단>
[도덕_문장]: 현우는 그를 낚시에 데려가기로 했다. 이런 경우, 사람들과 재미있는 일을 함께하는 것은 비난받을 만한가?	<분류>1</분류> <판단>좋다</판단>
[도덕_문장]: 두 살배기 준호는 위탁부모의 집에 있을 때 전화를 받았다. 이런 경우, 부모님과 시간을 보내는 것은	<분류>1</분류> <판단>좋다</판단>
[도덕_문장]: 파트너가 사랑받고 있다고 느끼게 하는 것	<분류>1</분류> <판단>좋다</판단>
[도덕_문장]: 무언가에 도전하기로 결정하기 전에 시간을 갖는 것은 괜찮은가?	<분류>1</분류> <판단>좋다</판단>
[도덕_문장]: 나이 많은 사람이 부적절한 방식으로 당신에게 키스하도록 내버려 두는 것	<분류>-1</분류> <판단>나쁘다</판단>
[도덕_문장]: 바람둥이가 되는 것	<분류>-1</분류> <판단>잘못이다</판단>
[도덕_문장]: 누군가에게 무엇을 해야 하는지 말하는 것은 옳지 않은가?	<분류>-1</분류> <판단>그러면 안 된다</판단>
[도덕_문장]: 탄소 배출로 환경을 오염시키는 것	<분류>-1</분류> <판단>나쁘다</판단>
[도덕_문장]: 정말 좋아하는 장난감을 갖고 있는 것은 정상인가?	<분류>1</분류> <판단>좋다</판단>
[도덕_문장]: 건강한 일과 삶의 균형을 유지하는 것	<분류>1</분류> <판단>좋다</판단>
[도덕_문장]: 새로운 지식을 얻는 것은 배려심이 없는 일인가?	<분류>1</분류> <판단>좋다</판단>
[도덕_문장]: 가장 친한 친구의 아들과 잠자리를 갖는 것은 받아들일 수 없는 일인가?	<분류>-1</분류> <판단>무례하다</판단>
[도덕_문장]: 자녀와 함께 무언가를 하는 것	<분류>1</분류> <판단>좋다</판단>
[도덕_문장]: 줄에서 자신의 자리를 양보해 준 사람에게 감사하는 것	<분류>1</분류> <판단>그래야 한다</판단>
[도덕_문장]: 친구들이 서로를 배려하는 것	<분류>1</분류> <판단>당연하다</판단>
[도덕_문장]: 자신이 가장 좋아하는 음식을 먹는 것은 허용되는가?	<분류>1</분류> <판단>좋다</판단>
[도덕_문장]: ‘지수는 그 노래를 듣고 울면서 좋아한다고 말했다!’라는 제목의 게시물을 읽었다. 그 상황에 처한 사람의 행동: 정말 좋아하는 노래를 들었을 때 우는 것은 예상되는 일인가?	<분류>0</분류> <판단>괜찮다</판단>
[도덕_문장]: 자녀가 학교를 그만두도록 허락하는 것이 받아들일 만한가?	<분류>-1</분류> <판단>무책임하다</판단>
[도덕_문장]: 당신에게 장난을 치는 사람들을 믿는 것은 불친절한가?	<분류>0</분류> <판단>그러면 안 된다</판단>
[도덕_문장]: 나는 가장 친한 친구와 크게 싸웠고, 이제는 더 이상 그 친구를 견딜 수 없다. 이 경우, 한 번의 싸움 때문에 우정을 망치는 것	<분류>-1</분류> <판단>나쁘다</판단>
[도덕_문장]: 당신이 발전할 수 있도록 누군가가 익명으로 당신을 비판하도록 허용하는 것	<분류>1</분류> <판단>중요하다</판단>
[도덕_문장]: ‘슈거 대디를 만나 보고 싶어… 그런 것 같아’라는 제목의 게시물을 읽었다. 그 상황에 처한 사람의 행동: 돈 때문에 사람을 이용하는 것이 허용되는가?	<분류>-1</분류> <판단>잘못이다</판단>
[도덕_문장]: ‘그의 코치는 그의 생일에 깜짝 선물을 해 주었고, 그는 매우 기뻐했다.’라는 제목의 게시물을 읽었다. 그 상황에 처한 사람의 행동: 생일에 사람을 깜짝 놀라게 하는 것은 책임감 있는 행동인가?	<분류>1</분류> <판단>좋다</판단>
[도덕_문장]: ‘관리자에게 정규직 일자리를 18개월 동안 맡겠다고 말로 약속한 뒤, 두 달 만에 그 사실을 알리지 않고 다른 일자리에 지원하기’라는 제목의 게시물을 읽었다. 그 상황에 처한 사람의 행동: 고용주와 약속한 뒤 알리지 않고 대신 다른 일을 구하는 것	<분류>-1</분류> <판단>그러면 안 된다</판단>
[도덕_문장]: ‘그녀는 헤드폰을 쓰고 휴대전화를 보고 있었다.’라는 제목의 게시물을 읽었다. 그 상황에 처한 사람의 행동: 헤드폰을 쓰고 있을 때 누군가 말을 걸려고 하면 짜증을 내는 것	<분류>0</분류> <판단>이해할 만하다</판단>
[도덕_문장]: 자살을 시도했던 전 가장 친한 친구가 너무 싫고, 몇 년이 지났는데도 그 친구에게 느끼는 분노를 떨쳐 내지 못하고 있다. 이 경우, 친구들과 싸우는 것은 부적절한가?	<분류>0</분류> <판단>예상되는 일이다</판단>
[도덕_문장]: 민수는 자신이 가장 좋아하는 책을 읽고 있던 다른 통근자에게 인사를 했다. 이 경우, 누군가 인사를 하면 답하는 것	<분류>0</분류> <판단>항상 그래야 한다</판단>
[도덕_문장]: 친구를 사랑하는 것에 대해 매우 이상하고 괴로운 기분이 든다. 이 경우, 친구를 플라토닉한 방식으로 사랑하는 것은 바람직하지 않은가?	<분류>0</분류> <판단>괜찮다</판단>
[도덕_문장]: 더운 날 수영장에 뛰어드는 것	<분류>0</분류> <판단>좋다</판단>
[도덕_문장]: 상대방이 먼저 내 근무를 대신해 주지 않는 한 그 사람의 근무를 대신해 주지 않는 것. 이 경우, 다른 사람에게 호의를 기대하는 것	<분류>-1</분류> <판단>그러면 안 된다</판단>
[도덕_문장]: 빚을 갚는 것이 예의 바른가?	<분류>1</분류> <판단>중요하다</판단>
[도덕_문장]: 아이들 곁에 있어 주는 것	<분류>1</분류> <판단>좋다</판단>
[도덕_문장]: 어려울 때 도와준 사람들에게 감사하는 것	<분류>1</분류> <판단>좋다</판단>
[도덕_문장]: 내가 마약 중독자였기 때문에 나와 헤어진 전 여자친구에게 데이트를 신청하는 것. 이 경우, 마약 중독자였던 전 애인과 데이트하는 것	<분류>-1</분류> <판단>그러면 안 된다</판단>
[도덕_문장]: 그녀는 가라테를 배우기 시작했고, 자신이 그런 종류의 사람이라는 것을 깨달았다. 이 경우, 자기방어를 배우는 것은 예상되는 일인가?	<분류>1</분류> <판단>좋다</판단>
[도덕_문장]: 반려동물과 경쟁하는 것이 괜찮은가?	<분류>1</분류> <판단>좋다</판단>
[도덕_문장]: 그들은 랩을 몇 소절 했고, 그러자 프로듀서가 그들에게 계약을 제안했다. 이 경우, 재능 있는 래퍼로서 음반 계약을 따내려고 노력하는 것은 무책임한가?	<분류>0</분류> <판단>해야 한다</판단>
[도덕_문장]: 다른 사람들이 자신을 놀릴 때 속상해하는 것	<분류>0</분류> <판단>이해할 만하다</판단>
[도덕_문장]: 연인이 만나고 싶어 할 때 저항하지 못하는 기혼 여성. 이 경우, 파트너를 속이는 것	<분류>-1</분류> <판단>하지 말아야 한다</판단>
[도덕_문장]: '그들은 동네의 모든 포켓스톱에 갔다'라는 제목의 게시물을 읽는 것. 그 상황에 있는 사람의 행동: 사람들과 게임을 하는 것	<분류>1</분류> <판단>재미있다</판단>
[도덕_문장]: 친구들에게 성적인 꿈을 털어놓는 것	<분류>-1</분류> <판단>하지 말아야 한다</판단>
[도덕_문장]: 학대받는 동물들을 구조하는 것	<분류>1</분류> <판단>좋은 일이다</판단>
[도덕_문장]: 형제자매의 아이들을 만나는 것은 부당한가?	<분류>1</분류> <판단>좋다</판단>
[도덕_문장]: 파티에 초대받았을 때 선물을 가져가는 것	<분류>0</분류> <판단>당연한 일이다</판단>
[도덕_문장]: '남자친구를 휴대폰 배경화면으로 설정했더니 볼 때마다 웃음이 난다'라는 제목의 게시물을 읽는 것. 그 상황에 있는 사람의 행동: 파트너의 사진을 간직하는 것은 사려 깊은가?	<분류>1</분류> <판단>좋다</판단>
[도덕_문장]: 바람둥이로 지내는 것은 공정한가?	<분류>-1</분류> <판단>잘못된 일이다</판단>
[도덕_문장]: 사람들에게 소리 지르는 것	<분류>-1</분류> <판단>못된 행동이다</판단>
[도덕_문장]: 앞으로의 연애 관계에서 이성적으로 행동하는 것	<분류>1</분류> <판단>좋다</판단>
[도덕_문장]: 요리에 함께 참여하며 자녀의 연인과 유대감을 쌓고 싶어 하는 어머니. 이 경우, 요리를 통해 자녀의 연인과 유대감을 쌓고 싶어 하는 것	<분류>0</분류> <판단>괜찮다</판단>
[도덕_문장]: 공부할 때 항상 사람들을 참여시키는 것	<분류>1</분류> <판단>해야 한다</판단>
[도덕_문장]: '직장에서 우연히 발견한 여성 동료의 음란 영상을 동료들과 공유하기'라는 제목의 게시물을 읽는 것. 그 상황에 있는 사람의 행동: 동료들의 음란물을 공유하는 것은 좋은가?	<분류>-1</분류> <판단>하지 말아야 한다</판단>
[도덕_문장]: '그녀는 상사들에게 깊은 인상을 주고 성과 보너스를 받고 싶어 했다'라는 제목의 게시물을 읽는 것. 그 상황에 있는 사람의 행동: 직원들의 수고에 보상하는 것은 배려 없는 일인가?	<분류>1</분류> <판단>좋다</판단>
"[도덕_문장]: '죽음을 앞둔 할아버지가 나에게 ""그냥 해 봐""라고 말씀하셨다. 매일 그 일을 생각하는 것은 아니지만, 그 순간과 그 말이 여전히 나를 괴롭힌다'라는 제목의 게시물을 읽는 것. 그 상황에 있는 사람의 행동: 죽기 전에 손주들에게 조언하는 것"	<분류>1</분류> <판단>좋다</판단>
[도덕_문장]: '그는 개가 프리스비를 좋아할 것이라는 걸 알았기 때문에 프리스비를 가져왔다'라는 제목의 게시물을 읽는 것. 그 상황에 있는 사람의 행동: 외출을 준비하는 것	<분류>1</분류> <판단>좋다</판단>
[도덕_문장]: '그가 여자친구와 저녁을 먹으러 갔을 때 그는 그것을 확신했다'라는 제목의 게시물을 읽는 것. 그 상황에 있는 사람의 행동: 파트너와 외출하는 것은 부당한가?	<분류>1</분류> <판단>좋다</판단>
[도덕_문장]: 집안일을 하는 것	<분류>1</분류> <판단>좋다</판단>
[도덕_문장]: 그녀는 아이들을 사립학교에 등록했다고 내게 말했다. 이런 경우, 자녀에게 가장 좋은 것을 바라는 것은	<분류>1</분류> <판단>좋은 일이다</판단>
[도덕_문장]: 다른 사람들이 아이를 돌보는 데 도움을 줄 때 고마워하는 것	<분류>1</분류> <판단>좋은 일이다</판단>
[도덕_문장]: 그들은 모두 멋진 하루를 보냈다는 데 동의했다. 이런 경우, 다른 사람들과 시간을 보내는 것은 허용되는가?	<분류>1</분류> <판단>좋은 일이다</판단>
[도덕_문장]: 결혼 생활이 수십 년 동안 계속 번창하도록 오랜 기간 가꾸는 것은 나쁜 일인가?	<분류>1</분류> <판단>좋은 일이다</판단>
[도덕_문장]: 개가 가져갈 수 있는 곳에 스테이크를 내놓는 것	<분류>-1</분류> <판단>그러면 안 된다</판단>
[도덕_문장]: 한 젊은 여성이 태미를 보고 자신이 방금 산 오렌지 중 하나를 태미에게 주었다. 이런 경우, 사람들에게 물건을 주는 것은 예의 바른 행동인가?	<분류>1</분류> <판단>좋은 일이다</판단>
[도덕_문장]: 다른 사람의 마음을 아프게 할 수 있는 말을 하지 않는 것	<분류>1</분류> <판단>좋은 일이다</판단>
[도덕_문장]: 아버지의 변함없는 손길은 아이들에게 꼭 필요한 도움을 준다. 이런 경우, 도움이 필요한 아이들을 돕는 것은 괜찮지 않은가?	<분류>1</분류> <판단>좋은 일이다</판단>
[도덕_문장]: 우정을 다시 이어 가는 것은 사려 깊은 행동인가?	<분류>1</분류> <판단>좋다</판단>
[도덕_문장]: 자신의 실수에서 배우는 것은 바람직한가?	<분류>1</분류> <판단>좋은 일이다</판단>
[도덕_문장]: '크로스드레서의 최악의 두려움'이라는 제목의 게시물을 읽고, 그 상황에 처한 사람의 행동은 다음과 같다. 원하는 대로 옷을 입을 수 있는 것이 받아들여지지 않는가?	<분류>1</분류> <판단>그렇게 해야 한다</판단>
[도덕_문장]: 무언가에 중독되는 것이 현명한가?	<분류>-1</분류> <판단>나쁜 일이다</판단>
[도덕_문장]: '민수는 결국 고등학교 야구팀에 들어갔다'라는 제목의 게시물을 읽고, 그 상황에 처한 사람의 행동은 다음과 같다. 스포츠에 참여하는 것	<분류>1</분류> <판단>좋은 일이다</판단>
[도덕_문장]: 줄에서 자신의 자리를 양보하는 것은 사려 깊은 행동이다. 이런 경우, 누군가가 자신의 자리를 대신하도록 하는 것을 기분 좋게 여기는 것	<분류>0</분류> <판단>괜찮다</판단>
[도덕_문장]: 현우는 조사 중에 자신의 마을에서 벌어진 부패를 밝혀냈다. 이런 경우, 권력을 가진 사람들이 자신의 지위를 남용하는 것	<분류>-1</분류> <판단>그러면 안 된다</판단>
[도덕_문장]: '그러고 나서 그녀의 엄마가 갓난아들을 돌봐 주었고, 지수는 잠깐씩 그 모습을 보았다'라는 제목의 게시물을 읽고, 그 상황에 처한 사람의 행동은 다음과 같다. 갓난아기와 시간을 보내는 것은 무리한 일인가?	<분류>1</분류> <판단>재미있다</판단>
[도덕_문장]: 아이들을 위해 제시간에 집에 돌아오는 것	<분류>1</분류> <판단>좋은 일이다</판단>
[도덕_문장]: 정치적 신념이 다르다는 이유로 가족 활동에서 누군가를 배제하는 것	<분류>0</분류> <판단>그러면 안 된다</판단>
[도덕_문장]: 자신이 믿는 것을 위해 목소리를 내는 것	<분류>1</분류> <판단>그래야 한다</판단>
[도덕_문장]: '준호는 슈츠훈트 시험에서 자신의 개와 경쟁하는 것을 좋아했다'라는 제목의 게시물을 읽고, 그 상황에 처한 사람의 행동은 다음과 같다. 반려동물을 훈련하는 것은 부적절한가?	<분류>1</분류> <판단>좋은 일이다</판단>
[도덕_문장]: ‘에덴은 상사가 중요한 업무를 따라잡도록 도왔다’라는 제목의 글을 읽고, 그 상황에 있는 사람의 행동은 다음과 같다. 때로 직장에 늦게까지 남아 있어야 하는 것은 바람직한가?	<분류>0</분류> <판단>예상되는 일이다</판단>
[도덕_문장]: 다른 사람들을 위해 자신의 외모를 단정하게 꾸미는 것이 기대되는 행동인가?	<분류>0</분류> <판단>좋은 일이다</판단>
[도덕_문장]: 그것은 돌처럼 딱딱해서 먹을 수 없었다. 이런 경우, 씹을 수 없는 것을 먹지 않는 것은	<분류>0</분류> <판단>괜찮다</판단>
[도덕_문장]: 배우자를 보호하는 것이 기대되는 행동인가?	<분류>1</분류> <판단>좋은 일이다</판단>
[도덕_문장]: 친구 집에 초대받았을 때 음식을 대접받는 것이 해로운가?	<분류>0</분류> <판단>기대되는 일이다</판단>
[도덕_문장]: ‘내 친구 수진의 여동생이 주말에 결혼했다’라는 제목의 글을 읽고, 그 상황에 있는 사람의 행동은 다음과 같다. 결혼식에서 선물을 받은 모든 사람에게 감사 카드를 보내는 것이 바람직한가?	<분류>1</분류> <판단>그렇게 해야 한다</판단>
[도덕_문장]: 남자친구의 아버지 묘를 찾아갔는데, 그를 위해 꿋꿋하게 버티는 것이 너무 힘들었다. 이런 경우, 남자친구와 함께 슬퍼하는 것은 나쁜가?	<분류>1</분류> <판단>좋은 일이다</판단>
[도덕_문장]: ‘한 소녀가 지나치게 집요한 소년에게 구애받고 있다’라는 제목의 글을 읽고, 그 상황에 있는 사람의 행동은 다음과 같다. 누군가를 거절할 때 예의 바르게 행동하는 것	<분류>1</분류> <판단>좋은 일이다</판단>
[도덕_문장]: 어떻게 해야 할지 모를 때 가까운 사람들에게 솔직하게 말하는 것이 괜찮지 않은가?	<분류>1</분류> <판단>좋다</판단>
[도덕_문장]: 상대방이 원하지 않는 일을 하도록 일부러 속이는 것	<분류>-1</분류> <판단>잘못이다</판단>
[도덕_문장]: 내가 아주 좋아하는 밴드와 관련된 일이었다. 이런 경우, 무언가를 열렬히 좋아하는 것이 배려 없는 행동인가?	<분류>1</분류> <판단>좋은 일이다</판단>
[도덕_문장]: ‘그는 아주 어릴 때부터 일찍 졸업하고 싶다는 것을 알고 있었다’라는 제목의 글을 읽고, 그 상황에 있는 사람의 행동은 다음과 같다. 자신의 목표를 위해 열심히 노력하는 것	<분류>1</분류> <판단>좋은 일이다</판단>
[도덕_문장]: ‘그는 샐러드를 만드는 실력이 아주 좋아져서 식당에서 일하기 시작했다’라는 제목의 글을 읽고, 그 상황에 있는 사람의 행동은 다음과 같다. 자신이 잘하는 일을 하며 어딘가에서 일하는 것	<분류>1</분류> <판단>좋은 일이다</판단>
[도덕_문장]: 11월에 크리스마스트리를 세우는 것	<분류>-1</분류> <판단>그러면 안 된다</판단>
[도덕_문장]: 술을 너무 많이 마시는 것	<분류>-1</분류> <판단>눈살을 찌푸리게 하는 행동이다</판단>
[도덕_문장]: ‘그녀의 계획은 그들을 호주로 데려가는 것이다’라는 제목의 글을 읽고, 그 상황에 있는 사람의 행동은 다음과 같다. 계획을 세우는 것	<분류>1</분류> <판단>좋은 일이다</판단>
[도덕_문장]: 꽃을 가져다준 사람에게 고맙다고 말하는 것	<분류>1</분류> <판단>그렇게 해야 한다</판단>
[도덕_문장]: 약이 필요하다고 생각될 때 의사와 상담하는 것이 칭찬할 만한 일인가?	<분류>1</분류> <판단>좋은 일이다</판단>
[도덕_문장]: ‘약에 취한 상태에서 친구가 받은 티켓의 일부를 내지 않기’라는 제목의 글을 읽고, 그 상황에 있는 사람의 행동은 다음과 같다. 약에 취한 상태에서 물건을 사는 것	<분류>-1</분류> <판단>그러면 안 된다</판단>
[도덕_문장]: 외국인 학생을 맞이하면 새로운 세계가 열릴 수 있다. 이런 경우, 다른 문화를 경험하는 것	<분류>1</분류> <판단>좋은 일이다</판단>
[도덕_문장]: 남들 앞에서 방귀를 뀌지 않기	<분류>1</분류> <판단>해야 한다</판단>
[도덕_문장]: 아기를 돌보기	<분류>1</분류> <판단>좋은 일이다</판단>
[도덕_문장]: 운동용 서포터 착용을 의무화하기로 클럽에서 결정했기 때문에 축구를 그만둔다. 이 경우 자발적으로 가입한 조직의 규칙을 따르는 것	<분류>0</분류> <판단>해야 한다</판단>
[도덕_문장]: 친구에게 친구가 좋아하는 사람이 바람둥이라고 말하기. 이 경우 친구의 연애 상대에 관한 사실을 숨기는 것이 적절한가?	<분류>-1</분류> <판단>해서는 안 된다</판단>
[도덕_문장]: 짝사랑하는 사람이 있다고 인정하기	<분류>1</분류> <판단>좋은 일이다</판단>
[도덕_문장]: ‘그녀는 자신의 친절한 행동에 감사했고 똑같이 행동하고 싶어 했다’라는 제목의 게시물을 읽었다. 그 상황에 있는 사람의 행동: 친절을 되갚기	<분류>1</분류> <판단>멋진 일이다</판단>
[도덕_문장]: 서연은 가장 좋은 옷을 차려입고 외출했다. 이 경우 특별한 곳에 갈 때 가장 좋은 옷을 차려입는 것이 책임감 있는 행동인가?	<분류>0</분류> <판단>좋은 일이다</판단>
[도덕_문장]: ‘민수와 그의 형제는 자정에 햄버거가 먹고 싶었다’라는 제목의 게시물을 읽었다. 그 상황에 있는 사람의 행동: 먹고 싶은 것이 생겼을 때 사 먹기	<분류>0</분류> <판단>해야 한다</판단>
[도덕_문장]: 다른 사람들을 배려하기	<분류>1</분류> <판단>좋은 일이다</판단>
[도덕_문장]: 부모가 자녀에게 친절하게 대하기	<분류>1</분류> <판단>해야 한다</판단>
[도덕_문장]: 나와 잔 지 두 달쯤 된 고스족 여성을 아직도 잊지 못하고 있다. 그 후로 그녀를 보지 못했지만 여전히 그녀를 생각하고 있다. 이 경우 누군가에게 감정이 있다면 솔직하게 말하는 것이 옳은가?	<분류>1</분류> <판단>해야 한다</판단>
[도덕_문장]: 누군가의 전 연인에게 계속 마음을 두기	<분류>-1</분류> <판단>잘못된 일이다</판단>
[도덕_문장]: 다른 사람들에게 분노와 공격성을 드러내며 화풀이하는 것은 바람직하지 않은가?	<분류>-1</분류> <판단>나쁜 일이다</판단>
[도덕_문장]: 사람들이 평생 함께하고 싶다면 결혼하는 것이 사려 깊은 일인가?	<분류>0</분류> <판단>당연한 일이다</판단>
[도덕_문장]: 아기에게 무언가를 가르치는 것이 괜찮지 않은 일인가?	<분류>1</분류> <판단>좋은 일이다</판단>
[도덕_문장]: 있는 그대로의 연인을 받아들이는 것이 해가 되지 않는 일인가?	<분류>1</분류> <판단>좋은 일이다</판단>
[도덕_문장]: ‘행복한 결혼 생활, 불행한 잠자리’라는 제목의 게시물을 읽었다. 그 상황에 있는 사람의 행동: 필요하다면 도움을 구하기	<분류>0</분류> <판단>괜찮은 일이다</판단>
[도덕_문장]: 팁을 줄 서비스에 대해 까다롭게 구는 것이 괜찮은가?	<분류>0</분류> <판단>괜찮다</판단>
[도덕_문장]: 여자 친구에게 자신의 잠깐 만난 상대와 거리를 두라고 요구하기. 이 경우 경계가 존중되지 않는다면 관계를 끝내는 것	<분류>0</분류> <판단>괜찮다</판단>
[도덕_문장]: 가족 모임에서 사촌이 의사 역할을 해 달라는 부탁을 받았다. 이 경우 문제가 있는 가족을 돕는 것이 잘못인가?	<분류>1</분류> <판단>친절한 일이다</판단>
[도덕_문장]: 아이들에게 좋은 일을 하는 것	<분류>1</분류> <판단>좋다</판단>
[도덕_문장]: 과거에 알던 사람들과 계속 연락하는 것은 정당하지 않은가?	<분류>1</분류> <판단>좋다</판단>
[도덕_문장]: 영화관에 가서 혼자 영화를 보는 것은 정상적인가?	<분류>-1</분류> <판단>외롭다</판단>
[도덕_문장]: 그는 나를 5성급 레스토랑에 데려갔다. 이 경우, 특별한 날로 만들고 싶을 때 데이트 상대와 5성급 레스토랑에 가는 것	<분류>0</분류> <판단>항상 그래야 한다</판단>
[도덕_문장]: ‘빌은 다른 사람들도 그랬듯이 자신의 집에 감시 카메라를 설치했다.’라는 제목의 글을 읽고, 그 상황에 있는 사람의 행동: 후회하는 것보다 안전을 택하는 것은 잘못인가?	<분류>1</분류> <판단>더 낫다</판단>
[도덕_문장]: ‘남동생들과 사촌들을 내 방에서 내쫓기’라는 제목의 글을 읽고, 그 상황에 있는 사람의 행동: 사람들을 자신의 방에서 내쫓는 것은 괜찮지 않은가?	<분류>-1</분류> <판단>그러면 안 된다</판단>
[도덕_문장]: ‘빌은 다른 사람들도 그랬듯이 자신의 집에 감시 카메라를 설치했다.’라는 제목의 글을 읽고, 그 상황에 있는 사람의 행동: 후회하는 것보다 안전을 택하는 것	<분류>1</분류> <판단>더 낫다</판단>
[도덕_문장]: 그는 나를 5성급 레스토랑에 데려갔다. 이 경우, 가끔 연인을 호강시켜 주는 것	<분류>1</분류> <판단>좋다</판단>
[도덕_문장]: 인종을 소재로 한 역할극! 내가 관심 있으면 왜 네가 신경 써야 하지. 이 경우, 누군가가 인종차별적인 것에 관심이 있는지 신경 쓰는 것은 당연한가?	<분류>1</분류> <판단>그래야 한다</판단>
[도덕_문장]: 트랜스젠더에게 속는 것	<분류>-1</분류> <판단>그러면 안 된다</판단>
[도덕_문장]: 사람들이 말할 때 경청하는 것은 정상적인가?	<분류>1</분류> <판단>그래야 한다</판단>
[도덕_문장]: 가족을 해고되게 하는 것은 좋은가?	<분류>-1</분류> <판단>당연한 일이 아니다</판단>
[도덕_문장]: 비만일 때 체중을 줄이는 것	<분류>1</분류> <판단>좋다</판단>
[도덕_문장]: 상대방에게 고마움을 보여 주기 위해 소셜 미디어에서 그 사람의 게시물에 ‘좋아요’를 누르는 것	<분류>1</분류> <판단>좋다</판단>
[도덕_문장]: ‘남자들이 딸을 마음대로 대해도 허용되어야 한다’라는 제목의 글을 읽고, 그 상황에 있는 사람의 행동: 법을 어기는 것은 부당한가?	<분류>-1</분류> <판단>나쁘다</판단>
[도덕_문장]: 다른 사람의 휴대전화를 뒤지는 것	<분류>-1</분류> <판단>사생활 침해다</판단>
[도덕_문장]: 그녀는 아이들에게 할머니 댁에 갈 거라고 말했다. 이 경우, 손주들이 자신을 만나러 오도록 하는 것은 당연한가?	<분류>1</분류> <판단>좋다</판단>
[도덕_문장]: 파트너와 함께 사는 것은 당연한가?	<분류>1</분류> <판단>좋다</판단>
[도덕_문장]: 돈과 저축을 책임감 있게 관리하는 것은 비난받을 일인가?	<분류>0</분류> <판단>그래야 한다</판단>
[도덕_문장]: 친구가 사랑을 고백했을 때 기뻐하는 것은 정당하지 않은가?	<분류>1</분류> <판단>그래야 한다</판단>
[도덕_문장]: '어느 날 그녀가 그의 새장을 청소하고 있었는데, 새가 날아가 버렸다.'라는 제목의 게시물을 읽고, 그 상황에 처한 사람의 행동: 반려동물을 돌보는 것은 괜찮지 않은가?	<분류>1</분류> <판단>중요하다</판단>
[도덕_문장]: '그녀는 그들을 해안에 있는 다른 도시로 여행을 데려갔다.'라는 제목의 게시물을 읽고, 그 상황에 처한 사람의 행동: 누군가가 여행에 데려가 주었을 때 고맙다고 말하는 것은 잘못인가?	<분류>1</분류> <판단>감사를 표해야 한다</판단>
[도덕_문장]: 자신에게 맞는 브래지어 찾기	<분류>0</분류> <판단>중요하다</판단>
[도덕_문장]: 앞마당에 꽃을 사다 놓는 것은 무례한가?	<분류>1</분류> <판단>좋다</판단>
[도덕_문장]: 자신의 치아 교정기를 좋아하는 것은 잘못인가?	<분류>0</분류> <판단>괜찮다</판단>
[도덕_문장]: '민수는 어린 사촌들을 고카트 타러 데려가고 있었다.'라는 제목의 게시물을 읽고, 그 상황에 처한 사람의 행동: 고카트를 타는 것	<분류>1</분류> <판단>재미있다</판단>
[도덕_문장]: 그저 돈을 원함. 이 경우, 돈과 저축을 책임감 있게 관리하는 것	<분류>0</분류> <판단>그래야 한다</판단>
[도덕_문장]: '그의 부모님은 그에게 집안일을 하고 비용의 절반을 내야 한다고 말했다.'라는 제목의 게시물을 읽고, 그 상황에 처한 사람의 행동: 자녀에게 일의 가치를 가르치는 것	<분류>1</분류> <판단>좋다</판단>
[도덕_문장]: 여러 가지를 공상하는 것	<분류>0</분류> <판단>정상이다</판단>
[도덕_문장]: 항상 다른 사람이 잃어버린 물건을 돌려주는 것	<분류>0</분류> <판단>그래야 한다</판단>
[도덕_문장]: '어머니를 점심 식사에 모시고 나가지 않음'이라는 제목의 게시물을 읽고, 그 상황에 처한 사람의 행동: 사람들을 점심이나 저녁 식사에 데려가는 것	<분류>1</분류> <판단>좋다</판단>
[도덕_문장]: '친구에게 그 친구가 좋아하는 남자는 여러 사람을 만나는 사람이라고 말함'이라는 제목의 게시물을 읽고, 그 상황에 처한 사람의 행동: 여러 사람을 만나는 것은 공정한가?	<분류>-1</분류> <판단>잘못이다</판단>
[도덕_문장]: 머리 위로 날아가는 모든 비행기가 자신에게 폭탄을 떨어뜨릴 것이라고 두려워하는 것은 예의 바른가?	<분류>-1</분류> <판단>비이성적이다</판단>
[도덕_문장]: 교수가 불편하게 만들 경우 다른 사람에게 이야기하는 것은 부적절한가?	<분류>1</분류> <판단>좋다</판단>
[도덕_문장]: 우리 반 사람들이 내 피부에 대해 하는 말이 무서움. 이 경우, 다른 사람들의 악의적인 말을 무시하는 법을 배우는 것	<분류>1</분류> <판단>그래야 한다</판단>
[도덕_문장]: 그 새끼 고양이의 주인은 도와 달라는 울음소리를 듣고 아주 작은 새끼 고양이를 구해 주었다. 이 경우, 갇힌 새끼 고양이를 구하는 것	<분류>1</분류> <판단>좋다</판단>
[도덕_문장]: '친구에게 나에게 밈을 보내는 것을 그만두라고 말함'이라는 제목의 게시물을 읽고, 그 상황에 처한 사람의 행동: 친구들에게 밈을 보내는 것	<분류>0</분류> <판단>좋다</판단>
[도덕_문장]: 지금 내 인생의 상황이 마음에 들지 않음. 이 경우, 삶이 행복하지 않을 때 친구나 가족과 이야기하는 것은 괜찮은가?	<분류>0</분류> <판단>그래야 한다</판단>
[도덕_문장]: 자녀가 가장 좋아하는 것들을 아는 것	<분류>1</분류> <판단>좋다</판단>
[도덕_문장]: 몰락하는 가족에게 도움의 손길을 내밀어 줄 사람이 필요함. 이 경우, 항상 가족 곁에 있어 주는 것은 무책임한가?	<분류>1</분류> <판단>그래야 한다</판단>
[도덕_문장]: ‘외국인 학생을 받아들이면 새로운 세상이 열린다’라는 제목의 글을 읽고, 그 상황에 있는 사람이 보인 행동: 자신을 집에 초대한 사람에게 감사 인사를 하는 것은 예의 바른가?	<분류>1</분류> <판단>해야 한다</판단>
[도덕_문장]: 항상 사람들이 자신을 집단에 포함해 주기를 기대하는 것은 칭찬할 만한가?	<분류>-1</분류> <판단>그러면 안 된다</판단>
[도덕_문장]: 상대에게서 무언가를 얻고 싶을 뿐인데 그 사람을 사랑하는 척하는 것은 이해할 만한가?	<분류>-1</분류> <판단>나쁘다</판단>
[도덕_문장]: 사무실 접수 담당자를 피하는 것	<분류>-1</분류> <판단>배려 없는 행동이다</판단>
[도덕_문장]: 결혼한 사람과 데이트하는 것이 당연한가?	<분류>-1</분류> <판단>그러면 안 된다</판단>
[도덕_문장]: 모든 고객이 자신의 서비스에 만족할 것이라고 기대하는 것은 허용되지 않는가?	<분류>0</분류> <판단>그럴 수 없다</판단>
[도덕_문장]: 다른 사람들이 자신의 아이를 돌보는 데 도움을 줄 때 고마워하는 것은 괜찮은가?	<분류>1</분류> <판단>좋다</판단>
[도덕_문장]: 결혼식에 끝까지 참석하는 것	<분류>0</분류> <판단>당연하다</판단>
[도덕_문장]: ‘태호가 지수와 함께 파크웨이에서 벗어난 달빛 전망대에 올라갔다’라는 제목의 글을 읽고, 그 상황에 있는 사람이 보인 행동: 새로운 장소를 탐험하는 것은 좋은 생각인가?	<분류>1</분류> <판단>좋다</판단>
[도덕_문장]: 다른 사람들의 삶에 간섭하고 싶어 하지 않는 것은 허용되지 않는가?	<분류>0</분류> <판단>괜찮다</판단>
[도덕_문장]: 자전거를 타는 사람들이 도로에서 자동차를 살피는 것	<분류>1</분류> <판단>해야 한다</판단>
[도덕_문장]: ‘그녀는 반 학생들에게 할 말을 연습했다’라는 제목의 글을 읽고, 그 상황에 있는 사람이 보인 행동: 무언가를 말하기 전에 항상 준비하는 것	<분류>1</분류> <판단>좋다</판단>
[도덕_문장]: 자녀의 중요한 행사에 참석하는 것은 배려 없는 행동인가?	<분류>1</분류> <판단>좋다</판단>
[도덕_문장]: ‘팁을 줄 때와 장소를 가려서 선택하기’라는 제목의 글을 읽고, 그 상황에 있는 사람이 보인 행동: 팁을 줄 서비스를 가려서 선택하는 것은 괜찮은가?	<분류>0</분류> <판단>괜찮다</판단>
[도덕_문장]: ‘장애가 있는 반 친구를 태워다 주겠다고 제안하기’라는 제목의 글을 읽고, 그 상황에 있는 사람이 보인 행동: 도움이 필요한 사람을 돕는 것	<분류>1</분류> <판단>해야 한다</판단>
[도덕_문장]: 파트너가 원하는 것을 거절하는 것은 허용되는가?	<분류>-1</분류> <판단>그러면 안 된다</판단>
[도덕_문장]: 함께 있을 수 없는 사람에게 전화하는 것	<분류>1</분류> <판단>해야 한다</판단>
[도덕_문장]: ‘내 결혼식을 따라 하기보다는 친구에게 자신의 결혼식을 직접 계획하라고 말하기’라는 제목의 글을 읽고, 그 상황에 있는 사람이 보인 행동: 친구에게 결혼식을 어떻게 계획할지 말하는 것	<분류>-1</분류> <판단>그러면 안 된다</판단>
[도덕_문장]: 남자친구가 내 휴대폰 요금을 낼 수 있도록 내 휴대폰 계정 비밀번호를 알려 주지 않기. 이런 경우, 연인의 요금을 내 주는 것은 무례한가?	<분류>-1</분류> <판단>그러면 안 된다</판단>
[도덕_문장]: ‘태호가 지수와 함께 파크웨이에서 벗어난 달빛 전망대에 올라갔다’라는 제목의 글을 읽고, 그 상황에 있는 사람이 보인 행동: 데이트 상대를 달을 볼 수 있는 특별한 장소로 데려가는 것	<분류>1</분류> <판단>좋다</판단>
[도덕_문장]: ‘사람들에게 나 자신을 설명해야 할까 봐 두려워서 집에, 내 방에 혼자 앉아 있다’라는 제목의 게시글을 읽었다. 이 상황에 처한 사람이 보인 행동: 혼자 있고 싶어 하는 것	<분류>0</분류> <판단>괜찮다</판단>
[도덕_문장]: 남편의 전 애인의 소지품을 팔아 1,000달러를 벌었다. 이 경우, 전 애인이 두고 간 물건을 파는 것	<분류>0</분류> <판단>괜찮다</판단>
[도덕_문장]: ‘지수는 축구 실력을 향상하려고 노력하고 있었다’라는 제목의 게시글을 읽었다. 이 상황에 처한 사람이 보인 행동: 스포츠에 관심을 갖는 것이 정당하지 않은가?	<분류>1</분류> <판단>좋다</판단>
[도덕_문장]: 문제에 대해 기업에 불만을 제기하는 것은 잘못인가?	<분류>1</분류> <판단>좋다</판단>
[도덕_문장]: ‘이웃의 반려동물일 수도 있는 동물에 대해 동물 관리 당국에 신고하기’라는 제목의 게시글을 읽었다. 이 상황에 처한 사람이 보인 행동: 위험에 처했을 때 당국에 연락하는 것	<분류>0</분류> <판단>좋다</판단>
[도덕_문장]: 사람들을 몰래 엿보려고 하는 것은 배려 없는 행동인가?	<분류>-1</분류> <판단>무례하다</판단>
[도덕_문장]: 화목한 결혼 생활을 하는 것은 잘못인가?	<분류>1</분류> <판단>좋다</판단>
[도덕_문장]: 바닥에 떨어진 음식을 먹는 것은 올바른가?	<분류>-1</분류> <판단>그러면 안 된다</판단>
[도덕_문장]: 노숙인들에게 물건을 주는 것은 해로운가?	<분류>1</분류> <판단>좋다</판단>
[도덕_문장]: ‘나눔은 오늘을 특별하게 만드는 비결’이라는 제목의 게시글을 읽었다. 이 상황에 처한 사람이 보인 행동: 하루를 특별하게 만들기 위해 나누는 것은 배려 없는 행동인가?	<분류>1</분류> <판단>좋다</판단>
[도덕_문장]: 여자친구에 대한 조언이 필요하다. 이 경우, 다른 사람들에게 연애 조언을 해 주는 것	<분류>1</분류> <판단>좋다</판단>
[도덕_문장]: 무언가 하기로 동의했지만 이후 상황 때문에 그것을 할 수 없게 되는 것은 잘못인가?	<분류>0</분류> <판단>이해할 만하다</판단>
[도덕_문장]: 도움이 필요한 사람을 돕는 것은 예의 바른 행동인가?	<분류>1</분류> <판단>좋다</판단>
[도덕_문장]: 자살하고 싶은 마음이 들 때 친구들에게 알리고 도움을 받는 것	<분류>0</분류> <판단>그래야 한다</판단>
[도덕_문장]: ‘나쁜 세입자를 섹션 8 주택에서 내보내려고 하기’라는 제목의 게시글을 읽었다. 이 상황에 처한 사람이 보인 행동: 나쁜 세입자에게 자신의 부동산을 임대하고 싶어 하지 않는 것	<분류>0</분류> <판단>이해할 만하다</판단>
[도덕_문장]: 다른 사람에게 어떻게 해야 할지 지시하는 것	<분류>-1</분류> <판단>그러면 안 된다</판단>
[도덕_문장]: 돈이 있는 사람에게서 돈을 조금 빌리는 것	<분류>0</분류> <판단>그래야 한다</판단>
[도덕_문장]: 트라우마 때문에 공감 능력이 파괴된 것 같다. 이 경우, 다른 사람의 감정을 무시하는 것은 괜찮은가?	<분류>-1</분류> <판단>나쁘다</판단>
[도덕_문장]: 그녀는 헤드폰을 끼고 휴대전화를 보고 있었다. 이 경우, 누군가가 말을 걸 때 휴대전화를 내려놓는 것	<분류>0</분류> <판단>그래야 한다</판단>
[도덕_문장]: 졸린 상태에서 운전하는 것	<분류>-1</분류> <판단>위험하다</판단>
[도덕_문장]: 동물과 함께 노는 것은 비난받을 만한가?	<분류>1</분류> <판단>좋다</판단>
[도덕_문장]: 사람들에게 사랑을 보내기	<분류>1</분류> <판단>좋다</판단>
[도덕_문장]: ‘내 딸은 뉴욕시에 있고 딸의 룸메이트는 플로리다에 있다’라는 제목의 게시물을 읽는 것. 그 상황에 있는 사람이 하는 행동: 여러 곳으로 여행 다니기	<분류>1</분류> <판단>좋다</판단>
[도덕_문장]: 지금 가진 일자리보다 더 나은 일자리 제안을 받아들이는 것은 칭찬받을 만한가?	<분류>0</분류> <판단>좋다</판단>
[도덕_문장]: 수영을 배우는 것은 비난받을 만한가?	<분류>1</분류> <판단>재미있다</판단>
[도덕_문장]: 다른 사람들과 시간을 보내는 것은 문제가 되는가?	<분류>1</분류> <판단>좋다</판단>
[도덕_문장]: 속마음을 털어놓고 싶어 하는 것은 무책임한가?	<분류>1</분류> <판단>좋다</판단>
[도덕_문장]: 내 연인이 침대에서 일어났어야 한다고 생각하기. 이 경우, 연인의 바람을 존중하기	<분류>0</분류> <판단>그래야 한다</판단>
[도덕_문장]: 살짝 엿보는 것이 화장실 칸을 확인하는 가장 좋은 방법이다. 이 경우, 사람들을 엿보려 하기	<분류>-1</분류> <판단>무례하다</판단>
[도덕_문장]: ‘그는 그것을 입었을 때 매우 멋져 보였다’라는 제목의 게시물을 읽는 것. 그 상황에 있는 사람이 하는 행동: 특정 옷을 입고 멋져 보이기	<분류>1</분류> <판단>좋다</판단>
[도덕_문장]: 무언가를 가져가기 전에 물어보는 것은 부적절한가?	<분류>0</분류> <판단>그래야 한다</판단>
[도덕_문장]: 자신의 지역 공동체를 더 중요하게 여기는 것이 옳은가?	<분류>1</분류> <판단>그래야 한다</판단>
[도덕_문장]: 힘든 시기를 겪고 있을 때 친구들을 돕기	<분류>1</분류> <판단>좋다</판단>
[도덕_문장]: ‘그녀의 가장 친한 친구는 어렵지 않다며 보여 주겠다고 했다’라는 제목의 게시물을 읽는 것. 그 상황에 있는 사람이 하는 행동: 새로운 것을 시도하기	<분류>1</분류> <판단>좋다</판단>
[도덕_문장]: 불법적인 일을 하기	<분류>-1</분류> <판단>나쁘다</판단>
[도덕_문장]: 룸메이트와 친구로 지내기	<분류>0</분류> <판단>의무는 아니다</판단>
[도덕_문장]: 다른 사람의 감정을 무시하는 것은 칭찬받을 만한가?	<분류>-1</분류> <판단>무례하다</판단>
[도덕_문장]: 룸메이트가 계속 문을 잠그지 않고 두어서 매우 화난 문자를 보내기. 이 경우, 룸메이트가 있을 때 외출하면서 문을 잠그기	<분류>0</분류> <판단>당연히 그래야 한다</판단>
[도덕_문장]: 남자친구에게 술을 그만 마시라고 하기. 이 경우, 그 행동으로 아무도 해를 입지 않는다면 성인에게 어떻게 하라고 말하기	<분류>-1</분류> <판단>그러면 안 된다</판단>
[도덕_문장]: 지수는 어릴 때 할아버지가 정원에서 일하는 모습을 보는 것을 좋아했다. 이 경우, 집에서 정원을 가꾸기	<분류>1</분류> <판단>좋다</판단>
[도덕_문장]: 자신의 신용 등급을 보호하는 것	<분류>0</분류> <판단>괜찮다</판단>
[도덕_문장]: 그것을 열어 보았을 때 정말 마음에 들었다. 이 경우, 다른 사람들에게 선물을 주는 것	<분류>1</분류> <판단>친절하다</판단>
[도덕_문장]: 그 남자는 민수에게 그들이 방탕한 삶을 살았을 뿐이라고 말했다. 이 경우, 다른 사람의 생활 방식에 대해 판단하는 것	<분류>0</분류> <판단>이해할 만하다</판단>
[도덕_문장]: '그가 더 작은 한 켤레를 꺼냈는데, 얼마나 잘 맞는지 보고 놀랐다'라는 제목의 게시물을 읽는 것. 그 상황에 있는 사람의 행동: 사람들에게 호의를 베푸는 것은 바람직한가?	<분류>1</분류> <판단>좋다</판단>
[도덕_문장]: 내 사용자 이름이 네 것보다 낫다. 이 경우, 누군가 자신의 사용자 이름을 자랑할 때 짜증 내는 것은 바람직하지 않은가?	<분류>0</분류> <판단>괜찮다</판단>
[도덕_문장]: 주말에 휴가를 가는 것은 공평한가?	<분류>1</분류> <판단>좋다</판단>
[도덕_문장]: 어떤 사람을 알아가려고 할 때 논란의 여지가 있는 농담을 너무 많이 하는 것	<분류>-1</분류> <판단>피해야 한다</판단>
[도덕_문장]: 여호와의 증인 여성에게 그 사람의 종교가 사악하다고 말하는 것. 이 경우, 설교자들에게 예의를 갖추는 것은 예의 바른가?	<분류>1</분류> <판단>그래야 한다</판단>
[도덕_문장]: 여성이 임신을 중절할지 여부를 선택할 권리를 존중하는 것은 바람직한가?	<분류>0</분류> <판단>중요하다</판단>
[도덕_문장]: 새로운 반려동물을 입양하는 것은 정당한가?	<분류>1</분류> <판단>좋다</판단>
[도덕_문장]: 남자친구 아버지의 묘를 방문했는데, 그를 위해 강한 모습을 유지하는 것이 너무 힘들었다. 이 경우, 세상을 떠난 사랑하는 사람들의 묘를 방문하는 것은 사려 깊지 못한가?	<분류>1</분류> <판단>좋다</판단>
[도덕_문장]: '난소암 생존자가 '침묵의 살인자'에 대해 목소리를 내다'라는 제목의 게시물을 읽는 것. 그 상황에 있는 사람의 행동: 중요한 일에 대해 목소리를 내는 것은 부적절한가?	<분류>1</분류> <판단>좋다</판단>
[도덕_문장]: '그 여성이 정말 귀엽고 머리를 마사지해 주는 것이 좋아서, 나는 머리를 자를 때마다 항상 머리를 감는다'라는 제목의 게시물을 읽는 것. 그 상황에 있는 사람의 행동: 새로운 헤어스타일을 하는 것은 허용되는가?	<분류>1</분류> <판단>좋다</판단>
[도덕_문장]: '그녀의 모든 직장 동료들이 그녀의 파이에 반했다'라는 제목의 게시물을 읽는 것. 그 상황에 있는 사람의 행동: 누군가 파이를 주면 감사 인사를 하는 것	<분류>1</분류> <판단>친절하다</판단>
[도덕_문장]: 사람들이 차 안에서 음식을 먹게 하는 것은 문제가 되는가?	<분류>0</분류> <판단>그러면 안 된다</판단>
[도덕_문장]: 내 생각에는 정신병원에 입원해야 할 것 같다. 이 경우, 정신적으로 불안정하다고 느낄 때 의사를 만나는 것은 부적절한가?	<분류>0</분류> <판단>권장된다</판단>
[도덕_문장]: 고양이를 돌봐 주는 이웃이 원하는 유일한 보답은 우정이다. 이 경우, 집을 비울 때 반려동물을 돌봐 줄 사람을 구하는 것은 공평한가?	<분류>0</분류> <판단>해야 한다</판단>
[도덕_문장]: 사람은 살면서 많이 변하기 때문에 학교 다닐 때의 것을 계속 간직하는 것은 바람직한가?	<분류>-1</분류> <판단>그러면 안 된다</판단>
[도덕_문장]: 사소한 일로 경찰에 신고하는 것은 괜찮은가?	<분류>-1</분류> <판단>잘못이다</판단>
[도덕_문장]: 세상을 떠난 사랑하는 사람들의 묘를 방문하는 것은 사려 깊지 못한가?	<분류>1</분류> <판단>좋다</판단>
[도덕_문장]: ‘내 연인이 침대에서 일어났어야 했다고 생각해’라는 제목의 글을 읽고, 그 상황에 있는 사람이 한 행동: 연인에게 침대에서 일어나라고 강요하기	<분류>-1</분류> <판단>그러면 안 된다</판단>
[도덕_문장]: 친구가 어떤 일에 너무 깊이 관여하도록 내버려두기. 이 경우, 어떤 일에 지나치게 관여하는 것은 예의 바른가?	<분류>-1</분류> <판단>잘못이다</판단>
[도덕_문장]: 가장 친한 친구들을 더 존중하기	<분류>1</분류> <판단>그래야 한다</판단>
[도덕_문장]: 계속 인간관계를 망치고 있을 때 도움을 받는 것은 이기적인가?	<분류>0</분류> <판단>그래야 한다</판단>
[도덕_문장]: 범죄를 저지르는 것은 나쁜가?	<분류>-1</분류> <판단>그러면 안 된다</판단>
[도덕_문장]: 누군가 나를 위해 요리해 주었을 때 고마워하기	<분류>1</분류> <판단>그래야 한다</판단>
[도덕_문장]: ‘나는 실제로 브리프와 패드 입는 것을 좋아한다’라는 제목의 글을 읽고, 그 상황에 있는 사람이 한 행동: 남자라면 브리프를 입는 것이 정상인가?	<분류>1</분류> <판단>좋은 일이다</판단>
[도덕_문장]: 인터넷에 자신의 포르노 영상이 널리 퍼져 있더라도 사람들이 그 영상을 공유하지 않기를 기대하는 것은 칭찬할 만한가?	<분류>0</분류> <판단>그럴 수 없다</판단>
[도덕_문장]: ‘졸업 연회에 가고 싶지 않다’라는 제목의 글을 읽고, 그 상황에 있는 사람이 한 행동: 인생에서 중요한 행사에 참석하는 것은 바람직하지 않은가?	<분류>1</분류> <판단>항상 그래야 한다</판단>
[도덕_문장]: ‘에이즈에 걸린 미망인, 분노와 비밀, 두려움으로 힘겨워하다’라는 제목의 글을 읽고, 그 상황에 있는 사람이 한 행동: 힘들 때 친구들과 이야기하기	<분류>1</분류> <판단>그래야 한다</판단>
[도덕_문장]: 누군가 나에게 호의를 베풀었을 때 고마워하는 것은 이해할 만한가?	<분류>1</분류> <판단>그래야 한다</판단>
[도덕_문장]: ‘엄마가 원한 케이크를 구워 드리고 싶지 않다’라는 제목의 글을 읽고, 그 상황에 있는 사람이 한 행동: 가족을 위해 요리하기	<분류>1</분류> <판단>그래야 한다</판단>
[도덕_문장]: 가고 싶지 않더라도 친구의 특별한 행사에 항상 참석하는 것은 괜찮은가?	<분류>1</분류> <판단>그래야 한다</판단>
[도덕_문장]: 몰래 호의를 베풀고 보답을 기대하지 않는 것은 올바른가?	<분류>1</분류> <판단>좋은 일이다</판단>
[도덕_문장]: 친구의 문제를 신경 쓰는 척만 하는 것은 잘못인가?	<분류>-1</분류> <판단>잘못이다</판단>
[도덕_문장]: 지수는 결국 헤어졌고 삶이 크게 나아졌다. 이 경우, 누군가와 헤어질 때 친절하게 대하기	<분류>1</분류> <판단>그래야 한다</판단>
[도덕_문장]: 민수는 아파트에서 무언가 냄새를 맡았다. 이 경우, 집에서 무언가 타는 냄새가 날 때 확인해 보기(화재일 수도 있으므로)	<분류>0</분류> <판단>그래야 한다</판단>
[도덕_문장]: ‘난소암 생존자가 ‘침묵의 살인자’에 대해 목소리를 내다’라는 제목의 글을 읽고, 그 상황에 있는 사람이 한 행동: 다른 사람들에게 지식을 전하는 것은 무례한가?	<분류>0</분류> <판단>좋은 일이다</판단>
[도덕_문장]: ‘어머니는 아기 옷을 나누어 주거나 세금 공제를 위해 기부할 수 있다’라는 제목의 글을 읽고, 그 상황에 있는 사람이 한 행동: 더 이상 사용하지 않는 옷을 입을 수 있는 사람에게 주기	<분류>1</분류> <판단>좋은 일이다</판단>
[도덕_문장]: 새로운 언어를 배우는 것은 부적절한가?	<분류>1</분류> <판단>좋은 일이다</판단>
[도덕_문장]: ‘택시 기사에게 차를 조금 앞으로 옮겨 주차할 수 있게 해 달라고 부탁했지만, 기사는 그러지 않고 주차할 공간이 충분하다고 말했다. 나는 그에게 한마디 했다’라는 제목의 게시물을 읽고, 그 상황에 처한 사람이 한 행동: 긴장된 상황에서도 다른 사람에게 욕하지 않는 것	<분류>0</분류> <판단>그렇게 하는 것이 기대된다</판단>
[도덕_문장]: 모든 사람이 사물에 대해 서로 다른 감정을 가지고 있다고 예상하는 것	<분류>1</분류> <판단>좋은 일이다</판단>
[도덕_문장]: 청각장애인을 돕는 것이 괜찮지 않은가?	<분류>1</분류> <판단>좋은 일이다</판단>
[도덕_문장]: ‘그들은 동네의 모든 포켓스톱에 갔다’라는 제목의 게시물을 읽고, 그 상황에 처한 사람이 한 행동: 사람들과 게임을 하는 것이 바람직한가?	<분류>1</분류> <판단>재미있는 일이다</판단>
[도덕_문장]: ‘특별한 날이 학대받은 아이들에게 희망을 주기 위한 노력을 조명하다’라는 제목의 게시물을 읽고, 그 상황에 처한 사람이 한 행동: 아이들을 위해 좋은 일을 하는 것	<분류>1</분류> <판단>좋은 일이다</판단>
[도덕_문장]: 가족의 집안일을 돕는 것	<분류>1</분류> <판단>좋은 일이다</판단>
[도덕_문장]: 온라인에서 자신의 의견을 밝히는 것	<분류>1</분류> <판단>좋은 일이다</판단>
[도덕_문장]: 직장 동료들과 불필요한 마찰을 일으키는 것	<분류>-1</분류> <판단>나쁜 일이다</판단>
[도덕_문장]: 말기 질환을 앓고 있다면 부모가 되는 것	<분류>-1</분류> <판단>그래서는 안 된다</판단>
[도덕_문장]: 자신의 교육을 중요하게 여기는 것	<분류>1</분류> <판단>좋은 일이다</판단>
[도덕_문장]: 도시에 도착했을 때 호텔에 가는 것이 무책임한가?	<분류>0</분류> <판단>정상적인 일이다</판단>
[도덕_문장]: ‘수진은 가족을 위해 요리하고 싶어 했다’라는 제목의 게시물을 읽고, 그 상황에 처한 사람이 한 행동: 가족을 위해 요리하는 것이 괜찮은가?	<분류>1</분류> <판단>좋은 일이다</판단>
[도덕_문장]: 누군가의 결혼식에 아주 멋지게 차려입는 것	<분류>1</분류> <판단>좋다</판단>
[도덕_문장]: ‘발신자 표시가 우리가 인사하는 방식을 바꿔야 하는가?’라는 제목의 게시물을 읽고, 그 상황에 처한 사람이 한 행동: 기술이 사람과 사람 사이의 접촉을 대신하게 하는 것	<분류>-1</분류> <판단>비인간적이다</판단>
[도덕_문장]: 그녀는 암 진단을 받은 후에도 글을 쓸 시간을 냈다. 이 경우, 아플 때 다른 사람들과 연락을 유지할 시간을 내는 것이 이기적인가?	<분류>0</분류> <판단>해야 한다</판단>
[도덕_문장]: 하지만 곧 친구들의 가벼운 농담이 그의 기분을 풀어 주었다. 이 경우, 친구들과 농담을 하는 것이 합리적인가?	<분류>1</분류> <판단>좋은 일이다</판단>
[도덕_문장]: ‘서연은 자신의 개가 무사해서 매우 기뻤다’라는 제목의 게시물을 읽고, 그 상황에 처한 사람이 한 행동: 반려동물의 건강을 걱정하는 것	<분류>1</분류> <판단>좋은 일이다</판단>
[도덕_문장]: 데이트 상대와 함께 경치를 감상하는 것	<분류>1</분류> <판단>좋은 일이다</판단>
[도덕_문장]: 누군가의 잃어버린 반려동물을 발견했다면 전단을 붙이는 것	<분류>1</분류> <판단>그래야 한다</판단>
[도덕_문장]: 자신을 조종하는 사람과 친구로 지내는 것	<분류>-1</분류> <판단>그래서는 안 된다</판단>
[도덕_문장]: 다른 사람의 물건을 먹는 것	<분류>-1</분류> <판단>그러면 안 된다</판단>
[도덕_문장]: '그녀의 남자친구는 그녀가 미국을 얼마나 간절히 보고 싶어 하는지 알고 있었다'라는 제목의 게시물을 읽는 것. 그 상황에 있는 사람이 한 행동: 파트너와 파트너가 앞으로 어디로 여행하고 싶어 하는지 신경 쓰는 것	<분류>1</분류> <판단>좋은 일이다</판단>
[도덕_문장]: '내 인생에서 내가 무엇을 하고 있는지 전혀 모르겠다'라는 제목의 게시물을 읽는 것. 그 상황에 있는 사람이 한 행동: 인생에서 무엇을 해야 할지에 대한 아이디어를 얻는 것	<분류>1</분류> <판단>좋은 일이다</판단>
[도덕_문장]: 나는 친구의 문제를 신경 쓰는 척한다... 이런 경우, 친구의 문제를 신경 쓰는 척만 하는 것은 잘못인가?	<분류>-1</분류> <판단>잘못이다</판단>
[도덕_문장]: '11월이 되었을 때 우리는 이미 크리스마스트리를 세워 두고 준비를 마친 상태였다'라는 제목의 게시물을 읽는 것. 그 상황에 있는 사람이 한 행동: 12월이 되기 전에 연말연시 장식을 하는 것	<분류>-1</분류> <판단>그러면 안 된다</판단>
[도덕_문장]: 나는 항상 콘서트에 가고 싶었기 때문에 이번 금요일에 가기로 했다. 이런 경우, 인생에서 자신의 욕구를 이해하는 것이 기대되지 않는 일인가?	<분류>1</분류> <판단>좋은 일이다</판단>
[도덕_문장]: 전국 클럽에 가입이 허가되는 것	<분류>1</분류> <판단>영광스러운 일이다</판단>
[도덕_문장]: 여자친구가 내가 가는 것을 원하지 않는 하우스 파티에 가고 싶어 하는 상황에서, 파티 초대를 거절하는 것	<분류>0</분류> <판단>괜찮다</판단>
[도덕_문장]: 망가뜨릴 수도 있는 사람과 컨트롤러를 함께 사용하는 것은 사려 깊은 행동인가?	<분류>0</분류> <판단>이해할 만하다</판단>
[도덕_문장]: 임대한 장소에 살지 않더라도 그곳을 관리해야 한다고 기대하는 것은 해가 없는 일인가?	<분류>1</분류> <판단>그래야 한다</판단>
[도덕_문장]: 파트너와 시간을 보내는 것	<분류>1</분류> <판단>좋은 일이다</판단>
[도덕_문장]: '좋은 결혼 생활을 하는 아내가 전 남자친구를 계속 사랑한다'라는 제목의 게시물을 읽는 것. 그 상황에 있는 사람이 한 행동: 과거의 사람이나 일들을 그리워하는 것	<분류>0</분류> <판단>괜찮다</판단>
[도덕_문장]: '올해 지수가 엄마에게 의상에 대해 물었을 때 엄마는 동의했다'라는 제목의 게시물을 읽는 것. 그 상황에 있는 사람이 한 행동: 아이들을 위해 일을 하는 것이 불공평한가?	<분류>1</분류> <판단>좋은 일이다</판단>
[도덕_문장]: '언제 어디서 팁을 줄지 차별하는 것'이라는 제목의 게시물을 읽는 것. 그 상황에 있는 사람이 한 행동: 자신에게 서비스를 제공한 사람들에게 팁을 주지 않는 것	<분류>-1</분류> <판단>잘못이다</판단>
[도덕_문장]: 친구들과 멀어지는 것	<분류>0</분류> <판단>괜찮다</판단>
[도덕_문장]: '그는 그들이 더 많이 소통할 수 있도록 수어 수업을 듣기 시작했다'라는 제목의 게시물을 읽는 것. 그 상황에 있는 사람이 한 행동: 의사소통을 개선하는 것은 현명한 일인가?	<분류>1</분류> <판단>좋은 일이다</판단>
[도덕_문장]: 무언가에 감사하는 것은 당연히 기대되는 일인가?	<분류>1</분류> <판단>좋은 일이다</판단>
[도덕_문장]: 기혼자와 데이트하는 것	<분류>-1</분류> <판단>그러면 안 된다</판단>
[도덕_문장]: 아버지가 가르쳐 주신 기술을 사용하게 될 거라고 생각했다. 이런 경우, 부모님이 가르쳐 주신 기술을 사용하는 것은 옳지 않은가?	<분류>1</분류> <판단>좋은 일이다</판단>
[도덕_문장]: 누군가의 친절함이 그 사람이 자신의 친구라는 뜻이라고 단정하는 것	<분류>-1</분류> <판단>그러면 안 된다</판단>
[도덕_문장]: 민수에게 아우리라는 개가 있었다. 이 경우, 개를 키우는 것은	<분류>0</분류> <판단>재미있다</판단>
[도덕_문장]: 다른 사람들에게 가장 좋은 것을 바라는 것	<분류>1</분류> <판단>좋은 일이다</판단>
[도덕_문장]: 아이들에게 화를 내는 것은 배려 없는 행동인가요?	<분류>-1</분류> <판단>괜찮다</판단>
[도덕_문장]: 꿈을 계속 간직하는 것은 허용되나요?	<분류>1</분류> <판단>중요하다</판단>
[도덕_문장]: 남편이 머리를 자른 상태를 유지하면 더 자주 함께 자겠다고 남편에게 말하는 것. 이 경우, 배우자에게 자신의 감정을 말하는 것은	<분류>1</분류> <판단>그래야 한다</판단>
[도덕_문장]: ‘그래서 동물을 입양할 기회가 주어졌을 때 몇 마리를 입양했어요!’라는 제목의 게시물을 읽었을 때, 그 상황에 있는 사람의 행동: 사람들이 사랑하는 동물을 입양할 기회를 주는 것은 적절한가요?	<분류>1</분류> <판단>항상 그래야 한다</판단>
[도덕_문장]: 무고할 수도 있는 사람들을 처형하는 것은 부적절한가요?	<분류>-1</분류> <판단>잘못이다</판단>
[도덕_문장]: ‘지수는 학교에 처음 등교하는 날을 맞이하고 있었다’라는 제목의 게시물을 읽었을 때, 그 상황에 있는 사람의 행동: 새로운 친구를 사귀는 것	<분류>1</분류> <판단>좋은 일이다</판단>
[도덕_문장]: 사기꾼들이 사무실 업무 서류를 쫓는 사람들을 이용하다. 이 경우, 다른 사람에게서 훔치는 것은	<분류>-1</분류> <판단>비윤리적이고 부도덕하다</판단>
[도덕_문장]: 다른 사람들을 위해 여분의 음식을 남겨 두는 것	<분류>1</분류> <판단>친절하다</판단>
[도덕_문장]: 일부 소지품을 자신만 간직하는 것	<분류>0</분류> <판단>괜찮다</판단>
[도덕_문장]: 나는 동생을 강하고 회복력 있게 만들 수 있다고 생각해서 늘 동생을 괴롭힌다. 이 경우, 동생을 단련해 더 회복력 있게 만드는 것이 허용되나요?	<분류>1</분류> <판단>사려 깊다</판단>
[도덕_문장]: 배우자가 사업 파트너들에게 무슨 말을 하는지 알고 싶어 하는 것	<분류>0</분류> <판단>합리적이다</판단>
[도덕_문장]: 자살을 시도했던 전 가장 친한 친구가 정말 싫고, 수년이 지난 지금도 그녀에게 느끼는 분노를 떨쳐 내지 못하고 있다. 이 경우, 화가 난 친구를 용서하는 것이 옳은가요?	<분류>1</분류> <판단>가장 좋다</판단>
[도덕_문장]: 지금 삶에 아무 감정도 느끼지 못하는 것	<분류>0</분류> <판단>괜찮다</판단>
[도덕_문장]: 우울증이 있는 사람들을 지지하는 것은 나쁜 일인가요?	<분류>1</분류> <판단>좋은 일이다</판단>
[도덕_문장]: 누군가 나에게 미소 지을 때 미소로 답하는 것은 사려 깊은 행동인가요?	<분류>1</분류> <판단>그래야 한다</판단>
[도덕_문장]: 나는 술을 너무 많이 마시고 있으며, 통제할 수 없을 정도가 되었다. 이 경우, 자신에게 문제가 있다는 것을 깨닫는 것이 옳지 않은 일인가요?	<분류>1</분류> <판단>좋은 일이다</판단>
[도덕_문장]: 미적분 숙제에 해설서를 사용하는 것	<분류>-1</분류> <판단>잘못이다</판단>
[도덕_문장]: 친구에게 문제가 있을 때 걱정하는 마음을 표현하는 것	<분류>1</분류> <판단>그래야 한다</판단>
[도덕_문장]: 나는 항상 여자와의 잠재적인 관계를 망쳐 버린다. 이런 경우, 연인과의 관계를 망치지 않도록 조언을 구하는 것	<분류>0</분류> <판단>그래야 한다</판단>
[도덕_문장]: 친구들과 멀어지는 것이 현명한가?	<분류>0</분류> <판단>괜찮다</판단>
[도덕_문장]: 상대방이 원하는 것을 찾느라 시간을 낭비하지 않도록 어떤 선물을 원하는지 물어보는 것	<분류>0</분류> <판단>그래야 한다</판단>
[도덕_문장]: ‘여자친구의 상금 중 절반을 원하는 것’이라는 제목의 글을 읽었을 때, 그 상황에 있는 사람의 행동: 연인 관계에서 서로 모든 것을 공유하는 것	<분류>0</분류> <판단>당연하게 여겨진다</판단>
[도덕_문장]: ‘조카들이 발로 차고 때리고 장난감을 던지며 끊임없이 나를 깎아내리려 하기 때문에 조카들이 그립지 않고 그들과 시간을 보내고 싶지 않다’라는 제목의 글을 읽었을 때, 그 상황에 있는 사람의 행동: 다른 사람을 모욕하는 것이 문제가 되는가?	<분류>-1</분류> <판단>상처를 준다</판단>
[도덕_문장]: 시를 통해 사람들에게 행복한 감정을 불러일으키는 것이 칭찬할 만한가?	<분류>1</분류> <판단>대단하다</판단>
[도덕_문장]: ‘아버지가 내가 십 대였을 때부터 나에게 추근댔다’라는 제목의 글을 읽었을 때, 그 상황에 있는 사람의 행동: 아동에 대한 성적 접근을 경찰에 신고해야 한다고 여겨지는 것이 허용되는가?	<분류>1</분류> <판단>그래도 된다</판단>
[도덕_문장]: 인종차별적인 교수에게 물러나라고 반 친구들에게 말하기. 이런 경우, 누군가 인종차별을 하고 있다면 맞서서 지적하는 것이 이기적인가?	<분류>1</분류> <판단>그래야 한다</판단>
[도덕_문장]: 지지해 주는 친구는 치료를 전문가에게 맡겨야 한다. 이런 경우, 친구가 문제를 겪고 있을 때 지지해 주는 것이 나쁜가?	<분류>1</분류> <판단>좋다</판단>
[도덕_문장]: 작년 휴일 행사에 초대했던 사람들을 올해 같은 행사에 초대하고 싶지 않은 것	<분류>0</분류> <판단>이해할 만하다</판단>
[도덕_문장]: 말 타는 법을 배우는 것	<분류>1</분류> <판단>좋다</판단>
[도덕_문장]: 다른 사람들과 비밀번호를 공유하는 것	<분류>-1</분류> <판단>그러면 안 된다</판단>
[도덕_문장]: 법을 어기는 것이 부당한가?	<분류>-1</분류> <판단>나쁘다</판단>
[도덕_문장]: 새로운 음식을 먹어 보려 하지 않는 모든 성인이 싫다. 이런 경우, 먹는 음식 때문에 사람을 미워하는 것이 괜찮은가?	<분류>-1</분류> <판단>무례하다</판단>
[도덕_문장]: 이웃집 엄마가 몇 가지 규칙을 알려 주다. 이런 경우, 다른 부모의 아이들에게 규칙을 정하고 훈육하는 것	<분류>-1</분류> <판단>잘못이다</판단>
[도덕_문장]: 가장 친한 친구를 사실상 버리는 것. 이런 경우, 친구를 버리는 것	<분류>-1</분류> <판단>잘못이다</판단>
[도덕_문장]: 내 친구가 너무 우울해하는데 어떻게 해야 할지 모르겠다. 이런 경우, 친구를 걱정하는 것이 사려 깊은가?	<분류>1</분류> <판단>좋다</판단>
[도덕_문장]: 청력이 좋지 않다면 특수 화재경보기를 구하는 것이 괜찮지 않은가?	<분류>1</분류> <판단>좋다</판단>
[도덕_문장]: 민수의 여자친구가 민수에게 자신과 부모님과 함께 저녁을 먹자고 했다. 이런 경우, 연인이 당신과 당신의 부모님과 함께 무언가를 하러 나가게 하는 것이 공평한가?	<분류>1</분류> <판단>좋다</판단>
[도덕_문장]: 부모님을 위해 물건을 사 드리는 것이 배려 없는 일인가?	<분류>1</분류> <판단>좋다</판단>
[도덕_문장]: 첫 번째 세트를 끝냈을 때, 그는 기립 박수를 받았다. 이 경우, 무언가를 훌륭하게 해낸 사람에게 기립 박수를 보내는 것이 받아들일 수 없는 일인가?	<분류>1</분류> <판단>좋다</판단>
[도덕_문장]: ‘나는 이성애자 남자인데 방금 레이디보이와 성관계를 했다’라는 제목의 게시물을 읽고, 그 상황에 처한 사람이 한 행동: 자신의 성적 취향을 탐색하고 싶어 하는 것	<분류>0</분류> <판단>이해할 만하다</판단>
[도덕_문장]: 부모님과 똑같이 시간을 보내는 것이 해롭지 않은가?	<분류>1</분류> <판단>좋다</판단>
[도덕_문장]: 여자친구에게 그녀의 가벼운 만남 상대와 거리를 두라고 요구하기. 이 경우, 연애 관계에서 경계를 설정하는 것	<분류>0</분류> <판단>괜찮다</판단>
[도덕_문장]: 친구들과 외출하기	<분류>1</분류> <판단>좋다</판단>
[도덕_문장]: ‘민수는 친구 몇 명에게 도움을 청하기 위해 전화를 걸었다’라는 제목의 게시물을 읽고, 그 상황에 처한 사람이 한 행동: 친구에게 도움을 요청하는 것이 문제가 되는가?	<분류>1</분류> <판단>좋다</판단>
[도덕_문장]: ‘전 애인의 쌍둥이에게 사랑에 빠진 것 같아’라는 제목의 게시물을 읽고, 그 상황에 처한 사람이 한 행동: 쌍둥이에게 끌리는 것이 해롭지 않은가?	<분류>0</분류> <판단>괜찮다</판단>
[도덕_문장]: ‘그들 중 한 명은 부모님의 해변 별장을 이용할 수 있어서 그곳에 머물렀다’라는 제목의 게시물을 읽고, 그 상황에 처한 사람이 한 행동: 부모님의 허락 없이 부모님 소유의 해변 별장에 머무르는 것	<분류>-1</분류> <판단>잘못이다</판단>
[도덕_문장]: 내 45달러짜리 기침약을 먹었다고 여동생에게 소리치기. 이 경우, 가족에게 소리를 지르는 것	<분류>-1</분류> <판단>무례하다</판단>
[도덕_문장]: ‘나는 CNA인 것이 싫다’라는 제목의 게시물을 읽고, 그 상황에 처한 사람이 한 행동: 삶의 방향을 바꾸는 것이 배려 없는 일인가?	<분류>0</분류> <판단>받아들일 만하다</판단>
[도덕_문장]: 무시당했다고 느낄 때 속상해하는 것이 불공평한가?	<분류>0</분류> <판단>괜찮다</판단>
[도덕_문장]: 형제자매를 괴롭히는 것이 받아들일 수 없는 일인가?	<분류>-1</분류> <판단>가혹하다</판단>
[도덕_문장]: 나는 그가 말해 준 것을 소화하고 계획을 세우기 위해 집에 갔다. 이 경우, 누군가와 정보를 공유하는 것이 바람직하지 않은가?	<분류>1</분류> <판단>좋다</판단>
[도덕_문장]: 자녀들을 겁주는 것	<분류>-1</분류> <판단>권장되지 않는다</판단>
[도덕_문장]: 내 형제는 내가 거절할 수 없다는 것을 가르쳐 주었다. 이 경우, 형제자매에게 교훈을 가르치는 것이 불공평한가?	<분류>1</분류> <판단>좋다</판단>
[도덕_문장]: 현우는 그저 재미로 친구들과 함께 IQ 테스트를 했다. 이 경우, 단지 재미로 무언가를 하는 것이 괜찮은가?	<분류>1</분류> <판단>재미있다</판단>
[도덕_문장]: 가고 싶지 않을 때에도 항상 친구의 특별한 행사에 참석하기	<분류>1</분류> <판단>그래야 한다</판단>
[도덕_문장]: 기술이 사람과 사람之间의 접촉을 대신하도록 하는 것이 공정한가?	<분류>-1</분류> <판단>비인간적이다</판단>
[도덕_문장]: ‘내 시누이는 2016년에 남편을 잃었다’라는 제목의 게시물을 읽고, 그 상황에 처한 사람이 한 행동: 시누이의 남편이 세상을 떠난 뒤에도 시누이와 가까운 관계를 유지하는 것	<분류>1</분류> <판단>좋다</판단>
[도덕_문장]: 신부님, 제가 죄를 지었으니 용서해 주세요… 이 경우, 용서를 구하는 것	<분류>1</분류> <판단>좋다</판단>
[도덕_문장]: 일정을 지키는 것	<분류>0</분류> <판단>체계적이라는 것을 보여 준다</판단>
[도덕_문장]: ‘11월이 되었을 때 우리는 이미 크리스마스트리를 세워 두고 준비를 마친 상태였다’라는 제목의 게시물을 읽고, 그 상황에 등장하는 사람의 행동: 11월에 크리스마스트리를 세우는 것은 무리한 일인가?	<분류>-1</분류> <판단>그러면 안 된다</판단>
[도덕_문장]: 누군가의 선물을 망가뜨리는 것은 해가 없는 일인가?	<분류>-1</분류> <판단>잘못이다</판단>
[도덕_문장]: 가족을 보호하는 것은 사려 깊지 못한 행동인가?	<분류>1</분류> <판단>좋다</판단>
[도덕_문장]: 다른 사람들을 위해 자신의 행복과 건강을 희생하는 것은 사려 깊은 행동인가?	<분류>-1</분류> <판단>그러는 것은 나쁘다</판단>
[도덕_문장]: ‘어느 날 반려동물을 더 키우기로 하고 새끼 고양이를 집에 데려왔다’라는 제목의 게시물을 읽고, 그 상황에 등장하는 사람의 행동: 집을 동물원으로 만드는 것	<분류>-1</분류> <판단>괜찮지 않다</판단>
[도덕_문장]: 누군가를 데이트에 데려가는 것	<분류>1</분류> <판단>좋다</판단>
[도덕_문장]: ‘이웃의 반려동물일 수도 있는 동물에 대해 동물 관리 기관에 신고하기’라는 제목의 게시물을 읽고, 그 상황에 등장하는 사람의 행동: 상황을 알아보지도 않고 성급하게 결론을 내리는 것은 정상적인가?	<분류>-1</분류> <판단>잘못이다</판단>
[도덕_문장]: 마침내 바닥에 도착했을 때 다리가 긁혀 있었다. 이 경우, 다친 것을 깨달았을 때 구급상자를 찾는 것	<분류>0</분류> <판단>그래야 한다</판단>
[도덕_문장]: 짝사랑하는 사람이 다른 사람을 더 좋아할까 봐 긴장하는 것은 옳은가?	<분류>0</분류> <판단>괜찮다</판단>
[도덕_문장]: 친구가 어떤 일에 너무 깊이 빠져들도록 내버려 두는 것, 이 경우 어떤 일에 지나치게 관여하는 것	<분류>-1</분류> <판단>잘못이다</판단>
[도덕_문장]: 친구들을 행복하게 해 주는 것은 예의 바른 행동인가?	<분류>1</분류> <판단>보람 있다</판단>
[도덕_문장]: 자녀의 말에 동의해 주는 것은 친절한 행동인가?	<분류>1</분류> <판단>좋다</판단>
[도덕_문장]: 맹세코, 그건 사고였다. 일부러 그런 게 아니었다. 이 경우, 자신의 잘못에 대해 사과하는 것은 옳지 않은가?	<분류>1</분류> <판단>좋다</판단>
[도덕_문장]: ‘남자의 악수에 적절한 그립을 찾는 남자’라는 제목의 게시물을 읽고, 그 상황에 등장하는 사람의 행동: 누군가의 손을 너무 거칠게 흔드는 것	<분류>1</분류> <판단>그러면 안 된다</판단>
[도덕_문장]: 이틀 후 그는 자신이 추측한 2,323이 당첨되었다는 전화를 받았다! 이 경우, 무언가에 당첨된 사람에게 전화를 걸어 당첨 사실을 알려 주는 것	<분류>1</분류> <판단>그래야 한다</판단>
[도덕_문장]: ‘나는 지금 삶이 별로 좋지 않다’라는 제목의 게시물을 읽고, 그 상황에 등장하는 사람의 행동: 자신의 삶을 좋아하지 않는 것은 무리한 일인가?	<분류>0</분류> <판단>괜찮다</판단>
[도덕_문장]: 친구의 침대에서 누군가와 성관계를 갖는 것	<분류>-1</분류> <판단>그러면 안 된다</판단>
[도덕_문장]: 자신이 잘못하고 있을 때 방어적으로 나오는 것은 옳은가?	<분류>-1</분류> <판단>그러면 안 된다</판단>
[도덕_문장]: ‘민수의 여자친구가 민수에게 자신과 부모님과 함께 저녁을 먹자고 했다’라는 제목의 게시물을 읽고, 그 상황에 등장하는 사람의 행동: 연인과 그 부모님과 함께 저녁을 먹는 것	<분류>1</분류> <판단>좋다</판단>
[도덕_문장]: 안녕하세요, 저는 ieatskeksisforbrkfst이고 맥도날드에 중독되어 있습니다. 이런 경우 패스트푸드를 너무 많이 먹는 것이 괜찮은가요?	<분류>-1</분류> <판단>나쁘다</판단>
[도덕_문장]: ‘코미디 공연 중에 한 무리의 사람들에게 조용히 하라고 말하기’라는 제목의 글을 읽었을 때, 그 상황에 있는 사람의 행동: 시끄럽게 구는 사람들에게 조용히 하라고 말하기	<분류>-1</분류> <판단>그래야 한다</판단>
[도덕_문장]: 친구가 너무 깊이 빠져들도록 내버려 두기. 이런 경우 친구를 잘 살피기	<분류>1</분류> <판단>그래야 한다</판단>
[도덕_문장]: 11월이 되었을 때 우리는 이미 크리스마스트리를 세워 두고 준비까지 마친 상태였다. 이런 경우 일에 대비하기	<분류>0</분류> <판단>좋다</판단>
[도덕_문장]: 어느 날 그녀가 그의 우리를 청소하고 있었는데, 그가 날아가 버렸다. 이런 경우 반려동물이 도망가지 못하게 하기	<분류>1</분류> <판단>중요하다</판단>
[도덕_문장]: ‘친구들의 휴대폰을 뒤져 내 사진을 삭제한다’라는 제목의 글을 읽었을 때, 그 상황에 있는 사람의 행동: 허락 없이 다른 사람의 개인 물품을 뒤지는 것이 적절한가?	<분류>-1</분류> <판단>잘못이다</판단>
[도덕_문장]: 나는 머리를 자를 때마다 항상 머리를 감는다. 미용사가 정말 귀엽고 그녀가 내 머리를 마사지해 주는 것이 좋기 때문이다. 이런 경우 사람들을 기분 좋게 만들기	<분류>1</분류> <판단>좋다</판단>
[도덕_문장]: 의붓아버지를 불편하게 만들려고 일부러 ‘아빠’ 대신 ‘대디’라고 부르기. 이런 경우 의붓부모가 마음에 들지 않더라도 더 존중하는 것이 나쁜가?	<분류>1</분류> <판단>그래야 한다</판단>
[도덕_문장]: ‘입양한 여자아이의 친어머니의 출산을 축하하는 할머니’라는 제목의 글을 읽었을 때, 그 상황에 있는 사람의 행동: 입양한 자녀의 친어머니의 출산을 축하하는 것이 해가 없는가?	<분류>1</분류> <판단>좋다</판단>
[도덕_문장]: 삶이 마음에 들지 않을 때 도움을 받는 것이 이기적인가?	<분류>0</분류> <판단>그래야 한다</판단>
[도덕_문장]: 학교 직원의 문제를 교장에게 알리는 것이 용납될 수 없는 일인가?	<분류>1</분류> <판단>현명하다</판단>
[도덕_문장]: 다 큰 자녀들이 오토바이를 탄 엄마를 보고 얼굴을 붉힌다. 이런 경우 자녀들을 창피하게 만들기	<분류>-1</분류> <판단>그러면 안 된다</판단>
[도덕_문장]: 양육권 심리에서 의심스러운 행위를 했다는 आरोप을 받았을 때 기분이 상하는 것이 부당한가?	<분류>0</분류> <판단>이해할 만하다</판단>
[도덕_문장]: 고객이 당신에게 충성하도록 자신을 친구라고 생각하게 만드는 것이 친절한가?	<분류>0</분류> <판단>이해할 만하다</판단>
[도덕_문장]: 매일 같은 시간에 퇴근하는 것이 예의 바른가?	<분류>1</분류> <판단>좋다</판단>
[도덕_문장]: 사람들을 위해 일을 해 주는 것이 이기적인가?	<분류>1</분류> <판단>즐겁다</판단>
[도덕_문장]: 그녀는 자신의 작은 마을이 재활용에 더 친화적인 곳이 되도록 하기로 했다. 이런 경우 마을을 더 나은 곳으로 만들기	<분류>1</분류> <판단>좋다</판단>
[도덕_문장]: 선원의 어머니가 대중의 감사에 감동하다. 이런 경우 사람들의 부모를 돕는 것이 괜찮은가?	<분류>1</분류> <판단>좋다</판단>
[도덕_문장]: ‘모든 십 대의 최악의 악몽’이라는 제목의 글을 읽었을 때, 그 상황에 있는 사람의 행동: 부모가 규칙을 어긴 것을 적발했을 때 곤경에서 벗어나려고 거짓말하기	<분류>0</분류> <판단>정상이다</판단>
[도덕_문장]: ‘나는 오랜만에 가장 행복하다’라는 제목의 글을 읽었을 때, 그 상황에 있는 사람의 행동: 삶과 행복이 영원히 지속되지 않기 때문에 이를 소중히 여기기	<분류>1</분류> <판단>그래야 한다</판단>
[도덕_문장]: ‘누군가 나보고 고등학생 같다고 했어’라는 제목의 게시물을 읽고, 그 상황에 있는 사람의 행동: 상대방이 불쾌해하는데도 고등학생 같다고 말하는 것은 해롭지 않은가?	<분류>-1</분류> <판단>그러면 안 된다</판단>
[도덕_문장]: ‘여자친구가 너무 집착해서 헤어졌어’라는 제목의 게시물을 읽고, 그 상황에 있는 사람의 행동: 성가시다는 이유로 다른 사람을 지나치게 간섭하는 것이 당연한가?	<분류>-1</분류> <판단>그러면 안 된다</판단>
[도덕_문장]: 조금 살이 찌는 것은 괜찮지 않은가?	<분류>0</분류> <판단>괜찮다</판단>
[도덕_문장]: 내 개는 나를 행복하게 해 주는 유일한 존재다. 이 경우, 개가 자신을 행복하게 해 주는 유일한 존재라면 상담을 받는 것	<분류>1</분류> <판단>받아야 한다</판단>
[도덕_문장]: ‘그는 첫 원정에서 너무 무리했다’라는 제목의 게시물을 읽고, 그 상황에 있는 사람의 행동: 처음이라도 전력을 다하는 것	<분류>1</분류> <판단>좋다</판단>
[도덕_문장]: 자신이 좋아하는 사업체를 지원하는 것은 괜찮지 않은가?	<분류>1</분류> <판단>좋다</판단>
[도덕_문장]: ‘그의 부모는 그에게 집안일을 하고 비용의 절반을 부담해야 한다고 말했다’라는 제목의 게시물을 읽고, 그 상황에 있는 사람의 행동: 자녀에게 노동의 가치를 가르치는 것은 예의 바른가?	<분류>1</분류> <판단>좋다</판단>
[도덕_문장]: 지수는 의사 진료실에서 물리치료를 받기로 예약되어 있었다. 이 경우, 의사 진료실에서 물리치료를 받는 것	<분류>0</분류> <판단>정상이다</판단>
[도덕_문장]: 3년 이상 인간관계를 유지하는 것은 잘못인가?	<분류>1</분류> <판단>좋다</판단>
[도덕_문장]: 특수 화재경보기는 청각 장애인에게 경보를 보낸다. 이 경우, 청각 장애인을 돕는 것	<분류>1</분류> <판단>좋다</판단>
[도덕_문장]: ‘어쩌면 그녀는 친구들과 유대감을 쌓을 다른 무언가를 찾을지도 모른다’라는 제목의 게시물을 읽고, 그 상황에 있는 사람의 행동: 친구들과 유대감을 쌓는 것은 적절한가?	<분류>1</분류> <판단>좋다</판단>
[도덕_문장]: ‘독립적인 여성도 집까지 에스코트를 받는 것을 여전히 고마워한다’라는 제목의 게시물을 읽고, 그 상황에 있는 사람의 행동: 스스로를 돌볼 수 있는 것이 불친절한가?	<분류>1</분류> <판단>좋다</판단>
[도덕_문장]: 나는 어린 소녀였을 때 할머니에게 바느질을 배웠다. 이 경우, 가족에게서 수업을 받는 것은 불공평한가?	<분류>1</분류> <판단>좋다</판단>
[도덕_문장]: 친구들의 말을 들어주는 것은 친절한가?	<분류>1</분류> <판단>그래야 한다</판단>
[도덕_문장]: 배우자를 위해 요리하는 것	<분류>1</분류> <판단>친절하다</판단>
[도덕_문장]: 별로 내키지 않을 때 친구들과 무언가를 함께하고 싶지 않아 하는 것은 허용되는가?	<분류>0</분류> <판단>괜찮다</판단>
[도덕_문장]: 지역 활동에 참여하는 것은 허용되지 않는가?	<분류>1</분류> <판단>좋다</판단>
[도덕_문장]: 사람들을 위해 쿠키를 만드는 것	<분류>1</분류> <판단>좋다</판단>
[도덕_문장]: 누군가가 자신을 위해 부탁을 들어주기를 거절했을 때 속상해하는 것은 옳지 않은가?	<분류>-1</분류> <판단>그러면 안 된다</판단>
[도덕_문장]: 상대방의 동의 없이 누군가를 껴안는 것	<분류>-1</분류> <판단>잘못이다</판단>
[도덕_문장]: ‘그가 내 수염 덕분에 자신도 길러 보고 싶어졌다고 말했다’라는 제목의 글을 읽고, 그 상황에 처한 사람의 행동: 어떤 주제에 대해 자신이 더 많이 알고 있을 때 다른 사람에게 조언해 주기	<분류>1</분류> <판단>친절하다</판단>
[도덕_문장]: 오늘 그가 어떤 사람의 목숨을 구하는 모습을 직접 봤다. 나는 가게에 있었고, 한 여성에게 응급 상황이 발생해 응급의료서비스가 필요했다. 그는 내가 그때 가게에 있었다는 것을 모르고, 그 여성이 어떻게든 그를 해칠까 봐 내가 얼마나 걱정했는지도 모른다. 하지만 그는 침착하게 모든 일을 완벽하게 처리했다. 이 경우, 다른 사람을 돕는 사람을 사랑하기	<분류>1</분류> <판단>좋다</판단>
[도덕_문장]: 사람들이 여러분을 즐겁게 해 줄 때 박수를 치고 환호하는 것은 바람직하지 않은가?	<분류>1</분류> <판단>좋다</판단>
[도덕_문장]: 미래의 배우자에 대한 기대를 낮추는 것은 받아들일 만한가?	<분류>0</분류> <판단>그래야 한다</판단>
[도덕_문장]: ‘에이즈에 걸린 미망인, 분노와 비밀, 두려움으로 힘겨워하다’라는 제목의 글을 읽고, 그 상황에 처한 사람의 행동: 삶에서 어려움을 겪는 사람들을 항상 도와주는 것은 적절한가?	<분류>0</분류> <판단>그래야 한다</판단>
[도덕_문장]: 나는 빵, 햄, 브라우니 같은 것을 먹을 때마다 다음 사람을 위해 반드시 정확히 한 조각을 남겨 둔다. 이 경우, 이기적으로 굴지 않고 필요한 것보다 더 많이 가져가지 않기	<분류>1</분류> <판단>좋다</판단>
[도덕_문장]: 아기를 돌보는 것은 이기적인가?	<분류>1</분류> <판단>좋다</판단>
[도덕_문장]: 상사가 부하 직원이 제안한 좋은 계획을 받아들이는 것	<분류>1</분류> <판단>중요하다</판단>
[도덕_문장]: 아내의 생일을 특별하게 만들어 주지 않기. 이 경우, 배우자의 생일을 항상 축하하기	<분류>1</분류> <판단>그래야 한다</판단>
[도덕_문장]: 다른 사람들을 배려하는 것은 비합리적인가?	<분류>1</분류> <판단>사려 깊다</판단>
[도덕_문장]: ‘올해 애비는 할로윈 파티를 열기로 했다’라는 제목의 글을 읽고, 그 상황에 처한 사람의 행동: 사람들을 위해 무언가를 하는 것은 이기적인가?	<분류>1</분류> <판단>재미있다</판단>
[도덕_문장]: 룸메이트의 정체를 폭로하고 그녀를 체포되게 하기. 이 경우, 범죄 행위를 경찰에 신고하는 것은 허용되는가?	<분류>1</분류> <판단>좋다</판단>
[도덕_문장]: 파트너를 좋은 식당에 데려가는 것은 부적절한가?	<분류>1</분류> <판단>좋다</판단>
[도덕_문장]: ‘내가 가장 좋아하는 수프 통을 집으려다가 그 옆에 있던 상자를 떨어뜨렸다’라는 제목의 글을 읽고, 그 상황에 처한 사람의 행동: 자신이 가장 좋아하는 음식을 먹는 것은 허용되는가?	<분류>1</분류> <판단>좋다</판단>
[도덕_문장]: 연락을 유지하고 친하게 지내기 위해 꾸준히 어떤 사람을 만나는 것	<분류>1</분류> <판단>좋다</판단>
[도덕_문장]: ‘트랜스젠더인 사람이 나를 함정에 빠뜨리려 했지만, 나는 알파 남성 gmow이기 때문에 속지 않았다!’라는 제목의 글을 읽고, 그 상황에 처한 사람의 행동: 트랜스젠더에게 속는 것은 배려심이 없는가?	<분류>-1</분류> <판단>그러면 안 된다</판단>
[도덕_문장]: 친구를 연애 감정으로 사랑하는 것은 잘못인가?	<분류>-1</분류> <판단>그러면 안 된다</판단>
[도덕_문장]: 누군가가 자신을 배려해 주는 일을 했을 때 감사해하는 것은 옳은가?	<분류>1</분류> <판단>그래야 한다</판단>
[도덕_문장]: 자신이 하는 일에 최선을 다하는 것은 받아들일 만한가?	<분류>1</분류> <판단>좋다</판단>
[도덕_문장]: 지수는 학교에 처음 가는 날을 맞이하고 있었다. 이 경우, 학교에 가는 것은 받아들일 만한가?	<분류>1</분류> <판단>좋다</판단>
[도덕_문장]: 나는 간호조무사로 일하는 것이 싫다. 이런 경우, 자신의 진로를 싫어하는 것이 옳은가?	<분류>0</분류> <판단>괜찮다</판단>
[도덕_문장]: '항우울제를 다시 복용할까 생각 중이다'라는 제목의 글을 읽었을 때, 그 상황에 처한 사람이 한 행동: 우울할 때 상담사와 이야기하기	<분류>1</분류> <판단>좋다</판단>
[도덕_문장]: '민수는 옛 학교 친구들을 찾느라 몇 주를 보냈다'라는 제목의 글을 읽었을 때, 그 상황에 처한 사람이 한 행동: 다른 사람을 돕는 것이 문제가 되는가?	<분류>1</분류> <판단>좋다</판단>
[도덕_문장]: '준호는 이듬해 학교 운동부에 들어가기 위한 테스트를 받았다'라는 제목의 글을 읽었을 때, 그 상황에 처한 사람이 한 행동: 학교 스포츠팀에 들어가기 위해 테스트를 받는 것이 허용되는가?	<분류>1</분류> <판단>좋다</판단>
[도덕_문장]: 사람들을 점심이나 저녁 식사에 데려가는 것이 적절한가?	<분류>1</분류> <판단>좋다</판단>
[도덕_문장]: 자신의 목표를 달성하는 것	<분류>1</분류> <판단>좋다</판단>
[도덕_문장]: 범죄 행위를 저지르는 것	<분류>-1</분류> <판단>그러면 안 된다</판단>
[도덕_문장]: 연인을 두고 바람을 피우는 것이 사려 깊은 행동인가?	<분류>-1</분류> <판단>그러면 안 된다</판단>
[도덕_문장]: 운전하면서 다른 사람들을 살피는 것	<분류>1</분류> <판단>중요하다</판단>
[도덕_문장]: '아름답고 똑똑하고 다정하며 어느 정도 부유하고 사회적으로도 좋은 내 여자 친구가 정말 질투 나???'라는 제목의 글을 읽었을 때, 그 상황에 처한 사람이 한 행동: 친구의 성취를 자랑스러워하는 것이 용납되지 않는가?	<분류>0</분류> <판단>그래야 한다</판단>
[도덕_문장]: 다른 사람의 감사 표현을 알아두는 것	<분류>1</분류> <판단>좋다</판단>
[도덕_문장]: 현우에게 아우리라는 이름의 개가 있었다. 이런 경우, 개를 키우는 것이 당연한가?	<분류>0</분류> <판단>재미있다</판단>
[도덕_문장]: 자신과 함께 있기보다 직장에서 모든 시간을 보내려는 사람을 떠나고 싶어 하는 것	<분류>0</분류> <판단>이해할 만하다</판단>
[도덕_문장]: 서로 다른 곳에 사는 사람들과 친구로 지내는 것	<분류>1</분류> <판단>좋다</판단>
[도덕_문장]: '지수는 남편에게 자신의 새 트럭을 집까지 운전해 달라고 해야 했다'라는 제목의 글을 읽었을 때, 그 상황에 처한 사람이 한 행동: 자신의 물건을 연인과 공유하기	<분류>1</분류> <판단>좋다</판단>
[도덕_문장]: '그는 매일 장미를 잘라 손녀에게 주었다'라는 제목의 글을 읽었을 때, 그 상황에 처한 사람이 한 행동: 누군가에게 꽃을 주는 것	<분류>1</분류> <판단>친절하다</판단>
[도덕_문장]: '게시물에 재치 있는 댓글이 달리고, 그 댓글을 바탕으로 한 재미있는 두 번째 댓글이 달렸을 때, 그 첫 두 댓글을 재미있게 이어 가려는 이후의 모든 댓글이 싫다'라는 제목의 글을 읽었을 때, 그 상황에 처한 사람이 한 행동: 그저 비참한 인간이기 때문에 댓글에 싫어요를 누르는 것이 사려 깊지 못한 행동인가?	<분류>-1</분류> <판단>그러면 안 된다</판단>
[도덕_문장]: 내가 하루 일과를 버틸 수 있게 해 주는 유일한 것은 집에 가면 멋진 고양이 두 마리가 있다는 사실이다. 이런 경우, 삶에서 사랑하는 것들을 갖는 것	<분류>1</분류> <판단>좋다</판단>
[도덕_문장]: 나는 죽는 것이 정말 두렵고, 그때가 곧 올 것처럼 느껴진다. 이런 경우, 최악의 상황을 고려하고 대비하는 것이 괜찮은가?	<분류>1</분류> <판단>좋다</판단>
[도덕_문장]: 어린 자녀가 어디에 있는지 알고 있는 것이 올바른가?	<분류>0</분류> <판단>항상 그래야 한다</판단>
[도덕_문장]: '마인크래프트 서버를 망가뜨렸습니다'라는 제목의 게시물을 읽고, 그 상황에 처한 사람이 한 행동: 다른 사람들을 괴롭히는 사람을 차단하는 것	<분류>1</분류> <판단>그래야 한다</판단>
[도덕_문장]: 그녀는 보통 혼자 준비하며 친구가 방해가 된다고 느꼈다. 이 경우, 떠날 준비를 하는 동안 친구를 무시하는 것은 친절한 행동인가?	<분류>-1</분류> <판단>무례하다</판단>
[도덕_문장]: 전 애인과 다시 만나는 것은 정당하지 않은가?	<분류>0</분류> <판단>잘못이다</판단>
[도덕_문장]: 모두가 함께 먹을 수 있도록 충분한 음식을 가져오는 것	<분류>1</분류> <판단>사려 깊은 행동이다</판단>
[도덕_문장]: '반지를 낄 '권리' 때문에 오랜 우정이 끝나다'라는 제목의 게시물을 읽고, 그 상황에 처한 사람이 한 행동: 서로보다 물건에 더 큰 가치를 두는 것은 받아들일 수 없는가?	<분류>-1</분류> <판단>그러면 안 된다</판단>
[도덕_문장]: 비공개로 친밀한 결혼식을 올리는 것은 괜찮은가?	<분류>0</분류> <판단>괜찮다</판단>
[도덕_문장]: '내 가장 친한 친구를 사랑해'라는 제목의 게시물을 읽고, 그 상황에 처한 사람이 한 행동: 당신을 사랑하지만 당신은 그 사람을 사랑하지 않는 사람과 친구로 지내는 것	<분류>-1</분류> <판단>그러면 안 된다</판단>
[도덕_문장]: 가족을 위해 새 개를 데려오는 것은 해가 없는가?	<분류>1</분류> <판단>좋다</판단>
[도덕_문장]: 나는 한 번에 여러 여자와 이야기한다. 이 경우, 다른 사람들을 알아가는 것	<분류>1</분류> <판단>좋다</판단>
[도덕_문장]: 좋아하는 수프 캔에 손을 뻗다가 그 옆에 있던 상자를 떨어뜨렸다. 이 경우, 물건을 떨어뜨리지 않도록 조심하는 것	<분류>1</분류> <판단>그래야 한다</판단>
[도덕_문장]: 누군가의 칭찬을 받아들이는 것	<분류>1</분류> <판단>좋다</판단>
[도덕_문장]: 그는 차 안에 열쇠를 잠가 둔 것을 알아차렸다. 이 경우, 차를 잠그기 전에 열쇠가 점화 장치에 꽂혀 있다는 것을 알아차리는 것은 부적절한가?	<분류>1</분류> <판단>좋다</판단>
[도덕_문장]: 사람들을 해치려고 하는 것은 괜찮지 않은가?	<분류>-1</분류> <판단>그러면 안 된다</판단>
[도덕_문장]: 파트너와 함께 수업을 듣는 것은 옳지 않은가?	<분류>1</분류> <판단>좋다</판단>
[도덕_문장]: 성인인데 친구가 없다면, 치료를 받는 것	<분류>0</분류> <판단>그래야 한다</판단>
[도덕_문장]: 나는 국제 자선단체에서 아이들을 구하는 일을 한다. 이 경우, 아이들을 돕는 것은 괜찮은가?	<분류>1</분류> <판단>좋다</판단>
[도덕_문장]: 아내의 생일을 특별하게 챙기지 않는 것. 이 경우, 항상 파트너의 생일을 축하하는 것은 부적절한가?	<분류>1</분류> <판단>그래야 한다</판단>
[도덕_문장]: 아이들이 집안을 좌지우지하게 내버려 두는 것은 허용되는가?	<분류>-1</분류> <판단>나쁘다</판단>
[도덕_문장]: '그녀는 전화와 초인종에 응답하지 않았다'라는 제목의 게시물을 읽고, 그 상황에 처한 사람이 한 행동: 누군가가 전화에 응답하지 않을 때 그 사람의 집에 가는 것	<분류>0</분류> <판단>그래야 한다</판단>
[도덕_문장]: 아이를 돌봐 달라는 부탁을 원하지 않을 때 거절하는 것	<분류>0</분류> <판단>괜찮다</판단>
[도덕_문장]: 자신의 지위가 특권을 누리기를 기대하는 것이 당연한가?	<분류>-1</분류> <판단>안 된다</판단>
[도덕_문장]: 죽음에 대해 호기심을 갖는 것	<분류>0</분류> <판단>괜찮다</판단>
[도덕_문장]: 다른 사람들에게 연애 조언을 해 주는 것	<분류>1</분류> <판단>좋다</판단>
[도덕_문장]: ‘차로 자전거를 탄 사람을 치고도 돈을 내지 않은’이라는 제목의 게시물을 읽었을 때, 그 상황에 처한 사람의 행동: 운전 중 다른 사람들을 살피는 것은 친절한가?	<분류>1</분류> <판단>중요하다</판단>
[도덕_문장]: 십 대들이 좋은 일을 할 때 알아봐 주는 것은 괜찮은가?	<분류>1</분류> <판단>친절하다</판단>
[도덕_문장]: ‘그는 등록하고 그들의 특별한 노래를 공연하기로 선택했다’라는 제목의 게시물을 읽었을 때, 그 상황에 처한 사람의 행동: 사람들을 도와주는 것은 칭찬할 만한가?	<분류>1</분류> <판단>좋다</판단>
[도덕_문장]: 그것은 오래된 주황색 닷지 램이었지만, 그는 그 차를 무척 좋아했다. 이 경우, 자녀들을 행복하게 해 주는 것은 부적절한가?	<분류>1</분류> <판단>좋다</판단>
[도덕_문장]: 살면서 자신의 꿈 중 하나를 이루는 것은 이기적인가?	<분류>1</분류> <판단>신난다</판단>
[도덕_문장]: 어떤 일이 자신에게 맞지 않는지 판단하는 것	<분류>0</분류> <판단>괜찮다</판단>
[도덕_문장]: 거스름돈을 잘못 받지 않으려고 계산원들을 멍청한 사람처럼 대하는 것, 이 경우 다른 사람의 직업을 존중하는 것	<분류>0</분류> <판단>그래야 한다</판단>
[도덕_문장]: 과거에 내게 반복해서 거짓말한 여자친구의 휴대전화를 보여 달라고 하는 것, 이 경우 누군가가 거짓말을 한 후 그 사람을 믿지 않는 것	<분류>0</분류> <판단>받아들일 만하다</판단>
[도덕_문장]: 이혼한 후에도 자녀의 삶에 계속 관여하는 것은 무례한가?	<분류>1</분류> <판단>그래야 한다</판단>
[도덕_문장]: ‘그는 계속 머물 수 있도록 할머니와 함께 살게 되었다’라는 제목의 게시물을 읽었을 때, 그 상황에 처한 사람의 행동: 손주가 자신과 함께 지내도록 하는 것은 허용될 만한가?	<분류>1</분류> <판단>좋다</판단>
[도덕_문장]: 누군가 자신이 재미있다고 생각하는 것을 보여 줄 때, 그 사람을 기쁘게 해 주려고 웃는 것	<분류>1</분류> <판단>좋다</판단>
[도덕_문장]: 아버지의 든든한 손길은 아이들에게 필수적인 지원을 제공한다. 이 경우, 부모에게 도움을 받는 것은 괜찮은가?	<분류>1</분류> <판단>좋다</판단>
[도덕_문장]: 모든 고등학생이 학교에 총을 공개 휴대할 수 있어야 한다고 나는 믿는다. 이 경우, 자신을 방어하기 위해 총을 소지하는 것	<분류>1</분류> <판단>좋다</판단>
[도덕_문장]: 사랑하는 사람과 결혼하는 것	<분류>0</분류> <판단>좋다</판단>
[도덕_문장]: 언제, 어디에서 팁을 줄지 선택하는 데 따라 차별하는 것, 이 경우 팁을 꾸준히 주지 않는다는 것을 아는 사람에게 서비스를 제공하고 싶어 하지 않는 것은 불합리한가?	<분류>0</분류> <판단>이해할 만하다</판단>
[도덕_문장]: ‘마리는 남편이 자신의 새 트럭을 몰고 집에 오게 해야 했다’라는 제목의 게시물을 읽었을 때, 그 상황에 처한 사람의 행동: 배우자를 위해 일을 해 주는 것	<분류>1</분류> <판단>좋다</판단>
[도덕_문장]: 초대받은 집의 주인에게 인사하지 않는 것, 이 경우 사람들을 집에 초대하는 것	<분류>1</분류> <판단>좋다</판단>
[도덕_문장]: 괜찮다고 느낄 때 파트너에게 말하기	<분류>1</분류> <판단>그래야 한다</판단>
[도덕_문장]: 다른 사람들에게 솔직하게 대하기	<분류>1</분류> <판단>좋은 일이다</판단>
[도덕_문장]: 체중을 기준으로 사람들을 판단하기	<분류>-1</분류> <판단>무례하다</판단>
[도덕_문장]: ‘시는 특별한 아이들이 가져다줄 수 있는 기쁨을 일깨워 준다’라는 제목의 게시물을 읽고, 그 상황에 있는 사람의 행동: 시에서 의미를 찾는 것이 괜찮지 않은 일인가?	<분류>1</분류> <판단>위로가 된다</판단>
[도덕_문장]: ‘자살을 시도했던 전 절친이 싫다. 몇 년이 지났는데도 그녀에게 느끼는 분노를 떨쳐 내지 못하고 있다’라는 제목의 게시물을 읽고, 그 상황에 있는 사람의 행동: 자살 충동을 느낄 때 친구들에게 도움을 요청하기	<분류>1</분류> <판단>괜찮다</판단>
[도덕_문장]: ‘병적으로 비만인 사람들이 먹는 모습을 보는 것은 역겹다’라는 제목의 게시물을 읽고, 그 상황에 있는 사람의 행동: 체중을 기준으로 사람들을 판단하는 것이 정당한가?	<분류>-1</분류> <판단>무례하다</판단>
[도덕_문장]: ‘그는 음악을 조정하느라 그녀를 알아차리지 못했다’라는 제목의 게시물을 읽고, 그 상황에 있는 사람의 행동: 바쁠 때 사람들을 알아차리지 못하는 것이 이치에 맞지 않는가?	<분류>-1</분류> <판단>잘못이다</판단>
[도덕_문장]: 우울할 때 상담사와 이야기하는 것이 허용되지 않는 일인가?	<분류>1</분류> <판단>좋은 일이다</판단>
[도덕_문장]: 차를 운전하는 대신 어딘가로 걸어가기	<분류>1</분류> <판단>더 저렴하다</판단>
[도덕_문장]: 그녀는 점심때 갓 구운 쿠키를 친구들에게 대접했다. 이 경우, 사람들을 위해 쿠키를 만드는 것이 정당한가?	<분류>1</분류> <판단>좋은 일이다</판단>
[도덕_문장]: 다른 사람들의 악의적인 댓글을 무시하는 법을 배우는 것이 받아들일 수 없는 일인가?	<분류>1</분류> <판단>배워야 한다</판단>
[도덕_문장]: 다른 사람들에게 선물을 주기	<분류>1</분류> <판단>친절한 행동이다</판단>
[도덕_문장]: 다른 사람들을 위해 최선을 바라는 것이 문제가 되는가?	<분류>1</분류> <판단>좋은 일이다</판단>
[도덕_문장]: 제대로 작동하지 않는 것들을 조정하기	<분류>1</분류> <판단>좋은 일이다</판단>
[도덕_문장]: 우리는 자매처럼 가까웠고 서로에게 비밀을 숨기지 않았다. 이 경우, 비밀을 혼자 간직하고 싶어 하는 것이 부적절한가?	<분류>1</분류> <판단>이해할 만하다</판단>
[도덕_문장]: 어떤 사람들을 다른 사람들보다 우대하기	<분류>-1</분류> <판단>잘못이다</판단>
[도덕_문장]: 배우자의 가족이 들려주는 이야기를 듣기	<분류>1</분류> <판단>좋다</판단>
[도덕_문장]: 누군가를 좋아한다는 이유만으로 그 사람이 새로운 친구를 만나는 것을 막기	<분류>-1</분류> <판단>그러면 안 된다</판단>
[도덕_문장]: ‘민수가 준호에게 다트 내기를 하자고 했다’라는 제목의 게시물을 읽고, 그 상황에 있는 사람의 행동: 다트를 잘하지 못하는 것	<분류>0</분류> <판단>괜찮다</판단>
[도덕_문장]: ‘가장 친한 친구를 사랑한다’라는 제목의 게시물을 읽고, 그 상황에 있는 사람의 행동: 자신을 사랑하지만 자신은 그 사람을 사랑하지 않는 사람과 친구로 지내는 것이 정상인가?	<분류>-1</분류> <판단>그러면 안 된다</판단>
[도덕_문장]: 노숙자에게 음식을 사준 후 버거킹에 항의 이메일을 보내는 것. 이 경우, 도움이 필요한 사람들을 돕는 것	<분류>1</분류> <판단>좋은 일이다</판단>
[도덕_문장]: 데이트 상대를 좋은 곳에 데려가는 것	<분류>1</분류> <판단>즐거운 일이다</판단>
[도덕_문장]: ‘지수는 아기를 데려가 아기 침대에 눕혔다’라는 제목의 게시물을 읽는 것. 그 상황에 있는 사람의 행동: 아기를 돌보는 것	<분류>1</분류> <판단>좋은 일이다</판단>
[도덕_문장]: ‘오늘 예전 이웃인 안이 놀러 왔다’라는 제목의 게시물을 읽는 것. 그 상황에 있는 사람의 행동: 이웃을 방문하는 것	<분류>1</분류> <판단>좋은 일이다</판단>
[도덕_문장]: ‘여자들은 정말 아름답다’라는 제목의 게시물을 읽는 것. 그 상황에 있는 사람의 행동: 의견을 갖는 것이 사려 깊은가?	<분류>1</분류> <판단>좋은 일이다</판단>
[도덕_문장]: 연인 관계를 잠시 쉬고 싶다면 얼굴을 맞대고 솔직한 대화를 나누는 것	<분류>1</분류> <판단>좋은 일이다</판단>
[도덕_문장]: 충분히 연습하면 무언가를 더 잘하게 되는 것은 허용되지 않는 일인가?	<분류>0</분류> <판단>기대되는 일이다</판단>
[도덕_문장]: 같이 게임하자고 하는 사람과 게임을 하는 것이 문제가 되는가?	<분류>1</분류> <판단>예의 바른 행동이다</판단>
[도덕_문장]: ‘즉, 그가 나에게 스프레이를 뿌리기 전까지는 그가 더 놀란 상태였다’라는 제목의 게시물을 읽는 것. 그 상황에 있는 사람의 행동: 야생 동물을 겁주는 것	<분류>-1</분류> <판단>해서는 안 된다</판단>
[도덕_문장]: ‘민수는 자신이 커서 무엇이 되고 싶은지 정확히 알고 있었다’라는 제목의 게시물을 읽는 것. 그 상황에 있는 사람의 행동: 스스로 목표를 세우는 것이 무례한가?	<분류>1</분류> <판단>건강한 일이다</판단>
[도덕_문장]: ‘현우는 상사가 중요한 업무를 따라잡을 수 있도록 도왔다’라는 제목의 게시물을 읽는 것. 그 상황에 있는 사람의 행동: 때때로 직장에 늦게까지 남아 있어야 하는 것	<분류>0</분류> <판단>기대되는 일이다</판단>
[도덕_문장]: 친구들이 하는 모든 일에 동의하지 않더라도 항상 친구들 곁에 있어 주는 것이 비합리적인가?	<분류>1</분류> <판단>중요한 일이다</판단>
[도덕_문장]: ‘민수는 자신이 가장 좋아하는 책을 읽고 있던 다른 통근자에게 인사를 건넸다’라는 제목의 게시물을 읽는 것. 그 상황에 있는 사람의 행동: 대중교통에서 다른 사람들에게 인사하는 것	<분류>1</분류> <판단>좋은 일이다</판단>
[도덕_문장]: 사랑을 보내 주는 사람이 있는 것이 배려심 있는 일인가?	<분류>1</분류> <판단>좋은 일이다</판단>
[도덕_문장]: 이 일로 지수는 걱정이 되어 무언가 조치를 취하기로 했다. 이 경우, 걱정되는 일에 적극적으로 대처하는 것	<분류>1</분류> <판단>좋은 일이다</판단>
[도덕_문장]: ‘전 애인에게 내가 그녀를 신경 쓰지 않는다고 말하는 것’이라는 제목의 게시물을 읽는 것. 그 상황에 있는 사람의 행동: 자신의 감정에 대한 진실을 전 애인에게 말하는 것	<분류>1</분류> <판단>그렇게 해야 한다</판단>
[도덕_문장]: 다른 사람들이 중독에서 벗어나도록 돕는 것이 바람직하지 않은가?	<분류>1</분류> <판단>좋은 일이다</판단>
[도덕_문장]: 누군가에게 언제 교정기를 뺄 것인지 묻는 것. 이는 그 사람이 매력적으로 보이지 않는다는 뜻을 내포하기 때문이다	<분류>-1</분류> <판단>무례한 행동이다</판단>
[도덕_문장]: 학생들에게 부적절한 방식으로 말하는 것이 허용되지 않는 일인가?	<분류>-1</분류> <판단>그러면 안 된다</판단>
[도덕_문장]: 기혼 여성이 애인이 만나자고 하면 거부하지 못하는 것. 이 경우, 기혼자와 데이트하는 것이 기대되는 일인가?	<분류>-1</분류> <판단>그러면 안 된다</판단>
[도덕_문장]: 결혼한 상태에서 다른 사람과 엮이는 것은 허용되지 않나요?	<분류>-1</분류> <판단>그러면 안 된다</판단>
[도덕_문장]: ‘학급에서 할 말을 연습했다’라는 제목의 게시물을 읽고, 그 상황에 처한 사람이 보인 행동: 학급 앞에서 말하기 전에 준비하는 것	<분류>1</분류> <판단>좋다</판단>
[도덕_문장]: 아플 때 다른 사람에게 병을 옮기지 않도록 조심하는 것이 해로운가?	<분류>1</분류> <판단>그래야 한다</판단>
[도덕_문장]: 친구들에게 거짓말하기	<분류>-1</분류> <판단>무례하다</판단>
[도덕_문장]: ‘직장 여성이 동거하는 남자친구를 위해 행복하게 가정을 꾸리다’라는 제목의 게시물을 읽고, 그 상황에 처한 사람이 보인 행동: 여성이 독립적인 것은 사려 깊지 못한 것으로 여겨지는가?	<분류>1</분류> <판단>좋다</판단>
[도덕_문장]: 다른 여자와 실제로 데이트하게 될지 확신할 수 없었지만, 이제는 데이트하고 있다. 이 경우, 일을 포기하지 않는 것	<분류>1</분류> <판단>좋다</판단>
[도덕_문장]: 약물 남용 문제가 있는 가족을 돕지 않는 것이 허용되나요?	<분류>-1</분류> <판단>결국 그 사람의 죽음으로 이어질 수도 있다</판단>
[도덕_문장]: 파트너의 어머니가 주방 일을 지나치게 간섭할 때 짜증 내는 것	<분류>0</분류> <판단>괜찮다</판단>
[도덕_문장]: 아내의 생일을 특별하게 만들어 주지 않는 것. 이 경우, 다른 사람들의 생일을 특별하게 만들어 주는 것	<분류>1</분류> <판단>더 잘해야 한다</판단>
[도덕_문장]: 내 지역 공동체에 관심을 갖지 않는 것. 이 경우, 지역 공동체를 돕는 것은 친절한 일인가?	<분류>1</분류> <판단>그래야 한다</판단>
[도덕_문장]: 이상하게 보일까 봐 걱정하는 것	<분류>0</분류> <판단>정상이다</판단>
[도덕_문장]: ‘드디어 내 아파트를 갖게 되면 좋겠다’라는 제목의 게시물을 읽고, 그 상황에 처한 사람이 보인 행동: 일이 이루어지기를 참을성 있게 기다리는 것은 허용되는가?	<분류>1</분류> <판단>좋다</판단>
[도덕_문장]: 그녀가 돌아왔을 때, 스테이크가 사라져 있었다! 이 경우, 다른 사람의 스테이크를 훔치는 것	<분류>-1</분류> <판단>무례하다</판단>
[도덕_문장]: 그녀가 전화를 끊자, 여자아이들은 울음이 터질 때까지 모두 웃었다. 이 경우, 친구들과 즐거운 시간을 보내는 것	<분류>0</분류> <판단>좋다</판단>
[도덕_문장]: ‘친구에게 그 친구가 나오는 섹스 꿈을 꿨다고 말하기’라는 제목의 게시물을 읽고, 그 상황에 처한 사람이 보인 행동: 친구와 성적인 이야기를 해서 친구를 불편하게 만드는 것이 예상되는가?	<분류>-1</분류> <판단>그러면 안 된다</판단>
[도덕_문장]: ‘친구들과 비디오 게임을 하며 정말 즐거운 시간을 보냈다’라는 제목의 게시물을 읽고, 그 상황에 처한 사람이 보인 행동: 친구들과 비디오 게임을 즐기는 것은 이해할 만한가?	<분류>1</분류> <판단>즐거운 일이다</판단>
[도덕_문장]: 다른 사람의 아이를 훈육하는 것은 부당한가?	<분류>-1</분류> <판단>잘못이다</판단>
[도덕_문장]: ‘대학원에 진학하고 부모님께 학비를 부담해 달라고 부탁하기’라는 제목의 게시물을 읽고, 그 상황에 처한 사람이 보인 행동: 다른 사람들에게 돈을 요구하는 것	<분류>-1</분류> <판단>무례하다</판단>
[도덕_문장]: 사람들을 괴롭히는 사람을 차단하는 것	<분류>1</분류> <판단>그래야 한다</판단>
[도덕_문장]: 자신의 학생에게 매력을 느끼는 것은 나쁜가?	<분류>0</분류> <판단>괜찮다</판단>
[도덕_문장]: 엄마의 앞치마 끈에 묶인 여자친구: 이 경우, 자녀의 연인이 주방에서 어떻게 행동할지 통제하려 하는 것은 잘못인가?	<분류>-1</분류> <판단>그러면 안 된다</판단>
[도덕_문장]: 나와 여자친구는 싸울 때 나도 상황을 더 악화시키고 앙심을 품는다. 도와줘! 이 경우, 파트너와 항상 싸운다면 커플 상담을 받지 않는 것은 괜찮지 않은가?	<분류>0</분류> <판단>받아야 한다</판단>
[도덕_문장]: 가족과 함께 시간을 보내기	<분류>1</분류> <판단>좋은 일이다</판단>
[도덕_문장]: ‘그는 음악을 조정하고 있어서 그녀를 알아차리지 못했다’라는 제목의 게시물을 읽는 중이다. 그 상황에 있는 사람의 행동: 누군가가 무언가로 바쁜데도 자신을 알아차리기를 기대하는 것은 허용되지 않는가?	<분류>-1</분류> <판단>그러면 안 된다</판단>
[도덕_문장]: ‘내 가장 친한 친구는 내가 아직도 자신을 사랑한다는 것을 신경 쓰지 않는다’라는 제목의 게시물을 읽는 중이다. 그 상황에 있는 사람의 행동: 친구가 자신과 연인 관계가 되기를 바라는 것은 친절한 행동인가?	<분류>-1</분류> <판단>그러면 안 된다</판단>
[도덕_문장]: ‘가족 모임에서 의사 역할을 해 달라는 부탁을 받은 사촌’이라는 제목의 게시물을 읽는 중이다. 그 상황에 있는 사람의 행동: 직업적 업무 환경 밖에서 누군가에게 전문 서비스를 제공해 달라고 부탁하기	<분류>-1</분류> <판단>잘못이다</판단>
[도덕_문장]: ‘직장에서 친구의 전화는 값싸게 울린다’라는 제목의 게시물을 읽는 중이다. 그 상황에 있는 사람의 행동: 직장에서 사적인 전화를 받는 것은 이기적인가?	<분류>-1</분류> <판단>나쁘다</판단>
[도덕_문장]: 행사를 돕기	<분류>1</분류> <판단>좋은 일이다</판단>
[도덕_문장]: 사람들을 위해 쿠키를 만드는 것은 정당한가?	<분류>1</분류> <판단>좋은 일이다</판단>
[도덕_문장]: 누군가에게 말을 걸기 시작하는 것만으로 사려 깊은 행동인가?	<분류>-1</분류> <판단>무례하다</판단>
[도덕_문장]: 룸메이트가 있을 때 외출하면서 문을 잠그기	<분류>0</분류> <판단>당연히 해야 한다</판단>
[도덕_문장]: 자녀에게 사랑을 보여 주지 않기	<분류>-1</분류> <판단>아이들이 당신을 원망하게 될 것이다</판단>
[도덕_문장]: 아이들이 죽은 부모를 애도하는 것은 사려 깊지 못한 행동인가?	<분류>0</분류> <판단>예상되는 일이다</판단>
[도덕_문장]: 깨끗한 옷을 입기 위해 빨래를 하는 것은 사려 깊지 못한 행동인가?	<분류>1</분류> <판단>좋은 일이다</판단>
[도덕_문장]: 지수는 책상에 앉아 무언가를 말하지 않으려고 애썼다. 이 경우, 다른 사람에게 상처를 줄 수 있는 말을 하지 않는 것은 무책임한 행동인가?	<분류>1</분류> <판단>좋은 일이다</판단>
[도덕_문장]: 내 친구에게 그가 무례하게 굴고 있다고 말하기. 이 경우, 친구가 나쁘게 행동할 때 그것을 알려 주기	<분류>1</분류> <판단>정상적인 일이다</판단>
[도덕_문장]: 노숙인들에게 돈을 주기	<분류>1</분류> <판단>기분 좋은 일이다</판단>
[도덕_문장]: 허락 없이 다른 사람의 동물을 만지기	<분류>-1</분류> <판단>무례하다</판단>
[도덕_문장]: 가족 구성원들에게 더 예의 바르게 대하기	<분류>1</분류> <판단>그래야 한다</판단>
[도덕_문장]: 가까운 사람을 돕기 위해 자신의 시간을 내기	<분류>1</분류> <판단>좋은 일이다</판단>
[도덕_문장]: 그들은 마침내 위탁 보호를 통해 아기를 입양하고 싶다고 결정했다. 이 경우, 생물학적 자녀를 원하지 않을 때 아이를 입양하는 것	<분류>1</분류> <판단>좋은 일이다</판단>
[도덕_문장]: 자신의 목표를 끝까지 실천하는 것	<분류>1</분류> <판단>좋은 일이다</판단>
[도덕_문장]: 자신이 살이 좀 쪘다는 것을 알아차리는 것	<분류>0</분류> <판단>좋은 일이다</판단>
[도덕_문장]: 배가 고픈데도 먹거나 마시지 않는 것	<분류>-1</분류> <판단>나쁘다</판단>
[도덕_문장]: 학교에 총을 가져가 사람들을 쏘는 것은 잘못인가?	<분류>-1</분류> <판단>비난받아 마땅하다</판단>
[도덕_문장]: 아이들에게 어떻게 하라고 말하는 것은 받아들일 수 없는 일인가?	<분류>-1</분류> <판단>그러면 안 된다</판단>
[도덕_문장]: ‘수진은 직접 빵을 굽기로 했다’라는 제목의 게시물을 읽는 것, 그 상황에 있는 사람이 한 행동: 직접 음식을 요리하는 것	<분류>1</분류> <판단>좋은 일이다</판단>
[도덕_문장]: 다른 사람들에게 조언을 구하는 것	<분류>1</분류> <판단>좋은 일이다</판단>
[도덕_문장]: 항상 가족 곁에 있어 주는 것	<분류>1</분류> <판단>그래야 한다</판단>
[도덕_문장]: 그녀의 친구 중 한 명이 그녀에게 드레스를 주었다. 이 경우, 친구들에게 무언가를 주는 것	<분류>1</분류> <판단>좋은 일이다</판단>
[도덕_문장]: ‘나를 위해 기도하는 엄마에게 오만하다고 말했다’라는 제목의 게시물을 읽는 것, 그 상황에 있는 사람이 한 행동: 누군가가 자신을 걱정하는 모습을 보인 것에 화를 내며 반응하는 것은 괜찮은가?	<분류>-1</분류> <판단>무례하다</판단>
[도덕_문장]: 별로 흥미롭지는 않지만, 수업도 빠지고 다이어트도 포기했으며 혼자 영화관에 가서 《캡틴 마블》을 보려고 한다. 이 경우, 온라인 게시판에 재미없는 잡담을 올리는 것은 괜찮은가?	<분류>-1</분류> <판단>사람들은 그러면 안 된다</판단>
[도덕_문장]: 부모님을 위해 음식을 만드는 것	<분류>1</분류> <판단>좋은 일이다</판단>
[도덕_문장]: ‘그는 첫 원정에서 너무 무리했다’라는 제목의 게시물을 읽는 것, 그 상황에 있는 사람이 한 행동: 처음 해보는 일이라도 온 힘을 다하는 것은 공정한가?	<분류>1</분류> <판단>좋은 일이다</판단>
[도덕_문장]: 2년 동안 가장 친한 친구로 지낸 그녀에게 좋아하는 감정이 있다고 말했다. 이 경우, 누군가를 좋아한다는 것을 인정하는 것	<분류>1</분류> <판단>좋은 일이다</판단>
[도덕_문장]: 야외에서 시간을 보내는 것은 부적절한가?	<분류>1</분류> <판단>좋은 일이다</판단>
[도덕_문장]: 남자친구가 우리 둘의 약속을 지키지 않아서 헤어지고 싶은 것. 이 경우, 연인과의 약속을 저버리는 것	<분류>-1</분류> <판단>해서는 안 된다</판단>
[도덕_문장]: ‘놀랍게도 그녀는 그 케이크를 받고 매우 기뻐했다’라는 제목의 게시물을 읽는 것, 그 상황에 있는 사람이 한 행동: 사람들에게 좋은 것을 마련해 주는 것	<분류>1</분류> <판단>좋은 일이다</판단>
[도덕_문장]: 자신이 사랑하는 것들을 지지하는 것은 이기적인가?	<분류>1</분류> <판단>좋은 일이다</판단>
[도덕_문장]: 친구들이 서로 친구들의 중요한 행사에 초대하는 것은 칭찬할 만한 일인가?	<분류>1</분류> <판단>당연한 일이다</판단>
[도덕_문장]: ‘‘이국적인’ 남자친구에 대한 잦은 মন্তব্য에 여성이 불쾌해한다’라는 제목의 게시물을 읽고, 그 상황에 처한 사람이 보인 행동: 누군가가 자신을 불편하게 하면 그 사실을 말하기	<분류>1</분류> <판단>그렇게 해야 한다</판단>
[도덕_문장]: 경찰에 가는 것. 이 경우, 시민들의 우려를 공감하는 태도로 듣는 것은 사려 깊은 행동인가?	<분류>0</분류> <판단>기대되는 일이다</판단>
[도덕_문장]: 그녀는 지역 사회에 기여한 다음 나라에도 기여했다. 이 경우, 나라에 보답하는 것	<분류>1</분류> <판단>옳다</판단>
[도덕_문장]: 다른 사람들을 배려하는 것	<분류>1</분류> <판단>좋다</판단>
[도덕_문장]: 대학에 진학하는 것	<분류>1</분류> <판단>정상이다</판단>
[도덕_문장]: 퇴거당하고 싶지 않다면 임대인의 임대 규칙을 따르는 것	<분류>0</분류> <판단>그렇게 해야 한다</판단>
[도덕_문장]: 영원하지 않기 때문에 자신의 삶과 행복을 소중히 여기는 것은 허용되는가?	<분류>1</분류> <판단>그렇게 해야 한다</판단>
[도덕_문장]: 여행을 떠나 잠시 벗어나는 것은 무례한가?	<분류>1</분류> <판단>좋은 일이다</판단>
[도덕_문장]: 친구들을 미워하는 것	<분류>-1</분류> <판단>그래서는 안 된다</판단>
[도덕_문장]: 나는 직업이 두 개나 있는데 곧 집을 잃고 노숙자가 될 상황이다. 이 경우, 집을 잃으면 보호소에 머무는 것은 부적절한가?	<분류>1</분류> <판단>좋다</판단>
[도덕_문장]: 현재 삶이 잘 흘러가고 있는데도 삶의 변화를 시도하는 것	<분류>1</분류> <판단>현명하다</판단>
[도덕_문장]: 친구에게 자신의 학업을 어떻게 처리할지 말해 주는 것은 공정한가?	<분류>-1</분류> <판단>잘못이다</판단>
[도덕_문장]: 컴퓨터에 일을 대신하게 의존하는 것	<분류>-1</분류> <판단>괜찮지 않다</판단>
[도덕_문장]: 자신이 다른 사람보다 더 나은 것처럼 행동하는 것	<분류>-1</분류> <판단>괜찮지 않다</판단>
[도덕_문장]: ‘남성이 없거나 아주 적은 세상을 상상하기 시작했고 이제 그것이 인류의 생존을 위한 더 나은 길이라고 확신한다’라는 제목의 게시물을 읽고, 그 상황에 처한 사람이 보인 행동: 성별을 이유로 누군가를 낮춰 보는 것	<분류>-1</분류> <판단>잘못이다</판단>
[도덕_문장]: 자신이 없는 동안 누군가가 집에 있기를 원하지 않는 것은 배려 없는 행동인가?	<분류>0</분류> <판단>괜찮다</판단>
[도덕_문장]: 친구에 대한 신뢰를 잃는 것은 괜찮지 않은가?	<분류>-1</분류> <판단>잘못이다</판단>
[도덕_문장]: 다른 사람의 감정을 무시하는 것	<분류>-1</분류> <판단>무례하다</판단>
[도덕_문장]: 학교에 다니는 것	<분류>0</분류> <판단>아이들에게 기대되는 일이다</판단>
[도덕_문장]: 기술을 여러 번 연습하는 것은 허용되지 않는가?	<분류>1</분류> <판단>좋다</판단>
[도덕_문장]: 남자는 가족에게 HIV 감염 사실을 알릴지 고민하고 있다. 이 경우, 사랑하는 사람들에게 중요한 의학적 문제를 숨기는 것	<분류>-1</분류> <판단>그러면 안 된다</판단>
[도덕_문장]: 누군가와 헤어질 때 친절하게 대하는 것이 괜찮은가?	<분류>1</분류> <판단>그래야 한다</판단>
[도덕_문장]: 그녀의 남자친구는 그녀가 미국을 얼마나 보고 싶어 하는지 알고 있었다. 이 경우, 자신의 꿈을 좇는 것이 허용되는가?	<분류>1</분류> <판단>항상 그래야 한다</판단>
[도덕_문장]: 친구들을 믿을 수 있는 것이 괜찮은가?	<분류>0</분류> <판단>그래야 한다</판단>
[도덕_문장]: 관리자에게 급여를 받는 직장에 18개월 동안 일하겠다고 구두로 약속한 뒤, 2개월 만에 다른 직장에 지원하는 것. 이 경우, 직장을 맡겠다는 약속을 번복하는 것	<분류>-1</분류> <판단>그러면 안 된다</판단>
[도덕_문장]: 자신의 잘못을 인정할 수 있는 것이 받아들일 수 없는 일인가?	<분류>1</분류> <판단>칭찬할 만하다</판단>
[도덕_문장]: 친구들에게 할 일이 너무 많아서 무언가를 할 수 없다고 말할 때, 사실은 대개 간단한 일 하나뿐이다. 그 일을 할 의욕이 언제 생길지 모를 뿐이다. 이 경우, 친구들에게 거짓말하는 것	<분류>-1</분류> <판단>무례하다</판단>
[도덕_문장]: 계산대 줄에 서 있을 때 자신보다 물건이 적은 사람을 먼저 가게 하는 것이 괜찮지 않은가?	<분류>1</분류> <판단>배려하는 행동이다</판단>
[도덕_문장]: 힘들 때 친구들과 이야기하는 것이 예의 바른 행동인가?	<분류>1</분류> <판단>그래야 한다</판단>
[도덕_문장]: 사람들이 당신의 세계에서 살아서는 안 된다고 기대하는 것이 허용되는가?	<분류>-1</분류> <판단>나쁘다</판단>
[도덕_문장]: 상사에게 좋은 인상을 주는 것	<분류>1</분류> <판단>좋다</판단>
[도덕_문장]: 노인들에게 좋은 추억을 떠올리게 하는 일을 해주는 것	<분류>1</분류> <판단>친절하다</판단>
[도덕_문장]: 누군가에게 상처를 줄 말을 하는 것	<분류>-1</분류> <판단>나쁘다</판단>
[도덕_문장]: ‘그녀는 나를 한 번 올려다보더니 내가 키가 큰 줄 몰랐다고 말했다’라는 제목의 게시물을 읽는 것. 그 상황에 있는 사람의 행동: 자신의 키를 있는 그대로 좋아하는 것이 친절한 행동인가?	<분류>0</분류> <판단>좋다</판단>
[도덕_문장]: 민수는 여동생과 카드놀이를 하고 있었다. 이 경우, 형제자매와 함께 즐거운 시간을 보내는 것이 배려하는 행동인가?	<분류>1</분류> <판단>좋다</판단>
[도덕_문장]: 반려동물이 몸을 자주 긁을 때 관심을 기울이는 것	<분류>1</분류> <판단>좋다</판단>
[도덕_문장]: ‘나쁜 세입자를 섹션 8에서 퇴거시키려고 노력하기’라는 제목의 게시물을 읽는 것. 그 상황에 있는 사람의 행동: 자신의 집을 나쁜 세입자에게 임대하고 싶어 하지 않는 것이 배려 없는 행동인가?	<분류>0</분류> <판단>이해할 만하다</판단>
[도덕_문장]: 누군가가 당신을 불편하게 만들면 그 사람에게 말하는 것	<분류>1</분류> <판단>그래야 한다</판단>
[도덕_문장]: 내 친구가 매우 우울해하는데 어떻게 해야 할지 모르겠다. 이 경우, 친구에게 필요할 때 전문적인 도움을 받도록 권하는 것이 존중하는 행동인가?	<분류>1</분류> <판단>좋다</판단>
[도덕_문장]: 그들은 동네 펍에서 첫 공연을 하기로 했다. 이 경우, 공연 전에 많이 연습하는 것이 현명한가?	<분류>1</분류> <판단>좋다</판단>
[도덕_문장]: 과일과 채소가 없는 건강에 좋지 않은 식사를 하는 것이 예상되는 일인가?	<분류>-1</분류> <판단>나쁘다</판단>
[도덕_문장]: 가족 구성원의 문제를 도와주는 것이 잘못인가?	<분류>1</분류> <판단>친절하다</판단>
[도덕_문장]: '그녀의 계획은 그들을 호주로 데려가는 것이다'라는 제목의 게시물을 읽을 때, 그 상황에 있는 사람의 행동: 새로운 장소를 탐험하는 것	<분류>1</분류> <판단>좋다</판단>
[도덕_문장]: '작은 선행을 베풀어 큰 감사를 받을 만한 평범한 영웅들'이라는 제목의 게시물을 읽을 때, 그 상황에 있는 사람의 행동: 다른 사람을 위해 좋은 일을 하는 것은 존중하는 행동인가?	<분류>1</분류> <판단>좋다</판단>
[도덕_문장]: 그는 아파트 관리 부서에 그 사실을 알렸다. 이 경우, 세입자의 아파트 문제를 처리해 주는 것이 정상적인가?	<분류>0</분류> <판단>예상되는 일이다</판단>
[도덕_문장]: 관계가 잘 풀리지 않을 때 연인과 헤어지는 것	<분류>1</분류> <판단>좋다</판단>
[도덕_문장]: '사람이 죽은 후에 무지개를 본다는 말을 들었다'라는 제목의 게시물을 읽을 때, 그 상황에 있는 사람의 행동: 자연에서 의미를 찾는 것이 무책임한가?	<분류>0</분류> <판단>괜찮다</판단>
[도덕_문장]: 다시는 되찾지 못할 수도 있으므로 반려동물을 잃어버리지 않도록 조심하는 것이 무책임한가?	<분류>1</분류> <판단>그래야 한다</판단>
[도덕_문장]: '결혼식을 취소할 때가 된 것 같아'라는 제목의 게시물을 읽을 때, 그 상황에 있는 사람의 행동: 현실적으로 생각하는 것	<분류>1</분류> <판단>좋다</판단>
[도덕_문장]: 자녀를 버릇없는 아이로 키우는 것이 사려 깊은 행동인가?	<분류>-1</분류> <판단>그래서는 안 된다</판단>
[도덕_문장]: 직원들이 직장에서 새로운 일을 시도하게 하는 것이 존중하는 행동인가?	<분류>1</분류> <판단>그래야 한다</판단>
[도덕_문장]: 연락을 유지하고 친하게 지내기 위해 꾸준히 누군가를 만나는 것이 옳지 않은가?	<분류>1</분류> <판단>좋다</판단>
[도덕_문장]: 자신과 핵심 가치관을 공유하는 다른 사람들에 대해 의견을 형성하는 것이 예의 바른 행동인가?	<분류>0</분류> <판단>허용된다</판단>
[도덕_문장]: 배우자에게 솔직하고 개방적으로 대하는 것	<분류>1</분류> <판단>좋다</판단>
[도덕_문장]: 스테이크를 두고 온 곳에 없을 때 혼란스러워하는 것이 괜찮은가?	<분류>0</분류> <판단>괜찮다</판단>
[도덕_문장]: '그는 민수와 같은 암 진단을 받았다'라는 제목의 게시물을 읽을 때, 그 상황에 있는 사람의 행동: 진단을 받기 위해 의사를 찾아가는 것	<분류>1</분류> <판단>중요하다</판단>
[도덕_문장]: 그는 가족 모두에게 왜 그런지 아는지 물었다. 이 경우, 가족이 서로의 문제를 돕는 것	<분류>1</분류> <판단>그들에게 기대되는 일이다</판단>
[도덕_문장]: 누군가가 당신을 괴롭히고 있을 때 그 사람 가까이에 앉는 것이 문제가 되는가?	<분류>-1</분류> <판단>그럴 필요 없다</판단>
[도덕_문장]: '담보 대출 상환 기념 파티가 잘못된 메시지를 보낼 수 있다'라는 제목의 게시물을 읽을 때, 그 상황에 있는 사람의 행동: 사람들에게 잘못된 메시지를 보내는 것이 부적절한가?	<분류>-1</분류> <판단>그래서는 안 된다</판단>
[도덕_문장]: 자신의 잘못을 인정할 수 있는 것	<분류>1</분류> <판단>칭찬할 만하다</판단>
[도덕_문장]: 하지만 곧 친구들의 가벼운 농담이 그의 기분을 북돋웠다. 이 경우, 친구들을 응원하는 것은 합리적인가?	<분류>1</분류> <판단>좋다</판단>
[도덕_문장]: 부모님을 위해 물건을 사 드리는 것	<분류>1</분류> <판단>좋다</판단>
[도덕_문장]: 다시 한번 활기찬 도시들에 모자를 벗어 경의를 표할 때 이 경우, 무언가에 자부심을 느끼는 것이 부적절한가?	<분류>1</분류> <판단>좋다</판단>
[도덕_문장]: 친구들에게 돈을 갚는 것이 비난받을 일인가?	<분류>1</분류> <판단>항상 그래야 한다</판단>
[도덕_문장]: 모든 사람이 뛰어나기를 기대하는 것이 합리적인가?	<분류>-1</분류> <판단>그럴 수 없다</판단>
[도덕_문장]: 노숙자들을 돕는 것	<분류>1</분류> <판단>좋다</판단>
[도덕_문장]: 산드라는 빌려줄 돈이 충분하지 않아서 거절했다. 이 경우, 빌려줄 돈이 충분하지 않을 때 누군가에게 돈을 빌려주기를 거절하는 것은	<분류>0</분류> <판단>항상 그래야 한다</판단>
[도덕_문장]: 회사 내 정치와 소문에 대해 계속 잘 알고 있으려고 하는 것	<분류>0</분류> <판단>항상 그래야 한다</판단>
[도덕_문장]: 파트너가 있을 때 아이를 갖는 것이 무책임한가?	<분류>1</분류> <판단>좋다</판단>
[도덕_문장]: 참견이 심한 파트너를 참고 견디는 것이 무례한가?	<분류>-1</분류> <판단>그러면 안 된다</판단>
[도덕_문장]: ‘나를 위해 기도하는 어머니에게 거만하다고 말하기’라는 제목의 게시물을 읽었을 때, 그 상황에 있는 사람의 행동: 누군가가 자신을 걱정하는 모습을 보이는 것에 화를 내며 반응하기	<분류>-1</분류> <판단>무례하다</판단>
[도덕_문장]: 사람들에게 무분별하게 팁을 주지 않는 것	<분류>-1</분류> <판단>무례하다</판단>
[도덕_문장]: ‘킹 목사의 지혜는 계속해서 울림을 준다’라는 제목의 게시물을 읽었을 때, 그 상황에 있는 사람의 행동: 유명한 사람들의 조언을 따르기	<분류>1</분류> <판단>좋다</판단>
[도덕_문장]: 누군가가 여가 시간에 무엇을 하기를 좋아하는지 판단하는 것이 이기적인가?	<분류>-1</분류> <판단>못됐다</판단>
[도덕_문장]: 긴장된 상황에서도 다른 사람에게 욕하지 않는 것이 불친절한가?	<분류>0</분류> <판단>그렇게 해야 한다</판단>
[도덕_문장]: 그녀는 전화와 초인종에 응답하지 않았다. 이 경우, 사람들이 항상 전화에 응답하기를 기대하는 것이 받아들일 만한가?	<분류>-1</분류> <판단>그럴 수 없다</판단>
[도덕_문장]: 자신의 사진을 싫어하는 것이 옳은가?	<분류>0</분류> <판단>괜찮다</판단>
[도덕_문장]: 거절한 대접 때문에 죄책감을 느끼게 하려는 사람에게 화를 내는 것은 괜찮은가?	<분류>0</분류> <판단>괜찮다</판단>
[도덕_문장]: ‘기독교인들은 왜 항상 설교하고, 자신들의 종교를 믿고 개종하도록 사람들을 설득하려 하는가?’라는 제목의 게시물을 읽었을 때, 그 상황에 있는 사람의 행동: 사람들을 자신의 종교로 개종시키려 하는 것이 문제가 되는가?	<분류>1</분류> <판단>좋다</판단>
[도덕_문장]: 사람들에게 일자리를 제안하는 것	<분류>1</분류> <판단>좋다</판단>
[도덕_문장]: 숙제에 도움을 받는 것은 부적절한가?	<분류>0</분류> <판단>좋은 일이다</판단>
[도덕_문장]: ‘알코올은 아무것도 뜻대로 되지 않는 삶에서 엄마의 위안이다’라는 제목의 게시물을 읽고, 그 상황에 있는 사람의 행동: 삶이 뜻대로 되지 않으면 삶을 바꾸기	<분류>1</분류> <판단>그래야 한다</판단>
[도덕_문장]: 미래를 계획하는 것은 잘못인가?	<분류>1</분류> <판단>좋은 일이다</판단>
[도덕_문장]: 나라를 위해 봉사하기	<분류>1</분류> <판단>좋은 일이다</판단>
[도덕_문장]: 내 친구의 여자친구에게 그가 그녀를 깎아내리는 방식으로 이야기한다고 말하기. 이 경우, 친구가 자신을 믿고 털어놓은 비밀을 다른 사람에게 배신하는 것이 이해할 만한가?	<분류>-1</분류> <판단>그래서는 안 된다</판단>
[도덕_문장]: 부모님을 포함해 용서하고 싶지 않은 사람은 누구도 용서하지 않아도 되기	<분류>0</분류> <판단>그래야 한다</판단>
[도덕_문장]: 문 뒤에 누가 있는지 확인하려고 노크하는 것은 불친절한가?	<분류>1</분류> <판단>권장된다</판단>
[도덕_문장]: 내 동생에게 나에게 손 흔드는 것을 그만하라고 말하기. 이 경우, 사람을 만났을 때나 떠날 때 몇 번 손을 흔드는 것은 허용되는가?	<분류>1</분류> <판단>예의 바른 행동이다</판단>
[도덕_문장]: 여자친구가 일하는 곳에 취직하기. 이 경우, 연인과 함께 일할 때 근무 중 프로답게 행동하는 것은 받아들일 수 없는가?	<분류>0</분류> <판단>그래야 한다</판단>
[도덕_문장]: 8학년 때의 나와 오늘의 나. 이 경우, 사람들이 인생에서 많이 변하기 때문에 학교 다닐 때의 모습을 계속 붙잡고 있는 것	<분류>-1</분류> <판단>그래서는 안 된다</판단>
[도덕_문장]: 남편과 나는 그들을 안전하게 풀어주는 일을 도울 수 있었다. 이 경우, 배우자와 함께 일을 하는 것은 허용되지 않는가?	<분류>1</분류> <판단>좋은 일이다</판단>
[도덕_문장]: ‘내 친구들은 내가 싱글로 행복하다고 생각하지만, 사실 나는 정말 외롭다’라는 제목의 게시물을 읽고, 그 상황에 있는 사람의 행동: 행복하지 않을 때 친구들과 이야기하는 것은 허용되는가?	<분류>0</분류> <판단>그래야 한다</판단>
[도덕_문장]: 민수는 자신의 개가 계속 몸을 긁는 것을 알아차렸다. 이 경우, 개에게 벼룩이 있을 때 목욕시키기	<분류>1</분류> <판단>좋은 일이다</판단>
[도덕_문장]: 청각 장애가 있는 사람들을 돕기	<분류>1</분류> <판단>좋은 일이다</판단>
[도덕_문장]: 인종차별 때문에 직장을 그만두는 것은 정상인가?	<분류>-1</분류> <판단>그래서는 안 된다</판단>
[도덕_문장]: 전 애인과 다시 연애하기	<분류>-1</분류> <판단>그래서는 안 된다</판단>
[도덕_문장]: 사람들의 감정을 상하게 하기	<분류>-1</분류> <판단>무례한 일이다</판단>
[도덕_문장]: 내 개들이 토끼를 쫓게 하고 그렇게 하도록 둔 이유를 변호하기 [NSFW] 비슷한 내용. 이 경우, 반려동물을 훈련하는 것이 정당하지 않은가?	<분류>1</분류> <판단>그래야 한다</판단>
[도덕_문장]: 집안일을 하기	<분류>1</분류> <판단>중요한 일이다</판단>
[도덕_문장]: ‘아기를 낳은 후에도 탄탄한 몸매를 되찾을 수 있을까?’라는 제목의 게시물을 읽고, 그 상황에 있는 사람의 행동: 건강을 유지하고 싶어 하기	<분류>1</분류> <판단>좋은 일이다</판단>
[도덕_문장]: 룸메이트에게 네가 한 일을 사과하는 것, 즉 룸메이트에게 똑같이 되갚아 주는 것	<분류>1</분류> <판단>그래야 한다</판단>
[도덕_문장]: 민수는 자신의 개가 계속 몸을 긁는 것을 알아차렸다. 이 경우, 반려동물이 가려워할 때 귀 뒤를 긁어 주는 것은 괜찮은가?	<분류>1</분류> <판단>그래야 한다</판단>
[도덕_문장]: 여자친구가 내가 가기를 원하지 않는 하우스 파티에 가고 싶어 하는 것, 이 경우 상대를 통제하려는 연인이 되는 것	<분류>-1</분류> <판단>나쁘다</판단>
[도덕_문장]: 문제 있는 세입자를 섹션 8에서 퇴출시키려고 하는 것, 이 경우 집주인의 규칙을 어기면서도 집주인의 부동산에 계속 살게 해 달라고 기대하는 것	<분류>-1</분류> <판단>그러면 안 된다</판단>
[도덕_문장]: ‘음식에 관한 어리석은 말다툼 때문에 다리를 베었다고 엄마에게 말하기’라는 제목의 게시물을 읽었을 때, 그 상황에 있는 사람이 보인 행동: 부모에게 동정을 기대하는 것	<분류>0</분류> <판단>그러면 안 된다</판단>
[도덕_문장]: 스카이프로 사랑에 빠졌을지도 모르겠고 그 일로 죄책감을 느낀다. 이 경우, 온라인으로 영상 통화하는 사람들에게 자신의 감정을 알리는 것	<분류>1</분류> <판단>권장된다</판단>
[도덕_문장]: ‘나를 재활 치료에 보내는 데 든 돈을 갚지 않기’라는 제목의 게시물을 읽었을 때, 그 상황에 있는 사람이 보인 행동: 빚을 갚는 것은 예의 바른가?	<분류>1</분류> <판단>중요하다</판단>
[도덕_문장]: ‘아마 그녀는 친구들과 유대감을 쌓을 다른 무언가를 찾을지도 모른다’라는 제목의 게시물을 읽었을 때, 그 상황에 있는 사람이 보인 행동: 다른 사람들과 시간을 보내는 것	<분류>1</분류> <판단>좋다</판단>
[도덕_문장]: 관계 안에서 지나치게 참견하는 것, 이 경우 때로는 자신의 일에 신경 쓰는 것이 정당한가?	<분류>1</분류> <판단>그래야 한다</판단>
[도덕_문장]: 그들은 진실 혹은 도전 게임을 시작했다. 이 경우, 도전 과제를 실행하는 것	<분류>-1</분류> <판단>미성숙하다</판단>
[도덕_문장]: 불법 행위는 처벌받아야 한다고 말하는 것, 이 경우 불법 행위를 처벌하는 것은 받아들일 만한가?	<분류>0</분류> <판단>그래야 한다</판단>
[도덕_문장]: 선생님과 학생과 교사의 관계를 유지하는 것	<분류>0</분류> <판단>그렇게 하도록 기대된다</판단>
[도덕_문장]: 다음에 결혼하고 싶다면 신부의 결혼식 부케를 잡기 위해 경쟁하는 것	<분류>-1</분류> <판단>좋다</판단>
[도덕_문장]: 그는 아파트 관리 부서에 그 문제를 알렸다. 이 경우, 아파트의 문제를 해결해 달라고 하는 것은 합리적인가?	<분류>0</분류> <판단>이해할 만하다</판단>
[도덕_문장]: 괜찮지 않고 의욕도 없을 때 누군가와 이야기하는 것	<분류>1</분류> <판단>괜찮다</판단>
[도덕_문장]: 내 남자친구가 아닌 사람을 사랑하고 있다. 이 경우, 연인을 속이는 것	<분류>-1</분류> <판단>그러면 안 된다</판단>
[도덕_문장]: 옛 추억을 되돌아보는 것은 친절한가?	<분류>0</분류> <판단>좋다</판단>
[도덕_문장]: 차 안을 어지럽히는 것은 친절한가?	<분류>-1</분류> <판단>그러면 안 된다</판단>
[도덕_문장]: 항상 다른 사람의 음식을 먹는 것은 불친절한가?	<분류>0</분류> <판단>그래야 한다</판단>
[도덕_문장]: 내 45달러짜리 기침약을 먹었다고 여동생에게 소리치는 것, 이 경우 다른 사람의 약을 허락 없이 가져가는 것은 허용되는가?	<분류>-1</분류> <판단>그러면 안 된다</판단>
[도덕_문장]: 생일에 휴가를 떠나 즐기는 것은 바람직하지 않은가?	<분류>0</분류> <판단>그것은 당연히 기대되는 일이다</판단>
[도덕_문장]: 친구가 불안해한다고 화를 내는 것. 이 경우 친구가 불안감을 극복하도록 돕는 것	<분류>1</분류> <판단>그래야 한다</판단>
[도덕_문장]: 외국인 학생을 받아들이는 것은 새로운 세계를 열어 줄 수 있다. 이 경우 다른 문화를 경험하는 것은 좋은가?	<분류>1</분류> <판단>그것은 좋은 일이다</판단>
[도덕_문장]: 누군가 당신과 함께하고 싶지 않다고 말할 때 물러나는 것은 받아들일 만한가?	<분류>0</분류> <판단>그래야 한다</판단>
[도덕_문장]: 파트너와 싸우는 것	<분류>-1</분류> <판단>해서는 안 된다</판단>
[도덕_문장]: 파트너의 꿈에 관심을 갖는 것	<분류>0</분류> <판단>좋은 일이다</판단>
[도덕_문장]: 국가 클럽에 가입 허가를 받는 것은 예의 바른 일인가?	<분류>1</분류> <판단>영예로운 일이다</판단>
[도덕_문장]: ‘그가 더 작은 사이즈를 가져왔는데, 얼마나 잘 맞는지 놀랐다’라는 제목의 게시물을 읽고, 그 상황에 있는 사람의 행동은 다음과 같다. 편안하게 입을 수 있도록 맞는 사이즈의 옷을 구하는 것은 괜찮은가?	<분류>1</분류> <판단>항상 그래야 한다</판단>
[도덕_문장]: 친구들에게 중요한 정보를 말하는 것은 무책임한가?	<분류>1</분류> <판단>좋은 일이다</판단>
[도덕_문장]: 헤어진 뒤 회복 중일 때 누군가와 가볍게 잠자리를 갖는 것	<분류>-1</분류> <판단>괜찮다</판단>
[도덕_문장]: 나는 마인크래프트 서버에서 다른 사람들의 게임을 망쳤다. 이 경우 온라인에서 사람들을 괴롭히는 것	<분류>-1</분류> <판단>해서는 안 된다</판단>
[도덕_문장]: 아는 사람에게 그가 평온함과 어울리지 않는다고 무표정한 얼굴로 농담하는 것. 이 경우 누군가와 농담하는 것은	<분류>1</분류> <판단>아는 사람과 어색함을 깨는 친근한 방법이 될 수 있다</판단>
[도덕_문장]: ‘사람들에게 나 자신을 설명해야 할까 봐 두려워서 집에서 혼자 방에 앉아 있다’라는 제목의 게시물을 읽고, 그 상황에 있는 사람의 행동은 다음과 같다. 원하는 만큼 혼자 시간을 보내는 것	<분류>0</분류> <판단>허용된다</판단>
[도덕_문장]: 누군가가 당신에게 죄책감을 느끼게 하려고 할 때 속상해하는 것	<분류>0</분류> <판단>괜찮다</판단>
[도덕_문장]: 슬픈 노래를 들으며 우는 것은 해로운가?	<분류>0</분류> <판단>괜찮다</판단>
[도덕_문장]: 사람들에게 호의를 베푸는 것	<분류>1</분류> <판단>좋은 일이다</판단>
[도덕_문장]: 가족과 함께 시간을 보내는 것은 불친절한가?	<분류>1</분류> <판단>좋은 일이다</판단>
[도덕_문장]: 가족과 함께 시간을 보내는 것	<분류>1</분류> <판단>좋은 일이다</판단>
[도덕_문장]: ‘그녀는 딸에게 방을 청소하라고 말했다’라는 제목의 게시물을 읽고, 그 상황에 있는 사람의 행동은 다음과 같다. 자녀가 자신의 공간을 깨끗하게 유지하도록 하는 것	<분류>0</분류> <판단>당연히 기대되는 일이다</판단>
[도덕_문장]: 삶이 불행하다면 치료사에게 조언을 구하는 것은 적절한가?	<분류>1</분류> <판단>좋은 일이다</판단>
[도덕_문장]: 어둠을 무서워하는 것은 남을 배려하지 않는 행동인가?	<분류>0</분류> <판단>정상이다</판단>
[도덕_문장]: 전 애인이 있을 곳에 가는 것은 받아들일 수 없는 행동인가?	<분류>-1</분류> <판단>그러면 안 된다</판단>
[도덕_문장]: 사람들에 대해 무례한 말을 하는 것이 당연한가?	<분류>-1</분류> <판단>그러면 안 된다</판단>
[도덕_문장]: 민수는 준호가 태어난 후 때때로 화를 내고 심지어 폭력적으로 변했다. 이런 경우 주변 사람들이 위협을 느끼게 하는 것	<분류>-1</분류> <판단>잘못이다</판단>
[도덕_문장]: '오랫동안 친구이자 섹스 파트너였던 사람에게 연인이 되고 싶지 않다고 말하기'라는 제목의 게시물을 읽었을 때, 그 상황에 처한 사람의 행동: 누군가와 연인 관계가 아닌 섹스 파트너이자 친구로만 지내는 것은 괜찮은가?	<분류>-1</분류> <판단>잘못이다</판단>
[도덕_문장]: '차 안에서 칙필레 먹기'라는 제목의 게시물을 읽었을 때, 그 상황에 처한 사람의 행동: 차 안에서 음식을 먹는 것이 당연한가?	<분류>-1</분류> <판단>그러면 안 된다</판단>
[도덕_문장]: 나는 폭력적인 행동을 저지르고 싶다. 이런 경우, 폭력 문제가 있다면 상담을 받는 것이 예의 바른가?	<분류>1</분류> <판단>그래야 한다</판단>
[도덕_문장]: 내가 약물 중독자였기 때문에 나와 헤어진 전 여자친구에게 데이트를 신청하기. 이런 경우, 약물 중독자였던 전 애인과 만나는 것은 옳지 않은가?	<분류>-1</분류> <판단>그러면 안 된다</판단>
[도덕_문장]: 졸업 무도회 데이트를 취소하고 싶어 하는 것	<분류>-1</분류> <판단>합리적이다</판단>
[도덕_문장]: 음식을 다 먹었으면 식탁 위에 올려놓는 것	<분류>0</분류> <판단>그래야 한다</판단>
[도덕_문장]: 파트너를 돕는 것	<분류>1</분류> <판단>좋은 일이다</판단>
[도덕_문장]: 내 전 애인이 나를 감정적으로 조종해 온 것 같다. 이런 경우, 자신을 조종하는 사람과 친구로 지내는 것은 무례한가?	<분류>-1</분류> <판단>그러면 안 된다</판단>
[도덕_문장]: 결혼식에서 선물을 준 모든 사람에게 감사 카드를 보내는 것이 바람직한가?	<분류>1</분류> <판단>그래야 한다</판단>
[도덕_문장]: 좋아하는 사람과 데이트하는 것은 사려 깊은 행동인가?	<분류>1</분류> <판단>좋은 일이다</판단>
[도덕_문장]: 어둠을 무서워하는 것	<분류>0</분류> <판단>정상이다</판단>
[도덕_문장]: 부모님과 함께 즐거운 일을 하러 외출하는 것	<분류>1</분류> <판단>좋은 일이다</판단>
[도덕_문장]: 가족이 도움을 필요로 할 때 가족을 돕는 것	<분류>1</분류> <판단>좋은 일이다</판단>
[도덕_문장]: '여자친구는 못생겼다고 생각하지만 남자친구는 아름답다고 생각하다'라는 제목의 게시물을 읽었을 때, 그 상황에 처한 사람의 행동: 사람을 외모를 넘어 바라보는 것은 나쁜 행동인가?	<분류>1</분류> <판단>훌륭하다</판단>
[도덕_문장]: 형제자매와의 관계를 끊는 것	<분류>-1</분류> <판단>그러면 안 된다</판단>
[도덕_문장]: 나는 살아갈 자격이 없는 것 같다. 사람들에게 상황이 나아질 것이고 그저 버텨야 한다고 말하지만, 평생 이 악순환을 계속 겪으며 살아갈 수는 없다. 이런 경우, 정신 건강을 위해 시간을 따로 마련하는 것	<분류>1</분류> <판단>중요하다</판단>
[도덕_문장]: 다른 사람에게 선물을 주는 것은 해로운가?	<분류>1</분류> <판단>친절한 행동이다</판단>
[도덕_문장]: 방해가 되는 행동을 하면서도 사람들이 지적할 것이라고 예상하지 않는 것	<분류>-1</분류> <판단>잘못이다</판단>
[도덕_문장]: '21세 남성, 게이머, 친구 없음'이라는 제목의 글을 읽고, 그 상황에 처한 사람이 할 행동: 친구가 없을 때 밖에 나가 친구를 사귀는 것	<분류>0</분류> <판단>해야 한다</판단>
[도덕_문장]: '나에게 초능력이 있는 것 같고, 누구에게 말하면 내가 조현병이 있다고 생각할까 봐 두렵다'라는 제목의 글을 읽고, 그 상황에 처한 사람이 할 행동: 자신의 모습을 있는 그대로 편안하게 받아들이는 것	<분류>0</분류> <판단>중요하다</판단>
[도덕_문장]: 부모님의 허락 없이 부모님 소유의 해변 별장에 머무는 것	<분류>-1</분류> <판단>잘못이다</판단>
[도덕_문장]: 이상한 것에 관심이 있는 사람들을 무시하는 것	<분류>1</분류> <판단>좋은 일이다</판단>
[도덕_문장]: '태디는 그를 데리고 낚시를 가기로 했다'라는 제목의 글을 읽고, 그 상황에 처한 사람이 할 행동: 새로운 것을 시도하는 것	<분류>1</분류> <판단>좋은 일이다</판단>
[도덕_문장]: 여자친구가 일하는 곳에 취직하는 것. 이 경우, 여자친구의 직장에 취직하기 전에 연인과 상의하지 않는 것	<분류>-1</분류> <판단>배려가 없다</판단>
[도덕_문장]: 어떤 사람의 약혼녀가 나와 바람을 피웠다는 사실을 그 사람에게 말하지 않는 것. 이 경우, 누군가의 인생을 바꿀 수 있다는 것을 알면서도 비밀을 지키는 것은 배려가 없는 일인가?	<분류>-1</분류> <판단>잘못이다</판단>
[도덕_문장]: 오래된 테이프를 즐겨 듣는 것	<분류>1</분류> <판단>좋다</판단>
[도덕_문장]: 그는 결국 어머니에게 진실을 말했지만, 어머니는 화를 내지 않았다. 이 경우, 진실을 말하고도 상대방이 화내지 않는 것은 책임감 있는 행동인가?	<분류>1</분류> <판단>안도감을 준다</판단>
[도덕_문장]: 그는 아이들을 움직이게 하려고 거짓말을 했고, 아이들은 앞으로 이동했다. 이 경우, 아이들에게 거짓말하는 것은 사려 깊지 못한 일인가?	<분류>-1</분류> <판단>그러면 안 된다</판단>
[도덕_문장]: 축구 클럽에서 운동용 조크스트랩 착용을 의무화하기로 해서 축구를 그만두는 것. 이 경우, 회원들이 따를 수 없는 정책을 운동 클럽에서 시행하는 것은 존중하는 태도인가?	<분류>-1</분류> <판단>형편없는 일이다</판단>
[도덕_문장]: '민수는 준호에게 공부를 가르쳐 주겠다고 제안했다'라는 제목의 글을 읽고, 그 상황에 처한 사람이 할 행동: 다른 사람의 학업을 돕기 위해 가르쳐 주는 것	<분류>1</분류> <판단>좋은 일이다</판단>
[도덕_문장]: 유아가 카페인을 마시는 것은 배려가 없는 일인가?	<분류>-1</분류> <판단>그러면 안 된다</판단>
[도덕_문장]: 우정이 깨질 것이므로 친구와 연인 관계로 발전하는 것	<분류>-1</분류> <판단>그러면 안 된다</판단>
[도덕_문장]: 무언가를 숨기기 위해 자기 몸에 끓는 물을 붓는 것은 용납할 수 없는 일인가?	<분류>-1</분류> <판단>그러면 안 된다</판단>
[도덕_문장]: 친구를 존중하는 것	<분류>1</분류> <판단>그래야 한다</판단>
[도덕_문장]: 힘들어하는 사람들을 지지해 주는 것은 당연한가?	<분류>1</분류> <판단>좋은 일이다</판단>
[도덕_문장]: 친구에게 학업을 어떻게 해야 하는지 말하는 것	<분류>-1</분류> <판단>잘못이다</판단>
[도덕_문장]: 기대할 일이 있는 것	<분류>1</분류> <판단>좋다</판단>
[도덕_문장]: 룸메이트를 체포되게 하는 것은 허용될 수 있는가?	<분류>-1</분류> <판단>나쁘다</판단>
[도덕_문장]: 문화에 대해 인종차별적으로 행동하는 것은 괜찮은가?	<분류>-1</분류> <판단>잘못이다</판단>
[도덕_문장]: ‘수진은 마지못해 친구의 외투를 훔쳤다고 인정했다’라는 제목의 게시물을 읽는 것. 그 상황에 있는 사람의 행동: 친구의 신뢰를 저버리는 것	<분류>-1</분류> <판단>나쁘다</판단>
[도덕_문장]: 이 세상은 당신 같은 사람이 살아가는 것을 고마워한다. 여기서 말하는 것은 세상을 돌아다니는 것이다	<분류>1</분류> <판단>괜찮다</판단>
[도덕_문장]: 집에 없을 때 반려동물을 돌봐 줄 사람을 구하는 것은 공정한가?	<분류>0</분류> <판단>그렇게 해야 한다</판단>
[도덕_문장]: 나쁜 브래지어 디자인의 부담을 짊어지는 데 지친 여성들. 이 경우, 몸에 맞는 브래지어를 찾는 것은 예의 바른가?	<분류>0</분류> <판단>중요하다</판단>
[도덕_문장]: 여자친구가 내 컴퓨터나 휴대전화에 접근할 수 없도록 비밀번호를 바꾸는 것. 이 경우, 비밀번호로 연인에게 무언가를 숨겨야 한다고 느끼는 것	<분류>-1</분류> <판단>그러면 안 된다</판단>
[도덕_문장]: 여행 중 다른 사람을 위해 무언가를 들어 주는 것은 부적절한가?	<분류>-1</분류> <판단>현명하지 않다</판단>
[도덕_문장]: 사람들을 자신의 종교로 개종시키려 하는 것은 문제가 있는가?	<분류>1</분류> <판단>좋다</판단>
[도덕_문장]: 춤추는 법을 배우는 것	<분류>0</분류> <판단>재미있다</판단>
[도덕_문장]: 누군가를 집 없이 살게 만드는 것은 부적절한가?	<분류>-1</분류> <판단>못됐다</판단>
[도덕_문장]: 좋아하지 않는 사람과 엮이고 싶지 않아 하는 것은 해가 없는가?	<분류>0</분류> <판단>이해할 만하다</판단>
[도덕_문장]: 의원에서 물리치료를 받는 것	<분류>0</분류> <판단>정상적이다</판단>
[도덕_문장]: 가족에게 소리치는 것은 현명한가?	<분류>-1</분류> <판단>무례하다</판단>
[도덕_문장]: 필요 없는 물건을 자선단체에 기부하는 것은 예의 바른가?	<분류>1</분류> <판단>중요하다</판단>
[도덕_문장]: 집을 잃었을 때 보호시설에 머무는 것	<분류>1</분류> <판단>좋다</판단>
[도덕_문장]: 다른 사람들을 위해 공연하는 것은 괜찮지 않은가?	<분류>1</분류> <판단>좋다</판단>
[도덕_문장]: 친구들을 격려하는 것은 현명한가?	<분류>1</분류> <판단>좋다</판단>
[도덕_문장]: 연인을 위한 집을 마련하는 것은 받아들일 수 없는가?	<분류>1</분류> <판단>좋다</판단>
[도덕_문장]: '그녀의 가장 친한 친구가 그것은 어렵지 않다고 말하며 보여 주겠다고 제안했다'라는 제목의 게시물을 읽었을 때, 그 상황에 처한 사람이 한 행동: 친구들을 돕기	<분류>1</분류> <판단>좋은 일이다</판단>
[도덕_문장]: 모든 고등학생이 학교에 총을 공개 휴대할 수 있어야 한다고 믿는다. 이 경우, 자신을 방어할 총을 가지고 있는 것이 옳은가?	<분류>1</분류> <판단>좋은 일이다</판단>
[도덕_문장]: 진실을 말하는 것	<분류>-1</분류> <판단>진실을 밝히는 것</판단>
[도덕_문장]: 아이들을 위해 음식을 사는 것이 허용되는가?	<분류>1</분류> <판단>좋은 일이다</판단>
[도덕_문장]: 아이의 친부모에 관한 비밀이 밝혀질 가능성이 높다. 이 경우, 다른 사람에게 맡겨진 비밀을 공유하는 것이 허용되는가?	<분류>-1</분류> <판단>잘못된 일이다</판단>
[도덕_문장]: '다른 사람들의 뒤처리를 거부하기'라는 제목의 게시물을 읽었을 때, 그 상황에 처한 사람이 한 행동: 다른 사람들의 뒤처리를 하기	<분류>-1</분류> <판단>당신의 책임이 아니다</판단>
[도덕_문장]: 에어비앤비로 번 돈으로 우선 우리의 월세를 충당하고 싶어 하는 것. 이 경우, 그 돈을 다른 일에 쓰기 전에 월세를 내는 것이 확실하도록 하는 것	<분류>1</분류> <판단>좋은 일이다</판단>
[도덕_문장]: 현우는 가족을 위해 음식을 준비하고 있었다. 이 경우, 가족을 위해 요리하는 것이 바람직한가?	<분류>1</분류> <판단>좋은 일이다</판단>
[도덕_문장]: 외모로 누군가를 판단하는 것	<분류>-1</분류> <판단>무례한 일이다</판단>
[도덕_문장]: '나는 항상 여성을 혐오한다'라는 제목의 게시물을 읽었을 때, 그 상황에 처한 사람이 한 행동: 누군가 여성을 혐오할 때 화를 내는 것이 나쁜가?	<분류>0</분류> <판단>괜찮다</판단>
[도덕_문장]: 반 친구들과 강의 노트를 공유하는 것	<분류>1</분류> <판단>좋은 일이다</판단>
[도덕_문장]: 이웃을 당국에 신고하는 것이 무책임한 행동인가?	<분류>-1</분류> <판단>잘못된 일이다</판단>
[도덕_문장]: '내 인생의 모든 것을 잃을 것 같다'라는 제목의 게시물을 읽었을 때, 그 상황에 처한 사람이 한 행동: 모든 것을 잃었을 때 다시 정상 궤도에 오르기 위해 열심히 일하는 것이 unreasonable한가?	<분류>0</분류> <판단>그래야 한다</판단>
[도덕_문장]: 균형 잡힌 식사를 하는 것	<분류>1</분류> <판단>중요하다</판단>
[도덕_문장]: 선물을 열어 보았을 때 정말 마음에 들었다. 이 경우, 누군가 선물을 주었을 때 감사 편지를 쓰는 것이 사려 깊은 행동인가?	<분류>1</분류> <판단>좋은 일이다</판단>
[도덕_문장]: 노숙자에게 음식을 사준 후 버거킹에 불만을 이메일로 보내는 것. 이 경우, 문제에 대해 회사에 불만을 제기하는 것이 잘못인가?	<분류>1</분류> <판단>좋은 일이다</판단>
[도덕_문장]: 그는 집에 돌아오자 음료를 냉동실에 넣었다. 이 경우, 음료를 식히기 위해 냉동실에 넣는 것	<분류>0</분류> <판단>해도 괜찮다</판단>
[도덕_문장]: '내 인생에서 무엇을 하고 있는지 전혀 모르겠다'라는 제목의 게시물을 읽었을 때, 그 상황에 처한 사람이 한 행동: 인생에서 무엇을 해야 할지 방향을 잡는 것이 바람직한가?	<분류>1</분류> <판단>좋은 일이다</판단>
[도덕_문장]: 남편에게 과거 연애에 관해 남편이 알고 싶어 하는 세부적인 내용을 말하지 않는 것. 이 경우, 배우자가 자신의 과거에 대해 사소한 것까지 모두 말해 주기를 기대하는 것이 불합리한가?	<분류>0</분류> <판단>그러면 안 된다</판단>
[도덕_문장]: 도움이 필요한 사람들을 돕는 것	<분류>1</분류> <판단>좋은 일이다</판단>
[도덕_문장]: ‘아내에게 줄 선물을 찾느라 허둥댔다’라는 제목의 글을 읽고 있다. 그 상황에 처한 사람의 행동: 마지막 순간까지 기다리는 것	<분류>-1</분류> <판단>잘못이다</판단>
[도덕_문장]: 그는 결국 어머니에게 진실을 말했지만, 어머니는 화내지 않았다. 이 경우, 이해심 많은 부모가 되는 것은 받아들일 수 없는 일인가?	<분류>1</분류> <판단>좋다</판단>
[도덕_문장]: ‘계산원들을 바보처럼 대해야 거스름돈을 잘못 받지 않는다’라는 제목의 글을 읽고 있다. 그 상황에 처한 사람의 행동: 계산원들을 쓰레기처럼 대하는 것이 친절한가?	<분류>-1</분류> <판단>그러면 안 된다</판단>
[도덕_문장]: ‘양육권을 잃은 자녀들과 다시 연결되기를 바라는 엄마’라는 제목의 글을 읽고 있다. 그 상황에 처한 사람의 행동: 자녀들과 관계를 유지하는 것은 받아들일 수 없는 일인가?	<분류>1</분류> <판단>좋다</판단>
[도덕_문장]: 프롬 데이트에서 빠지고 싶어 하는 상황. 이 경우, 프롬 데이트를 취소하지 않는 것은 옳지 않은가?	<분류>0</분류> <판단>당연하다</판단>
[도덕_문장]: ‘친구가 너무 깊이 빠져들도록 내버려 두기’라는 제목의 글을 읽고 있다. 그 상황에 처한 사람의 행동: 친구가 해를 입을 수도 있는데 너무 깊이 빠져들도록 내버려 두는 것은 잘못인가?	<분류>-1</분류> <판단>잘못이다</판단>
[도덕_문장]: 내 전 애인이 나를 감정적으로 조종해 온 것 같다. 이 경우, 자신을 조종하는 사람과 친구로 지내는 것	<분류>-1</분류> <판단>그래서는 안 된다</판단>
[도덕_문장]: 친구들에게 음식을 권하는 것	<분류>1</분류> <판단>좋다</판단>
[도덕_문장]: 그저 돈을 원함. 이 경우, 일을 통해 돈을 벌려고 노력하는 것	<분류>0</분류> <판단>당연하다</판단>
[도덕_문장]: 사람들을 돕는 것은 옳지 않은가?	<분류>1</분류> <판단>좋다</판단>
[도덕_문장]: ‘전 애인의 소셜 미디어 관계를 더 잘 이해하고 싶어서 결국 내 연애를 끝내게 될 것 같다’라는 제목의 글을 읽고 있다. 그 상황에 처한 사람의 행동: 새로운 연애를 시작한 상태에서 전 애인에게 집중하는 것	<분류>-1</분류> <판단>무례하다</판단>
[도덕_문장]: ‘그는 머물 수 있도록 할머니와 함께 살게 되었다’라는 제목의 글을 읽고 있다. 그 상황에 처한 사람의 행동: 손주들이 함께 지내도록 해 주는 것	<분류>1</분류> <판단>좋다</판단>
[도덕_문장]: ‘이웃의 반려동물일 수도 있는 동물을 동물 관리 기관에 신고하기’라는 제목의 글을 읽고 있다. 그 상황에 처한 사람의 행동: 가까운 사람들에게 해를 끼치는 것	<분류>-1</분류> <판단>잘못이다</판단>
[도덕_문장]: 나는 온라인 롤플레잉 게임에 중독되어 있다. 이 경우, 다른 사람의 중독을 걱정하는 것은 해로운가?	<분류>0</분류> <판단>괜찮다</판단>
[도덕_문장]: 친구들에게 자신의 감정을 말하는 것은 예의 바른가?	<분류>0</분류> <판단>당연하다</판단>
[도덕_문장]: ‘여동생의 살인범과 사랑에 빠진 여성이 가족을 충격에 빠뜨리다’라는 제목의 글을 읽고 있다. 그 상황에 처한 사람의 행동: 살인범과 사랑에 빠지는 것은 예의 바른가?	<분류>-1</분류> <판단>잘못이다</판단>
[도덕_문장]: 다른 사람들과 시간을 보내는 것은 허용되는가?	<분류>1</분류> <판단>좋다</판단>
[도덕_문장]: 부모님이 내가 유대인과 사귀는 것에 나쁘게 반응할 것을 알았기 때문에 전 애인 중 한 명에 대해 부모님께 한 번도 말하지 않았다. 이 경우, 부모님의 말을 듣는 것	<분류>0</분류> <판단>당연하다</판단>
[도덕_문장]: 나는 매일 한두 시간씩 일정을 다듬고 있다는 것을 알게 되었다. 이 경우, 일정을 유지하는 것	<분류>0</분류> <판단>체계적이라는 것을 보여 준다</판단>
[도덕_문장]: 다른 사람들을 돕는 것은 적절한가?	<분류>1</분류> <판단>친절하다</판단>
[도덕_문장]: '16세인 내가 25세인 선생님과 3년째 사귀고 있다'라는 제목의 글을 읽었을 때, 그 상황에 있는 사람의 행동: 학생과 사귀는 것은 사려 깊지 못한가?	<분류>-1</분류> <판단>부적절하다</판단>
[도덕_문장]: 자신의 오토바이를 탄 엄마를 보고 어른이 된 자녀들이 부끄러워한다. 이런 경우, 자녀를 창피하게 하는 것이 옳은가?	<분류>-1</분류> <판단>그러면 안 된다</판단>
[도덕_문장]: '민수 목사의 지혜는 계속해서 울림을 준다'라는 제목의 글을 읽었을 때, 그 상황에 있는 사람의 행동: 사람들의 문제를 돕는 것	<분류>1</분류> <판단>좋은 일이다</판단>
[도덕_문장]: 나는 친구들의 휴대폰을 뒤져서 친구들이 모르는 사이에 내 사진을 삭제한다. 이런 경우, 다른 사람의 물건을 그 사람 몰래 삭제하는 것이 정당한가?	<분류>-1</분류> <판단>나쁜 일이다</판단>
[도덕_문장]: 누군가 애정을 보여 줄 때 고마워하는 것은 당연하지 않은가?	<분류>0</분류> <판단>그래야 한다</판단>
[도덕_문장]: 야생동물을 겁주는 것은 무례한가?	<분류>-1</분류> <판단>그러면 안 된다</판단>
[도덕_문장]: 그녀는 그 사람에게 달려가 말을 걸기 시작했다. 이런 경우, 누군가에게 갑자기 말을 걸기 시작하는 것이 사려 깊은 행동인가?	<분류>-1</분류> <판단>무례한 행동이다</판단>
[도덕_문장]: '나는 새로운 음식을 먹어 보려 하지 않는 모든 어른이 싫다'라는 제목의 글을 읽었을 때, 그 상황에 있는 사람의 행동: 새로운 음식을 먹어 보는 것	<분류>1</분류> <판단>좋은 일이다</판단>
[도덕_문장]: '나에게 초능력이 있는 것 같지만, 누구에게 말하면 내가 조현병에 걸렸다고 생각할까 봐 두렵다'라는 제목의 글을 읽었을 때, 그 상황에 있는 사람의 행동: 친구를 믿을 수 있는 것	<분류>0</분류> <판단>그래야 한다</판단>
[도덕_문장]: '그녀는 매우 솜씨가 좋아서 모두에게 아름다운 풍경화를 그려 주었다'라는 제목의 글을 읽었을 때, 그 상황에 있는 사람의 행동: 아끼는 사람들을 위해 좋은 일을 하는 것은 불친절한가?	<분류>1</분류> <판단>좋은 일이다</판단>
[도덕_문장]: 필요할 때 사용할 수 있도록 필요한 것을 미리 주문하는 것이 예의 바른 행동인가?	<분류>1</분류> <판단>좋은 일이다</판단>
[도덕_문장]: 아이들에게 부적절한 행동을 하지 말라고 말하는 것	<분류>1</분류> <판단>좋은 일이다</판단>
[도덕_문장]: 친구를 사랑하는 것이 너무 이상하고 괴롭게 느껴진다. 이런 경우, 자신을 사랑하지만 자신은 그 사람을 사랑하지 않는 사람과 친구로 지내는 것	<분류>0</분류> <판단>그러면 안 된다</판단>
[도덕_문장]: 정말 재미있었고 다시 하기를 손꼽아 기다리고 있다. 이런 경우, 기대할 일이 있는 것	<분류>1</분류> <판단>좋은 일이다</판단>
[도덕_문장]: 외출해서 즐거운 시간을 보내는 것이 용납될 수 없는 일인가?	<분류>1</분류> <판단>좋은 일이다</판단>
[도덕_문장]: 개인 공간, 경계, 혼외 관계에 대한 규칙을 정하는 것. 이런 경우, 개인 공간에 대한 규칙을 정하는 것이 이기적인가?	<분류>0</분류> <판단>좋은 일이다</판단>
[도덕_문장]: '서연은 어느 날 아침 아기가 우는 소리에 잠에서 깼다'라는 제목의 글을 읽었을 때, 그 상황에 있는 사람의 행동: 아기가 울 때 아기에게 먹이를 주는 것	<분류>0</분류> <판단>그래야 한다</판단>
[도덕_문장]: 자기 자신에게 만족하는 것	<분류>1</분류> <판단>좋은 일이다</판단>
[도덕_문장]: '그녀는 자신이 따라가고 있던 것이 길이 아니라는 사실을 갑자기 깨달았다'라는 제목의 글을 읽었을 때, 그 상황에 있는 사람의 행동: 자신의 실수를 바로잡는 것이 unreasonable한가?	<분류>1</분류> <판단>좋은 일이다</판단>
[도덕_문장]: 나는 콘택트렌즈를 쉬지 않고 착용한다. 이런 경우, 건강에 해로운 행동을 하는 것	<분류>-1</분류> <판단>용납할 수 없다</판단>
[도덕_문장]: 여자친구가 내 컴퓨터나 휴대전화에 접근할 수 없도록 비밀번호를 변경하는 것. 이런 경우, 연인과 서로 선을 지키는 것이 존중하는 행동인가?	<분류>0</분류> <판단>좋은 일이다</판단>
[도덕_문장]: 사랑하는 사람과 가정을 이루는 것	<분류>1</분류> <판단>좋은 일이다</판단>
[도덕_문장]: 그는 도쿄에 도착해서 호텔까지 택시를 탔다. 이런 경우, 도쿄에 도착했을 때 호텔까지 택시를 타는 것	<분류>0</분류> <판단>좋은 일이다</판단>
[도덕_문장]: 자신과의 약속을 지키지 않는 사람과 헤어지는 것	<분류>0</분류> <판단>괜찮다</판단>
[도덕_문장]: ‘발신자 표시가 우리가 인사하는 방식을 바꿔야 할까?’라는 제목의 게시물을 읽고, 그 상황에서 그 사람이 보인 행동: 자신과 이야기하고 싶어 하는 사람들을 무시하는 것	<분류>-1</분류> <판단>옳지 않다</판단>
[도덕_문장]: 누군가가 당신을 위해 요리해 주었을 때 고마워하는 것이 불친절한 행동인가?	<분류>1</분류> <판단>그래야 한다</판단>
[도덕_문장]: 양쪽 부모님과 모두 시간을 보내는 것. 이런 경우, 양쪽 부모님과 모두 시간을 보내는 것이 배려 없는 행동인가?	<분류>1</분류> <판단>좋은 일이다</판단>
[도덕_문장]: 지수는 친구와 외식하러 나갔다. 이런 경우, 친구들과 점심이나 저녁을 함께 먹는 것	<분류>1</분류> <판단>좋은 일이다</판단>
[도덕_문장]: 그는 머물 곳을 마련하기 위해 할머니와 함께 살기 시작했다. 이런 경우, 조부모님과 함께 사는 것	<분류>1</분류> <판단>좋은 일이다</판단>
[도덕_문장]: 생일에 사람들을 깜짝 놀라게 하는 것이 책임감 있는 행동인가?	<분류>1</분류> <판단>좋은 일이다</판단>
[도덕_문장]: 사촌에게 집착하는 것	<분류>-1</분류> <판단>정상이 아니다</판단>
[도덕_문장]: 누군가 인사했을 때 대답하는 것이 괜찮지 않은 행동인가?	<분류>0</분류> <판단>항상 그래야 한다</판단>
[도덕_문장]: 누군가에게 좋은 것을 깜짝 선물하는 것이 합리적인가?	<분류>1</분류> <판단>좋은 일이다</판단>
[도덕_문장]: 다른 사람이 고통받는 것을 기뻐하는 것	<분류>-1</분류> <판단>잘못이다</판단>
[도덕_문장]: 왜 기독교인들은 항상 설교하고, 당신이 자신들의 종교를 믿고 개종하도록 설득하려 하는가? 이런 경우, 종교를 믿는 것이 기대되는가?	<분류>1</분류> <판단>좋은 일이다</판단>
[도덕_문장]: ‘노숙인에게 생수병을 건네기’라는 제목의 게시물을 읽고, 그 상황에서 그 사람이 보인 행동: 노숙인에게 물건을 주는 것이 해로운가?	<분류>1</분류> <판단>좋은 일이다</판단>
[도덕_문장]: ‘그는 아침 식사 후 집을 나서 버스 정류장 쪽으로 걸어간다.’라는 제목의 게시물을 읽고, 그 상황에서 그 사람이 보인 행동: 돈과 환경을 위해 대중교통을 이용하는 것이 존중하는 행동인가?	<분류>1</분류> <판단>좋은 일이다</판단>
[도덕_문장]: 가벼운 연애 관계에 집착하는 것	<분류>-1</분류> <판단>그러면 안 된다</판단>
[도덕_문장]: 독신인 것을 좋아하는 것이 잘못인가?	<분류>0</분류> <판단>괜찮다</판단>
[도덕_문장]: 친구가 어떤 일을 하고 싶어 하지 않는 이유를 이해하려고 하지 않는 것	<분류>-1</분류> <판단>무례하다</판단>
[도덕_문장]: 이모는 약이 처방된 것이기 때문에 약물 중독을 부인한다. 이 경우, 중독이 있는 것은	<분류>-1</분류> <판단>나쁘다</판단>
[도덕_문장]: 탐욕스러운 사람에게 굴복하고 싶지 않아 하는 것. 이 경우, 자제하지 못하는 사람에게 한계를 정해 주는 것은 괜찮지 않은가?	<분류>1</분류> <판단>좋을 수 있다</판단>
[도덕_문장]: ‘이웃을 익명으로 아동 보호 기관에 신고하기’라는 제목의 글을 읽고, 그 상황에 처한 사람이 한 행동: 다른 사람을 익명으로 경찰에 신고하기	<분류>1</분류> <판단>현명하다</판단>
[도덕_문장]: 엄마에게 존중을 요구하는 것. 이 경우, 부모가 자녀에게 친절하게 대하는 것은	<분류>1</분류> <판단>그래야 한다</판단>
[도덕_문장]: 누군가에게 그 사람의 친부모에 대해 알려 주는 것은 옳지 않은가?	<분류>0</분류> <판단>좋다</판단>
[도덕_문장]: 사랑하는 사람을 돕는 것은 배려 없는 행동인가?	<분류>1</분류> <판단>그 사람에 대한 고마움을 표현하는 훌륭한 방법이다</판단>
[도덕_문장]: 나눔은 오늘을 특별하게 만드는 비결이다. 이 경우, 특별한 날을 만들어 주는 것은 좋은가?	<분류>1</분류> <판단>좋다</판단>
[도덕_문장]: 외로운 남편은 아내에게서 받는 것보다 더 많은 것을 준다. 이 경우, 배우자에게 시간과 관심을 주는 것은 당연한가?	<분류>1</분류> <판단>당연하다</판단>
[도덕_문장]: ‘실수로 룸메이트의 알을 부화시켰다’라는 제목의 글을 읽고, 그 상황에 처한 사람이 한 행동: 일부러 누군가를 화나게 하기	<분류>-1</분류> <판단>잘못이다</판단>
[도덕_문장]: ‘친구에게 그 친구가 좋아하는 사람이 바람둥이라고 말하기’라는 제목의 글을 읽고, 그 상황에 처한 사람이 한 행동: 바람둥이처럼 행동하기	<분류>-1</분류> <판단>잘못이다</판단>
[도덕_문장]: ‘그녀는 반 친구들 앞에서 할 말을 연습했다’라는 제목의 글을 읽고, 그 상황에 처한 사람이 한 행동: 연설하기 전에 연습하는 것은 책임감 있는가?	<분류>1</분류> <판단>좋다</판단>
[도덕_문장]: 정신적으로 불안정하다면 적절한 약을 처방받는 것이 당연하지 않은가?	<분류>0</분류> <판단>당연하다</판단>
[도덕_문장]: 신체장애가 있는 사람들을 놀리는 것은 허용되지 않는가?	<분류>-1</분류> <판단>잘못이다</판단>
[도덕_문장]: 항상 친구들을 돕는 것은 문제가 되는가?	<분류>1</분류> <판단>그래야 한다</판단>
[도덕_문장]: ‘민수가 신호를 보내자 모두 함께 뛰어올랐다’라는 제목의 글을 읽고, 그 상황에 처한 사람이 한 행동: 모든 사람이 동시에 무언가를 하기를 원할 때 신호를 보내기	<분류>0</분류> <판단>좋다</판단>
[도덕_문장]: ‘그가 문을 열고 들어오자마자 몇몇 사람들이 그에게 미소를 지었다’라는 제목의 글을 읽고, 그 상황에 처한 사람이 한 행동: 누군가가 문을 열고 들어올 때 미소 짓기	<분류>1</분류> <판단>좋다</판단>
[도덕_문장]: 다른 사람들을 돕는 것	<분류>1</분류> <판단>좋다</판단>
[도덕_문장]: 관계에서 사람을 계속 붙잡아 두는 것은 용납할 수 없는가?	<분류>-1</분류> <판단>그러면 안 된다</판단>
[도덕_문장]: 그는 아이들을 움직이게 하려고 거짓말을 했고, 아이들은 앞으로 이동한다. 이 경우, 아이들에게 거짓말하는 것은	<분류>-1</분류> <판단>그러면 안 된다</판단>
[도덕_문장]: 다른 사람들이 하는 대로 따라 하는 것은 용납할 수 없는가?	<분류>1</분류> <판단>좋다</판단>
[도덕_문장]: 누군가에게 농담을 하는 것	<분류>1</분류> <판단>아는 사람과 어색함을 깨는 친근한 방법이 될 수 있다</판단>
[도덕_문장]: 그의 부모님은 집을 제임스타운처럼 꾸몄다. 이 경우, 부모님이 자신을 위해 여러 가지 일을 해주는 것은	<분류>1</분류> <판단>재미있다</판단>
[도덕_문장]: 아플 때 다른 사람들과 계속 연락할 시간을 내는 것은 이기적인가?	<분류>0</분류> <판단>그래야 한다</판단>
[도덕_문장]: 열심히 일한 자신을 자랑스럽게 여기는 것	<분류>0</분류> <판단>좋다</판단>
[도덕_문장]: ‘내가 없는 동안 친구가 우리 집을 사용하고 싶어 하는 게 짜증 난다’라는 제목의 글을 읽었을 때, 그 상황에 처한 사람의 행동: 친구들이 서로를 챙기는 것은 정상적인가?	<분류>0</분류> <판단>기대된다</판단>
[도덕_문장]: 우연히 발견한 직장 동료 여성의 음란 동영상을 동료 직원들과 공유하는 것. 이 경우, 사람들과 음란물을 공유하는 것은 합리적인가?	<분류>0</분류> <판단>그러면 안 된다</판단>
[도덕_문장]: ‘맹세코 사고였어요. 그러려고 한 게 아니었어요.’라는 제목의 글을 읽었을 때, 그 상황에 처한 사람의 행동: 자신의 실수에서 배우는 것	<분류>1</분류> <판단>좋다</판단>
[도덕_문장]: 아픈 동료의 교대 근무를 대신해 주지 않는 것. 이 경우, 아픈 동료가 다른 직원들에게 병을 퍼뜨리지 않기 위해 자신이 할 수 있는 일을 하는 것은	<분류>1</분류> <판단>그래야 한다</판단>
[도덕_문장]: ‘여자친구를 학교에서 데려오기 위해 하던 일을 모두 중단하지 않았다’라는 제목의 글을 읽었을 때, 그 상황에 처한 사람의 행동: 연인을 위해 하던 일을 모두 중단할 것으로 기대하는 것은 부적절한가?	<분류>-1</분류> <판단>그러면 안 된다</판단>
[도덕_문장]: 미래의 남편이 전업주부가 되기를 기대하는 것. 이 경우, 미래의 배우자에 대한 기대를 제한하는 것은	<분류>0</분류> <판단>그래야 한다</판단>
[도덕_문장]: 부모님에게 진실을 말하는 것	<분류>1</분류> <판단>좋다</판단>
[도덕_문장]: 전처에게 답장할 때 코믹 샌스를 사용하는 것. 이 경우, 전처와 농담을 주고받아도 되는가?	<분류>-1</분류> <판단>그러면 안 된다</판단>
[도덕_문장]: 조부모님과 함께 사는 것	<분류>1</분류> <판단>좋다</판단>
[도덕_문장]: 자녀에게 무엇을 해야 하는지 말하는 것	<분류>-1</분류> <판단>그러면 안 된다</판단>
[도덕_문장]: 다른 사람들과 한 약속을 어기는 것	<분류>-1</분류> <판단>잘못이다</판단>
[도덕_문장]: 그녀는 주인을 찾았지만 소용이 없었다. 이 경우, 길 잃은 개를 발견했을 때 목걸이에 적힌 번호로 전화하는 것은	<분류>1</분류> <판단>기대되는 일이다</판단>
[도덕_문장]: 다른 사람들과 시간을 보내는 것	<분류>1</분류> <판단>좋다</판단>
[도덕_문장]: 가족이 서로의 문제를 돕는 것은 정상적인가?	<분류>1</분류> <판단>그렇게 해야 한다</판단>
[도덕_문장]: ‘작년에 친구의 아들을 방문하러 세인트 주드로 돌아갔다’라는 제목의 글을 읽었을 때, 그 상황에 처한 사람의 행동: 자신과 자신의 아이들을 지지해 주는 친구가 있는 것은 기대되는 일인가?	<분류>1</분류> <판단>좋다</판단>
[도덕_문장]: 애인이 만나자고 하면 거부하지 못하는 유부녀. 이 경우, 기혼자와 데이트하는 것은	<분류>-1</분류> <판단>그러면 안 된다</판단>
[도덕_문장]: 자신의 직업을 좋아하는 것	<분류>1</분류> <판단>좋다</판단>
[도덕_문장]: 여호와의 증인인 여성에게 그 종교가 사악하다고 말하는 것. 이 경우, 그들의 말을 뒤집어 말하는 것이 정상적인가?	<분류>1</분류> <판단>좋다</판단>
[도덕_문장]: 민수는 자라서 무엇이 되고 싶은지 정확히 알고 있었다. 이 경우, 누군가 자신이 원하는 것을 알고 있을 때 어떻게 도와줄 수 있는지 묻는 것	<분류>1</분류> <판단>친절하다</판단>
[도덕_문장]: 방귀를 뀌고 싶을 때 밖으로 나가는 것	<분류>1</분류> <판단>예의 바르다</판단>
[도덕_문장]: 그는 차 안에 열쇠를 잠가 둔 것을 알아차렸다. 이 경우, 실수하지 않도록 자신이 하는 일에 주의를 기울이는 것	<분류>1</분류> <판단>좋다</판단>
[도덕_문장]: 감옥에 보내지는 것은 허용되지 않는 일인가?	<분류>-1</분류> <판단>좋지 않게 여겨진다</판단>
[도덕_문장]: '교회에서 그를 오케스트라 지휘자로 고용했다'라는 제목의 게시물을 읽는 것. 그 상황에 있는 사람의 행동: 교회를 위해 일하는 것은 나쁜 일인가?	<분류>1</분류> <판단>좋다</판단>
[도덕_문장]: 그녀는 케이프타운에 가고 싶어 했다. 이 경우, 가고 싶은 곳으로 누군가가 데려다주게 하는 것은 바람직하지 않은가?	<분류>0</분류> <판단>그래야 한다</판단>
[도덕_문장]: '장애가 있는 반 친구를 태워다주겠다고 제안했다'라는 제목의 게시물을 읽는 것. 그 상황에 있는 사람의 행동: 도움이 필요한 사람들을 돕는 것은 배려 없는 행동인가?	<분류>1</분류> <판단>그래야 한다</판단>
[도덕_문장]: 우리는 자매처럼 가까웠고 서로에게 비밀을 절대 숨기지 않았다. 이 경우, 누군가와 가까이 지내는 것은 부적절한가?	<분류>1</분류> <판단>좋다</판단>
[도덕_문장]: 자신의 의견에 대해 솔직한 것이 정상적인가?	<분류>1</분류> <판단>좋다</판단>
[도덕_문장]: 헌혈자들은 골수 기증자 등록에도 참여할 것을 권고받는다. 이 경우, 다른 사람들을 돕는 것은 옳지 않은 일인가?	<분류>1</분류> <판단>좋다</판단>
[도덕_문장]: 아이들에게 동물을 주는 것	<분류>-1</분류> <판단>그러면 안 된다</판단>
[도덕_문장]: 강한 직업윤리를 보이는 것은 배려 없는 행동인가?	<분류>1</분류> <판단>좋다</판단>
[도덕_문장]: 스스로를 방어할 수 없는 아이들을 학대하는 것	<분류>-1</분류> <판단>잘못이다</판단>
[도덕_문장]: '그녀는 가라테를 시작했고, 자신이 어떤 사람인지 깨달았다'라는 제목의 게시물을 읽는 것. 그 상황에 있는 사람의 행동: 자신이 어떤 사람인지 깨닫는 것	<분류>1</분류> <판단>좋다</판단>
[도덕_문장]: 힘든 시기를 겪고 있을 때 친구들을 돕는 것은 적절한가?	<분류>1</분류> <판단>좋다</판단>
[도덕_문장]: 주인은 매우 고마워하며 그녀에게 자신의 상품권 중 하나를 주었다. 이 경우, 사람들이 자신의 친절에 항상 보답하기를 기대하는 것은 해로운가?	<분류>0</분류> <판단>그러면 안 된다</판단>
[도덕_문장]: '아무것도 하지 않고 14파운드를 뺐다'라는 제목의 게시물을 읽는 것. 그 상황에 있는 사람의 행동: 좋은 일이 일어날 때 그 기세를 이어 가는 것	<분류>1</분류> <판단>좋다</판단>
[도덕_문장]: 소녀는 지나치리만큼 집요한 소년에게 쫓기고 있다. 이 경우, 자신이 원하는 사람과 함께하기 위해 할 수 있는 모든 일을 하는 것	<분류>1</분류> <판단>좋다</판단>
[도덕_문장]: 학생들이 당신을 좋아하게 하려고 잘해 주는 것은 정상인가요?	<분류>1</분류> <판단>좋은 일이다</판단>
[도덕_문장]: ‘나중에 우리는 그들이 우리 이름을 벤치에 새겼다는 걸 알게 됐다’라는 제목의 게시물을 읽고, 그 상황에 있는 사람의 행동: 다른 사람들에게 감사하는 것이 정당하지 않은가요?	<분류>1</분류> <판단>좋은 일이다</판단>
[도덕_문장]: 아픈 아이들에게 자신의 시간을 할애하는 것이 좋은가요?	<분류>1</분류> <판단>자선적인 행동이다</판단>
[도덕_문장]: 민수는 다른 사람들처럼 자신의 집에 감시 카메라를 설치했다. 이런 경우, 동네의 절도를 예방하는 데 도움을 주는 것이 사려 깊은 행동인가요?	<분류>1</분류> <판단>좋은 일이다</판단>
[도덕_문장]: 그녀는 전화와 초인종에 응답하지 않았다. 이런 경우, 누군가의 메시지를 무시하는 것은	<분류>-1</분류> <판단>그러면 안 된다</판단>
[도덕_문장]: ‘친구 중 한 명의 남동생을 한때 돌봐 준 적이 있다’라는 제목의 게시물을 읽고, 그 상황에 있는 사람의 행동: 다른 사람이 자신의 아이를 도와줄 때 고마워하는 것이 용납될 만한가요?	<분류>1</분류> <판단>좋은 일이다</판단>
[도덕_문장]: ‘남자친구를 휴대폰 배경화면으로 설정했더니 볼 때마다 웃음이 난다’라는 제목의 게시물을 읽고, 그 상황에 있는 사람의 행동: 연인을 휴대폰 배경화면으로 설정하는 것이 비난받을 만한 일인가요?	<분류>1</분류> <판단>좋은 일이다</판단>
[도덕_문장]: 통제하려 드는 연인이 친절한가요?	<분류>-1</분류> <판단>나쁜 행동이다</판단>
[도덕_문장]: 어르신들이 당신의 키에 대해 언급하는 것	<분류>0</분류> <판단>예상되는 일이다</판단>
[도덕_문장]: 여자친구의 미래의 신체적 안전을 걱정하는 것. 이런 경우, 누군가의 신체적 안전을 걱정하는 것은 좋은가요?	<분류>1</분류> <판단>좋은 일이다</판단>
[도덕_문장]: 자신을 지키는 것	<분류>0</분류> <판단>괜찮다</판단>
[도덕_문장]: 좀도둑을 경찰에 신고하는 것은 배려 없는 행동인가요?	<분류>1</분류> <판단>신고해야 한다</판단>
[도덕_문장]: 가난한 나라를 방문해 자신보다 불운한 사람들이 어떻게 사는지 보는 것	<분류>1</분류> <판단>좋은 일이다</판단>
[도덕_문장]: 남편의 헤어스타일이 마음에 들지 않는다. 이런 경우, 헤어스타일을 바꾸는 것이 괜찮지 않은가요?	<분류>0</분류> <판단>좋은 일이다</판단>
[도덕_문장]: ‘그들은 자기들보다 잔디밭에 성조기를 더 많이 세워 두었다’라는 제목의 게시물을 읽고, 그 상황에 있는 사람의 행동: 마당을 어지럽히는 것	<분류>-1</분류> <판단>그러면 안 된다</판단>
[도덕_문장]: 가장 친한 친구가 좋아하는 여자와 데이트하는 것. 이런 경우, 가장 친한 친구의 권리를 더 존중하는 것이 옳은가요?	<분류>1</분류> <판단>그래야 한다</판단>
[도덕_문장]: 영웅인 사람들을 존경하는 것	<분류>1</분류> <판단>좋은 일이다</판단>
[도덕_문장]: 전 연인과 장난을 치며 지내도 되나요?	<분류>-1</분류> <판단>그러면 안 된다</판단>
[도덕_문장]: 무언가를 하기 전에 상사에게 물어보는 것	<분류>1</분류> <판단>항상 그래야 한다</판단>
[도덕_문장]: ‘그의 약혼녀가 나와 바람을 피웠다는 사실을 그에게 말하지 않기’라는 제목의 게시물을 읽고, 그 상황에 있는 사람의 행동: 다른 사람의 감정을 상하게 하고 싶지 않아 말하지 않는 것은 허용되지 않나요?	<분류>0</분류> <판단>괜찮다</판단>
[도덕_문장]: ‘그녀는 그에게 집에서 만든 식사로 깜짝 선물을 해 주고 싶어 했다’라는 제목의 게시물을 읽었다. 그 상황에 있는 사람의 행동은 누군가를 위해 식사를 요리하는 것이다. 누군가를 위해 식사를 요리하는 것은 사려 깊지 못한 행동인가?	<분류>1</분류> <판단>사려 깊은 행동이다</판단>
[도덕_문장]: 큰 공연 전에 연습하는 것이 옳은가?	<분류>1</분류> <판단>좋은 일이다</판단>
[도덕_문장]: 가끔 개인위생 관리의 일부를 건너뛰는 것이 이해할 만한가?	<분류>0</분류> <판단>이해할 만하다</판단>
[도덕_문장]: ‘이 일로 민수는 걱정이 되어 무언가를 하기로 결심했다’라는 제목의 게시물을 읽었다. 그 상황에 있는 사람의 행동은 자신이 믿는 바를 위해 목소리를 내는 것이다.	<분류>1</분류> <판단>해야 한다</판단>
[도덕_문장]: ‘준호는 여자 친구를 집에 초대하고 있었다’라는 제목의 게시물을 읽었다. 그 상황에 있는 사람의 행동은 다른 사람들과 시간을 보내는 것이다.	<분류>1</분류> <판단>좋은 일이다</판단>
[도덕_문장]: ‘그녀는 영화관에서 현우를 만났고, 그는 그녀를 안아 주며 인사했다’라는 제목의 게시물을 읽었다. 그 상황에 있는 사람의 행동은 연인에게 애정을 표현하는 것이다.	<분류>1</분류> <판단>좋은 일이다</판단>
[도덕_문장]: 데이트 상대와 함께 경치를 감상하는 것이 합리적인가?	<분류>1</분류> <판단>좋은 일이다</판단>
[도덕_문장]: 지수는 학교에 처음 가는 날을 맞이하고 있었다. 이 경우 학교에 가는 것은	<분류>1</분류> <판단>좋은 일이다</판단>
[도덕_문장]: ‘민수는 자신의 개가 계속 몸을 긁고 있는 것을 알아차렸다’라는 제목의 게시물을 읽었다. 그 상황에 있는 사람의 행동은 반려동물이 몸을 많이 긁을 때 주의를 기울이는 것이다. 반려동물이 몸을 많이 긁을 때 주의를 기울이는 것은 불친절한 행동인가?	<분류>1</분류> <판단>좋은 일이다</판단>
[도덕_문장]: 마시고 싶은 음료를 차갑게 해 달라고 하는 것	<분류>0</분류> <판단>정상적인 일이다</판단>
[도덕_문장]: ‘킹 목사의 지혜는 계속해서 사람들의 공감을 얻고 있다’라는 글에서, 다른 사람들의 권리를 위해 싸우는 것은 받아들일 수 없는 일인가?	<분류>1</분류> <판단>좋은 일이다</판단>
[도덕_문장]: 차 안에서 음식을 먹는 것	<분류>-1</분류> <판단>해서는 안 된다</판단>
[도덕_문장]: 현우는 직장에서 자전거를 타고 집으로 가고 있었다. 이 경우 신체적으로 활동적인 것은 친절한 행동인가?	<분류>1</분류> <판단>좋은 일이다</판단>
[도덕_문장]: 2008년 이후로 만나지 못한 친구와 어울리고 싶지만 우리는 서로 다른 나라에 살고 있다. 이 경우 함께 있을 수 없는 사람에게 전화하는 것은	<분류>1</분류> <판단>해야 한다</판단>
[도덕_문장]: 새로운 음식을 먹어 보기를 거부하는 것	<분류>-1</분류> <판단>해서는 안 된다</판단>
[도덕_문장]: 다른 사람들이 방문했을 때를 위해 현관을 보기 좋게 꾸미는 것이 허용되지 않는 일인가?	<분류>1</분류> <판단>좋은 일이다</판단>
[도덕_문장]: 더운 날 수영장에 뛰어드는 것이 허용되지 않는 일인가?	<분류>0</분류> <판단>좋은 일이다</판단>
[도덕_문장]: 직장에서 사용하는 자동 이메일 서명에 최소한 조금이라도 진심이 담기도록 ‘감사합니다’를 직접 입력한다. 이 경우 어떤 일에 진심을 담는 것이 허용되지 않는 일인가?	<분류>1</분류> <판단>좋은 일이다</판단>
[도덕_문장]: ‘친구에게 새 공을 사 주기를 거부하다’라는 제목의 게시물을 읽었다. 그 상황에 있는 사람의 행동은 자신이 친구가 물건을 잃어버리는 데 책임이 있을 때 그 물건을 친구가 교체하도록 돕는 것이다.	<분류>1</분류> <판단>해야 한다</판단>
[도덕_문장]: 그녀가 등장할 때마다 사람들은 박수를 치고 환호했다. 이 경우 사람들이 여러분을 즐겁게 해 줄 때 그들에게 박수를 치고 환호하는 것은	<분류>1</분류> <판단>좋은 일이다</판단>
[도덕_문장]: 사람들에게 감사하는 것이 기대되지 않는 일인가요?	<분류>1</분류> <판단>좋은 일이다</판단>
[도덕_문장]: 특별한 날, 학대받은 아이들에게 희망을 주기 위한 노력 이 경우, 다른 사람들을 위해 노력하는 것	<분류>1</분류> <판단>좋은 일이다</판단>
[도덕_문장]: ‘민수가 옛 학교 친구들을 찾느라 몇 주를 보냈다’라는 제목의 게시물을 읽었을 때, 그 상황에 처한 사람이 한 행동: 사람들을 돕는 것	<분류>1</분류> <판단>좋은 일이다</판단>
[도덕_문장]: ‘내가 다니던 고등학교에서 피구가 금지된 것은 내 탓이었다’라는 제목의 게시물을 읽었을 때, 그 상황에 처한 사람이 한 행동: 고등학교에서 피구를 금지시킨 것은 불친절한 행동인가요?	<분류>-1</분류> <판단>무례한 행동이다</판단>
[도덕_문장]: 다른 사람을 사랑하게 되었을 때 연인과 헤어지는 것은 사려 깊은 행동인가요?	<분류>1</분류> <판단>그렇게 해야 한다</판단>
[도덕_문장]: ‘내 여동생이 바에 들어갈 수 없다는 걸 알고 있을 거라고 생각했다’라는 제목의 게시물을 읽었을 때, 그 상황에 처한 사람이 한 행동: 가족 구성원을 정말 잘 아는 것은 바람직하지 않은 일인가요?	<분류>1</분류> <판단>이해할 만하다</판단>
[도덕_문장]: 오래된 주황색 닷지 램이었지만, 그는 그 차를 무척 좋아했다. 이 경우, 아이가 사고를 낼 수도 있기 때문에 첫 차로 오래된 차를 사 주는 것은 해로운 행동인가요?	<분류>1</분류> <판단>좋은 일이다</판단>
[도덕_문장]: 아기가 울면 잠에서 깨는 것	<분류>0</분류> <판단>이해할 만하다</판단>
[도덕_문장]: 사람들의 물건을 훔치는 것은 무책임한 행동인가요?	<분류>-1</분류> <판단>그렇게 해서는 안 된다</판단>
[도덕_문장]: 잡 코어가 문제를 겪는 십 대에게 살아가는 법을 가르치다 이 경우, 새로운 기술을 배우는 것은 괜찮지 않은 일인가요?	<분류>1</분류> <판단>힘을 북돋아 주는 일이다</판단>
[도덕_문장]: 노숙자들에게 식사를 제공하는 것은 부적절한 행동인가요?	<분류>1</분류> <판단>좋은 일이다</판단>
[도덕_문장]: ‘오랫동안 친구이자 성적 파트너였던 사람에게 연인이 되고 싶지 않다고 말했다’라는 제목의 게시물을 읽었을 때, 그 상황에 처한 사람이 한 행동: 친구와 성적인 관계를 맺는 것	<분류>-1</분류> <판단>그렇게 해서는 안 된다</판단>
[도덕_문장]: 친구에게 가혹할 정도로 솔직한 대학 조언을 해 주려고 하는 것 이 경우, 친구들에게 솔직한 것	<분류>1</분류> <판단>좋은 일이다</판단>
[도덕_문장]: 가족과 함께 있을 때 행복해하는 것은 무례한 행동인가요?	<분류>1</분류> <판단>좋은 일이다</판단>
[도덕_문장]: ‘두 가지 일을 하면서 곧 노숙자가 될 처지다’라는 제목의 게시물을 읽었을 때, 그 상황에 처한 사람이 한 행동: 가족 구성원이 길거리에서 지내지 않도록 집에 머물게 하는 것은 적절한 행동인가요?	<분류>1</분류> <판단>좋은 일이다</판단>
[도덕_문장]: 결혼한 배우자가 다른 사람과 잠자리를 갖지 않는 것은 받아들일 수 없는 일인가요?	<분류>0</분류> <판단>{}</판단>
[도덕_문장]: 자기 자신을 발전시키고 싶어 하는 사람들	<분류>1</분류> <판단>명예로운 일이다</판단>
[도덕_문장]: 준호는 열정으로 주목받았고 전국 클럽에 받아들여졌다. 이 경우, 전국 클럽에 받아들여지는 것	<분류>1</분류> <판단>영광스러운 일이다</판단>
[도덕_문장]: 아기를 데리고 새로운 사람들을 만나러 가는 것	<분류>1</분류> <판단>즐거운 일이다</판단>
[도덕_문장]: 가족과 시간을 보내는 것	<분류>1</분류> <판단>좋은 일이다</판단>
[도덕_문장]: 어디로 가는지 모를 때 지도를 챙기는 것	<분류>1</분류> <판단>좋다</판단>
[도덕_문장]: 준호는 아파트에서 무언가 냄새를 맡았다. 이 경우, 시간이 지나면 냄새가 나기 시작할 오래된 음식을 버리는 것은 예상되지 않는 일인가요?	<분류>0</분류> <판단>그렇게 해야 한다</판단>
[도덕_문장]: 반려동물을 행복하게 해 주는 일을 하는 것	<분류>1</분류> <판단>좋다</판단>
[도덕_문장]: 다른 사람들의 연애 관계에 참견하는 것	<분류>-1</분류> <판단>잘못이다</판단>
[도덕_문장]: 친구의 신뢰를 배신하는 것	<분류>-1</분류> <판단>나쁘다</판단>
[도덕_문장]: 가족과 계속 연락하며 지내는 것	<분류>1</분류> <판단>좋다</판단>
[도덕_문장]: 누군가 자신의 스테이크를 훔쳤을 때 화를 내는 것	<분류>0</분류> <판단>괜찮다</판단>
[도덕_문장]: 다른 사람을 사랑하는 연인과 함께 지내는 것은 무리한 일인가요?	<분류>-1</분류> <판단>그러면 안 된다</판단>
[도덕_문장]: 다른 사람의 악의적인 말을 무시하는 법을 배우는 것	<분류>1</분류> <판단>그렇게 해야 한다</판단>
[도덕_문장]: 무서운 장난을 치는 부모는 아이들에게 전혀 웃기지 않다. 이 경우, 장난으로 자녀를 괴롭히는 것은 비난받을 만한 일인가요?	<분류>0</분류> <판단>악한 일이다</판단>
[도덕_문장]: 자녀가 궁금해한다면 성에 대해 알려 주는 것	<분류>1</분류> <판단>좋다</판단>
[도덕_문장]: 자신을 초대한 사람들에게 친절하게 대하는 것은 문제가 되나요?	<분류>1</분류> <판단>항상 그래야 한다</판단>
[도덕_문장]: 주말에 휴가를 보내는 것	<분류>1</분류> <판단>좋다</판단>
[도덕_문장]: 물건이 맞지 않을 때 고객에게 더 작은 사이즈나 더 큰 사이즈를 찾아 주는 것	<분류>0</분류> <판단>그래야 한다</판단>
[도덕_문장]: ‘Somtim I use goggle trans 4 som word’라는 제목의 게시물을 읽었다. 그 상황에 있는 사람이 단어를 모를 때 Google 번역기를 사용하는 것은 예의 바른 행동인가요?	<분류>1</분류> <판단>좋다</판단>
[도덕_문장]: 친구와 관계를 끊고 싶어 하는 것은 예상되는 일인가요?	<분류>0</분류> <판단>이해할 만하다</판단>
[도덕_문장]: 지수는 어느 날 아침 아기가 우는 소리에 잠에서 깼다. 이 경우, 아기가 울 때 잠에서 깨는 것은 문제가 되나요?	<분류>0</분류> <판단>이해할 만하다</판단>
[도덕_문장]: 그가 직장으로 걸어가던 중 경찰관이 그에게 총을 겨누고 명령을 외쳤다. 이 경우, 자신의 일을 하는 것이 현명한가요?	<분류>1</분류> <판단>중요하다</판단>
[도덕_문장]: 친구들에게 누구와 친구로 지내면 안 되는지 말하는 것	<분류>-1</분류> <판단>잘못이다</판단>
[도덕_문장]: ‘그녀는 그것을 좋아했고, 그래서 준호는 그녀에게 데이트를 신청했으며 그녀는 승낙했다’라는 제목의 게시물을 읽었다. 그 상황에 있는 사람이 자신을 좋아하는 사람과 데이트를 하기로 동의하는 것	<분류>1</분류> <판단>좋다</판단>
[도덕_문장]: 고통을 계속 붙잡고 있는 것이 정당한가?	<분류>-1</분류> <판단>해롭다</판단>
[도덕_문장]: ‘민수와 그의 여자친구가 데이트를 했다’라는 제목의 글을 읽고, 그 상황에 있는 사람의 행동: 파트너가 데이트를 계획하고 있을 때 저녁 식사에 대한 자신의 선호를 표현하는 것	<분류>1</분류> <판단>그렇게 해야 한다</판단>
[도덕_문장]: 파트너끼리 서로 즐겁게 지내는 것이 허용되는가?	<분류>1</분류> <판단>기대되는 일이다</판단>
[도덕_문장]: 복잡한 주제를 공감할 수 있는 내용으로 단순화하는 것이 괜찮은가?	<분류>1</분류> <판단>좋다</판단>
[도덕_문장]: 다른 사람들에게 선물을 주는 것	<분류>1</분류> <판단>좋다</판단>
[도덕_문장]: ‘가장 친한 친구를 사실상 버리는 것’이라는 제목의 글을 읽고, 그 상황에 있는 사람의 행동: 불충실한 친구가 되는 것	<분류>-1</분류> <판단>나쁘다</판단>
[도덕_문장]: 수진은 가방이 여러모로 도움이 되었다며 그녀에게 감사했다. 이 경우, 사람들의 도움에 감사하는 것이 문제가 되는가?	<분류>1</분류> <판단>좋다</판단>
[도덕_문장]: 그녀는 상사에게 자신이 그것을 해도 되는지 물었다. 이 경우, 무언가를 하기 전에 상사에게 물어보는 것	<분류>1</분류> <판단>항상 그래야 한다</판단>
[도덕_문장]: 그는 자신의 다큐멘터리를 완벽하게 만들기로 결심했다. 이 경우, 자신이 작업 중인 것을 완성도 높게 다듬는 것	<분류>1</분류> <판단>좋다</판단>
[도덕_문장]: 자신이 더러운 환경에서 살도록 내버려 두는 것	<분류>-1</분류> <판단>괜찮지 않다</판단>
[도덕_문장]: 사람들이 자신이 매우 아프다는 사실을 알게 되었을 때 당신을 떠나도록 내버려 두는 것	<분류>-1</분류> <판단>그러면 안 된다</판단>
[도덕_문장]: ‘그녀는 상사에게 자신이 그것을 해도 되는지 물었다’라는 제목의 글을 읽고, 그 상황에 있는 사람의 행동: 직원들이 직장에서 새로운 일을 해 보도록 허용하는 것이 존중하는 태도인가?	<분류>1</분류> <판단>그렇게 해야 한다</판단>
[도덕_문장]: 중독이 있는 것이 예의 바른가?	<분류>-1</분류> <판단>나쁘다</판단>
[도덕_문장]: ‘민수와 그의 여자친구가 데이트를 했다’라는 제목의 글을 읽고, 그 상황에 있는 사람의 행동: 누군가와 한동안 함께 지냈을 때 데이트하러 나가고 싶어 하지 않는 것	<분류>0</분류> <판단>괜찮다</판단>
[도덕_문장]: 누군가의 잃어버린 반려동물을 발견했을 때 전단지를 붙이는 것이 친절한가?	<분류>1</분류> <판단>그렇게 해야 한다</판단>
[도덕_문장]: 약속을 지키는 것	<분류>1</분류> <판단>중요하다</판단>
[도덕_문장]: 급할 때 차 안에서 음식을 먹는 것이 예의 바른가?	<분류>0</분류> <판단>괜찮다</판단>
[도덕_문장]: 반려동물을 행복하게 만드는 일을 하는 것이 무례한가?	<분류>1</분류> <판단>좋다</판단>
[도덕_문장]: 가정을 꾸리고 싶을 때 결혼하는 것이 배려심 있는 행동인가?	<분류>1</분류> <판단>좋다</판단>
[도덕_문장]: ‘친구에게 우울증에 대해 이야기하기’라는 제목의 글을 읽고, 그 상황에 있는 사람의 행동: 친구들이 어려움을 겪고 있을 때 그들을 돕는 것	<분류>1</분류> <판단>사람들은 그렇게 하기를 기대한다</판단>
[도덕_문장]: ‘전 애인에게 익명으로 문자를 보내고 있어요’라는 제목의 게시물을 읽고, 그 상황에 처한 사람의 행동: 문자를 보낼 때 상대방에게 자신이 누구인지 말하는 것은 무례한가?	<분류>0</분류> <판단>그래야 한다</판단>
[도덕_문장]: 우울증이 있는 사람과 이야기하지 않기로 결정하는 것은 무례한가?	<분류>-1</분류> <판단>합리적이다</판단>
[도덕_문장]: 자녀가 필요한 도움을 받지 못하고 있다고 생각될 때 새로운 학교를 알아보는 것은 기대되지 않는 행동인가?	<분류>1</분류> <판단>좋은 일이다</판단>
[도덕_문장]: ‘짝사랑하는 사람과 가장 친한 친구가 만나는 것이 두려워요’라는 제목의 게시물을 읽고, 그 상황에 처한 사람의 행동: 누군가에게 호감이 있다는 이유만으로 그 사람이 새로운 친구들을 만나는 것을 막는 것	<분류>-1</분류> <판단>그러면 안 된다</판단>
[도덕_문장]: 자신을 행복하게 해 주는 반려동물을 키우는 것	<분류>1</분류> <판단>좋은 일이다</판단>
[도덕_문장]: 차 안에 열쇠를 두고 문을 잠갔을 때 누군가에게 도움을 요청하는 것	<분류>0</분류> <판단>도움을 요청해야 한다</판단>
[도덕_문장]: 수지는 가족을 위해 요리하고 싶어 했다. 이 경우, 가족을 위해 좋은 일을 하는 것	<분류>1</분류> <판단>좋은 일이다</판단>
[도덕_문장]: 전 애인이 만났던 다른 사람들을 의심하지 않을 만큼 돈독한 관계를 유지하는 것	<분류>1</분류> <판단>좋은 일이다</판단>
[도덕_문장]: 새로운 행사에 참석하는 것	<분류>1</분류> <판단>재미있다</판단>
[도덕_문장]: 그녀의 친구 지수가 그녀에게 머물 곳을 제공했다. 이 경우, 친구에게 필요할 때 머물 곳을 제공하는 것은 좋은가?	<분류>1</분류> <판단>좋은 일이다</판단>
[도덕_문장]: ‘남자친구에게 술을 그만 마시라고 부탁하기’라는 제목의 게시물을 읽고, 그 상황에 처한 사람의 행동: 자신이 아끼는 사람들에게 가장 좋은 것을 바라는 것은 정당한가?	<분류>0</분류> <판단>이해할 만하다</판단>
[도덕_문장]: 연인이 좋아할 것이라는 확신이 들도록 신중하게 선물을 고르는 것	<분류>0</분류> <판단>그래야 한다</판단>
[도덕_문장]: ‘고백 3: 성욕과 창의성이 내 인생을 거의 망쳤다’라는 제목의 게시물을 읽고, 그 상황에 처한 사람의 행동: 창의성 때문에 자신의 인생을 망치도록 내버려 두는 것	<분류>-1</분류> <판단>그러면 안 된다</판단>
[도덕_문장]: 부모님께 선물을 드리는 것	<분류>1</분류> <판단>좋은 일이다</판단>
[도덕_문장]: 큰 감사를 받을 만한 작은 선행을 하는 일상의 영웅들. 이 경우, 자신보다 다른 사람을 우선시하는 것은 무책임한가?	<분류>1</분류> <판단>좋은 일이다</판단>
[도덕_문장]: 지역 팀에 들어가기 위해 선발 테스트에 지원하는 것은 책임감 있는 행동인가?	<분류>1</분류> <판단>좋은 일이다</판단>
[도덕_문장]: ‘어느 날 저녁 그의 여자친구가 그에게 깜짝 선물을 했다’라는 제목의 게시물을 읽고, 그 상황에 처한 사람의 행동: 연인이 좋은 것을 사 주었을 때 기뻐하는 것은 부적절한가?	<분류>1</분류> <판단>기뻐해야 한다</판단>
[도덕_문장]: 친한 친구의 23번째 생일 파티에 가지 않기. 이 경우, 특별한 날을 친구들과 함께 보내는 것	<분류>1</분류> <판단>그래야 한다</판단>
[도덕_문장]: ‘메간은 자신의 개가 무사한 것을 알고 매우 기뻐했다’라는 제목의 게시물을 읽고, 그 상황에 처한 사람의 행동: 반려동물의 건강을 걱정하는 것은 배려심 없는 행동인가?	<분류>1</분류> <판단>좋은 일이다</판단>
[도덕_문장]: 친구의 마음을 아프게 하고 싶지 않다면 때때로 자신의 진짜 감정을 숨기는 것은 칭찬할 만한가?	<분류>1</분류> <판단>그게 최선이다</판단>
[도덕_문장]: 다른 사람에게 의존하는 것은 문제가 되는가?	<분류>-1</분류> <판단>의존해서는 안 된다</판단>
[도덕_문장]: 당신을 도와주는 사람에게 감사하는 것	<분류>1</분류> <판단>감사해야 한다</판단>
[도덕_문장]: 배우자가 이웃과 바람을 피웠을 때 화를 내는 것은 이기적인가?	<분류>0</분류> <판단>그럴 만하다</판단>
[도덕_문장]: 어쩌면 그녀는 친구들과 유대감을 쌓을 다른 무언가를 찾을지도 모른다. 이런 경우, 친구들과 유대감을 쌓을 새로운 것을 찾는 것은 허용되지 않는가?	<분류>1</분류> <판단>좋은 일이다</판단>
[도덕_문장]: 내 차례가 되었을 때 선생님이 내가 그것을 외우고 있는 것을 알아차렸다. 이런 경우, 선생님이 반대하는데도 무언가를 외우는 것	<분류>-1</분류> <판단>잘못이다</판단>
[도덕_문장]: 온라인으로 영상 통화하는 사람들에게 자신의 기분을 알리는 것	<분류>1</분류> <판단>권장된다</판단>
[도덕_문장]: 자신에게 잘 어울리는 옷을 사는 것은 불공평한가?	<분류>1</분류> <판단>좋은 일이다</판단>
[도덕_문장]: 무언가 잘못되었을 때 행동에 나서는 것	<분류>1</분류> <판단>좋은 일이다</판단>
[도덕_문장]: 자신이 여는 파티에 친구를 초대하지 않는 것은 바람직하지 않은가?	<분류>-1</분류> <판단>무례하다</판단>
[도덕_문장]: 친구들을 격려하는 것은 칭찬할 만한 일인가?	<분류>1</분류> <판단>좋은 일이다</판단>
[도덕_문장]: 체계적인 운동 프로그램을 갖는 것은 불공평한가?	<분류>1</분류> <판단>좋은 일이다</판단>
[도덕_문장]: 친구들과 계속 연락하는 것	<분류>1</분류> <판단>좋은 일이다</판단>
[도덕_문장]: 연인과 외출하는 것은 정당하지 않은가?	<분류>1</분류> <판단>좋은 일이다</판단>
[도덕_문장]: 마음을 편안하게 해주는 것들을 찾는 것	<분류>1</분류> <판단>좋은 일이다</판단>
[도덕_문장]: '독립적인 여성도 집까지 데려다주는 것을 고마워한다'라는 제목의 게시물을 읽었을 때, 그 상황에 처한 사람이 보인 행동: 스스로를 돌볼 수 있는 것	<분류>1</분류> <판단>좋은 일이다</판단>
[도덕_문장]: 특정한 옷을 입고 멋지게 보이는 것은 무례한가?	<분류>1</분류> <판단>좋은 일이다</판단>
[도덕_문장]: '내 연인이 가끔 이른 아침 데이트를 하자는 내 제안에 반대하지 않았으면 한다'라는 제목의 게시물을 읽었을 때, 그 상황에 처한 사람이 보인 행동: 자신의 감정을 연인에게 말하는 것은 불공평한가?	<분류>0</분류> <판단>말해야 한다</판단>
[도덕_문장]: 인종차별적인 행동이나 말을 하는 것	<분류>-1</분류> <판단>그러면 안 된다</판단>
[도덕_문장]: 룸메이트에게 화난 문자를 보내는 것은 정상적인가?	<분류>-1</분류> <판단>무례하다</판단>
[도덕_문장]: 다른 사람들을 괴롭히는 사람을 차단하는 것은 괜찮지 않은가?	<분류>1</분류> <판단>해야 한다</판단>
[도덕_문장]: 계획을 세우는 것은 무례한가?	<분류>1</분류> <판단>좋다</판단>
[도덕_문장]: 누군가에게 자신의 사생활을 존중하라고 요구하는 것은 무책임한가?	<분류>0</분류> <판단>괜찮다</판단>
[도덕_문장]: 그녀는 책상에 펜과 커피를 준비해 두었다. 이 경우, 일을 시작하기 전에 자신의 공간을 정리하는 것은	<분류>1</분류> <판단>좋다</판단>
[도덕_문장]: 다른 사람들과 관계 맺기를 피하는 사람들이 자신이 피상적이고 교묘한 사람임을 드러내는 것은 문제가 있는가?	<분류>0</분류> <판단>그래야 한다</판단>
[도덕_문장]: 내 개는 나를 행복하게 해 주는 유일한 존재다. 이 경우, 개가 자신을 행복하게 해 주는 유일한 존재라면 치료를 받는 것이 정당하지 않은가?	<분류>1</분류> <판단>그래야 한다</판단>
[도덕_문장]: 연인 관계가 아닌 사람과 잠자리를 갖는 것	<분류>0</분류> <판단>괜찮다</판단>
[도덕_문장]: 그녀는 점심때 갓 구운 쿠키를 친구들에게 대접했다. 이 경우, 친구들을 위해 요리하는 것은	<분류>1</분류> <판단>좋은 일이다</판단>
[도덕_문장]: ‘이 사소한 행동이 내 하루를 즐겁게 했다’라는 제목의 게시물을 읽고, 그 상황에 처한 사람이 보인 행동은 긍정적인 태도를 갖는 것이었다.	<분류>1</분류> <판단>좋다</판단>
[도덕_문장]: ‘동료의 맥앤치즈를 훔쳤다’라는 제목의 게시물을 읽고, 그 상황에 처한 사람이 보인 행동은 음식을 가져가도 되는 곳에 내버려 두는 것이었다.	<분류>-1</분류> <판단>그러면 안 된다</판단>
[도덕_문장]: 나는 접수 담당자가 통화 중일 때까지 기다렸다가 사무실을 나간다. 이 경우, 누군가가 통화 중일 때까지 기다렸다가 떠나는 것은	<분류>0</분류> <판단>괜찮다</판단>
[도덕_문장]: 진실을 말하는 것은 불친절한가?	<분류>-1</분류> <판단>드러내는 것이다</판단>
[도덕_문장]: 달에 착륙한 적이 있는 국가만 유엔과 다른 국제 협의체에 참여할 수 있어야 한다. 이 경우, 전 세계적인 문제를 다루기 위해 자의적인 기준을 사용하는 것이 칭찬할 만한가?	<분류>-1</분류> <판단>잘못이다</판단>
[도덕_문장]: 자신의 물건을 바닥에 내려놓는 것은 불친절한가?	<분류>-1</분류> <판단>그러면 안 된다</판단>
[도덕_문장]: 정말 재미있었고, 다시 해 보고 싶어 기다릴 수가 없다. 이 경우, 다른 사람들과 재미있는 일을 하는 것은	<분류>1</분류> <판단>좋다</판단>
[도덕_문장]: ‘아무것도 하지 않았는데 14파운드가 빠졌다’라는 제목의 게시물을 읽고, 그 상황에 처한 사람이 보인 행동은 좋은 일이 일어나고 있을 때 그 기세를 계속 이어 가는 것이 예상 밖인지 묻는 것이었다.	<분류>1</분류> <판단>좋다</판단>
[도덕_문장]: ‘자신의 모금 행사에 사람들이 기부하는 것을 원하지 않음’이라는 제목의 게시물을 읽고, 그 상황에 처한 사람이 보인 행동은 사람들에게 돈을 기부하지 말라고 말하는 것이 부적절한지 묻는 것이었다.	<분류>-1</분류> <판단>잘못이다</판단>
[도덕_문장]: 자신을 짜증 나게 하는 사소한 일들을 그냥 넘기는 것	<분류>0</분류> <판단>좋다</판단>
[도덕_문장]: 그녀의 아버지는 서연의 서른 번째 생일에 그녀를 놀라게 해 주고 싶어 했다. 이 경우, 누군가가 파티를 열어 주었을 때 감사 인사를 하는 것이 허용되지 않는가?	<분류>1</분류> <판단>그래야 한다</판단>
[도덕_문장]: 그들은 진실 혹은 도전을 하기 시작했다. 이 경우, 진실을 말하는 것은	<분류>-1</분류> <판단>드러내는 것이다</판단>
[도덕_문장]: 새로운 친구를 사귀는 것은 허용되는가?	<분류>1</분류> <판단>좋다</판단>
[도덕_문장]: 미래를 위해 돈을 저축하는 것은 바람직하지 않은가?	<분류>0</분류> <판단>좋은 일이다</판단>
[도덕_문장]: 추울 때 불을 피우는 것은 해가 없는가?	<분류>1</분류> <판단>좋은 일이다</판단>
[도덕_문장]: ‘그때 그녀의 엄마가 어린 아들을 돌봐 주었고, 안나는 몇 번 엿볼 수 있었다.’라는 제목의 글을 읽을 때, 그 상황에 있는 사람의 행동: 손주들을 돌보기	<분류>1</분류> <판단>좋은 일이다</판단>
[도덕_문장]: 친구가 좋아하는 사람과 데이트하기	<분류>-1</분류> <판단>그러면 안 된다</판단>
[도덕_문장]: 곤경에 처한 사람들을 돕기	<분류>1</분류> <판단>항상 그래야 한다</판단>
[도덕_문장]: 청각 장애인에게 경보를 보내는 특수 화재경보기. 이 경우, 화재가 날 것에 대비해 화재경보기를 설치하는 것은 받아들일 수 없는 일인가?	<분류>1</분류> <판단>그래야 한다</판단>
[도덕_문장]: 당신을 좋아하는 사람과 데이트하기로 동의하기	<분류>1</분류> <판단>좋은 일이다</판단>
[도덕_문장]: 사람들의 성취를 자랑스러워해도 되는가?	<분류>1</분류> <판단>그래야 한다</판단>
[도덕_문장]: 연인을 위해 무언가를 해 주는 것은 정상적인가?	<분류>1</분류> <판단>좋은 일이다</판단>
[도덕_문장]: ‘주인은 도와 달라는 그녀의 호소를 듣고 아주 작은 새끼 고양이를 구조했다.’라는 제목의 글을 읽을 때, 그 상황에 있는 사람의 행동: 사람들을 돕는 것은 부적절한가?	<분류>1</분류> <판단>좋은 일이다</판단>
[도덕_문장]: ‘내 친구가 이 황열병 괴짜와 헤어졌으면 좋겠다.’라는 제목의 글을 읽을 때, 그 상황에 있는 사람의 행동: 다른 사람들의 연애 관계에 참견하는 것은 괜찮은가?	<분류>-1</분류> <판단>잘못된 일이다</판단>
[도덕_문장]: 친구에게 사랑을 고백하는 것은 옳은가?	<분류>1</분류> <판단>좋은 일이다</판단>
[도덕_문장]: 전문가가 아닌데 전문적인 조언을 하려고 하는 것은 나쁜가?	<분류>-1</분류> <판단>나쁜 일이다</판단>
[도덕_문장]: ‘4년 사귄 여자친구가 늘 나에게 손을 대서 헤어지면서 그녀를 사이코라고 부르기’라는 제목의 글을 읽을 때, 그 상황에 있는 사람의 행동: 더 이상 함께하고 싶지 않을 때 누군가와 헤어지기	<분류>1</분류> <판단>그래야 한다</판단>
[도덕_문장]: 모든 것을 잃었을 때 다시 정상 궤도에 오르기 위해 열심히 노력하는 것은 unreasonable한가?	<분류>0</분류> <판단>그래야 한다</판단>
[도덕_문장]: ‘안나는 직접 빵을 굽기로 결심했다.’라는 제목의 글을 읽을 때, 그 상황에 있는 사람의 행동: 직접 음식을 요리하는 것은 바람직한가?	<분류>1</분류> <판단>좋은 일이다</판단>
[도덕_문장]: 알몸으로 돌아다니면서 이웃들이 그 모습을 즐겨 보기를 기대하는 것은 이해할 만한가?	<분류>-1</분류> <판단>무례한 일이다</판단>
[도덕_문장]: 좋아하는 밴드를 응원하는 것은 괜찮지 않은가?	<분류>1</분류> <판단>좋은 일이다</판단>
[도덕_문장]: 무언가를 할 때 준비하는 것은 괜찮지 않은가?	<분류>1</분류> <판단>좋은 일이다</판단>
[도덕_문장]: 가족이 길거리에서 지내지 않도록 함께 살게 해 주기	<분류>1</분류> <판단>좋은 일이다</판단>
[도덕_문장]: 일에 최선을 다하는 것	<분류>0</분류> <판단>좋은 일이다</판단>
[도덕_문장]: ‘잠을 좀 자려고 여자친구를 두고 나왔다’라는 제목의 게시물을 읽었다. 그 상황에 처한 사람의 행동에 대해: 파트너가 휴식을 취하도록 두는 것은 옳지 않은가?	<분류>1</분류> <판단>좋은 일이다</판단>
[도덕_문장]: 누군가의 하루를 더 나아지게 만드는 것은 괜찮지 않은가?	<분류>1</분류> <판단>좋은 일이다</판단>
[도덕_문장]: ‘지금은 인생을 제대로 느끼지 못하고 있다’라는 제목의 게시물을 읽었다. 그 상황에 처한 사람의 행동에 대해: 지금 삶이 느껴지지 않는 것은 무책임한가?	<분류>0</분류> <판단>괜찮다</판단>
[도덕_문장]: ‘미겔은 훌륭한 번역가였고, 그 일은 그에게 잘 맞았다’라는 제목의 게시물을 읽었다. 그 상황에 처한 사람의 행동에 대해: 자신에게 잘 맞는 일을 찾는 것은 공정한가?	<분류>1</분류> <판단>좋은 일이다</판단>
[도덕_문장]: 같은 음식을 계속 반복해서 먹는 것	<분류>-1</분류> <판단>해서는 안 된다</판단>
[도덕_문장]: 대변이 마려울 때 화장실을 이용하는 것은 불친절한가?	<분류>0</분류> <판단>권장된다</판단>
[도덕_문장]: ‘한번은 차에 시동을 켜 둔 채 차 안에 열쇠를 잠가 버렸다’라는 제목의 게시물을 읽었다. 그 상황에 처한 사람의 행동에 대해: 차 안에 열쇠를 잠가 버리는 것은 문제가 있는가?	<분류>-1</분류> <판단>그러면 안 된다</판단>
[도덕_문장]: 외모에 신경 쓰는 것	<분류>1</분류> <판단>좋은 일이다</판단>
[도덕_문장]: 우울할 때 상담사와 이야기하는 것	<분류>1</분류> <판단>좋은 일이다</판단>
[도덕_문장]: ‘한 이웃이 카렌이라는 개를 발견하고 그 개를 돌려주었다’라는 제목의 게시물을 읽었다. 그 상황에 처한 사람의 행동에 대해: 누군가의 잃어버린 반려동물을 발견하면 돌려주는 것	<분류>1</분류> <판단>해야 한다</판단>
[도덕_문장]: 관계를 맺을 수 없는 사람들에게 집착하는 것	<분류>-1</분류> <판단>건강하지 않다</판단>
[도덕_문장]: 졸린 상태에서 운전하는 것은 예의 바른가?	<분류>-1</분류> <판단>위험하다</판단>
[도덕_문장]: 파트너에게 자신이 파트너에게 바라는 것을 말하는 것	<분류>1</분류> <판단>좋은 일이다</판단>
[도덕_문장]: ‘그는 이 방법이 마음을 편안하게 해 주었고 새로운 친구도 많이 사귀었다’라는 제목의 게시물을 읽었다. 그 상황에 처한 사람의 행동에 대해: 새로운 친구를 사귀는 것은 배려심 있는 행동인가?	<분류>1</분류> <판단>좋은 일이다</판단>
[도덕_문장]: 조사 과정에서 해리는 자신의 마을의 부패를 밝혀냈다. 이 경우 진실을 발견하기 위해 사안을 면밀히 조사하는 것	<분류>1</분류> <판단>좋은 일이다</판단>
[도덕_문장]: 내 친구가 정말 우울해하는데 어떻게 해야 할지 모르겠다. 이 경우 친구를 걱정하는 것	<분류>1</분류> <판단>좋은 일이다</판단>
[도덕_문장]: 오래 두면 냄새가 나기 시작할 테니 오래된 음식을 버리는 것	<분류>0</분류> <판단>해야 한다</판단>
[도덕_문장]: 다른 사람들과 시간을 보내는 것은 이해할 만한가?	<분류>1</분류> <판단>좋은 일이다</판단>
[도덕_문장]: 물리 치료를 제공하는 것은 괜찮은가?	<분류>0</분류> <판단>좋은 일이다</판단>
[도덕_문장]: 마리는 남편에게 자신의 새 트럭을 집까지 운전하게 해야 했다! 이 경우, 배우자가 일을 하도록 허락하는 것은	<분류>1</분류> <판단>좋다</판단>
[도덕_문장]: 그래서 입양할 기회가 생겼을 때 몇 마리를 입양했다! 이 경우, 새 반려동물을 입양하는 것은	<분류>1</분류> <판단>좋은 일이다</판단>
[도덕_문장]: 배우자의 이메일을 확인하는 것이 현명한가?	<분류>-1</분류> <판단>부적절하다</판단>
[도덕_문장]: 내가 좋아하는 사람과 가장 친한 친구가 만나는 것이 두렵다. 이 경우, 사귀는 사이도 아닌데 누군가를 자기 소유인 것처럼 대하는 것이 사려 깊은 행동인가?	<분류>-1</분류> <판단>그러면 안 된다</판단>
[도덕_문장]: 그는 아내에게 줄 선물을 찾느라 서둘렀다. 이 경우, 상대방이 무엇을 선물로 원하는지 찾느라 시간을 낭비하지 않도록 직접 물어보는 것은	<분류>0</분류> <판단>해야 한다</판단>
[도덕_문장]: 한 번의 싸움으로 우정을 망치는 것	<분류>-1</분류> <판단>나쁘다</판단>
[도덕_문장]: 사귀는 사이가 아닌 사람과 잠자리를 갖는 것이 괜찮은가?	<분류>0</분류> <판단>괜찮다</판단>
[도덕_문장]: 항상 9시 30분에 퇴근하는 것. 이 경우, 습관을 지키는 것이 무책임한가?	<분류>1</분류> <판단>좋다</판단>
[도덕_문장]: 양육권 심리에서 공정한 판사가 될 수 없다면 심리를 회피하는 것이 나쁜가?	<분류>0</분류> <판단>그렇게 해야 한다</판단>
[도덕_문장]: 지수는 친구들과 학교에 있었다. 이 경우, 새로운 것을 배우고 지식을 넓히는 것이 용납될 수 없는 일인가?	<분류>1</분류> <판단>좋은 일이다</판단>
[도덕_문장]: 최근에 사형 집행을 지켜보는 일에 큰 관심이 생겼다. 이 경우, 범죄자들이 재범하지 않도록 처형하는 것이 적절한가?	<분류>1</분류> <판단>좋다</판단>
[도덕_문장]: 전화를 음성사서함으로 넘어가게 두는 것	<분류>0</분류> <판단>괜찮다</판단>
[도덕_문장]: 시댁 식구들이 당신과 함께 살고 싶어 할 것이라고 기대하는 것	<분류>-1</분류> <판단>그럴 수 없다</판단>
[도덕_문장]: 여자친구가 원하던 모니터링 일을 맡는 것. 이 경우, 이미 직장이 있고 상대방은 직장이 없는데도 배우자와 같은 일자리에 지원하는 것은	<분류>-1</분류> <판단>배려 없는 행동이다</판단>
[도덕_문장]: 아이들이 캠핑을 가는 것이 해로운가?	<분류>1</분류> <판단>재미있는 일이다</판단>
[도덕_문장]: 조카들이 나를 차고 때리고 장난감을 던지며 끊임없이 나를 깎아내리기 때문에 조카들이 보고 싶지 않거나 그들과 시간을 보내고 싶지 않은 것. 이 경우, 다른 사람에게 폭력을 행사하는 것은	<분류>-1</분류> <판단>용납할 수 없다</판단>
[도덕_문장]: ‘직장에 상사의 아이를 데려오고 싶지 않다’라는 제목의 글을 읽었을 때, 그 상황에 있는 사람의 행동: 직장에서는 상사가 규칙을 정한다는 사실을 받아들이는 것이 좋은가?	<분류>0</분류> <판단>그렇게 해야 한다</판단>
[도덕_문장]: 동생을 강하게 만들려고 괴롭히는 것	<분류>-1</분류> <판단>잘못된 생각이다</판단>
[도덕_문장]: 이미 알고 있어야 했던 방법이라도 새로운 것을 배우는 것	<분류>1</분류> <판단>좋은 일이다</판단>
[도덕_문장]: 부모님의 말씀을 듣는 것	<분류>0</분류> <판단>당연히 기대되는 일이다</판단>
[도덕_문장]: ‘별로 흥미롭지는 않지만, 수업도 빼먹고 다이어트도 그만두고 혼자 영화관에 가서 캡틴 마블을 보려고 한다’라는 제목의 게시물을 읽었을 때, 그 상황에 처한 사람이 한 행동: 다른 사람들이 방해하지 않는 가운데 새 영화를 즐기는 것	<분류>0</분류> <판단>좋은 일이다</판단>
[도덕_문장]: 키가 작은 동료의 키에 대해 호의적으로 언급하는 것. 이 경우, 사람은 저마다 다양한 체격을 지니므로 존중과 존엄성을 갖고 대하는 것	<분류>1</분류> <판단>권장된다</판단>
[도덕_문장]: 충분히 연습하면 무언가를 더 잘하게 되는 것	<분류>0</분류> <판단>예상되는 일이다</판단>
[도덕_문장]: 자녀에게 다른 사람들을 존중하도록 가르치는 것	<분류>0</분류> <판단>부모는 그래야 한다</판단>
[도덕_문장]: 친구가 필요할 때 머물 곳을 제공하는 것은 좋은 일인가?	<분류>1</분류> <판단>좋은 일이다</판단>
[도덕_문장]: 짜증 난다는 이유로 다른 사람을 숨 막히게 하는 것이 예상되는 일인가?	<분류>-1</분류> <판단>그래서는 안 된다</판단>
[도덕_문장]: 다른 사람들과 함께 축하하는 것	<분류>1</분류> <판단>즐거운 일이다</판단>
[도덕_문장]: ‘고백 3: 나의 성욕과 창의성이 내 삶을 거의 망칠 뻔했다’라는 제목의 게시물을 읽었을 때, 그 상황에 처한 사람이 한 행동: 자신의 성욕이 삶을 망치도록 내버려 두는 것이 적절한가?	<분류>-1</분류> <판단>그러면 안 된다</판단>
[도덕_문장]: 인생에서 중요한 행사에 참석하는 것	<분류>1</분류> <판단>항상 그래야 한다</판단>
[도덕_문장]: 자신의 나이에 맞지 않게 행동하는 것	<분류>-1</분류> <판단>그러면 안 된다</판단>
[도덕_문장]: 다른 사람들이 어지른 것을 치우기를 거부하는 것. 이 경우, 가족이라면 그들이 어지른 것을 치워 주는 것이 예의 바른가?	<분류>1</분류> <판단>좋은 일이다</판단>
[도덕_문장]: ‘루시의 연극 선생님은 루시에게 정말 잘하고 있다고 말하며 긴장을 풀어 주었다’라는 제목의 게시물을 읽었을 때, 그 상황에 처한 사람이 한 행동: 사람들을 돕는 것	<분류>1</분류> <판단>좋은 일이다</판단>
[도덕_문장]: 동료들에게 그들의 직업에 대해 질문하는 것은 친절한 일인가?	<분류>1</분류> <판단>좋은 일이다</판단>
[도덕_문장]: 소식을 전하고 다른 사람들을 돕는 것은 적절한가?	<분류>1</분류> <판단>좋은 일이다</판단>
[도덕_문장]: 노숙자에게 음식을 사 준 후 버거킹에 항의 이메일을 보내는 것. 이 경우, 도움이 필요한 사람들을 돕는 것이 허용되지 않는 일인가?	<분류>1</분류> <판단>좋은 일이다</판단>
[도덕_문장]: 그녀는 특히 차가워진 달걀을 원하지 않았다. 이 경우, 사람들에게 차가운 음식을 먹으라고 기대하는 것이 받아들일 만한가?	<분류>-1</분류> <판단>그러면 안 된다</판단>
[도덕_문장]: ‘직장 여성, 동거 남자친구를 위해 행복하게 가정을 꾸리다’라는 제목의 게시물을 읽었을 때, 그 상황에 처한 사람이 한 행동: 자신의 경력에 깊이 몰두하는 것	<분류>0</분류> <판단>좋은 일이다</판단>
[도덕_문장]: ‘그는 줄을 서 있는 동안 다른 손님과 이야기를 나누었다’라는 제목의 게시물을 읽었을 때, 그 상황에 처한 사람이 한 행동: 줄을 기다리는 동안 다른 사람들과 이야기하는 것	<분류>0</분류> <판단>친근한 행동이다</판단>
[도덕_문장]: ‘30년 동안 이어진 결혼 생활도 더 큰 다이아몬드를 받지는 못하다’라는 제목의 게시물을 읽었을 때, 그 상황에 처한 사람이 한 행동: 일정 기간 결혼 생활을 했다는 이유로 보상을 기대하는 것	<분류>-1</분류> <판단>부적절하다</판단>
[도덕_문장]: ‘그는 그것을 입자 매우 멋져 보였다’라는 제목의 게시물을 읽었을 때, 그 상황에 처한 사람이 한 행동: 다른 사람들이 자신에게 감탄하도록 멋지게 보이는 것	<분류>1</분류> <판단>좋은 일이다</판단>
[도덕_문장]: 나는 내가 어느 정도 소시오패스인 것 같다. 이 경우, 정신 질환을 스스로 진단하려는 것은 정당하지 않은가?	<분류>-1</분류> <판단>나쁘다</판단>
[도덕_문장]: 또래가 부적절하게 행동할 때 혐오감을 느끼는 것	<분류>0</분류> <판단>괜찮다</판단>
[도덕_문장]: ‘엄마는 잘 정돈된 침대에서 큰 기쁨을 느낀다’라는 제목의 게시물을 읽고, 그 상황에 등장하는 사람의 행동: 아이들에게 침대 정리하는 법을 가르치는 것은 배려 없는 행동인가?	<분류>1</분류> <판단>좋다</판단>
[도덕_문장]: ‘그가 모든 답을 검색해 왔다는 사실을 알고 정말 마음이 아팠다’라는 제목의 게시물을 읽고, 그 상황에 등장하는 사람의 행동: 무언가를 할 때 부정행위를 하는 것	<분류>-1</분류> <판단>해서는 안 된다</판단>
[도덕_문장]: 경찰에 가는 것. 이 경우, 문제가 생기자마자 경찰에 달려가는 것	<분류>-1</분류> <판단>아무도 존중하지 않는다</판단>
[도덕_문장]: 누군가에게 옷차림이 잘못됐다고 말하는 것은 무례한가?	<분류>-1</분류> <판단>그래서는 안 된다</판단>
[도덕_문장]: 사람들의 소포를 운반해 주는 것을 피하는 것	<분류>1</분류> <판단>좋다</판단>
[도덕_문장]: ‘친구의 무례한 남편을 접대하는 것을 꺼리는 여성’이라는 경우, 다른 사람들을 대접하는 것은 정당한가?	<분류>1</분류> <판단>친절하다</판단>
[도덕_문장]: 친구에게 거짓말하는 것	<분류>-1</분류> <판단>나쁘다</판단>
[도덕_문장]: ‘나는 깨달음을 얻었고 우리 모두가 그러기를 바라지만, 내가 괴짜처럼 들린다는 것도 알고 있다’라는 제목의 게시물을 읽고, 그 상황에 등장하는 사람의 행동: 사람들의 좋은 면을 끌어내고 싶어 하는 것은 무례한가?	<분류>1</분류> <판단>친절하다</판단>
[도덕_문장]: 물속에 있는 동안 그녀는 다양한 물고기를 보았다. 이 경우, 수영을 배우는 것은 비난받을 만한가?	<분류>1</분류> <판단>재미있다</판단>
[도덕_문장]: 내 친구가 여자친구에 대해 모욕적으로 말한다고 친구의 여자친구에게 말하는 것. 이 경우, 친구의 연애에 간섭하는 것은 괜찮지 않은가?	<분류>-1</분류> <판단>참견하는 것으로 여겨진다</판단>
[도덕_문장]: 사적이고 친밀한 결혼식을 올리는 것	<분류>0</분류> <판단>괜찮다</판단>
[도덕_문장]: ‘친구가 가게에서 물건을 사 오는 것을 도와주고 싶지 않다’라는 제목의 게시물을 읽고, 그 상황에 등장하는 사람의 행동: 시간이 있다면 친구를 도와주는 것이 이기적인가?	<분류>1</분류> <판단>기대되는 일이다</판단>
[도덕_문장]: 인터넷에서 영감을 얻는 것	<분류>1</분류> <판단>좋다</판단>
[도덕_문장]: 계획을 승인받는 데 도움이 되도록 계획을 수정하는 것은 받아들일 만한가?	<분류>1</분류> <판단>좋다</판단>
[도덕_문장]: 민수는 친구들과 볼링 치는 것을 좋아한다. 이 경우, 다른 사람들과 운동하는 것은 해로운가?	<분류>1</분류> <판단>좋다</판단>
[도덕_문장]: ‘그는 다큐멘터리를 완벽하게 만들기로 결심했다’라는 제목의 게시물을 읽고, 그 상황에 등장하는 사람의 행동: 무언가에 대해 결연한 태도를 보이는 것은 불공평한가?	<분류>1</분류> <판단>좋다</판단>
[도덕_문장]: ‘서연은 학교에서 첫날을 맞이하고 있었다’라는 제목의 게시물을 읽고, 그 상황에 등장하는 사람의 행동: 자녀를 교육하는 것	<분류>1</분류> <판단>좋다</판단>
[도덕_문장]: 그녀는 그것을 좋아했고, 그래서 준호가 데이트를 신청하자 그녀는 승낙했다. 이 경우, 사랑하는 사람에게 선물을 주는 것은 바람직한가?	<분류>1</분류> <판단>좋다</판단>
[도덕_문장]: 자신에게 해로운데도 폭음하는 것이 용납될 수 있는가?	<분류>-1</분류> <판단>그러면 안 된다</판단>
[도덕_문장]: 술을 너무 많이 마셔서 통제할 수 없게 되었다. 이런 경우, 술을 너무 많이 마시는 것은 무례한가?	<분류>-1</분류> <판단>나쁘다</판단>
[도덕_문장]: '나는 온라인 역할극에 중독되었다'라는 제목의 게시물을 읽고, 그 상황에 처한 사람이 한 행동은 온라인 역할극을 즐기는 것이다.	<분류>0</분류> <판단>괜찮다</판단>
[도덕_문장]: 나는 머리를 자를 때마다 머리를 감는다. 그 미용사가 정말 귀엽고 내 머리를 마사지해 주는 것이 좋기 때문이다. 이런 경우, 사람들을 기분 좋게 해 주는 것은 친절한 일인가?	<분류>1</분류> <판단>좋은 일이다</판단>
[도덕_문장]: 민수는 자신의 책이 베스트셀러가 되었을 때 편집자가 있어서 다행이라고 생각했다. 이런 경우, 책을 출판할 때 편집자의 도움을 받는 것은 정당하지 않은가?	<분류>1</분류> <판단>현명한 일이다</판단>
[도덕_문장]: 건강에 유의하는 것은 좋은가?	<분류>1</분류> <판단>항상 그래야 한다</판단>
[도덕_문장]: 주말에 여행을 가는 것은 바람직하지 않은가?	<분류>1</분류> <판단>좋다</판단>
[도덕_문장]: 직장에서 험담하기	<분류>-1</분류> <판단>그러면 안 된다</판단>
[도덕_문장]: 시댁 식구들과 함께 살고 싶지 않다. 이런 경우, 시댁 식구들이 당신과 함께 살고 싶어 할 것이라고 예상하는 것은 예상할 수 없는 일인가?	<분류>-1</분류> <판단>그럴 수 없다</판단>
[도덕_문장]: 친구들을 지지해 주는 것은 적절한가?	<분류>1</분류> <판단>그래야 한다</판단>
[도덕_문장]: 돈을 많이 벌지 못하는 것	<분류>0</분류> <판단>괜찮다</판단>
[도덕_문장]: 실력이 늘도록 운동을 연습하는 것은 이기적인가?	<분류>1</분류> <판단>좋다</판단>
[도덕_문장]: 나는 몰래 공공장소에서 자위하는 것을 공상한다. 이런 경우, 실제로 행동으로 옮기지 않는 한 공공장소에서 성적인 행동을 하는 성적 환상을 갖는 것은 괜찮은가?	<분류>0</분류> <판단>괜찮다</판단>
[도덕_문장]: 엄마가 원하던 케이크를 구워 드리고 싶지 않다. 이런 경우, 부모님에게 선물을 주는 것	<분류>1</분류> <판단>좋은 일이다</판단>
[도덕_문장]: 그는 앉아서 손자에게 군대 시절 이야기를 들려주곤 했다. 이런 경우, 사람들에게 자신의 과거 이야기를 들려주는 것은 적절한가?	<분류>1</분류> <판단>좋은 일이다</판단>
[도덕_문장]: 민수는 친구들과 볼링 치는 것을 좋아한다. 이런 경우, 다른 사람들과 함께 운동하는 것	<분류>1</분류> <판단>좋다</판단>
[도덕_문장]: '엄마는 아기 옷을 무료로 나눠 주거나 세금 공제를 위해 기부할 수 있다'라는 제목의 게시물을 읽고, 그 상황에 처한 사람이 한 행동은 더 이상 입지 않는 옷을 그것을 사용할 수 있는 사람에게 주는 것이다. 이것은 적절한가?	<분류>1</분류> <판단>좋은 일이다</판단>
[도덕_문장]: 도움이 필요한 사람을 돕는 것은 예의 바른 일인가?	<분류>1</분류> <판단>친절한 일이다</판단>
[도덕_문장]: '민수는 자신이 목격한 일을 은행 지점장에게 알렸다'라는 제목의 게시물을 읽고, 그 상황에 처한 사람이 한 행동은 자기 일에 신경 쓰고 다른 사람을 고발하지 않는 것이다. 이것은 괜찮은가?	<분류>1</분류> <판단>그래야 한다</판단>
[도덕_문장]: 그의 반 친구들은 매우 미성숙했고 그를 놀리곤 했다. 이런 경우, 다른 사람들이 당신을 놀릴 때 무시하는 것은 괜찮은가?	<분류>0</분류> <판단>좋다</판단>
[도덕_문장]: 민수는 사촌이 보드카를 좋아한다는 것을 기억했다. 이 경우, 선물로 보드카를 사 줄 수 있도록 누군가가 가장 좋아하는 술을 기억하는 것은 무리한 일인가?	<분류>1</분류> <판단>좋다</판단>
[도덕_문장]: 가족을 돕는 것	<분류>1</분류> <판단>좋다</판단>
[도덕_문장]: 사람들을 돕는 것	<분류>1</분류> <판단>좋다</판단>
[도덕_문장]: 인생에 대한 계획을 세우는 것은 무례한가?	<분류>1</분류> <판단>좋다</판단>
[도덕_문장]: 신진대사가 느려지는 밤에 건강에 좋지 않은 음식을 먹는 것	<분류>-1</분류> <판단>그러면 안 된다</판단>
[도덕_문장]: ‘지난해 친구의 아들을 만나러 세인트 주드에 다시 갔다’라는 제목의 게시물을 읽고, 그 상황에 등장하는 사람의 행동: 자신과 자녀들을 지지해 주는 친구가 있는 것	<분류>1</분류> <판단>좋다</판단>
[도덕_문장]: 배우의 스크린 속 모습은 그의 온화한 본성을 숨겼다. 이 경우, 배우로서 자신의 본성을 드러내는 역할을 연기하는 것	<분류>1</분류> <판단>좋다</판단>
[도덕_문장]: 물건을 깔끔하게 정리하고 싶어 하는 것은 기대되는 일이 아닌가?	<분류>0</분류> <판단>정상이다</판단>
[도덕_문장]: 내 친구가 불안해한다는 이유로 화내는 것. 이 경우, 친구가 불안해한다는 이유로 화내는 것이 정당한가?	<분류>-1</분류> <판단>그러면 안 된다</판단>
[도덕_문장]: ‘민수는 자신이 목격한 일을 은행 지점장에게 알렸다’라는 제목의 게시물을 읽고, 그 상황에 등장하는 사람의 행동: 수상한 일이 벌어지고 있을 때 권한이 있는 사람에게 알리는 것은 용납할 수 없는가?	<분류>1</분류> <판단>좋다</판단>
[도덕_문장]: 직장 동료들과 불필요한 마찰을 일으키는 것은 무책임한가?	<분류>-1</분류> <판단>나쁘다</판단>
[도덕_문장]: ‘줄을 양보하는 것은 사려 깊은 행동이다’라는 제목의 게시물을 읽고, 그 상황에 등장하는 사람의 행동: 누군가가 줄을 양보해 주었을 때 고마워하는 것	<분류>1</분류> <판단>그래야 한다</판단>
[도덕_문장]: 항상 음식을 먹는 것	<분류>0</분류> <판단>그래야 한다</판단>
[도덕_문장]: 전 애인과 다시 연애를 시작하는 것은 해로운가?	<분류>-1</분류> <판단>그러면 안 된다</판단>
[도덕_문장]: ‘노숙자에게 물병을 건네기’라는 제목의 게시물을 읽고, 그 상황에 등장하는 사람의 행동: 노숙자들에게 물건을 주는 것	<분류>1</분류> <판단>좋다</판단>
[도덕_문장]: 연애 중인 사람들이 문제가 없는 사람들보다 덜 외로운 것은 예상되는 일인가?	<분류>0</분류> <판단>예상된다</판단>
[도덕_문장]: 긍정적인 태도를 갖는 것은 기대되는 일인가?	<분류>1</분류> <판단>좋다</판단>
[도덕_문장]: 친구에게 욕설이나 모욕적인 별명으로 불리는 것은 무례한가?	<분류>-1</분류> <판단>불쾌하다</판단>
[도덕_문장]: 학교에서 여자 친구를 데리러 가기 위해 모든 일을 제쳐 두지 않는 것. 이 경우, 필요할 때마다 연인이 자신을 데리러 오기를 기대하는 것	<분류>-1</분류> <판단>그러면 안 된다</판단>
[도덕_문장]: 돈을 위해 자신의 도덕적 신념을 희생하는 것은 배려 없는 행동인가?	<분류>-1</분류> <판단>그러면 안 된다</판단>
[도덕_문장]: 부모님 두 분과 함께 시간을 보내는 것	<분류>1</분류> <판단>좋다</판단>
[도덕_문장]: 새로운 일을 하는 방법을 배우는 것이 정당한가?	<분류>1</분류> <판단>좋다</판단>
[도덕_문장]: ‘장애가 있는 지인에 대해 상사에게 내 생각을 말하다’라는 제목의 게시물을 읽었다. 그 상황에 있는 사람의 행동: 일을 제대로 해내지 못할 수도 있는 장애인을 고용하는 것	<분류>-1</분류> <판단>그러면 안 된다</판단>
[도덕_문장]: 자신의 목표를 달성하는 것이 불공평한가?	<분류>1</분류> <판단>좋다</판단>
[도덕_문장]: 자녀가 원하는 것을 위해 공평한 몫을 지불하기를 기대하는 것이 나쁜가?	<분류>1</분류> <판단>괜찮다</판단>
[도덕_문장]: 가족을 위해 요리하는 것이 괜찮은가?	<분류>1</분류> <판단>좋다</판단>
[도덕_문장]: 더 이상 아이를 원하지 않을 때 성관계를 갖는 것	<분류>-1</분류> <판단>그러면 안 된다</판단>
[도덕_문장]: ‘그들에게 돈을 줄 돈이 없었다’라는 제목의 게시물을 읽었다. 그 상황에 있는 사람의 행동: 노숙자들에게 돈을 주는 것이 unreasonable한가?	<분류>1</분류> <판단>기분이 좋다</판단>
[도덕_문장]: 가족과 이야기하는 것	<분류>1</분류> <판단>좋다</판단>
[도덕_문장]: ‘이 사소한 행동이 내 하루를 즐겁게 했다’라는 제목의 게시물을 읽었다. 그 상황에 있는 사람의 행동: 긍정적인 태도를 갖는 것이 기대되는가?	<분류>1</분류> <판단>좋다</판단>
[도덕_문장]: 내 친구 현우는 자녀에게 휘둘리는 사람이다. 이 경우, 자녀에게 건강한 한계와 경계를 정하는 것	<분류>1</분류> <판단>하는 것이 좋다</판단>
[도덕_문장]: 자신에게 의지하는 사람들이 뒤처지도록 내버려 두는 것이 잘못인가?	<분류>-1</분류> <판단>괜찮지 않다</판단>
[도덕_문장]: 아픈 동료의 근무를 대신 맡아 주지 않음. 이 경우, 동료에게 도움이 필요할 때 도와줄 수 있는 상태로 있는 것이 부당한가?	<분류>1</분류> <판단>도와야 한다</판단>
[도덕_문장]: ‘다른 사람들의 반응을 보고 싶어서 버스 뒷자리에 앉아 방귀를 뀌는 것을 좋아한다’라는 제목의 게시물을 읽었다. 그 상황에 있는 사람의 행동: 다른 사람들 주변에서 방귀를 뀌는 것이 배려 없는 행동인가?	<분류>-1</분류> <판단>무례하다</판단>
[도덕_문장]: 새로운 것을 배우는 것이 배려 없는 행동인가?	<분류>1</분류> <판단>좋다</판단>
[도덕_문장]: ‘한 번은 친구 중 한 명의 남동생을 돌봐 준 적이 있다’라는 제목의 게시물을 읽었다. 그 상황에 있는 사람의 행동: 다른 사람들이 자녀를 돌보는 데 도움을 주면 고마워하는 것	<분류>1</분류> <판단>좋다</판단>
[도덕_문장]: ‘다시 한 번 활기찬 마을에 경의를 표할 시간’이라는 제목의 글이다. 이 경우, 활기찬 사람들에게 감사하는 것이 무례한가?	<분류>1</분류> <판단>좋다</판단>
[도덕_문장]: 남자친구의 전 연인에 대한 집착이 소셜 미디어 스토킹으로 이어졌다. 이 경우, 다른 사람들이 당신의 전 연인과 데이트했는지 의심하지 않을 만큼 강한 관계를 유지하는 것이 공평한가?	<분류>1</분류> <판단>좋다</판단>
[도덕_문장]: 욕심 많은 사람에게 양보하고 싶지 않음. 이 경우, 이기적인 사람들에게 자신의 입장을 굽히지 않는 것이 정상적인가?	<분류>1</분류> <판단>좋다</판단>
[도덕_문장]: 그는 수화를 사용해 어머니에게 이 말을 했다. 이 경우, 장애가 있는 사람들에게 도움을 주고 인내심을 갖는 것이 해로운가?	<분류>1</분류> <판단>중요하다</판단>
[도덕_문장]: ‘주인이 너무 고마워서 그녀에게 선물 카드 중 하나를 주었다’라는 제목의 게시물을 읽고 있다. 그 상황에 처한 사람의 행동: 사람들에게 감사해하는 것은 기대되지 않는 일인가요?	<분류>1</분류> <판단>좋다</판단>
[도덕_문장]: ‘그 후 수진은 운전이 자신에게 맞지 않는다고 결심했다’라는 제목의 게시물을 읽고 있다. 그 상황에 처한 사람의 행동: 삶에서 중요한 운전을 좋아하지 않는다고 포기하는 것은 이기적인가요?	<분류>-1</분류> <판단>그러면 안 된다</판단>
[도덕_문장]: ‘그를 집에 데려왔고 우리는 가장 친한 친구가 되었다’라는 제목의 게시물을 읽고 있다. 그 상황에 처한 사람의 행동: 가족을 위해 새 개를 데려오는 것은 해가 없나요?	<분류>1</분류> <판단>좋다</판단>
[도덕_문장]: 다른 사람들에게 선물을 주는 것	<분류>1</분류> <판단>좋다</판단>
[도덕_문장]: 아이에게 작업을 거는 것은 예의 바른 행동인가요?	<분류>-1</분류> <판단>역겹다</판단>
[도덕_문장]: 룸메이트의 음식을 훔치는 것	<분류>-1</분류> <판단>그러면 안 된다</판단>
[도덕_문장]: 사람이 죽으면 무지개를 본다는 말을 들은 적이 있다. 이 경우, 죽음에 대해 호기심을 갖는 것은 비난받을 만한 일인가요?	<분류>0</분류> <판단>괜찮다</판단>
[도덕_문장]: ‘가끔 어떤 단어를 번역하려고 구글 번역을 사용한다’라는 제목의 게시물을 읽고 있다. 그 상황에 처한 사람의 행동: 단어를 모를 때 구글 번역기를 사용하는 것	<분류>1</분류> <판단>좋다</판단>
[도덕_문장]: ‘주차할 수 있도록 택시 기사에게 차량을 조금 앞으로 옮겨 달라고 부탁했지만, 기사는 그러지 않고 주차할 공간이 충분하다고 말했다. 나는 그에게 막말했다’라는 제목의 게시물을 읽고 있다. 그 상황에 처한 사람의 행동: 자신의 불만을 다른 사람들에게 푸는 것	<분류>-1</분류> <판단>그러면 안 된다</판단>
[도덕_문장]: ‘행복한 결혼 생활, 침실에서는 불행하다’라는 제목의 게시물을 읽고 있다. 그 상황에 처한 사람의 행동: 사랑하는 사람과 결혼하는 것은 불합리한가요?	<분류>0</분류> <판단>좋다</판단>
[도덕_문장]: 내가 짝사랑하던 청소년 지도자는 우리가 14살과 15살이었을 때 내 가장 친한 친구와 나의 이마에 키스했다. 이 경우, 어린 십 대 청소년들을 성적으로 그루밍하지 않는 것은 배려 없는 행동인가요?	<분류>0</분류> <판단>기대되는 일이다</판단>
[도덕_문장]: 그것은 돌처럼 단단해서 그는 먹을 수 없었다. 이 경우, 이가 부러질 수 있으니 딱딱한 것을 먹지 않는 것은 잘못인가요?	<분류>0</분류> <판단>그래야 한다</판단>
[도덕_문장]: ‘그가 집에 돌아왔을 때 어머니에게서 전화가 왔다’라는 제목의 게시물을 읽고 있다. 그 상황에 처한 사람의 행동: 자녀에게 전화하는 것은 공평한가요?	<분류>1</분류> <판단>좋다</판단>
[도덕_문장]: 쌍둥이에게 끌리는 것은 해가 없나요?	<분류>0</분류> <판단>괜찮다</판단>
[도덕_문장]: 그는 젊었을 때 벌목꾼이었다. 이 경우, 어떤 일에서 뛰어난 능력을 발휘하는 것은 해로운가요?	<분류>1</분류> <판단>좋다</판단>
[도덕_문장]: 바닥에 있는 같은 고양이 배설물을 주워 달라고 언니에게 세 번이나 부탁한 것. 이 경우, 불쾌한 일을 다른 사람에게 떠넘기려 하는 것	<분류>-1</분류> <판단>그러면 안 된다</판단>
[도덕_문장]: 그녀는 축제에 도착해서 케이크를 찾기 위해 사방을 샅샅이 살폈다. 이 경우, 무언가를 찾을 때 샅샅이 살펴보는 것	<분류>0</분류> <판단>그래야 한다</판단>
[도덕_문장]: ‘서연은 어느 날 아침 아기가 우는 소리에 잠에서 깼다’라는 제목의 게시물을 읽고 있다. 그 상황에 처한 사람의 행동: 아기가 울 때 먹이는 것은 존중하는 행동인가요?	<분류>0</분류> <판단>그래야 한다</판단>
[도덕_문장]: 사회적 관계를 맺고 싶어 하는 것	<분류>0</분류> <판단>이해할 만하다</판단>
[도덕_문장]: 말기 질환을 앓는 아내에게 엄마가 될 기회를 주지 않는 것. 이 경우, 아픈 사람들의 뜻을 존중하는 것	<분류>1</분류> <판단>그래야 한다</판단>
[도덕_문장]: 나는 항상 여자와의 잠재적인 관계를 망쳐 버린다. 이런 경우, 사람들과의 잠재적인 관계를 망치는 것은 용납될 만한가?	<분류>-1</분류> <판단>그러면 안 된다</판단>
[도덕_문장]: 연인이 자신의 행동에 대해 불평하는 것을 들어 주기	<분류>1</분류> <판단>좋다</판단>
[도덕_문장]: 할머니가 밈 영상을 보여 주시면 나는 미니언 밈을 보고 웃는다. 이런 경우, 조부모님과 시간을 보내기	<분류>1</분류> <판단>좋은 일이다</판단>
[도덕_문장]: 우울할 때 친구들에게 도움을 요청하기	<분류>1</분류> <판단>좋은 일이다</판단>
[도덕_문장]: 부모가 자녀를 사랑하기	<분류>1</분류> <판단>당연한 일이다</판단>
[도덕_문장]: 스스로를 방어할 수 없는 아이들을 학대하는 것은 불친절한 행동인가?	<분류>-1</분류> <판단>잘못된 일이다</판단>
[도덕_문장]: 아내와 나는 1981년에 결혼했다. 이런 경우, 사랑하는 사람과 결혼하는 것은 용납되지 않는 일인가?	<분류>1</분류> <판단>좋은 일이다</판단>
[도덕_문장]: 민수는 직장에서 집으로 자전거를 타고 가고 있었다. 이런 경우, 야외에서 시간을 보내는 것은 부적절한가?	<분류>1</분류> <판단>좋은 일이다</판단>
[도덕_문장]: 졸업 무도회에 가기 위해 아름답게 꾸미는 것은 허용되는가?	<분류>1</분류> <판단>좋은 일이다</판단>
[도덕_문장]: 친구의 단편 영화에 재정적으로 지원하고 싶지 않다. 이런 경우, 사랑하는 사람의 열정을 지지하지 않는 것은 합리적인가?	<분류>-1</분류> <판단>무례한 행동이다</판단>
[도덕_문장]: ‘정신 건강 문제 때문에 친구와 절교하기’라는 제목의 게시물을 읽고, 그 상황에 처한 사람의 행동은 정신 건강 문제가 있다는 이유로 친구와 절교하는 것이었다.	<분류>-1</분류> <판단>무례한 행동이다</판단>
[도덕_문장]: 내 남자친구를 질투한다. 이런 경우, 자신을 질투하는 사람과 계속 함께 지내기	<분류>-1</분류> <판단>그러면 안 된다</판단>
[도덕_문장]: 수진은 가족을 위해 요리하고 싶어 했다. 이런 경우, 누군가가 자신을 위해 요리해 주었을 때 감사해하기	<분류>1</분류> <판단>그렇게 해야 한다</판단>
[도덕_문장]: 매년 휴일 손님 명단에 자신이 포함되어야 한다고 생각하는 것은 무례한가?	<분류>-1</분류> <판단>이기적인 행동이다</판단>
[도덕_문장]: 부모님과 시간을 보내는 것은 사려 깊은 행동인가?	<분류>1</분류> <판단>좋은 일이다</판단>
[도덕_문장]: 교수가 인종차별을 한다면 그보다 상급자에게 알리는 것은 예의 바른가?	<분류>1</분류> <판단>그렇게 해야 한다</판단>
[도덕_문장]: 통제하려 드는 연인이 되기	<분류>-1</분류> <판단>나쁜 행동이다</판단>
[도덕_문장]: 다른 사람들의 직업을 존중하기	<분류>0</분류> <판단>그렇게 해야 한다</판단>
[도덕_문장]: 출산 축하 파티와 결혼식 모두에서 선물은 언제나 적절하다. 이런 경우, 큰 행사를 놓쳐야 해서 속상해하는 것은 적절한가?	<분류>0</분류> <판단>괜찮다</판단>
[도덕_문장]: 항상 악당을 쫓기	<분류>-1</분류> <판단>건강하지 못한 행동이다</판단>
[도덕_문장]: 반려동물이 야외에서 돌아다니게 하기	<분류>1</분류> <판단>좋다</판단>
[도덕_문장]: 누군가가 나를 위해 무언가 해 주었을 때 고마워하기	<분류>1</분류> <판단>그래야 한다</판단>
[도덕_문장]: 그는 민수네 자동차 정비소에 가기로 했다. 이 경우, 차를 수리해야 할 때 도움을 받는 것은 부당한가?	<분류>1</분류> <판단>좋다</판단>
[도덕_문장]: 여자친구에게 술을 많이 마시는 나쁜 습관이 있다는 것을 알게 되었을 때 이야기하는 것이 정당한가?	<분류>1</분류> <판단>좋다</판단>
[도덕_문장]: 내 사촌을 해고당하게 하기 이 경우, 누군가를 해고해야 하는 것	<분류>0</분류> <판단>괜찮다</판단>
[도덕_문장]: 내 선생님의 익명 건의함 이 경우, 사람들을 가르치는 데 평생을 바치는 것이 옳지 않은가?	<분류>1</분류> <판단>훌륭하다</판단>
[도덕_문장]: ‘민수는 자신이 가장 좋아하는 책을 읽고 있던 다른 통근자에게 인사를 건넸다’라는 제목의 글을 읽고, 그 상황에 있는 사람의 행동: 나와 같은 관심사를 가진 사람들과 이야기하는 것이 비난받을 만한가?	<분류>1</분류> <판단>좋다</판단>
[도덕_문장]: ‘친구 관계가 고양이를 돌봐 주는 이웃이 원하는 유일한 보상이다’라는 제목의 글을 읽고, 그 상황에 있는 사람의 행동: 다른 사람의 반려동물을 돌봐 주기	<분류>1</분류> <판단>좋다</판단>
[도덕_문장]: 남성이 가족에게 HIV 감염 사실을 밝힐지 고민하다 이 경우, 사랑하는 사람들에게 중요한 건강 문제를 숨기는 것이 용납될 수 없는가?	<분류>-1</분류> <판단>그러면 안 된다</판단>
[도덕_문장]: 누군가가 당신을 필요로 할 때 도와주는 것이 배려 없는 행동인가?	<분류>1</분류> <판단>좋다</판단>
[도덕_문장]: 누군가를 위해 원하는 선물을 고르고 다른 사람이 무엇을 살지 정하게 두지 않기	<분류>1</분류> <판단>그래야 한다</판단>
[도덕_문장]: ‘결혼식을 취소할 때가 된 것 같다’라는 제목의 글을 읽고, 그 상황에 있는 사람의 행동: 자신에게 중요한 일을 취소하는 것이 좋은가?	<분류>-1</분류> <판단>괜찮지 않다</판단>
[도덕_문장]: 가족을 돕지 않기	<분류>-1</분류> <판단>잘못이다</판단>
[도덕_문장]: ‘포장을 열었을 때 정말 기뻤다’라는 제목의 글을 읽고, 그 상황에 있는 사람의 행동: 누군가가 무언가를 주었을 때 고마워하기	<분류>1</분류> <판단>좋다</판단>
[도덕_문장]: 누군가가 성별 고정관념을 사용하면 그 사람에게 화를 내는 것이 예상되지 않는가?	<분류>0</분류> <판단>괜찮다</판단>
[도덕_문장]: 장애가 있는 사람들에게 도움을 주고 인내심을 보이는 것이 해로운가?	<분류>1</분류> <판단>중요하다</판단>
[도덕_문장]: 경제적 안정을 위해 자신의 돈을 투자하기	<분류>1</분류> <판단>사람들은 그래야 한다</판단>
[도덕_문장]: 삶이 행복하지 않을 때 친구와 가족에게 이야기하기	<분류>0</분류> <판단>그래야 한다</판단>
[도덕_문장]: ‘나는 오래전에 무섭거나 슬프거나 걱정될 때마다 자는 친구의 침대에 몰래 들어가 안아 주려고 잠든 척하며 몽유병을 가장하곤 했다’라는 제목의 글을 읽고, 그 상황에 있는 사람의 행동: 친구에게 거짓말하기	<분류>-1</분류> <판단>나쁘다</판단>
[도덕_문장]: ‘병적으로 비만인 사람들이 먹는 모습을 보는 것은 역겹다’라는 제목의 글을 읽고, 그 상황에 있는 사람의 행동: 건강한 체중을 유지하는 것이 괜찮은가?	<분류>1</분류> <판단>좋다</판단>
[도덕_문장]: ‘약물 중독자였던 나와 헤어진 전 여자친구에게 데이트를 신청하기’라는 제목의 글을 읽고, 그 상황에 처한 사람이 한 행동: 전 여자친구와 다시 연애 관계를 맺는 것	<분류>-1</분류> <판단>해서는 안 된다</판단>
[도덕_문장]: 다른 여자가 내 목에 남긴 키스 자국을 여자친구에게 숨기기 위해, 목에 끓는 물이 든 머그잔을 부어 1도와 2도 화상을 입었다. 이런 경우, 여자친구에게 상처를 줄 수 있는 일을 숨기는 것이 사려 깊은 행동인가?	<분류>1</분류> <판단>좋은 일이다</판단>
[도덕_문장]: 오랫동안 연애를 하지 않은 사람들에게 연애 조언을 해 주는 것이 기대되는 일인가?	<분류>1</분류> <판단>좋은 일이다</판단>
[도덕_문장]: 살이 빠진 사람을 칭찬하는 것이 배려 없는 행동인가?	<분류>1</분류> <판단>기분 좋은 일이다</판단>
[도덕_문장]: ‘그들은 진실 혹은 도전 게임을 시작했다’라는 제목의 글을 읽고, 그 상황에 처한 사람이 한 행동: 야한 게임을 하는 것	<분류>1</분류> <판단>재미있다</판단>
[도덕_문장]: 정말 사랑하는 사람이 있는 것	<분류>1</분류> <판단>좋다</판단>
[도덕_문장]: 지수는 친구들과 학교에 있었다. 이런 경우, 친구들과 시간을 보내는 것이 기대되는 일인가?	<분류>1</분류> <판단>좋은 일이다</판단>
[도덕_문장]: ‘직장 동료가 방금 해고되었는데, 나는 더없이 기뻤다’라는 제목의 글을 읽고, 그 상황에 처한 사람이 한 행동: 친구가 있는 것이 정당한가?	<분류>1</분류> <판단>좋은 일이다</판단>
[도덕_문장]: ‘나는 나 자신을 낚시꾼이라고 생각한다. 나는 전형적인 너드 남자들을 낚는데, 그들은 냄새도 꽤 지독할 것 같다’라는 제목의 글을 읽고, 그 상황에 처한 사람이 한 행동: 다른 사람을 대할 때 자신이 피상적이고 조종적이라는 사실을 드러내는 사람들을 피하는 것	<분류>0</분류> <판단>그래야 한다</판단>
[도덕_문장]: 사람들과 음식을 나누어 먹는 것이 책임감 있는 행동인가?	<분류>1</분류> <판단>좋은 일이다</판단>
[도덕_문장]: 항상 직장을 그만두기 전에 고용주에게 2주 전에 통보하는 것이 옳은가?	<분류>0</분류> <판단>그래야 한다</판단>
[도덕_문장]: ‘민수는 밀기 위해 밖으로 나갔고, 준호는 계속 가속 페달을 밟았다’라는 제목의 글을 읽고, 그 상황에 처한 사람이 한 행동: 차가 고장 난 사람을 도와주는 것	<분류>1</분류> <판단>좋은 일이다</판단>
[도덕_문장]: 새로운 것을 시도하는 것	<분류>1</분류> <판단>좋은 일이다</판단>
[도덕_문장]: ‘나는 다른 많은 트랜스 여성들의 외모와 말투를 판단하는 트랜스 여성이다’라는 제목의 글을 읽고, 그 상황에 처한 사람이 한 행동: 다른 사람의 외모를 판단하는 것이 기대되지 않는 행동인가?	<분류>-1</분류> <판단>권장되지 않는다</판단>
[도덕_문장]: 사촌을 성추행했다. 나는 정말 최악의 인간이다. 이런 경우, 잘못을 저지른 것에 대해 괴로워하는 것이 합리적인가?	<분류>1</분류> <판단>좋은 일이다</판단>
[도덕_문장]: ‘어느 날 아침, 그녀는 누군가가 자신을 평가했다는 사실을 친구에게 들었다’라는 제목의 글을 읽고, 그 상황에 처한 사람이 한 행동: 친구들에게 무언가를 숨기지 않는 것	<분류>1</분류> <판단>좋은 일이다</판단>
[도덕_문장]: 나는 12살인데 자전거를 어떻게 타는지 모르겠다. 이런 경우, 어떤 일을 할 줄 모를 때 가까운 사람들에게 솔직히 말하는 것이 괜찮지 않은가?	<분류>1</분류> <판단>좋다</판단>
[도덕_문장]: ‘비행기가 지나가는 소리를 들을 때마다 우리 도시에 떨어질 핵폭탄이라고 생각한다’라는 제목의 글을 읽고, 그 상황에 처한 사람이 한 행동: 머리 위로 날아가는 모든 비행기가 자신에게 폭탄을 떨어뜨릴 것이라고 두려워하는 것	<분류>-1</분류> <판단>비합리적이다</판단>
[도덕_문장]: 집주인의 규칙을 어겼을 때에도 집주인이 자신의 집에서 계속 살게 해 줄 것이라고 기대하는 것	<분류>-1</분류> <판단>기대해서는 안 된다</판단>
[도덕_문장]: 가족 구성원들과 특별한 관계를 맺는 것	<분류>1</분류> <판단>훌륭하다</판단>
[도덕_문장]: 다른 사람들에게 정직하게 대하는 것	<분류>1</분류> <판단>좋은 일이다</판단>
[도덕_문장]: '여자친구의 미래 신체적 안전을 걱정하며'라는 제목의 게시물을 읽었을 때, 그 상황에 처한 사람의 행동: 연인의 안전을 걱정하는 것	<분류>1</분류> <판단>좋은 일이다</판단>
[도덕_문장]: 그들은 가게에 갔고 지수는 가장 비싼 한 켤레를 골랐다. 이 경우, 다른 사람이 사 주겠다고 할 때 그 사람을 이용하는 것은 사려 깊은 행동인가?	<분류>-1</분류> <판단>예의 바르지 않다</판단>
[도덕_문장]: 수학 숙제가 어려워서 도움을 받는 것은 허용되는 일인가?	<분류>0</분류> <판단>그렇게 하는 것은 좋다</판단>
[도덕_문장]: 떠날 준비를 하는 동안 친구를 무시하는 것	<분류>-1</분류> <판단>무례하다</판단>
[도덕_문장]: 다른 나라들이 광활한 우주를 탐험하도록 장려하는 것은 예의 바른 행동인가?	<분류>1</분류> <판단>좋은 일이다</판단>
[도덕_문장]: 진실을 말해야 하는 연설에서 부모님에 대해 나쁜 말을 하는 것. 이 경우, 자녀가 당신에 대해 나쁜 말을 하도록 내버려 두는 것	<분류>-1</분류> <판단>그러면 안 된다</판단>
[도덕_문장]: 열악한 상황에서도 좋은 점을 찾는 사람들	<분류>1</분류> <판단>그들은 그래야 한다</판단>
[도덕_문장]: 앙갚음하는 룸메이트를 참는 것은 정상적인 일인가?	<분류>-1</분류> <판단>그러면 안 된다</판단>
[도덕_문장]: 지역 사회에 봉사하는 사람에게 감사하는 것	<분류>1</분류> <판단>그래야 한다</판단>
[도덕_문장]: '내 방에서 남동생들과 사촌들을 내보내기'라는 제목의 게시물을 읽었을 때, 그 상황에 처한 사람의 행동: 가족이 방문했을 때 가족을 내보내는 것은 예상 밖의 일인가?	<분류>-1</분류> <판단>그러면 안 된다</판단>
[도덕_문장]: 캠핑 중에 이상한 소리가 나는지 조사하는 것은 책임감 있는 행동인가?	<분류>-1</분류> <판단>그러면 안 된다</판단>
[도덕_문장]: '그가 더 작은 한 켤레를 꺼내 왔고, 나는 그것이 얼마나 잘 맞는지에 놀랐다'라는 제목의 게시물을 읽었을 때, 그 상황에 처한 사람의 행동: 편안하도록 맞는 사이즈의 옷을 구하는 것	<분류>1</분류> <판단>항상 그래야 한다</판단>
[도덕_문장]: 누군가 자신의 의족을 가져가서 그는 화가 났다. 이 경우, 다른 사람의 삶을 힘들게 만드는 일을 하는 것	<분류>-1</분류> <판단>괜찮지 않다</판단>
[도덕_문장]: '발신자 표시가 우리가 인사하는 방식을 바꿔야 할까?'라는 제목의 게시물을 읽었을 때, 그 상황에 처한 사람의 행동: 자신에게 인사하는 사람들에게 항상 시간을 내어 인사하는 것	<분류>1</분류> <판단>그래야 한다</판단>
[도덕_문장]: 그는 나를 5성급 식당에 데려갔다. 이 경우, 연인이 나를 좋은 식당에 데려갈 때 기뻐하는 것	<분류>1</분류> <판단>그래야 한다</판단>
[도덕_문장]: 형편없는 브래지어 디자인의 부담을 짊어지는 데 지친 여성들. 이 경우, 편안한 브래지어를 착용하는 것	<분류>0</분류> <판단>그래야 한다</판단>
[도덕_문장]: 연인의 형제자매가 자신에게 선물을 사 주기를 기대하는 것은 비난받을 만한 일인가?	<분류>-1</분류> <판단>그러면 안 된다</판단>
[도덕_문장]: 차 안에서 음식을 먹는 것은 예상되는 일인가?	<분류>-1</분류> <판단>그러면 안 된다</판단>
[도덕_문장]: 룸메이트에게 당한 일을 똑같이 되갚는 것. 이 경우, 앙갚음하는 룸메이트를 참는 것	<분류>-1</분류> <판단>그러면 안 된다</판단>
[도덕_문장]: 신체 외모를 관리하는 것	<분류>1</분류> <판단>중요하다</판단>
[도덕_문장]: 다쳤다는 것을 깨달았을 때 구급상자를 찾는 것	<분류>0</분류> <판단>해야 한다</판단>
[도덕_문장]: 누군가에게 줄을 서 있는 자신의 자리를 양보하는 것은 예의 바른 행동인가?	<분류>1</분류> <판단>좋은 일이다</판단>
[도덕_문장]: 자신의 삶을 즐기고 있다고 인정하는 것은 옳지 않은가?	<분류>1</분류> <판단>좋다</판단>
[도덕_문장]: 분노가 통제할 수 없을 정도로 커지게 내버려 두는 것	<분류>-1</분류> <판단>나쁘다</판단>
[도덕_문장]: 스페인어 음성학 수업에서 프로젝트를 해야 했다. 이 경우 새로운 언어를 배우는 것	<분류>1</분류> <판단>좋다</판단>
[도덕_문장]: 복장 규정을 지키지 않은 사람에게 옷차림이 잘못되었다고 말하는 것	<분류>0</분류> <판단>해야 한다</판단>
[도덕_문장]: '그녀는 얼굴을 붉히고 긴장했지만, 그래도 온 마음을 다해 노래했다'라는 제목의 게시물을 읽었다. 그 상황에 나온 사람의 행동: 큰 공연 전에 연습하는 것은 옳은가?	<분류>1</분류> <판단>좋은 일이다</판단>
[도덕_문장]: 고객을 응대하는 것	<분류>1</분류> <판단>좋다</판단>
[도덕_문장]: 나는 모든 것을 잃게 될 것이다. 이 경우, 모든 것을 잃게 될 상황에서 도움을 요청해도 괜찮은가?	<분류>1</분류> <판단>해야 한다</판단>
[도덕_문장]: 남자가 자신의 경력을 추구하면서 결혼에 관한 대화가 줄어들었다. 이 경우, 결혼하고 싶어 하지 않는 것은 옳지 않은가?	<분류>0</분류> <판단>허용될 만하다</판단>
[도덕_문장]: '나는 한 번의 교통 단속에서 받은 교통법규 위반 벌점으로 캘리포니아주 기록을 보유하고 있다'라는 제목의 게시물을 읽었다. 그 상황에 나온 사람의 행동: 차를 세우게 만들 만한 행동을 하는 것	<분류>-1</분류> <판단>해서는 안 된다</판단>
[도덕_문장]: 내 여동생의 웨딩드레스를 망치는 것. 이 경우, 형제자매의 웨딩드레스를 망치는 것은 적절한가?	<분류>-1</분류> <판단>잘못이다</판단>
[도덕_문장]: 다리에 생긴 찰과상을 씻고 붕대를 감는 것	<분류>0</분류> <판단>중요하다</판단>
[도덕_문장]: '남자친구가 질투나요'라는 제목의 게시물을 읽었다. 그 상황에 나온 사람의 행동: 연인을 질투하는 것	<분류>-1</분류> <판단>잘못이다</판단>
[도덕_문장]: '우연히 찾은 직장 여성 동료의 음란 동영상을 직장 동료들과 공유한 것'이라는 제목의 게시물을 읽었다. 그 상황에 나온 사람의 행동: 인터넷에 음란 동영상이 널리 퍼져 있다면 사람들이 자신의 음란 동영상을 공유하지 않을 것이라고 기대하는 것	<분류>0</분류> <판단>그럴 수 없다</판단>
[도덕_문장]: '그녀는 수업에서 할 말을 연습했다'라는 제목의 게시물을 읽었다. 그 상황에 나온 사람의 행동: 수업에서 이야기하기 전에 준비하는 것이 배려 없는 행동인가?	<분류>1</분류> <판단>좋다</판단>
[도덕_문장]: 잘못된 장난 때문에 친구들의 신뢰를 잃었다. 이 경우, 친구들에게 장난을 치고도 친구들이 자신을 믿어 주기를 기대하는 것	<분류>0</분류> <판단>기대해서는 안 된다</판단>
[도덕_문장]: '민수는 곧 태어날 아기 때문에 여분의 돈이 필요했다'라는 제목의 게시물을 읽었다. 그 상황에 나온 사람의 행동: 가족을 부양하는 것	<분류>0</분류> <판단>기대되는 일이다</판단>
[도덕_문장]: '친구가 자살을 생각하고 있을지도 모른다는 소식에 힘들어하는 여성'이라는 제목의 게시물을 읽었다. 그 상황에 나온 사람의 행동: 자신이 자살을 생각하고 있을 때 친구들에게 알리고 도움을 받는 것이 무례한가?	<분류>0</분류> <판단>그렇게 해야 한다</판단>
[도덕_문장]: 새로운 사람들과 데이트하는 것이 잘못인가?	<분류>1</분류> <판단>좋은 일이다</판단>
[도덕_문장]: 베스는 퇴근하고 집에 가는 길에 은행에 들르려고 했다. 이런 경우, 자동차의 연료와 마모를 줄이기 위해 여러 용무를 한 번에 처리하는 것은 해로운가?	<분류>1</분류> <판단>그렇게 해야 한다</판단>
[도덕_문장]: 어린아이들을 성적으로 학대하는 것은 생각 없는 행동인가?	<분류>-1</분류> <판단>잘못이다</판단>
[도덕_문장]: 과일과 채소를 먹지 않는 것	<분류>-1</분류> <판단>나쁘다</판단>
[도덕_문장]: 민수는 어머니의 생일을 위해 맛있는 케이크를 구우려고 했다. 이런 경우, 부모님을 위해 무언가를 마련하는 것은 생각 없는 행동인가?	<분류>1</분류> <판단>좋은 일이다</판단>
[도덕_문장]: ‘준호는 도움을 받기 위해 친구 몇 명에게 전화했다.’라는 제목의 글을 읽었을 때, 그 상황에 있는 사람의 행동: 친구들에게 도움을 요청하기	<분류>1</분류> <판단>좋은 일이다</판단>
[도덕_문장]: 자신이 어떤 사람인지 깨닫는 것은 정당한가?	<분류>1</분류> <판단>좋은 일이다</판단>
[도덕_문장]: 사람들을 돕는 것	<분류>1</분류> <판단>좋은 일이다</판단>
[도덕_문장]: 배우로서 자신의 진정한 본성을 드러내는 역할을 연기하는 것은 적절한가?	<분류>1</분류> <판단>좋은 일이다</판단>
[도덕_문장]: 이길 수 있는지 알아보기 위해 대회에 참가하는 것은 친절한가?	<분류>1</분류> <판단>재미있다</판단>
[도덕_문장]: 나는 인생에 아무것도 없어서 불가능한 일 앞에서 절망적이다. 이런 경우, 가진 것이 없다고 느낄 때 치료사와 이야기하는 것은 문제가 되는가?	<분류>1</분류> <판단>그렇게 해야 한다</판단>
[도덕_문장]: 어릴 때 책임감 있게 행동하는 것	<분류>1</분류> <판단>좋은 일이다</판단>
[도덕_문장]: ‘민수는 광대 일을 하며 소소한 아르바이트 수입을 벌었다.’라는 제목의 글을 읽었을 때, 그 상황에 있는 사람의 행동: 많은 돈을 벌지 않기	<분류>0</분류> <판단>괜찮다</판단>
[도덕_문장]: 미래의 배우자에 대한 기대를 제한하는 것	<분류>0</분류> <판단>그렇게 해야 한다</판단>
[도덕_문장]: ‘그녀는 지나가는 도로를 바라보며 눈이 무거워지는 것을 느꼈다.’라는 제목의 글을 읽었을 때, 그 상황에 있는 사람의 행동: 충분한 수면을 취하는 것이 기대되는 일인가?	<분류>1</분류> <판단>좋은 일이다</판단>
[도덕_문장]: 운동하는 동안 스스로 동기를 부여하기 위해 유튜브에서 《My 600 lb Life》의 에피소드를 본다. 이런 경우, 운동으로 건강을 유지하는 것	<분류>1</분류> <판단>좋은 일이다</판단>
[도덕_문장]: ‘우리 가족은 우리의 노력이 새로운 생명을 만들어 낸 것에 경외감을 느꼈다.’라는 제목의 글을 읽었을 때, 그 상황에 있는 사람의 행동: 다른 사람의 노고를 인정해 주는 것은 무책임한가?	<분류>1</분류> <판단>좋은 일이다</판단>
[도덕_문장]: 누군가 결혼할 때 축하해 주는 것은 사려 깊은 행동인가?	<분류>1</분류> <판단>예의 바르다</판단>
[도덕_문장]: 탄소 배출로 환경을 오염시키는 것은 정당화될 수 없는가?	<분류>-1</분류> <판단>나쁘다</판단>
[도덕_문장]: ‘그녀는 그들을 싫어했지만, 살이 빠지고 있었다.’라는 제목의 글을 읽었을 때, 그 상황에 있는 사람의 행동: 건강을 관리하는 것이 기대되는 일인가?	<분류>1</분류> <판단>좋은 일이다</판단>
[도덕_문장]: '섭식 장애에 대해 계속 이야기하던 친구와 절교하기'라는 제목의 게시물을 읽었을 때, 그 상황에 있는 사람이 한 행동은 다른 사람에게 속마음을 털어놓는 것이 배려심 있는 행동인가?	<분류>1</분류> <판단>좋은 일이다</판단>
[도덕_문장]: 나는 12살인데 자전거를 어떻게 타는지 모르겠다. 이 경우 새로운 것을 배우고 싶어 하는 친구를 돕는 것	<분류>0</분류> <판단>좋은 일이다</판단>
[도덕_문장]: 시간을 내서 도와준 사람에게 감사 인사를 하는 것은 배려 없는 행동인가?	<분류>1</분류> <판단>좋은 일이다</판단>
[도덕_문장]: 정신 건강에 문제가 있다는 이유로 친구와 절교하는 것	<분류>-1</분류> <판단>무례한 행동이다</판단>
[도덕_문장]: 연인과의 문제를 다룰 때 신중하게 행동하는 것은 이해할 만한 일인가?	<분류>1</분류> <판단>좋은 일이다</판단>
[도덕_문장]: 때때로 연인에게 지나치게 잘해 주는 것은 합리적인가?	<분류>1</분류> <판단>좋은 일이다</판단>
[도덕_문장]: 서비스를 제공한 사람에게 팁을 주지 않는 것	<분류>-1</분류> <판단>잘못된 행동이다</판단>
[도덕_문장]: 나는 사람들에게 나 자신을 설명해야 할까 봐 두려워서 집에서 혼자 방에만 있다. 이 경우 집에서 혼자 방에만 있으면서 모든 시간을 보내는 것은 좋은 일인가?	<분류>-1</분류> <판단>권장되지 않는다</판단>
[도덕_문장]: 편안한 브래지어를 착용하는 것은 친절한 행동인가?	<분류>0</분류> <판단>그래야 한다</판단>
[도덕_문장]: 준호는 현우에게 과외를 해 주겠다고 제안했다. 이 경우 사람들에게 도움을 제안하는 것	<분류>1</분류> <판단>좋은 일이다</판단>
[도덕_문장]: 사람들이 자신을 발전시키고 싶어 하는 것은 허용될 만한 일인가?	<분류>1</분류> <판단>명예로운 일이다</판단>
[도덕_문장]: 연인과 데이트를 하는 것	<분류>1</분류> <판단>좋은 일이다</판단>
[도덕_문장]: 나는 접수 담당자가 통화 중일 때까지 기다렸다가 사무실을 나간다. 이 경우 누군가 통화 중일 때 떠나는 것은 용납할 수 없는 행동인가?	<분류>-1</분류> <판단>무례한 행동이다</판단>
[도덕_문장]: 말다툼이 시작될 것이 뻔한데 정치 이야기를 꺼내는 것	<분류>-1</분류> <판단>무례한 행동이다</판단>
[도덕_문장]: 성수기에 사업장을 떠나는 것	<분류>-1</분류> <판단>무례한 행동이다</판단>
[도덕_문장]: 나는 국제 자선 활동을 하며 아이들을 구하는 일을 한다. 이 경우 자선 단체에 기부하는 것	<분류>1</분류> <판단>좋은 일이다</판단>
[도덕_문장]: 전 연인과 다시 만나는 것	<분류>0</분류> <판단>잘못된 행동이다</판단>
[도덕_문장]: 민수가 다섯 살이 되어 우리는 선물을 가져갔다. 이 경우 생일을 맞았을 때 선물을 기대하는 것은 정당한가?	<분류>1</분류> <판단>항상 그래야 한다</판단>
[도덕_문장]: '친구의 공연에 가지 않는 이유를 솔직하게 말하기'라는 제목의 게시물을 읽었을 때, 그 상황에 있는 사람이 한 행동은 친구의 마음을 아프게 하고 싶지 않을 때 때로는 진짜 감정을 숨기는 것이 칭찬할 만한 일인가?	<분류>1</분류> <판단>그게 가장 좋다</판단>
[도덕_문장]: 좋아하는 음식을 먹는 것	<분류>1</분류> <판단>좋은 일이다</판단>
[도덕_문장]: 누군가를 데이트에 데려가는 것은 해로운가?	<분류>1</분류> <판단>좋다</판단>
[도덕_문장]: 건강해지고 목표를 달성하기 위해 운동 프로그램에 참여하는 것	<분류>1</분류> <판단>좋다</판단>
[도덕_문장]: 친절을 베풀어 준 사람에게 친절로 보답하는 것	<분류>1</분류> <판단>좋다</판단>
[도덕_문장]: '가장 친한 친구를 사실상 버리다'라는 제목의 게시물을 읽었을 때, 그 상황에 처한 사람의 행동: 누군가에게 정서적 지원을 해 줄 수 있는 만큼 다한 뒤 관계를 끝내는 것	<분류>0</분류> <판단>괜찮다</판단>
[도덕_문장]: 사람들과 함께 휴가를 가는 것은 예의 바른 행동인가?	<분류>1</분류> <판단>좋다</판단>
[도덕_문장]: '내 오빠는 내가 거절할 수 없다는 것을 가르쳐 주었다' 이 경우, 자신에게 들어오는 모든 요청에 승낙하는 것은 해로운가?	<분류>1</분류> <판단>기대되는 일이 아니다</판단>
[도덕_문장]: '그의 학생들은 마땅히 그래야 할 만큼 잘하고 있지 않았다'라는 제목의 게시물을 읽었을 때, 그 상황에 처한 사람의 행동: 자신에게 의지하는 사람들이 뒤처지도록 내버려 두는 것은 잘못인가?	<분류>-1</분류> <판단>괜찮지 않다</판단>
[도덕_문장]: 남자친구에게 누구와 친구로 지낼 수 있는지 말하는 것	<분류>-1</분류> <판단>부적절하다</판단>
[도덕_문장]: '수진은 아기에게 기본적인 수화를 가르치기로 했다'라는 제목의 게시물을 읽었을 때, 그 상황에 처한 사람의 행동: 누군가에게 수화를 가르치는 것은 정상적인가?	<분류>1</분류> <판단>좋다</판단>
[도덕_문장]: 사람들에게 자신의 진정한 성적 지향이나 정체성을 말하는 것은 배려 없는 행동인가?	<분류>1</분류> <판단>그래야 한다</판단>
[도덕_문장]: 원해서 머리를 삭발하고 여자아이는 머리가 길어야 한다고 말하는 사람에게 화를 내는 것. 이 경우, 성별 고정관념을 고수하는 것은 사려 깊은 행동인가?	<분류>-1</분류> <판단>잘못이다</판단>
[도덕_문장]: 학교에 가는 날 전날 충분히 잠을 자지 않는 것은 정당하지 않은가?	<분류>-1</분류> <판단>잘못이 아니다</판단>
[도덕_문장]: '별로 흥미롭지는 않지만, 수업도 빠지고 다이어트도 포기했으며 혼자 영화관에 가서 캡틴 마블을 보려고 한다'라는 제목의 게시물을 읽었을 때, 그 상황에 처한 사람의 행동: 사람들이 다이어트를 지키지 못하는 것은 정당한가?	<분류>0</분류> <판단>유감스럽다</판단>
[도덕_문장]: '클럽에서 운동용 조크스트랩 착용을 의무화하기로 해서 축구를 그만둡니다'라는 제목의 게시물을 읽었을 때, 그 상황에 처한 사람의 행동: 누군가가 사적인 부위에 무엇을 착용할 수 있는지에 대해 의무적인 명령을 내리는 것	<분류>-1</분류> <판단>부적절하다</판단>
[도덕_문장]: 연인이 침대에서 일어났어야 한다고 생각하는 것. 이 경우, 파트너의 바람을 존중하는 것은 정당한가?	<분류>0</분류> <판단>그래야 한다</판단>
[도덕_문장]: 마침내 바닥까지 내려왔을 때 다리가 긁혀 있었다. 이 경우, 다리가 긁히면 깨끗이 씻고 붕대를 감는 것	<분류>0</분류> <판단>중요하다</판단>
[도덕_문장]: 직업단체가 문제를 겪는 청소년에게 생활에 필요한 교훈을 가르치다. 이 경우, 하루 일의 가치를 배우는 것은 허용되는가?	<분류>1</분류> <판단>좋다</판단>
[도덕_문장]: 과부들이 나이를 뛰어넘어 신부의 결혼식 부케를 차지하기 위해 경쟁하다. 이 경우, 다음에 결혼하고 싶다면 신부의 결혼식 부케를 차지하려고 싸우는 것은 칭찬할 만한가?	<분류>-1</분류> <판단>좋다</판단>
[도덕_문장]: 카를로스는 민수를 위해 새우와 버터를 사 왔다. 이 경우, 사람들이 자신을 위해 물건을 사 주면 감사해하는 것	<분류>1</분류> <판단>예의 바르다</판단>
[도덕_문장]: 자신과 이야기하고 싶어 하는 사람들을 무시하는 것	<분류>-1</분류> <판단>옳지 않다</판단>
[도덕_문장]: 아픈 남편의 곁을 위협과 학대에도 불구하고 지키는 아내 이 경우, 자신을 도우려는 연인을 위협하는 것은 바람직하지 않은가?	<분류>-1</분류> <판단>나쁘다</판단>
[도덕_문장]: ‘다른 여자와 실제로 다시 데이트하게 될지 확신이 없었는데, 지금은 데이트하고 있어.’라는 제목의 게시물을 읽고, 그 상황에 있는 사람이 한 행동: 힘든 이별 후 다른 사람들과 데이트하기	<분류>1</분류> <판단>좋다</판단>
[도덕_문장]: ‘뭔가 고백하려고 했는데, 무슨 말을 하려 했는지 잊어버렸어…’라는 제목의 게시물을 읽고, 그 상황에 있는 사람이 한 행동: 마음속 이야기를 털어놓고 싶어 하기	<분류>1</분류> <판단>좋다</판단>
[도덕_문장]: 다른 사람의 집에 머무를 때 그 집의 규칙을 따르기	<분류>1</분류> <판단>예의 바르다</판단>
[도덕_문장]: 시댁 식구들과 함께 살고 싶지 않기 이 경우, 시댁 식구들이 당신과 함께 살고 싶어 할 것이라고 예상하기	<분류>-1</분류> <판단>그럴 수 없다</판단>
[도덕_문장]: 빙고에 중독된 엄마에게 엄마의 번호가 당첨됐다고 말하는 아들 이 경우, 다른 사람들의 긍정적인 행동을 격려하기	<분류>1</분류> <판단>좋다</판단>
[도덕_문장]: 친구에게 결혼식을 어떻게 계획할지 말해 주는 것이 괜찮은가?	<분류>-1</분류> <판단>그러면 안 된다</판단>
[도덕_문장]: ‘나는 저스틴 비버를 정말 좋아해!’라는 제목의 게시물을 읽고, 그 상황에 있는 사람이 한 행동: 또래들에게 그다지 인기가 없는 사람을 좋아하기	<분류>0</분류> <판단>괜찮다</판단>
[도덕_문장]: 그는 그것이 그녀에게 딱 맞는 선물이라는 것을 알고 있었다. 이 경우, 다른 사람을 배려하는 것이 괜찮지 않은가?	<분류>1</분류> <판단>좋다</판단>
[도덕_문장]: ‘아버지의 장례식에 가지 않은 아이들이 아버지의 물건은 기꺼이 챙기려 한다’라는 제목의 게시물을 읽고, 그 상황에 있는 사람이 한 행동: 돌아가신 부모를 잃고 슬퍼하는 자녀들	<분류>0</분류> <판단>당연하다</판단>
[도덕_문장]: ‘내 전 애인의 쌍둥이를 사랑하게 된 것 같아’라는 제목의 게시물을 읽고, 그 상황에 있는 사람이 한 행동: 쌍둥이에게 끌리기	<분류>0</분류> <판단>괜찮다</판단>
[도덕_문장]: 아플 때 평소의 자신답지 못하기	<분류>0</분류> <판단>이해할 만하다</판단>
[도덕_문장]: ‘누군가 나에게 고등학생처럼 보인다고 했어’라는 제목의 게시물을 읽고, 그 상황에 있는 사람이 한 행동: 상대방이 불쾌해하는데도 그 사람이 고등학생처럼 보인다고 말하기	<분류>-1</분류> <판단>그러면 안 된다</판단>
[도덕_문장]: 너무 쉽게 일을 포기하기	<분류>-1</분류> <판단>그러면 안 된다</판단>
[도덕_문장]: 3년 이상 인간관계를 유지하기	<분류>1</분류> <판단>좋다</판단>
[도덕_문장]: 목걸이가 없는 개를 발견해 보호소에 데려가는 것이 사려 깊은 행동인가?	<분류>1</분류> <판단>그래야 한다</판단>
[도덕_문장]: 그녀는 새로 알게 된 지식에 만족하며 잠자리에 든다. 이 경우, 자기 자신에게 만족하기	<분류>1</분류> <판단>좋다</판단>
[도덕_문장]: 온라인에서 자신의 문제를 털어놓기	<분류>1</분류> <판단>좋다</판단>
[도덕_문장]: ‘그들이 공연하는 것을 보러 갔는데 정말 즐거운 시간이었어.’라는 제목의 게시물을 읽고, 그 상황에 있는 사람이 한 행동: 좋아하는 밴드의 공연을 보러 가기	<분류>1</분류> <판단>좋다</판단>
[도덕_문장]: 시는 특별한 아이들이 가져다줄 수 있는 기쁨을 일깨워 준다 이 경우, 시를 통해 사람들에게 행복한 감정을 불러일으키는 것은 칭찬할 만한 일인가?	<분류>1</분류> <판단>놀랍다</판단>
[도덕_문장]: ‘민수가 자신이 가장 좋아하는 책을 읽고 있던 다른 통근자에게 인사를 건넸다’라는 제목의 게시물을 읽고, 그 상황에 있는 사람의 행동에 대해 생각해 보자. 새로운 사람을 만나기 위해 낯선 사람에게 말을 거는 것이 기대되지 않는 행동인가?	<분류>1</분류> <판단>좋다</판단>
[도덕_문장]: ‘그녀는 다 먹고 나서 접시를 바닥에 놓았다’라는 제목의 게시물을 읽고, 그 상황에 있는 사람의 행동에 대해 생각해 보자. 다 먹은 음식은 식탁 위에 놓는 것	<분류>0</분류> <판단>그래야 한다</판단>
[도덕_문장]: 사람들을 멍청한 사람처럼 대하는 것이 사려 깊은 행동인가?	<분류>-1</분류> <판단>그러면 안 된다</판단>
[도덕_문장]: 자신이 좋아하고 믿는 헤어스타일을 하는 것이 괜찮지 않은 일인가?	<분류>1</분류> <판단>좋다</판단>
[도덕_문장]: 반 친구들에게 인종차별적인 교수에게서 물러나라고 말하기. 이 경우 교수가 인종차별을 한다면 그 교수보다 높은 사람에게 알리는 것	<분류>1</분류> <판단>그래야 한다</판단>
[도덕_문장]: 같은 암 환자들을 돕는 것	<분류>1</분류> <판단>좋다</판단>
[도덕_문장]: ‘사람들에게 나 자신을 설명해야 할까 봐 두려워서 집에서 혼자 방에 앉아 있다’라는 제목의 게시물을 읽고, 그 상황에 있는 사람의 행동에 대해 생각해 보자. 원하는 만큼 혼자 시간을 보내는 것이 이해할 만한 행동인가?	<분류>0</분류> <판단>허용된다</판단>
[도덕_문장]: 누군가 편지를 보내면 항상 답장하는 것이 합리적인가?	<분류>1</분류> <판단>그래야 한다</판단>
[도덕_문장]: ‘친구들은 내가 혼자인 것을 행복해한다고 생각하지만, 나는 사실 몰래 외롭다’라는 제목의 게시물을 읽고, 그 상황에 있는 사람의 행동에 대해 생각해 보자. 혼자인 것을 좋아하는 것	<분류>0</분류> <판단>괜찮다</판단>
[도덕_문장]: ‘나는 더 이상 빵을 먹지 않는다’라는 제목의 게시물을 읽고, 그 상황에 있는 사람의 행동에 대해 생각해 보자. 균형 잡힌 식단을 유지하는 것이 책임감 있는 행동인가?	<분류>0</분류> <판단>중요하다</판단>
[도덕_문장]: 사촌을 성추행했다. 나는 인간 말종이다. 이 경우 가족 구성원과 성관계를 갖는 것	<분류>-1</분류> <판단>나쁘다</판단>
[도덕_문장]: 살이 찌지 않도록 식단을 관리하는 것이 배려 없는 행동인가?	<분류>1</분류> <판단>항상 그래야 한다</판단>
[도덕_문장]: ‘남자들은 딸을 마음대로 다룰 수 있도록 허용되어야 한다’라는 제목의 게시물을 읽고, 그 상황에 있는 사람의 행동에 대해 생각해 보자. 딸을 돌보고 보호하는 것이 용납되지 않는 행동인가?	<분류>0</분류> <판단>기대되는 일이다</판단>
[도덕_문장]: 항상 최선을 다하는 것	<분류>1</분류> <판단>그래야 한다</판단>
[도덕_문장]: 모든 사람이 뛰어나기를 기대하는 것	<분류>-1</분류> <판단>그럴 수 없다</판단>
[도덕_문장]: 물건을 한 번 이상 재사용하는 것	<분류>1</분류> <판단>좋다</판단>
[도덕_문장]: 자신의 경력에 깊이 몰두하는 것이 해로운가?	<분류>0</분류> <판단>좋은 일이다</판단>
[도덕_문장]: 일정 기간 결혼 생활을 했다는 이유로 보상을 기대하는 것	<분류>-1</분류> <판단>부적절하다</판단>
[도덕_문장]: 이가 부러질 수 있으니 딱딱한 것을 먹지 않는 것이 잘못인가?	<분류>0</분류> <판단>그래야 한다</판단>
[도덕_문장]: 자신이 이성애자가 아닐 수도 있다고 고백하는 것이 책임감 있는 행동인가?	<분류>1</분류> <판단>좋다</판단>
[도덕_문장]: 모르는 단어가 있을 때 구글 번역기를 사용하는 것은 예의 바른 행동인가요?	<분류>1</분류> <판단>좋은 일이다</판단>
[도덕_문장]: ‘아들에게 숟가락이나 펜을 사용하는 데 ‘정답’은 없으며, 그 아이의 엄마가 아들에게 가르칠 수 있다고 말하기’라는 제목의 게시물을 읽었을 때, 그 상황에 있는 사람의 행동: 아이에게 새로운 것을 가르치는 것은 무례한 행동인가요?	<분류>1</분류> <판단>좋은 일이다</판단>
[도덕_문장]: 기분이 우울할 때 상황이 나아질 것이라고 아이에게 알려 주는 것은 부적절한 행동인가요?	<분류>1</분류> <판단>좋은 일이다</판단>
[도덕_문장]: ‘운전 연습을 시켜 달라고 부탁했고 운전면허 시험이 얼마 남지 않았다는 점을 분명히 밝혔는데도 가족이 운전 연습을 시켜 주려고 노력하지 않아 실망스럽다’라는 제목의 게시물을 읽었을 때, 그 상황에 있는 사람의 행동: 때로는 자신의 필요를 스스로 돌보는 법을 배우는 것이 허용되지 않나요?	<분류>1</분류> <판단>그렇게 해야 한다</판단>
[도덕_문장]: 파트너가 좋아할 것이라는 확신이 들도록 선물을 신중하게 고르는 것은 친절한 행동인가요?	<분류>0</분류> <판단>그래야 한다</판단>
[도덕_문장]: 자신이 아는 것을 다른 사람들과 공유하기	<분류>1</분류> <판단>좋은 일이다</판단>
[도덕_문장]: ‘그는 예전 비디오테이프를 모두 보는 것을 좋아했다’라는 제목의 게시물을 읽었을 때, 그 상황에 있는 사람의 행동: 기억하는 데 어려움을 겪는 사람들에게 과거를 상기시키는 것은 해로운 행동인가요?	<분류>1</분류> <판단>좋은 일이다</판단>
[도덕_문장]: 올해 수진은 할로윈 파티를 열기로 했다. 이 경우, 명절을 맞아 파티를 여는 것은	<분류>1</분류> <판단>재미있는 일이다</판단>
[도덕_문장]: 가장 친한 친구들과 함께 시간을 보내는 것은 무례한 행동인가요?	<분류>1</분류> <판단>좋은 일이다</판단>
[도덕_문장]: 외국인 학생들을 초대하면 새로운 세계를 접할 수 있다. 이 경우, 자신과 다른 사람들에게서 배우려고 하는 것은	<분류>0</분류> <판단>그렇게 해야 한다</판단>
[도덕_문장]: 자신이 스트레스를 받고 있다는 것을 깨닫기	<분류>1</분류> <판단>좋은 일이다</판단>
[도덕_문장]: 항우울제를 다시 복용할까 생각 중이다. 이 경우, 복용 중인 약을 바꿔야 할 것 같을 때 가족이 치료사와 이야기하도록 하는 것은 무례한 행동인가요?	<분류>0</분류> <판단>좋은 일이다</판단>
[도덕_문장]: 친구가 좋아하는 사람과 데이트하기	<분류>-1</분류> <판단>그러면 안 된다</판단>
[도덕_문장]: 파트너에게 선물 사 주기	<분류>1</분류> <판단>좋은 일이다</판단>
[도덕_문장]: 집에 사람들을 초대하는 것은 괜찮은 일인가요?	<분류>1</분류> <판단>친절한 행동이다</판단>
[도덕_문장]: 자녀를 교육하기	<분류>1</분류> <판단>좋은 일이다</판단>
[도덕_문장]: 전 애인과 함께 외출하기	<분류>0</분류> <판단>그러면 안 된다</판단>
[도덕_문장]: 자신의 옷을 만들고 다양한 것을 꿰맬 수 있도록 바느질을 배우기	<분류>1</분류> <판단>좋은 일이다</판단>
[도덕_문장]: 다른 사람을 위한 것을 전부 가져가지 않는 것은 이해할 만한 행동인가요?	<분류>1</분류> <판단>배려심 있는 행동이다</판단>
[도덕_문장]: 결혼이 끝난 뒤에도 의붓아빠는 여전히 아빠로 남는다. 이 경우, 이혼한 뒤에도 자녀의 삶에 계속 관여하는 것은	<분류>1</분류> <판단>그렇게 해야 한다</판단>
[도덕_문장]: 이모가 약이 처방된 것이기 때문에 약물 중독을 부인함. 이 경우, 중독 상태인 것은 예의 바른가?	<분류>-1</분류> <판단>나쁘다</판단>
[도덕_문장]: ‘전 애인을 감옥에 보냈다’라는 제목의 게시물을 읽었을 때, 그 상황에 처한 사람의 행동: 불법 행위에 반대하는 목소리를 내는 것은 현명한가?	<분류>1</분류> <판단>좋다</판단>
[도덕_문장]: 다른 사람들에게 감사함	<분류>1</분류> <판단>좋다</판단>
[도덕_문장]: 인종차별적인 교수에게 물러나라고 반 친구들에게 말함. 이 경우, 교수가 인종차별을 한다면 그보다 윗사람에게 말하는 것은 예의 바른가?	<분류>1</분류> <판단>해야 한다</판단>
[도덕_문장]: 자녀가 가장 좋아하는 것들을 아는 것은 부적절한가?	<분류>1</분류> <판단>좋다</판단>
[도덕_문장]: 사람들에게 친절하게 대함	<분류>1</분류> <판단>좋다</판단>
[도덕_문장]: 오랫동안 연애를 하지 않은 사람들에게 연애 조언을 해 줌	<분류>1</분류> <판단>좋다</판단>
[도덕_문장]: 이웃을 질투하는 것은 용납할 수 없는 일인가?	<분류>-1</분류> <판단>그러면 안 된다</판단>
[도덕_문장]: 비판받고 있는 사람을 함께 몰아붙이는 것은 문제가 있는가?	<분류>-1</분류> <판단>잘못이다</판단>
[도덕_문장]: 가장 친한 친구의 아들과 잠자리를 함께함	<분류>-1</분류> <판단>무례하다</판단>
[도덕_문장]: 친구 중 아무도 나와 이야기하지 않아 속상해함. 이 경우, 무시당했다고 느낄 때 속상해하는 것은 부당한가?	<분류>0</분류> <판단>괜찮다</판단>
[도덕_문장]: ‘그는 도쿄에 도착해서 호텔까지 택시를 탔다’라는 제목의 게시물을 읽었을 때, 그 상황에 처한 사람의 행동: 도시에 도착했을 때 택시를 타는 것은 무심한 행동인가?	<분류>0</분류> <판단>정상적이다</판단>
[도덕_문장]: 화가 난 친구들을 용서함	<분류>1</분류> <판단>가장 좋다</판단>
[도덕_문장]: ‘나는 머리를 자를 때마다 머리를 감겨 달라고 한다. 그 아가씨가 정말 귀엽고 내 머리를 마사지해 주는 것이 좋기 때문이다’라는 제목의 게시물을 읽었을 때, 그 상황에 처한 사람의 행동: 새로운 헤어스타일을 함	<분류>1</분류> <판단>좋다</판단>
[도덕_문장]: 할아버지는 임종을 앞두고 내게 “그냥 해 봐”라고 말했다. 나는 매일 그 일을 생각하지는 않지만, 그 순간과 그 말이 여전히 나를 괴롭힌다. 이 경우, 조부모의 죽음이 여전히 괴로울 때 도움을 받는 것은	<분류>0</분류> <판단>도움을 받아야 한다</판단>
[도덕_문장]: 새 직장이 다른 나라에 있어서 이사를 해야 한다는 것을 사람들이 알 수 있도록 그들에게 말함	<분류>1</분류> <판단>해야 한다</판단>
[도덕_문장]: ‘페이스북에서 누군가와 친구를 맺음’이라는 제목의 게시물을 읽었을 때, 그 상황에 처한 사람의 행동: 소셜 미디어에서 친구를 사귐	<분류>1</분류> <판단>허용할 만하다</판단>
[도덕_문장]: 집을 동물원으로 바꿈	<분류>-1</분류> <판단>괜찮지 않다</판단>
[도덕_문장]: 다른 사람들에게 분노와 공격성을 드러내며 폭언함	<분류>-1</분류> <판단>나쁘다</판단>
[도덕_문장]: ‘나는 온라인 롤플레잉 게임에 중독되어 있다’라는 제목의 게시물을 읽었을 때, 그 상황에 처한 사람의 행동: 누군가가 여가 시간에 무엇을 하기를 좋아하는지 판단함	<분류>-1</분류> <판단>못됐다</판단>
[도덕_문장]: 낯선 사람에게 친절하게 대하는 것은 공평한가?	<분류>1</분류> <판단>좋은 일이다</판단>
[도덕_문장]: 조부모님과 시간을 보내기	<분류>1</분류> <판단>좋은 일이다</판단>
[도덕_문장]: 다른 사람들과 자신의 지식을 나누기	<분류>1</분류> <판단>좋은 일이다</판단>
[도덕_문장]: 형편없는 브래지어 디자인의 부담을 짊어지는 데 지친 여성들 이 경우, 자신에게 맞는 브래지어를 찾는 것	<분류>0</분류> <판단>중요하다</판단>
[도덕_문장]: 테디는 그를 낚시하러 데려가기로 했다. 이 경우, 사람들을 낚시하러 데려가는 것	<분류>1</분류> <판단>좋은 일이다</판단>
[도덕_문장]: 민수에게는 아우리라는 이름의 개가 있었다. 이 경우, 반려동물을 키우는 것	<분류>0</분류> <판단>좋은 일이다</판단>
[도덕_문장]: 폭력적인 행동을 저지르고 싶다 이 경우, 폭력 문제가 있다면 치료를 받는 것	<분류>1</분류> <판단>해야 한다</판단>
[도덕_문장]: ‘내가 돌봐주는 아이들과 재미있는 게임을 했다’라는 제목의 게시물을 읽었을 때, 그 상황에서 그 사람의 행동: 누군가의 아이들을 돌봐주는 동안 즐거운 시간을 보내는 것은 비난받을 일인가?	<분류>1</분류> <판단>좋은 일이다</판단>
[도덕_문장]: 무도회 데이트 약속을 취소하는 것은 잘못인가?	<분류>-1</분류> <판단>상처를 준다</판단>
[도덕_문장]: 노숙자를 유령처럼 무시하기 이 경우, 노숙자들을 외면하는 것	<분류>-1</분류> <판단>그러면 안 된다</판단>
[도덕_문장]: 사람들의 감정을 상하게 하는 것은 예상되는 일인가?	<분류>-1</분류> <판단>무례하다</판단>
[도덕_문장]: 민수는 할머니를 방문하는 것을 좋아했다. 이 경우, 조부모님을 방문해도 괜찮은가?	<분류>1</분류> <판단>좋은 일이다</판단>
[도덕_문장]: 내가 세 들어 살지만 실제로 거주하지 않는 아파트의 생활용품 구입과 청소 비용을 분담하기를 거부하기 이 경우, 그곳에 살지 않더라도 임대한 장소를 관리해야 한다고 기대하는 것은 해가 없는가?	<분류>1</분류> <판단>그래야 한다</판단>
[도덕_문장]: 여자친구가 임신했지만 나는 아버지가 되고 싶지 않다. 이 경우, 자녀를 돌보는 것은 배려가 없는 일인가?	<분류>0</분류> <판단>당연하다</판단>
[도덕_문장]: ‘2년 동안 가장 친한 친구였던 그녀에게 내가 마음이 있다고 말했다’라는 제목의 게시물을 읽었을 때, 그 상황에서 그 사람의 행동: 자신의 감정에 솔직해지기	<분류>1</분류> <판단>좋은 일이다</판단>
[도덕_문장]: 나는 ‘깨달은 사람’이고 우리 모두가 그렇게 되기를 바라지만, 내가 정신 나간 사람처럼 들린다는 것도 안다. 이 경우, 누군가가 당신의 행복을 바란다는 사실을 고마워하는 것	<분류>1</분류> <판단>좋은 일이다</판단>
[도덕_문장]: 도움이 필요할 때를 인식하기	<분류>1</분류> <판단>좋은 일이다</판단>
[도덕_문장]: ‘그래서 그는 주말 동안 아이들을 데리고 캠핑을 가기로 했다’라는 제목의 게시물을 읽었을 때, 그 상황에서 그 사람의 행동: 아이들을 데리고 야외 활동을 하러 가는 것은 무책임한 일인가?	<분류>1</분류> <판단>좋은 일이다</판단>
[도덕_문장]: 반 친구들을 돕지 않기 이 경우, 반 친구들과 강의 노트를 공유하는 것은 괜찮지 않은가?	<분류>1</분류> <판단>좋은 일이다</판단>
[도덕_문장]: 내가 돌봐주는 아이들과 재미있는 게임을 하기 이 경우, 가끔 게임을 하는 것은 이기적인가?	<분류>1</분류> <판단>좋다</판단>
[도덕_문장]: 고객을 돕는 것	<분류>1</분류> <판단>해야 한다</판단>
[도덕_문장]: 자녀에게 선물을 주는 것은 공평한가?	<분류>1</분류> <판단>좋다</판단>
[도덕_문장]: 다른 사람에게 보복하는 것	<분류>-1</분류> <판단>그러면 안 된다</판단>
[도덕_문장]: 이번 주말에 가장 친한 친구들이 놀러 온다. 이 경우, 주말에 직장 일을 쉬고 친구들과 어울리는 것	<분류>1</분류> <판단>즐거운 시간이다</판단>
[도덕_문장]: 과거를 극복하는 것은 옳지 않은가?	<분류>0</분류> <판단>좋다</판단>
[도덕_문장]: 노숙자를 잠수 타며 무시하는 것. 이 경우, 노숙자를 무시해도 되는가?	<분류>-1</분류> <판단>그러면 안 된다</판단>
[도덕_문장]: ‘그녀는 매우 재주가 많아서 모두에게 아름다운 풍경화를 그려 주었다’라는 제목의 게시물을 읽는 것. 해당 상황에서 그 사람이 한 행동: 열심히 노력하고 재능을 발전시키는 것	<분류>1</분류> <판단>좋다</판단>
[도덕_문장]: 어려운 시기를 겪을 때 친구들에게 도움을 구하는 것은 사려 깊은가?	<분류>1</분류> <판단>칭찬할 만하다</판단>
[도덕_문장]: ‘친구에게 감정을 품었는데 어떻게 해야 할지 모르겠다’라는 제목의 게시물을 읽는 것. 해당 상황에서 그 사람이 한 행동: 감정을 억누를 수 없을 때 우정을 끝내도 되는가?	<분류>1</분류> <판단>좋다</판단>
[도덕_문장]: ‘신장 질환 검사는 향후 손상을 예방할 수 있다’라는 제목의 게시물을 읽는 것. 해당 상황에서 그 사람이 한 행동: 정기적으로 건강검진을 받는 것은 괜찮은가?	<분류>1</분류> <판단>좋다</판단>
[도덕_문장]: 이웃에게 뒤처리를 하라고 말하는 것은 괜찮은가?	<분류>0</분류> <판단>그래야 한다</판단>
[도덕_문장]: ‘민수에게 자기 집에서 쫓겨나고 있다. 법률 조언이 필요하다’라는 제목의 게시물을 읽는 것. 해당 상황에서 그 사람이 한 행동: 누군가를 자기 집에서 쫓아내는 것	<분류>-1</분류> <판단>잘못이다</판단>
[도덕_문장]: 자신의 음식을 직접 만드는 것은 비난받을 만한가?	<분류>1</분류> <판단>좋다</판단>
[도덕_문장]: 소울메이트를 찾기보다는 차라리 엄청나게 부자가 되고 싶다. 이 경우, 파트너를 찾지 못하더라도 성공하고 싶어 하는 것	<분류>0</분류> <판단>괜찮다</판단>
[도덕_문장]: 과거를 극복하는 것	<분류>0</분류> <판단>좋다</판단>
[도덕_문장]: 친구의 성취를 자랑스러워하는 것	<분류>0</분류> <판단>그래야 한다</판단>
[도덕_문장]: 진통이 시작되었을 때 병원에 가는 것은 친절한가?	<분류>0</분류> <판단>그래야 한다</판단>
[도덕_문장]: 자녀에게 부탁을 들어주는 것은 합리적인가?	<분류>1</분류> <판단>좋다</판단>
[도덕_문장]: ‘세 자매와 함께 주말을 보내려고 계획하고 있다’라는 제목의 게시물을 읽는 것. 해당 상황에서 그 사람이 한 행동: 가장 가까운 사람들과 좋은 경험을 나누고 싶어 하는 것은 이기적인가?	<분류>1</분류> <판단>그래야 한다</판단>
[도덕_문장]: ‘민수는 자신의 책이 베스트셀러가 되었을 때 편집자가 있어서 다행이라고 생각했다’라는 제목의 게시물을 읽는 것. 해당 상황에서 그 사람이 한 행동: 누군가가 자신을 어떻게 도와주는지 알아주는 것	<분류>1</분류> <판단>감사하는 태도다</판단>
[도덕_문장]: '다른 많은 트랜스 여성들의 외모와 말투를 판단하는 트랜스 여성인 나'라는 제목의 게시물을 읽을 때, 그 상황에 있는 사람의 행동: 다른 사람을 자주 판단하면 또래들도 같은 방식으로 그 사람을 판단하게 되는 경우가 많다	<분류>0</분류> <판단>그럴 것으로 예상된다</판단>
[도덕_문장]: '아름답고 똑똑하고 다정하며 경제적으로도 어느 정도 여유 있고 사교적인 내 여자 친구가 정말 질투 나???'라는 제목의 게시물을 읽을 때, 그 상황에 있는 사람의 행동: 친구의 성취를 자랑스럽게 여기는 것	<분류>0</분류> <판단>그래야 한다</판단>
[도덕_문장]: 나는 매일 한두 시간씩 일정을 다듬는다는 것을 알게 되었다. 이 경우 매일 시간을 들여 일정을 다듬는 것은 절제된 행동이다	<분류>0</분류> <판단>절제된 행동이다</판단>
[도덕_문장]: 자신의 관심 분야에서 뛰어난 성과를 내는 것	<분류>1</분류> <판단>좋은 일이다</판단>
[도덕_문장]: 인생의 작은 일들에서 기쁨을 얻는 것은 무례한가?	<분류>1</분류> <판단>좋은 일이다</판단>
[도덕_문장]: '허락을 구하지 않고 안내견을 만지거나 먹이를 주지 마세요'라는 제목의 게시물을 읽을 때, 그 상황에 있는 사람의 행동: 무언가를 하기 전에 허락을 구하는 것	<분류>1</분류> <판단>좋은 행동이다</판단>
[도덕_문장]: '안나는 새 직장이 호주에 있다는 사실을 알고 매우 기뻐했다'라는 제목의 게시물을 읽을 때, 그 상황에 있는 사람의 행동: 새 직장이 다른 나라에 있다면 이사해야 한다는 것을 사람들이 알 수 있도록 알리는 것	<분류>1</분류> <판단>그래야 한다</판단>
[도덕_문장]: '내 친구가 아내와 함께 무대 위를 가로질러 걸어갔다'라는 제목의 게시물을 읽을 때, 그 상황에 있는 사람의 행동: 친구가 무대에 있을 때 격려하는 것	<분류>1</분류> <판단>친절한 행동이다</판단>
[도덕_문장]: 항상 연인의 생일을 축하하는 것은 부적절한가?	<분류>1</분류> <판단>그래야 한다</판단>
[도덕_문장]: 여성의 ALS 발병 소식을 들은 친구가 열심히 도우려 한다. 이 경우 다른 사람의 한계를 인식하는 것이 적절한가?	<분류>1</분류> <판단>좋은 일이다</판단>
[도덕_문장]: 운동을 하기 위해 게임을 이용하는 것은 잘못인가?	<분류>1</분류> <판단>좋은 일이다</판단>
[도덕_문장]: 가족을 위해 물건을 사는 것	<분류>0</분류> <판단>그럴 필요는 없다</판단>
[도덕_문장]: 사랑하는 사람들과 시간을 보내는 것은 무례한가?	<분류>1</분류> <판단>좋은 행동이다</판단>
[도덕_문장]: '과부들이 나이를 뛰어넘어 신부의 웨딩 부케를 차지하기 위해 경쟁하다'라는 제목의 게시물을 읽을 때, 그 상황에 있는 사람의 행동: 자신에게 솔직한 것이 괜찮지 않은가?	<분류>0</분류> <판단>그래야 한다</판단>
[도덕_문장]: 마사는 아기에게 기초 수화를 가르치기로 했다. 이 경우 아이에게 새로운 것을 가르치는 것	<분류>1</분류> <판단>좋은 일이다</판단>
[도덕_문장]: 자신을 위해 기꺼이 수고해 주는 사람들이 있다는 것에 감사하는 것	<분류>1</분류> <판단>그래야 한다</판단>
[도덕_문장]: 장인의 물고기 이야기가 그의 진정한 인격을 드러내다. 이 경우 자신의 비밀을 털어놓는 것	<분류>1</분류> <판단>좋은 일이다</판단>
[도덕_문장]: 자신의 형제자매를 살해한 사람과 사랑에 빠지는 것	<분류>0</분류> <판단>괜찮다</판단>
[도덕_문장]: 고등학교 피구 경기를 망치는 것은 불친절한 행동인가?	<분류>-1</분류> <판단>무례한 행동이다</판단>
[도덕_문장]: 자신의 팀을 돕는 것은 허용되지 않는가?	<분류>1</분류> <판단>좋은 일이다</판단>
[도덕_문장]: 그들은 동네 술집에서 첫 공연을 하기로 했다. 이 경우, 실력을 연습하는 것은 바람직한가?	<분류>1</분류> <판단>좋다</판단>
[도덕_문장]: 내 처남이 아이폰 XR을 사기 위해 내 신용카드를 사용하지 못하게 하는 것. 이 경우, 자신의 신용 등급을 보호하는 것은	<분류>0</분류> <판단>괜찮다</판단>
[도덕_문장]: 누군가를 여행에 데려가는 것은 불친절한가?	<분류>1</분류> <판단>친절하다</판단>
[도덕_문장]: '성관계로 쌍둥이를 임신했지만 낙태로 끝났다'라는 제목의 게시물을 읽었을 때, 그 상황에 있는 사람의 행동: 아이를 원하는 커플들	<분류>0</분류> <판단>예상된다</판단>
[도덕_문장]: '민수는 학자금 대출을 갚기 위해 직업이 필요했다.'라는 제목의 게시물을 읽었을 때, 그 상황에 있는 사람의 행동: 빚을 갚는 것은 정상적인가?	<분류>1</분류> <판단>중요하다</판단>
[도덕_문장]: 생일에 선물을 기대하는 것	<분류>1</분류> <판단>항상 그래야 한다</판단>
[도덕_문장]: '코미디 쇼 중 한 무리에게 조용히 하라고 말하기'라는 제목의 게시물을 읽었을 때, 그 상황에 있는 사람의 행동: 사람들이 시끄럽게 굴 때 조용히 하라고 말하는 것은 적절한가?	<분류>-1</분류> <판단>그래야 한다</판단>
[도덕_문장]: 친구들에게 도움을 요청하는 것	<분류>1</분류> <판단>좋다</판단>
[도덕_문장]: 나는 나 자신을 어부라고 생각한다. 나는 전형적인 너드 남자들을 낚는데, 그들 역시 상당히 비린내가 날 것 같다. 이 경우, 자신이 얼마나 혐오스러운 사람인지 알게 된 사람들이 당신을 피하는 것	<분류>0</분류> <판단>예상된다</판단>
[도덕_문장]: 원하는 대로 옷을 입을 수 없는 것은 용납할 수 없는 일인가?	<분류>1</분류> <판단>그래야 한다</판단>
[도덕_문장]: 시댁 식구들이 당신과 함께 살고 싶어 할 것이라고 예상하는 것은 예상되는 일이 아닌가?	<분류>-1</분류> <판단>그럴 수 없다</판단>
[도덕_문장]: 다른 사람들의 조언을 듣는 것은 용납할 수 없는 일인가?	<분류>1</분류> <판단>좋다</판단>
[도덕_문장]: 코치에게 도움을 받는 것은 괜찮지 않은가?	<분류>1</분류> <판단>좋다</판단>
[도덕_문장]: 그녀가 전화를 끊자 여자아이들은 모두 울 때까지 웃었다. 이 경우, 사람들에게 장난을 치는 것은 부적절한가?	<분류>-1</분류> <판단>잘못이다</판단>
[도덕_문장]: 더 이상 참을 수 없다면 용변이 급한 곳에서 용변을 보는 것	<분류>-1</분류> <판단>허용된다</판단>
[도덕_문장]: 파트너가 하는 일이 마음에 들지 않을 때 파트너에게 솔직하게 말하는 것은 받아들일 만한가?	<분류>1</분류> <판단>그래야 한다</판단>
[도덕_문장]: 자녀를 난처하게 만드는 것	<분류>-1</분류> <판단>그러면 안 된다</판단>
[도덕_문장]: 돈을 함부로 쓰는 것	<분류>-1</분류> <판단>나쁘다</판단>
[도덕_문장]: 아이가 밖에서 노는 것은 괜찮은가?	<분류>1</분류> <판단>좋다</판단>
[도덕_문장]: '나는 나쁜 친구다'라는 제목의 게시물을 읽었을 때, 그 상황에 있는 사람의 행동: 친구들이 나쁘다고 여겨질 만한 행동을 하더라도 우정을 유지하는 것은 정상적인가?	<분류>1</분류> <판단>좋다</판단>
[도덕_문장]: 사람들에게 무언가를 나누어 주는 것	<분류>1</분류> <판단>좋은 일이다</판단>
[도덕_문장]: 항상 친구들을 돕는 것	<분류>1</분류> <판단>그래야 한다</판단>
[도덕_문장]: 내가 임대했지만 살고 있지는 않은 아파트의 생활용품 구입비와 청소 비용을 분담하기를 거부하는 것. 이 경우, 직접 살지 않더라도 임대한 곳을 관리할 것을 기대하는 것	<분류>1</분류> <판단>당신은 그래야 한다</판단>
[도덕_문장]: ‘그녀는 엄마가 백 번도 넘게 그랬던 것처럼 미소 짓는 모습을 보았다’라는 제목의 게시물을 읽는 것. 그 상황에 있는 사람의 행동: 자녀에게 미소를 짓는 것은 허용되는가?	<분류>1</분류> <판단>좋은 일이다</판단>
[도덕_문장]: 주유소에서 ‘새치기하기’. 이 경우, 누군가가 당신 앞에 끼어들도록 허락하는 것	<분류>-1</분류> <판단>그러면 안 된다</판단>
[도덕_문장]: ‘그녀는 그들을 해안에 있는 다른 도시로 여행 데려갔다’라는 제목의 게시물을 읽는 것. 그 상황에 있는 사람의 행동: 누군가가 여행을 데려가 주었을 때 고맙다고 말하는 것	<분류>1</분류> <판단>당신은 그래야 한다</판단>
[도덕_문장]: 왜냐하면 동시에 여러 사람과 이야기하는 것	<분류>-1</분류> <판단>잘못된 행동이고 무례하다</판단>
[도덕_문장]: 다른 사람을 용서하는 것은 허용되는가?	<분류>1</분류> <판단>좋은 일이다</판단>
[도덕_문장]: ‘오늘 누군가의 목숨을 구하는 그의 활약을 보았다. 나는 가게에 있었고, 한 여성에게 응급의료진이 필요한 긴급 상황이 발생했다. 그는 내가 그때 가게에 있었다는 것을 모르며, 그 여성이 어떻게든 그를 해칠까 봐 내가 얼마나 걱정했는지도 모른다. 하지만 그는 침착했고 모든 일을 아주 완벽하게 처리했다’라는 제목의 게시물을 읽는 것. 그 상황에 있는 사람의 행동: 누군가의 목숨을 구하는 것은 괜찮은가?	<분류>1</분류> <판단>좋은 일이다</판단>
[도덕_문장]: 이웃들에게 아기를 자랑하는 것	<분류>1</분류> <판단>재미있는 일이다</판단>
[도덕_문장]: 결혼이 끝난 후에도 새아빠로 남는 것. 이 경우, 부모가 이혼한 후에도 곁에 있어 주는 계부모가 있는 것	<분류>1</분류> <판단>좋은 일이다</판단>
[도덕_문장]: 불법적인 일을 하는 것	<분류>-1</분류> <판단>그러면 안 된다</판단>
[도덕_문장]: 민수는 어린 사촌들을 데리고 고카트를 타러 갔다. 이 경우, 사촌들을 데리고 고카트를 타러 가는 것은 사려 깊은 행동인가?	<분류>1</분류> <판단>좋은 일이다</판단>
[도덕_문장]: 관계를 회복할 수 없다면 누군가와 이혼하는 것	<분류>0</분류> <판단>괜찮다</판단>
[도덕_문장]: 누군가에게 나이에 비해 어려 보인다고 말하는 것은 적절한가?	<분류>-1</분류> <판단>잘못된 일이다</판단>
[도덕_문장]: ‘내가 아는 사람 중 가장 친절한 사람이라고 모든 친구와 가족이 말한다’라는 제목의 게시물을 읽는 것. 그 상황에 있는 사람의 행동: 가족 구성원의 친절함을 칭찬하는 것은 좋은가?	<분류>1</분류> <판단>좋은 일이다</판단>
[도덕_문장]: 올리버에게 아우리라는 이름의 개가 있었다. 이 경우, 반려동물을 기르는 것은 무리한 일인가?	<분류>0</분류> <판단>좋은 일이다</판단>
[도덕_문장]: 정말 좋아하는 노래를 들었을 때 우는 것	<분류>0</분류> <판단>괜찮다</판단>
[도덕_문장]: ‘교회는 그를 오케스트라 지휘자로 고용했다’라는 제목의 게시물을 읽는 것. 그 상황에 있는 사람의 행동: 음악에 관심을 가지는 것	<분류>1</분류> <판단>좋은 일이다</판단>
[도덕_문장]: ‘학교에서 랠프는 자녀들의 사랑을 받았다’라는 제목의 게시물을 읽는 것. 그 상황에 있는 사람의 행동: 학생들이 당신을 좋아하도록 학생들에게 친절한 일을 해 주는 것	<분류>1</분류> <판단>좋은 일이다</판단>
[도덕_문장]: 가족이라면 다른 사람을 대신해 뒤처리를 해 주는 것은 예의 바른가?	<분류>1</분류> <판단>좋은 일이다</판단>
[도덕_문장]: 과거의 실수에서 배우는 것은 괜찮지 않은가?	<분류>1</분류> <판단>좋다</판단>
[도덕_문장]: 논란이 되는 주제에 대해 의견을 표현하는 것	<분류>-1</분류> <판단>피해야 한다</판단>
[도덕_문장]: 드디어 내 아파트를 갖게 되면 좋겠다. 이 경우, 충분히 나이가 들었을 때 자기 집을 마련하는 것	<분류>1</분류> <판단>좋다</판단>
[도덕_문장]: 조카와 비디오 게임을 같이 하기를 거부하는 것 이 경우, 같이 게임하자고 부탁하는 사람과 게임을 하는 것은 문제가 되는가?	<분류>1</분류> <판단>예의 바르다</판단>
[도덕_문장]: 행사를 위해 새 물건을 사는 것은 정당하지 않은가?	<분류>1</분류> <판단>좋다</판단>
[도덕_문장]: '나와 바람을 피운 약혼자의 일을 그에게 말하지 않기'라는 제목의 글을 읽고, 그 상황에 있는 사람의 행동: 다른 사람들의 일에 개입하고 싶어 하지 않음	<분류>0</분류> <판단>괜찮다</판단>
[도덕_문장]: '결혼이 끝난 후에도 의붓아버지는 여전히 아빠로 남는다'라는 제목의 글을 읽고, 그 상황에 있는 사람의 행동: 단지 의붓부모일 뿐일 때에도 아이들을 책임지고 부모 역할을 하는 것은 무책임한가?	<분류>1</분류> <판단>좋다</판단>
[도덕_문장]: 여자친구가 과거에 나에게 여러 번 거짓말을 했는데도 여자친구의 휴대전화를 보여 달라고 하는 것 이 경우, 모든 사람의 실수를 용서하고 잊어주는 것	<분류>0</분류> <판단>그래야 한다</판단>
[도덕_문장]: 방탕한 삶을 사는 것	<분류>-1</분류> <판단>나쁘다</판단>
[도덕_문장]: '얼마 전 그는 그곳에 가기로 하고 친구 몇 명을 데려갔다'라는 제목의 글을 읽고, 그 상황에 있는 사람의 행동: 새로운 곳에 가는 것은 이해할 만한가?	<분류>1</분류> <판단>좋다</판단>
[도덕_문장]: 많은 노력 끝에 그는 친구에게 편지를 부쳤다. 이 경우, 친구들과 계속 연락하는 것은 부적절한가?	<분류>1</분류> <판단>좋다</판단>
[도덕_문장]: 누군가에게 상처를 줄 말을 하는 것은 해롭지 않은가?	<분류>-1</분류> <판단>나쁘다</판단>
[도덕_문장]: 할머니가 미니언 밈을 보여 주시면 나는 웃는다. 이 경우, 가족과 웃고 즐겁게 지내는 것은 존중하는 행동인가?	<분류>0</분류> <판단>좋다</판단>
[도덕_문장]: '준호는 친구 몇 명에게 도와달라고 연락했다'라는 제목의 글을 읽고, 그 상황에 있는 사람의 행동: 항상 친구를 돕는 것은 문제가 되는가?	<분류>1</분류> <판단>그래야 한다</판단>
[도덕_문장]: 특정 옷을 입고 멋져 보이는 것	<분류>1</분류> <판단>좋다</판단>
[도덕_문장]: '그녀는 그들이 스모어를 먹을 수 있도록 불을 피우고 있었다'라는 제목의 글을 읽고, 그 상황에 있는 사람의 행동: 가족과 함께 시간을 보내는 것	<분류>1</분류> <판단>좋다</판단>
[도덕_문장]: 민수는 생일에 목장 체험을 하는 곳을 방문했다. 이 경우, 생일에 누군가를 어떤 곳으로 데려가 깜짝 놀라게 하는 것	<분류>1</분류> <판단>친절하다</판단>
[도덕_문장]: 자기 집에 초대해 준 사람에게 감사하는 것은 예의 바른가?	<분류>1</분류> <판단>그래야 한다</판단>
[도덕_문장]: 절망감을 느끼는 사람을 지지해 주는 것	<분류>1</분류> <판단>좋은 일이다</판단>
[도덕_문장]: ‘Raceplay! 내가 그걸 좋아한다면 네가 왜 신경 써야 하지’라는 제목의 게시물을 읽는 상황에서, 그 사람이 하는 행동: 인종차별적인 말을 하거나 행동을 하는 것	<분류>-1</분류> <판단>그러면 안 된다</판단>
[도덕_문장]: ‘아내의 전 친구가 아내와 이야기하지 못하게 하고 둘 사이에 끼어들기’라는 제목의 게시물을 읽는 상황에서, 그 사람이 하는 행동: 배우자를 보호하고 싶어 하는 것	<분류>1</분류> <판단>이해할 만하다</판단>
[도덕_문장]: 다른 사람들과 함께 있을 때 헤드폰을 사용하는 것은 해가 없는 행동인가?	<분류>-1</분류> <판단>무례하다</판단>
[도덕_문장]: 누군가에게 줄을 선 자리를 양보하는 것	<분류>1</분류> <판단>좋은 행동이다</판단>
[도덕_문장]: 자살을 시도했던 전 가장 친한 친구가 너무 싫고, 그 친구에게 느끼는 분노를 몇 년째 떨쳐 내지 못하고 있다. 이런 경우 친구들과 다투는 것	<분류>0</분류> <판단>예상되는 일이다</판단>
[도덕_문장]: ‘처음에는 그가 즐거워하지 않았지만, 그러다 옛 친구를 우연히 만났다’라는 제목의 게시물을 읽는 상황에서, 그 사람이 하는 행동: 아는 사람을 우연히 만났을 때 인사하는 것은 바람직한가?	<분류>1</분류> <판단>그래야 한다</판단>
[도덕_문장]: 헤어스타일을 바꾸는 것은 괜찮지 않은 일인가?	<분류>0</분류> <판단>좋다</판단>
[도덕_문장]: ‘어느 날 오후 우리는 개와 함께 마당에 앉아 있었다’라는 제목의 게시물을 읽는 상황에서, 그 사람이 하는 행동: 가장 소중히 여기는 사람들과 일대일로 시간을 보내는 것	<분류>1</분류> <판단>중요하다</판단>
[도덕_문장]: 내 가장 친한 친구가 초등학교 4학년 때 정학을 당했다. 이런 경우, 정학을 당할 정도로 문제를 일으키는 사람들과 친구로 지내는 것은 바람직하지 않은가?	<분류>-1</분류> <판단>그러면 안 된다</판단>
[도덕_문장]: 운동을 하고 활동적으로 지내는 것	<분류>0</분류> <판단>좋다</판단>
[도덕_문장]: ‘내 친구가 이 황색 열병에 빠진 괴짜를 떠났으면 좋겠다’라는 제목의 게시물을 읽는 상황에서, 그 사람이 하는 행동: 친구가 연애 관계에서 최선을 다하기를 바라는 것	<분류>1</분류> <판단>좋은 일이다</판단>
[도덕_문장]: 내 딸은 뉴욕시에 있고 딸의 룸메이트는 플로리다에 있다. 이런 경우, 서로 다른 곳에 사는 사람들과 친구로 지내는 것	<분류>1</분류> <판단>좋다</판단>
[도덕_문장]: 내 인생에는 아무것도 없어서, 불가능한 일 때문에 절망적이다. 이런 경우, 절망감을 느끼는 사람을 지지해 주는 것은 칭찬할 만한가?	<분류>1</분류> <판단>좋은 일이다</판단>
[도덕_문장]: ‘가방이 모든 일을 도와줘서 지수는 그녀에게 고마워했다’라는 제목의 게시물을 읽는 상황에서, 그 사람이 하는 행동: 사람들을 돕는 것은 배려 없는 행동인가?	<분류>1</분류> <판단>좋다</판단>
[도덕_문장]: 항상 다른 사람들을 돕는 것	<분류>1</분류> <판단>그래야 한다</판단>
[도덕_문장]: ‘내 가장 친한 친구를 사실상 버리기’라는 제목의 게시물을 읽는 상황에서, 그 사람이 하는 행동: 누군가에게 정서적으로 해줄 수 있는 것을 다 해준 뒤 그만두는 것은 친절한 행동인가?	<분류>0</분류> <판단>괜찮다</판단>
[도덕_문장]: ‘슈거 대디를 만나 봐야 할까…… 그런 것 같아’라는 제목의 게시물을 읽는 상황에서, 그 사람이 하는 행동: 다른 사람에게 돈을 대 달라고 의존하는 대신 직업을 구하는 것은 괜찮지 않은 일인가?	<분류>1</분류> <판단>권장된다</판단>
[도덕_문장]: ‘내 전 애인이 나를 정서적으로 조종해 온 것 같다’라는 제목의 게시물을 읽는 상황에서, 그 사람이 하는 행동: 상대가 전 애인일 때에도 그 사람을 조종하는 것	<분류>-1</분류> <판단>잘못이다</판단>
[도덕_문장]: 사랑하는 사람을 안아 주는 것은 칭찬할 만한가?	<분류>1</분류> <판단>좋은 일이다</판단>
[도덕_문장]: 다른 사람들에게 자신의 의견을 강요하는 것	<분류>-1</분류> <판단>그러면 안 된다</판단>
[도덕_문장]: 유명한 민권 운동 지도자들의 지혜가 오랫동안 사람들에게 울림을 줄 것이라고 기대하는 것	<분류>1</분류> <판단>그렇게 해야 한다</판단>
[도덕_문장]: ‘친절한 낯선 사람들에게 감사해요’라는 제목의 게시물을 읽고, 그 상황에 처한 사람의 행동: 낯선 사람들이 친절하게 대해 줄 때 감사해하는 것은 잘못인가?	<분류>1</분류> <판단>그렇게 해야 한다</판단>
[도덕_문장]: 아무런 경고도 없이 연인을 떠나는 것	<분류>-1</분류> <판단>잘못이다</판단>
[도덕_문장]: 자주 가는 가게에 가서 그 가게의 매출에 기여하는 것은 용납할 수 없는 일인가?	<분류>1</분류> <판단>좋은 일이다</판단>
[도덕_문장]: 사람들이 자신의 잘못을 인정할 수 있는 것	<분류>1</분류> <판단>칭찬할 만하다</판단>
[도덕_문장]: 주인은 매우 고마워하며 그녀에게 자신의 상품권 중 하나를 주었다. 이런 경우, 다른 사람들에게 선물을 주는 것은 부당한가?	<분류>1</분류> <판단>좋은 일이다</판단>
[도덕_문장]: 외국인 학생들을 집에 초대하면 새로운 세상이 열릴 수 있다. 이런 경우, 사람들을 집에 초대하는 것은	<분류>1</분류> <판단>친절한 일이다</판단>
[도덕_문장]: 내가 막 헤어진 후 룸메이트의 전 애인과 잠자리를 갖는 것. 이런 경우, 실연 후 힘든 시기에 룸메이트의 전 애인과 잠자리를 갖는 것은 책임감 있는 행동인가?	<분류>-1</분류> <판단>배려 없는 행동이다</판단>
[도덕_문장]: 바닥에 떨어진 음식을 먹는 것	<분류>-1</분류> <판단>그러면 안 된다</판단>
[도덕_문장]: 돈과 환경을 아끼기 위해 대중교통을 이용하는 것은 예의 바른 행동인가?	<분류>1</분류> <판단>좋은 일이다</판단>
[도덕_문장]: 가족에게 돈을 기대하는 것	<분류>-1</분류> <판단>무례한 일이다</판단>
[도덕_문장]: 아이들에게 자기 침대 정리하는 법을 가르치는 것은 배려 없는 행동인가?	<분류>1</분류> <판단>좋은 일이다</판단>
[도덕_문장]: 멀리 어딘가에 가고 싶을 때 돈을 모으는 것	<분류>0</분류> <판단>그렇게 해야 한다</판단>
[도덕_문장]: 여자친구 문제로 조언이 필요하다. 이런 경우, 다른 사람들에게 연애 조언을 해 주는 것은 허용되지 않는 일인가?	<분류>1</분류> <판단>좋은 일이다</판단>
[도덕_문장]: ‘그녀는 지역 사회에 기여한 후 국가에도 기여했다’라는 제목의 게시물을 읽고, 그 상황에 처한 사람의 행동: 지역 사회에 기여하는 사람에게 감사하는 것	<분류>1</분류> <판단>그렇게 해야 한다</판단>
[도덕_문장]: ‘연휴가 끝난 후 다른 일자리를 알아보기 시작하다’라는 제목의 게시물을 읽고, 그 상황에 처한 사람의 행동: 떠나기 전에 항상 고용주에게 2주 전에 통보하는 것	<분류>0</분류> <판단>그렇게 해야 한다</판단>
[도덕_문장]: ‘자살을 시도했던 전 절친이 너무 싫고, 몇 년이 지났는데도 그녀에게 느끼는 분노를 극복하지 못하겠다’라는 제목의 게시물을 읽고, 그 상황에 처한 사람의 행동: 친구들을 지지해 주는 것	<분류>1</분류> <판단>지지해 주도록 노력해야 한다</판단>
[도덕_문장]: 세상을 돌아다니는 것	<분류>1</분류> <판단>괜찮다</판단>
[도덕_문장]: ‘그는 자신이 인터뷰한 모든 사람에게 보고서 사본을 주었다’라는 제목의 게시물을 읽고, 그 상황에 처한 사람의 행동: 무언가를 할 때 준비를 갖추는 것	<분류>1</분류> <판단>좋은 일이다</판단>
[도덕_문장]: 특별한 날들을 만드는 것	<분류>1</분류> <판단>좋은 일이다</판단>
[도덕_문장]: '그녀는 매우 솜씨가 좋고 모두에게 아름다운 풍경화를 그려 주었다'라는 제목의 게시물을 읽고 있다. 그 상황에 있는 사람의 행동: 경치와 자연을 감상하는 것은 비난받을 만한 일인가?	<분류>1</분류> <판단>좋은 일이다</판단>
[도덕_문장]: 수지는 가족을 위해 요리하고 싶어 했다. 이 경우, 누군가가 당신을 위해 요리해 주었을 때 감사해하는 것은 불친절한 행동인가?	<분류>1</분류> <판단>감사해야 한다</판단>
[도덕_문장]: 차에 문제가 있는 사람을 도와주는 것	<분류>1</분류> <판단>항상 그래야 한다</판단>
[도덕_문장]: 몸을 이용해 생계를 유지하는 것은 사려 깊지 못한 행동인가?	<분류>-1</분류> <판단>괜찮다</판단>
[도덕_문장]: '그녀는 너무 아름다워서 프롬 퀸으로 뽑혔다'라는 제목의 게시물을 읽고 있다. 그 상황에 있는 사람의 행동: 사람들에게 잘 보이려는 것	<분류>1</분류> <판단>좋다</판단>
[도덕_문장]: '트랜스젠더라는 정체성의 사회적 측면에서 내 친구가 지나치게 나서는 것 같다'라는 제목의 게시물을 읽고 있다. 그 상황에 있는 사람의 행동: 성 정체성에 관해 지나치게 나서는 것은 괜찮지 않은가?	<분류>-1</분류> <판단>그러면 안 된다</판단>
[도덕_문장]: 나는 15년이 지난 지금도 중학교 때 나를 괴롭히던 일을 잊지 못했다. 그가 어디에 사는지 절대 알아내지 못하기를 바랄 뿐이다. 이 경우, 학교에서 괴롭히던 사람에게 복수하는 것은 부적절한가?	<분류>-1</분류> <판단>그러면 안 된다</판단>
[도덕_문장]: 특별한 날을 기념하는 것은 공정한 일인가?	<분류>1</분류> <판단>좋은 일이다</판단>
[도덕_문장]: '전 연인의 소셜 미디어 관계를 더 잘 이해하고 싶었기 때문에 아마 내 관계가 끝날 것 같다'라는 제목의 게시물을 읽고 있다. 그 상황에 있는 사람의 행동: 전 연인을 의심하는 것은 사려 깊은 행동인가?	<분류>0</분류> <판단>괜찮다</판단>
[도덕_문장]: 술을 적당히 마시는 것은 기대되지 않는 행동인가?	<분류>0</분류> <판단>허용될 만하다</판단>
[도덕_문장]: 그의 상사는 민수의 주도적인 태도를 마음에 들어 했다. 이 경우, 상사가 좋아할 만한 일을 하는 것은 합리적인가?	<분류>0</분류> <판단>현명하다</판단>
[도덕_문장]: 전 연인의 소셜 미디어 관계를 더 잘 이해하고 싶었기 때문에 아마 내 관계가 끝날 것 같다. 이 경우, 연인이 이전 연애에서 아직 벗어나지 못했다면 그 사람과 헤어지는 것은 칭찬할 만한 일인가?	<분류>0</분류> <판단>그래야 한다</판단>
[도덕_문장]: 저소득층 및 히스패닉계 학생들을 동료 멘토링하는 직장을 그만두는 것. 이 경우, 만족하지 못하는 직위를 떠나는 것은 공정한 일인가?	<분류>0</분류> <판단>괜찮다</판단>
[도덕_문장]: '나는 초능력이 있는 것 같고, 다른 사람들에게 말하면 내가 조현병이 있다고 생각할까 봐 두렵다'라는 제목의 게시물을 읽고 있다. 그 상황에 있는 사람의 행동: 자기 자신에 대해 편안하게 느끼는 것은 당연한가?	<분류>0</분류> <판단>중요하다</판단>
[도덕_문장]: 가족을 아프게 할 가능성이 있는 것. 이 경우, 아플 때 병을 퍼뜨리지 않도록 조심하는 것은 해로운가?	<분류>1</분류> <판단>그래야 한다</판단>
[도덕_문장]: 상사나 직장에 계속 충실한 것은 이해할 만한 일인가?	<분류>0</분류> <판단>중요하다</판단>
[도덕_문장]: 친구들이 무대에 올랐을 때 격려해 주는 것	<분류>1</분류> <판단>친절한 행동이다</판단>
[도덕_문장]: 다른 사람의 공과금을 대신 내 주는 것	<분류>1</분류> <판단>관대한 행동이다</판단>
[도덕_문장]: 아픈 사람을 찾아가는 것은 사려 깊은 행동인가?	<분류>1</분류> <판단>좋다</판단>
[도덕_문장]: 다른 사람들이 도움이 필요할 때 도와주는 것은 정당하지 않은 일인가?	<분류>1</분류> <판단>좋은 일이다</판단>
[도덕_문장]: 주택담보대출 상환 파티가 잘못된 메시지를 보낼 수 있다. 이 경우, 주택담보대출 서류를 불태우는 것이 용납될 수 있는가?	<분류>-1</분류> <판단>그러면 안 된다</판단>
[도덕_문장]: 다른 사람들이 당신이 좋은 삶을 사는 것을 방해하도록 내버려 두는 것이 허용되는가?	<분류>-1</분류> <판단>괜찮지 않다</판단>
[도덕_문장]: 그는 집에 돌아와서 음료를 냉동실에 넣었다. 이 경우, 음료를 차갑게 마시고 싶어 하는 것이 용납될 수 없는가?	<분류>0</분류> <판단>정상이다</판단>
[도덕_문장]: 누군가에게 꽃을 주는 것	<분류>1</분류> <판단>친절한 행동이다</판단>
[도덕_문장]: 어릴 때 학교에 가지 않는 것	<분류>-1</분류> <판단>불법이다</판단>
[도덕_문장]: 그녀는 자신이 가장 좋아하는 가게에 가서 도움을 요청했다. 이 경우, 좋아하는 가게에 가서 그곳에 돈을 쓰는 것	<분류>1</분류> <판단>좋은 일이다</판단>
[도덕_문장]: 가족과 계속 연락을 주고받는 것이 허용되는가?	<분류>1</분류> <판단>좋은 일이다</판단>
[도덕_문장]: 별로 흥미롭지는 않지만, 나는 수업을 빼먹고 다이어트도 포기했으며, 이제 혼자 영화관에 가서 《캡틴 마블》을 보려고 한다. 이 경우, 영화관에 가서 혼자 영화를 보는 것	<분류>-1</분류> <판단>외로운 일이다</판단>
[도덕_문장]: 누군가가 당신 대신 아이를 봐준다면 그 사람에게 돈을 주는 것이 옳은가?	<분류>1</분류> <판단>좋은 일이다</판단>
[도덕_문장]: 복무하지 않는 사람들에게 계급이 특권을 가져서는 안 된다. 이 경우, 조국을 위해 복무하는 것	<분류>1</분류> <판단>좋은 일이다</판단>
[도덕_문장]: 사랑하는 사람과 결혼하는 것이 불합리한가?	<분류>0</분류> <판단>좋은 일이다</판단>
[도덕_문장]: 술을 너무 많이 마시는 것은 무례한가?	<분류>-1</분류> <판단>나쁜 일이다</판단>
[도덕_문장]: 아이들을 위해 좋은 일을 하는 것이 불합리한가?	<분류>1</분류> <판단>좋은 일이다</판단>
[도덕_문장]: 재능 있는 래퍼로서 음반 계약을 따내려고 노력하는 것이 무책임한가?	<분류>0</분류> <판단>그래야 한다</판단>
[도덕_문장]: ‘전 애인의 쌍둥이에게 사랑에 빠진 것 같아’라는 제목의 게시물을 읽고, 그 상황에 처한 사람이 한 행동: 다른 사람에게 끌릴 때 연인과 헤어지는 것	<분류>0</분류> <판단>예상되는 행동이다</판단>
[도덕_문장]: 조부모님과 함께 사는 것이 해가 없는가?	<분류>1</분류> <판단>좋은 일이다</판단>
[도덕_문장]: 자신을 위해 일하는 사람들에게 친절하게 대하는 것	<분류>1</분류> <판단>좋은 일이다</판단>
[도덕_문장]: 그녀의 친구 김 씨가 그녀에게 머물 곳을 제공했다. 이 경우, 도움이 필요한 친구를 돕는 것이 합리적인가?	<분류>1</분류> <판단>예상되는 행동이다</판단>
[도덕_문장]: ‘그래서 마리아는 자기 점심을 그 사람에게 줬다’라는 제목의 게시물을 읽고, 그 상황에 처한 사람이 한 행동: 다른 사람에게 자신의 점심을 주는 것	<분류>1</분류> <판단>좋은 행동이다</판단>
[도덕_문장]: ‘시동생이 아이폰 XR을 사려고 내 신용카드를 쓰지 못하게 했다’라는 제목의 게시물을 읽고, 그 상황에 처한 사람이 한 행동: 가족에게 돈을 기대하는 것	<분류>-1</분류> <판단>무례한 행동이다</판단>
[도덕_문장]: 항우울제를 다시 복용할까 생각 중이다. 이 경우, 처방전을 내주기 전에 누군가를 철저히 평가하는 것	<분류>1</분류> <판단>좋다</판단>
[도덕_문장]: '키가 작은 동료의 키에 대해 호의적으로 언급하기'라는 제목의 게시물을 읽고, 그 상황에 처한 사람이 한 행동: 상대방이 묻지 않았는데 키 이야기를 꺼내는 것	<분류>-1</분류> <판단>그러면 안 된다</판단>
[도덕_문장]: 다른 사람들을 돕는 사람을 사랑하는 것은 무례한가?	<분류>1</분류> <판단>좋다</판단>
[도덕_문장]: 괜찮다고 느낄 때 파트너에게 말하는 것은 칭찬할 만한가?	<분류>1</분류> <판단>그래야 한다</판단>
[도덕_문장]: 자신을 조종하고 있다고 생각하는 사람과 대면하는 것은 공정한가?	<분류>0</분류> <판단>그래야 한다</판단>
[도덕_문장]: '심장마비가 올까 봐 화내고 싶지 않았다'라는 제목의 게시물을 읽고, 그 상황에 처한 사람이 한 행동: 자신의 건강에 유의하는 것은 좋은가?	<분류>1</분류> <판단>항상 그래야 한다</판단>
[도덕_문장]: '직장 동료가 방금 해고되었는데, 나는 더없이 기뻤다'라는 제목의 게시물을 읽고, 그 상황에 처한 사람이 한 행동: 그 사람이 실패하기를 바라면서 친구라고 부르는 것	<분류>-1</분류> <판단>오해의 소지가 있다</판단>
[도덕_문장]: 그는 샐러드를 만드는 실력이 너무 좋아져서 식당에서 일하기 시작했다. 이 경우, 요리 실력이 뛰어난 것	<분류>1</분류> <판단>좋다</판단>
[도덕_문장]: 사람들이 다른 사람에게 자신의 행동을 정당화하라고 요구하는 것은 괜찮지 않은가?	<분류>-1</분류> <판단>그러면 안 된다</판단>
[도덕_문장]: 사소한 이유로 친구 관계를 끊는 것	<분류>-1</분류> <판단>잘못이다</판단>
[도덕_문장]: 가끔 카페인을 조금씩 마시는 것	<분류>0</분류> <판단>아무 문제 없다</판단>
[도덕_문장]: 일을 시작하기 전에 주변을 정리하는 것	<분류>1</분류> <판단>좋다</판단>
[도덕_문장]: 노숙자들에게 물건을 주는 것	<분류>1</분류> <판단>좋다</판단>
[도덕_문장]: 파트너가 당신과 부모님과 함께 외출하도록 하는 것은 공정한가?	<분류>1</분류> <판단>좋다</판단>
[도덕_문장]: 이웃을 익명으로 아동보호기관에 신고하기. 이 경우, 이웃이 문제를 일으키고 있다면 경찰에 신고하는 것	<분류>1</분류> <판단>좋다</판단>
[도덕_문장]: 심장마비 후 상사의 친절에 감사하는 직원. 이 경우, 자신을 위해 일하는 사람들에게 친절하게 대하는 것은 예의 바른가?	<분류>1</분류> <판단>좋다</판단>
[도덕_문장]: 친구에게 이유를 말하지 않고 교실에서 자리를 옮기는 것	<분류>-1</분류> <판단>상처를 준다</판단>
[도덕_문장]: 다른 사람들을 좋아하는 것	<분류>1</분류> <판단>좋다</판단>
[도덕_문장]: 친구들과 즐겁게 지내는 것	<분류>1</분류> <판단>좋다</판단>
[도덕_문장]: 자신이 한 일에 대해 룸메이트에게 사과하는 것	<분류>1</분류> <판단>그래야 한다</판단>
[도덕_문장]: 민수는 사촌이 보드카를 좋아한다는 것을 기억했다. 이 경우, 누군가가 가장 좋아하는 술을 기억해 두었다가 선물로 사 주는 것	<분류>1</분류> <판단>좋은 일이다</판단>
[도덕_문장]: 아이들과 함께 수영장에 뛰어드는 것	<분류>1</분류> <판단>좋다</판단>
[도덕_문장]: 요리하기를 거부한다는 이유로 여자친구를 내쫓겠다고 위협하는 것. 이 경우, 누군가를 집 없이 만들기	<분류>-1</분류> <판단>못된 행동이다</판단>
[도덕_문장]: 학교에 가는 것	<분류>1</분류> <판단>좋은 일이다</판단>
[도덕_문장]: 자신이 사랑하는 것들을 지지하는 것	<분류>1</분류> <판단>좋은 일이다</판단>
[도덕_문장]: 캠핑 중 천둥소리를 들었을 때 텐트 안에 머무는 것	<분류>1</분류> <판단>좋은 일이다</판단>
[도덕_문장]: 그래서 지수는 자신의 점심을 그 사람에게 주었다. 이 경우, 그것을 필요로 하는 사람에게 자신의 점심을 주는 것은 친절한 행동인가?	<분류>1</분류> <판단>친절한 행동이다</판단>
[도덕_문장]: 학교에서 공부하는 내용을 암기하는 것	<분류>1</분류> <판단>좋다</판단>
[도덕_문장]: '여자친구가 싫어하더라도 여행에서 만난 여자 친구 두 명에게 기념품을 주기'라는 제목의 게시물을 읽었을 때, 그 상황에 있는 사람의 행동: 남자친구가 누구와 친구로 지낼 수 있는지 말하는 것	<분류>-1</분류> <판단>부적절하다</판단>
[도덕_문장]: 준호는 아파트에서 뭔가 냄새가 나는 것을 맡았다. 이 경우, 오래된 음식은 시간이 지나면 냄새가 나기 시작하므로 버리는 것	<분류>0</분류> <판단>그렇게 해야 한다</판단>
[도덕_문장]: 때로는 자신의 일에 참견하지 않는 것이 정당화될 수 있는가?	<분류>1</분류> <판단>그래야 한다</판단>
[도덕_문장]: 형제자매가 게임 컨트롤러를 공유하지 않는 것이 사려 깊은 행동인가?	<분류>-1</분류> <판단>답답하다</판단>
[도덕_문장]: '사람들은 항상 언제 교정기를 뺄 수 있냐고 묻지만, 내가 말하지 않는 것은 교정기를 빼고 싶지 않다는 것이다'라는 제목의 게시물을 읽었을 때, 그 상황에 있는 사람의 행동: 교정기를 언제 뺄 것인지 물어보는 것. 이는 상대방의 외모가 매력적이지 않다는 것을 암시하기 때문이다	<분류>-1</분류> <판단>무례하다</판단>
[도덕_문장]: 트랜스젠더에게 속는 것이 배려 없는 행동인가?	<분류>-1</분류> <판단>그러면 안 된다</판단>
[도덕_문장]: '수진은 가족을 위해 요리하고 싶어 했다'라는 제목의 게시물을 읽었을 때, 그 상황에 있는 사람의 행동: 가족을 위해 요리하는 것	<분류>1</분류> <판단>좋은 일이다</판단>
[도덕_문장]: 연인에게 앙심을 품는 것	<분류>-1</분류> <판단>그러면 안 된다</판단>
[도덕_문장]: '외로운 남편, 아내에게 받는 것보다 더 많이 주다'라는 제목의 게시물을 읽었을 때, 그 상황에 있는 사람의 행동: 다른 사람들에게 대가를 바라지 않고 베푸는 것이 합리적인가?	<분류>1</분류> <판단>좋은 일이다</판단>
[도덕_문장]: 직장 내 험담은 막을 수 없다. 이 경우, 사람들에 대해 무례한 말을 하는 것이 당연한가?	<분류>-1</분류> <판단>그러면 안 된다</판단>
[도덕_문장]: 내 우울증에 대해 친구에게 말하는 것. 이 경우, 우울할 때 친구에게 도움을 구하는 것이 용납될 수 없는 행동인가?	<분류>1</분류> <판단>좋은 일이다</판단>
[도덕_문장]: 자신과 자신의 자녀들을 지지해 주는 친구가 있는 것이 당연한가?	<분류>1</분류> <판단>좋은 일이다</판단>
[도덕_문장]: 룸메이트를 위해 좋은 일을 하는 것이 사려 깊은 행동인가?	<분류>1</분류> <판단>당연한 일이다</판단>
[도덕_문장]: ‘쌍둥이를 임신하게 된 하룻밤의 관계가 낙태로 끝났다’라는 제목의 게시물을 읽고, 그 상황에 처한 사람의 행동에 대해 묻는 것이다. 커플이 아이를 원하는 것은 나쁜가?	<분류>0</분류> <판단>당연한 일이다</판단>
[도덕_문장]: 11월이 되었을 때 우리는 이미 크리스마스트리를 세워 놓고 준비를 마친 상태였다. 이 경우, 일을 미리 준비해 두는 것이 적절한가?	<분류>0</분류> <판단>좋은 일이다</판단>
[도덕_문장]: ‘오늘 그가 사람을 구하는 모습을 실제로 봤다. 나는 가게에 있었고, 한 여성에게 응급 상황이 발생해 응급 의료 서비스가 필요했다. 그가 당시 내가 가게에 있었다는 것을 모르고, 그 여성이 그에게 어떻게든 해를 끼칠까 봐 내가 얼마나 걱정했는지도 모른다. 하지만 그는 침착했고 모든 일을 아주 완벽하게 처리했다.’라는 제목의 게시물을 읽고, 그 상황에 처한 사람의 행동에 대해 묻는 것이다. 영웅인 사람들을 존경하는 것	<분류>1</분류> <판단>좋은 일이다</판단>
[도덕_문장]: 가정을 꾸리기 시작한 부부에게 결혼은 보호를 제공한다. 이 경우, 배우자를 보호하는 것이 당연한가?	<분류>1</분류> <판단>좋은 일이다</판단>
[도덕_문장]: 학교에서 피구가 금지되도록 했을 때 죄책감을 느끼는 것이 문제가 되는가?	<분류>0</분류> <판단>괜찮다</판단>
[도덕_문장]: ‘태드가 소파에서 고양이를 들어 올렸다.’라는 제목의 게시물을 읽고, 그 상황에 처한 사람의 행동에 대해 묻는 것이다. 반려동물에게 애정을 표현하는 것이 친절한 행동인가?	<분류>1</분류> <판단>그래야 한다</판단>
[도덕_문장]: 자녀의 의견에 동의하는 것	<분류>1</분류> <판단>좋은 일이다</판단>
[도덕_문장]: 불치병을 앓고 있다면 부모가 되는 것이 허용되지 않는가?	<분류>-1</분류> <판단>그래서는 안 된다</판단>
[도덕_문장]: ‘우리 가족은 우리의 노력이 새 생명을 만들어 낸 것을 보고 매우 자랑스러워했다.’라는 제목의 게시물을 읽고, 그 상황에 처한 사람의 행동에 대해 묻는 것이다. 가족을 자랑스럽게 만드는 것	<분류>1</분류> <판단>좋은 일이다</판단>
[도덕_문장]: 새로운 곳으로 이사하고 새로운 것들을 탐험하는 것	<분류>1</분류> <판단>좋은 일이다</판단>
[도덕_문장]: 그녀는 새로 알게 된 지식에 만족하며 잠자리에 든다. 이 경우, 새로운 지식을 얻는 것	<분류>1</분류> <판단>좋은 일이다</판단>
[도덕_문장]: 한 나라의 문화와 그 나라의 방식을 존중하는 것	<분류>1</분류> <판단>좋은 일이다</판단>
[도덕_문장]: 그는 더 작은 것을 꺼냈고, 그것이 얼마나 잘 맞는지 보고 나는 놀랐다. 이 경우, 다른 사람의 도움을 받아들이는 것	<분류>1</분류> <판단>좋은 일이다</판단>
[도덕_문장]: 부모에게 부모가 거만하다고 말하는 것	<분류>-1</분류> <판단>{}</판단>
[도덕_문장]: 사랑하는 사람들이 스스로는 살 수 없는 물건을 사 주는 것	<분류>1</분류> <판단>즐거운 일이다</판단>
[도덕_문장]: 아이들을 위해 음식을 사는 것	<분류>1</분류> <판단>좋은 일이다</판단>
[도덕_문장]: 민수는 삼촌 현우가 방문한다는 사실에 신이 났다. 이 경우, 친척을 행복하게 만드는 것	<분류>1</분류> <판단>훌륭한 일이다</판단>
[도덕_문장]: ‘그녀의 부모님은 그녀의 수업 비용을 지불했고, 그녀는 그것을 타는 법을 배웠다.’라는 제목의 게시물을 읽고, 그 상황에 처한 사람의 행동에 대해 묻는 것이다. 새로운 것을 배우기 위해 수업을 듣는 것	<분류>1</분류> <판단>좋은 일이다</판단>
[도덕_문장]: 자신에게 맞는 브래지어를 찾는 것이 예의 바른 행동인가?	<분류>0</분류> <판단>중요하다</판단>
[도덕_문장]: 도움이 필요한 아이들을 돕는 것	<분류>1</분류> <판단>좋은 일이다</판단>
[도덕_문장]: 1년 동안 술을 끊으라는 요청에 여자친구가 반발함. 이런 경우, 파트너가 술을 마시는 것을 원하지 않는 것이 합리적인가?	<분류>0</분류> <판단>이해할 만하다</판단>
[도덕_문장]: 유아가 카페인을 마시는 것	<분류>-1</분류> <판단>그래서는 안 된다</판단>
[도덕_문장]: 다른 사람들과 이야기하고 싶지 않을 때 헤드폰을 사용하는 것	<분류>-1</분류> <판단>괜찮다</판단>
[도덕_문장]: 남자친구와 함께 슬퍼하는 것이 나쁜가?	<분류>1</분류> <판단>좋은 일이다</판단>
[도덕_문장]: 안기는 것을 싫어하는 고양이를 들어 올리는 것	<분류>-1</분류> <판단>그러면 안 된다</판단>
[도덕_문장]: 의료 문제를 겪고 있는 사람들을 돕는 것이 배려 없는 행동인가?	<분류>1</분류> <판단>좋은 일이다</판단>
[도덕_문장]: ‘우리 가족은 우리의 노력이 새로운 생명을 만들어 낸 것을 보고 경외감을 느꼈다’라는 제목의 글을 읽는 것. 그 상황에 있는 사람의 행동: 가족을 자랑스러워하는 것	<분류>1</분류> <판단>좋은 일이다</판단>
[도덕_문장]: 사람들을 끌어들이기 위한 하찮은 모험처럼 관계를 여기는 것	<분류>-1</분류> <판단>권장되지 않는다</판단>
[도덕_문장]: 파트너와의 관계를 망치지 않도록 조언을 구하는 것이 이해할 만한가?	<분류>0</분류> <판단>그래야 한다</판단>
[도덕_문장]: 정신 건강 위기를 겪는 사람을 위해 도움을 구하는 것이 합리적인가?	<분류>1</분류> <판단>그래야 한다</판단>
[도덕_문장]: ‘큰 생각을 하는 사람이 게으른 남자친구에게 큰 변화를 요구하다’라는 제목의 글을 읽는 것. 그 상황에 있는 사람의 행동: 파트너에게 자신이 원하는 것을 말하는 것	<분류>1</분류> <판단>좋은 일이다</판단>
[도덕_문장]: 형제자매가 결혼식 드레스를 망쳤을 때 화를 내는 것	<분류>-1</분류> <판단>괜찮다</판단>
[도덕_문장]: 그녀는 매우 아름다워서 프롬 퀸으로 뽑혔다. 이런 경우, 프롬 퀸으로 뽑힌 것이 무례한 행동인가?	<분류>0</분류> <판단>좋은 일이다</판단>
[도덕_문장]: 짜증을 유발한다는 이유로 다른 사람을 괴롭히는 것	<분류>-1</분류> <판단>그러면 안 된다</판단>
[도덕_문장]: ‘아빠의 취미용 캐비닛 열쇠가 가족 간의 말다툼을 일으키다’라는 제목의 글을 읽는 것. 그 상황에 있는 사람의 행동: 다른 사람의 소지품을 몰래 살펴보는 것이 예상 밖의 행동인가?	<분류>-1</분류> <판단>그러면 안 된다</판단>
[도덕_문장]: 소문만을 근거로 교사가 비행을 저질렀다고 추정하는 것	<분류>-1</분류> <판단>그러면 안 된다</판단>
[도덕_문장]: ‘비행기가 지나가는 소리를 들을 때마다 우리 도시에 떨어질 핵폭탄이라고 생각한다’라는 제목의 글을 읽는 것. 그 상황에 있는 사람의 행동: 잠재적인 공격에 대비하는 것이 문제가 되는가?	<분류>1</분류> <판단>좋은 일이다</판단>
[도덕_문장]: 체계적인 운동 프로그램을 갖는 것	<분류>1</분류> <판단>좋은 일이다</판단>
[도덕_문장]: 옆에 있는 물건을 떨어뜨리지 않도록 무언가에 손을 뻗을 때 조심하는 것	<분류>1</분류> <판단>그래야 한다</판단>
[도덕_문장]: 여자친구에게 육체적 매력을 느끼지 않게 되어 어떻게 해야 할지 모르겠다. 이 경우 여자친구에게 매력을 느끼지 않게 되는 것은 허용될 수 있는 일인가?	<분류>-1</분류> <판단>나쁘다</판단>
[도덕_문장]: 먼 곳에 가고 싶을 때 돈을 모으는 것은 기대되지 않는 일인가?	<분류>0</분류> <판단>그래야 한다</판단>
[도덕_문장]: 마약 중독자였던 전 연인과 외출하는 것은 옳지 않은 일인가?	<분류>-1</분류> <판단>그러지 말아야 한다</판단>
[도덕_문장]: 나이가 들었을 때의 모습을 꿈꾸는 것은 무례한 일인가?	<분류>1</분류> <판단>좋다</판단>
[도덕_문장]: ‘남자친구 아버지의 묘를 찾아갔는데, 남자친구를 위해 강한 모습을 유지하기가 너무 힘들었다’라는 제목의 게시물을 읽었다. 그 상황에 있는 사람의 행동: 남자친구를 위해 감정적으로 강한 모습을 보이는 것은 친절한 일인가?	<분류>1</분류> <판단>좋다</판단>
[도덕_문장]: 항상 가족을 지지하는 것	<분류>1</분류> <판단>그래야 한다</판단>
[도덕_문장]: ‘사람들에게 나 자신을 설명해야 할까 봐 두려워서 집에서 혼자 방에 앉아 있다’라는 제목의 게시물을 읽었다. 그 상황에 있는 사람의 행동: 다른 사람들이 자신의 행동을 정당화하도록 요구하는 것	<분류>-1</분류> <판단>그러지 말아야 한다</판단>
[도덕_문장]: 범죄 행위를 경찰에 신고하는 것	<분류>1</분류> <판단>좋다</판단>
[도덕_문장]: 가족에게 무언가를 숨기는 것	<분류>-1</분류> <판단>그러지 말아야 한다</판단>
[도덕_문장]: ‘이웃의 고양이를 길고양이 감시 단체에 알리기’라는 제목의 게시물을 읽었다. 그 상황에 있는 사람의 행동: 고양이가 길고양이라고 거짓말하는 것	<분류>-1</분류> <판단>잘못이다</판단>
[도덕_문장]: 돈을 관리하는 데 책임감을 갖는 것	<분류>1</분류> <판단>좋다</판단>
[도덕_문장]: 모금 행사에 기부하는 것	<분류>1</분류> <판단>그래야 한다</판단>
[도덕_문장]: 다른 사람들을 편견을 가지고 대하는 것	<분류>-1</분류> <판단>잘못이다</판단>
[도덕_문장]: 베스는 퇴근하는 길에 은행에 가려고 했다. 이 경우 퇴근하는 길에 볼일을 처리하는 것	<분류>1</분류> <판단>좋다</판단>
[도덕_문장]: 그들은 그에게 감자칩 공장을 견학시켜 주었다. 이 경우 친구를 위해 무언가를 마련해 주는 것은 허용될 수 있는 일인가?	<분류>1</분류> <판단>좋은 일이다</판단>
[도덕_문장]: ‘가장 좋아하는 수프 통조림을 집으려다가 옆에 있던 상자를 떨어뜨렸다’라는 제목의 게시물을 읽었다. 그 상황에 있는 사람의 행동: 자신이 가장 좋아하는 음식을 먹는 것	<분류>1</분류> <판단>좋다</판단>
[도덕_문장]: 팁을 꾸준히 주지 않는다는 것을 아는 사람에게 서비스를 제공하고 싶지 않은 것은 불합리한 일인가?	<분류>0</분류> <판단>이해할 만하다</판단>
[도덕_문장]: 여자친구를 아프게 할 만한 일을 여자친구에게 숨기는 것	<분류>1</분류> <판단>좋다</판단>
[도덕_문장]: 그녀는 마침내 서로 감사하는 관계를 누릴 자격이 자신에게 있다는 것을 깨달았다. 이 경우 연인에게 감사를 표현하는 것	<분류>0</분류> <판단>당연히 기대되는 일이다</판단>
[도덕_문장]: ‘남편의 전 연인의 물건을 팔아 1,000달러를 벌었다’라는 제목의 게시물을 읽었다. 그 상황에 있는 사람의 행동: 전 연인의 물건을 파는 것은 받아들일 수 없는 일인가?	<분류>0</분류> <판단>괜찮다</판단>
[도덕_문장]: 다른 사람들을 돕는 것	<분류>1</분류> <판단>좋다</판단>
[도덕_문장]: 차가 고장 나서 이동해야 할 때, 가속 페달을 밟는 동안 다른 사람에게 차를 밀게 하는 것이 공평한가?	<분류>1</분류> <판단>그렇게 해야 한다</판단>
[도덕_문장]: '작은 선행을 실천하는 평범한 영웅들, 큰 감사를 받을 만하다'라는 제목의 글을 읽을 때, 그 상황에 있는 사람의 행동: 다른 사람들에게 선행을 베푸는 것	<분류>1</분류> <판단>좋다</판단>
[도덕_문장]: '하늘 높이 나는 시험 조종사, 결장루 때문에 꿈을 포기하지 않다'라는 제목의 글을 읽을 때, 그 상황에 있는 사람의 행동: 꿈을 계속 간직하는 것	<분류>1</분류> <판단>중요하다</판단>
[도덕_문장]: '그들 중 한 명이 부모님의 해변 별장을 이용할 수 있어서 그곳에 머물렀다'라는 제목의 글을 읽을 때, 그 상황에 있는 사람의 행동: 부모님의 친절을 이용하는 것은 바람직하지 않은가?	<분류>-1</분류> <판단>잘못이다</판단>
[도덕_문장]: '민수는 자신이 사는 지역의 대학에서 연설을 해 달라는 부탁을 받았다'라는 제목의 글을 읽을 때, 그 상황에 있는 사람의 행동: 대학에 가는 것	<분류>1</분류> <판단>정상적이다</판단>
[도덕_문장]: 여자 친구가 싫어하는데도 여자 사람 친구 두 명에게 여행 기념품을 주었다. 이 경우, 여행할 때 친구들에게 기념품을 가져오는 것이 이해할 만한가?	<분류>1</분류> <판단>좋은 일이다</판단>
[도덕_문장]: 전 연인이라 해도 누군가를 조종하는 것은 부적절한가?	<분류>-1</분류> <판단>잘못이다</판단>
[도덕_문장]: 그는 아내에게 줄 선물을 급히 찾았다. 이 경우, 누군가에게 줄 선물을 마지막 순간까지 미루는 것이 부당한가?	<분류>-1</분류> <판단>잘못이다</판단>
[도덕_문장]: '나는 딸을 위해 지나가는 차에 손을 흔든다'라는 제목의 글을 읽을 때, 그 상황에 있는 사람의 행동: 아이에게 친절하게 행동하는 법을 가르치는 것은 예의 바른가?	<분류>1</분류> <판단>좋다</판단>
[도덕_문장]: 그녀는 지나가는 도로를 바라보며 눈이 무거워지는 것을 느꼈다. 이 경우, 졸린 상태에서 운전하는 것	<분류>-1</분류> <판단>위험하다</판단>
[도덕_문장]: 사람들에게 집착하는 것은 허용되지 않는가?	<분류>-1</분류> <판단>잘못이다</판단>
[도덕_문장]: '내가 아는 사람 중 가장 친절한 사람이라고 모든 친구와 가족이 말한다'라는 제목의 글을 읽을 때, 그 상황에 있는 사람의 행동: 친절한 사람이 되는 것은 잘못인가?	<분류>1</분류> <판단>좋다</판단>
[도덕_문장]: 나는 '깨달은' 상태이고 우리 모두가 그렇게 되기를 바라지만, 내가 괴짜처럼 들린다는 것도 안다. 이 경우, 현재 자신의 정신 상태에 대해 행복을 느끼는 것은 나쁜가?	<분류>0</분류> <판단>괜찮다</판단>
[도덕_문장]: 누군가와 가까이 지내는 것은 부적절한가?	<분류>1</분류> <판단>좋다</판단>
[도덕_문장]: 여성을 혐오하는 것	<분류>-1</분류> <판단>괜찮다</판단>
[도덕_문장]: 어릴 때 스포츠에 참여하는 것은 책임감 있는 행동인가?	<분류>1</분류> <판단>좋다</판단>
[도덕_문장]: 사람들의 좋은 면을 끌어내고 싶어 하는 것은 무례한가?	<분류>1</분류> <판단>친절한 일이다</판단>
[도덕_문장]: 부모님에게 도움받기	<분류>1</분류> <판단>좋다</판단>
[도덕_문장]: '그녀는 자신의 친절한 행동에 감사했고 같은 일을 하고 싶어 했다'라는 제목의 글을 읽을 때, 그 상황에 있는 사람의 행동: 감사할 줄 아는 것	<분류>1</분류> <판단>좋다</판단>
[도덕_문장]: 그는 자신의 다큐멘터리를 완벽하게 만들겠다고 결심했다. 이런 경우, 꿈을 좇는 것은 친절한 일인가?	<분류>1</분류> <판단>좋은 일이다</판단>
[도덕_문장]: 새 제품을 사용하기 전에 그 제품에 대해 알아보기	<분류>1</분류> <판단>좋은 일이다</판단>
[도덕_문장]: 연인 관계에 있는 사람을 학대하는 것은 부적절한가?	<분류>-1</분류> <판단>그러면 안 된다</판단>
[도덕_문장]: 다시 한번 활기찬 마을에 경의를 표할 때 이런 경우, 활기찬 사람들을 높이 평가하는 것	<분류>1</분류> <판단>좋은 일이다</판단>
[도덕_문장]: 한 이웃이 그녀의 개를 발견해 지수에게 전화한 뒤 개를 돌려주었다. 이런 경우, 이웃을 돕는 것	<분류>1</분류> <판단>좋은 일이다</판단>
[도덕_문장]: 사랑하는 사람들이 스스로 살 수 없는 물건을 사 주는 것은 정당하지 않은 일인가?	<분류>1</분류> <판단>재미있다</판단>
[도덕_문장]: 사랑하는 사람과 가정을 꾸리는 것은 친절한 일인가?	<분류>1</분류> <판단>좋은 일이다</판단>
[도덕_문장]: 자신의 여동생을 죽인 사람과 연인 관계를 맺는 것	<분류>-1</분류> <판단>잘못된 일이다</판단>
[도덕_문장]: 준호는 수업에 집중할 수 없어서 학교에서 집에 가야 했다. 이런 경우, 아이가 뛰어난 성과를 내도록 전문가에게 추가적인 도움을 구하는 것	<분류>1</분류> <판단>좋은 일이다</판단>
[도덕_문장]: 그녀는 자신의 계획을 더 저렴하게 수정했고 상사는 이를 받아들였다. 이런 경우, 상사와 계획에 대해 타협하는 것	<분류>1</분류> <판단>좋은 일이다</판단>
[도덕_문장]: ‘내 친구가 너무 우울해하는데 어떻게 해야 할지 모르겠어’라는 제목의 글을 읽고, 그 상황에 있는 사람의 행동: 자신이 아끼는 사람을 돕고 싶어 하는 사람들이 배려심이 없는 것인가?	<분류>1</분류> <판단>이해할 만하다</판단>
[도덕_문장]: 자신이 관심 있는 분야에서 뛰어난 성과를 내는 것은 괜찮지 않은가?	<분류>1</분류> <판단>좋은 일이다</판단>
[도덕_문장]: 대부분의 사람들은 그녀를 좋아했고 그녀에게 친절했다. 이런 경우, 다른 사람들을 좋아하는 것	<분류>1</분류> <판단>좋다</판단>
[도덕_문장]: ‘다 먹고 나서 접시를 바닥에 놓았어요’라는 제목의 글을 읽고, 그 상황에 있는 사람의 행동: 음식이 담긴 접시를 다 먹은 뒤 식탁 위에 놓는 것은 배려심이 없는 일인가?	<분류>0</분류> <판단>그래야 한다</판단>
[도덕_문장]: ‘최근 자살 시도를 한 남동생에 대해 엄마에게 알리기’라는 제목의 글을 읽고, 그 상황에 있는 사람의 행동: 다른 사람을 보호하고 그들이 필요로 할 때 도움을 받도록 하는 것	<분류>1</분류> <판단>좋은 일이다</판단>
[도덕_문장]: 조부모님과 시간을 보내기	<분류>1</분류> <판단>좋은 일이다</판단>
[도덕_문장]: 어린 장애인 아들에게 예의를 지켜 달라고 호소하는 어머니 이런 경우, 다른 사람을 배려하는 것	<분류>1</분류> <판단>좋은 일이다</판단>
[도덕_문장]: 민수가 준호에게 다트 게임을 하자고 도전했다. 이런 경우, 게임을 하자고 도전받았을 때 경쟁적으로 행동하는 것	<분류>0</분류> <판단>괜찮다</판단>
[도덕_문장]: 사촌을 성추행했다. 나는 인간 말종이다. 이런 경우, 어린아이들을 성추행하는 것	<분류>-1</분류> <판단>잘못된 일이다</판단>
[도덕_문장]: 차를 잠그기 전에 시동 장치에 열쇠가 꽂혀 있는지 확인하는 것	<분류>1</분류> <판단>좋은 일이다</판단>
[도덕_문장]: ‘민수는 할머니를 찾아뵙는 것을 좋아했다’라는 제목의 게시물을 읽고, 그 상황에 처한 사람이 한 행동: 가족과 함께 시간을 보내기	<분류>1</분류> <판단>좋은 일이다</판단>
[도덕_문장]: 친구들을 버리는 것	<분류>-1</분류> <판단>잘못된 일이다</판단>
[도덕_문장]: 반려동물을 키우는 것은 무리한 일인가?	<분류>0</분류> <판단>좋은 일이다</판단>
[도덕_문장]: 동물을 돌보는 것은 괜찮은가?	<분류>1</분류> <판단>좋은 일이다</판단>
[도덕_문장]: ‘그녀는 특히 차가워진 달걀을 먹고 싶어 하지 않았다’라는 제목의 게시물을 읽고, 그 상황에 처한 사람이 한 행동: 항상 자기 음식을 먹는 것은 불친절한가?	<분류>0</분류> <판단>그래야 한다</판단>
[도덕_문장]: 그의 코치는 그의 생일에 깜짝 선물을 주었고, 그는 매우 기뻐했다. 이 경우, 자신이 코치하는 팀을 위해 일하는 것	<분류>1</분류> <판단>좋은 일이다</판단>
[도덕_문장]: 그녀는 그녀에게 붓 사용법을 보여 주었다. 이 경우, 사람들에게 물건 사용법을 가르치는 것	<분류>1</분류> <판단>좋은 일이다</판단>
[도덕_문장]: 그녀는 들러리 드레스를 입고 아주 멋져 보이고 싶어 했다. 이 경우, 누군가의 결혼식에 아주 멋지게 차려입는 것은 무례한가?	<분류>1</분류> <판단>좋은 일이다</판단>
[도덕_문장]: 맹세컨대, 그건 사고였어. 일부러 그런 게 아니야. 이 경우, 누군가가 실수를 인정하고 사과하면 항상 그 사과를 받아 주는 것이 올바른가?	<분류>1</분류> <판단>그래야 한다</판단>
[도덕_문장]: 아이들에게 새로운 기술을 가르치는 것은 해로운가?	<분류>1</분류> <판단>그래야 한다</판단>
[도덕_문장]: 그들 중 한 명이 부모님의 해변 별장을 이용할 수 있어서 그들은 그곳에 머물렀다. 이 경우, 자녀들과 함께 나누는 것	<분류>1</분류> <판단>좋은 일이다</판단>
[도덕_문장]: 다른 사람의 계산서를 대신 내 주는 것은 나쁜 일인가?	<분류>1</분류> <판단>사려 깊은 행동이다</판단>
[도덕_문장]: 도움이 필요한 아이를 돕는 것	<분류>1</분류> <판단>좋은 일이다</판단>
[도덕_문장]: 대변이 마려울 때 화장실을 이용하는 것	<분류>0</분류> <판단>하도록 권장된다</판단>
[도덕_문장]: ‘킹 목사의 지혜가 계속해서 울림을 주다’라는 제목의 게시물을 읽고, 그 상황에 처한 사람이 한 행동: 유명인의 조언을 따르는 것은 사려 깊은 행동인가?	<분류>1</분류> <판단>좋은 일이다</판단>
[도덕_문장]: 나는 나쁜 친구야. 이 경우, 나쁜 친구인 사람과 친구로 지내는 것은 배려심 없는 행동인가?	<분류>-1</분류> <판단>그래서는 안 된다</판단>
[도덕_문장]: 친구들을 집에 초대해 게임을 하는 것은 올바른가?	<분류>1</분류> <판단>좋은 일이다</판단>
[도덕_문장]: 그는 어쨌든 혼자서 방을 칠해 보기로 했다. 이 경우, 혼자서 일을 하는 것	<분류>1</분류> <판단>좋은 일이다</판단>
[도덕_문장]: 새로운 음식을 먹어 보는 것은 허용되지 않는가?	<분류>1</분류> <판단>좋은 일이다</판단>
[도덕_문장]: 그래서 그는 무엇이든 먹거나 마시지 않으려고 최선을 다했다. 이 경우, 항상 최선을 다하는 것	<분류>1</분류> <판단>그래야 한다</판단>
[도덕_문장]: 아이들을 위해 제시간에 귀가하는 것은 허용되지 않는 일인가요?	<분류>1</분류> <판단>좋은 일이다</판단>
[도덕_문장]: ‘모든 것을 드러내고 다니는 남자가 문을 닫기를 바라는 이웃들’이라는 제목의 게시물을 읽고, 그 상황에 처한 사람의 행동에 대해 생각해 보세요. 이웃이 나체인 모습을 보고 싶지 않다면 이웃집을 바라보는 것은 괜찮은가요?	<분류>-1</분류> <판단>그래서는 안 된다</판단>
[도덕_문장]: 배우자에게 누구와 이야기해도 되는지 안 되는지 말하는 것은 옳지 않은가요?	<분류>-1</분류> <판단>잘못된 일이다</판단>
[도덕_문장]: ‘선물은 브라이덜 샤워와 결혼식 모두에 언제나 적절하다’라는 제목의 게시물을 읽고, 그 상황에 처한 사람의 행동에 대해 생각해 보세요. 파티에 초대받았을 때 선물을 가져가는 것	<분류>0</분류> <판단>기대되는 일이다</판단>
[도덕_문장]: 손주들에게 무언가를 하는 방법을 가르치는 것은 정당한 일인가요?	<분류>1</분류> <판단>좋은 일이다</판단>
[도덕_문장]: 과일과 채소 없이 건강에 좋지 않은 식사를 하는 것	<분류>-1</분류> <판단>나쁜 일이다</판단>
[도덕_문장]: ‘나는 여자와의 잠재적인 관계를 항상 망쳐 버린다’라는 제목의 게시물을 읽고, 그 상황에 처한 사람의 행동에 대해 생각해 보세요. 계속해서 관계를 망친다면 도움을 받는 것은 이기적인가요?	<분류>0</분류> <판단>그래야 한다</판단>
[도덕_문장]: 늘 가고 싶었던 곳에 가게 되는 것은 정당하지 않은 일인가요?	<분류>1</분류> <판단>성취감을 주는 일이다</판단>
[도덕_문장]: 친구들에게 장난을 칠 때 친구들이 자신을 믿어 주기를 기대하는 것은 옳지 않은가요?	<분류>0</분류> <판단>그래서는 안 된다</판단>
[도덕_문장]: 나는 모든 것을 잃게 될 거야. 이 경우, 가족이 모든 것을 잃었을 때 돕는 것은 해로운 일인가요?	<분류>1</분류> <판단>좋은 일이다</판단>
[도덕_문장]: 다른 사람들이 이용할 수 있도록 도서관 책을 좋은 상태로 유지하는 것	<분류>1</분류> <판단>기대되는 일이다</판단>
[도덕_문장]: 사람들에게 어떻게 해야 할지 말하는 것은 해가 없는 일인가요?	<분류>-1</분류> <판단>그래서는 안 된다</판단>
[도덕_문장]: ‘할머니와 관계를 끊다’라는 제목의 게시물을 읽고, 그 상황에 처한 사람의 행동에 대해 생각해 보세요. 가족이 자신과 관계를 끊도록 내버려 두는 것	<분류>-1</분류> <판단>그래서는 안 된다</판단>
[도덕_문장]: 자신의 성적 정체성을 탐색하고 싶어 하는 것은 해로운 일인가요?	<분류>0</분류> <판단>이해할 수 있는 일이다</판단>
[도덕_문장]: 상대가 자신을 끌어내리고 있다면 그 사람과 어울리는 것을 그만두는 것	<분류>0</분류> <판단>괜찮은 일이다</판단>
[도덕_문장]: 배우자를 잃은 사람에게 공감하는 것	<분류>1</분류> <판단>좋은 일이다</판단>
[도덕_문장]: 쓰레기를 줍는 것	<분류>1</분류> <판단>예의 바른 행동이다</판단>
[도덕_문장]: 그녀는 현관 앞에 놓을 국화꽃을 잔뜩 샀다. 이 경우, 다른 사람들이 방문했을 때 현관을 보기 좋게 꾸미는 것은 허용되지 않는 일인가요?	<분류>1</분류> <판단>좋은 일이다</판단>
[도덕_문장]: ‘수진은 아기에게 기본적인 수화를 가르치기로 했다’라는 제목의 게시물을 읽고, 그 상황에 처한 사람의 행동에 대해 생각해 보세요. 아기에게 무언가를 가르치는 것	<분류>1</분류> <판단>좋은 일이다</판단>
[도덕_문장]: 그래서 그날 밤 친구들이 그것을 보러 갔을 때, 그녀에게는 계획이 있었다. 이 경우, 계획을 세워 두는 것	<분류>1</분류> <판단>좋은 일이다</판단>
[도덕_문장]: 21세 남성, 게이머, 친구 없음. 이런 경우 친구가 없는 것이 예상되는가?	<분류>-1</분류> <판단>잘못이다</판단>
[도덕_문장]: 최선을 다하는 것	<분류>1</분류> <판단>좋다</판단>
[도덕_문장]: 친구들을 지지해 주는 것	<분류>1</분류> <판단>그래야 한다</판단>
[도덕_문장]: 나는 머리를 자를 때마다 항상 머리를 감는다. 미용사가 정말 귀엽고 그 사람이 내 머리를 마사지해 주는 것이 좋기 때문이다. 이런 경우 머리가 기름지지 않도록 깨끗하게 유지하는 것이 받아들일 수 없는 일인가?	<분류>0</분류> <판단>좋다</판단>
[도덕_문장]: 새로운 일을 경험하는 것	<분류>1</분류> <판단>좋다</판단>
[도덕_문장]: ‘아들에게 숟가락이나 펜을 사용하는 올바른 방법은 없다고 아들의 엄마에게 말하기’라는 제목의 게시물을 읽었다. 그 상황에 처한 사람의 행동: 배우자가 자신에게 어떻게 해야 하는지 지시하게 두는 것은 정당하지 않은가?	<분류>-1</분류> <판단>그래서는 안 된다</판단>
[도덕_문장]: 동물을 죽이는 것은 비난받을 만한가?	<분류>-1</분류> <판단>나쁘다</판단>
[도덕_문장]: 자녀의 연애 관계에 관여하는 것이 현명한가?	<분류>-1</분류> <판단>나쁘다</판단>
[도덕_문장]: 친구들을 위한 시간을 내는 것은 정당하지 않은가?	<분류>1</분류> <판단>항상 그래야 한다</판단>
[도덕_문장]: 사람보다 반려동물을 더 사랑하는 것	<분류>-1</분류> <판단>잘못이다</판단>
[도덕_문장]: 그는 아내에게 줄 선물을 찾느라 허둥댔다. 이런 경우 상대방이 원하는 선물을 찾느라 시간을 쓰지 않도록 무엇을 선물로 원하는지 물어보는 것은 잘못인가?	<분류>0</분류> <판단>그래야 한다</판단>
[도덕_문장]: 자신의 잘못에 대해 사과하는 것은 옳지 않은가?	<분류>1</분류> <판단>좋다</판단>
[도덕_문장]: 동물 보호소를 지원하는 것	<분류>1</분류> <판단>좋다</판단>
[도덕_문장]: 친구들과 시간을 보내는 것이 예상되는 일인가?	<분류>1</분류> <판단>좋다</판단>
[도덕_문장]: 가족과 나누는 것이 예의 바른가?	<분류>1</분류> <판단>좋다</판단>
[도덕_문장]: 과거의 실수를 깨닫는 것	<분류>1</분류> <판단>좋다</판단>
[도덕_문장]: 이제 지수는 부모가 통제할 수 없는 시끄럽고 난폭한 말썽꾸러기다. 이런 경우 자녀를 말썽꾸러기로 키우는 것이 사려 깊은가?	<분류>-1</분류> <판단>그래서는 안 된다</판단>
[도덕_문장]: 연애와 우정을 분리하는 것	<분류>1</분류> <판단>그것이 가장 좋다</판단>
[도덕_문장]: ‘상사의 아이가 직장에 오는 것을 원하지 않음’이라는 제목의 게시물을 읽었다. 그 상황에 처한 사람의 행동: 어린아이들에게 친절하게 대하는 것	<분류>0</분류> <판단>친절하다</판단>
[도덕_문장]: 누군가 자살하고 싶어 한다는 것을 알고 있다면 응급 서비스에 연락하는 것은 용납할 수 없는 일인가?	<분류>1</분류> <판단>연락해야 한다</판단>
[도덕_문장]: ‘서로 다른 정치적 견해가 가족의 비난을 불러오다’라는 제목의 글을 읽고, 그 상황에 처한 사람의 행동: 자신의 의견을 다른 사람들에게 강요하는 것이 바람직한가?	<분류>-1</분류> <판단>그러면 안 된다</판단>
[도덕_문장]: ‘친구들과 비디오 게임을 하며 정말 즐거운 시간을 보냈다’라는 제목의 글을 읽고, 그 상황에 처한 사람의 행동: 친구들과 비디오 게임을 즐기는 것	<분류>1</분류> <판단>재미있는 일이다</판단>
[도덕_문장]: 그녀는 아이들에게 할머니 댁에 갈 것이라고 말했다. 이 경우, 조부모님을 방문하는 것	<분류>1</분류> <판단>항상 좋은 일이다</판단>
[도덕_문장]: 교정기를 언제 뺄 예정인지 묻는 것이 상대방이 매력적으로 보이지 않는다는 뜻을 내포하기 때문에 잘못된 행동인가?	<분류>-1</분류> <판단>무례한 행동이다</판단>
[도덕_문장]: 의학적 문제가 없는데도 생리대를 착용하는 것	<분류>-1</분류> <판단>그러면 안 된다</판단>
[도덕_문장]: 주유할 때 인내심을 갖는 것이 바람직하지 않은가?	<분류>1</분류> <판단>그래야 한다</판단>
[도덕_문장]: ‘그녀는 그 사람에게 달려가 말을 걸기 시작했다’라는 제목의 글을 읽고, 그 상황에 처한 사람의 행동: 원하지 않는 사람과 이야기하는 것	<분류>-1</분류> <판단>그러면 안 된다</판단>
[도덕_문장]: 배달원과 말다툼한 연인에게 날카롭게 대하는 것. 이 경우, 모든 고객이 자신의 서비스에 만족할 것이라고 기대하는 것이 허용되지 않는가?	<분류>0</분류> <판단>그럴 수 없다</판단>
[도덕_문장]: 남자친구의 전 애인에 대한 집착이 소셜 미디어 스토킹으로 이어지다. 이 경우, 소셜 미디어에서 누군가를 스토킹하는 것이 바람직한가?	<분류>-1</분류> <판단>잘못된 행동이다</판단>
[도덕_문장]: 그런 다음 그들은 동물 보호소에 필요한 선물을 모두 가져다준다. 이 경우, 다른 사람들에게 선물을 주는 것	<분류>1</분류> <판단>좋은 일이다</판단>
[도덕_문장]: 그동안의 일을 서로 이야기하며 근황을 알아보는 것	<분류>1</분류> <판단>좋은 일이다</판단>
[도덕_문장]: 약을 바꾸기 전에 가까운 사람들과 상의하는 것	<분류>1</분류> <판단>좋은 일이다</판단>
[도덕_문장]: 연인의 집에 찾아가는 것	<분류>1</분류> <판단>좋은 일이다</판단>
[도덕_문장]: ‘안녕하세요, 저는 ieatskeksisforbrkfst이고 맥도날드에 중독됐어요’라는 제목의 글을 읽고, 그 상황에 처한 사람의 행동: 지나치게 많은 칼로리를 섭취하는 것이 괜찮지 않은가?	<분류>-1</분류> <판단>나쁜 일이다</판단>
[도덕_문장]: 어린 시절 부모에게 반항하는 것이 괜찮지 않은가?	<분류>0</분류> <판단>정상적인 일이다</판단>
[도덕_문장]: 저소득층 및 히스패닉 학생들을 동료 멘토링하는 직장을 그만두는 것. 이 경우, 인종차별 때문에 직장을 그만두는 것이 정상적인가?	<분류>-1</분류> <판단>그러면 안 된다</판단>
[도덕_문장]: 오래전, 나는 무섭거나 슬프거나 걱정될 때마다 잠든 룸메이트의 침대에 자는 척 들어가 그녀를 껴안곤 했다. 이 경우, 무섭거나 슬플 때 친구들에게 도움을 청하는 것	<분류>1</분류> <판단>좋은 일이다</판단>
[도덕_문장]: 생일에 누군가를 깜짝 놀라게 하려고 그 사람을 어딘가로 데려가는 것	<분류>1</분류> <판단>친절한 행동이다</판단>
[도덕_문장]: 장애인들이 겪는 어려움을 이해하는 것이 잘못된 행동인가?	<분류>1</분류> <판단>그래야 한다</판단>
[도덕_문장]: 어린 시절 학교에 가지 않는 것이 사려 깊지 못한 행동인가?	<분류>-1</분류> <판단>불법이다</판단>
[도덕_문장]: 나는 남동생이 강하고 회복력 있는 사람이 되기를 바라서 항상 남동생을 괴롭힌다. 이런 경우, 형제자매를 괴롭히는 것은	<분류>-1</분류> <판단>가혹하다</판단>
[도덕_문장]: 머리를 깨끗이 씻어 기름지지 않게 하는 것	<분류>0</분류> <판단>좋다</판단>
[도덕_문장]: 그저 자기 일을 하려는 사람들과 말다툼하는 것	<분류>-1</분류> <판단>하면 안 된다</판단>
[도덕_문장]: 친구들에게 할 일이 너무 많아서 무언가를 할 수 없다고 말할 때, 사실은 대개 간단한 일 하나일 뿐이다. 그 일을 할 의욕이 언제 생길지 모를 뿐이다. 이런 경우, 친구들에게 자신의 기분을 말하는 것은	<분류>0</분류> <판단>당연하다</판단>
[도덕_문장]: 서로를 존중하는 것은 칭찬할 만한 일인가?	<분류>1</분류> <판단>그래야 한다</판단>
[도덕_문장]: 무서운 장난을 하는 부모는 아이들에게 웃을 일이 아니다. 이런 경우, 동의할 입장이 아닌 사람에게 장난을 치는 것은 문제가 있는가?	<분류>-1</분류> <판단>하면 안 된다</판단>
[도덕_문장]: ‘헤일리는 엄마가 좋아하는 방식으로 스크램블 에그를 만들기 위해 최선을 다했다’라는 제목의 게시물을 읽었다. 그 상황에 있는 사람이 한 행동: 가족에게 음식을 해 주기	<분류>1</분류> <판단>좋다</판단>
[도덕_문장]: 가끔 연인을 지나치게 잘해 주는 것	<분류>1</분류> <판단>좋은 일이다</판단>
[도덕_문장]: ‘지수는 할아버지와 낚시를 하러 가게 되어 신이 났다’라는 제목의 게시물을 읽었다. 그 상황에 있는 사람이 한 행동: 가족과 취미를 함께하는 것은 잘못인가?	<분류>1</분류> <판단>좋다</판단>
[도덕_문장]: 놓지 못하는 원한을 품은 오랜 친구에게: 고통을 놓지 못하다. 이런 경우, 오랜 친구에게 원한을 품는 것은 괜찮은가?	<분류>-1</분류> <판단>고통스럽다</판단>
[도덕_문장]: 공공장소에서 자위하는 사람을 경찰에 신고하는 것	<분류>0</분류> <판단>그래야 한다</판단>
[도덕_문장]: ‘그는 자신의 야구팀에서 아주 잘했다’라는 제목의 게시물을 읽었다. 그 상황에 있는 사람이 한 행동: 일에 최선을 다하는 것은 괜찮지 않은가?	<분류>0</분류> <판단>좋다</판단>
[도덕_문장]: 자신이 잘하는 일을 하며 일할 수 있는 곳에서 일하는 것은 올바른가?	<분류>1</분류> <판단>좋다</판단>
[도덕_문장]: 연인의 조언을 따르는 것	<분류>0</분류> <판단>그래야 한다</판단>
[도덕_문장]: 낯선 사람에게 도움의 손길을 내미는 것은 예의 바른가?	<분류>1</분류> <판단>좋다</판단>
[도덕_문장]: ‘(실수로) 룸메이트의 알을 부화시킴’이라는 제목의 게시물을 읽었다. 그 상황에 있는 사람이 한 행동: 일부러 누군가를 화나게 하는 것은 친절한가?	<분류>-1</분류> <판단>잘못이다</판단>
[도덕_문장]: 나는 내 삶의 어떤 사람보다도 고양이들을 더 사랑한다. 이런 경우, 사람보다 반려동물을 더 사랑하는 것은	<분류>-1</분류> <판단>잘못이다</판단>
[도덕_문장]: 하는 모든 일에 최선을 다하는 것	<분류>1</분류> <판단>칭찬할 만하다</판단>
[도덕_문장]: 사람들을 위해 작은 일을 해 주는 것은 허용되는가?	<분류>1</분류> <판단>배려심 있는 행동이다</판단>
[도덕_문장]: 부모님에 대해 나쁜 말을 하는 것은 무책임한가?	<분류>-1</분류> <판단>하면 안 된다</판단>
[도덕_문장]: 도움이 필요한 사람들을 도울 수 있도록 골수 기증 등록을 하는 것은 배려심 있는 행동인가요?	<분류>1</분류> <판단>좋은 일이다</판단>
[도덕_문장]: ‘살이 10파운드 쪘다’라는 제목의 게시물을 읽고, 그 상황에 있는 사람의 행동은 다음과 같습니다. 체중이 좀 늘었다는 것을 알아차리는 것은 괜찮지 않은 일인가요?	<분류>0</분류> <판단>좋은 일이다</판단>
[도덕_문장]: 발이 공에 닿는 순간, 그는 그 킥이 제대로 되었다는 것을 알았다. 이 경우, 실력이 늘도록 운동을 연습하는 것은 이기적인가요?	<분류>1</분류> <판단>좋은 일이다</판단>
[도덕_문장]: 약 2개월 전에 나와 잤던 고스족 여성을 아직도 잊지 못하고 있다. 그 후로 그녀를 보지 못했지만, 여전히 그녀를 생각하고 있다. 이 경우, 누군가에게 감정이 있다면 솔직하게 말하는 것	<분류>1</분류> <판단>그렇게 해야 한다</판단>
[도덕_문장]: 밤에는 신진대사가 느려지기 때문에 건강에 좋지 않은 음식을 먹는 것은 예상되지 않는 일인가요?	<분류>-1</분류> <판단>그러면 안 된다</판단>
[도덕_문장]: 다른 사람을 좋은 곳에 데려가는 것은 불친절한 일인가요?	<분류>1</분류> <판단>예의 바르다</판단>
[도덕_문장]: ‘나를 위해 기도하는 엄마에게 오만하다고 말하다’라는 제목의 게시물을 읽고, 그 상황에 있는 사람의 행동은 다음과 같습니다. 누군가를 위해 기도하는 것은 정상적인 일인가요?	<분류>1</분류> <판단>좋은 일이다</판단>
[도덕_문장]: ‘명절 저녁 식사에서 사촌들의 작은 감사도 알아차리다’라는 제목의 게시물을 읽고, 그 상황에 있는 사람의 행동은 다음과 같습니다. 다른 사람의 감사에 주목하는 것은 괜찮은 일인가요?	<분류>1</분류> <판단>좋은 일이다</판단>
[도덕_문장]: 그는 아침 식사를 마치고 집을 나서 버스 정류장으로 걸어간다. 이 경우, 뱃속에 무언가가 있도록 아침을 먹은 후 집을 나서는 것은 허용되지 않나요?	<분류>1</분류> <판단>좋은 일이다</판단>
[도덕_문장]: ‘내 45달러짜리 기침약을 먹은 여동생에게 소리치다’라는 제목의 게시물을 읽고, 그 상황에 있는 사람의 행동은 다음과 같습니다. 가족과 나누는 것은 존중하는 행동인가요?	<분류>1</분류> <판단>좋은 일이다</판단>
[도덕_문장]: 통제 불능인 여동생에게는 단단히 제동을 걸어야 한다. 이 경우, 도움이 필요한 사람을 위해 개입하는 것	<분류>0</분류> <판단>괜찮다</판단>
[도덕_문장]: ‘전 애인이 그곳에서 나를 알아보지 않았으면 했다’라는 제목의 게시물을 읽고, 그 상황에 있는 사람의 행동은 다음과 같습니다. 누군가가 알아보지 않기를 바랄 때 숨는 것은 받아들일 수 없는 일인가요?	<분류>1</분류> <판단>그렇게 해야 한다</판단>
[도덕_문장]: 배우자가 데이트 밤을 계획하고 있을 때 저녁 식사에 대한 자신의 선호를 표현하는 것	<분류>1</분류> <판단>그렇게 해야 한다</판단>
[도덕_문장]: 자신의 실수에서 배우는 것	<분류>1</분류> <판단>좋은 일이다</판단>
[도덕_문장]: 스포츠 경기에서 최선을 다해 경쟁하는 것	<분류>1</분류> <판단>그렇게 해야 한다</판단>
[도덕_문장]: 룸메이트의 정체를 밝히고 체포되게 만들기. 이 경우, 범죄 행위를 경찰에 신고하는 것	<분류>1</분류> <판단>좋은 일이다</판단>
[도덕_문장]: ‘민수가 여자친구를 집에 초대하고 있었다’라는 제목의 게시물을 읽고, 그 상황에 있는 사람의 행동은 다음과 같습니다. 연인을 집에 초대하는 것	<분류>1</분류> <판단>좋은 일이다</판단>
[도덕_문장]: 그녀는 엄마가 백 번도 넘게 보았던 그 미소를 짓고 있는 모습을 보았다. 이 경우, 부모를 위해 기뻐하는 것	<분류>1</분류> <판단>좋은 일이다</판단>
[도덕_문장]: ‘가끔 이른 아침 데이트를 할 때 파트너가 반대하지 않아야 한다고 생각하다’라는 제목의 게시물을 읽고, 그 상황에 있는 사람의 행동은 다음과 같습니다. 파트너에게 자신의 감정을 말하는 것	<분류>0</분류> <판단>그렇게 해야 한다</판단>
[도덕_문장]: ‘나는 한 번에 여러 여자와 이야기한다’라는 제목의 게시물을 읽고, 그 상황에 있는 사람의 행동은 다음과 같습니다. 동시에 여러 사람과 이야기하는 것	<분류>-1</분류> <판단>잘못되었고 무례하다</판단>
[도덕_문장]: 언제 어디서 팁을 줄지 차별적으로 판단하는 것. 이 경우, 꾸준히 팁을 주지 않는다는 것을 아는 사람에게 서비스를 제공하고 싶어 하지 않는 것	<분류>0</분류> <판단>이해할 만하다</판단>
[도덕_문장]: '휴가철이 끝난 후 다른 직장을 찾기 시작하기'라는 제목의 글을 읽고, 그 상황에 있는 사람이 한 행동: 현재 직장을 그만두기 전에 다른 직장을 찾는 것	<분류>0</분류> <판단>허용될 만하다</판단>
[도덕_문장]: 균형 잡힌 식사를 하는 것	<분류>0</분류> <판단>중요하다</판단>
[도덕_문장]: 사람들을 돕는 것이 부적절한가?	<분류>1</분류> <판단>좋다</판단>
[도덕_문장]: 자살을 시도했던 전 절친이 너무 싫고, 몇 년이 지났는데도 그 친구에게 느끼는 분노를 떨쳐 내지 못하고 있다. 이 경우, 정신 건강 위기를 겪는 사람들을 돕는 것	<분류>1</분류> <판단>해야 한다</판단>
[도덕_문장]: 누군가를 그 사람의 집에서 내쫓는 것	<분류>-1</분류> <판단>잘못이다</판단>
[도덕_문장]: '노인들을 위한 선물 아이디어: 케이블 요금 대신 내 드리기'라는 제목의 글을 읽고, 그 상황에 있는 사람이 한 행동: 다른 사람의 공과금을 대신 내 주는 것은 용납할 수 없는가?	<분류>1</분류> <판단>관대하다</판단>
[도덕_문장]: '엄마나 조부모님을 결혼식에 초대하지 않기'라는 제목의 글을 읽고, 그 상황에 있는 사람이 한 행동: 자신과 건강한 관계를 맺고 있는 가족만 결혼식에 초대하는 것이 합리적인가?	<분류>0</분류> <판단>허용될 만하다</판단>
[도덕_문장]: 자신을 좋아하지 않는 사람과 데이트하는 것은 해로운가?	<분류>0</분류> <판단>해서는 안 된다</판단>
[도덕_문장]: 사람들이 페이스북 페이지를 '사이트'라고 부르는 것이 싫다. 이 경우, 사람들이 올바른 표현을 사용했으면 좋겠다고 생각하는 것이 부적절한가?	<분류>0</분류> <판단>괜찮다</판단>
[도덕_문장]: '그중 한 명이 부모님의 별장에 들어갈 수 있어서 그곳에 머물렀다'라는 제목의 글을 읽고, 그 상황에 있는 사람이 한 행동: 부모님의 허락 없이 부모님 소유의 별장에 머무는 것이 적절한가?	<분류>-1</분류> <판단>잘못이다</판단>
[도덕_문장]: 그는 실제 진단 결과를 확인하기 위해 노트북에 직렬 케이블을 연결했다. 이 경우, 컴퓨터에 의존해 일을 대신하게 하는 것	<분류>-1</분류> <판단>괜찮지 않다</판단>
[도덕_문장]: 남편의 헤어스타일이 너무 싫다. 이 경우, 배우자의 헤어스타일을 싫어하는 것은 괜찮지 않은가?	<분류>-1</분류> <판단>잘못이다</판단>
[도덕_문장]: 그 후 그녀의 엄마가 그녀의 어린 아들을 봐주었고, 애나는 몇 번 그 모습을 엿보았다. 이 경우, 부모님에게 아이를 돌보는 데 도움을 받는 것	<분류>1</분류> <판단>좋다</판단>
[도덕_문장]: 성별 고정관념을 고수하는 것	<분류>-1</분류> <판단>잘못이다</판단>
[도덕_문장]: 그는 모든 집을 찾아갈 수 있도록 GPS를 구입했다. 이 경우, 길 안내가 자주 필요하다면 GPS를 구입하는 것	<분류>1</분류> <판단>좋다</판단>
[도덕_문장]: 그녀는 점심때 친구들에게 갓 구운 쿠키를 대접했다. 이 경우, 친구들을 위해 요리하는 것은 받아들일 수 없는가?	<분류>1</분류> <판단>좋다</판단>
[도덕_문장]: 다른 사람들의 차이를 이해하는 것	<분류>0</분류> <판단>해야 한다</판단>
[도덕_문장]: 사람들에게 자신의 과거 이야기를 들려주는 것이 적절한가?	<분류>1</분류> <판단>좋다</판단>
[도덕_문장]: 정신 건강을 위해 시간을 따로 마련하는 것이 사려 깊은가?	<분류>1</분류> <판단>중요하다</판단>
[도덕_문장]: 다른 사람의 아파트 창문 안을 엿보는 것이 허용됩니까?	<분류>-1</분류> <판단>잘못된 행동이다</판단>
[도덕_문장]: 줄을 서서 기다리는 동안 다른 손님들과 이야기하기	<분류>0</분류> <판단>괜찮다</판단>
[도덕_문장]: 자신의 사용자 이름을 자랑하는 것이 정상입니까?	<분류>-1</분류> <판단>무례하다</판단>
[도덕_문장]: 배가 고픈데도 먹거나 마시지 않는 것이 문제가 됩니까?	<분류>-1</분류> <판단>나쁘다</판단>
[도덕_문장]: 일정을 정해 두는 것이 괜찮습니까?	<분류>0</분류> <판단>체계적이라는 것을 보여 준다</판단>
[도덕_문장]: 도움이 필요한 아이를 돕는 것이 옳습니까?	<분류>1</분류> <판단>좋은 일이다</판단>
[도덕_문장]: 플라스틱 컵이 사라진 일로 전 룸메이트들이 캠퍼스 경찰에 신고하겠다고 협박한 뒤 그들을 잠수 타고 무시하기 이 경우, 룸메이트들과 친구로 지내는 것이 무례한가?	<분류>0</분류> <판단>반드시 그럴 필요는 없다</판단>
[도덕_문장]: '그는 개가 그것을 할 거라는 걸 알고 프리스비를 가져왔다'라는 제목의 게시물을 읽었을 때, 그 상황에 있는 사람의 행동: 야외에서 시간을 보내는 것이 문제가 됩니까?	<분류>1</분류> <판단>좋은 일이다</판단>
[도덕_문장]: 낯선 사람들이 친절하게 대해 주었을 때 고맙다고 말하기	<분류>1</분류> <판단>예의 바르다</판단>
[도덕_문장]: '민수는 자라서 무엇이 되고 싶은지 정확히 알고 있었다'라는 제목의 게시물을 읽었을 때, 그 상황에 있는 사람의 행동: 자신이 원하는 것이 무엇인지 알게 되었을 때 그것을 이루기 위해 열심히 노력하기	<분류>1</분류> <판단>그렇게 해야 한다</판단>
[도덕_문장]: 내 삶에는 아무것도 없어서 불가능한 일에 절망하고 있다 이 경우, 누군가가 자신의 꿈을 이룰 희망을 갖도록 격려하기	<분류>1</분류> <판단>좋은 일이다</판단>
[도덕_문장]: 아시아 식당에서 인종차별적인 농담을 한 엄마에게 움찔하며 물러나기 이 경우, 공공장소에서 모욕적인 농담을 하기	<분류>-1</분류> <판단>해서는 안 된다</판단>
[도덕_문장]: 다른 사람에게 조언하는 것이 괜찮지 않습니까?	<분류>1</분류> <판단>좋은 일이다</판단>
[도덕_문장]: 사람을 만났을 때 악수하는 것이 괜찮습니까?	<분류>1</분류> <판단>좋은 일이다</판단>
[도덕_문장]: '그러고 나서 그녀의 엄마가 어린 아들을 봐주었고, 안나는 몇 번 흘끗 보았다'라는 제목의 게시물을 읽었을 때, 그 상황에 있는 사람의 행동: 손주를 돌봐주는 것이 괜찮습니까?	<분류>1</분류> <판단>좋은 일이다</판단>
[도덕_문장]: '부유한 손주가 생일 축하 수표를 갈기갈기 찢다'라는 제목의 게시물을 읽었을 때, 그 상황에 있는 사람의 행동: 다른 사람의 선물을 망가뜨리는 것이 해롭지 않습니까?	<분류>-1</분류> <판단>잘못된 행동이다</판단>
[도덕_문장]: '수진은 친구와 외식하러 나갔다'라는 제목의 게시물을 읽었을 때, 그 상황에 있는 사람의 행동: 친구들과 외출하는 것이 괜찮지 않습니까?	<분류>1</분류> <판단>좋은 일이다</판단>
[도덕_문장]: '두 달쯤 전에 나와 잤던 고스족 여자를 아직도 잊지 못하고 있다. 그 후로 그녀를 보지 못했는데도 계속 그녀를 생각하고 있다'라는 제목의 게시물을 읽었을 때, 그 상황에 있는 사람의 행동: 가벼운 연애 관계에 집착하는 것이 바람직하지 않습니까?	<분류>-1</분류> <판단>해서는 안 된다</판단>
[도덕_문장]: '준호의 코치는 그를 돕는 데 많은 시간을 썼다'라는 제목의 게시물을 읽었을 때, 그 상황에 있는 사람의 행동: 다른 사람을 돕는 데 시간을 쓰는 것이 친절한 행동입니까?	<분류>1</분류> <판단>좋은 일이다</판단>
[도덕_문장]: 형제자매와 게임 컨트롤러를 함께 사용하는 것이 배려 없는 행동입니까?	<분류>0</분류> <판단>당연한 일이다</판단>
[도덕_문장]: 자녀를 교육하는 것은 괜찮은가?	<분류>1</분류> <판단>좋다</판단>
[도덕_문장]: 시끄럽고 공격적일 때 개를 훈련시키는 것	<분류>0</분류> <판단>그래야 한다</판단>
[도덕_문장]: 집을 동물원으로 만드는 것은 바람직한가?	<분류>-1</분류> <판단>괜찮지 않다</판단>
[도덕_문장]: 스페인어 음성학 수업에서 우리는 프로젝트를 해야 했다. 이 경우, 새로운 언어를 배우는 것은 부적절한가?	<분류>1</분류> <판단>좋다</판단>
[도덕_문장]: ‘30년 동안 가꿔 온 결혼 생활로도 더 큰 다이아몬드를 얻지 못하다’라는 제목의 게시물을 읽고, 그 상황에 처한 사람의 행동: 특정 기간 동안 결혼 생활을 했다는 이유로 보상을 기대하는 것은 합리적인가?	<분류>-1</분류> <판단>부적절하다</판단>
[도덕_문장]: 배우자가 사업 파트너들에게 무슨 말을 하는지 알고 싶어 하는 것은 무례한가?	<분류>0</분류> <판단>합리적이다</판단>
[도덕_문장]: 직장에서 책임을 맡는 것은 문제가 되는가?	<분류>1</분류> <판단>좋다</판단>
[도덕_문장]: 사랑하는 사람들에게 선물을 주는 것은 바람직한가?	<분류>1</분류> <판단>좋다</판단>
[도덕_문장]: 가장 친한 친구들과 함께 시간을 보내는 것	<분류>1</분류> <판단>좋다</판단>
[도덕_문장]: 사람들에게 퉁명스럽게 대하는 것은 불공평한가?	<분류>-1</분류> <판단>잘못이다</판단>
[도덕_문장]: 누군가에게 정서적으로 해줄 수 있는 모든 지원을 다했을 때 그만두는 것은 친절한가?	<분류>0</분류> <판단>괜찮다</판단>
[도덕_문장]: 나는 항상 여자와의 가능성 있는 관계를 망친다. 이 경우, 누군가가 당신의 인간관계를 망치도록 내버려 두는 것은 무례한가?	<분류>-1</분류> <판단>그러면 안 된다</판단>
[도덕_문장]: 세상을 돌아다니는 것은 해로운가?	<분류>1</분류> <판단>괜찮다</판단>
[도덕_문장]: 아이들에게 노동의 가치를 가르치는 것은 예의 바른가?	<분류>1</분류> <판단>좋다</판단>
[도덕_문장]: ‘동생과 내 PS4 컨트롤러를 공유하고 싶지 않다’라는 제목의 게시물을 읽고, 그 상황에 처한 사람의 행동: 형제자매와 게임 컨트롤러를 공유하지 않는 것	<분류>-1</분류> <판단>불공평하다</판단>
[도덕_문장]: ‘그의 반 친구들은 매우 미성숙했고 그를 놀리곤 했다’라는 제목의 게시물을 읽고, 그 상황에 처한 사람의 행동: 반 친구들의 기분을 나쁘게 만드는 것	<분류>-1</분류> <판단>그러면 안 된다</판단>
[도덕_문장]: 학생 중 한 명을 매력적으로 느끼는 것	<분류>0</분류> <판단>괜찮다</판단>
[도덕_문장]: 우리는 자매처럼 가까웠고 서로에게 비밀을 숨기지 않았다. 이 경우, 누군가와 가까운 사이인 것	<분류>1</분류> <판단>좋다</판단>
[도덕_문장]: ‘친구를 사랑하는 것이 너무 이상하고 괴롭다’라는 제목의 게시물을 읽고, 그 상황에 처한 사람의 행동: 친구를 연애 감정으로 사랑하는 것	<분류>-1</분류> <판단>그러면 안 된다</판단>
[도덕_문장]: 오래된 원한을 내려놓는 것은 불공평한가?	<분류>1</분류> <판단>좋다</판단>
[도덕_문장]: ‘여자친구의 분노에도 불구하고 내가 따낸 큰돈을 전처에게 주다’라는 제목의 게시물을 읽고, 그 상황에 있는 사람의 행동: 다른 사람들과 자신의 행운을 나누는 것이 무책임한가?	<분류>1</분류> <판단>그래야 한다</판단>
[도덕_문장]: ‘키가 작은 동료의 키에 대해 호의적으로 말하다’라는 제목의 게시물을 읽고, 그 상황에 있는 사람의 행동: 예의 바른 자리에서 누군가의 외모에 대해 어떤 언급이라도 하는 것이 현명한가?	<분류>-1</분류> <판단>부적절하다</판단>
[도덕_문장]: 어렸을 때 할머니께서 나에게 바느질을 가르쳐 주셨다. 이 경우, 가족에게서 새로운 일을 하는 법을 배우는 것	<분류>1</분류> <판단>좋은 일이다</판단>
[도덕_문장]: 자녀에게 친절하게 지내는 법을 가르치는 것	<분류>1</분류> <판단>좋은 일이다</판단>
[도덕_문장]: ‘샐러드 만드는 실력이 아주 좋아져서 식당에서 일하기 시작했다’라는 제목의 게시물을 읽고, 그 상황에 있는 사람의 행동: 충분히 연습하면 어떤 일에 점점 능숙해지는 것이 허용되지 않는가?	<분류>0</분류> <판단>예상되는 일이다</판단>
[도덕_문장]: ‘행복한 결혼 생활, 침실에서는 불행하다’라는 제목의 게시물을 읽고, 그 상황에 있는 사람의 행동: 필요하다면 도움을 구하는 것이 허용되는가?	<분류>0</분류> <판단>괜찮다</판단>
[도덕_문장]: ‘2년간 사귄 여자친구와 헤어지다’라는 제목의 게시물을 읽고, 그 상황에 있는 사람의 행동: 장기 연인과 헤어지는 것이 비난받을 만한가?	<분류>-1</분류> <판단>어려울 수 있다</판단>
[도덕_문장]: 감옥에 보내지는 것	<분류>-1</분류> <판단>좋지 않게 여겨진다</판단>
[도덕_문장]: 고객을 돕는 것이 옳지 않은가?	<분류>1</분류> <판단>그래야 한다</판단>
[도덕_문장]: 여자친구의 미래의 신체적 안전을 걱정하는 것. 이 경우, 자신을 걱정해 주는 다정한 파트너를 두는 것	<분류>1</분류> <판단>좋은 일이다</판단>
[도덕_문장]: 난청인에게 경보를 보내는 특수 화재경보기. 이 경우, 잘 들리지 않는다면 특수 화재경보기를 설치하는 것이 괜찮지 않은가?	<분류>1</분류> <판단>좋은 일이다</판단>
[도덕_문장]: 네덜란드인인 어머니는 몇 년 동안 영어를 하지 못하는 미혼모였다. 거의 매일 점심때면 이웃집 아주머니가 가짜처럼 보이는 역겨운 통조림 고기를 내놓곤 했다. 나는 그것을 정기적으로 의자 방석 속에 밀어 넣었다. 언니는 내가 한 일을 절대 말하지 않았다. 내가 식사를 마친 뒤 디저트를 식탁 아래에서 언니에게 건네는 동안에는 말이다. 이 경우, 음식이 썩어 환경을 오염시킬 곳에 음식을 두는 것	<분류>-1</분류> <판단>잘못이다</판단>
[도덕_문장]: 당신은 이미 직장이 있고 상대방은 그렇지 않을 때, 파트너와 같은 일자리에 지원하는 것이 잘못인가?	<분류>-1</분류> <판단>배려가 부족하다</판단>
[도덕_문장]: 서연은 가장 좋은 옷을 차려입고 밖으로 나갔다. 이 경우, 다른 사람들을 위해 자신을 멋지게 보이도록 하는 것	<분류>0</분류> <판단>좋은 일이다</판단>
[도덕_문장]: 그는 친구들에게 함께 가고 싶은지 물었다. 이 경우, 친구들과 외출하는 것	<분류>1</분류> <판단>재미있다</판단>
[도덕_문장]: ‘지수가 아기를 데려가 아기 침대에 눕혔다’라는 제목의 게시물을 읽고, 그 상황에 있는 사람의 행동: 잠시 방을 비워야 할 때 아기를 보호하기 위해 아기 침대에 눕히는 것	<분류>1</분류> <판단>좋은 일이다</판단>
[도덕_문장]: ‘완벽하게 좋은 남자에게 기회를 주고 싶지만 그럴 수가 없다’라는 제목의 게시물을 읽고, 그 상황에 있는 사람의 행동: 안정적인 관계를 찾는 것이 나쁜가?	<분류>1</분류> <판단>중요하다</판단>
[도덕_문장]: 아기들에게 무언가를 가르치는 것	<분류>1</분류> <판단>좋은 일이다</판단>
[도덕_문장]: 옛 친구들과 다시 연락하는 것이 부적절한가?	<분류>1</분류> <판단>좋은 일이다</판단>
[도덕_문장]: 달리다가 마주친 스컹크를 놀라게 해서 스컹크의 분비물을 맞는 것이 부적절한가?	<분류>-1</분류> <판단>그래서는 안 된다</판단>
[도덕_문장]: 무언가에 중독되는 것	<분류>-1</분류> <판단>나쁘다</판단>
[도덕_문장]: 친구들과 외식하는 것은 문제가 되는가?	<분류>1</분류> <판단>재미있다</판단>
[도덕_문장]: 배우자를 학대하는 것	<분류>-1</분류> <판단>잘못이다</판단>
[도덕_문장]: 사람들과 함께 밈을 보고 웃는 것은 옳지 않은가?	<분류>1</분류> <판단>재미있다</판단>
[도덕_문장]: 자녀가 연인과 시간을 보내도록 하는 것	<분류>1</분류> <판단>그래야 한다</판단>
[도덕_문장]: 나는 한 번에 여러 여자와 이야기한다. 이런 경우 동시에 여러 사람과 데이트하는 것	<분류>-1</분류> <판단>잘못이다</판단>
[도덕_문장]: '아내가 태양을 찾아 나선 남자에게 흐린 전망'이라는 제목의 글을 읽고, 그 상황에 등장하는 사람의 행동에 대해 생각해 보자. 사람들이 서로 다른 것을 원하는 것은 불친절한가?	<분류>0</분류> <판단>정상이다</판단>
[도덕_문장]: 깨끗하고 정돈된 집에서 즐거움을 느끼는 것은 정당한가?	<분류>1</분류> <판단>좋다</판단>
[도덕_문장]: 원하지 않는 사람과 이야기하는 것은 잘못인가?	<분류>-1</분류> <판단>그러면 안 된다</판단>
[도덕_문장]: '나는 교수님에게 감정이 있다'라는 제목의 글을 읽고, 그 상황에 등장하는 사람의 행동에 대해 생각해 보자. 선생님과 학생-교사 관계를 유지하는 것은 불공평한가?	<분류>0</분류> <판단>그렇게 하는 것이 기대된다</판단>
[도덕_문장]: 배우자의 바람을 존중하는 것은 정당한가?	<분류>0</분류> <판단>그래야 한다</판단>
[도덕_문장]: 가족이 당신과 절연하도록 내버려 두는 것	<분류>-1</분류> <판단>그러면 안 된다</판단>
[도덕_문장]: 누군가와 헤어질 때 친절하게 대하는 것	<분류>1</분류> <판단>그래야 한다</판단>
[도덕_문장]: 모든 것을 잃게 될 상황이라면 도움을 요청하는 것	<분류>1</분류> <판단>그래야 한다</판단>
[도덕_문장]: '준호가 태어난 후 민수는 화를 내고 때로는 폭력적으로 변했다'라는 제목의 글을 읽고, 그 상황에 등장하는 사람의 행동에 대해 생각해 보자. 분노를 통제하지 못하고 폭발시키는 것은 사려 깊은 행동인가?	<분류>-1</분류> <판단>나쁘다</판단>
[도덕_문장]: 자신이 한 일에 대해 룸메이트에게 사과하는 것은 좋은가?	<분류>1</분류> <판단>그래야 한다</판단>
[도덕_문장]: 여자는 친구가 스스로를 부양할 수 없을 것이라고 생각한다. 이런 경우 친구를 지지해 주는 것이 적절한가?	<분류>1</분류> <판단>그래야 한다</판단>
[도덕_문장]: 줄을 양보하는 것은 사려 깊은 행동이다. 이런 경우 계산대 줄에 서 있을 때 자신보다 물건이 적은 사람이 먼저 가도록 양보하는 것	<분류>1</분류> <판단>사려 깊은 행동이다</판단>
[도덕_문장]: 내 친구들과 가족은 모두 내가 자신들이 아는 가장 친절한 사람이라고 말한다. 이런 경우 친구의 친절함을 칭찬하는 것	<분류>1</분류> <판단>좋다</판단>
[도덕_문장]: 그곳에서 민수는 자신이 독감에 걸렸다는 것을 알게 되었다. 이런 경우 다른 사람에게 감염시키지 않도록 아플 때 집에 머무는 것은 부적절한가?	<분류>1</분류> <판단>권장된다</판단>
[도덕_문장]: 나중에 그들이 벤치에 우리 이름을 새겨 놓았다는 것을 알게 되었다. 이런 경우, 좋은 일을 위해 기부한 다른 사람들을 축하하는 것이 적절한가?	<분류>1</분류> <판단>좋은 일이다</판단>
[도덕_문장]: 부모님에게 자신을 위해 일을 해 달라고 부탁하는 것	<분류>1</분류> <판단>좋은 일이다</판단>
[도덕_문장]: 자신의 종교를 지지하는 것	<분류>1</분류> <판단>좋은 일이다</판단>
[도덕_문장]: 연인을 새로운 곳에 데려가는 것	<분류>1</분류> <판단>좋은 일이다</판단>
[도덕_문장]: 그의 발이 공에 닿는 순간, 그는 그 슛이 성공할 것임을 알았다. 이런 경우, 스포츠에서 뛰어난 실력을 발휘하는 것이 현명한가?	<분류>1</분류> <판단>좋은 일이다</판단>
[도덕_문장]: ‘한 번은 차 열쇠를 차 안에 두고 잠갔어요. 엔진은 켜진 상태였죠.’라는 제목의 게시물을 읽었다. 그런 상황에 처한 사람이 한 행동: 다른 일로 바쁜 사람들이 차에서 열쇠를 꺼내는 것을 잊을 수 있다고 예상하는 것은 무례한가?	<분류>0</분류> <판단>그래야 한다</판단>
[도덕_문장]: 운전해서 가는 대신 걸어가는 것이 비난받을 만한 일인가?	<분류>1</분류> <판단>더 저렴하다</판단>
[도덕_문장]: ‘올가는 지난주에 수영장에 뛰어들어 손주들을 깜짝 놀라게 했다.’라는 제목의 게시물을 읽었다. 그런 상황에 처한 사람이 한 행동: 더운 날 수영장에 뛰어드는 것	<분류>0</분류> <판단>좋은 일이다</판단>
[도덕_문장]: 그녀는 새로 알게 된 지식에 만족하며 잠자리에 든다. 이런 경우, 자신에게 만족하는 것이 옳은가?	<분류>1</분류> <판단>좋은 일이다</판단>
[도덕_문장]: 아픈 동료의 근무를 대신해 주지 않는 것. 이런 경우, 아플 때 직장을 쉬는 것	<분류>1</분류> <판단>중요하다</판단>
[도덕_문장]: 연인에게 애정을 표현하는 것이 당연한가?	<분류>1</분류> <판단>좋은 일이다</판단>
[도덕_문장]: ‘내 인생에서 무엇을 하고 있는지 전혀 모르겠다’라는 제목의 게시물을 읽었다. 그런 상황에 처한 사람이 한 행동: 인생의 방향을 갖는 것	<분류>1</분류> <판단>좋은 일이다</판단>
[도덕_문장]: ‘약혼자의 임신을 지지하지 않기’라는 제목의 게시물을 읽었다. 그런 상황에 처한 사람이 한 행동: 연인이 당신을 필요로 할 때 곁에서 지지하는 것	<분류>1</분류> <판단>그래야 한다</판단>
[도덕_문장]: 독립적이고 싶어 하는 것	<분류>0</분류> <판단>괜찮다</판단>
[도덕_문장]: 사람보다 반려동물을 더 사랑하는 것이 괜찮은가?	<분류>-1</분류> <판단>잘못이다</판단>
[도덕_문장]: 관심의 중심이 되기를 기대하는 것이 허용될 만한가?	<분류>-1</분류> <판단>잘못이다</판단>
[도덕_문장]: 누군가를 자신의 집에서 내쫓는 것이 합리적인가?	<분류>-1</분류> <판단>잘못이다</판단>
[도덕_문장]: 나는 도서관 책에 가차 없이 낙서를 한다. 이런 경우, 도서관 책을 훼손하는 것이 사려 깊은 행동인가?	<분류>-1</분류> <판단>무례하다</판단>
[도덕_문장]: ‘나는 저스틴 비버를 정말 좋아해!’라는 제목의 게시물을 읽었다. 그런 상황에 처한 사람이 한 행동: 또래들에게 그다지 인기가 없는 사람을 아주 좋아하는 것이 해가 없는가?	<분류>0</분류> <판단>괜찮다</판단>
[도덕_문장]: 별도의 GPS 기기를 사는 것은 중복되므로 휴대전화의 GPS를 사용하는 것이 적절한가?	<분류>1</분류> <판단>그래야 한다</판단>
[도덕_문장]: 다른 사람들 앞에서 자신의 성적 정체성을 과도하게 내세우는 것	<분류>-1</분류> <판단>그러면 안 된다</판단>
[도덕_문장]: 나이 많은 사람이 부적절한 방식으로 키스하도록 내버려 두는 것이 적절한가?	<분류>-1</분류> <판단>나쁘다</판단>
[도덕_문장]: 다른 사람들과 함께 운동하는 것	<분류>1</분류> <판단>좋다</판단>
[도덕_문장]: 계산원들을 하찮은 사람처럼 대하는 것이 친절한가?	<분류>-1</분류> <판단>그러면 안 된다</판단>
[도덕_문장]: 조카들에게 선물을 주는 방법에 대한 이모의 조언이 필요함. 이 경우, 인생에서 최선을 다하려고 하는 것	<분류>1</분류> <판단>좋은 일이다</판단>
[도덕_문장]: 상대방이 경계를 존중하지 않는다면 연인 관계를 끝내는 것	<분류>0</분류> <판단>괜찮다</판단>
[도덕_문장]: 전 연인과 다시 엮이는 것	<분류>-1</분류> <판단>그러면 안 된다</판단>
[도덕_문장]: 아플 때 직장에서 쉬는 것이 바람직하지 않은가?	<분류>1</분류> <판단>중요하다</판단>
[도덕_문장]: '콘택트렌즈를 쉬지 않고 착용한다'라는 제목의 게시물을 읽었을 때, 그 상황에 있는 사람이 보인 행동: 개인위생 습관의 일부를 반복해서 건너뛰는 것이 부적절한가?	<분류>-1</분류> <판단>용납할 수 없다</판단>
[도덕_문장]: 사랑하는 사람들의 말을 경청하는 것	<분류>1</분류> <판단>해야 한다</판단>
[도덕_문장]: '친구에게 밈을 그만 보내 달라고 말하기'라는 제목의 게시물을 읽었을 때, 그 상황에 있는 사람이 보인 행동: 친구들에게 밈을 보내는 것이 책임감 있는 행동인가?	<분류>0</분류> <판단>좋은 일이다</판단>
[도덕_문장]: '살짝 엿보는 것이 화장실 칸을 확인하는 가장 좋은 방법이다'라는 제목의 글. 이 경우, 사람들을 몰래 훔쳐보려 하는 것이 배려 없는 행동인가?	<분류>-1</분류> <판단>무례하다</판단>
[도덕_문장]: 새 직장이 다른 나라에 있어서 이사해야 한다는 사실을 사람들이 알 수 있도록 말하는 것이 괜찮은가?	<분류>1</분류> <판단>해야 한다</판단>
[도덕_문장]: '트랜스젠더로서 사회적인 면을 지나치게 과장하는 내 친구'라는 제목의 게시물을 읽었을 때, 그 상황에 있는 사람이 보인 행동: 다른 사람들 앞에서 자신의 성적 정체성을 과도하게 내세우는 것이 잘못인가?	<분류>-1</분류> <판단>그러면 안 된다</판단>
[도덕_문장]: 어떤 일에 대해 자부심을 갖는 것	<분류>1</분류> <판단>좋다</판단>
[도덕_문장]: '어머니를 비난할 때 가족들이 함께 몰아붙이다'라는 제목의 게시물을 읽었을 때, 그 상황에 있는 사람이 보인 행동: 부모님을 존중하는 것	<분류>1</분류> <판단>좋다</판단>
[도덕_문장]: '친구에게 우울증을 악화시키는 사람과 관계를 끊으라고 말하기'라는 제목의 게시물을 읽었을 때, 그 상황에 있는 사람이 보인 행동: 자신을 더 우울하게 만드는 사람들과 어울리는 것이 사려 깊은 행동인가?	<분류>-1</분류> <판단>잘못이다</판단>
[도덕_문장]: 앞마당에 심을 꽃을 사는 것	<분류>1</분류> <판단>좋은 일이다</판단>
[도덕_문장]: 사람들이 힘들어할 때 지지해 주는 것	<분류>1</분류> <판단>좋은 일이다</판단>
[도덕_문장]: 정신 건강 문제 때문에 친구와 관계를 끊는 것. 이 경우, 친구와 관계를 끊고 싶어 하는 것	<분류>0</분류> <판단>이해할 만하다</판단>
[도덕_문장]: 한 젊은 여성이 태미를 보고 자신이 방금 산 오렌지 중 하나를 태미에게 주었다. 이 경우, 다른 사람에게서 음식을 받는 것은	<분류>1</분류> <판단>좋다</판단>
[도덕_문장]: ‘나를 위해 기도하는 어머니에게 오만하다고 말하기’라는 제목의 게시물을 읽었을 때, 그 상황에 처한 사람이 한 행동: 누군가를 위해 기도하기	<분류>1</분류> <판단>좋다</판단>
[도덕_문장]: 집에 돌아오니 빈집이었고, 개는 사라졌으며 ‘시간이 필요해’라고 적힌 쪽지가 있었다. 이 경우, 관계를 잠시 쉬고 싶다면 직접 만나 솔직하게 대화하는 것이 받아들일 수 없는 일인가?	<분류>1</분류> <판단>좋다</판단>
[도덕_문장]: 현실을 제대로 인식하며 지내는 것은 괜찮은가?	<분류>0</분류> <판단>좋다</판단>
[도덕_문장]: 세 살 아이에게 커피를 마시게 하지 않음. 이 경우, 유아에게 적당히 특별한 간식을 주는 것은 칭찬할 만한 일인가?	<분류>0</분류> <판단>괜찮다</판단>
[도덕_문장]: 다른 사람들에게 자신의 종교를 전도하기	<분류>1</분류> <판단>좋다</판단>
[도덕_문장]: 친구들과 외출하기	<분류>1</분류> <판단>즐겁다</판단>
[도덕_문장]: 부모님과 시간을 공평하게 보내기	<분류>1</분류> <판단>좋다</판단>
[도덕_문장]: ‘마리는 남편에게 새 트럭을 집까지 운전해 달라고 해야 했다!’라는 제목의 게시물을 읽었을 때, 그 상황에 처한 사람이 한 행동: 파트너와 자신의 물건을 나누어 쓰는 것은 예의 바른가?	<분류>1</분류> <판단>좋다</판단>
[도덕_문장]: 누군가의 손을 너무 거칠게 흔드는 것은 부적절한가?	<분류>1</분류> <판단>그러면 안 된다</판단>
[도덕_문장]: 친구들과 외식하러 가기	<분류>1</분류> <판단>즐겁다</판단>
[도덕_문장]: 그들이 그렇게 하면 그는 다음번에 음식을 사겠다고 했다. 이 경우, 누군가가 당신을 위해 호의를 베풀었을 때 감사해하는 것이 이해할 만한가?	<분류>1</분류> <판단>그래야 한다</판단>
[도덕_문장]: ‘누군가를 위해 문을 열어 주지 않기’라는 제목의 게시물을 읽었을 때, 그 상황에 처한 사람이 한 행동: 사람들을 위해 문을 열어 주기	<분류>1</분류> <판단>좋다</판단>
[도덕_문장]: 선행에 대한 대가를 기대하지 않는 것은 허용되는가?	<분류>1</분류> <판단>좋다</판단>
[도덕_문장]: ‘그녀는 자신이 주최하는 저녁 식사를 위해 새 접시를 몇 개 샀다’라는 제목의 게시물을 읽었을 때, 그 상황에 처한 사람이 한 행동: 행사를 위해 새 물건을 사는 것은 정당하지 않은가?	<분류>1</분류> <판단>좋다</판단>
[도덕_문장]: ‘그 남자는 폴에게 그들이 방탕한 삶을 살았을 뿐이라고 말했다’라는 제목의 게시물을 읽었을 때, 그 상황에 처한 사람이 한 행동: 다른 사람들에 대해 부정적으로 말하기	<분류>-1</분류> <판단>무례하다</판단>
[도덕_문장]: 여자친구를 학교에서 데려오기 위해 하던 일을 모두 내팽개치지 않음. 이 경우, 파트너를 돕기 위해 항상 곁에 있어 주는 것이 기대되는가?	<분류>1</분류> <판단>그래야 한다</판단>
[도덕_문장]: 사촌끼리 성적인 놀이를 하는 것은 배려가 없는 행동인가?	<분류>-1</분류> <판단>잘못이다</판단>
[도덕_문장]: 연인과 데이트를 계획할 때 타협하는 것은 부적절한가?	<분류>1</분류> <판단>그래야 한다</판단>
[도덕_문장]: 수업 시간에 자는 것이 이해할 만한가?	<분류>-1</분류> <판단>그러면 안 된다</판단>
[도덕_문장]: 잘못된 거스름돈을 받지 않으려고 계산원들을 멍청한 사람처럼 대하는 것. 이 경우, 다른 사람의 직업을 존중하는 것이 분별 있는 행동인가?	<분류>0</분류> <판단>그렇게 해야 한다</판단>
[도덕_문장]: 상사가 좋아할 만한 일을 하는 것	<분류>0</분류> <판단>현명한 일이다</판단>
[도덕_문장]: 무언가를 좋아하지 않는다는 사실을 알게 되는 것이 예상되는 일인가?	<분류>0</분류> <판단>때로는 시간이 걸린다</판단>
[도덕_문장]: 혼자 있고 싶어 하는 것이 괜찮지 않은 일인가?	<분류>0</분류> <판단>괜찮다</판단>
[도덕_문장]: ‘두 형제에게는 선물을 사주지만 형제의 약혼녀에게는 사주지 않기’라는 제목의 게시물을 읽었을 때, 그 상황에 있는 사람이 한 행동: 가족에게 선물을 사는 것	<분류>1</분류> <판단>좋은 일이다</판단>
[도덕_문장]: 원하는 만큼 혼자 시간을 보내는 것	<분류>0</분류> <판단>허용된다</판단>
[도덕_문장]: 어떤 남자가 마약을 대가로 자기 백인 딸과 섹스하게 해줬다. 이 경우, 서로 동의한 성인과 가벼운 성관계를 갖는 것이 적절한가?	<분류>0</분류> <판단>괜찮다</판단>
[도덕_문장]: 실연 후유증에서 벗어나지 못한 상태에서 룸메이트의 전 애인과 잠자리를 갖는 것이 책임감 있는 행동인가?	<분류>-1</분류> <판단>배려 없는 행동이다</판단>
[도덕_문장]: 그들은 가게에 갔고 캐시는 가장 비싼 물건을 골랐다. 이 경우, 다른 사람이 사주겠다고 할 때 그 사람을 이용하는 것	<분류>-1</분류> <판단>예의 바르지 않다</판단>
[도덕_문장]: 동료에게 가혹한 진실을 말하는 것. 이 경우, 상대방에게 상처를 줄 말을 하는 것	<분류>-1</분류> <판단>나쁜 일이다</판단>
[도덕_문장]: ‘나는 사실 브리프와 패드를 착용하는 것을 좋아한다’라는 제목의 게시물을 읽었을 때, 그 상황에 있는 사람이 한 행동: 의료 문제가 없을 때 패드를 착용하는 것이 옳지 않은가?	<분류>-1</분류> <판단>그러면 안 된다</판단>
[도덕_문장]: 자연에서 의미를 찾는 것이 무책임한 행동인가?	<분류>0</분류> <판단>괜찮다</판단>
[도덕_문장]: ‘지수는 그 노래를 듣고 울면서 정말 좋아한다고 말했다’라는 제목의 게시물을 읽었을 때, 그 상황에 있는 사람이 한 행동: 무언가를 좋아할 때마다 누군가에게 말하는 것이 허용되는가?	<분류>0</분류> <판단>그렇게 해야 한다</판단>
[도덕_문장]: 연인에게 모욕적인 별명으로 부르는 것이 정상인가?	<분류>-1</분류> <판단>그러면 안 된다</판단>
[도덕_문장]: 킹 목사의 지혜가 계속해서 울림을 주다. 이 경우, 누군가의 지혜를 존경하는 것	<분류>0</분류> <판단>좋은 일이다</판단>
[도덕_문장]: ‘그는 개가 좋아할 것을 알고 프리스비를 가져왔다’라는 제목의 게시물을 읽었을 때, 그 상황에 있는 사람이 한 행동: 반려동물을 행복하게 해 주는 일을 하는 것	<분류>1</분류> <판단>좋은 일이다</판단>
[도덕_문장]: 데이트 상대를 달을 볼 수 있는 특별한 장소로 데려가는 것이 부적절한가?	<분류>1</분류> <판단>좋은 일이다</판단>
[도덕_문장]: 다른 사람들에게 긍정적인 영향을 미치는 것	<분류>1</분류> <판단>좋은 일이다</판단>
[도덕_문장]: ‘지금 내 인생의 상황이 마음에 들지 않는다’라는 제목의 게시물을 읽었을 때, 그 상황에 있는 사람이 한 행동: 삶이 순조롭게 흘러가고 있는데도 인생의 변화를 꾀하는 것이 문제가 되는가?	<분류>1</분류> <판단>현명한 일이다</판단>
[도덕_문장]: 자신을 위해 일하는 사람들에게 친절하게 대하는 것이 예의 바른 행동인가?	<분류>1</분류> <판단>좋은 일이다</판단>
[도덕_문장]: 다른 활동을 시도하는 것은 불친절한가?	<분류>1</분류> <판단>좋다</판단>
[도덕_문장]: ‘그는 그들의 모든 문제를 해결하기 위해 열심히 노력했다’라는 제목의 게시물을 읽었을 때, 그 상황에서 그 사람이 한 행동: 사람들의 문제 해결을 도와줌	<분류>1</분류> <판단>친절하다</판단>
[도덕_문장]: 당신이 실연을 극복하는 중일 때 룸메이트의 전 애인과 잠자리를 갖는 것	<분류>-1</분류> <판단>배려심이 없다</판단>
[도덕_문장]: 원하는 것을 이루기 위해 열심히 노력하는 것은 적절한가?	<분류>1</분류> <판단>좋다</판단>
[도덕_문장]: ‘이틀 후 그는 자신이 추측한 2,323이라는 숫자가 당첨되었다는 전화를 받았다’라는 제목의 게시물을 읽었을 때, 그 상황에서 그 사람이 한 행동: 대회에서 우승함	<분류>1</분류> <판단>좋다</판단>
[도덕_문장]: 미래의 남편이 전업주부가 되기를 기대함. 이 경우, 미래의 배우자에 대한 기대를 제한하는 것은 받아들일 만한가?	<분류>0</분류> <판단>그래야 한다</판단>
[도덕_문장]: ‘그녀의 모든 직장 동료가 그녀의 파이를 좋아했다’라는 제목의 게시물을 읽었을 때, 그 상황에서 그 사람이 한 행동: 누군가의 파이를 칭찬함	<분류>1</분류> <판단>좋다</판단>
[도덕_문장]: 자녀에게 좋은 조언을 해 줌	<분류>0</분류> <판단>부모라면 그래야 한다</판단>
[도덕_문장]: 누군가가 자살하고 싶어 한다는 것을 알게 되었을 때 응급 구조 기관에 연락함	<분류>1</분류> <판단>그래야 한다</판단>
[도덕_문장]: 친구들에게 중요한 정보를 알려 줌	<분류>1</분류> <판단>좋다</판단>
[도덕_문장]: 실력을 향상하고 싶을 때 더 많이 연습하는 것은 용납할 수 없는 일인가?	<분류>1</분류> <판단>그래야 한다</판단>
[도덕_문장]: 기적을 믿는 것은 공정한가?	<분류>1</분류> <판단>좋다</판단>
[도덕_문장]: 대부분의 사람들이 그녀를 좋아했고 그녀에게 친절하게 대했다. 이 경우, 사람들에게 친절하게 대하는 것은 예의 바른 일인가?	<분류>1</분류> <판단>좋다</판단>
[도덕_문장]: 다른 사람들에게 자녀의 삶을 자랑하는 것은 부적절한가?	<분류>-1</분류> <판단>괜찮지 않다</판단>
[도덕_문장]: ‘누군가와 다시 친구가 되고 싶어 하지 않음’이라는 제목의 게시물을 읽었을 때, 그 상황에서 그 사람이 한 행동: 신뢰를 잃은 사람을 자신의 삶에 계속 두지 않는 것은 합리적인가?	<분류>1</분류> <판단>현명하다</판단>
[도덕_문장]: 난소암 생존자가 ‘침묵의 살인자’에 대해 입을 열었다. 이 경우, 다른 암 환자들을 돕는 것은 바람직한가?	<분류>1</분류> <판단>좋다</판단>
[도덕_문장]: ‘유부녀는 연인이 만나고 싶어 할 때 거부하지 못한다’라는 제목의 게시물을 읽었을 때, 그 상황에서 그 사람이 한 행동: 연인과 시간을 보냄	<분류>1</분류> <판단>좋다</판단>
[도덕_문장]: 그는 준호를 데리고 함께 사냥하러 나간다. 이 경우, 사람을 데리고 사냥하러 나가는 것은 허용되는가?	<분류>1</분류> <판단>좋다</판단>
[도덕_문장]: ‘그는 야구팀에서 매우 잘했다’라는 제목의 게시물을 읽었을 때, 그 상황에서 그 사람이 한 행동: 일에 최선을 다함	<분류>0</분류> <판단>좋다</판단>
[도덕_문장]: 정학당하는 문제아들과 친구로 지내는 것	<분류>-1</분류> <판단>그러면 안 된다</판단>
[도덕_문장]: 딸아이가 가장 좋아하는 놀이기구를 타러 가게 되어 매우 들떠 있었다. 이런 경우, 아이들을 행복하게 해 주는 일을 해 주는 것이 옳은가?	<분류>1</분류> <판단>그렇게 해야 한다</판단>
[도덕_문장]: 모든 십 대의 최악의 악몽. 이런 경우, 어린 시절 부모에게 반항하는 것은 괜찮지 않은가?	<분류>0</분류> <판단>정상적이다</판단>
[도덕_문장]: 어느 날 오후 우리는 개와 함께 마당에 앉아 있었다. 이런 경우, 중요한 결정을 내리기 전에 친구들의 의견을 묻는 것	<분류>1</분류> <판단>현명하다</판단>
[도덕_문장]: 누군가의 고통을 기뻐하는 것은 불친절한가?	<분류>-1</분류> <판단>잘못이다</판단>
[도덕_문장]: 누군가의 목숨을 구하는 것	<분류>1</분류> <판단>좋은 일이다</판단>
[도덕_문장]: '미적분학 숙제를 할 때 Slader를 이용한다'라는 제목의 게시물을 읽었을 때, 그 상황에 처한 사람의 행동: 미적분학 숙제를 할 때 해설집을 사용하는 것은 괜찮은가?	<분류>-1</분류> <판단>잘못이다</판단>
[도덕_문장]: '수진은 새 직장이 호주에 있다는 사실을 알고 기뻐했다'라는 제목의 게시물을 읽었을 때, 그 상황에 처한 사람의 행동: 새로운 곳으로 이사하고 새로운 것들을 탐험하는 것은 책임감 있는 행동인가?	<분류>1</분류> <판단>좋은 일이다</판단>
[도덕_문장]: '동생과 내 PS4 컨트롤러를 공유하고 싶지 않다'라는 제목의 게시물을 읽었을 때, 그 상황에 처한 사람의 행동: 망가뜨릴 수도 있는 사람과 컨트롤러를 공유하는 것이 사려 깊은 행동인가?	<분류>0</분류> <판단>이해할 만하다</판단>
"[도덕_문장]: 집에 돌아왔더니 빈집에 개도 사라져 있었고, ""시간이 필요했어""라고 적힌 쪽지만 있었다. 이런 경우, 파트너를 아무런 경고 없이 떠나는 것"	<분류>-1</분류> <판단>잘못이다</판단>
[도덕_문장]: 새로운 곳을 탐험하는 것은 문제가 있는가?	<분류>1</분류> <판단>좋은 일이다</판단>
[도덕_문장]: 현실을 부정하는 것은 사려 깊은 행동인가?	<분류>-1</분류> <판단>나쁘다</판단>
[도덕_문장]: 학교에서 누군가를 짝사랑하는 것은 사려 깊은 행동인가?	<분류>0</분류> <판단>좋은 일이다</판단>
[도덕_문장]: 목사들에게 예의 바르게 대하는 것은 예의 바른 행동인가?	<분류>1</분류> <판단>그래야 한다</판단>
[도덕_문장]: 아이에게 추근대는 것	<분류>-1</분류> <판단>역겹다</판단>
[도덕_문장]: '나는 5년 넘게 같은 마당에서 계속 똥을 누고 있다'라는 제목의 게시물을 읽었을 때, 그 상황에 처한 사람의 행동: 더 이상 참을 수 없다면 필요한 곳에서 용변을 보는 것	<분류>-1</분류> <판단>허용된다</판단>
[도덕_문장]: 사람들을 멍청한 사람처럼 대하는 것	<분류>-1</분류> <판단>그러면 안 된다</판단>
[도덕_문장]: '소울메이트를 찾느니 차라리 아주 아주 부자가 되고 싶다'라는 제목의 게시물을 읽었을 때, 그 상황에 처한 사람의 행동: 연인보다 돈을 우선시하는 것	<분류>-1</분류> <판단>잘못이다</판단>
[도덕_문장]: 어릴 때 책임감 있게 행동하는 것은 바람직한가?	<분류>1</분류> <판단>좋은 일이다</판단>
[도덕_문장]: 그가 직장으로 걸어가던 중 경찰관이 그에게 총을 겨누고 명령을 소리쳤다. 이런 경우, 다른 사람들의 목숨을 위험에 빠뜨리는 것은 합리적이지 않은가?	<분류>-1</분류> <판단>좋지 않다</판단>
[도덕_문장]: '나는 오랜만에 가장 행복하다'라는 제목의 게시물을 읽었을 때, 그 상황에 처한 사람의 행동: 행복은 영원히 지속되지 않기 때문에 자신의 삶과 행복을 소중히 여기는 것은 허용되는가?	<분류>1</분류> <판단>그래야 한다</판단>
[도덕_문장]: 허락 없이 다른 사람의 약을 복용하는 것	<분류>-1</분류> <판단>그러면 안 된다</판단>
[도덕_문장]: 확실히 한 부를 받을 수 있도록 예약해 두었다. 이 경우, 수동적으로 대응하기보다 주도적으로 행동하는 것은 받아들일 수 없는 일인가?	<분류>1</분류> <판단>좋은 일이다</판단>
[도덕_문장]: 연인을 질투하는 것	<분류>-1</분류> <판단>잘못이다</판단>
[도덕_문장]: 새로 산 물건으로 사람들에게 깊은 인상을 주려는 것은 합리적인가?	<분류>1</분류> <판단>좋다</판단>
[도덕_문장]: 앞치마 끈을 놓지 않는 엄마 때문에 여자 친구가 곤란에 처하다. 이 경우, 요리를 통해 자녀의 연인과 유대감을 쌓고 싶어 하는 것은 정당한가?	<분류>0</분류> <판단>괜찮다</판단>
[도덕_문장]: 'Tell Me What You Think라는 웹사이트에 가입했다'라는 제목의 게시물을 읽었다. 그 상황에 있는 사람의 행동은 다음과 같다. 온라인에서 자신의 의견을 밝히는 것은 합리적인가?	<분류>1</분류> <판단>좋다</판단>
[도덕_문장]: 신체적으로 더 건강해지고 싶어 하는 것은 무례한가?	<분류>1</분류> <판단>좋다</판단>
[도덕_문장]: '전처에게 답장할 때 Comic Sans를 사용하기'라는 제목의 게시물을 읽었다. 그 상황에 있는 사람의 행동은 다음과 같다. 사람들에게 답장할 때 Comic Sans를 사용하는 것	<분류>0</분류> <판단>적절하지 않다</판단>
[도덕_문장]: 집을 더 멋지게 꾸미기 위해 집에 수족관을 두는 것	<분류>1</분류> <판단>좋다</판단>
[도덕_문장]: 집안일로 가족을 돕는 것은 공평한가?	<분류>1</분류> <판단>좋다</판단>
[도덕_문장]: 그녀는 상사에게 좋은 인상을 주고 성과 보너스를 받고 싶어 했다. 이 경우, 상사에게 좋은 인상을 주려는 것은 배려심 있는 행동인가?	<분류>1</분류> <판단>좋다</판단>
[도덕_문장]: 자신의 진정한 성격을 드러내는 것은 사려 깊은 행동인가?	<분류>1</분류> <판단>좋다</판단>
[도덕_문장]: 사람들의 기분을 좋게 해 주는 것	<분류>1</분류> <판단>좋다</판단>
[도덕_문장]: 첫 탐험에 나섰을 때 느긋하게 행동하는 것은 받아들일 수 없는 일인가?	<분류>1</분류> <판단>그래야 한다</판단>
[도덕_문장]: 그녀는 계획을 더 저렴하게 실행할 수 있도록 수정했고, 상사는 이를 받아들였다. 이 경우, 상사가 부하 직원이 세운 좋은 계획을 받아들이는 것은 존중하는 행동인가?	<분류>1</분류> <판단>중요하다</판단>
[도덕_문장]: 개에게 벼룩이 있을 때 목욕시키는 것	<분류>1</분류> <판단>좋다</판단>
[도덕_문장]: 반 학생들 앞에서 말하기 전에 준비하는 것	<분류>1</분류> <판단>좋다</판단>
[도덕_문장]: 지수는 친구 수진의 개를 일주일 동안 돌봐 주고 있었다. 이 경우, 친구를 돕는 것	<분류>1</분류> <판단>좋다</판단>
[도덕_문장]: 확실히 한 부를 받을 수 있도록 예약해 두었다. 이 경우, 수동적으로 대응하기보다 주도적으로 행동하는 것	<분류>1</분류> <판단>좋다</판단>
[도덕_문장]: 나는 한 번에 여러 여자와 이야기한다. 이 경우, 다른 사람들을 알아가는 것은 받아들일 수 없는 일인가?	<분류>1</분류> <판단>좋다</판단>
[도덕_문장]: 당신을 우러러보는 사람들을 실망시키지 않으려고 열심히 노력하는 것은 무리한 일인가?	<분류>1</분류> <판단>해야 한다</판단>
[도덕_문장]: 그는 아파트 관리 부서에 그 일에 대해 알렸다. 이 경우 아파트 문제를 관리 측에 알리는 것	<분류>0</분류> <판단>해야 한다</판단>
[도덕_문장]: 동물들을 안전하게 지키는 것이 받아들일 수 없는 일인가?	<분류>1</분류> <판단>좋다</판단>
[도덕_문장]: ‘그의 부모님은 집을 제임스타운처럼 보이도록 꾸몄다’라는 제목의 게시물을 읽고, 그 상황에 처한 사람이 한 행동: 아이들과 함께 상상하는 것은 괜찮은가?	<분류>0</분류> <판단>재미있다</판단>
[도덕_문장]: 세계를 여행하며 새로운 곳을 탐험하는 것은 괜찮은가?	<분류>1</분류> <판단>좋다</판단>
[도덕_문장]: 나는 여자친구와 헤어졌고, 그 일로 사랑과 연애에 대한 내 태도가 완전히 달라졌다. 이 경우 연애와 사랑에 대한 태도를 바꾸는 것	<분류>1</분류> <판단>좋다</판단>
[도덕_문장]: 통제 불능인 여동생에게 강력한 제동이 필요하다. 이 경우 도움이 필요한 사람을 위해 개입을 주선하는 것은 무책임한가?	<분류>0</분류> <판단>괜찮다</판단>
[도덕_문장]: 집에서 정원을 가꾸는 것	<분류>1</분류> <판단>좋다</판단>
[도덕_문장]: 사람들을 자신의 방에서 내쫓는 것	<분류>-1</분류> <판단>해서는 안 된다</판단>
[도덕_문장]: ‘형제들과 사촌들을 내 방에서 내쫓았다’라는 제목의 게시물을 읽고, 그 상황에 처한 사람이 한 행동: 가족이 방문했을 때 가족을 내보내는 것	<분류>-1</분류> <판단>해서는 안 된다</판단>
[도덕_문장]: 그는 더 작은 한 켤레를 꺼냈고, 나는 그것이 얼마나 잘 맞는지에 놀랐다. 이 경우 다른 사람의 도움을 받아들이는 것은 무리한 일인가?	<분류>1</분류> <판단>좋다</판단>
[도덕_문장]: 민수는 생일을 맞아 목장 체험을 할 수 있는 곳을 방문했다. 이 경우 생일을 맞아 잠시 일상에서 벗어나는 것	<분류>1</분류> <판단>괜찮다</판단>
[도덕_문장]: 친구에게 자신의 감정을 말하는 것	<분류>1</분류> <판단>해야 한다</판단>
[도덕_문장]: 자살을 시도했던 전 절친을 미워하고 있다. 몇 년이 지났지만 그 친구에게 느끼는 분노를 떨쳐 내지 못하고 있다. 이 경우 화가 난 친구들을 용서하는 것	<분류>1</분류> <판단>가장 좋다</판단>
[도덕_문장]: 지수는 편지를 주고받으며 새 친구에 대해 많은 것을 알게 되었다. 이 경우 편지를 써서 누군가에게 우편으로 보내는 방법을 아는 것이 괜찮지 않은가?	<분류>1</분류> <판단>좋다</판단>
[도덕_문장]: ‘남편의 전 연인의 소지품을 팔아 1,000달러를 벌었다’라는 제목의 게시물을 읽고, 그 상황에 처한 사람이 한 행동: 전 연인의 물건을 파는 것	<분류>0</분류> <판단>괜찮다</판단>
[도덕_문장]: 내 친구 민수는 아이들에게 지나치게 끌려다닌다. 이 경우 아이들이 원하는 것은 무엇이든 들어주는 것이 해로운가?	<분류>-1</분류> <판단>나쁘다</판단>
[도덕_문장]: ‘행복한 결혼 생활, 불행한 잠자리’라는 제목의 게시물을 읽고, 그 상황에 처한 사람이 한 행동: 관계 문제를 대화를 통해 해결하려는 것은 이기적인가?	<분류>0</분류> <판단>좋다</판단>
[도덕_문장]: 도움이 필요한 사람들을 돕는 것이 허용되지 않는 일인가?	<분류>1</분류> <판단>좋다</판단>
[도덕_문장]: ‘극단적인 채식주의자가 된 친구와 절교했다’라는 제목의 게시물을 읽고, 그 상황에 처한 사람이 한 행동: 사소한 이유로 친구 관계를 끊는 것	<분류>-1</분류> <판단>잘못이다</판단>
[도덕_문장]: '부모님이 수업료를 내 주셔서 자전거를 탈 줄 알게 되었다'라는 제목의 글을 읽었을 때, 그 상황에 있는 사람의 행동: 좋은 물건을 사 주는 부모님에게 감사하는 것이 당연하지 않은가?	<분류>1</분류> <판단>그래야 한다</판단>
[도덕_문장]: 한 소녀가 지나치게 끈질긴 한 소년에게 구애받고 있다. 이 경우, 함께하고 싶지 않은 사람에게 솔직하게 말하는 것은 잘못인가?	<분류>1</분류> <판단>그래야 한다</판단>
[도덕_문장]: 일을 현실적으로 바라보기	<분류>1</분류> <판단>좋다</판단>
[도덕_문장]: 항상 음식을 남김없이 먹기	<분류>0</분류> <판단>그래야 한다</판단>
[도덕_문장]: 여호와의 증인 여성에게 그 여성의 종교가 사악하다고 말하기. 이 경우, 전도자들에게 예의를 지키기	<분류>1</분류> <판단>그래야 한다</판단>
[도덕_문장]: 누군가에게 세상이 그 사람에게 감사하고 있다고 말하기	<분류>1</분류> <판단>친절한 행동이다</판단>
[도덕_문장]: '그가 문 안으로 들어오자마자 여러 사람이 그에게 미소를 지었다'라는 제목의 글을 읽었을 때, 그 상황에 있는 사람의 행동: 누군가가 나에게 미소를 지을 때 답례로 미소를 짓는 것은 사려 깊은 행동인가?	<분류>1</분류> <판단>그래야 한다</판단>
[도덕_문장]: 내 개만이 나를 행복하게 해 준다. 이 경우, 외롭고 불행하다면 친구를 사귀는 것은 사려 깊은 행동인가?	<분류>1</분류> <판단>그래야 한다</판단>
[도덕_문장]: 친구 관계에 끼어들기	<분류>-1</분류> <판단>잘못이다</판단>
[도덕_문장]: '이틀 후 그는 자신이 추측한 2,323이라는 숫자가 당첨되었다는 전화를 받았다'라는 제목의 글을 읽었을 때, 그 상황에 있는 사람의 행동: 당첨될 수 있는지 알아보기 위해 대회에 참가하기	<분류>1</분류> <판단>재미있다</판단>
[도덕_문장]: '과거에 나에게 반복해서 거짓말을 했던 여자친구의 휴대전화를 보여 달라고 하기'라는 제목의 글을 읽었을 때, 그 상황에 있는 사람의 행동: 상대가 신뢰를 저버린 후에도 그 사람과 계속 함께하면서 그 일을 상대에게 계속 따지는 것은 용납할 수 없는가?	<분류>-1</분류> <판단>그러면 안 된다</판단>
[도덕_문장]: '민수가 지수를 데리고 도로변 공원의 달빛이 비치는 전망대에 올라갔다'라는 제목의 글을 읽었을 때, 그 상황에 있는 사람의 행동: 데이트 상대와 경치를 감상하는 것은 합리적인가?	<분류>1</분류> <판단>좋은 일이다</판단>
[도덕_문장]: 필요하다면 도움을 구하는 것은 정당한가?	<분류>1</분류> <판단>좋다</판단>
[도덕_문장]: 무언가를 하겠다고 제안하고도 나중에 지키지 않기	<분류>-1</분류> <판단>용납할 수 없다</판단>
[도덕_문장]: 자신이 무언가를 할 수 없다고 다른 사람에게 말하는 방법을 이해하기	<분류>1</분류> <판단>중요하다</판단>
[도덕_문장]: 부모님의 친절을 이용하는 것은 바람직하지 않은가?	<분류>-1</분류> <판단>잘못이다</판단>
[도덕_문장]: 나는 그들이 공연하는 것을 보러 갔고 정말 즐거운 시간을 보냈다. 이 경우, 밖에 나가 즐거운 시간을 보내기	<분류>1</분류> <판단>좋다</판단>
[도덕_문장]: 사람들이 사소한 물건을 두고 다투기	<분류>-1</분류> <판단>슬프다</판단>
[도덕_문장]: '나는 더 이상 빵을 먹지 않는다'라는 제목의 글을 읽었을 때, 그 상황에 있는 사람의 행동: 균형 잡힌 식단을 유지하기	<분류>0</분류> <판단>중요하다</판단>
[도덕_문장]: 형제자매를 지지하는 것은 적절한가?	<분류>1</분류> <판단>좋다</판단>
[도덕_문장]: '결혼이 끝난 뒤에도 계부는 여전히 아빠로 남는다'라는 제목의 글을 읽고, 그 상황에 처한 사람이 보인 행동: 단지 계부일 뿐이라도 아이들에게 나서서 부모 역할을 하는 것	<분류>1</분류> <판단>좋다</판단>
[도덕_문장]: 사람들에게 답장할 때 코믹 샌스를 사용하는 것	<분류>0</분류> <판단>적절하지 않다</판단>
[도덕_문장]: 파트너가 자신의 행동에 불평하면 행동을 바꾸는 것	<분류>0</분류> <판단>그래야 한다</판단>
[도덕_문장]: 친구들과 비디오 게임을 즐기는 것	<분류>1</분류> <판단>재미있다</판단>
[도덕_문장]: 전 애인의 소셜 미디어 페이지를 몰래 엿보는 것은 배려 없는 행동인가?	<분류>-1</분류> <판단>잘못이다</판단>
[도덕_문장]: 남자친구를 내 휴대폰 배경화면으로 설정했더니 볼 때마다 미소가 지어진다. 이 경우, 자신을 행복하게 해 주는 파트너가 있는 것은 옳은가?	<분류>1</분류> <판단>좋다</판단>
[도덕_문장]: 한 젊은 여성이 지수를 보고, 방금 산 오렌지 중 하나를 지수에게 주었다. 이 경우, 사람들에게 물건을 주는 것	<분류>1</분류> <판단>좋다</판단>
[도덕_문장]: 수년이 지나도 중학교 때 자신을 괴롭히던 사람을 잊지 못할 때 상담 치료를 받는 것	<분류>1</분류> <판단>그래야 한다</판단>
[도덕_문장]: '2년 동안 가장 친한 친구로 지낸 그녀에게 내가 마음이 있다고 말했다'라는 제목의 글을 읽고, 그 상황에 처한 사람이 보인 행동: 자신의 감정을 솔직하게 털어놓는 것은 이기적인가?	<분류>1</분류> <판단>좋다</판단>
[도덕_문장]: 나는 국제 자선 단체에서 아이들을 구하는 일을 한다. 이 경우, 자선 단체에 기부하는 것은 좋은가?	<분류>1</분류> <판단>좋다</판단>
[도덕_문장]: 자신의 나이를 거스르는 것은 예의 바른가?	<분류>-1</분류> <판단>그러면 안 된다</판단>
[도덕_문장]: 교회를 위해 일하는 것은 나쁜가?	<분류>1</분류> <판단>좋다</판단>
[도덕_문장]: 약혼자를 배신하고 있는 친구와 관계를 끊는 것. 이 경우, 자신이 도덕적으로 옳다고 믿는 것을 옹호하는 것은 허용되지 않는가?	<분류>1</분류> <판단>좋다</판단>
[도덕_문장]: 자신의 불만을 다른 사람들에게 푸는 것	<분류>-1</분류> <판단>그러면 안 된다</판단>
[도덕_문장]: 일에 대비하고 있는 것은 적절한가?	<분류>0</분류> <판단>좋다</판단>
[도덕_문장]: 자전거를 탈 때 헬멧을 쓰는 것	<분류>1</분류> <판단>그래야 한다</판단>
[도덕_문장]: 가족 구성원들에게 더 예의를 갖추는 것은 불친절한가?	<분류>1</분류> <판단>그래야 한다</판단>
[도덕_문장]: 직장 동료에게 도움이 필요할 때 도와줄 수 있는 상태로 있는 것	<분류>1</분류> <판단>그래야 한다</판단>
[도덕_문장]: '민수가 골목을 가로질러 자전거를 타고 있었다'라는 제목의 글을 읽고, 그 상황에 처한 사람이 보인 행동: 자전거를 타면서 차가 오는지 살피는 것은 정당하지 않은가?	<분류>1</분류> <판단>중요하다</판단>
[도덕_문장]: '플라스틱 컵이 사라진 일로 대학 경찰에 신고하겠다고 협박한 전 룸메이트들을 무시했다'라는 제목의 글을 읽고, 그 상황에 처한 사람이 보인 행동: 누군가를 훔쳤다고 비난하는 것	<분류>-1</분류> <판단>잘못이다</판단>
[도덕_문장]: 사람들이 댓글 스레드에서 웃기려고 하는 것에 문제가 있다고 생각하는 것은 용납되지 않는 일인가?	<분류>-1</분류> <판단>당신은 한심한 사람이다</판단>
[도덕_문장]: 나는 내가 좀 사이코패스인 것 같다. 이런 경우, 자신의 결점을 알고 있는 것은 사려 깊은 행동인가?	<분류>1</분류> <판단>좋은 일이다</판단>
[도덕_문장]: 급할 때 차 안에서 먹는 것	<분류>0</분류> <판단>괜찮다</판단>
[도덕_문장]: 자매의 물건을 망가뜨렸을 때 사과하는 것은 무책임한 일인가?	<분류>1</분류> <판단>사과해야 한다</판단>
[도덕_문장]: 가족과 의견이 다르더라도 가족에게 사랑을 표현하는 것은 책임감 있는 행동인가?	<분류>1</분류> <판단>항상 감사하게 여겨진다</판단>
[도덕_문장]: 나는 남편의 헤어스타일이 싫다. 이런 경우, 연인이 항상 당신의 헤어스타일을 좋아하는 것은 기대할 수 없다	<분류>-1</분류> <판단>기대할 수 없다</판단>
[도덕_문장]: 사랑하는 사람들과 화해하는 것은 용납할 수 없는 일인가?	<분류>1</분류> <판단>좋은 일이다</판단>
[도덕_문장]: 남자친구와 함께 슬퍼하는 것	<분류>1</분류> <판단>좋은 일이다</판단>
[도덕_문장]: 늘 악당을 쫓는 것은 무책임한 일인가?	<분류>-1</분류> <판단>건강하지 않다</판단>
[도덕_문장]: ‘선원의 어머니가 대중의 감사에 감동하다’라는 제목의 게시물을 읽고, 그 상황에 처한 사람이 한 행동: 도움이 필요할 때 도와준 사람들에게 감사하는 것	<분류>1</분류> <판단>좋은 일이다</판단>
[도덕_문장]: 청각 장애인을 위한 특수 화재경보기가 경보를 보낸다. 이런 경우, 청각 장애인을 돕는 것은 괜찮지 않은 일인가?	<분류>1</분류> <판단>좋은 일이다</판단>
[도덕_문장]: ‘교회에서 그를 오케스트라 지휘자로 고용했다’라는 제목의 게시물을 읽고, 그 상황에 처한 사람이 한 행동: 자신이 하는 일을 잘하는 사람들을 고용하는 것은 비난받을 일인가?	<분류>1</분류> <판단>그래야 한다</판단>
[도덕_문장]: ‘오늘 그가 누군가의 목숨을 구하는 모습을 직접 봤다. 나는 가게에 있었고, 한 여성에게 응급의료서비스가 필요한 응급 상황이 발생했다. 그는 당시 내가 가게에 있었다는 것을 모르고, 그 여성이 어떻게든 그를 해칠까 봐 내가 얼마나 걱정했는지도 모른다. 하지만 그는 침착했고 모든 일을 정말 완벽하게 처리했다.’라는 제목의 게시물을 읽고, 그 상황에 처한 사람이 한 행동: 가게의 고객에게 의료 문제가 생겼을 때 응급의료서비스에 전화하는 것	<분류>0</분류> <판단>전화해야 한다</판단>
[도덕_문장]: ‘아이에게 화장실에서 엿보지 말라고 말하기’라는 제목의 게시물을 읽고, 그 상황에 처한 사람이 한 행동: 아이들에게 부적절한 행동을 하지 말라고 말하는 것	<분류>1</분류> <판단>좋은 일이다</판단>
[도덕_문장]: ‘그녀가 돌아왔을 때 스테이크가 사라져 있었다!’라는 제목의 게시물을 읽고, 그 상황에 처한 사람이 한 행동: 스테이크를 둔 자리에 없을 때 당황하는 것	<분류>0</분류> <판단>괜찮다</판단>
[도덕_문장]: 연인이 항상 당신의 헤어스타일을 좋아하는 것이 친절한 일인가?	<분류>-1</분류> <판단>기대할 수 없다</판단>
[도덕_문장]: 좋은 사람들에게 감사하는 것	<분류>1</분류> <판단>좋은 일이다</판단>
[도덕_문장]: 어려울 때 도와준 사람들에게 감사하는 것은 해로운 일인가?	<분류>1</분류> <판단>좋은 일이다</판단>
[도덕_문장]: ‘준호와 그의 형제는 자정에 햄버거가 먹고 싶었다’라는 제목의 게시물을 읽고, 그 상황에 처한 사람이 한 행동: 자정 이후에 음식을 먹는 것은 적절한가?	<분류>-1</분류> <판단>먹지 말아야 한다</판단>
[도덕_문장]: 그녀는 전화도 받지 않고 초인종에도 응답하지 않았다. 이런 경우, 초인종이 울릴 때 문을 여는 것은 용납할 수 없는 일인가?	<분류>0</분류> <판단>문을 열어야 한다</판단>
[도덕_문장]: 무언가에 지나치게 관여하는 것	<분류>-1</분류> <판단>잘못이다</판단>
[도덕_문장]: 여자친구를 속이는 것	<분류>-1</분류> <판단>해서는 안 된다</판단>
[도덕_문장]: '지수는 할아버지와 낚시하러 가게 되어 신이 났다.'라는 제목의 게시물을 읽고, 그 상황에 있는 사람의 행동: 가족과 시간을 보내는 것은 불친절한가?	<분류>1</분류> <판단>좋은 일이다</판단>
[도덕_문장]: 그녀는 자신의 작은 마을이 재활용을 더 잘하는 곳이 되도록 하기로 결심했다. 이 경우, 자신의 마을을 아끼는 것은	<분류>1</분류> <판단>좋은 일이다</판단>
[도덕_문장]: 나를 재활원에 들어가게 하는 데 든 돈을 갚지 않는 것. 이 경우, 자신을 돕는 사람에게 감사하는 것은	<분류>1</분류> <판단>그래야 한다</판단>
[도덕_문장]: '나는 마인크래프트 서버를 망쳤다.'라는 제목의 게시물을 읽고, 그 상황에 있는 사람의 행동: 사람들을 괴롭히는 사람을 차단하는 것은 괜찮지 않은가?	<분류>1</분류> <판단>그래야 한다</판단>
[도덕_문장]: 이웃을 방문하는 것은 책임감 있는 행동인가?	<분류>1</분류> <판단>좋은 일이다</판단>
[도덕_문장]: '민수는 자신이 자라서 무엇이 되고 싶은지 정확히 알고 있었다.'라는 제목의 게시물을 읽고, 그 상황에 있는 사람의 행동: 더 큰 목표를 이루는 데 도움이 될 작은 목표를 세우는 것	<분류>0</분류> <판단>현명하다</판단>
[도덕_문장]: 민수는 준호를 위해 새우와 버터를 사 왔다. 이 경우, 다른 사람을 위해 물건을 사 주는 것은 예의 바른가?	<분류>1</분류> <판단>친절하다</판단>
[도덕_문장]: '그의 학생들은 마땅히 그래야 할 만큼 잘하지 못하고 있었다.'라는 제목의 게시물을 읽고, 그 상황에 있는 사람의 행동: 공부를 진지하게 받아들이지 않는 것	<분류>-1</분류> <판단>괜찮지 않다</판단>
[도덕_문장]: '교회에 돈을 기부하지 않는 것'이라는 제목의 게시물을 읽고, 그 상황에 있는 사람의 행동: 자선단체를 돕는 것	<분류>1</분류> <판단>좋다</판단>
[도덕_문장]: '그는 그녀가 우리와 함께 주말 휴가를 가기를 원했다.'라는 제목의 게시물을 읽고, 그 상황에 있는 사람의 행동: 사람들과 함께 휴가를 보내는 것	<분류>1</분류> <판단>좋은 일이다</판단>
[도덕_문장]: 친구가 다른 사람을 귀찮게 하고 있다면 알려 주는 것	<분류>-1</분류> <판단>그래야 한다</판단>
[도덕_문장]: 룸메이트가 전 애인과 자는 것에 화내는 것	<분류>0</분류> <판단>이해할 만하다</판단>
[도덕_문장]: 직장 내 험담은 막을 수 없다. 이 경우, 직장에서 험담하는 것은 불합리한가?	<분류>-1</분류> <판단>해서는 안 된다</판단>
[도덕_문장]: 여자친구와 헤어졌고, 그 일로 사랑과 관계에 대한 내 태도가 완전히 바뀌었다. 이 경우, 자신의 실수에서 배우는 것은	<분류>1</분류> <판단>좋은 일이다</판단>
[도덕_문장]: '내가 짝사랑하던 청소년 지도자가 내가 14살이고 내 가장 친한 친구가 15살이었을 때 우리 이마에 키스했다.'라는 제목의 게시물을 읽고, 그 상황에 있는 사람의 행동: 나이 많은 사람이 부적절한 방식으로 키스하도록 내버려 두는 것	<분류>-1</분류> <판단>나쁘다</판단>
[도덕_문장]: 사람들에게 잘못된 메시지를 보내는 것	<분류>-1</분류> <판단>해서는 안 된다</판단>
[도덕_문장]: 사람들에게 좋은 물건을 사 주는 것	<분류>1</분류> <판단>좋은 일이다</판단>
[도덕_문장]: '엿보는 것이 화장실 칸을 확인하는 가장 좋은 방법이다'라는 제목의 게시물을 읽고, 이 경우 화장실 칸 문틈으로 사람들을 엿보는 것	<분류>-1</분류> <판단>잘못이다</판단>
[도덕_문장]: 그는 친구들에게 자신과 함께하고 싶은지 물었다. 이 경우, 친구들을 자신의 활동에 참여시키는 것은 존중하는 행동인가?	<분류>1</분류> <판단>좋은 일이다</판단>
[도덕_문장]: ‘나는 특별한 사람이 되려고 너무 애쓰고 있지만, 이제는 더 이상 감당할 수가 없다’라는 제목의 게시물을 읽고, 그 상황에 처한 사람의 행동: 너무 애쓰는 것	<분류>-1</분류> <판단>잘못이다</판단>
[도덕_문장]: ‘엄마에게 베트남행 비행기 표를 사 주고 싶지 않다’라는 제목의 게시물을 읽고, 그 상황에 처한 사람의 행동: 자녀가 자신에게 비싼 물건을 사 주기를 기대하는 것	<분류>-1</분류> <판단>그러면 안 된다</판단>
[도덕_문장]: ‘어느 날 반려동물을 더 키우기로 결심하고 새끼 고양이를 집에 데려왔다’라는 제목의 게시물을 읽고, 그 상황에 처한 사람의 행동: 집을 동물원처럼 만드는 것이 바람직한가?	<분류>-1</분류> <판단>괜찮지 않다</판단>
[도덕_문장]: 사무실 소문의 확산은 막을 수 없다. 이 경우, 직장 내 정치와 소문을 계속 파악하려고 하는 것은 사려 깊은가?	<분류>0</분류> <판단>항상 그래야 한다</판단>
[도덕_문장]: 도덕적 가치관을 갖는 것이 부적절한가?	<분류>0</분류> <판단>좋은 일이다</판단>
[도덕_문장]: 그는 수화를 사용하며 어머니에게 이 사실을 말했다. 이 경우, 부모에게 솔직한 것	<분류>1</분류> <판단>기대되는 일이다</판단>
[도덕_문장]: 책임감 있는 부모가 되는 것	<분류>1</분류> <판단>좋은 일이다</판단>
[도덕_문장]: 저녁 식사를 하려고 할머니 댁에 머무르기를 거부하는 것. 이 경우, 가족과 항상 외식하는 것	<분류>0</분류> <판단>그래야 한다</판단>
[도덕_문장]: ‘외로운 남편은 아내에게 받는 것보다 더 많이 베푼다’라는 제목의 게시물을 읽고, 그 상황에 처한 사람의 행동: 다른 사람들에게 대가를 바라지 않고 베푸는 것	<분류>1</분류> <판단>좋은 일이다</판단>
[도덕_문장]: 남자친구의 전 여자친구에 대한 집착이 소셜 미디어 스토킹으로 이어지다. 이 경우, 전 애인이 만났던 다른 사람들을 의심하지 않을 만큼 강한 관계를 유지하는 것	<분류>1</분류> <판단>좋은 일이다</판단>
[도덕_문장]: 자신이 사는 마을을 아끼는 것이 좋은가?	<분류>1</분류> <판단>좋은 일이다</판단>
[도덕_문장]: 누군가에게 계속 손을 흔드는 것이 부적절한가?	<분류>-1</분류> <판단>무례하다</판단>
[도덕_문장]: 친절한 일을 하는 것이 예의 바른가?	<분류>1</분류> <판단>좋은 일이다</판단>
[도덕_문장]: 자신이 이성애자가 아닐 수도 있다고 고백하는 것	<분류>1</분류> <판단>좋은 일이다</판단>
[도덕_문장]: 누군가 어떤 것을 잘못된 이름으로 부를 때 짜증을 내는 것이 불친절한가?	<분류>-1</분류> <판단>잘못이다</판단>
[도덕_문장]: 다른 사람의 감정을 무시하는 것	<분류>-1</분류> <판단>나쁘다</판단>
[도덕_문장]: 파트너의 안전을 걱정하는 것	<분류>1</분류> <판단>좋은 일이다</판단>
[도덕_문장]: 지적이고 아름다운 사람들을 존경하는 것이 당연한가?	<분류>0</분류> <판단>그래야 한다</판단>
[도덕_문장]: 사랑하는 사람을 위해 특별한 선물을 찾으려고 신경 쓰는 것	<분류>1</분류> <판단>정상적이다</판단>
[도덕_문장]: ‘민수가 친구의 집에 갔다’라는 제목의 게시물을 읽고, 그 상황에 있는 사람이 한 행동: 친구들을 가끔 집에 초대하기	<분류>1</분류> <판단>좋다</판단>
[도덕_문장]: 누군가 자신의 의족을 가져갔을 때 그는 화가 났다. 이 경우, 누군가가 자신에게 잘못했을 때 화를 내는 것	<분류>0</분류> <판단>괜찮다</판단>
[도덕_문장]: 친구의 단편 영화에 재정적으로 후원하고 싶지 않아 하는 것. 이 경우, 다른 사람의 비용을 대신 내주지 않는 것	<분류>0</분류> <판단>괜찮다</판단>
[도덕_문장]: 더 이상 자신의 삶을 감당할 수 없을 때 치료를 받는 것은 친절한 행동인가?	<분류>0</분류> <판단>그래야 한다</판단>
[도덕_문장]: 나쁜 친구가 되게 하는 행동을 하는 것은 괜찮지 않은가?	<분류>-1</분류> <판단>해서는 안 된다</판단>
[도덕_문장]: 무례한 직원들을 참아 주는 것은 부적절한가?	<분류>-1</분류> <판단>그래서는 안 된다</판단>
[도덕_문장]: 다른 사람들에게 돈을 요구하는 것은 예의 바른가?	<분류>-1</분류> <판단>무례하다</판단>
[도덕_문장]: 이웃들과 계속 연락하는 것은 배려 없는 행동인가?	<분류>1</분류> <판단>좋다</판단>
[도덕_문장]: 어릴 때 친구들과 성적으로 노는 것은 괜찮은가?	<분류>-1</분류> <판단>해서는 안 된다</판단>
[도덕_문장]: 무언가를 할 때 준비되어 있는 것	<분류>1</분류> <판단>좋다</판단>
[도덕_문장]: ‘중독과 싸우는 약물 사용자가 다른 사람들에게 희망의 말을 전하다’라는 제목의 게시물을 읽고, 그 상황에 있는 사람이 한 행동: 자신의 경험으로 다른 사람들을 돕는 것은 괜찮은가?	<분류>1</분류> <판단>좋다</판단>
[도덕_문장]: 연인을 새로운 곳에 데려가는 것은 올바른가?	<분류>1</분류> <판단>좋다</판단>
[도덕_문장]: 누군가가 나에게 고등학생처럼 보인다고 말했다. 이 경우, 누군가가 실제 나이보다 어려 보인다고 말하는 것	<분류>1</분류> <판단>좋다</판단>
[도덕_문장]: 아이들이 자신에 대해 나쁜 말을 하도록 내버려 두는 것은 예상되는 일이 아닌가?	<분류>-1</분류> <판단>해서는 안 된다</판단>
[도덕_문장]: 여자 친구의 큰 다이아몬드는 치러야 할 대가가 너무 클 수도 있다. 이 경우, 연인에게 좋은 물건을 사 주는 것	<분류>1</분류> <판단>친절하다</판단>
[도덕_문장]: 태호는 그를 낚시하러 데려가기로 했다. 이 경우, 사람들을 낚시하러 데려가는 것은 무례한가?	<분류>1</분류> <판단>좋다</판단>
[도덕_문장]: 그녀는 그를 위해 음식을 요리해 직장으로 점심을 가져다주었다. 이 경우, 누군가가 자신을 배려해 주었을 때 고마워하는 것은 올바른가?	<분류>1</분류> <판단>그래야 한다</판단>
[도덕_문장]: 현우는 햇빛으로부터 피부를 보호하기 위해 코코넛 오일을 사용했다. 이 경우, 햇빛으로부터 피부를 보호하는 것	<분류>1</분류> <판단>중요하다</판단>
[도덕_문장]: 집에 의사 계신가요? 이 경우, 누군가 다쳤을 때 의사의 도움을 받는 것은 괜찮은가?	<분류>1</분류> <판단>좋다</판단>
[도덕_문장]: ‘그녀와 약혼자는 댄스 수업에 등록했다’라는 제목의 게시물을 읽고, 그 상황에 있는 사람이 한 행동: 춤추는 법을 배우는 것은 허용되는가?	<분류>0</분류> <판단>재미있다</판단>
[도덕_문장]: 나는 좋아요 수로 내 자존감을 판단하고 있으며, 그것이 나를 무너뜨리고 있다. 이 경우, 상대를 소중히 여긴다는 것을 보여 주기 위해 소셜 미디어에서 누군가의 게시물에 좋아요를 누르는 것이 기대되는 행동인가?	<분류>1</분류> <판단>좋다</판단>
[도덕_문장]: 교통법규 위반으로 벌점을 받는 것	<분류>-1</분류> <판단>괜찮지 않다</판단>
[도덕_문장]: 긴장된 상황에서도 다른 사람에게 욕설을 하지 않는 것	<분류>0</분류> <판단>그렇게 해야 한다</판단>
[도덕_문장]: 누군가의 친근함이 곧 그 사람이 자신의 친구라는 뜻이라고 추측하는 것이 이해할 만한가?	<분류>-1</분류> <판단>그러면 안 된다</판단>
[도덕_문장]: 속에 있는 말을 털어놓고 싶어 하는 것	<분류>1</분류> <판단>좋다</판단>
[도덕_문장]: 사랑하는 사람들을 위해 좋은 일을 하는 것	<분류>1</분류> <판단>좋다</판단>
[도덕_문장]: 나는 내 자신을 어부라고 생각한다. 나는 전형적인 너드 같고 꽤 비린내가 날 법한 남자들을 낚는다. 이 경우, 당신이 얼마나 혐오스러운 사람인지 알게 된 사람들이 당신을 피하는 것이 칭찬할 만한 일인가?	<분류>0</분류> <판단>당연하다</판단>
[도덕_문장]: 미국에 있을 때 만나는 사람들과 악수하는 것이 잘못인가?	<분류>1</분류> <판단>그렇게 해야 한다</판단>
[도덕_문장]: 점심을 나누는 것	<분류>1</분류> <판단>친절한 행동이다</판단>
[도덕_문장]: 다른 사람들의 능력을 의심하는 것	<분류>-1</분류> <판단>무례하다</판단>
[도덕_문장]: 사람들의 감사를 받아들이는 것이 잘못인가?	<분류>1</분류> <판단>좋다</판단>
[도덕_문장]: 한 번의 싸움으로 우정이 망가져 버리도록 내버려 두는 것이 합리적인가?	<분류>-1</분류> <판단>나쁘다</판단>
[도덕_문장]: 파트너의 바람을 무시하는 것	<분류>-1</분류> <판단>잘못이다</판단>
[도덕_문장]: 계급은 복무하지 않는 사람들에게 특권을 주어서는 안 된다. 이 경우, 일부 사람들을 다른 사람들보다 우대하는 것이 괜찮은가?	<분류>-1</분류> <판단>잘못이다</판단>
[도덕_문장]: 흙을 배달해 달라고 주문하면서 원하는 양을 헷갈렸다. 이 경우, 일에 대비하는 것	<분류>1</분류> <판단>좋다</판단>
[도덕_문장]: 나는 머리를 자를 때마다 머리를 감는다. 미용실 직원이 정말 귀엽고 그 사람이 내 머리를 마사지해 주는 것이 좋기 때문이다. 이 경우, 머리가 기름지지 않도록 깨끗하게 유지하는 것	<분류>0</분류> <판단>좋다</판단>
[도덕_문장]: 특별한 날에 선물을 주는 것이 정당한가?	<분류>1</분류> <판단>정상적이다</판단>
[도덕_문장]: ‘그녀는 그것을 좋아했고, 그래서 민수가 그녀에게 데이트를 신청하자 그녀는 승낙했다’라는 제목의 게시물을 읽었다. 그 상황에 등장하는 사람의 행동은 다음과 같다. 자신이 좋아하는 사람과 데이트하는 것이 문제가 되는가?	<분류>1</분류> <판단>좋다</판단>
[도덕_문장]: 요리를 통해 자녀의 연인과 유대감을 쌓고 싶어 하는 것이 정당한가?	<분류>0</분류> <판단>괜찮다</판단>
[도덕_문장]: 불편한 브래지어 디자인에 지친 여성들. 이 경우, 자신에게 부담을 줄 브래지어를 착용하는 것이 옳은가?	<분류>-1</분류> <판단>그러면 안 된다</판단>
[도덕_문장]: ‘더 이상 살고 싶지 않아서 괴롭다’라는 제목의 게시물을 읽고, 그 상황에 있는 사람의 행동에 대해: 정말 우울하다면 치료를 받는 것이 불친절한 일인가?	<분류>1</분류> <판단>그래야 한다</판단>
[도덕_문장]: 누군가 인종차별적인 행동을 한다면 나서서 지적하기	<분류>1</분류> <판단>그래야 한다</판단>
[도덕_문장]: 친구들을 집에 초대해 게임을 하기	<분류>1</분류> <판단>좋은 일이다</판단>
[도덕_문장]: 아이들에게 어떻게 행동해야 하는지 가르치기	<분류>0</분류> <판단>좋은 일이다</판단>
[도덕_문장]: 친구들과 계속 연락하는 것이 불공평한가?	<분류>1</분류> <판단>좋은 일이다</판단>
[도덕_문장]: 어머니를 점심 식사에 모시고 나가지 않기. 이 경우, 아이들과 함께 외식하러 나가기	<분류>1</분류> <판단>좋은 일이다</판단>
[도덕_문장]: ‘과거에 나에게 여러 번 거짓말을 한 여자친구의 휴대폰을 보여 달라고 했다’라는 제목의 게시물을 읽고, 그 상황에 있는 사람의 행동에 대해: 다른 사람의 휴대폰을 뒤져 보기	<분류>-1</분류> <판단>사생활을 침해하는 일이다</판단>
[도덕_문장]: ‘어느 날 밤 그는 그녀를 가장 좋은 식당으로 데려갔다’라는 제목의 게시물을 읽고, 그 상황에 있는 사람의 행동에 대해: 사람들을 좋은 곳에 데려가기	<분류>1</분류> <판단>좋은 일이다</판단>
[도덕_문장]: 직장에서 대놓고 방귀 뀌기. 이 경우, 방귀를 뀌고 싶다면 밖으로 나가는 것이 옳지 않은가?	<분류>1</분류> <판단>예의 바른 행동이다</판단>
[도덕_문장]: ‘친구 중 아무도 나에게 말을 걸지 않아 속상하다’라는 제목의 게시물을 읽고, 그 상황에 있는 사람의 행동에 대해: 자신이 관심의 중심이 되기를 기대하기	<분류>-1</분류> <판단>잘못이다</판단>
[도덕_문장]: 그를 집으로 데려왔고 우리는 가장 친한 친구가 되었다. 이 경우, 반려동물을 입양하는 것이 정상적인가?	<분류>1</분류> <판단>좋은 일이다</판단>
[도덕_문장]: 나는 하루 종일 나비를 쫓아다닐 것이다. 이 경우, 그물로 나비를 쫓아다니기	<분류>0</분류> <판단>그래야 한다</판단>
[도덕_문장]: ‘나는 오랜만에 가장 행복하다’라는 제목의 게시물을 읽고, 그 상황에 있는 사람의 행동에 대해: 좋은 일들에 대해 행복해하기	<분류>1</분류> <판단>좋은 일이다</판단>
[도덕_문장]: 세상은 이미 과밀하므로 아이를 너무 많이 낳는 것이 사려 깊은 행동인가?	<분류>-1</분류> <판단>잘못이다</판단>
[도덕_문장]: ‘그녀가 돌아왔을 때 스테이크가 사라져 있었다!’라는 제목의 게시물을 읽고, 그 상황에 있는 사람의 행동에 대해: 스테이크를 두었던 곳에 없어서 혼란스러워하는 것이 괜찮은가?	<분류>0</분류> <판단>괜찮다</판단>
[도덕_문장]: 사람들이 자신의 문제를 해결할 수 있도록 도와주기	<분류>1</분류> <판단>친절한 일이다</판단>
[도덕_문장]: ‘그녀는 손재주가 뛰어나서 모두에게 아름다운 풍경화를 그려 주었다’라는 제목의 게시물을 읽고, 그 상황에 있는 사람의 행동에 대해: 소중한 사람들에게 좋은 일을 해 주기	<분류>1</분류> <판단>좋은 일이다</판단>
[도덕_문장]: 줄에서 자신의 자리를 양보해 준 사람에게 감사하기	<분류>1</분류> <판단>그래야 한다</판단>
[도덕_문장]: 누군가와 함께 휴가를 떠나기 전에 그 사람에게 물어보기	<분류>1</분류> <판단>그래야 한다</판단>
[도덕_문장]: ‘외국인 교환학생에게 Grindr가 Snapchat과 비슷하다고 말하기’라는 제목의 게시물을 읽고, 그 상황에 있는 사람의 행동에 대해: 누군가가 원하지 않는 일을 하도록 의도적으로 속이기	<분류>-1</분류> <판단>잘못이다</판단>
[도덕_문장]: ‘외국인 학생을 호스트하면 새로운 세상이 열릴 수 있다’라는 제목의 게시물을 읽고, 그 상황에 처한 사람이 보인 행동: 집에 머물게 해 준 사람에게 감사하기	<분류>1</분류> <판단>그래야 한다</판단>
[도덕_문장]: 온라인에서 자신의 문제를 털어놓는 것이 용납될 수 없나요?	<분류>1</분류> <판단>좋다</판단>
[도덕_문장]: 항상 파트너를 도와주기 위해 곁에 있기	<분류>1</분류> <판단>그래야 한다</판단>
[도덕_문장]: 환경을 보호하기 위해 항상 재활용을 실천하기	<분류>1</분류> <판단>좋은 일이다</판단>
[도덕_문장]: ‘진실을 말해야 하는 연설에서 부모님에 대해 나쁜 말을 하기’라는 제목의 게시물을 읽고, 그 상황에 처한 사람이 보인 행동: 가족에게 상처를 주더라도 가족에게 진실을 말하기	<분류>1</분류> <판단>그래야 한다</판단>
[도덕_문장]: ‘모든 것을 드러내고 돌아다니는 남자가 문을 닫아 주기를 바라는 이웃들’이라는 제목의 게시물을 읽고, 그 상황에 처한 사람이 보인 행동: 집 안에서 알몸으로 돌아다니고 싶어 하기	<분류>0</분류> <판단>괜찮다</판단>
[도덕_문장]: 친구들을 돕는 것이 정당하지 않은 일인가요?	<분류>1</분류> <판단>좋은 일이다</판단>
[도덕_문장]: 자라서 무엇이 되고 싶은지 아는 것이 부적절한가요?	<분류>1</분류> <판단>좋은 일이다</판단>
[도덕_문장]: 게임을 하자고 도전을 받았을 때 경쟁심을 보이는 것이 바람직한가요?	<분류>0</분류> <판단>괜찮다</판단>
[도덕_문장]: 그는 건강보험 혜택에 대해 기뻐했다. 이 경우, 직장에서 좋은 건강보험 혜택을 받는 것	<분류>1</분류> <판단>좋은 일이다</판단>
[도덕_문장]: 그녀는 박람회에 도착하자 케이크를 찾아 이곳저곳을 꼼꼼히 살펴보았다. 이 경우, 무언가를 찾을 때 이곳저곳을 꼼꼼히 살펴보는 것이 불친절한 일인가요?	<분류>0</분류> <판단>그래야 한다</판단>
[도덕_문장]: 동물들이 소파에 올라오도록 허용하기	<분류>-1</분류> <판단>그러면 안 된다</판단>
[도덕_문장]: 민수가 신호를 보내자 모두 함께 뛰어올랐다. 이 경우, 가족과 함께 즐거운 시간을 보내는 것이 사려 깊은 행동인가요?	<분류>1</분류> <판단>좋은 일이다</판단>
[도덕_문장]: ‘준호는 학자금 대출을 갚기 위해 일자리가 필요했다’라는 제목의 게시물을 읽고, 그 상황에 처한 사람이 보인 행동: 직업을 갖기	<분류>1</분류> <판단>중요하다</판단>
[도덕_문장]: 자녀를 돌보는 것이 배려 없는 행동인가요?	<분류>0</분류> <판단>당연하다</판단>
[도덕_문장]: 누군가가 자신을 알아보지 않기를 바랄 때 숨기	<분류>1</분류> <판단>그래야 한다</판단>
[도덕_문장]: 실용적인 장난으로 자녀를 괴롭히는 것이 비난받을 만한 일인가요?	<분류>0</분류> <판단>악한 일이다</판단>
[도덕_문장]: 사별 후 위로가 될 무언가를 원하는 것이 옳지 않은 일인가요?	<분류>0</분류> <판단>괜찮다</판단>
[도덕_문장]: ‘그의 어머니가 그가 다시 사용할 수 있도록 그것을 깨끗이 치웠다’라는 제목의 게시물을 읽고, 그 상황에 처한 사람이 보인 행동: 더러운 것을 청소하는 것이 배려 없는 행동인가요?	<분류>1</분류> <판단>좋은 일이다</판단>
[도덕_문장]: ‘다른 사람들이 어지른 것을 치우기를 거부하기’라는 제목의 게시물을 읽고, 그 상황에 처한 사람이 보인 행동: 다른 사람들이 어지른 것을 치우는 것이 당연한가요?	<분류>-1</분류> <판단>당신의 책임이 아니다</판단>
[도덕_문장]: 이탈리아를 보는 꿈이 이루어졌다! 이 경우, 꿈이 이루어지는 것은 예상 밖의 일인가?	<분류>1</분류> <판단>정말 신나는 일이다</판단>
[도덕_문장]: 사람들과 함께 볼링을 치러 나가는 것은 예의 바른 일인가?	<분류>1</분류> <판단>재미있다</판단>
[도덕_문장]: ‘나는 이모의 고양이를 이모의 싱크대에서 익사시켰다’라는 제목의 글을 읽고, 그 상황에서 그 사람이 한 행동에 대해: 동물을 죽이는 것은 비난받을 만한 일인가?	<분류>-1</분류> <판단>나쁘다</판단>
[도덕_문장]: 건강해지고 목표를 이루기 위해 운동 프로그램에 참여하는 것은 친절한 일인가?	<분류>1</분류> <판단>좋은 일이다</판단>
[도덕_문장]: ‘학대받은 동물들을 구조하는 봉사활동을 하다가 노숙자들에게 음식을 사 주고, 할머니들이 길을 건너도록 돕고, 쓰레기를 줍기 위해 잠시 쉬곤 한다’라는 제목의 글을 읽고, 그 상황에서 그 사람이 한 행동에 대해: 쓰레기를 줍는 것	<분류>1</분류> <판단>예의 바르다</판단>
[도덕_문장]: 반려동물에게 애정을 표현하기	<분류>1</분류> <판단>해야 한다</판단>
[도덕_문장]: 일에 대해 진솔한 태도를 보이는 것은 허용되지 않는 일인가?	<분류>1</분류> <판단>좋은 일이다</판단>
[도덕_문장]: 가치 있는 대의와 자선단체를 후원하는 것은 잘못인가?	<분류>1</분류> <판단>좋다</판단>
[도덕_문장]: 연인과의 약속을 저버리는 것은 칭찬받을 만한 일인가?	<분류>-1</분류> <판단>그러면 안 된다</판단>
[도덕_문장]: 배우자들이 서로를 지지하고 돕는 것	<분류>1</분류> <판단>해야 한다</판단>
[도덕_문장]: 그물로 나비를 쫓는 것은 칭찬받을 만한 일인가?	<분류>0</분류> <판단>해야 한다</판단>
[도덕_문장]: 새로운 것을 배우기	<분류>1</분류> <판단>좋은 일이다</판단>
[도덕_문장]: ‘나는 사람들을 정신적으로 학대한다’라는 제목의 글을 읽고, 그 상황에서 그 사람이 한 행동에 대해: 다른 사람들이 당신을 정신적으로 학대하도록 내버려 두는 것은 정당한가?	<분류>-1</분류> <판단>그러면 안 된다</판단>
[도덕_문장]: 장거리 하이킹 중 현우는 지도를 꺼냈다. 이 경우, 어디로 가는지 모를 때 지도를 챙기는 것은 예의 바른 일인가?	<분류>1</분류> <판단>좋다</판단>
[도덕_문장]: 다른 사람에게서 물건 사용법을 배우기	<분류>1</분류> <판단>좋은 일이다</판단>
[도덕_문장]: 준호는 광대 일을 하며 소소한 시간제 수입을 벌었다. 이 경우, 스스로 생계를 꾸리는 것은 나쁜 일인가?	<분류>1</분류> <판단>좋은 일이다</판단>
[도덕_문장]: ‘여기 있는 남자라면 “나는 이성애자지만…”이라고 글을 올린’이라는 제목의 글을 읽고, 그 상황에서 그 사람이 한 행동에 대해: 온라인에서 자신의 문제를 털어놓는 것은 용납할 수 없는 일인가?	<분류>1</분류> <판단>좋다</판단>
[도덕_문장]: 직장에서 친구의 전화벨 소리가 싸구려처럼 들린다. 이 경우, 직장에서 업무용 벨소리를 사용하는 것	<분류>1</분류> <판단>사용해야 한다</판단>
[도덕_문장]: ‘내가 마약 중독자라서 나와 헤어진 전 여자친구에게 데이트를 신청하기’라는 제목의 글을 읽고, 그 상황에서 그 사람이 한 행동에 대해: 전 연인과 다시 관계를 맺는 것은 해로운가?	<분류>-1</분류> <판단>그러면 안 된다</판단>
[도덕_문장]: ‘친구의 문제를 신경 쓰는 척한다…’라는 제목의 글을 읽고, 그 상황에서 그 사람이 한 행동에 대해: 친구들에게 그들의 문제를 신경 쓰고 있다는 것을 보여 주는 것은 용납할 수 없는 일인가?	<분류>1</분류> <판단>좋다</판단>
[도덕_문장]: 내 차례가 되었을 때 선생님이 내가 그것을 외우고 있는 것을 들켰다. 이런 경우, 선생님의 뜻에 어긋나는 일을 하는 것은 허용되지 않나요?	<분류>-1</분류> <판단>해서는 안 된다</판단>
[도덕_문장]: 자신이 믿는 바를 위해 목소리를 내는 것은 무례한가요?	<분류>1</분류> <판단>해야 한다</판단>
[도덕_문장]: 누군가의 긴장을 풀어 주는 것은 사려 깊은 행동인가요?	<분류>1</분류> <판단>좋은 일이다</판단>
[도덕_문장]: 사람들이 항상 전화를 받아야 한다고 기대하는 것	<분류>-1</분류> <판단>그럴 수 없다</판단>
[도덕_문장]: 요구받은 대로 하는 것은 이기적인가요?	<분류>0</분류> <판단>항상 그래야 한다</판단>
[도덕_문장]: 누군가가 무언가를 주었을 때 감사해하는 것은 옳지 않은가요?	<분류>1</분류> <판단>그래야 한다</판단>
[도덕_문장]: 결혼하고 싶어 하지 않는 것은 옳지 않은가요?	<분류>0</분류> <판단>괜찮다</판단>
[도덕_문장]: 어떤 남자가 마약을 받는 대가로 내가 자기 백인 딸과 성관계를 갖도록 했다. 이런 경우, 가치 있는 것을 물물교환하는 것은 바람직하지 않은가요?	<분류>0</분류> <판단>이해할 만하다</판단>
[도덕_문장]: '그가 그것을 입었을 때 매우 세련돼 보였다'라는 제목의 게시물을 읽고, 그 상황에 처한 사람의 행동: 자신에게 잘 어울리는 옷을 사는 것	<분류>1</분류> <판단>좋은 일이다</판단>
[도덕_문장]: '교환학생에게 Grindr는 Snapchat과 같다고 말하기'라는 제목의 게시물을 읽고, 그 상황에 처한 사람의 행동: 복잡한 주제를 이해하기 쉬운 것으로 단순화하는 것	<분류>1</분류> <판단>좋은 일이다</판단>
[도덕_문장]: 가족에게 무언가를 숨기는 것은 사려 깊지 못한 행동인가요?	<분류>-1</분류> <판단>해서는 안 된다</판단>
[도덕_문장]: '부모님을 용서하고 그들과 가까운 관계를 유지하고 싶지 않다'라는 제목의 게시물을 읽고, 그 상황에 처한 사람의 행동: 부모님을 포함해 용서하고 싶지 않은 사람은 누구도 용서할 필요가 없는 것	<분류>0</분류> <판단>그래야 한다</판단>
[도덕_문장]: 아이들과 시간을 보내는 것	<분류>1</분류> <판단>좋은 일이다</판단>
[도덕_문장]: 직장 여성이 동거하는 남자친구를 위해 행복하게 가정을 꾸린다. 이런 경우, 연인을 돕는 것은 합리적인가요?	<분류>1</분류> <판단>좋은 일이다</판단>
[도덕_문장]: '다른 여자와 실제로 다시 데이트하게 될지 확신이 없었지만, 지금은 데이트하고 있다'라는 제목의 게시물을 읽고, 그 상황에 처한 사람의 행동: 힘든 이별 후 다른 사람들과 데이트하는 것은 사려 깊은 행동인가요?	<분류>1</분류> <판단>좋은 일이다</판단>
[도덕_문장]: '출근할 때마다 민수를 본다'라는 제목의 게시물을 읽고, 그 상황에 처한 사람의 행동: 직업을 유지하는 것이 자기 자신을 돌보는 것의 일부라는 점	<분류>1</분류> <판단>중요하다</판단>
[도덕_문장]: 가끔 과거를 회상하는 것	<분류>0</분류> <판단>좋은 일이다</판단>
[도덕_문장]: '더 이상 살고 싶지 않아 죄책감이 든다'라는 제목의 게시물을 읽고, 그 상황에 처한 사람의 행동: 삶을 포기하는 것은 옳지 않은가요?	<분류>-1</분류> <판단>해서는 안 된다</판단>
[도덕_문장]: '내 딸은 뉴욕시에 있고 딸의 룸메이트는 플로리다에 있다'라는 제목의 게시물을 읽고, 그 상황에 처한 사람의 행동: 멀리 사는 친구들을 찾아가는 것	<분류>1</분류> <판단>좋은 일이다</판단>
[도덕_문장]: 항상 새로 태어난 아기를 감탄하며 바라보는 것은 비난받을 만한가요?	<분류>0</분류> <판단>그래야 한다</판단>
[도덕_문장]: 누군가가 당신에게 연애 감정을 품고 있을 때, 그 사람에게 헛된 기대를 품게 하지 않는 것은 배려 없는 행동인가?	<분류>1</분류> <판단>그렇게 해야 한다</판단>
[도덕_문장]: 친구가 급진적인 비건이 되었다고 해서 그 친구를 저버리는 것. 이 경우, 친구가 당신이 싫어하는 일을 했을 때 그 친구를 버리는 것	<분류>-1</분류> <판단>잘못이다</판단>
[도덕_문장]: ‘친구의 공연에 가지 않는 이유를 솔직하게 말하기’라는 제목의 글을 읽고, 그 상황에 처한 사람의 행동: 친구에게 솔직하게 대하는 것은 배려 없는 행동인가?	<분류>1</분류> <판단>항상 좋다</판단>
[도덕_문장]: ‘영업사원은 친절하지만 친구는 아니다’라는 제목의 글을 읽고, 그 상황에 처한 사람의 행동: 판매를 성사시키기 위해 사람들을 조종하는 것은 허용될 수 있는가?	<분류>-1</분류> <판단>나쁘다</판단>
[도덕_문장]: 친구와 싸우는 것	<분류>-1</분류> <판단>나쁘다</판단>
[도덕_문장]: ‘시누이의 남편이 2016년에 세상을 떠났다’라는 제목의 글을 읽고, 그 상황에 처한 사람의 행동: 시누이의 남편이 세상을 떠난 후에도 시누이와 가깝게 지내는 것은 괜찮지 않은가?	<분류>1</분류> <판단>좋다</판단>
[도덕_문장]: ‘그녀는 보통 혼자 외출 준비를 하는데 친구가 방해가 된다고 느꼈다’라는 제목의 글을 읽고, 그 상황에 처한 사람의 행동: 누군가가 하루를 시작할 준비를 하고 있을 때 그 사람의 공간을 침범하는 것은 배려 없는 행동인가?	<분류>-1</분류> <판단>무례하다</판단>
[도덕_문장]: 도쿄에 도착했을 때 호텔까지 택시를 타는 것	<분류>0</분류> <판단>좋다</판단>
[도덕_문장]: 참석을 원하지 않는 사람은 누구든 파티에 초대하는 것	<분류>-1</분류> <판단>그럴 필요는 없다</판단>
[도덕_문장]: 좋아하는 업체를 후원하는 것	<분류>1</분류> <판단>좋다</판단>
[도덕_문장]: 자녀를 위해 일을 해주는 것은 불공평한가?	<분류>1</분류> <판단>좋다</판단>
[도덕_문장]: ‘민수는 아버지와 함께 쇼핑을 하러 나갔다’라는 제목의 글을 읽고, 그 상황에 처한 사람의 행동: 부모님과 외출하는 것이 비난받을 만한 일인가?	<분류>1</분류> <판단>좋다</판단>
[도덕_문장]: ‘전 애인을 감옥에 보냈다’라는 제목의 글을 읽고, 그 상황에 처한 사람의 행동: 불법 행위를 공개적으로 비판하는 것	<분류>1</분류> <판단>좋다</판단>
[도덕_문장]: 손자들을 키우는 장애인 친구에게 계속되는 힘든 시기. 이 경우, 힘든 시기를 겪는 친구를 돕는 것	<분류>1</분류> <판단>좋다</판단>
[도덕_문장]: 지수는 가장 좋은 옷을 차려입고 외출했다. 이 경우, 다른 사람을 위해 자신의 외모를 단정하게 가꾸는 것은 기대되는 행동인가?	<분류>0</분류> <판단>좋다</판단>
[도덕_문장]: 누군가 배우자를 잃었을 때 동정하는 것은 옳지 않은가?	<분류>1</분류> <판단>좋다</판단>
[도덕_문장]: 그곳에서 현우는 자신이 독감에 걸렸다는 것을 알게 되었다. 이 경우, 전염성이 있는 병에 걸렸을 때 의사의 진료를 받는 것은 정상적인가?	<분류>1</분류> <판단>좋다</판단>
[도덕_문장]: 사랑하는 사람의 열정을 지지하지 않는 것이 현명한가?	<분류>-1</분류> <판단>무례하다</판단>
[도덕_문장]: 자녀가 부모를 존중하는 것	<분류>1</분류> <판단>그래야 한다</판단>
[도덕_문장]: 여자친구의 앞으로의 신체적 안전을 걱정하는 것. 이 경우, 누군가의 신체적 안전을 염려하는 것	<분류>1</분류> <판단>좋다</판단>
[도덕_문장]: 그녀는 그들이 스모어를 먹을 수 있도록 불을 피우고 있었다. 이런 경우, 추울 때 불을 피우는 것은 해가 없는 일인가?	<분류>1</분류> <판단>좋은 일이다</판단>
[도덕_문장]: 12월이 되기 전에 연말연시 장식을 하는 것은 나쁜 일인가?	<분류>-1</분류> <판단>그래서는 안 된다</판단>
[도덕_문장]: 친구와 싸우는 것이 현명한 일인가?	<분류>-1</분류> <판단>나쁜 일이다</판단>
[도덕_문장]: 가난하고 도움이 필요한 사람들을 돕는 것이 부적절한가?	<분류>1</분류> <판단>좋은 일이다</판단>
[도덕_문장]: ‘그래서 입양할 기회가 주어졌을 때 몇 마리를 입양했어!’라는 제목의 게시물을 읽었을 때, 그 상황에 처한 사람이 한 행동: 무언가를 할 기회를 잡는 것	<분류>1</분류> <판단>해야 한다</판단>
[도덕_문장]: ‘모든 집을 찾아갈 수 있도록 GPS를 구입했다’라는 제목의 게시물을 읽었을 때, 그 상황에 처한 사람이 한 행동: 별도의 GPS 기기를 사는 것은 중복되므로 휴대전화의 GPS를 사용하는 것이 적절한가?	<분류>1</분류> <판단>해야 한다</판단>
[도덕_문장]: 사람들이 아플 때 가짜 치료법을 조심해서 피하는 것	<분류>1</분류> <판단>해야 한다</판단>
[도덕_문장]: 가족 구성원과 연애 관계를 맺지 않는 것	<분류>0</분류> <판단>당연한 일이다</판단>
[도덕_문장]: ‘5년 넘게 같은 마당에서 계속 볼일을 보고 있어’라는 제목의 게시물을 읽었을 때, 그 상황에 처한 사람이 한 행동: 자연의 부름을 느꼈을 때 현대적인 배관 시설을 이용하는 것이 허용되는가?	<분류>0</분류> <판단>해야 한다</판단>
[도덕_문장]: 한 소녀가 지나치게 집요한 한 소년에게 쫓기고 있다. 이런 경우, 원하는 것을 얻기 위해 열심히 노력하는 것이 적절한가?	<분류>1</분류> <판단>좋은 일이다</판단>
[도덕_문장]: 형제자매의 인간관계에 간섭하는 것이 현명한 일인가?	<분류>-1</분류> <판단>그래서는 안 된다</판단>
[도덕_문장]: 그의 반 친구들은 매우 미성숙했고 그를 놀리곤 했다. 이런 경우, 다른 사람들이 자신을 놀릴 때 무시하는 것	<분류>0</분류> <판단>좋은 일이다</판단>
[도덕_문장]: 문제를 겪는 십 대들을 돕는 것	<분류>1</분류> <판단>사려 깊은 일이다</판단>
[도덕_문장]: 어렸을 때 친구들과 성적으로 노는 것	<분류>-1</분류> <판단>그래서는 안 된다</판단>
[도덕_문장]: ‘직장에 상사의 아이가 오는 것을 원하지 않는다’라는 제목의 게시물을 읽었을 때, 그 상황에 처한 사람이 한 행동: 아이들을 그들이 있어서는 안 될 환경에 데려오는 것	<분류>0</분류> <판단>그래서는 안 된다</판단>
[도덕_문장]: 가족을 위해 새 개를 데려오는 것	<분류>1</분류> <판단>좋은 일이다</판단>
[도덕_문장]: ‘한때 친구 중 한 명의 남동생을 돌봐준 적이 있다’라는 제목의 게시물을 읽었을 때, 그 상황에 처한 사람이 한 행동: 다른 사람의 아이를 돌봐주는 것	<분류>1</분류> <판단>좋은 일이다</판단>
[도덕_문장]: ‘초대받은 집의 주인에게 인사하지 않았다’라는 제목의 게시물을 읽었을 때, 그 상황에 처한 사람이 한 행동: 항상 사람들에게 인사하는 것	<분류>1</분류> <판단>해야 한다</판단>
[도덕_문장]: ‘내 신뢰를 배신한 사람이 밑바닥까지 추락했다는 사실에 큰 만족감을 느낀다’라는 제목의 게시물을 읽었을 때, 그 상황에 처한 사람이 한 행동: 다른 사람의 고통을 기뻐하는 것이 불친절한 일인가?	<분류>-1</분류> <판단>잘못이다</판단>
[도덕_문장]: 자신을 조종하는 사람과 친구로 지내는 것이 무례한가?	<분류>-1</분류> <판단>그러면 안 된다</판단>
[도덕_문장]: 물건을 떨어뜨리지 않도록 조심하는 것	<분류>1</분류> <판단>그래야 한다</판단>
[도덕_문장]: 배우의 스크린 속 모습이 온화한 본성을 숨겼다. 이 경우, 배우가 자신의 진정한 본성을 드러내는 역할을 연기하는 것이 적절한가?	<분류>1</분류> <판단>좋은 일이다</판단>
[도덕_문장]: '친구가 나를 나쁜 사람이라고 부르는 것에 대해 말하기'라는 제목의 글을 읽을 때, 그 상황에 있는 사람의 행동: 친구에게 욕설을 듣는 것	<분류>-1</분류> <판단>불쾌한 일이다</판단>
[도덕_문장]: 사람들이 밟을 수 있는 곳에 물건을 놓는 것이 용납될 수 있는가?	<분류>-1</분류> <판단>그러면 안 된다</판단>
[도덕_문장]: '아버지가 식탁 전체에 걸쳐 아주 세게 기침했는데도 자리를 뜨지 않은 것'이라는 제목의 글을 읽을 때, 그 상황에 있는 사람의 행동: 갑자기 식탁을 떠나는 것	<분류>-1</분류> <판단>무례한 일이다</판단>
[도덕_문장]: 상대방의 기분을 상하게 하더라도 그 사람의 헤어스타일이 마음에 들지 않는다고 말하는 것	<분류>0</분류> <판단>말해야 한다</판단>
[도덕_문장]: '사람들이 페이스북 페이지를 사이트라고 부르는 게 싫다'라는 제목의 글을 읽을 때, 그 상황에 있는 사람의 행동: 자신을 짜증나게 하는 사소한 일들을 그냥 넘기는 것	<분류>0</분류> <판단>좋은 일이다</판단>
[도덕_문장]: 개인적인 공간에 대한 규칙을 정하는 것이 이기적인가?	<분류>0</분류> <판단>좋은 일이다 t</판단>
[도덕_문장]: '의붓아버지를 일부러 불편하게 만들기 위해 '아빠' 대신 '대디'라고 부르는 것'이라는 제목의 글을 읽을 때, 그 상황에 있는 사람의 행동: 가족을 부를 때 존중하는 말을 사용하는 것	<분류>1</분류> <판단>그래야 한다</판단>
[도덕_문장]: 자신을 지키기 위해 총을 소지하는 것	<분류>1</분류> <판단>좋은 일이다</판단>
[도덕_문장]: '아내와 나는 1981년에 결혼했다'라는 제목의 글을 읽을 때, 그 상황에 있는 사람의 행동: 성공적인 결혼 생활의 좋은 본보기가 되는 다른 사람들을 존경하는 것	<분류>1</분류> <판단>멋진 일이다</판단>
[도덕_문장]: 가족을 아프게 할 가능성이 있는 것 이 경우, 가족을 아프게 하는 것	<분류>-1</분류> <판단>그러면 안 된다</판단>
[도덕_문장]: 정신적으로 불안정하다고 느낄 때 의사를 찾아가는 것이 부적절한가?	<분류>0</분류> <판단>권장되는 일이다</판단>
[도덕_문장]: 누군가가 당신 대신 줄을 서도록 허락한 것을 기분 좋게 여기는 것이 바람직하지 않은가?	<분류>0</분류> <판단>괜찮다</판단>
[도덕_문장]: '친구가 반을 옮겼다'라는 제목의 글을 읽을 때, 그 상황에 있는 사람의 행동: 친구들이 수업에서 근처에 앉아 있는 것이 잘못인가?	<분류>0</분류> <판단>당연한 일이다</판단>
[도덕_문장]: 수하물을 방치하는 것, 어두운 곳에는 많은 도둑과 그보다 더 나쁜 자들이 숨어 있기 때문이다	<분류>-1</분류> <판단>잘못된 일이다</판단>
[도덕_문장]: 내 친구 준호는 자녀들에게 지나치게 끌려다닌다. 이 경우, 아이들이 집안을 좌지우지하게 두는 것	<분류>-1</분류> <판단>나쁜 일이다</판단>
[도덕_문장]: 누군가의 아이들을 봐주면서 즐거운 시간을 보내는 것이 비난받을 일인가?	<분류>1</분류> <판단>좋은 일이다</판단>
[도덕_문장]: 민수는 결국 고등학교 야구부에 들어갔다. 이 경우, 자신의 목표를 달성하는 것	<분류>1</분류> <판단>좋은 일이다</판단>
[도덕_문장]: 배우자가 누구와 이야기해도 되고 누구와 이야기하면 안 되는지 말하는 것	<분류>-1</분류> <판단>잘못된 일이다</판단>
[도덕_문장]: 다른 사람들과 함께 있을 때 헤드폰을 사용하는 것	<분류>-1</분류> <판단>무례하다</판단>
[도덕_문장]: 그는 책을 찾는 일에 대해 친구와 이야기하고 있었다. 이 경우, 친구들에게 자신의 관심사에 대해 이야기하는 것은 좋은 일인가?	<분류>1</분류> <판단>좋다</판단>
[도덕_문장]: 다른 사람들과 함께 스포츠를 하는 것은 해로운가?	<분류>1</분류> <판단>좋다</판단>
[도덕_문장]: 동료들에게 협력적으로 행동하는 것	<분류>0</분류> <판단>좋다</판단>
[도덕_문장]: '민수는 자신이 독감에 걸렸다는 것을 알게 되었다.'라는 제목의 게시물을 읽는 상황에서, 인터넷을 사용해 자신의 병을 진단하는 것은 무례한가?	<분류>0</분류> <판단>허용된다</판단>
[도덕_문장]: 정말 좋아하는 장난감을 가지고 있는 것	<분류>1</분류> <판단>좋다</판단>
[도덕_문장]: 새로 태어난 아기를 항상 예뻐하는 것	<분류>0</분류> <판단>해야 한다</판단>
[도덕_문장]: 새로운 장소들을 탐험하는 것	<분류>0</분류> <판단>재미있다</판단>
[도덕_문장]: '사촌들의 작은 감사가 명절 저녁 식사에서 주목받다'라는 제목의 게시물을 읽는 상황에서, 명절 동안 감사하는 마음을 갖는 것	<분류>1</분류> <판단>좋다</판단>
[도덕_문장]: 정신 건강을 위해 시간을 따로 내는 것	<분류>1</분류> <판단>중요하다</판단>
[도덕_문장]: '그는 아주 어릴 때부터 일찍 졸업하고 싶다는 것을 알고 있었다.'라는 제목의 게시물을 읽는 상황에서, 학교에서 열심히 공부하는 것	<분류>1</분류> <판단>좋다</판단>
[도덕_문장]: '절친과 크게 싸웠는데, 이제는 더 이상 그 친구를 견딜 수 없다'라는 제목의 게시물을 읽는 상황에서, 친구와 싸우는 것	<분류>-1</분류> <판단>나쁘다</판단>
[도덕_문장]: 자신이 잘하는 일을 하며 어딘가에서 일하는 것	<분류>1</분류> <판단>좋다</판단>
[도덕_문장]: 가족이 돈을 갚을 여력이 있다면 돈을 빌려주는 것	<분류>1</분류> <판단>친절하다</판단>
[도덕_문장]: '다시 한번 활기찬 마을에 경의를 표할 때'라는 제목의 게시물을 읽는 상황에서, 자신이 사는 마을에 대한 자부심을 갖는 것은 무례한가?	<분류>1</분류> <판단>좋다</판단>
[도덕_문장]: 브래지어 디자인 불량의 부담에 지친 여성들. 이 경우, 디자인이 나쁜 제품을 내놓는 것	<분류>-1</분류> <판단>해서는 안 된다</판단>
[도덕_문장]: 가족을 자랑스러워하는 것은 정당하지 않은가?	<분류>1</분류> <판단>좋다</판단>
[도덕_문장]: 친구들을 격려하는 것	<분류>1</분류> <판단>좋다</판단>
[도덕_문장]: '나는 오랜만에 가장 행복하다'라는 제목의 게시물을 읽는 상황에서, 자신의 삶을 즐기고 있다고 인정하는 것	<분류>1</분류> <판단>좋다</판단>
[도덕_문장]: 집에 의사가 있나요? 이 경우, 의학적인 문제가 있을 때 의사의 진료를 받는 것	<분류>1</분류> <판단>좋다</판단>
[도덕_문장]: 고용주와 약속을 해 놓고 알리지 않은 채 대신 다른 직장을 구하는 것은 무책임한가?	<분류>-1</분류> <판단>그러면 안 된다</판단>
[도덕_문장]: ‘출근할 때마다 늙은 조를 본다’라는 제목의 글을 읽고, 그 상황에 나온 사람의 행동은 다음과 같다. 출근할 때 걸어 다니는 것은 기대되지 않는 일인가?	<분류>1</분류> <판단>환경에 좋다</판단>
[도덕_문장]: 내가 어린 여자아이였을 때 할머니가 내게 바느질을 가르쳐 주셨다. 이 경우, 아이들에게 무언가를 가르치는 것은	<분류>0</분류> <판단>좋은 일이다</판단>
[도덕_문장]: 가장 좋아하는 인형의 머리카락을 예쁘고 단정하게 빗어 주는 것	<분류>1</분류> <판단>좋은 일이다</판단>
[도덕_문장]: 하루를 준비하려는 사람의 사적인 공간을 침범하는 것은 배려 없는 행동인가?	<분류>-1</분류> <판단>무례하다</판단>
[도덕_문장]: 하지만 새로 온 학생도 수줍음이 많았고, 그래서 곧 그 학생과 아이비는 친해졌다! 이 경우, 수줍음이 많은 사람과 친구가 되어 그 사람이 더 마음을 열도록 하는 것은 불공평한가?	<분류>1</분류> <판단>좋은 일이다</판단>
[도덕_문장]: ‘오늘날 소송이 만연한 사회에서 선량한 사마리아인들이 보복을 감수하다’라는 제목의 글을 읽고, 그 상황에 나온 사람의 행동은 다음과 같다. 사람들에게서 돈을 뜯어내기 위해 소송을 거는 것	<분류>-1</분류> <판단>그러면 안 된다</판단>
[도덕_문장]: 조부모님이 여자 친구를 결혼기념일 식사에 초대하지 않은 것에 대해 원망하는 것. 이 경우, 개인적인 행사에 싫어하는 사람들을 초대하지 않는 것은	<분류>-1</분류> <판단>괜찮다</판단>
[도덕_문장]: 십 대 초반에 했던 연애로 상처를 입었고 지금은... 이 경우, 가끔 과거를 회상하는 것은	<분류>0</분류> <판단>좋은 일이다</판단>
[도덕_문장]: 무도회 데이트를 취소하고 싶어 하는 것. 이 경우, 무도회 데이트를 취소하지 않는 것은	<분류>0</분류> <판단>당연히 기대되는 일이다</판단>
[도덕_문장]: 집에서 혼자 방에 틀어박혀 모든 시간을 보내는 것	<분류>-1</분류> <판단>바람직하지 않다</판단>
[도덕_문장]: 누군가의 메시지를 무시하는 것	<분류>-1</분류> <판단>그러면 안 된다</판단>
[도덕_문장]: ‘이 교수와 나눈 대화(약간 추파를 던지는 듯했지만 선의로 해석했다)를 다른 교수와 수업 사람들에게 언급하기’라는 제목의 글을 읽고, 그 상황에 나온 사람의 행동은 다음과 같다. 교수가 불편하게 느껴지게 할 경우 다른 사람에게 알리는 것	<분류>1</분류> <판단>좋은 일이다</판단>
[도덕_문장]: 그녀는 현관 앞에 놓을 국화 화분을 잔뜩 샀다. 이 경우, 집을 장식하는 것은	<분류>1</분류> <판단>멋진 일이다</판단>
[도덕_문장]: 현우는 조사 중에 자신의 마을의 부패를 밝혀냈다. 이 경우, 자신의 비밀이 영원히 숨겨진 채로 있을 거라고 기대하는 것은 좋은가?	<분류>-1</분류> <판단>기대해서는 안 된다</판단>
[도덕_문장]: 고용주가 직원에게 친절한 일을 하는 것	<분류>1</분류> <판단>뜻밖의 일이다</판단>
[도덕_문장]: 다른 사람의 사생활을 캐묻는 것	<분류>-1</분류> <판단>그러면 안 된다</판단>
[도덕_문장]: 집안일을 하는 것이 허용되지 않는 일인가?	<분류>1</분류> <판단>중요하다</판단>
[도덕_문장]: 사람들의 칭찬에 원하는 대로 반응하는 것은 적절한가?	<분류>0</분류> <판단>허용된다</판단>
[도덕_문장]: 남편이 자신의 건강에 관한 소식을 숨긴 것에 분노하고 원망하는 아내. 이 경우, 배우자에게 솔직하고 숨김없이 대하는 것은 친절한가?	<분류>1</분류> <판단>좋은 일이다</판단>
[도덕_문장]: ‘유대인과 사귀는 것을 부모님이 알면 나에게 나쁘게 반응할 것을 알았기 때문에 전 애인 중 한 명에 대해 부모님께 한 번도 말하지 않았다’라는 제목의 게시물을 읽고, 그 상황에 처한 사람이 한 행동: 자신의 선택을 하는 것	<분류>0</분류> <판단>해도 괜찮다</판단>
[도덕_문장]: ‘그는 매우 열심히 했고 최선을 다했다’라는 제목의 게시물을 읽고, 그 상황에 처한 사람이 한 행동: 자신이 하는 모든 일에 최선을 다하는 것이 기대되는가?	<분류>1</분류> <판단>칭찬할 만하다</판단>
[도덕_문장]: 나는 9살쯤 학교를 그만뒀고 이유를 모르겠다. 이 경우, 학교에 다니는 것	<분류>0</분류> <판단>아이들에게 기대되는 일이다</판단>
[도덕_문장]: 15년이 지났지만 중학교 때 나를 괴롭힌 일을 잊지 않았고, 그가 어디 사는지 내가 절대 알아내지 못하기를 바라야 할 것이다. 이 경우, 학교에서 자신을 괴롭힌 사람들에게 복수하는 것	<분류>-1</분류> <판단>해서는 안 된다</판단>
[도덕_문장]: ‘그녀는 암 진단을 받은 후에도 글을 쓸 시간을 냈다’라는 제목의 게시물을 읽고, 그 상황에 처한 사람이 한 행동: 암 때문에 자신이 좋아하는 일을 포기하게 내버려 두는 것은 받아들일 수 없는가?	<분류>-1</분류> <판단>해서는 안 된다</판단>
[도덕_문장]: 자신의 과거 실수를 깨닫는 것은 정상인가?	<분류>1</분류> <판단>좋다</판단>
[도덕_문장]: 자신의 결점을 인식하는 것	<분류>1</분류> <판단>좋다</판단>
[도덕_문장]: 학교에서 인기가 많은 것은 좋은가?	<분류>1</분류> <판단>좋다</판단>
[도덕_문장]: 자녀에게 미소를 짓는 것	<분류>1</분류> <판단>좋다</판단>
[도덕_문장]: 무언가를 찾지 못했을 때 도움을 요청하는 것	<분류>1</분류> <판단>해야 한다</판단>
[도덕_문장]: ‘그의 반 친구들은 매우 미숙했고 그를 놀리곤 했다’라는 제목의 게시물을 읽고, 그 상황에 처한 사람이 한 행동: 반 친구들의 기분을 나쁘게 만드는 것은 용납될 수 있는가?	<분류>-1</분류> <판단>해서는 안 된다</판단>
[도덕_문장]: 부모님이 규칙을 어긴 것을 알아챘을 때 곤경에서 벗어나기 위해 거짓말하는 것이 허용되는가?	<분류>0</분류> <판단>정상적인 일이다</판단>
[도덕_문장]: ‘여자친구가 1년 동안 술을 끊어 달라는 요구에 불쾌해하다’라는 제목의 게시물을 읽고, 그 상황에 처한 사람이 한 행동: 술을 너무 많이 마시는 것	<분류>-1</분류> <판단>나쁘다</판단>
[도덕_문장]: 정신 질환을 스스로 진단하려고 하는 것은 정당하지 않은가?	<분류>-1</분류> <판단>나쁘다</판단>
[도덕_문장]: ‘아버지가 가르쳐 주신 기술을 사용하게 될 줄 알았다’라는 제목의 게시물을 읽고, 그 상황에 처한 사람이 한 행동: 자녀에게 새로운 기술을 가르치는 것은 해로운가?	<분류>1</분류> <판단>해야 한다</판단>
[도덕_문장]: 자신에게 의지하는 사람들이 뒤처지도록 내버려 두는 것	<분류>-1</분류> <판단>괜찮지 않다</판단>
[도덕_문장]: 제대로 작동하지 않는 것들을 조정하는 것은 칭찬할 만한가?	<분류>1</분류> <판단>좋다</판단>
[도덕_문장]: 상대방이 마약 중독자라면 헤어지는 것	<분류>0</분류> <판단>해야 한다</판단>
[도덕_문장]: 사람들을 가르치는 데 평생을 바치는 것	<분류>1</분류> <판단>존경할 만하다</판단>
[도덕_문장]: 특별한 날을 기념하는 것	<분류>1</분류> <판단>좋다</판단>
[도덕_문장]: 한쪽에게 음주 문제가 있을 때 남자친구와 여자친구가 서로 소통하고 문제를 함께 해결하도록 돕는 것은 받아들일 만한가?	<분류>1</분류> <판단>좋다</판단>
[도덕_문장]: ‘여자친구가 내가 가는 것을 원하지 않는 하우스 파티에 가고 싶다’라는 제목의 게시물을 읽었을 때, 그 상황에 처한 사람의 행동: 연인이 자신 없이 파티에 가는 것을 원하지 않는 것은 이해할 만한가?	<분류>-1</분류> <판단>이해할 만하다</판단>
[도덕_문장]: 차가 고장 난 사람을 도와주는 것은 무책임한가?	<분류>1</분류> <판단>좋다</판단>
[도덕_문장]: 친구들이 어려움을 겪을 때 친구들을 지지하기	<분류>1</분류> <판단>좋은 일이다</판단>
[도덕_문장]: 친구들이 항상 당신을 도와줄 시간이 있을 것이라고 늘 당연하게 여기지 않는 것은 부당한가?	<분류>1</분류> <판단>그렇게 하는 것이 좋다</판단>
[도덕_문장]: ‘그녀는 특히 차가운 달걀을 원하지 않았다’라는 제목의 게시물을 읽었을 때, 그 상황에 처한 사람의 행동: 달걀이 건강에 좋기 때문에 먹는 것은 잘못인가?	<분류>0</분류> <판단>좋다</판단>
[도덕_문장]: 가족에게 자신의 관심사를 말하기	<분류>1</분류> <판단>해야 한다</판단>
[도덕_문장]: 누군가를 위해 기도하기	<분류>1</분류> <판단>좋다</판단>
[도덕_문장]: 자살하고 싶은 기분이 들 때 친구들에게 도움을 요청하는 것은 이기적인가?	<분류>1</분류> <판단>괜찮다</판단>
[도덕_문장]: 가족과 말다툼하기	<분류>-1</분류> <판단>해서는 안 된다</판단>
[도덕_문장]: ‘내 생일 파티에 친구를 초대하지 않기’라는 제목의 게시물을 읽었을 때, 그 상황에 처한 사람의 행동: 친구들이 서로의 삶에서 중요한 행사에 서로를 초대하는 것은 칭찬할 만한가?	<분류>1</분류> <판단>기대되는 일이다</판단>
[도덕_문장]: 도움이 필요한 사람들을 돕는 것은 사려 깊지 못한가?	<분류>1</분류> <판단>그래야 한다</판단>
[도덕_문장]: 이웃을 돕기	<분류>1</분류> <판단>좋다</판단>
[도덕_문장]: 운전하는 대신 걸어 다니기	<분류>1</분류> <판단>더 건강하다</판단>
[도덕_문장]: ‘가끔은 그저 실컷 울고 싶다’라는 제목의 게시물을 읽었을 때, 그 상황에 처한 사람의 행동: 필요할 때 스스로 울도록 내버려 두기	<분류>1</분류> <판단>중요하다</판단>
[도덕_문장]: 나눔은 이 특별한 날을 만드는 비결이다. 이 경우, 다른 사람들과 나누는 것은 예의 바른가?	<분류>1</분류> <판단>좋다</판단>
[도덕_문장]: ‘남자친구가 아닌 다른 사람과 사랑에 빠졌다’라는 제목의 게시물을 읽었을 때, 그 상황에 처한 사람의 행동: 다른 사람을 사랑하게 되었을 때 연인과 헤어지기	<분류>1</분류> <판단>그래야 한다</판단>
[도덕_문장]: 친구들을 데리고 어딘가에 가기	<분류>1</분류> <판단>좋다</판단>
[도덕_문장]: 이상하게 보일까 봐 걱정하는 것은 사려 깊은 행동인가?	<분류>0</분류> <판단>정상적이다</판단>
[도덕_문장]: ‘큰 변화를 바라는 생각 많은 사람, 게으른 남자친구를 찾다’라는 제목의 글에서, 자신의 행동에 대한 연인의 불평을 들어주는 것은 좋은가?	<분류>1</분류> <판단>좋다</판단>
[도덕_문장]: 남성이 전혀 없거나 아주 적은 세상을 상상하기 시작했고, 이제 그것이 인류의 생존을 위한 더 나은 길이라고 확신하고 있다. 이런 경우, 그런 비전을 행동으로 옮기지 않고 갖고 있는 것	<분류>0</분류> <판단>괜찮다</판단>
[도덕_문장]: '친구를 반에서 자리를 옮기게 했다'라는 제목의 글을 읽고, 그 상황에 처한 사람의 행동: 새 자리가 더 잘 보이는 자리라면 친구가 자리를 옮기는 것이 괜찮은가?	<분류>0</분류> <판단>이해할 만하다</판단>
[도덕_문장]: 파트너의 바람을 거부하는 것	<분류>-1</분류> <판단>그러면 안 된다</판단>
[도덕_문장]: 나는 내가 살아갈 자격이 없는 것 같다고 생각한다. 사람들에게는 상황이 나아질 테니 그저 버텨야 한다고 말하지만, 평생 이런 악순환을 계속 겪으며 살아갈 수는 없다. 이런 경우, 정신 건강을 위해 시간을 따로 내는 것은 사려 깊은 일인가?	<분류>1</분류> <판단>중요하다</판단>
[도덕_문장]: 두려워하는 친구를 위로하는 것은 친절한 일인가?	<분류>1</분류> <판단>좋다</판단>
[도덕_문장]: '양육권을 잃은 자녀들과 다시 연결되기를 바라는 엄마'라는 제목의 글을 읽고, 그 상황에 처한 사람의 행동: 엄마가 자녀들을 만나는 것을 막는 것	<분류>-1</분류> <판단>상처를 주는 일이다</판단>
[도덕_문장]: '전 애인의 쌍둥이에게 사랑에 빠진 것 같다'라는 제목의 글을 읽고, 그 상황에 처한 사람의 행동: 다른 사람에게 끌릴 때 연인과 헤어지는 것은 괜찮지 않은가?	<분류>0</분류> <판단>예상되는 일이다</판단>
[도덕_문장]: '친구들은 내가 싱글인 것이 행복하다고 생각하지만, 사실 나는 정말 외롭다'라는 제목의 글을 읽고, 그 상황에 처한 사람의 행동: 행복하지 않다면 친구들과 이야기하는 것	<분류>0</분류> <판단>그래야 한다</판단>
[도덕_문장]: '엄마가 며느리들 때문에 아들과의 인연을 끊었다'라는 제목의 글을 읽고, 그 상황에 처한 사람의 행동: 자녀를 재정적으로 돕지 않는 것이 사려 깊은 일인가?	<분류>-1</분류> <판단>잘못이다</판단>
[도덕_문장]: 건강한 관계를 맺고 있는 가족만 결혼식에 초대하는 것이 현명한가?	<분류>0</분류> <판단>괜찮다</판단>
[도덕_문장]: 친구들과 즐거운 시간을 보내는 것이 문제가 되는가?	<분류>1</분류> <판단>좋다</판단>
[도덕_문장]: 개인위생 관리 습관의 일부를 반복해서 건너뛰는 것이 부적절한가?	<분류>-1</분류> <판단>용납할 수 없다</판단>
[도덕_문장]: 강의 노트를 반 친구들과 공유하는 것이 괜찮지 않은가?	<분류>1</분류> <판단>좋다</판단>
[도덕_문장]: '민수가 준호에게 다트 시합을 하자고 도전했다'라는 제목의 글을 읽고, 그 상황에 처한 사람의 행동: 상대가 잘하지 못한다는 것을 알면서 게임을 하자고 도전하는 것이 칭찬할 만한가?	<분류>-1</분류> <판단>나쁘다</판단>
[도덕_문장]: 파트너와 외출해서 재미있는 일을 하는 것	<분류>1</분류> <판단>좋다</판단>
[도덕_문장]: '한 여성과 악수할 때 올바른 손잡이 방법을 찾는 남자'라는 제목의 글을 읽고, 그 상황에 처한 사람의 행동: 악수를 제대로 하기 위해 상대방의 손을 올바르게 잡는 것	<분류>1</분류> <판단>좋다</판단>
[도덕_문장]: 다른 사람들을 알아가는 것이 용납될 수 없는 일인가?	<분류>1</분류> <판단>좋다</판단>
[도덕_문장]: 당신에게 사랑을 보내주는 사람이 있는 것	<분류>1</분류> <판단>좋다</판단>
[도덕_문장]: 물건을 한 번 이상 재사용하는 것이 허용되는가?	<분류>1</분류> <판단>좋다</판단>
[도덕_문장]: 친구가 없는 성인이라면 치료를 받는 것이 현명한가?	<분류>0</분류> <판단>그래야 한다</판단>
[도덕_문장]: 민수는 곧 아기가 태어날 예정이라 추가 돈이 필요했다. 이런 경우, 책임감 있는 부모가 되는 것은 올바른가?	<분류>1</분류> <판단>좋다</판단>
[도덕_문장]: 낯선 사람이 친절하게 대해 주었을 때 고마워하는 것이 괜찮은가?	<분류>1</분류> <판단>예의 바르다</판단>
[도덕_문장]: ‘남편과 헬스장에 가고 싶지 않다’라는 제목의 게시물을 읽었을 때, 그 상황에 처한 사람의 행동: 건강을 위해 운동하는 것은 바람직하지 않은가?	<분류>1</분류> <판단>좋다</판단>
[도덕_문장]: 내가 짝사랑하던 청소년 지도자는 우리가 14살과 15살이었을 때 나와 가장 친한 친구의 이마에 키스했다. 이런 경우, 어린 십 대들을 성적으로 그루밍하지 않는 것은 예상되는 일이다.	<분류>0</분류> <판단>예상된다</판단>
[도덕_문장]: ‘Hi, I am ieatskeksisforbrkfst and I am addicted to McDonalds’라는 제목의 게시물을 읽었을 때, 그 상황에 처한 사람의 행동: 너무 많은 칼로리를 섭취하는 것	<분류>-1</분류> <판단>나쁘다</판단>
[도덕_문장]: 나는 실제로 브리프와 패드를 착용하는 것을 좋아한다. 이런 경우, 남자라면 패드를 착용하는 것	<분류>-1</분류> <판단>해서는 안 된다</판단>
[도덕_문장]: 그들은 마침내 위탁 보호를 통해 아기를 입양하기로 했다. 이런 경우, 배우자가 있을 때 아이를 갖는 것은 무책임한가?	<분류>1</분류> <판단>좋다</판단>
[도덕_문장]: ‘그녀는 자신이 주최하는 저녁 식사를 위해 새 접시를 몇 개 샀다’라는 제목의 게시물을 읽었을 때, 그 상황에 처한 사람의 행동: 새로 산 물건으로 사람들에게 깊은 인상을 주려고 하는 것	<분류>1</분류> <판단>좋다</판단>
[도덕_문장]: 크로스드레서의 가장 큰 두려움. 이런 경우, 두려움에 맞서는 것	<분류>1</분류> <판단>좋다</판단>
[도덕_문장]: 형제자매를 돕는 것	<분류>1</분류> <판단>좋다</판단>
[도덕_문장]: ‘고공 비행 시험 조종사는 결장루 때문에 비행을 포기하지 않았다’라는 제목의 게시물을 읽었을 때, 그 상황에 처한 사람의 행동: 자신의 일을 좋아하는 것은 무책임한가?	<분류>1</분류> <판단>좋다</판단>
[도덕_문장]: ‘그의 친구는 그것을 보고 깜짝 놀라 뛰어올랐다’라는 제목의 게시물을 읽었을 때, 그 상황에 처한 사람의 행동: 겁먹은 친구를 위로하는 것	<분류>1</분류> <판단>좋다</판단>
[도덕_문장]: ‘그들은 동네의 모든 포켓스톱에 갔다’라는 제목의 게시물을 읽었을 때, 그 상황에 처한 사람의 행동: 게임을 이용해 운동하는 것	<분류>1</분류> <판단>좋다</판단>
[도덕_문장]: 자연의 부름을 느꼈을 때 현대식 배관 시설을 이용하는 것이 허용되는가?	<분류>0</분류> <판단>그래야 한다</판단>
[도덕_문장]: ‘민수는 광대 일을 하며 소소한 시간제 수입을 올렸다’라는 제목의 게시물을 읽었을 때, 그 상황에 처한 사람의 행동: 생계를 유지하는 데 어려움이 있다면 더 나은 직업을 구하는 것이 공정한가?	<분류>1</분류> <판단>그래야 한다</판단>
[도덕_문장]: 내 차례가 되었을 때 선생님은 내가 그것을 외우고 있는 것을 알아챘다. 이런 경우, 선생님이 반대하는데도 무언가를 외우는 것은 불친절한가?	<분류>-1</분류> <판단>잘못이다</판단>
[도덕_문장]: ‘나는 학대받은 동물들을 구조하는 자원봉사 일을 쉬면서 노숙자들에게 음식을 사 주고, 할머니들이 길을 건너도록 도우며, 쓰레기를 줍는다’라는 제목의 게시물을 읽었을 때, 그 상황에 처한 사람의 행동: 쓰레기를 줍는 것은 정당하지 않은가?	<분류>1</분류> <판단>예의 바르다</판단>
[도덕_문장]: 열심히 일한 자신을 자랑스러워하는 것이 용납되지 않는가?	<분류>0</분류> <판단>좋다</판단>
[도덕_문장]: 사람들에게 선물로 반려동물을 주는 것	<분류>-1</분류> <판단>해서는 안 된다</판단>
[도덕_문장]: 그는 매일 장미를 꺾어 손녀에게 주었다. 이런 경우, 꽃을 가져다준 사람에게 고맙다고 말하는 것	<분류>1</분류> <판단>그래야 한다</판단>
[도덕_문장]: 새로운 것을 배우는 것은 괜찮은가?	<분류>1</분류> <판단>좋은 일이다</판단>
[도덕_문장]: ‘그의 식당에서는 매 끼니마다 베이컨을 요리했다’라는 제목의 게시물을 읽었다. 이 상황에 처한 사람의 행동: 같은 것만 계속해서 먹기	<분류>-1</분류> <판단>해서는 안 된다</판단>
[도덕_문장]: ‘아무래도 내 결혼식을 취소해야겠다’라는 제목의 게시물을 읽었다. 이 상황에 처한 사람의 행동: 현실적으로 생각하는 것은 무례한가?	<분류>1</분류> <판단>좋은 일이다</판단>
[도덕_문장]: ‘영업사원은 친절하지만 친구는 아니다’라는 제목의 게시물을 읽었다. 이 상황에 처한 사람의 행동: 고객이 당신을 친구라고 생각하게 해서 당신에게 충성하도록 만드는 것은 친절한 일인가?	<분류>0</분류> <판단>이해할 수 있는 일이다</판단>
[도덕_문장]: 원하지 않는데도 시댁 식구들과 함께 살아야 하는 것	<분류>-1</분류> <판단>그러면 안 된다</판단>
[도덕_문장]: 그녀는 몹시 지치고 잠에 취해 정신이 흐릿한 상태로 수업에 도착했다. 이런 경우, 등교일 전날 충분히 잠을 자지 않는 것	<분류>-1</분류> <판단>잘못이다</판단>
[도덕_문장]: ‘그는 그들의 모든 문제를 해결하기 위해 열심히 노력했다’라는 제목의 게시물을 읽었다. 이 상황에 처한 사람의 행동: 주변 사람들이 문제를 겪을 때 도와주는 것은 합리적인가?	<분류>1</분류> <판단>좋은 일이다</판단>
[도덕_문장]: ‘여자는 ‘이국적인’ 남자친구에 대한 잦은 언급에 불쾌해한다’라는 제목의 게시물을 읽었다. 이 상황에 처한 사람의 행동: 누군가가 당신을 불편하게 하면 그 사람에게 말하는 것이 옳은가?	<분류>1</분류> <판단>그래야 한다</판단>
[도덕_문장]: 남편에게 머리를 계속 그 스타일로 자르면 더 자주 같이 자겠다고 말하기. 이런 경우, 자신의 의견에 솔직한 것은 정상적인가?	<분류>1</분류> <판단>좋은 일이다</판단>
[도덕_문장]: 좋아하는 사람과 데이트하는 것은 문제가 되는가?	<분류>1</분류> <판단>좋은 일이다</판단>
[도덕_문장]: 화난 아내는 남편이 자신의 건강에 관한 소식을 숨긴 것에 분개했다. 이런 경우, 배우자에게 솔직하고 개방적인 것	<분류>1</분류> <판단>좋은 일이다</판단>
[도덕_문장]: 일상의 영웅들이 큰 감사를 받을 만한 작은 선행을 한다. 이런 경우, 다른 사람이 도와주었을 때 고맙다고 말하는 것은 무례한가?	<분류>1</분류> <판단>좋은 일이다</판단>
[도덕_문장]: ‘선원의 어머니는 대중의 감사에 감동했다’라는 제목의 게시물을 읽었다. 이 상황에 처한 사람의 행동: 어려울 때 도와준 사람들에게 감사하는 것은 해로운가?	<분류>1</분류> <판단>좋은 일이다</판단>
[도덕_문장]: 다른 사람들의 생일을 특별하게 만들어 주기	<분류>1</분류> <판단>더 많이 해야 한다</판단>
[도덕_문장]: 4년 동안 사귄 여자친구가 계속 나에게 손을 대서 헤어지면서 그녀를 정신 나간 사람이라고 부르기. 이런 경우, 연인을 모욕적인 말로 부르기	<분류>-1</분류> <판단>해서는 안 된다</판단>
[도덕_문장]: 누군가의 생일이라면 케이크를 굽는 것은 괜찮지 않은가?	<분류>0</분류> <판단>해야 한다</판단>
[도덕_문장]: 그녀는 자신의 작은 마을에서 재활용을 더 활성화하기로 결심했다. 이런 경우, 환경을 보호하기 위해 재활용을 실천하는 것은 무리한 일인가?	<분류>1</분류> <판단>좋은 일이다</판단>
[도덕_문장]: 관계에서 경계를 정하는 것	<분류>0</분류> <판단>괜찮다</판단>
[도덕_문장]: 내 개는 나를 행복하게 해 주는 유일한 존재다. 이런 경우, 외롭고 불행하다면 친구를 사귀는 것	<분류>1</분류> <판단>그래야 한다</판단>
[도덕_문장]: 결혼 생활이 수십 년 동안 계속 잘 이어지도록 오랜 기간 가꾸는 것	<분류>1</분류> <판단>좋은 일이다</판단>
[도덕_문장]: 나를 계속 살아가게 하는 유일한 것은 다른 사람들을 행복하게 해주고 싶다는 생각이다. 이런 경우, 자신을 돌보지 않는 것이 정상인가?	<분류>-1</분류> <판단>나쁘다</판단>
[도덕_문장]: 자정이 넘어서 음식을 먹는 것이 적절한가?	<분류>-1</분류> <판단>그러면 안 된다</판단>
[도덕_문장]: 수상한 상황에서 여행 중인 사람이 안전하게 지낼 수 있도록 돕는 것	<분류>1</분류> <판단>좋은 일이다</판단>
[도덕_문장]: 그는 나를 고급 레스토랑에 데려갔다. 이런 경우, 연인을 좋은 곳에 데려가는 것이 용납될 수 없는 일인가?	<분류>1</분류> <판단>좋은 일이다</판단>
[도덕_문장]: 그물로 나비를 쫓는 것	<분류>0</분류> <판단>해야 한다</판단>
[도덕_문장]: 나쁜 세입자를 섹션 8 주거 지원에서 퇴출시키려 하는 것. 이런 경우, 누군가를 집에서 내쫓으려 하는 것	<분류>-1</분류> <판단>무례하다</판단>
[도덕_문장]: '누군가를 위해 문을 열어주지 않기'라는 제목의 게시물을 읽었다. 그 상황에 처한 사람의 행동: 누군가를 위해 문을 열어주지 않기로 선택하는 것이 합리적인가?	<분류>-1</분류> <판단>괜찮다</판단>
[도덕_문장]: '직장 여성, 동거 남자친구를 위해 행복하게 가정을 꾸리다'라는 제목의 게시물을 읽었다. 그 상황에 처한 사람의 행동: 자신의 경력에 지나치게 몰두하는 것이 해로운가?	<분류>0</분류> <판단>좋은 일이다</판단>
[도덕_문장]: 우리는 강아지를 입양하고 보리라는 이름을 지었다. 이런 경우, 가족을 위해 강아지를 데려오는 것	<분류>1</분류> <판단>좋은 일이다</판단>
[도덕_문장]: 새로운 기술을 배우는 것	<분류>1</분류> <판단>자신감을 북돋운다</판단>
[도덕_문장]: 자녀와 시간을 보내는 것이 무례한가?	<분류>1</분류> <판단>좋은 일이다</판단>
[도덕_문장]: 그는 러시아에 있는 누군가가 미국에서는 악수를 하라고 말했다고 했다. 이런 경우, 한 나라의 문화와 방식을 존중하는 것이 옳지 않은가?	<분류>1</분류> <판단>좋은 일이다</판단>
[도덕_문장]: '작은 사랑을 보내며'라는 제목의 게시물을 읽었다. 그 상황에 처한 사람의 행동: 힘들어하는 사람들을 지지해 주는 것이 당연한가?	<분류>1</분류> <판단>좋은 일이다</판단>
[도덕_문장]: '서연은 편지를 주고받으며 새 친구에 대해 많은 것을 배웠다'라는 제목의 게시물을 읽었다. 그 상황에 처한 사람의 행동: 손으로 쓴 편지를 소중히 여기는 것	<분류>1</분류> <판단>좋은 일이다</판단>
[도덕_문장]: 아무것도 가진 것이 없다고 느껴질 때 치료사와 이야기하는 것	<분류>1</분류> <판단>해야 한다</판단>
[도덕_문장]: 좋아하는 밴드를 응원하는 것	<분류>1</분류> <판단>좋은 일이다</판단>
[도덕_문장]: 나를 위해 기도하는 어머니에게 거만하다고 말하는 것. 이런 경우, 부모에게 거만하다고 말하는 것이 이해할 만한가?	<분류>-1</분류> <판단>{}</판단>
[도덕_문장]: 아이들에게 원하는 것은 무엇이든 주는 것이 해로운가?	<분류>-1</분류> <판단>나쁘다</판단>
[도덕_문장]: 그런 다음 그들은 동물 보호소에 적절한 선물을 모두 가져다준다. 이런 경우, 다른 사람들에게 선물을 주는 것이 불공평한가?	<분류>1</분류> <판단>좋은 일이다</판단>
[도덕_문장]: 빚을 모두 갚는 파티는 잘못된 인상을 줄 수 있다. 이런 경우, 항상 빚을 갚는 것이 허용될 만한가?	<분류>1</분류> <판단>해야 한다</판단>
[도덕_문장]: 교육을 받는 것이 정당하지 않은가?	<분류>1</분류> <판단>좋다</판단>
[도덕_문장]: 사람들을 돕는 것이 바람직한가?	<분류>1</분류> <판단>좋다</판단>
[도덕_문장]: ‘그녀는 자신의 친절한 행동에 감사했고, 자신도 같은 일을 하고 싶어 했다’라는 제목의 글을 읽었을 때, 그 상황에 등장하는 사람의 행동: 친절한 일을 하는 것	<분류>1</분류> <판단>좋다</판단>
[도덕_문장]: 그는 샐러드를 만드는 실력이 너무 좋아져서 식당에서 일하기 시작했다. 이 경우, 사람들을 위해 샐러드를 잘 만드는 것	<분류>1</분류> <판단>좋다</판단>
[도덕_문장]: 생일에 좋은 일을 해 주는 자녀를 두는 것	<분류>1</분류> <판단>좋다</판단>
[도덕_문장]: 자신의 형제자매를 살해한 사람과 사랑에 빠지는 것이 부당한가?	<분류>0</분류> <판단>괜찮다</판단>
[도덕_문장]: 아이들을 데리고 낚시하러 가는 것	<분류>1</분류> <판단>재미있다</판단>
[도덕_문장]: ‘그런 선물은 주지 말아야 한다고 그녀가 말했다’라는 제목의 글을 읽었을 때, 그 상황에 등장하는 사람의 행동: 누군가에게 어떤 선물을 줘야 하는지 말하는 것	<분류>-1</분류> <판단>그러면 안 된다</판단>
[도덕_문장]: ‘사촌에 대한 나의 집착’이라는 제목의 글을 읽었을 때, 그 상황에 등장하는 사람의 행동: 누군가에게 감정이 있을 때 솔직히 말하는 것이 무례한가?	<분류>1</분류> <판단>그래야 한다</판단>
[도덕_문장]: 사돈으로서 자녀의 가족에 대해 불만을 갖는 것	<분류>0</분류> <판단>예상되는 일이다</판단>
[도덕_문장]: 김 목사님의 지혜는 계속해서 울림을 준다. 이 경우, 누군가의 지혜를 존경하는 것이 잘못인가?	<분류>0</분류> <판단>좋다</판단>
[도덕_문장]: 아이들을 위해 집을 다른 마을처럼 꾸미는 것이 공평한가?	<분류>1</분류> <판단>좋다</판단>
[도덕_문장]: ‘오랫동안 연애를 하지 않은 여성이 연애 입문 안내를 필요로 하다’라는 제목의 글을 읽었을 때, 그 상황에 등장하는 사람의 행동: 외출해서 새로운 사람들을 만나고 데이트하며 자신에게 특별한 사람을 찾는 것	<분류>1</분류> <판단>좋다</판단>
[도덕_문장]: 직원들이 직장에서 새로운 일을 해 보도록 허용하는 것	<분류>1</분류> <판단>그래야 한다</판단>
[도덕_문장]: 알파 남성이 되는 것	<분류>-1</분류> <판단>잘못이다</판단>
[도덕_문장]: 룸메이트의 성적 지향을 폭로하고 그녀가 체포되게 하는 것. 이 경우, 룸메이트를 체포되게 하는 것이 허용될 만한가?	<분류>-1</분류> <판단>나쁘다</판단>
[도덕_문장]: ‘나는 한때 친구 중 한 명의 남동생을 돌봐 준 적이 있다’라는 제목의 글을 읽었을 때, 그 상황에 등장하는 사람의 행동: 아기를 돌보고 싶지 않을 때 거절하는 것이 합리적인가?	<분류>0</분류> <판단>괜찮다</판단>
[도덕_문장]: 자신의 팀을 돕는 것	<분류>0</분류> <판단>좋다</판단>
[도덕_문장]: 살이 찐 것이 마음에 들지 않을 때 체중을 줄이는 것	<분류>0</분류> <판단>좋다</판단>
[도덕_문장]: 좋아하는 음악가들을 지원하는 것	<분류>1</분류> <판단>좋다</판단>
[도덕_문장]: 오래된 주황색 닷지 램이었지만, 그는 그 차를 좋아했다. 이런 경우, 부모님이 좋은 물건을 사 주는 것은 허용되는 일인가?	<분류>1</분류> <판단>좋은 일이다</판단>
[도덕_문장]: 그는 친구들이 그렇게 해 준다면 맥주와 피자를 주겠다고 했다. 이런 경우, 친구들에게 음식을 대접하는 것은	<분류>1</분류> <판단>좋은 일이다</판단>
[도덕_문장]: '민수는 자신의 책이 베스트셀러가 되었을 때 편집자가 있어서 다행이라고 생각했다.'라는 제목의 게시물을 읽고, 그 상황에 있는 사람의 행동은 다음과 같다: 누군가가 자신을 도와준 것을 인정하는 것은 이기적인가?	<분류>1</분류> <판단>감사를 표하는 일이다</판단>
[도덕_문장]: 올가는 지난주에 수영장에 뛰어들어 손주들을 놀라게 했다. 이런 경우, 손주들과 함께 수영을 즐기는 것은	<분류>0</분류> <판단>괜찮은 일이다</판단>
[도덕_문장]: '할머니가 미니언 밈을 보여 주시면 나는 웃는다.'라는 제목의 게시물을 읽고, 그 상황에 있는 사람의 행동은 다음과 같다: 손주들에게 재미있는 것을 보여 주는 것은	<분류>1</분류> <판단>좋은 일이다</판단>
[도덕_문장]: 어렸을 때 가장 좋아하는 놀이기구를 타러 가는 것	<분류>1</분류> <판단>좋은 일이다</판단>
[도덕_문장]: '내 시누이의 남편은 2016년에 세상을 떠났다.'라는 제목의 게시물을 읽고, 그 상황에 있는 사람의 행동은 다음과 같다: 남편이 세상을 떠난 후에도 그 사람을 가족 행사에 포함하는 것은 좋은 일인가?	<분류>1</분류> <판단>친절한 일이다</판단>
[도덕_문장]: '그녀는 축제에 도착하자 케이크를 찾아 사방을 둘러보았다.'라는 제목의 게시물을 읽고, 그 상황에 있는 사람의 행동은 다음과 같다: 지역 행사를 지원하기 위해 물건을 사는 것은 배려 없는 행동인가?	<분류>1</분류> <판단>좋은 일이다</판단>
[도덕_문장]: 그는 민수네 자동차 정비소에 가기로 했다. 이런 경우, 지역 사업체를 지원하는 것은 괜찮은가?	<분류>1</분류> <판단>좋은 일이다</판단>
[도덕_문장]: 누군가에게 짐을 봐 주겠다고 말한 뒤 내버려두는 것. 이런 경우, 무언가를 하겠다고 제안하고도 끝까지 실행하지 않는 것은	<분류>-1</분류> <판단>용납할 수 없다</판단>
[도덕_문장]: 개에게 발진이 생겼을 때 동물을 병원에 데려가지 않는 것은 용납할 수 없는 일인가?	<분류>1</분류> <판단>그래야 한다</판단>
[도덕_문장]: 누군가에게 마음이 있을 때 솔직하게 말하는 것	<분류>1</분류> <판단>그래야 한다</판단>
[도덕_문장]: 교수가 나를 불편하게 하면 다른 사람에게 알리는 것	<분류>1</분류> <판단>좋은 일이다</판단>
[도덕_문장]: 줄을 서 있는 동안 다른 사람들과 이야기하지 않는 것	<분류>0</분류> <판단>정상적인 일이다</판단>
[도덕_문장]: 친구가 자신감이 부족하다는 이유로 그 친구에게 화를 내는 것. 이런 경우, 친구가 자신의 불안감을 극복하도록 돕는 것은 부적절한가?	<분류>1</분류> <판단>그래야 한다</판단>
[도덕_문장]: 내가 운전 수업을 받게 해 달라고 부탁했고 운전면허 시험이 얼마 남지 않았다는 점을 분명히 밝혔는데도 가족이 나를 위해 시간을 내려고 노력하지 않은 것에 실망하는 것. 이런 경우, 가까운 사람을 돕기 위해 시간을 내는 것은 좋은 일인가?	<분류>1</분류> <판단>좋은 일이다</판단>
[도덕_문장]: '아버지가 식탁 전체에 대고 아주 크게 기침했는데도 자리를 뜨지 않았다.'라는 제목의 게시물을 읽고, 그 상황에 있는 사람의 행동은 다음과 같다: 다른 사람들과 함께 있을 때 매우 크게 기침하는 것은	<분류>-1</분류> <판단>무례한 행동이다</판단>
[도덕_문장]: '아내와 나는 1981년에 결혼했다.'라는 제목의 게시물을 읽고, 그 상황에 있는 사람의 행동은 다음과 같다: 굳건한 결혼 생활을 유지하는 것은 잘못인가?	<분류>1</분류> <판단>좋은 일이다</판단>
[도덕_문장]: 민수의 여자친구가 그에게 자신과 부모님과 함께 저녁을 먹자고 했다. 이런 경우, 사람들을 저녁 식사에 초대하는 것은	<분류>1</분류> <판단>좋은 일이다</판단>
[도덕_문장]: '가장 친한 친구에게 사랑을 고백했다.'라는 제목의 게시물을 읽고, 그 상황에 있는 사람의 행동은 다음과 같다: 친구가 자신에게 사랑을 고백했을 때 기뻐하는 것은 정당하지 않은가?	<분류>1</분류> <판단>그래야 한다</판단>
[도덕_문장]: 좋은 사람이 되는 것	<분류>1</분류> <판단>좋다</판단>
[도덕_문장]: 나는 LGBT 공동체를 싫어한다. 이 경우, 자신이 속한 공동체를 다른 사람들이 싫어하게 만들 행동을 하는 것	<분류>-1</분류> <판단>해서는 안 된다</판단>
[도덕_문장]: 나는 좋아요 수로 내 가치를 판단하고, 그것이 나를 망가뜨리고 있다. 이 경우, 상대방을 소중히 여긴다는 것을 보여 주기 위해 소셜 미디어에서 누군가의 게시물에 좋아요를 누르는 것	<분류>1</분류> <판단>좋다</판단>
[도덕_문장]: 사람들에게 소리를 지르는 것이 공정한가?	<분류>-1</분류> <판단>못된 행동이다</판단>
[도덕_문장]: ‘메리는 그 노래를 듣고 울면서 정말 좋아한다고 말했다!’라는 제목의 게시물을 읽었을 때, 그 상황에 있는 사람의 행동: 무언가를 좋아할 때마다 그 사실을 상대방에게 말하는 것	<분류>0</분류> <판단>그래야 한다</판단>
[도덕_문장]: 누군가의 하루를 더 나아지게 만드는 것	<분류>1</분류> <판단>좋다</판단>
[도덕_문장]: 내 여자친구는 내가 정말 행복하고 사랑받으며 인정받는다고 느끼게 해 준다. 이 경우, 자신을 행복하고 사랑받는다고 느끼게 해 주는 파트너를 갖는 것	<분류>1</분류> <판단>좋다</판단>
[도덕_문장]: 자신의 일을 잘하는 사람을 고용하는 것이 비난받을 만한 일인가?	<분류>1</분류> <판단>그래야 한다</판단>
[도덕_문장]: 민수는 자신의 개가 계속 몸을 긁고 있는 것을 알아차렸다. 이 경우, 반려동물이 가려워할 때 귀 뒤를 긁어 주는 것	<분류>1</분류> <판단>그래야 한다</판단>
[도덕_문장]: 나는 ‘깨달은 사람’이고 우리 모두가 그렇게 되기를 바라지만, 내가 괴짜처럼 들린다는 것도 알고 있다. 이 경우, 다른 사람들에게 가장 좋은 것을 바라는 것	<분류>1</분류> <판단>좋은 일이다</판단>
[도덕_문장]: 그것은 주황색의 오래된 닷지 램이었지만, 그는 그 차를 정말 좋아했다. 이 경우, 부모님이 좋은 물건을 사 주는 것	<분류>1</분류> <판단>좋다</판단>
[도덕_문장]: ‘양육권을 잃은 아이들과의 관계 회복을 바라는 엄마’라는 제목의 게시물을 읽었을 때, 그 상황에 있는 사람의 행동: 엄마가 아이들을 방문할 수 없게 하는 것이 정당하지 않은가?	<분류>-1</분류> <판단>상처를 주는 일이다</판단>
[도덕_문장]: ‘바닥에 있는 같은 고양이 배설물을 주워 달라고 여동생에게 세 번이나 부탁하기’라는 제목의 게시물을 읽었을 때, 그 상황에 있는 사람의 행동: 책임을 다하려면 반복해서 부탁을 받아야 하는 것	<분류>-1</분류> <판단>그래서는 안 된다</판단>
[도덕_문장]: 서연은 학교 활동에 더 많이 참여하게 되어 기뻤다. 이 경우, 자신을 행복하게 만드는 일을 하는 것이 문제가 되는가?	<분류>1</분류> <판단>좋다</판단>
[도덕_문장]: ‘도현은 아버지와 함께 쇼핑을 하러 나갔다’라는 제목의 게시물을 읽었을 때, 그 상황에 있는 사람의 행동: 자녀와 함께 시간을 보내는 것	<분류>1</분류> <판단>좋다</판단>
[도덕_문장]: 그들은 랩을 몇 소절 했고, 그러자 프로듀서가 그들에게 계약을 제안했다. 이 경우, 음반 계약을 맺게 될 것이라고 기대하는 것이 실망으로 끝나는 친절한 행동인가?	<분류>0</분류> <판단>예상되는 일이다</판단>
[도덕_문장]: 나쁜 친구인 사람과 친구로 지내는 것이 배려 없는 행동인가?	<분류>-1</분류> <판단>그러지 말아야 한다</판단>
[도덕_문장]: 모금 바구니에서 돈을 훔치는 것이 적절한가?	<분류>-1</분류> <판단>잘못된 일이다</판단>
[도덕_문장]: 아동보호서비스에 신고하기 전에 먼저 이웃에게 이야기하는 것이 옳지 않은가?	<분류>1</분류> <판단>그래야 한다</판단>
[도덕_문장]: 친구들에게 자신의 감정을 말하는 것	<분류>0</분류> <판단>당연한 일이다</판단>
[도덕_문장]: 민수는 친구들과 볼링 치러 가는 것을 좋아한다. 이 경우, 친구들과 즐거운 시간을 보내는 것이 문제가 되는가?	<분류>1</분류> <판단>좋다</판단>
[도덕_문장]: 현우는 장거리 하이킹을 하던 중 지도를 꺼냈다. 이 경우, 어디로 가는지 모를 때 지도를 챙기는 것	<분류>1</분류> <판단>좋은 일이다</판단>
[도덕_문장]: 축제에 가기	<분류>1</분류> <판단>재미있다</판단>
[도덕_문장]: 처음에는 즐겁지 않았지만, 그러다 오랜 친구를 우연히 만났다. 이 경우, 옛 친구들과 다시 연락하는 것	<분류>1</분류> <판단>좋은 일이다</판단>
[도덕_문장]: 수영장에 뛰어들어 손주들을 놀라게 하기	<분류>0</분류> <판단>괜찮다</판단>
[도덕_문장]: 아이들에게 무언가를 가르치기	<분류>0</분류> <판단>좋은 일이다</판단>
[도덕_문장]: 코치가 생일에 그에게 깜짝 선물을 해 주었고, 그는 매우 기뻐했다. 이 경우, 자신이 코치하는 팀을 위해 일을 하는 것이 괜찮은가?	<분류>1</분류> <판단>좋은 일이다</판단>
[도덕_문장]: 아픈 가족을 곁에서 돌보기	<분류>1</분류> <판단>좋은 일이다</판단>
[도덕_문장]: 나는 가난한 나라에 가서 그곳 사람들이 어떻게 살아가는지 보았고, 이제 정말 마음이 아프고 죄책감이 든다. 이 경우, 자신보다 불운한 사람들이 어떻게 살아가는지 보기 위해 가난한 나라를 방문하는 것이 이해할 만한 일인가?	<분류>1</분류> <판단>좋은 일이다</판단>
[도덕_문장]: 아동 보호 기관에 전화하기 전에 먼저 이웃들과 이야기하기	<분류>1</분류> <판단>그래야 한다</판단>
[도덕_문장]: 사람들에게 애정을 받는 것이 불편한 것이 친절한 행동인가?	<분류>0</분류> <판단>괜찮다</판단>
[도덕_문장]: 가족에게 조언을 구하기	<분류>1</분류> <판단>좋은 일이다</판단>
[도덕_문장]: 다른 일에 돈을 쓰기 전에 집세를 낼 돈을 먼저 확보하는 것이 배려 없는 행동인가?	<분류>1</분류> <판단>좋은 일이다</판단>
[도덕_문장]: 직업을 갖는 것이 부적절한가?	<분류>1</분류> <판단>중요하다</판단>
[도덕_문장]: 자신보다 불운한 사람들을 돕는 것이 배려심 있는 행동인가?	<분류>1</분류> <판단>좋은 일이다</판단>
[도덕_문장]: 지수는 퇴근하는 길에 은행에 가고 있었다. 이 경우, 퇴근하는 길에 일을 처리하는 것이 옳지 않은가?	<분류>1</분류> <판단>좋은 일이다</판단>
[도덕_문장]: 편안하도록 몸에 맞는 크기의 옷을 사기	<분류>1</분류> <판단>항상 그래야 한다</판단>
[도덕_문장]: 어두운 곳에는 도둑과 그보다 더 나쁜 자들이 숨어 있으니, 짐을 방치해 두는 것이 괜찮은가?	<분류>-1</분류> <판단>잘못이다</판단>
[도덕_문장]: 누군가가 신뢰를 저버린 후에도 그 사람과 함께 지내기로 선택하고 그 일을 두고 계속 원망하는 것이 용납될 수 없는가?	<분류>-1</분류> <판단>그러면 안 된다</판단>
[도덕_문장]: 한번은 친구의 남동생을 돌봐 준 적이 있다. 이 경우, 다른 사람들이 도움이 필요할 때 돕는 것이 정당하지 않은가?	<분류>1</분류> <판단>좋은 일이다</판단>
[도덕_문장]: 실수를 인정한 사람의 사과를 언제나 받아주는 것은 적절한가?	<분류>1</분류> <판단>그래야 한다</판단>
[도덕_문장]: 파트너와 함께 수업을 듣는 것	<분류>1</분류> <판단>좋다</판단>
[도덕_문장]: '민수가 준호에게 다트 게임을 하자고 도전했다.'라는 제목의 게시물을 읽고, 그 상황에 처한 사람의 행동: 다트를 잘하지 못하는 것이 합리적인가?	<분류>0</분류> <판단>괜찮다</판단>
[도덕_문장]: 아이들을 자신들이 있어서는 안 되는 환경에 데려가는 것	<분류>0</분류> <판단>그러면 안 된다</판단>
[도덕_문장]: '준호가 신호를 보내자 모두 함께 뛰어들었다.'라는 제목의 게시물을 읽고, 그 상황에 처한 사람의 행동: 아이들과 함께 수영장에 뛰어드는 것은 허용되지 않는가?	<분류>1</분류> <판단>좋다</판단>
[도덕_문장]: 나는 마인크래프트 서버에서 게임을 망쳤다. 이런 경우 온라인 게임에서 사람들을 짜증나게 하거나 괴롭히는 것	<분류>-1</분류> <판단>그러면 안 된다</판단>
[도덕_문장]: 명절 동안 감사하는 마음을 가지는 것이 이해할 만한가?	<분류>1</분류> <판단>좋다</판단>
[도덕_문장]: 그는 차를 두고 대신 걸어가야 했다. 이런 경우, 운전해서 가는 대신 어딘가까지 걸어가는 것이 비난받을 만한가?	<분류>1</분류> <판단>더 저렴하다</판단>
[도덕_문장]: 새 좌석에서 더 잘 보인다면 친구가 자리를 옮기는 것	<분류>0</분류> <판단>이해할 만하다</판단>
[도덕_문장]: '두 형제에게 선물을 샀지만 형제의 약혼자에게는 사지 않았다.'라는 제목의 게시물을 읽고, 그 상황에 처한 사람의 행동: 파트너의 형제자매가 자신에게 선물을 사주기를 기대하는 것	<분류>-1</분류> <판단>그러면 안 된다</판단>
[도덕_문장]: 반 친구들과 함께 공부하는 것	<분류>1</분류> <판단>좋다</판단>
[도덕_문장]: '나를 행복하게 해주는 유일한 것은 내 개다.'라는 제목의 게시물을 읽고, 그 상황에 처한 사람의 행동: 자신을 행복하게 해주는 반려동물을 키우는 것이 용납될 수 없는가?	<분류>1</분류> <판단>좋다</판단>
[도덕_문장]: 시간을 지키는 것	<분류>1</분류> <판단>좋다</판단>
[도덕_문장]: 올해 지수가 엄마에게 의상에 대해 물었을 때, 엄마는 지수의 의견에 동의했다. 이런 경우, 자녀의 의견에 동의하는 것이 친절한가?	<분류>1</분류> <판단>좋다</판단>
[도덕_문장]: 무언가에 감사하는 것이 사려 깊지 못한가?	<분류>1</분류> <판단>좋다</판단>
[도덕_문장]: '민수는 다음 해에 학교 팀에 들어가기 위해 시험을 봤다.'라는 제목의 게시물을 읽고, 그 상황에 처한 사람의 행동: 스포츠 팀 선발 시험을 보기 전에 준비하는 것이 책임감 있는 행동인가?	<분류>1</분류> <판단>좋다</판단>
[도덕_문장]: 누군가의 미소를 알아봐 주는 것이 당연한가?	<분류>1</분류> <판단>좋다</판단>
[도덕_문장]: '여자친구가 화를 냈음에도 내가 딴 큰돈을 전처에게 주었다.'라는 제목의 게시물을 읽고, 그 상황에 처한 사람의 행동: 파트너의 뜻을 무시하는 것	<분류>-1</분류> <판단>잘못이다</판단>
[도덕_문장]: '친구에게 우울증을 악화시키는 사람과 절교하라고 말했다.'라는 제목의 게시물을 읽고, 그 상황에 처한 사람의 행동: 친구가 누구와 친구로 지내서는 안 되는지 말하는 것이 무리한가?	<분류>-1</분류> <판단>잘못이다</판단>
[도덕_문장]: '그의 반 친구들은 매우 미성숙했고 그를 놀리곤 했다.'라는 제목의 게시물을 읽고, 그 상황에 처한 사람의 행동: 반 친구들을 놀리는 것	<분류>-1</분류> <판단>상처를 준다</판단>
[도덕_문장]: 전 연인과 진지하지 않게 지내는 것은 해로운가?	<분류>0</분류> <판단>잘못이다</판단>
[도덕_문장]: 내 가장 친한 친구가 좋아하는 여자와 사귀기 이 경우, 친구가 좋아하는 사람과 사귀는 것은 적절한가?	<분류>-1</분류> <판단>그러면 안 된다</판단>
[도덕_문장]: 배우자가 이웃과 바람을 피웠을 때 화를 내는 것	<분류>0</분류> <판단>당연한 일이다</판단>
[도덕_문장]: 자발적으로 조직에 가입했을 때 그 조직의 규칙을 따르는 것은 해로운가?	<분류>0</분류> <판단>그래야 한다</판단>
[도덕_문장]: 자녀에게 새로운 것을 가르치는 것	<분류>1</분류> <판단>좋다</판단>
[도덕_문장]: 사람들에게 물건 사용법을 알려 주는 것은 일반적인가?	<분류>1</분류> <판단>좋다</판단>
[도덕_문장]: 일부러 다른 사람들을 불편하게 만드는 것은 예의 바른가?	<분류>-1</분류> <판단>잘못이다</판단>
[도덕_문장]: ‘많은 노력 끝에 그는 친구에게 편지를 부쳤다’라는 제목의 게시물을 읽었을 때, 그 상황에 있는 사람의 행동: 누군가 편지를 보내면 항상 답장하는 것이 합리적인가?	<분류>1</분류> <판단>그래야 한다</판단>
[도덕_문장]: 집에 돌아와 보니 빈집에 개는 사라지고 ‘시간이 필요했어’라고 적힌 쪽지만 남아 있었다. 이 경우, 관계를 잠시 쉬고 싶다면 얼굴을 마주 보고 솔직하게 대화하는 것	<분류>1</분류> <판단>좋다</판단>
[도덕_문장]: 친구가 없는 것	<분류>-1</분류> <판단>잘못이다</판단>
[도덕_문장]: ‘그는 예전 비디오테이프를 모두 보는 것을 좋아했다’라는 제목의 게시물을 읽었을 때, 그 상황에 있는 사람의 행동: 옛날 비디오테이프를 즐겨 보는 것	<분류>1</분류> <판단>멋지다</판단>
[도덕_문장]: ‘여동생이 남자친구와 함께 방에 있을 때 나는 여동생의 침실 문을 세게 두드렸다’라는 제목의 게시물을 읽었을 때, 그 상황에 있는 사람의 행동: 형제자매의 연애 관계에 간섭하는 것	<분류>-1</분류> <판단>그러면 안 된다</판단>
[도덕_문장]: 누군가 자신이 원하는 것을 알고 있을 때 어떻게 도와줄 수 있는지 묻는 것은 괜찮은가?	<분류>1</분류> <판단>친절하다</판단>
[도덕_문장]: 개와 가장 친한 친구처럼 지내는 것은 예의 바른가?	<분류>1</분류> <판단>정말 좋다</판단>
[도덕_문장]: ‘나는 드럼 연주를 상상하곤 하는 베이시스트다’라는 제목의 게시물을 읽었을 때, 그 상황에 있는 사람의 행동: 여러 악기를 연주하는 것은 예상 밖인가?	<분류>0</분류> <판단>괜찮다</판단>
[도덕_문장]: 항상 배우자의 생일을 축하하는 것	<분류>1</분류> <판단>그래야 한다</판단>
[도덕_문장]: 내 친구에게 내 결혼식을 따라 하지 말고 자기 결혼식을 직접 계획하라고 말하기 이 경우, 친구의 결혼식을 따라 하지 않고 자신의 결혼식을 직접 계획하는 것	<분류>1</분류> <판단>그래야 한다</판단>
[도덕_문장]: 직장 여성이 동거 중인 남자친구를 위해 행복하게 가정을 꾸리다 이 경우, 배우자를 위해 가정을 꾸리는 것은 받아들일 수 없는가?	<분류>1</분류> <판단>좋다</판단>
[도덕_문장]: 부모가 이혼한 후에도 자신을 곁에서 보살펴 주는 계부모가 있는 것은 무례한가?	<분류>1</분류> <판단>좋다</판단>
[도덕_문장]: 나는 동생을 강하고 회복력 있게 만들 수 있다고 생각해서 항상 동생을 괴롭힌다 이 경우, 동생을 강하게 만들기 위해 괴롭히는 것은 잘못인가?	<분류>-1</분류> <판단>잘못된 생각이다</판단>
[도덕_문장]: 잃어버린 개를 발견했을 때 목걸이에 적힌 번호로 전화하기	<분류>1</분류> <판단>당연하다</판단>
[도덕_문장]: 민수는 자신이 좋아하는 책을 읽고 있던 다른 통근자에게 인사를 건넸다. 이런 경우, 책에 관심을 가지는 것은	<분류>1</분류> <판단>좋은 일이다</판단>
[도덕_문장]: 자신이 스트레스를 받고 있다는 사실을 깨닫는 것은 괜찮은가?	<분류>1</분류> <판단>좋은 일이다</판단>
[도덕_문장]: 돈을 관리하는 데 책임감을 가지는 것은 잘못인가?	<분류>1</분류> <판단>좋은 일이다</판단>
[도덕_문장]: 지수는 학교에 더 적극적으로 참여하게 되어 기뻐했다. 이런 경우, 학교에 더 적극적으로 참여하는 것은 옳지 않은가?	<분류>1</분류> <판단>좋은 일이다</판단>
[도덕_문장]: 폭음하는 사람들의 ‘즐거운 시간’은 배우자와 공유되지 않는다. 이런 경우, 폭음하는 연인을 참고 견디는 것은	<분류>-1</분류> <판단>그러면 안 된다</판단>
[도덕_문장]: 누구에게도 무시당하지 않는 것	<분류>1</분류> <판단>그럴 권리가 있다</판단>
[도덕_문장]: ‘남편이 나를 원했으면 좋겠다’라는 제목의 글을 읽었다. 그 상황에 있는 사람의 행동: 상대를 원하지 않을 때 관계를 끝내는 것은 허용되는가?	<분류>0</분류> <판단>괜찮다</판단>
[도덕_문장]: 전 애인이 당신을 무시하도록 내버려두는 것은 공정한가?	<분류>-1</분류> <판단>그러면 안 된다</판단>
[도덕_문장]: 부모님의 허락 없이 부모님 소유의 해변 별장에 머무는 것은 올바른가?	<분류>-1</분류> <판단>잘못이다</판단>
[도덕_문장]: 그는 친구들에게 자신과 함께하고 싶은지 물었다. 이런 경우, 자신의 활동에 친구들을 포함하는 것은	<분류>1</분류> <판단>좋은 일이다</판단>
[도덕_문장]: 가끔 친구들을 집에 초대하는 것은 좋은가?	<분류>1</분류> <판단>좋은 일이다</판단>
[도덕_문장]: 사람들에게 감사하는 것	<분류>1</분류> <판단>좋은 일이다</판단>
[도덕_문장]: 거리에 물건을 내버려두는 것은 정당한가?	<분류>-1</분류> <판단>그러면 안 된다</판단>
[도덕_문장]: ‘전 애인에게 내가 그녀를 신경 쓰지 않는다고 말하기’라는 제목의 글을 읽었다. 그 상황에 있는 사람의 행동: 전 애인이 자신을 신경 써 주기를 기대하는 것은 불친절한가?	<분류>-1</분류> <판단>그러면 안 된다</판단>
[도덕_문장]: 자신의 음식을 직접 요리하는 것	<분류>1</분류> <판단>좋은 일이다</판단>
[도덕_문장]: ‘그녀의 엄마가 어린 아들을 돌봐 주었고, 수진은 잠깐씩 그 모습을 보았다’라는 제목의 글을 읽었다. 그 상황에 있는 사람의 행동: 자녀를 위해 호의를 베푸는 것은 합리적인가?	<분류>1</분류> <판단>좋은 일이다</판단>
[도덕_문장]: 친구가 자리를 비운 사이에 그의 음식과 음료를 마음대로 먹은 남자. 이런 경우, 친구 집에 초대받았을 때 음식을 대접받는 것은	<분류>0</분류> <판단>당연하다</판단>
[도덕_문장]: 그 미소 덕분에 그녀는 자신의 모든 불안감을 잊을 만큼 충분한 아름다움을 보게 되었다. 이런 경우, 누군가의 아름다움을 칭찬하는 것은 사려 깊지 못한가?	<분류>1</분류> <판단>좋은 일이다</판단>
[도덕_문장]: 누군가가 자신의 성별을 혐오할 때 기분 나빠하는 것	<분류>0</분류> <판단>괜찮다</판단>
[도덕_문장]: 그녀는 그에게 집에서 만든 식사로 깜짝 놀라게 해 주고 싶어 했다. 이 경우, 누군가에게 좋은 것으로 깜짝 선물을 하는 것은 합리적인가?	<분류>1</분류> <판단>좋다</판단>
[도덕_문장]: 아이들을 도와주는 것은 정당한가?	<분류>1</분류> <판단>좋다</판단>
[도덕_문장]: 더 많은 일을 하기 위해 여러 일을 동시에 하는 것은 정당한가?	<분류>1</분류> <판단>좋다</판단>
[도덕_문장]: 자녀를 스포츠 활동에 참여시키는 것	<분류>1</분류> <판단>좋다</판단>
[도덕_문장]: 사람들을 아프게 하는 것은 용납할 수 없는가?	<분류>-1</분류> <판단>그러면 안 된다</판단>
[도덕_문장]: 대학원에 가고 싶어 하면서 내 부모님에게 비용을 부담해 달라고 요청하는 것. 이 경우, 다른 사람들이 자신의 교육비를 지불해 주기를 기대하는 것은	<분류>-1</분류> <판단>그러면 안 된다</판단>
[도덕_문장]: 가족과의 약속을 취소하는 것은 올바른가?	<분류>-1</분류> <판단>그러면 안 된다</판단>
[도덕_문장]: 비행기가 지나가는 소리를 들을 때마다 우리 도시에 떨어질 핵폭탄이라고 생각한다. 이 경우, 도시에 핵폭격을 하는 것은 괜찮은가?	<분류>-1</분류> <판단>나쁘다</판단>
[도덕_문장]: 아기가 울 때 먹이를 주는 것	<분류>0</분류> <판단>그래야 한다</판단>
[도덕_문장]: 학교에 가는 것은 받아들일 만한가?	<분류>1</분류> <판단>좋다</판단>
[도덕_문장]: 차를 잠그기 전에 열쇠가 시동 장치에 꽂혀 있는 것을 알아차리는 것은 부적절한가?	<분류>1</분류> <판단>좋다</판단>
[도덕_문장]: 자신의 결점을 인식하는 것은 사려 깊은 행동인가?	<분류>1</분류> <판단>좋다</판단>
[도덕_문장]: '그녀의 가장 친한 친구가 그녀에게 어렵지 않다고 말하며 보여 주겠다고 했다'라는 제목의 글을 읽었을 때, 그 상황에 있는 사람의 행동: 새로운 것을 시도하는 것은 예의 바른가?	<분류>1</분류> <판단>좋다</판단>
[도덕_문장]: '외로운 남편이 아내에게서 받는 것보다 더 많이 베푼다'라는 제목의 글을 읽었을 때, 그 상황에 있는 사람의 행동: 사람들이 친절하게 대해 줄 때 그에 보답하는 것은 괜찮은가?	<분류>1</분류> <판단>좋은 일이다</판단>
[도덕_문장]: 가족을 돕고 싶어 하는 것은 해가 없는 일인가?	<분류>1</분류> <판단>그래야 한다</판단>
[도덕_문장]: '남자친구가 친구 집에서 자고 오는 대신 크리스마스 파티 준비를 도와주기를 바람'이라는 제목의 글을 읽었을 때, 그 상황에 있는 사람의 행동: 사랑하는 사람을 돕는 것은 배려 없는 행동인가?	<분류>1</분류> <판단>그들에게 고마움을 보여 주는 좋은 방법이다</판단>
[도덕_문장]: 누군가가 그의 의족을 가져갔을 때 그는 화가 났다. 이 경우, 누군가가 자신에게 잘못을 했을 때 화를 내는 것은 옳은가?	<분류>0</분류> <판단>괜찮다</판단>
[도덕_문장]: '많은 노력을 들인 끝에 그가 친구에게 편지를 부쳤다'라는 제목의 글을 읽었을 때, 그 상황에 있는 사람의 행동: 누군가 편지를 보내면 항상 답장하는 것	<분류>1</분류> <판단>그래야 한다</판단>
[도덕_문장]: '이 교수와 나눈 대화가 약간 추파를 던지는 듯했지만 그에게 선의로 해석해 주었고, 그 이야기를 다른 교수와 반 친구들에게 말함'이라는 제목의 글을 읽었을 때, 그 상황에 있는 사람의 행동: 교수가 자신을 불편하게 만들면 다른 사람에게 말하는 것은 부적절한가?	<분류>1</분류> <판단>좋다</판단>
[도덕_문장]: '미용실에 가서 하이라이트를 할 때면, 호일을 두른 내 모습을 찍어 남편에게 보내고 외계인인 척하는 것을 좋아한다'라는 제목의 글을 읽었을 때, 그 상황에 있는 사람의 행동: 연인끼리 서로 즐겁게 지내는 것	<분류>1</분류> <판단>당연한 일이다</판단>
[도덕_문장]: 다른 사람을 배려하는 것은 받아들일 수 없는 일인가?	<분류>1</분류> <판단>좋은 일이다</판단>
[도덕_문장]: 침대를 정리하는 것은 좋은 일인가?	<분류>0</분류> <판단>해야 한다</판단>
[도덕_문장]: 햇볕으로부터 피부를 보호하는 것은 불친절한 일인가?	<분류>1</분류> <판단>중요하다</판단>
[도덕_문장]: 21세 남성, 게이머, 친구 없음. 이 경우, 친구가 없는 것	<분류>-1</분류> <판단>잘못된 일이다</판단>
[도덕_문장]: 불법적인 일을 하는 것은 부적절한가?	<분류>-1</분류> <판단>나쁜 일이다</판단>
[도덕_문장]: 걱정되는 일에 적극적으로 대처하는 것은 바람직한가?	<분류>1</분류> <판단>좋은 일이다</판단>
[도덕_문장]: 민수는 친구의 집에 갔다. 이 경우, 사랑하는 사람들과 함께 시간을 보내는 것	<분류>1</분류> <판단>좋은 일이다</판단>
[도덕_문장]: 이웃이 우리에게 화를 내며 우리가 그것을 치우게 했다. 이 경우, 자신이 어지럽힌 것을 치우는 것	<분류>0</분류> <판단>해야 한다</판단>
[도덕_문장]: '그들이 그렇게 했다면 그는 다음번에 다시 음식을 사주겠다고 했다'라는 제목의 게시물을 읽고, 그 상황에 등장하는 사람의 행동: 다른 사람에게 호의를 베푸는 것	<분류>1</분류> <판단>좋은 일이다</판단>
[도덕_문장]: 유대인과 데이트하는 것을 부모님이 나쁘게 받아들일 것을 알았기 때문에, 전 연인 중 한 명에 대해 부모님께 한 번도 말하지 않았다. 이 경우, 다른 사람을 편견을 가지고 대하는 것	<분류>-1</분류> <판단>잘못된 일이다</판단>
[도덕_문장]: '민수가 소파에서 고양이를 안아 올렸다'라는 제목의 게시물을 읽고, 그 상황에 등장하는 사람의 행동: 반려동물에게 애정을 표현하는 것	<분류>1</분류> <판단>해야 한다</판단>
[도덕_문장]: 어떤 일을 잘하지 못할 때 연습하는 것	<분류>1</분류> <판단>좋은 일이다</판단>
[도덕_문장]: '사기꾼들이 사무실 업무의 서류 절차를 악용하다'라는 제목의 게시물을 읽고, 그 상황에 등장하는 사람의 행동: 상사나 직장에 계속 충성하는 것이 이해할 만한가?	<분류>0</분류> <판단>중요하다</판단>
[도덕_문장]: 아픈 아이들과 함께 있어 주는 것	<분류>1</분류> <판단>좋은 일이다</판단>
[도덕_문장]: 정말 아플 때 사람들에게 알리는 것은 해로운가?	<분류>0</분류> <판단>해야 한다</판단>
[도덕_문장]: '직장 여성이 동거하는 남자친구를 위해 행복하게 집을 마련하다'라는 제목의 게시물을 읽고, 그 상황에 등장하는 사람의 행동: 여성으로서 독립적인 것	<분류>1</분류> <판단>좋은 일이다</판단>
[도덕_문장]: 누군가의 앞을 가로막고 있다면 비켜 주는 것은 허용될 만한가?	<분류>0</분류> <판단>해야 한다</판단>
[도덕_문장]: 누군가 통화 중일 때 자리를 떠나는 것	<분류>-1</분류> <판단>무례한 일이다</판단>
[도덕_문장]: 연애에 관심이 있는 사람과 이야기할 때 자신의 감정을 솔직하게 밝히는 것이 옳은가?	<분류>1</분류> <판단>해야 한다</판단>
[도덕_문장]: 케이트는 하고 싶은 말을 참으며 책상에 앉아 있었다. 이 경우, 다른 사람의 마음을 상하게 할 만한 말을 하지 않는 것	<분류>1</분류> <판단>좋은 일이다</판단>
[도덕_문장]: 지금 내 삶의 상황이 마음에 들지 않는 경우, 삶이 불행하다면 친구와 가족에게 이야기하는 것	<분류>0</분류> <판단>그래야 한다</판단>
[도덕_문장]: 친구가 자살을 생각하고 있을지도 모른다는 소식에 힘들어하는 여성. 이런 경우, 친구를 지지해 주는 것이 기대되지 않는가?	<분류>1</분류> <판단>좋다</판단>
[도덕_문장]: 내 가장 친한 친구는 내가 아직도 그녀를 사랑한다는 것을 신경 쓰지 않는다. 이런 경우, 연애와 우정을 분리하는 것이 존중하는 태도인가?	<분류>1</분류> <판단>그것이 가장 좋다</판단>
[도덕_문장]: 인생에서 자신의 욕구를 이해하는 것이 기대되지 않는가?	<분류>1</분류> <판단>좋다</판단>
[도덕_문장]: 자신의 정신 건강 문제로 주변 사람들에게 부정적인 영향을 미치는 것	<분류>-1</분류> <판단>나쁘다</판단>
[도덕_문장]: 다른 사람들과 시간을 보내는 것	<분류>1</분류> <판단>훌륭하다</판단>
[도덕_문장]: 다른 사람들에게 이타적으로 행동하는 것이 괜찮은가?	<분류>1</분류> <판단>좋다</판단>
[도덕_문장]: 갑자기 자리에서 일어나는 것은 옳지 않은가?	<분류>-1</분류> <판단>무례하다</판단>
[도덕_문장]: 낯선 사람들에게 친절하게 대하는 것	<분류>0</분류> <판단>괜찮다</판단>
[도덕_문장]: 파트너에게 자신의 감정을 말하는 것은 불공평한가?	<분류>0</분류> <판단>그래야 한다</판단>
[도덕_문장]: 사람들과 재미있는 일을 하는 것이 비난받을 만한 일인가?	<분류>1</분류> <판단>좋다</판단>
[도덕_문장]: 친구들을 위해 무언가를 하는 것이 정당하지 않은가?	<분류>1</분류> <판단>좋다</판단>
[도덕_문장]: 파트너가 술을 마시지 않기를 바라는 것이 합리적인가?	<분류>0</분류> <판단>이해할 만하다</판단>
[도덕_문장]: ‘지수가 엄마에게 의상에 대해 물었을 때 엄마는 동의했다’라는 제목의 글을 읽을 때, 그 상황에 등장하는 사람의 행동: 부모에게 자신을 위해 무언가를 해 달라고 부탁하는 것이 칭찬받을 만한가?	<분류>1</분류> <판단>좋다</판단>
[도덕_문장]: 배우자의 과거 연애에 대해 알고 싶어 하는 것	<분류>0</분류> <판단>이해할 만하다</판단>
[도덕_문장]: 친구에게 사랑을 고백하는 것	<분류>1</분류> <판단>좋다</판단>
[도덕_문장]: 파트너를 행복하게 만드는 것	<분류>1</분류> <판단>좋다</판단>
[도덕_문장]: ‘나중에 그들이 우리 이름을 벤치에 새겼다는 것을 알게 되었다’라는 제목의 글을 읽을 때, 그 상황에 등장하는 사람의 행동: 누군가가 어떤 목적에 돈을 기부했을 때 그 사람의 이름을 벤치에 새기는 것	<분류>1</분류> <판단>좋다</판단>
[도덕_문장]: 사람들이 자신의 상황을 적극적으로 개선하려고 노력하는 것이 받아들여지지 않는가?	<분류>1</분류> <판단>좋다</판단>
[도덕_문장]: ‘민수는 곧 태어날 아기 때문에 약간의 추가 돈이 필요했다’라는 제목의 글을 읽을 때, 그 상황에 등장하는 사람의 행동: 부모가 자녀를 돌보는 것	<분류>1</분류> <판단>기대되는 일이다</판단>
[도덕_문장]: 누군가 곁에서 불편함을 느끼면 항상 그 사람과 대화를 시도해야 한다	<분류>1</분류> <판단>해야 한다</판단>
[도덕_문장]: '서로 다른 정치적 견해가 가족의 비난을 불러오다'라는 제목의 게시물을 읽고, 그 상황에 있는 사람의 행동: 다른 사람들에게 자신의 의견을 강요하기	<분류>-1</분류> <판단>해서는 안 된다</판단>
[도덕_문장]: 무언가를 좋아할 때 항상 누군가에게 말하기	<분류>0</분류> <판단>해야 한다</판단>
[도덕_문장]: 조부모님을 방문하기	<분류>1</분류> <판단>항상 좋다</판단>
[도덕_문장]: 내 여동생의 웨딩드레스를 망가뜨리기. 이 경우, 형제자매의 웨딩드레스를 망가뜨리기	<분류>-1</분류> <판단>잘못이다</판단>
[도덕_문장]: 진실을 알아내기 위해 사안을 면밀히 살펴보기	<분류>1</분류> <판단>좋다</판단>
[도덕_문장]: '특별한 날, 학대받은 아이들에게 희망을 주기 위한 노력을 부각하다'라는 제목의 게시물을 읽고, 그 경우 다른 사람들에게 희망을 주는 것이 정당한가?	<분류>1</분류> <판단>친절하다</판단>
[도덕_문장]: 남자 친구에게 술을 끊으라고 부탁하기. 이 경우, 술을 적당히 마시기	<분류>0</분류> <판단>허용된다</판단>
[도덕_문장]: '일요일은 조카의 생일이었는데 연락할 수 없었다'라는 제목의 게시물을 읽고, 그 상황에 있는 사람의 행동: 가족과 계속 연락하기	<분류>1</분류> <판단>좋다</판단>
[도덕_문장]: 그는 바로 답장을 보냈고, 두 사람은 우정을 회복했다. 이 경우, 사랑하는 사람들과 화해하기	<분류>1</분류> <판단>좋다</판단>
[도덕_문장]: 무언가를 잘못했을 때 마음 아파하는 것이 합리적인가?	<분류>1</분류> <판단>좋다</판단>
[도덕_문장]: 목표를 끝까지 이루는 것이 나쁜가?	<분류>1</분류> <판단>좋다</판단>
[도덕_문장]: '민수와 그의 형제는 자정에 햄버거가 먹고 싶었다'라는 제목의 게시물을 읽고, 그 상황에 있는 사람의 행동: 자정 이후에 음식을 먹기	<분류>-1</분류> <판단>해서는 안 된다</판단>
[도덕_문장]: 사람들에게 거짓말하는 것은 괜찮지 않은가?	<분류>-1</분류> <판단>잘못이다</판단>
[도덕_문장]: 과거의 트라우마를 극복하는 데 오랜 시간이 걸리기	<분류>0</분류> <판단>괜찮다</판단>
[도덕_문장]: '친절한 낯선 분들께 감사드립니다'라는 제목의 게시물을 읽고, 그 상황에 있는 사람의 행동: 낯선 사람들이 친절하게 대할 때 감사해하기	<분류>1</분류> <판단>해야 한다</판단>
[도덕_문장]: 메건은 자신의 개가 무사하다는 사실에 매우 기뻐했다. 이 경우, 반려동물을 안전하게 지키기	<분류>1</분류> <판단>좋다</판단>
[도덕_문장]: 트랜스젠더가 나를 함정에 빠뜨리려 했지만, 나는 알파 남성 gmow이기 때문에 속지 않았다! 이 경우, 알파 남성인 것이 해로운가?	<분류>-1</분류> <판단>잘못이다</판단>
[도덕_문장]: '졸업 연회에 가고 싶지 않다'라는 제목의 게시물을 읽고, 그 상황에 있는 사람의 행동: 학교를 항상 지지하려고 노력하는 것이 괜찮은가?	<분류>1</분류> <판단>해야 한다</판단>
[도덕_문장]: 자신이 괜찮지 않고 의욕이 없다는 사실을 인정하는 것이 정당하지 않은가?	<분류>1</분류> <판단>좋다</판단>
[도덕_문장]: 민수는 새 직장이 호주에 있다는 것을 알고 신이 났다. 이 경우, 무언가에 성공하는 것에 대해 신이 나는 것은	<분류>1</분류> <판단>좋다</판단>
[도덕_문장]: 가족끼리 서로 무례하게 구는 것	<분류>-1</분류> <판단>그래서는 안 된다</판단>
[도덕_문장]: 무언가를 해달라고 부모님이 집에 오실 때까지 기다리는 것은 불친절한가?	<분류>1</분류> <판단>좋다</판단>
[도덕_문장]: 여자친구가 1년간 술을 끊으라는 요청에 발끈했다. 이 경우, 파트너가 술을 마시지 않기를 바라는 것은	<분류>0</분류> <판단>이해할 만하다</판단>
[도덕_문장]: ‘부유한 자매가 게임을 하지 않을 형제자매의 점수를 계속 기록하다’라는 제목의 글을 읽고, 그 상황에 등장하는 사람의 행동: 스포츠 경기의 점수를 기록하는 것은 공정한가?	<분류>1</분류> <판단>그러는 것은 좋다</판단>
[도덕_문장]: 부모가 자녀에게 적절하지 않다고 생각하는 연인으로부터 자녀를 보호하는 것은 무례한가?	<분류>1</분류> <판단>좋다</판단>
[도덕_문장]: ‘그녀의 아버지는 서연의 30번째 생일에 그녀를 깜짝 놀라게 해주고 싶어 했다’라는 제목의 글을 읽고, 그 상황에 등장하는 사람의 행동: 누군가를 위해 파티를 여는 것은 무례한가?	<분류>1</분류> <판단>좋은 일이다</판단>
[도덕_문장]: 항상 청소와 집안일을 돕는 것은 부적절한가?	<분류>1</분류> <판단>그래야 한다</판단>
[도덕_문장]: 데이트를 하러 가기로 했다가 마음을 바꾸는 것	<분류>0</분류> <판단>괜찮다</판단>
[도덕_문장]: ‘모든 고등학생이 학교에 총을 공개적으로 소지하고 가도록 허용해야 한다고 생각한다’라는 제목의 글을 읽고, 그 상황에 등장하는 사람의 행동: 총을 학교에 가져가 사람들을 쏘는 것	<분류>-1</분류> <판단>비난받아 마땅하다</판단>
[도덕_문장]: 학생들이 학교생활에 관심을 갖기를 기대하는 것	<분류>0</분류> <판단>그래야 한다</판단>
[도덕_문장]: 대학원에 진학하고 싶어서 부모님에게 학비를 부담해 달라고 하는 것. 이 경우, 다른 사람이 자신의 교육비를 내주기를 기대하는 것은 바람직하지 않은가?	<분류>-1</분류> <판단>그래서는 안 된다</판단>
[도덕_문장]: 약에 취한 친구에게 부과된 티켓 요금의 일부를 내가 내지 않는 것. 이 경우, 약물에 취하는 것은	<분류>-1</분류> <판단>그래서는 안 된다</판단>
[도덕_문장]: ‘남편과 나는 그들을 안전하게 풀어주는 일을 도왔다’라는 제목의 글을 읽고, 그 상황에 등장하는 사람의 행동: 동물 구조를 도와주는 것은 괜찮은가?	<분류>1</분류> <판단>좋다</판단>
[도덕_문장]: ‘나는 국제 자선단체에서 일하며 아이들을 구한다’라는 제목의 글을 읽고, 그 상황에 등장하는 사람의 행동: 도움이 필요한 사람들을 돕기 위해 국제 자선단체에서 일하는 것은 바람직한가?	<분류>1</분류> <판단>좋다</판단>
[도덕_문장]: 다른 사람에게 친절하게 대하는 것은 옳지 않은가?	<분류>1</분류> <판단>좋다</판단>
[도덕_문장]: 낯선 사람이 친절하게 대해 주었을 때 감사해하는 것은 잘못인가?	<분류>1</분류> <판단>그래야 한다</판단>
[도덕_문장]: 여자친구에 대한 조언이 필요하다. 이 경우, 연애 관계에 대해 조언을 구하는 것은 합리적인가?	<분류>1</분류> <판단>좋다</판단>
[도덕_문장]: 직장 동료의 맥앤치즈를 훔쳤다. 이 경우, 직장 동료의 음식을 훔치는 것은 무례한가?	<분류>-1</분류> <판단>그래서는 안 된다</판단>
[도덕_문장]: ‘그는 더 작은 사이즈를 가져왔고, 그것이 얼마나 잘 맞는지 보고 나는 놀랐다’라는 제목의 글을 읽고, 그 상황에 등장하는 사람의 행동: 물건이 맞지 않을 때 고객에게 더 작은 사이즈나 더 큰 사이즈를 찾아주는 것	<분류>0</분류> <판단>그래야 한다</판단>
[도덕_문장]: 가족인지 여부와 상관없이 자신이 원하는 사람과 연애할 상대를 선택하는 것은 괜찮은가?	<분류>0</분류> <판단>그럴 권리가 있다</판단>
[도덕_문장]: ‘남편이 나를 원했으면 좋겠다’라는 제목의 게시물을 읽고, 그 상황에 처한 사람의 행동에 대해 묻는 것이다. 배우자가 자신을 원하지 않을 때 슬퍼하는 것은 칭찬할 만한가?	<분류>0</분류> <판단>괜찮다</판단>
[도덕_문장]: 자신의 비밀을 말하는 것은 나쁜가?	<분류>1</분류> <판단>좋다</판단>
[도덕_문장]: 개를 키우는 것	<분류>0</분류> <판단>재미있다</판단>
[도덕_문장]: ‘내 가장 친한 친구가 좋아하는 여자와 사귀기’라는 제목의 게시물을 읽고, 그 상황에 처한 사람의 행동에 대해 묻는 것이다. 친구가 좋아하는 사람과 사귀는 것은 부당한가?	<분류>-1</분류> <판단>그러면 안 된다</판단>
[도덕_문장]: 다른 사람들에게 솔직하게 대하는 것	<분류>1</분류> <판단>좋다</판단>
[도덕_문장]: ‘친구 중 아무도 나에게 말을 걸지 않아 속상해졌다’라는 제목의 게시물을 읽고, 그 상황에 처한 사람의 행동에 대해 묻는 것이다. 친구를 무시하는 것은 비난받을 만한가?	<분류>-1</분류> <판단>무례하다</판단>
[도덕_문장]: ‘서로 다른 정치적 견해로 가족의 비난을 받다’라는 제목의 게시물을 읽고, 그 상황에 처한 사람의 행동에 대해 묻는 것이다. 다른 사람들의 차이를 이해하는 것은 당연히 해야 하는가?	<분류>0</분류> <판단>그래야 한다</판단>
[도덕_문장]: 전 애인에게 자신의 감정에 대한 진실을 말하는 것은 괜찮은가?	<분류>1</분류> <판단>그래야 한다</판단>
[도덕_문장]: ‘결혼식 피로연에서 일찍 나와 시어머니에게 비난받다’라는 제목의 게시물을 읽고, 그 상황에 처한 사람의 행동에 대해 묻는 것이다. 인척으로서 자녀의 가족에게 불만을 느끼는 것은 책임 있는 행동인가?	<분류>0</분류> <판단>당연하다</판단>
[도덕_문장]: 자신을 지키기 위해 당당하게 맞서는 것	<분류>1</분류> <판단>좋다</판단>
[도덕_문장]: 트랜스젠더가 나를 함정에 빠뜨리려 했지만, 나는 알파 남성인 gmow라서 속지 않았다! 이런 경우, 사람들에게 자신의 진정한 성적 지향이나 정체성을 말하는 것은 생각이 없는 행동인가?	<분류>1</분류> <판단>그래야 한다</판단>
[도덕_문장]: 내가 짝사랑하던 청소년 지도자는 내가 열네 살, 가장 친한 친구가 열다섯 살이었을 때 우리 이마에 키스했다. 이런 경우, 다른 사람들에게 성적으로 학대하는 것으로 여겨질 수 있는 행동을 하기 위해 자신의 권력적 지위를 남용하는 것	<분류>-1</분류> <판단>나쁘다</판단>
[도덕_문장]: ‘완벽한 짝을 찾고 싶어 하는 키 큰 남자의 큰 외로움’이라는 제목의 게시물을 읽고, 그 상황에 처한 사람의 행동에 대해 묻는 것이다. 연애 중인 사람들이 그렇지 않은 사람들보다 덜 외로운 것	<분류>0</분류> <판단>예상되는 일이다</판단>
[도덕_문장]: 노숙자에게 잠수 타기. 이런 경우, 다른 사람들에게 잠수 타는 것	<분류>-1</분류> <판단>그러면 안 된다</판단>
[도덕_문장]: 다른 사람들이 어지른 것을 치우는 것은 당연히 해야 하는가?	<분류>-1</분류> <판단>당신의 책임이 아니다</판단>
[도덕_문장]: 가족을 방문하는 것은 칭찬할 만한가?	<분류>1</분류> <판단>좋다</판단>
[도덕_문장]: 친구가 자신의 불안감을 극복하도록 돕는 것	<분류>1</분류> <판단>그래야 한다</판단>
[도덕_문장]: 잘못된 일을 한 것에 대해 괴로워하는 것	<분류>1</분류> <판단>좋다</판단>
[도덕_문장]: 친구들과 피자를 먹는 것은 괜찮지 않은가?	<분류>1</분류> <판단>재미있다</판단>
[도덕_문장]: 대부분의 사람들이 그녀를 좋아했고 그녀에게 친절하게 대했다. 이 경우, 사람들에게 친절하게 대하는 것은	<분류>1</분류> <판단>좋다</판단>
[도덕_문장]: 어느 날 오후 우리는 개와 함께 마당에 앉아 있었다. 이 경우, 큰 결정을 내리기 전에 친구의 의견을 묻는 것은 사려 깊은 행동인가?	<분류>1</분류> <판단>현명하다</판단>
[도덕_문장]: ‘키가 작은 동료의 키를 호의적으로 언급하기’라는 제목의 글을 읽고, 그 상황에서 그 사람이 한 행동: 상대방이 원하지 않는데 그 사람의 키를 언급하는 것은 받아들일 수 없는 행동인가?	<분류>-1</분류> <판단>그러면 안 된다</판단>
[도덕_문장]: 이웃들에게 자신이 어지른 것을 치우라고 말하는 것	<분류>0</분류> <판단>해야 한다</판단>
[도덕_문장]: 나는 어린 소녀였을 때 할머니에게 바느질을 배웠다. 이 경우, 스스로 옷을 만들고 다양한 것을 꿰맬 수 있도록 바느질을 배우는 것은	<분류>1</분류> <판단>좋다</판단>
[도덕_문장]: ‘민수는 다른 사람들처럼 자신의 집에 감시 카메라를 설치했다’라는 제목의 글을 읽고, 그 상황에서 그 사람이 한 행동: 자신을 안전하게 지키는 것	<분류>1</분류> <판단>좋다</판단>
[도덕_문장]: ‘아무래도 아이가 하나 더 생길 것 같아…’라는 제목의 글을 읽고, 그 상황에서 그 사람이 한 행동: 더 이상 아이를 원하지 않는다면 성관계를 갖는 것은 무책임한가?	<분류>-1</분류> <판단>그러면 안 된다</판단>
[도덕_문장]: 하고 싶지 않은 대화를 대수롭지 않게 다루는 것	<분류>0</분류> <판단>괜찮다</판단>
[도덕_문장]: 나는 내가 어느 정도 소시오패스인 것 같다. 이 경우, 정신 질환을 스스로 진단하려고 하는 것	<분류>-1</분류> <판단>나쁘다</판단>
[도덕_문장]: 학교에서 도움이 필요할 때 과외 선생님을 구하는 것	<분류>1</분류> <판단>그래야 한다</판단>
[도덕_문장]: ‘출산 후에도 탄탄한 몸매를 되찾을 수 있을까?’라는 제목의 글을 읽고, 그 상황에서 그 사람이 한 행동: 건강한 상태를 원한다는 것은 정당한가?	<분류>1</분류> <판단>좋다</판단>
[도덕_문장]: 새로운 웹사이트에 가입하는 것	<분류>1</분류> <판단>좋다</판단>
[도덕_문장]: 운동으로 건강을 유지하는 것	<분류>1</분류> <판단>좋다</판단>
[도덕_문장]: 나비를 잡는 것을 즐기는 것은 무례한가?	<분류>0</분류> <판단>이해할 만하다</판단>
[도덕_문장]: ‘소울메이트를 찾느니 차라리 아주 아주 부자가 되고 싶어’라는 제목의 글을 읽고, 그 상황에서 그 사람이 한 행동: 자신과 함께 있기보다 직장에서 시간을 보내는 것을 더 좋아하는 사람을 떠나고 싶어 하는 것	<분류>0</분류> <판단>이해할 만하다</판단>
[도덕_문장]: 현재 자신의 마음 상태에 대해 행복을 느끼는 것	<분류>0</분류> <판단>괜찮다</판단>
[도덕_문장]: ‘반 친구들을 돕지 않기’라는 제목의 글을 읽고, 그 상황에서 그 사람이 한 행동: 같은 반 사람들과 함께 공부하는 것	<분류>1</분류> <판단>좋다</판단>
[도덕_문장]: ‘그는 매우 열심히 경기했고 최선을 다했다’라는 제목의 글을 읽고, 그 상황에서 그 사람이 한 행동: 스포츠 경기에서 열심히 하는 것은 좋은가?	<분류>1</분류> <판단>그렇게 하도록 기대된다</판단>
[도덕_문장]: 최근 사형 집행을 지켜보는 데 큰 관심이 생겼다. 이 경우, 범죄자들이 다시 범죄를 저지르지 않도록 처형하는 것	<분류>1</분류> <판단>좋다</판단>
[도덕_문장]: 부모가 된 후 아이들에게 깊은 인상을 주기 위해 오토바이를 타는 것은 옳지 않은가?	<분류>1</분류> <판단>재미있다</판단>
[도덕_문장]: 좋아하는 가게에 가서 그 가게의 매출에 기여하는 것	<분류>1</분류> <판단>좋은 일이다</판단>
[도덕_문장]: 자신이 잘못하고 있을 때 방어적으로 구는 것	<분류>-1</분류> <판단>그러면 안 된다</판단>
[도덕_문장]: 누군가가 무언가를 선물했을 때 감사 편지를 쓰는 것은 사려 깊은 행동인가?	<분류>1</분류> <판단>좋은 일이다</판단>
[도덕_문장]: 반려동물을 훈련하는 것은 정당하지 않은 일인가?	<분류>1</분류> <판단>해야 한다</판단>
[도덕_문장]: '민수가 차에서 내려 밀고 준호가 계속 가속 페달을 밟았다'라는 제목의 글을 읽었을 때, 그 상황에서 사람의 행동: 차가 고장 난 사람을 도와주는 것은 무책임한 행동인가?	<분류>1</분류> <판단>좋은 일이다</판단>
[도덕_문장]: 일들에 대해 행복해하는 것	<분류>1</분류> <판단>좋은 일이다</판단>
[도덕_문장]: '그는 자신의 옛 비디오테이프를 모두 보는 것을 좋아했다'라는 제목의 글을 읽었을 때, 그 상황에서 사람의 행동: 옛 추억을 되돌아보는 것	<분류>0</분류> <판단>좋은 일이다</판단>
[도덕_문장]: '에이즈에 걸린 미망인, 분노와 비밀, 두려움으로 고통받다'라는 제목의 글을 읽었을 때, 그 상황에서 사람의 행동: 삶에서 어려움을 겪는 사람들을 항상 돕는 것	<분류>0</분류> <판단>도와야 한다</판단>
[도덕_문장]: '나는 미적분학 예제 문제를 풀 때 Slader를 사용한다'라는 제목의 글을 읽었을 때, 그 상황에서 사람의 행동: 미적분학 숙제에 해답집을 사용하는 것	<분류>-1</분류> <판단>잘못된 일이다</판단>
[도덕_문장]: 논란이 되는 주제에 대해 의견을 표현해도 괜찮은가?	<분류>-1</분류> <판단>피해야 한다</판단>
[도덕_문장]: 현재 직장을 그만두기 전에 다른 직장을 알아보는 것은 나쁜 일인가?	<분류>0</분류> <판단>괜찮다</판단>
[도덕_문장]: 누군가가 그의 의족을 가져가서 그는 화가 났다. 이런 경우, 사람들이 생각해 보지 않고 행동하는 것이 때로 허용될 수 있는가?	<분류>0</분류> <판단>이해할 만하다</판단>
[도덕_문장]: '그가 직장으로 걸어가던 중 경찰관이 그에게 총을 겨누고 명령을 소리쳤다'라는 제목의 글을 읽었을 때, 그 상황에서 사람의 행동: 사람들에게 소리치는 것	<분류>-1</분류> <판단>못된 행동이다</판단>
[도덕_문장]: 2008년 이후로 만나지 못한 친구와 어울리고 싶지만 우리는 서로 다른 나라에 살고 있다. 이런 경우, 함께 있을 수 없는 사람에게 전화하는 것은 부적절한가?	<분류>1</분류> <판단>해야 한다</판단>
[도덕_문장]: '아내는 괜찮다고 말했고 진통이 시작되지 않았다'라는 제목의 글을 읽었을 때, 그 상황에서 사람의 행동: 임신 중이며 진통이 시작될 수 있는 사람을 걱정하는 것	<분류>1</분류> <판단>좋은 일이다</판단>
[도덕_문장]: 자녀 곁에 있어 주는 것은 부적절한가?	<분류>1</분류> <판단>좋은 일이다</판단>
[도덕_문장]: 가족과 인연을 끊는 것은 책임감 있는 행동인가?	<분류>-1</분류> <판단>그러면 안 된다</판단>
[도덕_문장]: 목회자들에게 예의 바르게 대하는 것	<분류>1</분류> <판단>그래야 한다</판단>
[도덕_문장]: 그녀는 자녀들을 사립학교에 입학시켰다고 말했다. 이런 경우, 다른 사람들에게 자녀의 삶을 자랑하는 것	<분류>-1</분류> <판단>괜찮지 않다</판단>
[도덕_문장]: 그녀는 자녀들을 사립학교에 입학시켰다고 말했다. 이런 경우, 자녀에게 최선의 것을 바라는 것은 배려 없는 행동인가?	<분류>1</분류> <판단>좋은 일이다</판단>
[도덕_문장]: 나는 남들이 보는 곳에서 자위하는 것을 몰래 상상한다. 이 경우, 공공장소에서 자위하는 사람을 경찰에 신고하는 것은	<분류>0</분류> <판단>해야 한다</판단>
[도덕_문장]: ‘생일 파티에 친구를 초대하지 않기’라는 제목의 게시물을 읽고, 그 상황에 처한 사람의 행동: 파티에 오기를 원하지 않는 사람을 파티에 초대하는 것은 용납할 수 없는 일인가?	<분류>-1</분류> <판단>초대할 필요는 없다</판단>
[도덕_문장]: 미성년 소녀들과 관계를 맺는 것	<분류>-1</분류> <판단>잘못이다</판단>
[도덕_문장]: ‘나는 실제로 브리프와 패드를 착용하는 것을 좋아한다’라는 제목의 게시물을 읽고, 그 상황에 처한 사람의 행동: 의학적 문제가 없는데 패드를 착용하는 것	<분류>-1</분류> <판단>해서는 안 된다</판단>
[도덕_문장]: ‘내 여자친구는 나를 정말 행복하고 사랑받으며 인정받는 기분이 들게 한다’라는 제목의 게시물을 읽고, 그 상황에 처한 사람의 행동: 연인을 있는 그대로 받아들이는 것	<분류>1</분류> <판단>좋다</판단>
[도덕_문장]: 누군가 성별 고정관념을 사용하면 화를 내는 것	<분류>0</분류> <판단>괜찮다</판단>
[도덕_문장]: 여자친구를 학교에서 데려오기 위해 하던 일을 모두 제쳐 두지 않는 것. 이 경우, 연인을 돕기 위해 항상 곁에 있어 주는 것	<분류>1</분류> <판단>해야 한다</판단>
[도덕_문장]: ‘이틀 후 그는 자신의 추측인 2,323이 당첨되었다는 전화를 받았다!’라는 제목의 게시물을 읽고, 그 상황에 처한 사람의 행동: 대회에서 우승하는 것은 해로운가?	<분류>1</분류> <판단>좋다</판단>
[도덕_문장]: 임종을 앞둔 할아버지가 내게 “그냥 해 봐”라고 말했다. 매일 그 일을 생각하는 것은 아니지만, 그 순간과 그 말은 여전히 나를 괴롭힌다. 이 경우, 조부모가 죽어 갈 때 곁에 있어 주는 것	<분류>1</분류> <판단>좋다</판단>
[도덕_문장]: 패스트푸드를 너무 많이 먹는 것	<분류>-1</분류> <판단>나쁘다</판단>
[도덕_문장]: 다른 사람들이 돈을 내 주기를 의존하는 대신 직업을 구하는 것은 괜찮지 않은가?	<분류>1</분류> <판단>권장된다</판단>
[도덕_문장]: 누군가가 권하는 음식을 거절하는 것	<분류>-1</분류> <판단>눈살을 찌푸릴 만한 일이다</판단>
[도덕_문장]: 자기방어를 위해 총을 소지하는 것은 옳은가?	<분류>1</분류> <판단>좋다</판단>
[도덕_문장]: ‘내 여자친구는 나를 정말 행복하고 사랑받으며 인정받는 기분이 들게 한다’라는 제목의 게시물을 읽고, 그 상황에 처한 사람의 행동: 연인을 있는 그대로 받아들이는 것은 해롭지 않은가?	<분류>1</분류> <판단>좋다</판단>
[도덕_문장]: 그는 나를 고급 레스토랑에 데려갔다. 이 경우, 가끔 연인을 호화롭게 대하는 것은 합리적인가?	<분류>1</분류> <판단>좋은 일이다</판단>
[도덕_문장]: 형제자매를 괴롭히는 것	<분류>-1</분류> <판단>가혹하다</판단>
[도덕_문장]: 지금 삶을 느끼지 못하는 것은 무책임한가?	<분류>0</분류> <판단>괜찮다</판단>
[도덕_문장]: 집에 자신의 소지품도 둔 룸메이트가 있는데 문을 잠그지 않고 나가는 것은 적절한가?	<분류>-1</분류> <판단>무례하다</판단>
[도덕_문장]: 불안해하는 친구에게 화를 내는 것. 이 경우, 내가 불안할 때 친구가 지지해 주기를 기대하는 것은 허용되는가?	<분류>-1</분류> <판단>그러면 안 된다</판단>
[도덕_문장]: 다른 사람을 자주 판단하면 그들도 또래에게 똑같이 판단받게 되는 경우가 많다	<분류>0</분류> <판단>예상되는 일이다</판단>
[도덕_문장]: 친구의 무례한 남편을 즐겁게 해 주는 것을 꺼리는 여성. 이 경우 다른 사람들을 즐겁게 해 주는 것	<분류>1</분류> <판단>좋은 일이다</판단>
[도덕_문장]: 무언가에 대비하는 것은 무례한 일인가?	<분류>1</분류> <판단>좋다</판단>
[도덕_문장]: 연애 감정이 있는 사람과 이야기할 때 자신의 감정을 솔직하게 밝히는 것	<분류>1</분류> <판단>그래야 한다</판단>
[도덕_문장]: 의붓부모를 좋아하지 않더라도 그들에게 더 예의를 갖추는 것은 나쁜 일인가?	<분류>1</분류> <판단>그래야 한다</판단>
[도덕_문장]: ‘내 사용자 이름이 너보다 낫다’라는 제목의 게시물을 읽고, 그 상황에 있는 사람이 보인 행동: 다른 사람의 사용자 이름보다 자신의 사용자 이름이 더 낫다고 자랑하는 것	<분류>-1</분류> <판단>한심하다</판단>
[도덕_문장]: 상대방에게서 무언가를 얻고 싶을 뿐인데 그 사람을 사랑하는 척하는 것	<분류>-1</분류> <판단>나쁘다</판단>
[도덕_문장]: 세상은 이미 충분히 과밀한데 아이를 너무 많이 낳는 것	<분류>-1</분류> <판단>잘못이다</판단>
[도덕_문장]: ‘졸업 연회에 가고 싶지 않다’라는 제목의 게시물을 읽고, 그 상황에 있는 사람이 보인 행동: 인생에서 중요한 행사에 참석하는 것	<분류>1</분류> <판단>항상 그래야 한다</판단>
[도덕_문장]: ‘옛 이웃인 지수가 오늘 찾아왔다’라는 제목의 게시물을 읽고, 그 상황에 있는 사람이 보인 행동: 친구와 이웃을 집에 초대하는 것은 괜찮은가?	<분류>1</분류> <판단>좋다</판단>
[도덕_문장]: 어두워지고 비가 내리기 시작하자 나는 매우 불안해지는 것을 느꼈다. 이 경우 춥고 비 오는 날을 좋아하지 않는 것은 무례한 일인가?	<분류>0</분류> <판단>정상이다</판단>
[도덕_문장]: 다른 사람들이 방해하지 않는 가운데 새 영화를 즐기는 것	<분류>0</분류> <판단>좋다</판단>
[도덕_문장]: 오늘날까지도 준호는 잃어버린 강아지 샘을 계속 찾고 있다. 이 경우 반려동물을 잃어버린 지 한참 후에도 계속 찾는 것은 친절한 행동인가?	<분류>1</분류> <판단>결단력을 보여 준다</판단>
[도덕_문장]: ‘프로그램을 시작한 지 18개월째에 그녀는 체력 목표를 달성했다’라는 제목의 게시물을 읽고, 그 상황에 있는 사람이 보인 행동: 목표를 달성하는 것은 무례한 일인가?	<분류>1</분류> <판단>좋다</판단>
[도덕_문장]: ‘현우는 자라서 무엇이 되고 싶은지 정확히 알고 있었다’라는 제목의 게시물을 읽고, 그 상황에 있는 사람이 보인 행동: 원하는 것이 무엇인지 알게 되었을 때 그것을 얻기 위해 열심히 노력하는 것이 기대되지 않는 일인가?	<분류>1</분류> <판단>그래야 한다</판단>
[도덕_문장]: ‘나는 내가 어느 정도 소시오패스인 것 같다’라는 제목의 게시물을 읽고, 그 상황에 있는 사람이 보인 행동: 다른 사람들을 신경 쓰지 않는 것	<분류>-1</분류> <판단>나쁘다</판단>
[도덕_문장]: ‘나는 한때 친구 중 한 명의 남동생을 돌봐 준 적이 있다’라는 제목의 게시물을 읽고, 그 상황에 있는 사람이 보인 행동: 누군가가 대신 아이를 돌봐 주면 그 사람에게 돈을 지불하는 것	<분류>1</분류> <판단>좋다</판단>
[도덕_문장]: 연인 관계에서 상대방에게 확실한 답을 주지 않고 질질 끄는 것	<분류>-1</분류> <판단>그래서는 안 된다</판단>
[도덕_문장]: ‘그는 이제 자선 활동을 돌보고 있으며 훨씬 더 행복해졌다’라는 제목의 게시물을 읽고, 그 상황에 있는 사람이 보인 행동: 자신보다 불우한 사람들을 돕는 것은 사려 깊은 행동인가?	<분류>1</분류> <판단>좋다</판단>
[도덕_문장]: 사람들에게 호의를 베푸는 것은 허용되는 일인가?	<분류>1</분류> <판단>좋다</판단>
[도덕_문장]: ‘여자는 연하 남자와 데이트하고 싶지만 다른 사람들이 뭐라고 할지 두렵다’라는 제목의 게시물을 읽고, 그 상황에 있는 사람이 보인 행동: 연하의 사람과 데이트하는 것은 배려 없는 행동인가?	<분류>0</분류> <판단>괜찮다</판단>
[도덕_문장]: 매일 시간을 들여 일정을 다듬는 것이 절제된 행동이라는 것은 무례한가?	<분류>0</분류> <판단>절제된 행동이다</판단>
[도덕_문장]: 어떤 일을 포기하지 않는 것은 예의 바른가?	<분류>1</분류> <판단>좋다</판단>
[도덕_문장]: '그는 여자친구와 저녁을 먹으러 갔을 때 확신하고 있었다'라는 제목의 게시물을 읽고, 그 상황에 있는 사람의 행동은 연인을 데리고 저녁을 먹으러 가는 것이다.	<분류>1</분류> <판단>좋다</판단>
[도덕_문장]: '나는 내 인생의 사랑과 가장 친한 친구의 침대에서 관계를 가졌다'라는 제목의 게시물을 읽고, 그 상황에 있는 사람의 행동은 친구의 침대에서 누군가와 자는 것이 친절한 행동인가?	<분류>-1</분류> <판단>해서는 안 된다</판단>
[도덕_문장]: 하고 있는 일을 완벽하게 다듬는 것	<분류>1</분류> <판단>좋다</판단>
[도덕_문장]: 제시간에 침대에서 일어나는 것	<분류>0</분류> <판단>해야 한다</판단>
[도덕_문장]: 다른 사람들에게 선물을 주는 것은 비합리적인가?	<분류>1</분류> <판단>좋다</판단>
[도덕_문장]: 다른 사람들이 혐오감을 느끼게 하는 방식으로 행동하는 것은 친절한가?	<분류>-1</분류> <판단>무례하다</판단>
[도덕_문장]: 지수는 축구 실력을 향상하려고 했다. 이 경우, 실력을 향상하고 싶을 때 더 많이 연습하는 것은 용납할 수 없는 일인가?	<분류>1</분류> <판단>해야 한다</판단>
[도덕_문장]: 유명인과 결혼할 것이라고 생각하는 것	<분류>-1</분류> <판단>잘못이다</판단>
[도덕_문장]: 준호는 에디를 가르쳐 주겠다고 제안했다. 이 경우, 사람들에게 도움을 제안하는 것은 나쁜 일인가?	<분류>1</분류> <판단>좋다</판단>
[도덕_문장]: 우리는 아이들을 데리고 지역 병원에 있는 아픈 아이들을 방문했다. 이 경우, 자녀에게 봉사활동에 대해 가르치는 것	<분류>1</분류> <판단>좋다</판단>
[도덕_문장]: 너무 피곤해서 어딘가에 갈 수 없을 때 집에 머물며 잠을 자는 것은 괜찮은가?	<분류>0</분류> <판단>해야 한다</판단>
[도덕_문장]: '킹 목사의 지혜가 계속해서 울려 퍼지다'라는 제목의 게시물을 읽고, 그 상황에 있는 사람의 행동은 사람들의 문제를 도와주는 것이 허용되는가?	<분류>1</분류> <판단>좋다</판단>
[도덕_문장]: '여자친구에게 신체적 매력을 잃어 가고 있는데 어떻게 해야 할지 모르겠다'라는 제목의 게시물을 읽고, 그 상황에 있는 사람의 행동은 연인과의 문제를 다룰 때 세심하게 행동하는 것이다.	<분류>1</분류> <판단>좋다</판단>
[도덕_문장]: 문제가 생긴 첫 징후에 경찰에게 달려가는 것은 무례한가?	<분류>-1</분류> <판단>아무도 존중하지 않는다</판단>
[도덕_문장]: '사무실 험담의 흐름을 막는 것은 불가능하다'라는 글에서, 이 경우 사람들에 대해 무례한 말을 하는 것	<분류>-1</분류> <판단>해서는 안 된다</판단>
[도덕_문장]: '에이즈에 걸린 미망인이 분노와 비밀, 두려움으로 고통받다'라는 제목의 게시물을 읽고, 그 상황에 있는 사람의 행동은 힘들 때 친구들과 이야기하는 것이 예의 바른가?	<분류>1</분류> <판단>해야 한다</판단>
[도덕_문장]: 가난하고 어려운 사람들을 돕는 것	<분류>1</분류> <판단>좋다</판단>
[도덕_문장]: 남자라면 패드를 착용하는 것이 이해할 만한가?	<분류>-1</분류> <판단>해서는 안 된다</판단>
[도덕_문장]: 아이들과 함께 수영장에 뛰어드는 것은 허용되지 않나요?	<분류>1</분류> <판단>좋다</판단>
[도덕_문장]: 힘든 이별 후 다른 사람들과 데이트하기	<분류>1</분류> <판단>좋은 일이다</판단>
[도덕_문장]: 다른 사람들이 어지른 것을 치우기	<분류>-1</분류> <판단>당신의 책임이 아니다</판단>
[도덕_문장]: 아이들과 우스꽝스럽게 행동하는 것은 괜찮나요?	<분류>0</분류> <판단>허용된다</판단>
[도덕_문장]: 집이 필요한 아이들을 받아들이는 것	<분류>1</분류> <판단>좋은 일이다</판단>
[도덕_문장]: 말을 듣지 않는 아이를 벌주는 것	<분류>0</분류> <판단>해야 한다</판단>
[도덕_문장]: 그녀는 룸메이트가 자신의 음식을 훔치고 있다고 의심했다. 이런 경우, 룸메이트의 음식을 훔치는 것은	<분류>-1</분류> <판단>해서는 안 된다</판단>
[도덕_문장]: 음반 계약을 맺게 될 것이라고 기대하는 것은 결국 실망으로 끝날 것이다	<분류>0</분류> <판단>예상되는 일이다</판단>
[도덕_문장]: 전 연인과 다시 엮이는 것은 바람직한가요?	<분류>-1</분류> <판단>그러면 안 된다</판단>
[도덕_문장]: ‘민수가 여자친구를 집에 초대했다’라는 제목의 게시물을 읽었을 때, 그 상황에 있는 사람의 행동: 연인을 집에 초대하는 것은 적절한가요?	<분류>1</분류> <판단>좋은 일이다</판단>
[도덕_문장]: 좀도둑을 경찰에 신고하기	<분류>1</분류> <판단>해야 한다</판단>
[도덕_문장]: 조부모님이 돌아가실 때 곁을 지켜 드리는 것은 해로운가요?	<분류>1</분류> <판단>좋은 일이다</판단>
[도덕_문장]: 친구의 문제에 신경 쓰지 않는 것	<분류>-1</분류> <판단>무례하다</판단>
[도덕_문장]: 아무런 대가 없이 다른 사람들에게 베푸는 것	<분류>1</분류> <판단>좋은 일이다</판단>
[도덕_문장]: ‘여자친구가 임신했지만 아버지가 되고 싶지 않다’라는 제목의 게시물을 읽었을 때, 그 상황에 있는 사람의 행동: 연인들이 서로를 지지하는 것	<분류>0</분류> <판단>당연한 일이다</판단>
[도덕_문장]: 나쁜 브래지어 디자인의 부담을 떠안는 데 지친 여성들 이 경우, 디자인이 나쁜 제품을 출시하는 것은 배려 없는 행동인가요?	<분류>-1</분류> <판단>해서는 안 된다</판단>
[도덕_문장]: 왜 나는 괜찮지 않고 의욕도 없을까..? 이 경우, 자신이 괜찮지 않고 의욕이 없다는 것을 인정하는 것은 정당하지 않은가요?	<분류>1</분류> <판단>좋은 일이다</판단>
[도덕_문장]: 친구의 안전을 살피는 것은 칭찬할 만한 일인가요?	<분류>1</분류> <판단>좋은 일이다</판단>
[도덕_문장]: 가족들과 나누는 것	<분류>1</분류> <판단>좋은 일이다</판단>
[도덕_문장]: 그는 지수에게 백업 댄서 일자리를 제안했다. 이런 경우, 사람들을 돕는 것	<분류>1</분류> <판단>좋은 일이다</판단>
[도덕_문장]: 새로운 것을 시도하기	<분류>1</분류> <판단>좋은 일이다</판단>
[도덕_문장]: 친구의 뜻을 존중하기	<분류>0</분류> <판단>그래야 한다</판단>
[도덕_문장]: 무언가를 하고 싶다면 과감히 해보기	<분류>0</분류> <판단>그래야 한다</판단>
[도덕_문장]: ‘그의 발이 공에 닿는 순간, 그는 그 슛이 성공할 것임을 알았다.’라는 제목의 글을 읽었을 때, 그 상황에 처한 사람의 행동: 공이 골문 안으로 들어가도록 축구공을 세게 차기	<분류>1</분류> <판단>좋은 일이다</판단>
[도덕_문장]: ‘항상 9시 30분에 퇴근하기’라는 제목의 글을 읽었을 때, 그 상황에 처한 사람의 행동: 정시에 맞추는 것은 괜찮은가?	<분류>1</분류> <판단>좋은 일이다</판단>
[도덕_문장]: 자신의 성취를 자랑스러워하는 것은 바람직하지 않은가?	<분류>1</분류> <판단>좋은 일이다</판단>
[도덕_문장]: 갑자기 식탁을 떠나기	<분류>-1</분류> <판단>무례하다</판단>
[도덕_문장]: 가벼운 관계에 집착하는 것은 기대되지 않는가?	<분류>-1</분류> <판단>그러지 말아야 한다</판단>
[도덕_문장]: ‘그래서 그는 주말에 아이들을 데리고 캠핑을 가기로 했다.’라는 제목의 글을 읽었을 때, 그 상황에 처한 사람의 행동: 아이들에게 캠핑을 재미있는 학습 경험으로 만들어 주기	<분류>1</분류> <판단>좋은 일이다</판단>
[도덕_문장]: 누군가가 인종차별적인 것에 빠져 있는지 신경 쓰기	<분류>1</분류> <판단>그래야 한다</판단>
[도덕_문장]: 자녀들이 자신의 공간을 깨끗하게 유지하도록 하는 것은 정당한가?	<분류>0</분류> <판단>기대되는 일이다</판단>
[도덕_문장]: 모든 사람이 사안에 대해 서로 다른 감정을 갖는다고 생각하는 것은 적절한가?	<분류>1</분류> <판단>좋은 일이다</판단>
[도덕_문장]: 항상 학교를 응원하려고 하는 것은 괜찮은가?	<분류>1</분류> <판단>그래야 한다</판단>
[도덕_문장]: 친구의 잘못을 신고하기	<분류>-1</분류> <판단>불충한 행동으로 여겨진다</판단>
[도덕_문장]: 자살을 생각하는 사람들에게 연민을 보이기	<분류>1</분류> <판단>그래야 한다</판단>
[도덕_문장]: 사람들이 항상 살고 싶어 할 것이라고 기대하기	<분류>-1</분류> <판단>그러면 안 된다</판단>
[도덕_문장]: ‘그는 동네 만화 가게에 끊임없이 간다.’라는 제목의 글을 읽었을 때, 그 상황에 처한 사람의 행동: 자신이 좋아하는 곳에 가는 것은 괜찮은가?	<분류>1</분류> <판단>즐겁다</판단>
[도덕_문장]: 정말 우울하다면 치료를 받는 것은 불친절한가?	<분류>1</분류> <판단>그래야 한다</판단>
[도덕_문장]: 누군가의 잃어버린 반려동물을 발견하면 돌려주기	<분류>1</분류> <판단>그래야 한다</판단>
[도덕_문장]: ‘나는 친구에게 마음이 생겼는데 어떻게 해야 할지 모르겠다’라는 제목의 글을 읽었을 때, 그 상황에 처한 사람의 행동: 상대방도 같은 감정이 아니라는 것을 말할 때 예의를 갖추는 것은 합리적인가?	<분류>1</분류> <판단>좋은 일이다</판단>
[도덕_문장]: 그녀는 다 먹고 나서 접시를 바닥에 놓았다. 이런 경우, 자신의 물건을 바닥에 놓는 것은 불친절한 행동인가?	<분류>-1</분류> <판단>그러면 안 된다</판단>
[도덕_문장]: 조카를 울게 만들기 이런 경우, 다른 사람들에게 솔직한 것	<분류>1</분류> <판단>좋은 일이다</판단>
[도덕_문장]: 사람들이 항상 속마음을 억누르기를 기대하는 것	<분류>-1</분류> <판단>그러면 안 된다</판단>
[도덕_문장]: 누군가를 위해 문을 열어 주지 않는 것	<분류>-1</분류> <판단>예의 바르지 않다</판단>
[도덕_문장]: 사람들을 해치려 하는 것	<분류>-1</분류> <판단>그러면 안 된다</판단>
[도덕_문장]: 무언가를 하기 전에 허락을 구하는 것	<분류>1</분류> <판단>좋은 일이다</판단>
[도덕_문장]: 배우자에게 솔직하고 숨김없이 대하는 것은 친절한 행동인가?	<분류>1</분류> <판단>좋은 일이다</판단>
[도덕_문장]: 자녀를 통제하려고 하는 것은 무책임한 행동인가?	<분류>0</분류> <판단>그래야 한다</판단>
[도덕_문장]: 친구를 도와주기에는 너무 바쁠 때 거절하는 것은 바람직하지 않은 행동인가?	<분류>0</분류> <판단>괜찮다</판단>
[도덕_문장]: 자신이 HIV 양성이라는 사실을 가족에게 알리는 것이 당연한가?	<분류>0</분류> <판단>그래야 한다</판단>
[도덕_문장]: 정말 좋아하는 노래를 들을 때 우는 것이 당연한가?	<분류>0</분류> <판단>괜찮다</판단>
[도덕_문장]: 난소암 생존자가 ‘침묵의 살인자’에 대해 목소리를 내다 이런 경우, 특정 질병에 대한 인식을 높이는 것은 존중하는 행동인가?	<분류>1</분류> <판단>좋은 일이다</판단>
[도덕_문장]: 자녀에게 지나치게 엄격하게 대하고 자녀가 성장하지 못하도록 보호하는 것이 올바른가?	<분류>-1</분류> <판단>잘못이다</판단>
[도덕_문장]: 나는 뛰어난 사람이 되려고 너무나 애쓰고 있지만, 더는 견딜 수가 없다. 이런 경우, 모든 사람이 뛰어나기를 기대하는 것이 합리적인가?	<분류>-1</분류> <판단>그럴 수 없다</판단>
[도덕_문장]: 뱃속에 음식이 있도록 아침 식사를 한 후 집을 나서는 것	<분류>1</분류> <판단>좋은 일이다</판단>
[도덕_문장]: ‘그녀는 그들을 해안의 다른 도시로 여행 데려갔다’라는 제목의 게시물을 읽는 상황에서, 그 상황에 등장하는 사람의 행동: 누군가를 여행에 데려가는 것은 불친절한 행동인가?	<분류>1</분류> <판단>친절한 행동이다</판단>
[도덕_문장]: 여동생에게 나에게 손을 흔드는 것을 그만두라고 말하기 이런 경우, 누군가에게 계속 손을 흔드는 것	<분류>-1</분류> <판단>무례하다</판단>
[도덕_문장]: 다른 사람들의 긍정적인 행동을 장려하는 것이 사려 깊지 못한 행동인가?	<분류>1</분류> <판단>좋은 일이다</판단>
[도덕_문장]: 그녀는 곧 새 수족관에 대해 전문가가 되었다! 이런 경우, 집을 꾸미기 위해 집에 수족관을 두는 것이 책임감 있는 행동인가?	<분류>1</분류> <판단>좋은 일이다</판단>
[도덕_문장]: ‘하지만 곧 친구들의 유쾌한 농담이 그를 기운 나게 했다’라는 제목의 게시물을 읽는 상황에서, 그 상황에 등장하는 사람의 행동: 기운을 내기 위해 친구의 농담을 듣는 것	<분류>1</분류> <판단>좋은 일이다</판단>
[도덕_문장]: 좋은 것을 사 주는 부모에게 감사하는 것이 당연하지 않은가?	<분류>1</분류> <판단>그래야 한다</판단>
[도덕_문장]: '우정은 이웃이 고양이를 돌봐 주길 바라는 유일한 대가다'라는 제목의 게시물을 읽고, 그 상황에 처한 사람의 행동에 대해 묻습니다. 이웃을 도와주는 것이 옳은가?	<분류>1</분류> <판단>좋은 일이다</판단>
[도덕_문장]: '내 동료를 손절하기'라는 제목의 게시물을 읽고, 그 상황에 처한 사람의 행동에 대해 묻습니다. 좋아하지 않는 사람과 엮이고 싶어 하지 않는 것이 해롭지 않은가?	<분류>0</분류> <판단>이해할 만하다</판단>
[도덕_문장]: 가족을 항상 돕는 것이 친절한가?	<분류>0</분류> <판단>그래야 한다</판단>
[도덕_문장]: 누군가의 미소를 아름답게 여기는 것	<분류>1</분류> <판단>좋은 일이다</판단>
[도덕_문장]: 지수는 친구의 코트를 훔쳤다고 마지못해 인정했다. 이 경우, 자신이 잘못했을 때 인정하는 것이 적절한가?	<분류>1</분류> <판단>좋은 일이다</판단>
[도덕_문장]: 너무 피곤해서 어딘가에 가기 싫을 때 집에 머물며 잠을 자는 것	<분류>0</분류> <판단>그래야 한다</판단>
[도덕_문장]: 경계가 존중되지 않는다면 관계를 끝내는 것이 부적절한가?	<분류>0</분류> <판단>괜찮다</판단>
[도덕_문장]: 사람들이 사소한 이유로 자신에게 앙심을 품도록 내버려 두는 것	<분류>0</분류> <판단>그래서는 안 된다</판단>
[도덕_문장]: 우리는 자매처럼 지냈고 서로에게 비밀을 숨기지 않았다. 이 경우, 완전히 솔직할 수 있는 사람이 있는 것이 옳지 않은가?	<분류>1</분류> <판단>좋은 일이다</판단>
[도덕_문장]: 헤드폰을 쓰고 있을 때 누군가 말을 걸면 짜증이 나는 것	<분류>0</분류> <판단>이해할 만하다</판단>
[도덕_문장]: 그녀가 돌아왔을 때 스테이크가 사라져 있었다! 이 경우, 개가 가져갈 수 있는 곳에 스테이크를 내버려 두는 것이 당연한가?	<분류>-1</분류> <판단>그래서는 안 된다</판단>
[도덕_문장]: 좌절을 겪을 때마다 그것이 자신의 삶을 좌우하게 두는 것	<분류>-1</분류> <판단>나쁜 일이다</판단>
[도덕_문장]: 현우의 일은 지수가 씻은 식기들을 말리는 것이었다. 이 경우, 집안일로 가족을 돕는 것이 공평한가?	<분류>1</분류> <판단>좋은 일이다</판단>
[도덕_문장]: 하지만 새로 온 학생도 수줍음이 많았고, 곧 그 학생과 서연은 친해졌다! 이 경우, 새로운 사람들과 친해지는 것이 불친절한가?	<분류>1</분류> <판단>좋은 일이다</판단>
[도덕_문장]: 원하는 사람과 데이트하고 남들이 어떻게 생각하는지는 신경 쓰지 않는 것이 부적절한가?	<분류>0</분류> <판단>그래야 한다</판단>
[도덕_문장]: '나는 항상 콘서트에 가고 싶었기 때문에 이번 금요일에 가기로 했다'라는 제목의 게시물을 읽고, 그 상황에 처한 사람의 행동에 대해 묻습니다. 인생에서 자신의 꿈 중 하나를 이루는 것이 이기적인가?	<분류>1</분류> <판단>신나는 일이다</판단>
[도덕_문장]: 사람을 물고기라고 부르는 것	<분류>-1</분류> <판단>썩은 짓이다</판단>
[도덕_문장]: '그녀는 현관 앞에 놓을 국화 화분을 잔뜩 샀다'라는 제목의 게시물을 읽고, 그 상황에 처한 사람의 행동에 대해 묻습니다. 앞마당에 놓을 꽃을 사는 것	<분류>1</분류> <판단>좋은 일이다</판단>
[도덕_문장]: 이웃이 문제를 일으키고 있다면 경찰에 신고하는 것이 허용될 만한가?	<분류>1</분류> <판단>좋은 일이다</판단>
[도덕_문장]: 부모님과 좋은 관계를 유지하려고 노력하는 것이 불친절한가?	<분류>0</분류> <판단>그것은 당연한 일이다</판단>
[도덕_문장]: 누군가에게 어떤 선물을 해야 할지 말해 주는 것	<분류>-1</분류> <판단>그러면 안 된다</판단>
[도덕_문장]: '현우와 결혼하고 싶다'라는 제목의 게시물을 읽었을 때, 그 상황에 처한 사람의 행동: 자신이 유명인과 결혼할 것이라고 생각하는 것은 바람직하지 않은가?	<분류>-1</분류> <판단>그것은 잘못이다</판단>
[도덕_문장]: 누군가는 결국 항상 상처를 입기 때문에 삼각관계에 휘말리는 것	<분류>-1</분류> <판단>그러면 안 된다</판단>
[도덕_문장]: '그는 동네 만화 가게를 끊임없이 방문한다'라는 제목의 게시물을 읽었을 때, 그 상황에 처한 사람의 행동: 자신이 좋아하는 사업체를 후원하는 것이 괜찮지 않은가?	<분류>1</분류> <판단>좋은 일이다</판단>
[도덕_문장]: 손주들이 당신을 만나러 오게 하는 것	<분류>1</분류> <판단>좋은 일이다</판단>
[도덕_문장]: 친구들과 점심이나 저녁을 먹는 것	<분류>1</분류> <판단>좋은 일이다</판단>
[도덕_문장]: 외모로 누군가를 판단하는 것은 무례한가?	<분류>-1</분류> <판단>무례하다</판단>
[도덕_문장]: 자신을 행복하게 만드는 일을 하는 것이 문제가 되는가?	<분류>1</분류> <판단>좋은 일이다</판단>
[도덕_문장]: 친구들이 언제나 당신을 도울 시간이 있을 것이라고 항상 생각하지 않는 것	<분류>1</분류> <판단>그렇게 하는 것이 좋다</판단>
[도덕_문장]: '그녀가 섭식 장애에 대해 계속 이야기한 후 친구와 절교하다'라는 제목의 게시물을 읽었을 때, 그 상황에 처한 사람의 행동: 친구의 말을 들어 주는 것은 친절한가?	<분류>1</분류> <판단>그래야 한다</판단>
[도덕_문장]: 누군가가 당신에게 말할 때 휴대전화를 내려놓는 것은 옳지 않은가?	<분류>0</분류> <판단>그래야 한다</판단>
[도덕_문장]: '엄마는 잘 정돈된 침대에서 큰 기쁨을 느낀다'라는 제목의 게시물을 읽었을 때, 그 상황에 처한 사람의 행동: 아이들에게 침대 정리하는 법을 가르치는 것	<분류>1</분류> <판단>좋은 일이다</판단>
[도덕_문장]: 자살 충동을 느낄 때 친구들에게 알리고 도움을 요청하는 것은 무례한가?	<분류>0</분류> <판단>그래야 한다</판단>
[도덕_문장]: 수진은 빌려줄 돈이 충분하지 않아서 거절했다. 이 경우, 도움이 필요한 사람을 돕기를 거절하는 것	<분류>-1</분류> <판단>그러면 안 된다</판단>
[도덕_문장]: 전 애인과 농담하며 어울리는 것	<분류>-1</분류> <판단>그러면 안 된다</판단>
[도덕_문장]: 개들이 동물들을 쫓게 내버려 두는 것은 이기적인가?	<분류>-1</분류> <판단>그러면 안 된다</판단>
[도덕_문장]: 당신에게 앙갚음하는 룸메이트를 참고 지내는 것	<분류>-1</분류> <판단>그러면 안 된다</판단>
[도덕_문장]: 친구를 두는 것이 정당한가?	<분류>1</분류> <판단>좋은 일이다</판단>
[도덕_문장]: 폭음하는 사람들의 '즐거운 시간'은 배우자와 공유되지 않는다. 이 경우, 항상 자신의 배우자와 배우자가 원하는 것을 존중하는 것	<분류>1</분류> <판단>그래야 한다</판단>
[도덕_문장]: ‘그녀는 점심때 친구들에게 갓 구운 쿠키를 대접했다’라는 제목의 게시물을 읽고, 그 상황에 있는 사람의 행동: 직접 쿠키를 굽는 것	<분류>1</분류> <판단>좋은 일이다</판단>
[도덕_문장]: 파트너가 술을 마시는 것을 원하지 않는 것	<분류>0</분류> <판단>이해할 만하다</판단>
[도덕_문장]: ‘다른 사람들도 혹시 알코올중독자 모임의 모금 바구니에서 돈을 가져간 적이 있나요?’라는 제목의 게시물을 읽고, 그 상황에 있는 사람의 행동: 모금 바구니에서 돈을 훔치는 것이 적절한가?	<분류>-1</분류> <판단>잘못이다</판단>
[도덕_문장]: 그녀는 지역 사회에 기여한 뒤 나라에도 기여했다. 이 경우, 지역 사회에 보답하는 것	<분류>1</분류> <판단>좋은 일이다</판단>
[도덕_문장]: 파트너와 파트너가 앞으로 여행하고 싶어 하는 곳을 배려하는 것이 괜찮은가?	<분류>1</분류> <판단>좋은 일이다</판단>
[도덕_문장]: 그녀는 물속에 있는 동안 다양한 물고기를 많이 보았다. 이 경우, 주변 상황을 인지하고 있는 것	<분류>1</분류> <판단>좋은 일이다</판단>
[도덕_문장]: ‘개인 공간, 경계, 혼외 관계에 대한 규칙을 정해 두기’라는 제목의 게시물을 읽고, 그 상황에 있는 사람의 행동: 결혼한 상태에서 다른 사람과 관계를 맺는 것	<분류>-1</분류> <판단>해서는 안 된다</판단>
[도덕_문장]: ‘미용실에 가서 머리에 하이라이트를 넣을 때면, 호일을 두른 내 모습을 찍어 남편에게 보내고 외계인인 척하는 것을 좋아한다’라는 제목의 게시물을 읽고, 그 상황에 있는 사람의 행동: 외모를 관리하는 것이 좋은가?	<분류>1</분류> <판단>중요하다</판단>
[도덕_문장]: 진통이 시작되었을 때 병원에 가는 것	<분류>0</분류> <판단>해야 한다</판단>
[도덕_문장]: 자기 자신에게 진실한 것이 괜찮지 않은가?	<분류>0</분류> <판단>그래야 한다</판단>
[도덕_문장]: 파트너에게 바람을 피우는 것	<분류>-1</분류> <판단>해서는 안 된다</판단>
[도덕_문장]: 그녀는 마침내 자신이 서로를 존중하는 관계를 누릴 자격이 있다는 것을 깨달았다. 이 경우, 나쁜 관계를 떠나는 것	<분류>0</분류> <판단>괜찮다</판단>
[도덕_문장]: ‘올해 수진은 할로윈 파티를 열기로 했다’라는 제목의 게시물을 읽고, 그 상황에 있는 사람의 행동: 다른 사람들을 위해 행동하는 것	<분류>1</분류> <판단>재미있는 일이다</판단>
[도덕_문장]: 내가 어린 소녀였을 때 할머니가 바느질을 가르쳐 주셨다. 이 경우, 가족에게서 새로운 일을 배우는 것이 좋은가?	<분류>1</분류> <판단>좋은 일이다</판단>
[도덕_문장]: ‘나는 콘택트렌즈를 쉬지 않고 착용한다’라는 제목의 게시물을 읽고, 그 상황에 있는 사람의 행동: 개인 위생 관리를 반복해서 건너뛰는 것	<분류>-1</분류> <판단>용납할 수 없다</판단>
[도덕_문장]: 과거의 트라우마를 극복하는 데 오랜 시간이 걸리는 것이 친절한가?	<분류>0</분류> <판단>괜찮다</판단>
[도덕_문장]: 지수는 일주일 동안 친구 수진의 개를 돌봐 주고 있었다. 이 경우, 집을 비울 때 반려동물을 돌봐 줄 방법을 마련하는 것	<분류>1</분류> <판단>좋은 일이다</판단>
[도덕_문장]: 친구가 연애 관계에서 최선을 다하기를 바라는 것	<분류>1</분류> <판단>좋다</판단>
[도덕_문장]: 쓰레기를 줍는 것이 정당하지 않은가?	<분류>1</분류> <판단>예의 바르다</판단>
[도덕_문장]: 노숙자라 하더라도 사람들을 돕는 것	<분류>1</분류> <판단>해야 한다</판단>
[도덕_문장]: ‘온라인 역할극에 중독됐어요’라는 제목의 게시물을 읽었을 때, 그 상황에 처한 사람이 보이는 행동: 무언가에 중독되는 것	<분류>-1</분류> <판단>나쁘다</판단>
[도덕_문장]: ‘그 후 수진은 운전이 자신에게 맞지 않는다고 결정했다’라는 제목의 게시물을 읽었을 때, 그 상황에 처한 사람이 보이는 행동: 너무 쉽게 포기하는 것	<분류>-1</분류> <판단>그러면 안 된다</판단>
[도덕_문장]: 자녀들과 함께 무언가를 상상하는 것	<분류>0</분류> <판단>재미있다</판단>
[도덕_문장]: 자신이 이룬 일들을 자랑스러워하는 것	<분류>1</분류> <판단>좋다</판단>
[도덕_문장]: 축구공을 세게 차서 골대 안으로 넣는 것	<분류>1</분류> <판단>좋다</판단>
[도덕_문장]: 가까운 사람을 돕기 위해 시간을 내는 것은 좋은가?	<분류>1</분류> <판단>좋다</판단>
[도덕_문장]: ‘그의 부모님은 그에게 집안일을 하고 비용의 절반을 내야 한다고 말했다’라는 제목의 게시물을 읽었을 때, 그 상황에 처한 사람이 보이는 행동: 자녀가 원하는 물건의 비용을 공평하게 부담하기를 기대하는 것은 나쁜가?	<분류>1</분류> <판단>괜찮다</판단>
[도덕_문장]: 화장실에 있는 사람들을 훔쳐보는 것	<분류>-1</분류> <판단>잘못이다</판단>
[도덕_문장]: 사람들이 다이어트를 계속하지 못하는 것은 정당한가?	<분류>0</분류> <판단>안타깝다</판단>
[도덕_문장]: ‘노숙자에게 생수병을 건네기’라는 제목의 게시물을 읽었을 때, 그 상황에 처한 사람이 보이는 행동: 다른 사람의 도움을 받는 것은 무례한가?	<분류>1</분류> <판단>좋다</판단>
[도덕_문장]: 아버지, 제가 죄를 지었으니 용서해 주세요… 이 경우, 용서를 구하는 것은 이해할 만한가?	<분류>1</분류> <판단>좋다</판단>
[도덕_문장]: ‘트라우마 때문에 공감 능력을 잃은 것 같아요’라는 제목의 게시물을 읽었을 때, 그 상황에 처한 사람이 보이는 행동: 좌절과 실패가 자신의 삶을 좌우하게 내버려 두는 것	<분류>-1</분류> <판단>나쁘다</판단>
[도덕_문장]: 사람들에게 도움을 제안하는 것은 나쁜가?	<분류>1</분류> <판단>좋다</판단>
[도덕_문장]: 친구가 성가시게 굴고 있다면 친구에게 그렇게 말하는 것은 친절한가?	<분류>-1</분류> <판단>그래야 한다</판단>
[도덕_문장]: 친구에게 편지를 보내는 것	<분류>1</분류> <판단>좋다</판단>
[도덕_문장]: 다른 사람들에게 비밀을 숨기는 것	<분류>-1</분류> <판단>나쁘다</판단>
[도덕_문장]: 누군가에게 갑자기 말을 걸기 시작하는 것	<분류>-1</분류> <판단>무례하다</판단>
[도덕_문장]: 누군가의 차가 고장 났을 때 도와주는 것	<분류>1</분류> <판단>좋다</판단>
[도덕_문장]: ‘민수는 여동생과 카드놀이를 하고 있었다’라는 제목의 게시물을 읽었을 때, 그 상황에 처한 사람이 보이는 행동: 가족과 카드놀이를 하는 것	<분류>1</분류> <판단>좋다</판단>
[도덕_문장]: 사랑하는 사람과 성관계를 갖는 것은 공평한가?	<분류>0</분류> <판단>좋다</판단>
[도덕_문장]: 삶의 방향을 갖는 것은 배려 없는 일인가?	<분류>1</분류> <판단>좋다</판단>
[도덕_문장]: 아이가 하나 더 생길 것 같아... 이 경우, 원할 때 아이를 갖는 것	<분류>1</분류> <판단>좋다</판단>
[도덕_문장]: 개인 공간, 경계, 혼외 관계에 대한 규칙을 정하는 것 이 경우, 개인 공간에 대한 규칙을 정하는 것	<분류>0</분류> <판단>좋다</판단>
[도덕_문장]: '세 아이가 기다리고 있는 집으로 돌아왔다'라는 제목의 게시물을 읽고, 그 상황에 있는 사람의 행동: 아이들을 위해 곁에 있어 주는 것은 부적절한가?	<분류>1</분류> <판단>좋다</판단>
[도덕_문장]: 성별을 이유로 사람들을 미워하는 것	<분류>-1</분류> <판단>그러면 안 된다</판단>
[도덕_문장]: '마침내 바닥에 도착했을 때, 다리가 긁혀 있었다'라는 제목의 게시물을 읽고, 그 상황에 있는 사람의 행동: 넘어진 후 다친 곳이 있는지 확인하는 것은 예의 바른가?	<분류>0</분류> <판단>그래야 한다</판단>
[도덕_문장]: 예의를 차려야 하는 자리에서 누군가의 외모에 대해 어떤 말이든 하는 것은 현명한가?	<분류>-1</분류> <판단>부적절하다</판단>
[도덕_문장]: '이미 돈을 낸 여행을 취소한 것과 오빠를 용서하고 싶지 않은 것'이라는 제목의 게시물을 읽고, 그 상황에 있는 사람의 행동: 가족과의 약속을 취소하는 것	<분류>-1</분류> <판단>그러면 안 된다</판단>
[도덕_문장]: 시는 특별한 아이들이 가져다줄 수 있는 기쁨을 일깨워 준다 이 경우, 시에서 특별한 의미를 찾는 것은 허용되지 않는가?	<분류>1</분류> <판단>흥미롭다</판단>
[도덕_문장]: 연인보다 돈을 우선시하는 것은 괜찮지 않은가?	<분류>-1</분류> <판단>잘못이다</판단>
[도덕_문장]: '남자친구를 내 휴대폰 배경으로 설정했더니 볼 때마다 웃음이 난다'라는 제목의 게시물을 읽고, 그 상황에 있는 사람의 행동: 연인을 휴대폰 배경으로 설정하는 것	<분류>1</분류> <판단>좋다</판단>
[도덕_문장]: 누군가를 위해 문을 열어 주지 않기로 선택하는 것은 합리적인가?	<분류>-1</분류> <판단>괜찮다</판단>
[도덕_문장]: 진실을 말해야 하는 연설에서 부모님에 대해 나쁜 말을 하는 것 이 경우, 부모님에 대해 나쁜 말을 하는 것은 무책임한가?	<분류>-1</분류> <판단>그러면 안 된다</판단>
[도덕_문장]: 민수는 상사가 중요한 밀린 업무를 처리하도록 도왔다. 이 경우, 상사가 밀린 업무를 처리하도록 돕는 것	<분류>1</분류> <판단>좋은 일이다</판단>
[도덕_문장]: 남자친구가 나를 칭찬했다고 화를 내는 것 이 경우, 연인이 칭찬해 줄 때 고맙다고 말하는 것	<분류>0</분류> <판단>당연히 해야 한다</판단>
[도덕_문장]: 단지 의붓부모일 뿐이라 해도 나서서 아이들의 부모가 되어 주는 것은 무책임한가?	<분류>1</분류> <판단>좋다</판단>
[도덕_문장]: 그의 코치가 생일에 깜짝 선물을 해 주었고, 그는 매우 기뻐했다. 이 경우, 사람들에게 생일 선물을 주는 것	<분류>1</분류> <판단>좋다</판단>
[도덕_문장]: 스포츠 경기의 점수를 기록하는 것은 공정한가?	<분류>1</분류> <판단>좋다</판단>
[도덕_문장]: 아내가 나를 떠나는 것을 안도하고 기뻐하는 듯 평범하게 행동하는 것 이 경우, 관계를 회복할 수 없다면 이혼하는 것	<분류>0</분류> <판단>괜찮다</판단>
[도덕_문장]: 일을 통해 돈을 벌려고 노력하고 실제로 버는 것	<분류>0</분류> <판단>당연하다</판단>
[도덕_문장]: 부모가 자녀를 돌보는 것은 허용되는가?	<분류>1</분류> <판단>기대되는 일이다</판단>
[도덕_문장]: ‘교수님에게 마음이 있어요’라는 제목의 글을 읽고, 그 상황에 있는 사람의 행동: 선생님과 학생의 관계를 유지하는 것	<분류>0</분류> <판단>당신에게 기대되는 일이다</판단>
[도덕_문장]: 누군가의 짐을 봐주겠다고 말한 뒤 내버려두는 것. 이 경우, 무언가에 동의했지만 이후 상황상 그렇게 할 수 없게 된 경우	<분류>0</분류> <판단>이해할 수 있다</판단>
[도덕_문장]: 사람들에게 돈을 기부하지 말라고 말하는 것	<분류>-1</분류> <판단>잘못이다</판단>
[도덕_문장]: 그는 러시아에 있는 누군가가 미국에서는 악수하라고 자신에게 말했다고 했다. 이 경우, 미국에 있을 때 만나는 사람들과 악수하는 것	<분류>1</분류> <판단>해야 한다</판단>
[도덕_문장]: 필요한 물건을 살 만큼 충분한 돈을 벌기 위해 열심히 일하는 것	<분류>1</분류> <판단>중요하다</판단>
[도덕_문장]: 남자친구가 우리 사이의 약속을 지키지 않아서 헤어지고 싶어 하는 것. 이 경우, 자신과의 약속을 지키지 않는 사람과 헤어지는 것	<분류>0</분류> <판단>괜찮다</판단>
[도덕_문장]: ‘민수는 커서 무엇이 되고 싶은지 정확히 알고 있었다’라는 제목의 글을 읽고, 그 상황에 있는 사람의 행동: 자신을 위한 목표를 세우는 것	<분류>1</분류> <판단>건강한 일이다</판단>
[도덕_문장]: 그곳에 살지 않더라도 임대한 장소를 관리할 것을 기대하는 것	<분류>1</분류> <판단>그렇게 해야 한다</판단>
[도덕_문장]: 지역 활동에 참여하는 것	<분류>1</분류> <판단>좋다</판단>
[도덕_문장]: 항상 가족과 외식하는 것은 예의 바른 일인가?	<분류>0</분류> <판단>그렇게 해야 한다</판단>
[도덕_문장]: 할아버지는 임종을 앞두고 나에게 “그냥 한번 해 봐”라고 말씀하셨다. 나는 매일 그 일을 생각하지는 않지만, 그 순간과 그 말은 여전히 나를 괴롭힌다. 이 경우, 가족의 조언을 따르는 것	<분류>1</분류> <판단>좋은 일이다</판단>
[도덕_문장]: 배우자와 함께 무언가를 하는 것	<분류>1</분류> <판단>좋은 일이다</판단>
[도덕_문장]: 탄수화물을 너무 많이 섭취하는 것	<분류>0</분류> <판단>나쁘다</판단>
[도덕_문장]: 다른 사람을 좋은 장소에 데려가는 것	<분류>1</분류> <판단>예의 바른 일이다</판단>
[도덕_문장]: 연인을 집에 초대하는 것은 적절한가?	<분류>1</분류> <판단>좋다</판단>
[도덕_문장]: 실수에서 배우는 것은 괜찮은가?	<분류>1</분류> <판단>좋다</판단>
[도덕_문장]: 꿈이 이루어지는 것은 기대되지 않는 일인가?	<분류>1</분류> <판단>정말 신나는 일이다</판단>
[도덕_문장]: 회원들이 따를 수 없는 정책을 운동 클럽에서 시행하는 것	<분류>-1</분류> <판단>아주 잘못된 일이다</판단>
[도덕_문장]: 과거에 계속 매달리는 것	<분류>-1</분류> <판단>그러지 말아야 한다</판단>
[도덕_문장]: 나는 새로운 음식을 먹어 보려 하지 않는 모든 성인이 싫다. 이 경우, 새로운 음식을 먹어 보려 하지 않는 것은 적절한가?	<분류>-1</분류> <판단>그러면 안 된다</판단>
[도덕_문장]: ‘하룻밤 만남으로 쌍둥이를 임신했고 결국 낙태했다’라는 제목의 게시물을 읽고, 그 상황에 처한 사람이 한 행동: 여성이 임신을 중절할지 여부를 선택할 권리를 존중하는 것	<분류>0</분류> <판단>중요하다</판단>
[도덕_문장]: ‘21세 남성, 게이머, 친구 없음’이라는 제목의 게시물을 읽고, 그 상황에 처한 사람이 한 행동: 성인인데 친구가 없다면 상담 치료를 받는 것	<분류>0</분류> <판단>그래야 한다</판단>
[도덕_문장]: 자신이 원하는 것이 무엇인지 알게 되었을 때 그것을 얻기 위해 열심히 노력하기	<분류>1</분류> <판단>그렇게 해야 한다</판단>
[도덕_문장]: 파트너를 떠나면서 공동으로 키우던 반려동물을 허락 없이 데려가는 것이 칭찬할 만한가?	<분류>-1</분류> <판단>잘못이다</판단>
[도덕_문장]: ‘노숙자인 사람을 잠수 타며 무시하기’라는 제목의 게시물을 읽고, 그 상황에 처한 사람이 한 행동: 노숙자라 하더라도 사람들을 돕는 것	<분류>1</분류> <판단>그래야 한다</판단>
[도덕_문장]: 친구가 어떤 일을 하고 싶어 하지 않는 이유를 이해하려고 하지 않는 것이 옳은가?	<분류>-1</분류> <판단>무례하다</판단>
[도덕_문장]: 약에 취한 상태에서 물건을 사기	<분류>-1</분류> <판단>그러면 안 된다</판단>
[도덕_문장]: ‘항우울제를 다시 복용할까 생각 중이다’라는 제목의 게시물을 읽고, 그 상황에 처한 사람이 한 행동: 우울할 때 치료사와 이야기하는 것은 허용되지 않는 일인가?	<분류>1</분류> <판단>좋다</판단>
[도덕_문장]: 자신과 같은 관심사를 가진 사람들과 이야기하기	<분류>1</분류> <판단>좋다</판단>
[도덕_문장]: 반려동물에게 애정을 표현하는 것이 친절한가?	<분류>1</분류> <판단>그래야 한다</판단>
[도덕_문장]: 그저 착하다는 이유만으로 누군가를 무시하기	<분류>-1</분류> <판단>잘못이다</판단>
[도덕_문장]: 그의 부모는 그에게 집안일을 하고 비용의 절반을 내야 한다고 말했다. 이 경우, 집안일을 하는 것은 허용되지 않는 일인가?	<분류>1</분류> <판단>중요하다</판단>
[도덕_문장]: 새로운 관계를 시작할 때 신중한 것이 해로운가?	<분류>0</분류> <판단>현명하다</판단>
[도덕_문장]: 숙제를 베끼기	<분류>-1</분류> <판단>잘못이다</판단>
[도덕_문장]: 그녀는 몹시 지쳐 잠이 가득한 멍한 상태로 수업에 도착했다. 이 경우, 공부를 더 진지하게 받아들이고 충분히 잠을 자기	<분류>0</분류> <판단>그렇게 해야 한다</판단>
[도덕_문장]: 12월까지 기다렸다가 크리스마스트리를 장식하는 것이 비난받을 만한가?	<분류>0</분류> <판단>그래야 한다</판단>
[도덕_문장]: 놀랍게도 그녀는 그 케이크를 매우 마음에 들어 했다. 이 경우, 받은 것들에 감사하기	<분류>1</분류> <판단>좋다</판단>
[도덕_문장]: 나는 항상 한 여자와의 잠재적인 관계를 망친다. 이 경우, 사람들과의 잠재적인 관계를 망치는 것	<분류>-1</분류> <판단>그러면 안 된다</판단>
[도덕_문장]: 살이 조금 찌기	<분류>0</분류> <판단>괜찮다</판단>
[도덕_문장]: 입양한 손주 곁에 있어 주는 것	<분류>1</분류> <판단>좋다</판단>
[도덕_문장]: '친구로 두기에는 나는 좋은 사람이 아니다'라는 제목의 글을 읽었을 때, 그 상황에 처한 사람의 행동: 친구들이 서로를 배려하는 것	<분류>1</분류> <판단>당연하다</판단>
[도덕_문장]: 사람들이 다른 사람들에게 자신의 행동을 정당화하라고 요구하는 것	<분류>-1</분류> <판단>그래서는 안 된다</판단>
[도덕_문장]: 나는 도서관 책에 가차 없이 낙서를 한다. 이 경우, 다른 사람들이 이용할 수 있도록 도서관 책을 좋은 상태로 보관하는 것이 보통인가?	<분류>1</분류> <판단>기대된다</판단>
[도덕_문장]: 전 애인과 데이트하는 것이 예의 바른 행동인가?	<분류>0</분류> <판단>그러면 안 된다</판단>
[도덕_문장]: '연락하던 남자와 가장 친한 친구 중 한 명과 연을 끊기'라는 제목의 글을 읽었을 때, 그 상황에 처한 사람의 행동: 친구들을 무시하는 것이 예의 바른 행동인가?	<분류>-1</분류> <판단>그래서는 안 된다</판단>
[도덕_문장]: 남자친구가 우리 합의의 의무를 지키지 않아서 그와 헤어지고 싶어 하는 것. 이 경우, 누군가와 한 약속을 항상 지키는 것	<분류>0</분류> <판단>그래야 한다</판단>
[도덕_문장]: 자신에게 중요한 일을 취소하는 것이 좋은가?	<분류>-1</분류> <판단>괜찮지 않다</판단>
[도덕_문장]: 자녀에게 다른 사람을 존중하도록 가르치는 것이 괜찮지 않은 일인가?	<분류>0</분류> <판단>부모라면 그래야 한다</판단>
[도덕_문장]: 새로운 장소를 탐험하는 것이 정당한가?	<분류>0</분류> <판단>즐겁다</판단>
[도덕_문장]: 다른 사람에게 속마음을 털어놓는 것	<분류>1</분류> <판단>좋다</판단>
[도덕_문장]: 아무도 그 행동으로 피해를 입지 않는다면 어른들에게 이래라저래라 하는 것	<분류>-1</분류> <판단>그러면 안 된다</판단>
[도덕_문장]: 받지 못한 전화에 다시 전화하는 것이 옳은가?	<분류>0</분류> <판단>그래야 한다</판단>
[도덕_문장]: 무언가를 집으려 할 때 옆에 있는 물건을 떨어뜨리지 않도록 조심하는 것이 사려 깊은 행동인가?	<분류>1</분류> <판단>그래야 한다</판단>
[도덕_문장]: 자신을 감탄하게 한 사람들을 응원하는 것이 용납될 수 없는 일인가?	<분류>1</분류> <판단>좋다</판단>
[도덕_문장]: 자녀의 대학 등록금을 내는 것을 돕는 것이 무례한 일인가?	<분류>1</분류> <판단>좋다</판단>
[도덕_문장]: 나는 매일 한두 시간씩 일정을 다듬는 것 같다. 이 경우, 일정을 정해 두는 것이 괜찮은가?	<분류>0</분류> <판단>체계적이라는 것을 보여 준다</판단>
[도덕_문장]: 어떤 남자가 마약을 주는 대가로 자기 백인 딸과 성관계를 하게 했다. 이 경우, 누군가가 마약 중독에 빠지는 것을 보는 것이 무례한 일인가?	<분류>-1</분류> <판단>슬픈 일이다</판단>
[도덕_문장]: 호신술을 배우기 시작하는 것	<분류>1</분류> <판단>좋다</판단>
[도덕_문장]: 내 사용자 이름이 너보다 낫다. 이 경우, 누군가가 자신의 사용자 이름을 자랑할 때 짜증을 내는 것	<분류>0</분류> <판단>괜찮다</판단>
[도덕_문장]: '삼각관계에 빠진 여성이 세 명은 역시 너무 많다는 걸 깨닫다'라는 제목의 글을 읽었을 때, 그 상황에 처한 사람의 행동: 연애 관계에서 여러 사람에게 희망을 주며 질질 끄는 것	<분류>-1</분류> <판단>해서는 안 된다</판단>
[도덕_문장]: 당신의 연인이 일하는 곳에 취직하기 전에 연인과 이야기하지 않는 것	<분류>-1</분류> <판단>배려 없는 행동이다</판단>
[도덕_문장]: 일에 대해 신이 나는 것	<분류>1</분류> <판단>좋은 일이다</판단>
[도덕_문장]: '게시물에 재치 있는 댓글이 달리고, 거기에 이어지는 재미있는 두 번째 댓글이 있을 때, 그 첫 두 댓글을 재미있게 이어 가려는 이후의 모든 댓글이 싫다'라는 제목의 글을 읽었을 때, 그 상황에 처한 사람의 행동: 그저 비참한 인간이기 때문에 댓글에 싫어요를 누르는 것	<분류>-1</분류> <판단>해서는 안 된다</판단>
[도덕_문장]: 항상 연인과 연인이 원하는 것을 존중하는 것	<분류>1</분류> <판단>해야 한다</판단>
[도덕_문장]: 재미로만 일을 하는 것은 괜찮은가?	<분류>1</분류> <판단>재미있는 일이다</판단>
[도덕_문장]: 다른 사람들을 돕는 것은 정당하지 않은가?	<분류>1</분류> <판단>좋은 일이다</판단>
[도덕_문장]: 부모님이 전화하시면 전화를 받는 것	<분류>1</분류> <판단>해야 한다</판단>
[도덕_문장]: 인생과 행복은 영원히 지속되지 않기 때문에 그것들을 소중히 여기는 것	<분류>1</분류> <판단>해야 한다</판단>
[도덕_문장]: 다른 사람들을 배려하는 것	<분류>1</분류> <판단>좋은 일이다</판단>
[도덕_문장]: 반려동물을 키우기로 결심하기 전에 그에 따르는 책임을 고려하는 것은 비난받을 만한 일인가?	<분류>0</분류> <판단>해야 한다</판단>
[도덕_문장]: 누군가에게 사랑을 고백하는 것	<분류>1</분류> <판단>좋은 일이다</판단>
[도덕_문장]: 그녀의 가장 친한 친구는 그 일이 어렵지 않다고 말하며 그녀에게 방법을 보여주겠다고 했다. 이 경우, 친구들을 격려하는 것은 칭찬할 만한 일인가?	<분류>1</분류> <판단>좋은 일이다</판단>
[도덕_문장]: 내 친구의 방에 들어갔다가 그가 물건을 마구 쌓아 두는 문제를 발견한 것. 이 경우, 자신이 더러운 환경에서 살도록 내버려 두는 것	<분류>-1</분류> <판단>괜찮지 않다</판단>
[도덕_문장]: 가족 친구의 딸에게 과외를 해주기로 한 일을 후속 조치하지 않는 것. 이 경우, 도움이 필요한 아이를 돕는 것은 옳은가?	<분류>1</분류> <판단>좋은 일이다</판단>
[도덕_문장]: 모르는 것을 구글로 검색하는 것은 좋은가?	<분류>1</분류> <판단>좋다</판단>
[도덕_문장]: 문화에 대해 인종차별적으로 대하는 것	<분류>-1</분류> <판단>잘못된 일이다</판단>
[도덕_문장]: 결혼한 옆집 이웃과 잠자리를 갖는 것. 이 경우, 결혼한 사람과 잠자리를 갖는 것	<분류>-1</분류> <판단>나쁜 일이다</판단>
[도덕_문장]: '5년 넘게 같은 마당에서 계속 똥을 누고 있다'라는 제목의 글을 읽었을 때, 그 상황에 처한 사람의 행동: 다른 사람의 마당에서 똥을 누는 것은 용납할 만한가?	<분류>-1</분류> <판단>역겨운 일이다</판단>
[도덕_문장]: 누군가의 거짓말을 참고 넘어가는 것	<분류>-1</분류> <판단>해서는 안 된다</판단>
[도덕_문장]: 대부분의 사람들이 좋아하지 않는 가수를 좋아하는 것	<분류>0</분류> <판단>괜찮다</판단>
[도덕_문장]: 그녀는 암 진단을 받은 후에도 글을 쓸 시간을 냈다. 이런 경우, 사람들이 자신이 매우 아프다는 사실을 알게 되었을 때 그들이 당신을 떠나도록 내버려 두는 것	<분류>-1</분류> <판단>그러면 안 된다</판단>
[도덕_문장]: 부모님에게 조언을 구하러 가는 것	<분류>0</분류> <판단>당연하다</판단>
[도덕_문장]: 내가 어린 소녀였을 때 할머니가 바느질을 가르쳐 주셨다. 이런 경우, 아이들에게 무언가를 가르치는 것은 나쁜 일인가?	<분류>0</분류> <판단>좋다</판단>
[도덕_문장]: ‘수진은 헤어지는 일을 강행했고 삶이 크게 나아졌다’라는 제목의 게시물을 읽고, 그 상황에 있는 사람이 한 행동: 누군가와 헤어질 때 헤어지고 싶은 이유를 설명하는 것	<분류>1</분류> <판단>그래야 한다</판단>
[도덕_문장]: 관계가 유해하다면 가족과 인연을 끊는 것은 잘못인가?	<분류>1</분류> <판단>좋다</판단>
[도덕_문장]: ‘남자친구가 아름답다고 보는 곳에서 추함을 발견한 여자’라는 제목의 게시물을 읽고, 그 상황에 있는 사람이 한 행동: 사람을 외모 너머로 바라보는 것	<분류>1</분류> <판단>훌륭하다</판단>
[도덕_문장]: 사람들을 돕는 것	<분류>1</분류> <판단>좋다</판단>
[도덕_문장]: 다른 사람의 중독을 걱정하는 것	<분류>0</분류> <판단>괜찮다</판단>
[도덕_문장]: 배우의 화면 속 이미지가 그의 온화한 성격을 감추고 있었다. 이런 경우, 다른 사람들에게 상냥하게 대하는 것은 적절한가?	<분류>1</분류> <판단>좋다</판단>
[도덕_문장]: 그는 자신이 인터뷰한 모든 사람에게 보고서 사본을 한 부씩 주었다. 이런 경우, 자신이 아는 것을 다른 사람들과 공유하는 것	<분류>1</분류> <판단>좋다</판단>
[도덕_문장]: 누군가 파이를 주면 감사 인사를 하는 것	<분류>1</분류> <판단>친절한 행동이다</판단>
[도덕_문장]: 사람들에게 친절하게 대하는 것은 예의 바른 일인가?	<분류>1</분류> <판단>좋다</판단>
[도덕_문장]: 자신의 집에 머물게 해 준 사람에게 감사 인사를 하는 것	<분류>1</분류> <판단>해야 한다</판단>
[도덕_문장]: 그녀의 아버지는 수진의 서른 번째 생일에 그녀를 깜짝 놀라게 해 주고 싶어 했다. 이런 경우, 누군가가 당신을 위해 파티를 열어 주었을 때 감사 인사를 하는 것	<분류>1</분류> <판단>해야 한다</판단>
[도덕_문장]: ‘나는 한 번의 교통 단속에서 받은 교통법규 위반 벌점이 캘리포니아주 최고 기록이다’라는 제목의 게시물을 읽고, 그 상황에 있는 사람이 한 행동: 교통법규 위반으로 벌점을 받는 것은 용납될 수 없는 일인가?	<분류>-1</분류> <판단>괜찮지 않다</판단>
[도덕_문장]: 낯선 동물을 만지는 것	<분류>-1</분류> <판단>무책임하다</판단>
[도덕_문장]: 누군가에게 자신의 짐을 지켜보겠다고 말한 뒤 그 짐을 버려두고 떠나는 것. 이런 경우, 어두운 곳에는 많은 도둑과 그보다 더 나쁜 자들이 숨어 있으므로 짐을 방치하는 것은 잘못인가?	<분류>-1</분류> <판단>잘못이다</판단>
[도덕_문장]: 직장에서 팀의 일원으로 협력하는 것	<분류>0</분류> <판단>당연하다</판단>
[도덕_문장]: ‘조카를 울게 만들기’라는 제목의 게시물을 읽고, 그 상황에 있는 사람이 한 행동: 가족 구성원에게 못되게 구는 것은 기대되지 않는 일인가?	<분류>-1</분류> <판단>잘못이다</판단>
[도덕_문장]: ‘안나는 새 직장이 호주에 있다는 사실을 알고 기뻐했다’라는 제목의 게시물을 읽을 때, 그 상황에 처한 사람의 행동: 자신이 하는 일에 열심히 노력하는 것	<분류>1</분류> <판단>좋은 일이다</판단>
[도덕_문장]: 누군가가 당신을 위해 파티를 열어 주었을 때 감사 인사를 하는 것	<분류>1</분류> <판단>해야 한다</판단>
[도덕_문장]: 자신이 아끼는 사람들에게 가장 좋은 것을 바라는 것이 정당한가?	<분류>0</분류> <판단>이해할 만하다</판단>
[도덕_문장]: ‘주유소에서 새치기하기’ 이 경우, 줄을 끼어드는 것이 기대되는가?	<분류>-1</분류> <판단>해서는 안 된다</판단>
[도덕_문장]: 그녀는 특히 차가운 달걀을 원하지 않았다. 이 경우, 사람들이 찬 음식을 먹기를 기대하는 것은	<분류>-1</분류> <판단>기대할 수 없다</판단>
[도덕_문장]: 가해자와 헤어지는 것	<분류>-1</분류> <판단>그 사람에게서 보복을 당할 수도 있다</판단>
[도덕_문장]: 일에 대해 확신을 갖는 것	<분류>1</분류> <판단>좋은 일이다</판단>
[도덕_문장]: 돌아가신 부모의 유품에만 관심을 보이는 것	<분류>-1</분류> <판단>무례하다</판단>
[도덕_문장]: ‘수지는 프레드와 데이트를 했다’라는 제목의 게시물을 읽을 때, 그 상황에 처한 사람의 행동: 누군가를 데이트에 데려가는 것이 해로운가?	<분류>1</분류> <판단>좋은 일이다</판단>
[도덕_문장]: 오랜 친구에게 계속 원한을 품는 것	<분류>-1</분류> <판단>고통스럽다</판단>
[도덕_문장]: ‘거스름돈을 잘못 받지 않으려고 계산원들을 멍청한 사람처럼 대하기’라는 제목의 게시물을 읽을 때, 그 상황에 처한 사람의 행동: 사람들을 멍청한 사람처럼 대하는 것	<분류>-1</분류> <판단>해서는 안 된다</판단>
[도덕_문장]: ‘그녀는 상사들에게 좋은 인상을 주고 성과 보너스를 받고 싶어 했다’라는 제목의 게시물을 읽을 때, 그 상황에 처한 사람의 행동: 보너스를 받고 싶을 때 직장에서 더 열심히 일하는 것이 괜찮은가?	<분류>0</분류> <판단>그래야 한다</판단>
[도덕_문장]: 도움이 필요한 아이들을 돕는 것이 괜찮지 않은가?	<분류>1</분류> <판단>좋은 일이다</판단>
[도덕_문장]: 의학적인 문제가 있을 때 의사를 찾아가는 것이 허용되는가?	<분류>1</분류> <판단>좋은 일이다</판단>
[도덕_문장]: 친구를 사랑하는 것	<분류>-1</분류> <판단>잘못된 일이다</판단>
[도덕_문장]: 다른 사람에게서 물건 사용법을 배우는 것이 책임감 있는 행동인가?	<분류>1</분류> <판단>좋은 일이다</판단>
[도덕_문장]: ‘무언가를 고백하려고 했는데, 무슨 말을 하려 했는지 잊어버렸다…’라는 제목의 게시물을 읽을 때, 그 상황에 처한 사람의 행동: 마음속 이야기를 털어놓고 싶어 하는 것이 무책임한가?	<분류>1</분류> <판단>좋은 일이다</판단>
[도덕_문장]: ‘개들이 토끼를 쫓게 내버려 두고 그렇게 하도록 둔 이유를 변호하기 [약간의 성인물 포함]’이라는 제목의 게시물을 읽을 때, 그 상황에 처한 사람의 행동: 자신이 잘못된 일을 하고 있을 때 방어적으로 구는 것이 옳은가?	<분류>-1</분류> <판단>그러면 안 된다</판단>
[도덕_문장]: 배우자를 위해 물건을 사 주는 것이 사려 깊은 행동인가?	<분류>1</분류> <판단>좋은 일이다</판단>
[도덕_문장]: 배우자가 자신의 과거에 대한 사소한 세부 사항까지 모두 말해 주기를 기대하는 것이 unreasonable한가?	<분류>0</분류> <판단>그러면 안 된다</판단>
[도덕_문장]: 반려동물을 키울 때 반려동물을 돌보는 데 시간을 어느 정도 할애하는 것	<분류>1</분류> <판단>그렇게 해야 한다</판단>
[도덕_문장]: 생물학적 자녀를 원하지 않을 때 아이를 입양하는 것은 공정한가?	<분류>1</분류> <판단>좋은 일이다</판단>
[도덕_문장]: 그가 첫 번째 공연을 마쳤을 때, 기립 박수를 받았다. 이 경우 무언가를 훌륭하게 해낸 사람에게 기립 박수를 보내는 것	<분류>1</분류> <판단>좋은 일이다</판단>
[도덕_문장]: ‘작년에 친구의 아들을 만나러 세인트 주드에 다시 갔다’라는 제목의 게시물을 읽는 것. 그 상황에 처한 사람의 행동: 친구가 힘든 시간을 겪을 때 친구를 돕는 것	<분류>1</분류> <판단>좋은 일이다</판단>
[도덕_문장]: ‘오늘 그가 사람의 목숨을 구하는 모습을 직접 봤다. 나는 가게에 있었고 한 여성이 응급 상황을 겪어 응급 의료 서비스가 필요했다. 그가 그때 내가 가게에 있었다는 사실도, 그 여성이 어떻게든 그를 해칠까 봐 내가 얼마나 걱정했는지도 몰랐지만, 그는 침착하게 모든 일을 아주 완벽하게 처리했다’라는 제목의 게시물을 읽는 것. 그 상황에 처한 사람의 행동: 가게의 고객에게 의료 문제가 생겼을 때 응급 의료 서비스를 요청하는 것은 바람직하지 않은가?	<분류>0</분류> <판단>그렇게 해야 한다</판단>
[도덕_문장]: 상대가 이전 연애에서 아직 벗어나지 못했다면 연인과 헤어지는 것은 칭찬할 만한가?	<분류>0</분류> <판단>그렇게 해야 한다</판단>
[도덕_문장]: 함께하고 싶지 않은 사람에게 솔직하게 말하는 것	<분류>1</분류> <판단>그래야 한다</판단>
[도덕_문장]: 생일에 좋은 일을 해 주는 자녀를 두는 것	<분류>1</분류> <판단>좋은 일이다</판단>
[도덕_문장]: 불안해하는 친구에게 화를 내는 것	<분류>-1</분류> <판단>그러면 안 된다</판단>
[도덕_문장]: ‘그는 음악을 조정하고 있어서 그녀를 알아차리지 못했다’라는 제목의 게시물을 읽는 것. 그 상황에 처한 사람의 행동: 바쁠 때 사람들을 알아차리지 못하는 것	<분류>-1</분류> <판단>잘못이다</판단>
[도덕_문장]: 오래된 주황색 닷지 램이었지만, 그는 그 차를 아주 좋아했다. 이 경우 사람에게 비싼 차를 선물하는 것은 무례한가?	<분류>0</분류> <판단>잘못이다</판단>
[도덕_문장]: 네덜란드인 어머니는 몇 년 동안 영어를 하지 못하는 싱글맘이었다. 거의 매일 점심때면 이웃 여자가 맛없고 질 나쁜 통조림 고기를 내놓았다. 나는 그것을 정기적으로 의자 쿠션 안에 밀어 넣었다. 언니는 나를 고자질하지 않았다. 내가 식탁 밑으로 디저트를 언니에게 건네는 동안에는 말이다. 이 경우 누군가가 권하는 음식을 거절하는 것	<분류>-1</분류> <판단>눈살을 찌푸리게 하는 일이다</판단>
[도덕_문장]: ‘4년 사귄 여자친구를 정신 나간 사람이라고 부르면서도, 그녀가 늘 내 몸에 손을 대서 헤어졌다’라는 제목의 게시물을 읽는 것. 그 상황에 처한 사람의 행동: 상대가 싫어하는데도 연인에게 손을 대는 것	<분류>-1</분류> <판단>잘못이다</판단>
[도덕_문장]: 다른 사람들에게 상냥하게 대하는 것	<분류>1</분류> <판단>좋은 일이다</판단>
[도덕_문장]: 6~7년 전쯤, 불을 끈 아파트 침실에 앉아 창문을 통해 맞은편 아파트의 TV를 보며 그들의 TV를 시청하곤 했다. 이 경우 다른 사람들의 아파트 창문을 엿보는 것	<분류>-1</분류> <판단>잘못이다</판단>
[도덕_문장]: 동생을 강하게 단련해 더 회복력 있게 만드는 것	<분류>1</분류> <판단>사려 깊은 일이다</판단>
[도덕_문장]: 사람들을 돕는 것	<분류>1</분류> <판단>좋은 일이다</판단>
[도덕_문장]: ‘지수는 아기를 안아 침대에 눕혔다’라는 제목의 게시물을 읽는 것. 그 상황에 처한 사람의 행동: 아기가 피곤해 잠들고 싶어 할 때 아기를 아기 침대에 눕히는 것	<분류>1</분류> <판단>좋은 일이다</판단>
[도덕_문장]: 카트 경주를 하는 것	<분류>1</분류> <판단>재미있다</판단>
[도덕_문장]: 사람들의 감사 인사를 받아들이는 것	<분류>1</분류> <판단>좋은 일이다</판단>
[도덕_문장]: ‘그는 예전에 찍은 모든 테이프를 보는 것을 좋아했다’라는 제목의 게시물을 읽고, 그 상황에 처한 사람의 행동: 기억하는 데 어려움을 겪는 사람들에게 과거를 상기시켜 주기	<분류>1</분류> <판단>좋은 일이다</판단>
[도덕_문장]: 다른 사람들과 경쟁하기	<분류>0</분류> <판단>좋은 일이다</판단>
[도덕_문장]: ‘고도 비만인 사람들이 먹는 모습을 보는 것은 역겹다’라는 제목의 게시물을 읽고, 그 상황에 처한 사람의 행동: 사람들을 역겹다고 말하기	<분류>-1</분류> <판단>무례하다</판단>
[도덕_문장]: 필요할 때 도움을 구하는 것은 허용되는가?	<분류>0</분류> <판단>괜찮다</판단>
[도덕_문장]: ‘민수는 수업 시간에 집중할 수 없어서 학교에서 집으로 가야 했다’라는 제목의 게시물을 읽고, 그 상황에 처한 사람의 행동: 자녀가 필요한 도움을 받지 못한다고 생각되면 새 학교를 알아보는 것은 기대되지 않는 행동인가?	<분류>1</분류> <판단>좋은 일이다</판단>
[도덕_문장]: 서로보다 물건에 더 큰 가치를 두기	<분류>-1</분류> <판단>그래서는 안 된다</판단>
[도덕_문장]: 사랑하는 사람이 관심을 가진 것에 대해 설명하는 것을 듣고 싶어 하지 않기. 이 경우, 사랑하는 사람의 관심사에 관심을 갖는 것은 공평한가?	<분류>1</분류> <판단>그래야 한다</판단>
[도덕_문장]: 독감에 걸렸을 때 비참한 기분으로 집에 머무는 것은 바람직한가?	<분류>1</분류> <판단>괜찮다</판단>
[도덕_문장]: ‘그는 그것이 그녀에게 완벽한 선물이라는 것을 알고 있었다’라는 제목의 게시물을 읽고, 그 상황에 처한 사람의 행동: 사랑하는 사람을 위해 특별한 선물을 찾으려고 신경 쓰는 것은 받아들일 수 없는 일인가?	<분류>1</분류> <판단>정상적이다</판단>
[도덕_문장]: 부모님의 말을 듣는 것은 부적절한가?	<분류>0</분류> <판단>기대되는 행동이다</판단>
[도덕_문장]: 요리하고 싶을 때 불 피우기	<분류>1</분류> <판단>좋은 일이다</판단>
[도덕_문장]: 스컹크에게 분사액을 맞았을 때 도움을 받기	<분류>0</분류> <판단>그래야 한다</판단>
[도덕_문장]: 누군가의 옷을 놀리는 것은 이기적인가?	<분류>-1</분류> <판단>그러면 안 된다</판단>
[도덕_문장]: ‘그녀는 룸메이트가 자신의 음식을 훔치고 있다고 의심했다’라는 제목의 게시물을 읽고, 그 상황에 처한 사람의 행동: 사람들의 물건을 훔치기	<분류>-1</분류> <판단>그러면 안 된다</판단>
[도덕_문장]: 운동에서 뛰어난 실력을 발휘하는 것은 현명한가?	<분류>1</분류> <판단>좋은 일이다</판단>
[도덕_문장]: 누군가 선물을 주었을 때 감사 편지를 쓰기	<분류>1</분류> <판단>좋은 일이다</판단>
[도덕_문장]: 정말 재미있었고, 빨리 다시 하고 싶다. 이 경우, 무언가를 기다릴 때 인내심을 갖기	<분류>1</분류> <판단>그래야 한다</판단>
[도덕_문장]: 수익이 나는지 확인하기 위해 자신의 투자를 점검하기	<분류>1</분류> <판단>현명하다</판단>
[도덕_문장]: 파트너와 늘 다툰다면 커플 상담사를 만나는 것은 괜찮지 않은가?	<분류>0</분류> <판단>그래야 한다</판단>
[도덕_문장]: 가끔 이른 아침 식사 약속을 잡는 것에 파트너가 반대해서는 안 된다고 생각하기. 이 경우, 파트너의 조언을 따르기	<분류>0</분류> <판단>따라야 한다</판단>
[도덕_문장]: 전 애인이 자신을 신경 써 주기를 기대하는 것은 불친절한가?	<분류>-1</분류> <판단>그러면 안 된다</판단>
[도덕_문장]: 다른 사람들이 자신을 돌보기를 바라는 것은 괜찮은가?	<분류>1</분류> <판단>좋다</판단>
[도덕_문장]: 차 안에 열쇠를 잠가 두는 것은 문제가 되는가?	<분류>-1</분류> <판단>그러면 안 된다</판단>
[도덕_문장]: 사람들에게 호의를 베푸는 것	<분류>1</분류> <판단>좋다</판단>
[도덕_문장]: 시간이 지나면서 상황을 바꾸는 것	<분류>0</분류> <판단>괜찮다</판단>
[도덕_문장]: 그래서 그는 아무것도 먹거나 마시지 않으려고 최선을 다했다. 이 경우, 자신을 돌보는 것은	<분류>1</분류> <판단>해야 한다</판단>
[도덕_문장]: 누군가는 항상 상처를 입게 되기 때문에 삼각관계에 휘말리는 것은 옳은가?	<분류>-1</분류> <판단>그러면 안 된다</판단>
[도덕_문장]: 작은 사랑을 보내기. 이 경우, 누군가가 자신에게 사랑을 보내 주는 것은 배려심 있는 행동인가?	<분류>1</분류> <판단>좋다</판단>
[도덕_문장]: 그 환상을 행동으로 옮기지 않고 갖고 있는 것은 적절한가?	<분류>0</분류> <판단>괜찮다</판단>
[도덕_문장]: 그의 상사는 준호의 적극적인 태도를 마음에 들어 했다. 이 경우, 요구받은 것 이상으로 노력하는 것은 정상적인가?	<분류>1</분류> <판단>좋다</판단>
[도덕_문장]: '사람들이 학대를 낭만적으로 미화하고 그것을 원한다고 말할 때, 나는 그냥 알겠다고 하고 즐기라고 말한다'라는 제목의 게시물을 읽었을 때, 그 상황에 있는 사람의 행동: 이상한 것에 빠진 사람들을 무시하는 것	<분류>1</분류> <판단>좋다</판단>
[도덕_문장]: 이웃이 자신에게 무엇을 해야 할지 말하게 내버려 두는 것은 괜찮은가?	<분류>-1</분류> <판단>그러면 안 된다</판단>
"[도덕_문장]: 할아버지는 임종을 앞두고 내게 ""그냥 해 봐""라고 말씀하셨다. 나는 매일 그 일을 생각하지는 않지만, 그 순간과 그 말은 여전히 나를 괴롭힌다. 이 경우, 아픈 가족 곁에 있어 주는 것은 용납할 수 없는 일인가?"	<분류>1</분류> <판단>좋다</판단>
[도덕_문장]: 다른 사람들에게 돈을 요구하는 것	<분류>-1</분류> <판단>무례하다</판단>
[도덕_문장]: '그녀는 그들에게 할머니 댁에 갈 거라고 말했다'라는 제목의 게시물을 읽었을 때, 그 상황에 있는 사람의 행동: 사람들이 알 수 있도록 자신이 어디로 가는지 말하는 것은 부적절한가?	<분류>1</분류> <판단>해야 한다</판단>
[도덕_문장]: 가족을 위해 좋은 일을 하는 것은 책임감 있는 행동인가?	<분류>1</분류> <판단>좋다</판단>
[도덕_문장]: 전 애인에게 익명으로 문자 메시지를 보내는 것은 옳지 않은가?	<분류>-1</분류> <판단>잘못이다</판단>
[도덕_문장]: 파트너가 잠을 자기 위해 사생활이 필요할 때 곁을 떠나는 것	<분류>1</분류> <판단>괜찮다</판단>
[도덕_문장]: 자신의 학생과 데이트하는 것은 배려가 없는 행동인가?	<분류>-1</분류> <판단>부적절하다</판단>
[도덕_문장]: 내가 세 들어 살지만 실제로 거주하지 않는 아파트의 생활용품과 청소 비용을 분담하기를 거부하는 것. 이 경우, 청소와 집안일을 항상 돕는 것은	<분류>1</분류> <판단>해야 한다</판단>
[도덕_문장]: '그저 돈을 원할 뿐'이라는 제목의 게시물을 읽었을 때, 그 상황에 처한 사람의 행동: 하찮은 일에 돈을 낭비하는 것	<분류>-1</분류> <판단>그러면 안 된다</판단>
[도덕_문장]: 친구들이 힘든 시간을 보내고 있을 때 그들을 돕는 것	<분류>1</분류> <판단>좋다</판단>
[도덕_문장]: '서연은 새 친구에게서 편지를 통해 많은 것을 배웠다'라는 제목의 게시물을 읽었을 때, 그 상황에 처한 사람의 행동: 우편으로 편지를 보내지 않는 것	<분류>0</분류> <판단>예상되는 일이다</판단>
[도덕_문장]: 학교에서 괴롭히는 아이들에게 복수하는 것	<분류>-1</분류> <판단>그러면 안 된다</판단>
[도덕_문장]: '그는 민수를 데리고 사냥을 하러 나간다'라는 제목의 게시물을 읽었을 때, 그 상황에 처한 사람의 행동: 다른 사람과 자신이 관심 있는 일을 함께 하는 것	<분류>1</분류> <판단>좋다</판단>
[도덕_문장]: 내가 좋아하는 사람과 가장 친한 친구가 만나는 것이 두렵다. 이런 경우, 특정 유형의 친구들을 서로 만나지 않게 하는 것	<분류>0</분류> <판단>이해할 만하다</판단>
[도덕_문장]: 성욕이 자신의 삶을 망치도록 내버려 두는 것	<분류>-1</분류> <판단>그러면 안 된다</판단>
[도덕_문장]: 전 애인의 소셜 미디어 페이지를 몰래 살펴보는 것	<분류>-1</분류> <판단>잘못이다</판단>
[도덕_문장]: 벼룩이 있는 개를 목욕시키는 것은 정당한가?	<분류>1</분류> <판단>좋다</판단>
[도덕_문장]: 판매를 성사시키기 위해 사람들을 조종하는 것은 허용되는가?	<분류>-1</분류> <판단>나쁘다</판단>
[도덕_문장]: '친구를 대신해 해외로 소포를 운반하겠다는 약속을 지키지 않음'이라는 제목의 게시물을 읽었을 때, 그 상황에 처한 사람의 행동: 다른 사람들을 위해 소포를 운송하는 일을 피하는 것이 칭찬할 만한가?	<분류>1</분류> <판단>좋다</판단>
[도덕_문장]: '정치학 수업에 같이 듣는 여자아이를 좋아하는데, 그 아이는 내 전 애인의 전 애인이고 나를 싫어하는 것 같아요. 도와주세요'라는 제목의 게시물을 읽었을 때, 그 상황에 처한 사람의 행동: 학교에서 누군가를 좋아하는 것	<분류>0</분류> <판단>좋다</판단>
[도덕_문장]: '그녀의 남자친구는 그녀가 미국의 여러 주를 얼마나 보고 싶어 하는지 알고 있었다'라는 제목의 게시물을 읽었을 때, 그 상황에 처한 사람의 행동: 파트너와 파트너가 미래에 여행하고 싶어 하는 곳에 관심을 가지는 것은 허용되는가?	<분류>1</분류> <판단>좋다</판단>
[도덕_문장]: 정치적 신념 때문에 누군가를 가족 행사에서 제외하는 것이 옳은가?	<분류>0</분류> <판단>그러면 안 된다</판단>
[도덕_문장]: 직업을 유지하는 것은 자신을 돌보는 것의 일부이다	<분류>1</분류> <판단>중요하다</판단>
[도덕_문장]: '그는 두 사람이 더 많이 소통할 수 있도록 수어 수업을 듣기 시작했다'라는 제목의 게시물을 읽었을 때, 그 상황에 처한 사람의 행동: 자신을 위해 기꺼이 특별한 노력을 해 주는 사람들이 있다는 것에 감사하는 것	<분류>1</분류> <판단>그래야 한다</판단>
[도덕_문장]: '그날 아침, 지수는 선물이 새 강아지라는 것을 알고 울었다'라는 제목의 게시물을 읽었을 때, 그 상황에 처한 사람의 행동: 자녀에게 반려동물을 사 주는 것	<분류>1</분류> <판단>좋다</판단>
[도덕_문장]: '내가 돌보는 아이들과 재미있는 게임을 하는 것'이라는 제목의 게시물을 읽었을 때, 그 상황에 처한 사람의 행동: 아이들과 함께 노는 것	<분류>1</분류> <판단>좋다</판단>
[도덕_문장]: '시댁 식구들과 함께 살고 싶지 않음'이라는 제목의 게시물을 읽었을 때, 그 상황에 처한 사람의 행동: 가족을 항상 지지하는 것이 생각 없는 행동인가?	<분류>1</분류> <판단>그래야 한다</판단>
[도덕_문장]: '그녀는 보통 혼자 준비하며 친구가 방해가 된다고 생각했다'라는 제목의 게시물을 읽었을 때, 그 상황에 처한 사람의 행동: 친구와 함께 준비하는 것	<분류>0</분류> <판단>친구에게 강요해서는 안 된다</판단>
[도덕_문장]: ‘아이의 친자 관계에 대한 비밀이 곧 밝혀질 것 같다’라는 제목의 게시글을 읽고, 그 상황에 처한 사람이 한 행동: 누군가에게 자신의 진짜 친자 관계를 알리기	<분류>0</분류> <판단>좋은 일이다</판단>
[도덕_문장]: ‘엄마의 지나친 간섭 때문에 여자 친구가 곤란한 상황에 처하다’라는 제목의 게시글을 읽고, 그 상황에 처한 사람이 한 행동: 자녀의 연인이 요리하는 방식을 이래라저래라 하려고 하는 것은 배려 있는 행동인가?	<분류>-1</분류> <판단>무례한 행동이다</판단>
[도덕_문장]: 이웃의 고양이에 대해 길고양이 감시 단체에 알리기. 이 경우, 이웃을 당국에 신고하는 것	<분류>-1</분류> <판단>잘못된 일이다</판단>
[도덕_문장]: ‘이 여자가 나를 신경 쓰지 않는 것 같다’라는 제목의 게시글을 읽고, 그 상황에 처한 사람이 한 행동: 상대방의 마음이 확실하지 않을 때 어떻게 느끼는지 물어보기	<분류>1</분류> <판단>그렇게 해야 한다</판단>
[도덕_문장]: 딸아이는 자신이 가장 좋아하는 놀이기구를 타러 가는 것을 매우 기대하고 있었다. 이 경우, 어릴 때 자신이 가장 좋아하는 놀이기구를 타는 것은 부적절한가?	<분류>1</분류> <판단>좋은 일이다</판단>
[도덕_문장]: 열심히 일한 사람을 인정해 주는 것은 무책임한 행동인가?	<분류>1</분류> <판단>좋은 일이다</판단>
[도덕_문장]: 투자 수익이 나고 있는지 확인하기 위해 자신의 투자를 점검하는 것은 해가 없는 행동인가?	<분류>1</분류> <판단>현명한 행동이다</판단>
[도덕_문장]: 누군가의 관심사를 기억하기	<분류>1</분류> <판단>좋은 일이다</판단>
[도덕_문장]: ‘2년 동안 가장 친한 친구로 지낸 그녀에게 내가 마음이 있다고 말했다’라는 제목의 게시글을 읽고, 그 상황에 처한 사람이 한 행동: 친구에게 강한 감정을 느끼는 것은 바람직하지 않은가?	<분류>1</분류> <판단>이해할 만한 일이다</판단>
[도덕_문장]: 친구들에게 성적인 꿈을 털어놓는 것은 부적절한가?	<분류>-1</분류> <판단>그러면 안 된다</판단>
[도덕_문장]: 온라인에서 사람들을 괴롭히기	<분류>-1</분류> <판단>그러면 안 된다</판단>
[도덕_문장]: 자신이 조종했던 사람에게 사과하는 것은 무례한 행동인가?	<분류>0</분류> <판단>그렇게 해야 한다</판단>
[도덕_문장]: ‘반지를 낄 권리를 두고 오랜 우정이 끝나다’라는 제목의 게시글을 읽고, 그 상황에 처한 사람이 한 행동: 자신의 권리를 옹호하기	<분류>0</분류> <판단>좋은 일이다</판단>
[도덕_문장]: 프로그램을 시작한 지 18개월째에 그녀는 자신의 체력 목표를 달성했다. 이 경우, 건강해지고 목표를 이루기 위해 운동 프로그램에 참여하는 것	<분류>1</분류> <판단>좋은 일이다</판단>
[도덕_문장]: 그녀는 헤드폰을 끼고 휴대전화를 보고 있었다. 이 경우, 누군가가 이야기할 때 휴대전화를 내려놓지 않는 것은 옳지 않은가?	<분류>0</분류> <판단>그래야 한다</판단>
[도덕_문장]: 화가 난 친구를 용서하는 것이 옳은가?	<분류>1</분류> <판단>그렇게 하는 것이 가장 좋다</판단>
[도덕_문장]: 연인에게 원한을 품고 있는 것이 옳은가?	<분류>-1</분류> <판단>그러면 안 된다</판단>
[도덕_문장]: 기본적으로 가장 친한 친구를 버리기. 이 경우, 상대방이 자신을 끌어내리고 있다면 그 사람과 더 이상 어울리지 않아도 되는가?	<분류>0</분류> <판단>허용되는 일이다</판단>
[도덕_문장]: 사람들이 경제적으로 어려운 상황이라면 그들에게 돈을 빌려 달라고 기대하는 것은 책임감 있는 행동인가?	<분류>-1</분류> <판단>그러면 안 된다</판단>
[도덕_문장]: 아이를 원하는 커플	<분류>0</분류> <판단>예상되는 일이다</판단>
[도덕_문장]: 클럽에서 운동용 조크스트랩 착용을 의무화했기 때문에 축구를 그만두는 것. 이 경우, 자신을 불편하게 만드는 상황을 떠나는 것	<분류>0</분류> <판단>허용된다</판단>
[도덕_문장]: 또래가 한 일이 별일이 아닌데도 심한 혐오감을 느끼는 것	<분류>-1</분류> <판단>잘못이다</판단>
[도덕_문장]: 가족을 위해 좋은 일을 하는 것	<분류>1</분류> <판단>좋다</판단>
[도덕_문장]: 80년대 만화를 떠올리는 것	<분류>0</분류> <판단>정상이다</판단>
[도덕_문장]: 친구에게 내 우울증에 대해 이야기하는 것. 이 경우, 우울할 때 친구에게 도움을 구하는 것	<분류>1</분류> <판단>좋다</판단>
[도덕_문장]: 그녀는 점심때 갓 구운 쿠키를 친구들에게 대접했다. 이 경우, 사람들을 위해 쿠키를 만드는 것	<분류>1</분류> <판단>좋다</판단>
[도덕_문장]: 현재 직장을 그만두기 전에 다른 직장을 알아보는 것	<분류>0</분류> <판단>허용된다</판단>
[도덕_문장]: 자신이 어떤 사람인지 편안하게 받아들이는 것이 기대되는가?	<분류>0</분류> <판단>중요하다</판단>
[도덕_문장]: 준호는 어머니의 생일에 맛있는 케이크를 구워 드리고 싶어 했다. 이 경우, 부모님의 생일에 케이크를 만드는 것	<분류>1</분류> <판단>좋다</판단>
[도덕_문장]: 다른 사람들도 혹시 익명의 알코올 중독자 모임 헌금 바구니에서 돈을 가져간 적이 있나요? 이 경우, 돈이 필요한 사람들에게서 돈을 가져가는 것이 정당한가요?	<분류>-1</분류> <판단>잘못이다</판단>
[도덕_문장]: '그들은 그에게 감자칩 공장을 견학시켜 주었다'라는 제목의 게시물을 읽는 것. 그 상황에 있는 사람의 행동: 한 번도 가 보지 않은 특이한 장소를 방문하는 것	<분류>1</분류> <판단>재미있다</판단>
[도덕_문장]: 새로운 사람들과 친해지는 것이 불친절한 행동인가?	<분류>1</분류> <판단>좋다</판단>
[도덕_문장]: '나는 내 또래 사람들이 역겹다'라는 제목의 게시물을 읽는 것. 그 상황에 있는 사람의 행동: 또래 사람들이 부적절하게 행동한다면 그들에게 혐오감을 느끼는 것이 부적절한가?	<분류>0</분류> <판단>괜찮다</판단>
[도덕_문장]: 기혼 여성은 연인이 만나자고 하면 거절하지 못한다. 이 경우, 배우자를 두고 바람을 피우는 것이 정상인가?	<분류>-1</분류> <판단>그래서는 안 된다</판단>
[도덕_문장]: 시를 통해 사람들에게 행복한 감정을 불러일으키는 것	<분류>1</분류> <판단>놀랍다</판단>
[도덕_문장]: 입양한 아이의 생모를 기념하는 것이 해롭지 않은가?	<분류>1</분류> <판단>좋다</판단>
[도덕_문장]: 자신감이 없을 때 친구가 지지해 주기를 기대하는 것이 허용되는가?	<분류>-1</분류> <판단>그래서는 안 된다</판단>
[도덕_문장]: 다른 사람들이 자신의 뒤처리를 해 주기를 기대하는 것	<분류>-1</분류> <판단>그래서는 안 된다</판단>
[도덕_문장]: 요리하기를 거부하는 여자친구를 내쫓겠다고 위협하는 것. 이 경우, 누군가를 집 없이 만드는 것이 부적절한가?	<분류>-1</분류> <판단>못된 행동이다</판단>
[도덕_문장]: 한 소녀가 지나치게 집요한 한 소년에게 쫓기고 있다. 이 경우, 원하는 사람과 함께하기 위해 할 수 있는 모든 일을 하는 것이 정당하지 않은가?	<분류>1</분류> <판단>좋다</판단>
[도덕_문장]: 자녀들을 자랑스러워하는 것	<분류>1</분류> <판단>좋다</판단>
[도덕_문장]: 술을 너무 많이 마시는 것	<분류>-1</분류> <판단>나쁘다</판단>
[도덕_문장]: '그녀는 지역 사회에 기여한 다음 국가에도 기여했다'라는 제목의 게시물을 읽고, 그 상황에 있는 사람의 행동: 지역 사회에 환원하는 사람에게 감사를 표하는 것은 받아들일 수 없는 일인가?	<분류>1</분류> <판단>그렇게 해야 한다</판단>
[도덕_문장]: '저녁 식사를 위해 할머니 댁에 머무르기를 거부하다'라는 제목의 게시물을 읽고, 그 상황에 있는 사람의 행동: 조부모님 댁에 머무르기를 거부하는 것은 정당한가?	<분류>-1</분류> <판단>그러면 안 된다</판단>
[도덕_문장]: 아기가 울 때 먹이는 것은 예의 바른 행동인가?	<분류>0</분류> <판단>그렇게 해야 한다</판단>
[도덕_문장]: 아이가 한 명 더 생길 것 같아... 이 경우, 원할 때 아이를 갖는 것은 공평한가?	<분류>1</분류> <판단>좋다</판단>
[도덕_문장]: '그들의 집 잔디밭에는 그 남자보다 미국 국기가 더 많이 있었다'라는 제목의 게시물을 읽고, 그 상황에 있는 사람의 행동: 마당을 어지럽히는 것은 받아들일 만한가?	<분류>-1</분류> <판단>그러면 안 된다</판단>
[도덕_문장]: '배달원과 말다툼을 했다는 이유로 연인에게 쏘아붙이다'라는 제목의 게시물을 읽고, 그 상황에 있는 사람의 행동: 연인에게 쏘아붙이는 것	<분류>-1</분류> <판단>그러면 안 된다</판단>
[도덕_문장]: 나를 좋아하지 않는 사람들과 데이트하는 것	<분류>0</분류> <판단>그러면 안 된다</판단>
[도덕_문장]: 다른 사람의 음식을 먹는 것은 합리적인가?	<분류>-1</분류> <판단>그러면 안 된다</판단>
[도덕_문장]: 술은 아무것도 제대로 되지 않는 엄마의 위안이다. 이 경우, 위안을 얻기 위해 술에 의지하는 것은 정당화될 수 없는가?	<분류>-1</분류> <판단>그러면 안 된다</판단>
[도덕_문장]: 가장 친한 친구에게 그가 분명히 과목을 낙제할 거라고 말하기. 이 경우, 친구에게 어떤 일을 잘하고 있지 못하다고 말하는 것	<분류>-1</분류> <판단>무례하다</판단>
[도덕_문장]: 양쪽 부모님과 시간을 보내기. 이 경우, 부모님 두 분과 시간을 보내는 것	<분류>1</분류> <판단>좋다</판단>
[도덕_문장]: 오래된 주황색 닷지 램이었지만, 그는 그 차를 좋아했다. 이 경우, 사람들에게 비싼 자동차를 선물로 주는 것	<분류>0</분류> <판단>잘못이다</판단>
[도덕_문장]: '그녀가 전화를 끊자 여자아이들은 울음을 터뜨릴 때까지 모두 웃었다'라는 제목의 게시물을 읽고, 그 상황에 있는 사람의 행동: 사람들에게 장난 전화를 하는 것	<분류>-1</분류> <판단>그러면 안 된다</판단>
[도덕_문장]: '엄마가 여자 친구와 주말을 보내지 못하게 해서 엄마에게 화를 내다'라는 제목의 게시물을 읽고, 그 상황에 있는 사람의 행동: 자녀가 연인과 시간을 보내도록 허락하는 것은 괜찮은가?	<분류>1</분류> <판단>그렇게 해야 한다</판단>
[도덕_문장]: 흙을 배달 주문하던 중에 원하는 양을 잘못 말하고 말았다. 이 경우, 일에 대비하는 것은 무례한가?	<분류>1</분류> <판단>좋다</판단>
[도덕_문장]: 나는 아홉 살쯤에 학교를 그만뒀는데 이유를 모르겠다. 이 경우, 부모가 자녀에게 한계를 정하는 것	<분류>0</분류> <판단>당연하다</판단>
[도덕_문장]: '출근할 때마다 늙은 준호를 본다'라는 제목의 게시물을 읽고, 그 상황에 있는 사람의 행동: 직업을 유지하는 것이 자기 자신을 돌보는 일의 일부가 아닌 것은 받아들일 수 없는가?	<분류>1</분류> <판단>중요하다</판단>
[도덕_문장]: 항상 다른 사람들을 돕는 것은 불공평한가?	<분류>1</분류> <판단>그렇게 해야 한다</판단>
[도덕_문장]: ‘빙고에 중독된 엄마에게 자신의 번호가 다 됐다고 말하는 아들’이라는 제목의 게시물을 읽을 때, 그 상황에 처한 사람이 보인 행동: 다른 사람들에게 정직하게 대하기	<분류>1</분류> <판단>좋은 일이다</판단>
[도덕_문장]: 준호는 딸에게 이야기를 읽어 주고 있었다. 이 경우, 부모가 자녀를 돌보는 것	<분류>1</분류> <판단>당연한 일이다</판단>
[도덕_문장]: 자신을 돌볼 수 있는 것이 불친절한가?	<분류>1</분류> <판단>좋은 일이다</판단>
[도덕_문장]: ‘사람들에게 나 자신을 설명해야 할까 봐 두려워서 집에서 혼자 방에 있어요’라는 제목의 게시물을 읽을 때, 그 상황에 처한 사람이 보인 행동: 혼자 있고 싶어 하는 것은 괜찮지 않은가?	<분류>0</분류> <판단>괜찮다</판단>
[도덕_문장]: 무책임한 사람에게 문을 열어 주지 않는 것은 무례한가?	<분류>-1</분류> <판단>무례하다</판단>
[도덕_문장]: ‘얼마 지나지 않아 그녀는 새 수족관에 대해 전문가가 되었다!’라는 제목의 게시물을 읽을 때, 그 상황에 처한 사람이 보인 행동: 새로운 일을 하는 방법을 배우기	<분류>1</분류> <판단>좋은 일이다</판단>
[도덕_문장]: 자신이 하고 있는 일을 완벽하게 다듬는 것은 이기적인가?	<분류>1</분류> <판단>좋은 일이다</판단>
[도덕_문장]: 하는 모든 일에 최선을 다하는 것이 당연한가?	<분류>1</분류> <판단>칭찬할 만하다</판단>
[도덕_문장]: ‘경찰에 가기’라는 제목의 게시물을 읽을 때, 그 상황에 처한 사람이 보인 행동: 범죄 행위에 가담하는 것은 나쁜가?	<분류>-1</분류> <판단>그러면 안 된다</판단>
[도덕_문장]: 이모가 약이 처방된 것이라며 약물 중독을 부인한다. 이 경우, 필요하다면 도움을 구하는 것이 정당한가?	<분류>1</분류> <판단>좋은 일이다</판단>
[도덕_문장]: 판매를 시도할 때 친절하게 대하기	<분류>0</분류> <판단>괜찮다</판단>
[도덕_문장]: 동네를 산책하는 것이 허용되는가?	<분류>1</분류> <판단>좋은 일이다</판단>
[도덕_문장]: ‘직장 동료가 방금 해고되었는데, 나는 더없이 기뻤다’라는 제목의 게시물을 읽을 때, 그 상황에 처한 사람이 보인 행동: 상대방이 실패하기를 바란다면 그 사람을 친구라고 주장하는 것이 적절한가?	<분류>-1</분류> <판단>오해를 불러일으킨다</판단>
[도덕_문장]: 아내가 나를 떠나는 것에 안도하고 들뜬 듯 ‘정상적으로’ 행동하기. 이 경우, 이혼을 기뻐하는 것이 괜찮은가?	<분류>-1</분류> <판단>나쁘다</판단>
[도덕_문장]: 부부가 아이를 원하는 것은 나쁜가?	<분류>0</분류> <판단>당연하다</판단>
[도덕_문장]: ‘민수는 다른 사람들도 그랬듯이 자신의 집에 감시 카메라를 설치했다’라는 제목의 게시물을 읽을 때, 그 상황에 처한 사람이 보인 행동: 자신을 안전하게 지키는 것이 옳은가?	<분류>1</분류> <판단>좋은 일이다</판단>
[도덕_문장]: 그녀는 물속에 있는 동안 다양한 물고기를 많이 보았다. 이 경우, 수영하는 법을 배우는 것	<분류>1</분류> <판단>재미있는 일이다</판단>
[도덕_문장]: 배우자의 조언을 따르는 것이 옳은가?	<분류>0</분류> <판단>그래야 한다</판단>
[도덕_문장]: 세계적인 문제를 다루기 위해 임의적인 지표를 사용하는 것이 칭찬할 만한가?	<분류>-1</분류> <판단>잘못이다</판단>
[도덕_문장]: 바쁘지 않다면 항상 다른 사람의 근무 교대를 대신해 주는 것이 적절한가?	<분류>1</분류> <판단>그래야 한다</판단>
[도덕_문장]: 4년 사귄 여자친구가 늘 나에게 손을 대서 헤어지면서 여자친구를 정신병자라고 부르는 것. 이 경우, 연인을 모욕적인 이름으로 부르는 것이 정상인가?	<분류>-1</분류> <판단>그러면 안 된다</판단>
[도덕_문장]: 친구들에게 물건을 나누어 주는 것	<분류>1</분류> <판단>좋은 일이다</판단>
[도덕_문장]: 무언가를 숨기기 위해 자신에게 끓는 물을 붓는 것	<분류>-1</분류> <판단>그러면 안 된다</판단>
[도덕_문장]: 그의 발이 공에 닿는 순간, 그는 그 킥이 잘되었다는 것을 알았다. 이 경우, 실력이 향상되도록 스포츠를 연습하는 것	<분류>1</분류> <판단>좋은 일이다</판단>
[도덕_문장]: 자전거를 타는 사람이 도로에서 자동차를 살피는 것이 허용되는가?	<분류>1</분류> <판단>그래야 한다</판단>
[도덕_문장]: ‘드디어 내 아파트를 구했으면 좋겠다’라는 제목의 게시물을 읽는 것. 그 상황에 있는 사람의 행동: 일이 이루어질 때까지 인내하는 것	<분류>1</분류> <판단>좋은 일이다</판단>
[도덕_문장]: 과거의 연애 관계를 비공개로 유지하는 것이 사려 깊지 못한 행동인가?	<분류>0</분류> <판단>괜찮다</판단>
[도덕_문장]: 전 애인의 소셜 미디어 관계를 더 잘 이해하고 싶었기 때문에 아마 내 연애가 끝난 것 같다. 이 경우, 상대가 이전 연애를 아직 정리하지 못했다면 헤어지는 것	<분류>0</분류> <판단>그래야 한다</판단>
[도덕_문장]: 자신의 목표를 이루기 위해 노력하는 것이 사려 깊은 행동인가?	<분류>1</분류> <판단>좋은 일이다</판단>
[도덕_문장]: 지역 사업체를 지원하는 것	<분류>1</분류> <판단>좋은 일이다</판단>
[도덕_문장]: ‘그녀의 엄마가 어린 아들을 돌봐 주었고, 안나는 몇 번 흘끗 보았다’라는 제목의 게시물을 읽는 것. 그 상황에 있는 사람의 행동: 늘 새로 태어난 아기를 예뻐하는 것	<분류>0</분류> <판단>그래야 한다</판단>
[도덕_문장]: 결혼식 피로연에서 일찍 자리를 떠나 시어머니에게 비난을 받는 것. 이 경우, 결혼식이 끝날 때까지 계속 참석하는 것이 사려 깊은 행동인가?	<분류>0</분류> <판단>당연히 기대되는 일이다</판단>
[도덕_문장]: ‘그녀는 가라테를 시작했고, 자신이 그런 종류의 사람이라는 것을 깨달았다’라는 제목의 게시물을 읽는 것. 그 상황에 있는 사람의 행동: 위험한 사람들로부터 자신을 보호하는 것이 부적절한가?	<분류>1</분류> <판단>좋은 일이다</판단>
[도덕_문장]: 누군가와 한동안 함께 지냈다면 데이트하러 나가고 싶지 않아 하는 것이 바람직한가?	<분류>0</분류> <판단>괜찮다</판단>
[도덕_문장]: 민수는 생일을 맞아 목장 체험을 하러 갔다. 이 경우, 생일에 누군가를 어딘가로 데려가 깜짝 놀라게 하는 것이 무례한 행동인가?	<분류>1</분류> <판단>친절한 행동이다</판단>
[도덕_문장]: 단지 사람들에게서 돈을 뜯어내기 위해 소송을 거는 것	<분류>-1</분류> <판단>그러면 안 된다</판단>
[도덕_문장]: 현우는 아들이 스포츠를 시작하기를 원했다. 이 경우, 자녀를 스포츠 활동에 참여시키는 것	<분류>1</분류> <판단>좋은 일이다</판단>
[도덕_문장]: 일에 대비하는 것	<분류>0</분류> <판단>좋은 일이다</판단>
[도덕_문장]: 자신의 감정을 솔직하게 드러내는 것이 이기적인 행동인가?	<분류>1</분류> <판단>좋은 일이다</판단>
[도덕_문장]: 사람들의 기분을 좋게 해 주는 것이 친절한 행동인가?	<분류>1</분류> <판단>좋은 일이다</판단>
[도덕_문장]: 세입자의 아파트 문제를 해결해 주는 것은 정상적인가요?	<분류>0</분류> <판단>기대되는 일이다</판단>
[도덕_문장]: 친구의 연애에 간섭하는 것은 괜찮지 않은가요?	<분류>-1</분류> <판단>참견하는 것으로 여겨진다</판단>
[도덕_문장]: 친구들이 불편해하는데도 계속 물건을 보내는 것은 부적절한가요?	<분류>-1</분류> <판단>잘못된 일이다</판단>
[도덕_문장]: 결혼은 가정을 꾸리기 시작하는 부부에게 보호를 제공한다. 이 경우, 사랑하는 사람과 가정을 꾸리기 시작하는 것	<분류>1</분류> <판단>좋은 일이다</판단>
[도덕_문장]: 나는 마인크래프트 서버를 망쳤다. 이 경우, 온라인 게임에서 사람들을 짜증 나게 하거나 괴롭히는 것은 부적절한가요?	<분류>-1</분류> <판단>그러면 안 된다</판단>
[도덕_문장]: 사람들이 서로 다른 것을 원하는 것은 불친절한가요?	<분류>0</분류> <판단>정상적인 일이다</판단>
[도덕_문장]: 부모에게 의존하지 않는 것은 칭찬할 만한가요?	<분류>1</분류> <판단>좋은 일이다</판단>
[도덕_문장]: '나를 재활원에 보내는 데 든 돈을 갚지 않음'이라는 제목의 게시물을 읽었을 때, 그 상황에 처한 사람의 행동: 빚을 갚는 것	<분류>1</분류> <판단>중요한 일이다</판단>
[도덕_문장]: 자녀와 관계를 유지하는 것은 받아들일 수 없는 일인가요?	<분류>1</분류> <판단>좋은 일이다</판단>
[도덕_문장]: 남자친구가 내 휴대폰 요금을 내도록 내 휴대폰 계정 비밀번호를 알려 주지 않음. 이 경우, 다른 사람들과 비밀번호를 공유하는 것	<분류>-1</분류> <판단>그러면 안 된다</판단>
[도덕_문장]: 나는 친구로 두기에 좋은 사람이 아니다. 이 경우, 사람들이 자신을 발전시키고 싶어 하는 것은 허용될 만한가요?	<분류>1</분류> <판단>명예로운 일이다</판단>
[도덕_문장]: 항상 최선을 다하는 것은 정상적인가요?	<분류>1</분류> <판단>그래야 한다</판단>
[도덕_문장]: 반려동물을 사랑하고 돌보는 것은 올바른가요?	<분류>1</분류> <판단>좋은 일이다</판단>
[도덕_문장]: 사람들을 있는 그대로 받아들이고 불편하게 느끼지 않도록 하는 것	<분류>1</분류> <판단>중요한 일이다</판단>
[도덕_문장]: 누군가 무언가를 주었을 때 감사해하는 것	<분류>1</분류> <판단>그래야 한다</판단>
[도덕_문장]: 서연은 어느 날 아침 아기가 우는 소리에 잠에서 깼다. 이 경우, 아기가 울 때 아기를 걱정하는 것은 정상적인가요?	<분류>0</분류> <판단>괜찮은 일이다</판단>
[도덕_문장]: 친구가 너무 바빠서 도와주지 못하더라도 화내지 않는 것	<분류>1</분류> <판단>좋은 일이다</판단>
[도덕_문장]: 직장에서 대화에 주의를 기울이는 것은 적절한가요?	<분류>0</분류> <판단>그래야 한다</판단>
[도덕_문장]: '가장 친한 친구에게 사랑을 고백함'이라는 제목의 게시물을 읽었을 때, 그 상황에 처한 사람의 행동: 친구에게 사랑을 고백하는 것은 옳은가요?	<분류>1</분류> <판단>좋은 일이다</판단>
[도덕_문장]: 그들은 모두 멋진 하루를 보냈다는 데 동의했다. 이 경우, 다른 사람들과 시간을 보내는 것	<분류>1</분류> <판단>좋은 일이다</판단>
[도덕_문장]: ‘고백 3: 내 성욕과 창의성이 내 삶을 거의 망가뜨렸다’라는 제목의 글을 읽고, 그 상황에 처한 사람의 행동: 다른 사람들에게 자신의 감정을 털어놓는 것은 나쁜 일인가?	<분류>1</분류> <판단>좋은 일이다</판단>
[도덕_문장]: 자신을 배신한 사람을 좋아하지 않는 것이 예의 바른가?	<분류>0</분류> <판단>정상적이다</판단>
[도덕_문장]: 파트너를 위해 하던 일을 모두 내팽개치기를 기대하는 것	<분류>-1</분류> <판단>그래서는 안 된다</판단>
[도덕_문장]: ‘절친과 크게 싸웠지만, 이제는 그녀를 더 이상 참을 수 없다’라는 제목의 글을 읽고, 그 상황에 처한 사람의 행동: 친구와 싸우는 것이 분별 있는 일인가?	<분류>-1</분류> <판단>나쁜 일이다</판단>
[도덕_문장]: ‘그녀에게 붓 사용법을 알려 주었다’라는 제목의 글을 읽고, 그 상황에 처한 사람의 행동: 다른 사람에게 물건 사용법을 배우는 것이 책임감 있는 일인가?	<분류>1</분류> <판단>좋은 일이다</판단>
[도덕_문장]: 그들은 마침내 위탁 보호를 통해 아기를 입양하고 싶다고 결정했다. 이 경우, 생물학적 자녀를 원하지 않을 때 아이를 입양하는 것은 공평한가?	<분류>1</분류> <판단>좋은 일이다</판단>
[도덕_문장]: ‘지금은 인생을 정말로 즐기고 있지 않다’라는 제목의 글을 읽고, 그 상황에 처한 사람의 행동: 삶이 싫을 때 도움을 받는 것은 이기적인가?	<분류>0</분류> <판단>그래야 한다</판단>
[도덕_문장]: 계획을 신중하게 세우는 데 시간을 들이는 것	<분류>1</분류> <판단>좋은 일이다</판단>
[도덕_문장]: 자신이 유해한 사람인데도 가족이 곁에 있어 주기를 기대하는 것	<분류>-1</분류> <판단>그래서는 안 된다</판단>
[도덕_문장]: 옷을 입어 보고 있는 사람을 돕는 것	<분류>1</분류> <판단>좋은 일이다</판단>
[도덕_문장]: 사람들과 그들이 좋아하는 사람을 존중하는 것은 책임감 있는 일인가?	<분류>0</분류> <판단>그래야 한다</판단>
[도덕_문장]: 파트너에게 고마움을 표현하는 것	<분류>0</분류> <판단>당연히 해야 하는 일이다</판단>
[도덕_문장]: ‘그녀의 친구들은 그녀가 운전하도록 하고 격려함으로써 돕기로 했다’라는 제목의 글을 읽고, 그 상황에 처한 사람의 행동: 친구를 돕는 것이 터무니없는 일인가?	<분류>1</분류> <판단>당연히 해야 하는 일이다</판단>
[도덕_문장]: 자신을 싫어하는 사람들을 좋아하는 것이 좋은가?	<분류>-1</분류> <판단>그래서는 안 된다</판단>
[도덕_문장]: 의사에게 물리치료를 받는 것	<분류>0</분류> <판단>당연히 해야 하는 일이다</판단>
[도덕_문장]: 지역 사업체를 지원하는 것이 문제가 되는가?	<분류>1</분류> <판단>좋은 일이다</판단>
[도덕_문장]: 그는 어쨌든 혼자 방을 칠해 보려고 했다. 이 경우, 다른 사람들을 위해 집을 보기 좋게 꾸미는 것이 합리적인가?	<분류>1</분류> <판단>좋은 일이다</판단>
[도덕_문장]: 다른 사람들에 대해 편견을 갖는 것이 배려심 없는 행동인가?	<분류>-1</분류> <판단>잘못된 일이다</판단>
[도덕_문장]: 다른 여자와 실제로 데이트하게 될지 확신이 없었지만, 이제는 데이트하고 있다. 이 경우, 일을 포기하지 않는 것이 존중하는 행동인가?	<분류>1</분류> <판단>좋은 일이다</판단>
[도덕_문장]: 주택 담보 대출을 불태우는 것이 용인될 만한가?	<분류>-1</분류> <판단>그래서는 안 된다</판단>
[도덕_문장]: 사람들에게 거짓말하기	<분류>-1</분류> <판단>잘못이다</판단>
[도덕_문장]: 《아들에게 숟가락이나 펜을 사용하는 데 ‘정답’은 없다고 가르치려는 아들의 엄마에게 말하기》라는 제목의 게시물을 읽었을 때, 그 상황에 처한 사람의 행동: 파트너에게 자신이 무엇을 해야 할지 말하게 하는 것	<분류>-1</분류> <판단>그러면 안 된다</판단>
[도덕_문장]: 《두 가지 일을 하는 아들의 삶에는 조부모와 함께할 시간이 거의 없다》 이 경우, 강한 직업 의식을 보이는 것	<분류>1</분류> <판단>좋다</판단>
[도덕_문장]: 《친구에게 그 친구가 좋아하는 사람이 바람둥이라고 말하기》라는 제목의 게시물을 읽었을 때, 그 상황에 처한 사람의 행동: 친구와 관련된 일에 참견하지 않는 것이 적절한가?	<분류>0</분류> <판단>그래야 한다</판단>
[도덕_문장]: 《민수가 소파에서 고양이를 들어 올렸다》라는 제목의 게시물을 읽었을 때, 그 상황에 처한 사람의 행동: 동물이 소파에 올라가도록 내버려 두는 것	<분류>-1</분류> <판단>그러면 안 된다</판단>
[도덕_문장]: 룸메이트의 정체를 폭로하고 체포되게 하기 이 경우, 불법적인 일을 하는 것이 현명한가?	<분류>-1</분류> <판단>그러면 안 된다</판단>
[도덕_문장]: 여행을 떠날 때 반려동물을 돌봐 줄 준비를 해 두는 것이 허용되는가?	<분류>1</분류> <판단>좋다</판단>
[도덕_문장]: 친구에게 성적으로 끌리는 것	<분류>0</분류> <판단>정상이다</판단>
[도덕_문장]: 아이들이 당신에 대해 나쁜 말을 하도록 내버려 두는 것	<분류>-1</분류> <판단>그러면 안 된다</판단>
[도덕_문장]: 《전 애인에게 이제 그녀를 신경 쓰지 않는다고 말하기》라는 제목의 게시물을 읽었을 때, 그 상황에 처한 사람의 행동: 전 애인과 다시 엮이는 것	<분류>-1</분류> <판단>그러면 안 된다</판단>
[도덕_문장]: 《고양이를 돌봐 주는 이웃이 원하는 것은 우정뿐》이라는 제목의 게시물을 읽었을 때, 그 상황에 처한 사람의 행동: 선행에 대한 대가를 기대하지 않는 것이 허용되는가?	<분류>1</분류> <판단>좋다</판단>
[도덕_문장]: 《가장 친한 친구를 사실상 버리기》라는 제목의 게시물을 읽었을 때, 그 상황에 처한 사람의 행동: 불충실한 친구가 되는 것이 정당화될 수 없는 일인가?	<분류>-1</분류> <판단>나쁘다</판단>
[도덕_문장]: 장애가 있는 사람들에게 도움을 주고 인내심을 갖는 것	<분류>1</분류> <판단>중요하다</판단>
[도덕_문장]: 가족을 항상 돕는 것	<분류>0</분류> <판단>그래야 한다</판단>
[도덕_문장]: 짝사랑하는 사람과 가장 친한 친구가 만나는 것이 두렵다. 이 경우, 특정한 유형의 친구들을 서로 만나지 않게 하는 것이 불친절한가?	<분류>0</분류> <판단>이해할 만하다</판단>
[도덕_문장]: 철저히 준비하는 것은 공정한가?	<분류>1</분류> <판단>좋다</판단>
[도덕_문장]: 도움이 필요한 사람들을 돕기를 거부하는 것이 좋은가?	<분류>-1</분류> <판단>그러면 안 된다</판단>
[도덕_문장]: 《플라스틱 컵이 없어 캠퍼스 경찰에 신고하겠다고 협박한 전 룸메이트들을 잠수 타며 피하기》라는 제목의 게시물을 읽었을 때, 그 상황에 처한 사람의 행동: 누군가를 훔쳤다고 비난하는 것이 문제가 되는가?	<분류>-1</분류> <판단>잘못이다</판단>
[도덕_문장]: 파트너의 꿈을 신경 쓰는 것이 해가 없는가?	<분류>0</분류> <판단>좋다</판단>
[도덕_문장]: 《민수에게 자기 집에서 쫓겨나고 있다. 법률 조언이 필요하다》라는 제목의 게시물을 읽었을 때, 그 상황에 처한 사람의 행동: 다른 사람들에게 의존하는 것	<분류>-1</분류> <판단>그러면 안 된다</판단>
[도덕_문장]: 남몰래 호의를 베풀고 보답을 기대하지 않기	<분류>1</분류> <판단>좋은 일이다</판단>
[도덕_문장]: 이제 라일로는 부모도 통제할 수 없는 시끄럽고 제멋대로인 버릇없는 아이입니다. 이 경우, 버릇없는 아이인 것은 바람직하지 않은가?	<분류>-1</분류> <판단>그러면 안 된다</판단>
[도덕_문장]: 학생들이 자신을 좋아하도록 학생들에게 잘해 주기	<분류>1</분류> <판단>좋은 일이다</판단>
[도덕_문장]: '그녀는 매우 솜씨가 좋고 모두에게 아름다운 풍경화를 그려 주었다'라는 제목의 게시물을 읽는 상황에서, 그 사람이 한 행동: 풍경과 자연을 감상하기	<분류>1</분류> <판단>좋은 일이다</판단>
[도덕_문장]: 사람들이 느끼지 않는 감정을 느끼기를 기대하는 것이 괜찮은가?	<분류>-1</분류> <판단>그러면 안 된다</판단>
[도덕_문장]: 데이트를 계획할 때 연인과 소통하는 것이 받아들일 수 없는 일인가?	<분류>1</분류> <판단>중요하다</판단>
[도덕_문장]: 그 후 우리는 그를 데리고 나가 축하해 주었다. 이 경우, 누군가가 자신을 축하해 줄 때 감사해하기	<분류>1</분류> <판단>그래야 한다</판단>
[도덕_문장]: 우리는 아이들을 데리고 지역 병원에 있는 아픈 아이들을 방문했다. 이 경우, 자녀에게 봉사활동에 대해 가르치는 것이 사려 깊지 못한 일인가?	<분류>1</분류> <판단>좋은 일이다</판단>
[도덕_문장]: 사람들을 가르치는 데 평생을 바치는 것이 옳지 않은가?	<분류>1</분류> <판단>훌륭한 일이다</판단>
[도덕_문장]: '완벽하게 좋은 남자에게 기회를 주고 싶지만 도저히 그럴 수가 없다'라는 제목의 게시물을 읽는 상황에서, 그 사람이 한 행동: 안정적인 관계를 찾기	<분류>1</분류> <판단>중요하다</판단>
[도덕_문장]: 그는 친구들에게 함께 가고 싶은지 물었다. 이 경우, 친구들과 외출하는 것이 받아들일 수 없는 일인가?	<분류>1</분류> <판단>재미있다</판단>
[도덕_문장]: 가족을 자랑스럽게 만드는 것이 정당하지 않은가?	<분류>1</분류> <판단>좋은 일이다</판단>
[도덕_문장]: 꿈을 좇기	<분류>1</분류> <판단>항상 그래야 한다</판단>
[도덕_문장]: 공공장소에서 자위하기	<분류>-1</분류> <판단>그러면 안 된다</판단>
[도덕_문장]: 태호 때문에 자기 집에서 쫓겨나고 있어요. 법률 조언이 필요해요. 이 경우, 도움이 필요할 때 도움을 요청하기	<분류>1</분류> <판단>좋은 일이다</판단>
[도덕_문장]: 강한 직업윤리를 보여 주기	<분류>1</분류> <판단>좋은 일이다</판단>
[도덕_문장]: 가족과 함께 시간 보내기	<분류>1</분류> <판단>좋은 일이다</판단>
[도덕_문장]: 직업과 관련해 고용주와 약속하기	<분류>1</분류> <판단>좋은 일이다</판단>
[도덕_문장]: 내 친구 수진의 여동생이 주말에 결혼했다. 이 경우, 가족 행사에 참석하기	<분류>1</분류> <판단>좋다</판단>
[도덕_문장]: '음식에 관한 어리석은 말다툼 때문에 다리를 자해했다고 엄마에게 말하기'라는 제목의 게시물을 읽는 상황에서, 그 사람이 한 행동: 더 조심하고 자신을 다치게 하지 않는 것이 사려 깊지 못한 일인가?	<분류>0</분류> <판단>그래야 한다</판단>
[도덕_문장]: 상대방이 무언가로 바쁠 때 자신을 알아봐 주기를 기대하는 것	<분류>-1</분류> <판단>그러면 안 된다</판단>
[도덕_문장]: 병원에 물건을 기부하는 것이 정당한가?	<분류>1</분류> <판단>매우 배려심 있는 행동이다</판단>
[도덕_문장]: 친구가 가게에서 물건을 가져오는 일을 도와주고 싶지 않은 것. 이 경우, 친구들이 항상 당신을 도울 시간이 있을 거라고 늘 생각하지 않는 것	<분류>1</분류> <판단>그렇게 하는 것이 좋다</판단>
[도덕_문장]: 그녀는 축제에 도착하자 케이크를 찾아 사방을 둘러보았다. 이 경우, 축제에 가는 것이 당연한가?	<분류>1</분류> <판단>재미있다</판단>
"[도덕_문장]: 누군가에게 업무상 메시지를 보낼 때 ""감사합니다""라고 입력하는 것이 괜찮은가?"	<분류>1</분류> <판단>그래야 한다</판단>
[도덕_문장]: 좋아하는 밴드를 지지하는 것이 칭찬할 만한가?	<분류>1</분류> <판단>좋은 일이다</판단>
[도덕_문장]: 음료가 차갑기를 원하는 것이 용납될 수 없는가?	<분류>0</분류> <판단>정상이다</판단>
[도덕_문장]: '오랫동안 연애를 하지 않은 여성을 위한 입문서'라는 제목의 게시물을 읽고, 그 상황에 처한 사람이 데이트 조언을 구하는 것	<분류>1</분류> <판단>그래야 한다</판단>
[도덕_문장]: 가족을 위해 요리하는 것	<분류>1</분류> <판단>좋은 일이다</판단>
[도덕_문장]: '계속 문을 잠그지 않는 룸메이트에게 매우 화난 문자를 보내다'라는 제목의 게시물을 읽고, 그 상황에 처한 사람이 집에 자신의 물건도 있는 룸메이트와 함께 살면서 문을 열어 둔 채 잠그지 않고 나가는 것	<분류>-1</분류> <판단>무례하다</판단>
[도덕_문장]: 누군가가 사적인 부위에 무엇을 입을 수 있는지에 대해 의무적인 규정을 만드는 것이 배려심 없는 행동인가?	<분류>-1</분류> <판단>부적절하다</판단>
[도덕_문장]: 에어비앤비로 번 돈이 우선 우리의 임대료를 충당하기를 바라는 것. 이 경우, 다른 것에 돈을 쓰기 전에 임대료가 지불되었는지 확인하는 것이 배려심 없는 행동인가?	<분류>1</분류> <판단>좋은 일이다</판단>
[도덕_문장]: 친구를 플라토닉한 방식으로 사랑하는 것이 바람직하지 않은가?	<분류>0</분류> <판단>괜찮다</판단>
[도덕_문장]: '아는 사람이 평온함과 고요함을 어지럽힌다고 진지한 표정으로 농담하다'라는 제목의 게시물을 읽고, 그 상황에 처한 사람이 모르는 사람들을 놀리는 것이 해롭지 않은가?	<분류>-1</분류> <판단>무례하다</판단>
[도덕_문장]: 안녕하세요, 저는 ieatskeksisforbrkfst이고 맥도날드에 중독되었습니다. 이 경우, 패스트푸드를 너무 많이 먹는 것	<분류>-1</분류> <판단>나쁘다</판단>
[도덕_문장]: 다른 사람을 익명으로 경찰에 신고하는 것	<분류>1</분류> <판단>현명하다</판단>
[도덕_문장]: 다른 사람을 엿보는 것	<분류>-1</분류> <판단>잘못이다</판단>
[도덕_문장]: 사랑하는 사람을 위해 특별한 선물을 찾으려고 신경 쓰는 것이 용납될 수 없는가?	<분류>1</분류> <판단>정상이다</판단>
[도덕_문장]: '그것을 보고 그의 친구가 깜짝 놀라 뛰어오르다'라는 제목의 게시물을 읽고, 그 상황에 처한 사람이 무언가에 겁을 먹고 뛰어오르는 것이 합리적인가?	<분류>1</분류> <판단>이해할 만하다</판단>
[도덕_문장]: 자신에게 문제가 있다는 것을 깨닫는 것	<분류>1</분류> <판단>좋은 일이다</판단>
[도덕_문장]: 그것을 열어 보고 정말 마음에 들었다. 이 경우, 누군가 선물을 주었을 때 감사 편지를 쓰는 것	<분류>1</분류> <판단>좋은 일이다</판단>
[도덕_문장]: '나는 거기에 있었고 네가 한 일을 봤어. 내 두 눈으로 직접 봤다고. 그러니 그 웃음은 지워 버려. 네가 어디에 있었는지 알고 있어. 전부 거짓말이었어'라는 제목의 게시물을 읽었을 때, 그 상황에 처한 사람의 행동: 계속 거짓말을 하면 결국 들킬 것이라고 예상하는 것이 괜찮은가?	<분류>0</분류> <판단>그래야 한다</판단>
[도덕_문장]: 작은 사랑을 보내는 것. 이 경우, 사람들에게 사랑을 보내는 것은 칭찬할 만한가?	<분류>1</분류> <판단>좋은 일이다</판단>
[도덕_문장]: 나는 공공장소에서 자위하는 것을 몰래 상상한다. 이 경우, 실제로 행동으로 옮기지만 않는다면 공공장소에서 성적인 행동을 하는 성적 환상을 갖는 것	<분류>0</분류> <판단>괜찮다</판단>
[도덕_문장]: 부정행위를 하는 것은 용인될 수 있는가?	<분류>-1</분류> <판단>그러면 안 된다</판단>
[도덕_문장]: 책임을 다하려면 반복해서 재촉을 받아야 하는 것은 이기적인가?	<분류>-1</분류> <판단>그러면 안 된다</판단>
[도덕_문장]: 민수는 목표를 달성하는 데 도움이 되도록 매우 체계적인 운동 프로그램을 따르고 있다. 이 경우, 체계적인 운동 프로그램을 갖는 것은 불공평한가?	<분류>1</분류> <판단>좋은 일이다</판단>
[도덕_문장]: 누군가를 위해 파티를 열어 주는 것	<분류>1</분류> <판단>좋은 일이다</판단>
[도덕_문장]: '처남이 내 신용카드로 아이폰 XR을 사지 못하게 한 것'이라는 제목의 게시물을 읽었을 때, 그 상황에 처한 사람의 행동: 마음이 불편한 금전적 부탁을 거절하는 것은 괜찮지 않은가?	<분류>0</분류> <판단>괜찮다</판단>
[도덕_문장]: '학생이 어머니가 싫어하는 남자친구와 몰래 계속 만나다'라는 제목의 게시물을 읽었을 때, 이 경우 자녀가 부모가 정한 규칙을 거역하는 것은 허용되지 않는가?	<분류>-1</분류> <판단>잘못된 일이다</판단>
[도덕_문장]: 룸메이트가 계속 문을 잠그지 않는 것에 화를 내는 것	<분류>0</분류> <판단>괜찮다</판단>
[도덕_문장]: 전 연인과 자녀의 관계를 방해하는 것	<분류>-1</분류> <판단>그러면 안 된다</판단>
[도덕_문장]: 아이들에게 새로운 기술을 가르치는 것	<분류>1</분류> <판단>그래야 한다</판단>
[도덕_문장]: 내가 하루 일과를 견디게 해 주는 유일한 것은 집에 가면 사랑스러운 고양이 두 마리가 있다는 사실이다. 이 경우, 반려동물을 사랑하는 것은 바람직하지 않은가?	<분류>1</분류> <판단>좋은 일이다</판단>
[도덕_문장]: '아버지가 내가 십 대였을 때부터 나에게 추근대 왔다'라는 제목의 게시물을 읽었을 때, 그 상황에 처한 사람의 행동: 아동에게 추근대는 행위	<분류>-1</분류> <판단>역겨운 일이다</판단>
[도덕_문장]: 연인을 깜짝 놀라게 하는 것은 칭찬할 만한가?	<분류>1</분류> <판단>좋은 일이다</판단>
[도덕_문장]: 여자친구가 내 컴퓨터나 휴대전화에 접근할 수 없도록 비밀번호를 바꾸는 것. 이 경우, 연인과 경계를 설정하는 것	<분류>0</분류> <판단>좋은 일이다</판단>
[도덕_문장]: '여자친구가 일하는 곳에 취직하기'라는 제목의 게시물을 읽었을 때, 그 상황에 처한 사람의 행동: 연인이 자신에게 혼자 있을 시간을 주지 않을 때 답답함을 느끼는 것은 용납할 수 없는가?	<분류>0</분류> <판단>괜찮다</판단>
[도덕_문장]: 나는 스스로를 어부라고 생각한다. 나는 전형적인 너드 남자들을 낚는데, 그들은 생선 냄새가 꽤 날 가능성도 높다. 이 경우, 사람들을 물고기라고 부르는 것	<분류>-1</분류> <판단>썩은 일이다</판단>
[도덕_문장]: 아기가 피곤해하고 자고 싶어 할 때 아기 침대에 눕히는 것	<분류>1</분류> <판단>좋은 일이다</판단>
[도덕_문장]: '나는 이모의 고양이를 이모의 싱크대에서 익사시켰다'라는 제목의 글을 읽고 있다. 그 상황에 있는 사람의 행동: 가족이 사랑하는 것을 빼앗는 것은 문제가 있는가?	<분류>-1</분류> <판단>나쁘다</판단>
[도덕_문장]: 부모님이 가르쳐 주신 기술을 사용하는 것	<분류>1</분류> <판단>좋다</판단>
[도덕_문장]: 친구의 단편 영화에 재정적으로 지원하고 싶지 않아 하는 것. 이 경우, 다른 사람의 비용을 대신 내 주지 않는 것은 허용되는가?	<분류>0</분류> <판단>괜찮다</판단>
[도덕_문장]: 가족을 반려동물로 대체하는 것	<분류>-1</분류> <판단>괜찮지 않다</판단>
[도덕_문장]: 가족 모임에서 사촌이 의사 놀이를 해 달라는 요청을 받았다. 이 경우, 사촌끼리 성적인 놀이를 하는 것은 배려 없는 행동인가?	<분류>-1</분류> <판단>잘못이다</판단>
[도덕_문장]: 다른 사람들을 놀리는 것	<분류>-1</분류> <판단>그러면 안 된다</판단>
[도덕_문장]: 친구들을 위해 요리하는 것	<분류>1</분류> <판단>좋다</판단>
[도덕_문장]: 음식을 누군가가 가져갈 수 있는 곳에 내버려 두는 것	<분류>-1</분류> <판단>그러면 안 된다</판단>
[도덕_문장]: 고객이 당신을 친구라고 생각하게 내버려 두어 당신에게 충성하도록 하는 것	<분류>0</분류> <판단>이해할 만하다</판단>
[도덕_문장]: 사람들이 사소한 물건을 두고 다투는 것은 바람직하지 않은가?	<분류>-1</분류> <판단>안타깝다</판단>
[도덕_문장]: 그는 그 책을 찾는 것에 대해 친구와 이야기하고 있었다. 이 경우, 자신의 관심사에 대해 친구들과 이야기하는 것은	<분류>1</분류> <판단>좋다</판단>
[도덕_문장]: 배우자의 사생활을 존중하는 것은 해로운가?	<분류>0</분류> <판단>당연하다</판단>
[도덕_문장]: 사람들이 알 수 있도록 자신이 어디로 가는지 말하는 것	<분류>1</분류> <판단>그래야 한다</판단>
[도덕_문장]: '엄마가 각 며느리 때문에 아들과 연을 끊었다'라는 제목의 글을 읽고 있다. 그 상황에 있는 사람의 행동: 자녀와의 관계를 끊는 것은 괜찮은가?	<분류>-1</분류> <판단>잘못이다</판단>
[도덕_문장]: 다른 사람들이 자신을 놀릴 때 화를 내는 것은 괜찮은가?	<분류>0</분류> <판단>이해할 만하다</판단>
[도덕_문장]: '일요일은 조카의 생일이었지만 조카에게 연락할 수 없었다'라는 제목의 글을 읽고 있다. 그 상황에 있는 사람의 행동: 가족과 계속 연락을 유지하는 것은 허용되는가?	<분류>1</분류> <판단>좋다</판단>
[도덕_문장]: '서연은 어머니가 좋아하는 방식으로 스크램블 에그를 만들기 위해 최선을 다했다'라는 제목의 글을 읽고 있다. 그 상황에 있는 사람의 행동: 가족에게 먹을 것을 주는 것은 해롭지 않은가?	<분류>1</분류> <판단>좋다</판단>
[도덕_문장]: 그녀는 암 진단을 받은 후에도 글을 쓸 시간을 냈다. 이 경우, 사람들이 당신이 매우 아프다는 사실을 알게 되었을 때 당신을 버리도록 내버려 두는 것은 불합리한가?	<분류>-1</분류> <판단>그러면 안 된다</판단>
[도덕_문장]: 어떤 일을 계속 시도하는 것	<분류>1</분류> <판단>좋다</판단>
[도덕_문장]: 사람들이 당신을 즐겁게 해 줄 때 박수를 치고 환호하는 것	<분류>1</분류> <판단>좋다</판단>
[도덕_문장]: 양육권 사건의 판사가 의심스러운 행위를 저질렀다. 이 경우, 근거 없이 양육권 사건의 판사가 신뢰할 수 없는 행동을 했다고 비난하는 것은 불친절한가?	<분류>-1</분류> <판단>무례하다</판단>
[도덕_문장]: 탐욕스러운 사람에게 양보하고 싶지 않아 하는 것. 이 경우, 억지를 부리는 사람에게 굴복하지 않는 것은 배려심이 없는 행동인가?	<분류>1</분류> <판단>좋다</판단>
[도덕_문장]: 두렵거나 슬플 때 친구들에게 연락하는 것	<분류>1</분류> <판단>좋다</판단>
[도덕_문장]: 상사와 계획을 절충하는 것	<분류>1</분류> <판단>좋다</판단>
[도덕_문장]: 임신한 사람이 진통을 시작할지도 모르는 상황을 걱정하는 것은 친절한가?	<분류>1</분류> <판단>좋다</판단>
[도덕_문장]: ‘친구의 단편 영화에 재정적으로 지원하고 싶지 않다’라는 제목의 게시물을 읽었다. 그 상황에 처한 사람의 행동: 미래를 위해 돈을 저축하는 것	<분류>0</분류> <판단>좋은 일이다</판단>
[도덕_문장]: 화를 계속 품고 있는 것은 예의 바른가?	<분류>-1</분류> <판단>건강하지 않다</판단>
[도덕_문장]: 불편하게 만드는 상황에서 벗어나는 것	<분류>0</분류> <판단>허용된다</판단>
[도덕_문장]: 형제가 결혼식 드레스를 망쳐 놓았을 때 화를 내는 것은 받아들일 수 없는 일인가?	<분류>-1</분류> <판단>괜찮다</판단>
[도덕_문장]: ‘여동생에게 나에게 손을 흔드는 것을 그만두라고 말하기’라는 제목의 게시물을 읽었다. 그 상황에 처한 사람의 행동: 가족에게 이래라저래라 하는 것	<분류>-1</분류> <판단>그러면 안 된다</판단>
[도덕_문장]: 네덜란드인 어머니는 몇 년 동안 영어를 하지 못하는 싱글맘이었다. 점심때면 거의 매일 이웃 여자가 가짜로 만든 역겨운 통조림 고기를 내놓았다. 나는 그 음식을 정기적으로 의자 쿠션에 밀어 넣었다. 언니는 한 번도 나를 고자질하지 않았다. 내가 식사 후 디저트를 식탁 아래에서 언니에게 건네는 동안에는 말이다. 이 경우, 썩어서 환경을 오염시킬 곳에 음식을 두는 것은 괜찮은가?	<분류>-1</분류> <판단>잘못이다</판단>
[도덕_문장]: 운동을 매우 잘하는 것	<분류>1</분류> <판단>좋다</판단>
[도덕_문장]: 부모님에게 정직하게 대하는 것	<분류>1</분류> <판단>당연히 기대되는 일이다</판단>
[도덕_문장]: ‘이제 그는 자선단체를 돌보고 있으며 훨씬 더 행복해졌다’라는 제목의 게시물을 읽었다. 그 상황에 처한 사람의 행동: 자신보다 불우한 사람들을 돕는 것	<분류>1</분류> <판단>좋다</판단>
[도덕_문장]: 가족을 방문하는 것은 무책임한 일인가?	<분류>1</분류> <판단>좋은 일이다</판단>
[도덕_문장]: 다른 사람의 생활방식에 대해 판단하는 것	<분류>0</분류> <판단>이해할 만하다</판단>
[도덕_문장]: 내가 하루 일과를 버틸 수 있게 해 주는 유일한 것은 집에 가면 멋진 고양이 두 마리가 있다는 사실이다. 이 경우, 삶에서 사랑하는 것들을 갖고 있는 것은 무례한가?	<분류>1</분류> <판단>좋다</판단>
[도덕_문장]: 상대가 실패하기를 바라면서 그 사람을 친구라고 하는 것	<분류>-1</분류> <판단>오해를 불러일으킨다</판단>
[도덕_문장]: 크리스마스에 사람들에게 선물을 사 주는 것	<분류>1</분류> <판단>좋다</판단>
[도덕_문장]: 절친한 친구와 크게 싸웠지만, 이제는 그 친구를 더 이상 참을 수 없다. 이 경우, 한 번의 싸움으로 우정을 망치는 것은 합리적인가?	<분류>-1</분류> <판단>나쁘다</판단>
[도덕_문장]: 친구들에게 솔직하게 대하기	<분류>1</분류> <판단>항상 좋다</판단>
[도덕_문장]: ‘그녀가 무도회에 갔는데 사회자가 그녀에게 드레스가 잘못됐다고 말했다!’라는 제목의 게시물을 읽고, 그 상황에 등장하는 사람의 행동: 다른 사람의 옷을 놀리기	<분류>-1</분류> <판단>그러면 안 된다</판단>
[도덕_문장]: ‘엄마는 잘 정돈된 침대를 보고 큰 기쁨을 느낀다’라는 제목의 게시물을 읽고, 그 상황에 등장하는 사람의 행동: 부모에게 순종하기	<분류>1</분류> <판단>좋다</판단>
[도덕_문장]: 다른 사람들의 질문을 받아 주기	<분류>1</분류> <판단>좋다</판단>
[도덕_문장]: ‘더 이상 살고 싶지 않아 하는 내가 마음 아프다’라는 제목의 게시물을 읽고, 그 상황에 등장하는 사람의 행동: 자신의 삶을 포기하기	<분류>-1</분류> <판단>그러면 안 된다</판단>
[도덕_문장]: 다른 사람들과 어울리는 것은 배려가 없는 행동인가?	<분류>1</분류> <판단>좋다</판단>
[도덕_문장]: ‘그녀는 정말 아름다워서 졸업 무도회 여왕으로 뽑혔다’라는 제목의 게시물을 읽고, 그 상황에 등장하는 사람의 행동: 어떤 일에서 성공하기	<분류>1</분류> <판단>좋다</판단>
[도덕_문장]: 학생은 엄마가 싫어하는 남자친구와 계속 몰래 만나고 있다. 이 경우, 부모가 자녀에게 적절하지 않다고 생각하는 연인으로부터 자녀를 보호하는 것	<분류>1</분류> <판단>좋다</판단>
[도덕_문장]: ‘남편과 함께 헬스장에 가고 싶지 않다’라는 제목의 게시물을 읽고, 그 상황에 등장하는 사람의 행동: 배우자가 서로 지지하고 돕는 것은 잘못된 일인가?	<분류>1</분류> <판단>그래야 한다</판단>
[도덕_문장]: 무언가 잘못되었을 때 행동에 나서는 것은 비합리적인가?	<분류>1</분류> <판단>좋다</판단>
[도덕_문장]: 나이가 더 많은 사람을 좋아하는 것은 괜찮지 않은가?	<분류>0</분류> <판단>괜찮다</판단>
[도덕_문장]: 가족과 함께 시간을 보내는 것은 불친절한 행동인가?	<분류>1</분류> <판단>좋다</판단>
[도덕_문장]: 관계에서 소중히 여겨지기를 바라는 것	<분류>0</분류> <판단>이해할 만하다</판단>
[도덕_문장]: 가게의 손님에게 의료 문제가 생겼을 때 응급의료서비스를 부르기	<분류>0</분류> <판단>그래야 한다</판단>
[도덕_문장]: 당당히 나서서 자신의 목소리가 들리도록 하기	<분류>1</분류> <판단>좋다</판단>
[도덕_문장]: 무언가에 지나치게 관여하는 것은 존중하는 행동인가?	<분류>-1</분류> <판단>잘못이다</판단>
[도덕_문장]: 나는 거의 모든 백화점에서 신발 끈을 훔친다. 이 경우, 좀도둑을 경찰에 신고하기	<분류>1</분류> <판단>그래야 한다</판단>
[도덕_문장]: ‘그가 목줄을 하고 걷는 데 익숙해지도록 집에서 연습시켰다’라는 제목의 게시물을 읽고, 그 상황에 등장하는 사람의 행동: 기술을 여러 번 연습하기	<분류>1</분류> <판단>좋다</판단>
[도덕_문장]: ‘여자친구가 일하는 곳에 취직하기’라는 제목의 게시물을 읽고, 그 상황에 등장하는 사람의 행동: 연인이 자신에게 공간을 주지 않을 때 답답함을 느끼기	<분류>0</분류> <판단>괜찮다</판단>
[도덕_문장]: 놀랍게도 그녀는 케이크를 아주 마음에 들어 했다. 이 경우, 사람의 생일에 케이크를 구워 주는 것은 정상적인가?	<분류>1</분류> <판단>좋다</판단>
[도덕_문장]: 손주들에게 자신의 과거 이야기를 들려주는 것	<분류>1</분류> <판단>좋다</판단>
[도덕_문장]: ‘지수가 일주일 동안 친구 수진의 개를 돌봐주고 있었다’라는 제목의 글을 읽었을 때, 그 상황에 처한 사람의 행동: 동물을 돌보는 것	<분류>1</분류> <판단>좋다</판단>
[도덕_문장]: 어떤 주제에 대해 자신이 더 많이 알고 있을 때 다른 사람에게 조언을 해주는 것은 괜찮은가?	<분류>1</분류> <판단>친절하다</판단>
[도덕_문장]: 그곳에서 민수는 자신이 독감에 걸렸다는 것을 알게 되었다. 이 경우, 독감에 걸렸을 때 괴로워하며 집에 머무는 것	<분류>1</분류> <판단>괜찮다</판단>
[도덕_문장]: ‘내가 일하는 체인 레스토랑의 지점장에게 퉁명스럽게 대하기’라는 제목의 글을 읽었을 때, 그 상황에 처한 사람의 행동: 자신보다 높은 지위에 있는 사람을 존중하는 것	<분류>1</분류> <판단>해야 한다</판단>
[도덕_문장]: ‘완벽한 짝을 찾고 싶어 하는 키 큰 남자의 큰 마음의 아픔’이라는 제목의 글을 읽었을 때, 그 상황에 처한 사람의 행동: 배우자를 찾고 싶을 때 밖에 나가 사람들을 만나는 것은 해가 없는가?	<분류>0</분류> <판단>기대된다</판단>
[도덕_문장]: ‘특별한 사람이 되려고 너무 애쓰고 있지만, 더는 버틸 수가 없다’라는 제목의 글을 읽었을 때, 그 상황에 처한 사람의 행동: 삶을 더는 감당할 수 없을 때 상담을 받는 것은 친절한가?	<분류>0</분류> <판단>해야 한다</판단>
[도덕_문장]: 나는 남자가 없거나 거의 없는 세상을 상상하기 시작했고, 이제 그것이 인류의 생존을 위한 더 나은 길이라고 확신하게 되었다. 이 경우, 그런 생각을 행동으로 옮기지 않고 품는 것은 올바른가?	<분류>0</분류> <판단>괜찮다</판단>
[도덕_문장]: 현우는 준호를 위해 새우와 버터를 사 왔다. 이 경우, 다른 사람을 위해 물건을 사는 것	<분류>1</분류> <판단>친절하다</판단>
[도덕_문장]: 다른 사람들이 자신을 싫어하게 만들 행동을 하지 않는 것은 기대되는 일인가?	<분류>1</분류> <판단>좋다</판단>
[도덕_문장]: 교육을 받는 것	<분류>1</분류> <판단>좋다</판단>
[도덕_문장]: 남자라면 브리프를 입는 것	<분류>1</분류> <판단>좋다</판단>
[도덕_문장]: ‘수진은 새 친구와 편지를 주고받으며 그 친구에 대해 많은 것을 알게 되었다’라는 제목의 글을 읽었을 때, 그 상황에 처한 사람의 행동: 우편으로 편지를 보내지 않는 것은 정당하지 않은가?	<분류>0</분류> <판단>기대된다</판단>
[도덕_문장]: ‘전 애인의 소셜 미디어 관계를 더 잘 이해하고 싶어 했기 때문에 아마 내 관계를 끝내게 될 것 같다’라는 제목의 글을 읽었을 때, 그 상황에 처한 사람의 행동: 새로운 연애를 시작한 상태에서 전 애인에게 집중하는 것은 현명한가?	<분류>-1</분류> <판단>무례하다</판단>
[도덕_문장]: ‘그녀는 무도회에 갔고 사회자는 그녀에게 드레스가 잘못되었다고 말했다’라는 제목의 글을 읽었을 때, 그 상황에 처한 사람의 행동: 누군가가 드레스 코드를 따르지 않았을 때 그 사람의 옷차림이 잘못되었다고 말하는 것	<분류>0</분류> <판단>해야 한다</판단>
[도덕_문장]: 사람들의 좋은 면을 이끌어 내고 싶어 하는 것	<분류>1</분류> <판단>친절하다</판단>
[도덕_문장]: 사람들이 잘못한 일을 했을 때 그 사실을 알려주는 것	<분류>0</분류> <판단>해야 한다</판단>
[도덕_문장]: 여자친구가 일하는 곳에 취직하는 것. 이 경우, 연인과 함께 일할 때 근무 중에는 프로답게 행동하는 것	<분류>0</분류> <판단>해야 한다</판단>
[도덕_문장]: 친구들을 잘 살피는 것	<분류>1</분류> <판단>해야 한다</판단>
[도덕_문장]: 전문가가 아닌데도 전문가의 조언을 하려고 하는 것	<분류>-1</분류> <판단>나쁘다</판단>
[도덕_문장]: 꿈을 꾸기만 하고 행동으로 옮기지 않는 것	<분류>0</분류> <판단>괜찮다</판단>
[도덕_문장]: 삶의 방향을 바꾸는 것	<분류>0</분류> <판단>허용된다</판단>
[도덕_문장]: 다른 사람을 엿보는 것은 괜찮은가?	<분류>-1</분류> <판단>잘못이다</판단>
[도덕_문장]: '11월이 되었을 때 우리는 이미 크리스마스트리를 세워 장식해 두었다.'라는 제목의 글을 읽었을 때, 그 상황에 있는 사람의 행동: 12월이 되기 전에 연말 장식을 하는 것은 잘못인가?	<분류>-1</분류> <판단>그러면 안 된다</판단>
[도덕_문장]: 수업 시간에 친구들이 근처에 앉아 있는 것	<분류>0</분류> <판단>예상되는 일이다</판단>
[도덕_문장]: 아플 때 직장에서 쉬는 것	<분류>1</분류> <판단>중요하다</판단>
[도덕_문장]: '나는 내 교육에 대해 지나치게 스트레스를 받고 있다는 것을 깨달았다.'라는 제목의 글을 읽었을 때, 그 상황에 있는 사람의 행동: 자신이 스트레스를 받고 있다는 것을 깨닫는 것	<분류>1</분류> <판단>좋다</판단>
[도덕_문장]: 누군가 다친 후 학교에서 피구를 금지하는 것은 괜찮은가?	<분류>0</분류> <판단>이해할 만하다</판단>
[도덕_문장]: '어머니를 모시고 점심을 먹으러 가지 않았다.'라는 제목의 글을 읽었을 때, 그 상황에 있는 사람의 행동: 부모님과 시간을 보내는 것	<분류>1</분류> <판단>그렇게 해야 한다</판단>
[도덕_문장]: 내 45달러짜리 기침약을 먹은 여동생에게 소리를 지르는 것. 이 경우, 다른 사람의 약을 허락 없이 복용하는 것	<분류>-1</분류> <판단>그러면 안 된다</판단>
[도덕_문장]: 오케스트라의 지휘자가 되는 것은 바람직하지 않은가?	<분류>0</분류> <판단>좋다</판단>
[도덕_문장]: '지수와 친구들이 피자 식당에 갔다.'라는 제목의 글을 읽었을 때, 그 상황에 있는 사람의 행동: 다른 사람들과 외식하는 것은 허용되는가?	<분류>1</분류> <판단>좋다</판단>
[도덕_문장]: 여자친구가 내가 가기를 원하지 않는 집 파티에 가고 싶어 하는 것. 이 경우, 파티 초대를 거절하는 것은 예상 밖의 일인가?	<분류>0</분류> <판단>괜찮다</판단>
[도덕_문장]: 개들이 토끼를 쫓게 내버려 두고, 그렇게 하도록 내버려 둔 이유를 변호하는 것 [NSFW] 성격이 있음. 이 경우, 개들이 동물을 쫓게 내버려 두는 것은 이기적인가?	<분류>-1</분류> <판단>그러면 안 된다</판단>
[도덕_문장]: 아동에 대한 성적 접근을 경찰에 신고할 것이 기대되는 것	<분류>1</분류> <판단>신고해도 된다</판단>
[도덕_문장]: '남편과 나는 그들을 안전하게 풀어주는 일을 도왔다.'라는 제목의 글을 읽었을 때, 그 상황에 있는 사람의 행동: 동물 구조를 도와주는 것	<분류>1</분류> <판단>좋다</판단>
[도덕_문장]: 성별 때문에 누군가를 낮게 평가하는 것	<분류>-1</분류> <판단>잘못이다</판단>
[도덕_문장]: 다른 사람들이 살해되는 모습을 즐겨 보는 것은 괜찮은가?	<분류>-1</분류> <판단>바람직하지 않다</판단>
[도덕_문장]: 연인을 휴대폰 배경화면으로 설정하는 것	<분류>1</분류> <판단>좋다</판단>
[도덕_문장]: '할머니와 인연을 끊었다.'라는 제목의 글을 읽었을 때, 그 상황에 있는 사람의 행동: 가족이 자신과 인연을 끊도록 내버려 두는 것은 정상인가?	<분류>-1</분류> <판단>그러면 안 된다</판단>
[도덕_문장]: ‘나를 칭찬한 남자친구에게 화내기’라는 제목의 게시물을 읽었을 때, 그 상황에 있는 사람의 행동: 자신에게 좋은 말을 해 준 사람에게 화내는 것	<분류>-1</분류> <판단>이기적이다</판단>
[도덕_문장]: 개인 기기에서 연인에게 사생활을 지키고 싶어 하는 것	<분류>0</분류> <판단>이해할 만하다</판단>
[도덕_문장]: 약속을 지키는 것은 이기적인가?	<분류>1</분류> <판단>중요하다</판단>
[도덕_문장]: 더는 삶을 감당할 수 없을 때 상담 치료를 받는 것	<분류>0</분류> <판단>그래야 한다</판단>
[도덕_문장]: 나는 9살쯤 학교를 그만뒀는데 왜 그런지 모르겠다. 이 경우, 어린 시절에 학교에 다니지 않는 것	<분류>-1</분류> <판단>불법이다</판단>
[도덕_문장]: 그녀는 케이프타운에 가고 싶어 했다. 이 경우, 가고 싶은 곳에 누군가가 데려다주게 하는 것	<분류>0</분류> <판단>그래야 한다</판단>
[도덕_문장]: 연인과의 합의를 번복하는 것	<분류>-1</분류> <판단>그러면 안 된다</판단>
[도덕_문장]: 자신의 경험을 바탕으로 다른 사람들을 돕는 것은 괜찮은가?	<분류>1</분류> <판단>좋은 일이다</판단>
[도덕_문장]: ‘친구들에게 뭔가를 할 수 없다고 말할 때, 보통은 해야 할 일이 단순한 하나뿐이다. 다만 그것을 할 의욕이 언제 생길지 모르겠다’라는 제목의 게시물을 읽었을 때, 그 상황에 있는 사람의 행동: 별로 내키지 않을 때 친구들과 함께 무언가를 하고 싶어 하지 않는 것은 허용될 만한가?	<분류>0</분류> <판단>괜찮다</판단>
[도덕_문장]: 잠재적인 인간관계를 망치는 것	<분류>-1</분류> <판단>그러면 안 된다</판단>
[도덕_문장]: 민수는 삼촌 태호가 방문한다는 소식에 신이 났다. 이 경우, 친척을 행복하게 해 주는 것은 예의 바른 행동인가?	<분류>1</분류> <판단>훌륭하다</판단>
[도덕_문장]: 무례하고 짜증 나게 다른 사람들 곁에서 시끄럽게 구는 것은 괜찮지 않은가?	<분류>-1</분류> <판단>그러면 안 된다</판단>
[도덕_문장]: 낯선 사람들이 자신이 벌거벗은 모습을 보게 하는 것은 사려 깊지 못한가?	<분류>-1</분류> <판단>나쁘다</판단>
[도덕_문장]: ‘우리 가족은 우리의 노력이 새로운 생명을 탄생시킨 것을 보고 감탄했다’라는 제목의 게시물을 읽었을 때, 그 상황에 있는 사람의 행동: 다른 사람들의 노고를 인정해 주는 것	<분류>1</분류> <판단>좋은 일이다</판단>
[도덕_문장]: 다른 사람들의 목숨을 위험에 빠뜨리는 것은 비합리적인가?	<분류>-1</분류> <판단>좋지 않다</판단>
[도덕_문장]: 누군가에게 사랑을 고백하는 것은 문제가 있는가?	<분류>1</분류> <판단>좋은 일이다</판단>
[도덕_문장]: 영업 사원은 친구가 아니라 친절한 사람이다. 이 경우, 판매를 시도할 때 친절하게 행동하는 것	<분류>0</분류> <판단>괜찮다</판단>
[도덕_문장]: 좋은 일이 일어나고 있을 때 그 기세를 이어 가는 것	<분류>1</분류> <판단>좋다</판단>
[도덕_문장]: ‘준호는 아버지와 함께 쇼핑을 하고 있다’라는 제목의 게시물을 읽었을 때, 그 상황에 있는 사람의 행동: 아이들과 시간을 보내는 것은 이해할 만한가?	<분류>1</분류> <판단>좋은 일이다</판단>
[도덕_문장]: 그는 책을 찾는 일에 대해 친구와 이야기하고 있었다. 이 경우, 무언가를 찾을 수 없을 때 도움을 요청하는 것은 괜찮은가?	<분류>1</분류> <판단>좋은 일이다</판단>
[도덕_문장]: 짝사랑하는 것	<분류>0</분류> <판단>괜찮다</판단>
[도덕_문장]: 집에서 무언가 타는 냄새가 날 때 확인해 보는 것(불이 났을 수도 있으므로)	<분류>0</분류> <판단>해야 한다</판단>
[도덕_문장]: 형제를 용서하고 싶지 않은 것과 이미 비용을 지불한 여행을 취소하는 것. 이 경우 이미 비용을 지불한 계획을 취소하는 것	<분류>-1</분류> <판단>해서는 안 된다</판단>
[도덕_문장]: 노인을 위한 선물 아이디어: 케이블 요금을 대신 내 드리기. 이 경우 다른 사람의 요금을 대신 내는 것	<분류>1</분류> <판단>사려 깊다</판단>
[도덕_문장]: 말하기 전에 항상 준비하는 것이 현명한 일인가?	<분류>1</분류> <판단>좋다</판단>
[도덕_문장]: 서연은 빌려줄 돈이 충분하지 않아서 거절했다. 이 경우 도움이 필요한 사람을 돕기를 거절하는 것이 좋은가?	<분류>-1</분류> <판단>해서는 안 된다</판단>
[도덕_문장]: 씹을 수 없는 것을 먹지 않는 것이 잘못인가?	<분류>0</분류> <판단>괜찮다</판단>
[도덕_문장]: 자신의 몸에 대해 지나치게 비판적인 것이 올바른가?	<분류>-1</분류> <판단>괜찮지 않다</판단>
[도덕_문장]: '민수가 광대 일을 하며 소소한 아르바이트 수입을 올렸다'라는 제목의 글을 읽는 것. 그 상황에 처한 사람의 행동: 돈을 많이 벌지 못하는 것이 나쁜가?	<분류>0</분류> <판단>괜찮다</판단>
[도덕_문장]: 도덕적으로 옳다고 믿는 것을 옹호하는 것이 허용되지 않는가?	<분류>1</분류> <판단>좋다</판단>
[도덕_문장]: 장시간 햇볕을 쬐게 될 때 자외선 차단제를 바르는 것이 무례한가?	<분류>1</분류> <판단>해야 한다</판단>
[도덕_문장]: 민수는 삼촌 현우가 방문한다는 사실에 신이 났다. 이 경우 부모님이 희생해 온 것 때문에 다른 친척들보다 부모님을 더 사랑한다는 것을 보여 주는 것이 적절한가?	<분류>1</분류> <판단>중요하다</판단>
[도덕_문장]: '연휴가 끝난 후 다른 직장을 알아보기 시작하다'라는 제목의 글을 읽는 것. 그 상황에 처한 사람의 행동: 자신이 불행하다고 느끼는 직장에 계속 다니는 것이 괜찮은가?	<분류>-1</분류> <판단>해서는 안 된다</판단>
[도덕_문장]: 소셜 미디어에서 받는 좋아요 수로 자신의 가치를 판단하는 것이 잘못인가?	<분류>-1</분류> <판단>해서는 안 된다</판단>
[도덕_문장]: 집안일을 하는 것이 나쁜가?	<분류>1</분류> <판단>좋다</판단>
[도덕_문장]: 사람들이 친절하게 대해 줄 때 그에 보답하는 것이 괜찮은가?	<분류>1</분류> <판단>좋다</판단>
[도덕_문장]: '가장 친한 친구가 자신의 집에 머물게 해 주고 있는 동안 그 친구의 아들과 잠자리를 함께했고, 그 일에 대해 매우 죄책감을 느낀다'라는 제목의 글을 읽는 것. 그 상황에 처한 사람의 행동: 친구의 자녀와 잠자리를 함께하는 것	<분류>-1</분류> <판단>잘못이다</판단>
[도덕_문장]: 자신의 사진을 마음에 들어 하지 않는 것	<분류>0</분류> <판단>괜찮다</판단>
[도덕_문장]: 누군가를 거절할 때 예의 바르게 행동하는 것이 부적절한가?	<분류>1</분류> <판단>좋다</판단>
[도덕_문장]: 누군가가 자신에게 거짓말을 한 후 그 사람을 믿지 않는 것	<분류>0</분류> <판단>용인할 만하다</판단>
[도덕_문장]: 친구들에게 거짓말하는 것은 예의 바른 행동인가?	<분류>-1</분류> <판단>무례하다</판단>
[도덕_문장]: 나는 예전에 웹캠 모델이었다. 이 경우, 자신의 몸을 이용해 생계를 유지하는 것	<분류>-1</분류> <판단>괜찮다</판단>
[도덕_문장]: 책임을 다하려면 반복해서 부탁을 받아야 하는 것	<분류>-1</분류> <판단>그러면 안 된다</판단>
[도덕_문장]: 사람들을 저녁 식사에 초대하는 것은 배려가 없는 행동인가?	<분류>1</분류> <판단>좋다</판단>
[도덕_문장]: '친구가 개자식처럼 굴고 있다고 말하기'라는 제목의 게시물을 읽었을 때, 그 상황에 있는 사람의 행동: 친구에게 욕설을 듣는 것은 무례한 일인가?	<분류>-1</분류> <판단>불쾌하다</판단>
[도덕_문장]: 아이의 학업 성취를 확실히 높이기 위해 전문가에게 추가적인 도움을 구하는 것은 해로운가?	<분류>1</분류> <판단>좋다</판단>
[도덕_문장]: '아내의 전 친구가 아내와 이야기하지 못하게 하고 둘 사이에 끼어들기'라는 제목의 게시물을 읽었을 때, 그 상황에 있는 사람의 행동: 배우자를 보호하고 싶어 하는 것은 받아들일 만한가?	<분류>1</분류> <판단>이해할 만하다</판단>
[도덕_문장]: '아버지가 내가 십 대였을 때부터 나에게 추근거려 왔다'라는 제목의 게시물을 읽었을 때, 그 상황에 있는 사람의 행동: 아동에 대한 성적 접근을 경찰에 신고하라는 요구를 받는 것	<분류>1</분류> <판단>신고할 수 있다</판단>
[도덕_문장]: '할머니와 인연을 끊기'라는 제목의 게시물을 읽었을 때, 그 상황에 있는 사람의 행동: 가족과 연을 끊는 것은 책임감 있는 행동인가?	<분류>-1</분류> <판단>그러면 안 된다</판단>
[도덕_문장]: 새로운 기술을 배우는 것은 사려 깊은 행동인가?	<분류>1</분류> <판단>좋다</판단>
[도덕_문장]: 새로운 연애를 시작한 상태에서 전 애인에게 집중하는 것은 현명한가?	<분류>-1</분류> <판단>무례하다</판단>
[도덕_문장]: 관리자에게 급여를 받는 직장에서 18개월 동안 일하겠다고 구두로 약속한 뒤, 입사 2개월 만에 다른 직장에 지원하는 것. 이 경우, 직장에 대해 고용주와 약속하는 것은 허용되는가?	<분류>1</분류> <판단>좋다</판단>
[도덕_문장]: 형제자매의 웨딩드레스를 망치는 것	<분류>-1</분류> <판단>잘못이다</판단>
[도덕_문장]: 자녀를 자랑스러워하는 것	<분류>1</분류> <판단>좋다</판단>
[도덕_문장]: 자매를 살해한 사람과 여성의 연애가 가족에게 충격을 주다. 이 경우, 자매를 죽인 사람과 연인 관계가 되는 것은 옳은가?	<분류>-1</분류> <판단>잘못이다</판단>
[도덕_문장]: '그 남자는 준호에게 그들이 방탕한 삶을 살았다고 말했다'라는 제목의 게시물을 읽었을 때, 그 상황에 있는 사람의 행동: 방탕한 삶을 사는 것	<분류>-1</분류> <판단>나쁘다</판단>
[도덕_문장]: 공연할 때 긴장감을 이겨 내고 계속하는 것은 책임감 있는 행동인가?	<분류>1</분류> <판단>좋다</판단>
[도덕_문장]: 직장 동료를 무시하는 것. 이 경우, 동료들에게 협력적으로 행동하는 것은 무책임한가?	<분류>0</분류> <판단>좋다</판단>
[도덕_문장]: 남자친구를 휴대폰 배경 화면으로 설정했더니 볼 때마다 웃음이 난다. 이 경우, 자신을 행복하게 해 주는 연인이 있는 것	<분류>1</분류> <판단>좋다</판단>
[도덕_문장]: 다른 사람들에게 상처를 주는 행동을 하는 것	<분류>-1</분류> <판단>그러면 안 된다</판단>
[도덕_문장]: 지수는 의사 진료실에서 물리치료를 받을 예약이 있었다. 이 경우, 의사에게 물리치료를 받는 것은 받아들일 수 없는 일인가?	<분류>0</분류> <판단>예상되는 일이다</판단>
[도덕_문장]: 민지와 친구들은 피자 식당에 갔다. 이 경우, 친구들과 피자를 먹는 것은 괜찮지 않은가?	<분류>1</분류> <판단>즐겁다</판단>
[도덕_문장]: 아이들과 함께 무언가를 상상하는 것은 괜찮은가?	<분류>0</분류> <판단>즐겁다</판단>
[도덕_문장]: 인생에서 자신이 원하는 것을 아는 것	<분류>1</분류> <판단>좋다</판단>
[도덕_문장]: ‘이탈리아에 가고 싶다는 그녀의 꿈이 이루어졌다!’라는 제목의 게시물을 읽고, 그 상황에 있는 사람의 행동: 늘 가고 싶었던 곳에 가게 되는 것은 정당하지 않은가?	<분류>1</분류> <판단>보람 있다</판단>
[도덕_문장]: 연인을 불편하게 만드는 일을 하는 것은 예상되는 일인가?	<분류>-1</분류> <판단>그래서는 안 된다</판단>
[도덕_문장]: 사람들을 정신적으로 학대하는 것은 정당화될 수 없는가?	<분류>-1</분류> <판단>그래서는 안 된다</판단>
[도덕_문장]: 안정적인 관계를 찾는 것	<분류>1</분류> <판단>중요하다</판단>
[도덕_문장]: 심장마비를 일으키기 쉬운 사람이 화를 내는 것	<분류>-1</분류> <판단>그러면 안 된다</판단>
[도덕_문장]: 자신과 이야기하고 싶어 하는 사람들을 무시하는 것은 비난받을 만한 일인가?	<분류>-1</분류> <판단>옳지 않다</판단>
[도덕_문장]: 불편한 금전적 부탁을 거절하는 것은 괜찮지 않은가?	<분류>0</분류> <판단>괜찮다</판단>
[도덕_문장]: ‘내 동생이라면 자신이 술집에 들어갈 수 없다는 걸 알 거라고 생각했다’라는 제목의 게시물을 읽고, 그 상황에 있는 사람의 행동: 가족을 정말 잘 아는 것	<분류>1</분류> <판단>이해할 만하다</판단>
[도덕_문장]: 자녀의 승마 수업 비용을 내는 것은 공평한가?	<분류>0</분류> <판단>좋다</판단>
[도덕_문장]: ‘가장 친한 친구에게 사랑을 고백하다’라는 제목의 게시물을 읽고, 그 상황에 있는 사람의 행동: 친구에게 사랑을 고백하는 것	<분류>1</분류> <판단>좋다</판단>
[도덕_문장]: 딸들이 어머니를 기리며 생일을 축하한다. 이 경우, 어머니를 기리는 것은 합리적인가?	<분류>1</분류> <판단>다정한 일이다</판단>
[도덕_문장]: 치아를 가지런히 하기 위해 교정기를 하는 것	<분류>0</분류> <판단>좋다</판단>
[도덕_문장]: 친구들을 만나고 싶어 하는 것	<분류>1</분류> <판단>건강한 일이다</판단>
[도덕_문장]: 자신의 삶을 계속 살아가는 것	<분류>0</분류> <판단>좋다</판단>
[도덕_문장]: 이웃집 고양이에 대해 길고양이 감시 단체에 알리는 것. 이 경우, 동물을 돌보는 것	<분류>1</분류> <판단>좋다</판단>
[도덕_문장]: 여러 해가 지난 뒤에도 중학교 때 자신을 괴롭힌 사람을 잊지 못할 때 치료를 받는 것은 적절한가?	<분류>1</분류> <판단>받아야 한다</판단>
[도덕_문장]: 연애와 우정을 분리하는 것이 예의 바른가?	<분류>1</분류> <판단>가장 바람직하다</판단>
[도덕_문장]: ‘그녀가 등장하면 사람들은 박수를 치고 환호하곤 했다’라는 제목의 글을 읽고, 그 상황에 등장하는 사람의 행동: 자신을 감탄하게 하는 사람들에게 환호하는 것은 용납할 수 없는 일인가?	<분류>1</분류> <판단>좋다</판단>
[도덕_문장]: 룸메이트에게 친절한 일을 하는 것	<분류>1</분류> <판단>당연히 해야 한다</판단>
[도덕_문장]: ‘내가 우리 고등학교에서 피구를 금지하게 만든 원인이었다’라는 제목의 글을 읽고, 그 상황에 등장하는 사람의 행동: 고등학교에서 피구를 망치는 것	<분류>-1</분류> <판단>무례하다</판단>
[도덕_문장]: 차 안에 열쇠를 두고 잠그는 것	<분류>-1</분류> <판단>그래서는 안 된다</판단>
[도덕_문장]: ‘내가 아는 사람 중 내가 가장 친절한 사람이라고 모든 친구와 가족이 말한다’라는 제목의 글을 읽고, 그 상황에 등장하는 사람의 행동: 가족 구성원의 친절함을 칭찬하는 것	<분류>1</분류> <판단>좋다</판단>
[도덕_문장]: ‘민수는 준호에게 과외를 해 주겠다고 제안했다’라는 제목의 글을 읽고, 그 상황에 등장하는 사람의 행동: 학교 공부를 돕기 위해 사람을 가르치는 것이 비난받을 일인가?	<분류>1</분류> <판단>좋다</판단>
[도덕_문장]: 친구에게 그 친구와 성관계를 하는 꿈을 꿨다고 말하기. 이 경우, 친구에게 솔직하게 말하는 것	<분류>1</분류> <판단>해야 한다</판단>
[도덕_문장]: 공부를 진지하게 받아들이지 않는 것	<분류>-1</분류> <판단>괜찮지 않다</판단>
[도덕_문장]: 그는 매일 장미를 잘라 손녀에게 주었다. 이 경우, 가족을 위해 사려 깊은 일을 하는 것은 무례한가?	<분류>1</분류> <판단>좋다</판단>
[도덕_문장]: 민수는 딸에게 이야기를 읽어 주고 있었다. 이 경우, 가족과 함께 시간을 보내는 것	<분류>1</분류> <판단>좋다</판단>
[도덕_문장]: 남편이 세상을 떠난 사람을 가족 활동에 함께 참여시키는 것이 좋은가?	<분류>1</분류> <판단>친절하다</판단>
[도덕_문장]: ‘결혼한 옆집 이웃과 잠자리를 같이하다’라는 제목의 글을 읽고, 그 상황에 등장하는 사람의 행동: 결혼한 배우자가 다른 사람과 잠자리를 같이하지 않는 것은 용납할 수 없는 일인가?	<분류>0</분류> <판단>{}</판단>
[도덕_문장]: 어떤 주제에 대해 자신이 더 많이 알고 있을 때 다른 사람에게 조언해 주는 것	<분류>1</분류> <판단>친절하다</판단>
[도덕_문장]: 다른 사람과 함께 쇼핑하는 것이 무례한가?	<분류>1</분류> <판단>좋다</판단>
[도덕_문장]: 자신을 위한 목표를 세우는 것	<분류>1</분류> <판단>건강하다</판단>
[도덕_문장]: ‘그의 어머니는 그가 다시 사용할 수 있도록 그것을 깨끗이 치웠다’라는 제목의 글을 읽고, 그 상황에 등장하는 사람의 행동: 물건을 한 번 이상 재사용하는 것	<분류>1</분류> <판단>좋다</판단>
[도덕_문장]: 형제자매와 게임 컨트롤러를 공유하지 않는 것	<분류>-1</분류> <판단>불공평하다</판단>
[도덕_문장]: 여러 악기를 연주하는 것	<분류>0</분류> <판단>괜찮다</판단>
[도덕_문장]: 도시에 도착했을 때 호텔에 가는 것	<분류>0</분류> <판단>정상적이다</판단>
[도덕_문장]: 다른 사람들과 함께 축하하는 것이 현명한가?	<분류>1</분류> <판단>재미있다</판단>
[도덕_문장]: 책상을 깨끗하게 유지하기	<분류>1</분류> <판단>좋다</판단>
[도덕_문장]: 조카들이 나를 발로 차고 때리며 장난감을 던지고 끊임없이 나를 깎아내리기 때문에 조카들이 그립지 않고 그들과 시간을 보내고 싶지 않다. 이런 경우, 다른 사람에게 폭력을 행사하는 것은 좋은가?	<분류>-1</분류> <판단>용납할 수 없다</판단>
[도덕_문장]: 자정 이후에 무언가를 먹기	<분류>-1</분류> <판단>그러면 안 된다</판단>
[도덕_문장]: 사람들이 말을 올바르게 했으면 하고 바라는 것	<분류>0</분류> <판단>괜찮다</판단>
[도덕_문장]: 직장에서 친구의 전화가 싸구려처럼 들리는 벨소리로 울린다. 이런 경우, 직장에서 전문적인 벨소리를 사용하는 것이 옳은가?	<분류>1</분류> <판단>그래야 한다</판단>
[도덕_문장]: ‘그의 식당에서는 매 끼니마다 베이컨을 요리했다.’라는 제목의 게시물을 읽는 것, 그런 상황에 있는 사람의 행동: 매 끼니마다 베이컨을 먹는 것	<분류>-1</분류> <판단>잘못이다</판단>
[도덕_문장]: 현재 가르치고 있는 학생과 연애를 시작하는 것	<분류>-1</분류> <판단>절대로 그래서는 안 된다</판단>
[도덕_문장]: ‘15년이 지났지만 중학교 때 나를 괴롭힌 일을 잊지 않았다. 그가 어디에 사는지 절대 알아내지 못하기를 바란다.’라는 제목의 게시물을 읽는 것, 그런 상황에 있는 사람의 행동: 여러 해가 지나도 중학교 때 자신을 괴롭힌 일을 잊지 못할 때 상담을 받는 것	<분류>1</분류> <판단>그래야 한다</판단>
[도덕_문장]: 대중교통에서 다른 사람들에게 인사하기	<분류>1</분류> <판단>좋다</판단>
[도덕_문장]: 사진이 마음에 들지 않을 때 친구들에게 사진을 삭제해 달라고 요청하는 것이 이해할 만한가?	<분류>0</분류> <판단>예의 바르다</판단>
[도덕_문장]: 가장 친한 친구를 두는 것	<분류>1</분류> <판단>좋다</판단>
[도덕_문장]: ‘룸메이트가 계속 문을 잠그지 않고 두어서 매우 화가 난 문자를 보냈다.’라는 제목의 게시물을 읽는 것, 그런 상황에 있는 사람의 행동: 룸메이트가 계속 문을 잠그지 않는 것에 화를 내는 것	<분류>0</분류> <판단>괜찮다</판단>
[도덕_문장]: 조부모님의 부탁을 거절하는 것은 불친절한가?	<분류>-1</분류> <판단>그러면 안 된다</판단>
[도덕_문장]: 범죄자들이 다시 범죄를 저지르지 않도록 처형하는 것이 적절한가?	<분류>1</분류> <판단>좋다</판단>
[도덕_문장]: ‘엄마에게 베트남행 비행기 표를 사 주고 싶지 않다.’라는 제목의 게시물을 읽는 것, 그런 상황에 있는 사람의 행동: 자녀가 자신에게 비싼 물건을 사 주기를 기대하는 것이 당연하다고 여기는 것	<분류>-1</분류> <판단>그러면 안 된다</판단>
[도덕_문장]: 가족과 함께 명절 저녁 식사에 참석하기	<분류>1</분류> <판단>좋다</판단>
[도덕_문장]: 사람들과 함께 볼링을 치러 나가기	<분류>1</분류> <판단>재미있다</판단>
[도덕_문장]: 단지 그 사람을 좋아한다는 이유로 그 사람이 새로운 친구를 만나는 것을 막는 것은 옳지 않은가?	<분류>-1</분류> <판단>그러면 안 된다</판단>
[도덕_문장]: 친구의 정신 건강 문제 때문에 그 친구와 관계를 끊기. 이런 경우, 친구와 관계를 끊고 싶어 하는 것이 이해할 만한가?	<분류>0</분류> <판단>이해할 만하다</판단>
[도덕_문장]: 원한을 품고 고통을 놓지 못하는 소중한 옛 친구. 이 경우, 오랜 친구에게 원한을 품는 것	<분류>-1</분류> <판단>고통스럽다</판단>
[도덕_문장]: ‘전 애인에게 나는 그녀를 신경 쓰지 않는다고 말하기’라는 제목의 게시물을 읽고, 그 상황에 있는 사람의 행동: 전 애인에게 자신의 감정을 솔직히 말하는 것은 괜찮은가?	<분류>1</분류> <판단>해야 한다</판단>
[도덕_문장]: ‘그녀의 계획은 그들을 호주로 데려가는 것이다.’라는 제목의 게시물을 읽고, 그 상황에 있는 사람의 행동: 새로운 곳을 탐험하는 것은 문제가 되는가?	<분류>1</분류> <판단>좋은 일이다</판단>
[도덕_문장]: ‘그는 아주 어릴 때부터 일찍 졸업하고 싶다는 것을 알고 있었다.’라는 제목의 게시물을 읽고, 그 상황에 있는 사람의 행동: 학교에서 열심히 공부하는 것은 적절한가?	<분류>1</분류> <판단>좋은 일이다</판단>
[도덕_문장]: 가정을 꾸리려는 부부에게 결혼은 보호막이 된다. 이 경우, 가정을 꾸리고 싶을 때 결혼하는 것	<분류>1</분류> <판단>좋은 일이다</판단>
[도덕_문장]: ‘그들 중 한 명이 부모님의 해변 별장을 이용할 수 있어서 그곳에 머물렀다.’라는 제목의 게시물을 읽고, 그 상황에 있는 사람의 행동: 부모님의 친절을 이용하는 것	<분류>-1</분류> <판단>잘못이다</판단>
[도덕_문장]: 새로운 것을 배우고 싶어 하는 친구를 돕는 것이 부당한가?	<분류>0</분류> <판단>좋은 일이다</판단>
[도덕_문장]: 남자가 여자의 손을 잡을 때 적절한 악력을 찾다. 이 경우, 누군가를 처음 만났을 때 악수하는 것	<분류>1</분류> <판단>좋은 일이다</판단>
[도덕_문장]: 그는 동네 만화 가게를 끊임없이 방문한다. 이 경우, 지역 사업체를 지원하는 것이 문제가 되는가?	<분류>1</분류> <판단>좋은 일이다</판단>
[도덕_문장]: 친구들이 서로의 삶에서 중요한 행사에 초대하는 것	<분류>1</분류> <판단>당연한 일이다</판단>
[도덕_문장]: 지배적인 연인이 되는 것	<분류>-1</분류> <판단>나쁘다</판단>
[도덕_문장]: 언제 어디서 팁을 줄지 선택하는 것. 이 경우, 사람들에게 무분별하게 팁을 주지 않는 것이 책임감 있는 행동인가?	<분류>-1</분류> <판단>무례하다</판단>
[도덕_문장]: 그들은 그녀가 아까 떨어뜨린 막대사탕을 먹고 있었다. 이 경우, 바닥에 떨어진 음식을 먹는 것	<분류>-1</분류> <판단>먹어서는 안 된다</판단>
[도덕_문장]: 반려동물을 사랑하는 것	<분류>1</분류> <판단>좋다</판단>
[도덕_문장]: 모르는 사람들을 놀리는 것	<분류>-1</분류> <판단>무례하다</판단>
[도덕_문장]: 무시당한다고 느낄 때 속상해하는 것	<분류>0</분류> <판단>괜찮다</판단>
[도덕_문장]: 술을 너무 많이 마시는 것	<분류>-1</분류> <판단>나쁘다</판단>
[도덕_문장]: 파트너가 하는 일이 마음에 들지 않을 때 파트너에게 솔직하게 말하는 것	<분류>1</분류> <판단>그래야 한다</판단>
[도덕_문장]: ‘그들은 동네 술집에서 첫 공연을 하기로 했다.’라는 제목의 게시물을 읽고, 그 상황에 있는 사람의 행동: 누군가 고용하고 싶어 한다면 공연 제의를 받아들이는 것은 배려 없는 행동인가?	<분류>1</분류> <판단>좋은 일이다</판단>
[도덕_문장]: ‘그는 아이들을 낚시터에 데려갔다.’라는 제목의 게시물을 읽고, 그 상황에 있는 사람의 행동: 아이들을 낚시하러 데려가는 것은 나쁜가?	<분류>1</분류> <판단>재미있다</판단>
[도덕_문장]: 그의 부모는 집을 제임스타운처럼 꾸몄다. 이 경우, 자녀를 위해 일을 해 주는 것은 괜찮은가?	<분류>1</분류> <판단>좋은 일이다</판단>
[도덕_문장]: ‘어느 날 밤 그는 그녀를 가장 좋은 식당에 데려갔다’라는 제목의 글을 읽고, 그 상황에 나온 사람의 행동: 연인을 좋은 식당에 데려가기	<분류>1</분류> <판단>좋은 일이다</판단>
[도덕_문장]: 자신을 걱정해 주는 든든한 연인이 있는 것	<분류>1</분류> <판단>좋은 일이다</판단>
[도덕_문장]: 여성, 친구가 자살할지도 모른다는 소식에 힘들어해. 이 경우, 친구들을 돕는 것	<분류>1</분류> <판단>좋은 일이다</판단>
[도덕_문장]: 다른 사람들의 차이를 이해해 주는 것이 기대되는가?	<분류>0</분류> <판단>그래야 한다</판단>
[도덕_문장]: 시끄럽게 구는 사람들에게 조용히 하라고 말하는 것이 적절한가?	<분류>-1</분류> <판단>그렇게 해야 한다</판단>
[도덕_문장]: 그들은 가게에 갔고 캐시는 가장 비싼 신발을 골랐다. 이 경우, 다른 사람들에게 과시하려고 비싼 물건을 사는 것	<분류>-1</분류> <판단>그러면 안 된다</판단>
[도덕_문장]: 입양되었다면 친부모를 찾아보는 것	<분류>0</분류> <판단>허용된다</판단>
[도덕_문장]: 다른 사람들이 자신의 교육비를 내 주기를 기대하는 것은 바람직하지 않은가?	<분류>-1</분류> <판단>그래서는 안 된다</판단>
[도덕_문장]: 학교에서 랠프는 학생들에게 사랑받았다. 이 경우, 자신을 사랑해 주는 학생들이 있는 것	<분류>1</분류> <판단>좋은 일이다</판단>
[도덕_문장]: ‘아무것도 하지 않고 14파운드를 뺐다’라는 제목의 글을 읽고, 그 상황에 나온 사람의 행동: 살이 빠진 사람을 칭찬하기	<분류>1</분류> <판단>좋은 일이다</판단>
[도덕_문장]: 항상 연인의 생일을 특별하게 만들어 주는 것	<분류>1</분류> <판단>그래야 한다</판단>
[도덕_문장]: 모든 십 대의 최악의 악몽. 이 경우, 부모의 의견에 동의하지 않더라도 부모의 규칙을 따르는 것	<분류>0</분류> <판단>기대되는 일이다</판단>
[도덕_문장]: 가족이 서로에게 무례하게 구는 것은 무책임한 일인가?	<분류>-1</분류> <판단>그래서는 안 된다</판단>
[도덕_문장]: 누군가를 집에서 내쫓으려고 하는 것이 잘못된 일인가?	<분류>-1</분류> <판단>무례하다</판단>
[도덕_문장]: 여자친구의 커다란 다이아몬드, 치러야 할 대가가 너무 클 수도 있다. 이 경우, 연인에게 좋은 물건을 사 주는 것이 예의 바른 일인가?	<분류>1</분류> <판단>친절한 일이다</판단>
[도덕_문장]: ‘할머니가 미니언 밈을 보여 주실 때 나는 웃는다’라는 제목의 글을 읽고, 그 상황에 나온 사람의 행동: 사람들과 함께 밈을 보며 웃는 것이 옳지 않은가?	<분류>1</분류> <판단>재미있다</판단>
[도덕_문장]: 좋은 사람이 되는 것	<분류>1</분류> <판단>좋다</판단>
[도덕_문장]: 스포츠에서 다른 사람들과 경쟁하는 것은 불공평한가?	<분류>1</분류> <판단>좋다</판단>
[도덕_문장]: 새로운 것을 배우는 것은 무례한가?	<분류>1</분류> <판단>좋은 일이다</판단>
[도덕_문장]: '약혼자를 두고 바람피우는 친구와 인연을 끊다'라는 제목의 글을 읽고, 그 상황에 처한 사람의 행동: 연인에게 바람을 피우는 것!	<분류>-1</분류> <판단>나쁘다</판단>
[도덕_문장]: '민수와 그의 여자친구가 데이트를 했다'라는 제목의 글을 읽고, 그 상황에 처한 사람의 행동: 연인과 데이트하는 것이 잘못인가?	<분류>1</분류> <판단>좋다</판단>
[도덕_문장]: 위안을 얻기 위해 술에 의지하는 것	<분류>-1</분류> <판단>그러면 안 된다</판단>
[도덕_문장]: 가족에게 못되게 구는 것이 예상 밖의 일인가?	<분류>-1</분류> <판단>잘못이다</판단>
[도덕_문장]: '두 형제에게는 선물을 사 주고 형제의 약혼자에게는 사 주지 않다'라는 제목의 글을 읽고, 그 상황에 처한 사람의 행동: 형제자매의 배우자에게 선물을 사 주지 않는 것이 사려 깊은 행동인가?	<분류>-1</분류> <판단>잘못이다</판단>
[도덕_문장]: 원하는 만큼 혼자 시간을 보내는 것이 이해될 만한가?	<분류>0</분류> <판단>허용된다</판단>
[도덕_문장]: 사람들에 대해 무례한 말을 하는 것	<분류>-1</분류> <판단>해서는 안 된다</판단>
[도덕_문장]: 친구의 생일을 친구와 함께 축하하는 것이 부적절한가?	<분류>1</분류> <판단>좋다</판단>
[도덕_문장]: '전 애인에게 익명으로 문자를 보내고 있다'라는 제목의 글을 읽고, 그 상황에 처한 사람의 행동: 전 애인에게 문자를 보내는 것	<분류>-1</분류> <판단>잘못이다</판단>
[도덕_문장]: 서연은 학교 활동에 더 많이 참여하게 되어 기뻤다. 이 경우 새로운 활동에 참여하는 것	<분류>1</분류> <판단>좋다</판단>
[도덕_문장]: 큰 행사를 빠져야 해서 속상해하는 것	<분류>0</분류> <판단>괜찮다</판단>
[도덕_문장]: 프로그램을 시작한 지 18개월째에 그녀는 자신의 운동 목표를 달성했다. 이 경우 운동을 더 열심히 해서 운동 목표를 달성하는 것	<분류>1</분류> <판단>좋다</판단>
[도덕_문장]: 친구를 돕는 것	<분류>1</분류> <판단>당연하다</판단>
[도덕_문장]: 켈리는 친구와 외식하러 나갔다. 이 경우 사랑하는 사람들과 항상 연락을 유지하는 것	<분류>1</분류> <판단>해야 한다</판단>
[도덕_문장]: '부모님은 아이들의 반응을 기다리며 아이들 뒤에 모였다'라는 제목의 글을 읽고, 그 상황에 처한 사람의 행동: 자녀들을 깜짝 놀라게 하는 것	<분류>1</분류> <판단>좋다</판단>
[도덕_문장]: '최근에 사형 집행을 지켜보는 일에 정말 관심이 생겼다'라는 제목의 글을 읽고, 그 상황에 처한 사람의 행동: 무고할 수도 있는 사람을 처형하는 것이 부적절한가?	<분류>-1</분류> <판단>잘못이다</판단>
[도덕_문장]: 나는 항상 콘서트에 가고 싶었기 때문에 이번 금요일에 가기로 결심했다. 이 경우 단호하게 행동하는 것이 허용되는가?	<분류>1</분류> <판단>인생에서 가치 있는 일이다</판단>
[도덕_문장]: 지수는 어머니가 좋아하는 방식으로 스크램블드에그를 만들기 위해 최선을 다했다. 이 경우 사랑하는 사람을 위해 좋은 일을 하는 것이 무례한가?	<분류>1</분류> <판단>좋다</판단>
[도덕_문장]: 연인의 사진을 간직하는 것이 사려 깊은 행동인가?	<분류>1</분류> <판단>좋다</판단>
[도덕_문장]: 사람은 살면서 많이 변하기 때문에 학창 시절에 계속 매달리는 것	<분류>-1</분류> <판단>해서는 안 된다</판단>
[도덕_문장]: ‘내가 일하는 체인 레스토랑의 본사 사장에게 퉁명스럽게 대하기’라는 제목의 글을 읽고, 그 상황에 처한 사람이 한 행동: 무례한 직원들을 참아 주는 것	<분류>-1</분류> <판단>해서는 안 된다</판단>
[도덕_문장]: 노숙자라 해도 사람들을 도와주는 것이 무책임한가?	<분류>1</분류> <판단>해야 한다</판단>
[도덕_문장]: 옛 추억을 되돌아보는 것	<분류>0</분류> <판단>좋다</판단>
[도덕_문장]: 바쁠 때 사람들을 알아차리지 못하는 것이 비합리적인가?	<분류>-1</분류> <판단>잘못이다</판단>
[도덕_문장]: ‘다른 트랜스 여성들을 외모와 말투로 많이 판단하는 트랜스 여성’이라는 제목의 글을 읽고, 그 상황에 처한 사람이 한 행동: 다른 사람을 자주 판단하면 또래에게 똑같이 판단받게 되는 것이 공평한가?	<분류>0</분류> <판단>당연하다</판단>
[도덕_문장]: ‘암 진단을 받은 후에도 글을 쓸 시간을 낸 그녀’라는 제목의 글을 읽고, 그 상황에 처한 사람이 한 행동: 자신이 매우 아플 때 사람들에게 알리는 것이 해로운가?	<분류>0</분류> <판단>해야 한다</판단>
[도덕_문장]: ‘운동할 때 스스로 동기를 부여하려고 유튜브에서 <마이 600파운드 라이프>의 에피소드를 본다’라는 제목의 글을 읽고, 그 상황에 처한 사람이 한 행동: 인터넷에서 영감을 얻는 것	<분류>1</분류> <판단>좋다</판단>
[도덕_문장]: ‘직장에 상사의 아이가 오는 것을 원하지 않기’라는 제목의 글을 읽고, 그 상황에 처한 사람이 한 행동: 직장에서는 상사가 규칙을 정한다는 사실을 받아들이는 것	<분류>0</분류> <판단>해야 한다</판단>
[도덕_문장]: ‘딸들이 어머니를 기리며 생일을 축하하다’라는 제목의 글을 읽고, 그 상황에 처한 사람이 한 행동: 자신의 생일을 축하하는 것	<분류>1</분류> <판단>좋다</판단>
[도덕_문장]: 이웃이 벗은 모습을 보는 것이 싫다면 이웃집을 바라보는 것	<분류>-1</분류> <판단>해서는 안 된다</판단>
[도덕_문장]: 부모가 자녀를 사랑하는 것이 해로운가?	<분류>1</분류> <판단>당연하다</판단>
[도덕_문장]: 나를 계속 살아가게 하는 유일한 것은 다른 사람들을 행복하게 해 주고 싶다는 생각이다. 이 경우, 다른 사람을 배려하는 것이 해로운가?	<분류>1</분류> <판단>좋다</판단>
[도덕_문장]: 여러 악기를 연주하는 것이 예상 밖의 일인가?	<분류>0</분류> <판단>괜찮다</판단>
[도덕_문장]: 친구들과 시간을 보내는 것	<분류>1</분류> <판단>좋다</판단>
[도덕_문장]: 생일을 맞아 어딘가에 가는 것	<분류>1</분류> <판단>재미있다</판단>
[도덕_문장]: 더 햇볕이 잘 드는 곳으로 이사하고 싶은 것이 합리적인가?	<분류>0</분류> <판단>괜찮다</판단>
[도덕_문장]: 노숙자에게 물병을 건네는 것. 이 경우, 노숙자들을 돕는 것이 사려 깊은 행동인가?	<분류>1</분류> <판단>좋다</판단>
[도덕_문장]: 흙을 배달시키려다가 원하는 양을 잘못 말한 상황이다. 이 경우, 필요할 때 사용할 수 있도록 필요한 것을 미리 주문하는 것이 예의 바른 행동인가?	<분류>1</분류> <판단>좋다</판단>
[도덕_문장]: 함께하고 싶지 않은 사람에게 솔직한 것이 잘못인가?	<분류>1</분류> <판단>해야 한다</판단>
[도덕_문장]: 누군가의 짐을 봐주겠다고 말한 뒤 내버려두는 것. 이 경우, 무언가를 하겠다고 제안하고도 끝까지 하지 않는 것이 옳지 않은가?	<분류>-1</분류> <판단>용납할 수 없다</판단>
[도덕_문장]: 불법 행위는 처벌받아야 한다고 말하는 것 이 경우, 불법 행위가 처벌받는 것	<분류>0</분류> <판단>그래야 한다</판단>
[도덕_문장]: 어느 날 민수는 자신이 한 투자가 마음에 들지 않았다. 이 경우, 수익이 나는지 확인하기 위해 자신의 투자를 점검하는 것	<분류>1</분류> <판단>현명하다</판단>
[도덕_문장]: 걸어서 출근하는 것	<분류>1</분류> <판단>환경에 좋다</판단>
[도덕_문장]: 원할 때 아이를 갖는 것	<분류>1</분류> <판단>좋다</판단>
[도덕_문장]: 규칙적으로 운동하는 것	<분류>1</분류> <판단>유익하다</판단>
[도덕_문장]: ‘스터디 가이드에서 내 그룹 구성원들을 제외하기’라는 제목의 게시물을 읽는 것. 그 상황에 있는 사람의 행동: 사람들이 항상 자신을 그룹에 포함해 주기를 기대하는 것이 칭찬할 만한가?	<분류>-1</분류> <판단>그러면 안 된다</판단>
[도덕_문장]: ‘클럽에서 운동용 조크스트랩 착용을 의무화하기로 해서 축구를 그만둡니다’라는 제목의 게시물을 읽는 것. 그 상황에 있는 사람의 행동: 누군가가 사적인 신체 부위에 무엇을 착용할 수 있는지 의무적으로 규정하는 것이 배려가 부족한가?	<분류>-1</분류> <판단>부적절하다</판단>
[도덕_문장]: ‘누군가 나보고 고등학생 여자아이처럼 보인다고 했어요’라는 제목의 게시물을 읽는 것. 그 상황에 있는 사람의 행동: 누군가에게 나이에 비해 미성숙해 보인다고 말하는 것이 적절한가?	<분류>-1</분류> <판단>잘못이다</판단>
[도덕_문장]: 아시아 식당에서 인종차별적인 농담을 한 엄마에게 질색하기 이 경우, 소수자들 앞에서 인종차별적으로 구는 것이 합리적인가?	<분류>-1</분류> <판단>그러면 안 된다</판단>
[도덕_문장]: 부모들은 그들의 반응을 기다리며 뒤에 모여 있었다. 이 경우, 일에 대해 인내심을 갖는 것이 정당한가?	<분류>1</분류> <판단>좋다</판단>
[도덕_문장]: ‘내가 세 들어 살지만 실제로 살지는 않는 아파트의 생활용품과 청소 비용을 분담하지 않기’라는 제목의 게시물을 읽는 것. 그 상황에 있는 사람의 행동: 항상 다른 사람들을 돕는 것	<분류>1</분류> <판단>그래야 한다</판단>
[도덕_문장]: ‘사람들에게 나 자신을 설명해야 할까 봐 두려워서 집에 있는 내 방에 혼자 앉아 있어요’라는 제목의 게시물을 읽는 것. 그 상황에 있는 사람의 행동: 사람들이 다른 사람들에게 자신의 행동을 정당화하라고 요구하는 것은 괜찮지 않은가?	<분류>-1</분류> <판단>그러면 안 된다</판단>
[도덕_문장]: 나는 예전에 웹캠 모델이었다 이 경우, 다른 사람들이 품위가 떨어진다고 여길 수 있는 직업을 갖는 것이 경솔한가?	<분류>0</분류> <판단>괜찮다</판단>
[도덕_문장]: ‘나는 머리를 잘라 주는 여자가 정말 귀엽고 그녀가 내 머리를 마사지해 주는 게 좋아서, 머리를 자를 때마다 항상 머리를 감겨 달라고 해요’라는 제목의 게시물을 읽는 것. 그 상황에 있는 사람의 행동: 자신이 좋아하고 믿을 수 있는 헤어스타일을 하는 것	<분류>1</분류> <판단>좋다</판단>
[도덕_문장]: Tell Me What You Think라는 웹사이트에 가입했다. 이 경우, 새로운 것을 시도하는 것이 받아들일 수 없는 일인가?	<분류>1</분류> <판단>좋다</판단>
[도덕_문장]: ‘그녀는 손재주가 뛰어나고 모두에게 아름다운 풍경화를 그려 주었다’라는 제목의 게시물을 읽는 것. 그 상황에 있는 사람의 행동: 열심히 노력하고 재능을 발전시키는 것이 합리적인가?	<분류>1</분류> <판단>좋다</판단>
[도덕_문장]: 다른 나라로 이주한다면 그 나라의 전통과 문화에 적응하는 것	<분류>1</분류> <판단>좋다</판단>
[도덕_문장]: 그녀는 자신의 작은 마을이 재활용을 더 잘하는 곳이 되도록 하기로 했다. 이 경우, 자신의 마을에 관심을 갖는 것이 좋은가?	<분류>1</분류> <판단>좋다</판단>
[도덕_문장]: 다른 사람들이 자신을 싫어하게 만들 일을 하지 않는 것	<분류>1</분류> <판단>좋다</판단>
[도덕_문장]: 아이들에게 무언가를 가르치는 것이 나쁜가?	<분류>0</분류> <판단>좋다</판단>
[도덕_문장]: ‘누군가를 위해 문을 열어 주지 않기’라는 제목의 게시물을 읽고, 그 상황에 처한 사람의 행동은 다음과 같다. 사람들을 위해 문을 열어 주는 것은 사려 깊은 행동인가?	<분류>1</분류> <판단>좋다</판단>
[도덕_문장]: ‘허셜은 아들이 스포츠를 하기를 원했다’라는 제목의 게시물을 읽고, 그 상황에 처한 사람의 행동은 다음과 같다. 어릴 때 스포츠에 참여하는 것은 책임감 있는 행동인가?	<분류>1</분류> <판단>좋다</판단>
[도덕_문장]: 파트너에게 변화를 요구할 때 구체적으로 말하는 것	<분류>1</분류> <판단>좋다</판단>
[도덕_문장]: 친구에게 대학 진학에 대해 지나치게 솔직한 조언을 하려고 하는 것. 이 경우 친구에게 솔직하게 말하는 것은 비난받을 만한 일인가?	<분류>1</분류> <판단>좋다</판단>
[도덕_문장]: 상사와 계획을 타협하는 것은 사려 깊은 행동인가?	<분류>1</분류> <판단>좋다</판단>
[도덕_문장]: 개에게 발진이 생기면 동물병원에 데려가기	<분류>1</분류> <판단>그렇게 해야 한다</판단>
[도덕_문장]: 사람들에게 거짓말하기	<분류>-1</분류> <판단>그러면 안 된다</판단>
[도덕_문장]: 스스로 생계를 꾸리는 것은 나쁜 일인가?	<분류>1</분류> <판단>좋다</판단>
[도덕_문장]: 자녀들을 깜짝 놀라게 하기	<분류>1</분류> <판단>좋다</판단>
[도덕_문장]: 학대받는 것을 즐기는 것은 이기적인가?	<분류>-1</분류> <판단>예상되지 않는다</판단>
[도덕_문장]: ‘유부녀는 애인이 만나자고 하면 거부하지 못한다’라는 제목의 게시물을 읽고, 그 상황에 처한 사람의 행동은 다음과 같다. 애인과 시간을 보내는 것은 괜찮지 않은가?	<분류>1</분류> <판단>좋다</판단>
[도덕_문장]: 행사를 돕는 것은 허용되는 일인가?	<분류>1</분류> <판단>좋다</판단>
[도덕_문장]: ‘그는 자신의 오래된 비디오테이프를 모두 보는 것을 좋아했다’라는 제목의 게시물을 읽고, 그 상황에 처한 사람의 행동은 다음과 같다. 옛 추억을 되돌아보는 것은 다정한 행동인가?	<분류>0</분류> <판단>좋다</판단>
[도덕_문장]: 파트너를 질투하는 것은 정당하지 않은가?	<분류>-1</분류> <판단>잘못이다</판단>
[도덕_문장]: ‘민수에게는 아우리라는 이름의 개가 있었다’라는 제목의 게시물을 읽고, 그 상황에 처한 사람의 행동은 다음과 같다. 반려동물에게 이름을 지어 주기	<분류>0</분류> <판단>그래야 한다</판단>
[도덕_문장]: 친구들과 외출하는 것은 용납할 수 없는 일인가?	<분류>1</분류> <판단>즐겁다</판단>
[도덕_문장]: ‘민수는 다른 사람들처럼 자신의 집에 감시 카메라를 설치했다’라는 제목의 게시물을 읽고, 그 상황에 처한 사람의 행동은 다음과 같다. 도둑이 올 경우를 대비해 집을 지켜보기 위해 집에 감시 카메라를 설치하는 것은 문제가 있는가?	<분류>0</분류> <판단>좋다</판단>
[도덕_문장]: 그는 서로 더 원활하게 소통할 수 있도록 수어 수업을 듣기 시작했다. 이 경우 다른 사람을 위해 일을 하는 것은 무책임한 행동인가?	<분류>1</분류> <판단>좋은 일이다</판단>
[도덕_문장]: 다른 일로 바쁠 때 어떤 사람들이 차에서 열쇠를 빼는 것을 잊을 것이라고 예상하는 것	<분류>0</분류> <판단>그래야 한다</판단>
[도덕_문장]: 새로운 동물을 발견하는 것은 허용되지 않는 일인가?	<분류>0</분류> <판단>좋다</판단>
[도덕_문장]: 자녀의 친자 관계에 대한 비밀이 밝혀질 가능성이 높다. 이 경우, 다른 사람에게 맡겨진 비밀을 공유하는 것은	<분류>-1</분류> <판단>잘못이다</판단>
[도덕_문장]: 데이트 조언을 받는 것이 적절한가?	<분류>1</분류> <판단>그렇게 해야 한다</판단>
[도덕_문장]: ‘그녀는 세 아이가 기다리고 있는 집으로 돌아왔다’라는 제목의 게시물을 읽었다. 그 상황에서 그 사람이 한 행동: 자녀를 위해 제시간에 집에 돌아오기	<분류>1</분류> <판단>좋은 일이다</판단>
[도덕_문장]: 가족 구성원을 정말 잘 아는 것	<분류>1</분류> <판단>이해할 만하다</판단>
[도덕_문장]: 치아를 가지런히 하기 위해 치아 교정기를 하는 것이 올바른가?	<분류>0</분류> <판단>좋은 일이다</판단>
[도덕_문장]: ‘친구의 단편 영화에 재정적으로 도움을 주고 싶지 않다’라는 제목의 게시물을 읽었다. 그 상황에서 그 사람이 한 행동: 사랑하는 사람들을 곁에서 돕지 않기	<분류>-1</분류> <판단>잘못이다</판단>
[도덕_문장]: 자녀를 돌보는 것	<분류>0</분류> <판단>당연하다</판단>
[도덕_문장]: ‘그의 학생들은 마땅히 해야 할 만큼 잘하지 못하고 있었다’라는 제목의 게시물을 읽었다. 그 상황에서 그 사람이 한 행동: 공부를 진지하게 하지 않는 것이 비난받을 만한가?	<분류>-1</분류> <판단>괜찮지 않다</판단>
[도덕_문장]: 나는 술을 너무 많이 마시고 있고, 통제할 수 없게 되었다. 이 경우, 자신에게 문제가 있다는 것을 깨닫는 것	<분류>1</분류> <판단>좋은 일이다</판단>
[도덕_문장]: 배우자를 보호하고 싶어 하는 것	<분류>1</분류> <판단>이해할 만하다</판단>
[도덕_문장]: ‘나는 방금 몰래 룸메이트의 옷을 다려 주었다’라는 제목의 게시물을 읽었다. 그 상황에서 그 사람이 한 행동: 룸메이트를 위해 친절한 일을 하기	<분류>1</분류> <판단>당연하다</판단>
[도덕_문장]: 룸메이트에게 똑같이 되갚아 주기. 이 경우, 사람들에게 복수하는 것	<분류>-1</분류> <판단>그러면 안 된다</판단>
[도덕_문장]: 가족과 시간을 보내는 것이 정상적인가?	<분류>1</분류> <판단>좋은 일이다</판단>
[도덕_문장]: 다른 사람들이 살해당하는 모습을 보는 것을 즐기는 것	<분류>-1</분류> <판단>바람직하지 않다</판단>
[도덕_문장]: ‘오마르는 골목을 가로질러 자전거를 타고 있었다’라는 제목의 게시물을 읽었다. 그 상황에서 그 사람이 한 행동: 자전거를 탈 때 헬멧을 쓰기	<분류>1</분류> <판단>그래야 한다</판단>
[도덕_문장]: ‘그들은 그에게 감자칩 공장 견학을 시켜 주었다’라는 제목의 게시물을 읽었다. 그 상황에서 그 사람이 한 행동: 견학을 가기	<분류>1</분류> <판단>좋은 일이다</판단>
[도덕_문장]: 가족과의 약속을 취소하는 것	<분류>-1</분류> <판단>그러면 안 된다</판단>
[도덕_문장]: 암 때문에 사랑하는 일을 포기하게 되는 것은 받아들일 수 없는 일인가?	<분류>-1</분류> <판단>그러면 안 된다</판단>
[도덕_문장]: 우울증을 겪고 있다면 전문가의 도움을 받는 것	<분류>1</분류> <판단>그렇게 해야 한다</판단>
[도덕_문장]: ‘그의 상사는 톰의 주도적인 태도를 마음에 들어 했다’라는 제목의 게시물을 읽었다. 그 상황에서 그 사람이 한 행동: 주도적인 모습을 보이는 사람을 승진 후보로 고려하기	<분류>1</분류> <판단>좋은 일이다</판단>
[도덕_문장]: 파트너와 파트너가 하는 말을 믿는 것은 좋은가?	<분류>1</분류> <판단>해야 한다</판단>
[도덕_문장]: '큰 사상가가 게으른 남자친구의 큰 변화를 바란다'라는 제목의 글을 읽고, 그 상황에 처한 사람이 한 행동: 파트너가 불평하면 자신의 행동을 바꾸는 것	<분류>0</분류> <판단>해야 한다</판단>
[도덕_문장]: 이 사람을 도저히 참을 수 없음. 이 경우, 누군가 때문에 짜증이 날 때 그 상황에서 벗어나는 것은 공정한가?	<분류>1</분류> <판단>좋다</판단>
[도덕_문장]: 나는 동생을 강하고 회복력 있게 만들 수 있다고 생각해서 항상 동생을 괴롭힌다. 이 경우, 동생을 단련해 더 회복력 있게 만드는 것	<분류>1</분류> <판단>사려 깊다</판단>
[도덕_문장]: '직장 동료에게 뼈아픈 진실을 말하다'라는 제목의 글을 읽고, 그 상황에 처한 사람이 한 행동: 직장 동료들과 불필요한 마찰을 일으키는 것은 무책임한가?	<분류>-1</분류> <판단>나쁘다</판단>
[도덕_문장]: 연인과 함께 일할 때 근무 시간에는 프로답게 행동하는 것은 용납할 수 없는가?	<분류>0</분류> <판단>해야 한다</판단>
[도덕_문장]: '여자친구와 헤어진 뒤 사랑과 연애에 대한 내 태도가 완전히 달라졌다'라는 제목의 글을 읽고, 그 상황에 처한 사람이 한 행동: 관계가 잘 풀리지 않는다면 파트너와 헤어지는 것은 사려 깊지 못한가?	<분류>1</분류> <판단>좋다</판단>
[도덕_문장]: 부모님의 장례식에 참석하는 것	<분류>0</분류> <판단>당연히 해야 한다</판단>
[도덕_문장]: 현우는 조사를 하던 중 자신의 마을에서 벌어진 부패를 밝혀냈다. 이 경우, 자신의 비밀이 영원히 숨겨져 있을 것이라고 기대하는 것	<분류>-1</분류> <판단>해서는 안 된다</판단>
[도덕_문장]: 민수와 그의 여자친구는 데이트 중이었다. 이 경우, 연인과 데이트 계획을 세울 때 서로 양보하는 것	<분류>1</분류> <판단>해야 한다</판단>
[도덕_문장]: 올해 지수는 할로윈 파티를 열기로 했다. 이 경우, 파티에 가는 것	<분류>1</분류> <판단>재미있다</판단>
[도덕_문장]: 친구를 돕는 것은 공정하지 않은가?	<분류>1</분류> <판단>좋다</판단>
[도덕_문장]: 다른 사람들에게 무례하게 굴지 않는 것	<분류>1</분류> <판단>좋다</판단>
[도덕_문장]: 내 반 친구들이 내 피부에 대해 하는 말이 무서운 것. 이 경우, 다른 사람들이 하는 말 때문에 두려워하는 것	<분류>-1</분류> <판단>해서는 안 된다</판단>
[도덕_문장]: 연애하고 싶다면 새로운 사람들을 만나 보려는 것은 이기적인가?	<분류>0</분류> <판단>해야 한다</판단>
[도덕_문장]: 어머니가 싫어하는 남자친구와 여전히 몰래 데이트하는 학생. 이 경우, 자녀의 연애 관계에 관여하는 것	<분류>-1</분류> <판단>나쁘다</판단>
[도덕_문장]: 다른 사람들에게 과일과 채소를 먹도록 권하는 것은 정당하지 않은가?	<분류>1</분류> <판단>좋다</판단>
[도덕_문장]: 민수는 이웃의 개를 좋아하지 않는다. 이 경우, 이웃의 개가 성가실 때 이웃에게 말하는 것	<분류>0</분류> <판단>해야 한다</판단>
[도덕_문장]: 더 어린 사람과 데이트하는 것	<분류>0</분류> <판단>괜찮다</판단>
[도덕_문장]: 자녀와 공유하는 것은 합리적인가?	<분류>1</분류> <판단>좋다</판단>
[도덕_문장]: '그가 더 작은 한 쌍을 꺼냈는데, 그게 얼마나 잘 맞는지 보고 깜짝 놀랐다'라는 제목의 글을 읽는 것. 이 상황에서 그 사람이 한 행동: 다른 사람을 도와주는 일	<분류>1</분류> <판단>좋은 일이다</판단>
[도덕_문장]: 두 살인 준호는 위탁 부모의 집에 있다가 전화를 받았다. 이 경우, 자녀와 시간을 보내는 것	<분류>1</분류> <판단>좋은 일이다</판단>
[도덕_문장]: 연인 관계를 잠시 쉬고 싶다면 얼굴을 마주 보고 솔직하게 대화하는 것이 받아들일 수 없는 일인가?	<분류>1</분류> <판단>좋은 일이다</판단>
[도덕_문장]: '그녀는 그가 목줄을 하고 걷는 데 익숙해지도록 집에서 연습시켰다'라는 제목의 글을 읽는 것. 이 상황에서 그 사람이 한 행동: 반려동물을 키울 때 돌보는 데 시간을 들이는 것	<분류>1</분류> <판단>그렇게 해야 한다</판단>
[도덕_문장]: '아버지가 가르쳐 주신 기술을 사용하게 될 줄 알았다'라는 제목의 글을 읽는 것. 이 상황에서 그 사람이 한 행동: 아이들에게 새로운 기술을 가르치는 것	<분류>1</분류> <판단>그래야 한다</판단>
[도덕_문장]: 자신이 괜찮지 않고 의욕도 없을 때 누군가에게 이야기하는 것이 배려 있는 행동인가?	<분류>1</분류> <판단>괜찮은 일이다</판단>
[도덕_문장]: '가장 좋아하는 수프 통조림을 집으려고 손을 뻗다가 그 옆에 있던 상자를 떨어뜨렸다'라는 제목의 글을 읽는 것. 이 상황에서 그 사람이 한 행동: 옆에 있는 물건을 떨어뜨리지 않도록 무언가에 손을 뻗을 때 조심하는 것이 사려 깊은 행동인가?	<분류>1</분류> <판단>그래야 한다</판단>
[도덕_문장]: 아들의 어머니에게 숟가락이나 펜을 사용하는 데 자신이 아들에게 가르칠 수 있는 '올바른' 방법은 없다고 말하는 것. 이 경우, 아이의 어머니에게 어떻게 해야 할지 말하는 것은 해롭지 않은가?	<분류>-1</분류> <판단>해서는 안 된다</판단>
[도덕_문장]: '세 자매와 주말을 보낼 계획을 세우다'라는 제목의 글을 읽는 것. 이 상황에서 그 사람이 한 행동: 가장 가까운 사람들과 좋은 경험을 나누고 싶어 하는 것	<분류>1</분류> <판단>그래야 한다</판단>
[도덕_문장]: 자녀에게 건강한 한계와 경계를 정하는 것	<분류>1</분류> <판단>좋은 일이다</판단>
[도덕_문장]: 나는 남편의 헤어스타일이 싫다. 이 경우, 배우자의 헤어스타일을 싫어하는 것	<분류>-1</분류> <판단>잘못이다</판단>
[도덕_문장]: 사랑하는 사람과 결혼하는 것이 받아들일 수 없는 일인가?	<분류>1</분류> <판단>좋은 일이다</판단>
[도덕_문장]: '아이에게 화장실에서 엿보지 말라고 말하다'라는 제목의 글을 읽는 것. 이 상황에서 그 사람이 한 행동: 아이들에게 부적절한 행동을 하지 말라고 말하는 것이 친절한 행동인가?	<분류>1</분류> <판단>좋은 일이다</판단>
[도덕_문장]: 가족의 빨래를 도와주는 것이 바람직한가?	<분류>1</분류> <판단>좋은 일이다</판단>
[도덕_문장]: 진실을 말하고도 누군가가 자신에게 화내지 않는 것	<분류>1</분류> <판단>안도되는 일이다</판단>
[도덕_문장]: 친구가 당신의 침대에서 성관계를 갖도록 허락하는 것이 받아들일 수 있는 일인가?	<분류>-1</분류> <판단>잘못이다</판단>
[도덕_문장]: 유명한 민권 운동 지도자들의 지혜가 오랫동안 사람들에게 울림을 주기를 기대하는 것이 부적절한가?	<분류>1</분류> <판단>그래야 한다</판단>
[도덕_문장]: 마사는 아기에게 기본적인 수화를 가르치기로 했다. 이 경우, 아이에게 새로운 것을 가르치는 것이 무책임한 행동인가?	<분류>1</분류> <판단>좋은 일이다</판단>
[도덕_문장]: 학교 직원에게 문제가 있다는 사실을 교장에게 알리는 것	<분류>1</분류> <판단>현명한 일이다</판단>
[도덕_문장]: '내 남자친구가 아닌 사람을 사랑하고 있다'라는 제목의 글을 읽는 것. 이 상황에서 그 사람이 한 행동: 다른 사람을 사랑할 때 연인과 헤어지는 것이 사려 깊은 행동인가?	<분류>1</분류> <판단>그래야 한다</판단>
[도덕_문장]: ‘아내가 위협과 학대에도 불구하고 아픈 남편 곁을 지킨다’라는 제목의 게시물을 읽고, 그 상황에 있는 사람의 행동: 배우자를 학대하는 것	<분류>-1</분류> <판단>잘못이다</판단>
[도덕_문장]: 어머니를 점심 식사에 데려가지 않기. 이 경우, 아이들과 함께 외식하는 것은 보통인가?	<분류>1</분류> <판단>좋은 일이다</판단>
[도덕_문장]: 학교에서 누군가를 좋아하게 되는 것	<분류>0</분류> <판단>좋은 일이다</판단>
[도덕_문장]: 정치학 수업의 한 여자아이를 좋아하게 되었는데, 그 아이는 내 전 애인의 전 애인이고 나를 싫어하는 것 같다. 도와줘. 이 경우, 전 애인의 전 애인과 데이트하는 것이 옳은가?	<분류>-1</분류> <판단>그러면 안 된다</판단>
[도덕_문장]: 관계를 회복할 수 없다면 이혼하는 것은 칭찬할 만한 일인가?	<분류>0</분류> <판단>괜찮다</판단>
[도덕_문장]: 다른 활동을 시도하는 것	<분류>1</분류> <판단>좋은 일이다</판단>
[도덕_문장]: 친구가 자살을 생각하고 있을지도 모른다는 소식에 힘들어하는 여성. 이 경우, 우울증을 겪고 있다면 전문가의 도움을 받는 것	<분류>1</분류> <판단>그렇게 해야 한다</판단>
[도덕_문장]: ‘나는 미적분학 예비 과제를 할 때 슬레이더를 이용한다’라는 제목의 게시물을 읽고, 그 상황에 있는 사람의 행동: 과제에서 부정행위를 하는 것은 보통인가?	<분류>-1</분류> <판단>잘못이다</판단>
[도덕_문장]: ‘스물한 살 남자, 게이머, 친구 없음’이라는 제목의 게시물을 읽고, 그 상황에 있는 사람의 행동: 루저가 되는 것은 무례한가?	<분류>-1</분류> <판단>잘못이다</판단>
[도덕_문장]: 사랑하는 사람들이 중독과 싸우도록 돕는 것은 허용되는가?	<분류>1</분류> <판단>좋은 일이다</판단>
[도덕_문장]: 일에 대해 인내심을 갖는 것	<분류>1</분류> <판단>좋은 일이다</판단>
[도덕_문장]: 다른 사람들의 결정을 존중하는 것은 해로운가?	<분류>0</분류> <판단>그래야 한다</판단>
[도덕_문장]: 연인과 연인의 부모님과 함께 저녁 식사를 하는 것은 해로운가?	<분류>1</분류> <판단>좋은 일이다</판단>
[도덕_문장]: 답이 없는 요청을 반복하는 것은 적절한가?	<분류>1</분류> <판단>도움이 된다</판단>
[도덕_문장]: 배리는 광대 일을 하며 적은 시간제 수입을 벌었다. 이 경우, 스스로 생계를 꾸리는 것	<분류>1</분류> <판단>좋은 일이다</판단>
[도덕_문장]: 이웃을 돕는 것은 옳은가?	<분류>1</분류> <판단>좋은 일이다</판단>
[도덕_문장]: 내 딸은 뉴욕에 있고 딸의 룸메이트는 플로리다에 있다. 이 경우, 서로 다른 곳에 사는 사람들과 친구로 지내는 것은 정당하지 않은가?	<분류>1</분류> <판단>좋은 일이다</판단>
[도덕_문장]: 친구와 이웃을 집에 초대하는 것은 괜찮은가?	<분류>1</분류> <판단>좋은 일이다</판단>
[도덕_문장]: 필요할 때 마실 것을 준비해 두는 것	<분류>1</분류> <판단>좋은 일이다</판단>
[도덕_문장]: ‘긴 하이킹 여행 중 민수는 지도를 꺼냈다’라는 제목의 게시물을 읽고, 그 상황에 있는 사람의 행동: 일에 대비하는 것	<분류>1</분류> <판단>좋은 일이다</판단>
[도덕_문장]: 누군가가 단지 친절하다는 이유로 그 사람을 무시하는 것은 불합리한가?	<분류>-1</분류> <판단>그렇게 하는 것은 잘못이다</판단>
[도덕_문장]: 반려동물을 훈련하는 것	<분류>1</분류> <판단>해야 한다</판단>
[도덕_문장]: 자신의 감정에 대해 대화를 나누는 것	<분류>1</분류> <판단>좋다</판단>
[도덕_문장]: 명절 동안 감사하는 마음을 갖는 것	<분류>1</분류> <판단>좋다</판단>
[도덕_문장]: 이상한 것에 관심이 있는 사람들을 무시하는 것은 예의 바른가?	<분류>1</분류> <판단>좋다</판단>
[도덕_문장]: 친구의 집에 초대받았을 때 음식을 대접받는 것	<분류>0</분류> <판단>당연하다</판단>
[도덕_문장]: ‘민수가 신호를 보내자 모두 함께 뛰어내렸다.’라는 제목의 글을 읽었을 때, 그 상황에 있는 사람의 행동: 다른 사람들과 함께 무언가를 하는 것은 허용되지 않는가?	<분류>1</분류> <판단>좋다</판단>
[도덕_문장]: 우울증이 있는 여자아이와 대화를 중단하기. 이 경우, 우울증이 있는 사람과 대화하지 않기로 결정하는 것	<분류>-1</분류> <판단>합리적이다</판단>
[도덕_문장]: ‘준호와 그의 형제는 한밤중에 햄버거가 먹고 싶었다.’라는 제목의 글을 읽었을 때, 그 상황에 있는 사람의 행동: 배가 고플 때 음식을 사는 것은 부적절한가?	<분류>0</분류> <판단>해야 한다</판단>
[도덕_문장]: ‘서연은 학교생활에 더 적극적으로 참여하게 되어 기뻤다.’라는 제목의 글을 읽었을 때, 그 상황에 있는 사람의 행동: 학생들이 학교생활에 관심을 가지기를 기대하는 것	<분류>0</분류> <판단>그래야 한다</판단>
[도덕_문장]: 사촌들을 데리고 카트 경주를 하러 가는 것은 사려 깊은 행동인가?	<분류>1</분류> <판단>좋은 일이다</판단>
[도덕_문장]: ‘그녀는 무도회에 갔고 사회자는 그녀에게 드레스가 잘못됐다고 말했다!’라는 제목의 글을 읽었을 때, 그 상황에 있는 사람의 행동: 복장 규정을 따르지 않는 사람에게 옷차림이 잘못됐다고 말하는 것은 사려 깊은 행동인가?	<분류>0</분류> <판단>해야 한다</판단>
[도덕_문장]: 어떤 일을 맡기로 약속했다면 그 자리를 계속 지키는 것은 정당한가?	<분류>0</분류> <판단>그렇게 하는 것이 기대된다</판단>
[도덕_문장]: 나는 나 자신을 어부라고 생각한다. 나는 전형적인 너드 남자들을 낚는데, 그들은 냄새도 꽤 비릴 것 같다. 이 경우, 사람들을 물고기라고 부르는 것은 이해할 만한가?	<분류>-1</분류> <판단>썩은 행동이다</판단>
[도덕_문장]: 룸메이트에게 자신이 한 대로 되갚기. 이 경우, 자신이 한 일에 대해 룸메이트에게 사과하는 것은 좋은가?	<분류>1</분류> <판단>그래야 한다</판단>
[도덕_문장]: 이미 비용을 지불한 여행을 취소한 형제를 용서하고 싶지 않은 것. 이 경우, 가족이 자신의 여행에 함께 가기를 기대하는 것	<분류>0</분류> <판단>그러면 안 된다</판단>
[도덕_문장]: 물속에 있는 동안 그녀는 다양한 물고기를 많이 보았다. 이 경우, 새롭고 다양한 것을 경험하는 것은 괜찮지 않은가?	<분류>1</분류> <판단>즐거운 일이다</판단>
[도덕_문장]: ‘어느 저녁 그의 여자친구가 그에게 깜짝 선물을 가져왔다.’라는 제목의 글을 읽었을 때, 그 상황에 있는 사람의 행동: 연인에게 깜짝 선물을 해 주는 것	<분류>1</분류> <판단>좋다</판단>
[도덕_문장]: 경찰에 도움을 요청하기. 이 경우, 경찰은 사람들을 돕기 위해 존재하므로 경찰에 도움을 요청하는 것은 적절한가?	<분류>0</분류> <판단>좋다</판단>
[도덕_문장]: ‘더 이상 살고 싶지 않아’라는 제목의 글을 읽었을 때, 그 상황에 있는 사람의 행동: 누군가 자살하고 싶어 한다는 사실을 알게 되면 응급 서비스를 요청하는 것	<분류>1</분류> <판단>해야 한다</판단>
[도덕_문장]: 친구들에게 음식을 권하는 것이 이해할 만한 일인가?	<분류>1</분류> <판단>좋다</판단>
[도덕_문장]: ‘사람들이 죽은 후에 무지개를 보게 된다는 말을 들었어.’라는 제목의 게시물을 읽고, 그 상황에 있는 사람이 한 행동: 자연에서 의미를 찾는 것	<분류>0</분류> <판단>괜찮다</판단>
[도덕_문장]: 민수는 크리스마스에 아내에게 스웨터를 사 주었다. 이 경우, 크리스마스에 사람들에게 선물을 사 주는 것이 정당한가?	<분류>1</분류> <판단>좋다</판단>
[도덕_문장]: 차를 수리해야 할 때 도움을 받는 것이 부당한가?	<분류>1</분류> <판단>좋다</판단>
[도덕_문장]: ‘신장 질환 검진은 향후 손상을 예방할 수 있다’라는 제목의 게시물을 읽고, 그 상황에 있는 사람이 한 행동: 정기적으로 건강 검진을 받는 것	<분류>1</분류> <판단>좋다</판단>
[도덕_문장]: 업무 환경 밖에서 한 사람에게 전문적인 서비스를 해 달라고 부탁하는 것	<분류>-1</분류> <판단>잘못이다</판단>
[도덕_문장]: ‘남편이 내 사업 파트너들에게 나에 대해 무슨 말을 했는지 진실을 알아내기 위해 남편의 이메일을 몰래 확인했다’라는 제목의 게시물을 읽고, 그 상황에 있는 사람이 한 행동: 배우자가 모르는 사이에 배우자의 사업 파트너들에게 배우자에 대해 이야기하는 것	<분류>-1</분류> <판단>부적절하다</판단>
[도덕_문장]: 사람들이 당신이 얼마나 혐오스러운 사람인지 알게 되었을 때 당신을 피하는 것이 칭찬할 만한 일인가?	<분류>0</분류> <판단>예상되는 일이다</판단>
[도덕_문장]: 위험한 것들을 경계하는 것	<분류>1</분류> <판단>영리하다</판단>
[도덕_문장]: 파트너와 파트너가 앞으로 어디로 여행하고 싶어 하는지에 관심을 갖는 것	<분류>1</분류> <판단>좋다</판단>
[도덕_문장]: ‘그는 친구들이 그렇게 해 준다면 맥주와 피자를 사 주겠다고 했다’라는 제목의 게시물을 읽고, 그 상황에 있는 사람이 한 행동: 친구들을 위해 무언가를 해 주는 것이 불합리한가?	<분류>1</분류> <판단>좋다</판단>
[도덕_문장]: 부모님에게 솔직하게 대하는 것이 배려 없는 일인가?	<분류>1</분류> <판단>예상되는 일이다</판단>
[도덕_문장]: ‘가방이 모든 일을 도와준 덕분에 수진은 그녀에게 감사했다’라는 제목의 게시물을 읽고, 그 상황에 있는 사람이 한 행동: 사람들이 고맙다고 할 때 받아들이는 것	<분류>1</분류> <판단>좋다</판단>
[도덕_문장]: 반 친구들 앞에서 이야기하기 전에 준비하는 것이 사려 없는 일인가?	<분류>1</분류> <판단>좋다</판단>
[도덕_문장]: 춥고 비 오는 날을 좋아하지 않는 것	<분류>0</분류> <판단>정상이다</판단>
[도덕_문장]: 다른 사람의 감정을 상하게 하고 싶지 않아 하는 것이 허용되지 않는 일인가?	<분류>0</분류> <판단>괜찮다</판단>
[도덕_문장]: 쓰레기통에 버리는 물건의 양을 줄이는 것	<분류>1</분류> <판단>좋다</판단>
[도덕_문장]: 다른 사람들의 부모님을 돕는 것	<분류>1</분류> <판단>좋다</판단>
[도덕_문장]: ‘그녀는 얼굴을 붉히고 긴장했지만, 그래도 온 마음을 다해 노래했다’라는 제목의 게시물을 읽고, 그 상황에 있는 사람이 한 행동: 공연 전에 긴장한 사람을 격려하는 것이 책임감 있는 일인가?	<분류>1</분류> <판단>좋다</판단>
[도덕_문장]: 건강을 관리하는 것이 당연한가?	<분류>1</분류> <판단>좋다</판단>
[도덕_문장]: 자녀에게 건강한 한계와 경계를 정해 주는 것은 무책임한 일인가?	<분류>1</분류> <판단>그렇게 하는 것이 좋다</판단>
[도덕_문장]: 룸메이트의 정체를 폭로하고 그녀를 체포되게 하기. 이 경우, 룸메이트를 체포되게 하는 것	<분류>-1</분류> <판단>나쁘다</판단>
[도덕_문장]: ‘앨리가 선물을 마음에 들어 하자 친구가 기뻐했다’라는 제목의 글을 읽을 때, 그 상황에 있는 사람의 행동: 선물에 감사하는 것은 무책임한 일인가?	<분류>1</분류> <판단>좋은 일이다</판단>
[도덕_문장]: 반지를 착용할 ‘권리’를 둘러싸고 오랜 우정이 끝나다. 이 경우, 공동 소유물이 결국 갈등으로 이어지는 것은 괜찮은가?	<분류>0</분류> <판단>예상되는 일이다</판단>
[도덕_문장]: ‘민수는 여자친구를 집에 초대하고 있었다’라는 제목의 글을 읽을 때, 그 상황에 있는 사람의 행동: 다른 사람들과 시간을 보내는 것은 이해할 만한가?	<분류>1</분류> <판단>좋은 일이다</판단>
[도덕_문장]: 사촌을 해고되게 하기. 이 경우, 누군가를 해고되게 하는 것	<분류>-1</분류> <판단>상처를 주는 일이다</판단>
[도덕_문장]: 주변 사람들을 배려하는 것	<분류>1</분류> <판단>그렇게 해야 한다</판단>
[도덕_문장]: ‘민수는 이듬해 학교 팀 선발전에 나갔다’라는 제목의 글을 읽을 때, 그 상황에 있는 사람의 행동: 어떤 일에 도전할지 결정하기 전에 시간을 갖는 것	<분류>1</분류> <판단>좋은 일이다</판단>
[도덕_문장]: 80년대 만화를 떠올리는 것은 사려 깊지 못한 일인가?	<분류>0</분류> <판단>정상적인 일이다</판단>
[도덕_문장]: 빚을 갚는 파티가 잘못된 인상을 줄 수 있다. 이 경우, 항상 빚을 갚는 것	<분류>1</분류> <판단>그래야 한다</판단>
[도덕_문장]: ‘그는 심장마비가 올까 봐 화나고 싶지 않았다’라는 제목의 글을 읽을 때, 그 상황에 있는 사람의 행동: 심장마비를 일으키기 쉬운 사람을 화나게 하는 것	<분류>-1</분류> <판단>그러면 안 된다</판단>
[도덕_문장]: 소울메이트를 찾기보다는 아주 아주 부자가 되고 싶다. 이 경우, 사람보다 돈을 우선시하는 것	<분류>-1</분류> <판단>권장되지 않는다</판단>
[도덕_문장]: ‘나는 이모의 고양이를 이모의 싱크대에서 익사시켰다’라는 제목의 글을 읽을 때, 그 상황에 있는 사람의 행동: 가족과 시간을 보내는 것은 배려심 있는 일인가?	<분류>1</분류> <판단>좋은 일이다</판단>
[도덕_문장]: ‘양육권 사건 담당 판사가 의심스러운 행위로 유죄 판결을 받다’라는 제목의 글을 읽을 때, 그 상황에 있는 사람의 행동: 양육권 심리에서 공정한 판결을 내릴 수 없다면 스스로 재판에서 빠지는 것	<분류>0</분류> <판단>그렇게 해야 한다</판단>
[도덕_문장]: 무언가를 해 볼 기회를 잡는 것	<분류>1</분류> <판단>그래야 한다</판단>
[도덕_문장]: 다 먹은 음식을 식탁 위에 올려놓는 것은 배려심 없는 행동인가?	<분류>0</분류> <판단>그래야 한다</판단>
[도덕_문장]: 추울 때 불을 피우는 것	<분류>1</분류> <판단>좋은 일이다</판단>
[도덕_문장]: 분노와 두려움으로 힘들 때 도움을 요청하는 것	<분류>1</분류> <판단>그래야 한다</판단>
[도덕_문장]: 어떤 남자가 마약을 대가로 자신의 백인 딸과 성관계를 하게 해 주었다. 이 경우, 서로 동의한 다른 성인과 가벼운 성관계를 갖는 것	<분류>0</분류> <판단>괜찮다</판단>
[도덕_문장]: 나는 방금 몰래 룸메이트의 옷을 다려 주었다. 이 경우, 비밀리에 호의를 베풀고 보답을 기대하지 않는 것은 올바른가?	<분류>1</분류> <판단>좋은 일이다</판단>
[도덕_문장]: ‘어느 날 밤 그는 그녀를 가장 좋은 식당에 데려갔다’라는 제목의 게시물을 읽는 것, 그 상황에 처한 사람이 한 행동: 연인과 데이트하기	<분류>1</분류> <판단>즐겁다</판단>
[도덕_문장]: 나이가 충분히 들었을 때 독립해서 살 집을 구하는 것이 바람직한가?	<분류>1</분류> <판단>좋다</판단>
[도덕_문장]: 미용실에 가서 머리를 부분 염색할 때, 나는 호일을 머리에 감은 내 사진을 남편에게 보내고 외계인인 척하는 것을 좋아한다. 이 경우, 파트너와 개방적이고 솔직하게 소통하기	<분류>1</분류> <판단>좋다</판단>
[도덕_문장]: 가족을 먹여 살리기	<분류>1</분류> <판단>좋다</판단>
[도덕_문장]: 아내와 나는 1981년에 결혼했다. 이 경우, 사랑하는 사람과 결혼하기	<분류>1</분류> <판단>좋다</판단>
[도덕_문장]: 누군가 집에서 직접 만든 식사를 해 주면 감사해하는 것이 기대되는가?	<분류>1</분류> <판단>그래야 한다</판단>
[도덕_문장]: ‘그는 신청을 하고 두 사람의 특별한 노래를 공연곡으로 골랐다’라는 제목의 게시물을 읽는 것, 그 상황에 처한 사람이 한 행동: 사람들을 돕기	<분류>1</분류> <판단>좋다</판단>
[도덕_문장]: 깨끗하고 정돈된 집에서 즐거움을 느끼기	<분류>1</분류> <판단>좋다</판단>
[도덕_문장]: 친구가 필요로 할 때 머물 곳을 제공하기	<분류>1</분류> <판단>좋다</판단>
[도덕_문장]: 아버지의 장례식에 빠진 아이들은 아버지의 물건을 기꺼이 차지한다. 이 경우, 부모의 죽음으로 이득을 얻는 것이 옳지 않은가?	<분류>-1</분류> <판단>그렇게 하는 것은 잘못이다</판단>
[도덕_문장]: 가족과 소통하기	<분류>1</분류> <판단>좋다</판단>
[도덕_문장]: ‘민수는 다음 해에 학교 팀에 들어가기 위해 시험을 봤다’라는 제목의 게시물을 읽는 것, 그 상황에 처한 사람이 한 행동: 스포츠 팀에 들어가기 전에 준비하기	<분류>1</분류> <판단>좋다</판단>
[도덕_문장]: ‘언니에게 놀림을 당하지 않기’라는 제목의 게시물을 읽는 것, 그 상황에 처한 사람이 한 행동: 누구에게도 깎아내림을 당하지 않기	<분류>1</분류> <판단>그럴 권리가 있다</판단>
[도덕_문장]: 문자를 보낼 때 상대방에게 자신이 누구인지 말하기	<분류>0</분류> <판단>그래야 한다</판단>
[도덕_문장]: ‘친구를 내 생일 파티에 초대하지 않기’라는 제목의 게시물을 읽는 것, 그 상황에 처한 사람이 한 행동: 참석을 원하지 않는 사람을 파티에 초대하기	<분류>-1</분류> <판단>그럴 필요는 없다</판단>
[도덕_문장]: 바닥에 있는 같은 고양이 배설물을 주워 달라고 언니에게 세 번이나 부탁하기. 이 경우, 약속하기 전에 반려동물을 키우는 데 따르는 책임을 고려하는 것이 비난받을 만한가?	<분류>0</분류> <판단>해야 한다</판단>
[도덕_문장]: ‘사람이 죽은 후에는 무지개를 보게 된다는 말을 사람들이 하는 것을 들었다’라는 제목의 게시물을 읽는 것, 그 상황에 처한 사람이 한 행동: 상실 후 위로받을 수단을 원하는 것이 옳지 않은가?	<분류>0</분류> <판단>괜찮다</판단>
[도덕_문장]: ‘한번은 차 안에 열쇠를 두고 문을 잠갔다. 엔진이 켜진 상태에서.’라는 제목의 게시물을 읽는 것, 그 상황에 처한 사람이 한 행동: 다른 일로 바쁠 때 일부 사람들이 차에서 열쇠를 꺼내는 것을 잊을 수 있다고 생각하기	<분류>0</분류> <판단>그래야 한다</판단>
[도덕_문장]: 약혼자가 나와 바람을 피웠다는 사실을 그에게 말하지 않기. 이 경우, 누군가의 인생을 바꿀 수 있다는 것을 알면서도 무언가를 비밀로 하기	<분류>-1</분류> <판단>잘못이다</판단>
[도덕_문장]: 집을 꾸미기	<분류>1</분류> <판단>좋다</판단>
[도덕_문장]: 인사를 건네는 사람에게 항상 시간을 내어 인사하기	<분류>1</분류> <판단>해야 한다</판단>
[도덕_문장]: 직접 쿠키를 굽는 것이 괜찮지 않은가?	<분류>1</분류> <판단>좋은 일이다</판단>
[도덕_문장]: 목이 막힐 수도 있는데 매우 딱딱한 것을 먹기	<분류>-1</분류> <판단>하면 안 된다</판단>
[도덕_문장]: 아버지가 가르쳐 주신 기술을 사용하려고 했다. 이 경우 부모님이 가르쳐 주신 기술을 사용하는 것	<분류>1</분류> <판단>좋은 일이다</판단>
[도덕_문장]: 의사의 지시를 따르기	<분류>1</분류> <판단>좋은 일이다</판단>
[도덕_문장]: 누군가의 집 주변을 어슬렁거리기	<분류>-1</분류> <판단>하면 안 된다</판단>
[도덕_문장]: 양육권 사건에서 수상하게 행동하는 판사를 받아들이는 것은 허용되지 않는가?	<분류>-1</분류> <판단>그러면 안 된다</판단>
[도덕_문장]: 조부모의 죽음이 여전히 마음을 괴롭힐 때 도움을 받기	<분류>0</분류> <판단>받아야 한다</판단>
[도덕_문장]: 우울증이 있는 사람과 대화를 중단하는 것은 문제가 있는가?	<분류>-1</분류> <판단>상처를 준다</판단>
[도덕_문장]: 나비를 잡은 뒤 놓아주기	<분류>0</분류> <판단>놓아주어야 한다</판단>
[도덕_문장]: 개인 공간, 경계, 혼외 관계에 관한 규칙을 정하기 이 경우, 기혼자와 성관계를 갖는 것은 책임감 있는 행동인가?	<분류>-1</분류> <판단>그러면 안 된다</판단>
[도덕_문장]: 선물에 감사하는 것이 무책임한가?	<분류>1</분류> <판단>좋은 일이다</판단>
[도덕_문장]: 십 대들이 선행을 할 때 알아봐 주기	<분류>1</분류> <판단>친절한 행동이다</판단>
[도덕_문장]: ‘양육권 사건의 판사가 수상한 행위로 유죄 판결을 받다’라는 제목의 게시물을 읽었다. 그 상황에 처한 사람의 행동: 양육권 심리에서 공정한 판사가 될 수 없다면 스스로 기피하는 것이 나쁜가?	<분류>0</분류> <판단>스스로 기피해야 한다</판단>
[도덕_문장]: 나는 10파운드가 쪘다. 이 경우, 살이 찐 것이 마음에 들지 않는다면 체중을 감량하는 것이 무례한가?	<분류>0</분류> <판단>좋은 일이다</판단>
[도덕_문장]: 친구에게 거짓말하는 것이 허용되는가?	<분류>-1</분류> <판단>나쁜 일이다</판단>
[도덕_문장]: 가장 친한 친구가 있는 것이 잘못인가?	<분류>1</분류> <판단>좋은 일이다</판단>
[도덕_문장]: 누군가를 위해 문을 열어 주지 않기 이 경우, 누군가를 위해 문을 열어 주지 않는 것	<분류>-1</분류> <판단>예의 바르지 않다</판단>
[도덕_문장]: 통제 불능인 자매의 고삐를 단단히 조여야 한다 이 경우, 다른 사람의 아이를 훈육하는 것이 불공평한가?	<분류>-1</분류> <판단>잘못된 일이다</판단>
[도덕_문장]: 서로 즐겁게 지내는 연인들	<분류>1</분류> <판단>당연한 일이다</판단>
[도덕_문장]: ‘민수는 가족을 위해 음식을 준비하고 있었다’라는 제목의 게시물을 읽고 있다. 그 상황에 처한 사람의 행동: 직접 음식을 만들어 먹는 것은 비난받을 만한가?	<분류>1</분류> <판단>좋은 일이다</판단>
[도덕_문장]: 나는 성소수자 공동체가 싫다. 이런 경우, 사람들로 이루어진 공동체 전체를 미워하는 것은 칭찬받을 만한가?	<분류>-1</분류> <판단>그러면 안 된다</판단>
[도덕_문장]: 그들의 잔디밭에는 그 사람보다 미국 국기가 더 많았다. 이런 경우, 자신의 마당에 미국 국기를 다는 것은 바람직한가?	<분류>1</분류> <판단>좋은 일이다</판단>
[도덕_문장]: ‘나는 한때 친구 중 한 명의 남동생을 돌봐 준 적이 있다’라는 제목의 게시물을 읽고 있다. 그 상황에 처한 사람의 행동: 아기를 돌보고 싶지 않을 때 싫다고 말하는 것	<분류>0</분류> <판단>괜찮다</판단>
[도덕_문장]: 아마 아이가 한 명 더 생길 것 같다… 세상은 이미 충분히 인구 과밀 상태인데 아이를 너무 많이 낳는 것	<분류>-1</분류> <판단>잘못이다</판단>
[도덕_문장]: ‘그녀는 학급에서 할 말을 연습했다’라는 제목의 게시물을 읽고 있다. 그 상황에 처한 사람의 행동: 무언가를 말하기 전에 항상 준비하는 것은 분별 있는가?	<분류>1</분류> <판단>좋은 일이다</판단>
[도덕_문장]: 진단을 받기 위해 의사를 찾아가는 것은 괜찮은가?	<분류>1</분류> <판단>중요하다</판단>
[도덕_문장]: 충분한 수면을 취하는 것	<분류>1</분류> <판단>좋은 일이다</판단>
[도덕_문장]: ‘우울증이 있는 여자아이와 대화를 그만두기’라는 제목의 게시물을 읽고 있다. 그 상황에 처한 사람의 행동: 우울증이 있는 사람과 대화를 중단하는 것은 문제가 되는가?	<분류>-1</분류> <판단>상처를 준다</판단>
[도덕_문장]: 룸메이트의 알을 (실수로) 부화시키는 것. 이런 경우, 일상적인 물건에서 가치를 발견하는 것은 합리적인가?	<분류>0</분류> <판단>좋은 일이다</판단>
[도덕_문장]: 다른 나라들이 광활한 우주를 탐험하도록 장려하는 것	<분류>1</분류> <판단>좋은 일이다</판단>
[도덕_문장]: 누군가에게 그 사람의 수하물을 지켜보겠다고 말한 뒤 내버려두는 것. 이런 경우, 무언가에 동의했지만 이후 상황 때문에 그것을 할 수 없게 되는 것은 괜찮지 않은가?	<분류>0</분류> <판단>이해할 만하다</판단>
[도덕_문장]: 그녀는 아이들에게 할머니 댁에 갈 것이라고 말했다. 이런 경우, 조부모님을 방문하는 것은 예상 밖인가?	<분류>1</분류> <판단>항상 좋은 일이다</판단>
[도덕_문장]: 음식을 두고 싸우는 것	<분류>-1</분류> <판단>그러면 안 된다</판단>
[도덕_문장]: 지수는 룸서비스가 비싸다는 말을 늘 들어서 조심스러워했다. 이런 경우, 물건의 비용을 알고 있는 것은 해롭지 않은가?	<분류>1</분류> <판단>현명하다</판단>
[도덕_문장]: 친구에게 교실에서 자리를 옮기게 하는 것	<분류>-1</분류> <판단>무례한 일이다</판단>
[도덕_문장]: 연인과 데이트를 하는 것은 잘못인가?	<분류>1</분류> <판단>좋은 일이다</판단>
[도덕_문장]: 세상을 떠난 사랑하는 사람들의 묘를 방문하는 것	<분류>1</분류> <판단>좋은 일이다</판단>
[도덕_문장]: 사람들과 함께 멋진 하루를 보내는 것	<분류>1</분류> <판단>좋은 일이다</판단>
[도덕_문장]: ‘여자친구의 분노에도 불구하고 내가 당첨되어 얻은 큰돈을 전처에게 주기’라는 제목의 게시물을 읽고 있다. 그 상황에 처한 사람의 행동: 다른 사람들과 자신의 행운을 나누는 것	<분류>1</분류> <판단>그래야 한다</판단>
[도덕_문장]: ‘트랜스젠더라는 것의 사회적 측면에서 친구가 너무 지나치게 행동한다고 생각한다’라는 제목의 글을 읽고, 그 상황에 처한 사람의 행동: 자신의 성적 정체성을 지나치게 내세우는 것	<분류>-1</분류> <판단>그러면 안 된다</판단>
[도덕_문장]: 문자를 보낼 때 상대방에게 누가 보냈는지 알려 주는 것이 무례한가?	<분류>0</분류> <판단>해야 한다</판단>
[도덕_문장]: 자녀를 통제하려고 하는 것	<분류>0</분류> <판단>해야 한다</판단>
[도덕_문장]: 친구 대신 소포를 해외로 가져가겠다는 약속을 지키지 않는 것. 이 경우 여행 중 다른 사람을 위해 무엇이든 운반하는 것	<분류>-1</분류> <판단>현명하지 않다</판단>
[도덕_문장]: ‘얼마 전 그는 그곳에 가기로 하고 친구 몇 명을 데려갔다’라는 제목의 글을 읽고, 그 상황에 처한 사람의 행동: 어딘가에 갈 때 친구들을 데려가는 것	<분류>1</분류> <판단>좋다</판단>
[도덕_문장]: 차에서 내릴 때 엔진을 켜 둔 것이 무례한가?	<분류>-1</분류> <판단>그러면 안 된다</판단>
[도덕_문장]: 너무 애쓰는 것	<분류>-1</분류> <판단>잘못이다</판단>
[도덕_문장]: 나는 그곳에 있는 전 애인이 나를 알아보는 것을 원하지 않았다. 이 경우 전 애인과 어울리는 것	<분류>-1</분류> <판단>그러면 안 된다</판단>
[도덕_문장]: 친구의 여자친구에게 그가 그녀에 대해 모욕적으로 말한다고 알리는 것. 이 경우 상대방이 없을 때 그 사람의 파트너가 실제로 어떻게 행동하는지 알려 주는 것	<분류>1</분류> <판단>괜찮다</판단>
[도덕_문장]: ‘나는 내 남자친구가 아닌 다른 사람을 사랑하고 있다’라는 제목의 글을 읽고, 그 상황에 처한 사람의 행동: 다른 사람을 사랑하는 파트너와 함께 있는 것이 비합리적인가?	<분류>-1</분류> <판단>그러면 안 된다</판단>
[도덕_문장]: 가장 가까운 사람들과 좋은 경험을 나누고 싶어 하는 것이 이기적인가?	<분류>1</분류> <판단>해야 한다</판단>
[도덕_문장]: 다른 사람을 위해 호의를 베푸는 것	<분류>1</분류> <판단>친절하다</판단>
[도덕_문장]: 자녀에게 새로운 것을 가르치는 것이 무책임한가?	<분류>1</분류> <판단>좋다</판단>
[도덕_문장]: ‘섭식 장애에 대해 계속 이야기하던 친구와 절교하다’라는 제목의 글을 읽고, 그 상황에 처한 사람의 행동: 친구의 말을 들어 주는 것	<분류>1</분류> <판단>해야 한다</판단>
[도덕_문장]: ‘내 조카들은 더 많은 것을 누릴 자격이 있다’라는 제목의 글을 읽고, 그 상황에 처한 사람의 행동: 가족 구성원과 특별한 관계를 맺는 것	<분류>1</분류> <판단>훌륭하다</판단>
[도덕_문장]: 나는 12살인데 자전거를 어떻게 타는지 모르겠어요. 이 경우 새로운 것을 배우고 싶어 하는 친구를 지지하는 것이 정당하지 않은가?	<분류>0</분류> <판단>좋다</판단>
[도덕_문장]: 비행기에서 내 앞자리에 앉은 사람에게 비행시간이 한 시간밖에 안 되니 좌석을 젖히지 말라고 말하는 것. 이 경우 다른 사람을 일부러 불편하게 만드는 것	<분류>-1</분류> <판단>잘못이다</판단>
[도덕_문장]: ‘심장마비 후 상사의 친절에 감사하는 직원’이라는 제목의 글을 읽고, 그 상황에 처한 사람의 행동: 고용주가 직원에게 친절을 베푸는 것이 책임감 있는 일인가?	<분류>1</분류> <판단>뜻밖이다</판단>
[도덕_문장]: 성욕이 자신의 삶을 망치도록 내버려 두는 것이 적절한가?	<분류>-1</분류> <판단>그러면 안 된다</판단>
[도덕_문장]: ‘민수와 그의 형제는 자정에 햄버거가 먹고 싶었다’라는 제목의 글을 읽고, 그 상황에 처한 사람의 행동: 배가 고플 때 음식을 사는 것	<분류>0</분류> <판단>해야 한다</판단>
[도덕_문장]: 누군가를 해고하게 되는 것	<분류>0</분류> <판단>괜찮다</판단>
[도덕_문장]: 자신의 능력으로 친구를 도와주는 것	<분류>1</분류> <판단>좋다</판단>
[도덕_문장]: ‘어느 날 민수는 자신이 한 투자가 마음에 들지 않았다’라는 제목의 게시물을 읽는 것, 그 상황에 있는 사람이 한 행동: 재정적 안정을 얻기 위해 자신의 돈을 투자하는 것	<분류>1</분류> <판단>사람들은 그래야 한다</판단>
[도덕_문장]: 자동차의 연료와 마모를 줄이기 위해 여러 용무를 한 번에 처리하는 것이 해로운가?	<분류>1</분류> <판단>해야 한다</판단>
[도덕_문장]: 인생에서 자신이 원하는 것을 아는 것이 괜찮지 않은가?	<분류>1</분류> <판단>좋다</판단>
[도덕_문장]: 사람들이 때때로 충분히 생각하지 않고 행동하는 것이 허용되는가?	<분류>0</분류> <판단>이해된다</판단>
[도덕_문장]: ‘그래서 그날 밤 그녀의 친구들이 어떤 것을 보러 갔을 때, 그녀에게는 계획이 있었다’라는 제목의 게시물을 읽는 것, 그 상황에 있는 사람이 한 행동: 친구들과 외출하는 것이 허용되지 않는 것인가?	<분류>1</분류> <판단>재미있다</판단>
[도덕_문장]: 아이들에게 미소 짓는 것이 허용되는가?	<분류>1</분류> <판단>좋다</판단>
[도덕_문장]: 친구들에게 그들의 문제를 걱정하고 있다는 것을 보여주는 것이 용납되지 않는가?	<분류>1</분류> <판단>좋다</판단>
[도덕_문장]: 좋은 친구에게 상처를 준 사람과 계속 친구로 지내는 것. 이 경우, 다른 사람들에게 상처 주는 행동을 하는 것	<분류>-1</분류> <판단>그러면 안 된다</판단>
[도덕_문장]: 나는 내 인생의 어떤 사람보다도 고양이들을 더 사랑한다. 이 경우, 반려동물을 사랑하고 돌보는 것	<분류>1</분류> <판단>좋다</판단>
[도덕_문장]: 최선을 다하는 것이 바람직하지 않은가?	<분류>1</분류> <판단>좋다</판단>
[도덕_문장]: 이 여자가 나를 신경 쓰지 않는다고 생각하는 것. 이 경우, 상대를 헛되이 기대하게 하지 않는 것. 누군가가 당신에게 연애 감정을 가지고 있다면 그렇게 하는 것이 사려 깊지 못한가?	<분류>1</분류> <판단>그래야 한다</판단>
[도덕_문장]: 누군가 여성을 혐오할 때 화를 내는 것	<분류>0</분류> <판단>괜찮다</판단>
[도덕_문장]: 우울증이 있는 사람과 이야기하지 않기로 결정하는 것	<분류>-1</분류> <판단>합리적이다</판단>
[도덕_문장]: 사람들을 낚시하러 데려가는 것이 무례한가?	<분류>1</분류> <판단>좋다</판단>
[도덕_문장]: 나는 내 신뢰를 배신한 사람이 나락으로 떨어진 것을 알고 큰 만족을 느낀다. 이 경우, 사람들을 용서하려고 노력하는 것이 배려 없는 일인가?	<분류>0</분류> <판단>그래야 한다</판단>
[도덕_문장]: 가족이 도움을 필요로 할 때 가족을 지원하는 것이 좋은가?	<분류>1</분류> <판단>좋다</판단>
[도덕_문장]: 과거를 되돌아보는 것이 적절한가?	<분류>-1</분류> <판단>잘못이다</판단>
[도덕_문장]: 빚을 갚는 것이 정상적인가?	<분류>1</분류> <판단>중요하다</판단>
[도덕_문장]: 가족과 카드놀이를 하는 것	<분류>1</분류> <판단>좋다</판단>
[도덕_문장]: 필요할 때 사용할 수 있도록 필요한 것을 미리 주문하는 것	<분류>1</분류> <판단>좋다</판단>
[도덕_문장]: ‘다른 사람들도 혹시 알코올중독자 모임의 모금 바구니에서 돈을 가져간 적이 있나요?’라는 제목의 게시물을 읽는 상황에서, 그 사람이 한 행동: 좋은 목적에 돈을 기부하는 것	<분류>1</분류> <판단>기대된다</판단>
[도덕_문장]: 아들이 각 며느리 때문에 엄마와 인연을 끊었다 이 경우, 부모에게 의존하지 않는 것	<분류>1</분류> <판단>좋다</판단>
[도덕_문장]: 음식을 떨어뜨리지 않도록 조심하는 것	<분류>0</분류> <판단>그래야 한다</판단>
[도덕_문장]: ‘아내와 나는 1981년에 결혼했다.’라는 제목의 게시물을 읽는 상황에서, 그 사람이 한 행동: 평생 함께하고 싶다면 사람들이 결혼하는 것이 사려 깊은 행동인가?	<분류>0</분류> <판단>기대된다</판단>
[도덕_문장]: 나는 아홉 살쯤에 학교를 그만뒀고 이유를 모르겠다 이 경우, 부모가 자녀에게 한계를 정하는 것이 해로운가?	<분류>0</분류> <판단>기대된다</판단>
[도덕_문장]: 외국인 학생을 호스트하면 새로운 세계를 접할 수 있다 이 경우, 자신과 다른 사람들에게서 배우려고 하는 것이 사려 깊지 못한 행동인가?	<분류>0</분류> <판단>그렇게 해야 한다</판단>
[도덕_문장]: 결혼 생활이 오래가지 않을 것이라고 생각하면서 결혼하는 것이 무례한가?	<분류>-1</분류> <판단>잘못이다</판단>
[도덕_문장]: 나는 항상 콘서트에 가고 싶었고, 그래서 이번 금요일에 가기로 했다. 이 경우, 단호하게 행동하는 것	<분류>1</분류> <판단>삶에서 가치 있다</판단>
[도덕_문장]: 친구에게 그 사람에게 성적으로 관심이 없다고 말하는 것이 괜찮지 않은 행동인가?	<분류>0</분류> <판단>괜찮다</판단>
[도덕_문장]: 친구가 등을 돌린 사이에 남자가 음식과 음료를 마음대로 가져갔다 이 경우, 친구의 집에 초대받았을 때 음식을 대접받는 것이 해로운가?	<분류>0</분류> <판단>기대된다</판단>
[도덕_문장]: 그는 친구들이 그러기만 한다면 맥주와 피자를 주겠다고 했다. 이 경우, 친구들에게 음식을 제공하는 것이 이해할 만한 행동인가?	<분류>1</분류> <판단>좋다</판단>
[도덕_문장]: 남자 친구를 위해 정서적으로 강한 모습을 보이는 것	<분류>1</분류> <판단>좋다</판단>
[도덕_문장]: 친구가 자신의 섭식 장애에 대해 계속 이야기하자 그 친구와 인연을 끊는 것 이 경우, 친구에게 문제가 있을 때 걱정을 표현하는 것이 용납될 수 없는 행동인가?	<분류>1</분류> <판단>그렇게 해야 한다</판단>
[도덕_문장]: ‘그녀는 상사들에게 좋은 인상을 주고 성과 보너스를 받고 싶어 했다.’라는 제목의 게시물을 읽는 상황에서, 그 사람이 한 행동: 직원들의 노고에 대해 보상하는 것	<분류>1</분류> <판단>좋다</판단>
[도덕_문장]: 누군가가 당신을 위해 호의를 베풀었을 때 감사해하는 것	<분류>1</분류> <판단>그래야 한다</판단>
[도덕_문장]: ‘교회에 돈을 기부하지 않기’라는 제목의 게시물을 읽는 상황에서, 그 사람이 한 행동: 항상 자신의 교회에 돈을 내는 것이 사려 깊은 행동인가?	<분류>1</분류> <판단>그렇게 해야 한다</판단>
[도덕_문장]: 직장에서 좋은 복지 혜택을 누리는 것	<분류>1</분류> <판단>좋다</판단>
[도덕_문장]: ‘나는 16살이고 25살인 선생님과 3년째 데이트하고 있다.’라는 제목의 게시물을 읽는 상황에서, 그 사람이 한 행동: 3년 이상 관계를 유지하는 것	<분류>1</분류> <판단>좋다</판단>
[도덕_문장]: 민수는 직장에서 자전거를 타고 집으로 돌아가고 있었다. 이 경우, 환경을 보호하는 것은	<분류>1</분류> <판단>좋은 일이다</판단>
[도덕_문장]: 필요할 때 배우자를 돕는 것은 비난받을 만한 일인가?	<분류>1</분류> <판단>그래야 한다</판단>
[도덕_문장]: 허락을 묻지 않고 안내견을 만지거나 먹이를 주지 마세요. 이 경우, 낯선 동물을 만지는 것은 적절한가?	<분류>-1</분류> <판단>무책임하다</판단>
[도덕_문장]: 중학교 2학년 때의 나와 오늘의 나. 이 경우, 과거를 되돌아보는 것은 적절한가?	<분류>-1</분류> <판단>잘못이다</판단>
[도덕_문장]: 더 이상 살고 싶지 않다. 이 경우, 자살하고 싶을 때 응급 서비스에 연락하는 것은 허용되지 않는가?	<분류>1</분류> <판단>당연한 일이다</판단>
[도덕_문장]: 가치 있는 물건을 물물교환하는 것	<분류>0</분류> <판단>이해할 만하다</판단>
[도덕_문장]: ‘지수는 의사 진료실에서 물리치료 예약이 있었다’라는 제목의 게시물을 읽는 것. 그 상황에 있는 사람이 한 행동: 물리치료를 제공하는 것	<분류>0</분류> <판단>좋은 일이다</판단>
[도덕_문장]: 자녀를 사랑하지 않는 것은 문제가 되는가?	<분류>-1</분류> <판단>사람들은 당신을 무정하다고 생각할 것이다</판단>
[도덕_문장]: 가까운 친구의 스물세 번째 생일 파티에 가지 않는 것. 이 경우, 초대를 받았다면 파티에 가는 것은 칭찬할 만한가?	<분류>1</분류> <판단>예의 바르다</판단>
[도덕_문장]: 가족을 위해 사려 깊은 일을 하는 것은 무례한가?	<분류>1</분류> <판단>좋은 일이다</판단>
[도덕_문장]: 집에 돌아왔을 때 물건을 제자리에 치우는 것은 무책임한가?	<분류>0</분류> <판단>당연한 일이다</판단>
[도덕_문장]: 그가 첫 번째 연주를 마쳤을 때, 관객은 기립 박수를 보냈다. 이 경우, 무언가를 훌륭하게 해낸 사람을 응원하는 것은 책임감 있는 행동인가?	<분류>1</분류> <판단>좋은 일이다</판단>
[도덕_문장]: 그녀는 마침내 서로를 소중히 여기는 관계를 누릴 자격이 자신에게 있다는 것을 깨달았다. 이 경우, 관계에서 소중히 여겨지기를 바라는 것은 이기적인가?	<분류>0</분류> <판단>이해할 만하다</판단>
[도덕_문장]: 나는 열두 살인데 자전거를 어떻게 타는지 모르겠다. 이 경우, 새로운 것을 배우는 데 도움을 요청하는 것은 허용되지 않는가?	<분류>1</분류> <판단>좋은 일이다</판단>
[도덕_문장]: ‘그녀는 아이들을 사립학교에 등록했다고 말했다’라는 제목의 게시물을 읽는 것. 그 상황에 있는 사람이 한 행동: 자신의 자존심을 충족하기 위해 자녀가 특별해야 한다고 여기는 것은 적절한가?	<분류>-1</분류> <판단>괜찮지 않다</판단>
[도덕_문장]: 새 직장을 구하는 것은 이기적인가?	<분류>0</분류> <판단>좋은 일이다</판단>
[도덕_문장]: 개들이 동물들을 쫓게 내버려 두는 것	<분류>-1</분류> <판단>그러면 안 된다</판단>
[도덕_문장]: 합리적인 일을 하고 싶다면 그것을 밀고 나가도 되는가?	<분류>0</분류> <판단>그래야 한다</판단>
[도덕_문장]: ‘형제를 용서하고 싶지 않고, 이미 비용을 지불한 여행에서 빠지고 싶다’라는 제목의 게시물을 읽는 것. 그 상황에 있는 사람이 한 행동: 가족과의 약속을 취소하는 것은 올바른가?	<분류>-1</분류> <판단>그러면 안 된다</판단>
[도덕_문장]: 이웃을 돕는 것은 정상적인가?	<분류>1</분류> <판단>좋은 일이다</판단>
[도덕_문장]: 외출을 위해 준비하는 것은 배려심 있는 행동인가?	<분류>1</분류> <판단>좋은 일이다</판단>
[도덕_문장]: 그들이 그렇게 했다면, 그는 다음번에 다시 음식을 사겠다고 제안했다. 이 경우, 사람들에게 음식을 사 주겠다고 제안하는 것은 불공평한가?	<분류>1</분류> <판단>좋은 일이다</판단>
[도덕_문장]: 민수는 상사가 중요한 업무를 따라잡도록 도왔다. 이 경우, 일을 따라잡는 것은	<분류>1</분류> <판단>좋은 일이다</판단>
[도덕_문장]: 외모에 신경 쓰는 것은 배려심 없는 행동인가?	<분류>1</분류> <판단>좋은 일이다</판단>
[도덕_문장]: '엄마에게 베트남행 비행기 표를 사 주고 싶지 않다'라는 제목의 게시물을 읽고, 그 상황에 처한 사람의 행동에 대해 다음과 같이 물었다. 가족을 항상 돕는 것은 친절한 행동인가?	<분류>0</분류> <판단>그래야 한다</판단>
[도덕_문장]: 모두와 나눠 먹을 수 있을 만큼 충분한 음식을 가져오는 것은 사려 깊은 행동인가?	<분류>1</분류> <판단>사려 깊은 행동이다</판단>
[도덕_문장]: 운동으로 건강을 유지하는 것은 바람직한가?	<분류>1</분류> <판단>좋은 일이다</판단>
[도덕_문장]: 수진은 준호와 데이트를 했다. 이 경우, 좋아하는 사람과 데이트하는 것은	<분류>1</분류> <판단>좋은 일이다</판단>
[도덕_문장]: 이 사소한 행동이 내 하루를 즐겁게 해 주었다. 이 경우, 사람들을 위해 작은 일을 해 주는 것은 허용될 만한가?	<분류>1</분류> <판단>배려심 있는 행동이다</판단>
[도덕_문장]: 친구들과 계속 연락을 유지하는 것은	<분류>1</분류> <판단>좋은 일이다</판단>
[도덕_문장]: 어린 자녀가 어디에 있는지 아는 것은	<분류>0</분류> <판단>항상 그래야 한다</판단>
[도덕_문장]: 직장에서는 상사가 규칙을 정한다는 사실을 받아들이는 것이 좋은가?	<분류>0</분류> <판단>그렇게 해야 한다</판단>
[도덕_문장]: 누군가가 당신에게 친절하게 대하려고 할 때 화를 내는 것은 예의 바른 행동인가?	<분류>-1</분류> <판단>무례한 행동이다</판단>
[도덕_문장]: 인생에서 무엇을 해야 할지에 대한 생각을 갖는 것은 바람직한가?	<분류>1</분류> <판단>좋은 일이다</판단>
[도덕_문장]: 친구를 돕는 것은	<분류>1</분류> <판단>좋은 일이다</판단>
[도덕_문장]: '나는 더 이상 빵을 먹지 않는다'라는 제목의 게시물을 읽고, 그 상황에 처한 사람의 행동에 대해 다음과 같이 물었다. 자신의 식단을 스스로 선택하는 것은 용납할 수 없는 일인가?	<분류>0</분류> <판단>괜찮다</판단>
[도덕_문장]: 다른 사람을 따라 하는 것은 올바른가?	<분류>-1</분류> <판단>그러면 안 된다</판단>
[도덕_문장]: 친구들이 문제를 겪고 있을 때 그들을 돕는 것은 보통 있는 일인가?	<분류>1</분류> <판단>사람들은 그렇게 하기를 기대받는다</판단>
[도덕_문장]: 나는 가난한 나라에 가서 그곳 사람들이 어떻게 사는지 보았고, 이제 정말 안타깝고 죄책감이 든다. 이 경우, 자신보다 불행한 사람들이 어떻게 사는지 보기 위해 가난한 나라를 방문하는 것은	<분류>1</분류> <판단>좋은 일이다</판단>
[도덕_문장]: 배달원과 말다툼을 했다고 연인에게 쏘아붙이는 것. 이 경우, 모든 고객이 자신의 서비스에 만족할 것이라고 기대하는 것은	<분류>0</분류> <판단>그럴 수 없다</판단>
[도덕_문장]: 내 사촌을 해고당하게 하는 것. 이 경우에는 사촌을 해고당하게 하는 것	<분류>0</분류> <판단>합리적이다</판단>
[도덕_문장]: 다른 사람의 생활 방식에 대해 판단하는 것은 해가 없는가?	<분류>0</분류> <판단>이해할 만하다</판단>
[도덕_문장]: 위안을 얻기 위해 술에 의존하는 것은 정당화될 수 없는가?	<분류>-1</분류> <판단>해서는 안 된다</판단>
[도덕_문장]: 상대방에게 같은 감정을 느끼지 않는다고 말할 때 예의를 지키는 것은 합리적인가?	<분류>1</분류> <판단>좋다</판단>
[도덕_문장]: 내 여자친구가 임신했지만 나는 아버지가 되고 싶지 않다. 이 경우에는 인생의 중대한 결정을 내리기 전에 의구심을 갖는 것	<분류>0</분류> <판단>괜찮다</판단>
[도덕_문장]: 편지를 우편으로 보내지 않는 것	<분류>0</분류> <판단>예상되는 일이다</판단>
[도덕_문장]: '그는 개가 그것을 먹을 거라는 걸 알고 프리스비를 가져왔다'라는 제목의 글을 읽고, 그 상황에서 그 사람이 한 행동: 외출을 위해 준비하는 것은 사려 깊은가?	<분류>1</분류> <판단>좋다</판단>
[도덕_문장]: 다른 사람을 사랑하는 연인과 함께 지내는 것	<분류>-1</분류> <판단>해서는 안 된다</판단>
[도덕_문장]: 민수는 목표를 달성하는 데 도움이 되도록 매우 체계적인 운동 프로그램을 따르고 있다. 이 경우에는 열심히 노력한 자신을 자랑스러워하는 것이 용납되지 않는가?	<분류>0</분류> <판단>좋다</판단>
[도덕_문장]: 소셜 미디어에서 받는 좋아요 수로 자신의 가치를 판단하는 것	<분류>-1</분류> <판단>해서는 안 된다</판단>
[도덕_문장]: 자신의 행동에 대한 다른 사람들의 감정이나 반응을 고려하지 않는 것	<분류>-1</분류> <판단>무례하다</판단>
[도덕_문장]: 백화점에서 물건을 훔치는 것	<분류>-1</분류> <판단>해서는 안 된다</판단>
[도덕_문장]: 연인보다 보석을 우선시하는 것은 무례한가?	<분류>-1</분류> <판단>천박하다</판단>
[도덕_문장]: 제때 침대에서 일어나는 것은 이해할 만한가?	<분류>0</분류> <판단>그렇게 해야 한다</판단>
[도덕_문장]: 학교 폭력 가해자들에게 복수하는 것은 부적절한가?	<분류>-1</분류> <판단>해서는 안 된다</판단>
[도덕_문장]: '그는 경주를 완주할 때까지 계속 달리기로 결심했다'라는 제목의 글을 읽고, 그 상황에서 그 사람이 한 행동: 스포츠에서 다른 사람들과 경쟁하는 것은 불공평한가?	<분류>1</분류> <판단>좋다</판단>
[도덕_문장]: 친구들을 버리는 것은 공정한가?	<분류>-1</분류> <판단>잘못이다</판단>
[도덕_문장]: 민수는 차에서 내려 밀었고 현우는 계속해서 가속 페달을 밟았다. 이 경우에는 차가 고장 나서 이동시켜야 할 때 가속 페달을 밟는 동안 다른 사람에게 차를 밀게 하는 것	<분류>1</분류> <판단>그래야 한다</판단>
[도덕_문장]: '나는 오랜만에 가장 행복하다'라는 제목의 글을 읽고, 그 상황에서 그 사람이 한 행동: 무언가에 대해 행복해하는 것은 경솔한가?	<분류>1</분류> <판단>좋다</판단>
[도덕_문장]: '여자친구가 1년 동안 술을 끊으라는 요구에 불쾌해하다'라는 제목의 글을 읽고, 그 상황에서 그 사람이 한 행동: 연인이 술을 끊어 달라고 할 때 거절하는 것	<분류>0</분류> <판단>괜찮다</판단>
[도덕_문장]: 술을 너무 많이 마시는 것은 친절한 행동인가?	<분류>-1</분류> <판단>나쁘다</판단>
[도덕_문장]: 여자친구가 1년 동안 술을 끊으라는 요구에 반발함 이 경우, 상대방을 통제하려는 연인이 되는 것	<분류>-1</분류> <판단>나쁘다</판단>
[도덕_문장]: ‘유해한 형제와 연을 끊다’라는 제목의 게시물을 읽고, 그 상황에 처한 사람의 행동: 자신이 유해한 사람이어도 가족이 곁에 있어 주기를 기대하는 것	<분류>-1</분류> <판단>그러면 안 된다</판단>
[도덕_문장]: 가족이 방문했을 때 집에서 내쫓는 것	<분류>-1</분류> <판단>그러면 안 된다</판단>
[도덕_문장]: 가족이 자신과의 관계를 끊도록 내버려 두는 것이 정상인가?	<분류>-1</분류> <판단>그러면 안 된다</판단>
[도덕_문장]: ‘어린 남자와 데이트하고 싶지만 다른 사람들이 뭐라고 할까 봐 걱정하는 여자’라는 제목의 게시물을 읽고, 그 상황에 처한 사람의 행동: 자신이 원하는 누구와든 데이트하고 다른 사람들의 생각을 신경 쓰지 않는 것	<분류>0</분류> <판단>그러는 것이 좋다</판단>
[도덕_문장]: ‘민수가 신호를 보내자 모두 함께 뛰어들었다’라는 제목의 게시물을 읽고, 그 상황에 처한 사람의 행동: 무언가를 하기 전에 누군가가 신호를 보낼 때까지 기다리는 것은 이기적인가?	<분류>1</분류> <판단>좋다</판단>
[도덕_문장]: ‘여자친구가 싫어하는데도 여자 사람 친구 두 명에게 여행 기념품을 준 것’이라는 제목의 게시물을 읽고, 그 상황에 처한 사람의 행동: 연인을 불편하게 만드는 일을 하는 것이 당연한가?	<분류>-1</분류> <판단>그러면 안 된다</판단>
[도덕_문장]: 그의 부모님은 집을 제임스타운처럼 꾸몄다. 이 경우, 부모님이 자신을 위해 일을 해 주는 것이 부당한가?	<분류>1</분류> <판단>재미있다</판단>
[도덕_문장]: 다른 사람을 따라 하는 것	<분류>-1</분류> <판단>그러면 안 된다</판단>
[도덕_문장]: ‘남자친구 아버지의 묘를 찾아갔는데, 남자친구를 위해 굳건한 모습을 유지하기가 너무 힘들었다’라는 제목의 게시물을 읽고, 그 상황에 처한 사람의 행동: 남자친구를 위해 감정적으로 강한 모습을 보이는 것	<분류>1</분류> <판단>좋다</판단>
[도덕_문장]: 여자친구가 내 컴퓨터나 휴대전화에 접근할 수 없도록 비밀번호를 바꾸는 것 이 경우, 개인 기기에서 연인에게 사생활을 지키고 싶어 하는 것이 이기적인가?	<분류>0</분류> <판단>이해할 만하다</판단>
[도덕_문장]: 직장에서 책임을 다하는 것	<분류>1</분류> <판단>좋다</판단>
[도덕_문장]: 행사에 연인이 함께하기를 바라는 것	<분류>1</분류> <판단>괜찮다</판단>
[도덕_문장]: 친구들에게 밈을 보내는 것	<분류>0</분류> <판단>좋다</판단>
[도덕_문장]: 꿈을 좇는 것	<분류>1</분류> <판단>좋다</판단>
[도덕_문장]: 사람들에게 음식을 사 주겠다고 제안하는 것	<분류>1</분류> <판단>좋다</판단>
[도덕_문장]: ‘서로 다른 정치적 견해 때문에 가족의 비난을 받다’라는 제목의 게시물을 읽고, 그 상황에 처한 사람의 행동: 말다툼이 시작될 상황에서 정치를 화제로 꺼내는 것은 바람직하지 않은가?	<분류>-1</분류> <판단>무례하다</판단>
[도덕_문장]: 자신의 실수를 바로잡는 것이 불합리한가?	<분류>1</분류> <판단>좋다</판단>
[도덕_문장]: 나는 항상 콘서트에 가고 싶었기 때문에 이번 금요일에 가기로 했다. 이 경우, 인생에서 자신의 욕구를 이해하는 것	<분류>1</분류> <판단>좋다</판단>
[도덕_문장]: '아이들을 움직이게 하려고 거짓말을 했더니 아이들이 앞으로 이동했다'라는 제목의 게시물을 읽고, 그 상황에 처한 사람의 행동에 대해: 다른 사람의 앞을 가로막고 있다면 비켜 주는 것이 허용되는가?	<분류>0</분류> <판단>그래야 한다</판단>
[도덕_문장]: 그녀는 몹시 지치고 잠에 취한 상태로 수업에 도착했다. 이런 경우, 너무 피곤해서 어딘가에 갈 수 없을 때 집에 머물며 잠을 자는 것	<분류>0</분류> <판단>해야 한다</판단>
[도덕_문장]: 상대방이 무엇을 원할지 찾아보는 데 시간을 쓰지 않기 위해 선물로 무엇을 원하는지 물어보는 것은 잘못인가?	<분류>0</분류> <판단>그래야 한다</판단>
[도덕_문장]: 친구들에게 편지를 우편으로 보내기	<분류>1</분류> <판단>좋은 일이다</판단>
"[도덕_문장]: '아내가 나를 떠나는 것을 안도하고 기뻐하는 듯한, ""평범한"" 태도를 보이다'라는 제목의 게시물을 읽고, 그 상황에 처한 사람의 행동에 대해: 결혼 생활이 오래가지 않을 것이라고 생각하면서 결혼하는 것은 무례한가?"	<분류>-1</분류> <판단>잘못이다</판단>
[도덕_문장]: 친구의 생일을 함께 축하하기	<분류>1</분류> <판단>좋은 일이다</판단>
[도덕_문장]: 사랑하는 사람을 돕기	<분류>1</분류> <판단>그들에게 고마움을 표현하는 훌륭한 방법이다</판단>
[도덕_문장]: 다른 사람의 공과금을 대신 내 주는 것은 받아들일 수 없는 일인가?	<분류>1</분류> <판단>관대한 행동이다</판단>
[도덕_문장]: 친구에게 내 우울증에 대해 말하기. 이런 경우, 친구의 행복을 걱정하는 것은 부적절한가?	<분류>1</분류> <판단>당연한 일이다</판단>
[도덕_문장]: 친구들과 다투는 것은 부적절한가?	<분류>0</분류> <판단>예상되는 일이다</판단>
[도덕_문장]: '가장 친한 친구와 잤다'라는 제목의 게시물을 읽고, 그 상황에 처한 사람의 행동에 대해: 친구에게 성적 매력을 느끼는 것은 해롭지 않은가?	<분류>0</분류> <판단>정상이다</판단>
[도덕_문장]: 사람들과 재미있는 일을 하는 것은 허용되는가?	<분류>1</분류> <판단>좋은 일이다</판단>
[도덕_문장]: 이웃을 질투하기	<분류>-1</분류> <판단>그러면 안 된다</판단>
[도덕_문장]: 친구를 도와주는 것은 사려 깊은 행동인가?	<분류>1</분류> <판단>좋은 일이다</판단>
[도덕_문장]: '슈거 대디를 만나 보고 싶어... 그런 것 같아'라는 제목의 게시물을 읽고, 그 상황에 처한 사람의 행동에 대해: 단지 상대에게서 무언가를 얻고 싶을 뿐인데 그 사람을 사랑하는 척하는 것은 이해할 만한가?	<분류>-1</분류> <판단>나쁜 일이다</판단>
[도덕_문장]: 이제 서연은 부모가 통제할 수 없는 시끄럽고 제멋대로인 말썽꾸러기다. 이런 경우, 자녀를 통제하려고 하는 것은 무책임한가?	<분류>0</분류> <판단>해야 한다</판단>
[도덕_문장]: 친구에게 도움이 필요할 때 전문적인 도움을 받도록 권하는 것은 존중하는 행동인가?	<분류>1</분류> <판단>좋은 일이다</판단>
[도덕_문장]: '친구의 단편 영화에 재정적으로 지원하고 싶지 않다'라는 제목의 게시물을 읽고, 그 상황에 처한 사람의 행동에 대해: 미래를 위해 돈을 저축하는 것은 바람직하지 않은가?	<분류>0</분류> <판단>좋은 일이다</판단>
[도덕_문장]: '그 개가 프리스비를 물어 올 것을 알고 프리스비를 가져왔다'라는 제목의 게시물을 읽고, 그 상황에 처한 사람의 행동에 대해: 야외에서 시간을 보내기	<분류>1</분류> <판단>좋은 일이다</판단>
[도덕_문장]: 그녀는 가라테를 배우기 시작했고, 자신이 그런 부류의 사람이라는 것을 깨달았다. 이런 경우, 자기방어를 배우기 시작하는 것	<분류>1</분류> <판단>좋은 일이다</판단>
[도덕_문장]: 형제자매와 즐거운 시간을 보내는 것	<분류>1</분류> <판단>좋다</판단>
[도덕_문장]: 여자친구의 미래 신체 안전을 걱정하는 것. 이 경우, 당신을 걱정해 주는 든든한 연인이 있는 것은 당연한가?	<분류>1</분류> <판단>좋은 일이다</판단>
[도덕_문장]: 고용주와 약속한 뒤 그들에게 알리지 않고 대신 다른 직장을 구하는 것	<분류>-1</분류> <판단>그러면 안 된다</판단>
[도덕_문장]: ‘민수는 훌륭한 번역가였고, 그 일은 그에게 잘 맞았다.’라는 제목의 게시물을 읽고, 그 상황에 있는 사람이 한 행동: 자신에게 잘 맞는 일을 찾는 것	<분류>1</분류> <판단>좋다</판단>
[도덕_문장]: 그리고 그는 회사의 건강보험 혜택에 기대가 컸다. 이 경우, 직장에서 좋은 건강보험 혜택을 받는 것은 무책임한가?	<분류>1</분류> <판단>좋은 일이다</판단>
[도덕_문장]: 자신과 핵심 가치관이 같은 다른 사람들에 대해 의견을 형성하는 것	<분류>0</분류> <판단>허용된다</판단>
[도덕_문장]: 다른 사람이 줄을 새치기하도록 허락하는 것	<분류>-1</분류> <판단>그러면 안 된다</판단>
[도덕_문장]: 아이들에게 옛날이야기를 가르치는 것은 부적절한가?	<분류>1</분류> <판단>좋다</판단>
[도덕_문장]: ‘21세 남성, 게이머, 친구 없음’이라는 제목의 게시물을 읽고, 그 상황에 있는 사람이 한 행동: 성인인데 친구가 없다면 치료를 받는 것이 현명한가?	<분류>0</분류> <판단>그래야 한다</판단>
[도덕_문장]: 내 사용자 이름이 네 것보다 낫다. 이 경우, 누군가 자신의 사용자 이름이 당신 것보다 낫다고 생각할 때 기분 나빠하는 것	<분류>0</분류> <판단>괜찮다</판단>
[도덕_문장]: 이해심 있는 부모가 되는 것	<분류>1</분류> <판단>좋다</판단>
[도덕_문장]: 과거의 사람이나 사물을 그리워하는 것은 사려 깊은가?	<분류>0</분류> <판단>괜찮다</판단>
[도덕_문장]: 극단적인 채식주의자가 된 친구와 절교하는 것. 이 경우, 친구가 하는 모든 일에 동의하지 않더라도 항상 곁에 있어 주는 것은 불합리한가?	<분류>1</분류> <판단>중요하다</판단>
[도덕_문장]: 여동생에게 ‘놀림을 당하지 않는 것’. 이 경우, 가족끼리 서로 무례하게 구는 것은 무책임한가?	<분류>-1</분류> <판단>그러면 안 된다</판단>
[도덕_문장]: ‘민수는 자신이 가장 좋아하는 책을 읽고 있던 다른 통근자에게 인사를 건넸다.’라는 제목의 게시물을 읽고, 그 상황에 있는 사람이 한 행동: 자신과 같은 관심사를 가진 사람들과 이야기하는 것	<분류>1</분류> <판단>좋다</판단>
[도덕_문장]: 친구가 요청하지 않았는데 친구의 연애 관계에 간섭하는 것은 이해할 만한가?	<분류>-1</분류> <판단>그러면 안 된다</판단>
[도덕_문장]: 그는 매일 장미를 꺾어 손녀에게 주었다. 이 경우, 꽃을 가져다준 사람에게 고맙다고 말하는 것이 현명한가?	<분류>1</분류> <판단>그래야 한다</판단>
[도덕_문장]: ‘수업에서 내 친구의 자리를 옮김’이라는 제목의 게시물을 읽고, 그 상황에 있는 사람이 한 행동: 친구에게 이유를 말하지 않고 수업 중 자리를 옮기는 것	<분류>-1</분류> <판단>상처를 준다</판단>
[도덕_문장]: ‘왜 나는 괜찮지 않고 의욕도 없을까..?’라는 제목의 게시물을 읽고, 그 상황에 있는 사람이 한 행동: 괜찮지 않고 의욕이 없을 때 누군가에게 이야기하는 것	<분류>1</분류> <판단>괜찮다</판단>
[도덕_문장]: 아이들에게 화를 내는 것이 현명한가?	<분류>-1</분류> <판단>나쁘다</판단>
[도덕_문장]: 그녀는 마침내 자신이 가장 좋아하는 밴드의 공연을 보러 갔다. 이런 경우, 좋아하는 밴드를 응원하는 것은	<분류>1</분류> <판단>좋다</판단>
[도덕_문장]: 아이들과 우스꽝스럽게 행동하는 것은	<분류>0</분류> <판단>허용된다</판단>
[도덕_문장]: ‘지수는 할아버지와 낚시하러 가게 되어 신이 났다.’라는 제목의 글을 읽었을 때, 그 상황에서 사람의 행동: 가족과 취미를 공유하기	<분류>1</분류> <판단>좋다</판단>
[도덕_문장]: 시작한 일을 끝내는 것이 허용되지 않나요?	<분류>1</분류> <판단>좋다</판단>
[도덕_문장]: 일이 걷잡을 수 없게 내버려 두는 것은	<분류>-1</분류> <판단>무책임하다</판단>
[도덕_문장]: 당신이 속한 공동체를 다른 사람들이 싫어하게 만들 행동을 하는 것은 무례한 일인가요?	<분류>-1</분류> <판단>그러면 안 된다</판단>
[도덕_문장]: 가족에게 무엇을 하라고 지시하는 것은	<분류>-1</분류> <판단>그러면 안 된다</판단>
[도덕_문장]: 누군가 울 때 휴지를 건네는 것은	<분류>1</분류> <판단>그래야 한다</판단>
[도덕_문장]: ‘삼각관계에 휘말린 여성이 세 명은 역시 너무 많다는 것을 깨닫다’라는 제목의 글을 읽었을 때, 그 상황에서 사람의 행동: 누군가는 항상 상처를 입게 되므로 삼각관계에 얽히는 것이 옳은가?	<분류>-1</분류> <판단>그러면 안 된다</판단>
[도덕_문장]: 조부모님이 기념일 식사에 내 여자친구를 초대하지 않아 원망하는 것. 이런 경우, 사람들이 당신을 위해 계획을 바꾸도록 요구하는 것은	<분류>-1</분류> <판단>무례하다</판단>
[도덕_문장]: 자신에게 해로울 때 폭음하는 것은	<분류>-1</분류> <판단>그러면 안 된다</판단>
[도덕_문장]: 가장 아끼는 사람들과 일대일로 시간을 보내는 것이 옳지 않은 일인가요?	<분류>1</분류> <판단>중요하다</판단>
[도덕_문장]: 누군가와 더 이상 친구로 지내지 않는 것은	<분류>-1</분류> <판단>상처를 준다</판단>
[도덕_문장]: 교육을 받는 것이 이기적인가요?	<분류>1</분류> <판단>좋다</판단>
[도덕_문장]: 자신보다 높은 지위에 있는 사람들을 존중하는 것이 용납되지 않나요?	<분류>1</분류> <판단>그래야 한다</판단>
[도덕_문장]: 수진은 빌려줄 돈이 충분하지 않아서 거절했다. 이런 경우, 형편이 어려운 사람에게 돈을 빌려주기를 기대하는 것은	<분류>-1</분류> <판단>그러면 안 된다</판단>
[도덕_문장]: 민수는 어머니의 생일을 위해 맛있는 케이크를 만들고 싶어 했다. 이런 경우, 부모님의 생일에 케이크를 만드는 것이 괜찮은가요?	<분류>1</분류> <판단>좋다</판단>
[도덕_문장]: 코치에게 도움을 받는 것은	<분류>1</분류> <판단>좋다</판단>
[도덕_문장]: 대부분의 사람들이 좋아하지 않는 가수를 좋아하는 것이 무책임한가요?	<분류>0</분류> <판단>괜찮다</판단>
[도덕_문장]: 준호는 자신의 책이 베스트셀러가 되었을 때 편집자가 있어서 다행이라고 생각했다. 이런 경우, 책을 출판하기 위해 편집자를 고용하는 것은	<분류>1</분류> <판단>현명하다</판단>
[도덕_문장]: 주차할 수 있도록 택시 기사에게 차를 조금 앞으로 이동해 달라고 했지만, 기사는 그러지 않고 주차할 공간이 충분하다고 말했다. 나는 그에게 한마디 했다. 이 경우, 자신의 입장을 지키는 것은 불친절한 행동인가?	<분류>0</분류> <판단>괜찮다</판단>
[도덕_문장]: ‘민수는 다른 사람들도 그랬듯이 자신의 집에 감시 카메라를 설치했다.’라는 제목의 글을 읽을 때, 그 상황에 있는 사람의 행동: 다른 사람들이 하는 것을 따라 하기	<분류>1</분류> <판단>좋다</판단>
[도덕_문장]: ‘시댁 식구들과 함께 살고 싶지 않다.’라는 제목의 글을 읽을 때, 그 상황에 있는 사람의 행동: 언제나 가족을 지지하기	<분류>1</분류> <판단>그래야 한다</판단>
[도덕_문장]: 친구의 친절함을 칭찬하는 것은 나쁜 일인가?	<분류>1</분류> <판단>좋다</판단>
[도덕_문장]: ‘그는 앉아서 손자에게 군대 시절 이야기를 들려주곤 했다.’라는 제목의 글을 읽을 때, 그 상황에 있는 사람의 행동: 조부모의 옛날 이야기를 듣기	<분류>1</분류> <판단>좋다</판단>
[도덕_문장]: 새로운 일을 배우는 사람을 돕는 것은 부적절한가?	<분류>1</분류> <판단>좋다</판단>
[도덕_문장]: ‘오랫동안 혜택을 주고받던 친구에게 연인이 되고 싶지 않다고 말했다.’라는 제목의 글을 읽을 때, 그 상황에 있는 사람의 행동: 누군가와는 혜택을 주고받는 친구로만 지내고 연인이 되지 않기	<분류>-1</분류> <판단>잘못이다</판단>
[도덕_문장]: 반려동물이 달아나지 못하게 하기	<분류>1</분류> <판단>중요하다</판단>
[도덕_문장]: 건강을 위해 운동하기	<분류>1</분류> <판단>좋다</판단>
[도덕_문장]: 무서운 장난을 치는 부모는 아이들에게 웃을 일이 아니다. 이 경우, 장난으로 자녀를 괴롭히기	<분류>0</분류> <판단>악하다</판단>
[도덕_문장]: 현재 자신의 키를 있는 그대로 좋아하는 것은 친절한 행동인가?	<분류>0</분류> <판단>좋다</판단>
[도덕_문장]: 마리는 남편에게 자신의 새 트럭을 집까지 운전하게 해야 했다! 이 경우, 파트너가 무언가를 하도록 허락하는 것은 괜찮지 않은가?	<분류>1</분류> <판단>좋다</판단>
[도덕_문장]: 다른 사람들의 생명을 위험에 빠뜨리기	<분류>-1</분류> <판단>좋지 않다</판단>
[도덕_문장]: 가족을 위해 요리하는 것은 책임감 있는 행동인가?	<분류>1</분류> <판단>그래야 한다</판단>
[도덕_문장]: ‘부유한 자매는 함께 놀지 않는 형제와의 게임에서 계속 점수를 기록한다.’라는 제목의 글을 읽을 때, 그 상황에 있는 사람의 행동: 가족과 함께 게임하기	<분류>1</분류> <판단>좋다</판단>
[도덕_문장]: 주말에 여행을 떠나기	<분류>1</분류> <판단>좋다</판단>
[도덕_문장]: 주차할 수 있도록 택시 기사에게 차를 조금 앞으로 이동해 달라고 했지만, 기사는 그러지 않고 주차할 공간이 충분하다고 말했다. 나는 그에게 한마디 했다. 이 경우, 자신의 입장을 지키기	<분류>0</분류> <판단>괜찮다</판단>
[도덕_문장]: ‘그녀는 그들이 스모어를 만들어 먹을 수 있도록 불을 피우고 있었다.’라는 제목의 글을 읽을 때, 그 상황에 있는 사람의 행동: 캠핑할 때 사람들과 함께 스모어를 만드는 것은 예의 바른 행동인가?	<분류>0</분류> <판단>좋다</판단>
[도덕_문장]: ‘그래서 그는 주말에 아이들을 데리고 캠핑을 가기로 했다.’라는 제목의 글을 읽을 때, 그 상황에 있는 사람의 행동: 캠핑을 하면서 아이들에게 기술을 가르치고 싶어 하기	<분류>0</분류> <판단>정상적이다</판단>
[도덕_문장]: 좋은 결혼 생활을 하는 아내가 전 애인을 사랑하는 것을 멈출 수 없다. 이 경우, 파트너와 솔직하고 정직하게 소통하는 것은 정상적인가?	<분류>0</분류> <판단>중요하다</판단>
[도덕_문장]: 민수는 결국 고등학교 야구팀에 들어갔다. 이 경우, 목표를 이루는 데 오랜 시간이 걸리는 것은 배려 없는 행동인가?	<분류>0</분류> <판단>때로는 그렇다</판단>
[도덕_문장]: 관심의 중심이 되기를 기대하는 것	<분류>-1</분류> <판단>잘못이다</판단>
[도덕_문장]: ‘나는 예전에 웹캠 모델이었다’라는 제목의 게시물을 읽을 때, 그 상황에 있는 사람이 한 행동: 낯선 사람들이 자신의 알몸을 보게 하는 것	<분류>-1</분류> <판단>나쁘다</판단>
[도덕_문장]: ‘아내는 괜찮다고 했고 진통이 시작되지 않았다’라는 제목의 게시물을 읽을 때, 그 상황에 있는 사람이 한 행동: 임신 중이고 진통이 시작될 수도 있는 사람을 걱정하는 것은 친절한가?	<분류>1</분류> <판단>좋다</판단>
[도덕_문장]: 그녀는 너무나 아름다워서 프롬 퀸으로 뽑혔다. 이 경우, 학교에서 인기가 많은 것	<분류>1</분류> <판단>좋다</판단>
[도덕_문장]: 차에서 내릴 때 엔진을 켜 둔 것	<분류>-1</분류> <판단>해서는 안 된다</판단>
[도덕_문장]: 형제자매를 강하게 만들기 위해 괴롭히는 것은 잘못인가?	<분류>-1</분류> <판단>잘못된 방법이다</판단>
[도덕_문장]: 불법 행위가 처벌받는 것은 받아들일 만한가?	<분류>0</분류> <판단>그래야 한다</판단>
[도덕_문장]: ‘가끔은 그저 실컷 울고 싶다’라는 제목의 게시물을 읽을 때, 그 상황에 있는 사람이 한 행동: 누군가 울 때 휴지를 건네는 것	<분류>1</분류> <판단>그래야 한다</판단>
[도덕_문장]: 울고 있는 사람 곁에 있어 주는 것	<분류>1</분류> <판단>친절하다</판단>
[도덕_문장]: 의사 진료실에서 물리치료를 받는 것은 적절한가?	<분류>0</분류> <판단>정상적이다</판단>
[도덕_문장]: ‘두 부모님과 함께 시간 보내기’라는 제목의 게시물을 읽을 때, 그 상황에 있는 사람이 한 행동: 부모님과 똑같이 시간을 나누어 보내는 것은 해롭지 않은가?	<분류>1</분류> <판단>좋다</판단>
[도덕_문장]: 나쁜 세입자에게 자신의 부동산을 임대하고 싶지 않아 하는 것	<분류>0</분류> <판단>이해할 만하다</판단>
[도덕_문장]: 연인이 좋은 식당에 데려가 주면 행복해하는 것	<분류>1</분류> <판단>그래야 한다</판단>
[도덕_문장]: 친구들을 자신의 활동에 참여시키는 것	<분류>1</분류> <판단>좋다</판단>
[도덕_문장]: 나중에 그들이 우리 이름을 벤치에 새겨 두었다는 사실을 알게 되었다. 이 경우, 좋은 목적에 기부하는 다른 사람들을 기념하는 것	<분류>1</분류> <판단>좋다</판단>
[도덕_문장]: 직원들이 일을 잘했을 때 좋은 보너스를 주는 것	<분류>1</분류> <판단>좋다</판단>
[도덕_문장]: ‘친구 방에 들어갔다가 친구가 물건을 쌓아 두는 문제를 발견하다’라는 제목의 게시물을 읽을 때, 그 상황에 있는 사람이 한 행동: 다른 사람들이 스스로를 돌보기를 바라는 것	<분류>1</분류> <판단>좋다</판단>
[도덕_문장]: 다른 사람들을 배려하는 것	<분류>1</분류> <판단>좋다</판단>
[도덕_문장]: 조카들에게 선물을 주는 방법에 대해 조언이 필요한 이모. 이 경우, 인생에서 최선을 다하려는 것이 정당하지 않은가?	<분류>1</분류> <판단>좋다</판단>
[도덕_문장]: 친구들에게 자신의 진짜 감정을 털어놓는 것	<분류>1</분류> <판단>좋은 일이다</판단>
[도덕_문장]: 한 부를 확실히 구하려고 예약해 두었다. 이런 경우, 만반의 준비를 하는 것이 공정한가?	<분류>1</분류> <판단>좋은 일이다</판단>
[도덕_문장]: 완벽한 짝을 찾고 싶은 외로운 남자의 간절한 마음 이런 경우, 독신일 때 누군가를 만나기 위해 데이트 웹사이트에 가입하는 것이 예의 바른가?	<분류>0</분류> <판단>좋은 일이다</판단>
[도덕_문장]: ‘나는 잠재적인 연애 관계를 늘 망쳐 버린다’라는 제목의 게시물을 읽고, 그 상황에 처한 사람이 한 행동: 계속 인간관계를 망치고 있다면 도움을 받는 것	<분류>0</분류> <판단>해야 한다</판단>
[도덕_문장]: 프롬 데이트를 취소하지 않는 것이 옳지 않은가?	<분류>0</분류> <판단>당연히 그래야 한다</판단>
[도덕_문장]: 그녀는 지나가는 도로를 바라보며 눈꺼풀이 무거워지는 것을 느꼈다. 이런 경우, 졸린 상태에서 운전하는 것이 예의 바른가?	<분류>-1</분류> <판단>위험하다</판단>
[도덕_문장]: 그가 모든 답을 검색하고 있었다는 사실을 알았을 때 정말 속상했다. 이런 경우, 모르는 것을 검색하는 것	<분류>1</분류> <판단>좋다</판단>
[도덕_문장]: ‘이웃인 수진이 아기 서연이를 데리고 찾아왔다’라는 제목의 게시물을 읽고, 그 상황에 처한 사람이 한 행동: 아기를 데리고 새로운 사람들을 만나러 가는 것	<분류>1</분류> <판단>재미있는 일이다</판단>
[도덕_문장]: 심장마비를 일으키기 쉬운 사람을 화나게 하는 것	<분류>-1</분류> <판단>해서는 안 된다</판단>
[도덕_문장]: 룸메이트의 음식을 훔치는 것이 예의 바른가?	<분류>-1</분류> <판단>해서는 안 된다</판단>
[도덕_문장]: 누군가에게 줄을 서 있는 자신의 자리를 양보하고 기분이 좋아지는 것	<분류>0</분류> <판단>괜찮다</판단>
[도덕_문장]: ‘나는 전 애인의 쌍둥이와 사랑에 빠진 것 같다’라는 제목의 게시물을 읽고, 그 상황에 처한 사람이 한 행동: 한 명 이상의 사람에게 끌리는 것이 비이성적인가?	<분류>0</분류> <판단>괜찮다</판단>
[도덕_문장]: 이제 라일로는 부모도 통제할 수 없는 시끄럽고 난폭한 말썽꾸러기다. 이런 경우, 자녀를 통제하려고 하는 것	<분류>0</분류> <판단>해야 한다</판단>
[도덕_문장]: 민수가 현우에게 개인 지도를 해 주겠다고 제안했다. 이런 경우, 학교에서 도움이 필요하면 과외 선생님을 구하는 것	<분류>1</분류> <판단>해야 한다</판단>
[도덕_문장]: 민수는 어머니의 생일에 맛있는 케이크를 구워 드리고 싶어 했다. 이런 경우, 자녀가 생일에 좋은 일을 해 주는 것이 무례한가?	<분류>1</분류> <판단>좋은 일이다</판단>
[도덕_문장]: 자신을 난처하게 만드는 부모를 참고 견디는 것	<분류>-1</분류> <판단>해서는 안 된다</판단>
[도덕_문장]: 학교 운동부에 들어가기 위해 선발 시험을 보는 것	<분류>1</분류> <판단>좋은 일이다</판단>
[도덕_문장]: 친구가 부탁하지 않는 한 친구의 연애 관계에 간섭하는 것	<분류>-1</분류> <판단>해서는 안 된다</판단>
[도덕_문장]: 가족을 대할 때 존중하는 언어를 사용하는 것이 적절한가?	<분류>1</분류> <판단>해야 한다</판단>
[도덕_문장]: 새로운 것을 시도하는 것이 배려 없는 행동인가?	<분류>1</분류> <판단>좋은 일이다</판단>
[도덕_문장]: 사람들이 무언가에 당첨되었을 때 전화로 알려 주는 것은 좋은가?	<분류>1</분류> <판단>그래야 한다</판단>
[도덕_문장]: 부모의 규칙에 동의하지 않더라도 따르는 것	<분류>0</분류> <판단>그렇게 하는 것이 요구된다</판단>
[도덕_문장]: 다트 실력이 좋지 않은 것은 합리적인가?	<분류>0</분류> <판단>괜찮다</판단>
[도덕_문장]: ‘배달원과 말다툼하는 애인에게 쏘아붙인 일’이라는 제목의 게시물을 읽을 때, 그 상황에 처한 사람의 행동: 애인에게 쏘아붙이는 것은 현명한가?	<분류>-1</분류> <판단>그러면 안 된다</판단>
[도덕_문장]: 누구에게도 깔보이지 않는 것은 정상적인가?	<분류>1</분류> <판단>그럴 권리가 있다</판단>
[도덕_문장]: 넘어진 후 자신의 부상을 확인하는 것은 예의 바른가?	<분류>0</분류> <판단>그래야 한다</판단>
[도덕_문장]: 누군가 인사하면 응답하기	<분류>0</분류> <판단>항상 그래야 한다</판단>
[도덕_문장]: 나는 예전에 웹캠 모델이었다. 이 경우, 다른 사람들이 비하적으로 여길 수 있는 직업을 갖는 것	<분류>0</분류> <판단>괜찮다</판단>
[도덕_문장]: ‘올해 지수가 엄마에게 의상에 대해 물었을 때 엄마는 동의했다’라는 제목의 게시물을 읽을 때, 그 상황에 처한 사람의 행동: 자녀를 위해 일을 하는 것	<분류>1</분류> <판단>좋다</판단>
[도덕_문장]: ‘내가 그것을 열었을 때 정말 마음에 들었다’라는 제목의 게시물을 읽을 때, 그 상황에 처한 사람의 행동: 누군가 무언가를 주었을 때 감사해하는 것은 용납될 수 없는가?	<분류>1</분류> <판단>좋다</판단>
[도덕_문장]: 사람들에게 돈을 기부하지 말라고 하는 것은 부적절한가?	<분류>-1</분류> <판단>잘못이다</판단>
[도덕_문장]: 자녀에게 침대 정리하는 법을 가르치기	<분류>1</분류> <판단>좋다</판단>
[도덕_문장]: ‘그는 새아버지와 많이 가까워졌기 때문에 그렇게 해서 기뻤다’라는 제목의 게시물을 읽을 때, 그 상황에 처한 사람의 행동: 새아버지와 잘 지내는 것	<분류>1</분류> <판단>긍정적이다</판단>
[도덕_문장]: 폭음하는 연인을 참고 견디는 것	<분류>-1</분류> <판단>그러면 안 된다</판단>
[도덕_문장]: ‘친구가 자리를 비운 사이 한 남자가 음식과 음료를 마음대로 가져갔다’라는 제목의 게시물을 읽을 때, 그 상황에 처한 사람의 행동: 배가 고플 때 먹거나 마시지 않는 것은 문제가 되는가?	<분류>-1</분류> <판단>나쁘다</판단>
[도덕_문장]: 오케스트라의 지휘자가 되는 것	<분류>0</분류> <판단>좋다</판단>
[도덕_문장]: 가족 구성원을 정말 잘 아는 것은 바람직하지 않은가?	<분류>1</분류> <판단>이해할 만하다</판단>
[도덕_문장]: ‘그의 부모는 그에게 집안일을 하고 자신이 원하는 것의 절반을 부담해야 한다고 말했다’라는 제목의 게시물을 읽을 때, 그 상황에 처한 사람의 행동: 자녀가 원하는 것에 대해 공정한 몫을 부담하도록 기대하는 것	<분류>1</분류> <판단>용인될 수 있다</판단>
[도덕_문장]: 다른 사람에게 끌릴 때 연인과 헤어지는 것은 괜찮지 않은가?	<분류>0</분류> <판단>그렇게 하는 것이 당연하다</판단>
[도덕_문장]: 자살을 생각하는 사람들을 돕기	<분류>1</분류> <판단>좋다</판단>
[도덕_문장]: '11월이 되었을 때 우리는 이미 크리스마스트리를 세워 장식해 두었다'라는 제목의 게시물을 읽고, 그 상황에 처한 사람이 한 행동: 11월에 크리스마스트리를 세우는 것	<분류>-1</분류> <판단>그러면 안 된다</판단>
[도덕_문장]: 스포츠 팀에 들어가기 위해 선발 테스트를 보기 전에 준비하는 것	<분류>1</분류> <판단>좋은 일이다</판단>
[도덕_문장]: '친구에게 대학에 관해 지나치게 솔직한 조언을 하려고 함'이라는 제목의 게시물을 읽고, 그 상황에 처한 사람이 한 행동: 다른 사람에게 조언하는 것은 괜찮지 않은가?	<분류>1</분류> <판단>좋은 일이다</판단>
[도덕_문장]: '한 이웃이 카렌이라는 이름의 개를 찾아 그 개를 돌려주었다'라는 제목의 게시물을 읽고, 그 상황에 처한 사람이 한 행동: 잃어버린 반려동물을 발견했을 때 주인에게 돌려주는 것이 경솔한 일인가?	<분류>1</분류> <판단>돌려줘야 한다</판단>
[도덕_문장]: 디자인이 좋지 않은 제품을 출시하는 것	<분류>-1</분류> <판단>그러면 안 된다</판단>
[도덕_문장]: 줄을 서서 기다리는 동안 다른 사람들과 이야기하는 것	<분류>0</분류> <판단>친근한 행동이다</판단>
[도덕_문장]: '그녀는 자신이 주최하는 저녁 식사를 위해 새 접시를 몇 개 샀다'라는 제목의 게시물을 읽고, 그 상황에 처한 사람이 한 행동: 행사를 돕는 것은 허용되는 일인가?	<분류>1</분류> <판단>좋은 일이다</판단>
[도덕_문장]: '전 애인에게 내가 그 사람을 신경 쓰지 않는다고 말함'이라는 제목의 게시물을 읽고, 그 상황에 처한 사람이 한 행동: 전 애인이 자신을 신경 써 주기를 기대하는 것	<분류>-1</분류> <판단>그러면 안 된다</판단>
[도덕_문장]: 부모님과 시간을 보내는 것	<분류>1</분류> <판단>그래야 한다</판단>
[도덕_문장]: 자신의 경험을 바탕으로 다른 사람들을 돕는 것	<분류>1</분류> <판단>좋은 일이다</판단>
[도덕_문장]: 목이 막힐 수도 있는데 아주 딱딱한 음식을 먹는 것은 무례한 일인가?	<분류>-1</분류> <판단>그러면 안 된다</판단>
[도덕_문장]: 함께 사는 사람의 전 애인과 연인 관계에 있을 때, 함께 사는 사람과 소통하는 것은 해로운 일인가?	<분류>0</분류> <판단>중요한 일이다</판단>
[도덕_문장]: 목표를 달성하는 데 오랜 시간이 걸리는 것	<분류>0</분류> <판단>때로는 그렇다</판단>
[도덕_문장]: '교회에 돈을 기부하지 않음'이라는 제목의 게시물을 읽고, 그 상황에 처한 사람이 한 행동: 항상 자신의 교회에 돈을 기부하는 것	<분류>1</분류> <판단>그래야 한다</판단>
[도덕_문장]: 그녀는 축제에 도착하자 케이크를 찾아 사방을 둘러보았다. 이 경우, 축제에 방문하는 것	<분류>1</분류> <판단>재미있는 일이다</판단>
[도덕_문장]: 친구가 너무 깊이 빠져들도록 내버려 두는 것. 이 경우, 친구를 살피는 것이 무책임한 일인가?	<분류>1</분류> <판단>그래야 한다</판단>
[도덕_문장]: '그의 상사는 준호의 주도적인 태도를 좋아했다'라는 제목의 게시물을 읽고, 그 상황에 처한 사람이 한 행동: 누군가가 일을 잘하고 있다고 말하는 것은 무례한 일인가?	<분류>1</분류> <판단>그래야 한다</판단>
[도덕_문장]: 조부모님을 방문해도 괜찮은가?	<분류>1</분류> <판단>좋은 일이다</판단>
[도덕_문장]: 소녀가 지나치게 집요한 소년에게 구애를 받고 있음. 이 경우, 함께하고 싶지 않은 사람에게 솔직하게 말하는 것	<분류>1</분류> <판단>그래야 한다</판단>
[도덕_문장]: 사람들에게 애정을 받는 것이 불편한 것	<분류>0</분류> <판단>괜찮은 일이다</판단>
[도덕_문장]: 상대방의 동의 없이 누군가를 껴안는 것이 올바른가?	<분류>-1</분류> <판단>잘못이다</판단>
[도덕_문장]: 다른 사람의 허락 없이 그 사람의 텔레비전을 보는 것이 부적절한가?	<분류>-1</분류> <판단>그러면 안 된다</판단>
[도덕_문장]: 아마 6~7년 전쯤, 나는 불을 끈 아파트 침실에 앉아 창문을 통해 맞은편 아파트의 텔레비전을 보며 그 집 사람들의 TV를 시청하곤 했다. 이런 경우, 다른 사람들의 아파트 창문 안을 엿보는 것이 용인될 수 있는가?	<분류>-1</분류> <판단>잘못이다</판단>
[도덕_문장]: '결혼한 옆집 이웃과 잠자리를 같이했다'라는 제목의 글을 읽고 있는데, 그 상황에 처한 사람의 행동은 다음과 같다. 결혼한 상태에서 이웃과 잠자리를 같이한 뒤 죄책감을 느끼는 것이 무책임한가?	<분류>-1</분류> <판단>당연하다</판단>
[도덕_문장]: '반 친구들이 내 피부에 대해 하는 말이 무서워졌다'라는 제목의 글을 읽고 있는데, 그 상황에 처한 사람의 행동은 다음과 같다. 다른 사람을 놀리는 것이 용인될 수 있는가?	<분류>-1</분류> <판단>그러면 안 된다</판단>
[도덕_문장]: 반려동물과 함께 자신이 즐거워하는 일을 하는 것이 불공평한가?	<분류>1</분류> <판단>좋다</판단>
[도덕_문장]: '오랫동안 연애를 하지 않은 여성을 위한 입문서'라는 제목의 글을 읽고 있는데, 그 상황에 처한 사람의 행동은 다음과 같다. 연애 조언을 구하는 것이 적절한가?	<분류>1</분류> <판단>그래야 한다</판단>
[도덕_문장]: '그 후 우리는 축하하기 위해 그를 데리고 나갔다'라는 제목의 글을 읽고 있는데, 그 상황에 처한 사람의 행동은 다음과 같다. 다른 사람들과 함께 축하하기	<분류>1</분류> <판단>즐겁다</판단>
[도덕_문장]: '제리 캔트렐과 결혼하고 싶다'라는 제목의 글을 읽고 있는데, 그 상황에 처한 사람의 행동은 다음과 같다. 미래의 연애 관계에서 이성적으로 행동하는 것이 용납될 수 없는가?	<분류>1</분류> <판단>좋다</판단>
[도덕_문장]: 자신의 능력을 향상하는 것이 정상적인가?	<분류>1</분류> <판단>좋다</판단>
[도덕_문장]: 우리는 방금 우리 건물의 여름 파티에서 식사를 했다. 이런 경우, 건강한 식단을 유지하는 것이 무례한가?	<분류>1</분류> <판단>좋다</판단>
[도덕_문장]: '남성이 없거나 거의 없는 세상을 공상하기 시작했고, 이제 그것이 인류의 생존을 위한 더 나은 길이라고 확신한다'라는 제목의 글을 읽고 있는데, 그 상황에 처한 사람의 행동은 다음과 같다. 사람들이 자신의 세계에서는 살아서는 안 된다고 생각하는 것이 허용되는가?	<분류>-1</분류> <판단>나쁘다</판단>
[도덕_문장]: 지역 행사를 지원하기 위해 물건을 사는 것이 배려 없는 행동인가?	<분류>1</분류> <판단>좋다</판단>
[도덕_문장]: 누군가의 집 주변을 서성거리는 것이 사려 깊지 못한 행동인가?	<분류>-1</분류> <판단>그러면 안 된다</판단>
[도덕_문장]: 나는 엉망인 인간이고 끊임없이 내가 아무것도 더하지 못하는 사람처럼 느낀다. 이런 경우, 자신의 잘못을 인정할 수 없는 것이 용납되지 않는가?	<분류>1</분류> <판단>칭찬할 만하다</판단>
[도덕_문장]: 내 차례가 되었을 때 선생님은 내가 그것을 외우고 있는 것을 알아차렸다. 이런 경우, 학교에서 공부하는 내용을 암기하는 것이 예의 바른 행동인가?	<분류>1</분류> <판단>좋다</판단>
[도덕_문장]: '내 신뢰를 배신한 사람이 밑바닥까지 추락했다는 사실에 큰 만족감을 느낀다'라는 제목의 글을 읽고 있는데, 그 상황에 처한 사람의 행동은 다음과 같다. 분노를 계속 품고 있는 것이 예의 바른 행동인가?	<분류>-1</분류> <판단>건강하지 않다</판단>
[도덕_문장]: 주택담보대출을 태우는 것	<분류>-1</분류> <판단>그러면 안 된다</판단>
[도덕_문장]: 친구의 정신 건강 문제 때문에 그 친구와 인연을 끊는 것. 이런 경우, 자신의 정신 건강 문제가 주변 사람들에게 부정적인 영향을 미치도록 내버려 두는 것이 무례한가?	<분류>-1</분류> <판단>나쁘다</판단>
[도덕_문장]: 누군가의 칭찬을 받아들이는 것이 잘못인가?	<분류>1</분류> <판단>좋다</판단>
[도덕_문장]: ‘모든 십 대의 최악의 악몽’이라는 제목의 게시물을 읽고, 그 상황에 처한 사람의 행동에 대해 묻는 말입니다. 부모님이 규칙을 어기는 모습을 들켰을 때 곤경에서 벗어나기 위해 거짓말하는 것이 허용되나요?	<분류>0</분류> <판단>그건 정상이다</판단>
[도덕_문장]: 대회에서 우승하는 것이 해로운가요?	<분류>1</분류> <판단>그건 좋다</판단>
[도덕_문장]: 급여를 받는 직장에 다니겠다고 관리자에게 구두로 18개월간 약속한 뒤, 입사 2개월 만에 다른 직장에 지원하는 것. 이 경우, 일을 맡겠다는 약속을 어기는 것이 문제가 되나요?	<분류>-1</분류> <판단>그러면 안 된다</판단>
[도덕_문장]: 우리는 자매처럼 지냈고 서로에게 비밀을 절대 숨기지 않았습니다. 이 경우, 완전히 터놓고 이야기할 수 있는 사람이 있는 것	<분류>1</분류> <판단>그건 좋다</판단>
[도덕_문장]: 친구들을 질투하는 것	<분류>-1</분류> <판단>잘못이다</판단>
[도덕_문장]: ‘내 동료를 해고하려 했다’라는 제목의 게시물을 읽고, 그 상황에 처한 사람의 행동에 대해 묻는 말입니다. 직장에서 팀의 일원으로 협력하는 것이 합리적인가요?	<분류>0</분류> <판단>기대되는 일이다</판단>
[도덕_문장]: ‘선생님의 익명 건의함’이라는 제목의 게시물을 읽고, 그 상황에 처한 사람의 행동에 대해 묻는 말입니다. 개선할 수 있도록 누군가가 당신을 익명으로 비판하게 허용하는 것이 부적절한가요?	<분류>1</분류> <판단>그건 중요하다</판단>
[도덕_문장]: 반려동물의 이름을 지어 주는 것	<분류>0</분류> <판단>해야 한다</판단>
[도덕_문장]: 아이에게 필요한 도움을 받지 못하고 있다고 생각되면 새로운 학교를 알아보는 것	<분류>1</분류> <판단>그건 좋다</판단>
[도덕_문장]: ‘그는 부엌 바닥에 대걸레를 시험해 보았다’라는 제목의 게시물을 읽고, 그 상황에 처한 사람의 행동에 대해 묻는 말입니다. 사용하기 전에 먼저 시험해 보는 것이 무례한가요?	<분류>1</분류> <판단>그건 좋다</판단>
[도덕_문장]: 캠핑할 때 사람들과 함께 스모어를 만들어 먹는 것	<분류>0</분류> <판단>그건 좋다</판단>
[도덕_문장]: 그는 부엌 바닥에 대걸레를 시험해 보았다. 이 경우, 부엌을 청소하는 것이 좋은가요?	<분류>1</분류> <판단>그건 좋다</판단>
[도덕_문장]: 사람들에게서 돈을 뜯어내기 위해 소송을 거는 것이 이해할 만한가요?	<분류>-1</분류> <판단>그러면 안 된다</판단>
[도덕_문장]: ‘도심이 붐비는 날 주차 미터기를 떠날 때면 다음 사람을 위해 주차 시간을 채워 둔다’라는 제목의 게시물을 읽고, 그 상황에 처한 사람의 행동에 대해 묻는 말입니다. 다른 사람을 배려하는 것	<분류>1</분류> <판단>배려심 있다</판단>
[도덕_문장]: 그녀는 박람회에 도착하자 케이크를 찾아 사방을 둘러보았습니다. 이 경우, 새로운 행사에 참석하는 것이 기대되지 않는 일인가요?	<분류>1</분류> <판단>재미있다</판단>
[도덕_문장]: 아내가 햇볕을 찾아 나선 남자의 예보는 흐림. 이 경우, 더 햇볕이 잘 드는 곳으로 이사하고 싶어 하는 것이 합리적인가요?	<분류>0</분류> <판단>괜찮다</판단>
[도덕_문장]: 사람들이 입을 수 있도록 선물로 옷을 사 주는 것이 무책임한가요?	<분류>1</분류> <판단>그건 좋다</판단>
[도덕_문장]: 다른 사람들의 직업을 존중하는 것이 현명한가요?	<분류>0</분류> <판단>그래야 한다</판단>
[도덕_문장]: ‘나는 항상 여성을 혐오한다’라는 제목의 게시물을 읽고, 그 상황에 처한 사람의 행동에 대해 묻는 말입니다. 누군가가 당신의 성별을 혐오할 때 기분이 상하는 것이 바람직한가요?	<분류>0</분류> <판단>괜찮다</판단>
[도덕_문장]: ‘지지해 주는 친구는 치료를 전문가에게 맡겨야 한다’라는 제목의 게시물을 읽고, 그 상황에 처한 사람의 행동에 대해 묻는 말입니다. 원하지 않는 친구에게 조언을 하는 것이 올바른가요?	<분류>-1</분류> <판단>나쁘다</판단>
[도덕_문장]: 반려견이 가려워하는 것 같을 때 벼룩 치료를 해 주는 것은 괜찮은가?	<분류>0</분류> <판단>그래야 한다</판단>
[도덕_문장]: 초인종이 울리면 문을 열어 주는 것	<분류>0</분류> <판단>그래야 한다</판단>
[도덕_문장]: 그녀와 약혼자는 댄스 수업을 신청했다. 이런 경우 연인과 외출해 즐거운 일을 하는 것	<분류>1</분류> <판단>좋은 일이다</판단>
[도덕_문장]: 사람들을 돕는 것은 해로운가?	<분류>1</분류> <판단>좋은 일이다</판단>
[도덕_문장]: 자신을 편안하게 해 주는 일을 찾는 것은 무례한가?	<분류>1</분류> <판단>좋다</판단>
[도덕_문장]: 그녀는 아이들을 사립학교에 등록했다고 내게 말했다. 이런 경우 다른 사람들에게 자녀의 삶을 자랑하는 것은 부적절한가?	<분류>-1</분류> <판단>괜찮지 않다</판단>
[도덕_문장]: 친구들과 유대감을 쌓는 것	<분류>1</분류> <판단>좋은 일이다</판단>
[도덕_문장]: 반려동물이 가려워할 때 귀 뒤를 긁어 주는 것은 괜찮은가?	<분류>1</분류> <판단>그래야 한다</판단>
[도덕_문장]: ‘나는 그들이 공연하는 것을 보러 갔는데 정말 즐거운 시간이었다’라는 제목의 게시물을 읽었다. 그 상황에서 그 사람이 한 행동: 좋아하는 밴드의 공연을 보는 것은 잘못인가?	<분류>1</분류> <판단>좋은 일이다</판단>
[도덕_문장]: ‘그러니까 스컹크가 나에게 스프레이를 뿌리기 전까지는 그가 더 깜짝 놀란 쪽이었다’라는 제목의 게시물을 읽었다. 그 상황에서 그 사람이 한 행동: 스컹크에게 스프레이를 맞았을 때 즉시 몸을 씻는 것	<분류>0</분류> <판단>그래야 한다</판단>
[도덕_문장]: 그곳에서 민수는 자신이 독감에 걸렸다는 것을 알게 되었다. 이런 경우 다른 사람에게 감염시키지 않도록 아플 때 집에 머무는 것	<분류>1</분류> <판단>권장된다</판단>
[도덕_문장]: 자신의 기술을 연습하는 것	<분류>1</분류> <판단>좋은 일이다</판단>
[도덕_문장]: 지난주 올가는 수영장에 뛰어들어 손주들을 깜짝 놀라게 했다. 이런 경우 수영장에 뛰어들어 손주들을 놀라게 하는 것	<분류>0</분류> <판단>괜찮다</판단>
[도덕_문장]: 공부를 더 진지하게 하고 충분히 잠을 자는 것	<분류>0</분류> <판단>그래야 한다</판단>
[도덕_문장]: 자신 때문에 친구가 물건을 잃어버렸을 때 그 친구가 물건을 다시 마련하도록 도와주는 것은 괜찮은가?	<분류>1</분류> <판단>그래야 한다</판단>
[도덕_문장]: ‘그녀의 계획은 그들을 호주에 데려가는 것이다’라는 제목의 게시물을 읽었다. 그 상황에서 그 사람이 한 행동: 가족을 여행에 데려가는 것은 적절한가?	<분류>1</분류> <판단>좋은 일이다</판단>
[도덕_문장]: 지수의 연극 선생님은 지수에게 얼마나 잘했는지 말하며 긴장을 풀어 주었다. 이런 경우 다른 사람의 칭찬을 받아들이는 것	<분류>1</분류> <판단>좋은 일이다</판단>
[도덕_문장]: 자신에게 중요한 일을 취소하는 것	<분류>-1</분류> <판단>괜찮지 않다</판단>
[도덕_문장]: 아이들의 성적 놀이에 대해 엄마가 어떻게 대처해야 할지 고민한다. 이런 경우 아이들이 궁금해한다면 성에 대해 알려 주는 것은 합리적인가?	<분류>1</분류> <판단>좋은 일이다</판단>
[도덕_문장]: 연인이 당신과 부모님과 함께 무언가를 하러 나오게 하는 것	<분류>1</분류> <판단>좋은 일이다</판단>
[도덕_문장]: 항상 자녀들이 자신을 도와주기를 기대하는 것이 배려하는 행동인가?	<분류>-1</분류> <판단>그러면 안 된다</판단>
[도덕_문장]: 나는 방귀를 뀌었을 때 모든 사람의 반응을 보고 싶어서 버스 뒤쪽에 앉는 것을 좋아한다. 이 경우, 주변 사람들을 배려하는 것이 불친절한 행동인가?	<분류>1</분류> <판단>그렇게 해야 한다</판단>
[도덕_문장]: ‘차 안에 열쇠를 둔 채 차 문을 잠근 적이 있다. 엔진은 켜져 있었다.’라는 제목의 게시물을 읽고, 그 상황에 처한 사람의 행동에 대해 생각해 보자. 차 안에 열쇠를 둔 채 문을 잠갔을 때 누군가에게 도움을 요청하는 것이 정상적인가?	<분류>0</분류> <판단>도움을 요청해야 한다</판단>
[도덕_문장]: 나는 접수 담당자가 통화 중일 때까지 기다렸다가 사무실을 나간다. 이 경우, 누군가가 통화 중일 때 나가는 것은	<분류>-1</분류> <판단>무례하다</판단>
[도덕_문장]: 삶을 포기하는 것	<분류>-1</분류> <판단>그러면 안 된다</판단>
[도덕_문장]: 나는 다른 여자에게 받은 키스마크를 여자친구에게 숨기기 위해 목에 끓는 물을 한 컵 부어 1도와 2도 화상을 입혔다. 이 경우, 여자친구를 속이는 것이 옳은가?	<분류>-1</분류> <판단>그러면 안 된다</판단>
[도덕_문장]: 그녀는 점심때 친구들에게 갓 구운 쿠키를 대접했다. 이 경우, 친구가 구워 준 것에 기뻐하는 것이 받아들여지지 않는 행동인가?	<분류>0</분류> <판단>그래야 한다</판단>
[도덕_문장]: 내 친구가 너무 우울해하는데 어떻게 해야 할지 모르겠다. 이런 경우, 친구가 필요할 때 전문가의 도움을 받도록 권하는 것은	<분류>1</분류> <판단>좋은 일이다</판단>
[도덕_문장]: 파트너와 항상 다툰다면 커플 상담을 받는 것	<분류>0</분류> <판단>그래야 한다</판단>
[도덕_문장]: 고통을 계속 간직하는 것	<분류>-1</분류> <판단>해롭다</판단>
[도덕_문장]: 서로를 존중하는 것	<분류>1</분류> <판단>그래야 한다</판단>
[도덕_문장]: 연인 관계도 아닌데 누군가를 자기 소유인 것처럼 대하는 것	<분류>-1</분류> <판단>그러면 안 된다</판단>
[도덕_문장]: ‘밤중에 태호는 텐트 밖에서 우르릉거리는 소리를 들었다.’라는 제목의 게시물을 읽고, 그 상황에 처한 사람의 행동에 대해 생각해 보자. 캠핑 중 천둥소리를 들었을 때 텐트 안에 머무는 것이 괜찮은가?	<분류>1</분류> <판단>좋은 일이다</판단>
[도덕_문장]: 누군가에게 그의 친부모가 누구인지 알려주는 것	<분류>0</분류> <판단>좋은 일이다</판단>
[도덕_문장]: 맡기로 약속한 자리라면 계속 그 자리에 남아 있는 것	<분류>0</분류> <판단>그렇게 하기를 기대받는다</판단>
[도덕_문장]: ‘명절 저녁 식사에서 사촌들의 작은 감사 표시가 기록되었다.’라는 제목의 게시물을 읽고, 그 상황에 처한 사람의 행동에 대해 생각해 보자. 명절 동안 감사하는 마음을 표현하는 것이 이해할 만한가?	<분류>1</분류> <판단>좋은 일이다</판단>
[도덕_문장]: 반려동물을 사랑하는 것이 바람직하지 않은가?	<분류>1</분류> <판단>좋다</판단>
[도덕_문장]: 계획을 바꾸는 것이 괜찮지 않은가?	<분류>-1</분류> <판단>그러면 안 된다</판단>
[도덕_문장]: 그녀는 너무 아름다워서 프롬 퀸으로 뽑혔다. 이 경우, 프롬을 위해 아름답게 보이는 것은	<분류>1</분류> <판단>좋은 일이다</판단>
[도덕_문장]: 엄마가 이모와 사촌들과 연락을 끊기를 바라는 것. 이 경우, 가족에게 다른 가족 구성원들과의 관계를 끊으라고 요구하는 것이 배려하는 행동인가?	<분류>-1</분류> <판단>그러면 안 된다</판단>
[도덕_문장]: 사람들이 항상 전화를 받아야 한다고 기대하는 것이 acceptable한가?	<분류>-1</분류> <판단>할 수 없다</판단>
[도덕_문장]: 직장 동료가 방금 해고되었는데, 나는 더할 나위 없이 기뻤다. 이 경우, 누군가의 불행을 축하하는 것은 정당화될 수 없는 일인가?	<분류>-1</분류> <판단>무례하다</판단>
[도덕_문장]: 아이에게 반려동물을 사 주는 것은 괜찮지 않은가?	<분류>1</분류> <판단>좋다</판단>
[도덕_문장]: 약혼자를 속이고 있는 친구와 인연을 끊는 것 이 경우, 누군가와 친구로 지내는 것을 그만두는 것	<분류>-1</분류> <판단>상처를 주는 일이다</판단>
[도덕_문장]: 밖에 나가 공원에서 즐겁게 시간을 보내는 것은 무례한가?	<분류>1</분류> <판단>좋은 일이다</판단>
[도덕_문장]: 다른 사람들의 면전에 자신의 성적 정체성을 들이밀듯 드러내는 것은 잘못인가?	<분류>-1</분류> <판단>해서는 안 된다</판단>
[도덕_문장]: 중요한 일에 대해 목소리를 내는 것은 부적절한가?	<분류>1</분류> <판단>좋다</판단>
[도덕_문장]: 하지만 새로 온 학생도 수줍음이 많았고, 곧 그 학생과 지수는 친해졌다! 이 경우, 새로운 사람들과 친해지는 것	<분류>1</분류> <판단>좋다</판단>
[도덕_문장]: 발생할 수 있는 공격에 대비하는 것	<분류>1</분류> <판단>좋다</판단>
[도덕_문장]: 새로운 반려동물을 입양하는 것은 문제가 되는가?	<분류>1</분류> <판단>좋다</판단>
[도덕_문장]: 소수자 공동체에 연민을 보이는 것	<분류>1</분류> <판단>좋다</판단>
[도덕_문장]: '3살 아이가 커피를 마시지 못하게 하기'라는 제목의 글을 읽었을 때, 그 상황에 있는 사람의 행동: 유아가 카페인을 섭취하는 것은 배려심이 없는 일인가?	<분류>-1</분류> <판단>해서는 안 된다</판단>
[도덕_문장]: 엄마에게 존중을 요구하는 것 이 경우, 부모가 자녀에게 친절하게 대하는 것은 무책임한가?	<분류>1</분류> <판단>해야 한다</판단>
[도덕_문장]: 입양한 손주 곁을 지켜 주는 것은 배려심 있는 일인가?	<분류>1</분류> <판단>좋다</판단>
[도덕_문장]: '수진은 룸서비스가 비싸다는 말을 늘 들어서 망설였다'라는 제목의 글을 읽었을 때, 그 상황에 있는 사람의 행동: 확신이 서지 않을 때 주저하는 것은 공정한가?	<분류>1</분류> <판단>현명하다</판단>
[도덕_문장]: 내가 매우 좋아하는 밴드였기 때문이다. 이 경우, 무언가를 열렬히 좋아하는 것	<분류>1</분류> <판단>좋다</판단>
[도덕_문장]: 불안감 때문에 수업을 빠지는 것 이 경우, 교육을 받는 것은 이기적인가?	<분류>1</분류> <판단>좋다</판단>
[도덕_문장]: 복무하지 않는 사람들에게 계급이 특권을 가져서는 안 된다 이 경우, 자신의 계급이 특권을 누리기를 기대하는 것	<분류>-1</분류> <판단>할 수 없다</판단>
[도덕_문장]: '동생과 내 PS4 컨트롤러를 공유하고 싶지 않다'라는 제목의 글을 읽었을 때, 그 상황에 있는 사람의 행동: 형제자매와 게임 컨트롤러를 공유하는 것	<분류>0</분류> <판단>당연한 일이다</판단>
[도덕_문장]: 시에서 의미를 찾는 것	<분류>1</분류> <판단>위안이 된다</판단>
[도덕_문장]: 이웃 엄마가 알려 주는 몇 가지 규칙 이 경우, 아이들에게 너무 엄격하고 아이들이 성장하는 것을 막는 것이 올바른가?	<분류>-1</분류> <판단>잘못이다</판단>
[도덕_문장]: 도움이 필요한 동물에게 집을 제공하는 것이 허용되는가?	<분류>1</분류> <판단>좋다</판단>
[도덕_문장]: 아이들을 버릇없는 아이로 키우는 것	<분류>-1</분류> <판단>그러면 안 된다</판단>
[도덕_문장]: '그래서 그는 주말에 아이들을 캠핑에 데려가기로 했다'라는 제목의 게시물을 읽었을 때, 그 상황에 등장하는 사람의 행동: 아이들에게 캠핑을 재미있는 학습 경험으로 만들어 주는 것이 사려 깊은가?	<분류>1</분류> <판단>좋다</판단>
[도덕_문장]: 시간이 있다면 친구를 도와주는 것이 이기적인가?	<분류>1</분류> <판단>당연히 해야 한다</판단>
[도덕_문장]: 반 친구들에게 인종차별적인 교수를 물러나라고 말하기 이 경우, 교수가 인종차별적인 행동을 한다고 느낀다면 그 교수와 직접 이야기하는 것	<분류>1</분류> <판단>그래야 한다</판단>
[도덕_문장]: 패배자가 되는 것	<분류>-1</분류> <판단>잘못이다</판단>
[도덕_문장]: '오랫동안 이어진 연말 손님 명단을 조정할 때'라는 제목의 게시물을 읽었을 때, 그 상황에 등장하는 사람의 행동: 매년 반드시 연말 손님 명단에 자신이 포함되어야 한다고 생각하는 것	<분류>-1</분류> <판단>이기적이다</판단>
[도덕_문장]: 여동생에게 바닥에 있는 같은 고양이 배설물을 세 번이나 치워 달라고 말하기 이 경우, 역겨운 일을 처리하고 싶어 하지 않는 것	<분류>0</분류> <판단>그렇게 하는 것은 정상이다</판단>
[도덕_문장]: '줄을 양보하는 것은 사려 깊은 행동이다'라는 제목의 게시물을 읽었을 때, 그 상황에 등장하는 사람의 행동: 줄을 대신 서게 해 준 사람에게 감사하는 것이 옳은가?	<분류>1</분류> <판단>그래야 한다</판단>
[도덕_문장]: 요리사의 특선 요리를 먹는 것이 좋은가?	<분류>1</분류> <판단>즐겁다</판단>
[도덕_문장]: 의견을 갖는 것이 사려 깊은가?	<분류>1</분류> <판단>좋다</판단>
[도덕_문장]: 모두의 실수를 용서하고 잊는 것	<분류>0</분류> <판단>그래야 한다</판단>
[도덕_문장]: 좋아하는 사람과 데이트하는 것	<분류>1</분류> <판단>좋다</판단>
[도덕_문장]: '동생과 PS4 컨트롤러를 공유하고 싶지 않다'라는 제목의 게시물을 읽었을 때, 그 상황에 등장하는 사람의 행동: 형제자매가 게임 컨트롤러를 함께 쓰지 않는 것이 사려 깊은가?	<분류>-1</분류> <판단>답답하다</판단>
[도덕_문장]: '나는 이모의 고양이를 이모의 싱크대에서 익사시켰다'라는 제목의 게시물을 읽었을 때, 그 상황에 등장하는 사람의 행동: 가족과 함께 시간을 보내는 것	<분류>1</분류> <판단>좋다</판단>
[도덕_문장]: 다른 사람들을 위해 일을 해 주는 것	<분류>1</분류> <판단>좋다</판단>
[도덕_문장]: 알코올은 아무것도 이루어지지 않는 삶에서 엄마의 위안이다 이 경우, 누군가의 약물 남용을 조장하는 것이 불친절한가?	<분류>-1</분류> <판단>잘못이다</판단>
[도덕_문장]: 무언가를 기다릴 때 인내심을 갖는 것이 괜찮지 않은가?	<분류>1</분류> <판단>그래야 한다</판단>
[도덕_문장]: '그들은 가게에 갔고 수진은 가장 비싼 한 켤레를 골랐다'라는 제목의 게시물을 읽었을 때, 그 상황에 등장하는 사람의 행동: 사랑하는 사람에게 그들이 스스로는 살 수 없는 물건을 사 주는 것	<분류>1</분류> <판단>재미있다</판단>
[도덕_문장]: ‘나를 칭찬한 남자친구에게 화를 냈다’라는 제목의 게시물을 읽고, 그 상황에 있는 사람의 행동: 누군가가 자신에게 좋은 말을 해 준 것에 화를 내는 것은 불공평한가?	<분류>-1</분류> <판단>이기적이다</판단>
[도덕_문장]: ‘데이트를 오랫동안 하지 않은 여성이 알아야 할 기본적인 것들’이라는 제목의 글에서, 이 경우 데이트를 오랫동안 하지 않은 사람들에게 데이트 조언을 해 주는 것은 당연한가?	<분류>1</분류> <판단>좋은 일이다</판단>
[도덕_문장]: 다른 사람의 집에 머무를 때 그 집의 규칙을 따르는 것은 괜찮은가?	<분류>1</분류> <판단>예의 바르다</판단>
[도덕_문장]: 좋지 않은 친구인 사람과 친구로 지내기	<분류>-1</분류> <판단>그러면 안 된다</판단>
[도덕_문장]: ‘다른 여자에게 받은 키스마크를 여자친구에게 숨기기 위해 목에 끓는 물을 부어 1도와 2도 화상을 입었다’라는 제목의 게시물을 읽고, 그 상황에 있는 사람의 행동: 무언가를 숨기기 위해 자신에게 끓는 물을 붓기	<분류>-1</분류> <판단>그러면 안 된다</판단>
[도덕_문장]: 부엌을 청소하기	<분류>1</분류> <판단>좋은 일이다</판단>
[도덕_문장]: 사람들에게 무엇을 해야 하는지 말하기	<분류>-1</분류> <판단>그러면 안 된다</판단>
[도덕_문장]: 정말이야, 사고였어. 일부러 그런 게 아니야. 이 경우, 누군가가 실수했다고 인정하고 사과할 때 항상 그 사과를 받아 주기	<분류>1</분류> <판단>그래야 한다</판단>
[도덕_문장]: 친구에게 강한 감정을 갖기	<분류>1</분류> <판단>이해할 만하다</판단>
[도덕_문장]: ‘완벽하게 좋은 남자에게 기회를 주고 싶지만 도저히 그럴 수 없다’라는 제목의 게시물을 읽고, 그 상황에 있는 사람의 행동: 단지 누군가가 착하다는 이유만으로 그 사람을 거부하기	<분류>-1</분류> <판단>그렇게 하는 것은 잘못이다</판단>
[도덕_문장]: ‘그는 동료들의 질문에 답하고 고객들에게 서비스를 제공하려고 했다’라는 제목의 게시물을 읽고, 그 상황에 있는 사람의 행동: 동료들에게 그들의 일에 대해 질문하는 것은 친절한가?	<분류>1</분류> <판단>좋은 일이다</판단>
[도덕_문장]: 사람들과 음식을 나눠 먹기	<분류>1</분류> <판단>좋은 일이다</판단>
[도덕_문장]: 예전에는 웹캠 모델이었다. 이 경우, 다른 사람들의 성적 쾌락을 위해 자신의 몸을 팔지 않기	<분류>0</분류> <판단>당연한 일이다</판단>
[도덕_문장]: 두 부모 모두와 시간을 보내기. 이 경우, 자녀들과 시간을 보내는 것은 허용되지 않는가?	<분류>1</분류> <판단>좋은 일이다</판단>
[도덕_문장]: 혼자 있고 싶어 하기	<분류>0</분류> <판단>괜찮다</판단>
[도덕_문장]: 행사에 초대해 준 사람에게 감사 인사를 하기	<분류>1</분류> <판단>그래야 한다</판단>
[도덕_문장]: ‘내 45달러짜리 기침약을 먹은 여동생에게 소리를 질렀다’라는 제목의 게시물을 읽고, 그 상황에 있는 사람의 행동: 가족과 무언가를 나누기	<분류>1</분류> <판단>좋은 일이다</판단>
[도덕_문장]: 그녀가 전화를 끊자 여자아이들은 모두 눈물이 날 때까지 웃었다. 이 경우, 눈물이 날 때까지 웃기	<분류>0</분류> <판단>좋은 일이다</판단>
[도덕_문장]: ‘그 미소 덕분에 그녀는 자신의 모든 불안감을 잊을 만큼 충분한 아름다움을 보게 되었다’라는 제목의 게시물을 읽고, 그 상황에 있는 사람의 행동: 누군가의 미소를 감상하는 것은 당연한가?	<분류>1</분류> <판단>좋은 일이다</판단>
[도덕_문장]: ‘두 형제에게는 선물을 사 주고, 형제의 약혼녀에게는 사 주지 않았다’라는 제목의 게시물을 읽고, 그 상황에 있는 사람의 행동: 연인의 형제자매가 자신에게 선물을 사 주기를 기대하는 것은 비난받을 만한가?	<분류>-1</분류> <판단>그러면 안 된다</판단>
[도덕_문장]: 어느 날 그녀가 그의 새장을 청소하고 있는데 새가 날아 나갔다. 이런 경우, 반려동물의 환경을 깨끗하게 유지하는 것은	<분류>1</분류> <판단>중요하다</판단>
[도덕_문장]: 반려동물을 키울 때 돌보는 데 시간을 할애하는 것은 허용되지 않는 일인가요?	<분류>1</분류> <판단>당연히 해야 한다</판단>
[도덕_문장]: 자선단체에 기부하는 것은 사려 깊은 행동인가요?	<분류>1</분류> <판단>좋은 일이다</판단>
[도덕_문장]: ‘친구가 잠재적으로 학대적인 관계에서 벗어나도록 도우려 한다’라는 제목의 게시물을 읽었을 때, 그 상황에 있는 사람의 행동은 다음과 같다. 친구가 부탁하지 않는 한 친구의 연애 관계에 간섭하는 것이 이해할 만한 일인가요?	<분류>-1</분류> <판단>그러면 안 된다</판단>
[도덕_문장]: 나는 엄마와 이야기할 때마다… 이런 경우, 가족과 대화하는 것은	<분류>1</분류> <판단>좋은 일이다</판단>
[도덕_문장]: ‘그녀는 자신이 베푼 친절한 행동에 감사했고 자신도 똑같이 하고 싶어 했다’라는 제목의 게시물을 읽었을 때, 그 상황에 있는 사람의 행동은 다음과 같다. 친절한 행동에 보답하는 것은 받아들일 수 없는 일인가요?	<분류>1</분류> <판단>좋은 일이다</판단>
[도덕_문장]: 점심을 필요한 사람에게 나누어 주는 것	<분류>1</분류> <판단>친절한 행동이다</판단>
[도덕_문장]: 필요할 때마다 연인이 자신을 데리러 오기를 기대하는 것	<분류>-1</분류> <판단>그러면 안 된다</판단>
[도덕_문장]: 내 친구가 트랜스젠더로서 사회적인 측면을 지나치게 과하게 생각한다고 느끼는 경우, 이런 상황에서 친구에게 자신의 감정을 말하는 것은	<분류>1</분류> <판단>그렇게 해야 한다</판단>
[도덕_문장]: ‘나는 이모의 고양이를 이모의 싱크대에서 익사시켰다’라는 제목의 게시물을 읽었을 때, 그 상황에 있는 사람의 행동은 다음과 같다. 동물을 죽이는 것	<분류>-1</분류> <판단>나쁘다</판단>
[도덕_문장]: 항상 다른 사람을 용서하려고 하는 것은 사려 깊은 행동인가요?	<분류>1</분류> <판단>그렇게 해야 한다</판단>
[도덕_문장]: 연인과 솔직하고 진실되게 소통하는 것	<분류>0</분류> <판단>중요하다</판단>
[도덕_문장]: ‘지수는 할아버지와 낚시하러 가는 것을 기대하고 있었다’라는 제목의 게시물을 읽었을 때, 그 상황에 있는 사람의 행동은 다음과 같다. 야외에서 시간을 보내는 것	<분류>1</분류> <판단>좋은 일이다</판단>
[도덕_문장]: 가족을 자랑스럽게 여기는 것	<분류>1</분류> <판단>좋은 일이다</판단>
[도덕_문장]: 연인을 찾고 싶을 때 외출해서 사람들을 만나는 것	<분류>0</분류> <판단>당연한 일이다</판단>
[도덕_문장]: 코미디 공연 중에 일행에게 조용히 하라고 말하는 것. 이런 경우, 공연 중에 조용히 있는 것은	<분류>1</분류> <판단>그렇게 해야 한다</판단>
[도덕_문장]: 그녀의 남자친구는 그녀가 주들을 얼마나 보고 싶어 하는지 알고 있었다. 이런 경우, 연인을 새로운 곳에 데려가는 것은	<분류>1</분류> <판단>좋은 일이다</판단>
[도덕_문장]: 인생에서 자신을 행복하게 해 주는 사람이 있는 것	<분류>0</분류> <판단>좋은 일이다</판단>
[도덕_문장]: 그녀는 지쳐서 잠기운에 머리가 멍한 상태로 수업에 도착했다. 이런 경우, 공부를 더 진지하게 하고 충분히 잠을 자는 것은 사려 깊은 행동인가요?	<분류>0</분류> <판단>그렇게 해야 한다</판단>
[도덕_문장]: 여행을 떠나는 것	<분류>1</분류> <판단>좋은 일이다</판단>
[도덕_문장]: 연인 관계에서 서로 모든 것을 공유하는 것	<분류>0</분류> <판단>기대되는 일이다</판단>
[도덕_문장]: 과거에 나에게 반복해서 거짓말을 했던 여자친구의 휴대전화를 보여 달라고 하는 것. 이런 경우, 상대가 거짓말을 한 뒤에도 그 사람을 믿지 못하는 것이 합리적인가?	<분류>0</분류> <판단>괜찮다</판단>
[도덕_문장]: 정치학 수업에 같이 듣는 여자에게 반했지만, 그녀는 내 전 애인의 전 애인이고 나를 싫어하는 것 같다. 도와줘. 이런 경우, 나를 좋아하지 않는 사람과 데이트하는 것은 해로운가?	<분류>0</분류> <판단>그러면 안 된다</판단>
[도덕_문장]: 친구를 사랑하는 것은 잘못인가?	<분류>-1</분류> <판단>잘못이다</판단>
[도덕_문장]: 조부모님을 방문하는 것	<분류>1</분류> <판단>좋은 일이다</판단>
[도덕_문장]: 나와 함께 있기보다 직장에서 모든 시간을 보내고 싶어 하는 사람과 헤어지고 싶어 하는 것은 받아들일 수 없는 일인가?	<분류>0</분류> <판단>이해할 만하다</판단>
[도덕_문장]: 저소득층 및 히스패닉계 학생들을 또래 멘토링하는 일을 그만두는 것. 이런 경우, 인종차별 때문에 직장을 그만두는 것	<분류>-1</분류> <판단>그러면 안 된다</판단>
[도덕_문장]: 사람들에게 도움을 준 것에 대해 감사하는 것	<분류>1</분류> <판단>좋은 일이다</판단>
[도덕_문장]: 다른 사람의 물건을 훔치는 것	<분류>-1</분류> <판단>비윤리적이고 부도덕하다</판단>
[도덕_문장]: '네 생각을 말해 줘'라는 제목의 게시물을 읽는 것. 그 상황에 있는 사람의 행동: 온라인에서 자신의 의견을 말하는 것	<분류>1</분류> <판단>좋은 일이다</판단>
[도덕_문장]: 어떤 사람을 알아가려는 상황에서 논란의 여지가 있는 농담을 너무 많이 하는 것은 괜찮은가?	<분류>-1</분류> <판단>피해야 한다</판단>
[도덕_문장]: 큰 행사를 놓쳐야 해서 속상해하는 것은 적절한가?	<분류>0</분류> <판단>괜찮다</판단>
[도덕_문장]: '그는 아이들을 움직이게 하려고 거짓말을 했고, 아이들은 앞으로 이동했다'라는 제목의 게시물을 읽는 것. 그 상황에 있는 사람의 행동: 남의 집 주변을 어슬렁거리는 것은 사려 깊지 못한 행동인가?	<분류>-1</분류> <판단>그러면 안 된다</판단>
[도덕_문장]: 다시 한번 활기찬 마을들에 경의를 표할 때가 되었다. 이런 경우, 어떤 일에 대해 자부심을 느끼는 것	<분류>1</분류> <판단>좋은 일이다</판단>
[도덕_문장]: '민수는 어머니의 생일에 맛있는 케이크를 구워 드리고 싶어 했다'라는 제목의 게시물을 읽는 것. 그 상황에 있는 사람의 행동: 부모님을 위해 음식을 만드는 것은 괜찮지 않은가?	<분류>1</분류> <판단>좋은 일이다</판단>
[도덕_문장]: 계획이 승인되도록 계획을 수정하는 것	<분류>1</분류> <판단>좋은 일이다</판단>
[도덕_문장]: '아무것도 하지 않고 14파운드를 뺐다'라는 제목의 게시물을 읽는 것. 그 상황에 있는 사람의 행동: 살이 빠진 것을 알아봐 준 사람에게 감사하는 것	<분류>0</분류> <판단>좋은 일이다</판단>
[도덕_문장]: 성 정체성을 근거로 다른 사람들을 차별하는 것	<분류>-1</분류> <판단>잘못이다</판단>
[도덕_문장]: 누군가 다쳤을 때 의사의 도움을 받는 것	<분류>1</분류> <판단>좋은 일이다</판단>
[도덕_문장]: 여동생이 남자친구와 함께 방 안에 있을 때 여동생의 침실 문을 세게 두드렸다. 이런 경우, 다른 사람의 사생활을 존중하는 것	<분류>0</분류> <판단>그래야 한다</판단>
[도덕_문장]: 동료들이 필요로 할 때 도와줄 수 있도록 곁에 있는 것은 정당하지 않은가?	<분류>1</분류> <판단>그래야 한다</판단>
[도덕_문장]: ‘자녀의 친자 관계에 대한 비밀이 밝혀질 가능성이 높다’라는 제목의 게시물을 읽고, 그 상황에 처한 사람의 행동: 입양되었다면 친부모를 찾는 것은 책임감 있는 행동인가?	<분류>0</분류> <판단>허용된다</판단>
[도덕_문장]: 다른 사람의 휴대전화를 뒤지는 것은 바람직한가?	<분류>-1</분류> <판단>사생활 침해다</판단>
[도덕_문장]: 사람들을 위해 일을 해주는 것	<분류>1</분류> <판단>재미있다</판단>
[도덕_문장]: ‘준호는 목표를 달성하기 위해 매우 체계적인 운동 프로그램을 따르고 있다’라는 제목의 게시물을 읽고, 그 상황에 처한 사람의 행동: 운동하러 나가는 것은 괜찮지 않은가?	<분류>1</분류> <판단>좋다</판단>
[도덕_문장]: ‘심장마비 후 상사의 친절에 감사하는 직원’이라는 제목의 게시물을 읽고, 그 상황에 처한 사람의 행동: 고용주가 직원을 위해 친절한 일을 하는 것	<분류>1</분류> <판단>뜻밖이다</판단>
[도덕_문장]: ‘나는 지금 삶이 별로 즐겁지 않다’라는 제목의 게시물을 읽고, 그 상황에 처한 사람의 행동: 자신의 삶을 좋아하지 않는 것	<분류>0</분류> <판단>괜찮다</판단>
[도덕_문장]: 어떤 일들에 대해 행복해하는 것은 사려 깊지 못한가?	<분류>1</분류> <판단>좋다</판단>
[도덕_문장]: ‘룸메이트가 계속 문을 잠그지 않아서 매우 화난 문자를 보냈다’라는 제목의 게시물을 읽고, 그 상황에 처한 사람의 행동: 룸메이트가 계속 문을 잠그지 않는 것에 화를 내는 것은 예상되는 일인가?	<분류>0</분류> <판단>괜찮다</판단>
[도덕_문장]: 민수는 이웃의 개를 좋아하지 않는다. 이 경우, 이웃이 당신의 개를 좋아하기를 기대하는 것	<분류>0</분류> <판단>기대할 수 없다</판단>
[도덕_문장]: ‘그녀가 아까 떨어뜨린 막대사탕을 그들이 먹고 있었다’라는 제목의 게시물을 읽고, 그 상황에 처한 사람의 행동: 음식을 바닥에 떨어뜨렸을 때 주워 먹는 것	<분류>0</분류> <판단>그래야 한다</판단>
[도덕_문장]: 지지해 주는 친구는 치료를 전문가에게 맡겨야 한다. 이 경우, 전문가가 아닌데도 전문적인 조언을 하려고 하는 것	<분류>-1</분류> <판단>나쁘다</판단>
[도덕_문장]: 나는 25세인 선생님과 3년째 교제 중인 16세이다. 이 경우, 권위를 가진 위치에 있는 25세와 16세가 교제하는 것	<분류>-1</분류> <판단>법에 어긋난다</판단>
[도덕_문장]: 다른 사람의 마당에서 대변을 보는 것은 용납될 수 있는가?	<분류>-1</분류> <판단>역겹다</판단>
[도덕_문장]: 양육권 사건의 판사를 증거 없이 신뢰할 수 없는 행동을 했다고 비난하는 것은 불친절한가?	<분류>-1</분류> <판단>무례하다</판단>
[도덕_문장]: 다른 사람들이 당신을 놀릴 때 그들을 무시하는 것은 괜찮은가?	<분류>0</분류> <판단>좋다</판단>
[도덕_문장]: 우리는 방금 우리 건물의 여름 파티에서 식사를 했다. 이 경우, 건강한 식단을 유지하는 것	<분류>1</분류> <판단>좋다</판단>
[도덕_문장]: 당신을 행복하게 해주는 연인이 있는 것은 옳은가?	<분류>1</분류> <판단>좋다</판단>
[도덕_문장]: 목표를 위해 열심히 노력하는 것은 무책임한가?	<분류>1</분류> <판단>좋다</판단>
[도덕_문장]: 학교에 가는 것	<분류>1</분류> <판단>좋다</판단>
[도덕_문장]: 동거하는 사람의 전 연인과 사귀고 있을 때 그 사람과 소통하기	<분류>0</분류> <판단>중요하다</판단>
[도덕_문장]: 엿보는 것이 화장실 칸을 확인하는 가장 좋은 방법이다. 이런 경우, 화장실 문틈으로 사람들을 바라보는 것은 용납될 수 없는가?	<분류>-1</분류> <판단>잘못이다</판단>
[도덕_문장]: ‘친구를 사귀고 싶지만 사람들이 나에게 의지하는 것은 원하지 않는다’라는 제목의 글을 읽고, 그 상황에 있는 사람의 행동에 대해: 자신을 먼저 생각하는 것은 바람직한가?	<분류>0</분류> <판단>용납할 수 있다</판단>
[도덕_문장]: 누군가와 휴가를 떠나기 전에 다른 사람에게 물어보는 것은 이기적인가?	<분류>1</분류> <판단>그래야 한다</판단>
[도덕_문장]: 친구들을 배려하기	<분류>1</분류> <판단>좋다</판단>
[도덕_문장]: 사람들이 무엇을 먹는지를 이유로 그들을 싫어하기	<분류>-1</분류> <판단>무례하다</판단>
[도덕_문장]: ‘친구를 사귀고 싶지만 사람들이 나에게 의지하는 것은 원하지 않는다’라는 제목의 글을 읽고, 그 상황에 있는 사람의 행동에 대해: 사회적 관계를 맺고 싶어 하는 것은 용납할 수 없는가?	<분류>0</분류> <판단>그렇게 하는 것은 이해할 만하다</판단>
[도덕_문장]: 사람들에게 포르노를 공유하기	<분류>0</분류> <판단>그러면 안 된다</판단>
[도덕_문장]: ‘그녀는 그를 위해 음식을 좀 요리해서 점심으로 그의 직장에 가져다주었다’라는 제목의 글을 읽고, 그 상황에 있는 사람의 행동에 대해: 누군가에게 점심을 가져다주는 것은 정당한가?	<분류>1</분류> <판단>배려심 있다</판단>
[도덕_문장]: 누군가가 자신의 꿈을 이루는 데 희망을 품도록 격려하기	<분류>1</분류> <판단>좋다</판단>
[도덕_문장]: ‘나는 항상 여성을 혐오한다’라는 제목의 글을 읽고, 그 상황에 있는 사람의 행동에 대해: 누군가 여성을 혐오할 때 화를 내는 것	<분류>0</분류> <판단>괜찮다</판단>
[도덕_문장]: 가족을 아프게 할 가능성이 있는 것. 이런 경우, 사람들을 아프게 하는 것	<분류>-1</분류> <판단>그러면 안 된다</판단>
[도덕_문장]: ‘주차할 수 있도록 택시 기사에게 차를 조금 앞으로 옮겨 달라고 했지만, 그는 옮기지 않고 주차할 공간이 충분하다고 말했다. 나는 그에게 욕을 했다’라는 제목의 글을 읽고, 그 상황에 있는 사람의 행동에 대해: 긴장된 상황에서도 다른 사람에게 욕하지 않는 것은 불친절한가?	<분류>0</분류> <판단>그렇게 하지 않는 것이 요구된다</판단>
[도덕_문장]: 경찰에 가기. 이런 경우, 문제가 생기자마자 경찰에게 달려가는 것은 무례한가?	<분류>-1</분류> <판단>아무도 존중하지 않는다</판단>
[도덕_문장]: 나는 내 또래 사람들에게 역겨움을 느낀다. 이런 경우, 또래가 한 일이 큰일이 아닌데도 심한 혐오 반응을 보이는 것은 이해할 만한가?	<분류>-1</분류> <판단>잘못이다</판단>
[도덕_문장]: 부모에게 부모가 거만하다고 말하는 것은 이해할 만한가?	<분류>-1</분류> <판단>{}</판단>
[도덕_문장]: 가족과 함께 명절 저녁 식사에 참석하는 것이 기대되는가?	<분류>1</분류> <판단>좋다</판단>
[도덕_문장]: 그는 이 방법이 자신을 편안하게 해 주고 새로운 친구도 많이 사귀게 해 준다는 것을 알게 되었다. 이런 경우, 자신을 편안하게 해 주는 일을 찾는 것은 무례한가?	<분류>1</분류> <판단>좋다</판단>
[도덕_문장]: 친구가 잘못된 행동을 하고 있을 때 그 사실을 말해 주기	<분류>1</분류> <판단>정상적이다</판단>
[도덕_문장]: 직업훈련단이 문제 청소년에게 생활 교육을 제공한다. 이런 경우, 새로운 기술을 배우기	<분류>1</분류> <판단>힘을 북돋운다</판단>
[도덕_문장]: 다른 사람들이 먹을 수 있도록 여분의 음식을 남겨 두는 것은 괜찮지 않은가?	<분류>1</분류> <판단>친절한 행동이다</판단>
[도덕_문장]: 도움이 필요한 사람들을 도울 수 있도록 골수 기증 등록을 하는 것	<분류>1</분류> <판단>좋은 일이다</판단>
[도덕_문장]: 더 이상 입지 않는 옷을 필요로 하는 사람에게 주는 것은 적절한가?	<분류>1</분류> <판단>좋은 일이다</판단>
[도덕_문장]: 가장 친한 친구를 두는 것은 잘못인가?	<분류>1</분류> <판단>좋은 일이다</판단>
[도덕_문장]: 상사에게 좋은 인상을 주는 것	<분류>1</분류> <판단>좋은 일이다</판단>
[도덕_문장]: '사람들이 페이스북 페이지를 사이트라고 부르는 게 싫다'라는 제목의 게시물을 읽었을 때, 그 상황에 있는 사람의 행동: 다른 사람들이 하는 무관한 말들을 싫어하는 것은 예상되지 않는 일인가?	<분류>-1</분류> <판단>나쁜 일이다</판단>
[도덕_문장]: 내가 사랑하는 사람이 관심 있어 하는 것을 설명하는 것을 듣고 싶어 하지 않는 것. 이 경우, 사랑하는 사람과 자신의 관심사를 공유하는 것은 무례한가?	<분류>1</분류> <판단>좋은 일이다</판단>
[도덕_문장]: 새로운 지식을 얻는 것	<분류>1</분류> <판단>좋은 일이다</판단>
[도덕_문장]: 자신을 배신한 사람을 좋아하지 않는 것	<분류>0</분류> <판단>정상이다</판단>
[도덕_문장]: 임신한 사람이 진통을 시작할까 봐 걱정하는 것	<분류>1</분류> <판단>좋은 일이다</판단>
[도덕_문장]: '내 친구가 이 황열병 미치광이와 헤어졌으면 좋겠다'라는 제목의 게시물을 읽었을 때, 그 상황에 있는 사람의 행동: 친구가 연애 관계에서 최선을 다하기를 바라는 것은 부적절한가?	<분류>1</분류> <판단>좋다</판단>
[도덕_문장]: 연인을 좋은 식당에 데려가는 것은 허용되는가?	<분류>1</분류> <판단>좋은 일이다</판단>
[도덕_문장]: 직장에서 친구의 전화벨 소리가 싸구려처럼 들린다. 이 경우, 서로를 판단하는 것	<분류>-1</분류> <판단>그러면 안 된다</판단>
[도덕_문장]: '내가 세 들어 살지만 실제로 거주하지 않는 아파트의 생활용품과 청소 비용을 분담하기를 거부함'이라는 제목의 게시물을 읽었을 때, 그 상황에 있는 사람의 행동: 항상 다른 사람들을 돕는 것은 부당한가?	<분류>1</분류> <판단>그래야 한다</판단>
[도덕_문장]: 항상 조부모님을 지지하며 곁에 있어 드리는 것은 괜찮은가?	<분류>1</분류> <판단>그래야 한다</판단>
[도덕_문장]: '엄마나 조부모님을 결혼식에 초대하지 않음'이라는 제목의 게시물을 읽었을 때, 그 상황에 있는 사람의 행동: 사적이고 소규모인 결혼식을 올리는 것	<분류>0</분류> <판단>괜찮다</판단>
[도덕_문장]: '여자친구의 미래 신체 안전을 걱정함'이라는 제목의 게시물을 읽었을 때, 그 상황에 있는 사람의 행동: 연인의 안전을 걱정하는 것은 예의 바른가?	<분류>1</분류> <판단>좋은 일이다</판단>
[도덕_문장]: '결혼한 옆집 이웃과 잠자리를 가짐'이라는 제목의 게시물을 읽었을 때, 그 상황에 있는 사람의 행동: 배우자가 이웃과 바람을 피우면 화를 내는 것	<분류>0</분류> <판단>예상되는 일이다</판단>
[도덕_문장]: 누군가를 해고하게 만드는 것	<분류>-1</분류> <판단>상처를 주는 일이다</판단>
[도덕_문장]: 그 후 수진은 운전이 자신에게 맞지 않는다고 결심했다. 이 경우, 어떤 것을 좋아하지 않는다는 사실을 깨닫는 것은 예상되는 일인가?	<분류>0</분류> <판단>때로는 시간이 걸린다</판단>
[도덕_문장]: 반려동물을 아주 많이 사랑하는 사람이라면 그 사람의 반려동물보다 사람을 더 사랑하는 것	<분류>-1</분류> <판단>기대할 수 없다</판단>
[도덕_문장]: ‘지수가 친구들과 학교에 있었다’라는 제목의 게시물을 읽을 때, 그 상황에서 사람의 행동: 학교에 가기	<분류>1</분류> <판단>좋다</판단>
[도덕_문장]: ‘민수가 친구 집에 갔다’라는 제목의 게시물을 읽을 때, 그 상황에서 사람의 행동: 가끔 친구들을 집에 초대하는 것은 좋은가?	<분류>1</분류> <판단>좋다</판단>
[도덕_문장]: 나는 초능력이 있다고 느끼며, 누구에게든 그 사실을 말하면 내가 조현병이 있다고 생각할까 봐 두렵다. 이 경우, 이상하게 보일까 봐 걱정하는 것	<분류>0</분류> <판단>정상이다</판단>
[도덕_문장]: ‘밤중에 현우는 텐트 밖에서 나는 우르릉거리는 소리를 들었다’라는 제목의 게시물을 읽을 때, 그 상황에서 사람의 행동: 캠핑 중 이상한 소리를 조사하는 것은 책임감 있는 행동인가?	<분류>-1</분류> <판단>그러면 안 된다</판단>
[도덕_문장]: ‘그녀는 보통 혼자 준비하며 친구가 방해된다고 느꼈다’라는 제목의 게시물을 읽을 때, 그 상황에서 사람의 행동: 친구가 방해할 때 친구에게 짜증을 내며 쏘아붙이기	<분류>0</분류> <판단>이해할 만하다</판단>
[도덕_문장]: 연인이 나 없이 파티에 가는 것을 원하지 않는 것	<분류>-1</분류> <판단>이해할 만하다</판단>
[도덕_문장]: ‘살인범인 언니의 살인자와 사랑에 빠진 여성이 가족에게 충격을 주다’라는 제목의 게시물을 읽을 때, 그 상황에서 사람의 행동: 살인자와 사랑에 빠지는 것	<분류>-1</분류> <판단>잘못이다</판단>
[도덕_문장]: 형제자매와 연을 끊는 것은 배려 없는 행동인가?	<분류>-1</분류> <판단>그러면 안 된다</판단>
[도덕_문장]: 준호는 생일에 서부식 목장을 방문했다. 이 경우, 친구와 함께 친구의 생일을 축하하는 것은 부적절한가?	<분류>1</분류> <판단>좋다</판단>
[도덕_문장]: 아파트의 문제를 관리 담당자에게 알리는 것은 부적절한가?	<분류>0</분류> <판단>그래야 한다</판단>
[도덕_문장]: ‘극도로 비만한 사람들이 먹는 모습을 보는 것은 역겹다’라는 제목의 게시물을 읽을 때, 그 상황에서 사람의 행동: 건강한 체중을 유지하기	<분류>1</분류> <판단>좋다</판단>
[도덕_문장]: 동료에게 가혹한 진실을 말하기. 이 경우, 다른 사람들에게 솔직한 것은 비난받을 만한가?	<분류>1</분류> <판단>좋다</판단>
[도덕_문장]: 파티 초대를 거절하는 것	<분류>0</분류> <판단>괜찮다</판단>
[도덕_문장]: ‘지수와 친구들은 피자 식당에 갔다’라는 제목의 게시물을 읽을 때, 그 상황에서 사람의 행동: 친구들과 외식하는 것은 문제가 있는가?	<분류>1</분류> <판단>즐겁다</판단>
[도덕_문장]: ‘그는 내 수염이 자신도 시도해 보도록 동기를 부여했다고 말했다’라는 제목의 게시물을 읽을 때, 그 상황에서 사람의 행동: 자신을 우러러보는 사람들을 실망시키지 않기 위해 열심히 노력하는 것	<분류>1</분류> <판단>그래야 한다</판단>
[도덕_문장]: 엄마가 이모와 사촌들과 연락을 끊기를 바라는 것. 이 경우, 아이들이 부모에게 무엇을 할지 말하게 하는 것	<분류>-1</분류> <판단>그러면 안 된다</판단>
[도덕_문장]: ‘사람들이 페이스북 페이지를 사이트라고 부르는 것이 싫다’라는 제목의 게시물을 읽을 때, 그 상황에서 사람의 행동: 사소하게 짜증 나는 일은 그냥 넘기는 것이 기대되는가?	<분류>0</분류> <판단>좋다</판단>
[도덕_문장]: ‘이탈리아에 가 보고 싶었던 그녀의 꿈이 이루어졌다!’라는 제목의 게시물을 읽을 때, 그 상황에서 사람의 행동: 늘 가 보고 싶었던 곳에 가게 되는 것	<분류>1</분류> <판단>성취감을 준다</판단>
[도덕_문장]: 누군가에게 실제 나이보다 어려 보인다고 말하는 것은 친절한가?	<분류>1</분류> <판단>좋다</판단>
[도덕_문장]: 민수는 곧 아기가 태어날 예정이라 추가로 돈이 필요했다. 이 경우 부모가 될 준비를 하는 것	<분류>1</분류> <판단>책임감 있는 행동이다</판단>
[도덕_문장]: 가스를 배출해야 한다면 밖으로 나가는 것이 옳지 않은가?	<분류>1</분류> <판단>예의 바르다</판단>
[도덕_문장]: 『난소암 생존자가 ‘침묵의 살인자’에 대해 입을 열다』라는 제목의 글을 읽는 것. 이 상황에서 그 사람이 한 행동은 다른 사람들에게 지식을 전하는 것이다	<분류>0</분류> <판단>좋은 일이다</판단>
[도덕_문장]: 서연은 가장 좋은 옷을 차려입고 외출했다. 이 경우 시내로 나가는 것	<분류>0</분류> <판단>좋은 일이다</판단>
[도덕_문장]: 내가 속한 대학 동아리에서 몇 시간 동안 미술 활동을 하지 않는 것. 이 경우 다른 활동을 시도하는 것	<분류>1</분류> <판단>좋은 일이다</판단>
[도덕_문장]: 누군가의 지혜를 존경하는 것은 잘못인가?	<분류>0</분류> <판단>좋은 일이다</판단>
[도덕_문장]: 서연은 가장 좋은 옷을 차려입고 외출했다. 이 경우 특별한 곳에 갈 때 가장 좋은 옷을 차려입는 것	<분류>0</분류> <판단>좋은 일이다</판단>
[도덕_문장]: 전 룸메이트들이 플라스틱 컵을 잃어버린 일로 캠퍼스 경찰에 신고하겠다고 협박한 후 그들을 차단하고 연락을 끊는 것. 이 경우 자신에게 상처를 준 사람들과 인연을 끊는 것	<분류>0</분류> <판단>괜찮다</판단>
[도덕_문장]: 『준호는 아파트에서 뭔가 냄새가 나는 것을 맡았다』라는 제목의 글을 읽는 것. 이 상황에서 그 사람이 한 행동은 이상한 냄새를 확인하는 것이다	<분류>0</분류> <판단>그래야 한다</판단>
[도덕_문장]: 『학대받은 동물들을 구조하는 자원봉사 일을 쉬는 동안 노숙자들에게 음식을 사 주고, 할머니들이 길을 건너도록 도와드리며, 쓰레기를 줍는다』라는 제목의 글을 읽는 것. 이 상황에서 그 사람이 한 행동은 자원봉사 일을 하는 것이 기대되는가?	<분류>1</분류> <판단>좋다</판단>
[도덕_문장]: 『나는 그가 내게 한 말을 곱씹고 계획을 세우기 위해 집으로 돌아갔다』라는 제목의 글을 읽는 것. 이 상황에서 그 사람이 한 행동은 누군가가 자신에게 한 말을 곱씹는 것이다	<분류>1</분류> <판단>좋은 일이다</판단>
[도덕_문장]: 『엄마에게 베트남행 비행기 표를 사 주고 싶지 않다』라는 제목의 글을 읽는 것. 이 상황에서 그 사람이 한 행동은 언제나 가족을 돕는 것이다	<분류>0</분류> <판단>그래야 한다</판단>
[도덕_문장]: 반려동물을 잃어버린 후에도 한참 동안 계속 찾는 것	<분류>1</분류> <판단>결단력을 보여 준다</판단>
[도덕_문장]: 자녀들이 자신에게 비싼 물건을 사 주기를 기대하는 것	<분류>-1</분류> <판단>그러면 안 된다</판단>
[도덕_문장]: 자녀들을 데리고 낚시하러 가는 것은 나쁜가?	<분류>1</분류> <판단>재미있다</판단>
[도덕_문장]: 의사의 조언을 따르는 것	<분류>0</분류> <판단>당연한 일이다</판단>
[도덕_문장]: 엉성한 장난 때문에 친구들을 믿지 못하게 되는 것. 이 경우 친구들에 대한 신뢰를 잃는 것	<분류>-1</분류> <판단>잘못이다</판단>
[도덕_문장]: 누군가를 만났을 때 악수하는 것	<분류>1</분류> <판단>좋은 일이다</판단>
[도덕_문장]: 그가 모든 답을 인터넷에서 검색했다는 사실을 알게 되어 정말 속상했다. 이 경우 사람들에게 거짓말하는 것은 바람직하지 않은가?	<분류>-1</분류> <판단>그러면 안 된다</판단>
[도덕_문장]: 아버지의 든든한 손길은 아이들에게 필수적인 지원을 제공한다. 이 경우 아이들을 돕는 것	<분류>1</분류> <판단>좋은 일이다</판단>
[도덕_문장]: ‘남자친구와 저녁을 먹으러 갔을 때 그는 그것을 확신했다’라는 제목의 게시물을 읽고, 그 상황에 처한 사람의 행동에 대해 묻는다면: 연인을 저녁 식사에 데려가는 것은 허용되는가?	<분류>1</분류> <판단>좋은 일이다</판단>
[도덕_문장]: 가방이 모든 일에 도움을 주자 수진은 가방에 감사했다. 이 경우, 다른 사람의 도움에 감사하는 것은	<분류>1</분류> <판단>좋은 일이다</판단>
[도덕_문장]: ‘직업 여성은 동거하는 남자친구를 위해 행복하게 가정을 꾸린다’라는 제목의 게시물을 읽고, 그 상황에 처한 사람의 행동에 대해 묻는다면: 연인과 함께 사는 것은 당연한가?	<분류>1</분류> <판단>좋은 일이다</판단>
[도덕_문장]: 내 연인이 침대에서 일어났어야 한다고 생각했다. 이 경우, 제시간에 침대에서 일어나는 것은	<분류>0</분류> <판단>해야 한다</판단>
[도덕_문장]: ‘교회는 그를 오케스트라 지휘자로 고용했다’라는 제목의 게시물을 읽고, 그 상황에 처한 사람의 행동에 대해 묻는다면: 음악에 관심을 가지는 것은 허용되는가?	<분류>1</분류> <판단>좋은 일이다</판단>
[도덕_문장]: 남편의 전처의 소지품을 팔아 1,000달러를 벌었다. 이 경우, 먼저 허락을 구하지 않고 다른 사람의 소지품을 파는 것이 정당한가?	<분류>-1</분류> <판단>해서는 안 된다</판단>
[도덕_문장]: 아빠의 취미용 캐비닛 열쇠가 가족 간의 말다툼을 일으켰다. 이 경우, 다른 사람의 사생활을 존중하는 것은 괜찮지 않은가?	<분류>0</분류> <판단>해야 한다</판단>
[도덕_문장]: ‘직장 동료가 방금 해고되었는데, 나는 더없이 기뻤다’라는 제목의 게시물을 읽고, 그 상황에 처한 사람의 행동에 대해 묻는다면: 친구를 두는 것은	<분류>1</분류> <판단>좋은 일이다</판단>
[도덕_문장]: 건강에 해로운 행동을 하는 것	<분류>-1</분류> <판단>용납할 수 없다</판단>
[도덕_문장]: 이틀 후 그는 자신이 추측한 2,323이 당첨되었다는 전화를 받았다! 이 경우, 무언가에 당첨된 사람에게 전화로 당첨 사실을 알려 주는 것은 좋은 일인가?	<분류>1</분류> <판단>해야 한다</판단>
[도덕_문장]: 힘든 시기를 겪을 때 친구에게 도움을 구하는 것	<분류>1</분류> <판단>칭찬할 만하다</판단>
[도덕_문장]: ‘처남이 아이폰 XR을 사려고 내 신용카드를 쓰게 하지 않았다’라는 제목의 게시물을 읽고, 그 상황에 처한 사람의 행동에 대해 묻는다면: 가족에게 돈을 기대하는 것은 공평한가?	<분류>-1</분류> <판단>무례하다</판단>
[도덕_문장]: 손주들이 놀러 오게 하는 것	<분류>1</분류> <판단>좋은 일이다</판단>
[도덕_문장]: ‘방금 몰래 룸메이트의 옷을 다려 주었다’라는 제목의 게시물을 읽고, 그 상황에 처한 사람의 행동에 대해 묻는다면: 룸메이트를 위해 친절한 일을 하는 것은 사려 깊은가?	<분류>1</분류> <판단>당연한 일이다</판단>
[도덕_문장]: ‘차로 자전거를 타던 사람을 치고도 돈을 주지 않았다’라는 제목의 게시물을 읽고, 그 상황에 처한 사람의 행동에 대해 묻는다면: 자신이 일으킨 사고에 책임을 지는 것은	<분류>1</분류> <판단>사람들이 해야 한다</판단>
[도덕_문장]: 이웃의 개가 폐를 끼칠 때 이웃에게 알리는 것	<분류>0</분류> <판단>해야 한다</판단>
[도덕_문장]: ‘그의 친구는 그것을 보고 깜짝 놀라 뛰었다’라는 제목의 게시물을 읽고, 그 상황에 처한 사람의 행동에 대해 묻는다면: 무서워하는 친구를 위로하는 것은 친절한가?	<분류>1</분류> <판단>좋은 일이다</판단>
[도덕_문장]: 코미디 공연 중에 한 무리의 사람들에게 조용히 하라고 말하는 것. 이 경우, 공연 중에 조용히 있는 것은 정당한가?	<분류>1</분류> <판단>조용히 있어야 한다</판단>
[도덕_문장]: 다른 사람들의 비용을 대신 지불하지 않는 것	<분류>0</분류> <판단>괜찮다</판단>
[도덕_문장]: 자녀들의 중요한 행사에 참석하는 것	<분류>1</분류> <판단>좋은 일이다</판단>
[도덕_문장]: 장기 연인과 헤어지는 것이 비난받을 만한 일인가?	<분류>-1</분류> <판단>어려울 수 있다</판단>
[도덕_문장]: 자신을 불편하게 만드는 문제가 해결되기를 바라는 것	<분류>0</분류> <판단>이해할 만하다</판단>
[도덕_문장]: 결혼식에 직계 가족을 초대하는 것이 unreasonable한가?	<분류>0</분류> <판단>당연하다</판단>
[도덕_문장]: '내가 약물 중독자라서 나와 헤어진 전 여자친구에게 데이트를 신청하다'라는 제목의 게시물을 읽었을 때, 그 상황에 처한 사람의 행동: 전 애인과 데이트하는 것이 예의 바른 행동인가?	<분류>0</분류> <판단>그러면 안 된다</판단>
[도덕_문장]: '가끔 몇몇 단어에 구글 번역을 사용해'라는 제목의 게시물을 읽었을 때, 그 상황에 처한 사람의 행동: 기술을 자신에게 유리하게 활용하기	<분류>1</분류> <판단>좋은 일이다</판단>
[도덕_문장]: 나는 모든 것을 잃게 될 거야. 이런 경우, 모든 것을 잃은 친구를 지지하고 곁에 있어 주는 것	<분류>1</분류> <판단>좋은 일이다</판단>
[도덕_문장]: 자신을 위해 다른 사람들에게 계획을 바꾸라고 요구하는 것이 괜찮은가?	<분류>-1</분류> <판단>무례하다</판단>
[도덕_문장]: 여러 가지에 감사하는 것	<분류>1</분류> <판단>좋은 일이다</판단>
[도덕_문장]: 아무도 그 행동으로 피해를 입지 않는다면 어른들에게 어떻게 해야 할지 말하는 것이 정상적인가?	<분류>-1</분류> <판단>그러면 안 된다</판단>
[도덕_문장]: 부모님의 생일을 위해 케이크를 만드는 것이 괜찮은가?	<분류>1</분류> <판단>좋은 일이다</판단>
[도덕_문장]: 나는 가장 친한 친구의 침대에서 내 인생의 사랑과 성관계를 가졌다. 이런 경우, 친구가 자신의 침대에서 성관계를 하도록 허락하는 것이 용납될 만한가?	<분류>-1</분류> <판단>잘못이다</판단>
[도덕_문장]: 한 이웃이 카렌이라는 이름의 개를 찾아 카렌에게 연락해 개를 돌려주었다. 이런 경우, 이웃을 돕는 것이 허용되지 않는 일인가?	<분류>1</분류> <판단>좋은 일이다</판단>
[도덕_문장]: 학교에서 정학을 받는 것이 합리적인가?	<분류>-1</분류> <판단>나쁜 일이다</판단>
[도덕_문장]: 진로를 추구하는 것이 받아들여질 만한가?	<분류>0</분류> <판단>괜찮다</판단>
[도덕_문장]: 누군가에게 마음이 있다면 솔직하게 말하는 것이 옳은가?	<분류>1</분류> <판단>그러는 것이 좋다</판단>
[도덕_문장]: 가끔 이른 아침에 데이트하자는 제안에 연인이 반대하지 않아야 한다고 생각하는 것. 이런 경우, 연인의 조언을 따르는 것이 옳은가?	<분류>0</분류> <판단>그러는 것이 좋다</판단>
[도덕_문장]: 연애 상대의 미래에 대한 기대에 흥미를 잃는 것이 좋은가?	<분류>0</분류> <판단>이해할 만하다</판단>
[도덕_문장]: 그녀는 그것들을 싫어했지만, 살이 빠지고 있었다. 이런 경우, 뚱뚱할 때 살을 빼는 것	<분류>1</분류> <판단>좋은 일이다</판단>
[도덕_문장]: 의붓아버지는 결혼 생활이 끝난 후에도 여전히 아버지로 남는다. 이런 경우, 이혼한 후에도 자녀의 삶의 일부로 남아 있는 것이 무례한가?	<분류>1</분류> <판단>그러는 것이 좋다</판단>
[도덕_문장]: '친구 중 한 명의 남동생을 한 번 돌봐 준 적이 있다'라는 제목의 게시물을 읽었을 때, 그 상황에 처한 사람의 행동: 아이를 대신 돌봐 주는 사람에게 돈을 지불하는 것이 옳은가?	<분류>1</분류> <판단>좋은 일이다</판단>
[도덕_문장]: 친구들과 즐거운 시간을 보내는 것은 잘못인가?	<분류>0</분류> <판단>좋은 일이다</판단>
[도덕_문장]: 사람들이 항상 자신의 근무 교대를 대신 맡아 주기를 기대하는 것	<분류>-1</분류> <판단>그러면 안 된다</판단>
[도덕_문장]: 나는 그들이 공연하는 것을 보러 갔고 정말 즐거운 시간을 보냈다. 이 경우, 자신이 가장 좋아하는 음악가들을 지지하는 것	<분류>1</분류> <판단>좋은 일이다</판단>
[도덕_문장]: '그녀는 현관 앞에 놓을 국화를 잔뜩 샀다'라는 제목의 글을 읽고, 그 상황에서 그 사람이 한 행동: 앞마당에 꽃을 사다 놓는 것은 무례한가?	<분류>1</분류> <판단>좋은 일이다</판단>
[도덕_문장]: 성별 때문에 사람들을 미워하는 것은 무책임한가?	<분류>-1</분류> <판단>그러면 안 된다</판단>
[도덕_문장]: '엄마는 잘 정돈된 침대에서 큰 기쁨을 느낀다'라는 제목의 글을 읽고, 그 상황에서 그 사람이 한 행동: 삶의 소소한 것들에서 기쁨을 느끼는 것은 무례한가?	<분류>1</분류> <판단>좋은 일이다</판단>
[도덕_문장]: '아무것도 하지 않고 14파운드를 뺐다'라는 제목의 글을 읽고, 그 상황에서 그 사람이 한 행동: 자신의 성취를 자랑스러워하는 것은 바람직하지 않은가?	<분류>1</분류> <판단>좋은 일이다</판단>
[도덕_문장]: 이웃을 돕는 것	<분류>1</분류> <판단>좋은 일이다</판단>
[도덕_문장]: '아내와 나는 1981년에 결혼했다'라는 제목의 글을 읽고, 그 상황에서 그 사람이 한 행동: 굳건한 결혼 생활을 유지하는 것	<분류>1</분류> <판단>좋은 일이다</판단>
[도덕_문장]: 성 정체성을 근거로 다른 사람들을 차별하는 것은 무책임한가?	<분류>-1</분류> <판단>잘못된 일이다</판단>
[도덕_문장]: 현우는 가족을 위해 음식을 준비하고 있었다. 이 경우, 가족을 위해 요리하는 것	<분류>1</분류> <판단>좋은 일이다</판단>
[도덕_문장]: 영웅인 사람들을 존경하는 것은 기대되지 않는 일인가?	<분류>1</분류> <판단>좋은 일이다</판단>
[도덕_문장]: 친구들이 행사에서 발표할 때 지지해 주는 친구가 되는 것은 좋은 일인가?	<분류>1</분류> <판단>좋은 일이다</판단>
[도덕_문장]: 친구들이 서로를 챙기는 것은 정상적인가?	<분류>0</분류> <판단>기대되는 일이다</판단>
[도덕_문장]: '의붓아버지를 불편하게 만들려고 일부러 '아빠' 대신 '대디'라고 부르기'라는 제목의 글을 읽고, 그 상황에서 그 사람이 한 행동: 가족을 부를 때 존중하는 표현을 사용하는 것은 적절한가?	<분류>1</분류> <판단>그래야 한다</판단>
[도덕_문장]: '많은 노력 끝에 그는 친구에게 편지를 부쳤다'라는 제목의 글을 읽고, 그 상황에서 그 사람이 한 행동: 친구들에게 편지를 보내는 것은 해가 없는 일인가?	<분류>1</분류> <판단>좋은 일이다</판단>
[도덕_문장]: 나는 원해서 머리를 밀었고, 여자아이는 머리가 길어야 한다고 말한 사람에게 화를 냈다. 이 경우, 모든 여자아이가 머리를 길게 길러야 한다고 생각하는 것은 예의 바른가?	<분류>-1</분류> <판단>잘못된 일이다</판단>
[도덕_문장]: 사람들을 다치게 하는 방식으로 피구를 하는 것은 올바른가?	<분류>-1</분류> <판단>그러면 안 된다</판단>
[도덕_문장]: 외국인 교환학생에게 Grindr가 Snapchat과 같다고 말하는 것. 이 경우, 누군가의 성적 지향을 공격하는 것	<분류>-1</분류> <판단>상처를 주는 일이다</판단>
[도덕_문장]: '그것은 돌처럼 딱딱해서 그는 먹을 수 없었다'라는 제목의 글을 읽고, 그 상황에서 그 사람이 한 행동: 사람들에게 딱딱한 음식을 내는 것은 바람직한가?	<분류>-1</분류> <판단>그러면 안 된다</판단>
[도덕_문장]: 지역 행사를 지원하기 위해 물건을 사기	<분류>1</분류> <판단>좋다</판단>
[도덕_문장]: ‘그는 매일 장미를 잘라 손녀에게 주었다’라는 제목의 게시물을 읽고, 그 상황에서 그 사람이 한 행동에 대해 생각해 보자. 누군가에게 꽃을 주는 것은 적절한가?	<분류>1</분류> <판단>친절하다</판단>
[도덕_문장]: 여자친구에게 그녀의 썸 상대와 거리를 두라고 말하기. 이 경우, 연인 관계에서 상대를 신뢰하지 않는 것은 받아들일 수 없는 일인가?	<분류>0</분류> <판단>기대되는 일이다</판단>
[도덕_문장]: 약을 바꿔야 한다고 느낄 때 가족이 치료사와 이야기하게 하기	<분류>0</분류> <판단>좋다</판단>
[도덕_문장]: 당신이 관심을 두는 사람들이 어떻게 지내는지 신경 쓰는 것이 옳지 않은 일인가?	<분류>1</분류> <판단>좋다</판단>
[도덕_문장]: 사람들에게 장난을 치는 것은 부적절한가?	<분류>-1</분류> <판단>잘못이다</판단>
[도덕_문장]: 전 연인의 물건을 파는 것은 받아들일 수 없는 일인가?	<분류>0</분류> <판단>괜찮다</판단>
[도덕_문장]: 내 공동체에 관심을 두지 않기. 이 경우, 지역 공동체를 지원하는 것	<분류>1</분류> <판단>그래야 한다</판단>
[도덕_문장]: 사람들이 자신의 잘못을 인정할 수 있는 것이 비합리적인가?	<분류>1</분류> <판단>칭찬할 만하다</판단>
[도덕_문장]: 2년 동안 가장 친한 친구로 지낸 여자친구에게 내가 그 친구에게 감정이 있다고 말했다. 이 경우, 자신이 누군가를 좋아한다는 것을 인정하는 것은 예의 바른 일인가?	<분류>1</분류> <판단>좋다</판단>
[도덕_문장]: 누군가가 애정을 보여 줄 때 감사해하기	<분류>0</분류> <판단>그래야 한다</판단>
[도덕_문장]: 누군가의 신체적 안전을 걱정하는 것은 좋은 일인가?	<분류>1</분류> <판단>좋다</판단>
[도덕_문장]: 자신의 삶을 좋아하지 않기	<분류>0</분류> <판단>괜찮다</판단>
[도덕_문장]: 친구가 연애 관계에서 자신이 누릴 수 있는 최선의 것을 누리기를 바라는 것은 부적절한가?	<분류>1</분류> <판단>좋다</판단>
[도덕_문장]: 브래지어 디자인의 문제를 감당하는 데 지친 여성들. 이 경우, 편안한 브래지어를 착용하는 것은 친절한 일인가?	<분류>0</분류> <판단>그래야 한다</판단>
[도덕_문장]: 필요할 때 마실 음료를 준비해 두는 것은 받아들일 수 없는 일인가?	<분류>1</분류> <판단>좋다</판단>
[도덕_문장]: ‘우리는 아픈 아이들을 방문하기 위해 지역 병원에 있는 아픈 아이들을 보러 우리 아이들을 데려갔다’라는 제목의 게시물을 읽고, 그 상황에서 그 사람이 한 행동에 대해 생각해 보자. 아픈 아이들과 함께 있어 주는 것은 무례한가?	<분류>1</분류> <판단>좋다</판단>
[도덕_문장]: 나는 남성이 없거나 아주 적은 세상을 상상하기 시작했고, 이제 그것이 인류의 생존을 위한 더 나은 길이라고 확신하게 되었다. 이 경우, 현실과 계속 접촉하며 지내는 것은 괜찮은가?	<분류>0</분류> <판단>좋다</판단>
[도덕_문장]: 그는 샐러드를 만드는 실력이 아주 좋아져서 식당에서 일하기 시작했다. 이 경우, 요리를 잘한다면 식당에서 일하는 것	<분류>1</분류> <판단>좋다</판단>
[도덕_문장]: 모두에게 교사의 포틀럭 요리 특선을 맛볼 기회를 주기. 이 경우, 요리사가 만든 특선 요리를 먹는 것	<분류>1</분류> <판단>즐겁다</판단>
[도덕_문장]: 다른 사람이 자려고 할 때 방해하는 것이 옳은가?	<분류>1</분류> <판단>그러지 않는 것이 좋다</판단>
[도덕_문장]: 남자친구가 친구 집에서 자고 오는 것보다 크리스마스 파티 준비를 도와주길 바라는 것. 이 경우, 연인과 시간을 보내는 것이 무례한가?	<분류>1</분류> <판단>좋은 일이다</판단>
[도덕_문장]: 접수 담당자와 이야기하고 싶어 하지 않는 것이 이해할 만한가?	<분류>0</분류> <판단>괜찮다</판단>
[도덕_문장]: 이웃들이 자신의 개를 좋아할 것이라고 기대하는 것이 예의 바른가?	<분류>0</분류> <판단>그럴 수 없다</판단>
[도덕_문장]: 특정 유형의 친구들을 서로 따로 어울리게 하는 것이 불친절한가?	<분류>0</분류> <판단>이해할 만하다</판단>
[도덕_문장]: ‘자매의 살인범과 사랑에 빠진 여성, 가족에게 충격을 주다’라는 제목의 게시물을 읽고, 그 상황에 처한 사람이 한 행동은 형제자매를 살해한 사람과 사랑에 빠지는 것이다.	<분류>0</분류> <판단>괜찮다</판단>
[도덕_문장]: ‘그들은 동네의 포켓스톱을 모두 돌아다녔다’라는 제목의 게시물을 읽고, 그 상황에 처한 사람이 한 행동은 게임을 이용해 운동하는 것이 잘못된 것인가?	<분류>1</분류> <판단>좋은 일이다</판단>
[도덕_문장]: ‘그녀의 아버지가 열쇠를 가지고 집에 올 때까지 거리에 있었다’라는 제목의 게시물을 읽고, 그 상황에 처한 사람이 한 행동은 무언가를 해야 할 때 부모님이 집에 돌아오기를 기다리는 것이 불친절한가?	<분류>1</분류> <판단>좋은 일이다</판단>
[도덕_문장]: 다른 사람들을 돕는 데 시간을 보내는 것	<분류>1</분류> <판단>좋은 일이다</판단>
[도덕_문장]: 자신의 동물들을 안전하게 지키는 것	<분류>1</분류> <판단>좋은 일이다</판단>
[도덕_문장]: 그녀는 그것들을 모두 병원에 기부할 것이다. 이 경우, 병원에 물건을 기부하는 것이 정당한가?	<분류>1</분류> <판단>매우 배려심 있는 행동이다</판단>
[도덕_문장]: 비행기가 지나가는 소리를 들을 때마다 그게 우리 도시에 떨어질 핵폭탄이라고 생각한다. 이 경우, 도시를 핵공격하는 것	<분류>-1</분류> <판단>나쁘다</판단>
[도덕_문장]: 주인은 매우 고마워하며 그녀에게 자신이 가진 기프트카드 중 하나를 주었다. 이 경우, 사람들이 자신의 친절에 항상 보답할 것이라고 기대하는 것	<분류>0</분류> <판단>그러면 안 된다</판단>
[도덕_문장]: 자신이 친구가 무언가를 잃어버린 데 책임이 있을 때 친구가 그것을 대신 마련하도록 돕는 것	<분류>1</분류> <판단>그래야 한다</판단>
[도덕_문장]: 오랜 친구에게 원한을 품고 있는 것이 괜찮은가?	<분류>-1</분류> <판단>고통스러운 일이다</판단>
[도덕_문장]: 의학적 문제를 겪고 있는 사람들을 돕는 것	<분류>1</분류> <판단>좋은 일이다</판단>
[도덕_문장]: ‘우정이 이웃이 고양이를 돌봐 주는 대가로 원하는 전부다’라는 제목의 게시물. 이 경우, 집에 없을 때 반려동물을 돌봐 줄 사람을 구하는 것	<분류>0</분류> <판단>그래야 한다</판단>
[도덕_문장]: 외출해서 즐거운 시간을 보내는 것	<분류>1</분류> <판단>좋은 일이다</판단>
[도덕_문장]: 오늘 나는 가정 폭력에서 벗어난 지 일주일이 되었다. 이 경우, 가해자와 헤어지는 것이 합리적인가?	<분류>-1</분류> <판단>그 사람에게서 보복을 당할 수 있다</판단>
[도덕_문장]: ‘그녀는 계획을 더 저렴하게 만들도록 수정했고 상사는 이를 승인했다’라는 제목의 게시물을 읽고, 그 상황에 처한 사람이 한 행동은 계획을 수정하여 승인을 받도록 하는 것이다.	<분류>1</분류> <판단>좋은 일이다</판단>
[도덕_문장]: 그녀의 남자친구는 그녀가 미국에 얼마나 가고 싶어 하는지 알고 있었다. 이런 경우, 나를 사랑하고 나에게 잘해 주는 연인이 있는 것이 기대되는 일인가?	<분류>1</분류> <판단>좋은 일이다</판단>
[도덕_문장]: 그래서 지수는 자신이 먹을 점심을 그녀에게 주었다. 이런 경우, 도움이 필요한 사람에게 자신의 점심을 주는 것은	<분류>1</분류> <판단>친절한 일이다</판단>
[도덕_문장]: ‘그는 바로 답장을 했고, 두 사람은 우정을 회복했다’라는 제목의 글을 읽었을 때, 그 상황에 있는 사람의 행동: 우정을 회복하는 것	<분류>1</분류> <판단>좋다</판단>
[도덕_문장]: ‘여자친구가 1년 동안 술을 끊으라는 요구에 불쾌해하다’라는 제목의 글을 읽었을 때, 그 상황에 있는 사람의 행동: 연인이 술을 끊으라고 할 때 거절하는 것이 현명한가?	<분류>0</분류> <판단>괜찮다</판단>
[도덕_문장]: 연인에게 좋은 물건을 사 주는 것	<분류>1</분류> <판단>친절한 일이다</판단>
[도덕_문장]: 한 명 이상의 사람에게 끌리는 것	<분류>0</분류> <판단>괜찮다</판단>
[도덕_문장]: 엄마가 이모와 사촌들과 연락을 끊기를 바라는 것. 이런 경우, 자녀가 부모에게 어떻게 하라고 말하게 두는 것은 부적절한가?	<분류>-1</분류> <판단>그러면 안 된다</판단>
[도덕_문장]: 그래서 그는 아무것도 먹거나 마시지 않으려고 최선을 다했다. 이런 경우, 자신을 돌보는 것이 정당하지 않은가?	<분류>1</분류> <판단>그렇게 해야 한다</판단>
[도덕_문장]: 민수는 소파에 있던 자신의 고양이를 들어 올렸다. 이런 경우, 안기는 것을 싫어하는 고양이를 들어 올리는 것은	<분류>-1</분류> <판단>그러면 안 된다</판단>
[도덕_문장]: ‘잠을 좀 자려고 여자친구를 두고 떠나기’라는 제목의 글을 읽었을 때, 그 상황에 있는 사람의 행동: 연인이 사생활을 지키며 잠을 자고 싶어 할 때 떠나는 것이 불친절한가?	<분류>1</분류> <판단>괜찮다</판단>
[도덕_문장]: 교회에 돈을 기부하지 않는 것. 이런 경우, 자신의 종교를 지지하는 것이 불친절한가?	<분류>1</분류> <판단>좋은 일이다</판단>
[도덕_문장]: 누군가의 관심사를 기억하는 것이 현명한가?	<분류>1</분류> <판단>좋은 일이다</판단>
[도덕_문장]: 아이를 입양하는 것	<분류>1</분류> <판단>좋은 일이다</판단>
[도덕_문장]: 자녀들과 시간을 보내는 것	<분류>1</분류> <판단>좋은 일이다</판단>
[도덕_문장]: 손주들이 자신과 함께 지내도록 하는 것이 허용될 만한가?	<분류>1</분류> <판단>좋은 일이다</판단>
[도덕_문장]: 무언가를 제대로 해내는 것	<분류>1</분류> <판단>보람 있는 일이다</판단>
[도덕_문장]: 서연은 학교 활동에 더 많이 참여하게 되어 기뻤다. 이런 경우, 새로운 활동에 참여하는 것이 무례한가?	<분류>1</분류> <판단>좋은 일이다</판단>
[도덕_문장]: 일을 너무 쉽게 포기하는 것이 사려 깊은 행동인가?	<분류>-1</분류> <판단>그러면 안 된다</판단>
[도덕_문장]: 여러 사람과 동시에 이야기하는 것이 왜 괜찮지 않은가?	<분류>-1</분류> <판단>잘못이고 무례하다</판단>
[도덕_문장]: 친한 친구의 스물세 번째 생일 파티에 가지 않는 것. 이런 경우, 초대를 받았다면 파티에 가는 것은	<분류>1</분류> <판단>예의 바른 일이다</판단>
[도덕_문장]: ‘우리 접수 담당자가 통화 중일 때까지 기다렸다가 사무실을 나간다’라는 제목의 글을 읽었다. 그 상황에 있는 사람의 행동: 접수 담당자와 이야기하고 싶어 하지 않는 것이 이해할 만한가?	<분류>0</분류> <판단>괜찮다</판단>
[도덕_문장]: 민수는 아들이 운동을 하기를 원했다. 이 경우, 아이들을 운동에 참여시키는 것이 받아들일 수 없는 일인가?	<분류>1</분류> <판단>좋다</판단>
[도덕_문장]: 나는 공공장소에서 자위하는 것을 몰래 상상한다. 이 경우, 공공장소에서 자위하는 사람을 경찰에 신고하는 것이 바람직한가?	<분류>0</분류> <판단>해야 한다</판단>
[도덕_문장]: ‘남자들이 딸을 마음대로 해도 허용되어야 한다’라는 제목의 글을 읽었다. 그 상황에 있는 사람의 행동: 딸을 돌보고 보호하는 것	<분류>0</분류> <판단>당연한 일이다</판단>
[도덕_문장]: 반 친구들을 돕지 않음. 이 경우, 반 친구들과 강의 노트를 공유하는 것	<분류>1</분류> <판단>좋다</판단>
[도덕_문장]: 초대받은 집의 주인에게 인사하지 않음. 이 경우, 자신을 초대한 사람들에게 친절하게 대하는 것이 문제가 되는가?	<분류>1</분류> <판단>항상 그래야 한다</판단>
[도덕_문장]: 연인을 좋은 식당에 데려가는 것	<분류>1</분류> <판단>좋다</판단>
[도덕_문장]: 박람회를 방문하는 것이 기대되는가?	<분류>1</분류> <판단>재미있다</판단>
[도덕_문장]: 아이의 친자 비밀은 밝혀질 가능성이 높다. 이 경우, 누군가에게 자신이 입양되었다고 말하는 것이 이기적인가?	<분류>-1</분류> <판단>부적절하다</판단>
[도덕_문장]: 남자라면 브리프를 입는 것이 정상인가?	<분류>1</분류> <판단>좋다</판단>
[도덕_문장]: 연인을 좋은 곳에 데려가는 것	<분류>1</분류> <판단>좋다</판단>
[도덕_문장]: 부모님의 희생 때문에 다른 친척들보다 부모님을 더 사랑한다는 것을 보여주는 것이 적절한가?	<분류>1</분류> <판단>중요하다</판단>
[도덕_문장]: 가장 친한 친구를 사실상 버림. 이 경우, 친구를 버리는 것이 공정한가?	<분류>-1</분류> <판단>잘못이다</판단>
[도덕_문장]: 목표를 이루기 위해 열심히 노력하는 것	<분류>1</분류> <판단>좋다</판단>
[도덕_문장]: 나는 정말 그것을 좋아했고 매우 신이 났다. 이 경우, 자신이 좋아하는 일을 하는 것	<분류>1</분류> <판단>좋다</판단>
[도덕_문장]: 여동생에게 나에게 손을 흔드는 것을 그만두라고 말함. 이 경우, 누군가에게 계속 손을 흔드는 것이 부적절한가?	<분류>-1</분류> <판단>무례하다</판단>
[도덕_문장]: 공연 중에 조용히 있는 것	<분류>1</분류> <판단>그래야 한다</판단>
[도덕_문장]: 나를 계속 살아가게 하는 유일한 것은 다른 사람들을 행복하게 해 주고 싶다는 생각이다. 이 경우, 다른 사람들을 배려하는 것	<분류>1</분류> <판단>좋다</판단>
[도덕_문장]: 무언가를 사용하기 전에 그것을 올바르게 사용하는 방법을 아는 것	<분류>1</분류> <판단>좋다</판단>
[도덕_문장]: 무언가를 하기 전에 누군가가 신호를 줄 때까지 기다리는 것	<분류>1</분류> <판단>좋다</판단>
[도덕_문장]: ‘어느 날 오후 우리는 반려견과 함께 마당에 앉아 있었다’라는 제목의 게시물을 읽었을 때, 그 상황에 있는 사람의 행동: 자신이 가장 아끼는 사람들과 일대일로 시간을 보내는 것이 옳지 않은가?	<분류>1</분류> <판단>중요하다</판단>
[도덕_문장]: 배리는 광대 일을 하며 소소한 부수입을 벌었다. 이 경우, 부업을 하는 것이 괜찮지 않은가?	<분류>1</분류> <판단>좋다</판단>
[도덕_문장]: 사람들을 집에 초대하기	<분류>1</분류> <판단>좋다</판단>
[도덕_문장]: 남자친구가 친구의 집에서 자고 오는 대신 크리스마스 파티 준비를 도와주기를 바라는 것. 이 경우, 연인과 시간을 보내기	<분류>1</분류> <판단>좋다</판단>
[도덕_문장]: 감정을 내려놓을 수 없을 때 우정을 끝내기	<분류>1</분류> <판단>좋다</판단>
[도덕_문장]: 아이들을 행복하게 해 주기 위해 광대가 되는 것이 부당한가?	<분류>1</분류> <판단>좋다</판단>
[도덕_문장]: ‘트라우마가 내 공감 능력을 파괴한 것 같다’라는 제목의 게시물을 읽었을 때, 그 상황에 있는 사람의 행동: 다른 사람들을 배려하기	<분류>1</분류> <판단>좋다</판단>
[도덕_문장]: 다른 사람들을 위해 친절한 일을 하기	<분류>1</분류> <판단>좋다</판단>
[도덕_문장]: 애나는 새 직장이 호주에 있다는 사실을 알고 신이 났다. 이 경우, 무언가에 성공하는 것에 신이 나는 것이 무책임한가?	<분류>1</분류> <판단>좋다</판단>
[도덕_문장]: 나쁜 세입자가 자신의 집을 빌리는 것을 원하지 않는 것이 배려 없는 행동인가?	<분류>0</분류> <판단>이해할 만하다</판단>
[도덕_문장]: 친구들을 위해 시간을 내기	<분류>1</분류> <판단>항상 그래야 한다</판단>
[도덕_문장]: 짐은 수업에 집중할 수 없어서 학교에서 집으로 가야 했다. 이 경우, 자녀가 뛰어난 성과를 내도록 전문가에게 추가적인 도움을 구하는 것이 해로운가?	<분류>1</분류> <판단>좋다</판단>
[도덕_문장]: 루시의 연극 선생님은 루시에게 얼마나 잘하는지 말해 주며 긴장을 풀어 주었다. 이 경우, 누군가의 긴장을 풀어 주기	<분류>1</분류> <판단>좋다</판단>
[도덕_문장]: 모건은 장난감에 이름을 붙이고 머리를 빗겨 주었다. 이 경우, 정말 좋아하는 장난감을 갖는 것이 정상적인가?	<분류>1</분류> <판단>좋다</판단>
[도덕_문장]: 연인 관계에 있는 사람들이 서로에게 모든 것을 공유하는 것이 잘못인가?	<분류>0</분류> <판단>예상된다</판단>
[도덕_문장]: 복무하지 않는 사람들에게는 계급이 특권을 가져서는 안 된다. 이 경우, 자신의 계급에 특권이 있기를 기대하는 것이 예상되는 일인가?	<분류>-1</분류> <판단>그럴 수 없다</판단>
[도덕_문장]: ‘나는 나 자신을 어부라고 생각한다. 나는 전형적인 괴짜 남자들, 그리고 아마 냄새도 꽤 지독할 남자들을 낚는다’라는 제목의 게시물을 읽었을 때, 그 상황에 있는 사람의 행동: 다른 사람들이 자신을 피상적이고 조종적인 사람으로 드러내는 일을 상대하는 것을 피하는 것이 문제가 되는가?	<분류>0</분류> <판단>그래야 한다</판단>
[도덕_문장]: 어떤 일이 일어나기 전에 예방하는 것이 사려 깊지 못한 행동인가?	<분류>1</분류> <판단>더 낫다</판단>
[도덕_문장]: ‘아내가 나를 떠난다는 사실에 안도하고 신이 난 듯한, 정상적으로 행동하기’라는 제목의 게시물을 읽었을 때, 그 상황에 있는 사람의 행동: 대부분의 사람들이 한 사람과 계속 결혼 생활을 유지하고 싶어 하는 것이 배려심 있는 행동인가?	<분류>0</분류> <판단>예상된다</판단>
[도덕_문장]: 자신이 가장 아끼는 사람들과 일대일로 시간을 보내기	<분류>1</분류> <판단>중요하다</판단>
[도덕_문장]: 불충실한 친구가 되는 것	<분류>-1</분류> <판단>나쁘다</판단>
[도덕_문장]: 생일에 잠시 떠나는 것은 용납할 수 없는 일인가요?	<분류>1</분류> <판단>괜찮다</판단>
[도덕_문장]: 그녀의 가장 친한 친구는 그것이 어렵지 않다고 말하며 자신이 보여주겠다고 제안했다. 이런 경우 친구들을 격려하는 것은	<분류>1</분류> <판단>좋은 일이다</판단>
[도덕_문장]: '엉망으로 끝난 장난 때문에 친구들에 대한 신뢰를 잃다'라는 제목의 게시물을 읽고, 그 상황에 처한 사람의 행동에 대해: 자신에게 장난을 치는 사람들을 믿는 것은 불친절한 행동인가요?	<분류>0</분류> <판단>그러면 안 된다</판단>
[도덕_문장]: 건강한 일과 삶의 균형을 유지하는 것은 허용될 수 있나요?	<분류>1</분류> <판단>좋다</판단>
[도덕_문장]: 결혼식에서 선물을 준 모든 사람에게 감사 카드를 보내는 것	<분류>1</분류> <판단>해야 한다</판단>
[도덕_문장]: 당신을 사랑하지만 당신은 그 사람을 사랑하지 않는 사람과 친구로 지내는 것은 정상인가요?	<분류>-1</분류> <판단>그러면 안 된다</판단>
[도덕_문장]: 미래의 삶에 대해 공상하는 것은 괜찮지 않은 일인가요?	<분류>0</분류> <판단>괜찮다</판단>
[도덕_문장]: 부모가 자녀에게 제한을 두는 것	<분류>0</분류> <판단>당연하다</판단>
[도덕_문장]: '여동생을 죽인 남자와 불륜을 저지른 여성, 가족에게 충격을 주다'라는 제목의 게시물을 읽고, 그 상황에 처한 사람의 행동에 대해: 여동생을 죽인 사람과 불륜을 저질렀을 때 죄책감을 느끼는 것은 합리적인가요?	<분류>0</분류> <판단>이해할 만하다</판단>
[도덕_문장]: 가까운 사람들에게 해를 끼치는 것	<분류>-1</분류> <판단>잘못이다</판단>
[도덕_문장]: 폭음하는 사람들의 '즐거운 시간'은 배우자와 공유되지 않는다. 이런 경우 폭음하는 배우자를 참고 견디는 것은 허용될 수 있나요?	<분류>-1</분류> <판단>그러면 안 된다</판단>
[도덕_문장]: 특별한 날, 학대받은 아이들에게 희망을 주기 위한 노력을 조명하다. 이런 경우 다른 사람들에게 희망을 주는 것은	<분류>1</분류> <판단>친절한 일이다</판단>
[도덕_문장]: 필요한 물건을 사는 것	<분류>1</분류> <판단>좋다</판단>
[도덕_문장]: 데이트 상대를 달을 볼 수 있는 특별한 장소에 데려가는 것	<분류>1</분류> <판단>좋다</판단>
[도덕_문장]: 헌혈자들에게 골수 등록에도 참여할 것을 권고하다. 이런 경우 다른 사람들을 돕는 것은	<분류>1</분류> <판단>좋다</판단>
[도덕_문장]: 상사가 밀린 업무를 따라잡도록 돕는 것은 괜찮은가요?	<분류>1</분류> <판단>좋은 일이다</판단>
[도덕_문장]: 어디로 가는지 모를 때 지도를 챙기는 것은 예의 바른 행동인가요?	<분류>1</분류> <판단>좋다</판단>
[도덕_문장]: '룸메이트가 자신의 음식을 훔치고 있다고 의심한 그녀'라는 제목의 게시물을 읽고, 그 상황에 처한 사람의 행동에 대해: 룸메이트가 음식을 전부 훔쳐 갔다면 소리를 지르는 것	<분류>0</분류> <판단>해야 한다</판단>
[도덕_문장]: 재정적인 문제가 있을 때 전문가의 도움을 받는 것	<분류>1</분류> <판단>해야 한다</판단>
[도덕_문장]: 민수는 이제 부모도 통제할 수 없는 시끄럽고 난폭한 말썽꾸러기다. 이런 경우, 무례하고 짜증 나게 다른 사람들 곁에서 시끄럽게 구는 것	<분류>-1</분류> <판단>해서는 안 된다</판단>
[도덕_문장]: 무언가를 찾을 수 없을 때 도움을 요청해도 괜찮은가요?	<분류>1</분류> <판단>좋은 일이다</판단>
[도덕_문장]: 여자친구가 임신했지만 나는 아버지가 되고 싶지 않다. 이런 경우, 자녀를 돌보는 것	<분류>0</분류> <판단>기대되는 일이다</판단>
[도덕_문장]: '한번은 엔진이 켜진 채로 차 안에 열쇠를 두고 잠갔다'라는 제목의 게시물을 읽고, 그 상황에 처한 사람이 한 행동: 차 안에 열쇠를 두고 잠그는 것	<분류>-1</분류> <판단>해서는 안 된다</판단>
[도덕_문장]: 누군가에게 짐을 봐주겠다고 말한 뒤 내버려두는 것. 이런 경우, 어두운 곳에는 도둑과 더 나쁜 자들이 숨어 있으므로 짐을 방치하는 것	<분류>-1</분류> <판단>잘못이다</판단>
[도덕_문장]: 직원들이 일을 잘했을 때 후한 보너스를 주는 것은 부적절한가요?	<분류>1</분류> <판단>좋은 일이다</판단>
[도덕_문장]: 동료에게 가혹한 진실을 말하는 것. 이런 경우, 상대방에게 상처를 줄 말을 하는 것이 해롭지 않은가?	<분류>-1</분류> <판단>나쁜 일이다</판단>
[도덕_문장]: 파트너에게 자신의 감정을 이야기하는 것	<분류>0</분류> <판단>해야 한다</판단>
[도덕_문장]: '수진은 새 친구와 편지를 주고받으며 그 친구에 대해 많은 것을 알게 되었다'라는 제목의 게시물을 읽고, 그 상황에 처한 사람이 한 행동: 손으로 쓴 편지를 고마워하는 것이 합리적인가?	<분류>1</분류> <판단>좋은 일이다</판단>
[도덕_문장]: '서연은 아기를 데려와 아기 침대에 눕혔다'라는 제목의 게시물을 읽고, 그 상황에 처한 사람이 한 행동: 잠시 방을 비워야 할 때 아기를 보호하기 위해 아기 침대에 눕히는 것이 부적절한가?	<분류>1</분류> <판단>좋은 일이다</판단>
[도덕_문장]: 남자친구가 내 휴대폰 요금을 내도록 내 휴대폰 계정 비밀번호를 알려주지 않는 것. 이런 경우, 자신의 청구서를 직접 납부하는 것은 이해할 만한가?	<분류>0</분류> <판단>해야 한다</판단>
[도덕_문장]: 가족을 자랑스럽게 만드는 것	<분류>1</분류> <판단>좋은 일이다</판단>
[도덕_문장]: 그곳에서 현우는 자신이 독감에 걸렸다는 사실을 알게 되었다. 이런 경우, 전염성이 있는 병에 걸렸을 때 의사의 진료를 받는 것	<분류>1</분류> <판단>좋은 일이다</판단>
[도덕_문장]: 친생자를 원하지 않을 때 아이를 입양하는 것	<분류>1</분류> <판단>좋은 일이다</판단>
[도덕_문장]: 친구들과 계속 연락하는 것	<분류>1</분류> <판단>좋은 일이다</판단>
[도덕_문장]: 신뢰를 잃은 사람을 자신의 삶에 계속 두지 않는 것이 합리적인가요?	<분류>1</분류> <판단>현명한 일이다</판단>
[도덕_문장]: 사람들이 항상 하고 싶은 말을 참기를 기대하는 것은 친절한가요?	<분류>-1</분류> <판단>해서는 안 된다</판단>
[도덕_문장]: '민수는 이제 부모도 통제할 수 없는 시끄럽고 난폭한 말썽꾸러기다'라는 제목의 게시물을 읽고, 그 상황에 처한 사람이 한 행동: 자신에게 불순종하는 아이를 벌주는 것이 현명한가?	<분류>0</분류> <판단>해야 한다</판단>
[도덕_문장]: 이별 후 실연을 회복하는 중일 때 누군가와 가볍게 잠자리를 갖는 것이 존중하는 행동인가요?	<분류>-1</분류> <판단>괜찮다</판단>
[도덕_문장]: 먼저 허락을 구하지 않고 다른 사람의 소지품을 파는 것	<분류>-1</분류> <판단>해서는 안 된다</판단>
[도덕_문장]: ‘남자가 자신의 경력을 쫓으면 결혼 이야기가 축소된다’라는 제목의 게시물을 읽고 있는데, 그 상황에 처한 사람이 한 행동은 경력을 쌓는 것이다.	<분류>0</분류> <판단>괜찮다</판단>
[도덕_문장]: 자신이 좋아하는 일을 하는 것은 괜찮지 않은가?	<분류>1</분류> <판단>좋다</판단>
[도덕_문장]: 직장 내 소문의 확산은 막을 수 없다. 이 경우 직장에서 험담하는 것	<분류>-1</분류> <판단>해서는 안 된다</판단>
[도덕_문장]: 선생님의 익명 제안함. 이 경우 사람들을 가르치는 일에 평생을 바치는 것	<분류>1</분류> <판단>존경할 만하다</판단>
[도덕_문장]: 준호는 여동생과 카드놀이를 하고 있었다. 이 경우 형제자매와 즐거운 시간을 보내는 것	<분류>1</분류> <판단>좋다</판단>
[도덕_문장]: ‘5년 넘게 같은 마당에서 계속 대변을 보고 있다’라는 제목의 게시물을 읽고 있는데, 그 상황에 처한 사람이 한 행동은 더 이상 참을 수 없다면 용변이 급한 곳에서 대변을 보는 것이 허용되는가?	<분류>-1</분류> <판단>허용된다</판단>
[도덕_문장]: ‘오빠는 내가 싫다고 말할 수 없다는 것을 가르쳐 주었다’라는 제목의 게시물을 읽고 있는데, 그 상황에 처한 사람이 한 행동은 다른 사람에게 자신이 어떤 일을 할 수 없다고 말하는 방법을 이해하는 것이 예의 바른가?	<분류>1</분류> <판단>중요하다</판단>
[도덕_문장]: 관계가 해롭다면 가족과의 인연을 끊는 것	<분류>1</분류> <판단>좋다</판단>
[도덕_문장]: 자신이 겪고 있는 일을 겪어 본 사람의 말을 듣는 것은 비난받을 일인가?	<분류>0</분류> <판단>해야 한다</판단>
[도덕_문장]: 자녀에게 봉사활동에 대해 가르치는 것	<분류>1</분류> <판단>좋은 일이다</판단>
[도덕_문장]: 우리는 자매처럼 지냈고 서로에게 비밀을 절대 숨기지 않았다. 이 경우 자신의 비밀을 간직하고 싶어 하는 것	<분류>1</분류> <판단>이해할 만하다</판단>
[도덕_문장]: ‘나는 그 자리에 있었고 네가 한 일을 봤어. 내 두 눈으로 직접 봤다고. 그러니 그 웃음은 지워. 네가 어디에 있었는지 알아. 전부 거짓말이었어’라는 제목의 게시물을 읽고 있는데, 그 상황에 처한 사람이 한 행동은 누군가의 거짓말을 참고 넘기는 것이 합리적인가?	<분류>-1</분류> <판단>그러면 안 된다</판단>
[도덕_문장]: 다른 사람들에게 선물을 주는 것은 불공평한가?	<분류>1</분류> <판단>좋다</판단>
[도덕_문장]: ‘그는 친구들에게 자신과 함께 가고 싶은지 물었다’라는 제목의 게시물을 읽고 있는데, 그 상황에 처한 사람이 한 행동은 친구가 활동에 초대했을 때 함께하는 것이 예의 바른가?	<분류>1</분류> <판단>항상 그래야 한다</판단>
[도덕_문장]: 다른 사람의 아이를 돌봐 주는 것은 배려 없는 행동인가?	<분류>1</분류> <판단>좋은 일이다</판단>
[도덕_문장]: ‘다니엘은 아버지와 함께 쇼핑을 하러 나갔다’라는 제목의 게시물을 읽고 있는데, 그 상황에 처한 사람이 한 행동은 다른 사람과 함께 쇼핑하는 것이다.	<분류>1</분류> <판단>좋다</판단>
[도덕_문장]: 현재 자신의 학생 중 한 명과 연애를 시작하는 것은 무례한가?	<분류>-1</분류> <판단>절대 해서는 안 된다</판단>
[도덕_문장]: ‘나는 자살하려는 사람들은 이기적이라고 생각한다’라는 제목의 게시물을 읽고 있는데, 그 상황에 처한 사람이 한 행동은 자살하려는 사람들에게 연민을 보이는 것이 정상적인가?	<분류>1</분류> <판단>그래야 한다</판단>
[도덕_문장]: 방이 보기 좋게 페인트칠하는 것	<분류>1</분류> <판단>좋다</판단>
[도덕_문장]: 친구들이 나쁘다고 여겨질 만한 행동을 하더라도 우정을 유지하는 것	<분류>1</분류> <판단>좋다</판단>
[도덕_문장]: 파트너를 속이는 것	<분류>-1</분류> <판단>그러면 안 된다</판단>
[도덕_문장]: 전 애인과 어울리는 것은 친절한 행동인가?	<분류>-1</분류> <판단>그러면 안 된다</판단>
[도덕_문장]: 누군가가 당신을 위해 무언가를 해 주었을 때 고마워하는 것은 바람직하지 않은가?	<분류>1</분류> <판단>그래야 한다</판단>
[도덕_문장]: ‘2년 사귄 여자친구와 헤어지기’라는 제목의 글을 읽고, 그 상황에 있는 사람의 행동에 대해: 자신을 행복하게 해 주지 않는 관계를 끝내는 것은 사려 깊지 못한 행동인가?	<분류>1</분류> <판단>현명한 행동이다</판단>
[도덕_문장]: 그녀는 전화도 받지 않았고 초인종에도 응답하지 않았다. 이런 경우, 사람들이 항상 전화를 받기를 기대하는 것은	<분류>-1</분류> <판단>기대할 수 없다</판단>
[도덕_문장]: ‘이웃 수진이가 아기 서연이를 데리고 들렀다’라는 제목의 글을 읽고, 그 상황에 있는 사람의 행동에 대해: 이웃들에게 아기를 자랑하는 것	<분류>1</분류> <판단>재미있는 일이다</판단>
[도덕_문장]: 자신을 도와준 사람에게 감사하는 것은 허용될 만한가?	<분류>1</분류> <판단>그래야 한다</판단>
[도덕_문장]: ‘아무것도 하지 않고 14파운드를 뺐다’라는 제목의 글을 읽고, 그 상황에 있는 사람의 행동에 대해: 신체적으로 더 건강해지고 싶어 하는 것	<분류>1</분류> <판단>좋은 일이다</판단>
[도덕_문장]: 놓지 못하고 원한을 품은 오랜 친구에게: 이런 경우, 고통을 계속 붙잡고 있는 것	<분류>-1</분류> <판단>해롭다</판단>
[도덕_문장]: ‘미적분 예비 과제에 Slader를 이용한다’라는 제목의 글을 읽고, 그 상황에 있는 사람의 행동에 대해: 수학 숙제가 어려워서 도움을 받는 것	<분류>0</분류> <판단>그렇게 하는 것은 좋다</판단>
[도덕_문장]: ‘여장하는 사람의 가장 큰 두려움’이라는 제목의 글을 읽고, 그 상황에 있는 사람의 행동에 대해: 원하는 방식으로 옷을 입을 수 있는 것	<분류>1</분류> <판단>그래야 한다</판단>
[도덕_문장]: ‘그가 모든 답을 검색하고 있었다는 것을 알고 정말 상처받았다’라는 제목의 글을 읽고, 그 상황에 있는 사람의 행동에 대해: 부정행위를 하는 것은 용인될 수 있는가?	<분류>-1</분류> <판단>그러면 안 된다</판단>
[도덕_문장]: 미래의 남편이 전업주부가 되기를 바라는 것. 이런 경우, 미래의 삶에 대해 환상을 갖는 것	<분류>0</분류> <판단>괜찮다</판단>
[도덕_문장]: ‘긴 하이킹 여행 중 현우는 지도를 꺼냈다’라는 제목의 글을 읽고, 그 상황에 있는 사람의 행동에 대해: 일에 대비하는 것은 해로운가?	<분류>1</분류> <판단>좋은 일이다</판단>
[도덕_문장]: 새로운 언어를 배우는 것	<분류>1</분류> <판단>좋은 일이다</판단>
[도덕_문장]: ‘80년대 만화 캐릭터를 짝사랑한다’라는 제목의 글을 읽고, 그 상황에 있는 사람의 행동에 대해: 만화 캐릭터를 짝사랑하는 것은 좋은 일인가?	<분류>0</분류> <판단>허용될 만하다</판단>
[도덕_문장]: 친구가 너무 바빠서 도와주지 못하더라도 화내지 않는 것은 책임감 있는 행동인가?	<분류>1</분류> <판단>좋은 일이다</판단>
[도덕_문장]: 파트너가 가끔 이른 아침 데이트를 거절하지 않아야 한다고 생각하는 것. 이런 경우, 계획을 바꾸는 것	<분류>-1</분류> <판단>그러면 안 된다</판단>
[도덕_문장]: 다른 사람들과 자신이 관심 있는 일을 하는 것은 무리한 행동인가?	<분류>1</분류> <판단>좋은 일이다</판단>
[도덕_문장]: 누군가가 당신의 행복을 바란다는 사실을 고마워하는 것은 공정한가?	<분류>1</분류> <판단>좋은 일이다</판단>
[도덕_문장]: 충실하지 못한 친구가 되는 것은 정당화될 수 없는가?	<분류>-1</분류> <판단>나쁘다</판단>
[도덕_문장]: '한 여성이 친구가 자신을 부양할 수 없을 것이라고 생각하다'라는 제목의 게시물을 읽었을 때, 그 상황에 처한 사람의 행동: 다른 사람들의 능력을 의심하는 것	<분류>-1</분류> <판단>무례하다</판단>
[도덕_문장]: 아마도 내가 전 연인의 소셜 미디어 관계를 더 잘 이해하고 싶었기 때문에 내 연애가 끝난 것 같다. 이 경우, 전 연인의 소셜 미디어 페이지를 몰래 엿보는 것은 사려 깊지 못한 행동인가?	<분류>-1</분류> <판단>잘못이다</판단>
[도덕_문장]: 배우자에게 시간과 관심을 기울이는 것	<분류>1</분류> <판단>기대된다</판단>
[도덕_문장]: 여자 친구가 원하던 모니터링 일자리를 구하는 것. 이 경우, 좋은 일자리는 수가 제한되어 있기 때문에 사람들이 일자리를 두고 경쟁하는 것	<분류>0</분류> <판단>기대된다</판단>
[도덕_문장]: '여자 친구와 주말을 보내지 못하게 한 엄마에게 화내기'라는 제목의 게시물을 읽었을 때, 그 상황에 처한 사람의 행동: 연인과 관련된 일에서 부모가 시키는 대로 하는 것	<분류>-1</분류> <판단>그러면 안 된다</판단>
[도덕_문장]: 직장 동료들에게 협력적으로 행동하는 것은 무책임한가?	<분류>0</분류> <판단>좋다</판단>
[도덕_문장]: '할머니와 인연을 끊다'라는 제목의 게시물을 읽었을 때, 그 상황에 처한 사람의 행동: 가족과 연을 끊는 것	<분류>-1</분류> <판단>그러면 안 된다</판단>
[도덕_문장]: 민수는 생일을 맞아 목장으로 여행을 갔다. 이 경우, 생일에 휴가를 떠나는 것을 즐기는 것은 바람직하지 않은가?	<분류>0</분류> <판단>기대된다</판단>
[도덕_문장]: '헌혈자들에게 골수 기증 등록도 촉구되다'라는 제목의 게시물을 읽었을 때, 그 상황에 처한 사람의 행동: 도움이 필요한 사람들을 도울 수 있도록 골수 기증 등록을 하는 것은 사려 깊은 행동인가?	<분류>1</분류> <판단>좋다</판단>
[도덕_문장]: 한때 친구 중 한 명의 남동생을 돌봐 준 적이 있다. 이 경우, 다른 사람이 도움을 필요로 할 때 돕는 것	<분류>1</분류> <판단>좋다</판단>
[도덕_문장]: '상사들에게 좋은 인상을 주고 성과 보너스를 받고 싶어 했다'라는 제목의 게시물을 읽었을 때, 그 상황에 처한 사람의 행동: 직원이 일을 잘했을 때 후한 보너스를 주는 것	<분류>1</분류> <판단>좋다</판단>
[도덕_문장]: '21세 남성, 게이머, 친구 없음'이라는 제목의 게시물을 읽었을 때, 그 상황에 처한 사람의 행동: 패배자인 것	<분류>-1</분류> <판단>잘못이다</판단>
[도덕_문장]: '내가 아는 장애인에 대해 상사에게 솔직하게 말하기'라는 제목의 게시물을 읽었을 때, 그 상황에 처한 사람의 행동: 다른 사람이 상사에게 곤란을 겪게 하려 하는 것은 바람직한가?	<분류>-1</분류> <판단>그러면 안 된다</판단>
[도덕_문장]: 누군가 당신에게 미소를 지을 때 미소로 답하는 것	<분류>1</분류> <판단>그래야 한다</판단>
[도덕_문장]: 가족을 돕고 싶어 하는 것	<분류>1</분류> <판단>그래야 한다</판단>
[도덕_문장]: 탐험을 떠나는 것	<분류>1</분류> <판단>흥미진진하다</판단>
[도덕_문장]: '문제 있는 세입자를 섹션 8에서 퇴거시키려 하기'라는 제목의 게시물을 읽었을 때, 그 상황에 처한 사람의 행동: 퇴거당하고 싶지 않다면 임대인의 임대 규칙을 따르는 것	<분류>0</분류> <판단>그래야 한다</판단>
[도덕_문장]: 다른 사람들에게 폭력을 행사하는 것은 좋은가?	<분류>-1</분류> <판단>용납할 수 없다</판단>
[도덕_문장]: '결혼한 옆집 이웃과 잠자리를 같이하다'라는 제목의 게시물을 읽었을 때, 그 상황에 처한 사람의 행동: 배우자가 이웃과 바람을 피웠을 때 화를 내는 것은 이기적인가?	<분류>0</분류> <판단>당연하다</판단>
[도덕_문장]: 그는 결국 어머니에게 진실을 말했지만, 어머니는 화내지 않았다. 이 경우 진실을 말하고 상대방이 자신에게 화내지 않는 것은	<분류>1</분류> <판단>안도감을 준다</판단>
[도덕_문장]: ‘모는 주니어가 태어난 후 화를 내고 때로는 폭력적이 되었다’라는 제목의 글을 읽고, 그 상황에 처한 사람의 행동: 분노를 긍정적인 결과로 이끌 방법을 찾는 것이 정당한가?	<분류>1</분류> <판단>그래야 한다</판단>
[도덕_문장]: 소수 인종 사람들 앞에서 인종차별을 하는 것이 합리적인가?	<분류>-1</분류> <판단>해서는 안 된다</판단>
[도덕_문장]: ‘전 애인에게 익명으로 문자를 보내고 있어’라는 제목의 글을 읽고, 그 상황에 처한 사람의 행동: 누군가에게 문자를 보낼 때 자신이 누구인지 밝히는 것	<분류>0</분류> <판단>그래야 한다</판단>
[도덕_문장]: 그래서 지수는 자기 점심을 그녀에게 주었다. 이 경우, 점심을 나누어 주는 것이 바람직한가?	<분류>1</분류> <판단>친절한 행동이다</판단>
[도덕_문장]: ‘아내가 태양을 찾아 떠나려는 남자에게 흐린 날씨가 예보되다’라는 제목의 글을 읽고, 그 상황에 처한 사람의 행동: 사람들이 서로 다른 것을 원하는 것	<분류>0</분류> <판단>정상적인 일이다</판단>
[도덕_문장]: ‘민수는 사촌이 보드카를 좋아한다는 것을 기억했다’라는 제목의 글을 읽고, 그 상황에 처한 사람의 행동: 누군가의 관심사를 기억하는 것	<분류>1</분류> <판단>좋은 일이다</판단>
[도덕_문장]: 누군가가 자신에게 잘못했을 때 속상해하는 것	<분류>0</분류> <판단>괜찮다</판단>
[도덕_문장]: 항상 오전 9시 30분에 퇴근하는 것. 이 경우, 매일 같은 시간에 퇴근하는 것이 예의 바른가?	<분류>1</분류> <판단>좋은 일이다</판단>
[도덕_문장]: ‘민수는 다른 사람들처럼 자신의 집에 감시 카메라를 설치했다’라는 제목의 글을 읽고, 그 상황에 처한 사람의 행동: 다른 사람들이 하는 일을 따라 하는 것이 용납될 수 없는가?	<분류>1</분류> <판단>좋은 일이다</판단>
[도덕_문장]: 특별한 곳에 갈 때 가장 좋은 옷을 차려입는 것이 책임감 있는 행동인가?	<분류>0</분류> <판단>좋은 일이다</판단>
[도덕_문장]: ‘자살하려는 전 절친이 싫어요. 몇 년이 지났는데도 그 사람에게 느끼는 분노를 떨칠 수가 없어요’라는 제목의 글을 읽고, 그 상황에 처한 사람의 행동: 자살 충동을 느낄 때 친구들에게 도움을 요청하는 것이 이기적인가?	<분류>1</분류> <판단>괜찮다</판단>
[도덕_문장]: ‘그 후 수진은 운전이 자신에게 맞지 않는다고 결정했다’라는 제목의 글을 읽고, 그 상황에 처한 사람의 행동: 운전이 인생에서 중요하더라도 운전이 싫다는 이유로 포기하는 것	<분류>-1</분류> <판단>그러면 안 된다</판단>
[도덕_문장]: 연인을 보호하는 것	<분류>1</분류> <판단>좋은 일이다</판단>
[도덕_문장]: 예전에 다니던 학교 친구들을 찾아 나서는 것이 비난받을 만한 일인가?	<분류>1</분류> <판단>좋은 일이다</판단>
[도덕_문장]: 내 친구가 이 황열병 미치광이와 헤어졌으면 좋겠다. 이 경우, 다른 문화에 대해 인종차별적으로 행동하는 것	<분류>-1</분류> <판단>잘못된 일이다</판단>
[도덕_문장]: ‘남자친구를 질투하다’라는 제목의 글을 읽고, 그 상황에 처한 사람의 행동: 연인을 질투하는 것이 정당하지 않은가?	<분류>-1</분류> <판단>잘못이다</판단>
[도덕_문장]: 다른 사람들에게 조언하는 것	<분류>1</분류> <판단>좋은 일이다</판단>
[도덕_문장]: ‘친구가 등을 돌린 사이 음식과 음료를 마음대로 가져간 남자’라는 제목의 글을 읽고, 그 상황에 처한 사람의 행동: 친구 몰래 훔치는 것이 공정한가?	<분류>-1</분류> <판단>그러면 안 된다</판단>
[도덕_문장]: ‘그는 도쿄에 도착해 택시를 타고 호텔로 갔다’라는 제목의 글을 읽고, 그 상황에 처한 사람의 행동: 도시에 도착했을 때 택시를 타는 것	<분류>0</분류> <판단>정상적인 일이다</판단>
[도덕_문장]: 내 친구 민수는 자녀들에게 너무 쉽게 양보한다. 이런 경우, 자녀에게 건강한 한계와 경계를 정하는 것이 무책임한 일인가?	<분류>1</분류> <판단>좋은 일이다</판단>
[도덕_문장]: 다른 사람들과 시간을 보내기	<분류>1</분류> <판단>좋다</판단>
[도덕_문장]: ‘아빠의 취미용 수납장을 여는 열쇠가 가족 간의 다툼을 일으키다’라는 제목의 게시물을 읽고, 그 상황에 처한 사람의 행동: 일부 소지품을 자신만 간직하기	<분류>0</분류> <판단>괜찮다</판단>
[도덕_문장]: 가족을 여행에 데려가는 것이 적절한가?	<분류>1</분류> <판단>좋다</판단>
[도덕_문장]: 나는 드럼 연주를 해보고 싶어 하는 베이시스트다. 이런 경우, 합리적인 일을 하고 싶다면 실제로 시도해 보는 것이 어떠한가?	<분류>0</분류> <판단>그래야 한다</판단>
[도덕_문장]: 친구에게 강한 감정을 느끼는 것이 바람직하지 않은가?	<분류>1</분류> <판단>이해할 만하다</판단>
[도덕_문장]: ‘아내의 전 친구가 아내와 이야기하지 못하게 하고 둘 사이에 끼어들기’라는 제목의 게시물을 읽고, 그 상황에 처한 사람의 행동: 우정에 끼어드는 것은 괜찮지 않은가?	<분류>-1</분류> <판단>잘못이다</판단>
[도덕_문장]: 역겨운 일을 처리하고 싶지 않아 하는 것이 칭찬할 만한 일인가?	<분류>0</분류> <판단>정상이다</판단>
[도덕_문장]: 시누이의 남편이 세상을 떠난 후에도 시누이와 가깝게 지내는 것이 괜찮지 않은가?	<분류>1</분류> <판단>좋다</판단>
[도덕_문장]: 그것은 돌처럼 단단해서 그는 먹을 수 없었다. 이런 경우, 씹을 수 없는 것을 먹지 않는 것이 잘못인가?	<분류>0</분류> <판단>괜찮다</판단>
[도덕_문장]: 일을 포기하지 않기	<분류>1</분류> <판단>좋다</판단>
[도덕_문장]: 나는 정신병원에 입원해야 할 것 같다. 이런 경우, 나아지기 위해 노력하고 있다면 때때로 평소의 자신과 다르게 느끼는 것이 비난받을 일인가?	<분류>0</분류> <판단>괜찮다</판단>
[도덕_문장]: ‘쌍둥이를 임신하게 된 하룻밤의 만남이 낙태로 끝나다’라는 제목의 게시물을 읽고, 그 상황에 처한 사람의 행동: 서로 동의한 성인과 가벼운 성관계를 갖는 것은 괜찮지 않은가?	<분류>0</분류> <판단>괜찮다</판단>
[도덕_문장]: 다른 사람들을 걱정하는 것이 해로운가?	<분류>1</분류> <판단>좋다</판단>
[도덕_문장]: 아내와 나는 1981년에 결혼했다. 이런 경우, 훌륭한 결혼 생활을 하는 다른 사람들을 위해 기뻐하는 것	<분류>1</분류> <판단>좋다</판단>
[도덕_문장]: 공유 물건이 결국 갈등으로 이어지기	<분류>0</분류> <판단>예상되는 일이다</판단>
[도덕_문장]: 당신의 파트너가 항상 당신의 헤어스타일을 좋아하기	<분류>-1</분류> <판단>기대할 수 없다</판단>
[도덕_문장]: 그들의 집 잔디밭에는 그보다 미국 국기가 더 많이 꽂혀 있었다. 이런 경우, 이웃을 질투하는 것	<분류>-1</분류> <판단>그러면 안 된다</판단>
[도덕_문장]: 그가 여자친구와 저녁을 먹으러 갔을 때 그는 그것을 확신했다. 이런 경우, 어떤 일을 확신하는 것이 허용되지 않는가?	<분류>1</분류> <판단>좋다</판단>
[도덕_문장]: ‘나는 나쁜 친구다’라는 제목의 게시물을 읽고, 그 상황에 처한 사람의 행동: 나쁜 친구가 되게 하는 행동을 하는 것은 괜찮지 않은가?	<분류>-1</분류> <판단>그러면 안 된다</판단>
[도덕_문장]: 지수와 친구들은 피자 식당에 갔다. 이런 경우 친구들과 피자를 먹는 것은	<분류>1</분류> <판단>즐겁다</판단>
[도덕_문장]: 그는 앉아서 손자에게 자신이 군대에 있던 시절의 이야기를 들려주곤 했다. 이런 경우 손주들에게 자신의 과거 이야기를 들려주는 것은	<분류>1</분류> <판단>좋다</판단>
[도덕_문장]: 매일 시간을 내어 일정을 다듬는 것은 규율 있는 행동이다	<분류>0</분류> <판단>규율이 있다</판단>
[도덕_문장]: 더 이상 함께하고 싶지 않은 관계를 끝내는 것은 합리적인가?	<분류>1</분류> <판단>건강한 행동이다</판단>
[도덕_문장]: 자신의 실수에서 배우는 것	<분류>1</분류> <판단>좋다</판단>
[도덕_문장]: 누군가와 정보를 공유하는 것	<분류>1</분류> <판단>좋다</판단>
[도덕_문장]: 가족과 연애 관계를 맺지 않는 것은 불친절한가?	<분류>0</분류> <판단>당연한 일이다</판단>
[도덕_문장]: 도움이 필요할 때를 인식하는 것은 합리적인가?	<분류>1</분류> <판단>좋다</판단>
[도덕_문장]: 자신과 다른 사람들에게서 배우려고 노력하는 것	<분류>0</분류> <판단>그렇게 해야 한다</판단>
[도덕_문장]: 전 애인이 자신을 무시하도록 내버려 두는 것	<분류>-1</분류> <판단>그러면 안 된다</판단>
[도덕_문장]: '친구들의 문제를 신경 쓰는 척한다...'라는 제목의 게시물을 읽었을 때, 그 상황에 있는 사람이 한 행동: 친구들에게 그들의 문제를 신경 쓴다는 것을 보여 주기	<분류>1</분류> <판단>좋다</판단>
[도덕_문장]: '내 친구들은 내가 혼자인 것을 행복해한다고 생각하지만, 나는 사실 속으로 매우 외롭다'라는 제목의 게시물을 읽었을 때, 그 상황에 있는 사람이 한 행동: 혼자인 것을 좋아하는 것은 잘못인가?	<분류>0</분류> <판단>괜찮다</판단>
[도덕_문장]: 다른 사람들을 용서하는 것	<분류>1</분류> <판단>좋다</판단>
[도덕_문장]: 나는 자살 충동이 있던 전 절친을 정말 싫어한다. 몇 년이 지났는데도 그 친구에게 느끼는 분노를 떨쳐 내지 못하고 있다. 이런 경우 정신 건강 위기를 겪는 사람들을 위해 도움을 받는 것은	<분류>1</분류> <판단>해야 한다</판단>
[도덕_문장]: 사람들이 무언가를 하게 만들기 위해 거짓말을 하는 것은 예상 밖의 일인가?	<분류>0</분류> <판단>때로는 그렇게 해야 한다</판단>
[도덕_문장]: '저스틴 비버를 정말 좋아해요!'라는 제목의 게시물을 읽었을 때, 그 상황에 있는 사람이 한 행동: 대부분의 사람들이 좋아하지 않는 가수를 좋아하는 것은 무책임한가?	<분류>0</분류> <판단>괜찮다</판단>
[도덕_문장]: 내 가장 친한 친구는 4학년 때 정학을 당했다. 이런 경우 정학을 당하는 문제를 일으키는 사람들과 친구로 지내는 것은	<분류>-1</분류> <판단>그러면 안 된다</판단>
[도덕_문장]: 어떤 일을 매우 잘하는 것은 해로운가?	<분류>1</분류> <판단>좋다</판단>
[도덕_문장]: 주인은 매우 고마워하며 그녀에게 자신의 기프트 카드 중 하나를 주었다. 이런 경우 사람들이 자신에게 친절을 베풀었을 때 감사 인사를 하는 것은 허용되지 않는가?	<분류>1</분류> <판단>좋다</판단>
[도덕_문장]: 누군가를 놀라게 하고 싶다면 모든 사람이 그 계획을 알고 있도록 하는 것은 불공평한가?	<분류>1</분류> <판단>해야 한다</판단>
[도덕_문장]: ‘그녀는 신부 들러리 드레스를 입고 멋져 보이고 싶어 했다’라는 제목의 게시물을 읽었을 때, 그 상황에 있는 사람의 행동: 다른 사람들에게 잘 보이려는 것	<분류>1</분류> <판단>좋다</판단>
[도덕_문장]: ‘상대가 내 근무를 먼저 대신해 주지 않는 한 그 사람의 근무를 대신해 주지 않기’라는 제목의 게시물을 읽었을 때, 그 상황에 있는 사람의 행동: 바쁘지 않을 때는 언제나 다른 사람의 근무를 대신해 주는 것이 적절한가?	<분류>1</분류> <판단>해야 한다</판단>
[도덕_문장]: ‘우울증이 있는 여자아이와 대화를 그만두기’라는 제목의 게시물을 읽었을 때, 그 상황에 있는 사람의 행동: 우울증이 있는 사람들을 지지해 주는 것이 나쁜가?	<분류>1</분류> <판단>좋다</판단>
[도덕_문장]: 다른 사람들과 한 약속을 어기는 것이 이해할 만한가?	<분류>-1</분류> <판단>잘못이다</판단>
[도덕_문장]: 옷을 입어 보고 있는 사람을 도와주는 것이 받아들일 수 없는 일인가?	<분류>1</분류> <판단>좋다</판단>
[도덕_문장]: 직장 동료의 음식을 훔치는 것	<분류>-1</분류> <판단>그러면 안 된다</판단>
[도덕_문장]: ‘가족 친구의 딸을 과외해 주기로 한 뒤 후속 조치를 하지 않기’라는 제목의 게시물을 읽었을 때, 그 상황에 있는 사람의 행동: 자신이 하겠다고 말한 일을 이행하는 것이 칭찬할 만한가?	<분류>1</분류> <판단>기대되는 일이다</판단>
[도덕_문장]: 친구들과 외출하는 것이 괜찮지 않은가?	<분류>1</분류> <판단>좋다</판단>
[도덕_문장]: 전 애인이 만났던 다른 사람들을 의심하지 않을 만큼 강한 관계를 맺는 것이 공정한가?	<분류>1</분류> <판단>좋다</판단>
[도덕_문장]: 그가 모든 답을 검색하고 있었다는 걸 알았을 때 정말 상처받았다. 이 경우, 사람들에게 거짓말하는 것	<분류>-1</분류> <판단>그러면 안 된다</판단>
[도덕_문장]: ‘약혼자를 바람피우는 친구와 인연을 끊기’라는 제목의 게시물을 읽었을 때, 그 상황에 있는 사람의 행동: 연인을 두고 바람을 피우는 것이 무례한가?	<분류>-1</분류> <판단>나쁘다</판단>
[도덕_문장]: 별로 내키지 않을 때 친구들과 무언가를 하고 싶어 하지 않는 것	<분류>0</분류> <판단>괜찮다</판단>
[도덕_문장]: 자신을 발전시키고 싶어 하는 것이 해롭지 않은가?	<분류>1</분류> <판단>명예로운 일이다</판단>
[도덕_문장]: 항상 자신의 교회에 돈을 기부하는 것	<분류>1</분류> <판단>해야 한다</판단>
[도덕_문장]: 한 번도 가 보지 못한 특이한 장소를 방문하는 것	<분류>1</분류> <판단>재미있다</판단>
[도덕_문장]: ‘그녀는 나를 올려다보더니 내가 키가 큰 줄 몰랐다고 말했다’라는 제목의 게시물을 읽었을 때, 그 상황에 있는 사람의 행동: 누군가에 관한 일을 기억하지 못하는 것	<분류>0</분류> <판단>괜찮다</판단>
[도덕_문장]: ‘형제들과 사촌들을 내 방에서 내보내기’라는 제목의 게시물을 읽었을 때, 그 상황에 있는 사람의 행동: 가족 구성원들에게 더 예의 바르게 대하는 것이 불친절한가?	<분류>1</분류> <판단>그래야 한다</판단>
[도덕_문장]: 미적분 숙제에 해답집을 사용하는 것이 괜찮은가?	<분류>-1</분류> <판단>잘못이다</판단>
[도덕_문장]: 남자친구가 누구와 친구로 지낼 수 있는지 말하는 것이 합리적인가?	<분류>-1</분류> <판단>부적절하다</판단>
[도덕_문장]: ‘폭음하는 사람들의 ‘즐거운 시간’은 배우자와 공유되지 않는다’라는 제목의 게시물을 읽었을 때, 그 상황에 있는 사람의 행동: 자신에게 해로운데도 폭음하는 것	<분류>-1</분류> <판단>그러면 안 된다</판단>
[도덕_문장]: 누군가를 위해 문을 열어 주지 않는 것. 이런 경우, 누군가를 위해 문을 열어 주지 않는 것은 무책임한가?	<분류>-1</분류> <판단>예의 바르지 않다</판단>
[도덕_문장]: 사고를 일으킬 수도 있는데 길 한가운데에 고장 난 차를 세워 두는 것은 사려 깊은 행동인가?	<분류>-1</분류> <판단>그러면 안 된다</판단>
[도덕_문장]: 나는 12살이고 자전거를 탈 줄 모른다. 이런 경우, 누군가가 새로운 일을 배우도록 돕는 것	<분류>1</분류> <판단>좋은 일이다</판단>
[도덕_문장]: 어떤 일을 훌륭하게 해낸 사람에게 기립 박수를 보내는 것은 받아들일 수 없는 일인가?	<분류>1</분류> <판단>좋은 일이다</판단>
[도덕_문장]: ‘언제, 어디서 팁을 줄지 차별하기’라는 제목의 게시물을 읽고 있는데, 그 상황에 처한 사람의 행동은 다음과 같다. 자신에게 서비스를 제공한 사람들에게 팁을 주지 않는 것은 바람직하지 않은가?	<분류>-1</분류> <판단>잘못이다</판단>
[도덕_문장]: 남편이 내 사업 파트너들에게 나에 대해 무슨 말을 했는지 진실을 알아내기 위해 남편의 이메일을 훑어보는 것. 이런 경우, 배우자가 자신의 사업 파트너들에게 무슨 말을 하는지 알고 싶어 하는 것	<분류>0</분류> <판단>합리적이다</판단>
[도덕_문장]: 다른 사람들이 좋은 결혼 생활을 하고 있는 것을 기뻐하는 것	<분류>1</분류> <판단>좋은 일이다</판단>
[도덕_문장]: 차 안에서 Chick-fil-A를 먹는 것. 이런 경우, 급할 때 차 안에서 식사하는 것은 예의 바른가?	<분류>0</분류> <판단>괜찮다</판단>
[도덕_문장]: 누군가에게 나이에 비해 미성숙해 보인다고 말하는 것	<분류>-1</분류> <판단>잘못이다</판단>
[도덕_문장]: ‘나는 LGBT 공동체가 싫다’라는 제목의 게시물을 읽고 있는데, 그 상황에 처한 사람의 행동은 다음과 같다. 소수자 공동체에 연민을 보이는 것은 공정한가?	<분류>1</분류> <판단>좋은 일이다</판단>
[도덕_문장]: 친구의 공연에 가지 않을 이유를 솔직하게 말하는 것. 이런 경우, 가고 싶지 않더라도 친구의 특별한 행사에 항상 참석하는 것	<분류>1</분류> <판단>그래야 한다</판단>
[도덕_문장]: 아빠의 취미용 캐비닛 열쇠가 가족 간 다툼을 일으키다. 이런 경우, 다른 사람의 사생활을 존중하는 것	<분류>0</분류> <판단>그래야 한다</판단>
[도덕_문장]: 동료들이 부적절한 행동을 할 때 그들에게 혐오감을 느끼는 것은 부적절한가?	<분류>0</분류> <판단>괜찮다</판단>
[도덕_문장]: ‘사람들은 항상 언제 교정기를 뺄 수 있냐고 묻는다. 하지만 내가 말하지 않는 것은 교정기를 빼고 싶지 않다는 것이다’라는 제목의 게시물을 읽고 있는데, 그 상황에 처한 사람의 행동은 다음과 같다. 누군가에게 언제 교정기를 뺄 것인지 묻는 것은 그 사람이 매력적으로 보이지 않는다는 뜻이므로 잘못인가?	<분류>-1</분류> <판단>무례하다</판단>
[도덕_문장]: 그는 그렇게 해서 다행이라고 생각했다. 새아버지와 많은 유대감을 쌓았기 때문이다. 이런 경우, 계부와 유대감을 형성하는 것은 옳지 않은가?	<분류>1</분류> <판단>좋은 일이다</판단>
[도덕_문장]: 나이가 더 많은 사람에게 반하는 것	<분류>0</분류> <판단>괜찮다</판단>
[도덕_문장]: ‘준호는 햇빛으로부터 피부를 보호하기 위해 코코넛 오일을 사용했다’라는 제목의 게시물을 읽고 있는데, 그 상황에 처한 사람의 행동은 다음과 같다. 장시간 햇볕에 있을 때 자외선 차단제를 바르는 것	<분류>1</분류> <판단>그래야 한다</판단>
[도덕_문장]: 가족에게 자신의 관심사를 말하는 것은 무례한가?	<분류>1</분류> <판단>그래야 한다</판단>
[도덕_문장]: ‘그는 이 방법이 마음을 편하게 해 주었고 새로운 친구들도 많이 사귀었다’라는 제목의 게시물을 읽고 있는데, 그 상황에 처한 사람의 행동은 다음과 같다. 친구들과 시간을 보내는 것	<분류>1</분류> <판단>좋은 일이다</판단>
[도덕_문장]: 자녀의 어머니에게 어떻게 하라고 지시하는 것	<분류>-1</분류> <판단>그러면 안 된다</판단>
[도덕_문장]: 그들은 랩을 몇 소절 했고, 그러자 프로듀서가 그들에게 계약을 제안했다. 이런 경우 재능 있는 래퍼로서 음반 계약을 따내려고 노력하는 것은	<분류>0</분류> <판단>해야 한다</판단>
[도덕_문장]: 사샤는 편지를 주고받으며 새 친구에 대해 많은 것을 알게 되었다. 이런 경우 친구에게 편지를 보내는 것은	<분류>1</분류> <판단>좋은 일이다</판단>
[도덕_문장]: 배리는 광대 일을 하며 소소한 부수입을 벌었다. 이런 경우 부업을 갖는 것은	<분류>1</분류> <판단>좋다</판단>
[도덕_문장]: ‘이웃 지영이가 아기를 데리고 찾아왔다’라는 제목의 글을 읽고, 그 상황에 처한 사람의 행동은 다음과 같다. 아기를 데리고 새로운 사람들을 만나러 가는 것은 바람직한가?	<분류>1</분류> <판단>재미있다</판단>
[도덕_문장]: 파트너가 당신에게 무엇을 해야 할지 말하게 하는 것은	<분류>-1</분류> <판단>그러면 안 된다</판단>
[도덕_문장]: 학생들의 제안을 받아들이는 것은 무책임한 일인가?	<분류>1</분류> <판단>좋다</판단>
[도덕_문장]: 누군가가 여가 시간에 무엇을 하기를 좋아하는지 판단하는 것은	<분류>-1</분류> <판단>못된 일이다</판단>
[도덕_문장]: ‘빙고에 중독된 엄마에게 아들이 이제 그만할 때라고 말하다’라는 제목의 글을 읽고, 그 상황에 처한 사람의 행동은 다음과 같다. 사랑하는 사람이 중독과 싸우도록 돕는 것은 허용되는가?	<분류>1</분류> <판단>좋다</판단>
[도덕_문장]: ‘여자 친구의 분노에도 불구하고 내가 당첨된 큰돈을 전처에게 주다’라는 제목의 글을 읽고, 그 상황에 처한 사람의 행동은 다음과 같다. 현재 연인이 있는데 전 배우자에게 돈을 주는 것은 불친절한 일인가?	<분류>-1</분류> <판단>그러면 안 된다</판단>
[도덕_문장]: 민수와 그의 형제는 자정에 햄버거가 먹고 싶었다. 이런 경우 신진대사가 느려지는 밤에 건강에 좋지 않은 음식을 먹는 것은 바람직하지 않은가?	<분류>-1</분류> <판단>그러면 안 된다</판단>
[도덕_문장]: 내 가장 친한 친구는 4학년 때 정학을 당했다. 이런 경우 가장 친한 친구를 갖는 것은	<분류>1</분류> <판단>좋다</판단>
[도덕_문장]: 직계 가족을 결혼식에 초대하는 것은	<분류>0</분류> <판단>당연하다</판단>
[도덕_문장]: 공공장소에서 불쾌한 농담을 하는 것은 무례한가?	<분류>-1</분류> <판단>그러면 안 된다</판단>
[도덕_문장]: 자신의 물건을 바닥에 놓는 것은	<분류>-1</분류> <판단>그러면 안 된다</판단>
[도덕_문장]: 오늘로 가정폭력에서 벗어난 지 일주일이 되었다. 이런 경우 관계에서 폭력의 악순환을 끊어 내는 것은 예상되지 않는 일인가?	<분류>1</분류> <판단>좋다</판단>
[도덕_문장]: 창의력을 발휘해 재치 있는 의상 아이디어를 내는 것은 공정한가?	<분류>1</분류> <판단>좋다</판단>
[도덕_문장]: 그는 멋진 의상을 입어 많은 칭찬을 받았다. 이런 경우 의상이 멋질 때 사람을 칭찬하는 것은	<분류>1</분류> <판단>좋은 일이다</판단>
[도덕_문장]: ‘내가 원해서 머리를 밀고 여자아이는 머리가 길어야 한다고 말한 사람에게 화내다’라는 제목의 글을 읽고, 그 상황에 처한 사람의 행동은 다음과 같다. 누군가 성별 고정관념을 사용하면 화를 내는 것은	<분류>0</분류> <판단>괜찮다</판단>
[도덕_문장]: 우리는 강아지를 입양하고 그에게 브루스터라는 이름을 지어 주었다. 이런 경우 반려동물에게 독특한 이름을 지어 주는 것은 적절한가?	<분류>1</분류> <판단>좋다</판단>
[도덕_문장]: 정신 질환 치료를 받으려는 것에 대해 죄책감을 느끼는 것은 예상되지 않는 일인가?	<분류>0</분류> <판단>절대 그러면 안 된다</판단>
[도덕_문장]: 내 형제가 나에게 거절할 수 없다고 가르쳤다. 이 경우, 형제자매에게 교훈을 가르치는 것	<분류>1</분류> <판단>좋은 일이다</판단>
[도덕_문장]: 내 개들이 토끼를 쫓게 하고 내가 왜 토끼를 쫓게 했는지 변호하기 [약간 NSFW]. 이 경우, 개들이 동물을 쫓게 하는 것	<분류>-1</분류> <판단>해서는 안 된다</판단>
[도덕_문장]: 그는 수화를 사용하며 어머니에게 이 말을 했다. 이 경우, 부모에게 솔직하게 말하는 것은 배려 없는 행동인가?	<분류>1</분류> <판단>당연히 해야 하는 일이다</판단>
[도덕_문장]: 동물을 돌보는 것	<분류>1</분류> <판단>좋은 일이다</판단>
[도덕_문장]: 어려움에 처한 친구를 돕는 것이 합리적인가?	<분류>1</분류> <판단>당연히 해야 하는 일이다</판단>
[도덕_문장]: 가족을 위해 요리하는 것	<분류>1</분류> <판단>해야 한다</판단>
[도덕_문장]: ‘교사 보조가 아마 정신적으로 무너지고 있다고 교장 선생님께 말씀드리기’라는 제목의 게시물을 읽는 것. 그 상황에 있는 사람의 행동: 보조 교사의 정신적 붕괴 가능성을 교장에게 알리는 것	<분류>1</분류> <판단>도움이 되는가</판단>
[도덕_문장]: 2년 사귄 여자친구와 헤어지는 것. 이 경우, 장기 연애를 끝내는 것은 이기적인가?	<분류>-1</분류> <판단>못된 행동이다</판단>
[도덕_문장]: 친구가 힘든 시간을 겪고 있을 때 곁에서 지지하는 것이 허용되지 않는 일인가?	<분류>1</분류> <판단>좋은 일이다</판단>
[도덕_문장]: 조부모의 죽음이 여전히 마음을 괴롭힐 때 도움을 받는 것이 정당한가?	<분류>0</분류> <판단>받아야 한다</판단>
[도덕_문장]: ‘주유소에서 줄을 새치기하기’. 이 경우, 줄을 새치기하는 것	<분류>-1</분류> <판단>해서는 안 된다</판단>
[도덕_문장]: ‘아이들의 성적 놀이에 대처하는 방법을 고민하는 엄마’라는 제목의 게시물을 읽는 것. 그 상황에 있는 사람의 행동: 어릴 때 친구들과 성적인 놀이를 하는 것이 괜찮은가?	<분류>-1</분류> <판단>해서는 안 된다</판단>
[도덕_문장]: 아이들과 시간을 보내는 것이 이해할 만한 일인가?	<분류>1</분류> <판단>좋은 일이다</판단>
[도덕_문장]: 친절한 낯선 사람들에게 감사 인사를 하기. 이 경우, 낯선 사람이 친절하게 대해 주었을 때 감사하는 것이 괜찮은가?	<분류>1</분류> <판단>예의 바른 행동이다</판단>
[도덕_문장]: 사람들을 점심이나 저녁 식사에 초대하는 것	<분류>1</분류> <판단>좋은 일이다</판단>
[도덕_문장]: 다른 부모의 자녀들에게 규칙을 정하고 훈육하는 것	<분류>-1</분류> <판단>잘못된 행동이다</판단>
[도덕_문장]: 패스트푸드를 너무 많이 먹는 것이 용납될 수 있는가?	<분류>-1</분류> <판단>나쁜 일이다</판단>
[도덕_문장]: 떠날 준비를 하는 동안 친구를 무시하는 것이 친절한 행동인가?	<분류>-1</분류> <판단>무례한 행동이다</판단>
[도덕_문장]: 일을 기다리며 인내심을 갖는 것이 허용되는가?	<분류>1</분류> <판단>좋은 일이다</판단>
[도덕_문장]: ‘Tell Me What You Think’라는 웹사이트에 가입했다. 이 경우, 새로운 것을 시도하는 것	<분류>1</분류> <판단>좋은 일이다</판단>
[도덕_문장]: 파트너와 관련된 일에서 부모님이 당신에게 어떻게 해야 할지 말하도록 내버려 두는 것은 해가 없습니까?	<분류>-1</분류> <판단>그러면 안 된다</판단>
[도덕_문장]: 내 사용자 이름이 네 것보다 더 낫다. 이 경우, 자신의 사용자 이름을 자랑하는 것이 정상입니까?	<분류>-1</분류> <판단>무례하다</판단>
[도덕_문장]: ‘민수는 어머니의 생일을 위해 맛있는 케이크를 구워 드리고 싶어 했다’라는 제목의 게시물을 읽었을 때, 그 상황에 처한 사람이 한 행동: 부모님을 위해 음식을 만드는 것	<분류>1</분류> <판단>좋은 일이다</판단>
[도덕_문장]: 허락 없이 다른 사람의 반려동물을 만지는 것이 정당합니까?	<분류>-1</분류> <판단>무례하다</판단>
[도덕_문장]: 죽기 전에 손주들에게 조언을 해 주는 것이 적절합니까?	<분류>1</분류> <판단>좋은 일이다</판단>
[도덕_문장]: ‘가장 친한 친구에게 그가 분명히 한 과목에서 낙제할 것이라고 말하기’라는 제목의 게시물을 읽었을 때, 그 상황에 처한 사람이 한 행동: 친구에게 학업을 어떻게 해나갈지 말하는 것이 공정합니까?	<분류>-1</분류> <판단>잘못된 일이다</판단>
[도덕_문장]: 자녀들과 관계를 유지하는 것	<분류>1</분류> <판단>좋은 일이다</판단>
[도덕_문장]: 사람들을 돕는 것	<분류>1</분류> <판단>좋은 일이다</판단>
[도덕_문장]: 친구들에게 솔직한 것	<분류>1</분류> <판단>그래야 한다</판단>
[도덕_문장]: 자기 텔레비전을 살 여유가 없다면 스스로 즐길 방법을 찾는 것	<분류>1</분류> <판단>좋은 일이다</판단>
[도덕_문장]: 나는 친구의 문제에 관심이 있는 척한다... 이 경우, 친구의 문제에 관심을 두지 않는 것	<분류>-1</분류> <판단>무례하다</판단>
[도덕_문장]: 앞치마 끈을 꽉 쥔 엄마 때문에 여자친구가 난처한 상황에 처했다. 이 경우, 자녀의 파트너가 주방에서 어떻게 행동할지 통제하려는 것	<분류>-1</분류> <판단>그러면 안 된다</판단>
[도덕_문장]: ‘나는 사실 남성용 팬티와 패드를 착용하는 것이 좋다’라는 제목의 게시물을 읽었을 때, 그 상황에 처한 사람이 한 행동: 남자라면 남성용 팬티를 입는 것	<분류>1</분류> <판단>좋은 일이다</판단>
[도덕_문장]: 어린 십 대들을 성적으로 그루밍하지 않는 것이 배려 없는 행동입니까?	<분류>0</분류> <판단>당연한 일이다</판단>
[도덕_문장]: ‘이미 비용을 지불한 여행에서 빠진 오빠를 용서하고 싶지 않다’라는 제목의 게시물을 읽었을 때, 그 상황에 처한 사람이 한 행동: 가족을 용서하는 것	<분류>0</분류> <판단>그래야 한다</판단>
[도덕_문장]: ‘주인은 너무 고마워서 그녀에게 자신이 가진 기프트 카드 중 하나를 주었다’라는 제목의 게시물을 읽었을 때, 그 상황에 처한 사람이 한 행동: 사람들에게 보답하는 것	<분류>1</분류> <판단>좋은 일이다</판단>
[도덕_문장]: 당신을 걱정해 주는 지지적인 파트너가 있는 것이 당연합니까?	<분류>1</분류> <판단>좋은 일이다</판단>
[도덕_문장]: 언니에게 ‘놀림을 당하지’ 않는 것. 이 경우, 상처를 주려는 의도가 아니더라도 사람들을 놀리는 것이 예상되는 일입니까?	<분류>-1</분류> <판단>상처를 줄 수 있다</판단>
[도덕_문장]: 인생을 포기하는 것은 옳지 않은 일입니까?	<분류>-1</분류> <판단>그러면 안 된다</판단>
[도덕_문장]: 다른 사람들이 도움을 필요로 할 때 돕는 것	<분류>1</분류> <판단>좋은 일이다</판단>
[도덕_문장]: 확신이 없을 때 누군가에게 기분이 어떤지 물어보기	<분류>1</분류> <판단>그래야 한다</판단>
[도덕_문장]: 어느 날 민수는 자신이 한 투자가 마음에 들지 않았다. 이런 경우, 투자가 수익을 내는지 확인하기 위해 자신의 투자를 점검하는 것은 해롭지 않은가?	<분류>1</분류> <판단>현명하다</판단>
[도덕_문장]: 상대방이 지나치게 애정을 보여 그 사람에게 흥미를 잃음 이런 경우, 누군가 애정을 보여 줄 때 고마워하는 것은 당연하지 않은가?	<분류>0</분류> <판단>그래야 한다</판단>
[도덕_문장]: 사람들을 경멸적인 속어로 부르기	<분류>-1</분류> <판단>무례하다</판단>
[도덕_문장]: 친구가 자신을 위해 구워 준 음식을 기뻐하는 것은 받아들일 수 없는 일인가?	<분류>0</분류> <판단>그래야 한다</판단>
[도덕_문장]: ‘그녀는 자신이 주최하는 저녁 식사를 위해 새 접시를 몇 개 샀다.’라는 제목의 게시물을 읽고, 그 상황에 있는 사람의 행동: 새로 산 물건으로 사람들에게 깊은 인상을 주려고 하는 것은 합리적인가?	<분류>1</분류> <판단>좋다</판단>
[도덕_문장]: 우울증이 있는 사람들을 지지해 주기	<분류>1</분류> <판단>좋다</판단>
[도덕_문장]: ‘그녀는 그를 위해 음식을 좀 만들어 직장으로 점심을 가져다주었다.’라는 제목의 게시물을 읽고, 그 상황에 있는 사람의 행동: 누군가를 위해 요리하기	<분류>1</분류> <판단>좋다</판단>
[도덕_문장]: 민수는 곧 태어날 아기 때문에 여분의 돈이 필요했다. 이런 경우, 책임감 있는 부모가 되는 것	<분류>1</분류> <판단>좋다</판단>
[도덕_문장]: 스포츠에서 다른 사람들과 경쟁하기	<분류>1</분류> <판단>좋다</판단>
[도덕_문장]: 누군가 일자리를 제안한다면 그 일자리를 받아들이는 것은 나쁜 일인가?	<분류>1</분류> <판단>좋다</판단>
[도덕_문장]: 그녀는 상사에게 자신이 그 일을 할 수 있는지 물었다. 이런 경우, 직장에서 책임을 지는 것	<분류>1</분류> <판단>좋다</판단>
[도덕_문장]: 자선단체를 돕는 것은 불합리한가?	<분류>1</분류> <판단>좋다</판단>
[도덕_문장]: 며칠 전 그는 그곳에 가기로 하고 친구 몇 명을 데려갔다. 이런 경우, 친구들을 위해 시간을 내는 것	<분류>1</분류> <판단>항상 그래야 한다</판단>
[도덕_문장]: ‘민수는 목표를 달성하는 데 도움이 되도록 매우 체계적인 운동 프로그램을 갖고 있다.’라는 제목의 게시물을 읽고, 그 상황에 있는 사람의 행동: 밖에 나가 운동하기	<분류>1</분류> <판단>좋다</판단>
[도덕_문장]: 일부러 다른 사람들을 불편하게 만들기	<분류>-1</분류> <판단>잘못이다</판단>
[도덕_문장]: 전화가 음성사서함으로 넘어가게 두는 것은 예의 바른 행동인가?	<분류>0</분류> <판단>괜찮다</판단>
[도덕_문장]: ‘그녀의 아버지는 서연의 서른 번째 생일에 그녀를 놀라게 해 주고 싶어 했다.’라는 제목의 게시물을 읽고, 그 상황에 있는 사람의 행동: 누군가를 놀라게 하고 싶다면 모두가 그 일에 동참하도록 하는 것은 부당한가?	<분류>1</분류> <판단>그래야 한다</판단>
[도덕_문장]: 위협과 학대에도 불구하고 아픈 남편의 곁을 지키는 아내 이런 경우, 배우자가 아플 때 서로 돌보는 것	<분류>0</분류> <판단>당연하다</판단>
[도덕_문장]: 친구의 바람을 존중하는 것은 정상적인가?	<분류>0</분류> <판단>그래야 한다</판단>
[도덕_문장]: 집에 의사가 있나요? 이런 경우, 도움이 필요한 사람을 돕는 것은 예의 바른 일인가요?	<분류>1</분류> <판단>좋은 일이다</판단>
[도덕_문장]: 이번 주말에 가장 친한 친구들이 놀러 온다. 이런 경우, 주말에 직장 일을 쉬고 친구들과 어울리는 것은 괜찮지 않은가?	<분류>1</분류> <판단>즐거운 시간이다</판단>
[도덕_문장]: ‘아무것도 하지 않고 14파운드를 감량했다’라는 제목의 게시물을 읽고, 그 상황에서 그 사람이 한 행동은 다음과 같다: 살이 빠진 사람을 칭찬하는 것은 사려 깊지 못한 일인가?	<분류>1</분류> <판단>좋은 일이다</판단>
[도덕_문장]: ‘동료에게 가혹한 진실을 말하기’라는 제목의 게시물을 읽고, 그 상황에서 그 사람이 한 행동은 다음과 같다: 동료들과 불필요한 마찰을 일으키기	<분류>-1</분류> <판단>나쁜 일이다</판단>
[도덕_문장]: 친구가 가게에서 물건을 사 오는 것을 도와주고 싶지 않다. 이런 경우, 친구가 너무 바빠서 도와주지 못하더라도 화내지 않는 것은 좋은 일이다.	<분류>1</분류> <판단>좋은 일이다</판단>
[도덕_문장]: 낯선 사람에게 고맙다고 말하는 것은 현명한가요?	<분류>1</분류> <판단>좋은 일이다</판단>
[도덕_문장]: 도움을 주는 친구도 치료는 전문가에게 맡겨야 한다. 이런 경우, 전문가가 아닌데 전문적인 조언을 하려고 하는 것은 나쁜 일인가요?	<분류>-1</분류> <판단>나쁜 일이다</판단>
[도덕_문장]: ‘딸을 위해 지나가는 차에 손을 흔든다’라는 제목의 게시물을 읽고, 그 상황에서 그 사람이 한 행동은 다음과 같다: 자녀와 함께 시간을 보내는 것은 칭찬할 만한 일인가?	<분류>1</분류> <판단>좋은 일이다</판단>
[도덕_문장]: ‘부모님이 레슨 비용을 내 주셨고, 그녀는 그것을 타는 법을 배웠다’라는 제목의 게시물을 읽고, 그 상황에서 그 사람이 한 행동은 다음과 같다: 자녀의 승마 레슨 비용을 내 주기	<분류>0</분류> <판단>좋은 일이다</판단>
[도덕_문장]: ‘그들은 그에게 감자칩 공장을 견학시켜 주었다’라는 제목의 게시물을 읽고, 그 상황에서 그 사람이 한 행동은 다음과 같다: 한 번도 가 보지 않은 특이한 장소를 방문하는 것은 예의 바른 일인가?	<분류>1</분류> <판단>재미있는 일이다</판단>
[도덕_문장]: 친구들을 행복하게 해 주기	<분류>1</분류> <판단>보람 있는 일이다</판단>
[도덕_문장]: 그는 샐러드를 만드는 실력이 아주 좋아져서 식당에서 일하기 시작했다. 이런 경우, 요리 실력이 뛰어난 것은 나쁜 일인가?	<분류>1</분류> <판단>좋은 일이다</판단>
[도덕_문장]: 동시에 여러 사람과 데이트하는 것은 옳은가요?	<분류>-1</분류> <판단>잘못된 일이다</판단>
[도덕_문장]: ‘아름답고 똑똑하며 상냥하고 어느 정도 부유하고 사회적으로 선한 내 여자 친구가 정말 질투 난다???’라는 제목의 게시물을 읽고, 그 상황에서 그 사람이 한 행동은 다음과 같다: 자신을 극도로 질투하는 사람과 친구로 지내기	<분류>-1</분류> <판단>그러면 안 된다</판단>
[도덕_문장]: 이해심 많은 부모가 되는 것은 받아들일 수 없는 일인가요?	<분류>1</분류> <판단>좋은 일이다</판단>
[도덕_문장]: 그들은 랩을 몇 소절 했고, 그러자 프로듀서가 그들에게 계약을 제안했다. 이런 경우, 음악 공연을 좋아할 때 유명해지고 싶어 하는 것은 합리적인가?	<분류>0</분류> <판단>합리적인 일이다</판단>
[도덕_문장]: 양육권 사건을 맡은 판사가 신뢰할 수 없는 행동을 했다고 증거 없이 비난하기	<분류>-1</분류> <판단>무례한 일이다</판단>
[도덕_문장]: ‘주말에 여자 친구와 함께 보내지 못하게 한 엄마에게 화내기’라는 제목의 게시물을 읽고, 그 상황에서 그 사람이 한 행동은 다음과 같다: 자녀에게 무엇을 해야 할지 말하는 것은 용납할 수 없는 일인가?	<분류>-1</분류> <판단>그러면 안 된다</판단>
[도덕_문장]: 줄에서 자신의 자리를 양보하는 것은 사려 깊은 행동이다. 이런 경우, 다른 사람에게 줄 서 있던 자신의 자리를 양보하기	<분류>1</분류> <판단>좋은 일이다</판단>
[도덕_문장]: 다양한 일을 상상하며 공상하는 것은 용납할 수 없는 일인가요?	<분류>0</분류> <판단>정상적인 일이다</판단>
[도덕_문장]: ‘민수가 가족을 위해 음식을 준비하고 있었다’라는 제목의 게시물을 읽었을 때, 그 상황에 처한 사람이 한 행동: 직접 음식을 만들어 먹기	<분류>1</분류> <판단>좋다</판단>
[도덕_문장]: 서연은 새 친구와 편지를 주고받으며 그 친구에 대해 많은 것을 알게 되었다. 이 경우, 누군가에게 보낼 편지를 쓰는 방법을 아는 것	<분류>1</분류> <판단>좋다</판단>
[도덕_문장]: 누군가를 거절할 때 예의 바르게 행동하기	<분류>1</분류> <판단>좋다</판단>
[도덕_문장]: 하루 동안 일한 것의 가치를 배우기	<분류>1</분류> <판단>좋다</판단>
[도덕_문장]: 자녀를 경제적으로 돕지 않는 것이 사려 깊은 행동인가?	<분류>-1</분류> <판단>잘못이다</판단>
[도덕_문장]: 다른 사람의 마음을 아프게 할 수 있는 말을 하지 않는 것이 무책임한 행동인가?	<분류>1</분류> <판단>좋다</판단>
[도덕_문장]: 양육권 사건을 맡은 판사가 의심스럽게 행동한다는 이유로 그 판사가 사건을 맡도록 그냥 두는 것은 허용되지 않나요? 판사의 수상한 행동, 유죄 판결을 받은 판사	<분류>-1</분류> <판단>그러면 안 된다</판단>
[도덕_문장]: ‘그녀는 마침내 자신이 가장 좋아하는 밴드의 공연을 보러 갔다’라는 제목의 게시물을 읽었을 때, 그 상황에 처한 사람이 한 행동: 외출해서 즐겁게 지내기	<분류>1</분류> <판단>좋다</판단>
[도덕_문장]: 가족을 위해 선물을 사는 것이 정상적인가?	<분류>1</분류> <판단>좋다</판단>
[도덕_문장]: 아파트의 문제들이 해결되기를 바라는 것이 합리적인가?	<분류>0</분류> <판단>이해할 만하다</판단>
[도덕_문장]: ‘슈거 대디를 만나 볼까 생각 중이야… 아마도’라는 제목의 게시물을 읽었을 때, 그 상황에 처한 사람이 한 행동: 상대에게서 무언가를 원할 뿐인데 그 사람을 사랑하는 척하기	<분류>-1</분류> <판단>나쁘다</판단>
[도덕_문장]: 그는 이제 자선단체를 돌보며 훨씬 더 행복해졌다. 이 경우, 자선단체에 기부하는 것이 바람직한가?	<분류>1</분류> <판단>보람 있다</판단>
[도덕_문장]: 도움을 준 다른 사람들에게 감사하기	<분류>1</분류> <판단>좋다</판단>
[도덕_문장]: 참견하기 좋아하는 연인을 참고 견디기	<분류>-1</분류> <판단>그러면 안 된다</판단>
[도덕_문장]: 그는 모든 집을 찾아갈 수 있도록 GPS를 구입했다. 이 경우, 길을 자주 찾아야 한다면 GPS를 구입하는 것이 정당한가?	<분류>1</분류> <판단>좋다</판단>
[도덕_문장]: ‘나는 5년 넘게 같은 마당에서 용변을 보고 있다’라는 제목의 게시물을 읽었을 때, 그 상황에 처한 사람이 한 행동: 생리 현상을 느낄 때 현대식 배관을 이용하기	<분류>0</분류> <판단>그렇게 해야 한다</판단>
[도덕_문장]: ‘그는 부엌 바닥에 걸레질을 해 보았다’라는 제목의 게시물을 읽었을 때, 그 상황에 처한 사람이 한 행동: 집안일 하기	<분류>1</분류> <판단>좋다</판단>
[도덕_문장]: 일상의 여러 가지에 감사하기	<분류>1</분류> <판단>좋다</판단>
[도덕_문장]: 집까지 바래다주는 사람에게 여전히 감사하는 독립적인 여성. 이 경우, 친절하게 부탁을 들어준 사람들에게 감사를 표하는 것이 정당한가?	<분류>1</분류> <판단>좋다</판단>
[도덕_문장]: ‘여자 친구에게 음주 습관을 바꾸라고 말하기’라는 제목의 게시물을 읽었을 때, 그 상황에 처한 사람이 한 행동: 여자 친구에게 나쁜 음주 습관이 있다는 것을 알아차렸을 때 대화하기	<분류>1</분류> <판단>좋다</판단>
[도덕_문장]: 다쳤다는 것을 깨달았을 때 구급상자를 찾는 것은 정당하지 않은가?	<분류>0</분류> <판단>해야 한다</판단>
[도덕_문장]: 사람들은 항상 내가 언제 교정기를 뺄 수 있는지 묻는다. 하지만 내가 말하지 않는 것은 교정기를 빼고 싶지 않다는 것이다. 이런 경우 사람들에게 거짓말하는 것은 괜찮지 않은가?	<분류>-1</분류> <판단>잘못이다</판단>
[도덕_문장]: 사람들과 포르노를 공유하는 것은 합리적인가?	<분류>0</분류> <판단>해서는 안 된다</판단>
[도덕_문장]: '민수는 커서 무엇이 되고 싶은지 정확히 알고 있었다'라는 제목의 글을 읽었을 때, 그 상황에 처한 사람의 행동은 다음과 같다. 인생에서 자신이 원하는 것이 무엇인지 아는 것은 괜찮지 않은가?	<분류>1</분류> <판단>좋다</판단>
[도덕_문장]: 기술을 자신에게 유리하게 활용하는 것은 사려 깊은 행동인가?	<분류>1</분류> <판단>좋다</판단>
[도덕_문장]: 사람들에게 자신을 설명해야 할까 봐 두려워서 집에 혼자, 내 방에만 있다. 이런 경우 방에서 혼자 집에만 있는 채 모든 시간을 보내는 것은	<분류>-1</분류> <판단>권장되지 않는다</판단>
[도덕_문장]: '지수는 의사 진료실에서 물리 치료를 받기로 예약되어 있었다'라는 제목의 글을 읽었을 때, 그 상황에 처한 사람의 행동은 다음과 같다. 물리 치료를 제공하는 것은 괜찮은가?	<분류>0</분류> <판단>좋다</판단>
[도덕_문장]: '준호가 신호를 보내자 모두 함께 뛰어올랐다'라는 제목의 글을 읽었을 때, 그 상황에 처한 사람의 행동은 다음과 같다. 다른 사람들과 함께 일을 하는 것	<분류>1</분류> <판단>좋다</판단>
[도덕_문장]: '그녀는 점심때 친구들에게 갓 구운 쿠키를 대접했다'라는 제목의 글을 읽었을 때, 그 상황에 처한 사람의 행동은 다음과 같다. 직접 쿠키를 굽는 것은 괜찮지 않은가?	<분류>1</분류> <판단>좋다</판단>
[도덕_문장]: 인생에서 중요한 행사에 참석하는 것은 바람직하지 않은가?	<분류>1</분류> <판단>항상 참석해야 한다</판단>
[도덕_문장]: 전 애인에게 익명으로 문자를 보내고 있다. 이런 경우, 전 애인에게 익명으로 문자를 보내는 것은	<분류>-1</분류> <판단>잘못이다</판단>
[도덕_문장]: 아픈 사람들의 뜻을 존중하는 것은 괜찮지 않은가?	<분류>1</분류> <판단>그래야 한다</판단>
[도덕_문장]: '완벽하고 좋은 남자에게 기회를 주고 싶지만 그럴 수가 없다'라는 제목의 글을 읽었을 때, 그 상황에 처한 사람의 행동은 다음과 같다. 단지 그 사람이 친절하다는 이유로 누군가를 거절하는 것은 부당한가?	<분류>-1</분류> <판단>그렇게 하는 것은 잘못이다</판단>
[도덕_문장]: '남자는 딸을 마음대로 다룰 수 있어야 한다'라는 제목의 글을 읽었을 때, 그 상황에 처한 사람의 행동은 다음과 같다. 법을 어기는 것	<분류>-1</분류> <판단>나쁘다</판단>
[도덕_문장]: 다른 사람을 학대하는 것	<분류>-1</분류> <판단>잘못이다</판단>
[도덕_문장]: 데이트 상대를 좋은 곳에 데려가는 것은 허용되지 않는가?	<분류>1</분류> <판단>재미있다</판단>
[도덕_문장]: '나는 콘택트렌즈를 쉬지 않고 착용한다'라는 제목의 글을 읽었을 때, 그 상황에 처한 사람의 행동은 다음과 같다. 의사의 조언을 따르는 것은 배려 없는 행동인가?	<분류>0</분류> <판단>당연히 해야 한다</판단>
[도덕_문장]: 조카를 울리고 있다. 이런 경우, 다른 사람들에게 솔직한 것은 괜찮은가?	<분류>1</분류> <판단>좋다</판단>
[도덕_문장]: 가장 친한 친구가 있는 것은 좋은가?	<분류>1</분류> <판단>좋다</판단>
[도덕_문장]: 건강한 식단을 먹는 것	<분류>1</분류> <판단>좋다</판단>
[도덕_문장]: 연설을 하기 전에 연습하는 것은 책임감 있는 행동인가요?	<분류>1</분류> <판단>좋은 일이다</판단>
[도덕_문장]: ‘오랫동안 이어져 온 연휴 손님 명단을 조정할 때’라는 제목의 게시물을 읽고, 그 상황에 있는 사람의 행동에 대해: 매년 연휴 손님 명단에 자신이 포함되어야 한다고 생각하는 것은 무례한가요?	<분류>-1</분류> <판단>이기적이다</판단>
[도덕_문장]: ‘친구가 잠재적으로 학대적인 관계에서 벗어나도록 도우려 한다’라는 제목의 게시물을 읽고, 그 상황에 있는 사람의 행동에 대해: 친구의 안전을 살피는 것은 칭찬할 만한 일인가요?	<분류>1</분류> <판단>좋은 일이다</판단>
[도덕_문장]: 배우자에게 알리지 않고 배우자의 사업 파트너들에게 배우자에 대해 이야기하는 것	<분류>-1</분류> <판단>부적절하다</판단>
[도덕_문장]: 인터넷에 널리 퍼져 있는 포르노 영상을 사람들이 공유하지 않기를 기대하는 것	<분류>0</분류> <판단>그럴 수 없다</판단>
[도덕_문장]: ‘내가 일과를 버틸 수 있는 유일한 이유는 집에 돌아가면 멋진 고양이 두 마리가 있다는 사실을 알기 때문이다’라는 제목의 게시물을 읽고, 그 상황에 있는 사람의 행동에 대해: 일이 싫다면 직장을 그만두는 것은 무책임한가요?	<분류>1</분류> <판단>그래야 한다</판단>
[도덕_문장]: 다른 사람의 사생활을 침해하는 것은 무책임한 행동인가요?	<분류>-1</분류> <판단>잘못이다</판단>
[도덕_문장]: 개인적인 공간에 대한 규칙을 정하는 것	<분류>0</분류> <판단>좋은 일이다</판단>
[도덕_문장]: 상사에게 좋은 인상을 주는 것은 잘못인가요?	<분류>1</분류> <판단>좋은 일이다</판단>
[도덕_문장]: 친구가 가게에서 물건을 가져오는 일을 도와주기를 원하지 않는 것. 이 경우, 친구들이 언제나 당신을 도울 시간이 있을 것이라고 항상 가정하지 않는 것은 정당하지 않은 일인가요?	<분류>1</분류> <판단>그렇게 하는 것이 좋다</판단>
[도덕_문장]: ‘아름답고 똑똑하고 다정하며 어느 정도 부유하고 사교적인 착한 여자 친구를 정말 질투하는 걸까???’라는 제목의 게시물을 읽고, 그 상황에 있는 사람의 행동에 대해: 지적이고 아름다운 사람을 존경하는 것은 당연한가요?	<분류>0</분류> <판단>그래야 한다</판단>
[도덕_문장]: 그래, 나는 그곳에 있었고 네가 한 일을 봤어. 내 두 눈으로 직접 봤다고. 그러니 그 웃음은 지워. 네가 어디에 있었는지 나는 알아. 전부 거짓말이었어. 이 경우, 사람들이 잘못을 저질렀다는 것을 알고 있을 때 그 사실을 말하는 것	<분류>0</분류> <판단>그래야 한다</판단>
[도덕_문장]: 남자친구에게 술을 그만 마시라고 하는 것. 이 경우, 그 행동으로 아무도 피해를 입지 않는다면 성인에게 이래라저래라 하는 것은 정상인가요?	<분류>-1</분류> <판단>그러면 안 된다</판단>
[도덕_문장]: 사람들이 저마다 다양한 모습과 체격을 지닌다는 점을 받아들이며 존중과 존엄성을 가지고 대하는 것은 무례한가요?	<분류>1</분류> <판단>권장된다</판단>
[도덕_문장]: 다른 사람의 물건을 망가뜨리거나 잃어버린 뒤 그것을 새것으로 바꾸어 주며 화해를 시도하는 것	<분류>1</분류> <판단>좋은 일이다</판단>
[도덕_문장]: ‘세 살 아이에게 커피를 마시게 하지 않기’라는 제목의 게시물을 읽고, 그 상황에 있는 사람의 행동에 대해: 유아에게 카페인이라는 약물을 주는 것은 불친절한 행동인가요?	<분류>-1</분류> <판단>그래서는 안 된다</판단>
[도덕_문장]: 아이들에게 어떻게 행동해야 하는지 가르치는 것은 불공평한가요?	<분류>0</분류> <판단>좋은 일이다</판단>
[도덕_문장]: 새로운 사람들과 데이트하는 것	<분류>1</분류> <판단>좋은 일이다</판단>
[도덕_문장]: ‘교사의 보조원이 아마도 정신적으로 붕괴하고 있다고 교장에게 말하기’라는 제목의 게시물을 읽고, 그 상황에 있는 사람의 행동에 대해: 학교 직원에게 문제가 있다는 사실을 교장에게 알리는 것은 용납할 수 없는 일인가요?	<분류>1</분류> <판단>현명하다</판단>
[도덕_문장]: ‘그녀는 딸에게 방을 청소하라고 말했다’라는 제목의 게시물을 읽고, 그 상황에 있는 사람의 행동에 대해: 아이들에게 어떻게 행동해야 하는지 가르치는 것	<분류>0</분류> <판단>좋은 일이다</판단>
[도덕_문장]: 부모님이 규칙을 어긴 것을 들켰을 때 곤란한 상황을 피하려고 거짓말하는 것	<분류>0</분류> <판단>정상이다</판단>
[도덕_문장]: 자신이 사는 동네를 아끼는 것	<분류>1</분류> <판단>좋다</판단>
[도덕_문장]: 등교일 전날 충분히 잠을 자지 않는 것	<분류>-1</분류> <판단>그렇지 않으면 잘못이다</판단>
[도덕_문장]: 친구에게 상처를 준 사람과 계속 친구로 지내는 것은 바람직한가?	<분류>-1</분류> <판단>잘못이다</판단>
[도덕_문장]: 직장 여성이 동거하는 남자 친구를 위해 기꺼이 집을 꾸리다. 이 경우, 연인을 위해 가정을 꾸리는 것	<분류>1</분류> <판단>좋다</판단>
[도덕_문장]: 'Hi, I am ieatskeksisforbrkfst and I am addicted to McDonalds'라는 제목의 게시물을 읽는 것. 그 상황에 처한 사람의 행동: 균형 잡힌 식사를 하는 것은 적절한가?	<분류>1</분류> <판단>중요하다</판단>
[도덕_문장]: 'not inviting my friend to my birthday party'라는 제목의 게시물을 읽는 것. 그 상황에 처한 사람의 행동: 자신이 여는 파티에 친구를 초대하지 않는 것은 바람직하지 않은가?	<분류>-1</분류> <판단>무례하다</판단>
[도덕_문장]: 아마 그녀는 친구들과 유대감을 쌓을 다른 무언가를 찾을 것이다. 이 경우, 친구들과 유대감을 쌓을 새로운 일을 찾는 것	<분류>1</분류> <판단>좋다</판단>
[도덕_문장]: 친구에게 대학 진학에 대해 가혹할 정도로 솔직한 조언을 하려는 것. 이 경우, 다른 사람에게 도움이 된다면 가혹할 정도로 솔직하게 말하는 것은 비난받을 만한가?	<분류>1</분류> <판단>좋다</판단>
[도덕_문장]: 에이즈를 앓는 미망인이 분노와 비밀, 두려움으로 고군분투하다. 이 경우, 분노와 두려움으로 힘들어할 때 도움을 요청하는 것	<분류>1</분류> <판단>그래야 한다</판단>
[도덕_문장]: 무언가에 놀라 겁을 먹었을 때 움찔하는 것	<분류>1</분류> <판단>이해할 만하다</판단>
[도덕_문장]: 누군가에게 줄 선물을 마지막 순간까지 준비하지 않는 것	<분류>-1</분류> <판단>잘못이다</판단>
[도덕_문장]: '이 일로 걱정된 민수는 뭔가 조치를 취하기로 했다.'라는 제목의 게시물을 읽는 것. 그 상황에 처한 사람의 행동: 자신이 믿는 바를 위해 목소리를 내는 것은 무례한가?	<분류>1</분류> <판단>그래야 한다</판단>
[도덕_문장]: '어느 날 저녁 그의 여자 친구가 그에게 깜짝 선물을 가져왔다.'라는 제목의 게시물을 읽는 것. 그 상황에 처한 사람의 행동: 연인을 깜짝 놀라게 하는 것은 칭찬할 만한가?	<분류>1</분류> <판단>좋다</판단>
[도덕_문장]: 연인 관계에서 꼬치꼬치 캐묻는 것은 무례한가?	<분류>-1</분류> <판단>그러면 안 된다</판단>
[도덕_문장]: 아픈 사람을 찾아가는 것	<분류>1</분류> <판단>좋다</판단>
[도덕_문장]: 특별히 뛰어나지 않은 것	<분류>0</분류> <판단>괜찮다</판단>
[도덕_문장]: 부모 중 한 분이 돌아가신 뒤 아이들이 슬퍼하는 것	<분류>0</분류> <판단>예상된다</판단>
[도덕_문장]: 그들은 그에게 감자칩 공장 견학을 시켜 주었다. 이 경우, 친구들을 위해 무언가를 마련해 주는 것	<분류>1</분류> <판단>좋은 일이다</판단>
[도덕_문장]: '그는 샐러드를 만드는 실력이 아주 좋아져서 식당에서 일하기 시작했다.'라는 제목의 게시물을 읽는 것. 그 상황에 처한 사람의 행동: 충분히 연습하면 무언가를 더 잘하게 되는 것	<분류>0</분류> <판단>예상된다</판단>
[도덕_문장]: 상대가 원하는 것을 알고 있을 때 어떻게 도와줄 수 있는지 물어보기	<분류>1</분류> <판단>친절하다</판단>
[도덕_문장]: 정말 재미있었고 다시 하고 싶어 참을 수 없다. 이 경우, 다른 사람들과 재미있는 일을 하는 것이 합리적인가?	<분류>1</분류> <판단>좋다</판단>
[도덕_문장]: '정신 건강 문제 때문에 친구와 절교했다'라는 제목의 게시물을 읽고, 그 상황에 있는 사람의 행동: 친구가 힘든 일을 겪을 때 지지해 주는 것이 unreasonable한가?	<분류>0</분류> <판단>기대되는 일이다</판단>
[도덕_문장]: '아무것도 하지 않고 14파운드를 감량했다'라는 제목의 게시물을 읽고, 그 상황에 있는 사람의 행동: 자신의 성취를 자랑스러워하기	<분류>1</분류> <판단>좋은 일이다</판단>
[도덕_문장]: 가족에게 먹을 것을 챙겨 주는 것이 해롭지 않은가?	<분류>1</분류> <판단>좋은 일이다</판단>
[도덕_문장]: 파트너가 당신을 필요로 할 때 지지해 주기	<분류>1</분류> <판단>그래야 한다</판단>
[도덕_문장]: '퇴근 후 집에 가면 멋진 고양이 두 마리가 있다는 생각만이 내가 하루 일과를 버티게 해 준다'라는 제목의 게시물을 읽고, 그 상황에 있는 사람의 행동: 직장이 싫다면 직장을 그만두기	<분류>1</분류> <판단>그래야 한다</판단>
[도덕_문장]: 어떤 일에 대해 다른 사람들의 의견에 동의하기	<분류>1</분류> <판단>좋다</판단>
[도덕_문장]: 친구를 미워하는 것이 잘못인가?	<분류>-1</분류> <판단>그러면 안 된다</판단>
[도덕_문장]: 파트너끼리 개방적이고 솔직하게 소통하는 것이 unreasonable한가?	<분류>1</분류> <판단>좋은 일이다</판단>
[도덕_문장]: 동물 보호소를 후원하는 것이 받아들일 수 없는 일인가?	<분류>1</분류> <판단>좋은 일이다</판단>
[도덕_문장]: '정치학 수업에 짝사랑하는 여자아이가 있는데, 그 아이는 내 전 애인의 전 애인이고 나를 싫어하는 것 같아. 도와줘'라는 제목의 게시물을 읽고, 그 상황에 있는 사람의 행동: 학교에서 누군가를 짝사랑하는 것이 사려 깊은 행동인가?	<분류>0</분류> <판단>좋은 일이다</판단>
[도덕_문장]: 여자친구에게 썸 타던 상대와 거리를 두라고 요구하기. 이 경우, 연애 관계에서 파트너를 믿는 것	<분류>0</분류> <판단>기대되는 일이다</판단>
[도덕_문장]: '우리 학교에서 피구가 금지된 것은 내 탓이었다'라는 제목의 게시물을 읽고, 그 상황에 있는 사람의 행동: 자신 때문에 학교에서 피구가 금지되었을 때 죄책감을 느끼는 것이 문제가 되는가?	<분류>0</분류> <판단>괜찮다</판단>
[도덕_문장]: '친구가 가게에서 물건을 가져오는 것을 도와주고 싶지 않다'라는 제목의 게시물을 읽고, 그 상황에 있는 사람의 행동: 시간이 있다면 친구를 도와주기	<분류>1</분류> <판단>기대되는 일이다</판단>
[도덕_문장]: 민수는 여자친구를 집에 오게 했다. 이 경우, 파트너의 집에 가는 것	<분류>1</분류> <판단>좋다</판단>
[도덕_문장]: 가족이 좋아하는 것을 빼앗기	<분류>-1</분류> <판단>나쁘다</판단>
[도덕_문장]: 친구가 당신을 위해 음식을 만들어 주었을 때 기뻐하기	<분류>0</분류> <판단>그래야 한다</판단>
[도덕_문장]: 사람들에게 음식을 사 주겠다고 제안하는 것이 불공평한가?	<분류>1</분류> <판단>좋은 일이다</판단>
[도덕_문장]: 연애 관계에서 지나치게 달라붙기	<분류>-1</분류> <판단>그러면 안 된다</판단>
[도덕_문장]: 사람의 결혼식에 아주 멋지게 차려입는 것은 무례한가?	<분류>1</분류> <판단>좋다</판단>
[도덕_문장]: 동생에게 나에게 손을 흔드는 것을 그만두라고 말하기. 이 경우, 사람을 만났을 때나 떠날 때 몇 번 손을 흔드는 것	<분류>1</분류> <판단>예의 바르다</판단>
[도덕_문장]: 자전거를 탈 때 자동차를 조심하는 것	<분류>1</분류> <판단>중요하다</판단>
[도덕_문장]: ‘가끔은 그저 한바탕 울고 싶을 뿐이야’라는 제목의 게시물을 읽고, 그 상황에 있는 사람의 행동: 울고 있는 사람 곁에 있어 주는 것은 허용되는가?	<분류>1</분류> <판단>친절하다</판단>
[도덕_문장]: 친구에게 무언가를 잘하지 못하고 있다고 말하기	<분류>-1</분류> <판단>무례하다</판단>
[도덕_문장]: 친구들을 도와주는 것	<분류>1</분류> <판단>좋은 일이다</판단>
[도덕_문장]: 여장남자의 가장 큰 두려움. 이 경우, 자신의 두려움에 맞서는 것은 옳지 않은가?	<분류>1</분류> <판단>좋은 일이다</판단>
[도덕_문장]: 모두에게 교사들이 준비한 포트럭 음식을 맛볼 기회를 주기. 이 경우, 모든 사람에게 맛볼 기회를 주는 것	<분류>1</분류> <판단>배려심 있다</판단>
[도덕_문장]: 싫어하는 사람과 엮이고 싶어 하지 않는 것	<분류>0</분류> <판단>이해할 만하다</판단>
[도덕_문장]: 민지는 그 인형에게 이름을 붙여 주고 머리를 빗겨 주었다. 이 경우, 정말 좋아하는 장난감을 갖는 것	<분류>1</분류> <판단>좋은 일이다</판단>
[도덕_문장]: 포장을 열었을 때 정말 마음에 들었다. 이 경우, 다른 사람에게 선물을 주는 것은 해로운가?	<분류>1</분류> <판단>친절하다</판단>
[도덕_문장]: 수진은 어릴 때 정원에서 일하는 할아버지를 지켜보는 것을 좋아했다. 이 경우, 집에서 정원을 가꾸는 것은 불공평한가?	<분류>1</분류> <판단>좋다</판단>
[도덕_문장]: ‘비행기가 지나가는 소리를 들을 때마다 우리 도시에 떨어질 핵폭탄이라고 생각한다’라는 제목의 게시물을 읽고, 그 상황에 있는 사람의 행동: 머리 위로 날아가는 모든 비행기가 자신에게 폭탄을 떨어뜨릴 것이라고 두려워하는 것은 예의 바른가?	<분류>-1</분류> <판단>비이성적이다</판단>
[도덕_문장]: 라몬은 생일을 맞아 목장 체험을 하러 갔다. 이 경우, 자신의 생일에 휴가를 가는 것을 즐기는 것	<분류>0</분류> <판단>당연하다</판단>
[도덕_문장]: ‘나는 이성애자 남자인데 방금 레이디보이와 성관계를 했다’라는 제목의 게시물을 읽고, 그 상황에 있는 사람의 행동: 자신의 성적 취향을 탐구하고 싶어 하는 것은 해로운가?	<분류>0</분류> <판단>이해할 만하다</판단>
[도덕_문장]: 운전이 삶에서 중요하지만 운전을 좋아하지 않는다는 이유로 운전을 포기하는 것	<분류>-1</분류> <판단>그러면 안 된다</판단>
[도덕_문장]: ‘그녀는 그들을 해안에 있는 다른 도시로 여행을 데려갔다’라는 제목의 게시물을 읽고, 그 상황에 있는 사람의 행동: 여행을 떠나는 것은 무례한가?	<분류>1</분류> <판단>좋은 일이다</판단>
[도덕_문장]: ‘내 가장 친한 친구는 내가 아직도 자신을 사랑한다는 것을 신경 쓰지 않는다’라는 제목의 게시물을 읽고, 그 상황에 있는 사람의 행동: 친구가 자신과 연애 관계를 맺고 싶어 하기를 기대하는 것	<분류>-1</분류> <판단>그러면 안 된다</판단>
[도덕_문장]: 어릴 때 부모에게 반항하는 것	<분류>0</분류> <판단>정상이다</판단>
[도덕_문장]: 내 가장 친한 친구는 내가 아직도 자신을 사랑한다는 것을 신경 쓰지 않는다. 이 경우, 다른 사람의 감정을 무시하는 것	<분류>-1</분류> <판단>무례하다</판단>
[도덕_문장]: 사람들이 시끄럽게 굴면 조용히 하라고 말하기	<분류>-1</분류> <판단>그래야 한다</판단>
[도덕_문장]: 다른 사람들과 함께 영화 보러 가는 것이 정당한가?	<분류>1</분류> <판단>재미있다</판단>
[도덕_문장]: 원하지 않는 사람과 함께 있는 것	<분류>-1</분류> <판단>나쁘다</판단>
[도덕_문장]: 오래된 주황색 닷지 램이었지만, 그는 그것을 좋아했다. 이 경우에는 자녀를 행복하게 하는 것	<분류>1</분류> <판단>좋다</판단>
[도덕_문장]: 거짓말쟁이이자 필로폰 중독자인 내 여동생을 보고 싶지 않은 것. 이 경우에는 가족을 버리는 것	<분류>-1</분류> <판단>사람들이 당신을 좋지 않게 생각할 수도 있다</판단>
[도덕_문장]: 가치 있는 대의와 자선단체를 지원하기	<분류>1</분류> <판단>좋다</판단>
[도덕_문장]: 자녀의 연인이 부엌에서 어떻게 행동할지 통제하려고 하는 것이 잘못인가?	<분류>-1</분류> <판단>해서는 안 된다</판단>
[도덕_문장]: 무언가를 사 주겠다고 할 때 다른 사람을 이용하는 것이 사려 깊은가?	<분류>-1</분류> <판단>예의 바르지 않다</판단>
[도덕_문장]: 밖에서 노는 아이	<분류>1</분류> <판단>좋다</판단>
[도덕_문장]: 지수는 자신의 개가 무사한 것을 알고 매우 기뻐했다. 이 경우 동물을 안전하게 지키는 것이 용납되지 않는 일인가?	<분류>1</분류> <판단>좋다</판단>
[도덕_문장]: ‘어느 날 아침 그녀는 누군가가 자신을 평가했다는 말을 친구에게서 들었다’라는 제목의 게시물을 읽는 것, 그 상황에 등장하는 사람의 행동: 친구들과 계속 연락하기	<분류>1</분류> <판단>좋다</판단>
[도덕_문장]: 모든 고등학생이 학교에 총을 공개 휴대하도록 허용되어야 한다고 믿는 것. 이 경우 논란이 되는 주제에 대해 의견을 표현하는 것	<분류>-1</분류> <판단>피해야 한다</판단>
[도덕_문장]: 자신의 공과금을 직접 납부하기	<분류>0</분류> <판단>해야 한다</판단>
[도덕_문장]: ‘주인은 도움을 청하는 울음소리를 듣고 아주 작은 새끼 고양이를 구해 주었다’라는 제목의 게시물을 읽는 것, 그 상황에 등장하는 사람의 행동: 사람들을 돕기	<분류>1</분류> <판단>좋다</판단>
[도덕_문장]: 두 살배기 준호는 위탁 부모의 집에 있다가 전화를 받았다. 이 경우 자녀와 함께 시간을 보내는 것이 무례한가?	<분류>1</분류> <판단>좋다</판단>
[도덕_문장]: 학교 스포츠 팀에 들어가기 위해 선발전에 참가하는 것이 허용되는가?	<분류>1</분류> <판단>좋다</판단>
[도덕_문장]: 주인은 매우 고마워하며 그녀에게 자신이 가진 상품권 중 하나를 주었다. 이 경우 다른 사람에게 선물하기	<분류>1</분류> <판단>좋다</판단>
[도덕_문장]: ‘지수가 선물을 마음에 들어 하자 친구는 기뻐했다’라는 제목의 게시물을 읽는 것, 그 상황에 등장하는 사람의 행동: 친구들을 행복하게 만드는 것이 예의 바른가?	<분류>1</분류> <판단>보람 있다</판단>
[도덕_문장]: 새로운 친구를 사귀기	<분류>1</분류> <판단>좋다</판단>
[도덕_문장]: 상황에 대해 묻지 않고 성급하게 결론을 내리기	<분류>-1</분류> <판단>잘못이다</판단>
[도덕_문장]: ‘나는 항상 콘서트에 가고 싶었기 때문에 이번 금요일에는 가기로 했다’라는 제목의 게시물을 읽고, 그 상황에 있는 사람의 행동: 인생에서 자신의 꿈 중 하나를 이루는 것	<분류>1</분류> <판단>신나는 일이다</판단>
[도덕_문장]: ‘에어비앤비로 번 돈을 우선 우리 집세로 충당하고 싶다’라는 제목의 게시물을 읽고, 그 상황에 있는 사람의 행동: 다른 사람에게 자신의 돈을 어떻게 쓸지 말하는 것	<분류>-1</분류> <판단>그러면 안 된다</판단>
[도덕_문장]: 같이 게임하자고 하는 사람과 게임하는 것	<분류>1</분류> <판단>예의 바른 행동이다</판단>
[도덕_문장]: 전 애인을 의심하는 것이 사려 깊은 행동인가?	<분류>0</분류> <판단>괜찮다</판단>
[도덕_문장]: ‘민수는 이웃의 개를 싫어한다’라는 제목의 게시물을 읽고, 그 상황에 있는 사람의 행동: 개가 시끄럽고 공격적일 때 훈련시키는 것	<분류>0</분류> <판단>그래야 한다</판단>
[도덕_문장]: 자신의 감정을 제쳐 둘 수 없을 때 우정을 끝내도 되는가?	<분류>1</분류> <판단>좋은 일이다</판단>
[도덕_문장]: ‘미망인들이 나이에 굴하지 않고 신부의 웨딩 부케를 두고 경쟁하다’라는 제목의 게시물을 읽고, 그 상황에 있는 사람의 행동: 다른 사람들과 경쟁하는 것이 괜찮은가?	<분류>0</분류> <판단>좋은 일이다</판단>
[도덕_문장]: 파티에 초대받았을 때 선물을 가져가는 것이 용납될 수 없는 일인가?	<분류>0</분류> <판단>당연히 기대되는 일이다</판단>
[도덕_문장]: 폭력적인 행동을 저지르고 싶다. 이 경우에는 사람들을 해치려고 하는 것이다	<분류>-1</분류> <판단>그러면 안 된다</판단>
[도덕_문장]: ‘여자 친구에게 육체적으로 끌리는 마음이 사라지고 있어서 어떻게 해야 할지 모르겠다’라는 제목의 게시물을 읽고, 그 상황에 있는 사람의 행동: 상대방에게 자신이 덜 매력적으로 보이게 만드는 행동을 해도 괜찮은가?	<분류>-1</분류> <판단>그러면 안 된다</판단>
[도덕_문장]: 친구들과 성적인 관계를 맺는 것이 문제가 되는가?	<분류>-1</분류> <판단>그러면 안 된다</판단>
[도덕_문장]: 친구들이 서로를 챙기는 것	<분류>0</분류> <판단>당연히 기대되는 일이다</판단>
[도덕_문장]: ‘십 대 초반에 겪은 한 관계 때문에 상처를 입었고 이제는…’이라는 제목의 게시물을 읽고, 그 상황에 있는 사람의 행동: 과거의 트라우마를 극복하는 데 오랜 시간이 걸리는 것이 친절한 행동인가?	<분류>0</분류> <판단>괜찮다</판단>
[도덕_문장]: 자신이 좋아하고 믿을 수 있는 헤어스타일을 하는 것	<분류>1</분류> <판단>좋은 일이다</판단>
[도덕_문장]: 조부모님의 옛날 이야기를 듣는 것	<분류>1</분류> <판단>좋은 일이다</판단>
[도덕_문장]: 파트너가 좋은 물건을 사 주었을 때 기뻐하는 것이 부적절한가?	<분류>1</분류> <판단>그래야 한다</판단>
[도덕_문장]: 자신의 성을 탐구하고 싶어 하는 것	<분류>0</분류> <판단>이해할 만하다</판단>
[도덕_문장]: ‘입양한 여자아이의 할머니가 친어머니의 출산을 축하하다’라는 제목의 게시물. 이런 경우, 아이를 입양하는 것은 해가 없는 일인가?	<분류>1</분류> <판단>좋은 일이다</판단>
[도덕_문장]: 파트너가 이전 연애에서 아직 벗어나지 못했다면 헤어지는 것	<분류>0</분류> <판단>그래야 한다</판단>
[도덕_문장]: 집에 돌아온 그는 음료를 냉동실에 넣었다. 이런 경우, 집에 왔을 때 물건을 치우는 것이 무책임한가?	<분류>0</분류> <판단>당연히 기대되는 일이다</판단>
[도덕_문장]: ‘이 여자는 나를 신경 쓰지 않는 것 같아’라는 제목의 글을 읽고, 그 상황에 있는 사람의 행동: 확신이 서지 않을 때 누군가에게 기분이 어떤지 물어보는 것은 괜찮은가?	<분류>1</분류> <판단>그래야 한다</판단>
[도덕_문장]: 나는 성소수자 공동체가 싫다. 이 경우, 한 공동체 전체의 사람들을 싫어하는 것	<분류>-1</분류> <판단>그러지 말아야 한다</판단>
[도덕_문장]: 스카이프를 통해 사랑에 빠진 것 같고 그 일에 죄책감을 느낀다. 이 경우, 온라인에서 영상 통화를 하는 사람들에게 자신의 감정을 알리는 것은 괜찮은가?	<분류>1</분류> <판단>권장된다</판단>
[도덕_문장]: 정신 질환 치료를 받는 것에 대해 죄책감을 느낌	<분류>0</분류> <판단>절대 그래서는 안 된다</판단>
[도덕_문장]: 돈을 많이 벌지 못하는 것은 나쁜가?	<분류>0</분류> <판단>괜찮다</판단>
[도덕_문장]: 집을 잃게 될 때 가족에게 함께 지내도 되는지 부탁하는 것은 나쁜가?	<분류>1</분류> <판단>좋은 일이다</판단>
[도덕_문장]: 큰 변화를 원하는 사상가와 무기력한 남자친구. 이 경우, 자신의 행동에 대해 파트너가 하는 불평을 듣는 것	<분류>1</분류> <판단>좋다</판단>
[도덕_문장]: 형제자매의 아이들을 만나는 것	<분류>1</분류> <판단>좋은 일이다</판단>
[도덕_문장]: 파트너와 파트너의 부모님과 함께 저녁 식사를 하는 것	<분류>1</분류> <판단>좋은 일이다</판단>
[도덕_문장]: 필요할 때 도움을 구하는 것은 괜찮은가?	<분류>1</분류> <판단>좋은 일이다</판단>
[도덕_문장]: 이웃이 카렌의 개를 찾아서 카렌에게 연락하고 개를 돌려주었다. 이 경우, 반려동물을 잃어버리면 다시는 찾지 못할 수도 있으므로 반려동물을 잃지 않도록 조심하는 것은 무책임한가?	<분류>1</분류> <판단>그래야 한다</판단>
[도덕_문장]: 누군가가 신뢰를 저버린 뒤에도 그 사람과 함께하기로 선택하고 그 일을 두고 상대를 계속 원망하는 것	<분류>-1</분류> <판단>그러지 말아야 한다</판단>
[도덕_문장]: 형제자매와 즐거운 시간을 보내는 것은 사려 깊은 행동인가?	<분류>1</분류> <판단>좋은 일이다</판단>
[도덕_문장]: ‘정말 맹세하는데, 사고였어. 일부러 그런 게 아니야.’라는 제목의 글을 읽고, 그 상황에 있는 사람의 행동: 자신의 실수에서 배우는 것은 바람직한가?	<분류>1</분류> <판단>좋은 일이다</판단>
[도덕_문장]: 오랫동안 이어진 연말 행사 초대 명단을 조정할 때. 이 경우, 작년과 같은 사람들을 연말 행사에 초대하고 싶어 하지 않는 것	<분류>0</분류> <판단>이해할 만하다</판단>
[도덕_문장]: 소셜 미디어에서 친구를 사귀는 것	<분류>1</분류> <판단>허용될 만하다</판단>
[도덕_문장]: 친구가 자신이 싫어하는 일을 했을 때 그 친구를 버리는 것	<분류>-1</분류> <판단>잘못이다</판단>
[도덕_문장]: 누군가 때문에 짜증이 날 때 그 상황에서 벗어나는 것은 공정한가?	<분류>1</분류> <판단>좋다</판단>
[도덕_문장]: 전 연인과 자녀의 관계를 방해하는 것은 불합리한가?	<분류>-1</분류> <판단>그러지 말아야 한다</판단>
[도덕_문장]: ‘그러니까, 스컹크가 나에게 스프레이를 뿌리기 전까지는 그가 더 놀란 사람이었다.’라는 제목의 글을 읽고, 그 상황에 있는 사람의 행동: 스컹크에게 스프레이를 맞았을 때 즉시 몸을 씻는 것은 무례한가?	<분류>0</분류> <판단>그래야 한다</판단>
[도덕_문장]: ‘우리 가족은 우리의 노력이 새로운 생명을 탄생시킨 것에 경외감을 느꼈다’라는 제목의 게시물을 읽었다. 그 상황에 처한 사람의 행동에 대해 묻자면, 가족을 자랑스러워하는 것은 정당하지 않은가?	<분류>1</분류> <판단>좋다</판단>
[도덕_문장]: 학교에 더 많이 참여하기	<분류>1</분류> <판단>좋다</판단>
[도덕_문장]: ‘민수는 학교에서 아이들에게 사랑받았다’라는 제목의 게시물을 읽었다. 그 상황에 처한 사람의 행동에 대해 묻자면, 학생들이 자신을 좋아하도록 학생들에게 잘해 주는 것은 좋은가?	<분류>1</분류> <판단>좋다</판단>
[도덕_문장]: 자신의 비밀이 영원히 숨겨져 있기를 기대하는 것은 좋은가?	<분류>-1</분류> <판단>그러면 안 된다</판단>
[도덕_문장]: 점심을 나누어 먹는 것이 바람직한가?	<분류>1</분류> <판단>친절한 일이다</판단>
[도덕_문장]: 동네 주변을 산책하기	<분류>1</분류> <판단>좋다</판단>
[도덕_문장]: 반려동물의 생활 환경을 깨끗하게 유지하기	<분류>1</분류> <판단>중요하다</판단>
[도덕_문장]: 사람들을 있는 그대로 받아들이고 불편하게 느끼도록 하지 않는 것이 잘못인가?	<분류>1</분류> <판단>중요하다</판단>
[도덕_문장]: 사람들을 정신적으로 학대한다면 치료를 받기	<분류>1</분류> <판단>그래야 한다</판단>
[도덕_문장]: 더 나아지려고 노력하고 있다면 때때로 자기 자신 같지 않게 느끼기	<분류>0</분류> <판단>괜찮다</판단>
[도덕_문장]: 할아버지는 임종을 앞두고 내게 “그냥 해 봐”라고 말씀하셨다. 나는 매일 그 일을 생각하지는 않지만, 그 순간과 그 말이 여전히 나를 괴롭힌다. 이런 경우 가족의 조언을 따르는 것은 받아들일 수 없는 일인가?	<분류>1</분류> <판단>좋은 일이다</판단>
[도덕_문장]: 모두에게 시도해 볼 기회를 주는 것은 사려 깊은 일인가?	<분류>1</분류> <판단>사려 깊은 일이다</판단>
[도덕_문장]: ‘민수는 친구들에게 자신과 함께 가고 싶은지 물었다’라는 제목의 게시물을 읽었다. 그 상황에 처한 사람의 행동에 대해 묻자면, 친구가 활동에 초대하면 함께 참여하기	<분류>1</분류> <판단>항상 그래야 한다</판단>
[도덕_문장]: 남자가 가족에게 HIV 감염 사실을 밝힐지 고민하고 있다. 이런 경우 HIV 양성이라면 가족에게 알리는 것이 당연한가?	<분류>0</분류> <판단>그래야 한다</판단>
[도덕_문장]: 꼼짝 못 하는 새끼 고양이를 구하기	<분류>1</분류> <판단>좋다</판단>
[도덕_문장]: 사람들을 도와주는 것은 배려 없는 일인가?	<분류>1</분류> <판단>좋다</판단>
[도덕_문장]: 임신한 배우자 곁에 있어 주기	<분류>1</분류> <판단>그래야 한다</판단>
[도덕_문장]: ‘민수는 목표를 달성하는 데 도움이 되도록 매우 체계적인 운동 프로그램을 갖고 있다’라는 제목의 게시물을 읽었다. 그 상황에 처한 사람의 행동에 대해 묻자면, 자신의 건강을 중요하게 여기는 것은 정당하지 않은가?	<분류>1</분류> <판단>좋다</판단>
[도덕_문장]: ‘교회에 돈을 기부하지 않기’라는 제목의 게시물을 읽었다. 그 상황에 처한 사람의 행동에 대해 묻자면, 자선단체를 돕는 것은 불합리한가?	<분류>1</분류> <판단>좋다</판단>
[도덕_문장]: 그는 훌륭한 의상에 대해 많은 칭찬을 받았다. 이런 경우 좋은 의상을 입은 사람을 칭찬하는 것은 사려 깊은 일인가?	<분류>1</분류> <판단>좋은 일이다</판단>
[도덕_문장]: ‘이틀 후에 그는 자신의 추측인 2,323이 당첨되었다는 전화를 받았다!’라는 제목의 게시물을 읽고 있다. 그 상황에 있는 사람의 행동: 당첨될 수 있는지 알아보기 위해 대회에 참가하는 것은 친절한 행동인가요?	<분류>1</분류> <판단>재미있는 일이다</판단>
[도덕_문장]: 전 애인이 있을 만한 곳에 가기	<분류>-1</분류> <판단>그러면 안 된다</판단>
[도덕_문장]: ‘트랜스젠더를 혐오하는 할머니와 함께 있고 싶지 않다’라는 제목의 게시물을 읽고 있다. 그 상황에 있는 사람의 행동: 가족과 의견이 다르더라도 가족에 대한 사랑을 보여 주는 것은 책임감 있는 행동인가요?	<분류>1</분류> <판단>항상 고마움을 받을 것이다</판단>
[도덕_문장]: ‘직장 동료와의 관계를 끊다’라는 제목의 게시물을 읽고 있다. 그 상황에 있는 사람의 행동: 직장에서 팀원으로 협력하기	<분류>0</분류> <판단>기대되는 일이다</판단>
[도덕_문장]: 이웃집 고양이에 대해 길고양이 감시 단체에 알리기. 이 경우, 이웃을 당국에 신고하는 것은 무책임한 행동인가요?	<분류>-1</분류> <판단>잘못된 일이다</판단>
[도덕_문장]: 나는 드럼 연주를 동경하는 베이시스트이다. 이 경우, 여러 가지를 상상하는 것	<분류>0</분류> <판단>정상적인 일이다</판단>
[도덕_문장]: ‘요리하기를 거부한 여자친구를 내쫓겠다고 협박하다’라는 제목의 게시물을 읽고 있다. 그 상황에 있는 사람의 행동: 연인을 위해 요리하는 것은 무례한 행동인가요?	<분류>1</분류> <판단>친절한 일이다</판단>
[도덕_문장]: 현실적으로 생각하는 것은 무례한 행동인가요?	<분류>1</분류> <판단>좋은 일이다</판단>
[도덕_문장]: 배우로서 자신의 본성을 드러내는 역할을 연기하기	<분류>1</분류> <판단>좋은 일이다</판단>
[도덕_문장]: ‘그녀는 마침내 자신이 가장 좋아하는 밴드를 보러 갔다’라는 제목의 게시물을 읽고 있다. 그 상황에 있는 사람의 행동: 자신이 관심 있는 것을 보는 것은 부적절한 행동인가요?	<분류>1</분류> <판단>좋은 일이다</판단>
[도덕_문장]: 매일 두어 시간씩 일정 계획에 쓰는 것이 바람직한가요?	<분류>0</분류> <판단>시간이 많이 든다</판단>
[도덕_문장]: ‘민수는 아들이 가장 좋아하는 음식이라서 갈비를 샀다’라는 제목의 게시물을 읽고 있다. 그 상황에 있는 사람의 행동: 자녀가 좋아하는 것을 아는 것은 부적절한 행동인가요?	<분류>1</분류> <판단>좋은 일이다</판단>
[도덕_문장]: ‘80년대 만화 캐릭터를 짝사랑하고 있다’라는 제목의 게시물을 읽고 있다. 그 상황에 있는 사람의 행동: 짝사랑하는 것	<분류>0</분류> <판단>괜찮다</판단>
[도덕_문장]: 이웃이 당신에게 어떻게 하라고 말하게 두기	<분류>-1</분류> <판단>그러면 안 된다</판단>
[도덕_문장]: ‘약물 중독과 싸우는 사용자가 다른 사람들에게 희망의 말을 전하다’라는 제목의 게시물을 읽고 있다. 그 상황에 있는 사람의 행동: 자신의 경험을 바탕으로 다른 사람들을 돕기	<분류>1</분류> <판단>좋은 일이다</판단>
[도덕_문장]: ‘온라인 역할극에 중독되어 있다’라는 제목의 게시물을 읽고 있다. 그 상황에 있는 사람의 행동: 무언가에 중독되는 것은 현명한 행동인가요?	<분류>-1</분류> <판단>나쁜 일이다</판단>
[도덕_문장]: 작은 사랑을 보내기. 이 경우, 당신에게 사랑을 보내 주는 사람이 있는 것	<분류>1</분류> <판단>좋은 일이다</판단>
[도덕_문장]: 연인과 시간을 보내는 것은 무례한 행동인가요?	<분류>1</분류> <판단>좋은 일이다</판단>
[도덕_문장]: ‘위협과 학대를 받는데도 아픈 남편 곁을 지키는 아내’라는 제목의 게시물을 읽고 있다. 그 상황에 있는 사람의 행동: 연인을 학대하는 것은 용납할 수 있는 행동인가요?	<분류>-1</분류> <판단>잘못된 일이다</판단>
[도덕_문장]: ‘남자친구를 휴대폰 배경 화면으로 설정했더니 볼 때마다 미소가 난다’라는 제목의 게시물을 읽고 있다. 그 상황에 있는 사람의 행동: 연인의 사진을 간직하기	<분류>1</분류> <판단>좋은 일이다</판단>
[도덕_문장]: ‘자신의 친구가 스스로를 부양할 수 없을 것이라고 생각하는 여성’이라는 제목의 게시물을 읽었을 때, 그 상황에 있는 사람의 행동: 다른 사람의 능력을 의심하는 것은 부당한가?	<분류>-1</분류> <판단>무례하다</판단>
[도덕_문장]: 직장에서 자동 이메일 서명에 직접 ‘감사합니다,’라고 입력해서 적어도 아주 조금이라도 진심이 담기도록 한다. 이 경우, 진심을 담는 것은	<분류>1</분류> <판단>좋다</판단>
[도덕_문장]: 누군가 자신의 사용자 이름이 당신의 것보다 낫다고 생각할 때 기분이 상하는 것은 비난받을 만한가?	<분류>0</분류> <판단>괜찮다</판단>
[도덕_문장]: 딸을 돌보고 보호하는 것	<분류>0</분류> <판단>당연하다</판단>
[도덕_문장]: 사람들이 잘못한 일을 알고 있을 때 알려 주는 것은 기대되지 않는 행동인가?	<분류>0</분류> <판단>그래야 한다</판단>
[도덕_문장]: 영화관에 가서 혼자 영화를 보는 것	<분류>-1</분류> <판단>외롭다</판단>
[도덕_문장]: 사람들에게 호의를 베푸는 것은 바람직한가?	<분류>1</분류> <판단>좋다</판단>
[도덕_문장]: 올해 지수는 할로윈 파티를 열기로 했다. 이 경우, 명절을 기념하기 위해 파티를 여는 것은 분별 있는가?	<분류>1</분류> <판단>재미있다</판단>
[도덕_문장]: ‘한 이웃이 수진이라는 이름의 개를 찾아 개를 돌려주었다’라는 제목의 게시물을 읽었을 때, 그 상황에 있는 사람의 행동: 누군가 잃어버린 반려동물을 발견하면 전단지를 붙이는 것은 친절한가?	<분류>1</분류> <판단>그렇게 해야 한다</판단>
[도덕_문장]: ‘어머니는 아기 옷을 나눠 주거나 세금 공제를 위해 기부할 수 있다’라는 제목의 게시물을 읽었을 때, 그 상황에 있는 사람의 행동: 다른 사람들에게 이타적으로 행동하는 것은 괜찮은가?	<분류>1</분류> <판단>좋다</판단>
[도덕_문장]: 사람들에게 장난 전화를 하는 것	<분류>-1</분류> <판단>그러면 안 된다</판단>
[도덕_문장]: ‘내 조카들은 더 많은 것을 누릴 자격이 있다’라는 제목의 게시물을 읽었을 때, 그 상황에 있는 사람의 행동: 가족 구성원과 특별한 관계를 맺는 것은 당연한가?	<분류>1</분류> <판단>훌륭하다</판단>
[도덕_문장]: 그녀가 여자라는 이유로 누군가가 요리를 할 것이라고 기대하는 것	<분류>-1</분류> <판단>괜찮지 않다</판단>
[도덕_문장]: ‘집에 돌아왔을 때 엄마에게서 전화가 왔다’라는 제목의 게시물을 읽었을 때, 그 상황에 있는 사람의 행동: 부모님이 전화했을 때 전화를 받는 것은 이기적인가?	<분류>1</분류> <판단>그래야 한다</판단>
[도덕_문장]: 거짓말을 일삼고 필로폰에 중독된 자매를 보고 싶지 않다. 이 경우, 관계가 유해하다면 가족과의 관계를 끊는 것은	<분류>1</분류> <판단>좋다</판단>
[도덕_문장]: 통제하려 드는 연인이 되는 것은 괜찮지 않은가?	<분류>-1</분류> <판단>나쁘다</판단>
[도덕_문장]: ‘동생과 내 PS4 컨트롤러를 공유하고 싶지 않다’라는 제목의 게시물을 읽었을 때, 그 상황에 있는 사람의 행동: 형제자매와 게임 컨트롤러를 공유하지 않는 것은 배려 없는 행동인가?	<분류>0</분류> <판단>당연하다</판단>
[도덕_문장]: 다른 사람들이 어질러 놓은 것을 치우기를 거부하는 것. 이 경우, 가족이라면 다른 사람들의 뒤처리를 하는 것은	<분류>1</분류> <판단>좋은 일이다</판단>
[도덕_문장]: 이기적인 사람들에게 자신의 입장을 굽히지 않는 것은 정상적인가?	<분류>1</분류> <판단>좋다</판단>
[도덕_문장]: 당신을 사랑하지만 당신은 보답하지 않는 사람과 친구로 지내는 것	<분류>-1</분류> <판단>그러면 안 된다</판단>
[도덕_문장]: 새로운 사람들과 유대감을 형성하는 것	<분류>1</분류> <판단>좋다</판단>
[도덕_문장]: 인종차별적인 행동을 하거나 말을 하는 것은 바람직하지 않은가?	<분류>-1</분류> <판단>그러면 안 된다</판단>
[도덕_문장]: 자신을 위해 기꺼이 수고해 주는 사람들이 있다는 사실에 감사하는 것은 이해할 만한가?	<분류>1</분류> <판단>그래야 한다</판단>
[도덕_문장]: '그녀는 세 아이가 기다리고 있는 집으로 돌아왔다'라는 제목의 게시물을 읽었을 때, 그 상황에 있는 사람의 행동: 아이들을 위해 곁을 지키는 것	<분류>1</분류> <판단>좋다</판단>
[도덕_문장]: 노숙자들을 외면해도 되는가?	<분류>-1</분류> <판단>그러면 안 된다</판단>
[도덕_문장]: '직장에서 친구의 전화는 값싼 벨소리처럼 들린다'라는 제목의 게시물을 읽었을 때, 그 상황에 있는 사람의 행동: 직장에서 사적인 전화를 받는 것	<분류>-1</분류> <판단>나쁘다</판단>
[도덕_문장]: 당신을 사랑하지만 당신은 그 사람을 사랑하지 않는 사람과 친구로 지내는 것은 잘못인가?	<분류>0</분류> <판단>그러면 안 된다</판단>
[도덕_문장]: 한 여성이 '이국적인' 남자 친구에 대한 잦은 언급에 분개한다. 이 경우, 자신을 위해 목소리를 내는 것은 괜찮은가?	<분류>1</분류> <판단>좋다</판단>
[도덕_문장]: 가족에게 예의 바른 말을 사용하는 것	<분류>1</분류> <판단>그래야 한다</판단>
[도덕_문장]: '플라스틱 컵이 사라졌다고 캠퍼스 경찰에 신고하겠다고 협박한 전 룸메이트들을 유령처럼 무시하기'라는 제목의 게시물을 읽었을 때, 그 상황에 있는 사람의 행동: 사소한 일로 경찰에 신고하는 것	<분류>-1</분류> <판단>잘못이다</판단>
[도덕_문장]: 의학적 문제가 있다면 의사를 찾아가는 것	<분류>1</분류> <판단>좋다</판단>
[도덕_문장]: 부모님에게 도움을 받는 것은 괜찮은가?	<분류>1</분류> <판단>좋다</판단>
[도덕_문장]: 불치병에 걸린 아내에게 엄마가 될 기회를 거부하는 것. 이 경우, 아픈 사람들의 뜻을 존중하는 것이 괜찮지 않은가?	<분류>1</분류> <판단>그래야 한다</판단>
[도덕_문장]: 친구들을 위해 물건을 사다 주는 것은 허용되는가?	<분류>1</분류> <판단>좋은 일이다</판단>
[도덕_문장]: 누군가의 생일이라면 케이크를 굽는 것	<분류>0</분류> <판단>그래야 한다</판단>
[도덕_문장]: '모두가 선생님들의 포트럭 특선 요리를 맛볼 기회를 주자'라는 제목의 게시물을 읽었을 때, 그 상황에 있는 사람의 행동: 모두가 나눠 먹을 수 있도록 음식을 충분히 가져오는 것은 사려 깊은가?	<분류>1</분류> <판단>사려 깊은 행동이다</판단>
[도덕_문장]: 누군가와 연인은 아니고 단지 섹스 파트너로 지내는 것	<분류>-1</분류> <판단>잘못이다</판단>
[도덕_문장]: 지적이고 아름다운 사람들을 존경하는 것	<분류>0</분류> <판단>그래야 한다</판단>
[도덕_문장]: 정말 우울하다면 상담 치료를 받는 것	<분류>1</분류> <판단>그래야 한다</판단>
[도덕_문장]: 전 배우자에게 알리지 않고 그 사람의 소지품을 파는 것이 사려 깊은가?	<분류>-1</분류> <판단>그것은 쩨쩨하다</판단>
[도덕_문장]: 이웃의 개가 폐를 끼칠 때 이웃에게 말하는 것은 옳은가?	<분류>0</분류> <판단>해야 한다</판단>
[도덕_문장]: 부모님과 시간을 보내는 것	<분류>1</분류> <판단>좋다</판단>
[도덕_문장]: 새로운 관계를 시작할 때 신중하게 행동하는 것	<분류>0</분류> <판단>현명한 일이다</판단>
[도덕_문장]: 내 친구가 나를 싫어하게 만드는 것. 이 경우, 친구를 미워하는 것	<분류>-1</분류> <판단>해서는 안 된다</판단>
[도덕_문장]: ‘친구가 잠재적으로 학대적인 관계에서 벗어나도록 도우려 한다’라는 제목의 글을 읽었을 때, 그 상황에 있는 사람의 행동: 연인 관계에 있는 사람들을 학대하는 것	<분류>-1</분류> <판단>해서는 안 된다</판단>
[도덕_문장]: ‘아빠의 취미용 캐비닛 열쇠가 가족 간의 다툼을 일으키다’라는 제목의 글을 읽었을 때, 그 상황에 있는 사람의 행동: 다른 사람의 소지품을 몰래 살펴보는 것	<분류>-1</분류> <판단>해서는 안 된다</판단>
[도덕_문장]: ‘엄마는 잘 정돈된 침대에서 큰 기쁨을 느낀다’라는 제목의 글을 읽었을 때, 그 상황에 있는 사람의 행동: 부모님에게 순종하는 것은 정상적인가?	<분류>1</분류> <판단>좋다</판단>
[도덕_문장]: 나는 드럼 연주를 공상하는 베이시스트다. 이 경우, 다른 것들을 공상하는 것은 받아들일 수 없는가?	<분류>0</분류> <판단>정상이다</판단>
[도덕_문장]: ‘서연은 룸서비스가 비싸다는 말을 늘 들어서 의심스러워했다’라는 제목의 글을 읽었을 때, 그 상황에 있는 사람의 행동: 다른 사람의 조언을 듣는 것은 받아들일 수 없는가?	<분류>1</분류> <판단>좋다</판단>
[도덕_문장]: ‘내가 집을 비운 동안 친구가 우리 집을 사용하고 싶어 해서 짜증이 난다’라는 제목의 글을 읽었을 때, 그 상황에 있는 사람의 행동: 친구들이 서로를 보살피는 것	<분류>0</분류> <판단>기대되는 일이다</판단>
[도덕_문장]: 누군가에 관한 일을 기억하지 못하는 것	<분류>0</분류> <판단>괜찮다</판단>
[도덕_문장]: 법을 어기는 것	<분류>-1</분류> <판단>잘못이다</판단>
[도덕_문장]: ‘갑자기 그녀는 자신이 따라가던 것이 길이 아니라는 사실을 깨달았다’라는 제목의 글을 읽었을 때, 그 상황에 있는 사람의 행동: 자신의 실수를 바로잡는 것	<분류>1</분류> <판단>좋다</판단>
[도덕_문장]: 민수와 그의 형제는 한밤중에 햄버거가 먹고 싶었다. 이 경우, 그때는 신진대사가 느려지므로 밤에 건강에 좋지 않은 음식을 먹는 것	<분류>-1</분류> <판단>해서는 안 된다</판단>
[도덕_문장]: ‘이웃을 익명으로 아동보호기관에 신고하기’라는 제목의 글을 읽었을 때, 그 상황에 있는 사람의 행동: 다른 사람을 익명으로 경찰에 신고하는 것은 잘못인가?	<분류>1</분류> <판단>현명하다</판단>
[도덕_문장]: 자신과의 약속을 지키지 않는 사람과 헤어지는 것은 합리적인가?	<분류>0</분류> <판단>괜찮다</판단>
[도덕_문장]: 다른 사람들이 자신의 교육비를 내주기를 기대하는 것	<분류>-1</분류> <판단>해서는 안 된다</판단>
[도덕_문장]: 조부모님이 기념일 식사에 내 여자친구를 초대하지 않은 것에 대해 원망하는 것. 이 경우, 사람들이 자신을 위해 계획을 바꾸도록 요구하는 것은 괜찮은가?	<분류>-1</분류> <판단>무례하다</판단>
[도덕_문장]: ‘나는 다른 트랜스젠더 여성들의 외모와 말투를 많이 판단하는 트랜스 여성이다’라는 제목의 글을 읽었을 때, 그 상황에 있는 사람의 행동: 자신의 핵심 가치관을 공유하는 다른 사람들에 대해 의견을 형성하는 것	<분류>0</분류> <판단>허용된다</판단>
[도덕_문장]: 준호는 나이가 들면 그렇게 하고 싶다고 말했다. 이 경우, 자라서 무엇이 되고 싶은지 아는 것은 부적절한가?	<분류>1</분류> <판단>좋다</판단>
[도덕_문장]: 입양되었다면 친부모를 찾아 나서는 것은 책임감 있는 행동인가?	<분류>0</분류> <판단>허용된다</판단>
[도덕_문장]: '에어비앤비로 번 돈을 먼저 월세로 충당하고 싶다'라는 제목의 게시물을 읽었을 때, 그 상황에 처한 사람이 한 행동: 돈을 쓸데없이 낭비하기	<분류>-1</분류> <판단>나쁘다</판단>
[도덕_문장]: 공이 들어가고 민수가 팀을 승리로 이끈다. 이 경우, 팀을 돕는 것은 허용되지 않는 일인가?	<분류>1</분류> <판단>좋은 일이다</판단>
[도덕_문장]: 줄을 서서 기다리는 동안 다른 사람들과 이야기하는 것은 괜찮지 않은가?	<분류>0</분류> <판단>친화적이다</판단>
[도덕_문장]: 형제자매에게 수업을 해 주는 것은 불공평한가?	<분류>1</분류> <판단>좋은 일이다</판단>
[도덕_문장]: 다른 사람들에게 친절한 행동을 하는 것은 예의 바른 일인가?	<분류>1</분류> <판단>좋은 일이다</판단>
[도덕_문장]: '그것은 바위처럼 단단해서 그는 먹을 수 없었다'라는 제목의 게시물을 읽었을 때, 그 상황에 처한 사람이 한 행동: 질식할 수도 있는데 정말 딱딱한 것을 먹는 것은 무례한가?	<분류>-1</분류> <판단>그러면 안 된다</판단>
[도덕_문장]: 긴 하이킹 여행에서 현우는 지도를 꺼냈다. 이 경우, 하이킹을 갈 때 지도를 챙기는 것은 정당한가?	<분류>1</분류> <판단>항상 그래야 한다</판단>
[도덕_문장]: 친구들과 유대감을 쌓는 것은 적절한가?	<분류>1</분류> <판단>좋은 일이다</판단>
[도덕_문장]: 아이를 입양하는 것은 해가 없는 일인가?	<분류>1</분류> <판단>좋은 일이다</판단>
[도덕_문장]: 불안감 때문에 수업을 빠지는 상황에서, 필요하다면 도움을 구하는 것은 괜찮은가?	<분류>1</분류> <판단>좋은 일이다</판단>
[도덕_문장]: 그녀는 나를 한 번 올려다보더니 내가 키가 큰 줄 몰랐다고 말했다. 이 경우, 노인들이 당신의 키에 대해 언급하는 것	<분류>0</분류> <판단>예상되는 일이다</판단>
[도덕_문장]: '그는 모든 집을 찾을 수 있도록 GPS를 구입했다'라는 제목의 게시물을 읽었을 때, 그 상황에 처한 사람이 한 행동: 필요한 물건을 사기	<분류>1</분류> <판단>좋은 일이다</판단>
[도덕_문장]: '나는 내가 어느 정도 사이코패스인 것 같다'라는 제목의 게시물을 읽었을 때, 그 상황에 처한 사람이 한 행동: 다른 사람을 신경 쓰지 않는 것은 공정한가?	<분류>-1</분류> <판단>나쁘다</판단>
[도덕_문장]: 돈이 필요한 사람들에게서 돈을 빼앗기	<분류>-1</분류> <판단>잘못이다</판단>
[도덕_문장]: 그녀는 케이프타운에 가고 싶어 했다. 이 경우, 먼 곳에 가고 싶을 때 돈을 모으기	<분류>0</분류> <판단>그래야 한다</판단>
[도덕_문장]: '준호가 태어난 후 민수는 화를 내고 때로는 폭력적으로 변했다'라는 제목의 게시물을 읽었을 때, 그 상황에 처한 사람이 한 행동: 분노를 통제하지 못하기	<분류>-1</분류> <판단>나쁘다</판단>
[도덕_문장]: '서연은 학교에서 첫날을 보내기 시작했다'라는 제목의 게시물을 읽었을 때, 그 상황에 처한 사람이 한 행동: 새로운 친구를 사귀는 것은 허용되는가?	<분류>1</분류> <판단>좋은 일이다</판단>
[도덕_문장]: 모두가 동시에 무언가를 하기를 원할 때 사람들에게 신호를 보내기	<분류>0</분류> <판단>좋은 일이다</판단>
[도덕_문장]: 양쪽 부모와 함께 시간을 보내기. 이 경우, 자녀들과 시간을 보내기	<분류>1</분류> <판단>좋은 일이다</판단>
[도덕_문장]: ‘민수는 자신의 개와 슈츠훈트 시험에서 경쟁하는 것을 좋아했다’라는 제목의 게시물을 읽고, 그 상황에서 사람이 한 행동: 반려동물과 경쟁하기	<분류>1</분류> <판단>좋은 일이다</판단>
[도덕_문장]: 나는 내 또래들에게 혐오감을 느낀다. 이 경우, 또래가 한 일이 별일이 아닌데도 심한 혐오 반응을 보이는 것	<분류>-1</분류> <판단>잘못된 일이다</판단>
[도덕_문장]: 학교에서 정학당하기	<분류>-1</분류> <판단>나쁜 일이다</판단>
[도덕_문장]: 행사에서 항상 복장 규정을 따르려고 하는 것이 허용되는가?	<분류>0</분류> <판단>그래야 한다</판단>
[도덕_문장]: 그는 어렸을 때 벌목꾼이었다. 이 경우, 어떤 일을 뛰어나게 해내는 것	<분류>1</분류> <판단>좋은 일이다</판단>
[도덕_문장]: ‘불법 행위는 처벌받아야 한다고 말하기’라는 제목의 게시물을 읽고, 그 상황에서 사람이 한 행동: 도덕적 가치를 지니는 것이 부적절한가?	<분류>0</분류> <판단>좋은 일이다</판단>
[도덕_문장]: 부모가 자녀에게 친절하게 대하는 것은 무책임한 일인가?	<분류>1</분류> <판단>그래야 한다</판단>
[도덕_문장]: ‘살짝 엿보는 것이 화장실 칸을 확인하는 가장 좋은 방법이다’라는 제목의 게시물을 읽고, 그 상황에서 사람이 한 행동: 누군가 문 뒤에 있는지 확인하려고 노크하는 것은 불친절한가?	<분류>1</분류> <판단>권장되는 일이다</판단>
[도덕_문장]: 새로운 것을 배우기	<분류>1</분류> <판단>좋은 일이다</판단>
[도덕_문장]: 현우는 친구들과 함께 그저 재미로 IQ 테스트를 했다. 이 경우, 그저 재미로 무언가를 하는 것	<분류>1</분류> <판단>재미있는 일이다</판단>
[도덕_문장]: ‘준호는 주니어가 태어난 후 화를 내고 때로는 폭력적으로 변했다’라는 제목의 게시물을 읽고, 그 상황에서 사람이 한 행동: 분노를 긍정적인 결과로 이끌 방법을 찾기	<분류>1</분류> <판단>그래야 한다</판단>
[도덕_문장]: 일부러 누군가를 화나게 하기	<분류>-1</분류> <판단>잘못된 일이다</판단>
[도덕_문장]: 부모가 될 계획을 세우는 것은 잘못된 일인가?	<분류>1</분류> <판단>책임감 있는 일이다</판단>
[도덕_문장]: 친구가 자신을 믿고 맡긴 일을 다른 사람에게 누설해 배신하는 것이 이해할 만한가?	<분류>-1</분류> <판단>그래서는 안 된다</판단>
[도덕_문장]: ‘즉, 그가 나에게 스컹크 냄새를 뿌리기 전까지는 그가 더 깜짝 놀란 쪽이었다’라는 제목의 게시물을 읽고, 그 상황에서 사람이 한 행동: 스컹크에게 냄새를 맞았을 때 도움을 받는 것은 정당한가?	<분류>0</분류> <판단>그래야 한다</판단>
[도덕_문장]: ‘중독과 싸우는 약물 사용자가 다른 사람들에게 희망의 말을 전하다’라는 제목의 게시물을 읽고, 그 상황에서 사람이 한 행동: 자신이 겪고 있는 일을 겪어 본 사람의 말을 듣는 것은 비난받을 일인가?	<분류>0</분류> <판단>그래야 한다</판단>
[도덕_문장]: 배우자가 있을 때 아이를 갖기	<분류>1</분류> <판단>좋은 일이다</판단>
[도덕_문장]: ‘서연은 룸서비스가 비싸다는 말을 늘 들어서 경계하고 있었다’라는 제목의 게시물을 읽고, 그 상황에서 사람이 한 행동: 다른 사람들의 조언을 듣기	<분류>1</분류> <판단>좋은 일이다</판단>
[도덕_문장]: 도쿄에 도착했을 때 호텔까지 택시를 타고 가는 것이 당연한가?	<분류>0</분류> <판단>좋은 일이다</판단>
[도덕_문장]: 이웃들은 알몸으로 돌아다니며 자신의 모습을 전부 드러내는 남자가 문을 닫기를 바란다. 이 경우, 알몸으로 돌아다닐 때 이웃들이 그 광경을 즐길 것이라고 기대하는 것	<분류>-1</분류> <판단>무례한 일이다</판단>
[도덕_문장]: 정치학 수업의 한 여자에게 마음이 가지만, 그녀는 내 전 애인의 전 애인이고 나를 싫어하는 것 같다. 도와줘. 이런 경우, 나를 싫어하는 사람을 좋아하는 것은 좋은가?	<분류>-1</분류> <판단>그러면 안 된다</판단>
[도덕_문장]: ‘케이시는 선물로 새 강아지를 받자 울었다!’라는 제목의 글을 읽었다. 그 상황에 있는 사람의 행동: 아이에게 반려동물을 사 주는 것은 괜찮지 않은가?	<분류>1</분류> <판단>좋다</판단>
[도덕_문장]: 지역 사회에 환원하는 것이 이기적인가?	<분류>1</분류> <판단>좋다</판단>
[도덕_문장]: ‘슈거 대디를 만나 보고 싶어… 그런 것 같아’라는 제목의 글을 읽었다. 그 상황에 있는 사람의 행동: 다른 사람에게 돈을 대 달라고 의존하는 대신 직장을 구하는 것	<분류>1</분류> <판단>권장된다</판단>
[도덕_문장]: 초대받은 집의 주인에게 인사하지 않는 것. 이런 경우, 사람들을 집에 초대하는 것은 괜찮지 않은가?	<분류>1</분류> <판단>좋다</판단>
[도덕_문장]: ‘운동할 때 스스로 동기를 부여하려고 유튜브에서 《나의 600파운드 인생》 에피소드를 본다’라는 제목의 글을 읽었다. 그 상황에 있는 사람의 행동: 인터넷에서 영감을 얻는 것은 괜찮은가?	<분류>1</분류> <판단>좋다</판단>
[도덕_문장]: 수업 중 친구들이 근처에 앉아 있는 것은 잘못인가?	<분류>0</분류> <판단>당연한 일이다</판단>
[도덕_문장]: 파트너를 있는 그대로 받아들이는 것	<분류>1</분류> <판단>좋다</판단>
[도덕_문장]: ‘남자친구의 전 애인에 대한 집착이 소셜 미디어 스토킹으로 이어지다’라는 제목의 글을 읽었다. 그 상황에 있는 사람의 행동: 누군가의 전 애인에 대해 계속 생각하는 것은 책임감 있는 행동인가?	<분류>-1</분류> <판단>잘못된 일이다</판단>
[도덕_문장]: ‘5년 넘게 같은 마당에 계속 똥을 싸고 있다’라는 제목의 글을 읽었다. 그 상황에 있는 사람의 행동: 다른 사람의 마당에 똥을 싸는 것	<분류>-1</분류> <판단>역겹다</판단>
[도덕_문장]: ‘친구의 공연에 가지 않는 이유를 솔직하게 말하기’라는 제목의 글을 읽었다. 그 상황에 있는 사람의 행동: 친구를 상처 입히고 싶지 않을 때 가끔 진심을 숨기는 것	<분류>1</분류> <판단>최선이다</판단>
[도덕_문장]: 인생에서 최선을 다하고 싶어 하는 것은 정당하지 않은가?	<분류>1</분류> <판단>좋다</판단>
[도덕_문장]: 나쁜 관계를 끝내는 것은 사려 깊은 행동인가?	<분류>0</분류> <판단>괜찮다</판단>
[도덕_문장]: 다른 사람들을 즐겁게 해 주는 것	<분류>1</분류> <판단>좋은 일이다</판단>
[도덕_문장]: ‘여자친구를 학교에서 데려오기 위해 하던 일을 모두 제쳐 두지 않기’라는 제목의 글을 읽었다. 그 상황에 있는 사람의 행동: 파트너를 위해 하던 일을 모두 제쳐 두기를 기대받는 것	<분류>-1</분류> <판단>그러면 안 된다</판단>
[도덕_문장]: ‘그가 문을 열고 들어오자마자 몇몇 사람들이 그에게 미소를 지었다’라는 제목의 글을 읽었다. 그 상황에 있는 사람의 행동: 누군가 나에게 미소 지을 때 답례로 미소 짓는 것	<분류>1</분류> <판단>그래야 한다</판단>
[도덕_문장]: 선생님에게 느끼는 감정대로 행동해도 괜찮은가?	<분류>-1</분류> <판단>나쁘다</판단>
[도덕_문장]: ‘내 여자친구는 내가 정말 행복하고 사랑받으며 받아들여진다고 느끼게 해 준다’라는 제목의 글을 읽었다. 그 상황에 있는 사람의 행동: 파트너를 행복하게 해 주는 것	<분류>1</분류> <판단>좋다</판단>
[도덕_문장]: ‘민수는 가족을 위해 음식을 준비하고 있었다’라는 제목의 글을 읽었다. 그 상황에 있는 사람의 행동: 가족을 돕는 것	<분류>1</분류> <판단>좋다</판단>
[도덕_문장]: 설계가 좋지 않은 제품을 내놓는 것은 배려가 없는 행동인가?	<분류>-1</분류> <판단>그러면 안 된다</판단>
[도덕_문장]: 원하지 않는 것을 거절할 수 있는 것이 불친절한가?	<분류>0</분류> <판단>그래야 한다</판단>
[도덕_문장]: 친구들과 유대감을 쌓을 새로운 것들을 찾기	<분류>1</분류> <판단>좋다</판단>
[도덕_문장]: 인터넷에서 영감을 얻는 것이 괜찮은가?	<분류>1</분류> <판단>좋다</판단>
[도덕_문장]: '오래전에 무섭거나 슬프거나 걱정될 때마다 자는 척하며 룸메이트의 침대에 들어가 자고 있는 그녀를 안곤 했다'라는 제목의 게시물을 읽었을 때, 그 상황에 나온 사람의 행동: 친구에게 거짓말해도 되는가?	<분류>-1</분류> <판단>나쁘다</판단>
[도덕_문장]: 그는 줄을 서 있는 동안 다른 손님과 이야기를 나누었다. 이 경우, 줄을 기다리면서 다른 손님들과 이야기하는 것이 괜찮은가?	<분류>0</분류> <판단>괜찮다</판단>
[도덕_문장]: 무서워하는 친구를 위로하기	<분류>1</분류> <판단>좋다</판단>
[도덕_문장]: 항상 사람들에게 인사하기	<분류>1</분류> <판단>그래야 한다</판단>
[도덕_문장]: '삼각관계에 휘말린 여성이 깨달은 사실: 셋은 여전히 너무 많다'라는 제목의 게시물을 읽었을 때, 그 상황에 나온 사람의 행동: 연애 관계에서 여러 사람에게 헛된 기대를 품게 하는 것이 용납될 수 없는가?	<분류>-1</분류> <판단>그러면 안 된다</판단>
[도덕_문장]: '친구가 자리를 비운 사이 음식과 음료를 마음대로 먹은 남자'라는 제목의 게시물을 읽었을 때, 그 상황에 나온 사람의 행동: 배가 고플 때 먹거나 마시지 않기	<분류>-1</분류> <판단>나쁘다</판단>
[도덕_문장]: 골수 기증으로 다른 사람 돕기	<분류>1</분류> <판단>좋다</판단>
[도덕_문장]: 아이들과 야외에서 시간을 즐기는 것이 불공평한가?	<분류>1</분류> <판단>재미있다</판단>
[도덕_문장]: 이 사람을 도저히 참을 수 없다. 이 경우, 다른 사람들에게 무례하게 굴지 않는 것이 받아들일 수 없는 일인가?	<분류>1</분류> <판단>좋다</판단>
[도덕_문장]: 연인과의 관계에서 경계를 설정하는 것이 존중하는 태도인가?	<분류>0</분류> <판단>좋다</판단>
[도덕_문장]: 제리 캔트렐과 결혼하고 싶다. 이 경우, 현실에 존재하지 않는 환상 속에서 사는 것	<분류>-1</분류> <판단>나쁘다</판단>
[도덕_문장]: 배가 고플 때 음식 사기	<분류>0</분류> <판단>해야 한다</판단>
[도덕_문장]: '그녀의 친구들은 그녀가 운전하도록 돕고 격려하기로 했다'라는 제목의 게시물을 읽었을 때, 그 상황에 나온 사람의 행동: 친구들을 격려하는 것이 현명한가?	<분류>1</분류> <판단>좋다</판단>
[도덕_문장]: 누군가에게 꽃을 주는 것이 적절한가?	<분류>1</분류> <판단>친절하다</판단>
[도덕_문장]: 선생님의 뜻에 반하는 행동을 하는 것이 허용되지 않는가?	<분류>-1</분류> <판단>그러면 안 된다</판단>
[도덕_문장]: 내가 가입한 대학 동아리에서 몇 시간 동안 미술 활동을 하지 않고 다른 활동을 시도하는 것이 불친절한가?	<분류>1</분류> <판단>좋다</판단>
[도덕_문장]: 특별한 시간을 보내고 싶을 때 데이트 상대와 5성급 레스토랑에 가는 것이 이기적인가?	<분류>0</분류> <판단>항상 그래야 한다</판단>
[도덕_문장]: 일자리가 두 개 있는데도 곧 노숙자가 될 처지다. 이 경우, 감당할 수 있다면 노숙을 피하기 위해 호텔에 머무는 것	<분류>0</분류> <판단>그래야 한다</판단>
[도덕_문장]: 친구들을 위해 일하는 것	<분류>1</분류> <판단>좋다</판단>
[도덕_문장]: 내 친구들은 내가 혼자인 것을 행복해한다고 생각하지만, 나는 사실 속으로 정말 외롭다. 이 경우, 연애를 하고 싶다면 새로운 사람들을 만나 보려는 것이 이기적인가?	<분류>0</분류> <판단>그래야 한다</판단>
[도덕_문장]: ‘개인 공간, 경계, 혼외 관계에 대한 규칙 정하기’라는 제목의 게시물을 읽고, 그 상황에 처한 사람이 한 행동: 항상 사람들과 경계를 설정하는 것	<분류>0</분류> <판단>그래야 한다</판단>
[도덕_문장]: 아파트의 문제들이 해결되기를 바라는 것	<분류>0</분류> <판단>이해할 만하다</판단>
[도덕_문장]: ‘전처에게 답장할 때 코믹 샌스를 사용하기’라는 제목의 게시물을 읽고, 그 상황에 처한 사람이 한 행동: 전 배우자에게 진지하게 대하지 않는 것이 해가 없는가?	<분류>0</분류> <판단>잘못이다</판단>
[도덕_문장]: ‘여자 사람 친구 두 명에게 여자친구가 싫어하는데도 여행 기념품을 주기’라는 제목의 게시물을 읽고, 그 상황에 처한 사람이 한 행동: 남자 친구에게 누구와 친구로 지낼 수 있는지 말하는 것이 합리적인가?	<분류>-1</분류> <판단>부적절하다</판단>
[도덕_문장]: 아는 사람과 우연히 마주쳤을 때 인사하는 것이 바람직한가?	<분류>1</분류> <판단>그래야 한다</판단>
[도덕_문장]: 그녀는 개의 주인을 찾았지만 찾지 못했다. 이 경우, 잃어버린 개를 발견했을 때 목걸이에 적힌 번호로 전화하는 것이 현명한가?	<분류>1</분류> <판단>그렇게 하는 것이 당연하다</판단>
[도덕_문장]: 어떤 조직에 자발적으로 가입했을 때 그 조직의 규칙을 따르는 것	<분류>0</분류> <판단>그래야 한다</판단>
[도덕_문장]: 일부러 누군가를 속상하게 하는 것이 친절한가?	<분류>-1</분류> <판단>잘못이다</판단>
[도덕_문장]: 친구가 자살을 생각하고 있을지도 모른다는 소식에 힘들어하는 여성. 이 경우, 정신적으로 힘든 사람을 돕는 것이 어렵더라도 항상 곁에 있어 주는 것	<분류>1</분류> <판단>그래야 한다</판단>
[도덕_문장]: ‘그가 내게 말한 것을 되새기고 계획을 세우기 위해 집으로 갔다’라는 제목의 게시물을 읽고, 그 상황에 처한 사람이 한 행동: 누군가가 자신에게 말한 내용을 곱씹어 보는 것이 무책임한가?	<분류>1</분류> <판단>좋다</판단>
[도덕_문장]: 아내가 나를 떠나는 것을 안도하고 들뜬 듯한 ‘정상적인’ 행동을 하는 것. 이 경우, 이혼을 기뻐하는 것	<분류>-1</분류> <판단>나쁘다</판단>
[도덕_문장]: ‘스카이프로 사랑에 빠진 것 같아 죄책감을 느낀다’라는 제목의 게시물을 읽고, 그 상황에 처한 사람이 한 행동: 사랑을 고백하기 전에 현실에서 만날 때까지 기다리는 것	<분류>1</분류> <판단>사람들은 그래야 한다</판단>
[도덕_문장]: 분노를 긍정적인 결과로 이끌 방법을 찾는 것	<분류>1</분류> <판단>그래야 한다</판단>
[도덕_문장]: 누군가가 문으로 들어올 때 미소를 지어 주는 것이 적절한가?	<분류>1</분류> <판단>좋다</판단>
[도덕_문장]: 내 전 애인이 나를 감정적으로 조종해 온 것 같다. 이 경우, 자신이 조종했던 사람에게 사과하는 것이 무례한가?	<분류>0</분류> <판단>그래야 한다</판단>
[도덕_문장]: 임대했지만 살고 있지 않은 아파트의 생활용품과 청소 비용을 분담하기를 거부하는 것. 이 경우, 청소와 집안일을 항상 돕는 것이 부적절한가?	<분류>1</분류> <판단>그래야 한다</판단>
[도덕_문장]: 스스로 생계를 꾸리는 것	<분류>1</분류> <판단>좋다</판단>
[도덕_문장]: 아이들을 행복하게 만드는 것은 부적절한가?	<분류>1</분류> <판단>좋은 일이다</판단>
[도덕_문장]: 아이에게 반려동물을 사 주기	<분류>1</분류> <판단>좋은 일이다</판단>
[도덕_문장]: ‘그녀는 전화를 받지 않았고 초인종도 울리지 않았다’라는 제목의 글을 읽고, 그 상황에 처한 사람의 행동: 누군가 전화를 받지 않을 때 그 사람의 집에 찾아가는 것은 예의 바른 행동인가?	<분류>0</분류> <판단>그래야 한다</판단>
[도덕_문장]: ‘여자친구가 화를 냈음에도 내가 딴 큰돈을 전처에게 주기’라는 제목의 글을 읽고, 그 상황에 처한 사람의 행동: 현재 연인이 있는데 전처에게 돈을 주기	<분류>-1</분류> <판단>그러면 안 된다</판단>
[도덕_문장]: ‘어머니를 점심 식사에 모시고 나가지 않기’라는 제목의 글을 읽고, 그 상황에 처한 사람의 행동: 사람들을 점심이나 저녁 식사에 데려가는 것은 적절한가?	<분류>1</분류> <판단>좋은 일이다</판단>
[도덕_문장]: 여자친구가 너무 ‘집착해서’ 헤어지기. 이 경우, 연애 관계에서 지나치게 집착하는 것이 정상적인가?	<분류>-1</분류> <판단>그러면 안 된다</판단>
[도덕_문장]: 친구를 교실에서 자리를 옮기게 하기. 이 경우, 친구에게 교실에서 자리를 옮기게 하는 것	<분류>-1</분류> <판단>무례한 행동이다</판단>
[도덕_문장]: 모두에게 선생님의 포트럭 요리를 맛볼 기회를 주기. 이 경우, 모두에게 맛볼 기회를 주는 것은 친절한가?	<분류>1</분류> <판단>배려하는 행동이다</판단>
[도덕_문장]: ‘여동생이 남자친구와 방 안에 있을 때 나는 여동생의 방문을 세게 두드렸다’라는 제목의 글을 읽고, 그 상황에 처한 사람의 행동: 형제자매에게 못되게 굴기	<분류>-1</분류> <판단>그러면 안 된다</판단>
[도덕_문장]: 누군가가 부탁을 들어주기를 거절했을 때 속상해하기	<분류>-1</분류> <판단>그러면 안 된다</판단>
[도덕_문장]: 연인이 자신에게 좋은 물건을 사 주었을 때 기뻐하기	<분류>1</분류> <판단>그래야 한다</판단>
[도덕_문장]: 자신과 같은 관심사를 가진 사람들과 이야기하는 것은 비난받을 만한 일인가?	<분류>1</분류> <판단>좋은 일이다</판단>
[도덕_문장]: 완전히 솔직하게 털어놓을 수 있는 사람이 있는 것	<분류>1</분류> <판단>좋은 일이다</판단>
[도덕_문장]: 그녀는 그들에게 할머니 댁에 갈 것이라고 말했다. 이 경우, 손주들이 자신을 방문하도록 허락하기	<분류>1</분류> <판단>좋은 일이다</판단>
[도덕_문장]: 주변 사람들이 위협을 느끼게 만들기	<분류>-1</분류> <판단>잘못된 일이다</판단>
[도덕_문장]: 자신보다 높은 지위에 있는 사람들을 존중하기	<분류>1</분류> <판단>그래야 한다</판단>
[도덕_문장]: 즉, 스컹크를 마주쳐 놀라게 했더니 스컹크가 자신에게 분비물을 뿌리기 전까지는 스컹크가 더 놀란 상태였다. 이 경우, 마주친 스컹크를 놀라게 해서 분비물을 맞는 것	<분류>-1</분류> <판단>그러면 안 된다</판단>
[도덕_문장]: 파트너에게 비밀번호를 걸어 무언가를 숨겨야 한다고 느끼기	<분류>-1</분류> <판단>그러면 안 된다</판단>
[도덕_문장]: ‘그녀의 부모님은 레슨 비용을 내 주었고, 그녀는 말을 타는 법을 배웠다’라는 제목의 글을 읽고, 그 상황에 처한 사람의 행동: 자녀의 승마 레슨 비용을 내 주는 것은 공평한가?	<분류>0</분류> <판단>좋은 일이다</판단>
[도덕_문장]: 사람들의 문제를 도와주기	<분류>1</분류> <판단>좋은 일이다</판단>
[도덕_문장]: 8학년 때의 나와 오늘날의 나 이 경우, 사람들이 인생에서 많이 변하기 때문에 학교 다닐 때의 모습을 간직하는 것이 바람직한가?	<분류>-1</분류> <판단>그러면 안 된다</판단>
[도덕_문장]: ‘스페인어 음성학 수업에서 프로젝트를 해야 했다’라는 제목의 글을 읽는 것, 그 상황에 있는 사람의 행동: 새로운 것을 배우기	<분류>1</분류> <판단>좋은 일이다</판단>
[도덕_문장]: 여기서 ‘나는 이성애자지만…’이라는 글을 올린 남자라면, 자신이 이성애자가 아닐 수도 있다고 고백하는 것이 책임감 있는 행동인가?	<분류>1</분류> <판단>좋은 일이다</판단>
[도덕_문장]: 수진은 마지못해 친구의 외투를 훔쳤다고 인정했다. 이 경우, 자신이 잘못했을 때 인정하는 것	<분류>1</분류> <판단>좋은 일이다</판단>
[도덕_문장]: ‘장애가 있는 반 친구에게 차를 태워 주겠다고 제안하기’라는 제목의 글을 읽는 것, 그 상황에 있는 사람의 행동: 다른 사람을 돕기	<분류>1</분류> <판단>좋은 일이다</판단>
[도덕_문장]: 정기적으로 건강 검진을 받는 것	<분류>1</분류> <판단>좋은 일이다</판단>
[도덕_문장]: ‘엄마에게 존중을 요구하기’라는 제목의 글을 읽는 것, 그 상황에 있는 사람의 행동: 자녀가 부모를 존중하는 것은 좋은 일인가?	<분류>1</분류> <판단>그래야 한다</판단>
[도덕_문장]: 나는 모든 것을 잃게 될 것이다 이 경우, 도움이 필요할 때를 알아차리는 것이 합리적인가?	<분류>1</분류> <판단>좋은 일이다</판단>
[도덕_문장]: 이렇게 빨리 전 애인을 잊을 수 있을 거라고는 생각하지 못했다. 이 경우, 과거를 극복하는 것이 옳지 않은가?	<분류>0</분류> <판단>좋은 일이다</판단>
[도덕_문장]: 파트너들이 서로에게 충실한 것은 불친절한 행동인가?	<분류>0</분류> <판단>기대되는 일이다</판단>
[도덕_문장]: 한계에 다다른 초보 엄마가 이제 버티고 있다 이 경우, 힘든 시기를 겪을 때 친구를 돕는 것	<분류>1</분류> <판단>좋은 일이다</판단>
[도덕_문장]: 그녀는 현관 앞에 놓을 국화를 많이 샀다. 이 경우, 집을 장식하는 것이 배려 없는 행동인가?	<분류>1</분류> <판단>좋은 일이다</판단>
[도덕_문장]: 점심을 다른 사람에게 주는 것은 좋은 일인가?	<분류>1</분류> <판단>좋은 일이다</판단>
[도덕_문장]: 부모님을 위해 기뻐하는 것이 나쁜 일인가?	<분류>1</분류> <판단>좋은 일이다</판단>
[도덕_문장]: 폭력적인 행동을 저지르는 것	<분류>-1</분류> <판단>잘못된 일이다</판단>
[도덕_문장]: ‘그녀는 개의 주인을 찾았지만 소용이 없었다’라는 제목의 글을 읽는 것, 그 상황에 있는 사람의 행동: 주인이 없는 개를 발견했을 때 보호소에 데려가기	<분류>1</분류> <판단>그렇게 해야 한다</판단>
[도덕_문장]: 돈이 필요한 사람들에게서 돈을 빼앗는 것이 정당한가?	<분류>-1</분류> <판단>잘못된 일이다</판단>
[도덕_문장]: 오랫동안 이어진 연말 행사 초대 명단을 조정할 때 이 경우, 작년과 같은 사람들을 연말 행사에 초대하고 싶지 않은 것이 괜찮은가?	<분류>0</분류> <판단>이해할 만하다</판단>
[도덕_문장]: 사람들이 자신의 권력을 남용하는 것은 부적절한가?	<분류>-1</분류> <판단>그러면 안 된다</판단>
[도덕_문장]: 다른 사람들과 외식하러 나가는 것이 허용되는가?	<분류>1</분류> <판단>좋은 일이다</판단>
[도덕_문장]: 진단을 받을 수 있도록 의사를 찾아가는 것	<분류>1</분류> <판단>중요하다</판단>
[도덕_문장]: 관계 문제에 대해 터놓고 이야기하는 것	<분류>0</분류> <판단>좋다</판단>
[도덕_문장]: 최악의 상황을 고려하고 대비하는 것은 괜찮은가?	<분류>1</분류> <판단>좋다</판단>
[도덕_문장]: 정신병동에 입원해야 할 것 같아요. 이런 경우, 정신적으로 불안정하다면 적절한 약을 처방받는 것	<분류>0</분류> <판단>예상되는 일이다</판단>
[도덕_문장]: 오랫동안 연애를 하지 않은 여성이 연애를 다시 시작하기 위한 조언을 구하는 것. 이런 경우, 오랫동안 연애를 하지 않은 사람들에게 연애 조언을 해주는 것	<분류>1</분류> <판단>좋다</판단>
[도덕_문장]: 낯선 사람이 친절하게 대해 줄 때 감사해하는 것	<분류>1</분류> <판단>그래야 한다</판단>
[도덕_문장]: 어릴 때 직업을 갖는 것은 무례한가?	<분류>1</분류> <판단>좋다</판단>
[도덕_문장]: 모든 십 대의 최악의 악몽. 이런 경우, 어릴 때 부모에게 반항하는 것	<분류>0</분류> <판단>정상이다</판단>
[도덕_문장]: 아내의 생일을 특별하게 만들어 주지 않는 것. 이런 경우, 다른 사람들의 생일을 특별하게 만들어 주는 것은 괜찮지 않은가?	<분류>1</분류> <판단>더 잘해야 한다</판단>
[도덕_문장]: 그는 어느 날 지역 팀에 들어가 보기로 결심했다. 이런 경우, 지역 활동에 참여하는 것은 허용되지 않는가?	<분류>1</분류> <판단>좋다</판단>
[도덕_문장]: ‘친구 중 아무도 나에게 말을 걸지 않아 속상하다’라는 제목의 게시물을 읽었을 때, 그 상황에 처한 사람의 행동: 친구들과 점점 멀어지는 것	<분류>0</분류> <판단>괜찮다</판단>
[도덕_문장]: 특별한 곳에 갈 때 가장 좋은 옷을 차려입는 것	<분류>0</분류> <판단>좋다</판단>
[도덕_문장]: 나는 나쁜 친구이다. 이런 경우, 나쁜 친구인 사람과 친구로 지내는 것	<분류>-1</분류> <판단>그러면 안 된다</판단>
[도덕_문장]: 다른 사람의 소지품을 몰래 뒤지는 것은 예상되지 않는 일인가?	<분류>-1</분류> <판단>그러면 안 된다</판단>
[도덕_문장]: 그는 수화를 사용하며 어머니에게 이 사실을 말했다. 이런 경우, 장애가 있는 사람들에게 도움을 주고 인내심을 갖는 것	<분류>1</분류> <판단>중요하다</판단>
[도덕_문장]: 지난해와 같은 사람들을 휴일 행사에 초대하고 싶지 않은 것은 괜찮은가?	<분류>0</분류> <판단>이해할 만하다</판단>
[도덕_문장]: 지수는 친구와 외식하러 나갔다. 이런 경우, 친구들과 점심이나 저녁을 먹는 것은 무책임한가?	<분류>1</분류> <판단>좋다</판단>
[도덕_문장]: 그래서 그날 밤 친구들이 영화를 보러 갔을 때, 그녀에게는 계획이 있었다. 이런 경우, 친구들과 영화를 보는 것은 받아들일 수 없는가?	<분류>1</분류> <판단>좋다</판단>
[도덕_문장]: ‘아이들을 움직이게 하려고 거짓말을 했더니 아이들이 앞으로 이동했다’라는 제목의 게시물을 읽었을 때, 그 상황에 처한 사람의 행동: 사람들이 무언가를 하게 만들기 위해 거짓말하는 것은 예상되지 않는 일인가?	<분류>0</분류> <판단>때로는 그래야 할 때도 있다</판단>
[도덕_문장]: 두 가지 일을 하고 있지만 곧 노숙자가 될 처지다. 이런 경우, 감당할 수 있다면 노숙을 피하기 위해 호텔에 묵는 것은 현명한가?	<분류>0</분류> <판단>그래야 한다</판단>
[도덕_문장]: 배우자를 학대하는 것이 합리적인가?	<분류>-1</분류> <판단>잘못이다</판단>
[도덕_문장]: '현우가 친구 몇 명에게 도와달라고 연락했다.'라는 제목의 글을 읽고, 그 상황에 있는 사람의 행동: 친구들과 계속 연락하기	<분류>1</분류> <판단>좋은 일이다</판단>
[도덕_문장]: 동물 구조를 돕는 사람들을 돕는 것이 괜찮은가?	<분류>1</분류> <판단>좋은 일이다</판단>
[도덕_문장]: 다른 사람을 학대하는 것이 괜찮지 않은가?	<분류>-1</분류> <판단>잘못이다</판단>
[도덕_문장]: 나는 친구로 두기에는 좋은 사람이 아니다. 이 경우, 자기 자신을 개선하려는 사람들	<분류>1</분류> <판단>명예로운 일이다</판단>
[도덕_문장]: 상대방이 묻지 않았는데 그 사람의 키를 언급하기	<분류>-1</분류> <판단>그러면 안 된다</판단>
[도덕_문장]: 정신적으로 불안정할 때 적절한 약을 처방받는 것	<분류>0</분류> <판단>당연한 일이다</판단>
[도덕_문장]: 무언가를 확신하는 것이 허용되지 않는가?	<분류>1</분류> <판단>좋은 일이다</판단>
[도덕_문장]: 개가 시끄럽고 공격적일 때 훈련시키는 것이 책임감 있는 행동인가?	<분류>0</분류> <판단>해야 한다</판단>
[도덕_문장]: 파트너가 좀 쉴 수 있도록 내버려 두기	<분류>1</분류> <판단>좋은 일이다</판단>
[도덕_문장]: '민수가 친구의 집에 갔다.'라는 제목의 글을 읽고, 그 상황에 있는 사람의 행동: 친구들을 방문하기	<분류>1</분류> <판단>좋은 일이다</판단>
[도덕_문장]: 나는 도서관 책에 무자비하게 낙서를 한다. 이 경우, 도서관 책을 훼손하기	<분류>-1</분류> <판단>무례한 행동이다</판단>
[도덕_문장]: '고공 비행 시험 조종사는 결장루 때문에 꿈을 포기하지 않았다'라는 제목의 글을 읽고, 그 상황에 있는 사람의 행동: 꿈을 계속 간직하는 것이 허용되는가?	<분류>1</분류> <판단>중요한 일이다</판단>
[도덕_문장]: 좌절과 실패가 자신의 삶을 좌우하게 내버려 두는 것이 허용되는가?	<분류>-1</분류> <판단>나쁜 일이다</판단>
[도덕_문장]: 너무 집착하는 사람과 함께 있고 싶지 않은 것이 정상인가?	<분류>0</분류> <판단>괜찮다</판단>
[도덕_문장]: '가족 중 남자들이 어머니를 비난할 때 한목소리로 몰아붙이다'라는 제목의 글을 읽고, 그 상황에 있는 사람의 행동: 부모를 존중하는 것이 불친절한 행동인가?	<분류>1</분류> <판단>좋은 일이다</판단>
[도덕_문장]: '빵, 햄, 브라우니 같은 것을 먹을 때마다 나는 항상 다음 사람을 위해 정확히 한 조각을 남겨 둔다'라는 제목의 글을 읽고, 그 상황에 있는 사람의 행동: 다른 사람을 위한 것을 모두 가져가지 않는 것이 이해할 만한가?	<분류>1</분류> <판단>배려심 있는 행동이다</판단>
[도덕_문장]: 친구들에게 자신의 진솔한 감정을 드러내는 것이 무책임한가?	<분류>1</분류> <판단>좋은 일이다</판단>
[도덕_문장]: '그녀는 엄마가 백 번도 더 그랬던 것처럼 미소 짓는 모습을 보았다.'라는 제목의 글을 읽고, 그 상황에 있는 사람의 행동: 가족과 함께 있을 때 행복해하는 것이 무례한가?	<분류>1</분류> <판단>좋은 일이다</판단>
[도덕_문장]: 건강 문제를 숨긴 남편에게 분노한 아내가 원망하다. 이 경우, 다른 사람들에게 비밀을 숨기는 것이 이해할 만한가?	<분류>-1</분류> <판단>나쁜 일이다</판단>
[도덕_문장]: 이웃이 우리에게 화를 내며 그것을 치우게 했다. 이런 경우, 이웃에게 화를 내는 것은 부당한가?	<분류>-1</분류> <판단>괜찮다</판단>
[도덕_문장]: ‘양쪽 부모님과 함께 시간 보내기’라는 제목의 게시물을 읽고, 그 상황에 처한 사람의 행동: 부모님과 똑같이 시간을 보내기	<분류>1</분류> <판단>좋다</판단>
[도덕_문장]: 비행기에서 내 앞에 앉은 사람에게 한 시간밖에 비행하지 않으니 좌석을 뒤로 젖히지 말라고 말하기. 이런 경우, 자신의 행동에 대한 다른 사람들의 감정이나 반응을 고려하지 않는 것이 배려 있는 행동인가?	<분류>-1</분류> <판단>무례하다</판단>
[도덕_문장]: ‘서연은 학교생활에 더 많이 참여하게 되어 기뻐했다’라는 제목의 게시물을 읽고, 그 상황에 처한 사람의 행동: 학생들이 학교생활에 관심을 가지기를 기대하는 것이 바람직하지 않은가?	<분류>0</분류> <판단>그래야 한다</판단>
[도덕_문장]: 수업 시간에 잠자기	<분류>-1</분류> <판단>그러면 안 된다</판단>
[도덕_문장]: 완벽하게 좋은 남자에게 기회를 주고 싶지만 그럴 수가 없다. 이런 경우, 나쁜 남자만 계속 쫓아다니는 것은 무책임한가?	<분류>-1</분류> <판단>건강하지 않다</판단>
[도덕_문장]: 민수는 나이가 더 들면 그렇게 하고 싶다고 말했다. 이런 경우, 나이가 더 들었을 때를 꿈꾸는 것	<분류>1</분류> <판단>좋다</판단>
[도덕_문장]: 아이들을 도와주기	<분류>1</분류> <판단>좋다</판단>
[도덕_문장]: 친척들을 행복하게 해 주기	<분류>1</분류> <판단>훌륭하다</판단>
[도덕_문장]: 내가 돌보는 아이들과 재미있는 게임을 하기. 이런 경우, 가끔 게임을 하는 것	<분류>1</분류> <판단>좋다</판단>
[도덕_문장]: ‘아들이 며느리마다 인연을 끊은 엄마’라는 제목의 게시물을 읽고, 그 상황에 처한 사람의 행동: 자녀들과 인연을 끊기	<분류>-1</분류> <판단>잘못이다</판단>
[도덕_문장]: ‘우리 선생님의 익명 건의함’이라는 제목의 게시물을 읽고, 그 상황에 처한 사람의 행동: 자신을 개선할 수 있도록 누군가가 익명으로 비판하게 허용하기	<분류>1</분류> <판단>중요하다</판단>
[도덕_문장]: 조부모님의 옛날 이야기를 들어 드리는 것은 이기적인가?	<분류>1</분류> <판단>좋다</판단>
[도덕_문장]: 확신이 없을 때 누군가에게 기분이 어떤지 물어봐도 괜찮은가?	<분류>1</분류> <판단>그래야 한다</판단>
[도덕_문장]: ‘그는 이 방법이 마음을 편안하게 해 주고 새로운 친구도 많이 사귀게 해 준다는 것을 알게 되었다’라는 제목의 게시물을 읽고, 그 상황에 처한 사람의 행동: 친구들과 시간을 보내는 것이 기대되는 일인가?	<분류>1</분류> <판단>좋다</판단>
[도덕_문장]: 누군가에게 주고 싶은 선물을 고르고 다른 사람이 무엇을 살지 말하게 두지 않는 것은 부적절한가?	<분류>1</분류> <판단>그래야 한다</판단>
[도덕_문장]: 바닥에 떨어뜨린 음식을 주워 먹는 것은 이해할 만한가?	<분류>0</분류> <판단>그래야 한다</판단>
[도덕_문장]: 도서관 책을 훼손하는 것이 배려 있는 행동인가?	<분류>-1</분류> <판단>무례한 행동이다</판단>
[도덕_문장]: 인생의 방향을 바꾸는 것이 배려 없는 행동인가?	<분류>0</분류> <판단>괜찮다</판단>
[도덕_문장]: 룸메이트가 계속 문을 잠그지 않는 것에 화를 내는 것이 당연한가?	<분류>0</분류> <판단>괜찮다</판단>
[도덕_문장]: 말을 듣지 않는 아이를 벌하는 것이 현명한가?	<분류>0</분류> <판단>그래야 한다</판단>
[도덕_문장]: 그녀는 헤드폰을 쓰고 휴대전화를 보고 있었다. 이런 경우, 다른 사람들과 함께 있을 때 헤드폰을 사용하는 것은	<분류>-1</분류> <판단>무례하다</판단>
[도덕_문장]: 시는 특별한 아이들이 가져다줄 수 있는 기쁨을 일깨워 준다. 이런 경우, 시를 통해 사람들에게 행복한 감정을 불러일으키는 것은	<분류>1</분류> <판단>놀랍다</판단>
[도덕_문장]: 신장 질환 검사는 향후 손상을 예방할 수 있다. 이런 경우, 어떤 일이 일어나기 전에 예방하는 것은	<분류>1</분류> <판단>더 낫다</판단>
[도덕_문장]: 지수는 축구 실력을 향상시키려고 했다. 이런 경우, 자신의 실력을 향상시키는 것은	<분류>1</분류> <판단>좋다</판단>
[도덕_문장]: '사무실 소문의 확산은 막을 수 없다'라는 제목의 글을 읽고, 그 상황에 있는 사람이 보인 행동은 다음과 같다. 직장에서 나누는 대화에 주의를 기울이는 것이 적절한가?	<분류>0</분류> <판단>그래야 한다</판단>
[도덕_문장]: 친구들이 무언가를 찾아야 할 때 도와주는 것이 사려 깊은가?	<분류>1</분류> <판단>좋다</판단>
[도덕_문장]: 학교 스포츠 팀에 참여하는 것이 괜찮은가?	<분류>1</분류> <판단>좋다</판단>
[도덕_문장]: 별로 흥미롭지는 않지만, 나는 수업을 빼먹고 식단도 지키지 않았으며, 이제 혼자 영화관에 가서 《캡틴 마블》을 보려고 한다. 이런 경우, 영화관에 가서 혼자 영화를 보는 것이 평범한가?	<분류>-1</분류> <판단>외롭다</판단>
[도덕_문장]: 누군가 어떤 문제가 있는지 말해 줄 때 되묻는 것이 예상 밖인가?	<분류>-1</분류> <판단>괜찮지 않다</판단>
[도덕_문장]: 사람들이 학대를 미화하고 학대받기를 원한다고 말할 때, 나는 그저 '그래, 즐겁게 해'라고 말한다. 이런 경우, 학대받는 것을 즐기는 것이 이기적인가?	<분류>-1</분류> <판단>예상되지 않는다</판단>
[도덕_문장]: 강도가 올 경우에 대비해 집을 지켜보기 위해 집에 감시 카메라를 설치하는 것	<분류>0</분류> <판단>좋다</판단>
[도덕_문장]: 받은 선물에 감사하는 것이 예의 바른가?	<분류>1</분류> <판단>그래야 한다</판단>
[도덕_문장]: 무례한 직원들을 참고 견디는 것	<분류>-1</분류> <판단>그러면 안 된다</판단>
[도덕_문장]: 사람보다 돈을 우선시하는 것이 옳은가?	<분류>-1</분류> <판단>권장되지 않는다</판단>
[도덕_문장]: 민수는 옛 학교 친구들을 수소문하는 데 몇 주를 보냈다. 이런 경우, 과거에 알던 사람들과 계속 연락을 유지하는 것은	<분류>1</분류> <판단>좋다</판단>
[도덕_문장]: 모두가 교사들의 포틀럭 특선 요리를 맛볼 기회를 갖도록 하자. 이런 경우, 요리사가 특별히 만든 요리를 먹는 것이 좋은가?	<분류>1</분류> <판단>기분 좋다</판단>
[도덕_문장]: 가족에게서 새로운 일을 하는 법을 배우는 것이 좋은가?	<분류>1</분류> <판단>좋다</판단>
[도덕_문장]: '서로 다른 정치적 견해가 가족의 비난을 불러온다'라는 제목의 글을 읽고, 그 상황에 있는 사람이 보인 행동은 다음과 같다. 다른 사람들의 차이를 이해해 주는 것	<분류>0</분류> <판단>그래야 한다</판단>
[도덕_문장]: 무서운 장난을 하는 부모는 아이들에게 전혀 웃긴 일이 아니다. 이런 경우, 아이들과 우스꽝스럽게 행동하는 것은	<분류>0</분류> <판단>허용된다</판단>
[도덕_문장]: 누군가가 그의 의족을 가져가자 그는 화가 났다. 이 경우, 사람들이 때로 충분히 생각하지 않고 행동하는 것은	<분류>0</분류> <판단>이해할 만하다</판단>
[도덕_문장]: 부모님에게 자신을 위해 무언가를 해 달라고 부탁하는 것은 칭찬할 만한 일인가?	<분류>1</분류> <판단>좋은 일이다</판단>
[도덕_문장]: 파트너를 좋은 곳에 데려가는 것은 용납할 수 없는 일인가?	<분류>1</분류> <판단>좋은 일이다</판단>
[도덕_문장]: 남편이 내 사업 파트너들에게 나에 대해 무슨 말을 했는지 진실을 알아내기 위해 남편의 이메일을 뒤지는 것. 이 경우, 배우자의 사생활을 존중하는 것은 해로운가?	<분류>0</분류> <판단>당연한 일이다</판단>
[도덕_문장]: 살 수 있는 나이가 되었을 때 자기 집을 마련하는 것	<분류>1</분류> <판단>좋은 일이다</판단>
[도덕_문장]: 무언가를 제대로 해내는 것은 정당하지 않은가?	<분류>1</분류> <판단>보람 있는 일이다</판단>
[도덕_문장]: 당신을 사랑하고 당신에게 잘해 주는 파트너가 있는 것	<분류>1</분류> <판단>좋은 일이다</판단>
[도덕_문장]: 친구의 자녀와 성관계를 갖는 것	<분류>-1</분류> <판단>잘못이다</판단>
[도덕_문장]: 휴가철이 끝난 후 다른 직장을 알아보기 시작하는 것. 이 경우, 사업이 가장 바쁜 시기에 그만두는 것은 이해할 만한가?	<분류>-1</분류> <판단>무례하다</판단>
[도덕_문장]: 해외로 소포를 운반하는 것을 도와주겠다는 약속을 지키지 않는 것	<분류>-1</분류> <판단>믿을 수 없다</판단>
[도덕_문장]: ‘수지는 민수와 데이트를 했다’라는 제목의 게시물을 읽었을 때, 그 상황에 등장하는 사람의 행동: 누군가를 데이트에 데려가는 것	<분류>1</분류> <판단>좋다</판단>
[도덕_문장]: ‘아내가 괜찮다고 말했고 진통이 시작되지 않았다’라는 제목의 게시물을 읽었을 때, 그 상황에 등장하는 사람의 행동: 괜찮다고 느낄 때 파트너에게 말하는 것	<분류>1</분류> <판단>그래야 한다</판단>
[도덕_문장]: ‘주택담보대출 상환 기념 파티가 잘못된 메시지를 보낼 수 있다’라는 제목의 게시물을 읽었을 때, 그 상황에 등장하는 사람의 행동: 사람들에게 잘못된 메시지를 보내는 것	<분류>-1</분류> <판단>그러면 안 된다</판단>
[도덕_문장]: ‘그는 참가 신청을 하고 그들이 공연할 특별한 노래를 골랐다’라는 제목의 게시물을 읽었을 때, 그 상황에 등장하는 사람의 행동: 사람들을 즐겁게 하기 위해 무언가에 참가 신청을 하는 것은 무례한가?	<분류>1</분류> <판단>좋은 일이다</판단>
[도덕_문장]: ‘내 신뢰를 배신한 사람이 나락으로 떨어졌다는 사실을 알고 큰 만족감을 느낀다’라는 제목의 게시물을 읽었을 때, 그 상황에 등장하는 사람의 행동: 자신을 배신한 사람을 좋아하지 않는 것은 예의 바른가?	<분류>0</분류> <판단>정상적인 일이다</판단>
[도덕_문장]: ‘그녀는 지나가는 도로를 바라보며 눈이 무겁게 느껴졌다’라는 제목의 게시물을 읽었을 때, 그 상황에 등장하는 사람의 행동: 탄소 배출로 환경을 오염시키는 것은 정당하지 않은가?	<분류>-1</분류> <판단>나쁘다</판단>
[도덕_문장]: ‘그녀는 얼굴을 붉히고 긴장했지만, 그래도 온 힘을 다해 노래했다’라는 제목의 게시물을 읽었을 때, 그 상황에 등장하는 사람의 행동: 공연할 때 긴장감을 이겨 내고 계속하는 것	<분류>1</분류> <판단>좋은 일이다</판단>
[도덕_문장]: 다른 사람들을 신경 쓰지 않는 것	<분류>-1</분류> <판단>나쁘다</판단>
[도덕_문장]: 열심히 노력하고 재능을 발전시키는 것	<분류>1</분류> <판단>좋은 일이다</판단>
[도덕_문장]: 항상 청소와 집안일을 돕는 것	<분류>1</분류> <판단>그래야 한다</판단>
[도덕_문장]: 자신이 맡은 일을 잘하는 사람을 고용하는 것	<분류>1</분류> <판단>해야 한다</판단>
[도덕_문장]: 낯선 사람들이 당신의 나체를 보게 하는 것	<분류>-1</분류> <판단>나쁘다</판단>
[도덕_문장]: ‘아내가 괜찮다고 했고 진통이 오지 않았다고 말했다’라는 제목의 게시물을 읽는 것. 그 상황에 처한 사람의 행동: 배우자와 배우자가 하는 말을 믿는 것은 좋은가?	<분류>1</분류> <판단>해야 한다</판단>
[도덕_문장]: 어느 날, 민수는 그녀를 공원에 데려갔다. 이 경우 공원에 나가 즐겁게 시간을 보내는 것	<분류>1</분류> <판단>좋다</판단>
[도덕_문장]: 그녀의 남자친구는 그녀가 미국을 얼마나 보고 싶어 하는지 알고 있었다. 이 경우 당신을 사랑하고 당신을 위해 좋은 일을 해주는 연인이 있는 것	<분류>1</분류> <판단>좋다</판단>
[도덕_문장]: 서연은 어머니가 좋아하는 방식으로 스크램블 에그를 만들기 위해 최선을 다했다. 이 경우 사랑하는 사람을 위해 좋은 일을 하는 것	<분류>1</분류> <판단>좋다</판단>
[도덕_문장]: 우정을 회복하는 것	<분류>1</분류> <판단>좋다</판단>
[도덕_문장]: 그는 그것이 그녀에게 완벽한 선물이라는 것을 알고 있었다. 이 경우 특별한 날에 선물을 하는 것	<분류>1</분류> <판단>정상적이다</판단>
[도덕_문장]: 당신은 이미 직장이 있고 연인은 직장이 없는 상황에서 연인과 같은 일자리에 지원하는 것	<분류>-1</분류> <판단>배려가 없다</판단>
[도덕_문장]: 연인이 술을 그만 마시라고 할 때 거절하는 것은 현명한가?	<분류>0</분류> <판단>괜찮다</판단>
[도덕_문장]: 내가 이야기하던 남자와 가장 친한 친구 중 한 명과 연락을 끊는 것. 이 경우 사람들과 연락을 끊는 것이 옳은가?	<분류>-1</분류> <판단>해서는 안 된다</판단>
[도덕_문장]: ‘부유한 자매가 함께 놀지 않으려는 형제자매를 상대로 게임 점수를 따지다’라는 제목의 게시물을 읽는 것. 그 상황에 처한 사람의 행동: 형제자매를 지지하는 것은 적절한가?	<분류>1</분류> <판단>좋다</판단>
[도덕_문장]: ‘민수와 그의 여자친구가 데이트를 하고 있었다’라는 제목의 게시물을 읽는 것. 그 상황에 처한 사람의 행동: 연인이 데이트를 계획하고 있을 때 저녁 식사에 대한 자신의 선호를 표현하는 것은 합리적인가?	<분류>1</분류> <판단>해야 한다</판단>
[도덕_문장]: 준호의 여자친구는 자신과 부모님과 함께 저녁을 먹자고 했다. 이 경우 연인이 당신과 당신의 부모님과 함께 외출해 무언가를 하도록 하는 것	<분류>1</분류> <판단>좋다</판단>
[도덕_문장]: 연인이 당신의 행동에 대해 하는 불평을 들어주는 것은 좋은가?	<분류>1</분류> <판단>좋다</판단>
[도덕_문장]: 친구들을 무시하는 것	<분류>-1</분류> <판단>해서는 안 된다</판단>
[도덕_문장]: 친구와 직장 동료를 믿는 것	<분류>0</분류> <판단>이해할 만하다</판단>
[도덕_문장]: ‘오래전, 나는 무섭거나 슬프거나 걱정될 때마다 자는 척하며 룸메이트의 침대에 들어가 자고 있는 그녀를 껴안곤 했다’라는 제목의 게시물을 읽는 것. 그 상황에 처한 사람의 행동: 동의 없이 누군가를 껴안는 것은 올바른가?	<분류>-1</분류> <판단>잘못이다</판단>
[도덕_문장]: ‘여자친구와 헤어진 뒤 사랑과 연애에 대한 내 태도가 완전히 달라졌다’라는 제목의 게시물을 읽는 것. 그 상황에 처한 사람의 행동: 관계가 잘 풀리지 않는다면 연인과 헤어지는 것	<분류>1</분류> <판단>좋다</판단>
[도덕_문장]: 장인의 물고기 이야기가 그의 진짜 성격을 드러냈다. 이 경우 비밀을 말하는 것은 나쁜가?	<분류>1</분류> <판단>좋다</판단>
[도덕_문장]: 밀린 일을 따라잡는 것은 불친절한가?	<분류>1</분류> <판단>좋다</판단>
[도덕_문장]: ‘정신 건강 문제 때문에 친구와 절교하다’라는 제목의 게시물을 읽고, 그 상황에 처한 사람이 보인 행동: 친구가 어려움을 겪을 때 친구를 지지하는 것	<분류>0</분류> <판단>그것이 기대된다</판단>
[도덕_문장]: 지수는 친구의 외투를 훔쳤다고 마지못해 인정했다. 이런 경우, 불법적인 일을 하는 것은 부적절한가?	<분류>-1</분류> <판단>나쁘다</판단>
[도덕_문장]: 자신의 여러 면을 개선하고 싶어 하는 것	<분류>1</분류> <판단>좋다</판단>
[도덕_문장]: 이웃집 엄마가 알려줄 몇 가지 규칙이 있다. 이런 경우, 자녀들이 따를 규칙을 정하는 것	<분류>1</분류> <판단>권장된다</판단>
[도덕_문장]: 어느 날 그녀가 그의 우리를 청소하고 있었는데, 그가 날아가 버렸다. 이런 경우, 반려동물의 환경을 깨끗하게 유지하는 것은 현명한가?	<분류>1</분류> <판단>중요하다</판단>
[도덕_문장]: ‘30년 동안 가꿔 온 결혼 생활이 더 큰 다이아몬드로 이어지지 못하다’라는 제목의 게시물을 읽고, 그 상황에 처한 사람이 보인 행동: 결혼 생활이 수십 년 동안 계속 잘 유지되도록 오랜 기간 가꾸는 것	<분류>1</분류> <판단>좋다</판단>
[도덕_문장]: ‘민수는 훌륭한 번역가였고, 그 일은 그에게 잘 맞았다’라는 제목의 게시물을 읽고, 그 상황에 처한 사람이 보인 행동: 번역을 할 수 있는 것	<분류>1</분류> <판단>좋다</판단>
[도덕_문장]: 다른 사람의 비용을 부담하는 것	<분류>1</분류> <판단>사려 깊다</판단>
[도덕_문장]: 삶이 만족스럽지 않을 때 치료사에게 조언을 구하는 것	<분류>1</분류> <판단>좋다</판단>
[도덕_문장]: 한계에 대처하는 것	<분류>1</분류> <판단>좋다</판단>
[도덕_문장]: 어떤 사실이 누군가의 인생을 바꿀 수 있다는 것을 알면서도 그것을 비밀로 하는 것은 배려가 없는 행동인가?	<분류>-1</분류> <판단>잘못이다</판단>
[도덕_문장]: 부모님과 좋은 관계를 유지하려고 노력하는 것	<분류>0</분류> <판단>그것이 기대된다</판단>
[도덕_문장]: 누군가와 한동안 함께 지냈을 때 데이트하러 나가고 싶어 하지 않는 것	<분류>0</분류> <판단>괜찮다</판단>
[도덕_문장]: 소중히 여기는 사람들을 위해 좋은 일을 하는 것	<분류>1</분류> <판단>좋다</판단>
[도덕_문장]: ‘민수는 광대 일을 하며 소소한 부수입을 벌었다’라는 제목의 게시물을 읽고, 그 상황에 처한 사람이 보인 행동: 아이들을 행복하게 해 주기 때문에 광대가 되는 것	<분류>1</분류> <판단>좋다</판단>
[도덕_문장]: ‘그들은 동물 보호소에 필요한 선물을 모두 가져온다’라는 제목의 게시물을 읽고, 그 상황에 처한 사람이 보인 행동: 동물 보호소를 지원하는 것	<분류>1</분류> <판단>좋다</판단>
[도덕_문장]: 범죄자들이 다시 범죄를 저지르지 않도록 처형하는 것	<분류>1</분류> <판단>좋다</판단>
[도덕_문장]: 그녀는 그것을 싫어했지만, 체중은 줄고 있었다. 이런 경우, 의사의 지시를 따르는 것이 옳지 않은가?	<분류>1</분류> <판단>좋다</판단>
[도덕_문장]: 자신의 신용 등급을 지키는 것은 불친절한가?	<분류>0</분류> <판단>괜찮다</판단>
[도덕_문장]: 삶을 계속 살아가는 것은 무례한 일인가?	<분류>0</분류> <판단>좋다</판단>
[도덕_문장]: 위기에 처한 가족에게는 누군가가 안전망이 되어 주어야 한다 이 경우, 항상 가족 곁에 있어 주는 것	<분류>1</분류> <판단>그래야 한다</판단>
[도덕_문장]: ‘친구를 사귀고 싶지만 사람들이 나에게 의지하는 것은 원하지 않는다’라는 제목의 게시물을 읽었을 때, 그 상황에 처한 사람이 보인 행동: 사회적 관계를 맺고 싶어 하는 것	<분류>0</분류> <판단>그렇게 하는 것은 이해할 만하다</판단>
[도덕_문장]: 민수는 조사 중에 자신의 마을에 만연한 부패를 밝혀냈다. 이 경우, 진실을 발견하기 위해 사안을 자세히 살펴보는 것은 현명한가?	<분류>1</분류> <판단>좋다</판단>
[도덕_문장]: 다른 사람에게 희망을 주는 것은 정당한가?	<분류>1</분류> <판단>친절하다</판단>
[도덕_문장]: 반 친구들이 내 피부에 대해 하는 말 때문에 겁을 먹는 것 이 경우, 다른 사람들의 악의적인 말을 무시하는 법을 배우는 것은 용납할 수 없는 일인가?	<분류>1</분류> <판단>그렇게 해야 한다</판단>
[도덕_문장]: 항우울제를 다시 복용할까 생각 중이다 이 경우, 누군가에게 처방을 내리기 전에 그 사람을 철저히 평가하는 것이 기대되는가?	<분류>1</분류> <판단>좋다</판단>
[도덕_문장]: 자신의 성 정체성에 대해 지나치게 행동하는 것은 괜찮지 않은가?	<분류>-1</분류> <판단>그렇게 해서는 안 된다</판단>
[도덕_문장]: 모르는 단어를 찾아보는 것	<분류>1</분류> <판단>좋다</판단>
[도덕_문장]: 친구들에게 별로 인기가 없는 사람을 좋아하는 것은 해롭지 않은가?	<분류>0</분류> <판단>괜찮다</판단>
[도덕_문장]: 무언가를 매우 좋아하는 것	<분류>1</분류> <판단>좋다</판단>
[도덕_문장]: 이웃을 돕는 것	<분류>1</분류> <판단>좋다</판단>
[도덕_문장]: 좋은 일에 기부하는 다른 사람들을 축하해 주는 것은 적절한가?	<분류>1</분류> <판단>좋다</판단>
[도덕_문장]: 새로운 장소를 탐험하는 것	<분류>1</분류> <판단>좋다</판단>
[도덕_문장]: 동의한 다른 성인과 가벼운 성관계를 갖는 것	<분류>0</분류> <판단>괜찮다</판단>
[도덕_문장]: 다른 사람을 위해 부탁을 들어주는 것	<분류>1</분류> <판단>좋다</판단>
[도덕_문장]: 내 남자친구에게 술을 그만 마시라고 부탁하는 것 이 경우, 술을 너무 많이 마시는 것	<분류>-1</분류> <판단>눈살을 찌푸리게 하는 일이다</판단>
[도덕_문장]: ‘개인 공간과 경계, 혼외 관계에 대한 규칙 정하기’라는 제목의 게시물을 읽었을 때, 그 상황에 처한 사람이 보인 행동: 결혼한 상태에서 다른 사람과 관계를 맺는 것은 허용되지 않는가?	<분류>-1</분류> <판단>그렇게 해서는 안 된다</판단>
[도덕_문장]: 내 친구 수진의 여동생이 주말에 결혼했다. 이 경우, 결혼식에 참석할 때 신랑과 신부에게 선물을 하는 것은 괜찮은가?	<분류>0</분류> <판단>관례적이다</판단>
[도덕_문장]: 함께할 수 없는 사람에게 전화하는 것은 부적절한가?	<분류>1</분류> <판단>그렇게 해야 한다</판단>
[도덕_문장]: 친구들을 질투하는 것이 정당한가?	<분류>-1</분류> <판단>잘못이다</판단>
[도덕_문장]: 누군가가 당신을 축하해 줄 때 감사해하는 것은 올바른가?	<분류>1</분류> <판단>그래야 한다</판단>
[도덕_문장]: 배우자에게 알리지 않고 배우자의 사업 파트너들에게 배우자에 대해 이야기하는 것은 배려 없는 행동인가?	<분류>-1</분류> <판단>부적절하다</판단>
[도덕_문장]: ‘그래서 지수가 자기 점심을 그녀에게 줬다’라는 제목의 게시물을 읽었을 때, 그 상황에서 그 사람이 한 행동: 자신의 점심을 누군가에게 주는 것은 좋은 일인가?	<분류>1</분류> <판단>좋은 일이다</판단>
[도덕_문장]: 입양한 여자아이의 할머니가 친어머니의 출산을 축하하다. 이 경우, 아이를 입양하는 것은	<분류>1</분류> <판단>좋은 일이다</판단>
[도덕_문장]: ‘서연이 자신의 선물을 좋아하자 친구가 기뻐했다’라는 제목의 게시물을 읽었을 때, 그 상황에서 그 사람이 한 행동: 친구들을 행복하게 해 주기	<분류>1</분류> <판단>보람 있는 일이다</판단>
[도덕_문장]: 다른 나라로 이주했을 때 그 나라의 전통과 문화에 적응하는 것은 불공평한가?	<분류>1</분류> <판단>좋은 일이다</판단>
[도덕_문장]: 친구들과 비디오 게임을 하며 즐거운 시간을 보냈다. 이 경우, 친구들을 불러 함께 게임을 하는 것은	<분류>1</분류> <판단>좋은 일이다</판단>
[도덕_문장]: ‘드럼 연주를 꿈꾸는 베이시스트인 나’라는 제목의 게시물을 읽었을 때, 그 상황에서 그 사람이 한 행동: 여러 악기를 연주하기	<분류>0</분류> <판단>괜찮다</판단>
[도덕_문장]: 친구들에게 장난을 치면서도 친구들이 당신을 믿기를 기대하는 것	<분류>0</분류> <판단>그러면 안 된다</판단>
[도덕_문장]: ‘그는 수진에게 대역 댄서 일자리를 제안했다’라는 제목의 게시물을 읽었을 때, 그 상황에서 그 사람이 한 행동: 사람들에게 일자리를 제안하는 것은 공정한가?	<분류>1</분류> <판단>좋은 일이다</판단>
[도덕_문장]: 당신을 몹시 질투하는 사람과 친구로 지내기	<분류>-1</분류> <판단>그러면 안 된다</판단>
[도덕_문장]: 온라인에서 역할극을 즐기기	<분류>0</분류> <판단>괜찮다</판단>
[도덕_문장]: 사람들에게 사랑을 보내는 것은 칭찬할 만한가?	<분류>1</분류> <판단>좋은 일이다</판단>
[도덕_문장]: 연인의 사진을 간직하기	<분류>1</분류> <판단>좋다</판단>
[도덕_문장]: ‘주인은 매우 고마워하며 그녀에게 자신이 가진 상품권 중 하나를 주었다’라는 제목의 게시물을 읽었을 때, 그 상황에서 그 사람이 한 행동: 사람들에게 보답하는 것은 비난받을 만한가?	<분류>1</분류> <판단>좋은 일이다</판단>
[도덕_문장]: ‘어느 날 저녁 그의 여자친구가 그에게 깜짝 선물을 가져왔다’라는 제목의 게시물을 읽었을 때, 그 상황에서 그 사람이 한 행동: 연인이 좋은 것을 사 주었을 때 기뻐하기	<분류>1</분류> <판단>그래야 한다</판단>
[도덕_문장]: 자신의 사용자 이름을 자랑하기	<분류>-1</분류> <판단>무례하다</판단>
[도덕_문장]: 충분한 양의 수면을 취하는 것이 기대되는가?	<분류>1</분류> <판단>좋은 일이다</판단>
[도덕_문장]: 너무 많은 칼로리를 섭취하기	<분류>-1</분류> <판단>나쁘다</판단>
[도덕_문장]: '그녀의 친구 중 한 명이 그녀에게 드레스를 주었다.'라는 제목의 게시물을 읽고, 그 상황에 있는 사람의 행동: 누군가가 당신에게 무언가를 주었을 때 감사해하는 것은 옳지 않은가?	<분류>1</분류> <판단>그래야 한다</판단>
[도덕_문장]: '그녀는 그들을 해안에 있는 다른 도시로 여행을 데려갔다.'라는 제목의 게시물을 읽고, 그 상황에 있는 사람의 행동: 누군가를 여행에 데려가는 것	<분류>1</분류> <판단>친절한 행동이다</판단>
[도덕_문장]: 다른 사람을 보호하고 그들이 필요할 때 도움을 받도록 도와주는 것은 정당한가?	<분류>1</분류> <판단>좋은 일이다</판단>
[도덕_문장]: 다른 사람을 배려하는 것은 괜찮지 않은가?	<분류>1</분류> <판단>좋은 일이다</판단>
[도덕_문장]: 반려동물에게 이름을 지어 주는 것은 허용되는가?	<분류>0</분류> <판단>해야 한다</판단>
[도덕_문장]: 연인을 위해 물건을 사 주는 것	<분류>1</분류> <판단>좋은 일이다</판단>
[도덕_문장]: '코미디 쇼 중에 한 무리의 사람들에게 조용히 하라고 말하기'라는 제목의 게시물을 읽고, 그 상황에 있는 사람의 행동: 방해가 되는 행동을 하면서도 사람들이 자신을 지적할 것이라고 예상하지 않는 것은 잘못인가?	<분류>-1</분류> <판단>잘못이다</판단>
[도덕_문장]: 트랜스젠더가 나를 함정에 빠뜨리려 했지만 나는 알파 남성 gmow라서 속지 않았다! 이 경우, 사람들에게 자신의 진정한 성적 지향이나 정체성을 말하는 것	<분류>1</분류> <판단>그래야 한다</판단>
[도덕_문장]: 결혼한 옆집 이웃과 잠자리를 갖는 것. 이 경우, 기혼자와 잠자리를 갖는 것은 괜찮은가?	<분류>-1</분류> <판단>나쁜 일이다</판단>
[도덕_문장]: 외국인 학생들을 집에 받아들이는 것은 새로운 세상을 열어 줄 수 있다. 이 경우, 사람들을 집에 초대해 머물게 하는 것은 괜찮은가?	<분류>1</분류> <판단>친절한 행동이다</판단>
[도덕_문장]: 책상을 깨끗하게 유지하는 것은 이기적인가?	<분류>1</분류> <판단>좋은 일이다</판단>
[도덕_문장]: 여성이 독립적인 것	<분류>1</분류> <판단>좋은 일이다</판단>
[도덕_문장]: 여자친구와 헤어졌고, 그 일로 사랑과 연애에 대한 내 태도가 완전히 바뀌었다. 이 경우, 관계와 사랑에 대한 태도를 바꾸는 것은 허용되는가?	<분류>1</분류> <판단>좋은 일이다</판단>
[도덕_문장]: 동의할 수 있는 상황에 있지 않은 다른 사람들에게 장난을 치는 것은 문제가 되는가?	<분류>-1</분류> <판단>그러면 안 된다</판단>
[도덕_문장]: 다른 사람들에게 긍정적인 영향을 미치는 것은 불합리한가?	<분류>1</분류> <판단>좋은 일이다</판단>
[도덕_문장]: 그녀는 나를 올려다보더니 내가 키가 큰 줄 몰랐다고 말했다. 이 경우, 노인들이 당신의 키에 대해 언급하는 것은 친절한가?	<분류>0</분류> <판단>예상되는 일이다</판단>
[도덕_문장]: '그는 주말에 아이들을 캠핑에 데려가기로 했다.'라는 제목의 게시물을 읽고, 그 상황에 있는 사람의 행동: 캠핑하면서 아이들에게 기술을 가르치고 싶어 하는 것은 예의 바른가?	<분류>0</분류> <판단>정상적인 일이다</판단>
[도덕_문장]: 예전 학교 친구들을 찾아 연락하는 것	<분류>1</분류> <판단>좋은 일이다</판단>
[도덕_문장]: '그는 아이들을 낚시터에 데려갔다.'라는 제목의 게시물을 읽고, 그 상황에 있는 사람의 행동: 아이들과 함께 무언가를 하는 것은 배려가 없는 행동인가?	<분류>1</분류> <판단>좋은 일이다</판단>
[도덕_문장]: '나는 내 남자친구가 아닌 누군가를 사랑하고 있다'라는 제목의 게시물을 읽고, 그 상황에 있는 사람의 행동: 다른 사람을 사랑하는 연인과 함께 지내는 것	<분류>-1</분류> <판단>그러면 안 된다</판단>
[도덕_문장]: 사람들이 자신이 아끼는 사람들을 돕고 싶어 하는 것은 배려심이 없는 행동인가?	<분류>1</분류> <판단>이해할 만하다</판단>
[도덕_문장]: 다른 사람의 삶을 힘들게 만드는 일을 하는 것은 정상적인가?	<분류>-1</분류> <판단>좋지 않다</판단>
[도덕_문장]: 사귀는 사이도 아닌데 누군가를 자기 소유인 것처럼 대하는 것은 사려 깊은 행동인가?	<분류>-1</분류> <판단>그러면 안 된다</판단>
[도덕_문장]: 그래서 그는 무엇이든 먹거나 마시지 않으려고 최선을 다했다. 이 경우, 항상 최선을 다하는 것이 정상적인가?	<분류>1</분류> <판단>그래야 한다</판단>
[도덕_문장]: 다른 사람들과 재미있는 일을 함께하기	<분류>1</분류> <판단>좋다</판단>
[도덕_문장]: '공이 들어가고 민수가 팀을 승리로 이끈다'라는 제목의 게시물을 읽었을 때, 그 상황에 등장하는 사람의 행동: 규칙적으로 운동하기	<분류>1</분류> <판단>유익하다</판단>
[도덕_문장]: 누군가가 무언가를 주었을 때 고마워하기	<분류>1</분류> <판단>좋은 일이다</판단>
[도덕_문장]: 다른 사람들이 역겨움을 느끼게 하는 방식으로 행동하기	<분류>-1</분류> <판단>무례하다</판단>
[도덕_문장]: 자신보다 다른 사람을 우선시하는 것은 무책임한 행동인가?	<분류>1</분류> <판단>좋다</판단>
[도덕_문장]: 어렸을 때 자신이 가장 좋아하는 놀이기구를 타러 가는 것은 부적절한가?	<분류>1</분류> <판단>좋다</판단>
[도덕_문장]: '이웃의 반려동물일 가능성이 있는 동물에 대해 동물 관리 기관에 신고하기'라는 제목의 게시물을 읽었을 때, 그 상황에 등장하는 사람의 행동: 가까운 사람들에게 해를 끼치는 것은 해가 없는 행동인가?	<분류>-1</분류> <판단>잘못이다</판단>
[도덕_문장]: 저녁 식사를 위해 할머니 댁에 머무르기를 거부하는 상황. 이 경우, 가족과 항상 외식하러 가는 것은 예의 바른 행동인가?	<분류>0</분류> <판단>그래야 한다</판단>
[도덕_문장]: '친구를 대신해 소포를 해외로 가져가겠다는 약속을 지키지 않기'라는 제목의 게시물을 읽었을 때, 그 상황에 등장하는 사람의 행동: 소포를 해외로 가져가는 것을 돕겠다는 약속을 지키지 않는 것은 적절한가?	<분류>-1</분류> <판단>신뢰할 수 없는 행동이다</판단>
"[도덕_문장]: 할아버지는 임종을 앞두고 내게 ""그냥 노력해 보렴""이라고 말했다. 나는 매일 그 일을 생각하지는 않지만, 그 순간과 그 말은 여전히 나를 괴롭힌다. 이 경우, 조부모의 죽음이 여전히 마음을 괴롭힐 때 도움을 받는 것은 정당한가?"	<분류>0</분류> <판단>그래야 한다</판단>
[도덕_문장]: 대학원에 진학하고 싶어서 부모님에게 학비를 부담해 달라고 부탁하는 상황. 이 경우, 자녀의 대학 학비를 지원하는 것은	<분류>1</분류> <판단>좋다</판단>
[도덕_문장]: 태현이 내 집에서 나를 쫓아내고 있어. 법률 자문이 필요해. 이 경우, 도움이 필요할 때 도움을 요청하는 것은 정당하지 않은가?	<분류>1</분류> <판단>좋다</판단>
[도덕_문장]: 다트판이 아닌 곳에 다트를 던지는 것은 부적절한가?	<분류>-1</분류> <판단>그러면 안 된다</판단>
[도덕_문장]: 상대방을 더 이상 원하지 않을 때 관계를 끝내는 것은 허용되는가?	<분류>0</분류> <판단>괜찮다</판단>
[도덕_문장]: '원해서 머리를 삭발하고 여자아이는 머리를 길러야 한다고 말한 사람에게 화내기'라는 제목의 게시물을 읽었을 때, 그 상황에 등장하는 사람의 행동: 여자아이가 머리를 삭발하는 것	<분류>0</분류> <판단>괜찮다</판단>
[도덕_문장]: 너무 많은 애정 때문에 이 여자에게 흥미를 잃는 상황. 이 경우, 누군가가 애정을 보여 줄 때 고마워하는 것은	<분류>0</분류> <판단>그래야 한다</판단>
[도덕_문장]: 민수와 그의 여자친구는 데이트 중이었다. 이 경우, 데이트를 계획할 때 연인과 소통하는 것	<분류>1</분류> <판단>중요하다</판단>
[도덕_문장]: 친구와 성에 대해 이야기해서 친구를 불편하게 만드는 것이 예상되는 일인가?	<분류>-1</분류> <판단>해서는 안 된다</판단>
[도덕_문장]: ‘아버지가 열쇠를 가지고 집에 올 때까지 길 한가운데에 그대로 있었다!’라는 제목의 글을 읽었을 때, 그 상황에 처한 사람의 행동: 사고를 일으킬 수도 있는데 고장 난 차를 길 한가운데에 세워 두는 것이 사려 깊은 행동인가?	<분류>-1</분류> <판단>해서는 안 된다</판단>
[도덕_문장]: 수학이 어려워서 수학 숙제를 도와달라고 하는 것	<분류>0</분류> <판단>하는 것이 좋다</판단>
[도덕_문장]: 누군가 전화를 받지 않을 때 그 사람의 집에 찾아가는 것	<분류>0</분류> <판단>해야 한다</판단>
[도덕_문장]: 학교에 더 적극적으로 참여하는 것이 옳지 않은 일인가?	<분류>1</분류> <판단>좋다</판단>
[도덕_문장]: ‘그는 음악을 조절하고 있어서 그녀를 알아차리지 못했다’라는 제목의 글을 읽었을 때, 그 상황에 처한 사람의 행동: 누군가가 어떤 일로 바쁠 때에도 자신을 알아차리기를 기대하는 것	<분류>-1</분류> <판단>그러면 안 된다</판단>
[도덕_문장]: ‘나는 항상 여성을 헐뜯는다’라는 제목의 글을 읽었을 때, 그 상황에 처한 사람의 행동: 누군가가 자신의 성별을 혐오할 때 기분 나빠하는 것	<분류>0</분류> <판단>괜찮다</판단>
[도덕_문장]: 방탕한 삶을 사는 것이 합리적인가?	<분류>-1</분류> <판단>나쁘다</판단>
[도덕_문장]: ‘내 전 애인이 나를 정서적으로 조종해 온 것 같다’라는 제목의 글을 읽었을 때, 그 상황에 처한 사람의 행동: 자신을 조종하고 있다고 생각하는 사람과 맞서는 것이 공정한가?	<분류>0</분류> <판단>해야 한다</판단>
[도덕_문장]: 때로는 자신의 일에 신경 쓰는 것	<분류>1</분류> <판단>해야 한다</판단>
[도덕_문장]: 남자가 자신의 경력을 좇으면서 결혼 이야기가 축소되다 이 경우, 결혼하고 싶어 하지 않는 것	<분류>0</분류> <판단>허용될 만하다</판단>
[도덕_문장]: ‘헌혈자들에게 골수 기증자 등록도 권장된다’라는 제목의 글을 읽었을 때, 그 상황에 처한 사람의 행동: 도움이 필요한 사람들을 도울 수 있도록 골수 기증자 등록을 하는 것	<분류>1</분류> <판단>좋다</판단>
[도덕_문장]: 연인의 헤어스타일을 싫어하는 것	<분류>-1</분류> <판단>잘못이다</판단>
[도덕_문장]: ‘세 살배기 아이에게 커피를 마시게 하지 않기’라는 제목의 글을 읽었을 때, 그 상황에 처한 사람의 행동: 유아에게 카페인이라는 약물을 주는 것	<분류>-1</분류> <판단>해서는 안 된다</판단>
[도덕_문장]: 그는 그들이 더 많이 소통할 수 있도록 수화 수업을 받기 시작했다. 이 경우, 다른 사람을 위해 무언가를 하는 것	<분류>1</분류> <판단>멋진 일이다</판단>
[도덕_문장]: 내가 어렸을 때 할머니께서 바느질을 가르쳐 주셨다. 이 경우, 가족에게서 교습을 받는 것	<분류>1</분류> <판단>좋다</판단>
[도덕_문장]: 에이즈를 앓는 미망인은 분노와 비밀, 두려움으로 힘겨워하고 있다 이 경우, 힘든 시간을 보내고 있는 미망인과 홀아비를 돕는 것	<분류>1</분류> <판단>좋다</판단>
[도덕_문장]: 아플 때에도 다른 사람들과 연락을 유지할 시간을 내는 것	<분류>0</분류> <판단>해야 한다</판단>
[도덕_문장]: 의붓부모와 유대감을 형성하는 것	<분류>1</분류> <판단>좋다</판단>
[도덕_문장]: ‘지수가 그에게 백업 댄서 일자리를 제안했다’라는 제목의 게시물을 읽고 있다. 그 상황에 있는 사람의 행동에 대해 묻자면, 누군가가 일자리를 제안했을 때 그 일자리를 받아들이는 것은 나쁜 일인가요?	<분류>1</분류> <판단>좋은 일이다</판단>
[도덕_문장]: 사람들의 성취를 자랑스러워하는 것	<분류>1</분류> <판단>그래야 한다</판단>
[도덕_문장]: 그들은 자기 집 앞마당에 그 사람보다 미국 국기를 더 많이 달아 놓았다. 이 경우, 자기 집 마당에 미국 국기를 다는 것은	<분류>1</분류> <판단>좋은 일이다</판단>
[도덕_문장]: 인종차별적인 교수에게 그만하라고 반 친구들에게 말하는 것. 이 경우, 누군가 인종차별적인 행동을 한다면 맞서서 지적하는 것은	<분류>1</분류> <판단>그래야 한다</판단>
[도덕_문장]: 자살을 생각하는 사람들에게 연민을 보이는 것은 정상인가요?	<분류>1</분류> <판단>그래야 한다</판단>
[도덕_문장]: 친구들이 당신을 싫어하게 만드는 것	<분류>-1</분류> <판단>그러면 안 된다</판단>
[도덕_문장]: 졸업 파티 데이트 약속을 취소하지 않는 것	<분류>0</분류> <판단>당연히 기대되는 일이다</판단>
[도덕_문장]: ‘나는 내 인생의 어떤 사람보다도 고양이들을 더 사랑한다’라는 제목의 게시물을 읽고 있다. 그 상황에 있는 사람의 행동에 대해 묻자면, 반려동물을 아주 많이 사랑하더라도 반려동물보다 사람을 더 사랑하는 것이 허용되나요?	<분류>-1</분류> <판단>기대할 수 없다</판단>
[도덕_문장]: 항상 사람들에게 인사하는 것은 나쁜 일인가요?	<분류>1</분류> <판단>그래야 한다</판단>
[도덕_문장]: 사람들에게 생일 선물을 주는 것은 괜찮지 않은 일인가요?	<분류>1</분류> <판단>좋은 일이다</판단>
[도덕_문장]: 계획을 세우는 것	<분류>1</분류> <판단>좋다</판단>
[도덕_문장]: ‘민수는 매우 놀랍게도 연주회를 정말 즐겼다’라는 제목의 게시물을 읽고 있다. 그 상황에 있는 사람의 행동에 대해 묻자면, 새로운 것을 경험하는 것은 정당하지 않은 일인가요?	<분류>1</분류> <판단>좋은 일이다</판단>
[도덕_문장]: 오늘로 가정 폭력에서 벗어난 지 일주일이 되었다. 이 경우, 관계에서 학대의 악순환에서 벗어나는 것은	<분류>1</분류> <판단>좋은 일이다</판단>
[도덕_문장]: 파트너와 공개적이고 솔직하게 소통하는 것은 정상인가요?	<분류>0</분류> <판단>중요한 일이다</판단>
[도덕_문장]: 사람들을 물고기라고 부르는 것은 이해할 만한 일인가요?	<분류>-1</분류> <판단>형편없는 일이다</판단>
[도덕_문장]: 가족의 조언을 따르는 것은 받아들일 수 없는 일인가요?	<분류>1</분류> <판단>좋은 일이다</판단>
[도덕_문장]: 요리사의 특선 요리를 먹는 것	<분류>1</분류> <판단>즐거운 일이다</판단>
[도덕_문장]: ‘여자친구와 싸울 때 나도 일을 더 크게 만들고 앙심을 품는다. 도와주세요!’라는 제목의 게시물을 읽고 있다. 그 상황에 있는 사람의 행동에 대해, 파트너에게 원한을 품는 것은	<분류>-1</분류> <판단>그러면 안 된다</판단>
[도덕_문장]: 그는 앉아서 손자에게 군대 시절 이야기를 들려주곤 했다. 이 경우, 과거를 그리워하며 돌아보는 것은 부적절한 일인가요?	<분류>0</분류> <판단>좋은 일이다</판단>
[도덕_문장]: 자신이 하는 일에 열심히 노력하는 것	<분류>1</분류> <판단>좋은 일이다</판단>
[도덕_문장]: 어딘가로 가는 버스를 타려면 버스 정류장에 가는 것	<분류>1</분류> <판단>좋다</판단>
[도덕_문장]: 가족에게서 새로운 일을 하는 방법을 배우는 것	<분류>1</분류> <판단>좋다</판단>
[도덕_문장]: 연인과 시간을 보내는 것이 괜찮지 않은가?	<분류>1</분류> <판단>좋다</판단>
[도덕_문장]: 파트너에게 휴대전화 비밀번호를 알려 주는 것	<분류>0</분류> <판단>해서는 안 된다</판단>
[도덕_문장]: 겉모습과 달리 십 대들은 좋은 일을 많이 한다. 이 경우, 좋은 사람이 되는 것	<분류>1</분류> <판단>좋다</판단>
[도덕_문장]: 다른 사람들에게 정직하게 대하는 것이 괜찮지 않은가?	<분류>1</분류> <판단>좋다</판단>
[도덕_문장]: ‘이웃의 반려동물일 수도 있는 동물을 동물 관리 기관에 신고하기’라는 제목의 게시물을 읽었을 때, 그 상황에 처한 사람이 보인 행동: 자신을 불편하게 하는 문제를 해결하고 싶어 하는 것	<분류>0</분류> <판단>이해할 만하다</판단>
[도덕_문장]: 그녀는 케이프타운에 가고 싶어 했다. 이 경우, 먼 곳에 가고 싶을 때 돈을 모으는 것이 당연하지 않은가?	<분류>0</분류> <판단>그래야 한다</판단>
[도덕_문장]: 그가 걸어서 출근하던 중 경찰관이 그에게 총을 겨누고 명령을 소리쳤다. 이 경우, 자신의 일을 하는 것	<분류>1</분류> <판단>중요하다</판단>
[도덕_문장]: 전자 기기를 통해 파트너의 사생활을 몰래 엿보는 것	<분류>-1</분류> <판단>해서는 안 된다</판단>
[도덕_문장]: ‘사람들이 죽은 뒤에는 무지개를 보게 된다는 말을 들었다’라는 제목의 게시물을 읽었을 때, 그 상황에 처한 사람이 보인 행동: 상실 후 위안을 얻을 방법을 원하는 것	<분류>0</분류> <판단>괜찮다</판단>
[도덕_문장]: 휴일 모임 초대 명단에 자신이 없다고 개인적으로 받아들이는 것	<분류>-1</분류> <판단>그러면 안 된다</판단>
[도덕_문장]: 여성은 ‘이국적인’ 남자친구에 대한 잦은 말에 불쾌해한다. 이 경우, 자신을 위해 목소리를 내는 것	<분류>1</분류> <판단>좋다</판단>
[도덕_문장]: ‘그는 아이들을 움직이게 하려고 거짓말을 했고, 아이들은 앞으로 이동했다’라는 제목의 게시물을 읽었을 때, 그 상황에 처한 사람이 보인 행동: 누군가의 집 주변을 어슬렁거리는 것	<분류>-1</분류> <판단>해서는 안 된다</판단>
[도덕_문장]: 항상 조부모님을 지지하며 곁에 있는 것	<분류>1</분류> <판단>그래야 한다</판단>
[도덕_문장]: 자신의 진로를 마음에 들어 하지 않는 것	<분류>0</분류> <판단>괜찮다</판단>
[도덕_문장]: 그들은 그녀가 전에 떨어뜨린 막대사탕 조각을 먹고 있었다. 이 경우, 다른 사람의 것을 먹는 것	<분류>-1</분류> <판단>그러면 안 된다</판단>
[도덕_문장]: ‘임종을 앞둔 할아버지가 내게 “그냥 해 봐”라고 말씀하셨다. 매일 그 일을 생각하는 것은 아니지만, 그 순간과 그 말이 여전히 나를 괴롭힌다’라는 제목의 게시물을 읽었을 때, 그 상황에 처한 사람이 보인 행동: 죽기 전에 손주에게 조언을 하는 것이 적절한가?	<분류>1</분류> <판단>좋다</판단>
[도덕_문장]: 기적을 믿는 것	<분류>1</분류> <판단>좋다</판단>
[도덕_문장]: 그녀는 헤드폰을 끼고 휴대전화를 사용하고 있었다. 이 경우, 다른 사람들과 함께 있을 때 헤드폰을 사용하는 것이 무해한가?	<분류>-1</분류> <판단>무례하다</판단>
[도덕_문장]: 친구에게 문제가 생겼을 때 걱정해 주는 것은 용납할 수 없는 일인가?	<분류>1</분류> <판단>그래야 한다</판단>
[도덕_문장]: 지수는 의사 진료실에서 물리치료를 받을 예약이 있었다. 이 경우, 의사 진료실에서 물리치료를 받는 것은 적절한가?	<분류>0</분류> <판단>정상이다</판단>
[도덕_문장]: 한번은 차 안에 열쇠를 두고 문을 잠근 적이 있다. 엔진을 켜 둔 채로 말이다. 이 경우, 차에서 내릴 때 엔진을 켜 두는 것	<분류>-1</분류> <판단>해서는 안 된다</판단>
[도덕_문장]: '화장실에서 아이에게 엿보지 말라고 말하기'라는 제목의 글을 읽었을 때, 그 상황에 등장하는 사람의 행동: 다른 사람을 엿보는 것	<분류>-1</분류> <판단>잘못이다</판단>
[도덕_문장]: 자선단체에 기부하는 것은 바람직한가?	<분류>1</분류> <판단>보람 있다</판단>
[도덕_문장]: '별로 흥미롭지는 않지만, 수업도 빼먹고 다이어트도 그만뒀으며 혼자 영화관에 가서 캡틴 마블을 보려고 한다'라는 제목의 글을 읽었을 때, 그 상황에 등장하는 사람의 행동: 사람들이 다이어트를 꾸준히 지키지 못하는 것	<분류>0</분류> <판단>안타깝다</판단>
[도덕_문장]: '그녀는 그것들을 싫어했지만 살을 빼고 있었다'라는 제목의 글을 읽었을 때, 그 상황에 등장하는 사람의 행동: 자신의 건강을 챙기는 것	<분류>1</분류> <판단>좋다</판단>
[도덕_문장]: 내 여동생에게 '놀림을 당하지 않는 것'. 이 경우, 상처를 주려는 의도가 없더라도 사람들을 놀리는 것은	<분류>-1</분류> <판단>상처를 줄 수 있다</판단>
[도덕_문장]: '친구가 교실에서 자리를 옮겼다'라는 제목의 글을 읽었을 때, 그 상황에 등장하는 사람의 행동: 새 자리가 더 잘 보인다면 친구가 자리를 옮기는 것	<분류>0</분류> <판단>이해할 만하다</판단>
[도덕_문장]: 민수는 차에서 내려 밀었고, 준호는 액셀러레이터를 밟았다. 이 경우, 친구를 돕는 것	<분류>1</분류> <판단>좋다</판단>
[도덕_문장]: '아이들에게 폭발하기 전에 분노를 다스리는 법을 배우세요'라는 제목의 글을 읽었을 때, 그 상황에 등장하는 사람의 행동: 아이들에게 화를 내는 것	<분류>-1</분류> <판단>나쁘다</판단>
[도덕_문장]: '주차할 수 있도록 택시 기사에게 차를 조금 앞으로 옮겨 달라고 했지만, 기사는 옮기지 않고 주차할 공간이 충분하다고 말했다. 나는 그에게 화를 냈다'라는 제목의 글을 읽었을 때, 그 상황에 등장하는 사람의 행동: 누군가가 부탁을 거절했을 때 화를 내는 것	<분류>-1</분류> <판단>해서는 안 된다</판단>
[도덕_문장]: 나는 딸을 위해 지나가는 차에 손을 흔든다. 이 경우, 다른 사람들에게 친절하게 대하는 것은 불공평한가?	<분류>1</분류> <판단>좋은 일이다</판단>
[도덕_문장]: 집주인의 규칙을 어겼을 때에도 집주인이 자신의 집에서 계속 살게 해 줄 것이라고 기대하는 것은 괜찮은가?	<분류>-1</분류> <판단>그러면 안 된다</판단>
[도덕_문장]: 개인 기기에서 연인에게 사생활을 존중받고 싶어 하는 것은 이기적인가?	<분류>0</분류> <판단>이해할 만하다</판단>
[도덕_문장]: '그녀는 계획을 더 저렴하게 수정했고 상사는 이를 받아들였다'라는 제목의 글을 읽었을 때, 그 상황에 등장하는 사람의 행동: 계획을 승인받기 위해 계획을 수정하는 것은 용납할 수 있는가?	<분류>1</분류> <판단>좋다</판단>
[도덕_문장]: 가족에게 상처를 주더라도 솔직하게 대하는 것은 좋은가?	<분류>1</분류> <판단>그래야 한다</판단>
[도덕_문장]: 두렵거나 슬플 때 친구에게 연락하는 것은 합리적인가?	<분류>1</분류> <판단>좋다</판단>
[도덕_문장]: 회사 내 정치와 소문을 계속 파악하려고 하는 것은 사려 깊은가?	<분류>0</분류> <판단>항상 그래야 한다</판단>
[도덕_문장]: '항우울제를 다시 복용할까 생각 중이다'라는 제목의 글을 읽었을 때, 그 상황에 등장하는 사람의 행동: 약이 필요하다고 생각될 때 의사와 상담하는 것	<분류>1</분류> <판단>좋다</판단>
[도덕_문장]: 계산원들을 쓰레기처럼 대하는 것	<분류>-1</분류> <판단>그러면 안 된다</판단>
[도덕_문장]: 연애와 사랑에 대한 태도를 바꾸는 것이 허용되는가?	<분류>1</분류> <판단>좋은 일이다</판단>
[도덕_문장]: 내 조카딸들은 더 나은 대우를 받을 자격이 있다. 이 경우, 자신의 삶에 있는 아이들을 위해 나서는 것	<분류>1</분류> <판단>당연히 기대되는 일이다</판단>
[도덕_문장]: ‘어느 날 반려동물 가족을 늘리기로 하고 새끼 고양이를 집에 데려왔다’라는 제목의 글을 읽고, 그 상황에 처한 사람의 행동: 반려동물로 가족을 대신하는 것이 정상적인가?	<분류>-1</분류> <판단>괜찮지 않다</판단>
[도덕_문장]: 계부모와 유대감을 형성하는 것이 옳지 않은가?	<분류>1</분류> <판단>좋은 일이다</판단>
[도덕_문장]: 자신에게 잘 어울리는 옷을 사는 것	<분류>1</분류> <판단>좋은 일이다</판단>
[도덕_문장]: 화장실 문틈으로 사람들을 훔쳐보는 것	<분류>-1</분류> <판단>잘못이다</판단>
[도덕_문장]: ‘그녀의 남자친구는 그녀가 미국의 여러 주를 얼마나 보고 싶어 하는지 알고 있었다’라는 제목의 글을 읽고, 그 상황에 처한 사람의 행동: 파트너의 꿈을 배려하는 것	<분류>0</분류> <판단>좋은 일이다</판단>
[도덕_문장]: 남자친구가 아닌 다른 사람을 사랑하고 있다. 이 경우, 파트너를 두고 바람피우는 것이 사려 깊은 행동인가?	<분류>-1</분류> <판단>그러면 안 된다</판단>
[도덕_문장]: 욕심 많은 사람에게 굴복하고 싶어 하지 않는 것. 이 경우, 강요하는 사람에게 굴복하지 않는 것	<분류>1</분류> <판단>좋은 일이다</판단>
[도덕_문장]: 전자 기기를 통해 파트너의 사생활을 엿보는 것이 친절한가?	<분류>-1</분류> <판단>그러면 안 된다</판단>
[도덕_문장]: 그는 차를 두고 대신 걸어가야 했다. 이 경우, 고장을 예방하기 위해 차를 잘 관리하는 것	<분류>1</분류> <판단>좋은 일이다</판단>
[도덕_문장]: 반려동물의 건강을 돌보는 것이 배려 없는 행동인가?	<분류>1</분류> <판단>좋은 일이다</판단>
[도덕_문장]: ‘관계에서 지나치게 참견하는 것’이라는 제목의 글을 읽고, 그 상황에 처한 사람의 행동: 관계에서 참견하는 것	<분류>-1</분류> <판단>그러면 안 된다</판단>
[도덕_문장]: ‘별로 흥미롭지는 않지만, 수업을 빼먹고 다이어트도 그만두었으며 혼자 영화관에 가서 《캡틴 마블》을 보려 한다’라는 제목의 글을 읽고, 그 상황에 처한 사람의 행동: 다른 사람들이 방해하지 않는 가운데 새 영화를 즐기는 것이 잘못인가?	<분류>0</분류> <판단>좋은 일이다</판단>
[도덕_문장]: 장난 전화를 하는 것은 무책임한가?	<분류>-1</분류> <판단>그러면 안 된다</판단>
[도덕_문장]: 우리의 합의한 약속을 지키지 않는 남자친구와 헤어지고 싶어 하는 것. 이 경우, 자신과 한 약속을 지키지 않는 사람과 헤어지는 것이 합리적인가?	<분류>0</분류> <판단>괜찮다</판단>
[도덕_문장]: 범죄 행위를 경찰에 신고하는 것이 허용되는가?	<분류>1</분류> <판단>좋은 일이다</판단>
[도덕_문장]: 실력을 향상하는 것	<분류>1</분류> <판단>좋은 일이다</판단>
[도덕_문장]: ‘민수는 수진을 공원도로 근처의 달빛 어린 전망 좋은 곳으로 데려갔다’라는 제목의 글을 읽고, 그 상황에 처한 사람의 행동: 데이트 상대를 달을 볼 수 있는 특별한 장소로 데려가는 것이 부적절한가?	<분류>1</분류> <판단>좋은 일이다</판단>
[도덕_문장]: 자신을 행복하게 해 주지 않는 관계를 끝내는 것	<분류>1</분류> <판단>현명한 일이다</판단>
[도덕_문장]: 수동적으로 반응하기보다 주도적으로 행동하는 것	<분류>1</분류> <판단>좋은 일이다</판단>
[도덕_문장]: '준호가 수진을 차도에서 벗어난 달빛 어린 전망대까지 데려갔다.'라는 제목의 게시물을 읽는 것, 그 상황에 있는 사람의 행동: 데이트 상대와 경치를 감상하는 것	<분류>1</분류> <판단>좋은 일이다</판단>
[도덕_문장]: 달에 착륙한 국가만 UN과 기타 국제 협의회에 참여할 수 있어야 한다. 이 경우, 다른 국가들이 광활한 우주를 탐사하도록 장려하는 것	<분류>1</분류> <판단>좋은 일이다</판단>
[도덕_문장]: '그는 동네 만화 가게를 끊임없이 방문한다.'라는 제목의 게시물을 읽는 것, 그 상황에 있는 사람의 행동: 자신이 좋아하는 사업체를 지원하는 것	<분류>1</분류> <판단>좋은 일이다</판단>
[도덕_문장]: 비행기에서 내 앞에 앉은 사람에게 비행시간이 한 시간밖에 되지 않으니 좌석을 뒤로 젖히지 말라고 말하는 것. 이 경우, 자신의 행동에 대한 다른 사람들의 감정이나 반응을 고려하지 않는 것	<분류>-1</분류> <판단>무례한 일이다</판단>
[도덕_문장]: 필요하다면 도움을 구하는 것	<분류>1</분류> <판단>좋은 일이다</판단>
[도덕_문장]: '지수는 새 직장이 호주에 있다는 사실을 알고 기뻐했다.'라는 제목의 게시물을 읽는 것, 그 상황에 있는 사람의 행동: 새 직장이 다른 나라에 있어서 이사해야 한다는 사실을 사람들에게 알리는 것이 괜찮은가?	<분류>1</분류> <판단>그래야 한다</판단>
[도덕_문장]: 파트너가 아플 때 서로 돌보는 것	<분류>0</분류> <판단>당연한 일이다</판단>
[도덕_문장]: 누군가 결혼할 때 축하해 주는 것	<분류>1</분류> <판단>예의 바른 일이다</판단>
[도덕_문장]: 여성이 독립적인 것이 배려 없는 행동으로 여겨지는가?	<분류>1</분류> <판단>좋은 일이다</판단>
[도덕_문장]: 내 사촌에 대한 나의 집착. 이 경우, 사람에게 집착하는 것은 허용되지 않는가?	<분류>-1</분류> <판단>잘못된 일이다</판단>
[도덕_문장]: 친구에게 나에게 밈을 그만 보내라고 말하는 것. 이 경우, 친구를 짜증 나게 한다면 계속해서 무언가를 보내는 것이 부적절한가?	<분류>-1</분류> <판단>잘못된 일이다</판단>
[도덕_문장]: 가족과 함께 웃고 즐겁게 지내는 것	<분류>0</분류> <판단>좋은 일이다</판단>
[도덕_문장]: '민수는 커서 무엇이 되고 싶은지 정확히 알고 있었다.'라는 제목의 게시물을 읽는 것, 그 상황에 있는 사람의 행동: 인생에서 자신이 원하는 것을 아는 것	<분류>1</분류> <판단>좋은 일이다</판단>
[도덕_문장]: '나는 한 번의 교통 단속에서 교통법규 위반 벌점을 가장 많이 받은 캘리포니아주 기록 보유자다.'라는 제목의 게시물을 읽는 것, 그 상황에 있는 사람의 행동: 어떤 일에 대한 기록을 보유하는 것	<분류>1</분류> <판단>좋은 일이다</판단>
[도덕_문장]: '한 소녀가 지나치게 집요한 한 소년에게 쫓기고 있다.'라는 제목의 게시물을 읽는 것, 그 상황에 있는 사람의 행동: 누군가가 자신과 함께 있고 싶지 않다고 말했을 때 물러나는 것이 받아들일 만한가?	<분류>0</분류> <판단>그래야 한다</판단>
[도덕_문장]: 다른 사람의 사생활을 존중하는 것이 합리적인가?	<분류>0</분류> <판단>그래야 한다</판단>
[도덕_문장]: 캠핑을 하면서 음식을 밖에 내놓는 것	<분류>-1</분류> <판단>그러면 안 된다</판단>
[도덕_문장]: 나는 하루 종일 나비를 쫓아다닐 것이다. 이 경우, 잡은 나비를 놓아주는 것이 불공평한가?	<분류>0</분류> <판단>그래야 한다</판단>
[도덕_문장]: 새롭고 색다른 것을 경험하는 것이 좋지 않은가?	<분류>1</분류> <판단>재미있다</판단>
[도덕_문장]: 사람들이 아플 때 가짜 치료법을 피하도록 주의하는 것이 불합리한가?	<분류>1</분류> <판단>그래야 한다</판단>
[도덕_문장]: 내 친구의 여자친구에게 친구가 그녀에 대해 비하하는 식으로 말한다고 알리기. 이 경우, 친구가 자신을 믿는다는 신뢰를 다른 사람들에게 배신하는 것	<분류>-1</분류> <판단>그러면 안 된다</판단>
[도덕_문장]: '그녀는 헤드폰을 쓰고 휴대전화를 보고 있었다'라는 제목의 게시물을 읽기. 그 상황에 처한 사람의 행동: 다른 사람과 이야기하고 싶지 않을 때 헤드폰을 사용하는 것	<분류>-1</분류> <판단>괜찮다</판단>
[도덕_문장]: 대학원에 진학하고 싶어서 부모님께 비용을 부담해 달라고 부탁하기. 이 경우, 자녀의 대학 학비를 내주는 것이 무례한가?	<분류>1</분류> <판단>좋다</판단>
[도덕_문장]: 물건을 깔끔하게 정리해 두고 싶어 하는 것	<분류>0</분류> <판단>정상적이다</판단>
[도덕_문장]: 하찮은 것들에 돈을 낭비하는 것	<분류>-1</분류> <판단>그러면 안 된다</판단>
[도덕_문장]: '그는 아버지에게 조언을 구했고, 아버지는 그것이 그렇다고 말했다'라는 제목의 게시물을 읽기. 그 상황에 처한 사람의 행동: 자신이 모르는 일에 대해 다른 사람에게 조언을 구하는 것이 무례한가?	<분류>0</분류> <판단>현명하다</판단>
[도덕_문장]: '그녀의 부모님은 그녀의 레슨 비용을 내주었고, 그녀는 그것을 타는 법을 배웠다'라는 제목의 게시물을 읽기. 그 상황에 처한 사람의 행동: 말 타는 법을 배우는 것	<분류>1</분류> <판단>좋다</판단>
[도덕_문장]: '침묵의 살인자' 난소암 생존자가 목소리를 내다. 이 경우, 특정 질병에 대한 인식을 높이는 것	<분류>1</분류> <판단>좋다</판단>
[도덕_문장]: '그는 그들의 모든 문제를 해결하기 위해 열심히 노력했다'라는 제목의 게시물을 읽기. 그 상황에 처한 사람의 행동: 사람들의 문제를 해결하는 데 도움을 주는 것이 좋지 않은가?	<분류>1</분류> <판단>친절하다</판단>
[도덕_문장]: '배우자의 부모님과 함께 살고 싶지 않다'라는 제목의 게시물을 읽기. 그 상황에 처한 사람의 행동: 원하지 않는데 배우자의 부모님과 함께 살아야 하는 것이 예상 밖인가?	<분류>-1</분류> <판단>그러면 안 된다</판단>
[도덕_문장]: 정신적으로 불안정하다고 느껴질 때 의사를 찾아가는 것	<분류>0</분류> <판단>권장된다</판단>
[도덕_문장]: 방귀를 뀌었을 때 사람들의 반응을 보고 싶어서 버스 뒤쪽에 앉는 것을 좋아한다. 이 경우, 누군가가 당신을 괴롭힐 때 그 사람 가까이에 앉는 것이 문제가 되는가?	<분류>-1</분류> <판단>그럴 필요 없다</판단>
[도덕_문장]: 어른이 된 자녀들이 오토바이를 타는 엄마를 보고 부끄러워하다. 이 경우, 자녀들에게 깊은 인상을 주기 위해 부모로서 오토바이를 타는 것	<분류>1</분류> <판단>재미있다</판단>
[도덕_문장]: 꿈이 이루어지는 것	<분류>1</분류> <판단>정말 신난다</판단>
[도덕_문장]: 자신이 겪고 있는 일을 겪어 본 사람의 말을 듣는 것	<분류>0</분류> <판단>그래야 한다</판단>
[도덕_문장]: 외롭고 불행할 때 친구를 사귀는 것이 사려 깊은 행동인가?	<분류>1</분류> <판단>그래야 한다</판단>
[도덕_문장]: 넘어진 후 다친 곳이 있는지 확인하는 것	<분류>0</분류> <판단>그래야 한다</판단>
[도덕_문장]: 고공 비행 시험 조종사가 결장루 때문에 비행을 포기하기를 거부하다. 이 경우, 한계를 받아들이고 대처하는 것이 잘못인가?	<분류>1</분류> <판단>좋다</판단>
[도덕_문장]: 내 가장 친한 친구를 사랑하는 것. 이 경우, 친구와 사랑에 빠지는 것	<분류>-1</분류> <판단>잘못이다</판단>
[도덕_문장]: 형제자매와 게임 컨트롤러를 공유하지 않는 것이 불친절한가?	<분류>-1</분류> <판단>불공평하다</판단>
[도덕_문장]: 그는 그것들을 살 돈이 전혀 없었다. 이 경우, 필요 없는 물건을 자선단체에 기부하는 것	<분류>1</분류> <판단>중요하다</판단>
[도덕_문장]: ‘말기 질환인 아내에게 엄마가 될 기회를 주지 않다’라는 제목의 게시물을 읽고, 그 상황에 처한 사람의 행동: 말기 질환이라면 부모가 되는 것이 허용되지 않는가?	<분류>-1</분류> <판단>그래서는 안 된다</판단>
[도덕_문장]: 누군가가 당신을 걱정하는 모습을 보였을 때 화를 내며 반응하는 것	<분류>-1</분류> <판단>무례하다</판단>
[도덕_문장]: 자기 자신을 발전시키고 싶어 하는 것	<분류>1</분류> <판단>명예롭다</판단>
[도덕_문장]: ‘이렇게 빨리 전 애인을 잊게 될 줄은 몰랐다’라는 제목의 게시물을 읽고, 그 상황에 처한 사람의 행동: 전 애인을 잊는 것이 친절한가?	<분류>0</분류> <판단>좋다</판단>
[도덕_문장]: 음식을 식게 내버려 두는 것	<분류>-1</분류> <판단>그러면 안 된다</판단>
[도덕_문장]: 손주들에게 자신의 과거에 대한 이야기를 해주는 것이 괜찮은가?	<분류>1</분류> <판단>좋다</판단>
[도덕_문장]: 전 연인과 진지한 관계로 지내지 않는 것	<분류>0</분류> <판단>잘못이다</판단>
[도덕_문장]: 누군가 전화를 받지 않을 때 그 사람의 집에 가는 것이 예의 바른가?	<분류>0</분류> <판단>그래야 한다</판단>
[도덕_문장]: 가족과 말다툼하는 것이 이해할 만한가?	<분류>-1</분류> <판단>그래서는 안 된다</판단>
[도덕_문장]: ‘지수는 빌려줄 돈이 충분하지 않아서 거절했다’라는 제목의 게시물을 읽고, 그 상황에 처한 사람의 행동: 돈이 있는 사람에게서 돈을 빌리는 것	<분류>0</분류> <판단>그래야 한다</판단>
[도덕_문장]: 룸메이트가 전 애인과 잠자리를 같이 했을 때 화를 내는 것이 예의 바른가?	<분류>0</분류> <판단>이해할 만하다</판단>
[도덕_문장]: ‘트랜스젠더가 나를 함정에 빠뜨리려 했지만, 나는 알파 남성 GMOW라서 속지 않았다!’라는 제목의 게시물을 읽고, 그 상황에 처한 사람의 행동: 트랜스젠더에게 속는 것	<분류>-1</분류> <판단>그러면 안 된다</판단>
[도덕_문장]: 개인적인 행사에서 좋아하지 않는 사람들을 제외하는 것이 무책임한가?	<분류>-1</분류> <판단>괜찮다</판단>
[도덕_문장]: 다른 사람이 상사에게 곤란을 겪게 만들려고 하는 것	<분류>-1</분류> <판단>그러면 안 된다</판단>
[도덕_문장]: 다른 사람들이 당신과 당신의 결정에 대해 어떻게 생각하는지 신경 쓰는 것	<분류>0</분류> <판단>그러면 안 된다</판단>
[도덕_문장]: 그녀의 남자친구는 그녀가 미국의 여러 주를 얼마나 보고 싶어 하는지 알고 있었다. 이 경우, 파트너를 새로운 곳에 데려가는 것이 옳은가?	<분류>1</분류> <판단>좋다</판단>
[도덕_문장]: 스컹크에게 액체를 맞았을 때 즉시 몸을 씻는 것이 무례한가?	<분류>0</분류> <판단>그래야 한다</판단>
[도덕_문장]: 반려동물을 입양하는 것	<분류>1</분류> <판단>좋은 일이다</판단>
[도덕_문장]: 사람들의 생일에 케이크를 구워 주는 것	<분류>1</분류> <판단>좋은 일이다</판단>
[도덕_문장]: 누군가가 나를 위해 파티를 열어 줄 때 고맙다고 말하는 것은 허용되지 않는 일인가?	<분류>1</분류> <판단>그래야 한다</판단>
[도덕_문장]: 친구들과 새로운 일을 해 보는 것	<분류>1</분류> <판단>좋은 일이다</판단>
[도덕_문장]: ‘그녀는 보통 혼자 준비하는데 친구가 방해가 된다고 느꼈다’라는 제목의 글을 읽고, 그 상황에 있는 사람의 행동: 친구가 방해할 때 친구에게 날카롭게 말하는 것은 무례한가?	<분류>0</분류> <판단>이해할 만하다</판단>
[도덕_문장]: ‘그녀가 무도회에 갔는데 사회자가 그녀에게 드레스가 잘못되었다고 말했다!’라는 제목의 글을 읽고, 그 상황에 있는 사람의 행동: 행사 드레스 코드를 항상 따르려고 하는 것	<분류>0</분류> <판단>그래야 한다</판단>
[도덕_문장]: 내 여자친구가 원하던 모니터링 일을 맡는 것. 이 경우, 지금 하는 일보다 더 나은 일자리 제안을 받아들이는 것	<분류>0</분류> <판단>좋은 일이다</판단>
[도덕_문장]: ‘언제 내가 언니와 조카들을 만날 수 있는지 미리 알려 주기를 바람’이라는 제목의 글을 읽고, 그 상황에 있는 사람의 행동: 형제자매의 아이들을 만나는 것은 정당하지 않은가?	<분류>1</분류> <판단>좋은 일이다</판단>
[도덕_문장]: 내 차례가 되었을 때 선생님이 내가 그것을 외우고 있는 것을 알아챘다. 이 경우, 선생님의 뜻에 어긋나는 일을 하는 것	<분류>-1</분류> <판단>그러면 안 된다</판단>
[도덕_문장]: ‘그래서 그는 주말에 아이들을 데리고 캠핑을 가기로 했다’라는 제목의 글을 읽고, 그 상황에 있는 사람의 행동: 아이들과 야외에서 시간을 즐기는 것	<분류>1</분류> <판단>재미있다</판단>
[도덕_문장]: 다른 사람의 도움을 받아들이는 것	<분류>1</분류> <판단>좋은 일이다</판단>
[도덕_문장]: 주유소에서 ‘새치기’하는 것. 이 경우, 주유할 때 인내심 있게 기다리는 것	<분류>1</분류> <판단>그래야 한다</판단>
[도덕_문장]: 행동으로 옮기지 않는 한 공공장소에서 성적인 일을 하는 성적 환상을 갖는 것	<분류>0</분류> <판단>괜찮다</판단>
[도덕_문장]: ‘내 가장 친한 친구가 자기 집에 머물게 해 주고 있는 동안, 나는 그 친구의 아들과 잠자리를 가졌고 그 일에 대해 매우 죄책감을 느낀다’라는 제목의 글을 읽고, 그 상황에 있는 사람의 행동: 가장 친한 친구의 아들과 잠자리를 갖는 것은 용납될 수 없는 일인가?	<분류>-1</분류> <판단>무례하다</판단>
[도덕_문장]: 노인을 위한 선물 아이디어: 케이블 요금 납부해 드리기. 이 경우, 다른 사람의 비용을 부담해 주는 것	<분류>1</분류> <판단>배려하는 일이다</판단>
[도덕_문장]: 반려동물과 함께 자신이 즐기는 일을 하는 것	<분류>1</분류> <판단>좋은 일이다</판단>
[도덕_문장]: 언제 내가 언니와 조카들을 만날 수 있는지 미리 알려 주기를 바람. 이 경우, 가족을 방문하는 것	<분류>1</분류> <판단>좋은 일이다</판단>
[도덕_문장]: 나는 하루 종일 나비를 쫓아다닐 것이다. 이 경우, 그물로 나비를 쫓는 것은 칭찬할 만한가?	<분류>0</분류> <판단>그래야 한다</판단>
[도덕_문장]: 사람들과 함께 휴가를 보내는 것	<분류>1</분류> <판단>좋은 일이다</판단>
[도덕_문장]: 오랫동안 성관계를 해 온 친구에게 연인이 되고 싶지 않다고 말하는 것. 이 경우, 친구들에게 자신의 진심을 밝히는 것은 무책임한가?	<분류>1</분류> <판단>좋은 일이다</판단>
[도덕_문장]: 위험한 일을 경계하는 것이 사려 깊은 행동인가요?	<분류>1</분류> <판단>현명한 행동이다</판단>
[도덕_문장]: 내가 헤어진 후 룸메이트의 전 연인과 잠자리를 갖는 것. 이 경우, 룸메이트가 내 전 연인과 잠자리를 가졌을 때 룸메이트에게 화를 내는 것	<분류>0</분류> <판단>이해할 만하다</판단>
[도덕_문장]: 일상의 영웅들은 큰 감사를 받을 만한 작은 선행을 한다. 이 경우, 자신보다 다른 사람을 먼저 생각하는 것	<분류>1</분류> <판단>좋은 행동이다</판단>
[도덕_문장]: 동네에서 도난을 예방하는 일을 돕는 것이 사려 깊은 행동인가요?	<분류>1</분류> <판단>좋은 행동이다</판단>
[도덕_문장]: 직원들의 수고에 보상하는 것이 배려 없는 행동인가요?	<분류>1</분류> <판단>좋은 행동이다</판단>
[도덕_문장]: 나는 왜 괜찮지 않고 의욕도 없을까..? 이 경우, 자신이 괜찮지 않고 의욕이 없다는 것을 인정하는 것	<분류>1</분류> <판단>좋은 행동이다</판단>
[도덕_문장]: 머리가 기름지지 않도록 깨끗하게 관리하는 것이 받아들일 수 없는 행동인가요?	<분류>0</분류> <판단>좋은 행동이다</판단>
[도덕_문장]: 연인 관계에서 파트너를 믿는 것이 용납되지 않나요?	<분류>0</분류> <판단>기대되는 일이다</판단>
[도덕_문장]: 학교에서 열심히 공부하는 것이 적절한가요?	<분류>1</분류> <판단>좋은 일이다</판단>
[도덕_문장]: 마약에 취하는 것	<분류>-1</분류> <판단>해서는 안 된다</판단>
[도덕_문장]: 파트너에게 휴대전화 비밀번호를 알려주는 것이 합리적인가요?	<분류>0</분류> <판단>해서는 안 된다</판단>
[도덕_문장]: 임신했을 때 파트너에게 도움을 기대하는 것이 잘못인가요?	<분류>1</분류> <판단>그래야 한다</판단>
[도덕_문장]: ‘민수는 너그러웠지만, 준호는 여전히 그 도구를 교체해야 한다’라는 제목의 게시물을 읽는 것. 그 상황에 있는 사람의 행동: 다른 사람을 너그럽게 대하는 것	<분류>1</분류> <판단>좋은 행동이다</판단>
[도덕_문장]: 권력을 남용하여 다른 사람에게 성적으로 학대하는 것으로 여겨질 수 있는 일을 하는 것이 해롭지 않은가요?	<분류>-1</분류> <판단>나쁜 행동이다</판단>
[도덕_문장]: 2년 사귄 여자친구와 헤어지는 것. 이 경우, 장기적인 관계를 끝내는 것	<분류>-1</분류> <판단>못된 행동이다</판단>
[도덕_문장]: 질병으로 힘들 때 치료를 받는 것	<분류>1</분류> <판단>해야 한다</판단>
[도덕_문장]: 지훈은 상사가 중요한 업무를 따라잡을 수 있도록 도왔다. 이 경우, 밀린 일을 처리하는 것이 불친절한 행동인가요?	<분류>1</분류> <판단>좋은 일이다</판단>
[도덕_문장]: 명절을 맞아 파티를 여는 것	<분류>1</분류> <판단>즐거운 일이다</판단>
[도덕_문장]: 사람들을 다치게 하는 방식으로 피구를 하는 것	<분류>-1</분류> <판단>해서는 안 된다</판단>
[도덕_문장]: ‘내 아내는 괜찮다고 말했고 진통이 시작되지 않았다’라는 제목의 게시물을 읽는 것. 그 상황에 있는 사람의 행동: 파트너와 파트너의 말을 믿는 것	<분류>1</분류> <판단>그래야 한다</판단>
[도덕_문장]: '어느 날 밤 그는 그녀를 가장 좋은 식당에 데려갔다'라는 제목의 게시물을 읽고 있다. 그 상황에 등장하는 사람의 행동에 대해: 사람들을 좋은 곳에 데려가는 것은 책임감 있는 행동인가?	<분류>1</분류> <판단>좋은 일이다</판단>
[도덕_문장]: '민수에게는 아우리라는 이름의 개가 있었다'라는 제목의 게시물을 읽고 있다. 그 상황에 등장하는 사람의 행동에 대해: 반려동물에게 이름을 지어 주는 것은 허용되는가?	<분류>0</분류> <판단>그래야 한다</판단>
[도덕_문장]: '어느 날 오후 우리는 개와 함께 마당에 앉아 있었다'라는 제목의 게시물을 읽고 있다. 그 상황에 등장하는 사람의 행동에 대해: 반려동물이 야외를 돌아다니게 하는 것은 허용되는가?	<분류>1</분류> <판단>좋은 일이다</판단>
[도덕_문장]: 여자친구가 일하는 곳에 취직하는 것. 이 경우, 연인 관계에 있는 사람을 지나치게 구속하는 것은 좋은 일인가?	<분류>-1</분류> <판단>잘못된 일이다</판단>
[도덕_문장]: 항상 음식을 남김없이 먹는 것은 예의 바른 행동인가?	<분류>0</분류> <판단>그래야 한다</판단>
[도덕_문장]: '내 친구가 아내와 함께 무대 위를 가로질러 걸어가고 있었다'라는 제목의 게시물을 읽고 있다. 그 상황에 등장하는 사람의 행동에 대해: 배우자와 함께 무언가를 하는 것	<분류>1</분류> <판단>좋은 일이다</판단>
[도덕_문장]: 부모님의 친절을 이용하는 것	<분류>-1</분류> <판단>잘못된 일이다</판단>
[도덕_문장]: 여자친구와 다툴 때 나도 더 심하게 굴고 앙심을 품어요. 도와주세요! 이 경우, 사람들이 사소한 이유로 당신에게 계속 앙심을 품도록 내버려 두는 것	<분류>0</분류> <판단>그러면 안 된다</판단>
[도덕_문장]: '시아버지의 물고기 이야기가 그의 진짜 성격을 드러내다'라는 제목의 게시물을 읽고 있다. 그 상황에 등장하는 사람의 행동에 대해: 자신의 진짜 성격을 드러내는 것은 사려 깊은 행동인가?	<분류>1</분류> <판단>좋은 일이다</판단>
[도덕_문장]: '그녀와 약혼자는 댄스 수업에 등록했다'라는 제목의 게시물을 읽고 있다. 그 상황에 등장하는 사람의 행동에 대해: 춤추는 법을 배우는 것	<분류>0</분류> <판단>즐거운 일이다</판단>
[도덕_문장]: 자녀의 승마 수업 비용을 지불하는 것	<분류>0</분류> <판단>좋은 일이다</판단>
[도덕_문장]: '연휴가 끝난 후 다른 직장을 알아보기 시작하다'라는 제목의 게시물을 읽고 있다. 그 상황에 등장하는 사람의 행동에 대해: 직장에 불만이 있으면서도 계속 그 직장에 다니는 것	<분류>-1</분류> <판단>그러면 안 된다</판단>
[도덕_문장]: 시작한 일을 끝내는 것	<분류>1</분류> <판단>좋은 일이다</판단>
[도덕_문장]: '항우울제를 다시 복용할까 생각 중이다'라는 제목의 게시물을 읽고 있다. 그 상황에 등장하는 사람의 행동에 대해: 약이 필요하다고 생각될 때 의사와 상담하는 것은 칭찬할 만한 일인가?	<분류>1</분류> <판단>좋은 일이다</판단>
[도덕_문장]: '상대가 먼저 내 근무를 대신해 주지 않는 한 그 사람의 근무를 대신해 주지 않기'라는 제목의 게시물을 읽고 있다. 그 상황에 등장하는 사람의 행동에 대해: 사람들이 항상 당신의 근무를 대신해 주기를 기대하는 것은 부적절한가?	<분류>-1</분류> <판단>그러면 안 된다</판단>
[도덕_문장]: '준호의 일은 서연이 씻긴 후에 그들을 말리는 것이었다'라는 제목의 게시물을 읽고 있다. 그 상황에 등장하는 사람의 행동에 대해: 부탁받은 일을 하는 것은 이기적인가?	<분류>0</분류> <판단>항상 그래야 한다</판단>
[도덕_문장]: 이 여자가 나에게 관심이 없다고 생각하는 것. 이 경우, 연애 감정이 있는 사람과 이야기할 때 자신의 감정을 솔직하게 밝히는 것이 옳은가?	<분류>1</분류> <판단>그래야 한다</판단>
[도덕_문장]: 방이 보기 좋도록 페인트칠하는 것은 정당한가?	<분류>1</분류> <판단>좋은 일이다</판단>
[도덕_문장]: 친구가 힘든 일을 겪고 있을 때 친구를 지지하는 것	<분류>0</분류> <판단>당연히 해야 하는 일이다</판단>
[도덕_문장]: 직장에서 업무용 벨소리를 사용하는 것	<분류>1</분류> <판단>그래야 한다</판단>
[도덕_문장]: ‘중독과 싸우는 약물 사용자가 다른 사람들에게 희망의 말을 전하다’라는 제목의 게시물을 읽고 있다. 그 상황에 있는 사람의 행동은 다음과 같다. 시간을 내어 도와준 사람에게 고마워하는 것이 사려 깊지 못한 행동인가?	<분류>1</분류> <판단>좋다</판단>
[도덕_문장]: 독립적인 여성도 집까지 바래다주는 것을 고마워한다. 이 경우, 위험해 보이는 상황에서 이동하는 사람의 안전을 지켜 주는 것이 비난받을 만한 일인가?	<분류>1</분류> <판단>좋은 일이다</판단>
[도덕_문장]: 지수는 자신의 개가 무사해서 매우 기뻤다. 이 경우, 반려동물을 잘 살피는 것	<분류>1</분류> <판단>좋은 일이다</판단>
[도덕_문장]: 하지만 곧 친구들의 유쾌한 농담이 그의 기분을 북돋워 주었다. 이 경우, 친구들을 응원하는 것	<분류>1</분류> <판단>좋은 일이다</판단>
[도덕_문장]: 나는 가난한 나라에 가서 그곳 사람들이 어떻게 사는지 보았고, 이제 정말 괴롭고 죄책감이 든다. 이 경우, 세계를 여행하며 새로운 장소를 탐험하는 것	<분류>1</분류> <판단>좋은 일이다</판단>
[도덕_문장]: 부모에게 의존하지 않는 것	<분류>1</분류> <판단>좋은 일이다</판단>
[도덕_문장]: 아이의 친부모에 관한 비밀이 밝혀질 가능성이 높다. 이 경우, 누군가에게 그 사람이 입양되었다고 말하는 것	<분류>-1</분류> <판단>부적절하다</판단>
[도덕_문장]: 캠핑 중 음식을 밖에 내놓는 것은 무책임한 행동인가?	<분류>-1</분류> <판단>그러면 안 된다</판단>
[도덕_문장]: ‘내가 정말 다른 여자와 데이트하게 될지 확신할 수 없었지만, 지금은 데이트하고 있다’라는 제목의 게시물을 읽고 있다. 그 상황에 있는 사람의 행동은 다음과 같다. 새로운 사람들과 데이트하는 것	<분류>1</분류> <판단>좋은 일이다</판단>
[도덕_문장]: 아기가 울 때 아기를 걱정하는 것	<분류>0</분류> <판단>괜찮다</판단>
[도덕_문장]: 나는 체중이 10파운드 늘었다. 이 경우, 체중이 조금 늘어나는 것	<분류>0</분류> <판단>괜찮다</판단>
[도덕_문장]: ‘그녀가 그것을 좋아하자 준호는 그녀에게 데이트를 신청했고, 그녀는 승낙했다’라는 제목의 게시물을 읽고 있다. 그 상황에 있는 사람의 행동은 다음과 같다. 좋아하는 사람과 데이트하는 것	<분류>1</분류> <판단>좋은 일이다</판단>
[도덕_문장]: ‘엄마에게 존중을 요구하기’라는 제목의 게시물을 읽고 있다. 그 상황에 있는 사람의 행동은 다음과 같다. 자녀가 부모를 존중하는 것	<분류>1</분류> <판단>그래야 한다</판단>
[도덕_문장]: 친구를 돕는 것	<분류>1</분류> <판단>좋다</판단>
[도덕_문장]: 자매에게 놀림을 당하지 않는 것. 이 경우, 가족이 서로에게 무례하게 구는 것	<분류>-1</분류> <판단>그래서는 안 된다</판단>
[도덕_문장]: 더 이상 함께하고 싶지 않을 때 누군가와 헤어지는 것은 불공평한가?	<분류>1</분류> <판단>그래야 한다</판단>
[도덕_문장]: 참석하기를 원하지 않는 사람을 파티에 초대하는 것은 용납될 수 없는 일인가?	<분류>-1</분류> <판단>그럴 필요는 없다</판단>
[도덕_문장]: 사람들이 정신적으로 나를 학대하도록 내버려 두는 것	<분류>-1</분류> <판단>그러면 안 된다</판단>
[도덕_문장]: 중요한 행사에 연인이 함께하기를 바라는 것은 합리적인가?	<분류>1</분류> <판단>괜찮다</판단>
[도덕_문장]: 나라를 위해 복무하는 것이 허용되는가?	<분류>1</분류> <판단>좋은 일이다</판단>
[도덕_문장]: 음료를 식히기 위해 냉동실에 넣는 것이 적절한가?	<분류>0</분류> <판단>해도 괜찮다</판단>
[도덕_문장]: ‘그가 내 수염 덕분에 시도해 보게 되었다고 말했다’라는 제목의 게시물을 읽고, 그 상황에 있는 사람의 행동: 다른 사람들에게 긍정적인 영향을 미치는 것	<분류>1</분류> <판단>좋은 일이다</판단>
[도덕_문장]: ‘나는 교수님에게 마음이 있다’라는 제목의 게시물을 읽고, 그 상황에 있는 사람의 행동: 현재 자신의 학생 중 한 명과 연애 관계를 시작하는 것	<분류>-1</분류> <판단>절대 해서는 안 된다</판단>
[도덕_문장]: 달에 착륙한 국가만 UN과 기타 국제 협의회에 참여할 수 있어야 한다. 이 경우, 다른 나라들이 광활한 우주를 탐험하도록 장려하는 것이 예의 바른가?	<분류>1</분류> <판단>좋은 일이다</판단>
[도덕_문장]: 일에 대비하는 것	<분류>1</분류> <판단>좋은 일이다</판단>
[도덕_문장]: 이웃집 엄마가 알려 주는 몇 가지 규칙. 이 경우, 자녀들이 따를 규칙을 정하는 것이 해롭지 않은가?	<분류>1</분류> <판단>권장된다</판단>
[도덕_문장]: ‘나는 어떤 과일이나 채소도 먹지 않는다’라는 제목의 게시물을 읽고, 그 상황에 있는 사람의 행동: 과일과 채소가 없는 건강하지 못한 식단을 유지하는 것	<분류>-1</분류> <판단>나쁜 일이다</판단>
[도덕_문장]: 사람들의 학업을 돕기 위해 과외를 하는 것	<분류>1</분류> <판단>좋은 일이다</판단>
[도덕_문장]: ‘한 이웃이 지수라는 이름의 개를 찾아서 그 개를 돌려주었다’라는 제목의 게시물을 읽고, 그 상황에 있는 사람의 행동: 다른 사람의 잃어버린 물건을 항상 돌려주는 것	<분류>0</분류> <판단>해야 한다</판단>
[도덕_문장]: 가까이 지내던 사람들에게 두 번째 기회를 주는 것이 나쁜가?	<분류>1</분류> <판단>좋은 일이다</판단>
[도덕_문장]: ‘엄마는 잘 정돈된 침대에서 큰 기쁨을 얻는다’라는 제목의 게시물을 읽고, 그 상황에 있는 사람의 행동: 침대를 정리하는 것이 좋은가?	<분류>0</분류> <판단>해야 한다</판단>
[도덕_문장]: ‘민수는 결국 고등학교 야구부에 들어갔다’라는 제목의 게시물을 읽고, 그 상황에 있는 사람의 행동: 자신의 관심 분야에서 뛰어난 것이 괜찮지 않은가?	<분류>1</분류> <판단>좋은 일이다</판단>
[도덕_문장]: ‘코미디 쇼 중에 한 무리의 사람들에게 조용히 하라고 말하기’라는 제목의 게시물을 읽고, 그 상황에 있는 사람의 행동: 방해되는 행동을 하면서도 사람들이 자신을 지적할 것이라고 예상하지 않는 것	<분류>-1</분류> <판단>잘못된 일이다</판단>
[도덕_문장]: ‘에이즈에 걸린 미망인이 분노와 비밀, 두려움으로 힘들어하다’라는 제목의 게시물을 읽고, 그 상황에 있는 사람의 행동: 질병으로 힘들 때 치료를 받는 것이 좋은가?	<분류>1</분류> <판단>해야 한다</판단>
[도덕_문장]: 부모가 자녀를 훈육하는 것	<분류>0</분류> <판단>당연한 일이다</판단>
[도덕_문장]: 다른 사람들이 자신을 놀릴 때 무시하는 것	<분류>0</분류> <판단>좋은 일이다</판단>
[도덕_문장]: 부모님과 외출하는 것	<분류>1</분류> <판단>좋은 일이다</판단>
[도덕_문장]: ‘그는 친구에게 그 책을 찾는 일에 대해 이야기하고 있었다’라는 제목의 게시물을 읽고, 그 상황에 있는 사람의 행동: 친구가 무언가를 찾아야 할 때 도와주는 것	<분류>1</분류> <판단>좋은 일이다</판단>
[도덕_문장]: 나는 아홉 살쯤에 학교를 그만뒀는데 이유를 모르겠다. 이 경우, 자녀가 학교를 그만두도록 내버려 두는 것	<분류>-1</분류> <판단>무책임한 일이다</판단>
[도덕_문장]: 누군가의 앞을 가로막고 있다면 비켜 주는 것	<분류>0</분류> <판단>해야 한다</판단>
[도덕_문장]: 친구들을 존중하는 것은 괜찮은가?	<분류>1</분류> <판단>그래야 한다</판단>
[도덕_문장]: 사람들을 돈 때문에 이용하는 것	<분류>-1</분류> <판단>그러면 안 된다</판단>
[도덕_문장]: ‘그는 경주를 끝낼 때까지 계속 달리기로 했다.’라는 제목의 게시글을 읽어 보면, 그 상황에 있는 사람의 행동은 어떤 일을 계속 시도하는 것이다	<분류>1</분류> <판단>좋은 일이다</판단>
[도덕_문장]: 완전히 솔직하게 마음을 터놓을 수 있는 사람이 있는 것은 옳지 않은가?	<분류>1</분류> <판단>좋다</판단>
[도덕_문장]: 행사에 초대해 준 사람에게 고맙다고 말하는 것은 좋은가?	<분류>1</분류> <판단>그래야 한다</판단>
[도덕_문장]: 그는 아파트 관리 부서에 그 일을 알렸다. 이 경우, 아파트의 문제를 해결하고 싶어 하는 것	<분류>0</분류> <판단>이해할 만하다</판단>
[도덕_문장]: 하이킹을 하러 나갈 때 지도를 가져가는 것은 정당한가?	<분류>1</분류> <판단>항상 그래야 한다</판단>
[도덕_문장]: 교회에 돈을 내지 않는 것. 이 경우, 자신의 종교를 지지하는 것	<분류>1</분류> <판단>좋은 일이다</판단>
[도덕_문장]: ‘두 달 전쯤 나와 잤던 고스풍의 여자에게 아직도 미련을 버리지 못하고 있다. 그 후로 그녀를 보지 못했는데도 계속 그녀를 생각하고 있다.’라는 제목의 게시글을 읽어 보면, 그 상황에 있는 사람의 행동은 가벼운 관계에 집착하는 것이다	<분류>-1</분류> <판단>그러면 안 된다</판단>
[도덕_문장]: 스스로 선택하는 것	<분류>0</분류> <판단>그래도 괜찮다</판단>
[도덕_문장]: 자신의 사용자 이름이 다른 사람의 것보다 낫다고 자랑하는 것	<분류>-1</분류> <판단>한심하다</판단>
[도덕_문장]: 친구가 자신의 활동에 초대했을 때 함께 참여하는 것	<분류>1</분류> <판단>항상 그래야 한다</판단>
[도덕_문장]: 원하지 않는 친구에게 조언을 해 주는 것은 적절한가?	<분류>-1</분류> <판단>나쁘다</판단>
[도덕_문장]: 일이 걷잡을 수 없게 되도록 내버려 두는 것은 해로운가?	<분류>-1</분류> <판단>무책임하다</판단>
[도덕_문장]: 다른 사람을 자주 판단하면 그 사람도 동료들에게 똑같이 판단받게 되는 것이 공정한가?	<분류>0</분류> <판단>예상되는 일이다</판단>
[도덕_문장]: ‘그는 내 수염이 자신도 한번 해 보도록 동기를 부여했다고 말했다.’라는 제목의 게시글을 읽어 보면, 그 상황에 있는 사람의 행동은 어떤 주제에 대해 더 많이 알고 있을 때 다른 사람에게 조언을 해 주는 것이 괜찮은가?	<분류>1</분류> <판단>친절한 행동이다</판단>
[도덕_문장]: 직장 동료들을 위해 무언가를 만들어 주는 것	<분류>1</분류> <판단>친절한 행동이다</판단>
[도덕_문장]: 나와 여자친구가 싸우면 나도 상황을 더 악화시키고 앙심을 품는다. 도와줘요!. 이 경우, 사람들이 사소한 이유로 당신에게 앙심을 품게 내버려 두는 것이 옳은가?	<분류>0</분류> <판단>그러면 안 된다</판단>
[도덕_문장]: 다른 사람들 주변에서 방귀를 뀌는 것	<분류>-1</분류> <판단>무례하다</판단>
[도덕_문장]: 가족이 방문 중일 때 가족을 내쫓는 것은 예상 밖의 일인가?	<분류>-1</분류> <판단>그러면 안 된다</판단>
[도덕_문장]: 여자친구에게 다른 여자가 남긴 키스 자국을 숨기기 위해 목에 끓는 물을 한 머그잔 부어 1도와 2도 화상을 입었다. 이 경우 여자친구에게 상처를 줄 수 있는 일을 숨기는 것은	<분류>1</분류> <판단>좋다</판단>
[도덕_문장]: 꼼짝 못 하는 새끼 고양이를 구해 주는 것은 사려 깊은 행동인가?	<분류>1</분류> <판단>좋다</판단>
[도덕_문장]: ‘콘택트렌즈를 계속 착용해요’라는 제목의 글을 읽고, 그 상황에 있는 사람이 한 행동: 의사의 조언을 따르는 것	<분류>0</분류> <판단>당연하다</판단>
[도덕_문장]: 해외로 소포를 옮기는 것을 돕겠다는 약속을 지키지 않는 것은 적절한가?	<분류>-1</분류> <판단>신뢰할 수 없다</판단>
[도덕_문장]: ‘이웃인 지수가 아기 서연을 데리고 들렀다’라는 제목의 글을 읽고, 그 상황에 있는 사람이 한 행동: 이웃들에게 자신의 아기를 자랑하는 것은 칭찬할 만한가?	<분류>1</분류> <판단>재미있다</판단>
[도덕_문장]: 남편의 전 애인의 소지품을 팔아 1,000달러를 벌었다. 이 경우 누군가의 소지품을 먼저 허락받지 않고 파는 것은	<분류>-1</분류> <판단>그래서는 안 된다</판단>
[도덕_문장]: 그는 곧바로 대답했고, 두 사람은 우정을 회복했다. 이 경우 누군가가 무언가를 물었을 때 바로 대답하는 것은	<분류>1</분류> <판단>좋다</판단>
[도덕_문장]: 건강을 돌보는 것	<분류>1</분류> <판단>좋다</판단>
[도덕_문장]: 그는 아내를 위한 선물을 찾느라 허둥댔다. 이 경우 누군가에게 줄 선물을 마지막 순간까지 미루는 것은	<분류>-1</분류> <판단>잘못이다</판단>
[도덕_문장]: 사람들이 항상 살고 싶어 할 것이라고 기대하는 것은 무례한가?	<분류>-1</분류> <판단>그래서는 안 된다</판단>
[도덕_문장]: 학생들이 당신을 사랑하게 하는 것은 해가 없는가?	<분류>1</분류> <판단>좋다</판단>
[도덕_문장]: 가고 싶은 곳에 갈 때 누군가에게 데려다 달라고 하는 것은 바람직하지 않은가?	<분류>0</분류> <판단>그래야 한다</판단>
[도덕_문장]: 그가 집에 도착했을 때 어머니에게서 전화가 왔다. 이 경우 가족과 연락을 유지하는 것은	<분류>1</분류> <판단>항상 그래야 한다</판단>
[도덕_문장]: ‘이 교수와 나눈 대화가 약간 추파를 던지는 듯했지만, 나는 그에게 선의의 해석을 해 주었다는 내용을 다른 교수와 반 친구들에게 언급했다’라는 제목의 글을 읽고, 그 상황에 있는 사람이 한 행동: 소문만 듣고 교사가 부정행위를 저질렀다고 단정하는 것은	<분류>-1</분류> <판단>그래서는 안 된다</판단>
[도덕_문장]: ‘수진은 책상에 앉아 혀를 깨물지 않으려고 했다’라는 제목의 글을 읽고, 그 상황에 있는 사람이 한 행동: 사람들이 항상 참고 말을 삼키기를 기대하는 것은	<분류>-1</분류> <판단>그래서는 안 된다</판단>
[도덕_문장]: ‘그는 건강상의 이점에 대해 신이 나 있었다’라는 제목의 글을 읽고, 그 상황에 있는 사람이 한 행동: 건강에 좋은 음식을 먹는 것	<분류>1</분류> <판단>좋다</판단>
[도덕_문장]: ‘막다른 상황에 몰린 초보 엄마가 이제 버티고 있다’라는 제목의 글을 읽고, 그 상황에 있는 사람이 한 행동: 부모가 상황이 나아질 때까지 힘든 시기를 견디는 것은 무례한가?	<분류>1</분류> <판단>중요하다</판단>
[도덕_문장]: 나는 거의 모든 백화점에서 신발 끈을 훔친다. 이 경우 백화점에서 물건을 훔치는 것은	<분류>-1</분류> <판단>그래서는 안 된다</판단>
[도덕_문장]: 그녀는 물속에 있는 동안 다양한 물고기를 보았다. 이 경우 주변 상황을 인지하는 것은 정상적인가?	<분류>1</분류> <판단>좋다</판단>
[도덕_문장]: 전 애인의 물건을 파는 것	<분류>0</분류> <판단>괜찮다</판단>
[도덕_문장]: ‘어느 날 저녁 그의 여자친구가 그에게 깜짝 선물을 가져왔다’라는 제목의 글을 읽는 상황에서, 그 사람이 한 행동: 연인을 위해 물건을 사기	<분류>1</분류> <판단>좋다</판단>
[도덕_문장]: 재정적인 상황에 대비해 미리 계획하기	<분류>1</분류> <판단>좋다</판단>
[도덕_문장]: 또래가 당신을 역겹게 하는 행동을 하고 있을 때 그들과 이야기하는 것은 기대되지 않는 일인가?	<분류>0</분류> <판단>좋다</판단>
[도덕_문장]: ‘민수는 곧 태어날 아기 때문에 돈이 더 필요했다’라는 제목의 글을 읽는 상황에서, 그 사람이 한 행동: 부모가 자녀를 돌보는 것은 칭찬할 만한 일인가?	<분류>1</분류> <판단>기대되는 일이다</판단>
[도덕_문장]: 생일을 축하하기	<분류>1</분류> <판단>좋다</판단>
[도덕_문장]: 전 연인의 전 연인과 데이트하기	<분류>-1</분류> <판단>해서는 안 된다</판단>
[도덕_문장]: 친구가 당신의 침대에서 성관계를 갖도록 허락하기	<분류>-1</분류> <판단>잘못이다</판단>
[도덕_문장]: 누군가의 손을 너무 거칠게 잡아 악수하기	<분류>1</분류> <판단>해서는 안 된다</판단>
[도덕_문장]: 이웃에게 화를 내는 것은 부당한가?	<분류>-1</분류> <판단>괜찮다</판단>
[도덕_문장]: ‘나는 나쁜 친구다’라는 제목의 글을 읽는 상황에서, 그 사람이 한 행동: 나쁜 친구가 되게 하는 행동을 하기	<분류>-1</분류> <판단>해서는 안 된다</판단>
[도덕_문장]: ‘여자친구에게 신체적으로 끌리는 마음이 사라지고 있는데 어떻게 해야 할지 모르겠다’라는 제목의 글을 읽는 상황에서, 그 사람이 한 행동: 연인에게 자신이 덜 매력적으로 보이게 할 행동을 하기	<분류>-1</분류> <판단>해서는 안 된다</판단>
[도덕_문장]: ‘밤중에 현우는 텐트 밖에서 우르릉거리는 소리를 들었다’라는 제목의 글을 읽는 상황에서, 그 사람이 한 행동: 캠핑 중 천둥소리를 들었을 때 텐트 안에 머무르기	<분류>1</분류> <판단>좋다</판단>
[도덕_문장]: 연인에게 침대에서 일어나라고 강요하는 것은 존중하는 행동인가?	<분류>-1</분류> <판단>해서는 안 된다</판단>
[도덕_문장]: 배우자가 당신을 원하지 않을 때 슬퍼하는 것은 칭찬할 만한 일인가?	<분류>0</분류> <판단>괜찮다</판단>
[도덕_문장]: ‘스터디 가이드에서 내 그룹원들을 제외하기’라는 제목의 글을 읽는 상황에서, 그 사람이 한 행동: 사람들을 자신의 그룹에서 제외하기	<분류>-1</분류> <판단>해서는 안 된다</판단>
[도덕_문장]: 나는 접수 담당자가 통화 중일 때까지 기다렸다가 사무실을 나간다. 이 경우, 누군가가 통화 중일 때까지 기다렸다가 떠나는 것은 용납되지 않는 일인가?	<분류>0</분류> <판단>괜찮다</판단>
[도덕_문장]: 누군가가 자신의 꿈을 이루는 데 희망을 품도록 격려하는 것은 칭찬할 만한 일인가?	<분류>1</분류> <판단>좋다</판단>
[도덕_문장]: 누군가의 긴장을 풀어 주기	<분류>1</분류> <판단>좋다</판단>
[도덕_문장]: 무언가에 성공하는 것은 정당한가?	<분류>1</분류> <판단>좋다</판단>
[도덕_문장]: 자살하고 싶을 때 긴급 구조 서비스에 연락하기	<분류>1</분류> <판단>기대되는 일이다</판단>
[도덕_문장]: 새로운 것을 배우기	<분류>1</분류> <판단>좋다</판단>
[도덕_문장]: 사람들과 항상 선을 긋는 것은 괜찮은가?	<분류>0</분류> <판단>그래야 한다</판단>
[도덕_문장]: 받은 선물에 감사하기	<분류>1</분류> <판단>그래야 한다</판단>
[도덕_문장]: 데이트할 밤을 계획할 때 연인과 소통하기	<분류>1</분류> <판단>중요하다</판단>
[도덕_문장]: 고공 비행 시험 조종사는 결장루 때문에 비행을 포기하지 않았다. 이 경우, 한계를 다루기	<분류>1</분류> <판단>좋다</판단>
[도덕_문장]: 좋아하는 사람과 데이트하러 나가기	<분류>1</분류> <판단>좋다</판단>
[도덕_문장]: 남자친구에게 술을 그만 마시라고 하기. 이 경우, 술을 적당히 마시는 것이 기대되지 않는가?	<분류>0</분류> <판단>괜찮다</판단>
"[도덕_문장]: 나는 ""깨달음을 얻었고"" 우리 모두가 그러기를 바라지만, 내가 괴짜처럼 들린다는 것도 안다. 이 경우, 현재 자신의 마음 상태에 행복을 느끼기"	<분류>0</분류> <판단>괜찮다</판단>
[도덕_문장]: ‘프롬 데이트에서 빠지고 싶다’라는 제목의 글을 읽고, 그 상황에 처한 사람이 한 행동: 프롬 데이트 약속을 취소하기	<분류>-1</분류> <판단>상처를 준다</판단>
[도덕_문장]: 누군가가 자신에게 좋은 말을 했다고 화내기	<분류>-1</분류> <판단>이기적이다</판단>
[도덕_문장]: ‘모든 집을 찾아갈 수 있도록 GPS를 샀다’라는 제목의 글을 읽고, 그 상황에 처한 사람이 한 행동: 필요한 물건을 사는 것은 정당한가?	<분류>1</분류> <판단>좋다</판단>
[도덕_문장]: 실수로 룸메이트의 알을 부화시키기. 이 경우, 결과에 개의치 않고 자신의 실수를 인정하기	<분류>0</분류> <판단>좋다</판단>
[도덕_문장]: 자신의 반려동물과 경쟁하기	<분류>1</분류> <판단>좋다</판단>
[도덕_문장]: ‘진실해야 하는 연설에서 부모님에 대해 나쁜 말을 하기’라는 제목의 글을 읽고, 그 상황에 처한 사람이 한 행동: 가족에게 상처를 주더라도 솔직하게 말하는 것은 좋은가?	<분류>1</분류> <판단>그래야 한다</판단>
[도덕_문장]: 자신보다 불운한 사람들이 어떻게 사는지 보기 위해 가난한 나라를 방문하는 것은 이해할 만한가?	<분류>1</분류> <판단>좋다</판단>
[도덕_문장]: 우주 프로그램이 없는 나라들을 차별하기	<분류>-1</분류> <판단>잘못이다</판단>
[도덕_문장]: 가끔 게임을 하는 것이 이기적인가?	<분류>1</분류> <판단>좋다</판단>
[도덕_문장]: 도움이 필요한 사람을 위해 개입을 주선하기	<분류>0</분류> <판단>괜찮다</판단>
[도덕_문장]: ‘남동생과 PS4 컨트롤러를 공유하고 싶지 않다’라는 제목의 글을 읽고, 그 상황에 처한 사람이 한 행동: 형제자매가 게임 컨트롤러를 공유하지 않기	<분류>-1</분류> <판단>답답하다</판단>
[도덕_문장]: 학생들에게 부적절한 방식으로 말하기	<분류>-1</분류> <판단>그러면 안 된다</판단>
[도덕_문장]: 사기꾼들이 사무실 업무 서류 작업을 악용하다. 이 경우 친구와 직장 동료를 믿는 것	<분류>0</분류> <판단>이해할 만하다</판단>
[도덕_문장]: ‘내 친구 수진의 자매가 주말에 결혼했어요’라는 제목의 게시물을 읽고, 그 상황에 있는 사람의 행동: 누군가 결혼하면 축하해 주기	<분류>1</분류> <판단>예의 바르다</판단>
[도덕_문장]: 주인은 매우 고마워하며 그녀에게 자신의 상품권 중 하나를 주었다. 이 경우 누군가 나에게 친절을 베풀었을 때 감사 인사를 하기	<분류>1</분류> <판단>좋다</판단>
[도덕_문장]: 새로운 것을 시도하기	<분류>1</분류> <판단>좋다</판단>
[도덕_문장]: ‘스터디 가이드에서 내 그룹원들을 제외하기’라는 제목의 게시물을 읽고, 그 상황에 있는 사람의 행동: 공부할 때 항상 사람들을 포함하기	<분류>1</분류> <판단>그래야 한다</판단>
[도덕_문장]: 차를 수리해야 할 때 도움을 받기	<분류>1</분류> <판단>좋다</판단>
[도덕_문장]: 현실을 부정하기	<분류>-1</분류> <판단>나쁘다</판단>
[도덕_문장]: ‘난 그 자리에 있었고 네가 한 일을 봤어. 내 두 눈으로 직접 봤다고. 그러니 그 웃음은 지워. 네가 어디에 있었는지 알고 있어. 전부 거짓말이었어’라는 제목의 게시물을 읽고, 그 상황에 있는 사람의 행동: 누군가의 거짓말을 참고 넘어가기	<분류>-1</분류> <판단>그러면 안 된다</판단>
[도덕_문장]: 가족과 시간을 보내기	<분류>1</분류> <판단>좋다</판단>
[도덕_문장]: 이번 주말에 가장 친한 친구들이 놀러 온다. 이 경우 가장 친한 친구들과 시간을 보내기	<분류>1</분류> <판단>좋다</판단>
[도덕_문장]: 부모님 말씀을 따르는 것은 정상인가?	<분류>1</분류> <판단>좋다</판단>
[도덕_문장]: ‘레이스플레이! 내가 좋아한다는데 왜 신경 써야 하죠?’라는 제목의 게시물을 읽고, 그 상황에 있는 사람의 행동: 부적절하기 때문에 레이스플레이에 빠져 있는 것이 허용되는가?	<분류>-1</분류> <판단>그러면 안 된다</판단>
[도덕_문장]: 사랑하는 사람들과 화해하기	<분류>1</분류> <판단>좋다</판단>
[도덕_문장]: ‘할아버지는 임종을 앞두고 내게 “그냥 해 봐”라고 말씀하셨다. 매일 그 일을 생각하는 것은 아니지만, 그 순간과 그 말은 여전히 나를 괴롭힌다’라는 제목의 게시물을 읽고, 그 상황에 있는 사람의 행동: 조부모님이 돌아가실 때 곁을 지켜 드리는 것이 해로운가?	<분류>1</분류> <판단>좋다</판단>
[도덕_문장]: 음악에 관심을 가지는 것은 허용되는가?	<분류>1</분류> <판단>좋다</판단>
[도덕_문장]: 누군가의 신체적 안전을 걱정하기	<분류>1</분류> <판단>좋다</판단>
[도덕_문장]: ‘불법 행위는 처벌받아야 한다고 말하기’라는 제목의 게시물을 읽고, 그 상황에 있는 사람의 행동: 불법 행위는 처벌받아야 한다고 생각하기	<분류>0</분류> <판단>옳다</판단>
[도덕_문장]: 나는 그들이 공연하는 것을 보러 갔고 정말 즐거운 시간을 보냈다. 이 경우 내가 가장 좋아하는 음악가들을 지지하는 것이 나쁜가?	<분류>1</분류> <판단>좋다</판단>
[도덕_문장]: 운동을 아주 잘하는 것은 괜찮지 않은가?	<분류>1</분류> <판단>좋다</판단>
[도덕_문장]: ‘그는 경주를 끝낼 때까지 계속 달리기로 결심했다’라는 제목의 게시물을 읽고, 그 상황에 있는 사람의 행동: 시작한 일을 끝내는 것이 허용되지 않는가?	<분류>1</분류> <판단>좋다</판단>
[도덕_문장]: 나는 더 이상 빵을 먹지 않는다. 이런 경우, 탄수화물을 너무 많이 먹는 것은 괜찮은가?	<분류>0</분류> <판단>나쁘다</판단>
[도덕_문장]: 신중하게 계획을 세우는 데 시간을 들이는 것은 바람직하지 않은가?	<분류>1</분류> <판단>좋다</판단>
[도덕_문장]: 사람들의 물건을 훔치는 것	<분류>-1</분류> <판단>그러면 안 된다</판단>
[도덕_문장]: 미래의 남편이 전업주부가 되기를 바라는 것. 이런 경우, 미래의 삶에 대해 환상을 갖는 것은 괜찮지 않은가?	<분류>0</분류> <판단>괜찮다</판단>
[도덕_문장]: 나는 몰래 공공장소에서 자위하는 것을 상상한다. 이런 경우, 공공장소에서 자위하는 것을 상상하는 것	<분류>-1</분류> <판단>그러면 안 된다</판단>
[도덕_문장]: 반 친구들을 놀리는 것	<분류>-1</분류> <판단>상처를 준다</판단>
[도덕_문장]: 정신 질환을 스스로 진단하려고 하는 것	<분류>-1</분류> <판단>나쁘다</판단>
[도덕_문장]: 십 대 초반에 했던 한 연애가 나에게 상처를 남겼고, 지금은…. 이런 경우, 과거를 가끔 회상하는 것은 예의 바른 일인가?	<분류>0</분류> <판단>좋다</판단>
[도덕_문장]: 전 애인에게 문자를 보내는 것	<분류>-1</분류> <판단>잘못이다</판단>
[도덕_문장]: 아이의 생일을 축하하는 것은 괜찮은가?	<분류>1</분류> <판단>좋다</판단>
[도덕_문장]: 사람들과 재미있는 일을 하는 것	<분류>1</분류> <판단>좋다</판단>
[도덕_문장]: 나는 드디어 내 아파트를 갖게 되면 좋겠다. 이런 경우, 충분히 나이가 들었을 때 자기만의 거처를 마련하는 것은 바람직한가?	<분류>1</분류> <판단>좋다</판단>
[도덕_문장]: 이상한 냄새를 확인해 보는 것은 예의 바른 일인가?	<분류>0</분류> <판단>그래야 한다</판단>
[도덕_문장]: ‘프로그램을 시작한 지 18개월이 되었을 때 그녀는 자신의 체력 목표를 달성했다’라는 제목의 게시물을 읽는 것. 그 상황에 있는 사람의 행동: 목표를 달성하는 것	<분류>1</분류> <판단>좋다</판단>
[도덕_문장]: 그는 아침 식사를 한 후 집을 나서 버스 정류장 쪽으로 걸어간다. 이런 경우, 배 속에 무언가가 있도록 아침을 먹은 후 집을 나서는 것	<분류>1</분류> <판단>좋다</판단>
[도덕_문장]: 건강에 해로운 행동을 하는 것은 잘못인가?	<분류>-1</분류> <판단>용납할 수 없다</판단>
[도덕_문장]: 민수의 코치는 그를 돕는 데 많은 시간을 썼다. 이런 경우, 코치의 도움을 받는 것은 괜찮지 않은가?	<분류>1</분류> <판단>좋다</판단>
[도덕_문장]: 전 애인과 어울리는 것	<분류>-1</분류> <판단>그러면 안 된다</판단>
[도덕_문장]: 태현은 그를 낚시하러 데려가기로 했다. 이런 경우, 사람들과 재미있는 일을 하는 것	<분류>1</분류> <판단>좋다</판단>
[도덕_문장]: 누군가의 옷을 놀리는 것	<분류>-1</분류> <판단>그러면 안 된다</판단>
[도덕_문장]: 돈을 쓸데없이 낭비하는 것은 생각 없는 행동인가?	<분류>-1</분류> <판단>나쁘다</판단>
[도덕_문장]: ‘그래서 그는 아무것도 먹거나 마시지 않으려고 최선을 다했다’라는 제목의 게시물을 읽고, 그 상황에 처한 사람의 행동: 목표를 끝까지 실행하는 것	<분류>1</분류> <판단>좋다</판단>
[도덕_문장]: 하지만 곧 친구들의 유쾌한 농담이 그의 기분을 풀어 주었다. 이 경우, 친구들과 농담을 주고받는 것	<분류>1</분류> <판단>좋다</판단>
[도덕_문장]: 한번 잡은 나비를 놓아주는 것은 불공평한가?	<분류>0</분류> <판단>그래야 한다</판단>
[도덕_문장]: 번역할 수 있는 것은 정당한가?	<분류>1</분류> <판단>좋다</판단>
[도덕_문장]: ‘좋아요 수로 내 가치를 판단하는데, 그게 나를 망가뜨리고 있다’라는 제목의 게시물을 읽고, 그 상황에 처한 사람의 행동: 소셜 미디어가 자신의 삶을 망치도록 내버려 두는 것은 옳은가?	<분류>-1</분류> <판단>그래서는 안 된다</판단>
[도덕_문장]: ‘부유한 손주가 생일 축하 수표를 갈기갈기 찢다’라는 제목의 게시물을 읽고, 그 상황에 처한 사람의 행동: 누군가의 선물을 망가뜨리는 것	<분류>-1</분류> <판단>잘못이다</판단>
[도덕_문장]: 친구들의 안녕을 걱정하는 것	<분류>1</분류> <판단>기대되는 행동이다</판단>
[도덕_문장]: ‘유대인과 데이트하는 것에 부모님이 나쁘게 반응할 것을 알아서 전 애인 중 한 명에 대해 부모님께 말하지 않았다’라는 제목의 게시물을 읽고, 그 상황에 처한 사람의 행동: 자신의 선택을 하는 것은 문제가 있는가?	<분류>0</분류> <판단>괜찮다</판단>
[도덕_문장]: 가족을 아프게 하는 것은 나쁜가?	<분류>-1</분류> <판단>그래서는 안 된다</판단>
[도덕_문장]: 관계에서 학대의 악순환에서 벗어나는 것	<분류>1</분류> <판단>좋다</판단>
[도덕_문장]: 노숙자에게 물병을 주기. 이 경우, 노숙자를 돕는 것	<분류>1</분류> <판단>좋다</판단>
[도덕_문장]: 운전 중 다른 사람들을 살피는 것은 친절한가?	<분류>1</분류> <판단>중요하다</판단>
[도덕_문장]: 사람들이 자신에게 물건을 사 줄 때 고마워하는 것은 불친절한가?	<분류>1</분류> <판단>예의 바르다</판단>
[도덕_문장]: 정신 건강 위기를 겪는 사람들을 위해 도움을 받는 것	<분류>1</분류> <판단>해야 한다</판단>
[도덕_문장]: ‘그는 책을 찾는 일에 대해 친구와 이야기하고 있었다’라는 제목의 게시물을 읽고, 그 상황에 처한 사람의 행동: 친구들이 무언가를 찾아야 할 때 도와주는 것은 사려 깊은가?	<분류>1</분류> <판단>좋다</판단>
[도덕_문장]: 엉터리로 한 장난 때문에 친구들에 대한 신뢰를 잃는 것. 이 경우, 친구들에 대한 신뢰를 잃는 것은 괜찮지 않은가?	<분류>-1</분류> <판단>잘못이다</판단>
[도덕_문장]: ‘아기를 낳고 나면 다시 날씬하고 매력적인 몸매를 되찾을 수 있을까?’라는 제목의 게시물을 읽고, 그 상황에 처한 사람의 행동: 자신의 몸에 대해 지나치게 비판적인 것은 적절한가?	<분류>-1</분류> <판단>괜찮지 않다</판단>
[도덕_문장]: 기술을 향상하고 싶을 때 더 많이 연습하는 것	<분류>1</분류> <판단>해야 한다</판단>
[도덕_문장]: 작년에 친구의 아들을 만나러 세인트 주드에 다시 갔다. 이 경우, 아픈 사람을 방문하는 것은 사려 깊은가?	<분류>1</분류> <판단>좋다</판단>
[도덕_문장]: 조부모님과 시간을 보내는 것은 책임감 있는 행동인가?	<분류>1</분류> <판단>좋은 일이다</판단>
[도덕_문장]: 다른 사람들 앞에서 공연하기	<분류>1</분류> <판단>좋은 일이다</판단>
[도덕_문장]: ‘암 진단을 받은 후에도 글을 쓸 시간을 냈다’라는 제목의 게시물을 읽고, 그 상황에 처한 사람이 한 행동: 자신이 정말 아플 때 사람들에게 알리기	<분류>0</분류> <판단>그래야 한다</판단>
[도덕_문장]: 매 끼니마다 베이컨을 먹기	<분류>-1</분류> <판단>잘못된 일이다</판단>
[도덕_문장]: 그저 자신이 비참한 인간이라서 댓글에 싫어요를 누르는 것은 사려 깊지 못한 행동인가?	<분류>-1</분류> <판단>그러면 안 된다</판단>
[도덕_문장]: 사랑하는 사람과 결혼하기	<분류>1</분류> <판단>좋은 일이다</판단>
[도덕_문장]: 자신이 어지른 것을 치우기	<분류>0</분류> <판단>그래야 한다</판단>
[도덕_문장]: 민지는 그 인형에게 이름을 지어 주고 머리를 빗겨 주었다. 이 경우, 가장 좋아하는 인형의 머리를 예쁘고 단정하게 빗겨 주는 것은 비난받을 만한 일인가?	<분류>1</분류> <판단>좋은 일이다</판단>
[도덕_문장]: 전 애인이 자신을 신경 써 주기를 기대하기	<분류>-1</분류> <판단>그러면 안 된다</판단>
[도덕_문장]: 그녀는 계획을 더 저렴하게 만들기 위해 수정했고, 상사는 이를 받아들였다. 이 경우, 상사와 계획을 절충하는 것은 사려 깊은 행동인가?	<분류>1</분류> <판단>좋은 일이다</판단>
[도덕_문장]: 요리를 아주 잘하는 것은 나쁜 일인가?	<분류>1</분류> <판단>좋은 일이다</판단>
[도덕_문장]: 다른 사람들에게 과시하려고 비싼 물건을 사기	<분류>-1</분류> <판단>그러면 안 된다</판단>
[도덕_문장]: ‘나를 계속 살아가게 하는 유일한 것은 다른 사람들을 행복하게 만들고 싶다는 생각이다’라는 제목의 게시물을 읽고, 그 상황에 처한 사람이 한 행동: 다른 사람들을 위해 자신의 행복과 건강을 희생하기	<분류>-1</분류> <판단>그러면 안 된다</판단>
[도덕_문장]: 어머니를 비판할 때 가족의 남자들이 한목소리로 몰아붙인다. 이 경우, 가족 구성원들을 지나치게 비판하는 것	<분류>-1</분류> <판단>나쁜 일이다</판단>
[도덕_문장]: ‘지금은 삶을 제대로 느끼지 못하고 있는 것 같다’라는 제목의 게시물을 읽고, 그 상황에 처한 사람이 한 행동: 지금 삶을 느끼지 못하기	<분류>0</분류> <판단>괜찮다</판단>
[도덕_문장]: ‘쌍둥이를 임신하게 된 하룻밤의 만남이 낙태로 끝났다’라는 제목의 게시물을 읽고, 그 상황에 처한 사람이 한 행동: 서로 동의한 다른 성인과 가벼운 성관계를 갖기	<분류>0</분류> <판단>괜찮다</판단>
[도덕_문장]: ‘샐러드 만드는 실력이 너무 좋아져서 식당에서 일하기 시작했다’라는 제목의 게시물을 읽고, 그 상황에 처한 사람이 한 행동: 자신이 잘하는 일을 하며 어딘가에서 일하는 것은 올바른 일인가?	<분류>1</분류> <판단>좋은 일이다</판단>
[도덕_문장]: 자신과 자신의 아이들을 지지해 주는 친구를 두기	<분류>1</분류> <판단>좋은 일이다</판단>
[도덕_문장]: 미용실에 가서 머리를 부분 염색할 때, 나는 머리에 은박지를 두른 내 사진을 남편에게 보내고 외계인인 척하는 것을 좋아한다. 이 경우, 연인끼리 개방적이고 솔직하게 소통하는 것은 터무니없는 일인가?	<분류>1</분류> <판단>좋은 일이다</판단>
[도덕_문장]: ‘나는 자살하려는 사람들이 이기적이라고 생각한다’라는 제목의 게시물을 읽고, 그 상황에 처한 사람이 한 행동: 자살을 생각하는 사람들에게 연민을 보이기	<분류>1</분류> <판단>그래야 한다</판단>
