situation-idx,situation,original-rot-id,rot,agency-experience,class_label,text_label,judgement,social_agree,is_filter,is_recollect,source
17,회사에서 업무 분담을 정하는 과정에서 후배가 내 일을 당연하다는 듯 넘기려 해 그 점을 지적했더니 분위기가 어색해져 서로 불편해졌다.,2404,잘못을 바로 보는 앞에서 지적할 수 있다. ,agency,1,"그렇다, 그렇게 할 수 있다.",그렇게 할 수 있다,1,,1,crd_2nd
s-446,"17살 연상 남편과 결혼, 극심한 엄마의 반대",f-405,나이 차가 너무 많이 나는 상대방과의 결혼은 좋다.,agency,-1,"아니다, 좋지 않다.",좋지 않다,1,,0,kbsn
s-203,시부모님 모시자고 아내에게 통보한 남편,f-94,아내에게 통보하는 것은 바람직하지 않다.,agency,1,"그렇다, 바람직하지 않다.",바람직하지 않다,1,,0,kbsn
556,버스의 어떤 여자가 휴대폰으로 동영상을 보는데 너무 시끄러워서 볼륨을 줄이라고 말할까 말까 고민했다.,1668,다른 사람에게 소음 피해를 주고 있다는 말을 들으면 변명하기보다 볼륨을 바로 낮추고 주변을 배려해야 한다.,agency,1,"그렇다, 그래야 한다.",그래야 한다,1,,0,crd
s-217,고1때부터 제게 여친보다 더 집착하는 절친 ᅲ 어떻게 하면 좋을까요?,f-132,객관적 근거 없이 상대방의 호의와 관심을 집착으로 여겨도 괜찮다.,agency,-1,"아니다, 옳지 않다.",옳지 않다,1,,0,kbsn
72,"소개팅 자리에서 정치 이야기가 나왔는데 상대가 특정 정치인과 지지자들을 심하게 비하해서 더 말을 섞기 싫어졌지만, 친구가 소개해 준 자리라 애매한 미소만 지으며 대화를 마무리했다.",218,주선자는 소개팅 당사자들의 성향이 서로 잘 맞을지 미리 고려하여 만남을 주선하는 것이 좋다.,agency,1,"그렇다, 좋다.",좋다,1,,0,crd
642,버스 정류장에서 술 취한 취객이 어깨를 툭툭 치며 시비를 걸어 말싸움이 났다.,1927,공공장소에서 술에 취해 타인에게 시비를 걸거나 위협을 주는 행동은 허용되지 않는다.,agency,1,"그렇다, 허용되지 않는다.",허용되지 않는다,1,,0,crd
555,우리 아파트의 어떤 여자가 스티커를 붙이지 않은 의자를 폐기물로 내놓는 것을 보고 지적을 할까 말까 고민했다.,1667,상대방에게 지적을 할 때는 공손하게 예의를 갖출 필요 없다,agency,-1,"아니다, 갖추어야 한다.",갖추어야 한다,1,,0,crd
366,여자친구가 카페에서 알바를 붙잡고 진상짓을 하고 있어서 말리다가 싸웠다.,1100,고객 응대 중 부당한 요구가 발생했을 때 매장 규정에 따라 대응하는 것은 적절하지 않다.,agency,-1,"아니다, 적절하다.",적절하다,1,,0,crd
652,"오늘 신제품 출시 직전, 이윤 극대화를 위해 제품 결함을 숨길지 아니면 안전을 위해 출시를 연기할지 심각한 고민에 빠졌다.",1956,"어떠한 결정에 있어, 당장의 이익보다는 다수의 위험을 미연에 방지하는 선택을 해야한다.",agency,1,"그렇다, 그래야 한다.",그래야 한다,1,,0,crd
629,"지인에게 빌려준 돈의 상환 기한이 지났지만, 먼저 꺼내면 관계가 어색해질까 봐 말을 꺼내지 못했다.",1887,타인에게 빌린 돈은 갚아야한다.,agency,1,"그렇다, 그래야 한다.",그래야 한다,1,,0,crd
s-490,‘제 아들이 가수거든요..’ 전 남편이 허위 사실 유포하며 아들의 앞길을 막고 있어요..,f-420,허위 사실을 유포하는 전 배우자에게 법적인 책임을 요구할 필요가 있다.,agency,1,"그렇다, 필요가 있다.",필요가 있다,1,,0,kbsn
316,퇴근을 할 때 버스를 타고 자리에 앉아있는데 할머니가 타시는 것을 봤지만 너무 피곤해 못 본척 눈을 감았다.,948,대중교통에서 노약자가 서 있는 경우 자리를 양보하는 것이 바람직하다.,agency,1,"그렇다, 바람직하다.",바람직하다,1,,0,crd
708,"도움을 받았던 친구에게 오늘 고마움의 표시로 선물을 줬는데, 친구는 자기 마음에 상처가 되는 선물이라고 해서 당황했다.",2126,"개인적인 상황에 있어 상대방의 호의에 기뻐할 수 없다면, 그 상황에 대해서 설명하는 것은 좋지 않다.",agency,-1,"아니다, 좋다.",좋다,1,,0,crd
s-1248,오빠가 연애하면 질투날 거 같아요!ᅲᅲ 사이가 너~무 좋은 찐남매,f-713,남매지간의 우애를 잘 유지하는 것은 필요 없다.,agency,-1,"아니다, 해야 한다.",해야 한다,1,,0,kbsn
476,"직장 상사가 내 물건을 허락 없이 사용해 화가 났지만, 큰 소리를 낼 수도 없어서 답답했다.",1429,자신의 물건이 무단으로 사용되었을 때는 사용을 중단하는 요청이나 사전 동의를 요구해도 괜찮다.,agency,1,"그렇다, 괜찮다.",괜찮다,1,,0,crd
s-1729,아들에게 미안한 마음에 손주라도 제대로 키우고 싶은 할머니..,f-1040,양육자의 마음을 헤아리려고 노력해야 한다.,agency,1,"그렇다, 그래야 한다.",그래야 한다,1,,0,kbsn
s-2335,돈 때문에 20년 만에 나타난 친부모..? 기댈 곳 없는 소녀의 안타까운 이야기,f-1365,어려움에 처한 미성년자를 도와줄 제도적 수단과 인적 지원은 필요하지 않다.,agency,-1,"아니다, 필요하다.",필요하다,1,,0,kbsn
s-2467,"※발암 주의※ 육아비 1억을 탕진한 아내, 내 절친과 바람까지?",f-1370,혐오를 유발하는 '발암'이라는 과도한 표현은 옳지 않다.,agency,1,"그렇다, 옳지 않다.",옳지 않다,1,,0,kbsn
249,"친구와 해외여행을 가서, 짝퉁 시장에서 짝퉁을 구매하였는데 친구가 짝퉁을 왜 사는 지 모르겠다라고 했다.",748,동행자의 소비 습관을 폄하하거나 단정적으로 평가하는 표현을 삼가는 것은 옳지 않다.,agency,-1,"아니다, 옳다.",옳다,1,,0,crd
s-346,"아버지, 언니와 절연한 상태예요. 이대로 지내도 괜찮을까요?",f-303,자식에게 져주는 것은 좋지 않다.,agency,-1,"아니다, 좋다.",좋다,1,,0,kbsn
76,외할아버지 생신 축하를 위해 강원도 리조트에서 가족들이 모두 모여 1박 2일 시간을 보내기로 했는데 축하를 위해 참석할지 나의 자유와 편안함을 위해 빠질지 고민했다.,228,외할아버지의 생신 축하 행사에 가족으로서 참여하지 않아도 괜찮다.,agency,-1,"아니다, 하는 것이 바람직하다.",하는 것이 바람직하다,1,,0,crd
s-1029,남′사′친 말고 남친 좀 만들고 싶은데... 제 한도초과 솔직함💥 괜찮을까요?,f-594,농담이라도 상대가 부담을 느낄 수 있는 표현을 피해야 하는 것은 아니다.,agency,-1,"아니다, 피해야 한다.",피해야 한다,1,,0,kbsn
710,내가 해보고 싶었지만 일정이 맞지 않아 지원하지 못했던 멀리 있는 직장의 일자리를 일을 찾고 있는 친구에게 추천 했는데 자신을 이용하려는 것 같아 기분이 나쁘다는 말을 들었다.,2132,친구를 도와줄 때 의도를 명확히 전달하는 것은 좋지 않다.,agency,-1,"아니다, 좋다.",좋다,1,,0,crd
518,동네언니가 떡을 했는데 우리집에는 3조각을 주고 다른 지인에게는 4조각을 줘서 마음이 서운하고 불쾌했다.,1554,서운한 일이 생겼을 경우 바로 이야기하는 것이 좋다.,agency,1,"그렇다, 좋다.",좋다,1,,0,crd
s-2133,동생에게 어머니 간 이식을 부탁해도 될까요?,f-1298,장기 이식을 동의할 증여자의 부담에 대해 고려하는 것은 옳지 않다.,agency,-1,"아니다, 옳다.",옳다,1,,0,kbsn
485,"회사 동료가 정성껏 준비해온 선물이 정말 마음에 들지 않았지만, 상처를 주지 않으려고 억지로 기쁜 척 연기를 해야 했다.",1455,회사 동료와의 관계를 생각하면 마음에 들지 않아도 티를 내지 않는 것이 바람직하지 않다.,agency,-1,"아니다, 바람직하다.",바람직하다,1,,0,crd
356,"친구가 타 지역에서 본인이 버스를 놓쳤는데, 택시비는 아깝다며 내가 차가 있으니 데리러오라는 소리에 상당히 불쾌했다.",1069,친구에게 도움을 요청할 때 고맙다는 인사와 함께 조심스럽게 물어보는 것은 좋지 않다.,agency,-1,"아니다, 좋다.",좋다,1,,0,crd
420,아랫집 천장 누수문제로 누수탐지를 했지만 우리집에서 원인을 찾지 못했는데도 우리에게 책임이 있다고 우겨 갈등이 발생한 적이 있다.,1262,책임이 불분명한 상황에서 소통을 회피하거나 일방적으로 대응하는 것은 바람직하다.,agency,-1,"아니다, 바람직하지 않다.",바람직하지 않다,1,,0,crd
780,골목에서 청소년들이 담배를 피우는 것을 보았지만 한마디 했다가 괜히 싸움에 말려들 것 같아 무서워서 못본척하고 빠르게 지나갔다.,2341,청소년들에게 화를 내며 훈계하는 것보다 타이르듯이 말하는 것이 좋다,agency,1,"그렇다, 좋다.",좋다,1,,0,crd
29,회의 중에 상사가 공개적으로 나를 질책해서 속상했다.,87,부하 직원을 공개적으로 질책하지 않는 것이 좋다.,agency,1,"그렇다, 좋다.",좋다,1,,0,crd
694,내 아이가 서울대에 합격해서 직장 동료들에게 축하 떡을 돌렸는데 입시 결과를 기다리고 있는 다른 동료가 떡을 쓰레기통에 버리는 것을 목격하고 속상했다.,2082,직장 동료에게 가족의 성취를 축하하는 떡을 나누는 것은 바람직하다.,agency,1,"그렇다, 바람직하다.",바람직하다,1,,0,crd
225,도서관에서 옆자리에 앉은 사람이 손으로 가리지도 않은 채 계속 기침을 해서 불쾌함을 느껴 마스크를 써 달라고 요청했다.,676,공공장소에서 불편한 상황이 발생했을 때에는 정중한 방식으로 의사를 표현하는 것이 좋다.,agency,1,"그렇다, 좋다.",좋다,1,,0,crd
619,가족 식사 자리에서 친척이 내 연봉을 구체적으로 묻고 비교하는 말을 해 불편한 분위기가 되었다.,1857,사적인 자리에서 개인의 수입을 구체적으로 묻지 않는 것은 좋지 않다.,agency,-1,"아니다, 좋다.",좋다,1,,0,crd
367,강아지를 산책시키는데 옆에서 누가 강아지 욕을 해대서 싸웠다.,1102,공공장소에서는 타인의 반려동물이나 개인에 대해 모욕적이거나 공격적인 발언을 삼가는 것이 옳다.,agency,1,"그렇다, 옳다.",옳다,1,,0,crd
s-1645,딸이 구급차에 실려가는데 동네 창피하니까 사이렌 끄라는 엄마😧,f-949,구급차가 사이렌을 울리지 않아도 항상 조심해야 한다.,agency,1,"그렇다, 그래야 한다.",그래야 한다,1,,0,kbsn
35,"컵이 부족해 커피를 큰 사이즈로 만들어 드리며 죄송하다고 말씀드렸는데, 고객이 마시던 걸 주는 거냐며 고소하겠다고 소리를 질러 어이가 없었다.",107,고객이 점원에게 소리를 지르고 화내는 것은 좋다.,agency,-1,"아니다, 좋지 않다.",좋지 않다,1,,0,crd
562,"동네 헬스장에서 기구를 오래 쓰는 사람이 있었는데 ‘좀 같이 쓰자’고 말해야 할지, 그냥 기다리는 게 예의인지 판단이 어려웠다.",1686,동네 헬스장에서 혼자 너무 오래 기구를 쓰면 안된다,agency,1,"그렇다, 그러면 안 된다.",그러면 안 된다,1,,0,crd
77,길을 걸어가는데 내 앞에 걸어가는 사람이 지갑을 떨어트렸는데 모르길래 떨어트렸다고 말을 해줘야하나 고민되었다.,231,타인이 물건을 분실한 것을 목격했을 때 이를 알려주어 주인이 물건을 찾을 수 있도록 돕는 것은 바람직한 행동이다.,agency,1,"그렇다, 바람직한 행동이다.",바람직한 행동이다,1,,0,crd
757,대학병원 교수의 진료 시간에 질문을 하자 교수가 무시하듯 상처가 되는 말을 하는 바람에 기분이 나빴다.,2272,진료 과정에서 궁금한 점이나 불안을 느낄 경우에 질문을 통해 이해를 구하는 것은 바람직하지 않다.,agency,-1,"아니다, 그래도 괜찮다.",그래도 괜찮다,1,,0,crd
591,"길을 가던 중 아주머니가 길을 물었는데, 아는 곳인데도 모른다고 했다.",1775,모르는 길을 갈 때 미리 길을 숙지하는 것은 바람직하지 않다.,agency,-1,"아니다, 바람직하다.",바람직하다,1,,0,crd
s-2044,남친이 학원 강사와 몰래 연락해서 상처받았던 썰😭,f-1208,상대방이 연인이 있음을 알았더라도 그의 연락을 수락하는 것은 옳은 행동이다.,agency,-1,"아니다, 옳지 않다.",옳지 않다,1,,0,kbsn
s-1632,헌팅으로 만난 남사친에게 꽃을💐 받아온 여자친구😬,f-929,남친 있는 여자친구가 다른 남자 대상으로 헌팅하는 것은 옳은 행동이다.,agency,-1,"아니다, 옳지 않다.",옳지 않다,1,,0,kbsn
181,지하철에서 큰 소리로 통화하는 승객에게 뭐라 했다가 싸움이 났다.,543,대중교통을 이용할 때 타인에게 피해를 주는 행동을 해도 된다.,agency,-1,"아니다, 안 된다.",안 된다,1,,0,crd
105,상사가 이유 설명 없이 내 방식을 틀렸다고 단정해 말해 난처한 기분이 들었다.,317,직장 내에서는 직속 상사의 말을 잘 들어야 한다.,agency,1,"그렇다, 그래야 한다.",그래야 한다,1,,0,crd
s-1403,"외박 후 혼자 수술한 아빠, 무뚝뚝한 아빠 때문에 고민인 가족",f-785,중대한 건강 문제가 있을 경우에는 가족에게 알리는 것이 바람직하다.,agency,1,"그렇다, 바람직하다.",바람직하다,1,,0,kbsn
330,나한테는 축의금을 하지 않은 얼굴만 아는 회사 사람의 결혼 축의금을 해야 하는지 고민이다.,992,직장 내 경조사 문화에서 금전적 부담을 강요해도 된다.,agency,-1,"아니다, 안 된다.",안 된다,1,,0,crd
384,"아파트 지하주차장에서 주차라인을 밟고 주차되어 있는 차가 있었고, 나는 그 옆에 올바르게 주차했는데, 그 차주가 본인이 잘못 주차해놓고 나에게 매너없이 주차했다고 언성을 높였다.",1153,본인의 잘못된 주차로 불편이 발생했을 경우 이를 인정하고 사과하는 것이 옳다.,agency,1,"그렇다, 옳다.",옳다,1,,0,crd
650,"회사에 입사한 신입사원이 첫 월급날 빚이 많다며 가불을 해달라고 요청했다. 불가능하다고 하자, 못 해주는 이유가 무엇이냐며 경리 직원인 나에게 화를 내 난처했다.",1952,신입사원이 화를 내면 똑같이 화를 내도 된다.,agency,-1,"아니다, 안 된다.",안 된다,1,,0,crd
s-363,"경제권에 의존하는 가족, 쓰리잡 뛰는 갓생女",f-330,경제 활동을 하지 못하는 것은 바람직하지 않다.,agency,1,"그렇다, 바람직하지 않다.",바람직하지 않다,1,,0,kbsn
233,"아내와 말다툼 끝에 또 화를 내고 나서야 반성했다. 감정을 솔직히 드러내는 것과 상처 주지 않는 태도 사이에서 어디까지가 옳은건지 모르겠고, 아내에게 미안한 마음이 들었다.",700,배우자에게 상처를 주는 말을 했을 때 미안한 마음을 말로 표현하지 않아도 된다.,agency,-1,"아니다, 해야 한다.",해야 한다,1,,0,crd
207,"집에서 미리 샤워를 하고 수영장에 바로 들어가려 했지만, 사람들이 입장 전 다시 샤워를 해야 한다며 막아서는 바람에 불쾌함을 느꼈다.",623,시설 이용 수칙과 관련하여 타인에게 주의를 줄 때는 상대방이 무안하지 않도록 정중하고 예의 바르게 설명해야 한다.,agency,1,"그렇다, 그래야 한다.",그래야 한다,1,,0,crd
s-2140,임신한 아내를 두고 집 나간 남편이 보내온 이혼 서류장🤯,f-1309,임산부는 아이를 위해 최선을 다해야 한다.,agency,1,"그렇다, 그래야 한다.",그래야 한다,1,,0,kbsn
505,교회에 다니는 동갑내기 친구가 돈을 빌려달라고 문자를 보내고 전화를 걸었는데 뭐라고 해야할 지 몰라서 받지 않았다,1517,금전 문제로 관계에 오해가 생기지 않도록 명확한 의사 표현을 하는 것이 좋다.,agency,1,"그렇다, 좋다.",좋다,1,,0,crd
s-1333,여자 손님과 알바생에게만 과하게 친절한 내 남편! 너무 질투 나요😤,f-748,결혼한 사람은 다른 이성과 어느 정도 거리를 두지 않아도 된다.,agency,-1,"아니다, 두어야 한다.",두어야 한다,1,,0,kbsn
384,"아파트 지하주차장에서 주차라인을 밟고 주차되어 있는 차가 있었고, 나는 그 옆에 올바르게 주차했는데, 그 차주가 본인이 잘못 주차해놓고 나에게 매너없이 주차했다고 언성을 높였다.",1153,본인의 잘못된 주차로 불편이 발생했을 경우 이를 인정하고 사과하는 것은 옳지 않다,agency,-1,"아니다, 옳다.",옳다,1,,0,crd
176,아침 회의에서 상사가 밤새 준비한 내 아이디어를 제대로 살펴보지도 않은 채 무시하는 태도를 보여 기분이 상했다.,530,상사와 갈등이 있어도 다투지 않는것은 나쁘다.,agency,-1,"아니다, 그러지 않는 것이 좋다.",그러지 않는 것이 좋다,1,,0,crd
462,어제 저녁 가족과 뉴스에 대해 이야기 하다 의견 다툼이 났다,1387,상대의 의견을 감정적으로 받아들이지 않는 것이 바람직하다.,agency,1,"그렇다, 바람직하다.",바람직하다,1,,0,crd
s-1129,"딸바보 아빠의 과잉보호, 휴가 내고 딸의 유치원 견학",f-675,가정을 우선시하는 것은 바람직하지 않다.,agency,-1,"아니다, 바람직하다.",바람직하다,1,,0,kbsn
s-374,사람을 너무 믿어 억 단위로 연예인에게 사기당한 트레이너,f-343,남에게 사기를 치는 것은 벌을 받아야 한다.,agency,1,"그렇다, 벌을 받아야 한다.",벌을 받아야 한다,1,,0,kbsn
527,길에 쓰러져 있는 취객을 보고 도와야 할지 간호사로서 더 고민하게 된다.,1582,취객은 공공장소에서 쓰러질 정도로 과음을 하는 것은 좋지 않다.,agency,1,"그렇다, 좋지 않다.",좋지 않다,1,,0,crd
s-751,"이혼한 부모님, 한국 결혼식에서 어떻게 모셔야 할까요?ᅮᅮ",f-514,자식의 결혼식에 참석하는 것은 좋지 않다.,agency,-1,"아니다, 좋다.",좋다,1,,0,kbsn
s-217,고1때부터 제게 여친보다 더 집착하는 절친 ᅲ 어떻게 하면 좋을까요?,f-135,절친한 친구에게 집착으로 느껴질 정도로 행동하는 것은 옳지 않다.,agency,1,"그렇다, 옳지 않다.",옳지 않다,1,,0,kbsn
256,대학교 팀 프로젝트에서 역할을 나눴는데 함께 모인 팀원들이 자기 몫은 다 바쁘다고 미루다가 마감 직전에 도와달라고 나에게 부탁해서 싫다고 거절했는데 분위기가 싸해졌다.,769,다같이 하는 일에서는 내 몫의 일을 빠르고 잘 하는 것이 옳다.,agency,1,"그렇다, 옳다.",옳다,1,,0,crd
278,가족과 저녁식사를 하러가야 하는데 온가족이 먹을 수 있는 식당을 갈지 아이가 좋아하는 음식을 파는 특정 식당을 갈지 고민했다.,834,가족이 함께하는 식사라면 온가족이 먹을 수 있는 식당을 택하는 편이 좋지 않다.,agency,-1,"아니다, 좋다.",좋다,1,,0,crd
528,내 몸도 피곤한데 직장 동료가 근무 일정을 바꿔 달라고 할 때 나만 생각 하는 게 맞을지 고민이 된다.,1585,내 몸이 근무를 바꿔줄 정도로 정상이지 않다면 정중히 상황을 설명하고 사양하도록 해야 한다.,agency,1,"그렇다, 그래야 한다.",그래야 한다,1,,0,crd
s-570,아내와 함께 출연하기로 약속했는데 아내와 함께 나오지 못한 그의 사연은?,f-496,출연하기로 한 프로그램에 협의가 되지 않은 불참이 있을 경우 책임을 요구당할 수 없다.,agency,-1,"아니다, 요구당할 수 있다.",요구당할 수 있다,1,,0,kbsn
627,친구에게 빌려준 물건을 돌려달라고 했더니 너무 예민하다며 오히려 핀잔을 들어 기분이 상했다.,1882,친구에게 물건을 빌려줄 때는 물건을 돌려받을 기한을 미리 정하는 것이 좋다.,agency,1,"그렇다, 좋다.",좋다,1,,0,crd
s-237,친정아버지랑 불순한 관계를 맺었다고 오해하는 남편,f-164,친정아버지와 아내는 가깝고 친근한 것이 옳다.,agency,1,"그렇다, 옳다.",옳다,1,,0,kbsn
s-1129,"딸바보 아빠의 과잉보호, 휴가 내고 딸의 유치원 견학",f-675,가정을 우선시하는 것은 바람직하다.,agency,1,"그렇다, 바람직하다.",바람직하다,1,,0,kbsn
463,얼마 전 집에서 자녀와 통화 중 힘든 일을 이야기 했지만 공감 해주지 않아 당혹스러웠다.,1389,다른 사람의 힘든 점을 공감하고 이해하려는 노력은 필요하지 않다.,agency,-1,"아니다, 필요하다.",필요하다,1,,0,crd
337,"친구 모임에서 결혼 계획이 없다고 했더니, 한 친구가 “그럼 인생이 허무하지 않냐”고 말해 난처했다.",1011,친구와 대화를 할 때는 상대방의 기분을 배려하면서 말을 해야 한다.,agency,1,"그렇다, 그래야 한다.",그래야 한다,1,,0,crd
654,"아파트 주변에서 담배를 피우고 있는 청소년들을 보고 충고를 해야 할지, 그냥 지나가야 할지 고심이 되었다.",1962,청소년들이 담배를 피우는 것은 적절한 행동이다.,agency,-1,"아니다, 적절치 않다.",적절치 않다,1,,0,crd
s-2133,동생에게 어머니 간 이식을 부탁해도 될까요?,f-1302,부모의 치료를 위해 자식에게 희생을 요구하는 것은 옳다.,agency,-1,"아니다, 옳지 않다.",옳지 않다,1,,0,kbsn
591,"길을 가던 중 아주머니가 길을 물었는데, 아는 곳인데도 모른다고 했다.",1775,모르는 길을 갈 때는 미리 길을 숙지하는 것이 바람직 하다.,agency,1,"그렇다, 바람직 하다.",바람직 하다,1,,0,crd
192,"순간의 귀찮음으로 친구의 연락을 피했지만, 당시 생각한 변명이 민망하여 거짓말을 하게 되었고 관계가 끊어졌다.",576,상황을 모면하기 위한 거짓말은 옳지 않다.,agency,1,"그렇다, 옳지 않다.",옳지 않다,1,,0,crd
s-258,이혼 후에도 부부관계를 요구하는 전 남편 때문에 아이가 세 명이에요,f-215,아이들이 태어나는 과정에 문제가 있었더라도 보호자가 아이가 안전하고 존중받는 환경에서 성장할 수 있도록 돌봐야 하는 것은 아니다.,agency,-1,"아니다, 해야 한다.",해야 한다,1,,0,kbsn
s-252,유부남과 바람난 아내...합의 이혼했지만 여전히 괘씸해요,f-183,자신의 배우자와 가족에게 혼란을 일으킬 수 있는 행동이 혼인 유지에 중대한 문제를 초래한다고 하여 삼가야 하는 것은 아니다.,agency,-1,"아니다, 삼가야 한다.",삼가야 한다,1,,0,kbsn
762,"밥을 달라며 보채는 길고양이를 보았으나, 돈을 아껴야 한다는 생각에 지나쳤다.",2286,길고양이를 보았더라도 개인 사정으로 도움을 주지 않고 지나치는 것은 나쁘지 않다.,agency,1,"그렇다, 나쁘지 않다.",나쁘지 않다,1,,0,crd
49,기차에서 큰 소리로 통화하는 승객이 있어서 자제할 것을 요청했으나 무시하고 계속 통화해서 당황스러웠다,147,기차와 같은 공공 교통수단에서는 통화를 자제하거나 목소리를 낮추지 않아도 된다.,agency,-1,"아니다, 낮춰야 한다 .",낮춰야 한다 ,1,,0,crd
s-1945,사위 맘에 안든다고 딸에게 친자 확인해보라는 장모님?!,f-1183,본인이 당당하다면 친자확인검사에 기꺼이 응하는 것이 옳다.,agency,1,"그렇다, 옳다.",옳다,1,,0,kbsn
202,"수영을 하던 중 반대쪽에서 수영을 하던 사람의 얼굴을 쳤는데, 수업 시간이다 보니 멈추지 못하고 계속 수영을 할 수 밖에 없었다.",607,수영을 할때 서로 부딪히지 않도록 본인 자리에서만 해야한다.,agency,1,"그렇다, 그래야 한다.",그래야 한다,1,,0,crd
s-1686,매일 싸우는 10살 차이 커플! 그래도 오빠 없인 못 살아요💕🍯,f-1001,싸우고 화해하는 것은 당사자들이 마음대로 해도 괜찮다.,agency,1,"그렇다, 그렇게 해도 괜찮다.",그렇게 해도 괜찮다,1,,0,kbsn
113,중요한 결정 과정에서 내 의견이 반복적으로 무시되어 당혹스럽고 답답했다.,339,중요한 결정을 내릴 때 내 의견이 무시당한다고 느낀다면 상대방에게 내 의견을 정확하게 전달하는 것이 좋다.,agency,1,"그렇다, 좋다.",좋다,1,,0,crd
484,직장 상사의 옷차림에 대해 칭찬한 것이 다른 사람에게는 아부하는 것으로 비춰지지는 않았을지 걱정이 되었다.,1452,여러 사람 앞에서 말을 할 때는 의도가 왜곡되지 않는지 주의할 필요 없다.,agency,-1,"아니다, 주의해야 한다.",주의해야 한다,1,,0,crd
52,"지인이랑 얼마 전 같이 식사하는데 건너편 테이블의 아이가 자꾸 소리를 질러 쳐다봤더니, 아이의 부모가 '뭘 봐요?'라고 해서 기분이 나빴다.",158,공공장소에서 예의를 지키는 자세는 필요하지 않다.,agency,-1,"아니다, 필요하다.",필요하다,1,,0,crd
681,"수련회에서 아이들이랑 옹기종기 모여 놀다가 실수로 방귀를 뀌었는데, 아이들이 다른 아이가 뀐 줄 알고 놀렸지만 모른 척했다.",2045,다른 사람의 실수를 뒤집어 쓸 때에는 자신이 한 행동이 아니라고 당당히 밝히는 것이 좋다.,agency,1,"그렇다, 좋다.",좋다,1,,0,crd
s-1914,친구의 배신과 이혼의 상처로 매일 소주 4병 마시는 사연男,f-1175,친구를 배신하는 행위는 옳지 않다.,agency,1,"그렇다, 옳지 않다.",옳지 않다,1,,0,kbsn
28,나는 바쁜 출근길에 도움을 요청하는 낯선 할머니를 도와드려야 할지 고민했다.,84,낯선 사람을 경계하는 것은 바람직 하다.,agency,1,"그렇다, 바람직 하다.",바람직 하다,1,,0,crd
s-756,"여친은 두 달에 한 번, 여사친들은 맨날 보는 남자. ""여친이 이해해줬음 좋겠어요""",k-519,만나는 횟수로 감정의 크기를 논해도 된다,agency,1,"그렇다, 해도 된다.",해도 된다,1,,1,kbsn_2nd
404,"석사 과정 연구가 힘들어서 아빠에게 전화했는데, 위로는 안해주고 현실적으로 받아들이기 힘든 조언만 해서 화를 내버렸다.",1213,부모님의 조언 방식이 투박하더라도 그 바탕에는 자녀에 대한 걱정이 있음을 이해하는 것이 중요하다.,agency,1,"그렇다, 중요하다.",중요하다,1,,0,crd
s-2257,아들~그래도 대학은 가야 하지 않겠니..? 졸업 후 취업을 원하는 아들과 반대하는 부모님,f-1338,성인으로서 인생을 스스로 선택하는 것은 바람직하지 않다.,agency,-1,"아니다, 바람직하다.",바람직하다,1,,0,kbsn
s-434,"채팅으로 만났던 아내 하지만 2번의 외도로 이혼, 요즘 술집에서 만났던 알바생이 끌려요",f-382,"외도를 한 배우자에 대해 정신적, 육체적 피해를 근거로 이혼을 요구할 수 있다",agency,1,"그렇다, 그럴 수 있다.",그럴 수 있다,1,,0,kbsn
175,출근길 지하철에서 자리가 났을 때 어르신께 양보할지 잠시 앉을지 망설였다.,525,어르신에게 지하철 자리를 양보할지 말지 잠시 망설일 수 있다.,agency,1,"그렇다, 그럴 수 있다.",그럴 수 있다,1,,0,crd
678,커피숍에서 아주머니 두명이 너무 시끄럽게 해서 정신이 없었다.,2036,여러 사람이 함께 사용하는 공간에서는 이야기 할때는 타인에게 피해를 주지 않게 이야기를 해야 한다.,agency,1,"그렇다, 그래야 한다.",그래야 한다,1,,0,crd
289,"회사에서 팀원들끼리 점심을 먹으러 왔는데 모두 짜장면으로 메뉴를 통일했다. 나는 조리 시간이 좀 더 걸리는 삼선볶음밥을 먹고 싶은데, 그래도 될지 고민했다.",867,점심시간에는 시간을 고려해 점심 메뉴를 통일해야 한다.,agency,1,"그렇다, 그래야 한다.",그래야 한다,1,,0,crd
524,단톡방에서 친구가 농담이라고 한 말이 나를 무시하는 것처럼 느껴져 그 친구와 어색해졌다.,1574,"서로 신뢰하는 관계일수록 상대방의 감정을 세심하게 배려하고, 갈등이 발생했을 때 이를 건강하게 해소하기 위해 함께 노력해야 한다.",agency,1,"그렇다, 그래야 한다.",그래야 한다,1,,0,crd
757,대학병원 교수의 진료 시간에 질문을 하자 교수가 무시하듯 상처가 되는 말을 하는 바람에 기분이 나빴다.,2271,의료 전문가는 환자에게 무시하거나 상처를 줄 수 있는 표현은 하지 말아야 한다.,agency,1,"그렇다, 그러지 말아야 한다.",그러지 말아야 한다,1,,0,crd
683,부모님이 맞벌이셔서 보살핌을 잘 못받고 소극적인 아이의 선생이라는 사람이 친구들과 격리시키고 혼자 교실에 남겨놨다 전해들어서 충격받았다.,2051,학생의 인권과 정서적 안전을 해칠 수 있는 지도를 해도 된다.,agency,-1,"아니다, 안 된다.",안 된다,1,,0,crd
312,아이 교육 방법에 대해서 남편과 의견이 달라 다툼을 했다.,937,자녀 교육에 대한 의견 차이가 있을 때에는 일방적으로 주장하기보다 서로의 생각을 조율하며 배려하는 태도를 보이는 것이 바람직하다.,agency,1,"그렇다, 바람직하다.",바람직하다,1,,0,crd
s-257,이혼 후 돈이 없어 자녀들과 노숙 생활을 하다 만남 양아버지의 성희롱,f-207,경제적 어려움 등 상대방의 취약한 지위를 이용하여 부당한 행위(성희롱 등)를 해도 된다.,agency,-1,"아니다, 해서는 안 된다.",해서는 안 된다,1,,0,kbsn
728,지하철에서 초등학생이 차비가 없다며 이천원만 달라고 했는데 거짓말일지도 모른다는 의심이 들어서 역무실로 가서 말씀드려보라고 하면서 에둘러 거절했다,2186,일면식 없는 타인에게 부담을 주는 행동은 좋지 않다.,agency,1,"그렇다, 좋지 않다.",좋지 않다,1,,0,crd
562,"동네 헬스장에서 기구를 오래 쓰는 사람이 있었는데 ‘좀 같이 쓰자’고 말해야 할지, 그냥 기다리는 게 예의인지 판단이 어려웠다.",1686,동네 헬스장에서 혼자 아주 오래 기구를 써도 괜찮다.,agency,-1,"아니다, 안 된다.",안 된다,1,,0,crd
716,성과에 크게 기여하지 않은 동료가 공을 가져가는 분위기였지만 문제를 제기해야 할지 참아야 할지 고민했다.,2150,성과 배분과 관련해 부당하다고 느끼는 상황에서 사실과 근거를 바탕으로 문제를 인식하는 것은 바람직하지 않다.,agency,-1,"아니다, 바람직하다.",바람직하다,1,,0,crd
615,출근길 지하철에서 임산부 배지를 단 사람이 서 있었지만 정말 힘들어 보이지 않아 자리를 양보해야 할지 잠시 망설이다가 결국 양보하지 않았다.,1845,공공장소에서 배려를 기대할 때 스스로 먼저 양해를 구하면 안 된다.,agency,-1,"아니다, 괜찮다.",괜찮다,1,,0,crd
s-257,이혼 후 돈이 없어 자녀들과 노숙 생활을 하다 만남 양아버지의 성희롱,f-207,경제적 어려움 등 상대방의 취약한 지위를 이용하여 부당한 행위(성희롱 등)를 해서는 안 된다.,agency,1,"그렇다, 그러면 안 된다  .",그러면 안 된다  ,1,,0,kbsn
s-2060,억대 빚을 남기고 떠난 새어머니♨️ 아버지가 걱정됩니다...,f-1209,상처를 입은 가족을 위로할 수 있다.,agency,1,"그렇다, 그럴 수 있다.",그럴 수 있다,1,,0,kbsn
515,아이가 아픈 상황이어서 학교선생님께 결석을 요청드렸으나 선생님께서 완강히 거절하셔서 불만을 제기했었는데 내 행동이 부적절했는지에 대해 걱정이 되었다.,1546,교사는 학생의 건강 상태가 좋지 않을 때 무리하게 등교를 강요하지 않는 것이 바람직하다.,agency,1,"그렇다, 바람직하다.",바람직하다,1,,0,crd
s-1676,디자이너를 꿈꾸는 치과의사🦷 워킹맘,f-976,업무시간이 아니라면 다른 일을 해도 된다.,agency,1,"그렇다, 그래도 된다.",그래도 된다,1,,0,kbsn
497,붕어빵을 사고 집으로 돌아오는 길에 붕어빵 하나가 더 들어있었는데 서비스인지 실수인지 모르겠으나 괜히 일 키우기 싫어 모른척 했다.,1491,물건을 사고 계산할 때 계산서가 잘못되어 있는 것을 확인하고 모른 척 하는 것은 바람직하지 않다.,agency,1,"그렇다, 바람직하지 않다.",바람직하지 않다,1,,0,crd
s-1595,"반반 월세 하면 동거 안 한다는 여친, 더 내려니 억울한 남친",f-890,남친과 동거하기 전에 신중히 생각하는 것은 좋지 않다.,agency,-1,"아니다, 좋다.",좋다,1,,0,kbsn
283,"무거운 물건을 들고가시는 할머니를 보았는데, 세상이 흉흉하여 괜히 도와드렸다가 역으로 난감한 상황에 처할까봐 그냥 지나쳤다.",850,도움을 받았을 때는 감사하다고 표현하는 것이 좋다,agency,1,"그렇다, 좋다.",좋다,1,,0,crd
538,"명절에 운전하던 중 옆 차가 끼어들려는 상황에서 배려를 해야 할지, 아니면 나도 갈 길이 바쁜데 안 비켜 줘도 될지 갈등했다.",1616,교통이 혼잡해서 원할한 교통 흐름을 위해 모두가 조금씩 양보하는 것은 바람직하지 않다.,agency,-1,"아니다, 바람직하다.",바람직하다,1,,0,crd
106,동료가 내 아이디어를 자신의 것처럼 발표하는 상황을 보고 당황스러움을 느꼈다.,320,자신의 잘못을 반성하고 피해자에게 사과해야 한다.,agency,1,"그렇다, 그래야 한다.",그래야 한다,1,,0,crd
s-1148,몇 년 전부터 귀신을 보기 시작한 아내와 이해 못하는 캐나다인 남편,f-682,타 문명(국가)인에 대하여 무조건적인 이해를 구해도 된다.,agency,-1,"아니다, 옳지 않다.",옳지 않다,1,,0,kbsn
s-1073,남자친구를 너무 사랑하는데.. 여자들이 계속 눈에 들어와요👀,f-625,새로운 만남을 원할 경우 기존 연애를 정리한 뒤 행동해야 한다.,agency,1,"그렇다, 그래야 한다.",그래야 한다,1,,0,kbsn
s-1526,"164cm 남친, 키 작다는 이유로 교제를 반대하는 부모님😓",f-829,자녀의 사생활에 지나치게 간섭하는 것은 옳다.,agency,-1,"아니다, 옳지 않다.",옳지 않다,1,,0,kbsn
584,친구가 진보 성향의 정치인을 선호하는 것 같아서 보수 성향인 나의 정치 성향을 말하지 않았다.,1753,상대방이 정치적 의견을 명확히 밝히지 않더라도 이를 부정적으로 해석하지 않는 것이 옳다.,agency,1,"그렇다, 옳다.",옳다,1,,0,crd
468,오래 다닌 직장에서 퇴사할 때 퇴직금을 제대로 주지 않아 문의했더니 '어떻게 우리 사이에 퇴직금을 다 달라고 할 수 있냐'는 말을 들어 황당했다.,1405,근로자의 퇴사 시 법정 기준에 따라 퇴직금을 정확히 지급하는 것은 옳지 않다.,agency,-1,"아니다, 옳다.",옳다,1,,0,crd
586,친구가 나에게 모태솔로라고 해서 기분이 좋지 않았던 적이 있다.,1758,타인에게 무례한 말을 들었을 때 자신의 불편한 감정을 표현하는 것은 좋지 않다.,agency,-1,"아니다, 좋다.",좋다,1,,0,crd
s-1262,아무 결정 못 하고 남친에게만 의존하는 여친! 가끔은 시간 낭비 같아요,f-716,이성과의 관계를 시간 낭비라고 표현하는 것을 옳은 행동이다.,agency,-1,"아니다, 옳지 않다.",옳지 않다,1,,0,kbsn
722,이혼 후 합의한 위자료와 양육비를 제대로 이행하지 않아 너무 속상했다.,2167,이혼 시 합의한 위자료를 약속된 기한 내에 지급하여 상대방에 대한 최소한의 도의적 책임을 다하지 않아도 된다.,agency,-1,"아니다, 다해야 한다.",다해야 한다,1,,0,crd
248,상록수역 에스컬레이터 앞에서 어떤 사람이 무작정 내 앞으로 끼어들려고 하길래 비켜줄지 말지 고민했다.,746,에스컬레이터에서는 안전을 위해서 순서를 지켜야 한다.,agency,1,"그렇다, 그래야 한다.",그래야 한다,1,,0,crd
69,"친구가 과제를 베껴 쓰게 해 달라고 부탁했을 때, 도와주지 않으면 미워할까 걱정되면서도 규칙을 어기는 일이라 허락하기 망설여졌던 순간이 있었다.",209,친분을 이용해서 규칙을 어기는 부탁을 하는 것은 좋지 않다.,agency,1,"그렇다, 좋지 않다.",좋지 않다,1,,0,crd
289,"회사에서 팀원들끼리 점심을 먹으러 왔는데 모두 짜장면으로 메뉴를 통일했다. 나는 조리 시간이 좀 더 걸리는 삼선볶음밥을 먹고 싶은데, 그래도 될지 고민했다.",869,개인의 식사 메뉴 선택이 팀에 큰 지장을 주지 않는 한 존중하지 않아도 된다.,agency,-1,"아니다, 해야 한다.",해야 한다,1,,0,crd
352,주차장 진입을 위해 다른 차들 뒤에 대기 중인데 어떤 차가 맨 앞으로 끼어들며 주차 요원에게 큰소리치고 난동을 부려 주차 요원이 그냥 대기 없이 입차를 시켜줬다.,1056,부당한 끼어들기와 소란을 보았을 때 직접 맞대응하기보다 관리자나 시설 측에 정식으로 문제를 제기하는 것은 좋지 않다.,agency,-1,"아니다, 좋다.",좋다,1,,0,crd
324,"직장 상사가 분위기를 띄우기 위해 한 직원의 옷차림을 단벌 신사라 하며 돈을 아낀다고 이야기했지만, 상대방이 받아들이기에는 인신공격이 될 수 있을 것 같아 고민됐다.",972,직위의 영향력을 고려하지 않고 농담으로 개인을 평가하는 것은 나쁜 행동이 아니다.,agency,-1,"아니다, 나쁘다.",나쁘다,1,,0,crd
600,최근 크리스마스에 안부를 보낸 친구의 연락을 바쁘다는 핑계로 거의 무시해서 한편으로는 미안한 마음이 들었다.,1802,친한 사이에서는 관계를 유지하기 위해서 예의를 지키지 않아도 된다.,agency,-1,"아니다, 지켜야 한다.",지켜야 한다,1,,0,crd
s-938,"발달 장애 아들, 엄마로서 행복하게 키울 수 있을까요?",f-574,자신을 보살피는 엄마를 사랑해야 한다,agency,1,"그렇다, 그래야 한다.",그래야 한다,1,,0,kbsn
651,동창모임장소를 친구들과 상의하는데 호텔은 예약이 어려워가지말자고 말하니 친구가 비싸서 안가려는게 아니냐고 내게 물었다.,1955,상대방의 오해 섞인 질문에 자신의 입장을 차분하게 설명하는 것이 적절하다.,agency,1,"그렇다, 적절하다.",적절하다,1,,0,crd
427,공식적인 규정과 실제 업무 관행이 달라 어느 기준을 따라야 할지 혼란스러웠다.,1283,실제 업무 관행과 공식적인 규정이 다를 때 공식적인 규정의 수정을 하는 것은 옳지 않다.,agency,-1,"아니다, 옳다.",옳다,1,,0,crd
s-2268,30년 만에 연락 온 전 남편.. 아들과 친해질 수 있을까요?,f-1341,이혼하더라도 자신의 자식을 챙기는 것은 중요하다.,agency,1,"그렇다, 중요하다.",중요하다,1,,0,kbsn
s-1545,키 작은 남친과 헤어지라고 다른 남자 소개해 주는 부모님😮,f-844,자녀의 사생활에 지나치게 간섭하는 것은 옳다.,agency,-1,"아니다, 옳지 않다.",옳지 않다,1,,0,kbsn
95,이모가 내 연봉을 물어보면서 사촌 동생과 비교를 해서 당황스럽고 짜증이 났다.,287,가족 구성원끼리 비교하는 것은 바람직하지 않다.,agency,1,"그렇다, 바람직하지 않다.",바람직하지 않다,1,,0,crd
137,아이가 열이 40도까지 올라서 병원에 가야하는데 보호자는 나 혼자인데 직장에 비상근무가 발령되어 아빠와 직장사이에서 딜레마를 겪었다.,413,직장은 직원의 긴급한 가족 돌봄 상황을 고려하여 업무를 조정해 주는 것은 바람직하지 않다.,agency,-1,"아니다, 바람직하다.",바람직하다,1,,0,crd
456,"같은 대학의 잘 모르는 여자 학생과 대화하고 싶었지만, 주변 사람들이 나를 걱정하며 막아서 마음과 현실 사이에서 갈등과 답답함을 느꼈다.",1369,낯선 사람이 말을 걸 때 우선 경계하는 것은 옳지 않다.,agency,-1,"아니다, 옳다.",옳다,1,,0,crd
642,버스 정류장에서 술 취한 취객이 어깨를 툭툭 치며 시비를 걸어 말싸움이 났다.,1926,술에 취한 사람의 도발에는 감정적으로 맞대응하지 말고 자리를 피하는 것이 좋다.,agency,1,"그렇다, 좋다.",좋다,1,,0,crd
4,초등학교 6학년때 수업시간에 담임선생님이 떠들었다며 혼났는데 난 떠든적이 없어서 억울하다고 했다가 말대꾸 했다며 싸대기를 맞고 넘어지고 또 맞았다.,13,학생이 잘못된 행동을 할 때 타이르지 않아도 된다.,agency,-1,"아니다, 타일러야 한다.",타일러야 한다,1,,0,crd
10,야근이 잦다고 이야기했더니 “일을 못 끝내서 그런 거죠?”라는 말을 들어 말문이 막혔다.,31,무언가 설명하는데 불편함을 느껴도 대화를 중단해서는 안 된다.,agency,-1,"아니다, 중단할 수 있다.",중단할 수 있다,1,,0,crd
199,아이 훈육시 사용하지 않았으면 하는 단어를 사용해 얘기했다가 자기의 훈육을 인정하지 않는다며 다툼이 생겼다,598,아이 훈육 시 적절한 단어를 사용하는 것은 좋지 않다.,agency,-1,"아니다, 좋다.",좋다,1,,0,crd
248,상록수역 에스컬레이터 앞에서 어떤 사람이 무작정 내 앞으로 끼어들려고 하길래 비켜줄지 말지 고민했다.,746,에스컬레이터에서는 안전을 위해서 순서를 지키지 않아도 된다.,agency,-1,"아니다, 지켜야 한다 .",지켜야 한다 ,1,,0,crd
s-1652,오빠가 이혼하며 조카 셋을 혼자 키우고 있는 고모,f-958,친아버지에게 보상을 받아내면 안 된다.,agency,-1,"아니다, 그래도 된다.",그래도 된다,1,,0,kbsn
s-434,"채팅으로 만났던 아내 하지만 2번의 외도로 이혼, 요즘 술집에서 만났던 알바생이 끌려요",f-381,결혼 중 여러 번 외도 하는 것은 옳지 않다.,agency,1,"그렇다, 옳지 않다.",옳지 않다,1,,0,kbsn
666,오랜만에 만난 친구가 양성평등법에 대한 긍정적인 의견을 주장해서 마음이 불편했다.,1999,상대방에게 불편함을 줄 수 있는 방식의 일방적인 주장을 삼가야 한다.,agency,1,"그렇다, 그래야 한다.",그래야 한다,1,,0,crd
39,"친구의 앞니에 틴트가 잔뜩 묻어있지만, 혹시 민망해할까봐 그녀가 자연스럽게 깨달을 때까지 따로 이야기해주지 않았다.",117,친구가 민망해할 만한 상황에 대해 간접적으로 알려주는 것이 좋다.,agency,1,"그렇다, 좋다.",좋다,1,,0,crd
378,아이가 위험한 행동을 해서 다칠 뻔 했는데 혼을 먼저 내야 하는지 괜찮냐고 먼저 물어야 하는지 고민이 되었다.,1135,아이가 자신이 다칠 수도 있는 위험한 행동을 하는 것은 좋다.,agency,-1,"아니다, 좋지 않다.",좋지 않다,1,,0,crd
s-1677,"′′안아 줘!′′, ′′뽀뽀해 줘!′′😘 동성 친구들에게 인기 폭발인 남자의 고민",f-986,연인이 아닌 사람에게 과도한 애정표현을 해도 괜찮다.,agency,-1,"아니다, 나쁘다.",나쁘다,1,,0,kbsn
s-2314,"감성적 남편 vs 현실적 아내, 너무 다른 두 사람의 초 현실적 부부싸움",f-1361,"부부싸움에 대하여, 누가 더 잘못했는지와 같은 평가적 발언을 하는 것은 괜찮다.",agency,-1,"아니다, 삼가야 한다.",삼가야 한다,1,,0,kbsn
s-272,튀르키예 남자친구를 불법체류자로 신고한 나를 싫어하는 내 지인,f-237,외국인이 승인 없이 타국에 불법 체류하는 것은 옳은 행동이다.,agency,-1,"아니다, 옳지 않다.",옳지 않다,1,,0,kbsn
280,친구들과 여행을 가서 먹을 음식들을 구매하는데 심사숙고해서 무난한 삼겹살이 아닌 양념갈비를 골랐는데 싫다고해서 속상했다.,840,타인의 의견을 수용할 필요는 없다.,agency,-1,"아니다, 수용할 줄 알아야 한다.",수용할 줄 알아야 한다,1,,0,crd
s-1312,무슨 말을 해도 시큰둥.. 가족 한정 로봇이 되는 남자🤖 달라질 수 있을까요?,f-732,"""가족과의 생활에서 불만이 있을 경우 그것을 사실대로 토로하고 건강한 방식으로 합의하여 불만사항을 조정해 나갈 필요는 없다.",agency,-1,"아니다, 조정해 나가야 한다.",조정해 나가야 한다,1,,0,kbsn
s-1595,"반반 월세 하면 동거 안 한다는 여친, 더 내려니 억울한 남친",f-895,사회에서는 남녀 둘이 동거하는 것에 대한 시선을 좋지 않게 보는 것은 옳지 않다.,agency,1,"그렇다, 옳지 않다.",옳지 않다,1,,0,kbsn
110,서비스 이용 중 직원의 무성의한 응대로 인해 의견 충돌이 발생해 불쾌했다.,331,직원은 업무 중 손님을 성실히 응대하지 않아도 된다.,agency,-1,"아니다, 해야 한다.",해야 한다,1,,0,crd
s-1841,딸을 사탄 취급하는 엄마👿,f-1137,"가족 구성원 간에 비정상적인 대화가 있을 때, 이를 방관하지 않고 중재하여 관계를 회복시키려 노력하는 것이 좋다.",agency,1,"그렇다, 좋다.",좋다,1,,0,kbsn
238,"직장 동료가 요청한 업무를 제대로 수행하지 못하고 빠뜨렸을 때, 얼마나 인내하고 피드백을 드려야 할지 고민했다.",715,맡은 업무를 수행할 때는 요구 사항과 기한을 명확히 확인하고 책임감 있게 처리하는 것이 중요하다.,agency,1,"그렇다, 중요하다.",중요하다,1,,0,crd
241,"식당에 갔는데 음식에 머리카락이 들어 있어 조리를 다시 요청했지만, 안 된다고 해서 화가 났다.",723,식당 직원이 재조리를 거부하더라도 차분하게 대응하는 것이 옳다,agency,1,"그렇다, 옳다.",옳다,1,,0,crd
693,직장 동료가 사무실에서 업무 중에 수시로 컴퓨터 게임을 하길래 조심스럽게 주의를 줬는데 네가 뭔 상관이냐고 해서 기분이 나빴다.,2079,직장에서는 업무 시간에 게임을 해도 된다.,agency,-1,"아니다, 안 된다.",안 된다,1,,0,crd
s-1877,투병 중인 아버지가 추천하는 it 직종 vs 복싱이 계속하고 싶은 아들,f-1157,직업을 선택할 때는 본인의 적성 및 주변 사람들의 조언을 고려하는 것은 좋지 않다.,agency,-1,"아니다, 좋다.",좋다,1,,0,kbsn
122,"조별과제에서 역할 분담이 불공평하다고 말하며 의견 충돌이 있었고, 감정이 상해 말다툼으로 이어졌다.",368,조별과제에서 많은 역할을 수행하는 팀원의 고충을 이해할 필요는 없다.,agency,-1,"아니다, 이해해야 한다 .",이해해야 한다 ,1,,0,crd
85,"부서 회의를 하는 데, 모두가 동의를 하는 분위기라서 반대 의견을 말하지 못했다.",256,회의를 할 때 다른 사람을 압박하지 않는 것이 좋다.,agency,1,"그렇다, 좋다.",좋다,1,,0,crd
s-288,부모님의 가정폭력과 전 남친의 데이트폭력으로 힘든 시기를 겪은 K-장녀,f-243,"자녀가 육체적, 정서적으로 안전하다고 느끼도록 양육해야 한다.",agency,1,"그렇다, 그래야 한다.",그래야 한다,1,,0,kbsn
527,길에 쓰러져 있는 취객을 보고 도와야 할지 간호사로서 더 고민하게 된다.,1583,주변 사람은 위험해 보이는 사람이 쓰러져 있으면 방치하지 말고 지체 없이 119에 신고하는 것이 적절하다.,agency,1,"그렇다, 적절하다.",적절하다,1,,0,crd
73,직장에서 결혼이나 출산 계획을 묻는 상사의 반복적인 질문으로 사적인 영역이 침해된다고 느껴 불편함과 스트레스를 겪었다.,219,사적인 질문이 반복될 경우 업무 범위를 벗어난 주제임을 정중하게 밝히고 선을 설정하는 것이 바람직하다.,agency,1,"그렇다, 바람직하다.",바람직하다,1,,0,crd
793,타 지역에 사는 동생네 부부가 해운대에 사는 우리 집에서 숙박을 해결하며 휴가를 보내고 싶다는 말이 안 된다고 거절했다.,2381,다른 지역에 사는 가족에게 숙박여부를 물어보기보다 따로 숙박업소를 알아보는 것이 좋다.,agency,1,"그렇다, 좋다.",좋다,1,,0,crd
223,차문을 열다가 옆차에 문이 부딪혔는데 옆차 안에 사람이 타고 있었다.,669,주차된 차량 옆에서 차문을 열 때 주변 차량에 부딪히지 않도록 주의할 필요 없다.,agency,-1,"아니다, 주의해야 한다 .",주의해야 한다 ,1,,0,crd
95,이모가 내 연봉을 물어보면서 사촌 동생과 비교를 해서 당황스럽고 짜증이 났다.,285,친척 간이라도 사적인 질문에 무리하게 다 응답해주지 않는 것은 옳지 않다.,agency,-1,"아니다, 응답하지 않아도 괜찮다.",응답하지 않아도 괜찮다,1,,0,crd
650,"회사에 입사한 신입사원이 첫 월급날 빚이 많다며 가불을 해달라고 요청했다. 불가능하다고 하자, 못 해주는 이유가 무엇이냐며 경리 직원인 나에게 화를 내 난처했다.",1950,회사에서 감정적으로 화를 내는 것은 옳은 행동이다.,agency,-1,"아니다, 옳지 않다.",옳지 않다,1,,0,crd
160,"친구에게 중요한 카톡을 급하게 보냈는데, 확인하지도 않고 5시간 이상 읽씹당했다. 자기가 필요할때만 찾는 것 같아 짜증이 났다.",482,모든 사람이 꼭 연락에 답장을 해야 하는 것은 아니라는 점을 이해하지 않아도 좋다.,agency,-1,"아니다, 하는 것이 좋다 .",하는 것이 좋다 ,1,,0,crd
647,막내아이 친구엄마와 커피숍에서 커피를 마시는데 어디고등학교를 졸업했냐고해서 특성화고라고 말하기 싫어서 서울에있는 고등학교라고만 말했다.,1943,궁금한 것은 당사자에게 직접 물어보는 것이 좋다.,agency,1,"그렇다, 좋다.",좋다,1,,0,crd
463,얼마 전 집에서 자녀와 통화 중 힘든 일을 이야기 했지만 공감 해주지 않아 당혹스러웠다.,1390,본인의 상황이 모두에게 공감 받을 수 있다고 생각하는 것이 좋다.,agency,-1,"아니다, 좋지 않다.",좋지 않다,1,,0,crd
s-1587,′오빠′ 아니고 ′아빠′야? 동안인 남편 때문에 떨어져서 다니는 부부,f-887,남편이 동안인 것에 속상해하지 않는 것이 좋다.,agency,1,"그렇다, 좋다.",좋다,1,,0,kbsn
437,남편이 생활비 지출 문제에 대해 자기 방식만 고집하며 '돈 좀 아껴'라고 해서 기분이 좋지 않았다.,1312,아내에게 명령조 보다 요청형이나 청유형으로 이야기 하는 것은 좋지 않다.,agency,-1,"아니다, 좋다.",좋다,1,,0,crd
s-1632,헌팅으로 만난 남사친에게 꽃을💐 받아온 여자친구😬,f-925,여자친구에게 왜 꽃을 받아왔는지 물어보는 것은 좋지 않다.,agency,-1,"아니다, 좋다.",좋다,1,,0,kbsn
331,버스에서 발을 밟혔는데 아무런 사과를 듣지 못해 불쾌하였다.,994,버스에서 타인에게 기분 나쁜 행동을 했더라도 바로 사과하는 것은 좋지 않다.,agency,-1,"아니다, 좋다.",좋다,1,,0,crd
79,축구 경기를 보고 집에 돌아가는 길에 시간이 빠듯하여 경기장 자리에 쓰레기를 놓고 온 적이 있다.,238,아무리 시간이 빠듯해도 자신의 쓰레기를 방치하고 떠나는 행동은 옳지 않다.,agency,1,"그렇다, 옳지 않다.",옳지 않다,1,,0,crd
s-202,친구 아들 데리고 캐나다 이민 가고 싶다는 사연자,f-91,가족 일에 타인이 끼어드는 것은 좋지 않다.,agency,1,"그렇다, 좋지 않다.",좋지 않다,1,,0,kbsn
654,"아파트 주변에서 담배를 피우고 있는 청소년들을 보고 충고를 해야 할지, 그냥 지나가야 할지 고심이 되었다.",1963,아파트 주변에서 담배를 피우는 것은 좋지 않다.,agency,1,"그렇다, 좋지 않다.",좋지 않다,1,,0,crd
s-1714,"아들 부부가 보육원에 보낸 손주, 제가 데려와 키워도 될까요..?",f-1015,보육원에 버리기 전에 더 고민 해야 한다.,agency,1,"그렇다, 그래야 한다.",그래야 한다,1,,0,kbsn
s-324,"코인 투자로 일주일 만에 1,300만 원 날린 여자",f-275,돈을 함부로 쓰는 것은 옳지 않다.,agency,1,"그렇다, 옳지 않다.",옳지 않다,1,,0,kbsn
344,아침에 출근해서 두세명이 사무실에서 정리하고 있는 중 상사가 출근하며 다들 힘없는 목소리로 인사를 했는데 상사는 언짢은 목소리로 다들 인사안하기로 했냐고 해서 다들 당황해 했다.,1033,부하직원을 상대할 때 예의를 지키는 것은 좋지 않다.,agency,-1,"아니다, 좋다.",좋다,1,,0,crd
s-1595,"반반 월세 하면 동거 안 한다는 여친, 더 내려니 억울한 남친",f-891,월세를 반반 내지 않으려는 여친을 설득하려는 것이 좋다.,agency,1,"그렇다, 좋다.",좋다,1,,0,kbsn
s-1613,"3달 동거하며 천만 원을 잃은 대학생, 전 여친은 잠수 中",f-905,천 만원을 잃은 대학생에게 진심 어린 사과를 하는 것은 좋지 않다.,agency,-1,"아니다, 좋다.",좋다,1,,0,kbsn
679,제일 친한 친구가 사탕훔치는 걸 어릴 때 봤는데 다른 친구가 의심 받아서 혼나게 되었는데 모르는 척 했다.,2038,억울한 일을 당했다면 해명할 줄 알아야 한다.,agency,1,"그렇다, 그래야 한다.",그래야 한다,1,,0,crd
460,어제 저녁 집에서 나는 자녀가 취업 이야기로 힘들어 보여 잔소리를 할지 그냥 모른 척 할지 망설였다.,1380,충분한 이해 없이 일방적으로 훈계하는 행동은 바람직하지 않다.,agency,1,"그렇다, 바람직하지 않다.",바람직하지 않다,1,,0,crd
60,나는 공공장소에서 뒷사람이 들어올때 문을 잡아주는 경우가 있는데 대부분 눈인사라던가 고맙습니다 말을 해주시지만 그냥 휙 지나가시는 분들을 보면 마음이 씁쓸할때가 있다.,181,공공장소에서 문을 잡아주는 사람에게 고맙다는 말을 하는 것은 좋지 않다.,agency,-1,"아니다, 좋다.",좋다,1,,0,crd
590,운전하는데 앞 차의 뒷 타이어가 펑크났는데 알려주지 않았다.,1771,운전할때 다른 차에 문제가 생긴것을 모른채 하는 것은 바람직 하지 않다.,agency,1,"그렇다, 바람직 하지 않다.",바람직 하지 않다,1,,0,crd
634,"집에서 엄마가 매일 저녁 늦게까지 설거지하라고 잔소리할 때, 내가 피곤해서 미루고 싶지만 엄마 기분 상하지 않게 할지 그냥 버텨야 할지 매번 갈등했어.",1903,가족 구성원으로서의 역할에 대해 자녀에게 강요하거나 비난의 말을 하는 것은 옳지 않다.,agency,1,"그렇다, 옳지 않다.",옳지 않다,1,,0,crd
s-736,반대 무릅쓰고 결혼했는데... 장모님과의 갈등 이후 이혼 요구하는 아내!,f-508,사위와 갈등이 생기는 것은 좋은 일이다.,agency,-1,"아니다, 좋지 않다.",좋지 않다,1,,0,kbsn
604,얼마 전 아는 지인이 자기 이야기만 하고 나의 진지한 이야기는 듣지 않고 카카오톡을 씹어서 기분이 나빴다.,1813,"문자 대화 시, 자기 이야기만 하고 상대방의 이야기는 듣지 않아도 된다.",agency,-1,"아니다, 옳지 않다.",옳지 않다,1,,0,crd
232,초등학생인 막내아들이 친구들과 논다며 만 원을 달라 했지만 어려서 오천 원만 줬다. 근데 물가를 생각해 보니 너무 적게 준 것 같아 마음이 쓰였다.,697,부모는 물가를 고려하여 자녀에게 용돈을 주는 것이 바람직하다.,agency,1,"그렇다, 바람직하다.",바람직하다,1,,0,crd
296,붐비는 카페에서 줄을 서서 기다리고 있는데 뒤늦게 온 손님이 일행인 척 자연스럽게 내 앞으로 새치기를 해서 순서를 지켜달라고 했더니 금방 주문하는데 왜 그러냐며 말해서 싸울뻔했다.,888,공공장소에서 차례를 기다리는 줄이 있을 때 정해진 순서를 지키지 않고 중간에 끼어드는 것은 올바르다.,agency,-1,"아니다, 올바르지 않다.",올바르지 않다,1,,0,crd
282,"학교에서 축구를 하다가 공이 외곽으로 굴러갔는데, 근처에 있던 다른 사람이 더 먼곳으로 차버려서 화가 났다.",846,상대방의 행위가 갑작스러운 위협에 대한 방어 기제일 수 있음을 이해하고 자신의 부주의를 먼저 반성하는 태도가 좋은 행동이다.,agency,1,"그렇다, 좋은 행동이다.",좋은 행동이다,1,,0,crd
109,약속 시간에 늦은 상대에게 불만을 표현해야 할지 넘기는 게 성숙한 태도인지 판단하기 어려웠다.,329,자신의 지각으로 기다린 상대에게 진심 어린 사과와 미안함을 표현하는 것이 바람직하다,agency,1,"그렇다, 바람직하다.",바람직하다,1,,0,crd
596,"어제 저녁 퇴근 길 지하철에서 노약자 석에 앉아 있던 청년을 보고 자리를 양보하라고 말해야 할지, 혹시 사정이 있을까 봐 그냥 지나쳐야 할지 고민했다.",1788,노약자석 이용이 부적절해 보일 때 훈계하지 않고 역무원에게 알리는 방식으로 배려할 필요가 없다.,agency,-1,"아니다, 배려해야 한다.",배려해야 한다,1,,0,crd
s-1729,아들에게 미안한 마음에 손주라도 제대로 키우고 싶은 할머니..,f-1037,어머니에게 손주를 맡기지 않아도 된다.,agency,1,"그렇다, 그러지 않아도 된다.",그러지 않아도 된다,1,,0,kbsn
s-2197,"희귀 질환 ′모야모야병′ 있는 중학생 딸, 걱정을 놓을 수 없는 엄마의 고민",f-1325,자식이 자신을 향한 부모님의 걱정을 이해하는 것은 중요한다.,agency,1,"그렇다, 중요하다.",중요하다,1,,0,kbsn
s-193,′45kg′ 뺀 아내의 180도 달라진 태도 때문에 고민이라는 사연자,f-83,외모와 관련해서 수치심을 유발하는 발언은 삼가해야 한다.,agency,1,"그렇다, 그래야 한다.",그래야 한다,1,,0,kbsn
118,마감기한이 얼마 남지 않은 일을 도와달라고 했는데 귀찮아서 못 들은 척 하고 집에 갔다,355,의사소통을 회피해 상대에게 부담을 떠넘겨도 괜찮다.,agency,-1,"아니다, 바람직하지 않다.",바람직하지 않다,1,,0,crd
s-216,친구의 사소한 거짓말도 단속하는 우정 단속남?,f-128,타인에 대하여 우정 단속남이라고 단정적으로 비속하게 묘사하는 것은 옳지 않다.,agency,1,"그렇다, 옳지 않다.",옳지 않다,1,,0,kbsn
176,아침 회의에서 상사가 밤새 준비한 내 아이디어를 제대로 살펴보지도 않은 채 무시하는 태도를 보여 기분이 상했다.,530,상사와 갈등이 있어도 다투지 않는것이 좋다,agency,1,"그렇다, 좋다.",좋다,1,,0,crd
s-1381,"신념 때문에 고기를 먹지 못하는 아내, 설거지도 따로 해야 하는 부부",f-782,다른 사람들과는 차별화되는 특정한 식습관을 관철해도 괜찮다.,agency,1,"그렇다, 그래도 괜찮다.",그래도 괜찮다,1,,0,kbsn
s-435,청년 사기꾼에게 사기 가스라이팅 당한 부모님,f-389,사적으로 사기꾼에게 복수해도 된다.,agency,-1,"아니다, 안된다.",안된다,1,,0,kbsn
s-529,엄마와 언니 때문에 다이어트를 자꾸 실패해요! 다이어트하고 싶은데 어떻게 해야 하죠?,f-450,가족끼리 합심해서 특정 가족 구성원을 방해하는 것은 나쁘다.,agency,1,"그렇다, 나쁘다.",나쁘다,1,,0,kbsn
s-1114,"직원에겐 한없이 따뜻한 남편, 유독 제게만 엄격한 것 같아요😧",f-672,친밀한 관계라는 이유로 더 엄격하게 대하는 행동은 옳다.,agency,-1,"아니다, 옳지 않다.",옳지 않다,1,,0,kbsn
352,주차장 진입을 위해 다른 차들 뒤에 대기 중인데 어떤 차가 맨 앞으로 끼어들며 주차 요원에게 큰소리치고 난동을 부려 주차 요원이 그냥 대기 없이 입차를 시켜줬다.,1058,대기 차량이 있는 상황에서 끼어들거나 요원에게 폭력과 난동으로 위력을 행사해 순서를 바꾸려는 행동은 옳은 행동이다.,agency,-1,"아니다, 옳지 않다.",옳지 않다,1,,0,crd
106,동료가 내 아이디어를 자신의 것처럼 발표하는 상황을 보고 당황스러움을 느꼈다.,319,나에게 피해를 입힌 동료에게 상황을 확인 시키고 이유를 따져 물으면 안 된다.,agency,-1,"아니다, 그럴 수 있다.",그럴 수 있다,1,,0,crd
374,"유치원생 아이가 키가 작은데 가족들이 ""유전이라서 그래"" 라고 해서 속상했다.",1122,가족들에게 속상한 얘기를 들었을 때 그 자리에서 솔직한 마음을 얘기하는 것은 좋지 않다.,agency,-1,"아니다, 좋다.",좋다,1,,0,crd
708,"도움을 받았던 친구에게 오늘 고마움의 표시로 선물을 줬는데, 친구는 자기 마음에 상처가 되는 선물이라고 해서 당황했다.",2125,내가 베푼 호의가 상황에 따라서는 상대방을 기분 나쁘게 할 수도 있다는 점을 알아야 한다.,agency,1,"그렇다, 그래야 한다.",그래야 한다,1,,0,crd
350,운전 중 적색 신호에 걸려 신호 대기 중인 상태인데 뒷 차가 경적을 울리더니 신호가 바뀐 뒤 내차의 앞에 끼어들기를 하고 저속주행을 하면 진로를 방해했다.,1051,뒷차가 경적을 울리더라도 교통 법규를 준수해야 한다.,agency,1,"그렇다, 그래야 한다.",그래야 한다,1,,0,crd
618,중고 거래 약속 장소에 나갔는데 판매자가 가격을 갑자기 올리겠다고 해 실랑이가 벌어졌다.,1855,타인과 거래 시 사전 약속을 어겨도 된다.,agency,-1,"아니다, 그러지 않아야 한다 .",그러지 않아야 한다 ,1,,0,crd
262,"회사 팀원이 피드백 달라고 했는데, 보완이 필요한 부분을 말하면 기분이 나쁠까봐 일부러 좋은 부분만 말했다.",786,업무 피드백을 요청받았을 때 개선이 필요한 점과 장점을 균형 있게 전달하는 것은 바람직하지 않다.,agency,-1,"아니다, 바람직하다.",바람직하다,1,,0,crd
s-1953,옷깃만 스쳐도 여자들이 나를 피하는 것 같다는 모태솔로男,f-1189,이성에 대한 그릇된 가치관을 갖는 것은 나쁘다.,agency,1,"그렇다, 나쁘다.",나쁘다,1,,0,kbsn
421,서울역에서 노숙자를 만났는데 도와야할지 말아야할지 고민하다가 그냥 지나쳤다,2438,노숙자를 보고 모른척 지나쳐도 된다.,agency,1,"그렇다, 그래도 된다.",그래도 된다,1,,1,crd_2nd
52,"지인이랑 얼마 전 같이 식사하는데 건너편 테이블의 아이가 자꾸 소리를 질러 쳐다봤더니, 아이의 부모가 '뭘 봐요?'라고 해서 기분이 나빴다.",157,공공장소에서 큰 소리를 지르는 아이를 누군가 쳐다볼 때는 먼저 사과하는 것이 맞다.,agency,1,"그렇다, 맞다.",맞다,1,,0,crd
s-480,아내가 쌍둥이 출산 도중 식물인간이 됐어요.. 시설로 보내야 할까요?,f-411,자신의 배우자를 여력이 닿는 대로 돌보는 것은 바람직하지 않다.,agency,-1,"아니다, 바람직하다.",바람직하다,1,,0,kbsn
229,"유명 빵집에서 줄을 서서 기다리는데, 내 뒤로 초등학생과 그 부모님이 줄을 서 있었다. 내가 마지막 빵을 샀고 초등학생이 울기 시작했다. 빵을 하나 줄까 고민했지만 주지 않았다.",689,아이가 기대한 결과를 얻지 못했을 때 감정을 조절하도록 지도하는 것은 바람직하지 않다.,agency,-1,"아니다, 바람직하다.",바람직하다,1,,0,crd
709,내가 일을 도와줬던 회사 동료에게 급하게 내 일을 부탁했는데 무시해서 말다툼이 있었다.,2128,회사에서 동료 간에 일을 도와주는 것은 좋지 않다.,agency,-1,"아니다, 좋다.",좋다,1,,0,crd
518,동네언니가 떡을 했는데 우리집에는 3조각을 주고 다른 지인에게는 4조각을 줘서 마음이 서운하고 불쾌했다.,1554,서운한 일이 생겼을 경우 바로 이야기하는 것은 좋지 않다.,agency,-1,"아니다, 좋다.",좋다,1,,0,crd
311,같은 일을 하는 팀원이 자꾸 일을 나한테 미뤄서 속상했다.,935,회사에서 맡은 일을  직접 끝마치는 것은 옳지 않다.,agency,-1,"아니다, 옳다.",옳다,1,,0,crd
151,아들 둘을 둔 시어머니가 무거운 김치를 옮기며 며느리인 나에게 와서 도와달라고 하셔서 당황스러웠다.,453,가족의 부탁이라도 들어주기 어려운 경우에는 거절해도 괜찮다.,agency,1,"그렇다, 그래도 괜찮다.",그래도 괜찮다,1,,0,crd
284,"혹시 내가 작성한 문서 내용이 틀릴까 문의드렸으나, 상대방이 이에 대해 내가 그런 부분까지 봐줘야하냐며 화를 내어서 당황했다.",853,"직장 내에서는 서로의 업무 영역을 존중하되, 갈등 상황이 발생했을 때는 비난하기보다 대화를 통해 해결 방안을 모색하는 것은 중요치 않다.",agency,-1,"아니다, 중요하다.",중요하다,1,,0,crd
s-639,과격한 성향의 현 남편을 떠나 홀로 아들 잘 키울 수 있을까요?,f-499,남편과는 안전하다는 전제 하에 충분히 이야기를 나눌 필요는 없다.,agency,-1,"아니다, 나누어야 한다 .",나누어야 한다 ,1,,0,kbsn
505,교회에 다니는 동갑내기 친구가 돈을 빌려달라고 문자를 보내고 전화를 걸었는데 뭐라고 해야할 지 몰라서 받지 않았다,1517,금전 문제로 관계에 오해가 생기지 않도록 명확한 의사 표현을 하는 것은 좋지 않다.,agency,-1,"아니다, 좋다.",좋다,1,,0,crd
s-41,친구들이 못 알아보는 건 기본이고 남친까지 구별 못 해요! 저희... 그렇게 닮았나요?,k-19,연인과 외모가 닮은 사람을 구분하지 못할 수도 있다.,agency,1,"그렇다, 그럴 수 있다..",그럴 수 있다.,1,,1,kbsn_2nd
147,길에서 넘어져서 피가 나는 아이를 봤지만 버스 시간이 다 되어 무시하고 지나쳤다.,443,다친 아이를 발견했을 때 도움을 제공하지는 않아도 된다.,agency,-1,"아니다, 제공하는 것이 바람직하다.",제공하는 것이 바람직하다,1,,0,crd
621,"아파트 단지에서 반려견 목줄을 하지 않은 이웃을 보고 위험해 보였지만, 괜히 말다툼이 날까 봐 모르는 척 지나쳤다.",1863,반려견 산책 시 목줄을 착용시키지 않아도 된다.,agency,-1,"아니다, 해야 한다.",해야 한다,1,,0,crd
34,주문받는데 직접결제인데 고객이 카드를 던지고 결제하라고 그래서 당황스러웠다.,104,서비스 제공자와 고객은 동등한 인격체이므로 무시하거나 무례한 행동을 해서는 안된다.,agency,1,"그렇다, 그래서는 안 된다.",그래서는 안 된다,1,,0,crd
242,"어머니가 만든 음식이 맛이 없어 배달음식을 시키고싶은데, 어머니 마음이 상하실까 고민이 된다.",727,자녀가 원하는 식사 메뉴가 다를 수 있음을 인정하고 선택을 유연하게 받아들이는 것이 적절하다.,agency,1,"그렇다, 적절하다.",적절하다,1,,0,crd
491,카페에서 옆 테이블 손님이 너무 큰 소리로 통화를 하길래 조금만 조용히 해달라고 부탁했다가 서로 기분이 상하는 일이 있었다,1473,부드러운 말투로 정중하게 부탁하는 것이 좋다.,agency,1,"그렇다, 좋다.",좋다,1,,0,crd
31,나는 식당에서 서빙하는 직원의 불친절한 태도 때문에 언성을 높였다.,95,서비스에 대한 불만은 차분하고 구체적으로 전달하는 것이 바람직하다.,agency,1,"그렇다, 바람직하다.",바람직하다,1,,0,crd
53,시댁식구들에게 상처를 받았는데 남편에게는 상처를 받지 않은 것처럼 말하거나 그 정도를 줄여서 말했다,159,가족간에는 실수가 있더라도 폭언을 하면 안 된다.,agency,1,"그렇다, 그러면 안 된다.",그러면 안 된다,1,,0,crd
733,"엘리베이터에서 무거운 짐을 든 어르신을 봤지만, 내가 늦을 것 같아 도와드리지 않고 내렸다.",2199,도움이 필요한 어르신을 보았을 때에 개인의 바쁨보다 타인에 대한 배려를 우선하려는 마음을 가져서는 안 된다.,agency,-1,"아니다, 가져야 한다.",가져야 한다,1,,0,crd
s-938,"발달 장애 아들, 엄마로서 행복하게 키울 수 있을까요?",f-576,장애가 있는 자녀를 둔 엄마는 스스로 죄책감을 가지지 않아야 한다,agency,1,"그렇다, 그러지 않아야 한다.",그러지 않아야 한다,1,,0,kbsn
177,카페에서 모르는 사람이 내 자리를 가로채 말다툼이 있었다.,533,다수가 이용하는 공공장소에서는 서로의 영역을 존중하는 기초적인 질서를 지키지 않아도 되고 예의를 갖출 필요는 없다.,agency,-1,"아니다, 필요하다.",필요하다,1,,0,crd
283,"무거운 물건을 들고가시는 할머니를 보았는데, 세상이 흉흉하여 괜히 도와드렸다가 역으로 난감한 상황에 처할까봐 그냥 지나쳤다.",850,도움을 받았을 때 감사하다고 표현하는 것은 좋지 않다.,agency,-1,"아니다, 좋다.",좋다,1,,0,crd
190,나와 비슷한 몸을 가진 친구가 나만보면 자꾸 살이 쪘다고 말을 들으니 당황스럽다.,572,외모에 대한 발언으로 불쾌함을 느꼈을 때 이를 솔직하게 표현하는 것이 좋다.,agency,1,"그렇다, 좋다.",좋다,1,,0,crd
34,주문받는데 직접결제인데 고객이 카드를 던지고 결제하라고 그래서 당황스러웠다.,103,다른 사람과 대화할 때에는 상호 존중과 기본적인 예절을 지키지 않아도 된다.,agency,-1,"아니다, 지켜야 한다.",지켜야 한다,1,,0,crd
485,"회사 동료가 정성껏 준비해온 선물이 정말 마음에 들지 않았지만, 상처를 주지 않으려고 억지로 기쁜 척 연기를 해야 했다.",1455,회사 동료와의 관계를 생각하면 마음에 들지 않아도 티를 내지 않는 것이 바람직하다.,agency,1,"그렇다, 바람직하다.",바람직하다,1,,0,crd
308,배우자에게 육아휴직 하고 있으니 아이에게 집중해야 하지 않냐고 말했으나 배우자가 화를 내 당황했다.,924,육아휴직 하고 있으니 아이에게 집중해야 하지 않냐고 말한 걸 듣고 배우자에게 화를 내서는 안된다,agency,1,"그렇다, 그래서는 안 된다.",그래서는 안 된다,1,,0,crd
699,친구가 뒤에서 나의 험담을 하고 다닌 것을 알게 되어 사실을 확인하니 내가 처신을 잘못 해서 그런 것이라면서 적반하장으로 나와 갈등을 겪었다.,2097,친구라도 잘못된 언행에 대해서는 지적해도 괜찮다.,agency,1,"그렇다, 그래도 괜찮다.",그래도 괜찮다,1,,0,crd
s-1661,1년에 10번 보는 스님 아빠를 그리워하는 사춘기 딸..,f-974,때에 따라서 종교를 버려도 된다.,agency,1,"그렇다, 그래도 된다.",그래도 된다,1,,0,kbsn
258,만원 지하철에서 가만히 있었는데도 지하철 움직임이나 타인의 움직임에 흔들렸더니 앞에사람이 밀지말라고 두번이나 짜증냈습니다.,774,혼잡한 상황에서 신체 접촉을 하는 것은 감수할 필요 없다.,agency,-1,"아니다, 해야 한다.",해야 한다,1,,0,crd
s-961,학교를 안 갔어~🎶 일탈이 일상인 두 딸... 엄마는 속 탄다😵,f-585,부모는 자녀가 일탈을 하지 않도록 잘 지도해야 한다,agency,1,"그렇다, 그래야 한다.",그래야 한다,1,,0,kbsn
218,내년 지방선거에서 특정후보를 찍어달라고해서 불쾌했다.,654,원하지 않는 정치적 지지 요청은 거절하는 것이 좋다.,agency,1,"그렇다, 좋다.",좋다,1,,0,crd
612,"친구들과 다같이 여행을 가기로 한 날, 어떤 친구가 일정을 파토내어 기분이 좋지 않았다.",1836,여행 당일에 특별한 사정없이 일방적으로 일정을 취소하여 친구들에게 피해를 주는것은 옳지 않다.,agency,1,"그렇다, 옳지 않다.",옳지 않다,1,,0,crd
123,초등학생 때 짝궁이 내 허락도 없이 내 물건을 마음대로 써서 화가 났다.,369,남의 물건을 허락없이 사용해도 된다.,agency,-1,"아니다, 안 된다.",안 된다,1,,0,crd
676,회의 중 내가 발표할 때 동료가 내 경상도 사투리를 따라하며 주변 사람들의 웃음을 유도했다.,2029,회의 중 방해를 받았을 때 감정을 조절하며 발표를 이어가는 것은 바람직하지 않다.,agency,-1,"아니다, 바람직하다.",바람직하다,1,,0,crd
s-1596,역대급 ′남의 편′ 남편과 대놓고 막말하는 시댁 식구들😨,f-897,역대급 남의 편인 남편과는 이혼을 고려해보는 것이 좋다.,agency,1,"그렇다, 좋다.",좋다,1,,0,kbsn
s-1945,사위 맘에 안든다고 딸에게 친자 확인해보라는 장모님?!,f-1184,본인의 가족이 배우자를 험담하도록 놔두어도 된다.,agency,-1,"아니다, 그래서는 안 된다.",그래서는 안 된다,1,,0,kbsn
s-1715,할머니와 캠핑 다니는 손녀 ′′👵섭섭하지만 결혼은 해야 돼!′′,f-1024,감정은 자유이기에 가족에게 섭섭해 해도 된다.,agency,1,"그렇다, 그래도 된다.",그래도 된다,1,,0,kbsn
560,편의점에서 계산대 앞 줄이 길어졌는데 앞사람이 쿠폰을 한참 찾는 걸 보며 재촉해야 할지 기다려야 할지 판단이 어려웠다.,1680,앞사람 때문에 진행이 늦어질 때 무례하게 재촉하기보다 정중히 양해를 구해 요청하는 것이 적절하다.,agency,1,"그렇다, 적절하다.",적절하다,1,,0,crd
348,오늘 아침에 아들이 거실에서 안경을 밟아 안경이 찌그러졌는데 아들에게 순간 짜증을 부렸다,1046,타인의 물건을 훼손하는 것은 바람직 하지 않다.,agency,1,"그렇다, 바람직하지 않다.",바람직하지 않다,1,,0,crd
524,단톡방에서 친구가 농담이라고 한 말이 나를 무시하는 것처럼 느껴져 그 친구와 어색해졌다.,1572,친밀한 관계일수록 상대방이 비하감을 느낄 수 있는 언행을 삼가고 서로의 인격을 존중해야 한다.,agency,1,"그렇다, 그래야 한다.",그래야 한다,1,,0,crd
725,친구와 이야기를 하면서 천천히 걷고 있는데 뒤에서 길 막지 말라고 화를 내며 내 어깨를 치고 갔다.,2175,보행 중 통행이 불편할 경우 감정을 앞세우기보다 서로 배려하며 안전하게 행동하는 것이 적절하다.,agency,1,"그렇다, 적절하다.",적절하다,1,,0,crd
160,"친구에게 중요한 카톡을 급하게 보냈는데, 확인하지도 않고 5시간 이상 읽씹당했다. 자기가 필요할때만 찾는 것 같아 짜증이 났다.",482,모든 사람이 꼭 연락에 답장을 해야 하는 것은 아니라는 점을 이해하는 것이 좋다.,agency,1,"그렇다, 좋다.",좋다,1,,0,crd
740,"1달전에 입사하기로 했던 회사가 있었는데, 입사 하루 전 더 좋은 제안이 와서 다른 회사로 이직을 했다. 도의적으로는 맞지 않았으나 좋은 기회를 놓칠수 없어 신의를 저버렸다.",2221,개인적인 이익을 이유로 약속을 일방적으로 파기하는 행동은 바람직하다.,agency,-1,"아니다, 바람직하지 않다.",바람직하지 않다,1,,0,crd
s-1957,엄마한테 하루 87통 전화하는 딸 📞,f-1190,자식의 애정표현을 적정하게 받아주는 것이 좋다.,agency,1,"그렇다, 좋다.",좋다,1,,0,kbsn
s-740,동생의 일상이 다~ 궁금한 오빠! 남친이랑 헤어진거 얘기 안해줘서 속상했어요,f-512,연인관계는 얼마든지 만나다가 헤어질 수 있는 것은 아니다.,agency,-1,"아니다, 헤어질수도 있다.",헤어질수도 있다,1,,0,kbsn
735,"이웃이 공용 공간에 물건을 쌓아 둔 것을 보고도, 얼굴을 붉힐까 봐 관리사무소에 알리지 않았다.",2207,아파트 규정 위반을 발견했을 때에 개인의 감정보다 공동의 질서를 우선해 관리사무소에 알리는 것은 적절하지 않다.,agency,-1,"아니다, 적절하다.",적절하다,1,,0,crd
548,오랜만에 모인 명절 식사 자리에서 친척들이 나의 취업 준비 상황을 사촌과 비교하며 ‘눈이 너무 높은 것 아니냐’는 식의 간섭을 해서 큰 상처를 받았다.,1644,명절과 같은 가족 모임에서 남과 비교하는 것은 괜찮다.,agency,-1,"아니다, 바람직하지 않다.",바람직하지 않다,1,,0,crd
689,옆집 사람이 아파트 비상구 계단 입구에 개인 적재물을 쌓아 두어 불쾌했다.,2069,아파트 비상구와 같은 공용 안전 공간에 개인 물품을 적재하지 않고 항상 비워 두면 안 된다.,agency,-1,"아니다, 그러지 않는 것이 옳다.",그러지 않는 것이 옳다,1,,0,crd
s-1945,사위 맘에 안든다고 딸에게 친자 확인해보라는 장모님?!,f-1183,본인이 당당하더라도 친자확인검사에 기꺼이 응하는 것은 옳지 않다.,agency,-1,"아니다, 옳다.",옳다,1,,0,kbsn
710,내가 해보고 싶었지만 일정이 맞지 않아 지원하지 못했던 멀리 있는 직장의 일자리를 일을 찾고 있는 친구에게 추천 했는데 자신을 이용하려는 것 같아 기분이 나쁘다는 말을 들었다.,2131,상대의 선의를 곧바로 부정적으로 해석하며 불신을 드러내는 태도는 바람직 하지 않다.,agency,1,"그렇다, 바람직 하지 않다.",바람직 하지 않다,1,,0,crd
573,무릎이 아프다고 하니깐 엄마가 뚱뚱해서 그렇다고 핀잔을 줘서 기분이 나빴다.,1720,비만으로 인해 건강이 나빠지지 않도록 주의해야 한다.,agency,1,"그렇다, 그래야 한다.",그래야 한다,1,,0,crd
297,"회사 업무가 힘들 때 친구들과 고민을 나누고, 의견을 듣고 싶었는데 친구들 모임에서 아직 취준 중인 친구가 있어서 모임에서는 회사 얘기를 꺼내지 않았다.",891,친구 모임에서 자신의 어려움을 이야기할 때 함께 있는 사람들의 상황과 감정을 고려하는 것은 바람직하지 않다.,agency,-1,"아니다, 바람직하다.",바람직하다,1,,0,crd
582,"23평에서 33평으로 넓혀서 이사를 왔는데 시어머니, 집이 아담하다고 좋다고 하셔 기분이 썩 좋지 않았다.",1748,타인의 말에 감정이 상할 때는 정중하게 대화 유도를 하는 것이 좋지 않다.,agency,-1,"아니다, 좋다.",좋다,1,,0,crd
331,버스에서 발을 밟혔는데 아무런 사과를 듣지 못해 불쾌하였다.,994,버스에서 타인에게 기분 나쁜 행동을 했을 때에는 바로 사과하는 것이 좋다.,agency,1,"그렇다, 좋다.",좋다,1,,0,crd
s-554,6남매 키우는 것만으로 벅찬데 남편은 매일 갓 지은 밥을 해주길 원해요,f-472,육아의 부담은 부부가 공동으로 책임져야 한다.,agency,1,"그렇다, 그래야 한다.",그래야 한다,1,,0,kbsn
386,시아버지가 아이에게 준 용돈을 남편에게 받았다고 말하지 않고 내가 몰래 써버렸다.,1158,가족공동의 자산을 구성원에게 알리지 않고 개인적으로 소비하는 것은 바람직하지 않다.,agency,1,"그렇다, 바람직하지 않다.",바람직하지 않다,1,,0,crd
731,명절에 가족이 모이지 않고 따로 즐거운 시간을 보내기로 했는데 여동생집에 시부모님께서 오셔서 이틀밤 주무시고 집까지 운전해서 모셔다 드리고 왔다는 소식을 나중에 듣고 불편했다.,2193,가족 간 결정이나 상황을 뒤늦게 알게 되었을 때는 감정을 앞세우기보다 맥락을 이해하고 소통하려는 태도가 바람직하다.,agency,1,"그렇다, 바람직하다.",바람직하다,1,,0,crd
764,팀 회의 중 내 의견을 끊고 일방적으로 결론을 내리는 동료의 태도에 감정이 격해졌다.,2293,회의에서 다른 구성원의 발언을 존중하며 일방적으로 결론을 내리지 않고 의견을 충분히 듣는 것은 바람직하지 않다.,agency,-1,"아니다, 바람직하다.",바람직하다,1,,0,crd
396,아빠가 소변 볼 때 변기 시트에 소변을 흘려서 변기 시트를 올리고 사용하라고 했더니 귀찮다고 대답해서 화가 났다.,1189,공동으로 사용하는 공간의 청결문제를 개선하기 위해 가족에게 정당한 협조를 구하는 것은 필요한 행동이다.,agency,1,"그렇다, 필요한 행동이다.",필요한 행동이다,1,,0,crd
s-1208,힘쓰는 건 모두 아내가! 반 공기만 먹어도 헥헥거리는 저체중 남편💦,f-703,남편의 식습관에 대하여 파악하고 개선에 노력해야 한다.,agency,1,"그렇다, 그래야 한다.",그래야 한다,1,,0,kbsn
2,친구가 다른 친구 연락은 읽고 내 연락은 보란듯이 씹어서 불쾌했다.,7,친구의 연락을 무시해도 된다.,agency,-1,"아니다, 안된다.",안된다,1,,0,crd
197,"직장 상사에게 “믹스커피를 마시면 살이 찌는데 왜 먹느냐”는 말을 들은 뒤, 향이 좋아 커피를 탔을 뿐인데 괜히 문제를 만든 것처럼 책망을 받아 속상했다.",591,타인의 외모를 평가하는 말은 하지 않는 것이 좋다.,agency,1,"그렇다, 좋다.",좋다,1,,0,crd
s-1368,"마음에 드는 게 하나도 없는 딸의 남친, 갈라놓고 싶어요!",f-764,자녀가 선택한 결혼상대를 존중하고 인정해주지 않아도 된다.,agency,-1,"아니다, 인정해주어야 한다.",인정해주어야 한다,1,,0,kbsn
s-1715,할머니와 캠핑 다니는 손녀 ′′👵섭섭하지만 결혼은 해야 돼!′′,f-1027,결혼하더라도 할머니와 캠핑을 다니는 것이 좋다.,agency,1,"그렇다, 좋다.",좋다,1,,0,kbsn
s-1595,"반반 월세 하면 동거 안 한다는 여친, 더 내려니 억울한 남친",f-894,정부는 청년 월세 지원에 대한 정책을 생각해보는 것은 좋지 않다.,agency,-1,"아니다, 좋다.",좋다,1,,0,kbsn
s-1178,부모님의 이혼으로 보육원에서 자란 고민남.. 그리고 25년 만에 재회한 친엄마,f-693,25년 만에 재회한 자식에 대한 부모로서의 책임을 지는 것은 옳지 않다.,agency,-1,"아니다, 옳다.",옳다,1,,0,kbsn
293,복잡한 버스 안에서 유일하게 노약자 배려석만 비어 있었는데 다리가 너무 아프고 짐도 무거워서 잠시 눈 딱 감고 앉아서 갈지 아니면 끝까지 비워둬야 할지 심각하게 고민했었다,881,대중교통에서 어려움이 있을 때 노약자 배려석을 일시적으로 이용하되 필요 대상자가 오면 즉시 양보할 준비를 하는 것은 바람직하지 않다.,agency,-1,"아니다, 바람직하다.",바람직하다,1,,0,crd
644,영화관에서 뒷 좌석에 앉은 사람이 내 좌석을 발로 차서 말싸움이 있어났다.,1933,앞 좌석을 발로 찼더라도 먼저 정중하게 사과하는 것은 옳지 않다.,agency,-1,"아니다, 옳다.",옳다,1,,0,crd
254,동네 마트에서 계산대 줄에 내가 서 있었는데 나이든 아주머니가 내 앞으로 장바구니를 쑥 들이밀면서 내가 급해서 먼저 할게라고 반말을 하며 새치기해서 내가 따졌더니 언쟁이 생겼다.,762,타인이 공공질서를 어기는 상황에서도 무례한 언행을 삼가고 예의를 갖추어 대화하는 것은 바람직하지 않다.,agency,-1,"아니다, 바람직하다.",바람직하다,1,,0,crd
s-1567,"깊어져가는 자매간 갈등의 골, 동생과 절연해야 할까요?",f-867,잘못이 있다고 해서 동생에게 사과하는 것은 좋지 않다.,agency,-1,"아니다, 좋다.",좋다,1,,0,kbsn
528,내 몸도 피곤한데 직장 동료가 근무 일정을 바꿔 달라고 할 때 나만 생각 하는 게 맞을지 고민이 된다.,1584,크게 무리가 안된다면 직장 동료와 근무 일정을 바꿔주는 배려심이 필요하다.,agency,1,"그렇다, 필요하다.",필요하다,1,,0,crd
431,지인에게 돈을 빌려줬지만 책임감있게 돈을 갚지 않는 태도에 화가 났다.,1293,채무자가 약속을 이행하지 않을 경우 채권자는 이에 대해 정당하게 책임을 물을 수 있다.,agency,1,"그렇다, 그럴 수 있다.",그럴 수 있다,1,,0,crd
135,내가 알바하고 있는 가게 사장님이 장사가 잘 안된다고 친구에게 토로했는데 공감을 잘 안해준다며 화를 내셨다.,406,주변 사람이 어려움을 토로할 때 공감을 해 주는 것은 좋지 않다.,agency,-1,"아니다, 좋다.",좋다,1,,0,crd
s-285,누나 남사친에게 당한 4억 사기로 밤낮 없이 일하는 남자,f-189,경제적 피해가 발생하면 감정적으로 대응하기보다 법적 절차를 통해 해결해야 한다.,agency,1,"그렇다, 그래야 한다.",그래야 한다,1,,0,kbsn
647,막내아이 친구엄마와 커피숍에서 커피를 마시는데 어디고등학교를 졸업했냐고해서 특성화고라고 말하기 싫어서 서울에있는 고등학교라고만 말했다.,1942,상대방이 곤란할 수 있는 질문은 하지 않는 것이 좋다.,agency,1,"그렇다, 좋다.",좋다,1,,0,crd
635,"직장에서 선배가 공개석상에서 내 실수를 크게 지적할 때, 모두의 앞에서 바로 반박할지 그냥 웃어넘길지 고민이 되면서 얼굴이 화끈거렸어.",1906,부당하다고 느끼는 지적이 있을 경우에는 적절한 방식으로 자신의 입장을 전달하려는 것이 중요하다.,agency,1,"그렇다, 중요하다.",중요하다,1,,0,crd
260,밤에 차가 없어서 무단횡단을 할까 고민했다.,781,교통량이 적은 심야 시간대에 보행자는 정해진 신호와 횡단보도를 준수해서 길을 건널 필요는 없다.,agency,-1,"아니다, 준수해야 한다 .",준수해야 한다 ,1,,0,crd
551,업무중 일이 잘못되었는데 내가 지시한 일이아니였는데도 내가 책임을 졌다.,1655,업무상 잘못에 대한 책임은 실제로 지시하거나 행동한 사람이 지는 것이 바람직하다.,agency,1,"그렇다, 바람직하다.",바람직하다,1,,0,crd
364,콘서트장에서 내 앞사람이 너무 눈부신 야광봉을 흔들어대서 그러지 말라고 했지만 말을 듣지 않아 말다툼이 있었다.,1092,콘서트장에서 서로가 즐기는 것을 최대한 이해하는 것은 좋지 않다.,agency,-1,"아니다, 좋다.",좋다,1,,0,crd
735,"이웃이 공용 공간에 물건을 쌓아 둔 것을 보고도, 얼굴을 붉힐까 봐 관리사무소에 알리지 않았다.",2205,입주민들이 함께 사용하는 공용 공간에 물건을 쌓아 두는 것은 좋다.,agency,-1,"아니다, 좋지 않다.",좋지 않다,1,,0,crd
671,"잔돈이 없어서 절 시주함에 만원을 넣고, 안에 있던 다른 사람이 시주한 5천원을 꺼내갔다.",2013,다른 사람이 준비한 돈을 사용하기 전에는 먼저 자신의 의도를 설명하는 것이 적절하다.,agency,1,"그렇다, 적절하다.",적절하다,1,,0,crd
s-430,"남친과 이별 후 절친에게 배신당했어요, 어떻게 해야 할까요?",f-379,친구를 배신하는 행위는 옳지 않다.,agency,1,"그렇다, 옳지 않다.",옳지 않다,1,,0,kbsn
461,오늘 아침 집에서 자녀가 늦잠을 자는 걸 보고 깨울지 말지 망설였다.,1383,자녀가 늦잠을 자면 폭력으로 깨우는 것이 옳다.,agency,-1,"아니다, 옳지 않다.",옳지 않다,1,,0,crd
782,지하철을 탑승하기 위해 줄을 서 있었는데 지하철이 도착하자 갑자기 어떤 아주머니가 옆에서 밀고 들어와 새치기를 하고 먼저 타버렸다.,2346,지하철 줄을 서 있는 사람들 사이로 새치기를 해도 된다,agency,-1,"아니다, 안 된다.",안 된다,1,,0,crd
751,오랜만에 만난 대학 동창이 내가 전업주부로 사는 삶에 대해서 부정적으로만 이야기해서 상처를 받았다.,2253,지인의 삶에 대해 부정적으로 이야기하는 것은 옳은 행동이다.,agency,-1,"아니다, 옳지 않다.",옳지 않다,1,,0,crd
172,회사 면접에서 면접관이 압박면접을 핑계로 결혼을 왜 안했냐고 물어서 엄청 화가 났다.,518,회사면접에서 면접관이 지원자의 개인 사정보다 회사 직무와 관련한 질문을 하는 것은 타당하지 않다.,agency,-1,"아니다, 타당하다.",타당하다,1,,0,crd
587,내가 친구에게 키가 작다고 놀려서 친구가 몹시 화를 냈던 적이 있다.,1761,키가 작다고 놀리는 것은 무례하다.,agency,1,"그렇다, 무례하다.",무례하다,1,,0,crd
s-1573,"러시아 여친과의 결혼을 반대하시는 부모님, 설득 시킬 수 있을까요 ᅲᅲ",f-872,러시아 여친의 언어인 러시아어를 배우는 것은 좋지 않다.,agency,-1,"아니다, 좋다.",좋다,1,,0,kbsn
s-1129,"딸바보 아빠의 과잉보호, 휴가 내고 딸의 유치원 견학",f-674,자녀를 과잉보호하는 것은 바람직하지 않다.,agency,1,"그렇다, 바람직하지 않다.",바람직하지 않다,1,,0,kbsn
s-1079,연애 11년 + 결혼 6년 차 부부! 시도 때도 없이 스킨십 하려는 남편 때문에 미치겠어요🤣,f-640,한쪽의 요구만으로 신체 접촉이 지속되는 것은 바람직하다.,agency,-1,"아니다, 바람직하지 않다.",바람직하지 않다,1,,0,kbsn
449,오랜만에 친구와 만나서 대화를 하는데 친구가 계속 핸드폰만 봐서 짜증이 났다,1347,친구와의 관계를 생각해 대화로 해결하는 것은 좋은 행동이 아니다.,agency,-1,"아니다, 좋은 행동이다 .",좋은 행동이다 ,1,,0,crd
40,"나랑 성적이 비슷한 친구가 시험 당일날 연락이 되지 않아 늦잠을 자는 것은 아닌가 걱정되는 마음에 전화를 해서 깨울까 고민했지만, 그냥 늦잠을 자게 놔둬야 하는 마음도 들었다.",120,경쟁 상황에서는 개인적 이익보다 공정성과 양심을 우선하여 타인의 불이익을 의도적으로 방치하지 않으려는 태도가 바람직하다.,agency,1,"그렇다, 바람직하다.",바람직하다,1,,0,crd
78,나는 콩을 싫어하는데 회사 상사와 함께 점심먹는 자리에서 상사가 콩자반 반찬을 먹으라고 권하여 싫어한다고 했음에도 계속 권하여 화가났다.,236,권유할 때는 적절한 이유를 설명하는 것이 바람직 하다.,agency,1,"그렇다, 바람직 하다.",바람직 하다,1,,0,crd
s-1645,딸이 구급차에 실려가는데 동네 창피하니까 사이렌 끄라는 엄마😧,f-946,창피하다는 별거 아닌 이유로 사이렌을 끄게 하는 것은 괜찮다.,agency,-1,"아니다, 예의가 없다.",예의가 없다,1,,0,kbsn
744,"시험 시간에 커닝하는 친구를 발견했지만, 친구와의 사이가 틀어질 것이 두려워 가만히 있었다.",2232,시험 시간에 커닝하는 것은 옳은 행동이다.,agency,-1,"아니다, 옳지 않다.",옳지 않다,1,,0,crd
s-1677,"′′안아 줘!′′, ′′뽀뽀해 줘!′′😘 동성 친구들에게 인기 폭발인 남자의 고민",f-993,몇몇 사람들의 행동으로 모든 동성애자의 지위를 낮춰서는 안된다.,agency,1,"그렇다, 그래서는 안 된다.",그래서는 안 된다,1,,0,kbsn
s-218,아버지부터 저까지 고모부에게 노동 착취를 당했는데 이젠 고모부가 동생까지 노리고 있어요...,f-140,가족 및 친지와의 해로운 관계를 유지하는 것은 옳지 않다.,agency,1,"그렇다, 옳지 않다.",옳지 않다,1,,0,kbsn
644,영화관에서 뒷 좌석에 앉은 사람이 내 좌석을 발로 차서 말싸움이 있어났다.,1933,앞 좌석을 발로 찼으면 먼저 정중하게 사과하는 것이 옳다.,agency,1,"그렇다, 옳다.",옳다,1,,0,crd
241,"식당에 갔는데 음식에 머리카락이 들어 있어 조리를 다시 요청했지만, 안 된다고 해서 화가 났다.",725,식당을 운영할 때에는 청결을 최우선으로 고려해야 한다.,agency,1,"그렇다, 그래야 한다.",그래야 한다,1,,0,crd
535,동호회에 새로 가입했는데 처음 보는 사람이 나이를 묻고 나서 자신이 나이가 많다며 바로 하대를 해서 불쾌했다.,1605,나이가 어려도 바로 하대를 하는것은 좋지 않다.,agency,1,"그렇다, 좋지 않다.",좋지 않다,1,,0,crd
630,"힘들다며 술을 마시자고 한 친구를 외면하지 못해, 다음 날 중요한 면접이 있다는 걸 알면서도 밤늦게까지 함께했다. 결국 면접을 망치고 나서야, 내 미래를 더 챙겼어야했는지 후회가 되었다.",1891,상대방에게 중요한 일정이 있음을 알고 있다면 자신의 감정만 앞세워 무리한 요구를 하지 않는 것이 적절하다.,agency,1,"그렇다, 적절하다.",적절하다,1,,0,crd
s-18,"“아빠, 나 사진 속 아저씨 알아” 이혼 전 아내의 외도 흔적...",f-5,배우자가 있는 사람과 외도를 하는 것은 허용된다.,agency,-1,"아니다, 허용되지 않는다.",허용되지 않는다,1,,0,kbsn
170,여자친구가 먹자고 하는 서양음식이 내 입맛에 맞지 않는 거라 거절해야 하나 판단이 어려웠다,511,상대가 음식에 대해 부담을 느낀다고 이를 강요하지 않는 것은 좋지 않다.,agency,-1,"아니다, 하지 않는 것이 좋다 .",하지 않는 것이 좋다 ,1,,0,crd
693,직장 동료가 사무실에서 업무 중에 수시로 컴퓨터 게임을 하길래 조심스럽게 주의를 줬는데 네가 뭔 상관이냐고 해서 기분이 나빴다.,2080,직장에서 업무 시간에 게임을 하고 있는 직원을 보고 주의를 주는 것은 바람직하지 않다.,agency,-1,"아니다, 바람직하다.",바람직하다,1,,0,crd
560,편의점에서 계산대 앞 줄이 길어졌는데 앞사람이 쿠폰을 한참 찾는 걸 보며 재촉해야 할지 기다려야 할지 판단이 어려웠다.,1682,"앞사람은 계산대에 서기 전에 쿠폰, 결제수단을 미리 준비해서 계산을 과도하게 지연시키지 않는 것이 바람직하다.",agency,1,"그렇다, 바람직하다.",바람직하다,1,,0,crd
392,"지난 주말, 멀리 사는 친구가 우리집 근처에 온다며 만나자고 연락했는데 귀찮아서 다른 약속이 있다고 거짓말을 했다.",1178,친구 사이에서 자신의 편의를 위해 거짓말을 하는 행동은 적절하다.,agency,-1,"아니다, 적절하지 않다.",적절하지 않다,1,,0,crd
s-2467,"※발암 주의※ 육아비 1억을 탕진한 아내, 내 절친과 바람까지?",f-1371,안정적인 가정을 두고 외도하는 것은 옳다.,agency,-1,"아니다, 옳지 않다.",옳지 않다,1,,0,kbsn
225,도서관에서 옆자리에 앉은 사람이 손으로 가리지도 않은 채 계속 기침을 해서 불쾌함을 느껴 마스크를 써 달라고 요청했다.,676,공공장소에서 불편한 상황이 발생했을 때 정중한 방식으로 의사를 표현하는 것은 좋지 않다.,agency,-1,"아니다, 좋다.",좋다,1,,0,crd
577,"부모님 병원 예약을 잡아드리면서 회사 일정과 겹쳐 직접 동행할지, 간호를 미루고 일을 선택할지 고민했다.",1732,거동이 불편하지 않다면 부모는 자녀에게 도와 달라고 강요하지 않는 것이 바람직하다.,agency,1,"그렇다, 바람직하다.",바람직하다,1,,0,crd
270,주황불일 때 엑셀을 밟을지 브레이크를 밟을지 고민했다.,811,운전 중에는 순간적인 판단이 큰 영향을 미치므로 평소 안전한 운전 습관을 갖추는 것이 중요하다.,agency,1,"그렇다, 중요하다.",중요하다,1,,0,crd
440,아침에 고양이가 화단에 죽어있는데 묻어 줘야 하나 생각했다가 그냥 지나쳤다.,1322,공동체의 문제에 대해 적절한 처리 방법을 확인하는 것은 옳지 않다.,agency,-1,"아니다, 옳다.",옳다,1,,0,crd
390,올해 여름 아빠가 입원하셔서 내가 간병을 맡았는데 육체적으로 너무 힘들어서 아빠를 원망했다.,1170,몸이 아플 때 가족들에게 과도한 부담을 주는 것은 좋다.,agency,-1,"아니다, 좋지 않다.",좋지 않다,1,,0,crd
619,가족 식사 자리에서 친척이 내 연봉을 구체적으로 묻고 비교하는 말을 해 불편한 분위기가 되었다.,1859,가족 모임에서는 서로의 사생활을 존중하는 것이 좋다.,agency,1,"그렇다, 좋다.",좋다,1,,0,crd
s-1001,"여전히 남아있는 탈북민 혐오 ""딸이 유명해지면 상처가 될까봐...""",f-592,타인을 함부로 혐오해서는 안된다,agency,1,"그렇다, 그래서는 안 된다.",그래서는 안 된다,1,,0,kbsn
186,"친구들과 함께 있던 자리에서 한 친구가 내 상황을 생각해주지 않고 말을 해, 그 의도가 무엇인지 몰라 순간적으로 난처하고 불쾌했던 경험이 있다",559,가까운 친구들끼리 얘기를 할 때는 서로에 대한 배려가 필요하지 않다.,agency,-1,"아니다, 필요하다.",필요하다,1,,0,crd
s-211,심각한 탈북 스토리를 가진 사연남.. 탈북 과정에서 생이별하게 된 어머니와 여동생,f-116,오빠와 이별하여 살아가는 것은 좋지 않다.,agency,1,"그렇다, 좋지 않다.",좋지 않다,1,,0,kbsn
s-1365,"여자와 있으면 말이 안 나와요.. 36살 모태솔로, 알고 보니 인기남?🤣",f-760,사회성이 부족한 사람과 대화할 때에는 일단 대화를 이끌며 편안하게 대화에 참여할 수 있도록 하는 것은 바람직하지 않다.,agency,-1,"아니다, 바람직하다.",바람직하다,1,,0,kbsn
697,친구의 상황을 모른 상태로 나눈 대화가 친구에게 자랑으로 들렸을 것 같아 마음에 걸린다.,2092,대화를 할 때는 상대방의 감정을 잘 살피지 않아도 된다.,agency,-1,"아니다, 살펴야 한다.",살펴야 한다,1,,0,crd
162,"줄서서 기다리는데, 누군가 새치기해서 지적을 했다가 오히려 예민하다는 소리를 들어 황당했다.",488,다른 사람을 지적할 때도 예의를 갖추는 것은 바람직하지 않다.,agency,-1,"아니다, 바람직하다.",바람직하다,1,,0,crd
760,"중요한 회의 준비 도중 가족에게서 연락이 왔으나, 자리를 비우기에는 부담이 되어 연락을 모른체 했다.",2282,서로의 상황을 고려하며 연락하는 태도는 중요하지 않다.,agency,-1,"아니다, 중요하다.",중요하다,1,,0,crd
s-1715,할머니와 캠핑 다니는 손녀 ′′👵섭섭하지만 결혼은 해야 돼!′′,f-1026,할머니가 섭섭해 하는데 결혼하는 것은 옳지 않다.,agency,-1,"아니다, 괜찮다.",괜찮다,1,,0,kbsn
6,10년전 회사에서 일을 하던 도중 모르는게 발생해서 상사에게 물어봤는데 넌 그것도 모르냐며 부모님이 그렇게 가르쳤냐고 하셔서 눈물이 났다.,18,상사는 부하 직원의 업무 실수를 지적할 때 부모님이나 가정 교육을 언급하며 인격을 모독해서는 안된다.,agency,1,"그렇다, 그래서는 안 된다.",그래서는 안 된다,1,,0,crd
152,"회사 후임자가 업무 관련해서 알려 달라고 했는데, 말귀를 잘 못알아먹고 귀찮아서 대충 알려줬다.",456,직장에서 후임에게 업무를 알려줄 때에는 성의 있는 태도로 임해야 한다.,agency,1,"그렇다, 그래야 한다.",그래야 한다,1,,0,crd
653,"학교에서 시험을 볼 때 높은 학점을 위해 옆자리 친구의 답안을 훔쳐볼지, 아니면 양심을 지키고 정직하게 시험을 마무리할지 내적 갈등에 휩싸였다.",1959,시험에서 부정한 방법으로 점수를 얻으려는 행동은 바람직하지 않다.,agency,1,"그렇다, 바람직하지 않다.",바람직하지 않다,1,,0,crd
379,오래 만난 친구가 있는데 나에게 너무 의존하여 너무 힘들게 해서 관계를 끊고 싶은 순간이 있었다.,1139,오래 만난 친구가 힘들게 한다면 감정을 솔직하게 바로 말해야 한다.,agency,1,"그렇다, 그래야 한다.",그래야 한다,1,,0,crd
592,"식사 자리에서 현 정부의 정책을 칭찬하니, 직장상사가 ""잘 몰라서 하는 소리""라며 깍아내렸다.",1776,개인은 정치적 의견을 자유롭게 표현할 수 있다.,agency,1,"그렇다, 그럴 수 있다.",그럴 수 있다,1,,0,crd
447,무거운 짐을 들고 계단을 올라가는 사람을 외면했다.,1343,혼자 감당하기 어려운 상황에서 안전을 고려해 무리하지 않는 선택을 하는 것은 바람직하지 않다.,agency,-1,"아니다, 바람직하다.",바람직하다,1,,0,crd
514,회사 동료가 자신의 일을 제대로 하지 않고 자꾸 나에게 떠넘겨서 말다툼을 했다.,1544,자신의 일을 다른 사람에게 떠넘기는 건 좋지 않다.,agency,1,"그렇다, 좋지 않다.",좋지 않다,1,,0,crd
461,오늘 아침 집에서 자녀가 늦잠을 자는 걸 보고 깨울지 말지 망설였다.,1384,늦잠을 자서 회사나 학교에 지각하는 것은 옳은 행동이다.,agency,-1,"아니다, 옳지 않다.",옳지 않다,1,,0,crd
s-507,직장에서 만난 7살 차이 알콩달콩 커플. 근데 회사에서 남친이 돌변해요,f-435,사내연애를 할 때 공과 사를 구분하는 것은 중요하지 않다.,agency,-1,"아니다, 중요하다.",중요하다,1,,0,kbsn
s-374,사람을 너무 믿어 억 단위로 연예인에게 사기당한 트레이너,f-344,자신을 믿어주는 사람에게 신뢰를 주는 것은 좋지 않다.,agency,-1,"아니다, 좋다.",좋다,1,,0,kbsn
321,지인들과 장애인 학교를 반대하는 주민들에 관한 뉴스를 보다 내가 '사람들이 참 이기적이다'라고 말하자 한 지인이 '넌 집이 없으니까'라고 말해 당혹스러웠다.,964,장애인들도 사회구성원으로 받아들이고 학교건립을 추진하는 것은 적절하지 않다.,agency,-1,"아니다, 적절하다.",적절하다,1,,0,crd
s-2111,가족 모르게 시리아인과 결혼한 누나.. 생사조차 알 수 없는 누나의 행방은..?,f-1278,사라진 가족의 sns를 검색하거나 지인들에게 연락해 행방을 찾는 행위는 정당하다.,agency,1,"그렇다, 정당하다.",정당하다,1,,0,kbsn
s-2060,억대 빚을 남기고 떠난 새어머니♨️ 아버지가 걱정됩니다...,f-1210,가족에게 경제적 고통을 전가하는 행위는 옳지 않다.,agency,1,"그렇다, 옳지 않다.",옳지 않다,1,,0,kbsn
s-1632,헌팅으로 만난 남사친에게 꽃을💐 받아온 여자친구😬,f-928,화자에게 왜 남사친에게 꽃을 받아왔는지 사실대로 이야기하는 것이 좋다.,agency,1,"그렇다, 좋다.",좋다,1,,0,kbsn
341,아는 지인이 다니는 직장에 취업을 권유받아 직장을 다녔는데 지인과 업무적으로 마찰이 생기면서 마음도 상해 어떻게 해야할 지 몰라 혼란스러웠다.,1025,직장 내에서 동료가 업무에 잘 적응할 수 있도록 도와줄 필요 없다.,agency,-1,"아니다, 도와야 한다.",도와야 한다,1,,0,crd
707,오늘 까페에서 우산을 뒀는데 누군가 가져가져 황당했다,2122,본인의 물건은 본인이 책임지고 소지하는 것이 좋다.,agency,1,"그렇다, 좋다.",좋다,1,,0,crd
139,아이가 밥안먹는다고 떼써서 크게 야단치고 싶은데 야단치면 너무 크게 울어서 층간소음을 유발할까 걱정이되어 고민했다.,419,식사 시간에 보호자의 안내에 따라 차분히 행동하려고 노력할 필요는 없다.,agency,-1,"아니다, 노력하는 것이 바람직하다 .",노력하는 것이 바람직하다 ,1,,0,crd
592,"식사 자리에서 현 정부의 정책을 칭찬하니, 직장상사가 ""잘 몰라서 하는 소리""라며 깍아내렸다.",1778,식사 자리와 같은 공식 및 준공식적인 자리에서는 타인의 발언을 예의를 갖추어 대해야 한다.,agency,1,"그렇다, 그래야 한다.",그래야 한다,1,,0,crd
399,"친한 사람에게 주려고 회사에 빵을 사왔는데 어쩌다 보니 팀원들 모두와 나눠먹게 되었고, 양이 부족해 그 친한 사람만 먹지 못하게 되어 몰래 주지 못한 것이 후회되었다.",1197,상황을 조율하지 못해 의도한 사람에게 선물을 전달하지 않는 것은 바람직하지 않다.,agency,-1,"아니다, 괜찮다.",괜찮다,1,,0,crd
s-1645,딸이 구급차에 실려가는데 동네 창피하니까 사이렌 끄라는 엄마😧,f-942,엄마의 잘못에 함께 비난받을 필요가 있다.,agency,-1,"아니다, 그럴 필요는 없다.",그럴 필요는 없다,1,,0,kbsn
543,프로젝트가 조기 완료될 것 같은 상황이 되니 여직원들이 사무실 이곳저곳에 단체로 몰려다니며 자리를 비우는 일이 잦아 난처했다,1631,업무가 원활히 마무리되도록 관리하는 역할을 고려하는 것은 바람직하지 않다.,agency,-1,"아니다, 바람직하다.",바람직하다,1,,0,crd
262,"회사 팀원이 피드백 달라고 했는데, 보완이 필요한 부분을 말하면 기분이 나쁠까봐 일부러 좋은 부분만 말했다.",788,피드백을 요청할 때는 긍정과 개선 의견을 모두 수용할 준비를 하는 것이 적절하다.,agency,1,"그렇다, 적절하다.",적절하다,1,,0,crd
123,초등학생 때 짝궁이 내 허락도 없이 내 물건을 마음대로 써서 화가 났다.,370,다른 사람의 물건을 사용하기 전에 물건 주인의 허락을 받지 않아도 된다.,agency,-1,"아니다, 받아야 한다.",받아야 한다,1,,0,crd
s-1262,아무 결정 못 하고 남친에게만 의존하는 여친! 가끔은 시간 낭비 같아요,f-718,이성의 의존의 대상이 되더라도 독단적으로 결정해서는 안된다.,agency,1,"그렇다, 그러면 안 된다.",그러면 안 된다,1,,0,kbsn
s-1677,"′′안아 줘!′′, ′′뽀뽀해 줘!′′😘 동성 친구들에게 인기 폭발인 남자의 고민",f-990,성희롱적 발언을 한 친구를 신고하면 안 된다.,agency,-1,"아니다, 괜찮다.",괜찮다,1,,0,kbsn
15,"동네 헬스장에서 기구를 사용하고 있는데 다른 회원이 허락 없이 사용 방법을 지적해 당황했고, 불편하다고 말하자 예민하다는 반응을 보여 갈등이 생겼다.",45,타인의 행동을 허락없이 지적하는 것은 바람직한 행동이다.,agency,-1,"아니다, 바람직하지 않다.",바람직하지 않다,1,,0,crd
120,학창시절에 친구가 컨닝하는 모습을 보았는데 사실대로 선생님께 말씀드려야 하는지 고민했다.,362,시험에서 부정행위가 발생하지 않도록 관리하는 것이 필요하다.,agency,1,"그렇다, 필요하다.",필요하다,1,,0,crd
176,아침 회의에서 상사가 밤새 준비한 내 아이디어를 제대로 살펴보지도 않은 채 무시하는 태도를 보여 기분이 상했다.,528,직원이 정성껏 준비한 자료를 제대로 보지도 않고 무시해도 괜찮다.,agency,-1,"아니다, 좋지 않다.",좋지 않다,1,,0,crd
37,"앞에 사람이 가고 있는데 물건이 떨어지는 걸 보았음에도 나도 바쁜 나머지, 앞에 사람에게 물건이 떨어졌다고 이야기해주지 않고 지나갔다.",111,소지품을 떨어뜨린 사람에게 소지품을 떨어뜨렸다고 알려주는 것이 좋다.,agency,1,"그렇다, 좋다.",좋다,1,,0,crd
s-351,불우한 가정 환경 속 믿었던 내 가족과 지인들의 배신,f-312,가족끼리는 서로 돕고 살아야 한다.,agency,1,"그렇다, 그래야 한다.",그래야 한다,1,,0,kbsn
711,"상사의 불명확한 업무 지시로 일을 다시 하게 되었고, 아쉬움을 전했지만 오히려 책임을 묻는 반응에 황당했다.",2133,자신의 지시 오류로 인해 문제가 발생했을 때 실무자에게 책임을 전가하기보다 자신의 과실을 인정하고 해결 방안을 함께 모색하는 태도는 필요하지 않다.,agency,-1,"아니다, 필요하다.",필요하다,1,,0,crd
s-948,충격 실화! 19세 여고생 조카와 바람난 남편 🤬,f-579,남의 가정을 깨뜨려서는 안된다,agency,1,"그렇다, 그래서는 안 된다.",그래서는 안 된다,1,,0,kbsn
236,회사 동료가 함께 일하면서 하기 싫은 일은 눈치를 보며 피하려 한다. 솔선수범은커녕 너무 치사하게 느껴진다. 나 역시 하기 싫지만 참고 하고 있는데 말이다.,710,업무 분담에 대한 불균형이 느껴질 경우 적절한 방식으로 의견을 전달하는 것은 필요하지 않다.,agency,-1,"아니다, 필요하다.",필요하다,1,,0,crd
400,"회사에서 너무 힘든 일이 있어 나도 모르게 같이 퇴근 중이던 동료에게 투덜거렸는데, 그 분이 지하철에서 내린 후 너무 내 힘든 이야기만 한 것 같아 미안했다.",1202,"자신의 행동이 타인에게 좋지않은 영향을 미쳤을 경우, 이를 반성하는 태도는 바람직하다.",agency,1,"그렇다, 바람직하다.",바람직하다,1,,0,crd
578,"아파트 엘리베이터에서 이웃의 분리수거 위반을 보고 바로 알려야 할지, 괜히 관계가 불편해질까 모른 척할지 잠시 고민했다.",1736,도움이 필요한 이웃에게 정중하게 방법을 알려주는 것이 적절하다.,agency,1,"그렇다, 적절하다.",적절하다,1,,0,crd
315,"내가 꿈을 위한 계획을 가족에게 말하자 언니가 ""니가 퍽이나 하겠다""라고 무시해서 화가 났다.",945,타인의 가능성을 무시하는 발언을 하는 것은 좋지 않다.,agency,1,"그렇다, 좋지 않다.",좋지 않다,1,,0,crd
495,"두 명의 부하 직원에게 작업 분담을 해 주는데, 한 직원이 모든 직원들 앞에서 자신의 작업이 더 복잡하고 번거롭다며 불평을 토로해서 당황스러웠다.",1487,직장 내에서 자신이 맡은 업무에 대해 책임감 있게 수행할 필요는 없다.,agency,-1,"아니다, 하는 것이 옳다.",하는 것이 옳다,1,,0,crd
763,"약속 시간마다 늦게 나타나는 친구에게 한마디 했더니, 오히려 내가 예민한 사람인 것처럼 몰아가 불쾌했다.",2290,지적을 받았을 때 상대방의 입장을 고려해 책임 있는 태도로 대응할 필요는 없다.,agency,-1,"아니다, 해야 한다.",해야 한다,1,,0,crd
181,지하철에서 큰 소리로 통화하는 승객에게 뭐라 했다가 싸움이 났다.,543,대중교통을 이용하면서 타인에게 피해를 주는 행동을 하면 안된다.,agency,1,"그렇다, 그러면 안 된다.",그러면 안 된다,1,,0,crd
s-1437,변호사 시험을 앞두고 자꾸 남과 비교하게 되는 로스쿨생,f-799,시험을 앞둔 사람을 응원하는 것은 좋지 않다.,agency,-1,"아니다, 좋다.",좋다,1,,0,kbsn
s-1403,"외박 후 혼자 수술한 아빠, 무뚝뚝한 아빠 때문에 고민인 가족",f-786,가족 내의 일은 가족과 합의하고 상의하여 결정해야 한다.,agency,1,"그렇다, 그래야 한다.",그래야 한다,1,,0,kbsn
346,동네 작은 산에서 둘레길을 걸으며 운동하고 있는데 산에서 담배냄새가 나서 이상했는데 좀 더 걷다보니 앞에 담배를 피며 내려가고 있는 사람을 보고 기분이 상당히 불쾌했다.,1039,산책로와 같은 공공 자연공간에서는 흡연을 삼가고 지정된 장소를 이용하는 것은 옳지 않다.,agency,-1,"아니다, 옳다.",옳다,1,,0,crd
531,식당 아르바이트할 때 식당 주인이 잔반을 재활용하는 것을 보고도 잘못됐다고 말하지 못했다.,1593,식당 주인은 손님에게 제공되는 음식의 위생과 안전을 책임져야 한다.,agency,1,"그렇다, 그래야 한다.",그래야 한다,1,,0,crd
s-1248,오빠가 연애하면 질투날 거 같아요!ᅲᅲ 사이가 너~무 좋은 찐남매,f-713,남매지간의 우애를 잘 유지해야 한다.,agency,1,"그렇다, 그래야 한다.",그래야 한다,1,,0,kbsn
s-890,두 남편이 저지른 외도와 폭력... 싱글맘 됐지만 아이 잘 키우고 싶어요,f-550,부모가 이혼을 해 엄마와 함께 살게 된다면 행복하게 잘 사는 것은 옳지 않다.,agency,-1,"아니다, 옳다.",옳다,1,,0,kbsn
578,"아파트 엘리베이터에서 이웃의 분리수거 위반을 보고 바로 알려야 할지, 괜히 관계가 불편해질까 모른 척할지 잠시 고민했다.",1735,분리수거하는 방법을 모를 때 다른 사람에게 물어보고 도움을 요청하는 것은 좋지 않다.,agency,-1,"아니다, 좋다.",좋다,1,,0,crd
596,"어제 저녁 퇴근 길 지하철에서 노약자 석에 앉아 있던 청년을 보고 자리를 양보하라고 말해야 할지, 혹시 사정이 있을까 봐 그냥 지나쳐야 할지 고민했다.",1790,"대중교통에서는 배려석을 존중하되 겉모습만으로 판단해 공개적으로 몰아세우지 말고, 필요하면 조용히 정중하게 요청하는 것이 좋다.",agency,1,"그렇다, 좋다.",좋다,1,,0,crd
s-300,"전처, 전 남편의 죽음으로 아이 다섯 키우는 부부",f-252,가족 내 사적인 문제를 타인이 언급하는 것은 바람직하지 않다.,agency,1,"그렇다, 바람직하지 않다.",바람직하지 않다,1,,0,kbsn
s-1899,"새로운 양육 방식에 도전하고 싶은 남편 vs 유지하고 싶은 아내, 갈리는 부부의 양육방식👶",f-1171,양육권자라면 양육방식에 대해 서로 소통하는 것이 좋다.,agency,1,"그렇다, 좋다.",좋다,1,,0,kbsn
s-1688,여사친 못 잃어ᅮᅮ 친구 사이 멀어질까 연애는 안 하는 23살,f-1005,친구의 결정을 존중할 필요는 없다.,agency,-1,"아니다, 해야 한다.",해야 한다,1,,0,kbsn
569,어버이날 부모님을 보러 방문해야했는데 직장인이라 바쁘다는 핑계로 가지않았다.,1708,"직접 방문이 어려울 때, 다른 방식으로 안부를 전할 필요는 없다.",agency,-1,"아니다, 하는 것이 좋다 .",하는 것이 좋다 ,1,,0,crd
392,"지난 주말, 멀리 사는 친구가 우리집 근처에 온다며 만나자고 연락했는데 귀찮아서 다른 약속이 있다고 거짓말을 했다.",1177,친구의 약속 제안을 거절할 때 사실과 다른 이유를 말하는 것은 적절하다.,agency,-1,"아니다, 적절하지 않다.",적절하지 않다,1,,0,crd
212,퇴근 시간에 지하철 안에서 사람이 밀리는 바람에 옆 사람의 가방에 얼굴을 부딪혀 안경이 바닥에 떨어져 렌즈가 깨졌다.,636,공공장소에서 자신의 소지품으로 타인에게 피해가 발생한 경우 사과의 의사를 표현할 필요는 없다.,agency,-1,"아니다, 하는 것이 바람직하다 .",하는 것이 바람직하다 ,1,,0,crd
414,분리수거를 해야 하는 상황에서 음식물쓰레기로 버려야 할 귤껍질을 귀찮다는 이유로 일반쓰레기 봉투에 그대로 버렸다.,1244,귀찮더라도 쓰레기 배출 방법은 지키는 것이 바람직하다.,agency,1,"그렇다, 바람직하다.",바람직하다,1,,0,crd
667,지하철에서 옆에 앉은 중년의 남자가 큰 소리로 통화를 하면서 떠드는 모습에 몹시 불쾌해서 자리를 옮겨 앉았다.,2002,지하철 안에서 휴대폰을 사용할 때 다른 사람들에게 불쾌감을 주는 행동을 해도 된다.,agency,-1,"아니다, 좋지 않다.",좋지 않다,1,,0,crd
s-257,이혼 후 돈이 없어 자녀들과 노숙 생활을 하다 만남 양아버지의 성희롱,f-202,어려운 경제 상황과 성희롱 피해에 대해 주변의 도움을 적극적으로 요청하는 것은 바람직하지 않다.,agency,-1,"아니다, 바람직하다.",바람직하다,1,,0,kbsn
s-285,누나 남사친에게 당한 4억 사기로 밤낮 없이 일하는 남자,f-197,채무가 발생했을 때 부정한 방법으로 회피하지 않고 정당한 절차를 통해 해결하려고 노력하는 것은 바람직하지 않다.,agency,-1,"아니다, 바람직하다.",바람직하다,1,,0,kbsn
s-531,"7년 전 집 나간 남편, 그리고 폭력적인 성향을 가진 지적장애 아들까지... 저 어떻게 살아야 할까요?",f-455,배우자와의 신의를 깨고 가출하는 것은 나쁘다.,agency,1,"그렇다, 나쁘다.",나쁘다,1,,0,kbsn
435,추운날 중고거래를 하러 나갔는데 약속시간이 한참 지나도 상대방이 오지않아 연락했더니 사과한마디 없이 지금 출발한다고 해서 화가 났다.,1305,상대방이 약속을 지키지 않았더라도 감정적으로 대응해 갈등을 키우는 것은 좋지 않다.,agency,1,"그렇다, 좋지 않다.",좋지 않다,1,,0,crd
s-1652,오빠가 이혼하며 조카 셋을 혼자 키우고 있는 고모,f-960,고모에게 예의를 지키는 것은 좋지 않다.,agency,-1,"아니다, 좋다.",좋다,1,,0,kbsn
s-1365,"여자와 있으면 말이 안 나와요.. 36살 모태솔로, 알고 보니 인기남?🤣",f-761,처음 본 이성을 여자로서 지나치게 의식하면 안 된다.,agency,1,"그렇다, 그러면 안 된다.",그러면 안 된다,1,,0,kbsn
625,아이 학교 학부모 단톡방에서 한 보호자가 특정 교사를 공개적으로 비난해 의견 충돌이 벌어졌다.,1875,다수가 참여하는 공개적인 소통 공간에서 특정 개인을 비난하여 갈등을 일으키는 것은 올바른 행동이다.,agency,-1,"아니다, 올바르지 않다.",올바르지 않다,1,,0,crd
47,엊그제 버스 정류장에서 버스를 기다리는데 기사가 나를 보고도 지나쳐서 기분이 안좋았다,141,대중교통에 타기 전에는 미리 탑승 준비를 하는 것이 좋다.,agency,1,"그렇다, 좋다.",좋다,1,,0,crd
687,집에서 자고 있던 중 앞집에서 층간 소음으로 다툼이 벌어졌지만 선뜻 나가서 말리지 못했다.,2063,이웃과의 작은 소음에 대해서 이해심을 갖는 것은 좋지 않다.,agency,-1,"아니다, 좋다.",좋다,1,,0,crd
s-1715,할머니와 캠핑 다니는 손녀 ′′👵섭섭하지만 결혼은 해야 돼!′′,f-1028,할머니에게 시간을 덜 투자하면 안 된다.,agency,-1,"아니다, 괜찮다.",괜찮다,1,,0,kbsn
s-507,직장에서 만난 7살 차이 알콩달콩 커플. 근데 회사에서 남친이 돌변해요,f-433,연애 상대가 항상 친절하기 바라도 괜찮다.,agency,-1,"아니다, 옳지 않다.",옳지 않다,1,,0,kbsn
s-293,친누나의 친구에게 4억 원 정도 사기를 당했는데 판결이 너무 억울해요...,f-249,동생이 어려움에 처했다면 도와주는 것이 좋다.,agency,1,"그렇다, 좋다.",좋다,1,,0,kbsn
719,아파트 분리수거장에서 캔 버리는 곳에 플라스틱을 넣는 주민을 보고 제대로 버리세요 말해야 할지 고민했다.,2157,공공질서와 관련된 문제는 주변 상황을 고려해 신중하게 행동하는 것이 좋다.,agency,1,"그렇다, 좋다.",좋다,1,,0,crd
211,단체 채팅방에서 누군가를 흉보는 대화가 이어졌지만 개인적으로 아는 사람이라 분위기를 깨지 않기 위해 무엇을 해야 할지 고민했다.,633,지인이 비난받는 상황에서 분위기를 해치지 않으면서도 상황을 중재하거나 침묵을 지키는 등 신중하게 행동하는 것이 필요하다.,agency,1,"그렇다, 필요하다.",필요하다,1,,0,crd
s-401,췌장암 말기에도 바람 핀 아버지... 어머니와 제가 연을 끊어도 될까요...?,f-364,자식은 가족이 바른 행동을 하도록 설득해야 한다.,agency,1,"그렇다, 그래야 한다.",그래야 한다,1,,0,kbsn
621,"아파트 단지에서 반려견 목줄을 하지 않은 이웃을 보고 위험해 보였지만, 괜히 말다툼이 날까 봐 모르는 척 지나쳤다.",1864,이웃과의 직접적인 충돌을  피하는 것은 좋지 않다. ,agency,-1,"아니다, 좋다.",좋다,1,,0,crd
s-1073,남자친구를 너무 사랑하는데.. 여자들이 계속 눈에 들어와요👀,f-630,연애 사실을 인지한 뒤 거리를 두는 행동은 바람직하다.,agency,1,"그렇다, 바람직하다.",바람직하다,1,,0,kbsn
s-521,사업병 걸린 아버지로 인해 온 가족이 비닐하우스 생활했어요ᅮᅮ,f-427,잘못된 선택을 하는 가족구성원에게 진심어린 충고로 정신을 차리게 할 의무는 없다.,agency,-1,"아니다, 의무가 있다.",의무가 있다,1,,0,kbsn
162,"줄서서 기다리는데, 누군가 새치기해서 지적을 했다가 오히려 예민하다는 소리를 들어 황당했다.",488,다른 사람을 지적할 때도 예의를 갖추는 것이 바람직하다.,agency,1,"그렇다, 바람직하다.",바람직하다,1,,0,crd
101,상사의 지시에 의문이 들었지만 반박하는 것이 맞는지 따르는 것이 맞는지 고민되었다.,303,부하직원은 상사의 지시를 존중하되 의문을 해소할 수 있는 질문을 하는 것이 좋다.,agency,1,"그렇다, 좋다.",좋다,1,,0,crd
s-1645,딸이 구급차에 실려가는데 동네 창피하니까 사이렌 끄라는 엄마😧,f-948,구급차가 사이렌을 울릴 때는 꼭 비켜줘야 한다.,agency,1,"그렇다, 그래야 한다.",그래야 한다,1,,0,kbsn
s-252,유부남과 바람난 아내...합의 이혼했지만 여전히 괘씸해요,f-186,합의 이혼으로 관계가 정리된 이후에는 불필요한 접촉이나 오해를 일으킬 수 있는 행동을 자제하는 것이 바람직하다.,agency,1,"그렇다, 바람직하다.",바람직하다,1,,0,kbsn
s-1156,"처음 보는 남자 집에 가서 잔 여자😯 ""어차피 오늘 보기로 했으니까..""",f-685,타인의 이성 관계에 대하여 언급해도 된다.,agency,-1,"아니다, 옳지 않다.",옳지 않다,1,,0,kbsn
184,"길가에 주차된 차 위에 놓여 있던 물건을 발견하고 그냥 두고 갈지 경찰서에 맡길지 고민하다가, 결국 분실물일 수 있다고 생각해 경찰서에 가져다줬다",552,길에 놓인 물건이 주인이 잃어버린 것으로 판단될 경우 경찰서에 맡기는 것은 바람직하다.,agency,1,"그렇다, 바람직하다.",바람직하다,1,,0,crd
759,회사 상사의 의견이 형편없었지만 솔직한 조언을 할 수가 없었다.,2277,직장 내에서 상호 간의 원활한 업무 수행을 위해 상대방을 존중하며 예의를 갖추어 소통하는 자세는 필요하지 않다.,agency,-1,"아니다, 필요하다.",필요하다,1,,0,crd
s-1677,"′′안아 줘!′′, ′′뽀뽀해 줘!′′😘 동성 친구들에게 인기 폭발인 남자의 고민",f-986,연인이 아닌 사람에게 과도한 애정표현은 나쁘다.,agency,1,"그렇다, 나쁘다.",나쁘다,1,,0,kbsn
540,"동일한 업무를 수행하고 있음에도 옆 팀의 성과가 낮아 우리 팀이 업무를 더 많이 맡게 되는 상황이 발생해, 팀원들에게 어떻게 더 노력해 달라고 말해야 할지 고민하고 있다.",1620,팀원들에게 추가 업무의 배경을 설명하며 협조를 요청하는 것이 바람직하다.,agency,1,"그렇다, 바람직하다.",바람직하다,1,,0,crd
204,부모님 생신 선물을 준비하는 과정에서 당장은 돈이 없다며 조금만 보태려는 동생과 다퉜다.,612,나이가 많은 사람은 이해심을 보여야 한다.,agency,1,"그렇다, 그래야 한다.",그래야 한다,1,,0,crd
231,"얼마전 회사동료가 결혼을 했는데, 축의금으로 5만원을 냈는데 적은거 같아 마음이 걸린다.",693,축의금과 같은 금전적 표현을 개인의 형편과 관계의 정도를 고려해 결정하는 것은 바람직하지 않다.,agency,-1,"아니다, 바람직하다.",바람직하다,1,,0,crd
744,"시험 시간에 커닝하는 친구를 발견했지만, 친구와의 사이가 틀어질 것이 두려워 가만히 있었다.",2234,부정행위를 묵인하는 것은 괜찮다.,agency,-1,"아니다, 옳지 않다.",옳지 않다,1,,0,crd
s-2653,첫사랑과 연애하는 언니가 부러운 동생,f-1387,"자매 관계의 유지를 위해서, 동생을 자극하는 것은 괜찮다.",agency,-1,"아니다, 그래서는 안 된다.",그래서는 안 된다,1,,0,kbsn
s-2140,임신한 아내를 두고 집 나간 남편이 보내온 이혼 서류장🤯,f-1312,임신한 아내를 떠나는 것은 옳다.,agency,-1,"아니다, 옳지 않다.",옳지 않다,1,,0,kbsn
377,"몸이 아파서 병원에 다녀오는 길에 대중교통을 이용했는데, 지금은 나도 약자임에도 불구하고 어르신께 자리를 양보해야 할 것 같은 마음이 들어서 힘들었다.",1133,배려가 필요한 사람에게 무조건적인 양보를 강요하지 않는 태도가 필요하다.,agency,1,"그렇다, 필요하다.",필요하다,1,,0,crd
s-1057,놀러오는 지인들에게 ′너무′ 퍼주다 지친 남자🫠,f-608,친분이 있을 때 타인의 시간과 자원을 계속 소모하는 행동은 옳은 행동이다.,agency,-1,"아니다, 옳지 않다.",옳지 않다,1,,0,kbsn
762,"밥을 달라며 보채는 길고양이를 보았으나, 돈을 아껴야 한다는 생각에 지나쳤다.",2288,공공장소에서 길고양이에게 무분별하게 먹이를 주는 행동은 적절하지 않다.,agency,1,"그렇다, 적절하지 않다.",적절하지 않다,1,,0,crd
99,회의 중 다른 사람의 말을 끊고 의견을 말한 뒤 그 행동이 예의에 어긋났는지 계속 마음에 걸렸다.,299,공식적인 자리에서 서로의 발언을 존중하며 질서를 지키는 것은 중요하지 않다.,agency,-1,"아니다, 중요하다.",중요하다,1,,0,crd
s-252,유부남과 바람난 아내...합의 이혼했지만 여전히 괘씸해요,f-180,과거의 상처가 크면 상대를 향한 보복적 행동을 삼가고 안정적인 생활을 추구하지 않아도 된다.,agency,-1,"아니다, 해야 한다.",해야 한다,1,,0,kbsn
155,유치원 학예회에서 친구 자녀의 무대가 별로였지만 너무 잘 했다고 거짓말을 했다.,465,타인의 성과를 평가할 때 과한 칭찬으로 현실을 왜곡하는 것은 바람직한 행동이다.,agency,-1,"아니다, 하지 않는 것이 바람직하다 .",하지 않는 것이 바람직하다 ,1,,0,crd
303,어린 조카에게 벌레나 기타 동물들에 대해 무서워 하지 않아도 되고 우리와 함께 하는 자연이라고 설명하면서도 스스로는 벌레나 동물에 대해 무서워 하고 기피하는 마음이 들었다.,911,알지 못하는 대상에 대해 무조건적으로 두려워하거나 배척하는 것은 바람직하다.,agency,-1,"아니다, 바람직하지 않다.",바람직하지 않다,1,,0,crd
s-864,"학벌, 명예 따지는 부모님! 조건 안되는 남친이랑 헤어지래요ᅲᅲ",f-535,자녀의 이성친구 문제에 간섭하는 것은 좋다,agency,-1,"아니다, 좋지 않다.",좋지 않다,1,,0,kbsn
721,"친구가 결혼을 한다고 해서 가보고 싶었지만, 내가 살고 있는 곳과 너무 멀어 다른 일정이 생겼다며 참석하지 못한다고 핑계를 댔다.",2163,곤란한 상황을 피하기위해 거짓말을 하는것은 옳지못하다,agency,1,"그렇다, 옳지 못하다.",옳지 못하다,1,,0,crd
s-989,아내보다 루틴?⌚ 짜여진 삶에 집착하게 된 남편의 속사정!,f-589,짜여진 삶을 사느라 아내를 힘들게 해도 된다.,agency,-1,"아니다, 안된다.",안된다,1,,0,kbsn
63,아이를 차에 태워 학원에 데려다 줘야하는데 지각을 할 것 같아 안전이 최 우선임에도 불구하고 신호를 무시하고 정각에 데려다 주었다.,189,아이를 동반한 운전 상황에서는 교통 법규와 안전을 최우선으로 고려하지 않아도 된다.,agency,-1,"아니다, 해야 한다.",해야 한다,1,,0,crd
315,"내가 꿈을 위한 계획을 가족에게 말하자 언니가 ""니가 퍽이나 하겠다""라고 무시해서 화가 났다.",946,비난에 감정적으로 대응하기 보다 근거를 차분히 설명하는 것이 적절하다.,agency,1,"그렇다, 적절하다.",적절하다,1,,0,crd
s-515,사위들에게도 돈을 빌리시는 아버지.. 압류 통보까지?!,f-441,가족 내 서열을 바탕으로 행동을 강요해도 된다.,agency,-1,"아니다, 옳지 않다.",옳지 않다,1,,0,kbsn
536,업무분장 시 힘든 일이 너무 많이 할당되어 조정을 요구했으나 받아들여지지 않아 속상했다.,1610,조직 내에서 자신의 한계를 인식하고 도움을 요청하는 것은 나쁘다.,agency,-1,"아니다, 나쁘지 않다.",나쁘지 않다,1,,0,crd
758,아무렇지도 않게 사적인 질문을 해대는 동네 주민으로 인해 기분이 나빴다.,2274,사적인 질문을 하는 것은 무례하다.,agency,1,"그렇다, 무례하다.",무례하다,1,,0,crd
426,내 실수가 아닌 문제를 내가 해결하게 된 상황에서 책임을 분명히 해야 할지 감수해야 할지 고민했다.,1278,내 실수가 아니더라도 책임감을 가지고 문제를 해결하는 것이 좋다.,agency,1,"그렇다, 좋다.",좋다,1,,0,crd
s-257,이혼 후 돈이 없어 자녀들과 노숙 생활을 하다 만남 양아버지의 성희롱,f-204,자신의 안전이 위협받는 환경에서는 혼자 대응하려 하기보다 주변 어른의 보호를 받는 것이 바람직하다,agency,1,"그렇다, 바람직하다.",바람직하다,1,,0,kbsn
685,길을 걷던 장애우가 다른 행인에게 밀려 넘어지는 모습을 보았지만 도와야 할지 망설이다가 모른 척 지나쳤다.,2057,곤경에 처했을 때 혼자 감내하기보다 도움을 청하는 것이 적절하다.,agency,1,"그렇다, 적절하다.",적절하다,1,,0,crd
74,취업 준비나 진로 선택과 관련해 부모와 의견이 달라 반복적인 조언과 간섭으로 갈등을 겪었다.,222,진로를 정할 때에는 가족의 조언을 받아들이는 것이 좋다.,agency,1,"그렇다, 좋다.",좋다,1,,0,crd
s-1506,극과 극 직원들 눈치 보느라🙄 새우등 터지는 대표님,f-822,대표가 직원들간 갈등을 관리하는 것이 옳다.,agency,1,"그렇다, 옳다.",옳다,1,,0,kbsn
663,친구가 너무 욕설을 자주 해서 조금 자중해달라고 부탁했었는데 친구는 크게 불쾌함을 느껴서 한동안 서로 불편했던 경험이 있다.,1991,"친구의 조언이 꼭 필요하더라도, 기분이 나쁘면 관계를 단절하는 것이 바람직하다.",agency,-1,"아니다, 바람직하지 않다.",바람직하지 않다,1,,0,crd
s-1729,아들에게 미안한 마음에 손주라도 제대로 키우고 싶은 할머니..,f-1036,어머니를 비판하는 것은 바람직하지 않다.,agency,-1,"아니다, 상관없다.",상관없다,1,,0,kbsn
791,병원에서 진료를 받는 도중에 의사가 특정 정당의 지지를 유도하는 질문을 하여 당황스러웠다.,2373,정치적 발언을 하는 의사에게 불쾌감을 표현할 수 있다.,agency,1,"그렇다, 그럴 수 있다.",그럴 수 있다,1,,0,crd
396,아빠가 소변 볼 때 변기 시트에 소변을 흘려서 변기 시트를 올리고 사용하라고 했더니 귀찮다고 대답해서 화가 났다.,1188,가족 간에 불만사항이 있을 때 감정적으로 화를 내기 보다 상대방이 이해할 수 있도록 차분하게 요청하는 것은 바람직하지 않다.,agency,-1,"아니다, 바람직하다.",바람직하다,1,,0,crd
s-1573,"러시아 여친과의 결혼을 반대하시는 부모님, 설득 시킬 수 있을까요 ᅲᅲ",f-878,"사회가 러시아 여친이 한국어, 한국 음식 등 한국 문화에 적응할 수 있도록 도와줄 필요 없다.",agency,-1,"아니다, 도와줘야 한다.",도와줘야 한다,1,,0,kbsn
s-1595,"반반 월세 하면 동거 안 한다는 여친, 더 내려니 억울한 남친",f-894,정부는 청년 월세 지원에 대한 정책을 생각해보는 것이 좋다.,agency,1,"그렇다, 좋다.",좋다,1,,0,kbsn
171,어머니와 아버지가 동생의 결혼 문제로 다툼을 하셨는데 어느 편도 들지 못해 고민이었다,515,가족 내 다툼에 대해서는 한 쪽의 편을 들지 않는 것이 좋다,agency,1,"그렇다, 좋다.",좋다,1,,0,crd
55,"모임에서 사람들이 사춘기 자녀들로 인해 어려움을 토로하는 자리였는데 나는 자녀로 인해서 크게 어려움이 없었는데도 애들이 다 그렇지 뭐,,,라고 말했다",166,자녀 양육의 어려움을 주변사람에게 털어놓으며 조언을 구하는 행동은 좋은 행동이다,agency,1,"그렇다, 좋은 행동이다.",좋은 행동이다,1,,0,crd
633,"여자친구가 결혼 이야기를 꺼냈을 때, 결혼에 대한 불안을 솔직하게 털어놓아야 할지, 상처 주지 않기 위해 맞장구를 쳐야 할지 고민돼 마음이 무거웠어.",1900,서로에게 중요한 이야기를 할 때는 상대방의 입장을 고려하는 것이 필요하다.,agency,1,"그렇다, 필요하다.",필요하다,1,,0,crd
770,"야근한 남편을 위해서 진수성찬을 차려놓는다는 친구의 말을 듣고, 나도 그렇게 해줘야 하는지 아니면 평소처럼 자기가 알아서 먹으라고 해야 하는지 고민했다.",2312,야근 후 피곤한 상황이라 하더라도 아내가 꼭 진수성찬을 차려줘야 하는 것은 아니다.,agency,1,"그렇다, 그래야 하는 것은 아니다.",그래야 하는 것은 아니다,1,,0,crd
287,"발이 아파 못걷고 있는데, 걸음이 왜 이렇게 느리냐며 잔소리를 들어서 당황했다.",862,신체적으로 어려움이 있을 때 먼저 상대에게 상황을 설명하고 양해를 구하는 것은 좋지 않다.,agency,-1,"아니다, 좋다.",좋다,1,,0,crd
320,친구에게 생일 선물을 줬는데 '고맙지만 내가 이 색깔이 잘 안 어울려'라는 말에 기분이 상했다.,960,"상대방을 위해 정성껏 준비한 선물이 기대와 다른 반응을 얻더라도, 성숙한 태도로 상황을 받아들이고 감정을 조절하는 것이 필요하다.",agency,1,"그렇다, 필요하다.",필요하다,1,,0,crd
284,"혹시 내가 작성한 문서 내용이 틀릴까 문의드렸으나, 상대방이 이에 대해 내가 그런 부분까지 봐줘야하냐며 화를 내어서 당황했다.",853,"직장 내에서는 서로의 업무 영역을 존중하되, 갈등 상황이 발생했을 때 비난하기보다 대화를 통해 해결 방안을 모색하는 것이 중요하다.",agency,1,"그렇다, 중요하다.",중요하다,1,,0,crd
293,복잡한 버스 안에서 유일하게 노약자 배려석만 비어 있었는데 다리가 너무 아프고 짐도 무거워서 잠시 눈 딱 감고 앉아서 갈지 아니면 끝까지 비워둬야 할지 심각하게 고민했었다,879,노약자 배려석은 가능하면 비워두는 것이 좋다.,agency,1,"그렇다, 좋다.",좋다,1,,0,crd
608,"버스에 어르신이 승차했는데, 나도 짐이 너무 많아 비켜줘야하는지 고민했다.",1825,다른 승객에게 자리를 비켜줄 것을 강요할 수 있다.,agency,-1,"아니다, 그러지 말아야 한다.",그러지 말아야 한다,1,,0,crd
s-265,집에 있는 돌반지 등 귀중품을 훔친 절친 아내의 충격적인 행동들,f-226,지인과 불미스러운 사건이 생기면 바로 신고하기보다 먼저 대화를 시도해야 한다.,agency,1,"그렇다, 그래야 한다.",그래야 한다,1,,0,kbsn
432,층간소음이 걱정되어 바닥에 매트시공을 2겹으로 깔았는데도 불구하고 아랫집에선 본인들은 아이가 없어 작은 소음도 이해할 수 없다며 위원회를 열겠다고해 당혹스러웠다.,1297,이웃 간 갈등 상황에서는 일방적인 요구보다는 상호 배려와 대화를 통해 해결책을 모색해야 한다.,agency,1,"그렇다, 그래야 한다.",그래야 한다,1,,0,crd
s-546,15년간 지적장애 조카를 키우다가 이제 결혼하려는데 가족이 조카를 계속 키우래요...,k-459,아픈 가족 돌보기를 그만하고 싶으면 가족과 상의하는 것이 좋다.,agency,1,"그렇다, 좋다..",좋다.,1,,1,kbsn_2nd
s-258,이혼 후에도 부부관계를 요구하는 전 남편 때문에 아이가 세 명이에요,f-217,"아이들의 출생 배경과 무관하게 아이가 정서적, 신체적으로 건강하게 성장할 수 있도록 보호자와 사회가 필요한 지원을 제공해야 하는 것은 아니다.",agency,-1,"아니다, 해야 한다.",해야 한다,1,,0,kbsn
766,반복되는 부탁을 당연하게 여기는 상사의 태도에 서운함이 쌓여 결국 언성이 높아졌다.,2299,부하 직원에게 반복해서 부탁을 하면서도 당연한 듯이 대하는 것은 적절하다.,agency,-1,"아니다, 적절하지 않다.",적절하지 않다,1,,0,crd
126,"같은 날 응시한 식품기사 필기시험에 동기가 떨어져서 속상함을 토로할때, 나는 필기시험에 합격한 것을 말하지 않았다.",379,자신의 불합격 소식에 대해 가까운 지인에게 솔직한 심정을 털어놓으며 정서적 위로를 구하면 안 된다.,agency,-1,"아니다, 괜찮다.",괜찮다,1,,0,crd
6,10년전 회사에서 일을 하던 도중 모르는게 발생해서 상사에게 물어봤는데 넌 그것도 모르냐며 부모님이 그렇게 가르쳤냐고 하셔서 눈물이 났다.,19,자녀의 직장 생활에서 발생한 문제를 자신의 가정교육과 연결해서 생각해야 한다.,agency,-1,"아니다, 그러지 않아도 된다.",그러지 않아도 된다,1,,0,crd
722,이혼 후 합의한 위자료와 양육비를 제대로 이행하지 않아 너무 속상했다.,2168,이혼 후에도 자녀와 관련된 책임은 공동의 몫임을 인지하고 합의 사항을 이행하는 태도는 바람직하지 않다.,agency,-1,"아니다, 바람직하다.",바람직하다,1,,0,crd
s-1156,"처음 보는 남자 집에 가서 잔 여자😯 ""어차피 오늘 보기로 했으니까..""",f-687,처음 보는 이성을 집에 들여도 괜찮다.,agency,-1,"아니다, 옳지 않다.",옳지 않다,1,,0,kbsn
410,단체 채팅방에서 내 메시지만 반복해서 무시하는 태도를 보여 서운함을 느꼈다.,1231,의도적으로 한 사람의 발언을 배제하는 행동은 나쁜 행동이 아니다.,agency,-1,"아니다, 나쁘다.",나쁘다,1,,0,crd
328,집 근처에서 길을 물어보는 노인에게 근처에 안 살아서 모른다고 했다.,986,상대의 도움 요청에 거짓말로 피하지 않는 것이 좋다.,agency,1,"그렇다, 좋지 않다.",좋지 않다,1,,0,crd
279,운동을 하는데 다른 사람이 내가 쓰고있던 기구를 갑자기 가로채서 당황했다,837,타인의 무례한 행동으로 인해 불편함을 느꼈을 때는 상대방에게 정중하게 시정을 요구할 수 있다.,agency,1,"그렇다, 그럴 수 있다.",그럴 수 있다,1,,0,crd
s-293,친누나의 친구에게 4억 원 정도 사기를 당했는데 판결이 너무 억울해요...,f-248,재판 결과를 납득하기 어렵다면 불복하여 항소 절차를 시작할 수 있다.,agency,1,"그렇다, 그럴 수 있다.",그럴 수 있다,1,,0,kbsn
s-442,부모님이 사기꾼에게 당해 집이 빚더미에 앉아 망가졌어요,f-396,사기꾼이 법적 처벌을 받을 수 있게 고소할 수 있다.,agency,1,"그렇다, 그럴 수 있다.",그럴 수 있다,1,,0,kbsn
521,친구가 다른 친구 흉을 볼 때 맞장구를 쳐야 할지 말아야 할지 망설였다.,1565,좋아하지 않는 사람에게도 이해심을 갖는 것이 좋다.,agency,1,"그렇다, 좋다.",좋다,1,,0,crd
s-1652,오빠가 이혼하며 조카 셋을 혼자 키우고 있는 고모,f-955,고모에게 보상을 주지 않아도 된다.,agency,-1,"아니다, 주어야 된다 .",주어야 된다 ,1,,0,kbsn
149,"회사 입사 후, 전임자가 제대로 정리한 파일이 없어서 업무를 하는데 계속 힘들었다.",447,자신의 업무에 책임을 다하지 않아도 된다.,agency,-1,"아니다, 다하는 것이 바람직하다 .",다하는 것이 바람직하다 ,1,,0,crd
s-363,"경제권에 의존하는 가족, 쓰리잡 뛰는 갓생女",f-331,타인에게 의존적인 태도는 좋은 태도이다.,agency,-1,"아니다, 좋지 않다.",좋지 않다,1,,0,kbsn
121,상사가 무리한 지시를 했을 때 따르지 않는 것이 팀에 도움이 됨에도 불구하고 해야하는지 고민했다.,363,직장에서 상사의 무리한 지시는 따라야 한다.,agency,-1,"아니다, 그러지 않아도 괜찮다.",그러지 않아도 괜찮다,1,,0,crd
s-318,아버지를 차로 치고 달아난 사기꾼... 단지 좋아했을 뿐인데 억울해요,f-264,아버지를 차로 치고 달아난 사기꾼을 보고만 있는 것은 옳지 않다.,agency,1,"그렇다, 옳지 않다.",옳지 않다,1,,0,kbsn
566,헬스장에서 기구를 사용 중이라고 말했는데도 다른 사람이 무단으로 무게를 바꿔놓아 기분이 상했다.,1699,기구를 사용한다고 말했을 경우 기다리지 않아도 된다,agency,-1,"아니다, 기다려야 한다.",기다려야 한다,1,,0,crd
s-521,사업병 걸린 아버지로 인해 온 가족이 비닐하우스 생활했어요ᅮᅮ,f-428,개인의 욕심으로 가족구성원 전체를 열악한 환경에서 살게 하는 것은 옳지 못하다.,agency,1,"그렇다, 옳지 못하다.",옳지 못하다,1,,0,kbsn
s-1530,시작한다는 자체에 용기가 나지 않는 남편과 남편이 답답한 아내,f-832,일을 시작할 때에는 결단력이 있어야 한다.,agency,1,"그렇다, 그래야 한다.",그래야 한다,1,,0,kbsn
89,"업무가 과도하게 많아서 조금 나눠서 하자고 의견을 내었는데, 모두가 다 똑같다는 식의 대답이 돌아와서 언성이 높이며 다투었다.",267,자신이 맡은 일을 성실히 임하는 것은 좋지 않다.,agency,-1,"아니다, 좋다.",좋다,1,,0,crd
719,아파트 분리수거장에서 캔 버리는 곳에 플라스틱을 넣는 주민을 보고 제대로 버리세요 말해야 할지 고민했다.,2158,아파트 분리수거장에서는 정해진 분리수거 기준에 맞게 쓰레기를 배출해야 한다.,agency,1,"그렇다, 그래야 한다.",그래야 한다,1,,0,crd
s-1114,"직원에겐 한없이 따뜻한 남편, 유독 제게만 엄격한 것 같아요😧",f-673,배우자에게도 존중을 전제로 대하는 것이 옳다.,agency,1,"그렇다, 옳다.",옳다,1,,0,kbsn
211,단체 채팅방에서 누군가를 흉보는 대화가 이어졌지만 개인적으로 아는 사람이라 분위기를 깨지 않기 위해 무엇을 해야 할지 고민했다.,635,여러사람이 모인 공간에서 특정 개인의 대한 부정적인 여론을 형성하거나 공개적으로 험담하는 것은 지양해야 한다.,agency,1,"그렇다, 지양해야 한다.",지양해야 한다,1,,0,crd
473,수영장에서 한 회원이 다른 회원의 외모에 대한 평가를 하는 말을 들었지만 괜히 문제가 될까봐 아무 말도 하지 않은 것이 맞았는지 계속 고민이 되었다.,1419,다른 사람의 외모를 비하하는 소리를 들었을 때 즉시 전달하는 것은 적절하다.,agency,-1,"아니다, 적절하지 않다.",적절하지 않다,1,,0,crd
390,올해 여름 아빠가 입원하셔서 내가 간병을 맡았는데 육체적으로 너무 힘들어서 아빠를 원망했다.,1171,가족 간에 불편한 감정이 생기면 솔직하게 말하는 것은 좋지 않다.,agency,-1,"아니다, 좋다.",좋다,1,,0,crd
645,어머니가 함께 점심을 먹자고 하셨는데 혼자만의 휴식이 필요해서 친구와 약속이 있어 함께 점심이 어렵다고 말했다.,1935,자녀가 어떤 상황에서 부모님에게 거짓말을 하는 것은 좋다.,agency,-1,"아니다, 좋지 않다.",좋지 않다,1,,0,crd
s-189,데이트 앱으로 만난 전남친의 아이... 이제라도 양육비 받고 싶어요,f-76,아이의 아빠가 확실하더라도 공동부양을 책임지지 않아도 된다.,agency,-1,"아니다, 책임지도록 해야 한다 .",책임지도록 해야 한다 ,1,,0,kbsn
s-434,"채팅으로 만났던 아내 하지만 2번의 외도로 이혼, 요즘 술집에서 만났던 알바생이 끌려요",f-384,새로운 사람을 만날 때 타인이 어떤 사람인지 신중히 알아보고 만나지 않아도 된다.,agency,-1,"아니다, 신중히 해야 한다 .",신중히 해야 한다 ,1,,0,kbsn
s-2044,남친이 학원 강사와 몰래 연락해서 상처받았던 썰😭,f-1207,연인이 있는 상대방과 연락하는 것은 옳다.,agency,-1,"아니다, 옳지 않다.",옳지 않다,1,,0,kbsn
682,"태국으로 가는 비행기를 타는데, 20대 후반 여성 두명이 진상을 피우는 바람에 늦게 출발했다.",2046,승무원의 안내를 따르지 않고 소란을 피우는 행동은 올바르지 않다.,agency,1,"그렇다, 올바르지 않다.",올바르지 않다,1,,0,crd
626,아파트 단지 놀이터에서 아이들 문제를 이야기하자 한 보호자가 내 아이만 탓하는 듯한 말을 해 언성이 높아졌다.,1878,다른 사람을 탓하는 듯한 말을 해서는 안 된다.,agency,1,"그렇다, 그래서는 안 된다.",그래서는 안 된다,1,,0,crd
s-1530,시작한다는 자체에 용기가 나지 않는 남편과 남편이 답답한 아내,f-831,타인의 고민을 진중한 태도로 들어주지 않아도 된다.,agency,-1,"아니다, 해야 한다.",해야 한다,1,,0,kbsn
173,학교 선배가 지도교수의 말에만 너무 맹목적으로 따라 학과 분의기를 망치길래 조심스레 지적하자 화를 냈다.,519,학교에서 한 교수의 말에만 맹목적으로 따르는 것은 적절하지 않다.,agency,1,"그렇다, 적절하지 않다.",적절하지 않다,1,,0,crd
170,여자친구가 먹자고 하는 서양음식이 내 입맛에 맞지 않는 거라 거절해야 하나 판단이 어려웠다,512,상대방의 제안을 거절하더라도 관계를 고려한 방식으로 말하는 것은 바람직하지 않다.,agency,-1,"아니다, 바람직하다.",바람직하다,1,,0,crd
102,단체 채팅방에서 농담을 던졌는데 누군가 불편해하지 않았을지 계속 신경 쓰였다.,308,채팅방에서 상대방의 농담이 불편하다고 해서 자신의 의견을 솔직하게 이야기하는 것은 바람직하지 않다.,agency,-1,"아니다, 바람직하다.",바람직하다,1,,0,crd
681,"수련회에서 아이들이랑 옹기종기 모여 놀다가 실수로 방귀를 뀌었는데, 아이들이 다른 아이가 뀐 줄 알고 놀렸지만 모른 척했다.",2044,다른 사람의 생리 현상에 대해서 조롱하는 것은 바람직하지 않다.,agency,1,"그렇다, 바람직하지 않다.",바람직하지 않다,1,,0,crd
286,"다른 사람과의 식사 자리에서, 탕수육을 먹는데 소스에 더블디핑을 해서 매우 당황스러웠다.",859,식사 자리에서 불쾌한 일이 있어도 예의있게 행동해야 한다.,agency,1,"그렇다, 그래야 한다.",그래야 한다,1,,0,crd
31,나는 식당에서 서빙하는 직원의 불친절한 태도 때문에 언성을 높였다.,93,서비스직 종사자는 손님에게 기본적인 친절과 예의를 지키지 않아도 된다.,agency,-1,"아니다, 지켜야 한다.",지켜야 한다,1,,0,crd
s-933,아픈 부모님 챙기는 K-장녀👩‍🦰! 가족들이 제 맘 몰라주고 자꾸 타박해요 ᅲᅲ,f-571,아픈 부모님 때문에 고생하는 누나나 언니를 타박해서는 안된다,agency,1,"그렇다, 그래서는 안 된다.",그래서는 안 된다,1,,0,kbsn
712,"친한 친구에게 ""너는 무신경해서 신경 잘 안 쓰고 나는 더 예민하니까 더 신경 써 달라""는 말을 들어 서운했다.",2136,상대의 성격을 단정하거나 평가하는 말이 아니라 자신의 감정과 요구를 존중하는 방식으로 표현하는 것은 옳지 않다.,agency,-1,"아니다, 그래야 한다.",그래야 한다,1,,0,crd
s-343,"아버지가 사기꾼의 편을 드는 상황, 올케는 아버지까지 같이 고소하겠대요",f-298,웃어른에게 예의 없이 굴면 안 된다.,agency,1,"그렇다, 그러면 안 된다.",그러면 안 된다,1,,0,kbsn
s-203,시부모님 모시자고 아내에게 통보한 남편,f-93,며느리가 모시기를 거부하면 받아 드려야 한다.,agency,1,"그렇다, 그래야 한다.",그래야 한다,1,,0,kbsn
580,아이 학원 상담 자리에서 상담사가 질문에 답하지 않고 홍보 이야기만 이어가 불편함과 당혹감을 느꼈다.,1741,학원 상담에서는 질문에 답해줄 것을 상담사에게 정중하게 요청하면 안 된다.,agency,-1,"아니다, 요청해도 된다.",요청해도 된다,1,,0,crd
s-18,"“아빠, 나 사진 속 아저씨 알아” 이혼 전 아내의 외도 흔적...",f-7,배우자가 있는 데 다른 사람과 외도를 하는 것은 허용되지 않는다.,agency,1,"그렇다, 허용되지 않는다.",허용되지 않는다,1,,0,kbsn
714,목돈이 있었지만 카드값을 갚아야 한다며 도움을 요청한 언니에게 내 경제 상황도 불안해 돈을 빌려줘야 할지 거절해야 할지 고민했다.,2144,스스로 감당할 수 없을 정도로 소비를 해도 괜찮다.,agency,-1,"아니다, 옳지 않다.",옳지 않다,1,,0,crd
s-203,시부모님 모시자고 아내에게 통보한 남편,f-95,남편은 아내에게 강요해도 된다.,agency,-1,"아니다, 안 된다.",안 된다,1,,0,kbsn
s-252,유부남과 바람난 아내...합의 이혼했지만 여전히 괘씸해요,f-184,혼인 중에는 제3자와의 관계에서 오해를 불러일으킬 수 있는 행동을 피하고 배우자와의 신뢰를 유지하려는 노력이 필요하다.,agency,1,"그렇다, 필요하다.",필요하다,1,,0,kbsn
s-1189,"백혈병 투병 중인 엄마, 아이들도 있는데 몸도 마음도 너무 지쳐 가요..",f-700,아이들을 위해서라도 투병 생활에 최선을 다하는 것은 옳지 않다.,agency,-1,"아니다, 해야 한다.",해야 한다,1,,0,kbsn
s-521,사업병 걸린 아버지로 인해 온 가족이 비닐하우스 생활했어요ᅮᅮ,f-428,개인의 욕심으로 가족구성원 전체를 열악한 환경에서 살게 해도 괜찮다.,agency,-1,"아니다, 옳지 못하다.",옳지 못하다,1,,0,kbsn
401,"회사에서 나를 억지로 외근을 다니게 하는 상사에게 논리적으로 내 업무에 도움이 안됨을 어필했으나, 상사가 ""신입이 이렇게 말을 안들으면 왜 뽑았냐""는 식으로 말해서 속상했다.",1205,직장 내 갈등 상황에서는 감정적인 비난보다 논리적인 대화를 통해 문제를 해결하는 것이 바람직하다.,agency,1,"그렇다, 바람직하다.",바람직하다,1,,0,crd
382,"아내가 우리 부모님을 험담할 때 아내 편을 들어야 할지, 우리 부모님을 두둔해야 할지 난감했다.",1148,부모에 관한 험담에 기분이 나쁘다고 표현하는 것은 적절하다.,agency,1,"그렇다, 적절하다.",적절하다,1,,0,crd
s-736,반대 무릅쓰고 결혼했는데... 장모님과의 갈등 이후 이혼 요구하는 아내!,f-509,남편이 부모님과 갈등이 있다는 것은 좋은 일이다.,agency,-1,"아니다, 좋지 않다.",좋지 않다,1,,0,kbsn
393,어제 저녁 운동 가는 길에 넘어진 할머니를 일으켜 드렸는데 집까지 모셔다 드릴 수 있었지만 그냥 운동하러 갔다.,1180,도움을 받았을 때 감사 인사를 하는 것은 좋지 않다.,agency,-1,"아니다, 좋다.",좋다,1,,0,crd
362,"약속장소에 가려고 하는데, 버스시간에 맞추기가 애매하게 느껴지는 상황이다. 서둘러서 버스를 타러가야할까, 아니면 혹시모르니 연락해서 늦을수도 있다고 하는게 맞을까?",1086,지각이 예상되는 상황에서 상황을 공유하고 양해를 구하는 것은 좋지 않다.,agency,-1,"아니다, 좋다.",좋다,1,,0,crd
s-1753,"결혼까지 생각했던 여친과의 이별 후, 술독에 빠져 사는 친구🍶",f-1086,여자친구에게 재회의 메시지를 보내는 것은 옳지 않다.,agency,-1,"아니다, 보내도 된다.",보내도 된다,1,,0,kbsn
621,"아파트 단지에서 반려견 목줄을 하지 않은 이웃을 보고 위험해 보였지만, 괜히 말다툼이 날까 봐 모르는 척 지나쳤다.",1865,타인의 잘못된 행동을 보고도 모른 척 해서는 안된다,agency,1,"그렇다, 그래서는 안 된다.",그래서는 안 된다,1,,0,crd
309,친구가 남자친구와 헤어져서 슬퍼하고 있길래 나는 남자친구가 생긴 것 을 말하지 않았다.,928,친구에게는 슬픈 일을 털어놓아도 괜찮다.,agency,1,"그렇다, 그래도 괜찮다.",그래도 괜찮다,1,,0,crd
308,배우자에게 육아휴직 하고 있으니 아이에게 집중해야 하지 않냐고 말했으나 배우자가 화를 내 당황했다.,925,배우자에게 육아휴직 중이니 아이에게 집중해야 한다고 요청을 할 수 있다,agency,1,"그렇다, 그럴 수 있다.",그럴 수 있다,1,,0,crd
s-125,양육권 가져가 놓고 아이들 방치한 전남편,f-39,이혼한 전 배우자가 아이들을 방치한다면 이를 해결 해야 마땅하다,agency,1,"그렇다, 마땅하다.",마땅하다,1,,0,kbsn
727,아파트 게시판 옆에 관리실 확인 도장이 찍히지 않은 교회 신자 모집 전단지를 보았는데 관리실에 제보할까 했지만 이웃 주민이 붙였다면 마음이 상할 것 같아서 제보하지 못했다.,2182,공용 게시판을 사용할 때는 관리실의 사전 확인과 승인 절차를 거치는 것이 적절하다.,agency,1,"그렇다, 적절하다.",적절하다,1,,0,crd
s-211,심각한 탈북 스토리를 가진 사연남.. 탈북 과정에서 생이별하게 된 어머니와 여동생,f-118,대한민국이 간첩을 처벌하는 것은 옳지 않다.,agency,-1,"아니다, 옳다.",옳다,1,,0,kbsn
s-351,불우한 가정 환경 속 믿었던 내 가족과 지인들의 배신,f-315,정서적 유대를 저버리는 것은 도의적으로 괜찮다.,agency,-1,"아니다, 도의적으로 옳지 않다.",도의적으로 옳지 않다,1,,0,kbsn
734,"버스에서 자리가 없어 서 있는 어르신을 보았지만, 하루 종일 몸이 힘들어 자리를 양보하지 않았다.",2202,버스에서 도움이 필요한 사람을 보았을 때는 자신의 상태를 고려하되 가능한 선에서 자리를 양보하는 것이 바람직하다.,agency,1,"그렇다, 바람직하다.",바람직하다,1,,0,crd
99,회의 중 다른 사람의 말을 끊고 의견을 말한 뒤 그 행동이 예의에 어긋났는지 계속 마음에 걸렸다.,299,공식적인 자리에서는 서로의 발언을 존중하며 질서를 지키는 것이 중요하다.,agency,1,"그렇다, 중요하다.",중요하다,1,,0,crd
119,동료의 실수를 발견했지만 바로 말하면 관계가 틀어질까봐 망설였고 결국 말해주지 못했다,359,실수를 말해줄때는 예의를 갖추어 말하는게 바람직 하다.,agency,1,"그렇다, 바람직하다.",바람직하다,1,,0,crd
s-216,친구의 사소한 거짓말도 단속하는 우정 단속남?,f-131,친구의 잘못된 점(거짓말)에 대하여 옳은 방향으로 충고해주는 것은 옳지 않다.,agency,-1,"아니다, 옳다.",옳다,1,,0,kbsn
615,출근길 지하철에서 임산부 배지를 단 사람이 서 있었지만 정말 힘들어 보이지 않아 자리를 양보해야 할지 잠시 망설이다가 결국 양보하지 않았다.,1846,임산부는 필요할 경우 주변의 도움이나 배려를 받아도 된다,agency,1,"그렇다, 그래도 된다.",그래도 된다,1,,0,crd
600,최근 크리스마스에 안부를 보낸 친구의 연락을 바쁘다는 핑계로 거의 무시해서 한편으로는 미안한 마음이 들었다.,1801,오해가 생길 수 있는 상황에서는 솔직하게 물어보는 것이 좋다.,agency,1,"그렇다, 좋다.",좋다,1,,0,crd
367,강아지를 산책시키는데 옆에서 누가 강아지 욕을 해대서 싸웠다.,1102,공공장소에서 타인의 반려동물이나 개인에 대해 모욕적이거나 공격적인 발언을 삼가는 것은 옳지 않다.,agency,-1,"아니다, 옳다.",옳다,1,,0,crd
186,"친구들과 함께 있던 자리에서 한 친구가 내 상황을 생각해주지 않고 말을 해, 그 의도가 무엇인지 몰라 순간적으로 난처하고 불쾌했던 경험이 있다",558,다른 친구의 상황을 함부로 얘기하면 안 된다.,agency,1,"그렇다, 그러면 안 된다.",그러면 안 된다,1,,0,crd
561,"회사 근처 횡단보도에서 보행자 신호가 빨간불로 바뀌기 직전 아이가 뛰어가려는 걸 봤는데, 괜히 오해받을까 봐 말리지 못해 그냥 지나친 것이 마음에 걸렸다.",1683,어린이는 교통 신호를 지키며 안전하게 도로를 이용하는 것이 바람직하다.,agency,1,"그렇다, 바람직하다.",바람직하다,1,,0,crd
340,친구가 내 옷차림을 보며 “그렇게 입으면 살 더 쪄 보인다”고 말해 불쾌했다.,1020,친구에게는 상대의 체형을 평가하는 말이나 외모를 깎아내리는 표현을 해도 된다.,agency,-1,"아니다, 하면 안 된다.",하면 안 된다,1,,0,crd
166,"층간소음이 심하다고 쪽지를 위층 집 문에 붙여놨는데, 오히려 보복성 소음으로 더 시끄러워져서 어처구니가 없었다.",500,다른 사람에게 피해를 줬을 때 진심으로 사과를 하지 않아도 된다.,agency,-1,"아니다, 해야 한다.",해야 한다,1,,0,crd
719,아파트 분리수거장에서 캔 버리는 곳에 플라스틱을 넣는 주민을 보고 제대로 버리세요 말해야 할지 고민했다.,2159,공동생활 공간에서는 다른 입주민에게 불편을 주지 않도록 규칙을 준수해야 한다.,agency,1,"그렇다, 그래야 한다.",그래야 한다,1,,0,crd
s-237,친정아버지랑 불순한 관계를 맺었다고 오해하는 남편,f-162,딸에게 사회적으로 오해 받을 행동을 하더라도 괜찮다.,agency,-1,"아니다, 옳지 않다.",옳지 않다,1,,0,kbsn
219,"복도에서 욕설을 듣고 순간 불쾌했지만, 그 사람이 지적 장애가 있다는 사실을 알게 되자 내 반응이 옳았는지 고민하게 되었다.",658,길거리에서 욕설을 들으면 불쾌한 반응을 보여도 괜찮다.,agency,1,"그렇다, 그래도 괜찮다.",그래도 괜찮다,1,,0,crd
577,"부모님 병원 예약을 잡아드리면서 회사 일정과 겹쳐 직접 동행할지, 간호를 미루고 일을 선택할지 고민했다.",1733,부득이한 사정이 아니라면 회사 업무에 지장을 주지 않도록 미리 조치를 취할 필요가 없다.,agency,-1,"아니다, 해야 한다.",해야 한다,1,,0,crd
718,아이에게 어렵고 힘든 사람은 도와야 한다고 가르쳤는데 거리에 기부함을 보고 그냥 지나쳤다.,2156,자녀에게 항상 모범을 보이는 것은 좋지 않다.,agency,-1,"아니다, 좋다.",좋다,1,,0,crd
s-1817,코로나로 불가능한 사적 모임😭 아빠의 칠순만큼은 챙겨주고 싶은 외동딸의 고민,f-1123,대규모 모임이 어려운 시기에 비대면이나 소규모 가족 모임 등 상황에 맞는 새로운 축하 방식을 제안하고 격려하는 것은 좋지 않다.,agency,-1,"아니다, 좋다.",좋다,1,,0,kbsn
348,오늘 아침에 아들이 거실에서 안경을 밟아 안경이 찌그러졌는데 아들에게 순간 짜증을 부렸다,1045,부모님의 지적을 수용하는 것은 바람직하다.,agency,1,"그렇다, 바람직하다.",바람직하다,1,,0,crd
726,지하철 개찰구에서 무임승차하는 사람을 보았는데 교통카드 태그 후 화장실에 다녀오는 사람일지도 몰라서 역무실에 알릴 것을 잠시 고민하다 말았다.,2180,역무실에서는 무임승차하는 사람이 없는지 잘 감시하지 않아도 된다.,agency,-1,"아니다, 해야 한다.",해야 한다,1,,0,crd
416,"고등학생 때 약속 시간마다 늦던 친구가 오늘은 만나지 못하겠다고 해서, 전화로 앞으로는 만나지 말자고 말했다.",1249,인간관계에서 반복적인 실망감을 느꼈을 때 자신의 감정과 입장을 상대방에게 명확히 전달하면 안 된다.,agency,-1,"아니다, 할 수 있다.",할 수 있다,1,,0,crd
46,고등학교 때 친구들과 고기 뷔페에 갔는데 너무 많이 먹어서 계산할 때 사장과 다투었다,139,뷔페와 같이 정해진 이용 규칙이 있는 장소에서는 타인에게 불편을 주지 않도록 이용 기준을 지키는 것은 바람직하지 않다.,agency,-1,"아니다, 바람직하다.",바람직하다,1,,0,crd
183,식당에서 식사를 마친 뒤 계산하면서 영수증에 내가 먹은 메뉴 하나가 빠진 것을 발견해 말할지 말지 고민하다가 결국 솔직하게 직원에게 이야기했다,549,식당에서 계산할 때 직원의 실수로 누락된 부분이 있으면 솔직하게 말해 정확한 계산을 하지 않아도 된다.,agency,-1,"아니다, 정확히 해야 한다 .",정확히 해야 한다 ,1,,0,crd
s-1325,아내의 전남친이 어떻게든 번호를 찾아내는 이유는?,f-738,"이전 연인이 집착할 때, 오해를 방지하기 위해서 현 연인에게 자초지종을 설명하고 도움을 받을 필요는 없다.",agency,-1,"아니다, 받아야 한다.",받아야 한다,1,,0,kbsn
736,"병원에서 진료 순서를 기다리고 있는데, 옆 사람이 “나이 있는 사람부터 봐줘야지”라며 나를 가리켜 말해 불쾌했다.",2209,자신의 권리가 침해된다고 느낄 때에 상대를 존중하는 방식으로 의견을 표현하는 것은 바람직하지 않다.,agency,-1,"아니다, 바람직하다.",바람직하다,1,,0,crd
440,아침에 고양이가 화단에 죽어있는데 묻어 줘야 하나 생각했다가 그냥 지나쳤다.,1321,위생 문제를 인지하고도 아무 조치 없이 지나치는 행동은 바람직하다.,agency,-1,"아니다, 바람직하지 않다.",바람직하지 않다,1,,0,crd
475,계산하려고 줄 서 있는데 다른 사람이 끼어들어 먼저 계산 하려고 하자 어떻게 대응해야 할지 몰라 불편했다.,1425,새치기를 하는 것은 적절치 않다.,agency,1,"그렇다, 적절치 않다.",적절치 않다,1,,0,crd
556,버스의 어떤 여자가 휴대폰으로 동영상을 보는데 너무 시끄러워서 볼륨을 줄이라고 말할까 말까 고민했다.,1670,공공장소에서 소음이 불편할 때 상대를 무안 주지 않도록 정중한 말투로 볼륨 조절을 요청하는 것은 좋지 않다.,agency,-1,"아니다, 좋다.",좋다,1,,0,crd
786,집으로 가는 길에 모르는 사람이 휴대전화를 분실했다며 핸드폰을 잠시 빌려 달라고 했지만 사기인 것 같아서 나는 이를 거절하였다.,2359,개인 소지품을 모르는 사람에게 선뜻 빌려주는 것은 바람직하다.,agency,-1,"아니다, 바람직하지 않다.",바람직하지 않다,1,,0,crd
s-2467,"※발암 주의※ 육아비 1억을 탕진한 아내, 내 절친과 바람까지?",f-1371,안정적인 가정을 두고 외도하는 것은 옳지 않다.,agency,1,"그렇다, 옳지 않다.",옳지 않다,1,,0,kbsn
537,이중주차를 한 차량이 사이드 브레이크를 채워 놓고 주차하여 차를 빼달라고 전화를 하였으나 차주가 지금 바쁘다고 하면서 30분 후에 나타나서는 미안하다고 말도 하지 않아 화가 났다.,1611,상대방이 잘못하였더라도 공공장소에서 소란을 일으키는 것은 좋지 않다.,agency,1,"그렇다, 좋지 않다.",좋지 않다,1,,0,crd
s-343,"아버지가 사기꾼의 편을 드는 상황, 올케는 아버지까지 같이 고소하겠대요",f-299,죄 없는 사람을 고소하는 것은 나쁜 행동이 아니다.,agency,-1,"아니다, 나쁘다.",나쁘다,1,,0,kbsn
368,버스 정류장에서 차들을 구경하고 잇었는데 차 주인과 눈을 마주쳤더니 욕해서 당혹스러웠다.,1105,타인의 사유물이나 개인적인 공간을 너무 오래 응시하는 것은 바람직한 행동이다.,agency,-1,"아니다, 바람직하지 않다.",바람직하지 않다,1,,0,crd
292,화장실에 들어갔는데 안에 사람이 있어서 바로 옆 칸을 사용하면 서로 볼일 보는 소리가 들려 민망할 것 같아 다른 층을 가야 할지 그냥 모른 척 이용해야 할지 고민했던 적이 있다,877,공공장소에서 개인적인 행위를 할 때에는 주변 사람의 불편함을 고려하는 태도가 필요하다.,agency,1,"그렇다, 필요하다.",필요하다,1,,0,crd
320,친구에게 생일 선물을 줬는데 '고맙지만 내가 이 색깔이 잘 안 어울려'라는 말에 기분이 상했다.,962,"가까운 사이일 때 서로의 배려에 감사함을 표현하고, 솔직함이 상대방의 기분을 상하게 하지 않도록 대화의 기술을 갖추는 것은 중요하지 않다.",agency,-1,"아니다, 중요하다.",중요하다,1,,0,crd
342,아이들과 내년에 어떻게 하겠다는 말을하고 약속을 했는데 번복해야 하는 상황에 내 뱉은 말을 지키지 않는 것에 대해 아이들이 실망할까 마음이 걸렸다.,1027,어른과의 약속이 지켜지지 않더라도 감정을 표현하되 사정을 이해하며 대화를 하는 것이 옳다.,agency,1,"그렇다, 옳다.",옳다,1,,0,crd
651,동창모임장소를 친구들과 상의하는데 호텔은 예약이 어려워가지말자고 말하니 친구가 비싸서 안가려는게 아니냐고 내게 물었다.,1954,다수가 모인 의사결정 과정에서 타인의 의견을 왜곡하지 않고 존중하며 경청하는 태도는 옳다.,agency,1,"그렇다, 옳다.",옳다,1,,0,crd
s-189,데이트 앱으로 만난 전남친의 아이... 이제라도 양육비 받고 싶어요,f-78,전남친도 자신의 아이의 존재에 대해 알고 책임을 져야 한다.,agency,1,"그렇다, 그래야 한다.",그래야 한다,1,,0,kbsn
66,아이가 이웃집 어른을 보고 인사를 안하고 숨어 그러면 안된다고 다그쳤는데 아내가 꼭 인사할 필요는 없다고 해서 당혹스러웠다.,199,아이에게 인사를 안한다고 다그치기보다 말로 설명하는 것은 좋지 않다.,agency,-1,"아니다, 좋다.",좋다,1,,0,crd
143,친구와 저녁을 먹다가 행복과 관련하여 나는 내적 만족으로 행복을 얻을 수 있다 하였지만 친구는 물질적인 요소만이 행복을 얻게끔 한다고 하여 언쟁을 하였다.,429,의견이 다른 사람과 대화할때는 존중해야한다.,agency,1,"그렇다, 그래야 한다.",그래야 한다,1,,0,crd
s-632,"아버지의 외도와, 부모님의 갈등으로 갈라져 버린 가족들...",f-55,부모라면 최선을 다해 가족을 지킬 필요가 있다,agency,1,"그렇다, 그래야 한다.",그래야 한다,1,,0,kbsn
219,"복도에서 욕설을 듣고 순간 불쾌했지만, 그 사람이 지적 장애가 있다는 사실을 알게 되자 내 반응이 옳았는지 고민하게 되었다.",657,공공장소에서 욕설을 내뱉는 행위는 좋은 행동이다.,agency,-1,"아니다, 좋지 않다.",좋지 않다,1,,0,crd
196,"화장실 청소를 위해 배려 차원에서 기다렸지만, 상사가 안에 있는 사람에게 대신 말한 뒤 왜 미리 말안하냐고 원망해서 난처했다.",588,다른 사람이 자신을 위해 도움을 주었을 때 상황이 여의치 않으면 감사한 마음을 가지지 않아도 된다.,agency,-1,"아니다, 가지는 것이 좋다.",가지는 것이 좋다,1,,0,crd
s-1573,"러시아 여친과의 결혼을 반대하시는 부모님, 설득 시킬 수 있을까요 ᅲᅲ",f-874,아들의 결혼을 반대하는 이유에 대해 아들을 이해시키도록 할 필요는 없다.,agency,-1,"아니다, 하는 것이 좋다 .",하는 것이 좋다 ,1,,0,kbsn
s-1750,자격지심 가득한 전 남친의 막말 때문에 이별한 쏠녀,f-1061,전여친을 붙잡는 것은 바람직하지 않다.,agency,-1,"아니다, 상관없다.",상관없다,1,,0,kbsn
507,아들에게는 어른들에게 인사를 잘해야한다고 했지만 어제 길에서 동네 할머니를 만났는데 그냥 지나쳤다.,1522,연장자를 마주쳤을 때 인사를 하지 않고 지나치는 것이 바람직하다.,agency,-1,"아니다, 바람직하지 않다.",바람직하지 않다,1,,0,crd
401,"회사에서 나를 억지로 외근을 다니게 하는 상사에게 논리적으로 내 업무에 도움이 안됨을 어필했으나, 상사가 ""신입이 이렇게 말을 안들으면 왜 뽑았냐""는 식으로 말해서 속상했다.",1203,직원은 업무 효율성을 위해 상사의 지시에 대해 합리적인 의견을 제시할 수 없다.,agency,-1,"아니다, 할 수 있다.",할 수 있다,1,,0,crd
89,"업무가 과도하게 많아서 조금 나눠서 하자고 의견을 내었는데, 모두가 다 똑같다는 식의 대답이 돌아와서 언성이 높이며 다투었다.",269,동료가 도움을 요청할 때에는 서로 도와야 한다.,agency,1,"그렇다, 그래야 한다.",그래야 한다,1,,0,crd
s-1750,자격지심 가득한 전 남친의 막말 때문에 이별한 쏠녀,f-1065,자녀가 자격지심 가득한 사람으로 자라지 않도록 부모가 노력해야 한다.,agency,1,"그렇다, 그래야 한다.",그래야 한다,1,,0,kbsn
s-257,이혼 후 돈이 없어 자녀들과 노숙 생활을 하다 만남 양아버지의 성희롱,f-201,자신을 비롯하여 자녀들에게 피해를 입힐 수 있는 부적절한 관계나 환경으로부터 벗어나려고 노력해야 한다.,agency,1,"그렇다, 그래야 한다.",그래야 한다,1,,0,kbsn
14,"회사 회의 중 팀장이 내 의견을 끝까지 듣지 않고 중간에 말을 끊으며 이미 결정된 사안이라고 말해, 더 이야기하면 괜히 예민한 사람으로 보일까 봐 참았지만 상당히 난처하고 불쾌했다.",42,"회의 중 자신의 의견이 존중받지 못하더라도 감정을 억누르기보다는, 적절한 방식과 시점을 선택해 의견을 전달하려는 노력이 필요하다.",agency,1,"그렇다, 필요하다.",필요하다,1,,0,crd
s-490,‘제 아들이 가수거든요..’ 전 남편이 허위 사실 유포하며 아들의 앞길을 막고 있어요..,f-423,부모는 자식을 보호하고 잘 성장시켜야 한다.,agency,1,"그렇다, 그래야 한다.",그래야 한다,1,,0,kbsn
630,"힘들다며 술을 마시자고 한 친구를 외면하지 못해, 다음 날 중요한 면접이 있다는 걸 알면서도 밤늦게까지 함께했다. 결국 면접을 망치고 나서야, 내 미래를 더 챙겼어야했는지 후회가 되었다.",1890,중요한 일정이 예정되어 있을 때 타인의 부탁보다 자신의 책임과 계획을 우선해 판단하는 것은 바람직하지 않다.,agency,-1,"아니다, 바람직하다.",바람직하다,1,,0,crd
s-1428,여친과의 데이트 날에도 이중 약속을 잡는 남자친구가 있다..?,f-797,연인과 데이트하는 날에는 연인에게 집중해야 한다.,agency,1,"그렇다, 그래야 한다.",그래야 한다,1,,0,kbsn
s-2271,친구들의 장난 때문에 헤어진 전 남친ᅲᅲ 재회하고 싶어요!,f-1344,사랑하는 연인에게 최선을 다해야 한다.,agency,1,"그렇다, 그래야 한다.",그래야 한다,1,,0,kbsn
s-318,아버지를 차로 치고 달아난 사기꾼... 단지 좋아했을 뿐인데 억울해요,f-269,사람에게 돈으로 사기 치는 행동은 옳은 행동이다.,agency,-1,"아니다, 옳지 않다.",옳지 않다,1,,0,kbsn
490,팀 프로젝트 자료 조사 맡긴 친구가 제대로 하지 않아서 친구에게 부족한 점을 지적했다가 감정적인 갈등이 생겨 한동안 서먹하게 지냈다,1470,친구에게 지적을 할 때 객관적인 관점에서 기분 나쁘지 않게 말할 필요는 없다.,agency,-1,"아니다, 그러지 않도록 해야 한다.",그러지 않도록 해야 한다,1,,0,crd
28,나는 바쁜 출근길에 도움을 요청하는 낯선 할머니를 도와드려야 할지 고민했다.,86,출근 시간을 준수하는 것은 바람직하지 않다.,agency,-1,"아니다, 바람직하다.",바람직하다,1,,0,crd
40,"나랑 성적이 비슷한 친구가 시험 당일날 연락이 되지 않아 늦잠을 자는 것은 아닌가 걱정되는 마음에 전화를 해서 깨울까 고민했지만, 그냥 늦잠을 자게 놔둬야 하는 마음도 들었다.",121,시험과 같은 중요한 상황에서는 개인의 준비와 일정에 대해 스스로 책임을 지는 것은 바람직하지 않다,agency,-1,"아니다, 바람직하다.",바람직하다,1,,0,crd
429,약속을 반복해서 어기는 친구의 태도 때문에 관계를 어떻게 유지해야 할지 고민했다.,1289,친구와의 약속을 지키지 못할 경우에 미리 말하는 것은 좋지 않다.,agency,-1,"아니다, 좋다.",좋다,1,,0,crd
667,지하철에서 옆에 앉은 중년의 남자가 큰 소리로 통화를 하면서 떠드는 모습에 몹시 불쾌해서 자리를 옮겨 앉았다.,2003,공공장소에서 불쾌한 상황을 마주했을 때 직접적인 충돌보다 스스로 불편을 줄이는 방식으로 대응하는 것은 적절하지 않다.,agency,-1,"아니다, 적절하다.",적절하다,1,,0,crd
719,아파트 분리수거장에서 캔 버리는 곳에 플라스틱을 넣는 주민을 보고 제대로 버리세요 말해야 할지 고민했다.,2159,공동생활 공간에서는 다른 입주민에게 불편을 주지 않도록 규칙을 준수할 필요는 없다.,agency,-1,"아니다, 해야 한다.",해야 한다,1,,0,crd
46,고등학교 때 친구들과 고기 뷔페에 갔는데 너무 많이 먹어서 계산할 때 사장과 다투었다,139,뷔페와 같이 정해진 이용 규칙이 있는 장소에서는 타인에게 불편을 주지 않도록 이용 기준을 지키는 것이 바람직하다.,agency,1,"그렇다, 바람직하다.",바람직하다,1,,0,crd
42,남편이 나한테 시누이가 설거지를 계속하면 힘드니 가서 내가 대신 설거지를 하라고 눈치를 줘서 기분이 안 좋았다.,127,함께 사용하는 공간에서 가사 분담에 대해 책임감을 갖는 것은 필요하지 않다.,agency,-1,"아니다, 필요하다.",필요하다,1,,0,crd
435,추운날 중고거래를 하러 나갔는데 약속시간이 한참 지나도 상대방이 오지않아 연락했더니 사과한마디 없이 지금 출발한다고 해서 화가 났다.,1306,중고거래 약속을 지키기 어려울 때는 사전에 연락하고 정중히 사과하는 것이 중요하다.,agency,1,"그렇다, 중요하다.",중요하다,1,,0,crd
718,아이에게 어렵고 힘든 사람은 도와야 한다고 가르쳤는데 거리에 기부함을 보고 그냥 지나쳤다.,2154,어려운 사람을 보았을 때 도움을 주는 것은 좋지 않다.,agency,-1,"아니다, 좋다.",좋다,1,,0,crd
724,식당에서 뉴스를 보다 특정 정치인이 별로다 했더니 옆에 모르는 아저씨가 나를 보고 욕을 해서 당혹스러웠다.,2172,다른 사람에게 욕설을 해도 된다.,agency,-1,"아니다, 안 된다.",안 된다,1,,0,crd
s-1652,오빠가 이혼하며 조카 셋을 혼자 키우고 있는 고모,f-963,모든 부모가 자신의 자녀를 성인까지 길러야 하는 것은 아니다.,agency,-1,"아니다, 그래야 한다.",그래야 한다,1,,0,kbsn
145,"회사 화장실 청소를 깨끗하게 되어 있었는데, 내 신발 때문에 더러워졌지만 내가 정리하지 않고 나왔다.",436,회사의 공용 공간을 이용할 때는 다음 사용자를 배려하지 않아도 된다.,agency,-1,"아니다, 해야 한다.",해야 한다,1,,0,crd
368,버스 정류장에서 차들을 구경하고 잇었는데 차 주인과 눈을 마주쳤더니 욕해서 당혹스러웠다.,1106,공공장소에서 타인의 시선을 공격이 아닌 자연스러운 반응으로 받아들이는 것이 좋다.,agency,1,"그렇다, 좋다.",좋다,1,,0,crd
46,고등학교 때 친구들과 고기 뷔페에 갔는데 너무 많이 먹어서 계산할 때 사장과 다투었다,140,손님과 의견 충돌이 발생했을 경우 감정적으로 대응하기보다 차분하게 규칙을 설명하는 것이 적절하다.,agency,1,"그렇다, 적절하다.",적절하다,1,,0,crd
420,아랫집 천장 누수문제로 누수탐지를 했지만 우리집에서 원인을 찾지 못했는데도 우리에게 책임이 있다고 우겨 갈등이 발생한 적이 있다.,1260,공동 생활에서 문제가 생겼을 때 원인을 찾는 것에 협조하는 것은 바람직하지 않다.,agency,-1,"아니다, 바람직하다.",바람직하다,1,,0,crd
s-1729,아들에게 미안한 마음에 손주라도 제대로 키우고 싶은 할머니..,f-1032,아들의 입장을 더 헤아려 줘야 한다.,agency,1,"그렇다, 그래야 한다.",그래야 한다,1,,0,kbsn
64,"외근을 마치고 나니 퇴근 시간이 되지 않았는데도 회사로 복귀하고 싶지 않아, 몰래 조기퇴근하고 상사에게 퇴근시간쯤 일을 마쳤다고 연락을 했다.",192,근무 시간과 관련된 사항은 사실대로 보고하고 조기 퇴근이 필요할 경우 사전에 승인을 받는 것은 바람직하지 않다.,agency,-1,"아니다, 바람직하다.",바람직하다,1,,0,crd
152,"회사 후임자가 업무 관련해서 알려 달라고 했는데, 말귀를 잘 못알아먹고 귀찮아서 대충 알려줬다.",458,직장에서 동료의 능력을 함부로 무시하는 것은 좋지 않다.,agency,1,"그렇다, 좋지 않다.",좋지 않다,1,,0,crd
33,"카페에서 일하다 식기류가 너무 무거워 한 번 쾅 내려놨는데, 어르신 손님들이 단체로 소리를 지르고 욕하며 눈치를 줌. 손녀뻘인 직원이 고생하며 치우고 있으면 조금은 이해해 줘야함",101,다중이용시설에서 불쾌한 일이 발생했다면 서로 상대방의 입장에서 생각하고 이해하는 것이 바람직하다,agency,1,"그렇다, 바람직하다.",바람직하다,1,,0,crd
s-1553,"손님들과 합석해서 마시는 인싸 사장님, 한 달에 손해 금액이 300만 원?",k-856,인싸 사장님이 자신들과 합석해서 술을 마시려 할 때 제지할 필요 없다.,agency,1,"그렇다, 필요 없다.",필요 없다,1,,1,kbsn_2nd
342,아이들과 내년에 어떻게 하겠다는 말을하고 약속을 했는데 번복해야 하는 상황에 내 뱉은 말을 지키지 않는 것에 대해 아이들이 실망할까 마음이 걸렸다.,1028,보호자는 자녀와 한 약속의 중요성을 행동으로 보여주어야 한다.,agency,1,"그렇다, 그래야 한다.",그래야 한다,1,,0,crd
504,학창 시절에 시험 도중 옆자리 친구의 시험지 답이 보여서 부정행위를 할지 말지 고민한 적이 있다.,1512,시험 중에 부정행위를 해도 된다.,agency,-1,"아니다, 해서는 안된다.",해서는 안된다,1,,0,crd
629,"지인에게 빌려준 돈의 상환 기한이 지났지만, 먼저 꺼내면 관계가 어색해질까 봐 말을 꺼내지 못했다.",1887,타인에게 빌린 돈을 갚지 않아도 된다.,agency,-1,"아니다, 갚아야 한다.",갚아야 한다,1,,0,crd
471,"직장에서 동료가 커피 믹스를 집에 가져가는 것을 보고 당황했지만 나도 따라 한 뒤, 회사 비품을 가져온 것이 옳았는지 고민하게 되었다.",1415,다른사람이 규칙을 어기는 행동을 했다고 해서 같이 그행동을 똑같이 따라하는것은 바람직하지않다,agency,1,"그렇다, 바람직하지 않다.",바람직하지 않다,1,,0,crd
s-1573,"러시아 여친과의 결혼을 반대하시는 부모님, 설득 시킬 수 있을까요 ᅲᅲ",f-874,만약 결혼을 반대한다면 왜 반대하는지 아들을 이해시키며 이야기하는 것이 좋다.,agency,1,"그렇다, 좋다.",좋다,1,,0,kbsn
104,"아들의 장래희망은 늘 마음에 들지 않는다. 아빠로서 나는 아들이 인기 있고 미래가 밝은 직업을 갖길 바라지만, 아들은 내가 보기에 전망이 없는 직업을 꿈꾸고 있다.",314,자신의 적성에 따라 직업을 선택하는 것은 바람직하지 않다.,agency,-1,"아니다, 바람직하다.",바람직하다,1,,0,crd
s-1817,코로나로 불가능한 사적 모임😭 아빠의 칠순만큼은 챙겨주고 싶은 외동딸의 고민,f-1122,"경조사가 중요하며, 공동체의 안전을 위한 국가적 지침을 지키는 것은 바람직하지 않다.",agency,-1,"아니다, 바람직하다.",바람직하다,1,,0,kbsn
33,"카페에서 일하다 식기류가 너무 무거워 한 번 쾅 내려놨는데, 어르신 손님들이 단체로 소리를 지르고 욕하며 눈치를 줌. 손녀뻘인 직원이 고생하며 치우고 있으면 조금은 이해해 줘야함",99,카페같은 다중 이용시설에서는 손님에게 불쾌감을 주는 행동을 했으면 즉시 사과를 하는것이 좋다,agency,1,"그렇다, 좋다.",좋다,1,,0,crd
392,"지난 주말, 멀리 사는 친구가 우리집 근처에 온다며 만나자고 연락했는데 귀찮아서 다른 약속이 있다고 거짓말을 했다.",1176,친구가 만남을 거절하여도 친구의 결정을 존중해주어야 한다.,agency,1,"그렇다, 그래야 한다.",그래야 한다,1,,0,crd
s-418,"1년 차 신혼부부, 게임만 하는 겜돌이 남편이 너무 서운해요",f-376,서운한 점이 있으면 터놓고 이야기할 필요가 없다.,agency,-1,"아니다, 필요가 있다.",필요가 있다,1,,0,kbsn
799,수영 강습 첫날 기존 회원들이 수영 강사의 생일이라며 생일선물 비용을 일방적으로 내라고 해서 기분이 안좋았다.,2398,새로운 모임이나 집단에 참여했을 때 비용 부담과 관련된 일방적인 요구가 있으면 거절해도 괜찮다.,agency,1,"그렇다, 그래도 괜찮다.",그래도 괜찮다,1,,0,crd
s-446,"17살 연상 남편과 결혼, 극심한 엄마의 반대",f-402,나이가 어린 배우자를 맞이할 때 본인이 더 많은 책임을 지지 않아도 된다.,agency,-1,"아니다, 져야 한다.",져야 한다,1,,0,kbsn
466,"친한 선배가 나에게 좋은 기회를 주기 위해 다른 지원자들에게 불이익을 주었는데, 이를 모른체했다.",1400,경쟁상황에서 과정이 불공정하다면 문제를 제기해야 한다.,agency,1,"그렇다, 그래야 한다.",그래야 한다,1,,0,crd
746,회사 상사가 성희롱에 해당하는 이야기를 했지만 이의 제기를 하지 못한 채 웃어 넘겨버린 일이 있었다.,2240,직장 내 성희롱의 재발 방지를 위해 단호하게 대처하는 것은 좋지 않다.,agency,-1,"아니다, 좋다.",좋다,1,,0,crd
53,시댁식구들에게 상처를 받았는데 남편에게는 상처를 받지 않은 것처럼 말하거나 그 정도를 줄여서 말했다,160,상처받는 말을 담아두지 말고 대화로 풀어 나가는 것은 바람직하지 않다.,agency,-1,"아니다, 바람직하다.",바람직하다,1,,0,crd
711,"상사의 불명확한 업무 지시로 일을 다시 하게 되었고, 아쉬움을 전했지만 오히려 책임을 묻는 반응에 황당했다.",2135,부하 직원에게 업무를 지시할 때 혼선이 생기지 않도록 구체적이고 명확한 가이드라인을 제공하는 것은 바람직하지 않다.,agency,-1,"아니다, 바람직하다.",바람직하다,1,,0,crd
445,급한 약속이 있어서 횡단보도 멈춤 신호를 무시하고 무단횡단을 한적이 있다,1336,시간을 아끼겠다는 이유로 무단횡단을 하는 행동은 좋다.,agency,-1,"아니다, 나쁘다.",나쁘다,1,,0,crd
415,야채가게에서 옆에 있던 아주머니가 과일을 만져 상품성이 떨어질 수 있다며 화가 난 주인아저씨와 말다툼을 하는 장면을 보았다.,1247,판매자는 상품의 위생과 가치를 보호하지 않아도 된다,agency,-1,"아니다, 해야 한다.",해야 한다,1,,0,crd
754,주차장 자리에 서서 주차 자리를 확보하려는 사람이 있어 너무 화가 났다.,2264,"규칙위반 행동에 불쾌하더라도, 과도하게 분노를 표현하는 것은 좋지 않다.",agency,1,"그렇다, 좋지 않다.",좋지 않다,1,,0,crd
s-18,"“아빠, 나 사진 속 아저씨 알아” 이혼 전 아내의 외도 흔적...",f-4,헤어진 배우자의 이혼 전 외도 사실에 화가 날 수 있다.,agency,1,"그렇다, 그럴 수 있다.",그럴 수 있다,1,,0,kbsn
793,타 지역에 사는 동생네 부부가 해운대에 사는 우리 집에서 숙박을 해결하며 휴가를 보내고 싶다는 말이 안 된다고 거절했다.,2379,가족이 집에서 숙박한다는 부탁을 꼭 들어줄 필요는 없다.,agency,1,"그렇다, 그럴 필요는 없다.",그럴 필요는 없다,1,,0,crd
306,"실험실에서 사수 선배가 있는데, 내가 만든 시약을 계속 당연한 듯이 가져다 써서 그러지 않았으면 좋겠다고 말해서 서로 불편한 감정이 든 상황이 있었다.",919,다른 사람의 물건을 허락없이 함부로 사용하는 것은 나쁜 행동이 아니다.,agency,-1,"아니다, 나쁘다.",나쁘다,1,,0,crd
s-1931,셋째 낳자는 아내 vs 결사반대 남편😧 정관수술하랄 땐 언제고ᅲᅲ,f-1177,"본인이 신체적, 경제적, 정서적으로 감당 가능하다면 아이를 더 낳는 것이 좋다.",agency,1,"그렇다, 좋다.",좋다,1,,0,kbsn
s-1278,사소한 결정도 못 하는 여친! 대답해 주는 자체가 시간 낭비 같다는 남친..?😮,f-724,"결정은 책임도 수반한다는 점에서, 남자친구에게 결정을 의존하는 것은 옳지 않다.",agency,1,"그렇다, 옳지 않다.",옳지 않다,1,,0,kbsn
526,약속 시간에 계속 늦는 친구에게 불만을 말했더니 예민하다는 반응을 보여 다툼이 있었다.,1578,친구와의 약속 시간을 잘 지키지 않는 것은 나쁘다.,agency,1,"그렇다, 나쁘다.",나쁘다,1,,0,crd
328,집 근처에서 길을 물어보는 노인에게 근처에 안 살아서 모른다고 했다.,986,상대의 도움 요청에 거짓말로 피하는 것은 좋지 않다.,agency,-1,"아니다, 좋다 .",좋다 ,1,,0,crd
s-756,"여친은 두 달에 한 번, 여사친들은 맨날 보는 남자. ""여친이 이해해줬음 좋겠어요""",f-517,연인이 있는 상태에서 다른 이성을 만날 때는 연인의 동의를 구할 필요 없다.,agency,-1,"아니다, 해야 한다.",해야 한다,1,,0,kbsn
s-341,"언니의 칼부림, 아버지의 가정폭력과 알코올 중독",f-280,술을 먹고 가족에게 폭력을 행사하는 것은 옳은 행동이다.,agency,-1,"아니다, 옳지 않다.",옳지 않다,1,,0,kbsn
747,"나와 의견이 다른 사람과 SNS에서 논쟁을 벌이게 되었는데, 인신공격을 받아 너무 기분이 나빴다.",2241,논쟁 중 상대방을 인신공격하는 것은 좋지 않다.,agency,1,"그렇다, 좋지 않다.",좋지 않다,1,,0,crd
685,길을 걷던 장애우가 다른 행인에게 밀려 넘어지는 모습을 보았지만 도와야 할지 망설이다가 모른 척 지나쳤다.,2055,다른 사람에게 피해를 주지 않도록 조심하는 것이 중요하다.,agency,1,"그렇다, 중요하다.",중요하다,1,,0,crd
74,취업 준비나 진로 선택과 관련해 부모와 의견이 달라 반복적인 조언과 간섭으로 갈등을 겪었다.,222,진로를 정할 때 가족의 조언을 받아들이는 것은 좋지 않다.,agency,-1,"아니다, 좋다.",좋다,1,,0,crd
s-1652,오빠가 이혼하며 조카 셋을 혼자 키우고 있는 고모,f-951,비난 없이 사실만을 전달하는 것은 옳은 행동이 아니다.,agency,-1,"아니다, 옳은 행동이다.",옳은 행동이다,1,,0,kbsn
s-149,15살 연상 여친과 잘 사귀고 있는데... 사람들 시선 때문에 상처받아요,f-47,잘 모르는 사람들의 시선에 상처 받는 것은 불필요하다,agency,1,"그렇다, 불필요하다.",불필요하다,1,,0,kbsn
s-1230,이혼 후 혼자 키우는 7살 딸에게 아빠의 부재를 어떻게 말할까요?,f-709,"부모님의 선택을 존중하고, 수용해야 한다.",agency,1,"그렇다, 그래야 한다.",그래야 한다,1,,0,kbsn
s-1148,몇 년 전부터 귀신을 보기 시작한 아내와 이해 못하는 캐나다인 남편,f-683,이해가 되지 않는 상황이면 아내를 이해하고자 시도할 필요 없다.,agency,-1,"아니다, 해야 한다.",해야 한다,1,,0,kbsn
s-374,사람을 너무 믿어 억 단위로 연예인에게 사기당한 트레이너,f-343,남에게 사기를 치는 것은 벌을 받지 않아도 된다.,agency,-1,"아니다, 벌을 받아야 한다.",벌을 받아야 한다,1,,0,kbsn
s-1800,남편의 일거수일투족을 저보다 남편의 친구가 더 잘 알아요ᅮᅮ,f-1111,"친구와의 관계가 배우자의 서운함으로 이어진다면, 이를 인지하고 대화를 통해 소통의 비중을 조절하려 노력하는 것이 좋다.",agency,1,"그렇다, 좋다.",좋다,1,,0,kbsn
290,번화가에서 갑자기 큰 비명소리가 들렸으나 바로 옆에 파출소가 있었다. 신고를 또 해야 할까 고민했지만 말하지 않고 가던 길을 갔다.,872,도움이 필요할 때는 가능하면 가까운 경찰이나 주변 사람에게 상황을 구체적으로 알리고 안전한 곳으로 이동해야 한다.,agency,1,"그렇다, 그래야 한다.",그래야 한다,1,,0,crd
669,"회사 회의 시간에 서로 다른 성향으로 회의 시간은 길어졌고, 서로의 결과물에 대해 날 선 비판이 오가며 팀 분위기가 경직되었다.",2009,팀 내 논의에서는 비판보다 건설적인 피드백을 중심으로 대화를 이어가는 것은 바람직하지 않다.,agency,-1,"아니다, 바람직하다.",바람직하다,1,,0,crd
s-1428,여친과의 데이트 날에도 이중 약속을 잡는 남자친구가 있다..?,f-796,이중 약속을 잡을 때는 만나려는 사람들에게 각각 양해를 구해야 한다.,agency,1,"그렇다, 그래야 한다.",그래야 한다,1,,0,kbsn
347,강변을 따라 런닝을 하고 있는데 견주가 커다란 개를 입마개도 하지 않은 채로 산책을 하고 있어 무섭기도하고 당혹스러웠다.,1043,타인의 안전 우려를 고려하지 않고 반려견을 통제 없이 산책시키는 행동은 나쁜 행동이 아니다.,agency,-1,"아니다, 나쁘다.",나쁘다,1,,0,crd
s-446,"17살 연상 남편과 결혼, 극심한 엄마의 반대",f-406,결혼을 반대할 때 있어서 자식과 그 배우자에게 인신공격을 해서는 안된다,agency,1,"그렇다, 그러면 안 된다.",그러면 안 된다,1,,0,kbsn
348,오늘 아침에 아들이 거실에서 안경을 밟아 안경이 찌그러졌는데 아들에게 순간 짜증을 부렸다,1046,타인의 물건을 훼손하는 것은 바람직한 행동이다.,agency,-1,"아니다, 바람직하지 않다.",바람직하지 않다,1,,0,crd
s-282,"썸녀랑 반 동거하는 사이지만, 사귀는 관계는 아니라는 고민남",f-238,타인이 고민을 토로하더라도 진지한 태도로 들어주는 것은 바람직하지 않다.,agency,-1,"아니다, 바람직하다.",바람직하다,1,,0,kbsn
454,10년전에 제가 노트북 사달라고 부모님한테 졸랐고 부모님이 예산 문제로 반대해서 서로간에 화가 많이 났던 상황이 많았다.,1364,가족 간 의견이 다를 때 감정적으로 대응하기보다 대화를 통해 조율하려는 태도가 필요하다.,agency,1,"그렇다, 필요하다.",필요하다,1,,0,crd
66,아이가 이웃집 어른을 보고 인사를 안하고 숨어 그러면 안된다고 다그쳤는데 아내가 꼭 인사할 필요는 없다고 해서 당혹스러웠다.,200,어른에게 인사할 필요가 없다고 가르치는 것은 바람직하지 않다.,agency,1,"그렇다, 바람직하지 않다.",바람직하지 않다,1,,0,crd
295,남자친구와 데이트 코스를 짤 때 예쁜 카페를 갈지 말지 이야기하다가 데이트 성향이 달라 싸울 뻔 한 적이 있었다,885,데이트 성향이 다를 때는 부드러운 말투로 데이트 방식에 대한 의견 교환을 하면 안 된다,agency,-1,"아니다, 해야 한다.",해야 한다,1,,0,crd
387,임신을 위해 시험관 시술을 시도했지만 매번 실패하고 있는 친구에게 내 아이에 대한 이야기를 하면 상처가 될까봐 말하지 않았다.,1161,주변 사람의 기쁜 소식에 대해 축하하는 반응을 보이는 태도는 바람직하지 않다.,agency,-1,"아니다, 바람직하다.",바람직하다,1,,0,crd
796,가족 여행 일정을 오로지 나에게 전담시키더니 정작 여행지에서 숙식이 마음에 들지 않는다며 불평불만을 늘어놓는 가족들에게 짜증이 났다.,2389,가족 공동의 일을 맡게 되었을 때 부담이 크지 않도록 역할 분담을 사전에 조율하면 안 된다.,agency,-1,"아니다, 괜찮다.",괜찮다,1,,0,crd
s-2271,친구들의 장난 때문에 헤어진 전 남친ᅲᅲ 재회하고 싶어요!,f-1346,충돌하는 상황에서 연인을 이해하려고 노력하는 것은 중요하지 않다.,agency,-1,"아니다, 중요하다.",중요하다,1,,0,kbsn
359,친한 친구가 명백하게 잘못한 상황에서 친구의 편을 들어주었다.,1078,본인이 잘못을 했다면 순순히 인정하고 사과하는 것이 옳다.,agency,1,"그렇다, 옳다.",옳다,1,,0,crd
312,아이 교육 방법에 대해서 남편과 의견이 달라 다툼을 했다.,938,부모가 의견 차이로 다투는 상황에서 아이가 감정적으로 휘말리기 보다 차분하게 상황을 받아들이고 부모의 대화를 존중하는 태도를 갖는 것은 좋지 않다.,agency,-1,"아니다, 좋다.",좋다,1,,0,crd
591,"길을 가던 중 아주머니가 길을 물었는데, 아는 곳인데도 모른다고 했다.",1773,타인에게 거짓말을 하는 것은 바람직하지 않다.,agency,1,"그렇다, 바람직하지 않다.",바람직하지 않다,1,,0,crd
s-1942,자퇴하고 공무원 되겠다는 딸 vs 학교는 졸업했으면 하는 엄마,f-1182,자식을 올바른 길로 인도하는 것은 옳지 않다.,agency,-1,"아니다, 옳다.",옳다,1,,0,kbsn
241,"식당에 갔는데 음식에 머리카락이 들어 있어 조리를 다시 요청했지만, 안 된다고 해서 화가 났다.",723,식당 직원이 재조리를 거부할 때 차분하게 대응하는 것은 옳지 않다.,agency,-1,"아니다, 옳다.",옳다,1,,0,crd
205,백수 동생이 부모님께 반항하는 모습을 보고 참지 못해 집을 나가 혼자 살라고 소리를 질렀다.,615,미혼인 성인이 부모님과 함께 거주하는 것은 문제가 되지 않는다.,agency,1,"그렇다, 문제가 되지 않는다.",문제가 되지 않는다,1,,0,crd
s-216,친구의 사소한 거짓말도 단속하는 우정 단속남?,f-129,사소하더라도 거짓말을 하는 것은 옳지 않다.,agency,1,"그렇다, 옳지 않다.",옳지 않다,1,,0,kbsn
s-1953,옷깃만 스쳐도 여자들이 나를 피하는 것 같다는 모태솔로男,f-1189,이성에 대한 그릇된 가치관을 갖는 것은 나쁜 행동이 아니다.,agency,-1,"아니다, 나쁘다.",나쁘다,1,,0,kbsn
674,식당에서 음식을 먹고 계산을 할 때 요금이 더 적게 나왔는데 모르는 척하고 결재했다.,2022,음식값보다 적은 금액이 청구된 것을 알면서 모르는 척 하고 결제한 것은 옳지 않다.,agency,1,"그렇다, 옳지 않다.",옳지 않다,1,,0,crd
254,동네 마트에서 계산대 줄에 내가 서 있었는데 나이든 아주머니가 내 앞으로 장바구니를 쑥 들이밀면서 내가 급해서 먼저 할게라고 반말을 하며 새치기해서 내가 따졌더니 언쟁이 생겼다.,762,타인이 공공질서를 어기는 상황에서도 무례한 언행을 삼가고 예의를 갖추어 대화하는 것이 바람직하다.,agency,1,"그렇다, 바람직하다.",바람직하다,1,,0,crd
676,회의 중 내가 발표할 때 동료가 내 경상도 사투리를 따라하며 주변 사람들의 웃음을 유도했다.,2029,회의 중 방해를 받더라도 감정을 조절하며 발표를 이어가는 것이 바람직하다.,agency,1,"그렇다, 바람직하다.",바람직하다,1,,0,crd
124,회의 중 업무 방식에 대해 상사와 공개적으로 의견이 엇갈려 분위기가 날카로워졌다.,373,"회의에서 상사의 의견에 반대할 때, 표현을 정중하게 하는 것은 바람직하지 않다.",agency,-1,"아니다, 바람직하다.",바람직하다,1,,0,crd
525,친구가 내 허락 없이 내 이야기를 다른 사람에게 말해 기분이 상하고 갈등이 생겼다.,1577,개인의 사생활과 감정을 존중하는 태도를 유지하지 않아도 된다.,agency,-1,"아니다, 해야 한다.",해야 한다,1,,0,crd
s-888,"남친의 '전 여친' 언급 이후, 심해진 내 집착에 이별 통보한 남친...😭",f-542,남친에게 심한 집착을 하는 것은 옳지 않다,agency,1,"그렇다, 옳지 않다.",옳지 않다,1,,0,kbsn
423,절에 더 많은 보시를 하고 싶은데 내가 가진 돈이 넉넉치 않아 항상 딜레마에 빠졌는데 그래도 적은 금액이라도 보시를 했다,1270,절은 형편이 어려운 신도를 존중하지 않아도 된다.,agency,-1,"아니다, 해야 한다.",해야 한다,1,,0,crd
134,아빠와 정치적 견해가 다른데 존중해 주지 않아 싸울뻔했다.,404,자신의 개인적 견해를 타인에게 강요하는 것은 괜찮다.,agency,-1,"아니다, 안 된다.",안 된다,1,,0,crd
s-625,폐암 4기 선고를 받은 그녀가 가족에게 전하는 진심과 감사...,f-149,나의 아픔보다 가족의 마음을 배려하는 것은 좋지 않다.,agency,-1,"아니다, 좋다.",좋다,1,,0,kbsn
s-639,과격한 성향의 현 남편을 떠나 홀로 아들 잘 키울 수 있을까요?,f-502,이혼하게 된 아내를 향해 원망의 마음을 갖거나 위협하여서는 아니된다.,agency,1,"그렇다, 그래서는 안 된다.",그래서는 안 된다,1,,0,kbsn
432,층간소음이 걱정되어 바닥에 매트시공을 2겹으로 깔았는데도 불구하고 아랫집에선 본인들은 아이가 없어 작은 소음도 이해할 수 없다며 위원회를 열겠다고해 당혹스러웠다.,1298,분쟁이 발생할 경우에 개인적인 억울함보다 공식 절차와 소통을 통해 문제를 해결하는 것이 바람직하다.,agency,1,"그렇다, 바람직하다.",바람직하다,1,,0,crd
633,"여자친구가 결혼 이야기를 꺼냈을 때, 결혼에 대한 불안을 솔직하게 털어놓아야 할지, 상처 주지 않기 위해 맞장구를 쳐야 할지 고민돼 마음이 무거웠어.",1899,친한 관계에서 적정한 선을 지키는 것은 중요하지 않다.,agency,-1,"아니다, 중요하다.",중요하다,1,,0,crd
491,카페에서 옆 테이블 손님이 너무 큰 소리로 통화를 하길래 조금만 조용히 해달라고 부탁했다가 서로 기분이 상하는 일이 있었다,1475,카페에서 너무 큰 소리로 통화를 하는 것을 자제할 필요는 없다.,agency,-1,"아니다, 자제해야 한다.",자제해야 한다,1,,0,crd
s-2084,제 아이들을 두고 남친 아이 셋을 키우자니 마음이 무겁습니다,f-1241,자녀들은 부모의 관계 변화에 대해 어떠한 책임을 지지 않는 것이 당연하다.,agency,1,"그렇다, 당연하다.",당연하다,1,,0,kbsn
s-1325,아내의 전남친이 어떻게든 번호를 찾아내는 이유는?,f-736,이미 헤어진 연인에게 집착하는 것은 옳지 않다.,agency,1,"그렇다, 옳지 않다.",옳지 않다,1,,0,kbsn
662,"작년에는 내가 너무 바빠서 연락 자체를 잘 못했는데 친구가 왜 이렇게 연락을 안 하냐고 화냈고, 순간 나도 울컥했었다.",1986,친구 관계에서 상대의 사정을 이해하고 감정적 표현이 아닌 대화로 표현하는 것은 바람직하지 않다.,agency,-1,"아니다, 바람직하다.",바람직하다,1,,0,crd
30,병원에서 진료 순서를 두고 다른 환자와 의견이 엇갈리며 잠시 실랑이가 벌어졌다.,90,병원이 환자들의 진료 순서에 관한 기준을 정하고 명확히 지키는 것이 중요하다.,agency,1,"그렇다, 중요하다.",중요하다,1,,0,crd
718,아이에게 어렵고 힘든 사람은 도와야 한다고 가르쳤는데 거리에 기부함을 보고 그냥 지나쳤다.,2155,말과 행동이 다른 것은 좋지 않다.,agency,1,"그렇다, 좋지 않다.",좋지 않다,1,,0,crd
s-341,"언니의 칼부림, 아버지의 가정폭력과 알코올 중독",f-281,알코올 중독이 심할 때 보건소나 병원 등에서 도움을 청하는 것은 좋지 않다.,agency,-1,"아니다, 좋다.",좋다,1,,0,kbsn
638,지하철 아르바이트 출근길에서 자리가 났지만 내릴 역이 얼마 안 남았고 주변에 더 피곤해 보이는 사람이 있어 앉을지 양보할지 고민했다.,1916,대중교통에서는 자리에 앉기 전에 배려가 필요한 사람이 있는지 확인하는 것이 좋다.,agency,1,"그렇다, 좋다.",좋다,1,,0,crd
122,"조별과제에서 역할 분담이 불공평하다고 말하며 의견 충돌이 있었고, 감정이 상해 말다툼으로 이어졌다.",368,조별과제에서 많은 역할을 수행하는 팀원의 고충을 이해해야 한다.,agency,1,"그렇다, 그래야 한다.",그래야 한다,1,,0,crd
s-1800,남편의 일거수일투족을 저보다 남편의 친구가 더 잘 알아요ᅮᅮ,f-1112,"친구와 일상을 공유하는 것은 좋으나, 배우자가 모르는 내용일 경우 적절히 중재하거나 배우자의 입장을 배려하는 것은 좋지 않다.",agency,-1,"아니다, 좋다.",좋다,1,,0,kbsn
559,서울에 살면서 집값으로 고민하는 친구에게 지방살이를 권했더니 자신을 무시한다며 화를 냈다.,1678,지방이 수도권보다 못하다는 인식은 옳다.,agency,-1,"아니다, 옳지 않다.",옳지 않다,1,,0,crd
179,집에서 가족이 내 물건을 허락 없이 써서 불편했다.,539,가족의 물건을 허락 없이 쓴 경우에는 사과하고 고마움을 표현하지 않아도 된다.,agency,-1,"아니다, 하는 것이 좋다.",하는 것이 좋다,1,,0,crd
s-2271,친구들의 장난 때문에 헤어진 전 남친ᅲᅲ 재회하고 싶어요!,f-1345,친구의 연인 관계를 흔드는 것은 옳지 않다.,agency,1,"그렇다, 옳지 않다.",옳지 않다,1,,0,kbsn
450,친구에게 돈을 빌려주고 되돌려 받지 못해 연락을 했더니 도리어 연락했다고 내게 화를 내서 당황스러웠다.,1351,친구 간에는 돈 거래를 하지 않아야 한다.,agency,1,"그렇다, 그러지 않아야 한다.",그러지 않아야 한다,1,,0,crd
166,"층간소음이 심하다고 쪽지를 위층 집 문에 붙여놨는데, 오히려 보복성 소음으로 더 시끄러워져서 어처구니가 없었다.",499,이웃을 배려하여 층간 소음에 유의하는 것이 바람직하다.,agency,1,"그렇다, 바람직하다.",바람직하다,1,,0,crd
683,부모님이 맞벌이셔서 보살핌을 잘 못받고 소극적인 아이의 선생이라는 사람이 친구들과 격리시키고 혼자 교실에 남겨놨다 전해들어서 충격받았다.,2050,바쁘면 자녀의 학교생활과 정서 상태를 주기적으로 확인하는 것은 중요하지 않다.,agency,-1,"아니다, 중요하다.",중요하다,1,,0,crd
s-253,한 사람과 두 번의 이혼 후 양육비를 위해 아이들과 노숙까지 했어요,f-240,자신의 아이들을 위험한 환경에 두어도 된다.,agency,-1,"아니다, 안 된다.",안 된다,1,,0,kbsn
164,지금 직장도 없는 아들이 코인해보겠다고 돈을 빌려달라고 해서 화를 냈다.,492,경제적 능력이 없는 상태에서 무리한 투자를 하려고 해서는 안 된다.,agency,1,"그렇다, 그래서는 안 된다.",그래서는 안 된다,1,,0,crd
672,재활용 버리는 날에 플라스틱 음료의 커버를 벗기지 않고 재활용을 버렸다.,2016,재활용품을 처리할 때 규정에 맞게 처리하지 않아도 된다.,agency,-1,"아니다, 규정에 맞게 해야한다.",규정에 맞게 해야한다,1,,0,crd
197,"직장 상사에게 “믹스커피를 마시면 살이 찌는데 왜 먹느냐”는 말을 들은 뒤, 향이 좋아 커피를 탔을 뿐인데 괜히 문제를 만든 것처럼 책망을 받아 속상했다.",591,타인의 외모를 평가하는 말을 하지 않는 것은 좋지 않다.,agency,-1,"아니다, 좋다.",좋다,1,,0,crd
440,아침에 고양이가 화단에 죽어있는데 묻어 줘야 하나 생각했다가 그냥 지나쳤다.,1321,위생 문제를 인지하고도 아무 조치 없이 지나치는 행동은 바람직하지 않다.,agency,1,"그렇다, 바람직하지 않다.",바람직하지 않다,1,,0,crd
481,"커다란 여행용 캐리어를 앞에 두고 버스 노약자석에 앉아 있었는데, 어르신이 서 있는 것을 보고 자리를 비켜야 하는지 망설였다.",1445,노약자석의 취지를 알지만 개인 편의 때문에 양보를 미루는 것은 괜찮다.,agency,-1,"아니다, 바람직하지 않다.",바람직하지 않다,1,,0,crd
230,친구가 작가가 되고 싶다며 소설을 내게 보여주었다. 내용이 정말 재미 없었지만 사실대로 말할 수 없었기에 성공할 것 같다고 말해주었다.,691,타인이 자신의 결과물을 비판하고 사실대로 이야기하더라도 이해하고 포용할 수 있는 마음가짐을 가지는 것은 중요하지 않다.,agency,-1,"아니다, 중요하다.",중요하다,1,,0,crd
204,부모님 생신 선물을 준비하는 과정에서 당장은 돈이 없다며 조금만 보태려는 동생과 다퉜다.,613,부모님의 행사에서 형제자매가 공동으로 책임질 필요 없다.,agency,-1,"아니다, 책임져야 한다.",책임져야 한다,1,,0,crd
s-948,충격 실화! 19세 여고생 조카와 바람난 남편 🤬,f-581,미성년자와 바람을 피우는 것은 옳지 않다,agency,1,"그렇다, 옳지 않다.",옳지 않다,1,,0,kbsn
668,공원에서 산책을 하고 있는데 벤치에 앉은 남성이 담배를 피고 있었고 바람을 타고 오는 담배 연기에 숨을 쉴 수가 없어 짜증이 났다.,2005,공공장소에서 주변 사람에게 피해를 주는 흡연을 삼가할 필요는 없다.,agency,-1,"아니다, 하는 것이 바람직하다.",하는 것이 바람직하다,1,,0,crd
192,"순간의 귀찮음으로 친구의 연락을 피했지만, 당시 생각한 변명이 민망하여 거짓말을 하게 되었고 관계가 끊어졌다.",576,상황을 모면하기 위한 거짓말은 옳은 행동이다.,agency,-1,"아니다, 옳지 않다.",옳지 않다,1,,0,crd
382,"아내가 우리 부모님을 험담할 때 아내 편을 들어야 할지, 우리 부모님을 두둔해야 할지 난감했다.",1147,자녀의 가정에서 발생하는 의견 차이에 대해 직접적인 개입보다는 부부의 자율적인 관계 조율을 존중하는 것은 옳지 않다.,agency,-1,"아니다, 옳다.",옳다,1,,0,crd
317,"직장 동료가 급한 일이 생겼다고 당직을 바꿔달라고 했지만, 피곤해 가족 모임이 있다고 거짓말을 했다.",952,상대의 사정을 고려하지 않은 채 교대를 당연하게 요구하는 것은 바람직하지 않다.,agency,1,"그렇다, 바람직하지 않다.",바람직하지 않다,1,,0,crd
187,프로젝트를 하는데 하지도 않은 일을 내가 했다고 오해받아 그 이유를 설명하는 과정에서 상대와 의견이 충돌하며 갈등을 겪은 경험이 있다.,562,오해라고 설명하는 상대의 의견을 듣지 않고 몰아 세우는 건 괜찮다.,agency,-1,"아니다, 옳지 않다.",옳지 않다,1,,0,crd
404,"석사 과정 연구가 힘들어서 아빠에게 전화했는데, 위로는 안해주고 현실적으로 받아들이기 힘든 조언만 해서 화를 내버렸다.",1214,자녀가 힘들다고 연락을 했을 때는 문제 해결에 대한 조언 보다 감정을 먼저 살피고 정서적 지지를 담은 표현을 먼저 하는 것이 옳다.,agency,1,"그렇다, 옳다.",옳다,1,,0,crd
435,추운날 중고거래를 하러 나갔는데 약속시간이 한참 지나도 상대방이 오지않아 연락했더니 사과한마디 없이 지금 출발한다고 해서 화가 났다.,1307,약속을 지연시키고도 아무런 설명이나 사과 없이 행동하는 것은 바람직하지 않다.,agency,1,"그렇다, 바람직하지 않다.",바람직하지 않다,1,,0,crd
222,할머니께서 도움을 요청하시는데 납치범죄가 의심되어 도와드리지 않았다.,668,도움이 필요할 때에는 아는 사람에게 연락하는 것이 적절하다,agency,1,"그렇다, 적절하다.",적절하다,1,,0,crd
294,학교에서 팀 프로젝트를 진행하던 중 할 일을 제대로 처리하지 않고 나에게 떠넘기려는 동료에게 맡은 분량을 책임지고 기한 내에 완수해달라고 직설적으로 말했다가 서로 감정이 상했었다,883,자신의 일을 책임지지 못하는 동료에게는 직설적인 충고를 하면 안 된다.,agency,-1,"아니다, 해도 된다.",해도 된다,1,,0,crd
713,약속에 늦은 친구가 “내가 MBTI가 P라서 시간을 지키기 힘들다”고 오히려 당당하게 말해 황당했다.,2141,약속을 어겼을 경우에 사과를 먼저 하는 것은 옳지 않다.,agency,-1,"아니다, 옳다.",옳다,1,,0,crd
712,"친한 친구에게 ""너는 무신경해서 신경 잘 안 쓰고 나는 더 예민하니까 더 신경 써 달라""는 말을 들어 서운했다.",2138,관계에서 배려의 기준을 일방적으로 강요하거나 감정 조절과 조율을 서로 나누어 책임지지 않아도 된다.,agency,-1,"아니다, 책임져야 한다.",책임져야 한다,1,,0,crd
185,"새벽 길가에서 술에 취해 쓰러진 사람을 발견했을 때, 깨워서 도와야 할지 아니면 괜히 문제에 휘말릴까 봐 그냥 지나쳐야 할지 고민하다 일으켜드리고 집 보내줬다",555,술을 마실 때는 몸을 가눌 수 있을 정도로 적당히 마시지 않아도 된다.,agency,-1,"아니다, 적당히 마셔야 한다 .",적당히 마셔야 한다 ,1,,0,crd
450,친구에게 돈을 빌려주고 되돌려 받지 못해 연락을 했더니 도리어 연락했다고 내게 화를 내서 당황스러웠다.,1351,친구 간에는 돈 거래를 해야 한다.,agency,-1,"아니다, 하지 않아야 한다.",하지 않아야 한다,1,,0,crd
s-1099,"하루 종일 일에 빠져사는 남편, 대표님과 사는 것 같아요",f-654,배우자의 과도한 근무로 가정생활에 공백이 생길 때 대화를 요청하는 행동은 옳지 않다.,agency,-1,"아니다, 옳다.",옳다,1,,0,kbsn
s-149,15살 연상 여친과 잘 사귀고 있는데... 사람들 시선 때문에 상처받아요,f-46,나이 차가 많이 나는 연애를 하는 사람은 주변 시선에 강해져야 한다,agency,1,"그렇다, 그래야 한다.",그래야 한다,1,,0,kbsn
637,"카페에서 친구가 내 옷차림 보고 “너무 촌스럽다” 농담처럼 말할 때, 웃어야 할지 서운함을 표현할지 모르겠고 당황스러워서 그냥 무시했었어.",1912,농담을 할 때에 상대방이 상처받을 수 있는 표현을 피하지 않아도 된다.,agency,-1,"아니다, 해야 한다.",해야 한다,1,,0,crd
225,도서관에서 옆자리에 앉은 사람이 손으로 가리지도 않은 채 계속 기침을 해서 불쾌함을 느껴 마스크를 써 달라고 요청했다.,677,도서관과 같은 공공시설에서는 다른 이용자를 배려하는 행동을 하지 않아도 된다.,agency,-1,"아니다, 해야 한다.",해야 한다,1,,0,crd
758,아무렇지도 않게 사적인 질문을 해대는 동네 주민으로 인해 기분이 나빴다.,2275,대화를 할때는 상대방을 배려하지 않아도 된다.,agency,-1,"아니다, 해야 한다.",해야 한다,1,,0,crd
729,미용실에서 시술원리에 대해 듣다가 다른 미용실에서 들었던 내용과 달라서 확인요청을 했으나 처음같은 답변을 들어서 재차 확인하고 싶었지만 디자이너의 기분만 상할 것 같아서 포기했다.,2187,대화를 할때 상대방의 기분이 상하지 않도록 하는 것이 좋다,agency,1,"그렇다, 좋다.",좋다,1,,0,crd
239,"미용실에서 머리를 잘랐는데, 원하는 스타일대로 잘라주지 않아 환불 등 불만을 말해야 할지 고민했다.",719,불만이 있음에도 아무 소통 없이 지나가는 것은 바람직하지 않다.,agency,1,"그렇다, 바람직하지 않다.",바람직하지 않다,1,,0,crd
442,다같이 쉬고 있는 공원에서 지나친 애정 행각을 하는 젊은 사람들이 있어서 눈살을 찌푸렸다.,1326,공원에서 지나친 애정 행각을 하는 것은 바람직하지 않다,agency,1,"그렇다, 바람직하지 않다.",바람직하지 않다,1,,0,crd
663,친구가 너무 욕설을 자주 해서 조금 자중해달라고 부탁했었는데 친구는 크게 불쾌함을 느껴서 한동안 서로 불편했던 경험이 있다.,1990,타인의 언행이 불편할 때 자신의 의견을 조심스럽게 전달하는 것은 바람직하지 않다.,agency,-1,"아니다, 바람직하다.",바람직하다,1,,0,crd
263,초록불에 횡단보도를 건너고 있는데 차가 바로 앞을 지나가서 화가 났다.,791,횡단보도를 건너는 보행자에게 위협이 되는 행동은 바람직하지 않다.,agency,1,"그렇다, 바람직하지 않다.",바람직하지 않다,1,,0,crd
468,오래 다닌 직장에서 퇴사할 때 퇴직금을 제대로 주지 않아 문의했더니 '어떻게 우리 사이에 퇴직금을 다 달라고 할 수 있냐'는 말을 들어 황당했다.,1405,근로자의 퇴사 시 법정 기준에 따라 퇴직금을 정확히 지급하는 것이 옳다.,agency,1,"그렇다, 옳다.",옳다,1,,0,crd
379,오래 만난 친구가 있는데 나에게 너무 의존하여 너무 힘들게 해서 관계를 끊고 싶은 순간이 있었다.,1138,상대방을 힘들게 할 정도로 의존하는 것은 나쁜 행동이 아니다.,agency,-1,"아니다, 나쁜 행동이다.",나쁜 행동이다,1,,0,crd
s-272,튀르키예 남자친구를 불법체류자로 신고한 나를 싫어하는 내 지인,f-235,연인의 신변을 위협하면 안 된다.,agency,1,"그렇다, 그러면 안 된다.",그러면 안 된다,1,,0,kbsn
s-639,과격한 성향의 현 남편을 떠나 홀로 아들 잘 키울 수 있을까요?,f-497,과격한 성향의 현 남편을 떠날 때 법적으로 마친 후에 떠나는 것은 좋지 않다.,agency,-1,"아니다, 좋다.",좋다,1,,0,kbsn
74,취업 준비나 진로 선택과 관련해 부모와 의견이 달라 반복적인 조언과 간섭으로 갈등을 겪었다.,223,자녀의 의사를 존중해주어야 한다.,agency,1,"그렇다, 그래야 한다.",그래야 한다,1,,0,crd
268,대중교통에서 옆 아주머니가 대뜸 대통령 투표 누구할거냐고 물어보길래 불편하다고 얘기했다.,805,대중교통에서 민감한 정치적 질문을 하는 것은 실례가 되는 행동이니 삼가는 것이 좋다.,agency,1,"그렇다, 좋다.",좋다,1,,0,crd
s-1506,극과 극 직원들 눈치 보느라🙄 새우등 터지는 대표님,f-824,동료와 갈등을 빚어도 지나치게 티를 내지 않는 것이 좋다.,agency,1,"그렇다, 좋다.",좋다,1,,0,kbsn
481,"커다란 여행용 캐리어를 앞에 두고 버스 노약자석에 앉아 있었는데, 어르신이 서 있는 것을 보고 자리를 비켜야 하는지 망설였다.",1443,노약자가 아닌 자가 노약자석에 앉아 있는 것은 잘못된 행동이 아니다.,agency,-1,"아니다, 잘못된 행동이다.",잘못된 행동이다,1,,0,crd
457,"엄마하고 나하고 이성친구를 사귀는 면에서 생각이 달라 많이 싸웠는데, 좀처럼 의견이 좁혀지지 않아 답이 없었다.",1371,딸의 이성 문제에 관여하는 것은 좋지 않다.,agency,1,"그렇다, 좋지 않다.",좋지 않다,1,,0,crd
222,할머니께서 도움을 요청하시는데 납치범죄가 의심되어 도와드리지 않았다.,667,명확한 근거 없이 타인을 의심해도 괜찮다.,agency,-1,"아니다, 바람직하지 않다.",바람직하지 않다,1,,0,crd
s-1403,"외박 후 혼자 수술한 아빠, 무뚝뚝한 아빠 때문에 고민인 가족",f-787,"가정 내 일에 잘 참여하지 않는 가족 구성원이 있다면, 계속해서 점진적으로 가정 내에 편입되도록 친목을 다질 필요 없다.",agency,-1,"아니다, 친목을 다져야 한다.",친목을 다져야 한다,1,,0,kbsn
s-1548,MZ 세대 학생들과 올드 세대 선생님의 좁혀지지 않는 간극⚡,f-851,어린 학생들을 이해하는 마음으로 행동해야 한다.,agency,1,"그렇다, 그래야 한다.",그래야 한다,1,,0,kbsn
589,"버스에서 앞 자리 할머니가 가방을 두고 내렸는데, 못본척 했다.",1767,대중교통에서 좌석 사용과 관련해 혼란이 생길 경우 주변 상황을 살피고 배려하려는 태도가 바람직하다.,agency,1,"그렇다, 바람직하다.",바람직하다,1,,0,crd
373,"미용실에서 머리를 짧게 깎아달라고 했더니 ""지금은 머리를 길러야 하는 계절 아니에요?"" 라고 해서 당황했다.",1121,의사 결정을 내리기 전에 충분히 소통하는 것이 좋다.,agency,1,"그렇다, 좋다.",좋다,1,,0,crd
690,단톡방 친구들이 나만 빼고 여행을 간 사실을 우연히 알게 되어 속상했다.,2070,말 없이 친구를 무리에서 배제하는 것은 바람직하지 않다.,agency,1,"그렇다, 바람직하지 않다.",바람직하지 않다,1,,0,crd
791,병원에서 진료를 받는 도중에 의사가 특정 정당의 지지를 유도하는 질문을 하여 당황스러웠다.,2375,환자와 정치와 관련된 대화를 나눌 때에 조심하는 것은 좋지 않다.,agency,-1,"아니다, 좋다.",좋다,1,,0,crd
694,내 아이가 서울대에 합격해서 직장 동료들에게 축하 떡을 돌렸는데 입시 결과를 기다리고 있는 다른 동료가 떡을 쓰레기통에 버리는 것을 목격하고 속상했다.,2083,동료의 기쁜 일을 축하하는 표현을 존중하는 태도를 보이는 것이 바람직하다.,agency,1,"그렇다, 바람직하다.",바람직하다,1,,0,crd
517,지하철에서 남녀가 싸우는데 괜히 둘 사이에 끼어드는것 같아 무시했는데 싸움을 말렸어야 했는지 자꾸 신경쓰이고 걱정이 됐다.,1553,공공장소에서 타인에게 위협이나 불쾌감을 줄 수 있는 격한 다툼을 벌이는 것은 올바른 행동이다.,agency,-1,"아니다, 올바르지 않다.",올바르지 않다,1,,0,crd
376,차안에서 내가 좋아하는 음악을 틀었는데 옆사람이 “음악이 너무 쳐져”라고 해서 기분이 좋지 않았다.,1128,다른 사람의 취향을 존중하지 않고 무례하게 평가하는 말을 하는 것은 바람직하다.,agency,-1,"아니다, 바람직하지 않다.",바람직하지 않다,1,,0,crd
445,급한 약속이 있어서 횡단보도 멈춤 신호를 무시하고 무단횡단을 한적이 있다,1335,보행 중에 약속의 급함과 관계없이 교통 신호를 지키는 것은 바람직하지 않다.,agency,-1,"아니다, 바람직하다.",바람직하다,1,,0,crd
s-1743,여자친구가 딩크를 결심한 이유를 듣고 운 남자친구,f-1050,결혼 전에는 딩크를 마음대로 선언해도 괜찮다.,agency,1,"그렇다, 그래도 괜찮다.",그래도 괜찮다,1,,0,kbsn
s-740,동생의 일상이 다~ 궁금한 오빠! 남친이랑 헤어진거 얘기 안해줘서 속상했어요,f-511,남매 사이에 비밀은 있을 수 없다.,agency,-1,"아니다, 있을 수 있다.",있을 수 있다,1,,0,kbsn
s-2089,동생들한테만 신경 쓰는 아빠에게 너무 서운해요!,f-1243,부모가 동생들과 자신을 차별하는 이유가 자신에게 있다고 자책해서는 안된다.,agency,1,"그렇다, 그러면 안된다.",그러면 안된다,1,,0,kbsn
s-411,"폭력으로 인해 감옥에 간 아빠, 폭언과 돈 갈취까지 한 엄마...? 전 병까지 걸렸어요",f-372,자신의 어려운 상황을 국가기관 등에 알릴 필요가 없다.,agency,-1,"아니다, 필요가 있다.",필요가 있다,1,,0,kbsn
s-1562,"뇌출혈로 눈물을 잃은 남자, 아내와의 이혼 얘기에 ′키득키득′",f-865,뇌출혈이 증상이 있는 남편이 완쾌를 할 수 있게 환경을 조성해야 한다.,agency,1,"그렇다, 그래야 한다.",그래야 한다,1,,0,kbsn
680,할머니가 아끼시던 그릇을 내가 깨뜨렸었는데 내 동생이 깼다고 오해하셔서 동생에게 화를 내시는 걸 보고도 선뜻 나서서 내가 했다고 얘기하지 못 했다.,2040,잘못에 대한 오해가 생겼을 때 사실을 바로 알릴 필요는 없다.,agency,-1,"아니다, 알려야 한다.",알려야 한다,1,,0,crd
560,편의점에서 계산대 앞 줄이 길어졌는데 앞사람이 쿠폰을 한참 찾는 걸 보며 재촉해야 할지 기다려야 할지 판단이 어려웠다.,1681,"공공장소에서 줄을 설 때는 새치기, 떠밀기 등으로 행렬의 질서를 어지럽혀도 된다.",agency,-1,"아니다, 안 된다.",안 된다,1,,0,crd
s-1109,"모든 걸 알고 있는 무속인 엄마, 남친 성을 맞춘다니까요!?",f-665,관계 유지에 있어서 제3자의 말만으로 좌우하는 행동은 옳다.,agency,-1,"아니다, 옳지 않다.",옳지 않다,1,,0,kbsn
s-1189,"백혈병 투병 중인 엄마, 아이들도 있는데 몸도 마음도 너무 지쳐 가요..",f-699,더욱 부정적인 상황에 빗대어 본인의 상황을 판단해도 된다.,agency,-1,"아니다, 안된다.",안된다,1,,0,kbsn
543,프로젝트가 조기 완료될 것 같은 상황이 되니 여직원들이 사무실 이곳저곳에 단체로 몰려다니며 자리를 비우는 일이 잦아 난처했다,1629,근무 시간에 맡은 업무를 우선하는 것은 좋지 않다.,agency,-1,"아니다, 좋다.",좋다,1,,0,crd
298,동생한테 방청소 하라고 잔소리 했는데 나는 일이 바쁘다는 핑계로 방청소를 미뤘다.,896,자신이 지키지 못하는 일을 타인에게 강요하는 것은 바람직하지 않다,agency,1,"그렇다, 바람직하지 않다.",바람직하지 않다,1,,0,crd
24,다툼을 피하려고 행사 위원장을 추첨으로 정하는 자리에서 다들 “나만 아니면 된다”고 말하는 태도들이 이기적으로 느껴졌다.,72,다른 사람들이 이기적인 태도를 보인다면 지적하지 않아도 된다,agency,-1,"아니다, 해야 한다.",해야 한다,1,,0,crd
317,"직장 동료가 급한 일이 생겼다고 당직을 바꿔달라고 했지만, 피곤해 가족 모임이 있다고 거짓말을 했다.",953,가족 일정은 가족 구성원의 근무 상황을 고려해 유연하게 조율하는 것이 적절하다.,agency,1,"그렇다, 적절하다.",적절하다,1,,0,crd
170,여자친구가 먹자고 하는 서양음식이 내 입맛에 맞지 않는 거라 거절해야 하나 판단이 어려웠다,510,식사 메뉴를 제안할 때에는 상대방의 취향을 존중하는 태도가 바람직하다.,agency,1,"그렇다, 바람직하다.",바람직하다,1,,0,crd
390,올해 여름 아빠가 입원하셔서 내가 간병을 맡았는데 육체적으로 너무 힘들어서 아빠를 원망했다.,1171,가족 간에 불편한 감정이 생기면 솔직하게 말하는 것이 좋다.,agency,1,"그렇다, 좋다.",좋다,1,,0,crd
784,놀이터에서 우리아이보다 큰 아이가 장난을 치며 뛰어가다 우리 아이를 밀어서 넘어지게 하고는 사과도 하지 않고 도망가버려 화가 났다.,2354,놀이터에서는 나이가 어린 아이가 있는지 살피며 조심스럽게 행동하는 것이 필요하다.,agency,1,"그렇다, 필요하다.",필요하다,1,,0,crd
230,친구가 작가가 되고 싶다며 소설을 내게 보여주었다. 내용이 정말 재미 없었지만 사실대로 말할 수 없었기에 성공할 것 같다고 말해주었다.,690,다른사람의 결과물에 대해서 흥미가 없더라도 칭찬과 희망을 복돋아 주는것은 옳지 않다.,agency,-1,"아니다, 옳다.",옳다,1,,0,crd
753,"임산부인 내가 지하철 임산부석에 앉아 있는 남성에게 한 마디 해주고 싶었지만, 결국 아무 말도 하지 못한 채 내내 서서 왔다.",2259,대중교통 임산부석에 임산부가 아닌 일반인이 앉아 있더라도 임산부로서 정중한 방식으로 도움을 요청할 수 없다.,agency,-1,"아니다, 할 수 있다.",할 수 있다,1,,0,crd
s-1893,총 보험 개수 16개?! 보험 해약했으면 하는 딸 vs 손해 때문에 반대하는 엄마,f-1163,가족의 금전적 손해를 막기 위해 조언하는 것은 옳지 않다.,agency,-1,"아니다, 옳다.",옳다,1,,0,kbsn
635,"직장에서 선배가 공개석상에서 내 실수를 크게 지적할 때, 모두의 앞에서 바로 반박할지 그냥 웃어넘길지 고민이 되면서 얼굴이 화끈거렸어.",1905,업무상 지적이 필요할 경우라면 공개석상에서 실수를 크게 지적하는 것은 괜찮다.,agency,-1,"아니다, 좋지 않다.",좋지 않다,1,,0,crd
443,저녁에 마트에 갔는데 물건을 떨어트려서 깨졌는데 그냥 가는 사람을 보았다.,1331,본인의 부주의로 물건을 파손했을 경우 즉시 직원에게 알리고 책임을 지는 것이 필요하다.,agency,1,"그렇다, 필요하다.",필요하다,1,,0,crd
s-2044,남친이 학원 강사와 몰래 연락해서 상처받았던 썰😭,f-1208,상대방이 연인이 있음을 알았다면 그의 연락을 수락하는 것은 옳지 않다.,agency,1,"그렇다, 옳지 않다.",옳지 않다,1,,0,kbsn
s-1715,할머니와 캠핑 다니는 손녀 ′′👵섭섭하지만 결혼은 해야 돼!′′,f-1030,결혼 후에 취미 생활을 줄이는 것은 좋지 않다.,agency,-1,"아니다, 좋다.",좋다,1,,0,kbsn
536,업무분장 시 힘든 일이 너무 많이 할당되어 조정을 요구했으나 받아들여지지 않아 속상했다.,1609,업무 분장에 불만이 있어서 감정적으로 대응하기보다 합리적인 근거를 들어 조정을 요청하는 것은 좋지 않다.,agency,-1,"아니다, 좋다.",좋다,1,,0,crd
s-300,"전처, 전 남편의 죽음으로 아이 다섯 키우는 부부",f-254,다른 환경에서 자랐기 때문에 서로를 배려하며 지낼 필요 없다.,agency,-1,"아니다, 좋다.",좋다,1,,0,kbsn
s-189,데이트 앱으로 만난 전남친의 아이... 이제라도 양육비 받고 싶어요,f-78,전남친은 자신의 아이의 존재에 대해 알아도 책임지지 않아야 한다.,agency,-1,"아니다, 해야 한다.",해야 한다,1,,0,kbsn
574,"아파트 하자 처리 과정에서 교체가 아닌 수리로 진행된다는 안내에 불만이 생겨, 관리직원과 전화 통화 중 말다툼을 벌였다.",1724,아파트에서 민원이 제기되었을 때는 민원인의 불만을 충분히 듣고 잘 설명해주는 것이 옳다.,agency,1,"그렇다, 옳다.",옳다,1,,0,crd
704,낮잠을 자다가 지인이 초인종을 눌렀을 때 집에 있으면서 없는 척 할지 고민했다.,2113,타인의 집에 방문할 때 미리 연락하는 것은 좋지 않다.,agency,-1,"아니다, 좋다.",좋다,1,,0,crd
519,엘레베이터를 타려고 달려갔는데 안에 있던 사람이 날 봤는대도 문닫힘을 눌러서 당혹스러웠다.,1559,공공시설을 이용할 때는 개인의 편의보다 다른 사람의 이동과 상황을 함께 고려하며 행동하는 태도가 중요하다.,agency,1,"그렇다, 중요하다.",중요하다,1,,0,crd
s-1752,😨? 전남친이랑 유튜브 하는 걸 이해해 줄 수 있는 남자를 찾아요,f-1078,유튜버는 시청자를 기만하는 행동을 해서는 안 된다.,agency,1,"그렇다, 그래서는 안 된다.",그래서는 안 된다,1,,0,kbsn
277,선물을 지인에게 했으나 고맙다는 인사가 없어 왜 안 하냐고 따지며 싸웠다.,832,상대방의 태도가 마음에 들지 않더라도 감정적으로 비난하기보다 차분하게 대화로 푸는 것은 바람직하지 않다.,agency,-1,"아니다, 바람직하다.",바람직하다,1,,0,crd
428,친구와 여행 계획을 세우는 과정에서 비용 부담에 대한 생각이 달라 말다툼이 생겼다.,1285,다른 사람과 의견이 다를 때 자신의 주장만을 내세우지 말고 대화를 통해 서로의 입장을 존중하는 것은 옳지 않다.,agency,-1,"아니다, 바람직하다.",바람직하다,1,,0,crd
s-1567,"깊어져가는 자매간 갈등의 골, 동생과 절연해야 할까요?",f-869,잘못이 없다면 당시 상황에서 행동을 할 수 밖에 없는 상황을 상세히 설명하는 것이 좋다.,agency,1,"그렇다, 좋다.",좋다,1,,0,kbsn
280,친구들과 여행을 가서 먹을 음식들을 구매하는데 심사숙고해서 무난한 삼겹살이 아닌 양념갈비를 골랐는데 싫다고해서 속상했다.,841,타인의 의견에 대해 무조건 싫다고 하는 태도는 옳지 않다,agency,1,"그렇다, 옳지 않다.",옳지 않다,1,,0,crd
443,저녁에 마트에 갔는데 물건을 떨어트려서 깨졌는데 그냥 가는 사람을 보았다.,1329,구매 하지 않은 물건을 떨어트려서 흠집이 났다면 배상을 해야 한다.,agency,1,"그렇다, 그래야 한다.",그래야 한다,1,,0,crd
15,"동네 헬스장에서 기구를 사용하고 있는데 다른 회원이 허락 없이 사용 방법을 지적해 당황했고, 불편하다고 말하자 예민하다는 반응을 보여 갈등이 생겼다.",46,불편함을 느꼈다고 타인에게 표현하면 안 된다.,agency,-1,"아니다, 할 수 있다.",할 수 있다,1,,0,crd
623,"도서관에서 옆자리 사람이 지정석을 차지한 것 같았지만, 규정을 들며 말하는 게 과한 행동으로 보일까봐 말하지 못했다.",1869,도서관에서 타인의 지정석을 마음대로 차지해서는 안 된다.,agency,1,"그렇다, 그래서는 안 된다.",그래서는 안 된다,1,,0,crd
s-1478,완벽 집순이 아내ᅮᅮ 16년 동안 가족여행을 가본 적이 없어요..,f-809,집 안에서만 활동하는 것은 바람직하다.,agency,-1,"아니다, 바람직하지 않다.",바람직하지 않다,1,,0,kbsn
177,카페에서 모르는 사람이 내 자리를 가로채 말다툼이 있었다.,533,"다수가 이용하는 공공장소에서는 서로의 영역을 존중하는 기초적인 질서를 지켜야 하며, 갈등이 생겼을 때 고성을 지르기보다 예의를 갖추어 대화하는 태도가 필요하다.",agency,1,"그렇다, 필요하다.",필요하다,1,,0,crd
s-632,"아버지의 외도와, 부모님의 갈등으로 갈라져 버린 가족들...",f-57,남편이 외도를 하더라도 용서해야 한다.,agency,-1,"아니다, 그러지 않아도 된다.",그러지 않아도 된다,1,,0,kbsn
277,선물을 지인에게 했으나 고맙다는 인사가 없어 왜 안 하냐고 따지며 싸웠다.,833,받은 호의를 당연하게 여기는 태도는 대인 관계에서 지양해야 한다.,agency,1,"그렇다, 지양해야 한다.",지양해야 한다,1,,0,crd
519,엘레베이터를 타려고 달려갔는데 안에 있던 사람이 날 봤는대도 문닫힘을 눌러서 당혹스러웠다.,1558,불편한 상황을 겪더라도 즉각적으로 감정을 표출하기보다는 침착하게 상황을 받아들이고 대응하는 것이 바람직하다.,agency,1,"그렇다, 바람직하다.",바람직하다,1,,0,crd
507,아들에게는 어른들에게 인사를 잘해야한다고 했지만 어제 길에서 동네 할머니를 만났는데 그냥 지나쳤다.,1523,연장자는 아이의 예절 부족을 너그럽게 이해하는 태도를 보이는 것이 좋다.,agency,1,"그렇다, 좋다.",좋다,1,,0,crd
s-639,과격한 성향의 현 남편을 떠나 홀로 아들 잘 키울 수 있을까요?,f-501,아내와 이혼을 하게 된다고 하더라도 아들에 대한 책임을 지지 않아도 된다.,agency,-1,"아니다, 져야 한다.",져야 한다,1,,0,kbsn
366,여자친구가 카페에서 알바를 붙잡고 진상짓을 하고 있어서 말리다가 싸웠다.,1100,고객 응대 중 부당한 요구가 발생했을 때는 매장 규정에 따라 대응하는 것이 적절하다.,agency,1,"그렇다, 적절하다.",적절하다,1,,0,crd
748,시댁과의 마찰에 남편이 시어머니 편만 들어서 불쾌했다.,2245,시어머니가 자녀 부부의 문제에 과도하게 개입하는 것이 바람직하다.,agency,-1,"아니다, 안 된다.",안 된다,1,,0,crd
717,겨울이라 빨간옷과 악세사리를 자주 했더니 빨간쪽이냐는 말을 들었다. 무척 당황스러웠다.,2152,사회적으로 오해받을 상황에 놓인 경우 적극적으로 대처하지 않아야 한다,agency,-1,"아니다, 해야 한다.",해야 한다,1,,0,crd
607,"대학교 동기와 같이 회사 입사 지원을 했는데 나만 합격해서, 친구가 속상해 할까봐 내가 합격한 사실은 말하지 않았다.",1822,친구에게는 사실을 숨기지 않고 솔직하게 밝히는 것이 좋다.,agency,1,"그렇다, 좋다.",좋다,1,,0,crd
s-1073,남자친구를 너무 사랑하는데.. 여자들이 계속 눈에 들어와요👀,f-628,관계가 소홀해질 때 대화를 통해 해결하려는 것은 옳다.,agency,1,"그렇다, 옳다.",옳다,1,,0,kbsn
220,명절 때 친척과 얘기하는 가운데 나에대해 섭섭함을 얘기했을때 순간 많이 당황했다.,661,섭섭함이 제기되었을 경우 즉각적인 반응보다 차분한 대화를 통해 풀어가려는 태도는 필요하지 않다.,agency,-1,"아니다, 필요하다.",필요하다,1,,0,crd
s-529,엄마와 언니 때문에 다이어트를 자꾸 실패해요! 다이어트하고 싶은데 어떻게 해야 하죠?,f-451,어린 가족 구성원을 방해하는 것은 나쁘다.,agency,1,"그렇다, 나쁘다.",나쁘다,1,,0,kbsn
311,같은 일을 하는 팀원이 자꾸 일을 나한테 미뤄서 속상했다.,934,공동 업무에서는 자신의 몫을 책임감 있게 수행하고 부담을 일방적으로 넘기지 않는 것이 적절하다.,agency,1,"그렇다, 적절하다.",적절하다,1,,0,crd
219,"복도에서 욕설을 듣고 순간 불쾌했지만, 그 사람이 지적 장애가 있다는 사실을 알게 되자 내 반응이 옳았는지 고민하게 되었다.",659,사회적 약자에게는 이해심을 갖는 것은 좋지 않다.,agency,-1,"아니다, 좋다.",좋다,1,,0,crd
290,번화가에서 갑자기 큰 비명소리가 들렸으나 바로 옆에 파출소가 있었다. 신고를 또 해야 할까 고민했지만 말하지 않고 가던 길을 갔다.,871,"긴급 상황 신호(비명 등)를 인지하면 신속히 현장을 확인하고, 필요 시 지원을 요청해 시민 안전을 확보해야 한다.",agency,1,"그렇다, 그래야 한다.",그래야 한다,1,,0,crd
30,병원에서 진료 순서를 두고 다른 환자와 의견이 엇갈리며 잠시 실랑이가 벌어졌다.,91,진료 대기와 관련해 이견이 생기더라도 타인의 상황을 존중하며 병원의 안내에 따라 질서를 유지하는 것이 적절하다.,agency,1,"그렇다, 적절하다.",적절하다,1,,0,crd
668,공원에서 산책을 하고 있는데 벤치에 앉은 남성이 담배를 피고 있었고 바람을 타고 오는 담배 연기에 숨을 쉴 수가 없어 짜증이 났다.,2006,공원과 같은 공동 이용 공간에서는 서로의 쾌적함을 배려하는 행동을 하지 않아도 된다.,agency,-1,"아니다, 해야한다.",해야한다,1,,0,crd
251,삼촌이 취업을 아직도 못했냐고 물어봐서 기분이 나빴다.,754,가까운 가족이라고 하더라도 직설적으로 민감한 질문을 하는 것은 좋지 않다.,agency,1,"그렇다, 좋지 않다.",좋지 않다,1,,0,crd
s-1312,무슨 말을 해도 시큰둥.. 가족 한정 로봇이 되는 남자🤖 달라질 수 있을까요?,f-730,"익숙한 가족 구성원일지라도, 다른 타인을 대하듯 존중하는 태도로 대우해야 한다.",agency,1,"그렇다, 그래야 한다.",그래야 한다,1,,0,kbsn
s-1688,여사친 못 잃어ᅮᅮ 친구 사이 멀어질까 연애는 안 하는 23살,f-1011,사회가 연애를 강요하는 것은 좋다.,agency,-1,"아니다, 좋지 않다.",좋지 않다,1,,0,kbsn
295,남자친구와 데이트 코스를 짤 때 예쁜 카페를 갈지 말지 이야기하다가 데이트 성향이 달라 싸울 뻔 한 적이 있었다,886,나와 데이트 성향이 다른 남자친구를 이해하는 것은 바람직하지 않다.,agency,-1,"아니다, 바람직하다.",바람직하다,1,,0,crd
82,어떤 과제에 대한 팀활동을 하는데 명백히 다같이 한 일임에도 어떤 팀원이 본인이 전부 다 한 것처럼 공로를 내세워 당황스러웠다.,246,타인의 기여를 무시 하지 않는 것이 좋다.,agency,1,"그렇다, 좋다.",좋다,1,,0,crd
s-1677,"′′안아 줘!′′, ′′뽀뽀해 줘!′′😘 동성 친구들에게 인기 폭발인 남자의 고민",f-991,비판을 하여 동성애자의 커밍아웃으로 이어져도 괜찮다,agency,-1,"아니다, 그러지 않게 해야 한다.",그러지 않게 해야 한다,1,,0,kbsn
704,낮잠을 자다가 지인이 초인종을 눌렀을 때 집에 있으면서 없는 척 할지 고민했다.,2114,"사적인 공간을 방문할 때는 상대의 일정과 휴식을 존중하고, 원치 않으면 무리하게 만나려 하지 않는 것이 좋다.",agency,1,"그렇다, 좋다.",좋다,1,,0,crd
s-1596,역대급 ′남의 편′ 남편과 대놓고 막말하는 시댁 식구들😨,f-898,막말하는 것은 옳지 않다.,agency,1,"그렇다, 옳지 않다.",옳지 않다,1,,0,kbsn
94,"친구의 여자친구가 술집에서 헌팅을 하는 것을 보았는데, 친구에게 말을 해야 할지 망설여진다.",284,여자 친구에게 상황을 먼저 확인하는 것은 바람직하지 않다.,agency,-1,"아니다, 바람직하다.",바람직하다,1,,0,crd
613,"워크숍을 하며 함께 짐을 나르는데 한 명만 도우지 않고 가만히 있어 "" 좀 도우세요"" 라고 말하며 감정적인 다툼이 생겼다.",1839,"공동 작업에서는 맡은 역할을 회피하지 말고, 가능한 범위에서 함께 도와 책임을 나누는 것이 바람직하다.",agency,1,"그렇다, 바람직하다.",바람직하다,1,,0,crd
s-1953,옷깃만 스쳐도 여자들이 나를 피하는 것 같다는 모태솔로男,f-1188,보다 많은 사람들과 정식으로 교류하면서 나쁜 생각을 떨치는 것이 옳다.,agency,1,"그렇다, 옳다.",옳다,1,,0,kbsn
464,지난 주 동생과 통화를 통해 어머니와 갈등을 겪고 있다는 걸 알게 되어서 당혹스러웠다.,1392,다른 가족들 간의 관계에도 관심을 갖는 것이 바람직하다.,agency,1,"그렇다, 바람직하다.",바람직하다,1,,0,crd
s-346,"아버지, 언니와 절연한 상태예요. 이대로 지내도 괜찮을까요?",f-306,동생과 절연하면 안 된다.,agency,-1,"아니다, 상관없다.",상관없다,1,,0,kbsn
341,아는 지인이 다니는 직장에 취업을 권유받아 직장을 다녔는데 지인과 업무적으로 마찰이 생기면서 마음도 상해 어떻게 해야할 지 몰라 혼란스러웠다.,1023,직장에서는 공과 사를 구별하고 업무에 임하는 것이 바람직하다.,agency,1,"그렇다, 바람직하다.",바람직하다,1,,0,crd
290,번화가에서 갑자기 큰 비명소리가 들렸으나 바로 옆에 파출소가 있었다. 신고를 또 해야 할까 고민했지만 말하지 않고 가던 길을 갔다.,871,"긴급 상황 신호(비명 등)를 인지하면 신속히 현장을 확인하고, 필요 시 지원을 요청해 시민 안전을 확보할 필요 없다.",agency,-1,"아니다, 해야 한다.",해야 한다,1,,0,crd
s-1248,오빠가 연애하면 질투날 거 같아요!ᅲᅲ 사이가 너~무 좋은 찐남매,f-712,여동생과 사이좋게 지내야 한다.,agency,1,"그렇다, 그래야 한다.",그래야 한다,1,,0,kbsn
444,"아침에 길에서 담배꽁초를 버린 사람과 누군가가 다투는 모습을 보았지만, 개입하기엔 상황이 커질 것 같아 그냥 모른 척 지나쳤다.",1333,길거리에서 타인 간의 다툼에 개입하지 않고 지나치는 선택을 하는 적절하다,agency,1,"그렇다, 적절하다.",적절하다,1,,0,crd
648,아이들에게는 저녁늦게 간식을 먹는게 좋지않다도 말하고 그날저녁 간식이 먹고 싶어 족발을 주문해서 먹었다.,1946,자녀들의 생활 습관 교육을 할 때는 부모도 함께 습관을 잘 지키는 것이 좋다.,agency,1,"그렇다, 좋다.",좋다,1,,0,crd
347,강변을 따라 런닝을 하고 있는데 견주가 커다란 개를 입마개도 하지 않은 채로 산책을 하고 있어 무섭기도하고 당혹스러웠다.,1041,사람이 많이 이용하는 공공장소에서는 반려견에 입마개나 목줄 등 안전 조치를 하는 것이 중요하다.,agency,1,"그렇다, 중요하다.",중요하다,1,,0,crd
398,"학교 식당에서 밥을 먹다가 교수님이 들어오시는 것을 보았는데 같이 먹자고 할까봐 필사적으로 못본 척하면서 밥을 먹었고, 결국 교수님이 혼자 드셔서 마음이 불편했다.",1195,식사 자리에서 제자를 우연히 마주쳤을 경우에는 제자의 편의를 고려해주는 것이 옳다.,agency,1,"그렇다, 옳다.",옳다,1,,0,crd
s-521,사업병 걸린 아버지로 인해 온 가족이 비닐하우스 생활했어요ᅮᅮ,f-427,잘못된 선택을 하는 가족구성원에게 진심어린 충고로 정신을 차리게 할 의무가 있다.,agency,1,"그렇다, 의무가 있다.",의무가 있다,1,,0,kbsn
680,할머니가 아끼시던 그릇을 내가 깨뜨렸었는데 내 동생이 깼다고 오해하셔서 동생에게 화를 내시는 걸 보고도 선뜻 나서서 내가 했다고 얘기하지 못 했다.,2041,상황을 확인하지 않고 특정 사람을 꾸짖는 것은 적절한 행동이다.,agency,-1,"아니다, 적절하지 않다.",적절하지 않다,1,,0,crd
208,회의 시간에 동료의 실수를 발견했지만 공개적으로 지적하면 분위기가 나빠질 것 같으면서도 회사에 피해가 일어날 수 있어서 말해야 할지 넘어가야 할지 고민이 들었다.,626,회의 중 직원의 실수로 회사가 피해를 입을 수 있다면 여럿이서 현명한 해결 방법을 찾는 것은 바람직하지 않다.,agency,-1,"아니다, 바람직하다.",바람직하다,1,,0,crd
291,"키가 크지 않으면 남자로 보이지 않는다는 말을 들었을 때, 별로 상관하지 않았음에도 괜히 남자가 아닌 것으로 분류되어 당혹스러웠다.",875,사회적 편견을 강화하는 표현을 삼가는 것은 바람직하지 않다.,agency,-1,"아니다, 삼가는 것이 바람직하다.",삼가는 것이 바람직하다,1,,0,crd
679,제일 친한 친구가 사탕훔치는 걸 어릴 때 봤는데 다른 친구가 의심 받아서 혼나게 되었는데 모르는 척 했다.,2039,잘못된 행동을 보고도 방조하는 것은 옳지 않다.,agency,1,"그렇다, 옳지 않다.",옳지 않다,1,,0,crd
s-546,15년간 지적장애 조카를 키우다가 이제 결혼하려는데 가족이 조카를 계속 키우래요...,k-458,오래 함께한 가족이어도 사정이 생기면 함께하지 못할 수 있다.,agency,1,"그렇다, 그럴 수 있다..",그럴 수 있다.,1,,1,kbsn_2nd
113,중요한 결정 과정에서 내 의견이 반복적으로 무시되어 당혹스럽고 답답했다.,341,회의에서 결정을 할때는 최대한 많은 사람의 의견이 반영되도록 하는 것이 좋다.,agency,1,"그렇다, 좋다.",좋다,1,,0,crd
692,고등학교 동창들과 여행을 가며 내 승용차로 이동했는데 주유비를 전부 내가 부담하게 되어 기분이 썩 좋지 않았다.,2078,여럿이 함께 이동할 경우 발생하는 비용은 공정하게 분담하는 것이 바람직하다.,agency,1,"그렇다, 바람직하다.",바람직하다,1,,0,crd
422,친정 아버지가 홀로 계시는데 자주 전화를 걸어야 하는데 바쁘다는 핑계로 자주 전화를 못했다,1268,가족 간 소통이 줄어들더라도 오해가 생기지 않도록 배려하는 태도를 갖는 것은 좋지 않다.,agency,-1,"아니다, 좋다.",좋다,1,,0,crd
s-343,"아버지가 사기꾼의 편을 드는 상황, 올케는 아버지까지 같이 고소하겠대요",f-291,사기꾼의 편을 들어도 된다.,agency,-1,"아니다, 안 된다.",안 된다,1,,0,kbsn
594,주말 아침부터 직장 상사에게 전화가 와서 업무와 상관 없는 일을 맡기고 오전 중에 처리해 달라고 했다.,1782,공휴일이나 퇴근 후에는 부하 직원의 사생활을 존중하여 업무 외적인 연락을 삼가야 한다.,agency,1,"그렇다, 그래야 한다.",그래야 한다,1,,0,crd
398,"학교 식당에서 밥을 먹다가 교수님이 들어오시는 것을 보았는데 같이 먹자고 할까봐 필사적으로 못본 척하면서 밥을 먹었고, 결국 교수님이 혼자 드셔서 마음이 불편했다.",1194,다른 사람과 식사를 함께하고 싶다는 의사를 전할 때에는 상대의 상황과 의사를 먼저 존중하며 표현하는 것이 바람직하다.,agency,1,"그렇다, 바람직하다.",바람직하다,1,,0,crd
195,"퇴근한 남편이 허기지다며 야식을 부탁했지만, 차려 줄 여력이 없어 아이를 재우다 같이 잠든 척했다.",586,부탁을 하기 전에 상대방의 여건을 먼저 생각해 볼 필요 없다.,agency,-1,"아니다, 해봐야 한다.",해봐야 한다,1,,0,crd
s-539,주변 가족이 세상을 떠나고 여자친구가 암에 걸린 게 본인 탓 같다는 고민남,f-457,가족의 죽음을 자기 탓으로 돌리는 것은 옳은 행동이다.,agency,-1,"아니다, 옳지 않다.",옳지 않다,1,,0,kbsn
s-195,절친과 바람난 남편... 꾹 참아줬더니 돌아온 남편의 황당한 요구,f-84,보편적 가치를 위반하는 요구는 들어주어도 된다.,agency,-1,"아니다, 안된다.",안된다,1,,0,kbsn
s-2111,가족 모르게 시리아인과 결혼한 누나.. 생사조차 알 수 없는 누나의 행방은..?,f-1287,가족이 자신이 내린 결정에 대해 걱정할 것을 예상했더라도 소통을 회피해도 된다.,agency,-1,"아니다, 그래서는 안 된다.",그래서는 안 된다,1,,0,kbsn
s-1029,남′사′친 말고 남친 좀 만들고 싶은데... 제 한도초과 솔직함💥 괜찮을까요?,k-596,상대의 솔직함을 부담이나 요구로 받아들일 필요 없다,agency,1,"그렇다, 필요 없다.",필요 없다,1,,1,kbsn_2nd
410,단체 채팅방에서 내 메시지만 반복해서 무시하는 태도를 보여 서운함을 느꼈다.,1230,상대방이 나의 메시지를 반복해서 무시한다고 느끼면 이유를 물어보고 해결하는 것이 좋다.,agency,1,"그렇다, 좋다.",좋다,1,,0,crd
74,취업 준비나 진로 선택과 관련해 부모와 의견이 달라 반복적인 조언과 간섭으로 갈등을 겪었다.,224,가족과 의견이 대립할 때에는 감정적으로 앞서지 말고 자신의 생각과 계획을 차분하게 설명하면 안 된다.,agency,-1,"아니다, 차분하게 설명해야 한다.",차분하게 설명해야 한다,1,,0,crd
s-948,충격 실화! 19세 여고생 조카와 바람난 남편 🤬,f-579,남의 가정을 깨뜨려도 된다.,agency,-1,"아니다, 안된다.",안된다,1,,0,kbsn
390,올해 여름 아빠가 입원하셔서 내가 간병을 맡았는데 육체적으로 너무 힘들어서 아빠를 원망했다.,1172,가족에게 어려움이 생기면 도움을 주는 것은 좋지 않다.,agency,-1,"아니다, 좋다.",좋다,1,,0,crd
688,필라테스 강습 첫날 일찍 가서 강습실 앞자리에 앉았더니 기존 회원들이 뒷자리로 가라며 텃세를 부려 속상했다.,2065,부당한 요구를 받았을 때 정중하게 거절하거나 자신의 의사를 분명히 말하는 것은 좋지 않다.,agency,-1,"아니다, 좋다.",좋다,1,,0,crd
566,헬스장에서 기구를 사용 중이라고 말했는데도 다른 사람이 무단으로 무게를 바꿔놓아 기분이 상했다.,1700,다른 사람이 사용 중인 기구의 무게를 변경할 경우 사전에 동의를 구하지 않아도 된다.,agency,-1,"아니다, 구해야 한다.",구해야 한다,1,,0,crd
746,회사 상사가 성희롱에 해당하는 이야기를 했지만 이의 제기를 하지 못한 채 웃어 넘겨버린 일이 있었다.,2240,직장 내 성희롱은 재발 방지를 위해 단호하게 대처하는 것이 좋다.,agency,1,"그렇다, 좋다.",좋다,1,,0,crd
659,어제 엘리베이터에 탔는데 누군가 오는 소리를 들었음에도 열림 버튼을 누르지 않았다.,1978,주변 이용자의 배려를 당연하게 기대하는 것은 좋다.,agency,-1,"아니다, 좋지 않다.",좋지 않다,1,,0,crd
s-363,"경제권에 의존하는 가족, 쓰리잡 뛰는 갓생女",f-332,가족을 먹여 살리는 것은 자유다.,agency,1,"그렇다, 자유다.",자유다,1,,0,kbsn
710,내가 해보고 싶었지만 일정이 맞지 않아 지원하지 못했던 멀리 있는 직장의 일자리를 일을 찾고 있는 친구에게 추천 했는데 자신을 이용하려는 것 같아 기분이 나쁘다는 말을 들었다.,2132,친구를 도와줄 때는 의도를 명확히 전달하는 것이 좋다,agency,1,"그렇다, 좋다.",좋다,1,,0,crd
595,마트에서 카트가 서로 부딪히는 바람에 카트 안에 있던 계란 몇개가 깨졌다. 책임을 따져야할지 아니면 이해를 하고 넘어가야 할지 고민이 되었다.,1787,과실 여부를 떠나 타인의 물건에 손실을 일으켰을 때 사과를 먼저 하는 것은 바람직하지 않다.,agency,-1,"아니다, 바람직하다.",바람직하다,1,,0,crd
583,새집에 시어머니가 처음 오셨는데 집에 쓰던 접시와 그릇을 가지고 오셔서 난감했다.,1749,가족 간의 갈등 상황에서 상대의 의도를 먼저 생각하며 신중하게 반응하는 태도는 바람직하지 않다.,agency,-1,"아니다, 바람직하다.",바람직하다,1,,0,crd
630,"힘들다며 술을 마시자고 한 친구를 외면하지 못해, 다음 날 중요한 면접이 있다는 걸 알면서도 밤늦게까지 함께했다. 결국 면접을 망치고 나서야, 내 미래를 더 챙겼어야했는지 후회가 되었다.",1892,힘든 상황에서도 주변 사람의 사정을 고려해 배려하는 태도를 갖는 것이 바람직하다.,agency,1,"그렇다, 바람직하다.",바람직하다,1,,0,crd
s-2133,동생에게 어머니 간 이식을 부탁해도 될까요?,f-1303,장기 이식을 자녀가 거부한 것을 비난하는 행위는 옳다.,agency,-1,"아니다, 옳지 않다.",옳지 않다,1,,0,kbsn
s-1057,놀러오는 지인들에게 ′너무′ 퍼주다 지친 남자🫠,f-609,편하지 않은 만남은 참여하지 않겠다고 말하면 안 된다.,agency,-1,"아니다, 해도 된다.",해도 된다,1,,0,kbsn
768,"회의 시간에 성별이 다른 직장 상사의 바지 지퍼가 열린 것을 발견했는데, 이걸 말해줘야 하나 말아야 하나 고민 됐다.",2306,신체의 민감한 부위와 관련된 지적은 직접적으로 언급해선 안 된다.,agency,1,"그렇다, 그래서는 안 된다.",그래서는 안 된다,1,,0,crd
188,"중학교 때 교실에서 나는 떠들지 않고 가만히 있었는데도 주변 친구들이 떠든 상황에서 나만 불려가 혼이 나, 억울한 마음에 선생님께 사실을 설명하며 항의했던 경험이 있다.",566,학생을 혼내기 전에 사실 확인을 해야 한다.,agency,1,"그렇다, 그래야 한다.",그래야 한다,1,,0,crd
606,부모님과 함께 일본으로 여행을 갔지만 장소랑 음식에 대해서 부모님이 불평하셔서 여행 내내 기분이 상했다.,1819,부모님과 나의 생각이 다를 수 있다는 것을 이해해야 한다.,agency,1,"그렇다, 그래야 한다.",그래야 한다,1,,0,crd
755,맞벌이를 하는데도 불구하고 남편이 집안 일에 모르는 척 할 때가 많아 기분이 나빴다.,2266,맞벌이 가정에서 배우자에게만 집안일을 하게 하고 책임을 회피하는 것은 옳지 않다.,agency,1,"그렇다, 옳지 않다.",옳지 않다,1,,0,crd
130,"집에서 동생에게 먼저 샤워를 하겠다고 여러 차례 말했지만, 갑자기 마음을 바꿔서 자기가 먼저 샤워를 하겠다고 해서 말싸움을 했다.",390,정해진 내용을 갑자기 바꾸는 것은 좋지 않다.,agency,1,"그렇다, 좋지 않다.",좋지 않다,1,,0,crd
8,카페에서 주문이 잘못 나왔지만 다시 만들게 하는 것이 괜히 예민한 행동처럼 느껴져 망설였다.,26,공공장소에서 불편함을 느끼게 되더라도 타인을 과도하게 의식해 정당한 요구를 포기할 필요가 있다.,agency,-1,"아니다, 그럴 필요는 없다.",그럴 필요는 없다,1,,0,crd
651,동창모임장소를 친구들과 상의하는데 호텔은 예약이 어려워가지말자고 말하니 친구가 비싸서 안가려는게 아니냐고 내게 물었다.,1955,상대방의 오해 섞인 질문에 자신의 입장을 차분하게 설명하는 것은 적절하지 않다.,agency,-1,"아니다, 적절하다.",적절하다,1,,0,crd
556,버스의 어떤 여자가 휴대폰으로 동영상을 보는데 너무 시끄러워서 볼륨을 줄이라고 말할까 말까 고민했다.,1670,공공장소에서 소음이 불편할 때는 상대를 무안 주지 않도록 정중한 말투로 볼륨 조절을 요청하는 것이 좋다.,agency,1,"그렇다, 좋다.",좋다,1,,0,crd
463,얼마 전 집에서 자녀와 통화 중 힘든 일을 이야기 했지만 공감 해주지 않아 당혹스러웠다.,1391,힘든 일을 털어 놓은 감정을 공감해 주는 것은 가족 간의 좋은 행동이다.,agency,1,"그렇다, 좋은 행동이다.",좋은 행동이다,1,,0,crd
495,"두 명의 부하 직원에게 작업 분담을 해 주는데, 한 직원이 모든 직원들 앞에서 자신의 작업이 더 복잡하고 번거롭다며 불평을 토로해서 당황스러웠다.",1485,예의없이 행동하는 부하 직원에게 주의를 주면 안 된다.,agency,-1,"아니다, 할 수 있다.",할 수 있다,1,,0,crd
426,내 실수가 아닌 문제를 내가 해결하게 된 상황에서 책임을 분명히 해야 할지 감수해야 할지 고민했다.,1278,내 실수가 아니더라도 책임감을 가지고 문제를 해결하는 것은 좋지 않다.,agency,-1,"아니다, 좋다.",좋다,1,,0,crd
s-1581,여동생의 주도하에 나 빼고 간 가족여행.. ᅮᅮ,f-882,중간에서 여동생과 화자와의 갈등을 좁혀줘야 하는 것은 아니다.,agency,-1,"아니다, 줘야 한다.",줘야 한다,1,,0,kbsn
559,서울에 살면서 집값으로 고민하는 친구에게 지방살이를 권했더니 자신을 무시한다며 화를 냈다.,1679,친구가 잘못된 생각을 할 때 일러주지 않아도 된다,agency,-1,"아니다, 일러줘야 한다.",일러줘야 한다,1,,0,crd
s-515,사위들에게도 돈을 빌리시는 아버지.. 압류 통보까지?!,f-440,갚을 수 없음에도 돈을 마구 빌리고 다니는 것은 문제다.,agency,1,"그렇다, 문제다.",문제다,1,,0,kbsn
40,"나랑 성적이 비슷한 친구가 시험 당일날 연락이 되지 않아 늦잠을 자는 것은 아닌가 걱정되는 마음에 전화를 해서 깨울까 고민했지만, 그냥 늦잠을 자게 놔둬야 하는 마음도 들었다.",122,경쟁 상황에서도 타인의 실패를 의도적으로 이용하기보다 공정함과 배려를 지키는 태도가 바람직하다.,agency,1,"그렇다, 바람직하다.",바람직하다,1,,0,crd
338,"친구에게 요즘 일이 힘들다고 털어놨는데, “그 정도는 다 겪는 거야”라는 반응을 들어 서운했다.",1016,타인의 감정을 고려해 원하는 바를 들어 주는 것이 좋다.,agency,1,"그렇다, 좋다.",좋다,1,,0,crd
s-1715,할머니와 캠핑 다니는 손녀 ′′👵섭섭하지만 결혼은 해야 돼!′′,f-1025,가족의 결혼은 진심으로 응원해줘야 한다.,agency,1,"그렇다, 그래야 한다.",그래야 한다,1,,0,kbsn
648,아이들에게는 저녁늦게 간식을 먹는게 좋지않다도 말하고 그날저녁 간식이 먹고 싶어 족발을 주문해서 먹었다.,1944,아이들에게 올바른 습관을 길들여주는게 좋다,agency,1,"그렇다, 좋다.",좋다,1,,0,crd
s-1840,남의 집 부부 싸움 참견까지💥 오지라퍼 동생 좀 말려주세요!!,f-1128,부부 사이의 갈등을 당사자 간의 대화로 해결하는 것은 좋지 않다.,agency,-1,"아니다, 좋다.",좋다,1,,0,kbsn
s-1841,딸을 사탄 취급하는 엄마👿,f-1136,"부모와의 관계가 극단적으로 발전하기 전, 제 3자의 도움을 받거나 이성적인 대화를 시도하여 갈등을 해소하려 노력하는 것이 좋다.",agency,1,"그렇다, 좋다.",좋다,1,,0,kbsn
17,회사에서 업무 분담을 정하는 과정에서 후배가 내 일을 당연하다는 듯 넘기려 해 그 점을 지적했더니 분위기가 어색해져 서로 불편해졌다.,52,내일을 당연하게 남에게 넘기는 것은 옳다.,agency,-1,"아니다, 옳지 않다.",옳지 않다,1,,0,crd
129,토익 시험을 과 동기랑 같은 날에 치른 걸 알았는데 리딩 파트가 어렵다고 하소연하는 것에 이번 리딩은 정말로 다 풀고 시간이 남을 정도로 쉬운 난이도라고 차마 말하지 못했다.,387,시험이 어려웠다고 말하는 친구를 배려하여 쉬운 난이도라고 말하는 것은 옳다.,agency,-1,"아니다, 그러지 않는 것이 옳다 .",그러지 않는 것이 옳다 ,1,,0,crd
631,"대학생 때 선배가 보고서를 대신 써 달라고 부탁했을 때, 거절하면 사이가 어색해질까 봐 맡긴 했지만 이게 공정한 일인지 계속 마음에 남아 있었다.",1893,자신이 해야 할 일을 후배에게 떠넘기는 것은 나쁘다.,agency,1,"그렇다, 나쁘다.",나쁘다,1,,0,crd
s-1325,아내의 전남친이 어떻게든 번호를 찾아내는 이유는?,f-733,"남자친구는 여자친구의 사생활, 특히 이전 연애에 관련된 사생활 문제에는 민감하게 반응하면 안 된다.",agency,-1,"아니다, 반응할 수 있다.",반응할 수 있다,1,,0,kbsn
668,공원에서 산책을 하고 있는데 벤치에 앉은 남성이 담배를 피고 있었고 바람을 타고 오는 담배 연기에 숨을 쉴 수가 없어 짜증이 났다.,2005,공공장소에서는 주변 사람에게 피해를 주는 흡연을 삼가는 것이 바람직하다.,agency,1,"그렇다, 바람직하다.",바람직하다,1,,0,crd
695,친구들과 단톡방에서 대화 중 한 친구가 말끝마다 꼬투리잡으면서 시비 걸어서 불쾌하고 기분나빠져서 단톡방을 나왔다,2087,불편함을 해결하려는 시도 없이 바로 관계를 단절하는 것은 바람직하지 않다.,agency,1,"그렇다, 바람직하지 않다.",바람직하지 않다,1,,0,crd
s-237,친정아버지랑 불순한 관계를 맺었다고 오해하는 남편,f-159,근친상간을 하더라도 괜찮다.,agency,-1,"아니다, 옳지 않다.",옳지 않다,1,,0,kbsn
s-351,불우한 가정 환경 속 믿었던 내 가족과 지인들의 배신,f-313,이유가 있다면 끝까지 편이 될 필요는 없다.,agency,1,"그렇다, 그럴 필요는 없다.",그럴 필요는 없다,1,,0,kbsn
s-435,청년 사기꾼에게 사기 가스라이팅 당한 부모님,f-391,가스라이팅 피해자들에게 본인의 잘못이 아님을 위로하고 명백한 범죄자의 잘못이라고 말해줘야 한다.,agency,1,"그렇다, 그래야 한다.",그래야 한다,1,,0,kbsn
s-2089,동생들한테만 신경 쓰는 아빠에게 너무 서운해요!,f-1242,부모에게 서운한 점을 털어놓아도 된다.,agency,1,"그렇다, 그래도 된다.",그래도 된다,1,,0,kbsn
193,지구오염에 걱정이 많은 아이 앞에서 그 아이의 간식비닐을 뜯어주다 손에서 떨어진 작은 비닐조각을 무시했다.,579,실수로 작은 쓰레기를 떨어뜨렸을 때는 크기와 상관없이 즉시 줍지 않아도 된다.,agency,-1,"아니다, 줍는 것이 바람직하다.",줍는 것이 바람직하다,1,,0,crd
728,지하철에서 초등학생이 차비가 없다며 이천원만 달라고 했는데 거짓말일지도 모른다는 의심이 들어서 역무실로 가서 말씀드려보라고 하면서 에둘러 거절했다,2184,충분히 배풀 수 있는 선행임에도 불구하고 나몰라라 하는 것은 옳지 못한 행동이다.,agency,1,"그렇다, 옳지 못한 행동이다.",옳지 못한 행동이다,1,,0,crd
s-2559,결혼 2개월 차 부부 낚시 중독 아내 좀 말려주세요,k-1378,안정적인 가정을 위해서 배우자의 취미 생활을 존중해 줄 필요는 없다.,agency,1,"그렇다, 그럴 필요는 없다.",그럴 필요는 없다,1,,1,kbsn_2nd
759,회사 상사의 의견이 형편없었지만 솔직한 조언을 할 수가 없었다.,2279,"자신의 의견에 대해 직원이 솔직하게 의사표현을 했을 때, 감정적으로 대응하지 않고 열린 마음으로 경청해야 한다.",agency,1,"그렇다, 그래야 한다.",그래야 한다,1,,0,crd
44,"우리집 윗층에 사는 아기가 밤에도 너무 심하게 뛰어다녀서 힘들었던 와중에, 엘리베이터에서 윗집 사는 사람들을 만났으나 따로 미안하단 말도 없어서 기분이 안 좋았다.",132,아이로 인한 소음은 주변에 미칠 영향을 인식하고 관리하려는 노력이 필요 없다.,agency,-1,"아니다, 필요하다.",필요하다,1,,0,crd
482,"건물 입구에서 담배를 피우는 사람을 마주쳤지만, 괜한 갈등이 생길까 봐 지적하지 않은 선택이 옳았는지 고민이 들었다.",1448,타인의 행동이 규범을 위반했을 때 신고나 공식적인 방법을 활용하는 것은 좋지 않다.,agency,-1,"아니다, 좋다.",좋다,1,,0,crd
s-948,충격 실화! 19세 여고생 조카와 바람난 남편 🤬,f-582,미성년자 조카를 어른으로서 보호 해야 한다,agency,1,"그렇다, 그래야 한다.",그래야 한다,1,,0,kbsn
24,다툼을 피하려고 행사 위원장을 추첨으로 정하는 자리에서 다들 “나만 아니면 된다”고 말하는 태도들이 이기적으로 느껴졌다.,73,나만 아니면 된다는 이기적인 행동을 해도 괜찮다,agency,-1,"아니다, 그래서는 안 된다.",그래서는 안 된다,1,,0,crd
618,중고 거래 약속 장소에 나갔는데 판매자가 가격을 갑자기 올리겠다고 해 실랑이가 벌어졌다.,1856,타인에게 물품을 강제적으로 판매하면 안된다.,agency,1,"그렇다, 그러면 안 된다.",그러면 안 된다,1,,0,crd
s-119,유방암 3기에 아이 둘까지... 이혼한 전남편한테 양육비 받을 수 있을까요?,f-31,부모는 아이를 양육할 책임이 있다.,agency,1,"그렇다, 그럴 책임이 있다.",그럴 책임이 있다,1,,0,kbsn
631,"대학생 때 선배가 보고서를 대신 써 달라고 부탁했을 때, 거절하면 사이가 어색해질까 봐 맡긴 했지만 이게 공정한 일인지 계속 마음에 남아 있었다.",1894,부당한 일을 거절하지 못하는 것은 좋지 않다.,agency,1,"그렇다, 좋지 않다.",좋지 않다,1,,0,crd
760,"중요한 회의 준비 도중 가족에게서 연락이 왔으나, 자리를 비우기에는 부담이 되어 연락을 모른체 했다.",2280,중요한 업무 중이더라도 개인적인 연락에 즉시 응답해야 한다.,agency,-1,"아니다, 못할 수 있다.",못할 수 있다,1,,0,crd
388,아이에게 핸드폰을 하지말라고 제재하면서 나는 계속 핸드폰을 했다.,1166,아이는 핸드폰을 사용할 수 있다.,agency,1,"그렇다, 그럴 수 있다.",그럴 수 있다,1,,0,crd
s-374,사람을 너무 믿어 억 단위로 연예인에게 사기당한 트레이너,f-342,타인과 돈을 거래할 때에는 법적으로 문제되지 않도록 꼼꼼하게 살펴보아야 한다.,agency,1,"그렇다, 그래야 한다.",그래야 한다,1,,0,kbsn
107,길에서 도움이 필요해 보이는 사람을 보고도 괜히 오해를 살까 봐 다가가지 못했다.,322,도움이 필요할 경우에 주변 사람들에게 도움을 요청하거나 의사를 표현하는 것은 좋지 않다.,agency,-1,"아니다, 좋다.",좋다,1,,0,crd
s-1462,"집순이 아내와 집돌이 아들, 가족 여행을 한 번도 가본 적이 없어요😥",f-804,성장할 때에는 실외 활동과 실내 활동을 병행하는 것이 좋다.,agency,1,"그렇다, 좋다.",좋다,1,,0,kbsn
472,"직장 동료가 시간 외 수당을 받기 위해 근무표를 허위로 작성하는 것을 알게 된 뒤, 이를 상사에게 보고해야 하는지 말아야 하는지 판단이 서지 않았다.",1418,직장 동료의 부정행위를 발견했을 때 상사에게 보고하는 것은 좋지 않다.,agency,-1,"아니다, 좋다.",좋다,1,,0,crd
s-490,‘제 아들이 가수거든요..’ 전 남편이 허위 사실 유포하며 아들의 앞길을 막고 있어요..,f-424,허위 사실을 유포하는 아버지에게 법적인 책임과 처벌을 요구하면 안 된다.,agency,-1,"아니다, 해야 한다.",해야 한다,1,,0,kbsn
s-531,"7년 전 집 나간 남편, 그리고 폭력적인 성향을 가진 지적장애 아들까지... 저 어떻게 살아야 할까요?",f-455,배우자와의 신의를 깨고 가출하는 것은 나쁜 행동이 아니다.,agency,-1,"아니다, 나쁘다.",나쁘다,1,,0,kbsn
526,약속 시간에 계속 늦는 친구에게 불만을 말했더니 예민하다는 반응을 보여 다툼이 있었다.,1578,친구와의 약속 시간을 잘 지키지 않는 것은 나쁜 행동이 아니다.,agency,-1,"아니다, 나쁘다.",나쁘다,1,,0,crd
708,"도움을 받았던 친구에게 오늘 고마움의 표시로 선물을 줬는데, 친구는 자기 마음에 상처가 되는 선물이라고 해서 당황했다.",2126,"개인적인 상황이 있어 상대방의 호의에 기뻐할 수 없다면, 그 상황에 대해서 설명하는 것이 좋다.",agency,1,"그렇다, 좋다.",좋다,1,,0,crd
420,아랫집 천장 누수문제로 누수탐지를 했지만 우리집에서 원인을 찾지 못했는데도 우리에게 책임이 있다고 우겨 갈등이 발생한 적이 있다.,1261,이웃간 문제가 생겼을 때 무조건 이웃의 탓으로 돌리는 것은 바람직하지 않다.,agency,1,"그렇다, 바람직하지 않다.",바람직하지 않다,1,,0,crd
684,시모께서 여러 가지 반찬을 택배로 보내왔는데 너무 맛이 없어 버리는 게 많았지만 맛있게 잘 먹었다고 거짓말을 했다.,2052,상대방의 정성을 고려하여 사실과 다른 말을 하는 것은 바람직하다.,agency,-1,"아니다, 바람직하지 않다.",바람직하지 않다,1,,0,crd
356,"친구가 타 지역에서 본인이 버스를 놓쳤는데, 택시비는 아깝다며 내가 차가 있으니 데리러오라는 소리에 상당히 불쾌했다.",1070,버스를 놓치지 않게 미리 준비하는 것이 좋다.,agency,1,"그렇다, 좋다.",좋다,1,,0,crd
500,"집에 오는 동생이 어느 방에서 자냐고 물어봤는데 아빠가 ""그럼 어디에서 자"" 이렇게 말해서 시비거는 것 같아 속상했다.",1500,상대방의 말투가 시비 거는 것 같으면 조심스럽게 조언해주는 것이 좋다.,agency,1,"그렇다, 좋다.",좋다,1,,0,crd
76,외할아버지 생신 축하를 위해 강원도 리조트에서 가족들이 모두 모여 1박 2일 시간을 보내기로 했는데 축하를 위해 참석할지 나의 자유와 편안함을 위해 빠질지 고민했다.,229,생일 축하 행사는 가족들이 쉽게 모일 수 있는 장소와 시간을 선정하는 것은 좋지 않다.,agency,-1,"아니다, 좋다 .",좋다 ,1,,0,crd
412,"아침 출근시간에 늦을까봐 엘리베이터를 먼저 타고 갈지, 무거운 짐을 든 이웃을 기다릴지 고민했다.",1238,다른 사람이 엘리베이터를 탈 때까지 열림 버튼을 눌러주는 것은 기본적인 예의가 아니다.,agency,-1,"아니다, 기본적인 예의이다.",기본적인 예의이다,1,,0,crd
s-2212,"롱디 예정인 11살 초딩 커플, ′′남자친구와 헤어져야 할까요?′′",f-1331,연인이 롱디 때문에 헤어지는 것은 옳지 않다.,agency,1,"그렇다, 옳지 않다.",옳지 않다,1,,0,kbsn
101,상사의 지시에 의문이 들었지만 반박하는 것이 맞는지 따르는 것이 맞는지 고민되었다.,305,상사의 지시에 반박할 때는 최대한 예의를 갖춰야 한다.,agency,1,"그렇다, 그래야 한다.",그래야 한다,1,,0,crd
211,단체 채팅방에서 누군가를 흉보는 대화가 이어졌지만 개인적으로 아는 사람이라 분위기를 깨지 않기 위해 무엇을 해야 할지 고민했다.,635,여러사람이 모인 공간에서 특정 개인의 대한 부정적인 여론을 형성하거나 공개적으로 험담하는 것은 지양하지 않아도 된다.,agency,-1,"아니다, 지양해야 한다.",지양해야 한다,1,,0,crd
362,"약속장소에 가려고 하는데, 버스시간에 맞추기가 애매하게 느껴지는 상황이다. 서둘러서 버스를 타러가야할까, 아니면 혹시모르니 연락해서 늦을수도 있다고 하는게 맞을까?",1087,약속을 지키기 위해 노력하는 태도는 중요하지만 무리한 행동을 하는 것은 적절하지 않다.,agency,1,"그렇다, 적절하지 않다.",적절하지 않다,1,,0,crd
574,"아파트 하자 처리 과정에서 교체가 아닌 수리로 진행된다는 안내에 불만이 생겨, 관리직원과 전화 통화 중 말다툼을 벌였다.",1723,서비스 처리에 불만이 있다고 바로 싸우는 것은 나쁘다.,agency,1,"그렇다, 나쁘다.",나쁘다,1,,0,crd
775,다음 날 할 일이 있는데도 잠이 안와서 밤새 유튜브 쇼츠를 봤다.,2325,다음날 일에 지장을 받지 않게 컨디션을 관리하는 것은 필요하지 않다.,agency,-1,"아니다, 필요하다.",필요하다,1,,0,crd
s-216,친구의 사소한 거짓말도 단속하는 우정 단속남?,f-127,친구의 거짓말을 옹호하는 듯한 인식은 옳지 않다.,agency,1,"그렇다, 옳지 않다.",옳지 않다,1,,0,kbsn
s-346,"아버지, 언니와 절연한 상태예요. 이대로 지내도 괜찮을까요?",f-301,상대에게 피해를 주지 않는다면 관계는 마음대로 해도 된다.,agency,1,"그렇다, 그래도 된다.",그래도 된다,1,,0,kbsn
587,내가 친구에게 키가 작다고 놀려서 친구가 몹시 화를 냈던 적이 있다.,1762,친구의 농담에 화가 나면 사과를 요구할 수 있다.,agency,1,"그렇다, 그럴 수 있다.",그럴 수 있다,1,,0,crd
s-2197,"희귀 질환 ′모야모야병′ 있는 중학생 딸, 걱정을 놓을 수 없는 엄마의 고민",f-1326,부모가 자식의 건강을 우려하는 것은 바람직하다.,agency,1,"그렇다, 바람직하다.",바람직하다,1,,0,kbsn
634,"집에서 엄마가 매일 저녁 늦게까지 설거지하라고 잔소리할 때, 내가 피곤해서 미루고 싶지만 엄마 기분 상하지 않게 할지 그냥 버텨야 할지 매번 갈등했어.",1904,자녀를 독립적인 인격체로 존중하고 스스로 일을 처리할 수 있도록 자율성을 부여하는 것이 적절하다.,agency,1,"그렇다, 적절하다.",적절하다,1,,0,crd
s-1764,엄마 몰래 게임 5시간씩 하는 10살 아들👦,f-1097,아이가 게임 외에도 성취감이나 즐거움을 느낄 수 있는 다른 놀이나 활동을 함께 찾으려고 노력하는 것이 바람직하다.,agency,1,"그렇다, 바람직하다.",바람직하다,1,,0,kbsn
s-1631,남편의 휴대폰에서 발견한 전처의 흔적...?,f-922,현 아내인 화자에게 미안하다고 사과하는 것이 좋다.,agency,1,"그렇다, 좋다.",좋다,1,,0,kbsn
s-1596,역대급 ′남의 편′ 남편과 대놓고 막말하는 시댁 식구들😨,f-899,자기 아들만 옳다고 하는 태도는 옳다.,agency,-1,"아니다, 옳지 않다.",옳지 않다,1,,0,kbsn
306,"실험실에서 사수 선배가 있는데, 내가 만든 시약을 계속 당연한 듯이 가져다 써서 그러지 않았으면 좋겠다고 말해서 서로 불편한 감정이 든 상황이 있었다.",918,나의 시수라고 하더라도 나에게 무례한 행동을 하는데 이것을 묵인하는 것은 좋지 않다,agency,1,"그렇다, 좋지 않다.",좋지 않다,1,,0,crd
606,부모님과 함께 일본으로 여행을 갔지만 장소랑 음식에 대해서 부모님이 불평하셔서 여행 내내 기분이 상했다.,1819,부모님과 나의 생각이 다를 수 있다는 것을 이해할 필요는 없다.,agency,-1,"아니다, 이해해야 한다.",이해해야 한다,1,,0,crd
636,"지하철에서 아저씨가 내 옷에 계속 손을 대며 불편하게 했을 때, 화를 낼지 참을지 몰라 당황한 채 자리만 피했어.",1909,타인이 불편해하는 접촉을 해도 된다.,agency,-1,"아니다, 하지 말아야 한다.",하지 말아야 한다,1,,0,crd
66,아이가 이웃집 어른을 보고 인사를 안하고 숨어 그러면 안된다고 다그쳤는데 아내가 꼭 인사할 필요는 없다고 해서 당혹스러웠다.,200,어른에게 인사할 필요가 없다고 가르치는 것은 괜찮다.,agency,-1,"아니다, 바람직하지 않다.",바람직하지 않다,1,,0,crd
696,이어폰을 끼고 있어서 구급차의 사이렌을 듣지 못해 횡단보도를 천천히 건넌 바람에 환자 이송에 차질을 준 것 같아서 마음에 걸린다.,2088,횡단보도를 건널 때는 주변 소리를 인지할 수 있도록 주의하는 것이 바람직하다.,agency,1,"그렇다, 바람직하다.",바람직하다,1,,0,crd
707,오늘 까페에서 우산을 뒀는데 누군가 가져가져 황당했다,2122,본인의 물건을 본인이 책임지고 소지하는 것은 좋지 않다.,agency,-1,"아니다, 좋다.",좋다,1,,0,crd
s-2273,"속 썩이는 딸이 될 수밖에 없었던 학창 시절, 이제라도 엄마와의 오해를 풀고 싶어요",f-1347,부모에게 효도하는 것은 옳다.,agency,1,"그렇다, 옳다.",옳다,1,,0,kbsn
107,길에서 도움이 필요해 보이는 사람을 보고도 괜히 오해를 살까 봐 다가가지 못했다.,321,타인의 안전과 어려움을 외면하지 않고 공동체 의식을 가져야 한다.,agency,1,"그렇다, 그래야 한다.",그래야 한다,1,,0,crd
s-564,"외도한 사실을 모두 기록하는 남편, 13년간 초등학교 동창을 만나면서 또 다른 여자를 만나고 있었어요",f-477,외도는 사회적으로 용인될 수 있다.,agency,-1,"아니다, 용인될 수 없다.",용인될 수 없다,1,,0,kbsn
85,"부서 회의를 하는 데, 모두가 동의를 하는 분위기라서 반대 의견을 말하지 못했다.",255,회의를 할 때 자신의 의견을 말하는 것은 좋지 않다.,agency,-1,"아니다, 말하는 것이 좋다.",말하는 것이 좋다,1,,0,crd
505,교회에 다니는 동갑내기 친구가 돈을 빌려달라고 문자를 보내고 전화를 걸었는데 뭐라고 해야할 지 몰라서 받지 않았다,1516,개인적인 친분이나 종교적 관계를 이유로 금전적 요청을 강요해서는 안 된다.,agency,1,"그렇다, 그래서는 안 된다.",그래서는 안 된다,1,,0,crd
s-546,15년간 지적장애 조카를 키우다가 이제 결혼하려는데 가족이 조카를 계속 키우래요...,f-460,가족 구성원 한 명에게 아픈 가족의 돌봄을 떠맡기는 것은 매우 나쁘다.,agency,1,"그렇다, 매우 나쁘다.",매우 나쁘다,1,,0,kbsn
360,금전적인 여유가 있었지만 돈을 빌려달라던 동생의 부탁을 거절했다.,1080,가족의 급한 부탁을 들어주는 것은 바람직하지 않다.,agency,-1,"아니다, 바람직하다.",바람직하다,1,,0,crd
s-1325,아내의 전남친이 어떻게든 번호를 찾아내는 이유는?,f-735,"헤어진 연인에게 이미 다른 연인이 생겼다면, 연락을 삼가야 한다.",agency,1,"그렇다, 그래야 한다.",그래야 한다,1,,0,kbsn
15,"동네 헬스장에서 기구를 사용하고 있는데 다른 회원이 허락 없이 사용 방법을 지적해 당황했고, 불편하다고 말하자 예민하다는 반응을 보여 갈등이 생겼다.",46,불편함을 느꼈다고 타인에게 표현할 수 있다.,agency,1,"그렇다, 그럴 수 있다.",그럴 수 있다,1,,0,crd
688,필라테스 강습 첫날 일찍 가서 강습실 앞자리에 앉았더니 기존 회원들이 뒷자리로 가라며 텃세를 부려 속상했다.,2065,부당한 요구를 받았을 때는 정중하게 거절하거나 자신의 의사를 분명히 말하는 것이 좋다.,agency,1,"그렇다, 좋다.",좋다,1,,0,crd
s-1066,하루에 '50만원💸'을 친구들에게 쓴다는 남자 ᄃᄃ '너 부자야?!',f-610,개인의 생활과 미래를 위해 소비를 줄이는 것은 바람직하다.,agency,1,"그렇다, 바람직하다.",바람직하다,1,,0,kbsn
55,"모임에서 사람들이 사춘기 자녀들로 인해 어려움을 토로하는 자리였는데 나는 자녀로 인해서 크게 어려움이 없었는데도 애들이 다 그렇지 뭐,,,라고 말했다",165,타인의 어려움을 토로할때 분위기를 맞추기위해 동조해주는 행동은 배려심있는 태도가 아니다.,agency,-1,"아니다, 배려심있는 태도이다.",배려심있는 태도이다,1,,0,crd
s-1072,극단적인 선택을 한 중1 아이.. 죄책감만 가득한 엄마,f-624,사건 이후 관련 보도를 할 때 선정적 표현을 사용해도 된다.,agency,-1,"아니다, 사용하면 안 된다.",사용하면 안 된다,1,,0,kbsn
626,아파트 단지 놀이터에서 아이들 문제를 이야기하자 한 보호자가 내 아이만 탓하는 듯한 말을 해 언성이 높아졌다.,1879,화가 나더라도 상대방의 말에 언성을 높이는 것은 좋지 않다.,agency,1,"그렇다, 좋지 않다.",좋지 않다,1,,0,crd
s-227,집안일과 동생 육아로 인한 스트레스로 육아 우울증까지 찾아왔었는데.. 갑자기 돌연사한 엄마,f-155,우울증이라고 느끼면 의사와 가족들과 상의하고 치료를 받는 것이 옳다,agency,1,"그렇다, 옳다.",옳다,1,,0,kbsn
201,"몸살로 몸이 너무 힘들어서 지하철 노약자 전용 엘리베이터를 탔는데, 함께 탄 노인들이 다 나를 쳐다보는 것 같았다.",605,다른 승객의 겉모습만 보고 노약자 전용 엘리베이터 이용을 비난하거나 불편한 시선을 주는 것은 적절하지 않다.,agency,1,"그렇다, 적절하지 않다.",적절하지 않다,1,,0,crd
200,"다리를 다쳐 깁스를 한 채로 버스 안 노약자 보호석에 앉아 가고 있었는데, 좌석이 없어서 서 계시는 할머니와 눈이 마주쳤다.",601,다른 이용자의 어려움이 보일 경우에는 자신의 상태와 안전을 고려하면서도 가능한 범위 내에서 배려를 고민하는 태도가 바람직하다.,agency,1,"그렇다, 바람직하다.",바람직하다,1,,0,crd
s-18,"“아빠, 나 사진 속 아저씨 알아” 이혼 전 아내의 외도 흔적...",f-5,배우자가 있는 사람과 외도를 하는 것은 허용되지 않는다.,agency,1,"그렇다, 허용되지 않는다.",허용되지 않는다,1,,0,kbsn
415,야채가게에서 옆에 있던 아주머니가 과일을 만져 상품성이 떨어질 수 있다며 화가 난 주인아저씨와 말다툼을 하는 장면을 보았다.,1245,공공장소에서 다툼을 목격했을때는 말리지 않아도 된다.,agency,-1,"아니다, 말려야한다.",말려야한다,1,,0,crd
304,"어머니가 병원에 가실 때 의사의 설명을 충분히 이해하지 못해 판단에 어려움을 겪고 계셨지만, 내가 관여하면 번거로울 것 같다는 생각에 어머님 스스로 판단하시도록 했다.",914,"가족이 의료 정보를 이해하는 데 어려움을 겪을 경우, 상황에 따라 적절한 도움을 제공하는 것은 바람직하지 않다.",agency,-1,"아니다, 바람직하다.",바람직하다,1,,0,crd
s-218,아버지부터 저까지 고모부에게 노동 착취를 당했는데 이젠 고모부가 동생까지 노리고 있어요...,f-138,자식이 노동 착취를 당함을 인지할 정도의 사안에 침묵하더라도 괜찮다.,agency,-1,"아니다, 옳지 않다.",옳지 않다,1,,0,kbsn
s-2133,동생에게 어머니 간 이식을 부탁해도 될까요?,f-1302,부모의 치료를 위해 자식에게 희생을 요구하는 것은 옳지 않다.,agency,1,"그렇다, 옳지 않다.",옳지 않다,1,,0,kbsn
s-1841,딸을 사탄 취급하는 엄마👿,f-1134,자녀의 행동이 마음에 들지 않으면 감정적인 비난보다 상식적인 수준에서 대화를 통해 해결하려 노력하는 것은 좋지 않다.,agency,-1,"아니다, 좋다.",좋다,1,,0,kbsn
s-1595,"반반 월세 하면 동거 안 한다는 여친, 더 내려니 억울한 남친",f-891,월세를 반반 내지 않으려는 여친을 설득하려는 것은 좋지 않다.,agency,-1,"아니다, 좋다.",좋다,1,,0,kbsn
354,어제 직장에서 마주 보고 앉아있는 상사가 아무 이유 없이 키보드를 부숴서 당황했다.,1064,장소를 불문하고 폭력적 행위는 옳지 않다.,agency,1,"그렇다, 옳지 않다.",옳지 않다,1,,0,crd
360,금전적인 여유가 있었지만 돈을 빌려달라던 동생의 부탁을 거절했다.,1080,가족의 급한 부탁은 들어주는 것이 바람직하다.,agency,1,"그렇다, 바람직하다.",바람직하다,1,,0,crd
381,자녀는 아들 하나인데 아내와 아들이 사이가 좋지 않아 크게 다툴 때 내가 어느 편을 들어야 하는지 결정하기 어려웠다.,1143,가정의 평화를 위해 갈등 상황에서 누구의 편을 들기 보다는 중립을 지키는 것이 좋다.,agency,1,"그렇다, 좋다.",좋다,1,,0,crd
s-1573,"러시아 여친과의 결혼을 반대하시는 부모님, 설득 시킬 수 있을까요 ᅲᅲ",f-876,"만약 한국에서 계속 산다면, 한국 문화에 적응하려고 노력하는 것은 좋지 않다.",agency,-1,"아니다, 좋다.",좋다,1,,0,kbsn
329,알바를 구하면서 합격 가능성을 높이려고 이력서에 경력을 약간 과장해서 적어 냈다.,988,나를 어필하기 위해 거짓 기록 보다 실력을 기르는 것은 바람직하지 않다.,agency,-1,"아니다, 바람직하다.",바람직하다,1,,0,crd
s-1677,"′′안아 줘!′′, ′′뽀뽀해 줘!′′😘 동성 친구들에게 인기 폭발인 남자의 고민",f-987,"""뽀뽀해줘.""와 같은 성희롱적 발언을 해도 된다.",agency,-1,"아니다, 하지 않는다.",하지 않는다,1,,0,kbsn
265,"회사 동료들과 커피타임을 가지는데, 항상 나만 커피 사서 서운하다.",795,동료에게 서운함을 털어놓아도 괜찮다.,agency,1,"그렇다, 그래도 괜찮다.",그래도 괜찮다,1,,0,crd
180,주차장에서 다른 운전자가 내 차를 막아놓고 연락이 없어 분노했다.,542,공공장소에서 서로의 권리와 편의를 존중하고 갈등 상황이 발생하지 않도록 배려할 필요 없다.,agency,-1,"아니다, 필요하다.",필요하다,1,,0,crd
s-1652,오빠가 이혼하며 조카 셋을 혼자 키우고 있는 고모,f-955,고모에게 보상을 주지 않으면 안된다.,agency,1,"그렇다, 그러지 않으면 안 된다.",그러지 않으면 안 된다,1,,0,kbsn
205,백수 동생이 부모님께 반항하는 모습을 보고 참지 못해 집을 나가 혼자 살라고 소리를 질렀다.,615,미혼인 성인이 부모님과 함께 거주하는 것은 문제가 된다.,agency,-1,"아니다, 문제가 되지 않는다.",문제가 되지 않는다,1,,0,crd
s-877,"이라크 남친은 안된다는 엄마...🙅 ""우리 그냥 사랑하게 해주세요""",f-538,이라크 남친을 사귀는 것은 문제없다,agency,1,"그렇다, 문제없다.",문제없다,1,,0,kbsn
777,산책로에서 대형견의 목줄을 풀어놓은 견주를 보았다.,2331,강아지를 산책시킬 때는 목줄을 하지 않아도 된다.,agency,-1,"아니다, 해야 한다.",해야 한다,1,,0,crd
686,혼잡한 버스를 타고 가던 중 다리가 불편한 사람이 내 좌석 앞에 섰길래 자리를 양보해야 하나 고민했지만 나는 자는 척했다.,2060,좌석이 필요한 상황에서도 아무 표현 없이 참고만 하는 것은 바람직하다.,agency,-1,"아니다, 바람직하지 않다.",바람직하지 않다,1,,0,crd
328,집 근처에서 길을 물어보는 노인에게 근처에 안 살아서 모른다고 했다.,985,타인에게 거짓말은 하지 않는 것이 좋다.,agency,1,"그렇다, 좋다.",좋다,1,,0,crd
337,"친구 모임에서 결혼 계획이 없다고 했더니, 한 친구가 “그럼 인생이 허무하지 않냐”고 말해 난처했다.",1013,친구들이 서로 마음이 상하지 않도록 중재하는 것이 좋다.,agency,1,"그렇다, 좋다.",좋다,1,,0,crd
176,아침 회의에서 상사가 밤새 준비한 내 아이디어를 제대로 살펴보지도 않은 채 무시하는 태도를 보여 기분이 상했다.,529,회의에서 제안이 충분히 검토되지 않았다고 판단된다고 추가 설명을 요청하는 것은 적절하지 않다.,agency,-1,"아니다, 적절하다.",적절하다,1,,0,crd
201,"몸살로 몸이 너무 힘들어서 지하철 노약자 전용 엘리베이터를 탔는데, 함께 탄 노인들이 다 나를 쳐다보는 것 같았다.",603,몸살이 났을 때 지하철 노약자 전용 엘리베이터를 이용하는 것은 괜찮다.,agency,1,"그렇다, 괜찮다.",괜찮다,1,,0,crd
264,"애견카페에서 다른 강아지가 우리 집 강아지를 물어뜯었는데, 주인이 사과 한마디 하지 않아 무척 화가 났다.",794,반려동물 동반 공간에서는 다른 사람과 동물의 안전을 위해 각자가 관리 책임을 다해야 한다.,agency,1,"그렇다, 그래야 한다.",그래야 한다,1,,0,crd
237,"다른 부서와 협업하여 업무를 하는데, 각자 원하는 방향이 달라 조정이 어려워 난감했다.",713,업무에서 협업하여 일을 할 때 각자 원하는 부분을 파악하고 같이 수정하지 않아도 된다.,agency,-1,"아니다, 같이 해야 한다 .",같이 해야 한다 ,1,,0,crd
1,본인 머리 짧은 여자인데 지나가는 할머니가 “저건 여자야 남자야?” 라고 했다.,4,자신의 외모에 대한 타인의 발언이 부적절하다고 느껴질 경우 차분하게 상황을 정리하는 것이 바람직하다.,agency,1,"그렇다, 바람직하다.",바람직하다,1,,0,crd
404,"석사 과정 연구가 힘들어서 아빠에게 전화했는데, 위로는 안해주고 현실적으로 받아들이기 힘든 조언만 해서 화를 내버렸다.",1212,감정이 격해진 상태에서 도움을 받고자 전화를 건 상대에게 분풀이를 하는 것은 옳지 않다.,agency,1,"그렇다, 옳지 않다.",옳지 않다,1,,0,crd
652,"오늘 신제품 출시 직전, 이윤 극대화를 위해 제품 결함을 숨길지 아니면 안전을 위해 출시를 연기할지 심각한 고민에 빠졌다.",1958,새로운 제품의 출시를 위해서 충분하고 다양한 실험이 필요하지는 않다.,agency,-1,"아니다, 필요하다.",필요하다,1,,0,crd
588,팀 게임 도중 같은 팀원의 플레이가 아쉬워 지적했다가 욕을 들었다. 팀 승리를 위해 지적한 건데 그냥 가만히 있을걸 그랬나 싶다.,2448,팀으로 하는 활동에서 팀원 간의 협력을 신경 써서 타인의 기분을 해치지 말아야 하는 것은 아니다.,agency,1,"그렇다, 그래야 하는 것은 아니다.",그래야 하는 것은 아니다,1,,1,crd_2nd
655,"내일 제출할 팀 과제에서 혼자 열심히 한 결과물을 동료들 이름으로 공유할지, 아니면 양심적으로 나의 노력만을 어필할지 갈등에 빠졌다.",1965,팀 과제로 수행한 결과물에 대해 자신의 높은 기여도를 앞세워 개인의 노력만을 어필하는 것은 좋지 않다.,agency,1,"그렇다, 좋지 않다.",좋지 않다,1,,0,crd
649,시어머니께서 명절에 조부모님 산소는 꼭 가야하는곳이라고하셨는데 요양원에 살아계신 친할머니 방문을 한다고 하니 못알아보는데 왜 가는거냐고 말씀하셨다.,1947,명절과 관련된 가족들의 가치관이 다를 때 차분히 설명하고 조율하는 것은 옳지 않다.,agency,-1,"아니다, 옳다.",옳다,1,,0,crd
330,나한테는 축의금을 하지 않은 얼굴만 아는 회사 사람의 결혼 축의금을 해야 하는지 고민이다.,990,과거 상호 교류가 없었던 점을 고려해 축의금 여부를 판단하는 것은 적절하지 않다.,agency,-1,"아니다, 적절하다.",적절하다,1,,0,crd
35,"컵이 부족해 커피를 큰 사이즈로 만들어 드리며 죄송하다고 말씀드렸는데, 고객이 마시던 걸 주는 거냐며 고소하겠다고 소리를 질러 어이가 없었다.",106,근무 중 필요한 물품이 부족할 가능성이 있을 때에는 미리 상대방에게 안내하는 것은 적절하지 않다.,agency,-1,"아니다, 적절하다.",적절하다,1,,0,crd
757,대학병원 교수의 진료 시간에 질문을 하자 교수가 무시하듯 상처가 되는 말을 하는 바람에 기분이 나빴다.,2273,전문성과 권위가 있는 위치일수록 환자의 이해와 심리적 안정을 고려한 의사소통을 실천해야 한다.,agency,1,"그렇다, 그래야 한다.",그래야 한다,1,,0,crd
422,친정 아버지가 홀로 계시는데 자주 전화를 걸어야 하는데 바쁘다는 핑계로 자주 전화를 못했다,1267,바쁘다는 이유로 가족과의 연락을 미루는 것은 적절하지 않다.,agency,1,"그렇다, 적절하지 않다.",적절하지 않다,1,,0,crd
485,"회사 동료가 정성껏 준비해온 선물이 정말 마음에 들지 않았지만, 상처를 주지 않으려고 억지로 기쁜 척 연기를 해야 했다.",1456,회사 동료에게 선물을 할 때 상대방의 취향을 고려하는 것은 좋지 않다.,agency,-1,"아니다, 좋다.",좋다,1,,0,crd
s-961,학교를 안 갔어~🎶 일탈이 일상인 두 딸... 엄마는 속 탄다😵,f-583,학생은 학교를 다니는 책임을 지지 않아도 된다.,agency,-1,"아니다, 책임져야 한다.",책임져야 한다,1,,0,kbsn
496,"친구들과 약속 장소를 정하는데, 친구 한 명이 매번 자신의 동네 근처로 약속 장소를 정해서 속상했다.",1490,친한 사람의 잘못은 참아주기만 해야 좋다.,agency,-1,"아니다, 좋지 않다.",좋지 않다,1,,0,crd
225,도서관에서 옆자리에 앉은 사람이 손으로 가리지도 않은 채 계속 기침을 해서 불쾌함을 느껴 마스크를 써 달라고 요청했다.,677,도서관과 같은 공공시설에서는 다른 이용자를 배려하는 행동을 해야 한다.,agency,1,"그렇다, 그래야 한다.",그래야 한다,1,,0,crd
707,오늘 까페에서 우산을 뒀는데 누군가 가져가져 황당했다,2123,절도 피해를 입었을 때는 적절한 도움을 요청하는 것이 옳다.,agency,1,"그렇다, 옳다.",옳다,1,,0,crd
s-539,주변 가족이 세상을 떠나고 여자친구가 암에 걸린 게 본인 탓 같다는 고민남,f-456,지인이 병든 것을 자기 탓으로 돌리는 것은 옳은 행동이다.,agency,-1,"아니다, 옳지 않다.",옳지 않다,1,,0,kbsn
751,오랜만에 만난 대학 동창이 내가 전업주부로 사는 삶에 대해서 부정적으로만 이야기해서 상처를 받았다.,2255,남의 삶에 대해 평가를 하는 것은 나쁜 행동이 아니다.,agency,-1,"아니다, 나쁜 행동이다.",나쁜 행동이다,1,,0,crd
299,해외 여행에서 선물을 많이 샀는데 나눠주다보니 한 명이 못 받게 되어서 당사자가 서운해했다.,898,서운함이 생길 수 있는 상황에서는 즉시 상황을 설명하고 오해를 푸는 것이 바람직하다.,agency,1,"그렇다, 바람직하다.",바람직하다,1,,0,crd
133,게임 승급전에서 같은 팀으로 매칭된 유저가 계속 게임을 망치며 남탓을 하길래 참다참다 중간에 적당히 하라고 채팅을 쳤다가 시비가 걸려 게임 끝날 때까지 그 유저랑 채팅으로 싸웠다.,401,게임을 하며 상대방을 비난하기 보다 이해하려고 노력해야 한다.,agency,1,"그렇다, 그래야 한다.",그래야 한다,1,,0,crd
386,시아버지가 아이에게 준 용돈을 남편에게 받았다고 말하지 않고 내가 몰래 써버렸다.,1159,자신에게 주어진 용돈이라 하더라도 아직 경제관념이 부족한 경우 부모의 지도를 받아 올바르게 관리하는 태도를 가져야 한다.,agency,1,"그렇다, 그래야 한다.",그래야 한다,1,,0,crd
336,"친구가 연인과의 갈등으로 힘들어하길래 솔직한 조언을 해줘야 한다고 생각했지만, 상처받을까 봐 그냥 맞장구만 쳤다.",1010,연인 사이의 갈등은 언제나 발생할 수 있지만 서로 대화로 해결하지 않아도 된다.,agency,-1,"아니다, 해야 한다.",해야 한다,1,,0,crd
187,프로젝트를 하는데 하지도 않은 일을 내가 했다고 오해받아 그 이유를 설명하는 과정에서 상대와 의견이 충돌하며 갈등을 겪은 경험이 있다.,562,오해라고 설명하는 상대를 의견도 듣지 않고 몰아 세우는 건 옳지 않다.,agency,1,"그렇다, 옳지 않다.",옳지 않다,1,,0,crd
s-467,전처 외도 목격 후 이혼한 돌싱남의 드라마 같은 이야기,f-407,배우자가 있는 상태에서 외도하는 것은 나쁘다.,agency,1,"그렇다, 나쁘다.",나쁘다,1,,0,kbsn
720,엄마가 돈 문제로 힘들어 하는데 빌려주면 못 받을까봐 나도 힘들다고 했다.,2161,부모는 자식의 경제적 자율성을 존중하지 않아도 된다.,agency,-1,"아니다, 해야 한다.",해야 한다,1,,0,crd
531,식당 아르바이트할 때 식당 주인이 잔반을 재활용하는 것을 보고도 잘못됐다고 말하지 못했다.,1595,식당 직원은 손님에게 제공되는 음식의 위생과 안전을 책임져야 한다.,agency,1,"그렇다, 그래야 한다.",그래야 한다,1,,0,crd
639,동아리 단톡방에서 친구의 발표가 사실과 달라 보였지만 분위기를 깨지 않으면서 바로잡을지 그냥 넘어갈지 망설였다.,1917,친구의 발표가 사실과 다를 때 친구에게만 이야기 해주는 것은 좋지 않다.,agency,-1,"아니다, 좋다.",좋다,1,,0,crd
420,아랫집 천장 누수문제로 누수탐지를 했지만 우리집에서 원인을 찾지 못했는데도 우리에게 책임이 있다고 우겨 갈등이 발생한 적이 있다.,1260,공동 생활에서 문제가 생겼을 때 원인을 찾는 것에 협조하는 것이 바람직하다.,agency,1,"그렇다, 바람직하다.",바람직하다,1,,0,crd
796,가족 여행 일정을 오로지 나에게 전담시키더니 정작 여행지에서 숙식이 마음에 들지 않는다며 불평불만을 늘어놓는 가족들에게 짜증이 났다.,2390,대표로 수고하여 준비한 일에 대해서는 다소 부족함이 있더라도 상대방에게 고마움을 표현하는 것이 적절하다.,agency,1,"그렇다, 적절하다.",적절하다,1,,0,crd
s-1838,군대 간 짝사랑 오빠를 못 잊겠다는 스무 살의 고민,f-1125,"상대방이 소통에 제한적일 수 있는 특수한 상황임을 인지하고, 과도한 연락으로 상대에게 부담을 주는 것은 좋다.",agency,-1,"아니다, 좋지 않다.",좋지 않다,1,,0,kbsn
37,"앞에 사람이 가고 있는데 물건이 떨어지는 걸 보았음에도 나도 바쁜 나머지, 앞에 사람에게 물건이 떨어졌다고 이야기해주지 않고 지나갔다.",111,소지품을 떨어뜨린 사람에게 소지품을 떨어뜨렸다고 알려주는 것은 좋지 않다.,agency,-1,"아니다, 좋다.",좋다,1,,0,crd
627,친구에게 빌려준 물건을 돌려달라고 했더니 너무 예민하다며 오히려 핀잔을 들어 기분이 상했다.,1883,상대방에게 핀잔을 주는 행동은 피하는 것이 좋다.,agency,1,"그렇다, 좋다.",좋다,1,,0,crd
494,"강아지 배변 봉투를 들고 산책을 시키고 있는데, 지나가던 할아버지가 강아지 똥 때문에 동네가 더럽다며 소리를 쳐서 기분이 좋지 않았다.",1483,타인의 불쾌한 반응이 있더라도 감정을 조절하며 예의 바르게 대응하는 태도가 중요하다.,agency,1,"그렇다, 중요하다.",중요하다,1,,0,crd
632,"팀플에서 발표를 친구가 맡기로 했는데 준비를 안 해서, 점수 생각하면 내가 대신 하자는 말이 목까지 나왔지만 끝까지 믿고 맡기는게 맞는지 고민됐다.",1897,팀 과제의 성과에 영향을 줄 수 있는 문제가 보일 때는 역할 조정을 제안하거나 지원 방안을 논의하는 것이 바람직하다.,agency,1,"그렇다, 바람직하다.",바람직하다,1,,0,crd
287,"발이 아파 못걷고 있는데, 걸음이 왜 이렇게 느리냐며 잔소리를 들어서 당황했다.",863,함께 이동하는 사람의 컨디션을 살피는 것이 바람직하다.,agency,1,"그렇다, 바람직하다.",바람직하다,1,,0,crd
s-1652,오빠가 이혼하며 조카 셋을 혼자 키우고 있는 고모,f-964,양육에 드는 모든 금전적인 비용을 친부모가 제공하지 않아도 된다.,agency,-1,"아니다, 그래야 한다.",그래야 한다,1,,0,kbsn
s-2601,두 아들의 싱글맘 성교육을 어떻게 해야 하나요..?!,f-1386,사회적 교육을 통해서 청소년이 성인지 감수성을 일깨울 수 있도록 하는 제도는 필요하지 않다.,agency,-1,"아니다, 필요하다.",필요하다,1,,0,kbsn
205,백수 동생이 부모님께 반항하는 모습을 보고 참지 못해 집을 나가 혼자 살라고 소리를 질렀다.,617,자녀를 훈육할 때 납득할 수 있도록 이야기하지 않아도 된다.,agency,-1,"아니다, 해야한다.",해야한다,1,,0,crd
293,복잡한 버스 안에서 유일하게 노약자 배려석만 비어 있었는데 다리가 너무 아프고 짐도 무거워서 잠시 눈 딱 감고 앉아서 갈지 아니면 끝까지 비워둬야 할지 심각하게 고민했었다,880,노약자 배려석의 취지를 인지하고 있음에도 아무 기준 없이 차지하는 행동은 바람직하다.,agency,-1,"아니다, 바람직하지 않다.",바람직하지 않다,1,,0,crd
328,집 근처에서 길을 물어보는 노인에게 근처에 안 살아서 모른다고 했다.,984,타인에게 길을 물을 때는 정중하게 요청할 필요 없다.,agency,-1,"아니다, 해야 한다 .",해야 한다 ,1,,0,crd
s-1478,완벽 집순이 아내ᅮᅮ 16년 동안 가족여행을 가본 적이 없어요..,f-808,가족 구성원과 친밀한 시간을 보내는 것이 중요하다.,agency,1,"그렇다, 중요하다.",중요하다,1,,0,kbsn
220,명절 때 친척과 얘기하는 가운데 나에대해 섭섭함을 얘기했을때 순간 많이 당황했다.,660,가족 모임에서 개인적인 섭섭함을 이야기할 때는 상대방의 입장을 고려해 신중하게 표현하는 것이 바람직하다.,agency,1,"그렇다, 바람직하다.",바람직하다,1,,0,crd
s-1462,"집순이 아내와 집돌이 아들, 가족 여행을 한 번도 가본 적이 없어요😥",f-803,성장하는 자녀에게 다양한 경험을 제공하는 것이 좋다.,agency,1,"그렇다, 좋다.",좋다,1,,0,kbsn
585,"바닥에 쓰레기를 버리는 것이 적절하지 않은 것을 알지만, 친구가 바닥에 쓰레기를 버리길래 나도 어쩔 수 없는 척 동조했다.",1755,쓰레기는 정해진 곳에 버리지 않아도 된다.,agency,-1,"아니다, 버려야 한다.",버려야 한다,1,,0,crd
489,아파트 윗집에서 밤늦게까지 쿵쿵대는 소리와 층간소음 문제로 인터폰을 통해 항의하며 이웃과 말다툼을 벌였다,1469,아파트와 같은 공동체 생활에서 타인에게 피해를 주지 않기 위해 서로 배려하고 주거 에티켓을 준수하는 것은 바람직하지 않다.,agency,-1,"아니다, 바람직하다.",바람직하다,1,,0,crd
s-740,동생의 일상이 다~ 궁금한 오빠! 남친이랑 헤어진거 얘기 안해줘서 속상했어요,f-511,남매라고 해도 비밀이 있을 수 있다.,agency,1,"그렇다, 그럴 수 있다.",그럴 수 있다,1,,0,kbsn
s-1073,남자친구를 너무 사랑하는데.. 여자들이 계속 눈에 들어와요👀,f-625,새로운 만남을 원할 경우 기존 연애를 정리하고 행동할 필요는 없다,agency,-1,"아니다, 해야 한다.",해야 한다,1,,0,kbsn
155,유치원 학예회에서 친구 자녀의 무대가 별로였지만 너무 잘 했다고 거짓말을 했다.,467,공연을 했을 때는 다양한 반응을 자연스럽게 받아들이는 태도는 필요하지 않다,agency,-1,"아니다, 필요하다.",필요하다,1,,0,crd
464,지난 주 동생과 통화를 통해 어머니와 갈등을 겪고 있다는 걸 알게 되어서 당혹스러웠다.,1394,자녀의 상황을 이해하여 갈등을 해결하는 것이 필요하다.,agency,1,"그렇다, 필요하다.",필요하다,1,,0,crd
682,"태국으로 가는 비행기를 타는데, 20대 후반 여성 두명이 진상을 피우는 바람에 늦게 출발했다.",2046,승무원의 안내를 따르지 않고 소란을 피워도 괜찮다.,agency,-1,"아니다, 올바르지 않다.",올바르지 않다,1,,0,crd
478,친척이 나의 직업을 비하하는 발언을 해서 불쾌하고 당황스러웠다.,1434,타인의 직업을 비하하는 것은 옳은 행동이다.,agency,-1,"아니다, 옳지 않다.",옳지 않다,1,,0,crd
680,할머니가 아끼시던 그릇을 내가 깨뜨렸었는데 내 동생이 깼다고 오해하셔서 동생에게 화를 내시는 걸 보고도 선뜻 나서서 내가 했다고 얘기하지 못 했다.,2042,오해를 받는 상황에서는 침착하게 사실을 말하는 것이 바람직하다.,agency,1,"그렇다, 바람직하다.",바람직하다,1,,0,crd
293,복잡한 버스 안에서 유일하게 노약자 배려석만 비어 있었는데 다리가 너무 아프고 짐도 무거워서 잠시 눈 딱 감고 앉아서 갈지 아니면 끝까지 비워둬야 할지 심각하게 고민했었다,879,노약자 배려석을 가능하면 비워두는 것은 좋지 않다.,agency,-1,"아니다, 좋다.",좋다,1,,0,crd
248,상록수역 에스컬레이터 앞에서 어떤 사람이 무작정 내 앞으로 끼어들려고 하길래 비켜줄지 말지 고민했다.,744,공공장소에서 질서를 지키는 것은 중요하다.,agency,1,"그렇다, 중요하다.",중요하다,1,,0,crd
s-1914,친구의 배신과 이혼의 상처로 매일 소주 4병 마시는 사연男,f-1175,친구를 배신하는 행위는 옳은 행동이다.,agency,-1,"아니다, 옳지 않다.",옳지 않다,1,,0,kbsn
s-435,청년 사기꾼에게 사기 가스라이팅 당한 부모님,f-389,사적으로 사기꾼에게 복수해서는 안된다.,agency,1,"그렇다, 그러면 안 된다.",그러면 안 된다,1,,0,kbsn
293,복잡한 버스 안에서 유일하게 노약자 배려석만 비어 있었는데 다리가 너무 아프고 짐도 무거워서 잠시 눈 딱 감고 앉아서 갈지 아니면 끝까지 비워둬야 할지 심각하게 고민했었다,880,노약자 배려석의 취지를 인지하고 있음에도 아무 기준 없이 차지하는 행동은 바람직하지 않다.,agency,1,"그렇다, 바람직하지 않다.",바람직하지 않다,1,,0,crd
463,얼마 전 집에서 자녀와 통화 중 힘든 일을 이야기 했지만 공감 해주지 않아 당혹스러웠다.,1391,힘든 일을 털어 놓은 감정을 공감해 주는 것은 가족 간의 좋은 행동이 아니다.,agency,-1,"아니다, 좋은 행동이다.",좋은 행동이다,1,,0,crd
45,"회사에서 상사 2명의 업무 방식 의견 차이로 언쟁이 있었다. A 상사의 방식이 옳다고 생각하지만, 말하면 B 상사와 관계가 나빠질 수 있다.",137,직장 내 갈등 상황에서 상대방을 비난하지 않고 상호 존중하며 해결책을 모색하는 것은 옳지 않다.,agency,-1,"아니다, 옳다.",옳다,1,,0,crd
s-1262,아무 결정 못 하고 남친에게만 의존하는 여친! 가끔은 시간 낭비 같아요,f-716,이성과의 관계를 시간 낭비라고 표현하는 것을 옳지 않다.,agency,1,"그렇다, 옳지 않다.",옳지 않다,1,,0,kbsn
s-1800,남편의 일거수일투족을 저보다 남편의 친구가 더 잘 알아요ᅮᅮ,f-1111,친구와의 관계가 배우자의 서운함으로 이어지더라도 이를 인지하고 대화를 통해 소통의 비중을 조절하려 노력하는 것은 좋지 않다.,agency,-1,"아니다, 좋다.",좋다,1,,0,kbsn
s-222,"11년째 처가살이 중인 고민남, 장인, 장모님 몰래 이직했는데 아직 말하지 못했다고?!",k-144,"장인, 장모님 몰래 이직해도 괜찮다.",agency,1,"그렇다, 괜찮다..",괜찮다.,1,,1,kbsn_2nd
204,부모님 생신 선물을 준비하는 과정에서 당장은 돈이 없다며 조금만 보태려는 동생과 다퉜다.,613,부모님의 행사에는 형제자매가 공동으로 책임져야 한다.,agency,1,"그렇다, 그래야 한다.",그래야 한다,1,,0,crd
s-1942,자퇴하고 공무원 되겠다는 딸 vs 학교는 졸업했으면 하는 엄마,f-1182,자식을 올바른 길로 인도하는 것이 옳다.,agency,1,"그렇다, 옳다.",옳다,1,,0,kbsn
375,배우자가 아이가 받은 용돈을 몰래 가로채서 다툼이 생겼다.,1126,부부 간 자녀와 관련된 중요한 결정을 서로 상의하는 태도는 바람직하지 않다.,agency,-1,"아니다, 바람직하다.",바람직하다,1,,0,crd
222,할머니께서 도움을 요청하시는데 납치범죄가 의심되어 도와드리지 않았다.,666,도움이 필요한 사람을 적극적으로 도와줄 필요는 없다.,agency,-1,"아니다, 도와줘야 한다 .",도와줘야 한다 ,1,,0,crd
s-2044,남친이 학원 강사와 몰래 연락해서 상처받았던 썰😭,f-1202,상처 받았더라도 상처를 준 상대방에게 책임을 물을 수 없다.,agency,-1,"아니다, 그럴 수 있다.",그럴 수 있다,1,,0,kbsn
722,이혼 후 합의한 위자료와 양육비를 제대로 이행하지 않아 너무 속상했다.,2166,상대방이 법적 의무를 회피할 경우 감정적인 대응에 치우치기보다 법적 절차를 통해 정당하게 이행을 청구하는 것이 적절하다.,agency,1,"그렇다, 적절하다.",적절하다,1,,0,crd
602,아버지와 원래 떨어져 지내는데 사이는 그리 좋지 않았다. 그러다가 갑자기 위독하시다는 연락이 왔는데 모른 척하고 가지 않았다.,1808,자식과 소원해지지 않도록 안부문자나 전화를 자주 하는 것이 좋다,agency,1,"그렇다, 좋다.",좋다,1,,0,crd
266,"이사 업체 용역이 시간에 맞춰오지 못했는데, 그것에 대해 지적했더니 본인은 업체에서 연락받고 바로 온 것이니 지각이 아니라며 따질 거면 업체에 따지라고 하여 기분이 상했다.",798,회사는 하청 업체에게 업무와 시간에 대해 명확하게 전달하지 않아도 된다.,agency,-1,"아니다, 해야 한다 .",해야 한다 ,1,,0,crd
419,"회사 상사가 업무 시간 중에 개인적인 이유로 자리를 비운 상태에서 소장님이 찾을 때 솔직하게 말을 해야 할 지, 거짓말로 둘러댈 지 딜레마에 빠진 적이 있다",1257,상급자와 관련된 민감한 상황이라면 순간적인 회피보다 조직의 신뢰를 고려해 판단하는 태도는 필요하지 않다.,agency,-1,"아니다, 필요하다.",필요하다,1,,0,crd
s-632,"아버지의 외도와, 부모님의 갈등으로 갈라져 버린 가족들...",f-53,자신의 외도로 가족을 파괴하는 것은 벌 받을 일이 아니다.,agency,-1,"아니다, 벌 받을 일이다.",벌 받을 일이다,1,,0,kbsn
382,"아내가 우리 부모님을 험담할 때 아내 편을 들어야 할지, 우리 부모님을 두둔해야 할지 난감했다.",1146,배우자의 부모님을 험담하는 것은 옳다.,agency,-1,"아니다, 옳지 않다.",옳지 않다,1,,0,crd
90,"식당에서 주문한 찌개가 나왔는데, 국자에 이물질이 묻어있어 바꿔달라고 종업원에게 요청했더니 오히려 퉁명스럽게 이야기해서 불쾌했다.",272,식당에서의 조리기구나 식기등은 위생적으로 관리해야 한다.,agency,1,"그렇다, 그래야 한다.",그래야 한다,1,,0,crd
s-342,아버지 친구 믿고 4억 원 투자한 남동생,f-285,가까운 관계라면 돈 문제는 신중히 생각하지 않아도 된다.,agency,-1,"아니다, 해야 한다.",해야 한다,1,,0,kbsn
613,"워크숍을 하며 함께 짐을 나르는데 한 명만 도우지 않고 가만히 있어 "" 좀 도우세요"" 라고 말하며 감정적인 다툼이 생겼다.",1840,"불만이 있어도 비난하는 말투보다는 구체적으로 필요한 도움을 요청하고, 감정이 격해지면 잠시 멈춰 차분히 대화하지 않아도 된다. ",agency,-1,"아니다, 해야 한다.",해야 한다,1,,0,crd
435,추운날 중고거래를 하러 나갔는데 약속시간이 한참 지나도 상대방이 오지않아 연락했더니 사과한마디 없이 지금 출발한다고 해서 화가 났다.,1305,상대방이 약속을 지키지 않았을 때 감정적으로 대응해 갈등을 키우는 것은 좋다.,agency,-1,"아니다, 좋지 않다.",좋지 않다,1,,0,crd
137,아이가 열이 40도까지 올라서 병원에 가야하는데 보호자는 나 혼자인데 직장에 비상근무가 발령되어 아빠와 직장사이에서 딜레마를 겪었다.,411,불가피한 가정사가 발생했을 때 직장에 양해를 구하고 가족을 우선적으로 돌보는 것은 허용되지 않는다.,agency,-1,"아니다, 허용된다.",허용된다,1,,0,crd
533,아파트 주차장에 친한 이웃 주민이 두 개의 주차면에 걸쳐 주차하는 것을 보았지만 제대로 주차해야 한다고 말하지 못했다.,1600,아무리 친한 이웃이라도 잘못된 행동에 주의를 주는 것은 바람직하지 않다.,agency,-1,"아니다, 바람직하다.",바람직하다,1,,0,crd
s-430,"남친과 이별 후 절친에게 배신당했어요, 어떻게 해야 할까요?",f-379,친구를 배신하더라도 괜찮다.,agency,-1,"아니다, 옳지 않다.",옳지 않다,1,,0,kbsn
721,"친구가 결혼을 한다고 해서 가보고 싶었지만, 내가 살고 있는 곳과 너무 멀어 다른 일정이 생겼다며 참석하지 못한다고 핑계를 댔다.",2164,경조사 초대를 받은 사람이 참석하지 못하더라도 개인의 상황을 존중하는 태도가 바람직하다.,agency,1,"그렇다, 바람직하다.",바람직하다,1,,0,crd
36,지하철에서 앉아있는데 어떤 아저씨가 앉아있는 사이로 손을 집어넣고 내허벅지 쓰다듬어서 어이없고 황당하고 당혹스럽고 수치스러웠다 .,108,공공장소에서 신체 접촉 등 범죄 피해를 입었을 때 주변에 도움을 요청하거나 즉시 신고하여 자신의 안전을 지키지 않아도 된다.,agency,-1,"아니다, 지켜야 한다.",지켜야 한다,1,,0,crd
84,"상점에서 다른 사람이 자신의 가방에 물건을 넣는 것을 보았는데, 이야기를 하면 오히려 내가 피해를 볼까 봐 말하지 않았다.",252,상점에서 물건을 훔쳐도 된다.,agency,-1,"아니다, 안 된다.",안 된다,1,,0,crd
s-2601,두 아들의 싱글맘 성교육을 어떻게 해야 하나요..?!,f-1384,올바른 성 가치관을 배우려는 열린 자세를 갖추는 것은 필요하지 않다.,agency,-1,"아니다, 갖추어야 한다.",갖추어야 한다,1,,0,kbsn
s-265,집에 있는 돌반지 등 귀중품을 훔친 절친 아내의 충격적인 행동들,f-229,배우자의 잘못된 윤리관은 바로잡아 주어야 한다.,agency,1,"그렇다, 그래야 한다.",그래야 한다,1,,0,kbsn
663,친구가 너무 욕설을 자주 해서 조금 자중해달라고 부탁했었는데 친구는 크게 불쾌함을 느껴서 한동안 서로 불편했던 경험이 있다.,1989,일상적인 대화에서 사람들에게 불쾌감을 줄 수 있는 욕설을 반복적으로 사용하는 것은 바람직하지 않다.,agency,1,"그렇다, 바람직하지 않다.",바람직하지 않다,1,,0,crd
356,"친구가 타 지역에서 본인이 버스를 놓쳤는데, 택시비는 아깝다며 내가 차가 있으니 데리러오라는 소리에 상당히 불쾌했다.",1068,친구를 도와주는 것에 큰 어려움이 없다면 도와주는 것이 좋다.,agency,1,"그렇다, 좋다.",좋다,1,,0,crd
774,"아이가 아파서 회사에 지각을 했는데 직장 상사가 ""너만 애 키우니? 여기 다 애 키워도 너처럼은 안 해.""라고 말해서 속상했다.",2324,"직장 상사는 자신의 지위와 권한을 고려하여 부하 직원의 개인적 상황을 존중하며, 상처가 될 수 있는 말이나 비교하는 표현을 사용하지 않아야 한다.",agency,1,"그렇다, 그래야 한다.",그래야 한다,1,,0,crd
640,카페에서 공부하던 중 옆자리 사람이 너무 큰 소리로 통화해서 집중을 위해 말할지 괜히 불편한 상황을 만들지 고민했다.,1922,주변 이용자를 고려하지 않고 큰 소리로 통화하는 것은 나쁘다.,agency,1,"그렇다, 나쁘다.",나쁘다,1,,0,crd
s-1645,딸이 구급차에 실려가는데 동네 창피하니까 사이렌 끄라는 엄마😧,f-947,딸이 다쳤더라도 엄마로서 더 신중하게 행동할 필요는 없다.,agency,-1,"아니다, 그래야 한다.",그래야 한다,1,,0,kbsn
s-1627,라방이 이어 준 25살 차이 부부💝 둘째 낳자는 27살 아내?😳,f-911,25살 어린 아내가 둘째를 가지려 할 때 좋은 부모가 될 수 있을지 생각하는 것은 좋지 않다.,agency,-1,"아니다, 좋다.",좋다,1,,0,kbsn
s-203,시부모님 모시자고 아내에게 통보한 남편,f-96,시어머니는 며느리에게 시집살이를 강요하는 것은 바람직하지 않다.,agency,1,"그렇다, 바람직하지 않다.",바람직하지 않다,1,,0,kbsn
617,"동네 카페에서 주문한 음료가 분명히 다른 메뉴였지만, 다시 만들어 달라고 하면 괜히 진상처럼 보일까 봐 말을 아꼈다.",1852,주문한 음료와 다를 경우에는 정중하게 의사를 표현하는 것이 바람직하다.,agency,1,"그렇다, 바람직하다.",바람직하다,1,,0,crd
388,아이에게 핸드폰을 하지말라고 제재하면서 나는 계속 핸드폰을 했다.,1166,아이는 핸드폰을 사용할 수 없다,agency,-1,"아니다, 할 수 있다.",할 수 있다,1,,0,crd
669,"회사 회의 시간에 서로 다른 성향으로 회의 시간은 길어졌고, 서로의 결과물에 대해 날 선 비판이 오가며 팀 분위기가 경직되었다.",2008,회의 중 의견이 다르더라도 상대의 결과물을 존중하며 표현하는 것이 적절하다.,agency,1,"그렇다, 적절하다.",적절하다,1,,0,crd
s-2212,"롱디 예정인 11살 초딩 커플, ′′남자친구와 헤어져야 할까요?′′",f-1330,초등학생의 이성 관계는 존중하지 않아도 된다.,agency,-1,"아니다, 그래야 한다.",그래야 한다,1,,0,kbsn
s-1381,"신념 때문에 고기를 먹지 못하는 아내, 설거지도 따로 해야 하는 부부",f-781,"도덕적인 문제가 아니라면, 다른 사람의 가정사에 함부로 간섭해도 좋다.",agency,-1,"아니다, 좋지 않다.",좋지 않다,1,,0,kbsn
549,"공원 산책 중 목줄을 하지 않은 개가 갑자기 달려들어 깜짝 놀랐는데, 견주가 사과는커녕 오히려 “우리 개는 안 물어요”라며 적반하장으로 화를 내서 당황스러웠다.",1648,공공장소에서 반려동물로 인해 타인이 불안함을 느끼지 않도록 관리 책임을 다하는 것은 필요하지 않다.,agency,-1,"아니다, 필요하다.",필요하다,1,,0,crd
68,스타일 변신을 위해 머리를 기르고 있었는데 주변에서 남자는 머리 기르는거 아니라고 해서 어처구니가 없었다.,204,다른 사람이 머리 스타일을 선택할 자유를 존중하는 것이 좋다.,agency,1,"그렇다, 좋다.",좋다,1,,0,crd
316,퇴근을 할 때 버스를 타고 자리에 앉아있는데 할머니가 타시는 것을 봤지만 너무 피곤해 못 본척 눈을 감았다.,949,대중교통 이용 시 도움이 필요할 경우 주변 사람에게 도움을 구하지 않아도 된다.,agency,-1,"아니다, 구해도 괜찮다.",구해도 괜찮다,1,,0,crd
s-554,6남매 키우는 것만으로 벅찬데 남편은 매일 갓 지은 밥을 해주길 원해요,f-473,배우자의 현재 상태를 이해하지 못하는 것은 좋다.,agency,-1,"아니다, 좋지 않다.",좋지 않다,1,,0,kbsn
118,마감기한이 얼마 남지 않은 일을 도와달라고 했는데 귀찮아서 못 들은 척 하고 집에 갔다,355,의사소통을 회피해 상대에게 부담을 떠넘기는 것은 바람직하지 않다.,agency,1,"그렇다, 바람직하지 않다.",바람직하지 않다,1,,0,crd
s-218,아버지부터 저까지 고모부에게 노동 착취를 당했는데 이젠 고모부가 동생까지 노리고 있어요...,f-140,가족 및 친지와의 해로운 관계를 유지하더라도 괜찮다.,agency,-1,"아니다, 옳지 않다.",옳지 않다,1,,0,kbsn
429,약속을 반복해서 어기는 친구의 태도 때문에 관계를 어떻게 유지해야 할지 고민했다.,1287,친구와의 약속은 지키지 않아도 된다.,agency,-1,"아니다, 지켜야 한다.",지켜야 한다,1,,0,crd
259,"특정인이 알 필요가 있는 이야기이지만, 알게 되면 오히려 기분이 나쁠 수 있어 함구했다.",777,상대방에게 전달해야 할 정보라도 감정에 부정적 영향을 줄 수 있다면 전달 방식과 시점을 신중하게 고려하는 것이 바람직하다.,agency,1,"그렇다, 바람직하다.",바람직하다,1,,0,crd
348,오늘 아침에 아들이 거실에서 안경을 밟아 안경이 찌그러졌는데 아들에게 순간 짜증을 부렸다,1044,아들에게 짜증을 부리는 것은 바람직 하지 않다.,agency,1,"그렇다, 바람직하지 않다.",바람직하지 않다,1,,0,crd
174,상사가 감당하기 어려운 힘든 일을 나한테 떠넘겼을 때 좋은 표정을 지을 수 없었다.,522,직장인은 업무상 불만스러운 상황이 생기더라도 감정을 표정이나 태도로 드러내지 않는 것이 좋다.,agency,1,"그렇다, 좋다.",좋다,1,,0,crd
253,주말 오후에 초대 받은 친구의 결혼식장 로비에서 나는 ATM 앞에서 친구와 얼마나 친한지를 생각하며 축의금 봉투에 얼마를 넣어야 친구가 섭섭해하지 않을지 걱정에 빠졌다.,760,하객이 각자의 사정에 맞게 축의금을 준비하는 것을 존중할 필요 없다.,agency,-1,"아니다, 존중하는 것이 좋다 .",존중하는 것이 좋다 ,1,,0,crd
s-1325,아내의 전남친이 어떻게든 번호를 찾아내는 이유는?,f-734,"교제상대의 이전 연인이 계속 집착적으로 행동한다면, 현 연인이 나서서 항의하고 교제상대를 보호해 줄 필요 없다.",agency,-1,"아니다, 해야 한다 .",해야 한다 ,1,,0,kbsn
705,회사에서 후배의 잘못을 덮어주려고 거짓말했는데 그 일이 나의 잘못이 되어버렸다.,2115,회사에서 후배가 잘못했을 경우 사실대로 회사에 보고해야 한다.,agency,1,"그렇다, 그래야 한다.",그래야 한다,1,,0,crd
s-1752,😨? 전남친이랑 유튜브 하는 걸 이해해 줄 수 있는 남자를 찾아요,f-1075,여친과 전남친이 선 넘는 행동을 한다면 이별을 해도 된다.,agency,1,"그렇다, 그래도 된다.",그래도 된다,1,,0,kbsn
s-1365,"여자와 있으면 말이 안 나와요.. 36살 모태솔로, 알고 보니 인기남?🤣",f-763,친구가 이성을 지나치게 의식하는 편이라면 고쳐 나가도록 적극적으로 조언하고 도와주지 않아도 된다.,agency,-1,"아니다, 해야 한다.",해야 한다,1,,0,kbsn
s-2601,두 아들의 싱글맘 성교육을 어떻게 해야 하나요..?!,f-1385,"부모로서, 자녀가 올바른 성 가치관을 형성할 수 있도록 노력해야 한다.",agency,1,"그렇다, 그래야 한다.",그래야 한다,1,,0,kbsn
537,이중주차를 한 차량이 사이드 브레이크를 채워 놓고 주차하여 차를 빼달라고 전화를 하였으나 차주가 지금 바쁘다고 하면서 30분 후에 나타나서는 미안하다고 말도 하지 않아 화가 났다.,1611,상대방이 잘못하면 공공장소에서 소란을 일으켜도 좋다.,agency,-1,"아니다, 좋지 않다.",좋지 않다,1,,0,crd
464,지난 주 동생과 통화를 통해 어머니와 갈등을 겪고 있다는 걸 알게 되어서 당혹스러웠다.,1392,다른 가족들 간의 관계에 관심을 갖는 것은 바람직하지 않다.,agency,-1,"아니다, 바람직하다.",바람직하다,1,,0,crd
674,식당에서 음식을 먹고 계산을 할 때 요금이 더 적게 나왔는데 모르는 척하고 결재했다.,2024,불필요한 오해를 없애기 위해서는 정확한 금액을 청구하고 결제를 받아야 한다.,agency,1,"그렇다, 그래야 한다.",그래야 한다,1,,0,crd
157,"직장을 구해야 하는데, 나는 성격이 내성적이어서 재택 근무를 해야 하나 고민이 된다.",472,자신이 가장 잘 일할 수 있는 환경으로 재택 근무를 선택하는 것은 나쁜 행동이다.,agency,-1,"아니다, 나쁘지 않다.",나쁘지 않다,1,,0,crd
s-435,청년 사기꾼에게 사기 가스라이팅 당한 부모님,f-388,사기꾼의 세뇌로부터 벗어나려는 노력을 해야 한다.,agency,1,"그렇다, 그래야 한다.",그래야 한다,1,,0,kbsn
104,"아들의 장래희망은 늘 마음에 들지 않는다. 아빠로서 나는 아들이 인기 있고 미래가 밝은 직업을 갖길 바라지만, 아들은 내가 보기에 전망이 없는 직업을 꿈꾸고 있다.",313,자녀는 자신의 장래희망에 대해서 부모님과 대화를 나눠보는 것이 바람직하다.,agency,1,"그렇다, 바람직하다.",바람직하다,1,,0,crd
s-1677,"′′안아 줘!′′, ′′뽀뽀해 줘!′′😘 동성 친구들에게 인기 폭발인 남자의 고민",f-989,실제 동성애자이므로 더 조심해서 거절해야 한다.,agency,-1,"아니다, 하지 않아도 된다.",하지 않아도 된다,1,,0,kbsn
338,"친구에게 요즘 일이 힘들다고 털어놨는데, “그 정도는 다 겪는 거야”라는 반응을 들어 서운했다.",1016,타인의 감정을 고려해 원하는 바를 들어 주는 것은 좋지 않다.,agency,-1,"아니다, 좋다.",좋다,1,,0,crd
416,"고등학생 때 약속 시간마다 늦던 친구가 오늘은 만나지 못하겠다고 해서, 전화로 앞으로는 만나지 말자고 말했다.",1250,친구 사이에 갈등이 발생하더라도 감정적인 대응보다는 대화를 통해 문제를 해결하려는 자세를 가져야 한다.,agency,1,"그렇다, 그래야 한다.",그래야 한다,1,,0,crd
613,"워크숍을 하며 함께 짐을 나르는데 한 명만 도우지 않고 가만히 있어 "" 좀 도우세요"" 라고 말하며 감정적인 다툼이 생겼다.",1841,"단체 활동에서 부담을 공평하게 나누고, 갈등이 생기면 서로를 탓하기보다 역할을 조정해 해결하는 것은 좋지 않다.",agency,-1,"아니다, 좋다.",좋다,1,,0,crd
288,"대학교에서 외국 교환학생을 친구와 함께 신청했는데, 나는 합격했지만 내 친구는 떨어졌다. 기쁜 소식이라 파티를 열고 싶은데, 그 친구를 초대해도 괜찮을지 고민이다.",864,친구의 기쁜 소식을 축하해 주지 않아도 된다.,agency,-1,"아니다, 해줘야 한다.",해줘야 한다,1,,0,crd
277,선물을 지인에게 했으나 고맙다는 인사가 없어 왜 안 하냐고 따지며 싸웠다.,831,선물을 받으면 감사 인사를 전해야한다.,agency,1,"그렇다, 그래야 한다.",그래야 한다,1,,0,crd
684,시모께서 여러 가지 반찬을 택배로 보내왔는데 너무 맛이 없어 버리는 게 많았지만 맛있게 잘 먹었다고 거짓말을 했다.,2053,가족 간에는 불편한 점이 있더라도 예의를 갖춰 솔직하게 표현하는 것이 좋다.,agency,1,"그렇다, 좋다.",좋다,1,,0,crd
187,프로젝트를 하는데 하지도 않은 일을 내가 했다고 오해받아 그 이유를 설명하는 과정에서 상대와 의견이 충돌하며 갈등을 겪은 경험이 있다.,563,"프로젝트 진행 중 의견 충돌이 나면, 서로 배려하며 상대 의견을 경청해주지 않아도 된다.",agency,-1,"아니다, 해주는 것이 좋다.",해주는 것이 좋다,1,,0,crd
s-1545,키 작은 남친과 헤어지라고 다른 남자 소개해 주는 부모님😮,f-842,연인이 있는 상태에서 다른 남자를 소개받는 행동은 옳지 않다.,agency,1,"그렇다, 옳지 않다.",옳지 않다,1,,0,kbsn
s-1652,오빠가 이혼하며 조카 셋을 혼자 키우고 있는 고모,f-957,가족의 아이를 맡아서 키우지 않아도 괜찮다.,agency,1,"그렇다, 그러지 않아도 괜찮다.",그러지 않아도 괜찮다,1,,0,kbsn
397,"지하철에 사람이 많아 앞에 앉아계신 분이 현재 위치를 파악하기 어려웠고, 결국 그 분이 중얼거리던 내려야 할 곳에서 내리지 못했는데 낯가림 때문에 이를 알려주지 못하였다.",1193,대중교통을 탈 때 내릴 곳을 미리 파악하는 것은 바람직하지 않다.,agency,-1,"아니다, 바람직하다.",바람직하다,1,,0,crd
38,길거리에 떨어진 순금으로 만들어진 얇은 팔찌를 주인을 찾아줄까 내가 가질까 깊은 고민을 했다.,115,자신의 물건을 분실하지 않도록 주의하지 않아도 된다.,agency,-1,"아니다, 해야 한다.",해야 한다,1,,0,crd
419,"회사 상사가 업무 시간 중에 개인적인 이유로 자리를 비운 상태에서 소장님이 찾을 때 솔직하게 말을 해야 할 지, 거짓말로 둘러댈 지 딜레마에 빠진 적이 있다",1259,조직 내 상황을 확인할 때에는 개인을 압박하기보다 사실관계를 차분히 파악하려는 태도가 필요하다.,agency,1,"그렇다, 필요하다.",필요하다,1,,0,crd
6,10년전 회사에서 일을 하던 도중 모르는게 발생해서 상사에게 물어봤는데 넌 그것도 모르냐며 부모님이 그렇게 가르쳤냐고 하셔서 눈물이 났다.,18,상사는 부하 직원의 업무 실수를 지적할 때 부모님이나 가정 교육을 언급하며 인격을 모독해도 된다.,agency,-1,"아니다, 안 된다.",안 된다,1,,0,crd
653,"학교에서 시험을 볼 때 높은 학점을 위해 옆자리 친구의 답안을 훔쳐볼지, 아니면 양심을 지키고 정직하게 시험을 마무리할지 내적 갈등에 휩싸였다.",1961,학생은 시험을 위해 성실하고 최선을 다해 공부하는 것이 옳다.,agency,1,"그렇다, 옳다.",옳다,1,,0,crd
102,단체 채팅방에서 농담을 던졌는데 누군가 불편해하지 않았을지 계속 신경 쓰였다.,306,채팅방에서 이야기 할때에는 다른사람이 불편하지 않도록 여러번 생각하는것이 중요하다.,agency,1,"그렇다, 중요하다.",중요하다,1,,0,crd
763,"약속 시간마다 늦게 나타나는 친구에게 한마디 했더니, 오히려 내가 예민한 사람인 것처럼 몰아가 불쾌했다.",2289,약속 시간을 반복적으로 지키지 않는 행동은 바람직하지 않다.,agency,1,"그렇다, 바람직하지 않다.",바람직하지 않다,1,,0,crd
242,"어머니가 만든 음식이 맛이 없어 배달음식을 시키고싶은데, 어머니 마음이 상하실까 고민이 된다.",728,자녀라도 부모님의 눈치를 보며 하고 싶은 선택을 바꾸지 않아도 괜찮다.,agency,1,"그렇다, 그래도 괜찮다.",그래도 괜찮다,1,,0,crd
281,부모님을 데리고 예약한 레스토랑을 갔는데 예약이 안잡혀있다고 해서 당혹스러웠다.,844,자녀가 준비한 일정에 문제가 생겼을 때는 감정적으로 탓하지 않고 이해하려는 태도를 보여야 한다.,agency,1,"그렇다, 그래야 한다.",그래야 한다,1,,0,crd
516,운전을 하다 신호등 앞에서 멈췄는데 뒤 차가 계속 빵빵거려서 보행신호임에도 갔는데 그게 자꾸 마음에 걸려 고민이 되었다.,1550,교통 상황에서는 개인의 편의보다 공공의 안전을 먼저 고려해야 한다.,agency,1,"그렇다, 그래야 한다.",그래야 한다,1,,0,crd
479,지인이 SNS에 사실보다 과장된 이야기를 올린 것을 봤지만 괜히 상처를 줄까 봐 모른 척한 선택이 맞았는지 고민했다.,1439,주목을 위해 과장되거나 오해를 부를 수 있는 정보를 공유하는 것은 바람직하지 않다.,agency,1,"그렇다, 바람직하지 않다.",바람직하지 않다,1,,0,crd
s-736,반대 무릅쓰고 결혼했는데... 장모님과의 갈등 이후 이혼 요구하는 아내!,f-506,반대하는 결혼을 하기 위해서는 지속적으로 노력해야한다.,agency,1,"그렇다, 그래야 한다.",그래야 한다,1,,0,kbsn
s-467,전처 외도 목격 후 이혼한 돌싱남의 드라마 같은 이야기,f-407,배우자가 있는 상태에서 외도하는 것은 나쁜 행동이 아니다.,agency,-1,"아니다, 나쁘다.",나쁘다,1,,0,kbsn
330,나한테는 축의금을 하지 않은 얼굴만 아는 회사 사람의 결혼 축의금을 해야 하는지 고민이다.,991,친분이 없는 동료에게 축의금을 기대하는 것은 적절하다.,agency,-1,"아니다, 적절하지 않다.",적절하지 않다,1,,0,crd
348,오늘 아침에 아들이 거실에서 안경을 밟아 안경이 찌그러졌는데 아들에게 순간 짜증을 부렸다,1044,아들에게 짜증을 부리는 것은 바람직한 행동이다.,agency,-1,"아니다, 바람직하지 않다.",바람직하지 않다,1,,0,crd
583,새집에 시어머니가 처음 오셨는데 집에 쓰던 접시와 그릇을 가지고 오셔서 난감했다.,1751,가족 간에는 생활 방식의 차이를 대화를 통해 조율하며 서로를 존중하려는 노력이 필요하지 않다.,agency,-1,"아니다, 필요하다.",필요하다,1,,0,crd
s-149,15살 연상 여친과 잘 사귀고 있는데... 사람들 시선 때문에 상처받아요,f-47,잘 모르는 사람들의 시선에 상처 받는 것은 필요하다,agency,-1,"아니다, 불필요하다.",불필요하다,1,,0,kbsn
24,다툼을 피하려고 행사 위원장을 추첨으로 정하는 자리에서 다들 “나만 아니면 된다”고 말하는 태도들이 이기적으로 느껴졌다.,74,행사 위원장 자리를 다들 기피해 추첨으로 뽑는 것은 좋은 행동이다.,agency,-1,"아니다, 좋지 않다.",좋지 않다,1,,0,crd
292,화장실에 들어갔는데 안에 사람이 있어서 바로 옆 칸을 사용하면 서로 볼일 보는 소리가 들려 민망할 것 같아 다른 층을 가야 할지 그냥 모른 척 이용해야 할지 고민했던 적이 있다,876,다른 사람이 화장실을 사용 중일 때 이를 자연스럽게 받아들이는 태도는 필요 없다.,agency,-1,"아니다, 필요하다.",필요하다,1,,0,crd
755,맞벌이를 하는데도 불구하고 남편이 집안 일에 모르는 척 할 때가 많아 기분이 나빴다.,2265,맞벌이의 경우 집안일을 공평하게 나눌 것을 남편에게 요구하는 것이 옳다.,agency,1,"그렇다, 옳다.",옳다,1,,0,crd
s-252,유부남과 바람난 아내...합의 이혼했지만 여전히 괘씸해요,f-182,혼인 관계를 유지하는 사람은 배우자가 아닌 사람과 사적인 관계를 맺는 행동을 해서는 안 된다.,agency,1,"그렇다, 그래서는 안 된다.",그래서는 안 된다,1,,0,kbsn
590,운전하는데 앞 차의 뒷 타이어가 펑크났는데 알려주지 않았다.,1771,운전할 때 다른 차에 문제가 생긴 것을 모른 채 하는 것은 바람직하다.,agency,-1,"아니다, 바람직하지 않다.",바람직하지 않다,1,,0,crd
773,"아이가 어렸을 때 발화가 빠르지 않았는데, 그 모습을 보던 시어머니가 ""우리 아들은 어릴 때부터 뭐든 빨랐는데, 누굴 닮았는지""라고 말해서 기분이 좋지 않았다.",2321,"가족 간의 대화 중 자녀의 성장 과정에 대해 부적절한 비교가 이어질 경우, 감정적으로 대응하기보다 정중하게 거부 의사를 밝히는 것은 적절하지 않다.",agency,-1,"아니다, 적절하다.",적절하다,1,,0,crd
s-570,아내와 함께 출연하기로 약속했는데 아내와 함께 나오지 못한 그의 사연은?,f-494,아내와의 약속을 지키는 것은 옳지 않다.,agency,-1,"아니다, 옳다.",옳다,1,,0,kbsn
s-2587,늦둥이 딸의 소원을 들어주고픈 딸 바보 엄마,f-1381,늦둥이 아이에 대한 사회적 편견(ex. 늦둥이는 고집을 부릴 것이다)을 가져서는 안된다.,agency,1,"그렇다, 그래서는 안 된다.",그래서는 안 된다,1,,0,kbsn
462,어제 저녁 가족과 뉴스에 대해 이야기 하다 의견 다툼이 났다,1388,민감한 주제에 대해서 객관적인 사실에 대해서만 말하는 것은 좋지 않다.,agency,-1,"아니다, 좋다.",좋다,1,,0,crd
798,우리 집 현관문 도어록 비밀번호를 알고 있는 시모가 아무 때나 문을 열고 들어오길래 비밀번호를 바꾸고 이 사실을 시모에게 알리지 않았다.,2394,자녀의 집이라면 방문 전에 미리 연락하지 않아도 된다.,agency,-1,"아니다, 해야 한다.",해야 한다,1,,0,crd
227,"반 친구들과 교실 컴퓨터로 유튜브를 봤는데, 선생님이 유튜브 본 사람 나오라고 혼내셨다. 그때 친구들은 다 나가고 나는 나가지 않았는데, 걸리지는 않았지만 친구에게 미안했다.",681,교사로써 학교에서 유튜브를 본 학생들의 잘못된 행동을 훈계하는 것은 적절하다.,agency,1,"그렇다, 적절하다.",적절하다,1,,0,crd
s-218,아버지부터 저까지 고모부에게 노동 착취를 당했는데 이젠 고모부가 동생까지 노리고 있어요...,f-142,아버지와 형제의 노동 착취를 묵과하는 것은 옳지 않다.,agency,1,"그렇다, 옳지 않다.",옳지 않다,1,,0,kbsn
447,무거운 짐을 들고 계단을 올라가는 사람을 외면했다.,1341,공공장소에서 타인의 어려움을 보았을 경우 자신의 여건을 고려해 도움 여부를 판단하려는 태도는 필요 없다.,agency,-1,"아니다, 태도가 필요하다.",태도가 필요하다,1,,0,crd
s-1327,"일주일 만에 순삭 한 680만 원😱 전남친에게 핸드폰, 컴퓨터 선물한 고1",f-741,헤어진 연인에 대한 남은 애정이나 미련을 물질적인 헌신으로 발산하는 것은 옳다.,agency,-1,"아니다, 옳지 않은 행동이다.",옳지 않은 행동이다,1,,0,kbsn
75,친구와의 관계에서 각자의 삶의 속도와 우선순위가 달라지면서 연락 빈도가 현저히 줄어들었다. 서로 만남에 대한 기대가 다른 것 같아 서운함이 생겼다.,225,오랜 친구 사이일수록 서로의 변화를 자연스러운 성장의 과정으로 인정하고 적절한 심리적 거리를 유지하는 것이 관계 지속에 중요하다.,agency,1,"그렇다, 중요하다.",중요하다,1,,0,crd
740,"1달전에 입사하기로 했던 회사가 있었는데, 입사 하루 전 더 좋은 제안이 와서 다른 회사로 이직을 했다. 도의적으로는 맞지 않았으나 좋은 기회를 놓칠수 없어 신의를 저버렸다.",2222,중요한 선택을 앞두고는 단기적 이득뿐 아니라 신의와 장기적 신뢰를 함께 고려하는 것이 옳다.,agency,1,"그렇다, 옳다.",옳다,1,,0,crd
181,지하철에서 큰 소리로 통화하는 승객에게 뭐라 했다가 싸움이 났다.,545,타인이 지적하는 자신의 잘못된 행동에 대해 반성할 줄 몰라도 된다.,agency,-1,"아니다, 할 줄 알아야 한다 .",할 줄 알아야 한다 ,1,,0,crd
84,"상점에서 다른 사람이 자신의 가방에 물건을 넣는 것을 보았는데, 이야기를 하면 오히려 내가 피해를 볼까 봐 말하지 않았다.",253,도둑질을 하는 모습을 보고 알리는 것은 바람직하지 않다.,agency,-1,"아니다, 바람직하다.",바람직하다,1,,0,crd
402,"남자친구가 회사 사람들과 밤새도록 술을 마셨는데, 새벽까지 여자 동료도 함께 있었다는 것에 화가 나 싸움이 발생했다.",1206,상대방에게 감정적으로 화를 표출하여 싸움 분위기를 조성해서는 안된다.,agency,1,"그렇다, 그래서는 안 된다.",그래서는 안 된다,1,,0,crd
s-1189,"백혈병 투병 중인 엄마, 아이들도 있는데 몸도 마음도 너무 지쳐 가요..",f-701,백혈병 투병 중인 엄마에 대한 간호에 최선을 다해야 한다.,agency,1,"그렇다, 그래야 한다.",그래야 한다,1,,0,kbsn
s-1652,오빠가 이혼하며 조카 셋을 혼자 키우고 있는 고모,f-960,고모에게 예의를 지키는 것이 좋다.,agency,1,"그렇다, 좋다.",좋다,1,,0,kbsn
101,상사의 지시에 의문이 들었지만 반박하는 것이 맞는지 따르는 것이 맞는지 고민되었다.,303,부하직원이 상사의 지시를 존중하되 의문을 해소할 수 있는 질문을 하는 것은 좋지 않다.,agency,-1,"아니다, 좋다.",좋다,1,,0,crd
302,버스 정류장 옆에 쓰레기가 쌓여 있는데 내가 가진 쓰레기도 버려도 되는지 아니면 스스로 처리해야 하는지 판단하기 어려웠다.,908,나의 쓰레기는 쓰레기통이 있는 곳까지 소지하고 있는 것이 적절하다.,agency,1,"그렇다, 적절하다.",적절하다,1,,0,crd
401,"회사에서 나를 억지로 외근을 다니게 하는 상사에게 논리적으로 내 업무에 도움이 안됨을 어필했으나, 상사가 ""신입이 이렇게 말을 안들으면 왜 뽑았냐""는 식으로 말해서 속상했다.",1204,상사는 지위를 이용하여 부하 직원에게 모욕감을 주거나 강압적인 태도를 보여도 된다.,agency,-1,"아니다, 안 된다.",안 된다,1,,0,crd
s-227,집안일과 동생 육아로 인한 스트레스로 육아 우울증까지 찾아왔었는데.. 갑자기 돌연사한 엄마,f-155,우울증이라고 느끼더라도 의사와 가족들과 상의하고 치료를 받는 것은 옳지 않다,agency,-1,"아니다, 옳다.",옳다,1,,0,kbsn
s-1079,연애 11년 + 결혼 6년 차 부부! 시도 때도 없이 스킨십 하려는 남편 때문에 미치겠어요🤣,f-639,갈등이 생겼을 때 대화를 통해 기준을 조정하는 행동은 바람직하지 않다.,agency,-1,"아니다, 바람직하다.",바람직하다,1,,0,kbsn
s-2257,아들~그래도 대학은 가야 하지 않겠니..? 졸업 후 취업을 원하는 아들과 반대하는 부모님,f-1340,자식에게 특정 진로 방향만 권유하는 것은 옳지 않다.,agency,1,"그렇다, 옳지 않다.",옳지 않다,1,,0,kbsn
282,"학교에서 축구를 하다가 공이 외곽으로 굴러갔는데, 근처에 있던 다른 사람이 더 먼곳으로 차버려서 화가 났다.",847,내가 즐기는 스포츠가 타인에게 위협이나 신체적 위해를 가할 가능성이 있음을 인지하고 그 책임은 본인에게 있음을 인정하는 것이 바람직하다.,agency,1,"그렇다, 바람직하다.",바람직하다,1,,0,crd
695,친구들과 단톡방에서 대화 중 한 친구가 말끝마다 꼬투리잡으면서 시비 걸어서 불쾌하고 기분나빠져서 단톡방을 나왔다,2085,단톡방에서 서로를 배려하면서 대화를 하는 것은 바람직하지 않다.,agency,-1,"아니다, 바람직하다.",바람직하다,1,,0,crd
103,회의 자리에서 내 의견을 말하자 상대가 공개적으로 무시하는 태도를 보여 큰 불쾌함을 느꼈다.,310,업무 회의에서 개인 감정보다 논의의 목적에 집중하는 태도는 중요하지 않다.,agency,-1,"아니다, 중요하다.",중요하다,1,,0,crd
s-160,아내와 이혼 후 세 딸 양육비 안 줬어요,f-62,이혼한 아내에게 양육에 필요한 금전적 지원을 요구할 수 있다.,agency,1,"그렇다, 그럴 수 있다.",그럴 수 있다,1,,0,kbsn
s-1437,변호사 시험을 앞두고 자꾸 남과 비교하게 되는 로스쿨생,f-800,다른 사람의 상황과 스스로의 상황을 비교하는 것은 적절하다.,agency,-1,"아니다, 적절하지 않다.",적절하지 않다,1,,0,kbsn
83,회식 자리에서 술을 마시지 않겠다고 했는데 동료가 계속 권해 불편함을 느꼈다.,251,"회식 자리에서 술을 강요받았더라도, 분위기가 불편해지지 않도록 정중하게 거절 의사를 밝히는 것이 좋다.",agency,1,"그렇다, 좋다.",좋다,1,,0,crd
s-222,"11년째 처가살이 중인 고민남, 장인, 장모님 몰래 이직했는데 아직 말하지 못했다고?!",k-145,11년째 처가살이를 할 수 있다.,agency,1,"그렇다, 할 수 있다..",할 수 있다.,1,,1,kbsn_2nd
s-2528,‘어려운 한국 문화’ 한국 시댁살이가 걱정되는 러시아댁...,f-1375,서로 상이한 문화에 적응하려는 적극적인 자세는 필요하지 않다.,agency,-1,"아니다, 필요하다.",필요하다,1,,0,kbsn
s-632,"아버지의 외도와, 부모님의 갈등으로 갈라져 버린 가족들...",f-53,자신의 외도로 가족을 파괴하는 것은 벌 받을 일이다,agency,1,"그렇다, 벌 받을 일이다.",벌 받을 일이다,1,,0,kbsn
76,외할아버지 생신 축하를 위해 강원도 리조트에서 가족들이 모두 모여 1박 2일 시간을 보내기로 했는데 축하를 위해 참석할지 나의 자유와 편안함을 위해 빠질지 고민했다.,228,외할아버지의 생신 축하 행사에는 가족으로서 참여하는 것이 바람직하다.,agency,1,"그렇다, 바람직하다.",바람직하다,1,,0,crd
s-160,아내와 이혼 후 세 딸 양육비 안 줬어요,f-63,부모는 자녀 양육에 필요한 금전적 지원을 해야 한다.,agency,1,"그렇다, 그래야 한다.",그래야 한다,1,,0,kbsn
637,"카페에서 친구가 내 옷차림 보고 “너무 촌스럽다” 농담처럼 말할 때, 웃어야 할지 서운함을 표현할지 모르겠고 당황스러워서 그냥 무시했었어.",1913,상대방의 외모나 취향을 평가하는 발언을 신중하게 하지 않아도 된다.,agency,-1,"아니다, 해야 한다.",해야 한다,1,,0,crd
132,"대학 교양수업 조별과제 중, 팀원 하나가 조별 단톡방에서 자기 전공 때문에 조별과제 참석을 못하겠다고 당당히 말하길래 잔뜩 화난 채로 그 사람이랑 단톡방에서 싸웠다.",397,팀원 하나의 말이 마음에 들지 않더라도 더 깊은 사정이 있는지 확인하고 대응하는 것은 타당하지 않다,agency,-1,"아니다, 타당하다.",타당하다,1,,0,crd
768,"회의 시간에 성별이 다른 직장 상사의 바지 지퍼가 열린 것을 발견했는데, 이걸 말해줘야 하나 말아야 하나 고민 됐다.",2306,신체의 민감한 부위와 관련된 지적을 직접적으로 언급해도 된다.,agency,-1,"아니다, 안 된다.",안 된다,1,,0,crd
729,미용실에서 시술원리에 대해 듣다가 다른 미용실에서 들었던 내용과 달라서 확인요청을 했으나 처음같은 답변을 들어서 재차 확인하고 싶었지만 디자이너의 기분만 상할 것 같아서 포기했다.,2189,손님의 질문에 답변하기가 곤란할 때 솔직하게 말씀드리는 것은 좋지 않다.,agency,-1,"아니다, 좋다.",좋다,1,,0,crd
385,왕복1차로인 좁은 골목도로에서 내가 먼저 진입을 하였으나 반대편에서 늦게 진입한 차량이 양보를 하지 않고 크락션을 울리며 계속 밀고들어와서 당황스럽고 불쾌하였다.,1155,늦게 진입한 차량이 양보를 하는 것은 옳지 않다,agency,-1,"아니다, 옳다.",옳다,1,,0,crd
126,"같은 날 응시한 식품기사 필기시험에 동기가 떨어져서 속상함을 토로할때, 나는 필기시험에 합격한 것을 말하지 않았다.",379,자신의 불합격 소식에 대해 가까운 지인에게 솔직한 심정을 털어놓으며 정서적 위로를 구하는 것은 괜찮다.,agency,1,"그렇다, 괜찮다.",괜찮다,1,,0,crd
s-179,갑자기 생긴 새아버지의 극심한 폭언과 폭행 속에 살고 있는 그녀의 충격적인 사연은?!,f-69,가정 폭력에 처해있는 사람을 알게 되었을 때 방관하면 안 된다.,agency,1,"그렇다, 그러면 안 된다.",그러면 안 된다,1,,0,kbsn
628,비 오는 날 버스 정류장에서 우산 없이 서 있는 사람을 보았지만 부담이 될까봐 같이 쓰자고 말하지 못했다.,1885,당일이나 다음날 날씨를 미리 확인하여 대비할 필요는 없다.,agency,-1,"아니다, 하는 것이 바람직하다.",하는 것이 바람직하다,1,,0,crd
280,친구들과 여행을 가서 먹을 음식들을 구매하는데 심사숙고해서 무난한 삼겹살이 아닌 양념갈비를 골랐는데 싫다고해서 속상했다.,840,타인의 의견도 수용할 줄 알아야 한다,agency,1,"그렇다, 그래야 한다.",그래야 한다,1,,0,crd
407,"친구가 자녀로 인해 힘들어하며 조언을 구했지만, 솔직하게 말하는 것이 도움이 될지 상처가 될지 고민했다.",1223,자신으로 인해 힘들어하는 부모와 대화를 시도하는 것이 바람직하다.,agency,1,"그렇다, 바람직하다.",바람직하다,1,,0,crd
664,지하철에서 어떤 사람이 내 가방을 치고 갔었는데 하필 내가 아끼던 열쇠고리가 떨어져 속상했었다.,1993,타인의 물건에 피해를 주었을 경우 사과하지 않아도 된다,agency,-1,"아니다, 해야 한다.",해야 한다,1,,0,crd
s-324,"코인 투자로 일주일 만에 1,300만 원 날린 여자",f-275,돈을 함부로 쓰는 것은 옳은 행동이다.,agency,-1,"아니다, 옳지 않다.",옳지 않다,1,,0,kbsn
454,10년전에 제가 노트북 사달라고 부모님한테 졸랐고 부모님이 예산 문제로 반대해서 서로간에 화가 많이 났던 상황이 많았다.,1364,가족 간 의견이 다를 때 감정적으로 대응하기보다 대화를 통해 조율하려는 태도는 필요하지 않다.,agency,-1,"아니다, 필요하다.",필요하다,1,,0,crd
s-2133,동생에게 어머니 간 이식을 부탁해도 될까요?,f-1301,장기 이식에 동의함으로 살아갈 삶을 가정하면서 장기 이식을 결정하는 것은 타당하지 않다.,agency,-1,"아니다, 타당하다.",타당하다,1,,0,kbsn
s-324,"코인 투자로 일주일 만에 1,300만 원 날린 여자",f-273,그녀를 비난하는 것은 옳은 행동이다.,agency,-1,"아니다, 옳지 않다.",옳지 않다,1,,0,kbsn
181,지하철에서 큰 소리로 통화하는 승객에게 뭐라 했다가 싸움이 났다.,545,타인이 지적하는 자신의 잘못된 행동에 대해 반성할 줄 알아야 한다.,agency,1,"그렇다, 바람직하다.",바람직하다,1,,0,crd
377,"몸이 아파서 병원에 다녀오는 길에 대중교통을 이용했는데, 지금은 나도 약자임에도 불구하고 어르신께 자리를 양보해야 할 것 같은 마음이 들어서 힘들었다.",1131,자신의 건강 상태를 고려하여 타인의 양보 요청을 정중히 거절하는 것은 정당하지 않다.,agency,-1,"아니다, 정당하다.",정당하다,1,,0,crd
s-1521,"이유 있는 모쏠의 남자친구 조건 : 연하에, 잘생기고, 재미있어야 함😍",f-826,다른 사람의 생각을 비아냥거리는 것은 좋은 행동이다.,agency,-1,"아니다, 나쁜 행동이다.",나쁜 행동이다,1,,0,kbsn
249,"친구와 해외여행을 가서, 짝퉁 시장에서 짝퉁을 구매하였는데 친구가 짝퉁을 왜 사는 지 모르겠다라고 했다.",749,여행 중에 가치관이나 취향의 차이가 있음을 인정하고 상호 존중을 바탕으로 관계를 유지하려는 노력은 중요하지 않다.,agency,-1,"아니다, 중요하다.",중요하다,1,,0,crd
s-2314,"감성적 남편 vs 현실적 아내, 너무 다른 두 사람의 초 현실적 부부싸움",f-1357,"가정을 안정적으로 유지하는 데 있어, 배우자와 다투는 것은 좋은 행동이다.",agency,-1,"아니다, 좋지 않다.",좋지 않다,1,,0,kbsn
293,복잡한 버스 안에서 유일하게 노약자 배려석만 비어 있었는데 다리가 너무 아프고 짐도 무거워서 잠시 눈 딱 감고 앉아서 갈지 아니면 끝까지 비워둬야 할지 심각하게 고민했었다,881,대중교통에서 어려움이 있을 때는 노약자 배려석을 일시적으로 이용하되 필요 대상자가 오면 즉시 양보할 준비를 하는 것이 바람직하다.,agency,1,"그렇다, 바람직하다.",바람직하다,1,,0,crd
162,"줄서서 기다리는데, 누군가 새치기해서 지적을 했다가 오히려 예민하다는 소리를 들어 황당했다.",486,여러 사람이 기다리는 상황에서 순서를 어기는 것은 허용되지 않는다.,agency,1,"그렇다, 허용되지 않는다.",허용되지 않는다,1,,0,crd
556,버스의 어떤 여자가 휴대폰으로 동영상을 보는데 너무 시끄러워서 볼륨을 줄이라고 말할까 말까 고민했다.,1669,"대중교통에서는 휴대폰 영상이나 음악을 큰 소리로 틀지 말고, 이어폰을 사용하거나 소리를 줄여야 한다.",agency,1,"그렇다, 그래야 한다.",그래야 한다,1,,0,crd
104,"아들의 장래희망은 늘 마음에 들지 않는다. 아빠로서 나는 아들이 인기 있고 미래가 밝은 직업을 갖길 바라지만, 아들은 내가 보기에 전망이 없는 직업을 꿈꾸고 있다.",312,아빠가 아들의 장래희망을 자신의 기준으로 판단하는 것은 괜찮다.,agency,-1,"아니다, 옳지 않다.",옳지 않다,1,,0,crd
509,"나와 상의도 없이 먼저 시댁 식구들과 약속을 잡은 후, 통보를 하는 남편때문에 매우 불쾌했다.",1529,배우자가 상의없이 결정한 일에 대해 불쾌한 감정을 표현하여 문제를 해결하는 것은 필요하지 않다.,agency,-1,"아니다, 필요한 자세이다.",필요한 자세이다,1,,0,crd
392,"지난 주말, 멀리 사는 친구가 우리집 근처에 온다며 만나자고 연락했는데 귀찮아서 다른 약속이 있다고 거짓말을 했다.",1177,친구의 약속 제안을 거절할 때 사실과 다른 이유를 말하는 것은 적절하지 않다.,agency,1,"그렇다, 적절하지 않다.",적절하지 않다,1,,0,crd
648,아이들에게는 저녁늦게 간식을 먹는게 좋지않다도 말하고 그날저녁 간식이 먹고 싶어 족발을 주문해서 먹었다.,1944,아이들에게 올바른 습관을 길들여주는 것은 좋지 않다.,agency,-1,"아니다, 좋다.",좋다,1,,0,crd
s-1587,′오빠′ 아니고 ′아빠′야? 동안인 남편 때문에 떨어져서 다니는 부부,f-883,동안인 남편 때문에 떨어져서 다니는 부부가 다시 같이 다닐 수 있게 도와주는 것이 좋다.,agency,1,"그렇다, 좋다.",좋다,1,,0,kbsn
s-1262,아무 결정 못 하고 남친에게만 의존하는 여친! 가끔은 시간 낭비 같아요,f-718,이성의 의존의 대상이 되더라도 독단적으로 결정하는 것은 괜찮다.,agency,-1,"아니다, 안된다.",안된다,1,,0,kbsn
s-264,사랑하는 아내를 떠나보냈는데 혼자 아이 잘 키울 수 있겠죠...?,f-222,임종이 가까운 사람은 가족과 충분한 감정적 교류를 하고 건강한 이별을 준비하는 것은 필요하지 않다.,agency,-1,"아니다, 해야 한다.",해야 한다,1,,0,kbsn
445,급한 약속이 있어서 횡단보도 멈춤 신호를 무시하고 무단횡단을 한적이 있다,1335,보행 중에는 약속의 급함과 관계없이 교통 신호를 지키는 것이 바람직하다.,agency,1,"그렇다, 바람직하다.",바람직하다,1,,0,crd
s-2587,늦둥이 딸의 소원을 들어주고픈 딸 바보 엄마,f-1381,늦둥이 아이에 대한 사회적 편견을 가져도 된다.,agency,-1,"아니다, 그래서는 안 된다.",그래서는 안 된다,1,,0,kbsn
299,해외 여행에서 선물을 많이 샀는데 나눠주다보니 한 명이 못 받게 되어서 당사자가 서운해했다.,898,서운함이 생길 수 있는 상황에서 즉시 상황을 설명하고 오해를 푸는 것은 바람직하지 않다.,agency,-1,"아니다, 바람직하다.",바람직하다,1,,0,crd
s-890,두 남편이 저지른 외도와 폭력... 싱글맘 됐지만 아이 잘 키우고 싶어요,f-550,부모가 이혼을 해 엄마와 함께 살게 된다면 행복하게 잘 사는 것이 옳다,agency,1,"그렇다, 옳다.",옳다,1,,0,kbsn
795,건강이 좋지 않은 시모의 병원 통원 문제로 타 지역에 사는 시누이들에게 연락했더니 외면을 해서 화가 났다.,2387,가족들이 힘을 합쳐야 할 문제를 며느리에게만 맡기는 것은 좋지 않다.,agency,1,"그렇다, 좋지 않다.",좋지 않다,1,,0,crd
443,저녁에 마트에 갔는데 물건을 떨어트려서 깨졌는데 그냥 가는 사람을 보았다.,1330,매장에서 물건을 떨어뜨려 깨졌는데도 나몰라라하는 사람을 보면 직원에게 알려야 한다.,agency,1,"그렇다, 그래야 한다.",그래야 한다,1,,0,crd
555,우리 아파트의 어떤 여자가 스티커를 붙이지 않은 의자를 폐기물로 내놓는 것을 보고 지적을 할까 말까 고민했다.,1665,폐기물을 버릴 때는 스티커를 붙이지 않아도 된다.,agency,-1,"아니다, 붙여야 한다.",붙여야 한다,1,,0,crd
376,차안에서 내가 좋아하는 음악을 틀었는데 옆사람이 “음악이 너무 쳐져”라고 해서 기분이 좋지 않았다.,1130,공동 공간에서 음악을 틀 때는 다른 사람의 의견을 묻고 조율하는 것이 바람직하다.,agency,1,"그렇다, 바람직하다.",바람직하다,1,,0,crd
36,지하철에서 앉아있는데 어떤 아저씨가 앉아있는 사이로 손을 집어넣고 내허벅지 쓰다듬어서 어이없고 황당하고 당혹스럽고 수치스러웠다 .,110,모든 시민은 공공장소에서 타인의 신체적 자유를 존중하고 성적 불쾌감을 줄 수 있는 부적절한 행동을 해도 된다.,agency,-1,"아니다, 삼가야 한다.",삼가야 한다,1,,0,crd
492,청소 분담 문제로 룸메이트와 의견 차이가 생겨 서로 쌓였던 불만을 터뜨리며 크게 싸운 적이 있다.,1478,공동 공간의 관리와 책임을 사전에 합의된 기준을 존중하며 성실히 이행하는 것은 바람직하지 않다.,agency,-1,"아니다, 바람직하다.",바람직하다,1,,0,crd
109,약속 시간에 늦은 상대에게 불만을 표현해야 할지 넘기는 게 성숙한 태도인지 판단하기 어려웠다.,327,자기 자신의 불만을 표현할 때에는 상대가 기분 상하지 않게 대화로 풀어나가는 것이 옳다,agency,1,"그렇다, 옳다.",옳다,1,,0,crd
328,집 근처에서 길을 물어보는 노인에게 근처에 안 살아서 모른다고 했다.,985,타인에게 거짓말을 하지 않는 것은 나쁘다.,agency,-1,"아니다, 좋다.",좋다,1,,0,crd
768,"회의 시간에 성별이 다른 직장 상사의 바지 지퍼가 열린 것을 발견했는데, 이걸 말해줘야 하나 말아야 하나 고민 됐다.",2305,"회의와 같은 공적인 장소에 나서기 전, 옷 매무새 등 용모를 단정히 하면 안 된다.",agency,-1,"아니다, 단정히 한다.",단정히 한다,1,,0,crd
401,"회사에서 나를 억지로 외근을 다니게 하는 상사에게 논리적으로 내 업무에 도움이 안됨을 어필했으나, 상사가 ""신입이 이렇게 말을 안들으면 왜 뽑았냐""는 식으로 말해서 속상했다.",1204,상사는 지위를 이용하여 부하 직원에게 모욕감을 주거나 강압적인 태도를 보여서는 안 된다.,agency,1,"그렇다, 그래서는 안 된다.",그래서는 안 된다,1,,0,crd
s-282,"썸녀랑 반 동거하는 사이지만, 사귀는 관계는 아니라는 고민남",f-239,상대가 오해할 만한 행동을 하는 것은 바람직한 행동이다.,agency,-1,"아니다, 바람직하지 않다.",바람직하지 않다,1,,0,kbsn
648,아이들에게는 저녁늦게 간식을 먹는게 좋지않다도 말하고 그날저녁 간식이 먹고 싶어 족발을 주문해서 먹었다.,1946,자녀들의 생활 습관 교육을 할 때 부모도 함께 습관을 잘 지키는 것은 좋지 않다.,agency,-1,"아니다, 좋다.",좋다,1,,0,crd
272,지인 이에 고춧가루가 낀 채로 환하게 웃고 있어서 말할지 말지 고민했다.,818,상대의 체면을 해칠 수 있는 말은 공개적인 자리에서 하지 않는 것이 바람직하다.,agency,1,"그렇다, 바람직하다.",바람직하다,1,,0,crd
100,친구의 고민을 들으면서도 현실적인 조언을 해야 할지 공감만 해야 할지 판단이 서지 않아 망설였다.,300,친구의 고민을 함께 공감하는 것은 옳은 일이다.,agency,1,"그렇다, 옳은 일이다.",옳은 일이다,1,,0,crd
s-1652,오빠가 이혼하며 조카 셋을 혼자 키우고 있는 고모,f-953,조카 셋을 혼자 키우는 고모에게 존경의 의미를 덧붙이는 것이 좋다.,agency,1,"그렇다, 좋다.",좋다,1,,0,kbsn
s-1945,사위 맘에 안든다고 딸에게 친자 확인해보라는 장모님?!,f-1184,본인의 가족이 배우자를 험담하도록 놔두어서는 안된다.,agency,1,"그렇다, 안 된다.",안 된다,1,,0,kbsn
662,"작년에는 내가 너무 바빠서 연락 자체를 잘 못했는데 친구가 왜 이렇게 연락을 안 하냐고 화냈고, 순간 나도 울컥했었다.",1986,친구 관계에서는 상대의 사정과 상황 변화를 이해하려는 태도를 가지고 서운함이 있더라도 감정적으로 비난하기보다 대화를 통해 표현하는 것이 바람직하다.,agency,1,"그렇다, 바람직하다.",바람직하다,1,,0,crd
s-411,"폭력으로 인해 감옥에 간 아빠, 폭언과 돈 갈취까지 한 엄마...? 전 병까지 걸렸어요",f-373,타인을 폭행하는 행위는 옳지 않다.,agency,1,"그렇다, 옳지 않다.",옳지 않다,1,,0,kbsn
s-341,"언니의 칼부림, 아버지의 가정폭력과 알코올 중독",f-282,술을 마실 때는 가정뿐 아니라 사회에서도 예의를 지키는 것이 옳다.,agency,1,"그렇다, 옳다.",옳다,1,,0,kbsn
s-895,부부가 가져온 또다른 고민! 재혼 가정에서 어린 딸과 잘 지낼 수 있을까요?,f-556,재혼 한 가정을 편견으로 바라봐도 된다,agency,-1,"아니다, 안된다.",안된다,1,,0,kbsn
788,얼마 전 대학 선배가 신용카드를 분실했다며 재발급될 동안 내 카드를 대신 좀 쓰자고 하는 걸 못 들은 척 무시했다.,2365,내 신용카드를 빌려주는 문제는 상호간의 신뢰를 위해 상대방의 긴급한 상황 여부를 미리 확인하고 판단하는 것이 좋다.,agency,1,"그렇다, 좋다.",좋다,1,,0,crd
711,"상사의 불명확한 업무 지시로 일을 다시 하게 되었고, 아쉬움을 전했지만 오히려 책임을 묻는 반응에 황당했다.",2134,지시 내용이 모호하다고 판단될 경우 업무를 시작하기 전 상사에게 질문하여 세부 사항을 명확히 확인하는 것은 적절하지 않다.,agency,-1,"아니다, 적절하다.",적절하다,1,,0,crd
86,"신입사원이 자신의 업무에 어려움을 겪고 있는 모습을 보았으나, 내 업무가 너무 바빠서 도와주지 않았다.",258,업무가 바쁘면 신입 직원이 어려움을 겪는 경우 최소한의 안내나 도움을 제공하려는 노력은 필요하지 않다.,agency,-1,"아니다, 필요하다.",필요하다,1,,0,crd
577,"부모님 병원 예약을 잡아드리면서 회사 일정과 겹쳐 직접 동행할지, 간호를 미루고 일을 선택할지 고민했다.",1731,자녀가 부모님의 병원 방문에 동행하는 것은 좋은 행동이다.,agency,1,"그렇다, 좋은 행동이다.",좋은 행동이다,1,,0,crd
s-181,남편이 너무 예민해 화장실 가기도 눈치 보인다는 임신한 아내,f-74,일상에 방해가 될 정도로 타인의 눈치를 보는 것은 바람직하지 않다.,agency,1,"그렇다, 바람직하지 않다.",바람직하지 않다,1,,0,kbsn
616,"마트 계산대에서 직원이 내 계산을 이중으로 한 것 같았지만, 내가 착각한 건 아닐지 확신이 없어 그냥 지나쳤다.",1850,문제점을 발견하고도 그냥 지나치는 것은 바람직하지 않다.,agency,1,"그렇다, 바람직하지 않다.",바람직하지 않다,1,,0,crd
749,지하철 안에서 다른 사람은 신경쓰지 않고 큰 소리로 영상을 시청하는 사람때문에 당혹스러운 기억이 있다.,2249,공공장소에서 소음를 내는 행동에 주의를 요청해도 괜찮다.,agency,1,"그렇다, 그래도 괜찮다.",그래도 괜찮다,1,,0,crd
s-1562,"뇌출혈로 눈물을 잃은 남자, 아내와의 이혼 얘기에 ′키득키득′",f-859,부부의 사생활에는 관여하지 않는 것이 좋다.,agency,1,"그렇다, 좋다.",좋다,1,,0,kbsn
243,"좋아하는 마음을 전하는 것이 옳은지, 상대를 배려해 숨기는 것이 맞는지 고민했다.",730,상대에게 좋아하는 마음을 전할 때 즉각적으로 반응을 요구하지 않아야 한다.,agency,1,"그렇다, 그래야 한다.",그래야 한다,1,,0,crd
795,건강이 좋지 않은 시모의 병원 통원 문제로 타 지역에 사는 시누이들에게 연락했더니 외면을 해서 화가 났다.,2386,가족들과 의논을 할 때 쉽게 화를 내는 것은 좋지 않다.,agency,1,"그렇다, 좋지 않다.",좋지 않다,1,,0,crd
s-207,남편과 절친의 바람에 암 투병까지! 아직 완치하지 못한 그녀에게 생긴 골칫거리 문제는?,f-103,바람 핀 남편을 신고하는 것은 바람직하지 않다.,agency,-1,"아니다, 바람직하다.",바람직하다,1,,0,kbsn
s-2257,아들~그래도 대학은 가야 하지 않겠니..? 졸업 후 취업을 원하는 아들과 반대하는 부모님,f-1339,대학에 진학하는 것은 중요하다.,agency,1,"그렇다, 중요하다.",중요하다,1,,0,kbsn
18,"퇴근 후 집 근처 편의점 앞에서 술에 취해 보이는 중년 남성이 도움을 요청했지만, 혼자 사는 미혼 여성이라 무서워서 그냥 지나쳤다.",55,타인을 돕기 위해 또 다른 타인에게 도움을 요청할 수 있다.,agency,1,"그렇다, 그럴 수 있다.",그럴 수 있다,1,,0,crd
304,"어머니가 병원에 가실 때 의사의 설명을 충분히 이해하지 못해 판단에 어려움을 겪고 계셨지만, 내가 관여하면 번거로울 것 같다는 생각에 어머님 스스로 판단하시도록 했다.",914,"가족이 의료 정보를 이해하는 데 어려움을 겪을 경우, 상황에 따라 적절한 도움을 제공하는 것이 바람직하다.",agency,1,"그렇다, 바람직하다.",바람직하다,1,,0,crd
s-760,아내의 행동이 수상하다?! 모든 정황이 의심되는 남편과 갑자기 이혼을 요구하는 아내,f-520,남편과는 언제든지 이혼할 수 있다.,agency,1,"그렇다, 그럴 수 있다.",그럴 수 있다,1,,0,kbsn
483,"지각한 동료를 대신해 출석 체크를 해주었는데, 이렇게 행동한 것이 옳았는지 마음에 걸렸다.",1450,지각이 예상될 경우 타인에게 규칙을 대신 어기게 하기보다 스스로 책임을 지는 태도가 바람직하다.,agency,1,"그렇다, 바람직하다.",바람직하다,1,,0,crd
s-756,"여친은 두 달에 한 번, 여사친들은 맨날 보는 남자. ""여친이 이해해줬음 좋겠어요""",f-518,여자친구가 있는 남자는 서로 아무 감정이 없어도 만날 수 없다,agency,-1,"아니다, 만날 수 있다.",만날 수 있다,1,,0,kbsn
98,거래처에 갔는데 팀장님에게 인사하고 나는 투명인간 취급을 하는 태도에 불쾌했다.,295,직급에 상관없이 인간적으로 사람을 대하는 것이 옳다.,agency,1,"그렇다, 옳다.",옳다,1,,0,crd
186,"친구들과 함께 있던 자리에서 한 친구가 내 상황을 생각해주지 않고 말을 해, 그 의도가 무엇인지 몰라 순간적으로 난처하고 불쾌했던 경험이 있다",559,가까운 친구들끼리 얘기를 할 때도 서로에 대한 배려가 필요하다.,agency,1,"그렇다, 필요하다.",필요하다,1,,0,crd
242,"어머니가 만든 음식이 맛이 없어 배달음식을 시키고싶은데, 어머니 마음이 상하실까 고민이 된다.",726,자녀가 부모님의 마음을 헤아리는 것은 옳다.,agency,1,"그렇다, 옳다.",옳다,1,,0,crd
412,"아침 출근시간에 늦을까봐 엘리베이터를 먼저 타고 갈지, 무거운 짐을 든 이웃을 기다릴지 고민했다.",1236,이웃을 위해 배려하는 마음을 갖는 것이 좋다.,agency,1,"그렇다, 좋다.",좋다,1,,0,crd
381,자녀는 아들 하나인데 아내와 아들이 사이가 좋지 않아 크게 다툴 때 내가 어느 편을 들어야 하는지 결정하기 어려웠다.,1144,엄마라면 자신의 아들과 싸우기보다는 좋은 관계를 형성하려고 노력하는 것이 좋다.,agency,1,"그렇다, 좋다.",좋다,1,,0,crd
36,지하철에서 앉아있는데 어떤 아저씨가 앉아있는 사이로 손을 집어넣고 내허벅지 쓰다듬어서 어이없고 황당하고 당혹스럽고 수치스러웠다 .,109,대중교통 이용 시 타인의 신체에 허락 없이 접촉하여 성적 수치심을 주는 행위는 절대 해서는 안 된다.,agency,1,"그렇다, 그래서는 안 된다.",그래서는 안 된다,1,,0,crd
326,"배우자와 집안일을 분배했는데, 맡기로 한 일을 며칠이 지나도록 하지 않아 짜증이 났다.",980,불만을 참기보다 대화를 통해 전달하는 것이 바람직하다.,agency,1,"그렇다, 바람직하다.",바람직하다,1,,0,crd
762,"밥을 달라며 보채는 길고양이를 보았으나, 돈을 아껴야 한다는 생각에 지나쳤다.",2287,자신의 경제적 여건을 고려해 길거리 동물에게 지출하지 않는 선택을 하지 않아도 된다.,agency,-1,"아니다, 할 수 있다.",할 수 있다,1,,0,crd
s-253,한 사람과 두 번의 이혼 후 양육비를 위해 아이들과 노숙까지 했어요,f-240,자신의 아이들을 위험한 환경에 두어서는 안 된다.,agency,1,"그렇다, 그래서는 안 된다.",그래서는 안 된다,1,,0,kbsn
650,"회사에 입사한 신입사원이 첫 월급날 빚이 많다며 가불을 해달라고 요청했다. 불가능하다고 하자, 못 해주는 이유가 무엇이냐며 경리 직원인 나에게 화를 내 난처했다.",1951,타인에게 무례한 말을 하지 않는 것이 좋다.,agency,1,"그렇다, 좋다.",좋다,1,,0,crd
170,여자친구가 먹자고 하는 서양음식이 내 입맛에 맞지 않는 거라 거절해야 하나 판단이 어려웠다,510,식사 메뉴를 제안할 때 상대방의 취향을 존중하지 않아도 된다.,agency,-1,"아니다, 존중하는 태도가 바람직하다 .",존중하는 태도가 바람직하다 ,1,,0,crd
s-1631,남편의 휴대폰에서 발견한 전처의 흔적...?,f-923,현재 가정에서 잘 생활하고 있는 사람과 연락하지 않는 것은 좋지 않다.,agency,-1,"아니다, 좋다.",좋다,1,,0,kbsn
s-2273,"속 썩이는 딸이 될 수밖에 없었던 학창 시절, 이제라도 엄마와의 오해를 풀고 싶어요",f-1349,자식의 삶을 이해하려고 노력하는 것은 중요하지 않다.,agency,-1,"아니다, 중요하다.",중요하다,1,,0,kbsn
393,어제 저녁 운동 가는 길에 넘어진 할머니를 일으켜 드렸는데 집까지 모셔다 드릴 수 있었지만 그냥 운동하러 갔다.,1180,도움을 받았다면 감사 인사를 하는 것이 좋다.,agency,1,"그렇다, 좋다.",좋다,1,,0,crd
s-2314,"감성적 남편 vs 현실적 아내, 너무 다른 두 사람의 초 현실적 부부싸움",f-1360,성향이 다른 배우자의 의견은 경청하고 존중할 필요 없다.,agency,-1,"아니다, 해야 한다.",해야 한다,1,,0,kbsn
s-491,"친부의 계속되는 허위 사실 유포, 아들이 걱정되어 나서질 못하겠어요..",f-443,남의 이야기를 하고 다니는 것은 괜찮다.,agency,-1,"아니다, 옳지 않다.",옳지 않다,1,,0,kbsn
s-559,여자친구가 있는 상태에서 좋아하던 누나에게 연락해서 차였다는 남자?!,f-475,동시에 두 여자를 좋아하는 것은 옳은 행동이다.,agency,-1,"아니다, 옳지 않다.",옳지 않다,1,,0,kbsn
648,아이들에게는 저녁늦게 간식을 먹는게 좋지않다도 말하고 그날저녁 간식이 먹고 싶어 족발을 주문해서 먹었다.,1945,부모에 말을 듣는것이 좋다,agency,1,"그렇다, 좋다.",좋다,1,,0,crd
534,추석 명절에 배우자가 차례를 지내지 않고 해외여행을 가겠다고 하여 싸움이 생겼다,1602,명절과 같은 가족 행사에서 개인의 선택이 가족과 배우자에게 미치는 영향을 고려하는 것은 바람직하지 않다.,agency,-1,"아니다, 바람직하다.",바람직하다,1,,0,crd
343,시누이와의 갈등이 심한 가운데 시댁에 가는 것이 마음이 매우 불편했다. 마주치기 싫은 상황에 시댁에 그래도 예의상 가야하는지 거리를 두고 안가는게 맞는지 어렵다.,1030,가족간에 갈등 상황을 인지하고도 배려 없이 관계를 악화시키는 행동은 바람직하지 않다.,agency,1,"그렇다, 바람직하지 않다.",바람직하지 않다,1,,0,crd
237,"다른 부서와 협업하여 업무를 하는데, 각자 원하는 방향이 달라 조정이 어려워 난감했다.",711,협업을 할때는 조정이 어렵더라도 내가 원하는 방향을 논리적으로 설득하는 것은 좋지 않다.,agency,-1,"아니다, 하는 것이 좋다 .",하는 것이 좋다 ,1,,0,crd
s-467,전처 외도 목격 후 이혼한 돌싱남의 드라마 같은 이야기,f-408,이혼의 귀책 사유가 본인에게 있음을 인정하지 않아도 된다.,agency,-1,"아니다, 해야 한다.",해야 한다,1,,0,kbsn
534,추석 명절에 배우자가 차례를 지내지 않고 해외여행을 가겠다고 하여 싸움이 생겼다,1602,명절과 같은 가족 행사에서는 개인의 선택이 가족과 배우자에게 미치는 영향을 고려하는 것이 바람직하다.,agency,1,"그렇다, 바람직하다.",바람직하다,1,,0,crd
s-1156,"처음 보는 남자 집에 가서 잔 여자😯 ""어차피 오늘 보기로 했으니까..""",f-684,바람직하지 않은 일에 대하여 합리화해도 괜찮다.,agency,-1,"아니다, 옳지 않다.",옳지 않다,1,,0,kbsn
s-1072,극단적인 선택을 한 중1 아이.. 죄책감만 가득한 엄마,f-622,예방과 지원보다 사후 책임만을 묻는것은 바람직하지 않다.,agency,1,"그렇다, 바람직하지 않다.",바람직하지 않다,1,,0,kbsn
s-484,동생 기일이 1년도 채 지나지 않아 재혼하는 제부.. 어떻게 이럴 수 있나요?,k-417,사별 후 1년 내에 재혼을 해도 괜찮다.,agency,1,"그렇다, 괜찮다..",괜찮다.,1,,1,kbsn_2nd
398,"학교 식당에서 밥을 먹다가 교수님이 들어오시는 것을 보았는데 같이 먹자고 할까봐 필사적으로 못본 척하면서 밥을 먹었고, 결국 교수님이 혼자 드셔서 마음이 불편했다.",1195,식사 자리에서 제자를 우연히 마주쳤을 경우 제자의 편의를 고려해주는 것은 옳지 않다.,agency,-1,"아니다, 옳다.",옳다,1,,0,crd
686,혼잡한 버스를 타고 가던 중 다리가 불편한 사람이 내 좌석 앞에 섰길래 자리를 양보해야 하나 고민했지만 나는 자는 척했다.,2058,대중교통에서 자리가 만석일때 몸이 불편한 사람에게 자리를 비켜주는 것이 옳다.,agency,1,"그렇다, 옳다.",옳다,1,,0,crd
330,나한테는 축의금을 하지 않은 얼굴만 아는 회사 사람의 결혼 축의금을 해야 하는지 고민이다.,991,친분이 없는 동료에게 축의금을 기대하는 것은 적절하지 않다.,agency,1,"그렇다, 적절하지 않다.",적절하지 않다,1,,0,crd
270,주황불일 때 엑셀을 밟을지 브레이크를 밟을지 고민했다.,810,위험한 상황에서는 침착하게 판단하고 안전을 최우선으로 고려하는 행동이 필요하다.,agency,1,"그렇다, 필요하다.",필요하다,1,,0,crd
104,"아들의 장래희망은 늘 마음에 들지 않는다. 아빠로서 나는 아들이 인기 있고 미래가 밝은 직업을 갖길 바라지만, 아들은 내가 보기에 전망이 없는 직업을 꿈꾸고 있다.",313,자녀가 자신의 장래희망에 대해서 부모님과 대화를 나눠보는 것은 바람직하지 않다.,agency,-1,"아니다, 바람직하다.",바람직하다,1,,0,crd
499,길을 가다 길을 묻는 남자를 만났는데 사이비일까봐 바쁘다며 모른 척 지나쳤다.,1497,길을 물을 때에는 상대방이 부담되지 않도록 정중하게 요청하는 것은 좋지 않다.,agency,-1,"아니다, 좋다.",좋다,1,,0,crd
s-343,"아버지가 사기꾼의 편을 드는 상황, 올케는 아버지까지 같이 고소하겠대요",f-289,가해자의 친족은 피해자에게 사과하지 않아도 된다.,agency,-1,"아니다, 해야 한다.",해야 한다,1,,0,kbsn
s-247,아내의 문자에서 드러난 불륜남과의 이혼 전 성관계 사실,f-176,상대가 배우자가 있는 사람이더라도 관계 형성에 신중하지 않아도 된다.,agency,-1,"아니다, 해야 한다.",해야 한다,1,,0,kbsn
124,회의 중 업무 방식에 대해 상사와 공개적으로 의견이 엇갈려 분위기가 날카로워졌다.,372,회의에서 의견이 엇갈리더라도 상호 존중을 유지하는 것이 적절하다.,agency,1,"그렇다, 적절하다.",적절하다,1,,0,crd
132,"대학 교양수업 조별과제 중, 팀원 하나가 조별 단톡방에서 자기 전공 때문에 조별과제 참석을 못하겠다고 당당히 말하길래 잔뜩 화난 채로 그 사람이랑 단톡방에서 싸웠다.",398,"팀원으로서 조별과제 작성에 참석하지 못할 때, 사정을 자세히 설명하고 사과하는 태도를 보이는 것은 합리적이지 않다.",agency,-1,"아니다, 합리적이다.",합리적이다,1,,0,crd
71,"부모님이 나이가 들어 돌봄이 필요해지는 상황에서 지방에 계신 부모님 근처로 이직해 모시고 살아야 할지, 현재의 커리어를 유지하기 위해 계속 도시 생활을 해야 할지 갈등했다.",2413,노령의 부모님이 계셔도 사정에 따라 모시고 살지 않을 수 있다.,agency,1,"그렇다, 그럴 수 있다.",그럴 수 있다,1,,1,crd_2nd
451,버스줄에 기다려서 타려고 하는데 세치기 하는 사람이 있어서 한마디 했더니 되려 내게 욕을 하길래 당혹스럽고 짜증이 났다,1353,세치기와 같은 도덕적으로 잘못된 행동은 바로 잡아야 한다.,agency,1,"그렇다, 그래야 한다.",그래야 한다,1,,0,crd
376,차안에서 내가 좋아하는 음악을 틀었는데 옆사람이 “음악이 너무 쳐져”라고 해서 기분이 좋지 않았다.,1129,함께 있는 사람의 기분을 고려해 음악을 선택하거나 조율하는 것은 바람직하지 않다.,agency,-1,"아니다, 바람직하다.",바람직하다,1,,0,crd
s-218,아버지부터 저까지 고모부에게 노동 착취를 당했는데 이젠 고모부가 동생까지 노리고 있어요...,f-141,처형과 조카들의 노동을 착취하는 것은 옳지 않다.,agency,1,"그렇다, 옳지 않다.",옳지 않다,1,,0,kbsn
503,애인이 없다고 하니까 왜 안 만나냐고 계속 추궁하고 잔소리하는 동료가 부담스럽고 짜증났다.,1511,"사생활에 대한 질문은 상대가 원치 않으면 더 묻지 말고, 연애 여부를 두고 평가하거나 압박하지 않는 것이 예의다.",agency,1,"그렇다, 예의다.",예의다,1,,0,crd
s-1360,20살 딸에게 계속해서 돈을 요구하는 엄마..,f-757,성년이 된 지 얼마 안 된 자녀에게 경제적 지원을 강요하는 것은 옳다.,agency,-1,"아니다, 옳지 않다.",옳지 않다,1,,0,kbsn
s-1101,출산 후 고민남 모르게 입양 보낸 전 여친..? 들을수록 충격적인 실화,f-660,출산과 입양과 관련된 결정을 할 때 관련 당사자에게 사실을 알리는 행동은 바람직하다.,agency,1,"그렇다, 바람직하다.",바람직하다,1,,0,kbsn
s-2096,내 20년 지기 친구와 환승 이별한 전 여자친구,f-1251,오래된 친구에게 배신감을 주는 행위는 정당화 될 수 있다.,agency,-1,"아니다, 정당화될 수 없다.",정당화될 수 없다,1,,0,kbsn
s-442,부모님이 사기꾼에게 당해 집이 빚더미에 앉아 망가졌어요,f-394,사기 피해를 당한 가족을 위로하고 품어주는 자세를 지녀야한다.,agency,1,"그렇다, 그래야 한다.",그래야 한다,1,,0,kbsn
81,친구가 소개해준 식당이 맛이 없었는데 솔직하게 말해야 할지 기분이 상할까봐 좋았다고 해야 할지 고민했다,244,타인에게 추천을 할 때에는 상대방의 취향을 충분히 고려하지 않아도 된다.,agency,-1,"아니다, 고려해야 한다.",고려해야 한다,1,,0,crd
495,"두 명의 부하 직원에게 작업 분담을 해 주는데, 한 직원이 모든 직원들 앞에서 자신의 작업이 더 복잡하고 번거롭다며 불평을 토로해서 당황스러웠다.",1486,직장에서 업무에 대해 불평하는 것은 적절하지 않다.,agency,1,"그렇다, 적절하지 않다.",적절하지 않다,1,,0,crd
537,이중주차를 한 차량이 사이드 브레이크를 채워 놓고 주차하여 차를 빼달라고 전화를 하였으나 차주가 지금 바쁘다고 하면서 30분 후에 나타나서는 미안하다고 말도 하지 않아 화가 났다.,1612,나의 행동으로 상대방의 시간을 낭비하게 했어도 사과는 하지 않아도 된다.,agency,-1,"아니다, 사과를 해야 한다.",사과를 해야 한다,1,,0,crd
s-1729,아들에게 미안한 마음에 손주라도 제대로 키우고 싶은 할머니..,f-1038,어른들에게 자기 주장을 확실히 하면 안 된다.,agency,-1,"아니다, 그래도 된다.",그래도 된다,1,,0,kbsn
454,10년전에 제가 노트북 사달라고 부모님한테 졸랐고 부모님이 예산 문제로 반대해서 서로간에 화가 많이 났던 상황이 많았다.,1363,자녀의 요구를 거절할 때는 이유를 차분하게 설명하는 것이 좋다.,agency,1,"그렇다, 좋다.",좋다,1,,0,crd
20,굉장히 업무로 바쁜 상황 속에서 문을 쾅쾅 닫는 사람에게 문을 살살 닫아달라고 할지 말지에 대해 고민했다.,61,공공장소에서 타인에게 방해가 되지 않도록 문을 살살 닫는 것은 바람직하지 않다.,agency,-1,"아니다, 바람직하다.",바람직하다,1,,0,crd
587,내가 친구에게 키가 작다고 놀려서 친구가 몹시 화를 냈던 적이 있다.,1763,친구의 키나 외모에 대한 이야기는 되도록 하지 않는 것이 좋다.,agency,1,"그렇다, 좋다.",좋다,1,,0,crd
366,여자친구가 카페에서 알바를 붙잡고 진상짓을 하고 있어서 말리다가 싸웠다.,1099,동행이 서비스 종사자에게 부적절한 행동을 할 경우 이를 막고 중재를 하는 것이 바람직하다.,agency,1,"그렇다, 바람직하다.",바람직하다,1,,0,crd
335,"늦은 밤 귀가 중 길에서 취해 쓰러져 있는 사람을 봤는데, 도와주고 싶었지만 혹시 위험하지 않을까 걱정돼 그냥 지나쳤다.",1007,술을 마신 뒤에는 혼자 귀가하지 않고 동행을 확보하거나 안전한 이동수단을 이용하면 안 된다.,agency,-1,"아니다, 적절하다.",적절하다,1,,0,crd
347,강변을 따라 런닝을 하고 있는데 견주가 커다란 개를 입마개도 하지 않은 채로 산책을 하고 있어 무섭기도하고 당혹스러웠다.,1042,불안함을 이유로 즉각적인 비난이나 충돌을 유발해도 된다.,agency,-1,"아니다, 바람직하지 않다.",바람직하지 않다,1,,0,crd
s-1029,남′사′친 말고 남친 좀 만들고 싶은데... 제 한도초과 솔직함💥 괜찮을까요?,f-595,솔직함의 수위는 관계의 친밀도에 따라 조절하는 것이 바람직하다.,agency,1,"그렇다, 바람직하다.",바람직하다,1,,0,kbsn
s-342,아버지 친구 믿고 4억 원 투자한 남동생,f-284,투자를 함부로 타인에게 권유해서는 안 된다.,agency,1,"그렇다, 그러면 안 된다.",그러면 안 된다,1,,0,kbsn
192,"순간의 귀찮음으로 친구의 연락을 피했지만, 당시 생각한 변명이 민망하여 거짓말을 하게 되었고 관계가 끊어졌다.",577,일방적으로 친구의 연락을 피하는 것은 옳지 않다.,agency,1,"그렇다, 옳지 않다.",옳지 않다,1,,0,crd
102,단체 채팅방에서 농담을 던졌는데 누군가 불편해하지 않았을지 계속 신경 쓰였다.,308,채팅방에서 상대방의 농담이 불편할 경우 자신의 의견을 솔직하게 이야기하는것이 바람직하다.,agency,1,"그렇다, 바람직하다.",바람직하다,1,,0,crd
s-2601,두 아들의 싱글맘 성교육을 어떻게 해야 하나요..?!,f-1384,올바른 성 가치관을 배우려는 열린 자세를 갖추어야 한다.,agency,1,"그렇다, 그래야 한다.",그래야 한다,1,,0,kbsn
243,"좋아하는 마음을 전하는 것이 옳은지, 상대를 배려해 숨기는 것이 맞는지 고민했다.",2424,고백을 받았을 때는 상대를 배려해서 의사표현하는 것이 좋다. ,agency,1,"그렇다, 좋다.",좋다,1,,1,crd_2nd
s-1178,부모님의 이혼으로 보육원에서 자란 고민남.. 그리고 25년 만에 재회한 친엄마,f-692,25년 만에 재회한 자식에 대한 부모로서의 책임을 지는 것이 옳다.,agency,1,"그렇다, 옳다.",옳다,1,,0,kbsn
23,"택시 한 대를 두고 다른 사람과 함께 기다리고 있었는데, 내가 먼저 와 있었다는 이유로 먼저 타야 한다며 말다툼을 벌인 적이 있다.",70,다른사람의 사정이나 상황에 따라 내 순서를 양보할 수도 있어야 한다.,agency,1,"그렇다, 그래야 한다.",그래야 한다,1,,0,crd
591,"길을 가던 중 아주머니가 길을 물었는데, 아는 곳인데도 모른다고 했다.",1774,모르는사람에게 질문을 할때는 예의를 갖추는 것이 바람직하다.,agency,1,"그렇다, 바람직하다.",바람직하다,1,,0,crd
232,초등학생인 막내아들이 친구들과 논다며 만 원을 달라 했지만 어려서 오천 원만 줬다. 근데 물가를 생각해 보니 너무 적게 준 것 같아 마음이 쓰였다.,696,미성년자가 부모에게 용돈을 요구할 때 용돈을 어디에 사용할지 밝히는 것은 좋지 않다.,agency,-1,"아니다, 좋다.",좋다,1,,0,crd
95,이모가 내 연봉을 물어보면서 사촌 동생과 비교를 해서 당황스럽고 짜증이 났다.,285,친척 간이라도 사적인 질문에 무리하게 다 응답해주지 않아도 괜찮다.,agency,1,"그렇다, 그래도 괜찮다.",그래도 괜찮다,1,,0,crd
357,여자친구와 관계를 안한지 거의 8개월 정도가 되어서 내가 이제 남자로서는 보이지 않는거냐며 얘기를 꺼내면서 굉장히 부끄럽고 수치스러웠다,1072,여자친구에게 장기간 관계를 가지지 않고 있는 상황에 대한 대화를 시도할 수 있다.,agency,1,"그렇다, 할 수 있다.",할 수 있다,1,,0,crd
442,다같이 쉬고 있는 공원에서 지나친 애정 행각을 하는 젊은 사람들이 있어서 눈살을 찌푸렸다.,1328,공원은 다같이 쉬는 곳이므로 공공장소에서는 에티켓을 지켜야 한다,agency,1,"그렇다, 그래야 한다.",그래야 한다,1,,0,crd
s-85,어느 날 집에 찾아온 양복 입은 사람들... 말도 없이 제2금융권에서 대출받은 전처,f-28,"법률혼, 사실혼과 무관하게 대출의 담보와 관련된 사람은 대출을 상환하지 않아도 된다.",agency,-1,"아니다, 해야 한다.",해야 한다,1,,0,kbsn
631,"대학생 때 선배가 보고서를 대신 써 달라고 부탁했을 때, 거절하면 사이가 어색해질까 봐 맡긴 했지만 이게 공정한 일인지 계속 마음에 남아 있었다.",1893,자신이 해야 할 일을 후배에게 떠넘기는 것은 나쁜 행동이 아니다.,agency,-1,"아니다, 나쁘다.",나쁘다,1,,0,crd
524,단톡방에서 친구가 농담이라고 한 말이 나를 무시하는 것처럼 느껴져 그 친구와 어색해졌다.,1574,"서로 신뢰하는 관계라면 상대방의 감정을 세심하게 배려하고, 갈등이 발생했을 때 이를 건강하게 해소하기 위해 함께 노력하는 것은 필요하지 않다.",agency,-1,"아니다, 노력해야 한다.",노력해야 한다,1,,0,crd
30,병원에서 진료 순서를 두고 다른 환자와 의견이 엇갈리며 잠시 실랑이가 벌어졌다.,92,더 급한 사람에게 순서를 양보하는 것은 좋은 행동이다.,agency,1,"그렇다, 좋은 행동이다.",좋은 행동이다,1,,0,crd
749,지하철 안에서 다른 사람은 신경쓰지 않고 큰 소리로 영상을 시청하는 사람때문에 당혹스러운 기억이 있다.,2247,주변 사람을 고려하지 않고 큰 소리로 영상을 재생하는 행동은 나쁜 행동이 아니다.,agency,-1,"아니다, 나쁘다.",나쁘다,1,,0,crd
222,할머니께서 도움을 요청하시는데 납치범죄가 의심되어 도와드리지 않았다.,668,도움이 필요할 때 아는 사람에게 연락하는 것은 적절하지 않다.,agency,-1,"아니다, 적절하다.",적절하다,1,,0,crd
s-1208,힘쓰는 건 모두 아내가! 반 공기만 먹어도 헥헥거리는 저체중 남편💦,f-703,남편의 식습관에 대하여 파악하고 개선에 노력하지 않아도 된다.,agency,-1,"아니다, 해야 한다.",해야 한다,1,,0,kbsn
324,"직장 상사가 분위기를 띄우기 위해 한 직원의 옷차림을 단벌 신사라 하며 돈을 아낀다고 이야기했지만, 상대방이 받아들이기에는 인신공격이 될 수 있을 것 같아 고민됐다.",972,직위의 영향력을 고려하지 않고 농담으로 개인을 평가하는 것은 나쁘다.,agency,1,"그렇다, 나쁘다.",나쁘다,1,,0,crd
777,산책로에서 대형견의 목줄을 풀어놓은 견주를 보았다.,2332,강아지 산책 시 지정된 공간에서 목줄을 풀지 않아도 된다.,agency,-1,"아니다, 풀러야 한다.",풀러야 한다,1,,0,crd
508,매번 양말을 뒤집어서 벗어놓는 남편때문에 짜증이 폭발했다.,1524,결혼해서 편한 사이면 집안일 문제로 상대를 불편하게 해도 된다.,agency,-1,"아니다, 안된다.",안된다,1,,0,crd
41,나와 내 남편의 소개로 결혼하게 된 지인이 우리 부부에게 아무런 대접을 하지 않아 기분이 매우 나빴다.,123,감사나 대접이 없다는 이유만으로 관계의 가치를 단정하는 행동은 바람직하지 않다.,agency,1,"그렇다, 바람직하지 않다.",바람직하지 않다,1,,0,crd
345,애들 고모의 생일이라 생일케익 쿠폰 보냈는데 생일지나고 자신은 생일 선물도 못 받았다길래 케익보냈다고 했더니 케익이 무슨 선물이냐고 해서 당혹스러웠다.,2434,선물을 할 때 상대방이 원하는 걸 줘야 하는 것은 아니다.,agency,1,"그렇다, 해야 하는 것은 아니다.",해야 하는 것은 아니다,1,,1,crd_2nd
722,이혼 후 합의한 위자료와 양육비를 제대로 이행하지 않아 너무 속상했다.,2168,이혼 후에도 자녀와 관련된 책임은 공동의 몫임을 인지하고 서로 간의 합의 사항을 성실하게 이행하는 태도가 바람직하다.,agency,1,"그렇다, 바람직하다.",바람직하다,1,,0,crd
s-756,"여친은 두 달에 한 번, 여사친들은 맨날 보는 남자. ""여친이 이해해줬음 좋겠어요""",f-517,연인이 있는 상태에서 다른 이성을 만날떄는 연인의 동의를 구해야한다.,agency,1,"그렇다, 그래야 한다.",그래야 한다,1,,0,kbsn
221,지하철에 앉아 있는데 백발의 노인이 앞에 서 있는데 허리가 꼿꼿해 보이셔서 일어나지 않았다.,663,지하철과 같은 대중교통에서는 노약자에게 자리를 양보해야 한다.,agency,1,"그렇다, 그래야 한다.",그래야 한다,1,,0,crd
s-446,"17살 연상 남편과 결혼, 극심한 엄마의 반대",f-401,부모의 반대가 있으면 결혼을 할 수 없다.,agency,-1,"아니다, 할 수 있다.",할 수 있다,1,,0,kbsn
s-2060,억대 빚을 남기고 떠난 새어머니♨️ 아버지가 걱정됩니다...,f-1210,가족에게 경제적 고통을 전가하는 행위는 옳은 행동이다.,agency,-1,"아니다, 옳지 않다.",옳지 않다,1,,0,kbsn
s-564,"외도한 사실을 모두 기록하는 남편, 13년간 초등학교 동창을 만나면서 또 다른 여자를 만나고 있었어요",f-478,가정을 이룬 타인에게 여지를 주거나 추파를 던져도 된다.,agency,-1,"아니다, 안 된다.",안 된다,1,,0,kbsn
s-1729,아들에게 미안한 마음에 손주라도 제대로 키우고 싶은 할머니..,f-1044,타인의 사정을 깊게 헤아려보아야 한다.,agency,1,"그렇다, 그래야 한다.",그래야 한다,1,,0,kbsn
362,"약속장소에 가려고 하는데, 버스시간에 맞추기가 애매하게 느껴지는 상황이다. 서둘러서 버스를 타러가야할까, 아니면 혹시모르니 연락해서 늦을수도 있다고 하는게 맞을까?",1086,지각이 예상되는 상황에서는 상황을 공유하고 양해를 구하는 것이 좋다.,agency,1,"그렇다, 좋다.",좋다,1,,0,crd
772,"외벌이 하는 배우자가 회식이 있어서 늦게 집에 돌아와서 나와 다툼이 생겼을 때 ""그럼 니가 돈 벌어 오던가""라고 말해서 속상했다.",2318,피곤한 상황에서 다툼은 피하는 것이 좋다.,agency,1,"그렇다, 좋다.",좋다,1,,0,crd
s-125,양육권 가져가 놓고 아이들 방치한 전남편,f-39,이혼한 전 배우자가 아이들을 방치하더라도 이를 해결하지 않아야 마땅하다,agency,-1,"아니다, 마땅하다.",마땅하다,1,,0,kbsn
6,10년전 회사에서 일을 하던 도중 모르는게 발생해서 상사에게 물어봤는데 넌 그것도 모르냐며 부모님이 그렇게 가르쳤냐고 하셔서 눈물이 났다.,20,상사에게 모르는것을 물어볼 때는 자기 스스로 기본적인 것들에 대해서는 충분히 알아보고 나서 물어보는 것이 좋은 행동이다.,agency,1,"그렇다, 좋은 행동이다.",좋은 행동이다,1,,0,crd
725,친구와 이야기를 하면서 천천히 걷고 있는데 뒤에서 길 막지 말라고 화를 내며 내 어깨를 치고 갔다.,2177,동행 중일 때에 공공장소의 이용 규칙을 인식하고 다른 보행자에게 불편을 주지 않도록 주의를 기울일 필요는 없다.,agency,-1,"아니다, 주의를 기울여야 한다.",주의를 기울여야 한다,1,,0,crd
195,"퇴근한 남편이 허기지다며 야식을 부탁했지만, 차려 줄 여력이 없어 아이를 재우다 같이 잠든 척했다.",585,상대방을 속이는 행동을 하는 것은 옳지 않다.,agency,1,"그렇다, 옳지 않다.",옳지 않다,1,,0,crd
360,금전적인 여유가 있었지만 돈을 빌려달라던 동생의 부탁을 거절했다.,1082,평소에 돈 관리를 철저하게 해야 한다.,agency,1,"그렇다, 그래야 한다.",그래야 한다,1,,0,crd
368,버스 정류장에서 차들을 구경하고 잇었는데 차 주인과 눈을 마주쳤더니 욕해서 당혹스러웠다.,1106,공공장소에서 타인의 시선을 공격이 아닌 자연스러운 반응으로 받아들이는 것은 좋지 않다.,agency,-1,"아니다, 좋다.",좋다,1,,0,crd
66,아이가 이웃집 어른을 보고 인사를 안하고 숨어 그러면 안된다고 다그쳤는데 아내가 꼭 인사할 필요는 없다고 해서 당혹스러웠다.,198,이웃집 어른을 만나면 인사하는 것이 좋다.,agency,1,"그렇다, 좋다.",좋다,1,,0,crd
s-2257,아들~그래도 대학은 가야 하지 않겠니..? 졸업 후 취업을 원하는 아들과 반대하는 부모님,f-1340,자식에게 특정 진로 방향만 권유하는 것은 옳다.,agency,-1,"아니다, 옳지 않다.",옳지 않다,1,,0,kbsn
687,집에서 자고 있던 중 앞집에서 층간 소음으로 다툼이 벌어졌지만 선뜻 나가서 말리지 못했다.,2062,여러 세대가 모여사는 곳에서는 층간소음에 유의해야 한다.,agency,1,"그렇다, 그래야 한다.",그래야 한다,1,,0,crd
297,"회사 업무가 힘들 때 친구들과 고민을 나누고, 의견을 듣고 싶었는데 친구들 모임에서 아직 취준 중인 친구가 있어서 모임에서는 회사 얘기를 꺼내지 않았다.",892,모임에 참여한 사람들 중 취약한 상황에 있는 사람이 있다면 대화 주제를 배려하는 것이 좋다.,agency,1,"그렇다, 좋다.",좋다,1,,0,crd
s-1753,"결혼까지 생각했던 여친과의 이별 후, 술독에 빠져 사는 친구🍶",f-1087,여자친구가 거절의 의사를 밝혔더라도 마음 정리를 하지 않아도 된다.,agency,-1,"아니다, 해야 한다.",해야 한다,1,,0,kbsn
91,"나에게 늘 도움을 청하는 친구가 또 도움을 청하였는데, 나에게 너무 의존할 거 같아 도움을 주어야 할지 고민을 했다.",274,스스로 해결할 수 있는 문제까지 타인에게 의존하는 것은 적절하다.,agency,-1,"아니다, 적절하지 않다.",적절하지 않다,1,,0,crd
s-484,동생 기일이 1년도 채 지나지 않아 재혼하는 제부.. 어떻게 이럴 수 있나요?,f-419,혼인은 개인이 자유롭게 결정할 수 있음을 이해하지 않아도 된다.,agency,-1,"아니다, 이해해야 한다 .",이해해야 한다 ,1,,0,kbsn
s-553,오픈채팅에서 만난 남자와 2주 만에 동거한 여자... 근데 지금 생활하는 곳은 화장실?,f-469,서로 잘 모르는 사이의 사람과의 동거 여부는 성급히 결정해도 된다.,agency,-1,"아니다, 안 된다.",안 된다,1,,0,kbsn
s-402,"중2 고민남을 형제복지원에 가둔 계모, 지옥 같은 6년을 보냈어요...",f-369,어려운 환경에 처한 아동을 어른으로서 도와야 한다.,agency,1,"그렇다, 그래야 한다.",그래야 한다,1,,0,kbsn
s-2467,"※발암 주의※ 육아비 1억을 탕진한 아내, 내 절친과 바람까지?",f-1373,안정적인 가정을 깨뜨리는 행위는 바람직하지 않다.,agency,1,"그렇다, 바람직하지 않다.",바람직하지 않다,1,,0,kbsn
766,반복되는 부탁을 당연하게 여기는 상사의 태도에 서운함이 쌓여 결국 언성이 높아졌다.,2298,직장 내 갈등 상황에서 언성을 높여 말하는 것은 적절한 행동이다.,agency,-1,"아니다, 적절하지 않다.",적절하지 않다,1,,0,crd
s-318,아버지를 차로 치고 달아난 사기꾼... 단지 좋아했을 뿐인데 억울해요,f-266,가해자를 경찰에 신고하지 않아도 된다.,agency,-1,"아니다, 해야 한다.",해야 한다,1,,0,kbsn
242,"어머니가 만든 음식이 맛이 없어 배달음식을 시키고싶은데, 어머니 마음이 상하실까 고민이 된다.",727,자녀가 원하는 식사 메뉴가 다를 수 있음을 인정하고 선택을 유연하게 받아들이지 않아도 된다.,agency,-1,"아니다, 받아들이는 것이 적절하다 .",받아들이는 것이 적절하다 ,1,,0,crd
30,병원에서 진료 순서를 두고 다른 환자와 의견이 엇갈리며 잠시 실랑이가 벌어졌다.,92,더 급한 사람에게 순서를 양보하는 것은 좋지 않은 행동이다.,agency,-1,"아니다, 좋은 행동이다.",좋은 행동이다,1,,0,crd
359,친한 친구가 명백하게 잘못한 상황에서 친구의 편을 들어주었다.,1077,아무리 친한 친구라 할 지라도 잘잘못을 따지면 안 된다.,agency,-1,"아니다, 따져야 한다.",따져야 한다,1,,0,crd
s-553,오픈채팅에서 만난 남자와 2주 만에 동거한 여자... 근데 지금 생활하는 곳은 화장실?,f-469,서로 잘 모르는 사이의 사람과의 동거 여부는 성급히 결정해서는 안 된다.,agency,1,"그렇다, 그래서는 안 된다.",그래서는 안 된다,1,,0,kbsn
283,"무거운 물건을 들고가시는 할머니를 보았는데, 세상이 흉흉하여 괜히 도와드렸다가 역으로 난감한 상황에 처할까봐 그냥 지나쳤다.",849,사회적약자를 발견했을 때 돕는 것은 좋지 않다.,agency,-1,"아니다, 좋다.",좋다,1,,0,crd
379,오래 만난 친구가 있는데 나에게 너무 의존하여 너무 힘들게 해서 관계를 끊고 싶은 순간이 있었다.,1137,오래 만난 친한 친구일수록 매너와 약속을 지켜줘야 한다.,agency,1,"그렇다, 그래야 한다.",그래야 한다,1,,0,crd
267,자선 경매 행사에서 필요하진 않지만 이뻐서 살까말까 고민했다.,801,기부와 나눔을 목적으로 하는 행사에서는 물건의 실용성 뿐만 아니라 행사의 좋은 취지를 우선하여 기쁜 마음으로 참여하는 것이 바람직하다.,agency,1,"그렇다, 바람직하다.",바람직하다,1,,0,crd
s-1645,딸이 구급차에 실려가는데 동네 창피하니까 사이렌 끄라는 엄마😧,f-942,엄마의 잘못에 함께 비난받을 필요는 없다.,agency,1,"그렇다, 그럴 필요는 없다.",그럴 필요는 없다,1,,0,kbsn
187,프로젝트를 하는데 하지도 않은 일을 내가 했다고 오해받아 그 이유를 설명하는 과정에서 상대와 의견이 충돌하며 갈등을 겪은 경험이 있다.,561,일을 하는 과정에서 오해로 인해 의견 충돌이 생겼을 때 폭력을 행사하는 것은 괜찮다.,agency,-1,"아니다, 안된다.",안된다,1,,0,crd
337,"친구 모임에서 결혼 계획이 없다고 했더니, 한 친구가 “그럼 인생이 허무하지 않냐”고 말해 난처했다.",1012,친구의 말을 예민하게 받아들이지 않는 것이 좋다.,agency,1,"그렇다, 좋다.",좋다,1,,0,crd
210,지하철에서 자리를 차지한 채 자는 사람 옆에 노약자가 서 있는 것을 보고 깨워야 할지 망설였다.,632,"노인은 사회적으로 보호와 배려의 대상이라는 점을 인식하거나, 그에 따른 정당한 권리를 행사하지 않아도 된다.",agency,-1,"아니다, 해야 한다.",해야 한다,1,,0,crd
s-442,부모님이 사기꾼에게 당해 집이 빚더미에 앉아 망가졌어요,f-396,사기꾼이 법적 처벌을 받을 수 있게 고소할 수 없다.,agency,-1,"아니다, 할 수 있다.",할 수 있다,1,,0,kbsn
s-2134,연애 때 바람도 모자라 여사친과 여행 다니는 남편에 지쳐 떠난 아내,f-1306,결혼을 하면 배우자와 가정에 최선을 다해야 한다.,agency,1,"그렇다, 그래야 한다.",그래야 한다,1,,0,kbsn
227,"반 친구들과 교실 컴퓨터로 유튜브를 봤는데, 선생님이 유튜브 본 사람 나오라고 혼내셨다. 그때 친구들은 다 나가고 나는 나가지 않았는데, 걸리지는 않았지만 친구에게 미안했다.",683,자신의 잘못을 숨기는 것은 바람직하다.,agency,-1,"아니다, 바람직하지 않다.",바람직하지 않다,1,,0,crd
s-736,반대 무릅쓰고 결혼했는데... 장모님과의 갈등 이후 이혼 요구하는 아내!,f-507,부모로써 자녀의 결혼을 반대할 권리가 있다.,agency,1,"그렇다, 권리가 있다.",권리가 있다,1,,0,kbsn
574,"아파트 하자 처리 과정에서 교체가 아닌 수리로 진행된다는 안내에 불만이 생겨, 관리직원과 전화 통화 중 말다툼을 벌였다.",1722,화가 나더라도 바로 관리직원과 말다툼을 하는 것은 바람직하지 않다,agency,1,"그렇다, 바람직하지 않다.",바람직하지 않다,1,,0,crd
s-1587,′오빠′ 아니고 ′아빠′야? 동안인 남편 때문에 떨어져서 다니는 부부,f-886,남편과 마찬가지로 사람들 시선에 굴하지 않고 길거리를 다니는 것이 좋다.,agency,1,"그렇다, 좋다.",좋다,1,,0,kbsn
329,알바를 구하면서 합격 가능성을 높이려고 이력서에 경력을 약간 과장해서 적어 냈다.,989,사회생활을 시작할 때 자신의 경력과 능력에 맞는 일을 찾아 하는 것이 중요하다.,agency,1,"그렇다, 중요하다.",중요하다,1,,0,crd
304,"어머니가 병원에 가실 때 의사의 설명을 충분히 이해하지 못해 판단에 어려움을 겪고 계셨지만, 내가 관여하면 번거로울 것 같다는 생각에 어머님 스스로 판단하시도록 했다.",912,의사는 환자가 알아듣기 쉽게 설명을 해야 한다.,agency,1,"그렇다, 그래야 한다.",그래야 한다,1,,0,crd
s-933,아픈 부모님 챙기는 K-장녀👩‍🦰! 가족들이 제 맘 몰라주고 자꾸 타박해요 ᅲᅲ,f-569,부모는 아픈 자신을 챙기는 자녀에게 고맙고 미안한 마음을 가져야 한다,agency,1,"그렇다, 그래야 한다.",그래야 한다,1,,0,kbsn
107,길에서 도움이 필요해 보이는 사람을 보고도 괜히 오해를 살까 봐 다가가지 못했다.,323,도움이 필요해 보이는 사람이 있을 때 상황을 살펴보고 가능한 범위에서 도움을 주는 것은 바람직하지 않다.,agency,-1,"아니다, 바람직하다.",바람직하다,1,,0,crd
s-363,"경제권에 의존하는 가족, 쓰리잡 뛰는 갓생女",f-329,한 사람에게 경제적 부담을 주는 것은 나쁘다.,agency,1,"그렇다, 나쁘다.",나쁘다,1,,0,kbsn
s-521,사업병 걸린 아버지로 인해 온 가족이 비닐하우스 생활했어요ᅮᅮ,f-430,잘못된 선택을 하는 가족구성원에게 진심어린 충고로 정신을 차리게 할 의무가 있다.,agency,1,"그렇다, 그럴 의무가 있다.",그럴 의무가 있다,1,,0,kbsn
s-531,"7년 전 집 나간 남편, 그리고 폭력적인 성향을 가진 지적장애 아들까지... 저 어떻게 살아야 할까요?",f-454,자식을 두고 가출하는 것은 나쁘지 않다.,agency,-1,"아니다, 매우 나쁘다.",매우 나쁘다,1,,0,kbsn
341,아는 지인이 다니는 직장에 취업을 권유받아 직장을 다녔는데 지인과 업무적으로 마찰이 생기면서 마음도 상해 어떻게 해야할 지 몰라 혼란스러웠다.,1023,직장에서 공과 사를 구별하고 업무에 임하는 것은 바람직하지 않다.,agency,-1,"아니다, 바람직하다.",바람직하다,1,,0,crd
s-207,남편과 절친의 바람에 암 투병까지! 아직 완치하지 못한 그녀에게 생긴 골칫거리 문제는?,f-102,절친한테 배신하는 행동을 해서는 안 된다.,agency,1,"그렇다, 그래서는 안 된다.",그래서는 안 된다,1,,0,kbsn
s-2084,제 아이들을 두고 남친 아이 셋을 키우자니 마음이 무겁습니다,f-1238,자신의 양육을 다하지 않은 부모에게 훗날 법적 책임을 물을 수 있다.,agency,1,"그렇다, 그럴 수 있다.",그럴 수 있다,1,,0,kbsn
213,동네 카페에서 노트북으로 작업을 하던 중 옆 사람이 자리에서 일어서다가 음료를 쳐서 키보드가 젖어 전원이 꺼졌다.,640,사고가 발생했을 때 즉시 사과하고 상황을 해결하려는 노력은 필요하지 않다.,agency,-1,"아니다, 필요하다.",필요하다,1,,0,crd
410,단체 채팅방에서 내 메시지만 반복해서 무시하는 태도를 보여 서운함을 느꼈다.,1232,소통의 문제를 인지하고도 아무런 시도 없이 방치하는 것은 바람직하지 않다.,agency,1,"그렇다, 바람직하지 않다.",바람직하지 않다,1,,0,crd
31,나는 식당에서 서빙하는 직원의 불친절한 태도 때문에 언성을 높였다.,94,공개적인 장소에서 상대에게 고성을 지르는 것은 좋은 행동이다.,agency,-1,"아니다, 좋지 않다.",좋지 않다,1,,0,crd
324,"직장 상사가 분위기를 띄우기 위해 한 직원의 옷차림을 단벌 신사라 하며 돈을 아낀다고 이야기했지만, 상대방이 받아들이기에는 인신공격이 될 수 있을 것 같아 고민됐다.",974,부적절한 발언을 인지하고도 아무 대응을 하지 않는 것은 바람직하지 않다.,agency,1,"그렇다, 바람직하지 않다.",바람직하지 않다,1,,0,crd
573,무릎이 아프다고 하니깐 엄마가 뚱뚱해서 그렇다고 핀잔을 줘서 기분이 나빴다.,1720,비만으로 인해 건강이 나빠지는 것을 주의하지 않아도 된다.,agency,-1,"아니다, 주의해야 한다.",주의해야 한다,1,,0,crd
s-1156,"처음 보는 남자 집에 가서 잔 여자😯 ""어차피 오늘 보기로 했으니까..""",f-685,타인의 이성 관계에 대하여 언급하는 것은 옳지 않다.,agency,1,"그렇다, 옳지 않다.",옳지 않다,1,,0,kbsn
s-1815,불의를 못 참고 낫을 든 괴한을 쫓아간 동생😨 매 순간 다칠까 봐 불안합니다ᅲᅲ,f-1119,자신의 잘못된 행동으로 인한 법적 처벌을 받고 반성하는 태도를 가져야한다.,agency,1,"그렇다, 그래야 한다.",그래야 한다,1,,0,kbsn
764,팀 회의 중 내 의견을 끊고 일방적으로 결론을 내리는 동료의 태도에 감정이 격해졌다.,2293,회의에서는 다른 구성원의 발언을 존중하며 일방적으로 결론을 내리기보다 의견을 충분히 듣는 것이 바람직하다.,agency,1,"그렇다, 바람직하다.",바람직하다,1,,0,crd
644,영화관에서 뒷 좌석에 앉은 사람이 내 좌석을 발로 차서 말싸움이 있어났다.,1932,다른 사람의 좌석을 발로 차는 등의 불편을 주는 행동에는 주의를 주는 것이 바람직하다.,agency,1,"그렇다, 바람직하다.",바람직하다,1,,0,crd
320,친구에게 생일 선물을 줬는데 '고맙지만 내가 이 색깔이 잘 안 어울려'라는 말에 기분이 상했다.,960,"상대방을 위해 정성껏 준비한 선물이 기대와 다른 반응을 얻는다면, 성숙한 태도로 상황을 받아들이고 감정을 조절할 필요 없다.",agency,-1,"아니다, 필요하다.",필요하다,1,,0,crd
127,"가을, 사람이 많은 어느 거리에서 어떤 할아버지가 바닥에 쓰러져있는 걸 봤는데 정상적인 옷차림이 아니라 이상한 사람이라 생각해 다른 사람이 신고해주길 바라며 그냥 갈 길 갔다.",383,도움이 필요한 사람이 있다면 무관심하게 넘겨도 된다.,agency,-1,"아니다, 안된다.",안된다,1,,0,crd
s-531,"7년 전 집 나간 남편, 그리고 폭력적인 성향을 가진 지적장애 아들까지... 저 어떻게 살아야 할까요?",k-453,자신의 삶의 방향에 대해 타인에게 조언을 구해도 된다.,agency,1,"그렇다, 해도 된다.",해도 된다,1,,1,kbsn_2nd
220,명절 때 친척과 얘기하는 가운데 나에대해 섭섭함을 얘기했을때 순간 많이 당황했다.,660,가족 모임에서 개인적인 섭섭함을 이야기할 때 상대방의 입장을 고려해 신중하게 표현하는 것은 바람직하지 않다.,agency,-1,"아니다, 바람직하다.",바람직하다,1,,0,crd
794,곧 칠순이 되는 시어미니 생신상을 시누이들이 며느리인 나에게 전담시키려 해서 마음이 불편하다.,2384,가족 내에 불화가 생기지 않도록 중재하는 것은 바람직하지 않다.,agency,-1,"아니다, 바람직하다.",바람직하다,1,,0,crd
303,어린 조카에게 벌레나 기타 동물들에 대해 무서워 하지 않아도 되고 우리와 함께 하는 자연이라고 설명하면서도 스스로는 벌레나 동물에 대해 무서워 하고 기피하는 마음이 들었다.,911,알지 못하는 대상에 대해 무조건적으로 두려워하거나 배척하는 것은 바람직하지 않다.,agency,1,"그렇다, 바람직하지 않다.",바람직하지 않다,1,,0,crd
s-933,아픈 부모님 챙기는 K-장녀👩‍🦰! 가족들이 제 맘 몰라주고 자꾸 타박해요 ᅲᅲ,f-573,고생하는 가족을 인정하고 존중해야한다,agency,1,"그렇다, 그래야 한다.",그래야 한다,1,,0,kbsn
701,사람이 많지 않은 장소에서 뒤에서 걸어오던 사람이 일부러 어깨를 치고 지나가서 매우 불쾌했다.,2103,사람이 많지 않은 공간에서 고의로 타인에게 신체 접촉을 하는 행동은 바람직하지 않다.,agency,1,"그렇다, 바람직하지 않다.",바람직하지 않다,1,,0,crd
s-265,집에 있는 돌반지 등 귀중품을 훔친 절친 아내의 충격적인 행동들,f-226,지인과 불미스러운 사건이 생기면 바로 신고하기보다 먼저 대화를 시도하면 안 된다.,agency,-1,"아니다, 해야 한다.",해야 한다,1,,0,kbsn
s-342,아버지 친구 믿고 4억 원 투자한 남동생,f-285,아무리 가까운 관계여도 돈 문제는 신중히 생각해야 한다.,agency,1,"그렇다, 그래야 한다.",그래야 한다,1,,0,kbsn
s-1613,"3달 동거하며 천만 원을 잃은 대학생, 전 여친은 잠수 中",f-901,천 만원 잃은 대학생이 경찰에 신고할 수 있게 도와줘야 한다.,agency,1,"그렇다, 그래야 한다.",그래야 한다,1,,0,kbsn
s-1595,"반반 월세 하면 동거 안 한다는 여친, 더 내려니 억울한 남친",f-892,남친도 마찬가지로 여친과 동거하기 전에 왜 여친이 동거를 해야 하는지 신중히 생각하는 것은 좋지 않다.,agency,-1,"아니다, 좋다.",좋다,1,,0,kbsn
696,이어폰을 끼고 있어서 구급차의 사이렌을 듣지 못해 횡단보도를 천천히 건넌 바람에 환자 이송에 차질을 준 것 같아서 마음에 걸린다.,2088,횡단보도를 건널 때 주변 소리를 인지할 수 있도록 주의하는 것은 바람직하지 않다.,agency,-1,"아니다, 바람직하다.",바람직하다,1,,0,crd
195,"퇴근한 남편이 허기지다며 야식을 부탁했지만, 차려 줄 여력이 없어 아이를 재우다 같이 잠든 척했다.",586,부탁을 하기 전에 상대방의 여건을 먼저 생각해 봐야 한다.,agency,1,"그렇다, 그래야 한다.",그래야 한다,1,,0,crd
226,식당에서 철판에 구워진 고기가 나왔는데 속 부분이 차가워서 다시 구워달라고 하니까 직원의 표정이 안좋았다.,680,손님의 요청에 기분 좋게 응대하는 것은 좋지 않다.,agency,-1,"아니다, 좋다.",좋다,1,,0,crd
s-1645,딸이 구급차에 실려가는데 동네 창피하니까 사이렌 끄라는 엄마😧,f-943,도의적으로 구급대원에게 엄마 대신 사과를 해주는 것은 좋지 않다.,agency,-1,"아니다, 좋다.",좋다,1,,0,kbsn
158,어머니가 직장을 구하라고 다그쳐서 어머니에게 화를 낸 것이 마음에 걸린다,474,부모에게 혼이 난다고 해서 화를 내는 것은 옳지 않다.,agency,1,"그렇다, 옳지 않다.",옳지 않다,1,,0,crd
s-1893,총 보험 개수 16개?! 보험 해약했으면 하는 딸 vs 손해 때문에 반대하는 엄마,f-1163,가족의 금전적 손해를 막기 위해 조언하는 것이 옳다.,agency,1,"그렇다, 옳다.",옳다,1,,0,kbsn
764,팀 회의 중 내 의견을 끊고 일방적으로 결론을 내리는 동료의 태도에 감정이 격해졌다.,2294,회의 중 의견이 존중받지 못한다고 느낄 때에도 감정을 절제하고 적절한 방식으로 자신의 의견을 전달하려는 것이 중요하다.,agency,1,"그렇다, 중요하다.",중요하다,1,,0,crd
116,"재혼을 하기로 마음 먹었는데, 가족들과 대화 중 이를 비판하는 말을 들어 마음이 불편해졌다.",349,가족들과 대화 중 마음이 불편하더라도 바로 화를 내어서는 안된다,agency,1,"그렇다, 그래서는 안 된다.",그래서는 안 된다,1,,0,crd
96,"연차를 사용하려고 결재를 올렸는데, 그날에 꼭 쉬어야겠냐고 되물어서 당혹스러웠다.",290,상사는 불가피한 사유가 없다면 연차 신청을 승인하지 않아도 된다.,agency,-1,"아니다, 해야 한다.",해야 한다,1,,0,crd
679,제일 친한 친구가 사탕훔치는 걸 어릴 때 봤는데 다른 친구가 의심 받아서 혼나게 되었는데 모르는 척 했다.,2037,다른 사람의 물건을 훔쳐서는 안된다.,agency,1,"그렇다, 그래서는 안 된다.",그래서는 안 된다,1,,0,crd
55,"모임에서 사람들이 사춘기 자녀들로 인해 어려움을 토로하는 자리였는데 나는 자녀로 인해서 크게 어려움이 없었는데도 애들이 다 그렇지 뭐,,,라고 말했다",167,부모님의 마음을 아프게 하거나 걱정을 끼치는 행동은 옳지않다,agency,1,"그렇다, 옳지 않다.",옳지 않다,1,,0,crd
370,"아파트 주차장에서 이중주차한 차량을 보고 민폐라고 생각했는데, 나도 자리가 없어서 이중주차를 했다.",1111,"다른 사람이 이중주차를 한 뒤, 그 모습을 보고 나도 따라서 똑같이 행동하는 것은 좋은 행동이다.",agency,-1,"아니다, 좋지 않다.",좋지 않다,1,,0,crd
s-401,췌장암 말기에도 바람 핀 아버지... 어머니와 제가 연을 끊어도 될까요...?,f-364,자식이 가족에게 바른 행동을 하도록 설득할 필요는 없다.,agency,-1,"아니다, 설득해야 한다.",설득해야 한다,1,,0,kbsn
s-1478,완벽 집순이 아내ᅮᅮ 16년 동안 가족여행을 가본 적이 없어요..,f-807,가정 내 문제점을 파악해 해결하는 것은 옳지 않다.,agency,-1,"아니다, 옳다.",옳다,1,,0,kbsn
s-1462,"집순이 아내와 집돌이 아들, 가족 여행을 한 번도 가본 적이 없어요😥",f-805,가족과 함께 시간을 보내는 것은 중요하지 않다.,agency,-1,"아니다, 중요하다.",중요하다,1,,0,kbsn
s-237,친정아버지랑 불순한 관계를 맺었다고 오해하는 남편,f-159,근친상간은 옳지 않다.,agency,1,"그렇다, 옳지 않다.",옳지 않다,1,,0,kbsn
647,막내아이 친구엄마와 커피숍에서 커피를 마시는데 어디고등학교를 졸업했냐고해서 특성화고라고 말하기 싫어서 서울에있는 고등학교라고만 말했다.,1941,자녀의 선택을 부끄러워하는 것이 바람직하다.,agency,-1,"아니다, 바람직하지 않다.",바람직하지 않다,1,,0,crd
s-1428,여친과의 데이트 날에도 이중 약속을 잡는 남자친구가 있다..?,f-796,이중 약속을 잡을 때는 만나려는 사람들에게 각각 양해를 구할 필요 없다.,agency,-1,"아니다, 해야 한다.",해야 한다,1,,0,kbsn
528,내 몸도 피곤한데 직장 동료가 근무 일정을 바꿔 달라고 할 때 나만 생각 하는 게 맞을지 고민이 된다.,1586,직장 동료에게 근무 일정 변경을 요청하지 않도록 하는 것은 좋지 않다.,agency,-1,"아니다, 좋다.",좋다,1,,0,crd
212,퇴근 시간에 지하철 안에서 사람이 밀리는 바람에 옆 사람의 가방에 얼굴을 부딪혀 안경이 바닥에 떨어져 렌즈가 깨졌다.,637,공공장소에서 피해가 발생했을 때 상황을 차분하게 대응하는 것은 바람직하지 않다.,agency,-1,"아니다, 바람직하다.",바람직하다,1,,0,crd
238,"직장 동료가 요청한 업무를 제대로 수행하지 못하고 빠뜨렸을 때, 얼마나 인내하고 피드백을 드려야 할지 고민했다.",714,"함께 일하는 직장 동료가 업무상 실수를 했을 때, 감정적으로 대응하기보다 인내심을 가지고 적절한 피드백을 주어야 한다.",agency,1,"그렇다, 그래야 한다.",그래야 한다,1,,0,crd
435,추운날 중고거래를 하러 나갔는데 약속시간이 한참 지나도 상대방이 오지않아 연락했더니 사과한마디 없이 지금 출발한다고 해서 화가 났다.,1307,약속을 지연시키고도 아무런 설명이나 사과 없이 행동하는 것은 바람직하다.,agency,-1,"아니다, 바람직하지 않다.",바람직하지 않다,1,,0,crd
225,도서관에서 옆자리에 앉은 사람이 손으로 가리지도 않은 채 계속 기침을 해서 불쾌함을 느껴 마스크를 써 달라고 요청했다.,675,공공장소에서 기침을 할 때 타인에게 피해를 주지 않도록 예절을 지키지 않아도 된다.,agency,-1,"아니다, 지켜야 한다 .",지켜야 한다 ,1,,0,crd
s-351,불우한 가정 환경 속 믿었던 내 가족과 지인들의 배신,f-309,배신했어도 가족 대우를 해주어야 한다.,agency,-1,"아니다, 해주지 않아도 된다.",해주지 않아도 된다,1,,0,kbsn
511,이웃 주민이 인도에서 자전거를 타는 바람에 길을 걷다가 자전거와 부딪혀 다칠 뻔했다.,1534,길을 걸을 때에는 주위를 살피며 걸을 필요 없다.,agency,-1,"아니다, 살피며 걸어야 한다.",살피며 걸어야 한다,1,,0,crd
589,"버스에서 앞 자리 할머니가 가방을 두고 내렸는데, 못본척 했다.",1767,대중교통에서 좌석 사용과 관련해 혼란이 생길 경우 주변 상황을 살피고 배려하려는 태도는 바람직하지 않다.,agency,-1,"아니다, 바람직하다.",바람직하다,1,,0,crd
459,길을 가던 중 어떻게 가야할지 물어보는 사람을 무시함,1378,사회에서는 도움이 필요할 때 서로 도움을 요청할 수 없다.,agency,-1,"아니다, 할 수 있다.",할 수 있다,1,,0,crd
107,길에서 도움이 필요해 보이는 사람을 보고도 괜히 오해를 살까 봐 다가가지 못했다.,321,타인의 안전과 어려움을 외면하고 되고 공동체 의식을 가질 필요 없다.,agency,-1,"아니다, 외면하지 않고 공동체 의식을 가져야 한다.",외면하지 않고 공동체 의식을 가져야 한다,1,,0,crd
713,약속에 늦은 친구가 “내가 MBTI가 P라서 시간을 지키기 힘들다”고 오히려 당당하게 말해 황당했다.,2141,약속을 어겼을 경우에는 사과를 먼저 하는 것이 옳다.,agency,1,"그렇다, 옳다.",옳다,1,,0,crd
s-253,한 사람과 두 번의 이혼 후 양육비를 위해 아이들과 노숙까지 했어요,f-241,배우자와 이혼했다 하더라도 자녀에게 양육비를 지급해야 한다.,agency,1,"그렇다, 그래야 한다.",그래야 한다,1,,0,kbsn
122,"조별과제에서 역할 분담이 불공평하다고 말하며 의견 충돌이 있었고, 감정이 상해 말다툼으로 이어졌다.",367,조별과제에 무임승차하면 안 된다.,agency,1,"그렇다, 그러면 안 된다.",그러면 안 된다,1,,0,crd
626,아파트 단지 놀이터에서 아이들 문제를 이야기하자 한 보호자가 내 아이만 탓하는 듯한 말을 해 언성이 높아졌다.,1880,"아파트 단지 놀이터에서 또래들과 함께 놀때, 문제를 일으켜도 된다.",agency,-1,"아니다, 안 된다.",안 된다,1,,0,crd
s-565,"시어머니 수발을 들으며 병간호를 했는데, 알고 보니 남편이 바람을 피우고 있었어요",f-485,아내와 시어머니가 있는 가정에 충실해야 한다.,agency,1,"그렇다, 그래야 한다.",그래야 한다,1,,0,kbsn
350,운전 중 적색 신호에 걸려 신호 대기 중인 상태인데 뒷 차가 경적을 울리더니 신호가 바뀐 뒤 내차의 앞에 끼어들기를 하고 저속주행을 하면 진로를 방해했다.,1052,보복운전을 해도 된다.,agency,-1,"아니다, 안 된다.",안 된다,1,,0,crd
82,어떤 과제에 대한 팀활동을 하는데 명백히 다같이 한 일임에도 어떤 팀원이 본인이 전부 다 한 것처럼 공로를 내세워 당황스러웠다.,246,타인의 기여를 무시해도 괜찮다.,agency,-1,"아니다, 무시하지 않는 것이 좋다.",무시하지 않는 것이 좋다,1,,0,crd
584,친구가 진보 성향의 정치인을 선호하는 것 같아서 보수 성향인 나의 정치 성향을 말하지 않았다.,1752,개인의 가치관인 정치적 견해를 다른 이에게 반드시 공개해야 한다.,agency,-1,"아니다, 하지 않아도 된다.",하지 않아도 된다,1,,0,crd
s-85,어느 날 집에 찾아온 양복 입은 사람들... 말도 없이 제2금융권에서 대출받은 전처,f-26,한 가정에서 대출을 결정할 때 남편과 상의하지 않아도 된다.,agency,-1,"아니다, 해야 한다.",해야 한다,1,,0,kbsn
240,"생일을 서로 챙기고 싶지 않은데, 친구가 먼저 생일을 챙겨줘서 나도 친구의 생일을 챙겨줘야 할지 고민했다.",720,친구의 생일을 챙길 때는 보답을 바라지 않아야 한다.,agency,1,"그렇다, 그래야 한다.",그래야 한다,1,,0,crd
359,친한 친구가 명백하게 잘못한 상황에서 친구의 편을 들어주었다.,1078,본인이 잘못을 했을 때 순순히 인정하고 사과하는 것은 옳지 않다.,agency,-1,"아니다, 옳다.",옳다,1,,0,crd
55,"모임에서 사람들이 사춘기 자녀들로 인해 어려움을 토로하는 자리였는데 나는 자녀로 인해서 크게 어려움이 없었는데도 애들이 다 그렇지 뭐,,,라고 말했다",167,부모님의 마음을 아프게 하거나 걱정을 끼치는 행동은 옳다.,agency,-1,"아니다, 옳지 않다.",옳지 않다,1,,0,crd
s-442,부모님이 사기꾼에게 당해 집이 빚더미에 앉아 망가졌어요,f-393,가족은 가해자가 아닌 사기의 피해자임을 인식해야 한다,agency,1,"그렇다, 그래야 한다.",그래야 한다,1,,0,kbsn
s-1877,투병 중인 아버지가 추천하는 it 직종 vs 복싱이 계속하고 싶은 아들,f-1156,본인이 하고 싶은 일을 하는 것은 옳지 않다.,agency,-1,"아니다, 옳다.",옳다,1,,0,kbsn
226,식당에서 철판에 구워진 고기가 나왔는데 속 부분이 차가워서 다시 구워달라고 하니까 직원의 표정이 안좋았다.,680,손님의 요청에 기분 좋게 응대하는 것이 좋다.,agency,1,"그렇다, 좋다.",좋다,1,,0,crd
749,지하철 안에서 다른 사람은 신경쓰지 않고 큰 소리로 영상을 시청하는 사람때문에 당혹스러운 기억이 있다.,2247,주변 사람을 고려하지 않고 큰 소리로 영상을 재생하는 행동은 나쁘다.,agency,1,"그렇다, 나쁘다.",나쁘다,1,,0,crd
46,고등학교 때 친구들과 고기 뷔페에 갔는데 너무 많이 먹어서 계산할 때 사장과 다투었다,140,손님과 의견 충돌이 발생했을 경우 감정적으로 대응하지 않고 차분하게 규칙을 설명하는 것은 적절하지 않다.,agency,-1,"아니다, 적절하다.",적절하다,1,,0,crd
328,집 근처에서 길을 물어보는 노인에게 근처에 안 살아서 모른다고 했다.,984,타인에게 길을 물을 때는 정중하게 요청해야 한다.,agency,1,"그렇다, 그래야 한다.",그래야 한다,1,,0,crd
s-257,이혼 후 돈이 없어 자녀들과 노숙 생활을 하다 만남 양아버지의 성희롱,f-200,경제적으로 어려운 상황에 처했다면 자신과 자녀의 안전을 위협하는 성희롱 피해를 당했을 때 단호하게 대처하지 않아도 된다.,agency,-1,"아니다, 해야 한다.",해야 한다,1,,0,kbsn
s-1613,"3달 동거하며 천만 원을 잃은 대학생, 전 여친은 잠수 中",f-904,천 만원을 잃은 대학생의 연락을 받는 것은 좋지 않다.,agency,-1,"아니다, 좋다.",좋다,1,,0,kbsn
s-324,"코인 투자로 일주일 만에 1,300만 원 날린 여자",f-273,그녀를 비난하는 것은 옳지 않다.,agency,1,"그렇다, 옳지 않다.",옳지 않다,1,,0,kbsn
266,"이사 업체 용역이 시간에 맞춰오지 못했는데, 그것에 대해 지적했더니 본인은 업체에서 연락받고 바로 온 것이니 지각이 아니라며 따질 거면 업체에 따지라고 하여 기분이 상했다.",798,회사는 하청 업체에게 업무와 시간에 대해 명확하게 전달해야 한다.,agency,1,"그렇다, 그래야 한다.",그래야 한다,1,,0,crd
s-2528,‘어려운 한국 문화’ 한국 시댁살이가 걱정되는 러시아댁...,f-1374,서로 다른 문화권에서 온 외국인을 친절하게 대할 필요 없다.,agency,-1,"아니다, 그렇게 해야한다.",그렇게 해야한다,1,,0,kbsn
759,회사 상사의 의견이 형편없었지만 솔직한 조언을 할 수가 없었다.,2279,"자신의 의견에 대해 직원이 솔직하게 의사표현을 했을 때, 감정적으로 대응하지 않고 열린 마음으로 경청하지 않아도 된다.",agency,-1,"아니다, 해야 한다.",해야 한다,1,,0,crd
714,목돈이 있었지만 카드값을 갚아야 한다며 도움을 요청한 언니에게 내 경제 상황도 불안해 돈을 빌려줘야 할지 거절해야 할지 고민했다.,2143,타인의 요청을 거절할 때는 서로 간의 기분이 상하지 않도록 충분히 상황을 설명하는 것이 좋다.,agency,1,"그렇다, 좋다.",좋다,1,,0,crd
230,친구가 작가가 되고 싶다며 소설을 내게 보여주었다. 내용이 정말 재미 없었지만 사실대로 말할 수 없었기에 성공할 것 같다고 말해주었다.,692,친구가 하는 일에 수정과 보완사항이 필요하다고 솔직하게 이야기하며 참된 조언을 해주는 것은 적절하지 않다.,agency,-1,"아니다, 적절하다.",적절하다,1,,0,crd
s-1688,여사친 못 잃어ᅮᅮ 친구 사이 멀어질까 연애는 안 하는 23살,f-1004,이성친구는 관계를 잘 정의해주는 것이 좋다.,agency,1,"그렇다, 좋다.",좋다,1,,0,kbsn
122,"조별과제에서 역할 분담이 불공평하다고 말하며 의견 충돌이 있었고, 감정이 상해 말다툼으로 이어졌다.",366,조별과제 중 생기는 갈등 상황을 대화로 해결하는 것은 좋지 않다.,agency,-1,"아니다, 좋다.",좋다,1,,0,crd
212,퇴근 시간에 지하철 안에서 사람이 밀리는 바람에 옆 사람의 가방에 얼굴을 부딪혀 안경이 바닥에 떨어져 렌즈가 깨졌다.,637,공공장소에서 피해가 발생했을 때 상황을 차분하게 대응하는 것이 바람직하다.,agency,1,"그렇다, 바람직하다.",바람직하다,1,,0,crd
s-406,욕구가 너무 강한 고민남과 ‘윤리적 다자 연애’ 하실 여성분 찾아요,f-371,연인 간의 신뢰를 지켜야 할 의무가 있다.,agency,1,"그렇다, 의무가 있다.",의무가 있다,1,,0,kbsn
600,최근 크리스마스에 안부를 보낸 친구의 연락을 바쁘다는 핑계로 거의 무시해서 한편으로는 미안한 마음이 들었다.,1802,친한 사이에도 관계를 유지하기 위해서는 예의를 지켜야 한다.,agency,1,"그렇다, 그래야 한다.",그래야 한다,1,,0,crd
s-751,"이혼한 부모님, 한국 결혼식에서 어떻게 모셔야 할까요?ᅮᅮ",f-514,자식의 결혼식에 참석하는것이 좋다.,agency,1,"그렇다, 좋다.",좋다,1,,0,kbsn
353,오늘 산책길에서 운동을 하던 두 사람이 서로 기구를 쓰겠다고 싸움이 났다.,1059,산책길에 있는 운동기구는 공공기구이므로 서로 양보를 하는 것이 좋다.,agency,1,"그렇다, 좋다.",좋다,1,,0,crd
s-938,"발달 장애 아들, 엄마로서 행복하게 키울 수 있을까요?",f-574,자신을 보살피는 엄마를 사랑하지 않아도 된다.,agency,-1,"아니다, 해야 한다.",해야 한다,1,,0,kbsn
381,자녀는 아들 하나인데 아내와 아들이 사이가 좋지 않아 크게 다툴 때 내가 어느 편을 들어야 하는지 결정하기 어려웠다.,1144,엄마라면 자신의 아들과 싸우기보다는 좋은 관계를 형성하려고 노력하는 것은 나쁘다.,agency,-1,"아니다, 좋다.",좋다,1,,0,crd
s-890,두 남편이 저지른 외도와 폭력... 싱글맘 됐지만 아이 잘 키우고 싶어요,f-546,외도와 폭력을 저지른 남편과 용기 있게 헤어져야 한다,agency,1,"그렇다, 그래야 한다.",그래야 한다,1,,0,kbsn
297,"회사 업무가 힘들 때 친구들과 고민을 나누고, 의견을 듣고 싶었는데 친구들 모임에서 아직 취준 중인 친구가 있어서 모임에서는 회사 얘기를 꺼내지 않았다.",893,취업 준비로 스트레스를 받는 상황에서도 친구들의 일상적인 고민을 존중하는 자세가 바람직하다.,agency,1,"그렇다, 바람직하다.",바람직하다,1,,0,crd
405,시가와 함께 카페에 갔는데 아이가 너무 크게 떠들어서 훈육을 하던 중 어머님께서 아이들은 그래도 된다고 하시는 말씀에 당황스러웠다.,1217,아이가 공공장소에서 타인에게 불편을 끼칠 경우 적절한 훈육을 해서는 안 된다.,agency,-1,"아니다, 해야 한다.",해야 한다,1,,0,crd
278,가족과 저녁식사를 하러가야 하는데 온가족이 먹을 수 있는 식당을 갈지 아이가 좋아하는 음식을 파는 특정 식당을 갈지 고민했다.,835,가족의 취향과 무관하게 자기가 좋아하는 음식을 파는 식당을 고집하는 것은 좋다.,agency,-1,"아니다, 좋지 않다.",좋지 않다,1,,0,crd
655,"내일 제출할 팀 과제에서 혼자 열심히 한 결과물을 동료들 이름으로 공유할지, 아니면 양심적으로 나의 노력만을 어필할지 갈등에 빠졌다.",1966,"자신이 주도하여 만든 결과물일지라도 상급자에게 자신의 성과를 명확히 어필하되, 동료들의 기여도 또한 어느 정도 언급해 주는 것이 바람직하다.",agency,1,"그렇다, 바람직하다.",바람직하다,1,,0,crd
s-252,유부남과 바람난 아내...합의 이혼했지만 여전히 괘씸해요,f-186,합의 이혼으로 관계가 정리된 이후에는 불필요한 접촉이나 오해를 일으킬 수 있는 행동을 자제하지 않아도 괜찮다.,agency,-1,"아니다, 자제해야 한다.",자제해야 한다,1,,0,kbsn
172,회사 면접에서 면접관이 압박면접을 핑계로 결혼을 왜 안했냐고 물어서 엄청 화가 났다.,516,면접관은 지원자의 개인정보나 사생활이 드러나는 질문을 해도 된다.,agency,-1,"아니다, 지양해야 한다 .",지양해야 한다 ,1,,0,crd
133,게임 승급전에서 같은 팀으로 매칭된 유저가 계속 게임을 망치며 남탓을 하길래 참다참다 중간에 적당히 하라고 채팅을 쳤다가 시비가 걸려 게임 끝날 때까지 그 유저랑 채팅으로 싸웠다.,400,자신의 잘못을 남에게 돌리는 것은 괜찮다.,agency,-1,"아니다, 바람직하지 않다.",바람직하지 않다,1,,0,crd
s-211,심각한 탈북 스토리를 가진 사연남.. 탈북 과정에서 생이별하게 된 어머니와 여동생,f-114,어머니와 여동생을 찾으려고 노력하는 것은 바람직하지 않다.,agency,-1,"아니다, 바람직하다.",바람직하다,1,,0,kbsn
s-189,데이트 앱으로 만난 전남친의 아이... 이제라도 양육비 받고 싶어요,f-82,자신의 친부에게 부양권을 행사해줄 것을 요구할 권리가 없다.,agency,-1,"아니다, 권리가 있다.",권리가 있다,1,,0,kbsn
319,"친구가 문구점에서 볼펜을 몰래 가져가는 것을 봤을 때, 제재하거나 사장님께 말하는 것이 맞지만 친구라 말할 수 없었다.",957,물건을 계산하지 않고 가져가는 것은 옳지 않다.,agency,1,"그렇다, 옳지 않다.",옳지 않다,1,,0,crd
s-1688,여사친 못 잃어ᅮᅮ 친구 사이 멀어질까 연애는 안 하는 23살,f-1007,연애를 시작하면 이성친구와 멀어지는 것이 좋다.,agency,1,"그렇다, 좋다.",좋다,1,,0,kbsn
530,회사에서 승진 결과를 사전에 통보받아 알고 있었지만 비밀 서약 때문에 승진 대상인 후배에게 떨어진 사실을 말하지 않았다.,1590,공식적으로 공개되지 않은 인사 정보를 비밀 서약에 따라 함부로 공유하지 않는 것은 바람직하지 않다.,agency,-1,"아니다, 바람직하다 .",바람직하다 ,1,,0,crd
s-252,유부남과 바람난 아내...합의 이혼했지만 여전히 괘씸해요,f-184,혼인 중에 제3자와의 관계에서 오해를 불러일으킬 수 있는 행동을 피하고 배우자와의 신뢰를 유지하려는 노력은 필요하지 않다.,agency,-1,"아니다, 필요하다.",필요하다,1,,0,kbsn
229,"유명 빵집에서 줄을 서서 기다리는데, 내 뒤로 초등학생과 그 부모님이 줄을 서 있었다. 내가 마지막 빵을 샀고 초등학생이 울기 시작했다. 빵을 하나 줄까 고민했지만 주지 않았다.",688,아이들이 원하는 물건을 얻지 못했을 때 상황을 받아들이려는 것은 적절하지 않다.,agency,-1,"아니다, 적절하다.",적절하다,1,,0,crd
682,"태국으로 가는 비행기를 타는데, 20대 후반 여성 두명이 진상을 피우는 바람에 늦게 출발했다.",2047,타인의 부적절한 행동으로 불편을 겪더라도 감정을 과도하게 표출하는 것은 적절하지 않다.,agency,1,"그렇다, 적절하지 않다.",적절하지 않다,1,,0,crd
574,"아파트 하자 처리 과정에서 교체가 아닌 수리로 진행된다는 안내에 불만이 생겨, 관리직원과 전화 통화 중 말다툼을 벌였다.",1722,화가 나서 바로 관리직원과 말다툼을 하는 것은 바람직한 행동이다.,agency,-1,"아니다, 바람직하지 않다.",바람직하지 않다,1,,0,crd
254,동네 마트에서 계산대 줄에 내가 서 있었는데 나이든 아주머니가 내 앞으로 장바구니를 쑥 들이밀면서 내가 급해서 먼저 할게라고 반말을 하며 새치기해서 내가 따졌더니 언쟁이 생겼다.,764,연장자가 공공 시설 이용시 타인에게 반말을 사용하거나 위압적인 태도를 보이는 것은 옳은 행동이다.,agency,-1,"아니다, 옳지 않다.",옳지 않다,1,,0,crd
s-2314,"감성적 남편 vs 현실적 아내, 너무 다른 두 사람의 초 현실적 부부싸움",f-1360,성향이 다른 배우자의 의견도 경청하고 존중해야 한다.,agency,1,"그렇다, 그래야 한다.",그래야 한다,1,,0,kbsn
s-989,아내보다 루틴?⌚ 짜여진 삶에 집착하게 된 남편의 속사정!,f-587,아내는 남편의 특성을 이해하고 적절하게 조율하려 노력해야 한다,agency,1,"그렇다, 그래야 한다.",그래야 한다,1,,0,kbsn
s-1365,"여자와 있으면 말이 안 나와요.. 36살 모태솔로, 알고 보니 인기남?🤣",f-762,성별이 다른 이성을 대할 때에는 이성으로서가 아니라 같은 인간으로서 동등하게 대우하고 의식하는 것이 바람직하다.,agency,1,"그렇다, 바람직하다.",바람직하다,1,,0,kbsn
144,"놀이터에서 아이 두 명이 다툰 걸 목격했는데, 해당 아이의 부모님들이 이야기하실 때 도움을 주지 못했다.",433,놀이터에서 놀때는 상대를 다치게 하거나 또래들과 다투지 않아야 한다.,agency,1,"그렇다, 그러지 않아야 한다.",그러지 않아야 한다,1,,0,crd
244,"학교에서 다른 친구들이 하는 내 뒷담을 들었을 때, 직접 따져야 할지 모른 척해야 할지 고민했다.",734,친구와 갈등이 있어도 바로 다투지 않는 것이 좋다.,agency,1,"그렇다, 좋다.",좋다,1,,0,crd
284,"혹시 내가 작성한 문서 내용이 틀릴까 문의드렸으나, 상대방이 이에 대해 내가 그런 부분까지 봐줘야하냐며 화를 내어서 당황했다.",852,동료의 질문이나 요청이 본인의 업무 범위를 벗어난다고 판단될 때 화를 내기보다 정중하게 거절하거나 안내하는 태도는 필요하지 않다.,agency,-1,"아니다, 필요하다.",필요하다,1,,0,crd
214,마트 계산대에서 기다리던 중에 새치기한 사람을 직원이 알아채지 못해 직원에게 말하다가 그 사람과 실랑이가 벌어졌다.,642,질서를 지키지 않은 사람에게는 당사자에게 직접적으로 얘기하는 방법이 바람직하다.,agency,1,"그렇다, 바람직하다.",바람직하다,1,,0,crd
486,"다이어트 중에 정말 친한 지인이 맛있는 음식을 잔뜩 사 들고 우리 집을 방문했을 때, 성의를 봐서 같이 먹어야 할지 끝까지 거절해야 할지 고민했다.",1460,타인에게 거절을 할 때는 예의를 갖추는 것이 좋다.,agency,1,"그렇다, 좋다.",좋다,1,,0,crd
436,아이의 대학 진로를 두고 남편과 의견이 충돌하며 언쟁이 높아졌다.,1309,아이의 대학 진로에 대해서는 아이에게 충분히 의견을 묻는 것이 좋다.,agency,1,"그렇다, 좋다.",좋다,1,,0,crd
s-490,‘제 아들이 가수거든요..’ 전 남편이 허위 사실 유포하며 아들의 앞길을 막고 있어요..,f-422,이혼한 전 가족구성원들과 가정을 괴롭히지 않아야 한다.,agency,1,"그렇다, 그래야 한다.",그래야 한다,1,,0,kbsn
133,게임 승급전에서 같은 팀으로 매칭된 유저가 계속 게임을 망치며 남탓을 하길래 참다참다 중간에 적당히 하라고 채팅을 쳤다가 시비가 걸려 게임 끝날 때까지 그 유저랑 채팅으로 싸웠다.,401,게임을 하며 상대방을 비난하지 않고 이해하려고 노력하지 않아도 된다.,agency,-1,"아니다, 해야 한다.",해야 한다,1,,0,crd
214,마트 계산대에서 기다리던 중에 새치기한 사람을 직원이 알아채지 못해 직원에게 말하다가 그 사람과 실랑이가 벌어졌다.,642,질서를 지키지 않은 사람에게는 당사자에게 직접적으로 얘기하는 방법이 바람직하지 않다.,agency,-1,"아니다, 바람직하다.",바람직하다,1,,0,crd
130,"집에서 동생에게 먼저 샤워를 하겠다고 여러 차례 말했지만, 갑자기 마음을 바꿔서 자기가 먼저 샤워를 하겠다고 해서 말싸움을 했다.",392,"의견이 다르다고 해서, 말싸움을 하는 것은 바람직한 행동이다.",agency,-1,"아니다, 바람직하지 않다.",바람직하지 않다,1,,0,crd
404,"석사 과정 연구가 힘들어서 아빠에게 전화했는데, 위로는 안해주고 현실적으로 받아들이기 힘든 조언만 해서 화를 내버렸다.",1214,자녀가 힘들다고 연락을 했을 때 문제 해결에 대한 조언 보다 감정을 먼저 살피고 정서적 지지를 담은 표현을 먼저 하는 것은 옳지 않다.,agency,-1,"아니다, 옳다.",옳다,1,,0,crd
s-756,"여친은 두 달에 한 번, 여사친들은 맨날 보는 남자. ""여친이 이해해줬음 좋겠어요""",f-515,연인 관계에서는 일방적인 이해를 바라선 안된다.,agency,1,"그렇다, 그러면 안 된다.",그러면 안 된다,1,,0,kbsn
795,건강이 좋지 않은 시모의 병원 통원 문제로 타 지역에 사는 시누이들에게 연락했더니 외면을 해서 화가 났다.,2386,가족들과 의논을 할 때 쉽게 화를 내는 것은 좋다.,agency,-1,"아니다, 좋지 않다.",좋지 않다,1,,0,crd
460,어제 저녁 집에서 나는 자녀가 취업 이야기로 힘들어 보여 잔소리를 할지 그냥 모른 척 할지 망설였다.,1380,충분한 이해가 없어도 일방적으로 훈계하는 행동은 괜찮다.,agency,-1,"아니다, 바람직하지 않다.",바람직하지 않다,1,,0,crd
50,지난주에 배달시킨 커피가 넘쳐서 배달되어 전화로 항의했더니 '그럴수도 있죠.'라고 해서 기분이 나빴다.,152,고객에게 응답할 때 상황을 파악하여 공손하게 답하지 않아도 된다.,agency,-1,"아니다, 해야 한다.",해야 한다,1,,0,crd
683,부모님이 맞벌이셔서 보살핌을 잘 못받고 소극적인 아이의 선생이라는 사람이 친구들과 격리시키고 혼자 교실에 남겨놨다 전해들어서 충격받았다.,2049,아동이 부당하게 방치되거나 격리된 정황이 있으면 교육기관이나 관련 기관에 신고하는 것이 바람직하다.,agency,1,"그렇다, 바람직하다.",바람직하다,1,,0,crd
497,붕어빵을 사고 집으로 돌아오는 길에 붕어빵 하나가 더 들어있었는데 서비스인지 실수인지 모르겠으나 괜히 일 키우기 싫어 모른척 했다.,1492,판매자가 할 수 있는 계산 실수는 구매자가 모른 척 하는 것이 옳다.,agency,-1,"아니다, 옳지 않다.",옳지 않다,1,,0,crd
361,승리를 앞둔 승급전 게임과 연이어 걸려오는 여자친구의 전화 사이에서 무엇을 우선해야 할지 고민하게 되었다.,1083,"개인의 취미나 몰입도 중요하지만, 연인과의 관계에서는 상대의 연락과 감정을 존중하며 적절히 소통하려는 태도가 바람직하다.",agency,1,"그렇다, 바람직하다.",바람직하다,1,,0,crd
296,붐비는 카페에서 줄을 서서 기다리고 있는데 뒤늦게 온 손님이 일행인 척 자연스럽게 내 앞으로 새치기를 해서 순서를 지켜달라고 했더니 금방 주문하는데 왜 그러냐며 말해서 싸울뻔했다.,888,공공장소에서 차례를 기다리는 줄이 있을 때 정해진 순서를 지키지 않고 중간에 끼어드는 것은 올바르지 않다.,agency,1,"그렇다, 올바르지 않다.",올바르지 않다,1,,0,crd
336,"친구가 연인과의 갈등으로 힘들어하길래 솔직한 조언을 해줘야 한다고 생각했지만, 상처받을까 봐 그냥 맞장구만 쳤다.",1008,친구 사이의 조언은 항상 거짓이 없어야 한다.,agency,1,"그렇다, 그래야 한다.",그래야 한다,1,,0,crd
565,아파트 엘리베이터에서 유모차를 밀고 들어가려는데 뒤에 서 있던 사람이 “먼저 타세요”라고 말해놓고는 한숨을 쉬어서 기분이 불편했다.,1696,겉으로는 배려하는 척 하지만 내심 불편함을 드러내는 것은 괜찮다.,agency,-1,"아니다, 바람직하지 않다.",바람직하지 않다,1,,0,crd
238,"직장 동료가 요청한 업무를 제대로 수행하지 못하고 빠뜨렸을 때, 얼마나 인내하고 피드백을 드려야 할지 고민했다.",714,"함께 일하는 직장 동료가 업무상 실수를 했을 때, 감정적으로 대응하지 않고 인내심을 가지고 적절한 피드백을 줄 필요는 없다.",agency,-1,"아니다, 주어야 한다 .",주어야 한다 ,1,,0,crd
425,회의에서 내 아이디어가 먼저 나왔는데 다른 사람이 말했을 때 바로잡을지 그냥 넘어갈지 망설였다.,1276,다른 사람의 아이디어를 가로채는 것은 나쁘다.,agency,1,"그렇다, 나쁘다.",나쁘다,1,,0,crd
s-480,아내가 쌍둥이 출산 도중 식물인간이 됐어요.. 시설로 보내야 할까요?,f-412,가족 중 현실적으로 건강이 좋아질 가망이 없는 구성원보다 앞으로 성장할 구성원을 우선시해도 괜찮다.,agency,1,"그렇다, 그래도 괜찮다.",그래도 괜찮다,1,,0,kbsn
190,나와 비슷한 몸을 가진 친구가 나만보면 자꾸 살이 쪘다고 말을 들으니 당황스럽다.,570,타인의 외모에 대해 평가하는 발언을 해도 괜찮다.,agency,-1,"아니다, 적절하지 않다.",적절하지 않다,1,,0,crd
s-1764,엄마 몰래 게임 5시간씩 하는 10살 아들👦,f-1098,"아이의 잘못을 알게 되었을 때, 거짓말을 하게 된 이유를 먼저 들어보는 것은 좋지 않다.",agency,-1,"아니다, 좋다.",좋다,1,,0,kbsn
s-1437,변호사 시험을 앞두고 자꾸 남과 비교하게 되는 로스쿨생,f-802,시험을 앞두었다면 시험에 집중하는 것이 옳다.,agency,1,"그렇다, 옳다.",옳다,1,,0,kbsn
166,"층간소음이 심하다고 쪽지를 위층 집 문에 붙여놨는데, 오히려 보복성 소음으로 더 시끄러워져서 어처구니가 없었다.",499,이웃을 배려해서 층간 소음에 유의할 필요는 없다.,agency,-1,"아니다, 유의하는 것이 바람직하다 .",유의하는 것이 바람직하다 ,1,,0,crd
347,강변을 따라 런닝을 하고 있는데 견주가 커다란 개를 입마개도 하지 않은 채로 산책을 하고 있어 무섭기도하고 당혹스러웠다.,1043,타인의 안전 우려를 고려하지 않고 반려견을 통제 없이 산책시키는 행동은 나쁘다.,agency,1,"그렇다, 나쁘다.",나쁘다,1,,0,crd
623,"도서관에서 옆자리 사람이 지정석을 차지한 것 같았지만, 규정을 들며 말하는 게 과한 행동으로 보일까봐 말하지 못했다.",1870,타인이 규정을 어긴 상황이더라도 분명하게 시시비비를 가려서는 안 된다.,agency,-1,"아니다, 괜찮다.",괜찮다,1,,0,crd
s-1764,엄마 몰래 게임 5시간씩 하는 10살 아들👦,f-1101,"가족 내 규칙을 만들 때, 전체가 동의하는 합리적인 내용으로 함께 고민하는 것이 좋다.",agency,1,"그렇다, 좋다.",좋다,1,,0,kbsn
27,"친구가 자기가 저지른 잘못을 감싸 달라고 부탁했을때, 우정을 지키기 위해 도와야 할지 아니면 단호히 거절해야할지 고민했다.",83,친구 관계에서는 서로를 존중하는 바른 행동을 하는 것이 우정을 유지하는데 중요하다.,agency,1,"그렇다, 중요하다.",중요하다,1,,0,crd
s-933,아픈 부모님 챙기는 K-장녀👩‍🦰! 가족들이 제 맘 몰라주고 자꾸 타박해요 ᅲᅲ,f-569,부모는 아픈 자신을 챙기는 자녀에게 고맙고 미안한 마음을 가지지 않아도 된다.,agency,-1,"아니다, 가져야 한다.",가져야 한다,1,,0,kbsn
s-1714,"아들 부부가 보육원에 보낸 손주, 제가 데려와 키워도 될까요..?",f-1022,부모의 사정을 먼저 들어보기 전에 비난해서는 안된다.,agency,1,"그렇다, 그래서는 안 된다.",그래서는 안 된다,1,,0,kbsn
160,"친구에게 중요한 카톡을 급하게 보냈는데, 확인하지도 않고 5시간 이상 읽씹당했다. 자기가 필요할때만 찾는 것 같아 짜증이 났다.",480,다른 사람이 답장을 못할 때에는 다른 사정이 있을 수도 있다는 점을 이해해야 한다.,agency,1,"그렇다, 그래야 한다.",그래야 한다,1,,0,crd
154,"업무 중 다른 사람의 업무를 내가 한 번 더 체크할 수 있었는데, 하지 않아서 다른 사람이 혼이 났다.",463,자신이 맡은 업무에서 실수가 발생하여 상사에게 질책을 받는 것은 업무담장자로서 감수해야 한다.,agency,1,"그렇다, 그래야 한다.",그래야 한다,1,,0,crd
s-73,결혼 반대하던 여자 친구 부모님 끈질기게 설득한 7살 연하 남편...,f-20,의견이 다르더라도 설득될때까지 노력해보는것은 중요하지 않다.,agency,-1,"아니다, 중요하다.",중요하다,1,,0,kbsn
153,나의 자녀가 주머니에서 손을 꺼내다가 주머니 속에 있던 쓰레기가 떨어지는 걸 내가 봤지만 그냥 지나쳤다.,461,쓰레기를 실수로 떨어뜨리면 다시 주워야 한다.,agency,1,"그렇다, 그래야 한다.",그래야 한다,1,,0,crd
455,"대학 친구가 과제를 도와달라고 해서 도와주었는데, 마음에 들지 않는다고 되려 욕을 먹어서 짜증났다.",1365,친구를 도와주고도 욕을 먹는데 가만히 있는 것은 좋지 않다.,agency,1,"그렇다, 좋지 않다.",좋지 않다,1,,0,crd
659,어제 엘리베이터에 탔는데 누군가 오는 소리를 들었음에도 열림 버튼을 누르지 않았다.,1977,엘리베이터에 탔을 때 뒤늦게 타려는 사람이 있다고 해서 열림 버튼을 눌러 주는 것은 좋지 않다.,agency,-1,"아니다, 좋다.",좋다,1,,0,crd
469,아버지 생신 때 좋은 식당에 예약하여 모시고 갔는데 계속 불평을 늘어놓으셔서 화가 났다.,1407,부모님에게 효도하는 것은 바람직하다.,agency,1,"그렇다, 바람직하다.",바람직하다,1,,0,crd
736,"병원에서 진료 순서를 기다리고 있는데, 옆 사람이 “나이 있는 사람부터 봐줘야지”라며 나를 가리켜 말해 불쾌했다.",2209,자신의 권리가 침해된다고 느낄 때에도 상대를 존중하는 방식으로 의견을 표현하는 것이 바람직하다.,agency,1,"그렇다, 바람직하다.",바람직하다,1,,0,crd
280,친구들과 여행을 가서 먹을 음식들을 구매하는데 심사숙고해서 무난한 삼겹살이 아닌 양념갈비를 골랐는데 싫다고해서 속상했다.,841,타인의 의견에 대해 무조건 싫다고 하는 태도는 옳다.,agency,-1,"아니다, 옳지 않다.",옳지 않다,1,,0,crd
s-252,유부남과 바람난 아내...합의 이혼했지만 여전히 괘씸해요,f-182,혼인 관계를 유지하는 사람은 배우자가 아닌 사람과 사적인 관계를 맺는 행동을 해도 괜찮다.,agency,-1,"아니다, 해서는 안 된다.",해서는 안 된다,1,,0,kbsn
604,얼마 전 아는 지인이 자기 이야기만 하고 나의 진지한 이야기는 듣지 않고 카카오톡을 씹어서 기분이 나빴다.,1812,문자 대화 시 상대방이 자기 이야기만 하고 내 이야기는 듣지 않더라도 기분 나빠할 필요는 없다.,agency,1,"그렇다, 그럴 필요는 없다.",그럴 필요는 없다,1,,0,crd
377,"몸이 아파서 병원에 다녀오는 길에 대중교통을 이용했는데, 지금은 나도 약자임에도 불구하고 어르신께 자리를 양보해야 할 것 같은 마음이 들어서 힘들었다.",1132,대중교통 이용 시 본인의 몸 상태가 좋지 않다면 노약자석이나 일반 좌석을 이용해도 괜찮다.,agency,1,"그렇다, 그래도 괜찮다.",그래도 괜찮다,1,,0,crd
696,이어폰을 끼고 있어서 구급차의 사이렌을 듣지 못해 횡단보도를 천천히 건넌 바람에 환자 이송에 차질을 준 것 같아서 마음에 걸린다.,2089,환자 이송 시 보행자의 안전을 고려하여 운행하는 것이 중요하다.,agency,1,"그렇다, 중요하다.",중요하다,1,,0,crd
719,아파트 분리수거장에서 캔 버리는 곳에 플라스틱을 넣는 주민을 보고 제대로 버리세요 말해야 할지 고민했다.,2157,공공질서와 관련된 문제를 주변 상황을 고려해 신중하게 행동하는 것은 좋지 않다.,agency,-1,"아니다, 좋다.",좋다,1,,0,crd
267,자선 경매 행사에서 필요하진 않지만 이뻐서 살까말까 고민했다.,801,기부와 나눔을 목적으로 하는 행사에서는 물건의 실용성 뿐만 아니라 행사의 좋은 취지를 우선하여 기쁜 마음으로 참여하는 것은 바람직하지 않다.,agency,-1,"아니다, 바람직하다.",바람직하다,1,,0,crd
s-1262,아무 결정 못 하고 남친에게만 의존하는 여친! 가끔은 시간 낭비 같아요,f-719,의존적이고 종속적인 자아보다 주체적인 자아가 되어야 한다.,agency,1,"그렇다, 그래야 한다.",그래야 한다,1,,0,kbsn
344,아침에 출근해서 두세명이 사무실에서 정리하고 있는 중 상사가 출근하며 다들 힘없는 목소리로 인사를 했는데 상사는 언짢은 목소리로 다들 인사안하기로 했냐고 해서 다들 당황해 했다.,1032,직장에서 인사는 확실하게 하는 것이 좋다.,agency,1,"그렇다, 좋다.",좋다,1,,0,crd
s-120,"만성 신부전증을 앓고 있는 4남매 엄마, 가족들에게 도움이 되고 싶어요",f-37,엄마가 아플 때 가족들은 외부에 도움을 요청할 수 있다,agency,1,"그렇다, 그럴 수 있다.",그럴 수 있다,1,,0,kbsn
31,나는 식당에서 서빙하는 직원의 불친절한 태도 때문에 언성을 높였다.,93,서비스직 종사자는 손님에게 기본적인 친절과 예의를 지켜야한다.,agency,1,"그렇다, 그래야 한다.",그래야 한다,1,,0,crd
375,배우자가 아이가 받은 용돈을 몰래 가로채서 다툼이 생겼다.,1125,자녀의 금전 문제에 대해서 보호자로서 공정하고 책임감 있는 태도를 유지하지 않아도 된다.,agency,-1,"아니다, 해야 한다.",해야 한다,1,,0,crd
590,운전하는데 앞 차의 뒷 타이어가 펑크났는데 알려주지 않았다.,1772,운전을 할때는 앞차와 간격을 유지하는 것이 좋다.,agency,1,"그렇다, 좋다.",좋다,1,,0,crd
468,오래 다닌 직장에서 퇴사할 때 퇴직금을 제대로 주지 않아 문의했더니 '어떻게 우리 사이에 퇴직금을 다 달라고 할 수 있냐'는 말을 들어 황당했다.,1404,법적으로 보장된 권리에 대해 정중하고 명확하게 문의하는 것은 바람직하지 않다.,agency,-1,"아니다, 바람직하다.",바람직하다,1,,0,crd
s-1502,취미만 10개 이상?! 아내의 모든 취미를 함께한 남편의 고충😵,f-820,아내와 모든 취미를 함께하지 않으면 안  된다.,agency,-1,"아니다, 하지 않아도 된다.",하지 않아도 된다,1,,0,kbsn
s-1729,아들에게 미안한 마음에 손주라도 제대로 키우고 싶은 할머니..,f-1040,양육자의 마음을 헤아리려고 노력하지 않아도 된다.,agency,-1,"아니다, 해야 한다.",해야 한다,1,,0,kbsn
746,회사 상사가 성희롱에 해당하는 이야기를 했지만 이의 제기를 하지 못한 채 웃어 넘겨버린 일이 있었다.,2238,회사에서 부하 직원에게 성희롱을 하는 것은 괜찮다.,agency,-1,"아니다, 옳지 않다.",옳지 않다,1,,0,crd
297,"회사 업무가 힘들 때 친구들과 고민을 나누고, 의견을 듣고 싶었는데 친구들 모임에서 아직 취준 중인 친구가 있어서 모임에서는 회사 얘기를 꺼내지 않았다.",893,취업 준비로 스트레스를 받는 상황에서 친구들의 일상적인 고민을 존중하는 자세는 바람직하지 않다.,agency,-1,"아니다, 바람직하다.",바람직하다,1,,0,crd
523,조별과제 역할 분담을 할 때 한 친구가 계속 자기 의견만 고집해 다른 조원들과 말다툼이 생겼다.,1570,"여러 사람과의 역할 분담이 필요한 경우, 자기 의견만 고집하는 것은 옳은 행동이다.",agency,-1,"아니다, 옳지 않다.",옳지 않다,1,,0,crd
s-1815,불의를 못 참고 낫을 든 괴한을 쫓아간 동생😨 매 순간 다칠까 봐 불안합니다ᅲᅲ,f-1118,타인에게 위협을 가하거나 흉기를 사용하여 타인의 안전을 침해하는 폭력적인 수단을 사용하는 것은 옳지 않다.,agency,1,"그렇다, 옳지 않다.",옳지 않다,1,,0,kbsn
717,겨울이라 빨간옷과 악세사리를 자주 했더니 빨간쪽이냐는 말을 들었다. 무척 당황스러웠다.,2151,민감한 주제에 관해 오해 또는 농담을 들은 경우 이를 바로 잡아야 한다.,agency,1,"그렇다, 그래야 한다.",그래야 한다,1,,0,crd
634,"집에서 엄마가 매일 저녁 늦게까지 설거지하라고 잔소리할 때, 내가 피곤해서 미루고 싶지만 엄마 기분 상하지 않게 할지 그냥 버텨야 할지 매번 갈등했어.",1902,가족과의 공동체 생활에서 자신의 역할을 미루지 않고 다른 가사 노동과 역할을 바꾸거나 대안을 제안하는 식의 적극적인 조율을 하는 것은 바람직하지 않다.,agency,-1,"아니다, 바람직하다.",바람직하다,1,,0,crd
s-948,충격 실화! 19세 여고생 조카와 바람난 남편 🤬,f-581,미성년자와 바람을 피우는 것은 옳은 행동이다,agency,-1,"아니다, 옳지 않다.",옳지 않다,1,,0,kbsn
654,"아파트 주변에서 담배를 피우고 있는 청소년들을 보고 충고를 해야 할지, 그냥 지나가야 할지 고심이 되었다.",1963,아파트 주변에서 담배를 피우는 것은 좋다.,agency,-1,"아니다, 좋지 않다.",좋지 않다,1,,0,crd
423,절에 더 많은 보시를 하고 싶은데 내가 가진 돈이 넉넉치 않아 항상 딜레마에 빠졌는데 그래도 적은 금액이라도 보시를 했다,1270,절은 형편이 어려운 신도도 존중해야 한다.,agency,1,"그렇다, 그래야 한다.",그래야 한다,1,,0,crd
463,얼마 전 집에서 자녀와 통화 중 힘든 일을 이야기 했지만 공감 해주지 않아 당혹스러웠다.,1389,다른 사람의 힘든 점을 공감하고 이해하려는 노력이 필요하다.,agency,1,"그렇다, 필요하다.",필요하다,1,,0,crd
355,배달 일을 하던 중에 제 신호에 출발했는데 신호위반을 한 차량이 오히려 나에게 욕을 하며 멈춰세우길래 멈춘뒤 말싸움을 했다.,1066,도로의 통행을 방해하는 것은 옳은 행동이다.,agency,-1,"아니다, 옳지 않다.",옳지 않다,1,,0,crd
s-1686,매일 싸우는 10살 차이 커플! 그래도 오빠 없인 못 살아요💕🍯,f-997,연인이 어리다고 의견을 평가절하해서는 안 된다.,agency,1,"그렇다, 그래서는 안 된다.",그래서는 안 된다,1,,0,kbsn
263,초록불에 횡단보도를 건너고 있는데 차가 바로 앞을 지나가서 화가 났다.,791,횡단보도를 건너는 보행자에게 위협이 되는 행동은 바람직한 행동이다.,agency,-1,"아니다, 바람직하지 않다.",바람직하지 않다,1,,0,crd
s-490,‘제 아들이 가수거든요..’ 전 남편이 허위 사실 유포하며 아들의 앞길을 막고 있어요..,f-421,자식에 대해 악의적인 거짓소문을 퍼뜨리는 것은 부모로써 용납되지 않는 행동이다.,agency,1,"그렇다, 용납되지 않는 행동이다.",용납되지 않는 행동이다,1,,0,kbsn
210,지하철에서 자리를 차지한 채 자는 사람 옆에 노약자가 서 있는 것을 보고 깨워야 할지 망설였다.,630,모르는 타인의 신체를 동의없이 접촉해서는 안된다,agency,1,"그렇다, 그래서는 안 된다.",그래서는 안 된다,1,,0,crd
s-1896,농사만 짓고 가족은 뒷전인 아빠랑 멀리 살고 싶어요ᅮᅮ,f-1167,농사일을 통해 가족을 먹여 살리는 것은 바람직하지 않다.,agency,-1,"아니다, 바람직하다.",바람직하다,1,,0,kbsn
788,얼마 전 대학 선배가 신용카드를 분실했다며 재발급될 동안 내 카드를 대신 좀 쓰자고 하는 걸 못 들은 척 무시했다.,2364,개인 신용과 직결되는 물품 사용을 타인에게 요청할 때 상대에게 큰 부담과 위험이 될 수 있음을 인식하는 것은 옳지 않다.,agency,-1,"아니다, 옳다.",옳다,1,,0,crd
472,"직장 동료가 시간 외 수당을 받기 위해 근무표를 허위로 작성하는 것을 알게 된 뒤, 이를 상사에게 보고해야 하는지 말아야 하는지 판단이 서지 않았다.",1417,부하 직원들이 회사 규칙을 어기고 있는 것을 확인하는 것은 좋지 않다.,agency,-1,"아니다, 좋다.",좋다,1,,0,crd
267,자선 경매 행사에서 필요하진 않지만 이뻐서 살까말까 고민했다.,802,"자선 행사를 기획할 때는 참여자들이 보람을 느낄 수 있도록 행사의 목적을 명확히 알리고, 매력적인 물품을 준비하여 자발적인 참여를 이끌어내야 한다.",agency,1,"그렇다, 그래야 한다.",그래야 한다,1,,0,crd
123,초등학생 때 짝궁이 내 허락도 없이 내 물건을 마음대로 써서 화가 났다.,369,남의 물건을 허락없이 사용하면 안 된다.,agency,1,"그렇다, 그러면 안 된다.",그러면 안 된다,1,,0,crd
s-285,누나 남사친에게 당한 4억 사기로 밤낮 없이 일하는 남자,f-196,자신이 저지른 범죄 행위에 대해 회피하지 않고 마땅한 법적 처벌을 받아야 한다.,agency,1,"그렇다, 그래야 한다.",그래야 한다,1,,0,kbsn
720,엄마가 돈 문제로 힘들어 하는데 빌려주면 못 받을까봐 나도 힘들다고 했다.,2162,자식은 부모에게 솔직하지 않아도 된다,agency,-1,"아니다, 솔직해야 한다.",솔직해야 한다,1,,0,crd
775,다음 날 할 일이 있는데도 잠이 안와서 밤새 유튜브 쇼츠를 봤다.,2325,다음날 일에 지장을 받지않게 컨디션을 관리하는 것이 필요하다.,agency,1,"그렇다, 필요하다.",필요하다,1,,0,crd
537,이중주차를 한 차량이 사이드 브레이크를 채워 놓고 주차하여 차를 빼달라고 전화를 하였으나 차주가 지금 바쁘다고 하면서 30분 후에 나타나서는 미안하다고 말도 하지 않아 화가 났다.,1613,"주차장은 공동이 사용하는 공간이므로, 서로 배려하는 것이 바람직하다.",agency,1,"그렇다, 바람직하다.",바람직하다,1,,0,crd
s-1753,"결혼까지 생각했던 여친과의 이별 후, 술독에 빠져 사는 친구🍶",f-1086,여자친구에게 재회의 메시지를 보내도 된다.,agency,1,"그렇다, 그래도 된다.",그래도 된다,1,,0,kbsn
s-1079,연애 11년 + 결혼 6년 차 부부! 시도 때도 없이 스킨십 하려는 남편 때문에 미치겠어요🤣,f-638,관계 변화에 따라 규칙을 다시 정하는 행동은 옳다.,agency,1,"그렇다, 옳다.",옳다,1,,0,kbsn
148,회사에서 내 업무가 아닌데 모두 나에게 요청해서 힘들었다.,445,자신의 몫이 아닌 업무까지 맡는 것이 바람직하다.,agency,-1,"아니다, 맡지 않아도 된다 .",맡지 않아도 된다 ,1,,0,crd
299,해외 여행에서 선물을 많이 샀는데 나눠주다보니 한 명이 못 받게 되어서 당사자가 서운해했다.,899,상대방의 실수에 대해서 이해하는 태도는 필요하지 않다.,agency,-1,"아니다, 필요하다.",필요하다,1,,0,crd
s-1661,1년에 10번 보는 스님 아빠를 그리워하는 사춘기 딸..,f-968,부모는 종교에 투자하는 시간보다 아이를 생각하는 시간을 늘려야 한다.,agency,1,"그렇다, 그래야 한다.",그래야 한다,1,,0,kbsn
253,주말 오후에 초대 받은 친구의 결혼식장 로비에서 나는 ATM 앞에서 친구와 얼마나 친한지를 생각하며 축의금 봉투에 얼마를 넣어야 친구가 섭섭해하지 않을지 걱정에 빠졌다.,760,하객이 각자의 사정에 맞게 축의금을 준비하는 것을 존중하는 것이 좋다.,agency,1,"그렇다, 좋다.",좋다,1,,0,crd
436,아이의 대학 진로를 두고 남편과 의견이 충돌하며 언쟁이 높아졌다.,1308,아이의 대학 진로에 대한 의견이 다를 때 언성을 높이며 싸우는 것은 좋다.,agency,-1,"아니다, 좋지 않다.",좋지 않다,1,,0,crd
s-797,날 두고 '연애의💕참견' 찍는 누나와 가족들... 잔소리 싹 빼~ 알아서 할게!!,f-526,자식이 올바른 관계를 맺기 위해서는 조언이 필요하지 않다.,agency,-1,"아니다, 필요하다.",필요하다,1,,0,kbsn
s-257,이혼 후 돈이 없어 자녀들과 노숙 생활을 하다 만남 양아버지의 성희롱,f-200,"경제적으로 어려운 상황에 처했더라도, 자신과 자녀의 안전을 위협하는 성희롱 피해를 당했을 때는 단호하게 대처해야 한다.",agency,1,"그렇다, 그래야 한다.",그래야 한다,1,,0,kbsn
455,"대학 친구가 과제를 도와달라고 해서 도와주었는데, 마음에 들지 않는다고 되려 욕을 먹어서 짜증났다.",1367,자기를 도와준 친구에게 욕하는 건 좋지 않다.,agency,1,"그렇다, 좋지 않다.",좋지 않다,1,,0,crd
531,식당 아르바이트할 때 식당 주인이 잔반을 재활용하는 것을 보고도 잘못됐다고 말하지 못했다.,1594,식당 직원은 식품 위생을 침해하는 행위를 묵인하는 것은 바람직하지 않다.,agency,1,"그렇다, 바람직하지 않다.",바람직하지 않다,1,,0,crd
525,친구가 내 허락 없이 내 이야기를 다른 사람에게 말해 기분이 상하고 갈등이 생겼다.,1576,친구 관계에서는 신뢰를 해치는 행동을 피하고 상대의 감정을 배려해야 한다.,agency,1,"그렇다, 그래야 한다.",그래야 한다,1,,0,crd
s-1371,20살 딸에게 끊임없이 돈을 요구하는 엄마,f-774,한 가족 구성원과 갈등이 생겼다면 다른 가족 구성원들에게 도움을 요청하면 안 된다.,agency,-1,"아니다, 해도 된다.",해도 된다,1,,0,kbsn
s-1652,오빠가 이혼하며 조카 셋을 혼자 키우고 있는 고모,f-964,양육에 드는 모든 금전적인 비용을 친부모가 제공해야 한다.,agency,1,"그렇다, 그래야 한다.",그래야 한다,1,,0,kbsn
504,학창 시절에 시험 도중 옆자리 친구의 시험지 답이 보여서 부정행위를 할지 말지 고민한 적이 있다.,1514,시험 중에 본인의 시험에만 집중할 필요는 없다.,agency,-1,"아니다, 해야 한다.",해야 한다,1,,0,crd
223,차문을 열다가 옆차에 문이 부딪혔는데 옆차 안에 사람이 타고 있었다.,670,타인의 실수로 차량 접촉이 발생했을 때 감정을 앞세우기보다 차분하게 상황을 확인하는 것이 좋다.,agency,1,"그렇다, 좋다.",좋다,1,,0,crd
127,"가을, 사람이 많은 어느 거리에서 어떤 할아버지가 바닥에 쓰러져있는 걸 봤는데 정상적인 옷차림이 아니라 이상한 사람이라 생각해 다른 사람이 신고해주길 바라며 그냥 갈 길 갔다.",381,옷차림만 보고 사람을 판단하는 것은 바람직하지 않다.,agency,1,"그렇다, 바람직하지 않다.",바람직하지 않다,1,,0,crd
s-1752,😨? 전남친이랑 유튜브 하는 걸 이해해 줄 수 있는 남자를 찾아요,f-1072,서로 애인이 없으면 동업자로서의 선을 지키지 않아도 된다.,agency,-1,"아니다, 지켜야 한다.",지켜야 한다,1,,0,kbsn
s-1368,"마음에 드는 게 하나도 없는 딸의 남친, 갈라놓고 싶어요!",k-767,"장인장모에게 부정적 평가를 받았을 경우, 장인장모의 마음을 돌리기 위해 정성을 다해야 하는 것은 아니다",agency,1,"그렇다, 그래야 하는 것은 아니다.",그래야 하는 것은 아니다,1,,1,kbsn_2nd
s-1573,"러시아 여친과의 결혼을 반대하시는 부모님, 설득 시킬 수 있을까요 ᅲᅲ",f-871,러시아 여친과 결혼해야 하는 이유를 부모님께 말씀드리며 설득하는 것은 좋지 않다.,agency,-1,"아니다, 좋다.",좋다,1,,0,kbsn
22,팀플 과제를 할 때 상대방의 의견 제시에 대한 답으로 “그게 맞다고 생각하세요?”라는 답을 하는 팀원에게 말하는 자세부터 고치라고 하는 과정 속에서 다툼이있었다.,66,타인의 생각이 마음에 들지 않을 때 예의를 갖춰 피드백을 주지 않아도 된다.,agency,-1,"아니다, 줘야 한다.",줘야 한다,1,,0,crd
s-531,"7년 전 집 나간 남편, 그리고 폭력적인 성향을 가진 지적장애 아들까지... 저 어떻게 살아야 할까요?",f-454,자식을 두고 가출하는 것은 매우 나쁘다.,agency,1,"그렇다, 매우 나쁘다.",매우 나쁘다,1,,0,kbsn
413,"평소에는 아이에게 횡단보도에서 뛰지말라고 가르쳐 왔지만, 오늘은 등교시간에 늦을까봐 파란불이 켜지자 마자 뛰어서 건넜다.",1240,등교 시간에 늦는다는 핑계를 대고 횡단보도에서 뛰어서 건넌 것은 반성할 필요 없다.,agency,-1,"아니다, 해야 한다.",해야 한다,1,,0,crd
s-435,청년 사기꾼에게 사기 가스라이팅 당한 부모님,f-390,사람에게 사기를 쳐도 괜찮다.,agency,-1,"아니다, 옳지 않다.",옳지 않다,1,,0,kbsn
s-890,두 남편이 저지른 외도와 폭력... 싱글맘 됐지만 아이 잘 키우고 싶어요,f-548,결혼 생활 중 외도와 폭력을 저질러선 안된다,agency,1,"그렇다, 그래서는 안된다.",그래서는 안된다,1,,0,kbsn
281,부모님을 데리고 예약한 레스토랑을 갔는데 예약이 안잡혀있다고 해서 당혹스러웠다.,843,예약에 문제가 생겼을 때는 침착하게 상황을 확인하는 것이 바람직하다.,agency,1,"그렇다, 바람직하다.",바람직하다,1,,0,crd
369,일을 하다가 실수했는데 대충한다고 뭐라 해서 쳐다봣더니 '더럽게 짜증내시네 쯧'이라고 했다.,1107,업무를 처리할 때 잘못을 저지르지 않도록 주의하는 것은 좋지 않다.,agency,-1,"아니다, 좋다.",좋다,1,,0,crd
712,"친한 친구에게 ""너는 무신경해서 신경 잘 안 쓰고 나는 더 예민하니까 더 신경 써 달라""는 말을 들어 서운했다.",2138,관계에서 배려의 기준을 일방적으로 강요하지 말고 감정 조절과 조율을 서로 나누어 책임져야 한다,agency,1,"그렇다, 그래야 한다.",그래야 한다,1,,0,crd
s-216,친구의 사소한 거짓말도 단속하는 우정 단속남?,f-129,사소한 거짓말을 하더라도 괜찮다.,agency,-1,"아니다, 옳지 않다.",옳지 않다,1,,0,kbsn
461,오늘 아침 집에서 자녀가 늦잠을 자는 걸 보고 깨울지 말지 망설였다.,1383,자녀가 늦잠을 잔다고 폭력으로 깨우는 것은 옳지 않다,agency,1,"그렇다, 옳지 않다.",옳지 않다,1,,0,crd
584,친구가 진보 성향의 정치인을 선호하는 것 같아서 보수 성향인 나의 정치 성향을 말하지 않았다.,1753,상대방이 정치적 의견을 명확히 밝히지 않더라도 이를 부정적으로 해석하는 것은 옳다.,agency,-1,"아니다, 하지 않는 것이 옳다.",하지 않는 것이 옳다,1,,0,crd
682,"태국으로 가는 비행기를 타는데, 20대 후반 여성 두명이 진상을 피우는 바람에 늦게 출발했다.",2048,공공 교통 수단에서 다른 이용자들에게 피해를 주는 행동은 하면 안 된다.,agency,1,"그렇다, 그러면 안 된다.",그러면 안 된다,1,,0,crd
338,"친구에게 요즘 일이 힘들다고 털어놨는데, “그 정도는 다 겪는 거야”라는 반응을 들어 서운했다.",1014,친구에게 서운한 일이 있으면 솔직하게 말해도 괜찮다.,agency,1,"그렇다, 그래도 괜찮다.",그래도 괜찮다,1,,0,crd
290,번화가에서 갑자기 큰 비명소리가 들렸으나 바로 옆에 파출소가 있었다. 신고를 또 해야 할까 고민했지만 말하지 않고 가던 길을 갔다.,870,"위급 상황이 의심되면 주변에 파출소가 있어도 방관하지 말고, 안전한 범위에서 즉시 신고하거나 가까운 경찰에게 알리는 것은 바람직하지 않다.",agency,-1,"아니다, 바람직하다.",바람직하다,1,,0,crd
437,남편이 생활비 지출 문제에 대해 자기 방식만 고집하며 '돈 좀 아껴'라고 해서 기분이 좋지 않았다.,1313,부부간에는 서로의 방식을 이해할 수 있도록 심도 있는 대화를 하는 것이 적절하다.,agency,1,"그렇다, 적절하다.",적절하다,1,,0,crd
18,"퇴근 후 집 근처 편의점 앞에서 술에 취해 보이는 중년 남성이 도움을 요청했지만, 혼자 사는 미혼 여성이라 무서워서 그냥 지나쳤다.",56,타인에게 도움을 요청할 때에는 주의가 필요하지 않다.,agency,-1,"아니다, 필요하다.",필요하다,1,,0,crd
313,집안일을 하는데 남편이 피곤하다며 소파에만 누워 있어서 싸움이 생겼다.,940,결혼생활 중 갈등이 있을 때 상대의 입장애서 생각해 보는 것이 바람직하다.,agency,1,"그렇다, 바람직하다.",바람직하다,1,,0,crd
298,동생한테 방청소 하라고 잔소리 했는데 나는 일이 바쁘다는 핑계로 방청소를 미뤘다.,895,상대가 정당한 요구를 할 때 자신의 행동과 말을 돌아보고 실천하려 노력하는 것은 옳지 않다.,agency,-1,"아니다, 옳다.",옳다,1,,0,crd
s-1645,딸이 구급차에 실려가는데 동네 창피하니까 사이렌 끄라는 엄마😧,f-950,구급차에 타 있으면 모든 배려를 당연시해도 된다.,agency,-1,"아니다, 안 된다.",안 된다,1,,0,kbsn
270,주황불일 때 엑셀을 밟을지 브레이크를 밟을지 고민했다.,811,운전 중에는 순간적인 판단이 큰 영향을 미치므로 평소 안전한 운전 습관을 갖추는 것은 중요하지 않다.,agency,-1,"아니다, 중요하다.",중요하다,1,,0,crd
58,식당에서 줄을 서서 기다리고 있다가 내 차례가 되었는데 어떤 나이드신 분이 갑자기 끼어들어서 메뉴를 주문하시길래 당혹스러웠다,176,줄을 서서 기다리고 있는 상황에서 어떤 경우라도 순서대로 처리하는 것은 옳지 않다.,agency,-1,"아니다, 옳다.",옳다,1,,0,crd
33,"카페에서 일하다 식기류가 너무 무거워 한 번 쾅 내려놨는데, 어르신 손님들이 단체로 소리를 지르고 욕하며 눈치를 줌. 손녀뻘인 직원이 고생하며 치우고 있으면 조금은 이해해 줘야함",100,직원이 실수를 해서 카페안에 있는 어르신들이 놀랐더라도 화를 내거나 욕을 하는 것은 어른으로서 올바른 행동은 아니다,agency,1,"그렇다, 올바른 행동은 아니다.",올바른 행동은 아니다,1,,0,crd
735,"이웃이 공용 공간에 물건을 쌓아 둔 것을 보고도, 얼굴을 붉힐까 봐 관리사무소에 알리지 않았다.",2207,아파트 규정 위반을 발견했을 때에는 개인의 감정보다 공동의 질서를 우선해 관리사무소에 알리는 것이 적절하다.,agency,1,"그렇다, 적절하다.",적절하다,1,,0,crd
523,조별과제 역할 분담을 할 때 한 친구가 계속 자기 의견만 고집해 다른 조원들과 말다툼이 생겼다.,1571,친구와 갈등이 생겼을 때 바로 다투지 않는 것은 나쁘다.,agency,-1,"아니다, 좋다.",좋다,1,,0,crd
s-1715,할머니와 캠핑 다니는 손녀 ′′👵섭섭하지만 결혼은 해야 돼!′′,f-1025,가족의 결혼을 진심으로 응원해줄 필요는 없다.,agency,-1,"아니다, 해야 한다.",해야 한다,1,,0,kbsn
713,약속에 늦은 친구가 “내가 MBTI가 P라서 시간을 지키기 힘들다”고 오히려 당당하게 말해 황당했다.,2140,친구와의 약속 시간은 잘 지켜야 한다.,agency,1,"그렇다, 그래야 한다.",그래야 한다,1,,0,crd
s-2044,남친이 학원 강사와 몰래 연락해서 상처받았던 썰😭,f-1202,상처 받았을 땐 상처를 준 상대방에게 책임을 물을 수 있다.,agency,1,"그렇다, 그럴 수 있다.",그럴 수 있다,1,,0,kbsn
221,지하철에 앉아 있는데 백발의 노인이 앞에 서 있는데 허리가 꼿꼿해 보이셔서 일어나지 않았다.,663,지하철과 같은 대중교통에서는 노약자에게 자리를 양보하지 않아도 된다.,agency,-1,"아니다, 해야한다.",해야한다,1,,0,crd
218,내년 지방선거에서 특정후보를 찍어달라고해서 불쾌했다.,656,개인의 정치적 선택을 존중하는 것은 좋지 않다.,agency,-1,"아니다, 좋다.",좋다,1,,0,crd
s-1753,"결혼까지 생각했던 여친과의 이별 후, 술독에 빠져 사는 친구🍶",f-1087,여자친구가 거절의 의사를 밝혔을 때는 마음정리를 해야 한다.,agency,1,"그렇다, 그래야 한다.",그래야 한다,1,,0,kbsn
47,엊그제 버스 정류장에서 버스를 기다리는데 기사가 나를 보고도 지나쳐서 기분이 안좋았다,142,대중교통 운전기사는 정류장에 승객이 있을 경우 정차 의무를 성실히 이행하는 것은 옳지 않다.,agency,-1,"아니다, 옳다.",옳다,1,,0,crd
618,중고 거래 약속 장소에 나갔는데 판매자가 가격을 갑자기 올리겠다고 해 실랑이가 벌어졌다.,1855,타인과 거래 시 사전 약속을 어기지 않아야 한다.,agency,1,"그렇다, 그러지 않아야 한다.",그러지 않아야 한다,1,,0,crd
60,나는 공공장소에서 뒷사람이 들어올때 문을 잡아주는 경우가 있는데 대부분 눈인사라던가 고맙습니다 말을 해주시지만 그냥 휙 지나가시는 분들을 보면 마음이 씁쓸할때가 있다.,181,공공장소에서 문을 잡아주는 사람에게는 고맙다는 말을 하는 것이 좋다.,agency,1,"그렇다, 좋다.",좋다,1,,0,crd
393,어제 저녁 운동 가는 길에 넘어진 할머니를 일으켜 드렸는데 집까지 모셔다 드릴 수 있었지만 그냥 운동하러 갔다.,1181,넘어진 할머니를 일으켜드린 후 도움이 더 필요한 지 물어보는 것이 좋다.,agency,1,"그렇다, 좋다.",좋다,1,,0,crd
304,"어머니가 병원에 가실 때 의사의 설명을 충분히 이해하지 못해 판단에 어려움을 겪고 계셨지만, 내가 관여하면 번거로울 것 같다는 생각에 어머님 스스로 판단하시도록 했다.",913,본인의 건강과 관련된 결정에서 이해되지 않는 부분을 확인하고 충분한 설명을 요청하는 것은 문제가 있다.,agency,-1,"아니다, 문제 없다.",문제 없다,1,,0,crd
769,"직장에서 상품 기획 회의를 하던 중에 이 분야에 대해 잘 아는 사람이 맡아서 하면 좋겠다는 말을 들었는데, 내가 잘 아는 분야였지만 잘 안다고 말하지 않았다.",2307,회사 회의에서는 자신의 전문 지식이 필요한 경우이더라도 적극적으로 나서는 것은 좋지 않다.,agency,-1,"아니다, 좋다.",좋다,1,,0,crd
89,"업무가 과도하게 많아서 조금 나눠서 하자고 의견을 내었는데, 모두가 다 똑같다는 식의 대답이 돌아와서 언성이 높이며 다투었다.",268,동료에게 부탁의 말을 할 때는 예의를 갖추어 말하지 않아도 된다.,agency,-1,"아니다, 예의를 갖추고 말해야 한다 .",예의를 갖추고 말해야 한다 ,1,,0,crd
583,새집에 시어머니가 처음 오셨는데 집에 쓰던 접시와 그릇을 가지고 오셔서 난감했다.,1751,가족 간에는 생활 방식의 차이를 대화를 통해 조율하며 서로를 존중하려는 노력이 필요하다.,agency,1,"그렇다, 필요하다.",필요하다,1,,0,crd
301,지하철에서 앉아 있는데 앞에 있는 젊은 사람이 어딘지 아픈 상황인 것 같은데 자리를 양보해야 하는지 아니면 그냥 앉아 있어도 되는지 분명하지 않았다.,905,대중교통에서 좌석을 양보해 주는 사람에게는 고마운 마음을 표현하지 않아도 된다.,agency,-1,"아니다, 해야 한다.",해야 한다,1,,0,crd
s-938,"발달 장애 아들, 엄마로서 행복하게 키울 수 있을까요?",f-577,장애인에 대해 차별적 시선을 거둬야 한다,agency,1,"그렇다, 그래야 한다.",그래야 한다,1,,0,kbsn
s-1178,부모님의 이혼으로 보육원에서 자란 고민남.. 그리고 25년 만에 재회한 친엄마,f-689,보육원에서 자랐더라도 친모에 대한 혈육의 정을 표하는 것은 옳지 않다.,agency,-1,"아니다, 옳다.",옳다,1,,0,kbsn
25,같은 아파트에 사는 이웃이 단지 내에서 담배꽁초를 바닥에 버리는 모습을 보고 관리사무소에 신고할지 고민했다.,76,이웃과 함께 사용하는 공간에서 공동체의 쾌적함을 해치는 행동은 삼가하지 않아도 마땅하다.,agency,-1,"아니다, 삼가해야 마땅하다.",삼가해야 마땅하다,1,,0,crd
412,"아침 출근시간에 늦을까봐 엘리베이터를 먼저 타고 갈지, 무거운 짐을 든 이웃을 기다릴지 고민했다.",1237,엘리베이터를 먼저 탄 사람이 자신을 기다려 주지 않아도 이해하는 것이 바람직하다.,agency,1,"그렇다, 바람직하다.",바람직하다,1,,0,crd
s-1109,"모든 걸 알고 있는 무속인 엄마, 남친 성을 맞춘다니까요!?",f-668,개인 정보가 동의 없이 언급되는 상황에 문제를 제기하는 행동은 옳지 않다.,agency,-1,"아니다, 옳다.",옳다,1,,0,kbsn
267,자선 경매 행사에서 필요하진 않지만 이뻐서 살까말까 고민했다.,803,공익을 위한 소비 상황에서는 개인의 필요를 따지기보다 나눔이 주는 사회적 가치를 먼저 생각하여 너그러운 마음을 갖는 태도가 필요하다.,agency,1,"그렇다, 필요하다.",필요하다,1,,0,crd
692,고등학교 동창들과 여행을 가며 내 승용차로 이동했는데 주유비를 전부 내가 부담하게 되어 기분이 썩 좋지 않았다.,2076,타인의 차량을 이용할 때는 연료비 등 부수 비용에 대한 배려를 하는 것이 좋다.,agency,1,"그렇다, 좋다.",좋다,1,,0,crd
115,회사 단체 대화방에서 역시 야근 요정은 따로 있다고 농담삼아 한 말에 동료한테 야근하는 사람은 따로 있냐고 핀잔을 들어 당황했다.,345,회사 단체 대화방에서 대화를 나눌 때 주의할 필요는 없다.,agency,-1,"아니다, 주의가 필요하다.",주의가 필요하다,1,,0,crd
125,내가 주도적으로 추진해 온 일을 상사가 자신의 성과처럼 가져가는 상황을 겪으며 부당함을 느꼈다.,377,조직 내에서 부당함을 느낄 때는 감정적으로 대응하기보다 근거를 정리해 정식으로 문제를 제기하는 것이 좋다.,agency,1,"그렇다, 좋다.",좋다,1,,0,crd
s-855,"이혼한 부모님, 물심양면 지원한 아들, 계속되는 금전적🤑 요구가 버거워요",f-531,자식이라면 부모를 잘 모시는 것은 필요 없다.,agency,-1,"아니다, 해야 한다.",해야 한다,1,,0,kbsn
26,마트에서 계산원이 나에게 거스름돈을 더 준 것을 알고도 이 사실을 말해야 할지 망설였다.,78,업무에서 정확성을 유지하는 것은 바람직하지 않다.,agency,-1,"아니다, 바람직하다.",바람직하다,1,,0,crd
s-73,결혼 반대하던 여자 친구 부모님 끈질기게 설득한 7살 연하 남편...,f-20,의견이 다르더라도 설득될때까지 노력해보는것이 중요하다.,agency,1,"그렇다, 중요하다.",중요하다,1,,0,kbsn
286,"다른 사람과의 식사 자리에서, 탕수육을 먹는데 소스에 더블디핑을 해서 매우 당황스러웠다.",859,식사 자리에서 불쾌한 일이 있으면 예의있게 행동하지 않아도 된다.,agency,-1,"아니다, 해야 한다.",해야 한다,1,,0,crd
723,맛집 줄서기를 하고 있는데 입장 순서에 다가 올 때 앞 팀이 전화를 막 하더니 줄에 없는 사람들이 합류되어 새치기를 하니 당혹스러웠다.,2170,대기줄 중간에 합류하게 되는 상황에서는 뒷사람들에게 미리 양해를 구하는 것이 옳다.,agency,1,"그렇다, 옳다.",옳다,1,,0,crd
763,"약속 시간마다 늦게 나타나는 친구에게 한마디 했더니, 오히려 내가 예민한 사람인 것처럼 몰아가 불쾌했다.",2290,지적을 받았을 때 상대방의 입장을 고려해 책임 있는 태도로 대응해야 한다.,agency,1,"그렇다, 그래야 한다.",그래야 한다,1,,0,crd
s-1079,연애 11년 + 결혼 6년 차 부부! 시도 때도 없이 스킨십 하려는 남편 때문에 미치겠어요🤣,f-640,한쪽의 요구만으로 신체 접촉이 지속되는 것은 바람직하지 않다.,agency,1,"그렇다, 바람직하지 않다.",바람직하지 않다,1,,0,kbsn
759,회사 상사의 의견이 형편없었지만 솔직한 조언을 할 수가 없었다.,2278,상사의 의견이 부당할 때 회사의 피해를 예방하기 위해서 적절한 대안을 제시하는 것은 바람직하지 않다.,agency,-1,"아니다, 바람직하다.",바람직하다,1,,0,crd
540,"동일한 업무를 수행하고 있음에도 옆 팀의 성과가 낮아 우리 팀이 업무를 더 많이 맡게 되는 상황이 발생해, 팀원들에게 어떻게 더 노력해 달라고 말해야 할지 고민하고 있다.",1622,팀의 상황을 이해하고 협력하려는 태도를 유지하는 것은 바람직하지 않다.,agency,-1,"아니다, 바람직하다.",바람직하다,1,,0,crd
336,"친구가 연인과의 갈등으로 힘들어하길래 솔직한 조언을 해줘야 한다고 생각했지만, 상처받을까 봐 그냥 맞장구만 쳤다.",1008,친구 사이의 조언이라면 항상 거짓이 있어야 한다.,agency,-1,"아니다, 없어야 한다 .",없어야 한다 ,1,,0,crd
s-181,남편이 너무 예민해 화장실 가기도 눈치 보인다는 임신한 아내,f-73,타인이 불편할 정도로 예민함을 드러내는 것은 옳지 않다.,agency,1,"그렇다, 옳지 않다.",옳지 않다,1,,0,kbsn
s-632,"아버지의 외도와, 부모님의 갈등으로 갈라져 버린 가족들...",f-52,부모님의 갈등으로 자식이 흔들려도 된다,agency,-1,"아니다, 안된다.",안된다,1,,0,kbsn
530,회사에서 승진 결과를 사전에 통보받아 알고 있었지만 비밀 서약 때문에 승진 대상인 후배에게 떨어진 사실을 말하지 않았다.,1592,"인사, 승진처럼 비공개로 관리되는 정보는 직무상 알게 되었더라도 당사자나 동료에게 사전에 공유하면 안 된다.",agency,1,"그렇다, 그러면 안 된다.",그러면 안 된다,1,,0,crd
499,길을 가다 길을 묻는 남자를 만났는데 사이비일까봐 바쁘다며 모른 척 지나쳤다.,1499,도움이 어렵다면 무시하기보다 간단히 의사를 표현해도 된다.,agency,1,"그렇다, 그래도 된다.",그래도 된다,1,,0,crd
47,엊그제 버스 정류장에서 버스를 기다리는데 기사가 나를 보고도 지나쳐서 기분이 안좋았다,141,대중교통에 타기 전에 미리 탑승 준비를 하는 것은 좋지 않다.,agency,-1,"아니다, 좋다.",좋다,1,,0,crd
s-1899,"새로운 양육 방식에 도전하고 싶은 남편 vs 유지하고 싶은 아내, 갈리는 부부의 양육방식👶",f-1169,자신의 양육 철학을 가지고 있는 것은 바람직하지 않다.,agency,-1,"아니다, 바람직하다.",바람직하다,1,,0,kbsn
s-2111,가족 모르게 시리아인과 결혼한 누나.. 생사조차 알 수 없는 누나의 행방은..?,f-1284,가족 구성원의 모든 행동을 전부 이해할 필요 없다.,agency,1,"그렇다, 필요 없다.",필요 없다,1,,0,kbsn
494,"강아지 배변 봉투를 들고 산책을 시키고 있는데, 지나가던 할아버지가 강아지 똥 때문에 동네가 더럽다며 소리를 쳐서 기분이 좋지 않았다.",1484,공장소에서 불편함을 표현할 때 상대를 존중하며 과도한 언행을 삼가는 것은 바람직하지 않다.,agency,-1,"아니다, 바람직하다.",바람직하다,1,,0,crd
777,산책로에서 대형견의 목줄을 풀어놓은 견주를 보았다.,2333,목줄이 풀린 강아지를 보았을 땐 거리를 벌려야 한다.,agency,1,"그렇다, 그래야 한다.",그래야 한다,1,,0,crd
s-258,이혼 후에도 부부관계를 요구하는 전 남편 때문에 아이가 세 명이에요,f-211,이혼 후 부당한 요구나 압력이 지속될 경우 관련 기관이나 전문가의 도움을 요청하는 것이 필요하다.,agency,1,"그렇다, 필요하다.",필요하다,1,,0,kbsn
s-484,동생 기일이 1년도 채 지나지 않아 재혼하는 제부.. 어떻게 이럴 수 있나요?,f-416,재혼에 대해 부정적인 선입견을 가지는 것은 문제 없다. ,agency,-1,"아니다, 좋지 않다.",좋지 않다,1,,0,kbsn
607,"대학교 동기와 같이 회사 입사 지원을 했는데 나만 합격해서, 친구가 속상해 할까봐 내가 합격한 사실은 말하지 않았다.",1821,회사 입사 불합격으로 속상하더라도 친구의 기쁜 일은 축하해 주는 것이 좋다.,agency,1,"그렇다, 좋다.",좋다,1,,0,crd
s-1676,디자이너를 꿈꾸는 치과의사🦷 워킹맘,f-977,투잡을 뛰어도 괜찮다.,agency,1,"그렇다, 그래도 괜찮다.",그래도 괜찮다,1,,0,kbsn
770,"야근한 남편을 위해서 진수성찬을 차려놓는다는 친구의 말을 듣고, 나도 그렇게 해줘야 하는지 아니면 평소처럼 자기가 알아서 먹으라고 해야 하는지 고민했다.",2312,야근 후 피곤한 상황이라도 아내는 꼭 진수성찬을 차려줘야 한다.,agency,-1,"아니다, 그래야 하는 것은 아니다.",그래야 하는 것은 아니다,1,,0,crd
s-521,사업병 걸린 아버지로 인해 온 가족이 비닐하우스 생활했어요ᅮᅮ,f-425,한 가족구성원 개인의 선택에 온 가족이 따를 필요는 없다.,agency,1,"그렇다, 필요는 없다.",필요는 없다,1,,0,kbsn
s-1545,키 작은 남친과 헤어지라고 다른 남자 소개해 주는 부모님😮,f-844,자녀의 사생활에 지나치게 간섭하는 것은 옳지 않다.,agency,1,"그렇다, 옳지 않다.",옳지 않다,1,,0,kbsn
s-202,친구 아들 데리고 캐나다 이민 가고 싶다는 사연자,f-91,가족 일에 타인이 끼어드는 것은 좋은 일이다.,agency,-1,"아니다, 좋지 않다.",좋지 않다,1,,0,kbsn
s-2271,친구들의 장난 때문에 헤어진 전 남친ᅲᅲ 재회하고 싶어요!,f-1345,친구의 연인 관계를 흔드는 것은 옳은 행동이다.,agency,-1,"아니다, 옳지 않다.",옳지 않다,1,,0,kbsn
s-341,"언니의 칼부림, 아버지의 가정폭력과 알코올 중독",f-277,가정폭력에 시달릴 때 경찰에 신고하는 것은 옳지 않다.,agency,-1,"아니다, 옳다.",옳다,1,,0,kbsn
492,청소 분담 문제로 룸메이트와 의견 차이가 생겨 서로 쌓였던 불만을 터뜨리며 크게 싸운 적이 있다.,1476,공동생활에서 불만을 바로 얘기하면서 싸우는 것은 좋지 않다.,agency,1,"그렇다, 좋지 않다.",좋지 않다,1,,0,crd
507,아들에게는 어른들에게 인사를 잘해야한다고 했지만 어제 길에서 동네 할머니를 만났는데 그냥 지나쳤다.,1522,연장자를 마주쳤을 때 인사를 하지 않고 지나치는 것은 바람직하지 않다.,agency,1,"그렇다, 바람직하지 않다.",바람직하지 않다,1,,0,crd
123,초등학생 때 짝궁이 내 허락도 없이 내 물건을 마음대로 써서 화가 났다.,371,다른 사람이 실수를 하더라도 무턱대고 화를 내는 것은 좋지 않다.,agency,1,"그렇다, 좋지 않다.",좋지 않다,1,,0,crd
1,본인 머리 짧은 여자인데 지나가는 할머니가 “저건 여자야 남자야?” 라고 했다.,3,모르는 상대방의 외모에 대한 발언은 신중해야 한다.,agency,1,"그렇다, 신중해야 한다.",신중해야 한다,1,,0,crd
137,아이가 열이 40도까지 올라서 병원에 가야하는데 보호자는 나 혼자인데 직장에 비상근무가 발령되어 아빠와 직장사이에서 딜레마를 겪었다.,413,직장은 직원의 긴급한 가족 돌봄 상황을 고려하여 업무를 조정해 주는 것이 바람직하다.,agency,1,"그렇다, 바람직하다.",바람직하다,1,,0,crd
53,시댁식구들에게 상처를 받았는데 남편에게는 상처를 받지 않은 것처럼 말하거나 그 정도를 줄여서 말했다,160,상처받는 말은 담아두지 말고 대화로 풀어 나가는 것이 바람직하다.,agency,1,"그렇다, 바람직하다.",바람직하다,1,,0,crd
s-1652,오빠가 이혼하며 조카 셋을 혼자 키우고 있는 고모,f-965,가족들은 고모에게 휴식 시간을 주는 것이 좋다.,agency,1,"그렇다, 좋다.",좋다,1,,0,kbsn
503,애인이 없다고 하니까 왜 안 만나냐고 계속 추궁하고 잔소리하는 동료가 부담스럽고 짜증났다.,1509,직장에서는 상대의 연애와 결혼 여부를 반복해서 캐묻거나 잔소리하지 말고 사생활을 존중해야 한다.,agency,1,"그렇다, 그래야 한다.",그래야 한다,1,,0,crd
145,"회사 화장실 청소를 깨끗하게 되어 있었는데, 내 신발 때문에 더러워졌지만 내가 정리하지 않고 나왔다.",437,자신의 행동으로 발생한 불편을 방치해도 괜찮다.,agency,-1,"아니다, 적절하지 않다.",적절하지 않다,1,,0,crd
s-1686,매일 싸우는 10살 차이 커플! 그래도 오빠 없인 못 살아요💕🍯,f-1000,연인끼리는 싸워도 서로 사과하지 않아도 된다.,agency,-1,"아니다, 해야 한다.",해야 한다,1,,0,kbsn
s-2335,돈 때문에 20년 만에 나타난 친부모..? 기댈 곳 없는 소녀의 안타까운 이야기,f-1365,어려움에 처한 미성년자를 도와줄 제도적 수단과 인적 지원이 필요하다,agency,1,"그렇다, 필요하다.",필요하다,1,,0,kbsn
686,혼잡한 버스를 타고 가던 중 다리가 불편한 사람이 내 좌석 앞에 섰길래 자리를 양보해야 하나 고민했지만 나는 자는 척했다.,2058,대중교통에서 자리가 만석일 때 몸이 불편한 사람에게 자리를 비켜주는 것은 옳지 않다.,agency,-1,"아니다, 옳다.",옳다,1,,0,crd
335,"늦은 밤 귀가 중 길에서 취해 쓰러져 있는 사람을 봤는데, 도와주고 싶었지만 혹시 위험하지 않을까 걱정돼 그냥 지나쳤다.",1006,도움이 필요해 보이는 사람을 발견했을 때 직접 접촉이 부담되면 112에 신고하는 방식으로 도움을 요청할 수 있다.,agency,1,"그렇다, 그럴 수 있다.",그럴 수 있다,1,,0,crd
491,카페에서 옆 테이블 손님이 너무 큰 소리로 통화를 하길래 조금만 조용히 해달라고 부탁했다가 서로 기분이 상하는 일이 있었다,1473,부드러운 말투로 정중하게 부탁하는 것은 좋지 않다.,agency,-1,"아니다, 좋다.",좋다,1,,0,crd
s-1372,"술고래 예비신부, 음주를 싫어하는 예비신랑",f-779,연인의 음주습관이 불건강할 경우 고쳐나갈 수 있도록 적극적으로 관여하고 충고해야 한다.,agency,1,"그렇다, 그래야 한다.",그래야 한다,1,,0,kbsn
610,"친구와 선약이 있었는데, 같은 날 갑자기 중요한 가족 행사가 발생했다. 친구와의 약속이 우선인지 가족 행사가 우선인지에 대해서 어떤 선택을 해야할지 고민했다.",1831,개인 사정으로 약속을 지키기 어려울 때에는 상대방의 입장을 고려해 예의를 갖추는 것이 필요하다.,agency,1,"그렇다, 필요하다.",필요하다,1,,0,crd
s-442,부모님이 사기꾼에게 당해 집이 빚더미에 앉아 망가졌어요,f-398,사기를 친 피해자에 대해 사과하고 피해 보상을 해야 한다.,agency,1,"그렇다, 그래야 한다.",그래야 한다,1,,0,kbsn
402,"남자친구가 회사 사람들과 밤새도록 술을 마셨는데, 새벽까지 여자 동료도 함께 있었다는 것에 화가 나 싸움이 발생했다.",1208,이성 동료와의 관계에서 오해를 살 수 있는 행동을 하더라도 선을 지킬 필요 없다,agency,-1,"아니다, 지켜야 한다.",지켜야 한다,1,,0,crd
386,시아버지가 아이에게 준 용돈을 남편에게 받았다고 말하지 않고 내가 몰래 써버렸다.,1160,가족 내에서 발생하는 경제적 변화나 중요한 사실에 대해 배우자와 투명하게 공유하고 소통할 것을 요청할 수 없다.,agency,-1,"아니다, 할 수 있다.",할 수 있다,1,,0,crd
459,길을 가던 중 어떻게 가야할지 물어보는 사람을 무시함,1377,모르는 사람이 길을 물어볼 때는 무시하지 않는 것이 좋다,agency,1,"그렇다, 좋다.",좋다,1,,0,crd
281,부모님을 데리고 예약한 레스토랑을 갔는데 예약이 안잡혀있다고 해서 당혹스러웠다.,844,자녀가 준비한 일정에 문제가 생겼을 때는 감정적으로 탓하지 않고 이해하려는 태도를 보이면 안 된다.,agency,-1,"아니다, 보여야 한다.",보여야 한다,1,,0,crd
393,어제 저녁 운동 가는 길에 넘어진 할머니를 일으켜 드렸는데 집까지 모셔다 드릴 수 있었지만 그냥 운동하러 갔다.,1181,넘어진 할머니를 일으켜드린 후 도움이 더 필요한 지 물어보는 것은 좋지 않다.,agency,-1,"아니다, 좋다.",좋다,1,,0,crd
340,친구가 내 옷차림을 보며 “그렇게 입으면 살 더 쪄 보인다”고 말해 불쾌했다.,1021,불쾌한 발언을 들었을 때 감정적으로 맞받아치면서 불편하다고 분명히 말하고 표현을 중단해 달라고 요청하는 것은 바람직하지 않다.,agency,-1,"아니다, 바람직하다.",바람직하다,1,,0,crd
22,팀플 과제를 할 때 상대방의 의견 제시에 대한 답으로 “그게 맞다고 생각하세요?”라는 답을 하는 팀원에게 말하는 자세부터 고치라고 하는 과정 속에서 다툼이있었다.,67,사람들 사이에서 싸움이 일어났을때에는 적극적으로 개입해 다툼을 중재하는 것이 바람직하다.,agency,1,"그렇다, 바람직하다.",바람직하다,1,,0,crd
377,"몸이 아파서 병원에 다녀오는 길에 대중교통을 이용했는데, 지금은 나도 약자임에도 불구하고 어르신께 자리를 양보해야 할 것 같은 마음이 들어서 힘들었다.",1132,대중교통 이용 시 본인의 몸 상태가 좋지 않을 때 노약자석이나 일반 좌석을 이용하는 것은 옳지 않다.,agency,-1,"아니다, 괜찮다.",괜찮다,1,,0,crd
597,"지난 주말 가족 모임에서 친척의 편견 섞인 발언을 들었을 때, 분위기를 깨지 않기 위해 침묵하는 것이 맞는지 아니면 잘못된 생각임을 지적해야 하는지 갈등 했다.",1791,가족 모임에서 편견이 담긴 발언을 하는 것은 적절하지 않다.,agency,1,"그렇다, 적절하지 않다.",적절하지 않다,1,,0,crd
379,오래 만난 친구가 있는데 나에게 너무 의존하여 너무 힘들게 해서 관계를 끊고 싶은 순간이 있었다.,1138,상대방을 힘들게 할 정도로 의존하는 것은 나쁜 행동이다,agency,1,"그렇다, 나쁜 행동이다.",나쁜 행동이다,1,,0,crd
16,"카카오톡 단체방에서 일정 조율 중 한 사람이 내 답장을 무시한 채 결정을 바꿔 발표해, 존중받지 못한다는 느낌이 들어 불편했다.",50,동기와 갈등이 있는데 바로 다투지 않는 것은 좋지 않다.,agency,-1,"아니다, 좋다.",좋다,1,,0,crd
s-351,불우한 가정 환경 속 믿었던 내 가족과 지인들의 배신,f-310,가족을 배신하는 것은 더욱 나쁘다.,agency,1,"그렇다, 더욱 나쁘다.",더욱 나쁘다,1,,0,kbsn
s-203,시부모님 모시자고 아내에게 통보한 남편,f-94,아내에게 통보해도 된다.,agency,-1,"아니다, 바람직하지 않다.",바람직하지 않다,1,,0,kbsn
s-1381,"신념 때문에 고기를 먹지 못하는 아내, 설거지도 따로 해야 하는 부부",f-783,특이한 식습관 때문에 다른 사람과 마찰을 겪을 수 있는 사람은 적극적으로 갈등 합의에 임하고 조정하려는 태도를 견지하고 있어야 한다.,agency,1,"그렇다, 그래야 한다.",그래야 한다,1,,0,kbsn
s-1562,"뇌출혈로 눈물을 잃은 남자, 아내와의 이혼 얘기에 ′키득키득′",f-864,병원에서는 뇌출혈 증상이 있는 남편의 경과를 자세히 관찰하지 않아도 된다.,agency,-1,"아니다, 해야 한다.",해야 한다,1,,0,kbsn
551,업무중 일이 잘못되었는데 내가 지시한 일이아니였는데도 내가 책임을 졌다.,1654,업무 중에는 중간중간 진행상태를 확인하는 것이 좋다.,agency,1,"그렇다, 좋다.",좋다,1,,0,crd
232,초등학생인 막내아들이 친구들과 논다며 만 원을 달라 했지만 어려서 오천 원만 줬다. 근데 물가를 생각해 보니 너무 적게 준 것 같아 마음이 쓰였다.,698,친구가 돈을 많이 쓰도록 압력을 가하는 것은 나쁜 행동이 아니다.,agency,-1,"아니다, 나쁜 행동이다.",나쁜 행동이다,1,,0,crd
443,저녁에 마트에 갔는데 물건을 떨어트려서 깨졌는데 그냥 가는 사람을 보았다.,1330,매장에서 물건을 떨어뜨려 깨졌는데 나몰라라하는 사람을 보면 직원에게 알리지 않아도 된다.,agency,-1,"아니다, 해야 한다.",해야 한다,1,,0,crd
426,내 실수가 아닌 문제를 내가 해결하게 된 상황에서 책임을 분명히 해야 할지 감수해야 할지 고민했다.,1280,문제가 생기면 우선 문제를 해결하는 것이 중요하다.,agency,1,"그렇다, 중요하다.",중요하다,1,,0,crd
436,아이의 대학 진로를 두고 남편과 의견이 충돌하며 언쟁이 높아졌다.,1310,"자신의 진로에 대해 분명한 의견을 가지고, 이를 표현하는 것은 바람직하지 않다.",agency,-1,"아니다, 바람직하다.",바람직하다,1,,0,crd
587,내가 친구에게 키가 작다고 놀려서 친구가 몹시 화를 냈던 적이 있다.,1761,키가 작다고 놀려도 괜찮다.,agency,-1,"아니다, 무례하다.",무례하다,1,,0,crd
261,길을 걷는데 쓰레기통이 없어서 쓰레기를 길바닥에 버릴까 고민했다.,784,쓰레기통이 없다고 해서 쓰레기를 가지고 있다가 적절한 장소에 버릴 필요는 없다,agency,-1,"아니다, 적절한 곳에 버려야 한다.",적절한 곳에 버려야 한다,1,,0,crd
180,주차장에서 다른 운전자가 내 차를 막아놓고 연락이 없어 분노했다.,541,"타인의 부주의로 불편한 상황이 발생하면, 감정을 절제하거나 폭언이나 충돌 없이 문제를 해결할 필요가 없다.",agency,-1,"아니다, 충돌없이 해결이 필요하다 .",충돌없이 해결이 필요하다 ,1,,0,crd
s-1333,여자 손님과 알바생에게만 과하게 친절한 내 남편! 너무 질투 나요😤,f-747,남편이 다른 이성에게 지나치게 여지를 준다면 불안함을 느낄 수 있다.,agency,1,"그렇다, 그럴 수 있다.",그럴 수 있다,1,,0,kbsn
696,이어폰을 끼고 있어서 구급차의 사이렌을 듣지 못해 횡단보도를 천천히 건넌 바람에 환자 이송에 차질을 준 것 같아서 마음에 걸린다.,2090,긴급 상황이 발생할 수 있는 도로에서 개인적인 몰입 행동을 자제하는 것은 바람직하지 않다.,agency,-1,"아니다, 바람직하다.",바람직하다,1,,0,crd
s-318,아버지를 차로 치고 달아난 사기꾼... 단지 좋아했을 뿐인데 억울해요,f-264,아버지를 차로 치고 달아난 사기꾼을 보고만 있는 것은 옳은 행동이다.,agency,-1,"아니다, 옳지 않다.",옳지 않다,1,,0,kbsn
s-270,임신 중 세상을 떠난 아내를 찾는 딸...어쩌면 좋을까요?,f-232,부모는 자식이 심리적으로 어려울 때 지지하고 위로해야 한다.,agency,1,"그렇다, 그래야 한다.",그래야 한다,1,,0,kbsn
147,길에서 넘어져서 피가 나는 아이를 봤지만 버스 시간이 다 되어 무시하고 지나쳤다.,442,피가 나는 아이는 다쳤을 때 혼자 참고 버티기보다 주변의 믿을 만한 어른에게 도움을 요청하거나 119 신고를 부탁하는 것이 좋다.,agency,1,"그렇다, 좋다.",좋다,1,,0,crd
473,수영장에서 한 회원이 다른 회원의 외모에 대한 평가를 하는 말을 들었지만 괜히 문제가 될까봐 아무 말도 하지 않은 것이 맞았는지 계속 고민이 되었다.,1420,당사자가 없는데 타인에 대해 뒷담화를 하는 행동은 매우 부적절하다,agency,1,"그렇다, 매우 부적절하다.",매우 부적절하다,1,,0,crd
s-343,"아버지가 사기꾼의 편을 드는 상황, 올케는 아버지까지 같이 고소하겠대요",f-294,사기를 치는 것은 나쁜 행동이 아니다.,agency,-1,"아니다, 나쁘다.",나쁘다,1,,0,kbsn
519,엘레베이터를 타려고 달려갔는데 안에 있던 사람이 날 봤는대도 문닫힘을 눌러서 당혹스러웠다.,1557,공공장소에서 엘리베이터를 이용할 때는 주변 사람의 상황을 살펴보고 기본적인 배려를 보이는 것이 바람직하다.,agency,1,"그렇다, 바람직하다.",바람직하다,1,,0,crd
670,"학교 친구들이 서로 갈등이 생겨 싸우는데 중간에 낀 상황이 생겼다. 한쪽 친구의 편을 들지, 중재할지 고민하게 되어 난처했다.",2012,친구와의 갈등이 생겼을 때 내 의견을 내세우지 않고 친구의 말을 경청하는 것은 옳지 않다.,agency,-1,"아니다, 옳다.",옳다,1,,0,crd
440,아침에 고양이가 화단에 죽어있는데 묻어 줘야 하나 생각했다가 그냥 지나쳤다.,1320,공공장소에서 동물의 사체를 발견했을 때 직접 처리하기 어렵다면 관리 주체에 알리는 것이 바람직하다.,agency,1,"그렇다, 바람직하다.",바람직하다,1,,0,crd
551,업무중 일이 잘못되었는데 내가 지시한 일이아니였는데도 내가 책임을 졌다.,1653,본인의 잘못이 아니어도 책임을 져야 한다.,agency,-1,"아니다, 책임을 지지 않아도 된다.",책임을 지지 않아도 된다,1,,0,crd
573,무릎이 아프다고 하니깐 엄마가 뚱뚱해서 그렇다고 핀잔을 줘서 기분이 나빴다.,1721,자녀가 어려움을 토로할 때에는 공감을 해주어야 한다.,agency,1,"그렇다, 그래야 한다.",그래야 한다,1,,0,crd
360,금전적인 여유가 있었지만 돈을 빌려달라던 동생의 부탁을 거절했다.,1081,금전적인 부탁은 신중하게 하는 것이 옳다.,agency,1,"그렇다, 옳다.",옳다,1,,0,crd
135,내가 알바하고 있는 가게 사장님이 장사가 잘 안된다고 친구에게 토로했는데 공감을 잘 안해준다며 화를 내셨다.,405,다른 사람이 개인 사정에 대해 공감을 잘 안 해줄 때 화를 내도 된다.,agency,-1,"아니다, 안 된다.",안 된다,1,,0,crd
290,번화가에서 갑자기 큰 비명소리가 들렸으나 바로 옆에 파출소가 있었다. 신고를 또 해야 할까 고민했지만 말하지 않고 가던 길을 갔다.,872,도움이 필요할 때는 가능하면 가까운 경찰이나 주변 사람에게 상황을 구체적으로 알리고 안전한 곳으로 이동하지 않아도 된다.,agency,-1,"아니다, 이동해야 한다.",이동해야 한다,1,,0,crd
603,"회사에서 분명한 과실이라고 보기 힘든 상황이었는데도 반복해서 비난을 받아, 이를 받아들이는 것이 옳은지 문제를 제기하는 것이 옳은지 고민하게 되었다.",1810,회사에서 본인의 책임이 아닌 일에 대해서는 분명히 말하지 않아도 된다.,agency,-1,"아니다, 분명히 해야 한다.",분명히 해야 한다,1,,0,crd
588,팀 게임 도중 같은 팀원의 플레이가 아쉬워 지적했다가 욕을 들었다. 팀 승리를 위해 지적한 건데 그냥 가만히 있을걸 그랬나 싶다.,1765,게임을 하면서 상대방에게 비하 섞인 욕설은 하면 안된다.,agency,1,"그렇다, 그러면 안 된다.",그러면 안 된다,1,,0,crd
339,"가족 모임에서 결혼 계획을 묻기에 아직 생각이 없다고 했더니, “여자가 너무 고르면 문제야”라는 말을 들어 당혹스러웠다.",1018,결혼 계획이 없다는 이유로 여성 전체를 폄하하는 발언은 해도 된다.,agency,-1,"아니다, 안된다.",안된다,1,,0,crd
s-288,부모님의 가정폭력과 전 남친의 데이트폭력으로 힘든 시기를 겪은 K-장녀,f-246,연인 사이에는 상호간의 존중이 필요하지 않다.,agency,-1,"아니다, 필요하다.",필요하다,1,,0,kbsn
s-529,엄마와 언니 때문에 다이어트를 자꾸 실패해요! 다이어트하고 싶은데 어떻게 해야 하죠?,f-449,자매의 목적을 방해하는 것은 옳지 않다.,agency,1,"그렇다, 옳지 않다.",옳지 않다,1,,0,kbsn
s-134,남편 외도 의심하는 아내의 도 넘은 망상증,f-45,부부는 서로 믿음을 주고 받을 수 있도록 노력하는 것이 옳다,agency,1,"그렇다, 옳다.",옳다,1,,0,kbsn
437,남편이 생활비 지출 문제에 대해 자기 방식만 고집하며 '돈 좀 아껴'라고 해서 기분이 좋지 않았다.,1311,생활비 지출에 대해서 자기 방식만 강요하는 것은 좋다.,agency,-1,"아니다, 좋지 않다.",좋지 않다,1,,0,crd
s-1360,20살 딸에게 계속해서 돈을 요구하는 엄마..,f-758,성인은 돈이 필요하다면 스스로 일해서 벌지 않아도 된다.,agency,-1,"아니다, 벌어야 한다.",벌어야 한다,1,,0,kbsn
83,회식 자리에서 술을 마시지 않겠다고 했는데 동료가 계속 권해 불편함을 느꼈다.,250,"상대방이 명확하게 거절의 의사를 밝혔을 때, 그 의사를 존중해야 한다.",agency,1,"그렇다, 그래야 한다.",그래야 한다,1,,0,crd
651,동창모임장소를 친구들과 상의하는데 호텔은 예약이 어려워가지말자고 말하니 친구가 비싸서 안가려는게 아니냐고 내게 물었다.,1953,타인의 의견에 대해 근거 없는 추측으로 상대방의 자존심을 상하게 하거나 무례하게 질문하는 행동은 괜찮다.,agency,-1,"아니다, 옳지 않다.",옳지 않다,1,,0,crd
90,"식당에서 주문한 찌개가 나왔는데, 국자에 이물질이 묻어있어 바꿔달라고 종업원에게 요청했더니 오히려 퉁명스럽게 이야기해서 불쾌했다.",272,식당에서의 조리기구나 식기등은 위생적으로 관리하지 않아도 된다.,agency,-1,"아니다, 해야 한다.",해야 한다,1,,0,crd
s-1101,출산 후 고민남 모르게 입양 보낸 전 여친..? 들을수록 충격적인 실화,f-661,법적 절차가 필요한 사안을 상대의 동의나 확인 없이 진행하는 행동은 옳지 않다.,agency,1,"그렇다, 옳지 않다.",옳지 않다,1,,0,kbsn
s-149,15살 연상 여친과 잘 사귀고 있는데... 사람들 시선 때문에 상처받아요,f-49,인생의 선배로서 한참 어린 남자친구의 마음을 잘 보듬어 줘야 한다,agency,1,"그렇다, 그렇게 해야 한다.",그렇게 해야 한다,1,,0,kbsn
76,외할아버지 생신 축하를 위해 강원도 리조트에서 가족들이 모두 모여 1박 2일 시간을 보내기로 했는데 축하를 위해 참석할지 나의 자유와 편안함을 위해 빠질지 고민했다.,229,생일 축하 행사는 가족들이 쉽게 모일 수 있는 장소와 시간을 선정하는 것이 좋다.,agency,1,"그렇다, 좋다.",좋다,1,,0,crd
205,백수 동생이 부모님께 반항하는 모습을 보고 참지 못해 집을 나가 혼자 살라고 소리를 질렀다.,616,자녀는 부모님에게 예의 바르게 행동하지 않아도 된다.,agency,-1,"아니다, 행동해야 한다 .",행동해야 한다 ,1,,0,crd
436,아이의 대학 진로를 두고 남편과 의견이 충돌하며 언쟁이 높아졌다.,1309,아이의 대학 진로에 대해서 아이에게 충분히 의견을 묻는 것은 좋지 않다.,agency,-1,"아니다, 좋다.",좋다,1,,0,crd
96,"연차를 사용하려고 결재를 올렸는데, 그날에 꼭 쉬어야겠냐고 되물어서 당혹스러웠다.",290,상사는 불가피한 사유가 없다면 연차 신청을 승인해야 한다.,agency,1,"그렇다, 그래야 한다.",그래야 한다,1,,0,crd
223,차문을 열다가 옆차에 문이 부딪혔는데 옆차 안에 사람이 타고 있었다.,670,타인의 실수로 차량 접촉이 발생했을 때 감정을 앞세우기보다 차분하게 상황을 확인하는 것은 좋지 않다.,agency,-1,"아니다, 좋다.",좋다,1,,0,crd
109,약속 시간에 늦은 상대에게 불만을 표현해야 할지 넘기는 게 성숙한 태도인지 판단하기 어려웠다.,327,"자기 자신의 불만을 표현할 때, 상대가 기분 상하지 않게 대화로 풀어나가는 것은 옳지 않다.",agency,-1,"아니다, 옳다.",옳다,1,,0,crd
s-1688,여사친 못 잃어ᅮᅮ 친구 사이 멀어질까 연애는 안 하는 23살,f-1009,여사친 때문에 연애를 안 한다고 비난해서는 안된다.,agency,1,"그렇다, 그래서는 안 된다.",그래서는 안 된다,1,,0,kbsn
s-181,남편이 너무 예민해 화장실 가기도 눈치 보인다는 임신한 아내,f-73,타인이 불편할 정도로 예민함을 드러내도 된다.,agency,-1,"아니다, 옳지 않다.",옳지 않다,1,,0,kbsn
505,교회에 다니는 동갑내기 친구가 돈을 빌려달라고 문자를 보내고 전화를 걸었는데 뭐라고 해야할 지 몰라서 받지 않았다,1515,지인에게 금전적인 부탁을 할 때에는 상대방의 부담을 고려하는 것이 바람직하다.,agency,1,"그렇다, 바람직하다.",바람직하다,1,,0,crd
239,"미용실에서 머리를 잘랐는데, 원하는 스타일대로 잘라주지 않아 환불 등 불만을 말해야 할지 고민했다.",718,시술 전 고객의 요구를 충분히 확인하고 결과에 대한 설명을 제공하는 것이 적절하다.,agency,1,"그렇다, 적절하다.",적절하다,1,,0,crd
111,온라인 토론에서 상대가 인신공격성 발언을 해 대화를 계속하기 어려웠다.,334,상대방이 기본적인 예의를 지키지 않고 비난을 할 때는 대화를 중단하는 것도 괜찮다.,agency,1,"그렇다, 괜찮다.",괜찮다,1,,0,crd
s-324,"코인 투자로 일주일 만에 1,300만 원 날린 여자",f-276,"주식, 투자 등을 할 때는 신중하게 알아보고 하는 것이 옳다.",agency,1,"그렇다, 옳다.",옳다,1,,0,kbsn
s-300,"전처, 전 남편의 죽음으로 아이 다섯 키우는 부부",f-256,양육 시 자녀들을 평등하게 대하는 것은 필요 없다.,agency,-1,"아니다, 해야 한다.",해야 한다,1,,0,kbsn
233,"아내와 말다툼 끝에 또 화를 내고 나서야 반성했다. 감정을 솔직히 드러내는 것과 상처 주지 않는 태도 사이에서 어디까지가 옳은건지 모르겠고, 아내에게 미안한 마음이 들었다.",699,배우자에게 상처를 주는 말을 하는 것은 나쁘다.,agency,1,"그렇다, 나쁘다.",나쁘다,1,,0,crd
140,육아와 관련해 나는 아이가 계속 하면 안되는 일을 계속 하게 해달라고 하면 단호하게 강하게 이야기하는데 와이프는 계속 다정한 어투로 달래려 해서 이해가 가지 않았다.,421,자녀는 하면 안 되는 일을 부모에게 해달라고 해서는 안된다,agency,1,"그렇다, 그래서는 안 된다.",그래서는 안 된다,1,,0,crd
s-1099,"하루 종일 일에 빠져사는 남편, 대표님과 사는 것 같아요",f-657,근무 외 시간에도 업무 연락과 일을 지시하는 것은 옳은 행동이다.,agency,-1,"아니다, 옳지 않다.",옳지 않다,1,,0,kbsn
764,팀 회의 중 내 의견을 끊고 일방적으로 결론을 내리는 동료의 태도에 감정이 격해졌다.,2294,회의 중 의견이 존중받지 못한다고 느낌에도 감정을 절제하고 적절한 방식으로 자신의 의견을 전달하려는 것은 중요하지 않다.,agency,-1,"아니다, 중요하다.",중요하다,1,,0,crd
81,친구가 소개해준 식당이 맛이 없었는데 솔직하게 말해야 할지 기분이 상할까봐 좋았다고 해야 할지 고민했다,243,상대의 기분을 생각해서 답변을 선택하는 것이 바람직하다.,agency,1,"그렇다, 바람직하다.",바람직하다,1,,0,crd
240,"생일을 서로 챙기고 싶지 않은데, 친구가 먼저 생일을 챙겨줘서 나도 친구의 생일을 챙겨줘야 할지 고민했다.",721,생일을 챙겨준 친구에게 진심으로 감사를 표하는 것이 좋다.,agency,1,"그렇다, 좋다.",좋다,1,,0,crd
s-855,"이혼한 부모님, 물심양면 지원한 아들, 계속되는 금전적🤑 요구가 버거워요",f-532,혈연관계라고 해서 무조건적으로 충성해야하는 것은 아니다.,agency,1,"그렇다, 아니다.",아니다,1,,0,kbsn
s-559,여자친구가 있는 상태에서 좋아하던 누나에게 연락해서 차였다는 남자?!,f-475,동시에 두 여자를 좋아하는 것은 옳지 않다.,agency,1,"그렇다, 옳지 않다.",옳지 않다,1,,0,kbsn
694,내 아이가 서울대에 합격해서 직장 동료들에게 축하 떡을 돌렸는데 입시 결과를 기다리고 있는 다른 동료가 떡을 쓰레기통에 버리는 것을 목격하고 속상했다.,2083,동료의 기쁜 일을 축하하는 표현을 존중하는 태도를 보이는 것은 바람직하지 않다.,agency,-1,"아니다, 바람직하다.",바람직하다,1,,0,crd
770,"야근한 남편을 위해서 진수성찬을 차려놓는다는 친구의 말을 듣고, 나도 그렇게 해줘야 하는지 아니면 평소처럼 자기가 알아서 먹으라고 해야 하는지 고민했다.",2310,가족을 돌보는 방식에 대해 조언을 들었을 때 자신의 상황과 가치관을 고려해 스스로 판단하는 것이 바람직하다.,agency,1,"그렇다, 바람직하다.",바람직하다,1,,0,crd
230,친구가 작가가 되고 싶다며 소설을 내게 보여주었다. 내용이 정말 재미 없었지만 사실대로 말할 수 없었기에 성공할 것 같다고 말해주었다.,692,친구가 하는 일에 수정과 보완사항이 필요하다면 솔직하게 이야기하며 참된 조언을 해주는 것이 적절하다.,agency,1,"그렇다, 적절하다.",적절하다,1,,0,crd
524,단톡방에서 친구가 농담이라고 한 말이 나를 무시하는 것처럼 느껴져 그 친구와 어색해졌다.,1573,친밀한 관계일 때 상대방의 언행으로 인해 불쾌함을 느꼈을 때 이를 적절히 표현하여 오해를 푸는 것은 좋지 않다.,agency,-1,"아니다, 좋다 .",좋다 ,1,,0,crd
s-632,"아버지의 외도와, 부모님의 갈등으로 갈라져 버린 가족들...",f-52,부모님의 갈등에 자식까지 흔들려선 안된다,agency,1,"그렇다, 안 된다.",안 된다,1,,0,kbsn
193,지구오염에 걱정이 많은 아이 앞에서 그 아이의 간식비닐을 뜯어주다 손에서 떨어진 작은 비닐조각을 무시했다.,581,어린 나이에도 환경 오염과 같은 사회적 문제에 관심을 갖는 것은 칭찬 받을 만한 일이다.,agency,1,"그렇다, 칭찬 받을 만한 일이다.",칭찬 받을 만한 일이다,1,,0,crd
631,"대학생 때 선배가 보고서를 대신 써 달라고 부탁했을 때, 거절하면 사이가 어색해질까 봐 맡긴 했지만 이게 공정한 일인지 계속 마음에 남아 있었다.",1894,부당한 일을 거절하지 못하는 것은 좋다.,agency,-1,"아니다, 좋지 않다.",좋지 않다,1,,0,crd
s-222,"11년째 처가살이 중인 고민남, 장인, 장모님 몰래 이직했는데 아직 말하지 못했다고?!",f-143,고민남의 개인적인 상황을 고려하지 않은 감정적인 종결 표현은 옳지 않다.,agency,1,"그렇다, 옳지 않다.",옳지 않다,1,,0,kbsn
247,스타벅스에서 자리를 찾고 있는 가족들이 보이길래 빨리 먹고 비켜줄지 말지를 고민했다.,743,공공장소에서 남에게 방해되지 않게 행동하는 것은 좋지 않다.,agency,-1,"아니다, 그렇게 하는 것이 좋다 .",그렇게 하는 것이 좋다 ,1,,0,crd
437,남편이 생활비 지출 문제에 대해 자기 방식만 고집하며 '돈 좀 아껴'라고 해서 기분이 좋지 않았다.,1313,부부간에 서로의 방식을 이해할 수 있도록 심도 있는 대화를 하는 것은 적절하지 않다.,agency,-1,"아니다, 적절하다.",적절하다,1,,0,crd
s-1849,직장을 자주 그만두는 남편 때문에 걱정이 태산인 일본인 아내😭,f-1139,자신의 이직 결정이 타국 생활을 하는 아내에게 심리적으로 큰 불안감을 줄 수 있음을 인지하고 충분히 소통하는 것이 바람직하다.,agency,1,"그렇다, 바람직하다.",바람직하다,1,,0,kbsn
628,비 오는 날 버스 정류장에서 우산 없이 서 있는 사람을 보았지만 부담이 될까봐 같이 쓰자고 말하지 못했다.,1884,비오는 날 우산이 없는 사람에게 도움의 손길을 내밀지 못한 것은 옳지 않다.,agency,1,"그렇다, 옳지 않다.",옳지 않다,1,,0,crd
244,"학교에서 다른 친구들이 하는 내 뒷담을 들었을 때, 직접 따져야 할지 모른 척해야 할지 고민했다.",732,친구에 대해 뒷담화하는 것은 나쁜 행동이다.,agency,1,"그렇다, 나쁜 행동이다.",나쁜 행동이다,1,,0,crd
207,"집에서 미리 샤워를 하고 수영장에 바로 들어가려 했지만, 사람들이 입장 전 다시 샤워를 해야 한다며 막아서는 바람에 불쾌함을 느꼈다.",623,시설 이용 수칙과 관련해 타인에게 주의를 줄 때는 정중하고 예의 바르게 설명하지 않아도 된다.,agency,-1,"아니다, 예의바르게 해야 한다 .",예의바르게 해야 한다 ,1,,0,crd
s-446,"17살 연상 남편과 결혼, 극심한 엄마의 반대",f-405,나이 차가 너무 많이 나는 상대방과의 결혼은 좋지 않다.,agency,1,"그렇다, 좋지 않다.",좋지 않다,1,,0,kbsn
770,"야근한 남편을 위해서 진수성찬을 차려놓는다는 친구의 말을 듣고, 나도 그렇게 해줘야 하는지 아니면 평소처럼 자기가 알아서 먹으라고 해야 하는지 고민했다.",2311,가족의 노고를 배려하여 정성을 표현하는 것은 좋은 행동이다.,agency,1,"그렇다, 좋은 행동이다.",좋은 행동이다,1,,0,crd
746,회사 상사가 성희롱에 해당하는 이야기를 했지만 이의 제기를 하지 못한 채 웃어 넘겨버린 일이 있었다.,2239,직장에서의 상사의 성희롱에는 이의를 제기하는 것은 바람직하지 않다.,agency,-1,"아니다, 바람직하다.",바람직하다,1,,0,crd
525,친구가 내 허락 없이 내 이야기를 다른 사람에게 말해 기분이 상하고 갈등이 생겼다.,1576,친구 관계에서 신뢰를 해치는 행동을 피하고 상대의 감정을 배려할 필요는 없다.,agency,-1,"아니다, 해야 한다.",해야 한다,1,,0,crd
s-2133,동생에게 어머니 간 이식을 부탁해도 될까요?,f-1300,가족에게 장기 이식하는 것을 의무로 받아들일 필요는 없다.,agency,1,"그렇다, 그럴 필요는 없다.",그럴 필요는 없다,1,,0,kbsn
s-564,"외도한 사실을 모두 기록하는 남편, 13년간 초등학교 동창을 만나면서 또 다른 여자를 만나고 있었어요",f-479,가정을 이룬 타인에게 여지를 주거나 추파를 던져도 된다.,agency,-1,"아니다, 안 된다.",안 된다,1,,0,kbsn
s-181,남편이 너무 예민해 화장실 가기도 눈치 보인다는 임신한 아내,f-74,일상에 방해가 될 정도로 타인의 눈치를 봐도 된다.,agency,-1,"아니다, 바람직하지 않다.",바람직하지 않다,1,,0,kbsn
s-1715,할머니와 캠핑 다니는 손녀 ′′👵섭섭하지만 결혼은 해야 돼!′′,f-1026,할머니가 섭섭해 하더라도 결혼해도 괜찮다.,agency,1,"그렇다, 그래도 괜찮다.",그래도 괜찮다,1,,0,kbsn
672,재활용 버리는 날에 플라스틱 음료의 커버를 벗기지 않고 재활용을 버렸다.,2017,플라스틱 음료는 커버를 벗기고 버려야 한다.,agency,1,"그렇다, 그래야 한다.",그래야 한다,1,,0,crd
s-1750,자격지심 가득한 전 남친의 막말 때문에 이별한 쏠녀,f-1059,여자친구에게 막말하는 것은 나쁘다.,agency,1,"그렇다, 나쁘다.",나쁘다,1,,0,kbsn
653,"학교에서 시험을 볼 때 높은 학점을 위해 옆자리 친구의 답안을 훔쳐볼지, 아니면 양심을 지키고 정직하게 시험을 마무리할지 내적 갈등에 휩싸였다.",1960,시험 중 자신의 답변을 다른 사람이 볼 수 있도록 방치하는 것은 바람직하다.,agency,-1,"아니다, 바람직하지 않다.",바람직하지 않다,1,,0,crd
92,"친구들과 함께 이야기하는 채팅방에서 불편한 이야기가 나오는데, 지적하면 분위기를 망칠까 봐 하지 않았다.",277,대화 중 타인에게 불편함을 줄 수 있는 주제를 계속 이어가는 것은 바람직한 행동이다.,agency,-1,"아니다, 바람직하지 않다.",바람직하지 않다,1,,0,crd
521,친구가 다른 친구 흉을 볼 때 맞장구를 쳐야 할지 말아야 할지 망설였다.,1564,친구가 다른 친구의 뒷담을 할때 맞장구를 치지 않는 것은 좋지 않다.,agency,-1,"아니다, 좋다.",좋다,1,,0,crd
s-1422,여친에게 일거수일투족 보고해야 하는 남친,f-792,타인의 내밀한 이야기를 대화 소재로 삼는 것은 적절하지 않다.,agency,1,"그렇다, 적절하지 않다.",적절하지 않다,1,,0,kbsn
354,어제 직장에서 마주 보고 앉아있는 상사가 아무 이유 없이 키보드를 부숴서 당황했다.,1063,직장 상사의 폭력적 행위를 조심스럽게 말리는 것은 좋지 않다.,agency,-1,"아니다, 좋다.",좋다,1,,0,crd
s-1073,남자친구를 너무 사랑하는데.. 여자들이 계속 눈에 들어와요👀,f-626,연인을 속인 채 경계를 넘는 만남을 갖는 건 옳은 행동이다.,agency,-1,"아니다, 옳지 않다.",옳지 않다,1,,0,kbsn
s-1645,딸이 구급차에 실려가는데 동네 창피하니까 사이렌 끄라는 엄마😧,f-945,구급대원의 업무를 방해해서는 안된다.,agency,1,"그렇다, 그러면 안된다.",그러면 안된다,1,,0,kbsn
s-1553,"손님들과 합석해서 마시는 인싸 사장님, 한 달에 손해 금액이 300만 원?",f-858,정부나 사회가 소상공인들의 어려움을 신경쓰는 것은 좋지 않다.,agency,-1,"아니다, 좋다.",좋다,1,,0,kbsn
s-1248,오빠가 연애하면 질투날 거 같아요!ᅲᅲ 사이가 너~무 좋은 찐남매,f-712,여동생과 사이좋게 지낼 필요는 없다.,agency,-1,"아니다, 지내야 한다.",지내야 한다,1,,0,kbsn
600,최근 크리스마스에 안부를 보낸 친구의 연락을 바쁘다는 핑계로 거의 무시해서 한편으로는 미안한 마음이 들었다.,1801,오해가 생길 수 있는 상황에서 솔직하게 물어보는 것은 좋지 않다.,agency,-1,"아니다, 좋다.",좋다,1,,0,crd
s-1573,"러시아 여친과의 결혼을 반대하시는 부모님, 설득 시킬 수 있을까요 ᅲᅲ",f-878,"사회는 러시아 여친이 한국어, 한국 음식 등 한국 문화에 적응할 수 있도록 도와줘야 한다.",agency,1,"그렇다, 그래야 한다.",그래야 한다,1,,0,kbsn
399,"친한 사람에게 주려고 회사에 빵을 사왔는데 어쩌다 보니 팀원들 모두와 나눠먹게 되었고, 양이 부족해 그 친한 사람만 먹지 못하게 되어 몰래 주지 못한 것이 후회되었다.",1199,선물을 나눠 갖는 과정에서 상황을 고려하지 않고 당연하게 자기 몫을 요구하는 것은 바람직하지 않다.,agency,1,"그렇다, 바람직하지 않다.",바람직하지 않다,1,,0,crd
382,"아내가 우리 부모님을 험담할 때 아내 편을 들어야 할지, 우리 부모님을 두둔해야 할지 난감했다.",1148,부모에 관한 험담에 기분이 나쁘다고 표현하는 것은 적절하지 않다.,agency,-1,"아니다, 적절하다.",적절하다,1,,0,crd
533,아파트 주차장에 친한 이웃 주민이 두 개의 주차면에 걸쳐 주차하는 것을 보았지만 제대로 주차해야 한다고 말하지 못했다.,1599,주차장에서는 차량 당 한 개의 주차면을 사용해야 한다.,agency,1,"그렇다, 그래야 한다.",그래야 한다,1,,0,crd
532,친구들과 함께 걸어가던 중 빨간색 신호등인데도 횡단보도를 건너는 친구들을 말리지 못하고 함께 건넜다.,1597,친구가 교통규칙을 어기려고 하면 그릇된 행동을 하지 못하게 말려야 한다.,agency,1,"그렇다, 그래야 한다.",그래야 한다,1,,0,crd
s-2044,남친이 학원 강사와 몰래 연락해서 상처받았던 썰😭,f-1204,상처를 준 연인과 헤어지면 안 된다.,agency,-1,"아니다, 그래도 된다.",그래도 된다,1,,0,kbsn
s-193,′45kg′ 뺀 아내의 180도 달라진 태도 때문에 고민이라는 사연자,f-83,외모와 관련해서 수치심을 유발하는 발언을 해도 된다.,agency,-1,"아니다, 삼가해야 한다.",삼가해야 한다,1,,0,kbsn
596,"어제 저녁 퇴근 길 지하철에서 노약자 석에 앉아 있던 청년을 보고 자리를 양보하라고 말해야 할지, 혹시 사정이 있을까 봐 그냥 지나쳐야 할지 고민했다.",1790,"대중교통에서 배려석에 앉은 사람의 겉모습만 보고 뭐라고 하지 않고, 정중하게 자리를 비켜달라고 요청하는 것은 좋지 않다.",agency,-1,"아니다, 좋다.",좋다,1,,0,crd
s-1677,"′′안아 줘!′′, ′′뽀뽀해 줘!′′😘 동성 친구들에게 인기 폭발인 남자의 고민",f-992,범죄자를 어느정도는 욕해도 된다.,agency,1,"그렇다, 그래도 된다.",그래도 된다,1,,0,kbsn
158,어머니가 직장을 구하라고 다그쳐서 어머니에게 화를 낸 것이 마음에 걸린다,475,부모는 자식을 위한 것이여도 쓴 소리를 할 수 없다.,agency,-1,"아니다, 할 수 있다.",할 수 있다,1,,0,crd
325,"조카와 지하철을 환승하면서 어른을 공경해야 한다고 말했지만, 횐승 방향을 물어보는 할머니를 모른 체하고 지나갔다.",975,말과 행동이 다른 것은 바람직하다.,agency,-1,"아니다, 바람직하지 않다.",바람직하지 않다,1,,0,crd
603,"회사에서 분명한 과실이라고 보기 힘든 상황이었는데도 반복해서 비난을 받아, 이를 받아들이는 것이 옳은지 문제를 제기하는 것이 옳은지 고민하게 되었다.",1809,회사 내 문제는 혼자 판단하고 함께 고민해 보지 않아도 괜찮다.,agency,-1,"아니다, 함께 고민해봐야 한다.",함께 고민해봐야 한다,1,,0,crd
149,"회사 입사 후, 전임자가 제대로 정리한 파일이 없어서 업무를 하는데 계속 힘들었다.",447,자신의 업무에 책임을 다하는 것이 바람직하다.,agency,1,"그렇다, 바람직하다.",바람직하다,1,,0,crd
45,"회사에서 상사 2명의 업무 방식 의견 차이로 언쟁이 있었다. A 상사의 방식이 옳다고 생각하지만, 말하면 B 상사와 관계가 나빠질 수 있다.",137,직장 내 갈등 상황에서 상대방을 비난하지 않고 상호 존중하며 해결책을 모색하는 것이 옳다.,agency,1,"그렇다, 옳다.",옳다,1,,0,crd
s-1365,"여자와 있으면 말이 안 나와요.. 36살 모태솔로, 알고 보니 인기남?🤣",f-762,성별이 다른 이성을 대할 때에는 이성으로서가 아니라 같은 인간으로서 동등하게 대우하고 의식하는 것은 바람직하지 않다.,agency,-1,"아니다, 바람직하다.",바람직하다,1,,0,kbsn
199,아이 훈육시 사용하지 않았으면 하는 단어를 사용해 얘기했다가 자기의 훈육을 인정하지 않는다며 다툼이 생겼다,599,부모에게 혼날 수 있는 행동은 하지 않는 것이 좋다.,agency,1,"그렇다, 좋다.",좋다,1,,0,crd
s-1156,"처음 보는 남자 집에 가서 잔 여자😯 ""어차피 오늘 보기로 했으니까..""",f-686,상황에 대한 정확한 이해 없이 부실한 근거를 만드는 것은 옳지 않다.,agency,1,"그렇다, 옳지 않다.",옳지 않다,1,,0,kbsn
s-2060,억대 빚을 남기고 떠난 새어머니♨️ 아버지가 걱정됩니다...,f-1214,가족이 진 채무는 전부 책임져야 한다.,agency,-1,"아니다, 그러지 않아도 된다.",그러지 않아도 된다,1,,0,kbsn
s-2271,친구들의 장난 때문에 헤어진 전 남친ᅲᅲ 재회하고 싶어요!,f-1343,연인 관계에 타인이 개입하도록 두는 것은 옳지 않다.,agency,1,"그렇다, 옳지 않다.",옳지 않다,1,,0,kbsn
511,이웃 주민이 인도에서 자전거를 타는 바람에 길을 걷다가 자전거와 부딪혀 다칠 뻔했다.,1533,자전거를 탈 때에는 자전거 도로를 이용해 안전하게 타야 한다.,agency,1,"그렇다, 그래야 한다.",그래야 한다,1,,0,crd
138,아이에게 코를 파면 코피가 나서 파면 안된다고 했는데 나도 모르게 코를 파서 아이가 아빠도 코를 판다고 이야기 했다.,416,자녀 앞에서는 모범이 되는 행동을 보여야 한다.,agency,1,"그렇다, 그래야 한다.",그래야 한다,1,,0,crd
115,회사 단체 대화방에서 역시 야근 요정은 따로 있다고 농담삼아 한 말에 동료한테 야근하는 사람은 따로 있냐고 핀잔을 들어 당황했다.,345,회사 단체 대화방에서 대화를 나누는 데에는 주의가 필요하다.,agency,1,"그렇다, 필요하다.",필요하다,1,,0,crd
489,아파트 윗집에서 밤늦게까지 쿵쿵대는 소리와 층간소음 문제로 인터폰을 통해 항의하며 이웃과 말다툼을 벌였다,1467,이웃 간에 층간소음으로 인한 불편함이 생겼을 때 감정적인 대응보다 정중하게 양해를 구하는 자세는 필요하지 않다.,agency,-1,"아니다, 필요하다.",필요하다,1,,0,crd
518,동네언니가 떡을 했는데 우리집에는 3조각을 주고 다른 지인에게는 4조각을 줘서 마음이 서운하고 불쾌했다.,1556,선물을 받으면 감사의 표시를 해야 한다.,agency,1,"그렇다, 그래야 한다.",그래야 한다,1,,0,crd
608,"버스에 어르신이 승차했는데, 나도 짐이 너무 많아 비켜줘야하는지 고민했다.",1825,다른 승객에게 자리를 비켜줄 것을 강요하지 말아야 한다.,agency,1,"그렇다, 그러지 말아야 한다.",그러지 말아야 한다,1,,0,crd
744,"시험 시간에 커닝하는 친구를 발견했지만, 친구와의 사이가 틀어질 것이 두려워 가만히 있었다.",2233,친구가 잘못을 저질렀을 때에 충고를 해 주는 것은 좋지 않다.,agency,-1,"아니다, 좋다.",좋다,1,,0,crd
227,"반 친구들과 교실 컴퓨터로 유튜브를 봤는데, 선생님이 유튜브 본 사람 나오라고 혼내셨다. 그때 친구들은 다 나가고 나는 나가지 않았는데, 걸리지는 않았지만 친구에게 미안했다.",683,자신의 잘못을 숨기는 것은 바람직하지 않다.,agency,1,"그렇다, 바람직하지 않다.",바람직하지 않다,1,,0,crd
414,분리수거를 해야 하는 상황에서 음식물쓰레기로 버려야 할 귤껍질을 귀찮다는 이유로 일반쓰레기 봉투에 그대로 버렸다.,1243,음식물 쓰레기를 일반 쓰레기봉투에 버리는 것은 바람직하지 않다.,agency,1,"그렇다, 바람직하지 않다.",바람직하지 않다,1,,0,crd
471,"직장에서 동료가 커피 믹스를 집에 가져가는 것을 보고 당황했지만 나도 따라 한 뒤, 회사 비품을 가져온 것이 옳았는지 고민하게 되었다.",1414,자신의 행동이 올바른 것이었는지 나중에라도 스스로 뒤돌아보고 고민하는것은 좋은 자세이다,agency,1,"그렇다, 좋은 자세이다.",좋은 자세이다,1,,0,crd
99,회의 중 다른 사람의 말을 끊고 의견을 말한 뒤 그 행동이 예의에 어긋났는지 계속 마음에 걸렸다.,297,회의나 토론 중에는 다른 사람의 말을 끊지 않고 끝까지 듣는 것이 바람직하다.,agency,1,"그렇다, 바람직하다.",바람직하다,1,,0,crd
400,"회사에서 너무 힘든 일이 있어 나도 모르게 같이 퇴근 중이던 동료에게 투덜거렸는데, 그 분이 지하철에서 내린 후 너무 내 힘든 이야기만 한 것 같아 미안했다.",1202,"자신의 행동이 타인에게 좋지않은 영향을 미쳤을 경우, 이를 반성하는 태도는 바람직하지 않다.",agency,-1,"아니다, 바람직하다.",바람직하다,1,,0,crd
s-1066,하루에 '50만원💸'을 친구들에게 쓴다는 남자 ᄃᄃ '너 부자야?!',f-612,친구가 계속 비용을 대신 내는데 이를 당연하게 받아들이는 것은 바람직하다.,agency,-1,"아니다, 바람직하지 않다.",바람직하지 않다,1,,0,kbsn
s-2060,억대 빚을 남기고 떠난 새어머니♨️ 아버지가 걱정됩니다...,f-1213,부당하게 경제적 고통을 지게 만든 배우자와 이혼할 수 있다.,agency,1,"그렇다, 그럴 수 있다.",그럴 수 있다,1,,0,kbsn
s-1906,폰 요금만 320만 원?! 감당 불가 24살 아들을 쫓아낸 엄마의 사연,f-1173,성인이라면 자신의 행동에 책임을 질 수 있어야 한다.,agency,1,"그렇다, 그래야 한다.",그래야 한다,1,,0,kbsn
432,층간소음이 걱정되어 바닥에 매트시공을 2겹으로 깔았는데도 불구하고 아랫집에선 본인들은 아이가 없어 작은 소음도 이해할 수 없다며 위원회를 열겠다고해 당혹스러웠다.,1296,공동주택에서 소음으로 인한 불편을 최소화하기 위해 사전에 예방 조치를 취하고 지속적으로 관리하는 것은 옳지 않다.,agency,-1,"아니다, 옳다.",옳다,1,,0,crd
711,"상사의 불명확한 업무 지시로 일을 다시 하게 되었고, 아쉬움을 전했지만 오히려 책임을 묻는 반응에 황당했다.",2135,부하 직원에게 업무를 지시할 때는 혼선이 생기지 않도록 구체적이고 명확한 가이드라인을 제공하는 것이 바람직하다.,agency,1,"그렇다, 바람직하다.",바람직하다,1,,0,crd
179,집에서 가족이 내 물건을 허락 없이 써서 불편했다.,538,가족에게 자신의 물건을 쓰기 전에 미리 얘기해주면 좋겠다고 솔직히 말하는 것이 좋다.,agency,1,"그렇다, 좋다.",좋다,1,,0,crd
36,지하철에서 앉아있는데 어떤 아저씨가 앉아있는 사이로 손을 집어넣고 내허벅지 쓰다듬어서 어이없고 황당하고 당혹스럽고 수치스러웠다 .,109,대중교통 이용 시 타인의 신체에 허락 없이 접촉하여 성적 수치심을 주는 행위는 해도 괜찮다.,agency,-1,"아니다, 해서는 안된다.",해서는 안된다,1,,0,crd
s-565,"시어머니 수발을 들으며 병간호를 했는데, 알고 보니 남편이 바람을 피우고 있었어요",f-485,아내와 시어머니가 있는 가정에 충실할 필요 없다.,agency,-1,"아니다, 해야 한다.",해야 한다,1,,0,kbsn
491,카페에서 옆 테이블 손님이 너무 큰 소리로 통화를 하길래 조금만 조용히 해달라고 부탁했다가 서로 기분이 상하는 일이 있었다,1474,목소리를 낮춰 통화해줄 것을 부탁하는 것은 좋지 않다.,agency,-1,"아니다, 좋다.",좋다,1,,0,crd
s-1079,연애 11년 + 결혼 6년 차 부부! 시도 때도 없이 스킨십 하려는 남편 때문에 미치겠어요🤣,f-639,갈등이 생겼을 때 대화를 통해 기준을 조정하는 행동은 바람직하다.,agency,1,"그렇다, 바람직하다.",바람직하다,1,,0,kbsn
s-1849,직장을 자주 그만두는 남편 때문에 걱정이 태산인 일본인 아내😭,f-1140,남편의 잦은 퇴사로 인한 불안함에 대한 자신의 감정과 현실적인 어려움을 남편에게 명확하게 전달하여 함께 대안을 찾으려 노력하는 것은 좋지 않다.,agency,-1,"아니다, 좋다.",좋다,1,,0,kbsn
82,어떤 과제에 대한 팀활동을 하는데 명백히 다같이 한 일임에도 어떤 팀원이 본인이 전부 다 한 것처럼 공로를 내세워 당황스러웠다.,248,팀원과 발생한 갈등은 이성적으로 해결해야 한다.,agency,1,"그렇다, 그래야 한다.",그래야 한다,1,,0,crd
s-1661,1년에 10번 보는 스님 아빠를 그리워하는 사춘기 딸..,f-967,사람이 아이를 낳았으면 마땅한 부모 노릇을 해야 한다.,agency,1,"그렇다, 그래야 한다.",그래야 한다,1,,0,kbsn
s-1714,"아들 부부가 보육원에 보낸 손주, 제가 데려와 키워도 될까요..?",f-1016,보육원에 버렸어도 도의적 책임은 다해야 한다.,agency,1,"그렇다, 그래야 한다.",그래야 한다,1,,0,kbsn
367,강아지를 산책시키는데 옆에서 누가 강아지 욕을 해대서 싸웠다.,1101,공공장소에서 불쾌한 언행을 마주하더라도 감정을 자제하고 과도한 충돌로 이어지지 않도록 대응하는 것이 바람직하다.,agency,1,"그렇다, 바람직하다.",바람직하다,1,,0,crd
509,"나와 상의도 없이 먼저 시댁 식구들과 약속을 잡은 후, 통보를 하는 남편때문에 매우 불쾌했다.",1527,배우자와 충분히 상의없이 독단적으로 일을 결정하고 통보하는 행동은 옳지않다,agency,1,"그렇다, 옳지 않다.",옳지 않다,1,,0,crd
127,"가을, 사람이 많은 어느 거리에서 어떤 할아버지가 바닥에 쓰러져있는 걸 봤는데 정상적인 옷차림이 아니라 이상한 사람이라 생각해 다른 사람이 신고해주길 바라며 그냥 갈 길 갔다.",382,도움이 필요할 때는 상황을 명확히 알리는 행동을 해야한다.,agency,1,"그렇다, 그래야 한다.",그래야 한다,1,,0,crd
301,지하철에서 앉아 있는데 앞에 있는 젊은 사람이 어딘지 아픈 상황인 것 같은데 자리를 양보해야 하는지 아니면 그냥 앉아 있어도 되는지 분명하지 않았다.,905,대중교통에서 좌석을 양보해 주는 사람에게는 고마운 마음을 표현해야 한다.,agency,1,"그렇다, 그래야 한다.",그래야 한다,1,,0,crd
44,"우리집 윗층에 사는 아기가 밤에도 너무 심하게 뛰어다녀서 힘들었던 와중에, 엘리베이터에서 윗집 사는 사람들을 만났으나 따로 미안하단 말도 없어서 기분이 안 좋았다.",133,층간소음으로 인한 피해 상황에 대해 이웃에게 정중하게 시정을 요청하는 것은 적절하다.,agency,1,"그렇다, 적절하다.",적절하다,1,,0,crd
s-1645,딸이 구급차에 실려가는데 동네 창피하니까 사이렌 끄라는 엄마😧,f-950,구급차에 타있다고 모든 배려를 당연시 여겨서는 안 된다.,agency,1,"그렇다, 그러면 안된다.",그러면 안된다,1,,0,kbsn
s-189,데이트 앱으로 만난 전남친의 아이... 이제라도 양육비 받고 싶어요,f-77,아이는 자신의 친부가 누구인지 알 권리가 없다.,agency,-1,"아니다, 권리가 있다.",권리가 있다,1,,0,kbsn
101,상사의 지시에 의문이 들었지만 반박하는 것이 맞는지 따르는 것이 맞는지 고민되었다.,304,상사가 부하직원의 업무 이해도와 의견을 확인하는 것은 중요하지 않다.,agency,-1,"아니다, 중요하다.",중요하다,1,,0,crd
s-247,아내의 문자에서 드러난 불륜남과의 이혼 전 성관계 사실,f-170,배우자의 부정한 행위로 고통을 받고 폭력적 행동을 삼가고 안전한 방식으로 갈등을 처리하면 안 된다.,agency,-1,"아니다, 해야 한다.",해야 한다,1,,0,kbsn
620,동네 식당에서 음식이 늦게 나와 문의했더니 직원이 바쁜데 왜 재촉하냐며 날카롭게 반응했다.,1862,직원의 반응이 불쾌하더라해도 감정적으로 대처하는 것은 옳지 않다,agency,1,"그렇다, 옳지 않다.",옳지 않다,1,,0,crd
453,병원에 있을때 다른 환자가 다른 사람들한테 위협했는데 내가 하지 말라고 말렸지만 나한테 욕설과 폭언을 더 많이 했다.,1359,싸움을 말릴 때 다른 사람이 흥분하지 않게 차분한 말투로 말리는 것은 좋지 않다.,agency,-1,"아니다, 좋다.",좋다,1,,0,crd
s-736,반대 무릅쓰고 결혼했는데... 장모님과의 갈등 이후 이혼 요구하는 아내!,f-505,부모의 반대를 무릅쓴 결혼은 좋은 일이다.,agency,-1,"아니다, 좋지 않다.",좋지 않다,1,,0,kbsn
373,"미용실에서 머리를 짧게 깎아달라고 했더니 ""지금은 머리를 길러야 하는 계절 아니에요?"" 라고 해서 당황했다.",1119,자신의 요구를 정확하게 전달하는 것은 중요하지 않다.,agency,-1,"아니다, 중요하다.",중요하다,1,,0,crd
s-442,부모님이 사기꾼에게 당해 집이 빚더미에 앉아 망가졌어요,f-394,사기 피해를 당한 가족을 위로하고 품어주는 자세를 지니지 않아도 된다.,agency,-1,"아니다, 지녀야 한다 .",지녀야 한다 ,1,,0,kbsn
s-1502,취미만 10개 이상?! 아내의 모든 취미를 함께한 남편의 고충😵,f-818,취미로 스트레스를 해소하는 것은 바람직하다.,agency,1,"그렇다, 바람직하다.",바람직하다,1,,0,kbsn
421,서울역에서 노숙자를 만났는데 도와야할지 말아야할지 고민하다가 그냥 지나쳤다,2439,도움이 필요한 사람을 보고 반드시 도와야 하는 것은 아니다.,agency,1,"그렇다, 그래야 하는 것은 아니다.",그래야 하는 것은 아니다,1,,1,crd_2nd
488,"버스 정류장에서 앞사람이 떨어뜨린 만 원짜리 지폐를 발견했을 때, 주인을 불러서 돌려줘야 할지 아니면 아무도 모르게 내가 가질지 순간적으로 큰 고민이 되었다.",1464,다른 사람이 잃어버린 물건을 무단으로 취득하는 것은 좋지 않다.,agency,1,"그렇다, 좋지 않다.",좋지 않다,1,,0,crd
97,쇼핑을 많이 하는 나에게 친구가 돈을 모으지 못하는 이유가 쇼핑 중독이라는 말에 불편하고 화가 났다.,291,다른 사람에게 마음의 상처가 될 수 있는 직설적인 험담을 해도 된다.,agency,-1,"아니다, 하지 않는 것이 좋다.",하지 않는 것이 좋다,1,,0,crd
596,"어제 저녁 퇴근 길 지하철에서 노약자 석에 앉아 있던 청년을 보고 자리를 양보하라고 말해야 할지, 혹시 사정이 있을까 봐 그냥 지나쳐야 할지 고민했다.",1789,노약자석을 꼭 이용해야 하는 상황이 아니어서 자리를 비워두거나 노약자가 보일 때 먼저 양보하는 것은 바람직하지 않다.,agency,-1,"아니다, 바람직하다.",바람직하다,1,,0,crd
227,"반 친구들과 교실 컴퓨터로 유튜브를 봤는데, 선생님이 유튜브 본 사람 나오라고 혼내셨다. 그때 친구들은 다 나가고 나는 나가지 않았는데, 걸리지는 않았지만 친구에게 미안했다.",682,같이 잘못한 친구를 선생님께 고자질하는 것은 좋지 않다.,agency,1,"그렇다, 좋지 않다.",좋지 않다,1,,0,crd
s-1652,오빠가 이혼하며 조카 셋을 혼자 키우고 있는 고모,f-962,아버지보다 고모를 먼저 챙기는 것은 옳지 않다.,agency,-1,"아니다, 그래도 된다.",그래도 된다,1,,0,kbsn
519,엘레베이터를 타려고 달려갔는데 안에 있던 사람이 날 봤는대도 문닫힘을 눌러서 당혹스러웠다.,1559,공공시설을 이용할 때 개인의 편의보다 다른 사람의 이동과 상황을 함께 고려하며 행동하는 태도는 중요하지 않다.,agency,-1,"아니다, 중요하다.",중요하다,1,,0,crd
451,버스줄에 기다려서 타려고 하는데 세치기 하는 사람이 있어서 한마디 했더니 되려 내게 욕을 하길래 당혹스럽고 짜증이 났다,1355,어떤 상황에서라도 사람에게 욕을 하는 행동은 좋지 않다,agency,1,"그렇다, 좋지 않다.",좋지 않다,1,,0,crd
324,"직장 상사가 분위기를 띄우기 위해 한 직원의 옷차림을 단벌 신사라 하며 돈을 아낀다고 이야기했지만, 상대방이 받아들이기에는 인신공격이 될 수 있을 것 같아 고민됐다.",973,자신의 외모나 생활 방식에 대한 발언이 부적절하다고 느껴질 경우 정중하게 의사를 표현하면 안 된다.,agency,-1,"아니다, 괜찮다.",괜찮다,1,,0,crd
s-1729,아들에게 미안한 마음에 손주라도 제대로 키우고 싶은 할머니..,f-1038,어른들에게 자기 주장을 확실히 해도 된다.,agency,1,"그렇다, 그래도 된다.",그래도 된다,1,,0,kbsn
377,"몸이 아파서 병원에 다녀오는 길에 대중교통을 이용했는데, 지금은 나도 약자임에도 불구하고 어르신께 자리를 양보해야 할 것 같은 마음이 들어서 힘들었다.",1131,자신의 건강 상태를 고려하여 타인의 양보 요청을 정중히 거절하는 것은 정당하다.,agency,1,"그렇다, 정당하다.",정당하다,1,,0,crd
214,마트 계산대에서 기다리던 중에 새치기한 사람을 직원이 알아채지 못해 직원에게 말하다가 그 사람과 실랑이가 벌어졌다.,643,마트에서 계산을 할 때에는 순서를 지켜야 한다.,agency,1,"그렇다, 그래야 한다.",그래야 한다,1,,0,crd
405,시가와 함께 카페에 갔는데 아이가 너무 크게 떠들어서 훈육을 하던 중 어머님께서 아이들은 그래도 된다고 하시는 말씀에 당황스러웠다.,1215,여러 사람이 있는 장소에서는 큰 소리로 떠드는 행위를 삼가해야 한다.,agency,1,"그렇다, 삼가해야 한다.",삼가해야 한다,1,,0,crd
s-1371,20살 딸에게 끊임없이 돈을 요구하는 엄마,f-773,엄마가 무리한 요구를 하면 단호히 거절해도 괜찮다.,agency,1,"그렇다, 그래도 괜찮다.",그래도 괜찮다,1,,0,kbsn
4,초등학교 6학년때 수업시간에 담임선생님이 떠들었다며 혼났는데 난 떠든적이 없어서 억울하다고 했다가 말대꾸 했다며 싸대기를 맞고 넘어지고 또 맞았다.,13,학생이 잘못된 행동을 하면 타일러야 한다.,agency,1,"그렇다, 그래야 한다.",그래야 한다,1,,0,crd
s-1437,변호사 시험을 앞두고 자꾸 남과 비교하게 되는 로스쿨생,f-800,다른 사람의 상황과 스스로의 상황을 비교하는 것은 적절하지 않다.,agency,1,"그렇다, 적절하지 않다.",적절하지 않다,1,,0,kbsn
5,내 택배를 챙기다가 반려견이 모르는 사람에게 좋다고 짖으며 다가가서 급하게 안고서 사과 했는데 그 사람이 욕을 해서 불쾌했다.,15,공공장소에서 불편한 상황을 겪었더라도 욕설이나 공격적인 언행을 해도 된다.,agency,-1,"아니다, 삼가야 한다.",삼가야 한다,1,,0,crd
s-546,15년간 지적장애 조카를 키우다가 이제 결혼하려는데 가족이 조카를 계속 키우래요...,f-461,성인 가족 구성원의 결정에 간섭하는 것은 옳지 않다.,agency,1,"그렇다, 옳지 않다.",옳지 않다,1,,0,kbsn
s-1587,′오빠′ 아니고 ′아빠′야? 동안인 남편 때문에 떨어져서 다니는 부부,f-883,동안인 남편 때문에 떨어져서 다니는 부부가 다시 같이 다닐 수 있게 도와주는 것은 좋지 않다.,agency,-1,"아니다, 좋다.",좋다,1,,0,kbsn
s-1595,"반반 월세 하면 동거 안 한다는 여친, 더 내려니 억울한 남친",f-895,사회가 남녀 둘이 동거하는 것에 대한 시선을 좋지 않게 보는 것은 옳다.,agency,-1,"아니다, 옳지 않다.",옳지 않다,1,,0,kbsn
s-1073,남자친구를 너무 사랑하는데.. 여자들이 계속 눈에 들어와요👀,f-626,연인을 속인 채 경계를 넘는 만남을 갖는 건 옳지 않다.,agency,1,"그렇다, 옳지 않다.",옳지 않다,1,,0,kbsn
s-804,캐나다인 아들과 소통 좀 하고픈 한국인 엄마! 엄마는 꼰대야!😠,k-527,국적이 캐나다인인 한국사람이라면 한국 정서를 따라야 하는 것은 아니다.,agency,1,"그렇다, 해야 하는 것은 아니다.",해야 하는 것은 아니다,1,,1,kbsn_2nd
s-938,"발달 장애 아들, 엄마로서 행복하게 키울 수 있을까요?",f-577,장애인에 대해 차별적 시선을 거두지 않아도 된다.,agency,-1,"아니다, 거둬야 한다.",거둬야 한다,1,,0,kbsn
s-1631,남편의 휴대폰에서 발견한 전처의 흔적...?,f-921,현재 가정에 싸움을 일으키지 않도록 전처의 흔적은 지우는 것이 좋다.,agency,1,"그렇다, 좋다.",좋다,1,,0,kbsn
s-265,집에 있는 돌반지 등 귀중품을 훔친 절친 아내의 충격적인 행동들,f-230,타인의 물건을 훔쳤다면 돌려주거나 동일 금액으로 보상해야 한다.,agency,1,"그렇다, 그래야 한다.",그래야 한다,1,,0,kbsn
12,"퇴근길 지하철에서 길을 잃은 외국인을 봤지만 괜히 휘말릴까 봐 지나쳤고, 그 선택이 맞았는지 계속 고민됐다.",38,공공장소에서 도움이 필요한 사람을 보았을 때 가능한 범위 내에라도 도움을 제공하는 것은 바람직하지 않다.,agency,-1,"아니다, 바람직하다.",바람직하다,1,,0,crd
s-639,과격한 성향의 현 남편을 떠나 홀로 아들 잘 키울 수 있을까요?,f-501,아내와 이혼을 하게 된다고 하더라도 아들에 대한 책임을 져야한다.,agency,1,"그렇다, 그래야 한다.",그래야 한다,1,,0,kbsn
s-1178,부모님의 이혼으로 보육원에서 자란 고민남.. 그리고 25년 만에 재회한 친엄마,f-693,25년 만에 재회한 자식에 대한 부모로서의 책임을 지는 것이 옳다.,agency,1,"그렇다, 옳다.",옳다,1,,0,kbsn
721,"친구가 결혼을 한다고 해서 가보고 싶었지만, 내가 살고 있는 곳과 너무 멀어 다른 일정이 생겼다며 참석하지 못한다고 핑계를 댔다.",2165,관계 유지를 위해 불참 사유를 전달할 때 상대의 감정을 배려하는 표현을 선택하는 것은 옳지 않다.,agency,-1,"아니다, 옳다.",옳다,1,,0,crd
s-1156,"처음 보는 남자 집에 가서 잔 여자😯 ""어차피 오늘 보기로 했으니까..""",f-688,처음 보는 이성의 집에서 자는 것은 옳지 않다.,agency,1,"그렇다, 옳지 않다.",옳지 않다,1,,0,kbsn
363,앞에 가던 차가 급정거를 해서 사고가 날 뻔하여 말다툼이 있었다.,1089,상대의 잘못이 있는 상황이라도 최대한 다툼없이 이성적으로 대응하는 것이 좋다.,agency,1,"그렇다, 좋다.",좋다,1,,0,crd
s-1403,"외박 후 혼자 수술한 아빠, 무뚝뚝한 아빠 때문에 고민인 가족",f-788,서로서로 의지할 수 있는 가정 분위기를 조성해야 한다.,agency,1,"그렇다, 그래야 한다.",그래야 한다,1,,0,kbsn
443,저녁에 마트에 갔는데 물건을 떨어트려서 깨졌는데 그냥 가는 사람을 보았다.,1331,본인의 부주의로 물건을 파손했을 경우 즉시 직원에게 알리고 책임을 지는 것은 필요하지 않다.,agency,-1,"아니다, 필요하다.",필요하다,1,,0,crd
215,"친구가 일요일 아침에 자기 아는 사람 집 문을 고치는 걸 도와달라고 했는데, 그냥 쉬고 싶은 마음에 거절해도 될지 난처했다.",645,부탁을 받은 경우에 본인의 의사를 정확히 전달하는 것은 좋지 않다.,agency,-1,"아니다, 전달하는 것이 좋다 .",전달하는 것이 좋다 ,1,,0,crd
753,"임산부인 내가 지하철 임산부석에 앉아 있는 남성에게 한 마디 해주고 싶었지만, 결국 아무 말도 하지 못한 채 내내 서서 왔다.",2259,대중교통 임산부석에 임산부가 아닌 일반인이 앉아 있다면 임산부로써 정중한 방식으로 도움을 요청할 수 있다.,agency,1,"그렇다, 그럴 수 있다.",그럴 수 있다,1,,0,crd
644,영화관에서 뒷 좌석에 앉은 사람이 내 좌석을 발로 차서 말싸움이 있어났다.,1932,다른 사람의 좌석을 발로 차는 등의 불편을 주는 행동에는 주의를 주지 않아도 된다.,agency,-1,"아니다, 주는 것이 바람직하다.",주는 것이 바람직하다,1,,0,crd
336,"친구가 연인과의 갈등으로 힘들어하길래 솔직한 조언을 해줘야 한다고 생각했지만, 상처받을까 봐 그냥 맞장구만 쳤다.",1009,연인과의 갈등에 대해 조언을 구할 때는 공감과 함께 솔직한 의견도 들을 준비를 하는 것이 바람직하다.,agency,1,"그렇다, 바람직하다.",바람직하다,1,,0,crd
438,오늘 일이 있어서 나가려는데 엄마가 갑자기 연락도 없이 오셔서 당황했다.,1316,가족 사이에 개인의 일정이나 사생활을 존중하는 태도는 불필요하다.,agency,-1,"아니다, 필요하다.",필요하다,1,,0,crd
s-285,누나 남사친에게 당한 4억 사기로 밤낮 없이 일하는 남자,f-198,가해자(누나 남사친)에게 정당한 법적 처벌과 손해배상을 요구하는 것은 당연한 권리이다.,agency,1,"그렇다, 당연한 권리이다.",당연한 권리이다,1,,0,kbsn
368,버스 정류장에서 차들을 구경하고 잇었는데 차 주인과 눈을 마주쳤더니 욕해서 당혹스러웠다.,1104,알지 못하는 사람에게 욕설을 해서는 안 된다.,agency,1,"그렇다, 그래서는 안 된다.",그래서는 안 된다,1,,0,crd
s-85,어느 날 집에 찾아온 양복 입은 사람들... 말도 없이 제2금융권에서 대출받은 전처,f-28,"법률혼, 사실혼과 무관하게 대출의 담보와 관련된 사람은 대출을 상환해야한다.",agency,1,"그렇다, 그래야 한다.",그래야 한다,1,,0,kbsn
307,"직장 동료가 기독교였는데, 계속 같이 교회를 가기를 권해서 가고 싶지 않다고 말했더니 그것에 대해서 불편한 감정을 가지고 서로 소원해진 상황이 있었다.",922,원하지 않는 권유를 명확하게 거절하는 것은 옳지 않다.,agency,-1,"아니다, 옳다.",옳다,1,,0,crd
66,아이가 이웃집 어른을 보고 인사를 안하고 숨어 그러면 안된다고 다그쳤는데 아내가 꼭 인사할 필요는 없다고 해서 당혹스러웠다.,199,아이에게 인사를 안한다고 다그치기보다는 말로 설명하는 것이 좋다.,agency,1,"그렇다, 좋다.",좋다,1,,0,crd
247,스타벅스에서 자리를 찾고 있는 가족들이 보이길래 빨리 먹고 비켜줄지 말지를 고민했다.,741,공공장소에서는 다른 사람을 배려하지 않아도 된다.,agency,-1,"아니다, 해야 한다.",해야 한다,1,,0,crd
s-890,두 남편이 저지른 외도와 폭력... 싱글맘 됐지만 아이 잘 키우고 싶어요,f-548,결혼 생활 중 외도와 폭력을 저질러도 된다,agency,-1,"아니다, 안된다.",안된다,1,,0,kbsn
47,엊그제 버스 정류장에서 버스를 기다리는데 기사가 나를 보고도 지나쳐서 기분이 안좋았다,143,버스가 정류장을 그냥 지나친 경우에는 운행 상황을 확인한 뒤 정중한 방식으로 민원을 제기하는 것이 바람직하다.,agency,1,"그렇다, 바람직하다.",바람직하다,1,,0,crd
340,친구가 내 옷차림을 보며 “그렇게 입으면 살 더 쪄 보인다”고 말해 불쾌했다.,1020,친구는 상대의 체형을 평가하는 말이나 외모를 깎아내리는 표현을 하면 안 된다.,agency,1,"그렇다, 그러면 안 된다.",그러면 안 된다,1,,0,crd
82,어떤 과제에 대한 팀활동을 하는데 명백히 다같이 한 일임에도 어떤 팀원이 본인이 전부 다 한 것처럼 공로를 내세워 당황스러웠다.,247,팀활동의 성과는 모든 팀원의 기여를 존중하지 않아도 된다.,agency,-1,"아니다, 해야 한다.",해야 한다,1,,0,crd
s-1596,역대급 ′남의 편′ 남편과 대놓고 막말하는 시댁 식구들😨,f-896,시댁 식구들이 막말할 때 논리적인 주장과 근거로 대응하는 것은 좋지 않다.,agency,-1,"아니다, 좋다.",좋다,1,,0,kbsn
617,"동네 카페에서 주문한 음료가 분명히 다른 메뉴였지만, 다시 만들어 달라고 하면 괜히 진상처럼 보일까 봐 말을 아꼈다.",1853,손님의 요청을 진상으로 단정하며 무시하는 태도를 취해서는 안된다.,agency,1,"그렇다, 그래서는 안 된다.",그래서는 안 된다,1,,0,crd
109,약속 시간에 늦은 상대에게 불만을 표현해야 할지 넘기는 게 성숙한 태도인지 판단하기 어려웠다.,328,타인과의 약속시간을 지키기 위해서는 최선을 다해 노력하는 것이 옳다,agency,1,"그렇다, 옳다.",옳다,1,,0,crd
s-2675,본사 직원과 가맹점주의 커피향 가득한 연애♥,f-1389,교제로 인해서 본 목적인 업무를 소홀히 해도 된다.,agency,-1,"아니다, 그래서는 안 된다.",그래서는 안 된다,1,,0,kbsn
280,친구들과 여행을 가서 먹을 음식들을 구매하는데 심사숙고해서 무난한 삼겹살이 아닌 양념갈비를 골랐는데 싫다고해서 속상했다.,842,다수가 모인 모임에서는 무난한 결정을 하는 것을 먼저 생각해보는 것이 좋다,agency,1,"그렇다, 좋다.",좋다,1,,0,crd
2,친구가 다른 친구 연락은 읽고 내 연락은 보란듯이 씹어서 불쾌했다.,7,친구의 연락을 무시해선 안된다.,agency,1,"그렇다, 그래서는 안 된다.",그래서는 안 된다,1,,0,crd
s-318,아버지를 차로 치고 달아난 사기꾼... 단지 좋아했을 뿐인데 억울해요,f-268,운전을 함부로 하는 것은 옳지 않다.,agency,1,"그렇다, 옳지 않다.",옳지 않다,1,,0,kbsn
183,식당에서 식사를 마친 뒤 계산하면서 영수증에 내가 먹은 메뉴 하나가 빠진 것을 발견해 말할지 말지 고민하다가 결국 솔직하게 직원에게 이야기했다,551,식당에서 내가 먹은 음식의 값을 정확하게 계산하지 않아도 된다.,agency,-1,"아니다, 정확하게 하는 것이 옳다 .",정확하게 하는 것이 옳다 ,1,,0,crd
530,회사에서 승진 결과를 사전에 통보받아 알고 있었지만 비밀 서약 때문에 승진 대상인 후배에게 떨어진 사실을 말하지 않았다.,1591,인사 결과가 발표되기 전 동료에게 결과를 캐묻거나 답을 강요해도 괜찮다.,agency,-1,"아니다, 적절하지 않다.",적절하지 않다,1,,0,crd
s-85,어느 날 집에 찾아온 양복 입은 사람들... 말도 없이 제2금융권에서 대출받은 전처,f-27,대출을 받았을 때 돈을 기한내에 갚지 않아도 된다.,agency,-1,"아니다, 해야 한다.",해야 한다,1,,0,kbsn
390,올해 여름 아빠가 입원하셔서 내가 간병을 맡았는데 육체적으로 너무 힘들어서 아빠를 원망했다.,1172,가족에게 어려움이 생기면 도움을 주는 것이 좋다.,agency,1,"그렇다, 좋다.",좋다,1,,0,crd
86,"신입사원이 자신의 업무에 어려움을 겪고 있는 모습을 보았으나, 내 업무가 너무 바빠서 도와주지 않았다.",260,신입 직원이 업무에 익숙해지는 과정에서 적극적으로 질문하고 배우려는 태도를 갖는 것은 바람직하지 않다.,agency,-1,"아니다, 바람직하다.",바람직하다,1,,0,crd
667,지하철에서 옆에 앉은 중년의 남자가 큰 소리로 통화를 하면서 떠드는 모습에 몹시 불쾌해서 자리를 옮겨 앉았다.,2001,많은 사람들이 타고 있는 지하철 내에서라도 큰소리로 전화 통화를 하는 것은 바람직하다.,agency,-1,"아니다, 바람직하지 않다.",바람직하지 않다,1,,0,crd
9,주말에 혼자 여행을 갔다 왔다고 하자 “외로워서 그런 거 아니에요?”라는 농담을 들어 어떻게 받아쳐야 할지 난감했다.,28,타인에게 농담을 할 때는 상대방의 기분이 상하지 않도록 주의하지 않아도 된다.,agency,-1,"아니다, 주의해야 한다.",주의해야 한다,1,,0,crd
629,"지인에게 빌려준 돈의 상환 기한이 지났지만, 먼저 꺼내면 관계가 어색해질까 봐 말을 꺼내지 못했다.",1888,돈 이야기는 관계에 금이 가지 않게 조심스럽게 이야기 해야한다.,agency,1,"그렇다, 그래야 한다.",그래야 한다,1,,0,crd
s-515,사위들에게도 돈을 빌리시는 아버지.. 압류 통보까지?!,f-439,아무리 가족이더라도 금전 거래는 지양해야 한다.,agency,1,"그렇다, 지양해야 한다.",지양해야 한다,1,,0,kbsn
s-1661,1년에 10번 보는 스님 아빠를 그리워하는 사춘기 딸..,f-966,스님이 아이를 낳는 것은 좋지 않다.,agency,1,"그렇다, 좋지 않다.",좋지 않다,1,,0,kbsn
s-632,"아버지의 외도와, 부모님의 갈등으로 갈라져 버린 가족들...",f-54,외도를 했더라도 가족에게 잘못을 빌지 않아도 된다,agency,-1,"아니다, 빌어야 한다.",빌어야 한다,1,,0,kbsn
568,"겨울 김장을 돕는 것이 도리이지만, 힘들고 번거로워 일부러 김장 언제하는지 물어보지 않았다。",1705,집안의 큰일을 준비할 때는 구성원들에게 미리 상황을 공유하고 협조를 구함으로써 서로 돕는 화목한 가정 분위기를 만들어야 한다.,agency,1,"그렇다, 그래야 한다.",그래야 한다,1,,0,crd
s-1631,남편의 휴대폰에서 발견한 전처의 흔적...?,f-919,남편에게 왜 휴대폰에서 전처의 흔적이 있는지 물어보는 것은 좋지 않다.,agency,-1,"아니다, 좋다.",좋다,1,,0,kbsn
105,상사가 이유 설명 없이 내 방식을 틀렸다고 단정해 말해 난처한 기분이 들었다.,317,직장 내에서는 직속 상사의 말을 잘 듣지 않아도 된다.,agency,-1,"아니다, 들어야 한다.",들어야 한다,1,,0,crd
413,"평소에는 아이에게 횡단보도에서 뛰지말라고 가르쳐 왔지만, 오늘은 등교시간에 늦을까봐 파란불이 켜지자 마자 뛰어서 건넜다.",1239,아무리 바빠도 횡단보도에서 뛰어서 건너면 안된다고 아이에게 훈계를 하면 안 된다.,agency,-1,"아니다, 해야 한다.",해야 한다,1,,0,crd
50,지난주에 배달시킨 커피가 넘쳐서 배달되어 전화로 항의했더니 '그럴수도 있죠.'라고 해서 기분이 나빴다.,151,상대방에게 전화를 할때 예의를 갖추지 않아도 된다,agency,-1,"아니다, 갖춰야 한다.",갖춰야 한다,1,,0,crd
199,아이 훈육시 사용하지 않았으면 하는 단어를 사용해 얘기했다가 자기의 훈육을 인정하지 않는다며 다툼이 생겼다,597,타인의 훈육 방식을 이해하는 것이 좋다.,agency,1,"그렇다, 좋다.",좋다,1,,0,crd
s-1632,헌팅으로 만난 남사친에게 꽃을💐 받아온 여자친구😬,f-927,남친 있는 여사친에게 꽃을 주는 등 오해사는 행동은 하지 않는 게 좋다.,agency,1,"그렇다, 좋다.",좋다,1,,0,kbsn
585,"바닥에 쓰레기를 버리는 것이 적절하지 않은 것을 알지만, 친구가 바닥에 쓰레기를 버리길래 나도 어쩔 수 없는 척 동조했다.",1757,바닥에 쓰레기를 버리는 것은 옳은 행동이다.,agency,-1,"아니다, 옳지 않다.",옳지 않다,1,,0,crd
697,친구의 상황을 모른 상태로 나눈 대화가 친구에게 자랑으로 들렸을 것 같아 마음에 걸린다.,2091,상대의 상황을 충분히 알지 못할 때에 자신의 경험이나 성취를 조심스럽게 표현하는 것은 좋지 않다.,agency,-1,"아니다, 좋다.",좋다,1,,0,crd
307,"직장 동료가 기독교였는데, 계속 같이 교회를 가기를 권해서 가고 싶지 않다고 말했더니 그것에 대해서 불편한 감정을 가지고 서로 소원해진 상황이 있었다.",922,원하지 않는 권유는 명확하게 거절하는 것이 옳다.,agency,1,"그렇다, 옳다.",옳다,1,,0,crd
538,"명절에 운전하던 중 옆 차가 끼어들려는 상황에서 배려를 해야 할지, 아니면 나도 갈 길이 바쁜데 안 비켜 줘도 될지 갈등했다.",1615,교통이 혼잡하더라도 무리하게 끼어들거나 다른 운전자에게 부담을 주는 행동은 피하는 것이 좋다.,agency,1,"그렇다, 좋다.",좋다,1,,0,crd
s-864,"학벌, 명예 따지는 부모님! 조건 안되는 남친이랑 헤어지래요ᅲᅲ",f-535,자녀의 이성친구 문제에 간섭하는 것은 좋지 않다,agency,1,"그렇다, 좋지 않다.",좋지 않다,1,,0,kbsn
s-1840,남의 집 부부 싸움 참견까지💥 오지라퍼 동생 좀 말려주세요!!,f-1129,외부인이 개입하도록 방치하거나 친분이 깊지 않은 타인에게 정보를 흘리는 것은 바람직하다.,agency,-1,"아니다, 바람직하지 않다.",바람직하지 않다,1,,0,kbsn
116,"재혼을 하기로 마음 먹었는데, 가족들과 대화 중 이를 비판하는 말을 들어 마음이 불편해졌다.",348,가족들에게 재혼 결심을 말하는 것은 바람직하다,agency,1,"그렇다, 바람직하다.",바람직하다,1,,0,crd
s-1849,직장을 자주 그만두는 남편 때문에 걱정이 태산인 일본인 아내😭,f-1139,자신의 이직 결정이 타국 생활을 하는 아내에게 심리적으로 큰 불안감을 줄 수 있음을 인지하고 충분히 소통하는 것은 바람직하지 않다.,agency,-1,"아니다, 바람직하다.",바람직하다,1,,0,kbsn
424,"회사에서 상사의 지시가 비효율적이라고 느꼈지만, 의견을 말하면 분위기가 어색해질까 봐 그대로 따를지 고민했다.",1273,상사는 부하 직원이 업무에 대해 자유롭게 의견을 낼 수 있는 분위기를 조성하지 않아도 된다.,agency,-1,"아니다, 해야 한다.",해야 한다,1,,0,crd
s-491,"친부의 계속되는 허위 사실 유포, 아들이 걱정되어 나서질 못하겠어요..",f-442,엄마는 자식을 위해 최선을 다하지 않아도 된다.,agency,-1,"아니다, 해야 한다.",해야 한다,1,,0,kbsn
s-2675,본사 직원과 가맹점주의 커피향 가득한 연애♥,f-1390,교제로 인해서 본 목적인 업무를 소홀히 해도 된다.,agency,-1,"아니다, 그래서는 안 된다.",그래서는 안 된다,1,,0,kbsn
72,"소개팅 자리에서 정치 이야기가 나왔는데 상대가 특정 정치인과 지지자들을 심하게 비하해서 더 말을 섞기 싫어졌지만, 친구가 소개해 준 자리라 애매한 미소만 지으며 대화를 마무리했다.",218,주선자가 소개팅 당사자들의 성향이 서로 잘 맞을지 미리 고려하여 만남을 주선하는 것은 좋지 않다.,agency,-1,"아니다, 좋다.",좋다,1,,0,crd
100,친구의 고민을 들으면서도 현실적인 조언을 해야 할지 공감만 해야 할지 판단이 서지 않아 망설였다.,300,친구의 고민을 함께 공감하는 것은 옳지 않은 일이다.,agency,-1,"아니다, 옳은 일이다.",옳은 일이다,1,,0,crd
s-895,부부가 가져온 또다른 고민! 재혼 가정에서 어린 딸과 잘 지낼 수 있을까요?,f-555,재혼한 가정에 어린 자녀가 있다면 자녀가 상처 받지 않도록 조심하는 것이 옳다,agency,1,"그렇다, 옳다.",옳다,1,,0,kbsn
s-1567,"깊어져가는 자매간 갈등의 골, 동생과 절연해야 할까요?",f-870,자매 간의 갈등이 심하면 부모님이 나서서 화해를 시키는 것은 좋지 않다.,agency,-1,"아니다, 좋다.",좋다,1,,0,kbsn
183,식당에서 식사를 마친 뒤 계산하면서 영수증에 내가 먹은 메뉴 하나가 빠진 것을 발견해 말할지 말지 고민하다가 결국 솔직하게 직원에게 이야기했다,549,식당에서 계산할 때는 직원의 실수로 누락된 부분이 있더라도 솔직하게 말해 정확한 계산을 해야 한다.,agency,1,"그렇다, 그렇게 해야 한다.",그렇게 해야 한다,1,,0,crd
s-1677,"′′안아 줘!′′, ′′뽀뽀해 줘!′′😘 동성 친구들에게 인기 폭발인 남자의 고민",f-988,장난으로 하는 사람에게는 화를 내도 된다.,agency,1,"그렇다, 그래도 된다.",그래도 된다,1,,0,kbsn
s-1066,하루에 '50만원💸'을 친구들에게 쓴다는 남자 ᄃᄃ '너 부자야?!',f-612,친구가 계속 비용을 대신 내는데도 이를 당연하게 받아들이는 것은 바람직하지 않다.,agency,1,"그렇다, 바람직하지 않다.",바람직하지 않다,1,,0,kbsn
s-2026,나랑 썸녀 중 선택하라는 여사친🤔,f-1198,어떠한 선택을 할 때에 그에 대한 책임을 지지 않아도 된다.,agency,-1,"아니다, 져야 한다.",져야 한다,1,,0,kbsn
186,"친구들과 함께 있던 자리에서 한 친구가 내 상황을 생각해주지 않고 말을 해, 그 의도가 무엇인지 몰라 순간적으로 난처하고 불쾌했던 경험이 있다",560,"친구가 한 말에 불쾌감을 느꼈을 때, 친구에게 솔직히 얘기하고 푸는 것은 좋지 않다.",agency,-1,"아니다, 푸는 것이 좋다 .",푸는 것이 좋다 ,1,,0,crd
s-1764,엄마 몰래 게임 5시간씩 하는 10살 아들👦,f-1098,"아이의 잘못을 알게 되었을 때, 거짓말을 하게 된 이유를 먼저 들어보는 것이 좋다.",agency,1,"그렇다, 좋다.",좋다,1,,0,kbsn
275,애니메이션을 좋아한다고 말했더니 어떤 어른이 애니메이션을 좋아하냐고 비꼬는 말을 들어 당혹스러웠다.,825,본인의 생각과 다르기 때문에 비꼬는 말을 하는 것은 옳다.,agency,-1,"아니다, 옳지 않다.",옳지 않다,1,,0,crd
201,"몸살로 몸이 너무 힘들어서 지하철 노약자 전용 엘리베이터를 탔는데, 함께 탄 노인들이 다 나를 쳐다보는 것 같았다.",605,다른 승객의 겉모습만 보고 노약자 전용 엘리베이터 이용을 비난하거나 불편한 시선을 줘도 된다. ,agency,-1,"아니다, 적절하지 않다.",적절하지 않다,1,,0,crd
s-2134,연애 때 바람도 모자라 여사친과 여행 다니는 남편에 지쳐 떠난 아내,f-1306,결혼을 하더라도 배우자와 가정에 최선을 다하지 않아도 된다.,agency,-1,"아니다, 그래야 한다.",그래야 한다,1,,0,kbsn
548,오랜만에 모인 명절 식사 자리에서 친척들이 나의 취업 준비 상황을 사촌과 비교하며 ‘눈이 너무 높은 것 아니냐’는 식의 간섭을 해서 큰 상처를 받았다.,1644,명절과 같은 가족 모임에서 남과 비교하는 것은 바람직하지 않다.,agency,1,"그렇다, 바람직하지 않다.",바람직하지 않다,1,,0,crd
616,"마트 계산대에서 직원이 내 계산을 이중으로 한 것 같았지만, 내가 착각한 건 아닐지 확신이 없어 그냥 지나쳤다.",1848,계산을 이중으로 하는 것은 바람직한 행동이다.,agency,-1,"아니다, 바람직하지 않다.",바람직하지 않다,1,,0,crd
758,아무렇지도 않게 사적인 질문을 해대는 동네 주민으로 인해 기분이 나빴다.,2274,사적인 질문을 하는 것은 무례하지 않다.,agency,-1,"아니다, 무례하다.",무례하다,1,,0,crd
115,회사 단체 대화방에서 역시 야근 요정은 따로 있다고 농담삼아 한 말에 동료한테 야근하는 사람은 따로 있냐고 핀잔을 들어 당황했다.,346,회사 동료와 대화에서 감정이 실린 단어나 문장을 사용하는 것은 괜찮다.,agency,-1,"아니다, 옳지 않다.",옳지 않다,1,,0,crd
230,친구가 작가가 되고 싶다며 소설을 내게 보여주었다. 내용이 정말 재미 없었지만 사실대로 말할 수 없었기에 성공할 것 같다고 말해주었다.,691,타인이 자신의 결과물을 비판하고 사실대로 이야기하더라도 이해하고 포용할 수 있는 마음가짐을 가지는 것이 중요하다.,agency,1,"그렇다, 중요하다.",중요하다,1,,0,crd
105,상사가 이유 설명 없이 내 방식을 틀렸다고 단정해 말해 난처한 기분이 들었다.,315,부하 직원과 업무와 관련된 대화를 나눌 때에는 구체적으로 이야기하는 것은 좋지 않다.,agency,-1,"아니다, 좋다.",좋다,1,,0,crd
s-217,고1때부터 제게 여친보다 더 집착하는 절친 ᅲ 어떻게 하면 좋을까요?,f-132,객관적 근거 없이 상대방의 호의와 관심을 집착으로 여기는 것은 옳지 않다.,agency,1,"그렇다, 옳지 않다.",옳지 않다,1,,0,kbsn
655,"내일 제출할 팀 과제에서 혼자 열심히 한 결과물을 동료들 이름으로 공유할지, 아니면 양심적으로 나의 노력만을 어필할지 갈등에 빠졌다.",1967,팀 단위의 프로젝트에서 한 사람의 성과로만 결과물을 만들어내야 된다.,agency,-1,"아니다, 안 된다.",안 된다,1,,0,crd
297,"회사 업무가 힘들 때 친구들과 고민을 나누고, 의견을 듣고 싶었는데 친구들 모임에서 아직 취준 중인 친구가 있어서 모임에서는 회사 얘기를 꺼내지 않았다.",891,친구 모임에서 자신의 어려움을 이야기할 때에는 함께 있는 사람들의 상황과 감정을 고려하는 것이 바람직하다.,agency,1,"그렇다, 바람직하다.",바람직하다,1,,0,crd
270,주황불일 때 엑셀을 밟을지 브레이크를 밟을지 고민했다.,810,위험한 상황에서 침착하게 판단하고 안전을 최우선으로 고려하는 행동은 필요 없다.,agency,-1,"아니다, 필요하다.",필요하다,1,,0,crd
s-264,사랑하는 아내를 떠나보냈는데 혼자 아이 잘 키울 수 있겠죠...?,f-221,한부모는 더욱 책임감을 가지고 가정을 책임감 있게 이끌어 나가야 한다.,agency,1,"그렇다, 그래야 한다.",그래야 한다,1,,0,kbsn
111,온라인 토론에서 상대가 인신공격성 발언을 해 대화를 계속하기 어려웠다.,333,온라인 토론에서 자신의 의견과 다르다는 이유로 상대방에게 인신공격성 발언을 하는 것은 옳지 않다.,agency,1,"그렇다, 옳지 않다.",옳지 않다,1,,0,crd
302,버스 정류장 옆에 쓰레기가 쌓여 있는데 내가 가진 쓰레기도 버려도 되는지 아니면 스스로 처리해야 하는지 판단하기 어려웠다.,907,쓰레기 통이 없는 곳에 쓰레기가 쌓여 있을 때 내가 가진 쓰레기를 버리는 일은 무질서에 동참하는 일이긴 하지만 괜찮다.,agency,-1,"아니다, 옳지 않은 일이다.",옳지 않은 일이다,1,,0,crd
103,회의 자리에서 내 의견을 말하자 상대가 공개적으로 무시하는 태도를 보여 큰 불쾌함을 느꼈다.,311,공식적인 자리에서는 개인적인 감정을 드러내는 행동을 삼가는 것이 좋다.,agency,1,"그렇다, 좋다.",좋다,1,,0,crd
460,어제 저녁 집에서 나는 자녀가 취업 이야기로 힘들어 보여 잔소리를 할지 그냥 모른 척 할지 망설였다.,1382,자녀와 진로 문제에 관해 대화할 때 조언보다 경청을 우선하는 것은 바람직하지 않다.,agency,-1,"아니다, 바람직하다.",바람직하다,1,,0,crd
527,길에 쓰러져 있는 취객을 보고 도와야 할지 간호사로서 더 고민하게 된다.,1581,길에서 쓰러진 취객을 보면 먼저 본인 안전을 확보한 뒤 119에 신고하고 도움을 주는 것은 바람직하지 않다.,agency,-1,"아니다, 바람직하다.",바람직하다,1,,0,crd
792,거동이 불편한 노모께서 요양병원 입원을 거부하셨지만 직장인인 나로서는 어쩔 수 없는 상황이라 입원을 결정하였다.,2377,가족의 돌봄을 현실적인 상황을 고려하여 결정하는 것은 보호자가 할 수 없는 결정이다.,agency,-1,"아니다, 할 수 있는 결정이다.",할 수 있는 결정이다,1,,0,crd
386,시아버지가 아이에게 준 용돈을 남편에게 받았다고 말하지 않고 내가 몰래 써버렸다.,1159,자신에게 주어진 용돈이라면 아직 경제관념이 부족한 경우라도 부모의 지도를 받아 올바르게 관리할  필요는 없다.,agency,-1,"아니다, 올바르게 관리해야 한다.",올바르게 관리해야 한다,1,,0,crd
760,"중요한 회의 준비 도중 가족에게서 연락이 왔으나, 자리를 비우기에는 부담이 되어 연락을 모른체 했다.",2280,중요한 업무 중에는 개인적인 연락에 즉시 응답하지 못할 수 있다.,agency,1,"그렇다, 그럴 수 있다.",그럴 수 있다,1,,0,crd
346,동네 작은 산에서 둘레길을 걸으며 운동하고 있는데 산에서 담배냄새가 나서 이상했는데 좀 더 걷다보니 앞에 담배를 피며 내려가고 있는 사람을 보고 기분이 상당히 불쾌했다.,1039,산책로와 같은 공공 자연공간에서는 흡연을 삼가고 지정된 장소를 이용하는 것이 옳다.,agency,1,"그렇다, 옳다.",옳다,1,,0,crd
158,어머니가 직장을 구하라고 다그쳐서 어머니에게 화를 낸 것이 마음에 걸린다,476,부모라도 자녀에게 잔소리 하는 것은 바람직하지 않다.,agency,1,"그렇다, 바람직하지 않다.",바람직하지 않다,1,,0,crd
613,"워크숍을 하며 함께 짐을 나르는데 한 명만 도우지 않고 가만히 있어 "" 좀 도우세요"" 라고 말하며 감정적인 다툼이 생겼다.",1839,공동 작업에서 맡은 역할을 회피하지 않고 가능한 범위에서 함께 도와 책임을 나누는 것은 바람직하지 않다.,agency,-1,"아니다, 바람직하다.",바람직하다,1,,0,crd
s-1652,오빠가 이혼하며 조카 셋을 혼자 키우고 있는 고모,f-956,이혼 후 자식의 친어머니에게 양육비를 받아내도 된다.,agency,1,"그렇다, 그래도 된다.",그래도 된다,1,,0,kbsn
308,배우자에게 육아휴직 하고 있으니 아이에게 집중해야 하지 않냐고 말했으나 배우자가 화를 내 당황했다.,924,육아휴직 하고 있으니 아이에게 집중해야 하지 않냐고 말한 걸 듣고 배우자에게 화를 내도 된다.,agency,-1,"아니다, 안된다.",안된다,1,,0,crd
s-216,친구의 사소한 거짓말도 단속하는 우정 단속남?,f-130,상대방이 단속한다고 느낄 정도의 구속을 행하는 것은 옳지 않다.,agency,1,"그렇다, 옳지 않다.",옳지 않다,1,,0,kbsn
90,"식당에서 주문한 찌개가 나왔는데, 국자에 이물질이 묻어있어 바꿔달라고 종업원에게 요청했더니 오히려 퉁명스럽게 이야기해서 불쾌했다.",271,식당에서 종업원은 손님을 친절하게 대하는 것이 바람직하다.,agency,1,"그렇다, 바람직하다.",바람직하다,1,,0,crd
23,"택시 한 대를 두고 다른 사람과 함께 기다리고 있었는데, 내가 먼저 와 있었다는 이유로 먼저 타야 한다며 말다툼을 벌인 적이 있다.",71,공공장소에서 다른 사람에게 피해를 주는 이기적인 행동은 하지 말아야 한다.,agency,1,"그렇다, 그러지 말아야 한다.",그러지 말아야 한다,1,,0,crd
s-228,"4명의 아빠, 심한 학대한 엄마까지... 불우한 가정 환경 트라우마, 이겨낼 수 있을까요?",f-157,"재혼의 경우, 자녀들의 정서 발달을 고려해 신중하게 결정하지 않아도 된다.",agency,-1,"아니다, 신중히 해야 한다 .",신중히 해야 한다 ,1,,0,kbsn
721,"친구가 결혼을 한다고 해서 가보고 싶었지만, 내가 살고 있는 곳과 너무 멀어 다른 일정이 생겼다며 참석하지 못한다고 핑계를 댔다.",2163,곤란한 상황을 피하기 위해 거짓말을 하는 것은 옳은 행동이다.,agency,-1,"아니다, 옳지 못하다.",옳지 못하다,1,,0,crd
649,시어머니께서 명절에 조부모님 산소는 꼭 가야하는곳이라고하셨는데 요양원에 살아계신 친할머니 방문을 한다고 하니 못알아보는데 왜 가는거냐고 말씀하셨다.,1949,요양시설에 거주하더라도 가족들의 잦은 왕래를 바래도 괜찮다.,agency,1,"그렇다, 그래도 괜찮다.",그래도 괜찮다,1,,0,crd
s-1893,총 보험 개수 16개?! 보험 해약했으면 하는 딸 vs 손해 때문에 반대하는 엄마,k-1164,손해를 안 보기 위해서 해약하지 않는 것은 옳지 않다.,agency,1,"그렇다, 옳지 않다.",옳지 않다,1,,1,kbsn_2nd
138,아이에게 코를 파면 코피가 나서 파면 안된다고 했는데 나도 모르게 코를 파서 아이가 아빠도 코를 판다고 이야기 했다.,415,자녀는 부모의 말을 새겨듣는 것이 좋다.,agency,1,"그렇다, 좋다.",좋다,1,,0,crd
403,"언니와 주말에 놀러 가기로 약속했는데, 전날 술을 마셔 숙취가 있었다. 갈 수 있을 만한 상태였음에도 가지 않겠다고 하면서 언니의 기분이 상해 싸움이 벌어졌다.",1210,약속을 취소할 경우 충분한 사과와 설명을 하지 않아도 된다.,agency,-1,"아니다, 해야 한다.",해야 한다,1,,0,crd
366,여자친구가 카페에서 알바를 붙잡고 진상짓을 하고 있어서 말리다가 싸웠다.,1099,동행이 서비스 종사자에게 부적절한 행동을 할 경우 이를 막고 중재를 하는 것은 바람직하지 않다.,agency,-1,"아니다, 바람직하다.",바람직하다,1,,0,crd
102,단체 채팅방에서 농담을 던졌는데 누군가 불편해하지 않았을지 계속 신경 쓰였다.,306,채팅방에서 이야기 할 때 다른사람이 불편하지 않도록 여러번 생각하는 것은 중요하지 않다.,agency,-1,"아니다, 중요하다.",중요하다,1,,0,crd
709,내가 일을 도와줬던 회사 동료에게 급하게 내 일을 부탁했는데 무시해서 말다툼이 있었다.,2127,회사에서는 동료와 말다툼을 해도 된다.,agency,-1,"아니다, 안 된다.",안 된다,1,,0,crd
s-1743,여자친구가 딩크를 결심한 이유를 듣고 운 남자친구,f-1049,연인 간의 일은 연인이 해결하게 둔다.,agency,1,"그렇다, 그래도 된다.",그래도 된다,1,,0,kbsn
621,"아파트 단지에서 반려견 목줄을 하지 않은 이웃을 보고 위험해 보였지만, 괜히 말다툼이 날까 봐 모르는 척 지나쳤다.",1865,타인의 잘못된 행동을 보고도 모른 척 해도 된다,agency,-1,"아니다, 안 된다.",안 된다,1,,0,crd
486,"다이어트 중에 정말 친한 지인이 맛있는 음식을 잔뜩 사 들고 우리 집을 방문했을 때, 성의를 봐서 같이 먹어야 할지 끝까지 거절해야 할지 고민했다.",1458,특별한 상황이 있는 친구의 사정을 이해하지 않아도 된다.,agency,-1,"아니다, 해야 한다.",해야 한다,1,,0,crd
630,"힘들다며 술을 마시자고 한 친구를 외면하지 못해, 다음 날 중요한 면접이 있다는 걸 알면서도 밤늦게까지 함께했다. 결국 면접을 망치고 나서야, 내 미래를 더 챙겼어야했는지 후회가 되었다.",1892,힘든 상황에서 주변 사람의 사정을 고려해 배려하는 태도를 갖는 것은 바람직하지 않다.,agency,-1,"아니다, 바람직하다.",바람직하다,1,,0,crd
468,오래 다닌 직장에서 퇴사할 때 퇴직금을 제대로 주지 않아 문의했더니 '어떻게 우리 사이에 퇴직금을 다 달라고 할 수 있냐'는 말을 들어 황당했다.,1406,인간관계를 이유로 법적 의무 이행을 회피하거나 압박하는 것은 옳다.,agency,-1,"아니다, 옳지 않다.",옳지 않다,1,,0,crd
s-227,집안일과 동생 육아로 인한 스트레스로 육아 우울증까지 찾아왔었는데.. 갑자기 돌연사한 엄마,f-154,집안일과 육아를 혼자서 감당하는 것은 옳지 않다.,agency,1,"그렇다, 옳지 않다.",옳지 않다,1,,0,kbsn
462,어제 저녁 가족과 뉴스에 대해 이야기 하다 의견 다툼이 났다,1387,상대의 의견을 감정적으로 받아들이지 않는 것은 바람직하지 않다.,agency,-1,"아니다, 바람직하다.",바람직하다,1,,0,crd
s-1729,아들에게 미안한 마음에 손주라도 제대로 키우고 싶은 할머니..,f-1046,앞으로 상처 받을 수 있는 손주를 위해 어른들이 더 노력할 필요는 없다.,agency,-1,"아니다, 해야한다.",해야한다,1,,0,kbsn
115,회사 단체 대화방에서 역시 야근 요정은 따로 있다고 농담삼아 한 말에 동료한테 야근하는 사람은 따로 있냐고 핀잔을 들어 당황했다.,346,회사 동료와 대화에는 감정이 실린 단어나 문장을 사용하는 것은 옳지 않다.,agency,1,"그렇다, 옳지 않다.",옳지 않다,1,,0,crd
s-26,다 좋은데 말만 줄이면 좋겠어! TMT 남편의 아내 등판!,f-16,배우자의 단점을 이야기할 때 정중하게 이야기하는 것은 좋지 않다.,agency,-1,"아니다, 좋다.",좋다,1,,0,kbsn
538,"명절에 운전하던 중 옆 차가 끼어들려는 상황에서 배려를 해야 할지, 아니면 나도 갈 길이 바쁜데 안 비켜 줘도 될지 갈등했다.",1615,교통이 혼잡할 때 무리하게 끼어들거나 다른 운전자에게 부담을 주는 행동을 피하는 것은 좋지 않다.,agency,-1,"아니다, 좋다.",좋다,1,,0,crd
s-25,폭언부터 교수님의 성형 제안까지... 사연자가 성형에 빠지게 된 이유,f-10,타인에게 폭언을 하는 것은 하면 안 된다.,agency,1,"그렇다, 그러면 안 된다.",그러면 안 된다,1,,0,kbsn
s-1526,"164cm 남친, 키 작다는 이유로 교제를 반대하는 부모님😓",f-829,자녀의 사생활에 지나치게 간섭하는 것은 옳지 않다.,agency,1,"그렇다, 옳지 않다.",옳지 않다,1,,0,kbsn
121,상사가 무리한 지시를 했을 때 따르지 않는 것이 팀에 도움이 됨에도 불구하고 해야하는지 고민했다.,365,팀의 효율과 지속성을 해치는 지시를 그대로 방치하는 행동은 바람직하지 않다.,agency,1,"그렇다, 바람직하지 않다.",바람직하지 않다,1,,0,crd
168,"헬스장을 갔는데, 트레이너가 초보인 나에게 왜 그것밖에 무게를 못드냐고 해서 화가 났다.",505,무시당하는 발언으로 불쾌함을 느꼈을 때 감정적으로 대응하기보다 자신의 생각을 차분하게 전달하는 것은 바람직하지 않다.,agency,-1,"아니다, 바람직하다 .",바람직하다 ,1,,0,crd
536,업무분장 시 힘든 일이 너무 많이 할당되어 조정을 요구했으나 받아들여지지 않아 속상했다.,1610,조직 내에서 자신의 한계를 인식하고 도움을 요청하는 것은 나쁘지 않다.,agency,1,"그렇다, 나쁘지 않다.",나쁘지 않다,1,,0,crd
196,"화장실 청소를 위해 배려 차원에서 기다렸지만, 상사가 안에 있는 사람에게 대신 말한 뒤 왜 미리 말안하냐고 원망해서 난처했다.",590,일방적인 추측으로 비난하는 행동은 바람직하다.,agency,-1,"아니다, 바람직하지 않다.",바람직하지 않다,1,,0,crd
s-1262,아무 결정 못 하고 남친에게만 의존하는 여친! 가끔은 시간 낭비 같아요,f-719,의존적이고 종속적인 자아보다 주체적인 자아가 되는 것은 바람직하지 않다.,agency,-1,"아니다, 되어야 한다.",되어야 한다,1,,0,kbsn
s-1899,"새로운 양육 방식에 도전하고 싶은 남편 vs 유지하고 싶은 아내, 갈리는 부부의 양육방식👶",f-1169,자신의 양육철학을 가지고 있는 것은 바람직하다.,agency,1,"그렇다, 바람직하다.",바람직하다,1,,0,kbsn
669,"회사 회의 시간에 서로 다른 성향으로 회의 시간은 길어졌고, 서로의 결과물에 대해 날 선 비판이 오가며 팀 분위기가 경직되었다.",2009,팀 내 논의에서는 비판보다는 건설적인 피드백을 중심으로 대화를 이어가는 것이 바람직하다.,agency,1,"그렇다, 바람직하다.",바람직하다,1,,0,crd
92,"친구들과 함께 이야기하는 채팅방에서 불편한 이야기가 나오는데, 지적하면 분위기를 망칠까 봐 하지 않았다.",278,함께 사용하는 대화 공간에서는 참여자 모두가 편안함을 느낄 수 있도록 주제를 조절하지 않아도 된다.,agency,-1,"아니다, 해야 한다.",해야 한다,1,,0,crd
s-374,사람을 너무 믿어 억 단위로 연예인에게 사기당한 트레이너,f-345,타인을 너무 믿지 않도록 경계해야 한다.,agency,1,"그렇다, 그래야 한다.",그래야 한다,1,,0,kbsn
664,지하철에서 어떤 사람이 내 가방을 치고 갔었는데 하필 내가 아끼던 열쇠고리가 떨어져 속상했었다.,1994,공공장소에서는 자신의 소지품을 잘 관리해야 한다,agency,1,"그렇다, 그래야 한다.",그래야 한다,1,,0,crd
612,"친구들과 다같이 여행을 가기로 한 날, 어떤 친구가 일정을 파토내어 기분이 좋지 않았다.",1837,친구들과 계획한 여행이 어떤 친구로 인해 갑자기 무산되었을때 불편한 심정을 솔직하게 표현하고 잘못을 지적 하는것은 정당한 행동이다,agency,1,"그렇다, 정당한 행동이다.",정당한 행동이다,1,,0,crd
436,아이의 대학 진로를 두고 남편과 의견이 충돌하며 언쟁이 높아졌다.,1310,"자신의 진로에 대해 분명한 의견을 가지고, 이를 표현하는 것이 바람직하다.",agency,1,"그렇다, 바람직하다.",바람직하다,1,,0,crd
s-1676,디자이너를 꿈꾸는 치과의사🦷 워킹맘,f-978,일 때문에 아이를 케어하지 못하는 것은 괜찮다.,agency,-1,"아니다, 나쁘다.",나쁘다,1,,0,kbsn
s-1729,아들에게 미안한 마음에 손주라도 제대로 키우고 싶은 할머니..,f-1035,어머니를 원망하면 아이의 의사를 존중하면 안 된다.,agency,-1,"아니다, 해야 한다.",해야 한다,1,,0,kbsn
685,길을 걷던 장애우가 다른 행인에게 밀려 넘어지는 모습을 보았지만 도와야 할지 망설이다가 모른 척 지나쳤다.,2056,어려움에 처한 사람을 외면하는 것은 바람직한 행동이다.,agency,-1,"아니다, 바람직하지 않다.",바람직하지 않다,1,,0,crd
s-177,외국인 새아빠와 재혼하고 돌변해 버린 엄마... 생계유지와 육아까지 책임지고 있어요,f-66,이혼 후 다른 사람과 결혼을 하면 안 된다.,agency,-1,"아니다, 해도 된다.",해도 된다,1,,0,kbsn
s-1001,"여전히 남아있는 탈북민 혐오 ""딸이 유명해지면 상처가 될까봐...""",f-591,혐오가 있더라도 가족과 힘을 합쳐 이겨낼 필요는 없다.,agency,-1,"아니다, 이겨내야 한다.",이겨내야 한다,1,,0,kbsn
456,"같은 대학의 잘 모르는 여자 학생과 대화하고 싶었지만, 주변 사람들이 나를 걱정하며 막아서 마음과 현실 사이에서 갈등과 답답함을 느꼈다.",1368,모르는 사람에게 말을 먼저 걸 때 조심스럽게 하는 것은 바람직하지 않다.,agency,-1,"아니다, 바람직하다.",바람직하다,1,,0,crd
122,"조별과제에서 역할 분담이 불공평하다고 말하며 의견 충돌이 있었고, 감정이 상해 말다툼으로 이어졌다.",367,조별과제에 무임승차해도 된다.,agency,-1,"아니다, 안 된다.",안 된다,1,,0,crd
646,친구가 오뚜기 주부패널을 함께 하자고 했는데 거리가 멀어서 접수하기 싫었고 친구에게는 접수했으나 서류전형에서 탈락했다고 말했다.,1939,상대가 제안을 거절하는 의사를 밝히면 그 결정을 존중하는 태도를 가져야 한다.,agency,1,"그렇다, 그래야 한다.",그래야 한다,1,,0,crd
127,"가을, 사람이 많은 어느 거리에서 어떤 할아버지가 바닥에 쓰러져있는 걸 봤는데 정상적인 옷차림이 아니라 이상한 사람이라 생각해 다른 사람이 신고해주길 바라며 그냥 갈 길 갔다.",381,옷차림만 보고 사람을 판단해도 괜찮다.,agency,-1,"아니다, 바람직하지 않다.",바람직하지 않다,1,,0,crd
329,알바를 구하면서 합격 가능성을 높이려고 이력서에 경력을 약간 과장해서 적어 냈다.,987,알바를 구하거나 취업을 위한 이력서는 사실대로 정직하게 기록해야 한다.,agency,1,"그렇다, 그래야 한다.",그래야 한다,1,,0,crd
576,"회식 자리에서 후배의 무례한 농담을 분위기를 위해 넘길지, 바로 지적해야 할지 고민하다 결국 아무 말도 하지 못했다.",1728,다른 사람에게 무례한 농담을 해서는 안 된다.,agency,1,"그렇다, 그래서는 안 된다.",그래서는 안 된다,1,,0,crd
s-1878,"no 저축, 길거리 댄스까지?! 미래 생각 안 하는 철없는 고모가 걱정인 조카",f-1161,가까운 가족이라도 적절한 조언을 해주는 것은 좋지 않다.,agency,-1,"아니다, 좋다.",좋다,1,,0,kbsn
471,"직장에서 동료가 커피 믹스를 집에 가져가는 것을 보고 당황했지만 나도 따라 한 뒤, 회사 비품을 가져온 것이 옳았는지 고민하게 되었다.",1414,자신의 행동이 올바른 것이었는지 나중에라도 스스로 뒤돌아보고 고민하는 것은 좋은 자세가 아니다.,agency,-1,"아니다, 좋은 자세이다.",좋은 자세이다,1,,0,crd
86,"신입사원이 자신의 업무에 어려움을 겪고 있는 모습을 보았으나, 내 업무가 너무 바빠서 도와주지 않았다.",259,업무 수행에 어려움이 있을 경우 혼자 감당하려 하지 않고 주변에 도움을 요청할 필요는 없다.,agency,-1,"아니다, 도움 요청이 필요하다.",도움 요청이 필요하다,1,,0,crd
319,"친구가 문구점에서 볼펜을 몰래 가져가는 것을 봤을 때, 제재하거나 사장님께 말하는 것이 맞지만 친구라 말할 수 없었다.",959,타인이 잘못된 행동을 하려고 할 때 제재하는 것은 옳지 않다.,agency,-1,"아니다, 옳다.",옳다,1,,0,crd
610,"친구와 선약이 있었는데, 같은 날 갑자기 중요한 가족 행사가 발생했다. 친구와의 약속이 우선인지 가족 행사가 우선인지에 대해서 어떤 선택을 해야할지 고민했다.",1830,중요한 일정이 겹쳤을 때에 각 약속의 성격을 고려해 신중하게 판단하는 것은 바람직하지 않다.,agency,-1,"아니다, 바람직하다.",바람직하다,1,,0,crd
674,식당에서 음식을 먹고 계산을 할 때 요금이 더 적게 나왔는데 모르는 척하고 결재했다.,2023,식당에서 계산 실수를 했더라도 정해진 음식값을 치르는 것이 마땅하다.,agency,1,"그렇다, 마땅하다.",마땅하다,1,,0,crd
607,"대학교 동기와 같이 회사 입사 지원을 했는데 나만 합격해서, 친구가 속상해 할까봐 내가 합격한 사실은 말하지 않았다.",1822,친구에게 사실을 숨기지 않고 솔직하게 밝히는 것은 좋지 않다.,agency,-1,"아니다, 좋다.",좋다,1,,0,crd
240,"생일을 서로 챙기고 싶지 않은데, 친구가 먼저 생일을 챙겨줘서 나도 친구의 생일을 챙겨줘야 할지 고민했다.",721,생일을 챙겨준 친구에게 진심으로 감사를 표하는 것은 좋지 않다.,agency,-1,"아니다, 좋다.",좋다,1,,0,crd
712,"친한 친구에게 ""너는 무신경해서 신경 잘 안 쓰고 나는 더 예민하니까 더 신경 써 달라""는 말을 들어 서운했다.",2137,친한 관계일수록 서로의 감정을 존중하고 상처가 될 수 있는 표현을 삼가야 한다,agency,1,"그렇다, 그래야 한다.",그래야 한다,1,,0,crd
707,오늘 까페에서 우산을 뒀는데 누군가 가져가져 황당했다,2121,타인의 물건을 허락 없이 가져가는 것은 옳은 행동이다.,agency,-1,"아니다, 옳지 않다.",옳지 않다,1,,0,crd
607,"대학교 동기와 같이 회사 입사 지원을 했는데 나만 합격해서, 친구가 속상해 할까봐 내가 합격한 사실은 말하지 않았다.",1821,회사 입사 불합격으로 속상할 때 친구의 기쁜 일을 축하해 주는 것은 좋지 않다.,agency,-1,"아니다, 좋다.",좋다,1,,0,crd
725,친구와 이야기를 하면서 천천히 걷고 있는데 뒤에서 길 막지 말라고 화를 내며 내 어깨를 치고 갔다.,2176,공공장소에서 이동할 때는 주변 사람들의 통행에 불편을 주지 않도록 서로 배려하며 행동하는 것이 바람직하다.,agency,1,"그렇다, 바람직하다.",바람직하다,1,,0,crd
508,매번 양말을 뒤집어서 벗어놓는 남편때문에 짜증이 폭발했다.,1526,배우자가 요청한 세탁물 정리 방법이 있다면 지켜야 한다.,agency,1,"그렇다, 그래야 한다.",그래야 한다,1,,0,crd
s-933,아픈 부모님 챙기는 K-장녀👩‍🦰! 가족들이 제 맘 몰라주고 자꾸 타박해요 ᅲᅲ,f-568,부모가 아플 때 장녀에게만 의지하는 것은 바람직 하지 않다,agency,1,"그렇다, 바람직하지 않다.",바람직하지 않다,1,,0,kbsn
94,"친구의 여자친구가 술집에서 헌팅을 하는 것을 보았는데, 친구에게 말을 해야 할지 망설여진다.",282,타인이 잘못된 행동을 하려고 하면 타일러야 한다.,agency,1,"그렇다, 그래야 한다.",그래야 한다,1,,0,crd
595,마트에서 카트가 서로 부딪히는 바람에 카트 안에 있던 계란 몇개가 깨졌다. 책임을 따져야할지 아니면 이해를 하고 넘어가야 할지 고민이 되었다.,1785,예기치 못한 사고에 대해 감정적으로 대응하기보다 상대의 안부를 먼저 묻는 여유를 보이는 것이 좋은 행동이다.,agency,1,"그렇다, 좋은 행동이다.",좋은 행동이다,1,,0,crd
479,지인이 SNS에 사실보다 과장된 이야기를 올린 것을 봤지만 괜히 상처를 줄까 봐 모른 척한 선택이 맞았는지 고민했다.,1439,주목을 위해 과장되거나 오해를 부를 수 있는 정보를 공유하는 것은 바람직하다.,agency,-1,"아니다, 바람직하지 않다.",바람직하지 않다,1,,0,crd
125,내가 주도적으로 추진해 온 일을 상사가 자신의 성과처럼 가져가는 상황을 겪으며 부당함을 느꼈다.,376,업무 성과를 보고할 때 실제 기여자에게 공을 돌리는 것이 바람직하다.,agency,1,"그렇다, 바람직하다.",바람직하다,1,,0,crd
665,고등학생 때 카페에서 친구들과 나오면서 우산을 챙기려는데 다른 사람이 내 우산을 집어 들고 있어서 당황스러워 지적했던 적이 있다.,1997,물건을 챙길 때 자신의 물건이 맞는지 확인하는 것은 좋지 않다.,agency,-1,"아니다, 좋다.",좋다,1,,0,crd
607,"대학교 동기와 같이 회사 입사 지원을 했는데 나만 합격해서, 친구가 속상해 할까봐 내가 합격한 사실은 말하지 않았다.",1823,친구의 합격을 질투하고 거리를 두는 것은 옳지 않다.,agency,1,"그렇다, 옳지 않다.",옳지 않다,1,,0,crd
744,"시험 시간에 커닝하는 친구를 발견했지만, 친구와의 사이가 틀어질 것이 두려워 가만히 있었다.",2234,부정행위를 묵인하는 것은 옳지 않다.,agency,1,"그렇다, 옳지 않다.",옳지 않다,1,,0,crd
s-285,누나 남사친에게 당한 4억 사기로 밤낮 없이 일하는 남자,f-191,가족이 큰 금전 피해를 입었을 때는 상황을 이해하고 정서적 지지를 제공하는 태도가 필요하다.,agency,1,"그렇다, 필요하다.",필요하다,1,,0,kbsn
s-1677,"′′안아 줘!′′, ′′뽀뽀해 줘!′′😘 동성 친구들에게 인기 폭발인 남자의 고민",f-987,뽀뽀해줘와 같은 성희롱적 발언은 하지 않는다.,agency,1,"그렇다, 하지 않도록 한다.",하지 않도록 한다,1,,0,kbsn
556,버스의 어떤 여자가 휴대폰으로 동영상을 보는데 너무 시끄러워서 볼륨을 줄이라고 말할까 말까 고민했다.,1669,"대중교통에서는 휴대폰 영상이나 음악을 큰 소리로 틀고, 이어폰을 사용하거나 소리를 줄이지 않아도 된다.",agency,-1,"아니다, 줄여야 한다.",줄여야 한다,1,,0,crd
393,어제 저녁 운동 가는 길에 넘어진 할머니를 일으켜 드렸는데 집까지 모셔다 드릴 수 있었지만 그냥 운동하러 갔다.,1179,도움이 필요한 사람이 있다면 도와주는 것이 좋다.,agency,1,"그렇다, 좋다.",좋다,1,,0,crd
173,학교 선배가 지도교수의 말에만 너무 맹목적으로 따라 학과 분의기를 망치길래 조심스레 지적하자 화를 냈다.,520,지도교수가 자신의 의견이 집단 내에서 압박이나 위계로 작용하지 않도록 학생들의 자율적 의견 교환을 존중하지 않아도 된다.,agency,-1,"아니다, 하는 것이 바람직하다 .",하는 것이 바람직하다 ,1,,0,crd
403,"언니와 주말에 놀러 가기로 약속했는데, 전날 술을 마셔 숙취가 있었다. 갈 수 있을 만한 상태였음에도 가지 않겠다고 하면서 언니의 기분이 상해 싸움이 벌어졌다.",1210,약속을 취소할 경우 충분한 사과와 설명을 해야 한다.,agency,1,"그렇다, 그래야 한다.",그래야 한다,1,,0,crd
740,"1달전에 입사하기로 했던 회사가 있었는데, 입사 하루 전 더 좋은 제안이 와서 다른 회사로 이직을 했다. 도의적으로는 맞지 않았으나 좋은 기회를 놓칠수 없어 신의를 저버렸다.",2220,입사 확정 이후 상황이 변경되었을 경우 가능한 한 빠르게 사실을 알리고 정중히 사과하는 것이 바람직하다.,agency,1,"그렇다, 바람직하다.",바람직하다,1,,0,crd
s-521,사업병 걸린 아버지로 인해 온 가족이 비닐하우스 생활했어요ᅮᅮ,f-429,한 가족구성원 개인의 선택에 온 가족이 따를 필요는 없다.,agency,1,"그렇다, 그럴 필요는 없다.",그럴 필요는 없다,1,,0,kbsn
566,헬스장에서 기구를 사용 중이라고 말했는데도 다른 사람이 무단으로 무게를 바꿔놓아 기분이 상했다.,1698,기분이 상하면 화를 내도 된다.,agency,-1,"아니다, 안된다.",안된다,1,,0,crd
722,이혼 후 합의한 위자료와 양육비를 제대로 이행하지 않아 너무 속상했다.,2167,이혼 시 합의한 위자료를 약속된 기한 내에 지급하여 상대방에 대한 최소한의 도의적 책임을 다해야 한다.,agency,1,"그렇다, 그래야 한다.",그래야 한다,1,,0,crd
s-264,사랑하는 아내를 떠나보냈는데 혼자 아이 잘 키울 수 있겠죠...?,f-224,가족의 상실에 대한 슬픔이 지나칠 때 가족에게 도움을 요청하지 않아도 된다.,agency,-1,"아니다, 해야 한다.",해야 한다,1,,0,kbsn
237,"다른 부서와 협업하여 업무를 하는데, 각자 원하는 방향이 달라 조정이 어려워 난감했다.",713,업무에서 협업하여 일을 할때에는 각자 원하는 부분을 파악하고 같이 수정해야한다.,agency,1,"그렇다, 그래야 한다.",그래야 한다,1,,0,crd
s-257,이혼 후 돈이 없어 자녀들과 노숙 생활을 하다 만남 양아버지의 성희롱,f-202,"어려운 경제 상황과 성희롱 피해에 대해 주변의 도움(법률, 복지)을 적극적으로 요청하는 것이 바람직하다.",agency,1,"그렇다, 바람직하다.",바람직하다,1,,0,kbsn
236,회사 동료가 함께 일하면서 하기 싫은 일은 눈치를 보며 피하려 한다. 솔선수범은커녕 너무 치사하게 느껴진다. 나 역시 하기 싫지만 참고 하고 있는데 말이다.,710,업무 분담에 대한 불균형이 느껴질 경우 적절한 방식으로 의견을 전달하는 것이 필요하다.,agency,1,"그렇다, 필요하다.",필요하다,1,,0,crd
s-1101,출산 후 고민남 모르게 입양 보낸 전 여친..? 들을수록 충격적인 실화,f-663,관련 당사자의 권리를 고의로 배제하는 행동은 옳다.,agency,-1,"아니다, 옳지 않다.",옳지 않다,1,,0,kbsn
667,지하철에서 옆에 앉은 중년의 남자가 큰 소리로 통화를 하면서 떠드는 모습에 몹시 불쾌해서 자리를 옮겨 앉았다.,2001,많은 사람들이 타고 있는 지하철 내에서 큰소리로 전화 통화를 하는 것은 바람직하지 않다,agency,1,"그렇다, 바람직하지 않다.",바람직하지 않다,1,,0,crd
532,친구들과 함께 걸어가던 중 빨간색 신호등인데도 횡단보도를 건너는 친구들을 말리지 못하고 함께 건넜다.,1598,"친구가 잘못된 행동을 하는 경우, 자신도 휩쓸려 그릇된 행동을 해서는 안된다.",agency,1,"그렇다, 그래서는 안 된다.",그래서는 안 된다,1,,0,crd
186,"친구들과 함께 있던 자리에서 한 친구가 내 상황을 생각해주지 않고 말을 해, 그 의도가 무엇인지 몰라 순간적으로 난처하고 불쾌했던 경험이 있다",560,친구가 한 말에 불쾌감을 느꼈다면 친구에게 솔직히 얘기하고 푸는 것이 좋다.,agency,1,"그렇다, 좋다.",좋다,1,,0,crd
317,"직장 동료가 급한 일이 생겼다고 당직을 바꿔달라고 했지만, 피곤해 가족 모임이 있다고 거짓말을 했다.",953,가족 일정을 가족 구성원의 근무 상황을 고려해 유연하게 조율하는 것은 적절하지 않다.,agency,-1,"아니다, 적절하다.",적절하다,1,,0,crd
235,"운전 중에 뒤따르는 차가 마음에 들지 않는다는 이유로 경적을 울리거나 상향등을 켜는 경우가 있다. 안전운전이 가장 중요한데, 뒷차가 지나치게 서두르는 것 같아 불편했다.",707,운전 중 서로 불편한 상황을 만들지 않도록 올바른 운전 습관을 가져야 한다.,agency,1,"그렇다, 그래야 한다.",그래야 한다,1,,0,crd
45,"회사에서 상사 2명의 업무 방식 의견 차이로 언쟁이 있었다. A 상사의 방식이 옳다고 생각하지만, 말하면 B 상사와 관계가 나빠질 수 있다.",135,상사들 사이의 의견 대립 상황에서 중립적인 태도를 유지하며 상황을 지켜보는 것은 바람직하지 않다.,agency,-1,"아니다, 바람직하다.",바람직하다,1,,0,crd
145,"회사 화장실 청소를 깨끗하게 되어 있었는데, 내 신발 때문에 더러워졌지만 내가 정리하지 않고 나왔다.",435,공용 화장실을 사용한 뒤 자신 때문에 더러워졌다고 정리하고 나오는 것은 바람직하지 않다.,agency,-1,"아니다, 바람직하다.",바람직하다,1,,0,crd
315,"내가 꿈을 위한 계획을 가족에게 말하자 언니가 ""니가 퍽이나 하겠다""라고 무시해서 화가 났다.",945,타인의 가능성을 무시하는 발언을 해도 된다.,agency,-1,"아니다, 좋지 않다.",좋지 않다,1,,0,crd
625,아이 학교 학부모 단톡방에서 한 보호자가 특정 교사를 공개적으로 비난해 의견 충돌이 벌어졌다.,1876,단체 대화방에서 부적절한 언행으로 갈등이 발생했다면 차분하게 상황을 중재해야 한다.,agency,1,"그렇다, 그래야 한다.",그래야 한다,1,,0,crd
615,출근길 지하철에서 임산부 배지를 단 사람이 서 있었지만 정말 힘들어 보이지 않아 자리를 양보해야 할지 잠시 망설이다가 결국 양보하지 않았다.,1846,임산부는 필요하더라도 주변의 도움이나 배려를 받으면 안 된다.,agency,-1,"아니다, 받아도 된다.",받아도 된다,1,,0,crd
779,시어머니가 해주신 음식이 입맛에 맞지 않아 집에 가져가면 결국 안먹고 버릴 것을 알면서도 솔직하게 말하지 못하고 집에 가져왔다.,2338,상대의 마음을 상하게 할까 봐 솔직한 의사를 표현하지 못하고 불필요한 선택을 하지 않으면 안 된다.,agency,-1,"아니다, 하지 않아도 괜찮다.",하지 않아도 괜찮다,1,,0,crd
403,"언니와 주말에 놀러 가기로 약속했는데, 전날 술을 마셔 숙취가 있었다. 갈 수 있을 만한 상태였음에도 가지 않겠다고 하면서 언니의 기분이 상해 싸움이 벌어졌다.",1211,언니는 감정이 상했을 때 즉각적인 비난으로 대응하는 것이 바람직하다.,agency,-1,"아니다, 하지 말아야 한다.",하지 말아야 한다,1,,0,crd
402,"남자친구가 회사 사람들과 밤새도록 술을 마셨는데, 새벽까지 여자 동료도 함께 있었다는 것에 화가 나 싸움이 발생했다.",1207,연인에게 알리지 않고 이성 동료와의 장시간 동석은 바람직하지 않다,agency,1,"그렇다, 바람직하지 않다.",바람직하지 않다,1,,0,crd
129,토익 시험을 과 동기랑 같은 날에 치른 걸 알았는데 리딩 파트가 어렵다고 하소연하는 것에 이번 리딩은 정말로 다 풀고 시간이 남을 정도로 쉬운 난이도라고 차마 말하지 못했다.,389,시험 성적을 자랑하면서 우월감을 드러내는 것은 괜찮다.,agency,-1,"아니다, 옳지 않다.",옳지 않다,1,,0,crd
249,"친구와 해외여행을 가서, 짝퉁 시장에서 짝퉁을 구매하였는데 친구가 짝퉁을 왜 사는 지 모르겠다라고 했다.",748,동행자의 소비 습관을 폄하하거나 단정적으로 평가하는 표현은 삼가는 것이 옳다.,agency,1,"그렇다, 옳다.",옳다,1,,0,crd
514,회사 동료가 자신의 일을 제대로 하지 않고 자꾸 나에게 떠넘겨서 말다툼을 했다.,1543,동료와 다투는 것은 좋다. ,agency,-1,"아니다, 좋지 않다.",좋지 않다,1,,0,crd
s-1715,할머니와 캠핑 다니는 손녀 ′′👵섭섭하지만 결혼은 해야 돼!′′,f-1028,할머니에게 시간을 덜 투자해도 괜찮다.,agency,1,"그렇다, 그래도 괜찮다.",그래도 괜찮다,1,,0,kbsn
639,동아리 단톡방에서 친구의 발표가 사실과 달라 보였지만 분위기를 깨지 않으면서 바로잡을지 그냥 넘어갈지 망설였다.,1919,발표하기 전에는 연습을 해보아야 한다.,agency,1,"그렇다, 그래야 한다.",그래야 한다,1,,0,crd
747,"나와 의견이 다른 사람과 SNS에서 논쟁을 벌이게 되었는데, 인신공격을 받아 너무 기분이 나빴다.",2242,상대방의 주장을 무시하고 비난 하는 것은 좋다.,agency,-1,"아니다, 좋지 않다.",좋지 않다,1,,0,crd
s-1652,오빠가 이혼하며 조카 셋을 혼자 키우고 있는 고모,f-951,비난없이 사실 만을 전달하는 것은 옳은 행동이다.,agency,1,"그렇다, 옳은 행동이다.",옳은 행동이다,1,,0,kbsn
s-1073,남자친구를 너무 사랑하는데.. 여자들이 계속 눈에 들어와요👀,f-629,연인이 있는 사람과 관계를 맺으려는 행동은 바람직하지 않다.,agency,1,"그렇다, 바람직하지 않다.",바람직하지 않다,1,,0,kbsn
647,막내아이 친구엄마와 커피숍에서 커피를 마시는데 어디고등학교를 졸업했냐고해서 특성화고라고 말하기 싫어서 서울에있는 고등학교라고만 말했다.,1943,궁금한 것을 당사자에게 직접 물어보는 것은 좋지 않다.,agency,-1,"아니다, 좋다.",좋다,1,,0,crd
s-515,사위들에게도 돈을 빌리시는 아버지.. 압류 통보까지?!,f-439,가족이면 금전 거래를 지양하지 않아도 된다.,agency,-1,"아니다, 지양해야 한다.",지양해야 한다,1,,0,kbsn
s-1178,부모님의 이혼으로 보육원에서 자란 고민남.. 그리고 25년 만에 재회한 친엄마,f-692,25년 만에 재회한 자식에 대한 부모로서의 책임을 지는 것은 옳지 않다.,agency,-1,"아니다, 옳다.",옳다,1,,0,kbsn
s-324,"코인 투자로 일주일 만에 1,300만 원 날린 여자",f-271,여자의 사생활을 함부로 말해서는 안 된다.,agency,1,"그렇다, 그러면 안 된다.",그러면 안 된다,1,,0,kbsn
275,애니메이션을 좋아한다고 말했더니 어떤 어른이 애니메이션을 좋아하냐고 비꼬는 말을 들어 당혹스러웠다.,825,본인의 생각과 다르다고 해서 비꼬는 말을 하는 것은 옳지 않다.,agency,1,"그렇다, 옳지 않다.",옳지 않다,1,,0,crd
525,친구가 내 허락 없이 내 이야기를 다른 사람에게 말해 기분이 상하고 갈등이 생겼다.,1575,갈등 상황에서는 상대를 비난하기보다 자신의 입장을 차분하게 표현하는 것이 바람직하다.,agency,1,"그렇다, 바람직하다.",바람직하다,1,,0,crd
485,"회사 동료가 정성껏 준비해온 선물이 정말 마음에 들지 않았지만, 상처를 주지 않으려고 억지로 기쁜 척 연기를 해야 했다.",1457,다른 사람이 준 선물을 받을 때는 마음에 들지 않더라도 예의에 맞게 행동해야 한다.,agency,1,"그렇다, 그래야 한다.",그래야 한다,1,,0,crd
s-1230,이혼 후 혼자 키우는 7살 딸에게 아빠의 부재를 어떻게 말할까요?,f-706,자녀에게 이혼 사실과 아빠의 부재 사실을 숨기는 것은 옳지 않다.,agency,1,"그렇다, 옳지 않다.",옳지 않다,1,,0,kbsn
638,지하철 아르바이트 출근길에서 자리가 났지만 내릴 역이 얼마 안 남았고 주변에 더 피곤해 보이는 사람이 있어 앉을지 양보할지 고민했다.,1914,지하철에서 주변에 피곤해 보이는 사람이 있을 것 같다고 해서 자리를 양보하는 것은 좋지 않다.,agency,-1,"아니다, 좋다.",좋다,1,,0,crd
120,학창시절에 친구가 컨닝하는 모습을 보았는데 사실대로 선생님께 말씀드려야 하는지 고민했다.,360,시험에서 컨닝을 하는 것은 괜찮다.,agency,-1,"아니다, 옳지 않다.",옳지 않다,1,,0,crd
79,축구 경기를 보고 집에 돌아가는 길에 시간이 빠듯하여 경기장 자리에 쓰레기를 놓고 온 적이 있다.,237,공공장소에서 자신이 만든 쓰레기는 쓰레기통에 직접 버려야 한다.,agency,1,"그렇다, 그래야 한다.",그래야 한다,1,,0,crd
184,"길가에 주차된 차 위에 놓여 있던 물건을 발견하고 그냥 두고 갈지 경찰서에 맡길지 고민하다가, 결국 분실물일 수 있다고 생각해 경찰서에 가져다줬다",553,분실물을 접수한 기관은 물건의 주인을 찾기 위해 노력해야 한다.,agency,1,"그렇다, 그렇게 해야 한다.",그렇게 해야 한다,1,,0,crd
212,퇴근 시간에 지하철 안에서 사람이 밀리는 바람에 옆 사람의 가방에 얼굴을 부딪혀 안경이 바닥에 떨어져 렌즈가 깨졌다.,638,혼잡한 지하철 안에서는 가방을 앞에 두어 다른 사람에게 피해를 줘도 된다.,agency,-1,"아니다, 주지 않아야 한다 .",주지 않아야 한다 ,1,,0,crd
47,엊그제 버스 정류장에서 버스를 기다리는데 기사가 나를 보고도 지나쳐서 기분이 안좋았다,143,"버스가 정류장을 그냥 지나친 경우에, 운행 상황을 확인한 뒤 정중한 방식으로 민원을 제기하는 것은 바람직하지 않다.",agency,-1,"아니다, 바람직하다.",바람직하다,1,,0,crd
548,오랜만에 모인 명절 식사 자리에서 친척들이 나의 취업 준비 상황을 사촌과 비교하며 ‘눈이 너무 높은 것 아니냐’는 식의 간섭을 해서 큰 상처를 받았다.,1646,사적인 평가나 간섭으로 불편함을 느낄 때 감정을 절제하며 대응하는 태도가 적절하다.,agency,1,"그렇다, 적절하다.",적절하다,1,,0,crd
s-1079,연애 11년 + 결혼 6년 차 부부! 시도 때도 없이 스킨십 하려는 남편 때문에 미치겠어요🤣,f-641,스킨십은 때와 장소를 고려하지 않아도 된다.,agency,-1,"아니다, 해야 한다.",해야 한다,1,,0,kbsn
447,무거운 짐을 들고 계단을 올라가는 사람을 외면했다.,1342,도움이 필요할 경우 주변 사람들에게 정중하게 도움을 요청하는 것이 적절하다.,agency,1,"그렇다, 적절하다.",적절하다,1,,0,crd
456,"같은 대학의 잘 모르는 여자 학생과 대화하고 싶었지만, 주변 사람들이 나를 걱정하며 막아서 마음과 현실 사이에서 갈등과 답답함을 느꼈다.",1370,타인의 행동에 문제가 있다고 생각되면 잘 조언해주는 것이 옳다.,agency,1,"그렇다, 옳다.",옳다,1,,0,crd
s-252,유부남과 바람난 아내...합의 이혼했지만 여전히 괘씸해요,f-187,과거의 갈등이 남아 있다면 이혼 후에 새로운 생활을 정비 과정에서 전 배우자에게 혼란을 주지 않도록 신중히 행동하지 않아도 된다.,agency,-1,"아니다, 신중히 행동해야 한다 .",신중히 행동해야 한다 ,1,,0,kbsn
s-1548,MZ 세대 학생들과 올드 세대 선생님의 좁혀지지 않는 간극⚡,f-846,학생들보다 어른인 사람들에게 예의를 갖춰야 한다.,agency,1,"그렇다, 그래야 한다.",그래야 한다,1,,0,kbsn
426,내 실수가 아닌 문제를 내가 해결하게 된 상황에서 책임을 분명히 해야 할지 감수해야 할지 고민했다.,1279,내 실수가 아닌 일을 해결해야 한다면 해결은 하되 책임 소재는 분명히 하는 것이 좋다.,agency,1,"그렇다, 좋다.",좋다,1,,0,crd
s-177,외국인 새아빠와 재혼하고 돌변해 버린 엄마... 생계유지와 육아까지 책임지고 있어요,f-67,타 국적을 가진 사람과 결혼할 수 있다.,agency,1,"그렇다, 그럴 수 있다.",그럴 수 있다,1,,0,kbsn
381,자녀는 아들 하나인데 아내와 아들이 사이가 좋지 않아 크게 다툴 때 내가 어느 편을 들어야 하는지 결정하기 어려웠다.,1145,"아들로서 엄마의 말을 존중하고, 싸우지 않아야 한다.",agency,1,"그렇다, 그래야 한다.",그래야 한다,1,,0,crd
275,애니메이션을 좋아한다고 말했더니 어떤 어른이 애니메이션을 좋아하냐고 비꼬는 말을 들어 당혹스러웠다.,826,사람마다 좋아하는 것이 다를 수 있다는 것은 인정하지 않아도 된다.,agency,-1,"아니다, 해야 한다.",해야 한다,1,,0,crd
5,내 택배를 챙기다가 반려견이 모르는 사람에게 좋다고 짖으며 다가가서 급하게 안고서 사과 했는데 그 사람이 욕을 해서 불쾌했다.,17,"공공장소에서 반려동물을 동반할 경우, 타인에게 위협이나 불편을 주지 않도록 즉각적으로 통제하지 않아도 된다.",agency,-1,"아니다, 해야 한다.",해야 한다,1,,0,crd
45,"회사에서 상사 2명의 업무 방식 의견 차이로 언쟁이 있었다. A 상사의 방식이 옳다고 생각하지만, 말하면 B 상사와 관계가 나빠질 수 있다.",136,조직의 효율성을 높일 수 있는 업무 방안에 대해 소신 있게 자신의 견해를 밝히는 것은 적절하지 않다.,agency,-1,"아니다, 적절하다.",적절하다,1,,0,crd
393,어제 저녁 운동 가는 길에 넘어진 할머니를 일으켜 드렸는데 집까지 모셔다 드릴 수 있었지만 그냥 운동하러 갔다.,1179,도움이 필요한 사람이 있다면 도와주는 것은 좋지 않다.,agency,-1,"아니다, 좋다.",좋다,1,,0,crd
723,맛집 줄서기를 하고 있는데 입장 순서에 다가 올 때 앞 팀이 전화를 막 하더니 줄에 없는 사람들이 합류되어 새치기를 하니 당혹스러웠다.,2169,줄서는 상황에서는 처음부터 함께 줄을 선 인원 기준으로 순서를 지키는 것이 바람직하다.,agency,1,"그렇다, 바람직하다.",바람직하다,1,,0,crd
81,친구가 소개해준 식당이 맛이 없었는데 솔직하게 말해야 할지 기분이 상할까봐 좋았다고 해야 할지 고민했다,244,타인에게 추천을 할 때에는 상대방의 취향을 충분히 고려하여야 한다.,agency,1,"그렇다, 그래야 한다.",그래야 한다,1,,0,crd
534,추석 명절에 배우자가 차례를 지내지 않고 해외여행을 가겠다고 하여 싸움이 생겼다,1603,명절과 같은 가족 전통 행사에 갈등이 있을 때 자신의 가치관을 일방적으로 주장하기보다 대화를 통해 조율하는 것은 옳지 않다.,agency,-1,"아니다, 옳다.",옳다,1,,0,crd
s-1686,매일 싸우는 10살 차이 커플! 그래도 오빠 없인 못 살아요💕🍯,f-995,싸울 때 누가 잘못했는지는 객관적으로 확인하지 않아도 된다.,agency,-1,"아니다, 해야 한다.",해야 한다,1,,0,kbsn
77,길을 걸어가는데 내 앞에 걸어가는 사람이 지갑을 떨어트렸는데 모르길래 떨어트렸다고 말을 해줘야하나 고민되었다.,231,타인이 물건을 분실한 것을 목격했을 때 이를 알려주어 주인이 물건을 찾을 수 있도록 돕는 것은 바람직하지 않은 행동이다.,agency,-1,"아니다, 바람직한 행동이다.",바람직한 행동이다,1,,0,crd
330,나한테는 축의금을 하지 않은 얼굴만 아는 회사 사람의 결혼 축의금을 해야 하는지 고민이다.,992,직장 내 경조사 문화에서 금전적 부담을 강요해서는 안 된다,agency,1,"그렇다, 그래서는 안 된다.",그래서는 안 된다,1,,0,crd
510,아랫층 아저씨가 베란다에서 담배를 피우시는데 그 냄새가 우리집으로 올라와서 싫은데 말을 하면 사이가 나빠질까 봐 이러지도 저러지도 못하고 고민이 된다.,1531,이웃의 행동으로 불편을 겪을 경우 불편함에 대해 정중하게 전달하는 것은 좋지 않다.,agency,-1,"아니다, 좋다.",좋다,1,,0,crd
674,식당에서 음식을 먹고 계산을 할 때 요금이 더 적게 나왔는데 모르는 척하고 결재했다.,2022,음식값보다 적은 금액이 청구된 것을 알면서 모르는 척 하고 결제한 것은 옳다.,agency,-1,"아니다, 옳지 않다.",옳지 않다,1,,0,crd
s-252,유부남과 바람난 아내...합의 이혼했지만 여전히 괘씸해요,f-187,과거의 갈등이 남아 있더라도 이혼 이후에는 새로운 생활을 정비하는 과정에서 전 배우자에게 혼란을 주지 않도록 신중히 행동해야 한다.,agency,1,"그렇다, 그래야 한다.",그래야 한다,1,,0,kbsn
353,오늘 산책길에서 운동을 하던 두 사람이 서로 기구를 쓰겠다고 싸움이 났다.,1059,산책길에 있는 운동기구는 공공기구이므로 서로 양보를 하는 것은 좋지 않다.,agency,-1,"아니다, 좋다.",좋다,1,,0,crd
s-1562,"뇌출혈로 눈물을 잃은 남자, 아내와의 이혼 얘기에 ′키득키득′",f-861,뇌출혈이 생겼을 때는 심신안정을 취하는 것은 좋지 않다.,agency,-1,"아니다, 좋다.",좋다,1,,0,kbsn
s-948,충격 실화! 19세 여고생 조카와 바람난 남편 🤬,f-582,미성년자 조카를 어른으로서 보호할 필요 없다,agency,-1,"아니다, 보호해야 한다.",보호해야 한다,1,,0,kbsn
588,팀 게임 도중 같은 팀원의 플레이가 아쉬워 지적했다가 욕을 들었다. 팀 승리를 위해 지적한 건데 그냥 가만히 있을걸 그랬나 싶다.,1764,팀 플레이 도중 같은 팀원들에 대해서 사기를 저하시킬 수 있는 지적은 하지 않는 것이 좋다.,agency,1,"그렇다, 좋다.",좋다,1,,0,crd
728,지하철에서 초등학생이 차비가 없다며 이천원만 달라고 했는데 거짓말일지도 모른다는 의심이 들어서 역무실로 가서 말씀드려보라고 하면서 에둘러 거절했다,2186,일면식 없는 타인에게 부담을 주는 것은 좋다.,agency,-1,"아니다, 좋지 않다.",좋지 않다,1,,0,crd
s-1562,"뇌출혈로 눈물을 잃은 남자, 아내와의 이혼 얘기에 ′키득키득′",f-859,부부의 사생활에는 관여하는 것이 좋다,agency,-1,"아니다, 좋지 않다.",좋지 않다,1,,0,kbsn
721,"친구가 결혼을 한다고 해서 가보고 싶었지만, 내가 살고 있는 곳과 너무 멀어 다른 일정이 생겼다며 참석하지 못한다고 핑계를 댔다.",2164,경조사 초대를 받은 사람이 참석하지 못하더라도 개인의 상황을 존중하는 태도는 바람직하지 않다.,agency,-1,"아니다, 바람직하다.",바람직하다,1,,0,crd
12,"퇴근길 지하철에서 길을 잃은 외국인을 봤지만 괜히 휘말릴까 봐 지나쳤고, 그 선택이 맞았는지 계속 고민됐다.",37,개인적인 안전이나 상황을 고려해 도움 여부를 판단하면 안 된다.,agency,-1,"아니다, 판단할 수 있다.",판단할 수 있다,1,,0,crd
427,공식적인 규정과 실제 업무 관행이 달라 어느 기준을 따라야 할지 혼란스러웠다.,1281,공식적인 규정과 업무 관행이 다를 때는 상사와 의논하는 것이 옳다.,agency,1,"그렇다, 옳다.",옳다,1,,0,crd
s-324,"코인 투자로 일주일 만에 1,300만 원 날린 여자",f-272,만 원을 잃은 여자를 격려하는 것은 옳지 않다.,agency,-1,"아니다, 옳다.",옳다,1,,0,kbsn
s-1251,잠자리를 피하는 아내가 너~무 서운한 남편! 어떻게 하면 좋을까요?😭,f-715,"아내의 태도를 이해하고, 대화로 부부 생활의 개선을 도모해야 한다.",agency,1,"그렇다, 그래야 한다.",그래야 한다,1,,0,kbsn
s-272,튀르키예 남자친구를 불법체류자로 신고한 나를 싫어하는 내 지인,f-237,외국인이 승인 없이 타국에 불법 체류하는 것은 옳지 않다.,agency,1,"그렇다, 옳지 않다.",옳지 않다,1,,0,kbsn
43,"내 가게에서 일하는 알바생이 근무 시간에 대놓고 핸드폰으로 드라마를 시청해서 주의를 주었으나, 그럼에도 불구하고 알바생이 계속 핸드폰을 이용하여 기분이 안 좋았다.",130,아르바이트 근무 시간 중에는 업무 외 딴 짓을 해선 안 된다.,agency,1,"그렇다, 그러면 안 된다.",그러면 안 된다,1,,0,crd
785,길에서 낯선 사람이 거절해도 교회 전단지를 들고 쫓아오며 교회에 가지 않으면 지옥을 간다고 말해서 너무 불쾌했다.,2356,자신의 종교을 권할 때 상대방이 불쾌함을 느낄만한 말이나 저주 섞인 말을 하는 것은 옳지 않다,agency,1,"그렇다, 옳지 않다.",옳지 않다,1,,0,crd
s-1101,출산 후 고민남 모르게 입양 보낸 전 여친..? 들을수록 충격적인 실화,f-663,관련 당사자의 권리를 고의로 배제하는 행동은 옳지 않다.,agency,1,"그렇다, 옳지 않다.",옳지 않다,1,,0,kbsn
s-1587,′오빠′ 아니고 ′아빠′야? 동안인 남편 때문에 떨어져서 다니는 부부,f-884,사람들 시선에 굴하지 않고 아내와 길거리를 다니는 것은 좋지 않다.,agency,-1,"아니다, 좋다.",좋다,1,,0,kbsn
538,"명절에 운전하던 중 옆 차가 끼어들려는 상황에서 배려를 해야 할지, 아니면 나도 갈 길이 바쁜데 안 비켜 줘도 될지 갈등했다.",1614,도로에서는 자신의 일정이 급하더라도 다른 차량의 상황을 고려하며 양보하는 태도를 가지는 것이 좋다.,agency,1,"그렇다, 좋다.",좋다,1,,0,crd
132,"대학 교양수업 조별과제 중, 팀원 하나가 조별 단톡방에서 자기 전공 때문에 조별과제 참석을 못하겠다고 당당히 말하길래 잔뜩 화난 채로 그 사람이랑 단톡방에서 싸웠다.",398,"팀원으로서 조별과제 작성에 참석하지 못할 경우, 사정을 자세히 설명하고 사과하는 태도를 보이는 것이 합리적이다.",agency,1,"그렇다, 합리적이다.",합리적이다,1,,0,crd
728,지하철에서 초등학생이 차비가 없다며 이천원만 달라고 했는데 거짓말일지도 모른다는 의심이 들어서 역무실로 가서 말씀드려보라고 하면서 에둘러 거절했다,2184,충분히 배풀 수 있는 선행임에도 불구하고 나몰라라 하는 것은 옳은 행동이다.,agency,-1,"아니다, 옳지 못한 행동이다.",옳지 못한 행동이다,1,,0,crd
749,지하철 안에서 다른 사람은 신경쓰지 않고 큰 소리로 영상을 시청하는 사람때문에 당혹스러운 기억이 있다.,2248,대중교통 이용 시 이어폰을 사용해 소음을 줄이는 것은 적절하지 않다.,agency,-1,"아니다, 적절하다.",적절하다,1,,0,crd
786,집으로 가는 길에 모르는 사람이 휴대전화를 분실했다며 핸드폰을 잠시 빌려 달라고 했지만 사기인 것 같아서 나는 이를 거절하였다.,2359,개인 소지품을 모르는 사람에게 선뜻 빌려주는 것은 바람직하지 않다.,agency,1,"그렇다, 바람직하지 않다.",바람직하지 않다,1,,0,crd
380,남편이 반대할 것 같아서 말 안 하고 차를 산 뒤에 나중에 말할까 싶어. 근데 어차피 말할 거라면 먼저 말하고 사는 게 나을 것 같기도 해.,1140,부부 공동의 재정과 관련된 큰 구매는 사전에 상의하는 것이 바람직하다.,agency,1,"그렇다, 바람직하다.",바람직하다,1,,0,crd
s-1312,무슨 말을 해도 시큰둥.. 가족 한정 로봇이 되는 남자🤖 달라질 수 있을까요?,f-731,가족과는 진정성 있는 교류를 통해 친분과 유대를 쌓아야 한다.,agency,1,"그렇다, 그래야 한다.",그래야 한다,1,,0,kbsn
731,명절에 가족이 모이지 않고 따로 즐거운 시간을 보내기로 했는데 여동생집에 시부모님께서 오셔서 이틀밤 주무시고 집까지 운전해서 모셔다 드리고 왔다는 소식을 나중에 듣고 불편했다.,2195,가족의 중요한 일정이 있을 경우에 사전에 공유하여 오해를 줄이려는 노력은 중요하지 않다.,agency,-1,"아니다, 중요하다.",중요하다,1,,0,crd
s-1333,여자 손님과 알바생에게만 과하게 친절한 내 남편! 너무 질투 나요😤,f-751,"기혼인 가게 사장이 지나치게 친절하게 대할 경우, 불편함을 토로해도 괜찮다.",agency,1,"그렇다, 그래도 괜찮다.",그래도 괜찮다,1,,0,kbsn
378,아이가 위험한 행동을 해서 다칠 뻔 했는데 혼을 먼저 내야 하는지 괜찮냐고 먼저 물어야 하는지 고민이 되었다.,1134,"아이가 위험한 행동을 해서 다칠 뻔했을 때, 혼을 내기보다 먼저 아이의 안전을 확인하는 것은 바람직하지 않다.",agency,-1,"아니다, 바람직하다.",바람직하다,1,,0,crd
s-1114,"직원에겐 한없이 따뜻한 남편, 유독 제게만 엄격한 것 같아요😧",f-673,배우자에게도 존중을 전제로 대하는 것은 옳지 않다.,agency,-1,"아니다, 옳다.",옳다,1,,0,kbsn
s-639,과격한 성향의 현 남편을 떠나 홀로 아들 잘 키울 수 있을까요?,f-502,이혼하게 된 아내를 향해 원망의 마음을 갖거나 위협하는 것은 옳은 행동이다.,agency,-1,"아니다, 안 된다.",안 된다,1,,0,kbsn
582,"23평에서 33평으로 넓혀서 이사를 왔는데 시어머니, 집이 아담하다고 좋다고 하셔 기분이 썩 좋지 않았다.",1747,타인에게 말할 때는 조금 더 배려하여 말하는 것이 좋다,agency,1,"그렇다, 좋다.",좋다,1,,0,crd
726,지하철 개찰구에서 무임승차하는 사람을 보았는데 교통카드 태그 후 화장실에 다녀오는 사람일지도 몰라서 역무실에 알릴 것을 잠시 고민하다 말았다.,2465,혹시나 하는 추측으로 불법 행위 신고를 포기하고 방치하더라도 괜찮다.,agency,1,"그렇다, 그래도 괜찮다.",그래도 괜찮다,1,,1,crd_2nd
612,"친구들과 다같이 여행을 가기로 한 날, 어떤 친구가 일정을 파토내어 기분이 좋지 않았다.",1836,여행 당일에 특별한 사정없이 일방적으로 일정을 취소하여 친구들에게 피해를 주는 것은 옳은 행동이다.,agency,-1,"아니다, 옳지 않다.",옳지 않다,1,,0,crd
s-218,아버지부터 저까지 고모부에게 노동 착취를 당했는데 이젠 고모부가 동생까지 노리고 있어요...,f-139,고모부로 하여금 동생의 노동을 착취하는 시도를 하게 하는 것은 옳지 않다.,agency,1,"그렇다, 옳지 않다.",옳지 않다,1,,0,kbsn
23,"택시 한 대를 두고 다른 사람과 함께 기다리고 있었는데, 내가 먼저 와 있었다는 이유로 먼저 타야 한다며 말다툼을 벌인 적이 있다.",70,다른사람의 사정이나 상황에 따라 내 순서를 양보할 필요 없다.,agency,-1,"아니다, 할 수 있어야 한다.",할 수 있어야 한다,1,,0,crd
143,친구와 저녁을 먹다가 행복과 관련하여 나는 내적 만족으로 행복을 얻을 수 있다 하였지만 친구는 물질적인 요소만이 행복을 얻게끔 한다고 하여 언쟁을 하였다.,430,친구와 대화를 할 때는 이해하는 태도를 보이는게 좋다,agency,1,"그렇다, 좋다.",좋다,1,,0,crd
681,"수련회에서 아이들이랑 옹기종기 모여 놀다가 실수로 방귀를 뀌었는데, 아이들이 다른 아이가 뀐 줄 알고 놀렸지만 모른 척했다.",2043,자신의 실수를 숨기기지 않고 자신이 했다고 밝히는 것은 좋지 않다.,agency,-1,"아니다, 좋다.",좋다,1,,0,crd
s-933,아픈 부모님 챙기는 K-장녀👩‍🦰! 가족들이 제 맘 몰라주고 자꾸 타박해요 ᅲᅲ,f-571,아픈 부모님 때문에 고생하는 누나나 언니를 타박해도 된다.,agency,-1,"아니다, 안된다.",안된다,1,,0,kbsn
751,오랜만에 만난 대학 동창이 내가 전업주부로 사는 삶에 대해서 부정적으로만 이야기해서 상처를 받았다.,2253,지인의 삶에 대해 부정적으로 이야기 하는 것은 옳지 않다.,agency,1,"그렇다, 옳지 않다.",옳지 않다,1,,0,crd
424,"회사에서 상사의 지시가 비효율적이라고 느꼈지만, 의견을 말하면 분위기가 어색해질까 봐 그대로 따를지 고민했다.",1272,업무의 효율성을 높이기 위해 상사에게 정중하게 개선 의견을 제안하는 것은 바람직하다.,agency,1,"그렇다, 바람직하다.",바람직하다,1,,0,crd
699,친구가 뒤에서 나의 험담을 하고 다닌 것을 알게 되어 사실을 확인하니 내가 처신을 잘못 해서 그런 것이라면서 적반하장으로 나와 갈등을 겪었다.,2098,다른 친구에게 친구의 험담을 하고 다니는 것은 옳은 행동이다.,agency,-1,"아니다, 옳지 않은 행동이다.",옳지 않은 행동이다,1,,0,crd
637,"카페에서 친구가 내 옷차림 보고 “너무 촌스럽다” 농담처럼 말할 때, 웃어야 할지 서운함을 표현할지 모르겠고 당황스러워서 그냥 무시했었어.",1911,불쾌하거나 서운한 감정을 느꼈을 때에 무조건 참기보다 차분하게 의사를 전달하는 것은 좋지 않다.,agency,-1,"아니다, 좋다.",좋다,1,,0,crd
688,필라테스 강습 첫날 일찍 가서 강습실 앞자리에 앉았더니 기존 회원들이 뒷자리로 가라며 텃세를 부려 속상했다.,2064,새로 온 회원에게 자리를 강요하거나 텃세를 부리는 것은 좋지 않다.,agency,1,"그렇다, 좋지 않다.",좋지 않다,1,,0,crd
s-1208,힘쓰는 건 모두 아내가! 반 공기만 먹어도 헥헥거리는 저체중 남편💦,f-704,저체중으로서 본인의 상황을 인지하고 개선에 노력해야 한다.,agency,1,"그렇다, 그래야 한다.",그래야 한다,1,,0,kbsn
561,"회사 근처 횡단보도에서 보행자 신호가 빨간불로 바뀌기 직전 아이가 뛰어가려는 걸 봤는데, 괜히 오해받을까 봐 말리지 못해 그냥 지나친 것이 마음에 걸렸다.",1685,공공장소에서 타인의 안전과 관련된 문제를 외면하는 필요하다.,agency,-1,"아니다, 그러지 않는 태도가 필요하다.",그러지 않는 태도가 필요하다,1,,0,crd
75,친구와의 관계에서 각자의 삶의 속도와 우선순위가 달라지면서 연락 빈도가 현저히 줄어들었다. 서로 만남에 대한 기대가 다른 것 같아 서운함이 생겼다.,226,환경의 변화로 소홀해진 친구를 비난하기보다 상대방의 바뀐 생활 패턴을 먼저 이해하려 노력하는 것이 바람직하다.,agency,1,"그렇다, 바람직하다.",바람직하다,1,,0,crd
344,아침에 출근해서 두세명이 사무실에서 정리하고 있는 중 상사가 출근하며 다들 힘없는 목소리로 인사를 했는데 상사는 언짢은 목소리로 다들 인사안하기로 했냐고 해서 다들 당황해 했다.,1032,직장에서 인사를 확실하게 하는 것은 좋지 않다.,agency,-1,"아니다, 좋다.",좋다,1,,0,crd
s-1562,"뇌출혈로 눈물을 잃은 남자, 아내와의 이혼 얘기에 ′키득키득′",f-865,뇌출혈이 증상이 있는 남편이 완쾌할 수 있는 환경을 조성할 필요는 없다.,agency,-1,"아니다, 해야 한다.",해야 한다,1,,0,kbsn
s-1072,극단적인 선택을 한 중1 아이.. 죄책감만 가득한 엄마,f-622,예방과 지원보다 사후 책임만을 묻는 것은 바람직하다.,agency,-1,"아니다, 바람직하지 않다.",바람직하지 않다,1,,0,kbsn
507,아들에게는 어른들에게 인사를 잘해야한다고 했지만 어제 길에서 동네 할머니를 만났는데 그냥 지나쳤다.,1521,자녀에게 예절을 강요하는 방식의 교육은 바람직하지 않다.,agency,1,"그렇다, 바람직하지 않다.",바람직하지 않다,1,,0,crd
s-2044,남친이 학원 강사와 몰래 연락해서 상처받았던 썰😭,f-1207,연인이 있는 상대방과 연락하는 것은 옳지 않다.,agency,1,"그렇다, 옳지 않다.",옳지 않다,1,,0,kbsn
s-890,두 남편이 저지른 외도와 폭력... 싱글맘 됐지만 아이 잘 키우고 싶어요,f-549,자신의 잘못으로 이혼을 했다면 남은 자녀에게 책임을 다해야 한다,agency,1,"그렇다, 그래야 한다.",그래야 한다,1,,0,kbsn
s-1548,MZ 세대 학생들과 올드 세대 선생님의 좁혀지지 않는 간극⚡,f-852,MZ 세대 학생들의 학부모들은 학생들이 학교에서 생활하는 것을 신경써줄 필요 없다.,agency,-1,"아니다, 신경써줘야 한다.",신경써줘야 한다,1,,0,kbsn
s-2559,결혼 2개월 차 부부 낚시 중독 아내 좀 말려주세요,f-1379,"취미 생활에 너무 초점을 둔 나머지, 가정을 소홀히 해도 괜찮다.",agency,-1,"아니다, 그래서는 안 된다.",그래서는 안 된다,1,,0,kbsn
405,시가와 함께 카페에 갔는데 아이가 너무 크게 떠들어서 훈육을 하던 중 어머님께서 아이들은 그래도 된다고 하시는 말씀에 당황스러웠다.,1216,자녀가 공공장소에서 타인에게 폐를 끼치지 않도록 사전에 교육을 시켜야 한다.,agency,1,"그렇다, 그래야 한다.",그래야 한다,1,,0,crd
s-346,"아버지, 언니와 절연한 상태예요. 이대로 지내도 괜찮을까요?",f-305,자식과 절연한 것은 나쁜 행동이 아니다.,agency,-1,"아니다, 나쁘다.",나쁘다,1,,0,kbsn
345,애들 고모의 생일이라 생일케익 쿠폰 보냈는데 생일지나고 자신은 생일 선물도 못 받았다길래 케익보냈다고 했더니 케익이 무슨 선물이냐고 해서 당혹스러웠다.,1035,상대방의 성의를 무시하는 발언을 해도 된다.,agency,-1,"아니다, 안 된다.",안 된다,1,,0,crd
s-1029,남′사′친 말고 남친 좀 만들고 싶은데... 제 한도초과 솔직함💥 괜찮을까요?,f-597,농담과 진심이 섞인 연애 표현을 즉각적인 고백으로 해석하는 것은 바람직하다.,agency,-1,"아니다, 바람직하지 않다.",바람직하지 않다,1,,0,kbsn
699,친구가 뒤에서 나의 험담을 하고 다닌 것을 알게 되어 사실을 확인하니 내가 처신을 잘못 해서 그런 것이라면서 적반하장으로 나와 갈등을 겪었다.,2458,타인의 갈등을 중재하지 않아도 괜찮다.,agency,1,"그렇다, 그래도 괜찮다.",그래도 괜찮다,1,,1,crd_2nd
164,지금 직장도 없는 아들이 코인해보겠다고 돈을 빌려달라고 해서 화를 냈다.,492,경제적 능력이 없는 상태에서 무리한 투자를 해도 된다.,agency,-1,"아니다, 안 된다.",안 된다,1,,0,crd
s-1073,남자친구를 너무 사랑하는데.. 여자들이 계속 눈에 들어와요👀,f-633,개인의 성적 성향을 이유로 차별하는 행동은 옳은 행동이다.,agency,-1,"아니다, 옳지 않다.",옳지 않다,1,,0,kbsn
338,"친구에게 요즘 일이 힘들다고 털어놨는데, “그 정도는 다 겪는 거야”라는 반응을 들어 서운했다.",1015,위로가 필요한 친구에게는 위로해줘야 한다.,agency,1,"그렇다, 그래야 한다.",그래야 한다,1,,0,crd
385,왕복1차로인 좁은 골목도로에서 내가 먼저 진입을 하였으나 반대편에서 늦게 진입한 차량이 양보를 하지 않고 크락션을 울리며 계속 밀고들어와서 당황스럽고 불쾌하였다.,1156,타인을 위협하는 행위는 옳다,agency,-1,"아니다, 옳지 않다.",옳지 않다,1,,0,crd
s-1595,"반반 월세 하면 동거 안 한다는 여친, 더 내려니 억울한 남친",f-889,남친과 둘이 같이 사는 것이 되도록이면 반반씩 내는 것이 좋다.,agency,1,"그렇다, 좋다.",좋다,1,,0,kbsn
s-1861,친구를 너~무 좋아하는 남친☹️ 우선순위에서 제가 자꾸 밀려요ᅮᅮ,f-1151,"자신의 행동으로 인해 연인이 상처받고 있음을 인지했다면, 대화를 통해 상대의 마음을 달래고 행동을 수정하려 노력하는 것이 좋다.",agency,1,"그렇다, 좋다.",좋다,1,,0,kbsn
s-564,"외도한 사실을 모두 기록하는 남편, 13년간 초등학교 동창을 만나면서 또 다른 여자를 만나고 있었어요",f-476,외도를 한 배우자와는 빨리 이별해야 한다.,agency,1,"그렇다, 그래야 한다.",그래야 한다,1,,0,kbsn
793,타 지역에 사는 동생네 부부가 해운대에 사는 우리 집에서 숙박을 해결하며 휴가를 보내고 싶다는 말이 안 된다고 거절했다.,2380,가족의 집이더라도 가서 잠을 자는 것은 상대방이 불편할 수 있다는 것을 알아야 한다.,agency,1,"그렇다, 그래야 한다.",그래야 한다,1,,0,crd
s-570,아내와 함께 출연하기로 약속했는데 아내와 함께 나오지 못한 그의 사연은?,f-494,아내와의 약속은 지키는 것이 옳다.,agency,1,"그렇다, 옳다.",옳다,1,,0,kbsn
740,"1달전에 입사하기로 했던 회사가 있었는데, 입사 하루 전 더 좋은 제안이 와서 다른 회사로 이직을 했다. 도의적으로는 맞지 않았으나 좋은 기회를 놓칠수 없어 신의를 저버렸다.",2221,개인적인 이익을 이유로 약속을 일방적으로 파기하는 행동은 바람직하지 않다.,agency,1,"그렇다, 바람직하지 않다.",바람직하지 않다,1,,0,crd
50,지난주에 배달시킨 커피가 넘쳐서 배달되어 전화로 항의했더니 '그럴수도 있죠.'라고 해서 기분이 나빴다.,150,전화로 항의해서 따지는 것은 옳지 않다,agency,1,"그렇다, 옳지 않다.",옳지 않다,1,,0,crd
s-257,이혼 후 돈이 없어 자녀들과 노숙 생활을 하다 만남 양아버지의 성희롱,f-203,"성희롱이나 위험한 상황을 인지했을 때, 신뢰할 수 있는 보호자나 기관에 즉시 도움을 요청하지 않아도 된다.",agency,-1,"아니다, 해야 한다.",해야 한다,1,,0,kbsn
s-1677,"′′안아 줘!′′, ′′뽀뽀해 줘!′′😘 동성 친구들에게 인기 폭발인 남자의 고민",f-991,비판을 하더라도 동성애자의 커밍아웃으로 이어지지 않게 해야 한다.,agency,1,"그렇다, 그래야 한다.",그래야 한다,1,,0,kbsn
785,길에서 낯선 사람이 거절해도 교회 전단지를 들고 쫓아오며 교회에 가지 않으면 지옥을 간다고 말해서 너무 불쾌했다.,2356,자신의 종교를 권할 때 상대방이 불쾌함을 느낄 만한 말이나 저주 섞인 말을 하는 것은 옳은 행동이다.,agency,-1,"아니다, 옳지 않다.",옳지 않다,1,,0,crd
261,길을 걷는데 쓰레기통이 없어서 쓰레기를 길바닥에 버릴까 고민했다.,785,쓰레기를 아무 곳에나 버리는 것은 좋은 행동이다.,agency,-1,"아니다, 좋지 않다 .",좋지 않다 ,1,,0,crd
319,"친구가 문구점에서 볼펜을 몰래 가져가는 것을 봤을 때, 제재하거나 사장님께 말하는 것이 맞지만 친구라 말할 수 없었다.",958,절도가 발생하지 않도록 주의 깊게 살펴보는 것이 좋다.,agency,1,"그렇다, 좋다.",좋다,1,,0,crd
166,"층간소음이 심하다고 쪽지를 위층 집 문에 붙여놨는데, 오히려 보복성 소음으로 더 시끄러워져서 어처구니가 없었다.",500,다른 사람에게 피해를 줬을 때는 진심으로 사과를 해야 한다.,agency,1,"그렇다, 그래야 한다.",그래야 한다,1,,0,crd
521,친구가 다른 친구 흉을 볼 때 맞장구를 쳐야 할지 말아야 할지 망설였다.,1565,좋아하지 않는 사람에게도 이해심을 갖는 것은 좋지 않다.,agency,-1,"아니다, 좋다.",좋다,1,,0,crd
670,"학교 친구들이 서로 갈등이 생겨 싸우는데 중간에 낀 상황이 생겼다. 한쪽 친구의 편을 들지, 중재할지 고민하게 되어 난처했다.",2012,친구와의 갈등이 생겼을때 내 의견을 내세우지 않고 친구의 말을 경청하는 것이 옳다,agency,1,"그렇다, 옳다.",옳다,1,,0,crd
261,길을 걷는데 쓰레기통이 없어서 쓰레기를 길바닥에 버릴까 고민했다.,785,쓰레기를 아무 곳에나 버리는 것은 좋지 않다.,agency,1,"그렇다, 좋지 않다.",좋지 않다,1,,0,crd
s-1686,매일 싸우는 10살 차이 커플! 그래도 오빠 없인 못 살아요💕🍯,f-998,어린 연인에게 더 많은 배려를 해줘야 한다.,agency,1,"그렇다, 그래야 한다.",그래야 한다,1,,0,kbsn
s-529,엄마와 언니 때문에 다이어트를 자꾸 실패해요! 다이어트하고 싶은데 어떻게 해야 하죠?,f-447,다른 사람의 영향 때문에 목적을 실패하는 것은 좋은 일이다.,agency,-1,"아니다, 좋지 않다.",좋지 않다,1,,0,kbsn
568,"겨울 김장을 돕는 것이 도리이지만, 힘들고 번거로워 일부러 김장 언제하는지 물어보지 않았다。",1704,"가족 공동의 작업이나 중요한 집안일에 있어서, 자신의 편의보다도 도리를 우선하여 관심 갖고 도움을 주려는 것은 옳지 않다.",agency,-1,"아니다, 옳다.",옳다,1,,0,crd
16,"카카오톡 단체방에서 일정 조율 중 한 사람이 내 답장을 무시한 채 결정을 바꿔 발표해, 존중받지 못한다는 느낌이 들어 불편했다.",49,타인의 의견을 무시한 채 결정을 내리는 행동은 바람직하지 않다.,agency,1,"그렇다, 바람직하지 않다.",바람직하지 않다,1,,0,crd
672,재활용 버리는 날에 플라스틱 음료의 커버를 벗기지 않고 재활용을 버렸다.,2018,재활용품은 정해진 날짜에 버려야 한다.,agency,1,"그렇다, 그래야 한다.",그래야 한다,1,,0,crd
s-2111,가족 모르게 시리아인과 결혼한 누나.. 생사조차 알 수 없는 누나의 행방은..?,f-1277,가족이 갑작스럽게 사라진 상황이더라도 침착하고 차분하게 임해서는 안 된다.,agency,-1,"아니다, 차분하게 임해야 한다.",차분하게 임해야 한다,1,,0,kbsn
s-265,집에 있는 돌반지 등 귀중품을 훔친 절친 아내의 충격적인 행동들,f-227,가족 구성원이 큰 잘못을 저질렀다면 함께 피해자에게 사과해야 한다.,agency,1,"그렇다, 그래야 한다.",그래야 한다,1,,0,kbsn
s-1057,놀러오는 지인들에게 ′너무′ 퍼주다 지친 남자🫠,f-609,편하지 않은 만남은 참여하지 않겠다고 말해도 된다.,agency,1,"그렇다, 그래도 된다.",그래도 된다,1,,0,kbsn
s-1057,놀러오는 지인들에게 ′너무′ 퍼주다 지친 남자🫠,f-606,쉬고 싶을 때에도 방문 요청을 모두 받아들이는 것은 옳은 행동이다.,agency,-1,"아니다, 옳지 않다.",옳지 않다,1,,0,kbsn
531,식당 아르바이트할 때 식당 주인이 잔반을 재활용하는 것을 보고도 잘못됐다고 말하지 못했다.,1594,식당 직원이 식품 위생을 침해하는 행위를 묵인하는 것은 바람직하다.,agency,-1,"아니다, 바람직하지 않다.",바람직하지 않다,1,,0,crd
289,"회사에서 팀원들끼리 점심을 먹으러 왔는데 모두 짜장면으로 메뉴를 통일했다. 나는 조리 시간이 좀 더 걸리는 삼선볶음밥을 먹고 싶은데, 그래도 될지 고민했다.",868,점심 메뉴를 선택할 때 사전에 간단히 공유하고 합의할 필요는 없다.,agency,-1,"아니다, 해야 한다.",해야 한다,1,,0,crd
798,우리 집 현관문 도어록 비밀번호를 알고 있는 시모가 아무 때나 문을 열고 들어오길래 비밀번호를 바꾸고 이 사실을 시모에게 알리지 않았다.,2395,비밀번호를 바꾸기 전에 불편한 점을 솔직히 말씀드리고 양해를 구하는 것은 좋지 않다.,agency,-1,"아니다, 좋다.",좋다,1,,0,crd
s-120,"만성 신부전증을 앓고 있는 4남매 엄마, 가족들에게 도움이 되고 싶어요",f-36,고생하는 엄마는 타인의 도움을 받아도 된다,agency,1,"그렇다, 그래도 된다.",그래도 된다,1,,0,kbsn
262,"회사 팀원이 피드백 달라고 했는데, 보완이 필요한 부분을 말하면 기분이 나쁠까봐 일부러 좋은 부분만 말했다.",788,피드백을 요청할 때 긍정과 개선 의견을 모두 수용할 준비를 하지 않아도 된다.,agency,-1,"아니다, 하는 것이 적절하다 .",하는 것이 적절하다 ,1,,0,crd
609,"추운날 유기견 강아지가 떨면서 계속 나를 찾아왔는데, 키울 여건이 안되어 외면했다.",1829,도움이 필요한 동물을 외면하는 것은 좋은 행동이다.,agency,-1,"아니다, 좋지 않다.",좋지 않다,1,,0,crd
560,편의점에서 계산대 앞 줄이 길어졌는데 앞사람이 쿠폰을 한참 찾는 걸 보며 재촉해야 할지 기다려야 할지 판단이 어려웠다.,1682,"앞사람이 계산대에 서기 전에 쿠폰, 결제수단을 미리 준비해서 계산을 과도하게 지연시키지 않는 것은 바람직하지 않다.",agency,-1,"아니다, 바람직하다.",바람직하다,1,,0,crd
s-1548,MZ 세대 학생들과 올드 세대 선생님의 좁혀지지 않는 간극⚡,f-846,학생들보다 어른인 사람들에게 예의를 갖출 필요는 없다.,agency,-1,"아니다, 갖춰야 한다 .",갖춰야 한다 ,1,,0,kbsn
577,"부모님 병원 예약을 잡아드리면서 회사 일정과 겹쳐 직접 동행할지, 간호를 미루고 일을 선택할지 고민했다.",1733,부득이한 사정이 아니라면 회사 업무에 지장을 주지 않도록 미리 조치를 취해야 한다.,agency,1,"그렇다, 그래야 한다.",그래야 한다,1,,0,crd
326,"배우자와 집안일을 분배했는데, 맡기로 한 일을 며칠이 지나도록 하지 않아 짜증이 났다.",978,부부라면 가정 유지를 위해 맡기로 한 집안일을 책임지고 수행할 필요 없다.,agency,-1,"아니다, 해야 한다.",해야 한다,1,,0,crd
400,"회사에서 너무 힘든 일이 있어 나도 모르게 같이 퇴근 중이던 동료에게 투덜거렸는데, 그 분이 지하철에서 내린 후 너무 내 힘든 이야기만 한 것 같아 미안했다.",1201,"동료의 이야기를 들어주는 행동은 바람직하지만, 개인의 상황과 여건 또한 존중 되어야 한다.",agency,1,"그렇다, 그래야 한다.",그래야 한다,1,,0,crd
s-1613,"3달 동거하며 천만 원을 잃은 대학생, 전 여친은 잠수 中",f-906,경찰은 천 만원을 잃은 대학생의 돈을 되찾을 수 있게 도와줘야 한다.,agency,1,"그렇다, 그래야 한다.",그래야 한다,1,,0,kbsn
s-2268,30년 만에 연락 온 전 남편.. 아들과 친해질 수 있을까요?,f-1341,이혼하면 자신의 자식을 챙기는 것은 중요하지 않다.,agency,-1,"아니다, 중요하다.",중요하다,1,,0,kbsn
s-1101,출산 후 고민남 모르게 입양 보낸 전 여친..? 들을수록 충격적인 실화,f-660,출산과 입양과 관련된 결정을 할 때 관련 당사자에게 사실을 알리는 행동은 바람직하지 않다.,agency,-1,"아니다, 바람직하다.",바람직하다,1,,0,kbsn
479,지인이 SNS에 사실보다 과장된 이야기를 올린 것을 봤지만 괜히 상처를 줄까 봐 모른 척한 선택이 맞았는지 고민했다.,1438,사실과 다른 게시물을 봤을 때는 공개적인 비난은 피하고 개인적으로 사실을 확인하는 것이 바람직하다.,agency,1,"그렇다, 바람직하다.",바람직하다,1,,0,crd
378,아이가 위험한 행동을 해서 다칠 뻔 했는데 혼을 먼저 내야 하는지 괜찮냐고 먼저 물어야 하는지 고민이 되었다.,1135,아이가 자신이 다칠수도있는 위험한 행동을 하는것은 좋지않다,agency,1,"그렇다, 좋지않다.",좋지않다,1,,0,crd
s-1661,1년에 10번 보는 스님 아빠를 그리워하는 사춘기 딸..,f-973,종교적 신념을 지키는 것이 바람직하다.,agency,1,"그렇다, 바람직하다.",바람직하다,1,,0,kbsn
s-363,"경제권에 의존하는 가족, 쓰리잡 뛰는 갓생女",f-329,한 사람에게 경제적 부담을 주는 것은 나쁜 행동이 아니다.,agency,-1,"아니다, 나쁘다.",나쁘다,1,,0,kbsn
s-2211,부모님께 동거 허락받고 싶은 대학생 커플,f-1329,이른 나이에 동거하는 것은 좋은 행동이다.,agency,-1,"아니다, 좋지 않다.",좋지 않다,1,,0,kbsn
272,지인 이에 고춧가루가 낀 채로 환하게 웃고 있어서 말할지 말지 고민했다.,818,상대의 체면을 해칠 수 있는 말을 공개적인 자리리에서 하는 것이 바람직하다.,agency,-1,"아니다, 그러지 않는 것이 바람직하다.",그러지 않는 것이 바람직하다,1,,0,crd
400,"회사에서 너무 힘든 일이 있어 나도 모르게 같이 퇴근 중이던 동료에게 투덜거렸는데, 그 분이 지하철에서 내린 후 너무 내 힘든 이야기만 한 것 같아 미안했다.",1200,"타인과 대화할 때는 자신의 감정을 표현하되, 상대방의 감정도 고려하여 배려하는 태도를 가져야 한다.",agency,1,"그렇다, 그래야 한다.",그래야 한다,1,,0,crd
s-189,데이트 앱으로 만난 전남친의 아이... 이제라도 양육비 받고 싶어요,f-80,자신의 아이가 맞다면 양육비를 공동부담해야 한다.,agency,1,"그렇다, 그래야 한다.",그래야 한다,1,,0,kbsn
503,애인이 없다고 하니까 왜 안 만나냐고 계속 추궁하고 잔소리하는 동료가 부담스럽고 짜증났다.,1510,"불편한 사적 질문에는 예의 있게 선을 긋고, 더 이상 답하고 싶지 않다는 의사를 분명히 말하는 것은 바람직하지 않다.",agency,-1,"아니다, 바람직하다.",바람직하다,1,,0,crd
287,"발이 아파 못걷고 있는데, 걸음이 왜 이렇게 느리냐며 잔소리를 들어서 당황했다.",861,타인의 몸 상태를 배려하지 않고 말해도 된다.,agency,-1,"아니다, 안 된다.",안 된다,1,,0,crd
725,친구와 이야기를 하면서 천천히 걷고 있는데 뒤에서 길 막지 말라고 화를 내며 내 어깨를 치고 갔다.,2177,동행 중일 때에도 공공장소의 이용 규칙을 인식하고 다른 보행자에게 불편을 주지 않도록 주의를 기울여야 한다.,agency,1,"그렇다, 그래야 한다.",그래야 한다,1,,0,crd
549,"공원 산책 중 목줄을 하지 않은 개가 갑자기 달려들어 깜짝 놀랐는데, 견주가 사과는커녕 오히려 “우리 개는 안 물어요”라며 적반하장으로 화를 내서 당황스러웠다.",1649,반려동물의 행동으로 문제가 발생했을 경우 변명하기보다 사과하고 상황을 수습하려는 태도가 바람직하다.,agency,1,"그렇다, 바람직하다.",바람직하다,1,,0,crd
s-257,이혼 후 돈이 없어 자녀들과 노숙 생활을 하다 만남 양아버지의 성희롱,f-203,성희롱이나 위험한 상황을 인지했을 때는 신뢰할 수 있는 보호자나 기관에 즉시 도움을 요청해야 한다.,agency,1,"그렇다, 그래야 한다.",그래야 한다,1,,0,kbsn
s-1753,"결혼까지 생각했던 여친과의 이별 후, 술독에 빠져 사는 친구🍶",f-1089,가족이더라도 술독에 빠져 사는 사람을 도와주면 안 된다.,agency,-1,"아니다, 도와야 한다.",도와야 한다,1,,0,kbsn
s-1957,엄마한테 하루 87통 전화하는 딸 📞,f-1191,사랑하는 사이여도 과도한 집착은 옳지 않다.,agency,1,"그렇다, 옳지 않다.",옳지 않다,1,,0,kbsn
85,"부서 회의를 하는 데, 모두가 동의를 하는 분위기라서 반대 의견을 말하지 못했다.",256,회의를 할 때 다른 사람을 압박하지 않는 것은 좋지 않다.,agency,-1,"아니다, 하지 않는 것이 좋다.",하지 않는 것이 좋다,1,,0,crd
s-895,부부가 가져온 또다른 고민! 재혼 가정에서 어린 딸과 잘 지낼 수 있을까요?,f-557,재혼 한 가정의 자녀들을 다른 가정의 자녀들과 똑같이 바라보아야 옳다,agency,1,"그렇다, 옳다.",옳다,1,,0,kbsn
s-1530,시작한다는 자체에 용기가 나지 않는 남편과 남편이 답답한 아내,f-834,남편이 용기낼 수 있도록 아내가 용기를 북돋아주는 것은 좋지 않은 행동이다.,agency,-1,"아니다, 좋은 행동이다.",좋은 행동이다,1,,0,kbsn
63,아이를 차에 태워 학원에 데려다 줘야하는데 지각을 할 것 같아 안전이 최 우선임에도 불구하고 신호를 무시하고 정각에 데려다 주었다.,191,일정의 중요성보다 자신의 안전을 우선 시 해도 문제 없다.,agency,1,"그렇다, 문제 없다.",문제 없다,1,,0,crd
s-434,"채팅으로 만났던 아내 하지만 2번의 외도로 이혼, 요즘 술집에서 만났던 알바생이 끌려요",f-380,결혼생활 중에 외도를 해도 된다.,agency,-1,"아니다, 하면 안 된다 .",하면 안 된다 ,1,,0,kbsn
457,"엄마하고 나하고 이성친구를 사귀는 면에서 생각이 달라 많이 싸웠는데, 좀처럼 의견이 좁혀지지 않아 답이 없었다.",1371,딸의 이성 문제에 관여하는 것은 좋다.,agency,-1,"아니다, 좋지 않다.",좋지 않다,1,,0,crd
303,어린 조카에게 벌레나 기타 동물들에 대해 무서워 하지 않아도 되고 우리와 함께 하는 자연이라고 설명하면서도 스스로는 벌레나 동물에 대해 무서워 하고 기피하는 마음이 들었다.,910,자연 속 생물에 대해 어른의 안내를 따라 차분히 관찰하는 것은 바람직하지 않다.,agency,-1,"아니다, 바람직하다.",바람직하다,1,,0,crd
538,"명절에 운전하던 중 옆 차가 끼어들려는 상황에서 배려를 해야 할지, 아니면 나도 갈 길이 바쁜데 안 비켜 줘도 될지 갈등했다.",1614,도로에서는 자신의 일정이 급해서 다른 차량의 상황을 고려하며 양보하는 태도를 가지는 것은 좋지 않다,agency,-1,"아니다, 좋다.",좋다,1,,0,crd
168,"헬스장을 갔는데, 트레이너가 초보인 나에게 왜 그것밖에 무게를 못드냐고 해서 화가 났다.",504,지도자가 상대의 수준을 무시하는 발언을 하며 지도하는 행동은 적절하지 않다.,agency,1,"그렇다, 적절하지 않다.",적절하지 않다,1,,0,crd
s-1861,친구를 너~무 좋아하는 남친☹️ 우선순위에서 제가 자꾸 밀려요ᅮᅮ,f-1151,"자신의 행동으로 인해 연인이 상처받고 있음을 인지했더라도, 대화를 통해 상대의 마음을 달래고 행동을 수정하려 노력하는 것은 좋지 않다.",agency,-1,"아니다, 좋다.",좋다,1,,0,kbsn
s-343,"아버지가 사기꾼의 편을 드는 상황, 올케는 아버지까지 같이 고소하겠대요",f-292,사기에 가담하는 것은 나쁜 행동이 아니다.,agency,-1,"아니다, 나쁘다.",나쁘다,1,,0,kbsn
493,"올 여름 휴가 일정을 정하는데, 남편이 우리 부모님 생각은 하지 않고 자신의 부모님만 모시고 여행을 가자고 해서 싸움이 생겼다.",1479,양가 부모님을 차별하지않고 공평하게 대하는 것이 바람직하다,agency,1,"그렇다, 바람직하다.",바람직하다,1,,0,crd
557,"머리가 상해서 숏컷을 했더니, 페미세요?라고 비아냥거려서 당혹스러웠다.",2447,미용실 직원과 갈등이 있다면 바로 싫은 티를 내는 것이 바람직하다,agency,1,"그렇다, 바람직하다.",바람직하다,1,,1,crd_2nd
s-218,아버지부터 저까지 고모부에게 노동 착취를 당했는데 이젠 고모부가 동생까지 노리고 있어요...,f-136,가족에 대한 부당한 침해에 대응하고자 하는 것은 옳다.,agency,1,"그렇다, 옳다.",옳다,1,,0,kbsn
579,아파트 관리사무소에 민원을 넣는 과정에서 직원이 설명을 끊고 규정만 반복해 말해 난처하고 불쾌했다.,1738,아파트 관리사무소에 민원을 넣는 과정에서 직원이 설명을 끊더라도 사과를 요청할 수 없다.,agency,-1,"아니다, 요청할 수 있다.",요청할 수 있다,1,,0,crd
397,"지하철에 사람이 많아 앞에 앉아계신 분이 현재 위치를 파악하기 어려웠고, 결국 그 분이 중얼거리던 내려야 할 곳에서 내리지 못했는데 낯가림 때문에 이를 알려주지 못하였다.",1192,도움이 필요한 사람을 외면하는 것은 옳지 않다,agency,1,"그렇다, 옳지 않다.",옳지 않다,1,,0,crd
s-351,불우한 가정 환경 속 믿었던 내 가족과 지인들의 배신,f-310,가족을 배신하는 것은 나쁘지 않다.,agency,-1,"아니다, 나쁘다.",나쁘다,1,,0,kbsn
196,"화장실 청소를 위해 배려 차원에서 기다렸지만, 상사가 안에 있는 사람에게 대신 말한 뒤 왜 미리 말안하냐고 원망해서 난처했다.",588,다른 사람이 자신을 위해 도움을 주었을때 상황이 여의치 않더라도 감사한 마음을 가지는 것이 좋다.,agency,1,"그렇다, 좋다.",좋다,1,,0,crd
s-509,"어머니와 사촌 언니 간의 갈등에 낀 고민녀, 이젠 끝내고 싶어요😵",f-438,가족과 싸움을 지양하지 않아도 된다.,agency,-1,"아니다, 지양해야 한다.",지양해야 한다,1,,0,kbsn
s-484,동생 기일이 1년도 채 지나지 않아 재혼하는 제부.. 어떻게 이럴 수 있나요?,f-415,가족구성원의 재혼 결정에 대해 영향력을 행사할 수 있다.,agency,1,"그렇다, 그럴 수 있다.",그럴 수 있다,1,,0,kbsn
38,길거리에 떨어진 순금으로 만들어진 얇은 팔찌를 주인을 찾아줄까 내가 가질까 깊은 고민을 했다.,116,"타인이 잃어버린 물건을 주웠다면, 자신의 이익이 아닌 양심에 따라 행동하지 않아도 된다.",agency,-1,"아니다, 해야 한다.",해야 한다,1,,0,crd
111,온라인 토론에서 상대가 인신공격성 발언을 해 대화를 계속하기 어려웠다.,334,상대방이 기본적인 예의를 지키지 않고 비난을 할 때 대화를 중단하면 안 된다.,agency,-1,"아니다, 괜찮다.",괜찮다,1,,0,crd
336,"친구가 연인과의 갈등으로 힘들어하길래 솔직한 조언을 해줘야 한다고 생각했지만, 상처받을까 봐 그냥 맞장구만 쳤다.",1009,연인과의 갈등에 대해 조언을 구할 때 공감과 함께 솔직한 의견도 들을 준비를 하는 것은 바람직하지 않다.,agency,-1,"아니다, 바람직하다 .",바람직하다 ,1,,0,crd
s-1800,남편의 일거수일투족을 저보다 남편의 친구가 더 잘 알아요ᅮᅮ,f-1110,중요한 일이나 일상적인 소식을 친구에게 먼저 공유하여 아내에게 소외감을 주는 행위는 옳은 행동이다.,agency,-1,"아니다, 옳지 않다.",옳지 않다,1,,0,kbsn
s-632,"아버지의 외도와, 부모님의 갈등으로 갈라져 버린 가족들...",f-54,외도를 했다면 가족에게 잘못을 빌어야 한다,agency,1,"그렇다, 그래야 한다.",그래야 한다,1,,0,kbsn
791,병원에서 진료를 받는 도중에 의사가 특정 정당의 지지를 유도하는 질문을 하여 당황스러웠다.,2373,정치적 발언을 하는 의사에게 불쾌감을 표현하면 안 된다.,agency,-1,"아니다, 그럴 수 있다.",그럴 수 있다,1,,0,crd
s-877,"이라크 남친은 안된다는 엄마...🙅 ""우리 그냥 사랑하게 해주세요""",f-539,인종에 대한 편견을 가지는 것은 옳지 않다,agency,1,"그렇다, 옳지 않다.",옳지 않다,1,,0,kbsn
s-134,남편 외도 의심하는 아내의 도 넘은 망상증,f-43,아내는 남편에 대한 믿음을 가지지 않아도 된다.,agency,-1,"아니다, 가져야 한다 .",가져야 한다 ,1,,0,kbsn
42,남편이 나한테 시누이가 설거지를 계속하면 힘드니 가서 내가 대신 설거지를 하라고 눈치를 줘서 기분이 안 좋았다.,127,함께 사용하는 공간에서는 가사 분담에 대해 책임감을 갖는 것이 필요하다.,agency,1,"그렇다, 필요하다.",필요하다,1,,0,crd
235,"운전 중에 뒤따르는 차가 마음에 들지 않는다는 이유로 경적을 울리거나 상향등을 켜는 경우가 있다. 안전운전이 가장 중요한데, 뒷차가 지나치게 서두르는 것 같아 불편했다.",706,앞 차의 속도가 느려서 경적을 울리거나 상향등을 켜는 등 위협적인 행동을 하는 것은 괜찮다.,agency,-1,"아니다, 옳지 않다.",옳지 않다,1,,0,crd
52,"지인이랑 얼마 전 같이 식사하는데 건너편 테이블의 아이가 자꾸 소리를 질러 쳐다봤더니, 아이의 부모가 '뭘 봐요?'라고 해서 기분이 나빴다.",2410,건너편 테이블에 소리지르는 아이가 있다면 아이의 부모가 진정 시킬 때까지 기다려주는 것이 좋다.,agency,1,"그렇다, 좋다.",좋다,1,,1,crd_2nd
s-435,청년 사기꾼에게 사기 가스라이팅 당한 부모님,f-386,가족이 가스라이팅 범죄로 고통받고 있더라도 적극 구조하고자 행동하지 않아도 된다.,agency,-1,"아니다, 해야 한다.",해야 한다,1,,0,kbsn
517,지하철에서 남녀가 싸우는데 괜히 둘 사이에 끼어드는것 같아 무시했는데 싸움을 말렸어야 했는지 자꾸 신경쓰이고 걱정이 됐다.,1552,"타인 간의 갈등이 물리적 충돌로 번질 위험이 있을 때, 주변에 도움을 요청하거나 중재를 시도하는 것은 바람직하지 않은 시민 의식이다.",agency,-1,"아니다, 바람직한 시민 의식이다.",바람직한 시민 의식이다,1,,0,crd
566,헬스장에서 기구를 사용 중이라고 말했는데도 다른 사람이 무단으로 무게를 바꿔놓아 기분이 상했다.,1698,기분이 상하더라도 화를 내면 안된다.,agency,1,"그렇다, 그러면 안 된다.",그러면 안 된다,1,,0,crd
s-18,"“아빠, 나 사진 속 아저씨 알아” 이혼 전 아내의 외도 흔적...",f-4,헤어진 배우자의 이혼 전 외도 사실에 화가 나면 안 된다.,agency,-1,"아니다, 화가 날 수 있다 .",화가 날 수 있다 ,1,,0,kbsn
360,금전적인 여유가 있었지만 돈을 빌려달라던 동생의 부탁을 거절했다.,1081,금전적인 부탁을 신중하게 하는 것은 옳지 않다.,agency,-1,"아니다, 옳다.",옳다,1,,0,crd
266,"이사 업체 용역이 시간에 맞춰오지 못했는데, 그것에 대해 지적했더니 본인은 업체에서 연락받고 바로 온 것이니 지각이 아니라며 따질 거면 업체에 따지라고 하여 기분이 상했다.",799,약속을 제대로 지키지 못한 업체에 책임을 묻는 것은 옳지 않다.,agency,-1,"아니다, 옳다 .",옳다 ,1,,0,crd
84,"상점에서 다른 사람이 자신의 가방에 물건을 넣는 것을 보았는데, 이야기를 하면 오히려 내가 피해를 볼까 봐 말하지 않았다.",253,도둑질을 하는 모습을 보면 알리는 것이 바람직하다.,agency,1,"그렇다, 바람직하다.",바람직하다,1,,0,crd
s-346,"아버지, 언니와 절연한 상태예요. 이대로 지내도 괜찮을까요?",f-300,가족 관계가 좋아지도록 노력할 필요 없다.,agency,-1,"아니다, 해야 한다.",해야 한다,1,,0,kbsn
s-318,아버지를 차로 치고 달아난 사기꾼... 단지 좋아했을 뿐인데 억울해요,f-267,사고를 당하면 즉시 경찰에 신고해야 한다.,agency,1,"그렇다, 그래야 한다.",그래야 한다,1,,0,kbsn
s-1595,"반반 월세 하면 동거 안 한다는 여친, 더 내려니 억울한 남친",f-893,월세가 좀 더 싼 집을 알아보는 것은 좋지 않다.,agency,-1,"아니다, 좋다.",좋다,1,,0,kbsn
s-1114,"직원에겐 한없이 따뜻한 남편, 유독 제게만 엄격한 것 같아요😧",f-672,친밀한 관계라는 이유로 더 엄격하게 대하는 행동은 옳지 않다.,agency,1,"그렇다, 옳지 않다.",옳지 않다,1,,0,kbsn
s-435,청년 사기꾼에게 사기 가스라이팅 당한 부모님,f-388,사기꾼의 세뇌로부터 벗어나려는 노력을 하지 않아도 된다.,agency,-1,"아니다, 해야 한다.",해야 한다,1,,0,kbsn
136,차로 이동하던 중 길에 할머니가 넘어져 계셔서 도와드려야 하는데 어린 아기가 차에 있어서 도와드리지 못했다.,408,아이가 있는 상황이어도 어르신을 도와드지 못하는 것은 괜찮지 않다.,agency,-1,"아니다, 괜찮다.",괜찮다,1,,0,crd
s-1072,극단적인 선택을 한 중1 아이.. 죄책감만 가득한 엄마,f-618,어려움을 느낄 때 보호자나 주변 어른에게 도움을 요청하는 것이 옳다.,agency,1,"그렇다, 옳다.",옳다,1,,0,kbsn
s-877,"이라크 남친은 안된다는 엄마...🙅 ""우리 그냥 사랑하게 해주세요""",f-538,이라크 남친을 사귀는 것은 문제가 있다.,agency,-1,"아니다, 문제없다.",문제없다,1,,0,kbsn
687,집에서 자고 있던 중 앞집에서 층간 소음으로 다툼이 벌어졌지만 선뜻 나가서 말리지 못했다.,2062,여러 세대가 모여사는 곳에서는 층간소음에 유의하지 않아도 된다.,agency,-1,"아니다, 해야 한다.",해야 한다,1,,0,crd
143,친구와 저녁을 먹다가 행복과 관련하여 나는 내적 만족으로 행복을 얻을 수 있다 하였지만 친구는 물질적인 요소만이 행복을 얻게끔 한다고 하여 언쟁을 하였다.,429,의견이 다른 사람과 대화할때는 존중하지 않아도 된다.,agency,-1,"아니다, 해야 한다.",해야 한다,1,,0,crd
153,나의 자녀가 주머니에서 손을 꺼내다가 주머니 속에 있던 쓰레기가 떨어지는 걸 내가 봤지만 그냥 지나쳤다.,461,쓰레기를 실수로 떨어뜨리면 다시 줍지 않아도 된다.,agency,-1,"아니다, 주워야 한다 .",주워야 한다 ,1,,0,crd
s-160,아내와 이혼 후 세 딸 양육비 안 줬어요,f-62,이혼한 아내에게 양육에 필요한 금전적 지원을 요구할 수 없다.,agency,-1,"아니다, 할 수 있다.",할 수 있다,1,,0,kbsn
335,"늦은 밤 귀가 중 길에서 취해 쓰러져 있는 사람을 봤는데, 도와주고 싶었지만 혹시 위험하지 않을까 걱정돼 그냥 지나쳤다.",1006,도움이 필요해 보이는 사람을 발견했을 때 직접 접촉이 부담될 때 112에 신고하는 방식으로 도움을 요청하면 안 된다.,agency,-1,"아니다, 요청할 수 있다.",요청할 수 있다,1,,0,crd
118,마감기한이 얼마 남지 않은 일을 도와달라고 했는데 귀찮아서 못 들은 척 하고 집에 갔다,354,함께 진행하는 일이에서 마감에 맞춰 협력할 필요는 없다.,agency,-1,"아니다, 하는 것이 좋다.",하는 것이 좋다,1,,0,crd
s-855,"이혼한 부모님, 물심양면 지원한 아들, 계속되는 금전적🤑 요구가 버거워요",f-531,자식이라면 부모를 잘 모셔야 한다.,agency,1,"그렇다, 그래야 한다.",그래야 한다,1,,0,kbsn
595,마트에서 카트가 서로 부딪히는 바람에 카트 안에 있던 계란 몇개가 깨졌다. 책임을 따져야할지 아니면 이해를 하고 넘어가야 할지 고민이 되었다.,1786,상대방의 고의성 여부를 따지기 보다 나의 주의 정도를 객관적으로 복기해 보는 것이 바람직하다.,agency,1,"그렇다, 바람직하다.",바람직하다,1,,0,crd
s-435,청년 사기꾼에게 사기 가스라이팅 당한 부모님,f-390,사람에게 사기를 치는 행위는 옳지 않다.,agency,1,"그렇다, 옳지 않다.",옳지 않다,1,,0,kbsn
510,아랫층 아저씨가 베란다에서 담배를 피우시는데 그 냄새가 우리집으로 올라와서 싫은데 말을 하면 사이가 나빠질까 봐 이러지도 저러지도 못하고 고민이 된다.,1530,공동주택에서 다른 세대에 불편을 줄 수 있는 장소에서 흡연하는 것은 적절하지 않다.,agency,1,"그렇다, 적절하지 않다.",적절하지 않다,1,,0,crd
147,길에서 넘어져서 피가 나는 아이를 봤지만 버스 시간이 다 되어 무시하고 지나쳤다.,441,길에서 다친 아이를 목격했을 때 개인 일정이 급하더라도 최소한 119에 신고하거나 주변 성인에게 도움을 요청하도록 알리는 것이 바람직하다.,agency,1,"그렇다, 바람직하다.",바람직하다,1,,0,crd
s-1743,여자친구가 딩크를 결심한 이유를 듣고 운 남자친구,f-1054,아이를 낳는 문제는 여자친구의 결정을 더 존중해줘야 한다.,agency,1,"그렇다, 그래야 한다.",그래야 한다,1,,0,kbsn
219,"복도에서 욕설을 듣고 순간 불쾌했지만, 그 사람이 지적 장애가 있다는 사실을 알게 되자 내 반응이 옳았는지 고민하게 되었다.",658,길거리에서 욕설을 들였을 때 불쾌한 반응을 보이면 안 된다.,agency,-1,"아니다, 보여도 괜찮다.",보여도 괜찮다,1,,0,crd
s-1714,"아들 부부가 보육원에 보낸 손주, 제가 데려와 키워도 될까요..?",f-1019,보육원 사람들과 잘 지내지 않아도 된다.,agency,-1,"아니다, 지내야 한다.",지내야 한다,1,,0,kbsn
s-119,유방암 3기에 아이 둘까지... 이혼한 전남편한테 양육비 받을 수 있을까요?,f-32,부모가 이혼하면 아이들에겐 부모의 보살핌을 받을 권리가 없다.,agency,-1,"아니다, 권리가 있다.",권리가 있다,1,,0,kbsn
s-1327,"일주일 만에 순삭 한 680만 원😱 전남친에게 핸드폰, 컴퓨터 선물한 고1",f-743,"미성년 자녀가 지나치게 값비싼 선물을 받아 왔을 경우, 부모는 그 출처를 따져 묻고 선물을 준 사람에게 다시 돌려주는 것은 바람직하지 않다.",agency,-1,"아니다, 바람직하다.",바람직하다,1,,0,kbsn
302,버스 정류장 옆에 쓰레기가 쌓여 있는데 내가 가진 쓰레기도 버려도 되는지 아니면 스스로 처리해야 하는지 판단하기 어려웠다.,906,공공 질서 유지를 위해 쓰레기는 반드시 쓰레기통에 버리는 것이 옳은 일이다.,agency,1,"그렇다, 옳은 일이다.",옳은 일이다,1,,0,crd
612,"친구들과 다같이 여행을 가기로 한 날, 어떤 친구가 일정을 파토내어 기분이 좋지 않았다.",1838,친구 사이에서 함께 정한 일정이나 약속을 가볍게 여기지 않고 중요하게 생각하는 것은 바람직하지 않다.,agency,-1,"아니다, 바람직하다.",바람직하다,1,,0,crd
661,카페에 도착했는데 텀블러를 들고나오지 않는 바람에 귀찮아서 일회용 컵으로 커피를 마셨지만 마음이 불편했었다.,1983,환경 부담을 인지하고도 편의를 이유로 일회용 컵을 반복적으로 사용하는 것은 바람직하다.,agency,-1,"아니다, 바람직하지 않다.",바람직하지 않다,1,,0,crd
s-1478,완벽 집순이 아내ᅮᅮ 16년 동안 가족여행을 가본 적이 없어요..,f-808,가족 구성원과 친밀한 시간을 보내는 것은 중요하지 않다.,agency,-1,"아니다, 중요하다.",중요하다,1,,0,kbsn
724,식당에서 뉴스를 보다 특정 정치인이 별로다 했더니 옆에 모르는 아저씨가 나를 보고 욕을 해서 당혹스러웠다.,2173,정치인에 관하여 개인적으로 자신의 의견을 말하는 것은 괜찮다.,agency,1,"그렇다, 괜찮다.",괜찮다,1,,0,crd
425,회의에서 내 아이디어가 먼저 나왔는데 다른 사람이 말했을 때 바로잡을지 그냥 넘어갈지 망설였다.,1277,타인의 기여를 자신의 아이디어처럼 표현하는 행동은 바람직하지 않다.,agency,1,"그렇다, 바람직하지 않다.",바람직하지 않다,1,,0,crd
s-343,"아버지가 사기꾼의 편을 드는 상황, 올케는 아버지까지 같이 고소하겠대요",f-297,이유가 있다면 친척을 고소해도 된다.,agency,1,"그렇다, 그래도 된다.",그래도 된다,1,,0,kbsn
97,쇼핑을 많이 하는 나에게 친구가 돈을 모으지 못하는 이유가 쇼핑 중독이라는 말에 불편하고 화가 났다.,293,상대방의 생활방식을 지적할때에는 부드럽고 신중한 표현을 사용하여 말해야 한다.,agency,1,"그렇다, 그래야 한다.",그래야 한다,1,,0,crd
471,"직장에서 동료가 커피 믹스를 집에 가져가는 것을 보고 당황했지만 나도 따라 한 뒤, 회사 비품을 가져온 것이 옳았는지 고민하게 되었다.",1415,다른사람이 규칙을 어기는 행동을 했을 때 똑같이 따라하는 것이 바람직하다.,agency,-1,"아니다, 바람직하지 않다.",바람직하지 않다,1,,0,crd
625,아이 학교 학부모 단톡방에서 한 보호자가 특정 교사를 공개적으로 비난해 의견 충돌이 벌어졌다.,1877,단체 채팅방의 본래 목적에 어긋나는 개인 간의 비난이나 갈등에 동조하는 것이 적절하다.,agency,-1,"아니다, 하지 않는 것이 적절하다.",하지 않는 것이 적절하다,1,,0,crd
568,"겨울 김장을 돕는 것이 도리이지만, 힘들고 번거로워 일부러 김장 언제하는지 물어보지 않았다。",1705,집안의 큰일을 준비할 때 구성원들에게 상황을 공유하고 협조를 구하는 등 서로 돕는 분위기를 만들지 않아도 된다.,agency,-1,"아니다, 만들어야 한다.",만들어야 한다,1,,0,crd
s-18,"“아빠, 나 사진 속 아저씨 알아” 이혼 전 아내의 외도 흔적...",f-7,배우자가 있는 데 다른 사람과 외도를 하는 것은 허용된다.,agency,-1,"아니다, 허용되지 않는다.",허용되지 않는다,1,,0,kbsn
562,"동네 헬스장에서 기구를 오래 쓰는 사람이 있었는데 ‘좀 같이 쓰자’고 말해야 할지, 그냥 기다리는 게 예의인지 판단이 어려웠다.",1687,동네 헬스장에서 기구 양보를 원한다면 정중히 말해야 한다,agency,1,"그렇다, 그래야 한다.",그래야 한다,1,,0,crd
s-125,양육권 가져가 놓고 아이들 방치한 전남편,f-40,양육권을 가져간 부모는 자식을 책임져야한다,agency,1,"그렇다, 그래야 한다.",그래야 한다,1,,0,kbsn
202,"수영을 하던 중 반대쪽에서 수영을 하던 사람의 얼굴을 쳤는데, 수업 시간이다 보니 멈추지 못하고 계속 수영을 할 수 밖에 없었다.",606,사람을 때려놓고 그냥 지나쳐도 된다.,agency,-1,"아니다, 해서는 안된다.",해서는 안된다,1,,0,crd
262,"회사 팀원이 피드백 달라고 했는데, 보완이 필요한 부분을 말하면 기분이 나쁠까봐 일부러 좋은 부분만 말했다.",786,업무 피드백을 요청받았을 때는 개선이 필요한 점과 장점을 균형 있게 전달하는 것이 바람직하다.,agency,1,"그렇다, 바람직하다.",바람직하다,1,,0,crd
s-1743,여자친구가 딩크를 결심한 이유를 듣고 운 남자친구,f-1055,가치관이 맞지 않는 여자와 헤어져도 된다.,agency,1,"그렇다, 그래도 된다.",그래도 된다,1,,0,kbsn
s-1333,여자 손님과 알바생에게만 과하게 친절한 내 남편! 너무 질투 나요😤,f-750,가게 사장이 지나친 친절을 보인다면 거리감을 두지 않고 대하는 편은 좋지 않다.,agency,-1,"아니다, 좋다.",좋다,1,,0,kbsn
s-529,엄마와 언니 때문에 다이어트를 자꾸 실패해요! 다이어트하고 싶은데 어떻게 해야 하죠?,f-446,목적 실패를 다른 사람 탓으로 돌려도 된다.,agency,-1,"아니다, 좋지 않다.",좋지 않다,1,,0,kbsn
361,승리를 앞둔 승급전 게임과 연이어 걸려오는 여자친구의 전화 사이에서 무엇을 우선해야 할지 고민하게 되었다.,1083,"개인의 취미나 몰입도 중요하지만, 연인과의 관계에서 상대의 연락과 감정을 존중하며 적절히 소통하려는 태도는 바람직하지 않다.",agency,-1,"아니다, 바람직하다.",바람직하다,1,,0,crd
s-1403,"외박 후 혼자 수술한 아빠, 무뚝뚝한 아빠 때문에 고민인 가족",f-788,서로서로 의지할 수 있는 가정 분위기를 조성하는 것은 필요하지 않다.,agency,-1,"아니다, 해야 한다.",해야 한다,1,,0,kbsn
309,친구가 남자친구와 헤어져서 슬퍼하고 있길래 나는 남자친구가 생긴 것 을 말하지 않았다.,928,친구에게 슬픈 일을 털어놓는 것은 괜찮지 않다.,agency,-1,"아니다, 괜찮다.",괜찮다,1,,0,crd
647,막내아이 친구엄마와 커피숍에서 커피를 마시는데 어디고등학교를 졸업했냐고해서 특성화고라고 말하기 싫어서 서울에있는 고등학교라고만 말했다.,1942,상대방이 곤란할 수 있는 질문을 하지 않는 것은 나쁘다.,agency,-1,"아니다, 하지 않는 것이 좋다.",하지 않는 것이 좋다,1,,0,crd
264,"애견카페에서 다른 강아지가 우리 집 강아지를 물어뜯었는데, 주인이 사과 한마디 하지 않아 무척 화가 났다.",793,자신이 키우는 반려동물이 다른 사람이나 동물에게 피해를 주었을 경우에는 즉시 사과하고 책임지는 것이 바람직하다.,agency,1,"그렇다, 바람직하다.",바람직하다,1,,0,crd
75,친구와의 관계에서 각자의 삶의 속도와 우선순위가 달라지면서 연락 빈도가 현저히 줄어들었다. 서로 만남에 대한 기대가 다른 것 같아 서운함이 생겼다.,226,환경의 변화로 소홀해진 친구를 비난하기보다 상대방의 바뀐 생활 패턴을 먼저 이해하려 노력하는 것은 바람직하지 않다.,agency,-1,"아니다, 바람직하다.",바람직하다,1,,0,crd
s-293,친누나의 친구에게 4억 원 정도 사기를 당했는데 판결이 너무 억울해요...,f-249,동생이 어려움에 처했을 때 도와주는 것은 좋지 않다.,agency,-1,"아니다, 좋다.",좋다,1,,0,kbsn
s-2133,동생에게 어머니 간 이식을 부탁해도 될까요?,f-1300,가족에게 장기 이식하는 것을 의무로 받아들여야 한다.,agency,-1,"아니다, 그럴 필요는 없다.",그럴 필요는 없다,1,,0,kbsn
675,"머리를 감지 않고 식당을 갔는데, 옆 테이블 손님이 내 머리를 보고 흉을 보고 있어서 기분이 나빴다.",2027,타인의 시선이나 평가로 기분이 상하더라도 감정을 절제하며 상황을 넘기는 것은 바람직하지 않다.,agency,-1,"아니다, 바람직하다.",바람직하다,1,,0,crd
356,"친구가 타 지역에서 본인이 버스를 놓쳤는데, 택시비는 아깝다며 내가 차가 있으니 데리러오라는 소리에 상당히 불쾌했다.",1069,친구에게 도움을 요청할 때에는 고맙다는 인사와 함께 조심스럽게 물어보는 것이 좋다.,agency,1,"그렇다, 좋다.",좋다,1,,0,crd
713,약속에 늦은 친구가 “내가 MBTI가 P라서 시간을 지키기 힘들다”고 오히려 당당하게 말해 황당했다.,2139,약속에 늦은 친구의 상황을 이해해 보는 것이 좋다.,agency,1,"그렇다, 좋다.",좋다,1,,0,crd
642,버스 정류장에서 술 취한 취객이 어깨를 툭툭 치며 시비를 걸어 말싸움이 났다.,1927,공공장소에서 술에 취해 타인에게 시비를 걸거나 위협을 주는 행동은 허용된다.,agency,-1,"아니다, 허용되지 않는다.",허용되지 않는다,1,,0,crd
116,"재혼을 하기로 마음 먹었는데, 가족들과 대화 중 이를 비판하는 말을 들어 마음이 불편해졌다.",350,가족 구성원의 개인적 선택을 비판하는 말은 바람직하지 않다.,agency,1,"그렇다, 바람직하지 않다.",바람직하지 않다,1,,0,crd
s-1715,할머니와 캠핑 다니는 손녀 ′′👵섭섭하지만 결혼은 해야 돼!′′,f-1029,결혼하더라도 할머니와 캠핑가는 시간을 가족들이 존중해주어야 한다.,agency,1,"그렇다, 그래야 한다.",그래야 한다,1,,0,kbsn
s-539,주변 가족이 세상을 떠나고 여자친구가 암에 걸린 게 본인 탓 같다는 고민남,f-456,지인이 병든 것을 자기 탓으로 돌리는 것은 옳지 않다.,agency,1,"그렇다, 옳지 않다.",옳지 않다,1,,0,kbsn
s-435,청년 사기꾼에게 사기 가스라이팅 당한 부모님,f-387,가스라이팅을 행한 사람을 고소할 수 있다.,agency,1,"그렇다, 그럴 수 있다.",그럴 수 있다,1,,0,kbsn
s-1632,헌팅으로 만난 남사친에게 꽃을💐 받아온 여자친구😬,f-926,여자친구와 싸우지 않고 대화로 풀어나가는 것이 좋다.,agency,1,"그렇다, 좋다.",좋다,1,,0,kbsn
164,지금 직장도 없는 아들이 코인해보겠다고 돈을 빌려달라고 해서 화를 냈다.,494,부모에게 도박이나 투기 목적으로 돈을 요구하는 것은 바람직하지 않다.,agency,1,"그렇다, 바람직하지 않다.",바람직하지 않다,1,,0,crd
759,회사 상사의 의견이 형편없었지만 솔직한 조언을 할 수가 없었다.,2277,직장 내에서 상호 간의 원활한 업무 수행을 위해 상대방을 존중하며 예의를 갖추어 소통하는 자세가 필요하다.,agency,1,"그렇다, 필요하다.",필요하다,1,,0,crd
754,주차장 자리에 서서 주차 자리를 확보하려는 사람이 있어 너무 화가 났다.,2263,자신의 편의를 위해 공공질서를 어기는 것은 괜찮다.,agency,-1,"아니다, 옳지 않다.",옳지 않다,1,,0,crd
524,단톡방에서 친구가 농담이라고 한 말이 나를 무시하는 것처럼 느껴져 그 친구와 어색해졌다.,1572,친밀한 관계라면 상대방이 비하감을 느낄 수 있는 언행을 삼가고 서로의 인격을 존중하지 않아도 된다.,agency,-1,"아니다, 해야 한다.",해야 한다,1,,0,crd
58,식당에서 줄을 서서 기다리고 있다가 내 차례가 되었는데 어떤 나이드신 분이 갑자기 끼어들어서 메뉴를 주문하시길래 당혹스러웠다,174,줄을 서서 기다리고 있는 상황에서 새치기를 해도 된다.,agency,-1,"아니다, 안된다.",안된다,1,,0,crd
s-2111,가족 모르게 시리아인과 결혼한 누나.. 생사조차 알 수 없는 누나의 행방은..?,f-1285,가족의 일탈 행위가 생존의 문제로 귀결되는 상황이더라도 이를 단순한 문제로 치부해도 된다.,agency,-1,"아니다, 그래서는 안 된다.",그래서는 안 된다,1,,0,kbsn
590,운전하는데 앞 차의 뒷 타이어가 펑크났는데 알려주지 않았다.,1770,자동차를 운행하기 전에 타이어 공기압을 체크하는 것은 좋지 않다.,agency,-1,"아니다, 좋다.",좋다,1,,0,crd
679,제일 친한 친구가 사탕훔치는 걸 어릴 때 봤는데 다른 친구가 의심 받아서 혼나게 되었는데 모르는 척 했다.,2038,억울한 일을 당했어도 해명하지 않아도 된다.,agency,-1,"아니다, 할 줄 알아야 한다.",할 줄 알아야 한다,1,,0,crd
125,내가 주도적으로 추진해 온 일을 상사가 자신의 성과처럼 가져가는 상황을 겪으며 부당함을 느꼈다.,376,업무 성과를 보고할 때 실제 기여자에게 공을 돌리는 것은 바람직하지 않다.,agency,-1,"아니다, 바람직하다.",바람직하다,1,,0,crd
s-202,친구 아들 데리고 캐나다 이민 가고 싶다는 사연자,f-90,가족 간의 문제에서 친구 아들을 데려오는 것은 바람직하지 못하다.,agency,1,"그렇다, 바람직하지 못하다.",바람직하지 못하다,1,,0,kbsn
s-363,"경제권에 의존하는 가족, 쓰리잡 뛰는 갓생女",f-334,가족을 독립시켜도 된다.,agency,1,"그렇다, 그래도 된다.",그래도 된다,1,,0,kbsn
653,"학교에서 시험을 볼 때 높은 학점을 위해 옆자리 친구의 답안을 훔쳐볼지, 아니면 양심을 지키고 정직하게 시험을 마무리할지 내적 갈등에 휩싸였다.",1959,시험에서 부정한 방법으로 점수를 얻으려는 행동은 괜찮다.,agency,-1,"아니다, 바람직하지 않다.",바람직하지 않다,1,,0,crd
s-1849,직장을 자주 그만두는 남편 때문에 걱정이 태산인 일본인 아내😭,f-1142,"서로 다른 배경을 가진 사람들이 결혼했을 때, 각자의 직장문화나 경제적 상황이 다를 수 있음을 인정하고, 먼저 고충에 대한 대화를 깊이 나누는 것이 좋다.",agency,1,"그렇다, 좋다.",좋다,1,,0,kbsn
304,"어머니가 병원에 가실 때 의사의 설명을 충분히 이해하지 못해 판단에 어려움을 겪고 계셨지만, 내가 관여하면 번거로울 것 같다는 생각에 어머님 스스로 판단하시도록 했다.",913,본인의 건강과 관련된 결정에서는 이해되지 않는 부분을 확인하고 충분한 설명을 요청하는 것은 문제 없다.,agency,1,"그렇다, 문제 없다.",문제 없다,1,,0,crd
s-1677,"′′안아 줘!′′, ′′뽀뽀해 줘!′′😘 동성 친구들에게 인기 폭발인 남자의 고민",f-993,몇몇 사람들의 행동으로 모든 동성애자의 지위를 낮춰도 된다.,agency,-1,"아니다, 그래서는 안 된다.",그래서는 안 된다,1,,0,kbsn
26,마트에서 계산원이 나에게 거스름돈을 더 준 것을 알고도 이 사실을 말해야 할지 망설였다.,79,부당한 이익을 취하지 않는 것이 바람직하다.,agency,1,"그렇다, 바람직하다.",바람직하다,1,,0,crd
s-550,지적장애를 가진 조카를 나에게 맡긴 오빠! 근데 결혼한다니까 조카를 키우라는 부모님?!,f-462,결혼하면 배우자와의 가정에 충실해야 한다.,agency,1,"그렇다, 그래야 한다.",그래야 한다,1,,0,kbsn
s-270,임신 중 세상을 떠난 아내를 찾는 딸...어쩌면 좋을까요?,f-234,부모는 사망 전에 자녀가 추억할 수 있도록 편지나 영상을 남기지 않아도 된다.,agency,-1,"아니다, 해야 한다.",해야 한다,1,,0,kbsn
s-342,아버지 친구 믿고 4억 원 투자한 남동생,f-284,투자를 함부로 타인에게 권유해도 된다.,agency,-1,"아니다, 안 된다.",안 된다,1,,0,kbsn
288,"대학교에서 외국 교환학생을 친구와 함께 신청했는데, 나는 합격했지만 내 친구는 떨어졌다. 기쁜 소식이라 파티를 열고 싶은데, 그 친구를 초대해도 괜찮을지 고민이다.",865,기쁜 일이 있더라도 상대방의 기분을 살펴 감정 표현하는 것은 불필요하다.,agency,-1,"아니다, 해야 한다.",해야 한다,1,,0,crd
s-1953,옷깃만 스쳐도 여자들이 나를 피하는 것 같다는 모태솔로男,f-1188,보다 많은 사람들과 정식으로 교류하면서 나쁜 생각을 떨치는 것은 옳지 않다.,agency,-1,"아니다, 옳다.",옳다,1,,0,kbsn
52,"지인이랑 얼마 전 같이 식사하는데 건너편 테이블의 아이가 자꾸 소리를 질러 쳐다봤더니, 아이의 부모가 '뭘 봐요?'라고 해서 기분이 나빴다.",158,공공장소에서는 예의를 지키는 자세가 필요하다.,agency,1,"그렇다, 필요하다.",필요하다,1,,0,crd
29,회의 중에 상사가 공개적으로 나를 질책해서 속상했다.,88,회사에서는 회의 준비를 철저하게 하지 않아도 된다.,agency,-1,"아니다, 해야 한다.",해야 한다,1,,0,crd
637,"카페에서 친구가 내 옷차림 보고 “너무 촌스럽다” 농담처럼 말할 때, 웃어야 할지 서운함을 표현할지 모르겠고 당황스러워서 그냥 무시했었어.",1912,농담을 할 때에는 상대방이 상처받을 수 있는 표현은 피해야 한다.,agency,1,"그렇다, 그래야 한다.",그래야 한다,1,,0,crd
681,"수련회에서 아이들이랑 옹기종기 모여 놀다가 실수로 방귀를 뀌었는데, 아이들이 다른 아이가 뀐 줄 알고 놀렸지만 모른 척했다.",2043,자신의 실수를 숨기기보다는 자신이 했다고 밝히는 것이 좋다.,agency,1,"그렇다, 좋다.",좋다,1,,0,crd
523,조별과제 역할 분담을 할 때 한 친구가 계속 자기 의견만 고집해 다른 조원들과 말다툼이 생겼다.,1569,조별과제 역할 분담 시 업무가 공정하게 배분되지 않아도 된다.,agency,-1,"아니다, 공정하게 되어야 한다.",공정하게 되어야 한다,1,,0,crd
56,부모님께서 내가 힘들다는 상황을 말하면 부모님이 걱정하실 것 같아 힘들다고 사실대로 말을 못했다.,2411,사정이 있다면 사실대로 말하지 않을 수 있다.,agency,1,"그렇다, 그럴 수 있다.",그럴 수 있다,1,,1,crd_2nd
s-1632,헌팅으로 만난 남사친에게 꽃을💐 받아온 여자친구😬,f-925,여자친구에게 왜 꽃을 받아왔는지 물어보는 것이 좋다.,agency,1,"그렇다, 좋다.",좋다,1,,0,kbsn
381,자녀는 아들 하나인데 아내와 아들이 사이가 좋지 않아 크게 다툴 때 내가 어느 편을 들어야 하는지 결정하기 어려웠다.,1143,가정의 평화를 위해 갈등 상황에서 누구의 편을 들기 보다는 중립을 지키는 것은 나쁘다.,agency,-1,"아니다, 좋다.",좋다,1,,0,crd
717,겨울이라 빨간옷과 악세사리를 자주 했더니 빨간쪽이냐는 말을 들었다. 무척 당황스러웠다.,2151,민감한 주제에 관해 오해 또는 농담을 들은 경우 이를 바로 잡지 않아도 된다.,agency,-1,"아니다, 잡아야 한다.",잡아야 한다,1,,0,crd
687,집에서 자고 있던 중 앞집에서 층간 소음으로 다툼이 벌어졌지만 선뜻 나가서 말리지 못했다.,2061,이웃들의 싸움을 말리면 더 큰 싸움이 될 수 있으므로 바로 나서지 않는 것이 옳다.,agency,1,"그렇다, 옳다.",옳다,1,,0,crd
194,"일상배상 보험 처리를 하기로 이야기해 두었으나, 서류를 더 제출해야 하는 게 번거로워 남편에게는 보험사 탓을 했다.",584,"보험 처리에 필요한 서류와 절차를 간결하게 안내하여, 가입자에게 부담을 주지 않아야 한다",agency,1,"그렇다, 그래야 한다.",그래야 한다,1,,0,crd
148,회사에서 내 업무가 아닌데 모두 나에게 요청해서 힘들었다.,444,다른 사람에게 업무를 과도하게 요청해도 괜찮다.,agency,-1,"아니다, 옳지 않다.",옳지 않다,1,,0,crd
s-760,아내의 행동이 수상하다?! 모든 정황이 의심되는 남편과 갑자기 이혼을 요구하는 아내,f-520,남편과는 언제든지 이혼해서는 안 된다.,agency,-1,"아니다, 할 수 있다.",할 수 있다,1,,0,kbsn
83,회식 자리에서 술을 마시지 않겠다고 했는데 동료가 계속 권해 불편함을 느꼈다.,249,"술을 마시기 어려운 상황일 때, 자신의 의사를 명확하게 표현하는 것이 바람직하다.",agency,1,"그렇다, 바람직하다.",바람직하다,1,,0,crd
s-736,반대 무릅쓰고 결혼했는데... 장모님과의 갈등 이후 이혼 요구하는 아내!,f-506,반대하는 결혼을 하기 위해서 지속적으로 노력하지 않아도 된다.,agency,-1,"아니다, 해야 한다.",해야 한다,1,,0,kbsn
s-1595,"반반 월세 하면 동거 안 한다는 여친, 더 내려니 억울한 남친",f-888,반반 월세를 안 하려는 이유를 남친에게 자세히 이야기하는 것은 좋지 않다.,agency,-1,"아니다, 좋다.",좋다,1,,0,kbsn
50,지난주에 배달시킨 커피가 넘쳐서 배달되어 전화로 항의했더니 '그럴수도 있죠.'라고 해서 기분이 나빴다.,152,고객에게 응답할 때는 상황을 파악하여 공손하게 답해야 한다,agency,1,"그렇다, 그래야 한다.",그래야 한다,1,,0,crd
s-346,"아버지, 언니와 절연한 상태예요. 이대로 지내도 괜찮을까요?",f-301,상대에게 피해를 주지 않아도 관계는 마음대로 하면 안 된다.,agency,-1,"아니다, 해도 된다.",해도 된다,1,,0,kbsn
145,"회사 화장실 청소를 깨끗하게 되어 있었는데, 내 신발 때문에 더러워졌지만 내가 정리하지 않고 나왔다.",435,공용 화장실을 사용한 뒤 자신 때문에 더러워졌다면 정리하고 나오는 것이 바람직하다.,agency,1,"그렇다, 바람직하다.",바람직하다,1,,0,crd
447,무거운 짐을 들고 계단을 올라가는 사람을 외면했다.,1341,공공장소에서 타인의 어려움을 보았을 경우 자신의 여건을 고려해 도움 여부를 판단하려는 태도가 필요하다.,agency,1,"그렇다, 필요하다.",필요하다,1,,0,crd
s-342,아버지 친구 믿고 4억 원 투자한 남동생,f-283,가족의 사생활을 함부로 말하는 것은 옳은 행동이다.,agency,-1,"아니다, 옳지 않다.",옳지 않다,1,,0,kbsn
98,거래처에 갔는데 팀장님에게 인사하고 나는 투명인간 취급을 하는 태도에 불쾌했다.,296,부하 직원이 무시를 당할 때는 상사로서 제대로 역할을 해야한다.,agency,1,"그렇다, 그래야 한다.",그래야 한다,1,,0,crd
526,약속 시간에 계속 늦는 친구에게 불만을 말했더니 예민하다는 반응을 보여 다툼이 있었다.,1580,잘못을 지적당했을 때에는 잘못을 인정하고 사과하는 것이 옳다.,agency,1,"그렇다, 옳다.",옳다,1,,0,crd
74,취업 준비나 진로 선택과 관련해 부모와 의견이 달라 반복적인 조언과 간섭으로 갈등을 겪었다.,223,자녀의 의사를 존중해주어서는 안 된다.,agency,-1,"아니다, 해줘야 한다.",해줘야 한다,1,,0,crd
s-1545,키 작은 남친과 헤어지라고 다른 남자 소개해 주는 부모님😮,f-842,연인이 있는 상태에서 다른 남자를 소개받는 행동은 옳다.,agency,-1,"아니다, 옳지 않다.",옳지 않다,1,,0,kbsn
735,"이웃이 공용 공간에 물건을 쌓아 둔 것을 보고도, 얼굴을 붉힐까 봐 관리사무소에 알리지 않았다.",2206,갈등을 우려해 공용 공간의 문제를 계속 묵인하는 것은 옳다.,agency,-1,"아니다, 옳지 않다.",옳지 않다,1,,0,crd
9,주말에 혼자 여행을 갔다 왔다고 하자 “외로워서 그런 거 아니에요?”라는 농담을 들어 어떻게 받아쳐야 할지 난감했다.,27,논쟁이 발생하지 않도록 화제를 전환하는 것은 좋지 않다.,agency,-1,"아니다, 좋다.",좋다,1,,0,crd
302,버스 정류장 옆에 쓰레기가 쌓여 있는데 내가 가진 쓰레기도 버려도 되는지 아니면 스스로 처리해야 하는지 판단하기 어려웠다.,907,쓰레기 통이 없는 곳에 쓰레기가 쌓여 있다고 해서 내가 가진 쓰레기를 버리는 일은 무질서에 동참하는 일이므로 옳지 않은 일이다.,agency,1,"그렇다, 옳지 않은 일이다  .",옳지 않은 일이다  ,1,,0,crd
388,아이에게 핸드폰을 하지말라고 제재하면서 나는 계속 핸드폰을 했다.,1164,타인의 핸드폰 사용을 제재하는 것은 옳다,agency,-1,"아니다, 옳지 않다.",옳지 않다,1,,0,crd
s-435,청년 사기꾼에게 사기 가스라이팅 당한 부모님,f-387,가스라이팅을 행한 사람을 고소하면 안 된다.,agency,-1,"아니다, 할 수 있다 .",할 수 있다 ,1,,0,kbsn
749,지하철 안에서 다른 사람은 신경쓰지 않고 큰 소리로 영상을 시청하는 사람때문에 당혹스러운 기억이 있다.,2248,대중교통 이용 시 이어폰을 사용해 소음을 줄이는 것이 적절하다.,agency,1,"그렇다, 적절하다.",적절하다,1,,0,crd
435,추운날 중고거래를 하러 나갔는데 약속시간이 한참 지나도 상대방이 오지않아 연락했더니 사과한마디 없이 지금 출발한다고 해서 화가 났다.,1306,중고거래 약속을 지키기 어려울 때 사전에 연락하고 정중히 사과하는 것은 중요하지 않다.,agency,-1,"아니다, 중요하다.",중요하다,1,,0,crd
s-1581,여동생의 주도하에 나 빼고 간 가족여행.. ᅮᅮ,f-879,여동생에게 서운해하기 전에 왜 자신만 빼놓고 갔는지 한번 생각해볼 필요는 없다.,agency,-1,"아니다, 해보는 것이 좋다 .",해보는 것이 좋다 ,1,,0,kbsn
757,대학병원 교수의 진료 시간에 질문을 하자 교수가 무시하듯 상처가 되는 말을 하는 바람에 기분이 나빴다.,2273,전문성과 권위가 있는 위치일수록 환자의 이해와 심리적 안정을 고려한 의사소통을 실천하지 않아도 된다.,agency,-1,"아니다, 해야 한다.",해야 한다,1,,0,crd
s-1587,′오빠′ 아니고 ′아빠′야? 동안인 남편 때문에 떨어져서 다니는 부부,f-886,남편과 마찬가지로 사람들 시선에 굴하지 않고 길거리를 다니는 것은 좋지 않다.,agency,-1,"아니다, 좋다.",좋다,1,,0,kbsn
492,청소 분담 문제로 룸메이트와 의견 차이가 생겨 서로 쌓였던 불만을 터뜨리며 크게 싸운 적이 있다.,1476,공동생활에서 불만을 바로 얘기하면서 싸우는 것이 좋다.,agency,-1,"아니다, 좋지 않다.",좋지 않다,1,,0,crd
25,같은 아파트에 사는 이웃이 단지 내에서 담배꽁초를 바닥에 버리는 모습을 보고 관리사무소에 신고할지 고민했다.,75,"이웃이 공동체의 규칙을 어겼을 경우, 잘못을 바로 지적해야 한다.",agency,1,"그렇다, 그래야 한다.",그래야 한다,1,,0,crd
41,나와 내 남편의 소개로 결혼하게 된 지인이 우리 부부에게 아무런 대접을 하지 않아 기분이 매우 나빴다.,125,결혼 과정에서 도움을 준 사람에게 감사의 뜻을 표현하는 것이 적절하다.,agency,1,"그렇다, 적절하다.",적절하다,1,,0,crd
379,오래 만난 친구가 있는데 나에게 너무 의존하여 너무 힘들게 해서 관계를 끊고 싶은 순간이 있었다.,1137,오래 만난 친한 친구라면 매너와 약속을 지키지 않아도 된다.,agency,-1,"아니다, 지켜야 한다.",지켜야 한다,1,,0,crd
632,"팀플에서 발표를 친구가 맡기로 했는데 준비를 안 해서, 점수 생각하면 내가 대신 하자는 말이 목까지 나왔지만 끝까지 믿고 맡기는게 맞는지 고민됐다.",1898,공동 과제에서 준비 부족으로 팀 성과에 위험을 주는 행동은 바람직하지 않다.,agency,1,"그렇다, 바람직하지 않다.",바람직하지 않다,1,,0,crd
127,"가을, 사람이 많은 어느 거리에서 어떤 할아버지가 바닥에 쓰러져있는 걸 봤는데 정상적인 옷차림이 아니라 이상한 사람이라 생각해 다른 사람이 신고해주길 바라며 그냥 갈 길 갔다.",383,도움이 필요한 사람이 있다면 무관심하게 넘기면 안된다.,agency,1,"그렇다, 그러면 안 된다.",그러면 안 된다,1,,0,crd
724,식당에서 뉴스를 보다 특정 정치인이 별로다 했더니 옆에 모르는 아저씨가 나를 보고 욕을 해서 당혹스러웠다.,2173,정치인에 관하여 개인적으로 자신의 의견을 말하는 것은 괜찮지 않다.,agency,-1,"아니다, 괜찮다.",괜찮다,1,,0,crd
152,"회사 후임자가 업무 관련해서 알려 달라고 했는데, 말귀를 잘 못알아먹고 귀찮아서 대충 알려줬다.",458,직장에서 동료의 능력을 함부로 무시하는 것은 괜찮다.,agency,-1,"아니다, 좋지 않다.",좋지 않다,1,,0,crd
402,"남자친구가 회사 사람들과 밤새도록 술을 마셨는데, 새벽까지 여자 동료도 함께 있었다는 것에 화가 나 싸움이 발생했다.",1207,연인에게 알리지 않고 이성 동료와의 장시간 동석은 바람직한 행동이다.,agency,-1,"아니다, 바람직하지 않다.",바람직하지 않다,1,,0,crd
184,"길가에 주차된 차 위에 놓여 있던 물건을 발견하고 그냥 두고 갈지 경찰서에 맡길지 고민하다가, 결국 분실물일 수 있다고 생각해 경찰서에 가져다줬다",554,타인의 물건을 발견했을 때 임의로 가져가지 않고 그 자리에 두는 것은 괜찮다.,agency,1,"그렇다, 괜찮다.",괜찮다,1,,0,crd
301,지하철에서 앉아 있는데 앞에 있는 젊은 사람이 어딘지 아픈 상황인 것 같은데 자리를 양보해야 하는지 아니면 그냥 앉아 있어도 되는지 분명하지 않았다.,903,대중교통에서 몸이 불편한 사람을 보면 자리를 양보하지 않아도 된다.,agency,-1,"아니다, 해야 한다.",해야 한다,1,,0,crd
s-491,"친부의 계속되는 허위 사실 유포, 아들이 걱정되어 나서질 못하겠어요..",f-443,남의 이야기를 하고 다니는 것은 옳지 않다.,agency,1,"그렇다, 옳지 않다.",옳지 않다,1,,0,kbsn
521,친구가 다른 친구 흉을 볼 때 맞장구를 쳐야 할지 말아야 할지 망설였다.,1563,다른 친구의 흉을 보는 것은 괜찮다.,agency,-1,"아니다, 좋지 않다.",좋지 않다,1,,0,crd
384,"아파트 지하주차장에서 주차라인을 밟고 주차되어 있는 차가 있었고, 나는 그 옆에 올바르게 주차했는데, 그 차주가 본인이 잘못 주차해놓고 나에게 매너없이 주차했다고 언성을 높였다.",1154,주차 문제를 제기할 때 언성을 높이거나 무례하게 말하는 행동은 적절하다,agency,-1,"아니다, 적절하지 않다.",적절하지 않다,1,,0,crd
535,동호회에 새로 가입했는데 처음 보는 사람이 나이를 묻고 나서 자신이 나이가 많다며 바로 하대를 해서 불쾌했다.,1606,불쾌해도 나이 많은 사람과 다투지 않는 것이 좋다.,agency,1,"그렇다, 좋다.",좋다,1,,0,crd
548,오랜만에 모인 명절 식사 자리에서 친척들이 나의 취업 준비 상황을 사촌과 비교하며 ‘눈이 너무 높은 것 아니냐’는 식의 간섭을 해서 큰 상처를 받았다.,1645,공개적인 자리에서 자신과 비교 대상이 되는 상황에서는 불필요한 평가에 관여하지 않고 중립적인 태도를 유지하는 것이 적절하다.,agency,1,"그렇다, 적절하다.",적절하다,1,,0,crd
736,"병원에서 진료 순서를 기다리고 있는데, 옆 사람이 “나이 있는 사람부터 봐줘야지”라며 나를 가리켜 말해 불쾌했다.",2208,공공장소에서 불편한 상황이 생겼을 때에는 감정을 조절하며 차분하게 대응하는 태도가 필요하지 않다.,agency,-1,"아니다, 필요하다.",필요하다,1,,0,crd
686,혼잡한 버스를 타고 가던 중 다리가 불편한 사람이 내 좌석 앞에 섰길래 자리를 양보해야 하나 고민했지만 나는 자는 척했다.,2060,좌석이 필요한 상황에서도 아무 표현 없이 참고만 하는 것은 바람직하지 않다.,agency,1,"그렇다, 바람직하지 않다.",바람직하지 않다,1,,0,crd
527,길에 쓰러져 있는 취객을 보고 도와야 할지 간호사로서 더 고민하게 된다.,1581,길에서 쓰러진 취객을 보면 먼저 본인 안전을 확보한 뒤 119에 신고하고 도움을 주는 것이 바람직하다.,agency,1,"그렇다, 바람직하다.",바람직하다,1,,0,crd
s-1645,딸이 구급차에 실려가는데 동네 창피하니까 사이렌 끄라는 엄마😧,f-945,구급대원의 업무를 방해하는 것은 괜찮다.,agency,-1,"아니다, 그래서는 안 된다.",그래서는 안 된다,1,,0,kbsn
241,"식당에 갔는데 음식에 머리카락이 들어 있어 조리를 다시 요청했지만, 안 된다고 해서 화가 났다.",725,식당을 운영할 때 청결을 최우선으로 고려하지 않아도 된다.,agency,-1,"아니다, 해야 한다.",해야 한다,1,,0,crd
s-442,부모님이 사기꾼에게 당해 집이 빚더미에 앉아 망가졌어요,f-397,타인에게 사기를 치는 행위는 옳지 않다.,agency,1,"그렇다, 옳지 않다.",옳지 않다,1,,0,kbsn
106,동료가 내 아이디어를 자신의 것처럼 발표하는 상황을 보고 당황스러움을 느꼈다.,318,다른 이의 아이디어나 발명품을 가로채는 짓을 해도 된다.,agency,-1,"아니다, 하면 안된다.",하면 안된다,1,,0,crd
212,퇴근 시간에 지하철 안에서 사람이 밀리는 바람에 옆 사람의 가방에 얼굴을 부딪혀 안경이 바닥에 떨어져 렌즈가 깨졌다.,638,혼잡한 지하철 안에서는 가방을 앞에 두어 다른 사람에게 피해를 주지 않아야 한다.,agency,1,"그렇다, 그래야 한다.",그래야 한다,1,,0,crd
56,부모님께서 내가 힘들다는 상황을 말하면 부모님이 걱정하실 것 같아 힘들다고 사실대로 말을 못했다.,168,자녀는 부모님에게 힘든 일을 털어놓으면 안 된다.,agency,-1,"아니다, 그럴 수 있다.",그럴 수 있다,1,,0,crd
515,아이가 아픈 상황이어서 학교선생님께 결석을 요청드렸으나 선생님께서 완강히 거절하셔서 불만을 제기했었는데 내 행동이 부적절했는지에 대해 걱정이 되었다.,1547,학생은 건강상에 문제가 있을 경우 무리하게 등교하기보다 충분한 휴식을 취하는 것이 바람직하다.,agency,1,"그렇다, 바람직하다.",바람직하다,1,,0,crd
595,마트에서 카트가 서로 부딪히는 바람에 카트 안에 있던 계란 몇개가 깨졌다. 책임을 따져야할지 아니면 이해를 하고 넘어가야 할지 고민이 되었다.,1785,예기치 못한 사고에 대해 감정적으로 대응하지 않고 상대의 안부를 먼저 묻는 것은 좋은 행동이 아니다.,agency,-1,"아니다, 좋은 행동이다.",좋은 행동이다,1,,0,crd
17,회사에서 업무 분담을 정하는 과정에서 후배가 내 일을 당연하다는 듯 넘기려 해 그 점을 지적했더니 분위기가 어색해져 서로 불편해졌다.,2403,동료와 어색해지지 않기 위해서는 부드럽게 지적하는 것이 좋다,agency,1,"그렇다, 좋다.",좋다,1,,1,crd_2nd
475,계산하려고 줄 서 있는데 다른 사람이 끼어들어 먼저 계산 하려고 하자 어떻게 대응해야 할지 몰라 불편했다.,1427,매장에서 계산을 할 때는 줄을 서지 않아도 된다.,agency,-1,"아니다, 서야 한다.",서야 한다,1,,0,crd
633,"여자친구가 결혼 이야기를 꺼냈을 때, 결혼에 대한 불안을 솔직하게 털어놓아야 할지, 상처 주지 않기 위해 맞장구를 쳐야 할지 고민돼 마음이 무거웠어.",1901,자신의 생각을 솔직하게 말해 주는 것은 좋지 않다,agency,-1,"아니다, 좋다.",좋다,1,,0,crd
s-346,"아버지, 언니와 절연한 상태예요. 이대로 지내도 괜찮을까요?",f-305,자식과 절연한 것은 나쁘다.,agency,1,"그렇다, 나쁘다.",나쁘다,1,,0,kbsn
751,오랜만에 만난 대학 동창이 내가 전업주부로 사는 삶에 대해서 부정적으로만 이야기해서 상처를 받았다.,2255,남의 삶에 대해 평가를 하는 것은 나쁜 행동이다.,agency,1,"그렇다, 나쁜 행동이다.",나쁜 행동이다,1,,0,crd
s-1462,"집순이 아내와 집돌이 아들, 가족 여행을 한 번도 가본 적이 없어요😥",f-806,문제가 발생했을 때 가족간 대화를 통해 문제를 해결하는 것이 좋다.,agency,1,"그렇다, 좋다.",좋다,1,,0,kbsn
661,카페에 도착했는데 텀블러를 들고나오지 않는 바람에 귀찮아서 일회용 컵으로 커피를 마셨지만 마음이 불편했었다.,1985,텀블러를 챙기기 어려울 때 다음 이용을 위해 준비 습관을 점검하는 것은 적절하지 않다.,agency,-1,"아니다, 적절하다.",적절하다,1,,0,crd
s-1645,딸이 구급차에 실려가는데 동네 창피하니까 사이렌 끄라는 엄마😧,f-947,딸이 다쳤을 때는 엄마로서 더 신중하게 행동해야 한다.,agency,1,"그렇다, 그래야 한다.",그래야 한다,1,,0,kbsn
s-2211,부모님께 동거 허락받고 싶은 대학생 커플,f-1329,이른 나이에 동거하는 것은 좋지 않다.,agency,1,"그렇다, 좋지 않다.",좋지 않다,1,,0,kbsn
9,주말에 혼자 여행을 갔다 왔다고 하자 “외로워서 그런 거 아니에요?”라는 농담을 들어 어떻게 받아쳐야 할지 난감했다.,29,상대방과 대화할 때는 인신공격 성 발언을 하면 안 된다.,agency,1,"그렇다, 그러면 안 된다.",그러면 안 된다,1,,0,crd
589,"버스에서 앞 자리 할머니가 가방을 두고 내렸는데, 못본척 했다.",1768,공공장소에서는 개인의 편의보다 질서와 타인을 고려해 행동하는 것이 필요하다.,agency,1,"그렇다, 필요하다.",필요하다,1,,0,crd
258,만원 지하철에서 가만히 있었는데도 지하철 움직임이나 타인의 움직임에 흔들렸더니 앞에사람이 밀지말라고 두번이나 짜증냈습니다.,776,만원 지하철이라는 상황에서 혼잡성을 고려해서 서로 앙보하는 것은 좋지 않다.,agency,-1,"아니다, 좋다 .",좋다 ,1,,0,crd
773,"아이가 어렸을 때 발화가 빠르지 않았는데, 그 모습을 보던 시어머니가 ""우리 아들은 어릴 때부터 뭐든 빨랐는데, 누굴 닮았는지""라고 말해서 기분이 좋지 않았다.",2319,자녀의 발달 상태를 타인과 비교하거나 부모의 탓으로 돌리는 발언을 삼가는 것은 좋지 않다.,agency,-1,"아니다, 좋다.",좋다,1,,0,crd
s-1752,😨? 전남친이랑 유튜브 하는 걸 이해해 줄 수 있는 남자를 찾아요,f-1075,여친과 전 남친이 선 넘는 행동을 한다고 해서 이별을 하면 안 된다.,agency,-1,"아니다, 해도 된다.",해도 된다,1,,0,kbsn
64,"외근을 마치고 나니 퇴근 시간이 되지 않았는데도 회사로 복귀하고 싶지 않아, 몰래 조기퇴근하고 상사에게 퇴근시간쯤 일을 마쳤다고 연락을 했다.",192,근무 시간과 관련된 사항은 사실대로 보고하고 조기 퇴근이 필요할 경우 사전에 승인을 받는 것이 바람직하다.,agency,1,"그렇다, 바람직하다.",바람직하다,1,,0,crd
s-247,아내의 문자에서 드러난 불륜남과의 이혼 전 성관계 사실,f-178,혼인 관계에서는 서로에게 성실하고 정직하게 행동하지 않아도 된다.,agency,-1,"아니다, 해야 한다.",해야 한다,1,,0,kbsn
130,"집에서 동생에게 먼저 샤워를 하겠다고 여러 차례 말했지만, 갑자기 마음을 바꿔서 자기가 먼저 샤워를 하겠다고 해서 말싸움을 했다.",391,동생의 동의 없이 일방적으로 의견을 통보하는 것은 괜찮다.,agency,-1,"아니다, 좋지 않다.",좋지 않다,1,,0,crd
342,아이들과 내년에 어떻게 하겠다는 말을하고 약속을 했는데 번복해야 하는 상황에 내 뱉은 말을 지키지 않는 것에 대해 아이들이 실망할까 마음이 걸렸다.,1026,아이들과의 약속을 반복해서 지키지 않는 행동은 바람직하지 않다.,agency,1,"그렇다, 바람직하지 않다.",바람직하지 않다,1,,0,crd
s-1548,MZ 세대 학생들과 올드 세대 선생님의 좁혀지지 않는 간극⚡,f-848,선생님들과 대화할 때 MZ 세대들만의 용어를 쓰는 것은 옳다.,agency,-1,"아니다, 옳지 않다.",옳지 않다,1,,0,kbsn
s-570,아내와 함께 출연하기로 약속했는데 아내와 함께 나오지 못한 그의 사연은?,f-496,출연하기로 한 프로그램에 협의가 되지 않은 불참이 있을 경우 책임을 요구당할 수 있다.,agency,1,"그렇다, 그럴 수 있다.",그럴 수 있다,1,,0,kbsn
725,친구와 이야기를 하면서 천천히 걷고 있는데 뒤에서 길 막지 말라고 화를 내며 내 어깨를 치고 갔다.,2176,공공장소에서 이동할 때 주변 사람들의 통행에 불편을 주지 않도록 서로 배려하며 행동하는 것은 바람직하지 않다.,agency,-1,"아니다, 바람직하다.",바람직하다,1,,0,crd
416,"고등학생 때 약속 시간마다 늦던 친구가 오늘은 만나지 못하겠다고 해서, 전화로 앞으로는 만나지 말자고 말했다.",1250,친구 사이에 갈등이 발생하면 감정적인 대응보다 대화를 통해 문제를 해결하려는 자세를 가지지 않아도 된다.,agency,-1,"아니다, 가져야 한다.",가져야 한다,1,,0,crd
175,출근길 지하철에서 자리가 났을 때 어르신께 양보할지 잠시 앉을지 망설였다.,525,어르신에게 지하철 자리를 양보할지 말지 망설여서는 안 된다.,agency,-1,"아니다, 그럴 수 있다.",그럴 수 있다,1,,0,crd
s-2060,억대 빚을 남기고 떠난 새어머니♨️ 아버지가 걱정됩니다...,f-1215,빚을 지고 도망간 배우자에 대해 법적 책임을 물을 수 있다.,agency,1,"그렇다, 그럴 수 있다.",그럴 수 있다,1,,0,kbsn
244,"학교에서 다른 친구들이 하는 내 뒷담을 들었을 때, 직접 따져야 할지 모른 척해야 할지 고민했다.",733,친구에게 뒷담화하지 말라고 표현해도 된다.,agency,1,"그렇다, 그래도 된다.",그래도 된다,1,,0,crd
196,"화장실 청소를 위해 배려 차원에서 기다렸지만, 상사가 안에 있는 사람에게 대신 말한 뒤 왜 미리 말안하냐고 원망해서 난처했다.",589,오해 받은 일에 대해서 차분히 설명하는 것은 바람직하지 않다.,agency,-1,"아니다, 바람직하다.",바람직하다,1,,0,crd
403,"언니와 주말에 놀러 가기로 약속했는데, 전날 술을 마셔 숙취가 있었다. 갈 수 있을 만한 상태였음에도 가지 않겠다고 하면서 언니의 기분이 상해 싸움이 벌어졌다.",1209,사전에 약속한 일정의 중요성을 인식하지 않아도 된다.,agency,-1,"아니다, 해야 한다.",해야 한다,1,,0,crd
511,이웃 주민이 인도에서 자전거를 타는 바람에 길을 걷다가 자전거와 부딪혀 다칠 뻔했다.,1535,위험하게 자전거를 타는 타인에게 화를 내도 괜찮다.,agency,1,"그렇다, 그래도 괜찮다.",그래도 괜찮다,1,,0,crd
s-160,아내와 이혼 후 세 딸 양육비 안 줬어요,f-64,자녀는 부모에게 금전적 지원을 받지 않아야 한다.,agency,-1,"아니다, 해야 한다.",해야 한다,1,,0,kbsn
737,"회식 자리에서 가볍게 건강 이야기를 했는데, 한 동료가 “그 나이면 이제 관리 안 하면 안 되죠”라고 말해 순간 당황했다.",2212,"직장 동료와 외형, 나이와 관련된 대화를 할 때 주의를 기울일 필요 없다.",agency,-1,"아니다, 기울여야 한다.",기울여야 한다,1,,0,crd
579,아파트 관리사무소에 민원을 넣는 과정에서 직원이 설명을 끊고 규정만 반복해 말해 난처하고 불쾌했다.,1737,상대방의 설명을 중간에 끊고 말해도 된다.,agency,-1,"아니다, 안 된다.",안 된다,1,,0,crd
423,절에 더 많은 보시를 하고 싶은데 내가 가진 돈이 넉넉치 않아 항상 딜레마에 빠졌는데 그래도 적은 금액이라도 보시를 했다,1271,절은 신도에게 과도한 금전적 부담을 주어서는 안 된다.,agency,1,"그렇다, 그래서는 안 된다.",그래서는 안 된다,1,,0,crd
792,거동이 불편한 노모께서 요양병원 입원을 거부하셨지만 직장인인 나로서는 어쩔 수 없는 상황이라 입원을 결정하였다.,2376,가족 간의 중요한 결정을 서로 존중하며 대화하여 결정하는 것은 바람직하지 않다.,agency,-1,"아니다, 바람직하다.",바람직하다,1,,0,crd
466,"친한 선배가 나에게 좋은 기회를 주기 위해 다른 지원자들에게 불이익을 주었는데, 이를 모른체했다.",1399,부당한 특혜나 불공정한 상황을 알게 되었을 때는 이를 묵인해서는 안 된다.,agency,1,"그렇다, 그래서는 안 된다.",그래서는 안 된다,1,,0,crd
510,아랫층 아저씨가 베란다에서 담배를 피우시는데 그 냄새가 우리집으로 올라와서 싫은데 말을 하면 사이가 나빠질까 봐 이러지도 저러지도 못하고 고민이 된다.,1532,갈등이 우려되더라도 생활에 지속적인 불편이 있다면 문제를 혼자만 감내하지 않는 것이 바람직하다.,agency,1,"그렇다, 바람직하다.",바람직하다,1,,0,crd
s-1327,"일주일 만에 순삭 한 680만 원😱 전남친에게 핸드폰, 컴퓨터 선물한 고1",f-741,헤어진 연인에 대한 남은 애정이나 미련을 물질적인 헌신으로 발산하는 것은 옳지 않은 행동이다.,agency,1,"그렇다, 옳지 않은 행동이다.",옳지 않은 행동이다,1,,0,kbsn
118,마감기한이 얼마 남지 않은 일을 도와달라고 했는데 귀찮아서 못 들은 척 하고 집에 갔다,354,함께 진행하는 일이라면 마감에 맞춰 협력하는 것이 좋다.,agency,1,"그렇다, 좋다.",좋다,1,,0,crd
s-1101,출산 후 고민남 모르게 입양 보낸 전 여친..? 들을수록 충격적인 실화,f-659,감정적 대응으로 당사자를 공개적으로 비난하는 행동은 옳은 행동이다.,agency,-1,"아니다, 옳지 않다.",옳지 않다,1,,0,kbsn
s-2152,아이들과 함께 안 살거면 헤어지자고 하는 남친... 결혼해도 될까요?,f-1315,연인에게 '헤어짐'을 무기로 선택을 강요하는 것은 문제가 아니다.,agency,-1,"아니다, 문제다.",문제다,1,,0,kbsn
s-1729,아들에게 미안한 마음에 손주라도 제대로 키우고 싶은 할머니..,f-1046,앞으로 상처 받을 수 있는 손주를 위해 어른들이 더 노력해야 한다.,agency,1,"그렇다, 그래야 한다.",그래야 한다,1,,0,kbsn
310,맞벌이를 하는 아이엄마가 나보고 집에서 안심심하냐고 해서 기분인 좋지 않았다.,931,타인의 발언이 사적인 영역을 침해한다고 느껴질 경우 정중하게 선을 그어 의사를 표현하는 것은 바람직하지 않다.,agency,-1,"아니다, 바람직하다.",바람직하다,1,,0,crd
154,"업무 중 다른 사람의 업무를 내가 한 번 더 체크할 수 있었는데, 하지 않아서 다른 사람이 혼이 났다.",464,자신이 맡은 업무에서 실수가 발생하지 않도록 완벽하게 처리하는것이 적절하다.,agency,1,"그렇다, 적절하다.",적절하다,1,,0,crd
95,이모가 내 연봉을 물어보면서 사촌 동생과 비교를 해서 당황스럽고 짜증이 났다.,286,가족이 예의에 어긋나는 말을 할 때 말리는 것은 좋지 않다.,agency,-1,"아니다, 좋다.",좋다,1,,0,crd
186,"친구들과 함께 있던 자리에서 한 친구가 내 상황을 생각해주지 않고 말을 해, 그 의도가 무엇인지 몰라 순간적으로 난처하고 불쾌했던 경험이 있다",558,다른 친구의 상황을 함부로 얘기해도 된다.,agency,-1,"아니다, 하면 안 된다 .",하면 안 된다 ,1,,0,crd
78,나는 콩을 싫어하는데 회사 상사와 함께 점심먹는 자리에서 상사가 콩자반 반찬을 먹으라고 권하여 싫어한다고 했음에도 계속 권하여 화가났다.,236,권유할 때 적절한 이유를 설명하는 것은 바람직하지 않다.,agency,-1,"아니다, 바람직하다.",바람직하다,1,,0,crd
521,친구가 다른 친구 흉을 볼 때 맞장구를 쳐야 할지 말아야 할지 망설였다.,1564,친구가 다른 친구의 뒷담을 할때 맞장구를 치지 않는 것이 좋다.,agency,1,"그렇다, 좋다.",좋다,1,,0,crd
s-435,청년 사기꾼에게 사기 가스라이팅 당한 부모님,f-391,가스라이팅 피해자들에게 본인의 잘못이 아님을 위로하고 명백한 범죄자의 잘못이라고 말해주면 안 된다.,agency,-1,"아니다, 말해야 한다.",말해야 한다,1,,0,kbsn
442,다같이 쉬고 있는 공원에서 지나친 애정 행각을 하는 젊은 사람들이 있어서 눈살을 찌푸렸다.,1326,공원에서 지나친 애정 행각을 하는 것은 바람직한 행동이다,agency,-1,"아니다, 바람직하지 않다.",바람직하지 않다,1,,0,crd
s-938,"발달 장애 아들, 엄마로서 행복하게 키울 수 있을까요?",f-576,장애가 있는 자녀를 둔 엄마는 스스로 죄책감을 가져야 한다.,agency,-1,"아니다, 그러지 않아야 한다.",그러지 않아야 한다,1,,0,kbsn
367,강아지를 산책시키는데 옆에서 누가 강아지 욕을 해대서 싸웠다.,1103,공공장소에서 발생하는 갈등을 감정적인 언행보다 상호 존중과 절제된 태도로 해결하려는 노력은 적절하지 않다.,agency,-1,"아니다, 적절하다.",적절하다,1,,0,crd
503,애인이 없다고 하니까 왜 안 만나냐고 계속 추궁하고 잔소리하는 동료가 부담스럽고 짜증났다.,1509,직장에서는 상대의 연애와 결혼 여부를 반복해서 캐묻거나 잔소리해도 되고 사생활을 존중하지 않아도 된다.,agency,-1,"아니다, 해야 한다.",해야 한다,1,,0,crd
642,버스 정류장에서 술 취한 취객이 어깨를 툭툭 치며 시비를 걸어 말싸움이 났다.,1928,모르는 사람의 신체를 동의 없이 함부로 접촉해도 된다.,agency,-1,"아니다, 안 된다.",안 된다,1,,0,crd
s-2273,"속 썩이는 딸이 될 수밖에 없었던 학창 시절, 이제라도 엄마와의 오해를 풀고 싶어요",f-1347,부모에게 효도하는 것은 옳지 않다.,agency,-1,"아니다, 옳다.",옳다,1,,0,kbsn
78,나는 콩을 싫어하는데 회사 상사와 함께 점심먹는 자리에서 상사가 콩자반 반찬을 먹으라고 권하여 싫어한다고 했음에도 계속 권하여 화가났다.,235,거부 의사를 존중하는 것은 바람직하지 않다.,agency,-1,"아니다, 바람직하다.",바람직하다,1,,0,crd
702,지하철에서 다리를 벌리고 앉아 있는 사람 때문에 불편하고 불쾌했다.,2106,지하철에서는 다리를 벌리고 앉지 말아야 한다.,agency,1,"그렇다, 그러지 말아야 한다.",그러지 말아야 한다,1,,0,crd
s-181,남편이 너무 예민해 화장실 가기도 눈치 보인다는 임신한 아내,f-75,임산부는 주변의 배려와 도움을 받아야 한다.,agency,1,"그렇다, 그래야 한다.",그래야 한다,1,,0,kbsn
s-480,아내가 쌍둥이 출산 도중 식물인간이 됐어요.. 시설로 보내야 할까요?,f-411,자신의 배우자를 여력이 닿는 대로 돌보는 것이 바람직하다.,agency,1,"그렇다, 바람직하다.",바람직하다,1,,0,kbsn
382,"아내가 우리 부모님을 험담할 때 아내 편을 들어야 할지, 우리 부모님을 두둔해야 할지 난감했다.",1146,배우자의 부모님을 험담하는 것은 옳지 않다.,agency,1,"그렇다, 옳지 않다.",옳지 않다,1,,0,crd
484,직장 상사의 옷차림에 대해 칭찬한 것이 다른 사람에게는 아부하는 것으로 비춰지지는 않았을지 걱정이 되었다.,1453,부하 직원의 칭찬은 순수한 의도라도 지나치게 반갑게 반응하는 것은 좋지 않다.,agency,1,"그렇다, 좋지 않다.",좋지 않다,1,,0,crd
200,"다리를 다쳐 깁스를 한 채로 버스 안 노약자 보호석에 앉아 가고 있었는데, 좌석이 없어서 서 계시는 할머니와 눈이 마주쳤다.",602,대중교통에서 좌석 이용을 개인의 외형만으로 판단하기하지 않고 상대의 사정도 이해하는 태도는 적절하지 않다.,agency,-1,"아니다, 적절하다.",적절하다,1,,0,crd
343,시누이와의 갈등이 심한 가운데 시댁에 가는 것이 마음이 매우 불편했다. 마주치기 싫은 상황에 시댁에 그래도 예의상 가야하는지 거리를 두고 안가는게 맞는지 어렵다.,1029,가족 간 갈등이 지속될 경우 무리하게 만나지 않고 자신의 상태를 고려해서 선택하는 것은 옳지 않다.,agency,-1,"아니다, 괜찮다.",괜찮다,1,,0,crd
s-1230,이혼 후 혼자 키우는 7살 딸에게 아빠의 부재를 어떻게 말할까요?,f-707,이혼 후 자녀 양육에 대한 책임을 지지 않아도 된다.,agency,-1,"아니다, 해야 한다.",해야 한다,1,,0,kbsn
s-189,데이트 앱으로 만난 전남친의 아이... 이제라도 양육비 받고 싶어요,f-81,자신의 친부가 누구인지 알 권리가 없다.,agency,-1,"아니다, 권리가 있다.",권리가 있다,1,,0,kbsn
733,"엘리베이터에서 무거운 짐을 든 어르신을 봤지만, 내가 늦을 것 같아 도와드리지 않고 내렸다.",2201,도움이 필요할 경우에는 주변 사람들에게 도움을 요청하는 것이 바람직하다.,agency,1,"그렇다, 바람직하다.",바람직하다,1,,0,crd
27,"친구가 자기가 저지른 잘못을 감싸 달라고 부탁했을때, 우정을 지키기 위해 도와야 할지 아니면 단호히 거절해야할지 고민했다.",82,자기의 잘못은 남에게 의지하지 않고 본인 스스로 해결하는 것이 좋다.,agency,1,"그렇다, 좋다.",좋다,1,,0,crd
s-565,"시어머니 수발을 들으며 병간호를 했는데, 알고 보니 남편이 바람을 피우고 있었어요",f-482,남편의 외도로 인해 이혼한다고 해서 시어머니에게 그 책임을 물을 수는 없다.,agency,1,"그렇다, 그럴 수 없다.",그럴 수 없다,1,,0,kbsn
s-211,심각한 탈북 스토리를 가진 사연남.. 탈북 과정에서 생이별하게 된 어머니와 여동생,f-115,아들과 이별하여 살아가는 것은 좋지 않다.,agency,1,"그렇다, 좋지 않다.",좋지 않다,1,,0,kbsn
159,차가 없는 한산한 도로에서 빨간불인데 그냥 가도 될지 고민하였다.,477,차가 지나다니지않는 도로여도 신호등이 빨간불이라면 길을 건너선 안된다.,agency,1,"그렇다, 그래서는 안 된다.",그래서는 안 된다,1,,0,crd
638,지하철 아르바이트 출근길에서 자리가 났지만 내릴 역이 얼마 안 남았고 주변에 더 피곤해 보이는 사람이 있어 앉을지 양보할지 고민했다.,1916,대중교통에서 자리에 앉기 전에 배려가 필요한 사람이 있는지 확인하는 것은 좋지 않다.,agency,-1,"아니다, 좋다.",좋다,1,,0,crd
171,어머니와 아버지가 동생의 결혼 문제로 다툼을 하셨는데 어느 편도 들지 못해 고민이었다,514,부모는 자녀를 자신의 갈등에 끌어들여 어느 한쪽 편을 들도록 요구해도 된다.,agency,-1,"아니다, 안 된다.",안 된다,1,,0,crd
378,아이가 위험한 행동을 해서 다칠 뻔 했는데 혼을 먼저 내야 하는지 괜찮냐고 먼저 물어야 하는지 고민이 되었다.,1136,위험한 행동을 한 아이에게 무엇이 위험한지 알려주는 일은 필요한 일이다,agency,1,"그렇다, 필요한 일이다.",필요한 일이다,1,,0,crd
731,명절에 가족이 모이지 않고 따로 즐거운 시간을 보내기로 했는데 여동생집에 시부모님께서 오셔서 이틀밤 주무시고 집까지 운전해서 모셔다 드리고 왔다는 소식을 나중에 듣고 불편했다.,2195,가족의 중요한 일정이 있을 경우에는 사전에 공유하여 오해를 줄이려는 노력이 중요하다.,agency,1,"그렇다, 중요하다.",중요하다,1,,0,crd
s-1109,"모든 걸 알고 있는 무속인 엄마, 남친 성을 맞춘다니까요!?",f-668,개인 정보가 동의 없이 언급되는 상황에 문제를 제기하는 행동은 옳다.,agency,1,"그렇다, 옳다.",옳다,1,,0,kbsn
s-247,아내의 문자에서 드러난 불륜남과의 이혼 전 성관계 사실,f-169,배우자의 외도 사실을 알게 되었을 때는 감정적 충동보다 사실 확인과 적절한 절차를 통해 문제를 해결하는 것이 바람직하다.,agency,1,"그렇다, 바람직하다.",바람직하다,1,,0,kbsn
733,"엘리베이터에서 무거운 짐을 든 어르신을 봤지만, 내가 늦을 것 같아 도와드리지 않고 내렸다.",2199,도움이 필요한 어르신을 보았을 때에는 개인의 바쁨보다 타인에 대한 배려를 우선하려는 마음을 가져야 한다.,agency,1,"그렇다, 그래야 한다.",그래야 한다,1,,0,crd
8,카페에서 주문이 잘못 나왔지만 다시 만들게 하는 것이 괜히 예민한 행동처럼 느껴져 망설였다.,25,서비스 제공자의 실수에 대해 감정적으로 반응하지 않고 정중하게 요청하는 것은 바람직하지 않다.,agency,-1,"아니다, 바람직하다.",바람직하다,1,,0,crd
737,"회식 자리에서 가볍게 건강 이야기를 했는데, 한 동료가 “그 나이면 이제 관리 안 하면 안 되죠”라고 말해 순간 당황했다.",2211,동료와 대화 중 갈등 상황이 생겨도 대화로 해결하는 것은 좋지 않다.,agency,-1,"아니다, 좋다.",좋다,1,,0,crd
s-374,사람을 너무 믿어 억 단위로 연예인에게 사기당한 트레이너,f-344,자신을 믿어주는 사람에게 신뢰를 주는 것이 좋다.,agency,1,"그렇다, 좋다.",좋다,1,,0,kbsn
530,회사에서 승진 결과를 사전에 통보받아 알고 있었지만 비밀 서약 때문에 승진 대상인 후배에게 떨어진 사실을 말하지 않았다.,1592,"인사, 승진처럼 비공개로 관리되는 정보를 직무상 알게 되면, 당사자나 동료에게 사전에 공유해도 된다.",agency,-1,"아니다, 안 된다.",안 된다,1,,0,crd
s-177,외국인 새아빠와 재혼하고 돌변해 버린 엄마... 생계유지와 육아까지 책임지고 있어요,f-67,타 국적을 가진 사람과 결혼하는 것은 옳지 않다.,agency,-1,"아니다, 그럴 수 있다.",그럴 수 있다,1,,0,kbsn
s-1573,"러시아 여친과의 결혼을 반대하시는 부모님, 설득 시킬 수 있을까요 ᅲᅲ",f-877,정부는 다문화 가정이 한국 사회에서 차별을 받지 않게 도와주지 않아도 된다.,agency,-1,"아니다, 도와줘야 한다.",도와줘야 한다,1,,0,kbsn
s-2158,전남편과 이혼 후 생긴 남자친구의 아이.. 양가에 어떻게 알려야 할까요?,f-1316,연인이 이혼한 적이 있더라도 편견을 가지면 안 된다.,agency,1,"그렇다, 그러면 안 된다.",그러면 안 된다,1,,0,kbsn
490,팀 프로젝트 자료 조사 맡긴 친구가 제대로 하지 않아서 친구에게 부족한 점을 지적했다가 감정적인 갈등이 생겨 한동안 서먹하게 지냈다,1471,팀 프로젝트와 같이 협력이 요구되는 상황에서는 본인이 맡은 임무를 충실히 이행해야 한다,agency,1,"그렇다, 그래야 한다.",그래야 한다,1,,0,crd
354,어제 직장에서 마주 보고 앉아있는 상사가 아무 이유 없이 키보드를 부숴서 당황했다.,1063,직장 상사의 폭력적 행위는 조심스럽게 말리는 것이 좋다.,agency,1,"그렇다, 좋다.",좋다,1,,0,crd
308,배우자에게 육아휴직 하고 있으니 아이에게 집중해야 하지 않냐고 말했으나 배우자가 화를 내 당황했다.,925,배우자에게 육아휴직 중이니 아이에게 집중해야 한다고 요청을 하면 안 된다.,agency,-1,"아니다, 할 수 있다.",할 수 있다,1,,0,crd
419,"회사 상사가 업무 시간 중에 개인적인 이유로 자리를 비운 상태에서 소장님이 찾을 때 솔직하게 말을 해야 할 지, 거짓말로 둘러댈 지 딜레마에 빠진 적이 있다",1258,자신의 행동으로 부하 직원이 곤란한 상황에 놓이지 않도록 관리자로서 주의를 기울이는 것은 바람직하지 않다.,agency,-1,"아니다, 바람직하다.",바람직하다,1,,0,crd
724,식당에서 뉴스를 보다 특정 정치인이 별로다 했더니 옆에 모르는 아저씨가 나를 보고 욕을 해서 당혹스러웠다.,2174,정치인은 사회와 국민을 위해 행동하지 않아도 된다.,agency,-1,"아니다, 해야 한다.",해야 한다,1,,0,crd
2,친구가 다른 친구 연락은 읽고 내 연락은 보란듯이 씹어서 불쾌했다.,6,친구 사이에 갈등이 생기면 대화를 통해 해결하는 게 좋다.,agency,1,"그렇다, 좋다.",좋다,1,,0,crd
303,어린 조카에게 벌레나 기타 동물들에 대해 무서워 하지 않아도 되고 우리와 함께 하는 자연이라고 설명하면서도 스스로는 벌레나 동물에 대해 무서워 하고 기피하는 마음이 들었다.,910,자연 속 생물에 대해 어른의 안내를 따라 차분히 관찰하는 것이 바람직하다.,agency,1,"그렇다, 바람직하다.",바람직하다,1,,0,crd
478,친척이 나의 직업을 비하하는 발언을 해서 불쾌하고 당황스러웠다.,1435,예의에 어긋난 행동에 대해서 사과를 요구하면 안 된다.,agency,-1,"아니다, 해야 한다.",해야 한다,1,,0,crd
s-1072,극단적인 선택을 한 중1 아이.. 죄책감만 가득한 엄마,f-621,자녀의 상황이 가정의 노력만으로 감당하기 어려울 때 외부의 전문적 도움을 요청하는 것은 옳다.,agency,1,"그렇다, 옳다.",옳다,1,,0,kbsn
363,앞에 가던 차가 급정거를 해서 사고가 날 뻔하여 말다툼이 있었다.,1089,상대의 잘못이 있는 상황일 때 최대한 다툼없이 이성적으로 대응하는 것은 좋지 않다.,agency,-1,"아니다, 좋다.",좋다,1,,0,crd
407,"친구가 자녀로 인해 힘들어하며 조언을 구했지만, 솔직하게 말하는 것이 도움이 될지 상처가 될지 고민했다.",1222,자녀로 인해 힘들다면 조언을 구할 수 있다.,agency,1,"그렇다, 그럴 수 있다.",그럴 수 있다,1,,0,crd
s-343,"아버지가 사기꾼의 편을 드는 상황, 올케는 아버지까지 같이 고소하겠대요",f-296,잘못을 저지른 만큼 보상할 필요 없다.,agency,-1,"아니다, 해야 한다.",해야 한다,1,,0,kbsn
732,지인이 대형 쇼핑몰에서 사업을 하는데 경쟁관계인 옆가게 사장이 지인의 가게 쇼윈도 밖에서 구경하는 손님들 눈앞으로 일부러 가로질러 가는 행동을 자주해서 힘들었다고 한다.,2198,다른 사람이 자신의 정당한 권리를 침해하는 것을 거부하면 안 된다.,agency,-1,"아니다, 할 수 있다.",할 수 있다,1,,0,crd
499,길을 가다 길을 묻는 남자를 만났는데 사이비일까봐 바쁘다며 모른 척 지나쳤다.,1498,낯선 사람의 요청에 불안함을 느낄 경우 응답하지 않는 선택을 해서는 안 된다.,agency,-1,"아니다, 할 수 있다.",할 수 있다,1,,0,crd
256,대학교 팀 프로젝트에서 역할을 나눴는데 함께 모인 팀원들이 자기 몫은 다 바쁘다고 미루다가 마감 직전에 도와달라고 나에게 부탁해서 싫다고 거절했는데 분위기가 싸해졌다.,770,상대방이 무리한 부탁을 하는 경우에는 정중하게 거절해도 괜찮다.,agency,1,"그렇다, 그래도 괜찮다.",그래도 괜찮다,1,,0,crd
475,계산하려고 줄 서 있는데 다른 사람이 끼어들어 먼저 계산 하려고 하자 어떻게 대응해야 할지 몰라 불편했다.,1427,매장에서 계산을 할 때는 줄을 서야 한다.,agency,1,"그렇다, 그래야 한다.",그래야 한다,1,,0,crd
316,퇴근을 할 때 버스를 타고 자리에 앉아있는데 할머니가 타시는 것을 봤지만 너무 피곤해 못 본척 눈을 감았다.,948,대중교통에서 노약자가 서 있는 경우 자리를 양보하는 것은 바람직하지 않다.,agency,-1,"아니다, 바람직하다.",바람직하다,1,,0,crd
14,"회사 회의 중 팀장이 내 의견을 끝까지 듣지 않고 중간에 말을 끊으며 이미 결정된 사안이라고 말해, 더 이야기하면 괜히 예민한 사람으로 보일까 봐 참았지만 상당히 난처하고 불쾌했다.",42,"회의 중 자신의 의견이 존중받지 못하더라도 감정을 억누르기보다는, 적절한 방식과 시점을 선택해 의견을 전달하려는 노력은 필요하지 않다.",agency,-1,"아니다, 필요하다.",필요하다,1,,0,crd
680,할머니가 아끼시던 그릇을 내가 깨뜨렸었는데 내 동생이 깼다고 오해하셔서 동생에게 화를 내시는 걸 보고도 선뜻 나서서 내가 했다고 얘기하지 못 했다.,2041,상황을 확인하지 않고 특정 사람을 꾸짖는 것은 적절하지 않다.,agency,1,"그렇다, 적절하지 않다.",적절하지 않다,1,,0,crd
143,친구와 저녁을 먹다가 행복과 관련하여 나는 내적 만족으로 행복을 얻을 수 있다 하였지만 친구는 물질적인 요소만이 행복을 얻게끔 한다고 하여 언쟁을 하였다.,431,상대에게 자신의 의견만을 강요하지 않는 것은 좋지 않다.,agency,-1,"아니다, 좋다.",좋다,1,,0,crd
69,"친구가 과제를 베껴 쓰게 해 달라고 부탁했을 때, 도와주지 않으면 미워할까 걱정되면서도 규칙을 어기는 일이라 허락하기 망설여졌던 순간이 있었다.",208,친한 사람의 부탁이라 할지라도 잘못된 부탁은 들어 주지 않는 것이 좋다.,agency,1,"그렇다, 좋다.",좋다,1,,0,crd
645,어머니가 함께 점심을 먹자고 하셨는데 혼자만의 휴식이 필요해서 친구와 약속이 있어 함께 점심이 어렵다고 말했다.,1935,자녀는 어떤 상황에서라도 부모님에게 거짓말을 하는 것은 좋지 않다.,agency,1,"그렇다, 좋지 않다.",좋지 않다,1,,0,crd
282,"학교에서 축구를 하다가 공이 외곽으로 굴러갔는데, 근처에 있던 다른 사람이 더 먼곳으로 차버려서 화가 났다.",846,상대방의 행위가 갑작스러운 위협에 대한 방어 기제일 수 있음을 이해하고 자신의 부주의를 먼저 반성하는 태도는 좋은 행동이 아니다.,agency,-1,"아니다, 좋은 행동이다.",좋은 행동이다,1,,0,crd
s-1562,"뇌출혈로 눈물을 잃은 남자, 아내와의 이혼 얘기에 ′키득키득′",f-862,이혼과 같은 심각한 문제에는 웃지 않으려 노력하는 것은 좋지 않다.,agency,-1,"아니다, 좋다.",좋다,1,,0,kbsn
179,집에서 가족이 내 물건을 허락 없이 써서 불편했다.,537,다른 사람의 물건을 쓸 때는 허락을 받고 사용하지는 않아도 된다.,agency,-1,"아니다, 허락 받아야 한다 .",허락 받아야 한다 ,1,,0,crd
s-1079,연애 11년 + 결혼 6년 차 부부! 시도 때도 없이 스킨십 하려는 남편 때문에 미치겠어요🤣,f-636,친밀함을 이유로 거절을 무시하는 행동은 바람직하다.,agency,-1,"아니다, 바람직하지 않다.",바람직하지 않다,1,,0,kbsn
75,친구와의 관계에서 각자의 삶의 속도와 우선순위가 달라지면서 연락 빈도가 현저히 줄어들었다. 서로 만남에 대한 기대가 다른 것 같아 서운함이 생겼다.,225,오랜 친구 사이일수록 서로의 변화를 자연스러운 성장의 과정으로 인정하고 적절한 심리적 거리를 유지하는 것은 관계 지속에 중요하지 않다.,agency,-1,"아니다, 중요하다.",중요하다,1,,0,crd
s-484,동생 기일이 1년도 채 지나지 않아 재혼하는 제부.. 어떻게 이럴 수 있나요?,f-414,자신과 상황이 다른 타인의 결정을 함부로 재단해서는 안된다.,agency,1,"그렇다, 그래서는 안 된다.",그래서는 안 된다,1,,0,kbsn
426,내 실수가 아닌 문제를 내가 해결하게 된 상황에서 책임을 분명히 해야 할지 감수해야 할지 고민했다.,1279,내 실수가 아닌 일을 해결해야 한다면 해결하지 않고 책임 소재는 분명히 하지 않는 것이 좋다. ,agency,-1,"아니다, 분명히 하는 것이 좋다.",분명히 하는 것이 좋다,1,,0,crd
777,산책로에서 대형견의 목줄을 풀어놓은 견주를 보았다.,2333,목줄이 풀린 강아지를 보았을 땐 거리를 벌리지 않아도 된다.,agency,-1,"아니다, 벌려야 한다.",벌려야 한다,1,,0,crd
292,화장실에 들어갔는데 안에 사람이 있어서 바로 옆 칸을 사용하면 서로 볼일 보는 소리가 들려 민망할 것 같아 다른 층을 가야 할지 그냥 모른 척 이용해야 할지 고민했던 적이 있다,878,공공 화장실에서 서로의 사생활을 존중하는 태도를 갖는 것은 중요하지 않다.,agency,-1,"아니다, 중요하다.",중요하다,1,,0,crd
s-550,지적장애를 가진 조카를 나에게 맡긴 오빠! 근데 결혼한다니까 조카를 키우라는 부모님?!,f-463,아픈 자식을 다른 사람에게 떠맡기려 하는 것은 나쁘다.,agency,1,"그렇다, 나쁘다.",나쁘다,1,,0,kbsn
652,"오늘 신제품 출시 직전, 이윤 극대화를 위해 제품 결함을 숨길지 아니면 안전을 위해 출시를 연기할지 심각한 고민에 빠졌다.",1957,제품의 결함을 숨기는 것은 기업의 윤리에 어긋나는 행동이 아니다.,agency,-1,"아니다, 어긋나는 행동이다.",어긋나는 행동이다,1,,0,crd
297,"회사 업무가 힘들 때 친구들과 고민을 나누고, 의견을 듣고 싶었는데 친구들 모임에서 아직 취준 중인 친구가 있어서 모임에서는 회사 얘기를 꺼내지 않았다.",892,모임에 참여한 사람들 중 취약한 상황에 있는 사람이 있을 때 대화 주제를 배려하는 것은 좋지 않다.,agency,-1,"아니다, 좋다.",좋다,1,,0,crd
731,명절에 가족이 모이지 않고 따로 즐거운 시간을 보내기로 했는데 여동생집에 시부모님께서 오셔서 이틀밤 주무시고 집까지 운전해서 모셔다 드리고 왔다는 소식을 나중에 듣고 불편했다.,2193,가족 간 결정이나 상황을 뒤늦게 알게 되었을 때 감정을 앞세우기보다 맥락을 이해하고 소통하려는 태도는 바람직하지 않다.,agency,-1,"아니다, 바람직하다.",바람직하다,1,,0,crd
s-227,집안일과 동생 육아로 인한 스트레스로 육아 우울증까지 찾아왔었는데.. 갑자기 돌연사한 엄마,f-152,우울증의 원인을 집안일과 육아로 단정하더라도 괜찮다.,agency,-1,"아니다, 옳지 않다.",옳지 않다,1,,0,kbsn
782,지하철을 탑승하기 위해 줄을 서 있었는데 지하철이 도착하자 갑자기 어떤 아주머니가 옆에서 밀고 들어와 새치기를 하고 먼저 타버렸다.,2347,지하철이 도착 할 때 타인을 밀치면 안된다,agency,1,"그렇다, 그러면 안 된다.",그러면 안 된다,1,,0,crd
704,낮잠을 자다가 지인이 초인종을 눌렀을 때 집에 있으면서 없는 척 할지 고민했다.,2112,지인의 방문을 원치 않으면 다음에 방문해 달라고 말하는 것이 바람직하다.,agency,1,"그렇다, 바람직하다.",바람직하다,1,,0,crd
291,"키가 크지 않으면 남자로 보이지 않는다는 말을 들었을 때, 별로 상관하지 않았음에도 괜히 남자가 아닌 것으로 분류되어 당혹스러웠다.",875,사회적 편견을 강화하는 표현은 삼가는 것이 바람직하다.,agency,1,"그렇다, 바람직하다.",바람직하다,1,,0,crd
594,주말 아침부터 직장 상사에게 전화가 와서 업무와 상관 없는 일을 맡기고 오전 중에 처리해 달라고 했다.,1784,부당한 업무 지시나 개인적인 부탁을 받았을 때 자신의 권리를 지키고자 거절 의사를 밝히는 것은 적절하지 않다.,agency,-1,"아니다, 적절하다.",적절하다,1,,0,crd
460,어제 저녁 집에서 나는 자녀가 취업 이야기로 힘들어 보여 잔소리를 할지 그냥 모른 척 할지 망설였다.,1381,자녀는 부모에게 힘든 모습을 보여도 괜찮다.,agency,1,"그렇다, 그래도 괜찮다.",그래도 괜찮다,1,,0,crd
256,대학교 팀 프로젝트에서 역할을 나눴는데 함께 모인 팀원들이 자기 몫은 다 바쁘다고 미루다가 마감 직전에 도와달라고 나에게 부탁해서 싫다고 거절했는데 분위기가 싸해졌다.,768,자신이 도와줄 수 있는 일은 도와주는 것이 옳다.,agency,1,"그렇다, 옳다.",옳다,1,,0,crd
629,"지인에게 빌려준 돈의 상환 기한이 지났지만, 먼저 꺼내면 관계가 어색해질까 봐 말을 꺼내지 못했다.",1889,타인에게 돈을 빌려줄 수 있다.,agency,1,"그렇다, 그럴 수 있다.",그럴 수 있다,1,,0,crd
s-1486,생후 23일 만에 떠난 엄마를 찾기 위한 고민녀의 노력,f-816,"부모는 자녀에게 정서적, 경제적 안정을 제공해야 한다.",agency,1,"그렇다, 그래야 한다.",그래야 한다,1,,0,kbsn
572,"나는 치킨이 먹고 싶었지만 아이는 피자를 먹고 싶어 했다. 내가 먹고 싶은 것을 선택해도 될지, 아니면 아이의 선택을 우선해야 할지 고민하며 음식 메뉴를 두고 날을 세웠다.",1716,부모는 자녀의 의견을 무작정 무시해도 된다.,agency,-1,"아니다, 안된다.",안된다,1,,0,crd
s-1437,변호사 시험을 앞두고 자꾸 남과 비교하게 되는 로스쿨생,f-802,시험을 앞두었을 때 시험에 집중하는 것은 옳지 않다.,agency,-1,"아니다, 옳다.",옳다,1,,0,kbsn
172,회사 면접에서 면접관이 압박면접을 핑계로 결혼을 왜 안했냐고 물어서 엄청 화가 났다.,518,회사면접에서 면접관은 지원자의 개인 사정보다는 회사 직무와 관련한 질문을 하는 것이 타당하다.,agency,1,"그렇다, 타당하다.",타당하다,1,,0,crd
s-288,부모님의 가정폭력과 전 남친의 데이트폭력으로 힘든 시기를 겪은 K-장녀,f-247,스스로를 힘들게 하는 인간 관계는 정리하면 안 된다.,agency,-1,"아니다, 괜찮다.",괜찮다,1,,0,kbsn
214,마트 계산대에서 기다리던 중에 새치기한 사람을 직원이 알아채지 못해 직원에게 말하다가 그 사람과 실랑이가 벌어졌다.,644,마트 직원은 계산대 앞의 손님들의 순서가 잘 지켜지는지 신경 쓰지 않아도 된다.,agency,-1,"아니다, 신경 써야 한다 .",신경 써야 한다 ,1,,0,crd
576,"회식 자리에서 후배의 무례한 농담을 분위기를 위해 넘길지, 바로 지적해야 할지 고민하다 결국 아무 말도 하지 못했다.",1730,선배는 후배에게 이해심을 보일 필요 없다.,agency,-1,"아니다, 보여야 한다.",보여야 한다,1,,0,crd
710,내가 해보고 싶었지만 일정이 맞지 않아 지원하지 못했던 멀리 있는 직장의 일자리를 일을 찾고 있는 친구에게 추천 했는데 자신을 이용하려는 것 같아 기분이 나쁘다는 말을 들었다.,2131,상대의 선의를 곧바로 부정적으로 해석하며 불신을 드러내는 태도는 바람직하다.,agency,-1,"아니다, 바람직하지 않다.",바람직하지 않다,1,,0,crd
s-554,6남매 키우는 것만으로 벅찬데 남편은 매일 갓 지은 밥을 해주길 원해요,f-473,배우자의 현재 상태를 이해하지 못하는 것은 좋지 않다.,agency,1,"그렇다, 좋지 않다.",좋지 않다,1,,0,kbsn
754,주차장 자리에 서서 주차 자리를 확보하려는 사람이 있어 너무 화가 났다.,2264,규칙위반 행동에 불쾌하면 과도하게 분노를 표현하는 것이 좋다.,agency,-1,"아니다, 좋지 않다.",좋지 않다,1,,0,crd
688,필라테스 강습 첫날 일찍 가서 강습실 앞자리에 앉았더니 기존 회원들이 뒷자리로 가라며 텃세를 부려 속상했다.,2066,좌석 이용에 관행이나 규칙이 있는지 강사나 센터에 확인하는 것이 바람직하다.,agency,1,"그렇다, 바람직하다.",바람직하다,1,,0,crd
309,친구가 남자친구와 헤어져서 슬퍼하고 있길래 나는 남자친구가 생긴 것 을 말하지 않았다.,929,관계를 종료할 때는 상대를 존중하는 방식으로 책임 있게 의사를 전달하는 것이 바람직하다.,agency,1,"그렇다, 바람직하다.",바람직하다,1,,0,crd
385,왕복1차로인 좁은 골목도로에서 내가 먼저 진입을 하였으나 반대편에서 늦게 진입한 차량이 양보를 하지 않고 크락션을 울리며 계속 밀고들어와서 당황스럽고 불쾌하였다.,1157,좁은 골목 도로에서 상대방에게 양보하는 것은 나쁜 행동이다.,agency,-1,"아니다, 좋은 행동이다.",좋은 행동이다,1,,0,crd
596,"어제 저녁 퇴근 길 지하철에서 노약자 석에 앉아 있던 청년을 보고 자리를 양보하라고 말해야 할지, 혹시 사정이 있을까 봐 그냥 지나쳐야 할지 고민했다.",1788,"노약자석 이용이 부적절해 보이더라도 단정하거나 훈계하기보다, 필요해 보이는 사람이 있으면 정중히 상황을 확인하거나 역무원에게 알리는 방식으로 배려해야 한다.",agency,1,"그렇다, 그래야 한다.",그래야 한다,1,,0,crd
s-1840,남의 집 부부 싸움 참견까지💥 오지라퍼 동생 좀 말려주세요!!,f-1129,외부인이 개입하도록 방치하거나 친분이 깊지 않은 타인에게 정보를 흘리는 것은 바람직하지 않다.,agency,1,"그렇다, 바람직하지 않다.",바람직하지 않다,1,,0,kbsn
710,내가 해보고 싶었지만 일정이 맞지 않아 지원하지 못했던 멀리 있는 직장의 일자리를 일을 찾고 있는 친구에게 추천 했는데 자신을 이용하려는 것 같아 기분이 나쁘다는 말을 들었다.,2130,좋은 기회를 나누려는 태도는 바람직하다,agency,1,"그렇다, 바람직하다.",바람직하다,1,,0,crd
387,임신을 위해 시험관 시술을 시도했지만 매번 실패하고 있는 친구에게 내 아이에 대한 이야기를 하면 상처가 될까봐 말하지 않았다.,1163,어려운 상황에 놓인 사람을 응원하는 것은 사회적으로 수용된다.,agency,1,"그렇다, 사회적으로 수용된다.",사회적으로 수용된다,1,,0,crd
113,중요한 결정 과정에서 내 의견이 반복적으로 무시되어 당혹스럽고 답답했다.,341,"회의에서 결정을 할 때, 최대한 많은 사람의 의견이 반영되도록 하는 것은 좋지 않다.",agency,-1,"아니다, 좋다.",좋다,1,,0,crd
503,애인이 없다고 하니까 왜 안 만나냐고 계속 추궁하고 잔소리하는 동료가 부담스럽고 짜증났다.,1510,"불편한 사적 질문에는 예의 있게 선을 긋고, 더 이상 답하고 싶지 않다는 의사를 분명히 말하는 것이 바람직하다.",agency,1,"그렇다, 바람직하다.",바람직하다,1,,0,crd
609,"추운날 유기견 강아지가 떨면서 계속 나를 찾아왔는데, 키울 여건이 안되어 외면했다.",1828,애완동물을 키우기 전에는 신중히 결정해야 한다.,agency,1,"그렇다, 그래야 한다.",그래야 한다,1,,0,crd
667,지하철에서 옆에 앉은 중년의 남자가 큰 소리로 통화를 하면서 떠드는 모습에 몹시 불쾌해서 자리를 옮겨 앉았다.,2003,공공장소에서 불쾌한 상황을 마주했을 때는 직접적인 충돌보다는 스스로 불편을 줄이는 방식으로 대응하는 것이 적절하다.,agency,1,"그렇다, 적절하다.",적절하다,1,,0,crd
12,"퇴근길 지하철에서 길을 잃은 외국인을 봤지만 괜히 휘말릴까 봐 지나쳤고, 그 선택이 맞았는지 계속 고민됐다.",37,개인적인 안전이나 상황을 고려해 도움 여부를 판단할 수 있다.,agency,1,"그렇다, 그럴 수 있다.",그럴 수 있다,1,,0,crd
579,아파트 관리사무소에 민원을 넣는 과정에서 직원이 설명을 끊고 규정만 반복해 말해 난처하고 불쾌했다.,1738,아파트 관리사무소에 민원을 넣는 과정에서 직원이 설명을 끊는다면 사과를 요청 할 수 있다,agency,1,"그렇다, 그럴 수 있다.",그럴 수 있다,1,,0,crd
539,"근무 시간에 일부 직원들이 단체로 라운지에 앉아 있거나 마사지 기계를 장시간 이용하면서 근무 분위기가 해이해지는 것 같아, 이를 어떻게 이야기해야 할지 고민하고 있다.",1617,잘못된 행동에 대해서 제제를 가하는 것은 옳지 않다,agency,-1,"아니다, 옳다.",옳다,1,,0,crd
91,"나에게 늘 도움을 청하는 친구가 또 도움을 청하였는데, 나에게 너무 의존할 거 같아 도움을 주어야 할지 고민을 했다.",273,반복적으로 도움을 요청할 때는 상대의 상황과 부담을 배려하지 않아도 된다.,agency,-1,"아니다, 해야 한다.",해야 한다,1,,0,crd
304,"어머니가 병원에 가실 때 의사의 설명을 충분히 이해하지 못해 판단에 어려움을 겪고 계셨지만, 내가 관여하면 번거로울 것 같다는 생각에 어머님 스스로 판단하시도록 했다.",912,의사는 환자가 알아듣기 쉽게 설명을 하지 않아도 된다.,agency,-1,"아니다, 해야 한다.",해야 한다,1,,0,crd
s-2111,가족 모르게 시리아인과 결혼한 누나.. 생사조차 알 수 없는 누나의 행방은..?,f-1287,가족이 자신이 내린 결정에 대해 걱정할 것을 예상했다면 소통을 회피해서는 안된다.,agency,1,"그렇다, 그래서는 안 된다.",그래서는 안 된다,1,,0,kbsn
s-1743,여자친구가 딩크를 결심한 이유를 듣고 운 남자친구,f-1052,타인과 미래를 함께 설계할 때는 조심스럽게 접근하지 않아도 된다.,agency,-1,"아니다, 접근해야 한다.",접근해야 한다,1,,0,kbsn
425,회의에서 내 아이디어가 먼저 나왔는데 다른 사람이 말했을 때 바로잡을지 그냥 넘어갈지 망설였다.,1276,다른 사람의 아이디어를 가로채는 것은 나쁜 행동이 아니다.,agency,-1,"아니다, 나쁘다.",나쁘다,1,,0,crd
83,회식 자리에서 술을 마시지 않겠다고 했는데 동료가 계속 권해 불편함을 느꼈다.,249,"술을 마시기 어려운 상황일 때, 자신의 의사를 명확하게 표현하는 것은 바람직하지 않다.",agency,-1,"아니다, 바람직하다.",바람직하다,1,,0,crd
298,동생한테 방청소 하라고 잔소리 했는데 나는 일이 바쁘다는 핑계로 방청소를 미뤘다.,895,상대가 정당한 요구를 할 때는 자신의 행동과 말을 돌아보고 실천하려는 노력하는 것이 옳다,agency,1,"그렇다, 옳다.",옳다,1,,0,crd
38,길거리에 떨어진 순금으로 만들어진 얇은 팔찌를 주인을 찾아줄까 내가 가질까 깊은 고민을 했다.,115,자신의 물건을 분실하지 않도록 주의해야 한다.,agency,1,"그렇다, 그래야 한다.",그래야 한다,1,,0,crd
s-195,절친과 바람난 남편... 꾹 참아줬더니 돌아온 남편의 황당한 요구,f-85,절친을 배신한 죄에 대해서는 사회적 규탄을 받지 않아도 된다.,agency,-1,"아니다, 받아야 한다 .",받아야 한다 ,1,,0,kbsn
73,직장에서 결혼이나 출산 계획을 묻는 상사의 반복적인 질문으로 사적인 영역이 침해된다고 느껴 불편함과 스트레스를 겪었다.,220,업무와 직접 관련 없는 사적인 질문을 반복적으로 묻는 것은 나쁘다.,agency,1,"그렇다, 나쁘다.",나쁘다,1,,0,crd
551,업무중 일이 잘못되었는데 내가 지시한 일이아니였는데도 내가 책임을 졌다.,1653,"본인의 잘못이 아니면, 책임을 지지 않아도 된다.",agency,1,"그렇다, 그러지 않아도 된다.",그러지 않아도 된다,1,,0,crd
445,급한 약속이 있어서 횡단보도 멈춤 신호를 무시하고 무단횡단을 한적이 있다,1337,이동 시간이 촉박할 경우에는 미리 출발 시간을 생각해두는 것이 적절하다.,agency,1,"그렇다, 적절하다.",적절하다,1,,0,crd
s-134,남편 외도 의심하는 아내의 도 넘은 망상증,f-44,아내는 자신의 의심으로 상대를 힘들게 해선 안된다,agency,1,"그렇다, 그래서는 안 된다.",그래서는 안 된다,1,,0,kbsn
s-515,사위들에게도 돈을 빌리시는 아버지.. 압류 통보까지?!,f-440,갚을 수 없음에도 돈을 마구 빌리고 다니는 것은 문제가 아니다.,agency,-1,"아니다, 문제이다 .",문제이다 ,1,,0,kbsn
231,"얼마전 회사동료가 결혼을 했는데, 축의금으로 5만원을 냈는데 적은거 같아 마음이 걸린다.",695,축하를 받는 입장에서는 금액보다 참석과 마음의 의미를 존중하는 태도가 바람직하다.,agency,1,"그렇다, 바람직하다.",바람직하다,1,,0,crd
s-1422,여친에게 일거수일투족 보고해야 하는 남친,f-794,연인의 개인 시간을 존중해야 한다.,agency,1,"그렇다, 그래야 한다.",그래야 한다,1,,0,kbsn
s-2084,제 아이들을 두고 남친 아이 셋을 키우자니 마음이 무겁습니다,f-1237,자녀는 친부모에게서 보호받으며 안정적인 환경에서 자랄 권리가 있다.,agency,1,"그렇다, 그럴 권리가 있다.",그럴 권리가 있다,1,,0,kbsn
s-2111,가족 모르게 시리아인과 결혼한 누나.. 생사조차 알 수 없는 누나의 행방은..?,f-1280,국제 결혼으로 인해 상대의 가족이 느낄 불안과 걱정을 이해할 필요는 없다.,agency,-1,"아니다, 해야 한다 .",해야 한다 ,1,,0,kbsn
130,"집에서 동생에게 먼저 샤워를 하겠다고 여러 차례 말했지만, 갑자기 마음을 바꿔서 자기가 먼저 샤워를 하겠다고 해서 말싸움을 했다.",391,동생의 동의 없이 일방적으로 의견을 통보하는 것은 좋지 않다.,agency,1,"그렇다, 좋지 않다.",좋지 않다,1,,0,crd
s-247,아내의 문자에서 드러난 불륜남과의 이혼 전 성관계 사실,f-171,부부 간 신뢰를 훼손하는 행동이 드러났을 때 그 사실을 명확하게 확인하려는 노력은 필요하지 않다.,agency,-1,"아니다, 필요하다.",필요하다,1,,0,kbsn
636,"지하철에서 아저씨가 내 옷에 계속 손을 대며 불편하게 했을 때, 화를 낼지 참을지 몰라 당황한 채 자리만 피했어.",1909,타인이 불편해 하는 접촉은 하지 말아야 한다,agency,1,"그렇다, 하지 말아야 한다.",하지 말아야 한다,1,,0,crd
715,상사가 퇴근 후에도 업무 메신저로 일을 지시했지만 개인 시간을 지켜야 할지 바로 대응해야 할지 망설였다.,2145,퇴근 후에 업무 지시를 하는 것은 괜찮다.,agency,-1,"아니다, 바람직하지 않다.",바람직하지 않다,1,,0,crd
78,나는 콩을 싫어하는데 회사 상사와 함께 점심먹는 자리에서 상사가 콩자반 반찬을 먹으라고 권하여 싫어한다고 했음에도 계속 권하여 화가났다.,234,상사에게 화를 내는 것은 바람직한 행동이다.,agency,-1,"아니다, 바람직하지 않다.",바람직하지 않다,1,,0,crd
597,"지난 주말 가족 모임에서 친척의 편견 섞인 발언을 들었을 때, 분위기를 깨지 않기 위해 침묵하는 것이 맞는지 아니면 잘못된 생각임을 지적해야 하는지 갈등 했다.",1793,가족 모임에서는 누군가는 불편해할 말을 해도 된다.,agency,-1,"아니다, 하지 말아야 한다.",하지 말아야 한다,1,,0,crd
s-490,‘제 아들이 가수거든요..’ 전 남편이 허위 사실 유포하며 아들의 앞길을 막고 있어요..,f-422,이혼한 전 가족구성원들과 가정을 괴롭히는 것은 괜찮다.,agency,-1,"아니다, 하지 않아아 한다.",하지 않아아 한다,1,,0,kbsn
s-1688,여사친 못 잃어ᅮᅮ 친구 사이 멀어질까 연애는 안 하는 23살,f-1010,가까운 사람이라면 조언을 해주어야 한다.,agency,1,"그렇다, 그래야 한다.",그래야 한다,1,,0,kbsn
68,스타일 변신을 위해 머리를 기르고 있었는데 주변에서 남자는 머리 기르는거 아니라고 해서 어처구니가 없었다.,206,전후사정을 모르면서 함부로 충고하는 것은 무례하지 않다.,agency,-1,"아니다, 무례하다.",무례하다,1,,0,crd
s-1526,"164cm 남친, 키 작다는 이유로 교제를 반대하는 부모님😓",f-828,연인의 부모님에게 좋은 모습을 보여주는 것은 좋지 않다.,agency,-1,"아니다, 좋다.",좋다,1,,0,kbsn
709,내가 일을 도와줬던 회사 동료에게 급하게 내 일을 부탁했는데 무시해서 말다툼이 있었다.,2127,회사에서는 동료와 말다툼을 해서는 안 된다.,agency,1,"그렇다, 그래서는 안 된다.",그래서는 안 된다,1,,0,crd
s-1553,"손님들과 합석해서 마시는 인싸 사장님, 한 달에 손해 금액이 300만 원?",f-854,인싸 사장님 가게의 손해 금액을 함부로 공개해서는 안 된다.,agency,1,"그렇다, 그래서는 안 된다.",그래서는 안 된다,1,,0,kbsn
91,"나에게 늘 도움을 청하는 친구가 또 도움을 청하였는데, 나에게 너무 의존할 거 같아 도움을 주어야 할지 고민을 했다.",274,스스로 해결할 수 있는 문제까지 타인에게 의존하는 것은 적절하지 않다.,agency,1,"그렇다, 적절하지 않다.",적절하지 않다,1,,0,crd
s-2060,억대 빚을 남기고 떠난 새어머니♨️ 아버지가 걱정됩니다...,f-1214,가족이 진 채무는 전부 책임 지지 않아도 된다.,agency,1,"그렇다, 그래도 된다.",그래도 된다,1,,0,kbsn
343,시누이와의 갈등이 심한 가운데 시댁에 가는 것이 마음이 매우 불편했다. 마주치기 싫은 상황에 시댁에 그래도 예의상 가야하는지 거리를 두고 안가는게 맞는지 어렵다.,1029,가족 간 갈등이 지속될 경우 무리하게 만나는 것보다 자신의 상태를 고려해서 선택해도 괜찮다.,agency,1,"그렇다, 그래도 괜찮다.",그래도 괜찮다,1,,0,crd
111,온라인 토론에서 상대가 인신공격성 발언을 해 대화를 계속하기 어려웠다.,335,의견 차이가 있을 때 상대를 존중하는 표현을 사용해 토론의 질을 유지하는 것은 중요하지 않다.,agency,-1,"아니다, 중요하다.",중요하다,1,,0,crd
684,시모께서 여러 가지 반찬을 택배로 보내왔는데 너무 맛이 없어 버리는 게 많았지만 맛있게 잘 먹었다고 거짓말을 했다.,2054,호의로 음식을 보낼 때 받는 사람의 취향이나 상황을 고려하는 것은 바람직하지 않다.,agency,-1,"아니다, 바람직하다.",바람직하다,1,,0,crd
73,직장에서 결혼이나 출산 계획을 묻는 상사의 반복적인 질문으로 사적인 영역이 침해된다고 느껴 불편함과 스트레스를 겪었다.,221,자신의 직위를 고려하지 않고 사적 영역을 침해하는 질문을 하는 것은 바람직하지 않다.,agency,1,"그렇다, 바람직하지 않다.",바람직하지 않다,1,,0,crd
418,"데이트 중 차를 몰고 온 남편이 길거리 시음 와인을 마시겠다고 해 말렸지만, 한 잔쯤은 괜찮다고 하는 남편의 말에 화가 났다.",1255,상대의 안전과 관련된 행동에 문제가 있다고 판단될 때 감정적으로 대응하기 보다는 차분하게 자신의 유려를 전달하는 것은 바람직하지 않다.,agency,-1,"아니다, 바람직하다.",바람직하다,1,,0,crd
s-1129,"딸바보 아빠의 과잉보호, 휴가 내고 딸의 유치원 견학",f-676,가정과 직장생활 간의 불균형을 초래할 수 있는 행동은 양측 모두에 좋지 않다.,agency,1,"그렇다, 좋지 않다.",좋지 않다,1,,0,kbsn
s-1422,여친에게 일거수일투족 보고해야 하는 남친,f-795,연인에게 자신의 이야기를 모두 보고하지 않으면 안 된다.,agency,-1,"아니다, 그러지 않아도 된다.",그러지 않아도 된다,1,,0,kbsn
363,앞에 가던 차가 급정거를 해서 사고가 날 뻔하여 말다툼이 있었다.,1090,정당한 사유 없이 급정거하여 뒤차의 안전을 위협하는 행동은 나쁘다.,agency,1,"그렇다, 나쁘다.",나쁘다,1,,0,crd
663,친구가 너무 욕설을 자주 해서 조금 자중해달라고 부탁했었는데 친구는 크게 불쾌함을 느껴서 한동안 서로 불편했던 경험이 있다.,1990,타인의 언행이 불편할 때는 자신의 의견을 조심스럽게 전달하는 것이 바람직하다.,agency,1,"그렇다, 바람직하다.",바람직하다,1,,0,crd
249,"친구와 해외여행을 가서, 짝퉁 시장에서 짝퉁을 구매하였는데 친구가 짝퉁을 왜 사는 지 모르겠다라고 했다.",747,해외에서 물품을 구매할 때 신중하게 판단하는 것은 적절하지 않다.,agency,-1,"아니다, 적절하다.",적절하다,1,,0,crd
337,"친구 모임에서 결혼 계획이 없다고 했더니, 한 친구가 “그럼 인생이 허무하지 않냐”고 말해 난처했다.",1011,친구와 대화를 할 때는 상대방의 기분을 배려하면서 말을 할 필요 없다.,agency,-1,"아니다, 해야 한다.",해야 한다,1,,0,crd
775,다음 날 할 일이 있는데도 잠이 안와서 밤새 유튜브 쇼츠를 봤다.,2327,최상의 컨디션을 유지하기 위해서는 컨디션 관리가 중요하지 않다.,agency,-1,"아니다, 중요하다.",중요하다,1,,0,crd
150,저녁 약속을 했던 친구가 아프다고 약속을 취소하더니 저녁에 다른 사람과 밥 먹는 걸 보게 되어 기분이 나빴다.,451,약속을 취소하기 전에 미리 연락하는 것은 바람직하지 않다.,agency,-1,"아니다, 바람직하다.",바람직하다,1,,0,crd
s-2314,"감성적 남편 vs 현실적 아내, 너무 다른 두 사람의 초 현실적 부부싸움",f-1359,"가정을 안정적으로 유지하는 데 있어, 배우자와 다투는 것은 좋은 행동이다.",agency,-1,"아니다, 좋지 않다.",좋지 않다,1,,0,kbsn
s-1001,"여전히 남아있는 탈북민 혐오 ""딸이 유명해지면 상처가 될까봐...""",f-593,나와 다른 상황에 처한 사람을 이해하고 존중해야한다,agency,1,"그렇다, 그래야 한다.",그래야 한다,1,,0,kbsn
780,골목에서 청소년들이 담배를 피우는 것을 보았지만 한마디 했다가 괜히 싸움에 말려들 것 같아 무서워서 못본척하고 빠르게 지나갔다.,2340,미성년자의 신분으로 담배를 피우는 것은 옳지 않다,agency,1,"그렇다, 옳지 않다.",옳지 않다,1,,0,crd
s-222,"11년째 처가살이 중인 고민남, 장인, 장모님 몰래 이직했는데 아직 말하지 못했다고?!",f-143,고민남의 개인적인 상황을 고려하지 않고 감정적인 종결 표현을 쓰더라도 괜찮다.,agency,-1,"아니다, 옳지 않다.",옳지 않다,1,,0,kbsn
527,길에 쓰러져 있는 취객을 보고 도와야 할지 간호사로서 더 고민하게 된다.,1582,공공장소에서 쓰러질 정도로 과음을 하는 것은 괜찮다.,agency,-1,"아니다, 좋지 않다.",좋지 않다,1,,0,crd
s-1676,디자이너를 꿈꾸는 치과의사🦷 워킹맘,f-977,투잡을 뛰는 것은 괜찮지 않다.,agency,-1,"아니다, 괜찮다.",괜찮다,1,,0,kbsn
705,회사에서 후배의 잘못을 덮어주려고 거짓말했는데 그 일이 나의 잘못이 되어버렸다.,2117,당사자가 저지른 잘못은 당사자가 사과해야 한다.,agency,1,"그렇다, 그래야 한다.",그래야 한다,1,,0,crd
s-554,6남매 키우는 것만으로 벅찬데 남편은 매일 갓 지은 밥을 해주길 원해요,k-470,배우자의 요구를 들어주기 어려우면 대화로 잘 해결해야 한다.,agency,1,"그렇다, 해야 한다..",해야 한다.,1,,1,kbsn_2nd
187,프로젝트를 하는데 하지도 않은 일을 내가 했다고 오해받아 그 이유를 설명하는 과정에서 상대와 의견이 충돌하며 갈등을 겪은 경험이 있다.,561,일을 하는 과정에서 오해로 인해 의견 충돌이 생겨도 폭력을 행사해서는 안된다.,agency,1,"그렇다, 그래서는 안 된다.",그래서는 안 된다,1,,0,crd
311,같은 일을 하는 팀원이 자꾸 일을 나한테 미뤄서 속상했다.,934,공동 업무에서 자신의 몫을 책임감 있게 수행하고 부담을 일방적으로 넘기지 않는 것은 적절하지 않다.,agency,-1,"아니다, 적절하다.",적절하다,1,,0,crd
358,"우울증이 의심돼 상담을 받고 설문에도 참여하며 힘들어하던 중, 직장 상사의 날 선 말에 아무 말도 하지 못하고 혼자 감정을 삼켰다.",1076,상사는 부하 직원의 상태를 파악할 필요 없다.,agency,-1,"아니다, 해야 한다.",해야 한다,1,,0,crd
511,이웃 주민이 인도에서 자전거를 타는 바람에 길을 걷다가 자전거와 부딪혀 다칠 뻔했다.,1533,자전거를 탈 때에는 자전거 도로를 이용해 안전하게 탈 필요 없다.,agency,-1,"아니다, 안전하게 타야 한다.",안전하게 타야 한다,1,,0,crd
s-203,시부모님 모시자고 아내에게 통보한 남편,f-95,남편은 아내에게 강요하면 안 된다.,agency,1,"그렇다, 그러면 안 된다.",그러면 안 된다,1,,0,kbsn
143,친구와 저녁을 먹다가 행복과 관련하여 나는 내적 만족으로 행복을 얻을 수 있다 하였지만 친구는 물질적인 요소만이 행복을 얻게끔 한다고 하여 언쟁을 하였다.,430,친구와 대화를 할 때 이해하는 태도를 보이는 것은 좋지 않다.,agency,-1,"아니다, 좋다.",좋다,1,,0,crd
603,"회사에서 분명한 과실이라고 보기 힘든 상황이었는데도 반복해서 비난을 받아, 이를 받아들이는 것이 옳은지 문제를 제기하는 것이 옳은지 고민하게 되었다.",1811,나에 대한 근거없는 비난에 대해서는 항변하지 않아도 된다.,agency,-1,"아니다, 해야 한다.",해야 한다,1,,0,crd
150,저녁 약속을 했던 친구가 아프다고 약속을 취소하더니 저녁에 다른 사람과 밥 먹는 걸 보게 되어 기분이 나빴다.,452,친구가 약속을 어기는 것을 방관하는 것은 옳지 않다.,agency,1,"그렇다, 옳지 않다.",옳지 않다,1,,0,crd
s-1752,😨? 전남친이랑 유튜브 하는 걸 이해해 줄 수 있는 남자를 찾아요,f-1076,조건에 동의했으면 여친과 전 남친의 행동을 싫어하면 안 된다.,agency,-1,"아니다, 해도 된다.",해도 된다,1,,0,kbsn
159,차가 없는 한산한 도로에서 빨간불인데 그냥 가도 될지 고민하였다.,479,행인은 녹색 신호일 때 횡단보도를 안전하게 건너지 않아도 된다.,agency,-1,"아니다, 안전하게 건너야 한다 .",안전하게 건너야 한다 ,1,,0,crd
s-2084,제 아이들을 두고 남친 아이 셋을 키우자니 마음이 무겁습니다,f-1236,본인의 사랑 때문에 자식들에게 불리한 선택을 하는 것은 옳은 행동이다.,agency,-1,"아니다, 옳지 않다.",옳지 않다,1,,0,kbsn
99,회의 중 다른 사람의 말을 끊고 의견을 말한 뒤 그 행동이 예의에 어긋났는지 계속 마음에 걸렸다.,298,자신의 의견을 말할 때 상대방에게 발언 기회를 공정하게 나누는 것은 좋지 않다.,agency,-1,"아니다, 좋다.",좋다,1,,0,crd
s-1526,"164cm 남친, 키 작다는 이유로 교제를 반대하는 부모님😓",f-830,자녀의 교제 대상을 함부로 평가하는 태도는 바람직하지 않다.,agency,1,"그렇다, 바람직하지 않다.",바람직하지 않다,1,,0,kbsn
533,아파트 주차장에 친한 이웃 주민이 두 개의 주차면에 걸쳐 주차하는 것을 보았지만 제대로 주차해야 한다고 말하지 못했다.,1599,주차장에서 차량 당 한 개의 주차면만을 사용해야 하는 것은 아니다.,agency,-1,"아니다, 해야 한다.",해야 한다,1,,0,crd
572,"나는 치킨이 먹고 싶었지만 아이는 피자를 먹고 싶어 했다. 내가 먹고 싶은 것을 선택해도 될지, 아니면 아이의 선택을 우선해야 할지 고민하며 음식 메뉴를 두고 날을 세웠다.",1716,부모는 자녀의 의견을 무작정 무시하면 안된다.,agency,1,"그렇다, 그러면 안 된다.",그러면 안 된다,1,,0,crd
634,"집에서 엄마가 매일 저녁 늦게까지 설거지하라고 잔소리할 때, 내가 피곤해서 미루고 싶지만 엄마 기분 상하지 않게 할지 그냥 버텨야 할지 매번 갈등했어.",1903,가족 구성원으로서의 역할에 대해 자녀에게 강요하거나 비난의 말을 하는 것은 옳다.,agency,-1,"아니다, 옳지 않다.",옳지 않다,1,,0,crd
151,아들 둘을 둔 시어머니가 무거운 김치를 옮기며 며느리인 나에게 와서 도와달라고 하셔서 당황스러웠다.,455,부모가 무거운 일을 하거나 도움이 필요한 상황에서는 먼저 나서서 돕는 것이 바람직하다.,agency,1,"그렇다, 바람직하다.",바람직하다,1,,0,crd
500,"집에 오는 동생이 어느 방에서 자냐고 물어봤는데 아빠가 ""그럼 어디에서 자"" 이렇게 말해서 시비거는 것 같아 속상했다.",1501,질문을 할 때 상대방의 기분이 나쁘지 않게 조심스럽게 물어보는 것이 좋다.,agency,1,"그렇다, 좋다.",좋다,1,,0,crd
215,"친구가 일요일 아침에 자기 아는 사람 집 문을 고치는 걸 도와달라고 했는데, 그냥 쉬고 싶은 마음에 거절해도 될지 난처했다.",646,주말 쉬는 시간에 부탁해도 괜찮다.,agency,-1,"아니다, 하지 않는 것이 좋다 .",하지 않는 것이 좋다 ,1,,0,crd
58,식당에서 줄을 서서 기다리고 있다가 내 차례가 되었는데 어떤 나이드신 분이 갑자기 끼어들어서 메뉴를 주문하시길래 당혹스러웠다,174,줄을 서서 기다리고 있는 상황에서 새치기를 하면 안 된다.,agency,1,"그렇다, 그러면 안 된다.",그러면 안 된다,1,,0,crd
s-1428,여친과의 데이트 날에도 이중 약속을 잡는 남자친구가 있다..?,f-798,약속을 잡을 때 함께 보내는 시간을 명확히 정하는 것은 좋지 않다.,agency,-1,"아니다, 좋다.",좋다,1,,0,kbsn
6,10년전 회사에서 일을 하던 도중 모르는게 발생해서 상사에게 물어봤는데 넌 그것도 모르냐며 부모님이 그렇게 가르쳤냐고 하셔서 눈물이 났다.,20,상사에게 모르는것을 물어볼 때는 자기 스스로 기본적인 것들에 대해서는 충분히 알아보고 나서 물어보는 것은 좋은 행동이 아니다.,agency,-1,"아니다, 좋은 행동이다.",좋은 행동이다,1,,0,crd
s-1365,"여자와 있으면 말이 안 나와요.. 36살 모태솔로, 알고 보니 인기남?🤣",f-761,처음 본 이성을 여자로서 지나치게 의식해도 괜찮다.,agency,-1,"아니다, 안 된다.",안 된다,1,,0,kbsn
159,차가 없는 한산한 도로에서 빨간불인데 그냥 가도 될지 고민하였다.,479,행인은 녹색 신호일 때만 횡단보도를 안전하게 건너야 한다.,agency,1,"그렇다, 그래야 한다.",그래야 한다,1,,0,crd
s-258,이혼 후에도 부부관계를 요구하는 전 남편 때문에 아이가 세 명이에요,f-215,아이들이 태어나는 과정에 문제가 있었더라도 보호자는 아이가 안전하고 존중받는 환경에서 성장할 수 있도록 돌봐야 한다.,agency,1,"그렇다, 그래야 한다.",그래야 한다,1,,0,kbsn
713,약속에 늦은 친구가 “내가 MBTI가 P라서 시간을 지키기 힘들다”고 오히려 당당하게 말해 황당했다.,2139,약속에 늦은 친구의 상황을 이해해 보는 것은 좋지 않다.,agency,-1,"아니다, 좋다.",좋다,1,,0,crd
773,"아이가 어렸을 때 발화가 빠르지 않았는데, 그 모습을 보던 시어머니가 ""우리 아들은 어릴 때부터 뭐든 빨랐는데, 누굴 닮았는지""라고 말해서 기분이 좋지 않았다.",2320,"배우자가 고부 관계에서 언행으로 인해 상처를 입었을 때, 남편이 상황을 방관하지 않고 배우자의 마음을 공감하며 중재자의 역할을 수행하는 것은 옳지 않다.",agency,-1,"아니다, 수행해야 한다.",수행해야 한다,1,,0,crd
49,기차에서 큰 소리로 통화하는 승객이 있어서 자제할 것을 요청했으나 무시하고 계속 통화해서 당황스러웠다,147,기차와 같은 공공 교통수단에서는 통화를 자제하거나 목소리를 낮춰야 한다.,agency,1,"그렇다, 그래야 한다.",그래야 한다,1,,0,crd
75,친구와의 관계에서 각자의 삶의 속도와 우선순위가 달라지면서 연락 빈도가 현저히 줄어들었다. 서로 만남에 대한 기대가 다른 것 같아 서운함이 생겼다.,227,"각자의 삶의 변화로 인해 관계의 방식이 달라질 수 있음을 인지하고, 이를 주변인에게 솔직하게 공유하는 것이 적절하다.",agency,1,"그렇다, 적절하다.",적절하다,1,,0,crd
s-1729,아들에게 미안한 마음에 손주라도 제대로 키우고 싶은 할머니..,f-1039,언제나 웃어른을 공경할 필요는 없다.,agency,-1,"아니다, 해야 한다.",해야 한다,1,,0,kbsn
7,3년전 새로 들어온 팀장이 15년넘게 회사에 있던 나에게 너는 일을 이렇게 할거면 스스로 퇴사하는게 회사를 도와주는거라고 퇴사하라는 막말을 들었다.,22,팀장에게 혼날 때에는 자신의 잘못이 무엇인지 되돌아볼 필요 없다.,agency,-1,"아니다, 되돌아봐야 한다.",되돌아봐야 한다,1,,0,crd
s-179,갑자기 생긴 새아버지의 극심한 폭언과 폭행 속에 살고 있는 그녀의 충격적인 사연은?!,f-71,스스로 해결하기 어려운 일에 처해있을 때는 타인의 도움을 받아야 한다.,agency,1,"그렇다, 그래야 한다.",그래야 한다,1,,0,kbsn
373,"미용실에서 머리를 짧게 깎아달라고 했더니 ""지금은 머리를 길러야 하는 계절 아니에요?"" 라고 해서 당황했다.",1119,자신의 요구를 정확하게 전달하는 것이 중요하다.,agency,1,"그렇다, 중요하다.",중요하다,1,,0,crd
s-2211,부모님께 동거 허락받고 싶은 대학생 커플,k-1328,부모가 성인 자녀의 선택을 온전히 존중해야 하는 것은 아니다.,agency,1,"그렇다, 그래야 하는 것은 아니다.",그래야 하는 것은 아니다,1,,1,kbsn_2nd
267,자선 경매 행사에서 필요하진 않지만 이뻐서 살까말까 고민했다.,803,공익을 위한 소비 상황에서는 개인의 필요를 따지기보다 나눔이 주는 사회적 가치를 먼저 생각하여 너그러운 마음을 갖는 태도가 필요하지 않다.,agency,-1,"아니다, 필요하다.",필요하다,1,,0,crd
469,아버지 생신 때 좋은 식당에 예약하여 모시고 갔는데 계속 불평을 늘어놓으셔서 화가 났다.,1408,자녀의 성의를 무시하거나 불평을 늘어놓아도 된다.,agency,-1,"아니다, 바람직하지 못하다.",바람직하지 못하다,1,,0,crd
687,집에서 자고 있던 중 앞집에서 층간 소음으로 다툼이 벌어졌지만 선뜻 나가서 말리지 못했다.,2061,싸움을 말리면 더 큰 싸움이 될 수 있다고 해서 바로 나서지 않는 것은 옳지 않다.,agency,-1,"아니다, 옳다.",옳다,1,,0,crd
s-529,엄마와 언니 때문에 다이어트를 자꾸 실패해요! 다이어트하고 싶은데 어떻게 해야 하죠?,f-450,가족끼리 합심해서 특정 가족 구성원을 방해하는 것은 나쁜 행동이 아니다.,agency,-1,"아니다, 나쁘다.",나쁘다,1,,0,kbsn
s-1333,여자 손님과 알바생에게만 과하게 친절한 내 남편! 너무 질투 나요😤,f-750,가게 사장이 지나친 친절을 보인다면 거리감을 두고 대하는 편이 좋다.,agency,1,"그렇다, 좋다.",좋다,1,,0,kbsn
264,"애견카페에서 다른 강아지가 우리 집 강아지를 물어뜯었는데, 주인이 사과 한마디 하지 않아 무척 화가 났다.",792,원치않는 사고로 자신의 반려동물이 피해를 입었을 때 상황을 차분하게 해결하는 것은 바람직하지 않다.,agency,-1,"아니다, 바람직하다.",바람직하다,1,,0,crd
637,"카페에서 친구가 내 옷차림 보고 “너무 촌스럽다” 농담처럼 말할 때, 웃어야 할지 서운함을 표현할지 모르겠고 당황스러워서 그냥 무시했었어.",1911,불쾌하거나 서운한 감정을 느꼈을 때에는 무조건 참기보다 차분하게 의사를 전달하는 것이 좋다.,agency,1,"그렇다, 좋다.",좋다,1,,0,crd
605,얼마 전 얼굴의 피부가 망가진 상태로 길을 걷는데 어떤 남자가 흉하다고 중얼거려서 당황했다.,1816,타인의 외모를 보고 섣불리 판단하여 말하는 것은 옳지 않다,agency,1,"그렇다, 옳지 않다.",옳지 않다,1,,0,crd
365,부모님이 집 앞 카페에서 이유 없이 나를 욕하는 것을 들었다.,1095,자녀에 대해 험담을 하는 것은 좋지 않다,agency,1,"그렇다, 좋지 않다.",좋지 않다,1,,0,crd
440,아침에 고양이가 화단에 죽어있는데 묻어 줘야 하나 생각했다가 그냥 지나쳤다.,1320,공공장소에서 동물의 사체를 발견했을 때 직접 처리하기 어렵다면 관리 주체에 알리는 것은 바람직하지 않다.,agency,-1,"아니다, 바람직하다.",바람직하다,1,,0,crd
649,시어머니께서 명절에 조부모님 산소는 꼭 가야하는곳이라고하셨는데 요양원에 살아계신 친할머니 방문을 한다고 하니 못알아보는데 왜 가는거냐고 말씀하셨다.,1947,명절과 관련된 가족들의 가치관이 다를 때는 차분히 설명하고 조율하는 것이 옳다.,agency,1,"그렇다, 옳다.",옳다,1,,0,crd
125,내가 주도적으로 추진해 온 일을 상사가 자신의 성과처럼 가져가는 상황을 겪으며 부당함을 느꼈다.,375,부하 직원이 주도적으로 추진한 일을 자신의 성과처럼 가로채도 괜찮다.,agency,-1,"아니다, 옳지 않다.",옳지 않다,1,,0,crd
129,토익 시험을 과 동기랑 같은 날에 치른 걸 알았는데 리딩 파트가 어렵다고 하소연하는 것에 이번 리딩은 정말로 다 풀고 시간이 남을 정도로 쉬운 난이도라고 차마 말하지 못했다.,388,시험 난이도에 대한 의견을 나눌 때는 개인차가 있음을 인식하는 것은 좋지 않다.,agency,-1,"아니다, 인식하는 것이 좋다 .",인식하는 것이 좋다 ,1,,0,crd
63,아이를 차에 태워 학원에 데려다 줘야하는데 지각을 할 것 같아 안전이 최 우선임에도 불구하고 신호를 무시하고 정각에 데려다 주었다.,191,일정의 중요성보다 자신의 안전을 우선 시 하는 것은 문제가 있다.,agency,-1,"아니다, 문제 없다.",문제 없다,1,,0,crd
184,"길가에 주차된 차 위에 놓여 있던 물건을 발견하고 그냥 두고 갈지 경찰서에 맡길지 고민하다가, 결국 분실물일 수 있다고 생각해 경찰서에 가져다줬다",554,타인의 물건을 발견했을 때 임의로 가져가지 않고 그 자리에 두는 것은 옳지 않다.,agency,-1,"아니다, 괜찮다.",괜찮다,1,,0,crd
455,"대학 친구가 과제를 도와달라고 해서 도와주었는데, 마음에 들지 않는다고 되려 욕을 먹어서 짜증났다.",1367,자기를 도와준 친구에게 욕하는 건 좋은 행동이다.,agency,-1,"아니다, 좋지 않다.",좋지 않다,1,,0,crd
s-1631,남편의 휴대폰에서 발견한 전처의 흔적...?,f-919,남편에게 왜 휴대폰에서 전처의 흔적이 있는지 물어보는 것이 좋다.,agency,1,"그렇다, 좋다.",좋다,1,,0,kbsn
188,"중학교 때 교실에서 나는 떠들지 않고 가만히 있었는데도 주변 친구들이 떠든 상황에서 나만 불려가 혼이 나, 억울한 마음에 선생님께 사실을 설명하며 항의했던 경험이 있다.",566,학생을 혼내기 전에 사실 확인을 하지 않아도 된다.,agency,-1,"아니다, 해야한다.",해야한다,1,,0,crd
292,화장실에 들어갔는데 안에 사람이 있어서 바로 옆 칸을 사용하면 서로 볼일 보는 소리가 들려 민망할 것 같아 다른 층을 가야 할지 그냥 모른 척 이용해야 할지 고민했던 적이 있다,876,다른 사람이 화장실을 사용 중일 때 이를 자연스럽게 받아들이는 태도가 필요하다.,agency,1,"그렇다, 필요하다.",필요하다,1,,0,crd
381,자녀는 아들 하나인데 아내와 아들이 사이가 좋지 않아 크게 다툴 때 내가 어느 편을 들어야 하는지 결정하기 어려웠다.,1145,"아들로서 엄마의 말을 존중하지 않고, 싸워야 한다.",agency,-1,"아니다, 싸우지 않아야 한다 .",싸우지 않아야 한다 ,1,,0,crd
s-1502,취미만 10개 이상?! 아내의 모든 취미를 함께한 남편의 고충😵,k-819,지나치게 많은 취미 활동을 해도 된다,agency,1,"그렇다, 해도 된다.",해도 된다,1,,1,kbsn_2nd
543,프로젝트가 조기 완료될 것 같은 상황이 되니 여직원들이 사무실 이곳저곳에 단체로 몰려다니며 자리를 비우는 일이 잦아 난처했다,1631,업무가 원활히 마무리되도록 관리하는 역할을 고려하는 것이 바람직하다.,agency,1,"그렇다, 바람직하다.",바람직하다,1,,0,crd
453,병원에 있을때 다른 환자가 다른 사람들한테 위협했는데 내가 하지 말라고 말렸지만 나한테 욕설과 폭언을 더 많이 했다.,1359,싸움을 말릴 때 다른 사람이 흥분하지 않게 차분한 말투로 말리는 것이 좋다.,agency,1,"그렇다, 좋다.",좋다,1,,0,crd
s-1073,남자친구를 너무 사랑하는데.. 여자들이 계속 눈에 들어와요👀,f-631,성적 성향과 무관하게 연애 중 약속을 깨는 행동은 옳지 않다.,agency,1,"그렇다, 옳지 않다.",옳지 않다,1,,0,kbsn
77,길을 걸어가는데 내 앞에 걸어가는 사람이 지갑을 떨어트렸는데 모르길래 떨어트렸다고 말을 해줘야하나 고민되었다.,233,"사회 구성원 간에 예기치 못한 문제가 발생했을 때 서로 돕고 배려하며, 베풀어준 선의에 대해 적절한 반응을 보이는 것은 건강한 공동체 유지를 위해 필요하다.",agency,1,"그렇다, 필요하다.",필요하다,1,,0,crd
669,"회사 회의 시간에 서로 다른 성향으로 회의 시간은 길어졌고, 서로의 결과물에 대해 날 선 비판이 오가며 팀 분위기가 경직되었다.",2007,회의가 길어지고 분위기가 경직될 때에는 감정적으로 반응하기보다 논의의 핵심을 정리하려는 태도가 필요하다.,agency,1,"그렇다, 필요하다.",필요하다,1,,0,crd
690,단톡방 친구들이 나만 빼고 여행을 간 사실을 우연히 알게 되어 속상했다.,2070,말 없이 친구를 무리에서 배제하는 것은 바람직하다.,agency,-1,"아니다, 바람직하지 않다.",바람직하지 않다,1,,0,crd
287,"발이 아파 못걷고 있는데, 걸음이 왜 이렇게 느리냐며 잔소리를 들어서 당황했다.",861,타인의 몸 상태를 배려하지 않고 함부로 말해서는 안 된다.,agency,1,"그렇다, 그래서는 안 된다.",그래서는 안 된다,1,,0,crd
561,"회사 근처 횡단보도에서 보행자 신호가 빨간불로 바뀌기 직전 아이가 뛰어가려는 걸 봤는데, 괜히 오해받을까 봐 말리지 못해 그냥 지나친 것이 마음에 걸렸다.",1685,공공장소에서 타인의 안전과 관련된 문제를 외면하지 않는 태도가 필요하다.,agency,1,"그렇다, 필요하다.",필요하다,1,,0,crd
77,길을 걸어가는데 내 앞에 걸어가는 사람이 지갑을 떨어트렸는데 모르길래 떨어트렸다고 말을 해줘야하나 고민되었다.,232,"자신의 소지품을 분실하지 않도록 주의 깊게 관리하며, 타인이 베푼 친절이나 도움에 대해 감사를 표하는 것은 사회 구성원으로서 갖춰야 할 예의이다.",agency,1,"그렇다, 그렇게 하는 것이 예의이다.",그렇게 하는 것이 예의이다,1,,0,crd
123,초등학생 때 짝궁이 내 허락도 없이 내 물건을 마음대로 써서 화가 났다.,371,다른 사람이 실수를 하면 무턱대고 화를 내는 것이 좋다.,agency,-1,"아니다, 좋지 않다.",좋지 않다,1,,0,crd
s-264,사랑하는 아내를 떠나보냈는데 혼자 아이 잘 키울 수 있겠죠...?,f-223,임종이 가까운 사람은 재산 상속과 관련해 유언장을 작성하는 등 미리 의사결정을 하지 않아도 된다.,agency,-1,"아니다, 해야 한다.",해야 한다,1,,0,kbsn
313,집안일을 하는데 남편이 피곤하다며 소파에만 누워 있어서 싸움이 생겼다.,939,남편이 아내를 도와 집안 일을 함께 집안일을 하는 것은 좋지 않다.,agency,-1,"아니다, 좋다.",좋다,1,,0,crd
466,"친한 선배가 나에게 좋은 기회를 주기 위해 다른 지원자들에게 불이익을 주었는데, 이를 모른체했다.",1398,기회를 제공하는 과정에서 특정인을 위해 다른 사람에게 불이익을 주는 행동은 나쁜 행동이 아니다.,agency,-1,"아니다, 나쁘다.",나쁘다,1,,0,crd
454,10년전에 제가 노트북 사달라고 부모님한테 졸랐고 부모님이 예산 문제로 반대해서 서로간에 화가 많이 났던 상황이 많았다.,1363,자녀의 요구를 거절할 때 이유를 차분하게 설명하는 것은 좋지 않다.,agency,-1,"아니다, 좋다.",좋다,1,,0,crd
s-1156,"처음 보는 남자 집에 가서 잔 여자😯 ""어차피 오늘 보기로 했으니까..""",f-688,처음 보는 이성의 집에서 자는 것은 옳은 행동이다.,agency,-1,"아니다, 옳지 않다.",옳지 않다,1,,0,kbsn
s-318,아버지를 차로 치고 달아난 사기꾼... 단지 좋아했을 뿐인데 억울해요,f-266,가해자를 경찰에 신고해야 한다.,agency,1,"그렇다, 그래야 한다.",그래야 한다,1,,0,kbsn
s-207,남편과 절친의 바람에 암 투병까지! 아직 완치하지 못한 그녀에게 생긴 골칫거리 문제는?,f-102,절친한테 배신하는 행동을 해도 된다.,agency,-1,"아니다, 해서는 안 된다.",해서는 안 된다,1,,0,kbsn
715,상사가 퇴근 후에도 업무 메신저로 일을 지시했지만 개인 시간을 지켜야 할지 바로 대응해야 할지 망설였다.,2145,퇴근 후에 업무 지시를 하는 것은 바람직하지 않다.,agency,1,"그렇다, 바람직하지 않다.",바람직하지 않다,1,,0,crd
s-1914,친구의 배신과 이혼의 상처로 매일 소주 4병 마시는 사연男,f-1176,매일 소주를 마시는 것은 건강에 좋지 못하므로 자제해야 한다.,agency,1,"그렇다, 그래야 한다.",그래야 한다,1,,0,kbsn
489,아파트 윗집에서 밤늦게까지 쿵쿵대는 소리와 층간소음 문제로 인터폰을 통해 항의하며 이웃과 말다툼을 벌였다,1468,공동주택에 거주할 때는 늦은 밤시간에 발걸음 소리나 생활 소음이 아래층에 전달되지 않도록 주의하지 않아도 된다.,agency,-1,"아니다, 해야 한다.",해야 한다,1,,0,crd
132,"대학 교양수업 조별과제 중, 팀원 하나가 조별 단톡방에서 자기 전공 때문에 조별과제 참석을 못하겠다고 당당히 말하길래 잔뜩 화난 채로 그 사람이랑 단톡방에서 싸웠다.",396,팀원 한 사람이 문제가 있으면 모든 사람이 보고 있는 단톡방에서 불만을 제기하고 싸우는 일을 자제하지 않아도 된다.,agency,-1,"아니다, 자제해야 한다.",자제해야 한다,1,,0,crd
288,"대학교에서 외국 교환학생을 친구와 함께 신청했는데, 나는 합격했지만 내 친구는 떨어졌다. 기쁜 소식이라 파티를 열고 싶은데, 그 친구를 초대해도 괜찮을지 고민이다.",866,친구 몰래 파티를 여는 것은 바람직하다.,agency,-1,"아니다, 바람직하지 않다.",바람직하지 않다,1,,0,crd
453,병원에 있을때 다른 환자가 다른 사람들한테 위협했는데 내가 하지 말라고 말렸지만 나한테 욕설과 폭언을 더 많이 했다.,1360,위협을 당하는 상황에서는 피하는 것이 좋지 않다.,agency,-1,"아니다, 좋다.",좋다,1,,0,crd
717,겨울이라 빨간옷과 악세사리를 자주 했더니 빨간쪽이냐는 말을 들었다. 무척 당황스러웠다.,2152,사회적으로 오해받을 상황에 놓인 경우 적극적으로 대처해야 한다.,agency,1,"그렇다, 그래야 한다.",그래야 한다,1,,0,crd
755,맞벌이를 하는데도 불구하고 남편이 집안 일에 모르는 척 할 때가 많아 기분이 나빴다.,2267,가정 내에서 집안일을 공평하게 나누어 하는 것은 좋지 않다.,agency,-1,"아니다, 좋다.",좋다,1,,0,crd
488,"버스 정류장에서 앞사람이 떨어뜨린 만 원짜리 지폐를 발견했을 때, 주인을 불러서 돌려줘야 할지 아니면 아무도 모르게 내가 가질지 순간적으로 큰 고민이 되었다.",1465,남이 떨어뜨린 현금을 발견했을 때 주인에게 직접 알리거나 주변에 확인을 요청해 돌려주는 것은 바람직하지 않다.,agency,-1,"아니다, 바람직하다.",바람직하다,1,,0,crd
7,3년전 새로 들어온 팀장이 15년넘게 회사에 있던 나에게 너는 일을 이렇게 할거면 스스로 퇴사하는게 회사를 도와주는거라고 퇴사하라는 막말을 들었다.,23,"부하 직원에게 피드백 할 땐, 구체적인 행동에 대한 피드백을 주는 것이 좋다.",agency,1,"그렇다, 좋다.",좋다,1,,0,crd
562,"동네 헬스장에서 기구를 오래 쓰는 사람이 있었는데 ‘좀 같이 쓰자’고 말해야 할지, 그냥 기다리는 게 예의인지 판단이 어려웠다.",1688,헬스장에서 기구를 다른 사람이 먼저 사용하고 있으면 다음 차례를 기다리는 것이 옳다.,agency,1,"그렇다, 옳다.",옳다,1,,0,crd
s-1079,연애 11년 + 결혼 6년 차 부부! 시도 때도 없이 스킨십 하려는 남편 때문에 미치겠어요🤣,f-634,하지 않는 스킨십은 거절해도 된다.,agency,1,"그렇다, 그래도 된다.",그래도 된다,1,,0,kbsn
s-442,부모님이 사기꾼에게 당해 집이 빚더미에 앉아 망가졌어요,f-393,가족이 가해자가 아닌 사기의 피해자임을 인식할 필요 없다.,agency,-1,"아니다, 인식해야 한다 .",인식해야 한다 ,1,,0,kbsn
773,"아이가 어렸을 때 발화가 빠르지 않았는데, 그 모습을 보던 시어머니가 ""우리 아들은 어릴 때부터 뭐든 빨랐는데, 누굴 닮았는지""라고 말해서 기분이 좋지 않았다.",2319,자녀의 발달 상태를 타인과 비교하거나 부모의 탓으로 돌리는 발언은 삼가는 것이 좋다.,agency,1,"그렇다, 삼가는 것이 좋다.",삼가는 것이 좋다,1,,0,crd
444,"아침에 길에서 담배꽁초를 버린 사람과 누군가가 다투는 모습을 보았지만, 개입하기엔 상황이 커질 것 같아 그냥 모른 척 지나쳤다.",1334,공공장소에서 무질서를 지적하는 것은 취지상 바람직하지 않다.,agency,-1,"아니다, 바람직하다.",바람직하다,1,,0,crd
792,거동이 불편한 노모께서 요양병원 입원을 거부하셨지만 직장인인 나로서는 어쩔 수 없는 상황이라 입원을 결정하였다.,2377,가족의 돌봄을 현실적인 상황을 고려하여 결정하는 것은 보호자가 할 수 있는 결정이다.,agency,1,"그렇다, 할 수 있는 결정이다.",할 수 있는 결정이다,1,,0,crd
197,"직장 상사에게 “믹스커피를 마시면 살이 찌는데 왜 먹느냐”는 말을 들은 뒤, 향이 좋아 커피를 탔을 뿐인데 괜히 문제를 만든 것처럼 책망을 받아 속상했다.",592,상사에게 속상한 마음을 털어놓는 것은 괜찮지 않다.,agency,-1,"아니다, 괜찮다.",괜찮다,1,,0,crd
s-531,"7년 전 집 나간 남편, 그리고 폭력적인 성향을 가진 지적장애 아들까지... 저 어떻게 살아야 할까요?",k-452,다른 사람에게 힘든 가정사를 이야기할 수 있다. ,agency,1,"그렇다, 그럴 수 있다..",그럴 수 있다.,1,,1,kbsn_2nd
208,회의 시간에 동료의 실수를 발견했지만 공개적으로 지적하면 분위기가 나빠질 것 같으면서도 회사에 피해가 일어날 수 있어서 말해야 할지 넘어가야 할지 고민이 들었다.,624,회사동료가 회의중 한 실수를 공개적으로 지적을 하는것은 좋은 방법이 아니다,agency,1,"그렇다, 좋은 방법이 아니다.",좋은 방법이 아니다,1,,0,crd
350,운전 중 적색 신호에 걸려 신호 대기 중인 상태인데 뒷 차가 경적을 울리더니 신호가 바뀐 뒤 내차의 앞에 끼어들기를 하고 저속주행을 하면 진로를 방해했다.,1052,보복운전은 하면 안 된다.,agency,1,"그렇다, 그러면 안 된다.",그러면 안 된다,1,,0,crd
665,고등학생 때 카페에서 친구들과 나오면서 우산을 챙기려는데 다른 사람이 내 우산을 집어 들고 있어서 당황스러워 지적했던 적이 있다.,1995,다른 사람이 내 물건을 집어 들고 있어 지적할 때 조심스럽게 말하는 것은 좋지 않다. ,agency,-1,"아니다, 좋다.",좋다,1,,0,crd
540,"동일한 업무를 수행하고 있음에도 옆 팀의 성과가 낮아 우리 팀이 업무를 더 많이 맡게 되는 상황이 발생해, 팀원들에게 어떻게 더 노력해 달라고 말해야 할지 고민하고 있다.",1622,팀의 상황을 이해하고 협력하려는 태도를 유지하는 것이 바람직하다.,agency,1,"그렇다, 바람직하다.",바람직하다,1,,0,crd
440,아침에 고양이가 화단에 죽어있는데 묻어 줘야 하나 생각했다가 그냥 지나쳤다.,1322,공동체의 문제는 적절한 처리 방법을 확인하는 것이 옳다.,agency,1,"그렇다, 옳다.",옳다,1,,0,crd
s-341,"언니의 칼부림, 아버지의 가정폭력과 알코올 중독",f-277,가정폭력에 시달리면 경찰에 신고하는 것이 옳다.,agency,1,"그렇다, 옳다.",옳다,1,,0,kbsn
s-1312,무슨 말을 해도 시큰둥.. 가족 한정 로봇이 되는 남자🤖 달라질 수 있을까요?,f-731,가족과는 진정성 있는 교류를 통해 친분과 유대를 쌓는 것은 필요하지 않다.,agency,-1,"아니다, 쌓아야 한다.",쌓아야 한다,1,,0,kbsn
218,내년 지방선거에서 특정후보를 찍어달라고해서 불쾌했다.,654,원하지 않는 정치적 지지 요청을 거절하는 것은 좋지 않다.,agency,-1,"아니다, 좋다.",좋다,1,,0,crd
335,"늦은 밤 귀가 중 길에서 취해 쓰러져 있는 사람을 봤는데, 도와주고 싶었지만 혹시 위험하지 않을까 걱정돼 그냥 지나쳤다.",1007,술을 마신 뒤에는 혼자 귀가하지 않고 동행을 확보하거나 안전한 이동수단을 이용하는 것이 적절하다.,agency,1,"그렇다, 적절하다.",적절하다,1,,0,crd
265,"회사 동료들과 커피타임을 가지는데, 항상 나만 커피 사서 서운하다.",797,직장 동료가 커피를 많이 사준다면 보답을 하는 것이 좋다.,agency,1,"그렇다, 좋다.",좋다,1,,0,crd
683,부모님이 맞벌이셔서 보살핌을 잘 못받고 소극적인 아이의 선생이라는 사람이 친구들과 격리시키고 혼자 교실에 남겨놨다 전해들어서 충격받았다.,2051,학생의 인권과 정서적 안전을 해칠 수 있는 지도를 해서는 안 된다.,agency,1,"그렇다, 그래서는 안 된다.",그래서는 안 된다,1,,0,crd
258,만원 지하철에서 가만히 있었는데도 지하철 움직임이나 타인의 움직임에 흔들렸더니 앞에사람이 밀지말라고 두번이나 짜증냈습니다.,775,혼잡한 대중교통에서는 안전에 만전을 기하는 것이 바람직하다.,agency,1,"그렇다, 바람직하다.",바람직하다,1,,0,crd
101,상사의 지시에 의문이 들었지만 반박하는 것이 맞는지 따르는 것이 맞는지 고민되었다.,305,상사의 지시에 반박할 때는 최대한 예의를 갖출 필요 없다.,agency,-1,"아니다, 갖춰야 한다.",갖춰야 한다,1,,0,crd
s-509,"어머니와 사촌 언니 간의 갈등에 낀 고민녀, 이젠 끝내고 싶어요😵",f-436,자신의 갈등으로 다른 사람에게까지 영향을 줘도 문제 없다.,agency,-1,"아니다, 좋지 않다.",좋지 않다,1,,0,kbsn
301,지하철에서 앉아 있는데 앞에 있는 젊은 사람이 어딘지 아픈 상황인 것 같은데 자리를 양보해야 하는지 아니면 그냥 앉아 있어도 되는지 분명하지 않았다.,903,대중교통에서 몸이 불편한 사람을 보면 자리를 양보해야 한다.,agency,1,"그렇다, 그래야 한다.",그래야 한다,1,,0,crd
41,나와 내 남편의 소개로 결혼하게 된 지인이 우리 부부에게 아무런 대접을 하지 않아 기분이 매우 나빴다.,124,배우자가 어떠한 일로 기분이 상한 경우 기분이 풀릴수 있도록 공감을 해주는 것은 좋지 않다.,agency,-1,"아니다, 좋다.",좋다,1,,0,crd
62,"동료가 고성과에도 불구하고 성과급을 받지 못해, 내가 성과급 받은 사실은 얘기하지 않았다.",188,동료가 부당한 처우를 받았을 때 자신의 이익을 드러내지 않는 것은 좋지 않다.,agency,-1,"아니다, 좋다.",좋다,1,,0,crd
342,아이들과 내년에 어떻게 하겠다는 말을하고 약속을 했는데 번복해야 하는 상황에 내 뱉은 말을 지키지 않는 것에 대해 아이들이 실망할까 마음이 걸렸다.,1026,아이들과의 약속을 반복해서 지키지 않는 행동은 바람직하다.,agency,-1,"아니다, 바람직하지 않다.",바람직하지 않다,1,,0,crd
442,다같이 쉬고 있는 공원에서 지나친 애정 행각을 하는 젊은 사람들이 있어서 눈살을 찌푸렸다.,1328,공원은 다같이 쉬는 곳이지만 공공장소에서는 에티켓을 지키지 않아도 된다,agency,-1,"아니다, 해야 한다.",해야 한다,1,,0,crd
s-507,직장에서 만난 7살 차이 알콩달콩 커플. 근데 회사에서 남친이 돌변해요,k-434,회사에서는 공과 사를 구분해서 행동하는 것이 옳다. ,agency,1,"그렇다, 옳다.",옳다,1,,1,kbsn_2nd
384,"아파트 지하주차장에서 주차라인을 밟고 주차되어 있는 차가 있었고, 나는 그 옆에 올바르게 주차했는데, 그 차주가 본인이 잘못 주차해놓고 나에게 매너없이 주차했다고 언성을 높였다.",1152,상대방의 부당한 주장에 대해 사실을 근거로 정중하게 설명하는 태도는 필요 없다,agency,-1,"아니다, 필요하다.",필요하다,1,,0,crd
518,동네언니가 떡을 했는데 우리집에는 3조각을 주고 다른 지인에게는 4조각을 줘서 마음이 서운하고 불쾌했다.,1555,"다른 사람들에게 선물을 할 때, 차등을 두는 것은 바람직하지 않다.",agency,1,"그렇다, 바람직하지 않다.",바람직하지 않다,1,,0,crd
534,추석 명절에 배우자가 차례를 지내지 않고 해외여행을 가겠다고 하여 싸움이 생겼다,1604,전통적인 관행을 따르지 않으려는 경우에는 사전에 충분히 소통하고 합의를 구하는 것이 좋은 자세이다.,agency,1,"그렇다, 좋은 자세이다.",좋은 자세이다,1,,0,crd
185,"새벽 길가에서 술에 취해 쓰러진 사람을 발견했을 때, 깨워서 도와야 할지 아니면 괜히 문제에 휘말릴까 봐 그냥 지나쳐야 할지 고민하다 일으켜드리고 집 보내줬다",556,술에 취해 귀가가 어렵다 판단된다고 대리기사를 불러 귀가하지는 않아도 된다.,agency,-1,"아니다, 불러서 귀가해야 한다 .",불러서 귀가해야 한다 ,1,,0,crd
s-1632,헌팅으로 만난 남사친에게 꽃을💐 받아온 여자친구😬,f-926,여자친구와 싸우지 않고 대화로 풀어나가는 것은 좋지 않다.,agency,-1,"아니다, 좋다.",좋다,1,,0,kbsn
174,상사가 감당하기 어려운 힘든 일을 나한테 떠넘겼을 때 좋은 표정을 지을 수 없었다.,524,직장 내 업무 분담 시 공정하고 합리적으로 이루어질 필요 없다.,agency,-1,"아니다, 합리적으로 이루어져야 한다 .",합리적으로 이루어져야 한다 ,1,,0,crd
785,길에서 낯선 사람이 거절해도 교회 전단지를 들고 쫓아오며 교회에 가지 않으면 지옥을 간다고 말해서 너무 불쾌했다.,2357,상대방이 불퇘한 말을 하며 자기자신을 따라올 때는 그 상황에서 빨리 벗어나 주변 사람에게 도움요청하는 것이 적절하다,agency,1,"그렇다, 적절하다.",적절하다,1,,0,crd
380,남편이 반대할 것 같아서 말 안 하고 차를 산 뒤에 나중에 말할까 싶어. 근데 어차피 말할 거라면 먼저 말하고 사는 게 나을 것 같기도 해.,1141,갈등이 예상되더라도 중요한 결정을 숨기기 보다는 먼저 이야기 하는것이 좋다,agency,1,"그렇다, 좋다.",좋다,1,,0,crd
121,상사가 무리한 지시를 했을 때 따르지 않는 것이 팀에 도움이 됨에도 불구하고 해야하는지 고민했다.,365,팀의 효율과 지속성을 해치는 지시를 그대로 방치해도 괜찮다.,agency,-1,"아니다, 바람직하지 않다.",바람직하지 않다,1,,0,crd
s-264,사랑하는 아내를 떠나보냈는데 혼자 아이 잘 키울 수 있겠죠...?,f-221,한부모는 가정을 책임감 있게 이끌어 나갈 필요 없다.,agency,-1,"아니다, 이끌어 나가야 한다 .",이끌어 나가야 한다 ,1,,0,kbsn
s-564,"외도한 사실을 모두 기록하는 남편, 13년간 초등학교 동창을 만나면서 또 다른 여자를 만나고 있었어요",f-477,외도는 사회적으로 용인될 수 없다.,agency,1,"그렇다, 용인될 수 없다.",용인될 수 없다,1,,0,kbsn
175,출근길 지하철에서 자리가 났을 때 어르신께 양보할지 잠시 앉을지 망설였다.,526,젊은 사람이 지하철 자리를 양보하는건 바람직하다.,agency,1,"그렇다, 바람직하다.",바람직하다,1,,0,crd
555,우리 아파트의 어떤 여자가 스티커를 붙이지 않은 의자를 폐기물로 내놓는 것을 보고 지적을 할까 말까 고민했다.,1666,스티커를 부착하지 않은 채 폐기물을 내는 여자에게 지적하는 것은 바람직하지 않다.,agency,-1,"아니다, 바람직하다.",바람직하다,1,,0,crd
s-933,아픈 부모님 챙기는 K-장녀👩‍🦰! 가족들이 제 맘 몰라주고 자꾸 타박해요 ᅲᅲ,f-573,고생하는 가족을 인정하고 존중하지 않아도 된다.,agency,-1,"아니다, 해야 한다.",해야 한다,1,,0,kbsn
s-894,"다시 잘 살아 보려 만난 두 번째 남편, 산후조리 중인 아내에게 폭력을?!",f-553,산후 조리 중 남편에게 폭력을 당했을 때 용서해야 한다.,agency,-1,"아니다, 하면 안 된다.",하면 안 된다,1,,0,kbsn
125,내가 주도적으로 추진해 온 일을 상사가 자신의 성과처럼 가져가는 상황을 겪으며 부당함을 느꼈다.,375,부하 직원이 주도적으로 추진한 일을 자신의 성과처럼 가로채는 것은 옳지 않다.,agency,1,"그렇다, 옳지 않다.",옳지 않다,1,,0,crd
s-1686,매일 싸우는 10살 차이 커플! 그래도 오빠 없인 못 살아요💕🍯,f-1000,연인끼리는 싸우면 서로 사과해야 한다.,agency,1,"그렇다, 그래야 한다.",그래야 한다,1,,0,kbsn
s-1627,라방이 이어 준 25살 차이 부부💝 둘째 낳자는 27살 아내?😳,f-911,25살 어린 아내가 둘째를 가지려 할 때 좋은 부모가 될 수 있을지 생각하는 것이 좋다.,agency,1,"그렇다, 좋다.",좋다,1,,0,kbsn
424,"회사에서 상사의 지시가 비효율적이라고 느꼈지만, 의견을 말하면 분위기가 어색해질까 봐 그대로 따를지 고민했다.",1272,업무의 효율성을 높이기 위해 상사에게 정중하게 개선 의견을 제안하는 것은 바람직하지 않다.,agency,-1,"아니다, 바람직하다.",바람직하다,1,,0,crd
s-565,"시어머니 수발을 들으며 병간호를 했는데, 알고 보니 남편이 바람을 피우고 있었어요",f-483,외도를 하는 것은 옳은 행동이다.,agency,-1,"아니다, 옳지 않다.",옳지 않다,1,,0,kbsn
688,필라테스 강습 첫날 일찍 가서 강습실 앞자리에 앉았더니 기존 회원들이 뒷자리로 가라며 텃세를 부려 속상했다.,2064,새로 온 회원에게 자리를 강요하거나 텃세를 부리는 것이 좋다.,agency,-1,"아니다, 좋지 않다.",좋지 않다,1,,0,crd
239,"미용실에서 머리를 잘랐는데, 원하는 스타일대로 잘라주지 않아 환불 등 불만을 말해야 할지 고민했다.",717,가게 서비스가 마음에 들지 않아도 화를 내는 것은 좋지 않다.,agency,1,"그렇다, 좋지 않다.",좋지 않다,1,,0,crd
361,승리를 앞둔 승급전 게임과 연이어 걸려오는 여자친구의 전화 사이에서 무엇을 우선해야 할지 고민하게 되었다.,1084,연인 관계에서는 급한 용건이 아니라면 상대의 상황을 배려하고 연락을 기다리는 태도도 중요하다.,agency,1,"그렇다, 중요하다.",중요하다,1,,0,crd
449,오랜만에 친구와 만나서 대화를 하는데 친구가 계속 핸드폰만 봐서 짜증이 났다,1348,오랜만에 만난 친구 앞에서 핸드폰만 보는 것은 예의에 어긋나지 않는다.,agency,-1,"아니다, 예의에 어긋난다.",예의에 어긋난다,1,,0,crd
580,아이 학원 상담 자리에서 상담사가 질문에 답하지 않고 홍보 이야기만 이어가 불편함과 당혹감을 느꼈다.,1741,학원 상담에서는 질문에 답해줄 것을 상담사에게 정중하게 요청해도 된다.,agency,1,"그렇다, 그래도 된다.",그래도 된다,1,,0,crd
775,다음 날 할 일이 있는데도 잠이 안와서 밤새 유튜브 쇼츠를 봤다.,2327,최상의 컨디션을 유지하기 위해서는 컨디션 관리가 중요하다,agency,1,"그렇다, 중요하다.",중요하다,1,,0,crd
476,"직장 상사가 내 물건을 허락 없이 사용해 화가 났지만, 큰 소리를 낼 수도 없어서 답답했다.",1430,부하 직원의 개인 물건을 사용할 경우 사전에 허락을 구할 필요 없다.,agency,-1,"아니다, 해야 한다.",해야 한다,1,,0,crd
s-1661,1년에 10번 보는 스님 아빠를 그리워하는 사춘기 딸..,f-971,부모답지 않은 부모에게는 예의를 갖출 필요가 없다.,agency,-1,"아니다, 갖춰야 한다 .",갖춰야 한다 ,1,,0,kbsn
558,"핸드폰 케이스를 빨간색으로 바꿨더니, 친구가 너는 2찍이니?라고 물어봐서 당혹스러웠다.",1676,정치적 성향과 무관한 선택으로 인해 오해가 생길 경우 즉시 바로잡는것이 좋다.,agency,1,"그렇다, 좋다.",좋다,1,,0,crd
358,"우울증이 의심돼 상담을 받고 설문에도 참여하며 힘들어하던 중, 직장 상사의 날 선 말에 아무 말도 하지 못하고 혼자 감정을 삼켰다.",1074,다른 사람을 대할 때는 존중의 자세로 대해야 한다.,agency,1,"그렇다, 그래야 한다.",그래야 한다,1,,0,crd
287,"발이 아파 못걷고 있는데, 걸음이 왜 이렇게 느리냐며 잔소리를 들어서 당황했다.",862,신체적으로 어려움이 있을 때에는 먼저 상대에게 상황을 설명하고 양해를 구하는 것이 좋다.,agency,1,"그렇다, 좋다.",좋다,1,,0,crd
s-216,친구의 사소한 거짓말도 단속하는 우정 단속남?,f-126,친구와 타인의 관계에 대하여 단편적인 정보로 속단하는 것은 옳지 않다.,agency,1,"그렇다, 옳지 않다.",옳지 않다,1,,0,kbsn
640,카페에서 공부하던 중 옆자리 사람이 너무 큰 소리로 통화해서 집중을 위해 말할지 괜히 불편한 상황을 만들지 고민했다.,1920,공공장소에서 소음으로 학습에 방해가 될 경우 공손하게 요청을 전달하는 것이 적절하다.,agency,1,"그렇다, 적절하다.",적절하다,1,,0,crd
331,버스에서 발을 밟혔는데 아무런 사과를 듣지 못해 불쾌하였다.,995,사람이 많은 버스 안에서는 서로 불편하지 않도록 주의를 기울여야 한다.,agency,1,"그렇다, 그래야 한다.",그래야 한다,1,,0,crd
s-467,전처 외도 목격 후 이혼한 돌싱남의 드라마 같은 이야기,k-410,"배우자가 외도했을 때, 자신에게 귀책사유가 있는지 생각해 볼 수 있다.",agency,1,"그렇다, 그럴 수 있다..",그럴 수 있다.,1,,1,kbsn_2nd
529,직장에서 본인의 일을 은근슬쩍 나에게 넘기려 하면서 본인만 힘들다고 하는 동료의 행동으로 힘들었다.,1587,자신이 해야 할 업무를 타인에게 떠넘기는 것은 나쁜 행동이다.,agency,1,"그렇다, 나쁜 행동이다.",나쁜 행동이다,1,,0,crd
s-1631,남편의 휴대폰에서 발견한 전처의 흔적...?,f-921,현재 가정에 싸움을 일으키지 않기 위해 전처의 흔적을 지우는 것은 좋지 않다.,agency,-1,"아니다, 좋다.",좋다,1,,0,kbsn
143,친구와 저녁을 먹다가 행복과 관련하여 나는 내적 만족으로 행복을 얻을 수 있다 하였지만 친구는 물질적인 요소만이 행복을 얻게끔 한다고 하여 언쟁을 하였다.,431,상대에게 자신의 의견만을 강요하지 않는 것이 좋다,agency,1,"그렇다, 좋다.",좋다,1,,0,crd
559,서울에 살면서 집값으로 고민하는 친구에게 지방살이를 권했더니 자신을 무시한다며 화를 냈다.,1677,친구의 상황을 이해하고 적절한 조언을 하지 않아도 된다.,agency,-1,"아니다, 그래야 한다.",그래야 한다,1,,0,crd
674,식당에서 음식을 먹고 계산을 할 때 요금이 더 적게 나왔는데 모르는 척하고 결재했다.,2023,식당에서 계산 실수를 했더라도 정해진 음식값을 치르는 것은 마땅하지 않다.,agency,-1,"아니다, 마땅하다.",마땅하다,1,,0,crd
799,수영 강습 첫날 기존 회원들이 수영 강사의 생일이라며 생일선물 비용을 일방적으로 내라고 해서 기분이 안좋았다.,2397,지도자가 개인적인 선물과 관련해 수강생에게 부담이나 압박이 되지 않도록 거리를 유지하는 것은 바람직하지 않다.,agency,-1,"아니다, 바람직하다.",바람직하다,1,,0,crd
690,단톡방 친구들이 나만 빼고 여행을 간 사실을 우연히 알게 되어 속상했다.,2071,확실하지 않은 사실로 상대를 의심하는 것은 바람직하지 않다.,agency,1,"그렇다, 바람직하지 않다.",바람직하지 않다,1,,0,crd
s-1057,놀러오는 지인들에게 ′너무′ 퍼주다 지친 남자🫠,f-606,쉬고 싶음에도 방문 요청을 모두 받아들이는 것은 옳지 않다.,agency,1,"그렇다, 옳지 않다.",옳지 않다,1,,0,kbsn
476,"직장 상사가 내 물건을 허락 없이 사용해 화가 났지만, 큰 소리를 낼 수도 없어서 답답했다.",1430,부하 직원의 개인 물건을 사용할 경우 사전에 허락을 구해야 한다.,agency,1,"그렇다, 그래야 한다.",그래야 한다,1,,0,crd
144,"놀이터에서 아이 두 명이 다툰 걸 목격했는데, 해당 아이의 부모님들이 이야기하실 때 도움을 주지 못했다.",432,상황 파악에 도움이 될 수 있음에도 완전히 외면하는 행동은 바람직하지 않다.,agency,1,"그렇다, 바람직하지 않다.",바람직하지 않다,1,,0,crd
396,아빠가 소변 볼 때 변기 시트에 소변을 흘려서 변기 시트를 올리고 사용하라고 했더니 귀찮다고 대답해서 화가 났다.,1190,가족과 함께 사용하는 공용공간에선 다음 사용자를 배려해서 청결하게 사용하는 에티켓을 지켜야 한다.,agency,1,"그렇다, 그래야 한다.",그래야 한다,1,,0,crd
s-343,"아버지가 사기꾼의 편을 드는 상황, 올케는 아버지까지 같이 고소하겠대요",f-290,가족이라면 책임을 지는 것이 필요하다.,agency,-1,"아니다, 필요 없다.",필요 없다,1,,0,kbsn
s-207,남편과 절친의 바람에 암 투병까지! 아직 완치하지 못한 그녀에게 생긴 골칫거리 문제는?,f-103,바람 핀 남편을 신고하는 것이 바람직하다.,agency,1,"그렇다, 바람직하다.",바람직하다,1,,0,kbsn
483,"지각한 동료를 대신해 출석 체크를 해주었는데, 이렇게 행동한 것이 옳았는지 마음에 걸렸다.",1449,규칙이 정해진 상황에서 타인을 대신해 절차를 어기는 행동은 바람직하지 않다.,agency,1,"그렇다, 바람직하지 않다.",바람직하지 않다,1,,0,crd
s-509,"어머니와 사촌 언니 간의 갈등에 낀 고민녀, 이젠 끝내고 싶어요😵",f-437,엄마는 딸의 마음을 헤아리려고 노력해야 한다.,agency,1,"그렇다, 그래야 한다.",그래야 한다,1,,0,kbsn
412,"아침 출근시간에 늦을까봐 엘리베이터를 먼저 타고 갈지, 무거운 짐을 든 이웃을 기다릴지 고민했다.",1236,이웃을 위해 배려하는 마음을 갖는 것은 좋지 않다.,agency,-1,"아니다, 좋다.",좋다,1,,0,crd
148,회사에서 내 업무가 아닌데 모두 나에게 요청해서 힘들었다.,444,다른 사람에게 업무를 과도하게 요청하는 것은 옳지 않다.,agency,1,"그렇다, 옳지 않다.",옳지 않다,1,,0,crd
385,왕복1차로인 좁은 골목도로에서 내가 먼저 진입을 하였으나 반대편에서 늦게 진입한 차량이 양보를 하지 않고 크락션을 울리며 계속 밀고들어와서 당황스럽고 불쾌하였다.,1156,타인을 위협하는 행위는 옳지 않다.,agency,1,"그렇다, 옳지 않다.",옳지 않다,1,,0,crd
s-1506,극과 극 직원들 눈치 보느라🙄 새우등 터지는 대표님,f-824,동료와 갈등을 빚어도 지나치게 티를 내지 않는 것은 좋지 않다.,agency,-1,"아니다, 좋다.",좋다,1,,0,kbsn
45,"회사에서 상사 2명의 업무 방식 의견 차이로 언쟁이 있었다. A 상사의 방식이 옳다고 생각하지만, 말하면 B 상사와 관계가 나빠질 수 있다.",136,조직의 효율성을 높일 수 있는 업무 방안에 대해 소신 있게 자신의 견해를 밝히는 것은 적절하다.,agency,1,"그렇다, 적절하다.",적절하다,1,,0,crd
704,낮잠을 자다가 지인이 초인종을 눌렀을 때 집에 있으면서 없는 척 할지 고민했다.,2112,지인의 방문을 원치 않아도 다음에 방문해 달라고 말하는 것은 바람직하지 않다.,agency,-1,"아니다, 바람직하다.",바람직하다,1,,0,crd
26,마트에서 계산원이 나에게 거스름돈을 더 준 것을 알고도 이 사실을 말해야 할지 망설였다.,80,다른 사람의 실수 바로잡아 주는 것은 옳다.,agency,1,"그렇다, 옳다.",옳다,1,,0,crd
417,"남자친구의 친구와 내 친구를 소개팅으로 만나게 했는데, 남자친구가 내 친구를 못생겼다고 말해 그 일로 크게 말다툼을 했다.",1251,타인에 대한 외모 평가는 삼가는 것이 옳다.,agency,1,"그렇다, 옳다.",옳다,1,,0,crd
s-1661,1년에 10번 보는 스님 아빠를 그리워하는 사춘기 딸..,f-973,종교적 신념을 지키는 것은 바람직하지 않다.,agency,-1,"아니다, 바람직하다.",바람직하다,1,,0,kbsn
207,"집에서 미리 샤워를 하고 수영장에 바로 들어가려 했지만, 사람들이 입장 전 다시 샤워를 해야 한다며 막아서는 바람에 불쾌함을 느꼈다.",622,공공장소에서 다수가 준수하는 공동의 규칙이나 에티켓을 개인적인 편의보다 우선해서 따르는 태도는 필요하지 않다.,agency,-1,"아니다, 필요하다.",필요하다,1,,0,crd
464,지난 주 동생과 통화를 통해 어머니와 갈등을 겪고 있다는 걸 알게 되어서 당혹스러웠다.,1393,갈등 해소를 위해 가족에게 상의하는 것은 좋지 않다.,agency,-1,"아니다, 좋다.",좋다,1,,0,crd
449,오랜만에 친구와 만나서 대화를 하는데 친구가 계속 핸드폰만 봐서 짜증이 났다,1349,타인과 만나면 대화에 집중하는 것이 예의이다.,agency,1,"그렇다, 예의이다.",예의이다,1,,0,crd
98,거래처에 갔는데 팀장님에게 인사하고 나는 투명인간 취급을 하는 태도에 불쾌했다.,294,사회 생활을 할 때 화가 나면 예의를 갖추지 않아도 된다.,agency,-1,"아니다, 갖춰야 한다.",갖춰야 한다,1,,0,crd
612,"친구들과 다같이 여행을 가기로 한 날, 어떤 친구가 일정을 파토내어 기분이 좋지 않았다.",1837,친구들과 계획한 여행이 어떤 친구로 인해 갑자기 무산되었을 때 불편한 심정을 솔직하게 표현하고 잘못을 지적하는 것은 정당한 행동이 아니다.,agency,-1,"아니다, 정당한 행동이다.",정당한 행동이다,1,,0,crd
229,"유명 빵집에서 줄을 서서 기다리는데, 내 뒤로 초등학생과 그 부모님이 줄을 서 있었다. 내가 마지막 빵을 샀고 초등학생이 울기 시작했다. 빵을 하나 줄까 고민했지만 주지 않았다.",688,아이들은 원하는 물건을 얻지 못했을 때 울거나 떼쓰는 대신 상황을 받아들이려는 것이 적절하다.,agency,1,"그렇다, 적절하다.",적절하다,1,,0,crd
369,일을 하다가 실수했는데 대충한다고 뭐라 해서 쳐다봣더니 '더럽게 짜증내시네 쯧'이라고 했다.,1108,직장 동료의 업무 상 실수를 지적할 때 예의를 갖추어 하는 것은 바람직하지 않다.,agency,-1,"아니다, 바람직하다.",바람직하다,1,,0,crd
296,붐비는 카페에서 줄을 서서 기다리고 있는데 뒤늦게 온 손님이 일행인 척 자연스럽게 내 앞으로 새치기를 해서 순서를 지켜달라고 했더니 금방 주문하는데 왜 그러냐며 말해서 싸울뻔했다.,889,자신의 정당한 차례가 침해당했을 때 상대방에게 규칙 준수를 정중하게 요구하는 것은 당연한 권리가 아니다.,agency,-1,"아니다, 당연한 권리이다.",당연한 권리이다,1,,0,crd
628,비 오는 날 버스 정류장에서 우산 없이 서 있는 사람을 보았지만 부담이 될까봐 같이 쓰자고 말하지 못했다.,1885,당일이나 다음날 날씨를 미리 확인하여 대비하는 것이 바람직하다.,agency,1,"그렇다, 바람직하다.",바람직하다,1,,0,crd
780,골목에서 청소년들이 담배를 피우는 것을 보았지만 한마디 했다가 괜히 싸움에 말려들 것 같아 무서워서 못본척하고 빠르게 지나갔다.,2342,사람들이 지나다니는 골목길에서 담배를 피우는 것은 옳은 행동이다.,agency,-1,"아니다, 옳지 않다.",옳지 않다,1,,0,crd
647,막내아이 친구엄마와 커피숍에서 커피를 마시는데 어디고등학교를 졸업했냐고해서 특성화고라고 말하기 싫어서 서울에있는 고등학교라고만 말했다.,1941,자녀의 선택을 부끄러워하는 것은 바람직하지 않다.,agency,1,"그렇다, 바람직하지 않다.",바람직하지 않다,1,,0,crd
s-2587,늦둥이 딸의 소원을 들어주고픈 딸 바보 엄마,f-1380,부모로서 아이를 무조건적으로 사랑해줘야 한다.,agency,1,"그렇다, 그래야 한다.",그래야 한다,1,,0,kbsn
s-1073,남자친구를 너무 사랑하는데.. 여자들이 계속 눈에 들어와요👀,f-628,관계가 소홀해질 때 대화를 통해 해결하려는 것은 옳지 않다.,agency,-1,"아니다, 옳다.",옳다,1,,0,kbsn
758,아무렇지도 않게 사적인 질문을 해대는 동네 주민으로 인해 기분이 나빴다.,2276,무례하다고 느낄 때는 표현하는 것이 좋다.,agency,1,"그렇다, 좋다.",좋다,1,,0,crd
84,"상점에서 다른 사람이 자신의 가방에 물건을 넣는 것을 보았는데, 이야기를 하면 오히려 내가 피해를 볼까 봐 말하지 않았다.",252,상점에서 물건을 훔쳐서는 안 된다.,agency,1,"그렇다, 그래서는 안 된다.",그래서는 안 된다,1,,0,crd
456,"같은 대학의 잘 모르는 여자 학생과 대화하고 싶었지만, 주변 사람들이 나를 걱정하며 막아서 마음과 현실 사이에서 갈등과 답답함을 느꼈다.",1369,낯선 사람이 말을 걸면 우선 경계하는 것이 옳다.,agency,1,"그렇다, 옳다.",옳다,1,,0,crd
260,밤에 차가 없어서 무단횡단을 할까 고민했다.,781,교통량이 적은 심야 시간대라 하더라도 보행자는 정해진 신호와 횡단보도를 준수하여 길을 건너야 한다.,agency,1,"그렇다, 그래야 한다.",그래야 한다,1,,0,crd
796,가족 여행 일정을 오로지 나에게 전담시키더니 정작 여행지에서 숙식이 마음에 들지 않는다며 불평불만을 늘어놓는 가족들에게 짜증이 났다.,2388,여행 준비 과정에 전혀 참여하지 않은 가족들은 여행지에서 일정이나 숙식등에 대해 불평을 하지 말아야 한다.,agency,1,"그렇다, 그러지 말아야 한다.",그러지 말아야 한다,1,,0,crd
s-351,불우한 가정 환경 속 믿었던 내 가족과 지인들의 배신,f-314,다른 사람에게 피해를 주는 것은 나쁘다.,agency,1,"그렇다, 나쁘다.",나쁘다,1,,0,kbsn
607,"대학교 동기와 같이 회사 입사 지원을 했는데 나만 합격해서, 친구가 속상해 할까봐 내가 합격한 사실은 말하지 않았다.",1823,친구의 합격을 질투하고 거리를 둬야 한다.,agency,-1,"아니다, 옳지 않다.",옳지 않다,1,,0,crd
s-265,집에 있는 돌반지 등 귀중품을 훔친 절친 아내의 충격적인 행동들,f-228,배우자가 잘못을 저지르면 질책해야 한다.,agency,1,"그렇다, 그래야 한다.",그래야 한다,1,,0,kbsn
138,아이에게 코를 파면 코피가 나서 파면 안된다고 했는데 나도 모르게 코를 파서 아이가 아빠도 코를 판다고 이야기 했다.,414,말과 행동이 다른것은 올바르지 않다.,agency,1,"그렇다, 올바르지 않다.",올바르지 않다,1,,0,crd
689,옆집 사람이 아파트 비상구 계단 입구에 개인 적재물을 쌓아 두어 불쾌했다.,2069,아파트 비상구와 같은 공용 안전 공간에는 개인 물품을 적재하지 않고 항상 비워 두는 것이 옳다.,agency,1,"그렇다, 옳다.",옳다,1,,0,crd
64,"외근을 마치고 나니 퇴근 시간이 되지 않았는데도 회사로 복귀하고 싶지 않아, 몰래 조기퇴근하고 상사에게 퇴근시간쯤 일을 마쳤다고 연락을 했다.",194,부하 직원의 외근 이후 근무 방식과 복귀 기준을 명확히 안내하는 것이 적절하다.,agency,1,"그렇다, 적절하다.",적절하다,1,,0,crd
499,길을 가다 길을 묻는 남자를 만났는데 사이비일까봐 바쁘다며 모른 척 지나쳤다.,1497,길을 물을 때에는 상대방이 부담되지 않도록 정중하게 요청하는 것이 좋다.,agency,1,"그렇다, 좋다.",좋다,1,,0,crd
s-1906,폰 요금만 320만 원?! 감당 불가 24살 아들을 쫓아낸 엄마의 사연,f-1172,과도한 핸드폰요금을 지출하는 것은 옳지 않다.,agency,1,"그렇다, 옳지 않다.",옳지 않다,1,,0,kbsn
309,친구가 남자친구와 헤어져서 슬퍼하고 있길래 나는 남자친구가 생긴 것 을 말하지 않았다.,929,관계를 종료할 때 상대를 존중하는 방식으로 책임 있게 의사를 전달하는 것은 바람직하지 않다.,agency,-1,"아니다, 바람직하다.",바람직하다,1,,0,crd
652,"오늘 신제품 출시 직전, 이윤 극대화를 위해 제품 결함을 숨길지 아니면 안전을 위해 출시를 연기할지 심각한 고민에 빠졌다.",1956,"어떠한 결정에 있어, 당장의 이익보다는 다수의 위험을 미연에 방지하는 선택을 하지 않아도 된다.",agency,-1,"아니다, 해야 한다.",해야 한다,1,,0,crd
s-484,동생 기일이 1년도 채 지나지 않아 재혼하는 제부.. 어떻게 이럴 수 있나요?,f-416,재혼에 대해 부정적인 선입견을 가지는 것은 좋지 않다.,agency,1,"그렇다, 좋지 않다.",좋지 않다,1,,0,kbsn
s-270,임신 중 세상을 떠난 아내를 찾는 딸...어쩌면 좋을까요?,f-233,어린이가 죽음에 대한 혼란스러운 감정을 표현하는 것은 괜찮지 않다.,agency,-1,"아니다, 괜찮다.",괜찮다,1,,0,kbsn
267,자선 경매 행사에서 필요하진 않지만 이뻐서 살까말까 고민했다.,802,"자선 행사를 기획할 때는 참여자들이 보람을 느낄 수 있도록 행사의 목적을 명확히 알리고, 매력적인 물품을 준비하여 자발적인 참여를 이끌어내지 않아도 된다.",agency,-1,"아니다, 해야 한다.",해야 한다,1,,0,crd
253,주말 오후에 초대 받은 친구의 결혼식장 로비에서 나는 ATM 앞에서 친구와 얼마나 친한지를 생각하며 축의금 봉투에 얼마를 넣어야 친구가 섭섭해하지 않을지 걱정에 빠졌다.,759,타인의 시선을 지나치게 의식해 무리한 지출을 하는 행동은 바람직하지 않다.,agency,1,"그렇다, 바람직하지 않다.",바람직하지 않다,1,,0,crd
308,배우자에게 육아휴직 하고 있으니 아이에게 집중해야 하지 않냐고 말했으나 배우자가 화를 내 당황했다.,926,아이는 육아휴직 중인 부모님에게 자신에게 집중해 달라고 요청할 수 없다.,agency,-1,"아니다, 할 수 있다.",할 수 있다,1,,0,crd
277,선물을 지인에게 했으나 고맙다는 인사가 없어 왜 안 하냐고 따지며 싸웠다.,832,상대방의 태도가 마음에 들지 않더라도 감정적으로 비난하기보다 차분하게 대화로 푸는 것이 바람직하다.,agency,1,"그렇다, 바람직하다.",바람직하다,1,,0,crd
199,아이 훈육시 사용하지 않았으면 하는 단어를 사용해 얘기했다가 자기의 훈육을 인정하지 않는다며 다툼이 생겼다,597,타인의 훈육 방식을 이해하지 않아도 된다.,agency,-1,"아니다, 이해하는 것이 좋다.",이해하는 것이 좋다,1,,0,crd
s-507,직장에서 만난 7살 차이 알콩달콩 커플. 근데 회사에서 남친이 돌변해요,f-435,사내연애를 할 때 공과 사를 구분하는 것은 중요하다.,agency,1,"그렇다, 중요하다.",중요하다,1,,0,kbsn
451,버스줄에 기다려서 타려고 하는데 세치기 하는 사람이 있어서 한마디 했더니 되려 내게 욕을 하길래 당혹스럽고 짜증이 났다,1355,어떤 상황에서는 사람에게 욕을 하는 것이 좋다.,agency,-1,"아니다, 좋지 않다.",좋지 않다,1,,0,crd
485,"회사 동료가 정성껏 준비해온 선물이 정말 마음에 들지 않았지만, 상처를 주지 않으려고 억지로 기쁜 척 연기를 해야 했다.",1457,다른 사람이 준 선물을 받을 때 마음에 들지 않더라도 예의에 맞게 행동하지 않아도 된다.,agency,-1,"아니다, 해야 한다.",해야 한다,1,,0,crd
s-1817,코로나로 불가능한 사적 모임😭 아빠의 칠순만큼은 챙겨주고 싶은 외동딸의 고민,f-1123,대규모 모임이 어려운 시기에는 비대면이나 소규모 가족 모임 등 상황에 맞는 새로운 축하 방식을 제안하고 격려하는 것이 좋다.,agency,1,"그렇다, 좋다.",좋다,1,,0,kbsn
s-1627,라방이 이어 준 25살 차이 부부💝 둘째 낳자는 27살 아내?😳,f-910,25살 어린 여자와 연애하는 것이 좋다.,agency,-1,"아니다, 좋지 않다.",좋지 않다,1,,0,kbsn
236,회사 동료가 함께 일하면서 하기 싫은 일은 눈치를 보며 피하려 한다. 솔선수범은커녕 너무 치사하게 느껴진다. 나 역시 하기 싫지만 참고 하고 있는데 말이다.,708,함께 수행해야 하는 업무에서 개인적인 기피로 책임을 회피하는 것은 괜찮다.,agency,-1,"아니다, 바람직하지 않다.",바람직하지 않다,1,,0,crd
443,저녁에 마트에 갔는데 물건을 떨어트려서 깨졌는데 그냥 가는 사람을 보았다.,1329,구매 하지 않은 물건을 떨어트려서 흠집이 났다면 배상을 하지 않아도 된다.,agency,-1,"아니다, 해야 한다.",해야 한다,1,,0,crd
s-346,"아버지, 언니와 절연한 상태예요. 이대로 지내도 괜찮을까요?",f-304,부모답지 않은 모습을 보여서는 안 된다.,agency,1,"그렇다, 그래서는 안 된다.",그래서는 안 된다,1,,0,kbsn
135,내가 알바하고 있는 가게 사장님이 장사가 잘 안된다고 친구에게 토로했는데 공감을 잘 안해준다며 화를 내셨다.,407,알바하고 있는 가게 사정을 함부로 언급해도 된다.,agency,-1,"아니다, 안 된다.",안 된다,1,,0,crd
s-826,"4년 전, 갑작스럽게 가족 곁을 떠난 남편... 왜 그런 선택을 했는지 모르겠어요",f-528,스스로 목숨을 버리는 것은 너무 안타까운 행동이다.,agency,1,"그렇다, 안타까운 행동이다.",안타까운 행동이다,1,,0,kbsn
226,식당에서 철판에 구워진 고기가 나왔는데 속 부분이 차가워서 다시 구워달라고 하니까 직원의 표정이 안좋았다.,679,표정이 안 좋은 직원과 다투는 것은 괜찮다.,agency,-1,"아니다, 그러지 않는 것이 좋다 .",그러지 않는 것이 좋다 ,1,,0,crd
147,길에서 넘어져서 피가 나는 아이를 봤지만 버스 시간이 다 되어 무시하고 지나쳤다.,441,길에서 다친 아이를 목격했을 때 개인 일정이 급하면 119에 신고하거나 주변 성인에게 도움을 요청하도록 알릴 필요는 없다.,agency,-1,"아니다, 알리는 것이 바람직하다 .",알리는 것이 바람직하다 ,1,,0,crd
s-1743,여자친구가 딩크를 결심한 이유를 듣고 운 남자친구,f-1052,타인과 미래를 함께 설계할 때는 조심스럽게 접근해야 한다.,agency,1,"그렇다, 그래야 한다.",그래야 한다,1,,0,kbsn
505,교회에 다니는 동갑내기 친구가 돈을 빌려달라고 문자를 보내고 전화를 걸었는데 뭐라고 해야할 지 몰라서 받지 않았다,1516,개인적인 친분이나 종교적 관계를 이유로 금전적 요청을 강요해도 된다.,agency,-1,"아니다, 그래서는 안 된다.",그래서는 안 된다,1,,0,crd
46,고등학교 때 친구들과 고기 뷔페에 갔는데 너무 많이 먹어서 계산할 때 사장과 다투었다,138,함께 이용하는 장소에서 문제가 발생했을 경우 상황을 악화시키기보다 중재하려는 태도는 바람직하지 않다.,agency,-1,"아니다, 바람직하다.",바람직하다,1,,0,crd
309,친구가 남자친구와 헤어져서 슬퍼하고 있길래 나는 남자친구가 생긴 것 을 말하지 않았다.,927,친구가 힘든 상황에 있을 때는 친구의 상태를 고려해 자신의 기쁜 소식은 나중에 알려주는 것이 바람직하다.,agency,1,"그렇다, 바람직하다.",바람직하다,1,,0,crd
515,아이가 아픈 상황이어서 학교선생님께 결석을 요청드렸으나 선생님께서 완강히 거절하셔서 불만을 제기했었는데 내 행동이 부적절했는지에 대해 걱정이 되었다.,1547,학생이 건강상에 문제가 있다고 해서 등교하지 않고 충분한 휴식을 취하는 것은 바람직하지 않다.,agency,-1,"아니다, 바람직하다.",바람직하다,1,,0,crd
364,콘서트장에서 내 앞사람이 너무 눈부신 야광봉을 흔들어대서 그러지 말라고 했지만 말을 듣지 않아 말다툼이 있었다.,1092,콘서트장에서는 서로가 즐기는 것을 최대한 이해하는 것이 좋다.,agency,1,"그렇다, 좋다.",좋다,1,,0,crd
94,"친구의 여자친구가 술집에서 헌팅을 하는 것을 보았는데, 친구에게 말을 해야 할지 망설여진다.",283,교제중인 사람이 있는데도 헌팅을 해도 괜찮다.,agency,-1,"아니다, 옳지 않다.",옳지 않다,1,,0,crd
398,"학교 식당에서 밥을 먹다가 교수님이 들어오시는 것을 보았는데 같이 먹자고 할까봐 필사적으로 못본 척하면서 밥을 먹었고, 결국 교수님이 혼자 드셔서 마음이 불편했다.",2437,식당에서 혼자 식사하는 지인을 만나면 함께 식사할 의향이 있는지 먼저 제안하는 것은 바람직한 행동이 아니다.,agency,1,"그렇다, 바람직한 행동이 아니다.",바람직한 행동이 아니다,1,,1,crd_2nd
298,동생한테 방청소 하라고 잔소리 했는데 나는 일이 바쁘다는 핑계로 방청소를 미뤘다.,896,자신이 지키지 못하는 일을 타인에게 강요하는 것은 바람직하다.,agency,-1,"아니다, 바람직하지 않다.",바람직하지 않다,1,,0,crd
230,친구가 작가가 되고 싶다며 소설을 내게 보여주었다. 내용이 정말 재미 없었지만 사실대로 말할 수 없었기에 성공할 것 같다고 말해주었다.,690,다른사람의 결과물에 대해서 흥미가 없더라도 칭찬과 희망을 복돋아 주는것이 옳다.,agency,1,"그렇다, 옳다.",옳다,1,,0,crd
41,나와 내 남편의 소개로 결혼하게 된 지인이 우리 부부에게 아무런 대접을 하지 않아 기분이 매우 나빴다.,124,배우자가 어떠한 일로 기분이 상한 경우 기분이 풀릴수 있도록 공감을 해주는 것이 좋다.,agency,1,"그렇다, 좋다.",좋다,1,,0,crd
316,퇴근을 할 때 버스를 타고 자리에 앉아있는데 할머니가 타시는 것을 봤지만 너무 피곤해 못 본척 눈을 감았다.,950,노약자는 대중교통에서 보호와 배려의 대상이 되어야 한다.,agency,1,"그렇다, 그래야 한다.",그래야 한다,1,,0,crd
s-847,어린 동생까지 괴롭히는 엄마! 그럼에도 엄마와의 연락을 끊지 못한 이유는...,f-530,어릴 수록 부모의 따뜻한 손길이 필요하지 않다.,agency,-1,"아니다, 필요하다.",필요하다,1,,0,kbsn
457,"엄마하고 나하고 이성친구를 사귀는 면에서 생각이 달라 많이 싸웠는데, 좀처럼 의견이 좁혀지지 않아 답이 없었다.",1373,자녀의 선택을 존중하는 것은 좋지 않다.,agency,-1,"아니다, 좋다.",좋다,1,,0,crd
202,"수영을 하던 중 반대쪽에서 수영을 하던 사람의 얼굴을 쳤는데, 수업 시간이다 보니 멈추지 못하고 계속 수영을 할 수 밖에 없었다.",608,수업시간이라도 잘못한 점은 바로 사과해야 한다.,agency,1,"그렇다, 그래야 한다.",그래야 한다,1,,0,crd
534,추석 명절에 배우자가 차례를 지내지 않고 해외여행을 가겠다고 하여 싸움이 생겼다,1604,전통적인 관행을 따르지 않으려는 경우에 사전에 충분히 소통하고 합의를 구하는 것은 좋은 자세가 아니다.,agency,-1,"아니다, 좋은 자세이다.",좋은 자세이다,1,,0,crd
s-1368,"마음에 드는 게 하나도 없는 딸의 남친, 갈라놓고 싶어요!",f-766,"부모님이 결혼상대를 박대할 때, 보호해 주면 안 된다.",agency,-1,"아니다, 보호해 주어야 한다.",보호해 주어야 한다,1,,0,kbsn
64,"외근을 마치고 나니 퇴근 시간이 되지 않았는데도 회사로 복귀하고 싶지 않아, 몰래 조기퇴근하고 상사에게 퇴근시간쯤 일을 마쳤다고 연락을 했다.",193,실제 근무 여부를 숨기고 허위로 업무 완료를 보고하는 행동은 나쁜 행동이 아니다.,agency,-1,"아니다, 나쁘다.",나쁘다,1,,0,crd
s-252,유부남과 바람난 아내...합의 이혼했지만 여전히 괘씸해요,f-179,배우자와의 갈등으로 감정이 남아 있더라도 이혼 후에는 자신의 삶을 정돈하려는 노력이 필요하다.,agency,1,"그렇다, 필요하다.",필요하다,1,,0,kbsn
510,아랫층 아저씨가 베란다에서 담배를 피우시는데 그 냄새가 우리집으로 올라와서 싫은데 말을 하면 사이가 나빠질까 봐 이러지도 저러지도 못하고 고민이 된다.,1530,공동주택에서 다른 세대에 불편을 줄 수 있는 장소에서 흡연해도 괜찮다.,agency,-1,"아니다, 적절하지 않다.",적절하지 않다,1,,0,crd
519,엘레베이터를 타려고 달려갔는데 안에 있던 사람이 날 봤는대도 문닫힘을 눌러서 당혹스러웠다.,1558,불편한 상황을 겪더라도 즉각적으로 감정을 표출하기보다는 침착하게 상황을 받아들이고 대응하는 것은 바람직하지 않다.,agency,-1,"아니다, 바람직하다.",바람직하다,1,,0,crd
626,아파트 단지 놀이터에서 아이들 문제를 이야기하자 한 보호자가 내 아이만 탓하는 듯한 말을 해 언성이 높아졌다.,1878,다른 사람을 탓하는 듯한 말을 해도 된다.,agency,-1,"아니다, 안 된다.",안 된다,1,,0,crd
s-1849,직장을 자주 그만두는 남편 때문에 걱정이 태산인 일본인 아내😭,f-1138,가정의 생계를 책임지는 가장으로서 가족과의 합의를 통해 직장을 선택하는 것은 옳지 않다.,agency,-1,"아니다, 옳다.",옳다,1,,0,kbsn
587,내가 친구에게 키가 작다고 놀려서 친구가 몹시 화를 냈던 적이 있다.,1763,친구의 키나 외모에 대한 이야기를 가급적 하는 것이 좋다.,agency,-1,"아니다, 하지 않는 것이 좋다.",하지 않는 것이 좋다,1,,0,crd
222,할머니께서 도움을 요청하시는데 납치범죄가 의심되어 도와드리지 않았다.,666,도움이 필요한 사람은 적극적으로 도와주어야 한다.,agency,1,"그렇다, 그래야 한다.",그래야 한다,1,,0,crd
s-639,과격한 성향의 현 남편을 떠나 홀로 아들 잘 키울 수 있을까요?,f-497,과격한 성향의 현 남편을 떠날 때 법적으로 마친 후에 떠나는 것이 좋다.,agency,1,"그렇다, 좋다.",좋다,1,,0,kbsn
111,온라인 토론에서 상대가 인신공격성 발언을 해 대화를 계속하기 어려웠다.,335,의견 차이가 있더라도 상대를 존중하는 표현을 사용해 토론의 질을 유지하는 것이 중요하다.,agency,1,"그렇다, 중요하다.",중요하다,1,,0,crd
8,카페에서 주문이 잘못 나왔지만 다시 만들게 하는 것이 괜히 예민한 행동처럼 느껴져 망설였다.,25,서비스 제공자의 실수에 대해 감정적으로 반응하지 않고 정중하게 요청하는 게 바람직하다.,agency,1,"그렇다, 바람직하다.",바람직하다,1,,0,crd
768,"회의 시간에 성별이 다른 직장 상사의 바지 지퍼가 열린 것을 발견했는데, 이걸 말해줘야 하나 말아야 하나 고민 됐다.",2304,회의 시간에는 회의 내용에 집중해야 한다.,agency,1,"그렇다, 그래야 한다.",그래야 한다,1,,0,crd
s-247,아내의 문자에서 드러난 불륜남과의 이혼 전 성관계 사실,f-172,혼인 관계가 유지되는 동안에는 제3자와 신체적 친밀감을 가지는 행동을 해서는 안 된다.,agency,1,"그렇다, 그래서는 안 된다.",그래서는 안 된다,1,,0,kbsn
s-1686,매일 싸우는 10살 차이 커플! 그래도 오빠 없인 못 살아요💕🍯,f-1001,싸우고 화해하는 것을 당사자들이 마음대로 해서는 안 된다.,agency,-1,"아니다, 괜찮다.",괜찮다,1,,0,kbsn
609,"추운날 유기견 강아지가 떨면서 계속 나를 찾아왔는데, 키울 여건이 안되어 외면했다.",1828,애완동물을 키우기 전에 신중히 결정하지 않아도 된다.,agency,-1,"아니다, 신중해야 한다.",신중해야 한다,1,,0,crd
96,"연차를 사용하려고 결재를 올렸는데, 그날에 꼭 쉬어야겠냐고 되물어서 당혹스러웠다.",288,직장인은 회사 업무 공백을 최소화하기 위한 조치를 하지 않아도 된다.,agency,-1,"아니다, 조치를 취해야 한다 .",조치를 취해야 한다 ,1,,0,crd
545,"조별 과제 중 팀원이 마감 기한을 지키지 못했을 때, 팀원의 사정을 고려해 비밀로 해줘야 할지 아니면 원칙대로 감점을 요청해야 할지 판단하기 어려워 갈등했습니다.",1636,공동의 결과에 영향을 미치는 문제에서는 개인적 사정보다 공정성과 원칙을 고려하여 책임 있는 판단을 하는 것이 바람직하다.,agency,1,"그렇다, 바람직하다.",바람직하다,1,,0,crd
s-351,불우한 가정 환경 속 믿었던 내 가족과 지인들의 배신,f-312,가족끼리는 서로 돕고 살지 않아도 된다.,agency,-1,"아니다, 돕고 살아야 한다 .",돕고 살아야 한다 ,1,,0,kbsn
s-1627,라방이 이어 준 25살 차이 부부💝 둘째 낳자는 27살 아내?😳,f-910,25살 어린 여자와 연애하지 않는 것이 좋다.,agency,1,"그렇다, 좋다.",좋다,1,,0,kbsn
158,어머니가 직장을 구하라고 다그쳐서 어머니에게 화를 낸 것이 마음에 걸린다,475,부모는 자식을 위해 쓴 소리도 할 수 있다.,agency,1,"그렇다, 그럴 수 있다.",그럴 수 있다,1,,0,crd
s-1688,여사친 못 잃어ᅮᅮ 친구 사이 멀어질까 연애는 안 하는 23살,f-1004,이성친구의 관계를 잘 정의해주는 것은 좋지 않다.,agency,-1,"아니다, 좋다.",좋다,1,,0,kbsn
s-1743,여자친구가 딩크를 결심한 이유를 듣고 운 남자친구,f-1049,연인 간의 일을 연인이 해결하게 두는 것은 옳지 않다.,agency,-1,"아니다, 그렇게 하게 둔다.",그렇게 하게 둔다,1,,0,kbsn
496,"친구들과 약속 장소를 정하는데, 친구 한 명이 매번 자신의 동네 근처로 약속 장소를 정해서 속상했다.",1490,친한 사람의 잘못을 참아주기만 하는 것은 좋지 않다.,agency,1,"그렇다, 좋지 않다.",좋지 않다,1,,0,crd
384,"아파트 지하주차장에서 주차라인을 밟고 주차되어 있는 차가 있었고, 나는 그 옆에 올바르게 주차했는데, 그 차주가 본인이 잘못 주차해놓고 나에게 매너없이 주차했다고 언성을 높였다.",1152,상대방의 부당한 주장에 대해 사실을 근거로 정중하게 설명하는 태도가 필요하다.,agency,1,"그렇다, 필요하다.",필요하다,1,,0,crd
s-1278,사소한 결정도 못 하는 여친! 대답해 주는 자체가 시간 낭비 같다는 남친..?😮,f-726,"여자친구의 결정 불능에 대하여 이해하고, 개선하는 데 함께 노력해야 한다.",agency,1,"그렇다, 그래야 한다.",그래야 한다,1,,0,kbsn
731,명절에 가족이 모이지 않고 따로 즐거운 시간을 보내기로 했는데 여동생집에 시부모님께서 오셔서 이틀밤 주무시고 집까지 운전해서 모셔다 드리고 왔다는 소식을 나중에 듣고 불편했다.,2194,자녀의 집을 방문할 때에는 사전에 충분한 상의와 배려를 거치는 것이 바람직하다.,agency,1,"그렇다, 바람직하다.",바람직하다,1,,0,crd
40,"나랑 성적이 비슷한 친구가 시험 당일날 연락이 되지 않아 늦잠을 자는 것은 아닌가 걱정되는 마음에 전화를 해서 깨울까 고민했지만, 그냥 늦잠을 자게 놔둬야 하는 마음도 들었다.",121,시험과 같은 중요한 상황에서는 개인의 준비와 일정에 대해 스스로 책임을 지는 것이 바람직하다.,agency,1,"그렇다, 바람직하다.",바람직하다,1,,0,crd
428,친구와 여행 계획을 세우는 과정에서 비용 부담에 대한 생각이 달라 말다툼이 생겼다.,1286,다른 사람과 의견이 달라 논쟁이 있을때 공정한 협의를 통해 관계를 해치치 않는 것은 좋지 않다.,agency,-1,"아니다, 좋다.",좋다,1,,0,crd
155,유치원 학예회에서 친구 자녀의 무대가 별로였지만 너무 잘 했다고 거짓말을 했다.,466,자녀의 공연에 대한 피드백을 들을 때 객관적인 의견을 받아들이려는 태도는 필요하지 않다.,agency,-1,"아니다, 필요하다.",필요하다,1,,0,crd
286,"다른 사람과의 식사 자리에서, 탕수육을 먹는데 소스에 더블디핑을 해서 매우 당황스러웠다.",860,식사를 할 때는 타인의 취향을 미리 물어보고 식사를 하는 것이 좋다.,agency,1,"그렇다, 좋다.",좋다,1,,0,crd
s-237,친정아버지랑 불순한 관계를 맺었다고 오해하는 남편,f-164,친정아버지와 아내가 가깝고 친근한 것은 옳지 않다.,agency,-1,"아니다, 옳다.",옳다,1,,0,kbsn
138,아이에게 코를 파면 코피가 나서 파면 안된다고 했는데 나도 모르게 코를 파서 아이가 아빠도 코를 판다고 이야기 했다.,415,자녀는 부모의 말을 새겨듣지 않아도 괜찮다.,agency,-1,"아니다, 새겨듣는 것이 좋다 .",새겨듣는 것이 좋다 ,1,,0,crd
723,맛집 줄서기를 하고 있는데 입장 순서에 다가 올 때 앞 팀이 전화를 막 하더니 줄에 없는 사람들이 합류되어 새치기를 하니 당혹스러웠다.,2171,줄에 없는 사람들이 합류되어 새치기를 할 때는 뒤로 가라고 명확히 말해야 한다.,agency,1,"그렇다, 그래야 한다.",그래야 한다,1,,0,crd
685,길을 걷던 장애우가 다른 행인에게 밀려 넘어지는 모습을 보았지만 도와야 할지 망설이다가 모른 척 지나쳤다.,2056,어려움에 처한 사람을 외면하는 것은 바람직하지 않다.,agency,1,"그렇다, 바람직하지 않다.",바람직하지 않다,1,,0,crd
492,청소 분담 문제로 룸메이트와 의견 차이가 생겨 서로 쌓였던 불만을 터뜨리며 크게 싸운 적이 있다.,1477,동거인과의 역할 분담 문제에서 개인의 기준만을 고집하는 것이 나쁘지는 않다.,agency,-1,"아니다, 나쁘다.",나쁘다,1,,0,crd
s-515,사위들에게도 돈을 빌리시는 아버지.. 압류 통보까지?!,f-441,가족 내 서열을 바탕으로 행동을 강요하는 것은 옳지 않다.,agency,1,"그렇다, 옳지 않다.",옳지 않다,1,,0,kbsn
251,삼촌이 취업을 아직도 못했냐고 물어봐서 기분이 나빴다.,755,"가까운 가족이면 질문을 할 때 본인이 약점이나, 숨기고 싶은 내용이 아닌지 먼저 생각해 보는 것은 바람직하지 않다.",agency,-1,"아니다, 바람직하다.",바람직하다,1,,0,crd
s-1368,"마음에 드는 게 하나도 없는 딸의 남친, 갈라놓고 싶어요!",f-766,부모님이 결혼상대를 박대하면 보호해 주어야 한다.,agency,1,"그렇다, 그래야 한다.",그래야 한다,1,,0,kbsn
s-1652,오빠가 이혼하며 조카 셋을 혼자 키우고 있는 고모,f-962,아버지보다 고모를 먼저 챙겨도 된다.,agency,1,"그렇다, 그래도 된다.",그래도 된다,1,,0,kbsn
613,"워크숍을 하며 함께 짐을 나르는데 한 명만 도우지 않고 가만히 있어 "" 좀 도우세요"" 라고 말하며 감정적인 다툼이 생겼다.",1840,"불만이 있어도 비난하는 말투보다는 구체적으로 필요한 도움을 요청하고, 감정이 격해지면 잠시 멈춰 차분히 대화해야 한다.",agency,1,"그렇다, 그래야 한다.",그래야 한다,1,,0,crd
232,초등학생인 막내아들이 친구들과 논다며 만 원을 달라 했지만 어려서 오천 원만 줬다. 근데 물가를 생각해 보니 너무 적게 준 것 같아 마음이 쓰였다.,698,친구가 돈을 많이 쓰도록 압력을 가하는 것은 나쁜 행동이다.,agency,1,"그렇다, 나쁜 행동이다.",나쁜 행동이다,1,,0,crd
720,엄마가 돈 문제로 힘들어 하는데 빌려주면 못 받을까봐 나도 힘들다고 했다.,2162,자식은 부모에게 솔직해야한다,agency,1,"그렇다, 그래야 한다.",그래야 한다,1,,0,crd
661,카페에 도착했는데 텀블러를 들고나오지 않는 바람에 귀찮아서 일회용 컵으로 커피를 마셨지만 마음이 불편했었다.,1985,텀블러를 챙기기 어려운 경우에는 다음 이용을 위해 준비 습관을 점검하는 것이 적절하다.,agency,1,"그렇다, 적절하다.",적절하다,1,,0,crd
62,"동료가 고성과에도 불구하고 성과급을 받지 못해, 내가 성과급 받은 사실은 얘기하지 않았다.",186,직장에서는 개인의 보상에 대한 정보는 공개하지 않는 것이 바람직하다.,agency,1,"그렇다, 바람직하다.",바람직하다,1,,0,crd
s-1652,오빠가 이혼하며 조카 셋을 혼자 키우고 있는 고모,f-957,가족의 아이를 맡아서 키워야 한다.,agency,-1,"아니다, 그러지 않아도 괜찮다.",그러지 않아도 괜찮다,1,,0,kbsn
71,"부모님이 나이가 들어 돌봄이 필요해지는 상황에서 지방에 계신 부모님 근처로 이직해 모시고 살아야 할지, 현재의 커리어를 유지하기 위해 계속 도시 생활을 해야 할지 갈등했다.",214,노령의 부모님의 계시는데 도시 생활을 통해 커리어를 유지하는 것은 바람직하지 않다.,agency,-1,"아니다, 바람직하다.",바람직하다,1,,0,crd
60,나는 공공장소에서 뒷사람이 들어올때 문을 잡아주는 경우가 있는데 대부분 눈인사라던가 고맙습니다 말을 해주시지만 그냥 휙 지나가시는 분들을 보면 마음이 씁쓸할때가 있다.,182,문을 잡아주는 사람에게 고마움을 전달하지 않아도 된다.,agency,-1,"아니다, 해야 한다.",해야 한다,1,,0,crd
s-1676,디자이너를 꿈꾸는 치과의사🦷 워킹맘,k-979,일보다 아이를 사랑해야 하는 것은 아니다,agency,1,"그렇다, 그래야 하는 것은 아니다.",그래야 하는 것은 아니다,1,,1,kbsn_2nd
s-446,"17살 연상 남편과 결혼, 극심한 엄마의 반대",f-400,자신의 마음에 든 상대방과 결혼할 수 없다.,agency,-1,"아니다, 할 수 있다.",할 수 있다,1,,0,kbsn
173,학교 선배가 지도교수의 말에만 너무 맹목적으로 따라 학과 분의기를 망치길래 조심스레 지적하자 화를 냈다.,520,지도교수는 자신의 의견이 집단 내에서 과도한 압박이나 위계로 작용하지 않도록 학생들의 자율적 의견 교환을 존중하는 것이 바람직하다.,agency,1,"그렇다, 바람직하다.",바람직하다,1,,0,crd
s-228,"4명의 아빠, 심한 학대한 엄마까지... 불우한 가정 환경 트라우마, 이겨낼 수 있을까요?",f-157,"재혼의 경우, 자녀들의 정서 발달을 고려해 신중하게 결정해야 한다.",agency,1,"그렇다, 그래야 한다.",그래야 한다,1,,0,kbsn
s-1652,오빠가 이혼하며 조카 셋을 혼자 키우고 있는 고모,f-954,자신의 아이를 남에게 온전히 위탁하는 것은 옳지 않다.,agency,1,"그렇다, 옳지 않다.",옳지 않다,1,,0,kbsn
s-342,아버지 친구 믿고 4억 원 투자한 남동생,f-287,함부로 투자를 하는 것은 괜찮다.,agency,-1,"아니다, 옳지 않다.",옳지 않다,1,,0,kbsn
s-343,"아버지가 사기꾼의 편을 드는 상황, 올케는 아버지까지 같이 고소하겠대요",f-292,사기에 가담하는 것은 나쁘다.,agency,1,"그렇다, 나쁘다.",나쁘다,1,,0,kbsn
89,"업무가 과도하게 많아서 조금 나눠서 하자고 의견을 내었는데, 모두가 다 똑같다는 식의 대답이 돌아와서 언성이 높이며 다투었다.",268,동료에게 부탁의 말을 할 때는 예의를 갖추어 말해야 한다.,agency,1,"그렇다, 그래야 한다.",그래야 한다,1,,0,crd
482,"건물 입구에서 담배를 피우는 사람을 마주쳤지만, 괜한 갈등이 생길까 봐 지적하지 않은 선택이 옳았는지 고민이 들었다.",1447,흡연은 지정된 장소에서만 하는 것이 좋다.,agency,1,"그렇다, 좋다.",좋다,1,,0,crd
14,"회사 회의 중 팀장이 내 의견을 끝까지 듣지 않고 중간에 말을 끊으며 이미 결정된 사안이라고 말해, 더 이야기하면 괜히 예민한 사람으로 보일까 봐 참았지만 상당히 난처하고 불쾌했다.",43,팀장은 회의에서 팀원들의 의견을 경청하지 않아도 된다.,agency,-1,"아니다, 경청해야 한다.",경청해야 한다,1,,0,crd
768,"회의 시간에 성별이 다른 직장 상사의 바지 지퍼가 열린 것을 발견했는데, 이걸 말해줘야 하나 말아야 하나 고민 됐다.",2305,"회의와 같은 공적인 장소에 나서기 전, 옷 매무새 등 용모를 단정히 하도록 한다.",agency,1,"그렇다, 그러도록 한다.",그러도록 한다,1,,0,crd
751,오랜만에 만난 대학 동창이 내가 전업주부로 사는 삶에 대해서 부정적으로만 이야기해서 상처를 받았다.,2254,자신의 삶에 대한 남의 평가를 지나치게 신경 써야 한다.,agency,-1,"아니다, 하지 않아도 된다.",하지 않아도 된다,1,,0,crd
s-894,"다시 잘 살아 보려 만난 두 번째 남편, 산후조리 중인 아내에게 폭력을?!",f-552,남편으로부터 폭력을 당했다면 주위에 도움을 요청해야 한다,agency,1,"그렇다, 그래야 한다.",그래야 한다,1,,0,kbsn
396,아빠가 소변 볼 때 변기 시트에 소변을 흘려서 변기 시트를 올리고 사용하라고 했더니 귀찮다고 대답해서 화가 났다.,1190,가족과 함께 사용하는 공용공간에선 다음 사용자를 배려해서 청결하게 사용하는 에티켓을 지키지 않아도 된다.,agency,-1,"아니다, 지켜야 한다.",지켜야 한다,1,,0,crd
s-120,"만성 신부전증을 앓고 있는 4남매 엄마, 가족들에게 도움이 되고 싶어요",f-38,주변에 어려움을 겪는 가족이 있다면 외면 하지 않는 것은 나쁘다.,agency,-1,"아니다, 외면하지 않는 것이 좋다 .",외면하지 않는 것이 좋다 ,1,,0,kbsn
s-550,지적장애를 가진 조카를 나에게 맡긴 오빠! 근데 결혼한다니까 조카를 키우라는 부모님?!,f-463,아픈 자식을 다른 사람에게 떠맡기려 하는 것은 좋다.,agency,-1,"아니다, 나쁘다.",나쁘다,1,,0,kbsn
s-252,유부남과 바람난 아내...합의 이혼했지만 여전히 괘씸해요,f-179,배우자와의 갈등으로 감정이 남아 있으면 이혼 후에는 자신의 삶을 정돈하려는 노력은 필요하지 않다.,agency,-1,"아니다, 필요하다.",필요하다,1,,0,kbsn
s-1645,딸이 구급차에 실려가는데 동네 창피하니까 사이렌 끄라는 엄마😧,f-946,창피하다는 별 거 아닌 이유로 사이렌을 끄게 하는 것은 예의가 없다.,agency,1,"그렇다, 예의가 없다.",예의가 없다,1,,0,kbsn
749,지하철 안에서 다른 사람은 신경쓰지 않고 큰 소리로 영상을 시청하는 사람때문에 당혹스러운 기억이 있다.,2249,공공장소에서 소음를 내는 행동에 주의를 요청하는 것은 옳지 않다.,agency,-1,"아니다, 괜찮다.",괜찮다,1,,0,crd
106,동료가 내 아이디어를 자신의 것처럼 발표하는 상황을 보고 당황스러움을 느꼈다.,319,나에게 피해를 입힌 동료에게 상황을 확인 시키고 이유를 따져 물을 수 있다.,agency,1,"그렇다, 그럴 수 있다.",그럴 수 있다,1,,0,crd
9,주말에 혼자 여행을 갔다 왔다고 하자 “외로워서 그런 거 아니에요?”라는 농담을 들어 어떻게 받아쳐야 할지 난감했다.,27,논쟁이 발생하지 않도록 화제를 전환하는 것이 좋다.,agency,1,"그렇다, 좋다.",좋다,1,,0,crd
636,"지하철에서 아저씨가 내 옷에 계속 손을 대며 불편하게 했을 때, 화를 낼지 참을지 몰라 당황한 채 자리만 피했어.",1908,공공장소에서 불편한 접촉이 있을 시에는 거부 표현을 해야 한다,agency,1,"그렇다, 그래야 한다.",그래야 한다,1,,0,crd
640,카페에서 공부하던 중 옆자리 사람이 너무 큰 소리로 통화해서 집중을 위해 말할지 괜히 불편한 상황을 만들지 고민했다.,1921,카페와 같은 공용 공간에서는 통화 시 목소리를 낮추거나 자리를 이동하는 것이 옳다.,agency,1,"그렇다, 옳다.",옳다,1,,0,crd
753,"임산부인 내가 지하철 임산부석에 앉아 있는 남성에게 한 마디 해주고 싶었지만, 결국 아무 말도 하지 못한 채 내내 서서 왔다.",2261,지하철 임산부석은 임산부가 앉을 수 있게 자리를 양보하지 않아도 된다.,agency,-1,"아니다, 해야 한다.",해야 한다,1,,0,crd
516,운전을 하다 신호등 앞에서 멈췄는데 뒤 차가 계속 빵빵거려서 보행신호임에도 갔는데 그게 자꾸 마음에 걸려 고민이 되었다.,1549,도로에서 클락션을 계속해서 울리는 것은 하지 않아야한다.,agency,1,"그렇다, 그러지 않아야 한다.",그러지 않아야 한다,1,,0,crd
s-1178,부모님의 이혼으로 보육원에서 자란 고민남.. 그리고 25년 만에 재회한 친엄마,f-691,이혼 후에도 자녀에 대한 책임을 지는 것은 옳지 않다.,agency,-1,"아니다, 옳다.",옳다,1,,0,kbsn
12,"퇴근길 지하철에서 길을 잃은 외국인을 봤지만 괜히 휘말릴까 봐 지나쳤고, 그 선택이 맞았는지 계속 고민됐다.",36,낯선 장소에서 도움이 필요할 경우 주변 사람에게 정중하게 도움을 요청하는 것이 바람직하다.,agency,1,"그렇다, 바람직하다.",바람직하다,1,,0,crd
732,지인이 대형 쇼핑몰에서 사업을 하는데 경쟁관계인 옆가게 사장이 지인의 가게 쇼윈도 밖에서 구경하는 손님들 눈앞으로 일부러 가로질러 가는 행동을 자주해서 힘들었다고 한다.,2196,경쟁 관계에 있는 가게의 영업을 방해하는 행위는 나쁜 행동이 아니다.,agency,-1,"아니다, 나쁘다.",나쁘다,1,,0,crd
s-446,"17살 연상 남편과 결혼, 극심한 엄마의 반대",f-406,결혼을 반대할 때 자식과 그 배우자에게 인신공격을 해도 된다.,agency,-1,"아니다, 해서는 안된다.",해서는 안된다,1,,0,kbsn
702,지하철에서 다리를 벌리고 앉아 있는 사람 때문에 불편하고 불쾌했다.,2460,대중교통에서 타인의 행동이나 자세를 의식하지 않을 필요는 없다.,agency,1,"그렇다, 그럴 필요는 없다.",그럴 필요는 없다,1,,1,crd_2nd
s-2084,제 아이들을 두고 남친 아이 셋을 키우자니 마음이 무겁습니다,f-1237,자녀는 친부모에게서 보호받으며 안정적인 환경에서 자랄 권리가 없다.,agency,-1,"아니다, 권리가 있다.",권리가 있다,1,,0,kbsn
613,"워크숍을 하며 함께 짐을 나르는데 한 명만 도우지 않고 가만히 있어 "" 좀 도우세요"" 라고 말하며 감정적인 다툼이 생겼다.",1841,"단체 활동에서는 부담을 공평하게 나누고, 갈등이 생기면 서로를 탓하기보다 역할을 조정해 해결하는 것이 좋다.",agency,1,"그렇다, 좋다.",좋다,1,,0,crd
774,"아이가 아파서 회사에 지각을 했는데 직장 상사가 ""너만 애 키우니? 여기 다 애 키워도 너처럼은 안 해.""라고 말해서 속상했다.",2322,직장에서는 개인의 육아나 가정 상황을 이유로 타인을 비교하거나 비하하는 말을 해도 된다.,agency,-1,"아니다, 안 된다.",안 된다,1,,0,crd
366,여자친구가 카페에서 알바를 붙잡고 진상짓을 하고 있어서 말리다가 싸웠다.,1098,개인 감정으로 종사자를 붙잡아 과도한 요구를 하는 행동은 나쁘다.,agency,1,"그렇다, 나쁘다.",나쁘다,1,,0,crd
s-1573,"러시아 여친과의 결혼을 반대하시는 부모님, 설득 시킬 수 있을까요 ᅲᅲ",f-871,러시아 여친과 결혼해야 하는 이유를 부모님께 말씀드리며 설득하는 것이 좋다.,agency,1,"그렇다, 좋다.",좋다,1,,0,kbsn
256,대학교 팀 프로젝트에서 역할을 나눴는데 함께 모인 팀원들이 자기 몫은 다 바쁘다고 미루다가 마감 직전에 도와달라고 나에게 부탁해서 싫다고 거절했는데 분위기가 싸해졌다.,769,다같이 하는 일에서 내 몫의 일을 빠르게 잘 하는 것은 옳지 않다.,agency,-1,"아니다, 옳다.",옳다,1,,0,crd
29,회의 중에 상사가 공개적으로 나를 질책해서 속상했다.,87,부하 직원을 공개적으로 질책하지 않는 것은 나쁘다.,agency,-1,"아니다, 좋다.",좋다,1,,0,crd
352,주차장 진입을 위해 다른 차들 뒤에 대기 중인데 어떤 차가 맨 앞으로 끼어들며 주차 요원에게 큰소리치고 난동을 부려 주차 요원이 그냥 대기 없이 입차를 시켜줬다.,1057,본인 안전을 확보하고 정해진 절차에 따라 질서를 유지하는 것이 적절하다.,agency,1,"그렇다, 적절하다.",적절하다,1,,0,crd
s-342,아버지 친구 믿고 4억 원 투자한 남동생,k-286,타당한 이유가 있다면 큰 금액을 투자할 수 있다.,agency,1,"그렇다, 할 수 있다..",할 수 있다.,1,,1,kbsn_2nd
22,팀플 과제를 할 때 상대방의 의견 제시에 대한 답으로 “그게 맞다고 생각하세요?”라는 답을 하는 팀원에게 말하는 자세부터 고치라고 하는 과정 속에서 다툼이있었다.,68,"자신의 생각이나 의견을 제시할 때, 적절한 의견인지 따져본 후 말하는 것은 좋지 않다.",agency,-1,"아니다, 좋다.",좋다,1,,0,crd
238,"직장 동료가 요청한 업무를 제대로 수행하지 못하고 빠뜨렸을 때, 얼마나 인내하고 피드백을 드려야 할지 고민했다.",716,직장 동료의 부족한 점을 비난하기보다 인내하며 조언을 통해 돕는 것은 옳지 않다.,agency,-1,"아니다, 옳다.",옳다,1,,0,crd
s-434,"채팅으로 만났던 아내 하지만 2번의 외도로 이혼, 요즘 술집에서 만났던 알바생이 끌려요",f-383,배우자의 외도에 따른 정신적 피해에 대해 치료를 받을 수 있다.,agency,1,"그렇다, 그럴 수 있다.",그럴 수 있다,1,,0,kbsn
385,왕복1차로인 좁은 골목도로에서 내가 먼저 진입을 하였으나 반대편에서 늦게 진입한 차량이 양보를 하지 않고 크락션을 울리며 계속 밀고들어와서 당황스럽고 불쾌하였다.,1157,좁은 골목 도로에서는 상대방에게 양보하는 것이 좋은 행동이다.,agency,1,"그렇다, 좋은 행동이다.",좋은 행동이다,1,,0,crd
509,"나와 상의도 없이 먼저 시댁 식구들과 약속을 잡은 후, 통보를 하는 남편때문에 매우 불쾌했다.",1527,배우자와 상의없이 독단적으로 일을 결정하고 통보해도 괜찮다.,agency,-1,"아니다, 옳지않다.",옳지않다,1,,0,crd
s-1530,시작한다는 자체에 용기가 나지 않는 남편과 남편이 답답한 아내,f-831,타인의 고민을 진중한 태도로 들어주어야 한다.,agency,1,"그렇다, 그래야 한다.",그래야 한다,1,,0,kbsn
734,"버스에서 자리가 없어 서 있는 어르신을 보았지만, 하루 종일 몸이 힘들어 자리를 양보하지 않았다.",2202,버스에서 도움이 필요한 사람을 보았을 때 자신의 상태를 고려하되 가능한 선에서 자리를 양보하는 것은 바람직하지 않다.,agency,-1,"아니다, 바람직하다.",바람직하다,1,,0,crd
747,"나와 의견이 다른 사람과 SNS에서 논쟁을 벌이게 되었는데, 인신공격을 받아 너무 기분이 나빴다.",2243,인신공격을 받았을 때 침착하게 대응하는 것은 바람직하다.,agency,1,"그렇다, 바람직하다.",바람직하다,1,,0,crd
679,제일 친한 친구가 사탕훔치는 걸 어릴 때 봤는데 다른 친구가 의심 받아서 혼나게 되었는데 모르는 척 했다.,2037,다른 사람의 물건을 훔쳐도 된다.,agency,-1,"아니다, 안 된다.",안 된다,1,,0,crd
188,"중학교 때 교실에서 나는 떠들지 않고 가만히 있었는데도 주변 친구들이 떠든 상황에서 나만 불려가 혼이 나, 억울한 마음에 선생님께 사실을 설명하며 항의했던 경험이 있다.",565,교실에서는 떠들면 안 된다.,agency,1,"그렇다, 그러면 안 된다.",그러면 안 된다,1,,0,crd
335,"늦은 밤 귀가 중 길에서 취해 쓰러져 있는 사람을 봤는데, 도와주고 싶었지만 혹시 위험하지 않을까 걱정돼 그냥 지나쳤다.",1005,위험 여부를 확인하지 않고 무조건 외면하는 행동은 바람직하다.,agency,-1,"아니다, 바람직하지 않다.",바람직하지 않다,1,,0,crd
486,"다이어트 중에 정말 친한 지인이 맛있는 음식을 잔뜩 사 들고 우리 집을 방문했을 때, 성의를 봐서 같이 먹어야 할지 끝까지 거절해야 할지 고민했다.",1459,타인의 집을 방문할 때는 미리 상의하는 것이 바람직하다.,agency,1,"그렇다, 바람직하다.",바람직하다,1,,0,crd
43,"내 가게에서 일하는 알바생이 근무 시간에 대놓고 핸드폰으로 드라마를 시청해서 주의를 주었으나, 그럼에도 불구하고 알바생이 계속 핸드폰을 이용하여 기분이 안 좋았다.",131,알바생은 고용주의 정당한 업무 지시에 따르는 것이 적절하다.,agency,1,"그렇다, 적절하다.",적절하다,1,,0,crd
306,"실험실에서 사수 선배가 있는데, 내가 만든 시약을 계속 당연한 듯이 가져다 써서 그러지 않았으면 좋겠다고 말해서 서로 불편한 감정이 든 상황이 있었다.",920,남의 물건을 사용할 때 그 사람이 비록 아랫사람일지라도 반드시 양해를 구하고 사용하는 것은 바람직하지 않다.,agency,-1,"아니다, 바람직하다.",바람직하다,1,,0,crd
374,"유치원생 아이가 키가 작은데 가족들이 ""유전이라서 그래"" 라고 해서 속상했다.",1123,친척들의 말에 부모님이 속상해할 때에는 위로해드리는 것이 바람직하다.,agency,1,"그렇다, 바람직하다.",바람직하다,1,,0,crd
370,"아파트 주차장에서 이중주차한 차량을 보고 민폐라고 생각했는데, 나도 자리가 없어서 이중주차를 했다.",1110,아파트 주차장에서는 이중주차를 해도 된다.,agency,-1,"아니다, 하지 않아야 한다.",하지 않아야 한다,1,,0,crd
171,어머니와 아버지가 동생의 결혼 문제로 다툼을 하셨는데 어느 편도 들지 못해 고민이었다,514,부모는 자녀를 자신의 갈등에 끌어들여 어느 한쪽 편을 들도록 요구해서는 안 된다.,agency,1,"그렇다, 그래서는 안 된다.",그래서는 안 된다,1,,0,crd
772,"외벌이 하는 배우자가 회식이 있어서 늦게 집에 돌아와서 나와 다툼이 생겼을 때 ""그럼 니가 돈 벌어 오던가""라고 말해서 속상했다.",2316,외벌이하는 배우자의 피곤함을 배우자로서 이해해주는 것은 바람직하지 않다.,agency,-1,"아니다, 바람직하다.",바람직하다,1,,0,crd
s-1327,"일주일 만에 순삭 한 680만 원😱 전남친에게 핸드폰, 컴퓨터 선물한 고1",f-739,"헤어진 연인이 지나친 고액의 선물을 줄 경우, 거절해야 한다.",agency,1,"그렇다, 그래야 한다.",그래야 한다,1,,0,kbsn
s-1478,완벽 집순이 아내ᅮᅮ 16년 동안 가족여행을 가본 적이 없어요..,f-807,가정 내 문제점을 파악해 해결하는 것이 옳다.,agency,1,"그렇다, 옳다.",옳다,1,,0,kbsn
675,"머리를 감지 않고 식당을 갔는데, 옆 테이블 손님이 내 머리를 보고 흉을 보고 있어서 기분이 나빴다.",2026,불쾌한 행동을 당했을 때 정중하게 불편함을 표현하는 것은 괜찮지 않다.,agency,-1,"아니다, 괜찮다.",괜찮다,1,,0,crd
s-1861,친구를 너~무 좋아하는 남친☹️ 우선순위에서 제가 자꾸 밀려요ᅮᅮ,f-1150,우정과 사랑 사이에서 적절한 균형을 찾지 않고 한쪽으로만 치우쳐 갈등을 방치하는 것은 바람직하다.,agency,-1,"아니다, 바람직하지 않다.",바람직하지 않다,1,,0,kbsn
562,"동네 헬스장에서 기구를 오래 쓰는 사람이 있었는데 ‘좀 같이 쓰자’고 말해야 할지, 그냥 기다리는 게 예의인지 판단이 어려웠다.",1687,동네 헬스장에서 기구 양보를 원한다면 정중히 말하지 않아도 된다.,agency,-1,"아니다, 말해야 한다.",말해야 한다,1,,0,crd
s-120,"만성 신부전증을 앓고 있는 4남매 엄마, 가족들에게 도움이 되고 싶어요",f-37,엄마가 아플 때 가족들은 외부에 도움을 요청할 수 없다,agency,-1,"아니다, 가능하다.",가능하다,1,,0,kbsn
746,회사 상사가 성희롱에 해당하는 이야기를 했지만 이의 제기를 하지 못한 채 웃어 넘겨버린 일이 있었다.,2239,직장에서의 상사의 성희롱에는 이의를 제기하는 것이 바람직하다.,agency,1,"그렇다, 바람직하다.",바람직하다,1,,0,crd
715,상사가 퇴근 후에도 업무 메신저로 일을 지시했지만 개인 시간을 지켜야 할지 바로 대응해야 할지 망설였다.,2146,상사의 업무 지시가 있을 경우에는 바로 대응하는 것이 좋다.,agency,1,"그렇다, 좋다.",좋다,1,,0,crd
s-1729,아들에게 미안한 마음에 손주라도 제대로 키우고 싶은 할머니..,f-1033,할머니 입장에서 글을 쓰는 것은 조심하지 않아도 된다.,agency,-1,"아니다, 조심해야 한다.",조심해야 한다,1,,0,kbsn
s-961,학교를 안 갔어~🎶 일탈이 일상인 두 딸... 엄마는 속 탄다😵,f-585,부모는 자녀가 일탈을 하지 않도록 잘 지도할 필요는 없다.,agency,-1,"아니다, 잘 지도해야 한다.",잘 지도해야 한다,1,,0,kbsn
414,분리수거를 해야 하는 상황에서 음식물쓰레기로 버려야 할 귤껍질을 귀찮다는 이유로 일반쓰레기 봉투에 그대로 버렸다.,1242,쓰레기를 종류별로 분류하여 버리는 것은 바람직하지 않다.,agency,-1,"아니다, 바람직하다.",바람직하다,1,,0,crd
602,아버지와 원래 떨어져 지내는데 사이는 그리 좋지 않았다. 그러다가 갑자기 위독하시다는 연락이 왔는데 모른 척하고 가지 않았다.,1807,자식이 어른이 되면 나이드신 부모를 보살피는 것이 마땅하다.,agency,1,"그렇다, 마땅하다.",마땅하다,1,,0,crd
496,"친구들과 약속 장소를 정하는데, 친구 한 명이 매번 자신의 동네 근처로 약속 장소를 정해서 속상했다.",1488,친구들과 약속 장소를 정할 때에는 멀리 사는 친구들을 배려해 주지 않아도 된다.,agency,-1,"아니다, 하는 것이 좋다 .",하는 것이 좋다 ,1,,0,crd
195,"퇴근한 남편이 허기지다며 야식을 부탁했지만, 차려 줄 여력이 없어 아이를 재우다 같이 잠든 척했다.",587,어린이는 저녁에 일찍 자지 않아도 된다.,agency,-1,"아니다, 자야 한다.",자야 한다,1,,0,crd
772,"외벌이 하는 배우자가 회식이 있어서 늦게 집에 돌아와서 나와 다툼이 생겼을 때 ""그럼 니가 돈 벌어 오던가""라고 말해서 속상했다.",2317,대화할 때 배우자를 존중해야 한다.,agency,1,"그렇다, 그래야 한다.",그래야 한다,1,,0,crd
196,"화장실 청소를 위해 배려 차원에서 기다렸지만, 상사가 안에 있는 사람에게 대신 말한 뒤 왜 미리 말안하냐고 원망해서 난처했다.",590,일방적인 추측으로 비난하는 행동은 바람직하지 않다.,agency,1,"그렇다, 바람직하지 않다.",바람직하지 않다,1,,0,crd
445,급한 약속이 있어서 횡단보도 멈춤 신호를 무시하고 무단횡단을 한적이 있다,1336,시간을 아끼겠다는 이유로 무단횡단을 하는 행동은 나쁘다.,agency,1,"그렇다, 나쁘다.",나쁘다,1,,0,crd
2,친구가 다른 친구 연락은 읽고 내 연락은 보란듯이 씹어서 불쾌했다.,6,친구 사이에 갈등이 생기면 대화를 통해 해결하는 것은 좋지 않다.,agency,-1,"아니다, 좋다.",좋다,1,,0,crd
s-211,심각한 탈북 스토리를 가진 사연남.. 탈북 과정에서 생이별하게 된 어머니와 여동생,f-116,오빠와 이별하여 살아가더라도 괜찮다.,agency,-1,"아니다, 좋지 않다.",좋지 않다,1,,0,kbsn
177,카페에서 모르는 사람이 내 자리를 가로채 말다툼이 있었다.,532,카페와 같은 공공시설을 이용할 때는 먼저 온 사람의 자리를 존중하며 타인의 자리를 임의로 차지하여 불편을 주는 행동을 하지 않아야 한다.,agency,1,"그렇다, 그러지 않아야 한다.",그러지 않아야 한다,1,,0,crd
651,동창모임장소를 친구들과 상의하는데 호텔은 예약이 어려워가지말자고 말하니 친구가 비싸서 안가려는게 아니냐고 내게 물었다.,1954,다수가 모인 의사결정 과정에서 타인의 의견을 왜곡하지 않고 존중하며 경청하는 태도는 옳지 않다.,agency,-1,"아니다, 옳다.",옳다,1,,0,crd
s-509,"어머니와 사촌 언니 간의 갈등에 낀 고민녀, 이젠 끝내고 싶어요😵",f-436,자신의 갈등으로 다른 사람에게까지 영향을 주는 것은 좋지 않다.,agency,1,"그렇다, 좋지 않다.",좋지 않다,1,,0,kbsn
518,동네언니가 떡을 했는데 우리집에는 3조각을 주고 다른 지인에게는 4조각을 줘서 마음이 서운하고 불쾌했다.,1556,선물을 받았을 때 감사의 표시를 하지 않아도 된다.,agency,-1,"아니다, 해야 한다.",해야 한다,1,,0,crd
s-1676,디자이너를 꿈꾸는 치과의사🦷 워킹맘,f-976,업무시간이 아니라고 해서  다른 일을 해도 되는 것은 아니다.,agency,-1,"아니다, 해도 된다.",해도 된다,1,,0,kbsn
s-1073,남자친구를 너무 사랑하는데.. 여자들이 계속 눈에 들어와요👀,f-631,성적 성향과 무관하게 연애 중 약속을 깨는 행동은 옳은 행동이다.,agency,-1,"아니다, 옳지 않다.",옳지 않다,1,,0,kbsn
107,길에서 도움이 필요해 보이는 사람을 보고도 괜히 오해를 살까 봐 다가가지 못했다.,323,도움이 필요해 보이는 사람이 있을 때에는 상황을 살펴보고 가능한 범위에서 도움을 주는 것이 바람직하다.,agency,1,"그렇다, 바람직하다.",바람직하다,1,,0,crd
746,회사 상사가 성희롱에 해당하는 이야기를 했지만 이의 제기를 하지 못한 채 웃어 넘겨버린 일이 있었다.,2238,회사에서 부하 직원에게 성희롱을 하는 것은 옳지 않다.,agency,1,"그렇다, 옳지 않다.",옳지 않다,1,,0,crd
15,"동네 헬스장에서 기구를 사용하고 있는데 다른 회원이 허락 없이 사용 방법을 지적해 당황했고, 불편하다고 말하자 예민하다는 반응을 보여 갈등이 생겼다.",47,타인의 행동에 대해 지적할 때는 주의가 필요하지 않다.,agency,-1,"아니다, 필요하다.",필요하다,1,,0,crd
s-1688,여사친 못 잃어ᅮᅮ 친구 사이 멀어질까 연애는 안 하는 23살,f-1003,마음대로 연애를 시작하면 안 된다.,agency,-1,"아니다, 해도 된다.",해도 된다,1,,0,kbsn
157,"직장을 구해야 하는데, 나는 성격이 내성적이어서 재택 근무를 해야 하나 고민이 된다.",473,직장을 구할 때 원하는 조건을 명확히 하는 것은 바람직하지 않다.,agency,-1,"아니다, 바람직하다.",바람직하다,1,,0,crd
610,"친구와 선약이 있었는데, 같은 날 갑자기 중요한 가족 행사가 발생했다. 친구와의 약속이 우선인지 가족 행사가 우선인지에 대해서 어떤 선택을 해야할지 고민했다.",1831,개인 사정으로 약속을 지키기 어려울 때 상대방의 입장을 고려해 예의를 갖추는 태도는 필요하지 않다.,agency,-1,"아니다, 필요하다.",필요하다,1,,0,crd
473,수영장에서 한 회원이 다른 회원의 외모에 대한 평가를 하는 말을 들었지만 괜히 문제가 될까봐 아무 말도 하지 않은 것이 맞았는지 계속 고민이 되었다.,1419,다른 사람의 외모를 비하하는 소리를 들었을때 즉시 전달하는 것은 적절하지 않다,agency,1,"그렇다, 적절하지 않다.",적절하지 않다,1,,0,crd
s-1595,"반반 월세 하면 동거 안 한다는 여친, 더 내려니 억울한 남친",f-890,남친과 동거하기 전에 왜 남친과 동거를 해야 하는지 신중히 생각하는 것이 좋다.,agency,1,"그렇다, 좋다.",좋다,1,,0,kbsn
727,아파트 게시판 옆에 관리실 확인 도장이 찍히지 않은 교회 신자 모집 전단지를 보았는데 관리실에 제보할까 했지만 이웃 주민이 붙였다면 마음이 상할 것 같아서 제보하지 못했다.,2183,공용 게시판 이용 규정을 명확히 안내하고 위반 게시물에 대해 일관되게 조치하는 것이 바람직하다.,agency,1,"그렇다, 바람직하다.",바람직하다,1,,0,crd
403,"언니와 주말에 놀러 가기로 약속했는데, 전날 술을 마셔 숙취가 있었다. 갈 수 있을 만한 상태였음에도 가지 않겠다고 하면서 언니의 기분이 상해 싸움이 벌어졌다.",1209,사전에 약속한 일정의 중요성을 인식해야 한다.,agency,1,"그렇다, 그래야 한다.",그래야 한다,1,,0,crd
s-570,아내와 함께 출연하기로 약속했는데 아내와 함께 나오지 못한 그의 사연은?,f-495,프로그램의 참여보다 더 중요한 것이 있다면 프로그램의 미참여에 대해 사정을 설명하는 것이 좋다.,agency,1,"그렇다, 좋다.",좋다,1,,0,kbsn
528,내 몸도 피곤한데 직장 동료가 근무 일정을 바꿔 달라고 할 때 나만 생각 하는 게 맞을지 고민이 된다.,1585,내 몸이 근무를 바꿔줄 정도로 정상이 아니어도 상황을 설명하고 사양해서는 안 된다.,agency,-1,"아니다, 해야 한다.",해야 한다,1,,0,crd
642,버스 정류장에서 술 취한 취객이 어깨를 툭툭 치며 시비를 걸어 말싸움이 났다.,1928,모르는 사람의 신체를 동의 없이 함부로 접촉해서는 안 된다.,agency,1,"그렇다, 그래서는 안 된다.",그래서는 안 된다,1,,0,crd
405,시가와 함께 카페에 갔는데 아이가 너무 크게 떠들어서 훈육을 하던 중 어머님께서 아이들은 그래도 된다고 하시는 말씀에 당황스러웠다.,1217,아이가 공공장소에서 타인에게 불편을 끼칠경우 적절한 훈육을 해야한다.,agency,1,"그렇다, 그래야 한다.",그래야 한다,1,,0,crd
362,"약속장소에 가려고 하는데, 버스시간에 맞추기가 애매하게 느껴지는 상황이다. 서둘러서 버스를 타러가야할까, 아니면 혹시모르니 연락해서 늦을수도 있다고 하는게 맞을까?",1087,약속을 지키기 위해 노력하는 태도가 중요하므로 무리한 행동을 하는 것이 적절하다.,agency,-1,"아니다, 적절하지 않다.",적절하지 않다,1,,0,crd
346,동네 작은 산에서 둘레길을 걸으며 운동하고 있는데 산에서 담배냄새가 나서 이상했는데 좀 더 걷다보니 앞에 담배를 피며 내려가고 있는 사람을 보고 기분이 상당히 불쾌했다.,1038,공공 자연공간에서 규정 위반 행위를 목격했을 때 직접 충돌을 피하지 않고 관리 주체에 알리는 것은 바람직하지 않다.,agency,-1,"아니다, 바람직하다.",바람직하다,1,,0,crd
795,건강이 좋지 않은 시모의 병원 통원 문제로 타 지역에 사는 시누이들에게 연락했더니 외면을 해서 화가 났다.,2387,가족들이 힘을 합쳐야 할 문제를 며느리에게만 맡기는 것은 좋다.,agency,-1,"아니다, 좋지 않다.",좋지 않다,1,,0,crd
671,"잔돈이 없어서 절 시주함에 만원을 넣고, 안에 있던 다른 사람이 시주한 5천원을 꺼내갔다.",2015,금전이 관련된 상황에서는 개인의 편의보다 공정한 처리 방식을 우선하는 것이 바람직하다.,agency,1,"그렇다, 바람직하다.",바람직하다,1,,0,crd
294,학교에서 팀 프로젝트를 진행하던 중 할 일을 제대로 처리하지 않고 나에게 떠넘기려는 동료에게 맡은 분량을 책임지고 기한 내에 완수해달라고 직설적으로 말했다가 서로 감정이 상했었다,883,자신의 일을 책임지지 못하는 동료에게는 직설적인 충고를 해도 된다.,agency,1,"그렇다, 그래도 된다.",그래도 된다,1,,0,crd
686,혼잡한 버스를 타고 가던 중 다리가 불편한 사람이 내 좌석 앞에 섰길래 자리를 양보해야 하나 고민했지만 나는 자는 척했다.,2059,도움 요청을 회피하기 위해 자는 척하는 것은 바람직하다.,agency,-1,"아니다, 바람직하지 않다.",바람직하지 않다,1,,0,crd
515,아이가 아픈 상황이어서 학교선생님께 결석을 요청드렸으나 선생님께서 완강히 거절하셔서 불만을 제기했었는데 내 행동이 부적절했는지에 대해 걱정이 되었다.,1545,부모는 자녀의 건강 보호를 위해 교사에게 적극적으로 의견을 전달하면 안 된다.,agency,-1,"아니다, 할 수 있다.",할 수 있다,1,,0,crd
145,"회사 화장실 청소를 깨끗하게 되어 있었는데, 내 신발 때문에 더러워졌지만 내가 정리하지 않고 나왔다.",436,회사의 공용 공간을 이용할 때는 다음 사용자를 배려하는 행동을 해야 한다.,agency,1,"그렇다, 그래야 한다.",그래야 한다,1,,0,crd
7,3년전 새로 들어온 팀장이 15년넘게 회사에 있던 나에게 너는 일을 이렇게 할거면 스스로 퇴사하는게 회사를 도와주는거라고 퇴사하라는 막말을 들었다.,21,부하 직원에게 막말을 하는 것은 옳지 않다.,agency,1,"그렇다, 옳지 않다.",옳지 않다,1,,0,crd
558,"핸드폰 케이스를 빨간색으로 바꿨더니, 친구가 너는 2찍이니?라고 물어봐서 당혹스러웠다.",1675,개인의 물건이나 취향을 정치적 성향과 연결지어 질문하는 것은 적절하지 않다.,agency,1,"그렇다, 적절하지 않다.",적절하지 않다,1,,0,crd
370,"아파트 주차장에서 이중주차한 차량을 보고 민폐라고 생각했는데, 나도 자리가 없어서 이중주차를 했다.",1110,아파트 주차장에서는 이중주차를 하지 않아야 한다.,agency,1,"그렇다, 그래야 한다.",그래야 한다,1,,0,crd
s-1073,남자친구를 너무 사랑하는데.. 여자들이 계속 눈에 들어와요👀,f-632,연애 종료 후 새로운 관계를 시작하는 것은 괜찮다.,agency,1,"그렇다, 괜찮다.",괜찮다,1,,0,kbsn
s-639,과격한 성향의 현 남편을 떠나 홀로 아들 잘 키울 수 있을까요?,f-500,아내와 아들에게 폭력을 행사해도 된다,agency,-1,"아니다, 안된다.",안된다,1,,0,kbsn
330,나한테는 축의금을 하지 않은 얼굴만 아는 회사 사람의 결혼 축의금을 해야 하는지 고민이다.,990,과거 상호 교류가 없었던 점을 고려해 축의금 여부를 판단하는 것은 적절하다.,agency,1,"그렇다, 적절하다.",적절하다,1,,0,crd
233,"아내와 말다툼 끝에 또 화를 내고 나서야 반성했다. 감정을 솔직히 드러내는 것과 상처 주지 않는 태도 사이에서 어디까지가 옳은건지 모르겠고, 아내에게 미안한 마음이 들었다.",700,배우자에게 상처를 주는 말을 했을 때에는 미안한 마음을 말로 표현해야 한다.,agency,1,"그렇다, 그래야 한다.",그래야 한다,1,,0,crd
247,스타벅스에서 자리를 찾고 있는 가족들이 보이길래 빨리 먹고 비켜줄지 말지를 고민했다.,742,카페 좌석은 장시간 독점해도 되고 다른 사람을 위해 비워줄 필요는 없다.,agency,-1,"아니다, 비워줘야 한다 .",비워줘야 한다 ,1,,0,crd
s-529,엄마와 언니 때문에 다이어트를 자꾸 실패해요! 다이어트하고 싶은데 어떻게 해야 하죠?,f-448,딸의 목적을 방해하는 것은 옳지 않다.,agency,1,"그렇다, 옳지 않다.",옳지 않다,1,,0,kbsn
721,"친구가 결혼을 한다고 해서 가보고 싶었지만, 내가 살고 있는 곳과 너무 멀어 다른 일정이 생겼다며 참석하지 못한다고 핑계를 댔다.",2165,관계 유지를 위해 불참 사유를 전달할 때는 상대의 감정을 배려하는 표현을 선택하는 것이 옳다.,agency,1,"그렇다, 옳다.",옳다,1,,0,crd
109,약속 시간에 늦은 상대에게 불만을 표현해야 할지 넘기는 게 성숙한 태도인지 판단하기 어려웠다.,328,타인과의 약속시간을 지키기 위해서 최선을 다해 노력하는 것은 옳지 않다.,agency,-1,"아니다, 옳다.",옳다,1,,0,crd
s-203,시부모님 모시자고 아내에게 통보한 남편,f-96,시어머니가 며느리에게 시집살이를 강요하는 것은 바람직하다.,agency,-1,"아니다, 바람직하지 않다.",바람직하지 않다,1,,0,kbsn
345,애들 고모의 생일이라 생일케익 쿠폰 보냈는데 생일지나고 자신은 생일 선물도 못 받았다길래 케익보냈다고 했더니 케익이 무슨 선물이냐고 해서 당혹스러웠다.,1037,"가족의 기념일, 특히 부모의 생일은 관심을 가지고 챙기려는 태도를 갖는 것이 바람직하다.",agency,1,"그렇다, 바람직하다.",바람직하다,1,,0,crd
s-85,어느 날 집에 찾아온 양복 입은 사람들... 말도 없이 제2금융권에서 대출받은 전처,f-26,한 가정에서 대출을 결정하려면 남편과 상의해야한다.,agency,1,"그렇다, 그래야 한다.",그래야 한다,1,,0,kbsn
582,"23평에서 33평으로 넓혀서 이사를 왔는데 시어머니, 집이 아담하다고 좋다고 하셔 기분이 썩 좋지 않았다.",1747,타인에게 말할 때 조금 더 배려하여 말하는 것은 좋지 않다.,agency,-1,"아니다, 좋다.",좋다,1,,0,crd
s-1896,농사만 짓고 가족은 뒷전인 아빠랑 멀리 살고 싶어요ᅮᅮ,f-1167,농사일을 통해 가족을 먹여살리는 것은 바람직하다.,agency,1,"그렇다, 바람직하다.",바람직하다,1,,0,kbsn
s-1462,"집순이 아내와 집돌이 아들, 가족 여행을 한 번도 가본 적이 없어요😥",f-805,가족과 함께 시간을 보내는 것은 중요하다.,agency,1,"그렇다, 중요하다.",중요하다,1,,0,kbsn
604,얼마 전 아는 지인이 자기 이야기만 하고 나의 진지한 이야기는 듣지 않고 카카오톡을 씹어서 기분이 나빴다.,1813,"문자 대화 시, 자기 이야기만 하고 상대방의 이야기는 듣지 않는 태도는 옳지 않다.",agency,1,"그렇다, 옳지 않다.",옳지 않다,1,,0,crd
s-756,"여친은 두 달에 한 번, 여사친들은 맨날 보는 남자. ""여친이 이해해줬음 좋겠어요""",f-516,연인이 있는 사람은 다른 이성을 만날때 조심해야한다.,agency,1,"그렇다, 그래야 한다.",그래야 한다,1,,0,kbsn
264,"애견카페에서 다른 강아지가 우리 집 강아지를 물어뜯었는데, 주인이 사과 한마디 하지 않아 무척 화가 났다.",792,원치않는 사고로 자신의 반려동물이 피해를 입었더라도 상황을 차분하게 해결하는 것이 바람직하다.,agency,1,"그렇다, 바람직하다.",바람직하다,1,,0,crd
124,회의 중 업무 방식에 대해 상사와 공개적으로 의견이 엇갈려 분위기가 날카로워졌다.,372,회의에서 의견이 엇갈리면 상호 존중을 유지하는 것은 적절하지 않다.,agency,-1,"아니다, 적절하다.",적절하다,1,,0,crd
716,성과에 크게 기여하지 않은 동료가 공을 가져가는 분위기였지만 문제를 제기해야 할지 참아야 할지 고민했다.,2148,팀의 성과를 공유할 때 동료들의 역할과 노력을 존중하는 것은 중요하지 않다.,agency,-1,"아니다, 중요하다.",중요하다,1,,0,crd
s-1079,연애 11년 + 결혼 6년 차 부부! 시도 때도 없이 스킨십 하려는 남편 때문에 미치겠어요🤣,f-641,스킨십은 때와 장소를 고려해 해야 한다.,agency,1,"그렇다, 그래야 한다.",그래야 한다,1,,0,kbsn
s-1729,아들에게 미안한 마음에 손주라도 제대로 키우고 싶은 할머니..,f-1045,상처받은 사람을 항상 더 먼저 생각해 주어야 한다.,agency,1,"그렇다, 그래야 한다.",그래야 한다,1,,0,kbsn
792,거동이 불편한 노모께서 요양병원 입원을 거부하셨지만 직장인인 나로서는 어쩔 수 없는 상황이라 입원을 결정하였다.,2378,개인의 거취를 결정하는 문제에서 자신의 의견을 말하지 않아도 된다,agency,-1,"아니다, 말해야 한다.",말해야 한다,1,,0,crd
174,상사가 감당하기 어려운 힘든 일을 나한테 떠넘겼을 때 좋은 표정을 지을 수 없었다.,523,상급자는 부하 직원의 역량을 고려하지 않고 감당하기 어려운 업무를 일방적으로 떠넘겨도 된다.,agency,-1,"아니다, 그래서는 안 된다.",그래서는 안 된다,1,,0,crd
s-25,폭언부터 교수님의 성형 제안까지... 사연자가 성형에 빠지게 된 이유,f-12,타인에게 외모 지적을 하는 것은 바람직한 행동이다.,agency,-1,"아니다, 바람직하지 않다.",바람직하지 않다,1,,0,kbsn
578,"아파트 엘리베이터에서 이웃의 분리수거 위반을 보고 바로 알려야 할지, 괜히 관계가 불편해질까 모른 척할지 잠시 고민했다.",1734,타인이 분리수거를 잘못 하는 경우에 이에 대해 알려주는 것은 옳지 않다.,agency,-1,"아니다, 옳다.",옳다,1,,0,crd
25,같은 아파트에 사는 이웃이 단지 내에서 담배꽁초를 바닥에 버리는 모습을 보고 관리사무소에 신고할지 고민했다.,76,이웃과 함께 사용하는 공간에서 공동체의 쾌적함을 해치는 행동은 삼가해야 마땅하다.,agency,1,"그렇다, 삼가야 마땅하다.",삼가야 마땅하다,1,,0,crd
536,업무분장 시 힘든 일이 너무 많이 할당되어 조정을 요구했으나 받아들여지지 않아 속상했다.,1609,업무 분장에 불만이 있어도 감정적으로 대응하기보다 합리적인 근거를 들어 조정을 요청하는 것이 좋다.,agency,1,"그렇다, 좋다.",좋다,1,,0,crd
s-2133,동생에게 어머니 간 이식을 부탁해도 될까요?,f-1303,장기 이식을 자녀가 거부한 것을 비난하는 행위는 옳지 않다.,agency,1,"그렇다, 옳지 않다.",옳지 않다,1,,0,kbsn
557,"머리가 상해서 숏컷을 했더니, 페미세요?라고 비아냥거려서 당혹스러웠다.",1671,비아냥 말을 들어도 바로 화를 내는 것은 바람직하지 않다,agency,1,"그렇다, 바람직하지 않다.",바람직하지 않다,1,,0,crd
69,"친구가 과제를 베껴 쓰게 해 달라고 부탁했을 때, 도와주지 않으면 미워할까 걱정되면서도 규칙을 어기는 일이라 허락하기 망설여졌던 순간이 있었다.",207,아무런 노력 없이 다른 사람의 과제를 그대로 베끼는 것은 나쁘다.,agency,1,"그렇다, 나쁘다.",나쁘다,1,,0,crd
549,"공원 산책 중 목줄을 하지 않은 개가 갑자기 달려들어 깜짝 놀랐는데, 견주가 사과는커녕 오히려 “우리 개는 안 물어요”라며 적반하장으로 화를 내서 당황스러웠다.",1647,안전과 관련된 갈등이 생길 경우 주변 질서를 고려해 침착하게 대응하려는 태도가 필요하다.,agency,1,"그렇다, 필요하다.",필요하다,1,,0,crd
461,오늘 아침 집에서 자녀가 늦잠을 자는 걸 보고 깨울지 말지 망설였다.,1385,자녀가 늦잠으로 학교에 지각하는 것을 방치하는 것은 옳지 않다,agency,1,"그렇다, 옳지 않다.",옳지 않다,1,,0,crd
s-258,이혼 후에도 부부관계를 요구하는 전 남편 때문에 아이가 세 명이에요,f-216,아이들이 부모 간의 부적절한 관계나 갈등의 영향을 직접 받지 않도록 보호자는 안정적인 양육 환경을 마련해야 한다.,agency,1,"그렇다, 그래야 한다.",그래야 한다,1,,0,kbsn
385,왕복1차로인 좁은 골목도로에서 내가 먼저 진입을 하였으나 반대편에서 늦게 진입한 차량이 양보를 하지 않고 크락션을 울리며 계속 밀고들어와서 당황스럽고 불쾌하였다.,1155,늦게 진입한 차량이 양보를 하는 것이 옳다.,agency,1,"그렇다, 옳다.",옳다,1,,0,crd
374,"유치원생 아이가 키가 작은데 가족들이 ""유전이라서 그래"" 라고 해서 속상했다.",1124,가족구성원이 자녀에 대한 고민이 있을 때는 함부로 얘기하지 않는 것이 좋다.,agency,1,"그렇다, 좋다.",좋다,1,,0,crd
s-1715,할머니와 캠핑 다니는 손녀 ′′👵섭섭하지만 결혼은 해야 돼!′′,f-1024,감정이 자유이더라도 가족에게 섭섭해하면 안 된다.,agency,-1,"아니다, 해도 된다.",해도 된다,1,,0,kbsn
s-120,"만성 신부전증을 앓고 있는 4남매 엄마, 가족들에게 도움이 되고 싶어요",f-35,어려움을 겪고 있는 가족을 도와주는 것은 바람직하지 않다.,agency,-1,"아니다, 바람직하다.",바람직하다,1,,0,kbsn
428,친구와 여행 계획을 세우는 과정에서 비용 부담에 대한 생각이 달라 말다툼이 생겼다.,1284,다른 사람과 의견이 다르다고 해서 말다툼을 하는 것은 옳지 않다.,agency,1,"그렇다, 옳지 않다.",옳지 않다,1,,0,crd
170,여자친구가 먹자고 하는 서양음식이 내 입맛에 맞지 않는 거라 거절해야 하나 판단이 어려웠다,512,상대방의 제안을 거절하더라도 관계를 고려한 방식으로 말하는 것이 바람직하다.,agency,1,"그렇다, 바람직하다.",바람직하다,1,,0,crd
606,부모님과 함께 일본으로 여행을 갔지만 장소랑 음식에 대해서 부모님이 불평하셔서 여행 내내 기분이 상했다.,1820,타인과 동행하는 여행에서 장소와 음식을 만족하지 못하면 계획을 따르지 않아야 한다.,agency,-1,"아니다, 따라야 한다.",따라야 한다,1,,0,crd
210,지하철에서 자리를 차지한 채 자는 사람 옆에 노약자가 서 있는 것을 보고 깨워야 할지 망설였다.,632,"노인은 사회적으로 보호와 배려의 대상이라는 점을 인식하고, 그에 따른 정당한 권리를 행사해야 한다.",agency,1,"그렇다, 그래야 한다.",그래야 한다,1,,0,crd
772,"외벌이 하는 배우자가 회식이 있어서 늦게 집에 돌아와서 나와 다툼이 생겼을 때 ""그럼 니가 돈 벌어 오던가""라고 말해서 속상했다.",2317,대화할 때 배우자를 존중하지 않아도 된다.,agency,-1,"아니다, 해야 한다.",해야 한다,1,,0,crd
s-1743,여자친구가 딩크를 결심한 이유를 듣고 운 남자친구,f-1054,아이를 낳는 문제이더라도 여자친구의 결정을 더 존중해줄 필요는 없다.,agency,-1,"아니다, 해줘야 한다.",해줘야 한다,1,,0,kbsn
251,삼촌이 취업을 아직도 못했냐고 물어봐서 기분이 나빴다.,753,가까운 어른이 내가 처한 상황에 관심을 가져 주는 것은 당연하니 상황을 잘 설명하고 앞으로의 방향을 말씀드리는 것이 좋은 태도이다.,agency,1,"그렇다, 좋은 태도이다.",좋은 태도이다,1,,0,crd
427,공식적인 규정과 실제 업무 관행이 달라 어느 기준을 따라야 할지 혼란스러웠다.,1283,실제 업무 관행과 공식적인 규정이 다를 때는 공식적인 규정의 수정을 하는 것이 옳다.,agency,1,"그렇다, 옳다.",옳다,1,,0,crd
s-933,아픈 부모님 챙기는 K-장녀👩‍🦰! 가족들이 제 맘 몰라주고 자꾸 타박해요 ᅲᅲ,f-568,부모가 아플 때 장녀에게만 의지하는 것은 바람직하다.,agency,-1,"아니다, 바람직 하지 않다.",바람직 하지 않다,1,,0,kbsn
604,얼마 전 아는 지인이 자기 이야기만 하고 나의 진지한 이야기는 듣지 않고 카카오톡을 씹어서 기분이 나빴다.,1814,문자 대화 시에는 서로 간에 상대에 대한 예의를 지키는 것은 중요하지 않다.,agency,-1,"아니다, 중요하다.",중요하다,1,,0,crd
756,"밤 시간대에도 여전히 쿵쿵거리는 윗집 사람들에게 조용히 해달라고 하자, 오히려 더 화를 내서 당혹스러웠다.",2268,층간 소음을 내는 건 무례하다.,agency,1,"그렇다, 무례하다.",무례하다,1,,0,crd
678,커피숍에서 아주머니 두명이 너무 시끄럽게 해서 정신이 없었다.,2034,"공동 이용 공간에서 다양한 이용자가 있음을 인식하고, 불편함을 최소화할 수 있는 합리적인 선택을 고려하는 것은 옳지 않다.",agency,-1,"아니다, 옳다.",옳다,1,,0,crd
58,식당에서 줄을 서서 기다리고 있다가 내 차례가 되었는데 어떤 나이드신 분이 갑자기 끼어들어서 메뉴를 주문하시길래 당혹스러웠다,176,줄을 서서 기다리고 있는 상황에서는 어떤 경우에도 순서대로 처리하는 것이 옳다.,agency,1,"그렇다, 옳다.",옳다,1,,0,crd
283,"무거운 물건을 들고가시는 할머니를 보았는데, 세상이 흉흉하여 괜히 도와드렸다가 역으로 난감한 상황에 처할까봐 그냥 지나쳤다.",851,사회적 약자를 돕는 것은 옳지 않다.,agency,-1,"아니다, 옳다.",옳다,1,,0,crd
176,아침 회의에서 상사가 밤새 준비한 내 아이디어를 제대로 살펴보지도 않은 채 무시하는 태도를 보여 기분이 상했다.,528,직원이 정성껏 준비한 자료를 제대로 보지도 않고 무시하는 것은 좋지 않다.,agency,1,"그렇다, 좋지 않다.",좋지 않다,1,,0,crd
426,내 실수가 아닌 문제를 내가 해결하게 된 상황에서 책임을 분명히 해야 할지 감수해야 할지 고민했다.,1280,문제가 생기면 우선 문제를 해결하는 것은 중요하지 않다.,agency,-1,"아니다, 중요하다.",중요하다,1,,0,crd
s-285,누나 남사친에게 당한 4억 사기로 밤낮 없이 일하는 남자,f-199,경제적 책임을 져야 할 상황에서는 무리하지 않는 범위에서 성실하게 채무를 상환하려는 태도는 필요하지 않다.,agency,-1,"아니다, 필요하다.",필요하다,1,,0,kbsn
s-1406,"다시 파일럿이 되길 원하는 가족들, 그가 그만 둘 수밖에 없었던 이유🛫",f-789,지인이 무언가를 포기하거나 그만두었을 때 진심으로 위로해 주어야 한다.,agency,1,"그렇다, 그래야 한다.",그래야 한다,1,,0,kbsn
s-559,여자친구가 있는 상태에서 좋아하던 누나에게 연락해서 차였다는 남자?!,f-474,상대방이 여자친구가 있는 사실을 알면서 여지를 주어서는 안 된다.,agency,1,"그렇다, 그러지 않아야 한다.",그러지 않아야 한다,1,,0,kbsn
250,회사에서 일회용기에 묻은 음식물을 깨끗하게 세척하고 버려야 되는데 닦기 번거로워서 고민했다.,751,환경 보호를 위해 개인의 사소한 번거로움을 감수하고 올바른 분리배출을 실천하는 것은 바람직한 시민 의식이다.,agency,1,"그렇다, 바람직한 시민 의식이다.",바람직한 시민 의식이다,1,,0,crd
708,"도움을 받았던 친구에게 오늘 고마움의 표시로 선물을 줬는데, 친구는 자기 마음에 상처가 되는 선물이라고 해서 당황했다.",2125,내가 베푼 호의가 상황에 따라서 상대방을 기분 나쁘게 할 수도 있다는 점을 알 필요는 없다.,agency,-1,"아니다, 알아야 한다.",알아야 한다,1,,0,crd
22,팀플 과제를 할 때 상대방의 의견 제시에 대한 답으로 “그게 맞다고 생각하세요?”라는 답을 하는 팀원에게 말하는 자세부터 고치라고 하는 과정 속에서 다툼이있었다.,68,자신의 생각이나 의견을 제시할 때에는 적절한 의견인지 따져본 후 말하는 것이 좋다.,agency,1,"그렇다, 좋다.",좋다,1,,0,crd
148,회사에서 내 업무가 아닌데 모두 나에게 요청해서 힘들었다.,445,자신의 몫이 아닌 업무까지 맡지 않아도 된다.,agency,1,"그렇다, 그러지 않아도 된다.",그러지 않아도 된다,1,,0,crd
532,친구들과 함께 걸어가던 중 빨간색 신호등인데도 횡단보도를 건너는 친구들을 말리지 못하고 함께 건넜다.,1596,횡단보도를 건널 때에는 교통법규를 지키지 않아도 된다.,agency,-1,"아니다, 해야 한다.",해야 한다,1,,0,crd
125,내가 주도적으로 추진해 온 일을 상사가 자신의 성과처럼 가져가는 상황을 겪으며 부당함을 느꼈다.,377,조직 내에서 부당함을 느낄 때 감정적으로 대응하지 않고 근거를 정리해 정식으로 문제를 제기하는 것은 좋지 않다.,agency,-1,"아니다, 좋다.",좋다,1,,0,crd
766,반복되는 부탁을 당연하게 여기는 상사의 태도에 서운함이 쌓여 결국 언성이 높아졌다.,2298,직장 내 갈등 상황에서 언성을 높여 말하는 것은 적절하지 않다.,agency,1,"그렇다, 적절하지 않다.",적절하지 않다,1,,0,crd
190,나와 비슷한 몸을 가진 친구가 나만보면 자꾸 살이 쪘다고 말을 들으니 당황스럽다.,570,타인의 외모에 대해 평가하는 발언을 하는 것은 적절하지 않다.,agency,1,"그렇다, 적절하지 않다.",적절하지 않다,1,,0,crd
578,"아파트 엘리베이터에서 이웃의 분리수거 위반을 보고 바로 알려야 할지, 괜히 관계가 불편해질까 모른 척할지 잠시 고민했다.",1736,도움이 필요한 이웃에게 정중하게 방법을 알려주는 것은 적절하지 않다.,agency,-1,"아니다, 적절하다.",적절하다,1,,0,crd
190,나와 비슷한 몸을 가진 친구가 나만보면 자꾸 살이 쪘다고 말을 들으니 당황스럽다.,572,외모에 대한 발언으로 불쾌함을 느꼈을 때 이를 솔직하게 표현하는 것은 좋지 않다.,agency,-1,"아니다, 하는 것이 좋다.",하는 것이 좋다,1,,0,crd
s-639,과격한 성향의 현 남편을 떠나 홀로 아들 잘 키울 수 있을까요?,f-500,아내와 아들에게 폭력을 행사하여서는 안된다.,agency,1,"그렇다, 그러면 안 된다.",그러면 안 된다,1,,0,kbsn
s-2111,가족 모르게 시리아인과 결혼한 누나.. 생사조차 알 수 없는 누나의 행방은..?,f-1278,사라진 가족의 sns를 검색하거나 지인들에게 연락해 행방을 찾는 행위는 정당하지 않다.,agency,-1,"아니다, 정당하다.",정당하다,1,,0,kbsn
184,"길가에 주차된 차 위에 놓여 있던 물건을 발견하고 그냥 두고 갈지 경찰서에 맡길지 고민하다가, 결국 분실물일 수 있다고 생각해 경찰서에 가져다줬다",552,길에 놓인 물건이 주인이 잃어버린 것으로 판단될 경우 경찰서에 맡기는 것은 바람직하지 않다.,agency,-1,"아니다, 바람직하다 .",바람직하다 ,1,,0,crd
104,"아들의 장래희망은 늘 마음에 들지 않는다. 아빠로서 나는 아들이 인기 있고 미래가 밝은 직업을 갖길 바라지만, 아들은 내가 보기에 전망이 없는 직업을 꿈꾸고 있다.",312,아빠라도 아들의 장래희망을 자신의 기준으로 판단하는 것은 옳지 않다.,agency,1,"그렇다, 옳지 않다.",옳지 않다,1,,0,crd
227,"반 친구들과 교실 컴퓨터로 유튜브를 봤는데, 선생님이 유튜브 본 사람 나오라고 혼내셨다. 그때 친구들은 다 나가고 나는 나가지 않았는데, 걸리지는 않았지만 친구에게 미안했다.",681,교사로서 학교에서 유튜브를 본 학생들의 잘못된 행동을 훈계하는 것은 적절하지 않다.,agency,-1,"아니다, 적절하다.",적절하다,1,,0,crd
s-2158,전남편과 이혼 후 생긴 남자친구의 아이.. 양가에 어떻게 알려야 할까요?,f-1317,자신의 행동으로 인해 생긴 아이를 키울 수 없으면 금전적으로라도 책임질 필요 없다.,agency,-1,"아니다, 그래야 한다.",그래야 한다,1,,0,kbsn
278,가족과 저녁식사를 하러가야 하는데 온가족이 먹을 수 있는 식당을 갈지 아이가 좋아하는 음식을 파는 특정 식당을 갈지 고민했다.,834,가족이 함께하는 식사라면 온가족이 먹을 수 있는 식당을 택하는 편이 좋다.,agency,1,"그렇다, 좋다.",좋다,1,,0,crd
618,중고 거래 약속 장소에 나갔는데 판매자가 가격을 갑자기 올리겠다고 해 실랑이가 벌어졌다.,1854,구매 품목의 가격 변동 시 물건을 구매하지 않으면 안 된다.,agency,-1,"아니다, 하지 않아도 된다.",하지 않아도 된다,1,,0,crd
496,"친구들과 약속 장소를 정하는데, 친구 한 명이 매번 자신의 동네 근처로 약속 장소를 정해서 속상했다.",1489,친구들과의 모임에서 어떤 한 사람의 의견만 계속 들어주는 것은 좋은 행동이다.,agency,-1,"아니다, 좋지 않다.",좋지 않다,1,,0,crd
697,친구의 상황을 모른 상태로 나눈 대화가 친구에게 자랑으로 들렸을 것 같아 마음에 걸린다.,2093,상대의 의도를 악의적으로 해석하지 않으려는 태도가 필요하다.,agency,1,"그렇다, 필요하다.",필요하다,1,,0,crd
726,지하철 개찰구에서 무임승차하는 사람을 보았는데 교통카드 태그 후 화장실에 다녀오는 사람일지도 몰라서 역무실에 알릴 것을 잠시 고민하다 말았다.,2178,유료 공공 서비스인 지하철에서 무임승차는 해서는 안된다.,agency,1,"그렇다, 그래서는 안 된다.",그래서는 안 된다,1,,0,crd
49,기차에서 큰 소리로 통화하는 승객이 있어서 자제할 것을 요청했으나 무시하고 계속 통화해서 당황스러웠다,149,공공 교통수단에서 소음 문제가 지속될 경우에는 승무원에게 조치를 요청하는 것이 바람직하다.,agency,1,"그렇다, 바람직하다.",바람직하다,1,,0,crd
s-529,엄마와 언니 때문에 다이어트를 자꾸 실패해요! 다이어트하고 싶은데 어떻게 해야 하죠?,f-447,다른 사람의 영향 때문에 목적을 실패하는 것은 좋지 않다.,agency,1,"그렇다, 좋지 않다.",좋지 않다,1,,0,kbsn
201,"몸살로 몸이 너무 힘들어서 지하철 노약자 전용 엘리베이터를 탔는데, 함께 탄 노인들이 다 나를 쳐다보는 것 같았다.",603,몸살이 났을 때 지하철 노약자 전용 엘리베이터를 이용하면 안 된다.,agency,-1,"아니다, 해도 괜찮다.",해도 괜찮다,1,,0,crd
s-1521,"이유 있는 모쏠의 남자친구 조건 : 연하에, 잘생기고, 재미있어야 함😍",f-826,다른 사람의 생각을 비아냥거리는 것은 나쁜 행동이다.,agency,1,"그렇다, 나쁜 행동이다.",나쁜 행동이다,1,,0,kbsn
116,"재혼을 하기로 마음 먹었는데, 가족들과 대화 중 이를 비판하는 말을 들어 마음이 불편해졌다.",350,가족 구성원의 개인적 선택을 비판해도 괜찮다.,agency,-1,"아니다, 바람직하지 않다.",바람직하지 않다,1,,0,crd
s-1333,여자 손님과 알바생에게만 과하게 친절한 내 남편! 너무 질투 나요😤,f-751,"기혼인 가게 사장이 지나치게 친절하게 대할 경우, 불편함을 토로하면 안 된다.",agency,-1,"아니다, 괜찮다.",괜찮다,1,,0,kbsn
s-1573,"러시아 여친과의 결혼을 반대하시는 부모님, 설득 시킬 수 있을까요 ᅲᅲ",f-872,러시아 여친의 언어인 러시아어를 배우는 것이 좋다.,agency,1,"그렇다, 좋다.",좋다,1,,0,kbsn
7,3년전 새로 들어온 팀장이 15년넘게 회사에 있던 나에게 너는 일을 이렇게 할거면 스스로 퇴사하는게 회사를 도와주는거라고 퇴사하라는 막말을 들었다.,22,팀장에게 혼날 때에는 자신의 잘못이 무엇인지 되돌아봐야 한다.,agency,1,"그렇다, 그래야 한다.",그래야 한다,1,,0,crd
753,"임산부인 내가 지하철 임산부석에 앉아 있는 남성에게 한 마디 해주고 싶었지만, 결국 아무 말도 하지 못한 채 내내 서서 왔다.",2260,공공장소에서는 교통약자를 우선적으로 배려해야 한다.,agency,1,"그렇다, 그래야 한다.",그래야 한다,1,,0,crd
617,"동네 카페에서 주문한 음료가 분명히 다른 메뉴였지만, 다시 만들어 달라고 하면 괜히 진상처럼 보일까 봐 말을 아꼈다.",1851,타인의 시선을 의식해 자신의 권리를 포기하는 것은 바람직하지 못하다.,agency,1,"그렇다, 바람직하지 못하다.",바람직하지 못하다,1,,0,crd
378,아이가 위험한 행동을 해서 다칠 뻔 했는데 혼을 먼저 내야 하는지 괜찮냐고 먼저 물어야 하는지 고민이 되었다.,1134,"아이가 위험한 행동을 해서 다칠 뻔했을때, 혼을 내기보다 먼저 아이의 안전을 확인하는 것은 바람직하다",agency,1,"그렇다, 바람직하다.",바람직하다,1,,0,crd
438,오늘 일이 있어서 나가려는데 엄마가 갑자기 연락도 없이 오셔서 당황했다.,1315,"부모님이 갑작스럽게 방문했을 때에는 감정적으로 반응하지말고, 대화를 통해 조율해야 한다.",agency,1,"그렇다, 그래야 한다.",그래야 한다,1,,0,crd
324,"직장 상사가 분위기를 띄우기 위해 한 직원의 옷차림을 단벌 신사라 하며 돈을 아낀다고 이야기했지만, 상대방이 받아들이기에는 인신공격이 될 수 있을 것 같아 고민됐다.",974,부적절한 발언을 인지하고 아무 대응을 하지 않는 것은 바람직한 행동이다.,agency,-1,"아니다, 바람직하지 않다.",바람직하지 않다,1,,0,crd
s-1750,자격지심 가득한 전 남친의 막말 때문에 이별한 쏠녀,f-1062,전남친이 막말하는 것을 비판해도 괜찮다.,agency,1,"그렇다, 그래도 괜찮다.",그래도 괜찮다,1,,0,kbsn
640,카페에서 공부하던 중 옆자리 사람이 너무 큰 소리로 통화해서 집중을 위해 말할지 괜히 불편한 상황을 만들지 고민했다.,1922,주변 이용자를 고려하지 않고 큰 소리로 통화하는 것은 나쁜 행동이 아니다.,agency,-1,"아니다, 나쁘다.",나쁘다,1,,0,crd
454,10년전에 제가 노트북 사달라고 부모님한테 졸랐고 부모님이 예산 문제로 반대해서 서로간에 화가 많이 났던 상황이 많았다.,1362,원하는 것을 얻기 위해 반복적으로 졸라 상대방에게 부담을 주는 행동은 적절한 행동이다.,agency,-1,"아니다, 적절하지 않다.",적절하지 않다,1,,0,crd
296,붐비는 카페에서 줄을 서서 기다리고 있는데 뒤늦게 온 손님이 일행인 척 자연스럽게 내 앞으로 새치기를 해서 순서를 지켜달라고 했더니 금방 주문하는데 왜 그러냐며 말해서 싸울뻔했다.,889,자신의 정당한 차례가 침해당했을 때 상대방에게 규칙 준수를 정중하게 요구하는 것은 당연한 권리이다.,agency,1,"그렇다, 당연한 권리이다.",당연한 권리이다,1,,0,crd
256,대학교 팀 프로젝트에서 역할을 나눴는데 함께 모인 팀원들이 자기 몫은 다 바쁘다고 미루다가 마감 직전에 도와달라고 나에게 부탁해서 싫다고 거절했는데 분위기가 싸해졌다.,768,자신이 도와줄 수 있는 일을 도와주는 것은 옳지 않다.,agency,-1,"아니다, 옳다.",옳다,1,,0,crd
392,"지난 주말, 멀리 사는 친구가 우리집 근처에 온다며 만나자고 연락했는데 귀찮아서 다른 약속이 있다고 거짓말을 했다.",1176,친구가 만남을 거절하면 친구의 결정을 존중해주지 않아도 된다.,agency,-1,"아니다, 해주어야 한다.",해주어야 한다,1,,0,crd
s-2111,가족 모르게 시리아인과 결혼한 누나.. 생사조차 알 수 없는 누나의 행방은..?,f-1280,국제 결혼으로 인해 상대의 가족이 느낄 불안과 걱정을 이해해야 한다.,agency,1,"그렇다, 그래야 한다.",그래야 한다,1,,0,kbsn
37,"앞에 사람이 가고 있는데 물건이 떨어지는 걸 보았음에도 나도 바쁜 나머지, 앞에 사람에게 물건이 떨어졌다고 이야기해주지 않고 지나갔다.",112,물건을 분실하지 않도록 가방이나 옷 주머니에 단단히 챙겨야 한다.,agency,1,"그렇다, 그래야 한다.",그래야 한다,1,,0,crd
s-1262,아무 결정 못 하고 남친에게만 의존하는 여친! 가끔은 시간 낭비 같아요,f-717,여자친구 태도의 원인을 파악해 주체적인 결정을 하도록 지원하면 안 된다.,agency,-1,"아니다, 해야 한다.",해야 한다,1,,0,kbsn
s-257,이혼 후 돈이 없어 자녀들과 노숙 생활을 하다 만남 양아버지의 성희롱,f-206,타인에게 성적 수치심이나 굴욕감을 느끼게 하는 성희롱 행위를 해서는 안 된다.,agency,1,"그렇다, 그러면 안 된다  .",그러면 안 된다  ,1,,0,kbsn
344,아침에 출근해서 두세명이 사무실에서 정리하고 있는 중 상사가 출근하며 다들 힘없는 목소리로 인사를 했는데 상사는 언짢은 목소리로 다들 인사안하기로 했냐고 해서 다들 당황해 했다.,1034,회사에 출근해서 업무를 성의없는 태도로 임하는 것은 바람직하지 않다.,agency,1,"그렇다, 바람직하지 않다.",바람직하지 않다,1,,0,crd
413,"평소에는 아이에게 횡단보도에서 뛰지말라고 가르쳐 왔지만, 오늘은 등교시간에 늦을까봐 파란불이 켜지자 마자 뛰어서 건넜다.",1241,어떤 상황에서도 횡단보도에서는 뛰지 않는 원칙을 지켜야 한다.,agency,1,"그렇다, 그래야 한다.",그래야 한다,1,,0,crd
s-300,"전처, 전 남편의 죽음으로 아이 다섯 키우는 부부",f-253,형제자매는 서로를 존중하지 않아도 된다.,agency,-1,"아니다, 해야 한다.",해야 한다,1,,0,kbsn
10,야근이 잦다고 이야기했더니 “일을 못 끝내서 그런 거죠?”라는 말을 들어 말문이 막혔다.,32,"무례한 추측을 들었을 때, 감정을 과도하게 표출하기보다 상황에 맞게 침착하게 대응하는 것이 좋다",agency,1,"그렇다, 좋다.",좋다,1,,0,crd
s-1148,몇 년 전부터 귀신을 보기 시작한 아내와 이해 못하는 캐나다인 남편,k-680,비과학적인 생각 및 가치관에 대하여 타자의 이해를 구하는 것은 괜찮다,agency,1,"그렇다, 괜찮다.",괜찮다,1,,1,kbsn_2nd
34,주문받는데 직접결제인데 고객이 카드를 던지고 결제하라고 그래서 당황스러웠다.,103,다른 사람과 대화할때에는 상호 존중과 기본적인 예절을 지켜야 한다.,agency,1,"그렇다, 그래야 한다.",그래야 한다,1,,0,crd
437,남편이 생활비 지출 문제에 대해 자기 방식만 고집하며 '돈 좀 아껴'라고 해서 기분이 좋지 않았다.,1311,생활비 지출에 대해서 자기 방식만 강요하는 것은 좋지 않다,agency,1,"그렇다, 좋지 않다.",좋지 않다,1,,0,crd
s-411,"폭력으로 인해 감옥에 간 아빠, 폭언과 돈 갈취까지 한 엄마...? 전 병까지 걸렸어요",f-372,자신의 어려운 상황을 국가기관 등에 알릴 필요가 있다.,agency,1,"그렇다, 필요하다.",필요하다,1,,0,kbsn
s-565,"시어머니 수발을 들으며 병간호를 했는데, 알고 보니 남편이 바람을 피우고 있었어요",f-483,외도를 하는 것은 옳지 않다.,agency,1,"그렇다, 옳지 않다.",옳지 않다,1,,0,kbsn
211,단체 채팅방에서 누군가를 흉보는 대화가 이어졌지만 개인적으로 아는 사람이라 분위기를 깨지 않기 위해 무엇을 해야 할지 고민했다.,634,타인에게 험담의 대상이 되지 않도록 평소 자신의 언행과 대인관계를 원만하게 관리하는 것이 좋다.,agency,1,"그렇다, 좋다.",좋다,1,,0,crd
s-402,"중2 고민남을 형제복지원에 가둔 계모, 지옥 같은 6년을 보냈어요...",f-368,어머니는 자식을 바르게 돌볼 의무가 있다.,agency,1,"그렇다, 의무가 있다.",의무가 있다,1,,0,kbsn
s-300,"전처, 전 남편의 죽음으로 아이 다섯 키우는 부부",f-253,형제자매는 서로를 존중해야 한다.,agency,1,"그렇다, 그래야 한다.",그래야 한다,1,,0,kbsn
149,"회사 입사 후, 전임자가 제대로 정리한 파일이 없어서 업무를 하는데 계속 힘들었다.",448,업무를 원활히 수행하기 위해 적극적으로 소통하는 것이 바람직하다.,agency,1,"그렇다, 바람직하다.",바람직하다,1,,0,crd
386,시아버지가 아이에게 준 용돈을 남편에게 받았다고 말하지 않고 내가 몰래 써버렸다.,1160,가족 내에서 발생하는 경제적 변화나 중요한 사실에 대해 배우자와 투명하게 공유하고 소통할 것을 요청할 수 있다.,agency,1,"그렇다, 그럴 수 있다.",그럴 수 있다,1,,0,crd
463,얼마 전 집에서 자녀와 통화 중 힘든 일을 이야기 했지만 공감 해주지 않아 당혹스러웠다.,1390,본인의 상황이 모두 공감 받을 수 있다고 생각하는 것은 좋지 않다.,agency,1,"그렇다, 좋지 않다.",좋지 않다,1,,0,crd
s-258,이혼 후에도 부부관계를 요구하는 전 남편 때문에 아이가 세 명이에요,f-217,"아이들의 출생 배경과 무관하게 보호자와 사회는 아이가 정서적, 신체적으로 건강하게 성장하도록 필요한 지원을 제공해야 한다.",agency,1,"그렇다, 그래야 한다.",그래야 한다,1,,0,kbsn
589,"버스에서 앞 자리 할머니가 가방을 두고 내렸는데, 못본척 했다.",1768,공공장소에서 개인의 편의보다 질서와 타인을 고려해 행동하는 것은 필요하지 않다.,agency,-1,"아니다, 필요하다.",필요하다,1,,0,crd
695,친구들과 단톡방에서 대화 중 한 친구가 말끝마다 꼬투리잡으면서 시비 걸어서 불쾌하고 기분나빠져서 단톡방을 나왔다,2085,단톡방에서는 서로를 배려하면서 대화를 하는 것이 바람직하다.,agency,1,"그렇다, 바람직하다.",바람직하다,1,,0,crd
s-529,엄마와 언니 때문에 다이어트를 자꾸 실패해요! 다이어트하고 싶은데 어떻게 해야 하죠?,f-448,딸의 목적을 방해하는 것은 괜찮다. ,agency,-1,"아니다, 옳지 않다.",옳지 않다,1,,0,kbsn
s-1437,변호사 시험을 앞두고 자꾸 남과 비교하게 되는 로스쿨생,f-801,시험을 앞두었을 때에는 스스로 스트레스 관리를 하는 것이 중요하다.,agency,1,"그렇다, 중요하다.",중요하다,1,,0,kbsn
s-2140,임신한 아내를 두고 집 나간 남편이 보내온 이혼 서류장🤯,f-1310,남편은 가정과 배우자에게 최선을 다해야 한다.,agency,1,"그렇다, 그래야 한다.",그래야 한다,1,,0,kbsn
438,오늘 일이 있어서 나가려는데 엄마가 갑자기 연락도 없이 오셔서 당황했다.,1314,자녀의 집에 방문할 때에는 사전에 연락을 해야한다.,agency,1,"그렇다, 그래야 한다.",그래야 한다,1,,0,crd
s-265,집에 있는 돌반지 등 귀중품을 훔친 절친 아내의 충격적인 행동들,f-227,가족 구성원이 큰 잘못을 저질렀을 때 함께 피해자에게 사과하지 않아도 된다.,agency,-1,"아니다, 해야 한다.",해야 한다,1,,0,kbsn
317,"직장 동료가 급한 일이 생겼다고 당직을 바꿔달라고 했지만, 피곤해 가족 모임이 있다고 거짓말을 했다.",951,편의를 위해 거짓 사유를 들어 협업 요청을 회피하는 행동은 나쁘다.,agency,1,"그렇다, 나쁘다.",나쁘다,1,,0,crd
254,동네 마트에서 계산대 줄에 내가 서 있었는데 나이든 아주머니가 내 앞으로 장바구니를 쑥 들이밀면서 내가 급해서 먼저 할게라고 반말을 하며 새치기해서 내가 따졌더니 언쟁이 생겼다.,763,다수가 이용하는 공공시설에서 자신의 순서를 지키며 정해진 질서에 따라 줄을 서는 것이 바람직하다.,agency,1,"그렇다, 바람직하다.",바람직하다,1,,0,crd
s-895,부부가 가져온 또다른 고민! 재혼 가정에서 어린 딸과 잘 지낼 수 있을까요?,f-556,재혼 한 가정을 편견으로 바라봐선 안된다,agency,1,"그렇다, 그래서는 안된다.",그래서는 안된다,1,,0,kbsn
449,오랜만에 친구와 만나서 대화를 하는데 친구가 계속 핸드폰만 봐서 짜증이 났다,1348,오랜만에 만난 친구 앞에서 핸드폰만 보는 것은 예의에 어긋난다.,agency,1,"그렇다, 예의에 어긋난다.",예의에 어긋난다,1,,0,crd
s-1325,아내의 전남친이 어떻게든 번호를 찾아내는 이유는?,f-737,"헤어진 연인이 집착할 경우, 문제를 회피하기보다는 불편한 마음을 전하고 상대방에 대한 거절의 의사를 단호히 밝히는 것은 바람직하지 않다.",agency,-1,"아니다, 밝혀야 한다.",밝혀야 한다,1,,0,kbsn
689,옆집 사람이 아파트 비상구 계단 입구에 개인 적재물을 쌓아 두어 불쾌했다.,2067,타인이 잘못된 행동을 했을 때 알려주는 것은 바람직하지 않다.,agency,-1,"아니다, 바람직하다.",바람직하다,1,,0,crd
339,"가족 모임에서 결혼 계획을 묻기에 아직 생각이 없다고 했더니, “여자가 너무 고르면 문제야”라는 말을 들어 당혹스러웠다.",2433,가족들이 관심을 가질 만한 주제라고 해서 구체적으로 대답할 필요 없다.,agency,1,"그렇다, 필요 없다.",필요 없다,1,,1,crd_2nd
152,"회사 후임자가 업무 관련해서 알려 달라고 했는데, 말귀를 잘 못알아먹고 귀찮아서 대충 알려줬다.",456,직장에서 후임에게 업무를 알려줄 때 성의 있는 태도로 임할 필요는 없다.,agency,-1,"아니다, 성의있게 임해야 한다 .",성의있게 임해야 한다 ,1,,0,crd
97,쇼핑을 많이 하는 나에게 친구가 돈을 모으지 못하는 이유가 쇼핑 중독이라는 말에 불편하고 화가 났다.,292,다른 사람의 조언을 받아들이지 못하고 무조건 화를 내는 것은 바람직한 행동이다.,agency,-1,"아니다, 바람지하지 못하다.",바람지하지 못하다,1,,0,crd
676,회의 중 내가 발표할 때 동료가 내 경상도 사투리를 따라하며 주변 사람들의 웃음을 유도했다.,2030,회의 중 타인을 조롱하는 행동에 웃음으로 동조하는 것은 좋은 행동이다.,agency,-1,"아니다, 좋지 않다.",좋지 않다,1,,0,crd
188,"중학교 때 교실에서 나는 떠들지 않고 가만히 있었는데도 주변 친구들이 떠든 상황에서 나만 불려가 혼이 나, 억울한 마음에 선생님께 사실을 설명하며 항의했던 경험이 있다.",564,선생님 앞에서 정중한 언어를 사용하지 않아도 된다.,agency,-1,"아니다, 해야 한다.",해야 한다,1,,0,crd
s-1573,"러시아 여친과의 결혼을 반대하시는 부모님, 설득 시킬 수 있을까요 ᅲᅲ",f-873,아들의 행복을 빌어주며 결혼을 허락하는 것이 좋다.,agency,1,"그렇다, 좋다.",좋다,1,,0,kbsn
397,"지하철에 사람이 많아 앞에 앉아계신 분이 현재 위치를 파악하기 어려웠고, 결국 그 분이 중얼거리던 내려야 할 곳에서 내리지 못했는데 낯가림 때문에 이를 알려주지 못하였다.",1191,도움이 필요한 경우 명확하게 표현하는 것이 바람직하다,agency,1,"그렇다, 바람직하다.",바람직하다,1,,0,crd
654,"아파트 주변에서 담배를 피우고 있는 청소년들을 보고 충고를 해야 할지, 그냥 지나가야 할지 고심이 되었다.",1962,청소년들이 담배를 피우는 것은 적절치 않다.,agency,1,"그렇다, 적절치 않다.",적절치 않다,1,,0,crd
49,기차에서 큰 소리로 통화하는 승객이 있어서 자제할 것을 요청했으나 무시하고 계속 통화해서 당황스러웠다,148,타인의 요청을 무시한 채 소음을 계속 유발하는 것은 옳은 행동이다.,agency,-1,"아니다, 옳지 않다.",옳지 않다,1,,0,crd
231,"얼마전 회사동료가 결혼을 했는데, 축의금으로 5만원을 냈는데 적은거 같아 마음이 걸린다.",695,축하를 받는 입장에서 금액보다 참석과 마음의 의미를 존중하는 태도는 바람직하지 않다.,agency,-1,"아니다, 바람직하다.",바람직하다,1,,0,crd
s-1562,"뇌출혈로 눈물을 잃은 남자, 아내와의 이혼 얘기에 ′키득키득′",f-862,이혼과 같은 심각한 문제에는 웃지 않으려 노력하는 것이 좋다.,agency,1,"그렇다, 좋다.",좋다,1,,0,kbsn
s-2044,남친이 학원 강사와 몰래 연락해서 상처받았던 썰😭,f-1206,연애를 할 때 상대방에게 상처 주는 행위를 해도 된다.,agency,-1,"아니다, 옳지 않다.",옳지 않다,1,,0,kbsn
160,"친구에게 중요한 카톡을 급하게 보냈는데, 확인하지도 않고 5시간 이상 읽씹당했다. 자기가 필요할때만 찾는 것 같아 짜증이 났다.",481,다른 사람의 연락에 대해서 간단히라도 답장을 하는 것이 좋다.,agency,1,"그렇다, 좋다.",좋다,1,,0,crd
602,아버지와 원래 떨어져 지내는데 사이는 그리 좋지 않았다. 그러다가 갑자기 위독하시다는 연락이 왔는데 모른 척하고 가지 않았다.,1806,부모가 아프다는 말을 들었더라도 관계가 소원하면 찾아뵐 필요 없다.,agency,-1,"아니다, 찾아뵈는 것이 바람직하다.",찾아뵈는 것이 바람직하다,1,,0,crd
724,식당에서 뉴스를 보다 특정 정치인이 별로다 했더니 옆에 모르는 아저씨가 나를 보고 욕을 해서 당혹스러웠다.,2174,정치인은 사회와 국민을 위해 행동해야 한다.,agency,1,"그렇다, 그래야 한다.",그래야 한다,1,,0,crd
s-1613,"3달 동거하며 천만 원을 잃은 대학생, 전 여친은 잠수 中",f-906,경찰은 천 만원을 잃은 대학생의 돈을 되찾을 수 있게 도와주지 않아도 된다.,agency,-1,"아니다, 도와줘야 한다.",도와줘야 한다,1,,0,kbsn
126,"같은 날 응시한 식품기사 필기시험에 동기가 떨어져서 속상함을 토로할때, 나는 필기시험에 합격한 것을 말하지 않았다.",378,시험 결과로 인해 속상해 하는 주변 사람 앞에서 자신의 합격 사실을 직접적으로 언급하지 않는 것은 바람직하지 않다.,agency,-1,"아니다, 바람직하다.",바람직하다,1,,0,crd
302,버스 정류장 옆에 쓰레기가 쌓여 있는데 내가 가진 쓰레기도 버려도 되는지 아니면 스스로 처리해야 하는지 판단하기 어려웠다.,908,나의 쓰레기를 쓰레기통이 있는 곳까지 소지하고 있는 것은 적절하지 않다.,agency,-1,"아니다, 적절하다.",적절하다,1,,0,crd
s-1567,"깊어져가는 자매간 갈등의 골, 동생과 절연해야 할까요?",f-870,자매 간의 갈등이 심하면 부모님이 나서서 화해를 시키는 것이 좋다.,agency,1,"그렇다, 좋다.",좋다,1,,0,kbsn
222,할머니께서 도움을 요청하시는데 납치범죄가 의심되어 도와드리지 않았다.,667,명확한 근거 없이 타인을 의심하는 것은 바람직하지 않다.,agency,1,"그렇다, 바람직하지 않다.",바람직하지 않다,1,,0,crd
497,붕어빵을 사고 집으로 돌아오는 길에 붕어빵 하나가 더 들어있었는데 서비스인지 실수인지 모르겠으나 괜히 일 키우기 싫어 모른척 했다.,1493,물건을 판매 하면서 서비스를 제공하면 생색을 내야 한다.,agency,-1,"아니다, 그럴 필요는 없다.",그럴 필요는 없다,1,,0,crd
s-1573,"러시아 여친과의 결혼을 반대하시는 부모님, 설득 시킬 수 있을까요 ᅲᅲ",f-875,화자의 모국어인 한국어를 배우는 것이 좋다.,agency,1,"그렇다, 좋다.",좋다,1,,0,kbsn
251,삼촌이 취업을 아직도 못했냐고 물어봐서 기분이 나빴다.,753,가까운 어른이 내가 처한 상황에 관심을 가져 주는 것은 당연하니 상황을 잘 설명하고 앞으로의 방향을 말씀드리는 것은 좋지 않은 태도이다.,agency,-1,"아니다, 좋은 태도이다.",좋은 태도이다,1,,0,crd
478,친척이 나의 직업을 비하하는 발언을 해서 불쾌하고 당황스러웠다.,1436,타인의 직업을 비하하는 행동은 좋은 행동이다.,agency,-1,"아니다, 좋지 않다.",좋지 않다,1,,0,crd
s-442,부모님이 사기꾼에게 당해 집이 빚더미에 앉아 망가졌어요,f-395,억울하게 생긴 빚을 해결하기 위한 행동을 할 수 있다.,agency,1,"그렇다, 그럴 수 있다.",그럴 수 있다,1,,0,kbsn
s-2060,억대 빚을 남기고 떠난 새어머니♨️ 아버지가 걱정됩니다...,f-1215,빚을 지고 도망간 배우자에 대해 법적 책임을 물을 수 없다.,agency,-1,"아니다, 물을 수 있다 .",물을 수 있다 ,1,,0,kbsn
620,동네 식당에서 음식이 늦게 나와 문의했더니 직원이 바쁜데 왜 재촉하냐며 날카롭게 반응했다.,1861,식당이 바쁜 상황이면 손님의 문의에 대해서는 친절하게 답변하지 않아도 된다.,agency,-1,"아니다, 해야 한다.",해야 한다,1,,0,crd
s-1686,매일 싸우는 10살 차이 커플! 그래도 오빠 없인 못 살아요💕🍯,f-999,나이가 많으면 그것을 권력으로 이용해도 된다.,agency,-1,"아니다, 그러면 안 된다.",그러면 안 된다,1,,0,kbsn
s-1652,오빠가 이혼하며 조카 셋을 혼자 키우고 있는 고모,f-958,친아버지에게 보상을 받아내도 된다.,agency,1,"그렇다, 그래도 된다.",그래도 된다,1,,0,kbsn
183,식당에서 식사를 마친 뒤 계산하면서 영수증에 내가 먹은 메뉴 하나가 빠진 것을 발견해 말할지 말지 고민하다가 결국 솔직하게 직원에게 이야기했다,550,식당에서 영수증을 발행할 때 누락 여부를 확인할 필요는 없다.,agency,-1,"아니다, 필요가 있다.",필요가 있다,1,,0,crd
115,회사 단체 대화방에서 역시 야근 요정은 따로 있다고 농담삼아 한 말에 동료한테 야근하는 사람은 따로 있냐고 핀잔을 들어 당황했다.,347,회사 단체 대화방에서는 서로 존중하는 단어와 문장을 선택하여 사용하는 것이 좋다.,agency,1,"그렇다, 좋다.",좋다,1,,0,crd
196,"화장실 청소를 위해 배려 차원에서 기다렸지만, 상사가 안에 있는 사람에게 대신 말한 뒤 왜 미리 말안하냐고 원망해서 난처했다.",589,오해 받은 일에 대해서는 차분히 설명하는 것이 바람직하다.,agency,1,"그렇다, 바람직하다.",바람직하다,1,,0,crd
s-435,청년 사기꾼에게 사기 가스라이팅 당한 부모님,f-385,가스라이팅을 당하는 가족에게 사기꾼이 접근하지 않도록 할 필요는 없다.,agency,-1,"아니다, 않도록 해야 한다 .",않도록 해야 한다 ,1,,0,kbsn
28,나는 바쁜 출근길에 도움을 요청하는 낯선 할머니를 도와드려야 할지 고민했다.,84,낯선 사람을 경계하는 것은 바람직하지 않다.,agency,-1,"아니다, 바람직하다.",바람직하다,1,,0,crd
204,부모님 생신 선물을 준비하는 과정에서 당장은 돈이 없다며 조금만 보태려는 동생과 다퉜다.,612,나이가 많은 사람은 이해심을 보일 필요 없다.,agency,-1,"아니다, 보여야 한다.",보여야 한다,1,,0,crd
483,"지각한 동료를 대신해 출석 체크를 해주었는데, 이렇게 행동한 것이 옳았는지 마음에 걸렸다.",1450,지각이 예상될 경우 타인에게 규칙을 대신 어기게 하기보다 스스로 책임을 지는 태도는 바람직하지 않다.,agency,-1,"아니다, 바람직하다.",바람직하다,1,,0,crd
s-1743,여자친구가 딩크를 결심한 이유를 듣고 운 남자친구,f-1053,슬플 때는 마음대로 울어도 된다.,agency,1,"그렇다, 그래도 된다.",그래도 된다,1,,0,kbsn
603,"회사에서 분명한 과실이라고 보기 힘든 상황이었는데도 반복해서 비난을 받아, 이를 받아들이는 것이 옳은지 문제를 제기하는 것이 옳은지 고민하게 되었다.",1809,회사 내 문제는 혼자 판단하지 않고 함께 고민해보아야 한다,agency,1,"그렇다, 그래야 한다.",그래야 한다,1,,0,crd
s-1596,역대급 ′남의 편′ 남편과 대놓고 막말하는 시댁 식구들😨,f-898,막말하는 것은 옳다.,agency,-1,"아니다, 옳지 않다.",옳지 않다,1,,0,kbsn
s-25,폭언부터 교수님의 성형 제안까지... 사연자가 성형에 빠지게 된 이유,k-13,아무리 스승의 말이어도 무조건 따라서는 안 된다.,agency,1,"그렇다, 안 된다..",안 된다.,1,,1,kbsn_2nd
387,임신을 위해 시험관 시술을 시도했지만 매번 실패하고 있는 친구에게 내 아이에 대한 이야기를 하면 상처가 될까봐 말하지 않았다.,1161,주변 사람의 기쁜 소식에 대해 축하하는 반응을 보이는 태도가 바람직하다.,agency,1,"그렇다, 바람직하다.",바람직하다,1,,0,crd
784,놀이터에서 우리아이보다 큰 아이가 장난을 치며 뛰어가다 우리 아이를 밀어서 넘어지게 하고는 사과도 하지 않고 도망가버려 화가 났다.,2352,아이가 다친 상황에서 흥분하지 않고 어른으로서 상황을 먼저 살피고 침착하게 대응하는 것은 바람직하지 않다.,agency,-1,"아니다, 바람직하다.",바람직하다,1,,0,crd
s-342,아버지 친구 믿고 4억 원 투자한 남동생,f-287,투자를 함부로 하는 것은 옳지 않다.,agency,1,"그렇다, 옳지 않다.",옳지 않다,1,,0,kbsn
147,길에서 넘어져서 피가 나는 아이를 봤지만 버스 시간이 다 되어 무시하고 지나쳤다.,443,주변 사람은 다친 아이를 발견하면 상황을 방치하지 말고 안전을 확보한 뒤 필요한 범위에서 도움을 제공하는 것이 바람직하다.,agency,1,"그렇다, 바람직하다.",바람직하다,1,,0,crd
s-2096,내 20년 지기 친구와 환승 이별한 전 여자친구,f-1251,오래된 친구에게 배신감을 주는 행위는 정당화 될 수 없다.,agency,1,"그렇다, 정당화 될 수 없다.",정당화 될 수 없다,1,,0,kbsn
505,교회에 다니는 동갑내기 친구가 돈을 빌려달라고 문자를 보내고 전화를 걸었는데 뭐라고 해야할 지 몰라서 받지 않았다,1515,지인에게 금전적인 부탁을 할 때 상대방의 부담을 고려할 필요는 없다.,agency,-1,"아니다, 하는 것이 바람직하다.",하는 것이 바람직하다,1,,0,crd
s-1079,연애 11년 + 결혼 6년 차 부부! 시도 때도 없이 스킨십 하려는 남편 때문에 미치겠어요🤣,f-637,스킨십이 합의가 있을 때만 이루어지는 것은 바람직하지 않다.,agency,-1,"아니다, 바람직하다.",바람직하다,1,,0,kbsn
s-203,시부모님 모시자고 아내에게 통보한 남편,f-92,시부모님을 모시는 것은 의무가 아니다.,agency,1,"그렇다, 의무가 아니다.",의무가 아니다,1,,0,kbsn
569,어버이날 부모님을 보러 방문해야했는데 직장인이라 바쁘다는 핑계로 가지않았다.,1707,기념일에 부모님을 직접 찾아 뵙는 것은 바람직하지 않다.,agency,-1,"아니다, 바람직하다.",바람직하다,1,,0,crd
s-1676,디자이너를 꿈꾸는 치과의사🦷 워킹맘,f-982,누구든지 아이를 양육하는 사람은 마땅한 존경을 받아야 한다.,agency,1,"그렇다, 그래야 한다.",그래야 한다,1,,0,kbsn
336,"친구가 연인과의 갈등으로 힘들어하길래 솔직한 조언을 해줘야 한다고 생각했지만, 상처받을까 봐 그냥 맞장구만 쳤다.",1010,연인 사이의 갈등은 언제나 발생할 수 있지만 서로 대화로 해결해야 한다.,agency,1,"그렇다, 그래야 한다.",그래야 한다,1,,0,crd
551,업무중 일이 잘못되었는데 내가 지시한 일이아니였는데도 내가 책임을 졌다.,1655,업무상 잘못에 대한 책임을 실제로 지시하거나 행동한 사람이 지는 것은 바람직하지 않다.,agency,-1,"아니다, 바람직하다.",바람직하다,1,,0,crd
s-2075,아버지 몰래 대학 등록금까지 가져갔던 새어머니와 형제간의 사이,f-1233,자녀의 학업 자금을 동의 없이 가져가는 행위는 옳은 행동이다.,agency,-1,"아니다, 옳지 않다.",옳지 않다,1,,0,kbsn
625,아이 학교 학부모 단톡방에서 한 보호자가 특정 교사를 공개적으로 비난해 의견 충돌이 벌어졌다.,1877,단체 채팅방의 본래 목적에 어긋나는 개인 간의 비난이나 갈등에 동조하지 않는 것이 적절하다.,agency,1,"그렇다, 적절하다.",적절하다,1,,0,crd
39,"친구의 앞니에 틴트가 잔뜩 묻어있지만, 혹시 민망해할까봐 그녀가 자연스럽게 깨달을 때까지 따로 이야기해주지 않았다.",119,친구의 배려를 깨달았을 때에 고마움을 표현하는 것은 좋지 않다.,agency,-1,"아니다, 좋다.",좋다,1,,0,crd
s-888,"남친의 '전 여친' 언급 이후, 심해진 내 집착에 이별 통보한 남친...😭",f-543,"남친의 전여친에 대한 이야기를 들었을 때, 가볍게 넘길 여유를 가져야 하는 것은 아니다.",agency,-1,"아니다, 가져야 한다.",가져야 한다,1,,0,kbsn
523,조별과제 역할 분담을 할 때 한 친구가 계속 자기 의견만 고집해 다른 조원들과 말다툼이 생겼다.,1570,"여러 사람과의 역할 분담이 필요한 경우, 자기 의견만 고집하는 것은 옳지 않다.",agency,1,"그렇다, 옳지 않다.",옳지 않다,1,,0,crd
367,강아지를 산책시키는데 옆에서 누가 강아지 욕을 해대서 싸웠다.,1103,공공장소에서 발생하는 갈등은 감정적인 언행보다 상호 존중과 절제된 태도로 해결하려는 노력이 적절하다.,agency,1,"그렇다, 적절하다.",적절하다,1,,0,crd
560,편의점에서 계산대 앞 줄이 길어졌는데 앞사람이 쿠폰을 한참 찾는 걸 보며 재촉해야 할지 기다려야 할지 판단이 어려웠다.,1681,"공공장소에서 줄을 설 때는 새치기, 떠밀기 등으로 행렬의 질서를 어지럽히면 안 된다.",agency,1,"그렇다, 그러면 안 된다.",그러면 안 된다,1,,0,crd
s-285,누나 남사친에게 당한 4억 사기로 밤낮 없이 일하는 남자,f-196,자신이 저지른 범죄 행위에 대해 회피하고 마땅한 법적 처벌을 받지 않아도 된다.,agency,-1,"아니다, 받아야 한다 .",받아야 한다 ,1,,0,kbsn
184,"길가에 주차된 차 위에 놓여 있던 물건을 발견하고 그냥 두고 갈지 경찰서에 맡길지 고민하다가, 결국 분실물일 수 있다고 생각해 경찰서에 가져다줬다",553,분실물을 접수한 기관은 물건의 주인을 찾기 위해 노력하지 않아도 된다.,agency,-1,"아니다, 노력해야 한다 .",노력해야 한다 ,1,,0,crd
83,회식 자리에서 술을 마시지 않겠다고 했는데 동료가 계속 권해 불편함을 느꼈다.,250,"상대방이 명확하게 거절의 의사를 밝혔을 때, 그 의사를 존중하지 않아도 된다.",agency,-1,"아니다, 해야 한다.",해야 한다,1,,0,crd
31,나는 식당에서 서빙하는 직원의 불친절한 태도 때문에 언성을 높였다.,94,공개적인 장소에서 상대에게 고성을 지르는 것은 좋지 않다.,agency,1,"그렇다, 좋지 않다.",좋지 않다,1,,0,crd
620,동네 식당에서 음식이 늦게 나와 문의했더니 직원이 바쁜데 왜 재촉하냐며 날카롭게 반응했다.,1860,주문한 음식이 지나치게 오래걸릴 경우에는 직원에게 현재 상황을 문의할 수 있다,agency,1,"그렇다, 그럴 수 있다.",그럴 수 있다,1,,0,crd
153,나의 자녀가 주머니에서 손을 꺼내다가 주머니 속에 있던 쓰레기가 떨어지는 걸 내가 봤지만 그냥 지나쳤다.,460,자녀가 쓰레기를 떨어뜨리면 주의를 주지 않아도 된다.,agency,-1,"아니다, 주의를 줘야 한다 .",주의를 줘야 한다 ,1,,0,crd
258,만원 지하철에서 가만히 있었는데도 지하철 움직임이나 타인의 움직임에 흔들렸더니 앞에사람이 밀지말라고 두번이나 짜증냈습니다.,776,만원 지하철이라는 상황에서는 혼잡성을 고려해서 서로 앙보하는 것이 좋다.,agency,1,"그렇다, 좋다.",좋다,1,,0,crd
s-888,"남친의 '전 여친' 언급 이후, 심해진 내 집착에 이별 통보한 남친...😭",f-543,"남친의 전여친에 대한 이야기를 들었을 때, 가볍게 넘길 여유를 가져야 한다",agency,1,"그렇다, 그래야 한다.",그래야 한다,1,,0,kbsn
79,축구 경기를 보고 집에 돌아가는 길에 시간이 빠듯하여 경기장 자리에 쓰레기를 놓고 온 적이 있다.,239,경기장 시설을 사용한 후에는 자신의 자리를 깨끗하게 정리하는 것은 옳지 않다.,agency,-1,"아니다, 옳다 .",옳다 ,1,,0,crd
549,"공원 산책 중 목줄을 하지 않은 개가 갑자기 달려들어 깜짝 놀랐는데, 견주가 사과는커녕 오히려 “우리 개는 안 물어요”라며 적반하장으로 화를 내서 당황스러웠다.",1647,안전과 관련된 갈등이 생길 경우 주변 질서를 고려해 침착하게 대응하려는 태도는 필요하지 않다.,agency,-1,"아니다, 필요하다.",필요하다,1,,0,crd
7,3년전 새로 들어온 팀장이 15년넘게 회사에 있던 나에게 너는 일을 이렇게 할거면 스스로 퇴사하는게 회사를 도와주는거라고 퇴사하라는 막말을 들었다.,23,"부하 직원에게 피드백 할 때, 구체적인 행동에 대한 피드백을 주는 것은 좋지 않다.",agency,-1,"아니다, 좋다.",좋다,1,,0,crd
207,"집에서 미리 샤워를 하고 수영장에 바로 들어가려 했지만, 사람들이 입장 전 다시 샤워를 해야 한다며 막아서는 바람에 불쾌함을 느꼈다.",621,수영장과 같은 공공 체육 시설을 이용할 때는 수질 관리를 위해 입장 직전 해당 시설에서 샤워를 마친 후 들어갈 필요는 없다.,agency,-1,"아니다, 마치고 들어가야 한다 .",마치고 들어가야 한다 ,1,,0,crd
129,토익 시험을 과 동기랑 같은 날에 치른 걸 알았는데 리딩 파트가 어렵다고 하소연하는 것에 이번 리딩은 정말로 다 풀고 시간이 남을 정도로 쉬운 난이도라고 차마 말하지 못했다.,388,시험 난이도에 대한 의견을 나눌 때는 개인차가 있음을 인식하는 것이 좋다.,agency,1,"그렇다, 좋다.",좋다,1,,0,crd
s-1645,딸이 구급차에 실려가는데 동네 창피하니까 사이렌 끄라는 엄마😧,f-948,구급차가 사이렌을 울릴 때 꼭 비켜 줄 필요는 없다.,agency,-1,"아니다, 그래야 한다.",그래야 한다,1,,0,kbsn
763,"약속 시간마다 늦게 나타나는 친구에게 한마디 했더니, 오히려 내가 예민한 사람인 것처럼 몰아가 불쾌했다.",2291,관계 유지를 위해 서로의 약속에 대한 기준을 조율하려는 노력이 필요하다.,agency,1,"그렇다, 필요하다.",필요하다,1,,0,crd
18,"퇴근 후 집 근처 편의점 앞에서 술에 취해 보이는 중년 남성이 도움을 요청했지만, 혼자 사는 미혼 여성이라 무서워서 그냥 지나쳤다.",56,타인에게 도움을 요청할 때에는 주의가 필요하다.,agency,1,"그렇다, 필요하다.",필요하다,1,,0,crd
68,스타일 변신을 위해 머리를 기르고 있었는데 주변에서 남자는 머리 기르는거 아니라고 해서 어처구니가 없었다.,204,다른 사람이 머리 스타일을 선택할 자유를 존중하는 것은 좋지 않다.,agency,-1,"아니다, 좋다.",좋다,1,,0,crd
619,가족 식사 자리에서 친척이 내 연봉을 구체적으로 묻고 비교하는 말을 해 불편한 분위기가 되었다.,1857,사적인 자리에서 개인의 수입을 구체적으로 묻지 않는 것이 좋다.,agency,1,"그렇다, 좋다.",좋다,1,,0,crd
s-1729,아들에게 미안한 마음에 손주라도 제대로 키우고 싶은 할머니..,f-1035,어머니를 원망하더라도 아이의 의사를 존중해야 한다.,agency,1,"그렇다, 그래야 한다.",그래야 한다,1,,0,kbsn
236,회사 동료가 함께 일하면서 하기 싫은 일은 눈치를 보며 피하려 한다. 솔선수범은커녕 너무 치사하게 느껴진다. 나 역시 하기 싫지만 참고 하고 있는데 말이다.,709,하기 싫은 업무라도 공동 책임에 해당한다면 구성원이 함께 감당하는 것은 적절하지 않다.,agency,-1,"아니다, 적절하다.",적절하다,1,,0,crd
s-1849,직장을 자주 그만두는 남편 때문에 걱정이 태산인 일본인 아내😭,f-1138,가정의 생계를 책임지는 가장으로서 가족과의 합의를 통해 직장을 선택하는 것이 옳다.,agency,1,"그렇다, 옳다.",옳다,1,,0,kbsn
732,지인이 대형 쇼핑몰에서 사업을 하는데 경쟁관계인 옆가게 사장이 지인의 가게 쇼윈도 밖에서 구경하는 손님들 눈앞으로 일부러 가로질러 가는 행동을 자주해서 힘들었다고 한다.,2196,경쟁 관계에 있는 가게의 영업을 방해하는 행위는 나쁘다.,agency,1,"그렇다, 나쁘다.",나쁘다,1,,0,crd
s-264,사랑하는 아내를 떠나보냈는데 혼자 아이 잘 키울 수 있겠죠...?,f-225,한부모 가정이라고 해서 아이를 잘 키울 수 없다고 판단해서는 안 된다.,agency,1,"그렇다, 그러면 안 된다  .",그러면 안 된다  ,1,,0,kbsn
s-1627,라방이 이어 준 25살 차이 부부💝 둘째 낳자는 27살 아내?😳,f-912,국가에서는 아이를 낳을 때 출산 관련 정책을 한번 고려해보는 것이 좋다.,agency,1,"그렇다, 좋다.",좋다,1,,0,kbsn
254,동네 마트에서 계산대 줄에 내가 서 있었는데 나이든 아주머니가 내 앞으로 장바구니를 쑥 들이밀면서 내가 급해서 먼저 할게라고 반말을 하며 새치기해서 내가 따졌더니 언쟁이 생겼다.,763,다수가 이용하는 공공시설에서 자신의 순서를 지키며 정해진 질서에 따라 줄을 서는 것은 바람직하지 않다.,agency,-1,"아니다, 바람직하다.",바람직하다,1,,0,crd
582,"23평에서 33평으로 넓혀서 이사를 왔는데 시어머니, 집이 아담하다고 좋다고 하셔 기분이 썩 좋지 않았다.",1746,다른 사람이 나와 다른 생각을 할 수 있다고 이해하는 것은 좋지 않다.,agency,-1,"아니다, 좋다.",좋다,1,,0,crd
579,아파트 관리사무소에 민원을 넣는 과정에서 직원이 설명을 끊고 규정만 반복해 말해 난처하고 불쾌했다.,1737,상대방의 설명을 중간에 끊고 말해선 안된다,agency,1,"그렇다, 그래서는 안 된다.",그래서는 안 된다,1,,0,crd
548,오랜만에 모인 명절 식사 자리에서 친척들이 나의 취업 준비 상황을 사촌과 비교하며 ‘눈이 너무 높은 것 아니냐’는 식의 간섭을 해서 큰 상처를 받았다.,1645,공개적인 자리에서 자신과 비교 대상이 되는 상황에서 불필요한 평가에 관여하지 않고 중립적인 태도를 유지하는 것은 적절하지 않다.,agency,-1,"아니다, 적절하다.",적절하다,1,,0,crd
132,"대학 교양수업 조별과제 중, 팀원 하나가 조별 단톡방에서 자기 전공 때문에 조별과제 참석을 못하겠다고 당당히 말하길래 잔뜩 화난 채로 그 사람이랑 단톡방에서 싸웠다.",396,팀원 한 사람이 문제가 있다고 하더라도 모든 사람이 보고 있는 단톡방에서 불만을 제기하고 싸우는 일은 자제해야 한다.,agency,1,"그렇다, 그래야 한다.",그래야 한다,1,,0,crd
497,붕어빵을 사고 집으로 돌아오는 길에 붕어빵 하나가 더 들어있었는데 서비스인지 실수인지 모르겠으나 괜히 일 키우기 싫어 모른척 했다.,1492,판매자가 할 수 있는 계산 실수를 구매자가 모른 척 하는 것은 옳지 않다.,agency,1,"그렇다, 옳지 않다.",옳지 않다,1,,0,crd
62,"동료가 고성과에도 불구하고 성과급을 받지 못해, 내가 성과급 받은 사실은 얘기하지 않았다.",188,동료가 부당한 처우를 받았을 때 자신의 이익을 드러내지 않는 것이 좋다.,agency,1,"그렇다, 좋다.",좋다,1,,0,crd
604,얼마 전 아는 지인이 자기 이야기만 하고 나의 진지한 이야기는 듣지 않고 카카오톡을 씹어서 기분이 나빴다.,1812,문자 대화 시 상대방이 자기 이야기만 하고 내 이야기는 듣지 않으면 기분 나빠해야 한다.,agency,-1,"아니다, 그럴 필요는 없다.",그럴 필요는 없다,1,,0,crd
338,"친구에게 요즘 일이 힘들다고 털어놨는데, “그 정도는 다 겪는 거야”라는 반응을 들어 서운했다.",1014,친구에게 서운한 일이 있을 때 솔직하게 말하는 것은 옳지 않다.,agency,-1,"아니다, 괜찮다.",괜찮다,1,,0,crd
s-346,"아버지, 언니와 절연한 상태예요. 이대로 지내도 괜찮을까요?",f-300,가족 관계가 좋아지도록 노력해야 한다.,agency,1,"그렇다, 그래야 한다.",그래야 한다,1,,0,kbsn
s-1428,여친과의 데이트 날에도 이중 약속을 잡는 남자친구가 있다..?,f-797,연인과 데이트하는 날에는 연인에게 집중하지 않아도 된다.,agency,-1,"아니다, 집중해야 한다.",집중해야 한다,1,,0,kbsn
s-435,청년 사기꾼에게 사기 가스라이팅 당한 부모님,f-385,가스라이팅을 당하는 가족에게 사기꾼이 접근하지 않도록 행동해야 한다.,agency,1,"그렇다, 그래야 한다.",그래야 한다,1,,0,kbsn
s-564,"외도한 사실을 모두 기록하는 남편, 13년간 초등학교 동창을 만나면서 또 다른 여자를 만나고 있었어요",f-476,외도를 한 배우자와는 빨리 이별하지 않아도 된다.,agency,-1,"아니다, 해야 한다.",해야 한다,1,,0,kbsn
101,상사의 지시에 의문이 들었지만 반박하는 것이 맞는지 따르는 것이 맞는지 고민되었다.,304,상사가 부하직원의 업무 이해도와 의견을 확인하는 것은 중요하다.,agency,1,"그렇다, 중요하다.",중요하다,1,,0,crd
788,얼마 전 대학 선배가 신용카드를 분실했다며 재발급될 동안 내 카드를 대신 좀 쓰자고 하는 걸 못 들은 척 무시했다.,2366,도움을 요청할 경우에는 상대의 거절 가능성을 존중하고 무리한 부탁은 삼가는 것은 바람직하지 않다.,agency,-1,"아니다, 바람직하다.",바람직하다,1,,0,crd
164,지금 직장도 없는 아들이 코인해보겠다고 돈을 빌려달라고 해서 화를 냈다.,493,자녀가 잘못된 선택을 하려고 할 때 부모가 이를 말리고 훈계할 책임은 없다.,agency,-1,"아니다, 책임이 있다.",책임이 있다,1,,0,crd
714,목돈이 있었지만 카드값을 갚아야 한다며 도움을 요청한 언니에게 내 경제 상황도 불안해 돈을 빌려줘야 할지 거절해야 할지 고민했다.,2144,스스로 감당할 수 없을 정도로 소비를 하는 것은 옳지 않다.,agency,1,"그렇다, 옳지 않다.",옳지 않다,1,,0,crd
s-1526,"164cm 남친, 키 작다는 이유로 교제를 반대하는 부모님😓",f-827,연인이 상처받지 않도록 행동해야 한다.,agency,1,"그렇다, 그래야 한다.",그래야 한다,1,,0,kbsn
s-1631,남편의 휴대폰에서 발견한 전처의 흔적...?,f-923,현재 가정에서 잘 생활하고 있는 사람과 연락하지 않는 것이 좋다.,agency,1,"그렇다, 좋다.",좋다,1,,0,kbsn
662,"작년에는 내가 너무 바빠서 연락 자체를 잘 못했는데 친구가 왜 이렇게 연락을 안 하냐고 화냈고, 순간 나도 울컥했었다.",1988,서로 처한 상황과 부담을 생각하며 서로의 기대치를 맞추는 것은 좋지 않다.,agency,-1,"아니다, 좋다.",좋다,1,,0,crd
s-1462,"집순이 아내와 집돌이 아들, 가족 여행을 한 번도 가본 적이 없어요😥",f-804,성장할 때 실외 활동과 실내 활동을 병행하는 것은 좋지 않다.,agency,-1,"아니다, 좋다.",좋다,1,,0,kbsn
s-1073,남자친구를 너무 사랑하는데.. 여자들이 계속 눈에 들어와요👀,f-633,개인의 성적 성향을 이유로 차별하는 행동은 옳지 않다.,agency,1,"그렇다, 옳지 않다.",옳지 않다,1,,0,kbsn
s-120,"만성 신부전증을 앓고 있는 4남매 엄마, 가족들에게 도움이 되고 싶어요",f-36,고생하는 엄마는 타인의 도움을 받지 않아야 한다,agency,-1,"아니다, 그래도 된다.",그래도 된다,1,,0,kbsn
s-1652,오빠가 이혼하며 조카 셋을 혼자 키우고 있는 고모,f-965,가족들이 고모에게 휴식 시간을 주는 것은 좋지 않다.,agency,-1,"아니다, 좋다.",좋다,1,,0,kbsn
s-751,"이혼한 부모님, 한국 결혼식에서 어떻게 모셔야 할까요?ᅮᅮ",k-513,각자의 모국에서 결혼식을 한번씩 할 필요 없다,agency,1,"그렇다, 필요 없다.",필요 없다,1,,1,kbsn_2nd
532,친구들과 함께 걸어가던 중 빨간색 신호등인데도 횡단보도를 건너는 친구들을 말리지 못하고 함께 건넜다.,1598,친구가 잘못된 행동을 하는 경우에는 자신도 함께 그릇된 행동을 해도 된다.,agency,-1,"아니다, 안된다.",안된다,1,,0,crd
5,내 택배를 챙기다가 반려견이 모르는 사람에게 좋다고 짖으며 다가가서 급하게 안고서 사과 했는데 그 사람이 욕을 해서 불쾌했다.,17,"공공장소에서 반려동물을 동반할 경우, 타인에게 위협이나 불편을 주지 않도록 즉각적으로 통제해야 한다.",agency,1,"그렇다, 그래야 한다.",그래야 한다,1,,0,crd
s-877,"이라크 남친은 안된다는 엄마...🙅 ""우리 그냥 사랑하게 해주세요""",f-537,엄마가 싫다는 것을 기다려주는 것은 바람직하지 않다.,agency,-1,"아니다, 바람직하다.",바람직하다,1,,0,kbsn
417,"남자친구의 친구와 내 친구를 소개팅으로 만나게 했는데, 남자친구가 내 친구를 못생겼다고 말해 그 일로 크게 말다툼을 했다.",1252,"지인 간의 관계가 얽힌 상황에서 갈등이 발생할 경우, 중재와 소통에 신중을 가하는 것은 적절하지 않다.",agency,-1,"아니다, 적절하다.",적절하다,1,,0,crd
85,"부서 회의를 하는 데, 모두가 동의를 하는 분위기라서 반대 의견을 말하지 못했다.",257,논의할때 타인의 의견도 수용하는 것이 바람직하다.,agency,1,"그렇다, 바람직하다.",바람직하다,1,,0,crd
s-285,누나 남사친에게 당한 4억 사기로 밤낮 없이 일하는 남자,f-199,경제적 책임을 져야 할 상황에서는 무리하지 않는 범위에서 성실하게 채무를 상환하려는 태도가 필요하다.,agency,1,"그렇다, 필요하다.",필요하다,1,,0,kbsn
609,"추운날 유기견 강아지가 떨면서 계속 나를 찾아왔는데, 키울 여건이 안되어 외면했다.",1829,도움이 필요한 동물을 외면하는 것은 좋지 않다.,agency,1,"그렇다, 좋지 않다.",좋지 않다,1,,0,crd
479,지인이 SNS에 사실보다 과장된 이야기를 올린 것을 봤지만 괜히 상처를 줄까 봐 모른 척한 선택이 맞았는지 고민했다.,1438,사실과 다른 게시물을 봤을 때 공개적인 비난은 피하고 개인적으로 사실을 확인하는 것은 바람직하지 않다.,agency,-1,"아니다, 바람직하다.",바람직하다,1,,0,crd
55,"모임에서 사람들이 사춘기 자녀들로 인해 어려움을 토로하는 자리였는데 나는 자녀로 인해서 크게 어려움이 없었는데도 애들이 다 그렇지 뭐,,,라고 말했다",166,자녀 양육의 어려움을 주변사람에게 털어놓으며 조언을 구하는 행동은 좋은 행동이 아니다.,agency,-1,"아니다, 좋은 행동이다.",좋은 행동이다,1,,0,crd
457,"엄마하고 나하고 이성친구를 사귀는 면에서 생각이 달라 많이 싸웠는데, 좀처럼 의견이 좁혀지지 않아 답이 없었다.",1373,자녀의 선택을 존중하는 것이 좋다.,agency,1,"그렇다, 좋다.",좋다,1,,0,crd
557,"머리가 상해서 숏컷을 했더니, 페미세요?라고 비아냥거려서 당혹스러웠다.",1671,비아냥거리는 말을 듣고 바로 화를 내는 것은 바람직하다.,agency,-1,"아니다, 바람직하지 않다.",바람직하지 않다,1,,0,crd
798,우리 집 현관문 도어록 비밀번호를 알고 있는 시모가 아무 때나 문을 열고 들어오길래 비밀번호를 바꾸고 이 사실을 시모에게 알리지 않았다.,2396,가족 간에도 사생활은 지켜주어야 한다.,agency,1,"그렇다, 그래야 한다.",그래야 한다,1,,0,crd
s-1750,자격지심 가득한 전 남친의 막말 때문에 이별한 쏠녀,f-1064,마음대로 이별을 고해도 된다.,agency,1,"그렇다, 그래도 된다.",그래도 된다,1,,0,kbsn
532,친구들과 함께 걸어가던 중 빨간색 신호등인데도 횡단보도를 건너는 친구들을 말리지 못하고 함께 건넜다.,1596,횡단보도를 건널 때에는 교통법규를 지켜야 한다.,agency,1,"그렇다, 그래야 한다.",그래야 한다,1,,0,crd
590,운전하는데 앞 차의 뒷 타이어가 펑크났는데 알려주지 않았다.,1770,자동차를 운행하기 전에는 타이어 공기압을 체크하는 것이 좋다.,agency,1,"그렇다, 좋다.",좋다,1,,0,crd
208,회의 시간에 동료의 실수를 발견했지만 공개적으로 지적하면 분위기가 나빠질 것 같으면서도 회사에 피해가 일어날 수 있어서 말해야 할지 넘어가야 할지 고민이 들었다.,625,여럿이 모인 회의자리에서 실수했을 때 솔직하게 실수를 인정하고 도움을 구하는 것은 현명하지 않다.,agency,-1,"아니다, 현명하다.",현명하다,1,,0,crd
s-351,불우한 가정 환경 속 믿었던 내 가족과 지인들의 배신,f-311,나를 믿고 있는 사람과의 신뢰를 깨뜨려도 괜찮다. ,agency,-1,"아니다, 좋지 않다.",좋지 않다,1,,0,kbsn
331,버스에서 발을 밟혔는데 아무런 사과를 듣지 못해 불쾌하였다.,993,"타인의 무례하거나 부주의한 행동으로 권리를 침해당했을 때, 이를 명확한 언어로 전달하지 않아도 된다.",agency,-1,"아니다, 해야 한다.",해야 한다,1,,0,crd
s-149,15살 연상 여친과 잘 사귀고 있는데... 사람들 시선 때문에 상처받아요,f-50,주변의 연애에 함부로 참견하는 것은 옳지 않다,agency,1,"그렇다, 옳지 않다.",옳지 않다,1,,0,kbsn
775,다음 날 할 일이 있는데도 잠이 안와서 밤새 유튜브 쇼츠를 봤다.,2326,충분한 휴식을 취하지 못할경우 다음날 미치는 영향에 대해 알고 있어야 한다.,agency,1,"그렇다, 그래야 한다.",그래야 한다,1,,0,crd
215,"친구가 일요일 아침에 자기 아는 사람 집 문을 고치는 걸 도와달라고 했는데, 그냥 쉬고 싶은 마음에 거절해도 될지 난처했다.",647,집 문을 고치는 일 등은 전문가에게 맡기는 것이 좋다.,agency,1,"그렇다, 좋다.",좋다,1,,0,crd
294,학교에서 팀 프로젝트를 진행하던 중 할 일을 제대로 처리하지 않고 나에게 떠넘기려는 동료에게 맡은 분량을 책임지고 기한 내에 완수해달라고 직설적으로 말했다가 서로 감정이 상했었다,882,공동의 목표를 위해 모인 집단에서 각자 부여된 역할에 상응하는 노력을 투입하지 않아도 된다.,agency,-1,"아니다, 해야 한다.",해야 한다,1,,0,crd
150,저녁 약속을 했던 친구가 아프다고 약속을 취소하더니 저녁에 다른 사람과 밥 먹는 걸 보게 되어 기분이 나빴다.,451,약속을 취소하기 전에 미리 연락하는 것이 바람직하다.,agency,1,"그렇다, 바람직하다.",바람직하다,1,,0,crd
312,아이 교육 방법에 대해서 남편과 의견이 달라 다툼을 했다.,936,부부 사이에 의견 차이가 있을 때에는 감정적으로 대응하기보다 상대의 입장을 존중하며 대화를 통해 해결하려는 태도가 필요하다.,agency,1,"그렇다, 필요하다.",필요하다,1,,0,crd
s-756,"여친은 두 달에 한 번, 여사친들은 맨날 보는 남자. ""여친이 이해해줬음 좋겠어요""",f-515,연인 관계에서는 일방적인 이해를 바라도 된다.,agency,-1,"아니다, 안된다.",안된다,1,,0,kbsn
602,아버지와 원래 떨어져 지내는데 사이는 그리 좋지 않았다. 그러다가 갑자기 위독하시다는 연락이 왔는데 모른 척하고 가지 않았다.,1808,자식과 소원해지지 않도록 안부 문자나 전화를 자주 하는 것은 좋지 않다.,agency,-1,"아니다, 좋다.",좋다,1,,0,crd
53,시댁식구들에게 상처를 받았는데 남편에게는 상처를 받지 않은 것처럼 말하거나 그 정도를 줄여서 말했다,161,배우자가 가족 관계에서 겪는 불편이나 상처에 대해 가볍게 넘기지 않고 공감하며 중재하면 안 된다.,agency,-1,"아니다, 중재해야 한다.",중재해야 한다,1,,0,crd
493,"올 여름 휴가 일정을 정하는데, 남편이 우리 부모님 생각은 하지 않고 자신의 부모님만 모시고 여행을 가자고 해서 싸움이 생겼다.",1481,자녀의 가정생활과 관련된 결정에서 다른 가족 구성원과의 형평성을 고려하며 배려하는 것은 바람직하지 않다.,agency,-1,"아니다, 바람직하다.",바람직하다,1,,0,crd
264,"애견카페에서 다른 강아지가 우리 집 강아지를 물어뜯었는데, 주인이 사과 한마디 하지 않아 무척 화가 났다.",794,반려동물 동반 공간에서 다른 사람과 동물의 안전을 위해 각자가 관리 책임을 다하지 않아도 된다.,agency,-1,"아니다, 다해야 한다.",다해야 한다,1,,0,crd
119,동료의 실수를 발견했지만 바로 말하면 관계가 틀어질까봐 망설였고 결국 말해주지 못했다,358,자신의 업무에서 발생한 실수를 스스로 점검하는 것은 바람직하지 않다.,agency,-1,"아니다, 바람직하다.",바람직하다,1,,0,crd
627,친구에게 빌려준 물건을 돌려달라고 했더니 너무 예민하다며 오히려 핀잔을 들어 기분이 상했다.,1881,빌려준 물건을 제때 돌려주지 않는 것은 옳은 행동이다.,agency,-1,"아니다, 옳지 않다.",옳지 않다,1,,0,crd
s-446,"17살 연상 남편과 결혼, 극심한 엄마의 반대",f-400,자신의 마음에 든 상대방과 결혼을 할 수 있다,agency,1,"그렇다, 그럴 수 있다.",그럴 수 있다,1,,0,kbsn
s-258,이혼 후에도 부부관계를 요구하는 전 남편 때문에 아이가 세 명이에요,f-213,전 배우자의 경제적 상황이나 육아 부담을 이용하여 부적절한 관계를 요구하는 행동이 금지되어야 하는 것은 아니다.,agency,-1,"아니다, 금지되어야 한다.",금지되어야 한다,1,,0,kbsn
229,"유명 빵집에서 줄을 서서 기다리는데, 내 뒤로 초등학생과 그 부모님이 줄을 서 있었다. 내가 마지막 빵을 샀고 초등학생이 울기 시작했다. 빵을 하나 줄까 고민했지만 주지 않았다.",687,누군가가 운다고 해서 자신의 정당한 선택을 양보하지 않아도 된다.,agency,1,"그렇다, 그래도 된다.",그래도 된다,1,,0,crd
366,여자친구가 카페에서 알바를 붙잡고 진상짓을 하고 있어서 말리다가 싸웠다.,1098,개인 감정으로 종사자를 붙잡아 과도한 요구를 하는 행동은 나쁜 행동이 아니다.,agency,-1,"아니다, 나쁘다.",나쁘다,1,,0,crd
s-199,"조카 같은 친구 아들, 캐나다에 데려가도 될까요?",k-86,혈육관계가 아닌  아들을 친구에게 맡기는 것은  신중해야 한다.,agency,1,"그렇다, 신중해야 한다..",신중해야 한다.,1,,1,kbsn_2nd
152,"회사 후임자가 업무 관련해서 알려 달라고 했는데, 말귀를 잘 못알아먹고 귀찮아서 대충 알려줬다.",457,회사에서 선배에게 업무를 배울 때 선배의 말에 집중하는 태도를 지니는 것이 좋다.,agency,1,"그렇다, 좋다.",좋다,1,,0,crd
188,"중학교 때 교실에서 나는 떠들지 않고 가만히 있었는데도 주변 친구들이 떠든 상황에서 나만 불려가 혼이 나, 억울한 마음에 선생님께 사실을 설명하며 항의했던 경험이 있다.",564,선생님 앞에서는 정중한 언어를 사용해야 한다.,agency,1,"그렇다, 그래야 한다.",그래야 한다,1,,0,crd
s-1079,연애 11년 + 결혼 6년 차 부부! 시도 때도 없이 스킨십 하려는 남편 때문에 미치겠어요🤣,f-636,친밀함을 이유로 거절을 무시하는 행동은 바람직하지 않다.,agency,1,"그렇다, 바람직하지 않다.",바람직하지 않다,1,,0,kbsn
s-1530,시작한다는 자체에 용기가 나지 않는 남편과 남편이 답답한 아내,f-833,무언가를 시작하기 전 신중하게 접근하는 것이 좋다.,agency,1,"그렇다, 좋다.",좋다,1,,0,kbsn
486,"다이어트 중에 정말 친한 지인이 맛있는 음식을 잔뜩 사 들고 우리 집을 방문했을 때, 성의를 봐서 같이 먹어야 할지 끝까지 거절해야 할지 고민했다.",1458,특별한 상황이 있는 친구의 사정을 이해해야 한다.,agency,1,"그렇다, 그래야 한다.",그래야 한다,1,,0,crd
205,백수 동생이 부모님께 반항하는 모습을 보고 참지 못해 집을 나가 혼자 살라고 소리를 질렀다.,617,자녀를 훈육할 때에는 납득할 수 있도록 이야기를 해야 한다.,agency,1,"그렇다, 그래야 한다.",그래야 한다,1,,0,crd
528,내 몸도 피곤한데 직장 동료가 근무 일정을 바꿔 달라고 할 때 나만 생각 하는 게 맞을지 고민이 된다.,1584,크게 무리가 안 되어도 직장 동료와 근무 일정을 바꿔주는 배려심은 필요하지 않다.,agency,-1,"아니다, 필요하다.",필요하다,1,,0,crd
s-490,‘제 아들이 가수거든요..’ 전 남편이 허위 사실 유포하며 아들의 앞길을 막고 있어요..,f-424,허위 사실을 유포하는 아버지에게 법적인 책임과 처벌을 요구해야 한다.,agency,1,"그렇다, 그래야 한다.",그래야 한다,1,,0,kbsn
s-442,부모님이 사기꾼에게 당해 집이 빚더미에 앉아 망가졌어요,f-395,억울하게 생긴 빚을 해결하기 위한 행동을 하면 안 된다.,agency,-1,"아니다, 할 수 있다.",할 수 있다,1,,0,kbsn
745,아파트 단지에서 떨어진 지갑을 발견했지만 귀찮아서 경비실에 맡기지도 않고 돌아섰다.,2237,타인의 재산과 관련된 경우에는 무관심하게 지나치기보다 최소한의 책임 있는 행동을 고려하는 것이 옳다.,agency,1,"그렇다, 옳다.",옳다,1,,0,crd
630,"힘들다며 술을 마시자고 한 친구를 외면하지 못해, 다음 날 중요한 면접이 있다는 걸 알면서도 밤늦게까지 함께했다. 결국 면접을 망치고 나서야, 내 미래를 더 챙겼어야했는지 후회가 되었다.",1890,중요한 일정이 예정되어 있을 경우 타인의 부탁보다 자신의 책임과 계획을 우선해 판단하는 것이 바람직하다.,agency,1,"그렇다, 바람직하다.",바람직하다,1,,0,crd
592,"식사 자리에서 현 정부의 정책을 칭찬하니, 직장상사가 ""잘 몰라서 하는 소리""라며 깍아내렸다.",1777,직장 내에서는 개인의 정치적 견해를 이유로 부하 직원을 무시하거나 깎아내려서는 안 된다.,agency,1,"그렇다, 그래서는 안 된다.",그래서는 안 된다,1,,0,crd
s-1652,오빠가 이혼하며 조카 셋을 혼자 키우고 있는 고모,f-953,조카 셋을 혼자 키우는 고모에게 존경의 의미를 덧붙이는 것은 좋지 않다.,agency,-1,"아니다, 좋다.",좋다,1,,0,kbsn
s-1526,"164cm 남친, 키 작다는 이유로 교제를 반대하는 부모님😓",f-828,연인의 부모님에게 좋은 모습을 보여주는 것이 좋다.,agency,1,"그렇다, 좋다.",좋다,1,,0,kbsn
154,"업무 중 다른 사람의 업무를 내가 한 번 더 체크할 수 있었는데, 하지 않아서 다른 사람이 혼이 났다.",462,동료의 실수를 예방할수 있는 상황에서도 이를 방관하거나 확인해주지 않은 행동은 바람직하지않다,agency,1,"그렇다, 바람직하지 않다.",바람직하지 않다,1,,0,crd
s-564,"외도한 사실을 모두 기록하는 남편, 13년간 초등학교 동창을 만나면서 또 다른 여자를 만나고 있었어요",f-480,외도를 한 당사자에 대하여 사회적으로 비난해야 한다.,agency,1,"그렇다, 그래야 한다.",그래야 한다,1,,0,kbsn
313,집안일을 하는데 남편이 피곤하다며 소파에만 누워 있어서 싸움이 생겼다.,939,남편도 아내를 도와 집안 일을 함께 집안일을 하는 것이 좋다.,agency,1,"그렇다, 좋다.",좋다,1,,0,crd
278,가족과 저녁식사를 하러가야 하는데 온가족이 먹을 수 있는 식당을 갈지 아이가 좋아하는 음식을 파는 특정 식당을 갈지 고민했다.,836,저녁식사 식당을 고를 때 모두의 의견을 수렴하여 결정하는 것은 좋지 않다.,agency,-1,"아니다, 좋다.",좋다,1,,0,crd
56,부모님께서 내가 힘들다는 상황을 말하면 부모님이 걱정하실 것 같아 힘들다고 사실대로 말을 못했다.,168,자녀는 부모님에게 힘든 일을 털어놓을 수 있다.,agency,1,"그렇다, 그럴 수 있다.",그럴 수 있다,1,,0,crd
240,"생일을 서로 챙기고 싶지 않은데, 친구가 먼저 생일을 챙겨줘서 나도 친구의 생일을 챙겨줘야 할지 고민했다.",722,친구에게 부담스러운 마음을 솔직하게 이야기 하는 것은 좋지 않다.,agency,-1,"아니다, 좋다.",좋다,1,,0,crd
346,동네 작은 산에서 둘레길을 걸으며 운동하고 있는데 산에서 담배냄새가 나서 이상했는데 좀 더 걷다보니 앞에 담배를 피며 내려가고 있는 사람을 보고 기분이 상당히 불쾌했다.,1040,다른 이용자의 건강과 환경을 고려하지 않고 흡연하는 행동은 나쁘다.,agency,1,"그렇다, 나쁘다.",나쁘다,1,,0,crd
s-1729,아들에게 미안한 마음에 손주라도 제대로 키우고 싶은 할머니..,f-1036,어머니를 비판해도 상관 없다.,agency,1,"그렇다, 그래도 상관없다.",그래도 상관없다,1,,0,kbsn
43,"내 가게에서 일하는 알바생이 근무 시간에 대놓고 핸드폰으로 드라마를 시청해서 주의를 주었으나, 그럼에도 불구하고 알바생이 계속 핸드폰을 이용하여 기분이 안 좋았다.",129,알바생이 아르바이트 근무 시간 중 잘못된 행동을 한다면 타일러야 한다.,agency,1,"그렇다, 그래야 한다.",그래야 한다,1,,0,crd
s-1567,"깊어져가는 자매간 갈등의 골, 동생과 절연해야 할까요?",f-869,"잘못이 없을 때, 당시 상황에서 행동을 할 수 밖에 없는 상황을 상세히 설명할 필요는 없다.",agency,-1,"아니다, 하는 것이 좋다.",하는 것이 좋다,1,,0,kbsn
390,올해 여름 아빠가 입원하셔서 내가 간병을 맡았는데 육체적으로 너무 힘들어서 아빠를 원망했다.,1170,몸이 아프더라도 가족들에게 과도한 부담을 주는 것은 좋지 않다.,agency,1,"그렇다, 좋지 않다.",좋지 않다,1,,0,crd
s-1661,1년에 10번 보는 스님 아빠를 그리워하는 사춘기 딸..,k-972,스님을 옹호해도 된다,agency,1,"그렇다, 된다.",된다,1,,1,kbsn_2nd
586,친구가 나에게 모태솔로라고 해서 기분이 좋지 않았던 적이 있다.,1759,타인의 개인적인 콤플렉스나 약점을 함부로 언급해도 된다.,agency,-1,"아니다, 안 된다.",안 된다,1,,0,crd
343,시누이와의 갈등이 심한 가운데 시댁에 가는 것이 마음이 매우 불편했다. 마주치기 싫은 상황에 시댁에 그래도 예의상 가야하는지 거리를 두고 안가는게 맞는지 어렵다.,1030,가족간에 갈등 상황을 인지했을 때 배려 없이 관계를 악화시키는 행동은 바람직하다.,agency,-1,"아니다, 바람직하지 않다.",바람직하지 않다,1,,0,crd
310,맞벌이를 하는 아이엄마가 나보고 집에서 안심심하냐고 해서 기분인 좋지 않았다.,930,상대의 생활 방식이나 선택에 대해 평가처럼 들릴 수 있는 질문은 해도 된다.,agency,-1,"아니다, 삼가야 한다.",삼가야 한다,1,,0,crd
49,기차에서 큰 소리로 통화하는 승객이 있어서 자제할 것을 요청했으나 무시하고 계속 통화해서 당황스러웠다,149,공공 교통수단에서 소음 문제가 지속될 경우에 승무원에게 조치를 요청하는 것은 바람직하지 않다.,agency,-1,"아니다, 바람직하다.",바람직하다,1,,0,crd
s-318,아버지를 차로 치고 달아난 사기꾼... 단지 좋아했을 뿐인데 억울해요,f-268,운전을 함부로 하는 것은 옳은 행동이다.,agency,-1,"아니다, 옳지 않다.",옳지 않다,1,,0,kbsn
s-521,사업병 걸린 아버지로 인해 온 가족이 비닐하우스 생활했어요ᅮᅮ,f-430,잘못된 선택을 하는 가족구성원에게 진심어린 충고로 정신을 차리게 할 의무는 없다.,agency,-1,"아니다, 의무가 있다.",의무가 있다,1,,0,kbsn
s-227,집안일과 동생 육아로 인한 스트레스로 육아 우울증까지 찾아왔었는데.. 갑자기 돌연사한 엄마,f-153,우울증까지 온 엄마를 그대로 방치한 것은 잘못된 일이다.,agency,1,"그렇다, 잘못된 일이다.",잘못된 일이다,1,,0,kbsn
696,이어폰을 끼고 있어서 구급차의 사이렌을 듣지 못해 횡단보도를 천천히 건넌 바람에 환자 이송에 차질을 준 것 같아서 마음에 걸린다.,2089,환자 이송 시 보행자의 안전을 고려해 운행하는 것은 중요하지 않다.,agency,-1,"아니다, 중요하다.",중요하다,1,,0,crd
605,얼마 전 얼굴의 피부가 망가진 상태로 길을 걷는데 어떤 남자가 흉하다고 중얼거려서 당황했다.,1817,타인의 말에 나의 감정이 상할 때 대화로 나의 입장을 나타내는 것은 좋지 않다.,agency,-1,"아니다, 좋다.",좋다,1,,0,crd
590,운전하는데 앞 차의 뒷 타이어가 펑크났는데 알려주지 않았다.,1772,운전을 할 때 앞차와 간격을 유지하는 것은 좋지 않다.,agency,-1,"아니다, 좋다.",좋다,1,,0,crd
415,야채가게에서 옆에 있던 아주머니가 과일을 만져 상품성이 떨어질 수 있다며 화가 난 주인아저씨와 말다툼을 하는 장면을 보았다.,1247,판매자는 상품의 위생과 가치를 보호해야 한다,agency,1,"그렇다, 그래야 한다.",그래야 한다,1,,0,crd
202,"수영을 하던 중 반대쪽에서 수영을 하던 사람의 얼굴을 쳤는데, 수업 시간이다 보니 멈추지 못하고 계속 수영을 할 수 밖에 없었다.",607,수영을 할때 서로 부딪히지 않도록 본인 자리에서만 하면 안 된다.,agency,-1,"아니다, 본인 자리에서만 해야 한다.",본인 자리에서만 해야 한다,1,,0,crd
10,야근이 잦다고 이야기했더니 “일을 못 끝내서 그런 거죠?”라는 말을 들어 말문이 막혔다.,32,"무례한 추측을 들었을 때, 감정을 과도하게 표출하기보다 상황에 맞게 침착하게 대응하는 것은 좋지 않다.",agency,-1,"아니다, 좋다.",좋다,1,,0,crd
561,"회사 근처 횡단보도에서 보행자 신호가 빨간불로 바뀌기 직전 아이가 뛰어가려는 걸 봤는데, 괜히 오해받을까 봐 말리지 못해 그냥 지나친 것이 마음에 걸렸다.",1684,주변에서 아이의 안전이 위협받는 상황을 보았다면 위험을 알리는 것이 좋다.,agency,1,"그렇다, 좋다.",좋다,1,,0,crd
576,"회식 자리에서 후배의 무례한 농담을 분위기를 위해 넘길지, 바로 지적해야 할지 고민하다 결국 아무 말도 하지 못했다.",1728,다른 사람에게 무례한 농담을 해도 된다.,agency,-1,"아니다, 안 된다.",안 된다,1,,0,crd
179,집에서 가족이 내 물건을 허락 없이 써서 불편했다.,539,허락 없이 다른 가족의 물건을 쓴 경우에는 후에라도 사과하고 고마움을 표현하는 것이 좋다.,agency,1,"그렇다, 좋다.",좋다,1,,0,crd
s-1371,20살 딸에게 끊임없이 돈을 요구하는 엄마,f-773,엄마가 무리한 요구를 하면 단호히 거절해서는 안 된다.,agency,-1,"아니다, 괜찮다.",괜찮다,1,,0,kbsn
529,직장에서 본인의 일을 은근슬쩍 나에게 넘기려 하면서 본인만 힘들다고 하는 동료의 행동으로 힘들었다.,1587,자신이 해야 할 업무를 타인에게 떠넘기는 것은 나쁜 행동이 아니다.,agency,-1,"아니다, 나쁜 행동이다.",나쁜 행동이다,1,,0,crd
s-1278,사소한 결정도 못 하는 여친! 대답해 주는 자체가 시간 낭비 같다는 남친..?😮,f-725,여자친구와의 소통을 시간 낭비로 여겨도 된다.,agency,-1,"아니다, 안된다.",안된다,1,,0,kbsn
659,어제 엘리베이터에 탔는데 누군가 오는 소리를 들었음에도 열림 버튼을 누르지 않았다.,1978,주변 이용자의 배려를 당연하게 기대하는 것은 좋지 않다.,agency,1,"그렇다, 좋지 않다.",좋지 않다,1,,0,crd
s-948,충격 실화! 19세 여고생 조카와 바람난 남편 🤬,f-580,미성년자는 또래와 만나야 한다,agency,1,"그렇다, 그래야 한다.",그래야 한다,1,,0,kbsn
447,무거운 짐을 들고 계단을 올라가는 사람을 외면했다.,1342,도움이 필요할 경우 주변 사람들에게 정중하게 도움을 요청하는 것은 적절하지 않다.,agency,-1,"아니다, 적절하다.",적절하다,1,,0,crd
495,"두 명의 부하 직원에게 작업 분담을 해 주는데, 한 직원이 모든 직원들 앞에서 자신의 작업이 더 복잡하고 번거롭다며 불평을 토로해서 당황스러웠다.",1486,직장에서 업무에 대해 불평하는 것은 적절한 행동이다.,agency,-1,"아니다, 적절하지 않다.",적절하지 않다,1,,0,crd
s-1595,"반반 월세 하면 동거 안 한다는 여친, 더 내려니 억울한 남친",f-889,남친과 둘이 같이 살 때 반반씩 내는 것은 좋지 않다.,agency,-1,"아니다, 좋다.",좋다,1,,0,kbsn
355,배달 일을 하던 중에 제 신호에 출발했는데 신호위반을 한 차량이 오히려 나에게 욕을 하며 멈춰세우길래 멈춘뒤 말싸움을 했다.,1067,공공장소에서 싸우는 것은 바람직한 행동이다.,agency,-1,"아니다, 바람직하지 않다.",바람직하지 않다,1,,0,crd
339,"가족 모임에서 결혼 계획을 묻기에 아직 생각이 없다고 했더니, “여자가 너무 고르면 문제야”라는 말을 들어 당혹스러웠다.",1017,타인의 결혼 여부나 시점에 대해서 비난하는 것은 바람직하지 않다.,agency,1,"그렇다, 바람직하지 않다.",바람직하지 않다,1,,0,crd
s-411,"폭력으로 인해 감옥에 간 아빠, 폭언과 돈 갈취까지 한 엄마...? 전 병까지 걸렸어요",f-374,자녀에게 폭언하고 돈을 빼앗아도 괜찮다.,agency,-1,"아니다, 옳지 않다.",옳지 않다,1,,0,kbsn
s-1001,"여전히 남아있는 탈북민 혐오 ""딸이 유명해지면 상처가 될까봐...""",f-591,혐오가 있더라도 가족과 힘을 합쳐 이겨내야 한다,agency,1,"그렇다, 그래야 한다.",그래야 한다,1,,0,kbsn
335,"늦은 밤 귀가 중 길에서 취해 쓰러져 있는 사람을 봤는데, 도와주고 싶었지만 혹시 위험하지 않을까 걱정돼 그냥 지나쳤다.",1005,위험 여부를 확인하지 않고 무조건 외면하는 행동은 바람직하지 않다.,agency,1,"그렇다, 바람직하지 않다.",바람직하지 않다,1,,0,crd
s-2060,억대 빚을 남기고 떠난 새어머니♨️ 아버지가 걱정됩니다...,f-1211,상대방에게 피해를 주고 말도 없이 떠났더라도 그에 대해 진심으로 사과할 필요는 없다.,agency,-1,"아니다, 해야 한다.",해야 한다,1,,0,kbsn
s-265,집에 있는 돌반지 등 귀중품을 훔친 절친 아내의 충격적인 행동들,f-230,인의 물건을 훔쳤더라도 돌려주거나 동일 금액으로 보상할 필요 없다.,agency,-1,"아니다, 해야 한다.",해야 한다,1,,0,kbsn
s-1676,디자이너를 꿈꾸는 치과의사🦷 워킹맘,f-982,아이를 양육하는 사람이라고 해서 마땅한 존경을 받아야 하는 것은 아니다.,agency,-1,"아니다, 그래야 한다.",그래야 한다,1,,0,kbsn
82,어떤 과제에 대한 팀활동을 하는데 명백히 다같이 한 일임에도 어떤 팀원이 본인이 전부 다 한 것처럼 공로를 내세워 당황스러웠다.,248,팀원과 발생한 갈등은 이성적으로 해결하지 않아도 된다.,agency,-1,"아니다, 해결해야 한다.",해결해야 한다,1,,0,crd
786,집으로 가는 길에 모르는 사람이 휴대전화를 분실했다며 핸드폰을 잠시 빌려 달라고 했지만 사기인 것 같아서 나는 이를 거절하였다.,2358,안전이 우려되는 상황에서 모르는 사람의 요청을 거절하는 것은 적절하다.,agency,1,"그렇다, 적절하다.",적절하다,1,,0,crd
729,미용실에서 시술원리에 대해 듣다가 다른 미용실에서 들었던 내용과 달라서 확인요청을 했으나 처음같은 답변을 들어서 재차 확인하고 싶었지만 디자이너의 기분만 상할 것 같아서 포기했다.,2187,대화를 할 때 상대방의 기분이 상하지 않게 하는 것은 좋지 않다.,agency,-1,"아니다, 좋다.",좋다,1,,0,crd
294,학교에서 팀 프로젝트를 진행하던 중 할 일을 제대로 처리하지 않고 나에게 떠넘기려는 동료에게 맡은 분량을 책임지고 기한 내에 완수해달라고 직설적으로 말했다가 서로 감정이 상했었다,882,공동의 목표를 위해 모인 집단에서 각자는 부여된 역할에 상응하는 노력을 투입해야 한다.,agency,1,"그렇다, 그래야 한다.",그래야 한다,1,,0,crd
620,동네 식당에서 음식이 늦게 나와 문의했더니 직원이 바쁜데 왜 재촉하냐며 날카롭게 반응했다.,1861,식당이 바쁜 상황이어도 손님의 문의에 대해서는 친절하게 답변해야한다.,agency,1,"그렇다, 그래야 한다.",그래야 한다,1,,0,crd
s-2026,나랑 썸녀 중 선택하라는 여사친🤔,f-1197,불편한 질문에는 답하지 않아도 된다.,agency,1,"그렇다, 그러지 않아도 된다.",그러지 않아도 된다,1,,0,kbsn
508,매번 양말을 뒤집어서 벗어놓는 남편때문에 짜증이 폭발했다.,1524,결혼해서 편한 사이라도 집안일 문제로 상대를 불편하게 해서는 안된다.,agency,1,"그렇다, 그래서는 안 된다.",그래서는 안 된다,1,,0,crd
211,단체 채팅방에서 누군가를 흉보는 대화가 이어졌지만 개인적으로 아는 사람이라 분위기를 깨지 않기 위해 무엇을 해야 할지 고민했다.,633,지인이 비난받는 상황에서 신중하게 행동하는 것은 필요하지 않다.,agency,-1,"아니다, 필요하다.",필요하다,1,,0,crd
s-1750,자격지심 가득한 전 남친의 막말 때문에 이별한 쏠녀,f-1062,전 남친이 막말하는 것을 비판하는 것은 옳지 않다.,agency,-1,"아니다, 괜찮다.",괜찮다,1,,0,kbsn
s-1486,생후 23일 만에 떠난 엄마를 찾기 위한 고민녀의 노력,f-817,어릴 때 헤어진 엄마를 찾기 위해 노력해도 괜찮다.,agency,1,"그렇다, 그래도 괜찮다.",그래도 괜찮다,1,,0,kbsn
s-211,심각한 탈북 스토리를 가진 사연남.. 탈북 과정에서 생이별하게 된 어머니와 여동생,f-115,아들과 이별하여 살아가더라도 괜찮다.,agency,-1,"아니다, 좋지 않다.",좋지 않다,1,,0,kbsn
41,나와 내 남편의 소개로 결혼하게 된 지인이 우리 부부에게 아무런 대접을 하지 않아 기분이 매우 나빴다.,125,결혼 과정에서 도움을 준 사람에게 감사의 뜻을 표현하는 것은 적절하지 않다.,agency,-1,"아니다, 적절하다.",적절하다,1,,0,crd
792,거동이 불편한 노모께서 요양병원 입원을 거부하셨지만 직장인인 나로서는 어쩔 수 없는 상황이라 입원을 결정하였다.,2378,개인의 거취를 결정 하는 문제에서 자신의 의견을 말해야 한다,agency,1,"그렇다, 그래야 한다.",그래야 한다,1,,0,crd
4,초등학교 6학년때 수업시간에 담임선생님이 떠들었다며 혼났는데 난 떠든적이 없어서 억울하다고 했다가 말대꾸 했다며 싸대기를 맞고 넘어지고 또 맞았다.,12,훈육을 진행한다고 폭력을 사용하는 것은 나쁜 행동이 아니다.,agency,-1,"아니다, 나쁘다.",나쁘다,1,,0,crd
342,아이들과 내년에 어떻게 하겠다는 말을하고 약속을 했는데 번복해야 하는 상황에 내 뱉은 말을 지키지 않는 것에 대해 아이들이 실망할까 마음이 걸렸다.,1028,보호자는 자녀와 한 약속의 중요성을 행동으로 보여주지 않아도 된다.,agency,-1,"아니다, 보여주어야 한다.",보여주어야 한다,1,,0,crd
511,이웃 주민이 인도에서 자전거를 타는 바람에 길을 걷다가 자전거와 부딪혀 다칠 뻔했다.,1535,위험하게 자전거를 타는 타인에게 화를 내면 안 된다.,agency,-1,"아니다, 괜찮다.",괜찮다,1,,0,crd
456,"같은 대학의 잘 모르는 여자 학생과 대화하고 싶었지만, 주변 사람들이 나를 걱정하며 막아서 마음과 현실 사이에서 갈등과 답답함을 느꼈다.",1368,모르는 사람에게 말을 먼저 걸때는 조심스럽게 하는 것이 바람직하다.,agency,1,"그렇다, 바람직하다.",바람직하다,1,,0,crd
407,"친구가 자녀로 인해 힘들어하며 조언을 구했지만, 솔직하게 말하는 것이 도움이 될지 상처가 될지 고민했다.",1223,자신으로 인해 힘들어하는 부모와 대화를 시도하는 것은 바람직하지 않다.,agency,-1,"아니다, 바람직하다.",바람직하다,1,,0,crd
s-877,"이라크 남친은 안된다는 엄마...🙅 ""우리 그냥 사랑하게 해주세요""",f-540,딸의 사랑을 진심으로 응원해주는 것이 옳다,agency,1,"그렇다, 옳다.",옳다,1,,0,kbsn
720,엄마가 돈 문제로 힘들어 하는데 빌려주면 못 받을까봐 나도 힘들다고 했다.,2161,부모는 자식의 경제적 자율성을 존중해야한다,agency,1,"그렇다, 그래야 한다.",그래야 한다,1,,0,crd
s-1688,여사친 못 잃어ᅮᅮ 친구 사이 멀어질까 연애는 안 하는 23살,f-1008,연애 중에도 이성친구를 만나도 괜찮다.,agency,1,"그렇다, 그래도 괜찮다.",그래도 괜찮다,1,,0,kbsn
78,나는 콩을 싫어하는데 회사 상사와 함께 점심먹는 자리에서 상사가 콩자반 반찬을 먹으라고 권하여 싫어한다고 했음에도 계속 권하여 화가났다.,235,거부 의사는 존중하는 것이 바람직 하다.,agency,1,"그렇다, 바람직 하다.",바람직 하다,1,,0,crd
s-1714,"아들 부부가 보육원에 보낸 손주, 제가 데려와 키워도 될까요..?",f-1023,입양을 할 때는 보육원의 입장을 존중하지 않아도 된다.,agency,-1,"아니다, 해야 한다.",해야 한다,1,,0,kbsn
321,지인들과 장애인 학교를 반대하는 주민들에 관한 뉴스를 보다 내가 '사람들이 참 이기적이다'라고 말하자 한 지인이 '넌 집이 없으니까'라고 말해 당혹스러웠다.,964,장애인들도 사회구성원으로 받아들이고 학교건립을 추진하는 것이 적절하다.,agency,1,"그렇다, 적절하다.",적절하다,1,,0,crd
492,청소 분담 문제로 룸메이트와 의견 차이가 생겨 서로 쌓였던 불만을 터뜨리며 크게 싸운 적이 있다.,1478,공동 공간의 관리와 책임은 사전에 합의된 기준을 존중하며 성실히 이행하는 것이 바람직하다.,agency,1,"그렇다, 바람직하다.",바람직하다,1,,0,crd
s-1613,"3달 동거하며 천만 원을 잃은 대학생, 전 여친은 잠수 中",f-907,전 여친을 의심하며 경찰 수사를 하는 것은 좋지 않다.,agency,-1,"아니다, 좋다.",좋다,1,,0,kbsn
s-2197,"희귀 질환 ′모야모야병′ 있는 중학생 딸, 걱정을 놓을 수 없는 엄마의 고민",f-1325,자식이 자신을 향한 부모님의 걱정을 이해하는 것은 중요하지 않다.,agency,-1,"아니다, 중요하다.",중요하다,1,,0,kbsn
201,"몸살로 몸이 너무 힘들어서 지하철 노약자 전용 엘리베이터를 탔는데, 함께 탄 노인들이 다 나를 쳐다보는 것 같았다.",604,노약자 전용 시설 이용에 대해 시선을 느낄 때는 불필요한 갈등을 만들기보다 필요하면 짧게 양해를 구하는 것이 적절하다.,agency,1,"그렇다, 적절하다.",적절하다,1,,0,crd
292,화장실에 들어갔는데 안에 사람이 있어서 바로 옆 칸을 사용하면 서로 볼일 보는 소리가 들려 민망할 것 같아 다른 층을 가야 할지 그냥 모른 척 이용해야 할지 고민했던 적이 있다,878,공공 화장실에서는 서로의 사생활을 존중하는 태도를 갖는 것이 중요하다.,agency,1,"그렇다, 중요하다.",중요하다,1,,0,crd
231,"얼마전 회사동료가 결혼을 했는데, 축의금으로 5만원을 냈는데 적은거 같아 마음이 걸린다.",694,타인의 경조사에 대해 과도한 비교나 압박보다는 진심 어린 축하의 의미를 중심에 두는 태도는 중요하지 않다.,agency,-1,"아니다, 중요하다.",중요하다,1,,0,crd
627,친구에게 빌려준 물건을 돌려달라고 했더니 너무 예민하다며 오히려 핀잔을 들어 기분이 상했다.,1882,친구에게 물건을 빌려줄 때 물건을 돌려받을 기한을 미리 정하는 것은 좋지 않다.,agency,-1,"아니다, 좋다.",좋다,1,,0,crd
s-264,사랑하는 아내를 떠나보냈는데 혼자 아이 잘 키울 수 있겠죠...?,f-225,한부모 가정이니까 아이를 잘 키울 수 없다고 판단해도 된다.,agency,-1,"아니다, 안 된다.",안 된다,1,,0,kbsn
223,차문을 열다가 옆차에 문이 부딪혔는데 옆차 안에 사람이 타고 있었다.,671,공공장소에서 발생한 경미한 사고라도 책임을 회피하지 않는 태도가 중요하다.,agency,1,"그렇다, 중요하다.",중요하다,1,,0,crd
134,아빠와 정치적 견해가 다른데 존중해 주지 않아 싸울뻔했다.,404,자신의 개인적 견해를 타인에게 강요해서는 안된다.,agency,1,"그렇다, 그래서는 안 된다.",그래서는 안 된다,1,,0,crd
s-1079,연애 11년 + 결혼 6년 차 부부! 시도 때도 없이 스킨십 하려는 남편 때문에 미치겠어요🤣,f-634,하지 않는 스킨십을 거절하면 안 된다,agency,-1,"아니다, 해도 된다.",해도 된다,1,,0,kbsn
560,편의점에서 계산대 앞 줄이 길어졌는데 앞사람이 쿠폰을 한참 찾는 걸 보며 재촉해야 할지 기다려야 할지 판단이 어려웠다.,1680,앞사람 때문에 진행이 늦어질 때 재촉하지 않고 정중히 요청하는 것은 적절하지 않다.,agency,-1,"아니다, 적절하다.",적절하다,1,,0,crd
284,"혹시 내가 작성한 문서 내용이 틀릴까 문의드렸으나, 상대방이 이에 대해 내가 그런 부분까지 봐줘야하냐며 화를 내어서 당황했다.",852,동료의 질문이나 요청이 본인의 업무 범위를 벗어난다고 판단될 때도 화를 내기보다 정중하게 거절하거나 안내하는 태도가 필요하다.,agency,1,"그렇다, 필요하다.",필요하다,1,,0,crd
756,"밤 시간대에도 여전히 쿵쿵거리는 윗집 사람들에게 조용히 해달라고 하자, 오히려 더 화를 내서 당혹스러웠다.",2268,층간 소음을 내는 건 무례하지 않다.,agency,-1,"아니다, 무례하다.",무례하다,1,,0,crd
507,아들에게는 어른들에게 인사를 잘해야한다고 했지만 어제 길에서 동네 할머니를 만났는데 그냥 지나쳤다.,1521,자녀에게 예절을 강요하는 방식의 교육은 바람직하다.,agency,-1,"아니다, 바람직하지 않다.",바람직하지 않다,1,,0,crd
453,병원에 있을때 다른 환자가 다른 사람들한테 위협했는데 내가 하지 말라고 말렸지만 나한테 욕설과 폭언을 더 많이 했다.,1360,위협을 당하는 상황에서는 피하는 것이 좋다.,agency,1,"그렇다, 좋다.",좋다,1,,0,crd
s-888,"남친의 '전 여친' 언급 이후, 심해진 내 집착에 이별 통보한 남친...😭",f-544,여자친구에게 전여친에대해 언급하는 것은 바람직하지 않다,agency,1,"그렇다, 바람직하지 않다.",바람직하지 않다,1,,0,kbsn
278,가족과 저녁식사를 하러가야 하는데 온가족이 먹을 수 있는 식당을 갈지 아이가 좋아하는 음식을 파는 특정 식당을 갈지 고민했다.,836,저녁식사 식당을 고를 때는 모두의 의견을 수렴하여 결정하는 것이 좋다.,agency,1,"그렇다, 좋다.",좋다,1,,0,crd
s-288,부모님의 가정폭력과 전 남친의 데이트폭력으로 힘든 시기를 겪은 K-장녀,f-247,스스로를 힘들게 하는 인간 관계는 정리해도 괜찮다.,agency,1,"그렇다, 그래도 괜찮다.",그래도 괜찮다,1,,0,kbsn
484,직장 상사의 옷차림에 대해 칭찬한 것이 다른 사람에게는 아부하는 것으로 비춰지지는 않았을지 걱정이 되었다.,1454,사람 사이의 대화를 편견을 가지고 바라보는 것은 좋지 않다.,agency,1,"그렇다, 좋지 않다.",좋지 않다,1,,0,crd
63,아이를 차에 태워 학원에 데려다 줘야하는데 지각을 할 것 같아 안전이 최 우선임에도 불구하고 신호를 무시하고 정각에 데려다 주었다.,189,아이를 동반한 운전 상황에서는 교통 법규와 안전을 최우선으로 고려해야 한다.,agency,1,"그렇다, 그래야 한다.",그래야 한다,1,,0,crd
s-1372,"술고래 예비신부, 음주를 싫어하는 예비신랑",f-780,가족 구성원 중 한 명이 좋지 않은 음주습관을 가졌을 경우 나머지 가족들도 따끔하게 충고해야 한다.,agency,1,"그렇다, 그래야 한다.",그래야 한다,1,,0,kbsn
s-282,"썸녀랑 반 동거하는 사이지만, 사귀는 관계는 아니라는 고민남",f-238,타인이 고민을 토로하면 진지한 태도로 들어주는 것이 바람직하다.,agency,1,"그렇다, 바람직하다.",바람직하다,1,,0,kbsn
316,퇴근을 할 때 버스를 타고 자리에 앉아있는데 할머니가 타시는 것을 봤지만 너무 피곤해 못 본척 눈을 감았다.,949,대중교통 이용 시 도움이 필요할 경우 주변 사람에게 도움을 구해도 괜찮다.,agency,1,"그렇다, 그래도 괜찮다.",그래도 괜찮다,1,,0,crd
493,"올 여름 휴가 일정을 정하는데, 남편이 우리 부모님 생각은 하지 않고 자신의 부모님만 모시고 여행을 가자고 해서 싸움이 생겼다.",1480,부부 간의 가족 관련 결정에서는 자신의 감정을 일방적으로 주장하기보다 상호 존중을 바탕으로 의견을 조율하려는 태도가 중요하다.,agency,1,"그렇다, 중요하다.",중요하다,1,,0,crd
s-324,"코인 투자로 일주일 만에 1,300만 원 날린 여자",f-271,여자의 사생활을 함부로 말해도 된다.,agency,-1,"아니다, 안 된다.",안 된다,1,,0,kbsn
737,"회식 자리에서 가볍게 건강 이야기를 했는데, 한 동료가 “그 나이면 이제 관리 안 하면 안 되죠”라고 말해 순간 당황했다.",2212,"직장 동료와 외형, 나이와 관련된 대화를 할 때는 주의를 기울여야 한다.",agency,1,"그렇다, 그래야 한다.",그래야 한다,1,,0,crd
103,회의 자리에서 내 의견을 말하자 상대가 공개적으로 무시하는 태도를 보여 큰 불쾌함을 느꼈다.,311,공식적인 자리에서 개인적인 감정을 드러내는 행동을 삼가는 것은 좋지 않다.,agency,-1,"아니다, 좋다.",좋다,1,,0,crd
777,산책로에서 대형견의 목줄을 풀어놓은 견주를 보았다.,2332,강아지 산책 시 지정된 공간에서만 목줄을 풀러야 한다.,agency,1,"그렇다, 그래야 한다.",그래야 한다,1,,0,crd
s-247,아내의 문자에서 드러난 불륜남과의 이혼 전 성관계 사실,f-175,혼인 중인 사람과 사적인 관계를 맺는 행동을 해도 괜찮다.,agency,-1,"아니다, 피해야 한다.",피해야 한다,1,,0,kbsn
431,지인에게 돈을 빌려줬지만 책임감있게 돈을 갚지 않는 태도에 화가 났다.,1294,타인에게 돈을 빌렸다면 책임감을 가지고 약속한 기한 내에 갚아야 한다.,agency,1,"그렇다, 그래야 한다.",그래야 한다,1,,0,crd
s-2559,결혼 2개월 차 부부 낚시 중독 아내 좀 말려주세요,f-1379,"취미 생활에 너무 초점을 둔 나머지, 가정을 소홀히 해서는 안된다.",agency,1,"그렇다, 그래서는 안 된다.",그래서는 안 된다,1,,0,kbsn
133,게임 승급전에서 같은 팀으로 매칭된 유저가 계속 게임을 망치며 남탓을 하길래 참다참다 중간에 적당히 하라고 채팅을 쳤다가 시비가 걸려 게임 끝날 때까지 그 유저랑 채팅으로 싸웠다.,400,자신의 잘못을 남에게 돌리는 것은 바람직하지 않다.,agency,1,"그렇다, 바람직하지 않다.",바람직하지 않다,1,,0,crd
s-1688,여사친 못 잃어ᅮᅮ 친구 사이 멀어질까 연애는 안 하는 23살,f-1005,친구의 결정을 존중해야 한다.,agency,1,"그렇다, 그래야 한다.",그래야 한다,1,,0,kbsn
137,아이가 열이 40도까지 올라서 병원에 가야하는데 보호자는 나 혼자인데 직장에 비상근무가 발령되어 아빠와 직장사이에서 딜레마를 겪었다.,411,불가피한 가정사가 발생했을 때는 직장에 양해를 구하고 가족을 우선적으로 돌보는 것이 허용된다.,agency,1,"그렇다, 허용된다.",허용된다,1,,0,crd
248,상록수역 에스컬레이터 앞에서 어떤 사람이 무작정 내 앞으로 끼어들려고 하길래 비켜줄지 말지 고민했다.,2425,에스컬레이터에서 끼어들려는 사람이 있는지 주위를 살필 필요 없다,agency,1,"그렇다, 필요 없다.",필요 없다,1,,1,crd_2nd
484,직장 상사의 옷차림에 대해 칭찬한 것이 다른 사람에게는 아부하는 것으로 비춰지지는 않았을지 걱정이 되었다.,1454,사람 사이의 대화는 편견을 가지고 바라보는 것이 좋다. ,agency,-1,"아니다, 좋지 않다.",좋지 않다,1,,0,crd
s-2675,본사 직원과 가맹점주의 커피향 가득한 연애♥,f-1391,타인의 연인 관계에 간섭해서는 안된다.,agency,1,"그렇다, 그래서는 안 된다.",그래서는 안 된다,1,,0,kbsn
218,내년 지방선거에서 특정후보를 찍어달라고해서 불쾌했다.,655,개인에게 특정 정치적 선택을 요구하는 것은 괜찮다.,agency,-1,"아니다, 좋지 않다.",좋지 않다,1,,0,crd
s-736,반대 무릅쓰고 결혼했는데... 장모님과의 갈등 이후 이혼 요구하는 아내!,f-509,남편이 부모님과 갈등이 있다는 것은 좋지 않다.,agency,1,"그렇다, 좋지 않다.",좋지 않다,1,,0,kbsn
37,"앞에 사람이 가고 있는데 물건이 떨어지는 걸 보았음에도 나도 바쁜 나머지, 앞에 사람에게 물건이 떨어졌다고 이야기해주지 않고 지나갔다.",113,타인에게 발생한 사고를 외면해서는 안 된다.,agency,1,"그렇다, 그래서는 안 된다.",그래서는 안 된다,1,,0,crd
s-1548,MZ 세대 학생들과 올드 세대 선생님의 좁혀지지 않는 간극⚡,f-848,선생님들과 대화할 때는 MZ 세대들만의 용어를 쓰는 것은 옳지 않다.,agency,1,"그렇다, 옳지 않다.",옳지 않다,1,,0,kbsn
116,"재혼을 하기로 마음 먹었는데, 가족들과 대화 중 이를 비판하는 말을 들어 마음이 불편해졌다.",348,가족들에게 재혼 결심을 말하는 것은 바람직하지 않다.,agency,-1,"아니다, 바람직하다.",바람직하다,1,,0,crd
701,사람이 많지 않은 장소에서 뒤에서 걸어오던 사람이 일부러 어깨를 치고 지나가서 매우 불쾌했다.,2104,불쾌한 상황이 발생하더라도 즉각적인 충돌을 피하고 감정을 조절하는 것이 바람직하다.,agency,1,"그렇다, 바람직하다.",바람직하다,1,,0,crd
756,"밤 시간대에도 여전히 쿵쿵거리는 윗집 사람들에게 조용히 해달라고 하자, 오히려 더 화를 내서 당혹스러웠다.",2269,층간 소음에 대해 조용히 해 달라고 주의를 주는 것은 좋지 않다,agency,-1,"아니다, 좋다.",좋다,1,,0,crd
543,프로젝트가 조기 완료될 것 같은 상황이 되니 여직원들이 사무실 이곳저곳에 단체로 몰려다니며 자리를 비우는 일이 잦아 난처했다,1630,팀원들의 근무 태도에 대해 기준을 분명히 할 필요가 있다.,agency,1,"그렇다, 필요하다.",필요하다,1,,0,crd
794,곧 칠순이 되는 시어미니 생신상을 시누이들이 며느리인 나에게 전담시키려 해서 마음이 불편하다.,2383,가족 구성원의 생일에 대해 혼자서만 부담하지 않아도 괜찮다.,agency,1,"그렇다, 그러지 않아도 괜찮다.",그러지 않아도 괜찮다,1,,0,crd
678,커피숍에서 아주머니 두명이 너무 시끄럽게 해서 정신이 없었다.,2034,"공동 이용 공간에서는 다양한 이용자가 있음을 인식하고, 불편함을 최소화할 수 있는 합리적인 선택을 고려하는 것이 옳다",agency,1,"그렇다, 옳다.",옳다,1,,0,crd
s-948,충격 실화! 19세 여고생 조카와 바람난 남편 🤬,f-580,미성년자는 또래와 만나면 안 된다.,agency,-1,"아니다, 만나야 한다.",만나야 한다,1,,0,kbsn
650,"회사에 입사한 신입사원이 첫 월급날 빚이 많다며 가불을 해달라고 요청했다. 불가능하다고 하자, 못 해주는 이유가 무엇이냐며 경리 직원인 나에게 화를 내 난처했다.",1951,타인에게 무례한 말을 하는 것이 좋다.,agency,-1,"아니다, 하지 않는 것이 좋다.",하지 않는 것이 좋다,1,,0,crd
573,무릎이 아프다고 하니깐 엄마가 뚱뚱해서 그렇다고 핀잔을 줘서 기분이 나빴다.,1721,자녀가 어려움을 토로할 때 공감해 주어서는 안 된다.,agency,-1,"아니다, 해줘야 한다.",해줘야 한다,1,,0,crd
s-247,아내의 문자에서 드러난 불륜남과의 이혼 전 성관계 사실,f-177,상대방의 혼인 상태를 알게 되었을 때 관계를 지속하지 않는 것이 바람직하다.,agency,1,"그렇다, 바람직하다.",바람직하다,1,,0,kbsn
565,아파트 엘리베이터에서 유모차를 밀고 들어가려는데 뒤에 서 있던 사람이 “먼저 타세요”라고 말해놓고는 한숨을 쉬어서 기분이 불편했다.,1696,겉으로는 배려를 말하면서 한숨 같은 불편함을 드러내는 것은 바람직하지 않다.,agency,1,"그렇다, 바람직하지 않다.",바람직하지 않다,1,,0,crd
166,"층간소음이 심하다고 쪽지를 위층 집 문에 붙여놨는데, 오히려 보복성 소음으로 더 시끄러워져서 어처구니가 없었다.",498,심한 소음 피해를 입었을 때는 직접적으로 이야기 하는 것은 좋지 않다.,agency,-1,"아니다, 하는 것이 좋다 .",하는 것이 좋다 ,1,,0,crd
66,아이가 이웃집 어른을 보고 인사를 안하고 숨어 그러면 안된다고 다그쳤는데 아내가 꼭 인사할 필요는 없다고 해서 당혹스러웠다.,198,이웃집 어른을 만나면 인사하지 않는 것이 좋다.,agency,-1,"아니다, 하는 것이 좋다.",하는 것이 좋다,1,,0,crd
s-202,친구 아들 데리고 캐나다 이민 가고 싶다는 사연자,f-90,가족 간의 문제에서 친구 아들을 데려오는 것이 바람직하다.,agency,-1,"아니다, 바람직하지 못하다.",바람직하지 못하다,1,,0,kbsn
231,"얼마전 회사동료가 결혼을 했는데, 축의금으로 5만원을 냈는데 적은거 같아 마음이 걸린다.",693,축의금과 같은 금전적 표현은 개인의 형편과 관계의 정도를 고려해 결정하는 것이 바람직하다.,agency,1,"그렇다, 바람직하다  .",바람직하다  ,1,,0,crd
528,내 몸도 피곤한데 직장 동료가 근무 일정을 바꿔 달라고 할 때 나만 생각 하는 게 맞을지 고민이 된다.,1586,가능하면 직장 동료에게 근무 일정 변경을 요청하지 않도록 하는 것이 좋다.,agency,1,"그렇다, 좋다.",좋다,1,,0,crd
10,야근이 잦다고 이야기했더니 “일을 못 끝내서 그런 거죠?”라는 말을 들어 말문이 막혔다.,31,무언가 설명하는데 불편함을 느낄 경우 대화를 중단할 수 있다,agency,1,"그렇다, 그럴 수 있다.",그럴 수 있다,1,,0,crd
312,아이 교육 방법에 대해서 남편과 의견이 달라 다툼을 했다.,937,자녀 교육에 대한 의견 차이가 있을 때 일방적으로 주장하기보다 서로의 생각을 조율하며 배려하는 태도를 보이는 것은 바람직하지 않다.,agency,-1,"아니다, 바람직하다.",바람직하다,1,,0,crd
200,"다리를 다쳐 깁스를 한 채로 버스 안 노약자 보호석에 앉아 가고 있었는데, 좌석이 없어서 서 계시는 할머니와 눈이 마주쳤다.",602,대중교통에서 좌석 이용은 개인의 외형만으로 판단하기보다 상대의 사정도 이해하는 태도가 적절하다.,agency,1,"그렇다, 적절하다.",적절하다,1,,0,crd
597,"지난 주말 가족 모임에서 친척의 편견 섞인 발언을 들었을 때, 분위기를 깨지 않기 위해 침묵하는 것이 맞는지 아니면 잘못된 생각임을 지적해야 하는지 갈등 했다.",1793,가족 모임에서는 누군가는 불편해할 말은 하지 말아야 한다.,agency,1,"그렇다, 그러지 말아야 한다.",그러지 말아야 한다,1,,0,crd
219,"복도에서 욕설을 듣고 순간 불쾌했지만, 그 사람이 지적 장애가 있다는 사실을 알게 되자 내 반응이 옳았는지 고민하게 되었다.",659,사회적 약자에게는 이해심을 갖는 것이 좋다.,agency,1,"그렇다, 좋다.",좋다,1,,0,crd
259,"특정인이 알 필요가 있는 이야기이지만, 알게 되면 오히려 기분이 나쁠 수 있어 함구했다.",778,알게 된 내용이 마음에 들지 않는다는 이유로 전달자를 비난하는 행동은 바람직하지 않다.,agency,1,"그렇다, 바람직하지 않다.",바람직하지 않다,1,,0,crd
438,오늘 일이 있어서 나가려는데 엄마가 갑자기 연락도 없이 오셔서 당황했다.,1316,가족 사이에도 개인의 일정이나 사생활을 존중하는 태도가 필요하다.,agency,1,"그렇다, 필요하다.",필요하다,1,,0,crd
s-1838,군대 간 짝사랑 오빠를 못 잊겠다는 스무 살의 고민,f-1125,"상대방이 소통에 제한적일 수 있는 특수한 상황임을 인지하고, 과도한 연락으로 상대에게 부담을 주는 것은 좋지 않다.",agency,1,"그렇다, 좋지 않다.",좋지 않다,1,,0,kbsn
s-1371,20살 딸에게 끊임없이 돈을 요구하는 엄마,f-774,한 가족 구성원과 갈등이 생겼다면 다른 가족 구성원들에게 도움을 요청해도 된다.,agency,1,"그렇다, 그래도 된다.",그래도 된다,1,,0,kbsn
288,"대학교에서 외국 교환학생을 친구와 함께 신청했는데, 나는 합격했지만 내 친구는 떨어졌다. 기쁜 소식이라 파티를 열고 싶은데, 그 친구를 초대해도 괜찮을지 고민이다.",865,기쁜 일이 있더라도 상대방의 기분을 살펴 감정 표현해야 한다.,agency,1,"그렇다, 그래야 한다.",그래야 한다,1,,0,crd
500,"집에 오는 동생이 어느 방에서 자냐고 물어봤는데 아빠가 ""그럼 어디에서 자"" 이렇게 말해서 시비거는 것 같아 속상했다.",1500,상대방의 말투가 시비 거는 것 같을 때 조심스럽게 조언해주는 것은 좋지 않다.,agency,-1,"아니다, 좋다.",좋다,1,,0,crd
388,아이에게 핸드폰을 하지말라고 제재하면서 나는 계속 핸드폰을 했다.,1165,훈육을 할 때에는 말과 행동을 일치시키는 것이 옳다,agency,1,"그렇다, 옳다.",옳다,1,,0,crd
287,"발이 아파 못걷고 있는데, 걸음이 왜 이렇게 느리냐며 잔소리를 들어서 당황했다.",863,함께 이동하는 사람의 컨디션을 살피는 것은 바람직하지 않다.,agency,-1,"아니다, 바람직하다.",바람직하다,1,,0,crd
313,집안일을 하는데 남편이 피곤하다며 소파에만 누워 있어서 싸움이 생겼다.,941,가족 관계의 갈등을 유발하는 행동은 해도 괜찮다.,agency,-1,"아니다, 하지 말아야 한다.",하지 말아야 한다,1,,0,crd
s-1381,"신념 때문에 고기를 먹지 못하는 아내, 설거지도 따로 해야 하는 부부",f-784,배우자가 특이한 생활습관을 가지고 있을 경우 이해해 줄 필요가 없다.,agency,-1,"아니다, 그럴 필요가 있다.",그럴 필요가 있다,1,,0,kbsn
194,"일상배상 보험 처리를 하기로 이야기해 두었으나, 서류를 더 제출해야 하는 게 번거로워 남편에게는 보험사 탓을 했다.",584,보험 처리에 필요한 서류와 절차를 간결하게 안내하지 않아서 가입자에게 부담을 줘도 된다.,agency,-1,"아니다, 주지 않아야 한다.",주지 않아야 한다,1,,0,crd
676,회의 중 내가 발표할 때 동료가 내 경상도 사투리를 따라하며 주변 사람들의 웃음을 유도했다.,2028,회의 중 타인의 사투리나 말투를 흉내 내며 웃음을 유도하는 것은 무례하다.,agency,1,"그렇다, 무례하다.",무례하다,1,,0,crd
s-218,아버지부터 저까지 고모부에게 노동 착취를 당했는데 이젠 고모부가 동생까지 노리고 있어요...,f-139,고모부로 하여금 동생의 노동을 착취하는 시도를 하게 하더라도 괜찮다.,agency,-1,"아니다, 옳지 않다.",옳지 않다,1,,0,kbsn
s-346,"아버지, 언니와 절연한 상태예요. 이대로 지내도 괜찮을까요?",f-302,상대방의 입장도 생각해야 한다.,agency,1,"그렇다, 그래야 한다.",그래야 한다,1,,0,kbsn
526,약속 시간에 계속 늦는 친구에게 불만을 말했더니 예민하다는 반응을 보여 다툼이 있었다.,1580,"잘못을 지적당했을 때, 잘못을 인정하고 사과하는 것은 옳지 않다.",agency,-1,"아니다, 옳다.",옳다,1,,0,crd
275,애니메이션을 좋아한다고 말했더니 어떤 어른이 애니메이션을 좋아하냐고 비꼬는 말을 들어 당혹스러웠다.,826,사람마다 좋아하는 것이 다를 수 있다는 것을 인정해야 한다.,agency,1,"그렇다, 그래야 한다.",그래야 한다,1,,0,crd
229,"유명 빵집에서 줄을 서서 기다리는데, 내 뒤로 초등학생과 그 부모님이 줄을 서 있었다. 내가 마지막 빵을 샀고 초등학생이 울기 시작했다. 빵을 하나 줄까 고민했지만 주지 않았다.",689,아이가 기대한 결과를 얻지 못했을 때 감정을 조절하도록 지도하는 것이 바람직하다.,agency,1,"그렇다, 바람직하다.",바람직하다,1,,0,crd
380,남편이 반대할 것 같아서 말 안 하고 차를 산 뒤에 나중에 말할까 싶어. 근데 어차피 말할 거라면 먼저 말하고 사는 게 나을 것 같기도 해.,1142,배우자의 중요한 소비 결정에 대해 의견을 나눌때 존중하는 태도가 필요하다,agency,1,"그렇다, 필요하다.",필요하다,1,,0,crd
791,병원에서 진료를 받는 도중에 의사가 특정 정당의 지지를 유도하는 질문을 하여 당황스러웠다.,2374,환자에게 의료행위와 관련이 없는 발언은 삼가는 것이 좋다.,agency,1,"그렇다, 좋다.",좋다,1,,0,crd
259,"특정인이 알 필요가 있는 이야기이지만, 알게 되면 오히려 기분이 나쁠 수 있어 함구했다.",778,알게 된 내용이 마음에 들지 않는다는 이유로 전달자를 비난해도 괜찮다.,agency,-1,"아니다, 바람직하지 않다.",바람직하지 않다,1,,0,crd
68,스타일 변신을 위해 머리를 기르고 있었는데 주변에서 남자는 머리 기르는거 아니라고 해서 어처구니가 없었다.,205,가까운 사람들의 충고를 귀담아 듣는 것은 바람직하지 않다.,agency,-1,"아니다, 바람직하다.",바람직하다,1,,0,crd
s-1715,할머니와 캠핑 다니는 손녀 ′′👵섭섭하지만 결혼은 해야 돼!′′,f-1029,결혼하면 할머니와 캠핑가는 시간을 가족들이 존중해주지 않아도 된다.,agency,-1,"아니다, 해야 한다.",해야 한다,1,,0,kbsn
359,친한 친구가 명백하게 잘못한 상황에서 친구의 편을 들어주었다.,1079,타인이 잘못된 행동을 하면 잘 타일러야 한다.,agency,1,"그렇다, 그래야 한다.",그래야 한다,1,,0,crd
99,회의 중 다른 사람의 말을 끊고 의견을 말한 뒤 그 행동이 예의에 어긋났는지 계속 마음에 걸렸다.,297,회의나 토론 중에 다른 사람의 말을 끊지 않고 끝까지 듣는 것은 바람직하지 않다.,agency,-1,"아니다, 바람직하다.",바람직하다,1,,0,crd
263,초록불에 횡단보도를 건너고 있는데 차가 바로 앞을 지나가서 화가 났다.,790,신호를 지키지 않는 것은 옳은 행동이다.,agency,-1,"아니다, 옳지 않다.",옳지 않다,1,,0,crd
326,"배우자와 집안일을 분배했는데, 맡기로 한 일을 며칠이 지나도록 하지 않아 짜증이 났다.",980,불만을 참기보다 대화를 통해 전달하는 것은 바람직하지 않다.,agency,-1,"아니다, 바람직하다.",바람직하다,1,,0,crd
89,"업무가 과도하게 많아서 조금 나눠서 하자고 의견을 내었는데, 모두가 다 똑같다는 식의 대답이 돌아와서 언성이 높이며 다투었다.",269,동료가 도움을 요청할 때에는 서로 도울 필요가 없다.,agency,-1,"아니다, 서로 도와야 한다.",서로 도와야 한다,1,,0,crd
365,부모님이 집 앞 카페에서 이유 없이 나를 욕하는 것을 들었다.,1095,자녀에 대해 험담을 하는 것은 좋은 행동이다.,agency,-1,"아니다, 좋지 않다.",좋지 않다,1,,0,crd
s-864,"학벌, 명예 따지는 부모님! 조건 안되는 남친이랑 헤어지래요ᅲᅲ",f-536,이성친구의 부모님이 교제를 반대할 땐 더욱 노력하는 것이 바람직하다,agency,1,"그렇다, 바람직하다.",바람직하다,1,,0,kbsn
s-285,누나 남사친에게 당한 4억 사기로 밤낮 없이 일하는 남자,f-189,경제적 피해가 발생했을 때 감정적으로 대응하지 않고 법적 절차를 통해 해결해야만 하는 것은 아니다.,agency,-1,"아니다, 해야 한다.",해야 한다,1,,0,kbsn
193,지구오염에 걱정이 많은 아이 앞에서 그 아이의 간식비닐을 뜯어주다 손에서 떨어진 작은 비닐조각을 무시했다.,579,실수로 작은 쓰레기를 떨어뜨렸을 때는 크기와 상관없이 즉시 줍는 것이 바람직하다.,agency,1,"그렇다, 바람직하다.",바람직하다,1,,0,crd
s-1861,친구를 너~무 좋아하는 남친☹️ 우선순위에서 제가 자꾸 밀려요ᅮᅮ,f-1153,연인의 우선순위에 일희일비하기 보다는 자신의 일상과 대인관계에도 충실하며 정서적 독립성을 유지하려 노력하는 자세가 필요하다.,agency,1,"그렇다, 필요하다.",필요하다,1,,0,kbsn
301,지하철에서 앉아 있는데 앞에 있는 젊은 사람이 어딘지 아픈 상황인 것 같은데 자리를 양보해야 하는지 아니면 그냥 앉아 있어도 되는지 분명하지 않았다.,904,지하철에서는 서로 배려하며 좌석을 양보하는 것이 좋다.,agency,1,"그렇다, 좋다.",좋다,1,,0,crd
490,팀 프로젝트 자료 조사 맡긴 친구가 제대로 하지 않아서 친구에게 부족한 점을 지적했다가 감정적인 갈등이 생겨 한동안 서먹하게 지냈다,1472,친구 사이에서 본인이 유발한 갈등은 본인이 적극적으로 나서서 해결하지 않아도 된다.,agency,-1,"아니다, 해야 한다.",해야 한다,1,,0,crd
s-1627,라방이 이어 준 25살 차이 부부💝 둘째 낳자는 27살 아내?😳,f-908,라방에서 애인을 함부로 사귀는 것은 신중히 생각해야 한다.,agency,1,"그렇다, 신중해야 한다.",신중해야 한다,1,,0,kbsn
428,친구와 여행 계획을 세우는 과정에서 비용 부담에 대한 생각이 달라 말다툼이 생겼다.,1284,다른 사람과 의견이 다를 때 말다툼을 하는 것은 옳다.,agency,-1,"아니다, 옳지 않다.",옳지 않다,1,,0,crd
s-565,"시어머니 수발을 들으며 병간호를 했는데, 알고 보니 남편이 바람을 피우고 있었어요",f-481,외도를 한 남편에 대해 책임을 물을 수 없다.,agency,-1,"아니다, 물을 수 있다.",물을 수 있다,1,,0,kbsn
266,"이사 업체 용역이 시간에 맞춰오지 못했는데, 그것에 대해 지적했더니 본인은 업체에서 연락받고 바로 온 것이니 지각이 아니라며 따질 거면 업체에 따지라고 하여 기분이 상했다.",800,마음이 상한 고객에게 사과하는 것이 적절하다.,agency,1,"그렇다, 적절하다.",적절하다,1,,0,crd
268,대중교통에서 옆 아주머니가 대뜸 대통령 투표 누구할거냐고 물어보길래 불편하다고 얘기했다.,804,대통령 선거는 비밀 보장이 원칙이니 정중하게 답변을 안 하는 것이 옳다.,agency,1,"그렇다, 옳다.",옳다,1,,0,crd
772,"외벌이 하는 배우자가 회식이 있어서 늦게 집에 돌아와서 나와 다툼이 생겼을 때 ""그럼 니가 돈 벌어 오던가""라고 말해서 속상했다.",2316,외벌이 하는 배우자의 피곤함을 배우자로서 이해해주는 것이 바람직하다.,agency,1,"그렇다, 바람직하다.",바람직하다,1,,0,crd
785,길에서 낯선 사람이 거절해도 교회 전단지를 들고 쫓아오며 교회에 가지 않으면 지옥을 간다고 말해서 너무 불쾌했다.,2355,관심없는 종교에 대해서는 명확하게 의사표현을 해서는 안 된다.,agency,-1,"아니다, 해도 된다.",해도 된다,1,,0,crd
722,이혼 후 합의한 위자료와 양육비를 제대로 이행하지 않아 너무 속상했다.,2166,상대방이 법적 의무를 회피할 경우 감정적인 대응에 치우치기보다 법적 절차를 통해 정당하게 이행을 청구하는 것은 적절하지 않다.,agency,-1,"아니다, 적절하다.",적절하다,1,,0,crd
716,성과에 크게 기여하지 않은 동료가 공을 가져가는 분위기였지만 문제를 제기해야 할지 참아야 할지 고민했다.,2148,팀의 성과를 공유할 때는 동료들의 역할과 노력을 존중하는 것이 중요하다.,agency,1,"그렇다, 중요하다.",중요하다,1,,0,crd
44,"우리집 윗층에 사는 아기가 밤에도 너무 심하게 뛰어다녀서 힘들었던 와중에, 엘리베이터에서 윗집 사는 사람들을 만났으나 따로 미안하단 말도 없어서 기분이 안 좋았다.",134,공동주택에 거주하는 어린이는 늦은 시간 실내에서 소란을 피우지 않도록 주의해야 한다.,agency,1,"그렇다, 그래야 한다.",그래야 한다,1,,0,crd
696,이어폰을 끼고 있어서 구급차의 사이렌을 듣지 못해 횡단보도를 천천히 건넌 바람에 환자 이송에 차질을 준 것 같아서 마음에 걸린다.,2090,긴급 상황이 발생할 수 있는 도로에서는 개인적인 몰입 행동을 자제하는 것이 바람직하다.,agency,1,"그렇다, 바람직하다.",바람직하다,1,,0,crd
247,스타벅스에서 자리를 찾고 있는 가족들이 보이길래 빨리 먹고 비켜줄지 말지를 고민했다.,743,공공장소에서는 남에게 방해되지 않게 행동하는게 좋다,agency,1,"그렇다, 좋다.",좋다,1,,0,crd
379,오래 만난 친구가 있는데 나에게 너무 의존하여 너무 힘들게 해서 관계를 끊고 싶은 순간이 있었다.,1139,오래 만난 친구가 힘들게 할 때 감정을 솔직하게 바로 말하지 않아도 된다.,agency,-1,"아니다, 해야 한다.",해야 한다,1,,0,crd
417,"남자친구의 친구와 내 친구를 소개팅으로 만나게 했는데, 남자친구가 내 친구를 못생겼다고 말해 그 일로 크게 말다툼을 했다.",1253,소개를 통해 만난 자리에서 우선 상대를 존중하는 태도와 예의를 유지하는 것은 바람직하지 않다.,agency,-1,"아니다, 바람직하다.",바람직하다,1,,0,crd
79,축구 경기를 보고 집에 돌아가는 길에 시간이 빠듯하여 경기장 자리에 쓰레기를 놓고 온 적이 있다.,239,경기장 시설을 사용한 후에는 자신의 자리를 깨끗하게 정리하는 것이 옳다.,agency,1,"그렇다, 옳다.",옳다,1,,0,crd
748,시댁과의 마찰에 남편이 시어머니 편만 들어서 불쾌했다.,2246,갈등의 원인과 자신의 입장을 구체적으로 전달해야 한다.,agency,1,"그렇다, 그래야 한다.",그래야 한다,1,,0,crd
10,야근이 잦다고 이야기했더니 “일을 못 끝내서 그런 거죠?”라는 말을 들어 말문이 막혔다.,30,타인의 업무 상황을 평가할 때 상대의 능력을 폄하하는 것으로 들릴 수 있는 표현을 피하고 신중하게 말하는 것은 바람직하지 않다.,agency,-1,"아니다, 하는 것이 바람직하다.",하는 것이 바람직하다,1,,0,crd
633,"여자친구가 결혼 이야기를 꺼냈을 때, 결혼에 대한 불안을 솔직하게 털어놓아야 할지, 상처 주지 않기 위해 맞장구를 쳐야 할지 고민돼 마음이 무거웠어.",1899,친한 관계인 경우 적정한 선을 지키는 것이 중요하다.,agency,1,"그렇다, 중요하다.",중요하다,1,,0,crd
s-2060,억대 빚을 남기고 떠난 새어머니♨️ 아버지가 걱정됩니다...,f-1211,상대방에게 피해를 주고 말도 없이 떠났다면 그에 대해 진심으로 사과해야 한다.,agency,1,"그렇다, 그래야 한다.",그래야 한다,1,,0,kbsn
90,"식당에서 주문한 찌개가 나왔는데, 국자에 이물질이 묻어있어 바꿔달라고 종업원에게 요청했더니 오히려 퉁명스럽게 이야기해서 불쾌했다.",270,식당에서 비위생적인 식기를 받았을 경우 종업원에게 교환 요청을 할 수 있다.,agency,1,"그렇다, 그럴 수 있다.",그럴 수 있다,1,,0,crd
86,"신입사원이 자신의 업무에 어려움을 겪고 있는 모습을 보았으나, 내 업무가 너무 바빠서 도와주지 않았다.",260,신입 직원은 업무에 익숙해지는 과정에서 적극적으로 질문하고 배우려는 태도를 갖는 것이 바람직하다.,agency,1,"그렇다, 바람직하다.",바람직하다,1,,0,crd
s-1652,오빠가 이혼하며 조카 셋을 혼자 키우고 있는 고모,f-959,아이들에게 보상을 받아내는 것은 괜찮다.,agency,-1,"아니다, 안 된다.",안 된다,1,,0,kbsn
23,"택시 한 대를 두고 다른 사람과 함께 기다리고 있었는데, 내가 먼저 와 있었다는 이유로 먼저 타야 한다며 말다툼을 벌인 적이 있다.",71,공공장소에서 다른 사람에게 피해를 주는 이기적인 행동을 해도 된다.,agency,-1,"아니다, 하지 않아야 한다.",하지 않아야 한다,1,,0,crd
444,"아침에 길에서 담배꽁초를 버린 사람과 누군가가 다투는 모습을 보았지만, 개입하기엔 상황이 커질 것 같아 그냥 모른 척 지나쳤다.",1333,길거리에서 타인 간의 다툼에 개입하지 않고 지나치는 선택을 하는 것은 적절하지 않다.,agency,-1,"아니다, 적절하다.",적절하다,1,,0,crd
788,얼마 전 대학 선배가 신용카드를 분실했다며 재발급될 동안 내 카드를 대신 좀 쓰자고 하는 걸 못 들은 척 무시했다.,2364,개인 신용과 직결되는 물품 사용을 타인에게 요청할 때는 상대에게 큰 부담과 위험이 될 수 있음을 인식하는 것이 옳다.,agency,1,"그렇다, 옳다.",옳다,1,,0,crd
306,"실험실에서 사수 선배가 있는데, 내가 만든 시약을 계속 당연한 듯이 가져다 써서 그러지 않았으면 좋겠다고 말해서 서로 불편한 감정이 든 상황이 있었다.",919,다른 사람의 물건을 허락없이 함부로 사용하는 것은 나쁘다.,agency,1,"그렇다, 나쁘다.",나쁘다,1,,0,crd
7,3년전 새로 들어온 팀장이 15년넘게 회사에 있던 나에게 너는 일을 이렇게 할거면 스스로 퇴사하는게 회사를 도와주는거라고 퇴사하라는 막말을 들었다.,21,부하 직원에게 막말을 하는 것은 옳다.,agency,-1,"아니다, 옳지 않다.",옳지 않다,1,,0,crd
s-2528,‘어려운 한국 문화’ 한국 시댁살이가 걱정되는 러시아댁...,f-1375,서로 상이한 문화에 적응하려는 적극적인 자세가 필요하다.,agency,1,"그렇다, 필요하다.",필요하다,1,,0,kbsn
779,시어머니가 해주신 음식이 입맛에 맞지 않아 집에 가져가면 결국 안먹고 버릴 것을 알면서도 솔직하게 말하지 못하고 집에 가져왔다.,2339,"가족에게 음식을 권할 때는 상대의 취향과 상황을 고려하고, 부담이 되지 않도록 배려하는 것이 좋다",agency,1,"그렇다, 좋다.",좋다,1,,0,crd
210,지하철에서 자리를 차지한 채 자는 사람 옆에 노약자가 서 있는 것을 보고 깨워야 할지 망설였다.,631,대중교통에서 노약자에게 자리를 양보해주지 않아도 된다.,agency,-1,"아니다, 해줘야 한다 .",해줘야 한다 ,1,,0,crd
319,"친구가 문구점에서 볼펜을 몰래 가져가는 것을 봤을 때, 제재하거나 사장님께 말하는 것이 맞지만 친구라 말할 수 없었다.",957,물건을 계산하지 않고 가져가는 것은 옳은 행동이다.,agency,-1,"아니다, 옳지 않다.",옳지 않다,1,,0,crd
s-554,6남매 키우는 것만으로 벅찬데 남편은 매일 갓 지은 밥을 해주길 원해요,f-471,아이를 키우고 잘 돌보는 것은 당연히 부모로서 가져야 할 책임이다.,agency,1,"그렇다, 책임이다.",책임이다,1,,0,kbsn
509,"나와 상의도 없이 먼저 시댁 식구들과 약속을 잡은 후, 통보를 하는 남편때문에 매우 불쾌했다.",1528,결혼한 아들과 약속을 잡을 때 며느리의 일정도 함께 물어보는 것은 좋지 않다.,agency,-1,"아니다, 좋은 행동이다.",좋은 행동이다,1,,0,crd
794,곧 칠순이 되는 시어미니 생신상을 시누이들이 며느리인 나에게 전담시키려 해서 마음이 불편하다.,2383,가족 구성원의 생일에 대해 혼자서만 부담하지 않으면 안 된다.,agency,-1,"아니다, 괜찮다.",괜찮다,1,,0,crd
s-177,외국인 새아빠와 재혼하고 돌변해 버린 엄마... 생계유지와 육아까지 책임지고 있어요,f-68,자녀에게 본인의 양육 의무를 맡기는 건 옳지 않다.,agency,1,"그렇다, 옳지 않다.",옳지 않다,1,,0,kbsn
s-1841,딸을 사탄 취급하는 엄마👿,f-1135,"부모로부터 부당한 대우를 받았을 때, 참지 않고 자신의 감정을 명확히 전달하고 보호받을 권리를 찾는 것은 좋지 않다.",agency,-1,"아니다, 좋다.",좋다,1,,0,kbsn
s-625,폐암 4기 선고를 받은 그녀가 가족에게 전하는 진심과 감사...,f-149,나의 아픔보다 가족의 마음을 배려하는 것이 좋다.,agency,1,"그렇다, 좋다.",좋다,1,,0,kbsn
540,"동일한 업무를 수행하고 있음에도 옆 팀의 성과가 낮아 우리 팀이 업무를 더 많이 맡게 되는 상황이 발생해, 팀원들에게 어떻게 더 노력해 달라고 말해야 할지 고민하고 있다.",1620,팀원들에게 추가 업무의 배경을 설명하며 협조를 요청하는 것은 바람직하지 않다.,agency,-1,"아니다, 바람직하다.",바람직하다,1,,0,crd
740,"1달전에 입사하기로 했던 회사가 있었는데, 입사 하루 전 더 좋은 제안이 와서 다른 회사로 이직을 했다. 도의적으로는 맞지 않았으나 좋은 기회를 놓칠수 없어 신의를 저버렸다.",2220,입사 확정 이후 상황이 변경되었을 경우 가능한 한 빠르게 사실을 알리고 정중히 사과하는 것은 바람직하지 않다.,agency,-1,"아니다, 바람직하다.",바람직하다,1,,0,crd
94,"친구의 여자친구가 술집에서 헌팅을 하는 것을 보았는데, 친구에게 말을 해야 할지 망설여진다.",282,타인이 잘못된 행동을 하려고 할 때 타이르지 않아도 된다.,agency,-1,"아니다, 타일러야 한다.",타일러야 한다,1,,0,crd
766,반복되는 부탁을 당연하게 여기는 상사의 태도에 서운함이 쌓여 결국 언성이 높아졌다.,2299,부하 직원에게 반복해서 부탁을 하면서도 당연한 듯이 대하는 것은 적절하지 않다.,agency,1,"그렇다, 적절하지 않다.",적절하지 않다,1,,0,crd
566,헬스장에서 기구를 사용 중이라고 말했는데도 다른 사람이 무단으로 무게를 바꿔놓아 기분이 상했다.,1699,기구를 사용한다고 말했을 경우 기다려야 한다,agency,1,"그렇다, 그래야 한다.",그래야 한다,1,,0,crd
716,성과에 크게 기여하지 않은 동료가 공을 가져가는 분위기였지만 문제를 제기해야 할지 참아야 할지 고민했다.,2149,조직 내의 불공정한 일을 보고도 못 본 척 하는 것은 옳지 않다.,agency,1,"그렇다, 옳지 않다.",옳지 않다,1,,0,crd
s-25,폭언부터 교수님의 성형 제안까지... 사연자가 성형에 빠지게 된 이유,f-14,상대가 부당한 대우와 요구를 할 때는 거절하는 것이 좋다.,agency,1,"그렇다, 좋다.",좋다,1,,0,kbsn
289,"회사에서 팀원들끼리 점심을 먹으러 왔는데 모두 짜장면으로 메뉴를 통일했다. 나는 조리 시간이 좀 더 걸리는 삼선볶음밥을 먹고 싶은데, 그래도 될지 고민했다.",867,점심시간에는 시간을 고려해 점심 메뉴를 통일하지 않아도 된다.,agency,-1,"아니다, 해야 한다.",해야 한다,1,,0,crd
s-2152,아이들과 함께 안 살거면 헤어지자고 하는 남친... 결혼해도 될까요?,f-1314,연인의 아이들을 전부 책임질 필요는 없다.,agency,1,"그렇다, 필요는 없다.",필요는 없다,1,,0,kbsn
368,버스 정류장에서 차들을 구경하고 잇었는데 차 주인과 눈을 마주쳤더니 욕해서 당혹스러웠다.,1105,타인의 사유물이나 개인적인 공간을 너무 오래 응시하는 것은 바람직하지 않다.,agency,1,"그렇다, 바람직하지 않다.",바람직하지 않다,1,,0,crd
s-1178,부모님의 이혼으로 보육원에서 자란 고민남.. 그리고 25년 만에 재회한 친엄마,f-689,보육원에서 자랐더라도 친모에 대한 혈육의 정을 표하는 것이 옳다.,agency,1,"그렇다, 옳다.",옳다,1,,0,kbsn
s-1109,"모든 걸 알고 있는 무속인 엄마, 남친 성을 맞춘다니까요!?",f-665,관계 유지에 있어서 제3자의 말만으로 좌우하는 행동은 옳지 않다.,agency,1,"그렇다, 옳지 않다.",옳지 않다,1,,0,kbsn
302,버스 정류장 옆에 쓰레기가 쌓여 있는데 내가 가진 쓰레기도 버려도 되는지 아니면 스스로 처리해야 하는지 판단하기 어려웠다.,906,공공 질서 유지를 위해 쓰레기를 쓰레기통에 버리는 것은 옳지 않다.,agency,-1,"아니다, 옳은 일이다.",옳은 일이다,1,,0,crd
565,아파트 엘리베이터에서 유모차를 밀고 들어가려는데 뒤에 서 있던 사람이 “먼저 타세요”라고 말해놓고는 한숨을 쉬어서 기분이 불편했다.,1695,아이를 동반한 사람을 먼저 배려하는 것이 좋다.,agency,1,"그렇다, 좋다.",좋다,1,,0,crd
s-1686,매일 싸우는 10살 차이 커플! 그래도 오빠 없인 못 살아요💕🍯,k-996,성인이라면 10살 차이나는 사람과 사귀는 것은 괜찮지 않다,agency,1,"그렇다, 괜찮지 않다.",괜찮지 않다,1,,1,kbsn_2nd
s-550,지적장애를 가진 조카를 나에게 맡긴 오빠! 근데 결혼한다니까 조카를 키우라는 부모님?!,f-464,성인 가족 구성원에게 명령하는 것은 나쁘다.,agency,1,"그렇다, 나쁘다.",나쁘다,1,,0,kbsn
180,주차장에서 다른 운전자가 내 차를 막아놓고 연락이 없어 분노했다.,541,타인의 부주의로 불편한 상황이 발생하더라도 감정을 절제하고 폭언이나 충돌 없이 합리적인 방법으로 문제를 해결하려는 태도가 필요하다.,agency,1,"그렇다, 필요하다.",필요하다,1,,0,crd
669,"회사 회의 시간에 서로 다른 성향으로 회의 시간은 길어졌고, 서로의 결과물에 대해 날 선 비판이 오가며 팀 분위기가 경직되었다.",2007,회의가 길어지고 분위기가 경직될 때에는 감정적으로 반응하기보다 논의의 핵심을 정리하려는 태도는 필요하지 않다.,agency,-1,"아니다, 필요하다.",필요하다,1,,0,crd
284,"혹시 내가 작성한 문서 내용이 틀릴까 문의드렸으나, 상대방이 이에 대해 내가 그런 부분까지 봐줘야하냐며 화를 내어서 당황했다.",854,원활한 협업을 위해 동료의 실수를 사전에 방지하려는 노력을 돕는 것은 조직원으로서 갖출 필요가 없다.,agency,-1,"아니다, 갖추어야 한다.",갖추어야 한다,1,,0,crd
289,"회사에서 팀원들끼리 점심을 먹으러 왔는데 모두 짜장면으로 메뉴를 통일했다. 나는 조리 시간이 좀 더 걸리는 삼선볶음밥을 먹고 싶은데, 그래도 될지 고민했다.",869,개인의 식사 메뉴 선택이 팀에 큰 지장을 주지 않는 한 존중해야 한다.,agency,1,"그렇다, 그래야 한다.",그래야 한다,1,,0,crd
s-1406,"다시 파일럿이 되길 원하는 가족들, 그가 그만 둘 수밖에 없었던 이유🛫",k-790,"가족 구성원이 내린 개인적인 선택에 대해서 다른 가족들은 의문을 갖지 말고 존중, 지지해 줄 필요 없다.",agency,1,"그렇다, 필요 없다.",필요 없다,1,,1,kbsn_2nd
606,부모님과 함께 일본으로 여행을 갔지만 장소랑 음식에 대해서 부모님이 불평하셔서 여행 내내 기분이 상했다.,1818,여행 중 장소나 음식에 대해 불만을 표현하지 않고 상황을 존중하는 태도가 바람직하다.,agency,1,"그렇다, 바람직하다.",바람직하다,1,,0,crd
489,아파트 윗집에서 밤늦게까지 쿵쿵대는 소리와 층간소음 문제로 인터폰을 통해 항의하며 이웃과 말다툼을 벌였다,1469,아파트와 같은 공동체 생활에서는 타인에게 피해를 주지 않기 위해 서로 배려하고 주거 에티켓을 준수하는 것이 바람직하다.,agency,1,"그렇다, 바람직하다.",바람직하다,1,,0,crd
678,커피숍에서 아주머니 두명이 너무 시끄럽게 해서 정신이 없었다.,2035,공공장소에서는 주변 사람들을 배려하지 않고 시끄럽게 해도 된다.,agency,-1,"아니다, 안된다.",안된다,1,,0,crd
454,10년전에 제가 노트북 사달라고 부모님한테 졸랐고 부모님이 예산 문제로 반대해서 서로간에 화가 많이 났던 상황이 많았다.,1362,원하는 것을 얻기 위해 반복적으로 졸라 상대방에게 부담을 주는 행동은 적절하지 않다.,agency,1,"그렇다, 적절하지 않다.",적절하지 않다,1,,0,crd
798,우리 집 현관문 도어록 비밀번호를 알고 있는 시모가 아무 때나 문을 열고 들어오길래 비밀번호를 바꾸고 이 사실을 시모에게 알리지 않았다.,2395,비밀번호를 바꾸기 전에 불편한 점을 솔직히 말씀드리고 양해를 구하는 것이 좋다.,agency,1,"그렇다, 좋다.",좋다,1,,0,crd
151,아들 둘을 둔 시어머니가 무거운 김치를 옮기며 며느리인 나에게 와서 도와달라고 하셔서 당황스러웠다.,453,가족의 부탁을 들어주기 어려워도 거절하면 안 된다.,agency,-1,"아니다, 거절해도 괜찮다 .",거절해도 괜찮다 ,1,,0,crd
640,카페에서 공부하던 중 옆자리 사람이 너무 큰 소리로 통화해서 집중을 위해 말할지 괜히 불편한 상황을 만들지 고민했다.,1920,공공장소에서 소음으로 학습에 방해가 될 경우 공손하게 요청을 전달하는 것은 적절하지 않다.,agency,-1,"아니다, 적절하다.",적절하다,1,,0,crd
326,"배우자와 집안일을 분배했는데, 맡기로 한 일을 며칠이 지나도록 하지 않아 짜증이 났다.",979,합의된 역할을 미루는 행동은 옳지 않다.,agency,1,"그렇다, 옳지 않다.",옳지 않다,1,,0,crd
799,수영 강습 첫날 기존 회원들이 수영 강사의 생일이라며 생일선물 비용을 일방적으로 내라고 해서 기분이 안좋았다.,2399,공동체에서 비용을 제안할 때 참여 여부를 자율적으로 선택할 수 있도록 사전에 충분히 설명하고 동의를 구하는 것은 옳지 않다.,agency,-1,"아니다, 옳다.",옳다,1,,0,crd
s-2212,"롱디 예정인 11살 초딩 커플, ′′남자친구와 헤어져야 할까요?′′",f-1331,연인이 롱디 때문에 헤어지는 것은 옳다.,agency,-1,"아니다, 옳지 않다.",옳지 않다,1,,0,kbsn
202,"수영을 하던 중 반대쪽에서 수영을 하던 사람의 얼굴을 쳤는데, 수업 시간이다 보니 멈추지 못하고 계속 수영을 할 수 밖에 없었다.",608,수업시간에 잘못한 점은 바로 사과하지 않아도 된다.,agency,-1,"아니다, 해야 한다.",해야 한다,1,,0,crd
160,"친구에게 중요한 카톡을 급하게 보냈는데, 확인하지도 않고 5시간 이상 읽씹당했다. 자기가 필요할때만 찾는 것 같아 짜증이 났다.",481,다른 사람의 연락에 대해서 간단히라도 답장을 할 필요는 없다.,agency,-1,"아니다, 하는 것이 좋다.",하는 것이 좋다,1,,0,crd
220,명절 때 친척과 얘기하는 가운데 나에대해 섭섭함을 얘기했을때 순간 많이 당황했다.,662,가족 간의 감정 표현 시 서로의 관계를 해치지 않는 방식으로 이루어지는 것은 바람직하지 않다.,agency,-1,"아니다, 바람직하다.",바람직하다,1,,0,crd
s-1652,오빠가 이혼하며 조카 셋을 혼자 키우고 있는 고모,k-961,이혼한 부모를 욕해도 괜찮다,agency,1,"그렇다, 괜찮다.",괜찮다,1,,1,kbsn_2nd
473,수영장에서 한 회원이 다른 회원의 외모에 대한 평가를 하는 말을 들었지만 괜히 문제가 될까봐 아무 말도 하지 않은 것이 맞았는지 계속 고민이 되었다.,1421,다른 사람의 외모에 대해 평가하는 태도는 좋지 않다,agency,1,"그렇다, 좋지 않다.",좋지 않다,1,,0,crd
s-1365,"여자와 있으면 말이 안 나와요.. 36살 모태솔로, 알고 보니 인기남?🤣",f-763,친구가 이성을 지나치게 의식하는 편이라면 고쳐 나가도록 적극적으로 조언하고 도와주어야 한다.,agency,1,"그렇다, 그래야 한다.",그래야 한다,1,,0,kbsn
616,"마트 계산대에서 직원이 내 계산을 이중으로 한 것 같았지만, 내가 착각한 건 아닐지 확신이 없어 그냥 지나쳤다.",1848,계산을 이중으로 하는 것은 바람직하지 않다.,agency,1,"그렇다, 바람직하지 않다.",바람직하지 않다,1,,0,crd
461,오늘 아침 집에서 자녀가 늦잠을 자는 걸 보고 깨울지 말지 망설였다.,1384,늦잠을 자서 회사나 학교에 지각하는 것은 옳지 않다,agency,1,"그렇다, 옳지 않다.",옳지 않다,1,,0,crd
352,주차장 진입을 위해 다른 차들 뒤에 대기 중인데 어떤 차가 맨 앞으로 끼어들며 주차 요원에게 큰소리치고 난동을 부려 주차 요원이 그냥 대기 없이 입차를 시켜줬다.,1058,대기 차량이 있는 상황에서 끼어들거나 요원에게 폭력과 난동으로 위력을 행사해 순서를 바꾸려는 행동은 옳지 않다.,agency,1,"그렇다, 옳지 않다.",옳지 않다,1,,0,crd
424,"회사에서 상사의 지시가 비효율적이라고 느꼈지만, 의견을 말하면 분위기가 어색해질까 봐 그대로 따를지 고민했다.",1274,회사의 발전을 위해서는 상사의 지시라도 무조건 따르기보다는 더 나은 대안을 함께 모색하는 것이 바람직히다.,agency,1,"그렇다, 바람직하다.",바람직하다,1,,0,crd
s-1688,여사친 못 잃어ᅮᅮ 친구 사이 멀어질까 연애는 안 하는 23살,f-1008,연애 중에 이성친구를 만나면 안 된다.,agency,-1,"아니다, 괜찮다.",괜찮다,1,,0,kbsn
s-1526,"164cm 남친, 키 작다는 이유로 교제를 반대하는 부모님😓",f-830,자녀의 교제 대상을 함부로 평가하는 태도는 바람직하다.,agency,-1,"아니다, 바람직하지 않다.",바람직하지 않다,1,,0,kbsn
159,차가 없는 한산한 도로에서 빨간불인데 그냥 가도 될지 고민하였다.,477,차가 다니지 않는 도로에서는 신호등이 빨간불일 때 길을 건너도 된다.,agency,-1,"아니다, 안된다.",안된다,1,,0,crd
9,주말에 혼자 여행을 갔다 왔다고 하자 “외로워서 그런 거 아니에요?”라는 농담을 들어 어떻게 받아쳐야 할지 난감했다.,28,타인에게 농담을 할 때는 상대방의 기분이 상하지 않도록 주의해야 한다.,agency,1,"그렇다, 그래야 한다.",그래야 한다,1,,0,crd
s-2675,본사 직원과 가맹점주의 커피향 가득한 연애♥,f-1390,교제로 인해서 본 목적인 업무를 소홀히 해서는 안된다.,agency,1,"그렇다, 그래서는 안 된다.",그래서는 안 된다,1,,0,kbsn
s-632,"아버지의 외도와, 부모님의 갈등으로 갈라져 버린 가족들...",f-55,부모이더라도 최선을 다해 가족을 지킬 필요가 없다,agency,-1,"아니다, 필요가 있다.",필요가 있다,1,,0,kbsn
s-1545,키 작은 남친과 헤어지라고 다른 남자 소개해 주는 부모님😮,f-845,자녀의 선택을 존중해야 한다.,agency,1,"그렇다, 그래야 한다.",그래야 한다,1,,0,kbsn
8,카페에서 주문이 잘못 나왔지만 다시 만들게 하는 것이 괜히 예민한 행동처럼 느껴져 망설였다.,24,카페에서 주문한 음료가 잘못 나왔을 경우 직원에게 정정을 요청해도 괜찮다.,agency,1,"그렇다, 괜찮다.",괜찮다,1,,0,crd
315,"내가 꿈을 위한 계획을 가족에게 말하자 언니가 ""니가 퍽이나 하겠다""라고 무시해서 화가 났다.",946,비난에 감정적으로 대응하기 보다 근거를 차분히 설명하는 것이 적절하지 않다.,agency,-1,"아니다, 적절하다.",적절하다,1,,0,crd
43,"내 가게에서 일하는 알바생이 근무 시간에 대놓고 핸드폰으로 드라마를 시청해서 주의를 주었으나, 그럼에도 불구하고 알바생이 계속 핸드폰을 이용하여 기분이 안 좋았다.",129,알바생이 아르바이트 근무 시간 중 잘못된 행동을 하더라도 타이르지 않아도 된다.,agency,-1,"아니다, 타일러야 한다.",타일러야 한다,1,,0,crd
2,친구가 다른 친구 연락은 읽고 내 연락은 보란듯이 씹어서 불쾌했다.,8,타인 간의 관계에 대해 함부로 판단해선 안된다.,agency,1,"그렇다, 그래서는 안 된다.",그래서는 안 된다,1,,0,crd
s-938,"발달 장애 아들, 엄마로서 행복하게 키울 수 있을까요?",f-578,장애 아동 가정이 있으면 작은 도움이라도 줄 줄 알아야 한다,agency,1,"그렇다, 그럴 줄 알아야 한다.",그럴 줄 알아야 한다,1,,0,kbsn
s-2111,가족 모르게 시리아인과 결혼한 누나.. 생사조차 알 수 없는 누나의 행방은..?,f-1284,가족 구성원의 모든 행동을 전부 이해할 필요가 있다.,agency,-1,"아니다, 필요 없다 .",필요 없다 ,1,,0,kbsn
692,고등학교 동창들과 여행을 가며 내 승용차로 이동했는데 주유비를 전부 내가 부담하게 되어 기분이 썩 좋지 않았다.,2076,타인의 차량을 이용할 때 연료비 등 부수 비용에 대한 배려를 하는 것은 좋지 않다.,agency,-1,"아니다, 좋다.",좋다,1,,0,crd
240,"생일을 서로 챙기고 싶지 않은데, 친구가 먼저 생일을 챙겨줘서 나도 친구의 생일을 챙겨줘야 할지 고민했다.",720,친구의 생일을 챙길 때는 보답을 바라도 된다.,agency,-1,"아니다, 바지 않아야 한다.",바지 않아야 한다,1,,0,crd
s-247,아내의 문자에서 드러난 불륜남과의 이혼 전 성관계 사실,f-169,배우자의 외도 사실을 알게 되었을 때는 감정적 충동보다 사실 확인과 적절한 절차를 통해 문제를 해결하는 것은 바람직하지 않다.,agency,-1,"아니다, 바람직하다.",바람직하다,1,,0,kbsn
s-25,폭언부터 교수님의 성형 제안까지... 사연자가 성형에 빠지게 된 이유,f-12,타인에게 외모 지적을 하는 것은 바람직하지 않다.,agency,1,"그렇다, 바람직하지 않다.",바람직하지 않다,1,,0,kbsn
240,"생일을 서로 챙기고 싶지 않은데, 친구가 먼저 생일을 챙겨줘서 나도 친구의 생일을 챙겨줘야 할지 고민했다.",722,친구에게 부담스러운 마음을 솔직하게 이야기 하는 것이 좋다.,agency,1,"그렇다, 좋다.",좋다,1,,0,crd
584,친구가 진보 성향의 정치인을 선호하는 것 같아서 보수 성향인 나의 정치 성향을 말하지 않았다.,1754,"대인 관계에서 정치적 주제가 갈등을 유발할 수 있음을 고려하여, 타인의 침묵이나 신중한 태도를 부정적으로 해석하지 않는 것이 중요하다.",agency,1,"그렇다, 중요하다.",중요하다,1,,0,crd
316,퇴근을 할 때 버스를 타고 자리에 앉아있는데 할머니가 타시는 것을 봤지만 너무 피곤해 못 본척 눈을 감았다.,950,노약자가 대중교통에서 보호와 배려의 대상이 되어서는 안 된다.,agency,-1,"아니다, 되어야 한다.",되어야 한다,1,,0,crd
s-1553,"손님들과 합석해서 마시는 인싸 사장님, 한 달에 손해 금액이 300만 원?",f-858,정부나 사회는 소상공인들의 어려움을 신경쓰는 것이 좋다.,agency,1,"그렇다, 좋다.",좋다,1,,0,kbsn
s-160,아내와 이혼 후 세 딸 양육비 안 줬어요,f-63,부모는 자녀 양육에 필요한 금전적 지원을 하지 않아도 된다.,agency,-1,"아니다, 해야 한다.",해야 한다,1,,0,kbsn
s-418,"1년 차 신혼부부, 게임만 하는 겜돌이 남편이 너무 서운해요",f-376,서운한 점이 있으면 터놓고 이야기할 필요가 있다.,agency,1,"그렇다, 필요하다.",필요하다,1,,0,kbsn
159,차가 없는 한산한 도로에서 빨간불인데 그냥 가도 될지 고민하였다.,478,운전자가 행인의 무단 횡단을 염두에 두고 방어 운전을 하는 것은 바람직하지 않다.,agency,-1,"아니다, 바람직하다.",바람직하다,1,,0,crd
5,내 택배를 챙기다가 반려견이 모르는 사람에게 좋다고 짖으며 다가가서 급하게 안고서 사과 했는데 그 사람이 욕을 해서 불쾌했다.,16,예기치 않은 상황이 발생했을 때는 신속하게 사과하고 상황을 수습하는 것이 옳다.,agency,1,"그렇다, 옳다.",옳다,1,,0,crd
s-1861,친구를 너~무 좋아하는 남친☹️ 우선순위에서 제가 자꾸 밀려요ᅮᅮ,f-1150,우정과 사랑 사이에서 적절한 균형을 찾지 못하고 한쪽으로만 치우쳐 갈등을 방치하는 것은 바람직하지 않다.,agency,1,"그렇다, 바람직하지 않다.",바람직하지 않다,1,,0,kbsn
671,"잔돈이 없어서 절 시주함에 만원을 넣고, 안에 있던 다른 사람이 시주한 5천원을 꺼내갔다.",2014,타인이 결제나 구매를 위해 넣어둔 돈을 임의로 사용하는 것은 옳지 않다.,agency,1,"그렇다, 옳지 않다.",옳지 않다,1,,0,crd
s-434,"채팅으로 만났던 아내 하지만 2번의 외도로 이혼, 요즘 술집에서 만났던 알바생이 끌려요",f-384,새로운 사람을 만날때는 타인이 어떤 사람인지 신중히 알아보고 만나봐야 한다.,agency,1,"그렇다, 그래야 한다.",그래야 한다,1,,0,kbsn
253,주말 오후에 초대 받은 친구의 결혼식장 로비에서 나는 ATM 앞에서 친구와 얼마나 친한지를 생각하며 축의금 봉투에 얼마를 넣어야 친구가 섭섭해하지 않을지 걱정에 빠졌다.,759,타인의 시선을 지나치게 의식해 무리한 지출을 할 수 있다.,agency,-1,"아니다, 바람직하지 않다.",바람직하지 않다,1,,0,crd
121,상사가 무리한 지시를 했을 때 따르지 않는 것이 팀에 도움이 됨에도 불구하고 해야하는지 고민했다.,363,직장에서 상사의 무리한 지시는 따르지 않아도 괜찮다.,agency,1,"그렇다, 그래도 괜찮다.",그래도 괜찮다,1,,0,crd
s-351,불우한 가정 환경 속 믿었던 내 가족과 지인들의 배신,f-311,나를 믿고 있는 사람과의 신뢰를 깨뜨리는 것은 좋지 않다.,agency,1,"그렇다, 좋지 않다.",좋지 않다,1,,0,kbsn
s-257,이혼 후 돈이 없어 자녀들과 노숙 생활을 하다 만남 양아버지의 성희롱,f-201,자신을 비롯하여 자녀들에게 피해를 입힐 수 있는 부적절한 관계나 환경으로부터 벗어나려고 노력하지 않아도 된다.,agency,-1,"아니다, 해야 한다.",해야 한다,1,,0,kbsn
291,"키가 크지 않으면 남자로 보이지 않는다는 말을 들었을 때, 별로 상관하지 않았음에도 괜히 남자가 아닌 것으로 분류되어 당혹스러웠다.",873,부적절한 발언을 들었을 때는 자신의 기준을 분명히 하는 것이 좋다.,agency,1,"그렇다, 좋다.",좋다,1,,0,crd
519,엘레베이터를 타려고 달려갔는데 안에 있던 사람이 날 봤는대도 문닫힘을 눌러서 당혹스러웠다.,1557,공공장소에서 엘리베이터를 이용할 때 주변 사람의 상황을 살펴보고 기본적인 배려를 보이는 것은 바람직하지 않다.,agency,-1,"아니다, 바람직하다.",바람직하다,1,,0,crd
s-1686,매일 싸우는 10살 차이 커플! 그래도 오빠 없인 못 살아요💕🍯,k-1002,헤어지자고 먼저 말하는 것을 아무 때나 하면 안 된다.,agency,1,"그렇다, 그러면 안 된다.",그러면 안 된다,1,,1,kbsn_2nd
s-1661,1년에 10번 보는 스님 아빠를 그리워하는 사춘기 딸..,f-967,사람이 아이를 낳았다고 해서 마땅히 부모 노릇을 해야 하는 것은 아니다.,agency,-1,"아니다, 해야 한다.",해야 한다,1,,0,kbsn
23,"택시 한 대를 두고 다른 사람과 함께 기다리고 있었는데, 내가 먼저 와 있었다는 이유로 먼저 타야 한다며 말다툼을 벌인 적이 있다.",69,택시를 이용할 때는 기다리던 순서대로 타는 것이 옳다.,agency,1,"그렇다, 옳다.",옳다,1,,0,crd
504,학창 시절에 시험 도중 옆자리 친구의 시험지 답이 보여서 부정행위를 할지 말지 고민한 적이 있다.,1513,옆자리 친구의 시험지가 보이면 보는 것이 좋다.,agency,-1,"아니다, 그러지 않는 것이 좋다.",그러지 않는 것이 좋다,1,,0,crd
668,공원에서 산책을 하고 있는데 벤치에 앉은 남성이 담배를 피고 있었고 바람을 타고 오는 담배 연기에 숨을 쉴 수가 없어 짜증이 났다.,2004,공공장소에서 흡연으로 불편이 발생할 경우 직접적인 충돌을 피하고 멀리 이동하거나 관리 주체에 알리는 것이 바람직하다.,agency,1,"그렇다, 바람직하다.",바람직하다,1,,0,crd
576,"회식 자리에서 후배의 무례한 농담을 분위기를 위해 넘길지, 바로 지적해야 할지 고민하다 결국 아무 말도 하지 못했다.",1729,후배는 선배를 존중해야 한다.,agency,1,"그렇다, 그래야 한다.",그래야 한다,1,,0,crd
535,동호회에 새로 가입했는데 처음 보는 사람이 나이를 묻고 나서 자신이 나이가 많다며 바로 하대를 해서 불쾌했다.,1606,불쾌하면 나이 많은 사람이어도 다투는 것이 좋다.,agency,-1,"아니다, 그러지 않는 것이 좋다 .",그러지 않는 것이 좋다 ,1,,0,crd
701,사람이 많지 않은 장소에서 뒤에서 걸어오던 사람이 일부러 어깨를 치고 지나가서 매우 불쾌했다.,2104,불쾌한 상황이 발생했을 때 즉각적인 충돌을 피하고 감정을 조절하는 것은 바람직하지 않다.,agency,-1,"아니다, 바람직하다.",바람직하다,1,,0,crd
780,골목에서 청소년들이 담배를 피우는 것을 보았지만 한마디 했다가 괜히 싸움에 말려들 것 같아 무서워서 못본척하고 빠르게 지나갔다.,2340,미성년자의 신분으로 담배를 피우는 것은 옳은 행동이다,agency,-1,"아니다, 옳지 않다.",옳지 않다,1,,0,crd
514,회사 동료가 자신의 일을 제대로 하지 않고 자꾸 나에게 떠넘겨서 말다툼을 했다.,1544,자신의 일을 다른 사람에게 떠넘기는 것이 좋다.,agency,-1,"아니다, 좋지 않다.",좋지 않다,1,,0,crd
337,"친구 모임에서 결혼 계획이 없다고 했더니, 한 친구가 “그럼 인생이 허무하지 않냐”고 말해 난처했다.",1012,친구의 말을 예민하게 받아들이지 않는 것은 좋지 않다.,agency,-1,"아니다, 좋다.",좋다,1,,0,crd
s-343,"아버지가 사기꾼의 편을 드는 상황, 올케는 아버지까지 같이 고소하겠대요",f-293,남의 일에 끼어드는 것은 예의 있는 행동이다.,agency,-1,"아니다, 예의가 아니다.",예의가 아니다,1,,0,kbsn
s-2075,아버지 몰래 대학 등록금까지 가져갔던 새어머니와 형제간의 사이,f-1234,"가족이 옳지 않은 행동을 하고 있을 때,  적극적으로 저지할 필요는 없다. ",agency,-1,"아니다, 저지해야 한다.",저지해야 한다,1,,0,kbsn
s-1381,"신념 때문에 고기를 먹지 못하는 아내, 설거지도 따로 해야 하는 부부",f-784,배우자가 특이한 생활습관을 가지고 있을 경우 이해해 줄 필요가 있다.,agency,1,"그렇다, 필요하다.",필요하다,1,,0,kbsn
120,학창시절에 친구가 컨닝하는 모습을 보았는데 사실대로 선생님께 말씀드려야 하는지 고민했다.,360,시험에서 컨닝을 하는 것은 옳지 않다.,agency,1,"그렇다, 옳지 않다.",옳지 않다,1,,0,crd
682,"태국으로 가는 비행기를 타는데, 20대 후반 여성 두명이 진상을 피우는 바람에 늦게 출발했다.",2048,공공 교통 수단에서 다른 이용자들에게 피해를 주는 행동을 해도 된다.,agency,-1,"아니다, 하면 안 된다.",하면 안 된다,1,,0,crd
193,지구오염에 걱정이 많은 아이 앞에서 그 아이의 간식비닐을 뜯어주다 손에서 떨어진 작은 비닐조각을 무시했다.,580,어른은 아이 앞에서 말과 행동이 일치하는 모범적인 모습을 보여야 한다.,agency,1,"그렇다, 그래야 한다.",그래야 한다,1,,0,crd
73,직장에서 결혼이나 출산 계획을 묻는 상사의 반복적인 질문으로 사적인 영역이 침해된다고 느껴 불편함과 스트레스를 겪었다.,219,사적인 질문이 반복될 경우 업무 범위를 벗어난 주제임을 정중하게 밝히고 선을 설정하는 것은 바람직하지 않다.,agency,-1,"아니다, 바람직하다.",바람직하다,1,,0,crd
645,어머니가 함께 점심을 먹자고 하셨는데 혼자만의 휴식이 필요해서 친구와 약속이 있어 함께 점심이 어렵다고 말했다.,2453,친구가 부모님에게 거짓말을 하려고 하더라도 타이르면 안 된다.,agency,1,"그렇다, 그러면 안 된다.",그러면 안 된다,1,,1,crd_2nd
695,친구들과 단톡방에서 대화 중 한 친구가 말끝마다 꼬투리잡으면서 시비 걸어서 불쾌하고 기분나빠져서 단톡방을 나왔다,2087,불편함을 해결하려는 시도 없이 바로 관계를 단절하는 것은 바람직하다.,agency,-1,"아니다, 바람직하지 않다.",바람직하지 않다,1,,0,crd
s-247,아내의 문자에서 드러난 불륜남과의 이혼 전 성관계 사실,f-172,혼인 관계가 유지되는 동안에 제3자와 신체적 친밀감을 가지는 행동을 해도 괜찮다.,agency,-1,"아니다, 해서는 안 된다.",해서는 안 된다,1,,0,kbsn
123,초등학생 때 짝궁이 내 허락도 없이 내 물건을 마음대로 써서 화가 났다.,370,다른 사람의 물건은 사용하기 전에 물건 주인의 허락을 받아야 한다.,agency,1,"그렇다, 그래야 한다.",그래야 한다,1,,0,crd
429,약속을 반복해서 어기는 친구의 태도 때문에 관계를 어떻게 유지해야 할지 고민했다.,1288,약속을 계속 어기는 친구에게 충고의 말을 건네면 안 된다.,agency,-1,"아니다, 된다.",된다,1,,0,crd
77,길을 걸어가는데 내 앞에 걸어가는 사람이 지갑을 떨어트렸는데 모르길래 떨어트렸다고 말을 해줘야하나 고민되었다.,232,"자신의 소지품을 분실하지 않도록 주의 깊게 관리하며, 타인이 베푼 친절이나 도움에 대해 감사를 표하는 것은 사회 구성원으로서 갖춰야 할 예의가 아니다.",agency,-1,"아니다, 예의이다.",예의이다,1,,0,crd
667,지하철에서 옆에 앉은 중년의 남자가 큰 소리로 통화를 하면서 떠드는 모습에 몹시 불쾌해서 자리를 옮겨 앉았다.,2002,지하철 안에서 휴대폰을 사용할때는 다른 사람들에게는 불쾌감을 주는 행동은 좋지 않다,agency,1,"그렇다, 좋지 않다.",좋지 않다,1,,0,crd
s-1752,😨? 전남친이랑 유튜브 하는 걸 이해해 줄 수 있는 남자를 찾아요,k-1068,전 남친이랑 유튜브를 하면 연애를 하면 안 된다.,agency,1,"그렇다, 그러면 안 된다.",그러면 안 된다,1,,1,kbsn_2nd
5,내 택배를 챙기다가 반려견이 모르는 사람에게 좋다고 짖으며 다가가서 급하게 안고서 사과 했는데 그 사람이 욕을 해서 불쾌했다.,15,공공장소에서 불편한 상황을 겪었더라도 욕설이나 공격적인 언행은 삼가야 한다,agency,1,"그렇다, 삼가야 한다.",삼가야 한다,1,,0,crd
s-1800,남편의 일거수일투족을 저보다 남편의 친구가 더 잘 알아요ᅮᅮ,f-1112,"친구와 일상을 공유하는 것은 좋으나, 배우자가 모르는 내용일 경우 적절히 중재하거나 배우자의 입장을 배려하는 것이 좋다.",agency,1,"그렇다, 좋다.",좋다,1,,0,kbsn
690,단톡방 친구들이 나만 빼고 여행을 간 사실을 우연히 알게 되어 속상했다.,2456,여행에 내가 좋아하는 친구들만 데려가는 것은 바람직하지 않다.,agency,1,"그렇다, 바람직하지 않다.",바람직하지 않다,1,,1,crd_2nd
72,"소개팅 자리에서 정치 이야기가 나왔는데 상대가 특정 정치인과 지지자들을 심하게 비하해서 더 말을 섞기 싫어졌지만, 친구가 소개해 준 자리라 애매한 미소만 지으며 대화를 마무리했다.",216,처음 만나는 자리에서 자신의 정치적 견해를 내세우며 타인을 비하하는 것은 무례하지 않다.,agency,-1,"아니다, 무례하다.",무례하다,1,,0,crd
597,"지난 주말 가족 모임에서 친척의 편견 섞인 발언을 들었을 때, 분위기를 깨지 않기 위해 침묵하는 것이 맞는지 아니면 잘못된 생각임을 지적해야 하는지 갈등 했다.",1792,상대방의 잘못된 생각을 차분하게 짚어보는 태도를 보이는 것은 바람직하다.,agency,1,"그렇다, 바람직하다.",바람직하다,1,,0,crd
447,무거운 짐을 들고 계단을 올라가는 사람을 외면했다.,1343,혼자 감당하기 어려운 상황에서는 안전을 고려해 무리하지 않는 선택을 하는 것이 바람직하다.,agency,1,"그렇다, 바람직하다.",바람직하다,1,,0,crd
s-1101,출산 후 고민남 모르게 입양 보낸 전 여친..? 들을수록 충격적인 실화,f-661,법적 절차가 필요한 사안을 상대의 동의나 확인 없이 진행하는 행동은 옳다.,agency,-1,"아니다, 옳지 않다.",옳지 않다,1,,0,kbsn
134,아빠와 정치적 견해가 다른데 존중해 주지 않아 싸울뻔했다.,403,개인의 정치적 견해는 존중되어야 한다.,agency,1,"그렇다, 존중되어야 한다.",존중되어야 한다,1,,0,crd
153,나의 자녀가 주머니에서 손을 꺼내다가 주머니 속에 있던 쓰레기가 떨어지는 걸 내가 봤지만 그냥 지나쳤다.,459,자녀가 주머니에서 휴지를 떨어뜨리면 부모가 대신 줍는 것이 바람직하다.,agency,1,"그렇다, 바람직하다.",바람직하다,1,,0,crd
s-272,튀르키예 남자친구를 불법체류자로 신고한 나를 싫어하는 내 지인,f-236,옳지 않은 행동을 했다고 생각하는 친구를 멀리하는 것은 잘못되었다.,agency,-1,"아니다, 괜찮다.",괜찮다,1,,0,kbsn
s-149,15살 연상 여친과 잘 사귀고 있는데... 사람들 시선 때문에 상처받아요,f-51,자신의 편견으로 남에게 상처 주는 일은 말아야 한다,agency,1,"그렇다, 하지 말아야 한다.",하지 말아야 한다,1,,0,kbsn
517,지하철에서 남녀가 싸우는데 괜히 둘 사이에 끼어드는것 같아 무시했는데 싸움을 말렸어야 했는지 자꾸 신경쓰이고 걱정이 됐다.,1552,"타인 간의 갈등이 물리적 충돌로 번질 위험이 있을 때, 주변에 도움을 요청하거나 중재를 시도하는 것은 바람직한 시민 의식이다.",agency,1,"그렇다, 바람직한 시민 의식이다.",바람직한 시민 의식이다,1,,0,crd
s-565,"시어머니 수발을 들으며 병간호를 했는데, 알고 보니 남편이 바람을 피우고 있었어요",f-481,외도를 한 남편에 대해 책임을 물을 수 있다.,agency,1,"그렇다, 그럴 수 있다.",그럴 수 있다,1,,0,kbsn
693,직장 동료가 사무실에서 업무 중에 수시로 컴퓨터 게임을 하길래 조심스럽게 주의를 줬는데 네가 뭔 상관이냐고 해서 기분이 나빴다.,2081,잘못된 행동에 주의를 받았을 때는 겸허하게 받아들일 필요가 없다.,agency,-1,"아니다, 받아들여야 한다.",받아들여야 한다,1,,0,crd
554,유방암에 걸린 친구에게 위로 전화를 해야 할지 말지 고민했다.,1664,타인의 아픔을 조심스럽게 여기는 것은 문제가 있다.,agency,-1,"아니다, 문제 없다.",문제 없다,1,,0,crd
478,친척이 나의 직업을 비하하는 발언을 해서 불쾌하고 당황스러웠다.,1434,타인의 직업을 비하하는 것은 옳지 않다.,agency,1,"그렇다, 옳지 않다.",옳지 않다,1,,0,crd
671,"잔돈이 없어서 절 시주함에 만원을 넣고, 안에 있던 다른 사람이 시주한 5천원을 꺼내갔다.",2014,타인이 결제나 구매를 위해 넣어둔 돈을 임의로 사용하는 것은 괜찮다.,agency,-1,"아니다, 옳지 않다.",옳지 않다,1,,0,crd
s-1627,라방이 이어 준 25살 차이 부부💝 둘째 낳자는 27살 아내?😳,f-908,라방에서 애인을 함부로 사귀는 것은 신중히 생각할 필요 없다.,agency,-1,"아니다, 신중히 생각해야 한다.",신중히 생각해야 한다,1,,0,kbsn
504,학창 시절에 시험 도중 옆자리 친구의 시험지 답이 보여서 부정행위를 할지 말지 고민한 적이 있다.,1512,시험 중에 부정행위를 해서는 안된다.,agency,1,"그렇다, 그래서는 안 된다.",그래서는 안 된다,1,,0,crd
283,"무거운 물건을 들고가시는 할머니를 보았는데, 세상이 흉흉하여 괜히 도와드렸다가 역으로 난감한 상황에 처할까봐 그냥 지나쳤다.",849,사회적약자를 발견했을 때는 돕는 것이 좋다,agency,1,"그렇다, 좋다.",좋다,1,,0,crd
76,외할아버지 생신 축하를 위해 강원도 리조트에서 가족들이 모두 모여 1박 2일 시간을 보내기로 했는데 축하를 위해 참석할지 나의 자유와 편안함을 위해 빠질지 고민했다.,230,외할아버지의 생신 축하에 모든 구성원들이 참여할 수 있도록 독려하는 것은 좋지 않다.,agency,-1,"아니다, 좋다.",좋다,1,,0,crd
s-411,"폭력으로 인해 감옥에 간 아빠, 폭언과 돈 갈취까지 한 엄마...? 전 병까지 걸렸어요",f-375,자녀를 잘 보살펴야 한다.,agency,1,"그렇다, 그래야 한다.",그래야 한다,1,,0,kbsn
714,목돈이 있었지만 카드값을 갚아야 한다며 도움을 요청한 언니에게 내 경제 상황도 불안해 돈을 빌려줘야 할지 거절해야 할지 고민했다.,2143,타인의 요청을 거절할 때 서로 간의 기분이 상하지 않도록 충분히 상황을 설명하는 것은 좋지 않다.,agency,-1,"아니다, 좋다.",좋다,1,,0,crd
757,대학병원 교수의 진료 시간에 질문을 하자 교수가 무시하듯 상처가 되는 말을 하는 바람에 기분이 나빴다.,2271,의료 전문가는 환자에게 무시하거나 상처를 줄 수 있는 표현을 해도 된다.,agency,-1,"아니다, 하지 말아야 한다.",하지 말아야 한다,1,,0,crd
431,지인에게 돈을 빌려줬지만 책임감있게 돈을 갚지 않는 태도에 화가 났다.,1295,가까운 사이라면 금전 거래에 대한 약속을 철저히 지키지 않고 신뢰를 잃어도 된다.,agency,-1,"아니다, 그러지 않도록 해야 한다.",그러지 않도록 해야 한다,1,,0,crd
15,"동네 헬스장에서 기구를 사용하고 있는데 다른 회원이 허락 없이 사용 방법을 지적해 당황했고, 불편하다고 말하자 예민하다는 반응을 보여 갈등이 생겼다.",47,타인의 행동에 대해 지적할 때는 주의가 필요하다.,agency,1,"그렇다, 필요하다.",필요하다,1,,0,crd
s-521,사업병 걸린 아버지로 인해 온 가족이 비닐하우스 생활했어요ᅮᅮ,f-429,한 가족구성원 개인의 선택에 온 가족이 따르는 것이 필요하다.,agency,-1,"아니다, 그럴 필요는 없다 .",그럴 필요는 없다 ,1,,0,kbsn
577,"부모님 병원 예약을 잡아드리면서 회사 일정과 겹쳐 직접 동행할지, 간호를 미루고 일을 선택할지 고민했다.",1732,거동이 불편하지 않의면 부모가 자녀에게 도와 달라고 강요하는 것이 바람직하다.,agency,-1,"아니다, 그러지 않는 것이 바람직하다.",그러지 않는 것이 바람직하다,1,,0,crd
s-1596,역대급 ′남의 편′ 남편과 대놓고 막말하는 시댁 식구들😨,f-897,남의 편인 남편과 이혼을 고려하는 것은 좋지 않다.,agency,-1,"아니다, 좋다.",좋다,1,,0,kbsn
s-149,15살 연상 여친과 잘 사귀고 있는데... 사람들 시선 때문에 상처받아요,f-48,연인이 주위 시선으로 상처를 받고 있을 때 모른척 해도 된다,agency,-1,"아니다, 안된다.",안된다,1,,0,kbsn
777,산책로에서 대형견의 목줄을 풀어놓은 견주를 보았다.,2331,강아지를 산책시킬 때는 목줄을 해야 한다.,agency,1,"그렇다, 그래야 한다.",그래야 한다,1,,0,crd
735,"이웃이 공용 공간에 물건을 쌓아 둔 것을 보고도, 얼굴을 붉힐까 봐 관리사무소에 알리지 않았다.",2205,입주민들이 함께 사용하는 공용 공간에 물건을 쌓아 두는 것은 좋지 않다.,agency,1,"그렇다, 좋지 않다.",좋지 않다,1,,0,crd
779,시어머니가 해주신 음식이 입맛에 맞지 않아 집에 가져가면 결국 안먹고 버릴 것을 알면서도 솔직하게 말하지 못하고 집에 가져왔다.,2339,"가족에게 음식을 권할 때 상대의 취향과 상황을 고려하고, 부담이 되지 않도록 배려하는 것은 좋지 않다.",agency,-1,"아니다, 좋다.",좋다,1,,0,crd
312,아이 교육 방법에 대해서 남편과 의견이 달라 다툼을 했다.,936,부부 사이에 의견 차이가 있을 때 감정적으로 대응하기보다 상대의 입장을 존중하며 대화를 통해 해결하려는 태도는 필요 없다.,agency,-1,"아니다, 필요하다.",필요하다,1,,0,crd
118,마감기한이 얼마 남지 않은 일을 도와달라고 했는데 귀찮아서 못 들은 척 하고 집에 갔다,356,급한 부탁을 할 때 상대의 상황을 고려해 요청하는 것은 좋지 않다.,agency,-1,"아니다, 좋다.",좋다,1,,0,crd
s-1530,시작한다는 자체에 용기가 나지 않는 남편과 남편이 답답한 아내,f-833,무언가를 시작하기 전 신중하게 접근하는 것은 좋지 않다.,agency,-1,"아니다, 좋다.",좋다,1,,0,kbsn
s-257,이혼 후 돈이 없어 자녀들과 노숙 생활을 하다 만남 양아버지의 성희롱,f-208,타인을 부양하는 위치에 있거나 도움을 주는 관계에 있다면 상대방의 인격과 존엄성을 침해해도 된다.,agency,-1,"아니다, 안 된다.",안 된다,1,,0,kbsn
358,"우울증이 의심돼 상담을 받고 설문에도 참여하며 힘들어하던 중, 직장 상사의 날 선 말에 아무 말도 하지 못하고 혼자 감정을 삼켰다.",1075,어려운 상황에 닥쳤을 때 주변에 도움을 청해서는 안 된다.,agency,-1,"아니다, 해야 한다.",해야 한다,1,,0,crd
387,임신을 위해 시험관 시술을 시도했지만 매번 실패하고 있는 친구에게 내 아이에 대한 이야기를 하면 상처가 될까봐 말하지 않았다.,1162,개인적인 이야기를 할 때 상대방의 상황을 고려하여 표현을 조절하는 것이 적절하다.,agency,1,"그렇다, 적절하다.",적절하다,1,,0,crd
s-2084,제 아이들을 두고 남친 아이 셋을 키우자니 마음이 무겁습니다,f-1235,부모가 타인의 아이가 아닌 자신의 아이의 양육에 적극적으로 임하는 것은 옳지 않다.,agency,-1,"아니다, 옳다.",옳다,1,,0,kbsn
388,아이에게 핸드폰을 하지말라고 제재하면서 나는 계속 핸드폰을 했다.,1165,훈육을 할 때 말과 행동을 일치시키는 것은 옳지 않다,agency,-1,"아니다, 옳다.",옳다,1,,0,crd
726,지하철 개찰구에서 무임승차하는 사람을 보았는데 교통카드 태그 후 화장실에 다녀오는 사람일지도 몰라서 역무실에 알릴 것을 잠시 고민하다 말았다.,2178,유료 공공 서비스인 지하철에서 무임승차를 해도 된다.,agency,-1,"아니다, 안 된다.",안 된다,1,,0,crd
476,"직장 상사가 내 물건을 허락 없이 사용해 화가 났지만, 큰 소리를 낼 수도 없어서 답답했다.",1428,아랫 사람의 물건을 함부로 만지는 행동은 무례하지 않다.,agency,-1,"아니다, 무례하다.",무례하다,1,,0,crd
27,"친구가 자기가 저지른 잘못을 감싸 달라고 부탁했을때, 우정을 지키기 위해 도와야 할지 아니면 단호히 거절해야할지 고민했다.",83,친구 관계에서는 서로를 존중하는 바른 행동을 하는 것이 우정을 유지하는데 중요하지 않다.,agency,-1,"아니다, 중요하다.",중요하다,1,,0,crd
558,"핸드폰 케이스를 빨간색으로 바꿨더니, 친구가 너는 2찍이니?라고 물어봐서 당혹스러웠다.",1674,친구에게 정치와 관련된 농담을 하는 것은 문제 없다.,agency,1,"그렇다, 문제 없다.",문제 없다,1,,0,crd
720,엄마가 돈 문제로 힘들어 하는데 빌려주면 못 받을까봐 나도 힘들다고 했다.,2160,가족끼리 도움을 주고 받는 것은 바람직하지 않다.,agency,-1,"아니다, 바람직하다.",바람직하다,1,,0,crd
56,부모님께서 내가 힘들다는 상황을 말하면 부모님이 걱정하실 것 같아 힘들다고 사실대로 말을 못했다.,169,부모님은 자녀가 힘든 상황을 이해하지 않아도 된다.,agency,-1,"아니다, 해야 한다.",해야 한다,1,,0,crd
s-2044,남친이 학원 강사와 몰래 연락해서 상처받았던 썰😭,f-1205,연인이 있음에도 다른 이성에게 연락하는 것은 옳지 않다.,agency,1,"그렇다, 옳지 않다.",옳지 않다,1,,0,kbsn
342,아이들과 내년에 어떻게 하겠다는 말을하고 약속을 했는데 번복해야 하는 상황에 내 뱉은 말을 지키지 않는 것에 대해 아이들이 실망할까 마음이 걸렸다.,1027,어른과의 약속이 지켜지지 않을 때 감정을 표현하고 사정을 이해하며 대화를 하는 것은 옳지 않다.,agency,-1,"아니다, 옳다.",옳다,1,,0,crd
291,"키가 크지 않으면 남자로 보이지 않는다는 말을 들었을 때, 별로 상관하지 않았음에도 괜히 남자가 아닌 것으로 분류되어 당혹스러웠다.",873,부적절한 발언을 들었을 때 자신의 기준을 분명히 하는 것은 좋지 않다.,agency,-1,"아니다, 좋다.",좋다,1,,0,crd
s-401,췌장암 말기에도 바람 핀 아버지... 어머니와 제가 연을 끊어도 될까요...?,f-365,혼인관계가 지속되는 한 신의성실해야 한다.,agency,1,"그렇다, 그래야 한다.",그래야 한다,1,,0,kbsn
42,남편이 나한테 시누이가 설거지를 계속하면 힘드니 가서 내가 대신 설거지를 하라고 눈치를 줘서 기분이 안 좋았다.,126,배우자에게 가사 노동을 대신 맡도록 눈치를 주는 행동은 바람직하지 않다.,agency,1,"그렇다, 바람직하지 않다.",바람직하지 않다,1,,0,crd
76,외할아버지 생신 축하를 위해 강원도 리조트에서 가족들이 모두 모여 1박 2일 시간을 보내기로 했는데 축하를 위해 참석할지 나의 자유와 편안함을 위해 빠질지 고민했다.,230,외할아버지의 생신 축하에는 모든 구성원들이 참여할 수 있도록 독려하는 것이 좋다.,agency,1,"그렇다, 좋다.",좋다,1,,0,crd
683,부모님이 맞벌이셔서 보살핌을 잘 못받고 소극적인 아이의 선생이라는 사람이 친구들과 격리시키고 혼자 교실에 남겨놨다 전해들어서 충격받았다.,2049,아동이 부당하게 방치되거나 격리된 정황이 있어도 교육기관이나 관련 기관에 신고하는 것은 바람직하지 않다.,agency,-1,"아니다, 바람직하다.",바람직하다,1,,0,crd
s-203,시부모님 모시자고 아내에게 통보한 남편,f-93,며느리가 모시기를 거부하면 받아들이지 않아도 된다.,agency,-1,"아니다, 받아들여야 한다.",받아들여야 한다,1,,0,kbsn
s-1325,아내의 전남친이 어떻게든 번호를 찾아내는 이유는?,f-733,"남자친구는 여자친구의 사생활, 특히 이전 연애에 관련된 사생활 문제에는 민감하게 반응할 수 있다.",agency,1,"그렇다, 그럴 수 있다.",그럴 수 있다,1,,0,kbsn
s-258,이혼 후에도 부부관계를 요구하는 전 남편 때문에 아이가 세 명이에요,f-211,이혼 후 부당한 요구나 압력이 지속될 경우 관련 기관이나 전문가의 도움을 요청할 필요 없다.,agency,-1,"아니다, 필요하다.",필요하다,1,,0,kbsn
354,어제 직장에서 마주 보고 앉아있는 상사가 아무 이유 없이 키보드를 부숴서 당황했다.,1062,직장에서의 폭력적 행위는 하지 말아야 한다.,agency,1,"그렇다, 하지 말아야 한다.",하지 말아야 한다,1,,0,crd
s-2096,내 20년 지기 친구와 환승 이별한 전 여자친구,f-1253,현재 연애 관계가 지속되는 동안 다른 관계를 준비하는 것은 옳은 행동이다.,agency,-1,"아니다, 옳지 않다.",옳지 않다,1,,0,kbsn
35,"컵이 부족해 커피를 큰 사이즈로 만들어 드리며 죄송하다고 말씀드렸는데, 고객이 마시던 걸 주는 거냐며 고소하겠다고 소리를 질러 어이가 없었다.",105,카페에서 근무하는 경우에는 원활한 운영을 위해 컵의 재고를 사전에 파악하여 부족한 상황이 발생하지 않도록 관리해야 한다.,agency,1,"그렇다, 그래야 한다.",그래야 한다,1,,0,crd
278,가족과 저녁식사를 하러가야 하는데 온가족이 먹을 수 있는 식당을 갈지 아이가 좋아하는 음식을 파는 특정 식당을 갈지 고민했다.,835,가족의 취향과 무관하게 자기가 좋아하는 음식을 파는 식당을 고집하는 것은 좋지 않다.,agency,1,"그렇다, 좋지 않다.",좋지 않다,1,,0,crd
697,친구의 상황을 모른 상태로 나눈 대화가 친구에게 자랑으로 들렸을 것 같아 마음에 걸린다.,2091,상대의 상황을 충분히 알지 못할 때에는 자신의 경험이나 성취를 조심스럽게 표현하는 것이 좋다.,agency,1,"그렇다, 좋다.",좋다,1,,0,crd
s-374,사람을 너무 믿어 억 단위로 연예인에게 사기당한 트레이너,f-342,타인과 돈을 거래할 때 법적으로 문제되지 않도록 꼼꼼하게 살펴볼 필요 없다.,agency,-1,"아니다, 살펴봐야 한다 .",살펴봐야 한다 ,1,,0,kbsn
238,"직장 동료가 요청한 업무를 제대로 수행하지 못하고 빠뜨렸을 때, 얼마나 인내하고 피드백을 드려야 할지 고민했다.",715,맡은 업무를 수행할 때 요구 사항과 기한을 명확히 확인하고 책임감 있게 처리하는 것은 중요하지 않다.,agency,-1,"아니다, 중요하다.",중요하다,1,,0,crd
46,고등학교 때 친구들과 고기 뷔페에 갔는데 너무 많이 먹어서 계산할 때 사장과 다투었다,138,함께 이용하는 장소에서 문제가 발생했을 경우 상황을 악화시키기보다 중재하려는 태도가 바람직하다.,agency,1,"그렇다, 바람직하다.",바람직하다,1,,0,crd
586,친구가 나에게 모태솔로라고 해서 기분이 좋지 않았던 적이 있다.,1759,타인의 개인적인 콤플렉스나 약점을 함부로 언급해서는 안 된다.,agency,1,"그렇다, 그래서는 안 된다.",그래서는 안 된다,1,,0,crd
418,"데이트 중 차를 몰고 온 남편이 길거리 시음 와인을 마시겠다고 해 말렸지만, 한 잔쯤은 괜찮다고 하는 남편의 말에 화가 났다.",1256,음주 상태에서 운전하는 것은 사회적으로 용인될 수 없는 나쁜 행동이다.,agency,1,"그렇다, 나쁜 행동이다  .",나쁜 행동이다  ,1,,0,crd
140,육아와 관련해 나는 아이가 계속 하면 안되는 일을 계속 하게 해달라고 하면 단호하게 강하게 이야기하는데 와이프는 계속 다정한 어투로 달래려 해서 이해가 가지 않았다.,420,아이를 훈육할때는 단호하게 하는 것은 바람직하지 않다.,agency,-1,"아니다, 바람직하다.",바람직하다,1,,0,crd
634,"집에서 엄마가 매일 저녁 늦게까지 설거지하라고 잔소리할 때, 내가 피곤해서 미루고 싶지만 엄마 기분 상하지 않게 할지 그냥 버텨야 할지 매번 갈등했어.",1904,자녀를 독립적인 인격체로 존중하고 스스로 일을 처리할 수 있도록 자율성을 부여하는 것은 적절하지 않다.,agency,-1,"아니다, 적절하다.",적절하다,1,,0,crd
s-1478,완벽 집순이 아내ᅮᅮ 16년 동안 가족여행을 가본 적이 없어요..,f-809,집 안에서만 활동하는 것은 바람직하지 않다.,agency,1,"그렇다, 바람직하지 않다.",바람직하지 않다,1,,0,kbsn
417,"남자친구의 친구와 내 친구를 소개팅으로 만나게 했는데, 남자친구가 내 친구를 못생겼다고 말해 그 일로 크게 말다툼을 했다.",1253,소개를 통해 만난 자리에서는 우선 상대를 존중하는 태도와 예의를 유지하는 것이 바람직하다.,agency,1,"그렇다, 바람직하다.",바람직하다,1,,0,crd
s-1652,오빠가 이혼하며 조카 셋을 혼자 키우고 있는 고모,f-956,이혼 후 자식의 친어머니에게 양육비를 받아내는 것은 옳지 않다.,agency,-1,"아니다, 그래도 된다.",그래도 된다,1,,0,kbsn
407,"친구가 자녀로 인해 힘들어하며 조언을 구했지만, 솔직하게 말하는 것이 도움이 될지 상처가 될지 고민했다.",1221,힘들어하는 친구에게 솔직한 조언을 해주는 것은 좋지 않다.,agency,-1,"아니다, 좋다.",좋다,1,,0,crd
261,길을 걷는데 쓰레기통이 없어서 쓰레기를 길바닥에 버릴까 고민했다.,784,쓰레기통이 없더라도 쓰레기는 가지고 있다가 적절한 장소에 버려야 한다.,agency,1,"그렇다, 그래야 한다.",그래야 한다,1,,0,crd
s-1573,"러시아 여친과의 결혼을 반대하시는 부모님, 설득 시킬 수 있을까요 ᅲᅲ",f-876,"만약 한국에서 계속 산다면, 한국 문화에 적응하려고 노력하는 것이 좋다.",agency,1,"그렇다, 좋다.",좋다,1,,0,kbsn
654,"아파트 주변에서 담배를 피우고 있는 청소년들을 보고 충고를 해야 할지, 그냥 지나가야 할지 고심이 되었다.",2454,담배를 피우고 있는 청소년들에 훈육을 하는 것은 좋지 않다.,agency,1,"그렇다, 좋지 않다.",좋지 않다,1,,1,crd_2nd
s-736,반대 무릅쓰고 결혼했는데... 장모님과의 갈등 이후 이혼 요구하는 아내!,f-505,부모의 반대를 무릅쓴 결혼은 좋지 않다.,agency,1,"그렇다, 좋지 않다.",좋지 않다,1,,0,kbsn
279,운동을 하는데 다른 사람이 내가 쓰고있던 기구를 갑자기 가로채서 당황했다,839,여럿이 함께 사용하는 체육 시설에서는 다음 사람을 배려하며 차례를 지켜 기구를 사용하는 것이 바람직하다.,agency,1,"그렇다, 바람직하다.",바람직하다,1,,0,crd
471,"직장에서 동료가 커피 믹스를 집에 가져가는 것을 보고 당황했지만 나도 따라 한 뒤, 회사 비품을 가져온 것이 옳았는지 고민하게 되었다.",1413,업무를 위해 제공된 회사 비품을 개인적으로 사용하기 위해 집에 가져가도 괜찮다.,agency,-1,"아니다, 옳지 않다.",옳지 않다,1,,0,crd
296,붐비는 카페에서 줄을 서서 기다리고 있는데 뒤늦게 온 손님이 일행인 척 자연스럽게 내 앞으로 새치기를 해서 순서를 지켜달라고 했더니 금방 주문하는데 왜 그러냐며 말해서 싸울뻔했다.,890,많은 사람이 이용하는 공공장소에서는 상호 간의 무례한 언행을 자제하고 공공질서를 준수하여 불필요한 마찰을 방지해야 한다.,agency,1,"그렇다, 그래야 한다.",그래야 한다,1,,0,crd
289,"회사에서 팀원들끼리 점심을 먹으러 왔는데 모두 짜장면으로 메뉴를 통일했다. 나는 조리 시간이 좀 더 걸리는 삼선볶음밥을 먹고 싶은데, 그래도 될지 고민했다.",868,점심 메뉴를 선택할 때는 사전에 간단히 공유하고 합의해야 한다.,agency,1,"그렇다, 그래야 한다.",그래야 한다,1,,0,crd
554,유방암에 걸린 친구에게 위로 전화를 해야 할지 말지 고민했다.,1664,타인의 아픔을 조심스럽게 여기는 것은 문제 없다.,agency,1,"그렇다, 문제 없다.",문제 없다,1,,0,crd
s-1581,여동생의 주도하에 나 빼고 간 가족여행.. ᅮᅮ,f-879,여동생에게 서운해하기 전에 왜 자신만 빼놓고 갔는지 한번 생각해보는 것이 좋다.,agency,1,"그렇다, 좋다.",좋다,1,,0,kbsn
326,"배우자와 집안일을 분배했는데, 맡기로 한 일을 며칠이 지나도록 하지 않아 짜증이 났다.",979,합의된 역할을 미루는 행동은 옳은 행동이다.,agency,-1,"아니다, 옳지 않다.",옳지 않다,1,,0,crd
233,"아내와 말다툼 끝에 또 화를 내고 나서야 반성했다. 감정을 솔직히 드러내는 것과 상처 주지 않는 태도 사이에서 어디까지가 옳은건지 모르겠고, 아내에게 미안한 마음이 들었다.",701,남편이 싫어하는 행동을 한번 더 생각하고 하는 것은 좋지 않다.,agency,-1,"아니다, 좋다.",좋다,1,,0,crd
190,나와 비슷한 몸을 가진 친구가 나만보면 자꾸 살이 쪘다고 말을 들으니 당황스럽다.,571,상대방이 불편함을 느낄 수 있는 외모 관련 발언은 삼가는 것은 바람직하지 않다.,agency,-1,"아니다, 바람직하다.",바람직하다,1,,0,crd
s-1403,"외박 후 혼자 수술한 아빠, 무뚝뚝한 아빠 때문에 고민인 가족",f-785,중대한 건강 문제가 있을 경우에는 가족에게 알리는 것은 바람직하지 않다.,agency,-1,"아니다, 바람직하다.",바람직하다,1,,0,kbsn
585,"바닥에 쓰레기를 버리는 것이 적절하지 않은 것을 알지만, 친구가 바닥에 쓰레기를 버리길래 나도 어쩔 수 없는 척 동조했다.",1756,친구가 나쁜 행동을 했을 때 방관하는 것은 옮지 않다.,agency,1,"그렇다, 옮지 않다.",옮지 않다,1,,0,crd
s-2152,아이들과 함께 안 살거면 헤어지자고 하는 남친... 결혼해도 될까요?,f-1313,연인의 말을 다 들어주는 것은 옳다.,agency,-1,"아니다, 옳지 않다.",옳지 않다,1,,0,kbsn
483,"지각한 동료를 대신해 출석 체크를 해주었는데, 이렇게 행동한 것이 옳았는지 마음에 걸렸다.",1451,공동체에서 정해진 규칙과 절차는 구성원 모두가 공정하게 지키지 않아도 된다.,agency,-1,"아니다, 지켜야 한다.",지켜야 한다,1,,0,crd
509,"나와 상의도 없이 먼저 시댁 식구들과 약속을 잡은 후, 통보를 하는 남편때문에 매우 불쾌했다.",1529,배우자가 상의없이 결정한 일에대해 자신의 불쾌한 감정을 솔직하게 표현하여 문제를 해결하는것은 필요한 자세이다,agency,1,"그렇다, 필요한 자세이다.",필요한 자세이다,1,,0,crd
331,버스에서 발을 밟혔는데 아무런 사과를 듣지 못해 불쾌하였다.,993,"타인의 무례하거나 부주의한 행동으로 권리를 침해당했을 때, 이를 명확한 언어로 전달해야 한다.",agency,1,"그렇다, 그래야 한다.",그래야 한다,1,,0,crd
s-265,집에 있는 돌반지 등 귀중품을 훔친 절친 아내의 충격적인 행동들,f-228,배우자가 잘못을 저질렀더라도 질책하지 않아도 된다.,agency,-1,"아니다, 해야 한다.",해야 한다,1,,0,kbsn
523,조별과제 역할 분담을 할 때 한 친구가 계속 자기 의견만 고집해 다른 조원들과 말다툼이 생겼다.,1571,친구와 갈등이 생겨도 바로 다투지 않는 것이 좋다.,agency,1,"그렇다, 좋다.",좋다,1,,0,crd
s-894,"다시 잘 살아 보려 만난 두 번째 남편, 산후조리 중인 아내에게 폭력을?!",f-553,산후 조리 중 남편에게 폭력을 당한다면 용서 해선 안된다,agency,1,"그렇다, 그래서는 안 된다.",그래서는 안 된다,1,,0,kbsn
533,아파트 주차장에 친한 이웃 주민이 두 개의 주차면에 걸쳐 주차하는 것을 보았지만 제대로 주차해야 한다고 말하지 못했다.,1601,아파트 주차장에서 개인의 편의를 위해 타인에게 피해가 되는 행동을 해도 된다.,agency,-1,"아니다, 하지 말아야 한다.",하지 말아야 한다,1,,0,crd
s-1099,"하루 종일 일에 빠져사는 남편, 대표님과 사는 것 같아요",f-654,배우자의 과도한 근무로 가정생활에 공백이 생길 때 대화를 요청하는 행동은 옳다.,agency,1,"그렇다, 옳다.",옳다,1,,0,kbsn
727,아파트 게시판 옆에 관리실 확인 도장이 찍히지 않은 교회 신자 모집 전단지를 보았는데 관리실에 제보할까 했지만 이웃 주민이 붙였다면 마음이 상할 것 같아서 제보하지 못했다.,2183,공용 게시판 이용 규정을 명확히 안내하고 위반 게시물에 대해 일관되게 조치하는 것은 바람직하지 않다.,agency,-1,"아니다, 바람직하다.",바람직하다,1,,0,crd
762,"밥을 달라며 보채는 길고양이를 보았으나, 돈을 아껴야 한다는 생각에 지나쳤다.",2287,자신의 경제적 여건을 고려해 길거리 동물에게 지출하지 않는 선택을 할 수 있다.,agency,1,"그렇다, 그럴 수 있다.",그럴 수 있다,1,,0,crd
s-1325,아내의 전남친이 어떻게든 번호를 찾아내는 이유는?,f-738,"이전 연인이 집착할 경우, 오해를 방지하기 위해서는 현 연인에게 자초지종을 설명하고 필요하다면 도움을 받아야 한다.",agency,1,"그렇다, 그래야 한다.",그래야 한다,1,,0,kbsn
559,서울에 살면서 집값으로 고민하는 친구에게 지방살이를 권했더니 자신을 무시한다며 화를 냈다.,1678,지방이 수도권보다 못하다는 인식은 옳지 않다,agency,1,"그렇다, 옳지 않다.",옳지 않다,1,,0,crd
s-25,폭언부터 교수님의 성형 제안까지... 사연자가 성형에 빠지게 된 이유,f-14,상대가 부당한 대우와 요구를 할 때 거절하는 것은 좋지 않다.,agency,-1,"아니다, 좋다.",좋다,1,,0,kbsn
490,팀 프로젝트 자료 조사 맡긴 친구가 제대로 하지 않아서 친구에게 부족한 점을 지적했다가 감정적인 갈등이 생겨 한동안 서먹하게 지냈다,1470,친구에게 지적을 할 때에는 객관적인 관점에서 기분 나쁘지 않도록 말해야한다,agency,1,"그렇다, 그래야 한다.",그래야 한다,1,,0,crd
259,"특정인이 알 필요가 있는 이야기이지만, 알게 되면 오히려 기분이 나쁠 수 있어 함구했다.",779,불편한 사실을 접했을 때 감정을 조절하고 상황을 이성적으로 받아들이려는 것은 적절하지 않다.,agency,-1,"아니다, 적절하다.",적절하다,1,,0,crd
760,"중요한 회의 준비 도중 가족에게서 연락이 왔으나, 자리를 비우기에는 부담이 되어 연락을 모른체 했다.",2281,업무 중인 가족에게 즉각적인 응답을 요구해서는 안 된다.,agency,1,"그렇다, 그래서는 안 된다.",그래서는 안 된다,1,,0,crd
s-264,사랑하는 아내를 떠나보냈는데 혼자 아이 잘 키울 수 있겠죠...?,f-224,가족의 상실에 대한 슬픔이 지나치다면 가족에게 도움을 요청해야 한다.,agency,1,"그렇다, 그래야 한다.",그래야 한다,1,,0,kbsn
794,곧 칠순이 되는 시어미니 생신상을 시누이들이 며느리인 나에게 전담시키려 해서 마음이 불편하다.,2384,가족 내에 불화가 생기지 않도록 중재하는 것이 바람직하다.,agency,1,"그렇다, 바람직하다.",바람직하다,1,,0,crd
325,"조카와 지하철을 환승하면서 어른을 공경해야 한다고 말했지만, 횐승 방향을 물어보는 할머니를 모른 체하고 지나갔다.",977,모르는 것을 혼자 감추기보다 타인에게 물어보는 것은 괜찮지 않다.,agency,-1,"아니다, 괜찮다.",괜찮다,1,,0,crd
211,단체 채팅방에서 누군가를 흉보는 대화가 이어졌지만 개인적으로 아는 사람이라 분위기를 깨지 않기 위해 무엇을 해야 할지 고민했다.,634,타인에게 험담의 대상이 되지 않도록 평소 자신의 언행과 대인관계를 원만하게 관리하지 않아도 된다.,agency,-1,"아니다, 하는 것이 좋다 .",하는 것이 좋다 ,1,,0,crd
s-134,남편 외도 의심하는 아내의 도 넘은 망상증,f-43,아내는 남편에 대한 믿음을 가져야 한다,agency,1,"그렇다, 그래야 한다.",그래야 한다,1,,0,kbsn
s-1462,"집순이 아내와 집돌이 아들, 가족 여행을 한 번도 가본 적이 없어요😥",f-803,성장하는 자녀에게 다양한 경험을 제공하는 것은 좋지 않다.,agency,-1,"아니다, 좋다.",좋다,1,,0,kbsn
192,"순간의 귀찮음으로 친구의 연락을 피했지만, 당시 생각한 변명이 민망하여 거짓말을 하게 되었고 관계가 끊어졌다.",578,친구가 연락을 피한다면 어느 정도 시간을 두고 기다려 주는 것이 필요하다.,agency,1,"그렇다, 필요하다.",필요하다,1,,0,crd
121,상사가 무리한 지시를 했을 때 따르지 않는 것이 팀에 도움이 됨에도 불구하고 해야하는지 고민했다.,364,권한을 앞세워 무리한 지시를 일방적으로 강행하는 것은 나쁜 행동이 아니다.,agency,-1,"아니다, 나쁘다.",나쁘다,1,,0,crd
561,"회사 근처 횡단보도에서 보행자 신호가 빨간불로 바뀌기 직전 아이가 뛰어가려는 걸 봤는데, 괜히 오해받을까 봐 말리지 못해 그냥 지나친 것이 마음에 걸렸다.",1684,주변에서 아이의 안전이 위협받는 상황을 보고 위험을 알리는 것은 좋지 않다.,agency,-1,"아니다, 좋다.",좋다,1,,0,crd
s-894,"다시 잘 살아 보려 만난 두 번째 남편, 산후조리 중인 아내에게 폭력을?!",f-551,산후조리 중인 아내에게 폭력을 저지르는 일은 절대 하면 안되는 것은 아니다.,agency,-1,"아니다, 절대 해선 안된다.",절대 해선 안된다,1,,0,kbsn
s-1371,20살 딸에게 끊임없이 돈을 요구하는 엄마,f-772,"다른 가족이 문제를 겪을 때,  조언하면 안 된다.",agency,-1,"아니다, 괜찮다.",괜찮다,1,,0,kbsn
363,앞에 가던 차가 급정거를 해서 사고가 날 뻔하여 말다툼이 있었다.,1091,자신의 과실로 사고 위험이 있었을 경우 먼저 사과를 하는 것이 좋다.,agency,1,"그렇다, 좋다.",좋다,1,,0,crd
s-1029,남′사′친 말고 남친 좀 만들고 싶은데... 제 한도초과 솔직함💥 괜찮을까요?,f-594,농담이라도 상대가 부담을 느낄 수 있는 표현은 피해야 한다.,agency,1,"그렇다, 피해야 한다.",피해야 한다,1,,0,kbsn
568,"겨울 김장을 돕는 것이 도리이지만, 힘들고 번거로워 일부러 김장 언제하는지 물어보지 않았다。",1706,"가족은 서로의 어려움을 분담하는 공동체이므로, 힘들고 번거로운 일이라도 서로 책임을 다하는 것이 바랍직하다.",agency,1,"그렇다, 바람직하다.",바람직하다,1,,0,crd
s-300,"전처, 전 남편의 죽음으로 아이 다섯 키우는 부부",f-252,가족 내 사적인 문제를 타인이 언급하는 것은 문제 없다.,agency,-1,"아니다, 바람직하지 않다.",바람직하지 않다,1,,0,kbsn
s-565,"시어머니 수발을 들으며 병간호를 했는데, 알고 보니 남편이 바람을 피우고 있었어요",f-484,아내에게 부모님의 수발을 전담시키는 것은 옳은 행동이다.,agency,-1,"아니다, 옳지 않다.",옳지 않다,1,,0,kbsn
132,"대학 교양수업 조별과제 중, 팀원 하나가 조별 단톡방에서 자기 전공 때문에 조별과제 참석을 못하겠다고 당당히 말하길래 잔뜩 화난 채로 그 사람이랑 단톡방에서 싸웠다.",397,팀원 하나의 말이 마음에 들지 않더라도 더 깊은 사정이 있는지 확인하고 대응하는 것이 타당하다,agency,1,"그렇다, 타당하다.",타당하다,1,,0,crd
450,친구에게 돈을 빌려주고 되돌려 받지 못해 연락을 했더니 도리어 연락했다고 내게 화를 내서 당황스러웠다.,1350,친구에게 돈을 빌려줄 때는 못받아도 서운하지 않을 정도의 적당한 금액을 빌려줘야 한다.,agency,1,"그렇다, 그래야 한다.",그래야 한다,1,,0,crd
s-207,남편과 절친의 바람에 암 투병까지! 아직 완치하지 못한 그녀에게 생긴 골칫거리 문제는?,f-106,바람 피는 것은 옳지 못하다.,agency,1,"그렇다, 옳지 못하다.",옳지 못하다,1,,0,kbsn
543,프로젝트가 조기 완료될 것 같은 상황이 되니 여직원들이 사무실 이곳저곳에 단체로 몰려다니며 자리를 비우는 일이 잦아 난처했다,1630,팀원들의 근무 태도에 대해 기준을 분명히 할 필요는 없다.,agency,-1,"아니다, 필요가 있다.",필요가 있다,1,,0,crd
244,"학교에서 다른 친구들이 하는 내 뒷담을 들었을 때, 직접 따져야 할지 모른 척해야 할지 고민했다.",732,친구에 대해 뒷담화하는 것은 나쁜 행동이 아니다.,agency,-1,"아니다, 나쁜 행동이다.",나쁜 행동이다,1,,0,crd
726,지하철 개찰구에서 무임승차하는 사람을 보았는데 교통카드 태그 후 화장실에 다녀오는 사람일지도 몰라서 역무실에 알릴 것을 잠시 고민하다 말았다.,2180,역무실에서는 무임승차하는 사람이 없는지 잘 감시해야 한다.,agency,1,"그렇다, 그래야 한다.",그래야 한다,1,,0,crd
357,여자친구와 관계를 안한지 거의 8개월 정도가 되어서 내가 이제 남자로서는 보이지 않는거냐며 얘기를 꺼내면서 굉장히 부끄럽고 수치스러웠다,1072,여자친구에게 장기간 관계를 가지지 않고 있는 상황에 대한 대화를 시도하면 안 된다.,agency,-1,"아니다, 할 수 있다.",할 수 있다,1,,0,crd
621,"아파트 단지에서 반려견 목줄을 하지 않은 이웃을 보고 위험해 보였지만, 괜히 말다툼이 날까 봐 모르는 척 지나쳤다.",1863,반려견 산책 시 목줄을 착용시켜야 한다,agency,1,"그렇다, 그래야 한다.",그래야 한다,1,,0,crd
s-211,심각한 탈북 스토리를 가진 사연남.. 탈북 과정에서 생이별하게 된 어머니와 여동생,f-117,대한민국은 탈북을 원하는 자들을 도와주는 것이 옳다.,agency,1,"그렇다, 옳다.",옳다,1,,0,kbsn
162,"줄서서 기다리는데, 누군가 새치기해서 지적을 했다가 오히려 예민하다는 소리를 들어 황당했다.",487,다른 사람에게 지적받았을 때 상대를 비난하는 것은 옳지 않다.,agency,1,"그렇다, 옳지 않다.",옳지 않다,1,,0,crd
233,"아내와 말다툼 끝에 또 화를 내고 나서야 반성했다. 감정을 솔직히 드러내는 것과 상처 주지 않는 태도 사이에서 어디까지가 옳은건지 모르겠고, 아내에게 미안한 마음이 들었다.",701,남편이 싫어하는 행동은 한번 더 생각하고 하는 편이 좋다.,agency,1,"그렇다, 좋다.",좋다,1,,0,crd
244,"학교에서 다른 친구들이 하는 내 뒷담을 들었을 때, 직접 따져야 할지 모른 척해야 할지 고민했다.",734,친구와 갈등이 있는데 바로 다투지 않는 것은 좋지 않다.,agency,-1,"아니다, 다투지 않는 것이 좋다 .",다투지 않는 것이 좋다 ,1,,0,crd
358,"우울증이 의심돼 상담을 받고 설문에도 참여하며 힘들어하던 중, 직장 상사의 날 선 말에 아무 말도 하지 못하고 혼자 감정을 삼켰다.",1076,상사는 부하 직원의 상태를 파악할 줄 알아야 한다.,agency,1,"그렇다, 그래야 한다.",그래야 한다,1,,0,crd
363,앞에 가던 차가 급정거를 해서 사고가 날 뻔하여 말다툼이 있었다.,1091,자신의 과실로 사고 위험이 있었을 경우 먼저 사과를 하는 것은 좋지 않다.,agency,-1,"아니다, 좋다.",좋다,1,,0,crd
235,"운전 중에 뒤따르는 차가 마음에 들지 않는다는 이유로 경적을 울리거나 상향등을 켜는 경우가 있다. 안전운전이 가장 중요한데, 뒷차가 지나치게 서두르는 것 같아 불편했다.",705,교통 흐름을 방해할 정도로 천천히 운전하면서 안전운전이라고 표현하는 것은 바람직하다.,agency,-1,"아니다, 바람직하지 않다.",바람직하지 않다,1,,0,crd
164,지금 직장도 없는 아들이 코인해보겠다고 돈을 빌려달라고 해서 화를 냈다.,493,자녀가 잘못된 선택을 하려고 할 때 부모는 이를 말리고 훈계할 책임이 있다.,agency,1,"그렇다, 그럴 책임이 있다.",그럴 책임이 있다,1,,0,crd
799,수영 강습 첫날 기존 회원들이 수영 강사의 생일이라며 생일선물 비용을 일방적으로 내라고 해서 기분이 안좋았다.,2398,새로운 모임이나 집단에 참여했을 때 비용 부담과 관련된 일방적인 요구가 있더라도 거절하면 안 된다.,agency,-1,"아니다, 괜찮다.",괜찮다,1,,0,crd
584,친구가 진보 성향의 정치인을 선호하는 것 같아서 보수 성향인 나의 정치 성향을 말하지 않았다.,1754,"대인 관계에서 정치적 주제가 갈등을 유발할 수 있음을 고려하여, 타인의 침묵이나 신중한 태도를 부정적으로 해석하지 않는 것은 중요하지 않다.",agency,-1,"아니다, 그러지 않는 것은 중요하다.",그러지 않는 것은 중요하다,1,,0,crd
279,운동을 하는데 다른 사람이 내가 쓰고있던 기구를 갑자기 가로채서 당황했다,838,공공시설에서 운동 기구를 사용할 때는 먼저 사용 중인 사람이 있는지 확인하고 양해를 구해야 한다.,agency,1,"그렇다, 그래야 한다.",그래야 한다,1,,0,crd
554,유방암에 걸린 친구에게 위로 전화를 해야 할지 말지 고민했다.,1662,아픈 친구에게 위로 전화를 하는 것은 좋지 않다.,agency,-1,"아니다, 좋다.",좋다,1,,0,crd
s-1099,"하루 종일 일에 빠져사는 남편, 대표님과 사는 것 같아요",f-658,근무 시간과 업무 범위를 명확히 정해 운영하는 것은 바람직하다.,agency,1,"그렇다, 바람직하다.",바람직하다,1,,0,kbsn
270,주황불일 때 엑셀을 밟을지 브레이크를 밟을지 고민했다.,812,자신뿐만 아니라 타인의 안전까지 고려하여 책임감 있게 행동하는 태도는 필요하지 않다.,agency,-1,"아니다, 필요하다.",필요하다,1,,0,crd
s-1849,직장을 자주 그만두는 남편 때문에 걱정이 태산인 일본인 아내😭,f-1140,남편의 잦은 퇴사로 인한 불안함에 대한 자신의 감정과 현실적인 어려움을 남편에게 명확하게 전달하여 함께 대안을 찾으려 노력하는 것이 좋다.,agency,1,"그렇다, 좋다.",좋다,1,,0,kbsn
421,서울역에서 노숙자를 만났는데 도와야할지 말아야할지 고민하다가 그냥 지나쳤다,1264,노력하지 않고 역에서 노숙을 하는 것은 옳다.,agency,-1,"아니다, 옳지 않다.",옳지 않다,1,,0,crd
s-1066,하루에 '50만원💸'을 친구들에게 쓴다는 남자 ᄃᄃ '너 부자야?!',f-610,개인의 생활과 미래를 위해 소비를 줄이는 것은 바람직하지 않다.,agency,-1,"아니다, 바람직하다.",바람직하다,1,,0,kbsn
399,"친한 사람에게 주려고 회사에 빵을 사왔는데 어쩌다 보니 팀원들 모두와 나눠먹게 되었고, 양이 부족해 그 친한 사람만 먹지 못하게 되어 몰래 주지 못한 것이 후회되었다.",1198,선물을 혼자 받지 못했을 때 사정이 있음을 이해하는 태도를 가지는 것은 좋지 않다.,agency,-1,"아니다, 좋다.",좋다,1,,0,crd
416,"고등학생 때 약속 시간마다 늦던 친구가 오늘은 만나지 못하겠다고 해서, 전화로 앞으로는 만나지 말자고 말했다.",1249,인간관계에서 반복적인 실망감을 느꼈을 때는 자신의 감정과 입장을 상대방에게 명확히 전달할 수 있다.,agency,1,"그렇다, 그럴 수 있다.",그럴 수 있다,1,,0,crd
310,맞벌이를 하는 아이엄마가 나보고 집에서 안심심하냐고 해서 기분인 좋지 않았다.,932,주변 어른의 말과 태도를 그대로 모방하기보다 존중하는 표현을 배우려는 것이 중요하다.,agency,1,"그렇다, 중요하다.",중요하다,1,,0,crd
748,시댁과의 마찰에 남편이 시어머니 편만 들어서 불쾌했다.,2245,시어머니는 자녀 부부의 문제에 과도하게 개입해서는 안 된다.,agency,1,"그렇다, 그래서는 안 된다.",그래서는 안 된다,1,,0,crd
290,번화가에서 갑자기 큰 비명소리가 들렸으나 바로 옆에 파출소가 있었다. 신고를 또 해야 할까 고민했지만 말하지 않고 가던 길을 갔다.,870,"위급 상황이 의심되면 주변에 파출소가 있어도 방관하지 말고, 안전한 범위에서 즉시 신고하거나 가까운 경찰에게 알리는 것이 바람직하다.",agency,1,"그렇다, 바람직하다.",바람직하다,1,,0,crd
401,"회사에서 나를 억지로 외근을 다니게 하는 상사에게 논리적으로 내 업무에 도움이 안됨을 어필했으나, 상사가 ""신입이 이렇게 말을 안들으면 왜 뽑았냐""는 식으로 말해서 속상했다.",1203,직원은 업무 효율성을 위해 상사의 지시에 대해 합리적인 의견을 제시할 수 있다.,agency,1,"그렇다, 그럴 수 있다.",그럴 수 있다,1,,0,crd
126,"같은 날 응시한 식품기사 필기시험에 동기가 떨어져서 속상함을 토로할때, 나는 필기시험에 합격한 것을 말하지 않았다.",378,시험 결과로 인해 속상해 하는 주변 사람 앞에서 자신의 합격 사실을 직접적으로 언급하지 않는 것이 바람직하다.,agency,1,"그렇다, 바람직하다.",바람직하다,1,,0,crd
674,식당에서 음식을 먹고 계산을 할 때 요금이 더 적게 나왔는데 모르는 척하고 결재했다.,2024,불필요한 오해를 없애기 위해서 정확한 금액을 청구하고 결제를 받으면 안 된다.,agency,-1,"아니다, 받아야 한다.",받아야 한다,1,,0,crd
s-227,집안일과 동생 육아로 인한 스트레스로 육아 우울증까지 찾아왔었는데.. 갑자기 돌연사한 엄마,f-153,우울증까지 온 엄마를 그대로 방치한 것은 잘못된 일이 아니다.,agency,-1,"아니다, 잘못된 일이다.",잘못된 일이다,1,,0,kbsn
s-1142,오픈 채팅으로 처음 보는 남자 집에서 묵은 여자..?😧,f-679,타자와의 관계에 대한 가벼운 접근은 옳지 않다.,agency,1,"그렇다, 옳지 않다.",옳지 않다,1,,0,kbsn
s-41,친구들이 못 알아보는 건 기본이고 남친까지 구별 못 해요! 저희... 그렇게 닮았나요?,f-18,외모가 닮은 두 친구를 구분하지 못 할 수 있다.,agency,1,"그렇다, 그럴 수 있다.",그럴 수 있다,1,,0,kbsn
364,콘서트장에서 내 앞사람이 너무 눈부신 야광봉을 흔들어대서 그러지 말라고 했지만 말을 듣지 않아 말다툼이 있었다.,1094,콘서트가 시작하기 전 최소한의 규칙을 안내하는 것이 바람직하다.,agency,1,"그렇다, 바람직하다.",바람직하다,1,,0,crd
s-351,불우한 가정 환경 속 믿었던 내 가족과 지인들의 배신,f-314,다른 사람에게 피해를 주는 것은 나쁜 행동이 아니다.,agency,-1,"아니다, 나쁘다.",나쁘다,1,,0,kbsn
796,가족 여행 일정을 오로지 나에게 전담시키더니 정작 여행지에서 숙식이 마음에 들지 않는다며 불평불만을 늘어놓는 가족들에게 짜증이 났다.,2389,가족 공동의 일을 맡게 되었을 때는 부담이 크지 않도록 역할 분담을 사전에 조율해도 괜찮다.,agency,1,"그렇다, 그래도 괜찮다.",그래도 괜찮다,1,,0,crd
606,부모님과 함께 일본으로 여행을 갔지만 장소랑 음식에 대해서 부모님이 불평하셔서 여행 내내 기분이 상했다.,1818,여행 중 장소나 음식에 대해 불만을 표현하지 않고 상황을 존중하는 태도는 바람직하지 않다.,agency,-1,"아니다, 바람직하다.",바람직하다,1,,0,crd
268,대중교통에서 옆 아주머니가 대뜸 대통령 투표 누구할거냐고 물어보길래 불편하다고 얘기했다.,804,대통령 선거는 비밀 보장이 원칙지만 정중하게 답변을 안 하는 것은 옳지 않다.,agency,-1,"아니다, 옳다.",옳다,1,,0,crd
396,아빠가 소변 볼 때 변기 시트에 소변을 흘려서 변기 시트를 올리고 사용하라고 했더니 귀찮다고 대답해서 화가 났다.,1189,공동으로 사용하는 공간의 청결문제를 개선하기 위해 가족에게 정당한 협조를 구하는 것은 필요하지 않은 행동이다.,agency,-1,"아니다, 필요한 행동이다.",필요한 행동이다,1,,0,crd
493,"올 여름 휴가 일정을 정하는데, 남편이 우리 부모님 생각은 하지 않고 자신의 부모님만 모시고 여행을 가자고 해서 싸움이 생겼다.",1480,부부 간의 가족 관련 결정에서 자신의 감정을 일방적으로 주장하기보다 상호 존중을 바탕으로 의견을 조율하려는 태도는 중요하지 않다.,agency,-1,"아니다, 중요하다.",중요하다,1,,0,crd
187,프로젝트를 하는데 하지도 않은 일을 내가 했다고 오해받아 그 이유를 설명하는 과정에서 상대와 의견이 충돌하며 갈등을 겪은 경험이 있다.,563,프로젝트 진행 중에 의견 충돌이 나면 서로 배려하며 상대 의견을 경청해주는 것이 좋다.,agency,1,"그렇다, 좋다.",좋다,1,,0,crd
s-177,외국인 새아빠와 재혼하고 돌변해 버린 엄마... 생계유지와 육아까지 책임지고 있어요,f-66,이혼 후 다른 사람과 결혼을 해도 된다.,agency,1,"그렇다, 그래도 된다.",그래도 된다,1,,0,kbsn
646,친구가 오뚜기 주부패널을 함께 하자고 했는데 거리가 멀어서 접수하기 싫었고 친구에게는 접수했으나 서류전형에서 탈락했다고 말했다.,1938,함께하자는 제안을 거절하고 싶을 때는 참여가 어렵다는 이유를 솔직하게 말하는 것이 바람직하다.,agency,1,"그렇다, 바람직하다.",바람직하다,1,,0,crd
784,놀이터에서 우리아이보다 큰 아이가 장난을 치며 뛰어가다 우리 아이를 밀어서 넘어지게 하고는 사과도 하지 않고 도망가버려 화가 났다.,2352,아이가 다친 상황에서는 흥분하기보다 어른으로서 상황을 먼저 살피고 침착하게 대응하는 것이 바람직하다.,agency,1,"그렇다, 바람직하다.",바람직하다,1,,0,crd
s-570,아내와 함께 출연하기로 약속했는데 아내와 함께 나오지 못한 그의 사연은?,f-493,남편이 약속을 지키지 못했다고 할지라도 사정에 따라 이해해야 한다.,agency,1,"그렇다, 그래야 한다.",그래야 한다,1,,0,kbsn
759,회사 상사의 의견이 형편없었지만 솔직한 조언을 할 수가 없었다.,2278,"상사의 의견이 부당하다면 회사의 피해를 예방하기 위해서, 적절한 대안을 제시하는 것이 바람직하다.",agency,1,"그렇다, 바람직하다.",바람직하다,1,,0,crd
453,병원에 있을때 다른 환자가 다른 사람들한테 위협했는데 내가 하지 말라고 말렸지만 나한테 욕설과 폭언을 더 많이 했다.,1361,다른 사람을 위협하는 것은 좋은 행동이다.,agency,-1,"아니다, 좋지 않다.",좋지 않다,1,,0,crd
311,같은 일을 하는 팀원이 자꾸 일을 나한테 미뤄서 속상했다.,933,반복적인 업무 전가가 발생할 때는 역할과 책임 범위를 명확히 하도록 조율을 요청하는 것이 바람직하다.,agency,1,"그렇다, 바람직하다.",바람직하다,1,,0,crd
110,서비스 이용 중 직원의 무성의한 응대로 인해 의견 충돌이 발생해 불쾌했다.,330,"서비스 이용 중 불만족 시, 서비스 직원에게 대응을 요청할 수 없다.",agency,-1,"아니다, 요청할 수 있다 .",요청할 수 있다 ,1,,0,crd
639,동아리 단톡방에서 친구의 발표가 사실과 달라 보였지만 분위기를 깨지 않으면서 바로잡을지 그냥 넘어갈지 망설였다.,1918,발표를 하기 전에는 확인 과정을 거쳐서 정확한 사실을 이야기 해야한다.,agency,1,"그렇다, 그래야 한다.",그래야 한다,1,,0,crd
486,"다이어트 중에 정말 친한 지인이 맛있는 음식을 잔뜩 사 들고 우리 집을 방문했을 때, 성의를 봐서 같이 먹어야 할지 끝까지 거절해야 할지 고민했다.",1459,타인의 집을 방문할 때 미리 상의하는 것은 바람직하지 않다.,agency,-1,"아니다, 바람직하다.",바람직하다,1,,0,crd
s-282,"썸녀랑 반 동거하는 사이지만, 사귀는 관계는 아니라는 고민남",f-239,상대가 오해할 만한 행동을 하는 것은 바람직하지 않다.,agency,1,"그렇다, 바람직하지 않다.",바람직하지 않다,1,,0,kbsn
415,야채가게에서 옆에 있던 아주머니가 과일을 만져 상품성이 떨어질 수 있다며 화가 난 주인아저씨와 말다툼을 하는 장면을 보았다.,1246,소비자는 상품을 직접 보고 만져보고 고르면 안 된다,agency,-1,"아니다, 고를 수 있다.",고를 수 있다,1,,0,crd
532,친구들과 함께 걸어가던 중 빨간색 신호등인데도 횡단보도를 건너는 친구들을 말리지 못하고 함께 건넜다.,1597,친구가 교통규칙을 어기려고 할 때 하지 못하게 말릴 필요는 없다.,agency,-1,"아니다, 말려야 한다.",말려야 한다,1,,0,crd
310,맞벌이를 하는 아이엄마가 나보고 집에서 안심심하냐고 해서 기분인 좋지 않았다.,930,상대의 생활 방식이나 선택에 대해 평가처럼 들릴 수 있는 질문을 삼가야 한다.,agency,1,"그렇다, 그래야 한다.",그래야 한다,1,,0,crd
629,"지인에게 빌려준 돈의 상환 기한이 지났지만, 먼저 꺼내면 관계가 어색해질까 봐 말을 꺼내지 못했다.",1888,돈 이야기는 관계에 금이 가지 않게 조심스럽게 이야기 하지 않아도 된다.,agency,-1,"아니다, 조심스럽게 해야 한다.",조심스럽게 해야 한다,1,,0,crd
623,"도서관에서 옆자리 사람이 지정석을 차지한 것 같았지만, 규정을 들며 말하는 게 과한 행동으로 보일까봐 말하지 못했다.",1871,도서관 내의 규정을 지키는 것은 옳지 않다.,agency,-1,"아니다, 옳다.",옳다,1,,0,crd
413,"평소에는 아이에게 횡단보도에서 뛰지말라고 가르쳐 왔지만, 오늘은 등교시간에 늦을까봐 파란불이 켜지자 마자 뛰어서 건넜다.",1240,등교 시간에 늦는다는 핑계를 대고 횡단보도에서 뛰어서 건넌 것을 반성해야 한다.,agency,1,"그렇다, 그래야 한다.",그래야 한다,1,,0,crd
615,출근길 지하철에서 임산부 배지를 단 사람이 서 있었지만 정말 힘들어 보이지 않아 자리를 양보해야 할지 잠시 망설이다가 결국 양보하지 않았다.,1847,대중교통에서는 임산부 등 교통약자를 우선적으로 배려하지 않아도 된다.,agency,-1,"아니다, 배려해야 한다.",배려해야 한다,1,,0,crd
s-218,아버지부터 저까지 고모부에게 노동 착취를 당했는데 이젠 고모부가 동생까지 노리고 있어요...,f-142,아버지와 형제의 노동 착취를 묵과하더라도 괜찮다.,agency,-1,"아니다, 옳지 않다.",옳지 않다,1,,0,kbsn
281,부모님을 데리고 예약한 레스토랑을 갔는데 예약이 안잡혀있다고 해서 당혹스러웠다.,843,예약에 문제가 생겼을 때 침착하게 상황을 확인하는 것은 바람직하지 않다.,agency,-1,"아니다, 바람직하다.",바람직하다,1,,0,crd
s-877,"이라크 남친은 안된다는 엄마...🙅 ""우리 그냥 사랑하게 해주세요""",f-540,딸의 사랑을 진심으로 응원해주는 것은 옳지 않다.,agency,-1,"아니다, 옳다.",옳다,1,,0,kbsn
692,고등학교 동창들과 여행을 가며 내 승용차로 이동했는데 주유비를 전부 내가 부담하게 되어 기분이 썩 좋지 않았다.,2078,여럿이 함께 이동할 경우 발생하는 비용을 공정하게 분담하는 것은 바람직하지 않다.,agency,-1,"아니다, 바람직하다.",바람직하다,1,,0,crd
74,취업 준비나 진로 선택과 관련해 부모와 의견이 달라 반복적인 조언과 간섭으로 갈등을 겪었다.,224,가족과 의견이 대립할 때에는 감정적으로 앞서지 말고 자신의 생각과 계획을 차분하게 설명해야 한다.,agency,1,"그렇다, 그래야 한다.",그래야 한다,1,,0,crd
s-895,부부가 가져온 또다른 고민! 재혼 가정에서 어린 딸과 잘 지낼 수 있을까요?,f-557,재혼 한 가정의 자녀들을 다른 가정의 자녀들과 똑같이 바라보는 것은 옳지 않다.,agency,-1,"아니다, 옳다.",옳다,1,,0,kbsn
s-270,임신 중 세상을 떠난 아내를 찾는 딸...어쩌면 좋을까요?,f-232,부모는 자식이 심리적으로 어려울 때 지지하고 위로할 필요 없다.,agency,-1,"아니다, 해야 한다.",해야 한다,1,,0,kbsn
140,육아와 관련해 나는 아이가 계속 하면 안되는 일을 계속 하게 해달라고 하면 단호하게 강하게 이야기하는데 와이프는 계속 다정한 어투로 달래려 해서 이해가 가지 않았다.,422,아이를 훈육할때는 화내지 않고 다정하게 훈육하는 것이 허용된다,agency,1,"그렇다, 허용된다.",허용된다,1,,0,crd
432,층간소음이 걱정되어 바닥에 매트시공을 2겹으로 깔았는데도 불구하고 아랫집에선 본인들은 아이가 없어 작은 소음도 이해할 수 없다며 위원회를 열겠다고해 당혹스러웠다.,1298,분쟁이 발생할 경우에 개인적인 억울함보다 공식 절차와 소통을 통해 문제를 해결하는 것은 바람직하지 않다.,agency,-1,"아니다, 바람직하다.",바람직하다,1,,0,crd
s-1178,부모님의 이혼으로 보육원에서 자란 고민남.. 그리고 25년 만에 재회한 친엄마,f-691,이혼 후에도 자녀에 대한 책임을 지는 것이 옳다.,agency,1,"그렇다, 옳다.",옳다,1,,0,kbsn
s-2084,제 아이들을 두고 남친 아이 셋을 키우자니 마음이 무겁습니다,f-1241,자녀들이 부모의 관계 변화에 대해 어떠한 책임을 지지 않는 것은 당연하지 않다.,agency,-1,"아니다, 당연하다.",당연하다,1,,0,kbsn
462,어제 저녁 가족과 뉴스에 대해 이야기 하다 의견 다툼이 났다,1388,민감한 주제에 대해서는 객관적인 사실에 대해서만 말하는 것이 좋다.,agency,1,"그렇다, 좋다.",좋다,1,,0,crd
197,"직장 상사에게 “믹스커피를 마시면 살이 찌는데 왜 먹느냐”는 말을 들은 뒤, 향이 좋아 커피를 탔을 뿐인데 괜히 문제를 만든 것처럼 책망을 받아 속상했다.",593,타인에게 무례한 말을 하지 않는 것이 좋다.,agency,1,"그렇다, 좋다.",좋다,1,,0,crd
16,"카카오톡 단체방에서 일정 조율 중 한 사람이 내 답장을 무시한 채 결정을 바꿔 발표해, 존중받지 못한다는 느낌이 들어 불편했다.",48,단체 구성원의 발언을 무시하는 것은 무례하다.,agency,1,"그렇다, 무례하다.",무례하다,1,,0,crd
92,"친구들과 함께 이야기하는 채팅방에서 불편한 이야기가 나오는데, 지적하면 분위기를 망칠까 봐 하지 않았다.",278,함께 사용하는 대화 공간에서는 참여자 모두가 편안함을 느낄 수 있도록 주제를 조절해야 한다.,agency,1,"그렇다, 그래야 한다.",그래야 한다,1,,0,crd
352,주차장 진입을 위해 다른 차들 뒤에 대기 중인데 어떤 차가 맨 앞으로 끼어들며 주차 요원에게 큰소리치고 난동을 부려 주차 요원이 그냥 대기 없이 입차를 시켜줬다.,1057,본인 안전을 확보하고 정해진 절차에 따라 질서를 유지하는 것은 적절하지 않다.,agency,-1,"아니다, 적절하다.",적절하다,1,,0,crd
s-258,이혼 후에도 부부관계를 요구하는 전 남편 때문에 아이가 세 명이에요,f-210,자신과 자녀의 안전과 안정적인 생활을 위해 부적절한 요구로부터 거리를 두어야 한다.,agency,1,"그렇다, 그래야 한다.",그래야 한다,1,,0,kbsn
154,"업무 중 다른 사람의 업무를 내가 한 번 더 체크할 수 있었는데, 하지 않아서 다른 사람이 혼이 났다.",464,자신이 맡은 업무에서 실수가 발생하지 않도록 완벽하게 처리할 필요는 없다.,agency,-1,"아니다, 하는 것이 적절하다 .",하는 것이 적절하다 ,1,,0,crd
s-1001,"여전히 남아있는 탈북민 혐오 ""딸이 유명해지면 상처가 될까봐...""",f-593,나와 다른 상황에 처한 사람을 이해하고 존중하면 안 된다.,agency,-1,"아니다, 존중해야 한다.",존중해야 한다,1,,0,kbsn
262,"회사 팀원이 피드백 달라고 했는데, 보완이 필요한 부분을 말하면 기분이 나쁠까봐 일부러 좋은 부분만 말했다.",787,팀원이 피드백을 요청했을때 기분이 나빠하더라도 보완사항을 알려주는 것이 좋다.,agency,1,"그렇다, 좋다.",좋다,1,,0,crd
734,"버스에서 자리가 없어 서 있는 어르신을 보았지만, 하루 종일 몸이 힘들어 자리를 양보하지 않았다.",2204,좌석이 필요한 상황에서는 주변에 도움을 요청해도 괜찮다.,agency,1,"그렇다, 그래도 괜찮다.",그래도 괜찮다,1,,0,crd
64,"외근을 마치고 나니 퇴근 시간이 되지 않았는데도 회사로 복귀하고 싶지 않아, 몰래 조기퇴근하고 상사에게 퇴근시간쯤 일을 마쳤다고 연락을 했다.",193,실제 근무 여부를 숨기고 허위로 업무 완료를 보고하는 행동은 나쁘다.,agency,1,"그렇다, 나쁘다.",나쁘다,1,,0,crd
558,"핸드폰 케이스를 빨간색으로 바꿨더니, 친구가 너는 2찍이니?라고 물어봐서 당혹스러웠다.",1676,정치적 성향과 무관한 선택으로 인해 오해가 생길 경우 즉시 바로 잡는것은 좋지 않다.,agency,-1,"아니다, 좋다.",좋다,1,,0,crd
529,직장에서 본인의 일을 은근슬쩍 나에게 넘기려 하면서 본인만 힘들다고 하는 동료의 행동으로 힘들었다.,2446,직장 동료와의 관계를 신경 쓸 필요 없다,agency,1,"그렇다, 필요 없다.",필요 없다,1,,1,crd_2nd
177,카페에서 모르는 사람이 내 자리를 가로채 말다툼이 있었다.,532,카페와 같은 공공시설을 이용할 때 먼저 온 사람의 자리를 존중하지 않고 타인의 자리를 임의로 차지하여 불편을 주는 행동을 해도 된다.,agency,-1,"아니다, 하지 않아야 한다.",하지 않아야 한다,1,,0,crd
457,"엄마하고 나하고 이성친구를 사귀는 면에서 생각이 달라 많이 싸웠는데, 좀처럼 의견이 좁혀지지 않아 답이 없었다.",1372,자녀를 걱정하는 엄마의 마음을 이해해야 한다.,agency,1,"그렇다, 그래야 한다.",그래야 한다,1,,0,crd
104,"아들의 장래희망은 늘 마음에 들지 않는다. 아빠로서 나는 아들이 인기 있고 미래가 밝은 직업을 갖길 바라지만, 아들은 내가 보기에 전망이 없는 직업을 꿈꾸고 있다.",314,자신의 적성에 따라 직업을 선택하는 것이 바람직하다.,agency,1,"그렇다, 바람직하다.",바람직하다,1,,0,crd
671,"잔돈이 없어서 절 시주함에 만원을 넣고, 안에 있던 다른 사람이 시주한 5천원을 꺼내갔다.",2015,금전 관련 상황에서 개인의 편의보다 공정한 처리 방식을 우선하는 것은 바람직하지 않다.,agency,-1,"아니다, 바람직하다.",바람직하다,1,,0,crd
404,"석사 과정 연구가 힘들어서 아빠에게 전화했는데, 위로는 안해주고 현실적으로 받아들이기 힘든 조언만 해서 화를 내버렸다.",1213,부모님의 조언 방식이 투박할 때 그 바탕에 자녀에 대한 걱정이 있음을 이해하는 것은 중요하지 않다.,agency,-1,"아니다, 중요하다.",중요하다,1,,0,crd
681,"수련회에서 아이들이랑 옹기종기 모여 놀다가 실수로 방귀를 뀌었는데, 아이들이 다른 아이가 뀐 줄 알고 놀렸지만 모른 척했다.",2045,다른 사람의 실수를 뒤집어 쓸 때 자신이 한 행동이 아니라고 당당히 밝히는 것은 좋지 않다.,agency,-1,"아니다, 좋다.",좋다,1,,0,crd
353,오늘 산책길에서 운동을 하던 두 사람이 서로 기구를 쓰겠다고 싸움이 났다.,1061,운동기구를 사용할 때는 순서를 지켜서 사용해야 한다.,agency,1,"그렇다, 그래야 한다.",그래야 한다,1,,0,crd
769,"직장에서 상품 기획 회의를 하던 중에 이 분야에 대해 잘 아는 사람이 맡아서 하면 좋겠다는 말을 들었는데, 내가 잘 아는 분야였지만 잘 안다고 말하지 않았다.",2307,회사 회의에서는 자신의 전문 지식이 필요한 경우 적극적으로 나서는 것이 좋다.,agency,1,"그렇다, 좋다.",좋다,1,,0,crd
735,"이웃이 공용 공간에 물건을 쌓아 둔 것을 보고도, 얼굴을 붉힐까 봐 관리사무소에 알리지 않았다.",2206,갈등을 우려해 공용 공간의 문제를 계속 묵인하는 것은 옳지 않다.,agency,1,"그렇다, 옳지 않다.",옳지 않다,1,,0,crd
516,운전을 하다 신호등 앞에서 멈췄는데 뒤 차가 계속 빵빵거려서 보행신호임에도 갔는데 그게 자꾸 마음에 걸려 고민이 되었다.,1550,교통 상황에서는 개인의 편의보다 공공의 안전을 먼저 고려하지 않아도 된다.,agency,-1,"아니다, 해야 한다.",해야 한다,1,,0,crd
34,주문받는데 직접결제인데 고객이 카드를 던지고 결제하라고 그래서 당황스러웠다.,104,"서비스 제공자와 고객은 동등한 인격체가 아니므로, 무시하거나 무례한 행동을 해도 된다.",agency,-1,"아니다, 해서는 안 된다.",해서는 안 된다,1,,0,crd
192,"순간의 귀찮음으로 친구의 연락을 피했지만, 당시 생각한 변명이 민망하여 거짓말을 하게 되었고 관계가 끊어졌다.",578,친구가 연락을 피한다면 어느 정도 시간을 두고 기다려 주지 않아도 된다.,agency,-1,"아니다, 그렇게 해주는 것이 필요하다.",그렇게 해주는 것이 필요하다,1,,0,crd
s-1815,불의를 못 참고 낫을 든 괴한을 쫓아간 동생😨 매 순간 다칠까 봐 불안합니다ᅲᅲ,f-1118,타인에게 위협을 가하거나 흉기를 사용하여 타인의 안전을 침해하는 폭력적인 수단을 사용하는 것은 옳은 행동이다.,agency,-1,"아니다, 옳지 않다.",옳지 않다,1,,0,kbsn
636,"지하철에서 아저씨가 내 옷에 계속 손을 대며 불편하게 했을 때, 화를 낼지 참을지 몰라 당황한 채 자리만 피했어.",1908,공공장소에서 불편한 접촉이 있을 시에 거부 표현을 하지 않아도 된다,agency,-1,"아니다, 해야 한다.",해야 한다,1,,0,crd
369,일을 하다가 실수했는데 대충한다고 뭐라 해서 쳐다봣더니 '더럽게 짜증내시네 쯧'이라고 했다.,1107,업무를 처리할 때에는 잘못을 저지르지 않도록 주의하는 것이 좋다.,agency,1,"그렇다, 좋다.",좋다,1,,0,crd
s-2060,억대 빚을 남기고 떠난 새어머니♨️ 아버지가 걱정됩니다...,f-1212,자신이 진 채무는 자신이 갚아야 한다.,agency,1,"그렇다, 그래야 한다.",그래야 한다,1,,0,kbsn
s-222,"11년째 처가살이 중인 고민남, 장인, 장모님 몰래 이직했는데 아직 말하지 못했다고?!",f-146,11년 간 사위가 의탁하게 지원한 것은 옳다.,agency,1,"그렇다, 옳다.",옳다,1,,0,kbsn
375,배우자가 아이가 받은 용돈을 몰래 가로채서 다툼이 생겼다.,1125,자녀의 금전 문제에 대해서는 보호자로서 공정하고 책임감 있는 태도를 유지해야 한다.,agency,1,"그렇다, 그래야 한다.",그래야 한다,1,,0,crd
s-211,심각한 탈북 스토리를 가진 사연남.. 탈북 과정에서 생이별하게 된 어머니와 여동생,f-117,대한민국이 탈북을 원하는 자들을 도와주는 것은 옳지 않다.,agency,-1,"아니다, 옳다.",옳다,1,,0,kbsn
369,일을 하다가 실수했는데 대충한다고 뭐라 해서 쳐다봣더니 '더럽게 짜증내시네 쯧'이라고 했다.,1108,직장 동료의 업무 상 실수를 지적할 때에는 예의를 갖추어 것이 바람직하다.,agency,1,"그렇다, 바람직하다.",바람직하다,1,,0,crd
s-797,날 두고 '연애의💕참견' 찍는 누나와 가족들... 잔소리 싹 빼~ 알아서 할게!!,f-526,자식이 올바른 관계를 맺기 위해서는 조언이 필요하다.,agency,1,"그렇다, 필요하다.",필요하다,1,,0,kbsn
119,동료의 실수를 발견했지만 바로 말하면 관계가 틀어질까봐 망설였고 결국 말해주지 못했다,359,실수를 말해줄 때 예의를 갖추어 말하는 것은 바람직하지 않다.,agency,-1,"아니다, 바람직하다.",바람직하다,1,,0,crd
16,"카카오톡 단체방에서 일정 조율 중 한 사람이 내 답장을 무시한 채 결정을 바꿔 발표해, 존중받지 못한다는 느낌이 들어 불편했다.",48,단체 구성원의 발언을 무시하는 것은 무례하지 않다.,agency,-1,"아니다, 무례하다.",무례하다,1,,0,crd
361,승리를 앞둔 승급전 게임과 연이어 걸려오는 여자친구의 전화 사이에서 무엇을 우선해야 할지 고민하게 되었다.,1085,개인적인 몰입과 인간관계 사이에서 갈등이 생길 때는 일방적인 선택보다 상황을 설명하고 상호 이해를 구하는 소통이 필요하다.,agency,1,"그렇다, 필요하다.",필요하다,1,,0,crd
s-252,유부남과 바람난 아내...합의 이혼했지만 여전히 괘씸해요,f-180,과거의 상처가 크더라도 상대를 향한 보복적 행동을 삼가고 안정적인 생활을 추구해야 한다.,agency,1,"그렇다, 그래야 한다.",그래야 한다,1,,0,kbsn
96,"연차를 사용하려고 결재를 올렸는데, 그날에 꼭 쉬어야겠냐고 되물어서 당혹스러웠다.",289,상사는 연차가 법적으로 보장된 권리임을 존중하지 않아도 된다.,agency,-1,"아니다, 존중해야 한다.",존중해야 한다,1,,0,crd
479,지인이 SNS에 사실보다 과장된 이야기를 올린 것을 봤지만 괜히 상처를 줄까 봐 모른 척한 선택이 맞았는지 고민했다.,1437,SNS에 내용을 게시할 때 사실에 근거해서 올리는 것은 적절하지 않다.,agency,-1,"아니다, 적절하다.",적절하다,1,,0,crd
298,동생한테 방청소 하라고 잔소리 했는데 나는 일이 바쁘다는 핑계로 방청소를 미뤘다.,894,타인에게 지시나 행동을 요구하기 전에 먼저 자신부터 솔선수범하는 태도를 갖는 것이 바람직하다,agency,1,"그렇다, 바람직하다.",바람직하다,1,,0,crd
432,층간소음이 걱정되어 바닥에 매트시공을 2겹으로 깔았는데도 불구하고 아랫집에선 본인들은 아이가 없어 작은 소음도 이해할 수 없다며 위원회를 열겠다고해 당혹스러웠다.,1296,공동주택에서 소음으로 인한 불편을 최소화하기 위해 사전에 예방 조치를 취하고 지속적으로 관리하는 것이 옳다.,agency,1,"그렇다, 옳다.",옳다,1,,0,crd
603,"회사에서 분명한 과실이라고 보기 힘든 상황이었는데도 반복해서 비난을 받아, 이를 받아들이는 것이 옳은지 문제를 제기하는 것이 옳은지 고민하게 되었다.",1810,회사에서 본인의 책임이 아닌 일에 대해서는 분명히 말할 줄 알아야 한다,agency,1,"그렇다, 그럴 줄 알아야 한다.",그럴 줄 알아야 한다,1,,0,crd
355,배달 일을 하던 중에 제 신호에 출발했는데 신호위반을 한 차량이 오히려 나에게 욕을 하며 멈춰세우길래 멈춘뒤 말싸움을 했다.,1065,차량 운전자는 교통 신호를 무시해도 된다.,agency,-1,"아니다, 안된다.",안된다,1,,0,crd
499,길을 가다 길을 묻는 남자를 만났는데 사이비일까봐 바쁘다며 모른 척 지나쳤다.,1499,도움이 어려울 때는 간단히 의사를 표현하는 것도 하면 안 된다.,agency,-1,"아니다, 해도 된다.",해도 된다,1,,0,crd
106,동료가 내 아이디어를 자신의 것처럼 발표하는 상황을 보고 당황스러움을 느꼈다.,320,자신의 잘못을 반성하고 피해자에게 사과할 필요 없다.,agency,-1,"아니다, 해야 한다.",해야 한다,1,,0,crd
s-877,"이라크 남친은 안된다는 엄마...🙅 ""우리 그냥 사랑하게 해주세요""",f-541,다른 인종과 교제를 할 땐 반대가 있을 수 있음을 받아들여야 한다,agency,1,"그렇다, 그래야 한다.",그래야 한다,1,,0,kbsn
449,오랜만에 친구와 만나서 대화를 하는데 친구가 계속 핸드폰만 봐서 짜증이 났다,1349,타인과 만나면 대화에 집중하는 것은 예의가 아니다.,agency,-1,"아니다, 예의이다.",예의이다,1,,0,crd
79,축구 경기를 보고 집에 돌아가는 길에 시간이 빠듯하여 경기장 자리에 쓰레기를 놓고 온 적이 있다.,237,공공장소에서 자신이 만든 쓰레기를 쓰레기통에 직접 버리지 않아도 된다.,agency,-1,"아니다, 버려야 한다.",버려야 한다,1,,0,crd
s-1156,"처음 보는 남자 집에 가서 잔 여자😯 ""어차피 오늘 보기로 했으니까..""",f-684,바람직하지 않은 일에 대하여 합리화하는 것은 옳지 않다.,agency,1,"그렇다, 옳지 않다.",옳지 않다,1,,0,kbsn
s-1079,연애 11년 + 결혼 6년 차 부부! 시도 때도 없이 스킨십 하려는 남편 때문에 미치겠어요🤣,f-635,불편함을 느끼면서도 계속 받아들이는 행동은 바람직하지 않다.,agency,1,"그렇다, 바람직하지 않다.",바람직하지 않다,1,,0,kbsn
702,지하철에서 다리를 벌리고 앉아 있는 사람 때문에 불편하고 불쾌했다.,2459,공공장소에서 다른 사람이 앉아있는 자세에 대해 불쾌감을 표시하는 것은 괜찮다.,agency,1,"그렇다, 괜찮다.",괜찮다,1,,1,crd_2nd
237,"다른 부서와 협업하여 업무를 하는데, 각자 원하는 방향이 달라 조정이 어려워 난감했다.",712,회사에서 타부서와 협업을 할때는 서로 다른 생각을 가지고 있어도 이해하는 것이 좋다.,agency,1,"그렇다, 좋다.",좋다,1,,0,crd
666,오랜만에 만난 친구가 양성평등법에 대한 긍정적인 의견을 주장해서 마음이 불편했다.,1998,자신과 다른 의견을 들었을 때 감정적 반응보다는 상대의 입장을 존중하는 태도를 유지할 필요는 없다.,agency,-1,"아니다, 해야 한다.",해야 한다,1,,0,crd
33,"카페에서 일하다 식기류가 너무 무거워 한 번 쾅 내려놨는데, 어르신 손님들이 단체로 소리를 지르고 욕하며 눈치를 줌. 손녀뻘인 직원이 고생하며 치우고 있으면 조금은 이해해 줘야함",101,"다중이용시설에서 불쾌한 일이 발생했을 때, 서로 상대방의 입장에서 생각하고 이해하는 것은 바람직하지 않다.",agency,-1,"아니다, 바람직하다.",바람직하다,1,,0,crd
382,"아내가 우리 부모님을 험담할 때 아내 편을 들어야 할지, 우리 부모님을 두둔해야 할지 난감했다.",1147,자녀의 가정에서 발생하는 의견 차이에 대해 직접적인 개입보다는 부부의 자율적인 관계 조율을 존중하는 것이 옳다.,agency,1,"그렇다, 옳다.",옳다,1,,0,crd
s-1312,무슨 말을 해도 시큰둥.. 가족 한정 로봇이 되는 남자🤖 달라질 수 있을까요?,f-732,가족과의 생활에서 불만이 있을 경우 그것을 사실대로 토로하고 건강한 방식으로 합의하여 불만사항을 조정해 나가야 한다.,agency,1,"그렇다, 그래야 한다.",그래야 한다,1,,0,kbsn
429,약속을 반복해서 어기는 친구의 태도 때문에 관계를 어떻게 유지해야 할지 고민했다.,1288,약속을 계속 어기는 친구에게 충고의 말을 건네도 된다.,agency,1,"그렇다, 그래도 된다.",그래도 된다,1,,0,crd
250,회사에서 일회용기에 묻은 음식물을 깨끗하게 세척하고 버려야 되는데 닦기 번거로워서 고민했다.,752,공동체 내에서 정해진 쓰레기 배출 규칙을 번거롭다는 이유로 소홀히 하는 것은 책임감 있는 행동이다.,agency,-1,"아니다, 책임감 없는 행동이다.",책임감 없는 행동이다,1,,0,crd
493,"올 여름 휴가 일정을 정하는데, 남편이 우리 부모님 생각은 하지 않고 자신의 부모님만 모시고 여행을 가자고 해서 싸움이 생겼다.",1481,자녀의 가정생활과 관련된 결정에서는 다른 가족 구성원과의 형평성을 고려하며 배려하는 것이 바람직하다.,agency,1,"그렇다, 바람직하다.",바람직하다,1,,0,crd
306,"실험실에서 사수 선배가 있는데, 내가 만든 시약을 계속 당연한 듯이 가져다 써서 그러지 않았으면 좋겠다고 말해서 서로 불편한 감정이 든 상황이 있었다.",920,남의 물건을 사용할때는 그 사람이 비록 아랫사람일지라도 반드시 양해를 구하고 사용하는 것이 바람직하다,agency,1,"그렇다, 바람직하다.",바람직하다,1,,0,crd
60,나는 공공장소에서 뒷사람이 들어올때 문을 잡아주는 경우가 있는데 대부분 눈인사라던가 고맙습니다 말을 해주시지만 그냥 휙 지나가시는 분들을 보면 마음이 씁쓸할때가 있다.,182,문을 잡아주는 사람에게는 고마움을 전달 해야 한다.,agency,1,"그렇다, 그래야 한다.",그래야 한다,1,,0,crd
177,카페에서 모르는 사람이 내 자리를 가로채 말다툼이 있었다.,531,"공공장소에서 타인과 분쟁이 발생했을 때, 감정적으로 대응하기 보다는 차분하고 논리적으로 권리를 주장하며 대화로 해결하려 노력해야 한다.",agency,1,"그렇다, 그렇게 해야한다.",그렇게 해야한다,1,,0,crd
455,"대학 친구가 과제를 도와달라고 해서 도와주었는데, 마음에 들지 않는다고 되려 욕을 먹어서 짜증났다.",1365,친구를 도와주고도 욕을 먹는데 가만히 있는 것은 좋은 행동이다.,agency,-1,"아니다, 좋지 않다.",좋지 않다,1,,0,crd
s-1553,"손님들과 합석해서 마시는 인싸 사장님, 한 달에 손해 금액이 300만 원?",k-855,"손님들이 사장님과 술을 마시는 것을 못 말린다면, 화자가 직접 말리는 것은 좋지 않다",agency,1,"그렇다, 좋지 않다.",좋지 않다,1,,1,kbsn_2nd
s-1877,투병 중인 아버지가 추천하는 it 직종 vs 복싱이 계속하고 싶은 아들,f-1156,본인이 하고싶은 일을 하는 것은 옳다.,agency,1,"그렇다, 옳다.",옳다,1,,0,kbsn
173,학교 선배가 지도교수의 말에만 너무 맹목적으로 따라 학과 분의기를 망치길래 조심스레 지적하자 화를 냈다.,521,선배의 잘못된 행동을 지적할 때는 신중하고 존중하는 방식으로 부드럽게 권유하는 편이 바람직하다.,agency,1,"그렇다, 바람직하다.",바람직하다,1,,0,crd
359,친한 친구가 명백하게 잘못한 상황에서 친구의 편을 들어주었다.,1079,타인이 잘못된 행동을 했을 때 타이르지 않아도 된다.,agency,-1,"아니다, 타일러야 한다.",타일러야 한다,1,,0,crd
370,"아파트 주차장에서 이중주차한 차량을 보고 민폐라고 생각했는데, 나도 자리가 없어서 이중주차를 했다.",1112,공동체 공간에서는 타인을 배려하는 행동은 하지 않아도 된다.,agency,-1,"아니다, 해야한다.",해야한다,1,,0,crd
155,유치원 학예회에서 친구 자녀의 무대가 별로였지만 너무 잘 했다고 거짓말을 했다.,466,자녀의 공연에 대한 피드백을 들을 때는 객관적인 의견을 받아들이려는 태도가 필요하다.,agency,1,"그렇다, 필요하다.",필요하다,1,,0,crd
514,회사 동료가 자신의 일을 제대로 하지 않고 자꾸 나에게 떠넘겨서 말다툼을 했다.,1542,자신이 맡은 일은 책임감 있게 해야한다.,agency,1,"그렇다, 그래야 한다.",그래야 한다,1,,0,crd
367,강아지를 산책시키는데 옆에서 누가 강아지 욕을 해대서 싸웠다.,1101,공공장소에서 불쾌한 언행을 마주했을 때 감정을 자제하고 과도한 충돌로 이어지지 않도록 대응하는 것은 바람직하지 않다.,agency,-1,"아니다, 바람직하다.",바람직하다,1,,0,crd
588,팀 게임 도중 같은 팀원의 플레이가 아쉬워 지적했다가 욕을 들었다. 팀 승리를 위해 지적한 건데 그냥 가만히 있을걸 그랬나 싶다.,1765,게임을 하면서 상대방에게 비하 섞인 욕설을 해도 된다.,agency,-1,"아니다, 안된다.",안된다,1,,0,crd
40,"나랑 성적이 비슷한 친구가 시험 당일날 연락이 되지 않아 늦잠을 자는 것은 아닌가 걱정되는 마음에 전화를 해서 깨울까 고민했지만, 그냥 늦잠을 자게 놔둬야 하는 마음도 들었다.",120,경쟁 상황에서는 개인적 이익보다 공정성과 양심을 우선하여 타인의 불이익을 의도적으로 방치하지 않으려는 태도는 바람직하지 않다.,agency,-1,"아니다, 바람직하다.",바람직하다,1,,0,crd
38,길거리에 떨어진 순금으로 만들어진 얇은 팔찌를 주인을 찾아줄까 내가 가질까 깊은 고민을 했다.,114,"타인의 물건은 함부로 갖지 말고, 소유자에게 돌려주어야 한다.",agency,1,"그렇다, 그래야 한다.",그래야 한다,1,,0,crd
1,본인 머리 짧은 여자인데 지나가는 할머니가 “저건 여자야 남자야?” 라고 했다.,5,타인의 외모나 성별을 공개적으로 추측하거나 언급하지 않는 것이 적절하다.,agency,1,"그렇다, 적절하다.",적절하다,1,,0,crd
536,업무분장 시 힘든 일이 너무 많이 할당되어 조정을 요구했으나 받아들여지지 않아 속상했다.,1608,업무가 과도하다고 느낄 때 상사나 동료에게 정중하게 의견을 전달하는 것은 바람직하지 않다.,agency,-1,"아니다, 바람직하다.",바람직하다,1,,0,crd
197,"직장 상사에게 “믹스커피를 마시면 살이 찌는데 왜 먹느냐”는 말을 들은 뒤, 향이 좋아 커피를 탔을 뿐인데 괜히 문제를 만든 것처럼 책망을 받아 속상했다.",593,타인에게 무례한 말을 하지 않는 것은 좋지 않다.,agency,-1,"아니다, 하지 않는 것이 좋다.",하지 않는 것이 좋다,1,,0,crd
628,비 오는 날 버스 정류장에서 우산 없이 서 있는 사람을 보았지만 부담이 될까봐 같이 쓰자고 말하지 못했다.,1886,타인에게 도움을 주고자 할 때는 망설임 보다 먼저 권유하는 것이 옳다,agency,1,"그렇다, 옳다.",옳다,1,,0,crd
427,공식적인 규정과 실제 업무 관행이 달라 어느 기준을 따라야 할지 혼란스러웠다.,1282,부하직원이 업무에 혼란을 겪을 때는 가이드라인을 제시해야 한다.,agency,1,"그렇다, 그래야 한다.",그래야 한다,1,,0,crd
609,"추운날 유기견 강아지가 떨면서 계속 나를 찾아왔는데, 키울 여건이 안되어 외면했다.",1827,키우던 강아지를 유기하는 행위는 옳은 행동이다.,agency,-1,"아니다, 옳지 않다.",옳지 않다,1,,0,crd
25,같은 아파트에 사는 이웃이 단지 내에서 담배꽁초를 바닥에 버리는 모습을 보고 관리사무소에 신고할지 고민했다.,77,공동체의 규칙을 위반한 사람에게 벌을 주지 않아도 된다.,agency,-1,"아니다, 벌을 줘야 한다.",벌을 줘야 한다,1,,0,crd
507,아들에게는 어른들에게 인사를 잘해야한다고 했지만 어제 길에서 동네 할머니를 만났는데 그냥 지나쳤다.,1523,연장자가 아이의 예절 부족을 너그럽게 이해하는 태도를 보이는 것은 좋지 않다.,agency,-1,"아니다, 좋다.",좋다,1,,0,crd
653,"학교에서 시험을 볼 때 높은 학점을 위해 옆자리 친구의 답안을 훔쳐볼지, 아니면 양심을 지키고 정직하게 시험을 마무리할지 내적 갈등에 휩싸였다.",1960,시험 중 자신의 답변을 다른 사람이 볼 수 있도록 방치하는 것은 바람직하지 않다.,agency,1,"그렇다, 바람직하지 않다.",바람직하지 않다,1,,0,crd
675,"머리를 감지 않고 식당을 갔는데, 옆 테이블 손님이 내 머리를 보고 흉을 보고 있어서 기분이 나빴다.",2027,타인의 시선이나 평가로 기분이 상하더라도 감정을 절제하며 상황을 넘기는 것이 바람직하다.,agency,1,"그렇다, 바람직하다.",바람직하다,1,,0,crd
737,"회식 자리에서 가볍게 건강 이야기를 했는데, 한 동료가 “그 나이면 이제 관리 안 하면 안 되죠”라고 말해 순간 당황했다.",2213,회식 자리에서는 동료들과 다양한 주제에 대한 이야기를 나눌 수 있다.,agency,1,"그렇다, 그럴 수 있다.",그럴 수 있다,1,,0,crd
262,"회사 팀원이 피드백 달라고 했는데, 보완이 필요한 부분을 말하면 기분이 나쁠까봐 일부러 좋은 부분만 말했다.",787,팀원이 피드백을 요청했을 때 기분 나빠하더라도 보완사항을 알려주는 것은 좋지 않다.,agency,-1,"아니다, 좋다.",좋다,1,,0,crd
s-216,친구의 사소한 거짓말도 단속하는 우정 단속남?,f-130,상대방이 단속한다고 느낄 정도의 구속을 행하더라도 괜찮다.,agency,-1,"아니다, 옳지 않다.",옳지 않다,1,,0,kbsn
303,어린 조카에게 벌레나 기타 동물들에 대해 무서워 하지 않아도 되고 우리와 함께 하는 자연이라고 설명하면서도 스스로는 벌레나 동물에 대해 무서워 하고 기피하는 마음이 들었다.,909,아이에게 자연을 설명할 때는 자신의 두려움과 별개로 일관된 메시지를 전달하는 것이 바람직하다.,agency,1,"그렇다, 바람직하다.",바람직하다,1,,0,crd
425,회의에서 내 아이디어가 먼저 나왔는데 다른 사람이 말했을 때 바로잡을지 그냥 넘어갈지 망설였다.,1277,타인의 기여를 자신의 아이디어처럼 표현하는 행동은 바람직하다.,agency,-1,"아니다, 바람직하지 않다.",바람직하지 않다,1,,0,crd
98,거래처에 갔는데 팀장님에게 인사하고 나는 투명인간 취급을 하는 태도에 불쾌했다.,295,직급에 상관없이 인간적으로 사람을 대하는 것은 옳지 않다.,agency,-1,"아니다, 옳다.",옳다,1,,0,crd
511,이웃 주민이 인도에서 자전거를 타는 바람에 길을 걷다가 자전거와 부딪혀 다칠 뻔했다.,1534,길을 걸을 때에는 주위를 살피며 걸어야 한다.,agency,1,"그렇다, 그래야 한다.",그래야 한다,1,,0,crd
s-288,부모님의 가정폭력과 전 남친의 데이트폭력으로 힘든 시기를 겪은 K-장녀,f-245,"연인에게 신체적,정신적 폭력을 행사하는 것은 옳은 행동이다.",agency,-1,"아니다, 옳지 않다.",옳지 않다,1,,0,kbsn
151,아들 둘을 둔 시어머니가 무거운 김치를 옮기며 며느리인 나에게 와서 도와달라고 하셔서 당황스러웠다.,455,부모가 무거운 일을 하거나 도움이 필요한 상황에서는 먼저 나서서 돕는 것은 바람직하지 않다.,agency,-1,"아니다, 바람직하다.",바람직하다,1,,0,crd
712,"친한 친구에게 ""너는 무신경해서 신경 잘 안 쓰고 나는 더 예민하니까 더 신경 써 달라""는 말을 들어 서운했다.",2136,상대의 성격을 단정하거나 평가하는 말보다 자신의 감정과 요구를 존중하는 방식으로 표현해야 한다,agency,1,"그렇다, 그래야 한다.",그래야 한다,1,,0,crd
491,카페에서 옆 테이블 손님이 너무 큰 소리로 통화를 하길래 조금만 조용히 해달라고 부탁했다가 서로 기분이 상하는 일이 있었다,1475,카페에서 너무 큰 소리로 통화를 하는 것은 자제해야 한다.,agency,1,"그렇다, 자제해야 한다.",자제해야 한다,1,,0,crd
540,"동일한 업무를 수행하고 있음에도 옆 팀의 성과가 낮아 우리 팀이 업무를 더 많이 맡게 되는 상황이 발생해, 팀원들에게 어떻게 더 노력해 달라고 말해야 할지 고민하고 있다.",1621,동일한 업무에서 성과를 지속적으로 낮게 내는 것은 좋지 않다.,agency,1,"그렇다, 좋지 않다.",좋지 않다,1,,0,crd
s-446,"17살 연상 남편과 결혼, 극심한 엄마의 반대",f-403,결혼 상대방의 부모를 마주하게 되면 그들에게 최선을 다해야 한다.,agency,1,"그렇다, 그래야 한다.",그래야 한다,1,,0,kbsn
s-343,"아버지가 사기꾼의 편을 드는 상황, 올케는 아버지까지 같이 고소하겠대요",f-295,사기를 쳤으면 사과해야 한다.,agency,1,"그렇다, 그래야 한다.",그래야 한다,1,,0,kbsn
s-507,직장에서 만난 7살 차이 알콩달콩 커플. 근데 회사에서 남친이 돌변해요,f-433,연애 상대가 항상 친절하기 바라는 것은 옳지 않다.,agency,1,"그렇다, 옳지 않다.",옳지 않다,1,,0,kbsn
s-2133,동생에게 어머니 간 이식을 부탁해도 될까요?,f-1298,장기 이식을 동의할 증여자의 부담에 대해 고려하는 것이 옳다.,agency,1,"그렇다, 옳다.",옳다,1,,0,kbsn
410,단체 채팅방에서 내 메시지만 반복해서 무시하는 태도를 보여 서운함을 느꼈다.,1232,소통의 문제를 인지하고도 아무런 시도 없이 방치하는 것은 바람직하다.,agency,-1,"아니다, 바람직하지 않다.",바람직하지 않다,1,,0,crd
650,"회사에 입사한 신입사원이 첫 월급날 빚이 많다며 가불을 해달라고 요청했다. 불가능하다고 하자, 못 해주는 이유가 무엇이냐며 경리 직원인 나에게 화를 내 난처했다.",1952,신입사원이 화를 낸다고 똑같이 화를 내면 안된다.,agency,1,"그렇다, 그러면 안 된다.",그러면 안 된다,1,,0,crd
s-293,친누나의 친구에게 4억 원 정도 사기를 당했는데 판결이 너무 억울해요...,f-248,재판 결과를 납득하기 어려울 때 불복하여 항소 절차를 시작하면 안 된다.,agency,-1,"아니다, 가능하다.",가능하다,1,,0,kbsn
s-341,"언니의 칼부림, 아버지의 가정폭력과 알코올 중독",f-280,술을 먹고 가족에게 폭력을 행사하는 것은 옳지 않다.,agency,1,"그렇다, 옳지 않다.",옳지 않다,1,,0,kbsn
782,지하철을 탑승하기 위해 줄을 서 있었는데 지하철이 도착하자 갑자기 어떤 아주머니가 옆에서 밀고 들어와 새치기를 하고 먼저 타버렸다.,2347,지하철이 도착할 때 타인을 밀치는 것은 옳은 행동이다.,agency,-1,"아니다, 안 된다.",안 된다,1,,0,crd
s-1333,여자 손님과 알바생에게만 과하게 친절한 내 남편! 너무 질투 나요😤,f-749,사적으로 친밀한 관계가 아닌 상대에게는 기본적인 예의를 차리는 것만으로 충분하다.,agency,1,"그렇다, 충분하다.",충분하다,1,,0,kbsn
s-1486,생후 23일 만에 떠난 엄마를 찾기 위한 고민녀의 노력,f-817,어릴 때 헤어진 엄마를 찾기 위해 노력하는 것은 옳지 않다.,agency,-1,"아니다, 괜찮다.",괜찮다,1,,0,kbsn
785,길에서 낯선 사람이 거절해도 교회 전단지를 들고 쫓아오며 교회에 가지 않으면 지옥을 간다고 말해서 너무 불쾌했다.,2357,상대방이 불쾌한 말을 하며 자기자신을 따라올 때 그 상황에서 빨리 벗어나 주변 사람에게 도움 요청하는 것은 적절하지 않다.,agency,-1,"아니다, 적절하다.",적절하다,1,,0,crd
626,아파트 단지 놀이터에서 아이들 문제를 이야기하자 한 보호자가 내 아이만 탓하는 듯한 말을 해 언성이 높아졌다.,1880,"아파트 단지 놀이터에서 또래들과 함께 놀때, 문제를 일으켜서는 안 된다.",agency,1,"그렇다, 그래서는 안 된다.",그래서는 안 된다,1,,0,crd
s-288,부모님의 가정폭력과 전 남친의 데이트폭력으로 힘든 시기를 겪은 K-장녀,f-242,자녀에게 폭력을 휘두르는 것은 옳지 않다.,agency,1,"그렇다, 옳지 않다.",옳지 않다,1,,0,kbsn
295,남자친구와 데이트 코스를 짤 때 예쁜 카페를 갈지 말지 이야기하다가 데이트 성향이 달라 싸울 뻔 한 적이 있었다,886,나와 데이트 성향이 다른 남자친구를 이해하는 것이 바람직하다.,agency,1,"그렇다, 바람직하다.",바람직하다,1,,0,crd
619,가족 식사 자리에서 친척이 내 연봉을 구체적으로 묻고 비교하는 말을 해 불편한 분위기가 되었다.,1859,가족 모임에서 서로의 사생활을 존중하는 것은 좋지 않다.,agency,-1,"아니다, 좋다.",좋다,1,,0,crd
299,해외 여행에서 선물을 많이 샀는데 나눠주다보니 한 명이 못 받게 되어서 당사자가 서운해했다.,897,공동체 안에서 특정 사람이 소외되지 않도록 행동하지 않아도 된다.,agency,-1,"아니다, 해야한다.",해야한다,1,,0,crd
s-1840,남의 집 부부 싸움 참견까지💥 오지라퍼 동생 좀 말려주세요!!,f-1128,부부 사이의 갈등은 가급적 당사자 간의 대화로 해결하는 것이 좋다.,agency,1,"그렇다, 좋다.",좋다,1,,0,kbsn
s-1422,여친에게 일거수일투족 보고해야 하는 남친,f-792,타인의 내밀한 이야기를 대화 소재로 삼는 것은 적절하다.,agency,-1,"아니다, 적절하지 않다.",적절하지 않다,1,,0,kbsn
42,남편이 나한테 시누이가 설거지를 계속하면 힘드니 가서 내가 대신 설거지를 하라고 눈치를 줘서 기분이 안 좋았다.,126,배우자에게 가사 노동을 대신 맡도록 눈치를 주는 행동은 문제 없다.,agency,-1,"아니다, 바람직하지 않다.",바람직하지 않다,1,,0,crd
362,"약속장소에 가려고 하는데, 버스시간에 맞추기가 애매하게 느껴지는 상황이다. 서둘러서 버스를 타러가야할까, 아니면 혹시모르니 연락해서 늦을수도 있다고 하는게 맞을까?",1088,타인과 약속이 있다면 제 시간에 도착할 수 있도록 이동 수단의 여유 시간을 미리 고려해야 한다.,agency,1,"그렇다, 그래야 한다.",그래야 한다,1,,0,crd
258,만원 지하철에서 가만히 있었는데도 지하철 움직임이나 타인의 움직임에 흔들렸더니 앞에사람이 밀지말라고 두번이나 짜증냈습니다.,774,혼잡한 상황에서 신체 접촉을 하는 것은 감수해야 한다.,agency,1,"그렇다, 그래야 한다.",그래야 한다,1,,0,crd
610,"친구와 선약이 있었는데, 같은 날 갑자기 중요한 가족 행사가 발생했다. 친구와의 약속이 우선인지 가족 행사가 우선인지에 대해서 어떤 선택을 해야할지 고민했다.",1832,중요한 가족 행사가 발생했을 경우 구성원 간에 상황을 공유하고 조율하려는 태도는 필요하지 않다.,agency,-1,"아니다, 필요하다.",필요하다,1,,0,crd
s-1156,"처음 보는 남자 집에 가서 잔 여자😯 ""어차피 오늘 보기로 했으니까..""",f-686,상황에 대한 정확한 이해 없이 부실한 근거를 만드는 것은 괜찮다.,agency,-1,"아니다, 옳지 않다.",옳지 않다,1,,0,kbsn
s-1841,딸을 사탄 취급하는 엄마👿,f-1134,"자녀의 행동이 마음에 들지 않더라도, 감정적인 비난보다는 상식적인 수준에서 대화를 통해 해결하려 노력하는 것이 좋다.",agency,1,"그렇다, 좋다.",좋다,1,,0,kbsn
617,"동네 카페에서 주문한 음료가 분명히 다른 메뉴였지만, 다시 만들어 달라고 하면 괜히 진상처럼 보일까 봐 말을 아꼈다.",1853,손님의 요청을 진상으로 단정하며 무시하는 태도를 취해도 된다.,agency,-1,"아니다, 안 된다.",안 된다,1,,0,crd
646,친구가 오뚜기 주부패널을 함께 하자고 했는데 거리가 멀어서 접수하기 싫었고 친구에게는 접수했으나 서류전형에서 탈락했다고 말했다.,1938,함께하자는 제안을 거절하고 싶을 때 참여가 어렵다는 이유를 솔직하게 말하는 것은 바람직하지 않다.,agency,-1,"아니다, 바람직하다.",바람직하다,1,,0,crd
s-877,"이라크 남친은 안된다는 엄마...🙅 ""우리 그냥 사랑하게 해주세요""",f-537,엄마가 싫다는 것은 기다려주는 것이 바람직하다,agency,1,"그렇다, 바람직하다.",바람직하다,1,,0,kbsn
s-1714,"아들 부부가 보육원에 보낸 손주, 제가 데려와 키워도 될까요..?",f-1019,보육원 사람들과 잘 지내야 한다.,agency,1,"그렇다, 그래야 한다.",그래야 한다,1,,0,kbsn
388,아이에게 핸드폰을 하지말라고 제재하면서 나는 계속 핸드폰을 했다.,1164,타인의 핸드폰 사용을 제재하는 것은 옳지 않다,agency,1,"그렇다, 옳지 않다.",옳지 않다,1,,0,crd
200,"다리를 다쳐 깁스를 한 채로 버스 안 노약자 보호석에 앉아 가고 있었는데, 좌석이 없어서 서 계시는 할머니와 눈이 마주쳤다.",601,다른 이용자의 어려움이 보일 경우 자신의 상태와 안전을 고려하면서 가능한 범위 내에서 배려를 고민하는 태도는 바람직하지 않다.,agency,-1,"아니다, 바람직하다.",바람직하다,1,,0,crd
158,어머니가 직장을 구하라고 다그쳐서 어머니에게 화를 낸 것이 마음에 걸린다,474,부모에게 혼이 난다고 해서 화를 내도 괜찮다.,agency,-1,"아니다, 옳지 않다.",옳지 않다,1,,0,crd
226,식당에서 철판에 구워진 고기가 나왔는데 속 부분이 차가워서 다시 구워달라고 하니까 직원의 표정이 안좋았다.,678,타인에게 부탁을 할 때는 상대방의 기분을 배려해야 한다,agency,1,"그렇다, 그래야 한다.",그래야 한다,1,,0,crd
s-207,남편과 절친의 바람에 암 투병까지! 아직 완치하지 못한 그녀에게 생긴 골칫거리 문제는?,f-106,바람 피우더라도 괜찮다.,agency,-1,"아니다, 옳지 못하다.",옳지 못하다,1,,0,kbsn
414,분리수거를 해야 하는 상황에서 음식물쓰레기로 버려야 할 귤껍질을 귀찮다는 이유로 일반쓰레기 봉투에 그대로 버렸다.,1242,쓰레기를 종류별로 분류하여 버리는 것이 바람직하다.,agency,1,"그렇다, 바람직하다.",바람직하다,1,,0,crd
s-826,"4년 전, 갑작스럽게 가족 곁을 떠난 남편... 왜 그런 선택을 했는지 모르겠어요",f-528,스스로 목숨을 버리는 것은 너무 안타까운 행동이 아니다.,agency,-1,"아니다, 안타까운 행동이다.",안타까운 행동이다,1,,0,kbsn
760,"중요한 회의 준비 도중 가족에게서 연락이 왔으나, 자리를 비우기에는 부담이 되어 연락을 모른체 했다.",2281,업무 중인 가족에게 즉각적인 응답을 요구해도 된다.,agency,-1,"아니다, 안 된다.",안 된다,1,,0,crd
582,"23평에서 33평으로 넓혀서 이사를 왔는데 시어머니, 집이 아담하다고 좋다고 하셔 기분이 썩 좋지 않았다.",1746,다른 사람은 나와 다른 생각을 할 수 있으니 이해하는 것이 좋다,agency,1,"그렇다, 좋다.",좋다,1,,0,crd
469,아버지 생신 때 좋은 식당에 예약하여 모시고 갔는데 계속 불평을 늘어놓으셔서 화가 났다.,1407,부모님에게 효도하는 것은 바람직하지 않다.,agency,-1,"아니다, 바람직하다.",바람직하다,1,,0,crd
s-1715,할머니와 캠핑 다니는 손녀 ′′👵섭섭하지만 결혼은 해야 돼!′′,f-1030,결혼 후에는 취미 생활을 줄이는 것이 좋다.,agency,1,"그렇다, 좋다.",좋다,1,,0,kbsn
424,"회사에서 상사의 지시가 비효율적이라고 느꼈지만, 의견을 말하면 분위기가 어색해질까 봐 그대로 따를지 고민했다.",1274,회사의 발전을 위해서 상사의 지시라도 무조건 따르기보다는 더 나은 대안을 함께 모색하는 것은 바람직하지 않다.,agency,-1,"아니다, 바람직하다.",바람직하다,1,,0,crd
s-1661,1년에 10번 보는 스님 아빠를 그리워하는 사춘기 딸..,k-970,아빠를 이해해주는 마음은 필요하지 않다.,agency,1,"그렇다, 필요하지 않다.",필요하지 않다,1,,1,kbsn_2nd
s-402,"중2 고민남을 형제복지원에 가둔 계모, 지옥 같은 6년을 보냈어요...",f-367,자신의 어려운 상황을 알리는 것은 옳지 않다.,agency,-1,"아니다, 옳다.",옳다,1,,0,kbsn
504,학창 시절에 시험 도중 옆자리 친구의 시험지 답이 보여서 부정행위를 할지 말지 고민한 적이 있다.,1514,시험 중에는 본인의 시험에만 집중해야 한다.,agency,1,"그렇다, 그래야 한다.",그래야 한다,1,,0,crd
295,남자친구와 데이트 코스를 짤 때 예쁜 카페를 갈지 말지 이야기하다가 데이트 성향이 달라 싸울 뻔 한 적이 있었다,885,데이트 성향이 다를 때는 부드러운 말투로 데이트 방식에 대한 의견 교환을 해야 한다.,agency,1,"그렇다, 그래야 한다.",그래야 한다,1,,0,crd
s-491,"친부의 계속되는 허위 사실 유포, 아들이 걱정되어 나서질 못하겠어요..",f-445,자식은 부모의 마음을 이해하려고 해야 한다.,agency,1,"그렇다, 그래야 한다.",그래야 한다,1,,0,kbsn
346,동네 작은 산에서 둘레길을 걸으며 운동하고 있는데 산에서 담배냄새가 나서 이상했는데 좀 더 걷다보니 앞에 담배를 피며 내려가고 있는 사람을 보고 기분이 상당히 불쾌했다.,1040,다른 이용자의 건강과 환경을 고려하지 않고 흡연하는 행동은 나쁜 행동이 아니다.,agency,-1,"아니다, 나쁘다.",나쁘다,1,,0,crd
s-343,"아버지가 사기꾼의 편을 드는 상황, 올케는 아버지까지 같이 고소하겠대요",f-295,사기를 쳤다고 사과할 필요 없다.,agency,-1,"아니다, 해야 한다.",해야 한다,1,,0,kbsn
358,"우울증이 의심돼 상담을 받고 설문에도 참여하며 힘들어하던 중, 직장 상사의 날 선 말에 아무 말도 하지 못하고 혼자 감정을 삼켰다.",1075,어려운 상황에 닥쳤을 때는 주변에 도움을 청해야 한다.,agency,1,"그렇다, 그래야 한다.",그래야 한다,1,,0,crd
695,친구들과 단톡방에서 대화 중 한 친구가 말끝마다 꼬투리잡으면서 시비 걸어서 불쾌하고 기분나빠져서 단톡방을 나왔다,2086,단체 대화방에서 특정인에게 시비거는 사람이 있더라도 제지하는 것은 좋지 않다.,agency,-1,"아니다, 좋다.",좋다,1,,0,crd
72,"소개팅 자리에서 정치 이야기가 나왔는데 상대가 특정 정치인과 지지자들을 심하게 비하해서 더 말을 섞기 싫어졌지만, 친구가 소개해 준 자리라 애매한 미소만 지으며 대화를 마무리했다.",216,처음 만나는 자리에서 자신의 정치적 견해를 내세우며 타인을 비하하는 것은 무례하다.,agency,1,"그렇다, 무례하다.",무례하다,1,,0,crd
350,운전 중 적색 신호에 걸려 신호 대기 중인 상태인데 뒷 차가 경적을 울리더니 신호가 바뀐 뒤 내차의 앞에 끼어들기를 하고 저속주행을 하면 진로를 방해했다.,1051,뒷차가 경적을 울리면 교통 법규를 준수하지 않아도 된다.,agency,-1,"아니다, 해야 한다.",해야 한다,1,,0,crd
s-1840,남의 집 부부 싸움 참견까지💥 오지라퍼 동생 좀 말려주세요!!,f-1131,"타인의 갈등에 대해, 요청받지 않은 참견과 개입은 옳은 행동이다.",agency,-1,"아니다, 옳지 않다.",옳지 않다,1,,0,kbsn
55,"모임에서 사람들이 사춘기 자녀들로 인해 어려움을 토로하는 자리였는데 나는 자녀로 인해서 크게 어려움이 없었는데도 애들이 다 그렇지 뭐,,,라고 말했다",165,타인의 어려움을 토로할때 분위기를 맞추기위해 동조해주는 행동은 배려심있는 태도이다,agency,1,"그렇다, 배려심있는 태도이다.",배려심있는 태도이다,1,,0,crd
239,"미용실에서 머리를 잘랐는데, 원하는 스타일대로 잘라주지 않아 환불 등 불만을 말해야 할지 고민했다.",718,시술 전 고객의 요구를 충분히 확인하고 결과에 대한 설명을 제공하는 것은 적절하지 않다.,agency,-1,"아니다, 적절하다.",적절하다,1,,0,crd
s-1714,"아들 부부가 보육원에 보낸 손주, 제가 데려와 키워도 될까요..?",f-1021,양육권은 아이의 의사가 가장 우선되지 않아도 된다.,agency,-1,"아니다, 그래야 한다.",그래야 한다,1,,0,kbsn
232,초등학생인 막내아들이 친구들과 논다며 만 원을 달라 했지만 어려서 오천 원만 줬다. 근데 물가를 생각해 보니 너무 적게 준 것 같아 마음이 쓰였다.,697,부모가 물가를 고려하여 자녀에게 용돈을 주는 것은 바람직하지 않다.,agency,-1,"아니다, 바람직하다.",바람직하다,1,,0,crd
s-736,반대 무릅쓰고 결혼했는데... 장모님과의 갈등 이후 이혼 요구하는 아내!,f-507,부모로써 자녀의 결혼을 반대할 권리가 없다.,agency,-1,"아니다, 권리가 있다.",권리가 있다,1,,0,kbsn
576,"회식 자리에서 후배의 무례한 농담을 분위기를 위해 넘길지, 바로 지적해야 할지 고민하다 결국 아무 말도 하지 못했다.",1730,선배는 후배에게 이해심을 보여야 한다.,agency,1,"그렇다, 그래야 한다.",그래야 한다,1,,0,crd
s-1506,극과 극 직원들 눈치 보느라🙄 새우등 터지는 대표님,f-821,타인이 고민을 토로하면 경청하는 것은 좋지 않다.,agency,-1,"아니다, 좋다.",좋다,1,,0,kbsn
s-1750,자격지심 가득한 전 남친의 막말 때문에 이별한 쏠녀,f-1064,마음대로 이별을 고하는 것은 옳지 않다.,agency,-1,"아니다, 그래도 된다.",그래도 된다,1,,0,kbsn
702,지하철에서 다리를 벌리고 앉아 있는 사람 때문에 불편하고 불쾌했다.,2106,지하철에서는 다리를 벌리고 앉아도 된다.,agency,-1,"아니다, 그러지 말아야 한다.",그러지 말아야 한다,1,,0,crd
150,저녁 약속을 했던 친구가 아프다고 약속을 취소하더니 저녁에 다른 사람과 밥 먹는 걸 보게 되어 기분이 나빴다.,452,친구가 약속을 어기는 것을 방관해도 된다.,agency,-1,"아니다, 옳지 않다.",옳지 않다,1,,0,crd
s-1652,오빠가 이혼하며 조카 셋을 혼자 키우고 있는 고모,f-954,자신의 아이를 남에게 온전히 위탁하는 것은 옳다.,agency,-1,"아니다, 옳지 않다.",옳지 않다,1,,0,kbsn
s-2133,동생에게 어머니 간 이식을 부탁해도 될까요?,f-1296,장기 이식을 요구할 상대의 신체 결정권을 존중하는 것은 당연하지 않다.,agency,-1,"아니다, 당연하다.",당연하다,1,,0,kbsn
176,아침 회의에서 상사가 밤새 준비한 내 아이디어를 제대로 살펴보지도 않은 채 무시하는 태도를 보여 기분이 상했다.,529,회의에서 제안이 충분히 검토되지 않았다고 판단된다면 추가 설명을 요청하는 것이 적절하다.,agency,1,"그렇다, 적절하다.",적절하다,1,,0,crd
90,"식당에서 주문한 찌개가 나왔는데, 국자에 이물질이 묻어있어 바꿔달라고 종업원에게 요청했더니 오히려 퉁명스럽게 이야기해서 불쾌했다.",270,"식당에서 비위생적인 식기를 받았을 때, 종업원에게 교환 요청을 할 수 없다.",agency,-1,"아니다, 할 수 있다.",할 수 있다,1,,0,crd
s-2084,제 아이들을 두고 남친 아이 셋을 키우자니 마음이 무겁습니다,f-1235,부모는 타인의 아이가 아닌 자신의 아이의 양육에 적극적으로 임해야 하는 것이 옳다.,agency,1,"그렇다, 옳다.",옳다,1,,0,kbsn
218,내년 지방선거에서 특정후보를 찍어달라고해서 불쾌했다.,655,개인에게 특정 정치적 선택을 요구하는 행동은 좋지 않다.,agency,1,"그렇다, 좋지 않다.",좋지 않다,1,,0,crd
45,"회사에서 상사 2명의 업무 방식 의견 차이로 언쟁이 있었다. A 상사의 방식이 옳다고 생각하지만, 말하면 B 상사와 관계가 나빠질 수 있다.",135,상사들 사이의 의견 대립 상황에서 중립적인 태도를 유지하며 상황을 지켜보는 것이 바람직하다.,agency,1,"그렇다, 바람직하다.",바람직하다,1,,0,crd
147,길에서 넘어져서 피가 나는 아이를 봤지만 버스 시간이 다 되어 무시하고 지나쳤다.,442,아이가 다쳤을 때 주변의 믿을 만한 어른에게 도움을 요청하는 것은 좋지않다.,agency,-1,"아니다, 요청하는 것이 좋다.",요청하는 것이 좋다,1,,0,crd
595,마트에서 카트가 서로 부딪히는 바람에 카트 안에 있던 계란 몇개가 깨졌다. 책임을 따져야할지 아니면 이해를 하고 넘어가야 할지 고민이 되었다.,1786,상대방의 고의성 여부를 따지기보다 나의 주의 정도를 객관적으로 복기해 보는 것은 바람직하지 않다.,agency,-1,"아니다, 바람직하다.",바람직하다,1,,0,crd
235,"운전 중에 뒤따르는 차가 마음에 들지 않는다는 이유로 경적을 울리거나 상향등을 켜는 경우가 있다. 안전운전이 가장 중요한데, 뒷차가 지나치게 서두르는 것 같아 불편했다.",707,운전 중 서로 불편한 상황을 만들지 않기 위해 올바른 운전 습관을 가지지 않아도 된다.,agency,-1,"아니다, 가져야 한다 .",가져야 한다 ,1,,0,crd
263,초록불에 횡단보도를 건너고 있는데 차가 바로 앞을 지나가서 화가 났다.,789,초록불에 횡단보도를 건너는 것은 옳지 않다.,agency,-1,"아니다, 옳다.",옳다,1,,0,crd
694,내 아이가 서울대에 합격해서 직장 동료들에게 축하 떡을 돌렸는데 입시 결과를 기다리고 있는 다른 동료가 떡을 쓰레기통에 버리는 것을 목격하고 속상했다.,2082,직장 동료에게 가족의 성취를 축하하는 떡을 나누는 것은 바람직하지 않다.,agency,-1,"아니다, 바람직하다.",바람직하다,1,,0,crd
596,"어제 저녁 퇴근 길 지하철에서 노약자 석에 앉아 있던 청년을 보고 자리를 양보하라고 말해야 할지, 혹시 사정이 있을까 봐 그냥 지나쳐야 할지 고민했다.",1789,노약자석을 꼭 이용해야 하는 상황이 아니라면 자리를 비워두거나 노약자가 보일 때 먼저 양보하는 것이 바람직하다.,agency,1,"그렇다, 바람직하다.",바람직하다,1,,0,crd
s-1714,"아들 부부가 보육원에 보낸 손주, 제가 데려와 키워도 될까요..?",f-1016,보육원에 버렸으면 도의적 책임을 다하지 않아도 된다.,agency,-1,"아니다, 그래야 한다.",그래야 한다,1,,0,kbsn
764,팀 회의 중 내 의견을 끊고 일방적으로 결론을 내리는 동료의 태도에 감정이 격해졌다.,2292,팀 회의 중 동료가 발언할 때는 귀를 기울일 필요 없다.,agency,-1,"아니다, 기울여야 한다.",기울여야 한다,1,,0,crd
387,임신을 위해 시험관 시술을 시도했지만 매번 실패하고 있는 친구에게 내 아이에 대한 이야기를 하면 상처가 될까봐 말하지 않았다.,1163,어려운 상황에 놓인 사람을 응원하는 것은 사회적으로 수용될 수 없다,agency,-1,"아니다, 사회적으로 수용된다.",사회적으로 수용된다,1,,0,crd
158,어머니가 직장을 구하라고 다그쳐서 어머니에게 화를 낸 것이 마음에 걸린다,476,부모가 자녀에게 잔소리 하는 것은 바람직하다.,agency,-1,"아니다, 바람직하지 않다.",바람직하지 않다,1,,0,crd
s-895,부부가 가져온 또다른 고민! 재혼 가정에서 어린 딸과 잘 지낼 수 있을까요?,f-554,재혼한 부부는 자신보다 자녀들에게 더 신경 쓰지 않아도 된다,agency,-1,"아니다, 써야 한다.",써야 한다,1,,0,kbsn
s-1506,극과 극 직원들 눈치 보느라🙄 새우등 터지는 대표님,f-823,직장에서는 동료들을 배려해야 한다.,agency,1,"그렇다, 그래야 한다.",그래야 한다,1,,0,kbsn
259,"특정인이 알 필요가 있는 이야기이지만, 알게 되면 오히려 기분이 나쁠 수 있어 함구했다.",779,불편한 내용이라도 사실을 접했을 때 감정을 조절하고 상황을 이성적으로 받아들이려는 것이 적절하다.,agency,1,"그렇다, 적절하다.",적절하다,1,,0,crd
533,아파트 주차장에 친한 이웃 주민이 두 개의 주차면에 걸쳐 주차하는 것을 보았지만 제대로 주차해야 한다고 말하지 못했다.,1601,아파트 주차장에서 개인의 편의를 위해 타인에게 피해가 되는 행동은 하지 말아야 한다.,agency,1,"그렇다, 그러지 말아야 한다.",그러지 말아야 한다,1,,0,crd
s-351,불우한 가정 환경 속 믿었던 내 가족과 지인들의 배신,f-315,정서적 유대를 저버리는 것은 도의적으로 옳지 않다.,agency,1,"그렇다, 도의적으로 옳지 않다.",도의적으로 옳지 않다,1,,0,kbsn
s-491,"친부의 계속되는 허위 사실 유포, 아들이 걱정되어 나서질 못하겠어요..",f-442,엄마는 자식을 위해 최선을 다해야 한다.,agency,1,"그렇다, 그래야 한다.",그래야 한다,1,,0,kbsn
s-1627,라방이 이어 준 25살 차이 부부💝 둘째 낳자는 27살 아내?😳,f-909,둘째를 가지려 할 때 둘째까지 키울 수 있는지 신중히 생각하는 것은 좋지 않다.,agency,-1,"아니다, 좋다.",좋다,1,,0,kbsn
392,"지난 주말, 멀리 사는 친구가 우리집 근처에 온다며 만나자고 연락했는데 귀찮아서 다른 약속이 있다고 거짓말을 했다.",1178,친구 사이에서 자신의 편의를 위해 거짓말을 하는 행동은 적절하지 않다.,agency,1,"그렇다, 적절하지 않다.",적절하지 않다,1,,0,crd
91,"나에게 늘 도움을 청하는 친구가 또 도움을 청하였는데, 나에게 너무 의존할 거 같아 도움을 주어야 할지 고민을 했다.",275,친구의 무리한 부탁이나 의존적인 태도에 대해 거절 의사를 표현하는 것은 적절하지 않다.,agency,-1,"아니다, 적절하다.",적절하다,1,,0,crd
272,지인 이에 고춧가루가 낀 채로 환하게 웃고 있어서 말할지 말지 고민했다.,817,타인이 위생상태를 지적할 때 받아들이는 자세는 필요 없다.,agency,-1,"아니다, 필요하다.",필요하다,1,,0,crd
s-2601,두 아들의 싱글맘 성교육을 어떻게 해야 하나요..?!,f-1385,"부모로서, 자녀가 올바른 성 가치관을 형성할 수 있도록 노력하는 것은 필요하지 않다.",agency,-1,"아니다, 노력해야 한다.",노력해야 한다,1,,0,kbsn
436,아이의 대학 진로를 두고 남편과 의견이 충돌하며 언쟁이 높아졌다.,1308,아이의 대학 진로에 대한 의견이 다르더라도 언성을 높이며 싸우는 것은 좋지 않다.,agency,1,"그렇다, 좋지 않다.",좋지 않다,1,,0,crd
96,"연차를 사용하려고 결재를 올렸는데, 그날에 꼭 쉬어야겠냐고 되물어서 당혹스러웠다.",288,직장인은 회사 업무 공백을 최소화하기 위한 조치를 해야 한다.,agency,1,"그렇다, 그래야 한다.",그래야 한다,1,,0,crd
s-1750,자격지심 가득한 전 남친의 막말 때문에 이별한 쏠녀,f-1059,여자친구에게 막말하는 것은 좋다.,agency,-1,"아니다, 나쁘다.",나쁘다,1,,0,kbsn
265,"회사 동료들과 커피타임을 가지는데, 항상 나만 커피 사서 서운하다.",795,동료에게 서운함을 털어놓는 것은 옳지 않다.,agency,-1,"아니다, 괜찮다.",괜찮다,1,,0,crd
205,백수 동생이 부모님께 반항하는 모습을 보고 참지 못해 집을 나가 혼자 살라고 소리를 질렀다.,616,자녀는 부모님에게 예의 바르게 행동해야 한다.,agency,1,"그렇다, 그래야 한다.",그래야 한다,1,,0,crd
s-1815,불의를 못 참고 낫을 든 괴한을 쫓아간 동생😨 매 순간 다칠까 봐 불안합니다ᅲᅲ,f-1120,위험한 범죄 현장에서 전문 인력인 경찰에 신고하여 상황을 맡기는 것은 좋지 않다.,agency,-1,"아니다, 좋다.",좋다,1,,0,kbsn
565,아파트 엘리베이터에서 유모차를 밀고 들어가려는데 뒤에 서 있던 사람이 “먼저 타세요”라고 말해놓고는 한숨을 쉬어서 기분이 불편했다.,1697,타인의 행동을 부정적으로 해석하는 것은 좋다.,agency,-1,"아니다, 좋지 않다.",좋지 않다,1,,0,crd
75,친구와의 관계에서 각자의 삶의 속도와 우선순위가 달라지면서 연락 빈도가 현저히 줄어들었다. 서로 만남에 대한 기대가 다른 것 같아 서운함이 생겼다.,227,"각자의 삶의 변화로 인해 관계의 방식이 달라질 수 있음을 인지하고, 이를 주변인에게 솔직하게 공유하는 것은 적절하지 않다.",agency,-1,"아니다, 적절하다.",적절하다,1,,0,crd
133,게임 승급전에서 같은 팀으로 매칭된 유저가 계속 게임을 망치며 남탓을 하길래 참다참다 중간에 적당히 하라고 채팅을 쳤다가 시비가 걸려 게임 끝날 때까지 그 유저랑 채팅으로 싸웠다.,399,게임에서 다른 사람과 말싸움을 하는 것은 나쁘다.,agency,1,"그렇다, 나쁘다.",나쁘다,1,,0,crd
s-1688,여사친 못 잃어ᅮᅮ 친구 사이 멀어질까 연애는 안 하는 23살,f-1006,친구 관계 때문에 연애를 안해도 상관없다.,agency,1,"그렇다, 그래도 상관없다.",그래도 상관없다,1,,0,kbsn
97,쇼핑을 많이 하는 나에게 친구가 돈을 모으지 못하는 이유가 쇼핑 중독이라는 말에 불편하고 화가 났다.,293,상대방의 생활방식을 지적할 때에는 부드럽고 신중한 표현을 사용하여 말할 필요 없다.,agency,-1,"아니다, 신중하게 말해야 한다.",신중하게 말해야 한다,1,,0,crd
675,"머리를 감지 않고 식당을 갔는데, 옆 테이블 손님이 내 머리를 보고 흉을 보고 있어서 기분이 나빴다.",2025,다른 손님의 외모를 두고 흉을 보는 것은 괜찮다.,agency,-1,"아니다, 적절하지 않다.",적절하지 않다,1,,0,crd
s-2089,동생들한테만 신경 쓰는 아빠에게 너무 서운해요!,f-1244,형제 자매의 감정을 모른체하며 부모의 관심을 독차지하는 것은 옳지 않다.,agency,1,"그렇다, 옳지 않다.",옳지 않다,1,,0,kbsn
583,새집에 시어머니가 처음 오셨는데 집에 쓰던 접시와 그릇을 가지고 오셔서 난감했다.,1749,가족 간의 갈등 상황에서 상대의 의도를 먼저 생각하며 신중하게 반응하는 태도가 바람직하다,agency,1,"그렇다, 바람직하다.",바람직하다,1,,0,crd
326,"배우자와 집안일을 분배했는데, 맡기로 한 일을 며칠이 지나도록 하지 않아 짜증이 났다.",978,부부는 가정 유지를 위해 맡기로 한 집안일을 책임지고 수행해야 한다.,agency,1,"그렇다, 그래야 한다.",그래야 한다,1,,0,crd
s-1178,부모님의 이혼으로 보육원에서 자란 고민남.. 그리고 25년 만에 재회한 친엄마,k-690,유자녀 이혼은 괜찮다,agency,1,"그렇다, 괜찮다.",괜찮다,1,,1,kbsn_2nd
s-2133,동생에게 어머니 간 이식을 부탁해도 될까요?,f-1301,장기 이식에 동의함으로 살아갈 삶을 가정하면서 장기 이식을 결정하는 것은 타당하다.,agency,1,"그렇다, 타당하다.",타당하다,1,,0,kbsn
s-1365,"여자와 있으면 말이 안 나와요.. 36살 모태솔로, 알고 보니 인기남?🤣",f-760,사회성이 부족한 사람과 대화할 때에는 일단 대화를 이끌며 편안하게 대화에 참여할 수 있도록 하는 것이 바람직하다.,agency,1,"그렇다, 바람직하다.",바람직하다,1,,0,kbsn
707,오늘 까페에서 우산을 뒀는데 누군가 가져가져 황당했다,2121,타인의 물건을 허락 없이 가져가는 것은 옳지 않다.,agency,1,"그렇다, 옳지 않다.",옳지 않다,1,,0,crd
359,친한 친구가 명백하게 잘못한 상황에서 친구의 편을 들어주었다.,1077,아무리 친한 친구라 할 지라도 잘잘못은 잘 따져야 한다.,agency,1,"그렇다, 그래야 한다.",그래야 한다,1,,0,crd
s-1677,"′′안아 줘!′′, ′′뽀뽀해 줘!′′😘 동성 친구들에게 인기 폭발인 남자의 고민",f-989,실제 동성애자라고 더 조심해서 거절하지 않아도 된다.,agency,1,"그렇다, 그러지 않아도 된다.",그러지 않아도 된다,1,,0,kbsn
s-343,"아버지가 사기꾼의 편을 드는 상황, 올케는 아버지까지 같이 고소하겠대요",f-288,가족이라고 해서 무조건 편을 들면 안 된다.,agency,1,"그렇다, 그러면 안 된다.",그러면 안 된다,1,,0,kbsn
569,어버이날 부모님을 보러 방문해야했는데 직장인이라 바쁘다는 핑계로 가지않았다.,1707,기념일에 부모님을 직접 찾아 뵙는것이 바람직하다.,agency,1,"그렇다, 바람직하다.",바람직하다,1,,0,crd
744,"시험 시간에 커닝하는 친구를 발견했지만, 친구와의 사이가 틀어질 것이 두려워 가만히 있었다.",2232,시험 시간에 커닝하는 것은 옳지 않다.,agency,1,"그렇다, 옳지 않다.",옳지 않다,1,,0,crd
214,마트 계산대에서 기다리던 중에 새치기한 사람을 직원이 알아채지 못해 직원에게 말하다가 그 사람과 실랑이가 벌어졌다.,643,마트에서 계산을 할 때에는 순서를 지키지 않아도 된다.,agency,-1,"아니다, 지켜야 한다 .",지켜야 한다 ,1,,0,crd
736,"병원에서 진료 순서를 기다리고 있는데, 옆 사람이 “나이 있는 사람부터 봐줘야지”라며 나를 가리켜 말해 불쾌했다.",2208,공공장소에서 불편한 상황이 생겼을 때에는 감정을 조절하며 차분하게 대응하는 태도가 필요하다.,agency,1,"그렇다, 필요하다.",필요하다,1,,0,crd
s-227,집안일과 동생 육아로 인한 스트레스로 육아 우울증까지 찾아왔었는데.. 갑자기 돌연사한 엄마,f-154,집안일과 육아를 혼자서 감당하더라도 괜찮다.,agency,-1,"아니다, 옳지 않다.",옳지 않다,1,,0,kbsn
733,"엘리베이터에서 무거운 짐을 든 어르신을 봤지만, 내가 늦을 것 같아 도와드리지 않고 내렸다.",2200,시간에 쫓기면 공동체의 배려와 예의를 잊어도 된다.,agency,-1,"아니다, 잊지 말아야 한다.",잊지 말아야 한다,1,,0,crd
769,"직장에서 상품 기획 회의를 하던 중에 이 분야에 대해 잘 아는 사람이 맡아서 하면 좋겠다는 말을 들었는데, 내가 잘 아는 분야였지만 잘 안다고 말하지 않았다.",2308,직원은 업무 배정과 관련된 최종 판단을 회사 결정에 맡기지 않아도 된다.,agency,-1,"아니다, 맡겨야 한다.",맡겨야 한다,1,,0,crd
s-247,아내의 문자에서 드러난 불륜남과의 이혼 전 성관계 사실,f-176,상대가 배우자가 있는 사람이라면 관계 형성에 신중해야 한다.,agency,1,"그렇다, 그래야 한다.",그래야 한다,1,,0,kbsn
s-1029,남′사′친 말고 남친 좀 만들고 싶은데... 제 한도초과 솔직함💥 괜찮을까요?,f-597,농담과 진심이 섞인 연애 표현을 즉각적인 고백으로 해석하는 것은 바람직하지 않다.,agency,1,"그렇다, 바람직하지 않다.",바람직하지 않다,1,,0,kbsn
617,"동네 카페에서 주문한 음료가 분명히 다른 메뉴였지만, 다시 만들어 달라고 하면 괜히 진상처럼 보일까 봐 말을 아꼈다.",1852,주문한 음료와 다를 경우에 정중하게 의사를 표현하는 것은 바람직하지 않다.,agency,-1,"아니다, 바람직하다.",바람직하다,1,,0,crd
592,"식사 자리에서 현 정부의 정책을 칭찬하니, 직장상사가 ""잘 몰라서 하는 소리""라며 깍아내렸다.",1776,개인은 정치적 의견을 자유롭게 표현할 수 없다.,agency,-1,"아니다, 표현할 수 있다.",표현할 수 있다,1,,0,crd
s-265,집에 있는 돌반지 등 귀중품을 훔친 절친 아내의 충격적인 행동들,f-231,새로 알게 된 사람에게는 폐를 끼치지 않도록 조심해야 한다.,agency,1,"그렇다, 그래야 한다.",그래야 한다,1,,0,kbsn
s-1403,"외박 후 혼자 수술한 아빠, 무뚝뚝한 아빠 때문에 고민인 가족",f-786,가족 내의 일은 가족과 합의하고 상의하여 결정하지 않아도 된다.,agency,-1,"아니다, 해야 한다.",해야 한다,1,,0,kbsn
100,친구의 고민을 들으면서도 현실적인 조언을 해야 할지 공감만 해야 할지 판단이 서지 않아 망설였다.,302,타인의 고민에 현실적인 조언을 해주는 것은 좋지 않다.,agency,-1,"아니다, 좋다.",좋다,1,,0,crd
586,친구가 나에게 모태솔로라고 해서 기분이 좋지 않았던 적이 있다.,1760,말로 다른 사람에게 상처를 주는 행동은 옳지 않다.,agency,1,"그렇다, 옳지 않다.",옳지 않다,1,,0,crd
s-318,아버지를 차로 치고 달아난 사기꾼... 단지 좋아했을 뿐인데 억울해요,f-270,사람들에게 금전적인 사기를 치는 것은 옳지 않은 행동이다.,agency,1,"그렇다, 옳지 않은 행동이다.",옳지 않은 행동이다,1,,0,kbsn
672,재활용 버리는 날에 플라스틱 음료의 커버를 벗기지 않고 재활용을 버렸다.,2018,재활용품을 정해진 날짜에 버리면 안 된다.,agency,-1,"아니다, 정해진 날짜에 버려야 한다.",정해진 날짜에 버려야 한다,1,,0,crd
s-1148,몇 년 전부터 귀신을 보기 시작한 아내와 이해 못하는 캐나다인 남편,f-682,타 문명(국가)인에 대하여 무조건적인 이해를 구하는 것은 옳지 않다.,agency,1,"그렇다, 옳지 않다.",옳지 않다,1,,0,kbsn
634,"집에서 엄마가 매일 저녁 늦게까지 설거지하라고 잔소리할 때, 내가 피곤해서 미루고 싶지만 엄마 기분 상하지 않게 할지 그냥 버텨야 할지 매번 갈등했어.",1902,가족과의 공동체 생활에서 자신의 역할을 미루기 보다 다른 가사 노동과 역할을 바꾸거나 대안을 제안하는 식의 적극적인 조율을 하는 것이 바람직하다.,agency,1,"그렇다, 바람직하다.",바람직하다,1,,0,crd
495,"두 명의 부하 직원에게 작업 분담을 해 주는데, 한 직원이 모든 직원들 앞에서 자신의 작업이 더 복잡하고 번거롭다며 불평을 토로해서 당황스러웠다.",1485,예의없이 행동하는 부하 직원에게 주의를 줄 수 있다.,agency,1,"그렇다, 그럴 수 있다.",그럴 수 있다,1,,0,crd
s-1109,"모든 걸 알고 있는 무속인 엄마, 남친 성을 맞춘다니까요!?",f-666,타인의 발언을 그대로 수용하는 행동은 바람직하다.,agency,-1,"아니다, 바람직하지 않다.",바람직하지 않다,1,,0,kbsn
s-509,"어머니와 사촌 언니 간의 갈등에 낀 고민녀, 이젠 끝내고 싶어요😵",f-437,엄마는 딸의 마음을 헤아리려고 노력하지 않아도 된다.,agency,-1,"아니다, 해야 한다.",해야 한다,1,,0,kbsn
341,아는 지인이 다니는 직장에 취업을 권유받아 직장을 다녔는데 지인과 업무적으로 마찰이 생기면서 마음도 상해 어떻게 해야할 지 몰라 혼란스러웠다.,1025,직장 내에서 동료가 업무에 잘 적응할 수 있도록 도와야 한다.,agency,1,"그렇다, 그래야 한다.",그래야 한다,1,,0,crd
260,밤에 차가 없어서 무단횡단을 할까 고민했다.,780,운전자가 보행자를 식별하기 어려운 밤길에서는 사고 방지를 위해 교통안전 수칙을 더욱 철저히 지키는 태도가 필요하다.,agency,1,"그렇다, 필요하다.",필요하다,1,,0,crd
s-1750,자격지심 가득한 전 남친의 막말 때문에 이별한 쏠녀,f-1063,전 남친의 자격지심을 이해해줄 필요가 있다.,agency,-1,"아니다, 그럴 필요 없다.",그럴 필요 없다,1,,0,kbsn
s-18,"“아빠, 나 사진 속 아저씨 알아” 이혼 전 아내의 외도 흔적...",f-6,배우자가 있는 사람과 외도를 하는 것은 나쁜 행동이 아니다.,agency,-1,"아니다, 나쁘다.",나쁘다,1,,0,kbsn
s-2273,"속 썩이는 딸이 될 수밖에 없었던 학창 시절, 이제라도 엄마와의 오해를 풀고 싶어요",f-1348,가족과의 관계를 개선하려고 노력하는 것은 바람직하다.,agency,1,"그렇다, 바람직하다.",바람직하다,1,,0,kbsn
226,식당에서 철판에 구워진 고기가 나왔는데 속 부분이 차가워서 다시 구워달라고 하니까 직원의 표정이 안좋았다.,679,표정이 안 좋은 직원과 다투지 않는 것이 좋다.,agency,1,"그렇다, 좋다.",좋다,1,,0,crd
444,"아침에 길에서 담배꽁초를 버린 사람과 누군가가 다투는 모습을 보았지만, 개입하기엔 상황이 커질 것 같아 그냥 모른 척 지나쳤다.",1334,공공장소에서 무질서를 지적하는 것은 취지상 바람직하다.,agency,1,"그렇다, 취지상 바람직하다.",취지상 바람직하다,1,,0,crd
420,아랫집 천장 누수문제로 누수탐지를 했지만 우리집에서 원인을 찾지 못했는데도 우리에게 책임이 있다고 우겨 갈등이 발생한 적이 있다.,1262,책임이 불분명한 상황에서 소통을 회피하거나 일방적으로 대응하는 것은 바람직하지 않다.,agency,1,"그렇다, 바람직하지 않다.",바람직하지 않다,1,,0,crd
4,초등학교 6학년때 수업시간에 담임선생님이 떠들었다며 혼났는데 난 떠든적이 없어서 억울하다고 했다가 말대꾸 했다며 싸대기를 맞고 넘어지고 또 맞았다.,2400,본인이 억울한 상황에서 말대꾸를 하는 것은 괜찮다.,agency,1,"그렇다, 괜찮다.",괜찮다,1,,1,crd_2nd
s-1562,"뇌출혈로 눈물을 잃은 남자, 아내와의 이혼 얘기에 ′키득키득′",f-863,뇌출혈로 눈물을 잃은 남편을 돌볼 필요는 없다.,agency,-1,"아니다, 돌봐야 한다 .",돌봐야 한다 ,1,,0,kbsn
72,"소개팅 자리에서 정치 이야기가 나왔는데 상대가 특정 정치인과 지지자들을 심하게 비하해서 더 말을 섞기 싫어졌지만, 친구가 소개해 준 자리라 애매한 미소만 지으며 대화를 마무리했다.",217,주선자의 입장을 고려하여 대화 상대에게 최소한의 예의를 지키는 것은 바람직하다.,agency,1,"그렇다, 바람직하다.",바람직하다,1,,0,crd
s-961,학교를 안 갔어~🎶 일탈이 일상인 두 딸... 엄마는 속 탄다😵,f-584,일탈을 하여 엄마를 속썩이는 것은 바람직 하지 않다,agency,1,"그렇다, 바람직하지 않다.",바람직하지 않다,1,,0,kbsn
60,나는 공공장소에서 뒷사람이 들어올때 문을 잡아주는 경우가 있는데 대부분 눈인사라던가 고맙습니다 말을 해주시지만 그냥 휙 지나가시는 분들을 보면 마음이 씁쓸할때가 있다.,180,배려 있는 자신의 행동에 항상 보답을 바라는 것은 옳지 않다.,agency,1,"그렇다, 옳지 않다.",옳지 않다,1,,0,crd
609,"추운날 유기견 강아지가 떨면서 계속 나를 찾아왔는데, 키울 여건이 안되어 외면했다.",1827,키우던 강아지를 유기하는 행위는 옳지 않다.,agency,1,"그렇다, 옳지 않다.",옳지 않다,1,,0,crd
s-877,"이라크 남친은 안된다는 엄마...🙅 ""우리 그냥 사랑하게 해주세요""",f-539,인종에 대한 편견을 가지는 것은 옳은 행동이다.,agency,-1,"아니다, 옳지 않다.",옳지 않다,1,,0,kbsn
484,직장 상사의 옷차림에 대해 칭찬한 것이 다른 사람에게는 아부하는 것으로 비춰지지는 않았을지 걱정이 되었다.,1452,여러 사람 앞에서 말을 할 때는 의도가 왜곡되지 않는지 주의해야 한다.,agency,1,"그렇다, 그래야 한다.",그래야 한다,1,,0,crd
136,차로 이동하던 중 길에 할머니가 넘어져 계셔서 도와드려야 하는데 어린 아기가 차에 있어서 도와드리지 못했다.,409,누군가에게 도움을 받는 것을 당연하게 여기는 것은 괜찮다.,agency,-1,"아니다, 옳지 않다.",옳지 않다,1,,0,crd
s-1129,"딸바보 아빠의 과잉보호, 휴가 내고 딸의 유치원 견학",f-676,가정과 직장생활 간의 불균형을 초래할 수 있는 행동은 양측 모두에 좋다.,agency,-1,"아니다, 좋지 않다.",좋지 않다,1,,0,kbsn
380,남편이 반대할 것 같아서 말 안 하고 차를 산 뒤에 나중에 말할까 싶어. 근데 어차피 말할 거라면 먼저 말하고 사는 게 나을 것 같기도 해.,1141,갈등이 예상될 때 중요한 결정을 숨기기 보다 먼저 이야기 하는 것은 좋지 않다.,agency,-1,"아니다, 좋다.",좋다,1,,0,crd
s-179,갑자기 생긴 새아버지의 극심한 폭언과 폭행 속에 살고 있는 그녀의 충격적인 사연은?!,f-70,타인에게 폭력적 행위를 하는 것은 괜찮다.,agency,-1,"아니다, 옳지 않다.",옳지 않다,1,,0,kbsn
s-26,다 좋은데 말만 줄이면 좋겠어! TMT 남편의 아내 등판!,f-15,필요 이상의 말을 하는 것은 적절하지 않다.,agency,1,"그렇다, 적절하지 않다.",적절하지 않다,1,,0,kbsn
s-217,고1때부터 제게 여친보다 더 집착하는 절친 ᅲ 어떻게 하면 좋을까요?,k-133,"여자친구를 여친으로, 절친한 친구를 절친으로 줄여 표현해도 괜찮다.",agency,1,"그렇다, 괜찮다..",괜찮다.,1,,1,kbsn_2nd
215,"친구가 일요일 아침에 자기 아는 사람 집 문을 고치는 걸 도와달라고 했는데, 그냥 쉬고 싶은 마음에 거절해도 될지 난처했다.",645,보통 부탁을 받은 경우에는 본인의 의사를 정확히 전달하는 것이 좋다.,agency,1,"그렇다, 좋다.",좋다,1,,0,crd
s-639,과격한 성향의 현 남편을 떠나 홀로 아들 잘 키울 수 있을까요?,k-504,아버지에 대한 이해와 아버지로써의 취급이 유지되어야 하는 것은 아니다,agency,1,"그렇다, 그래야 하는 것은 아니다.",그래야 하는 것은 아니다,1,,1,kbsn_2nd
s-564,"외도한 사실을 모두 기록하는 남편, 13년간 초등학교 동창을 만나면서 또 다른 여자를 만나고 있었어요",f-480,외도를 한 당사자에 대하여 사회적으로 비난하면 안 된다.,agency,-1,"아니다, 해도 된다.",해도 된다,1,,0,kbsn
638,지하철 아르바이트 출근길에서 자리가 났지만 내릴 역이 얼마 안 남았고 주변에 더 피곤해 보이는 사람이 있어 앉을지 양보할지 고민했다.,1914,지하철에서 주변에 피곤해 보이는 사람이 있을 것 같으면 자리를 양보하는 것이 좋다.,agency,1,"그렇다, 좋다.",좋다,1,,0,crd
450,친구에게 돈을 빌려주고 되돌려 받지 못해 연락을 했더니 도리어 연락했다고 내게 화를 내서 당황스러웠다.,1352,친구에게 돈을 빌렸을 때는 가능한 빠른 시일 내에 갚을 필요는 없다.,agency,-1,"아니다, 빠른 시일 내에 갚아야 한다.",빠른 시일 내에 갚아야 한다,1,,0,crd
410,단체 채팅방에서 내 메시지만 반복해서 무시하는 태도를 보여 서운함을 느꼈다.,1230,상대방이 나의 메시지를 반복해서 무시한다고 느낄 때 이유를 물어보고 해결하는 것은 좋지 않다.,agency,-1,"아니다, 좋다.",좋다,1,,0,crd
438,오늘 일이 있어서 나가려는데 엄마가 갑자기 연락도 없이 오셔서 당황했다.,1314,자녀의 집에 방문할 때 사전에 연락을 하지 않아도 된다.,agency,-1,"아니다, 해야한다.",해야한다,1,,0,crd
236,회사 동료가 함께 일하면서 하기 싫은 일은 눈치를 보며 피하려 한다. 솔선수범은커녕 너무 치사하게 느껴진다. 나 역시 하기 싫지만 참고 하고 있는데 말이다.,709,하기 싫은 업무라도 공동 책임에 해당한다면 구성원이 함께 감당하는 것이 적절하다.,agency,1,"그렇다, 적절하다.",적절하다,1,,0,crd
780,골목에서 청소년들이 담배를 피우는 것을 보았지만 한마디 했다가 괜히 싸움에 말려들 것 같아 무서워서 못본척하고 빠르게 지나갔다.,2342,사람들이 지나다니는 골목길에서 담배를 피우는 것은 옳지 않다,agency,1,"그렇다, 옳지 않다.",옳지 않다,1,,0,crd
648,아이들에게는 저녁늦게 간식을 먹는게 좋지않다도 말하고 그날저녁 간식이 먹고 싶어 족발을 주문해서 먹었다.,1945,부모의 말을 듣는 것은 좋지 않다.,agency,-1,"아니다, 좋다.",좋다,1,,0,crd
s-2044,남친이 학원 강사와 몰래 연락해서 상처받았던 썰😭,f-1204,상처를 준 연인과 헤어져도 된다.,agency,1,"그렇다, 그래도 된다.",그래도 된다,1,,0,kbsn
244,"학교에서 다른 친구들이 하는 내 뒷담을 들었을 때, 직접 따져야 할지 모른 척해야 할지 고민했다.",733,친구에게 뒷담화하지 말라고 표현하면 안 된다.,agency,-1,"아니다, 해야 된다.",해야 된다,1,,0,crd
279,운동을 하는데 다른 사람이 내가 쓰고있던 기구를 갑자기 가로채서 당황했다,839,여럿이 함께 사용하는 체육 시설에서 다음 사람을 배려하며 차례를 지켜 기구를 사용하는 것은 바람직하지 않다.,agency,-1,"아니다, 바람직하다.",바람직하다,1,,0,crd
s-1581,여동생의 주도하에 나 빼고 간 가족여행.. ᅮᅮ,f-882,중간에서 여동생과 화자와의 갈등을 좁혀줘야 한다.,agency,1,"그렇다, 그래야 한다.",그래야 한다,1,,0,kbsn
21,뒤에 걸어오는 사람이 술에 취한 것 같아 거동이 힘들어보이는데 도와줘도 될지 말지 고민했다.,65,거동이 힘들만큼 술을 마시는 것은 바람직하지 않다.,agency,1,"그렇다, 바람직하지 않다.",바람직하지 않다,1,,0,crd
69,"친구가 과제를 베껴 쓰게 해 달라고 부탁했을 때, 도와주지 않으면 미워할까 걱정되면서도 규칙을 어기는 일이라 허락하기 망설여졌던 순간이 있었다.",209,친분을 이용해서 규칙을 어기는 부탁을 하는 것은 좋다.,agency,-1,"아니다, 좋지 않다.",좋지 않다,1,,0,crd
168,"헬스장을 갔는데, 트레이너가 초보인 나에게 왜 그것밖에 무게를 못드냐고 해서 화가 났다.",506,운동 시설에서 이용자가 자신의 판단에 따라 안전을 고려해 운동하는 것은 바람직하지 않다.,agency,-1,"아니다, 바람직하다.",바람직하다,1,,0,crd
277,선물을 지인에게 했으나 고맙다는 인사가 없어 왜 안 하냐고 따지며 싸웠다.,833,받은 호의를 당연하게 여기는 태도는 대인 관계에서 권장해야 한다.,agency,-1,"아니다, 지양해야 한다.",지양해야 한다,1,,0,crd
218,내년 지방선거에서 특정후보를 찍어달라고해서 불쾌했다.,656,개인의 정치적 선택을 존중하는 것이 좋다.,agency,1,"그렇다, 좋다.",좋다,1,,0,crd
s-216,친구의 사소한 거짓말도 단속하는 우정 단속남?,f-127,친구의 거짓말을 옹호하는 듯한 인식을 가져도 괜찮다.,agency,-1,"아니다, 옳지 않다.",옳지 않다,1,,0,kbsn
215,"친구가 일요일 아침에 자기 아는 사람 집 문을 고치는 걸 도와달라고 했는데, 그냥 쉬고 싶은 마음에 거절해도 될지 난처했다.",646,주말 쉬는 시간에 부탁은 되도록 하지 않는 것이 좋다.,agency,1,"그렇다, 그러지 않는 것이 좋다.",그러지 않는 것이 좋다,1,,0,crd
s-1750,자격지심 가득한 전 남친의 막말 때문에 이별한 쏠녀,f-1066,자격지심에 가득찬 사람과의 관계를 피해도 괜찮다.,agency,1,"그렇다, 그래도 괜찮다.",그래도 괜찮다,1,,0,kbsn
110,서비스 이용 중 직원의 무성의한 응대로 인해 의견 충돌이 발생해 불쾌했다.,330,"서비스 이용 중 불만족 시, 서비스 직원에게 대응을 요청할 수 있다.",agency,1,"그렇다, 그럴 수 있다.",그럴 수 있다,1,,0,crd
185,"새벽 길가에서 술에 취해 쓰러진 사람을 발견했을 때, 깨워서 도와야 할지 아니면 괜히 문제에 휘말릴까 봐 그냥 지나쳐야 할지 고민하다 일으켜드리고 집 보내줬다",557,술에 취해 쓰러진 사람을 일으켜서 집 보내주는 것은 옳은 행동이다.,agency,1,"그렇다, 옳은 행동이다.",옳은 행동이다,1,,0,crd
s-181,남편이 너무 예민해 화장실 가기도 눈치 보인다는 임신한 아내,f-75,임산부는 주변의 배려와 도움을 받지 않아야 한다.,agency,-1,"아니다, 받아야 한다 .",받아야 한다 ,1,,0,kbsn
486,"다이어트 중에 정말 친한 지인이 맛있는 음식을 잔뜩 사 들고 우리 집을 방문했을 때, 성의를 봐서 같이 먹어야 할지 끝까지 거절해야 할지 고민했다.",1460,타인에게 거절을 할 때 예의를 갖추는 것은 좋지 않다.,agency,-1,"아니다, 좋다.",좋다,1,,0,crd
661,카페에 도착했는데 텀블러를 들고나오지 않는 바람에 귀찮아서 일회용 컵으로 커피를 마셨지만 마음이 불편했었다.,1983,환경 부담을 인지하고도 편의를 이유로 일회용 컵을 반복적으로 사용하는 것은 바람직하지 않다.,agency,1,"그렇다, 바람직하지 않다.",바람직하지 않다,1,,0,crd
421,서울역에서 노숙자를 만났는데 도와야할지 말아야할지 고민하다가 그냥 지나쳤다,1264,노력하지 않고 역에서 노숙을 하는 것은 옳지 않다.,agency,1,"그렇다, 옳지 않다.",옳지 않다,1,,0,crd
s-189,데이트 앱으로 만난 전남친의 아이... 이제라도 양육비 받고 싶어요,f-77,아이도 자신의 친부가 누구인지 알 권리가 있다.,agency,1,"그렇다, 그럴 권리가 있다.",그럴 권리가 있다,1,,0,kbsn
s-341,"언니의 칼부림, 아버지의 가정폭력과 알코올 중독",f-281,알코올 중독이 심하면 보건소나 병원 등에서 도움을 청하는 것이 좋다.,agency,1,"그렇다, 좋다.",좋다,1,,0,kbsn
572,"나는 치킨이 먹고 싶었지만 아이는 피자를 먹고 싶어 했다. 내가 먹고 싶은 것을 선택해도 될지, 아니면 아이의 선택을 우선해야 할지 고민하며 음식 메뉴를 두고 날을 세웠다.",1718,가족 구성원들은 서로의 의견을 존중하고 대화를 통해 문제를 풀어나가야 한다.,agency,1,"그렇다, 그래야 한다.",그래야 한다,1,,0,crd
38,길거리에 떨어진 순금으로 만들어진 얇은 팔찌를 주인을 찾아줄까 내가 가질까 깊은 고민을 했다.,114,타인의 물건을 함부로 갖고 소유자에게 돌려주지 않아도 된다.,agency,-1,"아니다, 돌려줘야 한다.",돌려줘야 한다,1,,0,crd
s-120,"만성 신부전증을 앓고 있는 4남매 엄마, 가족들에게 도움이 되고 싶어요",f-38,주변에 어려움을 겪는 가족이 있다면 외면 하지 않는 것이 좋다,agency,1,"그렇다, 좋다.",좋다,1,,0,kbsn
716,성과에 크게 기여하지 않은 동료가 공을 가져가는 분위기였지만 문제를 제기해야 할지 참아야 할지 고민했다.,2150,성과 배분과 관련해 부당하다고 느끼는 상황에서는 사실과 근거를 바탕으로 문제를 인식하는 것이 바람직하다.,agency,1,"그렇다, 바람직하다.",바람직하다,1,,0,crd
s-1596,역대급 ′남의 편′ 남편과 대놓고 막말하는 시댁 식구들😨,f-896,시댁 식구들이 막말할 때 논리적인 주장과 근거로 대응하는 것이 좋다.,agency,1,"그렇다, 좋다.",좋다,1,,0,kbsn
387,임신을 위해 시험관 시술을 시도했지만 매번 실패하고 있는 친구에게 내 아이에 대한 이야기를 하면 상처가 될까봐 말하지 않았다.,1162,개인적인 이야기를 할 때 상대방의 상황을 고려하여 표현을 조절하는 것은 적절하지 않다.,agency,-1,"아니다, 적절하다.",적절하다,1,,0,crd
s-554,6남매 키우는 것만으로 벅찬데 남편은 매일 갓 지은 밥을 해주길 원해요,f-471,아이를 키우고 잘 돌보는 것은 당연히 부모로서 가져야 할 책임이 아니다.,agency,-1,"아니다, 책임이다.",책임이다,1,,0,kbsn
s-343,"아버지가 사기꾼의 편을 드는 상황, 올케는 아버지까지 같이 고소하겠대요",f-296,잘못을 저지른 만큼 보상해야 한다.,agency,1,"그렇다, 그래야 한다.",그래야 한다,1,,0,kbsn
12,"퇴근길 지하철에서 길을 잃은 외국인을 봤지만 괜히 휘말릴까 봐 지나쳤고, 그 선택이 맞았는지 계속 고민됐다.",36,낯선 장소에서 도움이 필요할 경우 주변 사람에게 정중하게 도움을 요청하는 것은 바람직하지 않다.,agency,-1,"아니다, 바람직하다.",바람직하다,1,,0,crd
531,식당 아르바이트할 때 식당 주인이 잔반을 재활용하는 것을 보고도 잘못됐다고 말하지 못했다.,1595,식당 직원은 손님에게 제공되는 음식의 위생과 안전을 책임질 필요가 없다.,agency,-1,"아니다, 책임져야 한다.",책임져야 한다,1,,0,crd
782,지하철을 탑승하기 위해 줄을 서 있었는데 지하철이 도착하자 갑자기 어떤 아주머니가 옆에서 밀고 들어와 새치기를 하고 먼저 타버렸다.,2348,새치기를 한 아주머니에게 사과를 요구 할 수 있다,agency,1,"그렇다, 그럴 수 있다.",그럴 수 있다,1,,0,crd
s-2271,친구들의 장난 때문에 헤어진 전 남친ᅲᅲ 재회하고 싶어요!,f-1344,사랑하는 연인에게 최선을 다하지 않아도 된다.,agency,-1,"아니다, 해야 한다.",해야 한다,1,,0,kbsn
122,"조별과제에서 역할 분담이 불공평하다고 말하며 의견 충돌이 있었고, 감정이 상해 말다툼으로 이어졌다.",366,조별과제 중 생기는 갈등 상황은 대화로 해결하는 것이 좋다.,agency,1,"그렇다, 좋다.",좋다,1,,0,crd
29,회의 중에 상사가 공개적으로 나를 질책해서 속상했다.,89,회사에서 다른 직원의 자존심이 상할 수 있는 언행을 해도 된다.,agency,-1,"아니다, 하지 않아야 한다.",하지 않아야 한다,1,,0,crd
260,밤에 차가 없어서 무단횡단을 할까 고민했다.,782,성숙한 교통문화를 정착시키기 위해 예외적인 상황을 만들지 않고 누구나 일관되게 규범을 따르는 것이 마땅하다.,agency,1,"그렇다, 마땅하다.",마땅하다,1,,0,crd
500,"집에 오는 동생이 어느 방에서 자냐고 물어봤는데 아빠가 ""그럼 어디에서 자"" 이렇게 말해서 시비거는 것 같아 속상했다.",1501,질문을 할 때 상대방의 기분이 나쁘지 않게 조심스럽게 물어보는 것은 좋지 않다.,agency,-1,"아니다, 좋다.",좋다,1,,0,crd
s-546,15년간 지적장애 조카를 키우다가 이제 결혼하려는데 가족이 조카를 계속 키우래요...,f-461,성인 가족 구성원의 결정에 간섭해도 괜찮다.,agency,-1,"아니다, 옳지 않다.",옳지 않다,1,,0,kbsn
63,아이를 차에 태워 학원에 데려다 줘야하는데 지각을 할 것 같아 안전이 최 우선임에도 불구하고 신호를 무시하고 정각에 데려다 주었다.,190,학생은 학교나 학원 등에 늦지 않게 시간 관리를 철저히 하는 것은 바람직하지 않다.,agency,-1,"아니다, 바람직하다.",바람직하다,1,,0,crd
488,"버스 정류장에서 앞사람이 떨어뜨린 만 원짜리 지폐를 발견했을 때, 주인을 불러서 돌려줘야 할지 아니면 아무도 모르게 내가 가질지 순간적으로 큰 고민이 되었다.",1466,소지품을 흘리고 다니지 않도록 소지품을 잘 단속하는 것이 좋다.,agency,1,"그렇다, 좋다.",좋다,1,,0,crd
s-1613,"3달 동거하며 천만 원을 잃은 대학생, 전 여친은 잠수 中",f-901,천 만원 잃은 대학생이 경찰에 신고할 수 있게 도와줄 필요는 없다.,agency,-1,"아니다, 도와줘야 한다.",도와줘야 한다,1,,0,kbsn
697,친구의 상황을 모른 상태로 나눈 대화가 친구에게 자랑으로 들렸을 것 같아 마음에 걸린다.,2093,상대의 의도를 악의적으로 해석하지 않으려는 태도는 필요하지 않다.,agency,-1,"아니다, 필요하다.",필요하다,1,,0,crd
s-539,주변 가족이 세상을 떠나고 여자친구가 암에 걸린 게 본인 탓 같다는 고민남,f-457,가족의 죽음을 자기 탓으로 돌리는 것은 옳지 않다.,agency,1,"그렇다, 옳지 않다.",옳지 않다,1,,0,kbsn
796,가족 여행 일정을 오로지 나에게 전담시키더니 정작 여행지에서 숙식이 마음에 들지 않는다며 불평불만을 늘어놓는 가족들에게 짜증이 났다.,2388,여행 준비 과정에 전혀 참여하지 않은 가족들도 여행지에서 일정이나 숙식 등에 대해 불평을 할 수 있다.,agency,-1,"아니다, 그러지 말아야 한다.",그러지 말아야 한다,1,,0,crd
s-18,"“아빠, 나 사진 속 아저씨 알아” 이혼 전 아내의 외도 흔적...",f-6,배우자가 있는 사람과 외도를 하는 것은 나쁘다.,agency,1,"그렇다, 나쁘다.",나쁘다,1,,0,kbsn
s-363,"경제권에 의존하는 가족, 쓰리잡 뛰는 갓생女",f-334,가족을 독립시키면 안 된다.,agency,-1,"아니다, 해도 된다.",해도 된다,1,,0,kbsn
s-300,"전처, 전 남편의 죽음으로 아이 다섯 키우는 부부",f-256,양육 시 자녀들을 평등하게 대해야 한다.,agency,1,"그렇다, 그래야 한다.",그래야 한다,1,,0,kbsn
445,급한 약속이 있어서 횡단보도 멈춤 신호를 무시하고 무단횡단을 한적이 있다,1337,이동 시간이 촉박할 경우 미리 출발 시간을 생각해두는 것이 적절하지 않다.,agency,-1,"아니다, 적절하다.",적절하다,1,,0,crd
s-1841,딸을 사탄 취급하는 엄마👿,f-1136,"부모와의 관계가 극단적으로 발전하기 전, 제 3자의 도움을 받거나 이성적인 대화를 시도하여 갈등을 해소하려 노력하는 것은 좋지 않다.",agency,-1,"아니다, 좋다.",좋다,1,,0,kbsn
s-216,친구의 사소한 거짓말도 단속하는 우정 단속남?,f-128,타인에 대하여 우정 단속남이라고 단정적으로 비속하게 묘사하더라도 괜찮다.,agency,-1,"아니다, 옳지 않다.",옳지 않다,1,,0,kbsn
s-2653,첫사랑과 연애하는 언니가 부러운 동생,f-1387,"자매 관계의 유지를 위해서, 동생을 자극해서는 안된다.",agency,1,"그렇다, 그래서는 안 된다.",그래서는 안 된다,1,,0,kbsn
559,서울에 살면서 집값으로 고민하는 친구에게 지방살이를 권했더니 자신을 무시한다며 화를 냈다.,1679,친구가 잘못된 생각을 할때는 일러줘야 한다,agency,1,"그렇다, 그래야 한다.",그래야 한다,1,,0,crd
s-1676,디자이너를 꿈꾸는 치과의사🦷 워킹맘,f-975,치과의사는 본업에 충실해야 한다.,agency,1,"그렇다, 그래야 한다.",그래야 한다,1,,0,kbsn
s-1073,남자친구를 너무 사랑하는데.. 여자들이 계속 눈에 들어와요👀,f-630,연애 사실을 인지한 뒤 거리를 두는 행동은 바람직하지 않다.,agency,-1,"아니다, 바람직하다.",바람직하다,1,,0,kbsn
172,회사 면접에서 면접관이 압박면접을 핑계로 결혼을 왜 안했냐고 물어서 엄청 화가 났다.,516,면접관이라고 하더라도 지원자의 개인정보나 사생활이 드러나는 질문은 지양해야 한다.,agency,1,"그렇다, 그래야 한다.",그래야 한다,1,,0,crd
s-961,학교를 안 갔어~🎶 일탈이 일상인 두 딸... 엄마는 속 탄다😵,f-583,학생은 학교를 다니는 책임을 져야 한다,agency,1,"그렇다, 그래야 한다.",그래야 한다,1,,0,kbsn
422,친정 아버지가 홀로 계시는데 자주 전화를 걸어야 하는데 바쁘다는 핑계로 자주 전화를 못했다,1266,가족 간 소통이 줄어들더라도 이를 존중하는 태도를 유지하는 것은 적절하지 않다.,agency,-1,"아니다, 적절하다.",적절하다,1,,0,crd
283,"무거운 물건을 들고가시는 할머니를 보았는데, 세상이 흉흉하여 괜히 도와드렸다가 역으로 난감한 상황에 처할까봐 그냥 지나쳤다.",851,사회적 약자를 돕는 것이 옳다,agency,1,"그렇다, 옳다.",옳다,1,,0,crd
574,"아파트 하자 처리 과정에서 교체가 아닌 수리로 진행된다는 안내에 불만이 생겨, 관리직원과 전화 통화 중 말다툼을 벌였다.",1723,서비스 처리에 불만이 있다고 바로 싸우는 것은 나쁜 행동이 아니다.,agency,-1,"아니다, 나쁘다.",나쁘다,1,,0,crd
488,"버스 정류장에서 앞사람이 떨어뜨린 만 원짜리 지폐를 발견했을 때, 주인을 불러서 돌려줘야 할지 아니면 아무도 모르게 내가 가질지 순간적으로 큰 고민이 되었다.",1465,남이 떨어뜨린 현금을 발견했을 때는 주인에게 직접 알리거나 주변에 확인을 요청해 돌려주는 것이 바람직하다,agency,1,"그렇다, 바람직하다.",바람직하다,1,,0,crd
666,오랜만에 만난 친구가 양성평등법에 대한 긍정적인 의견을 주장해서 마음이 불편했다.,1998,자신과 다른 의견을 들었을 때에는 감정적 반응보다는 상대의 입장을 존중하며 차분하게 받아들이는 태도를 유지해야 한다.,agency,1,"그렇다, 그래야 한다.",그래야 한다,1,,0,crd
762,"밥을 달라며 보채는 길고양이를 보았으나, 돈을 아껴야 한다는 생각에 지나쳤다.",2286,길고양이를 보았음에도 개인 사정으로 도움을 주지 않고 지나치는 것은 나쁘다.,agency,-1,"아니다, 나쁘지 않다.",나쁘지 않다,1,,0,crd
325,"조카와 지하철을 환승하면서 어른을 공경해야 한다고 말했지만, 횐승 방향을 물어보는 할머니를 모른 체하고 지나갔다.",975,말과 행동이 다른 것은 바람직하지 않다.,agency,1,"그렇다, 바람직하지 않다.",바람직하지 않다,1,,0,crd
557,"머리가 상해서 숏컷을 했더니, 페미세요?라고 비아냥거려서 당혹스러웠다.",1672,손님에게 말을 할 때는 예의를 갖추고 비아냥거리는 말을 삼가해야 한다,agency,1,"그렇다, 그래야 한다.",그래야 한다,1,,0,crd
725,친구와 이야기를 하면서 천천히 걷고 있는데 뒤에서 길 막지 말라고 화를 내며 내 어깨를 치고 갔다.,2175,보행 중 통행이 불편할 경우 감정을 앞세우기보다 서로 배려하며 안전하게 행동하는 것은 적절하지 않다.,agency,-1,"아니다, 적절하다.",적절하다,1,,0,crd
655,"내일 제출할 팀 과제에서 혼자 열심히 한 결과물을 동료들 이름으로 공유할지, 아니면 양심적으로 나의 노력만을 어필할지 갈등에 빠졌다.",1965,팀 과제로 수행한 결과물에 대해 자신의 높은 기여도를 앞세워 개인의 노력만을 어필하는 것은 좋다.,agency,-1,"아니다, 좋지 않다.",좋지 않다,1,,0,crd
s-1567,"깊어져가는 자매간 갈등의 골, 동생과 절연해야 할까요?",f-867,잘못이 있다면 동생에게 미안하다고 사과하는 것이 좋다.,agency,1,"그렇다, 좋다.",좋다,1,,0,kbsn
577,"부모님 병원 예약을 잡아드리면서 회사 일정과 겹쳐 직접 동행할지, 간호를 미루고 일을 선택할지 고민했다.",1731,자녀가 부모님의 병원 방문에 동행하는 것은 좋은 행동이 아니다.,agency,-1,"아니다, 좋은 행동이다.",좋은 행동이다,1,,0,crd
s-1753,"결혼까지 생각했던 여친과의 이별 후, 술독에 빠져 사는 친구🍶",f-1089,가족이라면 술독에 빠져 사는 사람을 도와야 한다.,agency,1,"그렇다, 그래야 한다.",그래야 한다,1,,0,kbsn
180,주차장에서 다른 운전자가 내 차를 막아놓고 연락이 없어 분노했다.,540,"주차 시에는 다른 차량의 이동을 방해하지 않도록 배려하고, 불가피하게 막게 되었을 경우 연락처를 남기는 것이 바람직하다.",agency,1,"그렇다, 바람직하다.",바람직하다,1,,0,crd
558,"핸드폰 케이스를 빨간색으로 바꿨더니, 친구가 너는 2찍이니?라고 물어봐서 당혹스러웠다.",1674,친구에게 정치와 관련된 농담을 하는 것은 문제가 있다.,agency,-1,"아니다, 문제 없다.",문제 없다,1,,0,crd
295,남자친구와 데이트 코스를 짤 때 예쁜 카페를 갈지 말지 이야기하다가 데이트 성향이 달라 싸울 뻔 한 적이 있었다,2429,데이트 코스에 이견이 생기는 경우라도 무조건 여자친구의 의견을 따라주는 것은 적절하지 않다.,agency,1,"그렇다, 적절하지 않다.",적절하지 않다,1,,1,crd_2nd
625,아이 학교 학부모 단톡방에서 한 보호자가 특정 교사를 공개적으로 비난해 의견 충돌이 벌어졌다.,1876,단체 대화방에서 부적절한 언행으로 갈등이 발생했더라도 차분하게 상황을 중재하지 않아도 된다.,agency,-1,"아니다, 중재해야 한다.",중재해야 한다,1,,0,crd
s-247,아내의 문자에서 드러난 불륜남과의 이혼 전 성관계 사실,f-177,상대방의 혼인 상태를 알게 되었을 때 관계를 지속하지 않는 것은 바람직하지 않다.,agency,-1,"아니다, 바람직하다.",바람직하다,1,,0,kbsn
s-553,오픈채팅에서 만난 남자와 2주 만에 동거한 여자... 근데 지금 생활하는 곳은 화장실?,f-468,서로 잘 모르는 사이의 사람과의 동거 여부는 성급히 결정해서는 안 된다.,agency,1,"그렇다, 그래서는 안 된다.",그래서는 안 된다,1,,0,kbsn
s-1750,자격지심 가득한 전 남친의 막말 때문에 이별한 쏠녀,f-1065,자녀가 자격지심 가득한 사람으로 자라지 않도록 부모가 노력할 필요는 없다.,agency,-1,"아니다, 노력해야 한다.",노력해야 한다,1,,0,kbsn
s-890,두 남편이 저지른 외도와 폭력... 싱글맘 됐지만 아이 잘 키우고 싶어요,f-549,자신의 잘못으로 이혼을 했다면 남은 자녀에게 책임을 다하지 않아도 된다,agency,-1,"아니다, 다해야 한다.",다해야 한다,1,,0,kbsn
149,"회사 입사 후, 전임자가 제대로 정리한 파일이 없어서 업무를 하는데 계속 힘들었다.",449,협업에서 자료를 체계적으로 정리하는 것이 바람직하다.,agency,1,"그렇다, 바람직하다.",바람직하다,1,,0,crd
282,"학교에서 축구를 하다가 공이 외곽으로 굴러갔는데, 근처에 있던 다른 사람이 더 먼곳으로 차버려서 화가 났다.",847,내가 즐기는 스포츠가 타인에게 위협이나 신체적 위해를 가할 가능성이 있음을 인지하고 그 책임은 본인에게 있음을 인정하는 것은 바람직하지 않다.,agency,-1,"아니다, 바람직하다.",바람직하다,1,,0,crd
365,부모님이 집 앞 카페에서 이유 없이 나를 욕하는 것을 들었다.,1097,가족 간 갈등이 발생했을 때 공개적인 다툼을 피하고 대화를 통해 해결하려는 태도가 바람직하다.,agency,1,"그렇다, 바람직하다.",바람직하다,1,,0,crd
597,"지난 주말 가족 모임에서 친척의 편견 섞인 발언을 들었을 때, 분위기를 깨지 않기 위해 침묵하는 것이 맞는지 아니면 잘못된 생각임을 지적해야 하는지 갈등 했다.",1792,상대방의 잘못된 생각을 차분하게 짚어보는 태도를 보이는 것은 바람직하지 않다.,agency,-1,"아니다, 바람직하다.",바람직하다,1,,0,crd
99,회의 중 다른 사람의 말을 끊고 의견을 말한 뒤 그 행동이 예의에 어긋났는지 계속 마음에 걸렸다.,298,자신의 의견을 말할 때는 상대방에게 발언 기회를 공정하게 나누는 것이 좋다.,agency,1,"그렇다, 좋다.",좋다,1,,0,crd
627,친구에게 빌려준 물건을 돌려달라고 했더니 너무 예민하다며 오히려 핀잔을 들어 기분이 상했다.,1881,빌려준 물건을 제때 돌려주지 않는 것은 옳지 않다.,agency,1,"그렇다, 옳지 않다.",옳지 않다,1,,0,crd
636,"지하철에서 아저씨가 내 옷에 계속 손을 대며 불편하게 했을 때, 화를 낼지 참을지 몰라 당황한 채 자리만 피했어.",1910,타인의 옷에 허락 없이 손을 대는 것은 괜찮다.,agency,-1,"아니다, 안 된다.",안 된다,1,,0,crd
s-2044,남친이 학원 강사와 몰래 연락해서 상처받았던 썰😭,f-1206,연애를 할 때는 상대방에게 상처 주는 행위를 하는 것은 옳지 않다.,agency,1,"그렇다, 옳지 않다.",옳지 않다,1,,0,kbsn
365,부모님이 집 앞 카페에서 이유 없이 나를 욕하는 것을 들었다.,1097,가족 간 갈등이 발생했을 때 공개적인 다툼을 피하고 대화를 통해 해결하려는 태도는 바람직하지 않다.,agency,-1,"아니다, 바람직하다.",바람직하다,1,,0,crd
714,목돈이 있었지만 카드값을 갚아야 한다며 도움을 요청한 언니에게 내 경제 상황도 불안해 돈을 빌려줘야 할지 거절해야 할지 고민했다.,2142,나의 경제 상황을 위태롭게 하는 행동은 하지 않는 것이 좋다.,agency,1,"그렇다, 좋다.",좋다,1,,0,crd
s-177,외국인 새아빠와 재혼하고 돌변해 버린 엄마... 생계유지와 육아까지 책임지고 있어요,f-68,자녀에게 본인의 양육 의무를 맡기는 건 옳은 행동이다.,agency,-1,"아니다, 옳지 않다.",옳지 않다,1,,0,kbsn
s-2273,"속 썩이는 딸이 될 수밖에 없었던 학창 시절, 이제라도 엄마와의 오해를 풀고 싶어요",f-1349,자식의 삶을 이해하려고 노력하는 것이 중요하다.,agency,1,"그렇다, 중요하다.",중요하다,1,,0,kbsn
369,일을 하다가 실수했는데 대충한다고 뭐라 해서 쳐다봣더니 '더럽게 짜증내시네 쯧'이라고 했다.,1109,직장에서 나의 업무상 실수를 지적받을 때 겸허히 받아들이는 것은 적절하지 않다.,agency,-1,"아니다, 적절하다.",적절하다,1,,0,crd
672,재활용 버리는 날에 플라스틱 음료의 커버를 벗기지 않고 재활용을 버렸다.,2016,재활용품을 처리할 때는 규정에 맞게 처리해야 한다.,agency,1,"그렇다, 그래야 한다.",그래야 한다,1,,0,crd
632,"팀플에서 발표를 친구가 맡기로 했는데 준비를 안 해서, 점수 생각하면 내가 대신 하자는 말이 목까지 나왔지만 끝까지 믿고 맡기는게 맞는지 고민됐다.",1898,공동 과제에서 준비 부족으로 팀 성과에 위험을 줘도 된다.,agency,-1,"아니다, 바람직하지 않다.",바람직하지 않다,1,,0,crd
s-1325,아내의 전남친이 어떻게든 번호를 찾아내는 이유는?,f-736,이미 헤어진 연인에게 집착하는 것은 옳다.,agency,-1,"아니다, 옳지 않다 .",옳지 않다 ,1,,0,kbsn
681,"수련회에서 아이들이랑 옹기종기 모여 놀다가 실수로 방귀를 뀌었는데, 아이들이 다른 아이가 뀐 줄 알고 놀렸지만 모른 척했다.",2044,다른 사람의 생리 현상에 대해서 조롱하는 건 괜찮다.,agency,-1,"아니다, 바람직하지 않다.",바람직하지 않다,1,,0,crd
669,"회사 회의 시간에 서로 다른 성향으로 회의 시간은 길어졌고, 서로의 결과물에 대해 날 선 비판이 오가며 팀 분위기가 경직되었다.",2008,회의 중 의견이 다르더라도 상대의 결과물을 존중하며 표현하는 것은 적절하지 않다.,agency,-1,"아니다, 적절하다.",적절하다,1,,0,crd
569,어버이날 부모님을 보러 방문해야했는데 직장인이라 바쁘다는 핑계로 가지않았다.,1708,직접 방문하는 것이 어려울 경우 다른 방식으로 안부를 전하는 것이 좋다,agency,1,"그렇다, 좋다.",좋다,1,,0,crd
24,다툼을 피하려고 행사 위원장을 추첨으로 정하는 자리에서 다들 “나만 아니면 된다”고 말하는 태도들이 이기적으로 느껴졌다.,72,다른 사람들이 이기적인 태도를 보인다면 지적해야 한다,agency,1,"그렇다, 그래야 한다.",그래야 한다,1,,0,crd
s-2152,아이들과 함께 안 살거면 헤어지자고 하는 남친... 결혼해도 될까요?,f-1313,연인의 말을 다 들어주는 것은 옳지 않다.,agency,1,"그렇다, 옳지 않다.",옳지 않다,1,,0,kbsn
343,시누이와의 갈등이 심한 가운데 시댁에 가는 것이 마음이 매우 불편했다. 마주치기 싫은 상황에 시댁에 그래도 예의상 가야하는지 거리를 두고 안가는게 맞는지 어렵다.,1031,형식적 예의만을 이유로 불편한 만남을 일방적으로 요구해도 된다.,agency,-1,"아니다, 옳지않다.",옳지않다,1,,0,crd
763,"약속 시간마다 늦게 나타나는 친구에게 한마디 했더니, 오히려 내가 예민한 사람인 것처럼 몰아가 불쾌했다.",2291,관계 유지를 위해 서로의 약속에 대한 기준을 조율하려는 노력은 필요하지 않다.,agency,-1,"아니다, 필요하다.",필요하다,1,,0,crd
279,운동을 하는데 다른 사람이 내가 쓰고있던 기구를 갑자기 가로채서 당황했다,838,공공시설에서 운동 기구를 사용할 때는 먼저 사용 중인 사람이 있는지 확인하고 양해를 구할 필요 없다.,agency,-1,"아니다, 양해를 구해야 한다.",양해를 구해야 한다,1,,0,crd
282,"학교에서 축구를 하다가 공이 외곽으로 굴러갔는데, 근처에 있던 다른 사람이 더 먼곳으로 차버려서 화가 났다.",848,타인이 사용 중인 물건을 임의로 걷어차는 행위는 타인의 권익을 침해하고 불필요한 갈등을 유발할 수 있는 행위임을 인지하는 것이 옳다.,agency,1,"그렇다, 옳다.",옳다,1,,0,crd
250,회사에서 일회용기에 묻은 음식물을 깨끗하게 세척하고 버려야 되는데 닦기 번거로워서 고민했다.,750,공동체의 환경 보호를 위해 재활용품에 묻은 이물질을 깨끗이 제거하여 배출하는 등 정해진 분리배출 원칙을 성실히 이행하지 않아도 된다.,agency,-1,"아니다, 해야 한다.",해야 한다,1,,0,crd
144,"놀이터에서 아이 두 명이 다툰 걸 목격했는데, 해당 아이의 부모님들이 이야기하실 때 도움을 주지 못했다.",434,아이들 간의 다툼이 발생했을 때 부모는 감정적 대응을 피하고 사실 확인을 우선하는 것은 적절하지 않다.,agency,-1,"아니다, 적절하다.",적절하다,1,,0,crd
145,"회사 화장실 청소를 깨끗하게 되어 있었는데, 내 신발 때문에 더러워졌지만 내가 정리하지 않고 나왔다.",437,자신의 행동으로 발생한 불편을 방치하는 것은 적절하지 않다.,agency,1,"그렇다, 적절하지 않다.",적절하지 않다,1,,0,crd
208,회의 시간에 동료의 실수를 발견했지만 공개적으로 지적하면 분위기가 나빠질 것 같으면서도 회사에 피해가 일어날 수 있어서 말해야 할지 넘어가야 할지 고민이 들었다.,624,회사동료가 회의 중 한 실수를 공개적으로 지적하는 것은 좋은 방법이다,agency,-1,"아니다, 좋은 방법이 아니다.",좋은 방법이 아니다,1,,0,crd
509,"나와 상의도 없이 먼저 시댁 식구들과 약속을 잡은 후, 통보를 하는 남편때문에 매우 불쾌했다.",1528,결혼한 아들과 약속을 잡을때 며느리의 일정도 가능한지 함께 물어봐주는 것은 배려심있는 좋은 행동이다,agency,1,"그렇다, 좋은 행동이다.",좋은 행동이다,1,,0,crd
s-1325,아내의 전남친이 어떻게든 번호를 찾아내는 이유는?,f-737,"헤어진 연인이 집착할 경우, 문제를 회피하기보다는 불편한 마음을 전하고 상대방에 대한 거절의 의사를 단호히 밝혀야 한다.",agency,1,"그렇다, 그래야 한다.",그래야 한다,1,,0,kbsn
481,"커다란 여행용 캐리어를 앞에 두고 버스 노약자석에 앉아 있었는데, 어르신이 서 있는 것을 보고 자리를 비켜야 하는지 망설였다.",1445,노약자석의 취지를 알면서도 개인 편의를 이유로 양보를 미루는 행동은 바람직하지 않다.,agency,1,"그렇다, 바람직하지 않다.",바람직하지 않다,1,,0,crd
215,"친구가 일요일 아침에 자기 아는 사람 집 문을 고치는 걸 도와달라고 했는데, 그냥 쉬고 싶은 마음에 거절해도 될지 난처했다.",647,집 문을 고치는 일 등을 전문가에게 맡기는 것은 좋지 않다.,agency,-1,"아니다, 좋다 .",좋다 ,1,,0,crd
s-285,누나 남사친에게 당한 4억 사기로 밤낮 없이 일하는 남자,f-191,가족이 큰 금전 피해를 입었을 때 상황을 이해하고 정서적 지지를 제공하는 태도는 필요하지 않다.,agency,-1,"아니다, 필요하다.",필요하다,1,,0,kbsn
s-1057,놀러오는 지인들에게 ′너무′ 퍼주다 지친 남자🫠,f-607,친구의 반복되는 약속 제안은 거절해도 된다.,agency,1,"그렇다, 그래도 된다.",그래도 된다,1,,0,kbsn
s-546,15년간 지적장애 조카를 키우다가 이제 결혼하려는데 가족이 조카를 계속 키우래요...,f-460,가족 구성원 한 명에게 아픈 가족의 돌봄을 떠맡기는 것은 좋다. ,agency,-1,"아니다, 매우 나쁘다.",매우 나쁘다,1,,0,kbsn
734,"버스에서 자리가 없어 서 있는 어르신을 보았지만, 하루 종일 몸이 힘들어 자리를 양보하지 않았다.",2204,좌석이 필요한 상황에서는 주변에 도움을 요청하면 안 된다.,agency,-1,"아니다, 괜찮다.",괜찮다,1,,0,crd
44,"우리집 윗층에 사는 아기가 밤에도 너무 심하게 뛰어다녀서 힘들었던 와중에, 엘리베이터에서 윗집 사는 사람들을 만났으나 따로 미안하단 말도 없어서 기분이 안 좋았다.",134,공동주택에 거주하는 어린이는 늦은 시간 실내에서 소란을 피우지 않도록 주의할 필요 없다.,agency,-1,"아니다, 주의해야 한다.",주의해야 한다,1,,0,crd
251,삼촌이 취업을 아직도 못했냐고 물어봐서 기분이 나빴다.,754,가까운 가족이면 직설적으로 민감한 질문을 하는 것은 괜찮다.,agency,-1,"아니다, 좋지 않다.",좋지 않다,1,,0,crd
s-847,어린 동생까지 괴롭히는 엄마! 그럼에도 엄마와의 연락을 끊지 못한 이유는...,f-530,어릴 수록 부모의 따뜻한 손길이 필요하다.,agency,1,"그렇다, 필요하다.",필요하다,1,,0,kbsn
497,붕어빵을 사고 집으로 돌아오는 길에 붕어빵 하나가 더 들어있었는데 서비스인지 실수인지 모르겠으나 괜히 일 키우기 싫어 모른척 했다.,1493,물건을 판매 하다가 서비스를 제공한다고 해서 생색을 낼 필요는 없다.,agency,1,"그렇다, 그럴 필요는 없다.",그럴 필요는 없다,1,,0,crd
175,출근길 지하철에서 자리가 났을 때 어르신께 양보할지 잠시 앉을지 망설였다.,526,젊은 사람이 지하철 자리를 양보하지 않아도 괜찮다.,agency,-1,"아니다, 하는 것이 바람직하다 .",하는 것이 바람직하다 ,1,,0,crd
s-2140,임신한 아내를 두고 집 나간 남편이 보내온 이혼 서류장🤯,f-1312,임신한 아내를 떠나는 것은 옳지 않다.,agency,1,"그렇다, 옳지 않다.",옳지 않다,1,,0,kbsn
s-491,"친부의 계속되는 허위 사실 유포, 아들이 걱정되어 나서질 못하겠어요..",f-444,자신의 가족을 깎아내리는 것은 문제가 아니다.,agency,-1,"아니다, 문제이다 .",문제이다 ,1,,0,kbsn
582,"23평에서 33평으로 넓혀서 이사를 왔는데 시어머니, 집이 아담하다고 좋다고 하셔 기분이 썩 좋지 않았다.",1748,타인의 말로 감정이 상할때는 정중하게 대화 유도를 하는것이 좋다,agency,1,"그렇다, 좋다.",좋다,1,,0,crd
113,중요한 결정 과정에서 내 의견이 반복적으로 무시되어 당혹스럽고 답답했다.,340,"중요한 결정의 과정에서 구성원의 의견을 다 들은 후, 모두가 납득할만한 결론을 내리는 것은 좋지 않다.",agency,-1,"아니다, 좋다.",좋다,1,,0,crd
348,오늘 아침에 아들이 거실에서 안경을 밟아 안경이 찌그러졌는데 아들에게 순간 짜증을 부렸다,1045,부모님의 지적을 수용하는 것은 바람직하지 않다.,agency,-1,"아니다, 바람직하다.",바람직하다,1,,0,crd
676,회의 중 내가 발표할 때 동료가 내 경상도 사투리를 따라하며 주변 사람들의 웃음을 유도했다.,2028,회의 중 타인의 사투리나 말투를 흉내 내며 웃음을 유도하는 것은 괜찮다.,agency,-1,"아니다, 무례하다.",무례하다,1,,0,crd
s-442,부모님이 사기꾼에게 당해 집이 빚더미에 앉아 망가졌어요,f-398,사기를 친 피해자에게 사과하고 보상을 하지 않아도 된다.,agency,-1,"아니다, 해야 한다.",해야 한다,1,,0,kbsn
s-1676,디자이너를 꿈꾸는 치과의사🦷 워킹맘,f-981,다른 가족들은 워킹맘의 육아를 도와야 한다.,agency,1,"그렇다, 그래야 한다.",그래야 한다,1,,0,kbsn
713,약속에 늦은 친구가 “내가 MBTI가 P라서 시간을 지키기 힘들다”고 오히려 당당하게 말해 황당했다.,2140,친구와의 약속 시간은 잘 지키지 않아도 된다.,agency,-1,"아니다, 잘 지켜야 한다.",잘 지켜야 한다,1,,0,crd
111,온라인 토론에서 상대가 인신공격성 발언을 해 대화를 계속하기 어려웠다.,333,온라인 토론에서 자신의 의견과 달라서 상대방에게 인신공격성 발언을 하는 것은 괜찮다.,agency,-1,"아니다, 옳지 않다.",옳지 않다,1,,0,crd
632,"팀플에서 발표를 친구가 맡기로 했는데 준비를 안 해서, 점수 생각하면 내가 대신 하자는 말이 목까지 나왔지만 끝까지 믿고 맡기는게 맞는지 고민됐다.",1896,팀에서 맡은 역할에 대해서 일정과 준비를 책임감 있게 이행하는 것은 옳지 않다.,agency,-1,"아니다, 옳다.",옳다,1,,0,crd
456,"같은 대학의 잘 모르는 여자 학생과 대화하고 싶었지만, 주변 사람들이 나를 걱정하며 막아서 마음과 현실 사이에서 갈등과 답답함을 느꼈다.",1370,타인의 행동에 문제가 있다고 생각돼서 조언해주는 것은 옳지 않다.,agency,-1,"아니다, 옳다.",옳다,1,,0,crd
154,"업무 중 다른 사람의 업무를 내가 한 번 더 체크할 수 있었는데, 하지 않아서 다른 사람이 혼이 났다.",462,동료의 실수를 예방할수 있는 상황에서 이를 방관하거나 확인해주지 않아도 된다.,agency,-1,"아니다, 바람직하지 않다.",바람직하지 않다,1,,0,crd
237,"다른 부서와 협업하여 업무를 하는데, 각자 원하는 방향이 달라 조정이 어려워 난감했다.",712,회사에서 타부서와 협업을 할때 서로 다른 생각을 이해하는 것은 좋지 않다.,agency,-1,"아니다, 좋다.",좋다,1,,0,crd
s-1545,키 작은 남친과 헤어지라고 다른 남자 소개해 주는 부모님😮,f-843,다른 사람과 사귀고 있는 사람에게 구애하는 것은 바람직하지 않다.,agency,1,"그렇다, 바람직하지 않다.",바람직하지 않다,1,,0,kbsn
s-1553,"손님들과 합석해서 마시는 인싸 사장님, 한 달에 손해 금액이 300만 원?",f-857,가게 일을 돌보지 않고 손님들과 술을 마셔도 된다.,agency,-1,"아니다, 옳지 않다.",옳지 않다,1,,0,kbsn
344,아침에 출근해서 두세명이 사무실에서 정리하고 있는 중 상사가 출근하며 다들 힘없는 목소리로 인사를 했는데 상사는 언짢은 목소리로 다들 인사안하기로 했냐고 해서 다들 당황해 했다.,1033,부하직원을 상대할 때 예의를 지키는 것이 좋다.,agency,1,"그렇다, 좋다.",좋다,1,,0,crd
652,"오늘 신제품 출시 직전, 이윤 극대화를 위해 제품 결함을 숨길지 아니면 안전을 위해 출시를 연기할지 심각한 고민에 빠졌다.",1958,새로운 제품의 출시를 위해서는 충분하고 다양한 실험이 필요하다.,agency,1,"그렇다, 필요하다.",필요하다,1,,0,crd
s-1368,"마음에 드는 게 하나도 없는 딸의 남친, 갈라놓고 싶어요!",f-764,자녀가 선택한 결혼상대를 존중하고 인정해주어야 한다.,agency,1,"그렇다, 그래야 한다.",그래야 한다,1,,0,kbsn
208,회의 시간에 동료의 실수를 발견했지만 공개적으로 지적하면 분위기가 나빠질 것 같으면서도 회사에 피해가 일어날 수 있어서 말해야 할지 넘어가야 할지 고민이 들었다.,625,여럿이 모인 회의자리에서 실수를 했다면 솔직하게 자신의 실수를 인정하고 도움을 구하는 것이 현명하다,agency,1,"그렇다, 현명하다.",현명하다,1,,0,crd
540,"동일한 업무를 수행하고 있음에도 옆 팀의 성과가 낮아 우리 팀이 업무를 더 많이 맡게 되는 상황이 발생해, 팀원들에게 어떻게 더 노력해 달라고 말해야 할지 고민하고 있다.",1621,동일한 업무에서 성과를 지속적으로 낮게 내는 것은 좋은 행동이다.,agency,-1,"아니다, 좋지 않다.",좋지 않다,1,,0,crd
s-864,"학벌, 명예 따지는 부모님! 조건 안되는 남친이랑 헤어지래요ᅲᅲ",f-534,지나치게 학벌과 명예를 따지는 것은 좋다,agency,-1,"아니다, 좋지 않다.",좋지 않다,1,,0,kbsn
670,"학교 친구들이 서로 갈등이 생겨 싸우는데 중간에 낀 상황이 생겼다. 한쪽 친구의 편을 들지, 중재할지 고민하게 되어 난처했다.",2011,친구들의 갈등을 잘 들어보고 중재하는 것은 옳지 않다.,agency,-1,"아니다, 옳다.",옳다,1,,0,crd
s-1502,취미만 10개 이상?! 아내의 모든 취미를 함께한 남편의 고충😵,f-820,아내와 모든 취미를 함께하지 않아도 된다.,agency,1,"그렇다, 그래도 된다.",그래도 된다,1,,0,kbsn
s-1057,놀러오는 지인들에게 ′너무′ 퍼주다 지친 남자🫠,f-604,호의를 받았으면 말이나 행동으로 감사 표현을 하는 게 옳다.,agency,1,"그렇다, 옳다.",옳다,1,,0,kbsn
340,친구가 내 옷차림을 보며 “그렇게 입으면 살 더 쪄 보인다”고 말해 불쾌했다.,1022,친구 사이에서도 옷차림이나 외모에 대한 조언은 상대가 원할 때에만 조심스럽게 하는 것이 적절하다.,agency,1,"그렇다, 적절하다.",적절하다,1,,0,crd
s-446,"17살 연상 남편과 결혼, 극심한 엄마의 반대",f-401,부모의 반대가 있더라도 결혼을 할 수 있다.,agency,1,"그렇다, 그럴 수 있다.",그럴 수 있다,1,,0,kbsn
491,카페에서 옆 테이블 손님이 너무 큰 소리로 통화를 하길래 조금만 조용히 해달라고 부탁했다가 서로 기분이 상하는 일이 있었다,1474,목소리를 낮춰 통화해줄 것을 부탁하는 것이 좋다.,agency,1,"그렇다, 좋다.",좋다,1,,0,crd
69,"친구가 과제를 베껴 쓰게 해 달라고 부탁했을 때, 도와주지 않으면 미워할까 걱정되면서도 규칙을 어기는 일이라 허락하기 망설여졌던 순간이 있었다.",208,친한 사람의 잘못된 부탁을 들어 주지 않는 것은 좋지 않다.,agency,-1,"아니다, 들어주지 않는 것이 좋다.",들어주지 않는 것이 좋다,1,,0,crd
653,"학교에서 시험을 볼 때 높은 학점을 위해 옆자리 친구의 답안을 훔쳐볼지, 아니면 양심을 지키고 정직하게 시험을 마무리할지 내적 갈등에 휩싸였다.",1961,학생이 시험을 위해 성실하고 최선을 다해 공부하는 것은 옳지 않다.,agency,-1,"아니다, 옳다.",옳다,1,,0,crd
543,프로젝트가 조기 완료될 것 같은 상황이 되니 여직원들이 사무실 이곳저곳에 단체로 몰려다니며 자리를 비우는 일이 잦아 난처했다,1629,근무 시간에는 맡은 업무를 우선하는 것이 좋다.,agency,1,"그렇다, 좋다.",좋다,1,,0,crd
s-1079,연애 11년 + 결혼 6년 차 부부! 시도 때도 없이 스킨십 하려는 남편 때문에 미치겠어요🤣,f-635,불편함을 느끼면서도 계속 받아들이는 것은 바람직하다.,agency,-1,"아니다, 바람직하지 않다.",바람직하지 않다,1,,0,kbsn
2,친구가 다른 친구 연락은 읽고 내 연락은 보란듯이 씹어서 불쾌했다.,8,타인 간의 관계에 대해 함부로 판단해도 된다.,agency,-1,"아니다, 하면 안 된다.",하면 안 된다,1,,0,crd
s-25,폭언부터 교수님의 성형 제안까지... 사연자가 성형에 빠지게 된 이유,f-10,타인에게 폭언을 해도 된다.,agency,-1,"아니다, 하면 안 된다.",하면 안 된다,1,,0,kbsn
500,"집에 오는 동생이 어느 방에서 자냐고 물어봤는데 아빠가 ""그럼 어디에서 자"" 이렇게 말해서 시비거는 것 같아 속상했다.",1502,대화할 때 상대방의 기분이 상하지 않는 말투로 말하는 것이 좋다.,agency,1,"그렇다, 좋다.",좋다,1,,0,crd
s-2197,"희귀 질환 ′모야모야병′ 있는 중학생 딸, 걱정을 놓을 수 없는 엄마의 고민",f-1326,부모가 자식의 건강을 우려하는 것은 바람직하지 않다.,agency,-1,"아니다, 바람직하다.",바람직하다,1,,0,kbsn
251,삼촌이 취업을 아직도 못했냐고 물어봐서 기분이 나빴다.,755,"가까운 가족이라 하더라도 질문을 할 때 본인이 약점이나, 숨기고 싶은 내용이 아닌지 먼저 생각해 보는 것이 바람직하다.",agency,1,"그렇다, 바람직하다.",바람직하다,1,,0,crd
799,수영 강습 첫날 기존 회원들이 수영 강사의 생일이라며 생일선물 비용을 일방적으로 내라고 해서 기분이 안좋았다.,2399,공동체에서 비용을 제안할 때는 참여 여부를 자율적으로 선택할 수 있도록 사전에 충분히 설명하고 동의를 구하는 것이 옳다.,agency,1,"그렇다, 옳다.",옳다,1,,0,crd
s-1327,"일주일 만에 순삭 한 680만 원😱 전남친에게 핸드폰, 컴퓨터 선물한 고1",f-739,"헤어진 연인이 지나친 고액의 선물을 줄 경우, 거절하지 않아도 된다.",agency,-1,"아니다, 거절해야 한다.",거절해야 한다,1,,0,kbsn
243,"좋아하는 마음을 전하는 것이 옳은지, 상대를 배려해 숨기는 것이 맞는지 고민했다.",730,상대에게 좋아하는 마음을 전할 때 즉각적으로 반응을 요구하는 것은 바람직하다.,agency,-1,"아니다, 하지 않아야 한다.",하지 않아야 한다,1,,0,crd
s-2271,친구들의 장난 때문에 헤어진 전 남친ᅲᅲ 재회하고 싶어요!,f-1346,충돌하는 상황에서도 연인을 이해하려고 노력하는 것이 중요하다.,agency,1,"그렇다, 중요하다.",중요하다,1,,0,kbsn
180,주차장에서 다른 운전자가 내 차를 막아놓고 연락이 없어 분노했다.,542,공공장소에서는 서로의 권리와 편의를 존중하여 갈등 상황이 발생하지 않도록 배려하는 행동이 필요하다.,agency,1,"그렇다, 필요하다.",필요하다,1,,0,crd
s-285,누나 남사친에게 당한 4억 사기로 밤낮 없이 일하는 남자,f-198,가해자에게 정당한 법적 처벌과 손해배상을 요구하는 것은 당연한 권리가 아니다.,agency,-1,"아니다, 당연한 권리이다.",당연한 권리이다,1,,0,kbsn
350,운전 중 적색 신호에 걸려 신호 대기 중인 상태인데 뒷 차가 경적을 울리더니 신호가 바뀐 뒤 내차의 앞에 끼어들기를 하고 저속주행을 하면 진로를 방해했다.,1050,운전 중 시비거는 상대를 만나더라도 같이 시비를 거는 것은 좋지 않다.,agency,1,"그렇다, 좋지 않다.",좋지 않다,1,,0,crd
429,약속을 반복해서 어기는 친구의 태도 때문에 관계를 어떻게 유지해야 할지 고민했다.,1289,친구와의 약속을 지키지 못할 경우에는 미리 말하는 것이 좋다.,agency,1,"그렇다, 좋다.",좋다,1,,0,crd
661,카페에 도착했는데 텀블러를 들고나오지 않는 바람에 귀찮아서 일회용 컵으로 커피를 마셨지만 마음이 불편했었다.,1984,개인 컵 사용이 가능한 상황이더라도 텀블러를 준비해 이용하는 것은 바람직하지 않다.,agency,-1,"아니다, 바람직하다.",바람직하다,1,,0,crd
670,"학교 친구들이 서로 갈등이 생겨 싸우는데 중간에 낀 상황이 생겼다. 한쪽 친구의 편을 들지, 중재할지 고민하게 되어 난처했다.",2010,양쪽 친구들의 말을 듣고 판단하는 것은 좋지 않다.,agency,-1,"아니다, 좋다.",좋다,1,,0,crd
s-491,"친부의 계속되는 허위 사실 유포, 아들이 걱정되어 나서질 못하겠어요..",f-445,자식은 부모의 마음을 이해하려고 해서는 안 된다.,agency,-1,"아니다, 해야 한다.",해야 한다,1,,0,kbsn
249,"친구와 해외여행을 가서, 짝퉁 시장에서 짝퉁을 구매하였는데 친구가 짝퉁을 왜 사는 지 모르겠다라고 했다.",747,해외에서 물품을 구매할 때는 신중하게 판단하는 것이 적절하다.,agency,1,"그렇다, 적절하다.",적절하다,1,,0,crd
753,"임산부인 내가 지하철 임산부석에 앉아 있는 남성에게 한 마디 해주고 싶었지만, 결국 아무 말도 하지 못한 채 내내 서서 왔다.",2261,지하철 임산부석은 임산부가 앉을 수 있게 자리를 양보해야 한다.,agency,1,"그렇다, 그래야 한다.",그래야 한다,1,,0,crd
s-442,부모님이 사기꾼에게 당해 집이 빚더미에 앉아 망가졌어요,f-397,타인에게 사기를 치더라도 괜찮다.,agency,-1,"아니다, 옳지 않다.",옳지 않다,1,,0,kbsn
s-2133,동생에게 어머니 간 이식을 부탁해도 될까요?,f-1296,장기 이식을 요구할 상대의 신체 결정권을 존중하는 것은 당연하다.,agency,1,"그렇다, 당연하다.",당연하다,1,,0,kbsn
s-736,반대 무릅쓰고 결혼했는데... 장모님과의 갈등 이후 이혼 요구하는 아내!,f-508,사위와 갈등이 생기는 것은 좋지 않다.,agency,1,"그렇다, 좋지 않다.",좋지 않다,1,,0,kbsn
s-324,"코인 투자로 일주일 만에 1,300만 원 날린 여자",f-272,300만 원을 잃은 여자를 격려하는 것이 옳다.,agency,1,"그렇다, 옳다.",옳다,1,,0,kbsn
471,"직장에서 동료가 커피 믹스를 집에 가져가는 것을 보고 당황했지만 나도 따라 한 뒤, 회사 비품을 가져온 것이 옳았는지 고민하게 되었다.",1413,업무를 위해 제공된 회사 비품을 개인적으로 사용하기위해 집에가져가는것은 옳지않다,agency,1,"그렇다, 옳지 않다.",옳지 않다,1,,0,crd
537,이중주차를 한 차량이 사이드 브레이크를 채워 놓고 주차하여 차를 빼달라고 전화를 하였으나 차주가 지금 바쁘다고 하면서 30분 후에 나타나서는 미안하다고 말도 하지 않아 화가 났다.,1612,나의 행동으로 상대방의 시간을 낭비하게 했다면 사과를 해야 한다.,agency,1,"그렇다, 그래야 한다.",그래야 한다,1,,0,crd
77,길을 걸어가는데 내 앞에 걸어가는 사람이 지갑을 떨어트렸는데 모르길래 떨어트렸다고 말을 해줘야하나 고민되었다.,233,"사회 구성원 간에 예기치 못한 문제가 발생했을 때 서로 돕고 배려하며, 베풀어준 선의에 대해 적절한 반응을 보이는 것은 건강한 공동체 유지를 위해 필요하지 않다.",agency,-1,"아니다, 필요하다.",필요하다,1,,0,crd
680,할머니가 아끼시던 그릇을 내가 깨뜨렸었는데 내 동생이 깼다고 오해하셔서 동생에게 화를 내시는 걸 보고도 선뜻 나서서 내가 했다고 얘기하지 못 했다.,2042,오해를 받는 상황에서 침착하게 사실을 말하는 것은 바람직하지 않다.,agency,-1,"아니다, 바람직하다.",바람직하다,1,,0,crd
757,대학병원 교수의 진료 시간에 질문을 하자 교수가 무시하듯 상처가 되는 말을 하는 바람에 기분이 나빴다.,2272,진료 과정에서 궁금한 점이나 불안을 느낄 경우에는 질문을 통해 이해를 구해도 괜찮다.,agency,1,"그렇다, 그래도 괜찮다.",그래도 괜찮다,1,,0,crd
428,친구와 여행 계획을 세우는 과정에서 비용 부담에 대한 생각이 달라 말다툼이 생겼다.,1286,다른 사람과 의견이 달라 논쟁이 있을때에는 공정한 협의를 통해 관계를 해치치 않는 것이 좋다.,agency,1,"그렇다, 좋다.",좋다,1,,0,crd
325,"조카와 지하철을 환승하면서 어른을 공경해야 한다고 말했지만, 횐승 방향을 물어보는 할머니를 모른 체하고 지나갔다.",976,좋은 조언을 받아들이는 것은 바람직하다.,agency,1,"그렇다, 바람직하다.",바람직하다,1,,0,crd
29,회의 중에 상사가 공개적으로 나를 질책해서 속상했다.,88,회사에서는 회의 준비를 철저하게 해야 한다.,agency,1,"그렇다, 그래야 한다.",그래야 한다,1,,0,crd
s-490,‘제 아들이 가수거든요..’ 전 남편이 허위 사실 유포하며 아들의 앞길을 막고 있어요..,f-423,부모는 자식을 보호하고 잘 성장시키지 않아도 된다.,agency,-1,"아니다, 잘 성장시켜야 한다 .",잘 성장시켜야 한다 ,1,,0,kbsn
442,다같이 쉬고 있는 공원에서 지나친 애정 행각을 하는 젊은 사람들이 있어서 눈살을 찌푸렸다.,1327,눈살을 찌푸리는 행동에 상대방에게 바로 화를 내어도 된다.,agency,-1,"아니다, 안된다.",안된다,1,,0,crd
376,차안에서 내가 좋아하는 음악을 틀었는데 옆사람이 “음악이 너무 쳐져”라고 해서 기분이 좋지 않았다.,1130,공동 공간에서 음악을 틀 때는 다른 사람의 의견을 묻고 조율하는 것은 바람직하지 않다.,agency,-1,"아니다, 바람직하다.",바람직하다,1,,0,crd
539,"근무 시간에 일부 직원들이 단체로 라운지에 앉아 있거나 마사지 기계를 장시간 이용하면서 근무 분위기가 해이해지는 것 같아, 이를 어떻게 이야기해야 할지 고민하고 있다.",1619,근무시간내에 근무에 집중하는 것은 옳지 않다.,agency,-1,"아니다, 옳다.",옳다,1,,0,crd
460,어제 저녁 집에서 나는 자녀가 취업 이야기로 힘들어 보여 잔소리를 할지 그냥 모른 척 할지 망설였다.,1382,자녀와 진로 문제에 관해 대화할 때는 조언보다 경청을 우선하는 것이 바람직하다.,agency,1,"그렇다, 바람직하다.",바람직하다,1,,0,crd
213,동네 카페에서 노트북으로 작업을 하던 중 옆 사람이 자리에서 일어서다가 음료를 쳐서 키보드가 젖어 전원이 꺼졌다.,639,자신의 부주의로 타인의 물건에 피해를 준 경우 책임 있는 태도로 대응하지 않아도 된다.,agency,-1,"아니다, 해야 한다.",해야 한다,1,,0,crd
s-1743,여자친구가 딩크를 결심한 이유를 듣고 운 남자친구,f-1055,가치관이 맞지 않는 여자와 헤어지면 안 된다.,agency,-1,"아니다, 헤어져도 된다.",헤어져도 된다,1,,0,kbsn
s-200,아내 바로 옆에서 아내 절친이랑 수위 높은 스킨쉽 가진 남편,f-87,친구 남편이 매력적이었더라도 정말 절친이라면 유혹을 물리치고 자제했어야 했다.,agency,1,"그렇다, 그래야 했다.",그래야 했다,1,,0,kbsn
321,지인들과 장애인 학교를 반대하는 주민들에 관한 뉴스를 보다 내가 '사람들이 참 이기적이다'라고 말하자 한 지인이 '넌 집이 없으니까'라고 말해 당혹스러웠다.,965,친구에게 직설적으로 말을 했을 때 중재하는 것은 옳지 않다.,agency,-1,"아니다, 옳다.",옳다,1,,0,crd
s-895,부부가 가져온 또다른 고민! 재혼 가정에서 어린 딸과 잘 지낼 수 있을까요?,f-555,재혼한 가정에 어린 자녀가 있다면 자녀가 상처 받지 않도록 조심하는 것은 옳지 않다.,agency,-1,"아니다, 옳다.",옳다,1,,0,kbsn
558,"핸드폰 케이스를 빨간색으로 바꿨더니, 친구가 너는 2찍이니?라고 물어봐서 당혹스러웠다.",1675,개인의 물건이나 취향을 정치적 성향과 연결지어 질문하는 것은 적절하다.,agency,-1,"아니다, 적절하지 않다.",적절하지 않다,1,,0,crd
86,"신입사원이 자신의 업무에 어려움을 겪고 있는 모습을 보았으나, 내 업무가 너무 바빠서 도와주지 않았다.",259,업무 수행에 어려움이 있을 경우 혼자 감당하려 하기보다 주변에 도움을 요청하는 것이 필요하다.,agency,1,"그렇다, 필요하다.",필요하다,1,,0,crd
s-1627,라방이 이어 준 25살 차이 부부💝 둘째 낳자는 27살 아내?😳,f-912,국가에서 출산 관련 정책을 고려해볼 필요는 없다.,agency,-1,"아니다, 해보는 것이 좋다 .",해보는 것이 좋다 ,1,,0,kbsn
s-1486,생후 23일 만에 떠난 엄마를 찾기 위한 고민녀의 노력,f-815,부모는 최선을 다해 자녀를 양육하지 않아도 된다.,agency,-1,"아니다, 해야 한다.",해야 한다,1,,0,kbsn
545,"조별 과제 중 팀원이 마감 기한을 지키지 못했을 때, 팀원의 사정을 고려해 비밀로 해줘야 할지 아니면 원칙대로 감점을 요청해야 할지 판단하기 어려워 갈등했습니다.",1637,협력 과제에서 개인의 사정을 공감하되 전체 구성원에게 공정한 기준이 유지되도록 책임과 원칙을 함께 고려하는 태도는 필요하지 않다.,agency,-1,"아니다, 필요하다.",필요하다,1,,0,crd
s-318,아버지를 차로 치고 달아난 사기꾼... 단지 좋아했을 뿐인데 억울해요,f-270,사람들에게 금전적인 사기를 치는 것은 옳은 행동이다.,agency,-1,"아니다, 옳지 않은 행동이다.",옳지 않은 행동이다,1,,0,kbsn
149,"회사 입사 후, 전임자가 제대로 정리한 파일이 없어서 업무를 하는데 계속 힘들었다.",448,업무를 원활히 수행하기 위해 적극적으로 소통하지 않아도 괜찮다.,agency,-1,"아니다, 소통하는 것이 바람직하다 .",소통하는 것이 바람직하다 ,1,,0,crd
33,"카페에서 일하다 식기류가 너무 무거워 한 번 쾅 내려놨는데, 어르신 손님들이 단체로 소리를 지르고 욕하며 눈치를 줌. 손녀뻘인 직원이 고생하며 치우고 있으면 조금은 이해해 줘야함",99,카페같은 다중 이용시설에서는 손님에게 불쾌감을 주는 행동을 했을 때 즉시 사과를 하지 않아도 된다.,agency,-1,"아니다, 하는 것이 좋다.",하는 것이 좋다,1,,0,crd
68,스타일 변신을 위해 머리를 기르고 있었는데 주변에서 남자는 머리 기르는거 아니라고 해서 어처구니가 없었다.,205,가까운 사람들의 충고를 귀담아 듣는 것이 바람직하다.,agency,1,"그렇다, 바람직하다.",바람직하다,1,,0,crd
606,부모님과 함께 일본으로 여행을 갔지만 장소랑 음식에 대해서 부모님이 불평하셔서 여행 내내 기분이 상했다.,1820,타인과 동행하는 여행에서는 장소와 음식을 만족하지 못하더라도 계획에 따라야한다.,agency,1,"그렇다, 그래야 한다.",그래야 한다,1,,0,crd
419,"회사 상사가 업무 시간 중에 개인적인 이유로 자리를 비운 상태에서 소장님이 찾을 때 솔직하게 말을 해야 할 지, 거짓말로 둘러댈 지 딜레마에 빠진 적이 있다",1259,조직 내 상황을 확인할 때 개인을 압박하기보다 사실관계를 차분히 파악하려는 태도는 필요하지 않다.,agency,-1,"아니다, 필요하다.",필요하다,1,,0,crd
183,식당에서 식사를 마친 뒤 계산하면서 영수증에 내가 먹은 메뉴 하나가 빠진 것을 발견해 말할지 말지 고민하다가 결국 솔직하게 직원에게 이야기했다,551,식당에서는 내가 먹은 음식의 값을 정확하게 계산하는 것이 옳다.,agency,1,"그렇다, 옳다.",옳다,1,,0,crd
s-1109,"모든 걸 알고 있는 무속인 엄마, 남친 성을 맞춘다니까요!?",f-666,타인의 발언을 그대로 수용하는 행동은 바람직하지 않다.,agency,1,"그렇다, 바람직하지 않다.",바람직하지 않다,1,,0,kbsn
52,"지인이랑 얼마 전 같이 식사하는데 건너편 테이블의 아이가 자꾸 소리를 질러 쳐다봤더니, 아이의 부모가 '뭘 봐요?'라고 해서 기분이 나빴다.",157,공공장소에서 큰 소리를 지르는 아이를 누군가 쳐다볼 때 먼저 사과하는 것은 맞지 않다.,agency,-1,"아니다, 하는 것이 맞다.",하는 것이 맞다,1,,0,crd
353,오늘 산책길에서 운동을 하던 두 사람이 서로 기구를 쓰겠다고 싸움이 났다.,1060,싸움이 난 것을 목격하면 싸움이 더 커지기 전에 중재하는 것이 좋다.,agency,1,"그렇다, 좋다.",좋다,1,,0,crd
737,"회식 자리에서 가볍게 건강 이야기를 했는데, 한 동료가 “그 나이면 이제 관리 안 하면 안 되죠”라고 말해 순간 당황했다.",2211,동료와 대화 중 갈등 상황이 생겨도 대화로 해결하는 것이 좋다.,agency,1,"그렇다, 좋다.",좋다,1,,0,crd
39,"친구의 앞니에 틴트가 잔뜩 묻어있지만, 혹시 민망해할까봐 그녀가 자연스럽게 깨달을 때까지 따로 이야기해주지 않았다.",119,친구의 배려를 깨달았을 때에 고마움을 표현하는 것이 좋다.,agency,1,"그렇다, 좋다.",좋다,1,,0,crd
s-1896,농사만 짓고 가족은 뒷전인 아빠랑 멀리 살고 싶어요ᅮᅮ,f-1168,가족과의 시간을 보내지 않는 것은 옳지 않다.,agency,1,"그렇다, 옳지 않다.",옳지 않다,1,,0,kbsn
772,"외벌이 하는 배우자가 회식이 있어서 늦게 집에 돌아와서 나와 다툼이 생겼을 때 ""그럼 니가 돈 벌어 오던가""라고 말해서 속상했다.",2318,피곤한 상황에서 다툼을 피하는 것은 좋지 않다.,agency,-1,"아니다, 좋다.",좋다,1,,0,crd
s-195,절친과 바람난 남편... 꾹 참아줬더니 돌아온 남편의 황당한 요구,f-84,보편적 가치를 위반하는 요구는 들어주지 않는다.,agency,1,"그렇다, 그래야 한다.",그래야 한다,1,,0,kbsn
479,지인이 SNS에 사실보다 과장된 이야기를 올린 것을 봤지만 괜히 상처를 줄까 봐 모른 척한 선택이 맞았는지 고민했다.,1437,SNS에 내용을 게시할 때는 사실에 근거해서 올리는 것이 적절하다.,agency,1,"그렇다, 적절하다.",적절하다,1,,0,crd
s-2335,돈 때문에 20년 만에 나타난 친부모..? 기댈 곳 없는 소녀의 안타까운 이야기,f-1364,생계와 가정을 유지하기 위해서는 안정적인 경제활동을 해야 한다.,agency,1,"그렇다, 그래야 한다.",그래야 한다,1,,0,kbsn
263,초록불에 횡단보도를 건너고 있는데 차가 바로 앞을 지나가서 화가 났다.,789,초록불에 횡단보도를 건너는 것은 옳다.,agency,1,"그렇다, 옳다.",옳다,1,,0,crd
s-374,사람을 너무 믿어 억 단위로 연예인에게 사기당한 트레이너,f-345,타인을 너무 믿지 않도록 경계하는 것은 필요하지 않다.,agency,-1,"아니다, 해야 한다.",해야 한다,1,,0,kbsn
102,단체 채팅방에서 농담을 던졌는데 누군가 불편해하지 않았을지 계속 신경 쓰였다.,307,채팅방에서 농담을 할때 불편한 사람이 있을 경우 중단하거나 사과하는 태도를 가지는것이 중요하다.,agency,1,"그렇다, 중요하다.",중요하다,1,,0,crd
427,공식적인 규정과 실제 업무 관행이 달라 어느 기준을 따라야 할지 혼란스러웠다.,1282,부하직원이 업무에 혼란을 겪을 때는 가이드라인을 제시하지 않아도 된다.,agency,-1,"아니다, 해야 한다.",해야 한다,1,,0,crd
149,"회사 입사 후, 전임자가 제대로 정리한 파일이 없어서 업무를 하는데 계속 힘들었다.",449,협업에서 자료를 체계적으로 정리하는 것은 바람직하지 않다.,agency,-1,"아니다, 바람직하다.",바람직하다,1,,0,crd
561,"회사 근처 횡단보도에서 보행자 신호가 빨간불로 바뀌기 직전 아이가 뛰어가려는 걸 봤는데, 괜히 오해받을까 봐 말리지 못해 그냥 지나친 것이 마음에 걸렸다.",1683,어린이가 교통 신호를 지키며 안전하게 도로를 이용하는 것은 바람직하지 않다.,agency,-1,"아니다, 바람직하다.",바람직하다,1,,0,crd
347,강변을 따라 런닝을 하고 있는데 견주가 커다란 개를 입마개도 하지 않은 채로 산책을 하고 있어 무섭기도하고 당혹스러웠다.,1042,불안함을 이유로 즉각적인 비난이나 충돌을 유발하는 것은 바람직하지 않다.,agency,1,"그렇다, 바람직하지 않다.",바람직하지 않다,1,,0,crd
308,배우자에게 육아휴직 하고 있으니 아이에게 집중해야 하지 않냐고 말했으나 배우자가 화를 내 당황했다.,926,아이는 육아휴직 중인 부모님에게 자신에게 집중해 달라고 요청할 수 있다,agency,1,"그렇다, 그럴 수 있다.",그럴 수 있다,1,,0,crd
s-189,데이트 앱으로 만난 전남친의 아이... 이제라도 양육비 받고 싶어요,f-82,자신의 친부에게 부양권을 행사해줄 것을 요구할 권리가 있다.,agency,1,"그렇다, 그럴 권리가 있다.",그럴 권리가 있다,1,,0,kbsn
s-253,한 사람과 두 번의 이혼 후 양육비를 위해 아이들과 노숙까지 했어요,f-241,배우자와 이혼했다면 자녀에게 양육비를 지급하지 않아도 된다.,agency,-1,"아니다, 해야 한다.",해야 한다,1,,0,kbsn
733,"엘리베이터에서 무거운 짐을 든 어르신을 봤지만, 내가 늦을 것 같아 도와드리지 않고 내렸다.",2201,도움이 필요할 경우에 주변 사람들에게 도움을 요청하는 것은 바람직하지 않다.,agency,-1,"아니다, 바람직하다.",바람직하다,1,,0,crd
331,버스에서 발을 밟혔는데 아무런 사과를 듣지 못해 불쾌하였다.,995,사람이 많은 버스 안에서는 서로 불편하지 않도록 주의를 기울일 필요 없다.,agency,-1,"아니다, 기울여야 한다.",기울여야 한다,1,,0,crd
s-202,친구 아들 데리고 캐나다 이민 가고 싶다는 사연자,f-88,친구를 본인 가족 일에 참여하게 하는 것은 바람직하다.,agency,-1,"아니다, 바람직하지 않다.",바람직하지 않다,1,,0,kbsn
701,사람이 많지 않은 장소에서 뒤에서 걸어오던 사람이 일부러 어깨를 치고 지나가서 매우 불쾌했다.,2105,공공장소에서 타인의 신체적 공간을 존중하며 행동하는 것은 중요하지 않다.,agency,-1,"아니다, 중요하다.",중요하다,1,,0,crd
120,학창시절에 친구가 컨닝하는 모습을 보았는데 사실대로 선생님께 말씀드려야 하는지 고민했다.,361,부정행위를 목격했을 때 정직하게 알리는 것은 바람직하지 않다.,agency,-1,"아니다, 바람직하다.",바람직하다,1,,0,crd
81,친구가 소개해준 식당이 맛이 없었는데 솔직하게 말해야 할지 기분이 상할까봐 좋았다고 해야 할지 고민했다,245,상대의 제안에 대하여 동의하지 않는 부분이 있다면 해당부분을 솔직히 전달하는 것은 향후 관계 유지를 위해서라도 필요하다.,agency,1,"그렇다, 필요하다.",필요하다,1,,0,crd
773,"아이가 어렸을 때 발화가 빠르지 않았는데, 그 모습을 보던 시어머니가 ""우리 아들은 어릴 때부터 뭐든 빨랐는데, 누굴 닮았는지""라고 말해서 기분이 좋지 않았다.",2321,"가족 간의 대화 중 자녀의 성장 과정에 대해 부적절한 비교가 이어질 경우, 감정적으로 대응하기보다 정중하게 거부 의사를 밝히는 것이 적절하다.",agency,1,"그렇다, 적절하다.",적절하다,1,,0,crd
s-1817,코로나로 불가능한 사적 모임😭 아빠의 칠순만큼은 챙겨주고 싶은 외동딸의 고민,f-1122,"경조사도 중요하지만, 공동체의 안전을 위한 국가적 지침을 지키는 것이 바람직하다.",agency,1,"그렇다, 바람직하다.",바람직하다,1,,0,kbsn
89,"업무가 과도하게 많아서 조금 나눠서 하자고 의견을 내었는데, 모두가 다 똑같다는 식의 대답이 돌아와서 언성이 높이며 다투었다.",267,자신이 맡은 일은 성실히 임하는 것이 좋다,agency,1,"그렇다, 좋다.",좋다,1,,0,crd
427,공식적인 규정과 실제 업무 관행이 달라 어느 기준을 따라야 할지 혼란스러웠다.,1281,공식적인 규정과 업무 관행이 다를 때는 상사와 의논하는 것은 옳지 않다.,agency,-1,"아니다, 옳다.",옳다,1,,0,crd
43,"내 가게에서 일하는 알바생이 근무 시간에 대놓고 핸드폰으로 드라마를 시청해서 주의를 주었으나, 그럼에도 불구하고 알바생이 계속 핸드폰을 이용하여 기분이 안 좋았다.",130,아르바이트 근무 시간 중에는 업무 외 딴 짓을 해도 된다.,agency,-1,"아니다, 해선 안 된다.",해선 안 된다,1,,0,crd
s-1506,극과 극 직원들 눈치 보느라🙄 새우등 터지는 대표님,f-821,타인이 고민을 토로하면 경청하는 것이 좋다.,agency,1,"그렇다, 좋다.",좋다,1,,0,kbsn
92,"친구들과 함께 이야기하는 채팅방에서 불편한 이야기가 나오는데, 지적하면 분위기를 망칠까 봐 하지 않았다.",276,불편한 대화가 이어질 때에는 자신의 의견이나 불편함을 적절한 방식으로 표현하는 것이 바람직하다.,agency,1,"그렇다, 바람직하다.",바람직하다,1,,0,crd
678,커피숍에서 아주머니 두명이 너무 시끄럽게 해서 정신이 없었다.,2036,여러 사람이 함께 사용하는 공간에서는 이야기 할 때는 타인에게 피해를 주지 않게 이야기를 할 필요는 없다.,agency,-1,"아니다, 해야 한다.",해야 한다,1,,0,crd
640,카페에서 공부하던 중 옆자리 사람이 너무 큰 소리로 통화해서 집중을 위해 말할지 괜히 불편한 상황을 만들지 고민했다.,1921,카페와 같은 공용 공간에서는 통화 시 목소리를 낮추거나 자리를 이동하는 것은 옳지 않다.,agency,-1,"아니다, 옳다.",옳다,1,,0,crd
s-258,이혼 후에도 부부관계를 요구하는 전 남편 때문에 아이가 세 명이에요,f-216,아이들이 부모 간의 부적절한 관계나 갈등의 영향을 직접 받지 않도록 보호자가 안정적인 양육 환경을 마련해야 하는 것은 아니다.,agency,-1,"아니다, 해야 한다.",해야 한다,1,,0,kbsn
s-1688,여사친 못 잃어ᅮᅮ 친구 사이 멀어질까 연애는 안 하는 23살,f-1010,가까운 사람이라면 조언을 해주면 안 된다.,agency,-1,"아니다, 해줘야 한다.",해줘야 한다,1,,0,kbsn
594,주말 아침부터 직장 상사에게 전화가 와서 업무와 상관 없는 일을 맡기고 오전 중에 처리해 달라고 했다.,1783,직장 내에서는 상호 간의 예의를 지키기 위해 공과 사를 명확히 구분하여 행동하는 것이 바람직하다.,agency,1,"그렇다, 바람직하다.",바람직하다,1,,0,crd
148,회사에서 내 업무가 아닌데 모두 나에게 요청해서 힘들었다.,446,자신의 업무는 스스로 해야 한다.,agency,1,"그렇다, 그래야 한다.",그래야 한다,1,,0,crd
200,"다리를 다쳐 깁스를 한 채로 버스 안 노약자 보호석에 앉아 가고 있었는데, 좌석이 없어서 서 계시는 할머니와 눈이 마주쳤다.",600,대중교통의 노약자 보호석은 노인이나 임산부뿐 아니라 부상 등으로 이동이 어려운 사람도 상황에 따라 이용하는 것이 허용되지 않는다.,agency,-1,"아니다, 허용된다.",허용된다,1,,0,crd
516,운전을 하다 신호등 앞에서 멈췄는데 뒤 차가 계속 빵빵거려서 보행신호임에도 갔는데 그게 자꾸 마음에 걸려 고민이 되었다.,1548,다른 운전자의 압박이나 재촉 때문이라면 교통 법규를 어겨도 된다.,agency,-1,"아니다, 안 된다.",안 된다,1,,0,crd
286,"다른 사람과의 식사 자리에서, 탕수육을 먹는데 소스에 더블디핑을 해서 매우 당황스러웠다.",860,식사를 할 때 타인의 취향을 미리 물어보고 식사를 하는 것은 좋지 않다.,agency,-1,"아니다, 좋다.",좋다,1,,0,crd
s-343,"아버지가 사기꾼의 편을 드는 상황, 올케는 아버지까지 같이 고소하겠대요",f-289,가해자의 친족은 피해자에게 사과해야 한다.,agency,1,"그렇다, 그래야 한다.",그래야 한다,1,,0,kbsn
113,중요한 결정 과정에서 내 의견이 반복적으로 무시되어 당혹스럽고 답답했다.,339,"중요한 결정을 내릴 때 내 의견이 무시당한다고 느낀다고 해서, 상대방에게 내 의견을 정확하게 전달하는 것은 좋지 않다.",agency,-1,"아니다, 좋다.",좋다,1,,0,crd
s-217,고1때부터 제게 여친보다 더 집착하는 절친 ᅲ 어떻게 하면 좋을까요?,f-135,절친한 친구에게 집착으로 느껴질 정도로 행동해도 괜찮다.,agency,-1,"아니다, 옳지 않다.",옳지 않다,1,,0,kbsn
517,지하철에서 남녀가 싸우는데 괜히 둘 사이에 끼어드는것 같아 무시했는데 싸움을 말렸어야 했는지 자꾸 신경쓰이고 걱정이 됐다.,1553,공공장소에서 타인에게 위협이나 불쾌감을 줄 수 있는 격한 다툼을 벌이는 것은 올바르지 않다.,agency,1,"그렇다, 올바르지 않다.",올바르지 않다,1,,0,crd
s-877,"이라크 남친은 안된다는 엄마...🙅 ""우리 그냥 사랑하게 해주세요""",f-541,다른 인종과 교제를 할 땐 반대가 있을 수 있음을 받아들일 필요 없다,agency,-1,"아니다, 받아들여야 한다.",받아들여야 한다,1,,0,kbsn
307,"직장 동료가 기독교였는데, 계속 같이 교회를 가기를 권해서 가고 싶지 않다고 말했더니 그것에 대해서 불편한 감정을 가지고 서로 소원해진 상황이 있었다.",921,종교를 강제로 권유하는 것은 옳지 않다.,agency,1,"그렇다, 옳지 않다.",옳지 않다,1,,0,crd
687,집에서 자고 있던 중 앞집에서 층간 소음으로 다툼이 벌어졌지만 선뜻 나가서 말리지 못했다.,2063,이웃과의 작은 소음에 대해서는 이해심을 갖는 것이 좋다.,agency,1,"그렇다, 좋다.",좋다,1,,0,crd
412,"아침 출근시간에 늦을까봐 엘리베이터를 먼저 타고 갈지, 무거운 짐을 든 이웃을 기다릴지 고민했다.",1238,다른 사람이 엘리베이터를 탈 때까지 열림 버튼을 눌러주는 것이 기본적인 예의이다.,agency,1,"그렇다, 기본적인 예의이다.",기본적인 예의이다,1,,0,crd
770,"야근한 남편을 위해서 진수성찬을 차려놓는다는 친구의 말을 듣고, 나도 그렇게 해줘야 하는지 아니면 평소처럼 자기가 알아서 먹으라고 해야 하는지 고민했다.",2310,가족을 돌보는 방식에 대해 조언을 들었을 때 자신의 상황과 가치관을 고려해 스스로 판단하는 것은 바람직하지 않다.,agency,-1,"아니다, 바람직하다.",바람직하다,1,,0,crd
s-565,"시어머니 수발을 들으며 병간호를 했는데, 알고 보니 남편이 바람을 피우고 있었어요",f-482,남편의 외도로 인해 이혼한다면 시어머니에게 그 책임을 물을 수 있다.,agency,-1,"아니다, 물을 수 없다.",물을 수 없다,1,,0,kbsn
50,지난주에 배달시킨 커피가 넘쳐서 배달되어 전화로 항의했더니 '그럴수도 있죠.'라고 해서 기분이 나빴다.,150,전화로 항의해서 따지는 것은 옳은 행동이다,agency,-1,"아니다, 옳지 않다.",옳지 않다,1,,0,crd
531,식당 아르바이트할 때 식당 주인이 잔반을 재활용하는 것을 보고도 잘못됐다고 말하지 못했다.,1593,식당 주인은 손님에게 제공되는 음식의 위생과 안전을 책임질 필요 없다.,agency,-1,"아니다, 해야 한다.",해야 한다,1,,0,crd
s-1262,아무 결정 못 하고 남친에게만 의존하는 여친! 가끔은 시간 낭비 같아요,f-717,여자친구의 태도의 원인을 파악하고 주체적인 결정을 할 수 있도록 지원해야 한다.,agency,1,"그렇다, 그래야 한다.",그래야 한다,1,,0,kbsn
29,회의 중에 상사가 공개적으로 나를 질책해서 속상했다.,89,회사에서는 다른 직원의 자존심이 상할 수 있는 언행은 하지 않아야 한다.,agency,1,"그렇다, 그러지 않아야 한다.",그러지 않아야 한다,1,,0,crd
30,병원에서 진료 순서를 두고 다른 환자와 의견이 엇갈리며 잠시 실랑이가 벌어졌다.,90,병원이 환자들의 진료 순서에 관한 기준을 정하고 명확히 지키는 것은 중요하지 않다.,agency,-1,"아니다, 중요하다.",중요하다,1,,0,crd
756,"밤 시간대에도 여전히 쿵쿵거리는 윗집 사람들에게 조용히 해달라고 하자, 오히려 더 화를 내서 당혹스러웠다.",2269,층간 소음에 대해 조용히 해 달라고 주의를 줘도 좋다.,agency,1,"그렇다, 좋다.",좋다,1,,0,crd
s-1677,"′′안아 줘!′′, ′′뽀뽀해 줘!′′😘 동성 친구들에게 인기 폭발인 남자의 고민",f-988,장난으로 하는 사람에게는 화를 내면 안 된다.,agency,-1,"아니다, 내도 된다.",내도 된다,1,,0,kbsn
157,"직장을 구해야 하는데, 나는 성격이 내성적이어서 재택 근무를 해야 하나 고민이 된다.",472,자신이 가장 잘 일할 수 있는 환경으로 재택 근무를 선택하는 것은 나쁘지 않다.,agency,1,"그렇다, 나쁘지 않다.",나쁘지 않다,1,,0,crd
204,부모님 생신 선물을 준비하는 과정에서 당장은 돈이 없다며 조금만 보태려는 동생과 다퉜다.,614,부모는 자녀에게 효도를 강요하는 것은 적절하지 않다.,agency,1,"그렇다, 적절하지 않다.",적절하지 않다,1,,0,crd
360,금전적인 여유가 있었지만 돈을 빌려달라던 동생의 부탁을 거절했다.,1082,평소에 돈 관리는 철저하게 하지 않아도 된다.,agency,-1,"아니다, 해야 한다.",해야 한다,1,,0,crd
655,"내일 제출할 팀 과제에서 혼자 열심히 한 결과물을 동료들 이름으로 공유할지, 아니면 양심적으로 나의 노력만을 어필할지 갈등에 빠졌다.",1966,"자신이 주도하여 만든 결과물에 대해 상급자에게 자신의 성과를  어필하면서,  동료들의 기여까지 언급하는 것은 바람직하지 않다.",agency,-1,"아니다, 바람직하다.",바람직하다,1,,0,crd
81,친구가 소개해준 식당이 맛이 없었는데 솔직하게 말해야 할지 기분이 상할까봐 좋았다고 해야 할지 고민했다,243,상대의 기분을 생각해서 답변을 선택하는 것은 바람직하지 않다.,agency,-1,"아니다, 바람직하다.",바람직하다,1,,0,crd
177,카페에서 모르는 사람이 내 자리를 가로채 말다툼이 있었다.,531,"공공장소에서 타인과 분쟁이 발생 시, 감정적으로 대응하며 차분하고 논리적으로 권리를 주장하거나 대화로 해결하려 노력하지 않아도 된다.",agency,-1,"아니다, 노력해야 한다 .",노력해야 한다 ,1,,0,crd
535,동호회에 새로 가입했는데 처음 보는 사람이 나이를 묻고 나서 자신이 나이가 많다며 바로 하대를 해서 불쾌했다.,1605,나이가 어리면 바로 하대를 하는 것이 좋다.,agency,-1,"아니다, 좋지 않다.",좋지 않다,1,,0,crd
72,"소개팅 자리에서 정치 이야기가 나왔는데 상대가 특정 정치인과 지지자들을 심하게 비하해서 더 말을 섞기 싫어졌지만, 친구가 소개해 준 자리라 애매한 미소만 지으며 대화를 마무리했다.",217,주선자의 입장을 고려하여 대화 상대에게 최소한의 예의를 지키는 것은 바람직하지 않다.,agency,-1,"아니다, 바람직하다.",바람직하다,1,,0,crd
s-1752,😨? 전남친이랑 유튜브 하는 걸 이해해 줄 수 있는 남자를 찾아요,f-1076,조건에 동의했어도 여친과 전남친의 행동을 싫어해도 된다.,agency,1,"그렇다, 그래도 된다.",그래도 된다,1,,0,kbsn
664,지하철에서 어떤 사람이 내 가방을 치고 갔었는데 하필 내가 아끼던 열쇠고리가 떨어져 속상했었다.,1994,공공장소에서는 자신의 소지품을 잘 관리하지 않아도 된다.,agency,-1,"아니다, 해야 한다.",해야 한다,1,,0,crd
s-553,오픈채팅에서 만난 남자와 2주 만에 동거한 여자... 근데 지금 생활하는 곳은 화장실?,f-468,서로 잘 모르는 사이의 사람과의 동거 여부는 성급히 결정해도 된다.,agency,-1,"아니다, 안 된다.",안 된다,1,,0,kbsn
170,여자친구가 먹자고 하는 서양음식이 내 입맛에 맞지 않는 거라 거절해야 하나 판단이 어려웠다,511,상대가 음식에 대해 부담을 느낄 경우 이를 강요하지 않는 것이 좋다.,agency,1,"그렇다, 좋다.",좋다,1,,0,crd
s-1613,"3달 동거하며 천만 원을 잃은 대학생, 전 여친은 잠수 中",f-904,천 만원을 잃은 대학생의 연락을 받는 것이 좋다.,agency,1,"그렇다, 좋다.",좋다,1,,0,kbsn
s-119,유방암 3기에 아이 둘까지... 이혼한 전남편한테 양육비 받을 수 있을까요?,f-31,부모는 아이를 양육할 책임이 없다.,agency,-1,"아니다, 책임이 있다.",책임이 있다,1,,0,kbsn
s-2197,"희귀 질환 ′모야모야병′ 있는 중학생 딸, 걱정을 놓을 수 없는 엄마의 고민",f-1327,자식을 향한 과도한 걱정은 문제다.,agency,1,"그렇다, 문제다.",문제다,1,,0,kbsn
231,"얼마전 회사동료가 결혼을 했는데, 축의금으로 5만원을 냈는데 적은거 같아 마음이 걸린다.",694,타인의 경조사에 대해 과도한 비교나 압박보다는 진심 어린 축하의 의미를 중심에 두는 태도가 중요하다.,agency,1,"그렇다, 중요하다.",중요하다,1,,0,crd
483,"지각한 동료를 대신해 출석 체크를 해주었는데, 이렇게 행동한 것이 옳았는지 마음에 걸렸다.",1449,규칙이 정해진 상황에서 타인을 대신해 절차를 어기는 행동은 바람직하다.,agency,-1,"아니다, 바람직하지 않다.",바람직하지 않다,1,,0,crd
644,영화관에서 뒷 좌석에 앉은 사람이 내 좌석을 발로 차서 말싸움이 있어났다.,1934,영화관에서는 앞 좌석을 발로 차지 않도록 조심할 필요가 없다.,agency,-1,"아니다, 필요가 있다.",필요가 있다,1,,0,crd
242,"어머니가 만든 음식이 맛이 없어 배달음식을 시키고싶은데, 어머니 마음이 상하실까 고민이 된다.",726,자녀가 부모님의 마음을 헤아리는 것은 옳지 않다.,agency,-1,"아니다, 옳다.",옳다,1,,0,crd
665,고등학생 때 카페에서 친구들과 나오면서 우산을 챙기려는데 다른 사람이 내 우산을 집어 들고 있어서 당황스러워 지적했던 적이 있다.,1996,친구가 당황한 상황에 놓여 있더라도 도와주는 것은 좋지 않다.,agency,-1,"아니다, 좋다.",좋다,1,,0,crd
665,고등학생 때 카페에서 친구들과 나오면서 우산을 챙기려는데 다른 사람이 내 우산을 집어 들고 있어서 당황스러워 지적했던 적이 있다.,1997,물건을 챙길 때 자신의 물건이 맞는지 확인하는 것이 좋다.,agency,1,"그렇다, 좋다.",좋다,1,,0,crd
155,유치원 학예회에서 친구 자녀의 무대가 별로였지만 너무 잘 했다고 거짓말을 했다.,465,타인의 성과를 평가할 때는 과한 칭찬으로 현실을 왜곡하지 않는 것이 바람직하다.,agency,1,"그렇다, 바람직하다.",바람직하다,1,,0,crd
213,동네 카페에서 노트북으로 작업을 하던 중 옆 사람이 자리에서 일어서다가 음료를 쳐서 키보드가 젖어 전원이 꺼졌다.,641,타인의 과실로 손해가 발생한 경우 적절한 조치를 요청할 수 있다.,agency,1,"그렇다, 그럴 수 있다.",그럴 수 있다,1,,0,crd
168,"헬스장을 갔는데, 트레이너가 초보인 나에게 왜 그것밖에 무게를 못드냐고 해서 화가 났다.",506,운동 시설에서는 이용자가 자신의 판단에 따라 무리하지 않는 범위에서 안전을 고려해 운동하는 것이 바람직하다.,agency,1,"그렇다, 바람직하다.",바람직하다,1,,0,crd
s-300,"전처, 전 남편의 죽음으로 아이 다섯 키우는 부부",f-255,부모는 자식 양육의 의무를 이행하는 데 최선을 다해야 한다.,agency,1,"그렇다, 그래야 한다.",그래야 한다,1,,0,kbsn
50,지난주에 배달시킨 커피가 넘쳐서 배달되어 전화로 항의했더니 '그럴수도 있죠.'라고 해서 기분이 나빴다.,151,상대방에게 전화를 할때는 예의를 갖추어야 한다,agency,1,"그렇다, 그래야 한다.",그래야 한다,1,,0,crd
694,내 아이가 서울대에 합격해서 직장 동료들에게 축하 떡을 돌렸는데 입시 결과를 기다리고 있는 다른 동료가 떡을 쓰레기통에 버리는 것을 목격하고 속상했다.,2084,자신의 감정이 힘들더라도 타인의 축하 표현을 훼손하는 행동은 적절하지 않다.,agency,1,"그렇다, 적절하지 않다.",적절하지 않다,1,,0,crd
s-1688,여사친 못 잃어ᅮᅮ 친구 사이 멀어질까 연애는 안 하는 23살,f-1009,여사친 때문에 연애를 안 한다고 비난하는 것은 괜찮다.,agency,-1,"아니다, 그래서는 안 된다.",그래서는 안 된다,1,,0,kbsn
s-2314,"감성적 남편 vs 현실적 아내, 너무 다른 두 사람의 초 현실적 부부싸움",f-1359,"가정을 안정적으로 유지하는 데 있어, 배우자와 다투는 것은 좋지 않다.",agency,1,"그렇다, 좋지 않다.",좋지 않다,1,,0,kbsn
784,놀이터에서 우리아이보다 큰 아이가 장난을 치며 뛰어가다 우리 아이를 밀어서 넘어지게 하고는 사과도 하지 않고 도망가버려 화가 났다.,2353,놀이 중 사고가 발생했을 경우 혼자 판단하지 않고 보호자에게 상황을 알리는 것은 적절하지 않다.,agency,-1,"아니다, 적절하다.",적절하다,1,,0,crd
539,"근무 시간에 일부 직원들이 단체로 라운지에 앉아 있거나 마사지 기계를 장시간 이용하면서 근무 분위기가 해이해지는 것 같아, 이를 어떻게 이야기해야 할지 고민하고 있다.",1617,잘못된 행동에 대해서는 제제를 가하는것이 옳다,agency,1,"그렇다, 옳다.",옳다,1,,0,crd
585,"바닥에 쓰레기를 버리는 것이 적절하지 않은 것을 알지만, 친구가 바닥에 쓰레기를 버리길래 나도 어쩔 수 없는 척 동조했다.",1757,바닥에 쓰레기를 버리는 것은 옳지 않다,agency,1,"그렇다, 옳지 않다.",옳지 않다,1,,0,crd
579,아파트 관리사무소에 민원을 넣는 과정에서 직원이 설명을 끊고 규정만 반복해 말해 난처하고 불쾌했다.,1739,상대가 말을 끊었을 때 바로 다투지 않는 것은 좋지 않다.,agency,-1,"아니다, 좋다.",좋다,1,,0,crd
91,"나에게 늘 도움을 청하는 친구가 또 도움을 청하였는데, 나에게 너무 의존할 거 같아 도움을 주어야 할지 고민을 했다.",275,친구의 무리한 부탁이나 의존적인 태도에 대해 거절 의사를 표현하는 것은 적절하다.,agency,1,"그렇다, 적절하다.",적절하다,1,,0,crd
603,"회사에서 분명한 과실이라고 보기 힘든 상황이었는데도 반복해서 비난을 받아, 이를 받아들이는 것이 옳은지 문제를 제기하는 것이 옳은지 고민하게 되었다.",1811,나에 대한 근거없는 비난에 대해서는 항변해야한다,agency,1,"그렇다, 그래야 한다.",그래야 한다,1,,0,crd
751,오랜만에 만난 대학 동창이 내가 전업주부로 사는 삶에 대해서 부정적으로만 이야기해서 상처를 받았다.,2254,자신의 삶에 대한 남의 평가를 지나치게 신경 쓰지 않아도 된다.,agency,1,"그렇다, 그러지 않아도 된다.",그러지 않아도 된다,1,,0,crd
662,"작년에는 내가 너무 바빠서 연락 자체를 잘 못했는데 친구가 왜 이렇게 연락을 안 하냐고 화냈고, 순간 나도 울컥했었다.",1987,바쁜 개인 사정으로 관계가 소원해졌을 때 감정적으로 반응하기보다 자신의 상황을 차분히 설명하고 상대의 감정을 이해하려는 노력이 필요하다.,agency,1,"그렇다, 필요하다.",필요하다,1,,0,crd
666,오랜만에 만난 친구가 양성평등법에 대한 긍정적인 의견을 주장해서 마음이 불편했다.,2000,자신의 생각을 표현할 때에 상대방의 입장과 감정을 고려하지 않은 채 강하게 주장해도 된다.,agency,-1,"아니다, 안 된다.",안 된다,1,,0,crd
525,친구가 내 허락 없이 내 이야기를 다른 사람에게 말해 기분이 상하고 갈등이 생겼다.,1577,개인의 사생활과 감정을 존중하는 태도를 유지해야 한다.,agency,1,"그렇다, 그래야 한다.",그래야 한다,1,,0,crd
26,마트에서 계산원이 나에게 거스름돈을 더 준 것을 알고도 이 사실을 말해야 할지 망설였다.,80,다른 사람의 실수 바로잡아 주지 않는 것은 옳다.,agency,-1,"아니다, 바로 잡아주는 것이 옳다.",바로 잡아주는 것이 옳다,1,,0,crd
24,다툼을 피하려고 행사 위원장을 추첨으로 정하는 자리에서 다들 “나만 아니면 된다”고 말하는 태도들이 이기적으로 느껴졌다.,74,행사 위원장 자리를 다들 기피해 추첨으로 뽑는 것은 좋지 않다.,agency,1,"그렇다, 좋지 않다.",좋지 않다,1,,0,crd
241,"식당에 갔는데 음식에 머리카락이 들어 있어 조리를 다시 요청했지만, 안 된다고 해서 화가 났다.",724,"손님의 음식에 머리카락이 들어 있었다면, 다시 조리해 주는 것이 옳다.",agency,1,"그렇다, 옳다.",옳다,1,,0,crd
724,식당에서 뉴스를 보다 특정 정치인이 별로다 했더니 옆에 모르는 아저씨가 나를 보고 욕을 해서 당혹스러웠다.,2172,다른 사람에게 욕설을 해서는 안된다.,agency,1,"그렇다, 그래서는 안 된다.",그래서는 안 된다,1,,0,crd
33,"카페에서 일하다 식기류가 너무 무거워 한 번 쾅 내려놨는데, 어르신 손님들이 단체로 소리를 지르고 욕하며 눈치를 줌. 손녀뻘인 직원이 고생하며 치우고 있으면 조금은 이해해 줘야함",100,직원이 실수를 해서 카페 안에 있는 어르신들이 놀랐더라도 화를 내거나 욕을 하는 것은 어른으로서 그럴 수 있는 행동이다.,agency,-1,"아니다, 올바른 행동은 아니다.",올바른 행동은 아니다,1,,0,crd
265,"회사 동료들과 커피타임을 가지는데, 항상 나만 커피 사서 서운하다.",796,특정 한사람에게만 얻어먹는 것은 좋지 않다.,agency,1,"그렇다, 좋지 않다.",좋지 않다,1,,0,crd
s-252,유부남과 바람난 아내...합의 이혼했지만 여전히 괘씸해요,f-181,이혼 이후에도 감정적 어려움이 있으면 도움을 구하는 것이 바람직하다.,agency,1,"그렇다, 바람직하다.",바람직하다,1,,0,kbsn
s-550,지적장애를 가진 조카를 나에게 맡긴 오빠! 근데 결혼한다니까 조카를 키우라는 부모님?!,f-464,성인 가족 구성원에게 명령하는 것은 나쁘지 않다.,agency,-1,"아니다, 나쁘다.",나쁘다,1,,0,kbsn
s-1914,친구의 배신과 이혼의 상처로 매일 소주 4병 마시는 사연男,f-1176,매일 소주를 마시는 것은 건강에 좋지 않더라도 자제하지 않아도 된다.,agency,-1,"아니다, 자제해야 한다.",자제해야 한다,1,,0,kbsn
s-257,이혼 후 돈이 없어 자녀들과 노숙 생활을 하다 만남 양아버지의 성희롱,f-204,자신의 안전이 위협받는 환경이더라도 혼자 대응하려 하기보다 주변 어른의 보호를 받는 것은 바람직하지 않다,agency,-1,"아니다, 바람직하다.",바람직하다,1,,0,kbsn
221,지하철에 앉아 있는데 백발의 노인이 앞에 서 있는데 허리가 꼿꼿해 보이셔서 일어나지 않았다.,665,대중교통에서는 사회적 약자에게 배려를 해야 한다.,agency,1,"그렇다, 그래야 한다.",그래야 한다,1,,0,crd
418,"데이트 중 차를 몰고 온 남편이 길거리 시음 와인을 마시겠다고 해 말렸지만, 한 잔쯤은 괜찮다고 하는 남편의 말에 화가 났다.",1255,상대의 안전과 관련된 행동에 문제가 있다고 판단될 때는 감정적으로 대응하기 보다는 차분하게 자신의 유려를 전달하는 것이 바람직하다.,agency,1,"그렇다, 바람직하다.",바람직하다,1,,0,crd
482,"건물 입구에서 담배를 피우는 사람을 마주쳤지만, 괜한 갈등이 생길까 봐 지적하지 않은 선택이 옳았는지 고민이 들었다.",1446,공공장소에서 흡연하는 것은 사회적으로 문제 없다.,agency,-1,"아니다, 바람직하지 않다.",바람직하지 않다,1,,0,crd
s-1548,MZ 세대 학생들과 올드 세대 선생님의 좁혀지지 않는 간극⚡,f-853,학교는 학생들과 선생님들간의 세대 간 갈등을 조장하도록 해야 한다.,agency,-1,"아니다, 하지 않아야 한다.",하지 않아야 한다,1,,0,kbsn
1,본인 머리 짧은 여자인데 지나가는 할머니가 “저건 여자야 남자야?” 라고 했다.,3,모르는 상대방의 외모에 대한 발언은 신중하지 않아도 된다.,agency,-1,"아니다, 신중해야 한다.",신중해야 한다,1,,0,crd
s-446,"17살 연상 남편과 결혼, 극심한 엄마의 반대",f-402,나이가 어린 배우자를 맞이할 때 본인은 더 많은 책임을 져야한다.,agency,1,"그렇다, 그래야 한다.",그래야 한다,1,,0,kbsn
281,부모님을 데리고 예약한 레스토랑을 갔는데 예약이 안잡혀있다고 해서 당혹스러웠다.,845,부모님을 기다리게 하는 상황에서는 대안을 빠르게 찾는 것이 중요하다.,agency,1,"그렇다, 중요하다.",중요하다,1,,0,crd
549,"공원 산책 중 목줄을 하지 않은 개가 갑자기 달려들어 깜짝 놀랐는데, 견주가 사과는커녕 오히려 “우리 개는 안 물어요”라며 적반하장으로 화를 내서 당황스러웠다.",1649,반려동물의 행동으로 문제가 발생했을 경우 변명지 않고 사과하고 상황을 수습하려는 태도는 바람직하지 않다.,agency,-1,"아니다, 바람직하다.",바람직하다,1,,0,crd
s-1729,아들에게 미안한 마음에 손주라도 제대로 키우고 싶은 할머니..,f-1045,상처받은 사람을 항상 더 먼저 생각해 줄 필요는 없다.,agency,-1,"아니다, 해야한다.",해야한다,1,,0,kbsn
663,친구가 너무 욕설을 자주 해서 조금 자중해달라고 부탁했었는데 친구는 크게 불쾌함을 느껴서 한동안 서로 불편했던 경험이 있다.,1991,친구의 꼭 필요한 조언에 기분을 나빠하고 관계를 단절하는 것은 바람직하지 않다.,agency,1,"그렇다, 바람직하지 않다.",바람직하지 않다,1,,0,crd
s-484,동생 기일이 1년도 채 지나지 않아 재혼하는 제부.. 어떻게 이럴 수 있나요?,f-419,혼인은 개인이 자유롭게 결정할 수 있음을 이해하고 있어야 한다.,agency,1,"그렇다, 그래야 한다.",그래야 한다,1,,0,kbsn
294,학교에서 팀 프로젝트를 진행하던 중 할 일을 제대로 처리하지 않고 나에게 떠넘기려는 동료에게 맡은 분량을 책임지고 기한 내에 완수해달라고 직설적으로 말했다가 서로 감정이 상했었다,884,자신이 맡은 일은 충실히 해야 한다.,agency,1,"그렇다, 그래야 한다.",그래야 한다,1,,0,crd
769,"직장에서 상품 기획 회의를 하던 중에 이 분야에 대해 잘 아는 사람이 맡아서 하면 좋겠다는 말을 들었는데, 내가 잘 아는 분야였지만 잘 안다고 말하지 않았다.",2308,직원은 업무 배정과 관련된 최종 판단을 회사 결정에 맡겨야 한다.,agency,1,"그렇다, 그래야 한다.",그래야 한다,1,,0,crd
315,"내가 꿈을 위한 계획을 가족에게 말하자 언니가 ""니가 퍽이나 하겠다""라고 무시해서 화가 났다.",947,가족 구성원 중 한 사람의 무시가 반복되도록 방치하는 행동은 바람직하다.,agency,-1,"아니다, 바람직하지 않다.",바람직하지 않다,1,,0,crd
8,카페에서 주문이 잘못 나왔지만 다시 만들게 하는 것이 괜히 예민한 행동처럼 느껴져 망설였다.,26,공공장소에서 불편함을 느끼게 되더라도 타인을 과도하게 의식해 정당한 요구를 포기할 필요는 없다.,agency,1,"그렇다, 필요는 없다.",필요는 없다,1,,0,crd
s-288,부모님의 가정폭력과 전 남친의 데이트폭력으로 힘든 시기를 겪은 K-장녀,f-245,"연인에게 신체적,정신적 폭력을 행사하는 것은 옳지 않다.",agency,1,"그렇다, 옳지 않다.",옳지 않다,1,,0,kbsn
s-1957,엄마한테 하루 87통 전화하는 딸 📞,f-1191,사랑하는 사이라면 과도한 집착을 하는 것은 옳은 행동이다.,agency,-1,"아니다, 옳지 않다.",옳지 않다,1,,0,kbsn
299,해외 여행에서 선물을 많이 샀는데 나눠주다보니 한 명이 못 받게 되어서 당사자가 서운해했다.,899,상대방의 실수에 대해서 이해하는 태도가 필요하다.,agency,1,"그렇다, 필요하다.",필요하다,1,,0,crd
s-1553,"손님들과 합석해서 마시는 인싸 사장님, 한 달에 손해 금액이 300만 원?",f-854,인싸 사장님 가게의 손해 금액을 함부로 공개해도 된다.,agency,-1,"아니다, 안 된다.",안 된다,1,,0,kbsn
744,"시험 시간에 커닝하는 친구를 발견했지만, 친구와의 사이가 틀어질 것이 두려워 가만히 있었다.",2233,친구가 잘못을 저질렀을 때에는 충고를 해 주는 것이 좋다.,agency,1,"그렇다, 좋다.",좋다,1,,0,crd
s-134,남편 외도 의심하는 아내의 도 넘은 망상증,f-45,부부가 서로 믿음을 주고 받을 수 있도록 노력하는 것은 옳지 않다,agency,-1,"아니다, 옳다.",옳다,1,,0,kbsn
627,친구에게 빌려준 물건을 돌려달라고 했더니 너무 예민하다며 오히려 핀잔을 들어 기분이 상했다.,1883,상대방에게 핀잔을 주는 행동을 피하지 않아도 괜찮다.,agency,-1,"아니다, 피하는 것이 좋다.",피하는 것이 좋다,1,,0,crd
476,"직장 상사가 내 물건을 허락 없이 사용해 화가 났지만, 큰 소리를 낼 수도 없어서 답답했다.",1429,자신의 물건이 무단으로 사용되었을 때 사용을 중단하는 요청이나 사전 동의를 요구하면 안 된다.,agency,-1,"아니다, 요구해도 괜찮다.",요구해도 괜찮다,1,,0,crd
s-1686,매일 싸우는 10살 차이 커플! 그래도 오빠 없인 못 살아요💕🍯,f-998,어린 연인에게 더 많은 배려를 해줄 필요는 없다.,agency,-1,"아니다, 해줘야 한다.",해줘야 한다,1,,0,kbsn
171,어머니와 아버지가 동생의 결혼 문제로 다툼을 하셨는데 어느 편도 들지 못해 고민이었다,513,배우자와 말다툼을 하는 것은 좋지 않다,agency,1,"그렇다, 좋지 않다.",좋지 않다,1,,0,crd
s-252,유부남과 바람난 아내...합의 이혼했지만 여전히 괘씸해요,f-181,이혼 이후에 감정적 어려움이 있더라도 도움을 구하는 것은 바람직하지 않다.,agency,-1,"아니다, 바람직하다.",바람직하다,1,,0,kbsn
s-341,"언니의 칼부림, 아버지의 가정폭력과 알코올 중독",f-279,동생이나 가족 구성원에게 함부로 칼을 휘두르는 것은 옳은 행동이다.,agency,-1,"아니다, 옳지 않다.",옳지 않다,1,,0,kbsn
355,배달 일을 하던 중에 제 신호에 출발했는데 신호위반을 한 차량이 오히려 나에게 욕을 하며 멈춰세우길래 멈춘뒤 말싸움을 했다.,1066,도로의 통행을 방해하는 것은 옳지 않다.,agency,1,"그렇다, 옳지 않다.",옳지 않다,1,,0,crd
464,지난 주 동생과 통화를 통해 어머니와 갈등을 겪고 있다는 걸 알게 되어서 당혹스러웠다.,1393,갈등 해소를 위해 가족에게 상의하는 것도 좋다.,agency,1,"그렇다, 좋다.",좋다,1,,0,crd
124,회의 중 업무 방식에 대해 상사와 공개적으로 의견이 엇갈려 분위기가 날카로워졌다.,374,상사는 의견 충돌이 있을 때 권위보다 합리적인 설명을 선택하는 것은 바람직하지 않다.,agency,-1,"아니다, 바람직하다.",바람직하다,1,,0,crd
102,단체 채팅방에서 농담을 던졌는데 누군가 불편해하지 않았을지 계속 신경 쓰였다.,307,채팅방에서 농담을 할때 불편한 사람이 있을 경우 중단하거나 사과하는 태도를 가지는 것은 중요하지 않다.,agency,-1,"아니다, 중요하다.",중요하다,1,,0,crd
s-288,부모님의 가정폭력과 전 남친의 데이트폭력으로 힘든 시기를 겪은 K-장녀,f-244,자녀에게 지나치게 부담을 주며 키우는 것은 바람직하지 않다.,agency,1,"그렇다, 바람직하지 않다.",바람직하지 않다,1,,0,kbsn
s-1587,′오빠′ 아니고 ′아빠′야? 동안인 남편 때문에 떨어져서 다니는 부부,f-887,남편이 동안인 것에 속상해하지 않는 것은 나쁘다.,agency,-1,"아니다, 좋다.",좋다,1,,0,kbsn
462,어제 저녁 가족과 뉴스에 대해 이야기 하다 의견 다툼이 났다,1386,자신과 생각이 다른 가족의 의견을 존중하는 태도로 말하는 것은 옳지 않다.,agency,-1,"아니다, 옳다.",옳다,1,,0,crd
444,"아침에 길에서 담배꽁초를 버린 사람과 누군가가 다투는 모습을 보았지만, 개입하기엔 상황이 커질 것 같아 그냥 모른 척 지나쳤다.",1332,길거리에서 담배꽁초를 버리는 행동은 좋은 행동이다.,agency,-1,"아니다, 좋지 않다.",좋지 않다,1,,0,crd
774,"아이가 아파서 회사에 지각을 했는데 직장 상사가 ""너만 애 키우니? 여기 다 애 키워도 너처럼은 안 해.""라고 말해서 속상했다.",2323,"직장에서 개인적인 사정으로 지각이나 어려움이 있을 경우, 이를 솔직하게 설명하고 상대를 존중하는 태도로 소통해야 한다.",agency,1,"그렇다, 그래야 한다.",그래야 한다,1,,0,crd
212,퇴근 시간에 지하철 안에서 사람이 밀리는 바람에 옆 사람의 가방에 얼굴을 부딪혀 안경이 바닥에 떨어져 렌즈가 깨졌다.,636,공공장소에서 자신의 소지품으로 타인에게 피해가 발생한 경우 사과의 의사를 표현하는 것이 바람직하다.,agency,1,"그렇다, 바람직하다.",바람직하다,1,,0,crd
82,어떤 과제에 대한 팀활동을 하는데 명백히 다같이 한 일임에도 어떤 팀원이 본인이 전부 다 한 것처럼 공로를 내세워 당황스러웠다.,247,팀활동의 성과는 모든 팀원의 기여를 존중해야 한다.,agency,1,"그렇다, 그래야 한다.",그래야 한다,1,,0,crd
17,회사에서 업무 분담을 정하는 과정에서 후배가 내 일을 당연하다는 듯 넘기려 해 그 점을 지적했더니 분위기가 어색해져 서로 불편해졌다.,52,내일을 당연하게 남에게 넘기는것은 옳지 않다.,agency,1,"그렇다, 옳지 않다.",옳지 않다,1,,0,crd
299,해외 여행에서 선물을 많이 샀는데 나눠주다보니 한 명이 못 받게 되어서 당사자가 서운해했다.,897,공동체 안에서는 특정 사람이 소외되지 않도록 행동해야 한다.,agency,1,"그렇다, 그래야 한다.",그래야 한다,1,,0,crd
586,친구가 나에게 모태솔로라고 해서 기분이 좋지 않았던 적이 있다.,1758,타인에게 무례한 말을 들었을 때는 자신의 불편한 감정을 표현하는 것이 좋다.,agency,1,"그렇다, 좋다.",좋다,1,,0,crd
298,동생한테 방청소 하라고 잔소리 했는데 나는 일이 바쁘다는 핑계로 방청소를 미뤘다.,894,타인에게 지시나 행동을 요구하기 전에 먼저 자신부터 솔선수범하는 태도를 갖는 것은 바람직하지 않다,agency,-1,"아니다, 바람직하다.",바람직하다,1,,0,crd
548,오랜만에 모인 명절 식사 자리에서 친척들이 나의 취업 준비 상황을 사촌과 비교하며 ‘눈이 너무 높은 것 아니냐’는 식의 간섭을 해서 큰 상처를 받았다.,1646,사적인 평가나 간섭으로 불편함을 느낄 때 감정을 절제하며 대응하는 태도는 적절하지 않다.,agency,-1,"아니다, 적절하다.",적절하다,1,,0,crd
134,아빠와 정치적 견해가 다른데 존중해 주지 않아 싸울뻔했다.,402,아무리 가족간이지만 하나의 주제에 대하여 의견이 다를수 있다는 것을 인정하는 것이 바람직하다.,agency,1,"그렇다, 바람직하다.",바람직하다,1,,0,crd
s-1099,"하루 종일 일에 빠져사는 남편, 대표님과 사는 것 같아요",f-656,배우자의 요청에도 불구하고 가정 책임을 회피하는 행동은 옳지 않다.,agency,1,"그렇다, 옳지 않다.",옳지 않다,1,,0,kbsn
294,학교에서 팀 프로젝트를 진행하던 중 할 일을 제대로 처리하지 않고 나에게 떠넘기려는 동료에게 맡은 분량을 책임지고 기한 내에 완수해달라고 직설적으로 말했다가 서로 감정이 상했었다,884,자신이 맡은 일을 충실히 하지 않아도 된다.,agency,-1,"아니다, 해야 한다.",해야 한다,1,,0,crd
s-1562,"뇌출혈로 눈물을 잃은 남자, 아내와의 이혼 얘기에 ′키득키득′",f-860,뇌출혈로 눈물을 잃은 남자를 위로하는 것은 좋지 않다.,agency,-1,"아니다, 좋다.",좋다,1,,0,kbsn
s-1676,디자이너를 꿈꾸는 치과의사🦷 워킹맘,f-981,다른 가족들은 워킹맘의 육아를 도울 필요 없다.,agency,-1,"아니다, 도와야 한다.",도와야 한다,1,,0,kbsn
95,이모가 내 연봉을 물어보면서 사촌 동생과 비교를 해서 당황스럽고 짜증이 났다.,287,가족 구성원끼리 비교하는 것은 바람직하다.,agency,-1,"아니다, 바람직하지 않다.",바람직하지 않다,1,,0,crd
s-1486,생후 23일 만에 떠난 엄마를 찾기 위한 고민녀의 노력,f-815,부모는 최선을 다해 자녀를 양육해야 한다.,agency,1,"그렇다, 그래야 한다.",그래야 한다,1,,0,kbsn
s-288,부모님의 가정폭력과 전 남친의 데이트폭력으로 힘든 시기를 겪은 K-장녀,f-244,자녀에게 지나치게 부담을 주며 키우는 것은 괜찮다.,agency,-1,"아니다, 바람직하지 않다.",바람직하지 않다,1,,0,kbsn
227,"반 친구들과 교실 컴퓨터로 유튜브를 봤는데, 선생님이 유튜브 본 사람 나오라고 혼내셨다. 그때 친구들은 다 나가고 나는 나가지 않았는데, 걸리지는 않았지만 친구에게 미안했다.",682,같이 잘못한 친구를 선생님께 고자질하는 것은 좋은 행동이다.,agency,-1,"아니다, 좋지 않다.",좋지 않다,1,,0,crd
339,"가족 모임에서 결혼 계획을 묻기에 아직 생각이 없다고 했더니, “여자가 너무 고르면 문제야”라는 말을 들어 당혹스러웠다.",1017,타인의 결혼 여부나 시점에 대해서 비난하는 것은 바람직하다.,agency,-1,"아니다, 바람직하지 않다.",바람직하지 않다,1,,0,crd
362,"약속장소에 가려고 하는데, 버스시간에 맞추기가 애매하게 느껴지는 상황이다. 서둘러서 버스를 타러가야할까, 아니면 혹시모르니 연락해서 늦을수도 있다고 하는게 맞을까?",1088,타인과 약속이 있을 때 제 시간에 도착하기 위해 이동 수단의 여유 시간을 미리 고려할 필요 없다.,agency,-1,"아니다, 해야 한다.",해야 한다,1,,0,crd
610,"친구와 선약이 있었는데, 같은 날 갑자기 중요한 가족 행사가 발생했다. 친구와의 약속이 우선인지 가족 행사가 우선인지에 대해서 어떤 선택을 해야할지 고민했다.",1832,중요한 가족 행사가 발생했을 경우 구성원 간에 상황을 공유하고 조율하려는 태도가 필요하다.,agency,1,"그렇다, 필요하다.",필요하다,1,,0,crd
591,"길을 가던 중 아주머니가 길을 물었는데, 아는 곳인데도 모른다고 했다.",1774,모르는 사람에게 질문을 할 때 예의를 갖추는 것은 바람직하지 않다.,agency,-1,"아니다, 바람직하다.",바람직하다,1,,0,crd
745,아파트 단지에서 떨어진 지갑을 발견했지만 귀찮아서 경비실에 맡기지도 않고 돌아섰다.,2236,귀찮다는 이유로 분실물을 방치하고 지나치는 것은 괜찮다.,agency,-1,"아니다, 옳지 않다.",옳지 않다,1,,0,crd
s-564,"외도한 사실을 모두 기록하는 남편, 13년간 초등학교 동창을 만나면서 또 다른 여자를 만나고 있었어요",f-478,가정을 이룬 타인에게 여지를 주거나 추파를 던져서는 안 된다.,agency,1,"그렇다, 그래서는 안 된다.",그래서는 안 된다,1,,0,kbsn
97,쇼핑을 많이 하는 나에게 친구가 돈을 모으지 못하는 이유가 쇼핑 중독이라는 말에 불편하고 화가 났다.,292,다른 사람의 조언을 받아들이지 못하고 무조건 화를 내는 것은 바람직하지 못하다.,agency,1,"그렇다, 바람직하지 못하다.",바람직하지 못하다,1,,0,crd
35,"컵이 부족해 커피를 큰 사이즈로 만들어 드리며 죄송하다고 말씀드렸는데, 고객이 마시던 걸 주는 거냐며 고소하겠다고 소리를 질러 어이가 없었다.",107,고객이 점원에게 소리를 지르고 화내는 건 좋지 않다.,agency,1,"그렇다, 좋지 않다.",좋지 않다,1,,0,crd
438,오늘 일이 있어서 나가려는데 엄마가 갑자기 연락도 없이 오셔서 당황했다.,1315,"부모님이 갑작스럽게 방문했을 때 감정적으로 반응하지말고, 대화를 통해 조율할 필요는 없다.",agency,-1,"아니다, 그렇게 해야 한다.",그렇게 해야 한다,1,,0,crd
83,회식 자리에서 술을 마시지 않겠다고 했는데 동료가 계속 권해 불편함을 느꼈다.,251,"회식 자리에서 술을 강요받았더라도, 분위기가 불편해지지 않도록 정중하게 거절 의사를 밝히는 것은 좋지 않다.",agency,-1,"아니다, 좋다.",좋다,1,,0,crd
s-1849,직장을 자주 그만두는 남편 때문에 걱정이 태산인 일본인 아내😭,f-1142,"서로 다른 배경을 가진 사람들이 결혼했을 때, 각자의 직장문화나 경제적 상황이 다를 수 있음을 인정하고, 먼저 고충에 대한 대화를 깊이 나누는 것은 좋지 않다.",agency,-1,"아니다, 좋다.",좋다,1,,0,kbsn
592,"식사 자리에서 현 정부의 정책을 칭찬하니, 직장상사가 ""잘 몰라서 하는 소리""라며 깍아내렸다.",1777,직장 내에서는 개인의 정치적 견해를 이유로 부하 직원을 무시하거나 깎아내려도 된다.,agency,-1,"아니다, 안 된다.",안 된다,1,,0,crd
668,공원에서 산책을 하고 있는데 벤치에 앉은 남성이 담배를 피고 있었고 바람을 타고 오는 담배 연기에 숨을 쉴 수가 없어 짜증이 났다.,2006,공원과 같은 공동 이용 공간에서는 서로의 쾌적함을 배려하는 행동을 해야 한다.,agency,1,"그렇다, 그래야 한다.",그래야 한다,1,,0,crd
58,식당에서 줄을 서서 기다리고 있다가 내 차례가 되었는데 어떤 나이드신 분이 갑자기 끼어들어서 메뉴를 주문하시길래 당혹스러웠다,2412,노인이어도 식당에서는 순서대로 대기하는 것이 바람직하다.,agency,1,"그렇다, 바람직하다.",바람직하다,1,,1,crd_2nd
s-1506,극과 극 직원들 눈치 보느라🙄 새우등 터지는 대표님,f-822,대표가 직원들간 갈등을 관리하는 것은 옳지 않다.,agency,-1,"아니다, 옳다.",옳다,1,,0,kbsn
489,아파트 윗집에서 밤늦게까지 쿵쿵대는 소리와 층간소음 문제로 인터폰을 통해 항의하며 이웃과 말다툼을 벌였다,1467,이웃 간에 층간소음으로 인한 불편함이 생겼을 때는 감정적인 대응보다 정중하게 양해를 구하는 자세가 필요하다.,agency,1,"그렇다, 필요하다.",필요하다,1,,0,crd
782,지하철을 탑승하기 위해 줄을 서 있었는데 지하철이 도착하자 갑자기 어떤 아주머니가 옆에서 밀고 들어와 새치기를 하고 먼저 타버렸다.,2346,지하철 줄을 서 있는 사람들 사이로 새치기를 하면 안된다,agency,1,"그렇다, 그러면 안 된다.",그러면 안 된다,1,,0,crd
166,"층간소음이 심하다고 쪽지를 위층 집 문에 붙여놨는데, 오히려 보복성 소음으로 더 시끄러워져서 어처구니가 없었다.",498,심한 소음 피해를 입었을 때는 직접적으로 이야기 하는 것이 좋다.,agency,1,"그렇다, 좋다.",좋다,1,,0,crd
605,얼마 전 얼굴의 피부가 망가진 상태로 길을 걷는데 어떤 남자가 흉하다고 중얼거려서 당황했다.,1817,타인의 말에 나의 감정이 상할때는 대화를 해서 나의 입장을 나타내는 것이 좋다,agency,1,"그렇다, 좋다.",좋다,1,,0,crd
151,아들 둘을 둔 시어머니가 무거운 김치를 옮기며 며느리인 나에게 와서 도와달라고 하셔서 당황스러웠다.,454,가족 간에 도움을 요청할 때는 상대의 상황과 의사를 고려하여 요청하는 것이 좋다.,agency,1,"그렇다, 좋다.",좋다,1,,0,crd
237,"다른 부서와 협업하여 업무를 하는데, 각자 원하는 방향이 달라 조정이 어려워 난감했다.",711,협업을 할때는 조정이 어렵더라도 내가 원하는 방향을 논리적으로 설득하는 것이 좋다.,agency,1,"그렇다, 좋다.",좋다,1,,0,crd
325,"조카와 지하철을 환승하면서 어른을 공경해야 한다고 말했지만, 횐승 방향을 물어보는 할머니를 모른 체하고 지나갔다.",977,모르는 것을 혼자 감추기보다 타인에게 물어봐도 괜찮다.,agency,1,"그렇다, 그래도 괜찮다.",그래도 괜찮다,1,,0,crd
312,아이 교육 방법에 대해서 남편과 의견이 달라 다툼을 했다.,938,부모가 의견 차이로 다투는 상황에서도 아이는 감정적으로 휘말리기보다 차분하게 상황을 받아들이고 부모의 대화를 존중하는 태도를 갖는 것이 좋다.,agency,1,"그렇다, 좋다.",좋다,1,,0,crd
12,"퇴근길 지하철에서 길을 잃은 외국인을 봤지만 괜히 휘말릴까 봐 지나쳤고, 그 선택이 맞았는지 계속 고민됐다.",38,공공장소에서 도움이 필요한 사람을 보았을 때 가능한 범위 내에서 도움을 제공하는 것이 바람직하다.,agency,1,"그렇다, 바람직하다.",바람직하다,1,,0,crd
417,"남자친구의 친구와 내 친구를 소개팅으로 만나게 했는데, 남자친구가 내 친구를 못생겼다고 말해 그 일로 크게 말다툼을 했다.",1252,"지인 간의 관계가 얽힌 상황에서 갈등이 발생할 경우, 중재와 소통에 신중을 가하는 것이 적절하다.",agency,1,"그렇다, 적절하다.",적절하다,1,,0,crd
576,"회식 자리에서 후배의 무례한 농담을 분위기를 위해 넘길지, 바로 지적해야 할지 고민하다 결국 아무 말도 하지 못했다.",1729,후배는 선배를 존중하지 않아도 된다.,agency,-1,"아니다, 존중해야 한다.",존중해야 한다,1,,0,crd
282,"학교에서 축구를 하다가 공이 외곽으로 굴러갔는데, 근처에 있던 다른 사람이 더 먼곳으로 차버려서 화가 났다.",848,타인이 사용 중인 물건을 임의로 걷어차는 행위는 타인의 권익을 침해하고 불필요한 갈등을 유발할 수 있는 행위임을 인지하는 것은 옳지 않다.,agency,-1,"아니다, 옳다.",옳다,1,,0,crd
253,주말 오후에 초대 받은 친구의 결혼식장 로비에서 나는 ATM 앞에서 친구와 얼마나 친한지를 생각하며 축의금 봉투에 얼마를 넣어야 친구가 섭섭해하지 않을지 걱정에 빠졌다.,761,축의금 금액을 정할 때 관계의 정도와 자신의 형편을 함께 고려해 결정하는 것은 바람직하지 않다.,agency,-1,"아니다, 바람직하다.",바람직하다,1,,0,crd
635,"직장에서 선배가 공개석상에서 내 실수를 크게 지적할 때, 모두의 앞에서 바로 반박할지 그냥 웃어넘길지 고민이 되면서 얼굴이 화끈거렸어.",1907,업무상 필요한 실수를 지적하더라도 때와 장소를 가려야 한다.,agency,1,"그렇다, 그래야 한다.",그래야 한다,1,,0,crd
693,직장 동료가 사무실에서 업무 중에 수시로 컴퓨터 게임을 하길래 조심스럽게 주의를 줬는데 네가 뭔 상관이냐고 해서 기분이 나빴다.,2081,잘못된 행동에 주의를 받았을 때는 겸허하게 받아들여야 한다.,agency,1,"그렇다, 그래야 한다.",그래야 한다,1,,0,crd
396,아빠가 소변 볼 때 변기 시트에 소변을 흘려서 변기 시트를 올리고 사용하라고 했더니 귀찮다고 대답해서 화가 났다.,1188,가족 간이라도 불만사항이 있을 때는 감정적으로 화를내기 보다 상대방이 이해할 수 있도록 차분하게 요청하는 것이 바람직하다.,agency,1,"그렇다, 바람직하다.",바람직하다,1,,0,crd
594,주말 아침부터 직장 상사에게 전화가 와서 업무와 상관 없는 일을 맡기고 오전 중에 처리해 달라고 했다.,1782,공휴일이나 퇴근 후에 부하 직원의 사생활을 존중하여 업무 외적인 연락을 삼갈 필요는 없다.,agency,-1,"아니다, 삼가야 한다.",삼가야 한다,1,,0,crd
510,아랫층 아저씨가 베란다에서 담배를 피우시는데 그 냄새가 우리집으로 올라와서 싫은데 말을 하면 사이가 나빠질까 봐 이러지도 저러지도 못하고 고민이 된다.,1532,갈등이 우려되고 생활에 지속적인 불편이 있어도 문제를 혼자만 감내하는 것이 바람직하다.,agency,-1,"아니다, 그러지 않는 것이 바람직하다.",그러지 않는 것이 바람직하다,1,,0,crd
s-218,아버지부터 저까지 고모부에게 노동 착취를 당했는데 이젠 고모부가 동생까지 노리고 있어요...,f-136,가족에 대한 부당한 침해가 있더라도 대응하는 것은 옳지 않다.,agency,-1,"아니다, 옳다.",옳다,1,,0,kbsn
s-1548,MZ 세대 학생들과 올드 세대 선생님의 좁혀지지 않는 간극⚡,f-852,MZ 세대 학생들의 학부모들은 학생들이 학교에서 생활하는 것을 신경써줘야 한다.,agency,1,"그렇다, 그래야 한다.",그래야 한다,1,,0,kbsn
554,유방암에 걸린 친구에게 위로 전화를 해야 할지 말지 고민했다.,1663,위로 전화를 준 친구에게 상황을 말해주는 것은 바람직하다.,agency,1,"그렇다, 바람직하다.",바람직하다,1,,0,crd
s-2089,동생들한테만 신경 쓰는 아빠에게 너무 서운해요!,f-1242,부모에게 서운한 점을 털어놓으면 안 된다.,agency,-1,"아니다, 그래도 된다.",그래도 된다,1,,0,kbsn
791,병원에서 진료를 받는 도중에 의사가 특정 정당의 지지를 유도하는 질문을 하여 당황스러웠다.,2375,환자와 정치와 관련된 대화를 나눌때에는 조심하는 것이 좋다.,agency,1,"그렇다, 좋다.",좋다,1,,0,crd
s-490,‘제 아들이 가수거든요..’ 전 남편이 허위 사실 유포하며 아들의 앞길을 막고 있어요..,f-420,허위 사실을 유포하는 전 배우자에게 법적인 책임을 요구할 필요가 없다.,agency,-1,"아니다, 필요가 있다.",필요가 있다,1,,0,kbsn
s-467,전처 외도 목격 후 이혼한 돌싱남의 드라마 같은 이야기,f-408,이혼의 귀책 사유가 본인에게 있음을 인정해야 한다.,agency,1,"그렇다, 그래야 한다.",그래야 한다,1,,0,kbsn
355,배달 일을 하던 중에 제 신호에 출발했는데 신호위반을 한 차량이 오히려 나에게 욕을 하며 멈춰세우길래 멈춘뒤 말싸움을 했다.,1065,차량 운전자는 교통 신호를 무시하면 안 된다.,agency,1,"그렇다, 그러면 안 된다.",그러면 안 된다,1,,0,crd
s-1686,매일 싸우는 10살 차이 커플! 그래도 오빠 없인 못 살아요💕🍯,f-995,싸울 때는 누가 잘못했는지 객관적으로 확인해야 한다.,agency,1,"그렇다, 그래야 한다.",그래야 한다,1,,0,kbsn
213,동네 카페에서 노트북으로 작업을 하던 중 옆 사람이 자리에서 일어서다가 음료를 쳐서 키보드가 젖어 전원이 꺼졌다.,640,사고가 발생했을 때에는 즉시 사과하고 상황을 해결하려는 노력이 필요하다.,agency,1,"그렇다, 필요하다.",필요하다,1,,0,crd
618,중고 거래 약속 장소에 나갔는데 판매자가 가격을 갑자기 올리겠다고 해 실랑이가 벌어졌다.,1856,타인에게 물품을 강제적으로 판매해도 된다.,agency,-1,"아니다, 안 된다.",안 된다,1,,0,crd
s-1714,"아들 부부가 보육원에 보낸 손주, 제가 데려와 키워도 될까요..?",f-1020,키워주기로 한 사람에게 은혜를 갚을 필요 없다.,agency,-1,"아니다, 갚아야 한다.",갚아야 한다,1,,0,kbsn
701,사람이 많지 않은 장소에서 뒤에서 걸어오던 사람이 일부러 어깨를 치고 지나가서 매우 불쾌했다.,2103,사람이 많지 않은 공간에서 고의로 타인에게 신체 접촉을 하는 행동은 바람직하다.,agency,-1,"아니다, 바람직하지 않다.",바람직하지 않다,1,,0,crd
444,"아침에 길에서 담배꽁초를 버린 사람과 누군가가 다투는 모습을 보았지만, 개입하기엔 상황이 커질 것 같아 그냥 모른 척 지나쳤다.",1332,길거리에서 담배꽁초를 버리는 행동은 좋지 않다.,agency,1,"그렇다, 좋지 않다.",좋지 않다,1,,0,crd
425,회의에서 내 아이디어가 먼저 나왔는데 다른 사람이 말했을 때 바로잡을지 그냥 넘어갈지 망설였다.,1275,회의 중 아이디어의 출처가 혼동될 경우 사실을 근거로 정중히 바로잡는 것은 바람직하지 않다.,agency,-1,"아니다, 바람직하다.",바람직하다,1,,0,crd
662,"작년에는 내가 너무 바빠서 연락 자체를 잘 못했는데 친구가 왜 이렇게 연락을 안 하냐고 화냈고, 순간 나도 울컥했었다.",1988,서로 처한 상황과 부담을 생각하며 서로의 기대치를 맞추는 것이 좋다.,agency,1,"그렇다, 좋다.",좋다,1,,0,crd
73,직장에서 결혼이나 출산 계획을 묻는 상사의 반복적인 질문으로 사적인 영역이 침해된다고 느껴 불편함과 스트레스를 겪었다.,221,자신의 직위를 고려하지 않고 사적 영역을 침해하는 질문을 하는 것은 바람직하다.,agency,-1,"아니다, 바람직하지 않다.",바람직하지 않다,1,,0,crd
419,"회사 상사가 업무 시간 중에 개인적인 이유로 자리를 비운 상태에서 소장님이 찾을 때 솔직하게 말을 해야 할 지, 거짓말로 둘러댈 지 딜레마에 빠진 적이 있다",1257,상급자와 관련된 민감한 상황일수록 순간적인 회피보다 조직의 신뢰를 고려해 판단하는 태도가 필요하다.,agency,1,"그렇다, 필요하다.",필요하다,1,,0,crd
s-2467,"※발암 주의※ 육아비 1억을 탕진한 아내, 내 절친과 바람까지?",f-1370,혐오를 유발하는 '발암'이라는 과도한 표현을 사용해도 괜찮다.,agency,-1,"아니다, 옳지 않다.",옳지 않다,1,,0,kbsn
478,친척이 나의 직업을 비하하는 발언을 해서 불쾌하고 당황스러웠다.,1436,타인의 직업을 비하하는 행동은 좋지 않다.,agency,1,"그렇다, 좋지 않다.",좋지 않다,1,,0,crd
482,"건물 입구에서 담배를 피우는 사람을 마주쳤지만, 괜한 갈등이 생길까 봐 지적하지 않은 선택이 옳았는지 고민이 들었다.",1446,공공장소에서 흡연하는 것은 사회적으로 바람직하지 않다.,agency,1,"그렇다, 바람직하지 않다.",바람직하지 않다,1,,0,crd
124,회의 중 업무 방식에 대해 상사와 공개적으로 의견이 엇갈려 분위기가 날카로워졌다.,374,상사는 의견 충돌이 있을 때 권위보다는 합리적인 설명을 선택하는 것이 바람직하다.,agency,1,"그렇다, 바람직하다.",바람직하다,1,,0,crd
384,"아파트 지하주차장에서 주차라인을 밟고 주차되어 있는 차가 있었고, 나는 그 옆에 올바르게 주차했는데, 그 차주가 본인이 잘못 주차해놓고 나에게 매너없이 주차했다고 언성을 높였다.",1154,주차 문제를 제기할 때 언성을 높이거나 무례하게 말하는 행동은 적절하지 않다.,agency,1,"그렇다, 적절하지 않다.",적절하지 않다,1,,0,crd
21,뒤에 걸어오는 사람이 술에 취한 것 같아 거동이 힘들어보이는데 도와줘도 될지 말지 고민했다.,2405,술에 취한 사람을 도와줘도 괜찮다.,agency,1,"그렇다, 괜찮다.",괜찮다,1,,1,crd_2nd
s-264,사랑하는 아내를 떠나보냈는데 혼자 아이 잘 키울 수 있겠죠...?,f-222,임종이 가까운 사람은 가족과 충분한 감정적 교류를 하고 건강한 이별을 준비해야 한다.,agency,1,"그렇다, 그래야 한다.",그래야 한다,1,,0,kbsn
s-2140,임신한 아내를 두고 집 나간 남편이 보내온 이혼 서류장🤯,f-1309,임산부는 아이를 위해 최선을 다하지 않아도 된다.,agency,-1,"아니다, 그래야 한다.",그래야 한다,1,,0,kbsn
s-1676,디자이너를 꿈꾸는 치과의사🦷 워킹맘,f-978,일 때문에 아이를 케어하지 못한다면 나쁘다.,agency,1,"그렇다, 나쁘다.",나쁘다,1,,0,kbsn
762,"밥을 달라며 보채는 길고양이를 보았으나, 돈을 아껴야 한다는 생각에 지나쳤다.",2288,공공장소에서 길고양이에게 무분별하게 먹이를 줘도 된다.,agency,-1,"아니다, 적절하지 않다.",적절하지 않다,1,,0,crd
213,동네 카페에서 노트북으로 작업을 하던 중 옆 사람이 자리에서 일어서다가 음료를 쳐서 키보드가 젖어 전원이 꺼졌다.,641,타인의 과실로 손해가 발생한 경우 적절한 조치를 요청할 수 없다.,agency,-1,"아니다, 할 수 있다.",할 수 있다,1,,0,crd
580,아이 학원 상담 자리에서 상담사가 질문에 답하지 않고 홍보 이야기만 이어가 불편함과 당혹감을 느꼈다.,1740,보호자와의 상담에서 보호자의 질문과 관심사에 성실히 응답하며 필요한 정보를 제공하지 않아도 된다.,agency,-1,"아니다, 해야 한다.",해야 한다,1,,0,crd
350,운전 중 적색 신호에 걸려 신호 대기 중인 상태인데 뒷 차가 경적을 울리더니 신호가 바뀐 뒤 내차의 앞에 끼어들기를 하고 저속주행을 하면 진로를 방해했다.,1050,운전 중 시비거는 상대를 만난다면 같이 시비를 거는 것이 좋다.,agency,-1,"아니다, 좋지 않다.",좋지 않다,1,,0,crd
616,"마트 계산대에서 직원이 내 계산을 이중으로 한 것 같았지만, 내가 착각한 건 아닐지 확신이 없어 그냥 지나쳤다.",1849,실수를 했을 때는 사과하고 정정하는 것이 바람직 하다.,agency,1,"그렇다, 바람직 하다.",바람직 하다,1,,0,crd
171,어머니와 아버지가 동생의 결혼 문제로 다툼을 하셨는데 어느 편도 들지 못해 고민이었다,513,배우자와 말다툼을 하는 것은 괜찮다.,agency,-1,"아니다, 좋지 않다.",좋지 않다,1,,0,crd
95,이모가 내 연봉을 물어보면서 사촌 동생과 비교를 해서 당황스럽고 짜증이 났다.,286,가족이 예의에 어긋나는 말을 하면 말리는 것이 좋다.,agency,1,"그렇다, 좋다.",좋다,1,,0,crd
266,"이사 업체 용역이 시간에 맞춰오지 못했는데, 그것에 대해 지적했더니 본인은 업체에서 연락받고 바로 온 것이니 지각이 아니라며 따질 거면 업체에 따지라고 하여 기분이 상했다.",799,약속을 제대로 지키지 못한 업체에 책임을 묻는 것이 옳다.,agency,1,"그렇다, 옳다.",옳다,1,,0,crd
s-480,아내가 쌍둥이 출산 도중 식물인간이 됐어요.. 시설로 보내야 할까요?,f-412,가족 중 현실적으로 건강이 좋아질 가망이 없는 구성원보다 앞으로 성장할 구성원을 우선시하면 안 된다.,agency,-1,"아니다, 우선시 해도 괜찮다 .",우선시 해도 괜찮다 ,1,,0,kbsn
s-2257,아들~그래도 대학은 가야 하지 않겠니..? 졸업 후 취업을 원하는 아들과 반대하는 부모님,f-1339,대학에 진학하는 것은 중요하지 않다.,agency,-1,"아니다, 중요하다.",중요하다,1,,0,kbsn
s-1676,디자이너를 꿈꾸는 치과의사🦷 워킹맘,f-975,치과의사가 본업에 충실할 필요는 없다.,agency,-1,"아니다, 충실해야 한다.",충실해야 한다,1,,0,kbsn
s-1381,"신념 때문에 고기를 먹지 못하는 아내, 설거지도 따로 해야 하는 부부",f-783,특이한 식습관 때문에 다른 사람과 마찰을 겪을 수 있는 사람은 적극적으로 갈등 합의에 임하고 조정하려는 태도를 견지하지 않아도 된다.,agency,-1,"아니다, 해야 한다.",해야 한다,1,,0,kbsn
473,수영장에서 한 회원이 다른 회원의 외모에 대한 평가를 하는 말을 들었지만 괜히 문제가 될까봐 아무 말도 하지 않은 것이 맞았는지 계속 고민이 되었다.,1421,다른 사람의 외모에 대해 평가하는 태도는 좋다,agency,-1,"아니다, 좋지 않다.",좋지 않다,1,,0,crd
s-894,"다시 잘 살아 보려 만난 두 번째 남편, 산후조리 중인 아내에게 폭력을?!",f-552,남편으로부터 폭력을 당했다고 해서 주위에 도움을 요청하면 안 된다,agency,-1,"아니다, 해야 한다.",해야 한다,1,,0,kbsn
693,직장 동료가 사무실에서 업무 중에 수시로 컴퓨터 게임을 하길래 조심스럽게 주의를 줬는데 네가 뭔 상관이냐고 해서 기분이 나빴다.,2079,직장에서는 업무 시간에 게임을 하면 안된다.,agency,1,"그렇다, 그러면 안 된다.",그러면 안 된다,1,,0,crd
626,아파트 단지 놀이터에서 아이들 문제를 이야기하자 한 보호자가 내 아이만 탓하는 듯한 말을 해 언성이 높아졌다.,1879,화가 날 때 상대방의 말에 언성을 높이는 것은 괜챃다.,agency,-1,"아니다, 좋지 않다.",좋지 않다,1,,0,crd
s-2197,"희귀 질환 ′모야모야병′ 있는 중학생 딸, 걱정을 놓을 수 없는 엄마의 고민",f-1327,자식을 향한 과도한 걱정은 문제가 아니다.,agency,-1,"아니다, 문제다.",문제다,1,,0,kbsn
s-288,부모님의 가정폭력과 전 남친의 데이트폭력으로 힘든 시기를 겪은 K-장녀,f-242,자녀에게 폭력을 휘두르는 행동은 옳다.,agency,-1,"아니다, 옳지 않다.",옳지 않다,1,,0,kbsn
s-264,사랑하는 아내를 떠나보냈는데 혼자 아이 잘 키울 수 있겠죠...?,f-223,임종이 가까운 사람은 재산 상속과 관련해 유언장을 작성하는 등 미리 의사결정을 해야 한다.,agency,1,"그렇다, 그래야 한다.",그래야 한다,1,,0,kbsn
515,아이가 아픈 상황이어서 학교선생님께 결석을 요청드렸으나 선생님께서 완강히 거절하셔서 불만을 제기했었는데 내 행동이 부적절했는지에 대해 걱정이 되었다.,1546,교사는 학생의 건강 상태가 좋지 않을 때도 등교를 강요하는 것이 바람직하다.,agency,-1,"아니다, 하지 않는 것이 바람직하다.",하지 않는 것이 바람직하다,1,,0,crd
689,옆집 사람이 아파트 비상구 계단 입구에 개인 적재물을 쌓아 두어 불쾌했다.,2068,법을 위반한 행동에 대해 책임을 지지 않아도 된다.,agency,-1,"아니다, 져야 한다.",져야 한다,1,,0,crd
s-1562,"뇌출혈로 눈물을 잃은 남자, 아내와의 이혼 얘기에 ′키득키득′",f-861,뇌출혈이 생겼을 때는 심신안정을 취하는 것이 좋다.,agency,1,"그렇다, 좋다.",좋다,1,,0,kbsn
729,미용실에서 시술원리에 대해 듣다가 다른 미용실에서 들었던 내용과 달라서 확인요청을 했으나 처음같은 답변을 들어서 재차 확인하고 싶었지만 디자이너의 기분만 상할 것 같아서 포기했다.,2189,손님의 질문에 답변하기가 곤란할 때 솔직하게 말씀드리는 것이 좋다.,agency,1,"그렇다, 좋다.",좋다,1,,0,crd
38,길거리에 떨어진 순금으로 만들어진 얇은 팔찌를 주인을 찾아줄까 내가 가질까 깊은 고민을 했다.,116,"타인이 잃어버린 물건을 주웠다면, 자신의 이익이 아닌 양심에 따라 행동해야 한다.",agency,1,"그렇다, 그래야 한다.",그래야 한다,1,,0,crd
s-2601,두 아들의 싱글맘 성교육을 어떻게 해야 하나요..?!,f-1386,사회적 교육을 통해서 청소년이 성인지 감수성을 일깨울 수 있도록 하는 제도가 필요하다.,agency,1,"그렇다, 필요하다.",필요하다,1,,0,kbsn
353,오늘 산책길에서 운동을 하던 두 사람이 서로 기구를 쓰겠다고 싸움이 났다.,1061,운동기구를 사용할 때는 순서를 지켜서 사용하지 않아도 된다.,agency,-1,"아니다, 해야 한다.",해야 한다,1,,0,crd
15,"동네 헬스장에서 기구를 사용하고 있는데 다른 회원이 허락 없이 사용 방법을 지적해 당황했고, 불편하다고 말하자 예민하다는 반응을 보여 갈등이 생겼다.",45,타인의 행동을 허락없이 지적하는 것은 바람직하지 않다.,agency,1,"그렇다, 바람직하지 않다.",바람직하지 않다,1,,0,crd
s-1714,"아들 부부가 보육원에 보낸 손주, 제가 데려와 키워도 될까요..?",k-1017,할머니가 데려가 키우기로 했더라도 할머니와 절연하면 안 된다.,agency,1,"그렇다, 그러면 안 된다.",그러면 안 된다,1,,1,kbsn_2nd
635,"직장에서 선배가 공개석상에서 내 실수를 크게 지적할 때, 모두의 앞에서 바로 반박할지 그냥 웃어넘길지 고민이 되면서 얼굴이 화끈거렸어.",1906,부당하다고 느끼는 지적이 있을 경우에 적절한 방식으로 자신의 입장을 전달하려는 것은 중요하지 않다.,agency,-1,"아니다, 중요하다.",중요하다,1,,0,crd
194,"일상배상 보험 처리를 하기로 이야기해 두었으나, 서류를 더 제출해야 하는 게 번거로워 남편에게는 보험사 탓을 했다.",2421,"아내가 설명하는 상황을 믿어주고, 세부적인 책임을 즉각적으로 추궁하지 않는 것이 좋다.",agency,1,"그렇다, 좋다.",좋다,1,,1,crd_2nd
195,"퇴근한 남편이 허기지다며 야식을 부탁했지만, 차려 줄 여력이 없어 아이를 재우다 같이 잠든 척했다.",587,어린이는 저녁에 일찍 자야 한다.,agency,1,"그렇다, 그래야 한다.",그래야 한다,1,,0,crd
s-202,친구 아들 데리고 캐나다 이민 가고 싶다는 사연자,f-88,친구를 본인 가족 일에 참여하게 하는 것은 바람직하지 않다.,agency,1,"그렇다, 바람직하지 않다.",바람직하지 않다,1,,0,kbsn
494,"강아지 배변 봉투를 들고 산책을 시키고 있는데, 지나가던 할아버지가 강아지 똥 때문에 동네가 더럽다며 소리를 쳐서 기분이 좋지 않았다.",1482,반려동물과 함께 공공장소를 이용할 때에는 주변 환경을 깨끗하게 관리하고 책임 있는 태도를 가져야 한다.,agency,1,"그렇다, 그래야 한다.",그래야 한다,1,,0,crd
521,친구가 다른 친구 흉을 볼 때 맞장구를 쳐야 할지 말아야 할지 망설였다.,1563,다른 친구의 흉을 보는 것은 좋지 않다.,agency,1,"그렇다, 좋지 않다.",좋지 않다,1,,0,crd
684,시모께서 여러 가지 반찬을 택배로 보내왔는데 너무 맛이 없어 버리는 게 많았지만 맛있게 잘 먹었다고 거짓말을 했다.,2054,호의로 음식을 보낼 때는 받는 사람의 취향이나 상황을 고려하는 것이 바람직하다.,agency,1,"그렇다, 바람직하다.",바람직하다,1,,0,crd
745,아파트 단지에서 떨어진 지갑을 발견했지만 귀찮아서 경비실에 맡기지도 않고 돌아섰다.,2235,분실 지갑을 발견하여 관리사무소나 경비실에 인계하는 것은 바람직하지 않다.,agency,-1,"아니다, 바람직하다.",바람직하다,1,,0,crd
701,사람이 많지 않은 장소에서 뒤에서 걸어오던 사람이 일부러 어깨를 치고 지나가서 매우 불쾌했다.,2105,공공장소에서는 타인의 신체적 공간을 존중하며 행동하는 것이 중요하다.,agency,1,"그렇다, 중요하다.",중요하다,1,,0,crd
s-888,"남친의 '전 여친' 언급 이후, 심해진 내 집착에 이별 통보한 남친...😭",f-544,여자친구에게 전여친에 대해 언급하는 것은 바람직하다.,agency,-1,"아니다, 바람직하지 않다.",바람직하지 않다,1,,0,kbsn
s-1327,"일주일 만에 순삭 한 680만 원😱 전남친에게 핸드폰, 컴퓨터 선물한 고1",f-742,"가족은 다른 미성년 가족 구성원이 옳지 않은 행동을 했을 경우, 계도하고 적절한 훈육을 통해 같은 잘못을 저지르지 않도록 타일러야 한다.",agency,1,"그렇다, 그래야 한다.",그래야 한다,1,,0,kbsn
496,"친구들과 약속 장소를 정하는데, 친구 한 명이 매번 자신의 동네 근처로 약속 장소를 정해서 속상했다.",1489,친구들과의 모임에서 어떤 한 사람의 의견을 계속 들어주는 것은 좋지 않다.,agency,1,"그렇다, 좋지 않다.",좋지 않다,1,,0,crd
416,"고등학생 때 약속 시간마다 늦던 친구가 오늘은 만나지 못하겠다고 해서, 전화로 앞으로는 만나지 말자고 말했다.",1248,타인과 약속을 했을 때는 상대방의 시간을 존중하여 정해진 시간을 엄격히 준수해야 한다.,agency,1,"그렇다, 그래야 한다.",그래야 한다,1,,0,crd
s-288,부모님의 가정폭력과 전 남친의 데이트폭력으로 힘든 시기를 겪은 K-장녀,f-246,연인 사이에는 상호간의 존중이 필요하다.,agency,1,"그렇다, 필요하다.",필요하다,1,,0,kbsn
157,"직장을 구해야 하는데, 나는 성격이 내성적이어서 재택 근무를 해야 하나 고민이 된다.",473,직장을 구할 때 원하는 조건을 명확히 하는 것이 바람직하다.,agency,1,"그렇다, 바람직하다.",바람직하다,1,,0,crd
42,남편이 나한테 시누이가 설거지를 계속하면 힘드니 가서 내가 대신 설거지를 하라고 눈치를 줘서 기분이 안 좋았다.,128,가사 분담으로 불편함을 느낄 때에는 일방적으로 참기보다 자신의 입장을 분명히 전달하는 것이 바람직하다.,agency,1,"그렇다, 바람직하다.",바람직하다,1,,0,crd
135,내가 알바하고 있는 가게 사장님이 장사가 잘 안된다고 친구에게 토로했는데 공감을 잘 안해준다며 화를 내셨다.,405,다른 사람이 개인 사정에 대해 공감을 잘 안 해주더라도 화를 내서는 안 된다.,agency,1,"그렇다, 그래서는 안 된다.",그래서는 안 된다,1,,0,crd
663,친구가 너무 욕설을 자주 해서 조금 자중해달라고 부탁했었는데 친구는 크게 불쾌함을 느껴서 한동안 서로 불편했던 경험이 있다.,1989,일상적인 대화에서 사람들에게 불쾌감을 줄 수 있는 욕설을 반복적으로 하는 것은 바람직하다.,agency,-1,"아니다, 바람직하지 않다.",바람직하지 않다,1,,0,crd
124,회의 중 업무 방식에 대해 상사와 공개적으로 의견이 엇갈려 분위기가 날카로워졌다.,373,회의에서 상사의 의견에 반대하더라도 표현을 정중하게 하는 것이 바람직하다.,agency,1,"그렇다, 바람직하다.",바람직하다,1,,0,crd
483,"지각한 동료를 대신해 출석 체크를 해주었는데, 이렇게 행동한 것이 옳았는지 마음에 걸렸다.",1451,공동체에서 정해진 규칙과 절차는 구성원 모두가 공정하게 지켜야 한다.,agency,1,"그렇다, 그래야 한다.",그래야 한다,1,,0,crd
355,배달 일을 하던 중에 제 신호에 출발했는데 신호위반을 한 차량이 오히려 나에게 욕을 하며 멈춰세우길래 멈춘뒤 말싸움을 했다.,1067,공공장소에서 싸우는 것은 바람직하지 않다.,agency,1,"그렇다, 바람직하지 않다.",바람직하지 않다,1,,0,crd
356,"친구가 타 지역에서 본인이 버스를 놓쳤는데, 택시비는 아깝다며 내가 차가 있으니 데리러오라는 소리에 상당히 불쾌했다.",1068,친구를 도와주는 것에 큰 어려움이 없다면 도와주는 것은 좋지 않다.,agency,-1,"아니다, 좋다.",좋다,1,,0,crd
545,"조별 과제 중 팀원이 마감 기한을 지키지 못했을 때, 팀원의 사정을 고려해 비밀로 해줘야 할지 아니면 원칙대로 감점을 요청해야 할지 판단하기 어려워 갈등했습니다.",1635,"공동 과제에서는 정해진 마감 기한을 지키는 것이 기본적인 책임이며, 이를 지키지 못할 경우 사전에 소통하고 책임을 공유하는 태도가 필요하다.",agency,1,"그렇다, 필요하다.",필요하다,1,,0,crd
s-342,아버지 친구 믿고 4억 원 투자한 남동생,f-283,가족의 사생활을 함부로 말하는 것은 옳지 않다.,agency,1,"그렇다, 옳지 않다.",옳지 않다,1,,0,kbsn
41,나와 내 남편의 소개로 결혼하게 된 지인이 우리 부부에게 아무런 대접을 하지 않아 기분이 매우 나빴다.,123,감사나 대접이 없다는 이유만으로 관계의 가치를 단정하는 행동은 문제 없다.,agency,-1,"아니다, 바람직하지 않다.",바람직하지 않다,1,,0,crd
30,병원에서 진료 순서를 두고 다른 환자와 의견이 엇갈리며 잠시 실랑이가 벌어졌다.,91,진료 대기와 관련해 이견이 생기더라도 타인의 상황을 존중하며 병원의 안내에 따라 질서를 유지하는 것은 적절하지 않다.,agency,-1,"아니다, 적절하다.",적절하다,1,,0,crd
320,친구에게 생일 선물을 줬는데 '고맙지만 내가 이 색깔이 잘 안 어울려'라는 말에 기분이 상했다.,961,선물을 받았을 때는 설령 본인의 취향과 다르더라도 준 사람의 성의와 마음을 생각하여 먼저 감사를 표현하는 것이 예의이다.,agency,1,"그렇다, 예의이다.",예의이다,1,,0,crd
s-189,데이트 앱으로 만난 전남친의 아이... 이제라도 양육비 받고 싶어요,f-80,자신의 아이가 맞더라도 양육비를 공동부담하지 않아도 된다.,agency,-1,"아니다, 해야 한다.",해야 한다,1,,0,kbsn
s-1422,여친에게 일거수일투족 보고해야 하는 남친,f-794,연인의 개인 시간을 존중하지 않아도 된다.,agency,-1,"아니다, 해야 한다.",해야 한다,1,,0,kbsn
422,친정 아버지가 홀로 계시는데 자주 전화를 걸어야 하는데 바쁘다는 핑계로 자주 전화를 못했다,1267,바쁘다는 이유로 가족과의 연락을 미루는 것은 적절하다.,agency,-1,"아니다, 적절하지 않다.",적절하지 않다,1,,0,crd
s-149,15살 연상 여친과 잘 사귀고 있는데... 사람들 시선 때문에 상처받아요,f-50,주변의 연애에 함부로 참견하는 것은 옳은 행동이다.,agency,-1,"아니다, 옳지 않다.",옳지 않다,1,,0,kbsn
s-2133,동생에게 어머니 간 이식을 부탁해도 될까요?,f-1297,장기 이식을 요구했다면 그 이후의 관계 변화까지 책임질 준비를 하는 것이 옳다.,agency,1,"그렇다, 옳다.",옳다,1,,0,kbsn
600,최근 크리스마스에 안부를 보낸 친구의 연락을 바쁘다는 핑계로 거의 무시해서 한편으로는 미안한 마음이 들었다.,1800,상대의 관심에 대해 최소한의 반응을 보이는 것이 좋다.,agency,1,"그렇다, 좋다.",좋다,1,,0,crd
428,친구와 여행 계획을 세우는 과정에서 비용 부담에 대한 생각이 달라 말다툼이 생겼다.,1285,다른 사람과 의견이 다를 때에는 자신의 주장만을 내세우지 말고 대화를 통해 서로의 입장을 존중하는 것이 옳다.,agency,1,"그렇다, 옳다.",옳다,1,,0,crd
s-1001,"여전히 남아있는 탈북민 혐오 ""딸이 유명해지면 상처가 될까봐...""",f-592,타인을 함부로 혐오해도 된다,agency,-1,"아니다, 안된다.",안된다,1,,0,kbsn
116,"재혼을 하기로 마음 먹었는데, 가족들과 대화 중 이를 비판하는 말을 들어 마음이 불편해졌다.",349,가족들과 대화 중 마음이 불편하더라도 바로 화를 내어도 괜찮다.,agency,-1,"아니다, 안된다.",안된다,1,,0,crd
s-1729,아들에게 미안한 마음에 손주라도 제대로 키우고 싶은 할머니..,f-1044,타인의 사정을 깊게 헤아려 볼 필요는 없다.,agency,-1,"아니다, 해야한다.",해야한다,1,,0,kbsn
s-343,"아버지가 사기꾼의 편을 드는 상황, 올케는 아버지까지 같이 고소하겠대요",f-298,웃어른에게 예의 없이 굴어도 된다.,agency,-1,"아니다, 안 된다.",안 된다,1,,0,kbsn
697,친구의 상황을 모른 상태로 나눈 대화가 친구에게 자랑으로 들렸을 것 같아 마음에 걸린다.,2092,대화를 할 때는 상대방의 감정을 잘 살펴야 한다.,agency,1,"그렇다, 그래야 한다.",그래야 한다,1,,0,crd
s-1573,"러시아 여친과의 결혼을 반대하시는 부모님, 설득 시킬 수 있을까요 ᅲᅲ",f-875,화자의 모국어인 한국어를 배우는 것은 좋지 않다.,agency,-1,"아니다, 좋다.",좋다,1,,0,kbsn
193,지구오염에 걱정이 많은 아이 앞에서 그 아이의 간식비닐을 뜯어주다 손에서 떨어진 작은 비닐조각을 무시했다.,580,어른이 아이 앞에서 말과 행동이 일치하는 모범적인 모습을 보일 필요 없다.,agency,-1,"아니다, 보여야 한다.",보여야 한다,1,,0,crd
s-639,과격한 성향의 현 남편을 떠나 홀로 아들 잘 키울 수 있을까요?,f-499,남편과는 안전하다는 전제 하에 충분히 이야기를 나누어야 한다.,agency,1,"그렇다, 그래야 한다.",그래야 한다,1,,0,kbsn
791,병원에서 진료를 받는 도중에 의사가 특정 정당의 지지를 유도하는 질문을 하여 당황스러웠다.,2374,환자에게 의료행위와 관련이 없는 발언을 삼가는 것은 좋지 않다.,agency,-1,"아니다, 좋다.",좋다,1,,0,crd
s-1613,"3달 동거하며 천만 원을 잃은 대학생, 전 여친은 잠수 中",f-907,전 여친을 의심하며 경찰 수사를 하는 것이 좋다.,agency,1,"그렇다, 좋다.",좋다,1,,0,kbsn
197,"직장 상사에게 “믹스커피를 마시면 살이 찌는데 왜 먹느냐”는 말을 들은 뒤, 향이 좋아 커피를 탔을 뿐인데 괜히 문제를 만든 것처럼 책망을 받아 속상했다.",592,상사에게 속상한 마음을 털어놓아도 괜찮다.,agency,1,"그렇다, 괜찮다.",괜찮다,1,,0,crd
s-1230,이혼 후 혼자 키우는 7살 딸에게 아빠의 부재를 어떻게 말할까요?,f-709,부모님의 선택을 존중하고 수용하는 것은 필요하지 않다.,agency,-1,"아니다, 수용해야 한다.",수용해야 한다,1,,0,kbsn
s-2075,아버지 몰래 대학 등록금까지 가져갔던 새어머니와 형제간의 사이,f-1233,자녀의 학업 자금을 동의 없이 가져가는 행위는 옳지 않다.,agency,1,"그렇다, 옳지 않다.",옳지 않다,1,,0,kbsn
s-529,엄마와 언니 때문에 다이어트를 자꾸 실패해요! 다이어트하고 싶은데 어떻게 해야 하죠?,f-451,어린 가족 구성원을 방해하는 것은 나쁜 행동이 아니다.,agency,-1,"아니다, 나쁘다.",나쁘다,1,,0,kbsn
179,집에서 가족이 내 물건을 허락 없이 써서 불편했다.,537,다른 사람의 물건을 쓸 때는 허락을 받고 사용해야 한다.,agency,1,"그렇다, 그렇게 해야한다.",그렇게 해야한다,1,,0,crd
s-1677,"′′안아 줘!′′, ′′뽀뽀해 줘!′′😘 동성 친구들에게 인기 폭발인 남자의 고민",f-985,싫다는 사람에게 행동을 강요해서는 안된다.,agency,1,"그렇다, 그러면 안 된다.",그러면 안 된다,1,,0,kbsn
319,"친구가 문구점에서 볼펜을 몰래 가져가는 것을 봤을 때, 제재하거나 사장님께 말하는 것이 맞지만 친구라 말할 수 없었다.",959,타인이 잘못된 행동을 하려고 하면 제재하는 것이 옳다.,agency,1,"그렇다, 옳다.",옳다,1,,0,crd
517,지하철에서 남녀가 싸우는데 괜히 둘 사이에 끼어드는것 같아 무시했는데 싸움을 말렸어야 했는지 자꾸 신경쓰이고 걱정이 됐다.,1551,다수의 시민이 이용하는 공용 공간에서는 상호 간의 예절을 지키고 정숙한 분위기를 유지하기 위해 함께 노력해야 한다.,agency,1,"그렇다, 그래야 한다.",그래야 한다,1,,0,crd
s-257,이혼 후 돈이 없어 자녀들과 노숙 생활을 하다 만남 양아버지의 성희롱,f-208,타인을 부양하는 위치에 있거나 도움을 주는 관계에 있더라도 상대방의 인격과 존엄성을 침해해서는 안 된다.,agency,1,"그렇다, 그러면 안 된다.",그러면 안 된다,1,,0,kbsn
150,저녁 약속을 했던 친구가 아프다고 약속을 취소하더니 저녁에 다른 사람과 밥 먹는 걸 보게 되어 기분이 나빴다.,450,거짓말을 하는 친구의 속 사정을 알아보려고 노력할 필요는 없다.,agency,-1,"아니다, 노력하는 것이 바람직하다 .",노력하는 것이 바람직하다 ,1,,0,crd
s-1743,여자친구가 딩크를 결심한 이유를 듣고 운 남자친구,f-1053,슬플 때이더라도 마음대로 울면 안 된다.,agency,-1,"아니다, 울어도 된다.",울어도 된다,1,,0,kbsn
s-346,"아버지, 언니와 절연한 상태예요. 이대로 지내도 괜찮을까요?",f-306,동생과 절연하는 것은 상관없다.,agency,1,"그렇다, 상관없다.",상관없다,1,,0,kbsn
s-559,여자친구가 있는 상태에서 좋아하던 누나에게 연락해서 차였다는 남자?!,f-474,상대방이 여자친구가 있는 사실을 알면서 여지를 주어도 된다.,agency,-1,"아니다, 안 된다.",안 된다,1,,0,kbsn
280,친구들과 여행을 가서 먹을 음식들을 구매하는데 심사숙고해서 무난한 삼겹살이 아닌 양념갈비를 골랐는데 싫다고해서 속상했다.,842,다수가 모인 모임에서는 무난한 결정을 하는 것을 먼저 생각해보는 것은 좋지 않다.,agency,-1,"아니다, 좋다.",좋다,1,,0,crd
420,아랫집 천장 누수문제로 누수탐지를 했지만 우리집에서 원인을 찾지 못했는데도 우리에게 책임이 있다고 우겨 갈등이 발생한 적이 있다.,1261,이웃간 문제가 생겼을 때 무조건 이웃의 탓으로 돌리는 것은 괜찮다.,agency,-1,"아니다, 바람직하지 않다.",바람직하지 않다,1,,0,crd
s-227,집안일과 동생 육아로 인한 스트레스로 육아 우울증까지 찾아왔었는데.. 갑자기 돌연사한 엄마,f-152,우울증의 원인을 집안일과 육아로 단정하는 것은 옳지 않다.,agency,1,"그렇다, 옳지 않다.",옳지 않다,1,,0,kbsn
551,업무중 일이 잘못되었는데 내가 지시한 일이아니였는데도 내가 책임을 졌다.,1654,업무 중에 중간중간 진행상태를 확인하는 것은 좋지 않다.,agency,-1,"아니다, 좋다.",좋다,1,,0,crd
462,어제 저녁 가족과 뉴스에 대해 이야기 하다 의견 다툼이 났다,1386,자신과 생각이 다른 가족의 의견을 존중하는 태도로 말하는 것이 옳다.,agency,1,"그렇다, 옳다.",옳다,1,,0,crd
91,"나에게 늘 도움을 청하는 친구가 또 도움을 청하였는데, 나에게 너무 의존할 거 같아 도움을 주어야 할지 고민을 했다.",273,반복적으로 도움을 요청할 때는 상대의 상황과 부담을 배려해야 한다.,agency,1,"그렇다, 그래야 한다.",그래야 한다,1,,0,crd
715,상사가 퇴근 후에도 업무 메신저로 일을 지시했지만 개인 시간을 지켜야 할지 바로 대응해야 할지 망설였다.,2146,상사의 업무 지시가 있을 경우에 바로 대응하는 것은 좋지 않다.,agency,-1,"아니다, 좋다.",좋다,1,,0,crd
16,"카카오톡 단체방에서 일정 조율 중 한 사람이 내 답장을 무시한 채 결정을 바꿔 발표해, 존중받지 못한다는 느낌이 들어 불편했다.",50,동기와 갈등이 있어도 바로 다투지 않는 것이 좋다.,agency,1,"그렇다, 좋다.",좋다,1,,0,crd
s-430,"남친과 이별 후 절친에게 배신당했어요, 어떻게 해야 할까요?",f-378,이별 후에도 서로에 대한 예의를 지켜야한다.,agency,1,"그렇다, 그래야 한다.",그래야 한다,1,,0,kbsn
144,"놀이터에서 아이 두 명이 다툰 걸 목격했는데, 해당 아이의 부모님들이 이야기하실 때 도움을 주지 못했다.",434,아이들 간의 다툼이 발생했을 때 부모는 감정적 대응을 피하고 사실 확인을 우선하는 것이 적절하다.,agency,1,"그렇다, 적절하다.",적절하다,1,,0,crd
63,아이를 차에 태워 학원에 데려다 줘야하는데 지각을 할 것 같아 안전이 최 우선임에도 불구하고 신호를 무시하고 정각에 데려다 주었다.,190,학생은 학교나 학원 등에 늦지 않게 시간 관리를 철저히 하는 것이 바람직하다.,agency,1,"그렇다, 바람직하다.",바람직하다,1,,0,crd
36,지하철에서 앉아있는데 어떤 아저씨가 앉아있는 사이로 손을 집어넣고 내허벅지 쓰다듬어서 어이없고 황당하고 당혹스럽고 수치스러웠다 .,108,공공장소에서 신체 접촉 등 범죄 피해를 입었을 때는 주변에 도움을 요청하거나 즉시 신고하여 자신의 안전을 지켜야 한다.,agency,1,"그렇다, 그래야 한다.",그래야 한다,1,,0,crd
704,낮잠을 자다가 지인이 초인종을 눌렀을 때 집에 있으면서 없는 척 할지 고민했다.,2114,"사적인 공간을 방문할 때 상대의 일정과 휴식을 존중하고, 원치 않으면 무리하게 만나려 하는 것은 좋다.",agency,-1,"아니다, 그러지 않는 것이 좋다.",그러지 않는 것이 좋다,1,,0,crd
s-890,두 남편이 저지른 외도와 폭력... 싱글맘 됐지만 아이 잘 키우고 싶어요,f-547,싱글맘은 기죽지 말고 잘 살면 안 된다.,agency,-1,"아니다, 잘 살아야 한다.",잘 살아야 한다,1,,0,kbsn
671,"잔돈이 없어서 절 시주함에 만원을 넣고, 안에 있던 다른 사람이 시주한 5천원을 꺼내갔다.",2013,다른 사람이 준비한 돈을 사용하기 전에 먼저 자신의 의도를 설명하는 것은 적절하지 않다.,agency,-1,"아니다, 적절하다.",적절하다,1,,0,crd
646,친구가 오뚜기 주부패널을 함께 하자고 했는데 거리가 멀어서 접수하기 싫었고 친구에게는 접수했으나 서류전형에서 탈락했다고 말했다.,1939,상대가 제안을 거절하는 의사를 밝히더라도 그 결정을 존중하는 태도를 가져서는 안 된다.,agency,-1,"아니다, 가져야 한다.",가져야 한다,1,,0,crd
155,유치원 학예회에서 친구 자녀의 무대가 별로였지만 너무 잘 했다고 거짓말을 했다.,467,공연을 했을 때는 다양한 반응을 자연스럽게 받아들이는 태도가 필요하다.,agency,1,"그렇다, 필요하다.",필요하다,1,,0,crd
774,"아이가 아파서 회사에 지각을 했는데 직장 상사가 ""너만 애 키우니? 여기 다 애 키워도 너처럼은 안 해.""라고 말해서 속상했다.",2324,직장 상사는 자신의 지위와 권한을 고려하여 부하 직원의 개인적 상황을 존중하지 않고 상처가 될 수 있는 말이나 비교하는 표현을 사용해도 된다.,agency,-1,"아니다, 그러지 않아야 한다.",그러지 않아야 한다,1,,0,crd
453,병원에 있을때 다른 환자가 다른 사람들한테 위협했는데 내가 하지 말라고 말렸지만 나한테 욕설과 폭언을 더 많이 했다.,1361,다른 사람을 위협하는 것은 좋지 않다.,agency,1,"그렇다, 좋지 않다.",좋지 않다,1,,0,crd
s-1595,"반반 월세 하면 동거 안 한다는 여친, 더 내려니 억울한 남친",f-893,월세가 좀 더 싼 집을 알아보는 것이 좋다.,agency,1,"그렇다, 좋다.",좋다,1,,0,kbsn
s-341,"언니의 칼부림, 아버지의 가정폭력과 알코올 중독",f-282,술을 마실 때 가정뿐 아니라 사회에서도 예의를 지키는 것은 옳지 않다.,agency,-1,"아니다, 옳다.",옳다,1,,0,kbsn
631,"대학생 때 선배가 보고서를 대신 써 달라고 부탁했을 때, 거절하면 사이가 어색해질까 봐 맡긴 했지만 이게 공정한 일인지 계속 마음에 남아 있었다.",1895,자신의 지위를 이용해서 상대방을 곤란하게 하는 것은 좋은 행동이다.,agency,-1,"아니다, 좋지 않다.",좋지 않다,1,,0,crd
s-2140,임신한 아내를 두고 집 나간 남편이 보내온 이혼 서류장🤯,f-1310,남편은 가정과 배우자에게 최선을 다하지 않아도 된다.,agency,-1,"아니다, 그래야 한다.",그래야 한다,1,,0,kbsn
268,대중교통에서 옆 아주머니가 대뜸 대통령 투표 누구할거냐고 물어보길래 불편하다고 얘기했다.,805,대중교통에서 민감한 정치적 질문을 하는 것은 실례가 되는 행동이어도 삼갈 필요는 없다.,agency,-1,"아니다, 삼가는 것이 좋다.",삼가는 것이 좋다,1,,0,crd
413,"평소에는 아이에게 횡단보도에서 뛰지말라고 가르쳐 왔지만, 오늘은 등교시간에 늦을까봐 파란불이 켜지자 마자 뛰어서 건넜다.",1239,아무리 바빠도 횡단보도에서 뛰어서 건너면 안된다고 아이에게 훈계를 해야 한다.,agency,1,"그렇다, 그래야 한다.",그래야 한다,1,,0,crd
618,중고 거래 약속 장소에 나갔는데 판매자가 가격을 갑자기 올리겠다고 해 실랑이가 벌어졌다.,1854,구매 품목의 가격 변동 시 물건을 구매하지 않아도 된다.,agency,1,"그렇다, 그러지 않아도 된다.",그러지 않아도 된다,1,,0,crd
s-2084,제 아이들을 두고 남친 아이 셋을 키우자니 마음이 무겁습니다,f-1236,본인의 사랑 때문에 자식들에게 불리한 선택을 하는 것은 옳지 않다.,agency,1,"그렇다, 옳지 않다.",옳지 않다,1,,0,kbsn
223,차문을 열다가 옆차에 문이 부딪혔는데 옆차 안에 사람이 타고 있었다.,669,주차된 차량 옆에서 차문을 열 때는 주변 차량에 부딪히지 않도록 주의해야 한다.,agency,1,"그렇다, 그래야 한다.",그래야 한다,1,,0,crd
s-1627,라방이 이어 준 25살 차이 부부💝 둘째 낳자는 27살 아내?😳,f-909,둘째를 가지려 할 때 둘째까지 키울 수 있는지 신중히 생각하는 것이 좋다.,agency,1,"그렇다, 좋다.",좋다,1,,0,kbsn
s-401,췌장암 말기에도 바람 핀 아버지... 어머니와 제가 연을 끊어도 될까요...?,f-366,신뢰를 저버린 배우자와 갈라서는 것이 옳다.,agency,1,"그렇다, 옳다.",옳다,1,,0,kbsn
s-2096,내 20년 지기 친구와 환승 이별한 전 여자친구,f-1253,현재 연애 관계가 지속되는 동안 다른 관계를 준비하는 것은 옳지 않다.,agency,1,"그렇다, 옳지 않다.",옳지 않다,1,,0,kbsn
s-1677,"′′안아 줘!′′, ′′뽀뽀해 줘!′′😘 동성 친구들에게 인기 폭발인 남자의 고민",f-992,범죄자라도 욕해서는 안 된다.,agency,-1,"아니다, 해도 된다.",해도 된다,1,,0,kbsn
s-1372,"술고래 예비신부, 음주를 싫어하는 예비신랑",f-779,연인의 음주습관이 불건강할 경우 고쳐나갈 수 있도록 적극적으로 관여하고 충고하면 안 된다.,agency,-1,"아니다, 해야 한다.",해야 한다,1,,0,kbsn
s-119,유방암 3기에 아이 둘까지... 이혼한 전남편한테 양육비 받을 수 있을까요?,f-32,부모가 이혼했더라도 아이들에겐 부모의 보살핌을 받을 권리가 있다.,agency,1,"그렇다, 그럴 권리가 있다.",그럴 권리가 있다,1,,0,kbsn
664,지하철에서 어떤 사람이 내 가방을 치고 갔었는데 하필 내가 아끼던 열쇠고리가 떨어져 속상했었다.,1993,타인의 물건에 피해를 주었을 경우 사과해야 한다,agency,1,"그렇다, 그래야 한다.",그래야 한다,1,,0,crd
320,친구에게 생일 선물을 줬는데 '고맙지만 내가 이 색깔이 잘 안 어울려'라는 말에 기분이 상했다.,962,"가까운 사이일수록 서로의 배려에 감사함을 표현해야 하며, 솔직함이 상대방의 기분을 상하게 하지 않도록 대화의 기술을 갖추는 것이 중요하다.",agency,1,"그렇다, 중요하다.",중요하다,1,,0,crd
20,굉장히 업무로 바쁜 상황 속에서 문을 쾅쾅 닫는 사람에게 문을 살살 닫아달라고 할지 말지에 대해 고민했다.,61,공공장소에서 타인에게 방해가 되지 않도록 문을 살살닫는 것이 바람직하다,agency,1,"그렇다, 바람직하다.",바람직하다,1,,0,crd
782,지하철을 탑승하기 위해 줄을 서 있었는데 지하철이 도착하자 갑자기 어떤 아주머니가 옆에서 밀고 들어와 새치기를 하고 먼저 타버렸다.,2348,새치기를 한 아주머니에게 사과를 요구하면 안 된다.,agency,-1,"아니다, 할 수 있다.",할 수 있다,1,,0,crd
559,서울에 살면서 집값으로 고민하는 친구에게 지방살이를 권했더니 자신을 무시한다며 화를 냈다.,1677,친구의 상황을 이해하고 적절한 조언을 하여야 한다,agency,1,"그렇다, 그래야 한다.",그래야 한다,1,,0,crd
239,"미용실에서 머리를 잘랐는데, 원하는 스타일대로 잘라주지 않아 환불 등 불만을 말해야 할지 고민했다.",719,불만이 있음에도 아무 소통 없이 지나가는 것은 바람직하다.,agency,-1,"아니다, 바람직하지 않다.",바람직하지 않다,1,,0,crd
119,동료의 실수를 발견했지만 바로 말하면 관계가 틀어질까봐 망설였고 결국 말해주지 못했다,358,자신의 업무에서 발생한 실수는 스스로 점검하는 것이 바람직 하다.,agency,1,"그렇다, 바람직하다.",바람직하다,1,,0,crd
407,"친구가 자녀로 인해 힘들어하며 조언을 구했지만, 솔직하게 말하는 것이 도움이 될지 상처가 될지 고민했다.",1222,자녀로 인해 힘들 때 조언을 구하면 안 된다.,agency,-1,"아니다, 구할 수 있다.",구할 수 있다,1,,0,crd
s-402,"중2 고민남을 형제복지원에 가둔 계모, 지옥 같은 6년을 보냈어요...",f-369,어려운 환경에 처한 아동을 어른으로서 도와주지 않아도 된다.,agency,-1,"아니다, 도와야 한다 .",도와야 한다 ,1,,0,kbsn
98,거래처에 갔는데 팀장님에게 인사하고 나는 투명인간 취급을 하는 태도에 불쾌했다.,296,부하 직원이 무시를 당할 때 상사로서 제대로 역할을 하지 않아도 된다.,agency,-1,"아니다, 역할을 해야한다.",역할을 해야한다,1,,0,crd
s-200,아내 바로 옆에서 아내 절친이랑 수위 높은 스킨쉽 가진 남편,f-87,친구 남편이 매력적이면 정말 절친이라도 유혹을 물리치거나 자제하지 않아도 된다.,agency,-1,"아니다, 해야 한다.",해야 한다,1,,0,kbsn
s-179,갑자기 생긴 새아버지의 극심한 폭언과 폭행 속에 살고 있는 그녀의 충격적인 사연은?!,f-69,가정 폭력에 처해있는 사람을 알게 되었을 때 방관해도 된다.,agency,-1,"아니다, 안 된다.",안 된다,1,,0,kbsn
402,"남자친구가 회사 사람들과 밤새도록 술을 마셨는데, 새벽까지 여자 동료도 함께 있었다는 것에 화가 나 싸움이 발생했다.",1208,이성 동료와의 관계는 오해를 살 수 있어 선을 지켜야 한다,agency,1,"그렇다, 그래야 한다.",그래야 한다,1,,0,crd
68,스타일 변신을 위해 머리를 기르고 있었는데 주변에서 남자는 머리 기르는거 아니라고 해서 어처구니가 없었다.,206,전후사정을 모르면서 함부로 충고하는 것은 무례하다.,agency,1,"그렇다, 무례하다.",무례하다,1,,0,crd
s-434,"채팅으로 만났던 아내 하지만 2번의 외도로 이혼, 요즘 술집에서 만났던 알바생이 끌려요",f-382,"외도를 한 배우자에 대해 정신적, 육체적 피해를 근거로 이혼을 요구할 수 없다.",agency,-1,"아니다, 할 수 있다.",할 수 있다,1,,0,kbsn
535,동호회에 새로 가입했는데 처음 보는 사람이 나이를 묻고 나서 자신이 나이가 많다며 바로 하대를 해서 불쾌했다.,1607,처음 보는 자리에서 바로 나이 먼저 묻는 것은 좋지 않다,agency,1,"그렇다, 좋지 않다.",좋지 않다,1,,0,crd
773,"아이가 어렸을 때 발화가 빠르지 않았는데, 그 모습을 보던 시어머니가 ""우리 아들은 어릴 때부터 뭐든 빨랐는데, 누굴 닮았는지""라고 말해서 기분이 좋지 않았다.",2320,"배우자가 고부 관계에서 언행으로 인해 상처를 입었을 때, 남편은 상황을 방관하지 않고 배우자의 마음을 공감하며 중재자의 역할을 수행해야 한다.",agency,1,"그렇다, 그래야 한다.",그래야 한다,1,,0,crd
92,"친구들과 함께 이야기하는 채팅방에서 불편한 이야기가 나오는데, 지적하면 분위기를 망칠까 봐 하지 않았다.",277,대화 중 타인에게 불편함을 줄 수 있는 주제를 계속 이어가는 것은 바람직하지 않다.,agency,1,"그렇다, 바람직하지 않다.",바람직하지 않다,1,,0,crd
s-1714,"아들 부부가 보육원에 보낸 손주, 제가 데려와 키워도 될까요..?",f-1013,누구의 아이든 아이가 동의해도 데려와 키우면 안 된다.,agency,-1,"아니다, 그래도 된다.",그래도 된다,1,,0,kbsn
s-247,아내의 문자에서 드러난 불륜남과의 이혼 전 성관계 사실,f-175,혼인 중인 사람과 사적인 관계를 맺는 행동은 피해야 한다.,agency,1,"그렇다, 피해야 한다.",피해야 한다,1,,0,kbsn
s-1325,아내의 전남친이 어떻게든 번호를 찾아내는 이유는?,f-735,"헤어진 연인에게 이미 다른 연인이 생겼더라도, 연락을 삼가지 않아도 된다.",agency,-1,"아니다, 삼가야 한다 .",삼가야 한다 ,1,,0,kbsn
412,"아침 출근시간에 늦을까봐 엘리베이터를 먼저 타고 갈지, 무거운 짐을 든 이웃을 기다릴지 고민했다.",1237,엘리베이터를 먼저 탄 사람이 자신을 기다려 주지 않았을 때 이해하는 것은 바람직하지 않다.,agency,-1,"아니다, 바람직하다.",바람직하다,1,,0,crd
403,"언니와 주말에 놀러 가기로 약속했는데, 전날 술을 마셔 숙취가 있었다. 갈 수 있을 만한 상태였음에도 가지 않겠다고 하면서 언니의 기분이 상해 싸움이 벌어졌다.",1211,언니는 감정이 상하더라도 즉각적인 비난으로 대응하지 말아야 한다.,agency,1,"그렇다, 그래야 한다.",그래야 한다,1,,0,crd
247,스타벅스에서 자리를 찾고 있는 가족들이 보이길래 빨리 먹고 비켜줄지 말지를 고민했다.,742,카페 좌석은 장시간 독점하지 말고 다른 사람을 위해 비워줘야 한다.,agency,1,"그렇다, 그래야 한다.",그래야 한다,1,,0,crd
s-1057,놀러오는 지인들에게 ′너무′ 퍼주다 지친 남자🫠,f-604,호의를 받았으면 말이나 행동으로 감사 표현을 하는 것은 옳지 않다.,agency,-1,"아니다, 옳다.",옳다,1,,0,kbsn
258,만원 지하철에서 가만히 있었는데도 지하철 움직임이나 타인의 움직임에 흔들렸더니 앞에사람이 밀지말라고 두번이나 짜증냈습니다.,775,혼잡한 대중교통에서는 안전에 만전을 기하는 것은 바람직하지 않다.,agency,-1,"아니다, 바람직하다.",바람직하다,1,,0,crd
s-2467,"※발암 주의※ 육아비 1억을 탕진한 아내, 내 절친과 바람까지?",f-1373,안정적인 가정을 깨뜨리는 행위는 바람직하다.,agency,-1,"아니다, 바람직하지 않다.",바람직하지 않다,1,,0,kbsn
s-1562,"뇌출혈로 눈물을 잃은 남자, 아내와의 이혼 얘기에 ′키득키득′",f-863,뇌출혈로 눈물을 잃은 남편을 돌봐야 한다.,agency,1,"그렇다, 그래야 한다.",그래야 한다,1,,0,kbsn
s-1079,연애 11년 + 결혼 6년 차 부부! 시도 때도 없이 스킨십 하려는 남편 때문에 미치겠어요🤣,f-638,관계 변화에 따라 규칙을 다시 정하는 행동은 옳지 않다.,agency,-1,"아니다, 옳다.",옳다,1,,0,kbsn
644,영화관에서 뒷 좌석에 앉은 사람이 내 좌석을 발로 차서 말싸움이 있어났다.,1934,영화관에서는 앞 좌석을 발로 차지 않도록 조심할 필요가 있다.,agency,1,"그렇다, 그럴 필요가 있다.",그럴 필요가 있다,1,,0,crd
620,동네 식당에서 음식이 늦게 나와 문의했더니 직원이 바쁜데 왜 재촉하냐며 날카롭게 반응했다.,1860,주문한 음식이 지나치게 오래 걸리더라도 직원에게 현재 상황을 문의하면 안 된다.,agency,-1,"아니다, 문의할 수 있다.",문의할 수 있다,1,,0,crd
129,토익 시험을 과 동기랑 같은 날에 치른 걸 알았는데 리딩 파트가 어렵다고 하소연하는 것에 이번 리딩은 정말로 다 풀고 시간이 남을 정도로 쉬운 난이도라고 차마 말하지 못했다.,387,시험이 어려웠다고 말하는 친구를 배려하여 쉬운 난이도라고 말하지 않은 것은 옳다.,agency,1,"그렇다, 옳다.",옳다,1,,0,crd
18,"퇴근 후 집 근처 편의점 앞에서 술에 취해 보이는 중년 남성이 도움을 요청했지만, 혼자 사는 미혼 여성이라 무서워서 그냥 지나쳤다.",54,모르는 타인에게서 공포감이 들어도 도움을 주는 것이 바람직하다.,agency,-1,"아니다, 괜찮다.",괜찮다,1,,0,crd
633,"여자친구가 결혼 이야기를 꺼냈을 때, 결혼에 대한 불안을 솔직하게 털어놓아야 할지, 상처 주지 않기 위해 맞장구를 쳐야 할지 고민돼 마음이 무거웠어.",1901,자신의 생각을 솔직하게 말해 주는 것이 좋다,agency,1,"그렇다, 좋다.",좋다,1,,0,crd
s-41,친구들이 못 알아보는 건 기본이고 남친까지 구별 못 해요! 저희... 그렇게 닮았나요?,f-18,외모가 닮은 두 친구를 구분 못 하면 안 된다. ,agency,-1,"아니다, 그럴 수 있다.",그럴 수 있다,1,,0,kbsn
685,길을 걷던 장애우가 다른 행인에게 밀려 넘어지는 모습을 보았지만 도와야 할지 망설이다가 모른 척 지나쳤다.,2055,다른 사람에게 피해를 주지 않도록 조심하는 것은 중요하지 않다.,agency,-1,"아니다, 중요하다.",중요하다,1,,0,crd
6,10년전 회사에서 일을 하던 도중 모르는게 발생해서 상사에게 물어봤는데 넌 그것도 모르냐며 부모님이 그렇게 가르쳤냐고 하셔서 눈물이 났다.,19,자녀의 직장 생활에서 발생한 문제를 자신의 가정교육과 연결해서 생각하지 않아도 된다.,agency,1,"그렇다, 그러지 않아도 된다.",그러지 않아도 된다,1,,0,crd
185,"새벽 길가에서 술에 취해 쓰러진 사람을 발견했을 때, 깨워서 도와야 할지 아니면 괜히 문제에 휘말릴까 봐 그냥 지나쳐야 할지 고민하다 일으켜드리고 집 보내줬다",555,술을 마실 때는 몸을 가눌 수 있을 정도로 적당히 마셔야 한다.,agency,1,"그렇다, 그래야 한다.",그래야 한다,1,,0,crd
429,약속을 반복해서 어기는 친구의 태도 때문에 관계를 어떻게 유지해야 할지 고민했다.,1287,친구와의 약속은 지켜야 한다.,agency,1,"그렇다, 그래야 한다.",그래야 한다,1,,0,crd
431,지인에게 돈을 빌려줬지만 책임감있게 돈을 갚지 않는 태도에 화가 났다.,1295,가까운 사이일수록 금전 거래에 대한 약속을 철저히 지켜 신뢰를 잃지 않도록 해야 한다.,agency,1,"그렇다, 그래야 한다.",그래야 한다,1,,0,crd
s-211,심각한 탈북 스토리를 가진 사연남.. 탈북 과정에서 생이별하게 된 어머니와 여동생,f-118,대한민국은 간첩을 처벌하는 것이 옳다.,agency,1,"그렇다, 옳다.",옳다,1,,0,kbsn
213,동네 카페에서 노트북으로 작업을 하던 중 옆 사람이 자리에서 일어서다가 음료를 쳐서 키보드가 젖어 전원이 꺼졌다.,639,자신의 부주의로 타인의 물건에 피해를 준 경우 책임 있는 태도로 대응해야 한다.,agency,1,"그렇다, 그래야 한다.",그래야 한다,1,,0,crd
s-740,동생의 일상이 다~ 궁금한 오빠! 남친이랑 헤어진거 얘기 안해줘서 속상했어요,f-512,연인관계는 얼마든지 만나다가 헤어질수도 있다.,agency,1,"그렇다, 그럴 수 있다.",그럴 수 있다,1,,0,kbsn
317,"직장 동료가 급한 일이 생겼다고 당직을 바꿔달라고 했지만, 피곤해 가족 모임이 있다고 거짓말을 했다.",952,상대의 사정을 고려하지 않은 채 교대를 당연하게 요구하는 것은 바람직하다.,agency,-1,"아니다, 바람직하지 않다.",바람직하지 않다,1,,0,crd
242,"어머니가 만든 음식이 맛이 없어 배달음식을 시키고싶은데, 어머니 마음이 상하실까 고민이 된다.",728,자녀가 부모님의 눈치를 보며 하고 싶은 선택을 바꾸지 않는 것은 괜찮지 않다.,agency,-1,"아니다, 괜찮다.",괜찮다,1,,0,crd
53,시댁식구들에게 상처를 받았는데 남편에게는 상처를 받지 않은 것처럼 말하거나 그 정도를 줄여서 말했다,159,가족간에 실수가 있으면 폭언을 해도 된다.,agency,-1,"아니다, 하면 안 된다.",하면 안 된다,1,,0,crd
s-1406,"다시 파일럿이 되길 원하는 가족들, 그가 그만 둘 수밖에 없었던 이유🛫",f-789,지인이 무언가를 포기하거나 그만두었을 때 진심으로 위로해 주지 않아도 된다.,agency,-1,"아니다, 해야 한다.",해야 한다,1,,0,kbsn
707,오늘 까페에서 우산을 뒀는데 누군가 가져가져 황당했다,2123,절도 피해를 입었을 때 적절한 도움을 요청하는 것은 옳지 않다.,agency,-1,"아니다, 옳다.",옳다,1,,0,crd
s-300,"전처, 전 남편의 죽음으로 아이 다섯 키우는 부부",f-254,다른 환경에서 자랐기 때문에 더 서로를 배려하며 지내는 것이 좋다.,agency,1,"그렇다, 좋다.",좋다,1,,0,kbsn
605,얼마 전 얼굴의 피부가 망가진 상태로 길을 걷는데 어떤 남자가 흉하다고 중얼거려서 당황했다.,1815,상대가 나의 외모에 대한 비판을 하는 것은 옳지 않다.,agency,1,"그렇다, 옳지 않다.",옳지 않다,1,,0,crd
451,버스줄에 기다려서 타려고 하는데 세치기 하는 사람이 있어서 한마디 했더니 되려 내게 욕을 하길래 당혹스럽고 짜증이 났다,1354,차례를 지키지 않고 세치기를 하는 것은 옳지 않다.,agency,1,"그렇다, 옳지 않다.",옳지 않다,1,,0,crd
619,가족 식사 자리에서 친척이 내 연봉을 구체적으로 묻고 비교하는 말을 해 불편한 분위기가 되었다.,1858,분위기를 해치지 않으면서 자신의 입장을 전달하는 태도가 바람직하다.,agency,1,"그렇다, 바람직하다.",바람직하다,1,,0,crd
183,식당에서 식사를 마친 뒤 계산하면서 영수증에 내가 먹은 메뉴 하나가 빠진 것을 발견해 말할지 말지 고민하다가 결국 솔직하게 직원에게 이야기했다,550,식당에서 영수증을 발행할 때에는 누락의 여부를 확인할 필요가 있다.,agency,1,"그렇다, 필요하다.",필요하다,1,,0,crd
307,"직장 동료가 기독교였는데, 계속 같이 교회를 가기를 권해서 가고 싶지 않다고 말했더니 그것에 대해서 불편한 감정을 가지고 서로 소원해진 상황이 있었다.",921,종교를 강제로 권유하는 것은 옳다.,agency,-1,"아니다, 옳지 않다.",옳지 않다,1,,0,crd
s-343,"아버지가 사기꾼의 편을 드는 상황, 올케는 아버지까지 같이 고소하겠대요",f-294,사기를 치는 것은 나쁘다.,agency,1,"그렇다, 나쁘다.",나쁘다,1,,0,kbsn
1,본인 머리 짧은 여자인데 지나가는 할머니가 “저건 여자야 남자야?” 라고 했다.,5,타인의 외모나 성별을 공개적으로 추측하거나 언급하는 것은 적절하다.,agency,-1,"아니다, 그러지 않는 것이 적절하다.",그러지 않는 것이 적절하다,1,,0,crd
49,기차에서 큰 소리로 통화하는 승객이 있어서 자제할 것을 요청했으나 무시하고 계속 통화해서 당황스러웠다,148,타인의 요청을 무시한 채 소음을 계속 유발하는 것은 옳지 않다.,agency,1,"그렇다, 옳지 않다.",옳지 않다,1,,0,crd
476,"직장 상사가 내 물건을 허락 없이 사용해 화가 났지만, 큰 소리를 낼 수도 없어서 답답했다.",1428,아랫 사람의 물건을 함부로 만지는 행동은 무례하다.,agency,1,"그렇다, 무례하다.",무례하다,1,,0,crd
127,"가을, 사람이 많은 어느 거리에서 어떤 할아버지가 바닥에 쓰러져있는 걸 봤는데 정상적인 옷차림이 아니라 이상한 사람이라 생각해 다른 사람이 신고해주길 바라며 그냥 갈 길 갔다.",382,도움이 필요할 때는 상황을 명확히 알리는 행동을 하지 않아도 된다.,agency,-1,"아니다, 해야 한다.",해야 한다,1,,0,crd
602,아버지와 원래 떨어져 지내는데 사이는 그리 좋지 않았다. 그러다가 갑자기 위독하시다는 연락이 왔는데 모른 척하고 가지 않았다.,1807,자식이 어른이 되었다고 해서 나이드신 부모를 보살피는 것은 마땅하지 않다.,agency,-1,"아니다, 마땅하다.",마땅하다,1,,0,crd
25,같은 아파트에 사는 이웃이 단지 내에서 담배꽁초를 바닥에 버리는 모습을 보고 관리사무소에 신고할지 고민했다.,77,공동체의 규칙을 위반한 사람에게는 벌을 주어야 한다.,agency,1,"그렇다, 그래야 한다.",그래야 한다,1,,0,crd
s-1368,"마음에 드는 게 하나도 없는 딸의 남친, 갈라놓고 싶어요!",f-765,부모님이 반대하는 결혼은 신중히 재고하고 결정을 내릴 필요가 없다.,agency,-1,"아니다, 필요가 있다.",필요가 있다,1,,0,kbsn
s-1208,힘쓰는 건 모두 아내가! 반 공기만 먹어도 헥헥거리는 저체중 남편💦,f-702,저체중 남편의 어려움을 이해하고 힘쓰는 일을 해주는 것은 바람직하지 않다.,agency,-1,"아니다, 바람직하다.",바람직하다,1,,0,kbsn
120,학창시절에 친구가 컨닝하는 모습을 보았는데 사실대로 선생님께 말씀드려야 하는지 고민했다.,362,시험에서 부정행위가 발생하지 않도록 관리하는 것은 필요하지 않다.,agency,-1,"아니다, 필요하다.",필요하다,1,,0,crd
685,길을 걷던 장애우가 다른 행인에게 밀려 넘어지는 모습을 보았지만 도와야 할지 망설이다가 모른 척 지나쳤다.,2057,곤경에 처했을 때 혼자 감내하지 않고 도움을 청하는 것은 적절하지 않다.,agency,-1,"아니다, 적절하다.",적절하다,1,,0,crd
s-1567,"깊어져가는 자매간 갈등의 골, 동생과 절연해야 할까요?",f-868,잘못이 있다면 언니에게 사과를 하는 것이 좋다.,agency,1,"그렇다, 좋다.",좋다,1,,0,kbsn
s-1422,여친에게 일거수일투족 보고해야 하는 남친,f-793,연인의 사생활을 지나치게 제한하는 것은 옳다.,agency,-1,"아니다, 옳지 않다.",옳지 않다,1,,0,kbsn
s-2314,"감성적 남편 vs 현실적 아내, 너무 다른 두 사람의 초 현실적 부부싸움",f-1357,"가정을 안정적으로 유지하는 데 있어, 배우자와 다투는 것은 좋지 않다.",agency,1,"그렇다, 좋지 않다.",좋지 않다,1,,0,kbsn
37,"앞에 사람이 가고 있는데 물건이 떨어지는 걸 보았음에도 나도 바쁜 나머지, 앞에 사람에게 물건이 떨어졌다고 이야기해주지 않고 지나갔다.",113,타인에게 발생한 사고를 외면해도 된다.,agency,-1,"아니다, 그래서는 안 된다.",그래서는 안 된다,1,,0,crd
758,아무렇지도 않게 사적인 질문을 해대는 동네 주민으로 인해 기분이 나빴다.,2275,대화를 할때는 상대방을 배려하며 해야한다.,agency,1,"그렇다, 그래야 한다.",그래야 한다,1,,0,crd
s-570,아내와 함께 출연하기로 약속했는데 아내와 함께 나오지 못한 그의 사연은?,f-495,프로그램의 참여보다 더 중요한 것이 있다면 프로그램의 미참여에 대해 사정을 설명하는 것은 좋지 않다.,agency,-1,"아니다, 좋다.",좋다,1,,0,kbsn
620,동네 식당에서 음식이 늦게 나와 문의했더니 직원이 바쁜데 왜 재촉하냐며 날카롭게 반응했다.,1862,직원의 반응이 불쾌하여 감정적으로 대처하는 것은 옳다.,agency,-1,"아니다, 옳지 않다.",옳지 않다,1,,0,crd
204,부모님 생신 선물을 준비하는 과정에서 당장은 돈이 없다며 조금만 보태려는 동생과 다퉜다.,614,부모는 자녀에게 효도를 강요하는 것이 적절하다.,agency,-1,"아니다, 적절하지 않다.",적절하지 않다,1,,0,crd
220,명절 때 친척과 얘기하는 가운데 나에대해 섭섭함을 얘기했을때 순간 많이 당황했다.,661,섭섭함이 제기되었을 경우 즉각적인 반응보다 차분한 대화를 통해 풀어가려는 태도가 필요하다.,agency,1,"그렇다, 필요하다.",필요하다,1,,0,crd
s-1506,극과 극 직원들 눈치 보느라🙄 새우등 터지는 대표님,f-823,직장에서는 동료들을 배려하지 않아도 된다.,agency,-1,"아니다, 해야 한다.",해야 한다,1,,0,kbsn
623,"도서관에서 옆자리 사람이 지정석을 차지한 것 같았지만, 규정을 들며 말하는 게 과한 행동으로 보일까봐 말하지 못했다.",1871,도서관 내의 규정을 지키는 것은 옳다.,agency,1,"그렇다, 옳다.",옳다,1,,0,crd
565,아파트 엘리베이터에서 유모차를 밀고 들어가려는데 뒤에 서 있던 사람이 “먼저 타세요”라고 말해놓고는 한숨을 쉬어서 기분이 불편했다.,1697,타인의 행동을 부정적으로 해석하는 것은 좋지 않다.,agency,1,"그렇다, 좋지 않다.",좋지 않다,1,,0,crd
134,아빠와 정치적 견해가 다른데 존중해 주지 않아 싸울뻔했다.,402,아무리 가족간이지만 하나의 주제에 대하여 의견이 다를수 있음을 인정하는 것은 바람직하지 않다.,agency,-1,"아니다, 바람직하다.",바람직하다,1,,0,crd
286,"다른 사람과의 식사 자리에서, 탕수육을 먹는데 소스에 더블디핑을 해서 매우 당황스러웠다.",858,타인과 식사를 할 때는 기본적인 식사 예절을 지키지 않아도 된다.,agency,-1,"아니다, 지켜야 한다.",지켜야 한다,1,,0,crd
516,운전을 하다 신호등 앞에서 멈췄는데 뒤 차가 계속 빵빵거려서 보행신호임에도 갔는데 그게 자꾸 마음에 걸려 고민이 되었다.,1548,다른 운전자의 압박이나 재촉에 의해 교통 법규를 어겨서는 안 된다.,agency,1,"그렇다, 그래서는 안 된다.",그래서는 안 된다,1,,0,crd
s-1686,매일 싸우는 10살 차이 커플! 그래도 오빠 없인 못 살아요💕🍯,f-999,나이가 많아도 그것을 권력으로 이용하면 안된다.,agency,1,"그렇다, 그러면 안된다.",그러면 안된다,1,,0,kbsn
135,내가 알바하고 있는 가게 사장님이 장사가 잘 안된다고 친구에게 토로했는데 공감을 잘 안해준다며 화를 내셨다.,407,알바하고 있는 가게 사정을 함부로 언급해서는 안 된다.,agency,1,"그렇다, 그래서는 안 된다.",그래서는 안 된다,1,,0,crd
229,"유명 빵집에서 줄을 서서 기다리는데, 내 뒤로 초등학생과 그 부모님이 줄을 서 있었다. 내가 마지막 빵을 샀고 초등학생이 울기 시작했다. 빵을 하나 줄까 고민했지만 주지 않았다.",687,누군가가 울면 자신의 정당한 선택을 양보해야 한다.,agency,-1,"아니다, 하지 않아도 된다 .",하지 않아도 된다 ,1,,0,crd
311,같은 일을 하는 팀원이 자꾸 일을 나한테 미뤄서 속상했다.,933,반복적인 업무 전가가 발생할 때 역할과 책임 범위를 명확히 하도록 조율을 요청하는 것은 바람직하지 않다.,agency,-1,"아니다, 바람직하다.",바람직하다,1,,0,crd
745,아파트 단지에서 떨어진 지갑을 발견했지만 귀찮아서 경비실에 맡기지도 않고 돌아섰다.,2236,귀찮다는 이유로 분실물을 방치하고 지나치는 것은 옳지 않다.,agency,1,"그렇다, 옳지 않다.",옳지 않다,1,,0,crd
s-265,집에 있는 돌반지 등 귀중품을 훔친 절친 아내의 충격적인 행동들,f-231,새로 알게 된 사람에게는 폐를 끼치지 않도록 조심할 필요 없다.,agency,-1,"아니다, 해야 한다.",해야 한다,1,,0,kbsn
s-1562,"뇌출혈로 눈물을 잃은 남자, 아내와의 이혼 얘기에 ′키득키득′",f-860,뇌출혈로 눈물을 잃은 남자를 위로하는 것이 좋다.,agency,1,"그렇다, 좋다.",좋다,1,,0,kbsn
321,지인들과 장애인 학교를 반대하는 주민들에 관한 뉴스를 보다 내가 '사람들이 참 이기적이다'라고 말하자 한 지인이 '넌 집이 없으니까'라고 말해 당혹스러웠다.,963,친구와의 대화에서 마음이 상하는 일이 생겼을 때 바로 다투지 않는 것은 좋지 않다.,agency,-1,"아니다, 좋다.",좋다,1,,0,crd
20,굉장히 업무로 바쁜 상황 속에서 문을 쾅쾅 닫는 사람에게 문을 살살 닫아달라고 할지 말지에 대해 고민했다.,62,공공장소에서 불편함을 느꼈을 때 상대방이 기분 상하지 않도록 정중하게 대화하며 해결하려는 태도는 옳지 않다.,agency,-1,"아니다, 옳다.",옳다,1,,0,crd
584,친구가 진보 성향의 정치인을 선호하는 것 같아서 보수 성향인 나의 정치 성향을 말하지 않았다.,1752,개인의 가치관인 정치직 견해를 다른 이에게 반드시 공개하지 않아도 된다.,agency,1,"그렇다, 그러지 않아도 된다.",그러지 않아도 된다,1,,0,crd
569,어버이날 부모님을 보러 방문해야했는데 직장인이라 바쁘다는 핑계로 가지않았다.,1709,자녀가 직장 생활로 바쁠 수 있음을 이해하는 태도는 필요하지 않다.,agency,-1,"아니다, 필요하다.",필요하다,1,,0,crd
185,"새벽 길가에서 술에 취해 쓰러진 사람을 발견했을 때, 깨워서 도와야 할지 아니면 괜히 문제에 휘말릴까 봐 그냥 지나쳐야 할지 고민하다 일으켜드리고 집 보내줬다",557,술에 취해 쓰러진 사람을 일으켜서 집에 보내주는 것은 옳지 않은 행동이다.,agency,-1,"아니다, 옳은 행동이다.",옳은 행동이다,1,,0,crd
s-2060,억대 빚을 남기고 떠난 새어머니♨️ 아버지가 걱정됩니다...,f-1213,부당하게 경제적 고통을 지게 만든 배우자이더라도 이혼하면 안 된다.,agency,-1,"아니다, 그럴 수 있다.",그럴 수 있다,1,,0,kbsn
399,"친한 사람에게 주려고 회사에 빵을 사왔는데 어쩌다 보니 팀원들 모두와 나눠먹게 되었고, 양이 부족해 그 친한 사람만 먹지 못하게 되어 몰래 주지 못한 것이 후회되었다.",1198,선물을 혼자 받지 못했더라도 사정이 있음을 이해하는 태도를 가지는 것이 좋다.,agency,1,"그렇다, 좋다.",좋다,1,,0,crd
623,"도서관에서 옆자리 사람이 지정석을 차지한 것 같았지만, 규정을 들며 말하는 게 과한 행동으로 보일까봐 말하지 못했다.",1870,타인이 규정을 어긴 상황에서는 분명하게 시시비비를 가려도 괜찮다.,agency,1,"그렇다, 그래도 괜찮다.",그래도 괜찮다,1,,0,crd
s-1714,"아들 부부가 보육원에 보낸 손주, 제가 데려와 키워도 될까요..?",f-1023,입양을 할 때는 보육원의 입장도 존중해야 한다.,agency,1,"그렇다, 그래야 한다.",그래야 한다,1,,0,kbsn
758,아무렇지도 않게 사적인 질문을 해대는 동네 주민으로 인해 기분이 나빴다.,2276,무례하다고 느낄 때 표현하는 것은 좋지 않다.,agency,-1,"아니다, 좋다.",좋다,1,,0,crd
354,어제 직장에서 마주 보고 앉아있는 상사가 아무 이유 없이 키보드를 부숴서 당황했다.,1064,장소를 불문하고 폭력적 행위는 옳은 행동이다.,agency,-1,"아니다, 옳지 않다.",옳지 않다,1,,0,crd
574,"아파트 하자 처리 과정에서 교체가 아닌 수리로 진행된다는 안내에 불만이 생겨, 관리직원과 전화 통화 중 말다툼을 벌였다.",1724,아파트에서 민원이 제기되었을 때 민원인의 불만을 충분히 듣고 잘 설명해주는 것은 옳지 않다.,agency,-1,"아니다, 옳다.",옳다,1,,0,crd
788,얼마 전 대학 선배가 신용카드를 분실했다며 재발급될 동안 내 카드를 대신 좀 쓰자고 하는 걸 못 들은 척 무시했다.,2366,"도움을 요청할 경우에는 상대의 거절 가능성을 존중하고, 무리한 부탁은 삼가는 것이 바람직하다.",agency,1,"그렇다, 바람직하다.",바람직하다,1,,0,crd
s-1632,헌팅으로 만난 남사친에게 꽃을💐 받아온 여자친구😬,f-929,남친 있는 여자친구는 다른 남자 대상으로 헌팅하는 것은 옳지 않다.,agency,1,"그렇다, 옳지 않다.",옳지 않다,1,,0,kbsn
418,"데이트 중 차를 몰고 온 남편이 길거리 시음 와인을 마시겠다고 해 말렸지만, 한 잔쯤은 괜찮다고 하는 남편의 말에 화가 났다.",1254,운전을 해야 하는 상황에서 술을 마셔도 된다.,agency,-1,"아니다, 마시지 않아야 한다.",마시지 않아야 한다,1,,0,crd
s-1596,역대급 ′남의 편′ 남편과 대놓고 막말하는 시댁 식구들😨,f-899,자기 아들만 옳다고 하는 태도는 옳지 않다.,agency,1,"그렇다, 옳지 않다.",옳지 않다,1,,0,kbsn
615,출근길 지하철에서 임산부 배지를 단 사람이 서 있었지만 정말 힘들어 보이지 않아 자리를 양보해야 할지 잠시 망설이다가 결국 양보하지 않았다.,1847,대중교통에서는 임산부 등 교통약자를 우선적으로 배려해야 한다,agency,1,"그렇다, 그래야 한다.",그래야 한다,1,,0,crd
419,"회사 상사가 업무 시간 중에 개인적인 이유로 자리를 비운 상태에서 소장님이 찾을 때 솔직하게 말을 해야 할 지, 거짓말로 둘러댈 지 딜레마에 빠진 적이 있다",1258,자신의 행동으로 부하 직원이 곤란한 상황에 놓이지 않도록 관리자로서 주의를 기울이는 것이 바람직하다.,agency,1,"그렇다, 바람직하다.",바람직하다,1,,0,crd
291,"키가 크지 않으면 남자로 보이지 않는다는 말을 들었을 때, 별로 상관하지 않았음에도 괜히 남자가 아닌 것으로 분류되어 당혹스러웠다.",874,상대의 신체 조건을 근거로 가치를 매기는 행동은 부적절하다.,agency,1,"그렇다, 부적절하다.",부적절하다,1,,0,crd
103,회의 자리에서 내 의견을 말하자 상대가 공개적으로 무시하는 태도를 보여 큰 불쾌함을 느꼈다.,310,업무 회의에서는 개인 감정보다 논의의 목적에 집중하는 태도가 중요하다.,agency,1,"그렇다, 중요하다.",중요하다,1,,0,crd
s-434,"채팅으로 만났던 아내 하지만 2번의 외도로 이혼, 요즘 술집에서 만났던 알바생이 끌려요",f-383,배우자의 외도에 따른 정신적 피해에 대해 치료를 받을 수 없다.,agency,-1,"아니다, 받을 수 있다.",받을 수 있다,1,,0,kbsn
s-2152,아이들과 함께 안 살거면 헤어지자고 하는 남친... 결혼해도 될까요?,f-1314,연인의 아이들을 전부 책임질 필요가 있다.,agency,-1,"아니다, 필요는 없다.",필요는 없다,1,,0,kbsn
s-2587,늦둥이 딸의 소원을 들어주고픈 딸 바보 엄마,f-1380,부모로서 아이를 무조건적으로 사랑해주면 안 된다.,agency,-1,"아니다, 해줘야 한다.",해줘야 한다,1,,0,kbsn
514,회사 동료가 자신의 일을 제대로 하지 않고 자꾸 나에게 떠넘겨서 말다툼을 했다.,1543,동료와 다투는 것은 좋지 않다.,agency,1,"그렇다, 좋지 않다.",좋지 않다,1,,0,crd
632,"팀플에서 발표를 친구가 맡기로 했는데 준비를 안 해서, 점수 생각하면 내가 대신 하자는 말이 목까지 나왔지만 끝까지 믿고 맡기는게 맞는지 고민됐다.",1897,팀 과제의 성과에 영향을 줄 수 있는 문제가 보일 때 역할 조정을 제안하거나 지원 방안을 논의하는 것은 바람직하지 않다.,agency,-1,"아니다, 바람직하다.",바람직하다,1,,0,crd
s-411,"폭력으로 인해 감옥에 간 아빠, 폭언과 돈 갈취까지 한 엄마...? 전 병까지 걸렸어요",f-373,타인을 폭행하는 것은 괜찮다.,agency,-1,"아니다, 옳지 않다.",옳지 않다,1,,0,kbsn
s-2314,"감성적 남편 vs 현실적 아내, 너무 다른 두 사람의 초 현실적 부부싸움",f-1358,가정을 유지하기 위해서는 현실적으로 접근하는 사고 방식을 고려하지 않아도 된다.,agency,-1,"아니다, 그래야 한다.",그래야 한다,1,,0,kbsn
s-2089,동생들한테만 신경 쓰는 아빠에게 너무 서운해요!,f-1243,부모가 동생들과 자신을 차별하는 이유가 자신에게 있다고 자책해도 된다.,agency,-1,"아니다, 그래서는 안 된다.",그래서는 안 된다,1,,0,kbsn
666,오랜만에 만난 친구가 양성평등법에 대한 긍정적인 의견을 주장해서 마음이 불편했다.,2000,자신의 생각을 표현할 때에는 상대방의 입장과 감정을 고려하지 않은 채 강하게 주장해서는 안 된다.,agency,1,"그렇다, 그래서는 안 된다.",그래서는 안 된다,1,,0,crd
718,아이에게 어렵고 힘든 사람은 도와야 한다고 가르쳤는데 거리에 기부함을 보고 그냥 지나쳤다.,2155,말과 행동이 다른 것은 좋은 것이다.,agency,-1,"아니다, 좋지 않다.",좋지 않다,1,,0,crd
612,"친구들과 다같이 여행을 가기로 한 날, 어떤 친구가 일정을 파토내어 기분이 좋지 않았다.",1838,친구사이라도 함께 정한 일정이나 약속을 가볍게 여기지 않고 중요하게 생각하는 것은 바람직하다.,agency,1,"그렇다, 바람직하다.",바람직하다,1,,0,crd
181,지하철에서 큰 소리로 통화하는 승객에게 뭐라 했다가 싸움이 났다.,544,타인에게 주의를 줄 때에는 감정이 상하지 않게 이야기를 하는 것이 좋다.,agency,1,"그렇다, 좋다.",좋다,1,,0,crd
495,"두 명의 부하 직원에게 작업 분담을 해 주는데, 한 직원이 모든 직원들 앞에서 자신의 작업이 더 복잡하고 번거롭다며 불평을 토로해서 당황스러웠다.",1487,직장 내에서는 자신이 맡은 업무에 대해 책임감 있게 수행하는 것이 옳다.,agency,1,"그렇다, 옳다.",옳다,1,,0,crd
s-632,"아버지의 외도와, 부모님의 갈등으로 갈라져 버린 가족들...",f-57,남편이 외도를 한다면 용서하지 않아도 된다,agency,1,"그렇다, 그러지 않아도 된다.",그러지 않아도 된다,1,,0,kbsn
699,친구가 뒤에서 나의 험담을 하고 다닌 것을 알게 되어 사실을 확인하니 내가 처신을 잘못 해서 그런 것이라면서 적반하장으로 나와 갈등을 겪었다.,2098,다른 친구에게 친구의 험담을 하고 다니는 것은 옳지 않은 행동이다.,agency,1,"그렇다, 옳지 않은 행동이다.",옳지 않은 행동이다,1,,0,crd
s-1686,매일 싸우는 10살 차이 커플! 그래도 오빠 없인 못 살아요💕🍯,f-997,연인이 어리면 의견을 평가절하해도 된다.,agency,-1,"아니다, 안 된다.",안 된다,1,,0,kbsn
129,토익 시험을 과 동기랑 같은 날에 치른 걸 알았는데 리딩 파트가 어렵다고 하소연하는 것에 이번 리딩은 정말로 다 풀고 시간이 남을 정도로 쉬운 난이도라고 차마 말하지 못했다.,389,시험 성적을 자랑하면서 우월감을 드러내는 것은 옳지 않다.,agency,1,"그렇다, 옳지 않다.",옳지 않다,1,,0,crd
103,회의 자리에서 내 의견을 말하자 상대가 공개적으로 무시하는 태도를 보여 큰 불쾌함을 느꼈다.,309,공식적인 회의 자리에서 타인의 의견을 공개적으로 무시하는 태도는 바람직하지 않다.,agency,1,"그렇다, 바람직하지 않다.",바람직하지 않다,1,,0,crd
711,"상사의 불명확한 업무 지시로 일을 다시 하게 되었고, 아쉬움을 전했지만 오히려 책임을 묻는 반응에 황당했다.",2134,지시 내용이 모호하다고 판단될 경우 업무를 시작하기 전 상사에게 질문하여 세부 사항을 명확히 확인하는 것이 적절하다.,agency,1,"그렇다, 적절하다.",적절하다,1,,0,crd
545,"조별 과제 중 팀원이 마감 기한을 지키지 못했을 때, 팀원의 사정을 고려해 비밀로 해줘야 할지 아니면 원칙대로 감점을 요청해야 할지 판단하기 어려워 갈등했습니다.",1635,"공동 과제에서는 정해진 마감 기한을 지키는 것이 기본적인 책임이지만, 이를 지키지 못할 경우 사전에 소통하고 책임을 공유할 필요는 없다.",agency,-1,"아니다, 필요하다.",필요하다,1,,0,crd
374,"유치원생 아이가 키가 작은데 가족들이 ""유전이라서 그래"" 라고 해서 속상했다.",1124,가족구성원이 자녀에 대한 고민이 있을 때 함부로 얘기해도 된다.,agency,-1,"아니다, 그러지 않는 것이 좋다.",그러지 않는 것이 좋다,1,,0,crd
s-343,"아버지가 사기꾼의 편을 드는 상황, 올케는 아버지까지 같이 고소하겠대요",f-293,남의 일에 끼어드는 것은 예의가 아니다.,agency,1,"그렇다, 예의가 아니다.",예의가 아니다,1,,0,kbsn
650,"회사에 입사한 신입사원이 첫 월급날 빚이 많다며 가불을 해달라고 요청했다. 불가능하다고 하자, 못 해주는 이유가 무엇이냐며 경리 직원인 나에게 화를 내 난처했다.",1950,회사에서 감정적으로 화를 내는 것은 옳지 않다.,agency,1,"그렇다, 옳지 않다.",옳지 않다,1,,0,crd
321,지인들과 장애인 학교를 반대하는 주민들에 관한 뉴스를 보다 내가 '사람들이 참 이기적이다'라고 말하자 한 지인이 '넌 집이 없으니까'라고 말해 당혹스러웠다.,963,친구와의 대화에 마음이 상하는 일이 생겨도 바로 다투지 않는것이 좋다,agency,1,"그렇다, 좋다.",좋다,1,,0,crd
723,맛집 줄서기를 하고 있는데 입장 순서에 다가 올 때 앞 팀이 전화를 막 하더니 줄에 없는 사람들이 합류되어 새치기를 하니 당혹스러웠다.,2169,줄서는 상황에서는 처음부터 함께 줄을 선 인원 기준으로 순서를 지키는 것은 바람직하지 않다.,agency,-1,"아니다, 바람직하다.",바람직하다,1,,0,crd
530,회사에서 승진 결과를 사전에 통보받아 알고 있었지만 비밀 서약 때문에 승진 대상인 후배에게 떨어진 사실을 말하지 않았다.,1590,공식적으로 공개되지 않은 인사 정보를 비밀 서약에 따라 함부로 공유하지 않는 것은 바람직하다.,agency,1,"그렇다, 바람직하다.",바람직하다,1,,0,crd
s-247,아내의 문자에서 드러난 불륜남과의 이혼 전 성관계 사실,f-171,부부 간 신뢰를 훼손하는 행동이 드러났을 때는 그 사실을 명확하게 확인하려는 노력이 필요하다.,agency,1,"그렇다, 필요하다.",필요하다,1,,0,kbsn
s-1462,"집순이 아내와 집돌이 아들, 가족 여행을 한 번도 가본 적이 없어요😥",f-806,문제가 발생했을 때 가족간 대화를 통해 문제를 해결하는 것은 좋지 않다.,agency,-1,"아니다, 좋다.",좋다,1,,0,kbsn
414,분리수거를 해야 하는 상황에서 음식물쓰레기로 버려야 할 귤껍질을 귀찮다는 이유로 일반쓰레기 봉투에 그대로 버렸다.,1244,귀찮아서 쓰레기 배출 방법은 지키는 것은 바람직하지 않다.,agency,-1,"아니다, 바람직하다.",바람직하다,1,,0,crd
s-1545,키 작은 남친과 헤어지라고 다른 남자 소개해 주는 부모님😮,f-843,다른 사람과 사귀고 있는 사람에게 구애하는 것은 바람직하다.,agency,-1,"아니다, 바람직하지 않다.",바람직하지 않다,1,,0,kbsn
26,마트에서 계산원이 나에게 거스름돈을 더 준 것을 알고도 이 사실을 말해야 할지 망설였다.,79,부당한 이익을 취하는 것은 바람직하다.,agency,-1,"아니다, 취하지 않는 것이 바람직하다.",취하지 않는 것이 바람직하다,1,,0,crd
21,뒤에 걸어오는 사람이 술에 취한 것 같아 거동이 힘들어보이는데 도와줘도 될지 말지 고민했다.,65,거동이 힘들만큼 술을 마시는 것은 괜찮다.,agency,-1,"아니다, 바람직하지 않다.",바람직하지 않다,1,,0,crd
668,공원에서 산책을 하고 있는데 벤치에 앉은 남성이 담배를 피고 있었고 바람을 타고 오는 담배 연기에 숨을 쉴 수가 없어 짜증이 났다.,2004,공공장소에서 흡연으로 불편이 발생할 경우 직접적인 충돌을 피하고 멀리 이동하거나 관리 주체에 알리는 것은 바람직하지 않다.,agency,-1,"아니다, 바람직하다.",바람직하다,1,,0,crd
118,마감기한이 얼마 남지 않은 일을 도와달라고 했는데 귀찮아서 못 들은 척 하고 집에 갔다,356,급한 부탁을 할 때는 상대의 상황을 고려해 요청하는 것이 좋다.,agency,1,"그렇다, 좋다.",좋다,1,,0,crd
649,시어머니께서 명절에 조부모님 산소는 꼭 가야하는곳이라고하셨는데 요양원에 살아계신 친할머니 방문을 한다고 하니 못알아보는데 왜 가는거냐고 말씀하셨다.,1948,아무리 편한 가족이라도 말을 함부로 하지 않아야 한다.,agency,1,"그렇다, 하지 않아야 한다.",하지 않아야 한다,1,,0,crd
s-1764,엄마 몰래 게임 5시간씩 하는 10살 아들👦,f-1101,"가족 내 규칙을 만들 때, 전체가 동의하는 합리적인 내용으로 함께 고민하는 것은 좋지 않다.",agency,-1,"아니다, 좋다.",좋다,1,,0,kbsn
208,회의 시간에 동료의 실수를 발견했지만 공개적으로 지적하면 분위기가 나빠질 것 같으면서도 회사에 피해가 일어날 수 있어서 말해야 할지 넘어가야 할지 고민이 들었다.,626,회의 중 직원이 실수를 해서 회사가 피해를 입을 수 있다면 여럿이 힘을 모아 현명한 해결 방법을 찾는게 바람직하다,agency,1,"그렇다, 바람직하다.",바람직하다,1,,0,crd
296,붐비는 카페에서 줄을 서서 기다리고 있는데 뒤늦게 온 손님이 일행인 척 자연스럽게 내 앞으로 새치기를 해서 순서를 지켜달라고 했더니 금방 주문하는데 왜 그러냐며 말해서 싸울뻔했다.,890,많은 사람이 이용하는 공공장소에서는 상호 간의 무례한 언행을 자제하지 않고 공공질서를 준수하지 않아도 불필요한 마찰을 방지하지 않아도 된다.,agency,-1,"아니다, 해야 한다.",해야 한다,1,,0,crd
28,나는 바쁜 출근길에 도움을 요청하는 낯선 할머니를 도와드려야 할지 고민했다.,86,출근 시간을 준수하는것이 바람직하다.,agency,1,"그렇다, 바람직하다.",바람직하다,1,,0,crd
s-343,"아버지가 사기꾼의 편을 드는 상황, 올케는 아버지까지 같이 고소하겠대요",f-288,가족이라고 해서 무조건 편을 드는 행동은 괜찮다.,agency,-1,"아니다, 안 된다.",안 된다,1,,0,kbsn
106,동료가 내 아이디어를 자신의 것처럼 발표하는 상황을 보고 당황스러움을 느꼈다.,318,다른 이의 아이디어나 발명품을 가로채는 짓은 하면 안된다.,agency,1,"그렇다, 그러면 안 된다.",그러면 안 된다,1,,0,crd
s-480,아내가 쌍둥이 출산 도중 식물인간이 됐어요.. 시설로 보내야 할까요?,f-413,출산 전 자신의 건강을 우선시하여 출산계획을 수정해도 괜찮다.,agency,1,"그렇다, 그래도 괜찮다.",그래도 괜찮다,1,,0,kbsn
709,내가 일을 도와줬던 회사 동료에게 급하게 내 일을 부탁했는데 무시해서 말다툼이 있었다.,2128,회사에서는 동료간에 일을 도와주는 것이 좋다.,agency,1,"그렇다, 좋다.",좋다,1,,0,crd
345,애들 고모의 생일이라 생일케익 쿠폰 보냈는데 생일지나고 자신은 생일 선물도 못 받았다길래 케익보냈다고 했더니 케익이 무슨 선물이냐고 해서 당혹스러웠다.,1037,"가족의 기념일, 특히 부모의 생일에 관심 가지고 챙기려는 태도를 갖는 것은 바람직하지 않다.",agency,-1,"아니다, 바람직하다.",바람직하다,1,,0,crd
442,다같이 쉬고 있는 공원에서 지나친 애정 행각을 하는 젊은 사람들이 있어서 눈살을 찌푸렸다.,1327,눈살을 찌푸리는 행동에 상대방에게 바로 화를 내어서는 안된다,agency,1,"그렇다, 그래서는 안 된다.",그래서는 안 된다,1,,0,crd
555,우리 아파트의 어떤 여자가 스티커를 붙이지 않은 의자를 폐기물로 내놓는 것을 보고 지적을 할까 말까 고민했다.,1665,폐기물을 버릴 때는 스티커를 붙여야 한다,agency,1,"그렇다, 그래야 한다.",그래야 한다,1,,0,crd
s-351,불우한 가정 환경 속 믿었던 내 가족과 지인들의 배신,f-309,배신했다면 가족 대우를 해주지 않아도 된다.,agency,1,"그렇다, 그래도 된다.",그래도 된다,1,,0,kbsn
18,"퇴근 후 집 근처 편의점 앞에서 술에 취해 보이는 중년 남성이 도움을 요청했지만, 혼자 사는 미혼 여성이라 무서워서 그냥 지나쳤다.",54,모르는 타인에게서 공포감이 든다면 도움을 주지 않아도 괜찮다.,agency,1,"그렇다, 그러지 않아도 괜찮다.",그러지 않아도 괜찮다,1,,0,crd
720,엄마가 돈 문제로 힘들어 하는데 빌려주면 못 받을까봐 나도 힘들다고 했다.,2160,가족끼리 도움을 주고 받는 것이 바람직하다.,agency,1,"그렇다, 바람직하다.",바람직하다,1,,0,crd
s-1631,남편의 휴대폰에서 발견한 전처의 흔적...?,f-922,현 아내에게 미안하다고 사과하는 것은 좋지 않다.,agency,-1,"아니다, 좋다.",좋다,1,,0,kbsn
153,나의 자녀가 주머니에서 손을 꺼내다가 주머니 속에 있던 쓰레기가 떨어지는 걸 내가 봤지만 그냥 지나쳤다.,459,자녀가 주머니에서 휴지를 떨어뜨렸을 때 부모가 대신 줍는 것은 바람직하지 않다.,agency,-1,"아니다, 바람직하다.",바람직하다,1,,0,crd
515,아이가 아픈 상황이어서 학교선생님께 결석을 요청드렸으나 선생님께서 완강히 거절하셔서 불만을 제기했었는데 내 행동이 부적절했는지에 대해 걱정이 되었다.,1545,부모는 자녀의 건강 보호를 위해 교사에게 적극적으로 의견을 전달할 수 있다.,agency,1,"그렇다, 그럴 수 있다.",그럴 수 있다,1,,0,crd
689,옆집 사람이 아파트 비상구 계단 입구에 개인 적재물을 쌓아 두어 불쾌했다.,2067,타인이 잘못된 행동을 하면 알려주는 것이 바람직하다.,agency,1,"그렇다, 바람직하다.",바람직하다,1,,0,crd
s-1677,"′′안아 줘!′′, ′′뽀뽀해 줘!′′😘 동성 친구들에게 인기 폭발인 남자의 고민",f-990,성희롱적 발언을 한 친구를 신고해도 괜찮다.,agency,1,"그렇다, 그래도 괜찮다.",그래도 괜찮다,1,,0,kbsn
727,아파트 게시판 옆에 관리실 확인 도장이 찍히지 않은 교회 신자 모집 전단지를 보았는데 관리실에 제보할까 했지만 이웃 주민이 붙였다면 마음이 상할 것 같아서 제보하지 못했다.,2181,공동주택의 공용 공간에서 규정 위반 게시물을 발견했을 때는 관리실에 사실을 알리는 것이 바람직하다.,agency,1,"그렇다, 바람직하다.",바람직하다,1,,0,crd
5,내 택배를 챙기다가 반려견이 모르는 사람에게 좋다고 짖으며 다가가서 급하게 안고서 사과 했는데 그 사람이 욕을 해서 불쾌했다.,16,예기치 않은 상황이 발생했을 때는 신속하게 사과하고 상황을 수습하는 것은 옳지 않다.,agency,-1,"아니다, 옳다.",옳다,1,,0,crd
s-1715,할머니와 캠핑 다니는 손녀 ′′👵섭섭하지만 결혼은 해야 돼!′′,f-1027,결혼하고서  할머니와 캠핑을 다니는 것은 좋지 않다.,agency,-1,"아니다, 좋다.",좋다,1,,0,kbsn
459,길을 가던 중 어떻게 가야할지 물어보는 사람을 무시함,1377,모르는 사람이 길을 물어볼 때 무시하지 않는 것은 좋지 않다.,agency,-1,"아니다, 좋다.",좋다,1,,0,crd
s-406,욕구가 너무 강한 고민남과 ‘윤리적 다자 연애’ 하실 여성분 찾아요,f-371,연인 간의 신뢰를 지켜야 할 의무가 없다.,agency,-1,"아니다, 의무가 있다.",의무가 있다,1,,0,kbsn
329,알바를 구하면서 합격 가능성을 높이려고 이력서에 경력을 약간 과장해서 적어 냈다.,989,사회생활을 시작할 때 자신의 경력과 능력에 맞는 일을 찾는 것은 중요하지 않다.,agency,-1,"아니다, 중요하다.",중요하다,1,,0,crd
413,"평소에는 아이에게 횡단보도에서 뛰지말라고 가르쳐 왔지만, 오늘은 등교시간에 늦을까봐 파란불이 켜지자 마자 뛰어서 건넜다.",1241,어떤 상황에서도 횡단보도에서는 뛰지 않는 원칙을 지키지 않아도 된다.,agency,-1,"아니다, 지켜야 한다.",지켜야 한다,1,,0,crd
s-1057,놀러오는 지인들에게 ′너무′ 퍼주다 지친 남자🫠,f-607,친구의 반복되는 약속 제안은 거절하면 안 된다. ,agency,-1,"아니다, 해도 된다.",해도 된다,1,,0,kbsn
s-1645,딸이 구급차에 실려가는데 동네 창피하니까 사이렌 끄라는 엄마😧,f-949,구급차가 사이렌을 울리지 않으면 조심하지 않아도 된다.,agency,-1,"아니다, 그래야 한다.",그래야 한다,1,,0,kbsn
138,아이에게 코를 파면 코피가 나서 파면 안된다고 했는데 나도 모르게 코를 파서 아이가 아빠도 코를 판다고 이야기 했다.,414,말과 행동이 달라도 괜찮다.,agency,-1,"아니다, 올바르지 않다 .",올바르지 않다 ,1,,0,crd
s-324,"코인 투자로 일주일 만에 1,300만 원 날린 여자",f-276,"주식, 투자 등을 할 때 신중하게 알아보고 하는 것은 옳지 않다.",agency,-1,"아니다, 옳다.",옳다,1,,0,kbsn
s-1422,여친에게 일거수일투족 보고해야 하는 남친,f-795,연인에게 자신의 이야기를 모두 보고하지 않아도 된다.,agency,1,"그렇다, 그러지 않아도 된다.",그러지 않아도 된다,1,,0,kbsn
341,아는 지인이 다니는 직장에 취업을 권유받아 직장을 다녔는데 지인과 업무적으로 마찰이 생기면서 마음도 상해 어떻게 해야할 지 몰라 혼란스러웠다.,1024,직장 내에서 동료와 대화를 통해 좋은 관계를 유지하는 것은 좋지 않다.,agency,-1,"아니다, 좋다.",좋다,1,,0,crd
527,길에 쓰러져 있는 취객을 보고 도와야 할지 간호사로서 더 고민하게 된다.,1583,위험해 보이는 사람이 쓰러져 있을 때 지체 없이 119에 신고하는 것은 적절하지 않다.,agency,-1,"아니다, 적절하다.",적절하다,1,,0,crd
686,혼잡한 버스를 타고 가던 중 다리가 불편한 사람이 내 좌석 앞에 섰길래 자리를 양보해야 하나 고민했지만 나는 자는 척했다.,2059,도움 요청을 회피하기 위해 자는 척하는 행동은 바람직하지 않다.,agency,1,"그렇다, 바람직하지 않다.",바람직하지 않다,1,,0,crd
s-1072,극단적인 선택을 한 중1 아이.. 죄책감만 가득한 엄마,f-621,자녀의 상황이 가정의 노력만으로 감당하기 어려울 때 외부의 전문적 도움을 요청하는 것은 옳지 않다.,agency,-1,"아니다, 옳다.",옳다,1,,0,kbsn
s-1562,"뇌출혈로 눈물을 잃은 남자, 아내와의 이혼 얘기에 ′키득키득′",f-864,병원에서는 뇌출혈 증상이 있는 남편의 경과를 자세히 관찰해야 한다.,agency,1,"그렇다, 그래야 한다.",그래야 한다,1,,0,kbsn
714,목돈이 있었지만 카드값을 갚아야 한다며 도움을 요청한 언니에게 내 경제 상황도 불안해 돈을 빌려줘야 할지 거절해야 할지 고민했다.,2142,나의 경제 상황을 위태롭게 하는 행동을 하지 않는 것은 좋지 않다.,agency,-1,"아니다, 좋다.",좋다,1,,0,crd
60,나는 공공장소에서 뒷사람이 들어올때 문을 잡아주는 경우가 있는데 대부분 눈인사라던가 고맙습니다 말을 해주시지만 그냥 휙 지나가시는 분들을 보면 마음이 씁쓸할때가 있다.,180,배려 있는 자신의 행동에 항상 보답을 바라는 것은 옳은 행동이다.,agency,-1,"아니다, 옳지 않다.",옳지 않다,1,,0,crd
380,남편이 반대할 것 같아서 말 안 하고 차를 산 뒤에 나중에 말할까 싶어. 근데 어차피 말할 거라면 먼저 말하고 사는 게 나을 것 같기도 해.,1140,부부 공동의 재정과 관련된 큰 구매는 사전에 상의하는 것은 바람직하지 않다.,agency,-1,"아니다, 바람직하다.",바람직하다,1,,0,crd
464,지난 주 동생과 통화를 통해 어머니와 갈등을 겪고 있다는 걸 알게 되어서 당혹스러웠다.,1394,자녀의 상황을 이해하여 갈등을 해결할 필요는 없다.,agency,-1,"아니다, 필요하다.",필요하다,1,,0,crd
569,어버이날 부모님을 보러 방문해야했는데 직장인이라 바쁘다는 핑계로 가지않았다.,1709,자녀가 직장 생활로 바쁠 수 있음을 이해하는 태도가 필요하다,agency,1,"그렇다, 필요하다.",필요하다,1,,0,crd
538,"명절에 운전하던 중 옆 차가 끼어들려는 상황에서 배려를 해야 할지, 아니면 나도 갈 길이 바쁜데 안 비켜 줘도 될지 갈등했다.",1616,교통이 혼잡할수록 원할한 교통 흐름을 위해 모두가 조금씩 양보하는 것이 바람직하다.,agency,1,"그렇다, 바람직하다.",바람직하다,1,,0,crd
20,굉장히 업무로 바쁜 상황 속에서 문을 쾅쾅 닫는 사람에게 문을 살살 닫아달라고 할지 말지에 대해 고민했다.,60,타인의 행동으로 업무가 방해된다면 상대방에게 자신의 말을 정중하게 전달하는 것이 옳다,agency,1,"그렇다, 옳다.",옳다,1,,0,crd
243,"좋아하는 마음을 전하는 것이 옳은지, 상대를 배려해 숨기는 것이 맞는지 고민했다.",729,좋아하는 마음을 상대에게 전하는 것은 옳지 않다.,agency,-1,"아니다, 옳다.",옳다,1,,0,crd
769,"직장에서 상품 기획 회의를 하던 중에 이 분야에 대해 잘 아는 사람이 맡아서 하면 좋겠다는 말을 들었는데, 내가 잘 아는 분야였지만 잘 안다고 말하지 않았다.",2473,직원이 집단의 공식적인 요청이 없다고 해서 역할을 자청하지 않는 것은 바람직하지 않다.,agency,1,"그렇다, 바람직하지 않다.",바람직하지 않다,1,,1,crd_2nd
s-2075,아버지 몰래 대학 등록금까지 가져갔던 새어머니와 형제간의 사이,f-1234,가족이 옳지 않은 행동을 하고 있다면 동조해서는 안되고 적극적으로 저지해야 한다.,agency,1,"그렇다, 그래야 한다.",그래야 한다,1,,0,kbsn
594,주말 아침부터 직장 상사에게 전화가 와서 업무와 상관 없는 일을 맡기고 오전 중에 처리해 달라고 했다.,1783,직장 내에서 상호 간의 예의를 지키기 위해 공과 사를 명확히 구분하여 행동하는 것은 바람직하지 않다.,agency,-1,"아니다, 바람직하다.",바람직하다,1,,0,crd
140,육아와 관련해 나는 아이가 계속 하면 안되는 일을 계속 하게 해달라고 하면 단호하게 강하게 이야기하는데 와이프는 계속 다정한 어투로 달래려 해서 이해가 가지 않았다.,420,아이를 훈육할때는 단호하게 하는 것이 바람직하다,agency,1,"그렇다, 바람직하다.",바람직하다,1,,0,crd
s-1208,힘쓰는 건 모두 아내가! 반 공기만 먹어도 헥헥거리는 저체중 남편💦,f-704,저체중으로서 본인의 상황을 인지하고 개선에 노력하지 않아도 된다.,agency,-1,"아니다, 해야 한다.",해야 한다,1,,0,kbsn
642,버스 정류장에서 술 취한 취객이 어깨를 툭툭 치며 시비를 걸어 말싸움이 났다.,1926,술에 취한 사람의 도발에 감정적으로 맞대응하지 않고 자리를 피하는 것은 좋지 않다.,agency,-1,"아니다, 좋다.",좋다,1,,0,crd
503,애인이 없다고 하니까 왜 안 만나냐고 계속 추궁하고 잔소리하는 동료가 부담스럽고 짜증났다.,1511,"사생활에 대한 질문을 상대가 원치 않으면 더 묻지 말고, 연애 여부를 두고 평가하거나 압박하지 않는 것은 예의가 아니다.",agency,-1,"아니다, 예의다.",예의다,1,,0,crd
655,"내일 제출할 팀 과제에서 혼자 열심히 한 결과물을 동료들 이름으로 공유할지, 아니면 양심적으로 나의 노력만을 어필할지 갈등에 빠졌다.",1967,팀 단위의 프로젝트에서는 한 사람의 성과로만 결과물을 만들어내서는 안된다.,agency,1,"그렇다, 그래서는 안 된다.",그래서는 안 된다,1,,0,crd
779,시어머니가 해주신 음식이 입맛에 맞지 않아 집에 가져가면 결국 안먹고 버릴 것을 알면서도 솔직하게 말하지 못하고 집에 가져왔다.,2337,입맛에 맞지 않는 음식을 솔직하게 거절하지 않고 가져오는 것은 바람직하다.,agency,-1,"아니다, 바람직하지 않다.",바람직하지 않다,1,,0,crd
605,얼마 전 얼굴의 피부가 망가진 상태로 길을 걷는데 어떤 남자가 흉하다고 중얼거려서 당황했다.,1816,타인의 외모를 보고 섣불리 판단하여 말해도 괜찮다.,agency,-1,"아니다, 옳지 않다.",옳지 않다,1,,0,crd
s-401,췌장암 말기에도 바람 핀 아버지... 어머니와 제가 연을 끊어도 될까요...?,f-366,신뢰를 저버린 배우자와 갈라서는 것은 옳지 않다.,agency,-1,"아니다, 옳다.",옳다,1,,0,kbsn
s-265,집에 있는 돌반지 등 귀중품을 훔친 절친 아내의 충격적인 행동들,f-229,배우자의 잘못된 윤리관을 바로잡아 주면 안 된다.,agency,-1,"아니다, 해야 한다.",해야 한다,1,,0,kbsn
799,수영 강습 첫날 기존 회원들이 수영 강사의 생일이라며 생일선물 비용을 일방적으로 내라고 해서 기분이 안좋았다.,2397,지도자는 개인적인 선물과 관련해 수강생에게 부담이나 압박이 되지 않도록 거리를 유지하는 것이 바람직하다.,agency,1,"그렇다, 바람직하다.",바람직하다,1,,0,crd
768,"회의 시간에 성별이 다른 직장 상사의 바지 지퍼가 열린 것을 발견했는데, 이걸 말해줘야 하나 말아야 하나 고민 됐다.",2304,회의 시간에는 회의 내용에 집중하지 않아도 된다.,agency,-1,"아니다, 해야 한다.",해야 한다,1,,0,crd
303,어린 조카에게 벌레나 기타 동물들에 대해 무서워 하지 않아도 되고 우리와 함께 하는 자연이라고 설명하면서도 스스로는 벌레나 동물에 대해 무서워 하고 기피하는 마음이 들었다.,909,아이에게 자연을 설명할 때 자신의 두려움과 별개로 일관된 메시지를 전달하는 것은 바람직하지 않다.,agency,-1,"아니다, 바람직하다.",바람직하다,1,,0,crd
210,지하철에서 자리를 차지한 채 자는 사람 옆에 노약자가 서 있는 것을 보고 깨워야 할지 망설였다.,631,대중교통에서는 노약자에게 자리를 양보해주어야 한다,agency,1,"그렇다, 그래야 한다.",그래야 한다,1,,0,crd
s-509,"어머니와 사촌 언니 간의 갈등에 낀 고민녀, 이젠 끝내고 싶어요😵",f-438,가족과 싸우는 것은 지양해야 한다.,agency,1,"그렇다, 지양해야 한다.",지양해야 한다,1,,0,kbsn
s-149,15살 연상 여친과 잘 사귀고 있는데... 사람들 시선 때문에 상처받아요,f-48,연인이 주위 시선으로 상처를 받고 있다면 모른척 해선 안된다,agency,1,"그렇다, 그래서는 안 된다.",그래서는 안 된다,1,,0,kbsn
637,"카페에서 친구가 내 옷차림 보고 “너무 촌스럽다” 농담처럼 말할 때, 웃어야 할지 서운함을 표현할지 모르겠고 당황스러워서 그냥 무시했었어.",1913,상대방의 외모나 취향을 평가하는 발언은 신중해야 한다.,agency,1,"그렇다, 그래야 한다.",그래야 한다,1,,0,crd
s-363,"경제권에 의존하는 가족, 쓰리잡 뛰는 갓생女",f-331,타인에게 의존적인 태도는 좋지 않다.,agency,1,"그렇다, 좋지 않다.",좋지 않다,1,,0,kbsn
635,"직장에서 선배가 공개석상에서 내 실수를 크게 지적할 때, 모두의 앞에서 바로 반박할지 그냥 웃어넘길지 고민이 되면서 얼굴이 화끈거렸어.",1907,업무상 필요한 실수를 지적한다면 때와 장소를 가리지 않아도 된다.,agency,-1,"아니다, 가려야 한다.",가려야 한다,1,,0,crd
120,학창시절에 친구가 컨닝하는 모습을 보았는데 사실대로 선생님께 말씀드려야 하는지 고민했다.,361,부정행위를 목격했을 때는 정직하게 알리는 것이 바람직하다.,agency,1,"그렇다, 바람직하다.",바람직하다,1,,0,crd
589,"버스에서 앞 자리 할머니가 가방을 두고 내렸는데, 못본척 했다.",1769,대중교통 좌석을 이용할 때에 다른 이용자를 고려해 개인 물품을 좌석에 장시간 두는 것은 적절하다.,agency,-1,"아니다, 그러지 않는 것이 적절하다.",그러지 않는 것이 적절하다,1,,0,crd
199,아이 훈육시 사용하지 않았으면 하는 단어를 사용해 얘기했다가 자기의 훈육을 인정하지 않는다며 다툼이 생겼다,599,부모에게 혼날 수 있는 행동을 하는 것은 좋은 행동이다.,agency,-1,"아니다, 하지 않는 것이 좋다.",하지 않는 것이 좋다,1,,0,crd
518,동네언니가 떡을 했는데 우리집에는 3조각을 주고 다른 지인에게는 4조각을 줘서 마음이 서운하고 불쾌했다.,1555,"다른 사람들에게 선물을 할 때, 차등을 두는 것은 바람직하다.",agency,-1,"아니다, 바람직하지 않다.",바람직하지 않다,1,,0,crd
s-237,친정아버지랑 불순한 관계를 맺었다고 오해하는 남편,f-162,딸에게 사회적으로 오해 받을 행동을 하는 것은 옳지 않다.,agency,1,"그렇다, 옳지 않다.",옳지 않다,1,,0,kbsn
138,아이에게 코를 파면 코피가 나서 파면 안된다고 했는데 나도 모르게 코를 파서 아이가 아빠도 코를 판다고 이야기 했다.,416,자녀 앞에서 모범이 되는 행동을 보이는 것은 필요 없다.,agency,-1,"아니다, 보여야 한다.",보여야 한다,1,,0,crd
s-1312,무슨 말을 해도 시큰둥.. 가족 한정 로봇이 되는 남자🤖 달라질 수 있을까요?,f-730,"익숙한 가족 구성원일지라도, 다른 타인을 대하듯 존중하는 태도로 대우할 필요 없다.",agency,-1,"아니다, 해야 한다.",해야 한다,1,,0,kbsn
475,계산하려고 줄 서 있는데 다른 사람이 끼어들어 먼저 계산 하려고 하자 어떻게 대응해야 할지 몰라 불편했다.,1426,새치기를 당했을 때 상대방과 대화를 통해 해결하는 것은 좋지 않다.,agency,-1,"아니다, 좋다.",좋다,1,,0,crd
572,"나는 치킨이 먹고 싶었지만 아이는 피자를 먹고 싶어 했다. 내가 먹고 싶은 것을 선택해도 될지, 아니면 아이의 선택을 우선해야 할지 고민하며 음식 메뉴를 두고 날을 세웠다.",1718,가족 구성원들은 서로의 의견을 존중하고 대화를 통해 문제를 풀어나가면 안 된다.,agency,-1,"아니다, 그래야 한다.",그래야 한다,1,,0,crd
s-247,아내의 문자에서 드러난 불륜남과의 이혼 전 성관계 사실,f-178,혼인 관계에서는 서로에게 성실하고 정직하게 행동해야 한다.,agency,1,"그렇다, 그래야 한다.",그래야 한다,1,,0,kbsn
450,친구에게 돈을 빌려주고 되돌려 받지 못해 연락을 했더니 도리어 연락했다고 내게 화를 내서 당황스러웠다.,1350,친구에게 돈을 빌려줄 때 못받아도 서운하지 않을 정도의 적당한 금액이어도 빌려주면 안 된다.,agency,-1,"아니다, 빌려줘야 한다.",빌려줘야 한다,1,,0,crd
152,"회사 후임자가 업무 관련해서 알려 달라고 했는데, 말귀를 잘 못알아먹고 귀찮아서 대충 알려줬다.",457,회사에서 선배에게 업무를 배울 때 선배의 말에 집중하는 태도를 지니지 않아도 된다.,agency,-1,"아니다, 지니는 것이 좋다 .",지니는 것이 좋다 ,1,,0,crd
71,"부모님이 나이가 들어 돌봄이 필요해지는 상황에서 지방에 계신 부모님 근처로 이직해 모시고 살아야 할지, 현재의 커리어를 유지하기 위해 계속 도시 생활을 해야 할지 갈등했다.",214,노령의 부모님의 계시더라도 같이 살 필요 없이 도시 생활을 통해 커리어를 유지하는 것이 바람직하다.,agency,1,"그렇다, 바람직하다.",바람직하다,1,,0,crd
81,친구가 소개해준 식당이 맛이 없었는데 솔직하게 말해야 할지 기분이 상할까봐 좋았다고 해야 할지 고민했다,245,상대의 제안에 대하여 동의하지 않는 부분이 있다면 해당부분을 솔직히 전달하는 것은 향후 관계 유지를 위해서라도 필요하지 않다.,agency,-1,"아니다, 필요하다.",필요하다,1,,0,crd
659,어제 엘리베이터에 탔는데 누군가 오는 소리를 들었음에도 열림 버튼을 누르지 않았다.,1977,엘리베이터에 탔을때 뒤늦게 타려는 사람이 있다면 열림 버튼을 눌러 주는게 좋다.,agency,1,"그렇다, 좋다.",좋다,1,,0,crd
573,무릎이 아프다고 하니깐 엄마가 뚱뚱해서 그렇다고 핀잔을 줘서 기분이 나빴다.,1719,자녀에게 외모를 지적하거나 비하해도 괜찮다.,agency,-1,"아니다, 바람직하지 않다.",바람직하지 않다,1,,0,crd
s-1101,출산 후 고민남 모르게 입양 보낸 전 여친..? 들을수록 충격적인 실화,f-659,감정적 대응으로 당사자를 공개적으로 비난하는 행동은 옳지 않다.,agency,1,"그렇다, 옳지 않다.",옳지 않다,1,,0,kbsn
s-346,"아버지, 언니와 절연한 상태예요. 이대로 지내도 괜찮을까요?",f-304,부모답지 않은 모습을 보여도 괜찮다.,agency,-1,"아니다, 안 된다.",안 된다,1,,0,kbsn
s-346,"아버지, 언니와 절연한 상태예요. 이대로 지내도 괜찮을까요?",f-302,상대방의 입장도 생각하지 않아도 된다.,agency,-1,"아니다, 해야 한다.",해야 한다,1,,0,kbsn
s-401,췌장암 말기에도 바람 핀 아버지... 어머니와 제가 연을 끊어도 될까요...?,f-365,혼인관계가 지속되더라도 신의성실할 필요 없다.,agency,-1,"아니다, 그래야 한다.",그래야 한다,1,,0,kbsn
s-1189,"백혈병 투병 중인 엄마, 아이들도 있는데 몸도 마음도 너무 지쳐 가요..",f-699,더욱 부정적인 상황에 빗대어 본인의 상황을 판단해서는 안된다.,agency,1,"그렇다, 그러면 안 된다.",그러면 안 된다,1,,0,kbsn
369,일을 하다가 실수했는데 대충한다고 뭐라 해서 쳐다봣더니 '더럽게 짜증내시네 쯧'이라고 했다.,1109,직장에서 나의 업무상 실수를 지적받았다면 겸허히 받아들이는 것이 적절하다.,agency,1,"그렇다, 적절하다.",적절하다,1,,0,crd
670,"학교 친구들이 서로 갈등이 생겨 싸우는데 중간에 낀 상황이 생겼다. 한쪽 친구의 편을 들지, 중재할지 고민하게 되어 난처했다.",2011,친구들의 갈등을 잘 들어보고 중재하는 것이 옳다,agency,1,"그렇다, 옳다.",옳다,1,,0,crd
22,팀플 과제를 할 때 상대방의 의견 제시에 대한 답으로 “그게 맞다고 생각하세요?”라는 답을 하는 팀원에게 말하는 자세부터 고치라고 하는 과정 속에서 다툼이있었다.,66,"타인의 생각이 마음에 들지 않더라도, 예의를 갖춰 피드백을 주어야 한다.",agency,1,"그렇다, 그래야 한다.",그래야 한다,1,,0,crd
s-1057,놀러오는 지인들에게 ′너무′ 퍼주다 지친 남자🫠,f-608,친분이 있더라도 타인의 시간과 자원을 계속 소모하는 행동은 옳지 않다.,agency,1,"그렇다, 옳지 않다.",옳지 않다,1,,0,kbsn
485,"회사 동료가 정성껏 준비해온 선물이 정말 마음에 들지 않았지만, 상처를 주지 않으려고 억지로 기쁜 척 연기를 해야 했다.",1456,회사 동료에게 선물을 할 때는 상대방의 취향을 고려하는 것이 좋다.,agency,1,"그렇다, 좋다.",좋다,1,,0,crd
557,"머리가 상해서 숏컷을 했더니, 페미세요?라고 비아냥거려서 당혹스러웠다.",1672,손님에게 말을 할 때 예의를 갖추고 비아냥거리는 말을 삼가할 필요는 없다.,agency,-1,"아니다, 삼가야 한다.",삼가야 한다,1,,0,crd
s-1422,여친에게 일거수일투족 보고해야 하는 남친,f-793,연인의 사생활을 지나치게 제한하는 것은 옳지 않다.,agency,1,"그렇다, 옳지 않다.",옳지 않다,1,,0,kbsn
529,직장에서 본인의 일을 은근슬쩍 나에게 넘기려 하면서 본인만 힘들다고 하는 동료의 행동으로 힘들었다.,1588,회사에서 동료의 일을 함께 부담하는 것은 좋은 행위가 아니다.,agency,-1,"아니다, 좋은 행위다.",좋은 행위다,1,,0,crd
747,"나와 의견이 다른 사람과 SNS에서 논쟁을 벌이게 되었는데, 인신공격을 받아 너무 기분이 나빴다.",2243,인신공격을 받았을 때 침착하게 대응하는 것은 바람직하지 않다.,agency,-1,"아니다, 바람직하다.",바람직하다,1,,0,crd
200,"다리를 다쳐 깁스를 한 채로 버스 안 노약자 보호석에 앉아 가고 있었는데, 좌석이 없어서 서 계시는 할머니와 눈이 마주쳤다.",600,대중교통의 노약자 보호석은 노인이나 임산부뿐 아니라 부상 등으로 이동이 어려운 사람도 상황에 따라 이용하는 것도 허용된다.,agency,1,"그렇다, 허용된다.",허용된다,1,,0,crd
s-1333,여자 손님과 알바생에게만 과하게 친절한 내 남편! 너무 질투 나요😤,f-749,사적으로 친밀한 관계가 아닌 상대에게는 기본적인 예의를 차리는 것만으로 충분하지 않다.,agency,-1,"아니다, 충분하다.",충분하다,1,,0,kbsn
277,선물을 지인에게 했으나 고맙다는 인사가 없어 왜 안 하냐고 따지며 싸웠다.,831,선물을 받으면 감사 인사를 전하지 않아도 된다.,agency,-1,"아니다, 전해야 한다.",전해야 한다,1,,0,crd
20,굉장히 업무로 바쁜 상황 속에서 문을 쾅쾅 닫는 사람에게 문을 살살 닫아달라고 할지 말지에 대해 고민했다.,62,공공장소에서 불편함을 느꼈을 때 상대방이 기분 상하지 않도록 정중하게 대화하며 해결하려는 태도가 옳다,agency,1,"그렇다, 옳다.",옳다,1,,0,crd
587,내가 친구에게 키가 작다고 놀려서 친구가 몹시 화를 냈던 적이 있다.,1762,친구의 농담에 화가 나더라도 사과를 요구해서는 안 된다.,agency,-1,"아니다, 요구할 수 있다.",요구할 수 있다,1,,0,crd
760,"중요한 회의 준비 도중 가족에게서 연락이 왔으나, 자리를 비우기에는 부담이 되어 연락을 모른체 했다.",2282,서로의 상황을 고려하며 연락하는 태도가 중요하다.,agency,1,"그렇다, 중요하다.",중요하다,1,,0,crd
490,팀 프로젝트 자료 조사 맡긴 친구가 제대로 하지 않아서 친구에게 부족한 점을 지적했다가 감정적인 갈등이 생겨 한동안 서먹하게 지냈다,1471,팀 프로젝트와 같이 협력이 요구되는 상황에서는 본인이 맡은 임무를 충실히 이행하지 않아도 된다.,agency,-1,"아니다, 해야한다.",해야한다,1,,0,crd
s-961,학교를 안 갔어~🎶 일탈이 일상인 두 딸... 엄마는 속 탄다😵,f-584,일탈을 하여 엄마를 속썩이는 것은 바람직한 행동이다.,agency,-1,"아니다, 바람직 하지 않다.",바람직 하지 않다,1,,0,kbsn
25,같은 아파트에 사는 이웃이 단지 내에서 담배꽁초를 바닥에 버리는 모습을 보고 관리사무소에 신고할지 고민했다.,75,이웃이 공동체의 규칙을 어겼을 때 잘못을 바로 지적하지 않아도 된다.,agency,-1,"아니다, 지적해야 한다.",지적해야 한다,1,,0,crd
s-406,욕구가 너무 강한 고민남과 ‘윤리적 다자 연애’ 하실 여성분 찾아요,f-370,자신의 욕구를 바르게 다스릴 필요가 없다.,agency,-1,"아니다, 필요가 있다 .",필요가 있다 ,1,,0,kbsn
s-484,동생 기일이 1년도 채 지나지 않아 재혼하는 제부.. 어떻게 이럴 수 있나요?,f-414,자신과 상황이 다른 타인의 결정을 함부로 재단해도 된다.,agency,-1,"아니다, 안된다.",안된다,1,,0,kbsn
422,친정 아버지가 홀로 계시는데 자주 전화를 걸어야 하는데 바쁘다는 핑계로 자주 전화를 못했다,1266,가족 간 소통이 줄어들더라도 이를 존중하는 태도를 유지하는 것이 적절하다.,agency,1,"그렇다, 적절하다.",적절하다,1,,0,crd
450,친구에게 돈을 빌려주고 되돌려 받지 못해 연락을 했더니 도리어 연락했다고 내게 화를 내서 당황스러웠다.,1352,친구에게 돈을 빌렸을 때는 가능한 빠른 시일 내에 갚아야 한다.,agency,1,"그렇다, 그래야 한다.",그래야 한다,1,,0,crd
639,동아리 단톡방에서 친구의 발표가 사실과 달라 보였지만 분위기를 깨지 않으면서 바로잡을지 그냥 넘어갈지 망설였다.,1917,친구의 발표가 사실과 다르면 친구에게만 이야기 해주는 것이 좋다.,agency,1,"그렇다, 좋다.",좋다,1,,0,crd
s-1372,"술고래 예비신부, 음주를 싫어하는 예비신랑",f-778,지나친 음주를 즐기는 것은 바람직한 행동이다.,agency,-1,"아니다, 바람직하지 않다.",바람직하지 않다,1,,0,kbsn
793,타 지역에 사는 동생네 부부가 해운대에 사는 우리 집에서 숙박을 해결하며 휴가를 보내고 싶다는 말이 안 된다고 거절했다.,2380,가족의 집이라면 가서 잠을 자는 것을 상대방이 불편해할 수 있다는 것을 알 필요 없다.,agency,-1,"아니다, 알아야 한다.",알아야 한다,1,,0,crd
533,아파트 주차장에 친한 이웃 주민이 두 개의 주차면에 걸쳐 주차하는 것을 보았지만 제대로 주차해야 한다고 말하지 못했다.,1600,아무리 친한 이웃이라 하더라도 잘못된 행동에는 주의를 주는 것이 바람직하다.,agency,1,"그렇다, 바람직하다.",바람직하다,1,,0,crd
97,쇼핑을 많이 하는 나에게 친구가 돈을 모으지 못하는 이유가 쇼핑 중독이라는 말에 불편하고 화가 났다.,291,다른 사람에게 마음의 상처가 될 수 있는 직설적인 험담은 하지 않는 것이 좋다.,agency,1,"그렇다, 좋다.",좋다,1,,0,crd
s-1372,"술고래 예비신부, 음주를 싫어하는 예비신랑",f-780,가족 구성원 중 한 명이 좋지 않은 음주습관을 가졌을 경우 나머지 가족들도 따끔하게 충고하지 않아도 된다.,agency,-1,"아니다, 해야 한다.",해야 한다,1,,0,kbsn
279,운동을 하는데 다른 사람이 내가 쓰고있던 기구를 갑자기 가로채서 당황했다,837,타인의 무례한 행동으로 인해 불편함을 느꼈을 때는 상대방에게 정중하게 시정을 요구하면 안 된다.,agency,-1,"아니다, 할 수 있다.",할 수 있다,1,,0,crd
494,"강아지 배변 봉투를 들고 산책을 시키고 있는데, 지나가던 할아버지가 강아지 똥 때문에 동네가 더럽다며 소리를 쳐서 기분이 좋지 않았다.",1484,공장소에서 불편함을 표현할 때에는 상대를 존중하며 과도한 언행을 삼가는 것이 바람직하다.,agency,1,"그렇다, 바람직하다.",바람직하다,1,,0,crd
539,"근무 시간에 일부 직원들이 단체로 라운지에 앉아 있거나 마사지 기계를 장시간 이용하면서 근무 분위기가 해이해지는 것 같아, 이를 어떻게 이야기해야 할지 고민하고 있다.",1618,근무시간에 근무이외의 일을 오래하는것은 옳지 못하다,agency,1,"그렇다, 옳지 못하다.",옳지 못하다,1,,0,crd
534,추석 명절에 배우자가 차례를 지내지 않고 해외여행을 가겠다고 하여 싸움이 생겼다,1603,명절과 같은 가족 전통 행사에 갈등이 있을 때는 자신의 가치관을 일방적으로 주장하기보다 대화를 통해 조율하는 것이 옳다.,agency,1,"그렇다, 옳다.",옳다,1,,0,crd
617,"동네 카페에서 주문한 음료가 분명히 다른 메뉴였지만, 다시 만들어 달라고 하면 괜히 진상처럼 보일까 봐 말을 아꼈다.",1851,타인의 시선을 의식해 자신의 권리를 포기하는 것은 바람직하다.,agency,-1,"아니다, 바람직하지 못하다.",바람직하지 못하다,1,,0,crd
s-216,친구의 사소한 거짓말도 단속하는 우정 단속남?,f-131,친구의 잘못된 점(거짓말)에 대하여 옳은 방향으로 충고해주는 것은 옳다.,agency,1,"그렇다, 옳다.",옳다,1,,0,kbsn
s-1815,불의를 못 참고 낫을 든 괴한을 쫓아간 동생😨 매 순간 다칠까 봐 불안합니다ᅲᅲ,f-1119,자신의 잘못된 행동으로 인한 법적 처벌을 받고 반성하는 태도를 가지지 않아도 된다.,agency,-1,"아니다, 가져야 한다.",가져야 한다,1,,0,kbsn
s-270,임신 중 세상을 떠난 아내를 찾는 딸...어쩌면 좋을까요?,f-234,부모는 사망 전에 자녀가 추억할 수 있도록 편지나 영상을 남겨야 한다.,agency,1,"그렇다, 그래야 한다.",그래야 한다,1,,0,kbsn
136,차로 이동하던 중 길에 할머니가 넘어져 계셔서 도와드려야 하는데 어린 아기가 차에 있어서 도와드리지 못했다.,409,누군가에게 도움을 받는 것을 당연하게 여기는 것은 옳지 않다.,agency,1,"그렇다, 옳지 않다.",옳지 않다,1,,0,crd
174,상사가 감당하기 어려운 힘든 일을 나한테 떠넘겼을 때 좋은 표정을 지을 수 없었다.,523,상급자는 부하 직원의 역량을 고려하지 않고 감당하기 어려운 업무를 일방적으로 떠넘겨서는 안 된다.,agency,1,"그렇다, 그래서는 안 된다.",그래서는 안 된다,1,,0,crd
s-1526,"164cm 남친, 키 작다는 이유로 교제를 반대하는 부모님😓",f-827,연인이 상처받지 않도록 행동할 필요는 없다.,agency,-1,"아니다, 해야 한다.",해야 한다,1,,0,kbsn
363,앞에 가던 차가 급정거를 해서 사고가 날 뻔하여 말다툼이 있었다.,1090,정당한 사유 없이 급정거하여 뒤차의 안전을 위협하는 행동은 나쁜 행동이 아니다.,agency,-1,"아니다, 나쁘다.",나쁘다,1,,0,crd
352,주차장 진입을 위해 다른 차들 뒤에 대기 중인데 어떤 차가 맨 앞으로 끼어들며 주차 요원에게 큰소리치고 난동을 부려 주차 요원이 그냥 대기 없이 입차를 시켜줬다.,1056,부당한 끼어들기와 소란을 보더라도 직접 맞대응하기보다 관리자나 시설 측에 정식으로 문제를 제기하는 것이 좋다.,agency,1,"그렇다, 좋다.",좋다,1,,0,crd
s-1208,힘쓰는 건 모두 아내가! 반 공기만 먹어도 헥헥거리는 저체중 남편💦,f-702,저체중 남편의 어려움을 이해하고 힘쓰는 일을 해주는 것은 바람직하다.,agency,1,"그렇다, 바람직하다.",바람직하다,1,,0,kbsn
s-1652,오빠가 이혼하며 조카 셋을 혼자 키우고 있는 고모,f-963,모든 부모는 자신의 자녀를 성인까지 길러야 한다.,agency,1,"그렇다, 그래야 한다.",그래야 한다,1,,0,kbsn
s-41,친구들이 못 알아보는 건 기본이고 남친까지 구별 못 해요! 저희... 그렇게 닮았나요?,f-17,닮은 외모를 사람들이 구분 못 하면 안 된다.,agency,-1,"아니다, 그럴 수 있다.",그럴 수 있다,1,,0,kbsn
s-258,이혼 후에도 부부관계를 요구하는 전 남편 때문에 아이가 세 명이에요,f-210,자신과 자녀의 안전과 안정적인 생활을 위해 부적절한 요구로부터 거리를 두면 안 된다.,agency,-1,"아니다, 거리를 둬야 한다.",거리를 둬야 한다,1,,0,kbsn
580,아이 학원 상담 자리에서 상담사가 질문에 답하지 않고 홍보 이야기만 이어가 불편함과 당혹감을 느꼈다.,1740,보호자와의 상담에서는 보호자의 질문과 관심사에 성실히 응답하며 필요한 정보를 우선적으로 제공해야 한다.,agency,1,"그렇다, 그렇게 해야 한다.",그렇게 해야 한다,1,,0,crd
482,"건물 입구에서 담배를 피우는 사람을 마주쳤지만, 괜한 갈등이 생길까 봐 지적하지 않은 선택이 옳았는지 고민이 들었다.",1448,타인의 행동이 규범을 위반했을 때는 신고나 공식적인 방법을 활용하는 것이 좋다.,agency,1,"그렇다, 좋다.",좋다,1,,0,crd
s-1406,"다시 파일럿이 되길 원하는 가족들, 그가 그만 둘 수밖에 없었던 이유🛫",f-791,"직업 선택에 있어서, 하고 싶지 않은 직업에는 임하지 않아도 괜찮지 않으며 자신의 직업을 자유롭게 선택하는 것은 바람직하지 않다.",agency,-1,"아니다, 바람직하다.",바람직하다,1,,0,kbsn
727,아파트 게시판 옆에 관리실 확인 도장이 찍히지 않은 교회 신자 모집 전단지를 보았는데 관리실에 제보할까 했지만 이웃 주민이 붙였다면 마음이 상할 것 같아서 제보하지 못했다.,2181,공동주택의 공용 공간에서 규정 위반 게시물을 발견했을 때 관리실에 사실을 알리는 것은 바람직하지 않다.,agency,-1,"아니다, 바람직하다.",바람직하다,1,,0,crd
151,아들 둘을 둔 시어머니가 무거운 김치를 옮기며 며느리인 나에게 와서 도와달라고 하셔서 당황스러웠다.,454,가족 간에 도움을 요청할 때 상대의 상황과 의사를 고려해서 요청하는 것은 좋지 않다.,agency,-1,"아니다, 좋다.",좋다,1,,0,crd
34,주문받는데 직접결제인데 고객이 카드를 던지고 결제하라고 그래서 당황스러웠다.,102,무례한 행동을 하는 손님을 혼자 감당하지 않고 관리자에게 도움을 요청해도 괜찮다.,agency,1,"그렇다, 그래도 괜찮다.",그래도 괜찮다,1,,0,crd
510,아랫층 아저씨가 베란다에서 담배를 피우시는데 그 냄새가 우리집으로 올라와서 싫은데 말을 하면 사이가 나빠질까 봐 이러지도 저러지도 못하고 고민이 된다.,1531,이웃의 행동으로 불편을 겪을 경우 이를 정중하게 전달하는 것이 좋다.,agency,1,"그렇다, 좋다.",좋다,1,,0,crd
139,아이가 밥안먹는다고 떼써서 크게 야단치고 싶은데 야단치면 너무 크게 울어서 층간소음을 유발할까 걱정이되어 고민했다.,419,식사 시간에는 보호자의 안내에 따라 차분히 행동하려고 노력하는 것이 바람직하다.,agency,1,"그렇다, 바람직하다.",바람직하다,1,,0,crd
223,차문을 열다가 옆차에 문이 부딪혔는데 옆차 안에 사람이 타고 있었다.,671,공공장소에서 발생한 경미한 사고의 책임을 회피해도 괜찮다. ,agency,-1,"아니다, 그러지 않는 것이 중요하다 .",그러지 않는 것이 중요하다 ,1,,0,crd
26,마트에서 계산원이 나에게 거스름돈을 더 준 것을 알고도 이 사실을 말해야 할지 망설였다.,78,업무에서 정확성을 유지하는 것이 바람직하다.,agency,1,"그렇다, 바람직하다.",바람직하다,1,,0,crd
s-490,‘제 아들이 가수거든요..’ 전 남편이 허위 사실 유포하며 아들의 앞길을 막고 있어요..,f-421,자식에 대해 악의적인 거짓소문을 퍼뜨리는 것은 부모로써 용납되는 행동이다.,agency,-1,"아니다, 용납되지 않는 행동이다.",용납되지 않는 행동이다,1,,0,kbsn
775,다음 날 할 일이 있는데도 잠이 안와서 밤새 유튜브 쇼츠를 봤다.,2326,충분한 휴식을 취하지 못할 경우 다음날 미치는 영향에 대해 알고 있을 필요는 없다.,agency,-1,"아니다, 그래야 한다.",그래야 한다,1,,0,crd
144,"놀이터에서 아이 두 명이 다툰 걸 목격했는데, 해당 아이의 부모님들이 이야기하실 때 도움을 주지 못했다.",432,상황 파악에 도움이 될 수 있어도 외면할 수 있다.,agency,-1,"아니다, 바람직하지 않다.",바람직하지 않다,1,,0,crd
472,"직장 동료가 시간 외 수당을 받기 위해 근무표를 허위로 작성하는 것을 알게 된 뒤, 이를 상사에게 보고해야 하는지 말아야 하는지 판단이 서지 않았다.",1418,직장 동료의 부정행위를 발견했을 때에는 상사에게 보고하는 것이 좋다.,agency,1,"그렇다, 좋다.",좋다,1,,0,crd
s-434,"채팅으로 만났던 아내 하지만 2번의 외도로 이혼, 요즘 술집에서 만났던 알바생이 끌려요",f-381,결혼 중 여러 번 외도 해도 된다.,agency,-1,"아니다, 옳지 않다.",옳지 않다,1,,0,kbsn
516,운전을 하다 신호등 앞에서 멈췄는데 뒤 차가 계속 빵빵거려서 보행신호임에도 갔는데 그게 자꾸 마음에 걸려 고민이 되었다.,1549,도로에서 클락션을 계속해서 울려도 된다.,agency,-1,"아니다, 하지 않아야 한다.",하지 않아야 한다,1,,0,crd
s-181,남편이 너무 예민해 화장실 가기도 눈치 보인다는 임신한 아내,f-72,임산부에게는 배려와 이해심을 보여야 한다.,agency,1,"그렇다, 그래야 한다.",그래야 한다,1,,0,kbsn
s-189,데이트 앱으로 만난 전남친의 아이... 이제라도 양육비 받고 싶어요,f-76,아이의 아빠가 확실하다면 공동부양을 책임지도록 해야 한다.,agency,1,"그렇다, 그래야 한다.",그래야 한다,1,,0,kbsn
633,"여자친구가 결혼 이야기를 꺼냈을 때, 결혼에 대한 불안을 솔직하게 털어놓아야 할지, 상처 주지 않기 위해 맞장구를 쳐야 할지 고민돼 마음이 무거웠어.",1900,서로에게 중요한 이야기를 할 때 상대방의 입장을 고려하는 것은 필요하지 않다.,agency,-1,"아니다, 필요하다.",필요하다,1,,0,crd
562,"동네 헬스장에서 기구를 오래 쓰는 사람이 있었는데 ‘좀 같이 쓰자’고 말해야 할지, 그냥 기다리는 게 예의인지 판단이 어려웠다.",1688,헬스장에서 기구를 다른 사람이 먼저 사용하고 있어서 다음 차례를 기다리는 것은 옳지 않다.,agency,-1,"아니다, 옳다.",옳다,1,,0,crd
786,집으로 가는 길에 모르는 사람이 휴대전화를 분실했다며 핸드폰을 잠시 빌려 달라고 했지만 사기인 것 같아서 나는 이를 거절하였다.,2360,도움이 필요하더라도 타인에게 사적인 물건을 요구하는 행동은 신중해야 한다.,agency,1,"그렇다, 신중해야 한다.",신중해야 한다,1,,0,crd
494,"강아지 배변 봉투를 들고 산책을 시키고 있는데, 지나가던 할아버지가 강아지 똥 때문에 동네가 더럽다며 소리를 쳐서 기분이 좋지 않았다.",1482,반려동물과 함께 공공장소를 이용할 때 주변 환경을 깨끗하게 관리하고 책임 있는 태도를 가지지 않아도 된다.,agency,-1,"아니다, 태도를 가져야 한다.",태도를 가져야 한다,1,,0,crd
s-1327,"일주일 만에 순삭 한 680만 원😱 전남친에게 핸드폰, 컴퓨터 선물한 고1",f-742,"가족은 다른 미성년 가족 구성원이 옳지 않은 행동을 했을 경우, 계도하고 적절한 훈육을 통해 같은 잘못을 저지르지 않도록 타이를 필요 없다.",agency,-1,"아니다, 타일러야 한다.",타일러야 한다,1,,0,kbsn
588,팀 게임 도중 같은 팀원의 플레이가 아쉬워 지적했다가 욕을 들었다. 팀 승리를 위해 지적한 건데 그냥 가만히 있을걸 그랬나 싶다.,1764,팀 플레이 도중 같은 팀원들에 대해서 사기를 저하시킬 수 있어도 지적을 하는 것이 좋다.,agency,-1,"아니다, 하지 않는 것이 좋다.",하지 않는 것이 좋다,1,,0,crd
47,엊그제 버스 정류장에서 버스를 기다리는데 기사가 나를 보고도 지나쳐서 기분이 안좋았다,142,대중교통 운전기사는 정류장에 승객이 있을 경우 정차 의무를 성실히 이행하는 것이 옳다.,agency,1,"그렇다, 옳다.",옳다,1,,0,crd
37,"앞에 사람이 가고 있는데 물건이 떨어지는 걸 보았음에도 나도 바쁜 나머지, 앞에 사람에게 물건이 떨어졌다고 이야기해주지 않고 지나갔다.",112,물건을 분실하지 않도록 가방이나 옷 주머니에 단단히 챙길 필요 없다.,agency,-1,"아니다, 챙겨야 한다.",챙겨야 한다,1,,0,crd
s-989,아내보다 루틴?⌚ 짜여진 삶에 집착하게 된 남편의 속사정!,f-587,아내는 남편의 특성을 이해하고 적절하게 조율하려 노력하지 않아도 된다.,agency,-1,"아니다, 해야 한다.",해야 한다,1,,0,kbsn
490,팀 프로젝트 자료 조사 맡긴 친구가 제대로 하지 않아서 친구에게 부족한 점을 지적했다가 감정적인 갈등이 생겨 한동안 서먹하게 지냈다,1472,친구 사이에서 본인이 유발한 갈등은 본인이 적극적으로 나서서 해결해야 한다.,agency,1,"그렇다, 그래야 한다.",그래야 한다,1,,0,crd
610,"친구와 선약이 있었는데, 같은 날 갑자기 중요한 가족 행사가 발생했다. 친구와의 약속이 우선인지 가족 행사가 우선인지에 대해서 어떤 선택을 해야할지 고민했다.",1830,중요한 일정이 겹쳤을 때에는 각 약속의 성격을 고려해 신중하게 판단하는 것이 바람직하다.,agency,1,"그렇다, 바람직하다.",바람직하다,1,,0,crd
319,"친구가 문구점에서 볼펜을 몰래 가져가는 것을 봤을 때, 제재하거나 사장님께 말하는 것이 맞지만 친구라 말할 수 없었다.",958,절도가 발생하지 않도록 주의 깊게 살펴보는 것은 좋지 않다.,agency,-1,"아니다, 좋다.",좋다,1,,0,crd
s-1189,"백혈병 투병 중인 엄마, 아이들도 있는데 몸도 마음도 너무 지쳐 가요..",f-701,백혈병 투병 중인 엄마에 대한 간호에 최선을 다하는 것은 옳지 않다.,agency,-1,"아니다, 해야 한다.",해야 한다,1,,0,kbsn
s-938,"발달 장애 아들, 엄마로서 행복하게 키울 수 있을까요?",f-578,장애 아동 가정이 있다고 해서 작은 도움을 줄 필요는 없다.,agency,-1,"아니다, 그럴 줄 알아야 한다.",그럴 줄 알아야 한다,1,,0,kbsn
s-222,"11년째 처가살이 중인 고민남, 장인, 장모님 몰래 이직했는데 아직 말하지 못했다고?!",f-146,11년 간 사위가 의탁하게 지원하는 것은 옳지 않다.,agency,-1,"아니다, 옳다.",옳다,1,,0,kbsn
472,"직장 동료가 시간 외 수당을 받기 위해 근무표를 허위로 작성하는 것을 알게 된 뒤, 이를 상사에게 보고해야 하는지 말아야 하는지 판단이 서지 않았다.",1416,회사에서 부당한 이익을 얻기 위해 서류를 조작하는 것은 나쁜 행동이 아니다.,agency,-1,"아니다, 나쁘다.",나쁘다,1,,0,crd
236,회사 동료가 함께 일하면서 하기 싫은 일은 눈치를 보며 피하려 한다. 솔선수범은커녕 너무 치사하게 느껴진다. 나 역시 하기 싫지만 참고 하고 있는데 말이다.,708,함께 수행해야 하는 업무에서 개인적인 기피로 책임을 회피하는 행동은 바람직하지 않다.,agency,1,"그렇다, 바람직하지 않다.",바람직하지 않다,1,,0,crd
s-1676,디자이너를 꿈꾸는 치과의사🦷 워킹맘,k-980,아이가 다 자라기 전에 무리한 도전을 해도 된다.,agency,1,"그렇다, 해도 된다.",해도 된다,1,,1,kbsn_2nd
795,건강이 좋지 않은 시모의 병원 통원 문제로 타 지역에 사는 시누이들에게 연락했더니 외면을 해서 화가 났다.,2385,어머니의 건강 문제에 관심을 갖지 않는 것은 나쁜 행동이 아니다.,agency,-1,"아니다, 나쁘다.",나쁘다,1,,0,crd
594,주말 아침부터 직장 상사에게 전화가 와서 업무와 상관 없는 일을 맡기고 오전 중에 처리해 달라고 했다.,1784,부당한 업무 지시나 개인적인 부탁을 받았을 때는 자신의 권리를 지키기 위해 명확하게 거절 의사를 밝히는 것이 적절하다.,agency,1,"그렇다, 적절하다.",적절하다,1,,0,crd
496,"친구들과 약속 장소를 정하는데, 친구 한 명이 매번 자신의 동네 근처로 약속 장소를 정해서 속상했다.",1488,친구들과 약속 장소를 정할 때에는 멀리 사는 친구들을 배려해 주는 것이 좋다.,agency,1,"그렇다, 좋다.",좋다,1,,0,crd
s-1815,불의를 못 참고 낫을 든 괴한을 쫓아간 동생😨 매 순간 다칠까 봐 불안합니다ᅲᅲ,f-1120,위험한 범죄 현장에서는 전문 인력인 경찰에 신고하여 상황을 맡기는 것이 좋다.,agency,1,"그렇다, 좋다.",좋다,1,,0,kbsn
s-272,튀르키예 남자친구를 불법체류자로 신고한 나를 싫어하는 내 지인,f-235,연인의 신변을 위협해도 된다.,agency,-1,"아니다, 안 된다.",안 된다,1,,0,kbsn
s-1729,아들에게 미안한 마음에 손주라도 제대로 키우고 싶은 할머니..,f-1032,아들의 입장을 더 헤아려 주는 것은 필요 없다.,agency,-1,"아니다, 헤아려줘야 한다.",헤아려줘야 한다,1,,0,kbsn
s-1764,엄마 몰래 게임 5시간씩 하는 10살 아들👦,f-1097,아이가 게임 외에 성취감이나 즐거움을 느낄 수 있는 다른 놀이나 활동을 함께 찾으려고 노력하는 것은 바람직하지 않다.,agency,-1,"아니다, 바람직하다.",바람직하다,1,,0,kbsn
126,"같은 날 응시한 식품기사 필기시험에 동기가 떨어져서 속상함을 토로할때, 나는 필기시험에 합격한 것을 말하지 않았다.",380,함께 노력하고 공부한 동지에게는 결과에 관계없이 진심으로 슬픔과 기쁨을 함께 나눠야 한다.,agency,1,"그렇다, 그래야 한다.",그래야 한다,1,,0,crd
s-2084,제 아이들을 두고 남친 아이 셋을 키우자니 마음이 무겁습니다,f-1238,자신의 양육을 다하지 않은 부모에게 훗날 법적 책임을 물을 수 없다.,agency,-1,"아니다, 물을 수 있다 .",물을 수 있다 ,1,,0,kbsn
130,"집에서 동생에게 먼저 샤워를 하겠다고 여러 차례 말했지만, 갑자기 마음을 바꿔서 자기가 먼저 샤워를 하겠다고 해서 말싸움을 했다.",390,정해진 내용을 갑자기 바꿔도 된다.,agency,-1,"아니다, 좋지 않다.",좋지 않다,1,,0,crd
753,"임산부인 내가 지하철 임산부석에 앉아 있는 남성에게 한 마디 해주고 싶었지만, 결국 아무 말도 하지 못한 채 내내 서서 왔다.",2260,공공장소에서는 교통약자를 우선적으로 배려하지 않아도 된다.,agency,-1,"아니다, 해야 한다.",해야 한다,1,,0,crd
s-434,"채팅으로 만났던 아내 하지만 2번의 외도로 이혼, 요즘 술집에서 만났던 알바생이 끌려요",f-380,결혼생활 중에는 자신의 가정에 충실해야 하고 외도를 해서는 안된다.,agency,1,"그렇다, 안 된다.",안 된다,1,,0,kbsn
636,"지하철에서 아저씨가 내 옷에 계속 손을 대며 불편하게 했을 때, 화를 낼지 참을지 몰라 당황한 채 자리만 피했어.",1910,타인의 옷에 허락 없이 손을 대서는 안된다,agency,1,"그렇다, 그래서는 안 된다.",그래서는 안 된다,1,,0,crd
s-272,튀르키예 남자친구를 불법체류자로 신고한 나를 싫어하는 내 지인,f-236,옳지 않은 행동을 했다고 생각하는 친구를 멀리하는 것은 괜찮다.,agency,1,"그렇다, 괜찮다.",괜찮다,1,,0,kbsn
s-318,아버지를 차로 치고 달아난 사기꾼... 단지 좋아했을 뿐인데 억울해요,f-269,사람에게 돈으로 사기 치는 행동은 옳지 않다.,agency,1,"그렇다, 옳지 않다.",옳지 않다,1,,0,kbsn
110,서비스 이용 중 직원의 무성의한 응대로 인해 의견 충돌이 발생해 불쾌했다.,332,고객과 직원 간 의견 충돌이 발생하더라도 대화로 풀어나가는 것은 바람직하지 않다.,agency,-1,"아니다, 바람직하다.",바람직하다,1,,0,crd
s-1099,"하루 종일 일에 빠져사는 남편, 대표님과 사는 것 같아요",f-658,근무 시간과 업무 범위를 명확히 정해 운영하는 것은 바람직하지 않다.,agency,-1,"아니다, 바람직하다.",바람직하다,1,,0,kbsn
69,"친구가 과제를 베껴 쓰게 해 달라고 부탁했을 때, 도와주지 않으면 미워할까 걱정되면서도 규칙을 어기는 일이라 허락하기 망설여졌던 순간이 있었다.",207,아무런 노력 없이 다른 사람의 과제를 그대로 베끼는 것은 나쁜 행동이 아니다.,agency,-1,"아니다, 나쁘다.",나쁘다,1,,0,crd
266,"이사 업체 용역이 시간에 맞춰오지 못했는데, 그것에 대해 지적했더니 본인은 업체에서 연락받고 바로 온 것이니 지각이 아니라며 따질 거면 업체에 따지라고 하여 기분이 상했다.",800,마음이 상한 고객에게 사과하는 것은 적절하지 않다.,agency,-1,"아니다, 적절하다.",적절하다,1,,0,crd
272,지인 이에 고춧가루가 낀 채로 환하게 웃고 있어서 말할지 말지 고민했다.,816,상대가 체면을 해치지 않도록 배려해주는 것은 옳지 않다.,agency,-1,"아니다, 옳다.",옳다,1,,0,crd
136,차로 이동하던 중 길에 할머니가 넘어져 계셔서 도와드려야 하는데 어린 아기가 차에 있어서 도와드리지 못했다.,408,아이가 있는 상황에서는 어르신을 도와드리지 못해도 괜찮다.,agency,1,"그렇다, 그래도 괜찮다.",그래도 괜찮다,1,,0,crd
s-1437,변호사 시험을 앞두고 자꾸 남과 비교하게 되는 로스쿨생,f-799,시험을 앞둔 사람을 응원하는 것이 좋다.,agency,1,"그렇다, 좋다.",좋다,1,,0,kbsn
s-1714,"아들 부부가 보육원에 보낸 손주, 제가 데려와 키워도 될까요..?",f-1022,부모의 사정을 먼저 들어보기 전에 비난해도 된다.,agency,-1,"아니다, 그래서는 안 된다.",그래서는 안 된다,1,,0,kbsn
493,"올 여름 휴가 일정을 정하는데, 남편이 우리 부모님 생각은 하지 않고 자신의 부모님만 모시고 여행을 가자고 해서 싸움이 생겼다.",1479,양가 부모님을 차별하지않고 공평하게 대하는 것이 바람직하지 않다,agency,-1,"아니다, 바람직하다.",바람직하다,1,,0,crd
199,아이 훈육시 사용하지 않았으면 하는 단어를 사용해 얘기했다가 자기의 훈육을 인정하지 않는다며 다툼이 생겼다,598,아이 훈육 시 적절한 단어를 사용하는 것이 좋다.,agency,1,"그렇다, 좋다.",좋다,1,,0,crd
291,"키가 크지 않으면 남자로 보이지 않는다는 말을 들었을 때, 별로 상관하지 않았음에도 괜히 남자가 아닌 것으로 분류되어 당혹스러웠다.",874,상대의 신체 조건을 근거로 가치를 매기는 행동은 적절하다.,agency,-1,"아니다, 부적절하다.",부적절하다,1,,0,crd
623,"도서관에서 옆자리 사람이 지정석을 차지한 것 같았지만, 규정을 들며 말하는 게 과한 행동으로 보일까봐 말하지 못했다.",1869,도서관에서 타인의 지정석을 마음대로 차지해도 된다.,agency,-1,"아니다, 안 된다.",안 된다,1,,0,crd
380,남편이 반대할 것 같아서 말 안 하고 차를 산 뒤에 나중에 말할까 싶어. 근데 어차피 말할 거라면 먼저 말하고 사는 게 나을 것 같기도 해.,1142,배우자의 중요한 소비 결정에 대해 의견을 나눌때 존중하는 태도는 필요 없다,agency,-1,"아니다, 필요하다.",필요하다,1,,0,crd
s-2084,제 아이들을 두고 남친 아이 셋을 키우자니 마음이 무겁습니다,f-1240,친부가 자녀와 연인 관계 중 자녀들에 대한 책임을 우선시하는 것은 옳지 않다.,agency,-1,"아니다, 옳다.",옳다,1,,0,kbsn
s-484,동생 기일이 1년도 채 지나지 않아 재혼하는 제부.. 어떻게 이럴 수 있나요?,f-415,가족구성원의 재혼 결정에 대해 영향력을 행사할 수 없다.,agency,-1,"아니다, 할 수 있다 .",할 수 있다 ,1,,0,kbsn
288,"대학교에서 외국 교환학생을 친구와 함께 신청했는데, 나는 합격했지만 내 친구는 떨어졌다. 기쁜 소식이라 파티를 열고 싶은데, 그 친구를 초대해도 괜찮을지 고민이다.",864,친구의 기쁜 소식을 축하해 주어야 한다.,agency,1,"그렇다, 그래야 한다.",그래야 한다,1,,0,crd
s-1530,시작한다는 자체에 용기가 나지 않는 남편과 남편이 답답한 아내,f-834,남편이 용기낼 수 있도록 아내가 용기를 북돋아주는 것은 좋은 행동이다.,agency,1,"그렇다, 좋은 행동이다.",좋은 행동이다,1,,0,kbsn
784,놀이터에서 우리아이보다 큰 아이가 장난을 치며 뛰어가다 우리 아이를 밀어서 넘어지게 하고는 사과도 하지 않고 도망가버려 화가 났다.,2353,놀이 중 사고가 발생했을 경우 혼자 판단하기보다 보호자에게 상황을 알리는 것이 적절하다.,agency,1,"그렇다, 적절하다.",적절하다,1,,0,crd
s-216,친구의 사소한 거짓말도 단속하는 우정 단속남?,f-126,친구와 타인의 관계에 대하여 단편적인 정보로 속단하더라도 괜찮다.,agency,-1,"아니다, 옳지 않다.",옳지 않다,1,,0,kbsn
s-351,불우한 가정 환경 속 믿었던 내 가족과 지인들의 배신,f-313,이유가 있어도 끝까지 편이 되어야 한다.,agency,-1,"아니다, 필요는 없다.",필요는 없다,1,,0,kbsn
375,배우자가 아이가 받은 용돈을 몰래 가로채서 다툼이 생겼다.,1126,부부 간에는 자녀와 관련된 중요한 결정을 서로 상의하는 태도가 바람직하다.,agency,1,"그렇다, 바람직하다.",바람직하다,1,,0,crd
473,수영장에서 한 회원이 다른 회원의 외모에 대한 평가를 하는 말을 들었지만 괜히 문제가 될까봐 아무 말도 하지 않은 것이 맞았는지 계속 고민이 되었다.,1420,당사자가 없는데 타인에 대해 뒷담화를 하는 행동은 매우 적절하다,agency,-1,"아니다, 부적절하다.",부적절하다,1,,0,crd
475,계산하려고 줄 서 있는데 다른 사람이 끼어들어 먼저 계산 하려고 하자 어떻게 대응해야 할지 몰라 불편했다.,1426,새치기를 당하면 상대방과 대화를 통해 해결하는 것이 좋다.,agency,1,"그렇다, 좋다.",좋다,1,,0,crd
185,"새벽 길가에서 술에 취해 쓰러진 사람을 발견했을 때, 깨워서 도와야 할지 아니면 괜히 문제에 휘말릴까 봐 그냥 지나쳐야 할지 고민하다 일으켜드리고 집 보내줬다",556,술에 취해 귀가가 어렵다 판단되면 대리기사를 불러 귀가해야 한다.,agency,1,"그렇다, 그래야 한다.",그래야 한다,1,,0,crd
747,"나와 의견이 다른 사람과 SNS에서 논쟁을 벌이게 되었는데, 인신공격을 받아 너무 기분이 나빴다.",2242,상대방의 주장을 무시하고 비난 하는 것은 좋지 않다.,agency,1,"그렇다, 좋지 않다.",좋지 않다,1,,0,crd
786,집으로 가는 길에 모르는 사람이 휴대전화를 분실했다며 핸드폰을 잠시 빌려 달라고 했지만 사기인 것 같아서 나는 이를 거절하였다.,2360,도움이 필요해서 타인에게 사적인 물건을 요구하는 행동은 신중하지 않아도 된다.,agency,-1,"아니다, 신중해야 한다.",신중해야 한다,1,,0,crd
78,나는 콩을 싫어하는데 회사 상사와 함께 점심먹는 자리에서 상사가 콩자반 반찬을 먹으라고 권하여 싫어한다고 했음에도 계속 권하여 화가났다.,234,상사에게 화를 내는 것은 바람직 하지 않다.,agency,1,"그렇다, 바람직 하지 않다.",바람직 하지 않다,1,,0,crd
311,같은 일을 하는 팀원이 자꾸 일을 나한테 미뤄서 속상했다.,935,회사에서 맡은 일은 직접 끝마치는 것이 옳다.,agency,1,"그렇다, 옳다.",옳다,1,,0,crd
18,"퇴근 후 집 근처 편의점 앞에서 술에 취해 보이는 중년 남성이 도움을 요청했지만, 혼자 사는 미혼 여성이라 무서워서 그냥 지나쳤다.",55,타인을 돕기 위해 또 다른 타인에게 도움을 요청하면 안 된다.,agency,-1,"아니다, 할 수 있다.",할 수 있다,1,,0,crd
597,"지난 주말 가족 모임에서 친척의 편견 섞인 발언을 들었을 때, 분위기를 깨지 않기 위해 침묵하는 것이 맞는지 아니면 잘못된 생각임을 지적해야 하는지 갈등 했다.",1791,가족 모임에서 편견이 담긴 발언을 하는 것은 괜찮다.,agency,-1,"아니다, 적절하지 않다.",적절하지 않다,1,,0,crd
718,아이에게 어렵고 힘든 사람은 도와야 한다고 가르쳤는데 거리에 기부함을 보고 그냥 지나쳤다.,2154,어려운 사람을 보았을땐 도움을 주는 것이 좋다.,agency,1,"그렇다, 좋다.",좋다,1,,0,crd
s-1066,하루에 '50만원💸'을 친구들에게 쓴다는 남자 ᄃᄃ '너 부자야?!',f-611,친구들과 어울리기 위해 과도한 금액을 지출하는 것은 바람직하지 않다.,agency,1,"그렇다, 바람직하지 않다.",바람직하지 않다,1,,0,kbsn
492,청소 분담 문제로 룸메이트와 의견 차이가 생겨 서로 쌓였던 불만을 터뜨리며 크게 싸운 적이 있다.,1477,동거인과의 역할 분담 문제에서 개인의 기준만을 고집하는 것은 나쁘다.,agency,1,"그렇다, 나쁘다.",나쁘다,1,,0,crd
s-189,데이트 앱으로 만난 전남친의 아이... 이제라도 양육비 받고 싶어요,f-81,자신의 친부가 누구인지 알 권리가 있다.,agency,1,"그렇다, 그럴 권리가 있다.",그럴 권리가 있다,1,,0,kbsn
s-179,갑자기 생긴 새아버지의 극심한 폭언과 폭행 속에 살고 있는 그녀의 충격적인 사연은?!,f-70,타인에게 폭력적 행위를 하는 것은 옳지 않다.,agency,1,"그렇다, 옳지 않다.",옳지 않다,1,,0,kbsn
535,동호회에 새로 가입했는데 처음 보는 사람이 나이를 묻고 나서 자신이 나이가 많다며 바로 하대를 해서 불쾌했다.,1607,처음 보는 자리에서 나이를 먼저 묻는 것은 좋다.,agency,-1,"아니다, 좋지 않다.",좋지 않다,1,,0,crd
s-343,"아버지가 사기꾼의 편을 드는 상황, 올케는 아버지까지 같이 고소하겠대요",f-291,사기꾼의 편을 들면 안 된다.,agency,1,"그렇다, 그러면 안 된다.",그러면 안 된다,1,,0,kbsn
288,"대학교에서 외국 교환학생을 친구와 함께 신청했는데, 나는 합격했지만 내 친구는 떨어졌다. 기쁜 소식이라 파티를 열고 싶은데, 그 친구를 초대해도 괜찮을지 고민이다.",866,친구 몰래 파티를 여는 것은 바람직하지 않다.,agency,1,"그렇다, 바람직하지 않다.",바람직하지 않다,1,,0,crd
364,콘서트장에서 내 앞사람이 너무 눈부신 야광봉을 흔들어대서 그러지 말라고 했지만 말을 듣지 않아 말다툼이 있었다.,1093,콘서트 장에서는 타인에게 피해가 가지 않도록 행동하는 것이 바람직하다.,agency,1,"그렇다, 바람직하다.",바람직하다,1,,0,crd
119,동료의 실수를 발견했지만 바로 말하면 관계가 틀어질까봐 망설였고 결국 말해주지 못했다,2419,동료의 실수를 발견했을 때 바로 말하는 것은 좋지 않다.,agency,1,"그렇다, 좋지 않다.",좋지 않다,1,,1,crd_2nd
s-446,"17살 연상 남편과 결혼, 극심한 엄마의 반대",f-403,결혼 상대방의 부모를 마주하게 되더라도 그들에게 최선을 다하지 않아도 된다.,agency,-1,"아니다, 다해야 한다.",다해야 한다,1,,0,kbsn
s-1333,여자 손님과 알바생에게만 과하게 친절한 내 남편! 너무 질투 나요😤,f-748,결혼한 사람은 다른 이성과 어느 정도 거리를 두어야 한다.,agency,1,"그렇다, 그래야 한다.",그래야 한다,1,,0,kbsn
s-1428,여친과의 데이트 날에도 이중 약속을 잡는 남자친구가 있다..?,f-798,약속을 잡을 때에는 함께 보내는 시간을 명확히 정하는 것이 좋다.,agency,1,"그렇다, 좋다.",좋다,1,,0,kbsn
248,상록수역 에스컬레이터 앞에서 어떤 사람이 무작정 내 앞으로 끼어들려고 하길래 비켜줄지 말지 고민했다.,744,공공장소에서 질서를 지키는 것은 중요하지 않다.,agency,-1,"아니다, 중요하다.",중요하다,1,,0,crd
214,마트 계산대에서 기다리던 중에 새치기한 사람을 직원이 알아채지 못해 직원에게 말하다가 그 사람과 실랑이가 벌어졌다.,644,마트 직원은 계산대 앞의 손님들의 순서가 잘 지켜지는지 신경 써야 한다.,agency,1,"그렇다, 그래야 한다.",그래야 한다,1,,0,crd
354,어제 직장에서 마주 보고 앉아있는 상사가 아무 이유 없이 키보드를 부숴서 당황했다.,1062,직장에서 폭력적 행위는 해도 된다.,agency,-1,"아니다, 하지 말아야 한다.",하지 말아야 한다,1,,0,crd
s-2257,아들~그래도 대학은 가야 하지 않겠니..? 졸업 후 취업을 원하는 아들과 반대하는 부모님,f-1338,성인으로서 인생을 스스로 선택하는 것은 바람직하다.,agency,1,"그렇다, 바람직하다.",바람직하다,1,,0,kbsn
451,버스줄에 기다려서 타려고 하는데 세치기 하는 사람이 있어서 한마디 했더니 되려 내게 욕을 하길래 당혹스럽고 짜증이 났다,1353,새치기처럼 도덕적으로 잘못된 행동은 바로 잡을 필요 없다.,agency,-1,"아니다, 잡아야 한다.",잡아야 한다,1,,0,crd
466,"친한 선배가 나에게 좋은 기회를 주기 위해 다른 지원자들에게 불이익을 주었는데, 이를 모른체했다.",1398,기회를 제공하는 과정에서 특정인을 위해 다른 사람에게 불이익을 주는 행동은 나쁘다.,agency,1,"그렇다, 나쁘다.",나쁘다,1,,0,crd
s-1752,😨? 전남친이랑 유튜브 하는 걸 이해해 줄 수 있는 남자를 찾아요,f-1072,서로 애인이 없더라도 동업자로서의 선을 지켜야 한다.,agency,1,"그렇다, 그래야 한다.",그래야 한다,1,,0,kbsn
s-484,동생 기일이 1년도 채 지나지 않아 재혼하는 제부.. 어떻게 이럴 수 있나요?,f-418,법적으로 종료된 혼인 관계에는 전 배우자에 대한 예의를 갖추는 것이 좋지 않다.,agency,-1,"아니다, 갖추는 것이 좋다 .",갖추는 것이 좋다 ,1,,0,kbsn
s-293,친누나의 친구에게 4억 원 정도 사기를 당했는데 판결이 너무 억울해요...,f-251,가까운 지인을 배신하는 행위는 하면 안된다.,agency,1,"그렇다, 그러면 안 된다.",그러면 안 된다,1,,0,kbsn
694,내 아이가 서울대에 합격해서 직장 동료들에게 축하 떡을 돌렸는데 입시 결과를 기다리고 있는 다른 동료가 떡을 쓰레기통에 버리는 것을 목격하고 속상했다.,2084,자신의 감정이 힘들어서 타인의 축하 표현을 훼손하는 행동은 적절하다.,agency,-1,"아니다, 적절하지 않다.",적절하지 않다,1,,0,crd
347,강변을 따라 런닝을 하고 있는데 견주가 커다란 개를 입마개도 하지 않은 채로 산책을 하고 있어 무섭기도하고 당혹스러웠다.,1041,사람이 많이 이용하는 공공장소에서는 반려견에 입마개나 목줄 등 안전 조치를 하지 않아도 된다.,agency,-1,"아니다, 하는 것이 중요하다.",하는 것이 중요하다,1,,0,crd
94,"친구의 여자친구가 술집에서 헌팅을 하는 것을 보았는데, 친구에게 말을 해야 할지 망설여진다.",284,여자 친구에게 상황을 먼저 확인하는 것이 바람직하다.,agency,1,"그렇다, 바람직하다.",바람직하다,1,,0,crd
239,"미용실에서 머리를 잘랐는데, 원하는 스타일대로 잘라주지 않아 환불 등 불만을 말해야 할지 고민했다.",717,가게 서비스가 마음에 들지 않을 때 화를 내는 것은 좋다.,agency,-1,"아니다, 좋지 않다.",좋지 않다,1,,0,crd
235,"운전 중에 뒤따르는 차가 마음에 들지 않는다는 이유로 경적을 울리거나 상향등을 켜는 경우가 있다. 안전운전이 가장 중요한데, 뒷차가 지나치게 서두르는 것 같아 불편했다.",706,앞 차의 속도가 느리다는 이유로 경적을 울리거나 상향등을 켜는 등 위협적인 행동을 하는 것은 옳지 않다.,agency,1,"그렇다, 옳지 않다.",옳지 않다,1,,0,crd
260,밤에 차가 없어서 무단횡단을 할까 고민했다.,782,"성숙한 교통문화 정착을 위해 예외 상황을 만들지 않고, 일관된 규범을 따르는 것은 마땅하지 않다.",agency,-1,"아니다, 마땅하다.",마땅하다,1,,0,crd
s-2044,남친이 학원 강사와 몰래 연락해서 상처받았던 썰😭,f-1205,연인이 있음에도 다른 이성에게 연락하는 것은 옳다.,agency,-1,"아니다, 옳지 않다.",옳지 않다,1,,0,kbsn
s-203,시부모님 모시자고 아내에게 통보한 남편,f-92,시부모님을 모시는 것은 의무이다.,agency,-1,"아니다, 의무가 아니다.",의무가 아니다,1,,0,kbsn
s-1957,엄마한테 하루 87통 전화하는 딸 📞,f-1190,자식의 애정 표현을 적정하게 받아주는 것은 좋지 않다.,agency,-1,"아니다, 좋다.",좋다,1,,0,kbsn
194,"일상배상 보험 처리를 하기로 이야기해 두었으나, 서류를 더 제출해야 하는 게 번거로워 남편에게는 보험사 탓을 했다.",582,배우자에게 사실과 다른 변명을 해도 된다.,agency,-1,"아니다, 바람직하지 않다.",바람직하지 않다,1,,0,crd
s-195,절친과 바람난 남편... 꾹 참아줬더니 돌아온 남편의 황당한 요구,f-85,절친을 배신한 죄에 대해서는 사회적 규탄을 받아야 한다.,agency,1,"그렇다, 그래야 한다.",그래야 한다,1,,0,kbsn
639,동아리 단톡방에서 친구의 발표가 사실과 달라 보였지만 분위기를 깨지 않으면서 바로잡을지 그냥 넘어갈지 망설였다.,1919,발표하기 전에 연습을 해보는 것은 필요 없다.,agency,-1,"아니다, 해야 한다.",해야 한다,1,,0,crd
401,"회사에서 나를 억지로 외근을 다니게 하는 상사에게 논리적으로 내 업무에 도움이 안됨을 어필했으나, 상사가 ""신입이 이렇게 말을 안들으면 왜 뽑았냐""는 식으로 말해서 속상했다.",1205,직장 내 갈등 상황에서 감정적인 비난보다 논리적인 대화를 통해 문제를 해결하는 것은 바람직하지 않다.,agency,-1,"아니다, 바람직하다.",바람직하다,1,,0,crd
684,시모께서 여러 가지 반찬을 택배로 보내왔는데 너무 맛이 없어 버리는 게 많았지만 맛있게 잘 먹었다고 거짓말을 했다.,2053,가족 간에 불편한 점이 있을 때 예의를 갖춰 솔직하게 표현하는 것은 좋지 않다.,agency,-1,"아니다, 좋다.",좋다,1,,0,crd
s-363,"경제권에 의존하는 가족, 쓰리잡 뛰는 갓생女",k-333,가족을 위해 열심히 일하는 것은 옳다.,agency,1,"그렇다, 옳다.",옳다,1,,1,kbsn_2nd
784,놀이터에서 우리아이보다 큰 아이가 장난을 치며 뛰어가다 우리 아이를 밀어서 넘어지게 하고는 사과도 하지 않고 도망가버려 화가 났다.,2354,놀이터에서 나이가 어린 아이가 있는지 살피며 조심스럽게 행동하는 것은 필요하지 않다.,agency,-1,"아니다, 필요하다.",필요하다,1,,0,crd
649,시어머니께서 명절에 조부모님 산소는 꼭 가야하는곳이라고하셨는데 요양원에 살아계신 친할머니 방문을 한다고 하니 못알아보는데 왜 가는거냐고 말씀하셨다.,1949,요양시설에 거주할 때 가족들의 잦은 왕래를 바라는 것은 괜찮지 않다.,agency,-1,"아니다, 괜찮다.",괜찮다,1,,0,crd
s-1381,"신념 때문에 고기를 먹지 못하는 아내, 설거지도 따로 해야 하는 부부",f-781,"도덕적인 문제가 아니라면, 다른 사람의 가정사에는 함부로 간섭하지 않는 것이 좋다.",agency,1,"그렇다, 좋다.",좋다,1,,0,kbsn
500,"집에 오는 동생이 어느 방에서 자냐고 물어봤는데 아빠가 ""그럼 어디에서 자"" 이렇게 말해서 시비거는 것 같아 속상했다.",1502,대화할 때 상대방의 기분이 상하지 않는 말투로 말하는 것은 좋지 않다.,agency,-1,"아니다, 좋다.",좋다,1,,0,crd
s-1278,사소한 결정도 못 하는 여친! 대답해 주는 자체가 시간 낭비 같다는 남친..?😮,f-726,"여자친구의 결정 불능에 대하여 이해하고, 개선하는 데 함께 노력할 필요는 없다.",agency,-1,"아니다, 해야 한다.",해야 한다,1,,0,kbsn
665,고등학생 때 카페에서 친구들과 나오면서 우산을 챙기려는데 다른 사람이 내 우산을 집어 들고 있어서 당황스러워 지적했던 적이 있다.,1995,다른 사람이 내 물건을 집어 들고 있어 지적할 때에는 조심스럽게 말하는 것이 좋다.,agency,1,"그렇다, 좋다.",좋다,1,,0,crd
748,시댁과의 마찰에 남편이 시어머니 편만 들어서 불쾌했다.,2246,갈등의 원인과 자신의 입장을 구체적으로 전달하지 않아도 된다.,agency,-1,"아니다, 해야 한다.",해야 한다,1,,0,crd
418,"데이트 중 차를 몰고 온 남편이 길거리 시음 와인을 마시겠다고 해 말렸지만, 한 잔쯤은 괜찮다고 하는 남편의 말에 화가 났다.",1254,운전을 해야 하는 상황에서 술을 마시지 않아야 한다.,agency,1,"그렇다, 그래야 한다.",그래야 한다,1,,0,crd
740,"1달전에 입사하기로 했던 회사가 있었는데, 입사 하루 전 더 좋은 제안이 와서 다른 회사로 이직을 했다. 도의적으로는 맞지 않았으나 좋은 기회를 놓칠수 없어 신의를 저버렸다.",2222,중요한 선택을 앞두고 단기적 이득뿐 아니라 신의와 장기적 신뢰를 함께 고려하는 것은 옳지 않다.,agency,-1,"아니다, 옳다.",옳다,1,,0,crd
286,"다른 사람과의 식사 자리에서, 탕수육을 먹는데 소스에 더블디핑을 해서 매우 당황스러웠다.",858,타인과 식사를 할 때는 기본적인 식사 예절을 지켜야 한다.,agency,1,"그렇다, 그래야 한다.",그래야 한다,1,,0,crd
301,지하철에서 앉아 있는데 앞에 있는 젊은 사람이 어딘지 아픈 상황인 것 같은데 자리를 양보해야 하는지 아니면 그냥 앉아 있어도 되는지 분명하지 않았다.,904,지하철에서 서로 배려하며 좌석을 양보하는 것은 좋지 않다.,agency,-1,"아니다, 좋다.",좋다,1,,0,crd
s-1899,"새로운 양육 방식에 도전하고 싶은 남편 vs 유지하고 싶은 아내, 갈리는 부부의 양육방식👶",f-1171,양육권자라고 해서 양육 방식에 대해 서로 소통하는 것은 좋지 않다.,agency,-1,"아니다, 좋다.",좋다,1,,0,kbsn
s-1688,여사친 못 잃어ᅮᅮ 친구 사이 멀어질까 연애는 안 하는 23살,f-1007,연애를 시작했다고 이성친구와 멀어지는 것은 좋지 않다.,agency,-1,"아니다, 좋다.",좋다,1,,0,kbsn
602,아버지와 원래 떨어져 지내는데 사이는 그리 좋지 않았다. 그러다가 갑자기 위독하시다는 연락이 왔는데 모른 척하고 가지 않았다.,1806,부모가 아프다는 말을 들었으면 관계가 소원하다고 해도 찾아뵈는 것이 바람직하다,agency,1,"그렇다, 바람직하다.",바람직하다,1,,0,crd
s-491,"친부의 계속되는 허위 사실 유포, 아들이 걱정되어 나서질 못하겠어요..",f-444,자신의 가족을 깎아내리는 것은 문제다.,agency,1,"그렇다, 문제다.",문제다,1,,0,kbsn
s-1360,20살 딸에게 계속해서 돈을 요구하는 엄마..,f-757,성년이 된 지 얼마 안 된 자녀에게 경제적 지원을 강요하는 것은 옳지 않다.,agency,1,"그렇다, 옳지 않다.",옳지 않다,1,,0,kbsn
20,굉장히 업무로 바쁜 상황 속에서 문을 쾅쾅 닫는 사람에게 문을 살살 닫아달라고 할지 말지에 대해 고민했다.,60,타인의 행동으로 업무가 방해된다면 상대방에게 자신의 말을 정중하게 전달하는 것은 옳지 않다,agency,-1,"아니다, 옳다.",옳다,1,,0,crd
148,회사에서 내 업무가 아닌데 모두 나에게 요청해서 힘들었다.,446,자신의 업무를 스스로 하지 않아도 된다.,agency,-1,"아니다, 해야 한다.",해야 한다,1,,0,crd
s-1652,오빠가 이혼하며 조카 셋을 혼자 키우고 있는 고모,f-959,아이들에게 보상을 받아내는 것은 안된다.,agency,1,"그렇다, 안 된다.",안 된다,1,,0,kbsn
497,붕어빵을 사고 집으로 돌아오는 길에 붕어빵 하나가 더 들어있었는데 서비스인지 실수인지 모르겠으나 괜히 일 키우기 싫어 모른척 했다.,1491,물건을 사고 계산할 때 계산서가 잘못되어 있는 것을 확인하고 모른 척 하는 것은 바람직하다.,agency,-1,"아니다, 바람직하지 않다.",바람직하지 않다,1,,0,crd
s-2158,전남편과 이혼 후 생긴 남자친구의 아이.. 양가에 어떻게 알려야 할까요?,f-1316,연인이 이혼한 적이 있으면 편견을 가져도 된다.,agency,-1,"아니다, 그러면 안 된다.",그러면 안 된다,1,,0,kbsn
s-1595,"반반 월세 하면 동거 안 한다는 여친, 더 내려니 억울한 남친",f-892,남친도 마찬가지로 여친과 동거하기 전에 왜 여친가 동거를 해야 하는지 신중히 생각하는 것이 좋다.,agency,1,"그렇다, 좋다.",좋다,1,,0,kbsn
39,"친구의 앞니에 틴트가 잔뜩 묻어있지만, 혹시 민망해할까봐 그녀가 자연스럽게 깨달을 때까지 따로 이야기해주지 않았다.",117,친구가 민망해할 만한 상황에 대해 간접적으로 알려주는 것은 좋지 않다.,agency,-1,"아니다, 좋다.",좋다,1,,0,crd
524,단톡방에서 친구가 농담이라고 한 말이 나를 무시하는 것처럼 느껴져 그 친구와 어색해졌다.,1573,친밀한 관계라 하더라도 상대방의 언행으로 인해 불쾌함을 느꼈다면 이를 적절히 표현하여 오해를 푸는 것이 좋다.,agency,1,"그렇다, 좋다.",좋다,1,,0,crd
261,길을 걷는데 쓰레기통이 없어서 쓰레기를 길바닥에 버릴까 고민했다.,783,쓰레기를 길바닥에 버리는 것은 나쁘다.,agency,1,"그렇다, 나쁘다.",나쁘다,1,,0,crd
508,매번 양말을 뒤집어서 벗어놓는 남편때문에 짜증이 폭발했다.,1526,배우자가 요청한 세탁물 정리 방법을 지킬 필요는 없다.,agency,-1,"아니다, 지켜야 한다.",지켜야 한다,1,,0,crd
249,"친구와 해외여행을 가서, 짝퉁 시장에서 짝퉁을 구매하였는데 친구가 짝퉁을 왜 사는 지 모르겠다라고 했다.",749,여행 중에는 가치관이나 취향의 차이가 있음을 인정하고 상호 존중을 바탕으로 관계를 유지하려는 노력이 중요하다.,agency,1,"그렇다, 중요하다.",중요하다,1,,0,crd
s-1841,딸을 사탄 취급하는 엄마👿,f-1137,가족 구성원 간에 비정상적인 대화가 있더라도 이를 방관하지 않고 중재하여 관계를 회복시키려 노력하는 것은 좋지 않다.,agency,-1,"아니다, 좋다.",좋다,1,,0,kbsn
589,"버스에서 앞 자리 할머니가 가방을 두고 내렸는데, 못본척 했다.",1769,대중교통 좌석을 이용할 때에는 다른 이용자를 고려해 개인 물품을 좌석에 장시간 두지 않는 것이 적절하다.,agency,1,"그렇다, 적절하다.",적절하다,1,,0,crd
482,"건물 입구에서 담배를 피우는 사람을 마주쳤지만, 괜한 갈등이 생길까 봐 지적하지 않은 선택이 옳았는지 고민이 들었다.",1447,흡연을 지정된 장소에서만 하는 것은 좋지 않다.,agency,-1,"아니다, 좋다.",좋다,1,,0,crd
s-1327,"일주일 만에 순삭 한 680만 원😱 전남친에게 핸드폰, 컴퓨터 선물한 고1",f-743,"미성년 자녀가 지나치게 값비싼 선물을 받아 왔을 경우, 부모는 그 출처를 따져 묻고 선물을 준 사람에게 다시 돌려주는 것이 바람직하다.",agency,1,"그렇다, 바람직하다.",바람직하다,1,,0,kbsn
s-1661,1년에 10번 보는 스님 아빠를 그리워하는 사춘기 딸..,f-968,부모가 종교에 투자하는 시간보다 아이를 생각하는 시간을 늘려야 하는 것은 아니다.,agency,-1,"아니다, 늘려야 한다.",늘려야 한다,1,,0,kbsn
554,유방암에 걸린 친구에게 위로 전화를 해야 할지 말지 고민했다.,1663,위로 전화를 준 친구에게 상황을 말해주는 것은 바람직하지 않다.,agency,-1,"아니다, 바람직하다.",바람직하다,1,,0,crd
s-293,친누나의 친구에게 4억 원 정도 사기를 당했는데 판결이 너무 억울해요...,f-251,가까운 지인을 배신하는 행위는 해도 된다.,agency,-1,"아니다, 하면 안된다.",하면 안된다,1,,0,kbsn
109,약속 시간에 늦은 상대에게 불만을 표현해야 할지 넘기는 게 성숙한 태도인지 판단하기 어려웠다.,329,자신의 지각으로 기다린 상대에게 진심 어린 사과와 미안함을 표현하는 것은 바람직하지 않다.,agency,-1,"아니다, 바람직하다.",바람직하다,1,,0,crd
604,얼마 전 아는 지인이 자기 이야기만 하고 나의 진지한 이야기는 듣지 않고 카카오톡을 씹어서 기분이 나빴다.,1814,문자 대화 시에는 서로 간에 상대에 대한 예의를 지키는 것이 중요하다.,agency,1,"그렇다, 중요하다.",중요하다,1,,0,crd
s-1189,"백혈병 투병 중인 엄마, 아이들도 있는데 몸도 마음도 너무 지쳐 가요..",f-700,아이들을 위해서라도 투병 생활에 최선을 다해야 한다.,agency,1,"그렇다, 그래야 한다.",그래야 한다,1,,0,kbsn
s-2084,제 아이들을 두고 남친 아이 셋을 키우자니 마음이 무겁습니다,f-1240,친부는 자녀와 연인 관계 중 자녀들에 대한 책임이 우선 시 해야 함이 옳다.,agency,1,"그렇다, 옳다.",옳다,1,,0,kbsn
202,"수영을 하던 중 반대쪽에서 수영을 하던 사람의 얼굴을 쳤는데, 수업 시간이다 보니 멈추지 못하고 계속 수영을 할 수 밖에 없었다.",606,사람을 때려놓고 그냥 지나쳐선 안된다,agency,1,"그렇다, 그래서는 안 된다.",그래서는 안 된다,1,,0,crd
306,"실험실에서 사수 선배가 있는데, 내가 만든 시약을 계속 당연한 듯이 가져다 써서 그러지 않았으면 좋겠다고 말해서 서로 불편한 감정이 든 상황이 있었다.",918,나의 실수일 때 나에게 무례한 행동을 해서 이것을 묵인하는 것은 좋은 행동이다.,agency,-1,"아니다, 좋지 않다.",좋지 않다,1,,0,crd
s-895,부부가 가져온 또다른 고민! 재혼 가정에서 어린 딸과 잘 지낼 수 있을까요?,f-554,재혼한 부부는 자신보다 자녀들에게 더 신경 써야 한다,agency,1,"그렇다, 그래야 한다.",그래야 한다,1,,0,kbsn
272,지인 이에 고춧가루가 낀 채로 환하게 웃고 있어서 말할지 말지 고민했다.,817,타인이 위생상태를 지적하면 받아들이는 자세가 필요하다.,agency,1,"그렇다, 필요하다.",필요하다,1,,0,crd
232,초등학생인 막내아들이 친구들과 논다며 만 원을 달라 했지만 어려서 오천 원만 줬다. 근데 물가를 생각해 보니 너무 적게 준 것 같아 마음이 쓰였다.,696,미성년자는 부모에게 용돈을 요구할 때 용돈을 어디에 사용할지 밝히는 것이 좋다.,agency,1,"그렇다, 좋다.",좋다,1,,0,crd
373,"미용실에서 머리를 짧게 깎아달라고 했더니 ""지금은 머리를 길러야 하는 계절 아니에요?"" 라고 해서 당황했다.",1120,오해를 하기 전에 상대방의 의도가 무엇인지 물어 보는 것은 좋지 않다.,agency,-1,"아니다, 좋다.",좋다,1,,0,crd
s-1029,남′사′친 말고 남친 좀 만들고 싶은데... 제 한도초과 솔직함💥 괜찮을까요?,f-595,솔직함의 수위를 관계의 친밀도에 따라 조절하는 것은 바람직하지 않다.,agency,-1,"아니다, 바람직하다.",바람직하다,1,,0,kbsn
468,오래 다닌 직장에서 퇴사할 때 퇴직금을 제대로 주지 않아 문의했더니 '어떻게 우리 사이에 퇴직금을 다 달라고 할 수 있냐'는 말을 들어 황당했다.,1406,인간관계를 이유로 법적 의무 이행을 회피하거나 압박하는 것은 옳지 않다.,agency,1,"그렇다, 옳지 않다.",옳지 않다,1,,0,crd
259,"특정인이 알 필요가 있는 이야기이지만, 알게 되면 오히려 기분이 나쁠 수 있어 함구했다.",777,상대방에게 전달해야 할 정보가 부정적 영향을 줄 수 있어도 전달 방식을 신중하게 고려하는 것은 바람직하지 않다.,agency,-1,"아니다, 바람직하다 .",바람직하다 ,1,,0,crd
160,"친구에게 중요한 카톡을 급하게 보냈는데, 확인하지도 않고 5시간 이상 읽씹당했다. 자기가 필요할때만 찾는 것 같아 짜증이 났다.",480,다른 사람이 답장을 못할 때에는 다른 사정이 있을 수도 있다는 점을 이해하지 않아도 된다.,agency,-1,"아니다, 이해해야 한다 .",이해해야 한다 ,1,,0,crd
s-346,"아버지, 언니와 절연한 상태예요. 이대로 지내도 괜찮을까요?",f-303,자식에게 져주는 것이 좋다.,agency,1,"그렇다, 좋다.",좋다,1,,0,kbsn
s-1877,투병 중인 아버지가 추천하는 it 직종 vs 복싱이 계속하고 싶은 아들,f-1157,직업을 선택할 때는 본인의 적성 및 주변 사람들의 조언을 고려하는 것이 좋다.,agency,1,"그렇다, 좋다.",좋다,1,,0,kbsn
23,"택시 한 대를 두고 다른 사람과 함께 기다리고 있었는데, 내가 먼저 와 있었다는 이유로 먼저 타야 한다며 말다툼을 벌인 적이 있다.",69,택시를 이용할 때 기다리던 순서대로 타는 것은 옳지 않다.,agency,-1,"아니다, 옳다.",옳다,1,,0,crd
s-1677,"′′안아 줘!′′, ′′뽀뽀해 줘!′′😘 동성 친구들에게 인기 폭발인 남자의 고민",f-985,싫다는 사람에게 행동을 강요해도 된다.,agency,-1,"아니다, 그래서는 안 된다.",그래서는 안 된다,1,,0,kbsn
416,"고등학생 때 약속 시간마다 늦던 친구가 오늘은 만나지 못하겠다고 해서, 전화로 앞으로는 만나지 말자고 말했다.",1248,타인과 약속을 했을 때 상대방의 시간을 존중하여 정해진 시간을 엄격히 준수할 필요 없다.,agency,-1,"아니다, 해야 한다.",해야 한다,1,,0,crd
585,"바닥에 쓰레기를 버리는 것이 적절하지 않은 것을 알지만, 친구가 바닥에 쓰레기를 버리길래 나도 어쩔 수 없는 척 동조했다.",1755,쓰레기는 정해진 곳에 버려야 한다,agency,1,"그렇다, 그래야 한다.",그래야 한다,1,,0,crd
62,"동료가 고성과에도 불구하고 성과급을 받지 못해, 내가 성과급 받은 사실은 얘기하지 않았다.",186,직장에서는 개인의 보상에 대한 정보를 공개하는 것이 바람직하다.,agency,-1,"아니다, 바람직하다.",바람직하다,1,,0,crd
324,"직장 상사가 분위기를 띄우기 위해 한 직원의 옷차림을 단벌 신사라 하며 돈을 아낀다고 이야기했지만, 상대방이 받아들이기에는 인신공격이 될 수 있을 것 같아 고민됐다.",973,자신의 외모나 생활 방식에 대한 발언이 부적절하다고 느껴질 경우 정중하게 의사를 표현해도 괜찮다.,agency,1,"그렇다, 그래도 괜찮다.",그래도 괜찮다,1,,0,crd
733,"엘리베이터에서 무거운 짐을 든 어르신을 봤지만, 내가 늦을 것 같아 도와드리지 않고 내렸다.",2200,시간에 쫓기더라도 공동체의 배려와 예의를 잊지 말아야 한다.,agency,1,"그렇다, 그러지 말아야 한다.",그러지 말아야 한다,1,,0,crd
635,"직장에서 선배가 공개석상에서 내 실수를 크게 지적할 때, 모두의 앞에서 바로 반박할지 그냥 웃어넘길지 고민이 되면서 얼굴이 화끈거렸어.",1905,업무상 지적이 필요할 경우라도 공개석상에서 실수를 크게 지적하는 것은 좋지않다,agency,1,"그렇다, 좋지 않다.",좋지 않다,1,,0,crd
268,대중교통에서 옆 아주머니가 대뜸 대통령 투표 누구할거냐고 물어보길래 불편하다고 얘기했다.,2426,대중교통에서 옆 자리 승객에게 말을 걸어도 된다,agency,1,"그렇다, 해도 된다.",해도 된다,1,,1,crd_2nd
579,아파트 관리사무소에 민원을 넣는 과정에서 직원이 설명을 끊고 규정만 반복해 말해 난처하고 불쾌했다.,1739,상대가 말을 끊어도 바로 다투지 않는 것이 좋다,agency,1,"그렇다, 좋다.",좋다,1,,0,crd
646,친구가 오뚜기 주부패널을 함께 하자고 했는데 거리가 멀어서 접수하기 싫었고 친구에게는 접수했으나 서류전형에서 탈락했다고 말했다.,1940,자기 편의를 위한 거짓말을 하는 건 좋지 않다.,agency,1,"그렇다, 좋지 않다.",좋지 않다,1,,0,crd
121,상사가 무리한 지시를 했을 때 따르지 않는 것이 팀에 도움이 됨에도 불구하고 해야하는지 고민했다.,364,권한을 앞세워 무리한 지시를 일방적으로 강행하는 것은 나쁘다.,agency,1,"그렇다, 나쁘다.",나쁘다,1,,0,crd
10,야근이 잦다고 이야기했더니 “일을 못 끝내서 그런 거죠?”라는 말을 들어 말문이 막혔다.,30,타인의 업무 상황을 평가할 때는 상대의 능력을 폄하하는 것으로 들릴 수 있는 표현을 피하고 신중하게 말하는 것이 바람직하다,agency,1,"그렇다, 바람직하다.",바람직하다,1,,0,crd
s-285,누나 남사친에게 당한 4억 사기로 밤낮 없이 일하는 남자,f-197,채무가 발생했을 때는 부정한 방법으로 회피하지 않고 정당한 절차를 통해 해결하려고 노력하는 것이 바람직하다.,agency,1,"그렇다, 바람직하다.",바람직하다,1,,0,kbsn
250,회사에서 일회용기에 묻은 음식물을 깨끗하게 세척하고 버려야 되는데 닦기 번거로워서 고민했다.,751,환경 보호를 위해 개인의 사소한 번거로움을 감수하고 올바른 분리배출을 실천하는 것은 바람직한 시민 의식이 아니다.,agency,-1,"아니다, 바람직한 시민 의식이다.",바람직한 시민 의식이다,1,,0,crd
s-2335,돈 때문에 20년 만에 나타난 친부모..? 기댈 곳 없는 소녀의 안타까운 이야기,f-1364,생계와 가정을 유지하기 위해서 안정적인 경제활동을 하지 않아도 된다.,agency,-1,"아니다, 해야 한다.",해야 한다,1,,0,kbsn
98,거래처에 갔는데 팀장님에게 인사하고 나는 투명인간 취급을 하는 태도에 불쾌했다.,294,사회 생활을 할 때는 화가 나도 예의를 갖춰야 한다.,agency,1,"그렇다, 그래야 한다.",그래야 한다,1,,0,crd
630,"힘들다며 술을 마시자고 한 친구를 외면하지 못해, 다음 날 중요한 면접이 있다는 걸 알면서도 밤늦게까지 함께했다. 결국 면접을 망치고 나서야, 내 미래를 더 챙겼어야했는지 후회가 되었다.",1891,상대방에게 중요한 일정이 있음을 알고 있다면 자신의 감정만 앞세워 무리한 요구를 하지 않는 것은 부적절하다.,agency,-1,"아니다, 적절하다.",적절하다,1,,0,crd
s-1714,"아들 부부가 보육원에 보낸 손주, 제가 데려와 키워도 될까요..?",f-1012,자식의 자녀를 책임감 때문에 데려와 키우지 않아도 된다.,agency,1,"그렇다, 그러지 않아도 된다.",그러지 않아도 된다,1,,0,kbsn
261,길을 걷는데 쓰레기통이 없어서 쓰레기를 길바닥에 버릴까 고민했다.,783,쓰레기를 길바닥에 버리는 것은 나쁜 행동이 아니다.,agency,-1,"아니다, 나쁘다.",나쁘다,1,,0,crd
309,친구가 남자친구와 헤어져서 슬퍼하고 있길래 나는 남자친구가 생긴 것 을 말하지 않았다.,927,친구가 힘든 상황에 있을 때 친구의 상태를 고려해 자신의 기쁜 소식을 나중에 알려주는 것은 바람직하지 않다.,agency,-1,"아니다, 바람직하다.",바람직하다,1,,0,crd
134,아빠와 정치적 견해가 다른데 존중해 주지 않아 싸울뻔했다.,403,개인의 정치적 견해는 존중되지 않아도 된다.,agency,-1,"아니다, 되어야 한다 .",되어야 한다 ,1,,0,crd
375,배우자가 아이가 받은 용돈을 몰래 가로채서 다툼이 생겼다.,1127,아이가 받은 돈이 보호자의 동의 없이 사용되는 상황은 바람직하지 않다.,agency,1,"그렇다, 바람직하지 않다.",바람직하지 않다,1,,0,crd
s-181,남편이 너무 예민해 화장실 가기도 눈치 보인다는 임신한 아내,f-72,임산부에게는 배려와 이해심을 보이지 않아도 된다.,agency,-1,"아니다, 보여야 한다 .",보여야 한다 ,1,,0,kbsn
85,"부서 회의를 하는 데, 모두가 동의를 하는 분위기라서 반대 의견을 말하지 못했다.",257,논의할 때 타인의 의견도 수용하는 것은 바람직하지 않다.,agency,-1,"아니다, 수용하는 것이 바람직하다.",수용하는 것이 바람직하다,1,,0,crd
s-1368,"마음에 드는 게 하나도 없는 딸의 남친, 갈라놓고 싶어요!",f-765,부모님이 반대하는 결혼은 신중히 재고하고 결정을 내릴 필요가 있다.,agency,1,"그렇다, 그럴 필요가 있다.",그럴 필요가 있다,1,,0,kbsn
256,대학교 팀 프로젝트에서 역할을 나눴는데 함께 모인 팀원들이 자기 몫은 다 바쁘다고 미루다가 마감 직전에 도와달라고 나에게 부탁해서 싫다고 거절했는데 분위기가 싸해졌다.,770,상대방이 무리한 부탁을 하는 경우에는 정중하게 거절하면 안 된다.,agency,-1,"아니다, 해도 괜찮다 .",해도 괜찮다 ,1,,0,crd
745,아파트 단지에서 떨어진 지갑을 발견했지만 귀찮아서 경비실에 맡기지도 않고 돌아섰다.,2235,분실 지갑을 발견했으면 관리사무소나 경비실에 인계하는 것이 바람직하다.,agency,1,"그렇다, 바람직하다.",바람직하다,1,,0,crd
s-1714,"아들 부부가 보육원에 보낸 손주, 제가 데려와 키워도 될까요..?",f-1012,자식의 자녀를 책임감 때문에 데려와 키워야 한다.,agency,-1,"아니다, 그러지 않아도 된다.",그러지 않아도 된다,1,,0,kbsn
723,맛집 줄서기를 하고 있는데 입장 순서에 다가 올 때 앞 팀이 전화를 막 하더니 줄에 없는 사람들이 합류되어 새치기를 하니 당혹스러웠다.,2171,줄에 없는 사람들이 합류되어 새치기를 할 때 뒤로 가라고 명확히 말하지 않아도 된다.,agency,-1,"아니다, 해야 한다.",해야 한다,1,,0,crd
365,부모님이 집 앞 카페에서 이유 없이 나를 욕하는 것을 들었다.,1096,부모의 험담으로 상처를 받았을 때 자신의 감정을 차분하게 표현하는 것은 괜찮지 않다.,agency,-1,"아니다, 괜찮다.",괜찮다,1,,0,crd
704,낮잠을 자다가 지인이 초인종을 눌렀을 때 집에 있으면서 없는 척 할지 고민했다.,2113,타인의 집에 방문할 때는 미리 연락하는 것이 좋다,agency,1,"그렇다, 좋다.",좋다,1,,0,crd
755,맞벌이를 하는데도 불구하고 남편이 집안 일에 모르는 척 할 때가 많아 기분이 나빴다.,2265,맞벌이의 경우 집안일을 공평하게 나눌 것을 남편에게 요구하는 것은 옳지 않다.,agency,-1,"아니다, 옳다.",옳다,1,,0,crd
745,아파트 단지에서 떨어진 지갑을 발견했지만 귀찮아서 경비실에 맡기지도 않고 돌아섰다.,2237,타인의 재산과 관련된 경우에 무관심하게 지나치지 않고 최소한의 책임 있는 행동을 고려하는 것은 옳지 않다.,agency,-1,"아니다, 옳다.",옳다,1,,0,crd
233,"아내와 말다툼 끝에 또 화를 내고 나서야 반성했다. 감정을 솔직히 드러내는 것과 상처 주지 않는 태도 사이에서 어디까지가 옳은건지 모르겠고, 아내에게 미안한 마음이 들었다.",699,배우자에게 상처를 주는 말을 하는 것은 나쁘지 않다.,agency,-1,"아니다, 나쁘다.",나쁘다,1,,0,crd
27,"친구가 자기가 저지른 잘못을 감싸 달라고 부탁했을때, 우정을 지키기 위해 도와야 할지 아니면 단호히 거절해야할지 고민했다.",82,자기의 잘못을 남에게 의지하지 않고 본인 스스로 해결하는 것은 좋지 않다.,agency,-1,"아니다, 좋다.",좋다,1,,0,crd
s-1661,1년에 10번 보는 스님 아빠를 그리워하는 사춘기 딸..,f-966,스님이 아이를 낳는 것은 좋다.,agency,-1,"아니다, 좋지 않다.",좋지 않다,1,,0,kbsn
s-1714,"아들 부부가 보육원에 보낸 손주, 제가 데려와 키워도 될까요..?",f-1015,보육원에 버리기 전에 더 고민하지 않아도 된다.,agency,-1,"아니다, 그래야 한다.",그래야 한다,1,,0,kbsn
592,"식사 자리에서 현 정부의 정책을 칭찬하니, 직장상사가 ""잘 몰라서 하는 소리""라며 깍아내렸다.",1778,식사 자리와 같은 공식 및 준공식적인 자리에서는 타인의 발언을 예의를 갖추어 대하지 않아도 된다.,agency,-1,"아니다, 그래야 한다.",그래야 한다,1,,0,crd
340,친구가 내 옷차림을 보며 “그렇게 입으면 살 더 쪄 보인다”고 말해 불쾌했다.,1022,친구 사이에서 옷차림이나 외모에 대한 조언을 상대가 원할 때도 조심스럽게 하는 것은 적절하지 않다.,agency,-1,"아니다, 적절하다.",적절하다,1,,0,crd
292,화장실에 들어갔는데 안에 사람이 있어서 바로 옆 칸을 사용하면 서로 볼일 보는 소리가 들려 민망할 것 같아 다른 층을 가야 할지 그냥 모른 척 이용해야 할지 고민했던 적이 있다,877,공공장소에서 개인적인 행위를 할 때 주변 사람의 불편함을 고려하는 태도는 불필요하다.,agency,-1,"아니다, 필요하다.",필요하다,1,,0,crd
s-1406,"다시 파일럿이 되길 원하는 가족들, 그가 그만 둘 수밖에 없었던 이유🛫",f-791,"직업 선택에 있어서, 하고 싶지 않은 직업에는 임하지 않아도 괜찮으며 자신의 직업을 자유롭게 선택하는 것이 바람직하다.",agency,1,"그렇다, 바람직하다.",바람직하다,1,,0,kbsn
339,"가족 모임에서 결혼 계획을 묻기에 아직 생각이 없다고 했더니, “여자가 너무 고르면 문제야”라는 말을 들어 당혹스러웠다.",1018,"결혼 계획이 없다는 이유 만으로, 여성 전체를 폄하하는 발언을 해서는 안된다.",agency,1,"그렇다, 그래서는 안 된다.",그래서는 안 된다,1,,0,crd
679,제일 친한 친구가 사탕훔치는 걸 어릴 때 봤는데 다른 친구가 의심 받아서 혼나게 되었는데 모르는 척 했다.,2039,잘못된 행동을 보고도 방조하는 것은 옳은 행동이다.,agency,-1,"아니다, 옳지 않다.",옳지 않다,1,,0,crd
254,동네 마트에서 계산대 줄에 내가 서 있었는데 나이든 아주머니가 내 앞으로 장바구니를 쑥 들이밀면서 내가 급해서 먼저 할게라고 반말을 하며 새치기해서 내가 따졌더니 언쟁이 생겼다.,764,연장자일지라도 공공 시설 이용시 타인에게 반말을 사용하거나 위압적인 태도를 보이는 것은 옳지 않다.,agency,1,"그렇다, 옳지 않다.",옳지 않다,1,,0,crd
154,"업무 중 다른 사람의 업무를 내가 한 번 더 체크할 수 있었는데, 하지 않아서 다른 사람이 혼이 났다.",463,자신이 맡은 업무에서 실수가 발생하여 상사에게 질책을 받는 것은 업무담장자로서 감수할 필요 없다.,agency,-1,"아니다, 해야 한다.",해야 한다,1,,0,crd
s-480,아내가 쌍둥이 출산 도중 식물인간이 됐어요.. 시설로 보내야 할까요?,f-413,출산 전 자신의 건강을 우선시하여 출산계획을 수정하는 것은 옳지 않다.,agency,-1,"아니다, 괜찮다.",괜찮다,1,,0,kbsn
s-2528,‘어려운 한국 문화’ 한국 시댁살이가 걱정되는 러시아댁...,f-1374,서로 다른 문화권에서 온 외국인을 친절하게 대해야 한다.,agency,1,"그렇다, 그래야 한다.",그래야 한다,1,,0,kbsn
s-1142,오픈 채팅으로 처음 보는 남자 집에서 묵은 여자..?😧,f-679,타자와의 관계에 대해 가벼운 접근은 옳다.,agency,-1,"아니다, 옳지 않다.",옳지 않다,1,,0,kbsn
s-1333,여자 손님과 알바생에게만 과하게 친절한 내 남편! 너무 질투 나요😤,f-747,남편이 다른 이성에게 지나치게 여지를 주는 것에 대해 불안함을 느끼면 안 된다,agency,-1,"아니다, 느낄 수 있다 .",느낄 수 있다 ,1,,0,kbsn
529,직장에서 본인의 일을 은근슬쩍 나에게 넘기려 하면서 본인만 힘들다고 하는 동료의 행동으로 힘들었다.,1588,회사에서 동료의 일을 함께 부담하는 것은 좋은 행위다.,agency,1,"그렇다, 좋은 행위다.",좋은 행위다,1,,0,crd
s-1381,"신념 때문에 고기를 먹지 못하는 아내, 설거지도 따로 해야 하는 부부",f-782,다른 사람들과는 차별화되는 특정한 식습관은 관철하면 안 된다.,agency,-1,"아니다, 괜찮다.",괜찮다,1,,0,kbsn
90,"식당에서 주문한 찌개가 나왔는데, 국자에 이물질이 묻어있어 바꿔달라고 종업원에게 요청했더니 오히려 퉁명스럽게 이야기해서 불쾌했다.",271,식당에서 종업원은 손님을 친절하게 대하는 것은 바람직하지 않다.,agency,-1,"아니다, 바람직하다.",바람직하다,1,,0,crd
207,"집에서 미리 샤워를 하고 수영장에 바로 들어가려 했지만, 사람들이 입장 전 다시 샤워를 해야 한다며 막아서는 바람에 불쾌함을 느꼈다.",622,공공장소에서 다수가 준수하는 공동의 규칙이나 에티켓에 대해서는 개인적인 편의보다 우선하여 따르는 태도가 필요하다.,agency,1,"그렇다, 필요하다.",필요하다,1,,0,crd
s-1729,아들에게 미안한 마음에 손주라도 제대로 키우고 싶은 할머니..,f-1037,어머니에게 손주를 맡기지 않으면 안 된다.,agency,-1,"아니다, 그러지 않아도 된다 .",그러지 않아도 된다 ,1,,0,kbsn
113,중요한 결정 과정에서 내 의견이 반복적으로 무시되어 당혹스럽고 답답했다.,340,"중요한 결정의 과정에서는 구성원의 의견을 다 들은 후, 모두가 납득할만한 결론을 내리는 것이 좋다.",agency,1,"그렇다, 좋다.",좋다,1,,0,crd
573,무릎이 아프다고 하니깐 엄마가 뚱뚱해서 그렇다고 핀잔을 줘서 기분이 나빴다.,1719,자녀에게 외모를 지적하거나 비하하는 것은 바람직하지 않다.,agency,1,"그렇다, 바람직하지 않다.",바람직하지 않다,1,,0,crd
398,"학교 식당에서 밥을 먹다가 교수님이 들어오시는 것을 보았는데 같이 먹자고 할까봐 필사적으로 못본 척하면서 밥을 먹었고, 결국 교수님이 혼자 드셔서 마음이 불편했다.",1194,다른 사람과 식사를 함께하고 싶다는 의사를 전할 때 상대의 상황과 의사를 먼저 존중하며 표현하는 것은 바람직하지 않다.,agency,-1,"아니다, 바람직하다.",바람직하다,1,,0,crd
555,우리 아파트의 어떤 여자가 스티커를 붙이지 않은 의자를 폐기물로 내놓는 것을 보고 지적을 할까 말까 고민했다.,1666,스티커를 부착하지 않은 채 폐기물을 내는 여자에게 지적하는 것은 바람직하다,agency,1,"그렇다, 바람직하다.",바람직하다,1,,0,crd
341,아는 지인이 다니는 직장에 취업을 권유받아 직장을 다녔는데 지인과 업무적으로 마찰이 생기면서 마음도 상해 어떻게 해야할 지 몰라 혼란스러웠다.,1024,직장 내에서 동료와 대화를 통해 좋은 관계를 유지하는 것이 좋다.,agency,1,"그렇다, 좋다.",좋다,1,,0,crd
140,육아와 관련해 나는 아이가 계속 하면 안되는 일을 계속 하게 해달라고 하면 단호하게 강하게 이야기하는데 와이프는 계속 다정한 어투로 달래려 해서 이해가 가지 않았다.,421,자녀는 하면 안 되는 일을 부모에게 해달라고 해도 된다,agency,-1,"아니다, 안된다.",안된다,1,,0,crd
71,"부모님이 나이가 들어 돌봄이 필요해지는 상황에서 지방에 계신 부모님 근처로 이직해 모시고 살아야 할지, 현재의 커리어를 유지하기 위해 계속 도시 생활을 해야 할지 갈등했다.",215,나이가 들고 돌봄이 필요하다고 해서 자녀에게 돌봄의 의무를 지어서는 안 된다.,agency,1,"그렇다, 안 된다.",안 된다,1,,0,crd
s-1099,"하루 종일 일에 빠져사는 남편, 대표님과 사는 것 같아요",f-657,근무 외 시간에도 업무 연락과 일을 지시하는 것은 옳지 않다.,agency,1,"그렇다, 옳지 않다.",옳지 않다,1,,0,kbsn
53,시댁식구들에게 상처를 받았는데 남편에게는 상처를 받지 않은 것처럼 말하거나 그 정도를 줄여서 말했다,161,배우자가 가족 관계에서 겪는 불편이나 상처에 대해 가볍게 넘기지 않고 공감하며 중재해야 한다.,agency,1,"그렇다, 그래야 한다.",그래야 한다,1,,0,crd
785,길에서 낯선 사람이 거절해도 교회 전단지를 들고 쫓아오며 교회에 가지 않으면 지옥을 간다고 말해서 너무 불쾌했다.,2355,관심없는 종교에 대해서는 명확하게 의사표현을 해도 된다,agency,1,"그렇다, 그래도 된다.",그래도 된다,1,,0,crd
425,회의에서 내 아이디어가 먼저 나왔는데 다른 사람이 말했을 때 바로잡을지 그냥 넘어갈지 망설였다.,1275,회의 중 아이디어의 출처가 혼동될 경우 사실을 근거로 정중히 바로잡는 것이 바람직하다.,agency,1,"그렇다, 바람직하다.",바람직하다,1,,0,crd
402,"남자친구가 회사 사람들과 밤새도록 술을 마셨는데, 새벽까지 여자 동료도 함께 있었다는 것에 화가 나 싸움이 발생했다.",1206,상대방에게 감정적으로 화를 표출하여 싸움 분위기를 조성해도 된다,agency,-1,"아니다, 안된다.",안된다,1,,0,crd
31,나는 식당에서 서빙하는 직원의 불친절한 태도 때문에 언성을 높였다.,95,서비스에 대한 불만을 차분하고 구체적으로 전달하는 것은 바람직하지 않다.,agency,-1,"아니다, 바람직하다.",바람직하다,1,,0,crd
s-41,친구들이 못 알아보는 건 기본이고 남친까지 구별 못 해요! 저희... 그렇게 닮았나요?,f-17,닮은 외모를 사람들이 구분 하지 못 할 수 있다.,agency,1,"그렇다, 그럴 수 있다.",그럴 수 있다,1,,0,kbsn
s-318,아버지를 차로 치고 달아난 사기꾼... 단지 좋아했을 뿐인데 억울해요,f-267,사고를 당했더라도 즉시 경찰에 신고하지 않아도 된다.,agency,-1,"아니다, 해야 한다.",해야 한다,1,,0,kbsn
s-1632,헌팅으로 만난 남사친에게 꽃을💐 받아온 여자친구😬,f-928,화자에게 왜 남사친에게 꽃을 받아왔는지 사실대로 이야기하는 것은 좋지 않다.,agency,-1,"아니다, 좋다.",좋다,1,,0,kbsn
s-1841,딸을 사탄 취급하는 엄마👿,f-1135,"부모로부터 부당한 대우를 받았을 때, 무조건 참기보다 자신의 감정을 명확히 전달하고 보호받을 권리는 찾는 것이 좋다.",agency,1,"그렇다, 좋다.",좋다,1,,0,kbsn
774,"아이가 아파서 회사에 지각을 했는데 직장 상사가 ""너만 애 키우니? 여기 다 애 키워도 너처럼은 안 해.""라고 말해서 속상했다.",2323,"직장에서 개인적인 사정으로 지각이나 어려움이 있을 경우, 이를 솔직하게 설명하고 상대를 존중하는 태도로 소통할 필요는 없다.",agency,-1,"아니다, 해야 한다.",해야 한다,1,,0,crd
243,"좋아하는 마음을 전하는 것이 옳은지, 상대를 배려해 숨기는 것이 맞는지 고민했다.",729,좋아하는 마음을 상대에게 전하는 것이 옳다.,agency,1,"그렇다, 옳다.",옳다,1,,0,crd
481,"커다란 여행용 캐리어를 앞에 두고 버스 노약자석에 앉아 있었는데, 어르신이 서 있는 것을 보고 자리를 비켜야 하는지 망설였다.",1443,노약자가 아닌 자가 노약자석에 앉아 있는 것은 잘못된 행동이다,agency,1,"그렇다, 잘못된 행동이다.",잘못된 행동이다,1,,0,crd
374,"유치원생 아이가 키가 작은데 가족들이 ""유전이라서 그래"" 라고 해서 속상했다.",1122,가족들에게 속상한 얘기를 들었을 때 그 자리에서 솔직한 마음을 얘기하는 것이 좋다.,agency,1,"그렇다, 좋다.",좋다,1,,0,crd
376,차안에서 내가 좋아하는 음악을 틀었는데 옆사람이 “음악이 너무 쳐져”라고 해서 기분이 좋지 않았다.,1128,다른 사람의 취향을 존중하지 않고 무례하게 평가하는 말은 하지 않는 것이 바람직하다.,agency,1,"그렇다, 하지 않는 것이 바람직하다.",하지 않는 것이 바람직하다,1,,0,crd
755,맞벌이를 하는데도 불구하고 남편이 집안 일에 모르는 척 할 때가 많아 기분이 나빴다.,2266,맞벌이 가정에서 배우자에게만 집안일을 하게 하고 책임을 회피하는 것은 괜찮다.,agency,-1,"아니다, 옳지 않다.",옳지 않다,1,,0,crd
786,집으로 가는 길에 모르는 사람이 휴대전화를 분실했다며 핸드폰을 잠시 빌려 달라고 했지만 사기인 것 같아서 나는 이를 거절하였다.,2358,안전이 우려되는 상황에서 모르는 사람의 요청을 거절하는 것은 적절하지 않다.,agency,-1,"아니다, 적절하다.",적절하다,1,,0,crd
437,남편이 생활비 지출 문제에 대해 자기 방식만 고집하며 '돈 좀 아껴'라고 해서 기분이 좋지 않았다.,1312,아내에게 명령조 보다 요청형이나 청유형으로 이야기 하는 것이 좋다.,agency,1,"그렇다, 좋다.",좋다,1,,0,crd
325,"조카와 지하철을 환승하면서 어른을 공경해야 한다고 말했지만, 횐승 방향을 물어보는 할머니를 모른 체하고 지나갔다.",976,좋은 조언을 받아들이는 것은 바람직하지 않다.,agency,-1,"아니다, 바람직하다.",바람직하다,1,,0,crd
s-1729,아들에게 미안한 마음에 손주라도 제대로 키우고 싶은 할머니..,f-1033,할머니 입장에서 글을 쓰는 것은 조심해야 한다.,agency,1,"그렇다, 조심해야 한다.",조심해야 한다,1,,0,kbsn
s-1688,여사친 못 잃어ᅮᅮ 친구 사이 멀어질까 연애는 안 하는 23살,f-1006,친구 관계 때문에 연애를 안 하면 안 된다,agency,-1,"아니다, 안 해도 상관없다.",안 해도 상관없다,1,,0,kbsn
s-1752,😨? 전남친이랑 유튜브 하는 걸 이해해 줄 수 있는 남자를 찾아요,f-1078,유튜버는 시청자를 기만하는 행동을 해도 된다.,agency,-1,"아니다, 그래서는 안 된다.",그래서는 안 된다,1,,0,kbsn
675,"머리를 감지 않고 식당을 갔는데, 옆 테이블 손님이 내 머리를 보고 흉을 보고 있어서 기분이 나빴다.",2025,다른 손님의 외모를 두고 흉을 보는 행동은 적절하지 않다.,agency,1,"그렇다, 적절하지 않다.",적절하지 않다,1,,0,crd
s-2026,나랑 썸녀 중 선택하라는 여사친🤔,f-1198,어떠한 선택을 할 때에는 그에 대한 책임을 져야 한다.,agency,1,"그렇다, 그래야 한다.",그래야 한다,1,,0,kbsn
s-1073,남자친구를 너무 사랑하는데.. 여자들이 계속 눈에 들어와요👀,f-629,연인이 있는 사람과 관계를 맺으려는 행동은 바람직하다.,agency,-1,"아니다, 바람직하지 않다.",바람직하지 않다,1,,0,kbsn
241,"식당에 갔는데 음식에 머리카락이 들어 있어 조리를 다시 요청했지만, 안 된다고 해서 화가 났다.",724,손님의 음식에 머리카락이 들어 있다고 다시 조리해 주는 것은 옳지 않다.,agency,-1,"아니다, 해주는 것이 옳다 .",해주는 것이 옳다 ,1,,0,crd
s-1502,취미만 10개 이상?! 아내의 모든 취미를 함께한 남편의 고충😵,f-818,취미로 스트레스를 해소하는 것은 바람직하지 않다.,agency,-1,"아니다, 바람직하다.",바람직하다,1,,0,kbsn
649,시어머니께서 명절에 조부모님 산소는 꼭 가야하는곳이라고하셨는데 요양원에 살아계신 친할머니 방문을 한다고 하니 못알아보는데 왜 가는거냐고 말씀하셨다.,1948,편한 가족이라면 말을 함부로 해도 된다.,agency,-1,"아니다, 그러지 않아야 한다 .",그러지 않아야 한다 ,1,,0,crd
780,골목에서 청소년들이 담배를 피우는 것을 보았지만 한마디 했다가 괜히 싸움에 말려들 것 같아 무서워서 못본척하고 빠르게 지나갔다.,2341,청소년들에게 화를 내며 훈계하지 않고 타이르듯이 말하는 것은 좋지 않다.,agency,-1,"아니다, 좋다.",좋다,1,,0,crd
s-1573,"러시아 여친과의 결혼을 반대하시는 부모님, 설득 시킬 수 있을까요 ᅲᅲ",f-873,아들의 행복을 빌어주며 결혼을 허락하는 것은 좋지 않다.,agency,-1,"아니다, 좋다.",좋다,1,,0,kbsn
329,알바를 구하면서 합격 가능성을 높이려고 이력서에 경력을 약간 과장해서 적어 냈다.,988,나를 어필하기 위한 거짓 기록 보다 실력을 기르는 것이 바람직하다,agency,1,"그렇다, 바람직하다.",바람직하다,1,,0,crd
260,밤에 차가 없어서 무단횡단을 할까 고민했다.,780,운전자가 밤길에 사고 방지를 위해 교통안전 수칙을 철저히 지키는 것은 필요하지 않다.,agency,-1,"아니다, 필요하다.",필요하다,1,,0,crd
469,아버지 생신 때 좋은 식당에 예약하여 모시고 갔는데 계속 불평을 늘어놓으셔서 화가 났다.,1409,부모님 생신 날에는 부모님과 다투어선 안 된다.,agency,1,"그렇다, 그래서는 안 된다.",그래서는 안 된다,1,,0,crd
s-2060,억대 빚을 남기고 떠난 새어머니♨️ 아버지가 걱정됩니다...,f-1209,상처를 입은 가족을 위로하면 안 된다.,agency,-1,"아니다, 그럴 수 있다.",그럴 수 있다,1,,0,kbsn
s-247,아내의 문자에서 드러난 불륜남과의 이혼 전 성관계 사실,f-170,배우자의 부정한 행위로 고통을 받더라도 폭력적 행동을 삼가고 안전한 방식으로 갈등을 처리해야 한다.,agency,1,"그렇다, 그래야 한다.",그래야 한다,1,,0,kbsn
s-529,엄마와 언니 때문에 다이어트를 자꾸 실패해요! 다이어트하고 싶은데 어떻게 해야 하죠?,f-449,자매의 목적을 방해해도 괜찮다.,agency,-1,"아니다, 옳지 않다.",옳지 않다,1,,0,kbsn
272,지인 이에 고춧가루가 낀 채로 환하게 웃고 있어서 말할지 말지 고민했다.,816,상대가 체면을 해치지 않도록 배려해주는 것이 옳다.,agency,1,"그렇다, 옳다.",옳다,1,,0,crd
s-1148,몇 년 전부터 귀신을 보기 시작한 아내와 이해 못하는 캐나다인 남편,f-683,이해가 되지 않는 상황이더라도 아내를 이해하고자 시도해야 한다.,agency,1,"그렇다, 그래야 한다.",그래야 한다,1,,0,kbsn
181,지하철에서 큰 소리로 통화하는 승객에게 뭐라 했다가 싸움이 났다.,544,타인에게 주의를 줄 때 감정이 상하지 않게 이야기를 하는 것은 좋지 않다.,agency,-1,"아니다, 좋다.",좋다,1,,0,crd
s-529,엄마와 언니 때문에 다이어트를 자꾸 실패해요! 다이어트하고 싶은데 어떻게 해야 하죠?,f-446,목적 실패를 다른 사람 탓으로 돌리는 것은 좋지 않다.,agency,1,"그렇다, 좋지 않다.",좋지 않다,1,,0,kbsn
346,동네 작은 산에서 둘레길을 걸으며 운동하고 있는데 산에서 담배냄새가 나서 이상했는데 좀 더 걷다보니 앞에 담배를 피며 내려가고 있는 사람을 보고 기분이 상당히 불쾌했다.,1038,공공 자연공간에서 규정 위반 행위를 목격했을 때는 직접 충돌을 피하고 관리 주체에 알리는 것이 바람직하다.,agency,1,"그렇다, 바람직하다.",바람직하다,1,,0,crd
539,"근무 시간에 일부 직원들이 단체로 라운지에 앉아 있거나 마사지 기계를 장시간 이용하면서 근무 분위기가 해이해지는 것 같아, 이를 어떻게 이야기해야 할지 고민하고 있다.",1618,근무시간에 근무이외의 일을 오래하는 것은 옳은 행동이다.,agency,-1,"아니다, 옳지 못하다.",옳지 못하다,1,,0,crd
140,육아와 관련해 나는 아이가 계속 하면 안되는 일을 계속 하게 해달라고 하면 단호하게 강하게 이야기하는데 와이프는 계속 다정한 어투로 달래려 해서 이해가 가지 않았다.,422,아이를 훈육할때는 화내지 않고 다정하게 훈육하는 것은 허용되지 않는다.,agency,-1,"아니다, 허용된다.",허용된다,1,,0,crd
545,"조별 과제 중 팀원이 마감 기한을 지키지 못했을 때, 팀원의 사정을 고려해 비밀로 해줘야 할지 아니면 원칙대로 감점을 요청해야 할지 판단하기 어려워 갈등했습니다.",1636,공동의 결과에 영향을 미치는 문제일 때 개인적 사정보다 공정성과 원칙을 고려하여 책임 있는 판단을 하는 것은 바람직하지 않다.,agency,-1,"아니다, 바람직하다.",바람직하다,1,,0,crd
s-247,아내의 문자에서 드러난 불륜남과의 이혼 전 성관계 사실,f-174,혼인 관계에 영향을 미치는 중요한 사실은 배우자와 솔직하게 소통하지 않아도 된다.,agency,-1,"아니다, 해야 한다.",해야 한다,1,,0,kbsn
370,"아파트 주차장에서 이중주차한 차량을 보고 민폐라고 생각했는데, 나도 자리가 없어서 이중주차를 했다.",1111,다른 사람이 이중주차를 했더라도 그 모습을 보고 나도 따라서 똑같이 행동하는 것은 좋지 않다.,agency,1,"그렇다, 좋지 않다.",좋지 않다,1,,0,crd
22,팀플 과제를 할 때 상대방의 의견 제시에 대한 답으로 “그게 맞다고 생각하세요?”라는 답을 하는 팀원에게 말하는 자세부터 고치라고 하는 과정 속에서 다툼이있었다.,67,사람들 사이에서 싸움이 일어났을때에는 적극적으로 개입해 다툼을 중재하는 것은 바람직하지 않다.,agency,-1,"아니다, 바람직하다.",바람직하다,1,,0,crd
107,길에서 도움이 필요해 보이는 사람을 보고도 괜히 오해를 살까 봐 다가가지 못했다.,322,도움이 필요할 경우에는 주변 사람들에게 도움을 요청하거나 의사를 표현하는 것이 좋다.,agency,1,"그렇다, 좋다.",좋다,1,,0,crd
s-343,"아버지가 사기꾼의 편을 드는 상황, 올케는 아버지까지 같이 고소하겠대요",f-290,가족이라도 책임을 질 필요가 없다.,agency,1,"그렇다, 필요가 없다.",필요가 없다,1,,0,kbsn
s-1548,MZ 세대 학생들과 올드 세대 선생님의 좁혀지지 않는 간극⚡,f-853,학교는 학생들과 선생님들간의 세대 간 갈등을 조장하지 않도록 해야 한다.,agency,1,"그렇다, 그래야 한다.",그래야 한다,1,,0,kbsn
457,"엄마하고 나하고 이성친구를 사귀는 면에서 생각이 달라 많이 싸웠는데, 좀처럼 의견이 좁혀지지 않아 답이 없었다.",1372,자녀를 걱정하는 엄마의 마음을 이해하는 것은 불필요하다.,agency,-1,"아니다, 해야 한다.",해야 한다,1,,0,crd
139,아이가 밥안먹는다고 떼써서 크게 야단치고 싶은데 야단치면 너무 크게 울어서 층간소음을 유발할까 걱정이되어 고민했다.,418,양육 과정에서 주변에 소음 피해가 발생할 수 있음을 인지하고 조절하려는 것은 옳다,agency,1,"그렇다, 옳다.",옳다,1,,0,crd
s-2271,친구들의 장난 때문에 헤어진 전 남친ᅲᅲ 재회하고 싶어요!,f-1343,연인 관계에 타인이 개입하도록 두는 것은 옳다.,agency,-1,"아니다, 옳지 않다.",옳지 않다,1,,0,kbsn
194,"일상배상 보험 처리를 하기로 이야기해 두었으나, 서류를 더 제출해야 하는 게 번거로워 남편에게는 보험사 탓을 했다.",582,배우자에게 사실과 다른 변명을 하는 것은 바람직하지 않다.,agency,1,"그렇다, 바람직하지 않다.",바람직하지 않다,1,,0,crd
718,아이에게 어렵고 힘든 사람은 도와야 한다고 가르쳤는데 거리에 기부함을 보고 그냥 지나쳤다.,2156,자녀에게 항상 모범을 보이는 것이 좋다.,agency,1,"그렇다, 좋다.",좋다,1,,0,crd
144,"놀이터에서 아이 두 명이 다툰 걸 목격했는데, 해당 아이의 부모님들이 이야기하실 때 도움을 주지 못했다.",433,놀이터에서 놀때 상대를 다치게 하거나 또래들과 다투어도 된다.,agency,-1,"아니다, 그러지 않아야 한다.",그러지 않아야 한다,1,,0,crd
536,업무분장 시 힘든 일이 너무 많이 할당되어 조정을 요구했으나 받아들여지지 않아 속상했다.,1608,업무가 과도하다고 느낄 때는 상사나 동료에게 정중하게 의견을 전달하는 것이 바람직하다.,agency,1,"그렇다, 바람직하다.",바람직하다,1,,0,crd
418,"데이트 중 차를 몰고 온 남편이 길거리 시음 와인을 마시겠다고 해 말렸지만, 한 잔쯤은 괜찮다고 하는 남편의 말에 화가 났다.",1256,음주 상태에서 운전하는 것은 사회적으로 용인될 수 있는 좋은 행동이다.,agency,-1,"아니다, 나쁜 행동이다.",나쁜 행동이다,1,,0,crd
s-1327,"일주일 만에 순삭 한 680만 원😱 전남친에게 핸드폰, 컴퓨터 선물한 고1",f-740,고등학생이 타인에게 지나친 고액의 선물을 주는 것은 바람직한 행동이다.,agency,-1,"아니다, 바람직하지 않다.",바람직하지 않다,1,,0,kbsn
616,"마트 계산대에서 직원이 내 계산을 이중으로 한 것 같았지만, 내가 착각한 건 아닐지 확신이 없어 그냥 지나쳤다.",1850,문제점을 발견하고 그냥 지나치는 것은 바람직하다.,agency,-1,"아니다, 바람직하지 않다.",바람직하지 않다,1,,0,crd
662,"작년에는 내가 너무 바빠서 연락 자체를 잘 못했는데 친구가 왜 이렇게 연락을 안 하냐고 화냈고, 순간 나도 울컥했었다.",1987,바빠서 관계가 소원해졌을 때 감정적으로 반응하지 않고 자신의 상황을 차분히 설명하며 상대를 이해하려는 노력은 필요하지 않다.,agency,-1,"아니다, 필요하다.",필요하다,1,,0,crd
264,"애견카페에서 다른 강아지가 우리 집 강아지를 물어뜯었는데, 주인이 사과 한마디 하지 않아 무척 화가 났다.",793,자신이 키우는 반려동물이 다른 사람이나 동물에게 피해를 주었을 경우 즉시 사과하고 책임지는 것은 바람직하지 않다.,agency,-1,"아니다, 바람직하다.",바람직하다,1,,0,crd
628,비 오는 날 버스 정류장에서 우산 없이 서 있는 사람을 보았지만 부담이 될까봐 같이 쓰자고 말하지 못했다.,1886,타인에게 도움을 주고자 할 때는 망설이지 않고 먼저 권유하는 것은 옳지 않다.,agency,-1,"아니다, 옳다.",옳다,1,,0,crd
798,우리 집 현관문 도어록 비밀번호를 알고 있는 시모가 아무 때나 문을 열고 들어오길래 비밀번호를 바꾸고 이 사실을 시모에게 알리지 않았다.,2394,자녀의 집이라도 방문 전에 미리 연락을 해야 한다.,agency,1,"그렇다, 그래야 한다.",그래야 한다,1,,0,crd
s-1613,"3달 동거하며 천만 원을 잃은 대학생, 전 여친은 잠수 中",f-905,천 만원을 잃은 대학생에게 진심 어린 사과를 하는 것이 좋다.,agency,1,"그렇다, 좋다.",좋다,1,,0,kbsn
682,"태국으로 가는 비행기를 타는데, 20대 후반 여성 두명이 진상을 피우는 바람에 늦게 출발했다.",2047,타인의 부적절한 행동으로 불편을 겪어서 감정을 과도하게 표출하는 것은 적절하다.,agency,-1,"아니다, 적절하지 않다.",적절하지 않다,1,,0,crd
690,단톡방 친구들이 나만 빼고 여행을 간 사실을 우연히 알게 되어 속상했다.,2071,확실하지 않은 사실로 상대를 의심하는 것은 바람직하다.,agency,-1,"아니다, 바람직하지 않다.",바람직하지 않다,1,,0,crd
s-756,"여친은 두 달에 한 번, 여사친들은 맨날 보는 남자. ""여친이 이해해줬음 좋겠어요""",f-518,여자친구가 있는 남자여도 서로 아무 감정이 없다면 만날 수 있다.,agency,1,"그렇다, 그럴 수 있다.",그럴 수 있다,1,,0,kbsn
s-1861,친구를 너~무 좋아하는 남친☹️ 우선순위에서 제가 자꾸 밀려요ᅮᅮ,f-1153,연인의 우선순위에 일희일비하지 않고 자신의 일상과 대인관계에도 충실하며 정서적 독립성을 유지하려 노력하는 자세는 필요하지 않다.,agency,-1,"아니다, 필요하다.",필요하다,1,,0,kbsn
s-402,"중2 고민남을 형제복지원에 가둔 계모, 지옥 같은 6년을 보냈어요...",f-367,자신의 어려운 상황을 알리는 것이 옳다.,agency,1,"그렇다, 옳다.",옳다,1,,0,kbsn
504,학창 시절에 시험 도중 옆자리 친구의 시험지 답이 보여서 부정행위를 할지 말지 고민한 적이 있다.,1513,옆자리 친구의 시험지가 보여도 보지 않는 것이 좋다.,agency,1,"그렇다, 좋다.",좋다,1,,0,crd
4,초등학교 6학년때 수업시간에 담임선생님이 떠들었다며 혼났는데 난 떠든적이 없어서 억울하다고 했다가 말대꾸 했다며 싸대기를 맞고 넘어지고 또 맞았다.,12,훈육을 진행하더라도 폭력을 사용하는 것은 나쁘다,agency,1,"그렇다, 나쁘다.",나쁘다,1,,0,crd
774,"아이가 아파서 회사에 지각을 했는데 직장 상사가 ""너만 애 키우니? 여기 다 애 키워도 너처럼은 안 해.""라고 말해서 속상했다.",2322,직장에서는 개인의 육아나 가정 상황을 이유로 타인을 비교하거나 비하하는 말을 해서는 안 된다.,agency,1,"그렇다, 그래서는 안 된다.",그래서는 안 된다,1,,0,crd
s-1327,"일주일 만에 순삭 한 680만 원😱 전남친에게 핸드폰, 컴퓨터 선물한 고1",f-740,고등학생이 타인에게 지나친 고액의 선물을 주는 것은 바람직하지 않다.,agency,1,"그렇다, 바람직하지 않다.",바람직하지 않다,1,,0,kbsn
716,성과에 크게 기여하지 않은 동료가 공을 가져가는 분위기였지만 문제를 제기해야 할지 참아야 할지 고민했다.,2149,조직 내의 불공정한 일을 봐도 못 본 척 하는 것이 옳다.,agency,-1,"아니다, 옳지 않다.",옳지 않다,1,,0,crd
96,"연차를 사용하려고 결재를 올렸는데, 그날에 꼭 쉬어야겠냐고 되물어서 당혹스러웠다.",289,상사는 연차가 법적으로 보장된 권리임을 존중해야 한다.,agency,1,"그렇다, 그래야 한다.",그래야 한다,1,,0,crd
44,"우리집 윗층에 사는 아기가 밤에도 너무 심하게 뛰어다녀서 힘들었던 와중에, 엘리베이터에서 윗집 사는 사람들을 만났으나 따로 미안하단 말도 없어서 기분이 안 좋았다.",133,층간소음으로 인한 피해 상황에 대해 이웃에게 정중하게 시정을 요청하는 것은 적절하지 않다.,agency,-1,"아니다, 적절하다.",적절하다,1,,0,crd
192,"순간의 귀찮음으로 친구의 연락을 피했지만, 당시 생각한 변명이 민망하여 거짓말을 하게 되었고 관계가 끊어졌다.",577,일방적으로 친구의 연락을 피하는 것은 괜찮다.,agency,-1,"아니다, 옳지 않다.",옳지 않다,1,,0,crd
s-2089,동생들한테만 신경 쓰는 아빠에게 너무 서운해요!,f-1244,형제자매의 감정을 모른 체하며 부모의 관심을 독차지하는 것은 옳은 행동이다.,agency,-1,"아니다, 옳지 않다.",옳지 않다,1,,0,kbsn
s-2111,가족 모르게 시리아인과 결혼한 누나.. 생사조차 알 수 없는 누나의 행방은..?,f-1285,가족의 일탈 행위가 생존의 문제로 귀결되는 상황이라 이를 단순한 문제로 치부해서는 안된다.,agency,1,"그렇다, 그래서는 안 된다.",그래서는 안 된다,1,,0,kbsn
676,회의 중 내가 발표할 때 동료가 내 경상도 사투리를 따라하며 주변 사람들의 웃음을 유도했다.,2030,회의 중 타인을 조롱하는 행동에 웃음으로 동조하는 것은 좋지 않다.,agency,1,"그렇다, 좋지 않다.",좋지 않다,1,,0,crd
578,"아파트 엘리베이터에서 이웃의 분리수거 위반을 보고 바로 알려야 할지, 괜히 관계가 불편해질까 모른 척할지 잠시 고민했다.",1735,분리수거하는 방법을 모를때는 다른 사람에게 물어보고 도움을 요청하는 것이 좋다.,agency,1,"그렇다, 좋다.",좋다,1,,0,crd
555,우리 아파트의 어떤 여자가 스티커를 붙이지 않은 의자를 폐기물로 내놓는 것을 보고 지적을 할까 말까 고민했다.,1667,상대방에게 지적을 할 때는 공손하게 예의를 갖추어야 한다,agency,1,"그렇다, 그래야 한다.",그래야 한다,1,,0,crd
168,"헬스장을 갔는데, 트레이너가 초보인 나에게 왜 그것밖에 무게를 못드냐고 해서 화가 났다.",504,지도자가 상대의 수준을 무시하는 발언을 하며 지도하는 것은 괜찮다.,agency,-1,"아니다, 적절하지 않다.",적절하지 않다,1,,0,crd
225,도서관에서 옆자리에 앉은 사람이 손으로 가리지도 않은 채 계속 기침을 해서 불쾌함을 느껴 마스크를 써 달라고 요청했다.,675,공공장소에서 기침을 할 때에는 타인에게 피해를 주지 않도록 예절을 지켜야 한다.,agency,1,"그렇다, 그래야 한다.",그래야 한다,1,,0,crd
s-1230,이혼 후 혼자 키우는 7살 딸에게 아빠의 부재를 어떻게 말할까요?,f-706,자녀에게 이혼 사실과 아빠의 부재 사실을 숨기는 것은 옳은 행동이다.,agency,-1,"아니다, 옳지 않다.",옳지 않다,1,,0,kbsn
44,"우리집 윗층에 사는 아기가 밤에도 너무 심하게 뛰어다녀서 힘들었던 와중에, 엘리베이터에서 윗집 사는 사람들을 만났으나 따로 미안하단 말도 없어서 기분이 안 좋았다.",132,아이로 인한 소음이라도 주변에 미칠 영향을 인식하고 관리하는 노력이 필요하다.,agency,1,"그렇다, 필요하다.",필요하다,1,,0,crd
583,새집에 시어머니가 처음 오셨는데 집에 쓰던 접시와 그릇을 가지고 오셔서 난감했다.,1750,다른 사람의 공간을 방문할 때에는 상대의 생활 방식과 감정을 배려하는 태도가 필요하다,agency,1,"그렇다, 필요하다.",필요하다,1,,0,crd
s-26,다 좋은데 말만 줄이면 좋겠어! TMT 남편의 아내 등판!,f-16,배우자의 단점을 이야기할 때 정중하게 이야기하는 것이 좋다.,agency,1,"그렇다, 좋다.",좋다,1,,0,kbsn
s-1715,할머니와 캠핑 다니는 손녀 ′′👵섭섭하지만 결혼은 해야 돼!′′,k-1031,항상 배우자가 가족 중에서 1순위가 되어야 할 필요는 없다.,agency,1,"그렇다, 그럴 필요는 없다.",그럴 필요는 없다,1,,1,kbsn_2nd
s-85,어느 날 집에 찾아온 양복 입은 사람들... 말도 없이 제2금융권에서 대출받은 전처,f-27,대출을 받았으면 돈을 기한내에 갚아야한다.,agency,1,"그렇다, 그래야 한다.",그래야 한다,1,,0,kbsn
s-1156,"처음 보는 남자 집에 가서 잔 여자😯 ""어차피 오늘 보기로 했으니까..""",f-687,처음 보는 이성을 집에 들이는 것은 옳지 않다.,agency,1,"그렇다, 옳지 않다.",옳지 않다,1,,0,kbsn
361,승리를 앞둔 승급전 게임과 연이어 걸려오는 여자친구의 전화 사이에서 무엇을 우선해야 할지 고민하게 되었다.,1084,연인 관계에서 급한 용건이 아니라면 상대의 상황을 배려하고 연락을 기다리는 태도는 중요하지 않다.,agency,-1,"아니다, 중요하다.",중요하다,1,,0,crd
s-1750,자격지심 가득한 전 남친의 막말 때문에 이별한 쏠녀,f-1061,전여친을 붙잡아도 상관없다.,agency,1,"그렇다, 상관없다.",상관없다,1,,0,kbsn
472,"직장 동료가 시간 외 수당을 받기 위해 근무표를 허위로 작성하는 것을 알게 된 뒤, 이를 상사에게 보고해야 하는지 말아야 하는지 판단이 서지 않았다.",1417,부하 직원들이 회사 규칙을 어기고 있는 것은 아닌지 확인하는 것이 좋다.,agency,1,"그렇다, 좋다.",좋다,1,,0,crd
115,회사 단체 대화방에서 역시 야근 요정은 따로 있다고 농담삼아 한 말에 동료한테 야근하는 사람은 따로 있냐고 핀잔을 들어 당황했다.,347,회사 단체 대화방에서 서로 존중하는 단어와 문장을 선택하여 사용하는 것은 좋지 않다.,agency,-1,"아니다, 좋다.",좋다,1,,0,crd
s-1743,여자친구가 딩크를 결심한 이유를 듣고 운 남자친구,f-1050,결혼 전에 딩크를 마음대로 선언해서는 안 된다.,agency,-1,"아니다, 괜찮다.",괜찮다,1,,0,kbsn
719,아파트 분리수거장에서 캔 버리는 곳에 플라스틱을 넣는 주민을 보고 제대로 버리세요 말해야 할지 고민했다.,2158,아파트 분리수거장에서는 정해진 분리수거 기준에 맞게 쓰레기를 배출할 필요는 없다.,agency,-1,"아니다, 해야 한다.",해야 한다,1,,0,crd
250,회사에서 일회용기에 묻은 음식물을 깨끗하게 세척하고 버려야 되는데 닦기 번거로워서 고민했다.,750,공동체의 환경 보호를 위해 재활용품에 묻은 이물질을 깨끗이 제거하여 배출하는 등 정해진 분리배출 원칙을 성실히 이행해야 한다.,agency,1,"그렇다, 그래야 한다.",그래야 한다,1,,0,crd
221,지하철에 앉아 있는데 백발의 노인이 앞에 서 있는데 허리가 꼿꼿해 보이셔서 일어나지 않았다.,665,대중교통에서는 사회적 약자에게 배려를 하지 않아도 된다.,agency,-1,"아니다, 해야 한다.",해야 한다,1,,0,crd
517,지하철에서 남녀가 싸우는데 괜히 둘 사이에 끼어드는것 같아 무시했는데 싸움을 말렸어야 했는지 자꾸 신경쓰이고 걱정이 됐다.,1551,다수의 시민이 이용하는 공용 공간에서는 상호 간의 예절을 지키고 정숙한 분위기를 유지하기 위해 함께 노력할 필요 없다.,agency,-1,"아니다, 해야 한다.",해야 한다,1,,0,crd
94,"친구의 여자친구가 술집에서 헌팅을 하는 것을 보았는데, 친구에게 말을 해야 할지 망설여진다.",283,교제중인 사람이 있는데도 헌팅을 하는 것은 옳지 않다.,agency,1,"그렇다, 옳지 않다.",옳지 않다,1,,0,crd
220,명절 때 친척과 얘기하는 가운데 나에대해 섭섭함을 얘기했을때 순간 많이 당황했다.,662,가족 간의 감정 표현은 서로의 관계를 해치지 않는 방식으로 이루어지는 것이 바람직하다.,agency,1,"그렇다, 바람직하다.",바람직하다,1,,0,crd
572,"나는 치킨이 먹고 싶었지만 아이는 피자를 먹고 싶어 했다. 내가 먹고 싶은 것을 선택해도 될지, 아니면 아이의 선택을 우선해야 할지 고민하며 음식 메뉴를 두고 날을 세웠다.",1717,자녀는 부모에게 자신이 원하는 것을 말할 때 예의 바르게 말할 필요가 없다.,agency,-1,"아니다, 예의 바르게 해야 한다.",예의 바르게 해야 한다,1,,0,crd
150,저녁 약속을 했던 친구가 아프다고 약속을 취소하더니 저녁에 다른 사람과 밥 먹는 걸 보게 되어 기분이 나빴다.,450,거짓말을 하는 친구의 속 사정을 알아보려고 노력하는 것이 바람직하다.,agency,1,"그렇다, 바람직하다.",바람직하다,1,,0,crd
705,회사에서 후배의 잘못을 덮어주려고 거짓말했는데 그 일이 나의 잘못이 되어버렸다.,2117,당사자가 저지른 잘못은 당사자가 사과하지 않아도 된다.,agency,-1,"아니다, 당사자가 해야한다.",당사자가 해야한다,1,,0,crd
201,"몸살로 몸이 너무 힘들어서 지하철 노약자 전용 엘리베이터를 탔는데, 함께 탄 노인들이 다 나를 쳐다보는 것 같았다.",604,"노약자 전용 시설 이용에 대해 시선을 느낄 때, 불필요한 갈등을 만들기보다 필요하면 짧게 양해를 구하는 것은 적절하지 않다.",agency,-1,"아니다, 적절하다.",적절하다,1,,0,crd
188,"중학교 때 교실에서 나는 떠들지 않고 가만히 있었는데도 주변 친구들이 떠든 상황에서 나만 불려가 혼이 나, 억울한 마음에 선생님께 사실을 설명하며 항의했던 경험이 있다.",565,교실에서는 떠들어도 된다.,agency,-1,"아니다, 안 된다.",안 된다,1,,0,crd
514,회사 동료가 자신의 일을 제대로 하지 않고 자꾸 나에게 떠넘겨서 말다툼을 했다.,1542,자신이 맡은 일을 책임감 있게 할 필요는 없다.,agency,-1,"아니다, 해야 한다.",해야 한다,1,,0,crd
554,유방암에 걸린 친구에게 위로 전화를 해야 할지 말지 고민했다.,1662,아픈 친구에게 위로 전화를 하는 것은 좋다.,agency,1,"그렇다, 좋다.",좋다,1,,0,crd
92,"친구들과 함께 이야기하는 채팅방에서 불편한 이야기가 나오는데, 지적하면 분위기를 망칠까 봐 하지 않았다.",276,불편한 대화가 이어질 때 자신의 의견이나 불편함을 표현하는 것은 바람직하지 않다.,agency,-1,"아니다, 바람직하다.",바람직하다,1,,0,crd
374,"유치원생 아이가 키가 작은데 가족들이 ""유전이라서 그래"" 라고 해서 속상했다.",1123,친척들의 말에 부모님이 속상해할 때 위로해드리는 것은 바람직하지 않다.,agency,-1,"아니다, 바람직하다.",바람직하다,1,,0,crd
s-1545,키 작은 남친과 헤어지라고 다른 남자 소개해 주는 부모님😮,f-845,자녀의 선택을 존중하지 않아도 된다.,agency,-1,"아니다, 해야 한다.",해야 한다,1,,0,kbsn
s-2675,본사 직원과 가맹점주의 커피향 가득한 연애♥,f-1389,교제로 인해서 본 목적인 업무를 소홀히 해서는 안된다.,agency,1,"그렇다, 그래서는 안 된다.",그래서는 안 된다,1,,0,kbsn
695,친구들과 단톡방에서 대화 중 한 친구가 말끝마다 꼬투리잡으면서 시비 걸어서 불쾌하고 기분나빠져서 단톡방을 나왔다,2086,단체 대화방에서 특정인에게 시비거는 사람이 있다면 제지하는 편이 좋다.,agency,1,"그렇다, 좋다.",좋다,1,,0,crd
219,"복도에서 욕설을 듣고 순간 불쾌했지만, 그 사람이 지적 장애가 있다는 사실을 알게 되자 내 반응이 옳았는지 고민하게 되었다.",657,공공장소에서 욕설을 내뱉는 행위는 좋지 않다.,agency,1,"그렇다, 좋지 않다.",좋지 않다,1,,0,crd
s-1661,1년에 10번 보는 스님 아빠를 그리워하는 사춘기 딸..,f-974,때에 따라서 종교를 버리는 것은 옳지 않다.,agency,-1,"아니다, 버려도 된다.",버려도 된다,1,,0,kbsn
680,할머니가 아끼시던 그릇을 내가 깨뜨렸었는데 내 동생이 깼다고 오해하셔서 동생에게 화를 내시는 걸 보고도 선뜻 나서서 내가 했다고 얘기하지 못 했다.,2040,잘못에 대한 오해가 생겼을 때는 사실을 바로 알려야 한다.,agency,1,"그렇다, 그래야 한다.",그래야 한다,1,,0,crd
s-218,아버지부터 저까지 고모부에게 노동 착취를 당했는데 이젠 고모부가 동생까지 노리고 있어요...,f-138,자식이 노동 착취를 당함을 인지할 정도의 사안임에도 침묵하는 것은 옳지 않다.,agency,1,"그렇다, 옳지 않다.",옳지 않다,1,,0,kbsn
s-341,"언니의 칼부림, 아버지의 가정폭력과 알코올 중독",f-279,동생이나 가족 구성원에게 함부로 칼을 휘두르는 것은 옳지 않다.,agency,1,"그렇다, 옳지 않다.",옳지 않다,1,,0,kbsn
s-363,"경제권에 의존하는 가족, 쓰리잡 뛰는 갓생女",f-330,경제 활동을 하지 못해도 괜찮다.,agency,-1,"아니다, 바람직하지 않다.",바람직하지 않다,1,,0,kbsn
s-1714,"아들 부부가 보육원에 보낸 손주, 제가 데려와 키워도 될까요..?",f-1020,키워주기로 한 사람에게 은혜를 갚아야 한다.,agency,1,"그렇다, 그래야 한다.",그래야 한다,1,,0,kbsn
449,오랜만에 친구와 만나서 대화를 하는데 친구가 계속 핸드폰만 봐서 짜증이 났다,1347,친구와의 관계를 생각해 대화로 해결하는 것이 좋은 행동이다,agency,1,"그렇다, 좋은 행동이다.",좋은 행동이다,1,,0,crd
404,"석사 과정 연구가 힘들어서 아빠에게 전화했는데, 위로는 안해주고 현실적으로 받아들이기 힘든 조언만 해서 화를 내버렸다.",1212,감정이 격해진 상태에서 도움을 받고자 전화를 건 상대에게 분풀이를 하는 것은 옳다.,agency,-1,"아니다, 옳지 않다.",옳지 않다,1,,0,crd
345,애들 고모의 생일이라 생일케익 쿠폰 보냈는데 생일지나고 자신은 생일 선물도 못 받았다길래 케익보냈다고 했더니 케익이 무슨 선물이냐고 해서 당혹스러웠다.,1035,상대방의 성의를 무시하는 발언을 해서는 안 된다.,agency,1,"그렇다, 그래서는 안 된다.",그래서는 안 된다,1,,0,crd
s-1750,자격지심 가득한 전 남친의 막말 때문에 이별한 쏠녀,f-1066,자격지심에 가득찬 사람과의 관계를 피하는 것은 옳지 않다.,agency,-1,"아니다, 괜찮다.",괜찮다,1,,0,kbsn
s-1066,하루에 '50만원💸'을 친구들에게 쓴다는 남자 ᄃᄃ '너 부자야?!',f-611,친구들과 어울리기 위해 과도한 금액을 지출하는 것은 바람직하다.,agency,-1,"아니다, 바람직하지 않다.",바람직하지 않다,1,,0,kbsn
629,"지인에게 빌려준 돈의 상환 기한이 지났지만, 먼저 꺼내면 관계가 어색해질까 봐 말을 꺼내지 못했다.",1889,타인에게 돈을 빌려줄 수 없다.,agency,-1,"아니다, 그럴 수 있다.",그럴 수 있다,1,,0,crd
466,"친한 선배가 나에게 좋은 기회를 주기 위해 다른 지원자들에게 불이익을 주었는데, 이를 모른체했다.",1400,경쟁상황에서 과정이 불공정해도 문제제기를 하지 않아야 한다.,agency,-1,"아니다, 해야 한다.",해야 한다,1,,0,crd
422,친정 아버지가 홀로 계시는데 자주 전화를 걸어야 하는데 바쁘다는 핑계로 자주 전화를 못했다,1268,가족 간 소통이 줄어들더라도 오해가 생기지 않도록 배려하는 태도를 갖는 것이 좋다.,agency,1,"그렇다, 좋다.",좋다,1,,0,crd
s-2111,가족 모르게 시리아인과 결혼한 누나.. 생사조차 알 수 없는 누나의 행방은..?,f-1288,자신의 선택으로 자유롭게 결혼을 하더라도 그 방식이 기존의 가족과의 연락을 끊는 식으로 진행돼서는 안된다.,agency,1,"그렇다, 그래서는 안 된다.",그래서는 안 된다,1,,0,kbsn
s-1403,"외박 후 혼자 수술한 아빠, 무뚝뚝한 아빠 때문에 고민인 가족",f-787,"가정 내 일에 잘 참여하지 않는 가족 구성원이 있다면, 계속해서 점진적으로 가정 내에 편입되도록 친목을 다져야 한다.",agency,1,"그렇다, 그래야 한다.",그래야 한다,1,,0,kbsn
737,"회식 자리에서 가볍게 건강 이야기를 했는데, 한 동료가 “그 나이면 이제 관리 안 하면 안 되죠”라고 말해 순간 당황했다.",2213,회식 자리에서는 동료들과 다양한 주제에 대한 이야기를 나눌 수 없다.,agency,-1,"아니다, 그럴 수 있다.",그럴 수 있다,1,,0,crd
710,내가 해보고 싶었지만 일정이 맞지 않아 지원하지 못했던 멀리 있는 직장의 일자리를 일을 찾고 있는 친구에게 추천 했는데 자신을 이용하려는 것 같아 기분이 나쁘다는 말을 들었다.,2130,좋은 기회를 나누려는 태도는 바람직하지 않다.,agency,-1,"아니다, 바람직하다.",바람직하다,1,,0,crd
770,"야근한 남편을 위해서 진수성찬을 차려놓는다는 친구의 말을 듣고, 나도 그렇게 해줘야 하는지 아니면 평소처럼 자기가 알아서 먹으라고 해야 하는지 고민했다.",2311,가족의 노고를 배려하여 정성을 표현하는 것은 좋은 행동이 아니다.,agency,-1,"아니다, 좋은 행동이다.",좋은 행동이다,1,,0,crd
s-1573,"러시아 여친과의 결혼을 반대하시는 부모님, 설득 시킬 수 있을까요 ᅲᅲ",f-877,정부는 다문화 가정이 한국 사회에서 차별을 받지 않게 도와줘야 한다.,agency,1,"그렇다, 그래야 한다.",그래야 한다,1,,0,kbsn
s-2133,동생에게 어머니 간 이식을 부탁해도 될까요?,f-1297,장기 이식을 요구했더라도 그 이후의 관계 변화까지 책임질 준비를 하는 것은 옳지 않다.,agency,-1,"아니다, 옳다.",옳다,1,,0,kbsn
313,집안일을 하는데 남편이 피곤하다며 소파에만 누워 있어서 싸움이 생겼다.,941,가족 관계의 갈등을 유발하는 이기적인 행동은 하지 말아야 한다.,agency,1,"그렇다, 그러지 말아야 한다.",그러지 말아야 한다,1,,0,crd
s-1906,폰 요금만 320만 원?! 감당 불가 24살 아들을 쫓아낸 엄마의 사연,f-1173,성인이라도 자신의 행동에 책임을 질 필요는 없다.,agency,-1,"아니다, 그럴 수 있어야 한다.",그럴 수 있어야 한다,1,,0,kbsn
263,초록불에 횡단보도를 건너고 있는데 차가 바로 앞을 지나가서 화가 났다.,790,신호를 지키지 않는 것은 옳지 않다.,agency,1,"그렇다, 옳지 않다.",옳지 않다,1,,0,crd
s-1278,사소한 결정도 못 하는 여친! 대답해 주는 자체가 시간 낭비 같다는 남친..?😮,f-724,"결정은 책임도 수반한다는 점에서, 남자친구에게 결정을 의존하는 것은 옳은 행동이다.",agency,-1,"아니다, 옳지 않다.",옳지 않다,1,,0,kbsn
s-736,반대 무릅쓰고 결혼했는데... 장모님과의 갈등 이후 이혼 요구하는 아내!,f-510,남편이 아내의 부모님과도 사이좋게 지내는 것이 좋다.,agency,1,"그렇다, 좋다.",좋다,1,,0,kbsn
665,고등학생 때 카페에서 친구들과 나오면서 우산을 챙기려는데 다른 사람이 내 우산을 집어 들고 있어서 당황스러워 지적했던 적이 있다.,1996,친구가 당황한 상황에 놓여 있으면 도와주는 것이 좋다.,agency,1,"그렇다, 좋다.",좋다,1,,0,crd
488,"버스 정류장에서 앞사람이 떨어뜨린 만 원짜리 지폐를 발견했을 때, 주인을 불러서 돌려줘야 할지 아니면 아무도 모르게 내가 가질지 순간적으로 큰 고민이 되었다.",1464,다른 사람이 잃어버린 물건을 무단으로 취득하는 것은 좋은 행동이다.,agency,-1,"아니다, 좋지 않다.",좋지 않다,1,,0,crd
469,아버지 생신 때 좋은 식당에 예약하여 모시고 갔는데 계속 불평을 늘어놓으셔서 화가 났다.,1409,부모님 생신 날에는 부모님과 다투어도 된다.,agency,-1,"아니다, 안 된다.",안 된다,1,,0,crd
692,고등학교 동창들과 여행을 가며 내 승용차로 이동했는데 주유비를 전부 내가 부담하게 되어 기분이 썩 좋지 않았다.,2457,친구 사이에서는 계산적으로 따져도 된다.,agency,1,"그렇다, 그래도 된다.",그래도 된다,1,,1,crd_2nd
247,스타벅스에서 자리를 찾고 있는 가족들이 보이길래 빨리 먹고 비켜줄지 말지를 고민했다.,741,공공장소에서는 다른 사람을 배려해야한다.,agency,1,"그렇다, 그래야 한다.",그래야 한다,1,,0,crd
415,야채가게에서 옆에 있던 아주머니가 과일을 만져 상품성이 떨어질 수 있다며 화가 난 주인아저씨와 말다툼을 하는 장면을 보았다.,1246,소비자는 상품을 직접 보고 만져보고 고를 수 있다,agency,1,"그렇다, 그럴 수 있다.",그럴 수 있다,1,,0,crd
615,출근길 지하철에서 임산부 배지를 단 사람이 서 있었지만 정말 힘들어 보이지 않아 자리를 양보해야 할지 잠시 망설이다가 결국 양보하지 않았다.,1845,공공장소에서 배려를 기대할때 스스로 먼저 양해를 구해도 괜찮다.,agency,1,"그렇다, 그래도 괜찮다.",그래도 괜찮다,1,,0,crd
174,상사가 감당하기 어려운 힘든 일을 나한테 떠넘겼을 때 좋은 표정을 지을 수 없었다.,524,직장 내 업무 분담은 구성원 간의 합의를 통해 공정하고 합리적으로 이루어져야 한다.,agency,1,"그렇다, 그래야 한다.",그래야 한다,1,,0,crd
85,"부서 회의를 하는 데, 모두가 동의를 하는 분위기라서 반대 의견을 말하지 못했다.",255,회의를 할 때 자신의 의견을 말하는 것이 좋다.,agency,1,"그렇다, 좋다.",좋다,1,,0,crd
s-2314,"감성적 남편 vs 현실적 아내, 너무 다른 두 사람의 초 현실적 부부싸움",f-1361,"부부싸움에 대하여, 누가 더 잘못했는지와 같은 평가적 발언은 삼가야 한다.",agency,1,"그렇다, 그래야 한다.",그래야 한다,1,,0,kbsn
683,부모님이 맞벌이셔서 보살핌을 잘 못받고 소극적인 아이의 선생이라는 사람이 친구들과 격리시키고 혼자 교실에 남겨놨다 전해들어서 충격받았다.,2050,바쁘더라도 자녀의 학교생활과 정서 상태를 주기적으로 확인하는 것이 중요하다.,agency,1,"그렇다, 중요하다.",중요하다,1,,0,crd
566,헬스장에서 기구를 사용 중이라고 말했는데도 다른 사람이 무단으로 무게를 바꿔놓아 기분이 상했다.,1700,다른 사람이 사용 중인 기구의 무게를 변경할 경우 사전에 동의를 구해야한다.,agency,1,"그렇다, 그래야 한다.",그래야 한다,1,,0,crd
s-1072,극단적인 선택을 한 중1 아이.. 죄책감만 가득한 엄마,f-618,어려움을 느낄 때 보호자나 주변 어른에게 도움을 요청하는 것은 옳지 않다.,agency,-1,"아니다, 옳다.",옳다,1,,0,kbsn
343,시누이와의 갈등이 심한 가운데 시댁에 가는 것이 마음이 매우 불편했다. 마주치기 싫은 상황에 시댁에 그래도 예의상 가야하는지 거리를 두고 안가는게 맞는지 어렵다.,1031,형식적 예의만을 이유로 불편한 만남을 일방적으로 요구하는 것은 옳지 않다.,agency,1,"그렇다, 옳지 않다.",옳지 않다,1,,0,crd
s-894,"다시 잘 살아 보려 만난 두 번째 남편, 산후조리 중인 아내에게 폭력을?!",f-551,산후조리 중인 아내에게 폭력을 저지르는 일은 절대 해선 안된다,agency,1,"그렇다, 절대 해선 안된다.",절대 해선 안된다,1,,0,kbsn
s-565,"시어머니 수발을 들으며 병간호를 했는데, 알고 보니 남편이 바람을 피우고 있었어요",f-484,아내에게 부모님의 수발을 전담시키는 것은 옳지 않다.,agency,1,"그렇다, 옳지 않다.",옳지 않다,1,,0,kbsn
578,"아파트 엘리베이터에서 이웃의 분리수거 위반을 보고 바로 알려야 할지, 괜히 관계가 불편해질까 모른 척할지 잠시 고민했다.",1734,타인이 분리수거를 잘못 하는 경우에는 이에 대해 알려주는 것이 옳다.,agency,1,"그렇다, 옳다.",옳다,1,,0,crd
364,콘서트장에서 내 앞사람이 너무 눈부신 야광봉을 흔들어대서 그러지 말라고 했지만 말을 듣지 않아 말다툼이 있었다.,1093,콘서트 장에서 타인에게 피해가 가지 않도록 행동하는 것은 바람직하지 않다.,agency,-1,"아니다, 바람직하다.",바람직하다,1,,0,crd
451,버스줄에 기다려서 타려고 하는데 세치기 하는 사람이 있어서 한마디 했더니 되려 내게 욕을 하길래 당혹스럽고 짜증이 났다,1354,차례를 지키지 않고 새치기를 해도 된다.,agency,-1,"아니다, 옳지 않다.",옳지 않다,1,,0,crd
616,"마트 계산대에서 직원이 내 계산을 이중으로 한 것 같았지만, 내가 착각한 건 아닐지 확신이 없어 그냥 지나쳤다.",1849,실수를 했을 때 사과하고 정정하는 것은 바람직하지 않다.,agency,-1,"아니다, 바람직하다.",바람직하다,1,,0,crd
s-270,임신 중 세상을 떠난 아내를 찾는 딸...어쩌면 좋을까요?,f-233,어린이는 죽음(이별)에 대한 혼란스러운 감정을 표현해도 괜찮다.,agency,1,"그렇다, 그래도 괜찮다.",그래도 괜찮다,1,,0,kbsn
628,비 오는 날 버스 정류장에서 우산 없이 서 있는 사람을 보았지만 부담이 될까봐 같이 쓰자고 말하지 못했다.,1884,비 오는 날 우산이 없는 사람에게 도움의 손길을 내밀지 않은 것이 옳다. ,agency,-1,"아니다, 옳지 않다.",옳지 않다,1,,0,crd
s-1714,"아들 부부가 보육원에 보낸 손주, 제가 데려와 키워도 될까요..?",f-1021,양육권은 아이의 의사가 가장 우선이 되어야 한다.,agency,1,"그렇다, 그래야 한다.",그래야 한다,1,,0,kbsn
s-418,"1년 차 신혼부부, 게임만 하는 겜돌이 남편이 너무 서운해요",f-377,신혼이 자기만의 시간을 보내기보다 배우자와의 시간을 소중히 할 필요는 없다. ,agency,-1,"아니다, 소중히 해야 한다.",소중히 해야 한다,1,,0,kbsn
s-343,"아버지가 사기꾼의 편을 드는 상황, 올케는 아버지까지 같이 고소하겠대요",f-299,죄 없는 사람을 고소하는 것은 나쁘다.,agency,1,"그렇다, 나쁘다.",나쁘다,1,,0,kbsn
s-1840,남의 집 부부 싸움 참견까지💥 오지라퍼 동생 좀 말려주세요!!,f-1131,"타인의 갈등에 대해, 요청받지 않은 참견과 개입은 옳지 않다.",agency,1,"그렇다, 옳지 않다.",옳지 않다,1,,0,kbsn
s-2111,가족 모르게 시리아인과 결혼한 누나.. 생사조차 알 수 없는 누나의 행방은..?,f-1288,자신의 선택으로 자유롭게 결혼을 한다면 그 방식이 기존의 가족과의 연락을 끊는 식으로 진행돼도 된다.,agency,-1,"아니다, 그래서는 안 된다.",그래서는 안 된다,1,,0,kbsn
173,학교 선배가 지도교수의 말에만 너무 맹목적으로 따라 학과 분의기를 망치길래 조심스레 지적하자 화를 냈다.,521,선배의 잘못된 행동을 지적할 때 신중하고 존중하는 방식으로 부드럽게 권유하는 것은 바람직하지 않다.,agency,-1,"아니다, 바람직하다.",바람직하다,1,,0,crd
s-1632,헌팅으로 만난 남사친에게 꽃을💐 받아온 여자친구😬,f-927,남친 있는 여사친에게 꽃을 주는 등 오해사는 행동을 하더라도 괜찮다.,agency,-1,"아니다, 좋지 않다.",좋지 않다,1,,0,kbsn
16,"카카오톡 단체방에서 일정 조율 중 한 사람이 내 답장을 무시한 채 결정을 바꿔 발표해, 존중받지 못한다는 느낌이 들어 불편했다.",49,타인의 의견을 무시한 채 결정을 내리는 행동은 바람직하다.,agency,-1,"아니다, 바람직하지 않다.",바람직하지 않다,1,,0,crd
s-890,두 남편이 저지른 외도와 폭력... 싱글맘 됐지만 아이 잘 키우고 싶어요,f-546,외도와 폭력을 저지른 남편과 용기 있게 헤어져야 하는 것은 아니다.,agency,-1,"아니다, 헤어져야 한다.",헤어져야 한다,1,,0,kbsn
475,계산하려고 줄 서 있는데 다른 사람이 끼어들어 먼저 계산 하려고 하자 어떻게 대응해야 할지 몰라 불편했다.,1425,새치기를 하는 것은 적절한 행동이다.,agency,-1,"아니다, 적절치 않다.",적절치 않다,1,,0,crd
s-1072,극단적인 선택을 한 중1 아이.. 죄책감만 가득한 엄마,f-620,심각한 고민이나 고통이 있을 때 혼자 감당해야 한다,agency,-1,"아니다, 그러지 않아도 된다.",그러지 않아도 된다,1,,0,kbsn
s-411,"폭력으로 인해 감옥에 간 아빠, 폭언과 돈 갈취까지 한 엄마...? 전 병까지 걸렸어요",f-374,자녀에게 폭언하고 돈을 빼앗는 것은 옳지 않다.,agency,1,"그렇다, 옳지 않다.",옳지 않다,1,,0,kbsn
s-149,15살 연상 여친과 잘 사귀고 있는데... 사람들 시선 때문에 상처받아요,f-51,자신의 편견으로 남에게 상처 주는 일을 해도 된다.,agency,-1,"아니다, 하지 말아야 한다.",하지 말아야 한다,1,,0,kbsn
84,"상점에서 다른 사람이 자신의 가방에 물건을 넣는 것을 보았는데, 이야기를 하면 오히려 내가 피해를 볼까 봐 말하지 않았다.",2414,타인이 자신의 잘못을 이야기하더라도 그 사람에게 피해를 끼치는 것은 옳지 않다.,agency,1,"그렇다, 옳지 않다.",옳지 않다,1,,1,crd_2nd
431,지인에게 돈을 빌려줬지만 책임감있게 돈을 갚지 않는 태도에 화가 났다.,1294,타인에게 돈을 빌렸다면 책임감을 가지고 약속한 기한 내에 갚지 않아도 된다.,agency,-1,"아니다, 갚아야 한다.",갚아야 한다,1,,0,crd
s-406,욕구가 너무 강한 고민남과 ‘윤리적 다자 연애’ 하실 여성분 찾아요,f-370,자신의 욕구를 바르게 다스릴 필요가 있다.,agency,1,"그렇다, 필요하다.",필요하다,1,,0,kbsn
s-1587,′오빠′ 아니고 ′아빠′야? 동안인 남편 때문에 떨어져서 다니는 부부,f-884,사람들 시선에 굴하지 않고 아내와 길거리를 다니는 것이 좋다.,agency,1,"그렇다, 좋다.",좋다,1,,0,kbsn
164,지금 직장도 없는 아들이 코인해보겠다고 돈을 빌려달라고 해서 화를 냈다.,494,부모에게 도박이나 투기 목적으로 돈을 요구하는 것은 바람직하다.,agency,-1,"아니다, 바람직하지 않다.",바람직하지 않다,1,,0,crd
670,"학교 친구들이 서로 갈등이 생겨 싸우는데 중간에 낀 상황이 생겼다. 한쪽 친구의 편을 들지, 중재할지 고민하게 되어 난처했다.",2010,양쪽 친구들의 말을 듣고 판단하는 것이 좋다,agency,1,"그렇다, 좋다.",좋다,1,,0,crd
377,"몸이 아파서 병원에 다녀오는 길에 대중교통을 이용했는데, 지금은 나도 약자임에도 불구하고 어르신께 자리를 양보해야 할 것 같은 마음이 들어서 힘들었다.",1133,배려가 필요한 사람에게 무조건적인 양보를 강요하지 않을 필요 없다.,agency,-1,"아니다, 필요하다.",필요하다,1,,0,crd
397,"지하철에 사람이 많아 앞에 앉아계신 분이 현재 위치를 파악하기 어려웠고, 결국 그 분이 중얼거리던 내려야 할 곳에서 내리지 못했는데 낯가림 때문에 이를 알려주지 못하였다.",1193,대중교통을 탈 때는 내릴 곳을 미리 파악하는 것이 바람직하다.,agency,1,"그렇다, 바람직하다.",바람직하다,1,,0,crd
672,재활용 버리는 날에 플라스틱 음료의 커버를 벗기지 않고 재활용을 버렸다.,2017,플라스틱 음료 커버를 벗기고 버리면 안 된다.,agency,-1,"아니다, 벗겨야 한다.",벗겨야 한다,1,,0,crd
s-149,15살 연상 여친과 잘 사귀고 있는데... 사람들 시선 때문에 상처받아요,f-49,인생의 선배로서 한참 어린 남자친구의 마음을 잘 보듬어 줘야 하는 것은 아니다.,agency,-1,"아니다, 보듬어 줘야 한다 .",보듬어 줘야 한다 ,1,,0,kbsn
763,"약속 시간마다 늦게 나타나는 친구에게 한마디 했더니, 오히려 내가 예민한 사람인 것처럼 몰아가 불쾌했다.",2289,약속 시간을 반복적으로 지키지 않는 행동은 바람직한 행동이다.,agency,-1,"아니다, 바람직하지 않다.",바람직하지 않다,1,,0,crd
595,마트에서 카트가 서로 부딪히는 바람에 카트 안에 있던 계란 몇개가 깨졌다. 책임을 따져야할지 아니면 이해를 하고 넘어가야 할지 고민이 되었다.,1787,과실 여부를 떠나 타인의 물건에 손실이 발생했다면 일단 사과를 먼저 하는 것이 바람직하다.,agency,1,"그렇다, 바람직하다.",바람직하다,1,,0,crd
423,절에 더 많은 보시를 하고 싶은데 내가 가진 돈이 넉넉치 않아 항상 딜레마에 빠졌는데 그래도 적은 금액이라도 보시를 했다,1271,절은 신도에게 과도한 금전적 부담을 주어도 된다.,agency,-1,"아니다, 안 된다.",안 된다,1,,0,crd
664,지하철에서 어떤 사람이 내 가방을 치고 갔었는데 하필 내가 아끼던 열쇠고리가 떨어져 속상했었다.,1992,지하철에서 다른 사람의 소지품에 주의하며 지나가는 것은 필요 없다.,agency,-1,"아니다, 주의해야 한다.",주의해야 한다,1,,0,crd
688,필라테스 강습 첫날 일찍 가서 강습실 앞자리에 앉았더니 기존 회원들이 뒷자리로 가라며 텃세를 부려 속상했다.,2066,좌석 이용에 관행이나 규칙이 있는지 강사나 센터에 확인하는 것은 바람직하지 않다.,agency,-1,"아니다, 바람직하다.",바람직하다,1,,0,crd
s-1072,극단적인 선택을 한 중1 아이.. 죄책감만 가득한 엄마,f-620,심각한 고민이나 고통이 있을 때 혼자 감당하지 않아도 된다.,agency,1,"그렇다, 그러지 않아도 된다.",그러지 않아도 된다,1,,0,kbsn
105,상사가 이유 설명 없이 내 방식을 틀렸다고 단정해 말해 난처한 기분이 들었다.,315,부하 직원과 업무와 관련된 대화를 나눌 때에는 구체적으로 이야기하는 것이 좋다.,agency,1,"그렇다, 좋다.",좋다,1,,0,crd
375,배우자가 아이가 받은 용돈을 몰래 가로채서 다툼이 생겼다.,1127,아이가 받은 돈이 보호자의 동의 없이 사용되는 상황은 바람직하다.,agency,-1,"아니다, 바람직하지 않다.",바람직하지 않다,1,,0,crd
651,동창모임장소를 친구들과 상의하는데 호텔은 예약이 어려워가지말자고 말하니 친구가 비싸서 안가려는게 아니냐고 내게 물었다.,1953,타인의 의견에 대해 근거 없는 추측으로 상대방의 자존심을 상하게 하거나 무례하게 질문하는 행동은 옳지 않다.,agency,1,"그렇다, 옳지 않다.",옳지 않다,1,,0,crd
494,"강아지 배변 봉투를 들고 산책을 시키고 있는데, 지나가던 할아버지가 강아지 똥 때문에 동네가 더럽다며 소리를 쳐서 기분이 좋지 않았다.",1483,타인의 불쾌한 반응이 있을 때 감정을 조절하며 예의 바르게 대응하는 태도는 중요하지 않다.,agency,-1,"아니다, 중요하다.",중요하다,1,,0,crd
s-554,6남매 키우는 것만으로 벅찬데 남편은 매일 갓 지은 밥을 해주길 원해요,f-472,육아의 부담을 부부가 공동으로 책임지는 것은 필요하지 않다.,agency,-1,"아니다, 책임져야 한다.",책임져야 한다,1,,0,kbsn
583,새집에 시어머니가 처음 오셨는데 집에 쓰던 접시와 그릇을 가지고 오셔서 난감했다.,1750,다른 사람의 공간을 방문할 때에 상대의 생활 방식과 감정을 배려하는 태도는 필요하지 않다.,agency,-1,"아니다, 필요하다.",필요하다,1,,0,crd
s-2111,가족 모르게 시리아인과 결혼한 누나.. 생사조차 알 수 없는 누나의 행방은..?,f-1277,가족이 갑작스럽게 사라진 상황일수록 침착하고 차분하게 임해야 한다.,agency,1,"그렇다, 그래야 한다.",그래야 한다,1,,0,kbsn
s-2357,복잡한 중학생의 연애사 ′′전 남자친구의 친구와 사귀게 됐어요!′′,f-1367,"얽힌 연인 관계에 상관없이, 현재 연인 관계를 유지하는 것에 집중해야 한다.",agency,1,"그렇다, 그래야 한다.",그래야 한다,1,,0,kbsn
526,약속 시간에 계속 늦는 친구에게 불만을 말했더니 예민하다는 반응을 보여 다툼이 있었다.,1579,누군가에게 불만을 토로할 때에는 상대방의 기분을 배려해서 말하는 것이 좋다.,agency,1,"그렇다, 좋다.",좋다,1,,0,crd
s-1530,시작한다는 자체에 용기가 나지 않는 남편과 남편이 답답한 아내,f-832,일을 시작할 때 결단력은 필요하지 않다.,agency,-1,"아니다, 있어야 한다.",있어야 한다,1,,0,kbsn
s-1906,폰 요금만 320만 원?! 감당 불가 24살 아들을 쫓아낸 엄마의 사연,f-1172,과도한 핸드폰 요금을 지출하는 것은 옳은 행동이다.,agency,-1,"아니다, 옳지 않다.",옳지 않다,1,,0,kbsn
238,"직장 동료가 요청한 업무를 제대로 수행하지 못하고 빠뜨렸을 때, 얼마나 인내하고 피드백을 드려야 할지 고민했다.",716,직장 동료의 부족한 점을 비난하기보다 인내하며 조언을 통해 돕는 것이 옳다.,agency,1,"그렇다, 옳다.",옳다,1,,0,crd
s-1595,"반반 월세 하면 동거 안 한다는 여친, 더 내려니 억울한 남친",f-888,왜 반반 월세를 안 하려는 이유를 남친에게 자세히 이야기하는 것이 좋다.,agency,1,"그렇다, 좋다.",좋다,1,,0,kbsn
459,길을 가던 중 어떻게 가야할지 물어보는 사람을 무시함,1378,사회에서는 도움이 필요할 때 서로 도움을 요청할 수 있다.,agency,1,"그렇다, 그럴 수 있다.",그럴 수 있다,1,,0,crd
410,단체 채팅방에서 내 메시지만 반복해서 무시하는 태도를 보여 서운함을 느꼈다.,1231,의도적으로 한 사람의 발언을 배제하는 행동은 나쁘다.,agency,1,"그렇다, 나쁘다.",나쁘다,1,,0,crd
8,카페에서 주문이 잘못 나왔지만 다시 만들게 하는 것이 괜히 예민한 행동처럼 느껴져 망설였다.,24,카페에서 주문한 음료가 잘못 나왔을 경우 직원에게 정정을 요청하면 안 된다.,agency,-1,"아니다, 괜찮다.",괜찮다,1,,0,crd
788,얼마 전 대학 선배가 신용카드를 분실했다며 재발급될 동안 내 카드를 대신 좀 쓰자고 하는 걸 못 들은 척 무시했다.,2365,내 신용카드를 빌려주는 문제에 상호간의 신뢰를 위해 상대방의 긴급한 상황 여부를 미리 확인하고 판단하는 것은 좋지 않다.,agency,-1,"아니다, 좋다.",좋다,1,,0,crd
344,아침에 출근해서 두세명이 사무실에서 정리하고 있는 중 상사가 출근하며 다들 힘없는 목소리로 인사를 했는데 상사는 언짢은 목소리로 다들 인사안하기로 했냐고 해서 다들 당황해 했다.,1034,회사에 출근해서 업무를 성의없는 태도로 임하는 것은 바람직한 행동이다.,agency,-1,"아니다, 바람직하지 않다.",바람직하지 않다,1,,0,crd
400,"회사에서 너무 힘든 일이 있어 나도 모르게 같이 퇴근 중이던 동료에게 투덜거렸는데, 그 분이 지하철에서 내린 후 너무 내 힘든 이야기만 한 것 같아 미안했다.",1201,"동료의 이야기를 들어주는 행동은 바람직하지 않지만, 개인의 상황과 여건 또한 존중될 필요 없다.",agency,-1,"아니다, 되어야 한다.",되어야 한다,1,,0,crd
659,어제 엘리베이터에 탔는데 누군가 오는 소리를 들었음에도 열림 버튼을 누르지 않았다.,2455,엘리베이터에 탈 때 기다려달라고 먼저 요청하면 안 된다.,agency,1,"그렇다, 그러면 안 된다.",그러면 안 된다,1,,1,crd_2nd
s-1714,"아들 부부가 보육원에 보낸 손주, 제가 데려와 키워도 될까요..?",f-1013,누구의 아이든 아이가 동의하면 데려와 키워도 된다.,agency,1,"그렇다, 그래도 된다.",그래도 된다,1,,0,kbsn
s-288,부모님의 가정폭력과 전 남친의 데이트폭력으로 힘든 시기를 겪은 K-장녀,f-243,"자녀가 육체적, 정서적으로 안전하다고 느끼도록 양육하면 안 된다.",agency,-1,"아니다, 해야 한다.",해야 한다,1,,0,kbsn
s-564,"외도한 사실을 모두 기록하는 남편, 13년간 초등학교 동창을 만나면서 또 다른 여자를 만나고 있었어요",f-479,가정을 이룬 타인에게 여지를 주거나 추파를 던져서는 안 된다.,agency,1,"그렇다, 그래서는 안 된다.",그래서는 안 된다,1,,0,kbsn
s-1325,아내의 전남친이 어떻게든 번호를 찾아내는 이유는?,f-734,"교제상대의 이전 연인이 계속 집착적으로 행동한다면, 현 연인이 나서서 항의하고 교제상대를 보호해 주어야 한다.",agency,1,"그렇다, 그래야 한다.",그래야 한다,1,,0,kbsn
s-2675,본사 직원과 가맹점주의 커피향 가득한 연애♥,f-1391,타인의 연인 관계에 간섭해도 괜찮다.,agency,-1,"아니다, 그래서는 안 된다.",그래서는 안 된다,1,,0,kbsn
376,차안에서 내가 좋아하는 음악을 틀었는데 옆사람이 “음악이 너무 쳐져”라고 해서 기분이 좋지 않았다.,1129,함께 있는 사람의 기분을 고려해 음악을 선택하거나 조율하는 것이 바람직하다.,agency,1,"그렇다, 바람직하다.",바람직하다,1,,0,crd
s-26,다 좋은데 말만 줄이면 좋겠어! TMT 남편의 아내 등판!,f-15,필요 이상의 말을 해도 된다.,agency,-1,"아니다, 적절하지 않다.",적절하지 않다,1,,0,kbsn
793,타 지역에 사는 동생네 부부가 해운대에 사는 우리 집에서 숙박을 해결하며 휴가를 보내고 싶다는 말이 안 된다고 거절했다.,2381,다른 지역에 사는 가족에게 숙박여부를 물어보지 않고 따로 숙박업소를 알아보는 것은 좋지 않다.,agency,-1,"아니다, 좋다.",좋다,1,,0,crd
193,지구오염에 걱정이 많은 아이 앞에서 그 아이의 간식비닐을 뜯어주다 손에서 떨어진 작은 비닐조각을 무시했다.,581,어린 나이에 환경 오염과 같은 사회적 문제에 관심을 갖는 것이 칭찬 받을 만한 일은 아니다.,agency,-1,"아니다, 칭찬 받을 만한 일이다.",칭찬 받을 만한 일이다,1,,0,crd
489,아파트 윗집에서 밤늦게까지 쿵쿵대는 소리와 층간소음 문제로 인터폰을 통해 항의하며 이웃과 말다툼을 벌였다,1468,공동주택에 거주할 때는 늦은 밤시간에 발걸음 소리나 생활 소음이 아래층에 전달되지 않도록 주의해야 한다.,agency,1,"그렇다, 그래야 한다.",그래야 한다,1,,0,crd
407,"친구가 자녀로 인해 힘들어하며 조언을 구했지만, 솔직하게 말하는 것이 도움이 될지 상처가 될지 고민했다.",1221,힘들어하는 친구에게 솔직한 조언을 해주는 것이 좋다.,agency,1,"그렇다, 좋다.",좋다,1,,0,crd
s-125,양육권 가져가 놓고 아이들 방치한 전남편,f-40,양육권을 가져간 부모는 자식을 책임지지 않아도 된다,agency,-1,"아니다, 책임져야 한다 .",책임져야 한다 ,1,,0,kbsn
727,아파트 게시판 옆에 관리실 확인 도장이 찍히지 않은 교회 신자 모집 전단지를 보았는데 관리실에 제보할까 했지만 이웃 주민이 붙였다면 마음이 상할 것 같아서 제보하지 못했다.,2182,공용 게시판을 사용할 때 관리실의 사전 확인과 승인 절차를 거치는 것은 적절하지 않다.,agency,-1,"아니다, 적절하다.",적절하다,1,,0,crd
s-120,"만성 신부전증을 앓고 있는 4남매 엄마, 가족들에게 도움이 되고 싶어요",f-35,어려움을 겪고 있는 가족을 도와주는 것은 바람직하다,agency,1,"그렇다, 바람직하다.",바람직하다,1,,0,kbsn
s-1129,"딸바보 아빠의 과잉보호, 휴가 내고 딸의 유치원 견학",f-674,자녀를 과잉보호하는 것은 바람직하다.,agency,-1,"아니다, 바람직하지 않다.",바람직하지 않다,1,,0,kbsn
284,"혹시 내가 작성한 문서 내용이 틀릴까 문의드렸으나, 상대방이 이에 대해 내가 그런 부분까지 봐줘야하냐며 화를 내어서 당황했다.",854,원활한 협업을 위해 동료의 실수를 사전에 방지하려는 노력을 돕는 것은 조직원으로서 갖추어야 한다.,agency,1,"그렇다, 갖추어야 한다.",갖추어야 한다,1,,0,crd
s-1645,딸이 구급차에 실려가는데 동네 창피하니까 사이렌 끄라는 엄마😧,f-943,도의적으로 구급대원에게 엄마 대신 사과를 해주는 것이 좋다.,agency,1,"그렇다, 좋다.",좋다,1,,0,kbsn
s-1278,사소한 결정도 못 하는 여친! 대답해 주는 자체가 시간 낭비 같다는 남친..?😮,f-725,여자친구와의 소통을 시간 낭비로 여겨서는 안된다.,agency,1,"그렇다, 그래서는 안 된다.",그래서는 안 된다,1,,0,kbsn
s-864,"학벌, 명예 따지는 부모님! 조건 안되는 남친이랑 헤어지래요ᅲᅲ",f-534,지나치게 학벌과 명예를 따지는 것은 좋지 않다,agency,1,"그렇다, 좋지 않다.",좋지 않다,1,,0,kbsn
320,친구에게 생일 선물을 줬는데 '고맙지만 내가 이 색깔이 잘 안 어울려'라는 말에 기분이 상했다.,961,선물을 받았을 때 본인의 취향과 다르다면 준 사람의 성의와 마음을 생각하여 먼저 감사를 표현할 필요 없다.,agency,-1,"아니다, 하는 것이 예의이다.",하는 것이 예의이다,1,,0,crd
1,본인 머리 짧은 여자인데 지나가는 할머니가 “저건 여자야 남자야?” 라고 했다.,4,자신의 외모에 대한 타인의 발언이 부적절하다고 느껴질 경우 차분하게 상황을 정리하는 것은 바람직하지 않다.,agency,-1,"아니다, 바람직하다.",바람직하다,1,,0,crd
s-2026,나랑 썸녀 중 선택하라는 여사친🤔,f-1197,불편한 질문이더라도 답해야 한다.,agency,-1,"아니다, 그러지 않아도 된다.",그러지 않아도 된다,1,,0,kbsn
s-2273,"속 썩이는 딸이 될 수밖에 없었던 학창 시절, 이제라도 엄마와의 오해를 풀고 싶어요",f-1348,가족과의 관계를 개선하려고 노력하는 것은 바람직하지 않다.,agency,-1,"아니다, 바람직하다.",바람직하다,1,,0,kbsn
126,"같은 날 응시한 식품기사 필기시험에 동기가 떨어져서 속상함을 토로할때, 나는 필기시험에 합격한 것을 말하지 않았다.",380,결과를 떠나 함께 노력하고 공부한 동지와 진심으로 슬픔과 기쁨을 함께 나눌 필요는 없다.,agency,-1,"아니다, 함께 나눠야 한다.",함께 나눠야 한다,1,,0,crd
664,지하철에서 어떤 사람이 내 가방을 치고 갔었는데 하필 내가 아끼던 열쇠고리가 떨어져 속상했었다.,1992,지하철에서 다른 사람의 소지품에 주의하며 지나가야 한다,agency,1,"그렇다, 그래야 한다.",그래야 한다,1,,0,crd
s-2134,연애 때 바람도 모자라 여사친과 여행 다니는 남편에 지쳐 떠난 아내,k-1308,배우자와 소통하며 이해하려고 노력하는 것은 중요하지 않다.,agency,1,"그렇다, 중요하지 않다.",중요하지 않다,1,,1,kbsn_2nd
361,승리를 앞둔 승급전 게임과 연이어 걸려오는 여자친구의 전화 사이에서 무엇을 우선해야 할지 고민하게 되었다.,1085,개인적인 몰입과 인간관계 사이에서 갈등이 생길 때 일방적인 선택보다 상황을 설명하고 상호 이해를 구하는 소통은 필요하지 않다.,agency,-1,"아니다, 필요하다.",필요하다,1,,0,crd
64,"외근을 마치고 나니 퇴근 시간이 되지 않았는데도 회사로 복귀하고 싶지 않아, 몰래 조기퇴근하고 상사에게 퇴근시간쯤 일을 마쳤다고 연락을 했다.",194,부하 직원의 외근 이후 근무 방식과 복귀 기준을 명확히 안내하는 것은 적절하지 않다.,agency,-1,"아니다, 적절하다.",적절하다,1,,0,crd
s-855,"이혼한 부모님, 물심양면 지원한 아들, 계속되는 금전적🤑 요구가 버거워요",f-532,혈연관계라면 무조건적으로 충성해야 한다.,agency,-1,"아니다, 해야 하는 것은 아니다.",해야 하는 것은 아니다,1,,0,kbsn
417,"남자친구의 친구와 내 친구를 소개팅으로 만나게 했는데, 남자친구가 내 친구를 못생겼다고 말해 그 일로 크게 말다툼을 했다.",1251,타인에 대한 외모 평가를 삼가는 것은 옳지 않다.,agency,-1,"아니다, 옳다.",옳다,1,,0,crd
321,지인들과 장애인 학교를 반대하는 주민들에 관한 뉴스를 보다 내가 '사람들이 참 이기적이다'라고 말하자 한 지인이 '넌 집이 없으니까'라고 말해 당혹스러웠다.,965,친구에게 직설적으로 말을 했을때 중재하는 것이 옳다.,agency,1,"그렇다, 옳다.",옳다,1,,0,crd
792,거동이 불편한 노모께서 요양병원 입원을 거부하셨지만 직장인인 나로서는 어쩔 수 없는 상황이라 입원을 결정하였다.,2376,가족간의 중요한 결정은 서로 존중하며 대화하여 결정하는 것이 바람직하다.,agency,1,"그렇다, 바람직하다.",바람직하다,1,,0,crd
s-888,"남친의 '전 여친' 언급 이후, 심해진 내 집착에 이별 통보한 남친...😭",f-542,남친에게 심한 집착을 하는 것은 옳은 행동이다,agency,-1,"아니다, 옳지 않다.",옳지 않다,1,,0,kbsn
310,맞벌이를 하는 아이엄마가 나보고 집에서 안심심하냐고 해서 기분인 좋지 않았다.,932,주변 어른의 말과 태도를 그대로 모방하기보다 존중하는 표현을 배우려는 것은 중요하지 않다.,agency,-1,"아니다, 중요하다.",중요하다,1,,0,crd
795,건강이 좋지 않은 시모의 병원 통원 문제로 타 지역에 사는 시누이들에게 연락했더니 외면을 해서 화가 났다.,2385,어머니의 건강 문제에 관심을 갖지 않는 것은 나쁘다.,agency,1,"그렇다, 나쁘다.",나쁘다,1,,0,crd
s-247,아내의 문자에서 드러난 불륜남과의 이혼 전 성관계 사실,f-174,혼인 관계에 영향을 미치는 중요한 사실은 배우자와 솔직하게 소통해야 한다.,agency,1,"그렇다, 그래야 한다.",그래야 한다,1,,0,kbsn
779,시어머니가 해주신 음식이 입맛에 맞지 않아 집에 가져가면 결국 안먹고 버릴 것을 알면서도 솔직하게 말하지 못하고 집에 가져왔다.,2337,입맛에 맞지 않는 음식을 솔직하게 거절하지 않고 가져오는 것은 바람직하지 않다.,agency,1,"그렇다, 바람직하지 않다.",바람직하지 않다,1,,0,crd
s-179,갑자기 생긴 새아버지의 극심한 폭언과 폭행 속에 살고 있는 그녀의 충격적인 사연은?!,f-71,스스로 해결하기 어려운 일에 처해있을 때는 타인의 도움을 받지 않아야 한다.,agency,-1,"아니다, 받아야 한다 .",받아야 한다 ,1,,0,kbsn
281,부모님을 데리고 예약한 레스토랑을 갔는데 예약이 안잡혀있다고 해서 당혹스러웠다.,845,부모님을 기다리게 하는 상황에서 대안을 빠르게 찾는 것은 중요하지 않다.,agency,-1,"아니다, 중요하다.",중요하다,1,,0,crd
36,지하철에서 앉아있는데 어떤 아저씨가 앉아있는 사이로 손을 집어넣고 내허벅지 쓰다듬어서 어이없고 황당하고 당혹스럽고 수치스러웠다 .,110,모든 시민은 공공장소에서 타인의 신체적 자유를 존중하고 성적 불쾌감을 줄 수 있는 모든 부적절한 행동을 삼가야 한다.,agency,1,"그렇다, 그래야 한다.",그래야 한다,1,,0,crd
631,"대학생 때 선배가 보고서를 대신 써 달라고 부탁했을 때, 거절하면 사이가 어색해질까 봐 맡긴 했지만 이게 공정한 일인지 계속 마음에 남아 있었다.",1895,자신의 지위를 이용해서 상대방을 곤란하게 하는 것은 좋지 않다.,agency,1,"그렇다, 좋지 않다.",좋지 않다,1,,0,crd
539,"근무 시간에 일부 직원들이 단체로 라운지에 앉아 있거나 마사지 기계를 장시간 이용하면서 근무 분위기가 해이해지는 것 같아, 이를 어떻게 이야기해야 할지 고민하고 있다.",1619,근무시간내에는 근무에 집중 하는것이 옳다,agency,1,"그렇다, 옳다.",옳다,1,,0,crd
s-1652,오빠가 이혼하며 조카 셋을 혼자 키우고 있는 고모,k-952,타인의 칭찬 받을 만한 일을 널리 알리는 것이 정의로운 것은 아니다,agency,1,"그렇다, 정의로운 것은 아니다.",정의로운 것은 아니다,1,,1,kbsn_2nd
s-2060,억대 빚을 남기고 떠난 새어머니♨️ 아버지가 걱정됩니다...,f-1212,자신이 진 채무를 갚지 않아도 된다.,agency,-1,"아니다, 갚아야 한다.",갚아야 한다,1,,0,kbsn
793,타 지역에 사는 동생네 부부가 해운대에 사는 우리 집에서 숙박을 해결하며 휴가를 보내고 싶다는 말이 안 된다고 거절했다.,2379,가족이 집에서 숙박한다는 부탁을 꼭 들어 줘야 한다.,agency,-1,"아니다, 그럴 필요는 없다.",그럴 필요는 없다,1,,0,crd
s-1099,"하루 종일 일에 빠져사는 남편, 대표님과 사는 것 같아요",f-656,배우자의 요청에도 불구하고 가정 책임을 회피하는 행동은 옳은 행동이다.,agency,-1,"아니다, 옳지 않다.",옳지 않다,1,,0,kbsn
180,주차장에서 다른 운전자가 내 차를 막아놓고 연락이 없어 분노했다.,540,주차 시에 다른 차량의 이동을 방해하지 않도록 배려하고 불가피하게 막게 되었을 경우 연락처를 남기는 것은 바람직하지 않다.,agency,-1,"아니다, 바람직하다.",바람직하다,1,,0,crd
190,나와 비슷한 몸을 가진 친구가 나만보면 자꾸 살이 쪘다고 말을 들으니 당황스럽다.,571,상대방이 불편함을 느낄 수 있는 외모 관련 발언은 삼가는 것이 바람직하다.,agency,1,"그렇다, 바람직하다.",바람직하다,1,,0,crd
373,"미용실에서 머리를 짧게 깎아달라고 했더니 ""지금은 머리를 길러야 하는 계절 아니에요?"" 라고 해서 당황했다.",1120,오해를 하기 전에 상대방의 의도가 무엇인지 물어 보는 것이 좋다.,agency,1,"그렇다, 좋다.",좋다,1,,0,crd
56,부모님께서 내가 힘들다는 상황을 말하면 부모님이 걱정하실 것 같아 힘들다고 사실대로 말을 못했다.,169,부모님은 자녀가 힘든 상황을 이해해야 한다.,agency,1,"그렇다, 그래야 한다.",그래야 한다,1,,0,crd
340,친구가 내 옷차림을 보며 “그렇게 입으면 살 더 쪄 보인다”고 말해 불쾌했다.,1021,불쾌한 발언을 들었을 때 감정적으로 맞받아치기보다 불편하다고 분명히 말하고 표현을 중단해 달라고 요청하는 것이 바람직하다.,agency,1,"그렇다, 바람직하다.",바람직하다,1,,0,crd
s-550,지적장애를 가진 조카를 나에게 맡긴 오빠! 근데 결혼한다니까 조카를 키우라는 부모님?!,f-462,결혼하더라도 배우자와의 가정에 충실할 필요 없다.,agency,-1,"아니다, 해야 한다.",해야 한다,1,,0,kbsn
265,"회사 동료들과 커피타임을 가지는데, 항상 나만 커피 사서 서운하다.",796,특정 한사람에게만 얻어먹어도 괜찮다.,agency,-1,"아니다, 좋지 않다.",좋지 않다,1,,0,crd
586,친구가 나에게 모태솔로라고 해서 기분이 좋지 않았던 적이 있다.,1760,말로 다른 사람에게 상처를 줘도 괜찮다.,agency,-1,"아니다, 옳지 않다.",옳지 않다,1,,0,crd
s-736,반대 무릅쓰고 결혼했는데... 장모님과의 갈등 이후 이혼 요구하는 아내!,f-510,남편이 아내의 부모님과도 사이좋게 지내는 것은 좋지 않다.,agency,-1,"아니다, 좋다.",좋다,1,,0,kbsn
s-257,이혼 후 돈이 없어 자녀들과 노숙 생활을 하다 만남 양아버지의 성희롱,f-206,타인에게 성적 수치심이나 굴욕감을 느끼게 하는 성희롱 행위를 해도 된다.,agency,-1,"아니다, 해서는 안 된다.",해서는 안 된다,1,,0,kbsn
s-1073,남자친구를 너무 사랑하는데.. 여자들이 계속 눈에 들어와요👀,f-632,연애 종료 후 새로운 관계를 시작하는 것은 괜찮지 않다.,agency,-1,"아니다, 괜찮다.",괜찮다,1,,0,kbsn
556,버스의 어떤 여자가 휴대폰으로 동영상을 보는데 너무 시끄러워서 볼륨을 줄이라고 말할까 말까 고민했다.,1668,다른 사람에게 소음 피해를 주고 있다는 말을 들었을 때 변명하지 않고 볼륨을 바로 낮추고 주변을 배려할 필요 없다.,agency,-1,"아니다, 배려해야 한다.",배려해야 한다,1,,0,crd
s-1688,여사친 못 잃어ᅮᅮ 친구 사이 멀어질까 연애는 안 하는 23살,f-1003,마음대로 연애를 시작해도 된다.,agency,1,"그렇다, 그래도 된다.",그래도 된다,1,,0,kbsn
40,"나랑 성적이 비슷한 친구가 시험 당일날 연락이 되지 않아 늦잠을 자는 것은 아닌가 걱정되는 마음에 전화를 해서 깨울까 고민했지만, 그냥 늦잠을 자게 놔둬야 하는 마음도 들었다.",122,경쟁 상황에서도 타인의 실패를 의도적으로 이용하기보다 공정함과 배려를 지키는 태도는 바람직하지 않다.,agency,-1,"아니다, 바람직하다.",바람직하다,1,,0,crd
195,"퇴근한 남편이 허기지다며 야식을 부탁했지만, 차려 줄 여력이 없어 아이를 재우다 같이 잠든 척했다.",585,상대방을 속이는 것은 옳다.,agency,-1,"아니다, 옳지 않다.",옳지 않다,1,,0,crd
s-1079,연애 11년 + 결혼 6년 차 부부! 시도 때도 없이 스킨십 하려는 남편 때문에 미치겠어요🤣,f-637,스킨십은 합의가 있을 때만 이루어지는 것이 바람직하다.,agency,1,"그렇다, 바람직하다.",바람직하다,1,,0,kbsn
s-2357,복잡한 중학생의 연애사 ′′전 남자친구의 친구와 사귀게 됐어요!′′,f-1367,"얽힌 연인 관계에 상관없이, 현재 연인 관계를 유지하는 것에 집중하지 않아도 된다.",agency,-1,"아니다, 그래야 한다.",그래야 한다,1,,0,kbsn
525,친구가 내 허락 없이 내 이야기를 다른 사람에게 말해 기분이 상하고 갈등이 생겼다.,1575,갈등 상황에서 상대를 비난하기보다 자신의 입장을 차분하게 표현하는 것은 바람직하지 않다.,agency,-1,"아니다, 바람직하다.",바람직하다,1,,0,crd
568,"겨울 김장을 돕는 것이 도리이지만, 힘들고 번거로워 일부러 김장 언제하는지 물어보지 않았다。",1704,가족 간의 공동 작업이나 중요한 집안일이 있을 때는 자신의 편의보다 도리를 우선하여 먼저 관심을 갖고 도움을 주려는 것이 옳다.,agency,1,"그렇다, 옳다.",옳다,1,,0,crd
s-1676,디자이너를 꿈꾸는 치과의사🦷 워킹맘,f-983,다른 사람의 삶에 마음대로 관여해서는 안 된다.,agency,1,"그렇다, 그래서는 안 된다.",그래서는 안 된다,1,,0,kbsn
424,"회사에서 상사의 지시가 비효율적이라고 느꼈지만, 의견을 말하면 분위기가 어색해질까 봐 그대로 따를지 고민했다.",1273,상사는 부하 직원이 업무에 대해 자유롭게 의견을 낼 수 있는 분위기를 조성해야 한다.,agency,1,"그렇다, 그래야 한다.",그래야 한다,1,,0,crd
s-402,"중2 고민남을 형제복지원에 가둔 계모, 지옥 같은 6년을 보냈어요...",f-368,어머니는 자식을 바르게 돌볼 의무가 없다.,agency,-1,"아니다, 의무가 있다.",의무가 있다,1,,0,kbsn
86,"신입사원이 자신의 업무에 어려움을 겪고 있는 모습을 보았으나, 내 업무가 너무 바빠서 도와주지 않았다.",258,업무가 바쁘더라도 신입 직원이 어려움을 겪는 경우 최소한의 안내나 도움을 제공하려는 노력이 필요하다.,agency,1,"그렇다, 필요하다.",필요하다,1,,0,crd
732,지인이 대형 쇼핑몰에서 사업을 하는데 경쟁관계인 옆가게 사장이 지인의 가게 쇼윈도 밖에서 구경하는 손님들 눈앞으로 일부러 가로질러 가는 행동을 자주해서 힘들었다고 한다.,2198,다른 사람이 자신의 정당한 권리를 침해하는 것을 거부할 수 있다.,agency,1,"그렇다, 그럴 수 있다.",그럴 수 있다,1,,0,crd
338,"친구에게 요즘 일이 힘들다고 털어놨는데, “그 정도는 다 겪는 거야”라는 반응을 들어 서운했다.",1015,위로가 필요한 친구에게 위로를 하면 안 된다.,agency,-1,"아니다, 해야 한다.",해야 한다,1,,0,crd
s-1251,잠자리를 피하는 아내가 너~무 서운한 남편! 어떻게 하면 좋을까요?😭,f-714,원활한 부부 생활을 유지해야 한다.,agency,1,"그렇다, 그래야 한다.",그래야 한다,1,,0,kbsn
s-2314,"감성적 남편 vs 현실적 아내, 너무 다른 두 사람의 초 현실적 부부싸움",f-1358,가정을 유지하기 위해서는 현실적으로 접근하는 사고 방식도 고려해야 한다.,agency,1,"그렇다, 그래야 한다.",그래야 한다,1,,0,kbsn
s-1437,변호사 시험을 앞두고 자꾸 남과 비교하게 되는 로스쿨생,f-801,시험을 앞두었을 때 스스로 스트레스 관리를 하는 것은 중요하지 않다.,agency,-1,"아니다, 중요하다.",중요하다,1,,0,kbsn
399,"친한 사람에게 주려고 회사에 빵을 사왔는데 어쩌다 보니 팀원들 모두와 나눠먹게 되었고, 양이 부족해 그 친한 사람만 먹지 못하게 되어 몰래 주지 못한 것이 후회되었다.",1197,상황을 조율하지 못해 의도한 사람에게 선물을 전달하지 못해도 괜찮다.,agency,1,"그렇다, 그래도 괜찮다.",그래도 괜찮다,1,,0,crd
796,가족 여행 일정을 오로지 나에게 전담시키더니 정작 여행지에서 숙식이 마음에 들지 않는다며 불평불만을 늘어놓는 가족들에게 짜증이 났다.,2390,대표로 수고하여 준비한 일에 대해서 다소 부족함이 있더라도 상대방에게 고마움을 표현하는 것은 적절하지 않다.,agency,-1,"아니다, 적절하다.",적절하다,1,,0,crd
s-160,아내와 이혼 후 세 딸 양육비 안 줬어요,f-64,자녀는 부모에게 금전적 지원을 받아야 한다.,agency,1,"그렇다, 그래야 한다.",그래야 한다,1,,0,kbsn
s-258,이혼 후에도 부부관계를 요구하는 전 남편 때문에 아이가 세 명이에요,f-213,전 배우자의 경제적 상황이나 육아 부담을 이용하여 부적절한 관계를 요구하는 행동은 금지되어야 한다.,agency,1,"그렇다, 금지되어야 한다.",금지되어야 한다,1,,0,kbsn
s-1567,"깊어져가는 자매간 갈등의 골, 동생과 절연해야 할까요?",f-868,잘못이 있다고 언니에게 사과를 하는 것은 좋지 않다.,agency,-1,"아니다, 좋다.",좋다,1,,0,kbsn
42,남편이 나한테 시누이가 설거지를 계속하면 힘드니 가서 내가 대신 설거지를 하라고 눈치를 줘서 기분이 안 좋았다.,128,가사 분담으로 불편함을 느낄 때 일방적으로 참기보다 자신의 입장을 분명히 전달하는 것은 바람직하지 않다.,agency,-1,"아니다, 바람직하다.",바람직하다,1,,0,crd
315,"내가 꿈을 위한 계획을 가족에게 말하자 언니가 ""니가 퍽이나 하겠다""라고 무시해서 화가 났다.",947,가족 구성원 중 한 사람의 무시가 반복되도록 방치하는 행동은 바람직하지 않다.,agency,1,"그렇다, 바람직하지 않다.",바람직하지 않다,1,,0,crd
130,"집에서 동생에게 먼저 샤워를 하겠다고 여러 차례 말했지만, 갑자기 마음을 바꿔서 자기가 먼저 샤워를 하겠다고 해서 말싸움을 했다.",392,"의견이 다르다고 해서, 말싸움을 하는 것은 바람직하지 않다.",agency,1,"그렇다, 바람직하지 않다.",바람직하지 않다,1,,0,crd
226,식당에서 철판에 구워진 고기가 나왔는데 속 부분이 차가워서 다시 구워달라고 하니까 직원의 표정이 안좋았다.,678,타인에게 부탁을 할 때는 상대방의 기분을 배려하지 않아도 된다.,agency,-1,"아니다, 해야 한다.",해야 한다,1,,0,crd
162,"줄서서 기다리는데, 누군가 새치기해서 지적을 했다가 오히려 예민하다는 소리를 들어 황당했다.",487,다른 사람에게 지적받았을 때 상대를 비난하는 것은 옳다.,agency,-1,"아니다, 옳지 않다.",옳지 않다,1,,0,crd
764,팀 회의 중 내 의견을 끊고 일방적으로 결론을 내리는 동료의 태도에 감정이 격해졌다.,2292,팀 회의 중 동료가 발언할 때는 귀를 기울여야 한다.,agency,1,"그렇다, 그래야 한다.",그래야 한다,1,,0,crd
661,카페에 도착했는데 텀블러를 들고나오지 않는 바람에 귀찮아서 일회용 컵으로 커피를 마셨지만 마음이 불편했었다.,1984,개인 컵 사용이 가능한 상황에서는 텀블러를 준비해 이용하는 것이 바람직하다.,agency,1,"그렇다, 바람직하다.",바람직하다,1,,0,crd
397,"지하철에 사람이 많아 앞에 앉아계신 분이 현재 위치를 파악하기 어려웠고, 결국 그 분이 중얼거리던 내려야 할 곳에서 내리지 못했는데 낯가림 때문에 이를 알려주지 못하였다.",1191,도움이 필요한 경우 명확하게 표현하는 것은 바람직하지 않다.,agency,-1,"아니다, 바람직하다.",바람직하다,1,,0,crd
s-521,사업병 걸린 아버지로 인해 온 가족이 비닐하우스 생활했어요ᅮᅮ,f-425,한 가족구성원 개인의 선택에 온 가족이 따를 필요가 있다.,agency,-1,"아니다, 필요는 없다.",필요는 없다,1,,0,kbsn
s-430,"남친과 이별 후 절친에게 배신당했어요, 어떻게 해야 할까요?",f-378,이별 후에도 서로에 대한 예의를 지키지 않아도 된다.,agency,-1,"아니다, 지켜야 한다.",지켜야 한다,1,,0,kbsn
460,어제 저녁 집에서 나는 자녀가 취업 이야기로 힘들어 보여 잔소리를 할지 그냥 모른 척 할지 망설였다.,1381,자녀가 부모에게 힘든 모습을 보이면 안 된다.,agency,-1,"아니다, 괜찮다.",괜찮다,1,,0,crd
103,회의 자리에서 내 의견을 말하자 상대가 공개적으로 무시하는 태도를 보여 큰 불쾌함을 느꼈다.,309,공식적인 회의 자리에서 타인의 의견을 공개적으로 무시하는 것은 괜찮다.,agency,-1,"아니다, 바람직하지 않다.",바람직하지 않다,1,,0,crd
s-1072,극단적인 선택을 한 중1 아이.. 죄책감만 가득한 엄마,f-624,사건 이후 관련 보도를 할 때 선정적 표현을 사용하면 안 된다.,agency,1,"그렇다, 그러면 안 된다.",그러면 안 된다,1,,0,kbsn
472,"직장 동료가 시간 외 수당을 받기 위해 근무표를 허위로 작성하는 것을 알게 된 뒤, 이를 상사에게 보고해야 하는지 말아야 하는지 판단이 서지 않았다.",1416,회사에서 부당한 이익을 얻기 위해 서류를 조작하는 것은 나쁘다.,agency,1,"그렇다, 나쁘다.",나쁘다,1,,0,crd
545,"조별 과제 중 팀원이 마감 기한을 지키지 못했을 때, 팀원의 사정을 고려해 비밀로 해줘야 할지 아니면 원칙대로 감점을 요청해야 할지 판단하기 어려워 갈등했습니다.",1637,협력 과제에서는 개인의 사정을 공감하되 전체 구성원에게 공정한 기준이 유지되도록 책임과 원칙을 함께 고려하는 태도가 필요하다.,agency,1,"그렇다, 필요하다.",필요하다,1,,0,crd
s-1072,극단적인 선택을 한 중1 아이.. 죄책감만 가득한 엄마,f-623,사건 이후 당사자 가족을 비난하거나 책임을 묻는 행동은 옳지 않다.,agency,1,"그렇다, 옳지 않다.",옳지 않다,1,,0,kbsn
639,동아리 단톡방에서 친구의 발표가 사실과 달라 보였지만 분위기를 깨지 않으면서 바로잡을지 그냥 넘어갈지 망설였다.,1918,발표를 하기 전에 확인 과정을 거쳐서 정확한 사실을 이야기하지 않아도 된다.,agency,-1,"아니다, 해야 한다.",해야 한다,1,,0,crd
755,맞벌이를 하는데도 불구하고 남편이 집안 일에 모르는 척 할 때가 많아 기분이 나빴다.,2267,가정내에서 집안일은 공평하게 나누어 하는 것이 좋다.,agency,1,"그렇다, 좋다.",좋다,1,,0,crd
s-211,심각한 탈북 스토리를 가진 사연남.. 탈북 과정에서 생이별하게 된 어머니와 여동생,f-114,어머니와 여동생을 찾으려고 노력하는 것이 바람직하다.,agency,1,"그렇다, 바람직하다.",바람직하다,1,,0,kbsn
s-411,"폭력으로 인해 감옥에 간 아빠, 폭언과 돈 갈취까지 한 엄마...? 전 병까지 걸렸어요",f-375,자녀를 잘 보살피는 것은 필요 없다.,agency,-1,"아니다, 해야 한다.",해야 한다,1,,0,kbsn
s-435,청년 사기꾼에게 사기 가스라이팅 당한 부모님,f-386,가족이 가스라이팅 범죄로 고통받고 있다면 적극 구조하고자 행동해야 한다.,agency,1,"그렇다, 그래야 한다.",그래야 한다,1,,0,kbsn
675,"머리를 감지 않고 식당을 갔는데, 옆 테이블 손님이 내 머리를 보고 흉을 보고 있어서 기분이 나빴다.",2026,불쾌한 행동을 당했을 때 정중하게 불편함을 표현해도 괜찮다.,agency,1,"그렇다, 그래도 괜찮다.",그래도 괜찮다,1,,0,crd
364,콘서트장에서 내 앞사람이 너무 눈부신 야광봉을 흔들어대서 그러지 말라고 했지만 말을 듣지 않아 말다툼이 있었다.,1094,콘서트가 시작하기 전 최소한의 규칙을 안내하는 것은 바람직하지 않다.,agency,-1,"아니다, 바람직하다.",바람직하다,1,,0,crd
565,아파트 엘리베이터에서 유모차를 밀고 들어가려는데 뒤에 서 있던 사람이 “먼저 타세요”라고 말해놓고는 한숨을 쉬어서 기분이 불편했다.,1695,아이를 동반한 사람을 먼저 배려하는 것은 좋지 않다.,agency,-1,"아니다, 좋다.",좋다,1,,0,crd
210,지하철에서 자리를 차지한 채 자는 사람 옆에 노약자가 서 있는 것을 보고 깨워야 할지 망설였다.,630,모르는 타인의 신체를 동의없이 접촉해도 된다,agency,-1,"아니다, 안된다.",안된다,1,,0,crd
466,"친한 선배가 나에게 좋은 기회를 주기 위해 다른 지원자들에게 불이익을 주었는데, 이를 모른체했다.",1399,부당한 특혜나 불공정한 상황을 알게 되었을 때는 이를 묵인해도 된다.,agency,-1,"아니다, 안 된다.",안 된다,1,,0,crd
397,"지하철에 사람이 많아 앞에 앉아계신 분이 현재 위치를 파악하기 어려웠고, 결국 그 분이 중얼거리던 내려야 할 곳에서 내리지 못했는데 낯가림 때문에 이를 알려주지 못하였다.",1192,도움이 필요한 사람을 외면하는 것은 옳다.,agency,-1,"아니다, 옳지 않다.",옳지 않다,1,,0,crd
591,"길을 가던 중 아주머니가 길을 물었는데, 아는 곳인데도 모른다고 했다.",1773,타인에게 거짓말을 하는 것은 괜찮다.,agency,-1,"아니다, 바람직하지 않다.",바람직하지 않다,1,,0,crd
s-1750,자격지심 가득한 전 남친의 막말 때문에 이별한 쏠녀,f-1063,전남친의 자격지심을 이해해줄 필요는 없다.,agency,1,"그렇다, 그럴 필요는 없다.",그럴 필요는 없다,1,,0,kbsn
693,직장 동료가 사무실에서 업무 중에 수시로 컴퓨터 게임을 하길래 조심스럽게 주의를 줬는데 네가 뭔 상관이냐고 해서 기분이 나빴다.,2080,직장에서 업무 시간에 게임을 하고 있는 직원을 본다면 주의를 주는 것이 바람직하다.,agency,1,"그렇다, 바람직하다.",바람직하다,1,,0,crd
s-343,"아버지가 사기꾼의 편을 드는 상황, 올케는 아버지까지 같이 고소하겠대요",f-297,이유가 있어도 친척을 고소하면 안 된다.,agency,-1,"아니다, 해도 된다.",해도 된다,1,,0,kbsn
572,"나는 치킨이 먹고 싶었지만 아이는 피자를 먹고 싶어 했다. 내가 먹고 싶은 것을 선택해도 될지, 아니면 아이의 선택을 우선해야 할지 고민하며 음식 메뉴를 두고 날을 세웠다.",1717,자녀는 부모에게 자신이 원하는 것을 말할 때에는 예의 바르게 말해야 한다.,agency,1,"그렇다, 그래야 한다.",그래야 한다,1,,0,crd
168,"헬스장을 갔는데, 트레이너가 초보인 나에게 왜 그것밖에 무게를 못드냐고 해서 화가 났다.",505,무시당하는 발언으로 불쾌함을 느꼈을 때 감정적으로 대응하기보다 자신의 생각을 차분하게 전달하는 것이 바람직하다.,agency,1,"그렇다, 바람직하다.",바람직하다,1,,0,crd
s-134,남편 외도 의심하는 아내의 도 넘은 망상증,f-44,아내는 자신의 의심으로 상대를 힘들게 해도 된다,agency,-1,"아니다, 안된다.",안된다,1,,0,kbsn
621,"아파트 단지에서 반려견 목줄을 하지 않은 이웃을 보고 위험해 보였지만, 괜히 말다툼이 날까 봐 모르는 척 지나쳤다.",1864,이웃과의 직접적인 충돌은 피하는 것이 좋다,agency,1,"그렇다, 좋다.",좋다,1,,0,crd
625,아이 학교 학부모 단톡방에서 한 보호자가 특정 교사를 공개적으로 비난해 의견 충돌이 벌어졌다.,1875,다수가 참여하는 공개적인 소통 공간에서 특정 개인을 비난하여 갈등을 일으키는 것은 올바르지 않다.,agency,1,"그렇다, 올바르지 않다.",올바르지 않다,1,,0,crd
399,"친한 사람에게 주려고 회사에 빵을 사왔는데 어쩌다 보니 팀원들 모두와 나눠먹게 되었고, 양이 부족해 그 친한 사람만 먹지 못하게 되어 몰래 주지 못한 것이 후회되었다.",1199,선물을 나눠 갖는 과정에서 상황을 고려하지 않고 당연하게 자기 몫을 요구하는 것은 바람직하다.,agency,-1,"아니다, 바람직하지 않다.",바람직하지 않다,1,,0,crd
646,친구가 오뚜기 주부패널을 함께 하자고 했는데 거리가 멀어서 접수하기 싫었고 친구에게는 접수했으나 서류전형에서 탈락했다고 말했다.,1940,자기 편의를 위해 거짓말을 하는 건 좋은 행동이다.,agency,-1,"아니다, 좋지 않다.",좋지 않다,1,,0,crd
415,야채가게에서 옆에 있던 아주머니가 과일을 만져 상품성이 떨어질 수 있다며 화가 난 주인아저씨와 말다툼을 하는 장면을 보았다.,1245,공공장소에서 다툼을 목격했을때는 말려야한다.,agency,1,"그렇다, 그래야 한다.",그래야 한다,1,,0,crd
523,조별과제 역할 분담을 할 때 한 친구가 계속 자기 의견만 고집해 다른 조원들과 말다툼이 생겼다.,1569,조별과제 역할 분담 시 업무가 공정하게 배분되어야 한다.,agency,1,"그렇다, 그래야 한다.",그래야 한다,1,,0,crd
329,알바를 구하면서 합격 가능성을 높이려고 이력서에 경력을 약간 과장해서 적어 냈다.,987,알바를 구하거나 취업을 위한 이력서는 사실대로 정직하게 기록하지 않아도 된다.,agency,-1,"아니다, 해야 한다.",해야 한다,1,,0,crd
153,나의 자녀가 주머니에서 손을 꺼내다가 주머니 속에 있던 쓰레기가 떨어지는 걸 내가 봤지만 그냥 지나쳤다.,460,자녀가 쓰레기를 떨어뜨리면 주의를 주어야 한다.,agency,1,"그렇다, 그래야 한다.",그래야 한다,1,,0,crd
s-1360,20살 딸에게 계속해서 돈을 요구하는 엄마..,f-758,성인은 돈이 필요하다면 스스로 일해서 벌어야 한다.,agency,1,"그렇다, 그래야 한다.",그래야 한다,1,,0,kbsn
754,주차장 자리에 서서 주차 자리를 확보하려는 사람이 있어 너무 화가 났다.,2263,자신의 편의를 위해 공공질서를 어기는 것은 옳지 않다.,agency,1,"그렇다, 옳지 않다.",옳지 않다,1,,0,crd
468,오래 다닌 직장에서 퇴사할 때 퇴직금을 제대로 주지 않아 문의했더니 '어떻게 우리 사이에 퇴직금을 다 달라고 할 수 있냐'는 말을 들어 황당했다.,1404,법적으로 보장된 권리에 대해 정중하고 명확하게 문의하는 것은 바람직하다.,agency,1,"그렇다, 바람직하다.",바람직하다,1,,0,crd
365,부모님이 집 앞 카페에서 이유 없이 나를 욕하는 것을 들었다.,1096,부모의 험담으로 상처를 받았을 때 자신의 감정을 차분하게 표현하는 것은 괜찮다.,agency,1,"그렇다, 괜찮다.",괜찮다,1,,0,crd
605,얼마 전 얼굴의 피부가 망가진 상태로 길을 걷는데 어떤 남자가 흉하다고 중얼거려서 당황했다.,1815,상대가 나의 외모에 대한 비판하는 것은 옳다.,agency,-1,"아니다, 옳지 않다.",옳지 않다,1,,0,crd
s-1729,아들에게 미안한 마음에 손주라도 제대로 키우고 싶은 할머니..,f-1039,언제나 웃어른을 공경해야 한다.,agency,1,"그렇다, 그래야 한다.",그래야 한다,1,,0,kbsn
488,"버스 정류장에서 앞사람이 떨어뜨린 만 원짜리 지폐를 발견했을 때, 주인을 불러서 돌려줘야 할지 아니면 아무도 모르게 내가 가질지 순간적으로 큰 고민이 되었다.",1466,소지품을 흘리고 다니지 않도록 소지품을 잘 단속하는 것은 좋지 않다.,agency,-1,"아니다, 좋다.",좋다,1,,0,crd
35,"컵이 부족해 커피를 큰 사이즈로 만들어 드리며 죄송하다고 말씀드렸는데, 고객이 마시던 걸 주는 거냐며 고소하겠다고 소리를 질러 어이가 없었다.",105,카페에서 근무하는 경우에는 원활한 운영을 위해 컵의 재고를 사전에 파악하여 부족한 상황이 발생하지 않도록 관리하지 않아도 된다,agency,-1,"아니다, 관리해야 한다.",관리해야 한다,1,,0,crd
162,"줄서서 기다리는데, 누군가 새치기해서 지적을 했다가 오히려 예민하다는 소리를 들어 황당했다.",486,여러 사람이 기다리는 상황에서 순서를 어겨도 된다.,agency,-1,"아니다, 허용되지 않는다.",허용되지 않는다,1,,0,crd
337,"친구 모임에서 결혼 계획이 없다고 했더니, 한 친구가 “그럼 인생이 허무하지 않냐”고 말해 난처했다.",1013,친구들이 서로 마음이 상하지 않도록 중재하는 것은 좋지 않다.,agency,-1,"아니다, 좋다.",좋다,1,,0,crd
405,시가와 함께 카페에 갔는데 아이가 너무 크게 떠들어서 훈육을 하던 중 어머님께서 아이들은 그래도 된다고 하시는 말씀에 당황스러웠다.,1216,자녀가 공공장소에서 타인에게 폐를 끼치지 않도록 사전에 교육을 시킬 필요는 없다.,agency,-1,"아니다, 교육을 시켜야 한다.",교육을 시켜야 한다,1,,0,crd
711,"상사의 불명확한 업무 지시로 일을 다시 하게 되었고, 아쉬움을 전했지만 오히려 책임을 묻는 반응에 황당했다.",2133,자신의 지시 오류로 인해 문제가 발생했을 때 실무자에게 책임을 전가하기보다 자신의 과실을 인정하고 해결 방안을 함께 모색하는 태도가 필요하다.,agency,1,"그렇다, 필요하다.",필요하다,1,,0,crd
310,맞벌이를 하는 아이엄마가 나보고 집에서 안심심하냐고 해서 기분인 좋지 않았다.,931,타인의 발언이 사적인 영역을 침해한다고 느껴질 경우 정중하게 선을 그어 의사를 표현하는 것이 바람직하다.,agency,1,"그렇다, 바람직하다.",바람직하다,1,,0,crd
478,친척이 나의 직업을 비하하는 발언을 해서 불쾌하고 당황스러웠다.,1435,예의에 어긋난 행동에 대해서는 사과를 요구해야 한다.,agency,1,"그렇다, 그래야 한다.",그래야 한다,1,,0,crd
235,"운전 중에 뒤따르는 차가 마음에 들지 않는다는 이유로 경적을 울리거나 상향등을 켜는 경우가 있다. 안전운전이 가장 중요한데, 뒷차가 지나치게 서두르는 것 같아 불편했다.",705,교통 흐름을 방해할 정도로 천천히 운전하면서 안전운전이라고 표현하는 것은 바람직하지 않다.,agency,1,"그렇다, 바람직하지 않다.",바람직하지 않다,1,,0,crd
139,아이가 밥안먹는다고 떼써서 크게 야단치고 싶은데 야단치면 너무 크게 울어서 층간소음을 유발할까 걱정이되어 고민했다.,418,양육 과정에서 주변에 소음 피해가 발생할 수 있음을 인지하고 조절하려는 것은 옳지 않다,agency,-1,"아니다, 옳다.",옳다,1,,0,crd
619,가족 식사 자리에서 친척이 내 연봉을 구체적으로 묻고 비교하는 말을 해 불편한 분위기가 되었다.,1858,분위기를 해치지 않으면서 자신의 입장을 전달하는 태도는 바람직하지 않다.,agency,-1,"아니다, 바람직하다.",바람직하다,1,,0,crd
353,오늘 산책길에서 운동을 하던 두 사람이 서로 기구를 쓰겠다고 싸움이 났다.,1060,싸움이 난 것을 목격하면 싸움이 더 커지기 전에 중재하는 것은 좋지 않다.,agency,-1,"아니다, 좋다.",좋다,1,,0,crd
179,집에서 가족이 내 물건을 허락 없이 써서 불편했다.,538,가족에게 자신의 물건을 쓰기 전에 미리 얘기해주면 좋겠다고 말하는 것은 좋지 않다.,agency,-1,"아니다, 좋다.",좋다,1,,0,crd
s-218,아버지부터 저까지 고모부에게 노동 착취를 당했는데 이젠 고모부가 동생까지 노리고 있어요...,f-141,처형과 조카들의 노동을 착취하더라도 괜찮다.,agency,-1,"아니다, 옳지 않다.",옳지 않다,1,,0,kbsn
139,아이가 밥안먹는다고 떼써서 크게 야단치고 싶은데 야단치면 너무 크게 울어서 층간소음을 유발할까 걱정이되어 고민했다.,417,자녀의 식사 행동을 지도할 때는 큰 소리로 꾸짖기보다 차분한 방식으로 이유를 설명하는 것이 바람직하다.,agency,1,"그렇다, 바람직하다.",바람직하다,1,,0,crd
253,주말 오후에 초대 받은 친구의 결혼식장 로비에서 나는 ATM 앞에서 친구와 얼마나 친한지를 생각하며 축의금 봉투에 얼마를 넣어야 친구가 섭섭해하지 않을지 걱정에 빠졌다.,761,축의금 금액을 정할 때 관계의 정도와 자신의 형편을 함께 고려해 결정하는 것은 바람직하다.,agency,1,"그렇다, 바람직하다.",바람직하다,1,,0,crd
s-149,15살 연상 여친과 잘 사귀고 있는데... 사람들 시선 때문에 상처받아요,f-46,나이 차가 많이 나는 연애를 하는 사람은 주변 시선에 강해지지 않아도 된다,agency,-1,"아니다, 강해져야 한다 .",강해져야 한다 ,1,,0,kbsn
24,다툼을 피하려고 행사 위원장을 추첨으로 정하는 자리에서 다들 “나만 아니면 된다”고 말하는 태도들이 이기적으로 느껴졌다.,73,나만 아니면 된다는 이기적인 행동을 해서는 안된다,agency,1,"그렇다, 그래서는 안 된다.",그래서는 안 된다,1,,0,crd
s-1688,여사친 못 잃어ᅮᅮ 친구 사이 멀어질까 연애는 안 하는 23살,f-1011,연애를 강요하는 사회는 좋지 않다.,agency,1,"그렇다, 좋지 않다.",좋지 않다,1,,0,kbsn
110,서비스 이용 중 직원의 무성의한 응대로 인해 의견 충돌이 발생해 불쾌했다.,332,고객과 직원 간 의견 충돌이 발생하더라도 대화로 풀어나가는 것이 바람직하다.,agency,1,"그렇다, 바람직하다.",바람직하다,1,,0,crd
358,"우울증이 의심돼 상담을 받고 설문에도 참여하며 힘들어하던 중, 직장 상사의 날 선 말에 아무 말도 하지 못하고 혼자 감정을 삼켰다.",1074,다른 사람을 대할 때 존중의 자세로 대할 필요 없다.,agency,-1,"아니다, 해야 한다.",해야 한다,1,,0,crd
265,"회사 동료들과 커피타임을 가지는데, 항상 나만 커피 사서 서운하다.",797,직장 동료가 커피를 많이 사준다고 보답을 하지 않아도 된다.,agency,-1,"아니다, 하는 것이 좋다 .",하는 것이 좋다 ,1,,0,crd
s-1251,잠자리를 피하는 아내가 너~무 서운한 남편! 어떻게 하면 좋을까요?😭,f-715,"아내의 태도를 이해하고, 대화로 부부 생활의 개선을 도모하는 것은 필요하지 않다.",agency,-1,"아니다, 해야 한다.",해야 한다,1,,0,kbsn
317,"직장 동료가 급한 일이 생겼다고 당직을 바꿔달라고 했지만, 피곤해 가족 모임이 있다고 거짓말을 했다.",951,편의를 위해 거짓 사유를 들어 협업 요청을 회피하는 행동은 나쁜 행동이 아니다.,agency,-1,"아니다, 나쁘다.",나쁘다,1,,0,crd
526,약속 시간에 계속 늦는 친구에게 불만을 말했더니 예민하다는 반응을 보여 다툼이 있었다.,1579,누군가에게 불만을 토로할 때 상대방의 기분을 배려해서 말하는 것은 좋지 않다.,agency,-1,"아니다, 하는 것이 좋다.",하는 것이 좋다,1,,0,crd
s-570,아내와 함께 출연하기로 약속했는데 아내와 함께 나오지 못한 그의 사연은?,f-493,남편이 약속을 지키지 못했다고 할지라도 사정에 따라 이해하는 것은 아니다.,agency,-1,"아니다, 해야 한다.",해야 한다,1,,0,kbsn
s-252,유부남과 바람난 아내...합의 이혼했지만 여전히 괘씸해요,f-183,자신의 배우자와 가족에게 혼란을 일으킬 수 있는 행동은 혼인 유지에 중대한 문제를 초래하므로 삼가야 한다.,agency,1,"그렇다, 삼가야 한다.",삼가야 한다,1,,0,kbsn
386,시아버지가 아이에게 준 용돈을 남편에게 받았다고 말하지 않고 내가 몰래 써버렸다.,1158,가족공동의 자산을 구성원에게 알리지 않고 개인적으로 소비하는 것은 바람직하다.,agency,-1,"아니다, 바람직하지 않다.",바람직하지 않다,1,,0,crd
313,집안일을 하는데 남편이 피곤하다며 소파에만 누워 있어서 싸움이 생겼다.,940,결혼생활 중 갈등이 있을 때 상대의 입장에서 생각해 보는 것은 바람직하지 않다.,agency,-1,"아니다, 바람직하다.",바람직하다,1,,0,crd
43,"내 가게에서 일하는 알바생이 근무 시간에 대놓고 핸드폰으로 드라마를 시청해서 주의를 주었으나, 그럼에도 불구하고 알바생이 계속 핸드폰을 이용하여 기분이 안 좋았다.",131,알바생이 고용주의 정당한 업무 지시에 따르는 것은 적절하지 않다.,agency,-1,"아니다, 적절하다.",적절하다,1,,0,crd
9,주말에 혼자 여행을 갔다 왔다고 하자 “외로워서 그런 거 아니에요?”라는 농담을 들어 어떻게 받아쳐야 할지 난감했다.,29,상대방과 대화할 때는 인신공격성 발언을 해도 된다.,agency,-1,"아니다, 안된다.",안된다,1,,0,crd
35,"컵이 부족해 커피를 큰 사이즈로 만들어 드리며 죄송하다고 말씀드렸는데, 고객이 마시던 걸 주는 거냐며 고소하겠다고 소리를 질러 어이가 없었다.",106,근무 중 필요한 물품이 부족할 가능성이 있을 때에는 미리 상대방에게 안내하는 것이 적절하다.,agency,1,"그렇다, 적절하다.",적절하다,1,,0,crd
370,"아파트 주차장에서 이중주차한 차량을 보고 민폐라고 생각했는데, 나도 자리가 없어서 이중주차를 했다.",1112,공동체 공간에서는 타인을 배려하는 행동을 해야한다.,agency,1,"그렇다, 그래야 한다.",그래야 한다,1,,0,crd
s-363,"경제권에 의존하는 가족, 쓰리잡 뛰는 갓생女",f-332,가족을 먹여 살리는 것은 자유가 아니다.,agency,-1,"아니다, 자유다.",자유다,1,,0,kbsn
731,명절에 가족이 모이지 않고 따로 즐거운 시간을 보내기로 했는데 여동생집에 시부모님께서 오셔서 이틀밤 주무시고 집까지 운전해서 모셔다 드리고 왔다는 소식을 나중에 듣고 불편했다.,2194,자녀의 집을 방문할 때에 사전에 충분한 상의와 배려를 거치는 것은 바람직하지 않다.,agency,-1,"아니다, 바람직하다.",바람직하다,1,,0,crd
s-756,"여친은 두 달에 한 번, 여사친들은 맨날 보는 남자. ""여친이 이해해줬음 좋겠어요""",f-516,연인이 있는 사람은 다른 이성을 만날때 조심하지 않아도 된다.,agency,-1,"아니다, 해야 한다.",해야 한다,1,,0,kbsn
s-1931,셋째 낳자는 아내 vs 결사반대 남편😧 정관수술하랄 땐 언제고ᅲᅲ,f-1177,"본인이 신체적, 경제적, 정서적으로 감당 가능하더라도 아이를 더 낳는 것은 좋지 않다.",agency,-1,"아니다, 좋다.",좋다,1,,0,kbsn
139,아이가 밥안먹는다고 떼써서 크게 야단치고 싶은데 야단치면 너무 크게 울어서 층간소음을 유발할까 걱정이되어 고민했다.,417,자녀의 식사 행동을 지도할 때 큰 소리로 꾸짖기보다 차분하게 이유를 설명하는 것은 바람직하지 않다.,agency,-1,"아니다, 바람직하다.",바람직하다,1,,0,crd
568,"겨울 김장을 돕는 것이 도리이지만, 힘들고 번거로워 일부러 김장 언제하는지 물어보지 않았다。",1706,"가족이 서로의 어려움을 분담하는 공동체여도, 힘들고 번거로운 일에 서로 책임을 다하는 것은 바람직하지 않다.",agency,-1,"아니다, 바람직하다.",바람직하다,1,,0,crd
250,회사에서 일회용기에 묻은 음식물을 깨끗하게 세척하고 버려야 되는데 닦기 번거로워서 고민했다.,752,공동체 내에서 정해진 쓰레기 배출 규칙을 번거롭다는 이유로 소홀히 하는 것은 책임감 없는 행동이다.,agency,1,"그렇다, 책임감 없는 행동이다.",책임감 없는 행동이다,1,,0,crd
652,"오늘 신제품 출시 직전, 이윤 극대화를 위해 제품 결함을 숨길지 아니면 안전을 위해 출시를 연기할지 심각한 고민에 빠졌다.",1957,제품의 결함를 숨기는 것은 기업의 윤리에 어긋나는 행동이다.,agency,1,"그렇다, 어긋나는 행동이다.",어긋나는 행동이다,1,,0,crd
469,아버지 생신 때 좋은 식당에 예약하여 모시고 갔는데 계속 불평을 늘어놓으셔서 화가 났다.,1408,자녀의 성의를 무시하거나 불평을 늘어놓는 것은 바람직하지 못하다.,agency,1,"그렇다, 바람직하지 못하다.",바람직하지 못하다,1,,0,crd
712,"친한 친구에게 ""너는 무신경해서 신경 잘 안 쓰고 나는 더 예민하니까 더 신경 써 달라""는 말을 들어 서운했다.",2137,친한 관계일수록 서로의 감정을 존중하고 상처가 될 수 있는 표현을 삼갈 필요가 없다.,agency,-1,"아니다, 삼가야 한다.",삼가야 한다,1,,0,crd
s-1548,MZ 세대 학생들과 올드 세대 선생님의 좁혀지지 않는 간극⚡,f-851,어린 학생들을 이해하는 마음으로 행동하지 않아도 된다.,agency,-1,"아니다, 해야 한다.",해야 한다,1,,0,kbsn
135,내가 알바하고 있는 가게 사장님이 장사가 잘 안된다고 친구에게 토로했는데 공감을 잘 안해준다며 화를 내셨다.,406,주변 사람이 어려움을 토로하면 공감을 해 주는 것이 좋다.,agency,1,"그렇다, 좋다.",좋다,1,,0,crd
705,회사에서 후배의 잘못을 덮어주려고 거짓말했는데 그 일이 나의 잘못이 되어버렸다.,2115,회사에서 후배가 잘못했을 경우 사실대로 회사에 보고하지 않아도 된다.,agency,-1,"아니다, 해야 한다.",해야 한다,1,,0,crd
s-989,아내보다 루틴?⌚ 짜여진 삶에 집착하게 된 남편의 속사정!,f-589,짜여진 삶을 사느라 아내를 힘들게 하면 안된다,agency,1,"그렇다, 그러면 안된다.",그러면 안된다,1,,0,kbsn
699,친구가 뒤에서 나의 험담을 하고 다닌 것을 알게 되어 사실을 확인하니 내가 처신을 잘못 해서 그런 것이라면서 적반하장으로 나와 갈등을 겪었다.,2097,친구라도 잘못된 언행에 대해서는 지적하면 안 된다.,agency,-1,"아니다, 괜찮다.",괜찮다,1,,0,crd
s-864,"학벌, 명예 따지는 부모님! 조건 안되는 남친이랑 헤어지래요ᅲᅲ",f-536,이성친구의 부모님이 교제를 반대할 때 더욱 노력하는 것은 바람직하지 않다.,agency,-1,"아니다, 바람직하다.",바람직하다,1,,0,kbsn
373,"미용실에서 머리를 짧게 깎아달라고 했더니 ""지금은 머리를 길러야 하는 계절 아니에요?"" 라고 해서 당황했다.",1121,의사 결정을 내리기 전에 충분히 소통하는 것은 좋지 않다.,agency,-1,"아니다, 좋다.",좋다,1,,0,crd
400,"회사에서 너무 힘든 일이 있어 나도 모르게 같이 퇴근 중이던 동료에게 투덜거렸는데, 그 분이 지하철에서 내린 후 너무 내 힘든 이야기만 한 것 같아 미안했다.",1200,"타인과 대화할 때는 자신의 감정을 표현하되, 상대방의 감정도 고려하여 배려하는 태도는 가질 필요 없다.",agency,-1,"아니다, 해야 한다.",해야 한다,1,,0,crd
207,"집에서 미리 샤워를 하고 수영장에 바로 들어가려 했지만, 사람들이 입장 전 다시 샤워를 해야 한다며 막아서는 바람에 불쾌함을 느꼈다.",621,수영장과 같은 공공 체육 시설을 이용할 때는 수질 관리를 위해 입장 직전 해당 시설에서 샤워를 마친 후 들어가야 한다.,agency,1,"그렇다, 그래야 한다.",그래야 한다,1,,0,crd
414,분리수거를 해야 하는 상황에서 음식물쓰레기로 버려야 할 귤껍질을 귀찮다는 이유로 일반쓰레기 봉투에 그대로 버렸다.,1243,음식물 쓰레기를 일반 쓰레기봉투에 버리는 것은 바람직한 행동이다.,agency,-1,"아니다, 바람직하지 않다.",바람직하지 않다,1,,0,crd
s-1230,이혼 후 혼자 키우는 7살 딸에게 아빠의 부재를 어떻게 말할까요?,f-707,이혼 후 자녀 양육에 대한 책임을 져야 한다.,agency,1,"그렇다, 그래야 한다.",그래야 한다,1,,0,kbsn
s-1251,잠자리를 피하는 아내가 너~무 서운한 남편! 어떻게 하면 좋을까요?😭,f-714,원활한 부부 생활을 유지하는 것은 필요하지 않다.,agency,-1,"아니다, 해야 한다.",해야 한다,1,,0,kbsn
368,버스 정류장에서 차들을 구경하고 잇었는데 차 주인과 눈을 마주쳤더니 욕해서 당혹스러웠다.,1104,알지 못하는 사람에게 욕설을 해도 된다.,agency,-1,"아니다, 해서는 안 된다.",해서는 안 된다,1,,0,crd
684,시모께서 여러 가지 반찬을 택배로 보내왔는데 너무 맛이 없어 버리는 게 많았지만 맛있게 잘 먹었다고 거짓말을 했다.,2052,상대방의 정성을 고려하더라도 사실과 다른 말을 하는 것은 바람직하지 않다.,agency,1,"그렇다, 바람직하지 않다.",바람직하지 않다,1,,0,crd
484,직장 상사의 옷차림에 대해 칭찬한 것이 다른 사람에게는 아부하는 것으로 비춰지지는 않았을지 걱정이 되었다.,1453,부하 직원의 칭찬은 순수한 의도이므로 과장되도록 반갑게 반응하는 것이 좋다.,agency,-1,"아니다, 좋지 않다.",좋지 않다,1,,0,crd
s-890,두 남편이 저지른 외도와 폭력... 싱글맘 됐지만 아이 잘 키우고 싶어요,f-547,싱글맘이라고 기죽지 말고 잘 살아야 한다,agency,1,"그렇다, 그래야 한다.",그래야 한다,1,,0,kbsn
s-1371,20살 딸에게 끊임없이 돈을 요구하는 엄마,f-772,다른 가족이 문제를 겪는 것 같으면 조심스럽게 조언해도 괜찮다.,agency,1,"그렇다, 그래도 괜찮다.",그래도 괜찮다,1,,0,kbsn
159,차가 없는 한산한 도로에서 빨간불인데 그냥 가도 될지 고민하였다.,478,운전자는 행인의 무단 횡단을 염두에 두고 방어 운전을 하는 것이 바람직하다.,agency,1,"그렇다, 바람직하다.",바람직하다,1,,0,crd
s-1486,생후 23일 만에 떠난 엄마를 찾기 위한 고민녀의 노력,f-816,"부모는 자녀에게 정서적, 경제적 안정을 제공하지 않아도 된다.",agency,-1,"아니다, 해야 한다.",해야 한다,1,,0,kbsn
s-2212,"롱디 예정인 11살 초딩 커플, ′′남자친구와 헤어져야 할까요?′′",f-1330,초등학생의 이성관계도 존중해야 한다.,agency,1,"그렇다, 그래야 한다.",그래야 한다,1,,0,kbsn
356,"친구가 타 지역에서 본인이 버스를 놓쳤는데, 택시비는 아깝다며 내가 차가 있으니 데리러오라는 소리에 상당히 불쾌했다.",1070,버스를 놓치지 않게 미리 준비하는 것은 좋지 않다.,agency,-1,"아니다, 좋다.",좋다,1,,0,crd
s-2152,아이들과 함께 안 살거면 헤어지자고 하는 남친... 결혼해도 될까요?,f-1315,연인에게 '헤어짐'을 무기로 선택을 강요하는 것은 문제다.,agency,1,"그렇다, 문제다.",문제다,1,,0,kbsn
689,옆집 사람이 아파트 비상구 계단 입구에 개인 적재물을 쌓아 두어 불쾌했다.,2068,법을 위반한 행동에 대해 책임을 져야 한다.,agency,1,"그렇다, 그래야 한다.",그래야 한다,1,,0,crd
270,주황불일 때 엑셀을 밟을지 브레이크를 밟을지 고민했다.,812,자신뿐만 아니라 타인의 안전까지 고려하여 책임감 있게 행동하는 태도가 필요하다.,agency,1,"그렇다, 필요하다.",필요하다,1,,0,crd
34,주문받는데 직접결제인데 고객이 카드를 던지고 결제하라고 그래서 당황스러웠다.,102,무례한 행동을 하는 손님을 혼자 감당하지 않고 관리자에게 도움을 요청하면 안 된다.,agency,-1,"아니다, 그래도 괜찮다.",그래도 괜찮다,1,,0,crd
s-1553,"손님들과 합석해서 마시는 인싸 사장님, 한 달에 손해 금액이 300만 원?",f-857,가게 일을 돌보지 않고 손님들과 술을 마시는 것은 옳지 않다.,agency,1,"그렇다, 옳지 않다.",옳지 않다,1,,0,kbsn
723,맛집 줄서기를 하고 있는데 입장 순서에 다가 올 때 앞 팀이 전화를 막 하더니 줄에 없는 사람들이 합류되어 새치기를 하니 당혹스러웠다.,2170,대기줄 중간에 합류하게 되는 상황에서 뒷사람들에게 미리 양해를 구할 필요는 없다.,agency,-1,"아니다, 그렇게 하는 것이 옳다.",그렇게 하는 것이 옳다,1,,0,crd
537,이중주차를 한 차량이 사이드 브레이크를 채워 놓고 주차하여 차를 빼달라고 전화를 하였으나 차주가 지금 바쁘다고 하면서 30분 후에 나타나서는 미안하다고 말도 하지 않아 화가 났다.,1613,주차장이 공동으로 사용하는 공간이더라도 서로 배려할 필요는 없다.,agency,-1,"아니다, 하는 것이 바람직하다.",하는 것이 바람직하다,1,,0,crd
s-300,"전처, 전 남편의 죽음으로 아이 다섯 키우는 부부",f-255,부모는 자식 양육의 의무를 이행하는 데 최선을 다하지 않아도 된다.,agency,-1,"아니다, 다해야 한다 .",다해야 한다 ,1,,0,kbsn
100,친구의 고민을 들으면서도 현실적인 조언을 해야 할지 공감만 해야 할지 판단이 서지 않아 망설였다.,302,타인의 고민에 현실적인 조언을 해주는 것이 좋다.,agency,1,"그렇다, 좋다.",좋다,1,,0,crd
s-1896,농사만 짓고 가족은 뒷전인 아빠랑 멀리 살고 싶어요ᅮᅮ,f-1168,가족과의 시간을 보내지 않는 것은 옳은 행동이다.,agency,-1,"아니다, 옳지 않다.",옳지 않다,1,,0,kbsn
432,층간소음이 걱정되어 바닥에 매트시공을 2겹으로 깔았는데도 불구하고 아랫집에선 본인들은 아이가 없어 작은 소음도 이해할 수 없다며 위원회를 열겠다고해 당혹스러웠다.,1297,이웃 간 갈등 상황에서는 일방적인 요구보다는 상호 배려와 대화를 통해 해결책을 모색하지 않아도 된다.,agency,-1,"아니다, 해야 한다.",해야 한다,1,,0,crd
549,"공원 산책 중 목줄을 하지 않은 개가 갑자기 달려들어 깜짝 놀랐는데, 견주가 사과는커녕 오히려 “우리 개는 안 물어요”라며 적반하장으로 화를 내서 당황스러웠다.",1648,공공장소에서는 반려동물로 인해 타인이 불안함을 느끼지 않도록 관리 책임을 다하는 것이 필요하다.,agency,1,"그렇다, 필요하다.",필요하다,1,,0,crd
779,시어머니가 해주신 음식이 입맛에 맞지 않아 집에 가져가면 결국 안먹고 버릴 것을 알면서도 솔직하게 말하지 못하고 집에 가져왔다.,2338,상대의 마음을 상하게 할까 봐 솔직한 의사를 표현하지 못하고 불필요한 선택을 하지 않아도 괜찮다,agency,1,"그렇다, 그래도 괜찮다.",그래도 괜찮다,1,,0,crd
678,커피숍에서 아주머니 두명이 너무 시끄럽게 해서 정신이 없었다.,2035,공공장소에서는 주변 사람들을 배려하지 않고 시끄럽게 하면 안된다.,agency,1,"그렇다, 그러면 안 된다.",그러면 안 된다,1,,0,crd
405,시가와 함께 카페에 갔는데 아이가 너무 크게 떠들어서 훈육을 하던 중 어머님께서 아이들은 그래도 된다고 하시는 말씀에 당황스러웠다.,1215,여러 사람이 있는 장소에서는 큰 소리로 떠드는 행위를 삼가지 않아도 된다.,agency,-1,"아니다, 삼가해야 한다.",삼가해야 한다,1,,0,crd
173,학교 선배가 지도교수의 말에만 너무 맹목적으로 따라 학과 분의기를 망치길래 조심스레 지적하자 화를 냈다.,519,학교에서 한 교수의 말만 맹목적으로 따라야 한다.,agency,-1,"아니다, 적절하지 않다 .",적절하지 않다 ,1,,0,crd
73,직장에서 결혼이나 출산 계획을 묻는 상사의 반복적인 질문으로 사적인 영역이 침해된다고 느껴 불편함과 스트레스를 겪었다.,220,업무와 직접 관련 없는 사적인 질문을 반복적으로 묻는 것은 나쁜 행동이 아니다.,agency,-1,"아니다, 나쁘다.",나쁘다,1,,0,crd
s-1878,"no 저축, 길거리 댄스까지?! 미래 생각 안 하는 철없는 고모가 걱정인 조카",f-1161,가까운 가족이라면 적절한 조언을 해주는 것이 좋다.,agency,1,"그렇다, 좋다.",좋다,1,,0,kbsn
378,아이가 위험한 행동을 해서 다칠 뻔 했는데 혼을 먼저 내야 하는지 괜찮냐고 먼저 물어야 하는지 고민이 되었다.,1136,위험한 행동을 한 아이에게 무엇이 위험한지 알려주는 일은 필요하지 않은 일이다,agency,-1,"아니다, 필요한 일이다.",필요한 일이다,1,,0,crd
s-2158,전남편과 이혼 후 생긴 남자친구의 아이.. 양가에 어떻게 알려야 할까요?,f-1317,자신의 행동으로 인해 생긴 아이를 키울 순 없어도 금전적으로라도 책임져야 한다.,agency,1,"그렇다, 그래야 한다.",그래야 한다,1,,0,kbsn
171,어머니와 아버지가 동생의 결혼 문제로 다툼을 하셨는데 어느 편도 들지 못해 고민이었다,515,가족 내 다툼에 대해서는 한 쪽의 편을 드는 것이 좋다,agency,-1,"아니다, 그러지 않는 것이 좋다.",그러지 않는 것이 좋다,1,,0,crd
s-484,동생 기일이 1년도 채 지나지 않아 재혼하는 제부.. 어떻게 이럴 수 있나요?,f-418,법적으로 종료된 혼인 관계일지라도 전 배우자에 대한 예의를 갖추는 것이 좋다.,agency,1,"그렇다, 좋다.",좋다,1,,0,kbsn
174,상사가 감당하기 어려운 힘든 일을 나한테 떠넘겼을 때 좋은 표정을 지을 수 없었다.,522,직장인이 업무상 불만스러운 상황이 생겼을 때 감정을 드러내지 않는 것은 좋지 않다.,agency,-1,"아니다, 좋다 .",좋다 ,1,,0,crd
s-1372,"술고래 예비신부, 음주를 싫어하는 예비신랑",f-778,지나친 음주를 즐기는 것은 바람직하지 않다.,agency,1,"그렇다, 바람직하지 않다.",바람직하지 않다,1,,0,kbsn
s-1676,디자이너를 꿈꾸는 치과의사🦷 워킹맘,f-983,다른 사람의 삶에 마음대로 관여해도 된다.,agency,-1,"아니다, 안 된다.",안 된다,1,,0,kbsn
110,서비스 이용 중 직원의 무성의한 응대로 인해 의견 충돌이 발생해 불쾌했다.,331,직원은 업무 중 손님을 성실히 응대해야 한다.,agency,1,"그렇다, 그래야 한다.",그래야 한다,1,,0,crd
s-1661,1년에 10번 보는 스님 아빠를 그리워하는 사춘기 딸..,f-971,부모답지 않은 부모에게도 예의를 갖춰야 한다.,agency,1,"그렇다, 그래야 한다.",그래야 한다,1,,0,kbsn
530,회사에서 승진 결과를 사전에 통보받아 알고 있었지만 비밀 서약 때문에 승진 대상인 후배에게 떨어진 사실을 말하지 않았다.,1591,후배는 인사 결과가 발표되기 전 동료에게 결과를 캐묻거나 답을 강요하는 행동은 적절하지 않다.,agency,1,"그렇다, 적절하지 않다.",적절하지 않다,1,,0,crd
133,게임 승급전에서 같은 팀으로 매칭된 유저가 계속 게임을 망치며 남탓을 하길래 참다참다 중간에 적당히 하라고 채팅을 쳤다가 시비가 걸려 게임 끝날 때까지 그 유저랑 채팅으로 싸웠다.,399,게임에서 다른 사람과 말싸움을 하는 것은 나쁜 행동이 아니다.,agency,-1,"아니다, 나쁘다.",나쁘다,1,,0,crd
s-1800,남편의 일거수일투족을 저보다 남편의 친구가 더 잘 알아요ᅮᅮ,f-1110,중요한 일이나 일상적인 소식을 친구에게 먼저 공유하여 아내에게 소외감을 주는 행위는 옳지 않다.,agency,1,"그렇다, 옳지 않다.",옳지 않다,1,,0,kbsn
499,길을 가다 길을 묻는 남자를 만났는데 사이비일까봐 바쁘다며 모른 척 지나쳤다.,1498,낯선 사람의 요청에 불안함을 느낄 경우 응답하지 않을 선택을 할 수 있다.,agency,1,"그렇다, 그럴 수 있다.",그럴 수 있다,1,,0,crd
431,지인에게 돈을 빌려줬지만 책임감있게 돈을 갚지 않는 태도에 화가 났다.,1293,채무자가 약속을 이행하지 않을 경우 채권자는 이에 대해 정당하게 책임을 물을 수 없다.,agency,-1,"아니다, 책임을 물을 수 있다.",책임을 물을 수 있다,1,,0,crd
600,최근 크리스마스에 안부를 보낸 친구의 연락을 바쁘다는 핑계로 거의 무시해서 한편으로는 미안한 마음이 들었다.,1800,상대의 관심에 대해 최소한의 반응을 보이는 것은 좋지 않다.,agency,-1,"아니다, 좋다.",좋다,1,,0,crd
s-1072,극단적인 선택을 한 중1 아이.. 죄책감만 가득한 엄마,f-623,사건 이후 당사자 가족을 비난하거나 책임을 묻는 행동은 옳은 행동이다.,agency,-1,"아니다, 옳지 않다.",옳지 않다,1,,0,kbsn
s-418,"1년 차 신혼부부, 게임만 하는 겜돌이 남편이 너무 서운해요",f-377,신혼이라면 자기만의 시간을 보내기보다 배우자와의 시간을 소중히 해야 한다.,agency,1,"그렇다, 그래야 한다.",그래야 한다,1,,0,kbsn
79,축구 경기를 보고 집에 돌아가는 길에 시간이 빠듯하여 경기장 자리에 쓰레기를 놓고 온 적이 있다.,238,시간이 빠듯해서 자신의 쓰레기를 방치하고 떠나는 행동은 옳다.,agency,-1,"아니다, 옳지 않다.",옳지 않다,1,,0,crd
747,"나와 의견이 다른 사람과 SNS에서 논쟁을 벌이게 되었는데, 인신공격을 받아 너무 기분이 나빴다.",2241,논쟁 중에는 상대방을 인신공격하는 것이 좋다.,agency,-1,"아니다, 좋지 않다.",좋지 않다,1,,0,crd
461,오늘 아침 집에서 자녀가 늦잠을 자는 걸 보고 깨울지 말지 망설였다.,1385,자녀가 늦잠으로 학교에 지각하는 것을 방치해도 괜찮다.,agency,-1,"아니다, 옳지 않다.",옳지 않다,1,,0,crd
798,우리 집 현관문 도어록 비밀번호를 알고 있는 시모가 아무 때나 문을 열고 들어오길래 비밀번호를 바꾸고 이 사실을 시모에게 알리지 않았다.,2396,가족 간이라면 사생활은 지켜주지 않아도 된다.,agency,-1,"아니다, 지켜주어야 한다.",지켜주어야 한다,1,,0,crd
14,"회사 회의 중 팀장이 내 의견을 끝까지 듣지 않고 중간에 말을 끊으며 이미 결정된 사안이라고 말해, 더 이야기하면 괜히 예민한 사람으로 보일까 봐 참았지만 상당히 난처하고 불쾌했다.",43,팀장은 회의에서 팀원들의 의견을 경청해야 한다.,agency,1,"그렇다, 그래야 한다.",그래야 한다,1,,0,crd
71,"부모님이 나이가 들어 돌봄이 필요해지는 상황에서 지방에 계신 부모님 근처로 이직해 모시고 살아야 할지, 현재의 커리어를 유지하기 위해 계속 도시 생활을 해야 할지 갈등했다.",215,나이가 들고 돌봄이 필요하다고 해서 자녀에게 돌봄의 의무를 지어도 된다.,agency,-1,"아니다, 안 된다.",안 된다,1,,0,crd
632,"팀플에서 발표를 친구가 맡기로 했는데 준비를 안 해서, 점수 생각하면 내가 대신 하자는 말이 목까지 나왔지만 끝까지 믿고 맡기는게 맞는지 고민됐다.",1896,팀에서 맡은 역할에 대해서는 일정과 준비를 책임감 있게 이행하는 것이 옳다.,agency,1,"그렇다, 옳다.",옳다,1,,0,crd
585,"바닥에 쓰레기를 버리는 것이 적절하지 않은 것을 알지만, 친구가 바닥에 쓰레기를 버리길래 나도 어쩔 수 없는 척 동조했다.",1756,친구가 나쁜 행동을 했을 때 방관하는 것이 옳다.,agency,-1,"아니다, 옳지 않다.",옳지 않다,1,,0,crd
666,오랜만에 만난 친구가 양성평등법에 대한 긍정적인 의견을 주장해서 마음이 불편했다.,1999,상대방에게 불편함을 줄 수 있는 방식의 일방적인 주장을 해도 된다.,agency,-1,"아니다, 삼가야 한다.",삼가야 한다,1,,0,crd
