inputs	targets
[도덕_문장]: 가족에게 자신의 부담을 주지 않는 것	<분류>0</분류> <판단>좋다</판단>
[도덕_문장]: 가족에게 부담을 주는 상황에서도 부담을 최소화하는 방안을 함께 고민하는 것	<분류>1</분류> <판단>바람직하다</판단>
[도덕_문장]: 자신의 목표를 위해 노력하는 것	<분류>1</분류> <판단>바람직하다</판단>
[도덕_문장]: 자식이 시험에 합격헀음에도 무리하게 돈을 쓰지 않는 것	<분류>0</분류> <판단>좋다</판단>
[도덕_문장]: 잘못을 알게 되었을 때 주저하지 않고 정정하는 것	<분류>1</분류> <판단>옳다</판단>
[도덕_문장]: 잘못을 인지했을 때 책임을 회피하지 않고 적극적으로 해결하려는 태도를 가지는 것	<분류>1</분류> <판단>옳다</판단>
[도덕_문장]: 집안일을 미루는 것	<분류>-1</분류> <판단>바람직하지 않다</판단>
[도덕_문장]: 가족 구성원으로서 부모님께 감사한 마음을 표현하는 것	<분류>1</분류> <판단>좋다</판단>
[도덕_문장]: 성적 자랑을 할 때 상대의 기분을 고려하는 것	<분류>1</분류> <판단>바람직하다</판단>
[도덕_문장]: 자신의 성공을 자랑하면서도 타인의 감정을 배려하여 과도하게 과시하지 않는 것	<분류>1</분류> <판단>좋다</판단>
[도덕_문장]: 타인의 마음을 고려하는 것	<분류>1</분류> <판단>중요하다</판단>
[도덕_문장]: 농사일을 혼자 하는 것이 걱정되어 도움을 드리고 싶어도 바쁜 일상으로 도움을 주지 못할 때 솔직하게 전달하는 것	<분류>1</분류> <판단>좋다.</판단>
[도덕_문장]: 농사일을 도와줄 때 어른의 노고를 존중하며 신중하게 행동하는 것	<분류>1</분류> <판단>해야 한다</판단>
[도덕_문장]: 성인이 된 자녀의 노력을 칭찬하는 것	<분류>1</분류> <판단>중요하다</판단>
[도덕_문장]: 부모님의 의사를 존중하는 것	<분류>1</분류> <판단>해야 한다</판단>
[도덕_문장]: 자신의 노력에 따른 결과와 동료들의 감정을 동시에 존중하는 것	<분류>1</분류> <판단>해야 한다</판단>
[도덕_문장]: 자녀의 상황을 이해해주는 것	<분류>1</분류> <판단>좋다</판단>
[도덕_문장]: 자녀에게 어려움을 털어놓는 것	<분류>1</분류> <판단>될 수 있다</판단>
[도덕_문장]: 전시회에서 팬들과의 소통 시간을 조절하고 다른 팬들에게 피해가 가지 않도록 배려하는 것	<분류>1</분류> <판단>바람직하다</판단>
[도덕_문장]: 다른 사람의 시간을 존중하는 것	<분류>1</분류> <판단>좋다</판단>
[도덕_문장]: 작가에게 감사편지를 전달할 때 다른 팬들도 있음을 인식하고 시간을 너무 많이 차지하지 않는 것	<분류>1</분류> <판단>해야 한다</판단>
[도덕_문장]: 여러 사람이 줄을 서서 순서를 지키고 차례대로 진행하는 것	<분류>1</분류> <판단>좋다</판단>
[도덕_문장]: 자녀가 성인으로서 자신의 삶을 선택하는 것을 존중하는 것	<분류>1</분류> <판단>필요하다</판단>
[도덕_문장]: 중요한 일 결정 시 비용과 거리 등의 현실적 상황을 고려하는 것	<분류>1</분류> <판단>괜찮다</판단>
[도덕_문장]: 직장인이 승진에 대한 기대와 함께 자신의 역량을 객관적으로 평가하고, 자신이 감당할 수 있는 범위를 명확히 하는 것	<분류>1</분류> <판단>바람직하다</판단>
[도덕_문장]: 자녀의 고민을 들어주고 이해하는 것	<분류>1</분류> <판단>좋다</판단>
[도덕_문장]: 친구들이 하는 일을 무리하게 따라 하지 않는 것	<분류>1</분류> <판단>옳다</판단>
[도덕_문장]: 주택청약예금과 같은 제도를 이용할 때 자기 상황을 고려한 판단을 하는 것	<분류>1</분류> <판단>필요하다</판단>
[도덕_문장]: 자녀가 자신이 이룰 수 있는 가능성과 함께 겸손함을 배우는 것	<분류>1</분류> <판단>중요하다</판단>
[도덕_문장]: 상황에 맞는 절제된 행동과 겸손함을 함께 가르쳐 주는 것	<분류>1</분류> <판단>옳다</판단>
[도덕_문장]: 자신의 확신이 있더라도 현실적인 어려움을 고려해 겸손한 태도를 가지는 것	<분류>1</분류> <판단>바람직하다</판단>
[도덕_문장]: 자신의 능력을 과신하지 않는 것	<분류>1</분류> <판단>좋다</판단>
[도덕_문장]: 자신의 의견이나 행동에 대해 오해받을 가능성이 있을 때 상황을 충분히 설명하고 이해를 구하는 것	<분류>1</분류> <판단>바람직하다</판단>
[도덕_문장]: 행동하기 전에 상대방이 이를 어떻게 볼지 미리 생각해보는 것	<분류>1</분류> <판단>좋다</판단>
[도덕_문장]: 세월호 참사를 기념할 때 다른 사람의 오해를 고려하여 행동하는 것	<분류>1</분류> <판단>바람직하다</판단>
[도덕_문장]: 상대방에게 지키지 못할 약속을 하는 것	<분류>-1</분류> <판단>옳지 않다</판단>
[도덕_문장]: 다른 사람의 약속을 일방적으로 어기는 것	<분류>-1</분류> <판단>바람직하지 않다</판단>
[도덕_문장]: 다른 사람의 생각을 존중하고, 자신의 시간과 노력을 고려해서 상황을 판단하는 것	<분류>1</분류> <판단>필요하다</판단>
[도덕_문장]: 학업과 개인의 사회적 책임 사이에서 균형을 유지하려고 노력하는 것	<분류>1</분류> <판단>해야 한다</판단>
[도덕_문장]: 학업에 전념하면서도 친구와의 관계를 존중하는 것	<분류>1</분류> <판단>바람직하다</판단>
[도덕_문장]: 친구들과의 관계와 학업을 모두 챙기려고 노력하는 것	<분류>1</분류> <판단>좋다</판단>
[도덕_문장]: 남편의 건강 증진을 위해 자신의 역할을 수행하는 것	<분류>1</분류> <판단>해야 한다</판단>
[도덕_문장]: 배우자가 배우자의 건강을 위해 노력하는 모습에 지지를 보내는 것	<분류>1</분류> <판단>바람직하다</판단>
[도덕_문장]: 아이의 행동을 긍정적으로 칭찬하는 것	<분류>1</분류> <판단>더 중요하다</판단>
[도덕_문장]: 자신의 배려 행위로 부담을 줄 수 있음을 인정하고 신중한 선택을 하는 것	<분류>1</분류> <판단>바람직하다</판단>
[도덕_문장]: 타인의 행동이 부담을 주거나 갈등을 만들 우려가 있다면 상대방의 입장을 살피는 것	<분류>1</분류> <판단>좋다</판단>
[도덕_문장]: 자녀와 함께 있는 시간을 원하면서도 아내의 선택을 존중하는 것	<분류>1</분류> <판단>해야 한다</판단>
[도덕_문장]: 자녀의 어려움을 알았을 때 감정적으로 대응하기보다 아이를 안정적으로 돌보는 것	<분류>1</분류> <판단>좋다</판단>
[도덕_문장]: 아이와 솔직하게 대화하며 적극적으로 해결 방안을 모색하는 것	<분류>1</분류> <판단>바람직하다</판단>
[도덕_문장]: 자녀가 학교생활에 어려움을 겪을 때 아이를 격려하고 지지하는 것	<분류>1</분류> <판단>바람직하다</판단>
[도덕_문장]: 아이가 본인의 상황과 감정을 부모에게 솔직하게 말하는 것	<분류>1</분류> <판단>괜찮다</판단>
[도덕_문장]: 완벽주의적 성향을 바꾸지 못하고 배우자에게 솔직하게 이야기하는 것	<분류>1</분류> <판단>해야 한다</판단>
[도덕_문장]: 결혼생활에서 서로에게 부담이 되지 않도록 함께 조율해나가는 것	<분류>1</분류> <판단>바람직하다</판단>
[도덕_문장]: 상대방의 가정 상황을 인정하고 존중하는 태도를 가지는 것	<분류>1</분류> <판단>가져야 한다</판단>
[도덕_문장]: 이웃과 관련된 문제가 있을 때 서로 도와주는 것	<분류>1</분류> <판단>좋다</판단>
[도덕_문장]: 도움이 필요할 때 도움을 요청하는 것	<분류>0</분류> <판단>괜찮다</판단>
[도덕_문장]: 도움이 필요한 상황에서 개인적인 체면보다 도움을 요청하는 것	<분류>1</분류> <판단>바람직하다</판단>
[도덕_문장]: 도움이 필요한 상황에서 도움을 요청하는 것	<분류>1</분류> <판단>바람직하다</판단>
[도덕_문장]: 공공장소에서 어려움을 겪을 때 주변 사람이나 관리자에게 도움을 요청하는 것	<분류>0</분류> <판단>괜찮다</판단>
[도덕_문장]: 임신 중 입덧으로 인해 원하는 음식을 못 먹는 것	<분류>1</분류> <판단>이해해주어야 한다</판단>
[도덕_문장]: 아내가 입덧으로 힘들어하는 모습을 보고 이해하고 도와주는 것	<분류>1</분류> <판단>해야 한다</판단>
[도덕_문장]: 이웃집에 요리를 나눠주기 전에 가족이 충분히 먹을 수 있는지 확인하는 것	<분류>1</분류> <판단>좋다.</판단>
[도덕_문장]: 음식을 나눠주는 것을 거절하는 것	<분류>0</분류> <판단>괜찮다</판단>
[도덕_문장]: 배우자에게 부탁이 있을 때 상대의 상황과 감정을 존중하고 강요하지 않는 것	<분류>1</분류> <판단>바람직하다</판단>
[도덕_문장]: 가족 구성원이 성숙해져 행동이 변하는 것	<분류>1</분류> <판단>좋은 일이다</판단>
[도덕_문장]: 부모가 자녀의 성장 과정에서 겪은 아픔을 공감하고 그 감정을 치유하는 방향으로 이끌어주는 것	<분류>1</분류> <판단>옳다</판단>
[도덕_문장]: 가족의 감정 변화를 받아들이는 것	<분류>1</분류> <판단>좋다</판단>
[도덕_문장]: 과거의 행동으로 인해 상처를 입힌 가족 구성원이 현재의 성숙한 모습으로 그 상처를 치유하고 나아가는 것	<분류>1</분류> <판단>바람직하다</판단>
[도덕_문장]: 낯선 사람이 자신을 도와주려 할 때 자신의 성격과 안전을 고려해 적절하게 판단하고 대응하는 것	<분류>1</분류> <판단>바람직하다</판단>
[도덕_문장]: 모르는 사람에게 도움을 받을 때 거절하는 것	<분류>0</분류> <판단>괜찮다</판단>
[도덕_문장]: 배우자에게 부담을 주지 않도록 배려하는 것	<분류>1</분류> <판단>좋다</판단>
[도덕_문장]: 운동 제안을 받았을 때 상대방의 걱정을 먼저 이해하고 배려해주는 것	<분류>1</분류> <판단>좋다</판단>
[도덕_문장]: 가족 구성원에게 필요한 물건을 사주려면 경제적 무리가 없는지 먼저 확인하는 것	<분류>0</분류> <판단>바람직하다</판단>
[도덕_문장]: 가족이 이사를 갔을 때 서운함을 내색하는 것	<분류>0</분류> <판단>괜찮다</판단>
[도덕_문장]: 배우자에게 감정적인 표현을 들었을 때 상대방의 의도를 먼저 생각하는 것	<분류>1</분류> <판단>바람직하다</판단>
[도덕_문장]: 배우자의 선택을 존중하는 것	<분류>1</분류> <판단>옳다</판단>
[도덕_문장]: 아내의 결정을 존중하고 아내의 행동에 대해 섣부른 판단을 하지 않는 것	<분류>1</분류> <판단>바람직하다</판단>
[도덕_문장]: 배우자에게 임신 사실을 통보할 때 자신의 마음과 함께 신중하게 말하는 것	<분류>1</분류> <판단>좋다</판단>
[도덕_문장]: 혼자만의 시간과 부부의 시간의 가치를 모두 존중하는 것	<분류>1</분류> <판단>좋다</판단>
[도덕_문장]: 자녀의 합격 소식을 자녀의 자존감이 훼손되지 않도록 조심스럽게 전달하는 것	<분류>1</분류> <판단>좋다</판단>
[도덕_문장]: 물건을 구매할 때 비용과 효용을 종합적으로 고려하는 것	<분류>1</분류> <판단>바람직하다</판단>
[도덕_문장]: 차량 구매를 계획할 때 현실적인 재정 상태를 먼저 고려하는 것	<분류>1</분류> <판단>해야 한다</판단>
[도덕_문장]: 재정적인 결정을 필요한 생활 유지와 개인의 소비 욕구를 고려하여 신중하게 하는 것	<분류>1</분류> <판단>해야 한다</판단>
[도덕_문장]: 장기적인 경제적 이익을 위해 단기적인 욕구를 조절하는 것	<분류>1</분류> <판단>바람직하다</판단>
[도덕_문장]: 경제적 상황을 고려해 결정을 내리는 것	<분류>1</분류> <판단>바람직하다</판단>
[도덕_문장]: 배우자에게 거짓말을 하는 것	<분류>-1</분류> <판단>안 된다</판단>
[도덕_문장]: 배우자와의 대화에서 솔직한 감정을 숨기고 허위 사실을 전달하는 것	<분류>-1</분류> <판단>바람직하지 않다</판단>
[도덕_문장]: 가정 예산이 부족할 때 복권 구입과 같은 불필요한 지출을 중단하는 것	<분류>1</분류> <판단>중단해야 한다</판단>
[도덕_문장]: 가정 경제 상황을 고려하여 불필요한 지출을 줄이는 것	<분류>1</분류> <판단>좋다</판단>
[도덕_문장]: 가족의 경제 상황을 고려하여 불필요한 지출을 조절하는 것	<분류>1</분류> <판단>바람직하다</판단>
[도덕_문장]: 가족 구성원 중 한 명이 지출에 대해 고민하고 있을 때 다른 구성원들이 적극적으로 대화에 참여하여 경제적인 조언과 도움을 주는 것	<분류>1</분류> <판단>해야 한다</판단>
[도덕_문장]: 상대방의 행동이 기대와 다르더라도 이해해 주는 것	<분류>1</분류> <판단>좋다</판단>
[도덕_문장]: 타인의 선택을 존중하는 것	<분류>1</분류> <판단>바람직하다</판단>
[도덕_문장]: 혼자만의 시간을 즐기더라도 배우자에게 미안한 마음을 전하는 것	<분류>1</분류> <판단>바람직하다</판단>
[도덕_문장]: 친구의 선택을 존중하는 것	<분류>1</분류> <판단>좋다</판단>
[도덕_문장]: 친구와의 약속에서 상대방의 의견을 존중하는 것	<분류>1</분류> <판단>바람직하다</판단>
[도덕_문장]: 친구와의 관계에서 취향이 서로 다른 상황이 발생할 때 상대방의 취향을 존중하는 것	<분류>1</분류> <판단>해야 한다.</판단>
[도덕_문장]: 반려견의 활동량을 고려하지 않고 소홀히 하는 것	<분류>-1</분류> <판단>옳지 않다</판단>
[도덕_문장]: 업무 시간 이후에는 근무와 관련된 모임이 아닌 건강 증진 등 개인적인 선택을 존중해주는 것	<분류>1</분류> <판단>해야 한다</판단>
[도덕_문장]: 개인의 선택을 이유로 비난하거나 압박하는 것	<분류>-1</분류> <판단>적절하지 않다</판단>
[도덕_문장]: 업무 상황에서 동료의 개인적인 활동을 평가하는 것	<분류>-1</분류> <판단>바람직하지 않다</판단>
[도덕_문장]: 마라톤을 완주한 동료의 체력 회복을 우선시 하는 것	<분류>1</분류> <판단>해야 한다</판단>
[도덕_문장]: 동료가 피곤함으로 집에 가고 싶다고 답헀을 때 이를 존중하는 것	<분류>1</분류> <판단>해야 한다</판단>
[도덕_문장]: 음주를 강요하지 않고 동료의 의사 존중하기	<분류>1</분류> <판단>좋다</판단>
[도덕_문장]: 마라톤 완주 후 몸을 배려하며 휴식을 선택하는 것	<분류>1</분류> <판단>옳은 판단이다</판단>
[도덕_문장]: 마라톤 완주 후 동료들의 맥주 제안을 자신의 건강과 휴식을 고려해 거절하는 것	<분류>1</분류> <판단>옳은 선택이다</판단>
[도덕_문장]: 자신의 결정을 상대에게 이해를 구하는 것	<분류>1</분류> <판단>해야 한다</판단>
[도덕_문장]: 연인과 갈등이 생길 수 있는 상황에서 미리 대화를 시도하는 것	<분류>1</분류> <판단>좋다</판단>
[도덕_문장]: 연인과 함께 보내는 시간을 소중히 하는 것	<분류>1</분류> <판단>좋다</판단>
[도덕_문장]: 연인과 함께하는 시간에 대해 불만이나 걱정이 있을 때 상대에게 솔직하게 말하는 것	<분류>1</분류> <판단>좋다</판단>
[도덕_문장]: 연인의 취미생활에 대해 이해하고 시간을 갖는 것에 대해서도 이해하고 배려해주는 것	<분류>1</분류> <판단>바람직하다</판단>
[도덕_문장]: 친구에게 부담을 주지 않고 다른 대안을 찾는 것	<분류>1</분류> <판단>적절하다</판단>
[도덕_문장]: 자신의 예산 내에서 할 수 있는 선에서 최선을 다하는 것	<분류>1</분류> <판단>바람직하다</판단>
[도덕_문장]: 회사 동료들과 사적인 교류를 최소화하는 것	<분류>0</분류> <판단>적절하다</판단>
[도덕_문장]: 처음 술을 마실 때 자신의 한계를 알고 적당히 마시는 것	<분류>1</분류> <판단>좋다</판단>
[도덕_문장]: 평소에 연락을 하지 않았더라도 축하의 마음을 표현하는 것	<분류>1</분류> <판단>좋다</판단>
[도덕_문장]: 오랜만에 연락을 받았을 때 축하와 함께 다시 연락을 하는 이유를 설명하는 것	<분류>1</분류> <판단>좋다.</판단>
[도덕_문장]: 축하 소식을 들었을 때 축하 인사를 전하는 것	<분류>1</분류> <판단>좋다</판단>
[도덕_문장]: 연인에게 자신의 상황을 과장하지 않는 것	<분류>1</분류> <판단>바람직하다</판단>
[도덕_문장]: 연인에게 솔직하게 사실을 말하는 것	<분류>1</분류> <판단>좋다</판단>
[도덕_문장]: 자신의 상태를 연인에게 솔직하게 말하는 것	<분류>1</분류> <판단>옳다</판단>
[도덕_문장]: 가족의 재정 상황을 고려하여 무리한 요구를 하지 않는 것	<분류>1</분류> <판단>좋다</판단>
[도덕_문장]: 자녀가 부모에게 기쁨을 주기 위해 최선을 다하는 것	<분류>1</분류> <판단>옳다</판단>
[도덕_문장]: 자녀가 경제적 여유가 부족한 상황을 이해해주는 것	<분류>1</분류> <판단>좋다</판단>
[도덕_문장]: 자녀의 경제적인 사정을 고려하여 선물을 준비하는 것	<분류>1</분류> <판단>좋은 행동이다</판단>
[도덕_문장]: 자녀가 선물하기 어려운 상황을 이해하고 부담을 덜어주는 태도를 가지는 것	<분류>1</분류> <판단>바람직하다</판단>
[도덕_문장]: 타인과 약속을 할 때 자신의 상황을 고려해 상대방에게 미루기로 결정하고, 그 사정을 설명하며 존중해 달라고 요청하는 것	<분류>1</분류> <판단>바람직하다</판단>
[도덕_문장]: 친구에게 상황을 설명하고 이해를 구하는 것	<분류>1</분류> <판단>예의 있는 행동이다</판단>
[도덕_문장]: 친구와의 약속을 일방적으로 미루거나 파기하기보다는 상호 조율을 시도하는 것	<분류>1</분류> <판단>적절하다</판단>
[도덕_문장]: 타인에게 서운한 일이 생겼을 때 서로에게 양해할 여지가 있는지 대화를 시도하는 것	<분류>1</분류> <판단>좋다</판단>
[도덕_문장]: 연인에게 연락이 안되더라도 서운해 하기보다 배려하려 노력하는 것	<분류>1</분류> <판단>좋다</판단>
[도덕_문장]: 개인의 휴가 선택을 자신의 삶의 행복을 위해 사용하는 것	<분류>1</분류> <판단>옳다</판단>
[도덕_문장]: 자녀가 조건을 지키지 못한 것에 대해 비난하기보다 용서하는 것	<분류>1</분류> <판단>옳다</판단>
[도덕_문장]: 자녀가 부모의 기대와 약속에 부응하지 못하더라도 그 상황을 진심으로 이해하고 자녀를 지지하는 것	<분류>1</분류> <판단>옳다</판단>
[도덕_문장]: 자녀가 약속한 조건을 지키지 못했을 때 훈육이 아닌 다른 방법으로 자녀의 행동을 유도하는 것	<분류>1</분류> <판단>좋다</판단>
[도덕_문장]: 상대방이 기대했던 배려를 한 번 했을 때 진심으로 감사해주는 것	<분류>1</분류> <판단>해야 한다</판단>
[도덕_문장]: 자신의 이익이나 입장에 대한 배려를 받았을 때 상대방의 마음을 고려해 감사를 표현하는 것	<분류>1</분류> <판단>좋다.</판단>
[도덕_문장]: 가족과의 관계에서 상대에 대한 애정을 표현하는 것	<분류>1</분류> <판단>바람직하다</판단>
[도덕_문장]: 친구의 상황을 이해하지 못한 채 자신의 편의를 강요하는 것	<분류>-1</분류> <판단>좋지 않다</판단>
[도덕_문장]: 자신의 편의나 건강 문제를 고려해 친구들에게 술을 마시지 않아도 괜찮다는 의사를 정중하게 밝히는 것	<분류>1</분류> <판단>좋은 행동이다</판단>
[도덕_문장]: 음주 권유가 과도할 때 정중히 거절하고 거절을 반복해도 이해해주는 것	<분류>1</분류> <판단>해야 한다</판단>
[도덕_문장]: 음주를 권유하는 친구들에게 거절의사를 분명하게 밝히는 것	<분류>1</분류> <판단>좋다</판단>
[도덕_문장]: 타인의 의사를 존중하지 않은 언행을 하는 것	<분류>-1</분류> <판단>옳지 않다</판단>
[도덕_문장]: 친구에게 연락할 때 상대방의 상황을 고려해 배려심 있게 행동하는 것	<분류>1</분류> <판단>해야 한다</판단>
[도덕_문장]: 회사 동료의 요청을 무리하지 않는 범위에서 처리하는 것	<분류>1</분류> <판단>옳다.</판단>
[도덕_문장]: 친구의 부탁을 받았을 때 상대방의 사정을 고려해 조율하는 것	<분류>1</분류> <판단>바람직하다</판단>
[도덕_문장]: 자신의 소비에 대해 고민하는 것	<분류>1</분류> <판단>바람직하다</판단>
[도덕_문장]: 개인적인 소비를 자신의 경제 상황에 맞게 신중하게 결정하는 것	<분류>1</분류> <판단>바람직하다</판단>
[도덕_문장]: 자신의 소비를 경제적 사정과 지출의 균형을 고려해 결정하는 것	<분류>1</분류> <판단>해야 한다</판단>
[도덕_문장]: 타인이 거절하였을 때 강요하지 않는 것	<분류>1</분류> <판단>좋다</판단>
[도덕_문장]: 자신의 일정이 방해되지 않도록 지인의 요구를 정중하게 거절하는 것	<분류>0</분류> <판단>괜찮다</판단>
[도덕_문장]: 타인에게 피해를 주지 않도록 자신의 일정과 욕구를 명확하게 전달하는 것	<분류>1</분류> <판단>바람직하다</판단>
[도덕_문장]: 개인의 취미 활동이나 개인 시간을 존중하는 것	<분류>1</분류> <판단>옳다</판단>
[도덕_문장]: 타인의 상황을 존중하는 것	<분류>1</분류> <판단>바람직하다</판단>
[도덕_문장]: 상대방이 힘들어 할 때 이해하는 것	<분류>1</분류> <판단>좋다</판단>
[도덕_문장]: 친구가 겪는 어려움을 공감하고 적절한 조치를 하는 것	<분류>1</분류> <판단>해야 한다</판단>
[도덕_문장]: 주변 사람에게 피해를 준 경우 도움을 요청하거나 조언을 구하는 것	<분류>1</분류> <판단>바람직하다</판단>
[도덕_문장]: 자신의 감정을 존중하고, 감당할 수 있는 범위 내에서 관계를 선택하는 것	<분류>1</분류> <판단>바람직하다</판단>
[도덕_문장]: 오랜 시간이 지나 만난 첫사랑에게 예의를 지키는 것	<분류>1</분류> <판단>좋다</판단>
[도덕_문장]: 가까운 사람들이 불편함을 느끼지 않도록 배려하는 태도를 갖추는 것	<분류>1</분류> <판단>좋다</판단>
[도덕_문장]: 다른 사람의 감정을 배려하는 것	<분류>1</분류> <판단>좋은 행동이다</판단>
[도덕_문장]: 상대방의 기분을 배려하는 것	<분류>1</분류> <판단>필요하다</판단>
[도덕_문장]: 상대의 의견에 동의하지 않더라도 감정적으로 상처를 주는 말을 피하는 것	<분류>1</분류> <판단>좋다</판단>
[도덕_문장]: 타인의 외모 변화의 이유를 함부로 추측하거나 평가하는 것	<분류>-1</분류> <판단>안 된다</판단>
[도덕_문장]: 슬픔에 빠진 사람에게 자신의 사정을 강요하거나 억지로 긍정적인 말을 하게 하는 것	<분류>1</분류> <판단>바람직하지 않다</판단>
[도덕_문장]: 다른 사람의 고통을 함부로 평가하지 않는 것	<분류>1</분류> <판단>바람직하다</판단>
[도덕_문장]: 위로의 말을 상황과 상대방의 마음의 상태를 고려해 말하는 것	<분류>1</분류> <판단>해야 한다</판단>
[도덕_문장]: 가까운 친구가 슬픔에 빠져있을 때 자신만의 위로 방식을 강요하지 않는 것	<분류>1</분류> <판단>좋다.</판단>
[도덕_문장]: 슬픔을 표현할 때 주변의 조언이나 위로를 참고하는 것	<분류>1</분류> <판단>바람직하다</판단>
[도덕_문장]: 상대방의 사생활에 대해 의심하기 전에 서로의 신뢰를 먼저 생각하는 것	<분류>1</분류> <판단>좋다</판단>
[도덕_문장]: 식당에서 식사를 할 때 정당한 대가를 지불하는 것	<분류>1</분류> <판단>바람직하다</판단>
[도덕_문장]: 서비스를 제공받은 손님이 그 대가를 지불하는 것	<분류>1</분류> <판단>옳다</판단>
[도덕_문장]: 헤어진 연인이 새로운 관계를 시작할 때 이를 비난하지 않는 것	<분류>1</분류> <판단>좋다</판단>
[도덕_문장]: 전 연인의 SNS를 자주 확인하지 않는 것	<분류>1</분류> <판단>좋다</판단>
[도덕_문장]: 이직 준비 중 상처를 준 것에 대해 사과하는 것	<분류>1</분류> <판단>좋다</판단>
[도덕_문장]: 타인의 상황이나 고민을 무시하는 것	<분류>-1</분류> <판단>옳지 않다</판단>
[도덕_문장]: 연인과 가족 간의 감정적 오해를 해소하기 위해 적절한 의사소통을 하는 것	<분류>1</분류> <판단>바람직하다</판단>
[도덕_문장]: 연인이라면 가족 구성원에 대한 칭찬이 진심인지 농담인지 구분하는 것	<분류>1</분류> <판단>좋다</판단>
[도덕_문장]: 연인이 불쾌한 말을 했을 때 상황을 고려해 대처하는 것	<분류>1</분류> <판단>해야 한다</판단>
[도덕_문장]: 타인에게 예의없는 언행을 한 점에 대해 사과하는 것	<분류>1</분류> <판단>바람직하다</판단>
[도덕_문장]: 자신의 말로 상처를 준 경우에 바로 화를 내기보다는 말해주는 것	<분류>1</분류> <판단>좋다</판단>
[도덕_문장]: 연인과 함께 하는 경험이 기분을 변하게 했다는 것을 친구들에게 말하는 것	<분류>0</분류> <판단>할 수 있다</판단>
[도덕_문장]: 연인이 본인과의 만남으로 긍정적인 변화가 있음을 인정하고 이해해주는 것	<분류>1</분류> <판단>바람직하다</판단>
[도덕_문장]: 타인의 감정 변화를 이유로 비난하는 것	<분류>-1</분류> <판단>바람직하지 않다</판단>
[도덕_문장]: 자식이 아빠와 엄마 중 누구와 사는 게 좋을지 생각해보는 것	<분류>1</분류> <판단>좋지 않다</판단>
[도덕_문장]: 부모가 자녀에게 가정사를 설명할 때 아이의 정서를 존중하며 이해하기 쉬운 표현을 사용하는 것	<분류>1</분류> <판단>바람직하다</판단>
[도덕_문장]: 이혼하는 가족에 있는 아이가 엄마 아빠가 싸우더라도 자신이 사랑받고 있다는 것을 알게 되는 것	<분류>1</분류> <판단>아는 것이 필요하다</판단>
[도덕_문장]: 부모가 자녀에게 감정적인 충격을 줄 수 있는 상황에서 자녀의 정서적 안정을 최우선으로 고려하는 것	<분류>1</분류> <판단>해야 한다</판단>
[도덕_문장]: 교통사고로 인해 회사에 피해를 준 직원에게 퇴사를 강요하는 것	<분류>-1</분류> <판단>안 된다</판단>
[도덕_문장]: 회사가 직원이 교통사고로 입원한 경우 퇴사 처리를 강행하는 것	<분류>-1</분류> <판단>옳지 않다</판단>
[도덕_문장]: 자신의 실수를 반성하고 더 나은 선택을 하는 것	<분류>1</분류> <판단>바람직하다</판단>
[도덕_문장]: 직장 내에서 동료에 대한 거짓 소문을 바로잡는 것	<분류>1</분류> <판단>옳다</판단>
[도덕_문장]: 개인의 선택을 존중하는 것	<분류>1</분류> <판단>중요하다</판단>
[도덕_문장]: 자신이 원하는 삶을 선택하는 것	<분류>1</분류> <판단>옳다</판단>
[도덕_문장]: 상대의 결정을 존중해주는 것	<분류>1</분류> <판단>필요하다</판단>
[도덕_문장]: 가족을 만나러 가기 전에 부담을 먼저 말하는 것	<분류>0</분류> <판단>괜찮다</판단>
[도덕_문장]: 가족의 방문에 어려움을 느낄 때 솔직하게 의사를 전달하는 것	<분류>1</분류> <판단>옳다</판단>
[도덕_문장]: 자녀에게 거짓말을 하는 것	<분류>-1</분류> <판단>옳지 않다</판단>
[도덕_문장]: 학생의 재능 여부를 함부로 단정 짓지 않고 존중하는 태도를 보이는 것	<분류>1</분류> <판단>좋다</판단>
[도덕_문장]: 자신의 분야에서 학생들에게 재능의 기준을 말하는 것	<분류>-1</분류> <판단>바람직하지 않다</판단>
[도덕_문장]: 교육자가 학생에게 재능이 없다고 말하는 것	<분류>-1</분류> <판단>안 되다</판단>
[도덕_문장]: 취업으로 인한 가족들의 비교에 상처받았을 때, 대화를 통해 본인의 감정을 설명하는 것	<분류>1</분류> <판단>할 수 있다</판단>
[도덕_문장]: 명절 가족 모임에서 자녀에게 상처가 될 수 있는 말을 삼기는 것	<분류>-1</분류> <판단>해야 한다</판단>
[도덕_문장]: 부모에게 상처받았더라도 대화를 통해 이해시키는 노력을 하는 것	<분류>1</분류> <판단>바람직하다</판단>
[도덕_문장]: 취업 준비 중인 가족 구성원에게 자신의 상황을 이해시키는 것	<분류>1</분류> <판단>좋다</판단>
[도덕_문장]: 자신이 원하지 않는 제안을 거절하는 것	<분류>1</분류> <판단>할 수 있다</판단>
[도덕_문장]: 제안을 받았을 때 거절하는 것	<분류>0</분류> <판단>괜찮다</판단>
[도덕_문장]: 친구의 안전을 염려해주는 것	<분류>1</분류> <판단>바람직하다</판단>
[도덕_문장]: 가족 구성원에게 상처를 주는 표현을 할 때 표현 방식을 조절하여 가족 간의 갈등을 최소화하는 것	<분류>1</분류> <판단>옳다</판단>
[도덕_문장]: 건강 문제에 대해 가족의 조언을 고려해보는 것	<분류>1</분류> <판단>좋다.</판단>
[도덕_문장]: 엄마의 말에 상처를 받았을 때 대화를 통해 자신의 입장을 차분하게 표현하는 것	<분류>1</분류> <판단>바람직하다</판단>
[도덕_문장]: 직장에서 권위 있는 위치에 있는 사람이 부하 직원들에게 모욕적인 언행을 하는 것	<분류>-1</분류> <판단>안 된다</판단>
[도덕_문장]: 직장 내 지위를 이용해 부하직원을 모욕하는 것	<분류>-1</분류> <판단>옳지 않다</판단>
[도덕_문장]: 회의를 진행할 때 적절한 예의와 존중이 있는 것	<분류>1</분류> <판단>있어야 한다</판단>
[도덕_문장]: 부하 직원의 업무 자료를 무시하는 것	<분류>-1</분류> <판단>옳지 않다</판단>
[도덕_문장]: 직장 내에서 모욕적인 언행을 하는 것	<분류>-1</분류> <판단>하지 말아야 한다</판단>
[도덕_문장]: 다른 사람과 마찰이 있어도 감정적으로 대응하지 않는 것	<분류>1</분류> <판단>좋다</판단>
[도덕_문장]: 사람들 사이에서 갈등이 있을 때 서로 존중하는 방식으로 대화하는 것	<분류>1</분류> <판단>중요하다</판단>
[도덕_문장]: 조별 과제 팀원으로서 의견 차이로 인해 불쾌한 상황이 발생했을 때 침착하게 대화를 시도하는 것	<분류>1</분류> <판단>옳다</판단>
[도덕_문장]: 상대의 감정을 존중하는 것	<분류>1</분류> <판단>해야 한다</판단>
[도덕_문장]: 남의 말을 듣고 기분이 나쁘다고 화를 내지 않고 서로 이해하는 것	<분류>1</분류> <판단>좋다</판단>
[도덕_문장]: 친구와의 관계를 지키기 위해 노력하는 것	<분류>1</분류> <판단>해야 한다</판단>
[도덕_문장]: 상대방의 감정을 고려하면서 자신의 의견을 전달하는 것	<분류>1</분류> <판단>바람직하다</판단>
[도덕_문장]: 질투심을 느끼는 상황에서 상대방의 기분을 배려하며 축하를 표현하는 것	<분류>1</분류> <판단>중요하다</판단>
[도덕_문장]: 연인에게 과도한 투자를 하는 것	<분류>-1</분류> <판단>바람직하지 않다</판단>
[도덕_문장]: 친구의 선택을 존중하는 것	<분류>1</분류> <판단>바람직하다</판단>
[도덕_문장]: 친구의 관계가 변화해도 친구의 감정을 배려하는 것	<분류>1</분류> <판단>좋은 일이다</판단>
[도덕_문장]: 자신의 실수를 인지하고 받아들이는 태도를 유지하는 것	<분류>1</분류> <판단>좋다</판단>
[도덕_문장]: 친구와의 약속을 일방적으로 취소하는 것	<분류>-1</분류> <판단>옳지 않다</판단>
[도덕_문장]: 약속을 일방적으로 취소하는 것	<분류>-1</분류> <판단>바람직하지 않다</판단>
[도덕_문장]: 약속 시간에 임박해 상대가 피곤해 보인다는 이유로 일방적으로 만남을 취소하는 것	<분류>-1</분류> <판단>옳지 않다</판단>
[도덕_문장]: 상대의 일정을 일방적으로 취소하는 것	<분류>-1</분류> <판단>바람직하지 않다</판단>
[도덕_문장]: 남에게 신체적인 약점이라고 할 수 있는 것을 가지고 논하는 것	<분류>-1</분류> <판단>옳지 않다</판단>
[도덕_문장]: 사람의 외모에 대해 무례하게 말하는 것	<분류>-1</분류> <판단>좋지 않다</판단>
[도덕_문장]: 자신의 행동으로 상대방에게 피해를 주는 것	<분류>-1</분류> <판단>옳지 않다</판단>
[도덕_문장]: 안경을 쓰지 않고 운전하는 것	<분류>-1</분류> <판단>좋지 않다</판단>
[도덕_문장]: 운전을 하면서 규정에 어긋나는 행동으로 위험을 초래하는 것	<분류>-1</분류> <판단>안 되다</판단>
[도덕_문장]: 자신의 안전보다 상대에게 잘 보이기 위해 무리한 선택을 하는 것	<분류>-1</분류> <판단>바람직하지 않다</판단>
[도덕_문장]: 감정 변화가 아내의 문제만으로 생각되지 않을 경우, 이유를 찾아보려고 노력하는 것	<분류>1</분류> <판단>좋다</판단>
[도덕_문장]: 경고문을 붙여 잘못을 인정하도록 유도하는 것	<분류>1</분류> <판단>좋다</판단>
[도덕_문장]: 동료로서 상대를 존중하지 못하는 것	<분류>-1</분류> <판단>바람직하지 않다</판단>
[도덕_문장]: 다른 사람의 식사 속도를 이유로 놀리는 것	<분류>-1</분류> <판단>옳지 않다</판단>
[도덕_문장]: 타인의 잘못된 행동으로 인해 자신의 좋았던 추억이 훼손되더라도 그것을 자신의 잘못으로 여기지 않는 것	<분류>1</분류> <판단>해야 한다</판단>
[도덕_문장]: 선생님이 학생에게 신체적 폭력을 가한 후 단호하게 사과하고 징계하는 것	<분류>1</분류> <판단>해야 한다</판단>
[도덕_문장]: 학원을 운영하는 사람이 강사가 학생들에게 물리적 폭력을 행사하지 않도록 엄격하게 관리하는 것	<분류>1</분류> <판단>해야 한다</판단>
[도덕_문장]: 타인에게 신체적 폭력을 가하는 것	<분류>-1</분류> <판단>옳지 않다</판단>
[도덕_문장]: 질투를 느낄 때 감정적으로 행동으로 표출하기보다는 긍정적으로 극복하고 이해하려는 태도를 가지는 것	<분류>1</분류> <판단>중요하다</판단>
[도덕_문장]: 친구와 약속을 지키는 것	<분류>1</분류> <판단>좋다</판단>
[도덕_문장]: 친구의 갑작스러운 퇴사에 대한 배신감을 느끼더라도 친구와 대화를 통해 오해를 푸는 것	<분류>1</분류> <판단>바람직하다</판단>
[도덕_문장]: 친구와의 관계를 신뢰로 유지하는 것	<분류>1</분류> <판단>되어야 한다</판단>
[도덕_문장]: 친구의 입장도 함께 고려해 주는 것	<분류>1</분류> <판단>해야 한다</판단>
[도덕_문장]: 상대의 기분을 고려하지 않고 농담을 하는 것	<분류>-1</분류> <판단>바람직하지 않다</판단>
[도덕_문장]: 농담으로 타인을 상처주는 것	<분류>-1</분류> <판단>옳지 않다</판단>
[도덕_문장]: 상대방의 발언이 상처가 되면 대화를 통해 설명하고 이해하려는 노력을 하는 것	<분류>1</분류> <판단>해야 한다</판단>
[도덕_문장]: 다른 사람의 외모를 희롱하는 것	<분류>-1</분류> <판단>바람직하지 않다</판단>
[도덕_문장]: 자신의 역할을 되돌아보고 집안일을 분담하는 것	<분류>1</분류> <판단>해야 한다</판단>
[도덕_문장]: 상대방의 부담과 어려움에 공감하며 미리 배려하는 것	<분류>1</분류> <판단>바람직하다</판단>
[도덕_문장]: 배우자와의 가사 분담에 불만이 있어도 직접적으로 비난하기보다 대화를 통해 해결하는 것	<분류>1</분류> <판단>좋다</판단>
[도덕_문장]: 집안일에 대한 부담을 덜어주기 위해 미리 일정을 관리하고 아내의 휴식을 챙겨주는 것	<분류>1</분류> <판단>필요하다</판단>
[도덕_문장]: 상대에게 짜증을 내기 전에 배려하는 것	<분류>1</분류> <판단>바람직하다</판단>
[도덕_문장]: 상대에게 짜증을 내려고 하는 순간에 자신의 행동이 상대에게 어떤 영향을 끼칠지 고려하는 것	<분류>1</분류> <판단>바람직하다</판단>
[도덕_문장]: 상대방의 의도를 오해하지 않기 위해 세심하게 배려하는 것	<분류>1</분류> <판단>바람직하다</판단>
[도덕_문장]: 부모가 성인 자녀에게 격려를 하는 것	<분류>1</분류> <판단>바람직하다</판단>
[도덕_문장]: 자녀를 훈계할 때 비난보다는 칭찬과 격려를 먼저 하는 것	<분류>1</분류> <판단>바람직하다</판단>
[도덕_문장]: 개인적인 의견을 가지고 있어도 집단 내의 화합과 협력을 고려해 신중하게 의사 표현을 하는 것	<분류>1</분류> <판단>바람직하다</판단>
[도덕_문장]: 자녀의 힘든 상황을 인정하고 이해하는 것	<분류>1</분류> <판단>좋다</판단>
[도덕_문장]: 약속을 지키기 위해 최선을 다하는 것	<분류>1</분류> <판단>해야 한다</판단>
[도덕_문장]: 가족 구성원이 힘든 상황에 있는 부모를 위로하고 격려해주는 것	<분류>1</분류> <판단>좋다</판단>
[도덕_문장]: 가족 구성원이 외모로 인해 고통을 받을 때 위로의 말을 건네는 것	<분류>1</분류> <판단>바람직하다</판단>
[도덕_문장]: 가족이 구성원이 외부로부터 받을 수 있는 부정적인 시선을 대신 감당하고, 가족 구성원의 자존감을 보호해주는 것	<분류>1</분류> <판단>바람직하다</판단>
[도덕_문장]: 자신이 사랑하는 가족을 위해 긍정적인 생각을 하는 것	<분류>1</분류> <판단>좋은 일이다</판단>
[도덕_문장]: 가족의 외모에 대해 자신의 기준으로 평가하는 것	<분류>1</분류> <판단>바람직하지 않다</판단>
[도덕_문장]: 다른 사람들이 자신에게 집중하고 있다고 해서 자신의 감정을 숨기지 않는 것	<분류>1</분류> <판단>괜찮다</판단>
[도덕_문장]: 공공장소에서 개인의 감정이 드러나는 상황에서도 주변 사람들의 시선을 부담스러워하는 것	<분류>0</분류> <판단>할 수 있다</판단>
[도덕_문장]: 공공장소에서 타인의 시선을 고려해 감정을 조절하는 것	<분류>0</분류> <판단>나쁘지 않다</판단>
[도덕_문장]: 공공장소에서 개인의 감정을 드러낼 때 타인의 시선을 고려해 적절하게 표현하는 것	<분류>1</분류> <판단>좋다.</판단>
[도덕_문장]: 자신이 할 수 있는 범위 내에서 도움을 주는 것	<분류>1</분류> <판단>좋다</판단>
[도덕_문장]: 가족이 위기를 겪었을 때 경제적 상황에 관계없이 정서적 지지를 통해 위로해주려는 것	<분류>1</분류> <판단>바람직하다</판단>
[도덕_문장]: 직장에서 상대방과의 인간관계를 고려해 신중하게 행동하는 것	<분류>1</분류> <판단>바람직하다</판단>
[도덕_문장]: 자신의 행동을 반성하고 적절한 방식으로 관계를 개선하려는 노력을 하는 것	<분류>1</분류> <판단>필요하다</판단>
[도덕_문장]: 회사 내 동료와 갈등이 생겼을 때 회사 내 규정과 예의에 따라 대화하고 조정하는 것	<분류>1</분류> <판단>해야 한다</판단>
[도덕_문장]: 부모님의 신체적 불편함에 대해 이해하고 도와주는 것	<분류>1</분류> <판단>바람직하다</판단>
[도덕_문장]: 부모님이 나이가 들어서 불편함을 느끼더라도 그 감정을 이해하려는 노력을 하는 것	<분류>1</분류> <판단>해야 한다</판단>
[도덕_문장]: 나이가 들면 누구나 겪는 변화라고 설명하는 것	<분류>1</분류> <판단>바람직하다</판단>
[도덕_문장]: 나이들어가는 아버지의 신체적인 고통과 정서적인 고민을 이해하는 것	<분류>1</분류> <판단>해야 한다</판단>
[도덕_문장]: 친구들과 함께 있을 때 자신의 감정을 솔직하게 표현하는 것	<분류>1</분류> <판단>바람직하다</판단>
[도덕_문장]: 자신의 감정을 솔직하게 표현하는 것	<분류>1</분류> <판단>좋다</판단>
[도덕_문장]: 가족의 건강 상태에 대한 걱정이 있을 때 의사에게 상담받는 것	<분류>1</분류> <판단>해야 한다</판단>
[도덕_문장]: 치매를 의심하는 증상이 있을 때 가족과 함께 병원에서 검사를 받는 것	<분류>1</분류> <판단>좋다</판단>
[도덕_문장]: 치매의 증상을 인지하고 주변 사람들에게 정확한 정보를 제공하는 것	<분류>1</분류> <판단>해야 한다</판단>
[도덕_문장]: 치매 초기증상을 가지는 노인이 주변 사람들과 상의하여 병원 검사를 받는 것	<분류>1</분류> <판단>옳다</판단>
[도덕_문장]: 건강이 나아지지 않은 경우 건강 관리에 대한 부정적인 감정을 털어놓고 이해받는 것	<분류>1</분류> <판단>좋다</판단>
[도덕_문장]: 친구에게 도움을 받았을 경우 일정 기간 내에 빚을 갚는 것	<분류>1</분류> <판단>바람직하다</판단>
[도덕_문장]: 친구가 자신의 잘못으로 친구 관계를 위협했을 때 진심 어린 사과를 하는 것	<분류>1</분류> <판단>좋다</판단>
[도덕_문장]: 할아버지의 조언처럼 다른 대학이나 편입을 고려해 보는 것	<분류>1</분류> <판단>좋다</판단>
[도덕_문장]: 자식이 힘들어할 때 위로와 격려를 해주는 것	<분류>1</분류> <판단>해야 한다</판단>
[도덕_문장]: 자식의 진학 결정을 존중하고, 자신의 기준을 강요하지 않고 다양한 진로 선택의 기회를 제공하는 것	<분류>1</분류> <판단>바람직하다</판단>
[도덕_문장]: 자녀가 자신의 계획대로 대학에 진학하지 못한 것에 대해 실망하는 것	<분류>0</분류> <판단>부모로서 이해된다</판단>
[도덕_문장]: 가족에게 미안한 마음을 표현하는 것	<분류>1</분류> <판단>옳다</판단>
[도덕_문장]: 온라인으로 구매한 옷이 사이즈가 맞지 않아 반품하고자 할 경우 배송비를 판매자가 부담하는 것	<분류>1</분류> <판단>바람직하다.</판단>
[도덕_문장]: 상품이 자신의 기준에 맞지 않더라도 반품 과정을 원활하게 하는 것	<분류>1</분류> <판단>옳다.</판단>
[도덕_문장]: 시험 성적이 낮더라도 자신의 감정과 어려움을 존중해 주는 것	<분류>1</분류> <판단>해야 한다</판단>
[도덕_문장]: 보호소의 운영 방침과 홍보 방향에 대해 불만이 있더라도 보호소의 어려움을 고려해 합리적인 방안을 함께 모색하려는 것	<분류>1</분류> <판단>바람직하다</판단>
[도덕_문장]: 무리한 약속을 하거나 다른 사람을 억지로 이끌려 하는 것	<분류>-1</분류> <판단>피해야 한다</판단>
[도덕_문장]: 실패했을 때 자신의 책임을 인정하고 반성하는 것	<분류>1</분류> <판단>좋다</판단>
[도덕_문장]: 외모에 신경을 쓰고 관리하는 것	<분류>1</분류> <판단>나쁜 행동이 아니다</판단>
[도덕_문장]: 가족에게 자신의 어려움을 털어놓는 것	<분류>1</분류> <판단>좋다</판단>
[도덕_문장]: 이별의 슬픔을 인정하는 것	<분류>0</분류> <판단>괜찮다</판단>
[도덕_문장]: 장애인의 직업 선택을 개인의 의사에 따라 존중하는 것	<분류>1</분류> <판단>존중해 주어야 한다</판단>
[도덕_문장]: 난독증이라는 장애에도 불구하고 포기하지 않는 것	<분류>1</분류> <판단>바람직하다</판단>
[도덕_문장]: 새로운 환경에 적응할 때 자신의 성향과 관계를 고려하여 선택하는 것	<분류>0</분류> <판단>좋다</판단>
[도덕_문장]: 아내가 육아 스트레스를 호소할 때 경청하고 지원하는 것	<분류>1</분류> <판단>옳다</판단>
[도덕_문장]: 친구가 거절에 대한 고통을 느낄 수 있음을 이해하고 위로를 해주는 것	<분류>1</분류> <판단>좋다</판단>
[도덕_문장]: 고백을 받아준 상대방이 상대방의 선택을 존중하는 것	<분류>1</분류> <판단>해야 한다</판단>
[도덕_문장]: 고백 후 거절당한 상대에게 친구로 지내자는 제안을 받아 거절한 상대를 배려해 주는 것	<분류>1</분류> <판단>좋다</판단>
[도덕_문장]: 거절을 당했더라도 상대방을 존중하는 태도를 유지하는 것	<분류>1</분류> <판단>바람직하다</판단>
[도덕_문장]: 친구에게 자신의 상황을 설명해주고 친구가 함께 갈 수 있게 배려하는 것	<분류>1</분류> <판단>좋다</판단>
[도덕_문장]: 자녀의 성장 과정에서 부모가 자녀가 스스로 결정할 수 있도록 배려하는 것	<분류>1</분류> <판단>해야 한다</판단>
[도덕_문장]: 자녀의 진로에 대한 조언을 하면서 자녀가 자신의 적성에 맞는 일을 찾을 수 있도록 노력하는 것	<분류>1</분류> <판단>해야 한다</판단>
[도덕_문장]: 가족에게 자신의 상황을 솔직하게 설명하고 이해를 구하는 것	<분류>1</분류> <판단>좋다</판단>
[도덕_문장]: 자녀의 진로 선택을 강요하지 않고, 자녀의 선택을 존중하며 조언과 선택의 자유를 모두 보장하는 것	<분류>1</분류> <판단>좋다</판단>
[도덕_문장]: 아이를 키우면서 아이의 성장을 돕는 것에 집중하는 것	<분류>1</분류> <판단>해야 한다</판단>
[도덕_문장]: 연인에게 스트레스를 받고 있다고 솔직하게 말하는 것	<분류>1</분류> <판단>좋은 선택이다</판단>
[도덕_문장]: 연인 사이에서 이해와 배려를 하는 것	<분류>1</분류> <판단>필요하다</판단>
[도덕_문장]: 연인에게 자신의 업무 스트레스에 대해 사실대로 이야기하는 것	<분류>1</분류> <판단>해야 한다</판단>
[도덕_문장]: 연인에게 자신이 느끼는 감정을 솔직하게 표현하는 것	<분류>1</분류> <판단>바람직하다</판단>
[도덕_문장]: 말 못할 상황에 처했을 때 연인에게 상황을 충분히 설명하는 것	<분류>1</분류> <판단>옳다</판단>
[도덕_문장]: 연인이 힘들 때 위로해 주는 것	<분류>1</분류> <판단>좋다</판단>
[도덕_문장]: 업무로 인해 정신적으로 어려움을 겪을 때 연인이나 배우자에게 솔직하게 어려움을 표현하는 것	<분류>1</분류> <판단>바람직하다</판단>
[도덕_문장]: 연인에게 의존해야 하는 상황이 생겼을 때 혼자 감당하려 하기보다 적절한 도움을 요청하는 것	<분류>1</분류> <판단>해야 한다</판단>
[도덕_문장]: 연인이 지나치게 업무로 지쳐 있을 때 이를 이해해 주고 적절한 휴식을 제공하는 것	<분류>1</분류> <판단>바람직하다</판단>
[도덕_문장]: 이사를 가는 이웃에게 솔직한 마음을 표현하는 것	<분류>1</분류> <판단>옳다.</판단>
[도덕_문장]: 이웃이 이사를 가더라도 이웃과의 교류가 많았다면 이사를 축하해주는 것	<분류>1</분류> <판단>바람직하다</판단>
[도덕_문장]: 회사 상황이 어려워 급여 삭감이 불가피할 때 직원들에게 투명하게 설명하고 사과하는 것	<분류>1</분류> <판단>해야 한다</판단>
[도덕_문장]: 사업의 어려움으로 급여를 삭감해야 하는 경우 직원들에게 충분한 사전 설명과 양해를 구하는 것	<분류>1</분류> <판단>해야 한다</판단>
[도덕_문장]: 자신의 실수를 반성하고 재발 방지를 위해 노력하는 것	<분류>1</분류> <판단>해야 한다</판단>
[도덕_문장]: 개인적 실수로 인한 피해 상황에서 자신의 감정을 솔직하게 인정하고, 피해에 대한 책임을 지는 것	<분류>1</분류> <판단>바람직하다</판단>
[도덕_문장]: 타인이 실수를 했을 때 비난하기보다 상황을 이해해주는 태도를 가지는 것	<분류>1</분류> <판단>좋다</판단>
[도덕_문장]: 자식이 자신의 부모를 보고 창피해할 정도로 키에 대해 언급하지 않는 것	<분류>1</분류> <판단>좋다</판단>
[도덕_문장]: 부모님이 아이의 상처를 살피고 조언해 주는 것	<분류>1</분류> <판단>옳다</판단>
[도덕_문장]: 부모와 자녀 간에 서로 존중하는 것	<분류>1</분류> <판단>중요하다</판단>
[도덕_문장]: 거짓된 정보를 알리는 것	<분류>-1</분류> <판단>바람직하지 않다</판단>
[도덕_문장]: 상대의 반응에 맞춰 자신의 생각을 조율하는 것	<분류>1</분류> <판단>좋은 대인관계를 유지하는데 중요하다</판단>
[도덕_문장]: 가까운 친구 사이에서 부담을 주는 상황이 발생했을 때 솔직한 마음을 존중하는 것	<분류>1</분류> <판단>해야 한다</판단>
[도덕_문장]: 선물을 받기 부담스러운 상황에서 상대방을 배려해 말하는 것	<분류>1</분류> <판단>옳다</판단>
[도덕_문장]: 자신의 취향을 정확히 전달하는 것	<분류>1</분류> <판단>좋은 행동이다</판단>
[도덕_문장]: 건강이 좋지 않은 가족을 비난하지 않고 격려와 위로를 주는 것	<분류>1</분류> <판단>해야 한다</판단>
[도덕_문장]: 가족이 치료를 받는 사람의 외모 변화에 대해 과도한 관심이나 우려를 하지 않는 것	<분류>1</분류> <판단>좋다</판단>
[도덕_문장]: 가족의 건강 문제로 인한 일상생활의 변화를 인지하고 이해심과 배려를 보여주는 것	<분류>1</분류> <판단>바람직하다</판단>
[도덕_문장]: 가족을 위해 힘든 일을 감당하더라도 자신의 몸과 정신 건강을 우선시 하는 것	<분류>1</분류> <판단>중요하다</판단>
[도덕_문장]: 부모가 자녀의 꿈과 진로를 존중하는 것	<분류>1</분류> <판단>해야 한다</판단>
[도덕_문장]: 자신의 선택을 존중받는 것	<분류>1</분류> <판단>해야 한다</판단>
[도덕_문장]: 외모에 대한 아쉬움을 자녀에게 큰 기준으로 만들지 않는 것	<분류>1</분류> <판단>해야 한다</판단>
[도덕_문장]: 아내가 기분이 상하지 않도록 위로해주는 것	<분류>1</분류> <판단>옳다</판단>
[도덕_문장]: 아이가 부모에게 서운한 일을 하는 것	<분류>0</분류> <판단>괜찮다</판단>
[도덕_문장]: 아이의 행동이 이해되지 않더라도 감정을 지나치게 표현하기보다 대화로 해결하려는 노력을 하는 것	<분류>1</분류> <판단>필요하다</판단>
[도덕_문장]: 부모가 자녀의 선택에 대해 존중하는 태도를 보이는 것	<분류>1</분류> <판단>바람직하다</판단>
[도덕_문장]: 부모가 자녀의 성장과 독립성을 존중하는 것	<분류>1</분류> <판단>해야 한다</판단>
[도덕_문장]: 부모가 자녀에게 정서적 지지를 주면서도 자녀의 독립적인 결정을 존중하는 태도를 보이는 것	<분류>1</분류> <판단>중요하다</판단>
[도덕_문장]: 슬픔을 혼자 감당하려 하지 않는 것	<분류>1</분류> <판단>괜찮다</판단>
[도덕_문장]: 부모가 돌아가셨을 때 슬픔을 숨기지 않고 충분히 슬퍼하는 것	<분류>0</분류> <판단>괜찮다</판단>
[도덕_문장]: 자녀들의 사생활이나 소비 선택에 대해 간섭하지 않는 것	<분류>1</분류> <판단>좋다</판단>
[도덕_문장]: 가족 구성원의 어려움을 인정하고 함께 노력하는 것	<분류>1</분류> <판단>필요하다</판단>
[도덕_문장]: 경제적으로 어려운 가족을 격려해주는 것	<분류>1</분류> <판단>좋다</판단>
[도덕_문장]: 경제적 부담을 회피하지 않고 가족 구성원과 함께 문제를 해결하려는 것	<분류>1</분류> <판단>바람직하다</판단>
[도덕_문장]: 가족과 함께 목표를 세우고 서로 돕는 것	<분류>1</분류> <판단>중요하다</판단>
[도덕_문장]: 부부 사이의 역할을 공평하게 나누는 것	<분류>1</분류> <판단>좋다</판단>
[도덕_문장]: 가족 구성원의 노력을 존중하는 것	<분류>1</분류> <판단>해야 한다</판단>
[도덕_문장]: 미성년자에게 주류를 판매하는 것	<분류>-1</분류> <판단>매우 나쁘다</판단>
[도덕_문장]: 편의점에서 미성년자에게 술을 판매하는 것	<분류>-1</분류> <판단>안 되다</판단>
[도덕_문장]: 남편이 힘들어할 때 진솔한 위로와 격려를 제공하는 것	<분류>1</분류> <판단>바람직하다</판단>
[도덕_문장]: 가족 구성원이 심리적 고통을 느낄 때 그 고통에 공감하고 위로하는 것	<분류>1</분류> <판단>좋다</판단>
[도덕_문장]: 가족 구성원의 개인적인 아픔을 있는 그대로 인정하고 존중해주는 것	<분류>1</분류> <판단>가정의 안정을 위해 필요하다</판단>
[도덕_문장]: 남편이 어려움을 털어놓을 때 경청하는 자세를 갖는 것	<분류>1</분류> <판단>가져야 한다.</판단>
[도덕_문장]: 남편의 심리적 상태를 공감하는 것	<분류>1</분류> <판단>바람직하다</판단>
[도덕_문장]: 전문적인 업무를 수행할 때 의뢰자의 의견을 충실히 듣고, 실수 발생 시 성실하게 책임지고 수정하는 것	<분류>1</분류> <판단>옳다</판단>
[도덕_문장]: 손님이 불만을 표시하더라도 차분하게 대응하는 것	<분류>1</분류> <판단>해야 한다</판단>
[도덕_문장]: 고객이 원하는 스타일을 제대로 파악하지 못했을 때 즉시 수정하는 것	<분류>1</분류> <판단>좋다</판단>
[도덕_문장]: 가족과 배우자가 상호 간의 지지와 이해를 바탕으로 상황을 인지하고 함께 극복하려는 노력을 하는 것	<분류>1</분류> <판단>필요하다</판단>
[도덕_문장]: 배우자가 병원에 입원했을 때 배우자의 안정을 위해 병원에 머무르는 것	<분류>1</분류> <판단>바람직하다</판단>
[도덕_문장]: 가족의 건강 문제로 인해 직장 업무를 조정하는 것	<분류>1</분류> <판단>옳다</판단>
[도덕_문장]: 배우자의 건강을 최우선으로 생각하는 것	<분류>1</분류> <판단>해야 한다</판단>
[도덕_문장]: 배우자가 위급하거나 병원에 입원했을 때 업무 때문이라도 계속 있는 것	<분류>1</분류> <판단>좋다</판단>
[도덕_문장]: 배우자가 병원에 입원했을 때 빨리 병원에 가서 배우자를 챙기는 것	<분류>1</분류> <판단>좋다</판단>
[도덕_문장]: 가족 구성원에게 노고를 인정하는 것	<분류>1</분류> <판단>바람직하다</판단>
[도덕_문장]: 개인적인 시간이나 학업을 선택할 때 타인의 의견을 고려하는 것	<분류>1</분류> <판단>괜찮다</판단>
[도덕_문장]: 자신의 감정을 충분히 표현하고 이해받는 것	<분류>1</분류> <판단>권리가 있다</판단>
[도덕_문장]: 임신과 출산을 거치며 겪는 정신적 고통을 타인에게 털어놓는 것	<분류>1</분류> <판단>괜찮다</판단>
[도덕_문장]: 사회 구성원의 슬픔을 충분히 인정해주는 것	<분류>1</분류> <판단>해야 한다</판단>
[도덕_문장]: 가족이 힘들 때 가족에게 정서적으로 도움을 주거나 친구들에게 상황을 설명하며 위로를 받는 것	<분류>1</분류> <판단>되어도 된다</판단>
[도덕_문장]: 가족이 돌아가신 사람의 친구에게 자신의 사정을 털어놓는 것	<분류>1</분류> <판단>괜찮다</판단>
[도덕_문장]: 친구의 슬픔에 진심으로 공감해주는 것	<분류>1</분류> <판단>해야 한다</판단>
[도덕_문장]: 연인이 슬퍼할 때 감정을 이해해주는 것	<분류>1</분류> <판단>좋다</판단>
[도덕_문장]: 본인의 필요에 따라 휴가와 같은 휴식시간을 조정하는 것	<분류>0</분류> <판단>할 수 있다</판단>
[도덕_문장]: 연인이 일정을 원하지 않을 경우 그 의도를 존중해 주는 것	<분류>1</분류> <판단>바람직하다</판단>
[도덕_문장]: 연인과 갈등이 있을 때 대화를 통해 해결하는 것	<분류>1</분류> <판단>중요하다</판단>
[도덕_문장]: 연인에게 자신의 마음을 솔직하게 이야기하는 것	<분류>1</분류> <판단>좋다</판단>
[도덕_문장]: 연인과의 약속과 자신의 필요성 사이에서 상대의 상황을 존중하고 이해하는 태도를 가지는 것	<분류>1</분류> <판단>가져야 한다</판단>
[도덕_문장]: 위로를 통해 친구의 기분을 살피는 것	<분류>1</분류> <판단>좋다</판단>
[도덕_문장]: 상대가 힘들어하는 것을 보았을 때 위로의 말이나 행동을 해주는 것	<분류>1</분류> <판단>좋다</판단>
[도덕_문장]: 반려동물이 세상을 떠나도 그 동물에 대한 사랑과 애정을 이어가는 것	<분류>1</분류> <판단>바람직하다</판단>
[도덕_문장]: 타인의 외모를 평가하는 표현을 피하는 것	<분류>1</분류> <판단>바람직하다</판단>
[도덕_문장]: 외모로 인해 타인에게 비난이나 수군거림을 받을 때 자신의 기준과 행복을 우선시하는 것	<분류>1</분류> <판단>옳다.</판단>
[도덕_문장]: 피부 관리에 대한 고민이 있을 때 피부과 치료를 받는 것	<분류>1</분류> <판단>받을 수 있다</판단>
[도덕_문장]: 외모가 사람들의 주목을 받을 때 스스로의 자존감을 유지하려 노력하는 것	<분류>1</분류> <판단>해야 한다</판단>
[도덕_문장]: 사랑하는 가족이 더이상 생활을 유지하지 못할 때 최대한의 존엄과 행복을 보호하려는 노력을 다하는 것	<분류>1</분류> <판단>바람직하다</판단>
[도덕_문장]: 반려동물이 건강을 회복할 수 있을지 고민이 되더라도 가능성을 잃기 전에 최선을 다하는 것	<분류>1</분류> <판단>옳다</판단>
[도덕_문장]: 환경 문제에 관심이 없는 친구를 비난하기보다 주변에 환경 보호에 대한 인식을 확산시키는 일에 노력을 더 기울이는 것	<분류>1</분류> <판단>좋다</판단>
[도덕_문장]: 자신의 업무에 지장을 주지 않는 선에서 도와주는 것	<분류>1</분류> <판단>좋다</판단>
[도덕_문장]: 직장에서 승진을 해도 직업에 대한 열정과 목적을 잃지 않는 것	<분류>1</분류> <판단>해야 한다</판단>
[도덕_문장]: 업무 이외에 개인의 가치관이나 삶의 목표를 추구하는 것	<분류>1</분류> <판단>존중받아야 한다</판단>
[도덕_문장]: 남의 실패나 어려움을 공개적으로 농담거리로 삼는 것	<분류>-1</분류> <판단>무례하고 예의에 어긋난다</판단>
[도덕_문장]: 가족 구성원의 사생활이나 개인적인 일로 농담을 하는 것	<분류>-1</분류> <판단>안 되다</판단>
[도덕_문장]: 가까운 사람의 고통을 농담거리로 삼는 것	<분류>-1</분류> <판단>좋지 않다</판단>
[도덕_문장]: 자신의 약점을 공개적으로 농담거리로 삼는 것	<분류>-1</분류> <판단>바람직하지 않다</판단>
[도덕_문장]: 자신의 건강이 위협을 받는 경우에는 건강 문제를 적극적으로 치료받는 것	<분류>1</분류> <판단>해야 한다</판단>
[도덕_문장]: 중요한 사회적 일정을 고려하여 자신의 건강 문제를 조절하는 것	<분류>1</분류> <판단>바람직하다</판단>
[도덕_문장]: 생일 파티에 참석할 때 자신의 건강을 고려하는 것	<분류>1</분류> <판단>바람직하다</판단>
[도덕_문장]: 생일 파티에서 다른 사람들이 불편해할 만한 문제를 미리 대비하는 것	<분류>1</분류> <판단>바람직하다</판단>
[도덕_문장]: 자신의 건강을 지키기 위해 불편함을 감수하는 것	<분류>1</분류> <판단>바람직하다</판단>
[도덕_문장]: 자신감이 떨어지더라도 포기하기보다 재도전을 고려하는 것	<분류>1</분류> <판단>바람직하다</판단>
[도덕_문장]: 새로운 일을 시작할 때 실패에 너무 얽매이지 않고 새로운 도전에 임하는 것	<분류>1</분류> <판단>좋다</판단>
[도덕_문장]: 운전을 할 때 핸드폰을 보는 것처럼 부주의하게 운전하는 것	<분류>-1</분류> <판단>옳지 않다</판단>
[도덕_문장]: 운전 중 핸드폰을 사용하는 것	<분류>-1</분류> <판단>매우 나쁘다</판단>
[도덕_문장]: 운전 중에 핸드폰을 사용하는 것	<분류>-1</분류> <판단>옳지 않다</판단>
[도덕_문장]: 운전 중 핸드폰을 사용하는 것	<분류>-1</분류> <판단>나쁘다</판단>
[도덕_문장]: 운전 중 핸드폰을 사용하는 것	<분류>-1</분류> <판단>매우 위험하며, 타인의 생명과 안전을 위협할 수 있다.</판단>
[도덕_문장]: 친구를 질투하거나 상대의 외모를 기준으로 평가하는 것	<분류>-1</분류> <판단>옳지 않다</판단>
[도덕_문장]: 감정적 학대를 당한 직장 동료에게 지지와 위로를 주는 것	<분류>1</분류> <판단>해야 한다</판단>
[도덕_문장]: 나에게 도움을 요청한 친구의 고민을 들어주는 것	<분류>1</분류> <판단>좋다</판단>
[도덕_문장]: 친구에게 부담스러운 내용보다 이해할 수 있는 자신의 사정을 털어놓는 것	<분류>1</분류> <판단>좋다</판단>
[도덕_문장]: 친구에게 털어놓기 어려운 감정이 있을 때 도움이 필요한 경우에는 타인에게 털어놓는 것	<분류>1</분류> <판단>괜찮은 행동이다</판단>
[도덕_문장]: 배우자의 취미나 여행 취향에 대해 이해하려는 태도를 갖는 것	<분류>1</분류> <판단>가져야 한다</판단>
[도덕_문장]: 결혼 생활에서 서로의 여행 취향이 다르다면 상대방의 입장을 존중하는 것	<분류>1</분류> <판단>필요하다</판단>
[도덕_문장]: 배우자가 자신의 취향을 말하는 것	<분류>1</분류> <판단>옳다.</판단>
[도덕_문장]: 자녀의 노력을 이해하고 격려해주는 것	<분류>1</분류> <판단>좋다</판단>
[도덕_문장]: 자녀의 성장 과정에서 자녀의 노력을 인정하는 것	<분류>1</분류> <판단>옳다</판단>
[도덕_문장]: 중요한 일정이 있음에도 불구하고 개인의 취향에 지나치게 몰입하여 책임을 회피하는 것	<분류>-1</분류> <판단>바람직하지 않다</판단>
[도덕_문장]: 아이들에게 원하는 것에 대해 설명하고 부모의 상황을 이해시키는 것	<분류>1</분류> <판단>좋다</판단>
[도덕_문장]: 부모가 경제적 부담으로 구매가 불가능한 상황임을 인정하고 아이들에게 설명하며 이해를 구하는 것	<분류>1</분류> <판단>바람직하다</판단>
[도덕_문장]: 자신의 상황을 주변 사람들에게 지나치게 노출시키는 것	<분류>0</분류> <판단>필요 없다</판단>
[도덕_문장]: 이혼으로 인해 어린 자녀들의 정서적 충격을 최소화하기 위해 노력하는 것	<분류>1</분류> <판단>해야 한다</판단>
[도덕_문장]: 어린 아이들을 양육할 때 부모로서 책임을 다하는 것	<분류>1</분류> <판단>해야 한다</판단>
[도덕_문장]: 부모가 자녀를 끝까지 책임지는 것	<분류>1</분류> <판단>중요하다</판단>
[도덕_문장]: 어린 아이들을 둘 수 있는 환경을 만들어주는 것	<분류>1</분류> <판단>바람직하다</판단>
[도덕_문장]: 가족 구성원의 걱정을 가볍게 여기지 않는 것	<분류>1</분류> <판단>좋다</판단>
[도덕_문장]: 할머니를 잊지 않도록 노력하는 것	<분류>1</분류> <판단>좋다.</판단>
[도덕_문장]: 슬픔을 느끼는 가족 구성원의 감정을 받아들이고 함께 위로해주는 것	<분류>1</분류> <판단>좋다</판단>
[도덕_문장]: 가족의 죽음을 슬퍼할 때 자신의 감정에 대해 이해하려는 것	<분류>1</분류> <판단>바람직하다</판단>
[도덕_문장]: 병원에서 환자의 의지와 목표를 존중하고, 현실적인 건강 관리 방법을 지속적으로 안내해주는 것	<분류>1</분류> <판단>바람직하다</판단>
[도덕_문장]: 식당에서 다른 사람에게 욕설을 하는 것	<분류>-1</분류> <판단>안 된다</판단>
[도덕_문장]: 소중한 사람에게 진심을 담아 고마움을 표현하는 것	<분류>1</분류> <판단>옳다</판단>
[도덕_문장]: 아이가 실망을 표현했을 때 함께 고민하며 대처할 방안을 찾는 것	<분류>1</분류> <판단>바람직하다</판단>
[도덕_문장]: 공연 티켓이 매진되어 콘서트에 가지 못했을 때 아쉬움을 표현하고 다음 기회를 기약하는 것	<분류>1</분류> <판단>좋다</판단>
[도덕_문장]: 경제적 여유를 고려해 어려운 사정이 있는 사람의 요청을 거절하는 것	<분류>0</분류> <판단>옳다</판단>
[도덕_문장]: 금전적인 도움을 요청받았을 때 상대방의 사정이 어려울 것이라 판단되더라도 상황을 정확히 파악하고 신중하게 판단하는 것	<분류>0</분류> <판단>바람직하다</판단>
[도덕_문장]: 가족 간의 도움을 금전적 지원뿐만 아니라 정서적 지지와 조언을 포함하는 것	<분류>1</분류> <판단>좋다</판단>
[도덕_문장]: 유학 생활을 결정하는 것	<분류>1</분류> <판단>신중해야 한다</판단>
[도덕_문장]: 자신의 노력으로 좋은 성과를 내지 못했을 때 좌절하지 않고 그 경험을 통해 배우고 성장하려는 노력을 하는 것	<분류>1</분류> <판단>필요하다</판단>
[도덕_문장]: 시험에서 좋지 않은 결과를 받았을 경우 위로를 주는 것	<분류>1</분류> <판단>바람직하다</판단>
[도덕_문장]: 학업 성취만이 자신의 가치를 결정짓는 것임을 인지하지 않는 것	<분류>1</분류> <판단>해야 한다</판단>
[도덕_문장]: 배우자에게 거짓말하는 것	<분류>-1</분류> <판단>좋지 않다.</판단>
[도덕_문장]: 자신의 실수나 실패를 솔직하게 말하지 않는 것	<분류>-1</분류> <판단>옳지 않다</판단>
[도덕_문장]: 배우자의 실패를 말할 때 거짓으로 둘러대지 않고 솔직하게 말하는 것	<분류>1</분류> <판단>바람직하다</판단>
[도덕_문장]: 직장에서 특정한 사람이나 상황에 대한 험담을 피하는 것	<분류>1</분류> <판단>옳다</판단>
[도덕_문장]: 새로운 팀의 구성원에 대해 험담하는 것	<분류>-1</분류> <판단>바람직하지 않다</판단>
[도덕_문장]: 감정적으로 힘들 때 도움을 요청하는 것	<분류>1</분류> <판단>적절하다</판단>
[도덕_문장]: 친구에게 자신의 상태를 털어놓는 것	<분류>1</분류> <판단>좋은 행동이다</판단>
[도덕_문장]: 친구의 심정을 이해하는 태도를 보이는 것	<분류>1</분류> <판단>해야 한다</판단>
[도덕_문장]: 업무 외 시간에 시간을 갖는 것	<분류>1</분류> <판단>고려해야 한다</판단>
[도덕_문장]: 연인과 헤어지는 상황에서 상대방의 결정을 존중하는 것	<분류>1</분류> <판단>해야 한다</판단>
[도덕_문장]: 대중교통에서의 불편함을 개인의 상황과 질병에 초점을 맞추어 이해하는 것	<분류>1</분류> <판단>해야 한다</판단>
[도덕_문장]: 직장 동료에게 실수로 손상된 재산이나 물건을 원상복구하기 위해 최선을 다하는 것	<분류>1</분류> <판단>옳다</판단>
[도덕_문장]: 팀원들에게 책임을 전가하는 것	<분류>-1</분류> <판단>옳지 않다</판단>
[도덕_문장]: 팀장이 팀원들을 탓하는 것	<분류>-1</분류> <판단>안 되다</판단>
[도덕_문장]: 팀에서 문제가 발생했을 때 팀 전체의 원인을 특정 개인이나 몇몇 인원에게만 돌리는 것	<분류>-1</분류> <판단>옳지 않다</판단>
[도덕_문장]: 가족 간에 솔직한 감정을 표현하는 것	<분류>1</분류> <판단>바람직하다</판단>
[도덕_문장]: 개인의 상황으로 인해 연락이 끊겼을 때 이를 이해해주는 것	<분류>1</분류> <판단>좋다</판단>
[도덕_문장]: 지인들과 관계를 단절하면서 상대방의 사정도 존중하는 것	<분류>1</분류> <판단>옳다</판단>
[도덕_문장]: 지인들과의 관계에서 상대의 사정을 이해하고 연락을 기다려 주는 것	<분류>1</분류> <판단>바람직하다</판단>
[도덕_문장]: 지인의 사정을 이해하고 먼저 연락을 하는 것	<분류>1</분류> <판단>좋다</판단>
[도덕_문장]: 이사로 인해 마음이 복잡할 때 자신의 감정을 돌보는 것	<분류>1</분류> <판단>좋다</판단>
[도덕_문장]: 자신의 어려움과 타인의 성공을 비교하는 것	<분류>-1</분류> <판단>바람직하지 않다</판단>
[도덕_문장]: 피부 관리에 소홀히 하는 것	<분류>-1</분류> <판단>바람직하지 않다</판단>
[도덕_문장]: 자녀가 부모가 농사일을 혼자 하는 것을 알면서도 바쁜 척 하며 방치하는 것	<분류>-1</분류> <판단>바람직하지 않다</판단>
[도덕_문장]: 직장 내 막내 직원이 과도한 업무를 맡게 되는 것을 방치하는 것	<분류>-1</분류> <판단>옳지 않다</판단>
[도덕_문장]: 다른 사람의 사정을 고려해 합리적인 결정을 내리는 것	<분류>1</분류> <판단>좋다</판단>
[도덕_문장]: 가족의 일정 변경 시 상황을 이해하려 노력하는 것	<분류>1</분류> <판단>해야 한다</판단>
[도덕_문장]: 자녀의 학비에 대한 급한 사정이 발생했을 때 충분히 배려하는 것	<분류>1</분류> <판단>해야 한다</판단>
[도덕_문장]: 부모가 자녀가 긴급한 상황에 처했을 때 필요한 비용을 우선적으로 해결하는 것	<분류>1</분류> <판단>해야 한다.</판단>
[도덕_문장]: 배우자와 갈등이 있더라도 자녀와 부모님에게 직접 피해를 주지 않는 것	<분류>1</분류> <판단>좋다</판단>
[도덕_문장]: 이혼 여부를 가족들에게 일방적으로 통보하는 것	<분류>-1</분류> <판단>옳지 않다</판단>
[도덕_문장]: 친구가 과거 연인에 대해 상처를 주는 말을 하더라도 자신의 감정을 정중하게 전달하며 감정의 선을 지키는 것	<분류>1</분류> <판단>해야 한다</판단>
[도덕_문장]: 과거의 연인을 비난하거나 외모를 비하하는 것	<분류>-1</분류> <판단>바람직하지 않다</판단>
[도덕_문장]: 타인에게 거절당했을 때 상대방의 마음을 존중하는 것	<분류>1</분류> <판단>해야 한다</판단>
[도덕_문장]: 자신의 나이와 상황을 고려하지 않고 한 사람에게 집착하는 것	<분류>-1</분류> <판단>옳지 않다</판단>
[도덕_문장]: 연인이 마음을 받아들이지 못할 수도 있음을 받아들이는 것	<분류>1</분류> <판단>필요하다</판단>
[도덕_문장]: 부모님의 이혼을 남자친구에게 숨기는 것	<분류>-1</분류> <판단>바람직하지 않다</판단>
[도덕_문장]: 경제적으로 의존적인 자녀에게 필요한 도움을 주는 것	<분류>0</분류> <판단>해야 한다</판단>
[도덕_문장]: 타인에게 도움을 주고 싶어할 때 자신의 제한을 인정하는 것	<분류>0</분류> <판단>바람직하다</판단>
[도덕_문장]: 이별 후에 감정을 정리하고 자신을 돌아보는 것	<분류>1</분류> <판단>바람직하다</판단>
[도덕_문장]: 이별한 연인에 대해 헌신적인 사랑을 반복하지 않도록 성찰하는 것	<분류>1</분류> <판단>바람직하다</판단>
[도덕_문장]: 친구에게 약속을 취소해야 하는 상황에서 미리 연락하는 것	<분류>1</분류> <판단>좋다</판단>
[도덕_문장]: 약속이 취소되었을 때 상대방의 입장을 이해하며 연락해주는 것	<분류>1</분류> <판단>좋다</판단>
[도덕_문장]: 친구와의 약속을 취소할 경우 상대방에게 사전에 양해를 구하는 것	<분류>1</분류> <판단>바람직하다</판단>
[도덕_문장]: 오해가 생겼을 때 진실을 바로 알려는 것	<분류>0</분류> <판단>좋다</판단>
[도덕_문장]: 자녀의 성적에 대한 실망감을 표현하면서 자녀의 노력을 인정하고 지지하는 것	<분류>1</분류> <판단>해야 한다</판단>
[도덕_문장]: 상대의 사정으로 만남이 어려워졌을 때 기분이 상하지 않게 말해주는 것	<분류>1</분류> <판단>좋다</판단>
[도덕_문장]: 타인과의 일정이 겹쳤을 때 상대방의 의사를 존중해 적절한 선택을 하는 것	<분류>1</분류> <판단>바람직하다</판단>
[도덕_문장]: 면접을 중요하게 여기는 후배의 마음을 존중하는 것	<분류>1</분류> <판단>해야 한다</판단>
[도덕_문장]: 배우자의 미래를 반대하는 것	<분류>-1</분류> <판단>바람직하지 않다</판단>
[도덕_문장]: 가족 간의 식사 약속을 상대의 상황을 고려하여 서로 조율하는 것	<분류>1</분류> <판단>좋다</판단>
[도덕_문장]: 자신의 신념과 다른 사람의 이야기를 경청할 수 있는 자세를 가지는 것	<분류>1</분류> <판단>좋다</판단>
[도덕_문장]: 개인적인 신념에 대해 타인이 말하는 의견을 단정적으로 거부하지 않고 유연하게 받아들이는 것	<분류>1</분류> <판단>좋다.</판단>
[도덕_문장]: 가족 구성원에게 자신의 생각을 말할 때 신중하게 생각하는 것	<분류>1</분류> <판단>좋다</판단>
[도덕_문장]: 부모가 자녀의 성향을 존중하면서 좋은 정보를 전하는 것	<분류>1</분류> <판단>해야 한다</판단>
[도덕_문장]: 자녀와의 약속을 지키지 못했을 때 솔직하게 사과하는 것	<분류>1</분류> <판단>해야 한다</판단>
[도덕_문장]: 부모의 잘못을 자식에게 뒤집어씌우는 것	<분류>1</분류> <판단>바람직하지 않다</판단>
[도덕_문장]: 상대방의 선물이 완벽하지 않아도 이해해주는 것	<분류>1</분류> <판단>좋다</판단>
[도덕_문장]: 부모가 자녀의 정성을 고마워하는 것	<분류>1</분류> <판단>해야 한다</판단>
[도덕_문장]: 타인과 함께 있을 때 상대방의 기분과 상황을 고려해 옷을 입는 것	<분류>1</분류> <판단>좋다</판단>
[도덕_문장]: 여행지에서 착용하고 활동하기 편안한 옷을 선택하는 것	<분류>1</분류> <판단>바람직하다</판단>
[도덕_문장]: 옷을 고르는 과정에서 나이와 계절에 맞는 옷을 고르는 것	<분류>1</분류> <판단>적절하다</판단>
[도덕_문장]: 자신의 취향과 나이를 고려해 선택하는 것	<분류>1</분류> <판단>옳은 태도다</판단>
[도덕_문장]: 결婚의 여부에 대한 개인적인 결정을 존중하는 것	<분류>1</분류> <판단>되어야 한다</판단>
[도덕_문장]: 연애 관계가 끝난 후 상대방의 선택을 존중하는 것	<분류>1</분류> <판단>바람직하다</판단>
[도덕_문장]: 과거 연인의 새로운 시작을 축하하는 것	<분류>1</분류> <판단>좋은 행동이다</판단>
[도덕_문장]: 다른 사람의 사적인 선택을 존중하는 것	<분류>1</분류> <판단>필요하다</판단>
[도덕_문장]: 부모가 자녀의 독립적인 성장을 존중하고, 자녀가 필요로 할 때 정서적 지지를 제공하는 것	<분류>1</분류> <판단>해야 한다</판단>
[도덕_문장]: 부모가 자녀의 성장 과정에 따른 변화를 이해하고, 자녀의 정서적 독립을 지원하는 것	<분류>1</분류> <판단>바람직하다</판단>
[도덕_문장]: 자녀의 개인적인 공간과 시간을 존중하며 정서적 지지와 적절한 소통의 필요성을 인지하는 것	<분류>1</분류> <판단>바람직하다</판단>
[도덕_문장]: 자신의 행동으로 동료들이 피해를 입었을 때 신속하게 사과하는 것	<분류>1</분류> <판단>좋다</판단>
[도덕_문장]: 퇴사를 선택하고 그 결정에 대한 책임을 지는 것	<분류>1</분류> <판단>해야 한다</판단>
[도덕_문장]: 슬픔을 숨기지 않는 것	<분류>0</분류> <판단>괜찮다</판단>
[도덕_문장]: 가족이나 친한 친구에게 자신의 마음을 표현하는 것	<분류>1</분류> <판단>괜찮다</판단>
[도덕_문장]: 연습이 어려운 상황에서도 꾸준히 연습하려는 마음을 가지고, 필요한 경우 연습 방식을 조정하는 것	<분류>1</분류> <판단>바람직하다</판단>
[도덕_문장]: 연습을 할 시간을 낼 수 있을지 확신이 서지 않더라도 연주를 포기하지 않는 것	<분류>1</분류> <판단>좋다</판단>
[도덕_문장]: 개인의 선택에 대해 응원해주는 것	<분류>1</분류> <판단>좋다</판단>
[도덕_문장]: 자녀가 가정의 사정을 이해하고 결정을 내리는 것	<분류>1</분류> <판단>바람직하다</판단>
[도덕_문장]: 부모님이 자신의 선택을 이해해 주는 것	<분류>1</분류> <판단>좋다</판단>
[도덕_문장]: 자녀의 학업 선택이 옳다고 판단되면 이를 존중해주는 것	<분류>1</분류> <판단>좋다</판단>
[도덕_문장]: 부모가 자녀의 결정을 존중해 주는 것	<분류>1</분류> <판단>좋다.</판단>
[도덕_문장]: 자녀가 집안 상황을 고려해 선택한 결정에 대해 감사의 마음을 표현하는 것	<분류>1</분류> <판단>좋다</판단>
[도덕_문장]: 퇴임식에 초대받았을 때 참여 여부를 고려하는 것	<분류>0</분류> <판단>되도 된다</판단>
[도덕_문장]: 자녀의 솔직한 의견을 존중하는 것	<분류>1</분류> <판단>옳다</판단>
[도덕_문장]: 부모님의 기대를 이해해주는 것	<분류>1</분류> <판단>옳다.</판단>
[도덕_문장]: 자녀의 마음을 존중하는 것	<분류>1</분류> <판단>해야 한다</판단>
[도덕_문장]: 자녀의 욕구를 충족시키지 못할 때 상황을 설명하고 대안을 제시하는 것	<분류>1</분류> <판단>좋다</판단>
[도덕_문장]: 이별 후에 상대방을 지속적으로 기다리는 것	<분류>0</분류> <판단>바람직하지 않다</판단>
[도덕_문장]: 가족이 어려움을 겪을 때 개인적인 감정보다 가족을 향한 진심어린 관심과 지원을 표현하는 것	<분류>1</분류> <판단>좋다.</판단>
[도덕_문장]: 가족 간의 대화를 개인의 선택을 존중하는 방식으로 하는 것	<분류>1</분류> <판단>되어야 한다</판단>
[도덕_문장]: 자신의 상태가 힘들 때 도움을 요청하는 것	<분류>1</분류> <판단>좋다</판단>
[도덕_문장]: 자신의 상황을 이해하고 존중해 주는 것	<분류>1</분류> <판단>좋다</판단>
[도덕_문장]: 약속을 지키지 못할 경우 미리 연락하여 상황을 설명하는 것	<분류>1</분류> <판단>옳다</판단>
[도덕_문장]: 반려동물과 관련한 약속을 했을 때 불가피한 상황에서는 사정을 설명하고 양해를 구하는 것	<분류>1</분류> <판단>바람직하다</판단>
[도덕_문장]: 반려동물을 산책할 때 안전한 목줄을 착용하는 것	<분류>1</분류> <판단>필수로 해야 한다</판단>
[도덕_문장]: 산책 약속을 이행하지 못할 경우 미리 연락하고 상황을 설명하는 것	<분류>1</분류> <판단>좋다</판단>
[도덕_문장]: 자신의 사정이 있을 때 양해를 구하는 것	<분류>1</분류> <판단>바람직하다</판단>
[도덕_문장]: 가족과의 일정을 설명하는 것	<분류>0</분류> <판단>괜찮다</판단>
[도덕_문장]: 가족이 약속을 지키기 위해 양해를 구하는 것	<분류>1</분류> <판단>옳다</판단>
[도덕_문장]: 직장생활에서 회식을 개인사정으로 빠질 때 예의 있게 처신하는 것	<분류>1</분류> <판단>옳다</판단>
[도덕_문장]: 직원에게 휴일 근무를 강요하는 것	<분류>-1</분류> <판단>옳지 않다</판단>
[도덕_문장]: 연인 사이의 다툼을 피하기 위해 사실을 숨기는 것	<분류>-1</분류> <판단>바람직하지 않다</판단>
[도덕_문장]: 연애 중 상대방에게 거짓말을 하는 것	<분류>-1</분류> <판단>안 되며 옳지 않다</판단>
[도덕_문장]: 연인과 다툼이 있을 때 솔직한 의견을 나누어 서로 이해하려는 노력하기	<분류>1</분류> <판단>필요하다</판단>
[도덕_문장]: 학교에서 처음 만난 친구가 이름을 물어봤을 때 예의 있게 답하는 것	<분류>1</분류> <판단>좋다</판단>
[도덕_문장]: 프로젝트에서 실수를 했더라도 개선 의지를 보이는 것	<분류>1</분류> <판단>바람직하다</판단>
[도덕_문장]: 자기 자신을 위해 지출하는 것	<분류>0</분류> <판단>权利是有的。</판단>
[도덕_문장]: 타인의 의견을 듣기만 하지 않고 자신의 감정에 대해 스스로를 돌아보는 것	<분류>1</분류> <판단>좋다</판단>
[도덕_문장]: 타인의 긍정적인 면을 받아들이고, 자신에게 부족한 부분을 객관적으로 평가하는 것	<분류>1</분류> <판단>해야 한다</판단>
[도덕_문장]: 자신이 힘들 때 감정을 솔직하게 이야기하는 것	<분류>1</분류> <판단>좋다</판단>
[도덕_문장]: 가족의 성장을 돕는 것	<분류>1</분류> <판단>좋다</판단>
[도덕_문장]: 상처받은 사람에게 충분한 위로를 하는 것	<분류>1</분류> <판단>필요하다</판단>
[도덕_문장]: 자녀가 자신의 선택에 대해 확신을 갖도록 응원하고 존중하는 태도를 갖는 것	<분류>1</분류> <판단>바람직하다</판단>
[도덕_문장]: 동료에게 사실을 왜곡하거나 거짓말을 하는 것	<분류>-1</분류> <판단>바람직하지 않다</판단>
[도덕_문장]: 상대방에게 사실과 다르게 이야기하는 것	<분류>-1</분류> <판단>옳지 않다</판단>
[도덕_문장]: 자신의 실수를 덮기 위해 거짓말을 하는 것	<분류>-1</분류> <판단>안 된다</판단>
[도덕_문장]: 부모가 자녀에게 평소에 절약의 중요성을 가르치고, 중요한 기념일에는 자녀에게 적절한 보상과 축하를 해주는 것	<분류>1</분류> <판단>바람직하다</판단>
[도덕_문장]: 육아휴직 후 복귀해 감정적 불안감이 크다면 동료와 가족에게 자신의 상황을 솔직히 이야기하는 것	<분류>1</분류> <판단>바람직하다</판단>
[도덕_문장]: 직장이 육아휴직 기간이 끝난 직원의 부담을 감안해 근무 스케줄이나 업무량을 조정하는 것	<분류>1</분류> <판단>좋다</판단>
[도덕_문장]: 개인적인 감정이 타인의 정서와 충돌하더라도 표현을 조절하는 노력을 하는 것	<분류>1</분류> <판단>해야 한다</판단>
[도덕_문장]: 자녀가 부모님께 선물을 할 때 부모님의 평소 성향을 고려하는 것	<분류>1</분류> <판단>해야 한다</판단>
[도덕_문장]: 동료들에게 개인적인 사정을 설명하고 이해를 구하는 것	<분류>1</분류> <판단>좋다</판단>
[도덕_문장]: 개인적인 사정으로 인한 참여 불가능에 대해 양해를 구하는 것	<분류>1</분류> <판단>옳다.</판단>
[도덕_문장]: 회식에 참여하지 못하는 상황이 생기더라도 이해를 구하고, 향후 회식 참여를 위한 노력과 상황을 공유하는 것	<분류>1</분류> <판단>바람직하다</판단>
[도덕_문장]: 개인의 사정으로 회식을 거절하고 관계를 유지하려는 것	<분류>1</분류> <판단>바람직하다</판단>
[도덕_문장]: 타인이 자신에게 부담을 느낄 때 배려의 범위를 조절하는 것	<분류>1</분류> <판단>좋다</판단>
[도덕_문장]: 자신의 일이 있을 때 개인적인 상황을 먼저 돌본 후 주변 사람들을 챙기는 것	<분류>1</분류> <판단>바람직하다</판단>
[도덕_문장]: 업무 때문에 가족들과 시간을 갖지 못하더라도 가족에게 설명을 하는 것	<분류>1</분류> <판단>바람직하다</판단>
[도덕_문장]: 업무를 조금 미루거나 조정하는 것	<분류>1</분류> <판단>바람직하다</판단>
[도덕_문장]: 업무가 과도하게 쌓였을 때 업무의 우선순위를 조정하여 가족과의 시간을 보장하는 것	<분류>1</분류> <판단>해야 한다</판단>
[도덕_문장]: 가족과 시간을 보내는 것	<분류>1</분류> <판단>중요하다</판단>
[도덕_문장]: 동료의 사정을 존중하는 것	<분류>1</분류> <판단>바람직하다</판단>
[도덕_문장]: 동료의 상황에 따라 과도한 반응을 자제하는 것	<분류>1</분류> <판단>좋은 판단이다</판단>
[도덕_문장]: 회사에서 직원들의 건강과 식단 관리를 고려하여 회식 문화를 개선하는 것	<분류>1</분류> <판단>바람직하다</판단>
[도덕_문장]: 조직이 구성원의 건강 문제를 인지했을 때 회식 메뉴를 보다 건강한 선택으로 구성하거나, 개인의 식단 관리를 고려한 유연한 대응 방안을 마련하는 것	<분류>1</분류> <판단>해야 한다</판단>
[도덕_문장]: 회사 동료의 구매와 관련한 말을 들은 뒤 공감을 표시하는 것	<분류>1</분류> <판단>좋다</판단>
[도덕_문장]: 배우자가 어려움을 겪을 경우 상대의 입장에서 생각해보는 것	<분류>1</분류> <판단>옳다</판단>
[도덕_문장]: 재혼 가정을 구성할 때 이전 가정에 대한 애정과 존중을 갖는 것	<분류>1</분류> <판단>필요하다</판단>
[도덕_문장]: 어려운 상황에서 감정을 숨기는 것	<분류>1</분류> <판단>바람직하지 않다</판단>
[도덕_문장]: 부모에게 위로의 말을 건네는 것	<분류>1</분류> <판단>좋다</판단>
[도덕_문장]: 자신의 감정을 가족 구성원들에게 솔직하게 표현하는 것	<분류>1</분류> <판단>괜찮다</판단>
[도덕_문장]: 부모님의 어려움을 이해해주는 것	<분류>1</분류> <판단>좋다</판단>
[도덕_문장]: 딸의 위로에 엄마가 고맙다는 말을 전하는 것	<분류>1</분류> <판단>좋다</판단>
[도덕_문장]: 주변 환경에 대한 책임 있는 태도를 유지하는 것	<분류>1</분류> <판단>바람직하다</판단>
[도덕_문장]: 아이에게 자신의 잘못을 솔직하게 말하고 스스로 고치려는 노력을 보이는 것	<분류>1</분류> <판단>해야 한다</판단>
[도덕_문장]: 자녀가 가진 가치관이 행동과 다르다면 반성하고 고치는 노력을 하는 것	<분류>1</분류> <판단>해야 한다</판단>
[도덕_문장]: SNS를 통해 동료의 행동이나 개인적인 사정을 공개적으로 평가하지 않는 것	<분류>1</분류> <판단>좋다</판단>
[도덕_문장]: 다른 사람이 받은 선물을 자랑할 때 상황을 고려해 판단하는 태도를 가지는 것	<분류>1</분류> <판단>필요하다</판단>
[도덕_문장]: 조직 내 상황을 보고 상대의 기쁨과 슬픔을 공유하는 것	<분류>1</분류> <판단>이해심 있는 행동이다</판단>
[도덕_문장]: 현재 가족의 생활에 변화를 주지 않으면서 타인에게 도움을 주려는 노력을 하는 것	<분류>1</분류> <판단>긍정적으로 받아들여야 한다</판단>
[도덕_문장]: 부모가 자녀의 취향을 강요하지 않고 존중하는 태도를 보이는 것	<분류>1</분류> <판단>옳다</판단>
[도덕_문장]: 부모가 자녀의 의견을 존중하는 것	<분류>1</분류> <판단>옳다</판단>
[도덕_문장]: 부담스러운 제안에 대해 상대방에게 정중하게 거절하거나 상황을 설명하는 것	<분류>1</분류> <판단>좋다</판단>
[도덕_문장]: 바쁜 사람에게 너무 많은 제안을 하지 않는 것	<분류>1</분류> <판단>좋다</판단>
[도덕_문장]: 친구가 비밀로 하는 것을 이해하는 것	<분류>1</분류> <판단>좋다</판단>
[도덕_문장]: 친구를 배려하는 것	<분류>1</분류> <판단>좋다</판단>
[도덕_문장]: 자신의 상황을 적절하게 조절하고 공개하는 것	<분류>1</분류> <판단>바람직하다</판단>
[도덕_문장]: 충동적인 행동을 하기 전에 고민하는 시간을 갖는 것	<분류>1</분류> <판단>좋은 태도이다</판단>
[도덕_문장]: 자신의 기분을 존중하는 것	<분류>1</분류> <판단>옳다</판단>
[도덕_문장]: 자신의 상황과 여건을 고려해 결정을 내리는 것	<분류>1</분류> <판단>바람직하다</판단>
[도덕_문장]: 새로운 경험을 하는 사람에게 지지와 응원을 하는 것	<분류>1</분류> <판단>좋다</판단>
[도덕_문장]: 업무가 줄어들었을 때 동료들을 도와주는 것	<분류>1</분류> <판단>옳다</판단>
[도덕_문장]: 동료의 상황을 배려하며 자신의 여유를 과시하지 않는 것	<분류>1</분류> <판단>좋다</판단>
[도덕_문장]: 업무량이 줄어든 상황에서 주변 사람들의 상황을 고려해 조심스럽게 행동하는 것	<분류>1</분류> <판단>바람직하다</판단>
[도덕_문장]: 이사한 후 이웃과 소통하려는 노력을 하는 것	<분류>1</분류> <판단>필요하다</판단>
[도덕_문장]: 이웃이 어떠한 감정을 느끼는지 배려하는 태도를 유지하는 것	<분류>1</분류> <판단>좋다</판단>
[도덕_문장]: 이웃이 오랜 시간 인사를 하지 않았다고 해서 오해를 하는 것	<분류>1</분류> <판단>바람직하지 않다</판단>
[도덕_문장]: 이사 후 이웃과 어색함이 있을 때 먼저 인사를 하고 적극적으로 소통하려는 노력을 하는 것	<분류>1</분류> <판단>필요하다</판단>
[도덕_문장]: 자녀가 책임감 있는 성장을 보일 때 그 과정에 노력을 들인 부모로서 겸손함을 보이는 것	<분류>1</분류> <판단>바람직하다</판단>
[도덕_문장]: 연인이 과거 연인을 만나기를 꺼리는 이유를 이해하지 못하더라도 연인의 마음을 존중하는 것	<분류>1</분류> <판단>해야 한다</판단>
[도덕_문장]: 상대의 사정을 이해하고 그 상황에 적합하게 행동하는 것	<분류>1</분류> <판단>옳다</판단>
[도덕_문장]: 자신이 약속한 일이 없어졌을 때 상대방에게 미안한 마음을 전하는 것	<분류>1</분류> <판단>바람직하다</판단>
[도덕_문장]: 가족과 함께 쇼핑할 때 가족의 의견을 먼저 묻는 것	<분류>1</분류> <판단>바람직하다</판단>
[도덕_문장]: 가족의 필요를 존중하는 것	<분류>1</분류> <판단>좋다</판단>
[도덕_문장]: 가족과 함께 쇼핑할 때 상대의 기분과 경제적 여유를 함께 배려하는 태도를 지키는 것	<분류>1</분류> <판단>바람직하다</판단>
[도덕_문장]: 가족과 함께 장을 볼 때 상대방의 의견을 존중하는 것	<분류>1</분류> <판단>해야 한다</판단>
[도덕_문장]: 평소와 다른 구매 패턴이 발생했을 때 그 이유를 상대방에게 설명하는 것	<분류>1</분류> <판단>좋다</판단>
[도덕_문장]: 자신의 의사를 표현할 때 예의를 갖춘 표현으로 전달하는 것	<분류>1</분류> <판단>바람직하다</판단>
[도덕_문장]: 친구의 조언을 경청하는 것	<분류>1</분류> <판단>바람직하다</판단>
[도덕_문장]: 자신의 조언이 상대방의 마음에 영향을 미치는 것을 인지하고, 조언과 판단을 할 때 상대방의 입장과 마음을 충분히 배려하는 것	<분류>1</분류> <판단>해야 한다</판단>
[도덕_문장]: 친구가 이성적으로 행동하길 조언하는 것	<분류>1</분류> <판단>친구에 대한 배려가 필요하다</판단>
[도덕_문장]: 개인의 선택을 존중하는 것	<분류>1</분류> <판단>좋다</판단>
[도덕_문장]: 친구의 판단을 존중하는 것	<분류>1</분류> <판단>좋다</판단>
[도덕_문장]: 다른 사람이 연인에 대해 걱정할 때 이해하고 경청하는 것	<분류>1</분류> <판단>바람직하다</판단>
[도덕_문장]: 타인과 비교하거나 과시하는 것	<분류>-1</분류> <판단>좋지 않다</판단>
[도덕_문장]: 자신의 성공과 물질적 성과를 과시할 때 상대방의 기분을 고려하며 행동하는 것	<분류>1</분류> <판단>좋다</판단>
[도덕_문장]: 타인이 자신의 연인을 수군거리는 것	<분류>-1</분류> <판단>바람직하지 않다</판단>
[도덕_문장]: 공공장소에서 자신의 행동이 다른 사람들에게 불쾌감을 주지 않도록 주의하는 것	<분류>1</분류> <판단>옳다</판단>
[도덕_문장]: 공연에 초대받았을 때 감사하게 생각하고 즐기는 것	<분류>1</분류> <판단>좋다</판단>
[도덕_문장]: 타인의 외모나 신체적 특징을 근거로 놀리는 것	<분류>-1</분류> <판단>옳지 않다</판단>
[도덕_문장]: 신체적 특징 때문에 놀림을 당하는 것을 방관하는 것	<분류>-1</분류> <판단>안 되는 것</판단>
[도덕_문장]: 키를 이유로 친구들을 놀리는 것	<분류>-1</분류> <판단>옳지 않다</판단>
[도덕_문장]: 룸메이트에게 불편한 상황을 솔직하게 이야기하는 것	<분류>1</분류> <판단>해야 한다</판단>
[도덕_문장]: 면접에서 타인에게 피해가 가지 않도록 서로 배려하는 것	<분류>1</분류> <판단>옳다</판단>
[도덕_문장]: 면접에서 동료에게 느낀 미안함과 죄책감을 솔직하게 표현하고 배려하는 태도를 보이는 것	<분류>1</분류> <판단>바람직하다</판단>
[도덕_문장]: 타인의 감정을 공감하고 배려하는 것	<분류>1</분류> <판단>바람직하다</판단>
[도덕_문장]: 남편의 건강을 위해 권유하기 위해 남편의 동의와 이해를 얻는 것	<분류>1</분류> <판단>해야 한다</판단>
[도덕_문장]: 연인의 상황을 이해하고 지원해 주는 것	<분류>1</분류> <판단>좋다</판단>
[도덕_문장]: 연인이 어려움이 있을 때 부담을 덜어주기 위해 적극적으로 도와주는 것	<분류>1</분류> <판단>좋다</판단>
[도덕_문장]: 연인이 힘든 상황에 있을 때 이해해주는 것	<분류>1</분류> <판단>좋다</판단>
[도덕_문장]: 정신적으로 어려움이 있는 상황에서 주변 사람들에게 도움을 요청하는 것	<분류>1</분류> <판단>좋다</판단>
[도덕_문장]: 취미 활동에 같이 참여하길 원해서 예의 있게 제안하는 것	<분류>1</분류> <판단>옳다</판단>
[도덕_문장]: 초대를 받았을 때 자신의 상황이나 관심을 분명하게 전달하는 것	<분류>1</분류> <판단>바람직하다</판단>
[도덕_문장]: 가족 사이에서 자신이 관심 없는 취미에 동참해야 하는 의무를 지는 것	<분류>0</분류> <판단>옳지 않다</판단>
[도덕_문장]: 친한 사람을 거절하는 상황에서 이유를 구체적으로 설명하는 것	<분류>1</분류> <판단>좋다</판단>
[도덕_문장]: 타인에게 거짓말을 하는 것	<분류>-1</분류> <판단>나쁘다</판단>
[도덕_문장]: 용돈을 모으기로 한 것에 대해 거짓말을 하는 것	<분류>-1</분류> <판단>옳지 않다</판단>
[도덕_문장]: 생일 축하 메시지를 받았을 때 답장을 해 주는 것	<분류>1</분류> <판단>좋다</판단>
[도덕_문장]: 자신의 생일 축하 연락에 답장을 받는 것	<분류>0</분류> <판단>받을 의무는 없다</판단>
[도덕_문장]: 친구의 선택을 존중해 주는 것	<분류>1</분류> <판단>좋다</판단>
[도덕_문장]: 친구의 행복을 진심으로 축하하는 것	<분류>1</분류> <판단>바람직하다</판단>
[도덕_문장]: 친구가 결혼을 발표해도 친구의 선택을 존중해 주는 것	<분류>1</분류> <판단>해야 한다</판단>
[도덕_문장]: 친구의 변화에 대해 개인적인 감정이 혼란스러울 수 있음을 인정하는 것	<분류>0</분류> <판단>좋다</판단>
[도덕_문장]: 목적지에 빨리 도착해야 할 상황에서 무리하지 않는 범위에서 자신의 만족도를 조율하는 것	<분류>1</분류> <판단>필요하다</판단>
[도덕_문장]: 자신의 시간과 여건을 고려해 선택하는 것	<분류>1</분류> <판단>옳다</판단>
[도덕_문장]: 자랑거리가 있더라도 상대를 속이는 표현을 하는 것	<분류>-1</분류> <판단>바람직하지 않다</판단>
[도덕_문장]: 가족에게 자신의 성과나 상황을 거짓으로 과시하는 것	<분류>-1</분류> <판단>좋지 않다</판단>
[도덕_문장]: 시험 준비 중 실패에 대한 두려움이나 불안감을 느끼더라도 이를 극복하기 위한 노력을 계속하는 것	<분류>1</분류> <판단>좋다.</판단>
[도덕_문장]: 동료에게 업무 부담을 주지 않도록 합리적인 업무 분담을 고려하는 것	<분류>1</분류> <판단>좋다.</판단>
[도덕_문장]: 재택근무를 하게 되었을 때, 다른 동료들의 업무 부담을 고려하는 것	<분류>1</분류> <판단>옳다.</판단>
[도덕_문장]: 타인과의 교류에서 상대방이 제공한 물건이나 서비스의 수준에 불만이 있더라도 공개적인 불평을 하지 않고 상황을 존중하는 것	<분류>1</분류> <판단>바람직하다</판단>
[도덕_문장]: 타인에게 도움을 받았을 때 자신의 잘못으로 문제가 발생했을지라도 과도한 요구를 하지 않는 것	<분류>1</분류> <판단>바람직하다</판단>
[도덕_문장]: 타인의 물건을 빌려 고장이나 문제가 있더라도 예의를 지키며 사용하는 것	<분류>1</분류> <판단>바람직하다</판단>
[도덕_문장]: 동료의 사정을 고려하는 것	<분류>1</분류> <판단>좋다</판단>
[도덕_문장]: 업무에 변동이 생겼을 때, 담당이 분명한 업무라면 미리 동료들에게 상황을 공유하고 가능한 범위에서 도움을 요청하는 것	<분류>1</분류> <판단>바람직하다</판단>
[도덕_문장]: 월차 신청과 이사 날짜 변경을 조율하는 것	<분류>1</분류> <판단>좋다</판단>
[도덕_문장]: 친구에게 거짓말을 하는 것	<분류>-1</분류> <판단>좋지 않다</판단>
[도덕_문장]: 사람들 앞에서 거짓말을 하는 것	<분류>-1</분류> <판단>옳지 않다</판단>
[도덕_문장]: 친구에게 거짓말을 하는 것	<분류>-1</분류> <판단>옳지 않다</판단>
[도덕_문장]: 대학 합격 후 자신의 마음을 돌아보는 것	<분류>1</분류> <판단>좋은 행동이다</판단>
[도덕_문장]: 완성된 작품에 문제가 있으면 수정해서 제출하는 것	<분류>1</분류> <판단>되어도 된다</판단>
[도덕_문장]: 작품을 제출하기 전에 최선을 다했는지 돌아보는 것	<분류>1</분류> <판단>좋다</판단>
[도덕_문장]: 작품이 완벽하지 않더라도 준비를 거친 후 제출하는 것	<분류>1</분류> <판단>바람직하다</판단>
[도덕_문장]: 대회에 작품을 제출하기 전에 충분히 검토하는 것	<분류>1</분류> <판단>좋다</판단>
[도덕_문장]: 상대방의 노고를 왜곡하여 표현하는 것	<분류>-1</분류> <판단>바람직하지 않다</판단>
[도덕_문장]: 다른 사람의 노력을 가로채어 자신의 공으로 만드는 것	<분류>-1</분류> <판단>안 된다</판단>
[도덕_문장]: 상대방의 노고에 대해 거짓말하거나 자신의 공을 부풀리는 것	<분류>-1</분류> <판단>바람직하지 않다</판단>
[도덕_문장]: 타인의 제안을 거절하는 것	<분류>0</분류> <판단>무례하다고 생각해서는 안 된다</판단>
[도덕_문장]: 개인이 혼자 보내는 충전 시간이 있음을 존중하는 것	<분류>1</분류> <판단>해야 한다</판단>
[도덕_문장]: 가족에게 제안 받은 만남을 거부하는 것	<분류>0</분류> <판단>할 수 있다</판단>
[도덕_문장]: 공부 목표에 집중하기 어려울 때 자신의 행동을 돌아보고 개선하려는 노력을 하는 것	<분류>1</분류> <판단>필요하다</판단>
[도덕_문장]: 부모가 자녀가 자신감 있게 결정을 내리는 것을 도와주는 것	<분류>1</분류> <판단>좋다</판단>
[도덕_문장]: 자녀가 부모가 용기를 낼 수 있도록 격려해 주는 것	<분류>1</분류> <판단>좋다</판단>
[도덕_문장]: 대중교통을 이용할 때 미리 요금을 충전해 두는 것	<분류>1</분류> <판단>좋다</판단>
[도덕_문장]: 대중교통 이용 시 요금 준비를 철저히 하는 것	<분류>1</분류> <판단>바람직하다</판단>
[도덕_문장]: 타인의 불편이나 혼란스러운 상황에 대해 책임을 지고 사과하는 것	<분류>1</분류> <판단>적절하다</판단>
[도덕_문장]: 버스에서 교통카드를 사용할 때 미리 잔액을 확인하는 것	<분류>1</분류> <판단>바람직하다</판단>
[도덕_문장]: 가족 구성원 간 오해를 해소하는 과정에서 상대방의 감정을 배려하는 것	<분류>1</분류> <판단>필요하다</판단>
[도덕_문장]: 자식의 행동을 긍정적으로 평가하는 것	<분류>1</분류> <판단>바람직하다</판단>
[도덕_문장]: 자신의 실수를 부끄러워하지 않고 변명하지 않는 것	<분류>1</분류> <판단>바람직하다</판단>
[도덕_문장]: 자신의 정체를 숨기면서 상대방의 정체를 존중하는 태도를 유지하는 것	<분류>1</분류> <판단>해야 한다</판단>
[도덕_문장]: 가족 구성원 간의 오해를 풀기 위해 노력하는 것	<분류>1</분류> <판단>좋다</판단>
[도덕_문장]: 건강 문제로 수업에 불편을 주더라도 타인에게 양해를 구하는 것	<분류>1</분류> <판단>해야 한다</판단>
[도덕_문장]: 수업 중 건강 문제로 수업 참여가 어려울 경우 미리 양해를 구하는 것	<분류>1</분류> <판단>바람직하다</판단>
[도덕_문장]: 선생님에게 자신의 상황을 미리 말씀하는 것	<분류>1</분류> <판단>바람직하다</판단>
[도덕_문장]: 선생님에게 개인적인 사정을 미리 말하는 것	<분류>1</분류> <판단>좋다</판단>
[도덕_문장]: 다른 사람에게 불편을 줄 수 있는 상황을 미리 양해를 구하는 것	<분류>1</분류> <판단>좋다</판단>
[도덕_문장]: 다른 사람의 행동이나 말투에 대해 오해를 갖게 되는 경우에는 상황과 맥락을 먼저 파악하려는 자세를 갖는 것	<분류>1</분류> <판단>바람직하다</판단>
[도덕_문장]: 친구를 통해 자극을 받았을 때 자신의 습관이나 자세를 성찰하고 개선하는 것	<분류>1</분류> <판단>좋다</판단>
[도덕_문장]: 여자 선수가 생리로 인해 체중이 증가할 수 있다는 사실을 인정하는 것	<분류>1</분류> <판단>좋다</판단>
[도덕_문장]: 자녀가 자신의 뜻을 이해하지 못할 때도 존중하는 태도를 갖는 것	<분류>1</분류> <판단>옳다</판단>
[도덕_문장]: 건강검진을 비용 때문에 미루는 것	<분류>-1</분류> <판단>좋지 않다</판단>
[도덕_문장]: 병원 방문이 부담스럽더라도 의사와 상담을 통해 검사 가능 여부를 확인하는 것	<분류>1</분류> <판단>해야 한다</판단>
[도덕_문장]: 자신이 불안하거나 힘들 때 가까운 사람에게 말하는 것	<분류>1</분류> <판단>좋다</판단>
[도덕_문장]: 자신의 부족함으로 인해 식물이 죽었다고 생각하고 식물 키우기를 포기하는 것	<분류>1</분류> <판단>안 되다</판단>
[도덕_문장]: 식물을 키우기 전에 잘 키울 수 있는지 고려해보는 것	<분류>1</분류> <판단>좋다</판단>
[도덕_문장]: 식물을 키울 때 자신의 여건과 책임을 고려해 적절한 선택을 하는 것	<분류>1</분류> <판단>해야 한다</판단>
[도덕_문장]: 식물을 키우는 것이 자신에게 맞지 않으면 포기하는 것	<분류>1</분류> <판단>바람직하다</판단>
[도덕_문장]: 초보자가 관리가 쉬운 식물부터 시작하는 것	<분류>1</분류> <판단>바람직하다</판단>
[도덕_문장]: 상대방의 비밀이 있더라도 그 사람을 탓하기보다는 먼저 물어보는 것	<분류>1</분류> <판단>옳다</판단>
[도덕_문장]: 직장 동료가 실수를 했을 때 이해를 하며 도와주는 것	<분류>1</분류> <판단>적절하다</판단>
[도덕_문장]: 학생이 교수님의 지시를 존중하는 것	<분류>0</분류> <판단>해야 한다</판단>
[도덕_문장]: 재회를 원하는 상황에서 상대방에게 현재 상황을 솔직하게 말하는 것	<분류>1</분류> <판단>옳다</판단>
[도덕_문장]: 이전 연인의 요구에 혼란스러울 때 현재 관계와 상황을 고려해 신중하게 결정하는 것	<분류>1</분류> <판단>해야 한다</판단>
[도덕_문장]: 상대방이 다른 이성과 사귀고 있을 때 연락을 자제하는 것	<분류>1</분류> <판단>옳다</판단>
[도덕_문장]: 이미 연인 관계가 있는 상황에서 연락을 피하는 것	<분류>1</분류> <판단>좋다</판단>
[도덕_문장]: 본인의 문제가 상대방의 잘못이 아님을 인지하고 대화로 해결하려는 태도를 가지는 것	<분류>1</분류> <판단>바람직하다</판단>
[도덕_문장]: 고백을 받고 충분히 고민해보는 것	<분류>1</분류> <판단>필요하다</판단>
[도덕_문장]: 연인이 아닌 상대방에게 고백을 받았을 때 상대방을 배려하고 충분히 생각한 후 답변을 하는 것	<분류>1</분류> <판단>바람직하다</판단>
[도덕_문장]: 직장생활 중 불편한 상황이 발생했을 때 자신의 상태를 동료들에게 설명하는 것	<분류>1</분류> <판단>괜찮다</판단>
[도덕_문장]: 직장에서 개인적인 불편함을 스스로 조절하며 침착하게 대응하는 것	<분류>1</분류> <판단>필요하다</판단>
[도덕_문장]: 상대방이 외모에 신경 쓰지 못할 만큼 급하고 불가피한 상황임을 이해하는 것	<분류>1</분류> <판단>옳다</판단>
[도덕_문장]: 친구의 생일을 잊은 것에 대해 진심으로 사과하고 용서를 구하는 것	<분류>1</분류> <판단>해야 한다</판단>
[도덕_문장]: 친구에게 중요한 기념일을 빠트렸을 때 친구를 배려하는 것	<분류>1</분류> <판단>바람직하다</판단>
[도덕_문장]: 생일을 깜빡 잊어버린 친구에게 축하 인사를 하고 사과하는 것	<분류>1</분류> <판단>해야 한다</판단>
[도덕_문장]: 친밀한 관계에서 실수 후 사과하는 것	<분류>1</분류> <판단>해야 한다</판단>
[도덕_문장]: 친구에게 실수를 솔직하게 사과하는 것	<분류>1</분류> <판단>좋다</판단>
[도덕_문장]: 친밀한 관계에서 실수를 했을 때 솔직하게 사과하고 진심으로 사과하려 노력하는 것	<분류>1</분류> <판단>해야 한다</판단>
[도덕_문장]: 미용실에서 요구한 길이보다 더 많이 자르는 것	<분류>-1</분류> <판단>옳지 않다</판단>
[도덕_문장]: 타인이 한 말을 기억하지 못하는 것을 이유로 비난하지 않는 것	<분류>1</분류> <판단>좋다</판단>
[도덕_문장]: 미팅 장소에서 통역이나 다른 의사소통 수단을 활용하는 것	<분류>1</분류> <판단>해야 한다</판단>
[도덕_문장]: 방송 사고가 발생했을 때 진행자가 실수를 인정하고 사과하는 것	<분류>1</분류> <판단>좋다</판단>
[도덕_문장]: 자신의 실수를 인정하고 책임지는 것	<분류>1</분류> <판단>옳다</판단>
[도덕_문장]: 실수를 한 직원을 비난하지 않는 것	<분류>1</분류> <판단>좋다</판단>
[도덕_문장]: 지갑을 두고 나와서 큰소리치는 것	<분류>-1</분류> <판단>안 된다</판단>
[도덕_문장]: 상대의 체면을 떨어뜨리는 것	<분류>-1</분류> <판단>좋지 않다</판단>
[도덕_문장]: 다른 사람이 약속을 지키지 못했을 때 상황을 이해해주고 기다려주는 태도를 보이는 것	<분류>1</분류> <판단>바람직하다</판단>
[도덕_문장]: 타인에게 잘못을 전가하는 것	<분류>-1</분류> <판단>바람직하지 않다</판단>
[도덕_문장]: 자신의 부족한 부분으로 문제가 발생했을 때 성찰하는 것	<분류>1</분류> <판단>해야 한다</판단>
[도덕_문장]: 자녀의 옷차림이 회사 문화와 어긋날 경우 단정한 복장을 지키도록 교육하는 것	<분류>1</분류> <판단>바람직하다</판단>
[도덕_문장]: 부모가 자녀와의 갈등 상황에서 먼저 잘못을 인정하고 잘못된 태도를 고치는 것	<분류>1</분류> <판단>옳다</판단>
[도덕_문장]: 부모가 아이의 식사 시간을 지키도록 도와주고, 원하지 않는 부분에 대해 대화를 통해 이해하려고 노력하는 것	<분류>1</분류> <판단>좋다</판단>
[도덕_문장]: 부모가 자녀의 불만을 해결하기 위해 아이와 대화하려는 노력을 하는 것	<분류>1</분류> <판단>해야 한다</판단>
[도덕_문장]: 자녀가 삐지더라도 혼을 내지 말고 달래는 것	<분류>1</분류> <판단>좋다</판단>
[도덕_문장]: 부모의 마음을 헤아리는 것	<분류>1</분류> <판단>좋다</판단>
[도덕_문장]: 갈등이 있을 때 대화를 통해 문제를 풀어나가는 것	<분류>1</분류> <판단>바람직하다</판단>
[도덕_문장]: 가족이 큰 경제적 어려움에 처했을 때 솔직하게 상황을 밝히는 것	<분류>1</분류> <판단>바람직하다</판단>
[도덕_문장]: 자식이 경제적 어려움을 이야기할 때 부모가 자식에게 조언해주는 것	<분류>1</분류> <판단>바람직하다</판단>
[도덕_문장]: 부모님이 경제적으로 어려움을 겪을 때 상황을 이해하고 도와주려는 태도를 보이는 것	<분류>1</분류> <판단>적절하다</판단>
[도덕_문장]: 직장 내에서 동료를 존중하고, 개인적인 감정이 섞여있더라도 직장 내 대화에 신중하게 임하는 것	<분류>1</분류> <판단>옳다</판단>
[도덕_문장]: 직장 단체대화방에서 개인적인 평가나 욕설로 다른 사람들을 험담하는 것	<분류>-1</분류> <판단>안 되다</판단>
[도덕_문장]: 이웃과 시비가 붙어도 차분하게 이야기하는 것	<분류>1</분류> <판단>바람직하다</판단>
[도덕_문장]: 수업 중에 학부모가 지켜보는 상황에서 학생들이 수업에 집중할 수 있도록 안내하는 것	<분류>1</분류> <판단>적절하다</판단>
[도덕_문장]: 자녀와 관련된 문제를 다룰 때 상대방의 입장을 존중하고 교육적인 대화로 문제를 해결하는 것	<분류>1</분류> <판단>바람직하다</판단>
[도덕_문장]: 학교 현장에서 교사에게 교육의 질을 운운하며 무례하게 행동하는 것	<분류>-1</분류> <판단>옳지 않다</판단>
[도덕_문장]: 외국인이 언어 장벽으로 어려움을 느낄 때 상황을 정확히 파악한 뒤에 적절한 도움을 제공하는 것	<분류>1</분류> <판단>바람직하다</판단>
[도덕_문장]: 부하 직원에게 책임을 전가하는 것	<분류>-1</분류> <판단>옳지 않다</판단>
[도덕_문장]: 직장에서 자신의 잘못을 남에게 전가하는 것	<분류>-1</분류> <판단>옳지 않다</판단>
[도덕_문장]: 동료의 실수를 다른 사람에게 책임을 미루는 것	<분류>-1</분류> <판단>옳지 않다</판단>
[도덕_문장]: 직장 내 동료의 억울함을 악용하는 것	<분류>-1</분류> <판단>바람직하지 않다</판단>
[도덕_문장]: 업무 상황에서 불편함을 느낄 경우, 근무를 지속할지 쉬어야 할지 신중하게 결정하는 것	<분류>1</분류> <판단>바람직하다</판단>
[도덕_문장]: 건강 문제로 인해 회사에 상황을 밝히고 휴가를 신청하는 것	<분류>1</분류> <판단>좋다</판단>
[도덕_문장]: 회사에서 업무를 수행할 때 건강 상태를 고려해 충분한 휴식을 취하는 것	<분류>1</분류> <판단>옳다.</판단>
[도덕_문장]: 회사 동료에게 전염될 우려가 있으면 출근을 미루는 것	<분류>1</분류> <판단>옳다.</판단>
[도덕_문장]: 집에 없는 척 숨기는 것	<분류>-1</분류> <판단>바람직하지 않다</판단>
[도덕_문장]: 외모 관리에 있어 자신의 재정 상황과 피부 상태를 고려해 신중하게 선택하는 것	<분류>1</분류> <판단>좋다.</판단>
[도덕_문장]: 직장 동료들끼리 예의 없는 말을 하는 것	<분류>-1</분류> <판단>좋지 않다.</판단>
[도덕_문장]: 상황에 따라 솔직하게 말하는 것	<분류>1</분류> <판단>필요하다</판단>
[도덕_문장]: 사고가 발생했을 때 자신의 몸을 우선 돌보는 것	<분류>1</분류> <판단>옳다</판단>
[도덕_문장]: 중요한 일이 있더라도 충분한 휴식을 취하는 것	<분류>1</분류> <판단>필요하다</판단>
[도덕_문장]: 직장에서 개인적인 사정으로 일정을 변경해야 할 경우 공식적인 절차를 통해 정중하게 소통하는 것	<분류>1</분류> <판단>적절하다</판단>
[도덕_문장]: 당일 일정의 차질이 생겼을 때 미리 양해를 구하고 상황을 설명하는 것	<분류>1</분류> <판단>바람직하다</판단>
[도덕_문장]: 연인에게 도움을 요청할 때 상대방에게 부담을 주지 않고 구체적인 상황을 설명하는 것	<분류>1</분류> <판단>좋다</판단>
[도덕_문장]: 연인에게 필요한 것을 요청하는 것	<분류>0</분류> <판단>나쁘지 않다</판단>
[도덕_문장]: 외국인에게 한국 문화에 동화된 모습을 보이는 것	<분류>0</분류> <판단>사회적으로 중립이다</판단>
[도덕_문장]: 한국 문화를 좋아하는 외국인에게 한국 문화를 존중하는 태도를 가지는 것	<분류>1</분류> <판단>가져야 한다</판단>
[도덕_문장]: 개인의 문화 선호도를 존중하는 것	<분류>1</분류> <판단>중요하다</판단>
[도덕_문장]: 교수와 학생 간에 부적절한 만남을 하는 것	<분류>-1</분류> <판단>옳지 않다</판단>
[도덕_문장]: 지도교수의 의도가 불명확한 상황에서 명확한 답변을 요구하는 것	<분류>1</분류> <판단>좋다</판단>
[도덕_문장]: 자신의 발언이 다른 사람을 상처주게 될 수 있다는 사실을 인지하고 사과하는 것	<분류>1</분류> <판단>바람직하다</판단>
[도덕_문장]: 기술에 대한 지식을 과시할 때 겸손하게 소통하는 것	<분류>1</분류> <판단>바람직하다</판단>
[도덕_문장]: 주문한 음식이 아닌 다른 음식이 나왔을 경우 직원에게 상황을 설명하고 주문한 음식으로 다시 준비하게 요청하는 것	<분류>1</분류> <판단>바람직하다</판단>
[도덕_문장]: 단체 활동에서 실수로 인한 혼란이 발생했을 때 상대방을 배려하며 해결 방안을 함께 모색하는 것	<분류>1</분류> <판단>가져야 한다</판단>
[도덕_문장]: 당황스러운 상황에서 자신의 입장을 차분하게 설명하는 것	<분류>1</분류> <판단>바람직하다</판단>
[도덕_문장]: 타인의 행동으로 부끄러움을 느낄 때 감정을 솔직하게 표현하는 것	<분류>1</분류> <판단>괜찮다</판단>
[도덕_문장]: 위급상황에서 자기와 동료의 안전을 우선적으로 고려해 신속하게 대응하는 것	<분류>1</분류> <판단>바람직하다</판단>
[도덕_문장]: 사무실에 위험한 상황이 발생했을 때 상황에 맞게 도움을 주는 것	<분류>1</분류> <판단>옳다</판단>
[도덕_문장]: 소방 당국의 지시에 따라 화재 현장이나 재난 현장 확인을 미루는 것	<분류>0</분류> <판단>적절하다</판단>
[도덕_문장]: 가족 구성원의 감정이 다르더라도 자신의 감정을 존중하는 것	<분류>1</분류> <판단>해야 한다</판단>
[도덕_문장]: 결혼식에서 예의를 지키는 것	<분류>1</분류> <판단>해야 한다</판단>
[도덕_문장]: 결혼식에서 뒤에서 조용히 의견을 전달하는 것	<분류>1</분류> <판단>바람직하다</판단>
[도덕_문장]: 중요한 계약을 앞두고 준비가 부족할 경우 계약 상대에게 솔직하게 상황을 설명하고 연기 여부를 협의하는 것	<분류>1</분류> <판단>옳다.</판단>
[도덕_문장]: 계약에 필요한 서류가 부족한 상황에서 상대방에게 상황을 정확히 알려주고, 계약을 연기하거나 대체 방안을 모색하는 것	<분류>1</분류> <판단>적절하다</판단>
[도덕_문장]: 길거리에서 타인의 금연 요청을 무시하고 욕을 하는 것	<분류>-1</분류> <판단>바람직하지 않다</판단>
[도덕_문장]: 길에서 들개를 마주쳤을 때 들개를 놀라게 하지 않도록 천천히 움직이는 것	<분류>1</분류> <판단>좋다</판단>
[도덕_문장]: 가족들이 치료한 지 얼마 안 된 앞니가 빠지는 상황을 비웃거나 비난하는 것	<분류>-1</분류> <판단>안 되다</판단>
[도덕_문장]: 부모님이 자식의 결혼 순서를 결정하는 것	<분류>-1</분류> <판단>옳지 않다</판단>
[도덕_문장]: 타인에게 자신의 결혼의 순서를 강요하는 것	<분류>-1</분류> <판단>옳지 않다</판단>
[도덕_문장]: 노인이 주변 사람이 불편함을 느낄 경우 자신의 행동을 멈추는 것	<분류>1</분류> <판단>옳다</판단>
[도덕_문장]: 자신의 행동을 스스로 인지하고 개선하려는 것	<분류>1</분류> <판단>옳다</판단>
[도덕_문장]: 자신의 부족함을 인지하더라도 무리하게 강요하지 않고, 자신에게 맞는 방법을 찾아 천천히 습관을 개선하는 것	<분류>1</분류> <판단>해야 한다</판단>
[도덕_문장]: 자신의 단점을 고치는 것	<분류>1</분류> <판단>바람직하다</판단>
[도덕_문장]: 혼자 운동하는 것	<분류>0</분류> <판단>괜찮다</판단>
[도덕_문장]: 자신의 실수를 인정하고 상황을 설명하는 것	<분류>1</분류> <판단>좋다</판단>
[도덕_문장]: 기상 예보의 정확성에 의문이 있을 때, 자신의 상황 판단과 준비에 따른 책임을 지는 것	<분류>1</분류> <판단>적절하다</판단>
[도덕_문장]: 예보를 참고용으로 활용하는 것	<분류>0</분류> <판단>좋다</판단>
[도덕_문장]: 일기 예보를 참고 정보로만 활용하는 것	<분류>1</분류> <판단>적절하다</판단>
[도덕_문장]: 자신의 선택이 다른 생명체에게 미칠 영향을 고려하는 것	<분류>1</분류> <판단>바람직하다</판단>
[도덕_문장]: 해외 출장 중 발생한 문제를 스스로 해결하려고 노력하는 것	<분류>1</분류> <판단>해야 한다</판단>
[도덕_문장]: 가족에게 개인적인 감정이나 상처를 털어놓기 어렵다는 것을 이해하고 상황을 공감해주는 것	<분류>1</분류> <판단>되어야 한다</판단>
[도덕_문장]: 가족이 남긴 소중한 물건에 대해 충분히 고민하는 것	<분류>1</분류> <판단>옳다.</판단>
[도덕_문장]: 친구가 남자친구와 자신의 관계를 명확히 설명하는 것	<분류>1</분류> <판단>해야 한다</판단>
[도덕_문장]: 자녀와의 관계에서 딸의 선택을 존중하는 것	<분류>1</분류> <판단>옳다</판단>
[도덕_문장]: 부모가 자녀의 행복을 위해 결혼 상대에 대해 조언하는 것	<분류>0</분류> <판단>할 수 있다</판단>
[도덕_문장]: 부모가 자식의 선택을 존중하는 것	<분류>1</분류> <판단>좋다</판단>
[도덕_문장]: 공공 장소에서 불편을 겪었을 때 주변의 시선을 고려하며 조용히 대응하는 것	<분류>1</분류> <판단>바람직하다</판단>
[도덕_문장]: 공공장소에서 타인이 불편함을 겪었을 때 과도한 리액션으로 인해 주변 사람들에게 민망함을 주는 것을 인식하는 것	<분류>1</분류> <판단>바람직하다</판단>
[도덕_문장]: 금전적인 문제로 갈등이 생겼을 때 상대를 비난하지 않고 대화를 통해 해결하려는 노력을 하는 것	<분류>1</분류> <판단>필요하다</판단>
[도덕_문장]: 가족계획을 자신의 가치관과 미래를 존중하는 바탕에서 결정하는 것	<분류>1</분류> <판단>해야 한다</판단>
[도덕_문장]: 자녀의 수를 결정할 때 경제적 상황과 정서적 상황을 고려해 결정하는 것	<분류>1</분류> <판단>옳다.</판단>
[도덕_문장]: 배우자에게 자신의 생각과 결정을 솔직하게 말하는 것	<분류>1</분류> <판단>옳다</판단>
[도덕_문장]: 자녀의 수에 대한 갈등을 대화로 풀어나가는 것	<분류>1</분류> <판단>해야 한다</판단>
[도덕_문장]: 불편한 상황을 겪었을 때 남들에게 민폐를 주지 않기 위해 신속하게 대처하려는 것	<분류>1</분류> <판단>바람직하다</판단>
[도덕_문장]: 공공장소에서 신체 일부를 가리거나 새 옷을 사러 갈 때 사람들의 시선을 의식해 걱정하고 민망함을 느끼는 것	<분류>0</분류> <판단>자연스러운 감정이다</판단>
[도덕_문장]: 자신의 실수로 많은 사람들에게 난처한 상황을 겪게 했을 때, 자신의 실수를 인정하고 신속히 상황을 정리하는 것	<분류>1</분류> <판단>바람직하다</판단>
[도덕_문장]: 연인이 일을 할 때 휴식 시간을 존중하는 것	<분류>1</분류> <판단>해야 한다</판단>
[도덕_문장]: 연인이 바쁜 일정을 고려하지 않고 과도한 문자를 보내는 것	<분류>-1</분류> <판단>옳지 않다</판단>
[도덕_문장]: 새로운 연애에 헌신적인 태도를 보이는 것	<분류>1</분류> <판단>해야 한다</판단>
[도덕_문장]: 상대의 마음을 흔들어 보이는 것	<분류>-1</분류> <판단>바람직하지 않다</판단>
[도덕_문장]: 결혼과 같은 중대한 인생 변화의 시점에서 신뢰를 가진 남자친구에게 최선을 다하는 것	<분류>1</분류> <판단>해야 한다</판단>
[도덕_문장]: 타인의 사정을 이해하고 존중하는 것	<분류>1</분류> <판단>좋다</판단>
[도덕_문장]: 연인이 있는 사람과 관계를 맺지 않는 것	<분류>1</분류> <판단>좋다</판단>
[도덕_문장]: 현재 연인의 도리를 존중하는 것	<분류>1</분류> <판단>옳다</판단>
[도덕_문장]: 업무와 관련하여 늦을 경우 자신의 상황을 미리 알리는 것	<분류>1</분류> <판단>좋다</판단>
[도덕_문장]: 출근을 지연시키는 상황이 발생했을 때 미리 연락하여 상황을 공유하는 것	<분류>1</분류> <판단>좋다</판단>
[도덕_문장]: 직장인이 자신의 사정을 상사에게 연락하여 상황을 설명하는 것	<분류>1</분류> <판단>바람직하다</판단>
[도덕_문장]: 여행 중 발생한 불편한 상황을 스스로 먼저 해결하는 것	<분류>1</분류> <판단>좋다</판단>
[도덕_문장]: 타인에게 도움을 요청하기 전에 본인이 스스로 해결할 수 있는 방안을 먼저 고려하는 것	<분류>1</분류> <판단>바람직하다</판단>
[도덕_문장]: 가게에서 자신의 불편을 정중하게 표현하고 다른 손님의 서비스가 원활하게 이루어지도록 배려하는 것	<분류>1</분류> <판단>해야 한다</판단>
[도덕_문장]: 바쁜 시간대에 다른 손님들이 더 빨리 계산받을 수 있도록 도와주는 것	<분류>1</분류> <판단>해야 한다</판단>
[도덕_문장]: 다른 손님들이 불편해할 경우 행동을 자제하는 것	<분류>1</분류> <판단>좋다</판단>
[도덕_문장]: 소개팅 당일 상대방과의 약속을 지키지 못한 상황을 회피하는 것	<분류>-1</분류> <판단>좋지 않다</판단>
[도덕_문장]: 중요한 행사 준비 중 갑작스러운 신체적 문제가 생겼을 때 건강을 우선시하는 것	<분류>1</분류> <판단>바람직하다</판단>
[도덕_문장]: 발표를 할 때 자신의 건강 상태를 고려하여 최선의 방식으로 준비하는 것	<분류>1</분류> <판단>바람직하다</판단>
[도덕_문장]: 자신의 건강 상태가 발표에 큰 영향을 미칠 경우 무리하지 않고 우선순위를 재조정하는 것	<분류>0</분류> <판단>적절한 판단이다</판단>
[도덕_문장]: 건강 문제로 어려움을 겪을 때 중요한 발표를 미루는 것	<분류>0</분류> <판단>좋은 선택일 수 있다</판단>
[도덕_문장]: 친구에게 고백을 할 때 상대방이 거절할 수 있다는 것을 미리 아는 것	<분류>1</분류> <판단>알아야 한다.</판단>
[도덕_문장]: 친구의 고백을 듣고 고민하는 것	<분류>0</분류> <판단>나쁘지 않다</판단>
[도덕_문장]: 아내 몰래 돈을 빌려주는 것	<분류>-1</분류> <판단>바람직하지 않다</판단>
[도덕_문장]: 배우자가 있는 사람이 다른 이성과 금전적 도움을 주고받는 것	<분류>-1</분류> <판단>옳지 않다</판단>
[도덕_문장]: 아내 몰래 친구에게 돈을 빌려주는 것	<분류>-1</분류> <판단>바람직하지 않다</판단>
[도덕_문장]: 병원에서 설명이 부족하다고 느껴질 경우 의사에게 구체적인 설명을 요청하는 것	<분류>1</분류> <판단>옳다</판단>
[도덕_문장]: 몸이 아플 때 휴식을 취하는 것	<분류>1</분류> <판단>좋다</판단>
[도덕_문장]: 병원을 방문했을 때 의사의 처방을 확인하는 것	<분류>1</분류> <판단>필요하다</판단>
[도덕_문장]: 본인의 신체 상태에 문제가 생겼을 경우 의사의 판단과 제안을 경청하는 것	<분류>1</분류> <판단>바람직하다</판단>
[도덕_문장]: 실수를 지적할 때 자신의 상황을 정확히 이해하려는 태도를 가지고 지키는 것	<분류>1</분류> <판단>옳다</판단>
[도덕_문장]: 부서 해체 결정이 있을 때 직원들에게 명확한 이유를 설명해주는 것	<분류>1</분류> <판단>옳다</판단>
[도덕_문장]: 가족의 건강 문제를 최우선적으로 고려하는 것	<분류>1</분류> <판단>해야 한다</판단>
[도덕_문장]: 직장 동료의 사정을 이해하고 상황을 판단해 개인적인 일정과 직장의 일을 잘 조율해보는 것	<분류>1</분류> <판단>좋다</판단>
[도덕_문장]: 직장에서 중요한 일을 대표로 맡아야 할 때 개인 일정과 상황을 고려하여 적절하게 조율하는 것	<분류>1</분류> <판단>바람직하다</판단>
[도덕_문장]: 부모가 자녀의 소비 행위를 평가할 때 신중하게 대화를 시작하는 것	<분류>1</분류> <판단>해야 한다</판단>
[도덕_문장]: 자녀의 기쁨을 먼저 인정해주고 나중에 설명하는 것	<분류>1</분류> <판단>좋다</판단>
[도덕_문장]: 회의 중 자신의 상태를 상대방에게 알려는 것	<분류>1</분류> <판단>되도 된다</판단>
[도덕_문장]: 회식에서 술에 취해 다른 사람 앞에서 노래를 부르는 것	<분류>-1</분류> <판단>바람직하지 않다</판단>
[도덕_문장]: 동료의 질문에 답하면서 불편함을 표현하는 것	<분류>0</분류> <판단>괜찮다</판단>
[도덕_문장]: 동료들의 질문에 솔직하게 답하는 것	<분류>0</분류> <판단>무방하다</판단>
[도덕_문장]: 직장에서 동료의 사적인 이야기를 과도하게 물어보는 것	<분류>-1</분류> <판단>적절하지 않다</판단>
[도덕_문장]: 여동생의 안전이 우려될 때 개인적인 감정보다 이성적으로 판단하여 조언을 하는 것	<분류>1</분류> <판단>옳다</판단>
[도덕_문장]: 가족이 느끼는 걱정이나 우려를 충분히 이해하고 대화를 통해 문제를 해결하려는 태도를 가지는 것	<분류>1</분류> <판단>필요하다</판단>
[도덕_문장]: 친구가 위험한 상황에 처했을 때 도움을 주는 것	<분류>1</분류> <판단>바람직하다</판단>
[도덕_문장]: 불편한 상황에서 상대방의 체면을 해치지 않고 빠르게 상황을 수습하는 것	<분류>1</분류> <판단>좋다</판단>
[도덕_문장]: 선물의 의도를 잘못 이해했을 때 오해를 풀기 위해 적극적으로 소통하는 것	<분류>1</분류> <판단>바람직하다</판단>
[도덕_문장]: 정확한 의사 표현을 하는 것	<분류>1</분류> <판단>해야 한다</판단>
[도덕_문장]: 이유가 있는 사람을 비난하는 것	<분류>1</분류> <판단>안 되다</판단>
[도덕_문장]: 선물을 받았을 때 그 마음을 생각해 거절을 바로 하지 않는 것	<분류>1</분류> <판단>좋다</판단>
[도덕_문장]: 기억력이 떨어지거나 일상적인 행동에서 실수가 잦아지더라도 즉시 치매 진단을 받는 것	<분류>1</분류> <판단>아니다</판단>
[도덕_문장]: 유기동물이 있을지 모르는 상황에서도 자신의 안전을 고려하는 것	<분류>1</분류> <판단>좋다.</판단>
[도덕_문장]: 길거리에 유기동물이 발견되었을 때, 안전이 확보될 때까지 조심스럽게 상황을 살펴 확인하려 노력하는 것	<분류>1</분류> <판단>해야 한다</판단>
[도덕_문장]: 자녀의 결혼생활에 지나치게 간섭하는 것	<분류>-1</분류> <판단>바람직하지 않다</판단>
[도덕_문장]: 자녀의 부모로서 집안 일을 간섭하는 것	<분류>-1</분류> <판단>옳지 않다</판단>
[도덕_문장]: 출장 중 혼자 해결하기 어려운 상황이 발생했을 때 도움을 요청하는 것	<분류>1</분류> <판단>책임 있는 태도다</판단>
[도덕_문장]: 직장에서 실수를 했더라도 동료에게 도움을 요청하는 것	<분류>1</분류> <판단>적절하다</판단>
[도덕_문장]: 팀 내에서 발생한 문제를 팀원들과 함께 해결하려는 것	<분류>1</분류> <판단>중요하다</판단>
[도덕_문장]: 타인의 식사 제공에 대해 부담스러움을 표현하지 않는 것	<분류>0</분류> <판단>해야 한다</판단>
[도덕_문장]: 업무 중 발생한 문제의 책임을 회피하지 않고 솔직하게 사실을 전달하는 것	<분류>1</분류> <판단>해야 한다</판단>
[도덕_문장]: 직원이 직무에 대한 책임감을 가지고 업무를 수행하는 것	<분류>1</분류> <판단>해야 한다</판단>
[도덕_문장]: 직원이 자신의 실수를 인정하고 사과하는 것	<분류>1</분류> <판단>좋다</판단>
[도덕_문장]: 회사의 금전적 손해를 우려한 사실을 숨기지 않고 신속하게 사실을 고지하는 것	<분류>1</분류> <판단>바람직하다</판단>
[도덕_문장]: 잘못을 알게 된 직원이 즉시 사실을 전달하고 수습방안을 제시하는 것	<분류>1</분류> <판단>바람직하다</판단>
[도덕_문장]: 기업 내에서 자신이 한 일에 책임을 지는 것	<분류>1</분류> <판단>좋다</판단>
[도덕_문장]: 아이가 무서워하는 모습을 보았을 때 즉시 선물을 중단하는 것	<분류>1</분류> <판단>좋다</판단>
[도덕_문장]: 아이가 무서워할 때 부모가 이해심과 배려를 하는 것	<분류>1</분류> <판단>필요하다</판단>
[도덕_문장]: 다른 사람의 감정을 고려하지 않고 자신의 의도를 고집하는 것	<분류>-1</분류> <판단>적절하지 않다</판단>
[도덕_문장]: 아이의 감정을 존중하는 것	<분류>1</분류> <판단>좋다</판단>
[도덕_문장]: 부모가 아이가 무서워하는 상황을 인지하고 아이를 안정시키는 것	<분류>1</분류> <판단>바람직하다</판단>
[도덕_문장]: 운동을 지도하는 사람이 무리한 운동을 강요하는 것	<분류>-1</분류> <판단>안 되다</판단>
[도덕_문장]: 시험에서 커닝을 하는 것	<분류>-1</분류> <판단>하지 말아야 한다</판단>
[도덕_문장]: 강의를 들을 때 집중하지 않고 반복해서 듣는 것	<분류>-1</분류> <판단>바람직하지 않다</판단>
[도덕_문장]: 과도하게 힘들다면 학습을 중단을 고려하는 것	<분류>0</분류> <판단>옳다</판단>
[도덕_문장]: 공부를 하면서 잠깐 쉬는 시간을 가지는 것	<분류>0</분류> <판단>괜찮다</판단>
[도덕_문장]: 공공장소에서 기침이 심한 경우 즉시 자리를 이동하거나 수업을 중단하는 것	<분류>0</분류> <판단>적절하다</판단>
[도덕_문장]: 타인에게 피해를 주지 않고 개인적인 건강 문제에 집중하는 것	<분류>0</분류> <판단>정당하다</판단>
[도덕_문장]: 건강상의 이유로 수업을 중단했을 때 이해해주는 것	<분류>1</분류> <판단>해야 한다</판단>
[도덕_문장]: 기침으로 인해 불편하더라도 다른 사람들을 불편하게 하지 않고 자기 관리를 하는 것	<분류>0</분류> <판단>해야 한다</판단>
[도덕_문장]: 자신의 금전적 여유를 고려하여 치료 방법을 선택하는 것	<분류>1</분류> <판단>옳다</판단>
[도덕_문장]: 공식적인 상황에서 상황을 파악하지 못한 채 반말을 하는 것	<분류>-1</분류> <판단>바람직하지 않다</판단>
[도덕_문장]: 개인적인 취향이나 사생활을 존중하는 것	<분류>1</분류> <판단>필요하다</판단>
[도덕_문장]: 관심 있는 이성의 개인적인 사진을 무단으로 확인하는 것	<분류>-1</분류> <판단>옳지 않다</판단>
[도덕_문장]: 타인의 개인사에 대해 함부로 말하지 않는 것	<분류>1</분류> <판단>바람직하다</판단>
[도덕_문장]: 부모가 자식에게 민감한 질문을 피하거나 회피할 때 충분히 이해하는 것	<분류>1</분류> <판단>좋다</판단>
[도덕_문장]: 아이에게 유치원에 가야 한다고 이야기할 때 아이의 마음도 고려하는 것	<분류>1</분류> <판단>해야 한다</판단>
[도덕_문장]: 부모님이 아이에게 위로해주는 것	<분류>1</분류> <판단>해야 한다</판단>
[도덕_문장]: 자녀가 사회 생활에 어려움을 겪을 때 자녀의 기분을 살피고 공감해주는 것	<분류>1</분류> <판단>바람직하다</판단>
[도덕_문장]: 아이가 불편함을 표현하는 것	<분류>0</분류> <판단>괜찮다</판단>
[도덕_문장]: 아이가 유치원 가기 싫다고 해서 체면이 깎이는 일이 있더라도 아이가 감정적으로 행동하는 상황에서는 차분하게 아이의 마음을 안정시키는 것	<분류>1</분류> <판단>필요하다</판단>
[도덕_문장]: 아이의 감정을 존중하며 공감해주는 것	<분류>1</분류> <판단>바람직하다</판단>
[도덕_문장]: 결혼식에서 손님으로서 예의를 지키는 것	<분류>1</분류> <판단>좋다</판단>
[도덕_문장]: 친구의 결혼식에서 예의를 지키고 함께 축하해 주는 것	<분류>1</분류> <판단>바람직하다</판단>
[도덕_문장]: 관계가 끝난 지 한 달 만에 친구 결혼식에 가는 친구의 입장을 배려하는 것	<분류>1</분류> <판단>해야 한다</판단>
[도덕_문장]: 친구와 헤어졌더라도 친구의 결혼을 축복하는 것	<분류>1</분류> <판단>해야 한다</판단>
[도덕_문장]: 결혼식에 친구의 전 연인을 보는 것	<분류>1</분류> <판단>불편할 수 있다</판단>
[도덕_문장]: 결혼식에서 친구를 주인공으로 존중하는 것	<분류>1</분류> <판단>해야 한다</판단>
[도덕_문장]: 결혼식 등 공식 행사에서 개인적인 감정이나 상황을 지나치게 표출하지 않고 공식적인 축하의 말과 행동으로 참여하는 것	<분류>1</분류> <판단>좋다</판단>
[도덕_문장]: 밤에 큰소리로 짖는 강아지를 데리고 산책하는 것	<분류>-1</분류> <판단>바람직하지 않다</판단>
[도덕_문장]: 동물을 관리하는 것	<분류>1</분류> <판단>해야 한다</판단>
[도덕_문장]: 자신과 타인의 안전과 편안함을 고려해 개를 훈련하는 것	<분류>1</분류> <판단>바람직하다</판단>
[도덕_문장]: 산책을 주변 사람들에게 피해가 가지 않는 시간대에 진행하는 것	<분류>1</분류> <판단>바람직하다</판단>
[도덕_문장]: 질병을 확인할 필요 없이 미루기만 하는 것	<분류>-1</분류> <판단>옳지 않다</판단>
[도덕_문장]: 가족이나 친구에게 신체적 변화로 인한 불편함이나 실수를 털어놓는 것	<분류>1</분류> <판단>바람직하다</판단>
[도덕_문장]: 연인이 상대방의 옷을 지적할 때 조심스럽게 말하는 것	<분류>1</분류> <판단>해야 한다</판단>
[도덕_문장]: 배우자의 옷차림에 대해 비판적인 평가를 할 때 상대방이 상처를 받지 않도록 주의하는 것	<분류>1</분류> <판단>바람직하다</판단>
[도덕_문장]: 여행 중 예상치 못한 상황이 발생할 경우 이를 긍정적으로 받아들이는 것	<분류>1</분류> <판단>바람직하다</판단>
[도덕_문장]: 친구에게 상황을 긍정적으로 이끌 수 있는 방향으로 조언해 주는 것	<분류>1</분류> <판단>좋다</판단>
[도덕_문장]: 배우자에게 부정적 표현을 하는 것	<분류>-1</분류> <판단>바람직하지 않다</판단>
[도덕_문장]: 쇼핑 후 옷이 마음에 들지 않을 경우 상황을 꼼꼼히 확인하고, 가능한 선택지를 충분히 고민하는 것	<분류>1</분류> <판단>바람직하다</판단>
[도덕_문장]: 수업에서 질문을 받았을 때 아는 척 하지 않고 모르는 것은 모른다고 답하는 것	<분류>1</분류> <판단>좋다</판단>
[도덕_문장]: 학생이 질문을 제대로 이해하지 못했을 때 잠시 시간을 주는 것	<분류>1</분류> <판단>좋다</판단>
[도덕_문장]: 학생이 모르는 것을 아는 척 하는 것	<분류>0</분류> <판단>필요 없다</판단>
[도덕_문장]: 모르는 것을 답변하려고 아는 척 하는 것	<분류>-1</분류> <판단>옳지 않다</판단>
[도덕_문장]: 수업 중에 이해가 안 되는 질문을 질문해주는 것	<분류>1</분류> <판단>좋다</판단>
[도덕_문장]: 주변 사람들에게 불편을 느끼게 하는 시선을 보내는 것	<분류>-1</분류> <판단>옳지 않다</판단>
[도덕_문장]: 친구와의 감정적 갈등을 대화로 풀어나가는 것	<분류>1</분류> <판단>해야 한다</판단>
[도덕_문장]: 타인의 능력을 인정하지 않고 열등감을 가지는 것	<분류>0</분류> <판단>바람직하지 않다</판단>
[도덕_문장]: 건강을 위해 적당한 음주량을 지키고 다음날 숙취 해소를 위해 충분한 휴식을 취하는 것	<분류>1</분류> <판단>중요하다</판단>
[도덕_문장]: 상대의 심리 상태를 고려해 관계를 유지하는 것	<분류>1</분류> <판단>옳다.</판단>
[도덕_문장]: 상대방의 연락에 대해 불편함을 표현하거나 잠시 거리를 두는 것	<분류>0</분류> <판단>좋다</판단>
[도덕_문장]: 친한 친구에게 불쾌감을 주는 행동을 지속적으로 하는 경우 진솔한 대화를 요구하는 것	<분류>1</분류> <판단>좋다.</판단>
[도덕_문장]: 친구와 다투었을 때 서로의 입장을 존중하면서 대화로 문제를 해결하는 것	<분류>1</분류> <판단>좋다</판단>
[도덕_문장]: 친구가 실수했을 때 상황을 악화시키지 않고 솔직하게 말하는 것	<분류>1</분류> <판단>좋다</판단>
[도덕_문장]: 친구와의 관계에서 상대방의 감정을 존중하는 것	<분류>1</분류> <판단>중요하다</판단>
[도덕_문장]: 친구 사이에서 서로의 불쾌감이 발생했을 때 대화를 통해 상대방을 이해하려고 노력하는 것	<분류>1</분류> <판단>해야 한다</판단>
[도덕_문장]: 처음 초대하는 자리에서 상황을 고려해 노력하는 모습을 보여주는 것	<분류>1</분류> <판단>옳다</판단>
[도덕_문장]: 가족 구성원의 생일을 챙기지 못한 화자를 걱정해주는 것	<분류>1</분류> <판단>좋다</판단>
[도덕_문장]: 친구들에게 사정을 양해 구하고 다음에 만날 약속을 하는 것	<분류>1</분류> <판단>좋다</판단>
[도덕_문장]: 친구와의 모임이 있을 때 우선순위를 정하고 그에 따른 상황을 설명하는 것	<분류>1</분류> <판단>바람직하다</판단>
[도덕_문장]: 친구들에게 사전에 참석 여부를 명확히 밝히는 것	<분류>1</분류> <판단>좋다</판단>
[도덕_문장]: 자신의 건강을 이유로 수업에 방해가 되지 않도록 조치를 요청하는 것	<분류>1</분류> <판단>할 수 있다</판단>
[도덕_문장]: 가족들의 오해가 발생했을 때 바로 사실을 알리는 것	<분류>1</분류> <판단>해야 한다</판단>
[도덕_문장]: 타인의 물건이 자신의 것이라고 오해할 경우 상대방에게 물어보는 것	<분류>1</분류> <판단>옳다</판단>
[도덕_문장]: 가족이 실수로 자신의 것을 착각하여 오해를 받았을 때 사실대로 이야기하는 것	<분류>1</분류> <판단>해야 한다</판단>
[도덕_문장]: 자신의 실수를 인정하고 상황을 설명하는 것	<분류>1</분류> <판단>좋다</판단>
[도덕_문장]: 선물에 대한 오해를 사실대로 이야기해 주는 것	<분류>1</분류> <판단>좋다</판단>
[도덕_문장]: 선물에서 주는 사람이 누구인지 정확하게 확인해 주는 것	<분류>1</분류> <판단>옳다</판단>
[도덕_문장]: 중요한 작업 중에 자주 저장하는 것	<분류>1</분류> <판단>필요하다</판단>
[도덕_문장]: 실수의 원인을 인지하고 향후 방지를 위해 개선하려는 노력을 하는 것	<분류>1</분류> <판단>바람직하다</판단>
[도덕_문장]: 자신의 잘못에 대해 성찰하고 반성하는 것	<분류>1</분류> <판단>바람직하다</판단>
[도덕_문장]: 가족의 약속을 무리하게 이행하려 하는 것	<분류>-1</분류> <판단>좋지 않다</판단>
[도덕_문장]: 친구에게 오페라에 대한 자신의 생각과 느낌을 솔직하게 이야기하는 것	<분류>1</분류> <판단>바람직하다</판단>
[도덕_문장]: 친구에게 이해하지 못한 내용에 대해 솔직하게 말하는 것	<분류>1</분류> <판단>좋다</판단>
[도덕_문장]: 약속한 만남에서 서로 오해가 생기지 않도록 솔직하게 대화하는 것	<분류>1</분류> <판단>바람직하다</판단>
[도덕_문장]: 실수로 불편한 상황을 일으켰을 때 진심으로 사과하는 것	<분류>1</분류> <판단>옳다</판단>
[도덕_문장]: 연인 사이에서 오해나 실수가 발생했을 때 상대방의 진심을 받아들이는 것	<분류>1</분류> <판단>좋다</판단>
[도덕_문장]: 상대방이 실수를 진심으로 사과할 때 이를 진심으로 받아들이는 것	<분류>1</분류> <판단>해야 한다</판단>
[도덕_문장]: 데이트 상대의 과거에 대해 이해해 주는 것	<분류>1</분류> <판단>좋다</판단>
[도덕_문장]: 자녀가 부모님을 위해 팬클럽 가입을 도와주는 것	<분류>1</분류> <판단>좋다</판단>
[도덕_문장]: 자녀가 부모님을 걱정하는 마음을 이해하고 표현하는 것	<분류>1</분류> <판단>해야 한다</판단>
[도덕_문장]: 자녀가 부모님의 취미생활을 이해하고 존중하는 것	<분류>1</분류> <판단>바람직하다</판단>
[도덕_문장]: 개인의 취미생활을 존중해주는 것	<분류>1</분류> <판단>옳다</판단>
[도덕_문장]: 아이의 안전과 성장을 위해 지나치지 않은 범위 내에서 간섭하는 것	<분류>1</분류> <판단>필요한 일이다</판단>
[도덕_문장]: 자녀가 통제를 받아들이는 것이 부담스러울 때 그 이유를 설명해 주는 것	<분류>1</분류> <판단>좋다</판단>
[도덕_문장]: 회사가 면접에서 제시한 조건과 다르게 일방적으로 조건을 변경하는 것	<분류>-1</분류> <판단>안 되다</판단>
[도덕_문장]: 면접에서 약속한 조건과 다른 것을 제시하는 것	<분류>-1</분류> <판단>옳지 않다</판단>
[도덕_문장]: 자신의 어려움이나 어려움에 대한 감정을 회피하지 않고 이해하려 노력하는 것	<분류>1</분류> <판단>해야 한다</판단>
[도덕_문장]: 아이를 돌보는 것	<분류>1</분류> <판단>옳은 행동이다</판단>
[도덕_문장]: 육아의 어려움에 대해 대화하고 공감하는 것	<분류>1</분류> <판단>바람직하다</판단>
[도덕_문장]: 육아에서 도움을 받는 것	<분류>1</분류> <판단>좋다</판단>
[도덕_문장]: 직장생활에 만족하지 못하더라도 퇴사를 단정하기보다는 상황을 개선하기 위한 방법을 고민하는 것	<분류>1</분류> <판단>옳다</판단>
[도덕_문장]: 자신의 건강과 개인 시간을 지키는 것	<분류>1</분류> <판단>중요하다</판단>
[도덕_문장]: 상대방의 무례한 행동에 대해 자신의 잘못 여부와 상관없이 정중하게 상황을 정리하는 것	<분류>1</분류> <판단>바람직하다</판단>
[도덕_문장]: 공동주택에서 이웃의 배려와 불편함을 이해하는 것	<분류>1</분류> <판단>해야 한다</판단>
[도덕_문장]: 이웃과의 갈등을 해결할 때 자신의 입장을 명확하게 전달하고, 감정적이지 않게 합리적인 방식으로 협의점을 찾는 것	<분류>1</분류> <판단>바람직하다</판단>
[도덕_문장]: 이웃 간의 갈등이 발생했을 때 문제 해결을 위한 대화를 시도하는 것	<분류>1</분류> <판단>바람직하다</판단>
[도덕_문장]: 이웃을 배려하지 않고 계속해서 소음을 유발하는 것	<분류>-1</분류> <판단>바람직하지 않다</판단>
[도덕_문장]: 조카를 훈육할 때 조용히 타일르는 것	<분류>1</분류> <판단>좋다</판단>
[도덕_문장]: 타인이 선물한 것을 동의 없이 입는 것	<분류>1</분류> <판단>당사자에게 사과해야 한다</판단>
[도덕_문장]: 타인의 일정에 지장을 주는 것	<분류>-1</분류> <판단>바람직하지 않다</판단>
[도덕_문장]: 외모에 대한 불만을 상대적인 가치로 인정하고, 자신의 외모를 유지하기 위한 노력을 부정적으로 평가하지 않는 태도를 갖는 것	<분류>1</분류> <판단>바람직하다</판단>
[도덕_문장]: 가족들이 미리 생일을 말해둔 것을 깜빡했을 때 이를 이해해주는 것	<분류>1</분류> <판단>좋다</판단>
[도덕_문장]: 가족이 약속한 일을 잊어버렸을 때 너그러운 마음으로 대하는 것	<분류>1</분류> <판단>좋다</판단>
[도덕_문장]: 화를 내기 전에 상대의 입장을 생각하고 감정을 조절하는 것	<분류>1</분류> <판단>바람직하다</판단>
[도덕_문장]: 생일을 깜빡 잊는 것	<분류>0</분류> <판단>나쁜 일이 아니다</판단>
[도덕_문장]: 약속을 지키지 못할 경우 미리 연락하는 것	<분류>1</분류> <판단>좋다</판단>
[도덕_문장]: 타인과 약속을 할 때 책임감을 갖는 것	<분류>1</분류> <판단>좋다</판단>
[도덕_문장]: 계획이 틀어졌을 때 감정을 잠시 내려놓고 상황을 차분히 받아들이는 것	<분류>1</분류> <판단>좋다</판단>
[도덕_문장]: 계획이 틀어졌을 때 스스로의 잘못을 인정하고 상황을 받아들이는 것	<분류>1</분류> <판단>필요하다</판단>
[도덕_문장]: 친구의 실수로 계획이 틀어졌을 때 상황을 차분히 받아들이는 것	<분류>1</분류> <판단>좋다</판단>
[도덕_문장]: 가족과 대화할 때 자신의 의견을 정중하게 전달하는 것	<분류>1</분류> <판단>해야 한다</판단>
[도덕_문장]: 가족 간 갈등이 있을 때 대화를 통해 이해를 구하는 것	<분류>1</분류> <판단>좋다</판단>
[도덕_문장]: 자신의 사생활이 지나치게 침해받는다고 느낄 때 상대방과 대화를 통해 적절한 경계를 설정하는 것	<분류>1</분류> <판단>바람직하다</판단>
[도덕_문장]: 배우자와의 관계에서 과도한 집착이나 통제감을 유지하려는 것	<분류>-1</분류> <판단>바람직하지 않다</판단>
[도덕_문장]: 남편이 과도한 집착을 보일 때 이를 개선하도록 요구하는 것	<분류>1</분류> <판단>할 수 있다</판단>
[도덕_문장]: 배우자가 과도한 집착을 보일 경우 정서적, 신체적 피해를 입을 위험이 있다면 도움을 요청하거나 적절한 조치를 취하는 것	<분류>1</분류> <판단>바람직하다</판단>
[도덕_문장]: 가족 간의 문제를 대화로 해결하려 노력하는 것	<분류>1</분류> <판단>바람직하다</판단>
[도덕_문장]: 가족과 함께하는 시간의 중요성을 인지하고 노력하는 것	<분류>1</분류> <판단>바람직하다</판단>
[도덕_문장]: 아내와의 가정에 충실하게 행동하는 것	<분류>1</분류> <판단>해야 한다</판단>
[도덕_문장]: 가족이 함께할 수 있는 활동을 제안할 때 아이들의 의견도 함께 고려하는 것	<분류>1</분류> <판단>좋다</판단>
[도덕_문장]: 배우자가 화냈을 때 일방적으로 몰아세우지 않고 대화로 해결책을 찾는 것	<분류>1</분류> <판단>해야 한다</판단>
[도덕_문장]: 배우자에게 감정을 표현할 때 상대의 입장과 이유를 먼저 듣는 것	<분류>1</분류> <판단>옳다</판단>
[도덕_문장]: 배우자의 잘못된 행동을 지적할 때 이유를 물어보며 대화를 시도하는 것	<분류>1</분류> <판단>바람직하다</판단>
[도덕_문장]: 분리수거를 하지 않은 아내를 탓하기보다 배려하는 태도를 취하는 것	<분류>1</분류> <판단>바람직하다</판단>
[도덕_문장]: 아내의 상황을 고려하지 않고 출장을 감행하는 것	<분류>-1</분류> <판단>옳지 않다</판단>
[도덕_문장]: 서로의 삶의 모습을 인정하고 이해하려 노력하는 것	<분류>1</분류> <판단>좋다</판단>
[도덕_문장]: 연인과의 시간적인 어려움을 인지했을 때 솔직하게 말하고 함께 해결책을 찾는 것	<분류>1</분류> <판단>해야 한다</판단>
[도덕_문장]: 층간 소음에 대한 갈등을 느낄 때 직접적인 충돌을 피하고 관리자나 주민들과 대화를 시도하는 것	<분류>1</분류> <판단>해야 한다</판단>
[도덕_문장]: 강사가 수업의 흐름을 방해하는 학생에게 정중하지만 단호하게 마무리를 요청하는 것	<분류>1</분류> <판단>해야 한다</판단>
[도덕_문장]: 학업에 집중하고자 하는 분위기 속에서 개인적인 질의응답 시간을 최소화하고 필요한 경우에는 담당자를 통해 연락하는 것	<분류>0</분류> <판단>옳다</판단>
[도덕_문장]: 강의를 방해하는 것	<분류>-1</분류> <판단>안 된다</판단>
[도덕_문장]: 수업 중에 다른 사람에게 피해가 가는 행동을 하는 것	<분류>-1</분류> <판단>옳지 않다</판단>
[도덕_문장]: 수업 시간에 방해하는 행동을 멈추는 것	<분류>1</분류> <판단>좋다</판단>
[도덕_문장]: 수업 시간 외에 다른 학생들의 학습 시간을 방해하지 않도록 행동에 주의하는 것	<분류>1</분류> <판단>해야 한다</판단>
[도덕_문장]: 소음 문제로 불편을 겪는 이웃과 대화를 통해 문제를 해결하려는 태도를 가지는 것	<분류>1</분류> <판단>바람직하다</판단>
[도덕_문장]: 집을 팔아야 하는 상황에서 불쾌한 상황이 발생하더라도 감정적으로 대응하기보다 차분하게 상황을 판단하고 대응하는 것	<분류>1</분류> <판단>해야 한다</판단>
[도덕_문장]: 가사 노동을 가족 구성원에게 책임을 전가하는 것	<분류>-1</분류> <판단>옳지 않다</판단>
[도덕_문장]: 상황을 이해하고 있으면서도 해결책을 제시하지 못할 때 솔직하게 말하는 것	<분류>0</분류> <판단>좋다</판단>
[도덕_문장]: 실수로 집안에 문제가 생겼을 때 자신의 잘못을 인지하고 적극적으로 해결하려는 자세를 보이는 것	<분류>1</분류> <판단>바람직하다</판단>
[도덕_문장]: 환경 문제 발생 시 자신의 책임을 회피하지 않고 반성하며 해결하려는 태도를 갖는 것	<분류>1</분류> <판단>바람직하다</판단>
[도덕_문장]: 자신의 실수를 인정하고 반성하는 태도를 보이는 것	<분류>1</분류> <판단>바람직하다</판단>
[도덕_문장]: 나이가 어린 사람에게 화를 냈을 때 차분하게 설명하는 것	<분류>1</분류> <판단>해야 한다</판단>
[도덕_문장]: 물건을 공동 사용할 때 서로 협의해서 규칙을 정하는 것	<분류>1</분류> <판단>바람직하다</판단>
[도덕_문장]: 부모와 마찰이 생겼을 때 감정적으로 반응하기보다 차분하게 대화하려는 노력을 하는 것	<분류>1</분류> <판단>해야 한다</판단>
[도덕_문장]: 가족 구성원 간에 문제일 때 감정적으로 대응하지 않는 것	<분류>1</분류> <판단>좋다</판단>
[도덕_문장]: 친구가 상처를 받았을 때 그 친구를 위로하는 것	<분류>1</분류> <판단>좋다</판단>
[도덕_문장]: 친구가 힘들 때 상황을 함께 공유하고 위로하는 것	<분류>1</분류> <판단>좋다</판단>
[도덕_문장]: 친구의 가족 건강이 심각한 상태일 때 친구가 안정을 취할 수 있도록 위로의 말을 전하는 것	<분류>1</분류> <판단>해야 한다</판단>
[도덕_문장]: 배우자가 병으로 힘들어할 때 위로가 되어주는 것	<분류>1</분류> <판단>되어야 한다</판단>
[도덕_문장]: 자녀의 요구를 들어주지 않는 것	<분류>0</분류> <판단>괜찮다</판단>
[도덕_문장]: 부모가 자녀의 금전적 요구를 무조건적으로 들어주는 것	<분류>0</분류> <판단>바람직하지 않다</판단>
[도덕_문장]: 개인 일정이 바쁜 상황에서 주변의 도움을 받는 것	<분류>0</분류> <판단>괜찮다</판단>
[도덕_문장]: 직장 생활과 집안 일을 잘 조정하여 업무와 가정 생활 균형을 지키는 것	<분류>1</분류> <판단>바람직하다</판단>
[도덕_문장]: 업무와 개인 일정이 겹칠 때 우선순위를 정하고 필요한 도움을 적절히 요청하는 것	<분류>1</분류> <판단>바람직하다</판단>
[도덕_문장]: 중요한 일정을 앞두고 시간이 부족할 때 자신의 사정을 가족이나 배우자에게 충분히 설명하고, 일부 일정을 조정하거나 도움을 요청하는 것	<분류>1</분류> <판단>옳다.</판단>
[도덕_문장]: 업무시간에 개인 업무를 처리하는 것	<분류>-1</분류> <판단>옳지 않다</판단>
[도덕_문장]: 동료의 업무에 지장을 주는 것	<분류>-1</분류> <판단>바람직하지 않다</판단>
[도덕_문장]: 스트레스를 가족에게 전가하는 것	<분류>-1</분류> <판단>바람직하지 않다</판단>
[도덕_문장]: 회사에서 업무를 무리하게 요구하지 않는 것	<분류>1</분류> <판단>좋다</판단>
[도덕_문장]: 부하직원의 실수를 지적할 때 구체적인 개선 방안을 제시하며 격려하는 것	<분류>1</분류> <판단>옳다</판단>
[도덕_문장]: 팀의 실수를 팀 전체의 책임감으로 해결하는 것	<분류>1</분류> <판단>좋다</판단>
[도덕_문장]: 팀 구성원의 실수로 인해 피해를 입었을 때 구성원들을 감정적으로 대하지 않고 차분하게 해결 방안을 모색하는 것	<분류>1</분류> <판단>옳다</판단>
[도덕_문장]: 직장 내에서 발생하는 불편함을 예의 바르고 적절하게 처리하는 것	<분류>1</분류> <판단>해야 한다</판단>
[도덕_문장]: 조직의 업무에 참여하지 않으려고 하고 책임을 회피하는 태도를 보이는 것	<분류>-1</분류> <판단>보이지 말아야 한다</판단>
[도덕_문장]: 회사 업무를 회피하는 것	<분류>-1</분류> <판단>옳지 않다</판단>
[도덕_문장]: 팀 내 규칙에 어긋나는 개인의 행동을 지적할 때 예의와 함께 명확하게 의사표현을 전달하는 것	<분류>1</분류> <판단>좋다.</판단>
[도덕_문장]: 타인의 잘못을 응징할 때 감정을 통제하고 상황을 차분하게 정리해 주는 것	<분류>1</분류> <판단>바람직하다</판단>
[도덕_문장]: 타인의 물건을 훼손했을 때 인정하고 진심으로 사과하는 것	<분류>1</분류> <판단>옳다</판단>
[도덕_문장]: 타인의 실수를 용서하거나 예의를 지키며 사과를 받는 것	<분류>1</분류> <판단>바람직하다</판단>
[도덕_문장]: 타인의 부주의로 인한 손해에 대해 이성적으로 대응하는 것	<분류>1</분류> <판단>바람직하다</판단>
[도덕_문장]: 타인의 과실로 흠집이 났을 때 감정을 앞세우기보다 침착하게 대화를 시도하는 것	<분류>1</분류> <판단>바람직하다</판단>
[도덕_문장]: 타인의 실수로 스크래치가 발생했을 때 상대방의 입장을 충분히 공감하는 것	<분류>1</분류> <판단>옳다</판단>
[도덕_문장]: 다른 사람의 물건을 파손했을 때 진심으로 사과하고 책임을 지는 것	<분류>1</분류> <판단>옳다</판단>
[도덕_문장]: 상대방의 실수로 자동차가 손상되었을 때 대화를 통해 해결하려는 태도를 가지는 것	<분류>1</분류> <판단>바람직하다</판단>
[도덕_문장]: 택시 기사가 승객이 불편해할 수 있는 말을 삼га는 것	<분류>1</분류> <판단>해야 한다</판단>
[도덕_문장]: 다른 사람의 의견에 감정적으로 반응하는 것	<분류>0</분류> <판단>바람직하지 않다</판단>
[도덕_문장]: 손님이 불만을 표출하더라도 불쾌함을 감정적으로 표출하는 것	<분류>-1</분류> <판단>옳지 않다</판단>
[도덕_문장]: 업무로 인한 불편을 겪었을 때 감정을 차분하게 조절하고 대응 방법을 찾는 것	<분류>1</분류> <판단>바람직하다</판단>
[도덕_문장]: 자신이 먹는 음식이 안전한지 여부를 확인하는 것	<분류>1</분류> <판단>좋은 태도이다</판단>
[도덕_문장]: 어른이 가정에서 아이들에게 애정과 관심을 충분히 주는 것	<분류>1</분류> <판단>중요하다</판단>
[도덕_문장]: 부모가 아이를 탓하기 전에 먼저 자신이 잘못된 행동을 한 것이 없는지 돌아보는 것	<분류>1</분류> <판단>바람직하다</판단>
[도덕_문장]: 부모가 자녀의 자율적인 취미 활동을 존중하는 것	<분류>1</분류> <판단>해야 한다</판단>
[도덕_문장]: 부모가 자녀에게 모범을 보이는 것	<분류>1</분류> <판단>옳다</판단>
[도덕_문장]: 자식의 잘못에 대해 부모가 스스로 반성하는 것	<분류>1</분류> <판단>해야 한다</판단>
[도덕_문장]: 부모가 자녀를 훈계하거나 지도할 때 자녀를 탓하기보다 대화의 방식과 적절한 대우를 고려하는 것	<분류>1</분류> <판단>바람직하다</판단>
[도덕_문장]: 판매할 때 상품에 대한 정확한 정보를 제공하는 것	<분류>1</분류> <판단>해야 한다</판단>
[도덕_문장]: 고객에게 상품에 대해 사실과 다른 정보를 제공하는 것	<분류>-1</분류> <판단>옳지 않다</판단>
[도덕_문장]: 연인에게 상처가 될 수 있는 말을 하는 것	<분류>-1</분류> <판단>옳지 않다</판단>
[도덕_문장]: 친구의 기분을 상하게 하는 말을 하지 않는 것	<분류>-1</분류> <판단>좋다</판단>
[도덕_문장]: 연인에게 상처를 주는 말을 하는 것	<분류>-1</분류> <판단>좋지 않다</판단>
[도덕_문장]: 부하 직원이 예의를 지키지 못했을 때 직접적으로 비난하기보다는 그 이유와 개선점을 조심스럽게 이야기하는 것	<분류>1</분류> <판단>좋다</판단>
[도덕_문장]: 신입사원이 직속상관에게 인사하지 않았을 때 조직의 규칙이나 분위기를 감안해 스스로 시정하게 유도하는 것	<분류>1</분류> <판단>바람직하다</판단>
[도덕_문장]: 공공장소에서 질서가 지켜지지 않아도 참고 기다리는 것	<분류>0</분류> <판단>나쁜 행동이 아니다</판단>
[도덕_문장]: 공공장소에서 사회적 규범을 지키는 것	<분류>1</분류> <판단>해야 한다</판단>
[도덕_문장]: 연인과의 데이트를 계획할 때 일기예보를 참고하고, 유연하게 대처할 수 있는 방안도 함께 준비하는 것	<분류>1</분류> <판단>바람직하다</판단>
[도덕_문장]: 연인이 힘들어할 때 이해해주는 것	<분류>1</분류> <판단>옳다</판단>
[도덕_문장]: 데이트 계획이 실패하더라도 긍정적인 태도로 대처하는 것	<분류>1</분류> <판단>좋다</판단>
[도덕_문장]: 상대의 노력을 인지하고 배려하는 태도를 가지는 것	<분류>1</분류> <판단>필요하다</판단>
[도덕_문장]: 계획이 틀어졌을 경우 상황을 설명하고 상대에게 미안함을 표현하는 것	<분류>1</분류> <판단>바람직하다</판단>
[도덕_문장]: 친구의 상황을 이해하는 것	<분류>1</분류> <판단>해야 한다</판단>
[도덕_문장]: 회사 동료에게 과도하게 사생활을 캐물어보는 것	<분류>-1</분류> <판단>문제다</판단>
[도덕_문장]: 동료의 사생활에 지나치게 간섭하는 것	<분류>-1</분류> <판단>옳지 않다</판단>
[도덕_문장]: 회사 업무 이외의 사생활을 묻는 것	<분류>-1</분류> <판단>바람직하지 않다</판단>
[도덕_문장]: 상사가 직원들의 사생활을 침해하지 않는 것	<분류>-1</분류> <판단>해야 한다</판단>
[도덕_문장]: 층간소음 항의를 할 때 감정적으로 하지 않는 것	<분류>1</분류> <판단>좋다</판단>
[도덕_문장]: 타인의 감정을 배려하며 대화하는 것	<분류>1</분류> <판단>해야 한다</판단>
[도덕_문장]: 타인과 함께하는 자리에서 서로를 배려하며 상황에 맞는 행동을 하는 것	<분류>1</분류> <판단>바람직하다</판단>
[도덕_문장]: 조직 내에서 상대의 상황을 고려하는 것	<분류>1</분류> <판단>옳다</판단>
[도덕_문장]: 팬으로서 배우를 응원하는 것	<분류>1</분류> <판단>좋다</판단>
[도덕_문장]: 연인이 감정을 이야기할 때 상황을 이해하고 함께 공감해주는 것	<분류>1</분류> <판단>해야 한다</판단>
[도덕_문장]: 연인의 개인 감정을 배려하고 상대방의 감정을 존중해주는 것	<분류>1</분류> <판단>좋다</판단>
[도덕_문장]: 연인의 감정을 존중하는 것	<분류>1</분류> <판단>해야 한다</판단>
[도덕_문장]: 개인의 사생활이 침해되는 수준의 괴롭힘을 참는 것	<분류>-1</분류> <판단>아니다</판단>
[도덕_문장]: 경제적 여유가 없어도 생활 필수품에 대해 합리적인 판단을 하는 것	<분류>1</분류> <판단>할 수 있다</판단>
[도덕_문장]: 친구를 배려하는 것	<분류>1</분류> <판단>바람직하다</판단>
[도덕_문장]: 손님의 불만을 모른 체 하는 것	<분류>-1</분류> <판단>옳지 않다</판단>
[도덕_문장]: 자신의 순서를 무시당해도 감정을 자제하고 함께 가고 싶은 친구를 배려하는 것	<분류>1</분류> <판단>좋다</판단>
[도덕_문장]: 서비스 불만이 있을 때 회사의 규정을 안내받고 그에 따라 진행하는 것	<분류>1</분류> <판단>좋다</판단>
[도덕_문장]: 타인의 소중한 물건을 빌렸을 때 그 물건에 대한 책임감을 가지고 관리하는 것	<분류>1</분류> <판단>옳다</판단>
[도덕_문장]: 자신의 감정을 조절하고 상대방의 조언을 경청하는 것	<분류>1</분류> <판단>좋은 관계 유지에 도움이 된다</판단>
[도덕_문장]: 모임에서 다른 사람의 외모를 언급하는 것	<분류>-1</분류> <판단>바람직하지 않다</판단>
[도덕_문장]: 동창 관계에서 상대방의 과거에 대해 당사자의 요청이 있을 때만 언급하는 것	<분류>1</분류> <판단>해야 한다</판단>
[도덕_문장]: 다른 사람들 앞에서 불편한 일을 겪었을 때 바로 대응하기보다 신중한 태도로 감정을 조절하는 것	<분류>1</분류> <판단>바람직하다</판단>
[도덕_문장]: 자신의 소비 습관을 돌아보고 반성하는 것	<분류>1</분류> <판단>필요하다</판단>
[도덕_문장]: 옷을 함부로 버리는 것	<분류>-1</분류> <판단>옳지 않다</판단>
[도덕_문장]: 회사에서 재계약 불가를 통보할 때 사유를 구체적으로 설명하는 것	<분류>1</분류> <판단>해야 한다</판단>
[도덕_문장]: 회사가 재계약을 거부할 경우 구체적인 이유를 밝히는 것	<분류>1</분류> <판단>적절하다</판단>
[도덕_문장]: 회사에서 해고 통보를 하면서 그 이유를 구체적으로 설명해 주는 것	<분류>1</분류> <판단>해야 한다</판단>
[도덕_문장]: 회사가 직원을 평가할 때 정당한 근거를 밝히는 것	<분류>1</분류> <판단>해야 한다</판단>
[도덕_문장]: 회사가 재계약 불가에 대한 이유를 직원에게 명확하게 알려는 것	<분류>1</분류> <판단>해야 한다</판단>
[도덕_문장]: 재계약 불가 통보를 할 때 구체적인 이유를 명확히 알려주는 것	<분류>1</분류> <판단>좋다</판단>
[도덕_문장]: 쓰레기를 버리는 사람을 직접 제지할 수 없을 때 상황을 감안해 행동을 판단하는 것	<분류>1</분류> <판단>옳다</판단>
[도덕_문장]: 공공장소에서 쓰레기를 발견했을 때 쓰레기통을 찾아 버리는 것	<분류>1</분류> <판단>적절하다</판단>
[도덕_문장]: 타인의 잘못된 행동을 목격했을 때 가급적 상대방을 존중하는 방식으로 문제를 해결하는 것	<분류>1</분류> <판단>바람직하다</판단>
[도덕_문장]: 면접 준비가 덜 됐더라도 상황에 맞게 최선을 다해 면접 보는 것	<분류>1</분류> <판단>바람직하다</판단>
[도덕_문장]: 동료의 사생활을 침해하는 것	<분류>-1</분류> <판단>바람직하지 않다</판단>
[도덕_문장]: 직장에서 개인의 사생활을 함부로 침해하는 것	<분류>-1</분류> <판단>안 된다</판단>
[도덕_문장]: 자녀가 부모님에게 떠나고 싶은 자신의 생각을 이야기하는 것	<분류>1</분류> <판단>옳다.</판단>
[도덕_문장]: 부모가 자녀에게 간섭과 관심을 적절히 조절하는 것	<분류>1</분류> <판단>좋다</판단>
[도덕_문장]: 식당의 위생에 신경 쓰는 것	<분류>1</분류> <판단>옳다</판단>
[도덕_문장]: 약속을 취소하고 싶은 상황에서 상대방에게 미리 양해를 구하는 것	<분류>1</분류> <판단>좋다</판단>
[도덕_문장]: 본인이 약속을 지키는 것	<분류>1</분류> <판단>좋다</판단>
[도덕_문장]: 계획이 변경되어도 서로 협의해 나가는 것	<분류>1</분류> <판단>바람직하다</판단>
[도덕_문장]: 약속을 취소하고 상대방에게 사과하는 것	<분류>1</분류> <판단>좋다</판단>
[도덕_문장]: 가구나 물건을 계속 주워오는 것	<분류>-1</분류> <판단>좋지 않다</판단>
[도덕_문장]: 배우자에게 부탁을 할 때 상대방의 생활 공간의 위생과 안전을 해치지 않도록 배려하는 것	<분류>1</분류> <판단>바람직하다</판단>
[도덕_문장]: 집안의 중요한 일로 불편함이 있는 가족 구성원이 있을 때 서로의 상황을 이해하려고 노력하는 것	<분류>1</분류> <판단>해야 한다</판단>
[도덕_문장]: 가족과의 조화를 위해 나의 불편함을 표현하는 것	<분류>1</분류> <판단>바람직하다</판단>
[도덕_문장]: 가족이 힘든 상황을 겪을 때 배려하는 것	<분류>1</분류> <판단>좋다</판단>
[도덕_문장]: 가족 간의 갈등이 생겼을 때 대화를 통해 해결하려는 것	<분류>1</분류> <판단>옳다</판단>
[도덕_문장]: 유산에 대해 다투더라도 상식적인 수준에서 합의하는 것	<분류>1</분류> <판단>바람직하다</판단>
[도덕_문장]: 개인적인 불행을 상대의 책임으로 돌리는 것	<분류>-1</분류> <판단>바람직하지 않다</판단>
[도덕_문장]: 잘못된 상황이 아닌 일을 당했을 때 화를 내는 것	<분류>0</분류> <판단>할 수 있다</판단>
[도덕_문장]: 사고가 발생했을 때 안전을 이유로 모르는 척하는 것	<분류>-1</분류> <판단>문제 있다</판단>
[도덕_문장]: 병원이 환자에게 의료 비용에 대해 사전 설명을 철저히 하는 것	<분류>1</분류> <판단>해야 한다</판단>
[도덕_문장]: 환자에게 병원비에 대한 충분한 설명을 하는 것	<분류>1</분류> <판단>해야 한다</판단>
[도덕_문장]: 문제가 발생했을 때 상대에게 대화를 요청하는 것	<분류>1</분류> <판단>바람직하다</판단>
[도덕_문장]: 의료기관이 환자에게 자신의 비용 부담 범위를 상세히 안내하는 것	<분류>1</분류> <판단>해야 한다</판단>
[도덕_문장]: 의료기관이 의료 서비스를 제공하기 전 환자에게 예상 비용을 충분히 설명하는 것	<분류>1</분류> <판단>해야 한다</판단>
[도덕_문장]: 병원이 환자에게 사전고지를 하는 것	<분류>1</분류> <판단>해야 한다</판단>
[도덕_문장]: 운전 강사가 호통을 치는 것	<분류>-1</분류> <판단>바람직하지 않다</판단>
[도덕_문장]: 강사가 운전 학원에서 학생들을 호통치는 것	<분류>-1</분류> <판단>옳지 않다</판단>
[도덕_문장]: 동생의 행동에 실망하더라도 서로의 개인적인 영역을 존중하기 위해 노력하는 것	<분류>1</분류> <판단>해야 한다</판단>
[도덕_문장]: 타인의 신체와 사생활을 허락없이 공개하는 것	<분류>-1</분류> <판단>옳지 않다</판단>
[도덕_문장]: 사적인 일로 화를 낼 때 상대의 마음을 이해하는 태도를 갖는 것	<분류>1</분류> <판단>필요하다</판단>
[도덕_문장]: 결혼 생활에서 상대방과 소통으로 갈등을 풀어나가는 것	<분류>1</분류> <판단>좋다</판단>
[도덕_문장]: 회사 주차장 문제를 개인의 사비로 해결하라고 말하는 것	<분류>-1</분류> <판단>바람직하지 않다</판단>
[도덕_문장]: 업무와 관련된 문제가 개인의 사비로 해결될 경우, 회사에 개선을 요청하는 것	<분류>1</분류> <판단>권리가 있다</판단>
[도덕_문장]: 회사가 필요할 때만 직원에게 개인 사비로 비용을 해결하라고 강요하는 것	<분류>-1</분류> <판단>바람직하지 않다</판단>
[도덕_문장]: 회사에서 직원들이 일하기 편하게 주차장을 충분히 확보해주는 것	<분류>1</분류> <판단>해야 한다</판단>
[도덕_문장]: 회사의 비용 부담을 개인의 사비로 전가하는 것	<분류>-1</분류> <판단>옳지 않다</판단>
[도덕_문장]: 회사가 직원에게 비용을 요구할 때 적절한 절차를 통해 협의를 진행하는 것	<분류>1</분류> <판단>해야 한다</판단>
[도덕_문장]: 問題解決を提案した友人に対して即座に反応しないこと	<분류>0</분류> <판단>よい</판단>
[도덕_문장]: 타인의 제안을 받아들이기 전에 자신의 여건을 고려해 판단하는 것	<분류>0</분류> <판단>바람직하다</판단>
[도덕_문장]: 직장에서 직원들에게 성희롱을 하는 것	<분류>-1</분류> <판단>나쁜 행동이다</판단>
[도덕_문장]: 직장에서 불쾌한 상황에 직면했을 때 적절한 조치를 취하는 것	<분류>1</분류> <판단>바람직하다</판단>
[도덕_문장]: 직장에서 불쾌한 언어나 성희롱을 경험했을 때 즉시 중단을 요청하고, 그에 따른 문제를 회사에 정식으로 신고하는 것	<분류>1</분류> <판단>해야 한다</판단>
[도덕_문장]: 치료를 위해 필요한 식단 조절을 하더라도 스트레스가 많지 않도록 가족과 함께 이야기를 나누는 것	<분류>1</분류> <판단>좋다.</판단>
[도덕_문장]: 항암 치료를 위해 식사 조절을 어려워하더라도 극단적인 선택보다 조절을 통해 균형을 맞추는 것	<분류>1</분류> <판단>바람직하다</판단>
[도덕_문장]: 약속을 할 때 상대방이 오해하지 않도록 명확하게 의사를 표현하는 것	<분류>1</분류> <판단>좋다</판단>
[도덕_문장]: 상대방에게 오해를 불러일으킬 만한 모호한 표현을 피하는 것	<분류>1</분류> <판단>좋다</판단>
[도덕_문장]: 서비스 지연 시 개인적 상황과 경험이 감정에 영향을 미칠 수 있다는 점을 인지하는 것	<분류>1</분류> <판단>해야 한다</판단>
[도덕_문장]: 유명한 곳이더라도 업무 처리에 대한 기대치를 합리적으로 판단하는 것	<분류>1</분류> <판단>해야 한다</판단>
[도덕_문장]: 업무 처리 과정에서 실수가 발생하더라도 진심으로 사과하는 것	<분류>1</분류> <판단>옳다</판단>
[도덕_문장]: 병원이 개인의 일정을 지키지 않은 책임을 인정하는 것	<분류>1</분류> <판단>좋다</판단>
[도덕_문장]: 실수를 했을 때 진심으로 사과하는 것	<분류>1</분류> <판단>해야 한다</판단>
[도덕_문장]: 직장 동료들 앞에서 부당한 대우를 하는 것	<분류>-1</분류> <판단>옳지 않다</판단>
[도덕_문장]: 동료들이 보는 앞에서 동료에게 비난하는 것	<분류>-1</분류> <판단>바람직하지 않다</판단>
[도덕_문장]: 회사에서 개인적인 불편함을 직원의 책임으로만 돌리는 것	<분류>-1</분류> <판단>바람직하지 않다</판단>
[도덕_문장]: 부하직원이 업무를 제대로 수행하지 않을 때 그 이유를 알아내는 것	<분류>1</분류> <판단>해야 한다</판단>
[도덕_문장]: 직장에서 자신의 업무를 정해진 마감시간까지 모두 마무리하는 것	<분류>1</분류> <판단>바람직하다</판단>
[도덕_문장]: 의료진의 부적절한 행동으로 의심될 경우 문제를 제기하는 것	<분류>1</분류> <판단>해야 한다</판단>
[도덕_문장]: 신생아를 한 손으로 대충 들고 분유를 먹이거나 다른 조치를 하는 것	<분류>-1</분류> <판단>적절하지 않다</판단>
[도덕_문장]: 신생아를 보육하는 시설의 직원에게 신생아를 대하는 방식에 대해 의견을 전달하는 것	<분류>1</분류> <판단>할 수 있다</판단>
[도덕_문장]: 중요한 발표일에 개인적인 불편사항보다 업무의 성공을 우선적으로 고려하는 것	<분류>1</분류> <판단>필요하다</판단>
[도덕_문장]: 개인적인 사정이 있을 경우 미리 연락을 하여 양해를 구하는 것	<분류>1</분류> <판단>좋다</판단>
[도덕_문장]: 직장에서 중요한 발표가 있을 때 미리 충분한 휴식과 준비를 해서 최상의 상태를 유지하는 것	<분류>1</분류> <판단>바람직하다</판단>
[도덕_문장]: 배우자와 합의한 규칙을 어겼을 때 상대방의 기분을 고려하고 사실대로 이야기하는 것	<분류>1</분류> <판단>좋다</판단>
[도덕_문장]: 부모가 자녀의 성향과 행동을 수용하면서 자녀에게 올바른 가치관을 알려주는 것	<분류>1</분류> <판단>되어야 한다</판단>
[도덕_문장]: 가족 구성원이 서로에게 어려움을 털어놓을 수 있는 환경을 조성하는 것	<분류>1</분류> <판단>바람직하다</판단>
[도덕_문장]: 아이를 양육하는 것	<분류>1</분류> <판단>사회적, 가정적 책임이 함께 공존한다</판단>
[도덕_문장]: 입사한지 얼마 안된 신입사원에게 업무 지침을 구체적으로 전달하고 적응을 돕는 것	<분류>1</분류> <판단>해야 한다</판단>
[도덕_문장]: 집안일에 대한 공정한 분담이 이루어지지 않을 경우 다른 구성원과 문제를 공유하고 필요한 경우 적절한 해결책을 모색하는 것	<분류>1</분류> <판단>옳다.</판단>
[도덕_문장]: 가사 분담을 일방적으로 맡았을 때 자신의 시간과 노력을 인정받는 것	<분류>1</분류> <판단>권리가 있다</판단>
[도덕_문장]: 가사 분담을 제대로 해주지 않는 것	<분류>-1</분류> <판단>나쁘다</판단>
[도덕_문장]: 아는 사람을 속여서 물건을 파는 것	<분류>-1</분류> <판단>옳지 않다</판단>
[도덕_문장]: 타인에게 피해를 주는 것	<분류>-1</분류> <판단>옳지 않다</판단>
[도덕_문장]: 회사에서 주어진 기회를 신중하게 판단하는 것	<분류>0</분류> <판단>당연하다</판단>
[도덕_문장]: 친구의 잘못된 정보를 일방적으로 우기는 것	<분류>-1</분류> <판단>적절하지 않다</판단>
[도덕_문장]: 친구를 도와줘야 하는 상황에서도 자신의 상황을 고려해 갚을 수 있는 범위 내에서만 도움을 주도록 요청하는 것	<분류>1</분류> <판단>옳다</판단>
[도덕_문장]: 물가가 오르면 가격이 더 저렴한 대안을 찾는 것	<분류>1</분류> <판단>바람직한 행동이다</판단>
[도덕_문장]: 생활 여건에 따라 선택을 조정하는 것	<분류>0</분류> <판단>현명하다</판단>
[도덕_문장]: 물가 상승을 감안해 식비를 조절하는 것	<분류>1</분류> <판단>좋다</판단>
[도덕_문장]: 남편이 육아의 책임을 회피하는 것	<분류>-1</분류> <판단>안 되다</판단>
[도덕_문장]: 다른 사람과 함께 하는 시간에 연인에 대한 거짓말을 하는 것	<분류>-1</분류> <판단>바람직하지 않다</판단>
[도덕_문장]: 연인 사이에 신뢰가 깨졌을 때 관계를 재정립하거나 관계를 정리하는 것	<분류>1</분류> <판단>필요하다</판단>
[도덕_문장]: 성인이 된 자녀가 늦은 귀가에 대해 부모님께 먼저 연락하는 것	<분류>1</분류> <판단>해야 한다</판단>
[도덕_문장]: 자녀가 늦게 들어오더라도 연락을 하는 것	<분류>1</분류> <판단>바람직하다</판단>
[도덕_문장]: 부당한 행위에 대한 신고를 하는 것	<분류>1</분류> <판단>정당한 행동이다</판단>
[도덕_문장]: 정당한 사유 없이 퇴직금을 지급하지 않는 것	<분류>-1</분류> <판단>옳지 않다</판단>
[도덕_문장]: 퇴사 처리가 원활히 진행되지 않는 경우 고용노동부에 신고하는 것	<분류>1</분류> <판단>좋다</판단>
[도덕_문장]: 회사가 퇴직금 지급에 대한 의무를 성실히 이행하는 것	<분류>1</분류> <판단>해야 한다</판단>
[도덕_문장]: 휴대폰에 저장된 중요한 사진을 별도로 백업해 놓는 것	<분류>1</분류> <판단>바람직하다</판단>
[도덕_문장]: 부모의 입장에서 자식을 보호하려는 노력을 이해하고 스스로의 선택을 존중하는 것	<분류>1</분류> <판단>좋다</판단>
[도덕_문장]: 자녀의 관계에 대해 조언을 하는 것	<분류>1</분류> <판단>할 수 있다</판단>
[도덕_문장]: 공공장소에서 주변 사람들에게 피해가 가지 않도록 소음을 줄이는 것	<분류>1</분류> <판단>바람직하다</판단>
[도덕_문장]: 공공시설을 이용 규칙에 따라 타인에게 방해가 되지 않게 이용하는 것	<분류>1</분류> <판단>옳다</판단>
[도덕_문장]: 동료들과 함께 있을 때, 자신의 불편함으로 인해 다른 사람들이 불편해질 것을 우려하는 것	<분류>1</분류> <판단>존중받아야 한다</판단>
[도덕_문장]: 자신의 신체적 불편함을 이해하면서도 그 불편함이 공동 공간에서의 상호작용에 부정적인 영향을 미치지 않도록 배려하는 것	<분류>1</분류> <판단>바람직하다</판단>
[도덕_문장]: 개인적인 문제 때문에 불편함을 느낄 때 주변 사람들에게 상황을 설명하고 이해를 구하는 것	<분류>1</분류> <판단>좋다</판단>
[도덕_문장]: 자신의 상태가 불편하더라도 공공장소에서 타인에게 불편을 주지 않도록 적절한 조치를 취하는 것	<분류>1</분류> <판단>바람직하다</판단>
[도덕_문장]: 면접 과정에서 내정자를 지정하여 공정성을 훼손하는 것	<분류>-1</분류> <판단>옳지 않다</판단>
[도덕_문장]: 상대방의 의사에 반해 신체적 접촉을 요구하거나 불쾌한 접촉을 시도하는 것	<분류>-1</분류> <판단>옳지 않다</판단>
[도덕_문장]: 알바생이 직장을 그만두면서 말없이 잠수를 타는 것	<분류>-1</분류> <판단>바람직하지 않다</판단>
[도덕_문장]: 층간소음에 신경 써서 생활하는 것	<분류>1</분류> <판단>바람직하다</판단>
[도덕_문장]: 자신의 생활 방식과 가치관이 타인과 충돌할 때, 감정적인 반응보다 상황에 대한 객관적인 판단과 이해를 시도하는 것	<분류>1</분류> <판단>필요하다</판단>
[도덕_문장]: 층간소음 민원이 접수된 경우 사실 확인을 하는 것	<분류>1</분류> <판단>바람직하다</판단>
[도덕_문장]: 층간소음 문제로 억울한 상황이 생겼을 때 감정적으로 대응하기보다 침착하게 상황을 판단하는 것	<분류>1</분류> <판단>필요하다</판단>
[도덕_문장]: 갈등 상황에 직면했을 때 자신의 감정을 차분하게 정리하고 대화를 통해 해결하려는 자세를 갖는 것	<분류>1</분류> <판단>중요하다</판단>
[도덕_문장]: 층간소음 문제로 억울한 마음을 가졌을 때 타인에게 화풀이 하지 않고 상황을 객관적으로 바라보는 것	<분류>1</분류> <판단>바람직하다</판단>
[도덕_문장]: 층간소음으로 인한 갈등 상황에서 오해나 착각이 있을 수 있음을 인지하고 상황을 먼저 확인하는 것	<분류>1</분류> <판단>가져야 한다</판단>
[도덕_문장]: 과제를 수행하는 데 있어 개인의 참여에 대한 책임을 회피하는 것	<분류>-1</분류> <판단>안 되다</판단>
[도덕_문장]: 가족과의 여행에서 함께 의사결정을 하는 것	<분류>1</분류> <판단>해야 한다</판단>
[도덕_문장]: 부부 간의 사적인 대화를 각자의 의견과 감정이 충분히 존중되는 방식으로 진행하는 것	<분류>1</분류> <판단>되어야 한다</판단>
[도덕_문장]: 자녀들이 있는 가정에서 여행이나 중요한 결정을 할 때 가족 구성원 모두와 논의하여 결정하는 것	<분류>1</분류> <판단>해야 한다</판단>
[도덕_문장]: 가족여행에 대한 의견이 분분할 때 아이들을 생각해 대화를 통해 해결하는 것	<분류>1</분류> <판단>바람직하다</판단>
[도덕_문장]: 타인이 자신의 의도를 왜곡해서 받아들여도 이해해주는 것	<분류>1</분류> <판단>좋다</판단>
[도덕_문장]: 상대의 말이 불쾌할 때 적절한 표현을 찾아 대응하는 것	<분류>1</분류> <판단>좋다</판단>
[도덕_문장]: 자신이 한 말이나 행동으로 상대방에게 불쾌감을 주었을 때 즉시 사과하는 것	<분류>1</분류> <판단>좋다</판단>
[도덕_문장]: 타인에게 혈액형과 같은 개인 정보를 함부로 물어보는 것	<분류>-1</분류> <판단>안 된다</판단>
[도덕_문장]: 상대의 의도를 오해했더라도 상대를 비난하기보다 대화로 해결하려는 것	<분류>1</분류> <판단>필요하다</판단>
[도덕_문장]: 혈액형과 성격을 이용해 개인의 성격을 단정하는 근거로 사용하는 것	<분류>0</분류> <판단>좋지 않다</판단>
[도덕_문장]: 다른 사람이 직장에서 불편한 상황에 처해 있을 때 상황을 개선할 방법을 찾는 것	<분류>1</분류> <판단>바람직하다</판단>
[도덕_문장]: 연인 사이에서 상대방의 사생활을 존중하는 것	<분류>1</분류> <판단>옳다</판단>
[도덕_문장]: 연인이 상대방의 핸드폰을 확인하는 것	<분류>-1</분류> <판단>안 되다</판단>
[도덕_문장]: 예약 변경을 원할 때 미리 연락하는 것	<분류>1</분류> <판단>좋다</판단>
[도덕_문장]: 타인에게 직접적인 피해를 주지 않고 자신의 취향과 상황에 따라 예약을 취소하는 것	<분류>0</분류> <판단>바람직하다</판단>
[도덕_문장]: 예약 시간을 변경하거나 취소할 경우 가능한 빠른 연락을 하는 것	<분류>1</분류> <판단>좋다</판단>
[도덕_문장]: 가족 구성원에게 도움을 요청할 때 서로의 상황을 고려하여 예의 바르게 요청하는 것	<분류>1</분류> <판단>해야 한다</판단>
[도덕_문장]: 다른 가족 구성원에게 부탁을 할 때 미안하더라도 자신의 상황을 진솔하게 설명하는 것	<분류>1</분류> <판단>바람직하다</판단>
[도덕_문장]: 건강과 관련된 결정을 할 때 의사의 권고를 존중하는 태도를 유지하는 것	<분류>1</분류> <판단>옳다</판단>
[도덕_문장]: 친구와 갈등 상황이 생겼을 때 차분하게 소통하는 것	<분류>1</분류> <판단>바람직하다</판단>
[도덕_문장]: 상품을 수령하기 전에 상품의 상태를 확인하고 문제가 있을 경우 적절한 대처를 요구하는 것	<분류>1</분류> <판단>정당하다</판단>
[도덕_문장]: 늦잠을 자는 것	<분류>0</분류> <판단>나쁜 행동이 아니다</판단>
[도덕_문장]: 서비스 요청이 원활하지 않을 때 개인적인 감정보다는 해결 방법을 먼저 찾는 것	<분류>1</분류> <판단>좋다</판단>
[도덕_문장]: 자신의 건강을 위해 행동을 멈추거나 바꾸는 것	<분류>0</분류> <판단>나쁘지 않다</판단>
[도덕_문장]: 단기간에 변화를 보지 못하더라도 꾸준히 노력하는 것	<분류>1</분류> <판단>바람직하다</판단>
[도덕_문장]: 체중 관리를 개인의 자율적인 판단에 맡기는 것	<분류>1</분류> <판단>적절하다</판단>
[도덕_문장]: 금전적 의무를 이행하지 않은 사람을 법적으로 대응하는 것	<분류>0</분류> <판단>할 수 있다</판단>
[도덕_문장]: 법적 조치를 취하면서 임차인에게 경제적 타격을 최소화하는 것	<분류>1</분류> <판단>옳다</판단>
[도덕_문장]: 건물주가 법적 조치를 취할 경우 그 이유를 충분히 설명하는 것	<분류>1</분류> <판단>필요하다</판단>
[도덕_문장]: 임차인의 사정이 힘들 때 상황을 조율하는 것	<분류>1</분류> <판단>좋다</판단>
[도덕_문장]: 남편이 아내의 요리를 존중하는 것	<분류>1</분류> <판단>해야 한다</판단>
[도덕_문장]: 아이를 위해 정성을 들인 음식을 아내에게 강요하는 것	<분류>-1</분류> <판단>옳지 않다</판단>
[도덕_문장]: 본인의 체질과 한계를 인정하고 상황에 맞는 다른 방법으로 스트레스를 해소하려는 것	<분류>1</분류> <판단>옳다</판단>
[도덕_문장]: 자신의 체질과 취향을 존중하는 것	<분류>1</분류> <판단>해야 한다</판단>
[도덕_문장]: 배우자가 불만을 표시하는 것을 이해하는 것	<분류>1</분류> <판단>해야 한다</판단>
[도덕_문장]: 자신의 건강을 고려하지 않고 무리하게 행동하는 것	<분류>-1</분류> <판단>바람직하지 않다</판단>
[도덕_문장]: 배우자와 갈등이 있으면 배우자의 입장을 이해하고 대화로 문제를 해결하려 노력하는 것	<분류>1</분류> <판단>해야 한다</판단>
[도덕_문장]: 배우자에게 기분 상한 부분이 있다면 화내기보다 차분하게 자신의 감정을 표현하는 것	<분류>1</분류> <판단>바람직하다</판단>
[도덕_문장]: 가족의 배려와 관계 유지의 중요성을 인지하고, 대화와 소통을 통해 갈등을 해결하려는 태도를 가지는 것	<분류>1</분류> <판단>옳다</판단>
[도덕_문장]: 배우자에게 상처를 받았을 때 대화로 해결하는 것	<분류>1</분류> <판단>좋다</판단>
[도덕_문장]: 연인과의 문제를 대화를 통해 해결하려 노력하는 것	<분류>1</분류> <판단>해야 한다</판단>
[도덕_문장]: 남자친구와의 갈등에서 서로의 타협점을 찾는 것	<분류>1</분류> <판단>성숙해질 수 있다</판단>
[도덕_문장]: 기념일과 같은 중요한 순간을 계획하지 않는 것	<분류>-1</분류> <판단>좋지 않다</판단>
[도덕_문장]: 동료 간에 의견이 다를 때 차분하게 대화로 문제를 해결하는 것	<분류>1</분류> <판단>해야 한다</판단>
[도덕_문장]: 갈등을 느낄 때 서로의 의도를 존중하면서 대화를 통해 합의점을 찾는 것	<분류>1</분류> <판단>좋다</판단>
[도덕_문장]: 직장 내 갈등을 차분하게 상대를 존중하는 방식으로 해결하려는 것	<분류>1</분류> <판단>필요하다</판단>
[도덕_문장]: 친구의 사적인 문제를 함부로 말하지 않는 것	<분류>1</분류> <판단>좋다</판단>
[도덕_문장]: 동료의 행동에 대해 불쾌감을 느낄 경우 자신의 의사를 존중하는 방식으로 전달하는 것	<분류>1</분류> <판단>해야 한다</판단>
[도덕_문장]: 동료와의 사적인 갈등을 피하고, 갈등 상황이 발생하면 회사의 규정이나 적절한 절차에 따라 해결하려는 것	<분류>1</분류> <판단>옳다</판단>
[도덕_문장]: 배우자의 역량이 부족하더라도 비난보다는 대안이나 도움을 제시하는 것	<분류>1</분류> <판단>바람직하다</판단>
[도덕_문장]: 남편이 가정의 구성원으로서 집안일을 하기 힘들다고 솔직하게 이야기하는 것	<분류>1</분류> <판단>해야 한다</판단>
[도덕_문장]: 배우자가 잘못이 있을 때 대화로 개선점을 찾는 것	<분류>1</분류> <판단>바람직하다</판단>
[도덕_문장]: 가족들에게 자신의 불안감을 숨기지 않고 사실을 알려주는 것	<분류>1</분류> <판단>좋다</판단>
[도덕_문장]: 부모가 자녀의 건강을 우선으로 생각하는 것	<분류>1</분류> <판단>좋다</판단>
[도덕_문장]: 자신의 적성과 진로에 대해 고민하는 것	<분류>1</분류> <판단>좋다</판단>
[도덕_문장]: 타인의 외모에 대한 생각을 무시하고 자신의 선택에 확신을 가지고 있는 것	<분류>1</분류> <판단>존중받아야 한다</판단>
[도덕_문장]: 자녀가 스트레스를 받는 상황에서 그 이유를 자세히 들어주는 것	<분류>1</분류> <판단>바람직하다</판단>
[도덕_문장]: 성인이 된 자식이 고민을 털어놓고 싶을 때 들어주는 것	<분류>1</분류> <판단>좋다</판단>
[도덕_문장]: 부모님에게 부담을 주지 않는 선에서 도움을 요청하는 것	<분류>1</분류> <판단>바람직하다</판단>
[도덕_문장]: 암의 조기 발견이 중요하다는 사실을 인지하지 못하고, 증상이 있어도 병원을 방문하지 않는 것	<분류>-1</분류> <판단>바람직하지 않다</판단>
[도덕_문장]: 자신이 공포를 느끼는 것	<분류>0</분류> <판단>괜찮다</판단>
[도덕_문장]: 자녀의 어려움을 인지했을 때 성숙한 태도로 대화를 시도하는 것	<분류>1</분류> <판단>바람직하다</판단>
[도덕_문장]: 자녀의 감정을 이해하고 공감해 주는 것	<분류>1</분류> <판단>바람직하다</판단>
[도덕_문장]: 자연분만을 고려할 수 있음에도 제왕절개를 선택하는 것	<분류>0</분류> <판단>문제되지 않는다</판단>
[도덕_문장]: 출산과 관련해 갈등이 있을 때 배우자와 충분한 대화를 통해 결정을 내리는 것	<분류>1</분류> <판단>바람직하다</판단>
[도덕_문장]: 출산 시 자신의 몸을 존중하면서도 신중하게 의료 결정을 하는 것	<분류>0</분류> <판단>좋다</판단>
[도덕_문장]: 의료행위에 대해 개인의 선택을 존중하는 것	<분류>1</분류> <판단>해야 한다</판단>
[도덕_문장]: 산모가 자신의 선택을 기준으로 출산 방식을 결정하는 것	<분류>1</분류> <판단>해야 한다</판단>
[도덕_문장]: 출산을 앞두고 출산 방식에 대한 선택을 신중하게 고려하는 것	<분류>1</분류> <판단>해야 한다</판단>
[도덕_문장]: 학원을 선택할 때 아이의 나이와 흥미를 고려하는 것	<분류>1</분류> <판단>옳다</판단>
[도덕_문장]: 자신의 발달 속도에 맞춰 자신에게 맞는 선택을 하는 것	<분류>1</분류> <판단>괜찮다</판단>
[도덕_문장]: 부모가 자녀의 교육에 대해 불안함을 느끼면 아이의 학업 계획을 잘 살펴보는 것	<분류>1</분류> <판단>좋다</판단>
[도덕_문장]: 다른 아이들의 학원을 비교하지 않는 것	<분류>1</분류> <판단>좋다</판단>
[도덕_문장]: 건강 관리가 필요한 상황에서 주변의 조언을 참고하고 본인의 상황에 맞는 방법으로 판단하여 실천하는 것	<분류>0</분류> <판단>좋다</판단>
[도덕_문장]: 체중 감량에 대한 불안감이 있더라도 무리하지 않는 범위에서 건강을 유지하기 위해 노력하는 것	<분류>1</분류> <판단>좋다.</판단>
[도덕_문장]: 무릎이 좋지 않을 때 무리한 운동을 하지 않는 것	<분류>1</분류> <판단>바람직하다</판단>
[도덕_문장]: 의사의 건강 지침에 협조하고 자신의 몸의 한계를 존중하며 의사와 소통하는 것	<분류>1</분류> <판단>바람직하다</판단>
[도덕_문장]: 신체 활동이 힘든 상황에서 담당 의료진과 상의하여 대안을 찾는 것	<분류>1</분류> <판단>좋다</판단>
[도덕_문장]: 스트레스 해소를 위해 위생에 좋지 않은 행동을 반복하는 것	<분류>-1</분류> <판단>바람직하지 않다</판단>
[도덕_문장]: 스트레스 해소를 위해 몸에 해롭거나 잘못된 방법을 선택하는 것	<분류>-1</분류> <판단>안 되다</판단>
[도덕_문장]: 스트레스 해소를 위해 건강에 해로운 행동을 반복하는 것	<분류>-1</분류> <판단>좋지 않다</판단>
[도덕_문장]: 면접자의 말을 주의 깊게 듣고, 이해가 가지 않을 경우 물어보는 것	<분류>1</분류> <판단>옳다</판단>
[도덕_문장]: 면접에서 말이 너무 빠르다고 지적받았을 때 자신의 말 속도를 조절하려고 노력하는 것	<분류>1</분류> <판단>좋다</판단>
[도덕_문장]: 면접에서 면접관이 이해할 수 있는 속도로 말하는 것	<분류>1</분류> <판단>좋다</판단>
[도덕_문장]: 시험 난이도에 불만이 있을 때 공식적으로 이의를 제기하는 것	<분류>1</분류> <판단>할 수 있다</판단>
[도덕_문장]: 잘못을 인정하는 것	<분류>1</분류> <판단>바람직하다</판단>
[도덕_문장]: 회사에서 발생한 문제를 회피하지 않고, 문제를 해결하기 위해 정직하게 인정하고 노력하는 것	<분류>1</분류> <판단>해야 한다</판단>
[도덕_문장]: 직장에서 실수를 솔직하게 인정하고 책임을 지는 것	<분류>1</분류> <판단>바람직하다</판단>
[도덕_문장]: 부모가 자식에게 충분한 지원을 해주지 못해 죄책감을 느끼는 것	<분류>0</분류> <판단>이해된다</판단>
[도덕_문장]: 자녀의 성장 가능성을 인정하고 가정 여건에 맞게 최선을 다하는 것	<분류>1</분류> <판단>바람직하다</판단>
[도덕_문장]: 불안감이 느껴질 때 회피하지 않고 직면하려는 것	<분류>1</분류> <판단>옳다</판단>
[도덕_문장]: 자신의 상태를 이해하고 적절하게 조치하는 것	<분류>1</분류> <판단>바람직하다</판단>
[도덕_문장]: 불안 증상이 나타날 때 적절한 대처를 하는 것	<분류>1</분류> <판단>해야 한다</판단>
[도덕_문장]: 자녀가 아픈 증상을 보일 때 자녀가 말하는 것을 믿는 것	<분류>1</분류> <판단>바람직하다</판단>
[도덕_문장]: 자녀의 건강 상태를 확인하고 필요한 경우 적극적인 조치를 취하는 것	<분류>1</분류> <판단>바람직하다</판단>
[도덕_문장]: 가족에게 증상이 있을 경우 솔직하게 말하는 것	<분류>1</분류> <판단>바람직하다</판단>
[도덕_문장]: 자녀가 어려움을 이야기할 때 진지하게 들어주는 것	<분류>1</분류> <판단>해야 한다</판단>
[도덕_문장]: 자녀가 건강 문제를 겪을 때 적절한 조치를 취하는 것	<분류>1</분류> <판단>해야 한다</판단>
[도덕_문장]: 집에 바퀴벌레가 나타났을 때 방역 서비스를 이용하는 것	<분류>1</분류> <판단>해야 한다</판단>
[도덕_문장]: 가족 내 문제 해결 시 서로의 노력과 상황을 존중하는 자세를 가지는 것	<분류>1</분류> <판단>가져야 한다</판단>
[도덕_문장]: 할머니의 재정적 부담을 배려하는 것	<분류>1</분류> <판단>해야 한다</판단>
[도덕_문장]: 방역 서비스를 이용할 때 비용을 고려해 요청하는 것	<분류>1</분류> <판단>문제 없다</판단>
[도덕_문장]: 가족 내에서 서로의 부담을 나누고 배려하는 것	<분류>1</분류> <판단>좋다</판단>
[도덕_문장]: 자신의 외모를 바꾸기로 결정하고, 그 선택을 부모님과 친구들과 충분히 상의하고 고민하는 것	<분류>1</분류> <판단>바람직하다</판단>
[도덕_문장]: 가족의 경제적 상황을 고려해 신중하게 소비를 결정하는 것	<분류>1</분류> <판단>바람직하다</판단>
[도덕_문장]: 가족에 대한 경제적 책임을 인정하고, 현재의 소비와 미래의 가치를 함께 고려하는 태도를 가지는 것	<분류>1</분류> <판단>가져야 한다</판단>
[도덕_문장]: 자신의 필요와 상황에 맞게 소비를 결정하는 것	<분류>0</분류> <판단>바람직하다</판단>
[도덕_문장]: 가족이 개인의 건강을 고려해 말하는 것	<분류>1</분류> <판단>괜찮다</판단>
[도덕_문장]: 자녀의 성장과 정서 발달을 고려해 적절한 규칙을 설정하는 것	<분류>1</분류> <판단>필요하다</판단>
[도덕_문장]: 자녀의 생활 영역을 존중하고 함께 합의하는 방식으로 규칙을 정하는 것	<분류>1</분류> <판단>해야 한다</판단>
[도덕_문장]: 부모가 자녀의 생활을 일방적으로 통제하기보다 대화를 통해 합의점을 찾는 것	<분류>1</분류> <판단>바람직하다</판단>
[도덕_문장]: 자녀와 관련된 갈등이나 문제를 대화를 통해 풀어나가는 것	<분류>1</분류> <판단>좋다</판단>
[도덕_문장]: 자녀의 스마트폰 게임을 제한하는 것	<분류>0</분류> <판단>정당한 권리이다</판단>
[도덕_문장]: 업무에서 발생한 실수를 숨기려는 것	<분류>-1</분류> <판단>바람직하지 않다</판단>
[도덕_문장]: 직장에서 실수 발생 시 사실대로 보고하는 것	<분류>1</분류> <판단>해야 한다</판단>
[도덕_문장]: 잘못을 인지했을 경우 이를 숨기지 않고 보고하는 것	<분류>1</분류> <판단>옳다</판단>
[도덕_문장]: 승부욕이 강해서 타인을 무례하게 대하는 것	<분류>-1</분류> <판단>옳지 않다</판단>
[도덕_문장]: 아이가 갈등을 겪을 때 대화를 통해 상황을 파악하고 적절한 조언을 해주는 것	<분류>1</분류> <판단>바람직하다</판단>
[도덕_문장]: 친구와 다투었을 때 감정적으로 대응하는 것	<분류>-1</분류> <판단>좋지 않다</판단>
[도덕_문장]: 이직을 준비하더라도 회사와 동료에게 예의를 지키며 업무에 집중하는 것	<분류>1</분류> <판단>바람직하다</판단>
[도덕_문장]: 개인의 사생활을 비밀로 유지하는 것	<분류>1</분류> <판단>바람직하다</판단>
[도덕_문장]: 자녀가 우울해할 때 적절한 조언이나 위로를 건내는 것	<분류>1</분류> <판단>필요하다</판단>
[도덕_문장]: 자녀의 연애 경험에 대한 의견을 강요하지 않는 것	<분류>1</분류> <판단>바람직하다</판단>
[도덕_문장]: 계획된 일정에 차질이 생겼을 때 솔직하게 상황을 설명하고 양해를 구하는 것	<분류>1</분류> <판단>옳다</판단>
[도덕_문장]: 글램핑 준비로 인해 곤란함을 겪는 상황에서 미리 상황을 전달하고 도움을 요청하는 것	<분류>1</분류> <판단>좋다</판단>
[도덕_문장]: 친구들의 재촉에 솔직하게 상황을 전달하는 것	<분류>1</분류> <판단>좋다</판단>
[도덕_문장]: 맡은 역할이 늦어져 재촉을 받더라도 솔직하게 상황을 전달하는 것	<분류>1</분류> <판단>바람직하다</판단>
[도덕_문장]: 글램핑이나 여행에서 각자 맡은 역할을 책임 있게 수행하는 것	<분류>1</분류> <판단>좋다</판단>
[도덕_문장]: 버스 안에서 멀미가 나서 불편한 상황에서 다른 사람에게 피해를 주지 않도록 주의하는 것	<분류>1</분류> <판단>바람직하다</판단>
[도덕_문장]: 대중교통에서 타인에게 불편을 주는 상황을 최소화하기 위해 배려하는 것	<분류>1</분류> <판단>필요하다</판단>
[도덕_문장]: 자녀의 중요한 순간에 함께하지 못할 상황이라면 자녀에게 상황을 자세히 설명하는 것	<분류>1</분류> <판단>좋다</판단>
[도덕_문장]: 자녀의 결정을 존중하는 것	<분류>1</분류> <판단>좋다</판단>
[도덕_문장]: 자녀의 결혼으로 마음이 복잡해졌을 때 감정을 솔직하게 말하는 것	<분류>1</분류> <판단>괜찮다</판단>
[도덕_문장]: 가족 구성원의 결정을 존중하고 조언과 우려를 조심스럽게 표현하는 것	<분류>1</분류> <판단>바람직하다</판단>
[도덕_문장]: 자식의 일은 잘 모르더라도 부모로서 판단하려 노력하는 것	<분류>1</분류> <판단>좋다</판단>
[도덕_문장]: 부모가 자녀의 국적 결정 과정에 개입하고 지원하는 것	<분류>1</분류> <판단>해야 한다</판단>
[도덕_문장]: 상처를 받았을 때 자신의 감정을 차분하게 정리하며 다음 선택을 준비하는 것	<분류>1</분류> <판단>좋다</판단>
[도덕_문장]: 중고거래시 판매자가 물건의 상태를 정확히 알려주는 것	<분류>1</분류> <판단>옳다</판단>
[도덕_문장]: 중고 전자제품을 거래할 때 제품 상태에 대해 솔직하게 공유하는 것	<분류>1</분류> <판단>적절하다</판단>
[도덕_문장]: 건강이 좋지 않아 집안일에 부담을 줄 경우, 상대방에게 상황을 설명하고 부담을 줄이기 위한 배려나 조치를 요청하는 것	<분류>1</분류> <판단>바람직하다</판단>
[도덕_문장]: 자신의 건강 상태를 가족에게 알려주고 도움을 요청하는 것	<분류>1</분류> <판단>바람직하다</판단>
[도덕_문장]: 가족의 건강을 위해 필요한 것을 지출하는 것	<분류>1</분류> <판단>바람직하다</판단>
[도덕_문장]: 경제적 어려움 속에서도 가족의 건강을 위해 필요한 식재료를 구매하는 것	<분류>1</분류> <판단>바람직하다</판단>
[도덕_문장]: 가족 구성원의 건강과 관련된 식재료를 구매할 때 건강을 먼저 고려하는 것	<분류>1</분류> <판단>좋다</판단>
[도덕_문장]: 불편한 일이 발생했을 때 자신의 행동을 상대방이 이해할 수 있도록 소통하는 것	<분류>1</분류> <판단>필요하다</판단>
[도덕_문장]: 부모의 재혼에 반대하는 것	<분류>0</분류> <판단>잘못된 행동이 아니다</판단>
[도덕_문장]: 자녀가 부모님의 재혼에 대해 걱정할 수 있다는 점을 이해하는 것	<분류>1</분류> <판단>해야 한다.</판단>
[도덕_문장]: 부모가 일정 때문에 가족과 시간을 보내지 못하더라도 이해하는 것	<분류>1</분류> <판단>바람직하다</판단>
[도덕_문장]: 정당한 사유 없이 임금을 지급하지 않는 것	<분류>-1</분류> <판단>바람직하지 않다</판단>
[도덕_문장]: 회사가 급여 관련 문제를 직원에게 미리 알려주는 것	<분류>1</분류> <판단>해야 한다</판단>
[도덕_문장]: 가족에게 개인 카드를 주는 것	<분류>-1</분류> <판단>안 된다</판단>
[도덕_문장]: 개인적으로 부담하기 어려운 상황에서 임대인에게 사정을 설명하는 것	<분류>1</분류> <판단>바람직하다</판단>
[도덕_문장]: 월세를 내지 않는 임차인에게 상황을 잘 설명하고 기다리는 것	<분류>1</분류> <판단>좋은 태도이다</판단>
[도덕_문장]: 자신의 실수로 생긴 문제를 해결하기 위해 노력하는 것	<분류>1</분류> <판단>좋다.</판단>
[도덕_문장]: 가게 월세를 내지 못하는 사정이 있을 때 임대인에게 사정을 설명하고 이해를 구하는 것	<분류>1</분류> <판단>바람직하다</판단>
[도덕_문장]: 계약 관계에서 상호 존중을 바탕으로 계약 이행을 이행하도록 노력하는 것	<분류>1</분류> <판단>해야 한다</판단>
[도덕_문장]: 상대방의 고통을 이해하지 못하고 시간이 해결해 줄 거라며 가볍게 말하는 것	<분류>-1</분류> <판단>옳지 않다</판단>
[도덕_문장]: 독서토론 모임에서 책을 읽지 못하더라도 다른 사람들에게 피해를 주지 않는 것	<분류>0</분류> <판단>괜찮다</판단>
[도덕_문장]: 위험이 예상되는 등산을 포기하는 것	<분류>1</분류> <판단>좋다</판단>
[도덕_문장]: 안전을 위해 등산을 포기하는 것	<분류>1</분류> <판단>옳다.</판단>
[도덕_문장]: 운동 목표에 위배되는 간식을 먹은 후 스스로 관리하지 못한 부분을 인정하고, 다음에 더 잘하도록 노력하는 것	<분류>1</분류> <판단>좋다.</판단>
[도덕_문장]: 자신의 건강을 이유로 작업을 멈출 때, 고객과 솔직하게 소통하여 오해를 방지하는 것	<분류>1</분류> <판단>바람직하다</판단>
[도덕_문장]: 아픈 상황에서 무리하지 않고 치료에 집중하는 것	<분류>1</분류> <판단>옳다</판단>
[도덕_문장]: 연인에게 상대방의 심리적 압박과 불안을 느끼게 하지 않는 것	<분류>1</분류> <판단>좋다</판단>
[도덕_문장]: 연인에게 부담을 줄 수 있는 압박이나 재촉을 하는 것	<분류>-1</분류> <판단>옳지 않다</판단>
[도덕_문장]: 상대방의 속도에 맞는 소통을 하는 것	<분류>1</분류> <판단>해야 한다</판단>
[도덕_문장]: 결혼을 재촉하는 연인에게 거절하는 것	<분류>1</분류> <판단>할 수 있다</판단>
[도덕_문장]: 사람마다 결혼에 대한 시기가 다르다는 것을 인정하는 것	<분류>1</분류> <판단>옳다</판단>
[도덕_문장]: 자신의 상황에 대한 조급함을 이해하고 공감하면서도 상대방에게 부담을 주지 않도록 자신의 감정을 조절하는 것	<분류>1</분류> <판단>바람직하다</판단>
[도덕_문장]: 남들에 비해 자신의 행동을 조심스럽게 결정하는 것	<분류>1</분류> <판단>옳다.</판단>
[도덕_문장]: 상대방의 선택을 일방적으로 바꾸지 않고 선택의 기한을 강요하지 않는 것	<분류>1</분류> <판단>좋다</판단>
[도덕_문장]: 결婚에 대한 이야기가 필요할 때 대화의 주도권을 상대방에게 넘기는 것	<분류>1</분류> <판단>바람직하다</판단>
[도덕_문장]: 회의 중 직원들이 의견을 나누는 동안 상호 존중을 지키는 것	<분류>1</분류> <판단>옳다</판단>
[도덕_문장]: 의견이 맞지 않더라도 서로 존중하며 의견을 교환하는 것	<분류>1</분류> <판단>좋다</판단>
[도덕_문장]: 상대의 입장을 존중하며 대화를 통해 조율하는 것	<분류>1</분류> <판단>바람직하다</판단>
[도덕_문장]: 직장 내에서 동료간 갈등이 발생했을 때 중재를 통해 문제 해결을 바라는 것	<분류>1</분류> <판단>좋다</판단>
[도덕_문장]: 자녀가 솔직한 마음을 전하기 힘들어할 때 자녀의 마음을 존중하며 칭찬의 강도를 조절하는 것	<분류>1</분류> <판단>바람직하다</판단>
[도덕_문장]: 자녀가 부담을 느끼면 자녀의 감정을 공감하고 칭찬의 방식을 조절하는 것	<분류>1</분류> <판단>바람직하다</판단>
[도덕_문장]: 공포증 때문에 일상 생활에 지장이 있더라도 필요한 일을 하는 것	<분류>0</분류> <판단>좋다</판단>
[도덕_문장]: 집에 해충이 발생했을 때 즉시 조치를 취하는 것	<분류>1</분류> <판단>해야 한다</판단>
[도덕_문장]: 자신의 행동이 상대방에게 부담을 주지 않도록 배려하는 것	<분류>1</분류> <판단>중요하다</판단>
[도덕_문장]: 학대를 의심했을 때 부모나 보호자에게 도움을 요청하는 것	<분류>1</분류> <판단>바람직하다</판단>
[도덕_문장]: 연인과의 약속을 지키지 못할 때 솔직하게 말하는 것	<분류>1</분류> <판단>좋다</판단>
[도덕_문장]: 연인에게 거짓말을 하는 것	<분류>-1</분류> <판단>안 되낟</판단>
[도덕_문장]: 친구가 건강을 소홀히 할 경우 친구에게 조언해주는 것	<분류>1</분류> <판단>바람직하다</판단>
[도덕_문장]: 친구가 위험한 상황에 있을 때 조언을 통해 병원을 가라고 권유하는 것	<분류>1</분류> <판단>옳다</판단>
[도덕_문장]: 친구가 자신의 건강을 먼저 생각하는 것	<분류>1</분류> <판단>해야 한다</판단>
[도덕_문장]: 다른 사람이 건강상태에 대해 걱정하고 있을 때 솔직하게 이야기하는 것	<분류>1</분류> <판단>옳다</판단>
[도덕_문장]: 자녀의 건강 상태가 우려되면 자녀와 솔직하게 대화하는 것	<분류>1</분류> <판단>바람직하다</판단>
[도덕_문장]: 자신의 역량 부족을 인지했을 때 최선을 다해 문제 해결을 시도하는 것	<분류>1</분류> <판단>바람직하다</판단>
[도덕_문장]: 마감일에 임박해서 과제를 확인하고 완성도를 높이는 것	<분류>-1</분류> <판단>바람직하지 않다</판단>
[도덕_문장]: 과제를 제출할 때 최선을 다해 준비하는 것	<분류>1</분류> <판단>좋다</판단>
[도덕_문장]: 학업 문제나 심리적인 스트레스가 있더라도 주변을 배려하는 것	<분류>1</분류> <판단>옳다</판단>
[도덕_문장]: 자녀의 경제적 독립을 지켜보면서 스스로 노력하도록 격려하는 것	<분류>1</분류> <판단>해야 한다</판단>
[도덕_문장]: 부모가 자녀의 결혼 지원을 결정할 때 공정함을 고려하는 것	<분류>1</분류> <판단>해야 한다</판단>
[도덕_문장]: 모임에서 노래를 부르고 싶지 않은 사람이 부르지 않는 것	<분류>0</분류> <판단>괜찮다</판단>
[도덕_문장]: 자신의 상황을 이해해주는 주변 사람들 생각해서 억지로 행동하지 않는 것	<분류>1</분류> <판단>좋은 행동이다</판단>
[도덕_문장]: 모임에서 분위기를 깨는 행동을 하지 않는 것	<분류>1</분류> <판단>되도 좋다</판단>
[도덕_문장]: 모임에서 자신의 컨디션을 고려해 참여 여부를 판단하는 것	<분류>0</분류> <판단>바람직하다</판단>
[도덕_문장]: 부모가 자녀에게 신체적 정서적 폭력을 하는 것	<분류>-1</분류> <판단>옳지 않다</판단>
[도덕_문장]: 전통적인 관습이나 종교적 행위에 대해 강요하지 않는 것	<분류>1</분류> <판단>좋다</판단>
[도덕_문장]: 자신의 중요한 결정이나 결과에 대해 불안하더라도 감정을 조절하고 행동으로 옮기는 것	<분류>1</분류> <판단>좋다</판단>
[도덕_문장]: 만나기로 한 약속 시간을 지키는 것	<분류>1</분류> <판단>해야 한다</판단>
[도덕_문장]: 약속을 지키지 못한 상황에 대한 판단을 회피하지 않고, 상황을 인정하며 상대방에게 솔직하게 말하는 것	<분류>1</분류> <판단>바람직하다</판단>
[도덕_문장]: 약속에 늦을 것 같으면 상대방에게 미리 연락해 양해를 구하는 것	<분류>1</분류> <판단>적절하다</판단>
[도덕_문장]: 면접에 30분 늦는 것	<분류>-1</분류> <판단>바람직하지 않다</판단>
[도덕_문장]: 돈 관리에서 본인의 경제적 능력과 미래 계획을 고려하는 것	<분류>1</분류> <판단>바람직하다</판단>
[도덕_문장]: 직장과 거주지 간의 거리 결정 시 본인의 시간적, 경제적 상황을 고려하여 적절한 거리를 선택하는 것	<분류>1</분류> <판단>바람직하다</판단>
[도덕_문장]: 갈등이 발생할 경우 상대방의 입장과 감정을 이해하려고 노력하는 것	<분류>1</분류> <판단>해야 한다</판단>
[도덕_문장]: 타인의 사정을 이해하려는 것	<분류>1</분류> <판단>필요하다</판단>
[도덕_문장]: 지인과의 약속이 취소되었을 때 이해하려는 태도를 보이는 것	<분류>1</분류> <판단>좋다</판단>
[도덕_문장]: 약속이 취소되면 사과하고 건강에 신경 쓰는 태도를 보이는 것	<분류>1</분류> <판단>옳다</판단>
[도덕_문장]: 건강이 위험할 정도면 약속을 취소하고 충분한 휴식을 취하는 것	<분류>1</분류> <판단>좋다</판단>
[도덕_문장]: 다른 사람의 사정을 이해하는 것	<분류>1</분류> <판단>옳다</판단>
[도덕_문장]: 감염병으로 인해 타인의 약속이 취소될 경우, 상대방이 마음의 상처를 받지 않도록 위로와 양해를 구하는 것	<분류>1</분류> <판단>바람직하다</판단>
[도덕_문장]: 의료 행위에 대한 걱정을 이해하는 것	<분류>1</분류> <판단>해야 한다</판단>
[도덕_문장]: 회사가 직원들의 재취업이나 이직을 방해하거나 제한하는 것	<분류>-1</분류> <판단>나쁘다</판단>
[도덕_문장]: 처방약을 복용하는 것	<분류>1</분류> <판단>꼭 지켜야 한다</판단>
[도덕_문장]: 만들기 동아리에서 신입 회원들의 작품을 평가할 때 긍정적이고 지지적인 피드백을 주는 것	<분류>1</분류> <판단>적절하다</판단>
[도덕_문장]: 동아리 활동에서 개인의 성과보다 경험의 공유를 우선시 하는 것	<분류>1</분류> <판단>해야 한다</판단>
[도덕_문장]: 자신의 작품이 부족하더라도 결과에 대해 실망하기보다 개선 방향을 고려하는 것	<분류>1</분류> <판단>바람직하다</판단>
[도덕_문장]: 공공장소에서 불편함이 있더라도 주변 상황을 고려해 행동하는 것	<분류>1</분류> <판단>바람직하다</판단>
[도덕_문장]: 연인을 위해 자신의 상황을 고려한 선물을 준비하는 것	<분류>0</분류> <판단>적절하다</판단>
[도덕_문장]: 연인에게 준비한 선물에 대해 솔직한 감정을 표현하는 것	<분류>0</분류> <판단>괜찮다</판단>
[도덕_문장]: 자신을 낮추지 않고 현재 상황에 대해 객관적으로 생각하는 것	<분류>1</분류> <판단>좋다</판단>
[도덕_문장]: 담임 선생님이 아이에게 이유를 차분히 설명하는 것	<분류>1</분류> <판단>해야 한다</판단>
[도덕_문장]: 자신의 행동에 대해 책임을 지는 것	<분류>1</분류> <판단>옳다</판단>
[도덕_문장]: 어린 아이들의 신체적 폭력 행동에 대해 원인을 차분하게 들어보는 것	<분류>1</분류> <판단>옳다</판단>
[도덕_문장]: 부모님의 환갑 여행 계획에서 문제가 생겼을 때, 부모님에게 미리 상황을 설명하고 함께 해결 방안을 찾는 것	<분류>1</분류> <판단>좋다</판단>
[도덕_문장]: 개인의 사정으로 약속한 일을 이행하기 어려울 때 상대방에게 사실을 알려 양해를 구하는 것	<분류>1</분류> <판단>적절하다</판단>
[도덕_문장]: 가족의 중요한 일정에 대해 사전에 약속을 지키려 노력하는 것	<분류>1</분류> <판단>옳다.</판단>
[도덕_문장]: 아버지 환갑 기념 여행에서 가족 스냅사진을 찍는 것	<분류>1</분류> <판단>중요한 준비사항이라는 것을 인정해야 한다</판단>
[도덕_문장]: 강아지의 정서적 스트레스를 감소시키는 것	<분류>1</분류> <판단>필요하다</판단>
[도덕_문장]: 반려동물의 정서적 상태를 체크하며 돌보는 것	<분류>1</분류> <판단>옳다</판단>
[도덕_문장]: 출근을 결정하기 전에 강아지의 스트레스를 최소화할 수 있는 조치를 마련하는 것	<분류>1</분류> <판단>좋다</판단>
[도덕_문장]: 집에 있는 동물이 불편해할 때 이를 배려하는 것	<분류>1</분류> <판단>해야 한다</판단>
[도덕_문장]: 재택근무 중 반려동물이 스트레스를 받는 경우 적절한 대처와 관심을 가지는 것	<분류>1</분류> <판단>필요하다</판단>
[도덕_문장]: 프로젝트 일정이 촉박할 때 팀원들의 건강과 안전을 우선적으로 고려해 일정을 조정하는 것	<분류>1</분류> <판단>좋다</판단>
[도덕_문장]: 업무 환경에서 동료가 힘들어 보이면 자신의 일정을 조정하는 것	<분류>1</분류> <판단>바람직하다</판단>
[도덕_문장]: 마감이 촉박한 프로젝트를 맡았을 때 팀원들의 피로를 고려하며 일정을 조정하는 것	<분류>1</분류> <판단>좋다</판단>
[도덕_문장]: 팀원들의 피로와 한계를 고려해 일정을 조정하는 것	<분류>1</분류> <판단>바람직하다</판단>
[도덕_문장]: 팀원들과 협의를 통해 문제를 해결하는 것	<분류>1</분류> <판단>좋다</판단>
[도덕_문장]: 프로젝트가 촉박한 상황에서 팀원들의 건강과 안전을 최우선으로 고려하는 것	<분류>1</분류> <판단>해야 한다</판단>
[도덕_문장]: 가족 모임을 통해 코로나 확진자와 접촉했을 가능성이 있다면 회사 동료들에게 사실대로 알려주는 것	<분류>1</분류> <판단>좋다</판단>
[도덕_문장]: 직장 동료의 사생활에 대해 언급하지 않는 것	<분류>1</분류> <판단>바람직하다</판단>
[도덕_문장]: 가족 모임에서 코로나 확진자와의 접촉을 언급할 때 주변 사람들의 불안감이나 피해를 고려해 조심스럽게 말하는 것	<분류>1</분류> <판단>좋다</판단>
[도덕_문장]: 직장 동료의 발언에 상처받았더라도 감정적 대응을 자제하고 차분하게 의사를 전달하는 것	<분류>1</분류> <판단>바람직하다</판단>
[도덕_문장]: 동료와의 갈등을 대화를 통해 해결하는 것	<분류>1</분류> <판단>바람직하다</판단>
[도덕_문장]: 단체 톡에서 상대방을 비난하는 발언을 한 후 사과하는 것	<분류>1</분류> <판단>해야 한다</판단>
[도덕_문장]: 사고 현장을 목격했더라도 그 자리에서 명함을 주고 받지 않는 것	<분류>0</분류> <판단>괜찮다</판단>
[도덕_문장]: 중요한 업무에서 발생한 문제를 은폐하는 것	<분류>-1</분류> <판단>나쁘다</판단>
[도덕_문장]: 회사를 대표하여 외부 업무를 수행할 때 신중하게 행동하는 것	<분류>1</분류> <판단>해야 한다</판단>
[도덕_문장]: 직원의 실수로 문제가 발생했을 경우 진심으로 사과하고 재발 방지를 약속하는 것	<분류>1</분류> <판단>해야 한다</판단>
[도덕_문장]: 업무 과정에서 발생한 실수를 인정하고 책임지는 것	<분류>1</분류> <판단>바람직하다</판단>
[도덕_문장]: 업무 관련 실수를 있는 그대로 보고하는 것	<분류>1</분류> <판단>옳다</판단>
[도덕_문장]: 회사에서 실수를 신속하게 인정하고 책임지는 것	<분류>1</분류> <판단>보여주어야 한다</판단>
[도덕_문장]: 자신의 건강을 해칠 정도로 무리한 운동과 식단을 강요하는 것	<분류>-1</분류> <판단>옳지 않다</판단>
[도덕_문장]: 업무 환경과 워라밸, 보상 등을 고려해 직장을 선택하는 것	<분류>1</분류> <판단>해야 한다</판단>
[도덕_문장]: 직장에서 부당한 대우나 근무 환경 문제로 인해 자신의 권리를 지키기 위해 적극적으로 대응하는 것	<분류>1</분류> <판단>옳다</판단>
[도덕_문장]: 재입사 제안에 대해 자신의 경험을 근거로 고민하는 것	<분류>1</분류> <판단>정당하다</판단>
[도덕_문장]: 회사 내에서 자신의 건강을 최우선으로 생각하는 것	<분류>1</분류> <판단>해야 한다</판단>
[도덕_문장]: 실수를 했을 때 너무 자책하지 않는 것	<분류>1</분류> <판단>좋다</판단>
[도덕_문장]: 연인과 거짓말로 인한 갈등을 차분하게 이야기하는 것	<분류>1</분류> <판단>좋다</판단>
[도덕_문장]: 연인의 거짓말에 불안감을 느끼는 것	<분류>1</분류> <판단>괜찮다</판단>
[도덕_문장]: 자녀의 진로선택에 대해 반대의견을 가진다	<분류>0</분류> <판단>괜찮다</판단>
[도덕_문장]: 부모가 자녀가 스스로 선택을 하게 격려하는 것	<분류>1</분류> <판단>바람직하다</판단>
[도덕_문장]: 자녀가 자신의 삶의 진로를 결정할 때 자녀의 의견을 존중해주는 것	<분류>1</분류> <판단>해야 한다</판단>
[도덕_문장]: 자녀가 진로 선택에 있어 사회적 압박 없이 자신의 가치관과 적성을 존중하는 것	<분류>1</분류> <판단>좋다.</판단>
[도덕_문장]: 자연재해가 예상되는 날 위험을 피하는 것	<분류>0</분류> <판단>바람직하다</판단>
[도덕_문장]: 미성년자 자녀의 결정이 걱정되면 설득하는 것	<분류>1</분류> <판단>좋다</판단>
[도덕_문장]: 자녀의 안전을 지키는 것	<분류>1</분류> <판단>해야 한다</판단>
[도덕_문장]: 부모가 자녀의 안전을 최우선으로 고려하며 결정을 내리는 것	<분류>1</분류> <판단>해야 한다</판단>
[도덕_문장]: 연인이 있는 친구의 연인과의 만남을 존중하는 것	<분류>1</분류> <판단>바람직하다</판단>
[도덕_문장]: 연인의 급한 상황을 이유로 약속을 취소하는 것	<분류>1</분류> <판단>적절한 조치이다</판단>
[도덕_문장]: 개인의 필요에 따라 일에 대해 조정할 수 있음을 인정하는 것	<분류>1</분류> <판단>해야 한다</판단>
[도덕_문장]: 부양가족이 있는 상황에서 과도한 야근으로 건강과 경제적 안정을 해치지 않는 수준에서 업무와 개인 생활을 조율하는 것	<분류>1</분류> <판단>좋다</판단>
[도덕_문장]: 대중교통 이용 시 안전이 보장되지 않는다면 탑승을 미루는 것	<분류>0</분류> <판단>적절한 선택이다</판단>
[도덕_문장]: 만원 지하철에서 안전을 이유로 탑승을 거부하는 것	<분류>0</분류> <판단>할 수 있다</판단>
[도덕_문장]: 출근 시간에 대중교통이 혼잡하더라도 안전을 위해 무리하게 타지 않는 것	<분류>1</분류> <판단>옳다</판단>
[도덕_문장]: 출근 시간에 지하철이 혼잡할 때 무리해서 타지 않고 안전을 고려하는 것	<분류>1</분류> <판단>바람직하다</판단>
[도덕_문장]: 배우자가 자신의 의견을 분명하게 말하는 것	<분류>1</분류> <판단>옳다.</판단>
[도덕_문장]: 부인의 거절을 존중하는 것	<분류>1</분류> <판단>바람직하다</판단>
[도덕_문장]: 부부 관계에서 배우자의 건강 상태와 선호를 존중하는 것	<분류>1</분류> <판단>해야 한다</판단>
[도덕_문장]: 남편이 건강과 취향을 고려하지 않은 무리한 요구를 할 때 자신의 상황을 설명하고 거절하는 것	<분류>1</분류> <판단>옳다</판단>
[도덕_문장]: 자신의 건강을 돌보지 않은 채로 의사를 미루는 것	<분류>-1</분류> <판단>바람직하지 않다</판단>
[도덕_문장]: 친구와 대화하면서 솔직한 감정을 나누는 것	<분류>1</분류> <판단>좋다</판단>
[도덕_문장]: 자신이 통제할 수 없는 외부 환경 변화에 대해 불만을 표출하는 것	<분류>0</분류> <판단>할 수 있다</판단>
[도덕_문장]: 보안 관련 피해가 발생했을 경우 즉시 신고하고 필요한 조치를 취하는 것	<분류>1</분류> <판단>바람직하다</판단>
[도덕_문장]: 자녀가 걱정하는 마음을 이해하고, 함께 기도를 하면서 마음의 안정을 찾도록 하는 것	<분류>1</분류> <판단>좋다</판단>
[도덕_문장]: 결혼생활을 유지하기로 결정하고 배우자의 건강을 회복하기 위해 최선을 다해 노력하는 것	<분류>1</분류> <판단>해야 한다</판단>
[도덕_문장]: 직장에서 업무와 무관한 사적 질문을 하는 것	<분류>-1</분류> <판단>하지 않아야 한다</판단>
[도덕_문장]: 연인이 가스라이팅을 하고 있다고 판단되면 문제를 직접적으로 말하는 것	<분류>1</분류> <판단>옳다</판단>
[도덕_문장]: 이성애적인 관계에서 상대방의 자율성을 존중하는 것	<분류>1</분류> <판단>매우 중요하다</판단>
[도덕_문장]: 연인 관계에서 평등함을 유지하는 것	<분류>1</분류> <판단>필요하다</판단>
[도덕_문장]: 가스라이팅을 하는 것	<분류>-1</분류> <판단>옳지 않다</판단>
[도덕_문장]: 연인의 행동이 올바르지 않다고 생각될 때 자신의 상황을 구체적으로 설명하고 경계를 설정하는 것	<분류>1</분류> <판단>해야 한다</판단>
[도덕_문장]: 연인에게 통제를 강요하는 것	<분류>-1</분류> <판단>바람직하지 않다</판단>
[도덕_문장]: 가스라이팅을 하는 사람에게 도움을 요청하는 것	<분류>1</분류> <판단>해야 한다</판단>
[도덕_문장]: 상대방의 의견을 존중하지 않고 자신의 기준을 강요하는 것	<분류>-1</분류> <판단>옳지 않다</판단>
[도덕_문장]: 연인이 가스라이팅을 하는 것 같다고 의심되면 자신의 문제와 관련된 진지한 대화를 하는 것	<분류>1</분류> <판단>해야 한다</판단>
[도덕_문장]: 면접에서 현재 상황을 솔직하게 답변하는 것	<분류>1</분류> <판단>바람직하다</판단>
[도덕_문장]: 학업과 개인적인 약속 사이에서 갈등이 발생했을 때 학업의 중요성을 먼저 고려하는 것	<분류>1</분류> <판단>옳다.</판단>
[도덕_문장]: 상대방에게 고백할 때 상대방의 의사에 따라 결정하는 것	<분류>1</분류> <판단>바람직하다</판단>
[도덕_문장]: 사랑하는 사람에게 거짓말을 하는 것	<분류>-1</분류> <판단>안 되다</판단>
[도덕_문장]: 자신의 미래를 선택할 때 감정적인 후회와 현실적인 걱정을 모두 고려하는 것	<분류>1</분류> <판단>좋다</판단>
[도덕_문장]: 타인의 선택이 마음에 들지 않더라도 비난하기보다 존중해주는 것	<분류>1</분류> <판단>해야 한다</판단>
[도덕_문장]: 선택을 앞두고 있을 때 타인에게 조언을 구하는 것	<분류>0</분류> <판단>괜찮다</판단>
[도덕_문장]: 현재의 불안정한 상황을 인정하고 자신에게 시간을 주는 것	<분류>1</분류> <판단>옳은 일이다</판단>
[도덕_문장]: 자신의 진로를 늦추는 것	<분류>0</분류> <판단>나쁜 행동이 아니다</판단>
[도덕_문장]: 성인이 진로를 결정하기 위해 충분한 고민과 탐색을 하는 것	<분류>1</분류> <판단>해야 한다</판단>
[도덕_문장]: 회사에서 부탁을 들어주지 못하더라도 그 이유를 명확히 전달하는 것	<분류>1</분류> <판단>바람직하다</판단>
[도덕_문장]: 상대에게 자신의 일정과 책임을 이유로 거절의 의사를 전달하는 것	<분류>0</분류> <판단>적절하다</판단>
[도덕_문장]: 개인의 건강과 선택을 존중하는 것	<분류>1</분류> <판단>되어야 한다</판단>
[도덕_문장]: 타인의 외모 변화를 함부로 평가하거나 평가하려는 시선을 삼가지 않는 것	<분류>1</분류> <판단>바람직하지 않다</판단>
[도덕_문장]: 회사가 직원의 건강을 우선시하지 않고 강제 출근을 요구하는 것	<분류>-1</분류> <판단>안 된다</판단>
[도덕_문장]: 결혼한 자녀가 명절을 준비할 때 과도한 부담감을 갖지 않도록 조절하는 것	<분류>1</분류> <판단>좋다</판단>
[도덕_문장]: 명절이나 가족 행사를 준비할 때 핵심적인 부분에 집중하는 것	<분류>0</분류> <판단>좋다</판단>
[도덕_문장]: 결혼 후 첫 명절을 우리 집에서 보내게 될 경우 서로의 의견을 존중하는 태도로 대화하는 것	<분류>1</분류> <판단>옳다</판단>
[도덕_문장]: 불편한 상황이 반복될 때 자신의 상태를 친구에게 설명하는 것	<분류>1</분류> <판단>해야 한다</판단>
[도덕_문장]: 건강 문제를 치료할 때 개인의 경제적 부담과 건강 회복을 고려하여 최선의 선택을 하는 것	<분류>1</분류> <판단>해야 한다</판단>
[도덕_문장]: 친구의 건강에 대해 진심으로 걱정하는 마음을 표현하는 것	<분류>1</분류> <판단>바람직하다</판단>
[도덕_문장]: 약속을 한 상황에서 상대방의 의사를 존중하는 것	<분류>1</분류> <판단>좋다</판단>
[도덕_문장]: 본인의 건강을 업무에 지장을 받지 않도록 조절하는 것	<분류>1</분류> <판단>좋다</판단>
[도덕_문장]: 업무가 밀려 있어도 건강을 우선적으로 생각하는 것	<분류>1</분류> <판단>해야 한다</판단>
[도덕_문장]: 개인의 건강을 우선으로 생각하며 건강 문제를 해결하는 것	<분류>1</분류> <판단>바람직하다</판단>
[도덕_문장]: 심리적으로 어려움을 겪고 있는 가족 구성원의 상황을 이해해 주는 것	<분류>1</분류> <판단>해야 한다</판단>
[도덕_문장]: 건강에 대한 우려를 하는 것	<분류>0</분류> <판단>정당한 고민이다</판단>
[도덕_문장]: 건강검진 결과에 대한 두려움과 불안에 직면했을 때 자신의 건강을 먼저 고려하는 것	<분류>1</분류> <판단>해야 한다</판단>
[도덕_문장]: 건강검진 결과가 좋지 않더라도 자신의 건강을 미루지 않고 병원에 방문하는 것	<분류>1</분류> <판단>바람직하다</판단>
[도덕_문장]: 가족이 중요한 의사결정에 어려움을 겪을 때 가족의 입장에서 도움을 줄 수 있도록 조언하는 것	<분류>1</분류> <판단>좋다</판단>
[도덕_문장]: 건강 문제로 병원에 갈 때 자신의 판단을 먼저 하되, 가까운 가족의 조언을 참고하는 것	<분류>1</분류> <판단>좋다</판단>
[도덕_문장]: 가족과의 대화에서 문제를 미루지 않고 함께 해결하려는 노력을 하는 것	<분류>1</분류> <판단>필요하다</판단>
[도덕_문장]: 의료 전문가가 환자에게 부작용에 대한 충분한 설명과 책임 있는 조치를 취하는 것	<분류>1</분류> <판단>해야 한다</판단>
[도덕_문장]: 상대방이 거절할 경우 선물을 일방적으로 강요하지 않는 것	<분류>1</분류> <판단>바람직하다</판단>
[도덕_문장]: 개인의 건강이 우선이라면 미루지 않고 수술을 받는 것	<분류>1</분류> <판단>바람직하다</판단>
[도덕_문장]: 직원의 건강을 최우선시 하는 것	<분류>1</분류> <판단>옳다</판단>
[도덕_문장]: 회사 업무를 개인의 건강보다 우선시하는 것	<분류>-1</분류> <판단>안 된다</판단>
[도덕_문장]: 직장에서 개인적인 일정 때문에 자신의 건강을 위해 일정 조정에 대한 합리적인 요청을 하는 것	<분류>1</분류> <판단>바람직하다</판단>
[도덕_문장]: 건강에 문제가 생겼을 때 자신의 건강을 회사의 업무보다 먼저 생각하는 것	<분류>1</분류> <판단>옳다.</판단>
[도덕_문장]: 구매 결정을 하기 전에 충분히 생각해보는 것	<분류>1</분류> <판단>좋다</판단>
[도덕_문장]: 상대방의 의사를 무시하고 일방적인 관계를 강요하는 것	<분류>-1</분류> <판단>옳지 않다</판단>
[도덕_문장]: 타인이 자신에게 집착하는 것이 불편하다면 이를 단호하게 거부하는 것	<분류>1</분류> <판단>옳다</판단>
[도덕_문장]: 개인의 의사를 존중하지 않고 일방적으로 관계를 강요하는 것	<분류>-1</분류> <판단>바람직하지 않다</판단>
[도덕_문장]: 상대가 원하는 관계를 존중하지 않고 강요하는 것	<분류>-1</분류> <판단>옳지 않다</판단>
[도덕_문장]: 처음 만난 이성에게 과도한 집착을 하는 것	<분류>-1</분류> <판단>바람직하지 않다</판단>
[도덕_문장]: 개인의 결정을 내릴 때 다른 사람에게 상처를 주지 않도록 신중하게 접근하는 것	<분류>1</분류> <판단>바람직하다</판단>
[도덕_문장]: 사전에 충분한 조사와 전문가의 조언을 구하는 것	<분류>1</분류> <판단>바람직하다</판단>
[도덕_문장]: 잘못된 정보로 인해 불안감이 생겼을 때 사실 확인을 하려는 것	<분류>1</분류> <판단>좋다</판단>
[도덕_문장]: 집 앞에서 상대가 원하지 않는 만남을 요구할 경우 경찰에 신고하는 것	<분류>1</분류> <판단>좋다</판단>
[도덕_문장]: 개인의 안전이 위협받는 상황에서 법과 절차에 따라 대응하는 것	<분류>1</분류> <판단>옳다.</판단>
[도덕_문장]: 상대방에게 만남을 강요하는 것	<분류>-1</분류> <판단>옳지 않다</판단>
[도덕_문장]: 갈등 상황에서 신체적 폭력을 사용하는 것	<분류>-1</분류> <판단>절대 용납되지 않다</판단>
[도덕_문장]: 연인에게 폭력을 사용하는 것	<분류>-1</분류> <판단>나쁘다</판단>
[도덕_문장]: 헤어지자고 한 뒤 폭력적인 언행을 하는 것	<분류>-1</분류> <판단>옳지 않다</판단>
[도덕_문장]: 신체적 폭력을 사용하는 것	<분류>-1</분류> <판단>정당화될 수 없다</판단>
[도덕_문장]: 연인에게 신체적 폭력을 가하는 것	<분류>-1</분류> <판단>정당화될 수 없다</판단>
[도덕_문장]: 스터디 준비에 충실하지 못한 경우 자신의 부족함을 인정하고 성찰하는 것	<분류>1</분류> <판단>좋다</판단>
[도덕_문장]: 스터디 모임에서 자신의 역량을 충실히 발휘하는 것	<분류>1</분류> <판단>해야 한다</판단>
[도덕_문장]: 스터디 발제 준비가 부족하더라도 스터디 모임에 참석하는 것	<분류>1</분류> <판단>바람직하다</판단>
[도덕_문장]: 건강 상태가 악화될 가능성이 있을 때 의료적 도움을 청하는 것	<분류>1</분류> <판단>옳다</판단>
[도덕_문장]: 가족들이 바쁜 일정이 있더라도 가끔씩 할아버지에게 연락을 하는 것	<분류>1</분류> <판단>해야 한다</판단>
[도덕_문장]: 보호자의 결정에 반발할 때 상대방의 입장과 생각을 존중하는 것	<분류>1</분류> <판단>해야 한다</판단>
[도덕_문장]: 연애 후 자신을 돌보는 것	<분류>1</분류> <판단>좋다</판단>
[도덕_문장]: 연인의 취향을 고려하지 않고 일방적으로 특정 음식을 강요하는 것	<분류>-1</분류> <판단>나쁘다</판단>
[도덕_문장]: 연인과의 갈등 상황에서 나 자신을 먼저 생각하는 것	<분류>0</분류> <판단>괜찮다</판단>
[도덕_문장]: 연인에게 강요하는 것	<분류>-1</분류> <판단>옳지 않다</판단>
[도덕_문장]: 친구들이 자신의 직업이나 선택을 존중하지 않는 경우, 그들을 이해하고 존중하는 태도를 보이는 것	<분류>1</분류> <판단>좋다</판단>
[도덕_문장]: 타인의 말에 불쾌감을 느낀 후 표현하는 것	<분류>1</분류> <판단>해야 한다</판단>
[도덕_문장]: 상대방의 기분을 상하게 하는 말을 하는 것	<분류>-1</분류> <판단>하지 말아야 한다</판단>
[도덕_문장]: 가족과의 약속을 지키기 위해 자녀들의 도움을 요청하는 것	<분류>1</분류> <판단>바람직하다</판단>
[도덕_문장]: 가족 여행 준비에 가족 구성원들이 함께 참여하는 것	<분류>1</분류> <판단>좋다</판단>
[도덕_문장]: 가족 구성원들의 역할을 인정하고 서로 도와주는 것	<분류>1</분류> <판단>바람직하다</판단>
[도덕_문장]: 가족 구성원들이 부모가 가족 여행을 준비하는 데 도움을 주는 것	<분류>1</분류> <판단>해야 한다</판단>
[도덕_문장]: 자녀들이 부모님께 필요한 도움을 제공하는 것	<분류>1</분류> <판단>해야 한다</판단>
[도덕_문장]: 자신의 삶도 돌아보는 것	<분류>1</분류> <판단>바람직하다</판단>
[도덕_문장]: 자신의 감정과 필요를 인지하고 균형을 찾는 것	<분류>1</분류> <판단>해야 한다</판단>
[도덕_문장]: 친구를 놀리는 것	<분류>-1</분류> <판단>바람직하지 않다</판단>
[도덕_문장]: 다른 사람의 실수나 실수로 인한 상황을 지나치게 조롱하는 것	<분류>-1</분류> <판단>옳지 않다</판단>
[도덕_문장]: 다른 친구를 조롱하는 것	<분류>-1</분류> <판단>안 되다</판단>
[도덕_문장]: 배우자를 의심하는 것	<분류>-1</분류> <판단>옳지 않다</판단>
[도덕_문장]: 자신에게 상처를 주는 말이나 행동이 있을 때 상황과 맥락을 먼저 생각해보는 것	<분류>1</분류> <판단>해야 한다</판단>
[도덕_문장]: 애프터 요청을 받았을 때 거절 의사가 있더라도 예의 있게 전달하는 것	<분류>1</분류> <판단>좋다</판단>
[도덕_문장]: 상대방이 거절 의사를 말하지 않는 것에 대해 오해하지 않는 것	<분류>1</분류> <판단>좋다</판단>
[도덕_문장]: 상대방의 애프터 제안에 답이 없더라도 무례한 어조로 거절하지 않는 것	<분류>0</분류> <판단>좋다</판단>
[도덕_문장]: 이혼을 할 때 자식에게 최선을 다하는 것	<분류>1</분류> <판단>좋다</판단>
[도덕_문장]: 가족이 친구 사이의 문제를 고민할 때 따뜻하게 위로해주는 것	<분류>1</분류> <판단>좋다</판단>
[도덕_문장]: 자식이 힘든 시간을 보내는 것을 알면서도 지나치게 위로하려 하지 않고 차분하게 이야기를 들어주는 것	<분류>1</분류> <판단>바람직하다</판단>
[도덕_문장]: 가족이 자녀에게 솔직한 감정 표현이 좋다고 조언하는 것	<분류>1</분류> <판단>해도 된다</판단>
[도덕_문장]: 아이가 힘든 상황에 처해 있을 때 솔직한 감정을 존중해주는 것	<분류>1</분류> <판단>해야 한다</판단>
[도덕_문장]: 친구가 결심한 것을 비웃거나 깎아내리는 것	<분류>-1</분류> <판단>옳지 않다</판단>
[도덕_문장]: 친구가 다이어트를 하는 것에 대해 비웃거나 평가하는 것	<분류>-1</분류> <판단>옳지 않다</판단>
[도덕_문장]: 친구와의 관계에서 서로를 깎아내리는 말을 하는 것	<분류>-1</분류> <판단>하지 말아야 한다</판단>
[도덕_문장]: 친구의 노력을 존중하지 않는 말을 하는 것	<분류>-1</분류> <판단>바람직하지 않다</판단>
[도덕_문장]: 팀원들에게 서로의 노력을 인정해주는 것	<분류>1</분류> <판단>바람직하다</판단>
[도덕_문장]: 팀 활동 결과가 좋지 않더라도 서로 비난하기보다 함께 개선할 점을 찾아 노력하는 것	<분류>1</분류> <판단>바람직하다</판단>
[도덕_문장]: 자신의 실수를 인정하면서도 상대의 기분을 배려하는 것	<분류>1</분류> <판단>해야 한다</판단>
[도덕_문장]: 단체의 성과에 대한 책임을 구성원 모두가 공정하게 분배하는 것	<분류>1</분류> <판단>되어야 한다</판단>
[도덕_문장]: 팀원이 실수를 했다고 해도 비난하기보다는 격려해 주는 것	<분류>1</분류> <판단>좋다</판단>
[도덕_문장]: 건강에 변화가 있더라도 그것이 타인의 관심이나 인정과 직결되는 것	<분류>0</분류> <판단>바람직하지 않다</판단>
[도덕_문장]: 부모가 아이의 잘못된 행동에 옳은 행동을 가르치는 것	<분류>1</분류> <판단>해야 한다</판단>
[도덕_문장]: 부모가 자녀의 사생활을 침해하지 않고 문제를 해결하려는 태도를 보이는 것	<분류>1</분류> <판단>보여야 한다</판단>
[도덕_문장]: 부모와의 신뢰를 훼손할 수 있는 개인적인 정보를 포함할 경우 가족 구성원에게 충분한 설명을 제공하는 것	<분류>1</분류> <판단>바람직하다</판단>
[도덕_문장]: 조직 내에서 발생한 부당한 처우를 회사 내부 절차를 통해 해결하는 것	<분류>1</분류> <판단>해야 한다</판단>
[도덕_문장]: 직장에서 직원 Retirement Program을 제공하여 직원들의 심리적, 경제적 부담을 완화하는 것	<분류>1</분류> <판단>좋다</판단>
[도덕_문장]: 초보가 질문을 할 때 무시하는 것	<분류>-1</분류> <판단>좋지 않다</판단>
[도덕_문장]: 다른 사람에게 무례하게 대하는 것	<분류>-1</분류> <판단>옳지 않다</판단>
[도덕_문장]: 초보를 무시하는 것	<분류>-1</분류> <판단>옳지 않다</판단>
[도덕_문장]: 직장 내 동료들이 상황이 어렵다고 위로 없이 관계를 단절하는 것	<분류>-1</분류> <판단>바람직하지 않다</판단>
[도덕_문장]: 동료를 배제하거나 도움 없이 방치하는 것	<분류>-1</분류> <판단>나쁘다</판단>
[도덕_문장]: 자녀가 부모님의 경제적 사정을 이해하고 상황에 맞는 결정을 내리는 것	<분류>1</분류> <판단>바람직하다</판단>
[도덕_문장]: 상속인의 판단을 존중하는 것	<분류>1</분류> <판단>해야 한다</판단>
[도덕_문장]: 아버지의 유품을 정리하며 그가 아껴 모은 돈을 함부로 쓰지 않고 가족 간에 논의하여 결정하는 것	<분류>1</분류> <판단>바람직하다</판단>
[도덕_문장]: 친한 친구들끼리 무례한 발언을 하지 않는 것	<분류>-1</분류> <판단>해야 한다</판단>
[도덕_문장]: 다른 사람에게 상처를 주는 말을 하는 것	<분류>-1</분류> <판단>안 되다</판단>
[도덕_문장]: 동료가 다른 사람의 심리상태나 문제를 무시하거나 비아냥거리는 것	<분류>-1</분류> <판단>안 되다</판단>
[도덕_문장]: 동료에게 말을 함부로 하는 것	<분류>-1</분류> <판단>좋지 않다</판단>
[도덕_문장]: 비행 공포증으로 인해 비행기를 이용하는 데 어려움을 겪는 동료를 비아냥거리는 것	<분류>-1</분류> <판단>바람직하지 않다</판단>
[도덕_문장]: 타인을 비아냥거리는 것	<분류>-1</분류> <판단>바람직하지 않다</판단>
[도덕_문장]: 동료를 비아냥거리는 것	<분류>-1</분류> <판단>옳지 않다</판단>
[도덕_문장]: 불편함이 있더라도 친구와 대화를 통해 오해를 푸는 것	<분류>1</분류> <판단>좋다</판단>
[도덕_문장]: 오랜 친구 관계를 고려하더라도 상황에 맞는 솔직한 의사 표현을 하는 것	<분류>1</분류> <판단>바람직하다</판단>
[도덕_문장]: 상황을 잘못 판단한 친구에게 직접 이야기하는 것	<분류>1</분류> <판단>좋다</판단>
[도덕_문장]: 타인의 상황을 고려하지 않고 문병을 하는 것	<분류>-1</분류> <판단>안 된다</판단>
[도덕_문장]: 병원 입원자를 방문할 때 주변 환자의 평온한 휴식과 회복을 고려해 방문 시간을 조절하는 것	<분류>1</분류> <판단>바람직하다</판단>
[도덕_문장]: 개인의 취미나 관심을 원색적으로 비난하는 것	<분류>-1</분류> <판단>안 되다</판단>
[도덕_문장]: 상대방이 모욕감을 느낄 수 있는 말을 하는 것	<분류>-1</분류> <판단>안 된다</판단>
[도덕_문장]: 동료의 개인 취향에 대해 원색적으로 비난하는 것	<분류>-1</분류> <판단>옳지 않다</판단>
[도덕_문장]: 함께 근무하는 동료에게 비난이 섞인 말을 할 때 주의하는 것	<분류>1</분류> <판단>옳다</판단>
[도덕_문장]: 상점에서 제품을 교환하는 과정에서 타인의 의심을 표현하는 것	<분류>-1</분류> <판단>바람직하지 않다</판단>
[도덕_문장]: 건강상 문제로 인해 휴가나 업무 조정을 요청하는 것	<분류>0</분류> <판단>할 수 있다</판단>
[도덕_문장]: 업무 수행에 어려움이 있는 경우 건강을 고려해 업무 환경 조정을 요청하는 것	<분류>1</분류> <판단>정당한 행동이다</판단>
[도덕_문장]: 업무와 관련된 신체 문제로 인해 근무가 어렵다면 업무 조정을 요청하는 것	<분류>1</분류> <판단>바람직하다</판단>
[도덕_문장]: 직장에서 업무 수행에 어려움이 있을 경우 정당한 사유를 설명하고 근무 조정을 요청하는 것	<분류>0</분류> <판단>바람직하다</판단>
[도덕_문장]: 상대에게 오해를 살 수 있는 말로 평가하는 것	<분류>-1</분류> <판단>옳지 않다</판단>
[도덕_문장]: 건강이 좋지 않을 때 도움을 받는 것	<분류>1</분류> <판단>할 수 있다</판단>
[도덕_문장]: 면접자의 외모나 나이에 대한 부적절한 발언을 들었을 때 즉시 제지를 하는 것	<분류>1</분류> <판단>해야 한다</판단>
[도덕_문장]: 면접 자리에서 상대방이 불쾌감을 느낄 수 있는 언행을 하지 않는 것	<분류>1</분류> <판단>해야 한다</판단>
[도덕_문장]: 면접에서 모욕적인 발언을 들었을 때 이를 참지 않고 자신의 발언을 중단시키는 것	<분류>1</분류> <판단>옳다.</판단>
[도덕_문장]: 면접을 할 때 면접자의 연령과 외모를 존중하는 것	<분류>1</분류> <판단>해야 한다</판단>
[도덕_문장]: 면접에서 상대에 대한 무례한 발언을 들었을 때 상황에 따라 대응하는 것	<분류>0</분류> <판단>바람직하다</판단>
[도덕_문장]: 면접 중 모욕적인 표현을 들었을 때 항의하는 것	<분류>1</분류> <판단>좋다</판단>
[도덕_문장]: 직장 내 사적인 문제에 대해 간섭하는 것	<분류>-1</분류> <판단>옳지 않다</판단>
[도덕_문장]: 친구의 성격을 이해하고 인정하는 것	<분류>1</분류> <판단>좋다</판단>
[도덕_문장]: 약속을 여러 번 어기는 친구에게 서운함을 정중하게 표현해주는 것	<분류>1</분류> <판단>좋다</판단>
[도덕_문장]: 배우자가 경제적인 어려움으로 힘들어 하더라도 솔직한 감정을 표현하는 것	<분류>1</분류> <판단>좋다</판단>
[도덕_문장]: 배우자가 어려움을 털어놓을 때 공감하고 지지하는 태도를 보이는 것	<분류>1</분류> <판단>바람직하다</판단>
[도덕_문장]: 부부가 서로의 어려움을 이해하고 지지하는 것	<분류>1</분류> <판단>바람직하다</판단>
[도덕_문장]: 배우자를 속이지 않는 것	<분류>1</분류> <판단>좋다</판단>
[도덕_문장]: 연인에게 심리적 고통이나 불편한 감정을 털어놓는 것	<분류>1</분류> <판단>좋다</판단>
[도덕_문장]: 상대방의 사정을 이해하려 노력하는 것	<분류>1</분류> <판단>바람직하다</판단>
[도덕_문장]: 연인의 약점과 어려움을 이해해 주는 것	<분류>1</분류> <판단>바람직하다</판단>
[도덕_문장]: 상대의 감정과 정서 상태를 고려해 조언하고 지지하는 태도를 보이는 것	<분류>1</분류> <판단>해야 한다</판단>
[도덕_문장]: 가족 관계를 농담거리로 삼는 것	<분류>-1</분류> <판단>옳지 않다</판단>
[도덕_문장]: 타인의 감정을 생각하지 않고 농담을 하는 것	<분류>-1</분류> <판단>옳지 않다</판단>
[도덕_문장]: 힘들어할 때 자신의 노력을 인정하고 위로해주는 것	<분류>1</분류> <판단>좋다</판단>
[도덕_문장]: 시험 성적이 기대치를 충족하지 못하더라도 타인의 노력을 인정하는 태도를 유지하는 것	<분류>1</분류> <판단>중요하다</판단>
[도덕_문장]: 연인이 상대방의 어려움에 공감하고 격려해주는 것	<분류>1</분류> <판단>좋다</판단>
[도덕_문장]: 연인을 격려하는 것	<분류>1</분류> <판단>좋은 행동이다</판단>
[도덕_문장]: 연인이 상대방의 고민을 공감하는 태도를 보이는 것	<분류>1</분류> <판단>좋다</판단>
[도덕_문장]: 연인에게 자신의 감정과 상황을 충분히 설명하는 것	<분류>1</분류> <판단>필요하다</판단>
[도덕_문장]: 연인이 상대방에게 격려를 아끼지 않는 것	<분류>1</분류> <판단>아니어야 한다</판단>
[도덕_문장]: 가족 관계에서 소통 방식을 개선하거나 자신의 입장과 감정을 정중하게 표현하는 것	<분류>1</분류> <판단>바람직하다</판단>
[도덕_문장]: 가족 간의 갈등이 생길 때 상대방의 입장과 감정을 공감하려고 노력하는 것	<분류>1</분류> <판단>좋다</판단>
[도덕_문장]: 자녀의 어려움에 관심을 가지지 않는 것	<분류>-1</분류> <판단>바람직하지 않다</판단>
[도덕_문장]: 친부모가 아닌 다른 사람이 친부모를 대신해 양육했다 하더라도 그 양육을 인정하는 것	<분류>1</분류> <판단>옳다.</판단>
[도덕_문장]: 상황을 따져 물어보는 것	<분류>0</분류> <판단>정당하다</판단>
[도덕_문장]: 자신의 상황이 친구에 비해 초라해 보이더라도 상대에게 부담을 주지 않으려 노력하는 것	<분류>1</분류> <판단>바람직하다</판단>
[도덕_문장]: 타인의 삶의 방향과 성취를 판단의 기준으로 삼지 않는 것	<분류>1</분류> <판단>바람직하다</판단>
[도덕_문장]: 연인이 상처받은 사람의 마음을 위로하는 것	<분류>1</분류> <판단>좋다</판단>
[도덕_문장]: 연인이 상처를 받았을 때 그 상황을 이해해주는 것	<분류>1</분류> <판단>옳다</판단>
[도덕_문장]: 연인에게 이해심을 보이는 것	<분류>1</분류> <판단>해야 한다</판단>
[도덕_문장]: 연인이 어려움을 겪을 때 상처를 주지 않도록 위로하고 약속을 지키는 것	<분류>1</분류> <판단>바람직하다</판단>
[도덕_문장]: 연인이 힘들어하는 상황에서 함께 공감하고 위로하는 것	<분류>1</분류> <판단>좋다</판단>
[도덕_문장]: 병원의 법적 보호자 요청에 따라 상황을 해결하기 위해 연락할 수 있는 사람을 찾아보는 것	<분류>1</분류> <판단>바람직하다</판단>
[도덕_문장]: 병원에서 법적 보호자를 요구하는 것	<분류>0</분류> <판단>나쁘지 않다</판단>
[도덕_문장]: 응급 상황에서 자신의 상황을 설명하고 도움을 요청하는 것	<분류>1</분류> <판단>해도 된다</판단>
[도덕_문장]: 병원에서 보호자를 동반해야 하는 경우 그 이유를 사전에 안내하는 것	<분류>1</분류> <판단>해야 한다</판단>
[도덕_문장]: 의료기관이 환자의 가족 관계에 대해 확인할 수 있는 방법을 제공하거나 안내하는 것	<분류>1</분류> <판단>해야 한다</판단>
[도덕_문장]: 연인 관계에서 자신의 상처를 표현할 때 상대방의 부담을 고려하는 것	<분류>1</분류> <판단>바람직하다</판단>
[도덕_문장]: 직장 상사가 업무 외의 개인적인 건강과 다이어트에 대한 조언을 할 때 이를 예의 바르게 거절하는 것	<분류>1</분류> <판단>바람직하다</판단>
[도덕_문장]: 직장 상사가 부하 직원의 개인적인 선택을 존중하지 않고 강압적으로 조언하거나 압박하는 발언을 하는 것	<분류>-1</분류> <판단>안 된다</판단>
[도덕_문장]: 자신의 경제적 상황을 다른 사람에게 무리하게 강요하는 것	<분류>-1</분류> <판단>옳지 않다</판단>
[도덕_문장]: 동료들 앞에서 일의 어려움이나 성과에 대한 불만을 드러내지 않는 것	<분류>1</분류> <판단>해야 한다.</판단>
[도덕_문장]: 상처를 받은 아이의 성장 과정을 존중하고, 아이가 마음을 표현할 수 있도록 존중해주는 것	<분류>1</분류> <판단>좋다</판단>
[도덕_문장]: 자신의 의견을 솔직하게 표현하는 것	<분류>1</분류> <판단>할 수 있다</판단>
[도덕_문장]: 관계의 불확실성이 생겼을 때 상대와 진솔하게 대화를 나누어 감정을 공유하는 것	<분류>1</분류> <판단>해야 한다</판단>
[도덕_문장]: 승진 시험에서 결과에 상관없이 동료를 축하해 주는 것	<분류>1</분류> <판단>좋다</판단>
[도덕_문장]: 갈등이 생겼을 때 억울한 부분을 해소하려는 노력을 하는 것	<분류>1</분류> <판단>필요하다</판단>
[도덕_문장]: 대화를 통해 이해를 구하는 것	<분류>1</분류> <판단>좋다</판단>
[도덕_문장]: 서비스 업무 중 손님과의 대화에서 인신공격을 하는 것	<분류>-1</분류> <판단>옳지 않다</판단>
[도덕_문장]: 상대방이 원하지 않는 것에 대해 무리한 요구나 압박을 하지 않는 것	<분류>1</분류> <판단>좋다</판단>
[도덕_문장]: 가족 모임에서 타인의 가족 계획에 간섭하는 것	<분류>-1</분류> <판단>안 되다</판단>
[도덕_문장]: 상대의 결정을 함부로 평가하는 것	<분류>-1</분류> <판단>좋지 않다.</판단>
[도덕_문장]: 서비스 제공자가 잘못을 저지른 경우에도 상대를 존중하면서 자신의 불만을 정당하게 전달하는 것	<분류>1</분류> <판단>해야 한다</판단>
[도덕_문장]: 상대방이 미안한 일을 했을 때 눈을 피하지 않고 진실하게 대응하는 것	<분류>1</분류> <판단>좋다</판단>
[도덕_문장]: 잘못에 대한 책임을 회피하는 것	<분류>-1</분류> <판단>바람직하지 않다</판단>
[도덕_문장]: 서비스업 종사자가 고객이 화가 났을 때 진심으로 사과하는 것	<분류>1</분류> <판단>좋다</판단>
[도덕_문장]: 자신의 몸 상태를 고려해 여행에 참여할지 여부를 결정하는 것	<분류>1</분류> <판단>옳다</판단>
[도덕_문장]: 트라우마를 겪은 사람의 심리적 상태를 존중해주는 것	<분류>1</분류> <판단>해야 한다.</판단>
[도덕_문장]: 자신의 잘못된 행동으로 가족에게 큰 피해를 준 경우 진심으로 사과하는 것	<분류>1</분류> <판단>옳다</판단>
[도덕_문장]: 아내가 남편의 잘못된 행동을 숨기는 것	<분류>-1</분류> <판단>옳지 않다</판단>
[도덕_문장]: 상처받은 상황에서 자신의 기분을 관리하는 것	<분류>1</분류> <판단>중요하다</판단>
[도덕_문장]: 음식점에서 일하는 직원이 손님에게 불편한 상황이 발생하더라도 정중하고 협조적으로 응대하는 것	<분류>1</분류> <판단>해야 한다</판단>
[도덕_문장]: 손님의 오해로 인한 불편함이 있더라도 정중하게 대응하는 것	<분류>1</분류> <판단>바람직하다</판단>
[도덕_문장]: 자신의 상황을 설명해도 이해하지 않고 바로 '비정상'이라고 평가하는 것	<분류>-1</분류> <판단>바람직하지 않다</판단>
[도덕_문장]: 자신의 외모에 대해 지나치게 스트레스를 받지 않고, 피부 관리에 대한 관심이 필요할 때는 적절한 방법으로 관리하는 것	<분류>1</분류> <판단>좋다</판단>
[도덕_문장]: 친구들과 술을 마시며 상대방을 비난하는 것	<분류>-1</분류> <판단>안 되다</판단>
[도덕_문장]: 친구들이 다른 사람의 연애 경험 여부로 그 사람의 인생을 평가하는 것	<분류>-1</분류> <판단>안 되다</판단>
[도덕_문장]: 다른 사람의 사생활이나 선택을 근거로 인격적 평가를 내리는 것	<분류>-1</분류> <판단>바람직하지 않다</판단>
[도덕_문장]: 부모가 자녀에게 상처가 될 수 있는 말을 함부로 하는 것	<분류>-1</분류> <판단>안 되다</판단>
[도덕_문장]: 자식에게 상처가 되는 말을 한 것에 대해 사과하는 것	<분류>1</분류> <판단>해야 한다</판단>
[도덕_문장]: 연인의 감정을 무시하거나 과소평가하는 것	<분류>-1</분류> <판단>옳지 않다</판단>
[도덕_문장]: 연인의 외모와 매력이 과하게 인기를 끌 때, 다른 사람들의 시선으로 상대의 기분을 살피고 이해해주는 것	<분류>1</분류> <판단>필요하다</판단>
[도덕_문장]: 가족이 나를 소홀히 한다고 생각해도 가족에게 상처를 주는 말을 하지 않는 것	<분류>1</분류> <판단>좋다</판단>
[도덕_문장]: 친구가 타인의 지적 수준에 대해 비난하는 것	<분류>-1</분류> <판단>안 된다</판단>
[도덕_문장]: 친구와 대화 중에 상대를 존중하지 않는 표현을 하는 것	<분류>-1</분류> <판단>옳지 않다</판단>
[도덕_문장]: 친구에게 상처를 주는 말을 하는 것	<분류>-1</분류> <판단>안 되다</판단>
[도덕_문장]: 배우자와의 갈등을 표현하려는 경우에도 상대방의 감정을 존중하는 방식으로 말하는 것	<분류>1</분류> <판단>바람직하다</판단>
[도덕_문장]: 배우자의 상처를 인정하는 것	<분류>1</분류> <판단>좋다</판단>
[도덕_문장]: 부양 가족이 생활을 이어나갈 수 있도록 생활비를 적절한 수준으로 조정하는 것	<분류>1</분류> <판단>좋다.</판단>
[도덕_문장]: 본인의 경제적 어려움에 대해 배우자에게 이해를 구하고 함께 해결 방법을 모색하는 것	<분류>1</분류> <판단>바람직하다</판단>
[도덕_문장]: 물가 상승으로 생활비 부담이 커졌을 때 적절한 조정을 요청하는 것	<분류>0</분류> <판단>할 수 있다</판단>
[도덕_문장]: 가족간의 문제로 갈등이 발생하더라도 개인적인 감정을 별개로 유지하는 것	<분류>1</분류> <판단>바람직하다</판단>
[도덕_문장]: 이성에 대한 집착으로 자신의 자유를 침해하는 것	<분류>-1</분류> <판단>옳지 않다</판단>
[도덕_문장]: 연인이 자신의 사생활을 존중해 주는 것	<분류>1</분류> <판단>좋다</판단>
[도덕_문장]: 연애에서 상대방의 자율성을 존중하는 것	<분류>1</분류> <판단>해야 한다</판단>
[도덕_문장]: 관계에 대한 두려움을 해소하기 위해 자신이 원하는 방향으로 관계를 조절하는 것	<분류>1</분류> <판단>옳다.</판단>
[도덕_문장]: 자신과 연인의 삶을 존중해주는 상대를 선택하는 것	<분류>1</분류> <판단>옳다</판단>
[도덕_문장]: 사람의 외모에 대해 평가하거나 비하하는 것	<분류>-1</분류> <판단>나쁘다</판단>
[도덕_문장]: 직장 동료 간에 외모와 관련된 비난이나 조롱을 하는 것	<분류>-1</분류> <판단>부적절하다</판단>
[도덕_문장]: 외모를 지적하거나 평가하는 말을 하는 것	<분류>-1</분류> <판단>하지 말아야 한다</판단>
[도덕_문장]: 동료의 외모를 조롱하거나 모욕하는 말을 하는 것	<분류>-1</분류> <판단>하지 말아야 한다</판단>
[도덕_문장]: 가족이 자식의 shameful situation을 이해하고 도와주는 것	<분류>1</분류> <판단>책임이 있다</판단>
[도덕_문장]: 타인의 삶을 자신의 기준으로 평가하는 것	<분류>-1</분류> <판단>옳지 않다</판단>
[도덕_문장]: 남의 삶을 자신의 기준으로 평가하는 것	<분류>-1</분류> <판단>안 되낟</판단>
[도덕_문장]: 오해의 소지가 있는 상황에서 대화를 통해 오해를 바로 잡는 것	<분류>1</분류> <판단>좋다</판단>
[도덕_문장]: 남편의 행동에 대해 실망한 아내가 대화를 요청하는 것	<분류>1</분류> <판단>적절하다</판단>
[도덕_문장]: 배우자와의 관계에서 오해를 대화를 통해 해결하는 것	<분류>1</분류> <판단>해야 한다</판단>
[도덕_문장]: 배우자에게 오해받을 수 있는 상황이 발생했을 때 진솔한 대화를 통해 사실을 설명하는 것	<분류>1</분류> <판단>좋다</판단>
[도덕_문장]: 배우자가 오해하지 않도록 대화로 설명하는 것	<분류>1</분류> <판단>바람직하다</판단>
[도덕_문장]: 경제적 상황에 따라 우선순위를 조정하는 것	<분류>1</분류> <판단>정당하다</판단>
[도덕_문장]: 다른 사람들과 비교하지 않고 자신의 목표를 성취해나가는 것	<분류>1</분류> <판단>좋다</판단>
[도덕_문장]: 경제적 부담으로 인해 친구들과 다른 방식으로 삶을 선택하는 것	<분류>0</분류> <판단>괜찮다</판단>
[도덕_문장]: 배우자의 안전을 위협하는 행동을 하는 것	<분류>1</분류> <판단>즉시 고치려 노력해야 한다</판단>
[도덕_문장]: 배우자의 안전을 위협하는 것	<분류>-1</분류> <판단>옳지 않다</판단>
[도덕_문장]: 개인의 사생활과 명예를 훼손하는 발언을 하는 것	<분류>-1</분류> <판단>하지 말아야 한다</판단>
[도덕_문장]: 아내가 남편을 걱정하면서 자신의 우려를 표현하는 것	<분류>1</분류> <판단>해야 한다</판단>
[도덕_문장]: 다른 사람의 직업을 평가할 때 배우자의 노력과 책임을 인정하는 것	<분류>1</분류> <판단>해야 한다</판단>
[도덕_문장]: 직장 동료들에게 자신의 상황을 설명하고 이해를 구하는 것	<분류>1</분류> <판단>좋은 행동이다</판단>
[도덕_문장]: 개인적인 사정으로 연차를 쓰는 것	<분류>1</분류> <판단>이해해줘야 한다</판단>
[도덕_문장]: 열심히 일하고 돌아온 가족에게 최소한의 시간적, 정서적 배려를 제공하는 것	<분류>1</분류> <판단>옳다</판단>
[도덕_문장]: 상대방이 먼저 말하기 전에 결혼과 출산에 대한 질문을 하지 않는 것	<분류>1</분류> <판단>좋다</판단>
[도덕_문장]: 명절을 서로를 배려하고 격려하는 자리로 만들려고 노력하는 것	<분류>1</분류> <판단>좋다</판단>
[도덕_문장]: 불편한 결혼과 출산에 대한 질문에 대해 자신의 의견을 표현하는 것	<분류>1</분류> <판단>옳다</판단>
[도덕_문장]: 자식의 행동으로 서운할 때 자식의 성장을 인정하고 감정을 조절하며 대화를 시도하는 것	<분류>1</분류> <판단>바람직하다</판단>
[도덕_문장]: 부모가 자식의 성장을 존중하는 것	<분류>1</분류> <판단>좋다</판단>
[도덕_문장]: 부모와의 관계에서 서운한 점이 있더라도 성장한 사람으로서 더 좋은 모습을 보여주려 노력하는 것	<분류>1</분류> <판단>좋다.</판단>
[도덕_문장]: 자녀와 갈등이 발생하더라도 자녀에게 무조건 헤어지라는 말을 하지 않는 것	<분류>1</분류> <판단>좋다</판단>
[도덕_문장]: 부모님과 갈등이 있을 때 자녀의 결정을 존중하는 것	<분류>1</분류> <판단>필요하다</판단>
[도덕_문장]: 후배 직원의 업무 실수를 지적할 때 인격적인 상처를 주는 것	<분류>-1</분류> <판단>안 되다</판단>
[도덕_문장]: 타인에게 무례한 태도로 업무를 지적하는 것	<분류>-1</분류> <판단>안 된다</판단>
[도덕_문장]: 직장 내에서 업무 실수를 지적할 때 인격을 훼손하는 언사를 하는 것	<분류>-1</분류> <판단>해서는 안 된다</판단>
[도덕_문장]: 연인이 운전 연습을 도와주는 동안 막말을 하는 것	<분류>-1</분류> <판단>해서는 안 된다</판단>
[도덕_문장]: 결혼 준비 과정에서 경제적 부담을 강요하는 것	<분류>-1</분류> <판단>옳지 않다</판단>
[도덕_문장]: 시어머니가 자식의 배우자에게 경제적 부담을 주는 것	<분류>-1</분류> <판단>안 되다</판단>
[도덕_문장]: 결혼 준비 중인 딸에게 경제적 부담을 주는 것	<분류>-1</분류> <판단>좋지 않다</판단>
[도덕_문장]: 부모가 충분한 휴식을 취하면서도 자녀와 함께 할 수 있는 시간을 확보하려는 것	<분류>1</분류> <판단>필요하다</판단>
[도덕_문장]: 부모가 휴식을 취하더라도 아이가 충분히 사랑받고 있음을 느끼게 해 주는 것	<분류>1</분류> <판단>해야 한다</판단>
[도덕_문장]: 부모가 스스로를 돌보는 시간을 가지는 것	<분류>1</분류> <판단>필요하다</판단>
[도덕_문장]: 피부미용 실기시험에 합격했지만 취업 준비를 위해 더 많은 시간과 비용을 투자해야 하는 상황에서 가족에게 부담을 줄까봐 고민했다. 이런 상황에서, 가족에게 자신의 부담을 주지 않는 것	<분류>0</분류> <판단>좋다</판단>
[도덕_문장]: 피부미용 실기시험에 합격했지만 취업 준비를 위해 더 많은 시간과 비용을 투자해야 하는 상황에서 가족에게 부담을 줄까봐 고민했다. 이처럼, 가족에게 부담을 주는 상황에서도 부담을 최소화하는 방안을 함께 고민하는 것	<분류>1</분류> <판단>바람직하다</판단>
[도덕_문장]: 피부미용 실기시험에 합격했지만 취업 준비를 위해 더 많은 시간과 비용을 투자해야 하는 상황에서 가족에게 부담을 줄까봐 고민했다. 이런 상황에서, 자신의 목표를 위해 노력하는 것	<분류>1</분류> <판단>바람직하다</판단>
[도덕_문장]: 피부미용 실기시험에 합격했지만 취업 준비를 위해 더 많은 시간과 비용을 투자해야 하는 상황에서 가족에게 부담을 줄까봐 고민했다. 이러한 상황에서, 자식이 시험에 합격헀음에도 무리하게 돈을 쓰지 않는 것	<분류>0</분류> <판단>좋다</판단>
[도덕_문장]: 슈퍼마켓에서 거스름돈을 잘못 받았는데 집까지 거의 다 와서 다시 돌아가기 번거로웠지만 학교에서 배운 착한 행동을 실천하기 위해 돌려드리러 갔다. 이렇게, 잘못을 알게 되었을 때 주저하지 않고 정정하는 것	<분류>1</분류> <판단>옳다</판단>
[도덕_문장]: 슈퍼마켓에서 거스름돈을 잘못 받았는데 집까지 거의 다 와서 다시 돌아가기 번거로웠지만 학교에서 배운 착한 행동을 실천하기 위해 돌려드리러 갔다. 이처럼, 잘못을 인지했을 때 책임을 회피하지 않고 적극적으로 해결하려는 태도를 가지는 것	<분류>1</분류> <판단>옳다</판단>
[도덕_문장]: 엄마가 바쁜 출근 시간에 내 방까지 치워주셨는데, 나는 피곤하다는 핑계로 집안일을 미루고 있어서 미안했지만 당장 움직이기 싫었다. 이러한 상황에서, 집안일을 미루는 것	<분류>-1</분류> <판단>바람직하지 않다</판단>
[도덕_문장]: 엄마가 바쁜 출근 시간에 내 방까지 치워주셨는데, 나는 피곤하다는 핑계로 집안일을 미루고 있어서 미안했지만 당장 움직이기 싫었다. 이러한 상황에서, 가족 구성원으로서 부모님께 감사한 마음을 표현하는 것	<분류>1</분류> <판단>좋다</판단>
[도덕_문장]: 대학에서 전과목 A를 받아 기뻤지만, 친구들이 성적 자랑하는 것을 싫어한다고 했던 기억이 나서 SNS에 올릴지 말지 고민했다. 이렇게, 성적 자랑을 할 때 상대의 기분을 고려하는 것	<분류>1</분류> <판단>바람직하다</판단>
[도덕_문장]: 대학에서 전과목 A를 받아 기뻤지만, 친구들이 성적 자랑하는 것을 싫어한다고 했던 기억이 나서 SNS에 올릴지 말지 고민했다. 이러한 상황에서, 자신의 성공을 자랑하면서도 타인의 감정을 배려하여 과도하게 과시하지 않는 것	<분류>1</분류> <판단>좋다</판단>
[도덕_문장]: 대학에서 전과목 A를 받아 기뻤지만, 친구들이 성적 자랑하는 것을 싫어한다고 했던 기억이 나서 SNS에 올릴지 말지 고민했다. 이럴 때, 타인의 마음을 고려하는 것	<분류>1</분류> <판단>중요하다</판단>
[도덕_문장]: 할아버지가 농번기에 더운 날씨에도 혼자 농사일을 하시는 것이 걱정되어 도와드리고 싶지만, 평일에는 바빠서 주말에만 갈 수 있어 미안한 마음이 들었다. 이렇게, 농사일을 혼자 하는 것이 걱정되어 도움을 드리고 싶어도 바쁜 일상으로 도움을 주지 못할 때 솔직하게 전달하는 것	<분류>1</분류> <판단>좋다.</판단>
[도덕_문장]: 할아버지가 농번기에 더운 날씨에도 혼자 농사일을 하시는 것이 걱정되어 도와드리고 싶지만, 평일에는 바빠서 주말에만 갈 수 있어 미안한 마음이 들었다. 이처럼, 농사일을 도와줄 때 어른의 노고를 존중하며 신중하게 행동하는 것	<분류>1</분류> <판단>해야 한다</판단>
[도덕_문장]: 어릴 때부터 책 읽기를 싫어했던 내가 성인이 되어 독서 습관을 기르게 되었다고 엄마에게 자랑했는데, 사실은 아직도 집중하기 어려워서 매일 고민하고 있다. 이런 상황에서, 성인이 된 자녀의 노력을 칭찬하는 것	<분류>1</분류> <판단>중요하다</판단>
[도덕_문장]: 어머니가 나이가 드셨는데도 힘든 농사일을 계속하시는 것이 걱정되지만, 자식들을 위해 기쁘게 일하신다고 하시니 그만두시라고 강하게 말씀드리기 어려웠다. 이런 경우에, 부모님의 의사를 존중하는 것	<분류>1</분류> <판단>해야 한다</판단>
[도덕_문장]: 동기들 5명 중 나 혼자만 정규직으로 전환되어서 기쁘지만, 함께 전환되지 못한 동기들에게 미안한 마음이 들어 복잡했다. 이런 경우에, 자신의 노력에 따른 결과와 동료들의 감정을 동시에 존중하는 것	<분류>1</분류> <판단>해야 한다</판단>
[도덕_문장]: 엄마가 도시락을 싸줄 수 없다고 하셔서 직접 유부초밥을 만들어 가겠다고 했지만, 실제로는 요리 경험이 부족해서 실패할까 봐 걱정되었다. 이처럼, 자녀의 상황을 이해해주는 것	<분류>1</분류> <판단>좋다</판단>
[도덕_문장]: 엄마가 도시락을 싸줄 수 없다고 하셔서 직접 유부초밥을 만들어 가겠다고 했지만, 실제로는 요리 경험이 부족해서 실패할까 봐 걱정되었다. 이러한 상황에서, 자녀에게 어려움을 털어놓는 것	<분류>1</분류> <판단>될 수 있다</판단>
[도덕_문장]: 좋아하는 작가의 전시회에서 사인을 받으며 감사 편지를 전달하고 싶었지만, 다른 팬들도 많아서 시간을 너무 오래 차지하면 안 될 것 같아 망설여졌다. 이런 경우에, 전시회에서 팬들과의 소통 시간을 조절하고 다른 팬들에게 피해가 가지 않도록 배려하는 것	<분류>1</분류> <판단>바람직하다</판단>
[도덕_문장]: 좋아하는 작가의 전시회에서 사인을 받으며 감사 편지를 전달하고 싶었지만, 다른 팬들도 많아서 시간을 너무 오래 차지하면 안 될 것 같아 망설여졌다. 이러한 상황에서, 다른 사람의 시간을 존중하는 것	<분류>1</분류> <판단>좋다</판단>
[도덕_문장]: 좋아하는 작가의 전시회에서 사인을 받으며 감사 편지를 전달하고 싶었지만, 다른 팬들도 많아서 시간을 너무 오래 차지하면 안 될 것 같아 망설여졌다. 이처럼, 작가에게 감사편지를 전달할 때 다른 팬들도 있음을 인식하고 시간을 너무 많이 차지하지 않는 것	<분류>1</분류> <판단>해야 한다</판단>
[도덕_문장]: 좋아하는 작가의 전시회에서 사인을 받으며 감사 편지를 전달하고 싶었지만, 다른 팬들도 많아서 시간을 너무 오래 차지하면 안 될 것 같아 망설여졌다. 이럴 때, 여러 사람이 줄을 서서 순서를 지키고 차례대로 진행하는 것	<분류>1</분류> <판단>좋다</판단>
[도덕_문장]: 워킹홀리데이에 가고 싶지만 오랫동안 가족과 떨어져 있어야 해서 엄마가 걱정하실 것을 알면서도 결국 자신의 꿈을 선택했다. 이럴 때, 자녀가 성인으로서 자신의 삶을 선택하는 것을 존중하는 것	<분류>1</분류> <판단>필요하다</판단>
[도덕_문장]: 운전면허학원이 집에서 40분 거리로 멀어서 등록을 망설였지만, 운전을 배우고 싶은 마음이 커서 결국 먼 거리임에도 불구하고 등록을 결정했다. 이렇게, 중요한 일 결정 시 비용과 거리 등의 현실적 상황을 고려하는 것	<분류>1</분류> <판단>괜찮다</판단>
[도덕_문장]: 승진으로 기뻐하며 엄마에게 자랑했지만, 실제로는 리더 역할을 제대로 해낼 수 있을지 자신이 없어서 불안했다. 이런 경우에, 직장인이 승진에 대한 기대와 함께 자신의 역량을 객관적으로 평가하고, 자신이 감당할 수 있는 범위를 명확히 하는 것	<분류>1</분류> <판단>바람직하다</판단>
[도덕_문장]: 승진으로 기뻐하며 엄마에게 자랑했지만, 실제로는 리더 역할을 제대로 해낼 수 있을지 자신이 없어서 불안했다. 이런 경우에, 자녀의 고민을 들어주고 이해하는 것	<분류>1</분류> <판단>좋다</판단>
[도덕_문장]: 친구들이 모두 주택청약예금을 넣고 있다는 얘기를 들었지만 학자금 대출 때문에 여유가 없어서 시작하지 못해 조급함과 부담감을 느꼈다. 이런 상황에서, 친구들이 하는 일을 무리하게 따라 하지 않는 것	<분류>1</분류> <판단>옳다</판단>
[도덕_문장]: 친구들이 모두 주택청약예금을 넣고 있다는 얘기를 들었지만 학자금 대출 때문에 여유가 없어서 시작하지 못해 조급함과 부담감을 느꼈다. 이처럼, 주택청약예금과 같은 제도를 이용할 때 자기 상황을 고려한 판단을 하는 것	<분류>1</분류> <판단>필요하다</판단>
[도덕_문장]: 아들이 고등래퍼에 무조건 1등할 수 있다고 자신만만하게 말하는데, 현실적으로는 경쟁이 치열할 것 같아서 아이의 자신감을 꺾지 않으면서도 겸손함을 가르쳐야 할지 고민했다. 이런 상황일 때, 자녀가 자신이 이룰 수 있는 가능성과 함께 겸손함을 배우는 것	<분류>1</분류> <판단>중요하다</판단>
[도덕_문장]: 아들이 고등래퍼에 무조건 1등할 수 있다고 자신만만하게 말하는데, 현실적으로는 경쟁이 치열할 것 같아서 아이의 자신감을 꺾지 않으면서도 겸손함을 가르쳐야 할지 고민했다. 이렇게, 상황에 맞는 절제된 행동과 겸손함을 함께 가르쳐 주는 것	<분류>1</분류> <판단>옳다</판단>
[도덕_문장]: 아들이 고등래퍼에 무조건 1등할 수 있다고 자신만만하게 말하는데, 현실적으로는 경쟁이 치열할 것 같아서 아이의 자신감을 꺾지 않으면서도 겸손함을 가르쳐야 할지 고민했다. 이런 상황에서, 자신의 확신이 있더라도 현실적인 어려움을 고려해 겸손한 태도를 가지는 것	<분류>1</분류> <판단>바람직하다</판단>
[도덕_문장]: 아들이 고등래퍼에 무조건 1등할 수 있다고 자신만만하게 말하는데, 현실적으로는 경쟁이 치열할 것 같아서 아이의 자신감을 꺾지 않으면서도 겸손함을 가르쳐야 할지 고민했다. 이런 상황일 때, 자신의 능력을 과신하지 않는 것	<분류>1</분류> <판단>좋다</판단>
[도덕_문장]: 세월호 추모 스티커를 차에 붙이고 다니는 것이 의미 있는 일이라고 생각하지만, 혹시 다른 사람들이 과시하는 것으로 오해할까봐 망설여졌다. 이처럼, 자신의 의견이나 행동에 대해 오해받을 가능성이 있을 때 상황을 충분히 설명하고 이해를 구하는 것	<분류>1</분류> <판단>바람직하다</판단>
[도덕_문장]: 세월호 추모 스티커를 차에 붙이고 다니는 것이 의미 있는 일이라고 생각하지만, 혹시 다른 사람들이 과시하는 것으로 오해할까봐 망설여졌다. 이런 경우에, 행동하기 전에 상대방이 이를 어떻게 볼지 미리 생각해보는 것	<분류>1</분류> <판단>좋다</판단>
[도덕_문장]: 세월호 추모 스티커를 차에 붙이고 다니는 것이 의미 있는 일이라고 생각하지만, 혹시 다른 사람들이 과시하는 것으로 오해할까봐 망설여졌다. 이렇게, 세월호 참사를 기념할 때 다른 사람의 오해를 고려하여 행동하는 것	<분류>1</분류> <판단>바람직하다</판단>
[도덕_문장]: 친구들과 스키장에서 즐거운 시간을 보낸 후 집에 가서 가족을 위해 밥을 해주겠다고 약속했는데, 막상 집에 도착하니 피곤해서 약속을 지키기 싫어졌다. 이럴 때, 상대방에게 지키지 못할 약속을 하는 것	<분류>-1</분류> <판단>옳지 않다</판단>
[도덕_문장]: 친구들과 스키장에서 즐거운 시간을 보낸 후 집에 가서 가족을 위해 밥을 해주겠다고 약속했는데, 막상 집에 도착하니 피곤해서 약속을 지키기 싫어졌다. 이럴 때, 다른 사람의 약속을 일방적으로 어기는 것	<분류>-1</분류> <판단>바람직하지 않다</판단>
[도덕_문장]: 대학 동아리에서 친해진 친구들이 매일 치킨과 맥주를 마시며 놀자고 하는데, 학업에 집중해야 한다는 생각과 친구들과의 관계를 유지하고 싶은 마음 사이에서 고민이 되었다. 이렇게, 다른 사람의 생각을 존중하고, 자신의 시간과 노력을 고려해서 상황을 판단하는 것	<분류>1</분류> <판단>필요하다</판단>
[도덕_문장]: 대학 동아리에서 친해진 친구들이 매일 치킨과 맥주를 마시며 놀자고 하는데, 학업에 집중해야 한다는 생각과 친구들과의 관계를 유지하고 싶은 마음 사이에서 고민이 되었다. 이런 상황일 때, 학업과 개인의 사회적 책임 사이에서 균형을 유지하려고 노력하는 것	<분류>1</분류> <판단>해야 한다</판단>
[도덕_문장]: 대학 동아리에서 친해진 친구들이 매일 치킨과 맥주를 마시며 놀자고 하는데, 학업에 집중해야 한다는 생각과 친구들과의 관계를 유지하고 싶은 마음 사이에서 고민이 되었다. 이런 경우에, 학업에 전념하면서도 친구와의 관계를 존중하는 것	<분류>1</분류> <판단>바람직하다</판단>
[도덕_문장]: 대학 동아리에서 친해진 친구들이 매일 치킨과 맥주를 마시며 놀자고 하는데, 학업에 집중해야 한다는 생각과 친구들과의 관계를 유지하고 싶은 마음 사이에서 고민이 되었다. 이러한 상황에서, 친구들과의 관계와 학업을 모두 챙기려고 노력하는 것	<분류>1</분류> <판단>좋다</판단>
[도덕_문장]: 남편이 건강을 위해 운동을 시작했는데 점점 운동량이 늘어나자 무리하지 않을까 걱정되어 말려야 할지 응원해야 할지 고민했다. 이런 상황에서, 남편의 건강 증진을 위해 자신의 역할을 수행하는 것	<분류>1</분류> <판단>해야 한다</판단>
[도덕_문장]: 남편이 건강을 위해 운동을 시작했는데 점점 운동량이 늘어나자 무리하지 않을까 걱정되어 말려야 할지 응원해야 할지 고민했다. 이럴 때, 배우자가 배우자의 건강을 위해 노력하는 모습에 지지를 보내는 것	<분류>1</분류> <판단>바람직하다</판단>
[도덕_문장]: 옆집 아이가 인사를 잘해서 기특하다고 생각하면서도, 매번 사탕이나 아이스크림을 주는 것이 아이 부모에게 부담이 될까봐 고민했다. 이런 상황일 때, 아이의 행동을 긍정적으로 칭찬하는 것	<분류>1</분류> <판단>더 중요하다</판단>
[도덕_문장]: 옆집 아이가 인사를 잘해서 기특하다고 생각하면서도, 매번 사탕이나 아이스크림을 주는 것이 아이 부모에게 부담이 될까봐 고민했다. 이러한 상황에서, 자신의 배려 행위로 부담을 줄 수 있음을 인정하고 신중한 선택을 하는 것	<분류>1</분류> <판단>바람직하다</판단>
[도덕_문장]: 옆집 아이가 인사를 잘해서 기특하다고 생각하면서도, 매번 사탕이나 아이스크림을 주는 것이 아이 부모에게 부담이 될까봐 고민했다. 이런 상황일 때, 타인의 행동이 부담을 주거나 갈등을 만들 우려가 있다면 상대방의 입장을 살피는 것	<분류>1</분류> <판단>좋다</판단>
[도덕_문장]: 딸과 더 많은 시간을 보내고 싶어서 정시 퇴근을 위해 열심히 일하지만, 아내가 하루 종일 아이와 함께 있는 것이 부러워서 복잡한 마음이 들었다. 이러한 상황에서, 자녀와 함께 있는 시간을 원하면서도 아내의 선택을 존중하는 것	<분류>1</분류> <판단>해야 한다</판단>
[도덕_문장]: 아이가 학교생활에 적응하지 못하고 방황할 때 속상했지만 아이 앞에서는 내색하지 않고 격려해야 할지, 솔직한 마음을 표현해야 할지 고민했다. 이처럼, 자녀의 어려움을 알았을 때 감정적으로 대응하기보다 아이를 안정적으로 돌보는 것	<분류>1</분류> <판단>좋다</판단>
[도덕_문장]: 아이가 학교생활에 적응하지 못하고 방황할 때 속상했지만 아이 앞에서는 내색하지 않고 격려해야 할지, 솔직한 마음을 표현해야 할지 고민했다. 이러한 상황에서, 아이와 솔직하게 대화하며 적극적으로 해결 방안을 모색하는 것	<분류>1</분류> <판단>바람직하다</판단>
[도덕_문장]: 아이가 학교생활에 적응하지 못하고 방황할 때 속상했지만 아이 앞에서는 내색하지 않고 격려해야 할지, 솔직한 마음을 표현해야 할지 고민했다. 이렇게, 자녀가 학교생활에 어려움을 겪을 때 아이를 격려하고 지지하는 것	<분류>1</분류> <판단>바람직하다</판단>
[도덕_문장]: 아이가 학교생활에 적응하지 못하고 방황할 때 속상했지만 아이 앞에서는 내색하지 않고 격려해야 할지, 솔직한 마음을 표현해야 할지 고민했다. 이렇게, 아이가 본인의 상황과 감정을 부모에게 솔직하게 말하는 것	<분류>1</분류> <판단>괜찮다</판단>
[도덕_문장]: 배우자가 자신의 까탈스럽고 괴팍한 성격 때문에 신혼 초기에 많이 힘들어했다는 것을 알면서도, 완벽주의적 성향을 완전히 바꾸지 못해 여전히 배우자에게 부담을 주고 있는 것 같아 미안했다. 이런 상황에서, 완벽주의적 성향을 바꾸지 못하고 배우자에게 솔직하게 이야기하는 것	<분류>1</분류> <판단>해야 한다</판단>
[도덕_문장]: 배우자가 자신의 까탈스럽고 괴팍한 성격 때문에 신혼 초기에 많이 힘들어했다는 것을 알면서도, 완벽주의적 성향을 완전히 바꾸지 못해 여전히 배우자에게 부담을 주고 있는 것 같아 미안했다. 이럴 때, 결혼생활에서 서로에게 부담이 되지 않도록 함께 조율해나가는 것	<분류>1</분류> <판단>바람직하다</판단>
[도덕_문장]: 화목한 가정에서 자란 것을 자랑스러워하며 이야기했는데, 상대방이 그런 가정환경을 부러워한다고 하자 괜히 미안한 마음이 들었다. 이렇게, 상대방의 가정 상황을 인정하고 존중하는 태도를 가지는 것	<분류>1</분류> <판단>가져야 한다</판단>
[도덕_문장]: 분리수거를 처음 해보는데 어려워서 도움이 필요했지만, 경비 아저씨께 폐를 끼치는 것 같아 혼자 해결하려다가 결국 도움을 요청했다. 이처럼, 이웃과 관련된 문제가 있을 때 서로 도와주는 것	<분류>1</분류> <판단>좋다</판단>
[도덕_문장]: 분리수거를 처음 해보는데 어려워서 도움이 필요했지만, 경비 아저씨께 폐를 끼치는 것 같아 혼자 해결하려다가 결국 도움을 요청했다. 이처럼, 도움이 필요할 때 도움을 요청하는 것	<분류>0</분류> <판단>괜찮다</판단>
[도덕_문장]: 분리수거를 처음 해보는데 어려워서 도움이 필요했지만, 경비 아저씨께 폐를 끼치는 것 같아 혼자 해결하려다가 결국 도움을 요청했다. 이렇게, 도움이 필요한 상황에서 개인적인 체면보다 도움을 요청하는 것	<분류>1</분류> <판단>바람직하다</판단>
[도덕_문장]: 분리수거를 처음 해보는데 어려워서 도움이 필요했지만, 경비 아저씨께 폐를 끼치는 것 같아 혼자 해결하려다가 결국 도움을 요청했다. 이렇게, 도움이 필요한 상황에서 도움을 요청하는 것	<분류>1</분류> <판단>바람직하다</판단>
[도덕_문장]: 분리수거를 처음 해보는데 어려워서 도움이 필요했지만, 경비 아저씨께 폐를 끼치는 것 같아 혼자 해결하려다가 결국 도움을 요청했다. 이처럼, 공공장소에서 어려움을 겪을 때 주변 사람이나 관리자에게 도움을 요청하는 것	<분류>0</분류> <판단>괜찮다</판단>
[도덕_문장]: 임신 중 입덧으로 고생하던 중 떡볶이가 먹고 싶어졌는데, 저녁 식사 대신 배달음식을 시켜도 되는지 남편에게 허락을 구해야 하는 상황이 되었다. 이러한 상황에서, 임신 중 입덧으로 인해 원하는 음식을 못 먹는 것	<분류>1</분류> <판단>이해해주어야 한다</판단>
[도덕_문장]: 임신 중 입덧으로 고생하던 중 떡볶이가 먹고 싶어졌는데, 저녁 식사 대신 배달음식을 시켜도 되는지 남편에게 허락을 구해야 하는 상황이 되었다. 이런 상황일 때, 아내가 입덧으로 힘들어하는 모습을 보고 이해하고 도와주는 것	<분류>1</분류> <판단>해야 한다</판단>
[도덕_문장]: 달래된장국을 끓여서 옆집에도 나눠주고 싶었는데, 생각보다 양이 적게 나와서 우리 가족 것도 부족할 것 같아 나눠주지 못했다. 이럴 때, 이웃집에 요리를 나눠주기 전에 가족이 충분히 먹을 수 있는지 확인하는 것	<분류>1</분류> <판단>좋다.</판단>
[도덕_문장]: 달래된장국을 끓여서 옆집에도 나눠주고 싶었는데, 생각보다 양이 적게 나와서 우리 가족 것도 부족할 것 같아 나눠주지 못했다. 이러한 상황에서, 음식을 나눠주는 것을 거절하는 것	<분류>0</분류> <판단>괜찮다</판단>
[도덕_문장]: 배우자가 라이딩을 함께 하자고 간절히 부탁했는데 운동신경이 없어서 자신이 없었지만 거절하기 어려워 결국 승낙했다. 이렇게, 배우자에게 부탁이 있을 때 상대의 상황과 감정을 존중하고 강요하지 않는 것	<분류>1</분류> <판단>바람직하다</판단>
[도덕_문장]: 여동생이 어릴 때 가족들을 힘들게 했던 기억 때문에 아직도 괘씸한 마음이 드는데, 이제 엄마가 되어 성숙해진 모습을 보니 그런 감정을 계속 가져도 되는지 고민이 된다. 이럴 때, 가족 구성원이 성숙해져 행동이 변하는 것	<분류>1</분류> <판단>좋은 일이다</판단>
[도덕_문장]: 여동생이 어릴 때 가족들을 힘들게 했던 기억 때문에 아직도 괘씸한 마음이 드는데, 이제 엄마가 되어 성숙해진 모습을 보니 그런 감정을 계속 가져도 되는지 고민이 된다. 이런 경우에, 부모가 자녀의 성장 과정에서 겪은 아픔을 공감하고 그 감정을 치유하는 방향으로 이끌어주는 것	<분류>1</분류> <판단>옳다</판단>
[도덕_문장]: 여동생이 어릴 때 가족들을 힘들게 했던 기억 때문에 아직도 괘씸한 마음이 드는데, 이제 엄마가 되어 성숙해진 모습을 보니 그런 감정을 계속 가져도 되는지 고민이 된다. 이런 상황일 때, 가족의 감정 변화를 받아들이는 것	<분류>1</분류> <판단>좋다</판단>
[도덕_문장]: 여동생이 어릴 때 가족들을 힘들게 했던 기억 때문에 아직도 괘씸한 마음이 드는데, 이제 엄마가 되어 성숙해진 모습을 보니 그런 감정을 계속 가져도 되는지 고민이 된다. 이럴 때, 과거의 행동으로 인해 상처를 입힌 가족 구성원이 현재의 성숙한 모습으로 그 상처를 치유하고 나아가는 것	<분류>1</분류> <판단>바람직하다</판단>
[도덕_문장]: 장을 보고 나오는데 비닐봉지가 뚫려 물건들이 떨어졌는데, 모르는 남자가 도와주겠다고 해서 낯을 가리는 성격상 거절하고 싶었지만 너무 곤란한 상황이라 어쩔 수 없이 도움을 받았다. 이처럼, 낯선 사람이 자신을 도와주려 할 때 자신의 성격과 안전을 고려해 적절하게 판단하고 대응하는 것	<분류>1</분류> <판단>바람직하다</판단>
[도덕_문장]: 장을 보고 나오는데 비닐봉지가 뚫려 물건들이 떨어졌는데, 모르는 남자가 도와주겠다고 해서 낯을 가리는 성격상 거절하고 싶었지만 너무 곤란한 상황이라 어쩔 수 없이 도움을 받았다. 이처럼, 모르는 사람에게 도움을 받을 때 거절하는 것	<분류>0</분류> <판단>괜찮다</판단>
[도덕_문장]: 남편이 매일 2시간씩 함께 운동하자고 제안했는데, 운동에 대한 의지는 있지만 체력이 부족해서 남편에게 방해가 될까봐 걱정되어 망설여졌다. 이런 상황에서, 배우자에게 부담을 주지 않도록 배려하는 것	<분류>1</분류> <판단>좋다</판단>
[도덕_문장]: 남편이 매일 2시간씩 함께 운동하자고 제안했는데, 운동에 대한 의지는 있지만 체력이 부족해서 남편에게 방해가 될까봐 걱정되어 망설여졌다. 이처럼, 운동 제안을 받았을 때 상대방의 걱정을 먼저 이해하고 배려해주는 것	<분류>1</분류> <판단>좋다</판단>
[도덕_문장]: 딸의 생일선물로 최신형 휴대폰을 사고 싶었지만 가격이 부담스러워서 경제적 무리인지 고민했지만 결국 구매했다. 이런 경우에, 가족 구성원에게 필요한 물건을 사주려면 경제적 무리가 없는지 먼저 확인하는 것	<분류>0</분류> <판단>바람직하다</판단>
[도덕_문장]: 딸이 독립해서 이사를 가는 것이 대견하고 뿌듯하지만, 한편으로는 곁을 떠나는 것이 서운하고 아쉬워서 복잡한 마음이 들었다. 이처럼, 가족이 이사를 갔을 때 서운함을 내색하는 것	<분류>0</분류> <판단>괜찮다</판단>
[도덕_문장]: 아이가 그린 그림에 감동받아 눈물을 흘렸다고 배우자에게 말했는데, 배우자가 나만 특별히 감정적이라고 해서 내 반응이 과한 건 아닌지 고민되었다. 이렇게, 배우자에게 감정적인 표현을 들었을 때 상대방의 의도를 먼저 생각하는 것	<분류>1</분류> <판단>바람직하다</판단>
[도덕_문장]: 편집숍에서 행운을 준다는 팔찌를 보고 마음에 들었지만, 그런 미신적인 것을 믿는다고 남편이 생각할까 봐 고민하다가 결국 구매했다. 이럴 때, 배우자의 선택을 존중하는 것	<분류>1</분류> <판단>옳다</판단>
[도덕_문장]: 편집숍에서 행운을 준다는 팔찌를 보고 마음에 들었지만, 그런 미신적인 것을 믿는다고 남편이 생각할까 봐 고민하다가 결국 구매했다. 이런 상황일 때, 아내의 결정을 존중하고 아내의 행동에 대해 섣부른 판단을 하지 않는 것	<분류>1</분류> <판단>바람직하다</판단>
[도덕_문장]: 임신 소식을 남편에게 알릴 때 혹시 남편이 아직 아기를 원하지 않으면 어떡하나 하는 걱정 때문에 혼자 고민했다. 이처럼, 배우자에게 임신 사실을 통보할 때 자신의 마음과 함께 신중하게 말하는 것	<분류>1</분류> <판단>좋다</판단>
[도덕_문장]: 예전에 운영하던 사진관을 혼자 방문해서 좋은 추억을 되새겼는데, 아내와 함께 가자고 약속했지만 혼자만의 시간이 더 소중했던 것 같아 미안한 마음이 들었다. 이런 상황일 때, 혼자만의 시간과 부부의 시간의 가치를 모두 존중하는 것	<분류>1</분류> <판단>좋다</판단>
[도덕_문장]: 공인중개사 시험에 합격한 기쁨을 배우자와 나누고 싶지만, 혹시 최종 결과가 예상과 다를까 봐 부모님께는 아직 연락드리기가 망설여진다. 이런 상황일 때, 자녀의 합격 소식을 자녀의 자존감이 훼손되지 않도록 조심스럽게 전달하는 것	<분류>1</분류> <판단>좋다</판단>
[도덕_문장]: 새 차를 사고 싶은 마음은 있지만 아직 탈 만한 기존 차를 바꾸는 것이 경제적으로 현명한 선택인지 고민했다. 이처럼, 물건을 구매할 때 비용과 효용을 종합적으로 고려하는 것	<분류>1</분류> <판단>바람직하다</판단>
[도덕_문장]: 새 차를 사고 싶은 마음은 있지만 아직 탈 만한 기존 차를 바꾸는 것이 경제적으로 현명한 선택인지 고민했다. 이렇게, 차량 구매를 계획할 때 현실적인 재정 상태를 먼저 고려하는 것	<분류>1</분류> <판단>해야 한다</판단>
[도덕_문장]: 새 차를 사고 싶은 마음은 있지만 아직 탈 만한 기존 차를 바꾸는 것이 경제적으로 현명한 선택인지 고민했다. 이럴 때, 재정적인 결정을 필요한 생활 유지와 개인의 소비 욕구를 고려하여 신중하게 하는 것	<분류>1</분류> <판단>해야 한다</판단>
[도덕_문장]: 새 차를 사고 싶은 마음은 있지만 아직 탈 만한 기존 차를 바꾸는 것이 경제적으로 현명한 선택인지 고민했다. 이런 상황일 때, 장기적인 경제적 이익을 위해 단기적인 욕구를 조절하는 것	<분류>1</분류> <판단>바람직하다</판단>
[도덕_문장]: 새 차를 사고 싶은 마음은 있지만 아직 탈 만한 기존 차를 바꾸는 것이 경제적으로 현명한 선택인지 고민했다. 이처럼, 경제적 상황을 고려해 결정을 내리는 것	<분류>1</분류> <판단>바람직하다</판단>
[도덕_문장]: 현대미술 전시회에서 좋은 경험을 했다고 배우자에게 말했지만, 사실은 작품들이 여전히 이해되지 않아서 괜찮은 척 연기한 것 같아 죄책감이 들었다. 이럴 때, 배우자에게 거짓말을 하는 것	<분류>-1</분류> <판단>안 된다</판단>
[도덕_문장]: 현대미술 전시회에서 좋은 경험을 했다고 배우자에게 말했지만, 사실은 작품들이 여전히 이해되지 않아서 괜찮은 척 연기한 것 같아 죄책감이 들었다. 이러한 상황에서, 배우자와의 대화에서 솔직한 감정을 숨기고 허위 사실을 전달하는 것	<분류>-1</분류> <판단>바람직하지 않다</판단>
[도덕_문장]: 가계가 넉넉하지 않은 상황에서 매주 복권을 사는 것이 가족을 위한 희망인지 아니면 불필요한 지출인지 고민되었다. 이처럼, 가정 예산이 부족할 때 복권 구입과 같은 불필요한 지출을 중단하는 것	<분류>1</분류> <판단>중단해야 한다</판단>
[도덕_문장]: 가계가 넉넉하지 않은 상황에서 매주 복권을 사는 것이 가족을 위한 희망인지 아니면 불필요한 지출인지 고민되었다. 이처럼, 가정 경제 상황을 고려하여 불필요한 지출을 줄이는 것	<분류>1</분류> <판단>좋다</판단>
[도덕_문장]: 가계가 넉넉하지 않은 상황에서 매주 복권을 사는 것이 가족을 위한 희망인지 아니면 불필요한 지출인지 고민되었다. 이렇게, 가족의 경제 상황을 고려하여 불필요한 지출을 조절하는 것	<분류>1</분류> <판단>바람직하다</판단>
[도덕_문장]: 가계가 넉넉하지 않은 상황에서 매주 복권을 사는 것이 가족을 위한 희망인지 아니면 불필요한 지출인지 고민되었다. 이처럼, 가족 구성원 중 한 명이 지출에 대해 고민하고 있을 때 다른 구성원들이 적극적으로 대화에 참여하여 경제적인 조언과 도움을 주는 것	<분류>1</분류> <판단>해야 한다</판단>
[도덕_문장]: 아이를 위해 캐릭터 김밥을 정성껏 만들어 뿌듯했지만, 아직 어린 아이가 내 노력을 제대로 알아주지 못하는 것 같아 서운했다. 이럴 때, 상대방의 행동이 기대와 다르더라도 이해해 주는 것	<분류>1</분류> <판단>좋다</판단>
[도덕_문장]: 혼자만의 시간을 즐기고 싶어서 등산을 갔는데, 배우자가 준비해준 도시락을 먹으며 함께 있지 못해 미안한 마음이 들었다. 이런 상황일 때, 타인의 선택을 존중하는 것	<분류>1</분류> <판단>바람직하다</판단>
[도덕_문장]: 혼자만의 시간을 즐기고 싶어서 등산을 갔는데, 배우자가 준비해준 도시락을 먹으며 함께 있지 못해 미안한 마음이 들었다. 이런 경우에, 혼자만의 시간을 즐기더라도 배우자에게 미안한 마음을 전하는 것	<분류>1</분류> <판단>바람직하다</판단>
[도덕_문장]: 친구와 영화를 보기로 했는데 내가 보고 싶었던 영화가 따로 있었지만 친구가 좋아할 만한 영화를 먼저 제안해서 내 취향을 포기하고 동조했다. 이러한 상황에서, 친구의 선택을 존중하는 것	<분류>1</분류> <판단>좋다</판단>
[도덕_문장]: 친구와 영화를 보기로 했는데 내가 보고 싶었던 영화가 따로 있었지만 친구가 좋아할 만한 영화를 먼저 제안해서 내 취향을 포기하고 동조했다. 이럴 때, 친구와의 약속에서 상대방의 의견을 존중하는 것	<분류>1</분류> <판단>바람직하다</판단>
[도덕_문장]: 친구와 영화를 보기로 했는데 내가 보고 싶었던 영화가 따로 있었지만 친구가 좋아할 만한 영화를 먼저 제안해서 내 취향을 포기하고 동조했다. 이처럼, 친구와의 관계에서 취향이 서로 다른 상황이 발생할 때 상대방의 취향을 존중하는 것	<분류>1</분류> <판단>해야 한다.</판단>
[도덕_문장]: 반려견이 활동량이 많은 견종이라 하루 두 번 산책이 필요하다는 것을 알면서도, 처음에는 귀찮아서 충분히 산책을 시켜주지 않았다. 이러한 상황에서, 반려견의 활동량을 고려하지 않고 소홀히 하는 것	<분류>-1</분류> <판단>옳지 않다</판단>
[도덕_문장]: 운동 부족으로 고민이던 중 회사 동료와 점심 후 산책을 시작했는데, 다른 동료들이 왜 혼자만 여유롭게 산책하냐며 눈치를 줘서 계속할지 고민이 되었다. 이런 경우에, 업무 시간 이후에는 근무와 관련된 모임이 아닌 건강 증진 등 개인적인 선택을 존중해주는 것	<분류>1</분류> <판단>해야 한다</판단>
[도덕_문장]: 운동 부족으로 고민이던 중 회사 동료와 점심 후 산책을 시작했는데, 다른 동료들이 왜 혼자만 여유롭게 산책하냐며 눈치를 줘서 계속할지 고민이 되었다. 이러한 상황에서, 개인의 선택을 이유로 비난하거나 압박하는 것	<분류>-1</분류> <판단>적절하지 않다</판단>
[도덕_문장]: 운동 부족으로 고민이던 중 회사 동료와 점심 후 산책을 시작했는데, 다른 동료들이 왜 혼자만 여유롭게 산책하냐며 눈치를 줘서 계속할지 고민이 되었다. 이처럼, 업무 상황에서 동료의 개인적인 활동을 평가하는 것	<분류>-1</분류> <판단>바람직하지 않다</판단>
[도덕_문장]: 마라톤 완주 후 동료들이 완주 기념으로 맥주를 마시자고 했지만, 몸이 힘들어서 집에 가서 쉬고 싶다고 말하기가 눈치 보였다. 이런 상황에서, 마라톤을 완주한 동료의 체력 회복을 우선시 하는 것	<분류>1</분류> <판단>해야 한다</판단>
[도덕_문장]: 마라톤 완주 후 동료들이 완주 기념으로 맥주를 마시자고 했지만, 몸이 힘들어서 집에 가서 쉬고 싶다고 말하기가 눈치 보였다. 이처럼, 동료가 피곤함으로 집에 가고 싶다고 답헀을 때 이를 존중하는 것	<분류>1</분류> <판단>해야 한다</판단>
[도덕_문장]: 마라톤 완주 후 동료들이 완주 기념으로 맥주를 마시자고 했지만, 몸이 힘들어서 집에 가서 쉬고 싶다고 말하기가 눈치 보였다. 이런 상황일 때, 음주를 강요하지 않고 동료의 의사 존중하기	<분류>1</분류> <판단>좋다</판단>
[도덕_문장]: 마라톤 완주 후 동료들이 완주 기념으로 맥주를 마시자고 했지만, 몸이 힘들어서 집에 가서 쉬고 싶다고 말하기가 눈치 보였다. 이럴 때, 마라톤 완주 후 몸을 배려하며 휴식을 선택하는 것	<분류>1</분류> <판단>옳은 판단이다</판단>
[도덕_문장]: 마라톤 완주 후 동료들이 완주 기념으로 맥주를 마시자고 했지만, 몸이 힘들어서 집에 가서 쉬고 싶다고 말하기가 눈치 보였다. 이러한 상황에서, 마라톤 완주 후 동료들의 맥주 제안을 자신의 건강과 휴식을 고려해 거절하는 것	<분류>1</분류> <판단>옳은 선택이다</판단>
[도덕_문장]: 연인과 함께 보내는 시간을 줄이고 새로운 취미생활에 시간을 투자하고 싶지만, 상대방이 서운해할까 봐 걱정되어 고민했다. 이러한 상황에서, 자신의 결정을 상대에게 이해를 구하는 것	<분류>1</분류> <판단>해야 한다</판단>
[도덕_문장]: 연인과 함께 보내는 시간을 줄이고 새로운 취미생활에 시간을 투자하고 싶지만, 상대방이 서운해할까 봐 걱정되어 고민했다. 이처럼, 연인과 갈등이 생길 수 있는 상황에서 미리 대화를 시도하는 것	<분류>1</분류> <판단>좋다</판단>
[도덕_문장]: 연인과 함께 보내는 시간을 줄이고 새로운 취미생활에 시간을 투자하고 싶지만, 상대방이 서운해할까 봐 걱정되어 고민했다. 이러한 상황에서, 연인과 함께 보내는 시간을 소중히 하는 것	<분류>1</분류> <판단>좋다</판단>
[도덕_문장]: 연인과 함께 보내는 시간을 줄이고 새로운 취미생활에 시간을 투자하고 싶지만, 상대방이 서운해할까 봐 걱정되어 고민했다. 이렇게, 연인과 함께하는 시간에 대해 불만이나 걱정이 있을 때 상대에게 솔직하게 말하는 것	<분류>1</분류> <판단>좋다</판단>
[도덕_문장]: 연인과 함께 보내는 시간을 줄이고 새로운 취미생활에 시간을 투자하고 싶지만, 상대방이 서운해할까 봐 걱정되어 고민했다. 이럴 때, 연인의 취미생활에 대해 이해하고 시간을 갖는 것에 대해서도 이해하고 배려해주는 것	<분류>1</분류> <판단>바람직하다</판단>
[도덕_문장]: 친구 서프라이즈 파티를 완벽하게 준비하고 싶지만 예산이 부족해서 다른 친구들에게 더 많은 비용 분담을 요청해야 할지 고민했다. 이럴 때, 친구에게 부담을 주지 않고 다른 대안을 찾는 것	<분류>1</분류> <판단>적절하다</판단>
[도덕_문장]: 친구 서프라이즈 파티를 완벽하게 준비하고 싶지만 예산이 부족해서 다른 친구들에게 더 많은 비용 분담을 요청해야 할지 고민했다. 이런 경우에, 자신의 예산 내에서 할 수 있는 선에서 최선을 다하는 것	<분류>1</분류> <판단>바람직하다</판단>
[도덕_문장]: 연인이 회사로 보낸 손편지와 꽃다발을 받고 감동했지만, 동료들의 시선이 부담스러워서 기쁜 마음을 숨겨야 할지 고민했다. 이런 상황에서, 회사 동료들과 사적인 교류를 최소화하는 것	<분류>0</분류> <판단>적절하다</판단>
[도덕_문장]: 처음 술집에 가서 술을 마신 경험을 친구들에게 자랑스럽게 얘기하고 싶지만, 술고래처럼 보일까봐 걱정되어 망설였다. 이처럼, 처음 술을 마실 때 자신의 한계를 알고 적당히 마시는 것	<분류>1</분류> <판단>좋다</판단>
[도덕_문장]: 은사님이 교장으로 승진하신 기쁜 소식을 들었는데, 축하 꽃을 보내고 싶지만 오랜만에 연락한 상황에서 선물까지 보내는 것이 부담스러울까 봐 고민했다. 이럴 때, 평소에 연락을 하지 않았더라도 축하의 마음을 표현하는 것	<분류>1</분류> <판단>좋다</판단>
[도덕_문장]: 은사님이 교장으로 승진하신 기쁜 소식을 들었는데, 축하 꽃을 보내고 싶지만 오랜만에 연락한 상황에서 선물까지 보내는 것이 부담스러울까 봐 고민했다. 이처럼, 오랜만에 연락을 받았을 때 축하와 함께 다시 연락을 하는 이유를 설명하는 것	<분류>1</분류> <판단>좋다.</판단>
[도덕_문장]: 은사님이 교장으로 승진하신 기쁜 소식을 들었는데, 축하 꽃을 보내고 싶지만 오랜만에 연락한 상황에서 선물까지 보내는 것이 부담스러울까 봐 고민했다. 이처럼, 축하 소식을 들었을 때 축하 인사를 전하는 것	<분류>1</분류> <판단>좋다</판단>
[도덕_문장]: 우울증에서 벗어나 열심히 살고 있다고 연인에게 말했지만, 사실 가끔씩 예전처럼 무기력해지는 날들이 있어서 완전히 극복했다고 말하는 것이 거짓말 같아 죄책감이 든다. 이처럼, 연인에게 자신의 상황을 과장하지 않는 것	<분류>1</분류> <판단>바람직하다</판단>
[도덕_문장]: 우울증에서 벗어나 열심히 살고 있다고 연인에게 말했지만, 사실 가끔씩 예전처럼 무기력해지는 날들이 있어서 완전히 극복했다고 말하는 것이 거짓말 같아 죄책감이 든다. 이런 경우에, 연인에게 솔직하게 사실을 말하는 것	<분류>1</분류> <판단>좋다</판단>
[도덕_문장]: 우울증에서 벗어나 열심히 살고 있다고 연인에게 말했지만, 사실 가끔씩 예전처럼 무기력해지는 날들이 있어서 완전히 극복했다고 말하는 것이 거짓말 같아 죄책감이 든다. 이런 상황에서, 자신의 상태를 연인에게 솔직하게 말하는 것	<분류>1</분류> <판단>옳다</판단>
[도덕_문장]: 취업 축하 용돈을 주신 어머니께 감사 선물을 사드리고 싶은데, 아직 경제적 여유가 부족해서 어떤 선물을 해야 할지 고민이 되었다. 이처럼, 가족의 재정 상황을 고려하여 무리한 요구를 하지 않는 것	<분류>1</분류> <판단>좋다</판단>
[도덕_문장]: 취업 축하 용돈을 주신 어머니께 감사 선물을 사드리고 싶은데, 아직 경제적 여유가 부족해서 어떤 선물을 해야 할지 고민이 되었다. 이런 상황에서, 자녀가 부모에게 기쁨을 주기 위해 최선을 다하는 것	<분류>1</분류> <판단>옳다</판단>
[도덕_문장]: 취업 축하 용돈을 주신 어머니께 감사 선물을 사드리고 싶은데, 아직 경제적 여유가 부족해서 어떤 선물을 해야 할지 고민이 되었다. 이처럼, 자녀가 경제적 여유가 부족한 상황을 이해해주는 것	<분류>1</분류> <판단>좋다</판단>
[도덕_문장]: 취업 축하 용돈을 주신 어머니께 감사 선물을 사드리고 싶은데, 아직 경제적 여유가 부족해서 어떤 선물을 해야 할지 고민이 되었다. 이러한 상황에서, 자녀의 경제적인 사정을 고려하여 선물을 준비하는 것	<분류>1</분류> <판단>좋은 행동이다</판단>
[도덕_문장]: 취업 축하 용돈을 주신 어머니께 감사 선물을 사드리고 싶은데, 아직 경제적 여유가 부족해서 어떤 선물을 해야 할지 고민이 되었다. 이처럼, 자녀가 선물하기 어려운 상황을 이해하고 부담을 덜어주는 태도를 가지는 것	<분류>1</분류> <판단>바람직하다</판단>
[도덕_문장]: 시험이 끝나고 친구와 축하파티를 하자고 약속했지만, 갑자기 피곤함이 몰려와서 약속을 미루고 싶어졌는데 친구를 실망시킬까 봐 고민했다. 이렇게, 타인과 약속을 할 때 자신의 상황을 고려해 상대방에게 미루기로 결정하고, 그 사정을 설명하며 존중해 달라고 요청하는 것	<분류>1</분류> <판단>바람직하다</판단>
[도덕_문장]: 시험이 끝나고 친구와 축하파티를 하자고 약속했지만, 갑자기 피곤함이 몰려와서 약속을 미루고 싶어졌는데 친구를 실망시킬까 봐 고민했다. 이렇게, 친구에게 상황을 설명하고 이해를 구하는 것	<분류>1</분류> <판단>예의 있는 행동이다</판단>
[도덕_문장]: 시험이 끝나고 친구와 축하파티를 하자고 약속했지만, 갑자기 피곤함이 몰려와서 약속을 미루고 싶어졌는데 친구를 실망시킬까 봐 고민했다. 이런 상황에서, 친구와의 약속을 일방적으로 미루거나 파기하기보다는 상호 조율을 시도하는 것	<분류>1</분류> <판단>적절하다</판단>
[도덕_문장]: 연인이 자기계발을 위해 새벽까지 공부하며 늦잠을 자는 것을 이해해주고 싶지만, 주말 오전에 연락이 안 되어 걱정되고 서운한 마음이 들었다. 이렇게, 타인에게 서운한 일이 생겼을 때 서로에게 양해할 여지가 있는지 대화를 시도하는 것	<분류>1</분류> <판단>좋다</판단>
[도덕_문장]: 연인이 자기계발을 위해 새벽까지 공부하며 늦잠을 자는 것을 이해해주고 싶지만, 주말 오전에 연락이 안 되어 걱정되고 서운한 마음이 들었다. 이런 상황에서, 연인에게 연락이 안되더라도 서운해 하기보다 배려하려 노력하는 것	<분류>1</분류> <판단>좋다</판단>
[도덕_문장]: 연인과 함께 긴 연휴 여행을 계획하며 기뻐하고 있지만, 회사 동료들이 모두 출근해야 하는 상황에서 나만 휴가를 즐긴다는 것에 대해 미안함과 죄책감을 느꼈다. 이런 경우에, 개인의 휴가 선택을 자신의 삶의 행복을 위해 사용하는 것	<분류>1</분류> <판단>옳다</판단>
[도덕_문장]: 시험을 못 봤는데도 부모님이 약속했던 자전거를 사주셔서 기쁘면서도 한편으로는 조건을 지키지 못한 죄송함과 받아도 되는지에 대한 고민이 들었다. 이런 상황일 때, 자녀가 조건을 지키지 못한 것에 대해 비난하기보다 용서하는 것	<분류>1</분류> <판단>옳다</판단>
[도덕_문장]: 시험을 못 봤는데도 부모님이 약속했던 자전거를 사주셔서 기쁘면서도 한편으로는 조건을 지키지 못한 죄송함과 받아도 되는지에 대한 고민이 들었다. 이처럼, 자녀가 부모의 기대와 약속에 부응하지 못하더라도 그 상황을 진심으로 이해하고 자녀를 지지하는 것	<분류>1</분류> <판단>옳다</판단>
[도덕_문장]: 시험을 못 봤는데도 부모님이 약속했던 자전거를 사주셔서 기쁘면서도 한편으로는 조건을 지키지 못한 죄송함과 받아도 되는지에 대한 고민이 들었다. 이처럼, 자녀가 약속한 조건을 지키지 못했을 때 훈육이 아닌 다른 방법으로 자녀의 행동을 유도하는 것	<분류>1</분류> <판단>좋다</판단>
[도덕_문장]: 동생이 내가 좋아하는 가수가 오는 축제에 초대해줬는데, 평소 동생에게 잘해준 것도 없으면서 이런 큰 배려를 받아도 되는지 미안하고 고마운 마음이 복잡했다. 이렇게, 상대방이 기대했던 배려를 한 번 했을 때 진심으로 감사해주는 것	<분류>1</분류> <판단>해야 한다</판단>
[도덕_문장]: 동생이 내가 좋아하는 가수가 오는 축제에 초대해줬는데, 평소 동생에게 잘해준 것도 없으면서 이런 큰 배려를 받아도 되는지 미안하고 고마운 마음이 복잡했다. 이처럼, 자신의 이익이나 입장에 대한 배려를 받았을 때 상대방의 마음을 고려해 감사를 표현하는 것	<분류>1</분류> <판단>좋다.</판단>
[도덕_문장]: 어머니와 오랜만에 좋은 시간을 보내면서 그동안 바쁘다는 핑계로 혼자 계신 어머니를 자주 찾아뵙지 못한 것에 대해 죄송함과 후회를 느꼈다. 이런 상황에서, 가족과의 관계에서 상대에 대한 애정을 표현하는 것	<분류>1</분류> <판단>바람직하다</판단>
[도덕_문장]: 동창회에서 차를 가져왔다고 했는데도 친구들이 자꾸 술을 권하며 대충 넘어가면 된다고 말해서 거절하기 어려운 상황이었다. 이처럼, 친구의 상황을 이해하지 못한 채 자신의 편의를 강요하는 것	<분류>-1</분류> <판단>좋지 않다</판단>
[도덕_문장]: 동창회에서 차를 가져왔다고 했는데도 친구들이 자꾸 술을 권하며 대충 넘어가면 된다고 말해서 거절하기 어려운 상황이었다. 이럴 때, 자신의 편의나 건강 문제를 고려해 친구들에게 술을 마시지 않아도 괜찮다는 의사를 정중하게 밝히는 것	<분류>1</분류> <판단>좋은 행동이다</판단>
[도덕_문장]: 동창회에서 차를 가져왔다고 했는데도 친구들이 자꾸 술을 권하며 대충 넘어가면 된다고 말해서 거절하기 어려운 상황이었다. 이렇게, 음주 권유가 과도할 때 정중히 거절하고 거절을 반복해도 이해해주는 것	<분류>1</분류> <판단>해야 한다</판단>
[도덕_문장]: 동창회에서 차를 가져왔다고 했는데도 친구들이 자꾸 술을 권하며 대충 넘어가면 된다고 말해서 거절하기 어려운 상황이었다. 이러한 상황에서, 음주를 권유하는 친구들에게 거절의사를 분명하게 밝히는 것	<분류>1</분류> <판단>좋다</판단>
[도덕_문장]: 동창회에서 차를 가져왔다고 했는데도 친구들이 자꾸 술을 권하며 대충 넘어가면 된다고 말해서 거절하기 어려운 상황이었다. 이럴 때, 타인의 의사를 존중하지 않은 언행을 하는 것	<분류>-1</분류> <판단>옳지 않다</판단>
[도덕_문장]: 프로젝트로 지쳐있을 때 친구들이 놀자고 연락했는데, 회사 일을 핑계로 거절하고 싶었지만 스트레스 해소가 필요해서 결국 만나기로 했다. 이처럼, 친구에게 연락할 때 상대방의 상황을 고려해 배려심 있게 행동하는 것	<분류>1</분류> <판단>해야 한다</판단>
[도덕_문장]: 프로젝트로 지쳐있을 때 친구들이 놀자고 연락했는데, 회사 일을 핑계로 거절하고 싶었지만 스트레스 해소가 필요해서 결국 만나기로 했다. 이런 상황일 때, 회사 동료의 요청을 무리하지 않는 범위에서 처리하는 것	<분류>1</분류> <판단>옳다.</판단>
[도덕_문장]: 프로젝트로 지쳐있을 때 친구들이 놀자고 연락했는데, 회사 일을 핑계로 거절하고 싶었지만 스트레스 해소가 필요해서 결국 만나기로 했다. 이처럼, 친구의 부탁을 받았을 때 상대방의 사정을 고려해 조율하는 것	<분류>1</분류> <판단>바람직하다</판단>
[도덕_문장]: 생일에 자신을 위해 비싼 가방을 사고 싶었지만 큰 금액을 나 자신에게 쓰는 것이 과연 옳은 일인지 고민했다. 이런 상황에서, 자신의 소비에 대해 고민하는 것	<분류>1</분류> <판단>바람직하다</판단>
[도덕_문장]: 생일에 자신을 위해 비싼 가방을 사고 싶었지만 큰 금액을 나 자신에게 쓰는 것이 과연 옳은 일인지 고민했다. 이렇게, 개인적인 소비를 자신의 경제 상황에 맞게 신중하게 결정하는 것	<분류>1</분류> <판단>바람직하다</판단>
[도덕_문장]: 생일에 자신을 위해 비싼 가방을 사고 싶었지만 큰 금액을 나 자신에게 쓰는 것이 과연 옳은 일인지 고민했다. 이런 상황일 때, 자신의 소비를 경제적 사정과 지출의 균형을 고려해 결정하는 것	<분류>1</분류> <판단>해야 한다</판단>
[도덕_문장]: 요가 수련원에서 만난 지인이 자신도 요가를 배우고 싶다고 했는데, 개인적인 시간을 방해받고 싶지 않아서 바쁘다는 핑계를 댔다. 이처럼, 타인이 거절하였을 때 강요하지 않는 것	<분류>1</분류> <판단>좋다</판단>
[도덕_문장]: 요가 수련원에서 만난 지인이 자신도 요가를 배우고 싶다고 했는데, 개인적인 시간을 방해받고 싶지 않아서 바쁘다는 핑계를 댔다. 이럴 때, 자신의 일정이 방해되지 않도록 지인의 요구를 정중하게 거절하는 것	<분류>0</분류> <판단>괜찮다</판단>
[도덕_문장]: 요가 수련원에서 만난 지인이 자신도 요가를 배우고 싶다고 했는데, 개인적인 시간을 방해받고 싶지 않아서 바쁘다는 핑계를 댔다. 이런 경우에, 타인에게 피해를 주지 않도록 자신의 일정과 욕구를 명확하게 전달하는 것	<분류>1</분류> <판단>바람직하다</판단>
[도덕_문장]: 요가 수련원에서 만난 지인이 자신도 요가를 배우고 싶다고 했는데, 개인적인 시간을 방해받고 싶지 않아서 바쁘다는 핑계를 댔다. 이런 경우에, 개인의 취미 활동이나 개인 시간을 존중하는 것	<분류>1</분류> <판단>옳다</판단>
[도덕_문장]: 교통사고 후유증으로 힘들었던 경험이 있는 친구가 새벽 인력시장에서 일하는 것을 너무 기뻐하며 나에게도 함께 하자고 제안했는데, 그 일이 힘들어 보여서 거절하고 싶었지만 친구의 간절함에 결국 함께 하겠다고 말했다. 이렇게, 타인의 상황을 존중하는 것	<분류>1</분류> <판단>바람직하다</판단>
[도덕_문장]: 교통사고 후유증으로 힘들었던 경험이 있는 친구가 새벽 인력시장에서 일하는 것을 너무 기뻐하며 나에게도 함께 하자고 제안했는데, 그 일이 힘들어 보여서 거절하고 싶었지만 친구의 간절함에 결국 함께 하겠다고 말했다. 이렇게, 상대방이 힘들어 할 때 이해하는 것	<분류>1</분류> <판단>좋다</판단>
[도덕_문장]: 교통사고 후유증으로 힘들었던 경험이 있는 친구가 새벽 인력시장에서 일하는 것을 너무 기뻐하며 나에게도 함께 하자고 제안했는데, 그 일이 힘들어 보여서 거절하고 싶었지만 친구의 간절함에 결국 함께 하겠다고 말했다. 이런 경우에, 친구가 겪는 어려움을 공감하고 적절한 조치를 하는 것	<분류>1</분류> <판단>해야 한다</판단>
[도덕_문장]: 사기를 당해서 경찰에 신고했지만 범인이 잡힐 때까지 기다리는 동안 주변 사람들에게 피해 사실을 알릴지 혼자 참고 견딜지 고민했다. 이렇게, 주변 사람에게 피해를 준 경우 도움을 요청하거나 조언을 구하는 것	<분류>1</분류> <판단>바람직하다</판단>
[도덕_문장]: 좋아하는 선배에게 고백받아서 기쁘지만, 인기가 많은 선배와 사귀게 되면서 다른 사람들의 시선이나 질투가 부담스러워 관계를 공개할지 말지 고민이 된다. 이러한 상황에서, 자신의 감정을 존중하고, 감당할 수 있는 범위 내에서 관계를 선택하는 것	<분류>1</분류> <판단>바람직하다</판단>
[도덕_문장]: 초등학교 동창 모임에서 첫사랑을 만나게 되어 설레지만, 오랜 시간이 지나 서로 어떻게 변했을지 몰라 걱정과 기대 사이에서 고민했다. 이런 경우에, 오랜 시간이 지나 만난 첫사랑에게 예의를 지키는 것	<분류>1</분류> <판단>좋다</판단>
[도덕_문장]: 내가 좋아하는 단골 식당에 지인을 초대했는데 그 지인이 내 면전에서 맛이 없다고 말해서 상처받았지만 다른 사람들 앞에서 속 좁아 보일까 봐 웃으면서 참았다. 이러한 상황에서, 가까운 사람들이 불편함을 느끼지 않도록 배려하는 태도를 갖추는 것	<분류>1</분류> <판단>좋다</판단>
[도덕_문장]: 내가 좋아하는 단골 식당에 지인을 초대했는데 그 지인이 내 면전에서 맛이 없다고 말해서 상처받았지만 다른 사람들 앞에서 속 좁아 보일까 봐 웃으면서 참았다. 이러한 상황에서, 다른 사람의 감정을 배려하는 것	<분류>1</분류> <판단>좋은 행동이다</판단>
[도덕_문장]: 내가 좋아하는 단골 식당에 지인을 초대했는데 그 지인이 내 면전에서 맛이 없다고 말해서 상처받았지만 다른 사람들 앞에서 속 좁아 보일까 봐 웃으면서 참았다. 이런 상황에서, 상대방의 기분을 배려하는 것	<분류>1</분류> <판단>필요하다</판단>
[도덕_문장]: 내가 좋아하는 단골 식당에 지인을 초대했는데 그 지인이 내 면전에서 맛이 없다고 말해서 상처받았지만 다른 사람들 앞에서 속 좁아 보일까 봐 웃으면서 참았다. 이런 상황에서, 상대의 의견에 동의하지 않더라도 감정적으로 상처를 주는 말을 피하는 것	<분류>1</분류> <판단>좋다</판단>
[도덕_문장]: 열심히 운동해서 살을 뺐는데 사람들이 성형했냐고 물어봐서 기뻐해야 할지 속상해해야 할지 혼란스러웠다. 이럴 때, 타인의 외모 변화의 이유를 함부로 추측하거나 평가하는 것	<분류>-1</분류> <판단>안 된다</판단>
[도덕_문장]: 연인을 잃고 슬퍼하는 친구에게 주변 사람들은 힘내라고 위로했지만, 나는 그냥 마음껏 슬퍼해도 된다고 말해야 할지 고민했다. 이런 상황에서, 슬픔에 빠진 사람에게 자신의 사정을 강요하거나 억지로 긍정적인 말을 하게 하는 것	<분류>1</분류> <판단>바람직하지 않다</판단>
[도덕_문장]: 연인을 잃고 슬퍼하는 친구에게 주변 사람들은 힘내라고 위로했지만, 나는 그냥 마음껏 슬퍼해도 된다고 말해야 할지 고민했다. 이러한 상황에서, 다른 사람의 고통을 함부로 평가하지 않는 것	<분류>1</분류> <판단>바람직하다</판단>
[도덕_문장]: 연인을 잃고 슬퍼하는 친구에게 주변 사람들은 힘내라고 위로했지만, 나는 그냥 마음껏 슬퍼해도 된다고 말해야 할지 고민했다. 이처럼, 위로의 말을 상황과 상대방의 마음의 상태를 고려해 말하는 것	<분류>1</분류> <판단>해야 한다</판단>
[도덕_문장]: 연인을 잃고 슬퍼하는 친구에게 주변 사람들은 힘내라고 위로했지만, 나는 그냥 마음껏 슬퍼해도 된다고 말해야 할지 고민했다. 이렇게, 가까운 친구가 슬픔에 빠져있을 때 자신만의 위로 방식을 강요하지 않는 것	<분류>1</분류> <판단>좋다.</판단>
[도덕_문장]: 연인을 잃고 슬퍼하는 친구에게 주변 사람들은 힘내라고 위로했지만, 나는 그냥 마음껏 슬퍼해도 된다고 말해야 할지 고민했다. 이렇게, 슬픔을 표현할 때 주변의 조언이나 위로를 참고하는 것	<분류>1</분류> <판단>바람직하다</판단>
[도덕_문장]: 집 정리를 하다가 남편의 서랍에서 예쁜 옛 애인과의 사진을 발견했는데, 남편에게 직접 물어봐야 할지 모른 척해야 할지 고민이 됐다. 이런 경우에, 상대방의 사생활에 대해 의심하기 전에 서로의 신뢰를 먼저 생각하는 것	<분류>1</분류> <판단>좋다</판단>
[도덕_문장]: 식당을 운영하는데 손님이 음식이 맛없다며 돈을 내지 않고 가버려서 내 요리 실력에 대한 자신감이 무너지고 장사를 그만둘까 고민했다. 이처럼, 식당에서 식사를 할 때 정당한 대가를 지불하는 것	<분류>1</분류> <판단>바람직하다</판단>
[도덕_문장]: 식당을 운영하는데 손님이 음식이 맛없다며 돈을 내지 않고 가버려서 내 요리 실력에 대한 자신감이 무너지고 장사를 그만둘까 고민했다. 이런 상황일 때, 서비스를 제공받은 손님이 그 대가를 지불하는 것	<분류>1</분류> <판단>옳다</판단>
[도덕_문장]: 내가 먼저 헤어지자고 했던 전 남자친구에게 새 여자친구가 생긴 것을 SNS에서 보고 질투와 상처를 느끼는 내 자신이 한심하고 창피했다. 이렇게, 헤어진 연인이 새로운 관계를 시작할 때 이를 비난하지 않는 것	<분류>1</분류> <판단>좋다</판단>
[도덕_문장]: 내가 먼저 헤어지자고 했던 전 남자친구에게 새 여자친구가 생긴 것을 SNS에서 보고 질투와 상처를 느끼는 내 자신이 한심하고 창피했다. 이런 상황에서, 전 연인의 SNS를 자주 확인하지 않는 것	<분류>1</분류> <판단>좋다</판단>
[도덕_문장]: 이직을 준비하는 과정에서 이전 경력이 인정받지 못한다는 얘기를 들었는데, 지인이 지금까지의 시간이 쓸모없었다고 무시하는 말을 해서 상처받았지만 그 말이 계속 머릿속에 맴돌며 자신감이 떨어졌다. 이럴 때, 이직 준비 중 상처를 준 것에 대해 사과하는 것	<분류>1</분류> <판단>좋다</판단>
[도덕_문장]: 이직을 준비하는 과정에서 이전 경력이 인정받지 못한다는 얘기를 들었는데, 지인이 지금까지의 시간이 쓸모없었다고 무시하는 말을 해서 상처받았지만 그 말이 계속 머릿속에 맴돌며 자신감이 떨어졌다. 이렇게, 타인의 상황이나 고민을 무시하는 것	<분류>-1</분류> <판단>옳지 않다</판단>
[도덕_문장]: 남자친구가 엄마를 만나자마자 너무 예쁘시다고 말해서 기분이 상했지만, 나중에 농담이었다며 사과하는 남자친구에게 화를 낸 것이 미안해졌다. 이런 상황일 때, 연인과 가족 간의 감정적 오해를 해소하기 위해 적절한 의사소통을 하는 것	<분류>1</분류> <판단>바람직하다</판단>
[도덕_문장]: 남자친구가 엄마를 만나자마자 너무 예쁘시다고 말해서 기분이 상했지만, 나중에 농담이었다며 사과하는 남자친구에게 화를 낸 것이 미안해졌다. 이러한 상황에서, 연인이라면 가족 구성원에 대한 칭찬이 진심인지 농담인지 구분하는 것	<분류>1</분류> <판단>좋다</판단>
[도덕_문장]: 남자친구가 엄마를 만나자마자 너무 예쁘시다고 말해서 기분이 상했지만, 나중에 농담이었다며 사과하는 남자친구에게 화를 낸 것이 미안해졌다. 이처럼, 연인이 불쾌한 말을 했을 때 상황을 고려해 대처하는 것	<분류>1</분류> <판단>해야 한다</판단>
[도덕_문장]: 남자친구가 엄마를 만나자마자 너무 예쁘시다고 말해서 기분이 상했지만, 나중에 농담이었다며 사과하는 남자친구에게 화를 낸 것이 미안해졌다. 이러한 상황에서, 타인에게 예의없는 언행을 한 점에 대해 사과하는 것	<분류>1</분류> <판단>바람직하다</판단>
[도덕_문장]: 남자친구가 엄마를 만나자마자 너무 예쁘시다고 말해서 기분이 상했지만, 나중에 농담이었다며 사과하는 남자친구에게 화를 낸 것이 미안해졌다. 이처럼, 자신의 말로 상처를 준 경우에 바로 화를 내기보다는 말해주는 것	<분류>1</분류> <판단>좋다</판단>
[도덕_문장]: 평소 눈 오는 날을 싫어한다고 말해왔는데 연인과의 첫 데이트 이후 눈이 좋아졌다고 하니 친구들이 이중적이라며 놀려서 당황스러웠다. 이럴 때, 연인과 함께 하는 경험이 기분을 변하게 했다는 것을 친구들에게 말하는 것	<분류>0</분류> <판단>할 수 있다</판단>
[도덕_문장]: 평소 눈 오는 날을 싫어한다고 말해왔는데 연인과의 첫 데이트 이후 눈이 좋아졌다고 하니 친구들이 이중적이라며 놀려서 당황스러웠다. 이럴 때, 연인이 본인과의 만남으로 긍정적인 변화가 있음을 인정하고 이해해주는 것	<분류>1</분류> <판단>바람직하다</판단>
[도덕_문장]: 평소 눈 오는 날을 싫어한다고 말해왔는데 연인과의 첫 데이트 이후 눈이 좋아졌다고 하니 친구들이 이중적이라며 놀려서 당황스러웠다. 이럴 때, 타인의 감정 변화를 이유로 비난하는 것	<분류>-1</분류> <판단>바람직하지 않다</판단>
[도덕_문장]: 남편과의 갈등으로 이혼을 고려하고 있는데, 6살 아들이 이혼하냐고 물으며 아빠와 살겠다고 해서 아이에게 어떻게 설명해야 할지 고민했다. 이런 상황에서, 자식이 아빠와 엄마 중 누구와 사는 게 좋을지 생각해보는 것	<분류>1</분류> <판단>좋지 않다</판단>
[도덕_문장]: 남편과의 갈등으로 이혼을 고려하고 있는데, 6살 아들이 이혼하냐고 물으며 아빠와 살겠다고 해서 아이에게 어떻게 설명해야 할지 고민했다. 이처럼, 부모가 자녀에게 가정사를 설명할 때 아이의 정서를 존중하며 이해하기 쉬운 표현을 사용하는 것	<분류>1</분류> <판단>바람직하다</판단>
[도덕_문장]: 남편과의 갈등으로 이혼을 고려하고 있는데, 6살 아들이 이혼하냐고 물으며 아빠와 살겠다고 해서 아이에게 어떻게 설명해야 할지 고민했다. 이런 상황일 때, 이혼하는 가족에 있는 아이가 엄마 아빠가 싸우더라도 자신이 사랑받고 있다는 것을 알게 되는 것	<분류>1</분류> <판단>아는 것이 필요하다</판단>
[도덕_문장]: 남편과의 갈등으로 이혼을 고려하고 있는데, 6살 아들이 이혼하냐고 물으며 아빠와 살겠다고 해서 아이에게 어떻게 설명해야 할지 고민했다. 이렇게, 부모가 자녀에게 감정적인 충격을 줄 수 있는 상황에서 자녀의 정서적 안정을 최우선으로 고려하는 것	<분류>1</분류> <판단>해야 한다</판단>
[도덕_문장]: 교통사고로 입원한 상황에서 회사에서 퇴사 처리를 하겠다고 연락이 왔는데, 부당하다고 생각하지만 현재 몸이 아픈 상태라 제대로 대응할 수 없어서 그냥 받아들여야 할지 고민했다. 이럴 때, 교통사고로 인해 회사에 피해를 준 직원에게 퇴사를 강요하는 것	<분류>-1</분류> <판단>안 된다</판단>
[도덕_문장]: 교통사고로 입원한 상황에서 회사에서 퇴사 처리를 하겠다고 연락이 왔는데, 부당하다고 생각하지만 현재 몸이 아픈 상태라 제대로 대응할 수 없어서 그냥 받아들여야 할지 고민했다. 이처럼, 회사가 직원이 교통사고로 입원한 경우 퇴사 처리를 강행하는 것	<분류>-1</분류> <판단>옳지 않다</판단>
[도덕_문장]: 자식들이 힘들어하는 모습을 보며 과거에 일 때문에 아이들을 제대로 돌보지 못한 것이 지금의 원인인지 자책하며 후회스러운 마음에 잠을 이루지 못했다. 이럴 때, 자신의 실수를 반성하고 더 나은 선택을 하는 것	<분류>1</분류> <판단>바람직하다</판단>
[도덕_문장]: 회사에서 승진에서 밀린 동료가 내가 부장님에게 애교를 부려 특혜를 받는다는 거짓 소문을 퍼뜨려 동료들이 나를 피하고 있는데, 직접 따져야 할지 참고 넘어가야 할지 고민했다. 이러한 상황에서, 직장 내에서 동료에 대한 거짓 소문을 바로잡는 것	<분류>1</분류> <판단>옳다</판단>
[도덕_문장]: 롤모델이었던 언니가 갑작스럽게 임신과 결혼을 발표해서 배신감과 실망감을 느끼지만, 동시에 언니의 행복을 진심으로 축복해야 한다는 마음 사이에서 갈등했다. 이러한 상황에서, 개인의 선택을 존중하는 것	<분류>1</분류> <판단>중요하다</판단>
[도덕_문장]: 롤모델이었던 언니가 갑작스럽게 임신과 결혼을 발표해서 배신감과 실망감을 느끼지만, 동시에 언니의 행복을 진심으로 축복해야 한다는 마음 사이에서 갈등했다. 이런 상황일 때, 자신이 원하는 삶을 선택하는 것	<분류>1</분류> <판단>옳다</판단>
[도덕_문장]: 친척들이 추석에 오라고 하시는데 가면 부모님 생각이 더 나서 괴로울 것 같아 혼자 집에 있겠다고 거절했다. 이런 상황일 때, 상대의 결정을 존중해주는 것	<분류>1</분류> <판단>필요하다</판단>
[도덕_문장]: 친척들이 추석에 오라고 하시는데 가면 부모님 생각이 더 나서 괴로울 것 같아 혼자 집에 있겠다고 거절했다. 이러한 상황에서, 가족을 만나러 가기 전에 부담을 먼저 말하는 것	<분류>0</분류> <판단>괜찮다</판단>
[도덕_문장]: 친척들이 추석에 오라고 하시는데 가면 부모님 생각이 더 나서 괴로울 것 같아 혼자 집에 있겠다고 거절했다. 이렇게, 가족의 방문에 어려움을 느낄 때 솔직하게 의사를 전달하는 것	<분류>1</분류> <판단>옳다</판단>
[도덕_문장]: 가족들이 내 출생의 비밀을 평생 숨겨왔다는 사실을 알게 되었는데, 나를 위한 선택이었다는 것을 이해하면서도 배신감과 원망이 들어 복잡한 마음이 들었다. 이러한 상황에서, 자녀에게 거짓말을 하는 것	<분류>-1</분류> <판단>옳지 않다</판단>
[도덕_문장]: 교수님이 나에게는 예술가로서의 천부적 재능이 없다고 말씀하셔서 그림을 포기할지 계속 도전할지 깊은 고민에 빠졌다. 이런 상황일 때, 학생의 재능 여부를 함부로 단정 짓지 않고 존중하는 태도를 보이는 것	<분류>1</분류> <판단>좋다</판단>
[도덕_문장]: 교수님이 나에게는 예술가로서의 천부적 재능이 없다고 말씀하셔서 그림을 포기할지 계속 도전할지 깊은 고민에 빠졌다. 이럴 때, 자신의 분야에서 학생들에게 재능의 기준을 말하는 것	<분류>-1</분류> <판단>바람직하지 않다</판단>
[도덕_문장]: 교수님이 나에게는 예술가로서의 천부적 재능이 없다고 말씀하셔서 그림을 포기할지 계속 도전할지 깊은 고민에 빠졌다. 이런 경우에, 교육자가 학생에게 재능이 없다고 말하는 것	<분류>-1</분류> <판단>안 되다</판단>
[도덕_문장]: 명절 가족 모임에서 엄마가 취업 준비 중인 나를 사촌들과 비교하며 노력 부족하다는 식으로 말해서 상처받았지만, 가족 관계를 위해 이해하고 대화로 풀어야 할지 고민했다. 이렇게, 취업으로 인한 가족들의 비교에 상처받았을 때, 대화를 통해 본인의 감정을 설명하는 것	<분류>1</분류> <판단>할 수 있다</판단>
[도덕_문장]: 명절 가족 모임에서 엄마가 취업 준비 중인 나를 사촌들과 비교하며 노력 부족하다는 식으로 말해서 상처받았지만, 가족 관계를 위해 이해하고 대화로 풀어야 할지 고민했다. 이런 경우에, 명절 가족 모임에서 자녀에게 상처가 될 수 있는 말을 삼기는 것	<분류>-1</분류> <판단>해야 한다</판단>
[도덕_문장]: 명절 가족 모임에서 엄마가 취업 준비 중인 나를 사촌들과 비교하며 노력 부족하다는 식으로 말해서 상처받았지만, 가족 관계를 위해 이해하고 대화로 풀어야 할지 고민했다. 이런 경우에, 부모에게 상처받았더라도 대화를 통해 이해시키는 노력을 하는 것	<분류>1</분류> <판단>바람직하다</판단>
[도덕_문장]: 명절 가족 모임에서 엄마가 취업 준비 중인 나를 사촌들과 비교하며 노력 부족하다는 식으로 말해서 상처받았지만, 가족 관계를 위해 이해하고 대화로 풀어야 할지 고민했다. 이렇게, 취업 준비 중인 가족 구성원에게 자신의 상황을 이해시키는 것	<분류>1</분류> <판단>좋다</판단>
[도덕_문장]: 친구가 번지점프를 함께 하자고 제안했는데 너무 무서워서 거절하고 싶지만 용기 없는 사람으로 보일까봐 고민했다. 이런 상황에서, 자신이 원하지 않는 제안을 거절하는 것	<분류>1</분류> <판단>할 수 있다</판단>
[도덕_문장]: 친구가 번지점프를 함께 하자고 제안했는데 너무 무서워서 거절하고 싶지만 용기 없는 사람으로 보일까봐 고민했다. 이처럼, 제안을 받았을 때 거절하는 것	<분류>0</분류> <판단>괜찮다</판단>
[도덕_문장]: 친구가 번지점프를 함께 하자고 제안했는데 너무 무서워서 거절하고 싶지만 용기 없는 사람으로 보일까봐 고민했다. 이럴 때, 친구의 안전을 염려해주는 것	<분류>1</분류> <판단>바람직하다</판단>
[도덕_문장]: 엄마가 친척 모임 때문에 살을 빼라고 하며 사촌 언니와 비교까지 해서 상처받았지만, 엄마의 비만 합병증 경험을 생각하니 건강을 걱정해서 한 말인지 솔직하게 대화해야 할지 고민했다. 이렇게, 가족 구성원에게 상처를 주는 표현을 할 때 표현 방식을 조절하여 가족 간의 갈등을 최소화하는 것	<분류>1</분류> <판단>옳다</판단>
[도덕_문장]: 엄마가 친척 모임 때문에 살을 빼라고 하며 사촌 언니와 비교까지 해서 상처받았지만, 엄마의 비만 합병증 경험을 생각하니 건강을 걱정해서 한 말인지 솔직하게 대화해야 할지 고민했다. 이런 상황일 때, 건강 문제에 대해 가족의 조언을 고려해보는 것	<분류>1</분류> <판단>좋다.</판단>
[도덕_문장]: 엄마가 친척 모임 때문에 살을 빼라고 하며 사촌 언니와 비교까지 해서 상처받았지만, 엄마의 비만 합병증 경험을 생각하니 건강을 걱정해서 한 말인지 솔직하게 대화해야 할지 고민했다. 이처럼, 엄마의 말에 상처를 받았을 때 대화를 통해 자신의 입장을 차분하게 표현하는 것	<분류>1</분류> <판단>바람직하다</판단>
[도덕_문장]: 회사 부장님이 회의 자료를 던지며 \"필요 없으니 나가라\"고 모욕적인 말을 했는데, 이에 대해 항의해야 할지 참고 넘어가야 할지 고민이 되었다. 이런 상황일 때, 직장에서 권위 있는 위치에 있는 사람이 부하 직원들에게 모욕적인 언행을 하는 것	<분류>-1</분류> <판단>안 된다</판단>
[도덕_문장]: 회사 부장님이 회의 자료를 던지며 \"필요 없으니 나가라\"고 모욕적인 말을 했는데, 이에 대해 항의해야 할지 참고 넘어가야 할지 고민이 되었다. 이러한 상황에서, 직장 내 지위를 이용해 부하직원을 모욕하는 것	<분류>-1</분류> <판단>옳지 않다</판단>
[도덕_문장]: 회사 부장님이 회의 자료를 던지며 \"필요 없으니 나가라\"고 모욕적인 말을 했는데, 이에 대해 항의해야 할지 참고 넘어가야 할지 고민이 되었다. 이처럼, 회의를 진행할 때 적절한 예의와 존중이 있는 것	<분류>1</분류> <판단>있어야 한다</판단>
[도덕_문장]: 회사 부장님이 회의 자료를 던지며 \"필요 없으니 나가라\"고 모욕적인 말을 했는데, 이에 대해 항의해야 할지 참고 넘어가야 할지 고민이 되었다. 이런 상황일 때, 부하 직원의 업무 자료를 무시하는 것	<분류>-1</분류> <판단>옳지 않다</판단>
[도덕_문장]: 회사 부장님이 회의 자료를 던지며 \"필요 없으니 나가라\"고 모욕적인 말을 했는데, 이에 대해 항의해야 할지 참고 넘어가야 할지 고민이 되었다. 이러한 상황에서, 직장 내에서 모욕적인 언행을 하는 것	<분류>-1</분류> <판단>하지 말아야 한다</판단>
[도덕_문장]: 환경보호를 위해 빨대를 사용하지 않는다고 말했더니 조별 과제 팀원이 과하게 행동한다며 화를 내서 당황스럽고 상처받았지만 똑같이 되돌려주고 싶지 않아 차분하게 대처했다. 이런 상황일 때, 다른 사람과 마찰이 있어도 감정적으로 대응하지 않는 것	<분류>1</분류> <판단>좋다</판단>
[도덕_문장]: 환경보호를 위해 빨대를 사용하지 않는다고 말했더니 조별 과제 팀원이 과하게 행동한다며 화를 내서 당황스럽고 상처받았지만 똑같이 되돌려주고 싶지 않아 차분하게 대처했다. 이렇게, 사람들 사이에서 갈등이 있을 때 서로 존중하는 방식으로 대화하는 것	<분류>1</분류> <판단>중요하다</판단>
[도덕_문장]: 환경보호를 위해 빨대를 사용하지 않는다고 말했더니 조별 과제 팀원이 과하게 행동한다며 화를 내서 당황스럽고 상처받았지만 똑같이 되돌려주고 싶지 않아 차분하게 대처했다. 이렇게, 조별 과제 팀원으로서 의견 차이로 인해 불쾌한 상황이 발생했을 때 침착하게 대화를 시도하는 것	<분류>1</분류> <판단>옳다</판단>
[도덕_문장]: 환경보호를 위해 빨대를 사용하지 않는다고 말했더니 조별 과제 팀원이 과하게 행동한다며 화를 내서 당황스럽고 상처받았지만 똑같이 되돌려주고 싶지 않아 차분하게 대처했다. 이런 상황일 때, 상대의 감정을 존중하는 것	<분류>1</분류> <판단>해야 한다</판단>
[도덕_문장]: 환경보호를 위해 빨대를 사용하지 않는다고 말했더니 조별 과제 팀원이 과하게 행동한다며 화를 내서 당황스럽고 상처받았지만 똑같이 되돌려주고 싶지 않아 차분하게 대처했다. 이럴 때, 남의 말을 듣고 기분이 나쁘다고 화를 내지 않고 서로 이해하는 것	<분류>1</분류> <판단>좋다</판단>
[도덕_문장]: 친구와 게임비 내기에서 정정당당하게 이겼는데 친구가 반칙했다며 화를 내서 나도 같이 화를 냈지만, 우정이 깨질까 봐 걱정되어 먼저 화해해야 할지 고민했다. 이런 상황에서, 친구와의 관계를 지키기 위해 노력하는 것	<분류>1</분류> <판단>해야 한다</판단>
[도덕_문장]: 친구와 게임비 내기에서 정정당당하게 이겼는데 친구가 반칙했다며 화를 내서 나도 같이 화를 냈지만, 우정이 깨질까 봐 걱정되어 먼저 화해해야 할지 고민했다. 이러한 상황에서, 상대방의 감정을 고려하면서 자신의 의견을 전달하는 것	<분류>1</분류> <판단>바람직하다</판단>
[도덕_문장]: 장학금을 받지 못해 상처받은 상황에서 같이 공부한 친구가 장학금을 받아 기뻐하는데 질투심 때문에 진심으로 축하해 줄 수 없었다. 이처럼, 질투심을 느끼는 상황에서 상대방의 기분을 배려하며 축하를 표현하는 것	<분류>1</분류> <판단>중요하다</판단>
[도덕_문장]: 헤어진 연인에게 많은 돈과 정성을 쏟아부었는데 고마워하지 않고 더 많은 것을 요구해서 억울하지만, 내가 불안해서 과도하게 잘해준 것은 아닌지 자책하게 된다. 이럴 때, 연인에게 과도한 투자를 하는 것	<분류>-1</분류> <판단>바람직하지 않다</판단>
[도덕_문장]: 독신주의를 고집하던 친구가 갑자기 결혼한다고 해서 기쁘지만, 내가 그 친구를 통해 남편을 만났기 때문에 친구만 혼자 남겨둔 것 같아 미안한 마음이 들었다. 이럴 때, 친구의 선택을 존중하는 것	<분류>1</분류> <판단>바람직하다</판단>
[도덕_문장]: 독신주의를 고집하던 친구가 갑자기 결혼한다고 해서 기쁘지만, 내가 그 친구를 통해 남편을 만났기 때문에 친구만 혼자 남겨둔 것 같아 미안한 마음이 들었다. 이런 상황일 때, 친구의 관계가 변화해도 친구의 감정을 배려하는 것	<분류>1</분류> <판단>좋은 일이다</판단>
[도덕_문장]: 친구가 싸우면서 나를 고집불통이라고 말해서 상처받았지만, 돌이켜보니 실제로 다른 사람들의 충고를 잘 듣지 않는 내 모습을 인정하게 되어 복잡한 마음이 들었다. 이런 상황일 때, 자신의 실수를 인지하고 받아들이는 태도를 유지하는 것	<분류>1</분류> <판단>좋다</판단>
[도덕_문장]: 친구가 약속 한 시간 전에 졸리다는 이유로 일방적으로 만남을 취소했는데, 이런 일이 반복되어 관계를 정리해야 할지 고민이 된다. 이런 상황일 때, 친구와의 약속을 일방적으로 취소하는 것	<분류>-1</분류> <판단>옳지 않다</판단>
[도덕_문장]: 친구가 약속 한 시간 전에 졸리다는 이유로 일방적으로 만남을 취소했는데, 이런 일이 반복되어 관계를 정리해야 할지 고민이 된다. 이런 상황일 때, 약속을 일방적으로 취소하는 것	<분류>-1</분류> <판단>바람직하지 않다</판단>
[도덕_문장]: 친구가 약속 한 시간 전에 졸리다는 이유로 일방적으로 만남을 취소했는데, 이런 일이 반복되어 관계를 정리해야 할지 고민이 된다. 이런 상황일 때, 약속 시간에 임박해 상대가 피곤해 보인다는 이유로 일방적으로 만남을 취소하는 것	<분류>-1</분류> <판단>옳지 않다</판단>
[도덕_문장]: 친구가 약속 한 시간 전에 졸리다는 이유로 일방적으로 만남을 취소했는데, 이런 일이 반복되어 관계를 정리해야 할지 고민이 된다. 이러한 상황에서, 상대의 일정을 일방적으로 취소하는 것	<분류>-1</분류> <판단>바람직하지 않다</판단>
[도덕_문장]: 동창회에서 한 남학생이 내 여드름을 놀렸는데, 그 자리에서 반박하지 못하고 상처만 받은 채 넘어가 버렸다. 이럴 때, 남에게 신체적인 약점이라고 할 수 있는 것을 가지고 논하는 것	<분류>-1</분류> <판단>옳지 않다</판단>
[도덕_문장]: 동창회에서 한 남학생이 내 여드름을 놀렸는데, 그 자리에서 반박하지 못하고 상처만 받은 채 넘어가 버렸다. 이런 상황에서, 사람의 외모에 대해 무례하게 말하는 것	<분류>-1</분류> <판단>좋지 않다</판단>
[도덕_문장]: 시력이 좋지 않은데도 여자친구 앞에서 멋있게 보이고 싶어서 도수 없는 선글라스를 끼고 운전하다가 사고 날 뻔해서 여자친구에게 한심하다는 표정을 받았다. 이럴 때, 자신의 행동으로 상대방에게 피해를 주는 것	<분류>-1</분류> <판단>옳지 않다</판단>
[도덕_문장]: 시력이 좋지 않은데도 여자친구 앞에서 멋있게 보이고 싶어서 도수 없는 선글라스를 끼고 운전하다가 사고 날 뻔해서 여자친구에게 한심하다는 표정을 받았다. 이럴 때, 안경을 쓰지 않고 운전하는 것	<분류>-1</분류> <판단>좋지 않다</판단>
[도덕_문장]: 시력이 좋지 않은데도 여자친구 앞에서 멋있게 보이고 싶어서 도수 없는 선글라스를 끼고 운전하다가 사고 날 뻔해서 여자친구에게 한심하다는 표정을 받았다. 이런 상황일 때, 운전을 하면서 규정에 어긋나는 행동으로 위험을 초래하는 것	<분류>-1</분류> <판단>안 되다</판단>
[도덕_문장]: 시력이 좋지 않은데도 여자친구 앞에서 멋있게 보이고 싶어서 도수 없는 선글라스를 끼고 운전하다가 사고 날 뻔해서 여자친구에게 한심하다는 표정을 받았다. 이런 상황에서, 자신의 안전보다 상대에게 잘 보이기 위해 무리한 선택을 하는 것	<분류>-1</분류> <판단>바람직하지 않다</판단>
[도덕_문장]: 아내에게 최선을 다해 헌신했다고 생각했는데 아내가 이유 없이 화를 내고 우울해하자, 내 잘못인지 아내의 문제인지 판단하기 어려워 혼란스러웠다. 이렇게, 감정 변화가 아내의 문제만으로 생각되지 않을 경우, 이유를 찾아보려고 노력하는 것	<분류>1</분류> <판단>좋다</판단>
[도덕_문장]: 소품 장사를 하는데 손님이 모바일 송금 내역을 보여주고 직후에 취소해서 돈을 받지 못했지만, 경찰 신고 대신 경고문을 붙여 손님이 스스로 잘못을 인정하길 기다리기로 했다. 이럴 때, 경고문을 붙여 잘못을 인정하도록 유도하는 것	<분류>1</분류> <판단>좋다</판단>
[도덕_문장]: 회사 동료들이 내가 밥을 늦게 먹는다고 굼벵이라며 놀리고 각자 밥을 먹자고 해서 상처받았지만, 관계가 악화될까 봐 빨리 먹으려 억지로 노력하며 눈치를 봐야 했다. 이런 상황에서, 동료로서 상대를 존중하지 못하는 것	<분류>-1</분류> <판단>바람직하지 않다</판단>
[도덕_문장]: 회사 동료들이 내가 밥을 늦게 먹는다고 굼벵이라며 놀리고 각자 밥을 먹자고 해서 상처받았지만, 관계가 악화될까 봐 빨리 먹으려 억지로 노력하며 눈치를 봐야 했다. 이런 경우에, 다른 사람의 식사 속도를 이유로 놀리는 것	<분류>-1</분류> <판단>옳지 않다</판단>
[도덕_문장]: 존경하던 담당 교수님이 표절로 교수직에서 물러나게 되어 그분과의 좋았던 추억들까지 모두 잘못된 것처럼 느껴져 혼란스러웠다. 이런 상황에서, 타인의 잘못된 행동으로 인해 자신의 좋았던 추억이 훼손되더라도 그것을 자신의 잘못으로 여기지 않는 것	<분류>1</분류> <판단>해야 한다</판단>
[도덕_문장]: 바이올린 학원에서 선생님이 활로 손등을 때려 상처받고 억울했지만, 직접 항의하기보다는 그냥 참고 넘어가야 할지 고민했다. 이런 상황일 때, 선생님이 학생에게 신체적 폭력을 가한 후 단호하게 사과하고 징계하는 것	<분류>1</분류> <판단>해야 한다</판단>
[도덕_문장]: 바이올린 학원에서 선생님이 활로 손등을 때려 상처받고 억울했지만, 직접 항의하기보다는 그냥 참고 넘어가야 할지 고민했다. 이런 상황에서, 학원을 운영하는 사람이 강사가 학생들에게 물리적 폭력을 행사하지 않도록 엄격하게 관리하는 것	<분류>1</분류> <판단>해야 한다</판단>
[도덕_문장]: 바이올린 학원에서 선생님이 활로 손등을 때려 상처받고 억울했지만, 직접 항의하기보다는 그냥 참고 넘어가야 할지 고민했다. 이런 상황에서, 타인에게 신체적 폭력을 가하는 것	<분류>-1</분류> <판단>옳지 않다</판단>
[도덕_문장]: 회사에서 나보다 늦게 들어온 후배가 먼저 진급해서 억울하고 상처받았지만, 후배를 질투하고 의심하는 내 모습이 못나 보여 부끄러웠다. 이처럼, 질투를 느낄 때 감정적으로 행동으로 표출하기보다는 긍정적으로 극복하고 이해하려는 태도를 가지는 것	<분류>1</분류> <판단>중요하다</판단>
[도덕_문장]: 같이 입사하고 퇴사도 함께하기로 약속했던 절친한 친구가 아무 말 없이 회사를 그만둬서 배신감과 상처를 받았지만, 그래도 친구와의 관계를 포기하지 않고 만나서 대화해볼지 고민했다. 이런 경우에, 친구와 약속을 지키는 것	<분류>1</분류> <판단>좋다</판단>
[도덕_문장]: 같이 입사하고 퇴사도 함께하기로 약속했던 절친한 친구가 아무 말 없이 회사를 그만둬서 배신감과 상처를 받았지만, 그래도 친구와의 관계를 포기하지 않고 만나서 대화해볼지 고민했다. 이런 경우에, 친구의 갑작스러운 퇴사에 대한 배신감을 느끼더라도 친구와 대화를 통해 오해를 푸는 것	<분류>1</분류> <판단>바람직하다</판단>
[도덕_문장]: 같이 입사하고 퇴사도 함께하기로 약속했던 절친한 친구가 아무 말 없이 회사를 그만둬서 배신감과 상처를 받았지만, 그래도 친구와의 관계를 포기하지 않고 만나서 대화해볼지 고민했다. 이런 경우에, 친구와의 관계를 신뢰로 유지하는 것	<분류>1</분류> <판단>되어야 한다</판단>
[도덕_문장]: 같이 입사하고 퇴사도 함께하기로 약속했던 절친한 친구가 아무 말 없이 회사를 그만둬서 배신감과 상처를 받았지만, 그래도 친구와의 관계를 포기하지 않고 만나서 대화해볼지 고민했다. 이런 상황일 때, 친구의 입장도 함께 고려해 주는 것	<분류>1</분류> <판단>해야 한다</판단>
[도덕_문장]: 친구가 나이 차이 나는 남자친구와의 연애를 원조교제라고 농담으로 놀렸는데, 농담인 줄 알면서도 평소 신경 쓰던 부분이라 상처받았다. 이런 경우에, 상대의 기분을 고려하지 않고 농담을 하는 것	<분류>-1</분류> <판단>바람직하지 않다</판단>
[도덕_문장]: 친구가 나이 차이 나는 남자친구와의 연애를 원조교제라고 농담으로 놀렸는데, 농담인 줄 알면서도 평소 신경 쓰던 부분이라 상처받았다. 이럴 때, 농담으로 타인을 상처주는 것	<분류>-1</분류> <판단>옳지 않다</판단>
[도덕_문장]: 친구가 나이 차이 나는 남자친구와의 연애를 원조교제라고 농담으로 놀렸는데, 농담인 줄 알면서도 평소 신경 쓰던 부분이라 상처받았다. 이러한 상황에서, 상대방의 발언이 상처가 되면 대화를 통해 설명하고 이해하려는 노력을 하는 것	<분류>1</분류> <판단>해야 한다</판단>
[도덕_문장]: 친구가 나이 차이 나는 남자친구와의 연애를 원조교제라고 농담으로 놀렸는데, 농담인 줄 알면서도 평소 신경 쓰던 부분이라 상처받았다. 이러한 상황에서, 다른 사람의 외모를 희롱하는 것	<분류>-1</분류> <판단>바람직하지 않다</판단>
[도덕_문장]: 야근으로 지친 상태에서 집안일까지 해야 한다는 부담감에 남편에게 짜증을 낼 뻔했는데, 남편이 미리 집안일을 다 해놔서 평소 남편에게 불만을 가졌던 것이 미안해졌다. 이런 상황일 때, 자신의 역할을 되돌아보고 집안일을 분담하는 것	<분류>1</분류> <판단>해야 한다</판단>
[도덕_문장]: 야근으로 지친 상태에서 집안일까지 해야 한다는 부담감에 남편에게 짜증을 낼 뻔했는데, 남편이 미리 집안일을 다 해놔서 평소 남편에게 불만을 가졌던 것이 미안해졌다. 이러한 상황에서, 상대방의 부담과 어려움에 공감하며 미리 배려하는 것	<분류>1</분류> <판단>바람직하다</판단>
[도덕_문장]: 야근으로 지친 상태에서 집안일까지 해야 한다는 부담감에 남편에게 짜증을 낼 뻔했는데, 남편이 미리 집안일을 다 해놔서 평소 남편에게 불만을 가졌던 것이 미안해졌다. 이럴 때, 배우자와의 가사 분담에 불만이 있어도 직접적으로 비난하기보다 대화를 통해 해결하는 것	<분류>1</분류> <판단>좋다</판단>
[도덕_문장]: 야근으로 지친 상태에서 집안일까지 해야 한다는 부담감에 남편에게 짜증을 낼 뻔했는데, 남편이 미리 집안일을 다 해놔서 평소 남편에게 불만을 가졌던 것이 미안해졌다. 이런 상황일 때, 집안일에 대한 부담을 덜어주기 위해 미리 일정을 관리하고 아내의 휴식을 챙겨주는 것	<분류>1</분류> <판단>필요하다</판단>
[도덕_문장]: 야근으로 지친 상태에서 집안일까지 해야 한다는 부담감에 남편에게 짜증을 낼 뻔했는데, 남편이 미리 집안일을 다 해놔서 평소 남편에게 불만을 가졌던 것이 미안해졌다. 이러한 상황에서, 상대에게 짜증을 내기 전에 배려하는 것	<분류>1</분류> <판단>바람직하다</판단>
[도덕_문장]: 야근으로 지친 상태에서 집안일까지 해야 한다는 부담감에 남편에게 짜증을 낼 뻔했는데, 남편이 미리 집안일을 다 해놔서 평소 남편에게 불만을 가졌던 것이 미안해졌다. 이런 상황일 때, 상대에게 짜증을 내려고 하는 순간에 자신의 행동이 상대에게 어떤 영향을 끼칠지 고려하는 것	<분류>1</분류> <판단>바람직하다</판단>
[도덕_문장]: 야근으로 지친 상태에서 집안일까지 해야 한다는 부담감에 남편에게 짜증을 낼 뻔했는데, 남편이 미리 집안일을 다 해놔서 평소 남편에게 불만을 가졌던 것이 미안해졌다. 이런 상황일 때, 상대방의 의도를 오해하지 않기 위해 세심하게 배려하는 것	<분류>1</분류> <판단>바람직하다</판단>
[도덕_문장]: 서른세 살 성인인데도 늦게 들어온다고 잔소리하는 부모님께 화가 났지만, 독립할 돈이 없어서 참고 살아야 하는 상황이 답답했다. 이럴 때, 부모가 성인 자녀에게 격려를 하는 것	<분류>1</분류> <판단>바람직하다</판단>
[도덕_문장]: 서른세 살 성인인데도 늦게 들어온다고 잔소리하는 부모님께 화가 났지만, 독립할 돈이 없어서 참고 살아야 하는 상황이 답답했다. 이렇게, 자녀를 훈계할 때 비난보다는 칭찬과 격려를 먼저 하는 것	<분류>1</분류> <판단>바람직하다</판단>
[도덕_문장]: 회사에서 회의 중에 내 의견과 다른 방향으로 결정이 내려지는 상황에서 반대 의견을 말하고 싶었지만 다른 사람들 눈치가 보여서 그냥 동조하는 척했다. 이런 경우에, 개인적인 의견을 가지고 있어도 집단 내의 화합과 협력을 고려해 신중하게 의사 표현을 하는 것	<분류>1</분류> <판단>바람직하다</판단>
[도덕_문장]: 대기업 입사시험에 또 떨어져서 자신감이 바닥났는데, 엄마 앞에서는 괜찮은 척 하면서도 속으로는 자꾸 다른 취업 성공한 친구들과 비교하며 초라함을 감출 수 없었다. 이렇게, 자녀의 힘든 상황을 인정하고 이해하는 것	<분류>1</분류> <판단>좋다</판단>
[도덕_문장]: 딸의 생일날 일찍 퇴근하겠다고 미리 말했는데 팀장이 퇴근 30분 전에 급한 업무를 맡겨서 딸을 기다리게 할지 업무를 거절할지 고민했다. 이러한 상황에서, 약속을 지키기 위해 최선을 다하는 것	<분류>1</분류> <판단>해야 한다</판단>
[도덕_문장]: 항암치료로 머리카락이 빠진 모습이 흉하다고 생각해 가족들에게 부담이 될까봐 걱정했지만, 자녀가 어떤 모습이든 아름답다며 위로해주어 마음이 놓였다. 이처럼, 가족 구성원이 힘든 상황에 있는 부모를 위로하고 격려해주는 것	<분류>1</분류> <판단>좋다</판단>
[도덕_문장]: 항암치료로 머리카락이 빠진 모습이 흉하다고 생각해 가족들에게 부담이 될까봐 걱정했지만, 자녀가 어떤 모습이든 아름답다며 위로해주어 마음이 놓였다. 이처럼, 가족 구성원이 외모로 인해 고통을 받을 때 위로의 말을 건네는 것	<분류>1</분류> <판단>바람직하다</판단>
[도덕_문장]: 항암치료로 머리카락이 빠진 모습이 흉하다고 생각해 가족들에게 부담이 될까봐 걱정했지만, 자녀가 어떤 모습이든 아름답다며 위로해주어 마음이 놓였다. 이런 상황일 때, 가족이 구성원이 외부로부터 받을 수 있는 부정적인 시선을 대신 감당하고, 가족 구성원의 자존감을 보호해주는 것	<분류>1</분류> <판단>바람직하다</판단>
[도덕_문장]: 항암치료로 머리카락이 빠진 모습이 흉하다고 생각해 가족들에게 부담이 될까봐 걱정했지만, 자녀가 어떤 모습이든 아름답다며 위로해주어 마음이 놓였다. 이런 상황에서, 자신이 사랑하는 가족을 위해 긍정적인 생각을 하는 것	<분류>1</분류> <판단>좋은 일이다</판단>
[도덕_문장]: 항암치료로 머리카락이 빠진 모습이 흉하다고 생각해 가족들에게 부담이 될까봐 걱정했지만, 자녀가 어떤 모습이든 아름답다며 위로해주어 마음이 놓였다. 이런 상황일 때, 가족의 외모에 대해 자신의 기준으로 평가하는 것	<분류>1</분류> <판단>바람직하지 않다</판단>
[도덕_문장]: 파리 오르세 미술관에서 반 고흐의 자화상을 보고 감동받아 눈물을 흘렸는데, 다른 관람객들의 시선이 부담스러워서 감정을 숨겨야 할지 고민했다. 이런 경우에, 다른 사람들이 자신에게 집중하고 있다고 해서 자신의 감정을 숨기지 않는 것	<분류>1</분류> <판단>괜찮다</판단>
[도덕_문장]: 파리 오르세 미술관에서 반 고흐의 자화상을 보고 감동받아 눈물을 흘렸는데, 다른 관람객들의 시선이 부담스러워서 감정을 숨겨야 할지 고민했다. 이렇게, 공공장소에서 개인의 감정이 드러나는 상황에서도 주변 사람들의 시선을 부담스러워하는 것	<분류>0</분류> <판단>할 수 있다</판단>
[도덕_문장]: 파리 오르세 미술관에서 반 고흐의 자화상을 보고 감동받아 눈물을 흘렸는데, 다른 관람객들의 시선이 부담스러워서 감정을 숨겨야 할지 고민했다. 이러한 상황에서, 공공장소에서 타인의 시선을 고려해 감정을 조절하는 것	<분류>0</분류> <판단>나쁘지 않다</판단>
[도덕_문장]: 파리 오르세 미술관에서 반 고흐의 자화상을 보고 감동받아 눈물을 흘렸는데, 다른 관람객들의 시선이 부담스러워서 감정을 숨겨야 할지 고민했다. 이렇게, 공공장소에서 개인의 감정을 드러낼 때 타인의 시선을 고려해 적절하게 표현하는 것	<분류>1</분류> <판단>좋다.</판단>
[도덕_문장]: 아버지가 부당해고를 당해 우울해하며 연락하셨는데, 위로해드리고 싶지만 나 역시 경제적으로 독립하지 못한 상황이라 실질적인 도움을 줄 수 없어서 마음만 아팠다. 이런 경우에, 자신이 할 수 있는 범위 내에서 도움을 주는 것	<분류>1</분류> <판단>좋다</판단>
[도덕_문장]: 아버지가 부당해고를 당해 우울해하며 연락하셨는데, 위로해드리고 싶지만 나 역시 경제적으로 독립하지 못한 상황이라 실질적인 도움을 줄 수 없어서 마음만 아팠다. 이처럼, 가족이 위기를 겪었을 때 경제적 상황에 관계없이 정서적 지지를 통해 위로해주려는 것	<분류>1</분류> <판단>바람직하다</판단>
[도덕_문장]: 평소 무뚝뚝하게 굴어서 나를 싫어한다고 생각했던 회사 대리님이 갑자기 선물을 주셨는데, 그동안 내가 먼저 쌀쌀맞게 대했던 것에 대해 사과해야 할지 고민했다. 이럴 때, 직장에서 상대방과의 인간관계를 고려해 신중하게 행동하는 것	<분류>1</분류> <판단>바람직하다</판단>
[도덕_문장]: 평소 무뚝뚝하게 굴어서 나를 싫어한다고 생각했던 회사 대리님이 갑자기 선물을 주셨는데, 그동안 내가 먼저 쌀쌀맞게 대했던 것에 대해 사과해야 할지 고민했다. 이러한 상황에서, 자신의 행동을 반성하고 적절한 방식으로 관계를 개선하려는 노력을 하는 것	<분류>1</분류> <판단>필요하다</판단>
[도덕_문장]: 평소 무뚝뚝하게 굴어서 나를 싫어한다고 생각했던 회사 대리님이 갑자기 선물을 주셨는데, 그동안 내가 먼저 쌀쌀맞게 대했던 것에 대해 사과해야 할지 고민했다. 이처럼, 회사 내 동료와 갈등이 생겼을 때 회사 내 규정과 예의에 따라 대화하고 조정하는 것	<분류>1</분류> <판단>해야 한다</판단>
[도덕_문장]: 아버지가 잔뇨감과 빈뇨 증상으로 고민하고 계시는데, 나이 들어가는 것에 대한 슬픔을 어떻게 위로해드려야 할지 몰라 당황스러웠다. 이런 상황일 때, 부모님의 신체적 불편함에 대해 이해하고 도와주는 것	<분류>1</분류> <판단>바람직하다</판단>
[도덕_문장]: 아버지가 잔뇨감과 빈뇨 증상으로 고민하고 계시는데, 나이 들어가는 것에 대한 슬픔을 어떻게 위로해드려야 할지 몰라 당황스러웠다. 이러한 상황에서, 부모님이 나이가 들어서 불편함을 느끼더라도 그 감정을 이해하려는 노력을 하는 것	<분류>1</분류> <판단>해야 한다</판단>
[도덕_문장]: 아버지가 잔뇨감과 빈뇨 증상으로 고민하고 계시는데, 나이 들어가는 것에 대한 슬픔을 어떻게 위로해드려야 할지 몰라 당황스러웠다. 이런 경우에, 나이가 들면 누구나 겪는 변화라고 설명하는 것	<분류>1</분류> <판단>바람직하다</판단>
[도덕_문장]: 아버지가 잔뇨감과 빈뇨 증상으로 고민하고 계시는데, 나이 들어가는 것에 대한 슬픔을 어떻게 위로해드려야 할지 몰라 당황스러웠다. 이런 경우에, 나이들어가는 아버지의 신체적인 고통과 정서적인 고민을 이해하는 것	<분류>1</분류> <판단>해야 한다</판단>
[도덕_문장]: 고등학교 시절 노래를 듣고 눈물을 흘리며 감정적으로 반응하는 내 모습이 친구들에게 유난스럽다는 소리를 들어서, 내 진솔한 감정 표현을 숨겨야 할지 고민했다. 이처럼, 친구들과 함께 있을 때 자신의 감정을 솔직하게 표현하는 것	<분류>1</분류> <판단>바람직하다</판단>
[도덕_문장]: 고등학교 시절 노래를 듣고 눈물을 흘리며 감정적으로 반응하는 내 모습이 친구들에게 유난스럽다는 소리를 들어서, 내 진솔한 감정 표현을 숨겨야 할지 고민했다. 이러한 상황에서, 자신의 감정을 솔직하게 표현하는 것	<분류>1</분류> <판단>좋다</판단>
[도덕_문장]: 할머니가 치매 초기 증상으로 우울해하시는데, 괜찮다고 위로해야 할지 아니면 병원 검사를 권해야 할지 고민되었다. 이처럼, 가족의 건강 상태에 대한 걱정이 있을 때 의사에게 상담받는 것	<분류>1</분류> <판단>해야 한다</판단>
[도덕_문장]: 할머니가 치매 초기 증상으로 우울해하시는데, 괜찮다고 위로해야 할지 아니면 병원 검사를 권해야 할지 고민되었다. 이렇게, 치매를 의심하는 증상이 있을 때 가족과 함께 병원에서 검사를 받는 것	<분류>1</분류> <판단>좋다</판단>
[도덕_문장]: 할머니가 치매 초기 증상으로 우울해하시는데, 괜찮다고 위로해야 할지 아니면 병원 검사를 권해야 할지 고민되었다. 이런 상황에서, 치매의 증상을 인지하고 주변 사람들에게 정확한 정보를 제공하는 것	<분류>1</분류> <판단>해야 한다</판단>
[도덕_문장]: 할머니가 치매 초기 증상으로 우울해하시는데, 괜찮다고 위로해야 할지 아니면 병원 검사를 권해야 할지 고민되었다. 이런 경우에, 치매 초기증상을 가지는 노인이 주변 사람들과 상의하여 병원 검사를 받는 것	<분류>1</분류> <판단>옳다</판단>
[도덕_문장]: 당뇨병 관리를 위해 엄격한 식이요법과 운동을 열심히 해왔는데도 시력 손상이라는 후유증 진단을 받아 그동안의 노력이 무의미했다는 생각에 절망감을 느꼈다. 이렇게, 건강이 나아지지 않은 경우 건강 관리에 대한 부정적인 감정을 털어놓고 이해받는 것	<분류>1</분류> <판단>좋다</판단>
[도덕_문장]: 카드값이 불어나 친구들에게 돈을 빌렸는데 갚지 못해 친구들이 연락을 피하자, 진심을 담아 사과할지 아니면 체면 때문에 그냥 포기할지 고민했다. 이처럼, 친구에게 도움을 받았을 경우 일정 기간 내에 빚을 갚는 것	<분류>1</분류> <판단>바람직하다</판단>
[도덕_문장]: 카드값이 불어나 친구들에게 돈을 빌렸는데 갚지 못해 친구들이 연락을 피하자, 진심을 담아 사과할지 아니면 체면 때문에 그냥 포기할지 고민했다. 이처럼, 친구가 자신의 잘못으로 친구 관계를 위협했을 때 진심 어린 사과를 하는 것	<분류>1</분류> <판단>좋다</판단>
[도덕_문장]: 재수까지 하며 간절히 원했던 대학에 떨어져서 가족들에게 실망을 안겨준 것 같아 죄송하다고 말했지만, 할아버지는 실망하지 않는다며 다른 합격한 대학 중에서 선택하거나 편입을 고려해보라고 조언해주셨다. 이런 상황일 때, 할아버지의 조언처럼 다른 대학이나 편입을 고려해 보는 것	<분류>1</분류> <판단>좋다</판단>
[도덕_문장]: 재수까지 하며 간절히 원했던 대학에 떨어져서 가족들에게 실망을 안겨준 것 같아 죄송하다고 말했지만, 할아버지는 실망하지 않는다며 다른 합격한 대학 중에서 선택하거나 편입을 고려해보라고 조언해주셨다. 이처럼, 자식이 힘들어할 때 위로와 격려를 해주는 것	<분류>1</분류> <판단>해야 한다</판단>
[도덕_문장]: 재수까지 하며 간절히 원했던 대학에 떨어져서 가족들에게 실망을 안겨준 것 같아 죄송하다고 말했지만, 할아버지는 실망하지 않는다며 다른 합격한 대학 중에서 선택하거나 편입을 고려해보라고 조언해주셨다. 이러한 상황에서, 자식의 진학 결정을 존중하고, 자신의 기준을 강요하지 않고 다양한 진로 선택의 기회를 제공하는 것	<분류>1</분류> <판단>바람직하다</판단>
[도덕_문장]: 재수까지 하며 간절히 원했던 대학에 떨어져서 가족들에게 실망을 안겨준 것 같아 죄송하다고 말했지만, 할아버지는 실망하지 않는다며 다른 합격한 대학 중에서 선택하거나 편입을 고려해보라고 조언해주셨다. 이럴 때, 자녀가 자신의 계획대로 대학에 진학하지 못한 것에 대해 실망하는 것	<분류>0</분류> <판단>부모로서 이해된다</판단>
[도덕_문장]: 재수까지 하며 간절히 원했던 대학에 떨어져서 가족들에게 실망을 안겨준 것 같아 죄송하다고 말했지만, 할아버지는 실망하지 않는다며 다른 합격한 대학 중에서 선택하거나 편입을 고려해보라고 조언해주셨다. 이런 상황에서, 가족에게 미안한 마음을 표현하는 것	<분류>1</분류> <판단>옳다</판단>
[도덕_문장]: 동창회에 입을 원피스를 온라인으로 주문했는데 키에 맞지 않아서 반품하려니 택배비가 아까워 쇼핑몰에 따지고 싶었다. 이처럼, 온라인으로 구매한 옷이 사이즈가 맞지 않아 반품하고자 할 경우 배송비를 판매자가 부담하는 것	<분류>1</분류> <판단>바람직하다.</판단>
[도덕_문장]: 동창회에 입을 원피스를 온라인으로 주문했는데 키에 맞지 않아서 반품하려니 택배비가 아까워 쇼핑몰에 따지고 싶었다. 이런 상황일 때, 상품이 자신의 기준에 맞지 않더라도 반품 과정을 원활하게 하는 것	<분류>1</분류> <판단>옳다.</판단>
[도덕_문장]: 시험 점수가 계속 떨어져서 학원에 가야 한다고 생각하지만, 한 번도 가본 적 없는 낯선 곳에 혼자 가는 것이 두려워서 망설이고 있다. 이런 경우에, 시험 성적이 낮더라도 자신의 감정과 어려움을 존중해 주는 것	<분류>1</분류> <판단>해야 한다</판단>
[도덕_문장]: 유기견 보호소에서 검정색 강아지의 입양을 적극 홍보했지만, 다른 색깔의 더 예쁜 강아지들이 먼저 입양되는 것을 보며 마음이 복잡했다. 이런 경우에, 보호소의 운영 방침과 홍보 방향에 대해 불만이 있더라도 보호소의 어려움을 고려해 합리적인 방안을 함께 모색하려는 것	<분류>1</분류> <판단>바람직하다</판단>
[도덕_문장]: 친구들에게 무조건 이길 거라며 축구 경기 관람을 제안했는데 팀이 참패하자 친구들 앞에서 괜히 데려왔다는 미안함과 자책감에 눈치를 보게 되었다. 이런 상황에서, 무리한 약속을 하거나 다른 사람을 억지로 이끌려 하는 것	<분류>-1</분류> <판단>피해야 한다</판단>
[도덕_문장]: 친구들에게 무조건 이길 거라며 축구 경기 관람을 제안했는데 팀이 참패하자 친구들 앞에서 괜히 데려왔다는 미안함과 자책감에 눈치를 보게 되었다. 이처럼, 실패했을 때 자신의 책임을 인정하고 반성하는 것	<분류>1</분류> <판단>좋다</판단>
[도덕_문장]: 소개팅에서 새로 산 머리띠 때문에 머리가 이상해져서 외모 콤플렉스가 더 심해졌는데, 상대방이 이상형이라 좋은 인상을 주고 싶었지만 자신감이 없어져 대화에 집중하지 못했다. 이런 경우에, 외모에 신경을 쓰고 관리하는 것	<분류>1</분류> <판단>나쁜 행동이 아니다</판단>
[도덕_문장]: 겨울마다 입술이 터서 헤어진 연인이 생각나 슬픈데, 엄마는 이제 그만 잊고 앞으로 나아가라고 하셔서 마음을 정리해야 할지 더 슬퍼해도 될지 고민했다. 이런 상황에서, 가족에게 자신의 어려움을 털어놓는 것	<분류>1</분류> <판단>좋다</판단>
[도덕_문장]: 겨울마다 입술이 터서 헤어진 연인이 생각나 슬픈데, 엄마는 이제 그만 잊고 앞으로 나아가라고 하셔서 마음을 정리해야 할지 더 슬퍼해도 될지 고민했다. 이럴 때, 이별의 슬픔을 인정하는 것	<분류>0</분류> <판단>괜찮다</판단>
[도덕_문장]: 난독증 진단을 받은 후 꿈꿔왔던 선생님이라는 직업을 포기해야 할지, 아니면 계속 도전해볼지 고민이 되었다. 이럴 때, 장애인의 직업 선택을 개인의 의사에 따라 존중하는 것	<분류>1</분류> <판단>존중해 주어야 한다</판단>
[도덕_문장]: 난독증 진단을 받은 후 꿈꿔왔던 선생님이라는 직업을 포기해야 할지, 아니면 계속 도전해볼지 고민이 되었다. 이런 상황일 때, 난독증이라는 장애에도 불구하고 포기하지 않는 것	<분류>1</분류> <판단>바람직하다</판단>
[도덕_문장]: 전학 온 새 학교에서 이미 형성된 친구 무리들 사이에 끼어들고 싶지만 거절당할까 봐 두려워서 계속 혼자 다니고 있다. 이렇게, 새로운 환경에 적응할 때 자신의 성향과 관계를 고려하여 선택하는 것	<분류>0</분류> <판단>좋다</판단>
[도덕_문장]: 남편이 프로젝트 때문에 매일 야근을 하는 것이 불가피한 일임을 알지만, 혼자서 육아를 감당하느라 지쳐서 남편에게 실망감을 느끼고 있다. 이처럼, 아내가 육아 스트레스를 호소할 때 경청하고 지원하는 것	<분류>1</분류> <판단>옳다</판단>
[도덕_문장]: 좋아하는 사람에게 고백했다가 거절당한 후 친구로 지내자는 제안을 받았는데, 마음을 정리하지 못한 상태에서 그 사람과 친구 관계를 유지해야 할지 고민이 된다. 이런 경우에, 친구가 거절에 대한 고통을 느낄 수 있음을 이해하고 위로를 해주는 것	<분류>1</분류> <판단>좋다</판단>
[도덕_문장]: 좋아하는 사람에게 고백했다가 거절당한 후 친구로 지내자는 제안을 받았는데, 마음을 정리하지 못한 상태에서 그 사람과 친구 관계를 유지해야 할지 고민이 된다. 이럴 때, 고백을 받아준 상대방이 상대방의 선택을 존중하는 것	<분류>1</분류> <판단>해야 한다</판단>
[도덕_문장]: 좋아하는 사람에게 고백했다가 거절당한 후 친구로 지내자는 제안을 받았는데, 마음을 정리하지 못한 상태에서 그 사람과 친구 관계를 유지해야 할지 고민이 된다. 이럴 때, 고백 후 거절당한 상대에게 친구로 지내자는 제안을 받아 거절한 상대를 배려해 주는 것	<분류>1</분류> <판단>좋다</판단>
[도덕_문장]: 좋아하는 사람에게 고백했다가 거절당한 후 친구로 지내자는 제안을 받았는데, 마음을 정리하지 못한 상태에서 그 사람과 친구 관계를 유지해야 할지 고민이 된다. 이러한 상황에서, 거절을 당했더라도 상대방을 존중하는 태도를 유지하는 것	<분류>1</분류> <판단>바람직하다</판단>
[도덕_문장]: 좋아하는 작가의 전시회 티켓을 2장 구했는데, 나와 함께 가고 싶어하는 친구가 두 명이라서 누구를 선택해야 할지 고민이 되었다. 이처럼, 친구에게 자신의 상황을 설명해주고 친구가 함께 갈 수 있게 배려하는 것	<분류>1</분류> <판단>좋다</판단>
[도덕_문장]: 공부는 싫고 놀기만 좋아하는 나에게 아빠가 자신의 적성에 맞는 일을 찾아야 한다고 조언했지만, 지금 당장은 하고 싶은 일이 무엇인지 전혀 모르겠어서 막막했다. 이런 상황에서, 자녀의 성장 과정에서 부모가 자녀가 스스로 결정할 수 있도록 배려하는 것	<분류>1</분류> <판단>해야 한다</판단>
[도덕_문장]: 공부는 싫고 놀기만 좋아하는 나에게 아빠가 자신의 적성에 맞는 일을 찾아야 한다고 조언했지만, 지금 당장은 하고 싶은 일이 무엇인지 전혀 모르겠어서 막막했다. 이런 경우에, 자녀의 진로에 대한 조언을 하면서 자녀가 자신의 적성에 맞는 일을 찾을 수 있도록 노력하는 것	<분류>1</분류> <판단>해야 한다</판단>
[도덕_문장]: 공부는 싫고 놀기만 좋아하는 나에게 아빠가 자신의 적성에 맞는 일을 찾아야 한다고 조언했지만, 지금 당장은 하고 싶은 일이 무엇인지 전혀 모르겠어서 막막했다. 이렇게, 가족에게 자신의 상황을 솔직하게 설명하고 이해를 구하는 것	<분류>1</분류> <판단>좋다</판단>
[도덕_문장]: 공부는 싫고 놀기만 좋아하는 나에게 아빠가 자신의 적성에 맞는 일을 찾아야 한다고 조언했지만, 지금 당장은 하고 싶은 일이 무엇인지 전혀 모르겠어서 막막했다. 이런 상황일 때, 자녀의 진로 선택을 강요하지 않고, 자녀의 선택을 존중하며 조언과 선택의 자유를 모두 보장하는 것	<분류>1</분류> <판단>좋다</판단>
[도덕_문장]: 아기가 걸음마를 배우는 중에 잠깐 한눈을 판 사이 아기가 넘어져 얼굴에 상처가 났는데, 내 부주의 때문이라는 자책감과 아이를 키우면서 생기는 자연스러운 실수라는 위로 사이에서 괴로워했다. 이런 경우에, 아이를 키우면서 아이의 성장을 돕는 것에 집중하는 것	<분류>1</분류> <판단>해야 한다</판단>
[도덕_문장]: 회사 상장 프로젝트로 인한 과도한 업무와 스트레스로 잠을 설쳤는데, 연인에게는 힘들다고 솔직히 말할지 괜찮은 척 넘어갈지 고민했다. 이런 상황일 때, 연인에게 스트레스를 받고 있다고 솔직하게 말하는 것	<분류>1</분류> <판단>좋은 선택이다</판단>
[도덕_문장]: 회사 상장 프로젝트로 인한 과도한 업무와 스트레스로 잠을 설쳤는데, 연인에게는 힘들다고 솔직히 말할지 괜찮은 척 넘어갈지 고민했다. 이러한 상황에서, 연인 사이에서 이해와 배려를 하는 것	<분류>1</분류> <판단>필요하다</판단>
[도덕_문장]: 회사 상장 프로젝트로 인한 과도한 업무와 스트레스로 잠을 설쳤는데, 연인에게는 힘들다고 솔직히 말할지 괜찮은 척 넘어갈지 고민했다. 이런 경우에, 연인에게 자신의 업무 스트레스에 대해 사실대로 이야기하는 것	<분류>1</분류> <판단>해야 한다</판단>
[도덕_문장]: 회사 상장 프로젝트로 인한 과도한 업무와 스트레스로 잠을 설쳤는데, 연인에게는 힘들다고 솔직히 말할지 괜찮은 척 넘어갈지 고민했다. 이런 상황에서, 연인에게 자신이 느끼는 감정을 솔직하게 표현하는 것	<분류>1</분류> <판단>바람직하다</판단>
[도덕_문장]: 회사 상장 프로젝트로 인한 과도한 업무와 스트레스로 잠을 설쳤는데, 연인에게는 힘들다고 솔직히 말할지 괜찮은 척 넘어갈지 고민했다. 이처럼, 말 못할 상황에 처했을 때 연인에게 상황을 충분히 설명하는 것	<분류>1</분류> <판단>옳다</판단>
[도덕_문장]: 회사 상장 프로젝트로 인한 과도한 업무와 스트레스로 잠을 설쳤는데, 연인에게는 힘들다고 솔직히 말할지 괜찮은 척 넘어갈지 고민했다. 이처럼, 연인이 힘들 때 위로해 주는 것	<분류>1</분류> <판단>좋다</판단>
[도덕_문장]: 회사 상장 프로젝트로 인한 과도한 업무와 스트레스로 잠을 설쳤는데, 연인에게는 힘들다고 솔직히 말할지 괜찮은 척 넘어갈지 고민했다. 이렇게, 업무로 인해 정신적으로 어려움을 겪을 때 연인이나 배우자에게 솔직하게 어려움을 표현하는 것	<분류>1</분류> <판단>바람직하다</판단>
[도덕_문장]: 회사 상장 프로젝트로 인한 과도한 업무와 스트레스로 잠을 설쳤는데, 연인에게는 힘들다고 솔직히 말할지 괜찮은 척 넘어갈지 고민했다. 이렇게, 연인에게 의존해야 하는 상황이 생겼을 때 혼자 감당하려 하기보다 적절한 도움을 요청하는 것	<분류>1</분류> <판단>해야 한다</판단>
[도덕_문장]: 회사 상장 프로젝트로 인한 과도한 업무와 스트레스로 잠을 설쳤는데, 연인에게는 힘들다고 솔직히 말할지 괜찮은 척 넘어갈지 고민했다. 이처럼, 연인이 지나치게 업무로 지쳐 있을 때 이를 이해해 주고 적절한 휴식을 제공하는 것	<분류>1</분류> <판단>바람직하다</판단>
[도덕_문장]: 친하게 지내던 옆집 이웃이 이사를 간다는 소식을 들었는데, 슬프고 아쉬운 마음을 솔직히 표현해야 할지 아니면 밝게 축하해주는 척해야 할지 고민했다. 이런 상황일 때, 이사를 가는 이웃에게 솔직한 마음을 표현하는 것	<분류>1</분류> <판단>옳다.</판단>
[도덕_문장]: 친하게 지내던 옆집 이웃이 이사를 간다는 소식을 들었는데, 슬프고 아쉬운 마음을 솔직히 표현해야 할지 아니면 밝게 축하해주는 척해야 할지 고민했다. 이런 상황에서, 이웃이 이사를 가더라도 이웃과의 교류가 많았다면 이사를 축하해주는 것	<분류>1</분류> <판단>바람직하다</판단>
[도덕_문장]: 사업이 어려워져 직원들의 급여를 삭감해야 하는 상황에서 평소 직원들을 잘 대우해주겠다고 다짐했던 나는 그들에게 어떻게 이 사실을 전해야 할지 고민했다. 이렇게, 회사 상황이 어려워 급여 삭감이 불가피할 때 직원들에게 투명하게 설명하고 사과하는 것	<분류>1</분류> <판단>해야 한다</판단>
[도덕_문장]: 사업이 어려워져 직원들의 급여를 삭감해야 하는 상황에서 평소 직원들을 잘 대우해주겠다고 다짐했던 나는 그들에게 어떻게 이 사실을 전해야 할지 고민했다. 이렇게, 사업의 어려움으로 급여를 삭감해야 하는 경우 직원들에게 충분한 사전 설명과 양해를 구하는 것	<분류>1</분류> <판단>해야 한다</판단>
[도덕_문장]: 골프를 치다가 해저드에 빠진 공을 주우려다 넘어져 다쳤는데, 평소 그런 행동을 하는 사람들을 한심하다고 생각했던 내가 똑같은 실수를 해서 자책감과 부끄러움에 괴로웠다. 이러한 상황에서, 자신의 실수를 반성하고 재발 방지를 위해 노력하는 것	<분류>1</분류> <판단>해야 한다</판단>
[도덕_문장]: 골프를 치다가 해저드에 빠진 공을 주우려다 넘어져 다쳤는데, 평소 그런 행동을 하는 사람들을 한심하다고 생각했던 내가 똑같은 실수를 해서 자책감과 부끄러움에 괴로웠다. 이처럼, 개인적 실수로 인한 피해 상황에서 자신의 감정을 솔직하게 인정하고, 피해에 대한 책임을 지는 것	<분류>1</분류> <판단>바람직하다</판단>
[도덕_문장]: 골프를 치다가 해저드에 빠진 공을 주우려다 넘어져 다쳤는데, 평소 그런 행동을 하는 사람들을 한심하다고 생각했던 내가 똑같은 실수를 해서 자책감과 부끄러움에 괴로웠다. 이렇게, 타인이 실수를 했을 때 비난하기보다 상황을 이해해주는 태도를 가지는 것	<분류>1</분류> <판단>좋다</판단>
[도덕_문장]: 아들이 참관수업에서 엄마의 키가 작아서 창피하니 학교에 오지 말라고 했는데, 아이의 솔직한 마음을 이해해야 할지 상처받은 내 감정을 우선해야 할지 고민되었다. 이러한 상황에서, 자식이 자신의 부모를 보고 창피해할 정도로 키에 대해 언급하지 않는 것	<분류>1</분류> <판단>좋다</판단>
[도덕_문장]: 아들이 참관수업에서 엄마의 키가 작아서 창피하니 학교에 오지 말라고 했는데, 아이의 솔직한 마음을 이해해야 할지 상처받은 내 감정을 우선해야 할지 고민되었다. 이런 상황일 때, 부모님이 아이의 상처를 살피고 조언해 주는 것	<분류>1</분류> <판단>옳다</판단>
[도덕_문장]: 아들이 참관수업에서 엄마의 키가 작아서 창피하니 학교에 오지 말라고 했는데, 아이의 솔직한 마음을 이해해야 할지 상처받은 내 감정을 우선해야 할지 고민되었다. 이럴 때, 부모와 자녀 간에 서로 존중하는 것	<분류>1</분류> <판단>중요하다</판단>
[도덕_문장]: 오랜만에 만난 친구들과 대화가 전혀 통하지 않아 어색했지만, 배우자에게 걱정을 끼치고 싶지 않아서 즐겁게 보냈다고 거짓말했다. 이러한 상황에서, 거짓된 정보를 알리는 것	<분류>-1</분류> <판단>바람직하지 않다</판단>
[도덕_문장]: 친구가 파리 신혼여행 선물을 준다고 했는데, 사실 나도 최근에 파리에 다녀와서 비슷한 선물이 있을 것 같아 받기 부담스러웠지만 친구 마음을 상하게 할까봐 기대된다고 말했다. 이런 상황일 때, 상대의 반응에 맞춰 자신의 생각을 조율하는 것	<분류>1</분류> <판단>좋은 대인관계를 유지하는데 중요하다</판단>
[도덕_문장]: 친구가 파리 신혼여행 선물을 준다고 했는데, 사실 나도 최근에 파리에 다녀와서 비슷한 선물이 있을 것 같아 받기 부담스러웠지만 친구 마음을 상하게 할까봐 기대된다고 말했다. 이처럼, 가까운 친구 사이에서 부담을 주는 상황이 발생했을 때 솔직한 마음을 존중하는 것	<분류>1</분류> <판단>해야 한다</판단>
[도덕_문장]: 친구가 파리 신혼여행 선물을 준다고 했는데, 사실 나도 최근에 파리에 다녀와서 비슷한 선물이 있을 것 같아 받기 부담스러웠지만 친구 마음을 상하게 할까봐 기대된다고 말했다. 이처럼, 선물을 받기 부담스러운 상황에서 상대방을 배려해 말하는 것	<분류>1</분류> <판단>옳다</판단>
[도덕_문장]: 친구가 파리 신혼여행 선물을 준다고 했는데, 사실 나도 최근에 파리에 다녀와서 비슷한 선물이 있을 것 같아 받기 부담스러웠지만 친구 마음을 상하게 할까봐 기대된다고 말했다. 이런 상황일 때, 자신의 취향을 정확히 전달하는 것	<분류>1</분류> <판단>좋은 행동이다</판단>
[도덕_문장]: 항암 치료로 머리카락이 빠져 외모가 변한 것이 창피해서 집에만 있고 싶은데, 가족을 위해서라도 용기를 내어 일상생활을 해야 할지 고민했다. 이러한 상황에서, 건강이 좋지 않은 가족을 비난하지 않고 격려와 위로를 주는 것	<분류>1</분류> <판단>해야 한다</판단>
[도덕_문장]: 항암 치료로 머리카락이 빠져 외모가 변한 것이 창피해서 집에만 있고 싶은데, 가족을 위해서라도 용기를 내어 일상생활을 해야 할지 고민했다. 이런 경우에, 가족이 치료를 받는 사람의 외모 변화에 대해 과도한 관심이나 우려를 하지 않는 것	<분류>1</분류> <판단>좋다</판단>
[도덕_문장]: 항암 치료로 머리카락이 빠져 외모가 변한 것이 창피해서 집에만 있고 싶은데, 가족을 위해서라도 용기를 내어 일상생활을 해야 할지 고민했다. 이러한 상황에서, 가족의 건강 문제로 인한 일상생활의 변화를 인지하고 이해심과 배려를 보여주는 것	<분류>1</분류> <판단>바람직하다</판단>
[도덕_문장]: 항암 치료로 머리카락이 빠져 외모가 변한 것이 창피해서 집에만 있고 싶은데, 가족을 위해서라도 용기를 내어 일상생활을 해야 할지 고민했다. 이럴 때, 가족을 위해 힘든 일을 감당하더라도 자신의 몸과 정신 건강을 우선시 하는 것	<분류>1</분류> <판단>중요하다</판단>
[도덕_문장]: 아들이 배우의 꿈을 포기한다고 했을 때, 초반에 반대했던 내 자신을 자책하며 더 일찍 지원해줬어야 했는지 후회했다. 이런 상황에서, 부모가 자녀의 꿈과 진로를 존중하는 것	<분류>1</분류> <판단>해야 한다</판단>
[도덕_문장]: 아들이 배우의 꿈을 포기한다고 했을 때, 초반에 반대했던 내 자신을 자책하며 더 일찍 지원해줬어야 했는지 후회했다. 이런 상황일 때, 자신의 선택을 존중받는 것	<분류>1</분류> <판단>해야 한다</판단>
[도덕_문장]: 유치원 현장체험에서 찍은 사진을 보니 아들이 내 낮은 코를 닮아서 아이에게 미안한 마음이 들었지만, 남편은 그 모습이 귀엽다며 자신감을 가지라고 했다. 이런 경우에, 외모에 대한 아쉬움을 자녀에게 큰 기준으로 만들지 않는 것	<분류>1</분류> <판단>해야 한다</판단>
[도덕_문장]: 유치원 현장체험에서 찍은 사진을 보니 아들이 내 낮은 코를 닮아서 아이에게 미안한 마음이 들었지만, 남편은 그 모습이 귀엽다며 자신감을 가지라고 했다. 이런 상황일 때, 아내가 기분이 상하지 않도록 위로해주는 것	<분류>1</분류> <판단>옳다</판단>
[도덕_문장]: 딸을 위해 정성껏 고른 티셔츠를 딸이 휴지통에 버린 것을 발견했지만, 아이의 성장과 독립성을 인정해야 할지 서운한 마음을 표현해야 할지 고민했다. 이러한 상황에서, 아이가 부모에게 서운한 일을 하는 것	<분류>0</분류> <판단>괜찮다</판단>
[도덕_문장]: 딸을 위해 정성껏 고른 티셔츠를 딸이 휴지통에 버린 것을 발견했지만, 아이의 성장과 독립성을 인정해야 할지 서운한 마음을 표현해야 할지 고민했다. 이럴 때, 아이의 행동이 이해되지 않더라도 감정을 지나치게 표현하기보다 대화로 해결하려는 노력을 하는 것	<분류>1</분류> <판단>필요하다</판단>
[도덕_문장]: 딸을 위해 정성껏 고른 티셔츠를 딸이 휴지통에 버린 것을 발견했지만, 아이의 성장과 독립성을 인정해야 할지 서운한 마음을 표현해야 할지 고민했다. 이럴 때, 부모가 자녀의 선택에 대해 존중하는 태도를 보이는 것	<분류>1</분류> <판단>바람직하다</판단>
[도덕_문장]: 딸을 위해 정성껏 고른 티셔츠를 딸이 휴지통에 버린 것을 발견했지만, 아이의 성장과 독립성을 인정해야 할지 서운한 마음을 표현해야 할지 고민했다. 이런 경우에, 부모가 자녀의 성장과 독립성을 존중하는 것	<분류>1</분류> <판단>해야 한다</판단>
[도덕_문장]: 딸을 위해 정성껏 고른 티셔츠를 딸이 휴지통에 버린 것을 발견했지만, 아이의 성장과 독립성을 인정해야 할지 서운한 마음을 표현해야 할지 고민했다. 이러한 상황에서, 부모가 자녀에게 정서적 지지를 주면서도 자녀의 독립적인 결정을 존중하는 태도를 보이는 것	<분류>1</분류> <판단>중요하다</판단>
[도덕_문장]: 어머니가 돌아가신 지 1년이 넘었는데도 여전히 슬픔이 깊어서, 가족들에게 부담을 주지 않을까 걱정되어 가장으로서 슬픈 감정을 숨겨야 할지 고민했다. 이런 경우에, 슬픔을 혼자 감당하려 하지 않는 것	<분류>1</분류> <판단>괜찮다</판단>
[도덕_문장]: 어머니가 돌아가신 지 1년이 넘었는데도 여전히 슬픔이 깊어서, 가족들에게 부담을 주지 않을까 걱정되어 가장으로서 슬픈 감정을 숨겨야 할지 고민했다. 이렇게, 부모가 돌아가셨을 때 슬픔을 숨기지 않고 충분히 슬퍼하는 것	<분류>0</분류> <판단>괜찮다</판단>
[도덕_문장]: 시장에서 예쁜 옷을 보고 멀리 떨어져 있는 딸과 며느리에게 사주고 싶었지만, 부담스러워할까 봐 망설이다가 결국 사지 못했다. 이러한 상황에서, 자녀들의 사생활이나 소비 선택에 대해 간섭하지 않는 것	<분류>1</분류> <판단>좋다</판단>
[도덕_문장]: 이번 달 영업실적을 반도 채우지 못해 가족들에게 미안하고 부끄러웠지만, 아내가 위로해주며 함께 극복하자고 해서 다음 달에는 더 열심히 해야겠다고 다짐했다. 이런 경우에, 가족 구성원의 어려움을 인정하고 함께 노력하는 것	<분류>1</분류> <판단>필요하다</판단>
[도덕_문장]: 이번 달 영업실적을 반도 채우지 못해 가족들에게 미안하고 부끄러웠지만, 아내가 위로해주며 함께 극복하자고 해서 다음 달에는 더 열심히 해야겠다고 다짐했다. 이런 상황일 때, 경제적으로 어려운 가족을 격려해주는 것	<분류>1</분류> <판단>좋다</판단>
[도덕_문장]: 이번 달 영업실적을 반도 채우지 못해 가족들에게 미안하고 부끄러웠지만, 아내가 위로해주며 함께 극복하자고 해서 다음 달에는 더 열심히 해야겠다고 다짐했다. 이럴 때, 경제적 부담을 회피하지 않고 가족 구성원과 함께 문제를 해결하려는 것	<분류>1</분류> <판단>바람직하다</판단>
[도덕_문장]: 이번 달 영업실적을 반도 채우지 못해 가족들에게 미안하고 부끄러웠지만, 아내가 위로해주며 함께 극복하자고 해서 다음 달에는 더 열심히 해야겠다고 다짐했다. 이러한 상황에서, 가족과 함께 목표를 세우고 서로 돕는 것	<분류>1</분류> <판단>중요하다</판단>
[도덕_문장]: 봄맞이 대청소를 시작했는데 할 일이 너무 많아서 부담스러웠지만, 남편이 냉장고 청소를 도와준 것에 너무 기뻐하면서도 평소에 내가 남편을 더 챙겨줘야 하는 건 아닌지 고민이 되었다. 이런 상황일 때, 부부 사이의 역할을 공평하게 나누는 것	<분류>1</분류> <판단>좋다</판단>
[도덕_문장]: 봄맞이 대청소를 시작했는데 할 일이 너무 많아서 부담스러웠지만, 남편이 냉장고 청소를 도와준 것에 너무 기뻐하면서도 평소에 내가 남편을 더 챙겨줘야 하는 건 아닌지 고민이 되었다. 이런 상황일 때, 가족 구성원의 노력을 존중하는 것	<분류>1</분류> <판단>해야 한다</판단>
[도덕_문장]: 편의점을 운영하는데 담배를 피우며 들어온 손님이 성인처럼 보여서 신분증 확인 없이 술을 팔았다가 미성년자였음이 밝혀져 경찰에 적발되었다. 이럴 때, 미성년자에게 주류를 판매하는 것	<분류>-1</분류> <판단>매우 나쁘다</판단>
[도덕_문장]: 편의점을 운영하는데 담배를 피우며 들어온 손님이 성인처럼 보여서 신분증 확인 없이 술을 팔았다가 미성년자였음이 밝혀져 경찰에 적발되었다. 이럴 때, 편의점에서 미성년자에게 술을 판매하는 것	<분류>-1</분류> <판단>안 되다</판단>
[도덕_문장]: 정년퇴직 후 부동산중개사 시험에 떨어져서 자신감이 바닥났는데, 아내 앞에서는 괜찮은 척 강한 모습을 보여야 할지 솔직하게 힘들다고 말해야 할지 고민했다. 이렇게, 남편이 힘들어할 때 진솔한 위로와 격려를 제공하는 것	<분류>1</분류> <판단>바람직하다</판단>
[도덕_문장]: 정년퇴직 후 부동산중개사 시험에 떨어져서 자신감이 바닥났는데, 아내 앞에서는 괜찮은 척 강한 모습을 보여야 할지 솔직하게 힘들다고 말해야 할지 고민했다. 이렇게, 가족 구성원이 심리적 고통을 느낄 때 그 고통에 공감하고 위로하는 것	<분류>1</분류> <판단>좋다</판단>
[도덕_문장]: 정년퇴직 후 부동산중개사 시험에 떨어져서 자신감이 바닥났는데, 아내 앞에서는 괜찮은 척 강한 모습을 보여야 할지 솔직하게 힘들다고 말해야 할지 고민했다. 이런 상황일 때, 가족 구성원의 개인적인 아픔을 있는 그대로 인정하고 존중해주는 것	<분류>1</분류> <판단>가정의 안정을 위해 필요하다</판단>
[도덕_문장]: 정년퇴직 후 부동산중개사 시험에 떨어져서 자신감이 바닥났는데, 아내 앞에서는 괜찮은 척 강한 모습을 보여야 할지 솔직하게 힘들다고 말해야 할지 고민했다. 이처럼, 남편이 어려움을 털어놓을 때 경청하는 자세를 갖는 것	<분류>1</분류> <판단>가져야 한다.</판단>
[도덕_문장]: 정년퇴직 후 부동산중개사 시험에 떨어져서 자신감이 바닥났는데, 아내 앞에서는 괜찮은 척 강한 모습을 보여야 할지 솔직하게 힘들다고 말해야 할지 고민했다. 이런 상황일 때, 남편의 심리적 상태를 공감하는 것	<분류>1</분류> <판단>바람직하다</판단>
[도덕_문장]: 미용실에서 원하는 스타일과 다르게 머리를 잘랐는데, 미용사에게 불만을 표현할지 그냥 참고 나올지 고민했다. 이처럼, 전문적인 업무를 수행할 때 의뢰자의 의견을 충실히 듣고, 실수 발생 시 성실하게 책임지고 수정하는 것	<분류>1</분류> <판단>옳다</판단>
[도덕_문장]: 미용실에서 원하는 스타일과 다르게 머리를 잘랐는데, 미용사에게 불만을 표현할지 그냥 참고 나올지 고민했다. 이런 경우에, 손님이 불만을 표시하더라도 차분하게 대응하는 것	<분류>1</분류> <판단>해야 한다</판단>
[도덕_문장]: 미용실에서 원하는 스타일과 다르게 머리를 잘랐는데, 미용사에게 불만을 표현할지 그냥 참고 나올지 고민했다. 이렇게, 고객이 원하는 스타일을 제대로 파악하지 못했을 때 즉시 수정하는 것	<분류>1</분류> <판단>좋다</판단>
[도덕_문장]: 남편이 갑자기 쓰러져 병원에 입원했는데, 회사 업무가 바빠 병원에 계속 있어줄지 일을 마저 처리할지 고민되었다. 이렇게, 가족과 배우자가 상호 간의 지지와 이해를 바탕으로 상황을 인지하고 함께 극복하려는 노력을 하는 것	<분류>1</분류> <판단>필요하다</판단>
[도덕_문장]: 남편이 갑자기 쓰러져 병원에 입원했는데, 회사 업무가 바빠 병원에 계속 있어줄지 일을 마저 처리할지 고민되었다. 이렇게, 배우자가 병원에 입원했을 때 배우자의 안정을 위해 병원에 머무르는 것	<분류>1</분류> <판단>바람직하다</판단>
[도덕_문장]: 남편이 갑자기 쓰러져 병원에 입원했는데, 회사 업무가 바빠 병원에 계속 있어줄지 일을 마저 처리할지 고민되었다. 이런 상황일 때, 가족의 건강 문제로 인해 직장 업무를 조정하는 것	<분류>1</분류> <판단>옳다</판단>
[도덕_문장]: 남편이 갑자기 쓰러져 병원에 입원했는데, 회사 업무가 바빠 병원에 계속 있어줄지 일을 마저 처리할지 고민되었다. 이런 상황에서, 배우자의 건강을 최우선으로 생각하는 것	<분류>1</분류> <판단>해야 한다</판단>
[도덕_문장]: 남편이 갑자기 쓰러져 병원에 입원했는데, 회사 업무가 바빠 병원에 계속 있어줄지 일을 마저 처리할지 고민되었다. 이처럼, 배우자가 위급하거나 병원에 입원했을 때 업무 때문이라도 계속 있는 것	<분류>1</분류> <판단>좋다</판단>
[도덕_문장]: 남편이 갑자기 쓰러져 병원에 입원했는데, 회사 업무가 바빠 병원에 계속 있어줄지 일을 마저 처리할지 고민되었다. 이처럼, 배우자가 병원에 입원했을 때 빨리 병원에 가서 배우자를 챙기는 것	<분류>1</분류> <판단>좋다</판단>
[도덕_문장]: 정년퇴직을 앞두고 가족에게 쓸모없는 사람이 될까 봐 우울했지만, 아내가 그동안의 노고를 인정해주며 위로해줘서 마음이 편해졌다. 이런 상황일 때, 가족 구성원에게 노고를 인정하는 것	<분류>1</분류> <판단>바람직하다</판단>
[도덕_문장]: 일본어를 배우고 싶어하는 친구가 함께 가자고 했는데, 소수 정예로 진행되는 수업의 분위기가 깨질까 봐 걱정되어 망설여졌다. 이렇게, 개인적인 시간이나 학업을 선택할 때 타인의 의견을 고려하는 것	<분류>1</분류> <판단>괜찮다</판단>
[도덕_문장]: 산후우울증으로 힘들어하며 아이가 미워 보인다고 털어놓았는데, 남편이 위로해주자 모성애가 없는 것 같아 엄마 자격이 없다며 자책했다. 이런 경우에, 자신의 감정을 충분히 표현하고 이해받는 것	<분류>1</분류> <판단>권리가 있다</판단>
[도덕_문장]: 산후우울증으로 힘들어하며 아이가 미워 보인다고 털어놓았는데, 남편이 위로해주자 모성애가 없는 것 같아 엄마 자격이 없다며 자책했다. 이런 경우에, 임신과 출산을 거치며 겪는 정신적 고통을 타인에게 털어놓는 것	<분류>1</분류> <판단>괜찮다</판단>
[도덕_문장]: 할아버지가 돌아가신 후 슬픔에 빠져 있는데, 친구들 앞에서는 괜찮은 척 웃으며 지내야 할지 솔직하게 힘들다고 말해야 할지 고민했다. 이럴 때, 사회 구성원의 슬픔을 충분히 인정해주는 것	<분류>1</분류> <판단>해야 한다</판단>
[도덕_문장]: 할아버지가 돌아가신 후 슬픔에 빠져 있는데, 친구들 앞에서는 괜찮은 척 웃으며 지내야 할지 솔직하게 힘들다고 말해야 할지 고민했다. 이렇게, 가족이 힘들 때 가족에게 정서적으로 도움을 주거나 친구들에게 상황을 설명하며 위로를 받는 것	<분류>1</분류> <판단>되어도 된다</판단>
[도덕_문장]: 할아버지가 돌아가신 후 슬픔에 빠져 있는데, 친구들 앞에서는 괜찮은 척 웃으며 지내야 할지 솔직하게 힘들다고 말해야 할지 고민했다. 이럴 때, 가족이 돌아가신 사람의 친구에게 자신의 사정을 털어놓는 것	<분류>1</분류> <판단>괜찮다</판단>
[도덕_문장]: 할아버지가 돌아가신 후 슬픔에 빠져 있는데, 친구들 앞에서는 괜찮은 척 웃으며 지내야 할지 솔직하게 힘들다고 말해야 할지 고민했다. 이러한 상황에서, 친구의 슬픔에 진심으로 공감해주는 것	<분류>1</분류> <판단>해야 한다</판단>
[도덕_문장]: 연인을 위해 예쁘게 보이려고 미용실에서 머리를 다듬으려 했는데 미용사가 10년 동안 기른 머리를 너무 짧게 잘라버려서 우울하고 슬펐지만 연인 앞에서는 괜찮은 척해야 할지 고민했다. 이처럼, 연인이 슬퍼할 때 감정을 이해해주는 것	<분류>1</분류> <판단>좋다</판단>
[도덕_문장]: 일주일 내내 회의로 지쳐있는 나에게 연인이 휴가 계획을 세워주겠다고 했지만, 정작 나는 혼자만의 시간이 더 필요한 상황이라 어떻게 말해야 할지 고민됐다. 이럴 때, 본인의 필요에 따라 휴가와 같은 휴식시간을 조정하는 것	<분류>0</분류> <판단>할 수 있다</판단>
[도덕_문장]: 일주일 내내 회의로 지쳐있는 나에게 연인이 휴가 계획을 세워주겠다고 했지만, 정작 나는 혼자만의 시간이 더 필요한 상황이라 어떻게 말해야 할지 고민됐다. 이렇게, 연인이 일정을 원하지 않을 경우 그 의도를 존중해 주는 것	<분류>1</분류> <판단>바람직하다</판단>
[도덕_문장]: 일주일 내내 회의로 지쳐있는 나에게 연인이 휴가 계획을 세워주겠다고 했지만, 정작 나는 혼자만의 시간이 더 필요한 상황이라 어떻게 말해야 할지 고민됐다. 이처럼, 연인과 갈등이 있을 때 대화를 통해 해결하는 것	<분류>1</분류> <판단>중요하다</판단>
[도덕_문장]: 일주일 내내 회의로 지쳐있는 나에게 연인이 휴가 계획을 세워주겠다고 했지만, 정작 나는 혼자만의 시간이 더 필요한 상황이라 어떻게 말해야 할지 고민됐다. 이러한 상황에서, 연인에게 자신의 마음을 솔직하게 이야기하는 것	<분류>1</분류> <판단>좋다</판단>
[도덕_문장]: 일주일 내내 회의로 지쳐있는 나에게 연인이 휴가 계획을 세워주겠다고 했지만, 정작 나는 혼자만의 시간이 더 필요한 상황이라 어떻게 말해야 할지 고민됐다. 이렇게, 연인과의 약속과 자신의 필요성 사이에서 상대의 상황을 존중하고 이해하는 태도를 가지는 것	<분류>1</분류> <판단>가져야 한다</판단>
[도덕_문장]: 다른 사람들은 모두 행복해 보이는데 나만 힘들게 사는 것 같아서 내 삶이 불쌍하게 느껴져 우울했지만, 친구의 위로를 받고 나서 내가 선택한 길을 열심히 걷고 있다는 것 자체가 행복한 일임을 깨달았다. 이런 상황일 때, 위로를 통해 친구의 기분을 살피는 것	<분류>1</분류> <판단>좋다</판단>
[도덕_문장]: 다른 사람들은 모두 행복해 보이는데 나만 힘들게 사는 것 같아서 내 삶이 불쌍하게 느껴져 우울했지만, 친구의 위로를 받고 나서 내가 선택한 길을 열심히 걷고 있다는 것 자체가 행복한 일임을 깨달았다. 이렇게, 상대가 힘들어하는 것을 보았을 때 위로의 말이나 행동을 해주는 것	<분류>1</분류> <판단>좋다</판단>
[도덕_문장]: 반려묘가 세상을 떠난 후 길에서 비슷한 고양이를 보고 눈물이 났는데, 더 좋은 환경을 만들어주지 못한 것에 대한 죄책감과 그리움 사이에서 괴로워했다. 이런 상황일 때, 반려동물이 세상을 떠나도 그 동물에 대한 사랑과 애정을 이어가는 것	<분류>1</분류> <판단>바람직하다</판단>
[도덕_문장]: 다이어트를 열심히 했는데 요요현상으로 살이 더 쪘고, 주변 사람들이 살쪘다고 말할 때마다 상처받지만 운동할 의지가 생기지 않아 자책하며 우울해했다. 이런 상황일 때, 타인의 외모를 평가하는 표현을 피하는 것	<분류>1</분류> <판단>바람직하다</판단>
[도덕_문장]: 여드름 자국이 심해서 사람들이 내 피부를 보고 수군거릴까 봐 걱정되지만, 피부과 치료비가 부담스러워서 계속 미루다가 결국 예약을 했다. 이렇게, 외모로 인해 타인에게 비난이나 수군거림을 받을 때 자신의 기준과 행복을 우선시하는 것	<분류>1</분류> <판단>옳다.</판단>
[도덕_문장]: 여드름 자국이 심해서 사람들이 내 피부를 보고 수군거릴까 봐 걱정되지만, 피부과 치료비가 부담스러워서 계속 미루다가 결국 예약을 했다. 이렇게, 피부 관리에 대한 고민이 있을 때 피부과 치료를 받는 것	<분류>1</분류> <판단>받을 수 있다</판단>
[도덕_문장]: 여드름 자국이 심해서 사람들이 내 피부를 보고 수군거릴까 봐 걱정되지만, 피부과 치료비가 부담스러워서 계속 미루다가 결국 예약을 했다. 이렇게, 외모가 사람들의 주목을 받을 때 스스로의 자존감을 유지하려 노력하는 것	<분류>1</분류> <판단>해야 한다</판단>
[도덕_문장]: 반려견이 아파서 가망이 없다는 진단을 받았는데, 슬픔에 빠져 시간을 보낼지 아니면 기운을 차리고 남은 시간을 행복하게 함께 보낼지 고민했다. 이처럼, 사랑하는 가족이 더이상 생활을 유지하지 못할 때 최대한의 존엄과 행복을 보호하려는 노력을 다하는 것	<분류>1</분류> <판단>바람직하다</판단>
[도덕_문장]: 반려견이 아파서 가망이 없다는 진단을 받았는데, 슬픔에 빠져 시간을 보낼지 아니면 기운을 차리고 남은 시간을 행복하게 함께 보낼지 고민했다. 이런 상황일 때, 반려동물이 건강을 회복할 수 있을지 고민이 되더라도 가능성을 잃기 전에 최선을 다하는 것	<분류>1</분류> <판단>옳다</판단>
[도덕_문장]: 기후변화와 환경보호의 중요성을 절실히 느끼고 있지만, 주변 사람들이 무관심한 반응을 보일 때마다 혼자만 애쓰는 것 같아 절망감을 느꼈다. 이럴 때, 환경 문제에 관심이 없는 친구를 비난하기보다 주변에 환경 보호에 대한 인식을 확산시키는 일에 노력을 더 기울이는 것	<분류>1</분류> <판단>좋다</판단>
[도덕_문장]: 언니가 세쌍둥이를 출산했는데 도와줄 사람이 없어서 가서 도와주고 싶지만 회사 때문에 그럴 수 없어서 괴로웠다. 이럴 때, 자신의 업무에 지장을 주지 않는 선에서 도와주는 것	<분류>1</분류> <판단>좋다</판단>
[도덕_문장]: 회사에서 승진했지만 목적 없이 돈만을 위해 일하는 것이 맞는지 확신이 서지 않아 오히려 슬프고 우울했다. 이러한 상황에서, 직장에서 승진을 해도 직업에 대한 열정과 목적을 잃지 않는 것	<분류>1</분류> <판단>해야 한다</판단>
[도덕_문장]: 회사에서 승진했지만 목적 없이 돈만을 위해 일하는 것이 맞는지 확신이 서지 않아 오히려 슬프고 우울했다. 이런 상황에서, 업무 이외에 개인의 가치관이나 삶의 목표를 추구하는 것	<분류>1</분류> <판단>존중받아야 한다</판단>
[도덕_문장]: 명절 자리에서 친척들이 내 시험 낙방을 농담거리로 삼았지만, 분위기를 망치지 않기 위해 상처받은 마음을 숨기고 억지로 함께 웃었다. 이런 상황일 때, 남의 실패나 어려움을 공개적으로 농담거리로 삼는 것	<분류>-1</분류> <판단>무례하고 예의에 어긋난다</판단>
[도덕_문장]: 명절 자리에서 친척들이 내 시험 낙방을 농담거리로 삼았지만, 분위기를 망치지 않기 위해 상처받은 마음을 숨기고 억지로 함께 웃었다. 이런 상황에서, 가족 구성원의 사생활이나 개인적인 일로 농담을 하는 것	<분류>-1</분류> <판단>안 되다</판단>
[도덕_문장]: 명절 자리에서 친척들이 내 시험 낙방을 농담거리로 삼았지만, 분위기를 망치지 않기 위해 상처받은 마음을 숨기고 억지로 함께 웃었다. 이러한 상황에서, 가까운 사람의 고통을 농담거리로 삼는 것	<분류>-1</분류> <판단>좋지 않다</판단>
[도덕_문장]: 명절 자리에서 친척들이 내 시험 낙방을 농담거리로 삼았지만, 분위기를 망치지 않기 위해 상처받은 마음을 숨기고 억지로 함께 웃었다. 이런 상황에서, 자신의 약점을 공개적으로 농담거리로 삼는 것	<분류>-1</분류> <판단>바람직하지 않다</판단>
[도덕_문장]: 사랑니 발치가 두려워서 치과 검진을 계속 미루고 있었는데, 곧 있을 생일 파티에서 음식을 제대로 먹지 못할까 봐 걱정되어 결국 치과에 갔다. 이렇게, 자신의 건강이 위협을 받는 경우에는 건강 문제를 적극적으로 치료받는 것	<분류>1</분류> <판단>해야 한다</판단>
[도덕_문장]: 사랑니 발치가 두려워서 치과 검진을 계속 미루고 있었는데, 곧 있을 생일 파티에서 음식을 제대로 먹지 못할까 봐 걱정되어 결국 치과에 갔다. 이럴 때, 중요한 사회적 일정을 고려하여 자신의 건강 문제를 조절하는 것	<분류>1</분류> <판단>바람직하다</판단>
[도덕_문장]: 사랑니 발치가 두려워서 치과 검진을 계속 미루고 있었는데, 곧 있을 생일 파티에서 음식을 제대로 먹지 못할까 봐 걱정되어 결국 치과에 갔다. 이렇게, 생일 파티에 참석할 때 자신의 건강을 고려하는 것	<분류>1</분류> <판단>바람직하다</판단>
[도덕_문장]: 사랑니 발치가 두려워서 치과 검진을 계속 미루고 있었는데, 곧 있을 생일 파티에서 음식을 제대로 먹지 못할까 봐 걱정되어 결국 치과에 갔다. 이런 경우에, 생일 파티에서 다른 사람들이 불편해할 만한 문제를 미리 대비하는 것	<분류>1</분류> <판단>바람직하다</판단>
[도덕_문장]: 사랑니 발치가 두려워서 치과 검진을 계속 미루고 있었는데, 곧 있을 생일 파티에서 음식을 제대로 먹지 못할까 봐 걱정되어 결국 치과에 갔다. 이런 경우에, 자신의 건강을 지키기 위해 불편함을 감수하는 것	<분류>1</분류> <판단>바람직하다</판단>
[도덕_문장]: 새로 시작한 일에서 계속 실패가 반복되어 자신감이 떨어지는데, 포기하고 싶은 마음과 계속 도전해야 한다는 마음 사이에서 갈등했다. 이런 경우에, 자신감이 떨어지더라도 포기하기보다 재도전을 고려하는 것	<분류>1</분류> <판단>바람직하다</판단>
[도덕_문장]: 새로 시작한 일에서 계속 실패가 반복되어 자신감이 떨어지는데, 포기하고 싶은 마음과 계속 도전해야 한다는 마음 사이에서 갈등했다. 이처럼, 새로운 일을 시작할 때 실패에 너무 얽매이지 않고 새로운 도전에 임하는 것	<분류>1</분류> <판단>좋다</판단>
[도덕_문장]: 운전 중 핸드폰을 하다가 어린아이들이 탄 앞차를 들이받는 교통사고를 냈는데, 다행히 아무도 다치지 않았지만 죄책감과 운전에 대한 두려움 때문에 괴로웠다. 이처럼, 운전을 할 때 핸드폰을 보는 것처럼 부주의하게 운전하는 것	<분류>-1</분류> <판단>옳지 않다</판단>
[도덕_문장]: 운전 중 핸드폰을 하다가 어린아이들이 탄 앞차를 들이받는 교통사고를 냈는데, 다행히 아무도 다치지 않았지만 죄책감과 운전에 대한 두려움 때문에 괴로웠다. 이런 상황일 때, 운전 중 핸드폰을 사용하는 것	<분류>-1</분류> <판단>매우 나쁘다</판단>
[도덕_문장]: 운전 중 핸드폰을 하다가 어린아이들이 탄 앞차를 들이받는 교통사고를 냈는데, 다행히 아무도 다치지 않았지만 죄책감과 운전에 대한 두려움 때문에 괴로웠다. 이런 상황에서, 운전 중에 핸드폰을 사용하는 것	<분류>-1</분류> <판단>옳지 않다</판단>
[도덕_문장]: 운전 중 핸드폰을 하다가 어린아이들이 탄 앞차를 들이받는 교통사고를 냈는데, 다행히 아무도 다치지 않았지만 죄책감과 운전에 대한 두려움 때문에 괴로웠다. 이런 경우에, 운전 중 핸드폰을 사용하는 것	<분류>-1</분류> <판단>나쁘다</판단>
[도덕_문장]: 운전 중 핸드폰을 하다가 어린아이들이 탄 앞차를 들이받는 교통사고를 냈는데, 다행히 아무도 다치지 않았지만 죄책감과 운전에 대한 두려움 때문에 괴로웠다. 이런 상황일 때, 운전 중 핸드폰을 사용하는 것	<분류>-1</분류> <판단>매우 위험하며, 타인의 생명과 안전을 위협할 수 있다.</판단>
[도덕_문장]: 친구와 함께 찍은 여행 사진에서 친구만 예쁘게 나오고 나는 못 나와서 질투가 나지만, 그런 마음을 가지는 내 자신이 한심해서 괴로웠다. 이런 경우에, 친구를 질투하거나 상대의 외모를 기준으로 평가하는 것	<분류>-1</분류> <판단>옳지 않다</판단>
[도덕_문장]: 친구가 직장에서 감정적 학대를 당한다는 고민 상담을 했는데, 내가 너무 속상해하면 친구에게 부담이 될까 봐 괜찮은 척해야 할지 진심을 표현해야 할지 고민했다. 이런 상황일 때, 감정적 학대를 당한 직장 동료에게 지지와 위로를 주는 것	<분류>1</분류> <판단>해야 한다</판단>
[도덕_문장]: 친구가 직장에서 감정적 학대를 당한다는 고민 상담을 했는데, 내가 너무 속상해하면 친구에게 부담이 될까 봐 괜찮은 척해야 할지 진심을 표현해야 할지 고민했다. 이런 상황에서, 나에게 도움을 요청한 친구의 고민을 들어주는 것	<분류>1</분류> <판단>좋다</판단>
[도덕_문장]: 병으로 인해 외출이 어려워 우울한 마음을 친구에게 털어놓고 싶었지만, 자꾸 부정적인 이야기만 하게 되어 상대방에게 부담을 줄까봐 혼자 끙끙 앓다가 결국 말하게 되었다. 이런 상황일 때, 친구에게 부담스러운 내용보다 이해할 수 있는 자신의 사정을 털어놓는 것	<분류>1</분류> <판단>좋다</판단>
[도덕_문장]: 병으로 인해 외출이 어려워 우울한 마음을 친구에게 털어놓고 싶었지만, 자꾸 부정적인 이야기만 하게 되어 상대방에게 부담을 줄까봐 혼자 끙끙 앓다가 결국 말하게 되었다. 이렇게, 친구에게 털어놓기 어려운 감정이 있을 때 도움이 필요한 경우에는 타인에게 털어놓는 것	<분류>1</분류> <판단>괜찮은 행동이다</판단>
[도덕_문장]: 남편이 그동안 나에게 맞춰서 활동적인 여행을 다녔지만 사실은 휴양지를 선호한다고 말해서, 여행 취향이 다르다는 사실에 실망하면서도 배려해준 마음을 이해해야 할지 고민했다. 이러한 상황에서, 배우자의 취미나 여행 취향에 대해 이해하려는 태도를 갖는 것	<분류>1</분류> <판단>가져야 한다</판단>
[도덕_문장]: 남편이 그동안 나에게 맞춰서 활동적인 여행을 다녔지만 사실은 휴양지를 선호한다고 말해서, 여행 취향이 다르다는 사실에 실망하면서도 배려해준 마음을 이해해야 할지 고민했다. 이런 상황일 때, 결혼 생활에서 서로의 여행 취향이 다르다면 상대방의 입장을 존중하는 것	<분류>1</분류> <판단>필요하다</판단>
[도덕_문장]: 남편이 그동안 나에게 맞춰서 활동적인 여행을 다녔지만 사실은 휴양지를 선호한다고 말해서, 여행 취향이 다르다는 사실에 실망하면서도 배려해준 마음을 이해해야 할지 고민했다. 이런 상황일 때, 배우자가 자신의 취향을 말하는 것	<분류>1</분류> <판단>옳다.</판단>
[도덕_문장]: 1년 동안 열심히 준비한 자격증 시험에 떨어져서 부모님께 실망을 안겨드린 것 같아 죄송하다고 말씀드려야 할지, 아니면 내 마음을 추스르는 것을 우선해야 할지 고민했다. 이런 상황에서, 자녀의 노력을 이해하고 격려해주는 것	<분류>1</분류> <판단>좋다</판단>
[도덕_문장]: 1년 동안 열심히 준비한 자격증 시험에 떨어져서 부모님께 실망을 안겨드린 것 같아 죄송하다고 말씀드려야 할지, 아니면 내 마음을 추스르는 것을 우선해야 할지 고민했다. 이런 상황일 때, 자녀의 성장 과정에서 자녀의 노력을 인정하는 것	<분류>1</분류> <판단>옳다</판단>
[도덕_문장]: 중요한 시험이 다음 주에 있다는 것을 알면서도 새로 나온 드라마가 너무 재미있어서 공부 대신 밤새 드라마를 봤다. 이럴 때, 중요한 일정이 있음에도 불구하고 개인의 취향에 지나치게 몰입하여 책임을 회피하는 것	<분류>-1</분류> <판단>바람직하지 않다</판단>
[도덕_문장]: 아이들 용품을 사러 갔는데 필요한 물건들이 너무 비싸서 사지 못했고, 아이들이 원하는 것을 알면서도 아닌 척 하는 모습을 보며 경제적 능력 부족으로 인한 부모로서의 죄책감에 괴로워했다. 이렇게, 아이들에게 원하는 것에 대해 설명하고 부모의 상황을 이해시키는 것	<분류>1</분류> <판단>좋다</판단>
[도덕_문장]: 아이들 용품을 사러 갔는데 필요한 물건들이 너무 비싸서 사지 못했고, 아이들이 원하는 것을 알면서도 아닌 척 하는 모습을 보며 경제적 능력 부족으로 인한 부모로서의 죄책감에 괴로워했다. 이렇게, 부모가 경제적 부담으로 구매가 불가능한 상황임을 인정하고 아이들에게 설명하며 이해를 구하는 것	<분류>1</분류> <판단>바람직하다</판단>
[도덕_문장]: 가을 낙엽을 보며 감상에 젖어 있다가 경영난으로 가게를 접어야 할지 고민이 깊어져서 우울해졌지만, 친구 앞에서는 단순히 풍경 때문에 슬프다고만 말했다. 이처럼, 자신의 상황을 주변 사람들에게 지나치게 노출시키는 것	<분류>0</분류> <판단>필요 없다</판단>
[도덕_문장]: 남편과의 결혼생활이 힘들어 이혼을 원하지만 어린 아이들을 두고 떠날 수 없어서 계속 우울한 상황을 견뎌내야 할지 고민했다. 이런 상황일 때, 이혼으로 인해 어린 자녀들의 정서적 충격을 최소화하기 위해 노력하는 것	<분류>1</분류> <판단>해야 한다</판단>
[도덕_문장]: 남편과의 결혼생활이 힘들어 이혼을 원하지만 어린 아이들을 두고 떠날 수 없어서 계속 우울한 상황을 견뎌내야 할지 고민했다. 이렇게, 어린 아이들을 양육할 때 부모로서 책임을 다하는 것	<분류>1</분류> <판단>해야 한다</판단>
[도덕_문장]: 남편과의 결혼생활이 힘들어 이혼을 원하지만 어린 아이들을 두고 떠날 수 없어서 계속 우울한 상황을 견뎌내야 할지 고민했다. 이럴 때, 부모가 자녀를 끝까지 책임지는 것	<분류>1</분류> <판단>중요하다</판단>
[도덕_문장]: 남편과의 결혼생활이 힘들어 이혼을 원하지만 어린 아이들을 두고 떠날 수 없어서 계속 우울한 상황을 견뎌내야 할지 고민했다. 이럴 때, 어린 아이들을 둘 수 있는 환경을 만들어주는 것	<분류>1</분류> <판단>바람직하다</판단>
[도덕_문장]: 누나가 암 투병 중이라는 사실을 수술 후에야 알게 되었는데, 그동안 아무 도움도 못 드린 채 오히려 누나가 나를 걱정하게 만들어서 미안함과 자책감에 빠졌다. 이런 상황에서, 가족 구성원의 걱정을 가볍게 여기지 않는 것	<분류>1</분류> <판단>좋다</판단>
[도덕_문장]: 할머니가 돌아가신 지 3년이 지났는데도 할머니 생각이 날 때마다 너무 슬퍼서 견딜 수 없지만, 그렇다고 할머니를 잊고 싶지는 않아서 이 감정을 어떻게 해야 할지 모르겠다. 이러한 상황에서, 할머니를 잊지 않도록 노력하는 것	<분류>1</분류> <판단>좋다.</판단>
[도덕_문장]: 할머니가 돌아가신 지 3년이 지났는데도 할머니 생각이 날 때마다 너무 슬퍼서 견딜 수 없지만, 그렇다고 할머니를 잊고 싶지는 않아서 이 감정을 어떻게 해야 할지 모르겠다. 이런 상황에서, 슬픔을 느끼는 가족 구성원의 감정을 받아들이고 함께 위로해주는 것	<분류>1</분류> <판단>좋다</판단>
[도덕_문장]: 할머니가 돌아가신 지 3년이 지났는데도 할머니 생각이 날 때마다 너무 슬퍼서 견딜 수 없지만, 그렇다고 할머니를 잊고 싶지는 않아서 이 감정을 어떻게 해야 할지 모르겠다. 이처럼, 가족의 죽음을 슬퍼할 때 자신의 감정에 대해 이해하려는 것	<분류>1</분류> <판단>바람직하다</판단>
[도덕_문장]: 병원에서 건강을 위해 1일 1식을 권유받았지만, 피자와 치킨 냄새만 맡아도 포기하고 싶은 마음과 건강해지고 싶은 마음 사이에서 갈등했다. 이런 상황에서, 병원에서 환자의 의지와 목표를 존중하고, 현실적인 건강 관리 방법을 지속적으로 안내해주는 것	<분류>1</분류> <판단>바람직하다</판단>
[도덕_문장]: 아들이 아르바이트하는 식당에서 손님이 아들을 꾸짖는 모습을 보았지만, 가게에 폐가 될까 봐 나서서 아들을 위로하지 못했다. 이러한 상황에서, 식당에서 다른 사람에게 욕설을 하는 것	<분류>-1</분류> <판단>안 된다</판단>
[도덕_문장]: 항상 나를 도와주고 배려해주는 소중한 친구의 생일파티를 준비하면서, 그 친구만큼 훌륭하지 못한 내 자신이 부끄러워 과연 내가 이런 파티를 주최할 자격이 있는지 고민했다. 이런 경우에, 소중한 사람에게 진심을 담아 고마움을 표현하는 것	<분류>1</분류> <판단>옳다</판단>
[도덕_문장]: 엄마와 함께 가고 싶었던 가수 콘서트 티켓이 매진되어 구하지 못했는데, 기대하고 계신 엄마에게 실망을 안겨드린 것 같아 어떻게 말씀드려야 할지 고민이 되었다. 이처럼, 아이가 실망을 표현했을 때 함께 고민하며 대처할 방안을 찾는 것	<분류>1</분류> <판단>바람직하다</판단>
[도덕_문장]: 엄마와 함께 가고 싶었던 가수 콘서트 티켓이 매진되어 구하지 못했는데, 기대하고 계신 엄마에게 실망을 안겨드린 것 같아 어떻게 말씀드려야 할지 고민이 되었다. 이처럼, 공연 티켓이 매진되어 콘서트에 가지 못했을 때 아쉬움을 표현하고 다음 기회를 기약하는 것	<분류>1</분류> <판단>좋다</판단>
[도덕_문장]: 막내 시누이가 어려운 사정으로 돈을 빌리러 왔는데, 도와주고 싶은 마음은 간절하지만 나도 경제적으로 여유가 없어서 선뜻 도와주겠다는 말을 하지 못했다. 이럴 때, 경제적 여유를 고려해 어려운 사정이 있는 사람의 요청을 거절하는 것	<분류>0</분류> <판단>옳다</판단>
[도덕_문장]: 막내 시누이가 어려운 사정으로 돈을 빌리러 왔는데, 도와주고 싶은 마음은 간절하지만 나도 경제적으로 여유가 없어서 선뜻 도와주겠다는 말을 하지 못했다. 이처럼, 금전적인 도움을 요청받았을 때 상대방의 사정이 어려울 것이라 판단되더라도 상황을 정확히 파악하고 신중하게 판단하는 것	<분류>0</분류> <판단>바람직하다</판단>
[도덕_문장]: 막내 시누이가 어려운 사정으로 돈을 빌리러 왔는데, 도와주고 싶은 마음은 간절하지만 나도 경제적으로 여유가 없어서 선뜻 도와주겠다는 말을 하지 못했다. 이런 상황에서, 가족 간의 도움을 금전적 지원뿐만 아니라 정서적 지지와 조언을 포함하는 것	<분류>1</분류> <판단>좋다</판단>
[도덕_문장]: 유학 생활이 힘들고 가족이 그리워서 한국에 돌아가고 싶지만, 처음 유학을 결심했던 목표와 앞으로의 기회를 생각하면 포기할 수 없어서 고민이다. 이럴 때, 유학 생활을 결정하는 것	<분류>1</분류> <판단>신중해야 한다</판단>
[도덕_문장]: 중간고사를 위해 매일 밤늦게까지 열심히 공부했는데 시험을 망쳐서 그동안의 노력이 헛된 것 같아 절망스러웠지만, 친구의 위로를 받고 나서야 이 경험도 의미가 있다는 것을 받아들일 수 있었다. 이처럼, 자신의 노력으로 좋은 성과를 내지 못했을 때 좌절하지 않고 그 경험을 통해 배우고 성장하려는 노력을 하는 것	<분류>1</분류> <판단>필요하다</판단>
[도덕_문장]: 중간고사를 위해 매일 밤늦게까지 열심히 공부했는데 시험을 망쳐서 그동안의 노력이 헛된 것 같아 절망스러웠지만, 친구의 위로를 받고 나서야 이 경험도 의미가 있다는 것을 받아들일 수 있었다. 이처럼, 시험에서 좋지 않은 결과를 받았을 경우 위로를 주는 것	<분류>1</분류> <판단>바람직하다</판단>
[도덕_문장]: 중간고사를 위해 매일 밤늦게까지 열심히 공부했는데 시험을 망쳐서 그동안의 노력이 헛된 것 같아 절망스러웠지만, 친구의 위로를 받고 나서야 이 경험도 의미가 있다는 것을 받아들일 수 있었다. 이런 경우에, 학업 성취만이 자신의 가치를 결정짓는 것임을 인지하지 않는 것	<분류>1</분류> <판단>해야 한다</판단>
[도덕_문장]: 북한산 암벽등반에 실패한 후 아내에게 실패 사실을 말해야 할지, 아니면 성공했다고 거짓말을 해야 할지 고민했다. 이런 경우에, 배우자에게 거짓말하는 것	<분류>-1</분류> <판단>좋지 않다.</판단>
[도덕_문장]: 북한산 암벽등반에 실패한 후 아내에게 실패 사실을 말해야 할지, 아니면 성공했다고 거짓말을 해야 할지 고민했다. 이런 경우에, 자신의 실수나 실패를 솔직하게 말하지 않는 것	<분류>-1</분류> <판단>옳지 않다</판단>
[도덕_문장]: 북한산 암벽등반에 실패한 후 아내에게 실패 사실을 말해야 할지, 아니면 성공했다고 거짓말을 해야 할지 고민했다. 이렇게, 배우자의 실패를 말할 때 거짓으로 둘러대지 않고 솔직하게 말하는 것	<분류>1</분류> <판단>바람직하다</판단>
[도덕_문장]: 새로 온 팀장님이 너무 좋은 분이라 이전 팀장님과 비교하게 되어 뒤에서 전 팀장님 험담을 하는 동료들에게 동조해야 할지 고민했다. 이처럼, 직장에서 특정한 사람이나 상황에 대한 험담을 피하는 것	<분류>1</분류> <판단>옳다</판단>
[도덕_문장]: 새로 온 팀장님이 너무 좋은 분이라 이전 팀장님과 비교하게 되어 뒤에서 전 팀장님 험담을 하는 동료들에게 동조해야 할지 고민했다. 이런 경우에, 새로운 팀의 구성원에 대해 험담하는 것	<분류>-1</분류> <판단>바람직하지 않다</판단>
[도덕_문장]: 일을 쉬면서 염세적으로 변한 내 모습이 싫었지만, 친구에게 솔직하게 털어놓을지 혼자 견뎌낼지 고민하다가 결국 연락해서 우울한 심정을 모두 말해버렸다. 이처럼, 감정적으로 힘들 때 도움을 요청하는 것	<분류>1</분류> <판단>적절하다</판단>
[도덕_문장]: 일을 쉬면서 염세적으로 변한 내 모습이 싫었지만, 친구에게 솔직하게 털어놓을지 혼자 견뎌낼지 고민하다가 결국 연락해서 우울한 심정을 모두 말해버렸다. 이럴 때, 친구에게 자신의 상태를 털어놓는 것	<분류>1</분류> <판단>좋은 행동이다</판단>
[도덕_문장]: 일을 쉬면서 염세적으로 변한 내 모습이 싫었지만, 친구에게 솔직하게 털어놓을지 혼자 견뎌낼지 고민하다가 결국 연락해서 우울한 심정을 모두 말해버렸다. 이러한 상황에서, 친구의 심정을 이해하는 태도를 보이는 것	<분류>1</분류> <판단>해야 한다</판단>
[도덕_문장]: 일에만 매몰되어 친구들과 만날 시간도 없이 지내고 있는데, 당장 일을 줄일 수도 없어서 이런 삭막한 일상을 언제까지 지속해야 할지 고민이다. 이런 상황에서, 업무 외 시간에 시간을 갖는 것	<분류>1</분류> <판단>고려해야 한다</판단>
[도덕_문장]: 사귀던 사람이 외국으로 이민을 가게 되어 헤어져야 하는 상황에서, 붙잡고 싶은 마음과 상대방의 미래를 위해 보내줘야 한다는 마음 사이에서 갈등했다. 이렇게, 연인과 헤어지는 상황에서 상대방의 결정을 존중하는 것	<분류>1</분류> <판단>해야 한다</판단>
[도덕_문장]: 비염으로 인한 코감기 때문에 대중교통에서 계속 훌쩍거리는 소리가 나는데, 사람들의 따가운 시선이 느껴져서 외출을 피하고 싶지만 병원 치료를 위해 어쩔 수 없이 나가야 해서 괴로웠다. 이렇게, 대중교통에서의 불편함을 개인의 상황과 질병에 초점을 맞추어 이해하는 것	<분류>1</분류> <판단>해야 한다</판단>
[도덕_문장]: 회사 신제품 샘플 접시를 집에 가져가서 사용해보려다가 실수로 깨뜨렸는데, 과장님께 어떻게 말씀드려야 할지 고민이 되어 슬프고 두려웠다. 이런 상황에서, 직장 동료에게 실수로 손상된 재산이나 물건을 원상복구하기 위해 최선을 다하는 것	<분류>1</분류> <판단>옳다</판단>
[도덕_문장]: 회사에서 팀장이 실적 부진을 팀원들 탓으로 돌리는 무책임한 모습을 보고 절망감을 느꼈지만, 승진을 앞둔 상황에서 직접적으로 문제를 제기할지 참고 넘어갈지 고민했다. 이럴 때, 팀원들에게 책임을 전가하는 것	<분류>-1</분류> <판단>옳지 않다</판단>
[도덕_문장]: 회사에서 팀장이 실적 부진을 팀원들 탓으로 돌리는 무책임한 모습을 보고 절망감을 느꼈지만, 승진을 앞둔 상황에서 직접적으로 문제를 제기할지 참고 넘어갈지 고민했다. 이런 경우에, 팀장이 팀원들을 탓하는 것	<분류>-1</분류> <판단>안 되다</판단>
[도덕_문장]: 회사에서 팀장이 실적 부진을 팀원들 탓으로 돌리는 무책임한 모습을 보고 절망감을 느꼈지만, 승진을 앞둔 상황에서 직접적으로 문제를 제기할지 참고 넘어갈지 고민했다. 이렇게, 팀에서 문제가 발생했을 때 팀 전체의 원인을 특정 개인이나 몇몇 인원에게만 돌리는 것	<분류>-1</분류> <판단>옳지 않다</판단>
[도덕_문장]: 오빠가 군대에 간다는 소식을 들었는데, 슬퍼하면 오빠가 걱정할까 봐 괜찮은 척 웃으며 배웅해야 할지 솔직한 마음을 표현해야 할지 고민했다. 이러한 상황에서, 가족 간에 솔직한 감정을 표현하는 것	<분류>1</분류> <판단>바람직하다</판단>
[도덕_문장]: 취업 준비로 바빠서 지인들과 연락을 끊고 지냈는데, 이제 다시 연락이 오니 기쁘면서도 그동안 먼저 연락하지 않았던 것에 대해 미안한 마음이 든다. 이렇게, 개인의 상황으로 인해 연락이 끊겼을 때 이를 이해해주는 것	<분류>1</분류> <판단>좋다</판단>
[도덕_문장]: 취업 준비로 바빠서 지인들과 연락을 끊고 지냈는데, 이제 다시 연락이 오니 기쁘면서도 그동안 먼저 연락하지 않았던 것에 대해 미안한 마음이 든다. 이러한 상황에서, 지인들과 관계를 단절하면서 상대방의 사정도 존중하는 것	<분류>1</분류> <판단>옳다</판단>
[도덕_문장]: 취업 준비로 바빠서 지인들과 연락을 끊고 지냈는데, 이제 다시 연락이 오니 기쁘면서도 그동안 먼저 연락하지 않았던 것에 대해 미안한 마음이 든다. 이런 상황일 때, 지인들과의 관계에서 상대의 사정을 이해하고 연락을 기다려 주는 것	<분류>1</분류> <판단>바람직하다</판단>
[도덕_문장]: 취업 준비로 바빠서 지인들과 연락을 끊고 지냈는데, 이제 다시 연락이 오니 기쁘면서도 그동안 먼저 연락하지 않았던 것에 대해 미안한 마음이 든다. 이런 경우에, 지인의 사정을 이해하고 먼저 연락을 하는 것	<분류>1</분류> <판단>좋다</판단>
[도덕_문장]: 친해진 옆집 이웃이 갑자기 이사를 가서 너무 외롭고 허전한데, 새로 이사 올 사람과도 잘 지낼 수 있을지 걱정되어 마음이 복잡했다. 이렇게, 이사로 인해 마음이 복잡할 때 자신의 감정을 돌보는 것	<분류>1</분류> <판단>좋다</판단>
[도덕_문장]: 언니가 취업에 성공해서 축하해야 하는데, 나는 기말고사 성적도 나쁘고 아무것도 잘하는 게 없어서 언니의 성공을 마냥 기뻐하지 못하는 내 자신이 너무 밉었다. 이런 상황일 때, 자신의 어려움과 타인의 성공을 비교하는 것	<분류>-1</분류> <판단>바람직하지 않다</판단>
[도덕_문장]: 결혼식과 웨딩촬영을 앞두고 피부 관리를 열심히 했는데, 골프를 치고 싶은 마음에 자외선 차단을 소홀히 해서 기미와 주근깨가 생겨 후회스러웠다. 이런 경우에, 피부 관리에 소홀히 하는 것	<분류>-1</분류> <판단>바람직하지 않다</판단>
[도덕_문장]: 아버지가 농사일을 혼자 하시는 것을 알면서도 바쁘다는 이유로 주말에 내려가지 않았는데, 그 사이 아버지가 보호장구 없이 농약을 치시다가 중독되어 병원에 입원하셨다. 이런 상황일 때, 자녀가 부모가 농사일을 혼자 하는 것을 알면서도 바쁜 척 하며 방치하는 것	<분류>-1</분류> <판단>바람직하지 않다</판단>
[도덕_문장]: 회사에서 막내라는 이유로 번거로운 업무를 모두 떠맡게 되었지만, 선배들에게 불만을 표현하면 버르장머리 없다고 생각할까 봐 혼자 속상해하며 참고 있다. 이런 상황에서, 직장 내 막내 직원이 과도한 업무를 맡게 되는 것을 방치하는 것	<분류>-1</분류> <판단>옳지 않다</판단>
[도덕_문장]: 아내와 크루즈 여행을 가고 싶어서 평생 모은 적금을 깼는데, 갑자기 자녀의 급한 학비가 필요하다는 연락을 받아 여행비를 써야 할지 고민이 되었다. 이런 상황에서, 다른 사람의 사정을 고려해 합리적인 결정을 내리는 것	<분류>1</분류> <판단>좋다</판단>
[도덕_문장]: 아내와 크루즈 여행을 가고 싶어서 평생 모은 적금을 깼는데, 갑자기 자녀의 급한 학비가 필요하다는 연락을 받아 여행비를 써야 할지 고민이 되었다. 이처럼, 가족의 일정 변경 시 상황을 이해하려 노력하는 것	<분류>1</분류> <판단>해야 한다</판단>
[도덕_문장]: 아내와 크루즈 여행을 가고 싶어서 평생 모은 적금을 깼는데, 갑자기 자녀의 급한 학비가 필요하다는 연락을 받아 여행비를 써야 할지 고민이 되었다. 이렇게, 자녀의 학비에 대한 급한 사정이 발생했을 때 충분히 배려하는 것	<분류>1</분류> <판단>해야 한다</판단>
[도덕_문장]: 아내와 크루즈 여행을 가고 싶어서 평생 모은 적금을 깼는데, 갑자기 자녀의 급한 학비가 필요하다는 연락을 받아 여행비를 써야 할지 고민이 되었다. 이렇게, 부모가 자녀가 긴급한 상황에 처했을 때 필요한 비용을 우선적으로 해결하는 것	<분류>1</분류> <판단>해야 한다.</판단>
[도덕_문장]: 아내가 이혼하자는 메모를 남기고 떠났는데, 아직 어린 아이와 양가 부모님에게 어떻게 이 사실을 전해야 할지 고민이 된다. 이런 상황에서, 배우자와 갈등이 있더라도 자녀와 부모님에게 직접 피해를 주지 않는 것	<분류>1</분류> <판단>좋다</판단>
[도덕_문장]: 아내가 이혼하자는 메모를 남기고 떠났는데, 아직 어린 아이와 양가 부모님에게 어떻게 이 사실을 전해야 할지 고민이 된다. 이런 경우에, 이혼 여부를 가족들에게 일방적으로 통보하는 것	<분류>-1</분류> <판단>옳지 않다</판단>
[도덕_문장]: 고등학교 동창회에서 과거에 친했던 친구가 내가 재수 시절 사귀었던 상대방에 대한 상처되는 이야기를 꺼내며 외모를 비하하는 발언을 했는데, 오랜 친구였기에 어떻게 반응해야 할지 당황스러웠다. 이러한 상황에서, 친구가 과거 연인에 대해 상처를 주는 말을 하더라도 자신의 감정을 정중하게 전달하며 감정의 선을 지키는 것	<분류>1</분류> <판단>해야 한다</판단>
[도덕_문장]: 고등학교 동창회에서 과거에 친했던 친구가 내가 재수 시절 사귀었던 상대방에 대한 상처되는 이야기를 꺼내며 외모를 비하하는 발언을 했는데, 오랜 친구였기에 어떻게 반응해야 할지 당황스러웠다. 이럴 때, 과거의 연인을 비난하거나 외모를 비하하는 것	<분류>-1</분류> <판단>바람직하지 않다</판단>
[도덕_문장]: 오랜 연인이 프로포즈를 거절했는데, 나이가 마흔이 다 되어가는 상황에서 언제까지 기다려야 할지 고민이 되었다. 이처럼, 타인에게 거절당했을 때 상대방의 마음을 존중하는 것	<분류>1</분류> <판단>해야 한다</판단>
[도덕_문장]: 오랜 연인이 프로포즈를 거절했는데, 나이가 마흔이 다 되어가는 상황에서 언제까지 기다려야 할지 고민이 되었다. 이렇게, 자신의 나이와 상황을 고려하지 않고 한 사람에게 집착하는 것	<분류>-1</분류> <판단>옳지 않다</판단>
[도덕_문장]: 오랜 연인이 프로포즈를 거절했는데, 나이가 마흔이 다 되어가는 상황에서 언제까지 기다려야 할지 고민이 되었다. 이런 경우에, 연인이 마음을 받아들이지 못할 수도 있음을 받아들이는 것	<분류>1</분류> <판단>필요하다</판단>
[도덕_문장]: 결혼을 앞둔 남자친구에게 부모님의 이혼 사실을 숨겨왔는데, 화목한 가정에서 자란 그가 실망할까봐 계속 숨길지 솔직하게 말할지 고민했다. 이런 상황일 때, 부모님의 이혼을 남자친구에게 숨기는 것	<분류>-1</분류> <판단>바람직하지 않다</판단>
[도덕_문장]: 서른 살이 되어 부모님으로부터 독립하고 싶지만 돈이 없어서 포기해야 하는 상황에서, 부모님의 잔소리와 간섭이 심해져도 참고 지내야 할지 고민했다. 이러한 상황에서, 경제적으로 의존적인 자녀에게 필요한 도움을 주는 것	<분류>0</분류> <판단>해야 한다</판단>
[도덕_문장]: 부모님이 운영하는 편의점 근처에 경쟁 편의점이 생겨 매출이 떨어지고 빚 걱정이 커지는 상황에서, 도움을 드리고 싶지만 경제적 능력이 부족해 무력감을 느꼈다. 이처럼, 타인에게 도움을 주고 싶어할 때 자신의 제한을 인정하는 것	<분류>0</분류> <판단>바람직하다</판단>
[도덕_문장]: 연인과 헤어진 후 자신보다 상대방을 더 사랑했던 것을 후회하면서도, 다음 연애에서도 똑같이 헌신적으로 사랑할 것 같아 두려웠다. 이런 경우에, 이별 후에 감정을 정리하고 자신을 돌아보는 것	<분류>1</분류> <판단>바람직하다</판단>
[도덕_문장]: 연인과 헤어진 후 자신보다 상대방을 더 사랑했던 것을 후회하면서도, 다음 연애에서도 똑같이 헌신적으로 사랑할 것 같아 두려웠다. 이런 경우에, 이별한 연인에 대해 헌신적인 사랑을 반복하지 않도록 성찰하는 것	<분류>1</분류> <판단>바람직하다</판단>
[도덕_문장]: 친구와 워터파크 가기로 약속했는데 비가 와서 시설 운영이 중단되어 약속을 취소해야 할지 우산 쓰고라도 가야 할지 고민했다. 이렇게, 친구에게 약속을 취소해야 하는 상황에서 미리 연락하는 것	<분류>1</분류> <판단>좋다</판단>
[도덕_문장]: 친구와 워터파크 가기로 약속했는데 비가 와서 시설 운영이 중단되어 약속을 취소해야 할지 우산 쓰고라도 가야 할지 고민했다. 이처럼, 약속이 취소되었을 때 상대방의 입장을 이해하며 연락해주는 것	<분류>1</분류> <판단>좋다</판단>
[도덕_문장]: 친구와 워터파크 가기로 약속했는데 비가 와서 시설 운영이 중단되어 약속을 취소해야 할지 우산 쓰고라도 가야 할지 고민했다. 이렇게, 친구와의 약속을 취소할 경우 상대방에게 사전에 양해를 구하는 것	<분류>1</분류> <판단>바람직하다</판단>
[도덕_문장]: 친구가 내 옷 스타일을 따라 입기 시작했는데 그 친구가 더 잘 어울려서 다른 친구들이 내가 따라 입는다고 오해하니까 억울하지만 직접 물어보기는 어색했다. 이처럼, 오해가 생겼을 때 진실을 바로 알려는 것	<분류>0</분류> <판단>좋다</판단>
[도덕_문장]: 수능 당일 배탈로 시험을 망쳤는데 1년간 열심히 준비한 모습을 지켜본 엄마에게 실망스러운 결과를 어떻게 말씀드려야 할지 고민했다. 이럴 때, 자녀의 성적에 대한 실망감을 표현하면서 자녀의 노력을 인정하고 지지하는 것	<분류>1</분류> <판단>해야 한다</판단>
[도덕_문장]: 소중한 선배의 결혼식과 중요한 면접 일정이 겹쳐서 어느 것을 선택해야 할지 고민했지만, 결국 면접을 택하고 선배에게 미안한 마음을 전해야 했다. 이렇게, 상대의 사정으로 만남이 어려워졌을 때 기분이 상하지 않게 말해주는 것	<분류>1</분류> <판단>좋다</판단>
[도덕_문장]: 소중한 선배의 결혼식과 중요한 면접 일정이 겹쳐서 어느 것을 선택해야 할지 고민했지만, 결국 면접을 택하고 선배에게 미안한 마음을 전해야 했다. 이렇게, 타인과의 일정이 겹쳤을 때 상대방의 의사를 존중해 적절한 선택을 하는 것	<분류>1</분류> <판단>바람직하다</판단>
[도덕_문장]: 소중한 선배의 결혼식과 중요한 면접 일정이 겹쳐서 어느 것을 선택해야 할지 고민했지만, 결국 면접을 택하고 선배에게 미안한 마음을 전해야 했다. 이런 경우에, 면접을 중요하게 여기는 후배의 마음을 존중하는 것	<분류>1</분류> <판단>해야 한다</판단>
[도덕_문장]: 아이를 갖고 싶은데 남편과 시부모님이 모두 반대해서 내 꿈을 포기해야 할지 남편을 설득해야 할지 고민했다. 이런 상황에서, 배우자의 미래를 반대하는 것	<분류>-1</분류> <판단>바람직하지 않다</판단>
[도덕_문장]: 가족들을 위해 정성껏 저녁을 준비했는데 이틀 연속 아무도 집에 오지 않아서 혼자 먹어야 하는 상황이 반복되어 서운함과 이해 사이에서 갈등했다. 이처럼, 가족 간의 식사 약속을 상대의 상황을 고려하여 서로 조율하는 것	<분류>1</분류> <판단>좋다</판단>
[도덕_문장]: 아들의 사주에서 좋은 소식을 들었지만, 미신을 믿지 않는 아들에게 이 이야기를 해도 될지 고민이 되었다. 이런 상황에서, 자신의 신념과 다른 사람의 이야기를 경청할 수 있는 자세를 가지는 것	<분류>1</분류> <판단>좋다</판단>
[도덕_문장]: 아들의 사주에서 좋은 소식을 들었지만, 미신을 믿지 않는 아들에게 이 이야기를 해도 될지 고민이 되었다. 이런 상황일 때, 개인적인 신념에 대해 타인이 말하는 의견을 단정적으로 거부하지 않고 유연하게 받아들이는 것	<분류>1</분류> <판단>좋다.</판단>
[도덕_문장]: 아들의 사주에서 좋은 소식을 들었지만, 미신을 믿지 않는 아들에게 이 이야기를 해도 될지 고민이 되었다. 이렇게, 가족 구성원에게 자신의 생각을 말할 때 신중하게 생각하는 것	<분류>1</분류> <판단>좋다</판단>
[도덕_문장]: 아들의 사주에서 좋은 소식을 들었지만, 미신을 믿지 않는 아들에게 이 이야기를 해도 될지 고민이 되었다. 이럴 때, 부모가 자녀의 성향을 존중하면서 좋은 정보를 전하는 것	<분류>1</분류> <판단>해야 한다</판단>
[도덕_문장]: 공무원 시험에 세 번째 도전에서도 두 문제 차이로 떨어졌는데, 부모님께 이번에는 무조건 합격한다고 호언장담했던 약속을 어떻게 말씀드려야 할지 고민이 되었다. 이렇게, 자녀와의 약속을 지키지 못했을 때 솔직하게 사과하는 것	<분류>1</분류> <판단>해야 한다</판단>
[도덕_문장]: 공무원 시험에 세 번째 도전에서도 두 문제 차이로 떨어졌는데, 부모님께 이번에는 무조건 합격한다고 호언장담했던 약속을 어떻게 말씀드려야 할지 고민이 되었다. 이런 경우에, 부모의 잘못을 자식에게 뒤집어씌우는 것	<분류>1</분류> <판단>바람직하지 않다</판단>
[도덕_문장]: 여자친구 생일을 위해 정성껏 만든 케이크의 레터링이 망가져서 완벽한 이벤트를 망칠까 봐 걱정되었지만, 시간과 재료 부족으로 다시 만들 수 없어서 어떻게 해야 할지 고민했다. 이러한 상황에서, 상대방의 선물이 완벽하지 않아도 이해해주는 것	<분류>1</분류> <판단>좋다</판단>
[도덕_문장]: 큰아들이 생일상을 차려줬지만 맞벌이로 바빠서 엄마 역할을 제대로 못했다는 죄책감 때문에 아이들의 정성을 받아도 되는지 고민했다. 이런 경우에, 부모가 자녀의 정성을 고마워하는 것	<분류>1</분류> <판단>해야 한다</판단>
[도덕_문장]: 가족여행에 입고 갈 옷을 고르다가 친구와 함께 산 예쁜 원피스가 나이에 맞지 않는 것 같아 결국 평소 입던 청바지로 갈아입었다. 이렇게, 타인과 함께 있을 때 상대방의 기분과 상황을 고려해 옷을 입는 것	<분류>1</분류> <판단>좋다</판단>
[도덕_문장]: 가족여행에 입고 갈 옷을 고르다가 친구와 함께 산 예쁜 원피스가 나이에 맞지 않는 것 같아 결국 평소 입던 청바지로 갈아입었다. 이런 상황에서, 여행지에서 착용하고 활동하기 편안한 옷을 선택하는 것	<분류>1</분류> <판단>바람직하다</판단>
[도덕_문장]: 가족여행에 입고 갈 옷을 고르다가 친구와 함께 산 예쁜 원피스가 나이에 맞지 않는 것 같아 결국 평소 입던 청바지로 갈아입었다. 이럴 때, 옷을 고르는 과정에서 나이와 계절에 맞는 옷을 고르는 것	<분류>1</분류> <판단>적절하다</판단>
[도덕_문장]: 가족여행에 입고 갈 옷을 고르다가 친구와 함께 산 예쁜 원피스가 나이에 맞지 않는 것 같아 결국 평소 입던 청바지로 갈아입었다. 이런 경우에, 자신의 취향과 나이를 고려해 선택하는 것	<분류>1</분류> <판단>옳은 태도다</판단>
[도덕_문장]: 전 여자친구의 청첩장을 받았는데 축하해야 할지 아니면 참석하지 않아야 할지 고민이 되었다. 이런 경우에, 결婚의 여부에 대한 개인적인 결정을 존중하는 것	<분류>1</분류> <판단>되어야 한다</판단>
[도덕_문장]: 전 여자친구의 청첩장을 받았는데 축하해야 할지 아니면 참석하지 않아야 할지 고민이 되었다. 이런 상황에서, 연애 관계가 끝난 후 상대방의 선택을 존중하는 것	<분류>1</분류> <판단>바람직하다</판단>
[도덕_문장]: 전 여자친구의 청첩장을 받았는데 축하해야 할지 아니면 참석하지 않아야 할지 고민이 되었다. 이런 상황일 때, 과거 연인의 새로운 시작을 축하하는 것	<분류>1</분류> <판단>좋은 행동이다</판단>
[도덕_문장]: 전 여자친구의 청첩장을 받았는데 축하해야 할지 아니면 참석하지 않아야 할지 고민이 되었다. 이런 상황일 때, 다른 사람의 사적인 선택을 존중하는 것	<분류>1</분류> <판단>필요하다</판단>
[도덕_문장]: 사춘기 아들이 방문을 잠그고 거리를 두려고 하는데, 아이의 자립심을 존중해야 할지 아니면 내 서운한 마음을 솔직하게 표현해야 할지 고민된다. 이처럼, 부모가 자녀의 독립적인 성장을 존중하고, 자녀가 필요로 할 때 정서적 지지를 제공하는 것	<분류>1</분류> <판단>해야 한다</판단>
[도덕_문장]: 사춘기 아들이 방문을 잠그고 거리를 두려고 하는데, 아이의 자립심을 존중해야 할지 아니면 내 서운한 마음을 솔직하게 표현해야 할지 고민된다. 이런 경우에, 부모가 자녀의 성장 과정에 따른 변화를 이해하고, 자녀의 정서적 독립을 지원하는 것	<분류>1</분류> <판단>바람직하다</판단>
[도덕_문장]: 사춘기 아들이 방문을 잠그고 거리를 두려고 하는데, 아이의 자립심을 존중해야 할지 아니면 내 서운한 마음을 솔직하게 표현해야 할지 고민된다. 이런 상황에서, 자녀의 개인적인 공간과 시간을 존중하며 정서적 지지와 적절한 소통의 필요성을 인지하는 것	<분류>1</분류> <판단>바람직하다</판단>
[도덕_문장]: 새로 시작한 사업이 자리를 잡아가고 있지만, 급하게 퇴사하면서 동료들에게 피해를 준 것 같아 미안한 마음에 직접 찾아가 사과할지 고민했다. 이렇게, 자신의 행동으로 동료들이 피해를 입었을 때 신속하게 사과하는 것	<분류>1</분류> <판단>좋다</판단>
[도덕_문장]: 새로 시작한 사업이 자리를 잡아가고 있지만, 급하게 퇴사하면서 동료들에게 피해를 준 것 같아 미안한 마음에 직접 찾아가 사과할지 고민했다. 이러한 상황에서, 퇴사를 선택하고 그 결정에 대한 책임을 지는 것	<분류>1</분류> <판단>해야 한다</판단>
[도덕_문장]: 사랑했던 반려견이 세상을 떠난 지 1년이 지났는데도 여전히 매일 눈물이 나고 죄책감에 시달리지만, 주변 사람들은 이제 그만 잊고 살라고 해서 내 마음을 숨겨야 할지 고민이 된다. 이런 상황일 때, 슬픔을 숨기지 않는 것	<분류>0</분류> <판단>괜찮다</판단>
[도덕_문장]: 사랑했던 반려견이 세상을 떠난 지 1년이 지났는데도 여전히 매일 눈물이 나고 죄책감에 시달리지만, 주변 사람들은 이제 그만 잊고 살라고 해서 내 마음을 숨겨야 할지 고민이 된다. 이런 경우에, 가족이나 친한 친구에게 자신의 마음을 표현하는 것	<분류>1</분류> <판단>괜찮다</판단>
[도덕_문장]: 8개월 만에 피아노를 쳤는데 손가락이 굳어서 예전처럼 연주할 수 없어 슬펐지만, 앞으로도 바쁠 예정이라 충분히 연습할 시간을 낼 수 있을지 확신이 서지 않았다. 이처럼, 연습이 어려운 상황에서도 꾸준히 연습하려는 마음을 가지고, 필요한 경우 연습 방식을 조정하는 것	<분류>1</분류> <판단>바람직하다</판단>
[도덕_문장]: 8개월 만에 피아노를 쳤는데 손가락이 굳어서 예전처럼 연주할 수 없어 슬펐지만, 앞으로도 바쁠 예정이라 충분히 연습할 시간을 낼 수 있을지 확신이 서지 않았다. 이러한 상황에서, 연습을 할 시간을 낼 수 있을지 확신이 서지 않더라도 연주를 포기하지 않는 것	<분류>1</분류> <판단>좋다</판단>
[도덕_문장]: 아들이 더 좋은 대학에 합격했지만 집안 형편을 생각해 전액 장학금을 받을 수 있는 학교로 하향 지원했다고 해서 고마우면서도 미안하고 자책스러웠다. 이런 상황에서, 개인의 선택에 대해 응원해주는 것	<분류>1</분류> <판단>좋다</판단>
[도덕_문장]: 아들이 더 좋은 대학에 합격했지만 집안 형편을 생각해 전액 장학금을 받을 수 있는 학교로 하향 지원했다고 해서 고마우면서도 미안하고 자책스러웠다. 이럴 때, 자녀가 가정의 사정을 이해하고 결정을 내리는 것	<분류>1</분류> <판단>바람직하다</판단>
[도덕_문장]: 아들이 더 좋은 대학에 합격했지만 집안 형편을 생각해 전액 장학금을 받을 수 있는 학교로 하향 지원했다고 해서 고마우면서도 미안하고 자책스러웠다. 이런 상황일 때, 부모님이 자신의 선택을 이해해 주는 것	<분류>1</분류> <판단>좋다</판단>
[도덕_문장]: 아들이 더 좋은 대학에 합격했지만 집안 형편을 생각해 전액 장학금을 받을 수 있는 학교로 하향 지원했다고 해서 고마우면서도 미안하고 자책스러웠다. 이런 상황일 때, 자녀의 학업 선택이 옳다고 판단되면 이를 존중해주는 것	<분류>1</분류> <판단>좋다</판단>
[도덕_문장]: 아들이 더 좋은 대학에 합격했지만 집안 형편을 생각해 전액 장학금을 받을 수 있는 학교로 하향 지원했다고 해서 고마우면서도 미안하고 자책스러웠다. 이럴 때, 부모가 자녀의 결정을 존중해 주는 것	<분류>1</분류> <판단>좋다.</판단>
[도덕_문장]: 아들이 더 좋은 대학에 합격했지만 집안 형편을 생각해 전액 장학금을 받을 수 있는 학교로 하향 지원했다고 해서 고마우면서도 미안하고 자책스러웠다. 이처럼, 자녀가 집안 상황을 고려해 선택한 결정에 대해 감사의 마음을 표현하는 것	<분류>1</분류> <판단>좋다</판단>
[도덕_문장]: 은사님의 퇴임식에 가서 감사 인사를 드리고 싶지만 변변한 옷도 없고 성공하지 못한 현재 모습이 초라해서 갈지 말지 고민했다. 이처럼, 퇴임식에 초대받았을 때 참여 여부를 고려하는 것	<분류>0</분류> <판단>되도 된다</판단>
[도덕_문장]: 정치인 캠프에서 활동하며 당선을 확신했지만 낙선하자 직장까지 그만둔 것이 후회되어 정치에 대한 관심을 아예 끊으려 하는데, 부모님이 계속 정치 얘기를 꺼내셔서 솔직한 마음을 말씀드릴지 고민했다. 이런 경우에, 자녀의 솔직한 의견을 존중하는 것	<분류>1</분류> <판단>옳다</판단>
[도덕_문장]: 정치인 캠프에서 활동하며 당선을 확신했지만 낙선하자 직장까지 그만둔 것이 후회되어 정치에 대한 관심을 아예 끊으려 하는데, 부모님이 계속 정치 얘기를 꺼내셔서 솔직한 마음을 말씀드릴지 고민했다. 이럴 때, 부모님의 기대를 이해해주는 것	<분류>1</분류> <판단>옳다.</판단>
[도덕_문장]: 정치인 캠프에서 활동하며 당선을 확신했지만 낙선하자 직장까지 그만둔 것이 후회되어 정치에 대한 관심을 아예 끊으려 하는데, 부모님이 계속 정치 얘기를 꺼내셔서 솔직한 마음을 말씀드릴지 고민했다. 이럴 때, 자녀의 마음을 존중하는 것	<분류>1</분류> <판단>해야 한다</판단>
[도덕_문장]: 몇 달 동안 용돈을 모아 조던 운동화를 사려고 했는데 가격이 올라서 돈이 부족했지만, 부모님께 추가 용돈을 달라고 하기가 죄송스러워 망설였다. 이처럼, 자녀의 욕구를 충족시키지 못할 때 상황을 설명하고 대안을 제시하는 것	<분류>1</분류> <판단>좋다</판단>
[도덕_문장]: 전 여자친구와의 약속을 지키지 못해 헤어진 상황에서 다시 만나자고 연락했지만 답장이 오지 않아 계속 기다릴지 포기할지 고민했다. 이런 상황에서, 이별 후에 상대방을 지속적으로 기다리는 것	<분류>0</분류> <판단>바람직하지 않다</판단>
[도덕_문장]: 혼자서도 괜찮다고 생각했는데 외로움과 우울감이 밀려와서 언니에게 도움을 요청할지 혼자 해결할지 고민했다. 이렇게, 가족이 어려움을 겪을 때 개인적인 감정보다 가족을 향한 진심어린 관심과 지원을 표현하는 것	<분류>1</분류> <판단>좋다.</판단>
[도덕_문장]: 혼자서도 괜찮다고 생각했는데 외로움과 우울감이 밀려와서 언니에게 도움을 요청할지 혼자 해결할지 고민했다. 이러한 상황에서, 가족 간의 대화를 개인의 선택을 존중하는 방식으로 하는 것	<분류>1</분류> <판단>되어야 한다</판단>
[도덕_문장]: 혼자서도 괜찮다고 생각했는데 외로움과 우울감이 밀려와서 언니에게 도움을 요청할지 혼자 해결할지 고민했다. 이렇게, 자신의 상태가 힘들 때 도움을 요청하는 것	<분류>1</분류> <판단>좋다</판단>
[도덕_문장]: 성우인 내가 독감으로 목소리가 나오지 않아 중요한 녹음을 동료가 대신하게 되었는데, 그 동료가 나를 무시하는 것 같아서 자존심이 상했지만 아픈 몸으로는 어쩔 수 없었다. 이처럼, 자신의 상황을 이해하고 존중해 주는 것	<분류>1</분류> <판단>좋다</판단>
[도덕_문장]: 반려견이 아픈 상황에서 산책을 약속했는데 목줄을 잃어버려서 산책을 포기하고 집에 있을지, 아니면 다른 방법을 찾아서라도 약속을 지킬지 고민했다. 이렇게, 약속을 지키지 못할 경우 미리 연락하여 상황을 설명하는 것	<분류>1</분류> <판단>옳다</판단>
[도덕_문장]: 반려견이 아픈 상황에서 산책을 약속했는데 목줄을 잃어버려서 산책을 포기하고 집에 있을지, 아니면 다른 방법을 찾아서라도 약속을 지킬지 고민했다. 이처럼, 반려동물과 관련한 약속을 했을 때 불가피한 상황에서는 사정을 설명하고 양해를 구하는 것	<분류>1</분류> <판단>바람직하다</판단>
[도덕_문장]: 반려견이 아픈 상황에서 산책을 약속했는데 목줄을 잃어버려서 산책을 포기하고 집에 있을지, 아니면 다른 방법을 찾아서라도 약속을 지킬지 고민했다. 이처럼, 반려동물을 산책할 때 안전한 목줄을 착용하는 것	<분류>1</분류> <판단>필수로 해야 한다</판단>
[도덕_문장]: 반려견이 아픈 상황에서 산책을 약속했는데 목줄을 잃어버려서 산책을 포기하고 집에 있을지, 아니면 다른 방법을 찾아서라도 약속을 지킬지 고민했다. 이렇게, 산책 약속을 이행하지 못할 경우 미리 연락하고 상황을 설명하는 것	<분류>1</분류> <판단>좋다</판단>
[도덕_문장]: 회사 회식에 참석해야 하는 상황에서 장모님을 기차역에 마중 나가야 해서 회식 중간에 빠져야 할 핑계를 동료에게 부탁했다. 이처럼, 자신의 사정이 있을 때 양해를 구하는 것	<분류>1</분류> <판단>바람직하다</판단>
[도덕_문장]: 회사 회식에 참석해야 하는 상황에서 장모님을 기차역에 마중 나가야 해서 회식 중간에 빠져야 할 핑계를 동료에게 부탁했다. 이런 경우에, 가족과의 일정을 설명하는 것	<분류>0</분류> <판단>괜찮다</판단>
[도덕_문장]: 회사 회식에 참석해야 하는 상황에서 장모님을 기차역에 마중 나가야 해서 회식 중간에 빠져야 할 핑계를 동료에게 부탁했다. 이런 상황에서, 가족이 약속을 지키기 위해 양해를 구하는 것	<분류>1</분류> <판단>옳다</판단>
[도덕_문장]: 회사 회식에 참석해야 하는 상황에서 장모님을 기차역에 마중 나가야 해서 회식 중간에 빠져야 할 핑계를 동료에게 부탁했다. 이처럼, 직장생활에서 회식을 개인사정으로 빠질 때 예의 있게 처신하는 것	<분류>1</분류> <판단>옳다</판단>
[도덕_문장]: 회사에서 휴일 출근을 강요하며 직원을 부품 취급하는 사장 때문에 매일 우울하고 슬픈데, 이직할 용기와 확신이 없어서 그만둘지 계속 다닐지 고민했다. 이러한 상황에서, 직원에게 휴일 근무를 강요하는 것	<분류>-1</분류> <판단>옳지 않다</판단>
[도덕_문장]: 연인과 사소한 다툼을 피하고 싶어서 별것 아니라고 생각하며 몇 번 거짓말을 했는데, 결국 신뢰를 잃고 이별하게 되어 후회하고 있다. 이러한 상황에서, 연인 사이의 다툼을 피하기 위해 사실을 숨기는 것	<분류>-1</분류> <판단>바람직하지 않다</판단>
[도덕_문장]: 연인과 사소한 다툼을 피하고 싶어서 별것 아니라고 생각하며 몇 번 거짓말을 했는데, 결국 신뢰를 잃고 이별하게 되어 후회하고 있다. 이럴 때, 연애 중 상대방에게 거짓말을 하는 것	<분류>-1</분류> <판단>안 되며 옳지 않다</판단>
[도덕_문장]: 연인과 사소한 다툼을 피하고 싶어서 별것 아니라고 생각하며 몇 번 거짓말을 했는데, 결국 신뢰를 잃고 이별하게 되어 후회하고 있다. 이처럼, 연인과 다툼이 있을 때 솔직한 의견을 나누어 서로 이해하려는 노력하기	<분류>1</분류> <판단>필요하다</판단>
[도덕_문장]: 학교에서 처음 보는 친구에게 친해지고 싶어서 이름을 물어봤는데 완전히 무시당해서 당황스럽고 창피했지만, 내가 뭘 잘못했는지 모르겠어서 더욱 답답했다. 이렇게, 학교에서 처음 만난 친구가 이름을 물어봤을 때 예의 있게 답하는 것	<분류>1</분류> <판단>좋다</판단>
[도덕_문장]: 이전 프로젝트에서 실수했다는 이유로 원하는 프로젝트에서 제외되었는데, 상사에게 재고를 요청할지 아니면 조용히 받아들일지 고민했다. 이럴 때, 프로젝트에서 실수를 했더라도 개선 의지를 보이는 것	<분류>1</분류> <판단>바람직하다</판단>
[도덕_문장]: 소득세 환급금으로 호텔을 예약했는데, 너무 쉽게 써버린 건 아닌가 하는 걱정이 들었다. 이런 상황일 때, 자기 자신을 위해 지출하는 것	<분류>0</분류> <판단>权利是有的。</판단>
[도덕_문장]: 날씨가 흐릴 때마다 기분이 우울해지는 내 모습이 싫어서 감정적인 성격을 고치고 싶지만, 동생은 오히려 그런 감성적인 면이 내 장점이라고 말해서 혼란스러웠다. 이런 상황일 때, 타인의 의견을 듣기만 하지 않고 자신의 감정에 대해 스스로를 돌아보는 것	<분류>1</분류> <판단>좋다</판단>
[도덕_문장]: 날씨가 흐릴 때마다 기분이 우울해지는 내 모습이 싫어서 감정적인 성격을 고치고 싶지만, 동생은 오히려 그런 감성적인 면이 내 장점이라고 말해서 혼란스러웠다. 이러한 상황에서, 타인의 긍정적인 면을 받아들이고, 자신에게 부족한 부분을 객관적으로 평가하는 것	<분류>1</분류> <판단>해야 한다</판단>
[도덕_문장]: 날씨가 흐릴 때마다 기분이 우울해지는 내 모습이 싫어서 감정적인 성격을 고치고 싶지만, 동생은 오히려 그런 감성적인 면이 내 장점이라고 말해서 혼란스러웠다. 이렇게, 자신이 힘들 때 감정을 솔직하게 이야기하는 것	<분류>1</분류> <판단>좋다</판단>
[도덕_문장]: 날씨가 흐릴 때마다 기분이 우울해지는 내 모습이 싫어서 감정적인 성격을 고치고 싶지만, 동생은 오히려 그런 감성적인 면이 내 장점이라고 말해서 혼란스러웠다. 이런 상황일 때, 가족의 성장을 돕는 것	<분류>1</분류> <판단>좋다</판단>
[도덕_문장]: 길고양이가 죽은 우리 고양이와 똑같이 생겨서 입양하고 싶지만, 이전 고양이를 떠나보낸 슬픔이 아직 남아있어 다시 가족이 되는 것이 두려워 망설였다. 이런 상황에서, 상처받은 사람에게 충분한 위로를 하는 것	<분류>1</분류> <판단>필요하다</판단>
[도덕_문장]: 엄마와 단둘이 여행을 가고 싶었지만 잔소리와 불편함 때문에 망설이다가 결국 용기를 내어 제주도 여행을 떠났다. 이런 경우에, 자녀가 자신의 선택에 대해 확신을 갖도록 응원하고 존중하는 태도를 갖는 것	<분류>1</분류> <판단>바람직하다</판단>
[도덕_문장]: 식비 절약을 위해 도시락을 싸기로 했지만 첫날부터 준비를 미루고 아침에 급하게 만들면서도 동료에게는 계획적으로 준비한 것처럼 말했다. 이런 상황에서, 동료에게 사실을 왜곡하거나 거짓말을 하는 것	<분류>-1</분류> <판단>바람직하지 않다</판단>
[도덕_문장]: 식비 절약을 위해 도시락을 싸기로 했지만 첫날부터 준비를 미루고 아침에 급하게 만들면서도 동료에게는 계획적으로 준비한 것처럼 말했다. 이런 상황일 때, 상대방에게 사실과 다르게 이야기하는 것	<분류>-1</분류> <판단>옳지 않다</판단>
[도덕_문장]: 식비 절약을 위해 도시락을 싸기로 했지만 첫날부터 준비를 미루고 아침에 급하게 만들면서도 동료에게는 계획적으로 준비한 것처럼 말했다. 이러한 상황에서, 자신의 실수를 덮기 위해 거짓말을 하는 것	<분류>-1</분류> <판단>안 된다</판단>
[도덕_문장]: 딸의 미술 경진대회 수상을 축하하며 가족끼리 비싼 한우 스테이크 레스토랑에서 외식을 했는데, 평소 아이에게 절약의 중요성을 가르치면서도 이런 사치스러운 소비를 보여주는 것이 교육적으로 적절한지 고민되었다. 이런 상황에서, 부모가 자녀에게 평소에 절약의 중요성을 가르치고, 중요한 기념일에는 자녀에게 적절한 보상과 축하를 해주는 것	<분류>1</분류> <판단>바람직하다</판단>
[도덕_문장]: 육아휴직이 끝나 출근해야 하는데 아직 어린 아이를 두고 가야 한다는 죄책감과 직장 복귀에 대한 부담감 사이에서 마음이 복잡했다. 이처럼, 육아휴직 후 복귀해 감정적 불안감이 크다면 동료와 가족에게 자신의 상황을 솔직히 이야기하는 것	<분류>1</분류> <판단>바람직하다</판단>
[도덕_문장]: 육아휴직이 끝나 출근해야 하는데 아직 어린 아이를 두고 가야 한다는 죄책감과 직장 복귀에 대한 부담감 사이에서 마음이 복잡했다. 이런 상황일 때, 직장이 육아휴직 기간이 끝난 직원의 부담을 감안해 근무 스케줄이나 업무량을 조정하는 것	<분류>1</분류> <판단>좋다</판단>
[도덕_문장]: 동생들이 동반 입대해서 안도감에 기뻐하는 마음을 감추지 못하고 웃고 있었는데, 주변 사람들은 모두 슬픈 분위기여서 눈치가 보였다. 이런 상황에서, 개인적인 감정이 타인의 정서와 충돌하더라도 표현을 조절하는 노력을 하는 것	<분류>1</분류> <판단>해야 한다</판단>
[도덕_문장]: 첫 월급으로 아버지께 와이셔츠를 사드리고 싶었지만, 평소 무뚝뚝하신 아버지가 내 선물을 좋아하실지 확신이 서지 않아 고민했다. 이렇게, 자녀가 부모님께 선물을 할 때 부모님의 평소 성향을 고려하는 것	<분류>1</분류> <판단>해야 한다</판단>
[도덕_문장]: 아기가 태어날 예정이라 금주를 결심했지만 회식 참여를 포기해야 하는 상황에서 동료들과의 관계가 소원해질까 봐 걱정되었다. 이럴 때, 동료들에게 개인적인 사정을 설명하고 이해를 구하는 것	<분류>1</분류> <판단>좋다</판단>
[도덕_문장]: 아기가 태어날 예정이라 금주를 결심했지만 회식 참여를 포기해야 하는 상황에서 동료들과의 관계가 소원해질까 봐 걱정되었다. 이런 상황에서, 개인적인 사정으로 인한 참여 불가능에 대해 양해를 구하는 것	<분류>1</분류> <판단>옳다.</판단>
[도덕_문장]: 아기가 태어날 예정이라 금주를 결심했지만 회식 참여를 포기해야 하는 상황에서 동료들과의 관계가 소원해질까 봐 걱정되었다. 이렇게, 회식에 참여하지 못하는 상황이 생기더라도 이해를 구하고, 향후 회식 참여를 위한 노력과 상황을 공유하는 것	<분류>1</분류> <판단>바람직하다</판단>
[도덕_문장]: 아기가 태어날 예정이라 금주를 결심했지만 회식 참여를 포기해야 하는 상황에서 동료들과의 관계가 소원해질까 봐 걱정되었다. 이런 경우에, 개인의 사정으로 회식을 거절하고 관계를 유지하려는 것	<분류>1</분류> <판단>바람직하다</판단>
[도덕_문장]: 주변 사람들을 세심하게 챙기는 것이 좋은 일이라고 생각하지만, 점점 그 부담감과 스트레스가 커져서 계속해야 할지 고민이 되었다. 이렇게, 타인이 자신에게 부담을 느낄 때 배려의 범위를 조절하는 것	<분류>1</분류> <판단>좋다</판단>
[도덕_문장]: 주변 사람들을 세심하게 챙기는 것이 좋은 일이라고 생각하지만, 점점 그 부담감과 스트레스가 커져서 계속해야 할지 고민이 되었다. 이처럼, 자신의 일이 있을 때 개인적인 상황을 먼저 돌본 후 주변 사람들을 챙기는 것	<분류>1</분류> <판단>바람직하다</판단>
[도덕_문장]: 아이들과 눈썰매장에 가고 싶었지만 업무가 밀려있어서 가족 시간을 위해 일을 미루는 것이 맞는지 고민했다. 이처럼, 업무 때문에 가족들과 시간을 갖지 못하더라도 가족에게 설명을 하는 것	<분류>1</분류> <판단>바람직하다</판단>
[도덕_문장]: 아이들과 눈썰매장에 가고 싶었지만 업무가 밀려있어서 가족 시간을 위해 일을 미루는 것이 맞는지 고민했다. 이러한 상황에서, 업무를 조금 미루거나 조정하는 것	<분류>1</분류> <판단>바람직하다</판단>
[도덕_문장]: 아이들과 눈썰매장에 가고 싶었지만 업무가 밀려있어서 가족 시간을 위해 일을 미루는 것이 맞는지 고민했다. 이처럼, 업무가 과도하게 쌓였을 때 업무의 우선순위를 조정하여 가족과의 시간을 보장하는 것	<분류>1</분류> <판단>해야 한다</판단>
[도덕_문장]: 아이들과 눈썰매장에 가고 싶었지만 업무가 밀려있어서 가족 시간을 위해 일을 미루는 것이 맞는지 고민했다. 이러한 상황에서, 가족과 시간을 보내는 것	<분류>1</분류> <판단>중요하다</판단>
[도덕_문장]: 해외 파견 합격 소식이 너무 기뻐서 회사에서 소리를 지르고 싶었지만 동료들 앞에서 과도하게 기뻐하는 모습을 보이면 안 될 것 같아 겨우 참았다. 이럴 때, 동료의 사정을 존중하는 것	<분류>1</분류> <판단>바람직하다</판단>
[도덕_문장]: 해외 파견 합격 소식이 너무 기뻐서 회사에서 소리를 지르고 싶었지만 동료들 앞에서 과도하게 기뻐하는 모습을 보이면 안 될 것 같아 겨우 참았다. 이처럼, 동료의 상황에 따라 과도한 반응을 자제하는 것	<분류>1</분류> <판단>좋은 판단이다</판단>
[도덕_문장]: 건강을 위해 식단 관리를 해야 한다는 것을 알지만, 회사 회식이 잦아서 매번 참석할 때마다 바깥 음식을 먹을 수밖에 없어 고민이다. 이런 상황일 때, 회사에서 직원들의 건강과 식단 관리를 고려하여 회식 문화를 개선하는 것	<분류>1</분류> <판단>바람직하다</판단>
[도덕_문장]: 건강을 위해 식단 관리를 해야 한다는 것을 알지만, 회사 회식이 잦아서 매번 참석할 때마다 바깥 음식을 먹을 수밖에 없어 고민이다. 이렇게, 조직이 구성원의 건강 문제를 인지했을 때 회식 메뉴를 보다 건강한 선택으로 구성하거나, 개인의 식단 관리를 고려한 유연한 대응 방안을 마련하는 것	<분류>1</분류> <판단>해야 한다</판단>
[도덕_문장]: 마음에 드는 소파를 구입해서 기뻐하며 동료에게 자랑했는데, 동료도 최근 핸드폰을 구매했다며 공감해주자 혹시 내가 너무 자랑질을 한 건 아닌지 걱정되었다. 이런 상황일 때, 회사 동료의 구매와 관련한 말을 들은 뒤 공감을 표시하는 것	<분류>1</분류> <판단>좋다</판단>
[도덕_문장]: 아내가 갱년기로 힘들어할 때 포기하고 싶은 마음이 들었지만, 남편으로서 끝까지 지켜야 한다는 책임감과 개인적인 한계 사이에서 갈등했다. 이렇게, 배우자가 어려움을 겪을 경우 상대의 입장에서 생각해보는 것	<분류>1</분류> <판단>옳다</판단>
[도덕_문장]: 결혼 준비 과정에서 재혼 가정의 가족들이 보여준 진심 어린 사랑을 받고 나서야, 그동안 피가 섞이지 않았다는 이유로 진짜 가족이 아닐 수도 있다고 혼자 상처받으며 의심했던 자신의 어리석음을 깨달았다. 이처럼, 재혼 가정을 구성할 때 이전 가정에 대한 애정과 존중을 갖는 것	<분류>1</분류> <판단>필요하다</판단>
[도덕_문장]: 이혼 후 혼자서 일과 육아를 병행하며 힘들어하는 모습을 딸에게 보이지 않으려 했지만, 결국 우는 모습을 들켜서 어린 딸이 나를 위로해주는 상황이 되었다. 이처럼, 어려운 상황에서 감정을 숨기는 것	<분류>1</분류> <판단>바람직하지 않다</판단>
[도덕_문장]: 이혼 후 혼자서 일과 육아를 병행하며 힘들어하는 모습을 딸에게 보이지 않으려 했지만, 결국 우는 모습을 들켜서 어린 딸이 나를 위로해주는 상황이 되었다. 이러한 상황에서, 부모에게 위로의 말을 건네는 것	<분류>1</분류> <판단>좋다</판단>
[도덕_문장]: 이혼 후 혼자서 일과 육아를 병행하며 힘들어하는 모습을 딸에게 보이지 않으려 했지만, 결국 우는 모습을 들켜서 어린 딸이 나를 위로해주는 상황이 되었다. 이런 경우에, 자신의 감정을 가족 구성원들에게 솔직하게 표현하는 것	<분류>1</분류> <판단>괜찮다</판단>
[도덕_문장]: 이혼 후 혼자서 일과 육아를 병행하며 힘들어하는 모습을 딸에게 보이지 않으려 했지만, 결국 우는 모습을 들켜서 어린 딸이 나를 위로해주는 상황이 되었다. 이러한 상황에서, 부모님의 어려움을 이해해주는 것	<분류>1</분류> <판단>좋다</판단>
[도덕_문장]: 이혼 후 혼자서 일과 육아를 병행하며 힘들어하는 모습을 딸에게 보이지 않으려 했지만, 결국 우는 모습을 들켜서 어린 딸이 나를 위로해주는 상황이 되었다. 이럴 때, 딸의 위로에 엄마가 고맙다는 말을 전하는 것	<분류>1</분류> <판단>좋다</판단>
[도덕_문장]: 아이들에게는 자연을 보호해야 한다고 가르치면서도, 편의를 위해 일회용품을 사용하고 쓰레기를 함부로 버리는 내 모습에 죄책감을 느꼈다. 이런 경우에, 주변 환경에 대한 책임 있는 태도를 유지하는 것	<분류>1</분류> <판단>바람직하다</판단>
[도덕_문장]: 아이들에게는 자연을 보호해야 한다고 가르치면서도, 편의를 위해 일회용품을 사용하고 쓰레기를 함부로 버리는 내 모습에 죄책감을 느꼈다. 이런 상황일 때, 아이에게 자신의 잘못을 솔직하게 말하고 스스로 고치려는 노력을 보이는 것	<분류>1</분류> <판단>해야 한다</판단>
[도덕_문장]: 아이들에게는 자연을 보호해야 한다고 가르치면서도, 편의를 위해 일회용품을 사용하고 쓰레기를 함부로 버리는 내 모습에 죄책감을 느꼈다. 이런 상황에서, 자녀가 가진 가치관이 행동과 다르다면 반성하고 고치는 노력을 하는 것	<분류>1</분류> <판단>해야 한다</판단>
[도덕_문장]: 회사에서 근로자의 날 선물로 받은 수건세트가 너무 기뻐서 SNS에 자랑하고 싶었지만, 다른 회사 친구들이 아무것도 받지 못했다는 얘기를 들어서 올리지 못했다. 이런 경우에, SNS를 통해 동료의 행동이나 개인적인 사정을 공개적으로 평가하지 않는 것	<분류>1</분류> <판단>좋다</판단>
[도덕_문장]: 회사에서 근로자의 날 선물로 받은 수건세트가 너무 기뻐서 SNS에 자랑하고 싶었지만, 다른 회사 친구들이 아무것도 받지 못했다는 얘기를 들어서 올리지 못했다. 이렇게, 다른 사람이 받은 선물을 자랑할 때 상황을 고려해 판단하는 태도를 가지는 것	<분류>1</분류> <판단>필요하다</판단>
[도덕_문장]: 회사에서 근로자의 날 선물로 받은 수건세트가 너무 기뻐서 SNS에 자랑하고 싶었지만, 다른 회사 친구들이 아무것도 받지 못했다는 얘기를 들어서 올리지 못했다. 이처럼, 조직 내 상황을 보고 상대의 기쁨과 슬픔을 공유하는 것	<분류>1</분류> <판단>이해심 있는 행동이다</판단>
[도덕_문장]: 길고양이들에게 밥을 챙겨주고 싶지만 이미 집에서 강아지를 키우고 있어서 추가로 입양할 수 없어 안타까운 마음이 들었다. 이런 상황일 때, 현재 가족의 생활에 변화를 주지 않으면서 타인에게 도움을 주려는 노력을 하는 것	<분류>1</분류> <판단>긍정적으로 받아들여야 한다</판단>
[도덕_문장]: 어머니로부터 물려받은 반지가 촌스럽다고 생각했던 과거를 떠올리며, 딸에게 같은 반지를 물려줄 때 거부당할까 봐 걱정했지만 다행히 딸이 복고 스타일이라며 좋아해 주어 안도했다. 이런 상황에서, 부모가 자녀의 취향을 강요하지 않고 존중하는 태도를 보이는 것	<분류>1</분류> <판단>옳다</판단>
[도덕_문장]: 어머니로부터 물려받은 반지가 촌스럽다고 생각했던 과거를 떠올리며, 딸에게 같은 반지를 물려줄 때 거부당할까 봐 걱정했지만 다행히 딸이 복고 스타일이라며 좋아해 주어 안도했다. 이런 상황일 때, 부모가 자녀의 의견을 존중하는 것	<분류>1</분류> <판단>옳다</판단>
[도덕_문장]: 선배가 운동을 좋아한다고 했지만 요즘 바빠서 운동을 안 한다고 하는데, 달리기 동호회에 함께 참여하자고 제안할지 부담스러워할지 고민했다. 이렇게, 부담스러운 제안에 대해 상대방에게 정중하게 거절하거나 상황을 설명하는 것	<분류>1</분류> <판단>좋다</판단>
[도덕_문장]: 선배가 운동을 좋아한다고 했지만 요즘 바빠서 운동을 안 한다고 하는데, 달리기 동호회에 함께 참여하자고 제안할지 부담스러워할지 고민했다. 이러한 상황에서, 바쁜 사람에게 너무 많은 제안을 하지 않는 것	<분류>1</분류> <판단>좋다</판단>
[도덕_문장]: 연봉이 크게 올라서 기분이 좋았지만, 친구에게 구체적인 금액을 말하면 상대적 박탈감을 줄 수 있어서 비밀로 하겠다고 했다. 이런 상황일 때, 친구가 비밀로 하는 것을 이해하는 것	<분류>1</분류> <판단>좋다</판단>
[도덕_문장]: 연봉이 크게 올라서 기분이 좋았지만, 친구에게 구체적인 금액을 말하면 상대적 박탈감을 줄 수 있어서 비밀로 하겠다고 했다. 이럴 때, 친구를 배려하는 것	<분류>1</분류> <판단>좋다</판단>
[도덕_문장]: 연봉이 크게 올라서 기분이 좋았지만, 친구에게 구체적인 금액을 말하면 상대적 박탈감을 줄 수 있어서 비밀로 하겠다고 했다. 이처럼, 자신의 상황을 적절하게 조절하고 공개하는 것	<분류>1</분류> <판단>바람직하다</판단>
[도덕_문장]: 평소 계획적인 성격인데 즉흥적으로 혼자 여행을 가고 싶어서 기차표를 예매했지만, 무계획으로 떠나는 것이 과연 괜찮을지 고민이 되었다. 이런 경우에, 충동적인 행동을 하기 전에 고민하는 시간을 갖는 것	<분류>1</분류> <판단>좋은 태도이다</판단>
[도덕_문장]: 평소 계획적인 성격인데 즉흥적으로 혼자 여행을 가고 싶어서 기차표를 예매했지만, 무계획으로 떠나는 것이 과연 괜찮을지 고민이 되었다. 이런 상황에서, 자신의 기분을 존중하는 것	<분류>1</분류> <판단>옳다</판단>
[도덕_문장]: 평소 계획적인 성격인데 즉흥적으로 혼자 여행을 가고 싶어서 기차표를 예매했지만, 무계획으로 떠나는 것이 과연 괜찮을지 고민이 되었다. 이렇게, 자신의 상황과 여건을 고려해 결정을 내리는 것	<분류>1</분류> <판단>바람직하다</판단>
[도덕_문장]: 평소 계획적인 성격인데 즉흥적으로 혼자 여행을 가고 싶어서 기차표를 예매했지만, 무계획으로 떠나는 것이 과연 괜찮을지 고민이 되었다. 이런 상황일 때, 새로운 경험을 하는 사람에게 지지와 응원을 하는 것	<분류>1</분류> <판단>좋다</판단>
[도덕_문장]: 회사에서 업무량이 줄어들어 여유로워졌지만, 동료들은 여전히 바쁘게 일하고 있어서 내가 편하게 지내는 모습을 보여주기가 미안했다. 이처럼, 업무가 줄어들었을 때 동료들을 도와주는 것	<분류>1</분류> <판단>옳다</판단>
[도덕_문장]: 회사에서 업무량이 줄어들어 여유로워졌지만, 동료들은 여전히 바쁘게 일하고 있어서 내가 편하게 지내는 모습을 보여주기가 미안했다. 이렇게, 동료의 상황을 배려하며 자신의 여유를 과시하지 않는 것	<분류>1</분류> <판단>좋다</판단>
[도덕_문장]: 회사에서 업무량이 줄어들어 여유로워졌지만, 동료들은 여전히 바쁘게 일하고 있어서 내가 편하게 지내는 모습을 보여주기가 미안했다. 이렇게, 업무량이 줄어든 상황에서 주변 사람들의 상황을 고려해 조심스럽게 행동하는 것	<분류>1</분류> <판단>바람직하다</판단>
[도덕_문장]: 이사한 지 6개월이 넘도록 이웃과 인사도 나누지 않고 살았는데, 감자채전을 나눠주고 나서야 비로소 이웃과 소통해야 했던 건 아닌지 미안한 마음이 들었다. 이럴 때, 이사한 후 이웃과 소통하려는 노력을 하는 것	<분류>1</분류> <판단>필요하다</판단>
[도덕_문장]: 이사한 지 6개월이 넘도록 이웃과 인사도 나누지 않고 살았는데, 감자채전을 나눠주고 나서야 비로소 이웃과 소통해야 했던 건 아닌지 미안한 마음이 들었다. 이런 상황에서, 이웃이 어떠한 감정을 느끼는지 배려하는 태도를 유지하는 것	<분류>1</분류> <판단>좋다</판단>
[도덕_문장]: 이사한 지 6개월이 넘도록 이웃과 인사도 나누지 않고 살았는데, 감자채전을 나눠주고 나서야 비로소 이웃과 소통해야 했던 건 아닌지 미안한 마음이 들었다. 이러한 상황에서, 이웃이 오랜 시간 인사를 하지 않았다고 해서 오해를 하는 것	<분류>1</분류> <판단>바람직하지 않다</판단>
[도덕_문장]: 이사한 지 6개월이 넘도록 이웃과 인사도 나누지 않고 살았는데, 감자채전을 나눠주고 나서야 비로소 이웃과 소통해야 했던 건 아닌지 미안한 마음이 들었다. 이처럼, 이사 후 이웃과 어색함이 있을 때 먼저 인사를 하고 적극적으로 소통하려는 노력을 하는 것	<분류>1</분류> <판단>필요하다</판단>
[도덕_문장]: 막내가 고등학교를 졸업해서 기쁘지만, 친구가 계속 내 자녀 양육을 칭찬하자 겸손하게 당연한 일이라고 말해야 할지 솔직하게 자랑스러워해도 될지 고민했다. 이처럼, 자녀가 책임감 있는 성장을 보일 때 그 과정에 노력을 들인 부모로서 겸손함을 보이는 것	<분류>1</분류> <판단>바람직하다</판단>
[도덕_문장]: 애인이 과거 연인의 친구들에게 상처받은 트라우마가 있어서 내 친구들 만나기를 꺼려했는데, 내가 계속 설득해서 억지로 만나게 해도 되는 건지 고민했다. 이러한 상황에서, 연인이 과거 연인을 만나기를 꺼리는 이유를 이해하지 못하더라도 연인의 마음을 존중하는 것	<분류>1</분류> <판단>해야 한다</판단>
[도덕_문장]: 어머니 수술비가 필요해서 친구에게 돈을 빌리려고 부탁했는데, 보험 환급금이 나와서 빌리지 않아도 되게 되었지만 친구에게 미안한 마음이 들었다. 이렇게, 상대의 사정을 이해하고 그 상황에 적합하게 행동하는 것	<분류>1</분류> <판단>옳다</판단>
[도덕_문장]: 어머니 수술비가 필요해서 친구에게 돈을 빌리려고 부탁했는데, 보험 환급금이 나와서 빌리지 않아도 되게 되었지만 친구에게 미안한 마음이 들었다. 이렇게, 자신이 약속한 일이 없어졌을 때 상대방에게 미안한 마음을 전하는 것	<분류>1</분류> <판단>바람직하다</판단>
[도덕_문장]: 할머니와 함께 재래시장에 가서 떡과 과일을 사기로 했는데, 평소보다 많은 양을 사고 싶지만 할머니 앞에서 너무 욕심을 부리는 것 같아 보일까 봐 고민했다. 이렇게, 가족과 함께 쇼핑할 때 가족의 의견을 먼저 묻는 것	<분류>1</분류> <판단>바람직하다</판단>
[도덕_문장]: 할머니와 함께 재래시장에 가서 떡과 과일을 사기로 했는데, 평소보다 많은 양을 사고 싶지만 할머니 앞에서 너무 욕심을 부리는 것 같아 보일까 봐 고민했다. 이런 상황에서, 가족의 필요를 존중하는 것	<분류>1</분류> <판단>좋다</판단>
[도덕_문장]: 할머니와 함께 재래시장에 가서 떡과 과일을 사기로 했는데, 평소보다 많은 양을 사고 싶지만 할머니 앞에서 너무 욕심을 부리는 것 같아 보일까 봐 고민했다. 이처럼, 가족과 함께 쇼핑할 때 상대의 기분과 경제적 여유를 함께 배려하는 태도를 지키는 것	<분류>1</분류> <판단>바람직하다</판단>
[도덕_문장]: 할머니와 함께 재래시장에 가서 떡과 과일을 사기로 했는데, 평소보다 많은 양을 사고 싶지만 할머니 앞에서 너무 욕심을 부리는 것 같아 보일까 봐 고민했다. 이처럼, 가족과 함께 장을 볼 때 상대방의 의견을 존중하는 것	<분류>1</분류> <판단>해야 한다</판단>
[도덕_문장]: 할머니와 함께 재래시장에 가서 떡과 과일을 사기로 했는데, 평소보다 많은 양을 사고 싶지만 할머니 앞에서 너무 욕심을 부리는 것 같아 보일까 봐 고민했다. 이처럼, 평소와 다른 구매 패턴이 발생했을 때 그 이유를 상대방에게 설명하는 것	<분류>1</분류> <판단>좋다</판단>
[도덕_문장]: 할머니와 함께 재래시장에 가서 떡과 과일을 사기로 했는데, 평소보다 많은 양을 사고 싶지만 할머니 앞에서 너무 욕심을 부리는 것 같아 보일까 봐 고민했다. 이렇게, 자신의 의사를 표현할 때 예의를 갖춘 표현으로 전달하는 것	<분류>1</분류> <판단>바람직하다</판단>
[도덕_문장]: 친구 결혼식에서 운명 같은 남자를 만나 강하게 끌렸지만, 친구가 너무 성급하게 빠지지 말고 이성적으로 판단하라고 조언해서 마음이 흔들렸다. 이런 상황에서, 친구의 조언을 경청하는 것	<분류>1</분류> <판단>바람직하다</판단>
[도덕_문장]: 친구 결혼식에서 운명 같은 남자를 만나 강하게 끌렸지만, 친구가 너무 성급하게 빠지지 말고 이성적으로 판단하라고 조언해서 마음이 흔들렸다. 이렇게, 자신의 조언이 상대방의 마음에 영향을 미치는 것을 인지하고, 조언과 판단을 할 때 상대방의 입장과 마음을 충분히 배려하는 것	<분류>1</분류> <판단>해야 한다</판단>
[도덕_문장]: 친구 결혼식에서 운명 같은 남자를 만나 강하게 끌렸지만, 친구가 너무 성급하게 빠지지 말고 이성적으로 판단하라고 조언해서 마음이 흔들렸다. 이러한 상황에서, 친구가 이성적으로 행동하길 조언하는 것	<분류>1</분류> <판단>친구에 대한 배려가 필요하다</판단>
[도덕_문장]: 친구 결혼식에서 운명 같은 남자를 만나 강하게 끌렸지만, 친구가 너무 성급하게 빠지지 말고 이성적으로 판단하라고 조언해서 마음이 흔들렸다. 이런 경우에, 개인의 선택을 존중하는 것	<분류>1</분류> <판단>좋다</판단>
[도덕_문장]: 친구 결혼식에서 운명 같은 남자를 만나 강하게 끌렸지만, 친구가 너무 성급하게 빠지지 말고 이성적으로 판단하라고 조언해서 마음이 흔들렸다. 이런 경우에, 친구의 판단을 존중하는 것	<분류>1</분류> <판단>좋다</판단>
[도덕_문장]: 친구 결혼식에서 운명 같은 남자를 만나 강하게 끌렸지만, 친구가 너무 성급하게 빠지지 말고 이성적으로 판단하라고 조언해서 마음이 흔들렸다. 이처럼, 다른 사람이 연인에 대해 걱정할 때 이해하고 경청하는 것	<분류>1</분류> <판단>바람직하다</판단>
[도덕_문장]: 사업이 성공해서 여자친구에게 명품가방을 10개나 사줬는데, 친구에게 자랑하면서도 과시하는 것 같아 보일까봐 걱정됐다. 이런 상황일 때, 타인과 비교하거나 과시하는 것	<분류>-1</분류> <판단>좋지 않다</판단>
[도덕_문장]: 사업이 성공해서 여자친구에게 명품가방을 10개나 사줬는데, 친구에게 자랑하면서도 과시하는 것 같아 보일까봐 걱정됐다. 이처럼, 자신의 성공과 물질적 성과를 과시할 때 상대방의 기분을 고려하며 행동하는 것	<분류>1</분류> <판단>좋다</판단>
[도덕_문장]: 남자친구와 놀이공원에서 머리띠를 고르며 행복한 시간을 보내고 있는데, 다른 커플들이 우리를 쳐다보며 수군거리는 것 같아서 계속 즐길지 자리를 옮길지 고민했다. 이런 상황에서, 타인이 자신의 연인을 수군거리는 것	<분류>-1</분류> <판단>바람직하지 않다</판단>
[도덕_문장]: 남자친구와 놀이공원에서 머리띠를 고르며 행복한 시간을 보내고 있는데, 다른 커플들이 우리를 쳐다보며 수군거리는 것 같아서 계속 즐길지 자리를 옮길지 고민했다. 이런 상황에서, 공공장소에서 자신의 행동이 다른 사람들에게 불쾌감을 주지 않도록 주의하는 것	<분류>1</분류> <판단>옳다</판단>
[도덕_문장]: 친구의 첫 독주회에 초대받아 기쁘고 설레지만, 클래식 공연 예절을 잘 몰라서 실수할까 봐 걱정되어 가는 내내 긴장했다. 이렇게, 공연에 초대받았을 때 감사하게 생각하고 즐기는 것	<분류>1</분류> <판단>좋다</판단>
[도덕_문장]: 키가 큰 것 때문에 친구들의 놀림을 받아 스트레스였는데, 건강검진에서 키가 줄었다는 결과에 기뻐하면서도 다시 원래대로 돌아갈까 봐 걱정된다. 이런 상황일 때, 타인의 외모나 신체적 특징을 근거로 놀리는 것	<분류>-1</분류> <판단>옳지 않다</판단>
[도덕_문장]: 키가 큰 것 때문에 친구들의 놀림을 받아 스트레스였는데, 건강검진에서 키가 줄었다는 결과에 기뻐하면서도 다시 원래대로 돌아갈까 봐 걱정된다. 이처럼, 신체적 특징 때문에 놀림을 당하는 것을 방관하는 것	<분류>-1</분류> <판단>안 되는 것</판단>
[도덕_문장]: 키가 큰 것 때문에 친구들의 놀림을 받아 스트레스였는데, 건강검진에서 키가 줄었다는 결과에 기뻐하면서도 다시 원래대로 돌아갈까 봐 걱정된다. 이럴 때, 키를 이유로 친구들을 놀리는 것	<분류>-1</분류> <판단>옳지 않다</판단>
[도덕_문장]: 룸메이트가 매일 향초를 피운다고 해서 나도 좋아한다고 말했지만, 사실 향이 너무 강해서 가끔 답답하고 머리가 아픈데 이제 와서 싫다고 말하기 어려워졌다. 이처럼, 룸메이트에게 불편한 상황을 솔직하게 이야기하는 것	<분류>1</분류> <판단>해야 한다</판단>
[도덕_문장]: 최종 면접에서 옆 사람이 받은 어려운 질문을 나는 받지 않아서 다행이라고 생각했지만, 동시에 그 사람에 대한 미안함과 죄책감이 들었다. 이런 경우에, 면접에서 타인에게 피해가 가지 않도록 서로 배려하는 것	<분류>1</분류> <판단>옳다</판단>
[도덕_문장]: 최종 면접에서 옆 사람이 받은 어려운 질문을 나는 받지 않아서 다행이라고 생각했지만, 동시에 그 사람에 대한 미안함과 죄책감이 들었다. 이런 경우에, 면접에서 동료에게 느낀 미안함과 죄책감을 솔직하게 표현하고 배려하는 태도를 보이는 것	<분류>1</분류> <판단>바람직하다</판단>
[도덕_문장]: 최종 면접에서 옆 사람이 받은 어려운 질문을 나는 받지 않아서 다행이라고 생각했지만, 동시에 그 사람에 대한 미안함과 죄책감이 들었다. 이런 상황일 때, 타인의 감정을 공감하고 배려하는 것	<분류>1</분류> <판단>바람직하다</판단>
[도덕_문장]: 남편이 경도 비만과 당뇨, 고혈압으로 운동이 필요하다는 것을 알면서도 운동을 거부하는 남편을 억지로 헬스장에 끌고 갈지 말지 고민했다. 이럴 때, 남편의 건강을 위해 권유하기 위해 남편의 동의와 이해를 얻는 것	<분류>1</분류> <판단>해야 한다</판단>
[도덕_문장]: 공황장애로 외식을 꺼리는 나 때문에 남자친구가 집에서 요리해주는 것이 고마우면서도 그에게 부담을 주는 것 같아 미안했다. 이렇게, 연인의 상황을 이해하고 지원해 주는 것	<분류>1</분류> <판단>좋다</판단>
[도덕_문장]: 공황장애로 외식을 꺼리는 나 때문에 남자친구가 집에서 요리해주는 것이 고마우면서도 그에게 부담을 주는 것 같아 미안했다. 이처럼, 연인이 어려움이 있을 때 부담을 덜어주기 위해 적극적으로 도와주는 것	<분류>1</분류> <판단>좋다</판단>
[도덕_문장]: 공황장애로 외식을 꺼리는 나 때문에 남자친구가 집에서 요리해주는 것이 고마우면서도 그에게 부담을 주는 것 같아 미안했다. 이렇게, 연인이 힘든 상황에 있을 때 이해해주는 것	<분류>1</분류> <판단>좋다</판단>
[도덕_문장]: 공황장애로 외식을 꺼리는 나 때문에 남자친구가 집에서 요리해주는 것이 고마우면서도 그에게 부담을 주는 것 같아 미안했다. 이렇게, 정신적으로 어려움이 있는 상황에서 주변 사람들에게 도움을 요청하는 것	<분류>1</분류> <판단>좋다</판단>
[도덕_문장]: 언니가 다도라는 새로운 취미에 푹 빠져서 주말에 함께하자고 초대했는데, 사실 차에 대해 전혀 관심이 없어서 어떻게 반응해야 할지 고민됐다. 이런 상황에서, 취미 활동에 같이 참여하길 원해서 예의 있게 제안하는 것	<분류>1</분류> <판단>옳다</판단>
[도덕_문장]: 언니가 다도라는 새로운 취미에 푹 빠져서 주말에 함께하자고 초대했는데, 사실 차에 대해 전혀 관심이 없어서 어떻게 반응해야 할지 고민됐다. 이렇게, 초대를 받았을 때 자신의 상황이나 관심을 분명하게 전달하는 것	<분류>1</분류> <판단>바람직하다</판단>
[도덕_문장]: 언니가 다도라는 새로운 취미에 푹 빠져서 주말에 함께하자고 초대했는데, 사실 차에 대해 전혀 관심이 없어서 어떻게 반응해야 할지 고민됐다. 이러한 상황에서, 가족 사이에서 자신이 관심 없는 취미에 동참해야 하는 의무를 지는 것	<분류>0</분류> <판단>옳지 않다</판단>
[도덕_문장]: 언니가 다도라는 새로운 취미에 푹 빠져서 주말에 함께하자고 초대했는데, 사실 차에 대해 전혀 관심이 없어서 어떻게 반응해야 할지 고민됐다. 이렇게, 친한 사람을 거절하는 상황에서 이유를 구체적으로 설명하는 것	<분류>1</분류> <판단>좋다</판단>
[도덕_문장]: 드론 부품을 사기 위해 용돈을 모으면서 친구들이 맛있는 음식을 사 먹자고 할 때마다 돈이 없다고 거짓말을 했다. 이런 상황에서, 타인에게 거짓말을 하는 것	<분류>-1</분류> <판단>나쁘다</판단>
[도덕_문장]: 드론 부품을 사기 위해 용돈을 모으면서 친구들이 맛있는 음식을 사 먹자고 할 때마다 돈이 없다고 거짓말을 했다. 이런 상황일 때, 용돈을 모으기로 한 것에 대해 거짓말을 하는 것	<분류>-1</분류> <판단>옳지 않다</판단>
[도덕_문장]: 생일 축하 연락을 많이 받아서 기분이 좋았지만, 평소에 내가 먼저 챙기지 않았던 사람들에게도 답장을 해야 할지 고민이 되었다. 이처럼, 생일 축하 메시지를 받았을 때 답장을 해 주는 것	<분류>1</분류> <판단>좋다</판단>
[도덕_문장]: 생일 축하 연락을 많이 받아서 기분이 좋았지만, 평소에 내가 먼저 챙기지 않았던 사람들에게도 답장을 해야 할지 고민이 되었다. 이런 경우에, 자신의 생일 축하 연락에 답장을 받는 것	<분류>0</분류> <판단>받을 의무는 없다</판단>
[도덕_문장]: 평생 독신주의를 고집하던 가장 친한 친구가 갑작스럽게 결혼 발표를 했는데, 진심으로 축하해야 할지 친구가 변했다는 실망감을 느껴야 할지 복잡한 마음이 들었다. 이러한 상황에서, 친구의 선택을 존중해 주는 것	<분류>1</분류> <판단>좋다</판단>
[도덕_문장]: 평생 독신주의를 고집하던 가장 친한 친구가 갑작스럽게 결혼 발표를 했는데, 진심으로 축하해야 할지 친구가 변했다는 실망감을 느껴야 할지 복잡한 마음이 들었다. 이런 상황에서, 친구의 행복을 진심으로 축하하는 것	<분류>1</분류> <판단>바람직하다</판단>
[도덕_문장]: 평생 독신주의를 고집하던 가장 친한 친구가 갑작스럽게 결혼 발표를 했는데, 진심으로 축하해야 할지 친구가 변했다는 실망감을 느껴야 할지 복잡한 마음이 들었다. 이런 상황일 때, 친구가 결혼을 발표해도 친구의 선택을 존중해 주는 것	<분류>1</분류> <판단>해야 한다</판단>
[도덕_문장]: 평생 독신주의를 고집하던 가장 친한 친구가 갑작스럽게 결혼 발표를 했는데, 진심으로 축하해야 할지 친구가 변했다는 실망감을 느껴야 할지 복잡한 마음이 들었다. 이런 상황에서, 친구의 변화에 대해 개인적인 감정이 혼란스러울 수 있음을 인정하는 것	<분류>0</분류> <판단>좋다</판단>
[도덕_문장]: 휴가 가는 길에 유명한 휴게소에 들렀는데 너무 붐비고 정체가 심해서 빨리 가야 하는 마음과 충분히 구경하고 싶은 마음 사이에서 고민했다. 이렇게, 목적지에 빨리 도착해야 할 상황에서 무리하지 않는 범위에서 자신의 만족도를 조율하는 것	<분류>1</분류> <판단>필요하다</판단>
[도덕_문장]: 휴가 가는 길에 유명한 휴게소에 들렀는데 너무 붐비고 정체가 심해서 빨리 가야 하는 마음과 충분히 구경하고 싶은 마음 사이에서 고민했다. 이런 상황에서, 자신의 시간과 여건을 고려해 선택하는 것	<분류>1</분류> <판단>옳다</판단>
[도덕_문장]: 화장품 가게에서 사은품을 많이 받아 기뻤지만, 언니에게 자랑할 때 실제보다 더 과장해서 말하게 되었다. 이런 상황일 때, 자랑거리가 있더라도 상대를 속이는 표현을 하는 것	<분류>-1</분류> <판단>바람직하지 않다</판단>
[도덕_문장]: 화장품 가게에서 사은품을 많이 받아 기뻤지만, 언니에게 자랑할 때 실제보다 더 과장해서 말하게 되었다. 이렇게, 가족에게 자신의 성과나 상황을 거짓으로 과시하는 것	<분류>-1</분류> <판단>좋지 않다</판단>
[도덕_문장]: 회계사 시험에 도전한 것 자체로 기뻐하고 있지만, 취업 실패를 여러 번 겪은 상황에서 결과가 나오지 않은 상태의 기쁨이 단순한 자기만족에 불과한 것은 아닌지 의심스러웠다. 이럴 때, 시험 준비 중 실패에 대한 두려움이나 불안감을 느끼더라도 이를 극복하기 위한 노력을 계속하는 것	<분류>1</분류> <판단>좋다.</판단>
[도덕_문장]: 다리를 다쳐 재택근무를 하게 되었는데, 회사의 배려에 감사하면서도 동료들에게 업무 부담을 주거나 오해를 받을까 봐 걱정되었다. 이런 상황일 때, 동료에게 업무 부담을 주지 않도록 합리적인 업무 분담을 고려하는 것	<분류>1</분류> <판단>좋다.</판단>
[도덕_문장]: 다리를 다쳐 재택근무를 하게 되었는데, 회사의 배려에 감사하면서도 동료들에게 업무 부담을 주거나 오해를 받을까 봐 걱정되었다. 이처럼, 재택근무를 하게 되었을 때, 다른 동료들의 업무 부담을 고려하는 것	<분류>1</분류> <판단>옳다.</판단>
[도덕_문장]: 오래된 자전거를 빌려 타게 되어 성능이 떨어져 속도가 나지 않았지만, 다른 사람들에게 불평하거나 바꿔달라고 요구하지 않고 그대로 즐겁게 탔다. 이처럼, 타인과의 교류에서 상대방이 제공한 물건이나 서비스의 수준에 불만이 있더라도 공개적인 불평을 하지 않고 상황을 존중하는 것	<분류>1</분류> <판단>바람직하다</판단>
[도덕_문장]: 오래된 자전거를 빌려 타게 되어 성능이 떨어져 속도가 나지 않았지만, 다른 사람들에게 불평하거나 바꿔달라고 요구하지 않고 그대로 즐겁게 탔다. 이렇게, 타인에게 도움을 받았을 때 자신의 잘못으로 문제가 발생했을지라도 과도한 요구를 하지 않는 것	<분류>1</분류> <판단>바람직하다</판단>
[도덕_문장]: 오래된 자전거를 빌려 타게 되어 성능이 떨어져 속도가 나지 않았지만, 다른 사람들에게 불평하거나 바꿔달라고 요구하지 않고 그대로 즐겁게 탔다. 이런 경우에, 타인의 물건을 빌려 고장이나 문제가 있더라도 예의를 지키며 사용하는 것	<분류>1</분류> <판단>바람직하다</판단>
[도덕_문장]: 이삿짐 센터 비용을 아끼기 위해 평일로 이사 날짜를 바꾸고 싶었지만, 회사에 월차를 내야 해서 동료들에게 업무 부담을 줄까 봐 고민했다. 이런 상황일 때, 동료의 사정을 고려하는 것	<분류>1</분류> <판단>좋다</판단>
[도덕_문장]: 이삿짐 센터 비용을 아끼기 위해 평일로 이사 날짜를 바꾸고 싶었지만, 회사에 월차를 내야 해서 동료들에게 업무 부담을 줄까 봐 고민했다. 이렇게, 업무에 변동이 생겼을 때, 담당이 분명한 업무라면 미리 동료들에게 상황을 공유하고 가능한 범위에서 도움을 요청하는 것	<분류>1</분류> <판단>바람직하다</판단>
[도덕_문장]: 이삿짐 센터 비용을 아끼기 위해 평일로 이사 날짜를 바꾸고 싶었지만, 회사에 월차를 내야 해서 동료들에게 업무 부담을 줄까 봐 고민했다. 이럴 때, 월차 신청과 이사 날짜 변경을 조율하는 것	<분류>1</분류> <판단>좋다</판단>
[도덕_문장]: 좋아하는 가수의 콘서트 티켓을 어렵게 구했는데, 같이 가고 싶어하는 친구에게는 이미 매진되었다고 거짓말을 했다. 이런 상황에서, 친구에게 거짓말을 하는 것	<분류>-1</분류> <판단>좋지 않다</판단>
[도덕_문장]: 좋아하는 가수의 콘서트 티켓을 어렵게 구했는데, 같이 가고 싶어하는 친구에게는 이미 매진되었다고 거짓말을 했다. 이런 상황일 때, 사람들 앞에서 거짓말을 하는 것	<분류>-1</분류> <판단>옳지 않다</판단>
[도덕_문장]: 좋아하는 가수의 콘서트 티켓을 어렵게 구했는데, 같이 가고 싶어하는 친구에게는 이미 매진되었다고 거짓말을 했다. 이런 경우에, 친구에게 거짓말을 하는 것	<분류>-1</분류> <판단>옳지 않다</판단>
[도덕_문장]: 대학 합격 후 캠퍼스 커플에 대한 로망으로 설레지만, 그동안 공부만 하겠다고 다짐했던 자신의 마음이 쉽게 변해버린 것에 대해 복잡한 기분이 들었다. 이런 상황에서, 대학 합격 후 자신의 마음을 돌아보는 것	<분류>1</분류> <판단>좋은 행동이다</판단>
[도덕_문장]: 오랫동안 준비한 작품을 대회에 제출하려는데, 아직 완벽하지 않다는 생각에 더 수정할지 아니면 지금 상태로 제출할지 고민이 되었다. 이런 경우에, 완성된 작품에 문제가 있으면 수정해서 제출하는 것	<분류>1</분류> <판단>되어도 된다</판단>
[도덕_문장]: 오랫동안 준비한 작품을 대회에 제출하려는데, 아직 완벽하지 않다는 생각에 더 수정할지 아니면 지금 상태로 제출할지 고민이 되었다. 이럴 때, 작품을 제출하기 전에 최선을 다했는지 돌아보는 것	<분류>1</분류> <판단>좋다</판단>
[도덕_문장]: 오랫동안 준비한 작품을 대회에 제출하려는데, 아직 완벽하지 않다는 생각에 더 수정할지 아니면 지금 상태로 제출할지 고민이 되었다. 이럴 때, 작품이 완벽하지 않더라도 준비를 거친 후 제출하는 것	<분류>1</분류> <판단>바람직하다</판단>
[도덕_문장]: 오랫동안 준비한 작품을 대회에 제출하려는데, 아직 완벽하지 않다는 생각에 더 수정할지 아니면 지금 상태로 제출할지 고민이 되었다. 이럴 때, 대회에 작품을 제출하기 전에 충분히 검토하는 것	<분류>1</분류> <판단>좋다</판단>
[도덕_문장]: 여자친구와의 여행 계획을 모두 내가 세우고 비용도 대부분 내가 부담했는데, 여자친구가 SNS에 올린 글에는 자신이 모든 것을 준비한 것처럼 써놓아서 당황스러웠다. 이런 상황에서, 상대방의 노고를 왜곡하여 표현하는 것	<분류>-1</분류> <판단>바람직하지 않다</판단>
[도덕_문장]: 여자친구와의 여행 계획을 모두 내가 세우고 비용도 대부분 내가 부담했는데, 여자친구가 SNS에 올린 글에는 자신이 모든 것을 준비한 것처럼 써놓아서 당황스러웠다. 이러한 상황에서, 다른 사람의 노력을 가로채어 자신의 공으로 만드는 것	<분류>-1</분류> <판단>안 된다</판단>
[도덕_문장]: 여자친구와의 여행 계획을 모두 내가 세우고 비용도 대부분 내가 부담했는데, 여자친구가 SNS에 올린 글에는 자신이 모든 것을 준비한 것처럼 써놓아서 당황스러웠다. 이러한 상황에서, 상대방의 노고에 대해 거짓말하거나 자신의 공을 부풀리는 것	<분류>-1</분류> <판단>바람직하지 않다</판단>
[도덕_문장]: 형이 토요일에 만나자고 제안했지만, 나만의 소중한 충전 시간을 포기하고 싶지 않아서 거절해야 할지 고민했다. 이런 상황에서, 타인의 제안을 거절하는 것	<분류>0</분류> <판단>무례하다고 생각해서는 안 된다</판단>
[도덕_문장]: 형이 토요일에 만나자고 제안했지만, 나만의 소중한 충전 시간을 포기하고 싶지 않아서 거절해야 할지 고민했다. 이런 상황에서, 개인이 혼자 보내는 충전 시간이 있음을 존중하는 것	<분류>1</분류> <판단>해야 한다</판단>
[도덕_문장]: 형이 토요일에 만나자고 제안했지만, 나만의 소중한 충전 시간을 포기하고 싶지 않아서 거절해야 할지 고민했다. 이런 상황일 때, 가족에게 제안 받은 만남을 거부하는 것	<분류>0</분류> <판단>할 수 있다</판단>
[도덕_문장]: 친구들과 함께 공부하면 동기부여가 될 것 같아서 카페에서 스터디 모임을 시작했지만, 수다와 유혹에 빠져 정작 공부는 거의 하지 못해 혼자 할 걸 그랬나 후회했다. 이렇게, 공부 목표에 집중하기 어려울 때 자신의 행동을 돌아보고 개선하려는 노력을 하는 것	<분류>1</분류> <판단>필요하다</판단>
[도덕_문장]: 오랜만에 찢어진 청바지를 샀는데 나이에 어울리지 않을 것 같아 입기가 망설여졌지만, 딸의 격려로 용기를 내어 입기로 결심했다. 이런 상황에서, 부모가 자녀가 자신감 있게 결정을 내리는 것을 도와주는 것	<분류>1</분류> <판단>좋다</판단>
[도덕_문장]: 오랜만에 찢어진 청바지를 샀는데 나이에 어울리지 않을 것 같아 입기가 망설여졌지만, 딸의 격려로 용기를 내어 입기로 결심했다. 이런 상황에서, 자녀가 부모가 용기를 낼 수 있도록 격려해 주는 것	<분류>1</분류> <판단>좋다</판단>
[도덕_문장]: 버스에서 교통카드 잔액이 부족해 뒷사람들이 기다리는 상황에서 당황스러웠지만 현금을 찾아 요금을 내고 기사님께 정중히 사과했다. 이렇게, 대중교통을 이용할 때 미리 요금을 충전해 두는 것	<분류>1</분류> <판단>좋다</판단>
[도덕_문장]: 버스에서 교통카드 잔액이 부족해 뒷사람들이 기다리는 상황에서 당황스러웠지만 현금을 찾아 요금을 내고 기사님께 정중히 사과했다. 이러한 상황에서, 대중교통 이용 시 요금 준비를 철저히 하는 것	<분류>1</분류> <판단>바람직하다</판단>
[도덕_문장]: 버스에서 교통카드 잔액이 부족해 뒷사람들이 기다리는 상황에서 당황스러웠지만 현금을 찾아 요금을 내고 기사님께 정중히 사과했다. 이렇게, 타인의 불편이나 혼란스러운 상황에 대해 책임을 지고 사과하는 것	<분류>1</분류> <판단>적절하다</판단>
[도덕_문장]: 버스에서 교통카드 잔액이 부족해 뒷사람들이 기다리는 상황에서 당황스러웠지만 현금을 찾아 요금을 내고 기사님께 정중히 사과했다. 이처럼, 버스에서 교통카드를 사용할 때 미리 잔액을 확인하는 것	<분류>1</분류> <판단>바람직하다</판단>
[도덕_문장]: 할머니가 나를 아빠로 착각하며 반갑게 맞아주셨는데, 할머니를 당황시키지 않으려고 아무렇지 않은 척 자연스럽게 대화하며 집까지 모셔왔다. 이런 경우에, 가족 구성원 간 오해를 해소하는 과정에서 상대방의 감정을 배려하는 것	<분류>1</분류> <판단>필요하다</판단>
[도덕_문장]: 할머니가 나를 아빠로 착각하며 반갑게 맞아주셨는데, 할머니를 당황시키지 않으려고 아무렇지 않은 척 자연스럽게 대화하며 집까지 모셔왔다. 이런 경우에, 자식의 행동을 긍정적으로 평가하는 것	<분류>1</분류> <판단>바람직하다</판단>
[도덕_문장]: 할머니가 나를 아빠로 착각하며 반갑게 맞아주셨는데, 할머니를 당황시키지 않으려고 아무렇지 않은 척 자연스럽게 대화하며 집까지 모셔왔다. 이런 경우에, 자신의 실수를 부끄러워하지 않고 변명하지 않는 것	<분류>1</분류> <판단>바람직하다</판단>
[도덕_문장]: 할머니가 나를 아빠로 착각하며 반갑게 맞아주셨는데, 할머니를 당황시키지 않으려고 아무렇지 않은 척 자연스럽게 대화하며 집까지 모셔왔다. 이런 상황에서, 자신의 정체를 숨기면서 상대방의 정체를 존중하는 태도를 유지하는 것	<분류>1</분류> <판단>해야 한다</판단>
[도덕_문장]: 할머니가 나를 아빠로 착각하며 반갑게 맞아주셨는데, 할머니를 당황시키지 않으려고 아무렇지 않은 척 자연스럽게 대화하며 집까지 모셔왔다. 이러한 상황에서, 가족 구성원 간의 오해를 풀기 위해 노력하는 것	<분류>1</분류> <판단>좋다</판단>
[도덕_문장]: 수업 중에 배탈로 화장실을 자주 가야 하는 상황에서 선생님께 미리 양해를 구했지만, 반 친구들의 시선과 수업 분위기를 해칠까 봐 참을지 가야 할지 고민했다. 이런 경우에, 건강 문제로 수업에 불편을 주더라도 타인에게 양해를 구하는 것	<분류>1</분류> <판단>해야 한다</판단>
[도덕_문장]: 수업 중에 배탈로 화장실을 자주 가야 하는 상황에서 선생님께 미리 양해를 구했지만, 반 친구들의 시선과 수업 분위기를 해칠까 봐 참을지 가야 할지 고민했다. 이처럼, 수업 중 건강 문제로 수업 참여가 어려울 경우 미리 양해를 구하는 것	<분류>1</분류> <판단>바람직하다</판단>
[도덕_문장]: 수업 중에 배탈로 화장실을 자주 가야 하는 상황에서 선생님께 미리 양해를 구했지만, 반 친구들의 시선과 수업 분위기를 해칠까 봐 참을지 가야 할지 고민했다. 이처럼, 선생님에게 자신의 상황을 미리 말씀하는 것	<분류>1</분류> <판단>바람직하다</판단>
[도덕_문장]: 수업 중에 배탈로 화장실을 자주 가야 하는 상황에서 선생님께 미리 양해를 구했지만, 반 친구들의 시선과 수업 분위기를 해칠까 봐 참을지 가야 할지 고민했다. 이럴 때, 선생님에게 개인적인 사정을 미리 말하는 것	<분류>1</분류> <판단>좋다</판단>
[도덕_문장]: 수업 중에 배탈로 화장실을 자주 가야 하는 상황에서 선생님께 미리 양해를 구했지만, 반 친구들의 시선과 수업 분위기를 해칠까 봐 참을지 가야 할지 고민했다. 이렇게, 다른 사람에게 불편을 줄 수 있는 상황을 미리 양해를 구하는 것	<분류>1</분류> <판단>좋다</판단>
[도덕_문장]: 새로운 동료가 나와 함께 프로젝트를 하게 되어 마음이 든든하다고 말했는데, 업무에 치여 예민해진 상태에서 그 말이 진심인지 의심하게 되어 혼란스러웠다. 이처럼, 다른 사람의 행동이나 말투에 대해 오해를 갖게 되는 경우에는 상황과 맥락을 먼저 파악하려는 자세를 갖는 것	<분류>1</분류> <판단>바람직하다</판단>
[도덕_문장]: 치과에서 치석이 많다고 해서 치실 사용을 권유받았는데, 친구들 중에 치실 쓰는 사람을 본 적이 없어서 나만 구강 관리를 제대로 못하는 것 같아 부끄러웠다. 이렇게, 친구를 통해 자극을 받았을 때 자신의 습관이나 자세를 성찰하고 개선하는 것	<분류>1</분류> <판단>좋다</판단>
[도덕_문장]: 생리로 인한 자연스러운 체중 증가인데도 경기를 앞두고 코치에게 혼날까 봐 두려워서 생리를 빨리 끝내는 방법을 찾고 있었다. 이러한 상황에서, 여자 선수가 생리로 인해 체중이 증가할 수 있다는 사실을 인정하는 것	<분류>1</분류> <판단>좋다</판단>
[도덕_문장]: 아버지가 지어주신 이름 때문에 거래처 사람들을 만날 때마다 당황스럽고 민망해서 개명을 하고 싶지만, 아버지의 마음을 상하게 할까봐 고민이 되었다. 이처럼, 자녀가 자신의 뜻을 이해하지 못할 때도 존중하는 태도를 갖는 것	<분류>1</분류> <판단>옳다</판단>
[도덕_문장]: 친구들이 유방암 진단을 받아 걱정되어 자가진단을 하던 중 뭔가 만져져서 병원에 갔는데, 검사비가 부담스러워 다음에 가자고 미루고 싶었지만 결국 검사를 받았다. 이렇게, 건강검진을 비용 때문에 미루는 것	<분류>-1</분류> <판단>좋지 않다</판단>
[도덕_문장]: 친구들이 유방암 진단을 받아 걱정되어 자가진단을 하던 중 뭔가 만져져서 병원에 갔는데, 검사비가 부담스러워 다음에 가자고 미루고 싶었지만 결국 검사를 받았다. 이런 상황일 때, 병원 방문이 부담스럽더라도 의사와 상담을 통해 검사 가능 여부를 확인하는 것	<분류>1</분류> <판단>해야 한다</판단>
[도덕_문장]: 친구들이 유방암 진단을 받아 걱정되어 자가진단을 하던 중 뭔가 만져져서 병원에 갔는데, 검사비가 부담스러워 다음에 가자고 미루고 싶었지만 결국 검사를 받았다. 이렇게, 자신이 불안하거나 힘들 때 가까운 사람에게 말하는 것	<분류>1</분류> <판단>좋다</판단>
[도덕_문장]: 식물을 잘 키우고 싶어서 키우기 쉽다는 식물을 데려왔는데 또 시들어 죽어버려서 이전에 죽인 식물들에 대한 죄책감과 함께 식물 키우기를 포기해야 할지 계속 도전해야 할지 고민이 되었다. 이런 상황에서, 자신의 부족함으로 인해 식물이 죽었다고 생각하고 식물 키우기를 포기하는 것	<분류>1</분류> <판단>안 되다</판단>
[도덕_문장]: 식물을 잘 키우고 싶어서 키우기 쉽다는 식물을 데려왔는데 또 시들어 죽어버려서 이전에 죽인 식물들에 대한 죄책감과 함께 식물 키우기를 포기해야 할지 계속 도전해야 할지 고민이 되었다. 이럴 때, 식물을 키우기 전에 잘 키울 수 있는지 고려해보는 것	<분류>1</분류> <판단>좋다</판단>
[도덕_문장]: 식물을 잘 키우고 싶어서 키우기 쉽다는 식물을 데려왔는데 또 시들어 죽어버려서 이전에 죽인 식물들에 대한 죄책감과 함께 식물 키우기를 포기해야 할지 계속 도전해야 할지 고민이 되었다. 이렇게, 식물을 키울 때 자신의 여건과 책임을 고려해 적절한 선택을 하는 것	<분류>1</분류> <판단>해야 한다</판단>
[도덕_문장]: 식물을 잘 키우고 싶어서 키우기 쉽다는 식물을 데려왔는데 또 시들어 죽어버려서 이전에 죽인 식물들에 대한 죄책감과 함께 식물 키우기를 포기해야 할지 계속 도전해야 할지 고민이 되었다. 이런 경우에, 식물을 키우는 것이 자신에게 맞지 않으면 포기하는 것	<분류>1</분류> <판단>바람직하다</판단>
[도덕_문장]: 식물을 잘 키우고 싶어서 키우기 쉽다는 식물을 데려왔는데 또 시들어 죽어버려서 이전에 죽인 식물들에 대한 죄책감과 함께 식물 키우기를 포기해야 할지 계속 도전해야 할지 고민이 되었다. 이런 경우에, 초보자가 관리가 쉬운 식물부터 시작하는 것	<분류>1</분류> <판단>바람직하다</판단>
[도덕_문장]: 결혼을 앞둔 상대방이 입양아라는 사실을 친척 모임에서 우연히 알게 되어 그동안 숨겨온 것에 대한 배신감과 함께 결혼을 계속 진행해야 할지 고민이 되었다. 이런 경우에, 상대방의 비밀이 있더라도 그 사람을 탓하기보다는 먼저 물어보는 것	<분류>1</분류> <판단>옳다</판단>
[도덕_문장]: 첫 출근날 긴장해서 의자에 앉다가 넘어졌는데 사수가 지켜보고 있어서 너무 당황스럽고 민망해 화장실에 피했지만 일을 배우러 다시 들어가야 하는 상황이 난처했다. 이처럼, 직장 동료가 실수를 했을 때 이해를 하며 도와주는 것	<분류>1</분류> <판단>적절하다</판단>
[도덕_문장]: 교수님이 갑자기 논문 주제 선정 기한을 이번 주로 앞당겨서 당황스럽지만, 학점을 위해서는 어떻게든 맞춰야 하는 상황에 놓였다. 이러한 상황에서, 학생이 교수님의 지시를 존중하는 것	<분류>0</분류> <판단>해야 한다</판단>
[도덕_문장]: 예전 연인이 갑자기 다시 만나고 싶다고 연락해왔는데 현재 사귀고 있는 여자친구가 있어서 어떻게 답장해야 할지 몰라 당황스러웠다. 이렇게, 재회를 원하는 상황에서 상대방에게 현재 상황을 솔직하게 말하는 것	<분류>1</분류> <판단>옳다</판단>
[도덕_문장]: 예전 연인이 갑자기 다시 만나고 싶다고 연락해왔는데 현재 사귀고 있는 여자친구가 있어서 어떻게 답장해야 할지 몰라 당황스러웠다. 이처럼, 이전 연인의 요구에 혼란스러울 때 현재 관계와 상황을 고려해 신중하게 결정하는 것	<분류>1</분류> <판단>해야 한다</판단>
[도덕_문장]: 예전 연인이 갑자기 다시 만나고 싶다고 연락해왔는데 현재 사귀고 있는 여자친구가 있어서 어떻게 답장해야 할지 몰라 당황스러웠다. 이처럼, 상대방이 다른 이성과 사귀고 있을 때 연락을 자제하는 것	<분류>1</분류> <판단>옳다</판단>
[도덕_문장]: 예전 연인이 갑자기 다시 만나고 싶다고 연락해왔는데 현재 사귀고 있는 여자친구가 있어서 어떻게 답장해야 할지 몰라 당황스러웠다. 이처럼, 이미 연인 관계가 있는 상황에서 연락을 피하는 것	<분류>1</분류> <판단>좋다</판단>
[도덕_문장]: 결혼 전 신혼집을 구했는데 나중에 그 아랫집이 시누이 집인 것을 알게 되어 남편이 미리 말하지 않은 것에 대해 화가 났지만, 시누이가 자주 찾아오는 것을 조심해달라고 남편에게 말했더니 오히려 남편이 화를 내서 당황스러웠다. 이러한 상황에서, 본인의 문제가 상대방의 잘못이 아님을 인지하고 대화로 해결하려는 태도를 가지는 것	<분류>1</분류> <판단>바람직하다</판단>
[도덕_문장]: 친하게 지내던 남자친구가 갑자기 고백했는데, 친구로만 생각했던 그를 연인으로 받아들일지 친구 관계를 유지할지 고민이 되어 답장을 못하고 있다. 이럴 때, 고백을 받고 충분히 고민해보는 것	<분류>1</분류> <판단>필요하다</판단>
[도덕_문장]: 친하게 지내던 남자친구가 갑자기 고백했는데, 친구로만 생각했던 그를 연인으로 받아들일지 친구 관계를 유지할지 고민이 되어 답장을 못하고 있다. 이렇게, 연인이 아닌 상대방에게 고백을 받았을 때 상대방을 배려하고 충분히 생각한 후 답변을 하는 것	<분류>1</분류> <판단>바람직하다</판단>
[도덕_문장]: 첫 출근날 긴장으로 배가 아프고 소리가 나서 창피했지만, 동료들에게 들킬까봐 아무렇지 않은 척 하며 하루를 버텨야 했다. 이렇게, 직장생활 중 불편한 상황이 발생했을 때 자신의 상태를 동료들에게 설명하는 것	<분류>1</분류> <판단>괜찮다</판단>
[도덕_문장]: 첫 출근날 긴장으로 배가 아프고 소리가 나서 창피했지만, 동료들에게 들킬까봐 아무렇지 않은 척 하며 하루를 버텨야 했다. 이런 상황일 때, 직장에서 개인적인 불편함을 스스로 조절하며 침착하게 대응하는 것	<분류>1</분류> <판단>필요하다</판단>
[도덕_문장]: 아침에 아이가 아파서 정신없이 바빠 화장을 대충 해서 눈썹이 짝짝이가 되었는데, 중요한 거래처 미팅이 있어서 부끄럽지만 어쩔 수 없이 그대로 출근해야 했다. 이처럼, 상대방이 외모에 신경 쓰지 못할 만큼 급하고 불가피한 상황임을 이해하는 것	<분류>1</분류> <판단>옳다</판단>
[도덕_문장]: 평소에 한 번도 빠뜨린 적 없던 절친한 친구의 생일을 깜빡 잊어버렸는데, 친구가 실망한 것 같아서 어떻게 사과해야 할지 몰라 당황스러웠다. 이러한 상황에서, 친구의 생일을 잊은 것에 대해 진심으로 사과하고 용서를 구하는 것	<분류>1</분류> <판단>해야 한다</판단>
[도덕_문장]: 평소에 한 번도 빠뜨린 적 없던 절친한 친구의 생일을 깜빡 잊어버렸는데, 친구가 실망한 것 같아서 어떻게 사과해야 할지 몰라 당황스러웠다. 이처럼, 친구에게 중요한 기념일을 빠트렸을 때 친구를 배려하는 것	<분류>1</분류> <판단>바람직하다</판단>
[도덕_문장]: 평소에 한 번도 빠뜨린 적 없던 절친한 친구의 생일을 깜빡 잊어버렸는데, 친구가 실망한 것 같아서 어떻게 사과해야 할지 몰라 당황스러웠다. 이런 상황에서, 생일을 깜빡 잊어버린 친구에게 축하 인사를 하고 사과하는 것	<분류>1</분류> <판단>해야 한다</판단>
[도덕_문장]: 평소에 한 번도 빠뜨린 적 없던 절친한 친구의 생일을 깜빡 잊어버렸는데, 친구가 실망한 것 같아서 어떻게 사과해야 할지 몰라 당황스러웠다. 이런 상황일 때, 친밀한 관계에서 실수 후 사과하는 것	<분류>1</분류> <판단>해야 한다</판단>
[도덕_문장]: 평소에 한 번도 빠뜨린 적 없던 절친한 친구의 생일을 깜빡 잊어버렸는데, 친구가 실망한 것 같아서 어떻게 사과해야 할지 몰라 당황스러웠다. 이런 경우에, 친구에게 실수를 솔직하게 사과하는 것	<분류>1</분류> <판단>좋다</판단>
[도덕_문장]: 평소에 한 번도 빠뜨린 적 없던 절친한 친구의 생일을 깜빡 잊어버렸는데, 친구가 실망한 것 같아서 어떻게 사과해야 할지 몰라 당황스러웠다. 이처럼, 친밀한 관계에서 실수를 했을 때 솔직하게 사과하고 진심으로 사과하려 노력하는 것	<분류>1</분류> <판단>해야 한다</판단>
[도덕_문장]: 미용실에서 5센티만 자르라고 했는데 귀밑까지 단발로 잘려서 너무 당황스러웠지만 아무 말도 하지 못하고 그냥 나왔다. 이런 경우에, 미용실에서 요구한 길이보다 더 많이 자르는 것	<분류>-1</분류> <판단>옳지 않다</판단>
[도덕_문장]: 세탁소에서 1년 전에 맡긴 옷을 완전히 잊고 있었다가 사장님이 찾아가라고 해서 기억력 저하를 걱정하게 되었지만, 배우자는 일상의 바쁨 때문이라며 위로해주었다. 이런 상황일 때, 타인이 한 말을 기억하지 못하는 것을 이유로 비난하지 않는 것	<분류>1</분류> <판단>좋다</판단>
[도덕_문장]: 제주도에서 업무 미팅을 진행해야 하는데 현지 방언을 전혀 알아들을 수 없어서 의사소통이 안 되니 미팅을 포기할지 아니면 다른 방법을 찾을지 고민했다. 이런 상황일 때, 미팅 장소에서 통역이나 다른 의사소통 수단을 활용하는 것	<분류>1</분류> <판단>해야 한다</판단>
[도덕_문장]: 라디오 프로그램에 전화 연결되어 긴장한 나머지 말을 더듬고 동문서답하며 방송사고를 낸 것 같아 부끄럽고 후회스러웠다. 이처럼, 방송 사고가 발생했을 때 진행자가 실수를 인정하고 사과하는 것	<분류>1</분류> <판단>좋다</판단>
[도덕_문장]: 라디오 프로그램에 전화 연결되어 긴장한 나머지 말을 더듬고 동문서답하며 방송사고를 낸 것 같아 부끄럽고 후회스러웠다. 이런 경우에, 자신의 실수를 인정하고 책임지는 것	<분류>1</분류> <판단>옳다</판단>
[도덕_문장]: 신입사원들과 점심을 먹으러 가서 내가 사겠다고 큰소리쳤는데 지갑을 두고 와서 결국 신입사원이 대신 계산하게 되어 체면이 구겨졌다. 이러한 상황에서, 실수를 한 직원을 비난하지 않는 것	<분류>1</분류> <판단>좋다</판단>
[도덕_문장]: 신입사원들과 점심을 먹으러 가서 내가 사겠다고 큰소리쳤는데 지갑을 두고 와서 결국 신입사원이 대신 계산하게 되어 체면이 구겨졌다. 이런 경우에, 지갑을 두고 나와서 큰소리치는 것	<분류>-1</분류> <판단>안 된다</판단>
[도덕_문장]: 신입사원들과 점심을 먹으러 가서 내가 사겠다고 큰소리쳤는데 지갑을 두고 와서 결국 신입사원이 대신 계산하게 되어 체면이 구겨졌다. 이런 상황에서, 상대의 체면을 떨어뜨리는 것	<분류>-1</분류> <판단>좋지 않다</판단>
[도덕_문장]: 신입사원들과 점심을 먹으러 가서 내가 사겠다고 큰소리쳤는데 지갑을 두고 와서 결국 신입사원이 대신 계산하게 되어 체면이 구겨졌다. 이렇게, 다른 사람이 약속을 지키지 못했을 때 상황을 이해해주고 기다려주는 태도를 보이는 것	<분류>1</분류> <판단>바람직하다</판단>
[도덕_문장]: 신입사원들과 점심을 먹으러 가서 내가 사겠다고 큰소리쳤는데 지갑을 두고 와서 결국 신입사원이 대신 계산하게 되어 체면이 구겨졌다. 이러한 상황에서, 타인에게 잘못을 전가하는 것	<분류>-1</분류> <판단>바람직하지 않다</판단>
[도덕_문장]: 수영 강습을 받으러 갔는데 수영복을 챙기지 않아서 강습을 빠지게 되었고, 이런 실수가 반복되는 자신의 덜렁거리는 성격 때문에 자책하며 화가 났다. 이처럼, 자신의 부족한 부분으로 문제가 발생했을 때 성찰하는 것	<분류>1</분류> <판단>해야 한다</판단>
[도덕_문장]: 아들이 반바지를 입고 출근하는 모습을 보고 당황스러웠지만, 요즘 회사 문화가 자유로워진 것을 이해해야 할지 아니면 단정한 복장의 중요성을 말해야 할지 고민했다. 이렇게, 자녀의 옷차림이 회사 문화와 어긋날 경우 단정한 복장을 지키도록 교육하는 것	<분류>1</분류> <판단>바람직하다</판단>
[도덕_문장]: 대학생인 아들이 원하는 반찬을 해주지 않았더니 삐져서 밥도 제대로 먹지 않고 방에 들어가 나오지 않는데, 평소 착했던 아이라 혼을 내야 할지 달래야 할지 고민이 되었다. 이처럼, 부모가 자녀와의 갈등 상황에서 먼저 잘못을 인정하고 잘못된 태도를 고치는 것	<분류>1</분류> <판단>옳다</판단>
[도덕_문장]: 대학생인 아들이 원하는 반찬을 해주지 않았더니 삐져서 밥도 제대로 먹지 않고 방에 들어가 나오지 않는데, 평소 착했던 아이라 혼을 내야 할지 달래야 할지 고민이 되었다. 이런 경우에, 부모가 아이의 식사 시간을 지키도록 도와주고, 원하지 않는 부분에 대해 대화를 통해 이해하려고 노력하는 것	<분류>1</분류> <판단>좋다</판단>
[도덕_문장]: 대학생인 아들이 원하는 반찬을 해주지 않았더니 삐져서 밥도 제대로 먹지 않고 방에 들어가 나오지 않는데, 평소 착했던 아이라 혼을 내야 할지 달래야 할지 고민이 되었다. 이런 상황일 때, 부모가 자녀의 불만을 해결하기 위해 아이와 대화하려는 노력을 하는 것	<분류>1</분류> <판단>해야 한다</판단>
[도덕_문장]: 대학생인 아들이 원하는 반찬을 해주지 않았더니 삐져서 밥도 제대로 먹지 않고 방에 들어가 나오지 않는데, 평소 착했던 아이라 혼을 내야 할지 달래야 할지 고민이 되었다. 이러한 상황에서, 자녀가 삐지더라도 혼을 내지 말고 달래는 것	<분류>1</분류> <판단>좋다</판단>
[도덕_문장]: 대학생인 아들이 원하는 반찬을 해주지 않았더니 삐져서 밥도 제대로 먹지 않고 방에 들어가 나오지 않는데, 평소 착했던 아이라 혼을 내야 할지 달래야 할지 고민이 되었다. 이러한 상황에서, 부모의 마음을 헤아리는 것	<분류>1</분류> <판단>좋다</판단>
[도덕_문장]: 대학생인 아들이 원하는 반찬을 해주지 않았더니 삐져서 밥도 제대로 먹지 않고 방에 들어가 나오지 않는데, 평소 착했던 아이라 혼을 내야 할지 달래야 할지 고민이 되었다. 이렇게, 갈등이 있을 때 대화를 통해 문제를 풀어나가는 것	<분류>1</분류> <판단>바람직하다</판단>
[도덕_문장]: 부모님이 보이스피싱 사기를 당해 큰 금액을 잃었는데, 회사에서 정리해고까지 진행되어 경제적 부담이 가중되자 부모님께 솔직히 말씀드릴지 혼자 감당할지 고민했다. 이렇게, 가족이 큰 경제적 어려움에 처했을 때 솔직하게 상황을 밝히는 것	<분류>1</분류> <판단>바람직하다</판단>
[도덕_문장]: 부모님이 보이스피싱 사기를 당해 큰 금액을 잃었는데, 회사에서 정리해고까지 진행되어 경제적 부담이 가중되자 부모님께 솔직히 말씀드릴지 혼자 감당할지 고민했다. 이렇게, 자식이 경제적 어려움을 이야기할 때 부모가 자식에게 조언해주는 것	<분류>1</분류> <판단>바람직하다</판단>
[도덕_문장]: 부모님이 보이스피싱 사기를 당해 큰 금액을 잃었는데, 회사에서 정리해고까지 진행되어 경제적 부담이 가중되자 부모님께 솔직히 말씀드릴지 혼자 감당할지 고민했다. 이렇게, 부모님이 경제적으로 어려움을 겪을 때 상황을 이해하고 도와주려는 태도를 보이는 것	<분류>1</분류> <판단>적절하다</판단>
[도덕_문장]: 회사 단체 대화방에 동창들에게 보낼 욕설과 직원들 흉을 담은 메시지를 실수로 보내서 그동안 쌓아온 교양인 이미지가 무너질까 봐 걱정되었다. 이런 경우에, 직장 내에서 동료를 존중하고, 개인적인 감정이 섞여있더라도 직장 내 대화에 신중하게 임하는 것	<분류>1</분류> <판단>옳다</판단>
[도덕_문장]: 회사 단체 대화방에 동창들에게 보낼 욕설과 직원들 흉을 담은 메시지를 실수로 보내서 그동안 쌓아온 교양인 이미지가 무너질까 봐 걱정되었다. 이런 상황에서, 직장 단체대화방에서 개인적인 평가나 욕설로 다른 사람들을 험담하는 것	<분류>-1</분류> <판단>안 되다</판단>
[도덕_문장]: 어머니 댁에 내려가야 하는 날 아침에 차 전조등이 깨진 것을 발견했는데, 아파트 주민이 깨뜨린 것 같아 따지고 싶지만 증거도 없고 급한 일정 때문에 그냥 넘어가야 할지 고민했다. 이런 상황일 때, 이웃과 시비가 붙어도 차분하게 이야기하는 것	<분류>1</분류> <판단>바람직하다</판단>
[도덕_문장]: 신입 교사인 내가 수업 중인데 까다로운 학부모가 복도에서 몰래 지켜보고 있어서 당황스럽지만 직접적으로 제지할 수도 없어 어떻게 대응해야 할지 고민했다. 이처럼, 수업 중에 학부모가 지켜보는 상황에서 학생들이 수업에 집중할 수 있도록 안내하는 것	<분류>1</분류> <판단>적절하다</판단>
[도덕_문장]: 신입 교사인 내가 수업 중인데 까다로운 학부모가 복도에서 몰래 지켜보고 있어서 당황스럽지만 직접적으로 제지할 수도 없어 어떻게 대응해야 할지 고민했다. 이렇게, 자녀와 관련된 문제를 다룰 때 상대방의 입장을 존중하고 교육적인 대화로 문제를 해결하는 것	<분류>1</분류> <판단>바람직하다</판단>
[도덕_문장]: 신입 교사인 내가 수업 중인데 까다로운 학부모가 복도에서 몰래 지켜보고 있어서 당황스럽지만 직접적으로 제지할 수도 없어 어떻게 대응해야 할지 고민했다. 이러한 상황에서, 학교 현장에서 교사에게 교육의 질을 운운하며 무례하게 행동하는 것	<분류>-1</분류> <판단>옳지 않다</판단>
[도덕_문장]: 시내에서 미국인이 영어로 길을 물어봤는데 영어를 잘 못해서 당황했지만 잘못된 길을 알려줄까봐 걱정되면서도 어떻게든 도움을 주려고 했다. 이처럼, 외국인이 언어 장벽으로 어려움을 느낄 때 상황을 정확히 파악한 뒤에 적절한 도움을 제공하는 것	<분류>1</분류> <판단>바람직하다</판단>
[도덕_문장]: 직장에서 과장님이 자신의 실수를 계속 나에게 뒤집어씌우고 부서 사람들에게 내 탓이라고 말하고 다녀서 억울하지만 직접 맞서기는 어려워 고민이다. 이럴 때, 부하 직원에게 책임을 전가하는 것	<분류>-1</분류> <판단>옳지 않다</판단>
[도덕_문장]: 직장에서 과장님이 자신의 실수를 계속 나에게 뒤집어씌우고 부서 사람들에게 내 탓이라고 말하고 다녀서 억울하지만 직접 맞서기는 어려워 고민이다. 이럴 때, 직장에서 자신의 잘못을 남에게 전가하는 것	<분류>-1</분류> <판단>옳지 않다</판단>
[도덕_문장]: 직장에서 과장님이 자신의 실수를 계속 나에게 뒤집어씌우고 부서 사람들에게 내 탓이라고 말하고 다녀서 억울하지만 직접 맞서기는 어려워 고민이다. 이런 상황에서, 동료의 실수를 다른 사람에게 책임을 미루는 것	<분류>-1</분류> <판단>옳지 않다</판단>
[도덕_문장]: 직장에서 과장님이 자신의 실수를 계속 나에게 뒤집어씌우고 부서 사람들에게 내 탓이라고 말하고 다녀서 억울하지만 직접 맞서기는 어려워 고민이다. 이런 상황일 때, 직장 내 동료의 억울함을 악용하는 것	<분류>-1</분류> <판단>바람직하지 않다</판단>
[도덕_문장]: 코로나 완치 후에도 계속되는 기침 때문에 회사에서 동료들에게 걱정을 끼치는 것 같아 출근을 해야 할지 쉬어야 할지 고민했다. 이처럼, 업무 상황에서 불편함을 느낄 경우, 근무를 지속할지 쉬어야 할지 신중하게 결정하는 것	<분류>1</분류> <판단>바람직하다</판단>
[도덕_문장]: 코로나 완치 후에도 계속되는 기침 때문에 회사에서 동료들에게 걱정을 끼치는 것 같아 출근을 해야 할지 쉬어야 할지 고민했다. 이처럼, 건강 문제로 인해 회사에 상황을 밝히고 휴가를 신청하는 것	<분류>1</분류> <판단>좋다</판단>
[도덕_문장]: 코로나 완치 후에도 계속되는 기침 때문에 회사에서 동료들에게 걱정을 끼치는 것 같아 출근을 해야 할지 쉬어야 할지 고민했다. 이렇게, 회사에서 업무를 수행할 때 건강 상태를 고려해 충분한 휴식을 취하는 것	<분류>1</분류> <판단>옳다.</판단>
[도덕_문장]: 코로나 완치 후에도 계속되는 기침 때문에 회사에서 동료들에게 걱정을 끼치는 것 같아 출근을 해야 할지 쉬어야 할지 고민했다. 이럴 때, 회사 동료에게 전염될 우려가 있으면 출근을 미루는 것	<분류>1</분류> <판단>옳다.</판단>
[도덕_문장]: 아래층 이웃이 소음 때문에 항의하러 올라왔는데 당황해서 집에 없는 척 숨어버렸지만, 사과를 해야 할지 그냥 넘어가야 할지 고민이 된다. 이런 경우에, 집에 없는 척 숨기는 것	<분류>-1</분류> <판단>바람직하지 않다</판단>
[도덕_문장]: 노화가 급속히 진행되어 피부 관리를 받고 싶지만 비용 부담과 효과에 대한 불확실성 때문에 망설여진다. 이렇게, 외모 관리에 있어 자신의 재정 상황과 피부 상태를 고려해 신중하게 선택하는 것	<분류>1</분류> <판단>좋다.</판단>
[도덕_문장]: 직장 동료들이 내 입냄새가 괴롭다고 말하는 것을 우연히 들었는데, 그동안 전혀 몰랐던 터라 당황스럽고 부끄러워서 어떻게 대처해야 할지 모르겠다. 이런 상황일 때, 직장 동료들끼리 예의 없는 말을 하는 것	<분류>-1</분류> <판단>좋지 않다.</판단>
[도덕_문장]: 잠이 안 와서 고민인데 남편이 출장 중이라 걱정을 끼치고 싶지 않아서 괜찮은 척해야 할지 솔직하게 말해야 할지 고민했다. 이렇게, 상황에 따라 솔직하게 말하는 것	<분류>1</분류> <판단>필요하다</판단>
[도덕_문장]: 뺑소니 사고를 당해 병원에 입원했는데 회사에 중요한 일이 있어서 몸이 아픈데도 출근해야 할지 쉬어야 할지 고민했다. 이렇게, 사고가 발생했을 때 자신의 몸을 우선 돌보는 것	<분류>1</분류> <판단>옳다</판단>
[도덕_문장]: 뺑소니 사고를 당해 병원에 입원했는데 회사에 중요한 일이 있어서 몸이 아픈데도 출근해야 할지 쉬어야 할지 고민했다. 이럴 때, 중요한 일이 있더라도 충분한 휴식을 취하는 것	<분류>1</분류> <판단>필요하다</판단>
[도덕_문장]: 중요한 미팅이 있는 날 샤워 중 갑자기 뜨거운 물이 나오지 않아 차가운 물로 씻게 되어 컨디션이 나빠졌는데, 미팅을 연기해달라고 요청할지 아니면 그대로 참고 진행할지 고민했다. 이렇게, 직장에서 개인적인 사정으로 일정을 변경해야 할 경우 공식적인 절차를 통해 정중하게 소통하는 것	<분류>1</분류> <판단>적절하다</판단>
[도덕_문장]: 중요한 미팅이 있는 날 샤워 중 갑자기 뜨거운 물이 나오지 않아 차가운 물로 씻게 되어 컨디션이 나빠졌는데, 미팅을 연기해달라고 요청할지 아니면 그대로 참고 진행할지 고민했다. 이렇게, 당일 일정의 차질이 생겼을 때 미리 양해를 구하고 상황을 설명하는 것	<분류>1</분류> <판단>바람직하다</판단>
[도덕_문장]: 차를 6개월이나 몰았는데도 워셔액 통 위치를 몰라서 연인에게 도움을 요청해야 하는 상황이 한심하게 느껴져 자존심이 상했다. 이렇게, 연인에게 도움을 요청할 때 상대방에게 부담을 주지 않고 구체적인 상황을 설명하는 것	<분류>1</분류> <판단>좋다</판단>
[도덕_문장]: 차를 6개월이나 몰았는데도 워셔액 통 위치를 몰라서 연인에게 도움을 요청해야 하는 상황이 한심하게 느껴져 자존심이 상했다. 이런 경우에, 연인에게 필요한 것을 요청하는 것	<분류>0</분류> <판단>나쁘지 않다</판단>
[도덕_문장]: 캐나다에 사는 외국인 친구가 돼지 막창을 너무 좋아하고 한국 문화에 깊이 동화되어 있어서 당황스럽지만, 내 안의 외국인에 대한 편견 때문인지 고민이 되었다. 이런 경우에, 외국인에게 한국 문화에 동화된 모습을 보이는 것	<분류>0</분류> <판단>사회적으로 중립이다</판단>
[도덕_문장]: 캐나다에 사는 외국인 친구가 돼지 막창을 너무 좋아하고 한국 문화에 깊이 동화되어 있어서 당황스럽지만, 내 안의 외국인에 대한 편견 때문인지 고민이 되었다. 이런 상황에서, 한국 문화를 좋아하는 외국인에게 한국 문화를 존중하는 태도를 가지는 것	<분류>1</분류> <판단>가져야 한다</판단>
[도덕_문장]: 캐나다에 사는 외국인 친구가 돼지 막창을 너무 좋아하고 한국 문화에 깊이 동화되어 있어서 당황스럽지만, 내 안의 외국인에 대한 편견 때문인지 고민이 되었다. 이런 상황일 때, 개인의 문화 선호도를 존중하는 것	<분류>1</분류> <판단>중요하다</판단>
[도덕_문장]: 논문 심사 교수님이 갑자기 따로 만나자고 연락을 해왔는데 이유를 알 수 없어서 좋은 일인지 나쁜 일인지 판단할 수 없어 당황스럽고 불안했다. 이런 경우에, 교수와 학생 간에 부적절한 만남을 하는 것	<분류>-1</분류> <판단>옳지 않다</판단>
[도덕_문장]: 논문 심사 교수님이 갑자기 따로 만나자고 연락을 해왔는데 이유를 알 수 없어서 좋은 일인지 나쁜 일인지 판단할 수 없어 당황스럽고 불안했다. 이처럼, 지도교수의 의도가 불명확한 상황에서 명확한 답변을 요구하는 것	<분류>1</분류> <판단>좋다</판단>
[도덕_문장]: 전자기기에 대한 지식을 자랑하며 신형 스마트폰이 당분간 나오지 않을 것이라고 친구들과 동료들에게 확신있게 말했는데, 바로 다음 주에 신형이 출시되어 창피하고 자존심이 상했다. 이런 경우에, 자신의 발언이 다른 사람을 상처주게 될 수 있다는 사실을 인지하고 사과하는 것	<분류>1</분류> <판단>바람직하다</판단>
[도덕_문장]: 전자기기에 대한 지식을 자랑하며 신형 스마트폰이 당분간 나오지 않을 것이라고 친구들과 동료들에게 확신있게 말했는데, 바로 다음 주에 신형이 출시되어 창피하고 자존심이 상했다. 이처럼, 기술에 대한 지식을 과시할 때 겸손하게 소통하는 것	<분류>1</분류> <판단>바람직하다</판단>
[도덕_문장]: 회식 메뉴를 미리 주문했는데 식당에서 다른 음식이 나와 동료들 앞에서 당황했지만, 내 실수가 아닌데도 변명하지 않고 조용히 있어야 할지 상황을 설명해야 할지 고민했다. 이렇게, 주문한 음식이 아닌 다른 음식이 나왔을 경우 직원에게 상황을 설명하고 주문한 음식으로 다시 준비하게 요청하는 것	<분류>1</분류> <판단>바람직하다</판단>
[도덕_문장]: 회식 메뉴를 미리 주문했는데 식당에서 다른 음식이 나와 동료들 앞에서 당황했지만, 내 실수가 아닌데도 변명하지 않고 조용히 있어야 할지 상황을 설명해야 할지 고민했다. 이렇게, 단체 활동에서 실수로 인한 혼란이 발생했을 때 상대방을 배려하며 해결 방안을 함께 모색하는 것	<분류>1</분류> <판단>가져야 한다</판단>
[도덕_문장]: 회식 메뉴를 미리 주문했는데 식당에서 다른 음식이 나와 동료들 앞에서 당황했지만, 내 실수가 아닌데도 변명하지 않고 조용히 있어야 할지 상황을 설명해야 할지 고민했다. 이처럼, 당황스러운 상황에서 자신의 입장을 차분하게 설명하는 것	<분류>1</분류> <판단>바람직하다</판단>
[도덕_문장]: 사무실에 벌이 들어왔을 때 나는 겁에 질려 아무것도 하지 못했는데, 동료가 용감하게 벌을 쫓아내는 모습을 보고 부끄러움과 함께 앞으로는 나도 그렇게 행동해야겠다는 다짐을 했다. 이처럼, 타인의 행동으로 부끄러움을 느낄 때 감정을 솔직하게 표현하는 것	<분류>1</분류> <판단>괜찮다</판단>
[도덕_문장]: 사무실에 벌이 들어왔을 때 나는 겁에 질려 아무것도 하지 못했는데, 동료가 용감하게 벌을 쫓아내는 모습을 보고 부끄러움과 함께 앞으로는 나도 그렇게 행동해야겠다는 다짐을 했다. 이처럼, 위급상황에서 자기와 동료의 안전을 우선적으로 고려해 신속하게 대응하는 것	<분류>1</분류> <판단>바람직하다</판단>
[도덕_문장]: 사무실에 벌이 들어왔을 때 나는 겁에 질려 아무것도 하지 못했는데, 동료가 용감하게 벌을 쫓아내는 모습을 보고 부끄러움과 함께 앞으로는 나도 그렇게 행동해야겠다는 다짐을 했다. 이렇게, 사무실에 위험한 상황이 발생했을 때 상황에 맞게 도움을 주는 것	<분류>1</분류> <판단>옳다</판단>
[도덕_문장]: 집 근처에 소방차 여러 대가 출동한 상황을 목격했는데, 아이들이 많이 사는 동네라 걱정되어 현장에 가서 상황을 확인하고 싶었지만 퇴근 후 피곤한 상태라 그냥 집으로 들어갔다. 이럴 때, 소방 당국의 지시에 따라 화재 현장이나 재난 현장 확인을 미루는 것	<분류>0</분류> <판단>적절하다</판단>
[도덕_문장]: 가족들이 모두 TV 동물 프로그램을 보며 우는데 나만 전혀 감동받지 못해서 내가 냉혈한인 것 같아 당황스러웠다. 이럴 때, 가족 구성원의 감정이 다르더라도 자신의 감정을 존중하는 것	<분류>1</분류> <판단>해야 한다</판단>
[도덕_문장]: 친척 언니의 결혼식에서 누군가 난입해 결혼을 반대한다고 외쳤는데, 언니를 도와야 할지 괜히 나섰다가 상황을 더 악화시킬지 몰라 어떻게 해야 할지 몰랐다. 이런 상황일 때, 결혼식에서 예의를 지키는 것	<분류>1</분류> <판단>해야 한다</판단>
[도덕_문장]: 친척 언니의 결혼식에서 누군가 난입해 결혼을 반대한다고 외쳤는데, 언니를 도와야 할지 괜히 나섰다가 상황을 더 악화시킬지 몰라 어떻게 해야 할지 몰랐다. 이런 경우에, 결혼식에서 뒤에서 조용히 의견을 전달하는 것	<분류>1</분류> <판단>바람직하다</판단>
[도덕_문장]: 중요한 계약을 앞두고 인감도장을 잃어버렸다는 사실을 알게 되어 계약을 연기해야 할지 아니면 다른 방법을 찾아야 할지 당황스러워 어떻게 해야 할지 몰랐다. 이처럼, 중요한 계약을 앞두고 준비가 부족할 경우 계약 상대에게 솔직하게 상황을 설명하고 연기 여부를 협의하는 것	<분류>1</분류> <판단>옳다.</판단>
[도덕_문장]: 중요한 계약을 앞두고 인감도장을 잃어버렸다는 사실을 알게 되어 계약을 연기해야 할지 아니면 다른 방법을 찾아야 할지 당황스러워 어떻게 해야 할지 몰랐다. 이처럼, 계약에 필요한 서류가 부족한 상황에서 상대방에게 상황을 정확히 알려주고, 계약을 연기하거나 대체 방안을 모색하는 것	<분류>1</분류> <판단>적절하다</판단>
[도덕_문장]: 길거리에서 담배를 피우며 연기를 내뿜는 사람에게 주의를 주었는데, 그 사람이 담배꽁초를 바닥에 던지며 욕을 해서 당황스러웠다. 이런 상황에서, 길거리에서 타인의 금연 요청을 무시하고 욕을 하는 것	<분류>-1</분류> <판단>바람직하지 않다</판단>
[도덕_문장]: 산길을 걷다가 들개와 마주쳤는데 버스 시간에 맞춰 가야 하지만 들개를 놀라게 하고 싶지 않아서 어떻게 움직여야 할지 고민했다. 이처럼, 길에서 들개를 마주쳤을 때 들개를 놀라게 하지 않도록 천천히 움직이는 것	<분류>1</분류> <판단>좋다</판단>
[도덕_문장]: 찹쌀떡을 먹다가 치료한 지 얼마 안 된 앞니가 빠져서 당황했지만 가족들에게 웃으며 이야기했는데, 아무도 웃지 않고 한심해해서 더욱 당황했다. 이렇게, 가족들이 치료한 지 얼마 안 된 앞니가 빠지는 상황을 비웃거나 비난하는 것	<분류>-1</분류> <판단>안 되다</판단>
[도덕_문장]: 동생이 나보다 먼저 결혼하겠다고 했는데 부모님이 순서를 지켜야 한다며 반대하셔서 내가 동생의 결혼에 걸림돌이 된 것 같아 미안하고 당황스러웠다. 이럴 때, 부모님이 자식의 결혼 순서를 결정하는 것	<분류>-1</분류> <판단>옳지 않다</판단>
[도덕_문장]: 동생이 나보다 먼저 결혼하겠다고 했는데 부모님이 순서를 지켜야 한다며 반대하셔서 내가 동생의 결혼에 걸림돌이 된 것 같아 미안하고 당황스러웠다. 이런 상황에서, 타인에게 자신의 결혼의 순서를 강요하는 것	<분류>-1</분류> <판단>옳지 않다</판단>
[도덕_문장]: 공원에서 조카와 함께 있는데 한국어를 모르는 조카에게 노인이 계속 말을 걸어와서 설명해도 그치지 않아 당황스럽지만, 상대가 노인이라 무작정 자리를 뜨기도 예의에 어긋날 것 같아 고민스러웠다. 이처럼, 노인이 주변 사람이 불편함을 느낄 경우 자신의 행동을 멈추는 것	<분류>1</분류> <판단>옳다</판단>
[도덕_문장]: 휴대폰을 자꾸 이상한 곳에 두고 잃어버리는 습관 때문에 스스로가 한심하다고 생각하면서도, 이런 덜렁거리는 성격을 어떻게 고쳐야 할지 몰라 답답했다. 이런 상황일 때, 자신의 행동을 스스로 인지하고 개선하려는 것	<분류>1</분류> <판단>옳다</판단>
[도덕_문장]: 휴대폰을 자꾸 이상한 곳에 두고 잃어버리는 습관 때문에 스스로가 한심하다고 생각하면서도, 이런 덜렁거리는 성격을 어떻게 고쳐야 할지 몰라 답답했다. 이러한 상황에서, 자신의 부족함을 인지하더라도 무리하게 강요하지 않고, 자신에게 맞는 방법을 찾아 천천히 습관을 개선하는 것	<분류>1</분류> <판단>해야 한다</판단>
[도덕_문장]: 휴대폰을 자꾸 이상한 곳에 두고 잃어버리는 습관 때문에 스스로가 한심하다고 생각하면서도, 이런 덜렁거리는 성격을 어떻게 고쳐야 할지 몰라 답답했다. 이럴 때, 자신의 단점을 고치는 것	<분류>1</분류> <판단>바람직하다</판단>
[도덕_문장]: 테니스 장비를 새로 구입하고 운동복까지 맞췄지만 함께 운동할 친구들이 모두 바빠서 거절당해 혼자 운동해야 하는 상황이 되었다. 이런 경우에, 혼자 운동하는 것	<분류>0</분류> <판단>괜찮다</판단>
[도덕_문장]: 아침에 서두르다가 짝짝이 양말을 신고 출근했는데, 지하철에서 발견한 후 회사에서 동료들이 알아볼까 봐 불안해하며 어떻게 대처해야 할지 몰라 당황했다. 이렇게, 자신의 실수를 인정하고 상황을 설명하는 것	<분류>1</분류> <판단>좋다</판단>
[도덕_문장]: 일기예보에서 비가 온다고 해서 우산을 챙겼다가 맑은 날씨에 무거운 우산을 들고 다녀야 했고, 다음날은 일기예보를 믿지 않고 우산을 두고 나갔다가 폭우에 흠뻑 젖어서 일기예보를 믿어야 할지 말아야 할지 고민이 되었다. 이렇게, 기상 예보의 정확성에 의문이 있을 때, 자신의 상황 판단과 준비에 따른 책임을 지는 것	<분류>1</분류> <판단>적절하다</판단>
[도덕_문장]: 일기예보에서 비가 온다고 해서 우산을 챙겼다가 맑은 날씨에 무거운 우산을 들고 다녀야 했고, 다음날은 일기예보를 믿지 않고 우산을 두고 나갔다가 폭우에 흠뻑 젖어서 일기예보를 믿어야 할지 말아야 할지 고민이 되었다. 이러한 상황에서, 예보를 참고용으로 활용하는 것	<분류>0</분류> <판단>좋다</판단>
[도덕_문장]: 일기예보에서 비가 온다고 해서 우산을 챙겼다가 맑은 날씨에 무거운 우산을 들고 다녀야 했고, 다음날은 일기예보를 믿지 않고 우산을 두고 나갔다가 폭우에 흠뻑 젖어서 일기예보를 믿어야 할지 말아야 할지 고민이 되었다. 이럴 때, 일기 예보를 참고 정보로만 활용하는 것	<분류>1</분류> <판단>적절하다</판단>
[도덕_문장]: 새로 입양한 강아지와 기존에 키우던 강아지가 사이가 좋지 않아서 한 마리를 다시 보내야 할지 고민되지만, 둘 다 유기견이라 또다시 버려지는 아픔을 주고 싶지 않아 딜레마에 빠졌다. 이런 상황일 때, 자신의 선택이 다른 생명체에게 미칠 영향을 고려하는 것	<분류>1</분류> <판단>바람직하다</판단>
[도덕_문장]: 외국 출장 중 신용카드를 분실해서 당황스럽고 자책하고 있는데, 친구에게 연락해서 위로받을지 혼자 해결할지 고민했다. 이러한 상황에서, 해외 출장 중 발생한 문제를 스스로 해결하려고 노력하는 것	<분류>1</분류> <판단>해야 한다</판단>
[도덕_문장]: 언니가 온몸에 문신을 한 남자친구를 소개해줬는데, 나쁜 기억이 있는 전 남자친구와 비슷해서 반대하고 싶지만 언니에게 개인적인 상처를 털어놓기가 어려워 고민이다. 이렇게, 가족에게 개인적인 감정이나 상처를 털어놓기 어렵다는 것을 이해하고 상황을 공감해주는 것	<분류>1</분류> <판단>되어야 한다</판단>
[도덕_문장]: 돌아가신 아버지가 선물해주신 소중한 시계가 고장났는데 수리비가 새 시계 값과 비슷해서 경제적 부담과 추억의 가치 사이에서 고민했다. 이럴 때, 가족이 남긴 소중한 물건에 대해 충분히 고민하는 것	<분류>1</분류> <판단>옳다.</판단>
[도덕_문장]: 남자친구가 있다는 것을 알면서도 계속 만나자고 연락하는 친구에게 그만 연락하라고 부탁했지만 계속 연락이 와서 남자친구에게 말해야 할지 고민했다. 이런 경우에, 친구가 남자친구와 자신의 관계를 명확히 설명하는 것	<분류>1</분류> <판단>해야 한다</판단>
[도덕_문장]: 대학을 졸업한 딸이 고졸인 남자와 사귀고 있는데 반대하고 싶지만 딸과의 관계가 나빠질까 봐 말하지 못하고 혼자 속만 태우고 있다. 이런 경우에, 자녀와의 관계에서 딸의 선택을 존중하는 것	<분류>1</분류> <판단>옳다</판단>
[도덕_문장]: 대학을 졸업한 딸이 고졸인 남자와 사귀고 있는데 반대하고 싶지만 딸과의 관계가 나빠질까 봐 말하지 못하고 혼자 속만 태우고 있다. 이런 상황일 때, 부모가 자녀의 행복을 위해 결혼 상대에 대해 조언하는 것	<분류>0</분류> <판단>할 수 있다</판단>
[도덕_문장]: 대학을 졸업한 딸이 고졸인 남자와 사귀고 있는데 반대하고 싶지만 딸과의 관계가 나빠질까 봐 말하지 못하고 혼자 속만 태우고 있다. 이런 경우에, 부모가 자식의 선택을 존중하는 것	<분류>1</분류> <판단>좋다</판단>
[도덕_문장]: 벤치에서 송충이가 머리에 떨어져 크게 소리를 지르며 호들갑을 떨었는데, 내 과도한 반응이 주변 사람들에게 민망하게 보일까봐 걱정되었다. 이처럼, 공공 장소에서 불편을 겪었을 때 주변의 시선을 고려하며 조용히 대응하는 것	<분류>1</분류> <판단>바람직하다</판단>
[도덕_문장]: 벤치에서 송충이가 머리에 떨어져 크게 소리를 지르며 호들갑을 떨었는데, 내 과도한 반응이 주변 사람들에게 민망하게 보일까봐 걱정되었다. 이렇게, 공공장소에서 타인이 불편함을 겪었을 때 과도한 리액션으로 인해 주변 사람들에게 민망함을 주는 것을 인식하는 것	<분류>1</분류> <판단>바람직하다</판단>
[도덕_문장]: 여자친구는 자녀를 많이 갖고 싶어하는데 나는 돈을 모으기 위해 최대 두 명까지만 갖고 싶어서 그녀의 마음을 아프게 할까봐 고민이다. 이처럼, 금전적인 문제로 갈등이 생겼을 때 상대를 비난하지 않고 대화를 통해 해결하려는 노력을 하는 것	<분류>1</분류> <판단>필요하다</판단>
[도덕_문장]: 여자친구는 자녀를 많이 갖고 싶어하는데 나는 돈을 모으기 위해 최대 두 명까지만 갖고 싶어서 그녀의 마음을 아프게 할까봐 고민이다. 이런 상황일 때, 가족계획을 자신의 가치관과 미래를 존중하는 바탕에서 결정하는 것	<분류>1</분류> <판단>해야 한다</판단>
[도덕_문장]: 여자친구는 자녀를 많이 갖고 싶어하는데 나는 돈을 모으기 위해 최대 두 명까지만 갖고 싶어서 그녀의 마음을 아프게 할까봐 고민이다. 이렇게, 자녀의 수를 결정할 때 경제적 상황과 정서적 상황을 고려해 결정하는 것	<분류>1</분류> <판단>옳다.</판단>
[도덕_문장]: 여자친구는 자녀를 많이 갖고 싶어하는데 나는 돈을 모으기 위해 최대 두 명까지만 갖고 싶어서 그녀의 마음을 아프게 할까봐 고민이다. 이런 상황에서, 배우자에게 자신의 생각과 결정을 솔직하게 말하는 것	<분류>1</분류> <판단>옳다</판단>
[도덕_문장]: 여자친구는 자녀를 많이 갖고 싶어하는데 나는 돈을 모으기 위해 최대 두 명까지만 갖고 싶어서 그녀의 마음을 아프게 할까봐 고민이다. 이러한 상황에서, 자녀의 수에 대한 갈등을 대화로 풀어나가는 것	<분류>1</분류> <판단>해야 한다</판단>
[도덕_문장]: 백화점에서 바지 버클이 떨어져 많은 사람들이 볼 수 있는 상황에서 가방으로 가리며 새 바지를 사러 가야 했는데, 사람들이 내 모습을 봤을까 봐 계속 걱정되고 민망했다. 이처럼, 불편한 상황을 겪었을 때 남들에게 민폐를 주지 않기 위해 신속하게 대처하려는 것	<분류>1</분류> <판단>바람직하다</판단>
[도덕_문장]: 백화점에서 바지 버클이 떨어져 많은 사람들이 볼 수 있는 상황에서 가방으로 가리며 새 바지를 사러 가야 했는데, 사람들이 내 모습을 봤을까 봐 계속 걱정되고 민망했다. 이렇게, 공공장소에서 신체 일부를 가리거나 새 옷을 사러 갈 때 사람들의 시선을 의식해 걱정하고 민망함을 느끼는 것	<분류>0</분류> <판단>자연스러운 감정이다</판단>
[도덕_문장]: 백화점에서 바지 버클이 떨어져 많은 사람들이 볼 수 있는 상황에서 가방으로 가리며 새 바지를 사러 가야 했는데, 사람들이 내 모습을 봤을까 봐 계속 걱정되고 민망했다. 이렇게, 자신의 실수로 많은 사람들에게 난처한 상황을 겪게 했을 때, 자신의 실수를 인정하고 신속히 상황을 정리하는 것	<분류>1</분류> <판단>바람직하다</판단>
[도덕_문장]: 여자친구가 하루 종일 문자를 보내서 답장을 빨리 안 하면 화를 내는데, 직장인인 나는 일에 집중할 수 없어 부담스럽지만 관계가 나빠질까 봐 말하지 못하고 있다. 이렇게, 연인이 일을 할 때 휴식 시간을 존중하는 것	<분류>1</분류> <판단>해야 한다</판단>
[도덕_문장]: 여자친구가 하루 종일 문자를 보내서 답장을 빨리 안 하면 화를 내는데, 직장인인 나는 일에 집중할 수 없어 부담스럽지만 관계가 나빠질까 봐 말하지 못하고 있다. 이럴 때, 연인이 바쁜 일정을 고려하지 않고 과도한 문자를 보내는 것	<분류>-1</분류> <판단>옳지 않다</판단>
[도덕_문장]: 결혼을 앞두고 있는데 전 남자친구가 갑자기 연락해서 다시 사귀자고 해서 마음이 흔들렸지만 지금 남자친구에 대한 의리를 생각해 거절하기로 했다. 이런 상황일 때, 새로운 연애에 헌신적인 태도를 보이는 것	<분류>1</분류> <판단>해야 한다</판단>
[도덕_문장]: 결혼을 앞두고 있는데 전 남자친구가 갑자기 연락해서 다시 사귀자고 해서 마음이 흔들렸지만 지금 남자친구에 대한 의리를 생각해 거절하기로 했다. 이런 상황에서, 상대의 마음을 흔들어 보이는 것	<분류>-1</분류> <판단>바람직하지 않다</판단>
[도덕_문장]: 결혼을 앞두고 있는데 전 남자친구가 갑자기 연락해서 다시 사귀자고 해서 마음이 흔들렸지만 지금 남자친구에 대한 의리를 생각해 거절하기로 했다. 이런 상황에서, 결혼과 같은 중대한 인생 변화의 시점에서 신뢰를 가진 남자친구에게 최선을 다하는 것	<분류>1</분류> <판단>해야 한다</판단>
[도덕_문장]: 결혼을 앞두고 있는데 전 남자친구가 갑자기 연락해서 다시 사귀자고 해서 마음이 흔들렸지만 지금 남자친구에 대한 의리를 생각해 거절하기로 했다. 이럴 때, 타인의 사정을 이해하고 존중하는 것	<분류>1</분류> <판단>좋다</판단>
[도덕_문장]: 결혼을 앞두고 있는데 전 남자친구가 갑자기 연락해서 다시 사귀자고 해서 마음이 흔들렸지만 지금 남자친구에 대한 의리를 생각해 거절하기로 했다. 이럴 때, 연인이 있는 사람과 관계를 맺지 않는 것	<분류>1</분류> <판단>좋다</판단>
[도덕_문장]: 결혼을 앞두고 있는데 전 남자친구가 갑자기 연락해서 다시 사귀자고 해서 마음이 흔들렸지만 지금 남자친구에 대한 의리를 생각해 거절하기로 했다. 이러한 상황에서, 현재 연인의 도리를 존중하는 것	<분류>1</분류> <판단>옳다</판단>
[도덕_문장]: 첫 출근 날 안개로 인한 교통체증으로 지각할 위기에 처했는데, 미리 상사에게 연락해서 상황을 알릴지 아니면 그냥 늦더라도 조용히 출근할지 고민했다. 이처럼, 업무와 관련하여 늦을 경우 자신의 상황을 미리 알리는 것	<분류>1</분류> <판단>좋다</판단>
[도덕_문장]: 첫 출근 날 안개로 인한 교통체증으로 지각할 위기에 처했는데, 미리 상사에게 연락해서 상황을 알릴지 아니면 그냥 늦더라도 조용히 출근할지 고민했다. 이처럼, 출근을 지연시키는 상황이 발생했을 때 미리 연락하여 상황을 공유하는 것	<분류>1</분류> <판단>좋다</판단>
[도덕_문장]: 첫 출근 날 안개로 인한 교통체증으로 지각할 위기에 처했는데, 미리 상사에게 연락해서 상황을 알릴지 아니면 그냥 늦더라도 조용히 출근할지 고민했다. 이처럼, 직장인이 자신의 사정을 상사에게 연락하여 상황을 설명하는 것	<분류>1</분류> <판단>바람직하다</판단>
[도덕_문장]: 해외 혼자 여행 중 예약한 숙소에서 연락이 오지 않아 막막한 상황에서 친구에게 도움을 요청할지 스스로 해결할지 고민했다. 이렇게, 여행 중 발생한 불편한 상황을 스스로 먼저 해결하는 것	<분류>1</분류> <판단>좋다</판단>
[도덕_문장]: 해외 혼자 여행 중 예약한 숙소에서 연락이 오지 않아 막막한 상황에서 친구에게 도움을 요청할지 스스로 해결할지 고민했다. 이런 상황에서, 타인에게 도움을 요청하기 전에 본인이 스스로 해결할 수 있는 방안을 먼저 고려하는 것	<분류>1</분류> <판단>바람직하다</판단>
[도덕_문장]: 편의점에서 아르바이트를 하는데 단골손님이 바쁜 시간에 매번 10원짜리 동전 한 주먹을 가져와서 계산하려 해서 다른 손님들이 기다리는 상황에서 어떻게 대응해야 할지 고민스러웠다. 이런 경우에, 가게에서 자신의 불편을 정중하게 표현하고 다른 손님의 서비스가 원활하게 이루어지도록 배려하는 것	<분류>1</분류> <판단>해야 한다</판단>
[도덕_문장]: 편의점에서 아르바이트를 하는데 단골손님이 바쁜 시간에 매번 10원짜리 동전 한 주먹을 가져와서 계산하려 해서 다른 손님들이 기다리는 상황에서 어떻게 대응해야 할지 고민스러웠다. 이런 경우에, 바쁜 시간대에 다른 손님들이 더 빨리 계산받을 수 있도록 도와주는 것	<분류>1</분류> <판단>해야 한다</판단>
[도덕_문장]: 편의점에서 아르바이트를 하는데 단골손님이 바쁜 시간에 매번 10원짜리 동전 한 주먹을 가져와서 계산하려 해서 다른 손님들이 기다리는 상황에서 어떻게 대응해야 할지 고민스러웠다. 이처럼, 다른 손님들이 불편해할 경우 행동을 자제하는 것	<분류>1</분류> <판단>좋다</판단>
[도덕_문장]: 소개팅 당일 갑자기 코피가 나서 옷에 피가 묻고 멈추지 않았는데, 창피해서 상대방에게 상황을 제대로 설명하지 못하고 밥만 먹고 그냥 와버렸다. 이렇게, 소개팅 당일 상대방과의 약속을 지키지 못한 상황을 회피하는 것	<분류>-1</분류> <판단>좋지 않다</판단>
[도덕_문장]: 중요한 발표를 앞두고 역류성후두염으로 목소리가 나오지 않는 상황에서 억지로 목소리를 짜내서 발표를 할지 아니면 발표를 미룰지 고민했다. 이처럼, 중요한 행사 준비 중 갑작스러운 신체적 문제가 생겼을 때 건강을 우선시하는 것	<분류>1</분류> <판단>바람직하다</판단>
[도덕_문장]: 중요한 발표를 앞두고 역류성후두염으로 목소리가 나오지 않는 상황에서 억지로 목소리를 짜내서 발표를 할지 아니면 발표를 미룰지 고민했다. 이처럼, 발표를 할 때 자신의 건강 상태를 고려하여 최선의 방식으로 준비하는 것	<분류>1</분류> <판단>바람직하다</판단>
[도덕_문장]: 중요한 발표를 앞두고 역류성후두염으로 목소리가 나오지 않는 상황에서 억지로 목소리를 짜내서 발표를 할지 아니면 발표를 미룰지 고민했다. 이처럼, 자신의 건강 상태가 발표에 큰 영향을 미칠 경우 무리하지 않고 우선순위를 재조정하는 것	<분류>0</분류> <판단>적절한 판단이다</판단>
[도덕_문장]: 중요한 발표를 앞두고 역류성후두염으로 목소리가 나오지 않는 상황에서 억지로 목소리를 짜내서 발표를 할지 아니면 발표를 미룰지 고민했다. 이처럼, 건강 문제로 어려움을 겪을 때 중요한 발표를 미루는 것	<분류>0</분류> <판단>좋은 선택일 수 있다</판단>
[도덕_문장]: 오랜 친구가 반지를 선물하며 고백했는데, 우정을 잃을까 봐 걱정되어 어떻게 대답해야 할지 고민이 되었다. 이렇게, 친구에게 고백을 할 때 상대방이 거절할 수 있다는 것을 미리 아는 것	<분류>1</분류> <판단>알아야 한다.</판단>
[도덕_문장]: 오랜 친구가 반지를 선물하며 고백했는데, 우정을 잃을까 봐 걱정되어 어떻게 대답해야 할지 고민이 되었다. 이런 상황일 때, 친구의 고백을 듣고 고민하는 것	<분류>0</분류> <판단>나쁘지 않다</판단>
[도덕_문장]: 친구가 급한 일이 있다며 돈을 빌려달라고 두 번째 부탁을 했는데, 아내 몰래 또 빌려줘야 할지 아니면 거절해야 할지 고민이 되었다. 이런 상황에서, 아내 몰래 돈을 빌려주는 것	<분류>-1</분류> <판단>바람직하지 않다</판단>
[도덕_문장]: 친구가 급한 일이 있다며 돈을 빌려달라고 두 번째 부탁을 했는데, 아내 몰래 또 빌려줘야 할지 아니면 거절해야 할지 고민이 되었다. 이러한 상황에서, 배우자가 있는 사람이 다른 이성과 금전적 도움을 주고받는 것	<분류>-1</분류> <판단>옳지 않다</판단>
[도덕_문장]: 친구가 급한 일이 있다며 돈을 빌려달라고 두 번째 부탁을 했는데, 아내 몰래 또 빌려줘야 할지 아니면 거절해야 할지 고민이 되었다. 이런 경우에, 아내 몰래 친구에게 돈을 빌려주는 것	<분류>-1</분류> <판단>바람직하지 않다</판단>
[도덕_문장]: 오른쪽 아랫배에 지속적인 통증이 있어 병원에 갔는데 아무 이상이 없다고 해서, 의사가 제안한 휴식을 취해야 할지 아니면 계속 일을 해야 할지 고민했다. 이렇게, 병원에서 설명이 부족하다고 느껴질 경우 의사에게 구체적인 설명을 요청하는 것	<분류>1</분류> <판단>옳다</판단>
[도덕_문장]: 오른쪽 아랫배에 지속적인 통증이 있어 병원에 갔는데 아무 이상이 없다고 해서, 의사가 제안한 휴식을 취해야 할지 아니면 계속 일을 해야 할지 고민했다. 이처럼, 몸이 아플 때 휴식을 취하는 것	<분류>1</분류> <판단>좋다</판단>
[도덕_문장]: 오른쪽 아랫배에 지속적인 통증이 있어 병원에 갔는데 아무 이상이 없다고 해서, 의사가 제안한 휴식을 취해야 할지 아니면 계속 일을 해야 할지 고민했다. 이렇게, 병원을 방문했을 때 의사의 처방을 확인하는 것	<분류>1</분류> <판단>필요하다</판단>
[도덕_문장]: 오른쪽 아랫배에 지속적인 통증이 있어 병원에 갔는데 아무 이상이 없다고 해서, 의사가 제안한 휴식을 취해야 할지 아니면 계속 일을 해야 할지 고민했다. 이렇게, 본인의 신체 상태에 문제가 생겼을 경우 의사의 판단과 제안을 경청하는 것	<분류>1</분류> <판단>바람직하다</판단>
[도덕_문장]: 편의점에서 거스름돈을 잘못 받아 더 많이 가져왔는데, 연세 많은 직원분이 할머니 같아서 실수를 지적하면 난처해하실까 봐 고민했다. 이처럼, 실수를 지적할 때 자신의 상황을 정확히 이해하려는 태도를 가지고 지키는 것	<분류>1</분류> <판단>옳다</판단>
[도덕_문장]: 회사에서 우리 부서가 갑작스럽게 해체되고 전원 대기발령이 났는데, 그동안 최선을 다해 일했던 노력이 인정받지 못하는 것 같아 억울하고 참담했다. 이렇게, 부서 해체 결정이 있을 때 직원들에게 명확한 이유를 설명해주는 것	<분류>1</분류> <판단>옳다</판단>
[도덕_문장]: 어머니가 허리를 다쳐 급히 고향에 가야 하는데, 팀장님 문병을 대표로 가야 하는 상황이라 어떻게 해야 할지 고민했다. 이럴 때, 가족의 건강 문제를 최우선적으로 고려하는 것	<분류>1</분류> <판단>해야 한다</판단>
[도덕_문장]: 어머니가 허리를 다쳐 급히 고향에 가야 하는데, 팀장님 문병을 대표로 가야 하는 상황이라 어떻게 해야 할지 고민했다. 이렇게, 직장 동료의 사정을 이해하고 상황을 판단해 개인적인 일정과 직장의 일을 잘 조율해보는 것	<분류>1</분류> <판단>좋다</판단>
[도덕_문장]: 어머니가 허리를 다쳐 급히 고향에 가야 하는데, 팀장님 문병을 대표로 가야 하는 상황이라 어떻게 해야 할지 고민했다. 이처럼, 직장에서 중요한 일을 대표로 맡아야 할 때 개인 일정과 상황을 고려하여 적절하게 조율하는 것	<분류>1</분류> <판단>바람직하다</판단>
[도덕_문장]: 자식이 자신이 번 돈으로 명품 백팩을 사와서 기뻐하는 모습을 보니 과소비에 대해 지적해야 할지 아이의 기쁨을 인정해줘야 할지 고민되었다. 이처럼, 부모가 자녀의 소비 행위를 평가할 때 신중하게 대화를 시작하는 것	<분류>1</분류> <판단>해야 한다</판단>
[도덕_문장]: 자식이 자신이 번 돈으로 명품 백팩을 사와서 기뻐하는 모습을 보니 과소비에 대해 지적해야 할지 아이의 기쁨을 인정해줘야 할지 고민되었다. 이런 상황일 때, 자녀의 기쁨을 먼저 인정해주고 나중에 설명하는 것	<분류>1</분류> <판단>좋다</판단>
[도덕_문장]: 회의 중에 갑자기 화장실이 급해졌는데 모든 사람들의 시선이 집중될까 봐 부끄러워서 나가지 못하고 있었다. 이럴 때, 회의 중 자신의 상태를 상대방에게 알려는 것	<분류>1</분류> <판단>되도 된다</판단>
[도덕_문장]: 회식에서 술에 취해 교포 부장님 앞에서 영어 실력을 뽐내며 팝송을 불렀는데, 나중에 그분이 원어민 수준이라는 걸 알고 당황스러워서 동료와 함께 택시를 타고 가자는 제안을 거절했다. 이런 상황에서, 회식에서 술에 취해 다른 사람 앞에서 노래를 부르는 것	<분류>-1</분류> <판단>바람직하지 않다</판단>
[도덕_문장]: 귤을 많이 먹어서 손이 노랗게 변했는데 회사 동료들이 계속 물어봐서 부끄럽지만 숨길 수도 없어 어떻게 대응해야 할지 고민했다. 이럴 때, 동료의 질문에 답하면서 불편함을 표현하는 것	<분류>0</분류> <판단>괜찮다</판단>
[도덕_문장]: 귤을 많이 먹어서 손이 노랗게 변했는데 회사 동료들이 계속 물어봐서 부끄럽지만 숨길 수도 없어 어떻게 대응해야 할지 고민했다. 이런 상황에서, 동료들의 질문에 솔직하게 답하는 것	<분류>0</분류> <판단>무방하다</판단>
[도덕_문장]: 귤을 많이 먹어서 손이 노랗게 변했는데 회사 동료들이 계속 물어봐서 부끄럽지만 숨길 수도 없어 어떻게 대응해야 할지 고민했다. 이럴 때, 직장에서 동료의 사적인 이야기를 과도하게 물어보는 것	<분류>-1</분류> <판단>적절하지 않다</판단>
[도덕_문장]: 여동생이 얼굴도 모르는 사람과 메시지로 깊은 관계를 맺고 있어서 걱정되어 말렸더니 동생이 오히려 화를 내서 당황스러웠다. 이처럼, 여동생의 안전이 우려될 때 개인적인 감정보다 이성적으로 판단하여 조언을 하는 것	<분류>1</분류> <판단>옳다</판단>
[도덕_문장]: 여동생이 얼굴도 모르는 사람과 메시지로 깊은 관계를 맺고 있어서 걱정되어 말렸더니 동생이 오히려 화를 내서 당황스러웠다. 이러한 상황에서, 가족이 느끼는 걱정이나 우려를 충분히 이해하고 대화를 통해 문제를 해결하려는 태도를 가지는 것	<분류>1</분류> <판단>필요하다</판단>
[도덕_문장]: 친구가 운전 중에 졸음운전을 해서 위험한 상황이었는데, 피곤한 친구에게 데리러 와달라고 부탁한 것이 미안하고 후회스러웠다. 이렇게, 친구가 위험한 상황에 처했을 때 도움을 주는 것	<분류>1</분류> <판단>바람직하다</판단>
[도덕_문장]: 아이 담임선생님과의 개인상담에서 품위있게 행동하려 했는데 상담이 끝나고 일어나는 순간 방귀가 나와서 체면을 구겼지만 모른 척 넘어가야 할지 고민했다. 이처럼, 불편한 상황에서 상대방의 체면을 해치지 않고 빠르게 상황을 수습하는 것	<분류>1</분류> <판단>좋다</판단>
[도덕_문장]: 남자친구에게 줄 선물로 산 와이셔츠를 아버지가 자신을 위한 선물로 오해하고 가져가셔서 기뻐하시는데, 사실을 말해서 아버지를 실망시킬지 그냥 선물로 드릴지 고민했다. 이처럼, 선물의 의도를 잘못 이해했을 때 오해를 풀기 위해 적극적으로 소통하는 것	<분류>1</분류> <판단>바람직하다</판단>
[도덕_문장]: 남자친구에게 줄 선물로 산 와이셔츠를 아버지가 자신을 위한 선물로 오해하고 가져가셔서 기뻐하시는데, 사실을 말해서 아버지를 실망시킬지 그냥 선물로 드릴지 고민했다. 이런 경우에, 정확한 의사 표현을 하는 것	<분류>1</분류> <판단>해야 한다</판단>
[도덕_문장]: 연애하고 싶어서 영화관 데이트를 꿈꾸지만 혼자 영화관에 가는 것이 부끄러워서 좋아하는 배우가 나오는 영화를 포기할지 고민했다. 이러한 상황에서, 이유가 있는 사람을 비난하는 것	<분류>1</분류> <판단>안 되다</판단>
[도덕_문장]: 친구가 정성껏 기른 야콘을 한 상자나 줬는데 맛이 이상해서 먹기 싫지만 친구 마음이 상할까봐 거절하지 못하고 있다. 이처럼, 선물을 받았을 때 그 마음을 생각해 거절을 바로 하지 않는 것	<분류>1</분류> <판단>좋다</판단>
[도덕_문장]: 어머니가 핸드폰 대신 리모컨을 가방에 챙겨오신 것을 보고 치매를 의심해야 할지 단순한 실수로 넘겨야 할지 고민했다. 이러한 상황에서, 기억력이 떨어지거나 일상적인 행동에서 실수가 잦아지더라도 즉시 치매 진단을 받는 것	<분류>1</분류> <판단>아니다</판단>
[도덕_문장]: 길에서 박스 안에서 부스럭거리는 소리가 났는데, 유기동물일 수도 있어서 확인해야 할지 무서워서 그냥 지나갈지 고민했다. 이렇게, 유기동물이 있을지 모르는 상황에서도 자신의 안전을 고려하는 것	<분류>1</분류> <판단>좋다.</판단>
[도덕_문장]: 길에서 박스 안에서 부스럭거리는 소리가 났는데, 유기동물일 수도 있어서 확인해야 할지 무서워서 그냥 지나갈지 고민했다. 이렇게, 길거리에 유기동물이 발견되었을 때, 안전이 확보될 때까지 조심스럽게 상황을 살펴 확인하려 노력하는 것	<분류>1</분류> <판단>해야 한다</판단>
[도덕_문장]: 시어머니께서 이사와 관련해 집터 점보기부터 가전제품 구매까지 모든 것을 관여하려고 하시는데, 도움은 감사하지만 불편해서 남편에게 말하고 싶지만 시어머니 흉을 보는 것 같아 아무 말도 못하고 혼자 속앓이를 했다. 이런 상황일 때, 자녀의 결혼생활에 지나치게 간섭하는 것	<분류>-1</분류> <판단>바람직하지 않다</판단>
[도덕_문장]: 시어머니께서 이사와 관련해 집터 점보기부터 가전제품 구매까지 모든 것을 관여하려고 하시는데, 도움은 감사하지만 불편해서 남편에게 말하고 싶지만 시어머니 흉을 보는 것 같아 아무 말도 못하고 혼자 속앓이를 했다. 이런 경우에, 자녀의 부모로서 집안 일을 간섭하는 것	<분류>-1</분류> <판단>옳지 않다</판단>
[도덕_문장]: 외국 출장 중 길을 잃어 당황했지만 팀장에게 도움을 요청하는 것이 무능해 보일까 봐 혼자 해결하려다가 결국 연락을 하게 되었다. 이렇게, 출장 중 혼자 해결하기 어려운 상황이 발생했을 때 도움을 요청하는 것	<분류>1</분류> <판단>책임 있는 태도다</판단>
[도덕_문장]: 외국 출장 중 길을 잃어 당황했지만 팀장에게 도움을 요청하는 것이 무능해 보일까 봐 혼자 해결하려다가 결국 연락을 하게 되었다. 이럴 때, 직장에서 실수를 했더라도 동료에게 도움을 요청하는 것	<분류>1</분류> <판단>적절하다</판단>
[도덕_문장]: 외국 출장 중 길을 잃어 당황했지만 팀장에게 도움을 요청하는 것이 무능해 보일까 봐 혼자 해결하려다가 결국 연락을 하게 되었다. 이런 경우에, 팀 내에서 발생한 문제를 팀원들과 함께 해결하려는 것	<분류>1</분류> <판단>중요하다</판단>
[도덕_문장]: 남자친구 어머니가 식사할 때마다 밥을 수북하게 주시는데, 평소 적게 먹는 편이라 부담스럽지만 기분 상하실까봐 억지로 다 먹고 있다. 이런 상황일 때, 타인의 식사 제공에 대해 부담스러움을 표현하지 않는 것	<분류>0</분류> <판단>해야 한다</판단>
[도덕_문장]: 거래처에 제출한 견적서에서 단가를 잘못 기입해 회사에 금전적 손해를 끼칠 수 있게 되어 사장님께 사실을 말해야 할지 숨겨야 할지 고민했다. 이런 상황일 때, 업무 중 발생한 문제의 책임을 회피하지 않고 솔직하게 사실을 전달하는 것	<분류>1</분류> <판단>해야 한다</판단>
[도덕_문장]: 거래처에 제출한 견적서에서 단가를 잘못 기입해 회사에 금전적 손해를 끼칠 수 있게 되어 사장님께 사실을 말해야 할지 숨겨야 할지 고민했다. 이러한 상황에서, 직원이 직무에 대한 책임감을 가지고 업무를 수행하는 것	<분류>1</분류> <판단>해야 한다</판단>
[도덕_문장]: 거래처에 제출한 견적서에서 단가를 잘못 기입해 회사에 금전적 손해를 끼칠 수 있게 되어 사장님께 사실을 말해야 할지 숨겨야 할지 고민했다. 이럴 때, 직원이 자신의 실수를 인정하고 사과하는 것	<분류>1</분류> <판단>좋다</판단>
[도덕_문장]: 거래처에 제출한 견적서에서 단가를 잘못 기입해 회사에 금전적 손해를 끼칠 수 있게 되어 사장님께 사실을 말해야 할지 숨겨야 할지 고민했다. 이런 경우에, 회사의 금전적 손해를 우려한 사실을 숨기지 않고 신속하게 사실을 고지하는 것	<분류>1</분류> <판단>바람직하다</판단>
[도덕_문장]: 거래처에 제출한 견적서에서 단가를 잘못 기입해 회사에 금전적 손해를 끼칠 수 있게 되어 사장님께 사실을 말해야 할지 숨겨야 할지 고민했다. 이런 상황일 때, 잘못을 알게 된 직원이 즉시 사실을 전달하고 수습방안을 제시하는 것	<분류>1</분류> <판단>바람직하다</판단>
[도덕_문장]: 거래처에 제출한 견적서에서 단가를 잘못 기입해 회사에 금전적 손해를 끼칠 수 있게 되어 사장님께 사실을 말해야 할지 숨겨야 할지 고민했다. 이런 상황에서, 기업 내에서 자신이 한 일에 책임을 지는 것	<분류>1</분류> <판단>좋다</판단>
[도덕_문장]: 딸아이 생일에 산타 분장을 해서 깜짝 선물을 주려고 했는데 아이가 무서워하며 울어서 계속 산타 역할을 해야 할지 그만둬야 할지 당황스러웠다. 이처럼, 아이가 무서워하는 모습을 보았을 때 즉시 선물을 중단하는 것	<분류>1</분류> <판단>좋다</판단>
[도덕_문장]: 딸아이 생일에 산타 분장을 해서 깜짝 선물을 주려고 했는데 아이가 무서워하며 울어서 계속 산타 역할을 해야 할지 그만둬야 할지 당황스러웠다. 이처럼, 아이가 무서워할 때 부모가 이해심과 배려를 하는 것	<분류>1</분류> <판단>필요하다</판단>
[도덕_문장]: 딸아이 생일에 산타 분장을 해서 깜짝 선물을 주려고 했는데 아이가 무서워하며 울어서 계속 산타 역할을 해야 할지 그만둬야 할지 당황스러웠다. 이럴 때, 다른 사람의 감정을 고려하지 않고 자신의 의도를 고집하는 것	<분류>-1</분류> <판단>적절하지 않다</판단>
[도덕_문장]: 딸아이 생일에 산타 분장을 해서 깜짝 선물을 주려고 했는데 아이가 무서워하며 울어서 계속 산타 역할을 해야 할지 그만둬야 할지 당황스러웠다. 이러한 상황에서, 아이의 감정을 존중하는 것	<분류>1</분류> <판단>좋다</판단>
[도덕_문장]: 딸아이 생일에 산타 분장을 해서 깜짝 선물을 주려고 했는데 아이가 무서워하며 울어서 계속 산타 역할을 해야 할지 그만둬야 할지 당황스러웠다. 이처럼, 부모가 아이가 무서워하는 상황을 인지하고 아이를 안정시키는 것	<분류>1</분류> <판단>바람직하다</판단>
[도덕_문장]: 헬스장에서 근육통이 심해 운동을 쉬고 싶었지만, 트레이너가 매일 응원해주고 몸이 좋아지는 게 보여서 무리하며 하루 2시간씩 계속 운동했다. 이런 경우에, 운동을 지도하는 사람이 무리한 운동을 강요하는 것	<분류>-1</분류> <판단>안 되다</판단>
[도덕_문장]: 친한 후배가 전공 시험에서 커닝을 해서 좋은 성적을 받았다고 고백했는데, 불법 행위를 지적해야 할지 친한 관계를 고려해 넘어가야 할지 고민이 되었다. 이런 상황에서, 시험에서 커닝을 하는 것	<분류>-1</분류> <판단>하지 말아야 한다</판단>
[도덕_문장]: 온라인 강의를 3시간 동안 집중해서 들어야 하는데 자꾸 졸음이 와서 멈추고 다시 듣기를 반복하니 스스로가 한심하게 느껴졌다. 이처럼, 강의를 들을 때 집중하지 않고 반복해서 듣는 것	<분류>-1</분류> <판단>바람직하지 않다</판단>
[도덕_문장]: 온라인 강의를 3시간 동안 집중해서 들어야 하는데 자꾸 졸음이 와서 멈추고 다시 듣기를 반복하니 스스로가 한심하게 느껴졌다. 이럴 때, 과도하게 힘들다면 학습을 중단을 고려하는 것	<분류>0</분류> <판단>옳다</판단>
[도덕_문장]: 온라인 강의를 3시간 동안 집중해서 들어야 하는데 자꾸 졸음이 와서 멈추고 다시 듣기를 반복하니 스스로가 한심하게 느껴졌다. 이럴 때, 공부를 하면서 잠깐 쉬는 시간을 가지는 것	<분류>0</분류> <판단>괜찮다</판단>
[도덕_문장]: 코로나 후유증으로 인한 알레르기성 기침 때문에 공공장소에서 사람들의 시선과 오해를 받을까 봐 두려워서 강의실에서 기침이 심해지자 수업을 중단하고 뛰어나왔다. 이렇게, 공공장소에서 기침이 심한 경우 즉시 자리를 이동하거나 수업을 중단하는 것	<분류>0</분류> <판단>적절하다</판단>
[도덕_문장]: 코로나 후유증으로 인한 알레르기성 기침 때문에 공공장소에서 사람들의 시선과 오해를 받을까 봐 두려워서 강의실에서 기침이 심해지자 수업을 중단하고 뛰어나왔다. 이러한 상황에서, 타인에게 피해를 주지 않고 개인적인 건강 문제에 집중하는 것	<분류>0</분류> <판단>정당하다</판단>
[도덕_문장]: 코로나 후유증으로 인한 알레르기성 기침 때문에 공공장소에서 사람들의 시선과 오해를 받을까 봐 두려워서 강의실에서 기침이 심해지자 수업을 중단하고 뛰어나왔다. 이렇게, 건강상의 이유로 수업을 중단했을 때 이해해주는 것	<분류>1</분류> <판단>해야 한다</판단>
[도덕_문장]: 코로나 후유증으로 인한 알레르기성 기침 때문에 공공장소에서 사람들의 시선과 오해를 받을까 봐 두려워서 강의실에서 기침이 심해지자 수업을 중단하고 뛰어나왔다. 이러한 상황에서, 기침으로 인해 불편하더라도 다른 사람들을 불편하게 하지 않고 자기 관리를 하는 것	<분류>0</분류> <판단>해야 한다</판단>
[도덕_문장]: 양치를 열심히 해도 치아가 누런 것이 스트레스였는데, 친구가 병원 미백 치료를 권했지만 비용 부담 때문에 민간요법으로 해결하고 싶어 망설였다. 이런 상황에서, 자신의 금전적 여유를 고려하여 치료 방법을 선택하는 것	<분류>1</분류> <판단>옳다</판단>
[도덕_문장]: 학교에서 동안으로 유명한 교수님을 같은 과 친구로 착각하고 반말로 말을 걸었는데, 교수님이 웃으면서 넘어가 주셔서 다행이었지만 학기 초에 찍힐까 봐 걱정되었다. 이렇게, 공식적인 상황에서 상황을 파악하지 못한 채 반말을 하는 것	<분류>-1</분류> <판단>바람직하지 않다</판단>
[도덕_문장]: 관심 있는 남자 동료가 우연히 내 성형 전 사진을 본 것을 알게 되어 호감도가 떨어질까 봐 걱정했지만, 그가 자연스럽게 받아들이는 모습을 보고 안도했다. 이런 경우에, 개인적인 취향이나 사생활을 존중하는 것	<분류>1</분류> <판단>필요하다</판단>
[도덕_문장]: 관심 있는 남자 동료가 우연히 내 성형 전 사진을 본 것을 알게 되어 호감도가 떨어질까 봐 걱정했지만, 그가 자연스럽게 받아들이는 모습을 보고 안도했다. 이러한 상황에서, 관심 있는 이성의 개인적인 사진을 무단으로 확인하는 것	<분류>-1</분류> <판단>옳지 않다</판단>
[도덕_문장]: 관심 있는 남자 동료가 우연히 내 성형 전 사진을 본 것을 알게 되어 호감도가 떨어질까 봐 걱정했지만, 그가 자연스럽게 받아들이는 모습을 보고 안도했다. 이럴 때, 타인의 개인사에 대해 함부로 말하지 않는 것	<분류>1</분류> <판단>바람직하다</판단>
[도덕_문장]: 딸이 취업을 못해서 속상한데 친척들이 자꾸 물어보면 얼버무리게 되고, 다른 집 자녀 취업 소식을 들으면 신경 쓰이지만 딸에게는 직접 묻지 못하겠다. 이렇게, 부모가 자식에게 민감한 질문을 피하거나 회피할 때 충분히 이해하는 것	<분류>1</분류> <판단>좋다</판단>
[도덕_문장]: 아이가 유치원에 가기 싫다며 아파트 입구에서 크게 울어서 주변 사람들이 모두 쳐다보는 상황에서 체면이 깎이는 것 같아 창피했지만 아이의 마음을 달래야 하는 딜레마에 빠졌다. 이처럼, 아이에게 유치원에 가야 한다고 이야기할 때 아이의 마음도 고려하는 것	<분류>1</분류> <판단>해야 한다</판단>
[도덕_문장]: 아이가 유치원에 가기 싫다며 아파트 입구에서 크게 울어서 주변 사람들이 모두 쳐다보는 상황에서 체면이 깎이는 것 같아 창피했지만 아이의 마음을 달래야 하는 딜레마에 빠졌다. 이런 상황일 때, 부모님이 아이에게 위로해주는 것	<분류>1</분류> <판단>해야 한다</판단>
[도덕_문장]: 아이가 유치원에 가기 싫다며 아파트 입구에서 크게 울어서 주변 사람들이 모두 쳐다보는 상황에서 체면이 깎이는 것 같아 창피했지만 아이의 마음을 달래야 하는 딜레마에 빠졌다. 이렇게, 자녀가 사회 생활에 어려움을 겪을 때 자녀의 기분을 살피고 공감해주는 것	<분류>1</분류> <판단>바람직하다</판단>
[도덕_문장]: 아이가 유치원에 가기 싫다며 아파트 입구에서 크게 울어서 주변 사람들이 모두 쳐다보는 상황에서 체면이 깎이는 것 같아 창피했지만 아이의 마음을 달래야 하는 딜레마에 빠졌다. 이런 경우에, 아이가 불편함을 표현하는 것	<분류>0</분류> <판단>괜찮다</판단>
[도덕_문장]: 아이가 유치원에 가기 싫다며 아파트 입구에서 크게 울어서 주변 사람들이 모두 쳐다보는 상황에서 체면이 깎이는 것 같아 창피했지만 아이의 마음을 달래야 하는 딜레마에 빠졌다. 이렇게, 아이가 유치원 가기 싫다고 해서 체면이 깎이는 일이 있더라도 아이가 감정적으로 행동하는 상황에서는 차분하게 아이의 마음을 안정시키는 것	<분류>1</분류> <판단>필요하다</판단>
[도덕_문장]: 아이가 유치원에 가기 싫다며 아파트 입구에서 크게 울어서 주변 사람들이 모두 쳐다보는 상황에서 체면이 깎이는 것 같아 창피했지만 아이의 마음을 달래야 하는 딜레마에 빠졌다. 이런 경우에, 아이의 감정을 존중하며 공감해주는 것	<분류>1</분류> <판단>바람직하다</판단>
[도덕_문장]: 친구 결혼식에 갔는데 헤어진 지 한 달밖에 안 된 전 남자친구가 있어서 당황스럽고 사람들 시선이 신경 쓰였지만 친구를 위해 끝까지 자리를 지켰다. 이러한 상황에서, 결혼식에서 손님으로서 예의를 지키는 것	<분류>1</분류> <판단>좋다</판단>
[도덕_문장]: 친구 결혼식에 갔는데 헤어진 지 한 달밖에 안 된 전 남자친구가 있어서 당황스럽고 사람들 시선이 신경 쓰였지만 친구를 위해 끝까지 자리를 지켰다. 이러한 상황에서, 친구의 결혼식에서 예의를 지키고 함께 축하해 주는 것	<분류>1</분류> <판단>바람직하다</판단>
[도덕_문장]: 친구 결혼식에 갔는데 헤어진 지 한 달밖에 안 된 전 남자친구가 있어서 당황스럽고 사람들 시선이 신경 쓰였지만 친구를 위해 끝까지 자리를 지켰다. 이러한 상황에서, 관계가 끝난 지 한 달 만에 친구 결혼식에 가는 친구의 입장을 배려하는 것	<분류>1</분류> <판단>해야 한다</판단>
[도덕_문장]: 친구 결혼식에 갔는데 헤어진 지 한 달밖에 안 된 전 남자친구가 있어서 당황스럽고 사람들 시선이 신경 쓰였지만 친구를 위해 끝까지 자리를 지켰다. 이런 상황에서, 친구와 헤어졌더라도 친구의 결혼을 축복하는 것	<분류>1</분류> <판단>해야 한다</판단>
[도덕_문장]: 친구 결혼식에 갔는데 헤어진 지 한 달밖에 안 된 전 남자친구가 있어서 당황스럽고 사람들 시선이 신경 쓰였지만 친구를 위해 끝까지 자리를 지켰다. 이럴 때, 결혼식에 친구의 전 연인을 보는 것	<분류>1</분류> <판단>불편할 수 있다</판단>
[도덕_문장]: 친구 결혼식에 갔는데 헤어진 지 한 달밖에 안 된 전 남자친구가 있어서 당황스럽고 사람들 시선이 신경 쓰였지만 친구를 위해 끝까지 자리를 지켰다. 이럴 때, 결혼식에서 친구를 주인공으로 존중하는 것	<분류>1</분류> <판단>해야 한다</판단>
[도덕_문장]: 친구 결혼식에 갔는데 헤어진 지 한 달밖에 안 된 전 남자친구가 있어서 당황스럽고 사람들 시선이 신경 쓰였지만 친구를 위해 끝까지 자리를 지켰다. 이처럼, 결혼식 등 공식 행사에서 개인적인 감정이나 상황을 지나치게 표출하지 않고 공식적인 축하의 말과 행동으로 참여하는 것	<분류>1</분류> <판단>좋다</판단>
[도덕_문장]: 강아지가 산책 중에 지나가는 사람들에게 크게 짖어서 민폐가 될까 봐 늦은 밤에만 산책을 시키는데, 밤에 짖으면 또 사람들을 깨울까 봐 걱정되어 어떻게 해야 할지 모르겠다. 이런 상황일 때, 밤에 큰소리로 짖는 강아지를 데리고 산책하는 것	<분류>-1</분류> <판단>바람직하지 않다</판단>
[도덕_문장]: 강아지가 산책 중에 지나가는 사람들에게 크게 짖어서 민폐가 될까 봐 늦은 밤에만 산책을 시키는데, 밤에 짖으면 또 사람들을 깨울까 봐 걱정되어 어떻게 해야 할지 모르겠다. 이러한 상황에서, 동물을 관리하는 것	<분류>1</분류> <판단>해야 한다</판단>
[도덕_문장]: 강아지가 산책 중에 지나가는 사람들에게 크게 짖어서 민폐가 될까 봐 늦은 밤에만 산책을 시키는데, 밤에 짖으면 또 사람들을 깨울까 봐 걱정되어 어떻게 해야 할지 모르겠다. 이런 상황일 때, 자신과 타인의 안전과 편안함을 고려해 개를 훈련하는 것	<분류>1</분류> <판단>바람직하다</판단>
[도덕_문장]: 강아지가 산책 중에 지나가는 사람들에게 크게 짖어서 민폐가 될까 봐 늦은 밤에만 산책을 시키는데, 밤에 짖으면 또 사람들을 깨울까 봐 걱정되어 어떻게 해야 할지 모르겠다. 이런 상황에서, 산책을 주변 사람들에게 피해가 가지 않는 시간대에 진행하는 것	<분류>1</분류> <판단>바람직하다</판단>
[도덕_문장]: 무릎이 아파서 운동을 중단해야 할 정도인데 퇴행성 관절염일까 봐 걱정되지만 병원에 가기는 두려워서 계속 미루고 있다. 이러한 상황에서, 질병을 확인할 필요 없이 미루기만 하는 것	<분류>-1</분류> <판단>옳지 않다</판단>
[도덕_문장]: 정기적으로 받던 치과 스케일링 예약을 깜빡 잊어버린 것을 친구에게 털어놓으며 갱년기 때문인지 기억력이 나빠져서 앞으로 더 큰 일을 잊을까 봐 걱정된다고 했다. 이런 상황에서, 가족이나 친구에게 신체적 변화로 인한 불편함이나 실수를 털어놓는 것	<분류>1</분류> <판단>바람직하다</판단>
[도덕_문장]: 아내가 데이트에서 찢어진 청바지를 입고 나와서 당황스러웠지만, 상처를 줄까 봐 아무 말도 하지 못했다. 이렇게, 연인이 상대방의 옷을 지적할 때 조심스럽게 말하는 것	<분류>1</분류> <판단>해야 한다</판단>
[도덕_문장]: 아내가 데이트에서 찢어진 청바지를 입고 나와서 당황스러웠지만, 상처를 줄까 봐 아무 말도 하지 못했다. 이처럼, 배우자의 옷차림에 대해 비판적인 평가를 할 때 상대방이 상처를 받지 않도록 주의하는 것	<분류>1</분류> <판단>바람직하다</판단>
[도덕_문장]: 처음 혼자 여행을 가는데 버스표를 잃어버려서 당황했지만, 친구가 긍정적으로 생각하라고 조언해줘서 마음을 다잡을 수 있었다. 이렇게, 여행 중 예상치 못한 상황이 발생할 경우 이를 긍정적으로 받아들이는 것	<분류>1</분류> <판단>바람직하다</판단>
[도덕_문장]: 처음 혼자 여행을 가는데 버스표를 잃어버려서 당황했지만, 친구가 긍정적으로 생각하라고 조언해줘서 마음을 다잡을 수 있었다. 이처럼, 친구에게 상황을 긍정적으로 이끌 수 있는 방향으로 조언해 주는 것	<분류>1</분류> <판단>좋다</판단>
[도덕_문장]: 이사하면서 에어컨 리모컨을 잃어버렸는데 남편이 덤벙거린다고 핀잔을 주어서 나 자신이 한심하게 느껴졌다. 이럴 때, 배우자에게 부정적 표현을 하는 것	<분류>-1</분류> <판단>바람직하지 않다</판단>
[도덕_문장]: 온라인으로 산 원피스가 생각보다 커서 환불하고 싶었지만 환불 부담금이 비싸고, 수선비용도 옷값에 육박해서 어떤 선택을 해야 할지 고민했다. 이렇게, 쇼핑 후 옷이 마음에 들지 않을 경우 상황을 꼼꼼히 확인하고, 가능한 선택지를 충분히 고민하는 것	<분류>1</분류> <판단>바람직하다</판단>
[도덕_문장]: 복학한 지 얼마 안 되어 이전 학기 내용을 기억하지 못하는데, 교수님이 갑자기 질문하셔서 모른다고 답할지 아는 척할지 당황스러웠다. 이렇게, 수업에서 질문을 받았을 때 아는 척 하지 않고 모르는 것은 모른다고 답하는 것	<분류>1</분류> <판단>좋다</판단>
[도덕_문장]: 복학한 지 얼마 안 되어 이전 학기 내용을 기억하지 못하는데, 교수님이 갑자기 질문하셔서 모른다고 답할지 아는 척할지 당황스러웠다. 이렇게, 학생이 질문을 제대로 이해하지 못했을 때 잠시 시간을 주는 것	<분류>1</분류> <판단>좋다</판단>
[도덕_문장]: 복학한 지 얼마 안 되어 이전 학기 내용을 기억하지 못하는데, 교수님이 갑자기 질문하셔서 모른다고 답할지 아는 척할지 당황스러웠다. 이러한 상황에서, 학생이 모르는 것을 아는 척 하는 것	<분류>0</분류> <판단>필요 없다</판단>
[도덕_문장]: 복학한 지 얼마 안 되어 이전 학기 내용을 기억하지 못하는데, 교수님이 갑자기 질문하셔서 모른다고 답할지 아는 척할지 당황스러웠다. 이런 경우에, 모르는 것을 답변하려고 아는 척 하는 것	<분류>-1</분류> <판단>옳지 않다</판단>
[도덕_문장]: 복학한 지 얼마 안 되어 이전 학기 내용을 기억하지 못하는데, 교수님이 갑자기 질문하셔서 모른다고 답할지 아는 척할지 당황스러웠다. 이런 상황에서, 수업 중에 이해가 안 되는 질문을 질문해주는 것	<분류>1</분류> <판단>좋다</판단>
[도덕_문장]: 깔끔한 환경에서 일해야 집중이 되어서 옆자리 동료 책상까지 정리해줬는데, 동료가 이상한 시선으로 쳐다봐서 내가 결벽증 환자로 보이는 건 아닌지 당황스러웠다. 이런 상황일 때, 주변 사람들에게 불편을 느끼게 하는 시선을 보내는 것	<분류>-1</분류> <판단>옳지 않다</판단>
[도덕_문장]: 십년지기 친구와 함께 도자기 원데이 클래스에 참여했는데 친구가 나보다 훨씬 잘 만들어서 열등감에 사로잡혀 표정 관리가 안 되었지만 친구에게 솔직하게 말해야 할지 고민했다. 이런 상황일 때, 친구와의 감정적 갈등을 대화로 풀어나가는 것	<분류>1</분류> <판단>해야 한다</판단>
[도덕_문장]: 십년지기 친구와 함께 도자기 원데이 클래스에 참여했는데 친구가 나보다 훨씬 잘 만들어서 열등감에 사로잡혀 표정 관리가 안 되었지만 친구에게 솔직하게 말해야 할지 고민했다. 이럴 때, 타인의 능력을 인정하지 않고 열등감을 가지는 것	<분류>0</분류> <판단>바람직하지 않다</판단>
[도덕_문장]: 술을 마신 다음 날 얼굴이 늙어 보여서 사람들 시선이 신경 쓰이는데, 이런 외모에 대한 걱정을 하는 내 자신이 한심하게 느껴져서 고민이다. 이런 상황일 때, 건강을 위해 적당한 음주량을 지키고 다음날 숙취 해소를 위해 충분한 휴식을 취하는 것	<분류>1</분류> <판단>중요하다</판단>
[도덕_문장]: 여자친구가 갑자기 당분간 만나지 말자고 했는데 이유를 말해주지 않아서 계속 전화를 걸고 집으로 찾아가고 싶었지만 그러면 더 피할 것 같아 참았다. 이러한 상황에서, 상대의 심리 상태를 고려해 관계를 유지하는 것	<분류>1</분류> <판단>옳다.</판단>
[도덕_문장]: 여자친구가 갑자기 당분간 만나지 말자고 했는데 이유를 말해주지 않아서 계속 전화를 걸고 집으로 찾아가고 싶었지만 그러면 더 피할 것 같아 참았다. 이런 상황에서, 상대방의 연락에 대해 불편함을 표현하거나 잠시 거리를 두는 것	<분류>0</분류> <판단>좋다</판단>
[도덕_문장]: 친구가 영화를 보는 내내 내 향수 냄새 때문에 코를 막고 이상한 냄새가 난다고 해서 상처받았지만, 오래된 친구라서 절교할지 아니면 솔직하게 기분이 상했다고 말할지 고민했다. 이렇게, 친한 친구에게 불쾌감을 주는 행동을 지속적으로 하는 경우 진솔한 대화를 요구하는 것	<분류>1</분류> <판단>좋다.</판단>
[도덕_문장]: 친구가 영화를 보는 내내 내 향수 냄새 때문에 코를 막고 이상한 냄새가 난다고 해서 상처받았지만, 오래된 친구라서 절교할지 아니면 솔직하게 기분이 상했다고 말할지 고민했다. 이처럼, 친구와 다투었을 때 서로의 입장을 존중하면서 대화로 문제를 해결하는 것	<분류>1</분류> <판단>좋다</판단>
[도덕_문장]: 친구가 영화를 보는 내내 내 향수 냄새 때문에 코를 막고 이상한 냄새가 난다고 해서 상처받았지만, 오래된 친구라서 절교할지 아니면 솔직하게 기분이 상했다고 말할지 고민했다. 이처럼, 친구가 실수했을 때 상황을 악화시키지 않고 솔직하게 말하는 것	<분류>1</분류> <판단>좋다</판단>
[도덕_문장]: 친구가 영화를 보는 내내 내 향수 냄새 때문에 코를 막고 이상한 냄새가 난다고 해서 상처받았지만, 오래된 친구라서 절교할지 아니면 솔직하게 기분이 상했다고 말할지 고민했다. 이런 상황에서, 친구와의 관계에서 상대방의 감정을 존중하는 것	<분류>1</분류> <판단>중요하다</판단>
[도덕_문장]: 친구가 영화를 보는 내내 내 향수 냄새 때문에 코를 막고 이상한 냄새가 난다고 해서 상처받았지만, 오래된 친구라서 절교할지 아니면 솔직하게 기분이 상했다고 말할지 고민했다. 이렇게, 친구 사이에서 서로의 불쾌감이 발생했을 때 대화를 통해 상대방을 이해하려고 노력하는 것	<분류>1</분류> <판단>해야 한다</판단>
[도덕_문장]: 시부모님께 처음으로 요리를 대접하는 날인데 공휴일이라 시든 상추밖에 구할 수 없어서 미리 준비하지 못한 자신을 자책하며 시부모님께 실망을 드릴까 봐 걱정했다. 이처럼, 처음 초대하는 자리에서 상황을 고려해 노력하는 모습을 보여주는 것	<분류>1</분류> <판단>옳다</판단>
[도덕_문장]: 남편 생일을 깜빡했는데 시어머니가 미역국 끓여서 먹이고 출근시켰냐고 물어보셔서 거짓말로 넘어갈까 솔직하게 말할까 고민했다. 이런 상황일 때, 가족 구성원의 생일을 챙기지 못한 화자를 걱정해주는 것	<분류>1</분류> <판단>좋다</판단>
[도덕_문장]: 친구들과의 소중한 월례 모임이 있는데 갑작스러운 장기 출장으로 참석하지 못하게 되어 회사 일을 우선해야 할지 친구들과의 약속을 지켜야 할지 고민했다. 이런 경우에, 친구들에게 사정을 양해 구하고 다음에 만날 약속을 하는 것	<분류>1</분류> <판단>좋다</판단>
[도덕_문장]: 친구들과의 소중한 월례 모임이 있는데 갑작스러운 장기 출장으로 참석하지 못하게 되어 회사 일을 우선해야 할지 친구들과의 약속을 지켜야 할지 고민했다. 이처럼, 친구와의 모임이 있을 때 우선순위를 정하고 그에 따른 상황을 설명하는 것	<분류>1</분류> <판단>바람직하다</판단>
[도덕_문장]: 친구들과의 소중한 월례 모임이 있는데 갑작스러운 장기 출장으로 참석하지 못하게 되어 회사 일을 우선해야 할지 친구들과의 약속을 지켜야 할지 고민했다. 이런 경우에, 친구들에게 사전에 참석 여부를 명확히 밝히는 것	<분류>1</분류> <판단>좋다</판단>
[도덕_문장]: 수업 시간마다 화장실에 가야 하는데 친구들이 나를 이상하게 볼까 봐 걱정되어 화장실 가는 것을 참을지 고민했다. 이런 상황일 때, 자신의 건강을 이유로 수업에 방해가 되지 않도록 조치를 요청하는 것	<분류>1</분류> <판단>할 수 있다</판단>
[도덕_문장]: 내가 새로 산 화장품을 거실 테이블에 올려뒀는데 엄마가 본인께 드리는 선물인 줄 알고 크게 기뻐하셔서 사실을 말씀드려야 할지 고민했다. 이렇게, 가족들의 오해가 발생했을 때 바로 사실을 알리는 것	<분류>1</분류> <판단>해야 한다</판단>
[도덕_문장]: 내가 새로 산 화장품을 거실 테이블에 올려뒀는데 엄마가 본인께 드리는 선물인 줄 알고 크게 기뻐하셔서 사실을 말씀드려야 할지 고민했다. 이렇게, 타인의 물건이 자신의 것이라고 오해할 경우 상대방에게 물어보는 것	<분류>1</분류> <판단>옳다</판단>
[도덕_문장]: 내가 새로 산 화장품을 거실 테이블에 올려뒀는데 엄마가 본인께 드리는 선물인 줄 알고 크게 기뻐하셔서 사실을 말씀드려야 할지 고민했다. 이렇게, 가족이 실수로 자신의 것을 착각하여 오해를 받았을 때 사실대로 이야기하는 것	<분류>1</분류> <판단>해야 한다</판단>
[도덕_문장]: 내가 새로 산 화장품을 거실 테이블에 올려뒀는데 엄마가 본인께 드리는 선물인 줄 알고 크게 기뻐하셔서 사실을 말씀드려야 할지 고민했다. 이처럼, 자신의 실수를 인정하고 상황을 설명하는 것	<분류>1</분류> <판단>좋다</판단>
[도덕_문장]: 내가 새로 산 화장품을 거실 테이블에 올려뒀는데 엄마가 본인께 드리는 선물인 줄 알고 크게 기뻐하셔서 사실을 말씀드려야 할지 고민했다. 이런 상황일 때, 선물에 대한 오해를 사실대로 이야기해 주는 것	<분류>1</분류> <판단>좋다</판단>
[도덕_문장]: 내가 새로 산 화장품을 거실 테이블에 올려뒀는데 엄마가 본인께 드리는 선물인 줄 알고 크게 기뻐하셔서 사실을 말씀드려야 할지 고민했다. 이러한 상황에서, 선물에서 주는 사람이 누구인지 정확하게 확인해 주는 것	<분류>1</분류> <판단>옳다</판단>
[도덕_문장]: 과제를 하다가 정전으로 컴퓨터가 꺼져서 두 시간 동안 작업한 내용이 모두 사라졌는데, 중간에 저장할 기회가 많았음에도 하지 않은 자신이 한심해서 자책하고 있다. 이러한 상황에서, 중요한 작업 중에 자주 저장하는 것	<분류>1</분류> <판단>필요하다</판단>
[도덕_문장]: 과제를 하다가 정전으로 컴퓨터가 꺼져서 두 시간 동안 작업한 내용이 모두 사라졌는데, 중간에 저장할 기회가 많았음에도 하지 않은 자신이 한심해서 자책하고 있다. 이런 상황에서, 실수의 원인을 인지하고 향후 방지를 위해 개선하려는 노력을 하는 것	<분류>1</분류> <판단>바람직하다</판단>
[도덕_문장]: 과제를 하다가 정전으로 컴퓨터가 꺼져서 두 시간 동안 작업한 내용이 모두 사라졌는데, 중간에 저장할 기회가 많았음에도 하지 않은 자신이 한심해서 자책하고 있다. 이럴 때, 자신의 잘못에 대해 성찰하고 반성하는 것	<분류>1</분류> <판단>바람직하다</판단>
[도덕_문장]: 여자친구 부모님과의 장거리 여행에서 피곤해서 운전하기 힘든 상황이지만 좋은 인상을 주기 위해 솔직하게 말하지 못하고 억지로 운전을 하려고 했다. 이럴 때, 가족의 약속을 무리하게 이행하려 하는 것	<분류>-1</분류> <판단>좋지 않다</판단>
[도덕_문장]: 친구가 추천해준 오페라를 보고 왔는데 이탈리아어로 진행되어 전혀 이해하지 못했지만, 친구와 대화할 때 이해했다고 거짓말을 할지 솔직하게 말할지 고민했다. 이런 경우에, 친구에게 오페라에 대한 자신의 생각과 느낌을 솔직하게 이야기하는 것	<분류>1</분류> <판단>바람직하다</판단>
[도덕_문장]: 친구가 추천해준 오페라를 보고 왔는데 이탈리아어로 진행되어 전혀 이해하지 못했지만, 친구와 대화할 때 이해했다고 거짓말을 할지 솔직하게 말할지 고민했다. 이런 상황에서, 친구에게 이해하지 못한 내용에 대해 솔직하게 말하는 것	<분류>1</분류> <판단>좋다</판단>
[도덕_문장]: 친구가 추천해준 오페라를 보고 왔는데 이탈리아어로 진행되어 전혀 이해하지 못했지만, 친구와 대화할 때 이해했다고 거짓말을 할지 솔직하게 말할지 고민했다. 이런 경우에, 약속한 만남에서 서로 오해가 생기지 않도록 솔직하게 대화하는 것	<분류>1</분류> <판단>바람직하다</판단>
[도덕_문장]: 여자친구와 데이트 중에 실수로 전 여자친구 이름을 불러서 당황스럽고 죄책감이 들었지만, 진심으로 사과했는데도 마음이 계속 불편했다. 이처럼, 실수로 불편한 상황을 일으켰을 때 진심으로 사과하는 것	<분류>1</분류> <판단>옳다</판단>
[도덕_문장]: 여자친구와 데이트 중에 실수로 전 여자친구 이름을 불러서 당황스럽고 죄책감이 들었지만, 진심으로 사과했는데도 마음이 계속 불편했다. 이처럼, 연인 사이에서 오해나 실수가 발생했을 때 상대방의 진심을 받아들이는 것	<분류>1</분류> <판단>좋다</판단>
[도덕_문장]: 여자친구와 데이트 중에 실수로 전 여자친구 이름을 불러서 당황스럽고 죄책감이 들었지만, 진심으로 사과했는데도 마음이 계속 불편했다. 이렇게, 상대방이 실수를 진심으로 사과할 때 이를 진심으로 받아들이는 것	<분류>1</분류> <판단>해야 한다</판단>
[도덕_문장]: 여자친구와 데이트 중에 실수로 전 여자친구 이름을 불러서 당황스럽고 죄책감이 들었지만, 진심으로 사과했는데도 마음이 계속 불편했다. 이런 상황에서, 데이트 상대의 과거에 대해 이해해 주는 것	<분류>1</분류> <판단>좋다</판단>
[도덕_문장]: 엄마가 아이돌 팬클럽에 가입하겠다고 하셔서 민망하고 당황스러웠지만, 엄마의 취미생활을 반대할 수도 없어서 결국 팬클럽 가입을 도와드렸다. 이런 상황에서, 자녀가 부모님을 위해 팬클럽 가입을 도와주는 것	<분류>1</분류> <판단>좋다</판단>
[도덕_문장]: 엄마가 아이돌 팬클럽에 가입하겠다고 하셔서 민망하고 당황스러웠지만, 엄마의 취미생활을 반대할 수도 없어서 결국 팬클럽 가입을 도와드렸다. 이런 경우에, 자녀가 부모님을 걱정하는 마음을 이해하고 표현하는 것	<분류>1</분류> <판단>해야 한다</판단>
[도덕_문장]: 엄마가 아이돌 팬클럽에 가입하겠다고 하셔서 민망하고 당황스러웠지만, 엄마의 취미생활을 반대할 수도 없어서 결국 팬클럽 가입을 도와드렸다. 이런 경우에, 자녀가 부모님의 취미생활을 이해하고 존중하는 것	<분류>1</분류> <판단>바람직하다</판단>
[도덕_문장]: 엄마가 아이돌 팬클럽에 가입하겠다고 하셔서 민망하고 당황스러웠지만, 엄마의 취미생활을 반대할 수도 없어서 결국 팬클럽 가입을 도와드렸다. 이런 상황에서, 개인의 취미생활을 존중해주는 것	<분류>1</분류> <판단>옳다</판단>
[도덕_문장]: 엄마가 술 마시는 것을 허락하지 않고 가방 검사와 옷차림 단속을 하는 것이 과하다고 생각하지만, 걱정해서 그러는 엄마 마음도 이해가 되어 집을 나갈지 참을지 고민했다. 이러한 상황에서, 아이의 안전과 성장을 위해 지나치지 않은 범위 내에서 간섭하는 것	<분류>1</분류> <판단>필요한 일이다</판단>
[도덕_문장]: 엄마가 술 마시는 것을 허락하지 않고 가방 검사와 옷차림 단속을 하는 것이 과하다고 생각하지만, 걱정해서 그러는 엄마 마음도 이해가 되어 집을 나갈지 참을지 고민했다. 이처럼, 자녀가 통제를 받아들이는 것이 부담스러울 때 그 이유를 설명해 주는 것	<분류>1</분류> <판단>좋다</판단>
[도덕_문장]: 이직한 회사에서 면접 때 약속했던 연봉과 다른 조건을 제시받아서 대표와 재협상을 해야 할지 아니면 바로 그만두고 다른 회사를 알아봐야 할지 고민했다. 이런 경우에, 회사가 면접에서 제시한 조건과 다르게 일방적으로 조건을 변경하는 것	<분류>-1</분류> <판단>안 되다</판단>
[도덕_문장]: 이직한 회사에서 면접 때 약속했던 연봉과 다른 조건을 제시받아서 대표와 재협상을 해야 할지 아니면 바로 그만두고 다른 회사를 알아봐야 할지 고민했다. 이런 경우에, 면접에서 약속한 조건과 다른 것을 제시하는 것	<분류>-1</분류> <판단>옳지 않다</판단>
[도덕_문장]: 육아로 하루하루가 힘들어 모든 것을 내버리고 도망치고 싶다는 생각이 들지만, 아이의 예쁜 잠든 얼굴을 보면 그런 마음이 사라져서 혼란스럽다. 이런 상황에서, 자신의 어려움이나 어려움에 대한 감정을 회피하지 않고 이해하려 노력하는 것	<분류>1</분류> <판단>해야 한다</판단>
[도덕_문장]: 육아로 하루하루가 힘들어 모든 것을 내버리고 도망치고 싶다는 생각이 들지만, 아이의 예쁜 잠든 얼굴을 보면 그런 마음이 사라져서 혼란스럽다. 이런 경우에, 아이를 돌보는 것	<분류>1</분류> <판단>옳은 행동이다</판단>
[도덕_문장]: 육아로 하루하루가 힘들어 모든 것을 내버리고 도망치고 싶다는 생각이 들지만, 아이의 예쁜 잠든 얼굴을 보면 그런 마음이 사라져서 혼란스럽다. 이런 상황일 때, 육아의 어려움에 대해 대화하고 공감하는 것	<분류>1</분류> <판단>바람직하다</판단>
[도덕_문장]: 육아로 하루하루가 힘들어 모든 것을 내버리고 도망치고 싶다는 생각이 들지만, 아이의 예쁜 잠든 얼굴을 보면 그런 마음이 사라져서 혼란스럽다. 이런 경우에, 육아에서 도움을 받는 것	<분류>1</분류> <판단>좋다</판단>
[도덕_문장]: 회사에서 받는 월급에 비해 과도한 업무량과 개인시간 부족으로 스트레스를 받고 있지만, 부모님처럼 참고 견뎌야 할지 아니면 그만두고 새로운 길을 찾아야 할지 고민이 된다. 이렇게, 직장생활에 만족하지 못하더라도 퇴사를 단정하기보다는 상황을 개선하기 위한 방법을 고민하는 것	<분류>1</분류> <판단>옳다</판단>
[도덕_문장]: 회사에서 받는 월급에 비해 과도한 업무량과 개인시간 부족으로 스트레스를 받고 있지만, 부모님처럼 참고 견뎌야 할지 아니면 그만두고 새로운 길을 찾아야 할지 고민이 된다. 이런 상황에서, 자신의 건강과 개인 시간을 지키는 것	<분류>1</분류> <판단>중요하다</판단>
[도덕_문장]: 직장에서 무례한 고객이 막무가내로 우겨대며 큰 소리를 쳤는데, 내가 잘못한 것이 아님에도 불구하고 상황을 마무리하기 위해 결국 사과를 했다. 이처럼, 상대방의 무례한 행동에 대해 자신의 잘못 여부와 상관없이 정중하게 상황을 정리하는 것	<분류>1</분류> <판단>바람직하다</판단>
[도덕_문장]: 윗집에서 밤늦게 피아노를 쳐서 고3 아이가 공부에 집중하지 못해 몇 번 조심해달라고 말했는데, 윗집 사람이 자기 집이 아니라고 발뺌해서 화가 났지만 좋게 해결하고 싶어 고민이다. 이러한 상황에서, 공동주택에서 이웃의 배려와 불편함을 이해하는 것	<분류>1</분류> <판단>해야 한다</판단>
[도덕_문장]: 윗집에서 밤늦게 피아노를 쳐서 고3 아이가 공부에 집중하지 못해 몇 번 조심해달라고 말했는데, 윗집 사람이 자기 집이 아니라고 발뺌해서 화가 났지만 좋게 해결하고 싶어 고민이다. 이렇게, 이웃과의 갈등을 해결할 때 자신의 입장을 명확하게 전달하고, 감정적이지 않게 합리적인 방식으로 협의점을 찾는 것	<분류>1</분류> <판단>바람직하다</판단>
[도덕_문장]: 윗집에서 밤늦게 피아노를 쳐서 고3 아이가 공부에 집중하지 못해 몇 번 조심해달라고 말했는데, 윗집 사람이 자기 집이 아니라고 발뺌해서 화가 났지만 좋게 해결하고 싶어 고민이다. 이처럼, 이웃 간의 갈등이 발생했을 때 문제 해결을 위한 대화를 시도하는 것	<분류>1</분류> <판단>바람직하다</판단>
[도덕_문장]: 윗집에서 밤늦게 피아노를 쳐서 고3 아이가 공부에 집중하지 못해 몇 번 조심해달라고 말했는데, 윗집 사람이 자기 집이 아니라고 발뺌해서 화가 났지만 좋게 해결하고 싶어 고민이다. 이러한 상황에서, 이웃을 배려하지 않고 계속해서 소음을 유발하는 것	<분류>-1</분류> <판단>바람직하지 않다</판단>
[도덕_문장]: 조카가 내가 아끼던 프라모델을 망가뜨리고도 숨겼는데, 화가 나지만 어린 조카에게 화를 낼 수도 없어서 혼자 속앓이만 했다. 이렇게, 조카를 훈육할 때 조용히 타일르는 것	<분류>1</분류> <판단>좋다</판단>
[도덕_문장]: 동생이 허락 없이 남자친구가 선물해준 새 옷을 입고 나가서 화가 났지만, 오늘 남자친구와 만나기로 한 약속 때문에 어떻게 설명해야 할지 고민되었다. 이런 상황일 때, 타인이 선물한 것을 동의 없이 입는 것	<분류>1</분류> <판단>당사자에게 사과해야 한다</판단>
[도덕_문장]: 다른 차가 내 차를 막고 주차해서 여자친구 생일 약속에 늦게 되었는데, 차주가 회의 중이라 전화를 못 받았다며 택시비만 보내주고 제대로 된 사과를 하지 않아서 화가 났다. 이런 경우에, 타인의 일정에 지장을 주는 것	<분류>-1</분류> <판단>바람직하지 않다</판단>
[도덕_문장]: 머리카락과 손톱이 빨리 자라서 미용실을 자주 가야 하는 것이 화나고 귀찮지만, 키는 잘 안 자라는 현실에 좌절감을 느꼈다. 이런 상황일 때, 외모에 대한 불만을 상대적인 가치로 인정하고, 자신의 외모를 유지하기 위한 노력을 부정적으로 평가하지 않는 태도를 갖는 것	<분류>1</분류> <판단>바람직하다</판단>
[도덕_문장]: 가족들이 미리 말해둔 내 생일을 깜빡 잊어버려서 화가 났는데, 나중에 내가 너무 속 좁은 사람인 것 같아서 자책하게 되었다. 이렇게, 가족들이 미리 생일을 말해둔 것을 깜빡했을 때 이를 이해해주는 것	<분류>1</분류> <판단>좋다</판단>
[도덕_문장]: 가족들이 미리 말해둔 내 생일을 깜빡 잊어버려서 화가 났는데, 나중에 내가 너무 속 좁은 사람인 것 같아서 자책하게 되었다. 이렇게, 가족이 약속한 일을 잊어버렸을 때 너그러운 마음으로 대하는 것	<분류>1</분류> <판단>좋다</판단>
[도덕_문장]: 가족들이 미리 말해둔 내 생일을 깜빡 잊어버려서 화가 났는데, 나중에 내가 너무 속 좁은 사람인 것 같아서 자책하게 되었다. 이러한 상황에서, 화를 내기 전에 상대의 입장을 생각하고 감정을 조절하는 것	<분류>1</분류> <판단>바람직하다</판단>
[도덕_문장]: 가족들이 미리 말해둔 내 생일을 깜빡 잊어버려서 화가 났는데, 나중에 내가 너무 속 좁은 사람인 것 같아서 자책하게 되었다. 이러한 상황에서, 생일을 깜빡 잊는 것	<분류>0</분류> <판단>나쁜 일이 아니다</판단>
[도덕_문장]: 오랜만에 서울에서 친구들을 만나기로 한 날 기차를 놓쳐버렸는데, 생일인 친구를 위해 일찍 가서 축하를 준비하려던 계획이 모두 틀어져서 화가 났지만 이미 지나간 일에 대해 계속 분노할지 마음을 가다듬고 다음 계획을 세울지 고민했다. 이처럼, 약속을 지키지 못할 경우 미리 연락하는 것	<분류>1</분류> <판단>좋다</판단>
[도덕_문장]: 오랜만에 서울에서 친구들을 만나기로 한 날 기차를 놓쳐버렸는데, 생일인 친구를 위해 일찍 가서 축하를 준비하려던 계획이 모두 틀어져서 화가 났지만 이미 지나간 일에 대해 계속 분노할지 마음을 가다듬고 다음 계획을 세울지 고민했다. 이처럼, 타인과 약속을 할 때 책임감을 갖는 것	<분류>1</분류> <판단>좋다</판단>
[도덕_문장]: 오랜만에 서울에서 친구들을 만나기로 한 날 기차를 놓쳐버렸는데, 생일인 친구를 위해 일찍 가서 축하를 준비하려던 계획이 모두 틀어져서 화가 났지만 이미 지나간 일에 대해 계속 분노할지 마음을 가다듬고 다음 계획을 세울지 고민했다. 이렇게, 계획이 틀어졌을 때 감정을 잠시 내려놓고 상황을 차분히 받아들이는 것	<분류>1</분류> <판단>좋다</판단>
[도덕_문장]: 오랜만에 서울에서 친구들을 만나기로 한 날 기차를 놓쳐버렸는데, 생일인 친구를 위해 일찍 가서 축하를 준비하려던 계획이 모두 틀어져서 화가 났지만 이미 지나간 일에 대해 계속 분노할지 마음을 가다듬고 다음 계획을 세울지 고민했다. 이렇게, 계획이 틀어졌을 때 스스로의 잘못을 인정하고 상황을 받아들이는 것	<분류>1</분류> <판단>필요하다</판단>
[도덕_문장]: 오랜만에 서울에서 친구들을 만나기로 한 날 기차를 놓쳐버렸는데, 생일인 친구를 위해 일찍 가서 축하를 준비하려던 계획이 모두 틀어져서 화가 났지만 이미 지나간 일에 대해 계속 분노할지 마음을 가다듬고 다음 계획을 세울지 고민했다. 이처럼, 친구의 실수로 계획이 틀어졌을 때 상황을 차분히 받아들이는 것	<분류>1</분류> <판단>좋다</판단>
[도덕_문장]: 남편이 아이 학원비와 생활비를 아끼려고 하는 것이 현실적으로는 이해되지만, 아이를 위한 투자마저 거부하는 모습에 화가 나서 어떻게 대화해야 할지 고민이 되었다. 이처럼, 가족과 대화할 때 자신의 의견을 정중하게 전달하는 것	<분류>1</분류> <판단>해야 한다</판단>
[도덕_문장]: 남편이 아이 학원비와 생활비를 아끼려고 하는 것이 현실적으로는 이해되지만, 아이를 위한 투자마저 거부하는 모습에 화가 나서 어떻게 대화해야 할지 고민이 되었다. 이렇게, 가족 간 갈등이 있을 때 대화를 통해 이해를 구하는 것	<분류>1</분류> <판단>좋다</판단>
[도덕_문장]: 남편이 사랑한다며 하루 종일 전화로 일정을 확인하고 영상통화로 위치를 체크하는데, 감옥 같다는 생각이 들면서도 사랑의 표현이라고 여겨 참아야 할지 고민했다. 이렇게, 자신의 사생활이 지나치게 침해받는다고 느낄 때 상대방과 대화를 통해 적절한 경계를 설정하는 것	<분류>1</분류> <판단>바람직하다</판단>
[도덕_문장]: 남편이 사랑한다며 하루 종일 전화로 일정을 확인하고 영상통화로 위치를 체크하는데, 감옥 같다는 생각이 들면서도 사랑의 표현이라고 여겨 참아야 할지 고민했다. 이러한 상황에서, 배우자와의 관계에서 과도한 집착이나 통제감을 유지하려는 것	<분류>-1</분류> <판단>바람직하지 않다</판단>
[도덕_문장]: 남편이 사랑한다며 하루 종일 전화로 일정을 확인하고 영상통화로 위치를 체크하는데, 감옥 같다는 생각이 들면서도 사랑의 표현이라고 여겨 참아야 할지 고민했다. 이렇게, 남편이 과도한 집착을 보일 때 이를 개선하도록 요구하는 것	<분류>1</분류> <판단>할 수 있다</판단>
[도덕_문장]: 남편이 사랑한다며 하루 종일 전화로 일정을 확인하고 영상통화로 위치를 체크하는데, 감옥 같다는 생각이 들면서도 사랑의 표현이라고 여겨 참아야 할지 고민했다. 이렇게, 배우자가 과도한 집착을 보일 경우 정서적, 신체적 피해를 입을 위험이 있다면 도움을 요청하거나 적절한 조치를 취하는 것	<분류>1</분류> <판단>바람직하다</판단>
[도덕_문장]: 남편이 매일 술을 마시러 나가서 아이들과 시간을 보내지 않는 것이 화가 나지만, 감정적으로 대응하지 말고 가족이 함께할 수 있는 활동을 제안해야 할지 고민했다. 이러한 상황에서, 가족 간의 문제를 대화로 해결하려 노력하는 것	<분류>1</분류> <판단>바람직하다</판단>
[도덕_문장]: 남편이 매일 술을 마시러 나가서 아이들과 시간을 보내지 않는 것이 화가 나지만, 감정적으로 대응하지 말고 가족이 함께할 수 있는 활동을 제안해야 할지 고민했다. 이런 상황에서, 가족과 함께하는 시간의 중요성을 인지하고 노력하는 것	<분류>1</분류> <판단>바람직하다</판단>
[도덕_문장]: 남편이 매일 술을 마시러 나가서 아이들과 시간을 보내지 않는 것이 화가 나지만, 감정적으로 대응하지 말고 가족이 함께할 수 있는 활동을 제안해야 할지 고민했다. 이런 경우에, 아내와의 가정에 충실하게 행동하는 것	<분류>1</분류> <판단>해야 한다</판단>
[도덕_문장]: 남편이 매일 술을 마시러 나가서 아이들과 시간을 보내지 않는 것이 화가 나지만, 감정적으로 대응하지 말고 가족이 함께할 수 있는 활동을 제안해야 할지 고민했다. 이처럼, 가족이 함께할 수 있는 활동을 제안할 때 아이들의 의견도 함께 고려하는 것	<분류>1</분류> <판단>좋다</판단>
[도덕_문장]: 아내가 갑자기 분리수거를 하지 않아 화가 났지만, 이유를 묻지도 않고 일방적으로 화만 내고 있는 내 모습이 과연 옳은 것인지 고민이 되었다. 이렇게, 배우자가 화냈을 때 일방적으로 몰아세우지 않고 대화로 해결책을 찾는 것	<분류>1</분류> <판단>해야 한다</판단>
[도덕_문장]: 아내가 갑자기 분리수거를 하지 않아 화가 났지만, 이유를 묻지도 않고 일방적으로 화만 내고 있는 내 모습이 과연 옳은 것인지 고민이 되었다. 이처럼, 배우자에게 감정을 표현할 때 상대의 입장과 이유를 먼저 듣는 것	<분류>1</분류> <판단>옳다</판단>
[도덕_문장]: 아내가 갑자기 분리수거를 하지 않아 화가 났지만, 이유를 묻지도 않고 일방적으로 화만 내고 있는 내 모습이 과연 옳은 것인지 고민이 되었다. 이처럼, 배우자의 잘못된 행동을 지적할 때 이유를 물어보며 대화를 시도하는 것	<분류>1</분류> <판단>바람직하다</판단>
[도덕_문장]: 아내가 갑자기 분리수거를 하지 않아 화가 났지만, 이유를 묻지도 않고 일방적으로 화만 내고 있는 내 모습이 과연 옳은 것인지 고민이 되었다. 이러한 상황에서, 분리수거를 하지 않은 아내를 탓하기보다 배려하는 태도를 취하는 것	<분류>1</분류> <판단>바람직하다</판단>
[도덕_문장]: 남편이 함께 여행하자고 해서 따라갔는데 도착하자마자 다른 출장으로 떠나버려 혼자 남게 되었고, 설상가상으로 폭우까지 내려 발이 묶인 상황에서 남편을 원망해야 할지 이해해야 할지 고민했다. 이처럼, 아내의 상황을 고려하지 않고 출장을 감행하는 것	<분류>-1</분류> <판단>옳지 않다</판단>
[도덕_문장]: 남자친구가 항상 바쁘다는 이유로 제대로 된 대화 시간을 갖지 못해 화가 나지만, 처음 좋아했던 그의 열심히 사는 모습 때문에 내가 더 양보해야 할지 고민이 된다. 이런 상황일 때, 서로의 삶의 모습을 인정하고 이해하려 노력하는 것	<분류>1</분류> <판단>좋다</판단>
[도덕_문장]: 남자친구가 항상 바쁘다는 이유로 제대로 된 대화 시간을 갖지 못해 화가 나지만, 처음 좋아했던 그의 열심히 사는 모습 때문에 내가 더 양보해야 할지 고민이 된다. 이처럼, 연인과의 시간적인 어려움을 인지했을 때 솔직하게 말하고 함께 해결책을 찾는 것	<분류>1</분류> <판단>해야 한다</판단>
[도덕_문장]: 윗집에서 밤늦게 피아노를 쳐서 잠을 못 자겠는데, 아이를 키우는 집이라 직접 항의하기는 미안하고 그렇다고 계속 참기도 힘들어서 고민했다. 이렇게, 층간 소음에 대한 갈등을 느낄 때 직접적인 충돌을 피하고 관리자나 주민들과 대화를 시도하는 것	<분류>1</분류> <판단>해야 한다</판단>
[도덕_문장]: 강의가 끝난 후 한 학생이 기초적인 질문을 계속해서 다음 강의 준비 시간을 빼앗고 있는데, 배려 없는 행동에 화가 나면서도 참아주지 못하는 내 모습이 이기적인 것 같아 고민스러웠다. 이런 상황일 때, 강사가 수업의 흐름을 방해하는 학생에게 정중하지만 단호하게 마무리를 요청하는 것	<분류>1</분류> <판단>해야 한다</판단>
[도덕_문장]: 강의가 끝난 후 한 학생이 기초적인 질문을 계속해서 다음 강의 준비 시간을 빼앗고 있는데, 배려 없는 행동에 화가 나면서도 참아주지 못하는 내 모습이 이기적인 것 같아 고민스러웠다. 이처럼, 학업에 집중하고자 하는 분위기 속에서 개인적인 질의응답 시간을 최소화하고 필요한 경우에는 담당자를 통해 연락하는 것	<분류>0</분류> <판단>옳다</판단>
[도덕_문장]: 강의가 끝난 후 한 학생이 기초적인 질문을 계속해서 다음 강의 준비 시간을 빼앗고 있는데, 배려 없는 행동에 화가 나면서도 참아주지 못하는 내 모습이 이기적인 것 같아 고민스러웠다. 이런 경우에, 강의를 방해하는 것	<분류>-1</분류> <판단>안 된다</판단>
[도덕_문장]: 강의가 끝난 후 한 학생이 기초적인 질문을 계속해서 다음 강의 준비 시간을 빼앗고 있는데, 배려 없는 행동에 화가 나면서도 참아주지 못하는 내 모습이 이기적인 것 같아 고민스러웠다. 이러한 상황에서, 수업 중에 다른 사람에게 피해가 가는 행동을 하는 것	<분류>-1</분류> <판단>옳지 않다</판단>
[도덕_문장]: 강의가 끝난 후 한 학생이 기초적인 질문을 계속해서 다음 강의 준비 시간을 빼앗고 있는데, 배려 없는 행동에 화가 나면서도 참아주지 못하는 내 모습이 이기적인 것 같아 고민스러웠다. 이런 상황일 때, 수업 시간에 방해하는 행동을 멈추는 것	<분류>1</분류> <판단>좋다</판단>
[도덕_문장]: 강의가 끝난 후 한 학생이 기초적인 질문을 계속해서 다음 강의 준비 시간을 빼앗고 있는데, 배려 없는 행동에 화가 나면서도 참아주지 못하는 내 모습이 이기적인 것 같아 고민스러웠다. 이런 상황일 때, 수업 시간 외에 다른 학생들의 학습 시간을 방해하지 않도록 행동에 주의하는 것	<분류>1</분류> <판단>해야 한다</판단>
[도덕_문장]: 윗집에서 매일 밤 쿵쿵거리는 소리 때문에 잠을 못 자서 경비실을 통해 연락했지만 아무 응답이 없어서, 직접 찾아가 따지고 싶지만 밤늦은 시간이라 망설여진다. 이런 경우에, 소음 문제로 불편을 겪는 이웃과 대화를 통해 문제를 해결하려는 태도를 가지는 것	<분류>1</분류> <판단>바람직하다</판단>
[도덕_문장]: 집을 팔려고 부동산에 갔는데 직원이 인사도 없이 불친절하게 대하며 안 팔린다는 말만 해서 화가 났지만 다른 곳이 문을 닫아 어쩔 수 없이 그곳에 집을 맡겼다. 이처럼, 집을 팔아야 하는 상황에서 불쾌한 상황이 발생하더라도 감정적으로 대응하기보다 차분하게 상황을 판단하고 대응하는 것	<분류>1</분류> <판단>해야 한다</판단>
[도덕_문장]: 남편이 주말마다 집안일은 전혀 돕지 않고 게임만 하는데, 직접 말하기보다는 눈치로 알아주기를 기다렸지만 결국 참지 못하고 화를 냈다. 이런 상황에서, 가사 노동을 가족 구성원에게 책임을 전가하는 것	<분류>-1</분류> <판단>옳지 않다</판단>
[도덕_문장]: 기름값이 계속 오르는 상황에서 화물 운송업을 하는 남편이 힘들어하자, 아내는 위로하고 싶지만 현실적인 해결책이 없어서 그저 마음을 내려놓으라고 말할 수밖에 없었다. 이처럼, 상황을 이해하고 있으면서도 해결책을 제시하지 못할 때 솔직하게 말하는 것	<분류>0</분류> <판단>좋다</판단>
[도덕_문장]: 평소 청소를 철저히 하는 편인데 하루 음식물 쓰레기를 깜빡하고 방치했더니 집안에 벌레가 생겨서 자책감과 분노가 동시에 들었다. 이처럼, 실수로 집안에 문제가 생겼을 때 자신의 잘못을 인지하고 적극적으로 해결하려는 자세를 보이는 것	<분류>1</분류> <판단>바람직하다</판단>
[도덕_문장]: 평소 청소를 철저히 하는 편인데 하루 음식물 쓰레기를 깜빡하고 방치했더니 집안에 벌레가 생겨서 자책감과 분노가 동시에 들었다. 이런 상황일 때, 환경 문제 발생 시 자신의 책임을 회피하지 않고 반성하며 해결하려는 태도를 갖는 것	<분류>1</분류> <판단>바람직하다</판단>
[도덕_문장]: 딸과 화장품을 함께 쓰기로 했는데 딸이 뚜껑을 제대로 닫지 않고 비싼 제품을 낭비하며 제자리에 두지 않아서 주의를 주니 잔소리라며 치사하다고 말해 화가 났지만 감정적으로 대응한 것이 마음에 걸렸다. 이런 상황일 때, 자신의 실수를 인정하고 반성하는 태도를 보이는 것	<분류>1</분류> <판단>바람직하다</판단>
[도덕_문장]: 딸과 화장품을 함께 쓰기로 했는데 딸이 뚜껑을 제대로 닫지 않고 비싼 제품을 낭비하며 제자리에 두지 않아서 주의를 주니 잔소리라며 치사하다고 말해 화가 났지만 감정적으로 대응한 것이 마음에 걸렸다. 이처럼, 나이가 어린 사람에게 화를 냈을 때 차분하게 설명하는 것	<분류>1</분류> <판단>해야 한다</판단>
[도덕_문장]: 딸과 화장품을 함께 쓰기로 했는데 딸이 뚜껑을 제대로 닫지 않고 비싼 제품을 낭비하며 제자리에 두지 않아서 주의를 주니 잔소리라며 치사하다고 말해 화가 났지만 감정적으로 대응한 것이 마음에 걸렸다. 이렇게, 물건을 공동 사용할 때 서로 협의해서 규칙을 정하는 것	<분류>1</분류> <판단>바람직하다</판단>
[도덕_문장]: 딸과 화장품을 함께 쓰기로 했는데 딸이 뚜껑을 제대로 닫지 않고 비싼 제품을 낭비하며 제자리에 두지 않아서 주의를 주니 잔소리라며 치사하다고 말해 화가 났지만 감정적으로 대응한 것이 마음에 걸렸다. 이처럼, 부모와 마찰이 생겼을 때 감정적으로 반응하기보다 차분하게 대화하려는 노력을 하는 것	<분류>1</분류> <판단>해야 한다</판단>
[도덕_문장]: 딸과 화장품을 함께 쓰기로 했는데 딸이 뚜껑을 제대로 닫지 않고 비싼 제품을 낭비하며 제자리에 두지 않아서 주의를 주니 잔소리라며 치사하다고 말해 화가 났지만 감정적으로 대응한 것이 마음에 걸렸다. 이렇게, 가족 구성원 간에 문제일 때 감정적으로 대응하지 않는 것	<분류>1</분류> <판단>좋다</판단>
[도덕_문장]: 친구의 남편이 위암과 식도암 수술을 받았는데도 계속 담배를 피운다는 얘기를 들어서 화가 나지만, 친구를 위로해야 하는 상황에서 어떻게 반응해야 할지 고민이 되었다. 이처럼, 친구가 상처를 받았을 때 그 친구를 위로하는 것	<분류>1</분류> <판단>좋다</판단>
[도덕_문장]: 친구의 남편이 위암과 식도암 수술을 받았는데도 계속 담배를 피운다는 얘기를 들어서 화가 나지만, 친구를 위로해야 하는 상황에서 어떻게 반응해야 할지 고민이 되었다. 이처럼, 친구가 힘들 때 상황을 함께 공유하고 위로하는 것	<분류>1</분류> <판단>좋다</판단>
[도덕_문장]: 친구의 남편이 위암과 식도암 수술을 받았는데도 계속 담배를 피운다는 얘기를 들어서 화가 나지만, 친구를 위로해야 하는 상황에서 어떻게 반응해야 할지 고민이 되었다. 이처럼, 친구의 가족 건강이 심각한 상태일 때 친구가 안정을 취할 수 있도록 위로의 말을 전하는 것	<분류>1</분류> <판단>해야 한다</판단>
[도덕_문장]: 친구의 남편이 위암과 식도암 수술을 받았는데도 계속 담배를 피운다는 얘기를 들어서 화가 나지만, 친구를 위로해야 하는 상황에서 어떻게 반응해야 할지 고민이 되었다. 이처럼, 배우자가 병으로 힘들어할 때 위로가 되어주는 것	<분류>1</분류> <판단>되어야 한다</판단>
[도덕_문장]: 큰아들이 결혼을 앞두고 집을 사달라고 당당하게 요구했는데, 도와주고 싶은 마음과 무리한 요구라는 생각 사이에서 고민이 되었다. 이런 경우에, 자녀의 요구를 들어주지 않는 것	<분류>0</분류> <판단>괜찮다</판단>
[도덕_문장]: 큰아들이 결혼을 앞두고 집을 사달라고 당당하게 요구했는데, 도와주고 싶은 마음과 무리한 요구라는 생각 사이에서 고민이 되었다. 이러한 상황에서, 부모가 자녀의 금전적 요구를 무조건적으로 들어주는 것	<분류>0</분류> <판단>바람직하지 않다</판단>
[도덕_문장]: 승진 심사를 앞두고 바쁜 상황에서 사촌동생 결혼식 준비까지 해야 하는데, 평소 깔끔한 성격이라 모든 집안일을 직접 하고 싶지만 물리적으로 시간이 부족해서 세탁 서비스를 이용할지 고민했다. 이렇게, 개인 일정이 바쁜 상황에서 주변의 도움을 받는 것	<분류>0</분류> <판단>괜찮다</판단>
[도덕_문장]: 승진 심사를 앞두고 바쁜 상황에서 사촌동생 결혼식 준비까지 해야 하는데, 평소 깔끔한 성격이라 모든 집안일을 직접 하고 싶지만 물리적으로 시간이 부족해서 세탁 서비스를 이용할지 고민했다. 이러한 상황에서, 직장 생활과 집안 일을 잘 조정하여 업무와 가정 생활 균형을 지키는 것	<분류>1</분류> <판단>바람직하다</판단>
[도덕_문장]: 승진 심사를 앞두고 바쁜 상황에서 사촌동생 결혼식 준비까지 해야 하는데, 평소 깔끔한 성격이라 모든 집안일을 직접 하고 싶지만 물리적으로 시간이 부족해서 세탁 서비스를 이용할지 고민했다. 이렇게, 업무와 개인 일정이 겹칠 때 우선순위를 정하고 필요한 도움을 적절히 요청하는 것	<분류>1</분류> <판단>바람직하다</판단>
[도덕_문장]: 승진 심사를 앞두고 바쁜 상황에서 사촌동생 결혼식 준비까지 해야 하는데, 평소 깔끔한 성격이라 모든 집안일을 직접 하고 싶지만 물리적으로 시간이 부족해서 세탁 서비스를 이용할지 고민했다. 이처럼, 중요한 일정을 앞두고 시간이 부족할 때 자신의 사정을 가족이나 배우자에게 충분히 설명하고, 일부 일정을 조정하거나 도움을 요청하는 것	<분류>1</분류> <판단>옳다.</판단>
[도덕_문장]: 직원이 외근을 나가면 항상 바로 퇴근해서 업무에 지장을 주고 다른 직원들의 불만도 쌓이는데, 업무능력이 뛰어나서 해고하기는 아까워 어떻게 처리해야 할지 고민이다. 이러한 상황에서, 업무시간에 개인 업무를 처리하는 것	<분류>-1</분류> <판단>옳지 않다</판단>
[도덕_문장]: 직원이 외근을 나가면 항상 바로 퇴근해서 업무에 지장을 주고 다른 직원들의 불만도 쌓이는데, 업무능력이 뛰어나서 해고하기는 아까워 어떻게 처리해야 할지 고민이다. 이럴 때, 동료의 업무에 지장을 주는 것	<분류>-1</분류> <판단>바람직하지 않다</판단>
[도덕_문장]: 더운 날씨에 갑작스럽게 외근 일정이 변경되어 화가 났지만, 집에서 배우자에게까지 예민하게 행동한 것에 대해 미안함을 느꼈다. 이럴 때, 스트레스를 가족에게 전가하는 것	<분류>-1</분류> <판단>바람직하지 않다</판단>
[도덕_문장]: 프로젝트를 일찍 완료했더니 회사에서 추가 업무를 맡겨서 계획했던 가족여행을 포기해야 할지 회사 일을 거절해야 할지 고민했다. 이럴 때, 회사에서 업무를 무리하게 요구하지 않는 것	<분류>1</분류> <판단>좋다</판단>
[도덕_문장]: 부하직원의 실수로 중요한 프로젝트가 망쳐져 승진에 악영향을 받게 되었는데, 화가 나지만 팀원들에게 화를 내지 않고 참아야 할지 고민했다. 이렇게, 부하직원의 실수를 지적할 때 구체적인 개선 방안을 제시하며 격려하는 것	<분류>1</분류> <판단>옳다</판단>
[도덕_문장]: 부하직원의 실수로 중요한 프로젝트가 망쳐져 승진에 악영향을 받게 되었는데, 화가 나지만 팀원들에게 화를 내지 않고 참아야 할지 고민했다. 이럴 때, 팀의 실수를 팀 전체의 책임감으로 해결하는 것	<분류>1</분류> <판단>좋다</판단>
[도덕_문장]: 부하직원의 실수로 중요한 프로젝트가 망쳐져 승진에 악영향을 받게 되었는데, 화가 나지만 팀원들에게 화를 내지 않고 참아야 할지 고민했다. 이렇게, 팀 구성원의 실수로 인해 피해를 입었을 때 구성원들을 감정적으로 대하지 않고 차분하게 해결 방안을 모색하는 것	<분류>1</분류> <판단>옳다</판단>
[도덕_문장]: 팀에서 한 달에 한 번 주말 업무가 있는데 후배가 매번 캠핑 예약을 핑계로 빠지려 해서 화가 나지만 회사에서 직접적으로 지적하기는 조심스러워 고민이다. 이러한 상황에서, 직장 내에서 발생하는 불편함을 예의 바르고 적절하게 처리하는 것	<분류>1</분류> <판단>해야 한다</판단>
[도덕_문장]: 팀에서 한 달에 한 번 주말 업무가 있는데 후배가 매번 캠핑 예약을 핑계로 빠지려 해서 화가 나지만 회사에서 직접적으로 지적하기는 조심스러워 고민이다. 이러한 상황에서, 조직의 업무에 참여하지 않으려고 하고 책임을 회피하는 태도를 보이는 것	<분류>-1</분류> <판단>보이지 말아야 한다</판단>
[도덕_문장]: 팀에서 한 달에 한 번 주말 업무가 있는데 후배가 매번 캠핑 예약을 핑계로 빠지려 해서 화가 나지만 회사에서 직접적으로 지적하기는 조심스러워 고민이다. 이럴 때, 회사 업무를 회피하는 것	<분류>-1</분류> <판단>옳지 않다</판단>
[도덕_문장]: 팀에서 한 달에 한 번 주말 업무가 있는데 후배가 매번 캠핑 예약을 핑계로 빠지려 해서 화가 나지만 회사에서 직접적으로 지적하기는 조심스러워 고민이다. 이처럼, 팀 내 규칙에 어긋나는 개인의 행동을 지적할 때 예의와 함께 명확하게 의사표현을 전달하는 것	<분류>1</분류> <판단>좋다.</판단>
[도덕_문장]: 새로 산 차에 스크래치를 낸 사람을 찾았을 때 화를 내서 응징하고 싶지만, 상대방이 실수였을 수도 있어서 성숙하게 대처해야 할지 고민했다. 이렇게, 타인의 잘못을 응징할 때 감정을 통제하고 상황을 차분하게 정리해 주는 것	<분류>1</분류> <판단>바람직하다</판단>
[도덕_문장]: 새로 산 차에 스크래치를 낸 사람을 찾았을 때 화를 내서 응징하고 싶지만, 상대방이 실수였을 수도 있어서 성숙하게 대처해야 할지 고민했다. 이렇게, 타인의 물건을 훼손했을 때 인정하고 진심으로 사과하는 것	<분류>1</분류> <판단>옳다</판단>
[도덕_문장]: 새로 산 차에 스크래치를 낸 사람을 찾았을 때 화를 내서 응징하고 싶지만, 상대방이 실수였을 수도 있어서 성숙하게 대처해야 할지 고민했다. 이럴 때, 타인의 실수를 용서하거나 예의를 지키며 사과를 받는 것	<분류>1</분류> <판단>바람직하다</판단>
[도덕_문장]: 새로 산 차에 스크래치를 낸 사람을 찾았을 때 화를 내서 응징하고 싶지만, 상대방이 실수였을 수도 있어서 성숙하게 대처해야 할지 고민했다. 이러한 상황에서, 타인의 부주의로 인한 손해에 대해 이성적으로 대응하는 것	<분류>1</분류> <판단>바람직하다</판단>
[도덕_문장]: 새로 산 차에 스크래치를 낸 사람을 찾았을 때 화를 내서 응징하고 싶지만, 상대방이 실수였을 수도 있어서 성숙하게 대처해야 할지 고민했다. 이렇게, 타인의 과실로 흠집이 났을 때 감정을 앞세우기보다 침착하게 대화를 시도하는 것	<분류>1</분류> <판단>바람직하다</판단>
[도덕_문장]: 새로 산 차에 스크래치를 낸 사람을 찾았을 때 화를 내서 응징하고 싶지만, 상대방이 실수였을 수도 있어서 성숙하게 대처해야 할지 고민했다. 이렇게, 타인의 실수로 스크래치가 발생했을 때 상대방의 입장을 충분히 공감하는 것	<분류>1</분류> <판단>옳다</판단>
[도덕_문장]: 새로 산 차에 스크래치를 낸 사람을 찾았을 때 화를 내서 응징하고 싶지만, 상대방이 실수였을 수도 있어서 성숙하게 대처해야 할지 고민했다. 이렇게, 다른 사람의 물건을 파손했을 때 진심으로 사과하고 책임을 지는 것	<분류>1</분류> <판단>옳다</판단>
[도덕_문장]: 새로 산 차에 스크래치를 낸 사람을 찾았을 때 화를 내서 응징하고 싶지만, 상대방이 실수였을 수도 있어서 성숙하게 대처해야 할지 고민했다. 이처럼, 상대방의 실수로 자동차가 손상되었을 때 대화를 통해 해결하려는 태도를 가지는 것	<분류>1</분류> <판단>바람직하다</판단>
[도덕_문장]: 출근길에 탄 택시 기사가 30분 내내 목적지에 대해 불평하며 투덜거려서 참다가 결국 언성을 높여 한마디 했다. 이럴 때, 택시 기사가 승객이 불편해할 수 있는 말을 삼га는 것	<분류>1</분류> <판단>해야 한다</판단>
[도덕_문장]: 출근길에 탄 택시 기사가 30분 내내 목적지에 대해 불평하며 투덜거려서 참다가 결국 언성을 높여 한마디 했다. 이런 경우에, 다른 사람의 의견에 감정적으로 반응하는 것	<분류>0</분류> <판단>바람직하지 않다</판단>
[도덕_문장]: 출근길에 탄 택시 기사가 30분 내내 목적지에 대해 불평하며 투덜거려서 참다가 결국 언성을 높여 한마디 했다. 이런 경우에, 손님이 불만을 표출하더라도 불쾌함을 감정적으로 표출하는 것	<분류>-1</분류> <판단>옳지 않다</판단>
[도덕_문장]: 늦은 밤까지 일을 하고 나서 내일 아침에 바로 써야 할 자료를 프린트하려는데 집 프린터가 고장 나서 멀리 있는 PC방까지 가야 하는 상황에 화가 났지만 어쩔 수 없이 차를 끌고 나갔다. 이렇게, 업무로 인한 불편을 겪었을 때 감정을 차분하게 조절하고 대응 방법을 찾는 것	<분류>1</분류> <판단>바람직하다</판단>
[도덕_문장]: 평소 좋아하던 참치를 어제 먹었는데 오늘 중금속 오염 뉴스를 보고 식당에 문의했지만 무관하다는 답변에도 불안하고 화가 나서 앞으로 참치를 먹지 않겠다고 다짐했다. 이런 상황일 때, 자신이 먹는 음식이 안전한지 여부를 확인하는 것	<분류>1</분류> <판단>좋은 태도이다</판단>
[도덕_문장]: 아들과 즐거운 시간을 보내려고 했는데 아들이 컴퓨터 게임만 하며 내 말을 듣지 않아서 화가 났지만, 예전에 내가 게임에 빠져 아들을 소홀히 했던 것을 떠올리니 아들을 탓할 수만은 없었다. 이러한 상황에서, 어른이 가정에서 아이들에게 애정과 관심을 충분히 주는 것	<분류>1</분류> <판단>중요하다</판단>
[도덕_문장]: 아들과 즐거운 시간을 보내려고 했는데 아들이 컴퓨터 게임만 하며 내 말을 듣지 않아서 화가 났지만, 예전에 내가 게임에 빠져 아들을 소홀히 했던 것을 떠올리니 아들을 탓할 수만은 없었다. 이러한 상황에서, 부모가 아이를 탓하기 전에 먼저 자신이 잘못된 행동을 한 것이 없는지 돌아보는 것	<분류>1</분류> <판단>바람직하다</판단>
[도덕_문장]: 아들과 즐거운 시간을 보내려고 했는데 아들이 컴퓨터 게임만 하며 내 말을 듣지 않아서 화가 났지만, 예전에 내가 게임에 빠져 아들을 소홀히 했던 것을 떠올리니 아들을 탓할 수만은 없었다. 이러한 상황에서, 부모가 자녀의 자율적인 취미 활동을 존중하는 것	<분류>1</분류> <판단>해야 한다</판단>
[도덕_문장]: 아들과 즐거운 시간을 보내려고 했는데 아들이 컴퓨터 게임만 하며 내 말을 듣지 않아서 화가 났지만, 예전에 내가 게임에 빠져 아들을 소홀히 했던 것을 떠올리니 아들을 탓할 수만은 없었다. 이러한 상황에서, 부모가 자녀에게 모범을 보이는 것	<분류>1</분류> <판단>옳다</판단>
[도덕_문장]: 아들과 즐거운 시간을 보내려고 했는데 아들이 컴퓨터 게임만 하며 내 말을 듣지 않아서 화가 났지만, 예전에 내가 게임에 빠져 아들을 소홀히 했던 것을 떠올리니 아들을 탓할 수만은 없었다. 이런 상황에서, 자식의 잘못에 대해 부모가 스스로 반성하는 것	<분류>1</분류> <판단>해야 한다</판단>
[도덕_문장]: 아들과 즐거운 시간을 보내려고 했는데 아들이 컴퓨터 게임만 하며 내 말을 듣지 않아서 화가 났지만, 예전에 내가 게임에 빠져 아들을 소홀히 했던 것을 떠올리니 아들을 탓할 수만은 없었다. 이렇게, 부모가 자녀를 훈계하거나 지도할 때 자녀를 탓하기보다 대화의 방식과 적절한 대우를 고려하는 것	<분류>1</분류> <판단>바람직하다</판단>
[도덕_문장]: 점원이 달고 맛있다고 추천한 수박을 사왔는데 막상 먹어보니 너무 싱거워서 점원에게 속았다는 생각과 수박 하나도 제대로 고르지 못한 내 자신에게 실망감과 화가 났다. 이렇게, 판매할 때 상품에 대한 정확한 정보를 제공하는 것	<분류>1</분류> <판단>해야 한다</판단>
[도덕_문장]: 점원이 달고 맛있다고 추천한 수박을 사왔는데 막상 먹어보니 너무 싱거워서 점원에게 속았다는 생각과 수박 하나도 제대로 고르지 못한 내 자신에게 실망감과 화가 났다. 이런 상황에서, 고객에게 상품에 대해 사실과 다른 정보를 제공하는 것	<분류>-1</분류> <판단>옳지 않다</판단>
[도덕_문장]: 오랜 다이어트 끝에 성공했지만 몇 주 만에 살이 다시 쪘는데, 오빠가 \"결국 이렇게 될 줄 알았다\"며 잔인한 말을 해서 화가 났지만 사실은 내 의지 부족 때문인 것 같아 자책하게 되었다. 이런 상황에서, 연인에게 상처가 될 수 있는 말을 하는 것	<분류>-1</분류> <판단>옳지 않다</판단>
[도덕_문장]: 오랜 다이어트 끝에 성공했지만 몇 주 만에 살이 다시 쪘는데, 오빠가 \"결국 이렇게 될 줄 알았다\"며 잔인한 말을 해서 화가 났지만 사실은 내 의지 부족 때문인 것 같아 자책하게 되었다. 이러한 상황에서, 친구의 기분을 상하게 하는 말을 하지 않는 것	<분류>-1</분류> <판단>좋다</판단>
[도덕_문장]: 오랜 다이어트 끝에 성공했지만 몇 주 만에 살이 다시 쪘는데, 오빠가 \"결국 이렇게 될 줄 알았다\"며 잔인한 말을 해서 화가 났지만 사실은 내 의지 부족 때문인 것 같아 자책하게 되었다. 이런 상황일 때, 연인에게 상처를 주는 말을 하는 것	<분류>-1</분류> <판단>좋지 않다</판단>
[도덕_문장]: 신입사원이 직속상관인 나에게 인사를 하지 않아서 기분이 나쁘지만, 그까짓 인사 때문에 직접 지적하기에는 폼이 안 나서 고민이다. 이처럼, 부하 직원이 예의를 지키지 못했을 때 직접적으로 비난하기보다는 그 이유와 개선점을 조심스럽게 이야기하는 것	<분류>1</분류> <판단>좋다</판단>
[도덕_문장]: 신입사원이 직속상관인 나에게 인사를 하지 않아서 기분이 나쁘지만, 그까짓 인사 때문에 직접 지적하기에는 폼이 안 나서 고민이다. 이처럼, 신입사원이 직속상관에게 인사하지 않았을 때 조직의 규칙이나 분위기를 감안해 스스로 시정하게 유도하는 것	<분류>1</분류> <판단>바람직하다</판단>
[도덕_문장]: 휴가철 공항에서 탑승 수속을 기다리는데 다른 사람들이 질서를 지키지 않아 화가 났지만, 나 혼자 항의하기에는 부담스러워서 그냥 참고 기다렸다. 이러한 상황에서, 공공장소에서 질서가 지켜지지 않아도 참고 기다리는 것	<분류>0</분류> <판단>나쁜 행동이 아니다</판단>
[도덕_문장]: 휴가철 공항에서 탑승 수속을 기다리는데 다른 사람들이 질서를 지키지 않아 화가 났지만, 나 혼자 항의하기에는 부담스러워서 그냥 참고 기다렸다. 이런 경우에, 공공장소에서 사회적 규범을 지키는 것	<분류>1</분류> <판단>해야 한다</판단>
[도덕_문장]: 연인과의 데이트를 위해 완벽하게 계획을 세우고 준비했는데 일기예보가 틀려 비가 와서 모든 계획이 망쳐졌지만, 상대방 앞에서 계속 불평하는 것이 미안해서 갈등했다. 이처럼, 연인과의 데이트를 계획할 때 일기예보를 참고하고, 유연하게 대처할 수 있는 방안도 함께 준비하는 것	<분류>1</분류> <판단>바람직하다</판단>
[도덕_문장]: 연인과의 데이트를 위해 완벽하게 계획을 세우고 준비했는데 일기예보가 틀려 비가 와서 모든 계획이 망쳐졌지만, 상대방 앞에서 계속 불평하는 것이 미안해서 갈등했다. 이렇게, 연인이 힘들어할 때 이해해주는 것	<분류>1</분류> <판단>옳다</판단>
[도덕_문장]: 연인과의 데이트를 위해 완벽하게 계획을 세우고 준비했는데 일기예보가 틀려 비가 와서 모든 계획이 망쳐졌지만, 상대방 앞에서 계속 불평하는 것이 미안해서 갈등했다. 이런 경우에, 데이트 계획이 실패하더라도 긍정적인 태도로 대처하는 것	<분류>1</분류> <판단>좋다</판단>
[도덕_문장]: 연인과의 데이트를 위해 완벽하게 계획을 세우고 준비했는데 일기예보가 틀려 비가 와서 모든 계획이 망쳐졌지만, 상대방 앞에서 계속 불평하는 것이 미안해서 갈등했다. 이럴 때, 상대의 노력을 인지하고 배려하는 태도를 가지는 것	<분류>1</분류> <판단>필요하다</판단>
[도덕_문장]: 연인과의 데이트를 위해 완벽하게 계획을 세우고 준비했는데 일기예보가 틀려 비가 와서 모든 계획이 망쳐졌지만, 상대방 앞에서 계속 불평하는 것이 미안해서 갈등했다. 이처럼, 계획이 틀어졌을 경우 상황을 설명하고 상대에게 미안함을 표현하는 것	<분류>1</분류> <판단>바람직하다</판단>
[도덕_문장]: 치아 교정으로 딱딱한 음식을 못 먹어서 짜증이 났는데, 친구가 깜빡하고 오도독뼈와 팥빙수를 먹으러 가자고 해서 화를 냈다가 미안해졌다. 이처럼, 친구의 상황을 이해하는 것	<분류>1</분류> <판단>해야 한다</판단>
[도덕_문장]: 상사가 매주 월요일마다 주말에 뭘 했는지 자꾸 물어보고 SNS까지 확인해서 언급하는데, 신입사원이라 무시하기도 어렵고 대답하기도 부담스러워서 고민이다. 이럴 때, 회사 동료에게 과도하게 사생활을 캐물어보는 것	<분류>-1</분류> <판단>문제다</판단>
[도덕_문장]: 상사가 매주 월요일마다 주말에 뭘 했는지 자꾸 물어보고 SNS까지 확인해서 언급하는데, 신입사원이라 무시하기도 어렵고 대답하기도 부담스러워서 고민이다. 이럴 때, 동료의 사생활에 지나치게 간섭하는 것	<분류>-1</분류> <판단>옳지 않다</판단>
[도덕_문장]: 상사가 매주 월요일마다 주말에 뭘 했는지 자꾸 물어보고 SNS까지 확인해서 언급하는데, 신입사원이라 무시하기도 어렵고 대답하기도 부담스러워서 고민이다. 이럴 때, 회사 업무 이외의 사생활을 묻는 것	<분류>-1</분류> <판단>바람직하지 않다</판단>
[도덕_문장]: 상사가 매주 월요일마다 주말에 뭘 했는지 자꾸 물어보고 SNS까지 확인해서 언급하는데, 신입사원이라 무시하기도 어렵고 대답하기도 부담스러워서 고민이다. 이런 경우에, 상사가 직원들의 사생활을 침해하지 않는 것	<분류>-1</분류> <판단>해야 한다</판단>
[도덕_문장]: 아파트에서 발에 땀이 나서 슬리퍼를 벗고 조용히 걸었는데 아래층에서 층간소음이라며 경찰까지 불러 항의해와서 내 집에서도 자유롭게 다닐 수 없어 답답했다. 이렇게, 층간소음 항의를 할 때 감정적으로 하지 않는 것	<분류>1</분류> <판단>좋다</판단>
[도덕_문장]: 친구가 연인과 헤어진 후 매일 몇 시간씩 전화로 푸념을 늘어놓아 지치고 화가 났지만, 힘들어하는 친구를 외면할 수도 없어서 계속 들어주고 있다. 이런 상황에서, 타인의 감정을 배려하며 대화하는 것	<분류>1</분류> <판단>해야 한다</판단>
[도덕_문장]: 회식 자리에서 막차 시간이 다가와 먼저 나가고 싶었지만, 막내라서 선배들이 있는 상황에서 먼저 자리를 뜨는 것이 예의에 어긋날까 봐 끝까지 참고 있다가 결국 막차를 놓칠 뻔했다. 이렇게, 타인과 함께하는 자리에서 서로를 배려하며 상황에 맞는 행동을 하는 것	<분류>1</분류> <판단>바람직하다</판단>
[도덕_문장]: 회식 자리에서 막차 시간이 다가와 먼저 나가고 싶었지만, 막내라서 선배들이 있는 상황에서 먼저 자리를 뜨는 것이 예의에 어긋날까 봐 끝까지 참고 있다가 결국 막차를 놓칠 뻔했다. 이렇게, 조직 내에서 상대의 상황을 고려하는 것	<분류>1</분류> <판단>옳다</판단>
[도덕_문장]: 좋아하는 배우가 재일교포 출신이라는 이유로 악플에 시달리는 것을 보고 화가 났지만, SNS에서 악플러들과 직접 싸우는 것이 옳은지 응원 댓글만 남기는 것이 나은지 고민했다. 이러한 상황에서, 팬으로서 배우를 응원하는 것	<분류>1</분류> <판단>좋다</판단>
[도덕_문장]: 응원하는 축구팀이 챔피언스 리그 결승전에서 져서 화가 났는데, 평소 축구에 관심 없는 연인이 다음 경기를 함께 보자고 제안해서 내 감정을 위해 상대방에게 부담을 주는 것 같아 미안했다. 이렇게, 연인이 감정을 이야기할 때 상황을 이해하고 함께 공감해주는 것	<분류>1</분류> <판단>해야 한다</판단>
[도덕_문장]: 응원하는 축구팀이 챔피언스 리그 결승전에서 져서 화가 났는데, 평소 축구에 관심 없는 연인이 다음 경기를 함께 보자고 제안해서 내 감정을 위해 상대방에게 부담을 주는 것 같아 미안했다. 이런 상황에서, 연인의 개인 감정을 배려하고 상대방의 감정을 존중해주는 것	<분류>1</분류> <판단>좋다</판단>
[도덕_문장]: 응원하는 축구팀이 챔피언스 리그 결승전에서 져서 화가 났는데, 평소 축구에 관심 없는 연인이 다음 경기를 함께 보자고 제안해서 내 감정을 위해 상대방에게 부담을 주는 것 같아 미안했다. 이럴 때, 연인의 감정을 존중하는 것	<분류>1</분류> <판단>해야 한다</판단>
[도덕_문장]: 동창이 매일 새벽에 보내는 단체 문자 때문에 잠에서 깨고 스트레스를 받지만, 동창 관계를 유지해야 해서 차단하지 못하고 참고 있다. 이런 상황일 때, 개인의 사생활이 침해되는 수준의 괴롭힘을 참는 것	<분류>-1</분류> <판단>아니다</판단>
[도덕_문장]: 세탁기가 수리한 지 한 달 만에 또 고장났는데, 경제적으로 여유가 없어서 새 제품을 사야 할지 재수리를 받을지 고민이 되었다. 이런 경우에, 경제적 여유가 없어도 생활 필수품에 대해 합리적인 판단을 하는 것	<분류>1</분류> <판단>할 수 있다</판단>
[도덕_문장]: 맛집에 전화로 예약이 안 된다고 해서 현장에서 기다렸는데, 나중에 온 손님들이 예약했다며 먼저 들어가자 항의했지만 직원들이 모르쇠로 일관해서 화가 났지만 친구가 꼭 가고 싶다고 해서 결국 참고 들어갔다. 이런 경우에, 친구를 배려하는 것	<분류>1</분류> <판단>바람직하다</판단>
[도덕_문장]: 맛집에 전화로 예약이 안 된다고 해서 현장에서 기다렸는데, 나중에 온 손님들이 예약했다며 먼저 들어가자 항의했지만 직원들이 모르쇠로 일관해서 화가 났지만 친구가 꼭 가고 싶다고 해서 결국 참고 들어갔다. 이럴 때, 손님의 불만을 모른 체 하는 것	<분류>-1</분류> <판단>옳지 않다</판단>
[도덕_문장]: 맛집에 전화로 예약이 안 된다고 해서 현장에서 기다렸는데, 나중에 온 손님들이 예약했다며 먼저 들어가자 항의했지만 직원들이 모르쇠로 일관해서 화가 났지만 친구가 꼭 가고 싶다고 해서 결국 참고 들어갔다. 이런 경우에, 자신의 순서를 무시당해도 감정을 자제하고 함께 가고 싶은 친구를 배려하는 것	<분류>1</분류> <판단>좋다</판단>
[도덕_문장]: 서비스센터에서 비싼 돈을 주고 휴대폰을 수리했는데 같은 증상이 재발해서 화가 났지만, 중요한 업무 연락을 놓칠까 봐 불안한 상황에서 직원에게 따지러 갈지 말지 고민했다. 이처럼, 서비스 불만이 있을 때 회사의 규정을 안내받고 그에 따라 진행하는 것	<분류>1</분류> <판단>좋다</판단>
[도덕_문장]: 친한 친구가 헤드폰을 하루만 빌려달라고 해서 아끼던 헤드폰을 빌려줬는데 친구가 잃어버렸다고 해서 화가 났지만 사과하고 새로 사준다고 하니 더 이상 화낼 수도 없어서 답답했다. 이처럼, 타인의 소중한 물건을 빌렸을 때 그 물건에 대한 책임감을 가지고 관리하는 것	<분류>1</분류> <판단>옳다</판단>
[도덕_문장]: 새로 산 의자가 며칠 만에 부서져서 화가 났지만, 연인이 긍정적으로 생각하라고 조언해서 내 감정을 억누르고 기분을 풀어야 했다. 이럴 때, 자신의 감정을 조절하고 상대방의 조언을 경청하는 것	<분류>1</분류> <판단>좋은 관계 유지에 도움이 된다</판단>
[도덕_문장]: 동창회에서 별로 친하지 않았던 동창이 내 학창시절 창피했던 얘기와 못생겼다는 무례한 말을 계속해서 화가 났지만 다른 사람들 앞에서 감정을 드러내기 어려워 참아야 했다. 이런 상황일 때, 모임에서 다른 사람의 외모를 언급하는 것	<분류>-1</분류> <판단>바람직하지 않다</판단>
[도덕_문장]: 동창회에서 별로 친하지 않았던 동창이 내 학창시절 창피했던 얘기와 못생겼다는 무례한 말을 계속해서 화가 났지만 다른 사람들 앞에서 감정을 드러내기 어려워 참아야 했다. 이렇게, 동창 관계에서 상대방의 과거에 대해 당사자의 요청이 있을 때만 언급하는 것	<분류>1</분류> <판단>해야 한다</판단>
[도덕_문장]: 동창회에서 별로 친하지 않았던 동창이 내 학창시절 창피했던 얘기와 못생겼다는 무례한 말을 계속해서 화가 났지만 다른 사람들 앞에서 감정을 드러내기 어려워 참아야 했다. 이렇게, 다른 사람들 앞에서 불편한 일을 겪었을 때 바로 대응하기보다 신중한 태도로 감정을 조절하는 것	<분류>1</분류> <판단>바람직하다</판단>
[도덕_문장]: 환경 보호의 중요성을 알고 다큐멘터리를 보며 다짐했지만, 막상 입지 않은 멀쩡한 옷들을 버리고 나서 자책감과 부끄러움을 느꼈다. 이런 상황에서, 자신의 소비 습관을 돌아보고 반성하는 것	<분류>1</분류> <판단>필요하다</판단>
[도덕_문장]: 환경 보호의 중요성을 알고 다큐멘터리를 보며 다짐했지만, 막상 입지 않은 멀쩡한 옷들을 버리고 나서 자책감과 부끄러움을 느꼈다. 이런 경우에, 옷을 함부로 버리는 것	<분류>-1</분류> <판단>옳지 않다</판단>
[도덕_문장]: 회사에서 재계약 불가 통보를 받았는데 구체적인 이유를 알려주지 않아서, 내 잘못을 모른 채 다음 직장에서도 같은 실수를 반복할까 봐 불안했다. 이처럼, 회사에서 재계약 불가를 통보할 때 사유를 구체적으로 설명하는 것	<분류>1</분류> <판단>해야 한다</판단>
[도덕_문장]: 회사에서 재계약 불가 통보를 받았는데 구체적인 이유를 알려주지 않아서, 내 잘못을 모른 채 다음 직장에서도 같은 실수를 반복할까 봐 불안했다. 이렇게, 회사가 재계약을 거부할 경우 구체적인 이유를 밝히는 것	<분류>1</분류> <판단>적절하다</판단>
[도덕_문장]: 회사에서 재계약 불가 통보를 받았는데 구체적인 이유를 알려주지 않아서, 내 잘못을 모른 채 다음 직장에서도 같은 실수를 반복할까 봐 불안했다. 이럴 때, 회사에서 해고 통보를 하면서 그 이유를 구체적으로 설명해 주는 것	<분류>1</분류> <판단>해야 한다</판단>
[도덕_문장]: 회사에서 재계약 불가 통보를 받았는데 구체적인 이유를 알려주지 않아서, 내 잘못을 모른 채 다음 직장에서도 같은 실수를 반복할까 봐 불안했다. 이처럼, 회사가 직원을 평가할 때 정당한 근거를 밝히는 것	<분류>1</분류> <판단>해야 한다</판단>
[도덕_문장]: 회사에서 재계약 불가 통보를 받았는데 구체적인 이유를 알려주지 않아서, 내 잘못을 모른 채 다음 직장에서도 같은 실수를 반복할까 봐 불안했다. 이런 상황일 때, 회사가 재계약 불가에 대한 이유를 직원에게 명확하게 알려는 것	<분류>1</분류> <판단>해야 한다</판단>
[도덕_문장]: 회사에서 재계약 불가 통보를 받았는데 구체적인 이유를 알려주지 않아서, 내 잘못을 모른 채 다음 직장에서도 같은 실수를 반복할까 봐 불안했다. 이처럼, 재계약 불가 통보를 할 때 구체적인 이유를 명확히 알려주는 것	<분류>1</분류> <판단>좋다</판단>
[도덕_문장]: 길거리에서 누군가 버린 쓰레기를 보고 화가 났지만, 그 사람을 직접 제지하지 못하고 대신 내가 쓰레기를 주워 버렸다. 이처럼, 쓰레기를 버리는 사람을 직접 제지할 수 없을 때 상황을 감안해 행동을 판단하는 것	<분류>1</분류> <판단>옳다</판단>
[도덕_문장]: 길거리에서 누군가 버린 쓰레기를 보고 화가 났지만, 그 사람을 직접 제지하지 못하고 대신 내가 쓰레기를 주워 버렸다. 이렇게, 공공장소에서 쓰레기를 발견했을 때 쓰레기통을 찾아 버리는 것	<분류>1</분류> <판단>적절하다</판단>
[도덕_문장]: 길거리에서 누군가 버린 쓰레기를 보고 화가 났지만, 그 사람을 직접 제지하지 못하고 대신 내가 쓰레기를 주워 버렸다. 이렇게, 타인의 잘못된 행동을 목격했을 때 가급적 상대방을 존중하는 방식으로 문제를 해결하는 것	<분류>1</분류> <판단>바람직하다</판단>
[도덕_문장]: 면접을 보러 가는 길에 구두 굽이 부러져서 이 상태로 면접을 봐야 할지 포기해야 할지 고민했다. 이렇게, 면접 준비가 덜 됐더라도 상황에 맞게 최선을 다해 면접 보는 것	<분류>1</분류> <판단>바람직하다</판단>
[도덕_문장]: 회사에서 막내라는 이유로 동료들이 내 책상을 함부로 건드리고 사생활을 간섭하는데, 당황스러워서 그 자리에서 제대로 항의하지 못했다. 이런 상황일 때, 동료의 사생활을 침해하는 것	<분류>-1</분류> <판단>바람직하지 않다</판단>
[도덕_문장]: 회사에서 막내라는 이유로 동료들이 내 책상을 함부로 건드리고 사생활을 간섭하는데, 당황스러워서 그 자리에서 제대로 항의하지 못했다. 이런 상황에서, 직장에서 개인의 사생활을 함부로 침해하는 것	<분류>-1</분류> <판단>안 된다</판단>
[도덕_문장]: 부모님의 과도한 간섭과 관심이 부담스러워 독립하고 싶지만, 그동안 받은 사랑을 생각하면 부모님을 떠나는 것이 죄송스럽고 마음이 무거웠다. 이런 경우에, 자녀가 부모님에게 떠나고 싶은 자신의 생각을 이야기하는 것	<분류>1</분류> <판단>옳다.</판단>
[도덕_문장]: 부모님의 과도한 간섭과 관심이 부담스러워 독립하고 싶지만, 그동안 받은 사랑을 생각하면 부모님을 떠나는 것이 죄송스럽고 마음이 무거웠다. 이런 상황일 때, 부모가 자녀에게 간섭과 관심을 적절히 조절하는 것	<분류>1</분류> <판단>좋다</판단>
[도덕_문장]: 평소 자주 가던 게장집에서 가족과 함께 식사를 했는데 변질된 음식으로 인해 온 가족이 식중독에 걸렸지만, 그 식당과의 오랜 관계 때문에 강력하게 항의하기가 망설여진다. 이런 상황에서, 식당의 위생에 신경 쓰는 것	<분류>1</분류> <판단>옳다</판단>
[도덕_문장]: 스트레스를 풀려고 간 롯데월드에서 너무 힘들었는데, 회사 동료들과의 약속을 취소하고 싶지만 이미 정해진 계획을 일방적으로 바꾸기가 미안했다. 이처럼, 약속을 취소하고 싶은 상황에서 상대방에게 미리 양해를 구하는 것	<분류>1</분류> <판단>좋다</판단>
[도덕_문장]: 스트레스를 풀려고 간 롯데월드에서 너무 힘들었는데, 회사 동료들과의 약속을 취소하고 싶지만 이미 정해진 계획을 일방적으로 바꾸기가 미안했다. 이럴 때, 본인이 약속을 지키는 것	<분류>1</분류> <판단>좋다</판단>
[도덕_문장]: 스트레스를 풀려고 간 롯데월드에서 너무 힘들었는데, 회사 동료들과의 약속을 취소하고 싶지만 이미 정해진 계획을 일방적으로 바꾸기가 미안했다. 이런 상황일 때, 계획이 변경되어도 서로 협의해 나가는 것	<분류>1</분류> <판단>바람직하다</판단>
[도덕_문장]: 스트레스를 풀려고 간 롯데월드에서 너무 힘들었는데, 회사 동료들과의 약속을 취소하고 싶지만 이미 정해진 계획을 일방적으로 바꾸기가 미안했다. 이런 상황일 때, 약속을 취소하고 상대방에게 사과하는 것	<분류>1</분류> <판단>좋다</판단>
[도덕_문장]: 남편이 길거리에서 버려진 가구를 계속 주워와서 집이 좁아지고 벌레까지 나왔는데, 아무리 말해도 웃기만 해서 어떻게 진지하게 대화해야 할지 고민이다. 이런 상황에서, 가구나 물건을 계속 주워오는 것	<분류>-1</분류> <판단>좋지 않다</판단>
[도덕_문장]: 남편이 길거리에서 버려진 가구를 계속 주워와서 집이 좁아지고 벌레까지 나왔는데, 아무리 말해도 웃기만 해서 어떻게 진지하게 대화해야 할지 고민이다. 이렇게, 배우자에게 부탁을 할 때 상대방의 생활 공간의 위생과 안전을 해치지 않도록 배려하는 것	<분류>1</분류> <판단>바람직하다</판단>
[도덕_문장]: 동생의 대학 입시를 위해 집에서 조용히 해야 한다는 것을 알지만, 나만의 사색 공간에서조차 자유롭게 지낼 수 없어 가족에게 불만을 표출할지 참고 견딜지 고민했다. 이렇게, 집안의 중요한 일로 불편함이 있는 가족 구성원이 있을 때 서로의 상황을 이해하려고 노력하는 것	<분류>1</분류> <판단>해야 한다</판단>
[도덕_문장]: 동생의 대학 입시를 위해 집에서 조용히 해야 한다는 것을 알지만, 나만의 사색 공간에서조차 자유롭게 지낼 수 없어 가족에게 불만을 표출할지 참고 견딜지 고민했다. 이런 경우에, 가족과의 조화를 위해 나의 불편함을 표현하는 것	<분류>1</분류> <판단>바람직하다</판단>
[도덕_문장]: 동생의 대학 입시를 위해 집에서 조용히 해야 한다는 것을 알지만, 나만의 사색 공간에서조차 자유롭게 지낼 수 없어 가족에게 불만을 표출할지 참고 견딜지 고민했다. 이처럼, 가족이 힘든 상황을 겪을 때 배려하는 것	<분류>1</분류> <판단>좋다</판단>
[도덕_문장]: 할머니가 돌아가신 후 아버지와 삼촌들이 유산 문제로 다투는 상황에서 평소 존경했던 삼촌들의 욕심스러운 모습을 보게 되어 실망스럽지만 가족 간의 화해를 위해 중재해야 할지 고민했다. 이렇게, 가족 간의 갈등이 생겼을 때 대화를 통해 해결하려는 것	<분류>1</분류> <판단>옳다</판단>
[도덕_문장]: 할머니가 돌아가신 후 아버지와 삼촌들이 유산 문제로 다투는 상황에서 평소 존경했던 삼촌들의 욕심스러운 모습을 보게 되어 실망스럽지만 가족 간의 화해를 위해 중재해야 할지 고민했다. 이런 경우에, 유산에 대해 다투더라도 상식적인 수준에서 합의하는 것	<분류>1</분류> <판단>바람직하다</판단>
[도덕_문장]: 빗길에서 넘어져 흰 옷이 젖어 창피했는데, 다른 사람들은 멀쩡히 잘 걸어가는 모습을 보며 나만 왜 이런 일을 당하는지 화가 났다. 이러한 상황에서, 개인적인 불행을 상대의 책임으로 돌리는 것	<분류>-1</분류> <판단>바람직하지 않다</판단>
[도덕_문장]: 빗길에서 넘어져 흰 옷이 젖어 창피했는데, 다른 사람들은 멀쩡히 잘 걸어가는 모습을 보며 나만 왜 이런 일을 당하는지 화가 났다. 이렇게, 잘못된 상황이 아닌 일을 당했을 때 화를 내는 것	<분류>0</분류> <판단>할 수 있다</판단>
[도덕_문장]: 비행기에서 내리다가 연결 부분에 걸려 넘어져 다쳤는데 승무원이 모른 척해서 화가 났지만, 평소 좋아하던 항공사라서 문제를 크게 만들어 승무원에게 불이익을 주고 싶지는 않았다. 이처럼, 사고가 발생했을 때 안전을 이유로 모르는 척하는 것	<분류>-1</분류> <판단>문제 있다</판단>
[도덕_문장]: 발목 수술 후 병원에서 의료보험 적용이 안 되는 비용에 대해 사전 고지를 받지 못해 예상보다 많은 병원비가 나왔는데, 인터넷에 병원의 문제점을 폭로할지 아니면 먼저 병원 측과 이성적으로 대화를 나눠 해결할지 고민했다. 이럴 때, 병원이 환자에게 의료 비용에 대해 사전 설명을 철저히 하는 것	<분류>1</분류> <판단>해야 한다</판단>
[도덕_문장]: 발목 수술 후 병원에서 의료보험 적용이 안 되는 비용에 대해 사전 고지를 받지 못해 예상보다 많은 병원비가 나왔는데, 인터넷에 병원의 문제점을 폭로할지 아니면 먼저 병원 측과 이성적으로 대화를 나눠 해결할지 고민했다. 이런 상황에서, 환자에게 병원비에 대한 충분한 설명을 하는 것	<분류>1</분류> <판단>해야 한다</판단>
[도덕_문장]: 발목 수술 후 병원에서 의료보험 적용이 안 되는 비용에 대해 사전 고지를 받지 못해 예상보다 많은 병원비가 나왔는데, 인터넷에 병원의 문제점을 폭로할지 아니면 먼저 병원 측과 이성적으로 대화를 나눠 해결할지 고민했다. 이처럼, 문제가 발생했을 때 상대에게 대화를 요청하는 것	<분류>1</분류> <판단>바람직하다</판단>
[도덕_문장]: 발목 수술 후 병원에서 의료보험 적용이 안 되는 비용에 대해 사전 고지를 받지 못해 예상보다 많은 병원비가 나왔는데, 인터넷에 병원의 문제점을 폭로할지 아니면 먼저 병원 측과 이성적으로 대화를 나눠 해결할지 고민했다. 이런 경우에, 의료기관이 환자에게 자신의 비용 부담 범위를 상세히 안내하는 것	<분류>1</분류> <판단>해야 한다</판단>
[도덕_문장]: 발목 수술 후 병원에서 의료보험 적용이 안 되는 비용에 대해 사전 고지를 받지 못해 예상보다 많은 병원비가 나왔는데, 인터넷에 병원의 문제점을 폭로할지 아니면 먼저 병원 측과 이성적으로 대화를 나눠 해결할지 고민했다. 이런 상황일 때, 의료기관이 의료 서비스를 제공하기 전 환자에게 예상 비용을 충분히 설명하는 것	<분류>1</분류> <판단>해야 한다</판단>
[도덕_문장]: 발목 수술 후 병원에서 의료보험 적용이 안 되는 비용에 대해 사전 고지를 받지 못해 예상보다 많은 병원비가 나왔는데, 인터넷에 병원의 문제점을 폭로할지 아니면 먼저 병원 측과 이성적으로 대화를 나눠 해결할지 고민했다. 이런 경우에, 병원이 환자에게 사전고지를 하는 것	<분류>1</분류> <판단>해야 한다</판단>
[도덕_문장]: 운전학원에서 강사가 호통을 치며 지적할 때마다 더 실수가 늘어나는데, 면허 취득을 위해 계속 다녀야 할지 그만둘지 고민했다. 이런 상황일 때, 운전 강사가 호통을 치는 것	<분류>-1</분류> <판단>바람직하지 않다</판단>
[도덕_문장]: 운전학원에서 강사가 호통을 치며 지적할 때마다 더 실수가 늘어나는데, 면허 취득을 위해 계속 다녀야 할지 그만둘지 고민했다. 이런 상황에서, 강사가 운전 학원에서 학생들을 호통치는 것	<분류>-1</분류> <판단>옳지 않다</판단>
[도덕_문장]: 동생이 내 허락 없이 남편에게 졸업앨범을 보여줘서 예쁜 모습만 보이려던 노력이 무너져 화가 났지만, 동생을 너무 원망하는 것도 좋지 않을 것 같아 마음이 복잡했다. 이런 경우에, 동생의 행동에 실망하더라도 서로의 개인적인 영역을 존중하기 위해 노력하는 것	<분류>1</분류> <판단>해야 한다</판단>
[도덕_문장]: 동생이 내 허락 없이 남편에게 졸업앨범을 보여줘서 예쁜 모습만 보이려던 노력이 무너져 화가 났지만, 동생을 너무 원망하는 것도 좋지 않을 것 같아 마음이 복잡했다. 이런 상황에서, 타인의 신체와 사생활을 허락없이 공개하는 것	<분류>-1</분류> <판단>옳지 않다</판단>
[도덕_문장]: 동생이 내 허락 없이 남편에게 졸업앨범을 보여줘서 예쁜 모습만 보이려던 노력이 무너져 화가 났지만, 동생을 너무 원망하는 것도 좋지 않을 것 같아 마음이 복잡했다. 이렇게, 사적인 일로 화를 낼 때 상대의 마음을 이해하는 태도를 갖는 것	<분류>1</분류> <판단>필요하다</판단>
[도덕_문장]: 동생이 내 허락 없이 남편에게 졸업앨범을 보여줘서 예쁜 모습만 보이려던 노력이 무너져 화가 났지만, 동생을 너무 원망하는 것도 좋지 않을 것 같아 마음이 복잡했다. 이러한 상황에서, 결혼 생활에서 상대방과 소통으로 갈등을 풀어나가는 것	<분류>1</분류> <판단>좋다</판단>
[도덕_문장]: 회사 주차장이 부족해서 매일 아침 주차 자리를 찾지 못해 유료 주차장을 이용해야 하는데, 회사에서는 개인 사비로 해결하라고 해서 다시 건의할지 그냥 참고 넘어갈지 고민했다. 이런 상황일 때, 회사 주차장 문제를 개인의 사비로 해결하라고 말하는 것	<분류>-1</분류> <판단>바람직하지 않다</판단>
[도덕_문장]: 회사 주차장이 부족해서 매일 아침 주차 자리를 찾지 못해 유료 주차장을 이용해야 하는데, 회사에서는 개인 사비로 해결하라고 해서 다시 건의할지 그냥 참고 넘어갈지 고민했다. 이처럼, 업무와 관련된 문제가 개인의 사비로 해결될 경우, 회사에 개선을 요청하는 것	<분류>1</분류> <판단>권리가 있다</판단>
[도덕_문장]: 회사 주차장이 부족해서 매일 아침 주차 자리를 찾지 못해 유료 주차장을 이용해야 하는데, 회사에서는 개인 사비로 해결하라고 해서 다시 건의할지 그냥 참고 넘어갈지 고민했다. 이렇게, 회사가 필요할 때만 직원에게 개인 사비로 비용을 해결하라고 강요하는 것	<분류>-1</분류> <판단>바람직하지 않다</판단>
[도덕_문장]: 회사 주차장이 부족해서 매일 아침 주차 자리를 찾지 못해 유료 주차장을 이용해야 하는데, 회사에서는 개인 사비로 해결하라고 해서 다시 건의할지 그냥 참고 넘어갈지 고민했다. 이럴 때, 회사에서 직원들이 일하기 편하게 주차장을 충분히 확보해주는 것	<분류>1</분류> <판단>해야 한다</판단>
[도덕_문장]: 회사 주차장이 부족해서 매일 아침 주차 자리를 찾지 못해 유료 주차장을 이용해야 하는데, 회사에서는 개인 사비로 해결하라고 해서 다시 건의할지 그냥 참고 넘어갈지 고민했다. 이런 경우에, 회사의 비용 부담을 개인의 사비로 전가하는 것	<분류>-1</분류> <판단>옳지 않다</판단>
[도덕_문장]: 회사 주차장이 부족해서 매일 아침 주차 자리를 찾지 못해 유료 주차장을 이용해야 하는데, 회사에서는 개인 사비로 해결하라고 해서 다시 건의할지 그냥 참고 넘어갈지 고민했다. 이처럼, 회사가 직원에게 비용을 요구할 때 적절한 절차를 통해 협의를 진행하는 것	<분류>1</분류> <판단>해야 한다</판단>
[도덕_문장]: 출퇴근 지하철이 너무 붐벼서 힘들다고 친구에게 불만을 토로했는데, 친구가 제안한 출퇴근 시간을 피해 학원이나 운동을 하자는 해결책이 좋다고 생각하면서도 추가 비용 부담이 걱정되어 망설여졌다. 이럴 때, 問題解決を提案した友人に対して即座に反応しないこと	<분류>0</분류> <판단>よい</판단>
[도덕_문장]: 출퇴근 지하철이 너무 붐벼서 힘들다고 친구에게 불만을 토로했는데, 친구가 제안한 출퇴근 시간을 피해 학원이나 운동을 하자는 해결책이 좋다고 생각하면서도 추가 비용 부담이 걱정되어 망설여졌다. 이런 상황에서, 타인의 제안을 받아들이기 전에 자신의 여건을 고려해 판단하는 것	<분류>0</분류> <판단>바람직하다</판단>
[도덕_문장]: 콜센터에서 근무 중 음담패설을 하는 고객의 전화를 받았는데, 업무상 끊기 어려운 상황에서 참아야 할지 바로 신고해야 할지 고민했지만 결국 경찰에 신고했다. 이런 상황일 때, 직장에서 직원들에게 성희롱을 하는 것	<분류>-1</분류> <판단>나쁜 행동이다</판단>
[도덕_문장]: 콜센터에서 근무 중 음담패설을 하는 고객의 전화를 받았는데, 업무상 끊기 어려운 상황에서 참아야 할지 바로 신고해야 할지 고민했지만 결국 경찰에 신고했다. 이처럼, 직장에서 불쾌한 상황에 직면했을 때 적절한 조치를 취하는 것	<분류>1</분류> <판단>바람직하다</판단>
[도덕_문장]: 콜센터에서 근무 중 음담패설을 하는 고객의 전화를 받았는데, 업무상 끊기 어려운 상황에서 참아야 할지 바로 신고해야 할지 고민했지만 결국 경찰에 신고했다. 이처럼, 직장에서 불쾌한 언어나 성희롱을 경험했을 때 즉시 중단을 요청하고, 그에 따른 문제를 회사에 정식으로 신고하는 것	<분류>1</분류> <판단>해야 한다</판단>
[도덕_문장]: 갑상선암 진단을 받고 방사선 치료를 위해 저요오드 식단을 해야 하는데, 아플 때 먹고 싶은 음식들이 모두 금지 음식이라서 치료를 위해 참아야 할지 스트레스로 몸이 더 안 좋아질까 봐 먹고 싶은 대로 먹을지 고민했다. 이럴 때, 치료를 위해 필요한 식단 조절을 하더라도 스트레스가 많지 않도록 가족과 함께 이야기를 나누는 것	<분류>1</분류> <판단>좋다.</판단>
[도덕_문장]: 갑상선암 진단을 받고 방사선 치료를 위해 저요오드 식단을 해야 하는데, 아플 때 먹고 싶은 음식들이 모두 금지 음식이라서 치료를 위해 참아야 할지 스트레스로 몸이 더 안 좋아질까 봐 먹고 싶은 대로 먹을지 고민했다. 이런 상황일 때, 항암 치료를 위해 식사 조절을 어려워하더라도 극단적인 선택보다 조절을 통해 균형을 맞추는 것	<분류>1</분류> <판단>바람직하다</판단>
[도덕_문장]: 지인이 \"다음에 밥 한번 먹자\"고 말해서 진심으로 받아들이고 연락을 기다렸는데, 실제로는 단순한 인사말이어서 약속이 잡히지 않아 실망했다. 이렇게, 약속을 할 때 상대방이 오해하지 않도록 명확하게 의사를 표현하는 것	<분류>1</분류> <판단>좋다</판단>
[도덕_문장]: 지인이 \"다음에 밥 한번 먹자\"고 말해서 진심으로 받아들이고 연락을 기다렸는데, 실제로는 단순한 인사말이어서 약속이 잡히지 않아 실망했다. 이럴 때, 상대방에게 오해를 불러일으킬 만한 모호한 표현을 피하는 것	<분류>1</분류> <판단>좋다</판단>
[도덕_문장]: 카페에서 커피 주문 후 30분이 넘도록 나오지 않아 짜증이 났지만, 그 카페가 직접 원두를 볶아주는 유명한 곳이라는 걸 알고 나서 불평을 표현할지 말지 고민했다. 이처럼, 서비스 지연 시 개인적 상황과 경험이 감정에 영향을 미칠 수 있다는 점을 인지하는 것	<분류>1</분류> <판단>해야 한다</판단>
[도덕_문장]: 카페에서 커피 주문 후 30분이 넘도록 나오지 않아 짜증이 났지만, 그 카페가 직접 원두를 볶아주는 유명한 곳이라는 걸 알고 나서 불평을 표현할지 말지 고민했다. 이런 경우에, 유명한 곳이더라도 업무 처리에 대한 기대치를 합리적으로 판단하는 것	<분류>1</분류> <판단>해야 한다</판단>
[도덕_문장]: 건강검진 예약을 확실히 했다고 생각했는데 병원에서 예약이 안 되어 있다며 연차를 낸 하루가 통째로 망쳐져서 화가 났지만, 사과만 하는 병원 직원에게 어떻게 대응해야 할지 난감했다. 이런 경우에, 업무 처리 과정에서 실수가 발생하더라도 진심으로 사과하는 것	<분류>1</분류> <판단>옳다</판단>
[도덕_문장]: 건강검진 예약을 확실히 했다고 생각했는데 병원에서 예약이 안 되어 있다며 연차를 낸 하루가 통째로 망쳐져서 화가 났지만, 사과만 하는 병원 직원에게 어떻게 대응해야 할지 난감했다. 이런 상황일 때, 병원이 개인의 일정을 지키지 않은 책임을 인정하는 것	<분류>1</분류> <판단>좋다</판단>
[도덕_문장]: 건강검진 예약을 확실히 했다고 생각했는데 병원에서 예약이 안 되어 있다며 연차를 낸 하루가 통째로 망쳐져서 화가 났지만, 사과만 하는 병원 직원에게 어떻게 대응해야 할지 난감했다. 이처럼, 실수를 했을 때 진심으로 사과하는 것	<분류>1</분류> <판단>해야 한다</판단>
[도덕_문장]: 정시 퇴근을 했다는 이유로 상사가 다른 동료들이 보는 앞에서 불성실하다며 10분 넘게 꾸중을 해서 화가 났지만 참을 수밖에 없었다. 이럴 때, 직장 동료들 앞에서 부당한 대우를 하는 것	<분류>-1</분류> <판단>옳지 않다</판단>
[도덕_문장]: 정시 퇴근을 했다는 이유로 상사가 다른 동료들이 보는 앞에서 불성실하다며 10분 넘게 꾸중을 해서 화가 났지만 참을 수밖에 없었다. 이런 경우에, 동료들이 보는 앞에서 동료에게 비난하는 것	<분류>-1</분류> <판단>바람직하지 않다</판단>
[도덕_문장]: 회사에서 불규칙한 식사 시간 때문에 위염이 생겨 고통받고 있지만, 혼자만 건의하면 까탈스러워 보일까봐 걱정되어 참고 있었다. 이러한 상황에서, 회사에서 개인적인 불편함을 직원의 책임으로만 돌리는 것	<분류>-1</분류> <판단>바람직하지 않다</판단>
[도덕_문장]: 신입사원이 매번 일을 마무리하지 않고 퇴근해서 상사에게 지적을 받았는데, 직접 말하기는 애매하고 계속 방치하면 내 관리능력 부족으로 보일까봐 고민이다. 이처럼, 부하직원이 업무를 제대로 수행하지 않을 때 그 이유를 알아내는 것	<분류>1</분류> <판단>해야 한다</판단>
[도덕_문장]: 신입사원이 매번 일을 마무리하지 않고 퇴근해서 상사에게 지적을 받았는데, 직접 말하기는 애매하고 계속 방치하면 내 관리능력 부족으로 보일까봐 고민이다. 이런 상황에서, 직장에서 자신의 업무를 정해진 마감시간까지 모두 마무리하는 것	<분류>1</분류> <판단>바람직하다</판단>
[도덕_문장]: 신생아실에서 간호사가 내 아기를 한 손으로 대충 들고 분유를 먹이는 모습을 보고 화가 났지만, 전문가들이니 믿고 맡겨야 하는지 병실로 데려와야 하는지 고민했다. 이처럼, 의료진의 부적절한 행동으로 의심될 경우 문제를 제기하는 것	<분류>1</분류> <판단>해야 한다</판단>
[도덕_문장]: 신생아실에서 간호사가 내 아기를 한 손으로 대충 들고 분유를 먹이는 모습을 보고 화가 났지만, 전문가들이니 믿고 맡겨야 하는지 병실로 데려와야 하는지 고민했다. 이런 경우에, 신생아를 한 손으로 대충 들고 분유를 먹이거나 다른 조치를 하는 것	<분류>-1</분류> <판단>적절하지 않다</판단>
[도덕_문장]: 신생아실에서 간호사가 내 아기를 한 손으로 대충 들고 분유를 먹이는 모습을 보고 화가 났지만, 전문가들이니 믿고 맡겨야 하는지 병실로 데려와야 하는지 고민했다. 이럴 때, 신생아를 보육하는 시설의 직원에게 신생아를 대하는 방식에 대해 의견을 전달하는 것	<분류>1</분류> <판단>할 수 있다</판단>
[도덕_문장]: 모기 때문에 밤새 잠을 못 자서 피곤한 상태로 중요한 프로젝트 발표를 해야 하는데, 직장에서 졸거나 집중력이 떨어진 모습을 보이고 싶지 않아 고민이다. 이런 상황일 때, 중요한 발표일에 개인적인 불편사항보다 업무의 성공을 우선적으로 고려하는 것	<분류>1</분류> <판단>필요하다</판단>
[도덕_문장]: 모기 때문에 밤새 잠을 못 자서 피곤한 상태로 중요한 프로젝트 발표를 해야 하는데, 직장에서 졸거나 집중력이 떨어진 모습을 보이고 싶지 않아 고민이다. 이처럼, 개인적인 사정이 있을 경우 미리 연락을 하여 양해를 구하는 것	<분류>1</분류> <판단>좋다</판단>
[도덕_문장]: 모기 때문에 밤새 잠을 못 자서 피곤한 상태로 중요한 프로젝트 발표를 해야 하는데, 직장에서 졸거나 집중력이 떨어진 모습을 보이고 싶지 않아 고민이다. 이렇게, 직장에서 중요한 발표가 있을 때 미리 충분한 휴식과 준비를 해서 최상의 상태를 유지하는 것	<분류>1</분류> <판단>바람직하다</판단>
[도덕_문장]: 아내가 건강을 위해 라면을 금지했지만 너무 좋아해서 회사에서 몰래 먹고 있는데, 아내를 속이는 것 같아 죄책감이 든다. 이렇게, 배우자와 합의한 규칙을 어겼을 때 상대방의 기분을 고려하고 사실대로 이야기하는 것	<분류>1</분류> <판단>좋다</판단>
[도덕_문장]: 아이가 남편의 단점을 닮아서 화가 나지만, 남편을 사랑하는 마음과 아이를 온전히 사랑해야 한다는 마음 사이에서 갈등했다. 이런 상황에서, 부모가 자녀의 성향과 행동을 수용하면서 자녀에게 올바른 가치관을 알려주는 것	<분류>1</분류> <판단>되어야 한다</판단>
[도덕_문장]: 아이가 남편의 단점을 닮아서 화가 나지만, 남편을 사랑하는 마음과 아이를 온전히 사랑해야 한다는 마음 사이에서 갈등했다. 이러한 상황에서, 가족 구성원이 서로에게 어려움을 털어놓을 수 있는 환경을 조성하는 것	<분류>1</분류> <판단>바람직하다</판단>
[도덕_문장]: 아이가 남편의 단점을 닮아서 화가 나지만, 남편을 사랑하는 마음과 아이를 온전히 사랑해야 한다는 마음 사이에서 갈등했다. 이런 상황에서, 아이를 양육하는 것	<분류>1</분류> <판단>사회적, 가정적 책임이 함께 공존한다</판단>
[도덕_문장]: 신입사원이 계획 없이 일을 처리해서 업무가 계속 밀리고 있는데, 직접 지적해야 할지 아니면 좀 더 지켜봐야 할지 고민이 된다. 이런 상황일 때, 입사한지 얼마 안된 신입사원에게 업무 지침을 구체적으로 전달하고 적응을 돕는 것	<분류>1</분류> <판단>해야 한다</판단>
[도덕_문장]: 맞벌이를 하는데도 남편이 집안일을 전혀 도와주지 않아서 혼자 모든 가사를 떠안게 되어 결국 식기세척기를 사야 했다. 이렇게, 집안일에 대한 공정한 분담이 이루어지지 않을 경우 다른 구성원과 문제를 공유하고 필요한 경우 적절한 해결책을 모색하는 것	<분류>1</분류> <판단>옳다.</판단>
[도덕_문장]: 맞벌이를 하는데도 남편이 집안일을 전혀 도와주지 않아서 혼자 모든 가사를 떠안게 되어 결국 식기세척기를 사야 했다. 이렇게, 가사 분담을 일방적으로 맡았을 때 자신의 시간과 노력을 인정받는 것	<분류>1</분류> <판단>권리가 있다</판단>
[도덕_문장]: 맞벌이를 하는데도 남편이 집안일을 전혀 도와주지 않아서 혼자 모든 가사를 떠안게 되어 결국 식기세척기를 사야 했다. 이럴 때, 가사 분담을 제대로 해주지 않는 것	<분류>-1</분류> <판단>나쁘다</판단>
[도덕_문장]: 친구의 친한 형이라는 소개로 중고차를 보러 갔는데 침수차량인 것을 숨기고 팔려고 해서 화가 났지만 아는 사이라 어떻게 대응해야 할지 고민됐다. 이런 경우에, 아는 사람을 속여서 물건을 파는 것	<분류>-1</분류> <판단>옳지 않다</판단>
[도덕_문장]: 친구의 친한 형이라는 소개로 중고차를 보러 갔는데 침수차량인 것을 숨기고 팔려고 해서 화가 났지만 아는 사이라 어떻게 대응해야 할지 고민됐다. 이런 경우에, 타인에게 피해를 주는 것	<분류>-1</분류> <판단>옳지 않다</판단>
[도덕_문장]: 회사에서 해외 연수 기회를 받았는데 연수 후 1년간 미국 근무 조건을 나중에 알게 되어 좋은 기회를 놓칠까 봐 고민되지만 예상보다 긴 해외 체류 기간 때문에 망설여졌다. 이럴 때, 회사에서 주어진 기회를 신중하게 판단하는 것	<분류>0</분류> <판단>당연하다</판단>
[도덕_문장]: 친구와의 약속 날짜가 헷갈려서 확인했는데 친구가 오늘이 맞다고 해서 나갔더니 실제로는 내일 약속이었고, 친구는 자신이 잘못 말한 것을 인정하지 않아 화가 났다. 이런 상황에서, 친구의 잘못된 정보를 일방적으로 우기는 것	<분류>-1</분류> <판단>적절하지 않다</판단>
[도덕_문장]: 친구가 신용카드 현금서비스로 빌려간 돈을 약속한 날짜에 갚지 못하겠다며 몇 달만 기다려달라고 하는데, 나도 카드값 때문에 어려운 상황이라 화가 나지만 친구 사정을 이해해야 할지 고민된다. 이처럼, 친구를 도와줘야 하는 상황에서도 자신의 상황을 고려해 갚을 수 있는 범위 내에서만 도움을 주도록 요청하는 것	<분류>1</분류> <판단>옳다</판단>
[도덕_문장]: 물가가 오른 식당에서 밥을 먹고 싶었지만 돈이 아까워서 결국 질린 편의점 도시락을 또 사먹었다. 이런 상황에서, 물가가 오르면 가격이 더 저렴한 대안을 찾는 것	<분류>1</분류> <판단>바람직한 행동이다</판단>
[도덕_문장]: 물가가 오른 식당에서 밥을 먹고 싶었지만 돈이 아까워서 결국 질린 편의점 도시락을 또 사먹었다. 이런 상황일 때, 생활 여건에 따라 선택을 조정하는 것	<분류>0</분류> <판단>현명하다</판단>
[도덕_문장]: 물가가 오른 식당에서 밥을 먹고 싶었지만 돈이 아까워서 결국 질린 편의점 도시락을 또 사먹었다. 이런 경우에, 물가 상승을 감안해 식비를 조절하는 것	<분류>1</분류> <판단>좋다</판단>
[도덕_문장]: 남편이 퇴근 후 피곤하다며 아이들과 놀아주지 않고 자려고만 해서 아이들이 아빠를 찾아도 깨우지 못하고 혼자 육아를 감당해야 하는 상황이 반복되어 속상했다. 이러한 상황에서, 남편이 육아의 책임을 회피하는 것	<분류>-1</분류> <판단>안 되다</판단>
[도덕_문장]: 애인이 회사 워크숍이라고 거짓말하고 다른 여자와 여행을 갔다는 사실을 알게 되었는데, 애인은 사과하지 않고 오히려 내가 이해심이 부족하다며 나를 탓해서 헤어질지 고민하고 있다. 이럴 때, 다른 사람과 함께 하는 시간에 연인에 대한 거짓말을 하는 것	<분류>-1</분류> <판단>바람직하지 않다</판단>
[도덕_문장]: 애인이 회사 워크숍이라고 거짓말하고 다른 여자와 여행을 갔다는 사실을 알게 되었는데, 애인은 사과하지 않고 오히려 내가 이해심이 부족하다며 나를 탓해서 헤어질지 고민하고 있다. 이처럼, 연인 사이에 신뢰가 깨졌을 때 관계를 재정립하거나 관계를 정리하는 것	<분류>1</분류> <판단>필요하다</판단>
[도덕_문장]: 성인이 된 나는 친구와의 술자리가 길어져 늦게 귀가했는데, 엄마가 연락도 없이 늦게 들어온다며 화를 내셔서 독립하고 싶다는 생각과 부모님을 걱정시키지 않아야 한다는 마음 사이에서 갈등했다. 이런 경우에, 성인이 된 자녀가 늦은 귀가에 대해 부모님께 먼저 연락하는 것	<분류>1</분류> <판단>해야 한다</판단>
[도덕_문장]: 성인이 된 나는 친구와의 술자리가 길어져 늦게 귀가했는데, 엄마가 연락도 없이 늦게 들어온다며 화를 내셔서 독립하고 싶다는 생각과 부모님을 걱정시키지 않아야 한다는 마음 사이에서 갈등했다. 이럴 때, 자녀가 늦게 들어오더라도 연락을 하는 것	<분류>1</분류> <판단>바람직하다</판단>
[도덕_문장]: 퇴사한 회사에서 한 달이 넘도록 퇴직금을 주지 않아 고용노동부에 신고할지 아니면 좀 더 기다려볼지 고민했다. 이런 상황일 때, 부당한 행위에 대한 신고를 하는 것	<분류>1</분류> <판단>정당한 행동이다</판단>
[도덕_문장]: 퇴사한 회사에서 한 달이 넘도록 퇴직금을 주지 않아 고용노동부에 신고할지 아니면 좀 더 기다려볼지 고민했다. 이런 상황일 때, 정당한 사유 없이 퇴직금을 지급하지 않는 것	<분류>-1</분류> <판단>옳지 않다</판단>
[도덕_문장]: 퇴사한 회사에서 한 달이 넘도록 퇴직금을 주지 않아 고용노동부에 신고할지 아니면 좀 더 기다려볼지 고민했다. 이처럼, 퇴사 처리가 원활히 진행되지 않는 경우 고용노동부에 신고하는 것	<분류>1</분류> <판단>좋다</판단>
[도덕_문장]: 퇴사한 회사에서 한 달이 넘도록 퇴직금을 주지 않아 고용노동부에 신고할지 아니면 좀 더 기다려볼지 고민했다. 이런 상황일 때, 회사가 퇴직금 지급에 대한 의무를 성실히 이행하는 것	<분류>1</분류> <판단>해야 한다</판단>
[도덕_문장]: 휴대폰을 잃어버려서 그 안에 있던 소중한 사진들이 모두 사라질까 봐 걱정되는데, 데이터를 아끼려고 자동 백업 기능을 꺼두었던 것이 후회된다. 이러한 상황에서, 휴대폰에 저장된 중요한 사진을 별도로 백업해 놓는 것	<분류>1</분류> <판단>바람직하다</판단>
[도덕_문장]: 딸이 남자친구와 사귀는 것을 알게 되었는데, 그 남자가 미래에 대한 계획도 없고 철이 없어 보여서 반대하고 싶지만 딸의 연애에 간섭하는 것이 옳은지 고민되었다. 이럴 때, 부모의 입장에서 자식을 보호하려는 노력을 이해하고 스스로의 선택을 존중하는 것	<분류>1</분류> <판단>좋다</판단>
[도덕_문장]: 딸이 남자친구와 사귀는 것을 알게 되었는데, 그 남자가 미래에 대한 계획도 없고 철이 없어 보여서 반대하고 싶지만 딸의 연애에 간섭하는 것이 옳은지 고민되었다. 이런 경우에, 자녀의 관계에 대해 조언을 하는 것	<분류>1</분류> <판단>할 수 있다</판단>
[도덕_문장]: 독서실에서 옆자리 사람이 몇 시간째 키보드 소리를 내어 집중이 안 되는데, 나이가 지긋한 분이라 뭐라 말하기 어려워서 그냥 참고 있다가 결국 자리를 옮기기로 했다. 이런 경우에, 공공장소에서 주변 사람들에게 피해가 가지 않도록 소음을 줄이는 것	<분류>1</분류> <판단>바람직하다</판단>
[도덕_문장]: 독서실에서 옆자리 사람이 몇 시간째 키보드 소리를 내어 집중이 안 되는데, 나이가 지긋한 분이라 뭐라 말하기 어려워서 그냥 참고 있다가 결국 자리를 옮기기로 했다. 이런 경우에, 공공시설을 이용 규칙에 따라 타인에게 방해가 되지 않게 이용하는 것	<분류>1</분류> <판단>옳다</판단>
[도덕_문장]: 칫솔질을 할 때마다 구역질이 나서 괴로운데, 화장실에서 동료들과 함께 있을 때 구토 소리가 날까봐 부끄러워서 제대로 양치를 못하겠다. 이처럼, 동료들과 함께 있을 때, 자신의 불편함으로 인해 다른 사람들이 불편해질 것을 우려하는 것	<분류>1</분류> <판단>존중받아야 한다</판단>
[도덕_문장]: 칫솔질을 할 때마다 구역질이 나서 괴로운데, 화장실에서 동료들과 함께 있을 때 구토 소리가 날까봐 부끄러워서 제대로 양치를 못하겠다. 이럴 때, 자신의 신체적 불편함을 이해하면서도 그 불편함이 공동 공간에서의 상호작용에 부정적인 영향을 미치지 않도록 배려하는 것	<분류>1</분류> <판단>바람직하다</판단>
[도덕_문장]: 칫솔질을 할 때마다 구역질이 나서 괴로운데, 화장실에서 동료들과 함께 있을 때 구토 소리가 날까봐 부끄러워서 제대로 양치를 못하겠다. 이렇게, 개인적인 문제 때문에 불편함을 느낄 때 주변 사람들에게 상황을 설명하고 이해를 구하는 것	<분류>1</분류> <판단>좋다</판단>
[도덕_문장]: 칫솔질을 할 때마다 구역질이 나서 괴로운데, 화장실에서 동료들과 함께 있을 때 구토 소리가 날까봐 부끄러워서 제대로 양치를 못하겠다. 이런 상황일 때, 자신의 상태가 불편하더라도 공공장소에서 타인에게 불편을 주지 않도록 적절한 조치를 취하는 것	<분류>1</분류> <판단>바람직하다</판단>
[도덕_문장]: 면접에서 떨어진 후 내정자가 있었다는 사실을 알게 되어 앞으로의 면접들도 모두 형식적일까봐 두려워하면서도 계속 지원해야 할지 고민했다. 이런 경우에, 면접 과정에서 내정자를 지정하여 공정성을 훼손하는 것	<분류>-1</분류> <판단>옳지 않다</판단>
[도덕_문장]: 만원 지하철에서 성추행을 당해 즉시 소리를 질러 상황을 알렸지만 모든 시선이 집중되어 당황스러웠고, 경찰서 신고 과정에서 바쁜 일상 중에도 계속 왔다 갔다 해야 하는 상황이 너무 거슬렸다. 이런 경우에, 상대방의 의사에 반해 신체적 접촉을 요구하거나 불쾌한 접촉을 시도하는 것	<분류>-1</분류> <판단>옳지 않다</판단>
[도덕_문장]: 알바생이 말도 없이 잠수를 타서 혼자 가게 일을 다 해야 하는 상황인데, 다음 날 미안하다며 웃으면서 출근하는 알바생을 해고해야 할지 참고 써야 할지 고민했다. 이런 상황에서, 알바생이 직장을 그만두면서 말없이 잠수를 타는 것	<분류>-1</분류> <판단>바람직하지 않다</판단>
[도덕_문장]: 혼자 살면서 층간소음에 신경써서 조심히 생활하고 있는데 아랫집에서 소음 민원을 넣어서 억울하고 화가 났지만, 친구 말을 듣고 보니 다른 집 소음을 우리 집으로 착각했을 수도 있겠다는 생각이 들었다. 이런 경우에, 층간소음에 신경 써서 생활하는 것	<분류>1</분류> <판단>바람직하다</판단>
[도덕_문장]: 혼자 살면서 층간소음에 신경써서 조심히 생활하고 있는데 아랫집에서 소음 민원을 넣어서 억울하고 화가 났지만, 친구 말을 듣고 보니 다른 집 소음을 우리 집으로 착각했을 수도 있겠다는 생각이 들었다. 이처럼, 자신의 생활 방식과 가치관이 타인과 충돌할 때, 감정적인 반응보다 상황에 대한 객관적인 판단과 이해를 시도하는 것	<분류>1</분류> <판단>필요하다</판단>
[도덕_문장]: 혼자 살면서 층간소음에 신경써서 조심히 생활하고 있는데 아랫집에서 소음 민원을 넣어서 억울하고 화가 났지만, 친구 말을 듣고 보니 다른 집 소음을 우리 집으로 착각했을 수도 있겠다는 생각이 들었다. 이처럼, 층간소음 민원이 접수된 경우 사실 확인을 하는 것	<분류>1</분류> <판단>바람직하다</판단>
[도덕_문장]: 혼자 살면서 층간소음에 신경써서 조심히 생활하고 있는데 아랫집에서 소음 민원을 넣어서 억울하고 화가 났지만, 친구 말을 듣고 보니 다른 집 소음을 우리 집으로 착각했을 수도 있겠다는 생각이 들었다. 이처럼, 층간소음 문제로 억울한 상황이 생겼을 때 감정적으로 대응하기보다 침착하게 상황을 판단하는 것	<분류>1</분류> <판단>필요하다</판단>
[도덕_문장]: 혼자 살면서 층간소음에 신경써서 조심히 생활하고 있는데 아랫집에서 소음 민원을 넣어서 억울하고 화가 났지만, 친구 말을 듣고 보니 다른 집 소음을 우리 집으로 착각했을 수도 있겠다는 생각이 들었다. 이처럼, 갈등 상황에 직면했을 때 자신의 감정을 차분하게 정리하고 대화를 통해 해결하려는 자세를 갖는 것	<분류>1</분류> <판단>중요하다</판단>
[도덕_문장]: 혼자 살면서 층간소음에 신경써서 조심히 생활하고 있는데 아랫집에서 소음 민원을 넣어서 억울하고 화가 났지만, 친구 말을 듣고 보니 다른 집 소음을 우리 집으로 착각했을 수도 있겠다는 생각이 들었다. 이렇게, 층간소음 문제로 억울한 마음을 가졌을 때 타인에게 화풀이 하지 않고 상황을 객관적으로 바라보는 것	<분류>1</분류> <판단>바람직하다</판단>
[도덕_문장]: 혼자 살면서 층간소음에 신경써서 조심히 생활하고 있는데 아랫집에서 소음 민원을 넣어서 억울하고 화가 났지만, 친구 말을 듣고 보니 다른 집 소음을 우리 집으로 착각했을 수도 있겠다는 생각이 들었다. 이처럼, 층간소음으로 인한 갈등 상황에서 오해나 착각이 있을 수 있음을 인지하고 상황을 먼저 확인하는 것	<분류>1</분류> <판단>가져야 한다</판단>
[도덕_문장]: 조별 과제에서 한 조원이 회의 중 계속 딴지를 걸고 연락도 무시하며 잠수를 타서, 그 조원을 과제에서 제외할지 아니면 끝까지 기다려볼지 고민했다. 이러한 상황에서, 과제를 수행하는 데 있어 개인의 참여에 대한 책임을 회피하는 것	<분류>-1</분류> <판단>안 되다</판단>
[도덕_문장]: 남편이 내 동의 없이 시어른들과 가족여행을 추진해놓고 시어머니를 통해 알게 되어 화가 났지만, 아이들 앞에서 부부싸움을 하고 싶지 않아 감정을 억누르고 이성적으로 대화해야 할지 고민했다. 이러한 상황에서, 가족과의 여행에서 함께 의사결정을 하는 것	<분류>1</분류> <판단>해야 한다</판단>
[도덕_문장]: 남편이 내 동의 없이 시어른들과 가족여행을 추진해놓고 시어머니를 통해 알게 되어 화가 났지만, 아이들 앞에서 부부싸움을 하고 싶지 않아 감정을 억누르고 이성적으로 대화해야 할지 고민했다. 이런 상황일 때, 부부 간의 사적인 대화를 각자의 의견과 감정이 충분히 존중되는 방식으로 진행하는 것	<분류>1</분류> <판단>되어야 한다</판단>
[도덕_문장]: 남편이 내 동의 없이 시어른들과 가족여행을 추진해놓고 시어머니를 통해 알게 되어 화가 났지만, 아이들 앞에서 부부싸움을 하고 싶지 않아 감정을 억누르고 이성적으로 대화해야 할지 고민했다. 이처럼, 자녀들이 있는 가정에서 여행이나 중요한 결정을 할 때 가족 구성원 모두와 논의하여 결정하는 것	<분류>1</분류> <판단>해야 한다</판단>
[도덕_문장]: 남편이 내 동의 없이 시어른들과 가족여행을 추진해놓고 시어머니를 통해 알게 되어 화가 났지만, 아이들 앞에서 부부싸움을 하고 싶지 않아 감정을 억누르고 이성적으로 대화해야 할지 고민했다. 이처럼, 가족여행에 대한 의견이 분분할 때 아이들을 생각해 대화를 통해 해결하는 것	<분류>1</분류> <판단>바람직하다</판단>
[도덕_문장]: 직장 동료가 혈액형을 물어보며 성격을 단정지어 말해서 과거 안 좋은 기억이 떠올라 화를 냈는데, 나중에 생각해보니 상대방이 친해지려고 건넨 말일 수도 있어서 과하게 반응한 것 같아 미안했다. 이런 상황일 때, 타인이 자신의 의도를 왜곡해서 받아들여도 이해해주는 것	<분류>1</분류> <판단>좋다</판단>
[도덕_문장]: 직장 동료가 혈액형을 물어보며 성격을 단정지어 말해서 과거 안 좋은 기억이 떠올라 화를 냈는데, 나중에 생각해보니 상대방이 친해지려고 건넨 말일 수도 있어서 과하게 반응한 것 같아 미안했다. 이렇게, 상대의 말이 불쾌할 때 적절한 표현을 찾아 대응하는 것	<분류>1</분류> <판단>좋다</판단>
[도덕_문장]: 직장 동료가 혈액형을 물어보며 성격을 단정지어 말해서 과거 안 좋은 기억이 떠올라 화를 냈는데, 나중에 생각해보니 상대방이 친해지려고 건넨 말일 수도 있어서 과하게 반응한 것 같아 미안했다. 이처럼, 자신이 한 말이나 행동으로 상대방에게 불쾌감을 주었을 때 즉시 사과하는 것	<분류>1</분류> <판단>좋다</판단>
[도덕_문장]: 직장 동료가 혈액형을 물어보며 성격을 단정지어 말해서 과거 안 좋은 기억이 떠올라 화를 냈는데, 나중에 생각해보니 상대방이 친해지려고 건넨 말일 수도 있어서 과하게 반응한 것 같아 미안했다. 이럴 때, 타인에게 혈액형과 같은 개인 정보를 함부로 물어보는 것	<분류>-1</분류> <판단>안 된다</판단>
[도덕_문장]: 직장 동료가 혈액형을 물어보며 성격을 단정지어 말해서 과거 안 좋은 기억이 떠올라 화를 냈는데, 나중에 생각해보니 상대방이 친해지려고 건넨 말일 수도 있어서 과하게 반응한 것 같아 미안했다. 이런 상황에서, 상대의 의도를 오해했더라도 상대를 비난하기보다 대화로 해결하려는 것	<분류>1</분류> <판단>필요하다</판단>
[도덕_문장]: 직장 동료가 혈액형을 물어보며 성격을 단정지어 말해서 과거 안 좋은 기억이 떠올라 화를 냈는데, 나중에 생각해보니 상대방이 친해지려고 건넨 말일 수도 있어서 과하게 반응한 것 같아 미안했다. 이런 상황에서, 혈액형과 성격을 이용해 개인의 성격을 단정하는 근거로 사용하는 것	<분류>0</분류> <판단>좋지 않다</판단>
[도덕_문장]: 회사 탕비실이 항상 지저분한데 아무도 치우지 않아서 매번 내가 혼자 치우게 되는 상황이 반복되어 화가 났지만, 상사에게 문제제기를 해야 할지 그냥 참고 넘어가야 할지 고민했다. 이렇게, 다른 사람이 직장에서 불편한 상황에 처해 있을 때 상황을 개선할 방법을 찾는 것	<분류>1</분류> <판단>바람직하다</판단>
[도덕_문장]: 연인이 다른 사람과 몰래 여행을 갔다는 사실을 핸드폰을 몰래 봐서 알게 되었는데, 상대방은 사생활 침해라며 오히려 화를 냈다. 이런 상황일 때, 연인 사이에서 상대방의 사생활을 존중하는 것	<분류>1</분류> <판단>옳다</판단>
[도덕_문장]: 연인이 다른 사람과 몰래 여행을 갔다는 사실을 핸드폰을 몰래 봐서 알게 되었는데, 상대방은 사생활 침해라며 오히려 화를 냈다. 이런 상황일 때, 연인이 상대방의 핸드폰을 확인하는 것	<분류>-1</분류> <판단>안 되다</판단>
[도덕_문장]: 미용실 예약을 해놨지만 올해 유행하는 긴 머리 스타일을 보고 나서 단발을 자를지 말지 고민되어 예약 1시간 전에 취소했다. 이렇게, 예약 변경을 원할 때 미리 연락하는 것	<분류>1</분류> <판단>좋다</판단>
[도덕_문장]: 미용실 예약을 해놨지만 올해 유행하는 긴 머리 스타일을 보고 나서 단발을 자를지 말지 고민되어 예약 1시간 전에 취소했다. 이처럼, 타인에게 직접적인 피해를 주지 않고 자신의 취향과 상황에 따라 예약을 취소하는 것	<분류>0</분류> <판단>바람직하다</판단>
[도덕_문장]: 미용실 예약을 해놨지만 올해 유행하는 긴 머리 스타일을 보고 나서 단발을 자를지 말지 고민되어 예약 1시간 전에 취소했다. 이렇게, 예약 시간을 변경하거나 취소할 경우 가능한 빠른 연락을 하는 것	<분류>1</분류> <판단>좋다</판단>
[도덕_문장]: 부모님이 집에 오신다고 하셨는데 야근과 특근으로 너무 피곤해서 집을 치울 수 없는 상황에서 언니에게 도움을 요청하고 싶지만 미안한 마음이 들어 고민했다. 이처럼, 가족 구성원에게 도움을 요청할 때 서로의 상황을 고려하여 예의 바르게 요청하는 것	<분류>1</분류> <판단>해야 한다</판단>
[도덕_문장]: 부모님이 집에 오신다고 하셨는데 야근과 특근으로 너무 피곤해서 집을 치울 수 없는 상황에서 언니에게 도움을 요청하고 싶지만 미안한 마음이 들어 고민했다. 이처럼, 다른 가족 구성원에게 부탁을 할 때 미안하더라도 자신의 상황을 진솔하게 설명하는 것	<분류>1</분류> <판단>바람직하다</판단>
[도덕_문장]: 아버지가 입원한 병원에서 더 이상 치료할 게 없다며 퇴원을 통보받았는데, 화가 나서 당장 병원에 찾아가 따지고 싶은 마음과 냉정하게 아버지를 위한 최선의 방법을 찾아야 한다는 마음 사이에서 갈등했다. 이렇게, 건강과 관련된 결정을 할 때 의사의 권고를 존중하는 태도를 유지하는 것	<분류>1</분류> <판단>옳다</판단>
[도덕_문장]: 친구에게 빌려준 책을 여러 번 돌려달라고 했는데도 계속 미루자, 더 강하게 요구하면 속 좁아 보일까 봐 고민되었다. 이렇게, 친구와 갈등 상황이 생겼을 때 차분하게 소통하는 것	<분류>1</분류> <판단>바람직하다</판단>
[도덕_문장]: 인터넷으로 주문한 접시가 배송 중 박스가 구겨진 채로 도착해서 택배 기사에게 화를 낼지 말지 고민했다. 이렇게, 상품을 수령하기 전에 상품의 상태를 확인하고 문제가 있을 경우 적절한 대처를 요구하는 것	<분류>1</분류> <판단>정당하다</판단>
[도덕_문장]: 매일 일찍 일어나려고 알람을 맞춰놓고 노력하지만 계속 늦잠을 자서 수업에 지각하게 되어 나 자신에게 화가 나고 좌절감이 든다. 이런 상황일 때, 늦잠을 자는 것	<분류>0</분류> <판단>나쁜 행동이 아니다</판단>
[도덕_문장]: 재택근무 중 에어컨이 고장 났는데 서비스 센터 전화가 연결되지 않아 답답하고 화가 났지만, 언니가 화를 내봤자 해결되지 않으니 차분해지라고 해서 마음을 진정시켜야 할지 계속 짜증을 낼지 고민했다. 이처럼, 서비스 요청이 원활하지 않을 때 개인적인 감정보다는 해결 방법을 먼저 찾는 것	<분류>1</분류> <판단>좋다</판단>
[도덕_문장]: 다이어트를 위해 한 달간 탄수화물을 끊고 있는데 체중 변화가 없어서 포기하고 싶지만, 지금까지 참아온 노력이 아까워서 계속할지 그만둘지 고민이다. 이럴 때, 자신의 건강을 위해 행동을 멈추거나 바꾸는 것	<분류>0</분류> <판단>나쁘지 않다</판단>
[도덕_문장]: 다이어트를 위해 한 달간 탄수화물을 끊고 있는데 체중 변화가 없어서 포기하고 싶지만, 지금까지 참아온 노력이 아까워서 계속할지 그만둘지 고민이다. 이런 상황일 때, 단기간에 변화를 보지 못하더라도 꾸준히 노력하는 것	<분류>1</분류> <판단>바람직하다</판단>
[도덕_문장]: 다이어트를 위해 한 달간 탄수화물을 끊고 있는데 체중 변화가 없어서 포기하고 싶지만, 지금까지 참아온 노력이 아까워서 계속할지 그만둘지 고민이다. 이런 경우에, 체중 관리를 개인의 자율적인 판단에 맡기는 것	<분류>1</분류> <판단>적절하다</판단>
[도덕_문장]: 세입자가 석 달째 월세를 밀리고 있어서 법적 조치를 취하겠다고 통보했지만, 좋은 건물주가 되고 싶었던 마음과 달리 사람을 쫓아내는 것 같아 미안하고 답답했다. 이런 상황일 때, 금전적 의무를 이행하지 않은 사람을 법적으로 대응하는 것	<분류>0</분류> <판단>할 수 있다</판단>
[도덕_문장]: 세입자가 석 달째 월세를 밀리고 있어서 법적 조치를 취하겠다고 통보했지만, 좋은 건물주가 되고 싶었던 마음과 달리 사람을 쫓아내는 것 같아 미안하고 답답했다. 이러한 상황에서, 법적 조치를 취하면서 임차인에게 경제적 타격을 최소화하는 것	<분류>1</분류> <판단>옳다</판단>
[도덕_문장]: 세입자가 석 달째 월세를 밀리고 있어서 법적 조치를 취하겠다고 통보했지만, 좋은 건물주가 되고 싶었던 마음과 달리 사람을 쫓아내는 것 같아 미안하고 답답했다. 이렇게, 건물주가 법적 조치를 취할 경우 그 이유를 충분히 설명하는 것	<분류>1</분류> <판단>필요하다</판단>
[도덕_문장]: 세입자가 석 달째 월세를 밀리고 있어서 법적 조치를 취하겠다고 통보했지만, 좋은 건물주가 되고 싶었던 마음과 달리 사람을 쫓아내는 것 같아 미안하고 답답했다. 이렇게, 임차인의 사정이 힘들 때 상황을 조율하는 것	<분류>1</분류> <판단>좋다</판단>
[도덕_문장]: 아이를 위해 온종일 정성들여 김밥을 만들었는데 남편이 맛없다며 안 먹어서 지친 몸으로 다시 저녁을 준비해야 했다. 이런 상황에서, 남편이 아내의 요리를 존중하는 것	<분류>1</분류> <판단>해야 한다</판단>
[도덕_문장]: 아이를 위해 온종일 정성들여 김밥을 만들었는데 남편이 맛없다며 안 먹어서 지친 몸으로 다시 저녁을 준비해야 했다. 이런 상황일 때, 아이를 위해 정성을 들인 음식을 아내에게 강요하는 것	<분류>-1</분류> <판단>옳지 않다</판단>
[도덕_문장]: 회사에서 스트레스를 받았을 때 매운 음식으로 풀고 싶었지만 어릴 때부터 매운 걸 못 먹어서 참아야 하는 상황이 더욱 화가 났다. 이처럼, 본인의 체질과 한계를 인정하고 상황에 맞는 다른 방법으로 스트레스를 해소하려는 것	<분류>1</분류> <판단>옳다</판단>
[도덕_문장]: 회사에서 스트레스를 받았을 때 매운 음식으로 풀고 싶었지만 어릴 때부터 매운 걸 못 먹어서 참아야 하는 상황이 더욱 화가 났다. 이럴 때, 자신의 체질과 취향을 존중하는 것	<분류>1</분류> <판단>해야 한다</판단>
[도덕_문장]: 와이프가 추천한 맛집에서 2시간을 기다린 후 음식이 입맛에 맞지 않아 불만을 표했는데, 와이프는 맛있다며 내 반응을 이해하지 못해서 서로 싸우게 되었다. 이런 경우에, 배우자가 불만을 표시하는 것을 이해하는 것	<분류>1</분류> <판단>해야 한다</판단>
[도덕_문장]: 밤늦게 매운 음식을 먹으면 안 된다는 것을 알면서도 먹방을 보다가 참지 못하고 떡볶이를 주문해서 먹었더니 응급실에 실려갔다. 이럴 때, 자신의 건강을 고려하지 않고 무리하게 행동하는 것	<분류>-1</분류> <판단>바람직하지 않다</판단>
[도덕_문장]: 남편이 내가 아파서 먹으려고 시킨 죽 속 전복과 통닭까지 먹어버려서 이혼을 고려할 정도로 화가 났지만, 대화로 해결해보려고 한다. 이런 경우에, 배우자와 갈등이 있으면 배우자의 입장을 이해하고 대화로 문제를 해결하려 노력하는 것	<분류>1</분류> <판단>해야 한다</판단>
[도덕_문장]: 남편이 내가 아파서 먹으려고 시킨 죽 속 전복과 통닭까지 먹어버려서 이혼을 고려할 정도로 화가 났지만, 대화로 해결해보려고 한다. 이럴 때, 배우자에게 기분 상한 부분이 있다면 화내기보다 차분하게 자신의 감정을 표현하는 것	<분류>1</분류> <판단>바람직하다</판단>
[도덕_문장]: 남편이 내가 아파서 먹으려고 시킨 죽 속 전복과 통닭까지 먹어버려서 이혼을 고려할 정도로 화가 났지만, 대화로 해결해보려고 한다. 이런 경우에, 가족의 배려와 관계 유지의 중요성을 인지하고, 대화와 소통을 통해 갈등을 해결하려는 태도를 가지는 것	<분류>1</분류> <판단>옳다</판단>
[도덕_문장]: 남편이 내가 아파서 먹으려고 시킨 죽 속 전복과 통닭까지 먹어버려서 이혼을 고려할 정도로 화가 났지만, 대화로 해결해보려고 한다. 이렇게, 배우자에게 상처를 받았을 때 대화로 해결하는 것	<분류>1</분류> <판단>좋다</판단>
[도덕_문장]: 남자친구가 기념일 데이트 계획을 전혀 세우지 않아서 매번 싸우게 되는데, 이런 성격을 받아들여야 할지 아니면 계속 바뀌길 요구해야 할지 고민이다. 이럴 때, 연인과의 문제를 대화를 통해 해결하려 노력하는 것	<분류>1</분류> <판단>해야 한다</판단>
[도덕_문장]: 남자친구가 기념일 데이트 계획을 전혀 세우지 않아서 매번 싸우게 되는데, 이런 성격을 받아들여야 할지 아니면 계속 바뀌길 요구해야 할지 고민이다. 이런 상황일 때, 남자친구와의 갈등에서 서로의 타협점을 찾는 것	<분류>1</분류> <판단>성숙해질 수 있다</판단>
[도덕_문장]: 남자친구가 기념일 데이트 계획을 전혀 세우지 않아서 매번 싸우게 되는데, 이런 성격을 받아들여야 할지 아니면 계속 바뀌길 요구해야 할지 고민이다. 이러한 상황에서, 기념일과 같은 중요한 순간을 계획하지 않는 것	<분류>-1</분류> <판단>좋지 않다</판단>
[도덕_문장]: 새로 온 직원이 업무를 복잡하게 처리하며 절차를 강요해서 화가 났지만, 선배로서 참고 협력해야 할지 아니면 효율성을 위해 강하게 의견을 표현해야 할지 고민했다. 이렇게, 동료 간에 의견이 다를 때 차분하게 대화로 문제를 해결하는 것	<분류>1</분류> <판단>해야 한다</판단>
[도덕_문장]: 새로 온 직원이 업무를 복잡하게 처리하며 절차를 강요해서 화가 났지만, 선배로서 참고 협력해야 할지 아니면 효율성을 위해 강하게 의견을 표현해야 할지 고민했다. 이처럼, 갈등을 느낄 때 서로의 의도를 존중하면서 대화를 통해 합의점을 찾는 것	<분류>1</분류> <판단>좋다</판단>
[도덕_문장]: 새로 온 직원이 업무를 복잡하게 처리하며 절차를 강요해서 화가 났지만, 선배로서 참고 협력해야 할지 아니면 효율성을 위해 강하게 의견을 표현해야 할지 고민했다. 이럴 때, 직장 내 갈등을 차분하게 상대를 존중하는 방식으로 해결하려는 것	<분류>1</분류> <판단>필요하다</판단>
[도덕_문장]: 친구가 내 아내가 다른 남자와 모텔에서 나오는 것을 봤다고 했는데, 아내를 믿고 싶지만 의심의 마음이 들어서 어떻게 해야 할지 모르겠다. 이런 상황일 때, 친구의 사적인 문제를 함부로 말하지 않는 것	<분류>1</분류> <판단>좋다</판단>
[도덕_문장]: 회사 동료가 자리에 쓰레기를 쌓아두고 버리지 않아 개미까지 생겨서 불쾌했지만, 직접적으로 지적하기 어려워 돌려서 말했는데도 무시당해서 팀장에게 말해야 할지 고민했다. 이처럼, 동료의 행동에 대해 불쾌감을 느낄 경우 자신의 의사를 존중하는 방식으로 전달하는 것	<분류>1</분류> <판단>해야 한다</판단>
[도덕_문장]: 회사 동료가 자리에 쓰레기를 쌓아두고 버리지 않아 개미까지 생겨서 불쾌했지만, 직접적으로 지적하기 어려워 돌려서 말했는데도 무시당해서 팀장에게 말해야 할지 고민했다. 이처럼, 동료와의 사적인 갈등을 피하고, 갈등 상황이 발생하면 회사의 규정이나 적절한 절차에 따라 해결하려는 것	<분류>1</분류> <판단>옳다</판단>
[도덕_문장]: 신혼생활 중 남편이 형광등 교체 같은 간단한 집안일도 제대로 못하는 모습을 보고 화가 났지만, 있는 그대로의 모습을 받아들여야 할지 고민했다. 이런 상황에서, 배우자의 역량이 부족하더라도 비난보다는 대안이나 도움을 제시하는 것	<분류>1</분류> <판단>바람직하다</판단>
[도덕_문장]: 신혼생활 중 남편이 형광등 교체 같은 간단한 집안일도 제대로 못하는 모습을 보고 화가 났지만, 있는 그대로의 모습을 받아들여야 할지 고민했다. 이럴 때, 남편이 가정의 구성원으로서 집안일을 하기 힘들다고 솔직하게 이야기하는 것	<분류>1</분류> <판단>해야 한다</판단>
[도덕_문장]: 신혼생활 중 남편이 형광등 교체 같은 간단한 집안일도 제대로 못하는 모습을 보고 화가 났지만, 있는 그대로의 모습을 받아들여야 할지 고민했다. 이렇게, 배우자가 잘못이 있을 때 대화로 개선점을 찾는 것	<분류>1</분류> <판단>바람직하다</판단>
[도덕_문장]: 아버지가 코로나 확진자와 접촉했다는 소식을 들었는데, 가족들을 안심시키려고 괜찮을 거라고 말했지만 실제로는 아버지의 기저질환 때문에 매우 걱정되었다. 이런 상황일 때, 가족들에게 자신의 불안감을 숨기지 않고 사실을 알려주는 것	<분류>1</분류> <판단>좋다</판단>
[도덕_문장]: 중간고사를 3일 앞두고 목이 아픈 상황에서 엄마는 충분히 쉬라고 하는데, 시험 공부를 더 해야 할지 몸 회복에 집중해야 할지 고민이 되었다. 이런 경우에, 부모가 자녀의 건강을 우선으로 생각하는 것	<분류>1</분류> <판단>좋다</판단>
[도덕_문장]: 취업에 합격했지만 전공과 맞지 않는 업무를 잘해낼 수 있을지 불안해서 기뻐해야 할지 걱정해야 할지 복잡한 마음이 들었다. 이럴 때, 자신의 적성과 진로에 대해 고민하는 것	<분류>1</분류> <판단>좋다</판단>
[도덕_문장]: 얼굴에 큰 흉터가 있어서 주민등록증용 증명사진을 찍기가 두렵지만 반드시 필요한 상황이라 어쩔 수 없이 사진관에 가야 한다. 이런 상황일 때, 타인의 외모에 대한 생각을 무시하고 자신의 선택에 확신을 가지고 있는 것	<분류>1</분류> <판단>존중받아야 한다</판단>
[도덕_문장]: 졸업 시험을 일주일 앞두고 너무 불안해서 엄마에게 털어놓고 싶었지만, 성인이 된 마당에 이런 걱정으로 부모님을 괴롭혀도 되는지 고민했다. 이렇게, 자녀가 스트레스를 받는 상황에서 그 이유를 자세히 들어주는 것	<분류>1</분류> <판단>바람직하다</판단>
[도덕_문장]: 졸업 시험을 일주일 앞두고 너무 불안해서 엄마에게 털어놓고 싶었지만, 성인이 된 마당에 이런 걱정으로 부모님을 괴롭혀도 되는지 고민했다. 이처럼, 성인이 된 자식이 고민을 털어놓고 싶을 때 들어주는 것	<분류>1</분류> <판단>좋다</판단>
[도덕_문장]: 졸업 시험을 일주일 앞두고 너무 불안해서 엄마에게 털어놓고 싶었지만, 성인이 된 마당에 이런 걱정으로 부모님을 괴롭혀도 되는지 고민했다. 이런 경우에, 부모님에게 부담을 주지 않는 선에서 도움을 요청하는 것	<분류>1</분류> <판단>바람직하다</판단>
[도덕_문장]: 소화불량 증상이 계속되어 위암이 아닐까 불안했지만, 정말 암 진단을 받을까 봐 두려워서 병원 가는 것을 계속 미루고 있었다. 이런 상황에서, 암의 조기 발견이 중요하다는 사실을 인지하지 못하고, 증상이 있어도 병원을 방문하지 않는 것	<분류>-1</분류> <판단>바람직하지 않다</판단>
[도덕_문장]: 공포 프로그램을 본 후 귀신이 무서워 잠을 못 자겠다고 엄마에게 말했는데, 성인이 된 나이에 이런 고민을 털어놓는 것이 유치해 보일까 봐 망설여졌다. 이런 상황일 때, 자신이 공포를 느끼는 것	<분류>0</분류> <판단>괜찮다</판단>
[도덕_문장]: 공포 프로그램을 본 후 귀신이 무서워 잠을 못 자겠다고 엄마에게 말했는데, 성인이 된 나이에 이런 고민을 털어놓는 것이 유치해 보일까 봐 망설여졌다. 이처럼, 자녀의 어려움을 인지했을 때 성숙한 태도로 대화를 시도하는 것	<분류>1</분류> <판단>바람직하다</판단>
[도덕_문장]: 공포 프로그램을 본 후 귀신이 무서워 잠을 못 자겠다고 엄마에게 말했는데, 성인이 된 나이에 이런 고민을 털어놓는 것이 유치해 보일까 봐 망설여졌다. 이러한 상황에서, 자녀의 감정을 이해하고 공감해 주는 것	<분류>1</분류> <판단>바람직하다</판단>
[도덕_문장]: 출산을 앞두고 자연분만을 원하지만 진통의 고통과 분만 사고에 대한 두려움 때문에 제왕절개 수술도 고려해야 할지 갈등스럽다. 이러한 상황에서, 자연분만을 고려할 수 있음에도 제왕절개를 선택하는 것	<분류>0</분류> <판단>문제되지 않는다</판단>
[도덕_문장]: 출산을 앞두고 자연분만을 원하지만 진통의 고통과 분만 사고에 대한 두려움 때문에 제왕절개 수술도 고려해야 할지 갈등스럽다. 이처럼, 출산과 관련해 갈등이 있을 때 배우자와 충분한 대화를 통해 결정을 내리는 것	<분류>1</분류> <판단>바람직하다</판단>
[도덕_문장]: 출산을 앞두고 자연분만을 원하지만 진통의 고통과 분만 사고에 대한 두려움 때문에 제왕절개 수술도 고려해야 할지 갈등스럽다. 이런 경우에, 출산 시 자신의 몸을 존중하면서도 신중하게 의료 결정을 하는 것	<분류>0</분류> <판단>좋다</판단>
[도덕_문장]: 출산을 앞두고 자연분만을 원하지만 진통의 고통과 분만 사고에 대한 두려움 때문에 제왕절개 수술도 고려해야 할지 갈등스럽다. 이런 경우에, 의료행위에 대해 개인의 선택을 존중하는 것	<분류>1</분류> <판단>해야 한다</판단>
[도덕_문장]: 출산을 앞두고 자연분만을 원하지만 진통의 고통과 분만 사고에 대한 두려움 때문에 제왕절개 수술도 고려해야 할지 갈등스럽다. 이런 상황에서, 산모가 자신의 선택을 기준으로 출산 방식을 결정하는 것	<분류>1</분류> <판단>해야 한다</판단>
[도덕_문장]: 출산을 앞두고 자연분만을 원하지만 진통의 고통과 분만 사고에 대한 두려움 때문에 제왕절개 수술도 고려해야 할지 갈등스럽다. 이런 상황일 때, 출산을 앞두고 출산 방식에 대한 선택을 신중하게 고려하는 것	<분류>1</분류> <판단>해야 한다</판단>
[도덕_문장]: 아이가 아직 어려 보여서 태권도만 보내고 있는데, 다른 아이들은 벌써 학원을 많이 다녀서 우리 아이만 뒤처지는 것 같아 불안하지만 무리하게 따라하고 싶지는 않아 고민이다. 이처럼, 학원을 선택할 때 아이의 나이와 흥미를 고려하는 것	<분류>1</분류> <판단>옳다</판단>
[도덕_문장]: 아이가 아직 어려 보여서 태권도만 보내고 있는데, 다른 아이들은 벌써 학원을 많이 다녀서 우리 아이만 뒤처지는 것 같아 불안하지만 무리하게 따라하고 싶지는 않아 고민이다. 이런 상황에서, 자신의 발달 속도에 맞춰 자신에게 맞는 선택을 하는 것	<분류>1</분류> <판단>괜찮다</판단>
[도덕_문장]: 아이가 아직 어려 보여서 태권도만 보내고 있는데, 다른 아이들은 벌써 학원을 많이 다녀서 우리 아이만 뒤처지는 것 같아 불안하지만 무리하게 따라하고 싶지는 않아 고민이다. 이런 상황에서, 부모가 자녀의 교육에 대해 불안함을 느끼면 아이의 학업 계획을 잘 살펴보는 것	<분류>1</분류> <판단>좋다</판단>
[도덕_문장]: 아이가 아직 어려 보여서 태권도만 보내고 있는데, 다른 아이들은 벌써 학원을 많이 다녀서 우리 아이만 뒤처지는 것 같아 불안하지만 무리하게 따라하고 싶지는 않아 고민이다. 이런 상황일 때, 다른 아이들의 학원을 비교하지 않는 것	<분류>1</분류> <판단>좋다</판단>
[도덕_문장]: 병원에서 고지혈증과 고혈압 진단을 받고 뱃살을 빼라고 했는데, 무릎이 안 좋아 운동하기 힘들어서 과연 살을 뺄 수 있을지 불안했다. 이처럼, 건강 관리가 필요한 상황에서 주변의 조언을 참고하고 본인의 상황에 맞는 방법으로 판단하여 실천하는 것	<분류>0</분류> <판단>좋다</판단>
[도덕_문장]: 병원에서 고지혈증과 고혈압 진단을 받고 뱃살을 빼라고 했는데, 무릎이 안 좋아 운동하기 힘들어서 과연 살을 뺄 수 있을지 불안했다. 이런 상황일 때, 체중 감량에 대한 불안감이 있더라도 무리하지 않는 범위에서 건강을 유지하기 위해 노력하는 것	<분류>1</분류> <판단>좋다.</판단>
[도덕_문장]: 병원에서 고지혈증과 고혈압 진단을 받고 뱃살을 빼라고 했는데, 무릎이 안 좋아 운동하기 힘들어서 과연 살을 뺄 수 있을지 불안했다. 이렇게, 무릎이 좋지 않을 때 무리한 운동을 하지 않는 것	<분류>1</분류> <판단>바람직하다</판단>
[도덕_문장]: 병원에서 고지혈증과 고혈압 진단을 받고 뱃살을 빼라고 했는데, 무릎이 안 좋아 운동하기 힘들어서 과연 살을 뺄 수 있을지 불안했다. 이러한 상황에서, 의사의 건강 지침에 협조하고 자신의 몸의 한계를 존중하며 의사와 소통하는 것	<분류>1</분류> <판단>바람직하다</판단>
[도덕_문장]: 병원에서 고지혈증과 고혈압 진단을 받고 뱃살을 빼라고 했는데, 무릎이 안 좋아 운동하기 힘들어서 과연 살을 뺄 수 있을지 불안했다. 이처럼, 신체 활동이 힘든 상황에서 담당 의료진과 상의하여 대안을 찾는 것	<분류>1</분류> <판단>좋다</판단>
[도덕_문장]: 귀를 자주 파면 안 된다는 것을 알고 있었지만 스트레스 해소를 위해 매일 귀를 팠더니 고름이 나와서 후회스럽고 불안했다. 이런 상황에서, 스트레스 해소를 위해 위생에 좋지 않은 행동을 반복하는 것	<분류>-1</분류> <판단>바람직하지 않다</판단>
[도덕_문장]: 귀를 자주 파면 안 된다는 것을 알고 있었지만 스트레스 해소를 위해 매일 귀를 팠더니 고름이 나와서 후회스럽고 불안했다. 이런 경우에, 스트레스 해소를 위해 몸에 해롭거나 잘못된 방법을 선택하는 것	<분류>-1</분류> <판단>안 되다</판단>
[도덕_문장]: 귀를 자주 파면 안 된다는 것을 알고 있었지만 스트레스 해소를 위해 매일 귀를 팠더니 고름이 나와서 후회스럽고 불안했다. 이런 상황에서, 스트레스 해소를 위해 건강에 해로운 행동을 반복하는 것	<분류>-1</분류> <판단>좋지 않다</판단>
[도덕_문장]: 면접에서 말이 너무 빨라져서 면접관이 몇 번이나 되물었는데, 오랜 습관을 하루아침에 고치기 어려워 다음 면접들이 걱정되었다. 이처럼, 면접자의 말을 주의 깊게 듣고, 이해가 가지 않을 경우 물어보는 것	<분류>1</분류> <판단>옳다</판단>
[도덕_문장]: 면접에서 말이 너무 빨라져서 면접관이 몇 번이나 되물었는데, 오랜 습관을 하루아침에 고치기 어려워 다음 면접들이 걱정되었다. 이처럼, 면접에서 말이 너무 빠르다고 지적받았을 때 자신의 말 속도를 조절하려고 노력하는 것	<분류>1</분류> <판단>좋다</판단>
[도덕_문장]: 면접에서 말이 너무 빨라져서 면접관이 몇 번이나 되물었는데, 오랜 습관을 하루아침에 고치기 어려워 다음 면접들이 걱정되었다. 이런 상황에서, 면접에서 면접관이 이해할 수 있는 속도로 말하는 것	<분류>1</분류> <판단>좋다</판단>
[도덕_문장]: 운전면허 시험 난이도가 갑자기 높아져서 더 어려워졌는데, 쉬울 때 합격한 사람들은 그대로 두고 나만 더 힘들게 시험을 봐야 하는 상황이 억울하고 불공평하다고 생각했다. 이렇게, 시험 난이도에 불만이 있을 때 공식적으로 이의를 제기하는 것	<분류>1</분류> <판단>할 수 있다</판단>
[도덕_문장]: 회사 프로젝트에서 큰 실수로 손해를 발생시켰는데, 내일 상사에게 불려갈 것이 두려워 사표를 내고 도망치고 싶었지만 정직하게 인정하고 수습해야 할지 고민했다. 이런 상황일 때, 잘못을 인정하는 것	<분류>1</분류> <판단>바람직하다</판단>
[도덕_문장]: 회사 프로젝트에서 큰 실수로 손해를 발생시켰는데, 내일 상사에게 불려갈 것이 두려워 사표를 내고 도망치고 싶었지만 정직하게 인정하고 수습해야 할지 고민했다. 이런 상황일 때, 회사에서 발생한 문제를 회피하지 않고, 문제를 해결하기 위해 정직하게 인정하고 노력하는 것	<분류>1</분류> <판단>해야 한다</판단>
[도덕_문장]: 회사 프로젝트에서 큰 실수로 손해를 발생시켰는데, 내일 상사에게 불려갈 것이 두려워 사표를 내고 도망치고 싶었지만 정직하게 인정하고 수습해야 할지 고민했다. 이러한 상황에서, 직장에서 실수를 솔직하게 인정하고 책임을 지는 것	<분류>1</분류> <판단>바람직하다</판단>
[도덕_문장]: 딸이 영재라는 검사 결과가 나왔지만 경제적 여건이 넉넉하지 않아 영재 학원이나 특별한 교육을 제대로 뒷받침해줄 수 없을까 봐 걱정되었다. 이런 상황에서, 부모가 자식에게 충분한 지원을 해주지 못해 죄책감을 느끼는 것	<분류>0</분류> <판단>이해된다</판단>
[도덕_문장]: 딸이 영재라는 검사 결과가 나왔지만 경제적 여건이 넉넉하지 않아 영재 학원이나 특별한 교육을 제대로 뒷받침해줄 수 없을까 봐 걱정되었다. 이런 상황에서, 자녀의 성장 가능성을 인정하고 가정 여건에 맞게 최선을 다하는 것	<분류>1</분류> <판단>바람직하다</판단>
[도덕_문장]: 좁은 공간에서 불안증상이 나타났을 때 집으로 돌아가고 싶었지만, 계속 이런 식으로 회피하며 살 수는 없다는 생각에 최대한 버텨보기로 했다. 이처럼, 불안감이 느껴질 때 회피하지 않고 직면하려는 것	<분류>1</분류> <판단>옳다</판단>
[도덕_문장]: 좁은 공간에서 불안증상이 나타났을 때 집으로 돌아가고 싶었지만, 계속 이런 식으로 회피하며 살 수는 없다는 생각에 최대한 버텨보기로 했다. 이러한 상황에서, 자신의 상태를 이해하고 적절하게 조치하는 것	<분류>1</분류> <판단>바람직하다</판단>
[도덕_문장]: 좁은 공간에서 불안증상이 나타났을 때 집으로 돌아가고 싶었지만, 계속 이런 식으로 회피하며 살 수는 없다는 생각에 최대한 버텨보기로 했다. 이렇게, 불안 증상이 나타날 때 적절한 대처를 하는 것	<분류>1</분류> <판단>해야 한다</판단>
[도덕_문장]: 열이 나고 목이 아픈 증상이 있어서 코로나일 수도 있다고 생각했지만, 엄마를 걱정시키고 싶지 않아서 말씀드릴지 고민하다가 결국 연락했다. 이렇게, 자녀가 아픈 증상을 보일 때 자녀가 말하는 것을 믿는 것	<분류>1</분류> <판단>바람직하다</판단>
[도덕_문장]: 열이 나고 목이 아픈 증상이 있어서 코로나일 수도 있다고 생각했지만, 엄마를 걱정시키고 싶지 않아서 말씀드릴지 고민하다가 결국 연락했다. 이처럼, 자녀의 건강 상태를 확인하고 필요한 경우 적극적인 조치를 취하는 것	<분류>1</분류> <판단>바람직하다</판단>
[도덕_문장]: 열이 나고 목이 아픈 증상이 있어서 코로나일 수도 있다고 생각했지만, 엄마를 걱정시키고 싶지 않아서 말씀드릴지 고민하다가 결국 연락했다. 이렇게, 가족에게 증상이 있을 경우 솔직하게 말하는 것	<분류>1</분류> <판단>바람직하다</판단>
[도덕_문장]: 열이 나고 목이 아픈 증상이 있어서 코로나일 수도 있다고 생각했지만, 엄마를 걱정시키고 싶지 않아서 말씀드릴지 고민하다가 결국 연락했다. 이렇게, 자녀가 어려움을 이야기할 때 진지하게 들어주는 것	<분류>1</분류> <판단>해야 한다</판단>
[도덕_문장]: 열이 나고 목이 아픈 증상이 있어서 코로나일 수도 있다고 생각했지만, 엄마를 걱정시키고 싶지 않아서 말씀드릴지 고민하다가 결국 연락했다. 이처럼, 자녀가 건강 문제를 겪을 때 적절한 조치를 취하는 것	<분류>1</분류> <판단>해야 한다</판단>
[도덕_문장]: 방에 바퀴벌레가 나타나서 무서워 할머니께 도움을 요청했는데, 방역비용이 많이 들 것 같아 부담을 드리는 것 같아서 미안했다. 이렇게, 집에 바퀴벌레가 나타났을 때 방역 서비스를 이용하는 것	<분류>1</분류> <판단>해야 한다</판단>
[도덕_문장]: 방에 바퀴벌레가 나타나서 무서워 할머니께 도움을 요청했는데, 방역비용이 많이 들 것 같아 부담을 드리는 것 같아서 미안했다. 이처럼, 가족 내 문제 해결 시 서로의 노력과 상황을 존중하는 자세를 가지는 것	<분류>1</분류> <판단>가져야 한다</판단>
[도덕_문장]: 방에 바퀴벌레가 나타나서 무서워 할머니께 도움을 요청했는데, 방역비용이 많이 들 것 같아 부담을 드리는 것 같아서 미안했다. 이런 경우에, 할머니의 재정적 부담을 배려하는 것	<분류>1</분류> <판단>해야 한다</판단>
[도덕_문장]: 방에 바퀴벌레가 나타나서 무서워 할머니께 도움을 요청했는데, 방역비용이 많이 들 것 같아 부담을 드리는 것 같아서 미안했다. 이처럼, 방역 서비스를 이용할 때 비용을 고려해 요청하는 것	<분류>1</분류> <판단>문제 없다</판단>
[도덕_문장]: 방에 바퀴벌레가 나타나서 무서워 할머니께 도움을 요청했는데, 방역비용이 많이 들 것 같아 부담을 드리는 것 같아서 미안했다. 이런 상황일 때, 가족 내에서 서로의 부담을 나누고 배려하는 것	<분류>1</분류> <판단>좋다</판단>
[도덕_문장]: 사춘기 딸이 친구들이 다 했다며 성형수술을 해달라고 하는데, 안전성이 걱정되어 반대하고 싶지만 딸이 상처받거나 친구들에게 소외될까 봐 고민이다. 이런 상황에서, 자신의 외모를 바꾸기로 결정하고, 그 선택을 부모님과 친구들과 충분히 상의하고 고민하는 것	<분류>1</분류> <판단>바람직하다</판단>
[도덕_문장]: 백화점에서 마음에 드는 원피스를 발견했지만 가격이 비싸서 나 자신을 위한 소비와 가족을 위한 절약 사이에서 고민했다. 이렇게, 가족의 경제적 상황을 고려해 신중하게 소비를 결정하는 것	<분류>1</분류> <판단>바람직하다</판단>
[도덕_문장]: 백화점에서 마음에 드는 원피스를 발견했지만 가격이 비싸서 나 자신을 위한 소비와 가족을 위한 절약 사이에서 고민했다. 이런 상황일 때, 가족에 대한 경제적 책임을 인정하고, 현재의 소비와 미래의 가치를 함께 고려하는 태도를 가지는 것	<분류>1</분류> <판단>가져야 한다</판단>
[도덕_문장]: 백화점에서 마음에 드는 원피스를 발견했지만 가격이 비싸서 나 자신을 위한 소비와 가족을 위한 절약 사이에서 고민했다. 이렇게, 자신의 필요와 상황에 맞게 소비를 결정하는 것	<분류>0</분류> <판단>바람직하다</판단>
[도덕_문장]: 아버지가 당뇨인데도 과일을 너무 많이 드시는 것 같아서 건강을 위해 말씀드려야 할지, 아니면 술도 끊으시고 운동도 하시는데 과일까지 제한하면 너무 스트레스를 받으실까 봐 말하지 말아야 할지 고민했다. 이런 상황일 때, 가족이 개인의 건강을 고려해 말하는 것	<분류>1</분류> <판단>괜찮다</판단>
[도덕_문장]: 아들이 게임을 너무 많이 해서 제한을 두고 싶지만 반항심을 일으킬까 봐 어떻게 접근해야 할지 고민이 된다. 이럴 때, 자녀의 성장과 정서 발달을 고려해 적절한 규칙을 설정하는 것	<분류>1</분류> <판단>필요하다</판단>
[도덕_문장]: 아들이 게임을 너무 많이 해서 제한을 두고 싶지만 반항심을 일으킬까 봐 어떻게 접근해야 할지 고민이 된다. 이러한 상황에서, 자녀의 생활 영역을 존중하고 함께 합의하는 방식으로 규칙을 정하는 것	<분류>1</분류> <판단>해야 한다</판단>
[도덕_문장]: 아들이 게임을 너무 많이 해서 제한을 두고 싶지만 반항심을 일으킬까 봐 어떻게 접근해야 할지 고민이 된다. 이런 상황에서, 부모가 자녀의 생활을 일방적으로 통제하기보다 대화를 통해 합의점을 찾는 것	<분류>1</분류> <판단>바람직하다</판단>
[도덕_문장]: 아들이 게임을 너무 많이 해서 제한을 두고 싶지만 반항심을 일으킬까 봐 어떻게 접근해야 할지 고민이 된다. 이런 경우에, 자녀와 관련된 갈등이나 문제를 대화를 통해 풀어나가는 것	<분류>1</분류> <판단>좋다</판단>
[도덕_문장]: 아들이 게임을 너무 많이 해서 제한을 두고 싶지만 반항심을 일으킬까 봐 어떻게 접근해야 할지 고민이 된다. 이러한 상황에서, 자녀의 스마트폰 게임을 제한하는 것	<분류>0</분류> <판단>정당한 권리이다</판단>
[도덕_문장]: 업무에서 주문 수량을 잘못 입력해 500개를 주문하는 큰 실수를 했는데, 이사에게 보고해야 하는 상황에서 실수를 숨기고 싶은 마음과 정직하게 보고해야 한다는 의무감 사이에서 갈등했다. 이럴 때, 업무에서 발생한 실수를 숨기려는 것	<분류>-1</분류> <판단>바람직하지 않다</판단>
[도덕_문장]: 업무에서 주문 수량을 잘못 입력해 500개를 주문하는 큰 실수를 했는데, 이사에게 보고해야 하는 상황에서 실수를 숨기고 싶은 마음과 정직하게 보고해야 한다는 의무감 사이에서 갈등했다. 이런 상황일 때, 직장에서 실수 발생 시 사실대로 보고하는 것	<분류>1</분류> <판단>해야 한다</판단>
[도덕_문장]: 업무에서 주문 수량을 잘못 입력해 500개를 주문하는 큰 실수를 했는데, 이사에게 보고해야 하는 상황에서 실수를 숨기고 싶은 마음과 정직하게 보고해야 한다는 의무감 사이에서 갈등했다. 이렇게, 잘못을 인지했을 경우 이를 숨기지 않고 보고하는 것	<분류>1</분류> <판단>옳다</판단>
[도덕_문장]: 우리 딸이 승부욕이 강해서 게임에서 질 때마다 친구들과 싸우는데, 이런 성향을 그대로 두고 성장을 기다릴지 아니면 적극적으로 교정해야 할지 고민이다. 이런 경우에, 승부욕이 강해서 타인을 무례하게 대하는 것	<분류>-1</분류> <판단>옳지 않다</판단>
[도덕_문장]: 우리 딸이 승부욕이 강해서 게임에서 질 때마다 친구들과 싸우는데, 이런 성향을 그대로 두고 성장을 기다릴지 아니면 적극적으로 교정해야 할지 고민이다. 이처럼, 아이가 갈등을 겪을 때 대화를 통해 상황을 파악하고 적절한 조언을 해주는 것	<분류>1</분류> <판단>바람직하다</판단>
[도덕_문장]: 우리 딸이 승부욕이 강해서 게임에서 질 때마다 친구들과 싸우는데, 이런 성향을 그대로 두고 성장을 기다릴지 아니면 적극적으로 교정해야 할지 고민이다. 이처럼, 친구와 다투었을 때 감정적으로 대응하는 것	<분류>-1</분류> <판단>좋지 않다</판단>
[도덕_문장]: 이직 준비를 비밀로 하고 있었는데 면접 장소에서 회사 차장님과 마주쳐서 들킬까 봐 걱정되지만 아무 일 없었던 척해야 할지 고민했다. 이럴 때, 이직을 준비하더라도 회사와 동료에게 예의를 지키며 업무에 집중하는 것	<분류>1</분류> <판단>바람직하다</판단>
[도덕_문장]: 이직 준비를 비밀로 하고 있었는데 면접 장소에서 회사 차장님과 마주쳐서 들킬까 봐 걱정되지만 아무 일 없었던 척해야 할지 고민했다. 이럴 때, 개인의 사생활을 비밀로 유지하는 것	<분류>1</분류> <판단>바람직하다</판단>
[도덕_문장]: 딸이 연인과 헤어져 우울해하는 모습을 보며 과보호를 할지 성인으로서 스스로 극복하도록 지켜볼지 고민했다. 이렇게, 자녀가 우울해할 때 적절한 조언이나 위로를 건내는 것	<분류>1</분류> <판단>필요하다</판단>
[도덕_문장]: 딸이 연인과 헤어져 우울해하는 모습을 보며 과보호를 할지 성인으로서 스스로 극복하도록 지켜볼지 고민했다. 이런 상황일 때, 자녀의 연애 경험에 대한 의견을 강요하지 않는 것	<분류>1</분류> <판단>바람직하다</판단>
[도덕_문장]: 친구들과의 글램핑에서 내가 고기를 담당하기로 했는데 택배가 늦어져서 친구들이 재촉하자 아직 안 왔다고 솔직히 말할지 다른 핑계를 댈지 고민했다. 이처럼, 계획된 일정에 차질이 생겼을 때 솔직하게 상황을 설명하고 양해를 구하는 것	<분류>1</분류> <판단>옳다</판단>
[도덕_문장]: 친구들과의 글램핑에서 내가 고기를 담당하기로 했는데 택배가 늦어져서 친구들이 재촉하자 아직 안 왔다고 솔직히 말할지 다른 핑계를 댈지 고민했다. 이처럼, 글램핑 준비로 인해 곤란함을 겪는 상황에서 미리 상황을 전달하고 도움을 요청하는 것	<분류>1</분류> <판단>좋다</판단>
[도덕_문장]: 친구들과의 글램핑에서 내가 고기를 담당하기로 했는데 택배가 늦어져서 친구들이 재촉하자 아직 안 왔다고 솔직히 말할지 다른 핑계를 댈지 고민했다. 이렇게, 친구들의 재촉에 솔직하게 상황을 전달하는 것	<분류>1</분류> <판단>좋다</판단>
[도덕_문장]: 친구들과의 글램핑에서 내가 고기를 담당하기로 했는데 택배가 늦어져서 친구들이 재촉하자 아직 안 왔다고 솔직히 말할지 다른 핑계를 댈지 고민했다. 이렇게, 맡은 역할이 늦어져 재촉을 받더라도 솔직하게 상황을 전달하는 것	<분류>1</분류> <판단>바람직하다</판단>
[도덕_문장]: 친구들과의 글램핑에서 내가 고기를 담당하기로 했는데 택배가 늦어져서 친구들이 재촉하자 아직 안 왔다고 솔직히 말할지 다른 핑계를 댈지 고민했다. 이런 상황에서, 글램핑이나 여행에서 각자 맡은 역할을 책임 있게 수행하는 것	<분류>1</분류> <판단>좋다</판단>
[도덕_문장]: 오랜만에 버스를 타고 시내에 나갔는데 20분도 안 되어 심한 멀미가 올라와서 버스 안에서 실수할까 봐 불안했지만 참아내느라 혼났다. 이렇게, 버스 안에서 멀미가 나서 불편한 상황에서 다른 사람에게 피해를 주지 않도록 주의하는 것	<분류>1</분류> <판단>바람직하다</판단>
[도덕_문장]: 오랜만에 버스를 타고 시내에 나갔는데 20분도 안 되어 심한 멀미가 올라와서 버스 안에서 실수할까 봐 불안했지만 참아내느라 혼났다. 이처럼, 대중교통에서 타인에게 불편을 주는 상황을 최소화하기 위해 배려하는 것	<분류>1</분류> <판단>필요하다</판단>
[도덕_문장]: 출장으로 인한 비행기 지연 때문에 아들의 첫 연주회에 참석하지 못하게 되어, 일과 가족 사이에서 또다시 아이에게 상처를 줄까 봐 걱정되었다. 이처럼, 자녀의 중요한 순간에 함께하지 못할 상황이라면 자녀에게 상황을 자세히 설명하는 것	<분류>1</분류> <판단>좋다</판단>
[도덕_문장]: 아들이 일본인과 결혼해서 일본에서 살겠다고 하는데, 축하해주고 싶지만 언어와 문화가 다른 타지에서 잘 적응할 수 있을지 걱정되어 마음이 복잡했다. 이런 상황에서, 자녀의 결정을 존중하는 것	<분류>1</분류> <판단>좋다</판단>
[도덕_문장]: 아들이 일본인과 결혼해서 일본에서 살겠다고 하는데, 축하해주고 싶지만 언어와 문화가 다른 타지에서 잘 적응할 수 있을지 걱정되어 마음이 복잡했다. 이렇게, 자녀의 결혼으로 마음이 복잡해졌을 때 감정을 솔직하게 말하는 것	<분류>1</분류> <판단>괜찮다</판단>
[도덕_문장]: 아들이 일본인과 결혼해서 일본에서 살겠다고 하는데, 축하해주고 싶지만 언어와 문화가 다른 타지에서 잘 적응할 수 있을지 걱정되어 마음이 복잡했다. 이런 상황일 때, 가족 구성원의 결정을 존중하고 조언과 우려를 조심스럽게 표현하는 것	<분류>1</분류> <판단>바람직하다</판단>
[도덕_문장]: 성인이 된 아들이 부모와 상의 없이 한국 국적을 포기했다고 연락해와서 아들의 판단력을 믿고 지지해야 할지 아니면 섣부른 결정이라며 개입해야 할지 고민했다. 이러한 상황에서, 자식의 일은 잘 모르더라도 부모로서 판단하려 노력하는 것	<분류>1</분류> <판단>좋다</판단>
[도덕_문장]: 성인이 된 아들이 부모와 상의 없이 한국 국적을 포기했다고 연락해와서 아들의 판단력을 믿고 지지해야 할지 아니면 섣부른 결정이라며 개입해야 할지 고민했다. 이런 상황에서, 부모가 자녀의 국적 결정 과정에 개입하고 지원하는 것	<분류>1</분류> <판단>해야 한다</판단>
[도덕_문장]: 은퇴 후 무기력함을 달래기 위해 정성껏 키우던 식물들이 화분 갈이 후 시들어가자, 내 잘못으로 식물들이 죽을까봐 불안하면서도 다시 실패할까봐 두려워 식물 키우기를 포기할지 고민했다. 이렇게, 상처를 받았을 때 자신의 감정을 차분하게 정리하며 다음 선택을 준비하는 것	<분류>1</분류> <판단>좋다</판단>
[도덕_문장]: 아이들이 정상 등교하면서 필요 없어진 노트북을 중고로 팔려고 하는데, 전자제품 특성상 나중에 구매자가 문제를 제기할까봐 불안해서 거래를 진행할지 말지 고민했다. 이러한 상황에서, 중고거래시 판매자가 물건의 상태를 정확히 알려주는 것	<분류>1</분류> <판단>옳다</판단>
[도덕_문장]: 아이들이 정상 등교하면서 필요 없어진 노트북을 중고로 팔려고 하는데, 전자제품 특성상 나중에 구매자가 문제를 제기할까봐 불안해서 거래를 진행할지 말지 고민했다. 이렇게, 중고 전자제품을 거래할 때 제품 상태에 대해 솔직하게 공유하는 것	<분류>1</분류> <판단>적절하다</판단>
[도덕_문장]: 오미크론 후유증으로 몸이 무기력하고 우울한데 가족에게 집안일을 더 부담시키는 것이 미안해서 아픈 티를 내지 말고 참아야 할지 고민했다. 이처럼, 건강이 좋지 않아 집안일에 부담을 줄 경우, 상대방에게 상황을 설명하고 부담을 줄이기 위한 배려나 조치를 요청하는 것	<분류>1</분류> <판단>바람직하다</판단>
[도덕_문장]: 오미크론 후유증으로 몸이 무기력하고 우울한데 가족에게 집안일을 더 부담시키는 것이 미안해서 아픈 티를 내지 말고 참아야 할지 고민했다. 이런 상황일 때, 자신의 건강 상태를 가족에게 알려주고 도움을 요청하는 것	<분류>1</분류> <판단>바람직하다</판단>
[도덕_문장]: 물가가 오르면서 계란 가격이 부담스러워졌는데, 가족의 건강을 위해 필요한 식재료를 사야 할지 가계 부담을 줄이기 위해 포기해야 할지 고민이 되었다. 이런 상황에서, 가족의 건강을 위해 필요한 것을 지출하는 것	<분류>1</분류> <판단>바람직하다</판단>
[도덕_문장]: 물가가 오르면서 계란 가격이 부담스러워졌는데, 가족의 건강을 위해 필요한 식재료를 사야 할지 가계 부담을 줄이기 위해 포기해야 할지 고민이 되었다. 이런 경우에, 경제적 어려움 속에서도 가족의 건강을 위해 필요한 식재료를 구매하는 것	<분류>1</분류> <판단>바람직하다</판단>
[도덕_문장]: 물가가 오르면서 계란 가격이 부담스러워졌는데, 가족의 건강을 위해 필요한 식재료를 사야 할지 가계 부담을 줄이기 위해 포기해야 할지 고민이 되었다. 이처럼, 가족 구성원의 건강과 관련된 식재료를 구매할 때 건강을 먼저 고려하는 것	<분류>1</분류> <판단>좋다</판단>
[도덕_문장]: 집에 물이 새고 있어서 윗집 주민에게 확인을 요청해야 하는데, 아직 집에 들어오지 않은 상황에서 경비실을 통해 개인 연락처로 연락을 드려야 할지 고민했다. 이렇게, 불편한 일이 발생했을 때 자신의 행동을 상대방이 이해할 수 있도록 소통하는 것	<분류>1</분류> <판단>필요하다</판단>
[도덕_문장]: 아버지께서 재혼을 하신다고 하는데 좋은 일인 줄 알면서도 상속이나 법적 보호자 문제 등 현실적인 걱정 때문에 마음 편히 축하해드리지 못하겠다. 이런 경우에, 부모의 재혼에 반대하는 것	<분류>0</분류> <판단>잘못된 행동이 아니다</판단>
[도덕_문장]: 아버지께서 재혼을 하신다고 하는데 좋은 일인 줄 알면서도 상속이나 법적 보호자 문제 등 현실적인 걱정 때문에 마음 편히 축하해드리지 못하겠다. 이런 경우에, 자녀가 부모님의 재혼에 대해 걱정할 수 있다는 점을 이해하는 것	<분류>1</분류> <판단>해야 한다.</판단>
[도덕_문장]: 첫 전시회 준비로 바빠서 아이들과 시간을 보내지 못해 이기적이라는 생각이 들었지만, 가족들은 오히려 나를 응원하고 있어서 죄책감과 고마움 사이에서 복잡한 마음이 들었다. 이처럼, 부모가 일정 때문에 가족과 시간을 보내지 못하더라도 이해하는 것	<분류>1</분류> <판단>바람직하다</판단>
[도덕_문장]: 좋아하는 일을 하게 되어 기뻤는데 회사에서 갑자기 월급이 밀린다고 통보해서 그만둘지 계속할지 고민했다. 이럴 때, 정당한 사유 없이 임금을 지급하지 않는 것	<분류>-1</분류> <판단>바람직하지 않다</판단>
[도덕_문장]: 좋아하는 일을 하게 되어 기뻤는데 회사에서 갑자기 월급이 밀린다고 통보해서 그만둘지 계속할지 고민했다. 이런 상황일 때, 회사가 급여 관련 문제를 직원에게 미리 알려주는 것	<분류>1</분류> <판단>해야 한다</판단>
[도덕_문장]: 아버지가 신용불량자가 되어 내 카드를 드렸는데, 연인에게 여행 숙소 결제를 부탁해야 하는 상황이 되어 가족 사정을 말하기가 부끄럽고 미안했다. 이런 상황에서, 가족에게 개인 카드를 주는 것	<분류>-1</분류> <판단>안 된다</판단>
[도덕_문장]: 가게 월세를 석 달째 못 내고 있는 상황에서 임대인에게 사정을 말하고 도움을 요청해야 하는지, 아니면 그냥 가게를 포기하고 도망가야 할지 고민했다. 이처럼, 개인적으로 부담하기 어려운 상황에서 임대인에게 사정을 설명하는 것	<분류>1</분류> <판단>바람직하다</판단>
[도덕_문장]: 가게 월세를 석 달째 못 내고 있는 상황에서 임대인에게 사정을 말하고 도움을 요청해야 하는지, 아니면 그냥 가게를 포기하고 도망가야 할지 고민했다. 이렇게, 월세를 내지 않는 임차인에게 상황을 잘 설명하고 기다리는 것	<분류>1</분류> <판단>좋은 태도이다</판단>
[도덕_문장]: 가게 월세를 석 달째 못 내고 있는 상황에서 임대인에게 사정을 말하고 도움을 요청해야 하는지, 아니면 그냥 가게를 포기하고 도망가야 할지 고민했다. 이럴 때, 자신의 실수로 생긴 문제를 해결하기 위해 노력하는 것	<분류>1</분류> <판단>좋다.</판단>
[도덕_문장]: 가게 월세를 석 달째 못 내고 있는 상황에서 임대인에게 사정을 말하고 도움을 요청해야 하는지, 아니면 그냥 가게를 포기하고 도망가야 할지 고민했다. 이처럼, 가게 월세를 내지 못하는 사정이 있을 때 임대인에게 사정을 설명하고 이해를 구하는 것	<분류>1</분류> <판단>바람직하다</판단>
[도덕_문장]: 가게 월세를 석 달째 못 내고 있는 상황에서 임대인에게 사정을 말하고 도움을 요청해야 하는지, 아니면 그냥 가게를 포기하고 도망가야 할지 고민했다. 이런 상황일 때, 계약 관계에서 상호 존중을 바탕으로 계약 이행을 이행하도록 노력하는 것	<분류>1</분류> <판단>해야 한다</판단>
[도덕_문장]: 퇴근길에 신호위반 차량에 치일 뻔한 후 과거 뺑소니 사고 트라우마가 되살아나 불안해하는데, 남자친구는 시간이 해결해줄 거라며 위로하지만 당장의 고통을 어떻게 극복해야 할지 막막했다. 이럴 때, 상대방의 고통을 이해하지 못하고 시간이 해결해 줄 거라며 가볍게 말하는 것	<분류>-1</분류> <판단>옳지 않다</판단>
[도덕_문장]: 독서토론 모임에 가입했는데 다른 사람들보다 책을 적게 읽어서 실력이 부족할까 봐 불안하지만, 이미 시작한 일이라 포기할 수도 없어서 고민이다. 이런 상황일 때, 독서토론 모임에서 책을 읽지 못하더라도 다른 사람들에게 피해를 주지 않는 것	<분류>0</분류> <판단>괜찮다</판단>
[도덕_문장]: 등산 중 다리를 접질려 위험한 상황을 겪었는데, 앞으로도 등산을 계속할지 안전을 위해 포기할지 고민이 된다. 이런 상황에서, 위험이 예상되는 등산을 포기하는 것	<분류>1</분류> <판단>좋다</판단>
[도덕_문장]: 등산 중 다리를 접질려 위험한 상황을 겪었는데, 앞으로도 등산을 계속할지 안전을 위해 포기할지 고민이 된다. 이럴 때, 안전을 위해 등산을 포기하는 것	<분류>1</분류> <판단>옳다.</판단>
[도덕_문장]: 3개월 동안 열심히 운동하며 간식을 끊고 있었는데 트레이너 몰래 달콤한 케이크를 먹어버려서 그동안의 노력이 수포로 돌아갈까 봐 죄책감과 불안감에 시달렸다. 이러한 상황에서, 운동 목표에 위배되는 간식을 먹은 후 스스로 관리하지 못한 부분을 인정하고, 다음에 더 잘하도록 노력하는 것	<분류>1</분류> <판단>좋다.</판단>
[도덕_문장]: 손목 염증으로 통원 치료를 받아야 하는 상황에서 쌓인 주문들을 제때 완성하지 못해 단골 고객들과의 신뢰가 무너질까 봐 걱정되지만 몸이 아픈데도 무리해서 수공예 작업을 계속해야 할지 고민했다. 이렇게, 자신의 건강을 이유로 작업을 멈출 때, 고객과 솔직하게 소통하여 오해를 방지하는 것	<분류>1</분류> <판단>바람직하다</판단>
[도덕_문장]: 손목 염증으로 통원 치료를 받아야 하는 상황에서 쌓인 주문들을 제때 완성하지 못해 단골 고객들과의 신뢰가 무너질까 봐 걱정되지만 몸이 아픈데도 무리해서 수공예 작업을 계속해야 할지 고민했다. 이렇게, 아픈 상황에서 무리하지 않고 치료에 집중하는 것	<분류>1</분류> <판단>옳다</판단>
[도덕_문장]: 친구들이 모두 결혼해서 나만 혼자 남겨진 것 같아 조급한 마음에 연인에게 결혼 준비를 재촉하고 싶지만 상대방에게 부담을 줄까봐 고민했다. 이런 경우에, 연인에게 상대방의 심리적 압박과 불안을 느끼게 하지 않는 것	<분류>1</분류> <판단>좋다</판단>
[도덕_문장]: 친구들이 모두 결혼해서 나만 혼자 남겨진 것 같아 조급한 마음에 연인에게 결혼 준비를 재촉하고 싶지만 상대방에게 부담을 줄까봐 고민했다. 이런 상황에서, 연인에게 부담을 줄 수 있는 압박이나 재촉을 하는 것	<분류>-1</분류> <판단>옳지 않다</판단>
[도덕_문장]: 친구들이 모두 결혼해서 나만 혼자 남겨진 것 같아 조급한 마음에 연인에게 결혼 준비를 재촉하고 싶지만 상대방에게 부담을 줄까봐 고민했다. 이럴 때, 상대방의 속도에 맞는 소통을 하는 것	<분류>1</분류> <판단>해야 한다</판단>
[도덕_문장]: 친구들이 모두 결혼해서 나만 혼자 남겨진 것 같아 조급한 마음에 연인에게 결혼 준비를 재촉하고 싶지만 상대방에게 부담을 줄까봐 고민했다. 이럴 때, 결혼을 재촉하는 연인에게 거절하는 것	<분류>1</분류> <판단>할 수 있다</판단>
[도덕_문장]: 친구들이 모두 결혼해서 나만 혼자 남겨진 것 같아 조급한 마음에 연인에게 결혼 준비를 재촉하고 싶지만 상대방에게 부담을 줄까봐 고민했다. 이럴 때, 사람마다 결혼에 대한 시기가 다르다는 것을 인정하는 것	<분류>1</분류> <판단>옳다</판단>
[도덕_문장]: 친구들이 모두 결혼해서 나만 혼자 남겨진 것 같아 조급한 마음에 연인에게 결혼 준비를 재촉하고 싶지만 상대방에게 부담을 줄까봐 고민했다. 이렇게, 자신의 상황에 대한 조급함을 이해하고 공감하면서도 상대방에게 부담을 주지 않도록 자신의 감정을 조절하는 것	<분류>1</분류> <판단>바람직하다</판단>
[도덕_문장]: 친구들이 모두 결혼해서 나만 혼자 남겨진 것 같아 조급한 마음에 연인에게 결혼 준비를 재촉하고 싶지만 상대방에게 부담을 줄까봐 고민했다. 이런 상황에서, 남들에 비해 자신의 행동을 조심스럽게 결정하는 것	<분류>1</분류> <판단>옳다.</판단>
[도덕_문장]: 친구들이 모두 결혼해서 나만 혼자 남겨진 것 같아 조급한 마음에 연인에게 결혼 준비를 재촉하고 싶지만 상대방에게 부담을 줄까봐 고민했다. 이럴 때, 상대방의 선택을 일방적으로 바꾸지 않고 선택의 기한을 강요하지 않는 것	<분류>1</분류> <판단>좋다</판단>
[도덕_문장]: 친구들이 모두 결혼해서 나만 혼자 남겨진 것 같아 조급한 마음에 연인에게 결혼 준비를 재촉하고 싶지만 상대방에게 부담을 줄까봐 고민했다. 이처럼, 결婚에 대한 이야기가 필요할 때 대화의 주도권을 상대방에게 넘기는 것	<분류>1</분류> <판단>바람직하다</판단>
[도덕_문장]: 회의에서 대리님과 과장님이 의견 충돌로 편이 나뉘어 다투고 있는데, 신입사원인 내가 어느 편을 들어야 할지 몰라 불안했지만 결국 중재하려고 노력했다. 이런 경우에, 회의 중 직원들이 의견을 나누는 동안 상호 존중을 지키는 것	<분류>1</분류> <판단>옳다</판단>
[도덕_문장]: 회의에서 대리님과 과장님이 의견 충돌로 편이 나뉘어 다투고 있는데, 신입사원인 내가 어느 편을 들어야 할지 몰라 불안했지만 결국 중재하려고 노력했다. 이런 상황일 때, 의견이 맞지 않더라도 서로 존중하며 의견을 교환하는 것	<분류>1</분류> <판단>좋다</판단>
[도덕_문장]: 회의에서 대리님과 과장님이 의견 충돌로 편이 나뉘어 다투고 있는데, 신입사원인 내가 어느 편을 들어야 할지 몰라 불안했지만 결국 중재하려고 노력했다. 이런 경우에, 상대의 입장을 존중하며 대화를 통해 조율하는 것	<분류>1</분류> <판단>바람직하다</판단>
[도덕_문장]: 회의에서 대리님과 과장님이 의견 충돌로 편이 나뉘어 다투고 있는데, 신입사원인 내가 어느 편을 들어야 할지 몰라 불안했지만 결국 중재하려고 노력했다. 이렇게, 직장 내에서 동료간 갈등이 발생했을 때 중재를 통해 문제 해결을 바라는 것	<분류>1</분류> <판단>좋다</판단>
[도덕_문장]: 부모님이 사소한 일에도 과도하게 칭찬하셔서 부담스럽고 불안하지만, 사랑으로 하시는 말씀에 솔직한 마음을 표현하기가 죄송스럽고 용기가 나지 않았다. 이렇게, 자녀가 솔직한 마음을 전하기 힘들어할 때 자녀의 마음을 존중하며 칭찬의 강도를 조절하는 것	<분류>1</분류> <판단>바람직하다</판단>
[도덕_문장]: 부모님이 사소한 일에도 과도하게 칭찬하셔서 부담스럽고 불안하지만, 사랑으로 하시는 말씀에 솔직한 마음을 표현하기가 죄송스럽고 용기가 나지 않았다. 이런 상황에서, 자녀가 부담을 느끼면 자녀의 감정을 공감하고 칭찬의 방식을 조절하는 것	<분류>1</분류> <판단>바람직하다</판단>
[도덕_문장]: 집에 벌레가 생겨서 벌레 공포증 때문에 너무 무서웠지만 직접 처리할 수밖에 없어서 떨면서 벌레 퇴치약을 뿌렸다. 이렇게, 공포증 때문에 일상 생활에 지장이 있더라도 필요한 일을 하는 것	<분류>0</분류> <판단>좋다</판단>
[도덕_문장]: 집에 벌레가 생겨서 벌레 공포증 때문에 너무 무서웠지만 직접 처리할 수밖에 없어서 떨면서 벌레 퇴치약을 뿌렸다. 이렇게, 집에 해충이 발생했을 때 즉시 조치를 취하는 것	<분류>1</분류> <판단>해야 한다</판단>
[도덕_문장]: 자주 가던 국숫집 사장님이 건강상 이유로 문을 닫았는데, 내가 너무 자주 찾아가서 사장님께 부담을 드린 것은 아닌지 불안하고 걱정된다. 이런 상황일 때, 자신의 행동이 상대방에게 부담을 주지 않도록 배려하는 것	<분류>1</분류> <판단>중요하다</판단>
[도덕_문장]: 학생의 팔에 자주 멍이 들어있는 것을 발견했지만 학대를 의심하고 있다는 말을 직접적으로 꺼내기가 조심스러워서 어떻게 접근해야 할지 고민했다. 이렇게, 학대를 의심했을 때 부모나 보호자에게 도움을 요청하는 것	<분류>1</분류> <판단>바람직하다</판단>
[도덕_문장]: 길치라서 항상 약속에 늦는 것이 부끄러워서 연인에게 솔직하게 말하지 못하고 다른 핑계를 대며 지내왔다. 이렇게, 연인과의 약속을 지키지 못할 때 솔직하게 말하는 것	<분류>1</분류> <판단>좋다</판단>
[도덕_문장]: 길치라서 항상 약속에 늦는 것이 부끄러워서 연인에게 솔직하게 말하지 못하고 다른 핑계를 대며 지내왔다. 이럴 때, 연인에게 거짓말을 하는 것	<분류>-1</분류> <판단>안 되낟</판단>
[도덕_문장]: 친구가 입안이 심하게 헐어서 고생하고 있는데 병원 가기를 계속 미루고 있어서 더 강하게 병원에 가라고 재촉해야 할지 친구의 바쁜 상황을 이해하고 기다려야 할지 고민했다. 이처럼, 친구가 건강을 소홀히 할 경우 친구에게 조언해주는 것	<분류>1</분류> <판단>바람직하다</판단>
[도덕_문장]: 친구가 입안이 심하게 헐어서 고생하고 있는데 병원 가기를 계속 미루고 있어서 더 강하게 병원에 가라고 재촉해야 할지 친구의 바쁜 상황을 이해하고 기다려야 할지 고민했다. 이처럼, 친구가 위험한 상황에 있을 때 조언을 통해 병원을 가라고 권유하는 것	<분류>1</분류> <판단>옳다</판단>
[도덕_문장]: 친구가 입안이 심하게 헐어서 고생하고 있는데 병원 가기를 계속 미루고 있어서 더 강하게 병원에 가라고 재촉해야 할지 친구의 바쁜 상황을 이해하고 기다려야 할지 고민했다. 이런 경우에, 친구가 자신의 건강을 먼저 생각하는 것	<분류>1</분류> <판단>해야 한다</판단>
[도덕_문장]: 허리가 아픈 상태로 가족여행을 왔는데 부모님이 걱정하실까 봐 아픈 것을 숨기고 밝은 척하며 여행을 계속해야 할지 고민했다. 이처럼, 다른 사람이 건강상태에 대해 걱정하고 있을 때 솔직하게 이야기하는 것	<분류>1</분류> <판단>옳다</판단>
[도덕_문장]: 허리가 아픈 상태로 가족여행을 왔는데 부모님이 걱정하실까 봐 아픈 것을 숨기고 밝은 척하며 여행을 계속해야 할지 고민했다. 이런 경우에, 자녀의 건강 상태가 우려되면 자녀와 솔직하게 대화하는 것	<분류>1</분류> <판단>바람직하다</판단>
[도덕_문장]: 과제를 미리 완성해두었지만 마감 하루 전에 다시 보니 형편없어 보여서, 밤을 새워 다시 만들지 아니면 이대로 제출할지 고민했다. 이렇게, 자신의 역량 부족을 인지했을 때 최선을 다해 문제 해결을 시도하는 것	<분류>1</분류> <판단>바람직하다</판단>
[도덕_문장]: 과제를 미리 완성해두었지만 마감 하루 전에 다시 보니 형편없어 보여서, 밤을 새워 다시 만들지 아니면 이대로 제출할지 고민했다. 이러한 상황에서, 마감일에 임박해서 과제를 확인하고 완성도를 높이는 것	<분류>-1</분류> <판단>바람직하지 않다</판단>
[도덕_문장]: 과제를 미리 완성해두었지만 마감 하루 전에 다시 보니 형편없어 보여서, 밤을 새워 다시 만들지 아니면 이대로 제출할지 고민했다. 이처럼, 과제를 제출할 때 최선을 다해 준비하는 것	<분류>1</분류> <판단>좋다</판단>
[도덕_문장]: 딸이 재수생활로 스트레스를 받아 생리불순까지 생기는 상황에서, 다른 아이들이 학교 잘 다니는 모습을 보며 억울하고 복잡한 마음이 드는 것을 아이에게 들키지 않으려 애쓰고 있다. 이러한 상황에서, 학업 문제나 심리적인 스트레스가 있더라도 주변을 배려하는 것	<분류>1</분류> <판단>옳다</판단>
[도덕_문장]: 마흔이 넘은 아들이 결혼을 앞두고 있는데 경제적 준비가 부족해 보여서 도와주고 싶지만, 다른 자녀들과의 공평함을 생각하면 선뜻 지원하기 어려워 고민이다. 이런 경우에, 자녀의 경제적 독립을 지켜보면서 스스로 노력하도록 격려하는 것	<분류>1</분류> <판단>해야 한다</판단>
[도덕_문장]: 마흔이 넘은 아들이 결혼을 앞두고 있는데 경제적 준비가 부족해 보여서 도와주고 싶지만, 다른 자녀들과의 공평함을 생각하면 선뜻 지원하기 어려워 고민이다. 이처럼, 부모가 자녀의 결혼 지원을 결정할 때 공정함을 고려하는 것	<분류>1</분류> <판단>해야 한다</판단>
[도덕_문장]: 음치라서 모임에서 노래 부르기를 피하고 싶지만, 분위기를 깨뜨릴까 봐 억지로 노래를 불러야 할지 고민했다. 이럴 때, 모임에서 노래를 부르고 싶지 않은 사람이 부르지 않는 것	<분류>0</분류> <판단>괜찮다</판단>
[도덕_문장]: 음치라서 모임에서 노래 부르기를 피하고 싶지만, 분위기를 깨뜨릴까 봐 억지로 노래를 불러야 할지 고민했다. 이렇게, 자신의 상황을 이해해주는 주변 사람들 생각해서 억지로 행동하지 않는 것	<분류>1</분류> <판단>좋은 행동이다</판단>
[도덕_문장]: 음치라서 모임에서 노래 부르기를 피하고 싶지만, 분위기를 깨뜨릴까 봐 억지로 노래를 불러야 할지 고민했다. 이러한 상황에서, 모임에서 분위기를 깨는 행동을 하지 않는 것	<분류>1</분류> <판단>되도 좋다</판단>
[도덕_문장]: 음치라서 모임에서 노래 부르기를 피하고 싶지만, 분위기를 깨뜨릴까 봐 억지로 노래를 불러야 할지 고민했다. 이럴 때, 모임에서 자신의 컨디션을 고려해 참여 여부를 판단하는 것	<분류>0</분류> <판단>바람직하다</판단>
[도덕_문장]: 남편이 아들의 10분 늦은 귀가를 심하게 혼내는 모습을 보며, 아이를 보호해주고 싶지만 남편과 갈등을 피하고 싶어 적극적으로 나서지 못했다. 이런 상황에서, 부모가 자녀에게 신체적 정서적 폭력을 하는 것	<분류>-1</분류> <판단>옳지 않다</판단>
[도덕_문장]: 장례식장에 다녀온 후 집에 갓 태어난 손자가 있어서 미신을 믿지 않는 며느리에게는 말하기 어렵지만 액땜을 하고 들어가야 할지 고민했다. 이럴 때, 전통적인 관습이나 종교적 행위에 대해 강요하지 않는 것	<분류>1</분류> <판단>좋다</판단>
[도덕_문장]: 공모전에 출품한 작품의 당선 여부가 너무 궁금해서 온종일 그 생각만 하며 불안에 시달리고 있는데, 마음을 비우고 결과에 연연하지 말아야 한다는 것을 알면서도 절실한 마음을 떨쳐낼 수가 없었다. 이런 경우에, 자신의 중요한 결정이나 결과에 대해 불안하더라도 감정을 조절하고 행동으로 옮기는 것	<분류>1</분류> <판단>좋다</판단>
[도덕_문장]: 소개팅 약속에 늦어서 상대방이 기분 나빠할까 봐 불안했지만, 교통체증으로 어쩔 수 없는 상황이라 솔직하게 말해야 할지 다른 핑계를 대야 할지 고민했다. 이러한 상황에서, 만나기로 한 약속 시간을 지키는 것	<분류>1</분류> <판단>해야 한다</판단>
[도덕_문장]: 소개팅 약속에 늦어서 상대방이 기분 나빠할까 봐 불안했지만, 교통체증으로 어쩔 수 없는 상황이라 솔직하게 말해야 할지 다른 핑계를 대야 할지 고민했다. 이처럼, 약속을 지키지 못한 상황에 대한 판단을 회피하지 않고, 상황을 인정하며 상대방에게 솔직하게 말하는 것	<분류>1</분류> <판단>바람직하다</판단>
[도덕_문장]: 소개팅 약속에 늦어서 상대방이 기분 나빠할까 봐 불안했지만, 교통체증으로 어쩔 수 없는 상황이라 솔직하게 말해야 할지 다른 핑계를 대야 할지 고민했다. 이러한 상황에서, 약속에 늦을 것 같으면 상대방에게 미리 연락해 양해를 구하는 것	<분류>1</분류> <판단>적절하다</판단>
[도덕_문장]: 면접에 30분 늦었는데 면접관에게 미리 연락할지 말지 고민하다가 면접 5분 전에야 연락해서 면접관이 왜 지금 연락하냐고 했다. 이런 상황에서, 면접에 30분 늦는 것	<분류>-1</분류> <판단>바람직하지 않다</판단>
[도덕_문장]: 적금을 열심히 넣고 있지만 물가 상승률이 이자율보다 높다는 것을 알면서도 다른 투자는 위험해서 계속 적금만 넣고 있다. 이러한 상황에서, 돈 관리에서 본인의 경제적 능력과 미래 계획을 고려하는 것	<분류>1</분류> <판단>바람직하다</판단>
[도덕_문장]: 이직으로 새 회사에 다음 주부터 출근해야 하는데 지하철역 근처 집을 고집하다가 매물을 찾지 못해 본가에서 먼 거리를 출퇴근해야 할지 역에서 떨어진 집으로 타협해야 할지 고민했다. 이렇게, 직장과 거주지 간의 거리 결정 시 본인의 시간적, 경제적 상황을 고려하여 적절한 거리를 선택하는 것	<분류>1</분류> <판단>바람직하다</판단>
[도덕_문장]: 오빠가 가장 친한 친구와 결혼해서 시누이가 되었는데, 어머니 생신 선물을 정하는 과정에서 의견 충돌이 생겨 관계가 서먹해져서 앞으로도 잘 지낼 수 있을지 불안하다. 이렇게, 갈등이 발생할 경우 상대방의 입장과 감정을 이해하려고 노력하는 것	<분류>1</분류> <판단>해야 한다</판단>
[도덕_문장]: 지인이 코로나에 걸려 주말 약속을 갑작스럽게 취소했는데, 걱정되는 마음과 함께 약속이 깨져서 아쉬운 마음 사이에서 갈등했다. 이럴 때, 타인의 사정을 이해하려는 것	<분류>1</분류> <판단>필요하다</판단>
[도덕_문장]: 지인이 코로나에 걸려 주말 약속을 갑작스럽게 취소했는데, 걱정되는 마음과 함께 약속이 깨져서 아쉬운 마음 사이에서 갈등했다. 이렇게, 지인과의 약속이 취소되었을 때 이해하려는 태도를 보이는 것	<분류>1</분류> <판단>좋다</판단>
[도덕_문장]: 지인이 코로나에 걸려 주말 약속을 갑작스럽게 취소했는데, 걱정되는 마음과 함께 약속이 깨져서 아쉬운 마음 사이에서 갈등했다. 이럴 때, 약속이 취소되면 사과하고 건강에 신경 쓰는 태도를 보이는 것	<분류>1</분류> <판단>옳다</판단>
[도덕_문장]: 지인이 코로나에 걸려 주말 약속을 갑작스럽게 취소했는데, 걱정되는 마음과 함께 약속이 깨져서 아쉬운 마음 사이에서 갈등했다. 이럴 때, 건강이 위험할 정도면 약속을 취소하고 충분한 휴식을 취하는 것	<분류>1</분류> <판단>좋다</판단>
[도덕_문장]: 지인이 코로나에 걸려 주말 약속을 갑작스럽게 취소했는데, 걱정되는 마음과 함께 약속이 깨져서 아쉬운 마음 사이에서 갈등했다. 이런 경우에, 다른 사람의 사정을 이해하는 것	<분류>1</분류> <판단>옳다</판단>
[도덕_문장]: 지인이 코로나에 걸려 주말 약속을 갑작스럽게 취소했는데, 걱정되는 마음과 함께 약속이 깨져서 아쉬운 마음 사이에서 갈등했다. 이처럼, 감염병으로 인해 타인의 약속이 취소될 경우, 상대방이 마음의 상처를 받지 않도록 위로와 양해를 구하는 것	<분류>1</분류> <판단>바람직하다</판단>
[도덕_문장]: 피부과에서 턱 보톡스 시술을 받았는데, 약물을 얼굴에 넣었다는 생각에 부작용이 생길까 봐 불안하고 괜히 맞은 건 아닌지 후회가 들었다. 이런 경우에, 의료 행위에 대한 걱정을 이해하는 것	<분류>1</분류> <판단>해야 한다</판단>
[도덕_문장]: 회사에서 재계약 조건이 나빴지만 아이 유치원비와 생활비 때문에 어쩔 수 없이 계약서에 서명했고, 이제 이직도 할 수 없게 되어 답답했다. 이러한 상황에서, 회사가 직원들의 재취업이나 이직을 방해하거나 제한하는 것	<분류>-1</분류> <판단>나쁘다</판단>
[도덕_문장]: 생리 주기가 불규칙해져서 의사가 처방해준 피임약을 매일 같은 시간에 먹어야 하는데, 번거롭고 거추장스러워서 제대로 복용하지 않고 싶은 마음과 건강을 위해 꼭 챙겨 먹어야 한다는 마음 사이에서 고민했다. 이런 상황에서, 처방약을 복용하는 것	<분류>1</분류> <판단>꼭 지켜야 한다</판단>
[도덕_문장]: 만들기 동아리에서 신입 회원 작품 발표를 해야 하는데, 내 작품이 별로인 것 같아서 사람들이 비웃을까 봐 불안하지만 원래는 내 작품을 보여주고 싶어서 동아리를 시작했던 것이라 딜레마에 빠졌다. 이처럼, 만들기 동아리에서 신입 회원들의 작품을 평가할 때 긍정적이고 지지적인 피드백을 주는 것	<분류>1</분류> <판단>적절하다</판단>
[도덕_문장]: 만들기 동아리에서 신입 회원 작품 발표를 해야 하는데, 내 작품이 별로인 것 같아서 사람들이 비웃을까 봐 불안하지만 원래는 내 작품을 보여주고 싶어서 동아리를 시작했던 것이라 딜레마에 빠졌다. 이런 상황일 때, 동아리 활동에서 개인의 성과보다 경험의 공유를 우선시 하는 것	<분류>1</분류> <판단>해야 한다</판단>
[도덕_문장]: 만들기 동아리에서 신입 회원 작품 발표를 해야 하는데, 내 작품이 별로인 것 같아서 사람들이 비웃을까 봐 불안하지만 원래는 내 작품을 보여주고 싶어서 동아리를 시작했던 것이라 딜레마에 빠졌다. 이런 상황일 때, 자신의 작품이 부족하더라도 결과에 대해 실망하기보다 개선 방향을 고려하는 것	<분류>1</분류> <판단>바람직하다</판단>
[도덕_문장]: 친구들과 술집에 왔는데 화장실이 남녀 공용이라 불안하지만 금요일 밤에 겨우 찾은 자리라 나 혼자 때문에 나가자고 말할 수 없어서 고민이다. 이처럼, 공공장소에서 불편함이 있더라도 주변 상황을 고려해 행동하는 것	<분류>1</분류> <판단>바람직하다</판단>
[도덕_문장]: 남자친구를 위해 직접 돈가스 소스를 만들어 도시락을 준비했지만, 요리 실력에 자신이 없어서 차라리 기성품 소스를 사용할 걸 하는 후회가 들었다. 이렇게, 연인을 위해 자신의 상황을 고려한 선물을 준비하는 것	<분류>0</분류> <판단>적절하다</판단>
[도덕_문장]: 남자친구를 위해 직접 돈가스 소스를 만들어 도시락을 준비했지만, 요리 실력에 자신이 없어서 차라리 기성품 소스를 사용할 걸 하는 후회가 들었다. 이러한 상황에서, 연인에게 준비한 선물에 대해 솔직한 감정을 표현하는 것	<분류>0</분류> <판단>괜찮다</판단>
[도덕_문장]: 동기들은 모두 졸업하고 취업했는데 나만 해외봉사로 인해 졸업이 늦어져서, 값진 경험을 했다고 생각하면서도 혼자 뒤처진 것 같아 후회스럽다. 이처럼, 자신을 낮추지 않고 현재 상황에 대해 객관적으로 생각하는 것	<분류>1</분류> <판단>좋다</판단>
[도덕_문장]: 초등학교에 입학한 아이가 여자 짝꿍을 때렸다는 담임선생님의 전화를 받고 아이를 다그쳐야 할지 차분히 이유를 들어봐야 할지 고민했다. 이럴 때, 담임 선생님이 아이에게 이유를 차분히 설명하는 것	<분류>1</분류> <판단>해야 한다</판단>
[도덕_문장]: 초등학교에 입학한 아이가 여자 짝꿍을 때렸다는 담임선생님의 전화를 받고 아이를 다그쳐야 할지 차분히 이유를 들어봐야 할지 고민했다. 이럴 때, 자신의 행동에 대해 책임을 지는 것	<분류>1</분류> <판단>옳다</판단>
[도덕_문장]: 초등학교에 입학한 아이가 여자 짝꿍을 때렸다는 담임선생님의 전화를 받고 아이를 다그쳐야 할지 차분히 이유를 들어봐야 할지 고민했다. 이러한 상황에서, 어린 아이들의 신체적 폭력 행동에 대해 원인을 차분하게 들어보는 것	<분류>1</분류> <판단>옳다</판단>
[도덕_문장]: 아버지 환갑 기념 제주도 여행에서 가족 스냅사진을 찍겠다고 미리 말해놓았는데 작가를 구하지 못해 가족들의 기대를 저버릴까 봐 걱정되었다. 이처럼, 부모님의 환갑 여행 계획에서 문제가 생겼을 때, 부모님에게 미리 상황을 설명하고 함께 해결 방안을 찾는 것	<분류>1</분류> <판단>좋다</판단>
[도덕_문장]: 아버지 환갑 기념 제주도 여행에서 가족 스냅사진을 찍겠다고 미리 말해놓았는데 작가를 구하지 못해 가족들의 기대를 저버릴까 봐 걱정되었다. 이렇게, 개인의 사정으로 약속한 일을 이행하기 어려울 때 상대방에게 사실을 알려 양해를 구하는 것	<분류>1</분류> <판단>적절하다</판단>
[도덕_문장]: 아버지 환갑 기념 제주도 여행에서 가족 스냅사진을 찍겠다고 미리 말해놓았는데 작가를 구하지 못해 가족들의 기대를 저버릴까 봐 걱정되었다. 이러한 상황에서, 가족의 중요한 일정에 대해 사전에 약속을 지키려 노력하는 것	<분류>1</분류> <판단>옳다.</판단>
[도덕_문장]: 아버지 환갑 기념 제주도 여행에서 가족 스냅사진을 찍겠다고 미리 말해놓았는데 작가를 구하지 못해 가족들의 기대를 저버릴까 봐 걱정되었다. 이럴 때, 아버지 환갑 기념 여행에서 가족 스냅사진을 찍는 것	<분류>1</분류> <판단>중요한 준비사항이라는 것을 인정해야 한다</판단>
[도덕_문장]: 재택근무에서 출근근무로 바뀌면서 혼자 집에 남겨둘 강아지가 스트레스받고 외로워할까봐 걱정되어 출근할 때마다 발걸음이 떨어지지 않았다. 이런 경우에, 강아지의 정서적 스트레스를 감소시키는 것	<분류>1</분류> <판단>필요하다</판단>
[도덕_문장]: 재택근무에서 출근근무로 바뀌면서 혼자 집에 남겨둘 강아지가 스트레스받고 외로워할까봐 걱정되어 출근할 때마다 발걸음이 떨어지지 않았다. 이럴 때, 반려동물의 정서적 상태를 체크하며 돌보는 것	<분류>1</분류> <판단>옳다</판단>
[도덕_문장]: 재택근무에서 출근근무로 바뀌면서 혼자 집에 남겨둘 강아지가 스트레스받고 외로워할까봐 걱정되어 출근할 때마다 발걸음이 떨어지지 않았다. 이런 상황일 때, 출근을 결정하기 전에 강아지의 스트레스를 최소화할 수 있는 조치를 마련하는 것	<분류>1</분류> <판단>좋다</판단>
[도덕_문장]: 재택근무에서 출근근무로 바뀌면서 혼자 집에 남겨둘 강아지가 스트레스받고 외로워할까봐 걱정되어 출근할 때마다 발걸음이 떨어지지 않았다. 이처럼, 집에 있는 동물이 불편해할 때 이를 배려하는 것	<분류>1</분류> <판단>해야 한다</판단>
[도덕_문장]: 재택근무에서 출근근무로 바뀌면서 혼자 집에 남겨둘 강아지가 스트레스받고 외로워할까봐 걱정되어 출근할 때마다 발걸음이 떨어지지 않았다. 이처럼, 재택근무 중 반려동물이 스트레스를 받는 경우 적절한 대처와 관심을 가지는 것	<분류>1</분류> <판단>필요하다</판단>
[도덕_문장]: 프로젝트 마감이 촉박해서 팀원들과 계속 야근을 해야 하는 상황인데, 모두가 지쳐가는 모습을 보니 더 밀어붙여야 할지 아니면 일정을 조정해야 할지 고민이 되었다. 이처럼, 프로젝트 일정이 촉박할 때 팀원들의 건강과 안전을 우선적으로 고려해 일정을 조정하는 것	<분류>1</분류> <판단>좋다</판단>
[도덕_문장]: 프로젝트 마감이 촉박해서 팀원들과 계속 야근을 해야 하는 상황인데, 모두가 지쳐가는 모습을 보니 더 밀어붙여야 할지 아니면 일정을 조정해야 할지 고민이 되었다. 이런 상황에서, 업무 환경에서 동료가 힘들어 보이면 자신의 일정을 조정하는 것	<분류>1</분류> <판단>바람직하다</판단>
[도덕_문장]: 프로젝트 마감이 촉박해서 팀원들과 계속 야근을 해야 하는 상황인데, 모두가 지쳐가는 모습을 보니 더 밀어붙여야 할지 아니면 일정을 조정해야 할지 고민이 되었다. 이렇게, 마감이 촉박한 프로젝트를 맡았을 때 팀원들의 피로를 고려하며 일정을 조정하는 것	<분류>1</분류> <판단>좋다</판단>
[도덕_문장]: 프로젝트 마감이 촉박해서 팀원들과 계속 야근을 해야 하는 상황인데, 모두가 지쳐가는 모습을 보니 더 밀어붙여야 할지 아니면 일정을 조정해야 할지 고민이 되었다. 이런 상황에서, 팀원들의 피로와 한계를 고려해 일정을 조정하는 것	<분류>1</분류> <판단>바람직하다</판단>
[도덕_문장]: 프로젝트 마감이 촉박해서 팀원들과 계속 야근을 해야 하는 상황인데, 모두가 지쳐가는 모습을 보니 더 밀어붙여야 할지 아니면 일정을 조정해야 할지 고민이 되었다. 이런 상황에서, 팀원들과 협의를 통해 문제를 해결하는 것	<분류>1</분류> <판단>좋다</판단>
[도덕_문장]: 프로젝트 마감이 촉박해서 팀원들과 계속 야근을 해야 하는 상황인데, 모두가 지쳐가는 모습을 보니 더 밀어붙여야 할지 아니면 일정을 조정해야 할지 고민이 되었다. 이처럼, 프로젝트가 촉박한 상황에서 팀원들의 건강과 안전을 최우선으로 고려하는 것	<분류>1</분류> <판단>해야 한다</판단>
[도덕_문장]: 가족 모임에서 코로나 확진자와 접촉했을 가능성이 있어 회사에 피해를 줄까봐 걱정되지만, 검사 결과가 나오기 전까지 동료들에게 어떻게 말해야 할지 고민했다. 이런 상황일 때, 가족 모임을 통해 코로나 확진자와 접촉했을 가능성이 있다면 회사 동료들에게 사실대로 알려주는 것	<분류>1</분류> <판단>좋다</판단>
[도덕_문장]: 가족 모임에서 코로나 확진자와 접촉했을 가능성이 있어 회사에 피해를 줄까봐 걱정되지만, 검사 결과가 나오기 전까지 동료들에게 어떻게 말해야 할지 고민했다. 이러한 상황에서, 직장 동료의 사생활에 대해 언급하지 않는 것	<분류>1</분류> <판단>바람직하다</판단>
[도덕_문장]: 가족 모임에서 코로나 확진자와 접촉했을 가능성이 있어 회사에 피해를 줄까봐 걱정되지만, 검사 결과가 나오기 전까지 동료들에게 어떻게 말해야 할지 고민했다. 이처럼, 가족 모임에서 코로나 확진자와의 접촉을 언급할 때 주변 사람들의 불안감이나 피해를 고려해 조심스럽게 말하는 것	<분류>1</분류> <판단>좋다</판단>
[도덕_문장]: 회사 단체 톡에서 최 대리에게 농담으로 \"배울 만큼 배우신 분이 그런 말을 하시다니 안 됩니다\"라고 했는데, 최 대리가 기분이 상해서 단체 톡방을 나가버려 어떻게 사과해야 할지 고민이 되었다. 이런 경우에, 직장 동료의 발언에 상처받았더라도 감정적 대응을 자제하고 차분하게 의사를 전달하는 것	<분류>1</분류> <판단>바람직하다</판단>
[도덕_문장]: 회사 단체 톡에서 최 대리에게 농담으로 \"배울 만큼 배우신 분이 그런 말을 하시다니 안 됩니다\"라고 했는데, 최 대리가 기분이 상해서 단체 톡방을 나가버려 어떻게 사과해야 할지 고민이 되었다. 이런 상황에서, 동료와의 갈등을 대화를 통해 해결하는 것	<분류>1</분류> <판단>바람직하다</판단>
[도덕_문장]: 회사 단체 톡에서 최 대리에게 농담으로 \"배울 만큼 배우신 분이 그런 말을 하시다니 안 됩니다\"라고 했는데, 최 대리가 기분이 상해서 단체 톡방을 나가버려 어떻게 사과해야 할지 고민이 되었다. 이런 경우에, 단체 톡에서 상대방을 비난하는 발언을 한 후 사과하는 것	<분류>1</분류> <판단>해야 한다</판단>
[도덕_문장]: 버스 사고를 목격한 후 몸이 아픈 것 같은데 당황해서 버스회사 명함을 받지 않고 와버려서 병원비를 어떻게 청구해야 할지 걱정이 되었다. 이럴 때, 사고 현장을 목격했더라도 그 자리에서 명함을 주고 받지 않는 것	<분류>0</분류> <판단>괜찮다</판단>
[도덕_문장]: 거래처와의 미팅에서 메일 주소를 잘못 적어 중요한 납품 일정이 지연되었는데, 사장님께 실수를 솔직히 말해야 할지 다른 핑계를 대야 할지 고민했다. 이러한 상황에서, 중요한 업무에서 발생한 문제를 은폐하는 것	<분류>-1</분류> <판단>나쁘다</판단>
[도덕_문장]: 거래처와의 미팅에서 메일 주소를 잘못 적어 중요한 납품 일정이 지연되었는데, 사장님께 실수를 솔직히 말해야 할지 다른 핑계를 대야 할지 고민했다. 이렇게, 회사를 대표하여 외부 업무를 수행할 때 신중하게 행동하는 것	<분류>1</분류> <판단>해야 한다</판단>
[도덕_문장]: 거래처와의 미팅에서 메일 주소를 잘못 적어 중요한 납품 일정이 지연되었는데, 사장님께 실수를 솔직히 말해야 할지 다른 핑계를 대야 할지 고민했다. 이렇게, 직원의 실수로 문제가 발생했을 경우 진심으로 사과하고 재발 방지를 약속하는 것	<분류>1</분류> <판단>해야 한다</판단>
[도덕_문장]: 거래처와의 미팅에서 메일 주소를 잘못 적어 중요한 납품 일정이 지연되었는데, 사장님께 실수를 솔직히 말해야 할지 다른 핑계를 대야 할지 고민했다. 이럴 때, 업무 과정에서 발생한 실수를 인정하고 책임지는 것	<분류>1</분류> <판단>바람직하다</판단>
[도덕_문장]: 거래처와의 미팅에서 메일 주소를 잘못 적어 중요한 납품 일정이 지연되었는데, 사장님께 실수를 솔직히 말해야 할지 다른 핑계를 대야 할지 고민했다. 이러한 상황에서, 업무 관련 실수를 있는 그대로 보고하는 것	<분류>1</분류> <판단>옳다</판단>
[도덕_문장]: 거래처와의 미팅에서 메일 주소를 잘못 적어 중요한 납품 일정이 지연되었는데, 사장님께 실수를 솔직히 말해야 할지 다른 핑계를 대야 할지 고민했다. 이런 상황일 때, 회사에서 실수를 신속하게 인정하고 책임지는 것	<분류>1</분류> <판단>보여주어야 한다</판단>
[도덕_문장]: 건강을 위해 시작한 운동이었는데 보디 프로필 촬영 욕심에 무리한 식단 조절과 고강도 운동으로 오히려 건강을 해치고 있다는 걸 알면서도 목표를 포기하기 어려워 계속 자신을 채찍질하고 있다. 이런 상황에서, 자신의 건강을 해칠 정도로 무리한 운동과 식단을 강요하는 것	<분류>-1</분류> <판단>옳지 않다</판단>
[도덕_문장]: 전에 다니던 직장에서 좋은 조건으로 재입사 제안을 받았지만, 그곳에서 정신적 육체적으로 힘들었던 기억 때문에 현재 워라밸이 좋은 회사를 떠날지 고민하고 있다. 이런 상황일 때, 업무 환경과 워라밸, 보상 등을 고려해 직장을 선택하는 것	<분류>1</분류> <판단>해야 한다</판단>
[도덕_문장]: 전에 다니던 직장에서 좋은 조건으로 재입사 제안을 받았지만, 그곳에서 정신적 육체적으로 힘들었던 기억 때문에 현재 워라밸이 좋은 회사를 떠날지 고민하고 있다. 이런 상황에서, 직장에서 부당한 대우나 근무 환경 문제로 인해 자신의 권리를 지키기 위해 적극적으로 대응하는 것	<분류>1</분류> <판단>옳다</판단>
[도덕_문장]: 전에 다니던 직장에서 좋은 조건으로 재입사 제안을 받았지만, 그곳에서 정신적 육체적으로 힘들었던 기억 때문에 현재 워라밸이 좋은 회사를 떠날지 고민하고 있다. 이런 상황에서, 재입사 제안에 대해 자신의 경험을 근거로 고민하는 것	<분류>1</분류> <판단>정당하다</판단>
[도덕_문장]: 전에 다니던 직장에서 좋은 조건으로 재입사 제안을 받았지만, 그곳에서 정신적 육체적으로 힘들었던 기억 때문에 현재 워라밸이 좋은 회사를 떠날지 고민하고 있다. 이럴 때, 회사 내에서 자신의 건강을 최우선으로 생각하는 것	<분류>1</분류> <판단>해야 한다</판단>
[도덕_문장]: 회의에서 작은 실수를 했는데 동료들이 뒤에서 나를 비판할까 봐 밤잠을 설치며 걱정하고 있지만, 선배는 그런 실수는 금방 잊혀진다고 말해서 혼란스럽다. 이처럼, 실수를 했을 때 너무 자책하지 않는 것	<분류>1</분류> <판단>좋다</판단>
[도덕_문장]: 여자친구가 처음에는 부모님과 있다고 했다가 나중에는 친구와 있다고 말을 바꿔서 신뢰가 깨질까 봐 불안하지만 헤어지고 싶지는 않아 고민이다. 이럴 때, 연인과 거짓말로 인한 갈등을 차분하게 이야기하는 것	<분류>1</분류> <판단>좋다</판단>
[도덕_문장]: 여자친구가 처음에는 부모님과 있다고 했다가 나중에는 친구와 있다고 말을 바꿔서 신뢰가 깨질까 봐 불안하지만 헤어지고 싶지는 않아 고민이다. 이런 경우에, 연인의 거짓말에 불안감을 느끼는 것	<분류>1</분류> <판단>괜찮다</판단>
[도덕_문장]: 아이가 대학 진학 대신 공무원 시험을 보겠다고 하는데, 남편은 반대하고 나는 아이의 선택을 지지해주고 싶어서 고민이다. 이런 상황에서, 자녀의 진로선택에 대해 반대의견을 가진다	<분류>0</분류> <판단>괜찮다</판단>
[도덕_문장]: 아이가 대학 진학 대신 공무원 시험을 보겠다고 하는데, 남편은 반대하고 나는 아이의 선택을 지지해주고 싶어서 고민이다. 이런 경우에, 부모가 자녀가 스스로 선택을 하게 격려하는 것	<분류>1</분류> <판단>바람직하다</판단>
[도덕_문장]: 아이가 대학 진학 대신 공무원 시험을 보겠다고 하는데, 남편은 반대하고 나는 아이의 선택을 지지해주고 싶어서 고민이다. 이렇게, 자녀가 자신의 삶의 진로를 결정할 때 자녀의 의견을 존중해주는 것	<분류>1</분류> <판단>해야 한다</판단>
[도덕_문장]: 아이가 대학 진학 대신 공무원 시험을 보겠다고 하는데, 남편은 반대하고 나는 아이의 선택을 지지해주고 싶어서 고민이다. 이런 상황에서, 자녀가 진로 선택에 있어 사회적 압박 없이 자신의 가치관과 적성을 존중하는 것	<분류>1</분류> <판단>좋다.</판단>
[도덕_문장]: 딸이 태풍이 예상되는 날에 수학여행을 가겠다고 고집을 부리는데, 안전이 걱정되어 말리고 싶지만 성장한 딸의 의사를 존중해야 할지 고민했다. 이럴 때, 자연재해가 예상되는 날 위험을 피하는 것	<분류>0</분류> <판단>바람직하다</판단>
[도덕_문장]: 딸이 태풍이 예상되는 날에 수학여행을 가겠다고 고집을 부리는데, 안전이 걱정되어 말리고 싶지만 성장한 딸의 의사를 존중해야 할지 고민했다. 이럴 때, 미성년자 자녀의 결정이 걱정되면 설득하는 것	<분류>1</분류> <판단>좋다</판단>
[도덕_문장]: 딸이 태풍이 예상되는 날에 수학여행을 가겠다고 고집을 부리는데, 안전이 걱정되어 말리고 싶지만 성장한 딸의 의사를 존중해야 할지 고민했다. 이런 상황일 때, 자녀의 안전을 지키는 것	<분류>1</분류> <판단>해야 한다</판단>
[도덕_문장]: 딸이 태풍이 예상되는 날에 수학여행을 가겠다고 고집을 부리는데, 안전이 걱정되어 말리고 싶지만 성장한 딸의 의사를 존중해야 할지 고민했다. 이런 상황에서, 부모가 자녀의 안전을 최우선으로 고려하며 결정을 내리는 것	<분류>1</분류> <판단>해야 한다</판단>
[도덕_문장]: 여자친구와의 저녁 약속 때문에 친구와의 만남을 거절했는데, 여자친구가 급한 일이 생겼다며 약속을 취소해서 친구에게 다시 만나자고 연락하기가 민망했다. 이럴 때, 연인이 있는 친구의 연인과의 만남을 존중하는 것	<분류>1</분류> <판단>바람직하다</판단>
[도덕_문장]: 여자친구와의 저녁 약속 때문에 친구와의 만남을 거절했는데, 여자친구가 급한 일이 생겼다며 약속을 취소해서 친구에게 다시 만나자고 연락하기가 민망했다. 이렇게, 연인의 급한 상황을 이유로 약속을 취소하는 것	<분류>1</분류> <판단>적절한 조치이다</판단>
[도덕_문장]: 회사에서 3년간 야근하며 열심히 일했지만 돈이 모이지 않아 불안한데, 편찮으신 어머니를 위해 더 빨리 돈을 벌고 싶지만 조급해하면 안 된다는 조언과 현실적 필요 사이에서 고민했다. 이런 상황일 때, 개인의 필요에 따라 일에 대해 조정할 수 있음을 인정하는 것	<분류>1</분류> <판단>해야 한다</판단>
[도덕_문장]: 회사에서 3년간 야근하며 열심히 일했지만 돈이 모이지 않아 불안한데, 편찮으신 어머니를 위해 더 빨리 돈을 벌고 싶지만 조급해하면 안 된다는 조언과 현실적 필요 사이에서 고민했다. 이렇게, 부양가족이 있는 상황에서 과도한 야근으로 건강과 경제적 안정을 해치지 않는 수준에서 업무와 개인 생활을 조율하는 것	<분류>1</분류> <판단>좋다</판단>
[도덕_문장]: 출근 시간에 만원 지하철을 타야 하는 상황에서 안전을 위해 한 대를 보냈지만 지각할까 봐 불안해하며 그냥 무리해서 탔어야 했나 후회했다. 이런 상황에서, 대중교통 이용 시 안전이 보장되지 않는다면 탑승을 미루는 것	<분류>0</분류> <판단>적절한 선택이다</판단>
[도덕_문장]: 출근 시간에 만원 지하철을 타야 하는 상황에서 안전을 위해 한 대를 보냈지만 지각할까 봐 불안해하며 그냥 무리해서 탔어야 했나 후회했다. 이럴 때, 만원 지하철에서 안전을 이유로 탑승을 거부하는 것	<분류>0</분류> <판단>할 수 있다</판단>
[도덕_문장]: 출근 시간에 만원 지하철을 타야 하는 상황에서 안전을 위해 한 대를 보냈지만 지각할까 봐 불안해하며 그냥 무리해서 탔어야 했나 후회했다. 이런 상황에서, 출근 시간에 대중교통이 혼잡하더라도 안전을 위해 무리하게 타지 않는 것	<분류>1</분류> <판단>옳다</판단>
[도덕_문장]: 출근 시간에 만원 지하철을 타야 하는 상황에서 안전을 위해 한 대를 보냈지만 지각할까 봐 불안해하며 그냥 무리해서 탔어야 했나 후회했다. 이렇게, 출근 시간에 지하철이 혼잡할 때 무리해서 타지 않고 안전을 고려하는 것	<분류>1</분류> <판단>바람직하다</판단>
[도덕_문장]: 남편이 부부 동반 골프 모임을 위해 골프를 배우라고 하는데, 운동 소질도 없고 허리 통증과 햇빛 알레르기까지 있어서 거절하고 싶지만 남편을 서운하게 할까봐 고민이다. 이러한 상황에서, 배우자가 자신의 의견을 분명하게 말하는 것	<분류>1</분류> <판단>옳다.</판단>
[도덕_문장]: 남편이 부부 동반 골프 모임을 위해 골프를 배우라고 하는데, 운동 소질도 없고 허리 통증과 햇빛 알레르기까지 있어서 거절하고 싶지만 남편을 서운하게 할까봐 고민이다. 이러한 상황에서, 부인의 거절을 존중하는 것	<분류>1</분류> <판단>바람직하다</판단>
[도덕_문장]: 남편이 부부 동반 골프 모임을 위해 골프를 배우라고 하는데, 운동 소질도 없고 허리 통증과 햇빛 알레르기까지 있어서 거절하고 싶지만 남편을 서운하게 할까봐 고민이다. 이러한 상황에서, 부부 관계에서 배우자의 건강 상태와 선호를 존중하는 것	<분류>1</분류> <판단>해야 한다</판단>
[도덕_문장]: 남편이 부부 동반 골프 모임을 위해 골프를 배우라고 하는데, 운동 소질도 없고 허리 통증과 햇빛 알레르기까지 있어서 거절하고 싶지만 남편을 서운하게 할까봐 고민이다. 이렇게, 남편이 건강과 취향을 고려하지 않은 무리한 요구를 할 때 자신의 상황을 설명하고 거절하는 것	<분류>1</분류> <판단>옳다</판단>
[도덕_문장]: 갑자기 살이 빠지고 소화가 안 되어 병원에 가야 한다는 것을 알지만, 혹시 큰 병일까 봐 무서워서 계속 미루고 있다. 이런 상황일 때, 자신의 건강을 돌보지 않은 채로 의사를 미루는 것	<분류>-1</분류> <판단>바람직하지 않다</판단>
[도덕_문장]: 삿포로 공항에서 눈으로 인해 비행기가 지연되어 환승편을 놓쳤는데, 친구는 여행 기회라고 긍정적으로 말해주지만 예상치 못한 숙박비와 일정 변경으로 인한 부담감 때문에 마음이 복잡했다. 이런 상황에서, 친구와 대화하면서 솔직한 감정을 나누는 것	<분류>1</분류> <판단>좋다</판단>
[도덕_문장]: 삿포로 공항에서 눈으로 인해 비행기가 지연되어 환승편을 놓쳤는데, 친구는 여행 기회라고 긍정적으로 말해주지만 예상치 못한 숙박비와 일정 변경으로 인한 부담감 때문에 마음이 복잡했다. 이런 상황에서, 자신이 통제할 수 없는 외부 환경 변화에 대해 불만을 표출하는 것	<분류>0</분류> <판단>할 수 있다</판단>
[도덕_문장]: 택배가 연달아 도난당해서 CCTV를 확인하고 경찰에 신고했지만, 범인의 얼굴이 모자에 가려져 보이지 않아 해결될지 불안하다. 이처럼, 보안 관련 피해가 발생했을 경우 즉시 신고하고 필요한 조치를 취하는 것	<분류>1</분류> <판단>바람직하다</판단>
[도덕_문장]: 아버지의 건강검진 결과가 좋지 않아 할머니와 함께 절에 기도하러 갔는데, 할머니가 너무 불안해하며 눈물을 흘리시는 모습을 보니 나도 덩달아 불안해져서 위로해드려야 할지 같이 걱정해야 할지 몰라 혼란스러웠다. 이러한 상황에서, 자녀가 걱정하는 마음을 이해하고, 함께 기도를 하면서 마음의 안정을 찾도록 하는 것	<분류>1</분류> <판단>좋다</판단>
[도덕_문장]: 아내가 2년째 우울증으로 고생하고 있는데 병간호와 병원비 부담으로 지쳐서 이혼을 생각하지만, 혼자 두면 아내가 더 안 좋아질 것 같아 결정을 내리지 못하고 있다. 이런 상황에서, 결혼생활을 유지하기로 결정하고 배우자의 건강을 회복하기 위해 최선을 다해 노력하는 것	<분류>1</분류> <판단>해야 한다</판단>
[도덕_문장]: 회사 개인 면담에서 팀장이 갑자기 애인이 있는지 사적인 질문을 해서 당황스럽고 불편했지만 상사라서 어떻게 대응해야 할지 몰라 대충 답하고 나왔다. 이런 상황일 때, 직장에서 업무와 무관한 사적 질문을 하는 것	<분류>-1</분류> <판단>하지 않아야 한다</판단>
[도덕_문장]: 애인이 연락을 강요하고 옷차림을 단속하는 등 가스라이팅을 하는 것 같은데, 평소에는 잘해줘서 이 문제를 직접 말해야 할지 그냥 참아야 할지 고민했다. 이럴 때, 연인이 가스라이팅을 하고 있다고 판단되면 문제를 직접적으로 말하는 것	<분류>1</분류> <판단>옳다</판단>
[도덕_문장]: 애인이 연락을 강요하고 옷차림을 단속하는 등 가스라이팅을 하는 것 같은데, 평소에는 잘해줘서 이 문제를 직접 말해야 할지 그냥 참아야 할지 고민했다. 이럴 때, 이성애적인 관계에서 상대방의 자율성을 존중하는 것	<분류>1</분류> <판단>매우 중요하다</판단>
[도덕_문장]: 애인이 연락을 강요하고 옷차림을 단속하는 등 가스라이팅을 하는 것 같은데, 평소에는 잘해줘서 이 문제를 직접 말해야 할지 그냥 참아야 할지 고민했다. 이러한 상황에서, 연인 관계에서 평등함을 유지하는 것	<분류>1</분류> <판단>필요하다</판단>
[도덕_문장]: 애인이 연락을 강요하고 옷차림을 단속하는 등 가스라이팅을 하는 것 같은데, 평소에는 잘해줘서 이 문제를 직접 말해야 할지 그냥 참아야 할지 고민했다. 이런 상황일 때, 가스라이팅을 하는 것	<분류>-1</분류> <판단>옳지 않다</판단>
[도덕_문장]: 애인이 연락을 강요하고 옷차림을 단속하는 등 가스라이팅을 하는 것 같은데, 평소에는 잘해줘서 이 문제를 직접 말해야 할지 그냥 참아야 할지 고민했다. 이렇게, 연인의 행동이 올바르지 않다고 생각될 때 자신의 상황을 구체적으로 설명하고 경계를 설정하는 것	<분류>1</분류> <판단>해야 한다</판단>
[도덕_문장]: 애인이 연락을 강요하고 옷차림을 단속하는 등 가스라이팅을 하는 것 같은데, 평소에는 잘해줘서 이 문제를 직접 말해야 할지 그냥 참아야 할지 고민했다. 이런 경우에, 연인에게 통제를 강요하는 것	<분류>-1</분류> <판단>바람직하지 않다</판단>
[도덕_문장]: 애인이 연락을 강요하고 옷차림을 단속하는 등 가스라이팅을 하는 것 같은데, 평소에는 잘해줘서 이 문제를 직접 말해야 할지 그냥 참아야 할지 고민했다. 이러한 상황에서, 가스라이팅을 하는 사람에게 도움을 요청하는 것	<분류>1</분류> <판단>해야 한다</판단>
[도덕_문장]: 애인이 연락을 강요하고 옷차림을 단속하는 등 가스라이팅을 하는 것 같은데, 평소에는 잘해줘서 이 문제를 직접 말해야 할지 그냥 참아야 할지 고민했다. 이런 상황일 때, 상대방의 의견을 존중하지 않고 자신의 기준을 강요하는 것	<분류>-1</분류> <판단>옳지 않다</판단>
[도덕_문장]: 애인이 연락을 강요하고 옷차림을 단속하는 등 가스라이팅을 하는 것 같은데, 평소에는 잘해줘서 이 문제를 직접 말해야 할지 그냥 참아야 할지 고민했다. 이럴 때, 연인이 가스라이팅을 하는 것 같다고 의심되면 자신의 문제와 관련된 진지한 대화를 하는 것	<분류>1</분류> <판단>해야 한다</판단>
[도덕_문장]: 출산 후 재취업 면접을 앞두고 있는데, 야근이나 출장 등 회사 요구사항을 수용하기 어려운 상황을 솔직히 말할지 아니면 일단 취업부터 하고 나중에 협상할지 고민이 된다. 이렇게, 면접에서 현재 상황을 솔직하게 답변하는 것	<분류>1</분류> <판단>바람직하다</판단>
[도덕_문장]: 졸업을 위해 필요한 학점이 부족하다는 것을 뒤늦게 알게 되어 이미 예약한 해외여행 비행기표를 취소해야 할지 고민했다. 이렇게, 학업과 개인적인 약속 사이에서 갈등이 발생했을 때 학업의 중요성을 먼저 고려하는 것	<분류>1</분류> <판단>옳다.</판단>
[도덕_문장]: 좋아하는 사람이 결혼을 위해 선을 보러 간다는 소식을 들었지만, 여자 앞에서 말도 제대로 못하는 성격 때문에 고백할 용기가 없어서 그냥 포기할지 마지막 기회라고 생각하고 고백할지 고민했다. 이렇게, 상대방에게 고백할 때 상대방의 의사에 따라 결정하는 것	<분류>1</분류> <판단>바람직하다</판단>
[도덕_문장]: 남자친구가 몸이 아프다며 집에서 쉰다고 했는데 실제로는 여자 직장동료와 저녁약속이 있어서 거짓말을 했다는 것을 알게 되었지만, 아직 그를 좋아하는 마음 때문에 이별을 결심하기 어려워 고민하고 있다. 이런 상황에서, 사랑하는 사람에게 거짓말을 하는 것	<분류>-1</분류> <판단>안 되다</판단>
[도덕_문장]: 좋은 직장을 그만두고 교육 대학원에 진학하기로 결정했는데, 주변 사람들이 모두 만류하고 수입도 줄어들 것 같아 과연 옳은 선택인지 불안하고 후회스러웠다. 이렇게, 자신의 미래를 선택할 때 감정적인 후회와 현실적인 걱정을 모두 고려하는 것	<분류>1</분류> <판단>좋다</판단>
[도덕_문장]: 좋은 직장을 그만두고 교육 대학원에 진학하기로 결정했는데, 주변 사람들이 모두 만류하고 수입도 줄어들 것 같아 과연 옳은 선택인지 불안하고 후회스러웠다. 이런 상황에서, 타인의 선택이 마음에 들지 않더라도 비난하기보다 존중해주는 것	<분류>1</분류> <판단>해야 한다</판단>
[도덕_문장]: 서른이 되어서도 진로를 결정하지 못한 채 하던 일을 그만두었는데, 새로운 일을 시작해야 할지 아니면 더 고민해야 할지 불안하고 스트레스를 받는다. 이처럼, 선택을 앞두고 있을 때 타인에게 조언을 구하는 것	<분류>0</분류> <판단>괜찮다</판단>
[도덕_문장]: 서른이 되어서도 진로를 결정하지 못한 채 하던 일을 그만두었는데, 새로운 일을 시작해야 할지 아니면 더 고민해야 할지 불안하고 스트레스를 받는다. 이처럼, 현재의 불안정한 상황을 인정하고 자신에게 시간을 주는 것	<분류>1</분류> <판단>옳은 일이다</판단>
[도덕_문장]: 서른이 되어서도 진로를 결정하지 못한 채 하던 일을 그만두었는데, 새로운 일을 시작해야 할지 아니면 더 고민해야 할지 불안하고 스트레스를 받는다. 이런 경우에, 자신의 진로를 늦추는 것	<분류>0</분류> <판단>나쁜 행동이 아니다</판단>
[도덕_문장]: 서른이 되어서도 진로를 결정하지 못한 채 하던 일을 그만두었는데, 새로운 일을 시작해야 할지 아니면 더 고민해야 할지 불안하고 스트레스를 받는다. 이러한 상황에서, 성인이 진로를 결정하기 위해 충분한 고민과 탐색을 하는 것	<분류>1</분류> <판단>해야 한다</판단>
[도덕_문장]: 대리님이 아기가 아파서 주말 근무를 대신해달라고 부탁했는데, 친구와의 영화 약속이 있고 이미 여러 번 대신 근무를 해줬지만 거절하기 어려워서 고민했다. 이런 상황일 때, 회사에서 부탁을 들어주지 못하더라도 그 이유를 명확히 전달하는 것	<분류>1</분류> <판단>바람직하다</판단>
[도덕_문장]: 대리님이 아기가 아파서 주말 근무를 대신해달라고 부탁했는데, 친구와의 영화 약속이 있고 이미 여러 번 대신 근무를 해줬지만 거절하기 어려워서 고민했다. 이런 상황에서, 상대에게 자신의 일정과 책임을 이유로 거절의 의사를 전달하는 것	<분류>0</분류> <판단>적절하다</판단>
[도덕_문장]: 자연주의 화장품을 써서 피부가 뒤집어져 피부과 치료를 받고 있는데, 사람들의 시선이 두려워 모자와 마스크로 얼굴을 가리고 큰 길을 피해 다녀야 하는 상황이 스트레스다. 이런 상황일 때, 개인의 건강과 선택을 존중하는 것	<분류>1</분류> <판단>되어야 한다</판단>
[도덕_문장]: 자연주의 화장품을 써서 피부가 뒤집어져 피부과 치료를 받고 있는데, 사람들의 시선이 두려워 모자와 마스크로 얼굴을 가리고 큰 길을 피해 다녀야 하는 상황이 스트레스다. 이런 경우에, 타인의 외모 변화를 함부로 평가하거나 평가하려는 시선을 삼가지 않는 것	<분류>1</분류> <판단>바람직하지 않다</판단>
[도덕_문장]: 코로나 완치 판정을 받았지만 후유증이 심한 상황에서 회사에서는 출근을 요구하고 있어 몸을 더 무리하게 될까 봐 걱정되지만 어쩔 수 없이 출근하고 있다. 이런 상황에서, 회사가 직원의 건강을 우선시하지 않고 강제 출근을 요구하는 것	<분류>-1</분류> <판단>안 된다</판단>
[도덕_문장]: 결혼 후 첫 명절을 우리 집에서 보내게 되어 시가족들에게 좋은 인상을 주려고 창틀 먼지까지 신경 쓰며 완벽하게 준비하려다 보니 스트레스로 악몽까지 꾸게 되었다. 이처럼, 결혼한 자녀가 명절을 준비할 때 과도한 부담감을 갖지 않도록 조절하는 것	<분류>1</분류> <판단>좋다</판단>
[도덕_문장]: 결혼 후 첫 명절을 우리 집에서 보내게 되어 시가족들에게 좋은 인상을 주려고 창틀 먼지까지 신경 쓰며 완벽하게 준비하려다 보니 스트레스로 악몽까지 꾸게 되었다. 이렇게, 명절이나 가족 행사를 준비할 때 핵심적인 부분에 집중하는 것	<분류>0</분류> <판단>좋다</판단>
[도덕_문장]: 결혼 후 첫 명절을 우리 집에서 보내게 되어 시가족들에게 좋은 인상을 주려고 창틀 먼지까지 신경 쓰며 완벽하게 준비하려다 보니 스트레스로 악몽까지 꾸게 되었다. 이렇게, 결혼 후 첫 명절을 우리 집에서 보내게 될 경우 서로의 의견을 존중하는 태도로 대화하는 것	<분류>1</분류> <판단>옳다</판단>
[도덕_문장]: 공황장애로 친구들과의 연락이 두려워 피하고 있지만, 이대로 계속하면 친구들이 나를 떠날까 봐 걱정되어 연락해야 할지 말아야 할지 고민했다. 이처럼, 불편한 상황이 반복될 때 자신의 상태를 친구에게 설명하는 것	<분류>1</분류> <판단>해야 한다</판단>
[도덕_문장]: 치아가 아파서 치과에 갔더니 대학병원에서 수술을 받아야 한다고 해서 수술비 부담과 수술에 대한 두려움 때문에 치료를 미룰지 고민했다. 이렇게, 건강 문제를 치료할 때 개인의 경제적 부담과 건강 회복을 고려하여 최선의 선택을 하는 것	<분류>1</분류> <판단>해야 한다</판단>
[도덕_문장]: 건강검진 결과가 나오기 전까지 불안하고 걱정되는 마음을 친구에게 털어놓고 싶지만, 괜히 걱정시킬까봐 혼자 끙끙 앓고 있다가 결국 참지 못하고 말해버렸다. 이러한 상황에서, 친구의 건강에 대해 진심으로 걱정하는 마음을 표현하는 것	<분류>1</분류> <판단>바람직하다</판단>
[도덕_문장]: 소개팅 상대가 저녁에 연락하겠다고 했는데 너무 기다리기 힘들어서 먼저 연락하고 싶지만 부담스러워할까 봐 고민했다. 이처럼, 약속을 한 상황에서 상대방의 의사를 존중하는 것	<분류>1</분류> <판단>좋다</판단>
[도덕_문장]: 이직 후 바빠진 업무 때문에 정기적으로 받아야 하는 치과 스케일링을 미루고 있는데, 어금니가 아파와서 휴가를 내고 치료받을지 일을 우선할지 고민했다. 이런 상황일 때, 본인의 건강을 업무에 지장을 받지 않도록 조절하는 것	<분류>1</분류> <판단>좋다</판단>
[도덕_문장]: 이직 후 바빠진 업무 때문에 정기적으로 받아야 하는 치과 스케일링을 미루고 있는데, 어금니가 아파와서 휴가를 내고 치료받을지 일을 우선할지 고민했다. 이런 상황에서, 업무가 밀려 있어도 건강을 우선적으로 생각하는 것	<분류>1</분류> <판단>해야 한다</판단>
[도덕_문장]: 이직 후 바빠진 업무 때문에 정기적으로 받아야 하는 치과 스케일링을 미루고 있는데, 어금니가 아파와서 휴가를 내고 치료받을지 일을 우선할지 고민했다. 이러한 상황에서, 개인의 건강을 우선으로 생각하며 건강 문제를 해결하는 것	<분류>1</분류> <판단>바람직하다</판단>
[도덕_문장]: 시험이 다가와서 불안하고 스트레스를 받고 있는데, 언니에게 털어놓고 싶지만 언니도 바쁠 것 같아서 혼자 견뎌야 할지 고민했다. 이렇게, 심리적으로 어려움을 겪고 있는 가족 구성원의 상황을 이해해 주는 것	<분류>1</분류> <판단>해야 한다</판단>
[도덕_문장]: 갱년기 증상이 걱정되어 건강을 위해 운동을 열심히 했는데, 오히려 심한 갈증과 땀으로 인해 큰 병에 걸린 것은 아닌지 불안해졌다. 이러한 상황에서, 건강에 대한 우려를 하는 것	<분류>0</분류> <판단>정당한 고민이다</판단>
[도덕_문장]: 건강검진에서 재검사를 받으라는 결과를 받았는데, 무서워서 병원 예약을 미루고 있다가 언니의 도움으로 겨우 예약하기로 마음먹었다. 이처럼, 건강검진 결과에 대한 두려움과 불안에 직면했을 때 자신의 건강을 먼저 고려하는 것	<분류>1</분류> <판단>해야 한다</판단>
[도덕_문장]: 건강검진에서 재검사를 받으라는 결과를 받았는데, 무서워서 병원 예약을 미루고 있다가 언니의 도움으로 겨우 예약하기로 마음먹었다. 이러한 상황에서, 건강검진 결과가 좋지 않더라도 자신의 건강을 미루지 않고 병원에 방문하는 것	<분류>1</분류> <판단>바람직하다</판단>
[도덕_문장]: 건강검진에서 재검사를 받으라는 결과를 받았는데, 무서워서 병원 예약을 미루고 있다가 언니의 도움으로 겨우 예약하기로 마음먹었다. 이렇게, 가족이 중요한 의사결정에 어려움을 겪을 때 가족의 입장에서 도움을 줄 수 있도록 조언하는 것	<분류>1</분류> <판단>좋다</판단>
[도덕_문장]: 건강검진에서 재검사를 받으라는 결과를 받았는데, 무서워서 병원 예약을 미루고 있다가 언니의 도움으로 겨우 예약하기로 마음먹었다. 이처럼, 건강 문제로 병원에 갈 때 자신의 판단을 먼저 하되, 가까운 가족의 조언을 참고하는 것	<분류>1</분류> <판단>좋다</판단>
[도덕_문장]: 건강검진에서 재검사를 받으라는 결과를 받았는데, 무서워서 병원 예약을 미루고 있다가 언니의 도움으로 겨우 예약하기로 마음먹었다. 이럴 때, 가족과의 대화에서 문제를 미루지 않고 함께 해결하려는 노력을 하는 것	<분류>1</분류> <판단>필요하다</판단>
[도덕_문장]: 예뻐지려고 목주름에 보톡스를 맞았는데 목소리가 나오지 않는 부작용이 생겼지만 병원에서는 책임을 지지 않으려 해서 화가 나면서도 부모님께는 걱정하실까 봐 말씀드리지 못했다. 이러한 상황에서, 의료 전문가가 환자에게 부작용에 대한 충분한 설명과 책임 있는 조치를 취하는 것	<분류>1</분류> <판단>해야 한다</판단>
[도덕_문장]: 화이트데이에 관심 있는 사람에게 선물을 주고 싶지만 거절당할까 봐 두려워서 선물을 줄지 말지 고민했다. 이렇게, 상대방이 거절할 경우 선물을 일방적으로 강요하지 않는 것	<분류>1</분류> <판단>바람직하다</판단>
[도덕_문장]: 담석증 수술을 받아야 하는데 회사가 바쁜 시기라서 수술 날짜를 미룰지 건강을 우선해서 바로 받을지 고민했다. 이럴 때, 개인의 건강이 우선이라면 미루지 않고 수술을 받는 것	<분류>1</분류> <판단>바람직하다</판단>
[도덕_문장]: 담석증 수술을 받아야 하는데 회사가 바쁜 시기라서 수술 날짜를 미룰지 건강을 우선해서 바로 받을지 고민했다. 이런 경우에, 직원의 건강을 최우선시 하는 것	<분류>1</분류> <판단>옳다</판단>
[도덕_문장]: 담석증 수술을 받아야 하는데 회사가 바쁜 시기라서 수술 날짜를 미룰지 건강을 우선해서 바로 받을지 고민했다. 이럴 때, 회사 업무를 개인의 건강보다 우선시하는 것	<분류>-1</분류> <판단>안 된다</판단>
[도덕_문장]: 담석증 수술을 받아야 하는데 회사가 바쁜 시기라서 수술 날짜를 미룰지 건강을 우선해서 바로 받을지 고민했다. 이렇게, 직장에서 개인적인 일정 때문에 자신의 건강을 위해 일정 조정에 대한 합리적인 요청을 하는 것	<분류>1</분류> <판단>바람직하다</판단>
[도덕_문장]: 담석증 수술을 받아야 하는데 회사가 바쁜 시기라서 수술 날짜를 미룰지 건강을 우선해서 바로 받을지 고민했다. 이렇게, 건강에 문제가 생겼을 때 자신의 건강을 회사의 업무보다 먼저 생각하는 것	<분류>1</분류> <판단>옳다.</판단>
[도덕_문장]: 3D프린터를 사고 싶어서 야근까지 해가며 돈을 모았지만, 막상 구입하고 나니 독학으로 배워야 한다는 부담감과 현재 일과의 균형을 맞출 수 있을지에 대한 불안감으로 후회가 들었다. 이럴 때, 구매 결정을 하기 전에 충분히 생각해보는 것	<분류>1</분류> <판단>좋다</판단>
[도덕_문장]: 소개팅으로 만난 여자가 친구 사이로 지내자고 했는데도 집착하며 회사와 집까지 찾아와서 상처 주기 싫어 좋게 타일렀지만 점점 심해져 강경하게 대응할지 고민했다. 이런 경우에, 상대방의 의사를 무시하고 일방적인 관계를 강요하는 것	<분류>-1</분류> <판단>옳지 않다</판단>
[도덕_문장]: 소개팅으로 만난 여자가 친구 사이로 지내자고 했는데도 집착하며 회사와 집까지 찾아와서 상처 주기 싫어 좋게 타일렀지만 점점 심해져 강경하게 대응할지 고민했다. 이럴 때, 타인이 자신에게 집착하는 것이 불편하다면 이를 단호하게 거부하는 것	<분류>1</분류> <판단>옳다</판단>
[도덕_문장]: 소개팅으로 만난 여자가 친구 사이로 지내자고 했는데도 집착하며 회사와 집까지 찾아와서 상처 주기 싫어 좋게 타일렀지만 점점 심해져 강경하게 대응할지 고민했다. 이런 상황에서, 개인의 의사를 존중하지 않고 일방적으로 관계를 강요하는 것	<분류>-1</분류> <판단>바람직하지 않다</판단>
[도덕_문장]: 소개팅으로 만난 여자가 친구 사이로 지내자고 했는데도 집착하며 회사와 집까지 찾아와서 상처 주기 싫어 좋게 타일렀지만 점점 심해져 강경하게 대응할지 고민했다. 이러한 상황에서, 상대가 원하는 관계를 존중하지 않고 강요하는 것	<분류>-1</분류> <판단>옳지 않다</판단>
[도덕_문장]: 소개팅으로 만난 여자가 친구 사이로 지내자고 했는데도 집착하며 회사와 집까지 찾아와서 상처 주기 싫어 좋게 타일렀지만 점점 심해져 강경하게 대응할지 고민했다. 이러한 상황에서, 처음 만난 이성에게 과도한 집착을 하는 것	<분류>-1</분류> <판단>바람직하지 않다</판단>
[도덕_문장]: 아버지가 지어주신 이름을 개명하고 싶어서 신청까지 했지만, 아버지께 상처를 드릴까 봐 말씀드리지 못하고 있다. 이렇게, 개인의 결정을 내릴 때 다른 사람에게 상처를 주지 않도록 신중하게 접근하는 것	<분류>1</분류> <판단>바람직하다</판단>
[도덕_문장]: 체중 감량을 위해 과자 대신 건강한 견과류인 땅콩을 먹었는데, 나중에 땅콩이 고칼로리 식품이라는 사실을 알고 오히려 살이 더 쪘을까 봐 불안해졌다. 이러한 상황에서, 사전에 충분한 조사와 전문가의 조언을 구하는 것	<분류>1</분류> <판단>바람직하다</판단>
[도덕_문장]: 체중 감량을 위해 과자 대신 건강한 견과류인 땅콩을 먹었는데, 나중에 땅콩이 고칼로리 식품이라는 사실을 알고 오히려 살이 더 쪘을까 봐 불안해졌다. 이처럼, 잘못된 정보로 인해 불안감이 생겼을 때 사실 확인을 하려는 것	<분류>1</분류> <판단>좋다</판단>
[도덕_문장]: 헤어진 전 남자친구가 일주일째 집 앞에서 만남을 요구하며 기다리고 있는데, 악의적인 사람은 아니지만 경찰에 신고하면 억하심정으로 더 나쁘게 나올까봐 고민된다. 이처럼, 집 앞에서 상대가 원하지 않는 만남을 요구할 경우 경찰에 신고하는 것	<분류>1</분류> <판단>좋다</판단>
[도덕_문장]: 헤어진 전 남자친구가 일주일째 집 앞에서 만남을 요구하며 기다리고 있는데, 악의적인 사람은 아니지만 경찰에 신고하면 억하심정으로 더 나쁘게 나올까봐 고민된다. 이처럼, 개인의 안전이 위협받는 상황에서 법과 절차에 따라 대응하는 것	<분류>1</분류> <판단>옳다.</판단>
[도덕_문장]: 헤어진 전 남자친구가 일주일째 집 앞에서 만남을 요구하며 기다리고 있는데, 악의적인 사람은 아니지만 경찰에 신고하면 억하심정으로 더 나쁘게 나올까봐 고민된다. 이런 경우에, 상대방에게 만남을 강요하는 것	<분류>-1</분류> <판단>옳지 않다</판단>
[도덕_문장]: 남자친구와 헤어지자고 말했다가 따귀를 맞아 무서워서 다시는 만나고 싶지 않지만, 관계를 확실히 정리하지 않으면 계속 불안할 것 같아 고민이다. 이렇게, 갈등 상황에서 신체적 폭력을 사용하는 것	<분류>-1</분류> <판단>절대 용납되지 않다</판단>
[도덕_문장]: 남자친구와 헤어지자고 말했다가 따귀를 맞아 무서워서 다시는 만나고 싶지 않지만, 관계를 확실히 정리하지 않으면 계속 불안할 것 같아 고민이다. 이럴 때, 연인에게 폭력을 사용하는 것	<분류>-1</분류> <판단>나쁘다</판단>
[도덕_문장]: 남자친구와 헤어지자고 말했다가 따귀를 맞아 무서워서 다시는 만나고 싶지 않지만, 관계를 확실히 정리하지 않으면 계속 불안할 것 같아 고민이다. 이럴 때, 헤어지자고 한 뒤 폭력적인 언행을 하는 것	<분류>-1</분류> <판단>옳지 않다</판단>
[도덕_문장]: 남자친구와 헤어지자고 말했다가 따귀를 맞아 무서워서 다시는 만나고 싶지 않지만, 관계를 확실히 정리하지 않으면 계속 불안할 것 같아 고민이다. 이런 상황일 때, 신체적 폭력을 사용하는 것	<분류>-1</분류> <판단>정당화될 수 없다</판단>
[도덕_문장]: 남자친구와 헤어지자고 말했다가 따귀를 맞아 무서워서 다시는 만나고 싶지 않지만, 관계를 확실히 정리하지 않으면 계속 불안할 것 같아 고민이다. 이러한 상황에서, 연인에게 신체적 폭력을 가하는 것	<분류>-1</분류> <판단>정당화될 수 없다</판단>
[도덕_문장]: 스터디 발제 준비가 부족하다고 느껴져서 아픈 척하며 스터디 모임을 빠질까 고민했지만, 결국 용기를 내어 참석하기로 결정했다. 이렇게, 스터디 준비에 충실하지 못한 경우 자신의 부족함을 인정하고 성찰하는 것	<분류>1</분류> <판단>좋다</판단>
[도덕_문장]: 스터디 발제 준비가 부족하다고 느껴져서 아픈 척하며 스터디 모임을 빠질까 고민했지만, 결국 용기를 내어 참석하기로 결정했다. 이런 상황일 때, 스터디 모임에서 자신의 역량을 충실히 발휘하는 것	<분류>1</분류> <판단>해야 한다</판단>
[도덕_문장]: 스터디 발제 준비가 부족하다고 느껴져서 아픈 척하며 스터디 모임을 빠질까 고민했지만, 결국 용기를 내어 참석하기로 결정했다. 이런 경우에, 스터디 발제 준비가 부족하더라도 스터디 모임에 참석하는 것	<분류>1</분류> <판단>바람직하다</판단>
[도덕_문장]: 위가 아파서 불안한데 약을 먹었더니 오히려 더 심해져서 병원에 가야 할지 집에서 더 기다려볼지 고민했다. 이처럼, 건강 상태가 악화될 가능성이 있을 때 의료적 도움을 청하는 것	<분류>1</분류> <판단>옳다</판단>
[도덕_문장]: 할아버지가 자주 연락하시는데 가족들이 모두 바빠서 전화를 받지 못하고 있지만, 할아버지는 가족들이 자신을 잊어버렸다고 생각하며 상처받고 계신다. 이러한 상황에서, 가족들이 바쁜 일정이 있더라도 가끔씩 할아버지에게 연락을 하는 것	<분류>1</분류> <판단>해야 한다</판단>
[도덕_문장]: 아버지가 내 성적 때문에 소중한 강아지를 할머니 댁으로 보내버렸는데, 아버지를 원망하면서도 한편으로는 나를 위한 일이라는 것을 알기에 복잡한 마음이 들었다. 이렇게, 보호자의 결정에 반발할 때 상대방의 입장과 생각을 존중하는 것	<분류>1</분류> <판단>해야 한다</판단>
[도덕_문장]: 연인에게 차인 후 자존감이 낮아져 새로운 사람들과 가까워지고 싶으면서도 또다시 상처받을까 봐 거리를 두게 된다. 이러한 상황에서, 연애 후 자신을 돌보는 것	<분류>1</분류> <판단>좋다</판단>
[도덕_문장]: 남자친구가 매번 자신이 좋아하는 국밥집이나 설렁탕집만 가자고 해서 국물을 싫어하는 나는 배려해주며 따라갔지만, 내 취향은 전혀 고려하지 않아 상처받았다. 이런 경우에, 연인의 취향을 고려하지 않고 일방적으로 특정 음식을 강요하는 것	<분류>-1</분류> <판단>나쁘다</판단>
[도덕_문장]: 남자친구가 매번 자신이 좋아하는 국밥집이나 설렁탕집만 가자고 해서 국물을 싫어하는 나는 배려해주며 따라갔지만, 내 취향은 전혀 고려하지 않아 상처받았다. 이처럼, 연인과의 갈등 상황에서 나 자신을 먼저 생각하는 것	<분류>0</분류> <판단>괜찮다</판단>
[도덕_문장]: 남자친구가 매번 자신이 좋아하는 국밥집이나 설렁탕집만 가자고 해서 국물을 싫어하는 나는 배려해주며 따라갔지만, 내 취향은 전혀 고려하지 않아 상처받았다. 이런 상황에서, 연인에게 강요하는 것	<분류>-1</분류> <판단>옳지 않다</판단>
[도덕_문장]: 고등학교 동창들이 작은 출판사에서 일한다며 돈을 못 번다고 무시하는 말을 했는데, 좋아하는 일이라고 당당히 말할지 아니면 그냥 넘어갈지 고민이 되었다. 이렇게, 친구들이 자신의 직업이나 선택을 존중하지 않는 경우, 그들을 이해하고 존중하는 태도를 보이는 것	<분류>1</분류> <판단>좋다</판단>
[도덕_문장]: 고등학교 동창들이 작은 출판사에서 일한다며 돈을 못 번다고 무시하는 말을 했는데, 좋아하는 일이라고 당당히 말할지 아니면 그냥 넘어갈지 고민이 되었다. 이런 경우에, 타인의 말에 불쾌감을 느낀 후 표현하는 것	<분류>1</분류> <판단>해야 한다</판단>
[도덕_문장]: 남편이 매번 내가 정성껏 만든 반찬에 투정을 부리며 요리를 못한다고 말해서 상처받았지만, 맞서 말하지 못하고 속으로만 서러워했다. 이러한 상황에서, 상대방의 기분을 상하게 하는 말을 하는 것	<분류>-1</분류> <판단>하지 말아야 한다</판단>
[도덕_문장]: 가족여행을 위해 혼자서 모든 예약을 처리하고 싶었는데 호텔 예약이 어려워서 자녀들에게 도움을 요청할지 포기할지 고민했다. 이런 경우에, 가족과의 약속을 지키기 위해 자녀들의 도움을 요청하는 것	<분류>1</분류> <판단>바람직하다</판단>
[도덕_문장]: 가족여행을 위해 혼자서 모든 예약을 처리하고 싶었는데 호텔 예약이 어려워서 자녀들에게 도움을 요청할지 포기할지 고민했다. 이럴 때, 가족 여행 준비에 가족 구성원들이 함께 참여하는 것	<분류>1</분류> <판단>좋다</판단>
[도덕_문장]: 가족여행을 위해 혼자서 모든 예약을 처리하고 싶었는데 호텔 예약이 어려워서 자녀들에게 도움을 요청할지 포기할지 고민했다. 이런 경우에, 가족 구성원들의 역할을 인정하고 서로 도와주는 것	<분류>1</분류> <판단>바람직하다</판단>
[도덕_문장]: 가족여행을 위해 혼자서 모든 예약을 처리하고 싶었는데 호텔 예약이 어려워서 자녀들에게 도움을 요청할지 포기할지 고민했다. 이러한 상황에서, 가족 구성원들이 부모가 가족 여행을 준비하는 데 도움을 주는 것	<분류>1</분류> <판단>해야 한다</판단>
[도덕_문장]: 가족여행을 위해 혼자서 모든 예약을 처리하고 싶었는데 호텔 예약이 어려워서 자녀들에게 도움을 요청할지 포기할지 고민했다. 이런 상황일 때, 자녀들이 부모님께 필요한 도움을 제공하는 것	<분류>1</분류> <판단>해야 한다</판단>
[도덕_문장]: 일에만 몰두하다 보니 내 생일을 깜빡했는데, 행복해지려고 일하는 건지 일 때문에 소중한 것들을 놓치고 사는 건지 혼란스러웠다. 이런 경우에, 자신의 삶도 돌아보는 것	<분류>1</분류> <판단>바람직하다</판단>
[도덕_문장]: 일에만 몰두하다 보니 내 생일을 깜빡했는데, 행복해지려고 일하는 건지 일 때문에 소중한 것들을 놓치고 사는 건지 혼란스러웠다. 이런 경우에, 자신의 감정과 필요를 인지하고 균형을 찾는 것	<분류>1</분류> <판단>해야 한다</판단>
[도덕_문장]: 수업 시간에 실수로 큰 소리로 방귀가 나왔는데 친구들이 며칠째 방귀쟁이라고 놀려대서 학교에 가기 싫을 정도로 상처받았지만 어떻게 대처해야 할지 몰라 혼자 끙끙 앓고 있었다. 이럴 때, 친구를 놀리는 것	<분류>-1</분류> <판단>바람직하지 않다</판단>
[도덕_문장]: 수업 시간에 실수로 큰 소리로 방귀가 나왔는데 친구들이 며칠째 방귀쟁이라고 놀려대서 학교에 가기 싫을 정도로 상처받았지만 어떻게 대처해야 할지 몰라 혼자 끙끙 앓고 있었다. 이처럼, 다른 사람의 실수나 실수로 인한 상황을 지나치게 조롱하는 것	<분류>-1</분류> <판단>옳지 않다</판단>
[도덕_문장]: 수업 시간에 실수로 큰 소리로 방귀가 나왔는데 친구들이 며칠째 방귀쟁이라고 놀려대서 학교에 가기 싫을 정도로 상처받았지만 어떻게 대처해야 할지 몰라 혼자 끙끙 앓고 있었다. 이러한 상황에서, 다른 친구를 조롱하는 것	<분류>-1</분류> <판단>안 되다</판단>
[도덕_문장]: 신혼집을 오피스텔로 마련한 것을 뿌듯해했는데, 친구가 구질구질하고 불쌍하다며 기본은 아파트라고 말해서 상처받았고 아내도 그런 생각을 하는지 의심하게 되었다. 이런 상황일 때, 배우자를 의심하는 것	<분류>-1</분류> <판단>옳지 않다</판단>
[도덕_문장]: 남편이 내가 좋아하는 드라마와 음악을 은근히 무시하는 듯한 말투로 이야기해서 상처받았지만, 알고 보니 내 자존감이 낮아져 있어서 괜한 자격지심으로 발끈한 것 같아 혼란스러웠다. 이처럼, 자신에게 상처를 주는 말이나 행동이 있을 때 상황과 맥락을 먼저 생각해보는 것	<분류>1</분류> <판단>해야 한다</판단>
[도덕_문장]: 소개팅에서 분위기가 좋았고 3차까지 이어졌는데 상대방이 애프터 제안에 답장을 주지 않아서, 직접적으로 거절 의사를 물어볼지 그냥 포기할지 고민했다. 이렇게, 애프터 요청을 받았을 때 거절 의사가 있더라도 예의 있게 전달하는 것	<분류>1</분류> <판단>좋다</판단>
[도덕_문장]: 소개팅에서 분위기가 좋았고 3차까지 이어졌는데 상대방이 애프터 제안에 답장을 주지 않아서, 직접적으로 거절 의사를 물어볼지 그냥 포기할지 고민했다. 이럴 때, 상대방이 거절 의사를 말하지 않는 것에 대해 오해하지 않는 것	<분류>1</분류> <판단>좋다</판단>
[도덕_문장]: 소개팅에서 분위기가 좋았고 3차까지 이어졌는데 상대방이 애프터 제안에 답장을 주지 않아서, 직접적으로 거절 의사를 물어볼지 그냥 포기할지 고민했다. 이런 상황일 때, 상대방의 애프터 제안에 답이 없더라도 무례한 어조로 거절하지 않는 것	<분류>0</분류> <판단>좋다</판단>
[도덕_문장]: 결혼 초반에는 행복했지만 성격 차이로 관계가 악화되어 별거와 이혼 중 어떤 선택을 해야 할지 고민하며 괴로워하고 있다. 이처럼, 이혼을 할 때 자식에게 최선을 다하는 것	<분류>1</분류> <판단>좋다</판단>
[도덕_문장]: 학교에서 친구들이 나를 '흙수저'라고 놀리며 가난한 집안을 비웃어서 전학을 가고 싶다고 아버지에게 말했지만, 아버지의 따뜻한 위로를 받고 나니 가족을 바꾸고 싶지 않다는 마음과 여전히 놀림받는 현실 사이에서 갈등했다. 이렇게, 가족이 친구 사이의 문제를 고민할 때 따뜻하게 위로해주는 것	<분류>1</분류> <판단>좋다</판단>
[도덕_문장]: 애인과 헤어진 후 한 달이 지났는데도 여전히 괴로워하는 나를 보며 엄마가 위로해주려 하지만, 과거에 머물러 있는 내 모습을 인정하기 싫어서 괜찮은 척 강한 모습을 보여야 할지 솔직하게 아픔을 드러내야 할지 고민했다. 이러한 상황에서, 자식이 힘든 시간을 보내는 것을 알면서도 지나치게 위로하려 하지 않고 차분하게 이야기를 들어주는 것	<분류>1</분류> <판단>바람직하다</판단>
[도덕_문장]: 애인과 헤어진 후 한 달이 지났는데도 여전히 괴로워하는 나를 보며 엄마가 위로해주려 하지만, 과거에 머물러 있는 내 모습을 인정하기 싫어서 괜찮은 척 강한 모습을 보여야 할지 솔직하게 아픔을 드러내야 할지 고민했다. 이런 경우에, 가족이 자녀에게 솔직한 감정 표현이 좋다고 조언하는 것	<분류>1</분류> <판단>해도 된다</판단>
[도덕_문장]: 애인과 헤어진 후 한 달이 지났는데도 여전히 괴로워하는 나를 보며 엄마가 위로해주려 하지만, 과거에 머물러 있는 내 모습을 인정하기 싫어서 괜찮은 척 강한 모습을 보여야 할지 솔직하게 아픔을 드러내야 할지 고민했다. 이렇게, 아이가 힘든 상황에 처해 있을 때 솔직한 감정을 존중해주는 것	<분류>1</분류> <판단>해야 한다</판단>
[도덕_문장]: 다이어트를 결심하고 친구들에게 알렸는데 모두가 성공할 리 없다며 비웃어서 상처받았지만 포기할지 계속 도전할지 고민했다. 이런 경우에, 친구가 결심한 것을 비웃거나 깎아내리는 것	<분류>-1</분류> <판단>옳지 않다</판단>
[도덕_문장]: 다이어트를 결심하고 친구들에게 알렸는데 모두가 성공할 리 없다며 비웃어서 상처받았지만 포기할지 계속 도전할지 고민했다. 이런 경우에, 친구가 다이어트를 하는 것에 대해 비웃거나 평가하는 것	<분류>-1</분류> <판단>옳지 않다</판단>
[도덕_문장]: 다이어트를 결심하고 친구들에게 알렸는데 모두가 성공할 리 없다며 비웃어서 상처받았지만 포기할지 계속 도전할지 고민했다. 이런 상황에서, 친구와의 관계에서 서로를 깎아내리는 말을 하는 것	<분류>-1</분류> <판단>하지 말아야 한다</판단>
[도덕_문장]: 다이어트를 결심하고 친구들에게 알렸는데 모두가 성공할 리 없다며 비웃어서 상처받았지만 포기할지 계속 도전할지 고민했다. 이런 경우에, 친구의 노력을 존중하지 않는 말을 하는 것	<분류>-1</분류> <판단>바람직하지 않다</판단>
[도덕_문장]: 오래 준비한 공모전에서 떨어진 후 팀원들에게 내 탓인 것 같다고 사과해야 할지, 아니면 모두의 책임이라고 말해야 할지 고민했다. 이런 상황에서, 팀원들에게 서로의 노력을 인정해주는 것	<분류>1</분류> <판단>바람직하다</판단>
[도덕_문장]: 오래 준비한 공모전에서 떨어진 후 팀원들에게 내 탓인 것 같다고 사과해야 할지, 아니면 모두의 책임이라고 말해야 할지 고민했다. 이러한 상황에서, 팀 활동 결과가 좋지 않더라도 서로 비난하기보다 함께 개선할 점을 찾아 노력하는 것	<분류>1</분류> <판단>바람직하다</판단>
[도덕_문장]: 오래 준비한 공모전에서 떨어진 후 팀원들에게 내 탓인 것 같다고 사과해야 할지, 아니면 모두의 책임이라고 말해야 할지 고민했다. 이런 상황에서, 자신의 실수를 인정하면서도 상대의 기분을 배려하는 것	<분류>1</분류> <판단>해야 한다</판단>
[도덕_문장]: 오래 준비한 공모전에서 떨어진 후 팀원들에게 내 탓인 것 같다고 사과해야 할지, 아니면 모두의 책임이라고 말해야 할지 고민했다. 이런 상황일 때, 단체의 성과에 대한 책임을 구성원 모두가 공정하게 분배하는 것	<분류>1</분류> <판단>되어야 한다</판단>
[도덕_문장]: 오래 준비한 공모전에서 떨어진 후 팀원들에게 내 탓인 것 같다고 사과해야 할지, 아니면 모두의 책임이라고 말해야 할지 고민했다. 이러한 상황에서, 팀원이 실수를 했다고 해도 비난하기보다는 격려해 주는 것	<분류>1</분류> <판단>좋다</판단>
[도덕_문장]: 운동으로 4kg을 감량했는데 남편을 포함해 아무도 알아봐 주지 않아서 상처받았지만, 외적인 변화보다 건강해진 것에 의미를 두라는 남편의 말에 마음을 달래야 할지 고민했다. 이럴 때, 건강에 변화가 있더라도 그것이 타인의 관심이나 인정과 직결되는 것	<분류>0</분류> <판단>바람직하지 않다</판단>
[도덕_문장]: 아이가 돈이 필요해서 집안을 엉망으로 만들어 놓았는데, 지난번에도 같은 일이 있어서 용돈을 주었던 터라 이번에도 화를 내야 할지 이해해야 할지 고민이 되었다. 이런 경우에, 부모가 아이의 잘못된 행동에 옳은 행동을 가르치는 것	<분류>1</분류> <판단>해야 한다</판단>
[도덕_문장]: 아들의 컴퓨터 검색 기록에서 '자살'이라는 단어를 발견했는데, 아들에게 직접 물어봐야 할지 아니면 괜한 오해일 수도 있으니 그냥 넘어가야 할지 고민이 된다. 이런 상황에서, 부모가 자녀의 사생활을 침해하지 않고 문제를 해결하려는 태도를 보이는 것	<분류>1</분류> <판단>보여야 한다</판단>
[도덕_문장]: 아들의 컴퓨터 검색 기록에서 '자살'이라는 단어를 발견했는데, 아들에게 직접 물어봐야 할지 아니면 괜한 오해일 수도 있으니 그냥 넘어가야 할지 고민이 된다. 이렇게, 부모와의 신뢰를 훼손할 수 있는 개인적인 정보를 포함할 경우 가족 구성원에게 충분한 설명을 제공하는 것	<분류>1</분류> <판단>바람직하다</판단>
[도덕_문장]: 회사에서 사장의 의견에 반대 의견을 제시했다가 보복성 인사조치를 받게 되어, 불의에 맞서 싸울 것인지 아니면 참고 넘어갈 것인지 고민했다. 이러한 상황에서, 조직 내에서 발생한 부당한 처우를 회사 내부 절차를 통해 해결하는 것	<분류>1</분류> <판단>해야 한다</판단>
[도덕_문장]: 회사에서 희망퇴직을 권유받아 개인택시를 해야 하는 상황에서 오랫동안 몸담았던 직장을 떠나는 상실감과 새로운 분야에서 다시 시작해야 하는 두려움 사이에서 갈등했다. 이런 상황일 때, 직장에서 직원 Retirement Program을 제공하여 직원들의 심리적, 경제적 부담을 완화하는 것	<분류>1</분류> <판단>좋다</판단>
[도덕_문장]: 스키장에서 처음이라 직활강을 하면 안 되는 이유를 궁금해서 강사에게 물어봤는데, 많은 사람들 앞에서 초보는 가만히 있으라며 무시당해 상처받았다. 이렇게, 초보가 질문을 할 때 무시하는 것	<분류>-1</분류> <판단>좋지 않다</판단>
[도덕_문장]: 스키장에서 처음이라 직활강을 하면 안 되는 이유를 궁금해서 강사에게 물어봤는데, 많은 사람들 앞에서 초보는 가만히 있으라며 무시당해 상처받았다. 이런 상황에서, 다른 사람에게 무례하게 대하는 것	<분류>-1</분류> <판단>옳지 않다</판단>
[도덕_문장]: 스키장에서 처음이라 직활강을 하면 안 되는 이유를 궁금해서 강사에게 물어봤는데, 많은 사람들 앞에서 초보는 가만히 있으라며 무시당해 상처받았다. 이런 상황에서, 초보를 무시하는 것	<분류>-1</분류> <판단>옳지 않다</판단>
[도덕_문장]: 회사에서 희망퇴직 대상자가 된 순간 동료들이 나를 피하며 위로 한마디 없이 사라져서 그동안의 인간관계가 진짜였는지 의심스러웠다. 이처럼, 직장 내 동료들이 상황이 어렵다고 위로 없이 관계를 단절하는 것	<분류>-1</분류> <판단>바람직하지 않다</판단>
[도덕_문장]: 회사에서 희망퇴직 대상자가 된 순간 동료들이 나를 피하며 위로 한마디 없이 사라져서 그동안의 인간관계가 진짜였는지 의심스러웠다. 이러한 상황에서, 동료를 배제하거나 도움 없이 방치하는 것	<분류>-1</분류> <판단>나쁘다</판단>
[도덕_문장]: 아버지가 돌아가신 후 유품을 정리하다가 내 명의로 된 적금통장을 발견했는데, 아버지께서 병원비도 아끼시며 모아두신 돈인 것을 알고 이를 사용해야 할지 그대로 간직해야 할지 고민이 되었다. 이렇게, 자녀가 부모님의 경제적 사정을 이해하고 상황에 맞는 결정을 내리는 것	<분류>1</분류> <판단>바람직하다</판단>
[도덕_문장]: 아버지가 돌아가신 후 유품을 정리하다가 내 명의로 된 적금통장을 발견했는데, 아버지께서 병원비도 아끼시며 모아두신 돈인 것을 알고 이를 사용해야 할지 그대로 간직해야 할지 고민이 되었다. 이런 경우에, 상속인의 판단을 존중하는 것	<분류>1</분류> <판단>해야 한다</판단>
[도덕_문장]: 아버지가 돌아가신 후 유품을 정리하다가 내 명의로 된 적금통장을 발견했는데, 아버지께서 병원비도 아끼시며 모아두신 돈인 것을 알고 이를 사용해야 할지 그대로 간직해야 할지 고민이 되었다. 이러한 상황에서, 아버지의 유품을 정리하며 그가 아껴 모은 돈을 함부로 쓰지 않고 가족 간에 논의하여 결정하는 것	<분류>1</분류> <판단>바람직하다</판단>
[도덕_문장]: 친구들이 인생 제2막을 준비한다며 나를 월급쟁이로 늙어 죽을 거냐고 말해서 상처받았지만, 집안 사정상 새로운 도전을 시작하기엔 위험부담이 커서 고민이 깊어졌다. 이런 상황일 때, 친한 친구들끼리 무례한 발언을 하지 않는 것	<분류>-1</분류> <판단>해야 한다</판단>
[도덕_문장]: 친구들이 인생 제2막을 준비한다며 나를 월급쟁이로 늙어 죽을 거냐고 말해서 상처받았지만, 집안 사정상 새로운 도전을 시작하기엔 위험부담이 커서 고민이 깊어졌다. 이런 상황에서, 다른 사람에게 상처를 주는 말을 하는 것	<분류>-1</분류> <판단>안 되다</판단>
[도덕_문장]: 비행기 공포증으로 수면제를 먹고 탔는데 동료가 비행기가 뭐가 무섭냐며 비아냥거려서 상처받았지만 출장 중이라 직접적으로 대응하지 못했다. 이런 상황일 때, 동료가 다른 사람의 심리상태나 문제를 무시하거나 비아냥거리는 것	<분류>-1</분류> <판단>안 되다</판단>
[도덕_문장]: 비행기 공포증으로 수면제를 먹고 탔는데 동료가 비행기가 뭐가 무섭냐며 비아냥거려서 상처받았지만 출장 중이라 직접적으로 대응하지 못했다. 이럴 때, 동료에게 말을 함부로 하는 것	<분류>-1</분류> <판단>좋지 않다</판단>
[도덕_문장]: 비행기 공포증으로 수면제를 먹고 탔는데 동료가 비행기가 뭐가 무섭냐며 비아냥거려서 상처받았지만 출장 중이라 직접적으로 대응하지 못했다. 이럴 때, 비행 공포증으로 인해 비행기를 이용하는 데 어려움을 겪는 동료를 비아냥거리는 것	<분류>-1</분류> <판단>바람직하지 않다</판단>
[도덕_문장]: 비행기 공포증으로 수면제를 먹고 탔는데 동료가 비행기가 뭐가 무섭냐며 비아냥거려서 상처받았지만 출장 중이라 직접적으로 대응하지 못했다. 이러한 상황에서, 타인을 비아냥거리는 것	<분류>-1</분류> <판단>바람직하지 않다</판단>
[도덕_문장]: 비행기 공포증으로 수면제를 먹고 탔는데 동료가 비행기가 뭐가 무섭냐며 비아냥거려서 상처받았지만 출장 중이라 직접적으로 대응하지 못했다. 이럴 때, 동료를 비아냥거리는 것	<분류>-1</분류> <판단>옳지 않다</판단>
[도덕_문장]: 친구들이 내 다리 깁스 때문에 실내 모임을 제안해놓고 뒤에서 따로 만난 사실을 알게 되어 배신감을 느꼈지만, 오랜 친구 관계를 끝내고 싶지 않아 어떻게 대해야 할지 고민했다. 이런 경우에, 불편함이 있더라도 친구와 대화를 통해 오해를 푸는 것	<분류>1</분류> <판단>좋다</판단>
[도덕_문장]: 친구들이 내 다리 깁스 때문에 실내 모임을 제안해놓고 뒤에서 따로 만난 사실을 알게 되어 배신감을 느꼈지만, 오랜 친구 관계를 끝내고 싶지 않아 어떻게 대해야 할지 고민했다. 이처럼, 오랜 친구 관계를 고려하더라도 상황에 맞는 솔직한 의사 표현을 하는 것	<분류>1</분류> <판단>바람직하다</판단>
[도덕_문장]: 친구들이 내 다리 깁스 때문에 실내 모임을 제안해놓고 뒤에서 따로 만난 사실을 알게 되어 배신감을 느꼈지만, 오랜 친구 관계를 끝내고 싶지 않아 어떻게 대해야 할지 고민했다. 이처럼, 상황을 잘못 판단한 친구에게 직접 이야기하는 것	<분류>1</분류> <판단>좋다</판단>
[도덕_문장]: 병원에 입원했는데 아무도 문병을 오지 않아 외로웠지만, 정작 옆 침대에 문병객이 많이 와서 시끄러울 때는 불편함을 느꼈다. 이렇게, 타인의 상황을 고려하지 않고 문병을 하는 것	<분류>-1</분류> <판단>안 된다</판단>
[도덕_문장]: 병원에 입원했는데 아무도 문병을 오지 않아 외로웠지만, 정작 옆 침대에 문병객이 많이 와서 시끄러울 때는 불편함을 느꼈다. 이처럼, 병원 입원자를 방문할 때 주변 환자의 평온한 휴식과 회복을 고려해 방문 시간을 조절하는 것	<분류>1</분류> <판단>바람직하다</판단>
[도덕_문장]: 점심시간에 드론을 갖고 싶다고 말했더니 동료가 다른 사람들 앞에서 어린애 장난감을 왜 갖고 싶어하냐며 원색적으로 비난해서 상처받았지만 그 자리에서 아무 말도 하지 못했다. 이런 경우에, 개인의 취미나 관심을 원색적으로 비난하는 것	<분류>-1</분류> <판단>안 되다</판단>
[도덕_문장]: 점심시간에 드론을 갖고 싶다고 말했더니 동료가 다른 사람들 앞에서 어린애 장난감을 왜 갖고 싶어하냐며 원색적으로 비난해서 상처받았지만 그 자리에서 아무 말도 하지 못했다. 이럴 때, 상대방이 모욕감을 느낄 수 있는 말을 하는 것	<분류>-1</분류> <판단>안 된다</판단>
[도덕_문장]: 점심시간에 드론을 갖고 싶다고 말했더니 동료가 다른 사람들 앞에서 어린애 장난감을 왜 갖고 싶어하냐며 원색적으로 비난해서 상처받았지만 그 자리에서 아무 말도 하지 못했다. 이럴 때, 동료의 개인 취향에 대해 원색적으로 비난하는 것	<분류>-1</분류> <판단>옳지 않다</판단>
[도덕_문장]: 점심시간에 드론을 갖고 싶다고 말했더니 동료가 다른 사람들 앞에서 어린애 장난감을 왜 갖고 싶어하냐며 원색적으로 비난해서 상처받았지만 그 자리에서 아무 말도 하지 못했다. 이처럼, 함께 근무하는 동료에게 비난이 섞인 말을 할 때 주의하는 것	<분류>1</분류> <판단>옳다</판단>
[도덕_문장]: 아기 장난감을 샀는데 불량품이어서 다음 날 교환하러 갔더니 가게 주인이 내가 망가뜨린 것 아니냐며 다른 손님들 앞에서 의심하고 몰아가서 억울하고 상처받았다. 이런 상황에서, 상점에서 제품을 교환하는 과정에서 타인의 의심을 표현하는 것	<분류>-1</분류> <판단>바람직하지 않다</판단>
[도덕_문장]: 하지정맥류로 인해 서 있기 힘들어 잠깐 앉아 있었는데 상사가 꾀병을 부린다고 말해서 업무를 바꿔달라고 요청할지 고민했다. 이러한 상황에서, 건강상 문제로 인해 휴가나 업무 조정을 요청하는 것	<분류>0</분류> <판단>할 수 있다</판단>
[도덕_문장]: 하지정맥류로 인해 서 있기 힘들어 잠깐 앉아 있었는데 상사가 꾀병을 부린다고 말해서 업무를 바꿔달라고 요청할지 고민했다. 이렇게, 업무 수행에 어려움이 있는 경우 건강을 고려해 업무 환경 조정을 요청하는 것	<분류>1</분류> <판단>정당한 행동이다</판단>
[도덕_문장]: 하지정맥류로 인해 서 있기 힘들어 잠깐 앉아 있었는데 상사가 꾀병을 부린다고 말해서 업무를 바꿔달라고 요청할지 고민했다. 이런 경우에, 업무와 관련된 신체 문제로 인해 근무가 어렵다면 업무 조정을 요청하는 것	<분류>1</분류> <판단>바람직하다</판단>
[도덕_문장]: 하지정맥류로 인해 서 있기 힘들어 잠깐 앉아 있었는데 상사가 꾀병을 부린다고 말해서 업무를 바꿔달라고 요청할지 고민했다. 이렇게, 직장에서 업무 수행에 어려움이 있을 경우 정당한 사유를 설명하고 근무 조정을 요청하는 것	<분류>0</분류> <판단>바람직하다</판단>
[도덕_문장]: 하지정맥류로 인해 서 있기 힘들어 잠깐 앉아 있었는데 상사가 꾀병을 부린다고 말해서 업무를 바꿔달라고 요청할지 고민했다. 이러한 상황에서, 상대에게 오해를 살 수 있는 말로 평가하는 것	<분류>-1</분류> <판단>옳지 않다</판단>
[도덕_문장]: 하지정맥류로 인해 서 있기 힘들어 잠깐 앉아 있었는데 상사가 꾀병을 부린다고 말해서 업무를 바꿔달라고 요청할지 고민했다. 이렇게, 건강이 좋지 않을 때 도움을 받는 것	<분류>1</분류> <판단>할 수 있다</판단>
[도덕_문장]: 아르바이트 면접에서 사장이 나이보다 들어보인다고 하고 다른 직원에게 할머니 같다고 말하는 것을 들었는데, 그 자리에서 항의해야 할지 그냥 참고 넘어가야 할지 고민했다. 이처럼, 면접자의 외모나 나이에 대한 부적절한 발언을 들었을 때 즉시 제지를 하는 것	<분류>1</분류> <판단>해야 한다</판단>
[도덕_문장]: 아르바이트 면접에서 사장이 나이보다 들어보인다고 하고 다른 직원에게 할머니 같다고 말하는 것을 들었는데, 그 자리에서 항의해야 할지 그냥 참고 넘어가야 할지 고민했다. 이러한 상황에서, 면접 자리에서 상대방이 불쾌감을 느낄 수 있는 언행을 하지 않는 것	<분류>1</분류> <판단>해야 한다</판단>
[도덕_문장]: 아르바이트 면접에서 사장이 나이보다 들어보인다고 하고 다른 직원에게 할머니 같다고 말하는 것을 들었는데, 그 자리에서 항의해야 할지 그냥 참고 넘어가야 할지 고민했다. 이렇게, 면접에서 모욕적인 발언을 들었을 때 이를 참지 않고 자신의 발언을 중단시키는 것	<분류>1</분류> <판단>옳다.</판단>
[도덕_문장]: 아르바이트 면접에서 사장이 나이보다 들어보인다고 하고 다른 직원에게 할머니 같다고 말하는 것을 들었는데, 그 자리에서 항의해야 할지 그냥 참고 넘어가야 할지 고민했다. 이렇게, 면접을 할 때 면접자의 연령과 외모를 존중하는 것	<분류>1</분류> <판단>해야 한다</판단>
[도덕_문장]: 아르바이트 면접에서 사장이 나이보다 들어보인다고 하고 다른 직원에게 할머니 같다고 말하는 것을 들었는데, 그 자리에서 항의해야 할지 그냥 참고 넘어가야 할지 고민했다. 이처럼, 면접에서 상대에 대한 무례한 발언을 들었을 때 상황에 따라 대응하는 것	<분류>0</분류> <판단>바람직하다</판단>
[도덕_문장]: 아르바이트 면접에서 사장이 나이보다 들어보인다고 하고 다른 직원에게 할머니 같다고 말하는 것을 들었는데, 그 자리에서 항의해야 할지 그냥 참고 넘어가야 할지 고민했다. 이렇게, 면접 중 모욕적인 표현을 들었을 때 항의하는 것	<분류>1</분류> <판단>좋다</판단>
[도덕_문장]: 직장 동료가 내 사생활에 대해 지나치게 참견하고 상처 주는 말을 해서 불쾌하지만, 직장 내 관계를 고려해 직접적으로 대응하지 못하고 있다. 이럴 때, 직장 내 사적인 문제에 대해 간섭하는 것	<분류>-1</분류> <판단>옳지 않다</판단>
[도덕_문장]: 친구가 낚시 약속을 또 까먹어서 상처받았지만, 어릴 때부터 덜렁대는 성격인 걸 아는데도 서운함을 직접 말해야 할지 그냥 넘어가야 할지 고민했다. 이럴 때, 친구의 성격을 이해하고 인정하는 것	<분류>1</분류> <판단>좋다</판단>
[도덕_문장]: 친구가 낚시 약속을 또 까먹어서 상처받았지만, 어릴 때부터 덜렁대는 성격인 걸 아는데도 서운함을 직접 말해야 할지 그냥 넘어가야 할지 고민했다. 이런 경우에, 약속을 여러 번 어기는 친구에게 서운함을 정중하게 표현해주는 것	<분류>1</분류> <판단>좋다</판단>
[도덕_문장]: 나이가 들면서 안정적인 직장과 내 집을 가질 거라고 생각했는데 대출금만 늘어가는 현실에 좌절감을 느끼지만, 배우자 앞에서는 괜찮은 척 버텨야 할지 솔직하게 털어놓아야 할지 고민했다. 이런 경우에, 배우자가 경제적인 어려움으로 힘들어 하더라도 솔직한 감정을 표현하는 것	<분류>1</분류> <판단>좋다</판단>
[도덕_문장]: 나이가 들면서 안정적인 직장과 내 집을 가질 거라고 생각했는데 대출금만 늘어가는 현실에 좌절감을 느끼지만, 배우자 앞에서는 괜찮은 척 버텨야 할지 솔직하게 털어놓아야 할지 고민했다. 이렇게, 배우자가 어려움을 털어놓을 때 공감하고 지지하는 태도를 보이는 것	<분류>1</분류> <판단>바람직하다</판단>
[도덕_문장]: 나이가 들면서 안정적인 직장과 내 집을 가질 거라고 생각했는데 대출금만 늘어가는 현실에 좌절감을 느끼지만, 배우자 앞에서는 괜찮은 척 버텨야 할지 솔직하게 털어놓아야 할지 고민했다. 이런 상황일 때, 부부가 서로의 어려움을 이해하고 지지하는 것	<분류>1</분류> <판단>바람직하다</판단>
[도덕_문장]: 나이가 들면서 안정적인 직장과 내 집을 가질 거라고 생각했는데 대출금만 늘어가는 현실에 좌절감을 느끼지만, 배우자 앞에서는 괜찮은 척 버텨야 할지 솔직하게 털어놓아야 할지 고민했다. 이럴 때, 배우자를 속이지 않는 것	<분류>1</분류> <판단>좋다</판단>
[도덕_문장]: 어렸을 때 생긴 트라우마로 인한 불안과 걱정을 숨기고 싶지만, 연인에게 솔직하게 털어놓고 도움을 받고 싶은 마음 사이에서 고민했다. 이런 상황에서, 연인에게 심리적 고통이나 불편한 감정을 털어놓는 것	<분류>1</분류> <판단>좋다</판단>
[도덕_문장]: 어렸을 때 생긴 트라우마로 인한 불안과 걱정을 숨기고 싶지만, 연인에게 솔직하게 털어놓고 도움을 받고 싶은 마음 사이에서 고민했다. 이러한 상황에서, 상대방의 사정을 이해하려 노력하는 것	<분류>1</분류> <판단>바람직하다</판단>
[도덕_문장]: 어렸을 때 생긴 트라우마로 인한 불안과 걱정을 숨기고 싶지만, 연인에게 솔직하게 털어놓고 도움을 받고 싶은 마음 사이에서 고민했다. 이런 상황에서, 연인의 약점과 어려움을 이해해 주는 것	<분류>1</분류> <판단>바람직하다</판단>
[도덕_문장]: 어렸을 때 생긴 트라우마로 인한 불안과 걱정을 숨기고 싶지만, 연인에게 솔직하게 털어놓고 도움을 받고 싶은 마음 사이에서 고민했다. 이런 상황에서, 상대의 감정과 정서 상태를 고려해 조언하고 지지하는 태도를 보이는 것	<분류>1</분류> <판단>해야 한다</판단>
[도덕_문장]: 면도하다 베인 상처에 대해 동기가 아버지한테 배우지 않았냐고 농담했는데, 어릴 때 아버지를 잃은 나는 의도하지 않은 말에 상처받은 내 자신이 한심하다는 생각에 더욱 괴로웠다. 이러한 상황에서, 가족 관계를 농담거리로 삼는 것	<분류>-1</분류> <판단>옳지 않다</판단>
[도덕_문장]: 면도하다 베인 상처에 대해 동기가 아버지한테 배우지 않았냐고 농담했는데, 어릴 때 아버지를 잃은 나는 의도하지 않은 말에 상처받은 내 자신이 한심하다는 생각에 더욱 괴로웠다. 이러한 상황에서, 타인의 감정을 생각하지 않고 농담을 하는 것	<분류>-1</분류> <판단>옳지 않다</판단>
[도덕_문장]: 영어 시험에서 열심히 공부했는데 B 성적을 받아 좌절했지만, 연인이 노력 자체를 인정해주며 위로해줘서 포기할지 계속 도전할지 고민이 되었다. 이렇게, 힘들어할 때 자신의 노력을 인정하고 위로해주는 것	<분류>1</분류> <판단>좋다</판단>
[도덕_문장]: 영어 시험에서 열심히 공부했는데 B 성적을 받아 좌절했지만, 연인이 노력 자체를 인정해주며 위로해줘서 포기할지 계속 도전할지 고민이 되었다. 이런 상황일 때, 시험 성적이 기대치를 충족하지 못하더라도 타인의 노력을 인정하는 태도를 유지하는 것	<분류>1</분류> <판단>중요하다</판단>
[도덕_문장]: 영어 시험에서 열심히 공부했는데 B 성적을 받아 좌절했지만, 연인이 노력 자체를 인정해주며 위로해줘서 포기할지 계속 도전할지 고민이 되었다. 이런 경우에, 연인이 상대방의 어려움에 공감하고 격려해주는 것	<분류>1</분류> <판단>좋다</판단>
[도덕_문장]: 영어 시험에서 열심히 공부했는데 B 성적을 받아 좌절했지만, 연인이 노력 자체를 인정해주며 위로해줘서 포기할지 계속 도전할지 고민이 되었다. 이러한 상황에서, 연인을 격려하는 것	<분류>1</분류> <판단>좋은 행동이다</판단>
[도덕_문장]: 영어 시험에서 열심히 공부했는데 B 성적을 받아 좌절했지만, 연인이 노력 자체를 인정해주며 위로해줘서 포기할지 계속 도전할지 고민이 되었다. 이런 상황일 때, 연인이 상대방의 고민을 공감하는 태도를 보이는 것	<분류>1</분류> <판단>좋다</판단>
[도덕_문장]: 영어 시험에서 열심히 공부했는데 B 성적을 받아 좌절했지만, 연인이 노력 자체를 인정해주며 위로해줘서 포기할지 계속 도전할지 고민이 되었다. 이처럼, 연인에게 자신의 감정과 상황을 충분히 설명하는 것	<분류>1</분류> <판단>필요하다</판단>
[도덕_문장]: 영어 시험에서 열심히 공부했는데 B 성적을 받아 좌절했지만, 연인이 노력 자체를 인정해주며 위로해줘서 포기할지 계속 도전할지 고민이 되었다. 이러한 상황에서, 연인이 상대방에게 격려를 아끼지 않는 것	<분류>1</분류> <판단>아니어야 한다</판단>
[도덕_문장]: 엄마가 내 어릴 적 사진을 모두 잃어버리셨는데 내가 속상해하자 뭐 그런 거 가지고 서운해하냐고 말씀하셔서 엄마의 무관심한 태도에 상처받았지만 그래도 가족이라 어떻게 대해야 할지 고민이 되었다. 이런 상황에서, 가족 관계에서 소통 방식을 개선하거나 자신의 입장과 감정을 정중하게 표현하는 것	<분류>1</분류> <판단>바람직하다</판단>
[도덕_문장]: 엄마가 내 어릴 적 사진을 모두 잃어버리셨는데 내가 속상해하자 뭐 그런 거 가지고 서운해하냐고 말씀하셔서 엄마의 무관심한 태도에 상처받았지만 그래도 가족이라 어떻게 대해야 할지 고민이 되었다. 이처럼, 가족 간의 갈등이 생길 때 상대방의 입장과 감정을 공감하려고 노력하는 것	<분류>1</분류> <판단>좋다</판단>
[도덕_문장]: 엄마가 내 어릴 적 사진을 모두 잃어버리셨는데 내가 속상해하자 뭐 그런 거 가지고 서운해하냐고 말씀하셔서 엄마의 무관심한 태도에 상처받았지만 그래도 가족이라 어떻게 대해야 할지 고민이 되었다. 이런 상황일 때, 자녀의 어려움에 관심을 가지지 않는 것	<분류>-1</분류> <판단>바람직하지 않다</판단>
[도덕_문장]: 부모님이 내 출생의 비밀을 알려주셨는데, 지금까지 친부모라고 믿고 존경해온 분들을 앞으로 어떻게 대해야 할지 몰라 혼란스럽다. 이러한 상황에서, 친부모가 아닌 다른 사람이 친부모를 대신해 양육했다 하더라도 그 양육을 인정하는 것	<분류>1</분류> <판단>옳다.</판단>
[도덕_문장]: 동기들이 나만 빼고 모임을 가졌다고 해서 배신감에 상처받았는데, 바빠 보여서 초대하지 않았다는 말이 거짓말 같아서 직접 물어볼지 말지 고민했다. 이렇게, 상황을 따져 물어보는 것	<분류>0</분류> <판단>정당하다</판단>
[도덕_문장]: 오랜만에 만난 친구가 미국에서 박사과정을 하고 있다는 이야기를 들으니 평범한 직장인인 내가 초라해 보일까봐 괜히 부담스럽고 자격지심이 들었지만 겉으로는 반갑다며 괜찮은 척했다. 이처럼, 자신의 상황이 친구에 비해 초라해 보이더라도 상대에게 부담을 주지 않으려 노력하는 것	<분류>1</분류> <판단>바람직하다</판단>
[도덕_문장]: 오랜만에 만난 친구가 미국에서 박사과정을 하고 있다는 이야기를 들으니 평범한 직장인인 내가 초라해 보일까봐 괜히 부담스럽고 자격지심이 들었지만 겉으로는 반갑다며 괜찮은 척했다. 이럴 때, 타인의 삶의 방향과 성취를 판단의 기준으로 삼지 않는 것	<분류>1</분류> <판단>바람직하다</판단>
[도덕_문장]: 자격증 시험에 떨어져서 상처받고 힘들어하는 상황에서 연인과의 약속을 취소하고 싶었지만, 연인의 위로와 격려를 받고 나서 약속을 지켜야 할지 고민했다. 이런 경우에, 연인이 상처받은 사람의 마음을 위로하는 것	<분류>1</분류> <판단>좋다</판단>
[도덕_문장]: 자격증 시험에 떨어져서 상처받고 힘들어하는 상황에서 연인과의 약속을 취소하고 싶었지만, 연인의 위로와 격려를 받고 나서 약속을 지켜야 할지 고민했다. 이처럼, 연인이 상처를 받았을 때 그 상황을 이해해주는 것	<분류>1</분류> <판단>옳다</판단>
[도덕_문장]: 자격증 시험에 떨어져서 상처받고 힘들어하는 상황에서 연인과의 약속을 취소하고 싶었지만, 연인의 위로와 격려를 받고 나서 약속을 지켜야 할지 고민했다. 이런 상황일 때, 연인에게 이해심을 보이는 것	<분류>1</분류> <판단>해야 한다</판단>
[도덕_문장]: 자격증 시험에 떨어져서 상처받고 힘들어하는 상황에서 연인과의 약속을 취소하고 싶었지만, 연인의 위로와 격려를 받고 나서 약속을 지켜야 할지 고민했다. 이처럼, 연인이 어려움을 겪을 때 상처를 주지 않도록 위로하고 약속을 지키는 것	<분류>1</분류> <판단>바람직하다</판단>
[도덕_문장]: 자격증 시험에 떨어져서 상처받고 힘들어하는 상황에서 연인과의 약속을 취소하고 싶었지만, 연인의 위로와 격려를 받고 나서 약속을 지켜야 할지 고민했다. 이처럼, 연인이 힘들어하는 상황에서 함께 공감하고 위로하는 것	<분류>1</분류> <판단>좋다</판단>
[도덕_문장]: 병원에서 보호자를 데려오라고 했는데 연락할 사람이 아무도 없어서 법적 보호자 없이는 진료를 받을 수 없다는 현실에 직면했다. 이렇게, 병원의 법적 보호자 요청에 따라 상황을 해결하기 위해 연락할 수 있는 사람을 찾아보는 것	<분류>1</분류> <판단>바람직하다</판단>
[도덕_문장]: 병원에서 보호자를 데려오라고 했는데 연락할 사람이 아무도 없어서 법적 보호자 없이는 진료를 받을 수 없다는 현실에 직면했다. 이러한 상황에서, 병원에서 법적 보호자를 요구하는 것	<분류>0</분류> <판단>나쁘지 않다</판단>
[도덕_문장]: 병원에서 보호자를 데려오라고 했는데 연락할 사람이 아무도 없어서 법적 보호자 없이는 진료를 받을 수 없다는 현실에 직면했다. 이렇게, 응급 상황에서 자신의 상황을 설명하고 도움을 요청하는 것	<분류>1</분류> <판단>해도 된다</판단>
[도덕_문장]: 병원에서 보호자를 데려오라고 했는데 연락할 사람이 아무도 없어서 법적 보호자 없이는 진료를 받을 수 없다는 현실에 직면했다. 이처럼, 병원에서 보호자를 동반해야 하는 경우 그 이유를 사전에 안내하는 것	<분류>1</분류> <판단>해야 한다</판단>
[도덕_문장]: 병원에서 보호자를 데려오라고 했는데 연락할 사람이 아무도 없어서 법적 보호자 없이는 진료를 받을 수 없다는 현실에 직면했다. 이런 상황일 때, 의료기관이 환자의 가족 관계에 대해 확인할 수 있는 방법을 제공하거나 안내하는 것	<분류>1</분류> <판단>해야 한다</판단>
[도덕_문장]: 과거의 상처받은 기억들이 계속 악몽으로 나타나 잠들기가 두려운데, 연인에게 내 아픔을 계속 털어놓는 것이 부담을 주는 건 아닌지 고민된다. 이렇게, 연인 관계에서 자신의 상처를 표현할 때 상대방의 부담을 고려하는 것	<분류>1</분류> <판단>바람직하다</판단>
[도덕_문장]: 회사 과장님이 건강검진 때문에 저녁을 안 먹는다고 했더니 다이어트를 하라며 살을 빼라고 말해서 상처받았지만 직장 상사라 제대로 반박하지 못했다. 이렇게, 직장 상사가 업무 외의 개인적인 건강과 다이어트에 대한 조언을 할 때 이를 예의 바르게 거절하는 것	<분류>1</분류> <판단>바람직하다</판단>
[도덕_문장]: 회사 과장님이 건강검진 때문에 저녁을 안 먹는다고 했더니 다이어트를 하라며 살을 빼라고 말해서 상처받았지만 직장 상사라 제대로 반박하지 못했다. 이러한 상황에서, 직장 상사가 부하 직원의 개인적인 선택을 존중하지 않고 강압적으로 조언하거나 압박하는 발언을 하는 것	<분류>-1</분류> <판단>안 된다</판단>
[도덕_문장]: 오빠가 내 소득을 언급하며 아버지를 자신이 모시겠다고 하자, 새언니에게 부담을 주지 않으려던 내 배려는 무시당한 것 같아 상처받았다. 이처럼, 자신의 경제적 상황을 다른 사람에게 무리하게 강요하는 것	<분류>-1</분류> <판단>옳지 않다</판단>
[도덕_문장]: 회사에서 열심히 일했다고 생각했는데 상사들로부터 더 분발하라는 냉담한 평가를 받아 내 능력을 의심하게 되었지만, 동료들 앞에서는 괜찮은 척 태연하게 행동했다. 이럴 때, 동료들 앞에서 일의 어려움이나 성과에 대한 불만을 드러내지 않는 것	<분류>1</분류> <판단>해야 한다.</판단>
[도덕_문장]: 조카가 자라면서 삼촌인 나를 무시하고 놀기 싫다고 직설적으로 말해서 상처받았지만, 아이의 성장 과정이라는 것을 알면서도 집을 나가야 할지 고민했다. 이런 경우에, 상처를 받은 아이의 성장 과정을 존중하고, 아이가 마음을 표현할 수 있도록 존중해주는 것	<분류>1</분류> <판단>좋다</판단>
[도덕_문장]: 조카가 자라면서 삼촌인 나를 무시하고 놀기 싫다고 직설적으로 말해서 상처받았지만, 아이의 성장 과정이라는 것을 알면서도 집을 나가야 할지 고민했다. 이럴 때, 자신의 의견을 솔직하게 표현하는 것	<분류>1</분류> <판단>할 수 있다</판단>
[도덕_문장]: 연인이 요즘 애정표현도 줄고 연락도 뜸해져서 마음이 변했나 의심스러웠지만, 직접 물어보기엔 관계가 깨질까 봐 두려웠다. 이처럼, 관계의 불확실성이 생겼을 때 상대와 진솔하게 대화를 나누어 감정을 공유하는 것	<분류>1</분류> <판단>해야 한다</판단>
[도덕_문장]: 승진 시험에 떨어져 상처받은 상황에서 나만 제외되고 동기들만 승진한 것을 축하하는 부서 파티에 참석해야 할지 고민했다. 이런 상황일 때, 승진 시험에서 결과에 상관없이 동료를 축하해 주는 것	<분류>1</분류> <판단>좋다</판단>
[도덕_문장]: 엄마가 빨래를 안 한다고 화를 내셨는데, 나는 속옷은 손빨래를 하고 있었고 빨래가 많이 쌓인 것도 아니어서 억울했지만 사실 나머지 빨래는 엄마가 해주시고 있어서 죄송한 마음도 들었다. 이렇게, 갈등이 생겼을 때 억울한 부분을 해소하려는 노력을 하는 것	<분류>1</분류> <판단>필요하다</판단>
[도덕_문장]: 엄마가 빨래를 안 한다고 화를 내셨는데, 나는 속옷은 손빨래를 하고 있었고 빨래가 많이 쌓인 것도 아니어서 억울했지만 사실 나머지 빨래는 엄마가 해주시고 있어서 죄송한 마음도 들었다. 이런 상황일 때, 대화를 통해 이해를 구하는 것	<분류>1</분류> <판단>좋다</판단>
[도덕_문장]: 아르바이트 중 품절된 분홍색 머그잔을 찾는 손님이 재고를 확인해보지도 않고 없다고 말했다며 인신공격과 욕설을 퍼부었는데, 나는 아르바이트생 신분이라 제대로 반박하지 못하고 억울함만 삼켜야 했다. 이럴 때, 서비스 업무 중 손님과의 대화에서 인신공격을 하는 것	<분류>-1</분류> <판단>옳지 않다</판단>
[도덕_문장]: 시가 가족 모임에서 어른들이 언제 아이를 가질 거냐고 닦달하는데, 경제적 여유가 없어 아이를 원하지 않는다고 솔직히 말할 수도 없고 그렇다고 거짓으로 동조할 수도 없어서 괴로웠다. 이럴 때, 상대방이 원하지 않는 것에 대해 무리한 요구나 압박을 하지 않는 것	<분류>1</분류> <판단>좋다</판단>
[도덕_문장]: 시가 가족 모임에서 어른들이 언제 아이를 가질 거냐고 닦달하는데, 경제적 여유가 없어 아이를 원하지 않는다고 솔직히 말할 수도 없고 그렇다고 거짓으로 동조할 수도 없어서 괴로웠다. 이러한 상황에서, 가족 모임에서 타인의 가족 계획에 간섭하는 것	<분류>-1</분류> <판단>안 되다</판단>
[도덕_문장]: 회사에서 도시락을 싸와서 먹는 것이 경제적으로 필요하지만, 동료들이 별종 취급하며 왜 그렇게 돈을 아끼냐고 말해서 부끄럽고 상처받았다. 이러한 상황에서, 상대의 결정을 함부로 평가하는 것	<분류>-1</분류> <판단>좋지 않다.</판단>
[도덕_문장]: 미용실에서 머리를 망쳐놓은 미용사가 눈을 피하며 미안해하는 것 같은데, 화가 나지만 관계를 나쁘게 끝내고 싶지 않아서 어떻게 대응해야 할지 고민했다. 이처럼, 서비스 제공자가 잘못을 저지른 경우에도 상대를 존중하면서 자신의 불만을 정당하게 전달하는 것	<분류>1</분류> <판단>해야 한다</판단>
[도덕_문장]: 미용실에서 머리를 망쳐놓은 미용사가 눈을 피하며 미안해하는 것 같은데, 화가 나지만 관계를 나쁘게 끝내고 싶지 않아서 어떻게 대응해야 할지 고민했다. 이처럼, 상대방이 미안한 일을 했을 때 눈을 피하지 않고 진실하게 대응하는 것	<분류>1</분류> <판단>좋다</판단>
[도덕_문장]: 미용실에서 머리를 망쳐놓은 미용사가 눈을 피하며 미안해하는 것 같은데, 화가 나지만 관계를 나쁘게 끝내고 싶지 않아서 어떻게 대응해야 할지 고민했다. 이럴 때, 잘못에 대한 책임을 회피하는 것	<분류>-1</분류> <판단>바람직하지 않다</판단>
[도덕_문장]: 미용실에서 머리를 망쳐놓은 미용사가 눈을 피하며 미안해하는 것 같은데, 화가 나지만 관계를 나쁘게 끝내고 싶지 않아서 어떻게 대응해야 할지 고민했다. 이처럼, 서비스업 종사자가 고객이 화가 났을 때 진심으로 사과하는 것	<분류>1</분류> <판단>좋다</판단>
[도덕_문장]: 몸이 약해서 친구들과 여행을 가고 싶지만 체력적으로 부담될까 봐 망설이다가 결국 핑계를 대고 참여하지 않았다. 이런 상황에서, 자신의 몸 상태를 고려해 여행에 참여할지 여부를 결정하는 것	<분류>1</분류> <판단>옳다</판단>
[도덕_문장]: 과거 운전 관련 트라우마가 있어서 운전을 피해왔는데, 다른 사람들에게는 그 이유를 말하지 못하고 운전 이야기가 나올 때마다 얼버무리며 속으로 상처받았다. 이러한 상황에서, 트라우마를 겪은 사람의 심리적 상태를 존중해주는 것	<분류>1</분류> <판단>해야 한다.</판단>
[도덕_문장]: 남편이 나 몰래 주식투자를 해서 해외여행 자금을 잃었는데, 결혼기념일이라 화를 내야 할지 참아야 할지 고민되어 제주도 여행 내내 마음이 복잡했다. 이처럼, 자신의 잘못된 행동으로 가족에게 큰 피해를 준 경우 진심으로 사과하는 것	<분류>1</분류> <판단>옳다</판단>
[도덕_문장]: 남편이 나 몰래 주식투자를 해서 해외여행 자금을 잃었는데, 결혼기념일이라 화를 내야 할지 참아야 할지 고민되어 제주도 여행 내내 마음이 복잡했다. 이런 상황일 때, 아내가 남편의 잘못된 행동을 숨기는 것	<분류>-1</분류> <판단>옳지 않다</판단>
[도덕_문장]: 사회생활에서 만난 사람들에게 상처를 받아 사람들을 피하고 싶어졌지만, 원래 사교적인 성격이라 혼자 지내는 것이 맞는지 확신이 서지 않았다. 이처럼, 상처받은 상황에서 자신의 기분을 관리하는 것	<분류>1</분류> <판단>중요하다</판단>
[도덕_문장]: 음식점에서 아르바이트를 하는데 손님이 매장에 모기가 많다며 내 탓을 하고 모기를 잡아달라고 요구해서 억울했지만 참고 응대해야 했다. 이처럼, 음식점에서 일하는 직원이 손님에게 불편한 상황이 발생하더라도 정중하고 협조적으로 응대하는 것	<분류>1</분류> <판단>해야 한다</판단>
[도덕_문장]: 음식점에서 아르바이트를 하는데 손님이 매장에 모기가 많다며 내 탓을 하고 모기를 잡아달라고 요구해서 억울했지만 참고 응대해야 했다. 이런 상황일 때, 손님의 오해로 인한 불편함이 있더라도 정중하게 대응하는 것	<분류>1</분류> <판단>바람직하다</판단>
[도덕_문장]: 룸메이트가 춥다고 히터를 켜서 나는 더워서 힘들었지만 배려해서 참고 있었는데, 룸메이트가 겨울에 덥다고 하는 나를 비정상이라고 말해서 상처받았다. 이처럼, 자신의 상황을 설명해도 이해하지 않고 바로 '비정상'이라고 평가하는 것	<분류>-1</분류> <판단>바람직하지 않다</판단>
[도덕_문장]: 거울을 보다가 눈가 잔주름을 발견하고 충격을 받아 당장 피부과 예약을 할까 고민했지만, 30대 중반인 내가 이렇게 나이에 민감하게 반응하는 것이 맞는지 갈등스러웠다. 이렇게, 자신의 외모에 대해 지나치게 스트레스를 받지 않고, 피부 관리에 대한 관심이 필요할 때는 적절한 방법으로 관리하는 것	<분류>1</분류> <판단>좋다</판단>
[도덕_문장]: 친구들과의 술자리에서 연애 경험이 없다는 이유로 인생 실패자 취급을 받았지만, 관계를 유지하기 위해 아무 말도 하지 못하고 참았다. 이런 상황에서, 친구들과 술을 마시며 상대방을 비난하는 것	<분류>-1</분류> <판단>안 되다</판단>
[도덕_문장]: 친구들과의 술자리에서 연애 경험이 없다는 이유로 인생 실패자 취급을 받았지만, 관계를 유지하기 위해 아무 말도 하지 못하고 참았다. 이럴 때, 친구들이 다른 사람의 연애 경험 여부로 그 사람의 인생을 평가하는 것	<분류>-1</분류> <판단>안 되다</판단>
[도덕_문장]: 친구들과의 술자리에서 연애 경험이 없다는 이유로 인생 실패자 취급을 받았지만, 관계를 유지하기 위해 아무 말도 하지 못하고 참았다. 이러한 상황에서, 다른 사람의 사생활이나 선택을 근거로 인격적 평가를 내리는 것	<분류>-1</분류> <판단>바람직하지 않다</판단>
[도덕_문장]: 어머니와 경제적 어려움으로 다투던 중 화가 나서 \"왜 나를 낳았느냐\"고 상처가 되는 말을 해버렸는데, 나중에 후회가 되어 사과해야 할지 고민했다. 이런 상황일 때, 부모가 자녀에게 상처가 될 수 있는 말을 함부로 하는 것	<분류>-1</분류> <판단>안 되다</판단>
[도덕_문장]: 어머니와 경제적 어려움으로 다투던 중 화가 나서 \"왜 나를 낳았느냐\"고 상처가 되는 말을 해버렸는데, 나중에 후회가 되어 사과해야 할지 고민했다. 이럴 때, 자식에게 상처가 되는 말을 한 것에 대해 사과하는 것	<분류>1</분류> <판단>해야 한다</판단>
[도덕_문장]: 여자친구가 회사에서 인기가 많아 다른 남자들의 관심이 걱정된다고 말했는데, 여자친구는 과민반응이라며 오버한다고 해서 상처받았다. 이럴 때, 연인의 감정을 무시하거나 과소평가하는 것	<분류>-1</분류> <판단>옳지 않다</판단>
[도덕_문장]: 여자친구가 회사에서 인기가 많아 다른 남자들의 관심이 걱정된다고 말했는데, 여자친구는 과민반응이라며 오버한다고 해서 상처받았다. 이처럼, 연인의 외모와 매력이 과하게 인기를 끌 때, 다른 사람들의 시선으로 상대의 기분을 살피고 이해해주는 것	<분류>1</분류> <판단>필요하다</판단>
[도덕_문장]: 가족들이 나만 빼고 여행을 갔는데 내일이 내 생일이라 상처받았지만, 속 좁게 보일까 봐 쿨한 척 잘 다녀오라고 말했다. 이러한 상황에서, 가족이 나를 소홀히 한다고 생각해도 가족에게 상처를 주는 말을 하지 않는 것	<분류>1</분류> <판단>좋다</판단>
[도덕_문장]: 친구와 대화 중 커피값은 안 아까운데 책값은 아깝다고 했더니 친구가 다른 사람들 앞에서 나를 무식하다고 말해서 상처받았지만 그 자리에서는 아무렇지 않은 척했다. 이런 상황일 때, 친구가 타인의 지적 수준에 대해 비난하는 것	<분류>-1</분류> <판단>안 된다</판단>
[도덕_문장]: 친구와 대화 중 커피값은 안 아까운데 책값은 아깝다고 했더니 친구가 다른 사람들 앞에서 나를 무식하다고 말해서 상처받았지만 그 자리에서는 아무렇지 않은 척했다. 이러한 상황에서, 친구와 대화 중에 상대를 존중하지 않는 표현을 하는 것	<분류>-1</분류> <판단>옳지 않다</판단>
[도덕_문장]: 친구와 대화 중 커피값은 안 아까운데 책값은 아깝다고 했더니 친구가 다른 사람들 앞에서 나를 무식하다고 말해서 상처받았지만 그 자리에서는 아무렇지 않은 척했다. 이런 상황일 때, 친구에게 상처를 주는 말을 하는 것	<분류>-1</분류> <판단>안 되다</판단>
[도덕_문장]: 아내가 살이 찐 것 같다며 밥을 잘 안 주는 상황에서 상처받은 마음을 솔직히 표현할지 아니면 계속 참고 넘어갈지 고민했다. 이렇게, 배우자와의 갈등을 표현하려는 경우에도 상대방의 감정을 존중하는 방식으로 말하는 것	<분류>1</분류> <판단>바람직하다</판단>
[도덕_문장]: 아내가 살이 찐 것 같다며 밥을 잘 안 주는 상황에서 상처받은 마음을 솔직히 표현할지 아니면 계속 참고 넘어갈지 고민했다. 이러한 상황에서, 배우자의 상처를 인정하는 것	<분류>1</분류> <판단>좋다</판단>
[도덕_문장]: 남편이 20년째 동일한 생활비만 주는 상황에서 물가상승으로 생활이 어려워졌지만, 가정의 평화를 위해 참아야 할지 아니면 강하게 요구해야 할지 고민했다. 이런 상황일 때, 부양 가족이 생활을 이어나갈 수 있도록 생활비를 적절한 수준으로 조정하는 것	<분류>1</분류> <판단>좋다.</판단>
[도덕_문장]: 남편이 20년째 동일한 생활비만 주는 상황에서 물가상승으로 생활이 어려워졌지만, 가정의 평화를 위해 참아야 할지 아니면 강하게 요구해야 할지 고민했다. 이러한 상황에서, 본인의 경제적 어려움에 대해 배우자에게 이해를 구하고 함께 해결 방법을 모색하는 것	<분류>1</분류> <판단>바람직하다</판단>
[도덕_문장]: 남편이 20년째 동일한 생활비만 주는 상황에서 물가상승으로 생활이 어려워졌지만, 가정의 평화를 위해 참아야 할지 아니면 강하게 요구해야 할지 고민했다. 이처럼, 물가 상승으로 생활비 부담이 커졌을 때 적절한 조정을 요청하는 것	<분류>0</분류> <판단>할 수 있다</판단>
[도덕_문장]: 할아버지가 돌아가신 후 유산 상속 문제로 아버지와 큰아버지가 법정 다툼을 벌이는 상황에서, 평소 친하게 지내던 큰집 사촌과 어색해진 관계를 어떻게 해야 할지 고민이 되었다. 이런 경우에, 가족간의 문제로 갈등이 발생하더라도 개인적인 감정을 별개로 유지하는 것	<분류>1</분류> <판단>바람직하다</판단>
[도덕_문장]: 새로 사귄 남자친구가 휴대폰을 감시하고 집착하는 모습이 과거 상처를 준 전 남자친구와 똑같아서, 이번에도 같은 상처를 받을까 봐 두려워 관계를 정리할지 고민했다. 이런 상황에서, 이성에 대한 집착으로 자신의 자유를 침해하는 것	<분류>-1</분류> <판단>옳지 않다</판단>
[도덕_문장]: 새로 사귄 남자친구가 휴대폰을 감시하고 집착하는 모습이 과거 상처를 준 전 남자친구와 똑같아서, 이번에도 같은 상처를 받을까 봐 두려워 관계를 정리할지 고민했다. 이러한 상황에서, 연인이 자신의 사생활을 존중해 주는 것	<분류>1</분류> <판단>좋다</판단>
[도덕_문장]: 새로 사귄 남자친구가 휴대폰을 감시하고 집착하는 모습이 과거 상처를 준 전 남자친구와 똑같아서, 이번에도 같은 상처를 받을까 봐 두려워 관계를 정리할지 고민했다. 이럴 때, 연애에서 상대방의 자율성을 존중하는 것	<분류>1</분류> <판단>해야 한다</판단>
[도덕_문장]: 새로 사귄 남자친구가 휴대폰을 감시하고 집착하는 모습이 과거 상처를 준 전 남자친구와 똑같아서, 이번에도 같은 상처를 받을까 봐 두려워 관계를 정리할지 고민했다. 이러한 상황에서, 관계에 대한 두려움을 해소하기 위해 자신이 원하는 방향으로 관계를 조절하는 것	<분류>1</분류> <판단>옳다.</판단>
[도덕_문장]: 새로 사귄 남자친구가 휴대폰을 감시하고 집착하는 모습이 과거 상처를 준 전 남자친구와 똑같아서, 이번에도 같은 상처를 받을까 봐 두려워 관계를 정리할지 고민했다. 이런 상황에서, 자신과 연인의 삶을 존중해주는 상대를 선택하는 것	<분류>1</분류> <판단>옳다</판단>
[도덕_문장]: 얼굴에 비립종이 생겼는데 동료들이 징그럽다고 말할 때마다 상처받지만, 직접적으로 그런 말 하지 말라고 표현하지 못하고 곤란한 기색만 보였다. 이럴 때, 사람의 외모에 대해 평가하거나 비하하는 것	<분류>-1</분류> <판단>나쁘다</판단>
[도덕_문장]: 얼굴에 비립종이 생겼는데 동료들이 징그럽다고 말할 때마다 상처받지만, 직접적으로 그런 말 하지 말라고 표현하지 못하고 곤란한 기색만 보였다. 이런 경우에, 직장 동료 간에 외모와 관련된 비난이나 조롱을 하는 것	<분류>-1</분류> <판단>부적절하다</판단>
[도덕_문장]: 얼굴에 비립종이 생겼는데 동료들이 징그럽다고 말할 때마다 상처받지만, 직접적으로 그런 말 하지 말라고 표현하지 못하고 곤란한 기색만 보였다. 이런 상황일 때, 외모를 지적하거나 평가하는 말을 하는 것	<분류>-1</분류> <판단>하지 말아야 한다</판단>
[도덕_문장]: 얼굴에 비립종이 생겼는데 동료들이 징그럽다고 말할 때마다 상처받지만, 직접적으로 그런 말 하지 말라고 표현하지 못하고 곤란한 기색만 보였다. 이런 경우에, 동료의 외모를 조롱하거나 모욕하는 말을 하는 것	<분류>-1</분류> <판단>하지 말아야 한다</판단>
[도덕_문장]: 폐지를 줍는 아버지가 창피해서 길에서 마주치지 않으려고 다른 길로 돌아갔는데, 아버지는 내 행동을 알고 계시면서도 모른 척 해주셔서 더욱 죄송하고 미안했다. 이러한 상황에서, 가족이 자식의 shameful situation을 이해하고 도와주는 것	<분류>1</분류> <판단>책임이 있다</판단>
[도덕_문장]: 친구 모임에서 친구 아들이 대입 준비생이라는 말을 듣고 아직 결혼도 못한 내 현실과 비교하며 지금까지 살아온 삶이 헛된 것 같아 괴로웠다. 이런 경우에, 타인의 삶을 자신의 기준으로 평가하는 것	<분류>-1</분류> <판단>옳지 않다</판단>
[도덕_문장]: 친구 모임에서 친구 아들이 대입 준비생이라는 말을 듣고 아직 결혼도 못한 내 현실과 비교하며 지금까지 살아온 삶이 헛된 것 같아 괴로웠다. 이런 상황일 때, 남의 삶을 자신의 기준으로 평가하는 것	<분류>-1</분류> <판단>안 되낟</판단>
[도덕_문장]: 남편의 단톡방에서 업소녀를 지칭하는 단어를 발견했는데, 오해일 수도 있다는 생각과 실망감 사이에서 남편과 대화해야 할지 고민했다. 이처럼, 오해의 소지가 있는 상황에서 대화를 통해 오해를 바로 잡는 것	<분류>1</분류> <판단>좋다</판단>
[도덕_문장]: 남편의 단톡방에서 업소녀를 지칭하는 단어를 발견했는데, 오해일 수도 있다는 생각과 실망감 사이에서 남편과 대화해야 할지 고민했다. 이러한 상황에서, 남편의 행동에 대해 실망한 아내가 대화를 요청하는 것	<분류>1</분류> <판단>적절하다</판단>
[도덕_문장]: 남편의 단톡방에서 업소녀를 지칭하는 단어를 발견했는데, 오해일 수도 있다는 생각과 실망감 사이에서 남편과 대화해야 할지 고민했다. 이런 경우에, 배우자와의 관계에서 오해를 대화를 통해 해결하는 것	<분류>1</분류> <판단>해야 한다</판단>
[도덕_문장]: 남편의 단톡방에서 업소녀를 지칭하는 단어를 발견했는데, 오해일 수도 있다는 생각과 실망감 사이에서 남편과 대화해야 할지 고민했다. 이렇게, 배우자에게 오해받을 수 있는 상황이 발생했을 때 진솔한 대화를 통해 사실을 설명하는 것	<분류>1</분류> <판단>좋다</판단>
[도덕_문장]: 남편의 단톡방에서 업소녀를 지칭하는 단어를 발견했는데, 오해일 수도 있다는 생각과 실망감 사이에서 남편과 대화해야 할지 고민했다. 이러한 상황에서, 배우자가 오해하지 않도록 대화로 설명하는 것	<분류>1</분류> <판단>바람직하다</판단>
[도덕_문장]: 학자금 대출 때문에 매달 월급의 상당 부분이 나가는데, 친구들은 차를 사고 집을 살 준비를 하고 있어서 뒤처지는 것 같아 자괴감이 들었다. 이렇게, 경제적 상황에 따라 우선순위를 조정하는 것	<분류>1</분류> <판단>정당하다</판단>
[도덕_문장]: 학자금 대출 때문에 매달 월급의 상당 부분이 나가는데, 친구들은 차를 사고 집을 살 준비를 하고 있어서 뒤처지는 것 같아 자괴감이 들었다. 이런 상황에서, 다른 사람들과 비교하지 않고 자신의 목표를 성취해나가는 것	<분류>1</분류> <판단>좋다</판단>
[도덕_문장]: 학자금 대출 때문에 매달 월급의 상당 부분이 나가는데, 친구들은 차를 사고 집을 살 준비를 하고 있어서 뒤처지는 것 같아 자괴감이 들었다. 이럴 때, 경제적 부담으로 인해 친구들과 다른 방식으로 삶을 선택하는 것	<분류>0</분류> <판단>괜찮다</판단>
[도덕_문장]: 남편이 운전할 때마다 난폭하게 변해서 계속 고쳐달라고 말했는데 전혀 듣지 않아서, 이 문제로 결혼생활을 유지할 수 있을지 심각하게 고민하고 있다. 이러한 상황에서, 배우자의 안전을 위협하는 행동을 하는 것	<분류>1</분류> <판단>즉시 고치려 노력해야 한다</판단>
[도덕_문장]: 남편이 운전할 때마다 난폭하게 변해서 계속 고쳐달라고 말했는데 전혀 듣지 않아서, 이 문제로 결혼생활을 유지할 수 있을지 심각하게 고민하고 있다. 이런 상황일 때, 배우자의 안전을 위협하는 것	<분류>-1</분류> <판단>옳지 않다</판단>
[도덕_문장]: 회의에서 발표할 때 내 이름이 유명한 범죄자와 같다며 사람들이 놀려댔는데, 유머로 받아치라는 조언을 들었지만 상처가 너무 커서 당당하게 대응할 수가 없었다. 이러한 상황에서, 개인의 사생활과 명예를 훼손하는 발언을 하는 것	<분류>-1</분류> <판단>하지 말아야 한다</판단>
[도덕_문장]: 아내가 계속 회사를 그만두고 다른 일을 하라고 말해서 내 직업을 부끄러워하는 것 같아 상처받았지만, 사실은 위험한 일을 하는 남편을 걱정하는 마음이었다는 것을 뒤늦게 깨달았다. 이럴 때, 아내가 남편을 걱정하면서 자신의 우려를 표현하는 것	<분류>1</분류> <판단>해야 한다</판단>
[도덕_문장]: 아내가 계속 회사를 그만두고 다른 일을 하라고 말해서 내 직업을 부끄러워하는 것 같아 상처받았지만, 사실은 위험한 일을 하는 남편을 걱정하는 마음이었다는 것을 뒤늦게 깨달았다. 이처럼, 다른 사람의 직업을 평가할 때 배우자의 노력과 책임을 인정하는 것	<분류>1</분류> <판단>해야 한다</판단>
[도덕_문장]: 독감으로 아파서 연차를 썼는데 집에 먹을 것도 없고 챙겨줄 사람도 없어 서러웠지만, 회사 동료들에게는 괜찮다고 말하며 민폐를 끼치는 것 같아 죄송한 마음이 들었다. 이렇게, 직장 동료들에게 자신의 상황을 설명하고 이해를 구하는 것	<분류>1</분류> <판단>좋은 행동이다</판단>
[도덕_문장]: 독감으로 아파서 연차를 썼는데 집에 먹을 것도 없고 챙겨줄 사람도 없어 서러웠지만, 회사 동료들에게는 괜찮다고 말하며 민폐를 끼치는 것 같아 죄송한 마음이 들었다. 이런 경우에, 개인적인 사정으로 연차를 쓰는 것	<분류>1</분류> <판단>이해해줘야 한다</판단>
[도덕_문장]: 가족을 위해 열심히 일하고 있는데 집에서는 항상 베풀어주기만 하고 위로받지 못해서 차라리 회사에 있는 것이 더 편하다고 느꼈다. 이런 상황에서, 열심히 일하고 돌아온 가족에게 최소한의 시간적, 정서적 배려를 제공하는 것	<분류>1</분류> <판단>옳다</판단>
[도덕_문장]: 명절이 다가오는데 가족들을 만나고 싶은 마음과 결혼과 출산에 대한 어른들의 상처 주는 질문들을 받을까 봐 두려운 마음 사이에서 고민이 깊어졌다. 이런 상황일 때, 상대방이 먼저 말하기 전에 결혼과 출산에 대한 질문을 하지 않는 것	<분류>1</분류> <판단>좋다</판단>
[도덕_문장]: 명절이 다가오는데 가족들을 만나고 싶은 마음과 결혼과 출산에 대한 어른들의 상처 주는 질문들을 받을까 봐 두려운 마음 사이에서 고민이 깊어졌다. 이러한 상황에서, 명절을 서로를 배려하고 격려하는 자리로 만들려고 노력하는 것	<분류>1</분류> <판단>좋다</판단>
[도덕_문장]: 명절이 다가오는데 가족들을 만나고 싶은 마음과 결혼과 출산에 대한 어른들의 상처 주는 질문들을 받을까 봐 두려운 마음 사이에서 고민이 깊어졌다. 이런 상황에서, 불편한 결혼과 출산에 대한 질문에 대해 자신의 의견을 표현하는 것	<분류>1</분류> <판단>옳다</판단>
[도덕_문장]: 아들이 내 생일은 까먹으면서 여자친구 생일에는 미역국까지 끓여주는 모습을 보고 서운했지만, 성장한 아들을 인정하고 놓아줘야 할지 고민했다. 이렇게, 자식의 행동으로 서운할 때 자식의 성장을 인정하고 감정을 조절하며 대화를 시도하는 것	<분류>1</분류> <판단>바람직하다</판단>
[도덕_문장]: 아들이 내 생일은 까먹으면서 여자친구 생일에는 미역국까지 끓여주는 모습을 보고 서운했지만, 성장한 아들을 인정하고 놓아줘야 할지 고민했다. 이럴 때, 부모가 자식의 성장을 존중하는 것	<분류>1</분류> <판단>좋다</판단>
[도덕_문장]: 아들이 내 생일은 까먹으면서 여자친구 생일에는 미역국까지 끓여주는 모습을 보고 서운했지만, 성장한 아들을 인정하고 놓아줘야 할지 고민했다. 이런 경우에, 부모와의 관계에서 서운한 점이 있더라도 성장한 사람으로서 더 좋은 모습을 보여주려 노력하는 것	<분류>1</분류> <판단>좋다.</판단>
[도덕_문장]: 부모님께 남자친구가 있다는 사실을 숨기고 있다가 들켜서 거짓말쟁이라는 말을 들었지만, 성인으로서 연애할 권리가 있다고 생각해 헤어지라는 말씀을 따르지 않기로 했다. 이러한 상황에서, 자녀와 갈등이 발생하더라도 자녀에게 무조건 헤어지라는 말을 하지 않는 것	<분류>1</분류> <판단>좋다</판단>
[도덕_문장]: 부모님께 남자친구가 있다는 사실을 숨기고 있다가 들켜서 거짓말쟁이라는 말을 들었지만, 성인으로서 연애할 권리가 있다고 생각해 헤어지라는 말씀을 따르지 않기로 했다. 이처럼, 부모님과 갈등이 있을 때 자녀의 결정을 존중하는 것	<분류>1</분류> <판단>필요하다</판단>
[도덕_문장]: 회사 선배들이 업무 실수를 지적할 때마다 인격적으로 모독하고 무례하게 대하는데, 다른 동료들과는 잘 지내고 있어서 내가 잘못하고 있는 건 아닌지 자책하게 된다. 이처럼, 후배 직원의 업무 실수를 지적할 때 인격적인 상처를 주는 것	<분류>-1</분류> <판단>안 되다</판단>
[도덕_문장]: 회사 선배들이 업무 실수를 지적할 때마다 인격적으로 모독하고 무례하게 대하는데, 다른 동료들과는 잘 지내고 있어서 내가 잘못하고 있는 건 아닌지 자책하게 된다. 이런 경우에, 타인에게 무례한 태도로 업무를 지적하는 것	<분류>-1</분류> <판단>안 된다</판단>
[도덕_문장]: 회사 선배들이 업무 실수를 지적할 때마다 인격적으로 모독하고 무례하게 대하는데, 다른 동료들과는 잘 지내고 있어서 내가 잘못하고 있는 건 아닌지 자책하게 된다. 이처럼, 직장 내에서 업무 실수를 지적할 때 인격을 훼손하는 언사를 하는 것	<분류>-1</분류> <판단>해서는 안 된다</판단>
[도덕_문장]: 남자친구가 운전 연습을 도와주다가 나를 둔하다고 막말했는데, 돈을 아끼려고 부탁한 상황이라 그만두자고 말하기도 애매하고 계속 받기도 스트레스여서 고민이다. 이런 상황일 때, 연인이 운전 연습을 도와주는 동안 막말을 하는 것	<분류>-1</분류> <판단>해서는 안 된다</판단>
[도덕_문장]: 시어머니가 딸처럼 예뻐한다며 부담 갖지 말라고 하셨는데 갑자기 예단비 300만원을 요구하셔서 혼자 결혼 준비하는 나에게는 경제적 부담과 함께 배신감이 들었다. 이런 상황일 때, 결혼 준비 과정에서 경제적 부담을 강요하는 것	<분류>-1</분류> <판단>옳지 않다</판단>
[도덕_문장]: 시어머니가 딸처럼 예뻐한다며 부담 갖지 말라고 하셨는데 갑자기 예단비 300만원을 요구하셔서 혼자 결혼 준비하는 나에게는 경제적 부담과 함께 배신감이 들었다. 이런 상황에서, 시어머니가 자식의 배우자에게 경제적 부담을 주는 것	<분류>-1</분류> <판단>안 되다</판단>
[도덕_문장]: 시어머니가 딸처럼 예뻐한다며 부담 갖지 말라고 하셨는데 갑자기 예단비 300만원을 요구하셔서 혼자 결혼 준비하는 나에게는 경제적 부담과 함께 배신감이 들었다. 이런 상황에서, 결혼 준비 중인 딸에게 경제적 부담을 주는 것	<분류>-1</분류> <판단>좋지 않다</판단>
[도덕_문장]: 아이들과 충분한 시간을 보내고 싶지만 잠이 부족해서 피곤할 때 아이들과 놀아주지 못해 죄책감이 들면서도 휴식이 절실히 필요했다. 이런 경우에, 부모가 충분한 휴식을 취하면서도 자녀와 함께 할 수 있는 시간을 확보하려는 것	<분류>1</분류> <판단>필요하다</판단>
[도덕_문장]: 아이들과 충분한 시간을 보내고 싶지만 잠이 부족해서 피곤할 때 아이들과 놀아주지 못해 죄책감이 들면서도 휴식이 절실히 필요했다. 이러한 상황에서, 부모가 휴식을 취하더라도 아이가 충분히 사랑받고 있음을 느끼게 해 주는 것	<분류>1</분류> <판단>해야 한다</판단>
[도덕_문장]: 아이들과 충분한 시간을 보내고 싶지만 잠이 부족해서 피곤할 때 아이들과 놀아주지 못해 죄책감이 들면서도 휴식이 절실히 필요했다. 이런 경우에, 부모가 스스로를 돌보는 시간을 가지는 것	<분류>1</분류> <판단>필요하다</판단>
[도덕_문장]: 피부미용 실기시험에 합격했지만 취업 준비를 위해 더 많은 시간과 비용을 투자해야 하는 상황에서 가족에게 부담을 줄까봐 고민했다. 이런 상황에서, 가족에게 자신의 부담을 주지 않는 것은 괜찮은가?	<분류>0</분류> <판단>좋다</판단>
[도덕_문장]: 피부미용 실기시험에 합격했지만 취업 준비를 위해 더 많은 시간과 비용을 투자해야 하는 상황에서 가족에게 부담을 줄까봐 고민했다. 이처럼, 가족에게 부담을 주는 상황에서도 부담을 최소화하는 방안을 함께 고민하는 것은 바람직하지 않은가?	<분류>1</분류> <판단>바람직하다</판단>
[도덕_문장]: 피부미용 실기시험에 합격했지만 취업 준비를 위해 더 많은 시간과 비용을 투자해야 하는 상황에서 가족에게 부담을 줄까봐 고민했다. 이런 상황에서, 자신의 목표를 위해 노력하는 것은 적절하지 않은가?	<분류>1</분류> <판단>바람직하다</판단>
[도덕_문장]: 피부미용 실기시험에 합격했지만 취업 준비를 위해 더 많은 시간과 비용을 투자해야 하는 상황에서 가족에게 부담을 줄까봐 고민했다. 이러한 상황에서, 자식이 시험에 합격헀음에도 무리하게 돈을 쓰지 않는 것은 괜찮지 않은가?	<분류>0</분류> <판단>좋다</판단>
[도덕_문장]: 슈퍼마켓에서 거스름돈을 잘못 받았는데 집까지 거의 다 와서 다시 돌아가기 번거로웠지만 학교에서 배운 착한 행동을 실천하기 위해 돌려드리러 갔다. 이렇게, 잘못을 알게 되었을 때 주저하지 않고 정정하는 것은 옳은가?	<분류>1</분류> <판단>옳다</판단>
[도덕_문장]: 슈퍼마켓에서 거스름돈을 잘못 받았는데 집까지 거의 다 와서 다시 돌아가기 번거로웠지만 학교에서 배운 착한 행동을 실천하기 위해 돌려드리러 갔다. 이처럼, 잘못을 인지했을 때 책임을 회피하지 않고 적극적으로 해결하려는 태도를 가지는 것은 옳지 않은 행동인가?	<분류>1</분류> <판단>옳다</판단>
[도덕_문장]: 엄마가 바쁜 출근 시간에 내 방까지 치워주셨는데, 나는 피곤하다는 핑계로 집안일을 미루고 있어서 미안했지만 당장 움직이기 싫었다. 이러한 상황에서, 집안일을 미루는 것은 적절한가?	<분류>-1</분류> <판단>바람직하지 않다</판단>
[도덕_문장]: 엄마가 바쁜 출근 시간에 내 방까지 치워주셨는데, 나는 피곤하다는 핑계로 집안일을 미루고 있어서 미안했지만 당장 움직이기 싫었다. 이러한 상황에서, 가족 구성원으로서 부모님께 감사한 마음을 표현하는 것은 좋지 않은가?	<분류>1</분류> <판단>좋다</판단>
[도덕_문장]: 대학에서 전과목 A를 받아 기뻤지만, 친구들이 성적 자랑하는 것을 싫어한다고 했던 기억이 나서 SNS에 올릴지 말지 고민했다. 이렇게, 성적 자랑을 할 때 상대의 기분을 고려하는 것은 바람직하지 않은가?	<분류>1</분류> <판단>바람직하다</판단>
[도덕_문장]: 대학에서 전과목 A를 받아 기뻤지만, 친구들이 성적 자랑하는 것을 싫어한다고 했던 기억이 나서 SNS에 올릴지 말지 고민했다. 이러한 상황에서, 자신의 성공을 자랑하면서도 타인의 감정을 배려하여 과도하게 과시하지 않는 것은 좋은 행동인가?	<분류>1</분류> <판단>좋다</판단>
[도덕_문장]: 대학에서 전과목 A를 받아 기뻤지만, 친구들이 성적 자랑하는 것을 싫어한다고 했던 기억이 나서 SNS에 올릴지 말지 고민했다. 이럴 때, 타인의 마음을 고려하는 것은 어떠한가?	<분류>1</분류> <판단>중요하다</판단>
[도덕_문장]: 할아버지가 농번기에 더운 날씨에도 혼자 농사일을 하시는 것이 걱정되어 도와드리고 싶지만, 평일에는 바빠서 주말에만 갈 수 있어 미안한 마음이 들었다. 이렇게, 농사일을 혼자 하는 것이 걱정되어 도움을 드리고 싶어도 바쁜 일상으로 도움을 주지 못할 때 솔직하게 전달하는 것은 좋은 행동인가?	<분류>1</분류> <판단>좋다.</판단>
[도덕_문장]: 할아버지가 농번기에 더운 날씨에도 혼자 농사일을 하시는 것이 걱정되어 도와드리고 싶지만, 평일에는 바빠서 주말에만 갈 수 있어 미안한 마음이 들었다. 이처럼, 농사일을 도와줄 때 어른의 노고를 존중하며 신중하게 행동하는 것은 의무가 아닌가?	<분류>1</분류> <판단>해야 한다</판단>
[도덕_문장]: 어릴 때부터 책 읽기를 싫어했던 내가 성인이 되어 독서 습관을 기르게 되었다고 엄마에게 자랑했는데, 사실은 아직도 집중하기 어려워서 매일 고민하고 있다. 이런 상황에서, 성인이 된 자녀의 노력을 칭찬하는 것은 필요하지 않은가?	<분류>1</분류> <판단>중요하다</판단>
[도덕_문장]: 어머니가 나이가 드셨는데도 힘든 농사일을 계속하시는 것이 걱정되지만, 자식들을 위해 기쁘게 일하신다고 하시니 그만두시라고 강하게 말씀드리기 어려웠다. 이런 경우에, 부모님의 의사를 존중하는 것은 의무가 아닌가?	<분류>1</분류> <판단>해야 한다</판단>
[도덕_문장]: 동기들 5명 중 나 혼자만 정규직으로 전환되어서 기쁘지만, 함께 전환되지 못한 동기들에게 미안한 마음이 들어 복잡했다. 이런 경우에, 자신의 노력에 따른 결과와 동료들의 감정을 동시에 존중하는 것은 권장되는가?	<분류>1</분류> <판단>해야 한다</판단>
[도덕_문장]: 엄마가 도시락을 싸줄 수 없다고 하셔서 직접 유부초밥을 만들어 가겠다고 했지만, 실제로는 요리 경험이 부족해서 실패할까 봐 걱정되었다. 이처럼, 자녀의 상황을 이해해주는 것은 나쁜가?	<분류>1</분류> <판단>좋다</판단>
[도덕_문장]: 엄마가 도시락을 싸줄 수 없다고 하셔서 직접 유부초밥을 만들어 가겠다고 했지만, 실제로는 요리 경험이 부족해서 실패할까 봐 걱정되었다. 이러한 상황에서, 자녀에게 어려움을 털어놓는 것은 어떠한가?	<분류>1</분류> <판단>될 수 있다</판단>
[도덕_문장]: 좋아하는 작가의 전시회에서 사인을 받으며 감사 편지를 전달하고 싶었지만, 다른 팬들도 많아서 시간을 너무 오래 차지하면 안 될 것 같아 망설여졌다. 이런 경우에, 전시회에서 팬들과의 소통 시간을 조절하고 다른 팬들에게 피해가 가지 않도록 배려하는 것은 어떠한가?	<분류>1</분류> <판단>바람직하다</판단>
[도덕_문장]: 좋아하는 작가의 전시회에서 사인을 받으며 감사 편지를 전달하고 싶었지만, 다른 팬들도 많아서 시간을 너무 오래 차지하면 안 될 것 같아 망설여졌다. 이러한 상황에서, 다른 사람의 시간을 존중하는 것은 좋지 않은 행동인가?	<분류>1</분류> <판단>좋다</판단>
[도덕_문장]: 좋아하는 작가의 전시회에서 사인을 받으며 감사 편지를 전달하고 싶었지만, 다른 팬들도 많아서 시간을 너무 오래 차지하면 안 될 것 같아 망설여졌다. 이처럼, 작가에게 감사편지를 전달할 때 다른 팬들도 있음을 인식하고 시간을 너무 많이 차지하지 않는 것은 권장되지 않는가?	<분류>1</분류> <판단>해야 한다</판단>
[도덕_문장]: 좋아하는 작가의 전시회에서 사인을 받으며 감사 편지를 전달하고 싶었지만, 다른 팬들도 많아서 시간을 너무 오래 차지하면 안 될 것 같아 망설여졌다. 이럴 때, 여러 사람이 줄을 서서 순서를 지키고 차례대로 진행하는 것은 좋은 행동인가?	<분류>1</분류> <판단>좋다</판단>
[도덕_문장]: 워킹홀리데이에 가고 싶지만 오랫동안 가족과 떨어져 있어야 해서 엄마가 걱정하실 것을 알면서도 결국 자신의 꿈을 선택했다. 이럴 때, 자녀가 성인으로서 자신의 삶을 선택하는 것을 존중하는 것은 어떠한가?	<분류>1</분류> <판단>필요하다</판단>
[도덕_문장]: 운전면허학원이 집에서 40분 거리로 멀어서 등록을 망설였지만, 운전을 배우고 싶은 마음이 커서 결국 먼 거리임에도 불구하고 등록을 결정했다. 이렇게, 중요한 일 결정 시 비용과 거리 등의 현실적 상황을 고려하는 것은 문제가 되는 행동인가?	<분류>1</분류> <판단>괜찮다</판단>
[도덕_문장]: 승진으로 기뻐하며 엄마에게 자랑했지만, 실제로는 리더 역할을 제대로 해낼 수 있을지 자신이 없어서 불안했다. 이런 경우에, 직장인이 승진에 대한 기대와 함께 자신의 역량을 객관적으로 평가하고, 자신이 감당할 수 있는 범위를 명확히 하는 것은 바람직하지 않은가?	<분류>1</분류> <판단>바람직하다</판단>
[도덕_문장]: 승진으로 기뻐하며 엄마에게 자랑했지만, 실제로는 리더 역할을 제대로 해낼 수 있을지 자신이 없어서 불안했다. 이런 경우에, 자녀의 고민을 들어주고 이해하는 것은 좋지 않은가?	<분류>1</분류> <판단>좋다</판단>
[도덕_문장]: 친구들이 모두 주택청약예금을 넣고 있다는 얘기를 들었지만 학자금 대출 때문에 여유가 없어서 시작하지 못해 조급함과 부담감을 느꼈다. 이런 상황에서, 친구들이 하는 일을 무리하게 따라 하지 않는 것은 옳은 행동인가?	<분류>1</분류> <판단>옳다</판단>
[도덕_문장]: 친구들이 모두 주택청약예금을 넣고 있다는 얘기를 들었지만 학자금 대출 때문에 여유가 없어서 시작하지 못해 조급함과 부담감을 느꼈다. 이처럼, 주택청약예금과 같은 제도를 이용할 때 자기 상황을 고려한 판단을 하는 것은 권장되지 않는가?	<분류>1</분류> <판단>필요하다</판단>
[도덕_문장]: 아들이 고등래퍼에 무조건 1등할 수 있다고 자신만만하게 말하는데, 현실적으로는 경쟁이 치열할 것 같아서 아이의 자신감을 꺾지 않으면서도 겸손함을 가르쳐야 할지 고민했다. 이런 상황일 때, 자녀가 자신이 이룰 수 있는 가능성과 함께 겸손함을 배우는 것은 필요하지 않은가?	<분류>1</분류> <판단>중요하다</판단>
[도덕_문장]: 아들이 고등래퍼에 무조건 1등할 수 있다고 자신만만하게 말하는데, 현실적으로는 경쟁이 치열할 것 같아서 아이의 자신감을 꺾지 않으면서도 겸손함을 가르쳐야 할지 고민했다. 이렇게, 상황에 맞는 절제된 행동과 겸손함을 함께 가르쳐 주는 것은 옳은가?	<분류>1</분류> <판단>옳다</판단>
[도덕_문장]: 아들이 고등래퍼에 무조건 1등할 수 있다고 자신만만하게 말하는데, 현실적으로는 경쟁이 치열할 것 같아서 아이의 자신감을 꺾지 않으면서도 겸손함을 가르쳐야 할지 고민했다. 이런 상황에서, 자신의 확신이 있더라도 현실적인 어려움을 고려해 겸손한 태도를 가지는 것은 어떠한가?	<분류>1</분류> <판단>바람직하다</판단>
[도덕_문장]: 아들이 고등래퍼에 무조건 1등할 수 있다고 자신만만하게 말하는데, 현실적으로는 경쟁이 치열할 것 같아서 아이의 자신감을 꺾지 않으면서도 겸손함을 가르쳐야 할지 고민했다. 이런 상황일 때, 자신의 능력을 과신하지 않는 것은 좋은 행동인가?	<분류>1</분류> <판단>좋다</판단>
[도덕_문장]: 세월호 추모 스티커를 차에 붙이고 다니는 것이 의미 있는 일이라고 생각하지만, 혹시 다른 사람들이 과시하는 것으로 오해할까봐 망설여졌다. 이처럼, 자신의 의견이나 행동에 대해 오해받을 가능성이 있을 때 상황을 충분히 설명하고 이해를 구하는 것은 적절한가?	<분류>1</분류> <판단>바람직하다</판단>
[도덕_문장]: 세월호 추모 스티커를 차에 붙이고 다니는 것이 의미 있는 일이라고 생각하지만, 혹시 다른 사람들이 과시하는 것으로 오해할까봐 망설여졌다. 이런 경우에, 행동하기 전에 상대방이 이를 어떻게 볼지 미리 생각해보는 것은 좋지 않은가?	<분류>1</분류> <판단>좋다</판단>
[도덕_문장]: 세월호 추모 스티커를 차에 붙이고 다니는 것이 의미 있는 일이라고 생각하지만, 혹시 다른 사람들이 과시하는 것으로 오해할까봐 망설여졌다. 이렇게, 세월호 참사를 기념할 때 다른 사람의 오해를 고려하여 행동하는 것은 적절하지 않은가?	<분류>1</분류> <판단>바람직하다</판단>
[도덕_문장]: 친구들과 스키장에서 즐거운 시간을 보낸 후 집에 가서 가족을 위해 밥을 해주겠다고 약속했는데, 막상 집에 도착하니 피곤해서 약속을 지키기 싫어졌다. 이럴 때, 상대방에게 지키지 못할 약속을 하는 것은 잘못된 행동인가?	<분류>-1</분류> <판단>옳지 않다</판단>
[도덕_문장]: 친구들과 스키장에서 즐거운 시간을 보낸 후 집에 가서 가족을 위해 밥을 해주겠다고 약속했는데, 막상 집에 도착하니 피곤해서 약속을 지키기 싫어졌다. 이럴 때, 다른 사람의 약속을 일방적으로 어기는 것은 적절하지 않은가?	<분류>-1</분류> <판단>바람직하지 않다</판단>
[도덕_문장]: 대학 동아리에서 친해진 친구들이 매일 치킨과 맥주를 마시며 놀자고 하는데, 학업에 집중해야 한다는 생각과 친구들과의 관계를 유지하고 싶은 마음 사이에서 고민이 되었다. 이렇게, 다른 사람의 생각을 존중하고, 자신의 시간과 노력을 고려해서 상황을 판단하는 것은 필요하지 않은가?	<분류>1</분류> <판단>필요하다</판단>
[도덕_문장]: 대학 동아리에서 친해진 친구들이 매일 치킨과 맥주를 마시며 놀자고 하는데, 학업에 집중해야 한다는 생각과 친구들과의 관계를 유지하고 싶은 마음 사이에서 고민이 되었다. 이런 상황일 때, 학업과 개인의 사회적 책임 사이에서 균형을 유지하려고 노력하는 것은 하면 안 되는가?	<분류>1</분류> <판단>해야 한다</판단>
[도덕_문장]: 대학 동아리에서 친해진 친구들이 매일 치킨과 맥주를 마시며 놀자고 하는데, 학업에 집중해야 한다는 생각과 친구들과의 관계를 유지하고 싶은 마음 사이에서 고민이 되었다. 이런 경우에, 학업에 전념하면서도 친구와의 관계를 존중하는 것은 바람직하지 않은가?	<분류>1</분류> <판단>바람직하다</판단>
[도덕_문장]: 대학 동아리에서 친해진 친구들이 매일 치킨과 맥주를 마시며 놀자고 하는데, 학업에 집중해야 한다는 생각과 친구들과의 관계를 유지하고 싶은 마음 사이에서 고민이 되었다. 이러한 상황에서, 친구들과의 관계와 학업을 모두 챙기려고 노력하는 것은 나쁘지 않은가?	<분류>1</분류> <판단>좋다</판단>
[도덕_문장]: 남편이 건강을 위해 운동을 시작했는데 점점 운동량이 늘어나자 무리하지 않을까 걱정되어 말려야 할지 응원해야 할지 고민했다. 이런 상황에서, 남편의 건강 증진을 위해 자신의 역할을 수행하는 것은 권장되지 않는가?	<분류>1</분류> <판단>해야 한다</판단>
[도덕_문장]: 남편이 건강을 위해 운동을 시작했는데 점점 운동량이 늘어나자 무리하지 않을까 걱정되어 말려야 할지 응원해야 할지 고민했다. 이럴 때, 배우자가 배우자의 건강을 위해 노력하는 모습에 지지를 보내는 것은 어떠한가?	<분류>1</분류> <판단>바람직하다</판단>
[도덕_문장]: 옆집 아이가 인사를 잘해서 기특하다고 생각하면서도, 매번 사탕이나 아이스크림을 주는 것이 아이 부모에게 부담이 될까봐 고민했다. 이런 상황일 때, 아이의 행동을 긍정적으로 칭찬하는 것은 어떠한가?	<분류>1</분류> <판단>더 중요하다</판단>
[도덕_문장]: 옆집 아이가 인사를 잘해서 기특하다고 생각하면서도, 매번 사탕이나 아이스크림을 주는 것이 아이 부모에게 부담이 될까봐 고민했다. 이러한 상황에서, 자신의 배려 행위로 부담을 줄 수 있음을 인정하고 신중한 선택을 하는 것은 바람직한가?	<분류>1</분류> <판단>바람직하다</판단>
[도덕_문장]: 옆집 아이가 인사를 잘해서 기특하다고 생각하면서도, 매번 사탕이나 아이스크림을 주는 것이 아이 부모에게 부담이 될까봐 고민했다. 이런 상황일 때, 타인의 행동이 부담을 주거나 갈등을 만들 우려가 있다면 상대방의 입장을 살피는 것은 나쁘지 않은 행동인가?	<분류>1</분류> <판단>좋다</판단>
[도덕_문장]: 딸과 더 많은 시간을 보내고 싶어서 정시 퇴근을 위해 열심히 일하지만, 아내가 하루 종일 아이와 함께 있는 것이 부러워서 복잡한 마음이 들었다. 이러한 상황에서, 자녀와 함께 있는 시간을 원하면서도 아내의 선택을 존중하는 것은 의무가 아닌가?	<분류>1</분류> <판단>해야 한다</판단>
[도덕_문장]: 아이가 학교생활에 적응하지 못하고 방황할 때 속상했지만 아이 앞에서는 내색하지 않고 격려해야 할지, 솔직한 마음을 표현해야 할지 고민했다. 이처럼, 자녀의 어려움을 알았을 때 감정적으로 대응하기보다 아이를 안정적으로 돌보는 것은 어떠한가?	<분류>1</분류> <판단>좋다</판단>
[도덕_문장]: 아이가 학교생활에 적응하지 못하고 방황할 때 속상했지만 아이 앞에서는 내색하지 않고 격려해야 할지, 솔직한 마음을 표현해야 할지 고민했다. 이러한 상황에서, 아이와 솔직하게 대화하며 적극적으로 해결 방안을 모색하는 것은 어떠한가?	<분류>1</분류> <판단>바람직하다</판단>
[도덕_문장]: 아이가 학교생활에 적응하지 못하고 방황할 때 속상했지만 아이 앞에서는 내색하지 않고 격려해야 할지, 솔직한 마음을 표현해야 할지 고민했다. 이렇게, 자녀가 학교생활에 어려움을 겪을 때 아이를 격려하고 지지하는 것은 바람직한가?	<분류>1</분류> <판단>바람직하다</판단>
[도덕_문장]: 아이가 학교생활에 적응하지 못하고 방황할 때 속상했지만 아이 앞에서는 내색하지 않고 격려해야 할지, 솔직한 마음을 표현해야 할지 고민했다. 이렇게, 아이가 본인의 상황과 감정을 부모에게 솔직하게 말하는 것은 할 수 없는가?	<분류>1</분류> <판단>괜찮다</판단>
[도덕_문장]: 배우자가 자신의 까탈스럽고 괴팍한 성격 때문에 신혼 초기에 많이 힘들어했다는 것을 알면서도, 완벽주의적 성향을 완전히 바꾸지 못해 여전히 배우자에게 부담을 주고 있는 것 같아 미안했다. 이런 상황에서, 완벽주의적 성향을 바꾸지 못하고 배우자에게 솔직하게 이야기하는 것은 의무가 아닌가?	<분류>1</분류> <판단>해야 한다</판단>
[도덕_문장]: 배우자가 자신의 까탈스럽고 괴팍한 성격 때문에 신혼 초기에 많이 힘들어했다는 것을 알면서도, 완벽주의적 성향을 완전히 바꾸지 못해 여전히 배우자에게 부담을 주고 있는 것 같아 미안했다. 이럴 때, 결혼생활에서 서로에게 부담이 되지 않도록 함께 조율해나가는 것은 적절한가?	<분류>1</분류> <판단>바람직하다</판단>
[도덕_문장]: 화목한 가정에서 자란 것을 자랑스러워하며 이야기했는데, 상대방이 그런 가정환경을 부러워한다고 하자 괜히 미안한 마음이 들었다. 이렇게, 상대방의 가정 상황을 인정하고 존중하는 태도를 가지는 것은 어떠한가?	<분류>1</분류> <판단>가져야 한다</판단>
[도덕_문장]: 분리수거를 처음 해보는데 어려워서 도움이 필요했지만, 경비 아저씨께 폐를 끼치는 것 같아 혼자 해결하려다가 결국 도움을 요청했다. 이처럼, 이웃과 관련된 문제가 있을 때 서로 도와주는 것은 좋지 않은 행동인가?	<분류>1</분류> <판단>좋다</판단>
[도덕_문장]: 분리수거를 처음 해보는데 어려워서 도움이 필요했지만, 경비 아저씨께 폐를 끼치는 것 같아 혼자 해결하려다가 결국 도움을 요청했다. 이처럼, 도움이 필요할 때 도움을 요청하는 것은 하면 안 되는가?	<분류>0</분류> <판단>괜찮다</판단>
[도덕_문장]: 분리수거를 처음 해보는데 어려워서 도움이 필요했지만, 경비 아저씨께 폐를 끼치는 것 같아 혼자 해결하려다가 결국 도움을 요청했다. 이렇게, 도움이 필요한 상황에서 개인적인 체면보다 도움을 요청하는 것은 바람직한가?	<분류>1</분류> <판단>바람직하다</판단>
[도덕_문장]: 분리수거를 처음 해보는데 어려워서 도움이 필요했지만, 경비 아저씨께 폐를 끼치는 것 같아 혼자 해결하려다가 결국 도움을 요청했다. 이렇게, 도움이 필요한 상황에서 도움을 요청하는 것은 어떠한가?	<분류>1</분류> <판단>바람직하다</판단>
[도덕_문장]: 분리수거를 처음 해보는데 어려워서 도움이 필요했지만, 경비 아저씨께 폐를 끼치는 것 같아 혼자 해결하려다가 결국 도움을 요청했다. 이처럼, 공공장소에서 어려움을 겪을 때 주변 사람이나 관리자에게 도움을 요청하는 것은 괜찮지 않은가?	<분류>0</분류> <판단>괜찮다</판단>
[도덕_문장]: 임신 중 입덧으로 고생하던 중 떡볶이가 먹고 싶어졌는데, 저녁 식사 대신 배달음식을 시켜도 되는지 남편에게 허락을 구해야 하는 상황이 되었다. 이러한 상황에서, 임신 중 입덧으로 인해 원하는 음식을 못 먹는 것은 권장되는가?	<분류>1</분류> <판단>이해해주어야 한다</판단>
[도덕_문장]: 임신 중 입덧으로 고생하던 중 떡볶이가 먹고 싶어졌는데, 저녁 식사 대신 배달음식을 시켜도 되는지 남편에게 허락을 구해야 하는 상황이 되었다. 이런 상황일 때, 아내가 입덧으로 힘들어하는 모습을 보고 이해하고 도와주는 것은 권장되지 않는가?	<분류>1</분류> <판단>해야 한다</판단>
[도덕_문장]: 달래된장국을 끓여서 옆집에도 나눠주고 싶었는데, 생각보다 양이 적게 나와서 우리 가족 것도 부족할 것 같아 나눠주지 못했다. 이럴 때, 이웃집에 요리를 나눠주기 전에 가족이 충분히 먹을 수 있는지 확인하는 것은 좋은가?	<분류>1</분류> <판단>좋다.</판단>
[도덕_문장]: 달래된장국을 끓여서 옆집에도 나눠주고 싶었는데, 생각보다 양이 적게 나와서 우리 가족 것도 부족할 것 같아 나눠주지 못했다. 이러한 상황에서, 음식을 나눠주는 것을 거절하는 것은 할 수 없는가?	<분류>0</분류> <판단>괜찮다</판단>
[도덕_문장]: 배우자가 라이딩을 함께 하자고 간절히 부탁했는데 운동신경이 없어서 자신이 없었지만 거절하기 어려워 결국 승낙했다. 이렇게, 배우자에게 부탁이 있을 때 상대의 상황과 감정을 존중하고 강요하지 않는 것은 바람직하지 않은가?	<분류>1</분류> <판단>바람직하다</판단>
[도덕_문장]: 여동생이 어릴 때 가족들을 힘들게 했던 기억 때문에 아직도 괘씸한 마음이 드는데, 이제 엄마가 되어 성숙해진 모습을 보니 그런 감정을 계속 가져도 되는지 고민이 된다. 이럴 때, 가족 구성원이 성숙해져 행동이 변하는 것은 나쁜가?	<분류>1</분류> <판단>좋은 일이다</판단>
[도덕_문장]: 여동생이 어릴 때 가족들을 힘들게 했던 기억 때문에 아직도 괘씸한 마음이 드는데, 이제 엄마가 되어 성숙해진 모습을 보니 그런 감정을 계속 가져도 되는지 고민이 된다. 이런 경우에, 부모가 자녀의 성장 과정에서 겪은 아픔을 공감하고 그 감정을 치유하는 방향으로 이끌어주는 것은 어떠한가?	<분류>1</분류> <판단>옳다</판단>
[도덕_문장]: 여동생이 어릴 때 가족들을 힘들게 했던 기억 때문에 아직도 괘씸한 마음이 드는데, 이제 엄마가 되어 성숙해진 모습을 보니 그런 감정을 계속 가져도 되는지 고민이 된다. 이런 상황일 때, 가족의 감정 변화를 받아들이는 것은 괜찮지 않은가?	<분류>1</분류> <판단>좋다</판단>
[도덕_문장]: 여동생이 어릴 때 가족들을 힘들게 했던 기억 때문에 아직도 괘씸한 마음이 드는데, 이제 엄마가 되어 성숙해진 모습을 보니 그런 감정을 계속 가져도 되는지 고민이 된다. 이럴 때, 과거의 행동으로 인해 상처를 입힌 가족 구성원이 현재의 성숙한 모습으로 그 상처를 치유하고 나아가는 것은 바람직한가?	<분류>1</분류> <판단>바람직하다</판단>
[도덕_문장]: 장을 보고 나오는데 비닐봉지가 뚫려 물건들이 떨어졌는데, 모르는 남자가 도와주겠다고 해서 낯을 가리는 성격상 거절하고 싶었지만 너무 곤란한 상황이라 어쩔 수 없이 도움을 받았다. 이처럼, 낯선 사람이 자신을 도와주려 할 때 자신의 성격과 안전을 고려해 적절하게 판단하고 대응하는 것은 적절한가?	<분류>1</분류> <판단>바람직하다</판단>
[도덕_문장]: 장을 보고 나오는데 비닐봉지가 뚫려 물건들이 떨어졌는데, 모르는 남자가 도와주겠다고 해서 낯을 가리는 성격상 거절하고 싶었지만 너무 곤란한 상황이라 어쩔 수 없이 도움을 받았다. 이처럼, 모르는 사람에게 도움을 받을 때 거절하는 것은 해도 되는가?	<분류>0</분류> <판단>괜찮다</판단>
[도덕_문장]: 남편이 매일 2시간씩 함께 운동하자고 제안했는데, 운동에 대한 의지는 있지만 체력이 부족해서 남편에게 방해가 될까봐 걱정되어 망설여졌다. 이런 상황에서, 배우자에게 부담을 주지 않도록 배려하는 것은 괜찮지 않은가?	<분류>1</분류> <판단>좋다</판단>
[도덕_문장]: 남편이 매일 2시간씩 함께 운동하자고 제안했는데, 운동에 대한 의지는 있지만 체력이 부족해서 남편에게 방해가 될까봐 걱정되어 망설여졌다. 이처럼, 운동 제안을 받았을 때 상대방의 걱정을 먼저 이해하고 배려해주는 것은 괜찮지 않은가?	<분류>1</분류> <판단>좋다</판단>
[도덕_문장]: 딸의 생일선물로 최신형 휴대폰을 사고 싶었지만 가격이 부담스러워서 경제적 무리인지 고민했지만 결국 구매했다. 이런 경우에, 가족 구성원에게 필요한 물건을 사주려면 경제적 무리가 없는지 먼저 확인하는 것은 바람직한가?	<분류>0</분류> <판단>바람직하다</판단>
[도덕_문장]: 딸이 독립해서 이사를 가는 것이 대견하고 뿌듯하지만, 한편으로는 곁을 떠나는 것이 서운하고 아쉬워서 복잡한 마음이 들었다. 이처럼, 가족이 이사를 갔을 때 서운함을 내색하는 것은 문제가 되는 행동인가?	<분류>0</분류> <판단>괜찮다</판단>
[도덕_문장]: 아이가 그린 그림에 감동받아 눈물을 흘렸다고 배우자에게 말했는데, 배우자가 나만 특별히 감정적이라고 해서 내 반응이 과한 건 아닌지 고민되었다. 이렇게, 배우자에게 감정적인 표현을 들었을 때 상대방의 의도를 먼저 생각하는 것은 바람직하지 않은가?	<분류>1</분류> <판단>바람직하다</판단>
[도덕_문장]: 편집숍에서 행운을 준다는 팔찌를 보고 마음에 들었지만, 그런 미신적인 것을 믿는다고 남편이 생각할까 봐 고민하다가 결국 구매했다. 이럴 때, 배우자의 선택을 존중하는 것은 어떠한가?	<분류>1</분류> <판단>옳다</판단>
[도덕_문장]: 편집숍에서 행운을 준다는 팔찌를 보고 마음에 들었지만, 그런 미신적인 것을 믿는다고 남편이 생각할까 봐 고민하다가 결국 구매했다. 이런 상황일 때, 아내의 결정을 존중하고 아내의 행동에 대해 섣부른 판단을 하지 않는 것은 어떠한가?	<분류>1</분류> <판단>바람직하다</판단>
[도덕_문장]: 임신 소식을 남편에게 알릴 때 혹시 남편이 아직 아기를 원하지 않으면 어떡하나 하는 걱정 때문에 혼자 고민했다. 이처럼, 배우자에게 임신 사실을 통보할 때 자신의 마음과 함께 신중하게 말하는 것은 괜찮지 않은가?	<분류>1</분류> <판단>좋다</판단>
[도덕_문장]: 예전에 운영하던 사진관을 혼자 방문해서 좋은 추억을 되새겼는데, 아내와 함께 가자고 약속했지만 혼자만의 시간이 더 소중했던 것 같아 미안한 마음이 들었다. 이런 상황일 때, 혼자만의 시간과 부부의 시간의 가치를 모두 존중하는 것은 좋지 않은 행동인가?	<분류>1</분류> <판단>좋다</판단>
[도덕_문장]: 공인중개사 시험에 합격한 기쁨을 배우자와 나누고 싶지만, 혹시 최종 결과가 예상과 다를까 봐 부모님께는 아직 연락드리기가 망설여진다. 이런 상황일 때, 자녀의 합격 소식을 자녀의 자존감이 훼손되지 않도록 조심스럽게 전달하는 것은 나쁘지 않은가?	<분류>1</분류> <판단>좋다</판단>
[도덕_문장]: 새 차를 사고 싶은 마음은 있지만 아직 탈 만한 기존 차를 바꾸는 것이 경제적으로 현명한 선택인지 고민했다. 이처럼, 물건을 구매할 때 비용과 효용을 종합적으로 고려하는 것은 바람직한가?	<분류>1</분류> <판단>바람직하다</판단>
[도덕_문장]: 새 차를 사고 싶은 마음은 있지만 아직 탈 만한 기존 차를 바꾸는 것이 경제적으로 현명한 선택인지 고민했다. 이렇게, 차량 구매를 계획할 때 현실적인 재정 상태를 먼저 고려하는 것은 권장되지 않는가?	<분류>1</분류> <판단>해야 한다</판단>
[도덕_문장]: 새 차를 사고 싶은 마음은 있지만 아직 탈 만한 기존 차를 바꾸는 것이 경제적으로 현명한 선택인지 고민했다. 이럴 때, 재정적인 결정을 필요한 생활 유지와 개인의 소비 욕구를 고려하여 신중하게 하는 것은 의무인가?	<분류>1</분류> <판단>해야 한다</판단>
[도덕_문장]: 새 차를 사고 싶은 마음은 있지만 아직 탈 만한 기존 차를 바꾸는 것이 경제적으로 현명한 선택인지 고민했다. 이런 상황일 때, 장기적인 경제적 이익을 위해 단기적인 욕구를 조절하는 것은 바람직하지 않은가?	<분류>1</분류> <판단>바람직하다</판단>
[도덕_문장]: 새 차를 사고 싶은 마음은 있지만 아직 탈 만한 기존 차를 바꾸는 것이 경제적으로 현명한 선택인지 고민했다. 이처럼, 경제적 상황을 고려해 결정을 내리는 것은 바람직한 행동인가?	<분류>1</분류> <판단>바람직하다</판단>
[도덕_문장]: 현대미술 전시회에서 좋은 경험을 했다고 배우자에게 말했지만, 사실은 작품들이 여전히 이해되지 않아서 괜찮은 척 연기한 것 같아 죄책감이 들었다. 이럴 때, 배우자에게 거짓말을 하는 것은 문제가 되지 않는가?	<분류>-1</분류> <판단>안 된다</판단>
[도덕_문장]: 현대미술 전시회에서 좋은 경험을 했다고 배우자에게 말했지만, 사실은 작품들이 여전히 이해되지 않아서 괜찮은 척 연기한 것 같아 죄책감이 들었다. 이러한 상황에서, 배우자와의 대화에서 솔직한 감정을 숨기고 허위 사실을 전달하는 것은 바람직한가?	<분류>-1</분류> <판단>바람직하지 않다</판단>
[도덕_문장]: 가계가 넉넉하지 않은 상황에서 매주 복권을 사는 것이 가족을 위한 희망인지 아니면 불필요한 지출인지 고민되었다. 이처럼, 가정 예산이 부족할 때 복권 구입과 같은 불필요한 지출을 중단하는 것은 어떠한가?	<분류>1</분류> <판단>중단해야 한다</판단>
[도덕_문장]: 가계가 넉넉하지 않은 상황에서 매주 복권을 사는 것이 가족을 위한 희망인지 아니면 불필요한 지출인지 고민되었다. 이처럼, 가정 경제 상황을 고려하여 불필요한 지출을 줄이는 것은 좋지 않은가?	<분류>1</분류> <판단>좋다</판단>
[도덕_문장]: 가계가 넉넉하지 않은 상황에서 매주 복권을 사는 것이 가족을 위한 희망인지 아니면 불필요한 지출인지 고민되었다. 이렇게, 가족의 경제 상황을 고려하여 불필요한 지출을 조절하는 것은 바람직하지 않은 행동인가?	<분류>1</분류> <판단>바람직하다</판단>
[도덕_문장]: 가계가 넉넉하지 않은 상황에서 매주 복권을 사는 것이 가족을 위한 희망인지 아니면 불필요한 지출인지 고민되었다. 이처럼, 가족 구성원 중 한 명이 지출에 대해 고민하고 있을 때 다른 구성원들이 적극적으로 대화에 참여하여 경제적인 조언과 도움을 주는 것은 필수적인가?	<분류>1</분류> <판단>해야 한다</판단>
[도덕_문장]: 아이를 위해 캐릭터 김밥을 정성껏 만들어 뿌듯했지만, 아직 어린 아이가 내 노력을 제대로 알아주지 못하는 것 같아 서운했다. 이럴 때, 상대방의 행동이 기대와 다르더라도 이해해 주는 것은 나쁜가?	<분류>1</분류> <판단>좋다</판단>
[도덕_문장]: 혼자만의 시간을 즐기고 싶어서 등산을 갔는데, 배우자가 준비해준 도시락을 먹으며 함께 있지 못해 미안한 마음이 들었다. 이런 상황일 때, 타인의 선택을 존중하는 것은 바람직한 행동인가?	<분류>1</분류> <판단>바람직하다</판단>
[도덕_문장]: 혼자만의 시간을 즐기고 싶어서 등산을 갔는데, 배우자가 준비해준 도시락을 먹으며 함께 있지 못해 미안한 마음이 들었다. 이런 경우에, 혼자만의 시간을 즐기더라도 배우자에게 미안한 마음을 전하는 것은 바람직하지 않은 행동인가?	<분류>1</분류> <판단>바람직하다</판단>
[도덕_문장]: 친구와 영화를 보기로 했는데 내가 보고 싶었던 영화가 따로 있었지만 친구가 좋아할 만한 영화를 먼저 제안해서 내 취향을 포기하고 동조했다. 이러한 상황에서, 친구의 선택을 존중하는 것은 어떠한가?	<분류>1</분류> <판단>좋다</판단>
[도덕_문장]: 친구와 영화를 보기로 했는데 내가 보고 싶었던 영화가 따로 있었지만 친구가 좋아할 만한 영화를 먼저 제안해서 내 취향을 포기하고 동조했다. 이럴 때, 친구와의 약속에서 상대방의 의견을 존중하는 것은 바람직하지 않은가?	<분류>1</분류> <판단>바람직하다</판단>
[도덕_문장]: 친구와 영화를 보기로 했는데 내가 보고 싶었던 영화가 따로 있었지만 친구가 좋아할 만한 영화를 먼저 제안해서 내 취향을 포기하고 동조했다. 이처럼, 친구와의 관계에서 취향이 서로 다른 상황이 발생할 때 상대방의 취향을 존중하는 것은 권장되는가?	<분류>1</분류> <판단>해야 한다.</판단>
[도덕_문장]: 반려견이 활동량이 많은 견종이라 하루 두 번 산책이 필요하다는 것을 알면서도, 처음에는 귀찮아서 충분히 산책을 시켜주지 않았다. 이러한 상황에서, 반려견의 활동량을 고려하지 않고 소홀히 하는 것은 옳은가?	<분류>-1</분류> <판단>옳지 않다</판단>
[도덕_문장]: 운동 부족으로 고민이던 중 회사 동료와 점심 후 산책을 시작했는데, 다른 동료들이 왜 혼자만 여유롭게 산책하냐며 눈치를 줘서 계속할지 고민이 되었다. 이런 경우에, 업무 시간 이후에는 근무와 관련된 모임이 아닌 건강 증진 등 개인적인 선택을 존중해주는 것은 권장되는가?	<분류>1</분류> <판단>해야 한다</판단>
[도덕_문장]: 운동 부족으로 고민이던 중 회사 동료와 점심 후 산책을 시작했는데, 다른 동료들이 왜 혼자만 여유롭게 산책하냐며 눈치를 줘서 계속할지 고민이 되었다. 이러한 상황에서, 개인의 선택을 이유로 비난하거나 압박하는 것은 바람직하지 않은 행동인가?	<분류>-1</분류> <판단>적절하지 않다</판단>
[도덕_문장]: 운동 부족으로 고민이던 중 회사 동료와 점심 후 산책을 시작했는데, 다른 동료들이 왜 혼자만 여유롭게 산책하냐며 눈치를 줘서 계속할지 고민이 되었다. 이처럼, 업무 상황에서 동료의 개인적인 활동을 평가하는 것은 바람직한가?	<분류>-1</분류> <판단>바람직하지 않다</판단>
[도덕_문장]: 마라톤 완주 후 동료들이 완주 기념으로 맥주를 마시자고 했지만, 몸이 힘들어서 집에 가서 쉬고 싶다고 말하기가 눈치 보였다. 이런 상황에서, 마라톤을 완주한 동료의 체력 회복을 우선시 하는 것은 의무인가?	<분류>1</분류> <판단>해야 한다</판단>
[도덕_문장]: 마라톤 완주 후 동료들이 완주 기념으로 맥주를 마시자고 했지만, 몸이 힘들어서 집에 가서 쉬고 싶다고 말하기가 눈치 보였다. 이처럼, 동료가 피곤함으로 집에 가고 싶다고 답헀을 때 이를 존중하는 것은 어떠한가?	<분류>1</분류> <판단>해야 한다</판단>
[도덕_문장]: 마라톤 완주 후 동료들이 완주 기념으로 맥주를 마시자고 했지만, 몸이 힘들어서 집에 가서 쉬고 싶다고 말하기가 눈치 보였다. 이런 상황일 때, 음주를 강요하지 않고 동료의 의사 존중하기는 괜찮지 않은가?	<분류>1</분류> <판단>좋다</판단>
[도덕_문장]: 마라톤 완주 후 동료들이 완주 기념으로 맥주를 마시자고 했지만, 몸이 힘들어서 집에 가서 쉬고 싶다고 말하기가 눈치 보였다. 이럴 때, 마라톤 완주 후 몸을 배려하며 휴식을 선택하는 것은 어떠한가?	<분류>1</분류> <판단>옳은 판단이다</판단>
[도덕_문장]: 마라톤 완주 후 동료들이 완주 기념으로 맥주를 마시자고 했지만, 몸이 힘들어서 집에 가서 쉬고 싶다고 말하기가 눈치 보였다. 이러한 상황에서, 마라톤 완주 후 동료들의 맥주 제안을 자신의 건강과 휴식을 고려해 거절하는 것은 어떠한가?	<분류>1</분류> <판단>옳은 선택이다</판단>
[도덕_문장]: 연인과 함께 보내는 시간을 줄이고 새로운 취미생활에 시간을 투자하고 싶지만, 상대방이 서운해할까 봐 걱정되어 고민했다. 이러한 상황에서, 자신의 결정을 상대에게 이해를 구하는 것은 권장되는가?	<분류>1</분류> <판단>해야 한다</판단>
[도덕_문장]: 연인과 함께 보내는 시간을 줄이고 새로운 취미생활에 시간을 투자하고 싶지만, 상대방이 서운해할까 봐 걱정되어 고민했다. 이처럼, 연인과 갈등이 생길 수 있는 상황에서 미리 대화를 시도하는 것은 나쁜가?	<분류>1</분류> <판단>좋다</판단>
[도덕_문장]: 연인과 함께 보내는 시간을 줄이고 새로운 취미생활에 시간을 투자하고 싶지만, 상대방이 서운해할까 봐 걱정되어 고민했다. 이러한 상황에서, 연인과 함께 보내는 시간을 소중히 하는 것은 나쁜 행동인가?	<분류>1</분류> <판단>좋다</판단>
[도덕_문장]: 연인과 함께 보내는 시간을 줄이고 새로운 취미생활에 시간을 투자하고 싶지만, 상대방이 서운해할까 봐 걱정되어 고민했다. 이렇게, 연인과 함께하는 시간에 대해 불만이나 걱정이 있을 때 상대에게 솔직하게 말하는 것은 좋지 않은가?	<분류>1</분류> <판단>좋다</판단>
[도덕_문장]: 연인과 함께 보내는 시간을 줄이고 새로운 취미생활에 시간을 투자하고 싶지만, 상대방이 서운해할까 봐 걱정되어 고민했다. 이럴 때, 연인의 취미생활에 대해 이해하고 시간을 갖는 것에 대해서도 이해하고 배려해주는 것은 바람직한 행동인가?	<분류>1</분류> <판단>바람직하다</판단>
[도덕_문장]: 친구 서프라이즈 파티를 완벽하게 준비하고 싶지만 예산이 부족해서 다른 친구들에게 더 많은 비용 분담을 요청해야 할지 고민했다. 이럴 때, 친구에게 부담을 주지 않고 다른 대안을 찾는 것은 적절하지 않은가?	<분류>1</분류> <판단>적절하다</판단>
[도덕_문장]: 친구 서프라이즈 파티를 완벽하게 준비하고 싶지만 예산이 부족해서 다른 친구들에게 더 많은 비용 분담을 요청해야 할지 고민했다. 이런 경우에, 자신의 예산 내에서 할 수 있는 선에서 최선을 다하는 것은 바람직하지 않은 행동인가?	<분류>1</분류> <판단>바람직하다</판단>
[도덕_문장]: 연인이 회사로 보낸 손편지와 꽃다발을 받고 감동했지만, 동료들의 시선이 부담스러워서 기쁜 마음을 숨겨야 할지 고민했다. 이런 상황에서, 회사 동료들과 사적인 교류를 최소화하는 것은 바람직한가?	<분류>0</분류> <판단>적절하다</판단>
[도덕_문장]: 처음 술집에 가서 술을 마신 경험을 친구들에게 자랑스럽게 얘기하고 싶지만, 술고래처럼 보일까봐 걱정되어 망설였다. 이처럼, 처음 술을 마실 때 자신의 한계를 알고 적당히 마시는 것은 괜찮지 않은가?	<분류>1</분류> <판단>좋다</판단>
[도덕_문장]: 은사님이 교장으로 승진하신 기쁜 소식을 들었는데, 축하 꽃을 보내고 싶지만 오랜만에 연락한 상황에서 선물까지 보내는 것이 부담스러울까 봐 고민했다. 이럴 때, 평소에 연락을 하지 않았더라도 축하의 마음을 표현하는 것은 나쁜 행동인가?	<분류>1</분류> <판단>좋다</판단>
[도덕_문장]: 은사님이 교장으로 승진하신 기쁜 소식을 들었는데, 축하 꽃을 보내고 싶지만 오랜만에 연락한 상황에서 선물까지 보내는 것이 부담스러울까 봐 고민했다. 이처럼, 오랜만에 연락을 받았을 때 축하와 함께 다시 연락을 하는 이유를 설명하는 것은 좋지 않은 행동인가?	<분류>1</분류> <판단>좋다.</판단>
[도덕_문장]: 은사님이 교장으로 승진하신 기쁜 소식을 들었는데, 축하 꽃을 보내고 싶지만 오랜만에 연락한 상황에서 선물까지 보내는 것이 부담스러울까 봐 고민했다. 이처럼, 축하 소식을 들었을 때 축하 인사를 전하는 것은 좋지 않은 행동인가?	<분류>1</분류> <판단>좋다</판단>
[도덕_문장]: 우울증에서 벗어나 열심히 살고 있다고 연인에게 말했지만, 사실 가끔씩 예전처럼 무기력해지는 날들이 있어서 완전히 극복했다고 말하는 것이 거짓말 같아 죄책감이 든다. 이처럼, 연인에게 자신의 상황을 과장하지 않는 것은 바람직하지 않은 행동인가?	<분류>1</분류> <판단>바람직하다</판단>
[도덕_문장]: 우울증에서 벗어나 열심히 살고 있다고 연인에게 말했지만, 사실 가끔씩 예전처럼 무기력해지는 날들이 있어서 완전히 극복했다고 말하는 것이 거짓말 같아 죄책감이 든다. 이런 경우에, 연인에게 솔직하게 사실을 말하는 것은 나쁘지 않은 행동인가?	<분류>1</분류> <판단>좋다</판단>
[도덕_문장]: 우울증에서 벗어나 열심히 살고 있다고 연인에게 말했지만, 사실 가끔씩 예전처럼 무기력해지는 날들이 있어서 완전히 극복했다고 말하는 것이 거짓말 같아 죄책감이 든다. 이런 상황에서, 자신의 상태를 연인에게 솔직하게 말하는 것은 잘못된 행동인가?	<분류>1</분류> <판단>옳다</판단>
[도덕_문장]: 취업 축하 용돈을 주신 어머니께 감사 선물을 사드리고 싶은데, 아직 경제적 여유가 부족해서 어떤 선물을 해야 할지 고민이 되었다. 이처럼, 가족의 재정 상황을 고려하여 무리한 요구를 하지 않는 것은 좋은가?	<분류>1</분류> <판단>좋다</판단>
[도덕_문장]: 취업 축하 용돈을 주신 어머니께 감사 선물을 사드리고 싶은데, 아직 경제적 여유가 부족해서 어떤 선물을 해야 할지 고민이 되었다. 이런 상황에서, 자녀가 부모에게 기쁨을 주기 위해 최선을 다하는 것은 옳지 않은가?	<분류>1</분류> <판단>옳다</판단>
[도덕_문장]: 취업 축하 용돈을 주신 어머니께 감사 선물을 사드리고 싶은데, 아직 경제적 여유가 부족해서 어떤 선물을 해야 할지 고민이 되었다. 이처럼, 자녀가 경제적 여유가 부족한 상황을 이해해주는 것은 좋은 행동인가?	<분류>1</분류> <판단>좋다</판단>
[도덕_문장]: 취업 축하 용돈을 주신 어머니께 감사 선물을 사드리고 싶은데, 아직 경제적 여유가 부족해서 어떤 선물을 해야 할지 고민이 되었다. 이러한 상황에서, 자녀의 경제적인 사정을 고려하여 선물을 준비하는 것은 좋지 않은가?	<분류>1</분류> <판단>좋은 행동이다</판단>
[도덕_문장]: 취업 축하 용돈을 주신 어머니께 감사 선물을 사드리고 싶은데, 아직 경제적 여유가 부족해서 어떤 선물을 해야 할지 고민이 되었다. 이처럼, 자녀가 선물하기 어려운 상황을 이해하고 부담을 덜어주는 태도를 가지는 것은 적절하지 않은가?	<분류>1</분류> <판단>바람직하다</판단>
[도덕_문장]: 시험이 끝나고 친구와 축하파티를 하자고 약속했지만, 갑자기 피곤함이 몰려와서 약속을 미루고 싶어졌는데 친구를 실망시킬까 봐 고민했다. 이렇게, 타인과 약속을 할 때 자신의 상황을 고려해 상대방에게 미루기로 결정하고, 그 사정을 설명하며 존중해 달라고 요청하는 것은 적절한가?	<분류>1</분류> <판단>바람직하다</판단>
[도덕_문장]: 시험이 끝나고 친구와 축하파티를 하자고 약속했지만, 갑자기 피곤함이 몰려와서 약속을 미루고 싶어졌는데 친구를 실망시킬까 봐 고민했다. 이렇게, 친구에게 상황을 설명하고 이해를 구하는 것은 어떠한가?	<분류>1</분류> <판단>예의 있는 행동이다</판단>
[도덕_문장]: 시험이 끝나고 친구와 축하파티를 하자고 약속했지만, 갑자기 피곤함이 몰려와서 약속을 미루고 싶어졌는데 친구를 실망시킬까 봐 고민했다. 이런 상황에서, 친구와의 약속을 일방적으로 미루거나 파기하기보다는 상호 조율을 시도하는 것은 바람직한가?	<분류>1</분류> <판단>적절하다</판단>
[도덕_문장]: 연인이 자기계발을 위해 새벽까지 공부하며 늦잠을 자는 것을 이해해주고 싶지만, 주말 오전에 연락이 안 되어 걱정되고 서운한 마음이 들었다. 이렇게, 타인에게 서운한 일이 생겼을 때 서로에게 양해할 여지가 있는지 대화를 시도하는 것은 좋은 행동인가?	<분류>1</분류> <판단>좋다</판단>
[도덕_문장]: 연인이 자기계발을 위해 새벽까지 공부하며 늦잠을 자는 것을 이해해주고 싶지만, 주말 오전에 연락이 안 되어 걱정되고 서운한 마음이 들었다. 이런 상황에서, 연인에게 연락이 안되더라도 서운해 하기보다 배려하려 노력하는 것은 좋지 않은 행동인가?	<분류>1</분류> <판단>좋다</판단>
[도덕_문장]: 연인과 함께 긴 연휴 여행을 계획하며 기뻐하고 있지만, 회사 동료들이 모두 출근해야 하는 상황에서 나만 휴가를 즐긴다는 것에 대해 미안함과 죄책감을 느꼈다. 이런 경우에, 개인의 휴가 선택을 자신의 삶의 행복을 위해 사용하는 것은 옳은 행동인가?	<분류>1</분류> <판단>옳다</판단>
[도덕_문장]: 시험을 못 봤는데도 부모님이 약속했던 자전거를 사주셔서 기쁘면서도 한편으로는 조건을 지키지 못한 죄송함과 받아도 되는지에 대한 고민이 들었다. 이런 상황일 때, 자녀가 조건을 지키지 못한 것에 대해 비난하기보다 용서하는 것은 정당하지 않은 행동인가?	<분류>1</분류> <판단>옳다</판단>
[도덕_문장]: 시험을 못 봤는데도 부모님이 약속했던 자전거를 사주셔서 기쁘면서도 한편으로는 조건을 지키지 못한 죄송함과 받아도 되는지에 대한 고민이 들었다. 이처럼, 자녀가 부모의 기대와 약속에 부응하지 못하더라도 그 상황을 진심으로 이해하고 자녀를 지지하는 것은 옳지 않은가?	<분류>1</분류> <판단>옳다</판단>
[도덕_문장]: 시험을 못 봤는데도 부모님이 약속했던 자전거를 사주셔서 기쁘면서도 한편으로는 조건을 지키지 못한 죄송함과 받아도 되는지에 대한 고민이 들었다. 이처럼, 자녀가 약속한 조건을 지키지 못했을 때 훈육이 아닌 다른 방법으로 자녀의 행동을 유도하는 것은 나쁜 행동인가?	<분류>1</분류> <판단>좋다</판단>
[도덕_문장]: 동생이 내가 좋아하는 가수가 오는 축제에 초대해줬는데, 평소 동생에게 잘해준 것도 없으면서 이런 큰 배려를 받아도 되는지 미안하고 고마운 마음이 복잡했다. 이렇게, 상대방이 기대했던 배려를 한 번 했을 때 진심으로 감사해주는 것은 하면 안 되는가?	<분류>1</분류> <판단>해야 한다</판단>
[도덕_문장]: 동생이 내가 좋아하는 가수가 오는 축제에 초대해줬는데, 평소 동생에게 잘해준 것도 없으면서 이런 큰 배려를 받아도 되는지 미안하고 고마운 마음이 복잡했다. 이처럼, 자신의 이익이나 입장에 대한 배려를 받았을 때 상대방의 마음을 고려해 감사를 표현하는 것은 나쁜가?	<분류>1</분류> <판단>좋다.</판단>
[도덕_문장]: 어머니와 오랜만에 좋은 시간을 보내면서 그동안 바쁘다는 핑계로 혼자 계신 어머니를 자주 찾아뵙지 못한 것에 대해 죄송함과 후회를 느꼈다. 이런 상황에서, 가족과의 관계에서 상대에 대한 애정을 표현하는 것은 바람직한 행동인가?	<분류>1</분류> <판단>바람직하다</판단>
[도덕_문장]: 동창회에서 차를 가져왔다고 했는데도 친구들이 자꾸 술을 권하며 대충 넘어가면 된다고 말해서 거절하기 어려운 상황이었다. 이처럼, 친구의 상황을 이해하지 못한 채 자신의 편의를 강요하는 것은 좋지 않은 행동인가?	<분류>-1</분류> <판단>좋지 않다</판단>
[도덕_문장]: 동창회에서 차를 가져왔다고 했는데도 친구들이 자꾸 술을 권하며 대충 넘어가면 된다고 말해서 거절하기 어려운 상황이었다. 이럴 때, 자신의 편의나 건강 문제를 고려해 친구들에게 술을 마시지 않아도 괜찮다는 의사를 정중하게 밝히는 것은 어떠한가?	<분류>1</분류> <판단>좋은 행동이다</판단>
[도덕_문장]: 동창회에서 차를 가져왔다고 했는데도 친구들이 자꾸 술을 권하며 대충 넘어가면 된다고 말해서 거절하기 어려운 상황이었다. 이렇게, 음주 권유가 과도할 때 정중히 거절하고 거절을 반복해도 이해해주는 것은 해도 되는가?	<분류>1</분류> <판단>해야 한다</판단>
[도덕_문장]: 동창회에서 차를 가져왔다고 했는데도 친구들이 자꾸 술을 권하며 대충 넘어가면 된다고 말해서 거절하기 어려운 상황이었다. 이러한 상황에서, 음주를 권유하는 친구들에게 거절의사를 분명하게 밝히는 것은 좋은가?	<분류>1</분류> <판단>좋다</판단>
[도덕_문장]: 동창회에서 차를 가져왔다고 했는데도 친구들이 자꾸 술을 권하며 대충 넘어가면 된다고 말해서 거절하기 어려운 상황이었다. 이럴 때, 타인의 의사를 존중하지 않은 언행을 하는 것은 옳은 행동인가?	<분류>-1</분류> <판단>옳지 않다</판단>
[도덕_문장]: 프로젝트로 지쳐있을 때 친구들이 놀자고 연락했는데, 회사 일을 핑계로 거절하고 싶었지만 스트레스 해소가 필요해서 결국 만나기로 했다. 이처럼, 친구에게 연락할 때 상대방의 상황을 고려해 배려심 있게 행동하는 것은 의무인가?	<분류>1</분류> <판단>해야 한다</판단>
[도덕_문장]: 프로젝트로 지쳐있을 때 친구들이 놀자고 연락했는데, 회사 일을 핑계로 거절하고 싶었지만 스트레스 해소가 필요해서 결국 만나기로 했다. 이런 상황일 때, 회사 동료의 요청을 무리하지 않는 범위에서 처리하는 것은 옳지 않은 행동인가?	<분류>1</분류> <판단>옳다.</판단>
[도덕_문장]: 프로젝트로 지쳐있을 때 친구들이 놀자고 연락했는데, 회사 일을 핑계로 거절하고 싶었지만 스트레스 해소가 필요해서 결국 만나기로 했다. 이처럼, 친구의 부탁을 받았을 때 상대방의 사정을 고려해 조율하는 것은 어떠한가?	<분류>1</분류> <판단>바람직하다</판단>
[도덕_문장]: 생일에 자신을 위해 비싼 가방을 사고 싶었지만 큰 금액을 나 자신에게 쓰는 것이 과연 옳은 일인지 고민했다. 이런 상황에서, 자신의 소비에 대해 고민하는 것은 바람직하지 않은 행동인가?	<분류>1</분류> <판단>바람직하다</판단>
[도덕_문장]: 생일에 자신을 위해 비싼 가방을 사고 싶었지만 큰 금액을 나 자신에게 쓰는 것이 과연 옳은 일인지 고민했다. 이렇게, 개인적인 소비를 자신의 경제 상황에 맞게 신중하게 결정하는 것은 바람직하지 않은가?	<분류>1</분류> <판단>바람직하다</판단>
[도덕_문장]: 생일에 자신을 위해 비싼 가방을 사고 싶었지만 큰 금액을 나 자신에게 쓰는 것이 과연 옳은 일인지 고민했다. 이런 상황일 때, 자신의 소비를 경제적 사정과 지출의 균형을 고려해 결정하는 것은 의무가 아닌가?	<분류>1</분류> <판단>해야 한다</판단>
[도덕_문장]: 요가 수련원에서 만난 지인이 자신도 요가를 배우고 싶다고 했는데, 개인적인 시간을 방해받고 싶지 않아서 바쁘다는 핑계를 댔다. 이처럼, 타인이 거절하였을 때 강요하지 않는 것은 좋지 않은가?	<분류>1</분류> <판단>좋다</판단>
[도덕_문장]: 요가 수련원에서 만난 지인이 자신도 요가를 배우고 싶다고 했는데, 개인적인 시간을 방해받고 싶지 않아서 바쁘다는 핑계를 댔다. 이럴 때, 자신의 일정이 방해되지 않도록 지인의 요구를 정중하게 거절하는 것은 옳은가?	<분류>0</분류> <판단>괜찮다</판단>
[도덕_문장]: 요가 수련원에서 만난 지인이 자신도 요가를 배우고 싶다고 했는데, 개인적인 시간을 방해받고 싶지 않아서 바쁘다는 핑계를 댔다. 이런 경우에, 타인에게 피해를 주지 않도록 자신의 일정과 욕구를 명확하게 전달하는 것은 어떠한가?	<분류>1</분류> <판단>바람직하다</판단>
[도덕_문장]: 요가 수련원에서 만난 지인이 자신도 요가를 배우고 싶다고 했는데, 개인적인 시간을 방해받고 싶지 않아서 바쁘다는 핑계를 댔다. 이런 경우에, 개인의 취미 활동이나 개인 시간을 존중하는 것은 정당한 행동인가?	<분류>1</분류> <판단>옳다</판단>
[도덕_문장]: 교통사고 후유증으로 힘들었던 경험이 있는 친구가 새벽 인력시장에서 일하는 것을 너무 기뻐하며 나에게도 함께 하자고 제안했는데, 그 일이 힘들어 보여서 거절하고 싶었지만 친구의 간절함에 결국 함께 하겠다고 말했다. 이렇게, 타인의 상황을 존중하는 것은 적절하지 않은가?	<분류>1</분류> <판단>바람직하다</판단>
[도덕_문장]: 교통사고 후유증으로 힘들었던 경험이 있는 친구가 새벽 인력시장에서 일하는 것을 너무 기뻐하며 나에게도 함께 하자고 제안했는데, 그 일이 힘들어 보여서 거절하고 싶었지만 친구의 간절함에 결국 함께 하겠다고 말했다. 이렇게, 상대방이 힘들어 할 때 이해하는 것은 괜찮은가?	<분류>1</분류> <판단>좋다</판단>
[도덕_문장]: 교통사고 후유증으로 힘들었던 경험이 있는 친구가 새벽 인력시장에서 일하는 것을 너무 기뻐하며 나에게도 함께 하자고 제안했는데, 그 일이 힘들어 보여서 거절하고 싶었지만 친구의 간절함에 결국 함께 하겠다고 말했다. 이런 경우에, 친구가 겪는 어려움을 공감하고 적절한 조치를 하는 것은 의무인가?	<분류>1</분류> <판단>해야 한다</판단>
[도덕_문장]: 사기를 당해서 경찰에 신고했지만 범인이 잡힐 때까지 기다리는 동안 주변 사람들에게 피해 사실을 알릴지 혼자 참고 견딜지 고민했다. 이렇게, 주변 사람에게 피해를 준 경우 도움을 요청하거나 조언을 구하는 것은 바람직한가?	<분류>1</분류> <판단>바람직하다</판단>
[도덕_문장]: 좋아하는 선배에게 고백받아서 기쁘지만, 인기가 많은 선배와 사귀게 되면서 다른 사람들의 시선이나 질투가 부담스러워 관계를 공개할지 말지 고민이 된다. 이러한 상황에서, 자신의 감정을 존중하고, 감당할 수 있는 범위 내에서 관계를 선택하는 것은 바람직하지 않은 행동인가?	<분류>1</분류> <판단>바람직하다</판단>
[도덕_문장]: 초등학교 동창 모임에서 첫사랑을 만나게 되어 설레지만, 오랜 시간이 지나 서로 어떻게 변했을지 몰라 걱정과 기대 사이에서 고민했다. 이런 경우에, 오랜 시간이 지나 만난 첫사랑에게 예의를 지키는 것은 나쁜가?	<분류>1</분류> <판단>좋다</판단>
[도덕_문장]: 내가 좋아하는 단골 식당에 지인을 초대했는데 그 지인이 내 면전에서 맛이 없다고 말해서 상처받았지만 다른 사람들 앞에서 속 좁아 보일까 봐 웃으면서 참았다. 이러한 상황에서, 가까운 사람들이 불편함을 느끼지 않도록 배려하는 태도를 갖추는 것은 괜찮지 않은가?	<분류>1</분류> <판단>좋다</판단>
[도덕_문장]: 내가 좋아하는 단골 식당에 지인을 초대했는데 그 지인이 내 면전에서 맛이 없다고 말해서 상처받았지만 다른 사람들 앞에서 속 좁아 보일까 봐 웃으면서 참았다. 이러한 상황에서, 다른 사람의 감정을 배려하는 것은 좋지 않은가?	<분류>1</분류> <판단>좋은 행동이다</판단>
[도덕_문장]: 내가 좋아하는 단골 식당에 지인을 초대했는데 그 지인이 내 면전에서 맛이 없다고 말해서 상처받았지만 다른 사람들 앞에서 속 좁아 보일까 봐 웃으면서 참았다. 이런 상황에서, 상대방의 기분을 배려하는 것은 필요하지 않은가?	<분류>1</분류> <판단>필요하다</판단>
[도덕_문장]: 내가 좋아하는 단골 식당에 지인을 초대했는데 그 지인이 내 면전에서 맛이 없다고 말해서 상처받았지만 다른 사람들 앞에서 속 좁아 보일까 봐 웃으면서 참았다. 이런 상황에서, 상대의 의견에 동의하지 않더라도 감정적으로 상처를 주는 말을 피하는 것은 나쁜 행동인가?	<분류>1</분류> <판단>좋다</판단>
[도덕_문장]: 열심히 운동해서 살을 뺐는데 사람들이 성형했냐고 물어봐서 기뻐해야 할지 속상해해야 할지 혼란스러웠다. 이럴 때, 타인의 외모 변화의 이유를 함부로 추측하거나 평가하는 것은 문제있는가?	<분류>-1</분류> <판단>안 된다</판단>
[도덕_문장]: 연인을 잃고 슬퍼하는 친구에게 주변 사람들은 힘내라고 위로했지만, 나는 그냥 마음껏 슬퍼해도 된다고 말해야 할지 고민했다. 이런 상황에서, 슬픔에 빠진 사람에게 자신의 사정을 강요하거나 억지로 긍정적인 말을 하게 하는 것은 적절하지 않은가?	<분류>1</분류> <판단>바람직하지 않다</판단>
[도덕_문장]: 연인을 잃고 슬퍼하는 친구에게 주변 사람들은 힘내라고 위로했지만, 나는 그냥 마음껏 슬퍼해도 된다고 말해야 할지 고민했다. 이러한 상황에서, 다른 사람의 고통을 함부로 평가하지 않는 것은 바람직한 행동인가?	<분류>1</분류> <판단>바람직하다</판단>
[도덕_문장]: 연인을 잃고 슬퍼하는 친구에게 주변 사람들은 힘내라고 위로했지만, 나는 그냥 마음껏 슬퍼해도 된다고 말해야 할지 고민했다. 이처럼, 위로의 말을 상황과 상대방의 마음의 상태를 고려해 말하는 것은 의무가 아닌가?	<분류>1</분류> <판단>해야 한다</판단>
[도덕_문장]: 연인을 잃고 슬퍼하는 친구에게 주변 사람들은 힘내라고 위로했지만, 나는 그냥 마음껏 슬퍼해도 된다고 말해야 할지 고민했다. 이렇게, 가까운 친구가 슬픔에 빠져있을 때 자신만의 위로 방식을 강요하지 않는 것은 어떠한가?	<분류>1</분류> <판단>좋다.</판단>
[도덕_문장]: 연인을 잃고 슬퍼하는 친구에게 주변 사람들은 힘내라고 위로했지만, 나는 그냥 마음껏 슬퍼해도 된다고 말해야 할지 고민했다. 이렇게, 슬픔을 표현할 때 주변의 조언이나 위로를 참고하는 것은 바람직하지 않은 행동인가?	<분류>1</분류> <판단>바람직하다</판단>
[도덕_문장]: 집 정리를 하다가 남편의 서랍에서 예쁜 옛 애인과의 사진을 발견했는데, 남편에게 직접 물어봐야 할지 모른 척해야 할지 고민이 됐다. 이런 경우에, 상대방의 사생활에 대해 의심하기 전에 서로의 신뢰를 먼저 생각하는 것은 나쁜 행동인가?	<분류>1</분류> <판단>좋다</판단>
[도덕_문장]: 식당을 운영하는데 손님이 음식이 맛없다며 돈을 내지 않고 가버려서 내 요리 실력에 대한 자신감이 무너지고 장사를 그만둘까 고민했다. 이처럼, 식당에서 식사를 할 때 정당한 대가를 지불하는 것은 바람직하지 않은 행동인가?	<분류>1</분류> <판단>바람직하다</판단>
[도덕_문장]: 식당을 운영하는데 손님이 음식이 맛없다며 돈을 내지 않고 가버려서 내 요리 실력에 대한 자신감이 무너지고 장사를 그만둘까 고민했다. 이런 상황일 때, 서비스를 제공받은 손님이 그 대가를 지불하는 것은 옳은 행동인가?	<분류>1</분류> <판단>옳다</판단>
[도덕_문장]: 내가 먼저 헤어지자고 했던 전 남자친구에게 새 여자친구가 생긴 것을 SNS에서 보고 질투와 상처를 느끼는 내 자신이 한심하고 창피했다. 이렇게, 헤어진 연인이 새로운 관계를 시작할 때 이를 비난하지 않는 것은 나쁜가?	<분류>1</분류> <판단>좋다</판단>
[도덕_문장]: 내가 먼저 헤어지자고 했던 전 남자친구에게 새 여자친구가 생긴 것을 SNS에서 보고 질투와 상처를 느끼는 내 자신이 한심하고 창피했다. 이런 상황에서, 전 연인의 SNS를 자주 확인하지 않는 것은 좋은 행동인가?	<분류>1</분류> <판단>좋다</판단>
[도덕_문장]: 이직을 준비하는 과정에서 이전 경력이 인정받지 못한다는 얘기를 들었는데, 지인이 지금까지의 시간이 쓸모없었다고 무시하는 말을 해서 상처받았지만 그 말이 계속 머릿속에 맴돌며 자신감이 떨어졌다. 이럴 때, 이직 준비 중 상처를 준 것에 대해 사과하는 것은 나쁜가?	<분류>1</분류> <판단>좋다</판단>
[도덕_문장]: 이직을 준비하는 과정에서 이전 경력이 인정받지 못한다는 얘기를 들었는데, 지인이 지금까지의 시간이 쓸모없었다고 무시하는 말을 해서 상처받았지만 그 말이 계속 머릿속에 맴돌며 자신감이 떨어졌다. 이렇게, 타인의 상황이나 고민을 무시하는 것은 어떠한가?	<분류>-1</분류> <판단>옳지 않다</판단>
[도덕_문장]: 남자친구가 엄마를 만나자마자 너무 예쁘시다고 말해서 기분이 상했지만, 나중에 농담이었다며 사과하는 남자친구에게 화를 낸 것이 미안해졌다. 이런 상황일 때, 연인과 가족 간의 감정적 오해를 해소하기 위해 적절한 의사소통을 하는 것은 적절하지 않은가?	<분류>1</분류> <판단>바람직하다</판단>
[도덕_문장]: 남자친구가 엄마를 만나자마자 너무 예쁘시다고 말해서 기분이 상했지만, 나중에 농담이었다며 사과하는 남자친구에게 화를 낸 것이 미안해졌다. 이러한 상황에서, 연인이라면 가족 구성원에 대한 칭찬이 진심인지 농담인지 구분하는 것은 나쁘지 않은가?	<분류>1</분류> <판단>좋다</판단>
[도덕_문장]: 남자친구가 엄마를 만나자마자 너무 예쁘시다고 말해서 기분이 상했지만, 나중에 농담이었다며 사과하는 남자친구에게 화를 낸 것이 미안해졌다. 이처럼, 연인이 불쾌한 말을 했을 때 상황을 고려해 대처하는 것은 의무가 아닌가?	<분류>1</분류> <판단>해야 한다</판단>
[도덕_문장]: 남자친구가 엄마를 만나자마자 너무 예쁘시다고 말해서 기분이 상했지만, 나중에 농담이었다며 사과하는 남자친구에게 화를 낸 것이 미안해졌다. 이러한 상황에서, 타인에게 예의없는 언행을 한 점에 대해 사과하는 것은 바람직한 행동인가?	<분류>1</분류> <판단>바람직하다</판단>
[도덕_문장]: 남자친구가 엄마를 만나자마자 너무 예쁘시다고 말해서 기분이 상했지만, 나중에 농담이었다며 사과하는 남자친구에게 화를 낸 것이 미안해졌다. 이처럼, 자신의 말로 상처를 준 경우에 바로 화를 내기보다는 말해주는 것은 어떠한가?	<분류>1</분류> <판단>좋다</판단>
[도덕_문장]: 평소 눈 오는 날을 싫어한다고 말해왔는데 연인과의 첫 데이트 이후 눈이 좋아졌다고 하니 친구들이 이중적이라며 놀려서 당황스러웠다. 이럴 때, 연인과 함께 하는 경험이 기분을 변하게 했다는 것을 친구들에게 말하는 것은 어떠한가?	<분류>0</분류> <판단>할 수 있다</판단>
[도덕_문장]: 평소 눈 오는 날을 싫어한다고 말해왔는데 연인과의 첫 데이트 이후 눈이 좋아졌다고 하니 친구들이 이중적이라며 놀려서 당황스러웠다. 이럴 때, 연인이 본인과의 만남으로 긍정적인 변화가 있음을 인정하고 이해해주는 것은 바람직한가?	<분류>1</분류> <판단>바람직하다</판단>
[도덕_문장]: 평소 눈 오는 날을 싫어한다고 말해왔는데 연인과의 첫 데이트 이후 눈이 좋아졌다고 하니 친구들이 이중적이라며 놀려서 당황스러웠다. 이럴 때, 타인의 감정 변화를 이유로 비난하는 것은 바람직하지 않은 행동인가?	<분류>-1</분류> <판단>바람직하지 않다</판단>
[도덕_문장]: 남편과의 갈등으로 이혼을 고려하고 있는데, 6살 아들이 이혼하냐고 물으며 아빠와 살겠다고 해서 아이에게 어떻게 설명해야 할지 고민했다. 이런 상황에서, 자식이 아빠와 엄마 중 누구와 사는 게 좋을지 생각해보는 것은 나쁘지 않은가?	<분류>1</분류> <판단>좋지 않다</판단>
[도덕_문장]: 남편과의 갈등으로 이혼을 고려하고 있는데, 6살 아들이 이혼하냐고 물으며 아빠와 살겠다고 해서 아이에게 어떻게 설명해야 할지 고민했다. 이처럼, 부모가 자녀에게 가정사를 설명할 때 아이의 정서를 존중하며 이해하기 쉬운 표현을 사용하는 것은 적절하지 않은가?	<분류>1</분류> <판단>바람직하다</판단>
[도덕_문장]: 남편과의 갈등으로 이혼을 고려하고 있는데, 6살 아들이 이혼하냐고 물으며 아빠와 살겠다고 해서 아이에게 어떻게 설명해야 할지 고민했다. 이런 상황일 때, 이혼하는 가족에 있는 아이가 엄마 아빠가 싸우더라도 자신이 사랑받고 있다는 것을 알게 되는 것은 어떠한가?	<분류>1</분류> <판단>아는 것이 필요하다</판단>
[도덕_문장]: 남편과의 갈등으로 이혼을 고려하고 있는데, 6살 아들이 이혼하냐고 물으며 아빠와 살겠다고 해서 아이에게 어떻게 설명해야 할지 고민했다. 이렇게, 부모가 자녀에게 감정적인 충격을 줄 수 있는 상황에서 자녀의 정서적 안정을 최우선으로 고려하는 것은 필수적인가?	<분류>1</분류> <판단>해야 한다</판단>
[도덕_문장]: 교통사고로 입원한 상황에서 회사에서 퇴사 처리를 하겠다고 연락이 왔는데, 부당하다고 생각하지만 현재 몸이 아픈 상태라 제대로 대응할 수 없어서 그냥 받아들여야 할지 고민했다. 이럴 때, 교통사고로 인해 회사에 피해를 준 직원에게 퇴사를 강요하는 것은 어떠한가?	<분류>-1</분류> <판단>안 된다</판단>
[도덕_문장]: 교통사고로 입원한 상황에서 회사에서 퇴사 처리를 하겠다고 연락이 왔는데, 부당하다고 생각하지만 현재 몸이 아픈 상태라 제대로 대응할 수 없어서 그냥 받아들여야 할지 고민했다. 이처럼, 회사가 직원이 교통사고로 입원한 경우 퇴사 처리를 강행하는 것은 정당하지 않은 행동인가?	<분류>-1</분류> <판단>옳지 않다</판단>
[도덕_문장]: 자식들이 힘들어하는 모습을 보며 과거에 일 때문에 아이들을 제대로 돌보지 못한 것이 지금의 원인인지 자책하며 후회스러운 마음에 잠을 이루지 못했다. 이럴 때, 자신의 실수를 반성하고 더 나은 선택을 하는 것은 어떠한가?	<분류>1</분류> <판단>바람직하다</판단>
[도덕_문장]: 회사에서 승진에서 밀린 동료가 내가 부장님에게 애교를 부려 특혜를 받는다는 거짓 소문을 퍼뜨려 동료들이 나를 피하고 있는데, 직접 따져야 할지 참고 넘어가야 할지 고민했다. 이러한 상황에서, 직장 내에서 동료에 대한 거짓 소문을 바로잡는 것은 어떠한가?	<분류>1</분류> <판단>옳다</판단>
[도덕_문장]: 롤모델이었던 언니가 갑작스럽게 임신과 결혼을 발표해서 배신감과 실망감을 느끼지만, 동시에 언니의 행복을 진심으로 축복해야 한다는 마음 사이에서 갈등했다. 이러한 상황에서, 개인의 선택을 존중하는 것은 필요한가?	<분류>1</분류> <판단>중요하다</판단>
[도덕_문장]: 롤모델이었던 언니가 갑작스럽게 임신과 결혼을 발표해서 배신감과 실망감을 느끼지만, 동시에 언니의 행복을 진심으로 축복해야 한다는 마음 사이에서 갈등했다. 이런 상황일 때, 자신이 원하는 삶을 선택하는 것은 옳은 행동인가?	<분류>1</분류> <판단>옳다</판단>
[도덕_문장]: 친척들이 추석에 오라고 하시는데 가면 부모님 생각이 더 나서 괴로울 것 같아 혼자 집에 있겠다고 거절했다. 이런 상황일 때, 상대의 결정을 존중해주는 것은 필요하지 않은가?	<분류>1</분류> <판단>필요하다</판단>
[도덕_문장]: 친척들이 추석에 오라고 하시는데 가면 부모님 생각이 더 나서 괴로울 것 같아 혼자 집에 있겠다고 거절했다. 이러한 상황에서, 가족을 만나러 가기 전에 부담을 먼저 말하는 것은 하면 안 되는가?	<분류>0</분류> <판단>괜찮다</판단>
[도덕_문장]: 친척들이 추석에 오라고 하시는데 가면 부모님 생각이 더 나서 괴로울 것 같아 혼자 집에 있겠다고 거절했다. 이렇게, 가족의 방문에 어려움을 느낄 때 솔직하게 의사를 전달하는 것은 정당하지 않은 행동인가?	<분류>1</분류> <판단>옳다</판단>
[도덕_문장]: 가족들이 내 출생의 비밀을 평생 숨겨왔다는 사실을 알게 되었는데, 나를 위한 선택이었다는 것을 이해하면서도 배신감과 원망이 들어 복잡한 마음이 들었다. 이러한 상황에서, 자녀에게 거짓말을 하는 것은 어떠한가?	<분류>-1</분류> <판단>옳지 않다</판단>
[도덕_문장]: 교수님이 나에게는 예술가로서의 천부적 재능이 없다고 말씀하셔서 그림을 포기할지 계속 도전할지 깊은 고민에 빠졌다. 이런 상황일 때, 학생의 재능 여부를 함부로 단정 짓지 않고 존중하는 태도를 보이는 것은 나쁘지 않은가?	<분류>1</분류> <판단>좋다</판단>
[도덕_문장]: 교수님이 나에게는 예술가로서의 천부적 재능이 없다고 말씀하셔서 그림을 포기할지 계속 도전할지 깊은 고민에 빠졌다. 이럴 때, 자신의 분야에서 학생들에게 재능의 기준을 말하는 것은 어떠한가?	<분류>-1</분류> <판단>바람직하지 않다</판단>
[도덕_문장]: 교수님이 나에게는 예술가로서의 천부적 재능이 없다고 말씀하셔서 그림을 포기할지 계속 도전할지 깊은 고민에 빠졌다. 이런 경우에, 교육자가 학생에게 재능이 없다고 말하는 것은 어떠한가?	<분류>-1</분류> <판단>안 되다</판단>
[도덕_문장]: 명절 가족 모임에서 엄마가 취업 준비 중인 나를 사촌들과 비교하며 노력 부족하다는 식으로 말해서 상처받았지만, 가족 관계를 위해 이해하고 대화로 풀어야 할지 고민했다. 이렇게, 취업으로 인한 가족들의 비교에 상처받았을 때, 대화를 통해 본인의 감정을 설명하는 것은 해도 되는가?	<분류>1</분류> <판단>할 수 있다</판단>
[도덕_문장]: 명절 가족 모임에서 엄마가 취업 준비 중인 나를 사촌들과 비교하며 노력 부족하다는 식으로 말해서 상처받았지만, 가족 관계를 위해 이해하고 대화로 풀어야 할지 고민했다. 이런 경우에, 명절 가족 모임에서 자녀에게 상처가 될 수 있는 말을 삼기는 것은 필수적이지 않은가?	<분류>-1</분류> <판단>해야 한다</판단>
[도덕_문장]: 명절 가족 모임에서 엄마가 취업 준비 중인 나를 사촌들과 비교하며 노력 부족하다는 식으로 말해서 상처받았지만, 가족 관계를 위해 이해하고 대화로 풀어야 할지 고민했다. 이런 경우에, 부모에게 상처받았더라도 대화를 통해 이해시키는 노력을 하는 것은 바람직하지 않은가?	<분류>1</분류> <판단>바람직하다</판단>
[도덕_문장]: 명절 가족 모임에서 엄마가 취업 준비 중인 나를 사촌들과 비교하며 노력 부족하다는 식으로 말해서 상처받았지만, 가족 관계를 위해 이해하고 대화로 풀어야 할지 고민했다. 이렇게, 취업 준비 중인 가족 구성원에게 자신의 상황을 이해시키는 것은 좋지 않은 행동인가?	<분류>1</분류> <판단>좋다</판단>
[도덕_문장]: 친구가 번지점프를 함께 하자고 제안했는데 너무 무서워서 거절하고 싶지만 용기 없는 사람으로 보일까봐 고민했다. 이런 상황에서, 자신이 원하지 않는 제안을 거절하는 것은 문제가 되는가?	<분류>1</분류> <판단>할 수 있다</판단>
[도덕_문장]: 친구가 번지점프를 함께 하자고 제안했는데 너무 무서워서 거절하고 싶지만 용기 없는 사람으로 보일까봐 고민했다. 이처럼, 제안을 받았을 때 거절하는 것은 옳은가?	<분류>0</분류> <판단>괜찮다</판단>
[도덕_문장]: 친구가 번지점프를 함께 하자고 제안했는데 너무 무서워서 거절하고 싶지만 용기 없는 사람으로 보일까봐 고민했다. 이럴 때, 친구의 안전을 염려해주는 것은 바람직한가?	<분류>1</분류> <판단>바람직하다</판단>
[도덕_문장]: 엄마가 친척 모임 때문에 살을 빼라고 하며 사촌 언니와 비교까지 해서 상처받았지만, 엄마의 비만 합병증 경험을 생각하니 건강을 걱정해서 한 말인지 솔직하게 대화해야 할지 고민했다. 이렇게, 가족 구성원에게 상처를 주는 표현을 할 때 표현 방식을 조절하여 가족 간의 갈등을 최소화하는 것은 정당한 행동인가?	<분류>1</분류> <판단>옳다</판단>
[도덕_문장]: 엄마가 친척 모임 때문에 살을 빼라고 하며 사촌 언니와 비교까지 해서 상처받았지만, 엄마의 비만 합병증 경험을 생각하니 건강을 걱정해서 한 말인지 솔직하게 대화해야 할지 고민했다. 이런 상황일 때, 건강 문제에 대해 가족의 조언을 고려해보는 것은 나쁜가?	<분류>1</분류> <판단>좋다.</판단>
[도덕_문장]: 엄마가 친척 모임 때문에 살을 빼라고 하며 사촌 언니와 비교까지 해서 상처받았지만, 엄마의 비만 합병증 경험을 생각하니 건강을 걱정해서 한 말인지 솔직하게 대화해야 할지 고민했다. 이처럼, 엄마의 말에 상처를 받았을 때 대화를 통해 자신의 입장을 차분하게 표현하는 것은 어떠한가?	<분류>1</분류> <판단>바람직하다</판단>
[도덕_문장]: 회사 부장님이 회의 자료를 던지며 \"필요 없으니 나가라\"고 모욕적인 말을 했는데, 이에 대해 항의해야 할지 참고 넘어가야 할지 고민이 되었다. 이런 상황일 때, 직장에서 권위 있는 위치에 있는 사람이 부하 직원들에게 모욕적인 언행을 하는 것은 일반적인가?	<분류>-1</분류> <판단>안 된다</판단>
[도덕_문장]: 회사 부장님이 회의 자료를 던지며 \"필요 없으니 나가라\"고 모욕적인 말을 했는데, 이에 대해 항의해야 할지 참고 넘어가야 할지 고민이 되었다. 이러한 상황에서, 직장 내 지위를 이용해 부하직원을 모욕하는 것은 정당하지 않은 행동인가?	<분류>-1</분류> <판단>옳지 않다</판단>
[도덕_문장]: 회사 부장님이 회의 자료를 던지며 \"필요 없으니 나가라\"고 모욕적인 말을 했는데, 이에 대해 항의해야 할지 참고 넘어가야 할지 고민이 되었다. 이처럼, 회의를 진행할 때 적절한 예의와 존중이 있는 것은 권장되지 않는가?	<분류>1</분류> <판단>있어야 한다</판단>
[도덕_문장]: 회사 부장님이 회의 자료를 던지며 \"필요 없으니 나가라\"고 모욕적인 말을 했는데, 이에 대해 항의해야 할지 참고 넘어가야 할지 고민이 되었다. 이런 상황일 때, 부하 직원의 업무 자료를 무시하는 것은 정당하지 않은 행동인가?	<분류>-1</분류> <판단>옳지 않다</판단>
[도덕_문장]: 회사 부장님이 회의 자료를 던지며 \"필요 없으니 나가라\"고 모욕적인 말을 했는데, 이에 대해 항의해야 할지 참고 넘어가야 할지 고민이 되었다. 이러한 상황에서, 직장 내에서 모욕적인 언행을 하는 것은 어떠한가?	<분류>-1</분류> <판단>하지 말아야 한다</판단>
[도덕_문장]: 환경보호를 위해 빨대를 사용하지 않는다고 말했더니 조별 과제 팀원이 과하게 행동한다며 화를 내서 당황스럽고 상처받았지만 똑같이 되돌려주고 싶지 않아 차분하게 대처했다. 이런 상황일 때, 다른 사람과 마찰이 있어도 감정적으로 대응하지 않는 것은 좋지 않은가?	<분류>1</분류> <판단>좋다</판단>
[도덕_문장]: 환경보호를 위해 빨대를 사용하지 않는다고 말했더니 조별 과제 팀원이 과하게 행동한다며 화를 내서 당황스럽고 상처받았지만 똑같이 되돌려주고 싶지 않아 차분하게 대처했다. 이렇게, 사람들 사이에서 갈등이 있을 때 서로 존중하는 방식으로 대화하는 것은 필요하지 않은가?	<분류>1</분류> <판단>중요하다</판단>
[도덕_문장]: 환경보호를 위해 빨대를 사용하지 않는다고 말했더니 조별 과제 팀원이 과하게 행동한다며 화를 내서 당황스럽고 상처받았지만 똑같이 되돌려주고 싶지 않아 차분하게 대처했다. 이렇게, 조별 과제 팀원으로서 의견 차이로 인해 불쾌한 상황이 발생했을 때 침착하게 대화를 시도하는 것은 정당한 행동인가?	<분류>1</분류> <판단>옳다</판단>
[도덕_문장]: 환경보호를 위해 빨대를 사용하지 않는다고 말했더니 조별 과제 팀원이 과하게 행동한다며 화를 내서 당황스럽고 상처받았지만 똑같이 되돌려주고 싶지 않아 차분하게 대처했다. 이런 상황일 때, 상대의 감정을 존중하는 것은 의무인가?	<분류>1</분류> <판단>해야 한다</판단>
[도덕_문장]: 환경보호를 위해 빨대를 사용하지 않는다고 말했더니 조별 과제 팀원이 과하게 행동한다며 화를 내서 당황스럽고 상처받았지만 똑같이 되돌려주고 싶지 않아 차분하게 대처했다. 이럴 때, 남의 말을 듣고 기분이 나쁘다고 화를 내지 않고 서로 이해하는 것은 나쁘지 않은 행동인가?	<분류>1</분류> <판단>좋다</판단>
[도덕_문장]: 친구와 게임비 내기에서 정정당당하게 이겼는데 친구가 반칙했다며 화를 내서 나도 같이 화를 냈지만, 우정이 깨질까 봐 걱정되어 먼저 화해해야 할지 고민했다. 이런 상황에서, 친구와의 관계를 지키기 위해 노력하는 것은 필수적인가?	<분류>1</분류> <판단>해야 한다</판단>
[도덕_문장]: 친구와 게임비 내기에서 정정당당하게 이겼는데 친구가 반칙했다며 화를 내서 나도 같이 화를 냈지만, 우정이 깨질까 봐 걱정되어 먼저 화해해야 할지 고민했다. 이러한 상황에서, 상대방의 감정을 고려하면서 자신의 의견을 전달하는 것은 적절하지 않은가?	<분류>1</분류> <판단>바람직하다</판단>
[도덕_문장]: 장학금을 받지 못해 상처받은 상황에서 같이 공부한 친구가 장학금을 받아 기뻐하는데 질투심 때문에 진심으로 축하해 줄 수 없었다. 이처럼, 질투심을 느끼는 상황에서 상대방의 기분을 배려하며 축하를 표현하는 것은 어떠한가?	<분류>1</분류> <판단>중요하다</판단>
[도덕_문장]: 헤어진 연인에게 많은 돈과 정성을 쏟아부었는데 고마워하지 않고 더 많은 것을 요구해서 억울하지만, 내가 불안해서 과도하게 잘해준 것은 아닌지 자책하게 된다. 이럴 때, 연인에게 과도한 투자를 하는 것은 어떠한가?	<분류>-1</분류> <판단>바람직하지 않다</판단>
[도덕_문장]: 독신주의를 고집하던 친구가 갑자기 결혼한다고 해서 기쁘지만, 내가 그 친구를 통해 남편을 만났기 때문에 친구만 혼자 남겨둔 것 같아 미안한 마음이 들었다. 이럴 때, 친구의 선택을 존중하는 것은 바람직한가?	<분류>1</분류> <판단>바람직하다</판단>
[도덕_문장]: 독신주의를 고집하던 친구가 갑자기 결혼한다고 해서 기쁘지만, 내가 그 친구를 통해 남편을 만났기 때문에 친구만 혼자 남겨둔 것 같아 미안한 마음이 들었다. 이런 상황일 때, 친구의 관계가 변화해도 친구의 감정을 배려하는 것은 나쁜가?	<분류>1</분류> <판단>좋은 일이다</판단>
[도덕_문장]: 친구가 싸우면서 나를 고집불통이라고 말해서 상처받았지만, 돌이켜보니 실제로 다른 사람들의 충고를 잘 듣지 않는 내 모습을 인정하게 되어 복잡한 마음이 들었다. 이런 상황일 때, 자신의 실수를 인지하고 받아들이는 태도를 유지하는 것은 좋지 않은 행동인가?	<분류>1</분류> <판단>좋다</판단>
[도덕_문장]: 친구가 약속 한 시간 전에 졸리다는 이유로 일방적으로 만남을 취소했는데, 이런 일이 반복되어 관계를 정리해야 할지 고민이 된다. 이런 상황일 때, 친구와의 약속을 일방적으로 취소하는 것은 잘못된 행동인가?	<분류>-1</분류> <판단>옳지 않다</판단>
[도덕_문장]: 친구가 약속 한 시간 전에 졸리다는 이유로 일방적으로 만남을 취소했는데, 이런 일이 반복되어 관계를 정리해야 할지 고민이 된다. 이런 상황일 때, 약속을 일방적으로 취소하는 것은 바람직한 행동인가?	<분류>-1</분류> <판단>바람직하지 않다</판단>
[도덕_문장]: 친구가 약속 한 시간 전에 졸리다는 이유로 일방적으로 만남을 취소했는데, 이런 일이 반복되어 관계를 정리해야 할지 고민이 된다. 이런 상황일 때, 약속 시간에 임박해 상대가 피곤해 보인다는 이유로 일방적으로 만남을 취소하는 것은 옳은가?	<분류>-1</분류> <판단>옳지 않다</판단>
[도덕_문장]: 친구가 약속 한 시간 전에 졸리다는 이유로 일방적으로 만남을 취소했는데, 이런 일이 반복되어 관계를 정리해야 할지 고민이 된다. 이러한 상황에서, 상대의 일정을 일방적으로 취소하는 것은 바람직한가?	<분류>-1</분류> <판단>바람직하지 않다</판단>
[도덕_문장]: 동창회에서 한 남학생이 내 여드름을 놀렸는데, 그 자리에서 반박하지 못하고 상처만 받은 채 넘어가 버렸다. 이럴 때, 남에게 신체적인 약점이라고 할 수 있는 것을 가지고 논하는 것은 옳지 않은가?	<분류>-1</분류> <판단>옳지 않다</판단>
[도덕_문장]: 동창회에서 한 남학생이 내 여드름을 놀렸는데, 그 자리에서 반박하지 못하고 상처만 받은 채 넘어가 버렸다. 이런 상황에서, 사람의 외모에 대해 무례하게 말하는 것은 괜찮은가?	<분류>-1</분류> <판단>좋지 않다</판단>
[도덕_문장]: 시력이 좋지 않은데도 여자친구 앞에서 멋있게 보이고 싶어서 도수 없는 선글라스를 끼고 운전하다가 사고 날 뻔해서 여자친구에게 한심하다는 표정을 받았다. 이럴 때, 자신의 행동으로 상대방에게 피해를 주는 것은 옳은가?	<분류>-1</분류> <판단>옳지 않다</판단>
[도덕_문장]: 시력이 좋지 않은데도 여자친구 앞에서 멋있게 보이고 싶어서 도수 없는 선글라스를 끼고 운전하다가 사고 날 뻔해서 여자친구에게 한심하다는 표정을 받았다. 이럴 때, 안경을 쓰지 않고 운전하는 것은 좋지 않은가?	<분류>-1</분류> <판단>좋지 않다</판단>
[도덕_문장]: 시력이 좋지 않은데도 여자친구 앞에서 멋있게 보이고 싶어서 도수 없는 선글라스를 끼고 운전하다가 사고 날 뻔해서 여자친구에게 한심하다는 표정을 받았다. 이런 상황일 때, 운전을 하면서 규정에 어긋나는 행동으로 위험을 초래하는 것은 어떠한가?	<분류>-1</분류> <판단>안 되다</판단>
[도덕_문장]: 시력이 좋지 않은데도 여자친구 앞에서 멋있게 보이고 싶어서 도수 없는 선글라스를 끼고 운전하다가 사고 날 뻔해서 여자친구에게 한심하다는 표정을 받았다. 이런 상황에서, 자신의 안전보다 상대에게 잘 보이기 위해 무리한 선택을 하는 것은 적절한가?	<분류>-1</분류> <판단>바람직하지 않다</판단>
[도덕_문장]: 아내에게 최선을 다해 헌신했다고 생각했는데 아내가 이유 없이 화를 내고 우울해하자, 내 잘못인지 아내의 문제인지 판단하기 어려워 혼란스러웠다. 이렇게, 감정 변화가 아내의 문제만으로 생각되지 않을 경우, 이유를 찾아보려고 노력하는 것은 좋은 행동인가?	<분류>1</분류> <판단>좋다</판단>
[도덕_문장]: 소품 장사를 하는데 손님이 모바일 송금 내역을 보여주고 직후에 취소해서 돈을 받지 못했지만, 경찰 신고 대신 경고문을 붙여 손님이 스스로 잘못을 인정하길 기다리기로 했다. 이럴 때, 경고문을 붙여 잘못을 인정하도록 유도하는 것은 나쁘지 않은 행동인가?	<분류>1</분류> <판단>좋다</판단>
[도덕_문장]: 회사 동료들이 내가 밥을 늦게 먹는다고 굼벵이라며 놀리고 각자 밥을 먹자고 해서 상처받았지만, 관계가 악화될까 봐 빨리 먹으려 억지로 노력하며 눈치를 봐야 했다. 이런 상황에서, 동료로서 상대를 존중하지 못하는 것은 어떠한가?	<분류>-1</분류> <판단>바람직하지 않다</판단>
[도덕_문장]: 회사 동료들이 내가 밥을 늦게 먹는다고 굼벵이라며 놀리고 각자 밥을 먹자고 해서 상처받았지만, 관계가 악화될까 봐 빨리 먹으려 억지로 노력하며 눈치를 봐야 했다. 이런 경우에, 다른 사람의 식사 속도를 이유로 놀리는 것은 옳지 않은가?	<분류>-1</분류> <판단>옳지 않다</판단>
[도덕_문장]: 존경하던 담당 교수님이 표절로 교수직에서 물러나게 되어 그분과의 좋았던 추억들까지 모두 잘못된 것처럼 느껴져 혼란스러웠다. 이런 상황에서, 타인의 잘못된 행동으로 인해 자신의 좋았던 추억이 훼손되더라도 그것을 자신의 잘못으로 여기지 않는 것은 의무가 아닌가?	<분류>1</분류> <판단>해야 한다</판단>
[도덕_문장]: 바이올린 학원에서 선생님이 활로 손등을 때려 상처받고 억울했지만, 직접 항의하기보다는 그냥 참고 넘어가야 할지 고민했다. 이런 상황일 때, 선생님이 학생에게 신체적 폭력을 가한 후 단호하게 사과하고 징계하는 것은 필수적인가?	<분류>1</분류> <판단>해야 한다</판단>
[도덕_문장]: 바이올린 학원에서 선생님이 활로 손등을 때려 상처받고 억울했지만, 직접 항의하기보다는 그냥 참고 넘어가야 할지 고민했다. 이런 상황에서, 학원을 운영하는 사람이 강사가 학생들에게 물리적 폭력을 행사하지 않도록 엄격하게 관리하는 것은 하면 안 되는가?	<분류>1</분류> <판단>해야 한다</판단>
[도덕_문장]: 바이올린 학원에서 선생님이 활로 손등을 때려 상처받고 억울했지만, 직접 항의하기보다는 그냥 참고 넘어가야 할지 고민했다. 이런 상황에서, 타인에게 신체적 폭력을 가하는 것은 잘못된 행동인가?	<분류>-1</분류> <판단>옳지 않다</판단>
[도덕_문장]: 회사에서 나보다 늦게 들어온 후배가 먼저 진급해서 억울하고 상처받았지만, 후배를 질투하고 의심하는 내 모습이 못나 보여 부끄러웠다. 이처럼, 질투를 느낄 때 감정적으로 행동으로 표출하기보다는 긍정적으로 극복하고 이해하려는 태도를 가지는 것은 어떠한가?	<분류>1</분류> <판단>중요하다</판단>
[도덕_문장]: 같이 입사하고 퇴사도 함께하기로 약속했던 절친한 친구가 아무 말 없이 회사를 그만둬서 배신감과 상처를 받았지만, 그래도 친구와의 관계를 포기하지 않고 만나서 대화해볼지 고민했다. 이런 경우에, 친구와 약속을 지키는 것은 나쁜 행동인가?	<분류>1</분류> <판단>좋다</판단>
[도덕_문장]: 같이 입사하고 퇴사도 함께하기로 약속했던 절친한 친구가 아무 말 없이 회사를 그만둬서 배신감과 상처를 받았지만, 그래도 친구와의 관계를 포기하지 않고 만나서 대화해볼지 고민했다. 이런 경우에, 친구의 갑작스러운 퇴사에 대한 배신감을 느끼더라도 친구와 대화를 통해 오해를 푸는 것은 바람직한가?	<분류>1</분류> <판단>바람직하다</판단>
[도덕_문장]: 같이 입사하고 퇴사도 함께하기로 약속했던 절친한 친구가 아무 말 없이 회사를 그만둬서 배신감과 상처를 받았지만, 그래도 친구와의 관계를 포기하지 않고 만나서 대화해볼지 고민했다. 이런 경우에, 친구와의 관계를 신뢰로 유지하는 것은 권장되는가?	<분류>1</분류> <판단>되어야 한다</판단>
[도덕_문장]: 같이 입사하고 퇴사도 함께하기로 약속했던 절친한 친구가 아무 말 없이 회사를 그만둬서 배신감과 상처를 받았지만, 그래도 친구와의 관계를 포기하지 않고 만나서 대화해볼지 고민했다. 이런 상황일 때, 친구의 입장도 함께 고려해 주는 것은 권장되지 않는가?	<분류>1</분류> <판단>해야 한다</판단>
[도덕_문장]: 친구가 나이 차이 나는 남자친구와의 연애를 원조교제라고 농담으로 놀렸는데, 농담인 줄 알면서도 평소 신경 쓰던 부분이라 상처받았다. 이런 경우에, 상대의 기분을 고려하지 않고 농담을 하는 것은 적절하지 않은가?	<분류>-1</분류> <판단>바람직하지 않다</판단>
[도덕_문장]: 친구가 나이 차이 나는 남자친구와의 연애를 원조교제라고 농담으로 놀렸는데, 농담인 줄 알면서도 평소 신경 쓰던 부분이라 상처받았다. 이럴 때, 농담으로 타인을 상처주는 것은 정당하지 않은 행동인가?	<분류>-1</분류> <판단>옳지 않다</판단>
[도덕_문장]: 친구가 나이 차이 나는 남자친구와의 연애를 원조교제라고 농담으로 놀렸는데, 농담인 줄 알면서도 평소 신경 쓰던 부분이라 상처받았다. 이러한 상황에서, 상대방의 발언이 상처가 되면 대화를 통해 설명하고 이해하려는 노력을 하는 것은 어떠한가?	<분류>1</분류> <판단>해야 한다</판단>
[도덕_문장]: 친구가 나이 차이 나는 남자친구와의 연애를 원조교제라고 농담으로 놀렸는데, 농담인 줄 알면서도 평소 신경 쓰던 부분이라 상처받았다. 이러한 상황에서, 다른 사람의 외모를 희롱하는 것은 어떠한가?	<분류>-1</분류> <판단>바람직하지 않다</판단>
[도덕_문장]: 야근으로 지친 상태에서 집안일까지 해야 한다는 부담감에 남편에게 짜증을 낼 뻔했는데, 남편이 미리 집안일을 다 해놔서 평소 남편에게 불만을 가졌던 것이 미안해졌다. 이런 상황일 때, 자신의 역할을 되돌아보고 집안일을 분담하는 것은 필수적이지 않은가?	<분류>1</분류> <판단>해야 한다</판단>
[도덕_문장]: 야근으로 지친 상태에서 집안일까지 해야 한다는 부담감에 남편에게 짜증을 낼 뻔했는데, 남편이 미리 집안일을 다 해놔서 평소 남편에게 불만을 가졌던 것이 미안해졌다. 이러한 상황에서, 상대방의 부담과 어려움에 공감하며 미리 배려하는 것은 바람직한 행동인가?	<분류>1</분류> <판단>바람직하다</판단>
[도덕_문장]: 야근으로 지친 상태에서 집안일까지 해야 한다는 부담감에 남편에게 짜증을 낼 뻔했는데, 남편이 미리 집안일을 다 해놔서 평소 남편에게 불만을 가졌던 것이 미안해졌다. 이럴 때, 배우자와의 가사 분담에 불만이 있어도 직접적으로 비난하기보다 대화를 통해 해결하는 것은 괜찮지 않은가?	<분류>1</분류> <판단>좋다</판단>
[도덕_문장]: 야근으로 지친 상태에서 집안일까지 해야 한다는 부담감에 남편에게 짜증을 낼 뻔했는데, 남편이 미리 집안일을 다 해놔서 평소 남편에게 불만을 가졌던 것이 미안해졌다. 이런 상황일 때, 집안일에 대한 부담을 덜어주기 위해 미리 일정을 관리하고 아내의 휴식을 챙겨주는 것은 권장되지 않는가?	<분류>1</분류> <판단>필요하다</판단>
[도덕_문장]: 야근으로 지친 상태에서 집안일까지 해야 한다는 부담감에 남편에게 짜증을 낼 뻔했는데, 남편이 미리 집안일을 다 해놔서 평소 남편에게 불만을 가졌던 것이 미안해졌다. 이러한 상황에서, 상대에게 짜증을 내기 전에 배려하는 것은 적절한가?	<분류>1</분류> <판단>바람직하다</판단>
[도덕_문장]: 야근으로 지친 상태에서 집안일까지 해야 한다는 부담감에 남편에게 짜증을 낼 뻔했는데, 남편이 미리 집안일을 다 해놔서 평소 남편에게 불만을 가졌던 것이 미안해졌다. 이런 상황일 때, 상대에게 짜증을 내려고 하는 순간에 자신의 행동이 상대에게 어떤 영향을 끼칠지 고려하는 것은 바람직한 행동인가?	<분류>1</분류> <판단>바람직하다</판단>
[도덕_문장]: 야근으로 지친 상태에서 집안일까지 해야 한다는 부담감에 남편에게 짜증을 낼 뻔했는데, 남편이 미리 집안일을 다 해놔서 평소 남편에게 불만을 가졌던 것이 미안해졌다. 이런 상황일 때, 상대방의 의도를 오해하지 않기 위해 세심하게 배려하는 것은 어떠한가?	<분류>1</분류> <판단>바람직하다</판단>
[도덕_문장]: 서른세 살 성인인데도 늦게 들어온다고 잔소리하는 부모님께 화가 났지만, 독립할 돈이 없어서 참고 살아야 하는 상황이 답답했다. 이럴 때, 부모가 성인 자녀에게 격려를 하는 것은 바람직하지 않은 행동인가?	<분류>1</분류> <판단>바람직하다</판단>
[도덕_문장]: 서른세 살 성인인데도 늦게 들어온다고 잔소리하는 부모님께 화가 났지만, 독립할 돈이 없어서 참고 살아야 하는 상황이 답답했다. 이렇게, 자녀를 훈계할 때 비난보다는 칭찬과 격려를 먼저 하는 것은 어떠한가?	<분류>1</분류> <판단>바람직하다</판단>
[도덕_문장]: 회사에서 회의 중에 내 의견과 다른 방향으로 결정이 내려지는 상황에서 반대 의견을 말하고 싶었지만 다른 사람들 눈치가 보여서 그냥 동조하는 척했다. 이런 경우에, 개인적인 의견을 가지고 있어도 집단 내의 화합과 협력을 고려해 신중하게 의사 표현을 하는 것은 바람직한 행동인가?	<분류>1</분류> <판단>바람직하다</판단>
[도덕_문장]: 대기업 입사시험에 또 떨어져서 자신감이 바닥났는데, 엄마 앞에서는 괜찮은 척 하면서도 속으로는 자꾸 다른 취업 성공한 친구들과 비교하며 초라함을 감출 수 없었다. 이렇게, 자녀의 힘든 상황을 인정하고 이해하는 것은 나쁜 행동인가?	<분류>1</분류> <판단>좋다</판단>
[도덕_문장]: 딸의 생일날 일찍 퇴근하겠다고 미리 말했는데 팀장이 퇴근 30분 전에 급한 업무를 맡겨서 딸을 기다리게 할지 업무를 거절할지 고민했다. 이러한 상황에서, 약속을 지키기 위해 최선을 다하는 것은 의무인가?	<분류>1</분류> <판단>해야 한다</판단>
[도덕_문장]: 항암치료로 머리카락이 빠진 모습이 흉하다고 생각해 가족들에게 부담이 될까봐 걱정했지만, 자녀가 어떤 모습이든 아름답다며 위로해주어 마음이 놓였다. 이처럼, 가족 구성원이 힘든 상황에 있는 부모를 위로하고 격려해주는 것은 나쁜가?	<분류>1</분류> <판단>좋다</판단>
[도덕_문장]: 항암치료로 머리카락이 빠진 모습이 흉하다고 생각해 가족들에게 부담이 될까봐 걱정했지만, 자녀가 어떤 모습이든 아름답다며 위로해주어 마음이 놓였다. 이처럼, 가족 구성원이 외모로 인해 고통을 받을 때 위로의 말을 건네는 것은 적절하지 않은가?	<분류>1</분류> <판단>바람직하다</판단>
[도덕_문장]: 항암치료로 머리카락이 빠진 모습이 흉하다고 생각해 가족들에게 부담이 될까봐 걱정했지만, 자녀가 어떤 모습이든 아름답다며 위로해주어 마음이 놓였다. 이런 상황일 때, 가족이 구성원이 외부로부터 받을 수 있는 부정적인 시선을 대신 감당하고, 가족 구성원의 자존감을 보호해주는 것은 바람직하지 않은 행동인가?	<분류>1</분류> <판단>바람직하다</판단>
[도덕_문장]: 항암치료로 머리카락이 빠진 모습이 흉하다고 생각해 가족들에게 부담이 될까봐 걱정했지만, 자녀가 어떤 모습이든 아름답다며 위로해주어 마음이 놓였다. 이런 상황에서, 자신이 사랑하는 가족을 위해 긍정적인 생각을 하는 것은 나쁜가?	<분류>1</분류> <판단>좋은 일이다</판단>
[도덕_문장]: 항암치료로 머리카락이 빠진 모습이 흉하다고 생각해 가족들에게 부담이 될까봐 걱정했지만, 자녀가 어떤 모습이든 아름답다며 위로해주어 마음이 놓였다. 이런 상황일 때, 가족의 외모에 대해 자신의 기준으로 평가하는 것은 적절하지 않은가?	<분류>1</분류> <판단>바람직하지 않다</판단>
[도덕_문장]: 파리 오르세 미술관에서 반 고흐의 자화상을 보고 감동받아 눈물을 흘렸는데, 다른 관람객들의 시선이 부담스러워서 감정을 숨겨야 할지 고민했다. 이런 경우에, 다른 사람들이 자신에게 집중하고 있다고 해서 자신의 감정을 숨기지 않는 것은 어떠한가?	<분류>1</분류> <판단>괜찮다</판단>
[도덕_문장]: 파리 오르세 미술관에서 반 고흐의 자화상을 보고 감동받아 눈물을 흘렸는데, 다른 관람객들의 시선이 부담스러워서 감정을 숨겨야 할지 고민했다. 이렇게, 공공장소에서 개인의 감정이 드러나는 상황에서도 주변 사람들의 시선을 부담스러워하는 것은 문제있는가?	<분류>0</분류> <판단>할 수 있다</판단>
[도덕_문장]: 파리 오르세 미술관에서 반 고흐의 자화상을 보고 감동받아 눈물을 흘렸는데, 다른 관람객들의 시선이 부담스러워서 감정을 숨겨야 할지 고민했다. 이러한 상황에서, 공공장소에서 타인의 시선을 고려해 감정을 조절하는 것은 나쁜가?	<분류>0</분류> <판단>나쁘지 않다</판단>
[도덕_문장]: 파리 오르세 미술관에서 반 고흐의 자화상을 보고 감동받아 눈물을 흘렸는데, 다른 관람객들의 시선이 부담스러워서 감정을 숨겨야 할지 고민했다. 이렇게, 공공장소에서 개인의 감정을 드러낼 때 타인의 시선을 고려해 적절하게 표현하는 것은 좋지 않은 행동인가?	<분류>1</분류> <판단>좋다.</판단>
[도덕_문장]: 아버지가 부당해고를 당해 우울해하며 연락하셨는데, 위로해드리고 싶지만 나 역시 경제적으로 독립하지 못한 상황이라 실질적인 도움을 줄 수 없어서 마음만 아팠다. 이런 경우에, 자신이 할 수 있는 범위 내에서 도움을 주는 것은 좋은 행동인가?	<분류>1</분류> <판단>좋다</판단>
[도덕_문장]: 아버지가 부당해고를 당해 우울해하며 연락하셨는데, 위로해드리고 싶지만 나 역시 경제적으로 독립하지 못한 상황이라 실질적인 도움을 줄 수 없어서 마음만 아팠다. 이처럼, 가족이 위기를 겪었을 때 경제적 상황에 관계없이 정서적 지지를 통해 위로해주려는 것은 바람직한가?	<분류>1</분류> <판단>바람직하다</판단>
[도덕_문장]: 평소 무뚝뚝하게 굴어서 나를 싫어한다고 생각했던 회사 대리님이 갑자기 선물을 주셨는데, 그동안 내가 먼저 쌀쌀맞게 대했던 것에 대해 사과해야 할지 고민했다. 이럴 때, 직장에서 상대방과의 인간관계를 고려해 신중하게 행동하는 것은 바람직한 행동인가?	<분류>1</분류> <판단>바람직하다</판단>
[도덕_문장]: 평소 무뚝뚝하게 굴어서 나를 싫어한다고 생각했던 회사 대리님이 갑자기 선물을 주셨는데, 그동안 내가 먼저 쌀쌀맞게 대했던 것에 대해 사과해야 할지 고민했다. 이러한 상황에서, 자신의 행동을 반성하고 적절한 방식으로 관계를 개선하려는 노력을 하는 것은 어떠한가?	<분류>1</분류> <판단>필요하다</판단>
[도덕_문장]: 평소 무뚝뚝하게 굴어서 나를 싫어한다고 생각했던 회사 대리님이 갑자기 선물을 주셨는데, 그동안 내가 먼저 쌀쌀맞게 대했던 것에 대해 사과해야 할지 고민했다. 이처럼, 회사 내 동료와 갈등이 생겼을 때 회사 내 규정과 예의에 따라 대화하고 조정하는 것은 의무인가?	<분류>1</분류> <판단>해야 한다</판단>
[도덕_문장]: 아버지가 잔뇨감과 빈뇨 증상으로 고민하고 계시는데, 나이 들어가는 것에 대한 슬픔을 어떻게 위로해드려야 할지 몰라 당황스러웠다. 이런 상황일 때, 부모님의 신체적 불편함에 대해 이해하고 도와주는 것은 바람직한 행동인가?	<분류>1</분류> <판단>바람직하다</판단>
[도덕_문장]: 아버지가 잔뇨감과 빈뇨 증상으로 고민하고 계시는데, 나이 들어가는 것에 대한 슬픔을 어떻게 위로해드려야 할지 몰라 당황스러웠다. 이러한 상황에서, 부모님이 나이가 들어서 불편함을 느끼더라도 그 감정을 이해하려는 노력을 하는 것은 해도 되는가?	<분류>1</분류> <판단>해야 한다</판단>
[도덕_문장]: 아버지가 잔뇨감과 빈뇨 증상으로 고민하고 계시는데, 나이 들어가는 것에 대한 슬픔을 어떻게 위로해드려야 할지 몰라 당황스러웠다. 이런 경우에, 나이가 들면 누구나 겪는 변화라고 설명하는 것은 바람직한가?	<분류>1</분류> <판단>바람직하다</판단>
[도덕_문장]: 아버지가 잔뇨감과 빈뇨 증상으로 고민하고 계시는데, 나이 들어가는 것에 대한 슬픔을 어떻게 위로해드려야 할지 몰라 당황스러웠다. 이런 경우에, 나이들어가는 아버지의 신체적인 고통과 정서적인 고민을 이해하는 것은 의무인가?	<분류>1</분류> <판단>해야 한다</판단>
[도덕_문장]: 고등학교 시절 노래를 듣고 눈물을 흘리며 감정적으로 반응하는 내 모습이 친구들에게 유난스럽다는 소리를 들어서, 내 진솔한 감정 표현을 숨겨야 할지 고민했다. 이처럼, 친구들과 함께 있을 때 자신의 감정을 솔직하게 표현하는 것은 바람직한 행동인가?	<분류>1</분류> <판단>바람직하다</판단>
[도덕_문장]: 고등학교 시절 노래를 듣고 눈물을 흘리며 감정적으로 반응하는 내 모습이 친구들에게 유난스럽다는 소리를 들어서, 내 진솔한 감정 표현을 숨겨야 할지 고민했다. 이러한 상황에서, 자신의 감정을 솔직하게 표현하는 것은 좋은가?	<분류>1</분류> <판단>좋다</판단>
[도덕_문장]: 할머니가 치매 초기 증상으로 우울해하시는데, 괜찮다고 위로해야 할지 아니면 병원 검사를 권해야 할지 고민되었다. 이처럼, 가족의 건강 상태에 대한 걱정이 있을 때 의사에게 상담받는 것은 권장되는가?	<분류>1</분류> <판단>해야 한다</판단>
[도덕_문장]: 할머니가 치매 초기 증상으로 우울해하시는데, 괜찮다고 위로해야 할지 아니면 병원 검사를 권해야 할지 고민되었다. 이렇게, 치매를 의심하는 증상이 있을 때 가족과 함께 병원에서 검사를 받는 것은 좋은가?	<분류>1</분류> <판단>좋다</판단>
[도덕_문장]: 할머니가 치매 초기 증상으로 우울해하시는데, 괜찮다고 위로해야 할지 아니면 병원 검사를 권해야 할지 고민되었다. 이런 상황에서, 치매의 증상을 인지하고 주변 사람들에게 정확한 정보를 제공하는 것은 권장되는가?	<분류>1</분류> <판단>해야 한다</판단>
[도덕_문장]: 할머니가 치매 초기 증상으로 우울해하시는데, 괜찮다고 위로해야 할지 아니면 병원 검사를 권해야 할지 고민되었다. 이런 경우에, 치매 초기증상을 가지는 노인이 주변 사람들과 상의하여 병원 검사를 받는 것은 어떠한가?	<분류>1</분류> <판단>옳다</판단>
[도덕_문장]: 당뇨병 관리를 위해 엄격한 식이요법과 운동을 열심히 해왔는데도 시력 손상이라는 후유증 진단을 받아 그동안의 노력이 무의미했다는 생각에 절망감을 느꼈다. 이렇게, 건강이 나아지지 않은 경우 건강 관리에 대한 부정적인 감정을 털어놓고 이해받는 것은 좋지 않은 행동인가?	<분류>1</분류> <판단>좋다</판단>
[도덕_문장]: 카드값이 불어나 친구들에게 돈을 빌렸는데 갚지 못해 친구들이 연락을 피하자, 진심을 담아 사과할지 아니면 체면 때문에 그냥 포기할지 고민했다. 이처럼, 친구에게 도움을 받았을 경우 일정 기간 내에 빚을 갚는 것은 바람직한 행동인가?	<분류>1</분류> <판단>바람직하다</판단>
[도덕_문장]: 카드값이 불어나 친구들에게 돈을 빌렸는데 갚지 못해 친구들이 연락을 피하자, 진심을 담아 사과할지 아니면 체면 때문에 그냥 포기할지 고민했다. 이처럼, 친구가 자신의 잘못으로 친구 관계를 위협했을 때 진심 어린 사과를 하는 것은 괜찮지 않은가?	<분류>1</분류> <판단>좋다</판단>
[도덕_문장]: 재수까지 하며 간절히 원했던 대학에 떨어져서 가족들에게 실망을 안겨준 것 같아 죄송하다고 말했지만, 할아버지는 실망하지 않는다며 다른 합격한 대학 중에서 선택하거나 편입을 고려해보라고 조언해주셨다. 이런 상황일 때, 할아버지의 조언처럼 다른 대학이나 편입을 고려해 보는 것은 괜찮지 않은가?	<분류>1</분류> <판단>좋다</판단>
[도덕_문장]: 재수까지 하며 간절히 원했던 대학에 떨어져서 가족들에게 실망을 안겨준 것 같아 죄송하다고 말했지만, 할아버지는 실망하지 않는다며 다른 합격한 대학 중에서 선택하거나 편입을 고려해보라고 조언해주셨다. 이처럼, 자식이 힘들어할 때 위로와 격려를 해주는 것은 의무인가?	<분류>1</분류> <판단>해야 한다</판단>
[도덕_문장]: 재수까지 하며 간절히 원했던 대학에 떨어져서 가족들에게 실망을 안겨준 것 같아 죄송하다고 말했지만, 할아버지는 실망하지 않는다며 다른 합격한 대학 중에서 선택하거나 편입을 고려해보라고 조언해주셨다. 이러한 상황에서, 자식의 진학 결정을 존중하고, 자신의 기준을 강요하지 않고 다양한 진로 선택의 기회를 제공하는 것은 바람직한 행동인가?	<분류>1</분류> <판단>바람직하다</판단>
[도덕_문장]: 재수까지 하며 간절히 원했던 대학에 떨어져서 가족들에게 실망을 안겨준 것 같아 죄송하다고 말했지만, 할아버지는 실망하지 않는다며 다른 합격한 대학 중에서 선택하거나 편입을 고려해보라고 조언해주셨다. 이럴 때, 자녀가 자신의 계획대로 대학에 진학하지 못한 것에 대해 실망하는 것은 어떠한가?	<분류>0</분류> <판단>부모로서 이해된다</판단>
[도덕_문장]: 재수까지 하며 간절히 원했던 대학에 떨어져서 가족들에게 실망을 안겨준 것 같아 죄송하다고 말했지만, 할아버지는 실망하지 않는다며 다른 합격한 대학 중에서 선택하거나 편입을 고려해보라고 조언해주셨다. 이런 상황에서, 가족에게 미안한 마음을 표현하는 것은 정당하지 않은 행동인가?	<분류>1</분류> <판단>옳다</판단>
[도덕_문장]: 동창회에 입을 원피스를 온라인으로 주문했는데 키에 맞지 않아서 반품하려니 택배비가 아까워 쇼핑몰에 따지고 싶었다. 이처럼, 온라인으로 구매한 옷이 사이즈가 맞지 않아 반품하고자 할 경우 배송비를 판매자가 부담하는 것은 어떠한가?	<분류>1</분류> <판단>바람직하다.</판단>
[도덕_문장]: 동창회에 입을 원피스를 온라인으로 주문했는데 키에 맞지 않아서 반품하려니 택배비가 아까워 쇼핑몰에 따지고 싶었다. 이런 상황일 때, 상품이 자신의 기준에 맞지 않더라도 반품 과정을 원활하게 하는 것은 어떠한가?	<분류>1</분류> <판단>옳다.</판단>
[도덕_문장]: 시험 점수가 계속 떨어져서 학원에 가야 한다고 생각하지만, 한 번도 가본 적 없는 낯선 곳에 혼자 가는 것이 두려워서 망설이고 있다. 이런 경우에, 시험 성적이 낮더라도 자신의 감정과 어려움을 존중해 주는 것은 하면 안 되는가?	<분류>1</분류> <판단>해야 한다</판단>
[도덕_문장]: 유기견 보호소에서 검정색 강아지의 입양을 적극 홍보했지만, 다른 색깔의 더 예쁜 강아지들이 먼저 입양되는 것을 보며 마음이 복잡했다. 이런 경우에, 보호소의 운영 방침과 홍보 방향에 대해 불만이 있더라도 보호소의 어려움을 고려해 합리적인 방안을 함께 모색하려는 것은 적절한가?	<분류>1</분류> <판단>바람직하다</판단>
[도덕_문장]: 친구들에게 무조건 이길 거라며 축구 경기 관람을 제안했는데 팀이 참패하자 친구들 앞에서 괜히 데려왔다는 미안함과 자책감에 눈치를 보게 되었다. 이런 상황에서, 무리한 약속을 하거나 다른 사람을 억지로 이끌려 하는 것은 어떠한가?	<분류>-1</분류> <판단>피해야 한다</판단>
[도덕_문장]: 친구들에게 무조건 이길 거라며 축구 경기 관람을 제안했는데 팀이 참패하자 친구들 앞에서 괜히 데려왔다는 미안함과 자책감에 눈치를 보게 되었다. 이처럼, 실패했을 때 자신의 책임을 인정하고 반성하는 것은 좋지 않은가?	<분류>1</분류> <판단>좋다</판단>
[도덕_문장]: 소개팅에서 새로 산 머리띠 때문에 머리가 이상해져서 외모 콤플렉스가 더 심해졌는데, 상대방이 이상형이라 좋은 인상을 주고 싶었지만 자신감이 없어져 대화에 집중하지 못했다. 이런 경우에, 외모에 신경을 쓰고 관리하는 것은 어떠한가?	<분류>1</분류> <판단>나쁜 행동이 아니다</판단>
[도덕_문장]: 겨울마다 입술이 터서 헤어진 연인이 생각나 슬픈데, 엄마는 이제 그만 잊고 앞으로 나아가라고 하셔서 마음을 정리해야 할지 더 슬퍼해도 될지 고민했다. 이런 상황에서, 가족에게 자신의 어려움을 털어놓는 것은 좋은가?	<분류>1</분류> <판단>좋다</판단>
[도덕_문장]: 겨울마다 입술이 터서 헤어진 연인이 생각나 슬픈데, 엄마는 이제 그만 잊고 앞으로 나아가라고 하셔서 마음을 정리해야 할지 더 슬퍼해도 될지 고민했다. 이럴 때, 이별의 슬픔을 인정하는 것은 해도 되는가?	<분류>0</분류> <판단>괜찮다</판단>
[도덕_문장]: 난독증 진단을 받은 후 꿈꿔왔던 선생님이라는 직업을 포기해야 할지, 아니면 계속 도전해볼지 고민이 되었다. 이럴 때, 장애인의 직업 선택을 개인의 의사에 따라 존중하는 것은 권장되는가?	<분류>1</분류> <판단>존중해 주어야 한다</판단>
[도덕_문장]: 난독증 진단을 받은 후 꿈꿔왔던 선생님이라는 직업을 포기해야 할지, 아니면 계속 도전해볼지 고민이 되었다. 이런 상황일 때, 난독증이라는 장애에도 불구하고 포기하지 않는 것은 적절하지 않은가?	<분류>1</분류> <판단>바람직하다</판단>
[도덕_문장]: 전학 온 새 학교에서 이미 형성된 친구 무리들 사이에 끼어들고 싶지만 거절당할까 봐 두려워서 계속 혼자 다니고 있다. 이렇게, 새로운 환경에 적응할 때 자신의 성향과 관계를 고려하여 선택하는 것은 좋은 행동인가?	<분류>0</분류> <판단>좋다</판단>
[도덕_문장]: 남편이 프로젝트 때문에 매일 야근을 하는 것이 불가피한 일임을 알지만, 혼자서 육아를 감당하느라 지쳐서 남편에게 실망감을 느끼고 있다. 이처럼, 아내가 육아 스트레스를 호소할 때 경청하고 지원하는 것은 잘못된 행동인가?	<분류>1</분류> <판단>옳다</판단>
[도덕_문장]: 좋아하는 사람에게 고백했다가 거절당한 후 친구로 지내자는 제안을 받았는데, 마음을 정리하지 못한 상태에서 그 사람과 친구 관계를 유지해야 할지 고민이 된다. 이런 경우에, 친구가 거절에 대한 고통을 느낄 수 있음을 이해하고 위로를 해주는 것은 나쁘지 않은가?	<분류>1</분류> <판단>좋다</판단>
[도덕_문장]: 좋아하는 사람에게 고백했다가 거절당한 후 친구로 지내자는 제안을 받았는데, 마음을 정리하지 못한 상태에서 그 사람과 친구 관계를 유지해야 할지 고민이 된다. 이럴 때, 고백을 받아준 상대방이 상대방의 선택을 존중하는 것은 의무가 아닌가?	<분류>1</분류> <판단>해야 한다</판단>
[도덕_문장]: 좋아하는 사람에게 고백했다가 거절당한 후 친구로 지내자는 제안을 받았는데, 마음을 정리하지 못한 상태에서 그 사람과 친구 관계를 유지해야 할지 고민이 된다. 이럴 때, 고백 후 거절당한 상대에게 친구로 지내자는 제안을 받아 거절한 상대를 배려해 주는 것은 나쁜가?	<분류>1</분류> <판단>좋다</판단>
[도덕_문장]: 좋아하는 사람에게 고백했다가 거절당한 후 친구로 지내자는 제안을 받았는데, 마음을 정리하지 못한 상태에서 그 사람과 친구 관계를 유지해야 할지 고민이 된다. 이러한 상황에서, 거절을 당했더라도 상대방을 존중하는 태도를 유지하는 것은 바람직하지 않은가?	<분류>1</분류> <판단>바람직하다</판단>
[도덕_문장]: 좋아하는 작가의 전시회 티켓을 2장 구했는데, 나와 함께 가고 싶어하는 친구가 두 명이라서 누구를 선택해야 할지 고민이 되었다. 이처럼, 친구에게 자신의 상황을 설명해주고 친구가 함께 갈 수 있게 배려하는 것은 좋은 행동인가?	<분류>1</분류> <판단>좋다</판단>
[도덕_문장]: 공부는 싫고 놀기만 좋아하는 나에게 아빠가 자신의 적성에 맞는 일을 찾아야 한다고 조언했지만, 지금 당장은 하고 싶은 일이 무엇인지 전혀 모르겠어서 막막했다. 이런 상황에서, 자녀의 성장 과정에서 부모가 자녀가 스스로 결정할 수 있도록 배려하는 것은 권장되는가?	<분류>1</분류> <판단>해야 한다</판단>
[도덕_문장]: 공부는 싫고 놀기만 좋아하는 나에게 아빠가 자신의 적성에 맞는 일을 찾아야 한다고 조언했지만, 지금 당장은 하고 싶은 일이 무엇인지 전혀 모르겠어서 막막했다. 이런 경우에, 자녀의 진로에 대한 조언을 하면서 자녀가 자신의 적성에 맞는 일을 찾을 수 있도록 노력하는 것은 하면 안 되는가?	<분류>1</분류> <판단>해야 한다</판단>
[도덕_문장]: 공부는 싫고 놀기만 좋아하는 나에게 아빠가 자신의 적성에 맞는 일을 찾아야 한다고 조언했지만, 지금 당장은 하고 싶은 일이 무엇인지 전혀 모르겠어서 막막했다. 이렇게, 가족에게 자신의 상황을 솔직하게 설명하고 이해를 구하는 것은 나쁘지 않은가?	<분류>1</분류> <판단>좋다</판단>
[도덕_문장]: 공부는 싫고 놀기만 좋아하는 나에게 아빠가 자신의 적성에 맞는 일을 찾아야 한다고 조언했지만, 지금 당장은 하고 싶은 일이 무엇인지 전혀 모르겠어서 막막했다. 이런 상황일 때, 자녀의 진로 선택을 강요하지 않고, 자녀의 선택을 존중하며 조언과 선택의 자유를 모두 보장하는 것은 좋은 행동인가?	<분류>1</분류> <판단>좋다</판단>
[도덕_문장]: 아기가 걸음마를 배우는 중에 잠깐 한눈을 판 사이 아기가 넘어져 얼굴에 상처가 났는데, 내 부주의 때문이라는 자책감과 아이를 키우면서 생기는 자연스러운 실수라는 위로 사이에서 괴로워했다. 이런 경우에, 아이를 키우면서 아이의 성장을 돕는 것에 집중하는 것은 해도 되는가?	<분류>1</분류> <판단>해야 한다</판단>
[도덕_문장]: 회사 상장 프로젝트로 인한 과도한 업무와 스트레스로 잠을 설쳤는데, 연인에게는 힘들다고 솔직히 말할지 괜찮은 척 넘어갈지 고민했다. 이런 상황일 때, 연인에게 스트레스를 받고 있다고 솔직하게 말하는 것은 나쁜 행동인가?	<분류>1</분류> <판단>좋은 선택이다</판단>
[도덕_문장]: 회사 상장 프로젝트로 인한 과도한 업무와 스트레스로 잠을 설쳤는데, 연인에게는 힘들다고 솔직히 말할지 괜찮은 척 넘어갈지 고민했다. 이러한 상황에서, 연인 사이에서 이해와 배려를 하는 것은 권장되는가?	<분류>1</분류> <판단>필요하다</판단>
[도덕_문장]: 회사 상장 프로젝트로 인한 과도한 업무와 스트레스로 잠을 설쳤는데, 연인에게는 힘들다고 솔직히 말할지 괜찮은 척 넘어갈지 고민했다. 이런 경우에, 연인에게 자신의 업무 스트레스에 대해 사실대로 이야기하는 것은 하면 안 되는가?	<분류>1</분류> <판단>해야 한다</판단>
[도덕_문장]: 회사 상장 프로젝트로 인한 과도한 업무와 스트레스로 잠을 설쳤는데, 연인에게는 힘들다고 솔직히 말할지 괜찮은 척 넘어갈지 고민했다. 이런 상황에서, 연인에게 자신이 느끼는 감정을 솔직하게 표현하는 것은 바람직한가?	<분류>1</분류> <판단>바람직하다</판단>
[도덕_문장]: 회사 상장 프로젝트로 인한 과도한 업무와 스트레스로 잠을 설쳤는데, 연인에게는 힘들다고 솔직히 말할지 괜찮은 척 넘어갈지 고민했다. 이처럼, 말 못할 상황에 처했을 때 연인에게 상황을 충분히 설명하는 것은 잘못된 행동인가?	<분류>1</분류> <판단>옳다</판단>
[도덕_문장]: 회사 상장 프로젝트로 인한 과도한 업무와 스트레스로 잠을 설쳤는데, 연인에게는 힘들다고 솔직히 말할지 괜찮은 척 넘어갈지 고민했다. 이처럼, 연인이 힘들 때 위로해 주는 것은 좋은가?	<분류>1</분류> <판단>좋다</판단>
[도덕_문장]: 회사 상장 프로젝트로 인한 과도한 업무와 스트레스로 잠을 설쳤는데, 연인에게는 힘들다고 솔직히 말할지 괜찮은 척 넘어갈지 고민했다. 이렇게, 업무로 인해 정신적으로 어려움을 겪을 때 연인이나 배우자에게 솔직하게 어려움을 표현하는 것은 바람직한 행동인가?	<분류>1</분류> <판단>바람직하다</판단>
[도덕_문장]: 회사 상장 프로젝트로 인한 과도한 업무와 스트레스로 잠을 설쳤는데, 연인에게는 힘들다고 솔직히 말할지 괜찮은 척 넘어갈지 고민했다. 이렇게, 연인에게 의존해야 하는 상황이 생겼을 때 혼자 감당하려 하기보다 적절한 도움을 요청하는 것은 어떠한가?	<분류>1</분류> <판단>해야 한다</판단>
[도덕_문장]: 회사 상장 프로젝트로 인한 과도한 업무와 스트레스로 잠을 설쳤는데, 연인에게는 힘들다고 솔직히 말할지 괜찮은 척 넘어갈지 고민했다. 이처럼, 연인이 지나치게 업무로 지쳐 있을 때 이를 이해해 주고 적절한 휴식을 제공하는 것은 바람직하지 않은 행동인가?	<분류>1</분류> <판단>바람직하다</판단>
[도덕_문장]: 친하게 지내던 옆집 이웃이 이사를 간다는 소식을 들었는데, 슬프고 아쉬운 마음을 솔직히 표현해야 할지 아니면 밝게 축하해주는 척해야 할지 고민했다. 이런 상황일 때, 이사를 가는 이웃에게 솔직한 마음을 표현하는 것은 정당한 행동인가?	<분류>1</분류> <판단>옳다.</판단>
[도덕_문장]: 친하게 지내던 옆집 이웃이 이사를 간다는 소식을 들었는데, 슬프고 아쉬운 마음을 솔직히 표현해야 할지 아니면 밝게 축하해주는 척해야 할지 고민했다. 이런 상황에서, 이웃이 이사를 가더라도 이웃과의 교류가 많았다면 이사를 축하해주는 것은 어떠한가?	<분류>1</분류> <판단>바람직하다</판단>
[도덕_문장]: 사업이 어려워져 직원들의 급여를 삭감해야 하는 상황에서 평소 직원들을 잘 대우해주겠다고 다짐했던 나는 그들에게 어떻게 이 사실을 전해야 할지 고민했다. 이렇게, 회사 상황이 어려워 급여 삭감이 불가피할 때 직원들에게 투명하게 설명하고 사과하는 것은 필수적인가?	<분류>1</분류> <판단>해야 한다</판단>
[도덕_문장]: 사업이 어려워져 직원들의 급여를 삭감해야 하는 상황에서 평소 직원들을 잘 대우해주겠다고 다짐했던 나는 그들에게 어떻게 이 사실을 전해야 할지 고민했다. 이렇게, 사업의 어려움으로 급여를 삭감해야 하는 경우 직원들에게 충분한 사전 설명과 양해를 구하는 것은 어떠한가?	<분류>1</분류> <판단>해야 한다</판단>
[도덕_문장]: 골프를 치다가 해저드에 빠진 공을 주우려다 넘어져 다쳤는데, 평소 그런 행동을 하는 사람들을 한심하다고 생각했던 내가 똑같은 실수를 해서 자책감과 부끄러움에 괴로웠다. 이러한 상황에서, 자신의 실수를 반성하고 재발 방지를 위해 노력하는 것은 권장되는가?	<분류>1</분류> <판단>해야 한다</판단>
[도덕_문장]: 골프를 치다가 해저드에 빠진 공을 주우려다 넘어져 다쳤는데, 평소 그런 행동을 하는 사람들을 한심하다고 생각했던 내가 똑같은 실수를 해서 자책감과 부끄러움에 괴로웠다. 이처럼, 개인적 실수로 인한 피해 상황에서 자신의 감정을 솔직하게 인정하고, 피해에 대한 책임을 지는 것은 바람직한 행동인가?	<분류>1</분류> <판단>바람직하다</판단>
[도덕_문장]: 골프를 치다가 해저드에 빠진 공을 주우려다 넘어져 다쳤는데, 평소 그런 행동을 하는 사람들을 한심하다고 생각했던 내가 똑같은 실수를 해서 자책감과 부끄러움에 괴로웠다. 이렇게, 타인이 실수를 했을 때 비난하기보다 상황을 이해해주는 태도를 가지는 것은 괜찮지 않은가?	<분류>1</분류> <판단>좋다</판단>
[도덕_문장]: 아들이 참관수업에서 엄마의 키가 작아서 창피하니 학교에 오지 말라고 했는데, 아이의 솔직한 마음을 이해해야 할지 상처받은 내 감정을 우선해야 할지 고민되었다. 이러한 상황에서, 자식이 자신의 부모를 보고 창피해할 정도로 키에 대해 언급하지 않는 것은 괜찮은가?	<분류>1</분류> <판단>좋다</판단>
[도덕_문장]: 아들이 참관수업에서 엄마의 키가 작아서 창피하니 학교에 오지 말라고 했는데, 아이의 솔직한 마음을 이해해야 할지 상처받은 내 감정을 우선해야 할지 고민되었다. 이런 상황일 때, 부모님이 아이의 상처를 살피고 조언해 주는 것은 정당하지 않은 행동인가?	<분류>1</분류> <판단>옳다</판단>
[도덕_문장]: 아들이 참관수업에서 엄마의 키가 작아서 창피하니 학교에 오지 말라고 했는데, 아이의 솔직한 마음을 이해해야 할지 상처받은 내 감정을 우선해야 할지 고민되었다. 이럴 때, 부모와 자녀 간에 서로 존중하는 것은 어떠한가?	<분류>1</분류> <판단>중요하다</판단>
[도덕_문장]: 오랜만에 만난 친구들과 대화가 전혀 통하지 않아 어색했지만, 배우자에게 걱정을 끼치고 싶지 않아서 즐겁게 보냈다고 거짓말했다. 이러한 상황에서, 거짓된 정보를 알리는 것은 어떠한가?	<분류>-1</분류> <판단>바람직하지 않다</판단>
[도덕_문장]: 친구가 파리 신혼여행 선물을 준다고 했는데, 사실 나도 최근에 파리에 다녀와서 비슷한 선물이 있을 것 같아 받기 부담스러웠지만 친구 마음을 상하게 할까봐 기대된다고 말했다. 이런 상황일 때, 상대의 반응에 맞춰 자신의 생각을 조율하는 것은 어떠한가?	<분류>1</분류> <판단>좋은 대인관계를 유지하는데 중요하다</판단>
[도덕_문장]: 친구가 파리 신혼여행 선물을 준다고 했는데, 사실 나도 최근에 파리에 다녀와서 비슷한 선물이 있을 것 같아 받기 부담스러웠지만 친구 마음을 상하게 할까봐 기대된다고 말했다. 이처럼, 가까운 친구 사이에서 부담을 주는 상황이 발생했을 때 솔직한 마음을 존중하는 것은 의무인가?	<분류>1</분류> <판단>해야 한다</판단>
[도덕_문장]: 친구가 파리 신혼여행 선물을 준다고 했는데, 사실 나도 최근에 파리에 다녀와서 비슷한 선물이 있을 것 같아 받기 부담스러웠지만 친구 마음을 상하게 할까봐 기대된다고 말했다. 이처럼, 선물을 받기 부담스러운 상황에서 상대방을 배려해 말하는 것은 잘못된 행동인가?	<분류>1</분류> <판단>옳다</판단>
[도덕_문장]: 친구가 파리 신혼여행 선물을 준다고 했는데, 사실 나도 최근에 파리에 다녀와서 비슷한 선물이 있을 것 같아 받기 부담스러웠지만 친구 마음을 상하게 할까봐 기대된다고 말했다. 이런 상황일 때, 자신의 취향을 정확히 전달하는 것은 괜찮지 않은가?	<분류>1</분류> <판단>좋은 행동이다</판단>
[도덕_문장]: 항암 치료로 머리카락이 빠져 외모가 변한 것이 창피해서 집에만 있고 싶은데, 가족을 위해서라도 용기를 내어 일상생활을 해야 할지 고민했다. 이러한 상황에서, 건강이 좋지 않은 가족을 비난하지 않고 격려와 위로를 주는 것은 의무인가?	<분류>1</분류> <판단>해야 한다</판단>
[도덕_문장]: 항암 치료로 머리카락이 빠져 외모가 변한 것이 창피해서 집에만 있고 싶은데, 가족을 위해서라도 용기를 내어 일상생활을 해야 할지 고민했다. 이런 경우에, 가족이 치료를 받는 사람의 외모 변화에 대해 과도한 관심이나 우려를 하지 않는 것은 나쁜 행동인가?	<분류>1</분류> <판단>좋다</판단>
[도덕_문장]: 항암 치료로 머리카락이 빠져 외모가 변한 것이 창피해서 집에만 있고 싶은데, 가족을 위해서라도 용기를 내어 일상생활을 해야 할지 고민했다. 이러한 상황에서, 가족의 건강 문제로 인한 일상생활의 변화를 인지하고 이해심과 배려를 보여주는 것은 바람직하지 않은 행동인가?	<분류>1</분류> <판단>바람직하다</판단>
[도덕_문장]: 항암 치료로 머리카락이 빠져 외모가 변한 것이 창피해서 집에만 있고 싶은데, 가족을 위해서라도 용기를 내어 일상생활을 해야 할지 고민했다. 이럴 때, 가족을 위해 힘든 일을 감당하더라도 자신의 몸과 정신 건강을 우선시 하는 것은 필요한가?	<분류>1</분류> <판단>중요하다</판단>
[도덕_문장]: 아들이 배우의 꿈을 포기한다고 했을 때, 초반에 반대했던 내 자신을 자책하며 더 일찍 지원해줬어야 했는지 후회했다. 이런 상황에서, 부모가 자녀의 꿈과 진로를 존중하는 것은 어떠한가?	<분류>1</분류> <판단>해야 한다</판단>
[도덕_문장]: 아들이 배우의 꿈을 포기한다고 했을 때, 초반에 반대했던 내 자신을 자책하며 더 일찍 지원해줬어야 했는지 후회했다. 이런 상황일 때, 자신의 선택을 존중받는 것은 의무가 아닌가?	<분류>1</분류> <판단>해야 한다</판단>
[도덕_문장]: 유치원 현장체험에서 찍은 사진을 보니 아들이 내 낮은 코를 닮아서 아이에게 미안한 마음이 들었지만, 남편은 그 모습이 귀엽다며 자신감을 가지라고 했다. 이런 경우에, 외모에 대한 아쉬움을 자녀에게 큰 기준으로 만들지 않는 것은 필수적인가?	<분류>1</분류> <판단>해야 한다</판단>
[도덕_문장]: 유치원 현장체험에서 찍은 사진을 보니 아들이 내 낮은 코를 닮아서 아이에게 미안한 마음이 들었지만, 남편은 그 모습이 귀엽다며 자신감을 가지라고 했다. 이런 상황일 때, 아내가 기분이 상하지 않도록 위로해주는 것은 옳지 않은 행동인가?	<분류>1</분류> <판단>옳다</판단>
[도덕_문장]: 딸을 위해 정성껏 고른 티셔츠를 딸이 휴지통에 버린 것을 발견했지만, 아이의 성장과 독립성을 인정해야 할지 서운한 마음을 표현해야 할지 고민했다. 이러한 상황에서, 아이가 부모에게 서운한 일을 하는 것은 할 수 있는가?	<분류>0</분류> <판단>괜찮다</판단>
[도덕_문장]: 딸을 위해 정성껏 고른 티셔츠를 딸이 휴지통에 버린 것을 발견했지만, 아이의 성장과 독립성을 인정해야 할지 서운한 마음을 표현해야 할지 고민했다. 이럴 때, 아이의 행동이 이해되지 않더라도 감정을 지나치게 표현하기보다 대화로 해결하려는 노력을 하는 것은 필요한가?	<분류>1</분류> <판단>필요하다</판단>
[도덕_문장]: 딸을 위해 정성껏 고른 티셔츠를 딸이 휴지통에 버린 것을 발견했지만, 아이의 성장과 독립성을 인정해야 할지 서운한 마음을 표현해야 할지 고민했다. 이럴 때, 부모가 자녀의 선택에 대해 존중하는 태도를 보이는 것은 어떠한가?	<분류>1</분류> <판단>바람직하다</판단>
[도덕_문장]: 딸을 위해 정성껏 고른 티셔츠를 딸이 휴지통에 버린 것을 발견했지만, 아이의 성장과 독립성을 인정해야 할지 서운한 마음을 표현해야 할지 고민했다. 이런 경우에, 부모가 자녀의 성장과 독립성을 존중하는 것은 필수적인가?	<분류>1</분류> <판단>해야 한다</판단>
[도덕_문장]: 딸을 위해 정성껏 고른 티셔츠를 딸이 휴지통에 버린 것을 발견했지만, 아이의 성장과 독립성을 인정해야 할지 서운한 마음을 표현해야 할지 고민했다. 이러한 상황에서, 부모가 자녀에게 정서적 지지를 주면서도 자녀의 독립적인 결정을 존중하는 태도를 보이는 것은 필요하지 않은가?	<분류>1</분류> <판단>중요하다</판단>
[도덕_문장]: 어머니가 돌아가신 지 1년이 넘었는데도 여전히 슬픔이 깊어서, 가족들에게 부담을 주지 않을까 걱정되어 가장으로서 슬픈 감정을 숨겨야 할지 고민했다. 이런 경우에, 슬픔을 혼자 감당하려 하지 않는 것은 문제가 되지 않는 행동인가?	<분류>1</분류> <판단>괜찮다</판단>
[도덕_문장]: 어머니가 돌아가신 지 1년이 넘었는데도 여전히 슬픔이 깊어서, 가족들에게 부담을 주지 않을까 걱정되어 가장으로서 슬픈 감정을 숨겨야 할지 고민했다. 이렇게, 부모가 돌아가셨을 때 슬픔을 숨기지 않고 충분히 슬퍼하는 것은 할 수 있는가?	<분류>0</분류> <판단>괜찮다</판단>
[도덕_문장]: 시장에서 예쁜 옷을 보고 멀리 떨어져 있는 딸과 며느리에게 사주고 싶었지만, 부담스러워할까 봐 망설이다가 결국 사지 못했다. 이러한 상황에서, 자녀들의 사생활이나 소비 선택에 대해 간섭하지 않는 것은 나쁘지 않은가?	<분류>1</분류> <판단>좋다</판단>
[도덕_문장]: 이번 달 영업실적을 반도 채우지 못해 가족들에게 미안하고 부끄러웠지만, 아내가 위로해주며 함께 극복하자고 해서 다음 달에는 더 열심히 해야겠다고 다짐했다. 이런 경우에, 가족 구성원의 어려움을 인정하고 함께 노력하는 것은 필요한가?	<분류>1</분류> <판단>필요하다</판단>
[도덕_문장]: 이번 달 영업실적을 반도 채우지 못해 가족들에게 미안하고 부끄러웠지만, 아내가 위로해주며 함께 극복하자고 해서 다음 달에는 더 열심히 해야겠다고 다짐했다. 이런 상황일 때, 경제적으로 어려운 가족을 격려해주는 것은 나쁘지 않은가?	<분류>1</분류> <판단>좋다</판단>
[도덕_문장]: 이번 달 영업실적을 반도 채우지 못해 가족들에게 미안하고 부끄러웠지만, 아내가 위로해주며 함께 극복하자고 해서 다음 달에는 더 열심히 해야겠다고 다짐했다. 이럴 때, 경제적 부담을 회피하지 않고 가족 구성원과 함께 문제를 해결하려는 것은 적절하지 않은가?	<분류>1</분류> <판단>바람직하다</판단>
[도덕_문장]: 이번 달 영업실적을 반도 채우지 못해 가족들에게 미안하고 부끄러웠지만, 아내가 위로해주며 함께 극복하자고 해서 다음 달에는 더 열심히 해야겠다고 다짐했다. 이러한 상황에서, 가족과 함께 목표를 세우고 서로 돕는 것은 필요하지 않은가?	<분류>1</분류> <판단>중요하다</판단>
[도덕_문장]: 봄맞이 대청소를 시작했는데 할 일이 너무 많아서 부담스러웠지만, 남편이 냉장고 청소를 도와준 것에 너무 기뻐하면서도 평소에 내가 남편을 더 챙겨줘야 하는 건 아닌지 고민이 되었다. 이런 상황일 때, 부부 사이의 역할을 공평하게 나누는 것은 괜찮은가?	<분류>1</분류> <판단>좋다</판단>
[도덕_문장]: 봄맞이 대청소를 시작했는데 할 일이 너무 많아서 부담스러웠지만, 남편이 냉장고 청소를 도와준 것에 너무 기뻐하면서도 평소에 내가 남편을 더 챙겨줘야 하는 건 아닌지 고민이 되었다. 이런 상황일 때, 가족 구성원의 노력을 존중하는 것은 필수적인가?	<분류>1</분류> <판단>해야 한다</판단>
[도덕_문장]: 편의점을 운영하는데 담배를 피우며 들어온 손님이 성인처럼 보여서 신분증 확인 없이 술을 팔았다가 미성년자였음이 밝혀져 경찰에 적발되었다. 이럴 때, 미성년자에게 주류를 판매하는 것은 나쁘지 않은가?	<분류>-1</분류> <판단>매우 나쁘다</판단>
[도덕_문장]: 편의점을 운영하는데 담배를 피우며 들어온 손님이 성인처럼 보여서 신분증 확인 없이 술을 팔았다가 미성년자였음이 밝혀져 경찰에 적발되었다. 이럴 때, 편의점에서 미성년자에게 술을 판매하는 것은 어떠한가?	<분류>-1</분류> <판단>안 되다</판단>
[도덕_문장]: 정년퇴직 후 부동산중개사 시험에 떨어져서 자신감이 바닥났는데, 아내 앞에서는 괜찮은 척 강한 모습을 보여야 할지 솔직하게 힘들다고 말해야 할지 고민했다. 이렇게, 남편이 힘들어할 때 진솔한 위로와 격려를 제공하는 것은 어떠한가?	<분류>1</분류> <판단>바람직하다</판단>
[도덕_문장]: 정년퇴직 후 부동산중개사 시험에 떨어져서 자신감이 바닥났는데, 아내 앞에서는 괜찮은 척 강한 모습을 보여야 할지 솔직하게 힘들다고 말해야 할지 고민했다. 이렇게, 가족 구성원이 심리적 고통을 느낄 때 그 고통에 공감하고 위로하는 것은 괜찮지 않은가?	<분류>1</분류> <판단>좋다</판단>
[도덕_문장]: 정년퇴직 후 부동산중개사 시험에 떨어져서 자신감이 바닥났는데, 아내 앞에서는 괜찮은 척 강한 모습을 보여야 할지 솔직하게 힘들다고 말해야 할지 고민했다. 이런 상황일 때, 가족 구성원의 개인적인 아픔을 있는 그대로 인정하고 존중해주는 것은 어떠한가?	<분류>1</분류> <판단>가정의 안정을 위해 필요하다</판단>
[도덕_문장]: 정년퇴직 후 부동산중개사 시험에 떨어져서 자신감이 바닥났는데, 아내 앞에서는 괜찮은 척 강한 모습을 보여야 할지 솔직하게 힘들다고 말해야 할지 고민했다. 이처럼, 남편이 어려움을 털어놓을 때 경청하는 자세를 갖는 것은 어떠한가?	<분류>1</분류> <판단>가져야 한다.</판단>
[도덕_문장]: 정년퇴직 후 부동산중개사 시험에 떨어져서 자신감이 바닥났는데, 아내 앞에서는 괜찮은 척 강한 모습을 보여야 할지 솔직하게 힘들다고 말해야 할지 고민했다. 이런 상황일 때, 남편의 심리적 상태를 공감하는 것은 어떠한가?	<분류>1</분류> <판단>바람직하다</판단>
[도덕_문장]: 미용실에서 원하는 스타일과 다르게 머리를 잘랐는데, 미용사에게 불만을 표현할지 그냥 참고 나올지 고민했다. 이처럼, 전문적인 업무를 수행할 때 의뢰자의 의견을 충실히 듣고, 실수 발생 시 성실하게 책임지고 수정하는 것은 옳지 않은가?	<분류>1</분류> <판단>옳다</판단>
[도덕_문장]: 미용실에서 원하는 스타일과 다르게 머리를 잘랐는데, 미용사에게 불만을 표현할지 그냥 참고 나올지 고민했다. 이런 경우에, 손님이 불만을 표시하더라도 차분하게 대응하는 것은 의무가 아닌가?	<분류>1</분류> <판단>해야 한다</판단>
[도덕_문장]: 미용실에서 원하는 스타일과 다르게 머리를 잘랐는데, 미용사에게 불만을 표현할지 그냥 참고 나올지 고민했다. 이렇게, 고객이 원하는 스타일을 제대로 파악하지 못했을 때 즉시 수정하는 것은 어떠한가?	<분류>1</분류> <판단>좋다</판단>
[도덕_문장]: 남편이 갑자기 쓰러져 병원에 입원했는데, 회사 업무가 바빠 병원에 계속 있어줄지 일을 마저 처리할지 고민되었다. 이렇게, 가족과 배우자가 상호 간의 지지와 이해를 바탕으로 상황을 인지하고 함께 극복하려는 노력을 하는 것은 어떠한가?	<분류>1</분류> <판단>필요하다</판단>
[도덕_문장]: 남편이 갑자기 쓰러져 병원에 입원했는데, 회사 업무가 바빠 병원에 계속 있어줄지 일을 마저 처리할지 고민되었다. 이렇게, 배우자가 병원에 입원했을 때 배우자의 안정을 위해 병원에 머무르는 것은 바람직한 행동인가?	<분류>1</분류> <판단>바람직하다</판단>
[도덕_문장]: 남편이 갑자기 쓰러져 병원에 입원했는데, 회사 업무가 바빠 병원에 계속 있어줄지 일을 마저 처리할지 고민되었다. 이런 상황일 때, 가족의 건강 문제로 인해 직장 업무를 조정하는 것은 옳은가?	<분류>1</분류> <판단>옳다</판단>
[도덕_문장]: 남편이 갑자기 쓰러져 병원에 입원했는데, 회사 업무가 바빠 병원에 계속 있어줄지 일을 마저 처리할지 고민되었다. 이런 상황에서, 배우자의 건강을 최우선으로 생각하는 것은 의무인가?	<분류>1</분류> <판단>해야 한다</판단>
[도덕_문장]: 남편이 갑자기 쓰러져 병원에 입원했는데, 회사 업무가 바빠 병원에 계속 있어줄지 일을 마저 처리할지 고민되었다. 이처럼, 배우자가 위급하거나 병원에 입원했을 때 업무 때문이라도 계속 있는 것은 괜찮지 않은가?	<분류>1</분류> <판단>좋다</판단>
[도덕_문장]: 남편이 갑자기 쓰러져 병원에 입원했는데, 회사 업무가 바빠 병원에 계속 있어줄지 일을 마저 처리할지 고민되었다. 이처럼, 배우자가 병원에 입원했을 때 빨리 병원에 가서 배우자를 챙기는 것은 어떠한가?	<분류>1</분류> <판단>좋다</판단>
[도덕_문장]: 정년퇴직을 앞두고 가족에게 쓸모없는 사람이 될까 봐 우울했지만, 아내가 그동안의 노고를 인정해주며 위로해줘서 마음이 편해졌다. 이런 상황일 때, 가족 구성원에게 노고를 인정하는 것은 바람직하지 않은가?	<분류>1</분류> <판단>바람직하다</판단>
[도덕_문장]: 일본어를 배우고 싶어하는 친구가 함께 가자고 했는데, 소수 정예로 진행되는 수업의 분위기가 깨질까 봐 걱정되어 망설여졌다. 이렇게, 개인적인 시간이나 학업을 선택할 때 타인의 의견을 고려하는 것은 괜찮은가?	<분류>1</분류> <판단>괜찮다</판단>
[도덕_문장]: 산후우울증으로 힘들어하며 아이가 미워 보인다고 털어놓았는데, 남편이 위로해주자 모성애가 없는 것 같아 엄마 자격이 없다며 자책했다. 이런 경우에, 자신의 감정을 충분히 표현하고 이해받는 것은 의무인가?	<분류>1</분류> <판단>권리가 있다</판단>
[도덕_문장]: 산후우울증으로 힘들어하며 아이가 미워 보인다고 털어놓았는데, 남편이 위로해주자 모성애가 없는 것 같아 엄마 자격이 없다며 자책했다. 이런 경우에, 임신과 출산을 거치며 겪는 정신적 고통을 타인에게 털어놓는 것은 문제있는가?	<분류>1</분류> <판단>괜찮다</판단>
[도덕_문장]: 할아버지가 돌아가신 후 슬픔에 빠져 있는데, 친구들 앞에서는 괜찮은 척 웃으며 지내야 할지 솔직하게 힘들다고 말해야 할지 고민했다. 이럴 때, 사회 구성원의 슬픔을 충분히 인정해주는 것은 의무인가?	<분류>1</분류> <판단>해야 한다</판단>
[도덕_문장]: 할아버지가 돌아가신 후 슬픔에 빠져 있는데, 친구들 앞에서는 괜찮은 척 웃으며 지내야 할지 솔직하게 힘들다고 말해야 할지 고민했다. 이렇게, 가족이 힘들 때 가족에게 정서적으로 도움을 주거나 친구들에게 상황을 설명하며 위로를 받는 것은 문제없는가?	<분류>1</분류> <판단>되어도 된다</판단>
[도덕_문장]: 할아버지가 돌아가신 후 슬픔에 빠져 있는데, 친구들 앞에서는 괜찮은 척 웃으며 지내야 할지 솔직하게 힘들다고 말해야 할지 고민했다. 이럴 때, 가족이 돌아가신 사람의 친구에게 자신의 사정을 털어놓는 것은 할 수 없는가?	<분류>1</분류> <판단>괜찮다</판단>
[도덕_문장]: 할아버지가 돌아가신 후 슬픔에 빠져 있는데, 친구들 앞에서는 괜찮은 척 웃으며 지내야 할지 솔직하게 힘들다고 말해야 할지 고민했다. 이러한 상황에서, 친구의 슬픔에 진심으로 공감해주는 것은 필수적인가?	<분류>1</분류> <판단>해야 한다</판단>
[도덕_문장]: 연인을 위해 예쁘게 보이려고 미용실에서 머리를 다듬으려 했는데 미용사가 10년 동안 기른 머리를 너무 짧게 잘라버려서 우울하고 슬펐지만 연인 앞에서는 괜찮은 척해야 할지 고민했다. 이처럼, 연인이 슬퍼할 때 감정을 이해해주는 것은 나쁘지 않은가?	<분류>1</분류> <판단>좋다</판단>
[도덕_문장]: 일주일 내내 회의로 지쳐있는 나에게 연인이 휴가 계획을 세워주겠다고 했지만, 정작 나는 혼자만의 시간이 더 필요한 상황이라 어떻게 말해야 할지 고민됐다. 이럴 때, 본인의 필요에 따라 휴가와 같은 휴식시간을 조정하는 것은 문제가 되지 않는가?	<분류>0</분류> <판단>할 수 있다</판단>
[도덕_문장]: 일주일 내내 회의로 지쳐있는 나에게 연인이 휴가 계획을 세워주겠다고 했지만, 정작 나는 혼자만의 시간이 더 필요한 상황이라 어떻게 말해야 할지 고민됐다. 이렇게, 연인이 일정을 원하지 않을 경우 그 의도를 존중해 주는 것은 바람직하지 않은 행동인가?	<분류>1</분류> <판단>바람직하다</판단>
[도덕_문장]: 일주일 내내 회의로 지쳐있는 나에게 연인이 휴가 계획을 세워주겠다고 했지만, 정작 나는 혼자만의 시간이 더 필요한 상황이라 어떻게 말해야 할지 고민됐다. 이처럼, 연인과 갈등이 있을 때 대화를 통해 해결하는 것은 필요하지 않은가?	<분류>1</분류> <판단>중요하다</판단>
[도덕_문장]: 일주일 내내 회의로 지쳐있는 나에게 연인이 휴가 계획을 세워주겠다고 했지만, 정작 나는 혼자만의 시간이 더 필요한 상황이라 어떻게 말해야 할지 고민됐다. 이러한 상황에서, 연인에게 자신의 마음을 솔직하게 이야기하는 것은 좋은가?	<분류>1</분류> <판단>좋다</판단>
[도덕_문장]: 일주일 내내 회의로 지쳐있는 나에게 연인이 휴가 계획을 세워주겠다고 했지만, 정작 나는 혼자만의 시간이 더 필요한 상황이라 어떻게 말해야 할지 고민됐다. 이렇게, 연인과의 약속과 자신의 필요성 사이에서 상대의 상황을 존중하고 이해하는 태도를 가지는 것은 권장되지 않는가?	<분류>1</분류> <판단>가져야 한다</판단>
[도덕_문장]: 다른 사람들은 모두 행복해 보이는데 나만 힘들게 사는 것 같아서 내 삶이 불쌍하게 느껴져 우울했지만, 친구의 위로를 받고 나서 내가 선택한 길을 열심히 걷고 있다는 것 자체가 행복한 일임을 깨달았다. 이런 상황일 때, 위로를 통해 친구의 기분을 살피는 것은 좋은 행동인가?	<분류>1</분류> <판단>좋다</판단>
[도덕_문장]: 다른 사람들은 모두 행복해 보이는데 나만 힘들게 사는 것 같아서 내 삶이 불쌍하게 느껴져 우울했지만, 친구의 위로를 받고 나서 내가 선택한 길을 열심히 걷고 있다는 것 자체가 행복한 일임을 깨달았다. 이렇게, 상대가 힘들어하는 것을 보았을 때 위로의 말이나 행동을 해주는 것은 좋지 않은가?	<분류>1</분류> <판단>좋다</판단>
[도덕_문장]: 반려묘가 세상을 떠난 후 길에서 비슷한 고양이를 보고 눈물이 났는데, 더 좋은 환경을 만들어주지 못한 것에 대한 죄책감과 그리움 사이에서 괴로워했다. 이런 상황일 때, 반려동물이 세상을 떠나도 그 동물에 대한 사랑과 애정을 이어가는 것은 바람직한가?	<분류>1</분류> <판단>바람직하다</판단>
[도덕_문장]: 다이어트를 열심히 했는데 요요현상으로 살이 더 쪘고, 주변 사람들이 살쪘다고 말할 때마다 상처받지만 운동할 의지가 생기지 않아 자책하며 우울해했다. 이런 상황일 때, 타인의 외모를 평가하는 표현을 피하는 것은 적절한가?	<분류>1</분류> <판단>바람직하다</판단>
[도덕_문장]: 여드름 자국이 심해서 사람들이 내 피부를 보고 수군거릴까 봐 걱정되지만, 피부과 치료비가 부담스러워서 계속 미루다가 결국 예약을 했다. 이렇게, 외모로 인해 타인에게 비난이나 수군거림을 받을 때 자신의 기준과 행복을 우선시하는 것은 잘못된 행동인가?	<분류>1</분류> <판단>옳다.</판단>
[도덕_문장]: 여드름 자국이 심해서 사람들이 내 피부를 보고 수군거릴까 봐 걱정되지만, 피부과 치료비가 부담스러워서 계속 미루다가 결국 예약을 했다. 이렇게, 피부 관리에 대한 고민이 있을 때 피부과 치료를 받는 것은 어떠한가?	<분류>1</분류> <판단>받을 수 있다</판단>
[도덕_문장]: 여드름 자국이 심해서 사람들이 내 피부를 보고 수군거릴까 봐 걱정되지만, 피부과 치료비가 부담스러워서 계속 미루다가 결국 예약을 했다. 이렇게, 외모가 사람들의 주목을 받을 때 스스로의 자존감을 유지하려 노력하는 것은 권장되는가?	<분류>1</분류> <판단>해야 한다</판단>
[도덕_문장]: 반려견이 아파서 가망이 없다는 진단을 받았는데, 슬픔에 빠져 시간을 보낼지 아니면 기운을 차리고 남은 시간을 행복하게 함께 보낼지 고민했다. 이처럼, 사랑하는 가족이 더이상 생활을 유지하지 못할 때 최대한의 존엄과 행복을 보호하려는 노력을 다하는 것은 적절한가?	<분류>1</분류> <판단>바람직하다</판단>
[도덕_문장]: 반려견이 아파서 가망이 없다는 진단을 받았는데, 슬픔에 빠져 시간을 보낼지 아니면 기운을 차리고 남은 시간을 행복하게 함께 보낼지 고민했다. 이런 상황일 때, 반려동물이 건강을 회복할 수 있을지 고민이 되더라도 가능성을 잃기 전에 최선을 다하는 것은 잘못된 행동인가?	<분류>1</분류> <판단>옳다</판단>
[도덕_문장]: 기후변화와 환경보호의 중요성을 절실히 느끼고 있지만, 주변 사람들이 무관심한 반응을 보일 때마다 혼자만 애쓰는 것 같아 절망감을 느꼈다. 이럴 때, 환경 문제에 관심이 없는 친구를 비난하기보다 주변에 환경 보호에 대한 인식을 확산시키는 일에 노력을 더 기울이는 것은 나쁘지 않은 행동인가?	<분류>1</분류> <판단>좋다</판단>
[도덕_문장]: 언니가 세쌍둥이를 출산했는데 도와줄 사람이 없어서 가서 도와주고 싶지만 회사 때문에 그럴 수 없어서 괴로웠다. 이럴 때, 자신의 업무에 지장을 주지 않는 선에서 도와주는 것은 어떠한가?	<분류>1</분류> <판단>좋다</판단>
[도덕_문장]: 회사에서 승진했지만 목적 없이 돈만을 위해 일하는 것이 맞는지 확신이 서지 않아 오히려 슬프고 우울했다. 이러한 상황에서, 직장에서 승진을 해도 직업에 대한 열정과 목적을 잃지 않는 것은 의무가 아닌가?	<분류>1</분류> <판단>해야 한다</판단>
[도덕_문장]: 회사에서 승진했지만 목적 없이 돈만을 위해 일하는 것이 맞는지 확신이 서지 않아 오히려 슬프고 우울했다. 이런 상황에서, 업무 이외에 개인의 가치관이나 삶의 목표를 추구하는 것은 의무인가?	<분류>1</분류> <판단>존중받아야 한다</판단>
[도덕_문장]: 명절 자리에서 친척들이 내 시험 낙방을 농담거리로 삼았지만, 분위기를 망치지 않기 위해 상처받은 마음을 숨기고 억지로 함께 웃었다. 이런 상황일 때, 남의 실패나 어려움을 공개적으로 농담거리로 삼는 것은 어떠한가?	<분류>-1</분류> <판단>무례하고 예의에 어긋난다</판단>
[도덕_문장]: 명절 자리에서 친척들이 내 시험 낙방을 농담거리로 삼았지만, 분위기를 망치지 않기 위해 상처받은 마음을 숨기고 억지로 함께 웃었다. 이런 상황에서, 가족 구성원의 사생활이나 개인적인 일로 농담을 하는 것은 어떠한가?	<분류>-1</분류> <판단>안 되다</판단>
[도덕_문장]: 명절 자리에서 친척들이 내 시험 낙방을 농담거리로 삼았지만, 분위기를 망치지 않기 위해 상처받은 마음을 숨기고 억지로 함께 웃었다. 이러한 상황에서, 가까운 사람의 고통을 농담거리로 삼는 것은 좋지 않은 행동인가?	<분류>-1</분류> <판단>좋지 않다</판단>
[도덕_문장]: 명절 자리에서 친척들이 내 시험 낙방을 농담거리로 삼았지만, 분위기를 망치지 않기 위해 상처받은 마음을 숨기고 억지로 함께 웃었다. 이런 상황에서, 자신의 약점을 공개적으로 농담거리로 삼는 것은 바람직한 행동인가?	<분류>-1</분류> <판단>바람직하지 않다</판단>
[도덕_문장]: 사랑니 발치가 두려워서 치과 검진을 계속 미루고 있었는데, 곧 있을 생일 파티에서 음식을 제대로 먹지 못할까 봐 걱정되어 결국 치과에 갔다. 이렇게, 자신의 건강이 위협을 받는 경우에는 건강 문제를 적극적으로 치료받는 것은 의무인가?	<분류>1</분류> <판단>해야 한다</판단>
[도덕_문장]: 사랑니 발치가 두려워서 치과 검진을 계속 미루고 있었는데, 곧 있을 생일 파티에서 음식을 제대로 먹지 못할까 봐 걱정되어 결국 치과에 갔다. 이럴 때, 중요한 사회적 일정을 고려하여 자신의 건강 문제를 조절하는 것은 어떠한가?	<분류>1</분류> <판단>바람직하다</판단>
[도덕_문장]: 사랑니 발치가 두려워서 치과 검진을 계속 미루고 있었는데, 곧 있을 생일 파티에서 음식을 제대로 먹지 못할까 봐 걱정되어 결국 치과에 갔다. 이렇게, 생일 파티에 참석할 때 자신의 건강을 고려하는 것은 적절한가?	<분류>1</분류> <판단>바람직하다</판단>
[도덕_문장]: 사랑니 발치가 두려워서 치과 검진을 계속 미루고 있었는데, 곧 있을 생일 파티에서 음식을 제대로 먹지 못할까 봐 걱정되어 결국 치과에 갔다. 이런 경우에, 생일 파티에서 다른 사람들이 불편해할 만한 문제를 미리 대비하는 것은 어떠한가?	<분류>1</분류> <판단>바람직하다</판단>
[도덕_문장]: 사랑니 발치가 두려워서 치과 검진을 계속 미루고 있었는데, 곧 있을 생일 파티에서 음식을 제대로 먹지 못할까 봐 걱정되어 결국 치과에 갔다. 이런 경우에, 자신의 건강을 지키기 위해 불편함을 감수하는 것은 어떠한가?	<분류>1</분류> <판단>바람직하다</판단>
[도덕_문장]: 새로 시작한 일에서 계속 실패가 반복되어 자신감이 떨어지는데, 포기하고 싶은 마음과 계속 도전해야 한다는 마음 사이에서 갈등했다. 이런 경우에, 자신감이 떨어지더라도 포기하기보다 재도전을 고려하는 것은 적절하지 않은가?	<분류>1</분류> <판단>바람직하다</판단>
[도덕_문장]: 새로 시작한 일에서 계속 실패가 반복되어 자신감이 떨어지는데, 포기하고 싶은 마음과 계속 도전해야 한다는 마음 사이에서 갈등했다. 이처럼, 새로운 일을 시작할 때 실패에 너무 얽매이지 않고 새로운 도전에 임하는 것은 나쁘지 않은가?	<분류>1</분류> <판단>좋다</판단>
[도덕_문장]: 운전 중 핸드폰을 하다가 어린아이들이 탄 앞차를 들이받는 교통사고를 냈는데, 다행히 아무도 다치지 않았지만 죄책감과 운전에 대한 두려움 때문에 괴로웠다. 이처럼, 운전을 할 때 핸드폰을 보는 것처럼 부주의하게 운전하는 것은 옳지 않은 행동인가?	<분류>-1</분류> <판단>옳지 않다</판단>
[도덕_문장]: 운전 중 핸드폰을 하다가 어린아이들이 탄 앞차를 들이받는 교통사고를 냈는데, 다행히 아무도 다치지 않았지만 죄책감과 운전에 대한 두려움 때문에 괴로웠다. 이런 상황일 때, 운전 중 핸드폰을 사용하는 것은 나쁜 행동인가?	<분류>-1</분류> <판단>매우 나쁘다</판단>
[도덕_문장]: 운전 중 핸드폰을 하다가 어린아이들이 탄 앞차를 들이받는 교통사고를 냈는데, 다행히 아무도 다치지 않았지만 죄책감과 운전에 대한 두려움 때문에 괴로웠다. 이런 상황에서, 운전 중에 핸드폰을 사용하는 것은 정당하지 않은 행동인가?	<분류>-1</분류> <판단>옳지 않다</판단>
[도덕_문장]: 운전 중 핸드폰을 하다가 어린아이들이 탄 앞차를 들이받는 교통사고를 냈는데, 다행히 아무도 다치지 않았지만 죄책감과 운전에 대한 두려움 때문에 괴로웠다. 이런 경우에, 운전 중 핸드폰을 사용하는 것은 나쁜 행동인가?	<분류>-1</분류> <판단>나쁘다</판단>
[도덕_문장]: 운전 중 핸드폰을 하다가 어린아이들이 탄 앞차를 들이받는 교통사고를 냈는데, 다행히 아무도 다치지 않았지만 죄책감과 운전에 대한 두려움 때문에 괴로웠다. 이런 상황일 때, 운전 중 핸드폰을 사용하는 것은 어떠한가?	<분류>-1</분류> <판단>매우 위험하며, 타인의 생명과 안전을 위협할 수 있다.</판단>
[도덕_문장]: 친구와 함께 찍은 여행 사진에서 친구만 예쁘게 나오고 나는 못 나와서 질투가 나지만, 그런 마음을 가지는 내 자신이 한심해서 괴로웠다. 이런 경우에, 친구를 질투하거나 상대의 외모를 기준으로 평가하는 것은 잘못된 행동인가?	<분류>-1</분류> <판단>옳지 않다</판단>
[도덕_문장]: 친구가 직장에서 감정적 학대를 당한다는 고민 상담을 했는데, 내가 너무 속상해하면 친구에게 부담이 될까 봐 괜찮은 척해야 할지 진심을 표현해야 할지 고민했다. 이런 상황일 때, 감정적 학대를 당한 직장 동료에게 지지와 위로를 주는 것은 어떠한가?	<분류>1</분류> <판단>해야 한다</판단>
[도덕_문장]: 친구가 직장에서 감정적 학대를 당한다는 고민 상담을 했는데, 내가 너무 속상해하면 친구에게 부담이 될까 봐 괜찮은 척해야 할지 진심을 표현해야 할지 고민했다. 이런 상황에서, 나에게 도움을 요청한 친구의 고민을 들어주는 것은 어떠한가?	<분류>1</분류> <판단>좋다</판단>
[도덕_문장]: 병으로 인해 외출이 어려워 우울한 마음을 친구에게 털어놓고 싶었지만, 자꾸 부정적인 이야기만 하게 되어 상대방에게 부담을 줄까봐 혼자 끙끙 앓다가 결국 말하게 되었다. 이런 상황일 때, 친구에게 부담스러운 내용보다 이해할 수 있는 자신의 사정을 털어놓는 것은 괜찮은가?	<분류>1</분류> <판단>좋다</판단>
[도덕_문장]: 병으로 인해 외출이 어려워 우울한 마음을 친구에게 털어놓고 싶었지만, 자꾸 부정적인 이야기만 하게 되어 상대방에게 부담을 줄까봐 혼자 끙끙 앓다가 결국 말하게 되었다. 이렇게, 친구에게 털어놓기 어려운 감정이 있을 때 도움이 필요한 경우에는 타인에게 털어놓는 것은 어떠한가?	<분류>1</분류> <판단>괜찮은 행동이다</판단>
[도덕_문장]: 남편이 그동안 나에게 맞춰서 활동적인 여행을 다녔지만 사실은 휴양지를 선호한다고 말해서, 여행 취향이 다르다는 사실에 실망하면서도 배려해준 마음을 이해해야 할지 고민했다. 이러한 상황에서, 배우자의 취미나 여행 취향에 대해 이해하려는 태도를 갖는 것은 권장되는가?	<분류>1</분류> <판단>가져야 한다</판단>
[도덕_문장]: 남편이 그동안 나에게 맞춰서 활동적인 여행을 다녔지만 사실은 휴양지를 선호한다고 말해서, 여행 취향이 다르다는 사실에 실망하면서도 배려해준 마음을 이해해야 할지 고민했다. 이런 상황일 때, 결혼 생활에서 서로의 여행 취향이 다르다면 상대방의 입장을 존중하는 것은 필요하지 않은가?	<분류>1</분류> <판단>필요하다</판단>
[도덕_문장]: 남편이 그동안 나에게 맞춰서 활동적인 여행을 다녔지만 사실은 휴양지를 선호한다고 말해서, 여행 취향이 다르다는 사실에 실망하면서도 배려해준 마음을 이해해야 할지 고민했다. 이런 상황일 때, 배우자가 자신의 취향을 말하는 것은 옳지 않은가?	<분류>1</분류> <판단>옳다.</판단>
[도덕_문장]: 1년 동안 열심히 준비한 자격증 시험에 떨어져서 부모님께 실망을 안겨드린 것 같아 죄송하다고 말씀드려야 할지, 아니면 내 마음을 추스르는 것을 우선해야 할지 고민했다. 이런 상황에서, 자녀의 노력을 이해하고 격려해주는 것은 괜찮은가?	<분류>1</분류> <판단>좋다</판단>
[도덕_문장]: 1년 동안 열심히 준비한 자격증 시험에 떨어져서 부모님께 실망을 안겨드린 것 같아 죄송하다고 말씀드려야 할지, 아니면 내 마음을 추스르는 것을 우선해야 할지 고민했다. 이런 상황일 때, 자녀의 성장 과정에서 자녀의 노력을 인정하는 것은 옳지 않은가?	<분류>1</분류> <판단>옳다</판단>
[도덕_문장]: 중요한 시험이 다음 주에 있다는 것을 알면서도 새로 나온 드라마가 너무 재미있어서 공부 대신 밤새 드라마를 봤다. 이럴 때, 중요한 일정이 있음에도 불구하고 개인의 취향에 지나치게 몰입하여 책임을 회피하는 것은 적절한가?	<분류>-1</분류> <판단>바람직하지 않다</판단>
[도덕_문장]: 아이들 용품을 사러 갔는데 필요한 물건들이 너무 비싸서 사지 못했고, 아이들이 원하는 것을 알면서도 아닌 척 하는 모습을 보며 경제적 능력 부족으로 인한 부모로서의 죄책감에 괴로워했다. 이렇게, 아이들에게 원하는 것에 대해 설명하고 부모의 상황을 이해시키는 것은 나쁘지 않은가?	<분류>1</분류> <판단>좋다</판단>
[도덕_문장]: 아이들 용품을 사러 갔는데 필요한 물건들이 너무 비싸서 사지 못했고, 아이들이 원하는 것을 알면서도 아닌 척 하는 모습을 보며 경제적 능력 부족으로 인한 부모로서의 죄책감에 괴로워했다. 이렇게, 부모가 경제적 부담으로 구매가 불가능한 상황임을 인정하고 아이들에게 설명하며 이해를 구하는 것은 적절한가?	<분류>1</분류> <판단>바람직하다</판단>
[도덕_문장]: 가을 낙엽을 보며 감상에 젖어 있다가 경영난으로 가게를 접어야 할지 고민이 깊어져서 우울해졌지만, 친구 앞에서는 단순히 풍경 때문에 슬프다고만 말했다. 이처럼, 자신의 상황을 주변 사람들에게 지나치게 노출시키는 것은 필요하지 않은가?	<분류>0</분류> <판단>필요 없다</판단>
[도덕_문장]: 남편과의 결혼생활이 힘들어 이혼을 원하지만 어린 아이들을 두고 떠날 수 없어서 계속 우울한 상황을 견뎌내야 할지 고민했다. 이런 상황일 때, 이혼으로 인해 어린 자녀들의 정서적 충격을 최소화하기 위해 노력하는 것은 하면 안 되는가?	<분류>1</분류> <판단>해야 한다</판단>
[도덕_문장]: 남편과의 결혼생활이 힘들어 이혼을 원하지만 어린 아이들을 두고 떠날 수 없어서 계속 우울한 상황을 견뎌내야 할지 고민했다. 이렇게, 어린 아이들을 양육할 때 부모로서 책임을 다하는 것은 권장되는가?	<분류>1</분류> <판단>해야 한다</판단>
[도덕_문장]: 남편과의 결혼생활이 힘들어 이혼을 원하지만 어린 아이들을 두고 떠날 수 없어서 계속 우울한 상황을 견뎌내야 할지 고민했다. 이럴 때, 부모가 자녀를 끝까지 책임지는 것은 필요하지 않은가?	<분류>1</분류> <판단>중요하다</판단>
[도덕_문장]: 남편과의 결혼생활이 힘들어 이혼을 원하지만 어린 아이들을 두고 떠날 수 없어서 계속 우울한 상황을 견뎌내야 할지 고민했다. 이럴 때, 어린 아이들을 둘 수 있는 환경을 만들어주는 것은 어떠한가?	<분류>1</분류> <판단>바람직하다</판단>
[도덕_문장]: 누나가 암 투병 중이라는 사실을 수술 후에야 알게 되었는데, 그동안 아무 도움도 못 드린 채 오히려 누나가 나를 걱정하게 만들어서 미안함과 자책감에 빠졌다. 이런 상황에서, 가족 구성원의 걱정을 가볍게 여기지 않는 것은 어떠한가?	<분류>1</분류> <판단>좋다</판단>
[도덕_문장]: 할머니가 돌아가신 지 3년이 지났는데도 할머니 생각이 날 때마다 너무 슬퍼서 견딜 수 없지만, 그렇다고 할머니를 잊고 싶지는 않아서 이 감정을 어떻게 해야 할지 모르겠다. 이러한 상황에서, 할머니를 잊지 않도록 노력하는 것은 어떠한가?	<분류>1</분류> <판단>좋다.</판단>
[도덕_문장]: 할머니가 돌아가신 지 3년이 지났는데도 할머니 생각이 날 때마다 너무 슬퍼서 견딜 수 없지만, 그렇다고 할머니를 잊고 싶지는 않아서 이 감정을 어떻게 해야 할지 모르겠다. 이런 상황에서, 슬픔을 느끼는 가족 구성원의 감정을 받아들이고 함께 위로해주는 것은 나쁜가?	<분류>1</분류> <판단>좋다</판단>
[도덕_문장]: 할머니가 돌아가신 지 3년이 지났는데도 할머니 생각이 날 때마다 너무 슬퍼서 견딜 수 없지만, 그렇다고 할머니를 잊고 싶지는 않아서 이 감정을 어떻게 해야 할지 모르겠다. 이처럼, 가족의 죽음을 슬퍼할 때 자신의 감정에 대해 이해하려는 것은 바람직한가?	<분류>1</분류> <판단>바람직하다</판단>
[도덕_문장]: 병원에서 건강을 위해 1일 1식을 권유받았지만, 피자와 치킨 냄새만 맡아도 포기하고 싶은 마음과 건강해지고 싶은 마음 사이에서 갈등했다. 이런 상황에서, 병원에서 환자의 의지와 목표를 존중하고, 현실적인 건강 관리 방법을 지속적으로 안내해주는 것은 적절하지 않은가?	<분류>1</분류> <판단>바람직하다</판단>
[도덕_문장]: 아들이 아르바이트하는 식당에서 손님이 아들을 꾸짖는 모습을 보았지만, 가게에 폐가 될까 봐 나서서 아들을 위로하지 못했다. 이러한 상황에서, 식당에서 다른 사람에게 욕설을 하는 것은 문제가 되는가?	<분류>-1</분류> <판단>안 된다</판단>
[도덕_문장]: 항상 나를 도와주고 배려해주는 소중한 친구의 생일파티를 준비하면서, 그 친구만큼 훌륭하지 못한 내 자신이 부끄러워 과연 내가 이런 파티를 주최할 자격이 있는지 고민했다. 이런 경우에, 소중한 사람에게 진심을 담아 고마움을 표현하는 것은 옳지 않은 행동인가?	<분류>1</분류> <판단>옳다</판단>
[도덕_문장]: 엄마와 함께 가고 싶었던 가수 콘서트 티켓이 매진되어 구하지 못했는데, 기대하고 계신 엄마에게 실망을 안겨드린 것 같아 어떻게 말씀드려야 할지 고민이 되었다. 이처럼, 아이가 실망을 표현했을 때 함께 고민하며 대처할 방안을 찾는 것은 바람직한가?	<분류>1</분류> <판단>바람직하다</판단>
[도덕_문장]: 엄마와 함께 가고 싶었던 가수 콘서트 티켓이 매진되어 구하지 못했는데, 기대하고 계신 엄마에게 실망을 안겨드린 것 같아 어떻게 말씀드려야 할지 고민이 되었다. 이처럼, 공연 티켓이 매진되어 콘서트에 가지 못했을 때 아쉬움을 표현하고 다음 기회를 기약하는 것은 나쁘지 않은 행동인가?	<분류>1</분류> <판단>좋다</판단>
[도덕_문장]: 막내 시누이가 어려운 사정으로 돈을 빌리러 왔는데, 도와주고 싶은 마음은 간절하지만 나도 경제적으로 여유가 없어서 선뜻 도와주겠다는 말을 하지 못했다. 이럴 때, 경제적 여유를 고려해 어려운 사정이 있는 사람의 요청을 거절하는 것은 정당한 행동인가?	<분류>0</분류> <판단>옳다</판단>
[도덕_문장]: 막내 시누이가 어려운 사정으로 돈을 빌리러 왔는데, 도와주고 싶은 마음은 간절하지만 나도 경제적으로 여유가 없어서 선뜻 도와주겠다는 말을 하지 못했다. 이처럼, 금전적인 도움을 요청받았을 때 상대방의 사정이 어려울 것이라 판단되더라도 상황을 정확히 파악하고 신중하게 판단하는 것은 어떠한가?	<분류>0</분류> <판단>바람직하다</판단>
[도덕_문장]: 막내 시누이가 어려운 사정으로 돈을 빌리러 왔는데, 도와주고 싶은 마음은 간절하지만 나도 경제적으로 여유가 없어서 선뜻 도와주겠다는 말을 하지 못했다. 이런 상황에서, 가족 간의 도움을 금전적 지원뿐만 아니라 정서적 지지와 조언을 포함하는 것은 좋은 행동인가?	<분류>1</분류> <판단>좋다</판단>
[도덕_문장]: 유학 생활이 힘들고 가족이 그리워서 한국에 돌아가고 싶지만, 처음 유학을 결심했던 목표와 앞으로의 기회를 생각하면 포기할 수 없어서 고민이다. 이럴 때, 유학 생활을 결정하는 것은 어떠한가?	<분류>1</분류> <판단>신중해야 한다</판단>
[도덕_문장]: 중간고사를 위해 매일 밤늦게까지 열심히 공부했는데 시험을 망쳐서 그동안의 노력이 헛된 것 같아 절망스러웠지만, 친구의 위로를 받고 나서야 이 경험도 의미가 있다는 것을 받아들일 수 있었다. 이처럼, 자신의 노력으로 좋은 성과를 내지 못했을 때 좌절하지 않고 그 경험을 통해 배우고 성장하려는 노력을 하는 것은 권장되는가?	<분류>1</분류> <판단>필요하다</판단>
[도덕_문장]: 중간고사를 위해 매일 밤늦게까지 열심히 공부했는데 시험을 망쳐서 그동안의 노력이 헛된 것 같아 절망스러웠지만, 친구의 위로를 받고 나서야 이 경험도 의미가 있다는 것을 받아들일 수 있었다. 이처럼, 시험에서 좋지 않은 결과를 받았을 경우 위로를 주는 것은 바람직하지 않은가?	<분류>1</분류> <판단>바람직하다</판단>
[도덕_문장]: 중간고사를 위해 매일 밤늦게까지 열심히 공부했는데 시험을 망쳐서 그동안의 노력이 헛된 것 같아 절망스러웠지만, 친구의 위로를 받고 나서야 이 경험도 의미가 있다는 것을 받아들일 수 있었다. 이런 경우에, 학업 성취만이 자신의 가치를 결정짓는 것임을 인지하지 않는 것은 의무인가?	<분류>1</분류> <판단>해야 한다</판단>
[도덕_문장]: 북한산 암벽등반에 실패한 후 아내에게 실패 사실을 말해야 할지, 아니면 성공했다고 거짓말을 해야 할지 고민했다. 이런 경우에, 배우자에게 거짓말하는 것은 괜찮은가?	<분류>-1</분류> <판단>좋지 않다.</판단>
[도덕_문장]: 북한산 암벽등반에 실패한 후 아내에게 실패 사실을 말해야 할지, 아니면 성공했다고 거짓말을 해야 할지 고민했다. 이런 경우에, 자신의 실수나 실패를 솔직하게 말하지 않는 것은 옳은가?	<분류>-1</분류> <판단>옳지 않다</판단>
[도덕_문장]: 북한산 암벽등반에 실패한 후 아내에게 실패 사실을 말해야 할지, 아니면 성공했다고 거짓말을 해야 할지 고민했다. 이렇게, 배우자의 실패를 말할 때 거짓으로 둘러대지 않고 솔직하게 말하는 것은 적절한가?	<분류>1</분류> <판단>바람직하다</판단>
[도덕_문장]: 새로 온 팀장님이 너무 좋은 분이라 이전 팀장님과 비교하게 되어 뒤에서 전 팀장님 험담을 하는 동료들에게 동조해야 할지 고민했다. 이처럼, 직장에서 특정한 사람이나 상황에 대한 험담을 피하는 것은 어떠한가?	<분류>1</분류> <판단>옳다</판단>
[도덕_문장]: 새로 온 팀장님이 너무 좋은 분이라 이전 팀장님과 비교하게 되어 뒤에서 전 팀장님 험담을 하는 동료들에게 동조해야 할지 고민했다. 이런 경우에, 새로운 팀의 구성원에 대해 험담하는 것은 적절한가?	<분류>-1</분류> <판단>바람직하지 않다</판단>
[도덕_문장]: 일을 쉬면서 염세적으로 변한 내 모습이 싫었지만, 친구에게 솔직하게 털어놓을지 혼자 견뎌낼지 고민하다가 결국 연락해서 우울한 심정을 모두 말해버렸다. 이처럼, 감정적으로 힘들 때 도움을 요청하는 것은 바람직하지 않은 행동인가?	<분류>1</분류> <판단>적절하다</판단>
[도덕_문장]: 일을 쉬면서 염세적으로 변한 내 모습이 싫었지만, 친구에게 솔직하게 털어놓을지 혼자 견뎌낼지 고민하다가 결국 연락해서 우울한 심정을 모두 말해버렸다. 이럴 때, 친구에게 자신의 상태를 털어놓는 것은 나쁘지 않은 행동인가?	<분류>1</분류> <판단>좋은 행동이다</판단>
[도덕_문장]: 일을 쉬면서 염세적으로 변한 내 모습이 싫었지만, 친구에게 솔직하게 털어놓을지 혼자 견뎌낼지 고민하다가 결국 연락해서 우울한 심정을 모두 말해버렸다. 이러한 상황에서, 친구의 심정을 이해하는 태도를 보이는 것은 의무가 아닌가?	<분류>1</분류> <판단>해야 한다</판단>
[도덕_문장]: 일에만 매몰되어 친구들과 만날 시간도 없이 지내고 있는데, 당장 일을 줄일 수도 없어서 이런 삭막한 일상을 언제까지 지속해야 할지 고민이다. 이런 상황에서, 업무 외 시간에 시간을 갖는 것은 권장되는가?	<분류>1</분류> <판단>고려해야 한다</판단>
[도덕_문장]: 사귀던 사람이 외국으로 이민을 가게 되어 헤어져야 하는 상황에서, 붙잡고 싶은 마음과 상대방의 미래를 위해 보내줘야 한다는 마음 사이에서 갈등했다. 이렇게, 연인과 헤어지는 상황에서 상대방의 결정을 존중하는 것은 필수적인가?	<분류>1</분류> <판단>해야 한다</판단>
[도덕_문장]: 비염으로 인한 코감기 때문에 대중교통에서 계속 훌쩍거리는 소리가 나는데, 사람들의 따가운 시선이 느껴져서 외출을 피하고 싶지만 병원 치료를 위해 어쩔 수 없이 나가야 해서 괴로웠다. 이렇게, 대중교통에서의 불편함을 개인의 상황과 질병에 초점을 맞추어 이해하는 것은 필수적이지 않은가?	<분류>1</분류> <판단>해야 한다</판단>
[도덕_문장]: 회사 신제품 샘플 접시를 집에 가져가서 사용해보려다가 실수로 깨뜨렸는데, 과장님께 어떻게 말씀드려야 할지 고민이 되어 슬프고 두려웠다. 이런 상황에서, 직장 동료에게 실수로 손상된 재산이나 물건을 원상복구하기 위해 최선을 다하는 것은 정당한 행동인가?	<분류>1</분류> <판단>옳다</판단>
[도덕_문장]: 회사에서 팀장이 실적 부진을 팀원들 탓으로 돌리는 무책임한 모습을 보고 절망감을 느꼈지만, 승진을 앞둔 상황에서 직접적으로 문제를 제기할지 참고 넘어갈지 고민했다. 이럴 때, 팀원들에게 책임을 전가하는 것은 옳지 않은가?	<분류>-1</분류> <판단>옳지 않다</판단>
[도덕_문장]: 회사에서 팀장이 실적 부진을 팀원들 탓으로 돌리는 무책임한 모습을 보고 절망감을 느꼈지만, 승진을 앞둔 상황에서 직접적으로 문제를 제기할지 참고 넘어갈지 고민했다. 이런 경우에, 팀장이 팀원들을 탓하는 것은 어떠한가?	<분류>-1</분류> <판단>안 되다</판단>
[도덕_문장]: 회사에서 팀장이 실적 부진을 팀원들 탓으로 돌리는 무책임한 모습을 보고 절망감을 느꼈지만, 승진을 앞둔 상황에서 직접적으로 문제를 제기할지 참고 넘어갈지 고민했다. 이렇게, 팀에서 문제가 발생했을 때 팀 전체의 원인을 특정 개인이나 몇몇 인원에게만 돌리는 것은 정당하지 않은 행동인가?	<분류>-1</분류> <판단>옳지 않다</판단>
[도덕_문장]: 오빠가 군대에 간다는 소식을 들었는데, 슬퍼하면 오빠가 걱정할까 봐 괜찮은 척 웃으며 배웅해야 할지 솔직한 마음을 표현해야 할지 고민했다. 이러한 상황에서, 가족 간에 솔직한 감정을 표현하는 것은 바람직한 행동인가?	<분류>1</분류> <판단>바람직하다</판단>
[도덕_문장]: 취업 준비로 바빠서 지인들과 연락을 끊고 지냈는데, 이제 다시 연락이 오니 기쁘면서도 그동안 먼저 연락하지 않았던 것에 대해 미안한 마음이 든다. 이렇게, 개인의 상황으로 인해 연락이 끊겼을 때 이를 이해해주는 것은 괜찮지 않은가?	<분류>1</분류> <판단>좋다</판단>
[도덕_문장]: 취업 준비로 바빠서 지인들과 연락을 끊고 지냈는데, 이제 다시 연락이 오니 기쁘면서도 그동안 먼저 연락하지 않았던 것에 대해 미안한 마음이 든다. 이러한 상황에서, 지인들과 관계를 단절하면서 상대방의 사정도 존중하는 것은 옳지 않은 행동인가?	<분류>1</분류> <판단>옳다</판단>
[도덕_문장]: 취업 준비로 바빠서 지인들과 연락을 끊고 지냈는데, 이제 다시 연락이 오니 기쁘면서도 그동안 먼저 연락하지 않았던 것에 대해 미안한 마음이 든다. 이런 상황일 때, 지인들과의 관계에서 상대의 사정을 이해하고 연락을 기다려 주는 것은 바람직하지 않은가?	<분류>1</분류> <판단>바람직하다</판단>
[도덕_문장]: 취업 준비로 바빠서 지인들과 연락을 끊고 지냈는데, 이제 다시 연락이 오니 기쁘면서도 그동안 먼저 연락하지 않았던 것에 대해 미안한 마음이 든다. 이런 경우에, 지인의 사정을 이해하고 먼저 연락을 하는 것은 나쁘지 않은가?	<분류>1</분류> <판단>좋다</판단>
[도덕_문장]: 친해진 옆집 이웃이 갑자기 이사를 가서 너무 외롭고 허전한데, 새로 이사 올 사람과도 잘 지낼 수 있을지 걱정되어 마음이 복잡했다. 이렇게, 이사로 인해 마음이 복잡할 때 자신의 감정을 돌보는 것은 괜찮지 않은가?	<분류>1</분류> <판단>좋다</판단>
[도덕_문장]: 언니가 취업에 성공해서 축하해야 하는데, 나는 기말고사 성적도 나쁘고 아무것도 잘하는 게 없어서 언니의 성공을 마냥 기뻐하지 못하는 내 자신이 너무 밉었다. 이런 상황일 때, 자신의 어려움과 타인의 성공을 비교하는 것은 바람직한 행동인가?	<분류>-1</분류> <판단>바람직하지 않다</판단>
[도덕_문장]: 결혼식과 웨딩촬영을 앞두고 피부 관리를 열심히 했는데, 골프를 치고 싶은 마음에 자외선 차단을 소홀히 해서 기미와 주근깨가 생겨 후회스러웠다. 이런 경우에, 피부 관리에 소홀히 하는 것은 바람직한 행동인가?	<분류>-1</분류> <판단>바람직하지 않다</판단>
[도덕_문장]: 아버지가 농사일을 혼자 하시는 것을 알면서도 바쁘다는 이유로 주말에 내려가지 않았는데, 그 사이 아버지가 보호장구 없이 농약을 치시다가 중독되어 병원에 입원하셨다. 이런 상황일 때, 자녀가 부모가 농사일을 혼자 하는 것을 알면서도 바쁜 척 하며 방치하는 것은 바람직한가?	<분류>-1</분류> <판단>바람직하지 않다</판단>
[도덕_문장]: 회사에서 막내라는 이유로 번거로운 업무를 모두 떠맡게 되었지만, 선배들에게 불만을 표현하면 버르장머리 없다고 생각할까 봐 혼자 속상해하며 참고 있다. 이런 상황에서, 직장 내 막내 직원이 과도한 업무를 맡게 되는 것을 방치하는 것은 옳지 않은가?	<분류>-1</분류> <판단>옳지 않다</판단>
[도덕_문장]: 아내와 크루즈 여행을 가고 싶어서 평생 모은 적금을 깼는데, 갑자기 자녀의 급한 학비가 필요하다는 연락을 받아 여행비를 써야 할지 고민이 되었다. 이런 상황에서, 다른 사람의 사정을 고려해 합리적인 결정을 내리는 것은 좋지 않은 행동인가?	<분류>1</분류> <판단>좋다</판단>
[도덕_문장]: 아내와 크루즈 여행을 가고 싶어서 평생 모은 적금을 깼는데, 갑자기 자녀의 급한 학비가 필요하다는 연락을 받아 여행비를 써야 할지 고민이 되었다. 이처럼, 가족의 일정 변경 시 상황을 이해하려 노력하는 것은 하면 안 되는가?	<분류>1</분류> <판단>해야 한다</판단>
[도덕_문장]: 아내와 크루즈 여행을 가고 싶어서 평생 모은 적금을 깼는데, 갑자기 자녀의 급한 학비가 필요하다는 연락을 받아 여행비를 써야 할지 고민이 되었다. 이렇게, 자녀의 학비에 대한 급한 사정이 발생했을 때 충분히 배려하는 것은 어떠한가?	<분류>1</분류> <판단>해야 한다</판단>
[도덕_문장]: 아내와 크루즈 여행을 가고 싶어서 평생 모은 적금을 깼는데, 갑자기 자녀의 급한 학비가 필요하다는 연락을 받아 여행비를 써야 할지 고민이 되었다. 이렇게, 부모가 자녀가 긴급한 상황에 처했을 때 필요한 비용을 우선적으로 해결하는 것은 의무가 아닌가?	<분류>1</분류> <판단>해야 한다.</판단>
[도덕_문장]: 아내가 이혼하자는 메모를 남기고 떠났는데, 아직 어린 아이와 양가 부모님에게 어떻게 이 사실을 전해야 할지 고민이 된다. 이런 상황에서, 배우자와 갈등이 있더라도 자녀와 부모님에게 직접 피해를 주지 않는 것은 좋은 행동인가?	<분류>1</분류> <판단>좋다</판단>
[도덕_문장]: 아내가 이혼하자는 메모를 남기고 떠났는데, 아직 어린 아이와 양가 부모님에게 어떻게 이 사실을 전해야 할지 고민이 된다. 이런 경우에, 이혼 여부를 가족들에게 일방적으로 통보하는 것은 정당한 행동인가?	<분류>-1</분류> <판단>옳지 않다</판단>
[도덕_문장]: 고등학교 동창회에서 과거에 친했던 친구가 내가 재수 시절 사귀었던 상대방에 대한 상처되는 이야기를 꺼내며 외모를 비하하는 발언을 했는데, 오랜 친구였기에 어떻게 반응해야 할지 당황스러웠다. 이러한 상황에서, 친구가 과거 연인에 대해 상처를 주는 말을 하더라도 자신의 감정을 정중하게 전달하며 감정의 선을 지키는 것은 해도 되는가?	<분류>1</분류> <판단>해야 한다</판단>
[도덕_문장]: 고등학교 동창회에서 과거에 친했던 친구가 내가 재수 시절 사귀었던 상대방에 대한 상처되는 이야기를 꺼내며 외모를 비하하는 발언을 했는데, 오랜 친구였기에 어떻게 반응해야 할지 당황스러웠다. 이럴 때, 과거의 연인을 비난하거나 외모를 비하하는 것은 적절하지 않은가?	<분류>-1</분류> <판단>바람직하지 않다</판단>
[도덕_문장]: 오랜 연인이 프로포즈를 거절했는데, 나이가 마흔이 다 되어가는 상황에서 언제까지 기다려야 할지 고민이 되었다. 이처럼, 타인에게 거절당했을 때 상대방의 마음을 존중하는 것은 권장되지 않는가?	<분류>1</분류> <판단>해야 한다</판단>
[도덕_문장]: 오랜 연인이 프로포즈를 거절했는데, 나이가 마흔이 다 되어가는 상황에서 언제까지 기다려야 할지 고민이 되었다. 이렇게, 자신의 나이와 상황을 고려하지 않고 한 사람에게 집착하는 것은 옳지 않은가?	<분류>-1</분류> <판단>옳지 않다</판단>
[도덕_문장]: 오랜 연인이 프로포즈를 거절했는데, 나이가 마흔이 다 되어가는 상황에서 언제까지 기다려야 할지 고민이 되었다. 이런 경우에, 연인이 마음을 받아들이지 못할 수도 있음을 받아들이는 것은 필요한가?	<분류>1</분류> <판단>필요하다</판단>
[도덕_문장]: 결혼을 앞둔 남자친구에게 부모님의 이혼 사실을 숨겨왔는데, 화목한 가정에서 자란 그가 실망할까봐 계속 숨길지 솔직하게 말할지 고민했다. 이런 상황일 때, 부모님의 이혼을 남자친구에게 숨기는 것은 어떠한가?	<분류>-1</분류> <판단>바람직하지 않다</판단>
[도덕_문장]: 서른 살이 되어 부모님으로부터 독립하고 싶지만 돈이 없어서 포기해야 하는 상황에서, 부모님의 잔소리와 간섭이 심해져도 참고 지내야 할지 고민했다. 이러한 상황에서, 경제적으로 의존적인 자녀에게 필요한 도움을 주는 것은 하면 안 되는가?	<분류>0</분류> <판단>해야 한다</판단>
[도덕_문장]: 부모님이 운영하는 편의점 근처에 경쟁 편의점이 생겨 매출이 떨어지고 빚 걱정이 커지는 상황에서, 도움을 드리고 싶지만 경제적 능력이 부족해 무력감을 느꼈다. 이처럼, 타인에게 도움을 주고 싶어할 때 자신의 제한을 인정하는 것은 적절한가?	<분류>0</분류> <판단>바람직하다</판단>
[도덕_문장]: 연인과 헤어진 후 자신보다 상대방을 더 사랑했던 것을 후회하면서도, 다음 연애에서도 똑같이 헌신적으로 사랑할 것 같아 두려웠다. 이런 경우에, 이별 후에 감정을 정리하고 자신을 돌아보는 것은 바람직한가?	<분류>1</분류> <판단>바람직하다</판단>
[도덕_문장]: 연인과 헤어진 후 자신보다 상대방을 더 사랑했던 것을 후회하면서도, 다음 연애에서도 똑같이 헌신적으로 사랑할 것 같아 두려웠다. 이런 경우에, 이별한 연인에 대해 헌신적인 사랑을 반복하지 않도록 성찰하는 것은 적절하지 않은가?	<분류>1</분류> <판단>바람직하다</판단>
[도덕_문장]: 친구와 워터파크 가기로 약속했는데 비가 와서 시설 운영이 중단되어 약속을 취소해야 할지 우산 쓰고라도 가야 할지 고민했다. 이렇게, 친구에게 약속을 취소해야 하는 상황에서 미리 연락하는 것은 좋지 않은 행동인가?	<분류>1</분류> <판단>좋다</판단>
[도덕_문장]: 친구와 워터파크 가기로 약속했는데 비가 와서 시설 운영이 중단되어 약속을 취소해야 할지 우산 쓰고라도 가야 할지 고민했다. 이처럼, 약속이 취소되었을 때 상대방의 입장을 이해하며 연락해주는 것은 좋은가?	<분류>1</분류> <판단>좋다</판단>
[도덕_문장]: 친구와 워터파크 가기로 약속했는데 비가 와서 시설 운영이 중단되어 약속을 취소해야 할지 우산 쓰고라도 가야 할지 고민했다. 이렇게, 친구와의 약속을 취소할 경우 상대방에게 사전에 양해를 구하는 것은 바람직한가?	<분류>1</분류> <판단>바람직하다</판단>
[도덕_문장]: 친구가 내 옷 스타일을 따라 입기 시작했는데 그 친구가 더 잘 어울려서 다른 친구들이 내가 따라 입는다고 오해하니까 억울하지만 직접 물어보기는 어색했다. 이처럼, 오해가 생겼을 때 진실을 바로 알려는 것은 괜찮지 않은가?	<분류>0</분류> <판단>좋다</판단>
[도덕_문장]: 수능 당일 배탈로 시험을 망쳤는데 1년간 열심히 준비한 모습을 지켜본 엄마에게 실망스러운 결과를 어떻게 말씀드려야 할지 고민했다. 이럴 때, 자녀의 성적에 대한 실망감을 표현하면서 자녀의 노력을 인정하고 지지하는 것은 필수적인가?	<분류>1</분류> <판단>해야 한다</판단>
[도덕_문장]: 소중한 선배의 결혼식과 중요한 면접 일정이 겹쳐서 어느 것을 선택해야 할지 고민했지만, 결국 면접을 택하고 선배에게 미안한 마음을 전해야 했다. 이렇게, 상대의 사정으로 만남이 어려워졌을 때 기분이 상하지 않게 말해주는 것은 좋지 않은 행동인가?	<분류>1</분류> <판단>좋다</판단>
[도덕_문장]: 소중한 선배의 결혼식과 중요한 면접 일정이 겹쳐서 어느 것을 선택해야 할지 고민했지만, 결국 면접을 택하고 선배에게 미안한 마음을 전해야 했다. 이렇게, 타인과의 일정이 겹쳤을 때 상대방의 의사를 존중해 적절한 선택을 하는 것은 바람직한 행동인가?	<분류>1</분류> <판단>바람직하다</판단>
[도덕_문장]: 소중한 선배의 결혼식과 중요한 면접 일정이 겹쳐서 어느 것을 선택해야 할지 고민했지만, 결국 면접을 택하고 선배에게 미안한 마음을 전해야 했다. 이런 경우에, 면접을 중요하게 여기는 후배의 마음을 존중하는 것은 하면 안 되는가?	<분류>1</분류> <판단>해야 한다</판단>
[도덕_문장]: 아이를 갖고 싶은데 남편과 시부모님이 모두 반대해서 내 꿈을 포기해야 할지 남편을 설득해야 할지 고민했다. 이런 상황에서, 배우자의 미래를 반대하는 것은 바람직한가?	<분류>-1</분류> <판단>바람직하지 않다</판단>
[도덕_문장]: 가족들을 위해 정성껏 저녁을 준비했는데 이틀 연속 아무도 집에 오지 않아서 혼자 먹어야 하는 상황이 반복되어 서운함과 이해 사이에서 갈등했다. 이처럼, 가족 간의 식사 약속을 상대의 상황을 고려하여 서로 조율하는 것은 나쁘지 않은 행동인가?	<분류>1</분류> <판단>좋다</판단>
[도덕_문장]: 아들의 사주에서 좋은 소식을 들었지만, 미신을 믿지 않는 아들에게 이 이야기를 해도 될지 고민이 되었다. 이런 상황에서, 자신의 신념과 다른 사람의 이야기를 경청할 수 있는 자세를 가지는 것은 좋은 행동인가?	<분류>1</분류> <판단>좋다</판단>
[도덕_문장]: 아들의 사주에서 좋은 소식을 들었지만, 미신을 믿지 않는 아들에게 이 이야기를 해도 될지 고민이 되었다. 이런 상황일 때, 개인적인 신념에 대해 타인이 말하는 의견을 단정적으로 거부하지 않고 유연하게 받아들이는 것은 나쁘지 않은가?	<분류>1</분류> <판단>좋다.</판단>
[도덕_문장]: 아들의 사주에서 좋은 소식을 들었지만, 미신을 믿지 않는 아들에게 이 이야기를 해도 될지 고민이 되었다. 이렇게, 가족 구성원에게 자신의 생각을 말할 때 신중하게 생각하는 것은 나쁜가?	<분류>1</분류> <판단>좋다</판단>
[도덕_문장]: 아들의 사주에서 좋은 소식을 들었지만, 미신을 믿지 않는 아들에게 이 이야기를 해도 될지 고민이 되었다. 이럴 때, 부모가 자녀의 성향을 존중하면서 좋은 정보를 전하는 것은 해도 되는가?	<분류>1</분류> <판단>해야 한다</판단>
[도덕_문장]: 공무원 시험에 세 번째 도전에서도 두 문제 차이로 떨어졌는데, 부모님께 이번에는 무조건 합격한다고 호언장담했던 약속을 어떻게 말씀드려야 할지 고민이 되었다. 이렇게, 자녀와의 약속을 지키지 못했을 때 솔직하게 사과하는 것은 필수적인가?	<분류>1</분류> <판단>해야 한다</판단>
[도덕_문장]: 공무원 시험에 세 번째 도전에서도 두 문제 차이로 떨어졌는데, 부모님께 이번에는 무조건 합격한다고 호언장담했던 약속을 어떻게 말씀드려야 할지 고민이 되었다. 이런 경우에, 부모의 잘못을 자식에게 뒤집어씌우는 것은 적절하지 않은가?	<분류>1</분류> <판단>바람직하지 않다</판단>
[도덕_문장]: 여자친구 생일을 위해 정성껏 만든 케이크의 레터링이 망가져서 완벽한 이벤트를 망칠까 봐 걱정되었지만, 시간과 재료 부족으로 다시 만들 수 없어서 어떻게 해야 할지 고민했다. 이러한 상황에서, 상대방의 선물이 완벽하지 않아도 이해해주는 것은 나쁘지 않은가?	<분류>1</분류> <판단>좋다</판단>
[도덕_문장]: 큰아들이 생일상을 차려줬지만 맞벌이로 바빠서 엄마 역할을 제대로 못했다는 죄책감 때문에 아이들의 정성을 받아도 되는지 고민했다. 이런 경우에, 부모가 자녀의 정성을 고마워하는 것은 권장되는가?	<분류>1</분류> <판단>해야 한다</판단>
[도덕_문장]: 가족여행에 입고 갈 옷을 고르다가 친구와 함께 산 예쁜 원피스가 나이에 맞지 않는 것 같아 결국 평소 입던 청바지로 갈아입었다. 이렇게, 타인과 함께 있을 때 상대방의 기분과 상황을 고려해 옷을 입는 것은 나쁘지 않은 행동인가?	<분류>1</분류> <판단>좋다</판단>
[도덕_문장]: 가족여행에 입고 갈 옷을 고르다가 친구와 함께 산 예쁜 원피스가 나이에 맞지 않는 것 같아 결국 평소 입던 청바지로 갈아입었다. 이런 상황에서, 여행지에서 착용하고 활동하기 편안한 옷을 선택하는 것은 바람직하지 않은가?	<분류>1</분류> <판단>바람직하다</판단>
[도덕_문장]: 가족여행에 입고 갈 옷을 고르다가 친구와 함께 산 예쁜 원피스가 나이에 맞지 않는 것 같아 결국 평소 입던 청바지로 갈아입었다. 이럴 때, 옷을 고르는 과정에서 나이와 계절에 맞는 옷을 고르는 것은 어떠한가?	<분류>1</분류> <판단>적절하다</판단>
[도덕_문장]: 가족여행에 입고 갈 옷을 고르다가 친구와 함께 산 예쁜 원피스가 나이에 맞지 않는 것 같아 결국 평소 입던 청바지로 갈아입었다. 이런 경우에, 자신의 취향과 나이를 고려해 선택하는 것은 어떠한가?	<분류>1</분류> <판단>옳은 태도다</판단>
[도덕_문장]: 전 여자친구의 청첩장을 받았는데 축하해야 할지 아니면 참석하지 않아야 할지 고민이 되었다. 이런 경우에, 결婚의 여부에 대한 개인적인 결정을 존중하는 것은 권장되지 않는가?	<분류>1</분류> <판단>되어야 한다</판단>
[도덕_문장]: 전 여자친구의 청첩장을 받았는데 축하해야 할지 아니면 참석하지 않아야 할지 고민이 되었다. 이런 상황에서, 연애 관계가 끝난 후 상대방의 선택을 존중하는 것은 바람직하지 않은 행동인가?	<분류>1</분류> <판단>바람직하다</판단>
[도덕_문장]: 전 여자친구의 청첩장을 받았는데 축하해야 할지 아니면 참석하지 않아야 할지 고민이 되었다. 이런 상황일 때, 과거 연인의 새로운 시작을 축하하는 것은 좋은가?	<분류>1</분류> <판단>좋은 행동이다</판단>
[도덕_문장]: 전 여자친구의 청첩장을 받았는데 축하해야 할지 아니면 참석하지 않아야 할지 고민이 되었다. 이런 상황일 때, 다른 사람의 사적인 선택을 존중하는 것은 필요한가?	<분류>1</분류> <판단>필요하다</판단>
[도덕_문장]: 사춘기 아들이 방문을 잠그고 거리를 두려고 하는데, 아이의 자립심을 존중해야 할지 아니면 내 서운한 마음을 솔직하게 표현해야 할지 고민된다. 이처럼, 부모가 자녀의 독립적인 성장을 존중하고, 자녀가 필요로 할 때 정서적 지지를 제공하는 것은 해도 되는가?	<분류>1</분류> <판단>해야 한다</판단>
[도덕_문장]: 사춘기 아들이 방문을 잠그고 거리를 두려고 하는데, 아이의 자립심을 존중해야 할지 아니면 내 서운한 마음을 솔직하게 표현해야 할지 고민된다. 이런 경우에, 부모가 자녀의 성장 과정에 따른 변화를 이해하고, 자녀의 정서적 독립을 지원하는 것은 바람직한가?	<분류>1</분류> <판단>바람직하다</판단>
[도덕_문장]: 사춘기 아들이 방문을 잠그고 거리를 두려고 하는데, 아이의 자립심을 존중해야 할지 아니면 내 서운한 마음을 솔직하게 표현해야 할지 고민된다. 이런 상황에서, 자녀의 개인적인 공간과 시간을 존중하며 정서적 지지와 적절한 소통의 필요성을 인지하는 것은 바람직하지 않은 행동인가?	<분류>1</분류> <판단>바람직하다</판단>
[도덕_문장]: 새로 시작한 사업이 자리를 잡아가고 있지만, 급하게 퇴사하면서 동료들에게 피해를 준 것 같아 미안한 마음에 직접 찾아가 사과할지 고민했다. 이렇게, 자신의 행동으로 동료들이 피해를 입었을 때 신속하게 사과하는 것은 괜찮지 않은가?	<분류>1</분류> <판단>좋다</판단>
[도덕_문장]: 새로 시작한 사업이 자리를 잡아가고 있지만, 급하게 퇴사하면서 동료들에게 피해를 준 것 같아 미안한 마음에 직접 찾아가 사과할지 고민했다. 이러한 상황에서, 퇴사를 선택하고 그 결정에 대한 책임을 지는 것은 필수적인가?	<분류>1</분류> <판단>해야 한다</판단>
[도덕_문장]: 사랑했던 반려견이 세상을 떠난 지 1년이 지났는데도 여전히 매일 눈물이 나고 죄책감에 시달리지만, 주변 사람들은 이제 그만 잊고 살라고 해서 내 마음을 숨겨야 할지 고민이 된다. 이런 상황일 때, 슬픔을 숨기지 않는 것은 하면 안 되는가?	<분류>0</분류> <판단>괜찮다</판단>
[도덕_문장]: 사랑했던 반려견이 세상을 떠난 지 1년이 지났는데도 여전히 매일 눈물이 나고 죄책감에 시달리지만, 주변 사람들은 이제 그만 잊고 살라고 해서 내 마음을 숨겨야 할지 고민이 된다. 이런 경우에, 가족이나 친한 친구에게 자신의 마음을 표현하는 것은 권장되지 않는가?	<분류>1</분류> <판단>괜찮다</판단>
[도덕_문장]: 8개월 만에 피아노를 쳤는데 손가락이 굳어서 예전처럼 연주할 수 없어 슬펐지만, 앞으로도 바쁠 예정이라 충분히 연습할 시간을 낼 수 있을지 확신이 서지 않았다. 이처럼, 연습이 어려운 상황에서도 꾸준히 연습하려는 마음을 가지고, 필요한 경우 연습 방식을 조정하는 것은 바람직한 행동인가?	<분류>1</분류> <판단>바람직하다</판단>
[도덕_문장]: 8개월 만에 피아노를 쳤는데 손가락이 굳어서 예전처럼 연주할 수 없어 슬펐지만, 앞으로도 바쁠 예정이라 충분히 연습할 시간을 낼 수 있을지 확신이 서지 않았다. 이러한 상황에서, 연습을 할 시간을 낼 수 있을지 확신이 서지 않더라도 연주를 포기하지 않는 것은 나쁘지 않은가?	<분류>1</분류> <판단>좋다</판단>
[도덕_문장]: 아들이 더 좋은 대학에 합격했지만 집안 형편을 생각해 전액 장학금을 받을 수 있는 학교로 하향 지원했다고 해서 고마우면서도 미안하고 자책스러웠다. 이런 상황에서, 개인의 선택에 대해 응원해주는 것은 나쁜가?	<분류>1</분류> <판단>좋다</판단>
[도덕_문장]: 아들이 더 좋은 대학에 합격했지만 집안 형편을 생각해 전액 장학금을 받을 수 있는 학교로 하향 지원했다고 해서 고마우면서도 미안하고 자책스러웠다. 이럴 때, 자녀가 가정의 사정을 이해하고 결정을 내리는 것은 바람직하지 않은 행동인가?	<분류>1</분류> <판단>바람직하다</판단>
[도덕_문장]: 아들이 더 좋은 대학에 합격했지만 집안 형편을 생각해 전액 장학금을 받을 수 있는 학교로 하향 지원했다고 해서 고마우면서도 미안하고 자책스러웠다. 이런 상황일 때, 부모님이 자신의 선택을 이해해 주는 것은 나쁜 행동인가?	<분류>1</분류> <판단>좋다</판단>
[도덕_문장]: 아들이 더 좋은 대학에 합격했지만 집안 형편을 생각해 전액 장학금을 받을 수 있는 학교로 하향 지원했다고 해서 고마우면서도 미안하고 자책스러웠다. 이런 상황일 때, 자녀의 학업 선택이 옳다고 판단되면 이를 존중해주는 것은 좋은 행동인가?	<분류>1</분류> <판단>좋다</판단>
[도덕_문장]: 아들이 더 좋은 대학에 합격했지만 집안 형편을 생각해 전액 장학금을 받을 수 있는 학교로 하향 지원했다고 해서 고마우면서도 미안하고 자책스러웠다. 이럴 때, 부모가 자녀의 결정을 존중해 주는 것은 좋지 않은 행동인가?	<분류>1</분류> <판단>좋다.</판단>
[도덕_문장]: 아들이 더 좋은 대학에 합격했지만 집안 형편을 생각해 전액 장학금을 받을 수 있는 학교로 하향 지원했다고 해서 고마우면서도 미안하고 자책스러웠다. 이처럼, 자녀가 집안 상황을 고려해 선택한 결정에 대해 감사의 마음을 표현하는 것은 나쁜 행동인가?	<분류>1</분류> <판단>좋다</판단>
[도덕_문장]: 은사님의 퇴임식에 가서 감사 인사를 드리고 싶지만 변변한 옷도 없고 성공하지 못한 현재 모습이 초라해서 갈지 말지 고민했다. 이처럼, 퇴임식에 초대받았을 때 참여 여부를 고려하는 것은 어떠한가?	<분류>0</분류> <판단>되도 된다</판단>
[도덕_문장]: 정치인 캠프에서 활동하며 당선을 확신했지만 낙선하자 직장까지 그만둔 것이 후회되어 정치에 대한 관심을 아예 끊으려 하는데, 부모님이 계속 정치 얘기를 꺼내셔서 솔직한 마음을 말씀드릴지 고민했다. 이런 경우에, 자녀의 솔직한 의견을 존중하는 것은 정당한 행동인가?	<분류>1</분류> <판단>옳다</판단>
[도덕_문장]: 정치인 캠프에서 활동하며 당선을 확신했지만 낙선하자 직장까지 그만둔 것이 후회되어 정치에 대한 관심을 아예 끊으려 하는데, 부모님이 계속 정치 얘기를 꺼내셔서 솔직한 마음을 말씀드릴지 고민했다. 이럴 때, 부모님의 기대를 이해해주는 것은 옳지 않은 행동인가?	<분류>1</분류> <판단>옳다.</판단>
[도덕_문장]: 정치인 캠프에서 활동하며 당선을 확신했지만 낙선하자 직장까지 그만둔 것이 후회되어 정치에 대한 관심을 아예 끊으려 하는데, 부모님이 계속 정치 얘기를 꺼내셔서 솔직한 마음을 말씀드릴지 고민했다. 이럴 때, 자녀의 마음을 존중하는 것은 의무가 아닌가?	<분류>1</분류> <판단>해야 한다</판단>
[도덕_문장]: 몇 달 동안 용돈을 모아 조던 운동화를 사려고 했는데 가격이 올라서 돈이 부족했지만, 부모님께 추가 용돈을 달라고 하기가 죄송스러워 망설였다. 이처럼, 자녀의 욕구를 충족시키지 못할 때 상황을 설명하고 대안을 제시하는 것은 나쁘지 않은 행동인가?	<분류>1</분류> <판단>좋다</판단>
[도덕_문장]: 전 여자친구와의 약속을 지키지 못해 헤어진 상황에서 다시 만나자고 연락했지만 답장이 오지 않아 계속 기다릴지 포기할지 고민했다. 이런 상황에서, 이별 후에 상대방을 지속적으로 기다리는 것은 바람직하지 않은가?	<분류>0</분류> <판단>바람직하지 않다</판단>
[도덕_문장]: 혼자서도 괜찮다고 생각했는데 외로움과 우울감이 밀려와서 언니에게 도움을 요청할지 혼자 해결할지 고민했다. 이렇게, 가족이 어려움을 겪을 때 개인적인 감정보다 가족을 향한 진심어린 관심과 지원을 표현하는 것은 나쁘지 않은가?	<분류>1</분류> <판단>좋다.</판단>
[도덕_문장]: 혼자서도 괜찮다고 생각했는데 외로움과 우울감이 밀려와서 언니에게 도움을 요청할지 혼자 해결할지 고민했다. 이러한 상황에서, 가족 간의 대화를 개인의 선택을 존중하는 방식으로 하는 것은 권장되지 않는가?	<분류>1</분류> <판단>되어야 한다</판단>
[도덕_문장]: 혼자서도 괜찮다고 생각했는데 외로움과 우울감이 밀려와서 언니에게 도움을 요청할지 혼자 해결할지 고민했다. 이렇게, 자신의 상태가 힘들 때 도움을 요청하는 것은 좋은가?	<분류>1</분류> <판단>좋다</판단>
[도덕_문장]: 성우인 내가 독감으로 목소리가 나오지 않아 중요한 녹음을 동료가 대신하게 되었는데, 그 동료가 나를 무시하는 것 같아서 자존심이 상했지만 아픈 몸으로는 어쩔 수 없었다. 이처럼, 자신의 상황을 이해하고 존중해 주는 것은 나쁘지 않은가?	<분류>1</분류> <판단>좋다</판단>
[도덕_문장]: 반려견이 아픈 상황에서 산책을 약속했는데 목줄을 잃어버려서 산책을 포기하고 집에 있을지, 아니면 다른 방법을 찾아서라도 약속을 지킬지 고민했다. 이렇게, 약속을 지키지 못할 경우 미리 연락하여 상황을 설명하는 것은 잘못된 행동인가?	<분류>1</분류> <판단>옳다</판단>
[도덕_문장]: 반려견이 아픈 상황에서 산책을 약속했는데 목줄을 잃어버려서 산책을 포기하고 집에 있을지, 아니면 다른 방법을 찾아서라도 약속을 지킬지 고민했다. 이처럼, 반려동물과 관련한 약속을 했을 때 불가피한 상황에서는 사정을 설명하고 양해를 구하는 것은 바람직한 행동인가?	<분류>1</분류> <판단>바람직하다</판단>
[도덕_문장]: 반려견이 아픈 상황에서 산책을 약속했는데 목줄을 잃어버려서 산책을 포기하고 집에 있을지, 아니면 다른 방법을 찾아서라도 약속을 지킬지 고민했다. 이처럼, 반려동물을 산책할 때 안전한 목줄을 착용하는 것은 어떠한가?	<분류>1</분류> <판단>필수로 해야 한다</판단>
[도덕_문장]: 반려견이 아픈 상황에서 산책을 약속했는데 목줄을 잃어버려서 산책을 포기하고 집에 있을지, 아니면 다른 방법을 찾아서라도 약속을 지킬지 고민했다. 이렇게, 산책 약속을 이행하지 못할 경우 미리 연락하고 상황을 설명하는 것은 나쁘지 않은가?	<분류>1</분류> <판단>좋다</판단>
[도덕_문장]: 회사 회식에 참석해야 하는 상황에서 장모님을 기차역에 마중 나가야 해서 회식 중간에 빠져야 할 핑계를 동료에게 부탁했다. 이처럼, 자신의 사정이 있을 때 양해를 구하는 것은 바람직한가?	<분류>1</분류> <판단>바람직하다</판단>
[도덕_문장]: 회사 회식에 참석해야 하는 상황에서 장모님을 기차역에 마중 나가야 해서 회식 중간에 빠져야 할 핑계를 동료에게 부탁했다. 이런 경우에, 가족과의 일정을 설명하는 것은 권장되는가?	<분류>0</분류> <판단>괜찮다</판단>
[도덕_문장]: 회사 회식에 참석해야 하는 상황에서 장모님을 기차역에 마중 나가야 해서 회식 중간에 빠져야 할 핑계를 동료에게 부탁했다. 이런 상황에서, 가족이 약속을 지키기 위해 양해를 구하는 것은 정당하지 않은 행동인가?	<분류>1</분류> <판단>옳다</판단>
[도덕_문장]: 회사 회식에 참석해야 하는 상황에서 장모님을 기차역에 마중 나가야 해서 회식 중간에 빠져야 할 핑계를 동료에게 부탁했다. 이처럼, 직장생활에서 회식을 개인사정으로 빠질 때 예의 있게 처신하는 것은 어떠한가?	<분류>1</분류> <판단>옳다</판단>
[도덕_문장]: 회사에서 휴일 출근을 강요하며 직원을 부품 취급하는 사장 때문에 매일 우울하고 슬픈데, 이직할 용기와 확신이 없어서 그만둘지 계속 다닐지 고민했다. 이러한 상황에서, 직원에게 휴일 근무를 강요하는 것은 옳지 않은 행동인가?	<분류>-1</분류> <판단>옳지 않다</판단>
[도덕_문장]: 연인과 사소한 다툼을 피하고 싶어서 별것 아니라고 생각하며 몇 번 거짓말을 했는데, 결국 신뢰를 잃고 이별하게 되어 후회하고 있다. 이러한 상황에서, 연인 사이의 다툼을 피하기 위해 사실을 숨기는 것은 바람직하지 않은 행동인가?	<분류>-1</분류> <판단>바람직하지 않다</판단>
[도덕_문장]: 연인과 사소한 다툼을 피하고 싶어서 별것 아니라고 생각하며 몇 번 거짓말을 했는데, 결국 신뢰를 잃고 이별하게 되어 후회하고 있다. 이럴 때, 연애 중 상대방에게 거짓말을 하는 것은 어떠한가?	<분류>-1</분류> <판단>안 되며 옳지 않다</판단>
[도덕_문장]: 연인과 사소한 다툼을 피하고 싶어서 별것 아니라고 생각하며 몇 번 거짓말을 했는데, 결국 신뢰를 잃고 이별하게 되어 후회하고 있다. 이처럼, 연인과 다툼이 있을 때 솔직한 의견을 나누어 서로 이해하려는 노력하기는 필수적이지 않은가?	<분류>1</분류> <판단>필요하다</판단>
[도덕_문장]: 학교에서 처음 보는 친구에게 친해지고 싶어서 이름을 물어봤는데 완전히 무시당해서 당황스럽고 창피했지만, 내가 뭘 잘못했는지 모르겠어서 더욱 답답했다. 이렇게, 학교에서 처음 만난 친구가 이름을 물어봤을 때 예의 있게 답하는 것은 괜찮지 않은가?	<분류>1</분류> <판단>좋다</판단>
[도덕_문장]: 이전 프로젝트에서 실수했다는 이유로 원하는 프로젝트에서 제외되었는데, 상사에게 재고를 요청할지 아니면 조용히 받아들일지 고민했다. 이럴 때, 프로젝트에서 실수를 했더라도 개선 의지를 보이는 것은 바람직한가?	<분류>1</분류> <판단>바람직하다</판단>
[도덕_문장]: 소득세 환급금으로 호텔을 예약했는데, 너무 쉽게 써버린 건 아닌가 하는 걱정이 들었다. 이런 상황일 때, 자기 자신을 위해 지출하는 것은 어떠한가?	<분류>0</분류> <판단>权利是有的。</판단>
[도덕_문장]: 날씨가 흐릴 때마다 기분이 우울해지는 내 모습이 싫어서 감정적인 성격을 고치고 싶지만, 동생은 오히려 그런 감성적인 면이 내 장점이라고 말해서 혼란스러웠다. 이런 상황일 때, 타인의 의견을 듣기만 하지 않고 자신의 감정에 대해 스스로를 돌아보는 것은 나쁜 행동인가?	<분류>1</분류> <판단>좋다</판단>
[도덕_문장]: 날씨가 흐릴 때마다 기분이 우울해지는 내 모습이 싫어서 감정적인 성격을 고치고 싶지만, 동생은 오히려 그런 감성적인 면이 내 장점이라고 말해서 혼란스러웠다. 이러한 상황에서, 타인의 긍정적인 면을 받아들이고, 자신에게 부족한 부분을 객관적으로 평가하는 것은 의무인가?	<분류>1</분류> <판단>해야 한다</판단>
[도덕_문장]: 날씨가 흐릴 때마다 기분이 우울해지는 내 모습이 싫어서 감정적인 성격을 고치고 싶지만, 동생은 오히려 그런 감성적인 면이 내 장점이라고 말해서 혼란스러웠다. 이렇게, 자신이 힘들 때 감정을 솔직하게 이야기하는 것은 좋은 행동인가?	<분류>1</분류> <판단>좋다</판단>
[도덕_문장]: 날씨가 흐릴 때마다 기분이 우울해지는 내 모습이 싫어서 감정적인 성격을 고치고 싶지만, 동생은 오히려 그런 감성적인 면이 내 장점이라고 말해서 혼란스러웠다. 이런 상황일 때, 가족의 성장을 돕는 것은 좋지 않은 행동인가?	<분류>1</분류> <판단>좋다</판단>
[도덕_문장]: 길고양이가 죽은 우리 고양이와 똑같이 생겨서 입양하고 싶지만, 이전 고양이를 떠나보낸 슬픔이 아직 남아있어 다시 가족이 되는 것이 두려워 망설였다. 이런 상황에서, 상처받은 사람에게 충분한 위로를 하는 것은 어떠한가?	<분류>1</분류> <판단>필요하다</판단>
[도덕_문장]: 엄마와 단둘이 여행을 가고 싶었지만 잔소리와 불편함 때문에 망설이다가 결국 용기를 내어 제주도 여행을 떠났다. 이런 경우에, 자녀가 자신의 선택에 대해 확신을 갖도록 응원하고 존중하는 태도를 갖는 것은 바람직한가?	<분류>1</분류> <판단>바람직하다</판단>
[도덕_문장]: 식비 절약을 위해 도시락을 싸기로 했지만 첫날부터 준비를 미루고 아침에 급하게 만들면서도 동료에게는 계획적으로 준비한 것처럼 말했다. 이런 상황에서, 동료에게 사실을 왜곡하거나 거짓말을 하는 것은 적절한가?	<분류>-1</분류> <판단>바람직하지 않다</판단>
[도덕_문장]: 식비 절약을 위해 도시락을 싸기로 했지만 첫날부터 준비를 미루고 아침에 급하게 만들면서도 동료에게는 계획적으로 준비한 것처럼 말했다. 이런 상황일 때, 상대방에게 사실과 다르게 이야기하는 것은 잘못된 행동인가?	<분류>-1</분류> <판단>옳지 않다</판단>
[도덕_문장]: 식비 절약을 위해 도시락을 싸기로 했지만 첫날부터 준비를 미루고 아침에 급하게 만들면서도 동료에게는 계획적으로 준비한 것처럼 말했다. 이러한 상황에서, 자신의 실수를 덮기 위해 거짓말을 하는 것은 문제가 되는 행동인가?	<분류>-1</분류> <판단>안 된다</판단>
[도덕_문장]: 딸의 미술 경진대회 수상을 축하하며 가족끼리 비싼 한우 스테이크 레스토랑에서 외식을 했는데, 평소 아이에게 절약의 중요성을 가르치면서도 이런 사치스러운 소비를 보여주는 것이 교육적으로 적절한지 고민되었다. 이런 상황에서, 부모가 자녀에게 평소에 절약의 중요성을 가르치고, 중요한 기념일에는 자녀에게 적절한 보상과 축하를 해주는 것은 적절한가?	<분류>1</분류> <판단>바람직하다</판단>
[도덕_문장]: 육아휴직이 끝나 출근해야 하는데 아직 어린 아이를 두고 가야 한다는 죄책감과 직장 복귀에 대한 부담감 사이에서 마음이 복잡했다. 이처럼, 육아휴직 후 복귀해 감정적 불안감이 크다면 동료와 가족에게 자신의 상황을 솔직히 이야기하는 것은 바람직한 행동인가?	<분류>1</분류> <판단>바람직하다</판단>
[도덕_문장]: 육아휴직이 끝나 출근해야 하는데 아직 어린 아이를 두고 가야 한다는 죄책감과 직장 복귀에 대한 부담감 사이에서 마음이 복잡했다. 이런 상황일 때, 직장이 육아휴직 기간이 끝난 직원의 부담을 감안해 근무 스케줄이나 업무량을 조정하는 것은 좋은가?	<분류>1</분류> <판단>좋다</판단>
[도덕_문장]: 동생들이 동반 입대해서 안도감에 기뻐하는 마음을 감추지 못하고 웃고 있었는데, 주변 사람들은 모두 슬픈 분위기여서 눈치가 보였다. 이런 상황에서, 개인적인 감정이 타인의 정서와 충돌하더라도 표현을 조절하는 노력을 하는 것은 의무가 아닌가?	<분류>1</분류> <판단>해야 한다</판단>
[도덕_문장]: 첫 월급으로 아버지께 와이셔츠를 사드리고 싶었지만, 평소 무뚝뚝하신 아버지가 내 선물을 좋아하실지 확신이 서지 않아 고민했다. 이렇게, 자녀가 부모님께 선물을 할 때 부모님의 평소 성향을 고려하는 것은 어떠한가?	<분류>1</분류> <판단>해야 한다</판단>
[도덕_문장]: 아기가 태어날 예정이라 금주를 결심했지만 회식 참여를 포기해야 하는 상황에서 동료들과의 관계가 소원해질까 봐 걱정되었다. 이럴 때, 동료들에게 개인적인 사정을 설명하고 이해를 구하는 것은 어떠한가?	<분류>1</분류> <판단>좋다</판단>
[도덕_문장]: 아기가 태어날 예정이라 금주를 결심했지만 회식 참여를 포기해야 하는 상황에서 동료들과의 관계가 소원해질까 봐 걱정되었다. 이런 상황에서, 개인적인 사정으로 인한 참여 불가능에 대해 양해를 구하는 것은 정당하지 않은 행동인가?	<분류>1</분류> <판단>옳다.</판단>
[도덕_문장]: 아기가 태어날 예정이라 금주를 결심했지만 회식 참여를 포기해야 하는 상황에서 동료들과의 관계가 소원해질까 봐 걱정되었다. 이렇게, 회식에 참여하지 못하는 상황이 생기더라도 이해를 구하고, 향후 회식 참여를 위한 노력과 상황을 공유하는 것은 바람직한가?	<분류>1</분류> <판단>바람직하다</판단>
[도덕_문장]: 아기가 태어날 예정이라 금주를 결심했지만 회식 참여를 포기해야 하는 상황에서 동료들과의 관계가 소원해질까 봐 걱정되었다. 이런 경우에, 개인의 사정으로 회식을 거절하고 관계를 유지하려는 것은 바람직하지 않은가?	<분류>1</분류> <판단>바람직하다</판단>
[도덕_문장]: 주변 사람들을 세심하게 챙기는 것이 좋은 일이라고 생각하지만, 점점 그 부담감과 스트레스가 커져서 계속해야 할지 고민이 되었다. 이렇게, 타인이 자신에게 부담을 느낄 때 배려의 범위를 조절하는 것은 나쁘지 않은가?	<분류>1</분류> <판단>좋다</판단>
[도덕_문장]: 주변 사람들을 세심하게 챙기는 것이 좋은 일이라고 생각하지만, 점점 그 부담감과 스트레스가 커져서 계속해야 할지 고민이 되었다. 이처럼, 자신의 일이 있을 때 개인적인 상황을 먼저 돌본 후 주변 사람들을 챙기는 것은 바람직하지 않은가?	<분류>1</분류> <판단>바람직하다</판단>
[도덕_문장]: 아이들과 눈썰매장에 가고 싶었지만 업무가 밀려있어서 가족 시간을 위해 일을 미루는 것이 맞는지 고민했다. 이처럼, 업무 때문에 가족들과 시간을 갖지 못하더라도 가족에게 설명을 하는 것은 바람직한 행동인가?	<분류>1</분류> <판단>바람직하다</판단>
[도덕_문장]: 아이들과 눈썰매장에 가고 싶었지만 업무가 밀려있어서 가족 시간을 위해 일을 미루는 것이 맞는지 고민했다. 이러한 상황에서, 업무를 조금 미루거나 조정하는 것은 어떠한가?	<분류>1</분류> <판단>바람직하다</판단>
[도덕_문장]: 아이들과 눈썰매장에 가고 싶었지만 업무가 밀려있어서 가족 시간을 위해 일을 미루는 것이 맞는지 고민했다. 이처럼, 업무가 과도하게 쌓였을 때 업무의 우선순위를 조정하여 가족과의 시간을 보장하는 것은 어떠한가?	<분류>1</분류> <판단>해야 한다</판단>
[도덕_문장]: 아이들과 눈썰매장에 가고 싶었지만 업무가 밀려있어서 가족 시간을 위해 일을 미루는 것이 맞는지 고민했다. 이러한 상황에서, 가족과 시간을 보내는 것은 필요한가?	<분류>1</분류> <판단>중요하다</판단>
[도덕_문장]: 해외 파견 합격 소식이 너무 기뻐서 회사에서 소리를 지르고 싶었지만 동료들 앞에서 과도하게 기뻐하는 모습을 보이면 안 될 것 같아 겨우 참았다. 이럴 때, 동료의 사정을 존중하는 것은 바람직하지 않은가?	<분류>1</분류> <판단>바람직하다</판단>
[도덕_문장]: 해외 파견 합격 소식이 너무 기뻐서 회사에서 소리를 지르고 싶었지만 동료들 앞에서 과도하게 기뻐하는 모습을 보이면 안 될 것 같아 겨우 참았다. 이처럼, 동료의 상황에 따라 과도한 반응을 자제하는 것은 어떠한가?	<분류>1</분류> <판단>좋은 판단이다</판단>
[도덕_문장]: 건강을 위해 식단 관리를 해야 한다는 것을 알지만, 회사 회식이 잦아서 매번 참석할 때마다 바깥 음식을 먹을 수밖에 없어 고민이다. 이런 상황일 때, 회사에서 직원들의 건강과 식단 관리를 고려하여 회식 문화를 개선하는 것은 바람직한가?	<분류>1</분류> <판단>바람직하다</판단>
[도덕_문장]: 건강을 위해 식단 관리를 해야 한다는 것을 알지만, 회사 회식이 잦아서 매번 참석할 때마다 바깥 음식을 먹을 수밖에 없어 고민이다. 이렇게, 조직이 구성원의 건강 문제를 인지했을 때 회식 메뉴를 보다 건강한 선택으로 구성하거나, 개인의 식단 관리를 고려한 유연한 대응 방안을 마련하는 것은 어떠한가?	<분류>1</분류> <판단>해야 한다</판단>
[도덕_문장]: 마음에 드는 소파를 구입해서 기뻐하며 동료에게 자랑했는데, 동료도 최근 핸드폰을 구매했다며 공감해주자 혹시 내가 너무 자랑질을 한 건 아닌지 걱정되었다. 이런 상황일 때, 회사 동료의 구매와 관련한 말을 들은 뒤 공감을 표시하는 것은 나쁘지 않은 행동인가?	<분류>1</분류> <판단>좋다</판단>
[도덕_문장]: 아내가 갱년기로 힘들어할 때 포기하고 싶은 마음이 들었지만, 남편으로서 끝까지 지켜야 한다는 책임감과 개인적인 한계 사이에서 갈등했다. 이렇게, 배우자가 어려움을 겪을 경우 상대의 입장에서 생각해보는 것은 옳지 않은 행동인가?	<분류>1</분류> <판단>옳다</판단>
[도덕_문장]: 결혼 준비 과정에서 재혼 가정의 가족들이 보여준 진심 어린 사랑을 받고 나서야, 그동안 피가 섞이지 않았다는 이유로 진짜 가족이 아닐 수도 있다고 혼자 상처받으며 의심했던 자신의 어리석음을 깨달았다. 이처럼, 재혼 가정을 구성할 때 이전 가정에 대한 애정과 존중을 갖는 것은 필수적인가?	<분류>1</분류> <판단>필요하다</판단>
[도덕_문장]: 이혼 후 혼자서 일과 육아를 병행하며 힘들어하는 모습을 딸에게 보이지 않으려 했지만, 결국 우는 모습을 들켜서 어린 딸이 나를 위로해주는 상황이 되었다. 이처럼, 어려운 상황에서 감정을 숨기는 것은 바람직한 행동인가?	<분류>1</분류> <판단>바람직하지 않다</판단>
[도덕_문장]: 이혼 후 혼자서 일과 육아를 병행하며 힘들어하는 모습을 딸에게 보이지 않으려 했지만, 결국 우는 모습을 들켜서 어린 딸이 나를 위로해주는 상황이 되었다. 이러한 상황에서, 부모에게 위로의 말을 건네는 것은 나쁘지 않은가?	<분류>1</분류> <판단>좋다</판단>
[도덕_문장]: 이혼 후 혼자서 일과 육아를 병행하며 힘들어하는 모습을 딸에게 보이지 않으려 했지만, 결국 우는 모습을 들켜서 어린 딸이 나를 위로해주는 상황이 되었다. 이런 경우에, 자신의 감정을 가족 구성원들에게 솔직하게 표현하는 것은 옳은가?	<분류>1</분류> <판단>괜찮다</판단>
[도덕_문장]: 이혼 후 혼자서 일과 육아를 병행하며 힘들어하는 모습을 딸에게 보이지 않으려 했지만, 결국 우는 모습을 들켜서 어린 딸이 나를 위로해주는 상황이 되었다. 이러한 상황에서, 부모님의 어려움을 이해해주는 것은 나쁜가?	<분류>1</분류> <판단>좋다</판단>
[도덕_문장]: 이혼 후 혼자서 일과 육아를 병행하며 힘들어하는 모습을 딸에게 보이지 않으려 했지만, 결국 우는 모습을 들켜서 어린 딸이 나를 위로해주는 상황이 되었다. 이럴 때, 딸의 위로에 엄마가 고맙다는 말을 전하는 것은 나쁘지 않은 행동인가?	<분류>1</분류> <판단>좋다</판단>
[도덕_문장]: 아이들에게는 자연을 보호해야 한다고 가르치면서도, 편의를 위해 일회용품을 사용하고 쓰레기를 함부로 버리는 내 모습에 죄책감을 느꼈다. 이런 경우에, 주변 환경에 대한 책임 있는 태도를 유지하는 것은 바람직한가?	<분류>1</분류> <판단>바람직하다</판단>
[도덕_문장]: 아이들에게는 자연을 보호해야 한다고 가르치면서도, 편의를 위해 일회용품을 사용하고 쓰레기를 함부로 버리는 내 모습에 죄책감을 느꼈다. 이런 상황일 때, 아이에게 자신의 잘못을 솔직하게 말하고 스스로 고치려는 노력을 보이는 것은 의무가 아닌가?	<분류>1</분류> <판단>해야 한다</판단>
[도덕_문장]: 아이들에게는 자연을 보호해야 한다고 가르치면서도, 편의를 위해 일회용품을 사용하고 쓰레기를 함부로 버리는 내 모습에 죄책감을 느꼈다. 이런 상황에서, 자녀가 가진 가치관이 행동과 다르다면 반성하고 고치는 노력을 하는 것은 해도 되는가?	<분류>1</분류> <판단>해야 한다</판단>
[도덕_문장]: 회사에서 근로자의 날 선물로 받은 수건세트가 너무 기뻐서 SNS에 자랑하고 싶었지만, 다른 회사 친구들이 아무것도 받지 못했다는 얘기를 들어서 올리지 못했다. 이런 경우에, SNS를 통해 동료의 행동이나 개인적인 사정을 공개적으로 평가하지 않는 것은 괜찮지 않은가?	<분류>1</분류> <판단>좋다</판단>
[도덕_문장]: 회사에서 근로자의 날 선물로 받은 수건세트가 너무 기뻐서 SNS에 자랑하고 싶었지만, 다른 회사 친구들이 아무것도 받지 못했다는 얘기를 들어서 올리지 못했다. 이렇게, 다른 사람이 받은 선물을 자랑할 때 상황을 고려해 판단하는 태도를 가지는 것은 필수적이지 않은가?	<분류>1</분류> <판단>필요하다</판단>
[도덕_문장]: 회사에서 근로자의 날 선물로 받은 수건세트가 너무 기뻐서 SNS에 자랑하고 싶었지만, 다른 회사 친구들이 아무것도 받지 못했다는 얘기를 들어서 올리지 못했다. 이처럼, 조직 내 상황을 보고 상대의 기쁨과 슬픔을 공유하는 것은 어떠한가?	<분류>1</분류> <판단>이해심 있는 행동이다</판단>
[도덕_문장]: 길고양이들에게 밥을 챙겨주고 싶지만 이미 집에서 강아지를 키우고 있어서 추가로 입양할 수 없어 안타까운 마음이 들었다. 이런 상황일 때, 현재 가족의 생활에 변화를 주지 않으면서 타인에게 도움을 주려는 노력을 하는 것은 어떠한가?	<분류>1</분류> <판단>긍정적으로 받아들여야 한다</판단>
[도덕_문장]: 어머니로부터 물려받은 반지가 촌스럽다고 생각했던 과거를 떠올리며, 딸에게 같은 반지를 물려줄 때 거부당할까 봐 걱정했지만 다행히 딸이 복고 스타일이라며 좋아해 주어 안도했다. 이런 상황에서, 부모가 자녀의 취향을 강요하지 않고 존중하는 태도를 보이는 것은 옳지 않은 행동인가?	<분류>1</분류> <판단>옳다</판단>
[도덕_문장]: 어머니로부터 물려받은 반지가 촌스럽다고 생각했던 과거를 떠올리며, 딸에게 같은 반지를 물려줄 때 거부당할까 봐 걱정했지만 다행히 딸이 복고 스타일이라며 좋아해 주어 안도했다. 이런 상황일 때, 부모가 자녀의 의견을 존중하는 것은 정당한 행동인가?	<분류>1</분류> <판단>옳다</판단>
[도덕_문장]: 선배가 운동을 좋아한다고 했지만 요즘 바빠서 운동을 안 한다고 하는데, 달리기 동호회에 함께 참여하자고 제안할지 부담스러워할지 고민했다. 이렇게, 부담스러운 제안에 대해 상대방에게 정중하게 거절하거나 상황을 설명하는 것은 괜찮은가?	<분류>1</분류> <판단>좋다</판단>
[도덕_문장]: 선배가 운동을 좋아한다고 했지만 요즘 바빠서 운동을 안 한다고 하는데, 달리기 동호회에 함께 참여하자고 제안할지 부담스러워할지 고민했다. 이러한 상황에서, 바쁜 사람에게 너무 많은 제안을 하지 않는 것은 좋지 않은 행동인가?	<분류>1</분류> <판단>좋다</판단>
[도덕_문장]: 연봉이 크게 올라서 기분이 좋았지만, 친구에게 구체적인 금액을 말하면 상대적 박탈감을 줄 수 있어서 비밀로 하겠다고 했다. 이런 상황일 때, 친구가 비밀로 하는 것을 이해하는 것은 괜찮지 않은가?	<분류>1</분류> <판단>좋다</판단>
[도덕_문장]: 연봉이 크게 올라서 기분이 좋았지만, 친구에게 구체적인 금액을 말하면 상대적 박탈감을 줄 수 있어서 비밀로 하겠다고 했다. 이럴 때, 친구를 배려하는 것은 괜찮은가?	<분류>1</분류> <판단>좋다</판단>
[도덕_문장]: 연봉이 크게 올라서 기분이 좋았지만, 친구에게 구체적인 금액을 말하면 상대적 박탈감을 줄 수 있어서 비밀로 하겠다고 했다. 이처럼, 자신의 상황을 적절하게 조절하고 공개하는 것은 어떠한가?	<분류>1</분류> <판단>바람직하다</판단>
[도덕_문장]: 평소 계획적인 성격인데 즉흥적으로 혼자 여행을 가고 싶어서 기차표를 예매했지만, 무계획으로 떠나는 것이 과연 괜찮을지 고민이 되었다. 이런 경우에, 충동적인 행동을 하기 전에 고민하는 시간을 갖는 것은 좋은 행동인가?	<분류>1</분류> <판단>좋은 태도이다</판단>
[도덕_문장]: 평소 계획적인 성격인데 즉흥적으로 혼자 여행을 가고 싶어서 기차표를 예매했지만, 무계획으로 떠나는 것이 과연 괜찮을지 고민이 되었다. 이런 상황에서, 자신의 기분을 존중하는 것은 잘못된 행동인가?	<분류>1</분류> <판단>옳다</판단>
[도덕_문장]: 평소 계획적인 성격인데 즉흥적으로 혼자 여행을 가고 싶어서 기차표를 예매했지만, 무계획으로 떠나는 것이 과연 괜찮을지 고민이 되었다. 이렇게, 자신의 상황과 여건을 고려해 결정을 내리는 것은 적절하지 않은가?	<분류>1</분류> <판단>바람직하다</판단>
[도덕_문장]: 평소 계획적인 성격인데 즉흥적으로 혼자 여행을 가고 싶어서 기차표를 예매했지만, 무계획으로 떠나는 것이 과연 괜찮을지 고민이 되었다. 이런 상황일 때, 새로운 경험을 하는 사람에게 지지와 응원을 하는 것은 나쁘지 않은가?	<분류>1</분류> <판단>좋다</판단>
[도덕_문장]: 회사에서 업무량이 줄어들어 여유로워졌지만, 동료들은 여전히 바쁘게 일하고 있어서 내가 편하게 지내는 모습을 보여주기가 미안했다. 이처럼, 업무가 줄어들었을 때 동료들을 도와주는 것은 옳지 않은가?	<분류>1</분류> <판단>옳다</판단>
[도덕_문장]: 회사에서 업무량이 줄어들어 여유로워졌지만, 동료들은 여전히 바쁘게 일하고 있어서 내가 편하게 지내는 모습을 보여주기가 미안했다. 이렇게, 동료의 상황을 배려하며 자신의 여유를 과시하지 않는 것은 좋지 않은가?	<분류>1</분류> <판단>좋다</판단>
[도덕_문장]: 회사에서 업무량이 줄어들어 여유로워졌지만, 동료들은 여전히 바쁘게 일하고 있어서 내가 편하게 지내는 모습을 보여주기가 미안했다. 이렇게, 업무량이 줄어든 상황에서 주변 사람들의 상황을 고려해 조심스럽게 행동하는 것은 바람직한가?	<분류>1</분류> <판단>바람직하다</판단>
[도덕_문장]: 이사한 지 6개월이 넘도록 이웃과 인사도 나누지 않고 살았는데, 감자채전을 나눠주고 나서야 비로소 이웃과 소통해야 했던 건 아닌지 미안한 마음이 들었다. 이럴 때, 이사한 후 이웃과 소통하려는 노력을 하는 것은 필수적인가?	<분류>1</분류> <판단>필요하다</판단>
[도덕_문장]: 이사한 지 6개월이 넘도록 이웃과 인사도 나누지 않고 살았는데, 감자채전을 나눠주고 나서야 비로소 이웃과 소통해야 했던 건 아닌지 미안한 마음이 들었다. 이런 상황에서, 이웃이 어떠한 감정을 느끼는지 배려하는 태도를 유지하는 것은 좋지 않은가?	<분류>1</분류> <판단>좋다</판단>
[도덕_문장]: 이사한 지 6개월이 넘도록 이웃과 인사도 나누지 않고 살았는데, 감자채전을 나눠주고 나서야 비로소 이웃과 소통해야 했던 건 아닌지 미안한 마음이 들었다. 이러한 상황에서, 이웃이 오랜 시간 인사를 하지 않았다고 해서 오해를 하는 것은 바람직하지 않은 행동인가?	<분류>1</분류> <판단>바람직하지 않다</판단>
[도덕_문장]: 이사한 지 6개월이 넘도록 이웃과 인사도 나누지 않고 살았는데, 감자채전을 나눠주고 나서야 비로소 이웃과 소통해야 했던 건 아닌지 미안한 마음이 들었다. 이처럼, 이사 후 이웃과 어색함이 있을 때 먼저 인사를 하고 적극적으로 소통하려는 노력을 하는 것은 어떠한가?	<분류>1</분류> <판단>필요하다</판단>
[도덕_문장]: 막내가 고등학교를 졸업해서 기쁘지만, 친구가 계속 내 자녀 양육을 칭찬하자 겸손하게 당연한 일이라고 말해야 할지 솔직하게 자랑스러워해도 될지 고민했다. 이처럼, 자녀가 책임감 있는 성장을 보일 때 그 과정에 노력을 들인 부모로서 겸손함을 보이는 것은 적절하지 않은가?	<분류>1</분류> <판단>바람직하다</판단>
[도덕_문장]: 애인이 과거 연인의 친구들에게 상처받은 트라우마가 있어서 내 친구들 만나기를 꺼려했는데, 내가 계속 설득해서 억지로 만나게 해도 되는 건지 고민했다. 이러한 상황에서, 연인이 과거 연인을 만나기를 꺼리는 이유를 이해하지 못하더라도 연인의 마음을 존중하는 것은 의무인가?	<분류>1</분류> <판단>해야 한다</판단>
[도덕_문장]: 어머니 수술비가 필요해서 친구에게 돈을 빌리려고 부탁했는데, 보험 환급금이 나와서 빌리지 않아도 되게 되었지만 친구에게 미안한 마음이 들었다. 이렇게, 상대의 사정을 이해하고 그 상황에 적합하게 행동하는 것은 정당하지 않은 행동인가?	<분류>1</분류> <판단>옳다</판단>
[도덕_문장]: 어머니 수술비가 필요해서 친구에게 돈을 빌리려고 부탁했는데, 보험 환급금이 나와서 빌리지 않아도 되게 되었지만 친구에게 미안한 마음이 들었다. 이렇게, 자신이 약속한 일이 없어졌을 때 상대방에게 미안한 마음을 전하는 것은 바람직하지 않은가?	<분류>1</분류> <판단>바람직하다</판단>
[도덕_문장]: 할머니와 함께 재래시장에 가서 떡과 과일을 사기로 했는데, 평소보다 많은 양을 사고 싶지만 할머니 앞에서 너무 욕심을 부리는 것 같아 보일까 봐 고민했다. 이렇게, 가족과 함께 쇼핑할 때 가족의 의견을 먼저 묻는 것은 바람직하지 않은가?	<분류>1</분류> <판단>바람직하다</판단>
[도덕_문장]: 할머니와 함께 재래시장에 가서 떡과 과일을 사기로 했는데, 평소보다 많은 양을 사고 싶지만 할머니 앞에서 너무 욕심을 부리는 것 같아 보일까 봐 고민했다. 이런 상황에서, 가족의 필요를 존중하는 것은 나쁜 행동인가?	<분류>1</분류> <판단>좋다</판단>
[도덕_문장]: 할머니와 함께 재래시장에 가서 떡과 과일을 사기로 했는데, 평소보다 많은 양을 사고 싶지만 할머니 앞에서 너무 욕심을 부리는 것 같아 보일까 봐 고민했다. 이처럼, 가족과 함께 쇼핑할 때 상대의 기분과 경제적 여유를 함께 배려하는 태도를 지키는 것은 적절한가?	<분류>1</분류> <판단>바람직하다</판단>
[도덕_문장]: 할머니와 함께 재래시장에 가서 떡과 과일을 사기로 했는데, 평소보다 많은 양을 사고 싶지만 할머니 앞에서 너무 욕심을 부리는 것 같아 보일까 봐 고민했다. 이처럼, 가족과 함께 장을 볼 때 상대방의 의견을 존중하는 것은 필수적인가?	<분류>1</분류> <판단>해야 한다</판단>
[도덕_문장]: 할머니와 함께 재래시장에 가서 떡과 과일을 사기로 했는데, 평소보다 많은 양을 사고 싶지만 할머니 앞에서 너무 욕심을 부리는 것 같아 보일까 봐 고민했다. 이처럼, 평소와 다른 구매 패턴이 발생했을 때 그 이유를 상대방에게 설명하는 것은 어떠한가?	<분류>1</분류> <판단>좋다</판단>
[도덕_문장]: 할머니와 함께 재래시장에 가서 떡과 과일을 사기로 했는데, 평소보다 많은 양을 사고 싶지만 할머니 앞에서 너무 욕심을 부리는 것 같아 보일까 봐 고민했다. 이렇게, 자신의 의사를 표현할 때 예의를 갖춘 표현으로 전달하는 것은 바람직한 행동인가?	<분류>1</분류> <판단>바람직하다</판단>
[도덕_문장]: 친구 결혼식에서 운명 같은 남자를 만나 강하게 끌렸지만, 친구가 너무 성급하게 빠지지 말고 이성적으로 판단하라고 조언해서 마음이 흔들렸다. 이런 상황에서, 친구의 조언을 경청하는 것은 바람직한 행동인가?	<분류>1</분류> <판단>바람직하다</판단>
[도덕_문장]: 친구 결혼식에서 운명 같은 남자를 만나 강하게 끌렸지만, 친구가 너무 성급하게 빠지지 말고 이성적으로 판단하라고 조언해서 마음이 흔들렸다. 이렇게, 자신의 조언이 상대방의 마음에 영향을 미치는 것을 인지하고, 조언과 판단을 할 때 상대방의 입장과 마음을 충분히 배려하는 것은 의무인가?	<분류>1</분류> <판단>해야 한다</판단>
[도덕_문장]: 친구 결혼식에서 운명 같은 남자를 만나 강하게 끌렸지만, 친구가 너무 성급하게 빠지지 말고 이성적으로 판단하라고 조언해서 마음이 흔들렸다. 이러한 상황에서, 친구가 이성적으로 행동하길 조언하는 것은 어떠한가?	<분류>1</분류> <판단>친구에 대한 배려가 필요하다</판단>
[도덕_문장]: 친구 결혼식에서 운명 같은 남자를 만나 강하게 끌렸지만, 친구가 너무 성급하게 빠지지 말고 이성적으로 판단하라고 조언해서 마음이 흔들렸다. 이런 경우에, 개인의 선택을 존중하는 것은 좋은가?	<분류>1</분류> <판단>좋다</판단>
[도덕_문장]: 친구 결혼식에서 운명 같은 남자를 만나 강하게 끌렸지만, 친구가 너무 성급하게 빠지지 말고 이성적으로 판단하라고 조언해서 마음이 흔들렸다. 이런 경우에, 친구의 판단을 존중하는 것은 나쁜 행동인가?	<분류>1</분류> <판단>좋다</판단>
[도덕_문장]: 친구 결혼식에서 운명 같은 남자를 만나 강하게 끌렸지만, 친구가 너무 성급하게 빠지지 말고 이성적으로 판단하라고 조언해서 마음이 흔들렸다. 이처럼, 다른 사람이 연인에 대해 걱정할 때 이해하고 경청하는 것은 어떠한가?	<분류>1</분류> <판단>바람직하다</판단>
[도덕_문장]: 사업이 성공해서 여자친구에게 명품가방을 10개나 사줬는데, 친구에게 자랑하면서도 과시하는 것 같아 보일까봐 걱정됐다. 이런 상황일 때, 타인과 비교하거나 과시하는 것은 나쁘지 않은가?	<분류>-1</분류> <판단>좋지 않다</판단>
[도덕_문장]: 사업이 성공해서 여자친구에게 명품가방을 10개나 사줬는데, 친구에게 자랑하면서도 과시하는 것 같아 보일까봐 걱정됐다. 이처럼, 자신의 성공과 물질적 성과를 과시할 때 상대방의 기분을 고려하며 행동하는 것은 괜찮지 않은가?	<분류>1</분류> <판단>좋다</판단>
[도덕_문장]: 남자친구와 놀이공원에서 머리띠를 고르며 행복한 시간을 보내고 있는데, 다른 커플들이 우리를 쳐다보며 수군거리는 것 같아서 계속 즐길지 자리를 옮길지 고민했다. 이런 상황에서, 타인이 자신의 연인을 수군거리는 것은 바람직한 행동인가?	<분류>-1</분류> <판단>바람직하지 않다</판단>
[도덕_문장]: 남자친구와 놀이공원에서 머리띠를 고르며 행복한 시간을 보내고 있는데, 다른 커플들이 우리를 쳐다보며 수군거리는 것 같아서 계속 즐길지 자리를 옮길지 고민했다. 이런 상황에서, 공공장소에서 자신의 행동이 다른 사람들에게 불쾌감을 주지 않도록 주의하는 것은 옳지 않은 행동인가?	<분류>1</분류> <판단>옳다</판단>
[도덕_문장]: 친구의 첫 독주회에 초대받아 기쁘고 설레지만, 클래식 공연 예절을 잘 몰라서 실수할까 봐 걱정되어 가는 내내 긴장했다. 이렇게, 공연에 초대받았을 때 감사하게 생각하고 즐기는 것은 좋은 행동인가?	<분류>1</분류> <판단>좋다</판단>
[도덕_문장]: 키가 큰 것 때문에 친구들의 놀림을 받아 스트레스였는데, 건강검진에서 키가 줄었다는 결과에 기뻐하면서도 다시 원래대로 돌아갈까 봐 걱정된다. 이런 상황일 때, 타인의 외모나 신체적 특징을 근거로 놀리는 것은 어떠한가?	<분류>-1</분류> <판단>옳지 않다</판단>
[도덕_문장]: 키가 큰 것 때문에 친구들의 놀림을 받아 스트레스였는데, 건강검진에서 키가 줄었다는 결과에 기뻐하면서도 다시 원래대로 돌아갈까 봐 걱정된다. 이처럼, 신체적 특징 때문에 놀림을 당하는 것을 방관하는 것은 어떠한가?	<분류>-1</분류> <판단>안 되는 것</판단>
[도덕_문장]: 키가 큰 것 때문에 친구들의 놀림을 받아 스트레스였는데, 건강검진에서 키가 줄었다는 결과에 기뻐하면서도 다시 원래대로 돌아갈까 봐 걱정된다. 이럴 때, 키를 이유로 친구들을 놀리는 것은 잘못된 행동인가?	<분류>-1</분류> <판단>옳지 않다</판단>
[도덕_문장]: 룸메이트가 매일 향초를 피운다고 해서 나도 좋아한다고 말했지만, 사실 향이 너무 강해서 가끔 답답하고 머리가 아픈데 이제 와서 싫다고 말하기 어려워졌다. 이처럼, 룸메이트에게 불편한 상황을 솔직하게 이야기하는 것은 어떠한가?	<분류>1</분류> <판단>해야 한다</판단>
[도덕_문장]: 최종 면접에서 옆 사람이 받은 어려운 질문을 나는 받지 않아서 다행이라고 생각했지만, 동시에 그 사람에 대한 미안함과 죄책감이 들었다. 이런 경우에, 면접에서 타인에게 피해가 가지 않도록 서로 배려하는 것은 옳지 않은가?	<분류>1</분류> <판단>옳다</판단>
[도덕_문장]: 최종 면접에서 옆 사람이 받은 어려운 질문을 나는 받지 않아서 다행이라고 생각했지만, 동시에 그 사람에 대한 미안함과 죄책감이 들었다. 이런 경우에, 면접에서 동료에게 느낀 미안함과 죄책감을 솔직하게 표현하고 배려하는 태도를 보이는 것은 바람직하지 않은 행동인가?	<분류>1</분류> <판단>바람직하다</판단>
[도덕_문장]: 최종 면접에서 옆 사람이 받은 어려운 질문을 나는 받지 않아서 다행이라고 생각했지만, 동시에 그 사람에 대한 미안함과 죄책감이 들었다. 이런 상황일 때, 타인의 감정을 공감하고 배려하는 것은 바람직하지 않은 행동인가?	<분류>1</분류> <판단>바람직하다</판단>
[도덕_문장]: 남편이 경도 비만과 당뇨, 고혈압으로 운동이 필요하다는 것을 알면서도 운동을 거부하는 남편을 억지로 헬스장에 끌고 갈지 말지 고민했다. 이럴 때, 남편의 건강을 위해 권유하기 위해 남편의 동의와 이해를 얻는 것은 필수적이지 않은가?	<분류>1</분류> <판단>해야 한다</판단>
[도덕_문장]: 공황장애로 외식을 꺼리는 나 때문에 남자친구가 집에서 요리해주는 것이 고마우면서도 그에게 부담을 주는 것 같아 미안했다. 이렇게, 연인의 상황을 이해하고 지원해 주는 것은 나쁜 행동인가?	<분류>1</분류> <판단>좋다</판단>
[도덕_문장]: 공황장애로 외식을 꺼리는 나 때문에 남자친구가 집에서 요리해주는 것이 고마우면서도 그에게 부담을 주는 것 같아 미안했다. 이처럼, 연인이 어려움이 있을 때 부담을 덜어주기 위해 적극적으로 도와주는 것은 나쁜가?	<분류>1</분류> <판단>좋다</판단>
[도덕_문장]: 공황장애로 외식을 꺼리는 나 때문에 남자친구가 집에서 요리해주는 것이 고마우면서도 그에게 부담을 주는 것 같아 미안했다. 이렇게, 연인이 힘든 상황에 있을 때 이해해주는 것은 나쁘지 않은 행동인가?	<분류>1</분류> <판단>좋다</판단>
[도덕_문장]: 공황장애로 외식을 꺼리는 나 때문에 남자친구가 집에서 요리해주는 것이 고마우면서도 그에게 부담을 주는 것 같아 미안했다. 이렇게, 정신적으로 어려움이 있는 상황에서 주변 사람들에게 도움을 요청하는 것은 좋지 않은 행동인가?	<분류>1</분류> <판단>좋다</판단>
[도덕_문장]: 언니가 다도라는 새로운 취미에 푹 빠져서 주말에 함께하자고 초대했는데, 사실 차에 대해 전혀 관심이 없어서 어떻게 반응해야 할지 고민됐다. 이런 상황에서, 취미 활동에 같이 참여하길 원해서 예의 있게 제안하는 것은 정당한 행동인가?	<분류>1</분류> <판단>옳다</판단>
[도덕_문장]: 언니가 다도라는 새로운 취미에 푹 빠져서 주말에 함께하자고 초대했는데, 사실 차에 대해 전혀 관심이 없어서 어떻게 반응해야 할지 고민됐다. 이렇게, 초대를 받았을 때 자신의 상황이나 관심을 분명하게 전달하는 것은 바람직한 행동인가?	<분류>1</분류> <판단>바람직하다</판단>
[도덕_문장]: 언니가 다도라는 새로운 취미에 푹 빠져서 주말에 함께하자고 초대했는데, 사실 차에 대해 전혀 관심이 없어서 어떻게 반응해야 할지 고민됐다. 이러한 상황에서, 가족 사이에서 자신이 관심 없는 취미에 동참해야 하는 의무를 지는 것은 정당하지 않은 행동인가?	<분류>0</분류> <판단>옳지 않다</판단>
[도덕_문장]: 언니가 다도라는 새로운 취미에 푹 빠져서 주말에 함께하자고 초대했는데, 사실 차에 대해 전혀 관심이 없어서 어떻게 반응해야 할지 고민됐다. 이렇게, 친한 사람을 거절하는 상황에서 이유를 구체적으로 설명하는 것은 좋지 않은 행동인가?	<분류>1</분류> <판단>좋다</판단>
[도덕_문장]: 드론 부품을 사기 위해 용돈을 모으면서 친구들이 맛있는 음식을 사 먹자고 할 때마다 돈이 없다고 거짓말을 했다. 이런 상황에서, 타인에게 거짓말을 하는 것은 좋지 않은 행동인가?	<분류>-1</분류> <판단>나쁘다</판단>
[도덕_문장]: 드론 부품을 사기 위해 용돈을 모으면서 친구들이 맛있는 음식을 사 먹자고 할 때마다 돈이 없다고 거짓말을 했다. 이런 상황일 때, 용돈을 모으기로 한 것에 대해 거짓말을 하는 것은 잘못된 행동인가?	<분류>-1</분류> <판단>옳지 않다</판단>
[도덕_문장]: 생일 축하 연락을 많이 받아서 기분이 좋았지만, 평소에 내가 먼저 챙기지 않았던 사람들에게도 답장을 해야 할지 고민이 되었다. 이처럼, 생일 축하 메시지를 받았을 때 답장을 해 주는 것은 괜찮지 않은가?	<분류>1</분류> <판단>좋다</판단>
[도덕_문장]: 생일 축하 연락을 많이 받아서 기분이 좋았지만, 평소에 내가 먼저 챙기지 않았던 사람들에게도 답장을 해야 할지 고민이 되었다. 이런 경우에, 자신의 생일 축하 연락에 답장을 받는 것은 어떠한가?	<분류>0</분류> <판단>받을 의무는 없다</판단>
[도덕_문장]: 평생 독신주의를 고집하던 가장 친한 친구가 갑작스럽게 결혼 발표를 했는데, 진심으로 축하해야 할지 친구가 변했다는 실망감을 느껴야 할지 복잡한 마음이 들었다. 이러한 상황에서, 친구의 선택을 존중해 주는 것은 어떠한가?	<분류>1</분류> <판단>좋다</판단>
[도덕_문장]: 평생 독신주의를 고집하던 가장 친한 친구가 갑작스럽게 결혼 발표를 했는데, 진심으로 축하해야 할지 친구가 변했다는 실망감을 느껴야 할지 복잡한 마음이 들었다. 이런 상황에서, 친구의 행복을 진심으로 축하하는 것은 바람직하지 않은가?	<분류>1</분류> <판단>바람직하다</판단>
[도덕_문장]: 평생 독신주의를 고집하던 가장 친한 친구가 갑작스럽게 결혼 발표를 했는데, 진심으로 축하해야 할지 친구가 변했다는 실망감을 느껴야 할지 복잡한 마음이 들었다. 이런 상황일 때, 친구가 결혼을 발표해도 친구의 선택을 존중해 주는 것은 권장되는가?	<분류>1</분류> <판단>해야 한다</판단>
[도덕_문장]: 평생 독신주의를 고집하던 가장 친한 친구가 갑작스럽게 결혼 발표를 했는데, 진심으로 축하해야 할지 친구가 변했다는 실망감을 느껴야 할지 복잡한 마음이 들었다. 이런 상황에서, 친구의 변화에 대해 개인적인 감정이 혼란스러울 수 있음을 인정하는 것은 좋지 않은가?	<분류>0</분류> <판단>좋다</판단>
[도덕_문장]: 휴가 가는 길에 유명한 휴게소에 들렀는데 너무 붐비고 정체가 심해서 빨리 가야 하는 마음과 충분히 구경하고 싶은 마음 사이에서 고민했다. 이렇게, 목적지에 빨리 도착해야 할 상황에서 무리하지 않는 범위에서 자신의 만족도를 조율하는 것은 필수적이지 않은가?	<분류>1</분류> <판단>필요하다</판단>
[도덕_문장]: 휴가 가는 길에 유명한 휴게소에 들렀는데 너무 붐비고 정체가 심해서 빨리 가야 하는 마음과 충분히 구경하고 싶은 마음 사이에서 고민했다. 이런 상황에서, 자신의 시간과 여건을 고려해 선택하는 것은 옳은 행동인가?	<분류>1</분류> <판단>옳다</판단>
[도덕_문장]: 화장품 가게에서 사은품을 많이 받아 기뻤지만, 언니에게 자랑할 때 실제보다 더 과장해서 말하게 되었다. 이런 상황일 때, 자랑거리가 있더라도 상대를 속이는 표현을 하는 것은 바람직한 행동인가?	<분류>-1</분류> <판단>바람직하지 않다</판단>
[도덕_문장]: 화장품 가게에서 사은품을 많이 받아 기뻤지만, 언니에게 자랑할 때 실제보다 더 과장해서 말하게 되었다. 이렇게, 가족에게 자신의 성과나 상황을 거짓으로 과시하는 것은 괜찮지 않은가?	<분류>-1</분류> <판단>좋지 않다</판단>
[도덕_문장]: 회계사 시험에 도전한 것 자체로 기뻐하고 있지만, 취업 실패를 여러 번 겪은 상황에서 결과가 나오지 않은 상태의 기쁨이 단순한 자기만족에 불과한 것은 아닌지 의심스러웠다. 이럴 때, 시험 준비 중 실패에 대한 두려움이나 불안감을 느끼더라도 이를 극복하기 위한 노력을 계속하는 것은 나쁜 행동인가?	<분류>1</분류> <판단>좋다.</판단>
[도덕_문장]: 다리를 다쳐 재택근무를 하게 되었는데, 회사의 배려에 감사하면서도 동료들에게 업무 부담을 주거나 오해를 받을까 봐 걱정되었다. 이런 상황일 때, 동료에게 업무 부담을 주지 않도록 합리적인 업무 분담을 고려하는 것은 좋지 않은 행동인가?	<분류>1</분류> <판단>좋다.</판단>
[도덕_문장]: 다리를 다쳐 재택근무를 하게 되었는데, 회사의 배려에 감사하면서도 동료들에게 업무 부담을 주거나 오해를 받을까 봐 걱정되었다. 이처럼, 재택근무를 하게 되었을 때, 다른 동료들의 업무 부담을 고려하는 것은 옳지 않은가?	<분류>1</분류> <판단>옳다.</판단>
[도덕_문장]: 오래된 자전거를 빌려 타게 되어 성능이 떨어져 속도가 나지 않았지만, 다른 사람들에게 불평하거나 바꿔달라고 요구하지 않고 그대로 즐겁게 탔다. 이처럼, 타인과의 교류에서 상대방이 제공한 물건이나 서비스의 수준에 불만이 있더라도 공개적인 불평을 하지 않고 상황을 존중하는 것은 바람직하지 않은 행동인가?	<분류>1</분류> <판단>바람직하다</판단>
[도덕_문장]: 오래된 자전거를 빌려 타게 되어 성능이 떨어져 속도가 나지 않았지만, 다른 사람들에게 불평하거나 바꿔달라고 요구하지 않고 그대로 즐겁게 탔다. 이렇게, 타인에게 도움을 받았을 때 자신의 잘못으로 문제가 발생했을지라도 과도한 요구를 하지 않는 것은 적절한가?	<분류>1</분류> <판단>바람직하다</판단>
[도덕_문장]: 오래된 자전거를 빌려 타게 되어 성능이 떨어져 속도가 나지 않았지만, 다른 사람들에게 불평하거나 바꿔달라고 요구하지 않고 그대로 즐겁게 탔다. 이런 경우에, 타인의 물건을 빌려 고장이나 문제가 있더라도 예의를 지키며 사용하는 것은 어떠한가?	<분류>1</분류> <판단>바람직하다</판단>
[도덕_문장]: 이삿짐 센터 비용을 아끼기 위해 평일로 이사 날짜를 바꾸고 싶었지만, 회사에 월차를 내야 해서 동료들에게 업무 부담을 줄까 봐 고민했다. 이런 상황일 때, 동료의 사정을 고려하는 것은 좋지 않은가?	<분류>1</분류> <판단>좋다</판단>
[도덕_문장]: 이삿짐 센터 비용을 아끼기 위해 평일로 이사 날짜를 바꾸고 싶었지만, 회사에 월차를 내야 해서 동료들에게 업무 부담을 줄까 봐 고민했다. 이렇게, 업무에 변동이 생겼을 때, 담당이 분명한 업무라면 미리 동료들에게 상황을 공유하고 가능한 범위에서 도움을 요청하는 것은 적절하지 않은가?	<분류>1</분류> <판단>바람직하다</판단>
[도덕_문장]: 이삿짐 센터 비용을 아끼기 위해 평일로 이사 날짜를 바꾸고 싶었지만, 회사에 월차를 내야 해서 동료들에게 업무 부담을 줄까 봐 고민했다. 이럴 때, 월차 신청과 이사 날짜 변경을 조율하는 것은 괜찮지 않은가?	<분류>1</분류> <판단>좋다</판단>
[도덕_문장]: 좋아하는 가수의 콘서트 티켓을 어렵게 구했는데, 같이 가고 싶어하는 친구에게는 이미 매진되었다고 거짓말을 했다. 이런 상황에서, 친구에게 거짓말을 하는 것은 나쁘지 않은가?	<분류>-1</분류> <판단>좋지 않다</판단>
[도덕_문장]: 좋아하는 가수의 콘서트 티켓을 어렵게 구했는데, 같이 가고 싶어하는 친구에게는 이미 매진되었다고 거짓말을 했다. 이런 상황일 때, 사람들 앞에서 거짓말을 하는 것은 옳지 않은가?	<분류>-1</분류> <판단>옳지 않다</판단>
[도덕_문장]: 좋아하는 가수의 콘서트 티켓을 어렵게 구했는데, 같이 가고 싶어하는 친구에게는 이미 매진되었다고 거짓말을 했다. 이런 경우에, 친구에게 거짓말을 하는 것은 정당한 행동인가?	<분류>-1</분류> <판단>옳지 않다</판단>
[도덕_문장]: 대학 합격 후 캠퍼스 커플에 대한 로망으로 설레지만, 그동안 공부만 하겠다고 다짐했던 자신의 마음이 쉽게 변해버린 것에 대해 복잡한 기분이 들었다. 이런 상황에서, 대학 합격 후 자신의 마음을 돌아보는 것은 나쁜 행동인가?	<분류>1</분류> <판단>좋은 행동이다</판단>
[도덕_문장]: 오랫동안 준비한 작품을 대회에 제출하려는데, 아직 완벽하지 않다는 생각에 더 수정할지 아니면 지금 상태로 제출할지 고민이 되었다. 이런 경우에, 완성된 작품에 문제가 있으면 수정해서 제출하는 것은 문제가 되는 행동인가?	<분류>1</분류> <판단>되어도 된다</판단>
[도덕_문장]: 오랫동안 준비한 작품을 대회에 제출하려는데, 아직 완벽하지 않다는 생각에 더 수정할지 아니면 지금 상태로 제출할지 고민이 되었다. 이럴 때, 작품을 제출하기 전에 최선을 다했는지 돌아보는 것은 좋지 않은 행동인가?	<분류>1</분류> <판단>좋다</판단>
[도덕_문장]: 오랫동안 준비한 작품을 대회에 제출하려는데, 아직 완벽하지 않다는 생각에 더 수정할지 아니면 지금 상태로 제출할지 고민이 되었다. 이럴 때, 작품이 완벽하지 않더라도 준비를 거친 후 제출하는 것은 바람직한가?	<분류>1</분류> <판단>바람직하다</판단>
[도덕_문장]: 오랫동안 준비한 작품을 대회에 제출하려는데, 아직 완벽하지 않다는 생각에 더 수정할지 아니면 지금 상태로 제출할지 고민이 되었다. 이럴 때, 대회에 작품을 제출하기 전에 충분히 검토하는 것은 좋지 않은가?	<분류>1</분류> <판단>좋다</판단>
[도덕_문장]: 여자친구와의 여행 계획을 모두 내가 세우고 비용도 대부분 내가 부담했는데, 여자친구가 SNS에 올린 글에는 자신이 모든 것을 준비한 것처럼 써놓아서 당황스러웠다. 이런 상황에서, 상대방의 노고를 왜곡하여 표현하는 것은 바람직한 행동인가?	<분류>-1</분류> <판단>바람직하지 않다</판단>
[도덕_문장]: 여자친구와의 여행 계획을 모두 내가 세우고 비용도 대부분 내가 부담했는데, 여자친구가 SNS에 올린 글에는 자신이 모든 것을 준비한 것처럼 써놓아서 당황스러웠다. 이러한 상황에서, 다른 사람의 노력을 가로채어 자신의 공으로 만드는 것은 문제있는가?	<분류>-1</분류> <판단>안 된다</판단>
[도덕_문장]: 여자친구와의 여행 계획을 모두 내가 세우고 비용도 대부분 내가 부담했는데, 여자친구가 SNS에 올린 글에는 자신이 모든 것을 준비한 것처럼 써놓아서 당황스러웠다. 이러한 상황에서, 상대방의 노고에 대해 거짓말하거나 자신의 공을 부풀리는 것은 바람직하지 않은가?	<분류>-1</분류> <판단>바람직하지 않다</판단>
[도덕_문장]: 형이 토요일에 만나자고 제안했지만, 나만의 소중한 충전 시간을 포기하고 싶지 않아서 거절해야 할지 고민했다. 이런 상황에서, 타인의 제안을 거절하는 것은 어떠한가?	<분류>0</분류> <판단>무례하다고 생각해서는 안 된다</판단>
[도덕_문장]: 형이 토요일에 만나자고 제안했지만, 나만의 소중한 충전 시간을 포기하고 싶지 않아서 거절해야 할지 고민했다. 이런 상황에서, 개인이 혼자 보내는 충전 시간이 있음을 존중하는 것은 의무가 아닌가?	<분류>1</분류> <판단>해야 한다</판단>
[도덕_문장]: 형이 토요일에 만나자고 제안했지만, 나만의 소중한 충전 시간을 포기하고 싶지 않아서 거절해야 할지 고민했다. 이런 상황일 때, 가족에게 제안 받은 만남을 거부하는 것은 일반적이지 않은가?	<분류>0</분류> <판단>할 수 있다</판단>
[도덕_문장]: 친구들과 함께 공부하면 동기부여가 될 것 같아서 카페에서 스터디 모임을 시작했지만, 수다와 유혹에 빠져 정작 공부는 거의 하지 못해 혼자 할 걸 그랬나 후회했다. 이렇게, 공부 목표에 집중하기 어려울 때 자신의 행동을 돌아보고 개선하려는 노력을 하는 것은 어떠한가?	<분류>1</분류> <판단>필요하다</판단>
[도덕_문장]: 오랜만에 찢어진 청바지를 샀는데 나이에 어울리지 않을 것 같아 입기가 망설여졌지만, 딸의 격려로 용기를 내어 입기로 결심했다. 이런 상황에서, 부모가 자녀가 자신감 있게 결정을 내리는 것을 도와주는 것은 좋은가?	<분류>1</분류> <판단>좋다</판단>
[도덕_문장]: 오랜만에 찢어진 청바지를 샀는데 나이에 어울리지 않을 것 같아 입기가 망설여졌지만, 딸의 격려로 용기를 내어 입기로 결심했다. 이런 상황에서, 자녀가 부모가 용기를 낼 수 있도록 격려해 주는 것은 나쁘지 않은가?	<분류>1</분류> <판단>좋다</판단>
[도덕_문장]: 버스에서 교통카드 잔액이 부족해 뒷사람들이 기다리는 상황에서 당황스러웠지만 현금을 찾아 요금을 내고 기사님께 정중히 사과했다. 이렇게, 대중교통을 이용할 때 미리 요금을 충전해 두는 것은 좋은가?	<분류>1</분류> <판단>좋다</판단>
[도덕_문장]: 버스에서 교통카드 잔액이 부족해 뒷사람들이 기다리는 상황에서 당황스러웠지만 현금을 찾아 요금을 내고 기사님께 정중히 사과했다. 이러한 상황에서, 대중교통 이용 시 요금 준비를 철저히 하는 것은 바람직하지 않은가?	<분류>1</분류> <판단>바람직하다</판단>
[도덕_문장]: 버스에서 교통카드 잔액이 부족해 뒷사람들이 기다리는 상황에서 당황스러웠지만 현금을 찾아 요금을 내고 기사님께 정중히 사과했다. 이렇게, 타인의 불편이나 혼란스러운 상황에 대해 책임을 지고 사과하는 것은 적절한가?	<분류>1</분류> <판단>적절하다</판단>
[도덕_문장]: 버스에서 교통카드 잔액이 부족해 뒷사람들이 기다리는 상황에서 당황스러웠지만 현금을 찾아 요금을 내고 기사님께 정중히 사과했다. 이처럼, 버스에서 교통카드를 사용할 때 미리 잔액을 확인하는 것은 적절한가?	<분류>1</분류> <판단>바람직하다</판단>
[도덕_문장]: 할머니가 나를 아빠로 착각하며 반갑게 맞아주셨는데, 할머니를 당황시키지 않으려고 아무렇지 않은 척 자연스럽게 대화하며 집까지 모셔왔다. 이런 경우에, 가족 구성원 간 오해를 해소하는 과정에서 상대방의 감정을 배려하는 것은 권장되지 않는가?	<분류>1</분류> <판단>필요하다</판단>
[도덕_문장]: 할머니가 나를 아빠로 착각하며 반갑게 맞아주셨는데, 할머니를 당황시키지 않으려고 아무렇지 않은 척 자연스럽게 대화하며 집까지 모셔왔다. 이런 경우에, 자식의 행동을 긍정적으로 평가하는 것은 적절하지 않은가?	<분류>1</분류> <판단>바람직하다</판단>
[도덕_문장]: 할머니가 나를 아빠로 착각하며 반갑게 맞아주셨는데, 할머니를 당황시키지 않으려고 아무렇지 않은 척 자연스럽게 대화하며 집까지 모셔왔다. 이런 경우에, 자신의 실수를 부끄러워하지 않고 변명하지 않는 것은 적절한가?	<분류>1</분류> <판단>바람직하다</판단>
[도덕_문장]: 할머니가 나를 아빠로 착각하며 반갑게 맞아주셨는데, 할머니를 당황시키지 않으려고 아무렇지 않은 척 자연스럽게 대화하며 집까지 모셔왔다. 이런 상황에서, 자신의 정체를 숨기면서 상대방의 정체를 존중하는 태도를 유지하는 것은 의무가 아닌가?	<분류>1</분류> <판단>해야 한다</판단>
[도덕_문장]: 할머니가 나를 아빠로 착각하며 반갑게 맞아주셨는데, 할머니를 당황시키지 않으려고 아무렇지 않은 척 자연스럽게 대화하며 집까지 모셔왔다. 이러한 상황에서, 가족 구성원 간의 오해를 풀기 위해 노력하는 것은 좋은 행동인가?	<분류>1</분류> <판단>좋다</판단>
[도덕_문장]: 수업 중에 배탈로 화장실을 자주 가야 하는 상황에서 선생님께 미리 양해를 구했지만, 반 친구들의 시선과 수업 분위기를 해칠까 봐 참을지 가야 할지 고민했다. 이런 경우에, 건강 문제로 수업에 불편을 주더라도 타인에게 양해를 구하는 것은 하면 안 되는가?	<분류>1</분류> <판단>해야 한다</판단>
[도덕_문장]: 수업 중에 배탈로 화장실을 자주 가야 하는 상황에서 선생님께 미리 양해를 구했지만, 반 친구들의 시선과 수업 분위기를 해칠까 봐 참을지 가야 할지 고민했다. 이처럼, 수업 중 건강 문제로 수업 참여가 어려울 경우 미리 양해를 구하는 것은 적절한가?	<분류>1</분류> <판단>바람직하다</판단>
[도덕_문장]: 수업 중에 배탈로 화장실을 자주 가야 하는 상황에서 선생님께 미리 양해를 구했지만, 반 친구들의 시선과 수업 분위기를 해칠까 봐 참을지 가야 할지 고민했다. 이처럼, 선생님에게 자신의 상황을 미리 말씀하는 것은 적절한가?	<분류>1</분류> <판단>바람직하다</판단>
[도덕_문장]: 수업 중에 배탈로 화장실을 자주 가야 하는 상황에서 선생님께 미리 양해를 구했지만, 반 친구들의 시선과 수업 분위기를 해칠까 봐 참을지 가야 할지 고민했다. 이럴 때, 선생님에게 개인적인 사정을 미리 말하는 것은 좋은가?	<분류>1</분류> <판단>좋다</판단>
[도덕_문장]: 수업 중에 배탈로 화장실을 자주 가야 하는 상황에서 선생님께 미리 양해를 구했지만, 반 친구들의 시선과 수업 분위기를 해칠까 봐 참을지 가야 할지 고민했다. 이렇게, 다른 사람에게 불편을 줄 수 있는 상황을 미리 양해를 구하는 것은 나쁘지 않은 행동인가?	<분류>1</분류> <판단>좋다</판단>
[도덕_문장]: 새로운 동료가 나와 함께 프로젝트를 하게 되어 마음이 든든하다고 말했는데, 업무에 치여 예민해진 상태에서 그 말이 진심인지 의심하게 되어 혼란스러웠다. 이처럼, 다른 사람의 행동이나 말투에 대해 오해를 갖게 되는 경우에는 상황과 맥락을 먼저 파악하려는 자세를 갖는 것은 바람직한가?	<분류>1</분류> <판단>바람직하다</판단>
[도덕_문장]: 치과에서 치석이 많다고 해서 치실 사용을 권유받았는데, 친구들 중에 치실 쓰는 사람을 본 적이 없어서 나만 구강 관리를 제대로 못하는 것 같아 부끄러웠다. 이렇게, 친구를 통해 자극을 받았을 때 자신의 습관이나 자세를 성찰하고 개선하는 것은 어떠한가?	<분류>1</분류> <판단>좋다</판단>
[도덕_문장]: 생리로 인한 자연스러운 체중 증가인데도 경기를 앞두고 코치에게 혼날까 봐 두려워서 생리를 빨리 끝내는 방법을 찾고 있었다. 이러한 상황에서, 여자 선수가 생리로 인해 체중이 증가할 수 있다는 사실을 인정하는 것은 나쁜가?	<분류>1</분류> <판단>좋다</판단>
[도덕_문장]: 아버지가 지어주신 이름 때문에 거래처 사람들을 만날 때마다 당황스럽고 민망해서 개명을 하고 싶지만, 아버지의 마음을 상하게 할까봐 고민이 되었다. 이처럼, 자녀가 자신의 뜻을 이해하지 못할 때도 존중하는 태도를 갖는 것은 어떠한가?	<분류>1</분류> <판단>옳다</판단>
[도덕_문장]: 친구들이 유방암 진단을 받아 걱정되어 자가진단을 하던 중 뭔가 만져져서 병원에 갔는데, 검사비가 부담스러워 다음에 가자고 미루고 싶었지만 결국 검사를 받았다. 이렇게, 건강검진을 비용 때문에 미루는 것은 어떠한가?	<분류>-1</분류> <판단>좋지 않다</판단>
[도덕_문장]: 친구들이 유방암 진단을 받아 걱정되어 자가진단을 하던 중 뭔가 만져져서 병원에 갔는데, 검사비가 부담스러워 다음에 가자고 미루고 싶었지만 결국 검사를 받았다. 이런 상황일 때, 병원 방문이 부담스럽더라도 의사와 상담을 통해 검사 가능 여부를 확인하는 것은 의무인가?	<분류>1</분류> <판단>해야 한다</판단>
[도덕_문장]: 친구들이 유방암 진단을 받아 걱정되어 자가진단을 하던 중 뭔가 만져져서 병원에 갔는데, 검사비가 부담스러워 다음에 가자고 미루고 싶었지만 결국 검사를 받았다. 이렇게, 자신이 불안하거나 힘들 때 가까운 사람에게 말하는 것은 나쁘지 않은가?	<분류>1</분류> <판단>좋다</판단>
[도덕_문장]: 식물을 잘 키우고 싶어서 키우기 쉽다는 식물을 데려왔는데 또 시들어 죽어버려서 이전에 죽인 식물들에 대한 죄책감과 함께 식물 키우기를 포기해야 할지 계속 도전해야 할지 고민이 되었다. 이런 상황에서, 자신의 부족함으로 인해 식물이 죽었다고 생각하고 식물 키우기를 포기하는 것은 어떠한가?	<분류>1</분류> <판단>안 되다</판단>
[도덕_문장]: 식물을 잘 키우고 싶어서 키우기 쉽다는 식물을 데려왔는데 또 시들어 죽어버려서 이전에 죽인 식물들에 대한 죄책감과 함께 식물 키우기를 포기해야 할지 계속 도전해야 할지 고민이 되었다. 이럴 때, 식물을 키우기 전에 잘 키울 수 있는지 고려해보는 것은 나쁘지 않은가?	<분류>1</분류> <판단>좋다</판단>
[도덕_문장]: 식물을 잘 키우고 싶어서 키우기 쉽다는 식물을 데려왔는데 또 시들어 죽어버려서 이전에 죽인 식물들에 대한 죄책감과 함께 식물 키우기를 포기해야 할지 계속 도전해야 할지 고민이 되었다. 이렇게, 식물을 키울 때 자신의 여건과 책임을 고려해 적절한 선택을 하는 것은 필수적이지 않은가?	<분류>1</분류> <판단>해야 한다</판단>
[도덕_문장]: 식물을 잘 키우고 싶어서 키우기 쉽다는 식물을 데려왔는데 또 시들어 죽어버려서 이전에 죽인 식물들에 대한 죄책감과 함께 식물 키우기를 포기해야 할지 계속 도전해야 할지 고민이 되었다. 이런 경우에, 식물을 키우는 것이 자신에게 맞지 않으면 포기하는 것은 적절한가?	<분류>1</분류> <판단>바람직하다</판단>
[도덕_문장]: 식물을 잘 키우고 싶어서 키우기 쉽다는 식물을 데려왔는데 또 시들어 죽어버려서 이전에 죽인 식물들에 대한 죄책감과 함께 식물 키우기를 포기해야 할지 계속 도전해야 할지 고민이 되었다. 이런 경우에, 초보자가 관리가 쉬운 식물부터 시작하는 것은 어떠한가?	<분류>1</분류> <판단>바람직하다</판단>
[도덕_문장]: 결혼을 앞둔 상대방이 입양아라는 사실을 친척 모임에서 우연히 알게 되어 그동안 숨겨온 것에 대한 배신감과 함께 결혼을 계속 진행해야 할지 고민이 되었다. 이런 경우에, 상대방의 비밀이 있더라도 그 사람을 탓하기보다는 먼저 물어보는 것은 정당한 행동인가?	<분류>1</분류> <판단>옳다</판단>
[도덕_문장]: 첫 출근날 긴장해서 의자에 앉다가 넘어졌는데 사수가 지켜보고 있어서 너무 당황스럽고 민망해 화장실에 피했지만 일을 배우러 다시 들어가야 하는 상황이 난처했다. 이처럼, 직장 동료가 실수를 했을 때 이해를 하며 도와주는 것은 어떠한가?	<분류>1</분류> <판단>적절하다</판단>
[도덕_문장]: 교수님이 갑자기 논문 주제 선정 기한을 이번 주로 앞당겨서 당황스럽지만, 학점을 위해서는 어떻게든 맞춰야 하는 상황에 놓였다. 이러한 상황에서, 학생이 교수님의 지시를 존중하는 것은 해도 되는가?	<분류>0</분류> <판단>해야 한다</판단>
[도덕_문장]: 예전 연인이 갑자기 다시 만나고 싶다고 연락해왔는데 현재 사귀고 있는 여자친구가 있어서 어떻게 답장해야 할지 몰라 당황스러웠다. 이렇게, 재회를 원하는 상황에서 상대방에게 현재 상황을 솔직하게 말하는 것은 옳지 않은 행동인가?	<분류>1</분류> <판단>옳다</판단>
[도덕_문장]: 예전 연인이 갑자기 다시 만나고 싶다고 연락해왔는데 현재 사귀고 있는 여자친구가 있어서 어떻게 답장해야 할지 몰라 당황스러웠다. 이처럼, 이전 연인의 요구에 혼란스러울 때 현재 관계와 상황을 고려해 신중하게 결정하는 것은 의무가 아닌가?	<분류>1</분류> <판단>해야 한다</판단>
[도덕_문장]: 예전 연인이 갑자기 다시 만나고 싶다고 연락해왔는데 현재 사귀고 있는 여자친구가 있어서 어떻게 답장해야 할지 몰라 당황스러웠다. 이처럼, 상대방이 다른 이성과 사귀고 있을 때 연락을 자제하는 것은 옳은 행동인가?	<분류>1</분류> <판단>옳다</판단>
[도덕_문장]: 예전 연인이 갑자기 다시 만나고 싶다고 연락해왔는데 현재 사귀고 있는 여자친구가 있어서 어떻게 답장해야 할지 몰라 당황스러웠다. 이처럼, 이미 연인 관계가 있는 상황에서 연락을 피하는 것은 좋은 행동인가?	<분류>1</분류> <판단>좋다</판단>
[도덕_문장]: 결혼 전 신혼집을 구했는데 나중에 그 아랫집이 시누이 집인 것을 알게 되어 남편이 미리 말하지 않은 것에 대해 화가 났지만, 시누이가 자주 찾아오는 것을 조심해달라고 남편에게 말했더니 오히려 남편이 화를 내서 당황스러웠다. 이러한 상황에서, 본인의 문제가 상대방의 잘못이 아님을 인지하고 대화로 해결하려는 태도를 가지는 것은 바람직하지 않은 행동인가?	<분류>1</분류> <판단>바람직하다</판단>
[도덕_문장]: 친하게 지내던 남자친구가 갑자기 고백했는데, 친구로만 생각했던 그를 연인으로 받아들일지 친구 관계를 유지할지 고민이 되어 답장을 못하고 있다. 이럴 때, 고백을 받고 충분히 고민해보는 것은 어떠한가?	<분류>1</분류> <판단>필요하다</판단>
[도덕_문장]: 친하게 지내던 남자친구가 갑자기 고백했는데, 친구로만 생각했던 그를 연인으로 받아들일지 친구 관계를 유지할지 고민이 되어 답장을 못하고 있다. 이렇게, 연인이 아닌 상대방에게 고백을 받았을 때 상대방을 배려하고 충분히 생각한 후 답변을 하는 것은 바람직하지 않은가?	<분류>1</분류> <판단>바람직하다</판단>
[도덕_문장]: 첫 출근날 긴장으로 배가 아프고 소리가 나서 창피했지만, 동료들에게 들킬까봐 아무렇지 않은 척 하며 하루를 버텨야 했다. 이렇게, 직장생활 중 불편한 상황이 발생했을 때 자신의 상태를 동료들에게 설명하는 것은 잘못된 행동인가?	<분류>1</분류> <판단>괜찮다</판단>
[도덕_문장]: 첫 출근날 긴장으로 배가 아프고 소리가 나서 창피했지만, 동료들에게 들킬까봐 아무렇지 않은 척 하며 하루를 버텨야 했다. 이런 상황일 때, 직장에서 개인적인 불편함을 스스로 조절하며 침착하게 대응하는 것은 필수적인가?	<분류>1</분류> <판단>필요하다</판단>
[도덕_문장]: 아침에 아이가 아파서 정신없이 바빠 화장을 대충 해서 눈썹이 짝짝이가 되었는데, 중요한 거래처 미팅이 있어서 부끄럽지만 어쩔 수 없이 그대로 출근해야 했다. 이처럼, 상대방이 외모에 신경 쓰지 못할 만큼 급하고 불가피한 상황임을 이해하는 것은 옳지 않은가?	<분류>1</분류> <판단>옳다</판단>
[도덕_문장]: 평소에 한 번도 빠뜨린 적 없던 절친한 친구의 생일을 깜빡 잊어버렸는데, 친구가 실망한 것 같아서 어떻게 사과해야 할지 몰라 당황스러웠다. 이러한 상황에서, 친구의 생일을 잊은 것에 대해 진심으로 사과하고 용서를 구하는 것은 필수적이지 않은가?	<분류>1</분류> <판단>해야 한다</판단>
[도덕_문장]: 평소에 한 번도 빠뜨린 적 없던 절친한 친구의 생일을 깜빡 잊어버렸는데, 친구가 실망한 것 같아서 어떻게 사과해야 할지 몰라 당황스러웠다. 이처럼, 친구에게 중요한 기념일을 빠트렸을 때 친구를 배려하는 것은 적절한가?	<분류>1</분류> <판단>바람직하다</판단>
[도덕_문장]: 평소에 한 번도 빠뜨린 적 없던 절친한 친구의 생일을 깜빡 잊어버렸는데, 친구가 실망한 것 같아서 어떻게 사과해야 할지 몰라 당황스러웠다. 이런 상황에서, 생일을 깜빡 잊어버린 친구에게 축하 인사를 하고 사과하는 것은 권장되는가?	<분류>1</분류> <판단>해야 한다</판단>
[도덕_문장]: 평소에 한 번도 빠뜨린 적 없던 절친한 친구의 생일을 깜빡 잊어버렸는데, 친구가 실망한 것 같아서 어떻게 사과해야 할지 몰라 당황스러웠다. 이런 상황일 때, 친밀한 관계에서 실수 후 사과하는 것은 하면 안 되는가?	<분류>1</분류> <판단>해야 한다</판단>
[도덕_문장]: 평소에 한 번도 빠뜨린 적 없던 절친한 친구의 생일을 깜빡 잊어버렸는데, 친구가 실망한 것 같아서 어떻게 사과해야 할지 몰라 당황스러웠다. 이런 경우에, 친구에게 실수를 솔직하게 사과하는 것은 나쁜 행동인가?	<분류>1</분류> <판단>좋다</판단>
[도덕_문장]: 평소에 한 번도 빠뜨린 적 없던 절친한 친구의 생일을 깜빡 잊어버렸는데, 친구가 실망한 것 같아서 어떻게 사과해야 할지 몰라 당황스러웠다. 이처럼, 친밀한 관계에서 실수를 했을 때 솔직하게 사과하고 진심으로 사과하려 노력하는 것은 필수적인가?	<분류>1</분류> <판단>해야 한다</판단>
[도덕_문장]: 미용실에서 5센티만 자르라고 했는데 귀밑까지 단발로 잘려서 너무 당황스러웠지만 아무 말도 하지 못하고 그냥 나왔다. 이런 경우에, 미용실에서 요구한 길이보다 더 많이 자르는 것은 정당한 행동인가?	<분류>-1</분류> <판단>옳지 않다</판단>
[도덕_문장]: 세탁소에서 1년 전에 맡긴 옷을 완전히 잊고 있었다가 사장님이 찾아가라고 해서 기억력 저하를 걱정하게 되었지만, 배우자는 일상의 바쁨 때문이라며 위로해주었다. 이런 상황일 때, 타인이 한 말을 기억하지 못하는 것을 이유로 비난하지 않는 것은 좋지 않은 행동인가?	<분류>1</분류> <판단>좋다</판단>
[도덕_문장]: 제주도에서 업무 미팅을 진행해야 하는데 현지 방언을 전혀 알아들을 수 없어서 의사소통이 안 되니 미팅을 포기할지 아니면 다른 방법을 찾을지 고민했다. 이런 상황일 때, 미팅 장소에서 통역이나 다른 의사소통 수단을 활용하는 것은 권장되는가?	<분류>1</분류> <판단>해야 한다</판단>
[도덕_문장]: 라디오 프로그램에 전화 연결되어 긴장한 나머지 말을 더듬고 동문서답하며 방송사고를 낸 것 같아 부끄럽고 후회스러웠다. 이처럼, 방송 사고가 발생했을 때 진행자가 실수를 인정하고 사과하는 것은 좋지 않은 행동인가?	<분류>1</분류> <판단>좋다</판단>
[도덕_문장]: 라디오 프로그램에 전화 연결되어 긴장한 나머지 말을 더듬고 동문서답하며 방송사고를 낸 것 같아 부끄럽고 후회스러웠다. 이런 경우에, 자신의 실수를 인정하고 책임지는 것은 옳지 않은가?	<분류>1</분류> <판단>옳다</판단>
[도덕_문장]: 신입사원들과 점심을 먹으러 가서 내가 사겠다고 큰소리쳤는데 지갑을 두고 와서 결국 신입사원이 대신 계산하게 되어 체면이 구겨졌다. 이러한 상황에서, 실수를 한 직원을 비난하지 않는 것은 나쁘지 않은가?	<분류>1</분류> <판단>좋다</판단>
[도덕_문장]: 신입사원들과 점심을 먹으러 가서 내가 사겠다고 큰소리쳤는데 지갑을 두고 와서 결국 신입사원이 대신 계산하게 되어 체면이 구겨졌다. 이런 경우에, 지갑을 두고 나와서 큰소리치는 것은 일반적인가?	<분류>-1</분류> <판단>안 된다</판단>
[도덕_문장]: 신입사원들과 점심을 먹으러 가서 내가 사겠다고 큰소리쳤는데 지갑을 두고 와서 결국 신입사원이 대신 계산하게 되어 체면이 구겨졌다. 이런 상황에서, 상대의 체면을 떨어뜨리는 것은 좋은가?	<분류>-1</분류> <판단>좋지 않다</판단>
[도덕_문장]: 신입사원들과 점심을 먹으러 가서 내가 사겠다고 큰소리쳤는데 지갑을 두고 와서 결국 신입사원이 대신 계산하게 되어 체면이 구겨졌다. 이렇게, 다른 사람이 약속을 지키지 못했을 때 상황을 이해해주고 기다려주는 태도를 보이는 것은 바람직한 행동인가?	<분류>1</분류> <판단>바람직하다</판단>
[도덕_문장]: 신입사원들과 점심을 먹으러 가서 내가 사겠다고 큰소리쳤는데 지갑을 두고 와서 결국 신입사원이 대신 계산하게 되어 체면이 구겨졌다. 이러한 상황에서, 타인에게 잘못을 전가하는 것은 바람직한 행동인가?	<분류>-1</분류> <판단>바람직하지 않다</판단>
[도덕_문장]: 수영 강습을 받으러 갔는데 수영복을 챙기지 않아서 강습을 빠지게 되었고, 이런 실수가 반복되는 자신의 덜렁거리는 성격 때문에 자책하며 화가 났다. 이처럼, 자신의 부족한 부분으로 문제가 발생했을 때 성찰하는 것은 하면 안 되는가?	<분류>1</분류> <판단>해야 한다</판단>
[도덕_문장]: 아들이 반바지를 입고 출근하는 모습을 보고 당황스러웠지만, 요즘 회사 문화가 자유로워진 것을 이해해야 할지 아니면 단정한 복장의 중요성을 말해야 할지 고민했다. 이렇게, 자녀의 옷차림이 회사 문화와 어긋날 경우 단정한 복장을 지키도록 교육하는 것은 적절한가?	<분류>1</분류> <판단>바람직하다</판단>
[도덕_문장]: 대학생인 아들이 원하는 반찬을 해주지 않았더니 삐져서 밥도 제대로 먹지 않고 방에 들어가 나오지 않는데, 평소 착했던 아이라 혼을 내야 할지 달래야 할지 고민이 되었다. 이처럼, 부모가 자녀와의 갈등 상황에서 먼저 잘못을 인정하고 잘못된 태도를 고치는 것은 옳은가?	<분류>1</분류> <판단>옳다</판단>
[도덕_문장]: 대학생인 아들이 원하는 반찬을 해주지 않았더니 삐져서 밥도 제대로 먹지 않고 방에 들어가 나오지 않는데, 평소 착했던 아이라 혼을 내야 할지 달래야 할지 고민이 되었다. 이런 경우에, 부모가 아이의 식사 시간을 지키도록 도와주고, 원하지 않는 부분에 대해 대화를 통해 이해하려고 노력하는 것은 나쁘지 않은가?	<분류>1</분류> <판단>좋다</판단>
[도덕_문장]: 대학생인 아들이 원하는 반찬을 해주지 않았더니 삐져서 밥도 제대로 먹지 않고 방에 들어가 나오지 않는데, 평소 착했던 아이라 혼을 내야 할지 달래야 할지 고민이 되었다. 이런 상황일 때, 부모가 자녀의 불만을 해결하기 위해 아이와 대화하려는 노력을 하는 것은 의무인가?	<분류>1</분류> <판단>해야 한다</판단>
[도덕_문장]: 대학생인 아들이 원하는 반찬을 해주지 않았더니 삐져서 밥도 제대로 먹지 않고 방에 들어가 나오지 않는데, 평소 착했던 아이라 혼을 내야 할지 달래야 할지 고민이 되었다. 이러한 상황에서, 자녀가 삐지더라도 혼을 내지 말고 달래는 것은 좋은가?	<분류>1</분류> <판단>좋다</판단>
[도덕_문장]: 대학생인 아들이 원하는 반찬을 해주지 않았더니 삐져서 밥도 제대로 먹지 않고 방에 들어가 나오지 않는데, 평소 착했던 아이라 혼을 내야 할지 달래야 할지 고민이 되었다. 이러한 상황에서, 부모의 마음을 헤아리는 것은 좋지 않은 행동인가?	<분류>1</분류> <판단>좋다</판단>
[도덕_문장]: 대학생인 아들이 원하는 반찬을 해주지 않았더니 삐져서 밥도 제대로 먹지 않고 방에 들어가 나오지 않는데, 평소 착했던 아이라 혼을 내야 할지 달래야 할지 고민이 되었다. 이렇게, 갈등이 있을 때 대화를 통해 문제를 풀어나가는 것은 적절한가?	<분류>1</분류> <판단>바람직하다</판단>
[도덕_문장]: 부모님이 보이스피싱 사기를 당해 큰 금액을 잃었는데, 회사에서 정리해고까지 진행되어 경제적 부담이 가중되자 부모님께 솔직히 말씀드릴지 혼자 감당할지 고민했다. 이렇게, 가족이 큰 경제적 어려움에 처했을 때 솔직하게 상황을 밝히는 것은 적절한가?	<분류>1</분류> <판단>바람직하다</판단>
[도덕_문장]: 부모님이 보이스피싱 사기를 당해 큰 금액을 잃었는데, 회사에서 정리해고까지 진행되어 경제적 부담이 가중되자 부모님께 솔직히 말씀드릴지 혼자 감당할지 고민했다. 이렇게, 자식이 경제적 어려움을 이야기할 때 부모가 자식에게 조언해주는 것은 적절하지 않은가?	<분류>1</분류> <판단>바람직하다</판단>
[도덕_문장]: 부모님이 보이스피싱 사기를 당해 큰 금액을 잃었는데, 회사에서 정리해고까지 진행되어 경제적 부담이 가중되자 부모님께 솔직히 말씀드릴지 혼자 감당할지 고민했다. 이렇게, 부모님이 경제적으로 어려움을 겪을 때 상황을 이해하고 도와주려는 태도를 보이는 것은 바람직하지 않은 행동인가?	<분류>1</분류> <판단>적절하다</판단>
[도덕_문장]: 회사 단체 대화방에 동창들에게 보낼 욕설과 직원들 흉을 담은 메시지를 실수로 보내서 그동안 쌓아온 교양인 이미지가 무너질까 봐 걱정되었다. 이런 경우에, 직장 내에서 동료를 존중하고, 개인적인 감정이 섞여있더라도 직장 내 대화에 신중하게 임하는 것은 정당한 행동인가?	<분류>1</분류> <판단>옳다</판단>
[도덕_문장]: 회사 단체 대화방에 동창들에게 보낼 욕설과 직원들 흉을 담은 메시지를 실수로 보내서 그동안 쌓아온 교양인 이미지가 무너질까 봐 걱정되었다. 이런 상황에서, 직장 단체대화방에서 개인적인 평가나 욕설로 다른 사람들을 험담하는 것은 어떠한가?	<분류>-1</분류> <판단>안 되다</판단>
[도덕_문장]: 어머니 댁에 내려가야 하는 날 아침에 차 전조등이 깨진 것을 발견했는데, 아파트 주민이 깨뜨린 것 같아 따지고 싶지만 증거도 없고 급한 일정 때문에 그냥 넘어가야 할지 고민했다. 이런 상황일 때, 이웃과 시비가 붙어도 차분하게 이야기하는 것은 적절한가?	<분류>1</분류> <판단>바람직하다</판단>
[도덕_문장]: 신입 교사인 내가 수업 중인데 까다로운 학부모가 복도에서 몰래 지켜보고 있어서 당황스럽지만 직접적으로 제지할 수도 없어 어떻게 대응해야 할지 고민했다. 이처럼, 수업 중에 학부모가 지켜보는 상황에서 학생들이 수업에 집중할 수 있도록 안내하는 것은 적절한가?	<분류>1</분류> <판단>적절하다</판단>
[도덕_문장]: 신입 교사인 내가 수업 중인데 까다로운 학부모가 복도에서 몰래 지켜보고 있어서 당황스럽지만 직접적으로 제지할 수도 없어 어떻게 대응해야 할지 고민했다. 이렇게, 자녀와 관련된 문제를 다룰 때 상대방의 입장을 존중하고 교육적인 대화로 문제를 해결하는 것은 적절하지 않은가?	<분류>1</분류> <판단>바람직하다</판단>
[도덕_문장]: 신입 교사인 내가 수업 중인데 까다로운 학부모가 복도에서 몰래 지켜보고 있어서 당황스럽지만 직접적으로 제지할 수도 없어 어떻게 대응해야 할지 고민했다. 이러한 상황에서, 학교 현장에서 교사에게 교육의 질을 운운하며 무례하게 행동하는 것은 옳지 않은 행동인가?	<분류>-1</분류> <판단>옳지 않다</판단>
[도덕_문장]: 시내에서 미국인이 영어로 길을 물어봤는데 영어를 잘 못해서 당황했지만 잘못된 길을 알려줄까봐 걱정되면서도 어떻게든 도움을 주려고 했다. 이처럼, 외국인이 언어 장벽으로 어려움을 느낄 때 상황을 정확히 파악한 뒤에 적절한 도움을 제공하는 것은 적절한가?	<분류>1</분류> <판단>바람직하다</판단>
[도덕_문장]: 직장에서 과장님이 자신의 실수를 계속 나에게 뒤집어씌우고 부서 사람들에게 내 탓이라고 말하고 다녀서 억울하지만 직접 맞서기는 어려워 고민이다. 이럴 때, 부하 직원에게 책임을 전가하는 것은 정당하지 않은 행동인가?	<분류>-1</분류> <판단>옳지 않다</판단>
[도덕_문장]: 직장에서 과장님이 자신의 실수를 계속 나에게 뒤집어씌우고 부서 사람들에게 내 탓이라고 말하고 다녀서 억울하지만 직접 맞서기는 어려워 고민이다. 이럴 때, 직장에서 자신의 잘못을 남에게 전가하는 것은 옳은가?	<분류>-1</분류> <판단>옳지 않다</판단>
[도덕_문장]: 직장에서 과장님이 자신의 실수를 계속 나에게 뒤집어씌우고 부서 사람들에게 내 탓이라고 말하고 다녀서 억울하지만 직접 맞서기는 어려워 고민이다. 이런 상황에서, 동료의 실수를 다른 사람에게 책임을 미루는 것은 옳지 않은 행동인가?	<분류>-1</분류> <판단>옳지 않다</판단>
[도덕_문장]: 직장에서 과장님이 자신의 실수를 계속 나에게 뒤집어씌우고 부서 사람들에게 내 탓이라고 말하고 다녀서 억울하지만 직접 맞서기는 어려워 고민이다. 이런 상황일 때, 직장 내 동료의 억울함을 악용하는 것은 바람직한 행동인가?	<분류>-1</분류> <판단>바람직하지 않다</판단>
[도덕_문장]: 코로나 완치 후에도 계속되는 기침 때문에 회사에서 동료들에게 걱정을 끼치는 것 같아 출근을 해야 할지 쉬어야 할지 고민했다. 이처럼, 업무 상황에서 불편함을 느낄 경우, 근무를 지속할지 쉬어야 할지 신중하게 결정하는 것은 바람직하지 않은 행동인가?	<분류>1</분류> <판단>바람직하다</판단>
[도덕_문장]: 코로나 완치 후에도 계속되는 기침 때문에 회사에서 동료들에게 걱정을 끼치는 것 같아 출근을 해야 할지 쉬어야 할지 고민했다. 이처럼, 건강 문제로 인해 회사에 상황을 밝히고 휴가를 신청하는 것은 나쁜가?	<분류>1</분류> <판단>좋다</판단>
[도덕_문장]: 코로나 완치 후에도 계속되는 기침 때문에 회사에서 동료들에게 걱정을 끼치는 것 같아 출근을 해야 할지 쉬어야 할지 고민했다. 이렇게, 회사에서 업무를 수행할 때 건강 상태를 고려해 충분한 휴식을 취하는 것은 옳은가?	<분류>1</분류> <판단>옳다.</판단>
[도덕_문장]: 코로나 완치 후에도 계속되는 기침 때문에 회사에서 동료들에게 걱정을 끼치는 것 같아 출근을 해야 할지 쉬어야 할지 고민했다. 이럴 때, 회사 동료에게 전염될 우려가 있으면 출근을 미루는 것은 옳지 않은 행동인가?	<분류>1</분류> <판단>옳다.</판단>
[도덕_문장]: 아래층 이웃이 소음 때문에 항의하러 올라왔는데 당황해서 집에 없는 척 숨어버렸지만, 사과를 해야 할지 그냥 넘어가야 할지 고민이 된다. 이런 경우에, 집에 없는 척 숨기는 것은 적절하지 않은가?	<분류>-1</분류> <판단>바람직하지 않다</판단>
[도덕_문장]: 노화가 급속히 진행되어 피부 관리를 받고 싶지만 비용 부담과 효과에 대한 불확실성 때문에 망설여진다. 이렇게, 외모 관리에 있어 자신의 재정 상황과 피부 상태를 고려해 신중하게 선택하는 것은 좋지 않은 행동인가?	<분류>1</분류> <판단>좋다.</판단>
[도덕_문장]: 직장 동료들이 내 입냄새가 괴롭다고 말하는 것을 우연히 들었는데, 그동안 전혀 몰랐던 터라 당황스럽고 부끄러워서 어떻게 대처해야 할지 모르겠다. 이런 상황일 때, 직장 동료들끼리 예의 없는 말을 하는 것은 나쁜 행동인가?	<분류>-1</분류> <판단>좋지 않다.</판단>
[도덕_문장]: 잠이 안 와서 고민인데 남편이 출장 중이라 걱정을 끼치고 싶지 않아서 괜찮은 척해야 할지 솔직하게 말해야 할지 고민했다. 이렇게, 상황에 따라 솔직하게 말하는 것은 필요하지 않은가?	<분류>1</분류> <판단>필요하다</판단>
[도덕_문장]: 뺑소니 사고를 당해 병원에 입원했는데 회사에 중요한 일이 있어서 몸이 아픈데도 출근해야 할지 쉬어야 할지 고민했다. 이렇게, 사고가 발생했을 때 자신의 몸을 우선 돌보는 것은 어떠한가?	<분류>1</분류> <판단>옳다</판단>
[도덕_문장]: 뺑소니 사고를 당해 병원에 입원했는데 회사에 중요한 일이 있어서 몸이 아픈데도 출근해야 할지 쉬어야 할지 고민했다. 이럴 때, 중요한 일이 있더라도 충분한 휴식을 취하는 것은 필수적인가?	<분류>1</분류> <판단>필요하다</판단>
[도덕_문장]: 중요한 미팅이 있는 날 샤워 중 갑자기 뜨거운 물이 나오지 않아 차가운 물로 씻게 되어 컨디션이 나빠졌는데, 미팅을 연기해달라고 요청할지 아니면 그대로 참고 진행할지 고민했다. 이렇게, 직장에서 개인적인 사정으로 일정을 변경해야 할 경우 공식적인 절차를 통해 정중하게 소통하는 것은 바람직하지 않은가?	<분류>1</분류> <판단>적절하다</판단>
[도덕_문장]: 중요한 미팅이 있는 날 샤워 중 갑자기 뜨거운 물이 나오지 않아 차가운 물로 씻게 되어 컨디션이 나빠졌는데, 미팅을 연기해달라고 요청할지 아니면 그대로 참고 진행할지 고민했다. 이렇게, 당일 일정의 차질이 생겼을 때 미리 양해를 구하고 상황을 설명하는 것은 적절하지 않은가?	<분류>1</분류> <판단>바람직하다</판단>
[도덕_문장]: 차를 6개월이나 몰았는데도 워셔액 통 위치를 몰라서 연인에게 도움을 요청해야 하는 상황이 한심하게 느껴져 자존심이 상했다. 이렇게, 연인에게 도움을 요청할 때 상대방에게 부담을 주지 않고 구체적인 상황을 설명하는 것은 좋지 않은 행동인가?	<분류>1</분류> <판단>좋다</판단>
[도덕_문장]: 차를 6개월이나 몰았는데도 워셔액 통 위치를 몰라서 연인에게 도움을 요청해야 하는 상황이 한심하게 느껴져 자존심이 상했다. 이런 경우에, 연인에게 필요한 것을 요청하는 것은 어떠한가?	<분류>0</분류> <판단>나쁘지 않다</판단>
[도덕_문장]: 캐나다에 사는 외국인 친구가 돼지 막창을 너무 좋아하고 한국 문화에 깊이 동화되어 있어서 당황스럽지만, 내 안의 외국인에 대한 편견 때문인지 고민이 되었다. 이런 경우에, 외국인에게 한국 문화에 동화된 모습을 보이는 것은 어떠한가?	<분류>0</분류> <판단>사회적으로 중립이다</판단>
[도덕_문장]: 캐나다에 사는 외국인 친구가 돼지 막창을 너무 좋아하고 한국 문화에 깊이 동화되어 있어서 당황스럽지만, 내 안의 외국인에 대한 편견 때문인지 고민이 되었다. 이런 상황에서, 한국 문화를 좋아하는 외국인에게 한국 문화를 존중하는 태도를 가지는 것은 어떠한가?	<분류>1</분류> <판단>가져야 한다</판단>
[도덕_문장]: 캐나다에 사는 외국인 친구가 돼지 막창을 너무 좋아하고 한국 문화에 깊이 동화되어 있어서 당황스럽지만, 내 안의 외국인에 대한 편견 때문인지 고민이 되었다. 이런 상황일 때, 개인의 문화 선호도를 존중하는 것은 필요하지 않은가?	<분류>1</분류> <판단>중요하다</판단>
[도덕_문장]: 논문 심사 교수님이 갑자기 따로 만나자고 연락을 해왔는데 이유를 알 수 없어서 좋은 일인지 나쁜 일인지 판단할 수 없어 당황스럽고 불안했다. 이런 경우에, 교수와 학생 간에 부적절한 만남을 하는 것은 옳은가?	<분류>-1</분류> <판단>옳지 않다</판단>
[도덕_문장]: 논문 심사 교수님이 갑자기 따로 만나자고 연락을 해왔는데 이유를 알 수 없어서 좋은 일인지 나쁜 일인지 판단할 수 없어 당황스럽고 불안했다. 이처럼, 지도교수의 의도가 불명확한 상황에서 명확한 답변을 요구하는 것은 좋지 않은 행동인가?	<분류>1</분류> <판단>좋다</판단>
[도덕_문장]: 전자기기에 대한 지식을 자랑하며 신형 스마트폰이 당분간 나오지 않을 것이라고 친구들과 동료들에게 확신있게 말했는데, 바로 다음 주에 신형이 출시되어 창피하고 자존심이 상했다. 이런 경우에, 자신의 발언이 다른 사람을 상처주게 될 수 있다는 사실을 인지하고 사과하는 것은 적절하지 않은가?	<분류>1</분류> <판단>바람직하다</판단>
[도덕_문장]: 전자기기에 대한 지식을 자랑하며 신형 스마트폰이 당분간 나오지 않을 것이라고 친구들과 동료들에게 확신있게 말했는데, 바로 다음 주에 신형이 출시되어 창피하고 자존심이 상했다. 이처럼, 기술에 대한 지식을 과시할 때 겸손하게 소통하는 것은 바람직하지 않은가?	<분류>1</분류> <판단>바람직하다</판단>
[도덕_문장]: 회식 메뉴를 미리 주문했는데 식당에서 다른 음식이 나와 동료들 앞에서 당황했지만, 내 실수가 아닌데도 변명하지 않고 조용히 있어야 할지 상황을 설명해야 할지 고민했다. 이렇게, 주문한 음식이 아닌 다른 음식이 나왔을 경우 직원에게 상황을 설명하고 주문한 음식으로 다시 준비하게 요청하는 것은 적절한가?	<분류>1</분류> <판단>바람직하다</판단>
[도덕_문장]: 회식 메뉴를 미리 주문했는데 식당에서 다른 음식이 나와 동료들 앞에서 당황했지만, 내 실수가 아닌데도 변명하지 않고 조용히 있어야 할지 상황을 설명해야 할지 고민했다. 이렇게, 단체 활동에서 실수로 인한 혼란이 발생했을 때 상대방을 배려하며 해결 방안을 함께 모색하는 것은 권장되는가?	<분류>1</분류> <판단>가져야 한다</판단>
[도덕_문장]: 회식 메뉴를 미리 주문했는데 식당에서 다른 음식이 나와 동료들 앞에서 당황했지만, 내 실수가 아닌데도 변명하지 않고 조용히 있어야 할지 상황을 설명해야 할지 고민했다. 이처럼, 당황스러운 상황에서 자신의 입장을 차분하게 설명하는 것은 바람직하지 않은가?	<분류>1</분류> <판단>바람직하다</판단>
[도덕_문장]: 사무실에 벌이 들어왔을 때 나는 겁에 질려 아무것도 하지 못했는데, 동료가 용감하게 벌을 쫓아내는 모습을 보고 부끄러움과 함께 앞으로는 나도 그렇게 행동해야겠다는 다짐을 했다. 이처럼, 타인의 행동으로 부끄러움을 느낄 때 감정을 솔직하게 표현하는 것은 하면 안 되는가?	<분류>1</분류> <판단>괜찮다</판단>
[도덕_문장]: 사무실에 벌이 들어왔을 때 나는 겁에 질려 아무것도 하지 못했는데, 동료가 용감하게 벌을 쫓아내는 모습을 보고 부끄러움과 함께 앞으로는 나도 그렇게 행동해야겠다는 다짐을 했다. 이처럼, 위급상황에서 자기와 동료의 안전을 우선적으로 고려해 신속하게 대응하는 것은 바람직한가?	<분류>1</분류> <판단>바람직하다</판단>
[도덕_문장]: 사무실에 벌이 들어왔을 때 나는 겁에 질려 아무것도 하지 못했는데, 동료가 용감하게 벌을 쫓아내는 모습을 보고 부끄러움과 함께 앞으로는 나도 그렇게 행동해야겠다는 다짐을 했다. 이렇게, 사무실에 위험한 상황이 발생했을 때 상황에 맞게 도움을 주는 것은 어떠한가?	<분류>1</분류> <판단>옳다</판단>
[도덕_문장]: 집 근처에 소방차 여러 대가 출동한 상황을 목격했는데, 아이들이 많이 사는 동네라 걱정되어 현장에 가서 상황을 확인하고 싶었지만 퇴근 후 피곤한 상태라 그냥 집으로 들어갔다. 이럴 때, 소방 당국의 지시에 따라 화재 현장이나 재난 현장 확인을 미루는 것은 바람직한가?	<분류>0</분류> <판단>적절하다</판단>
[도덕_문장]: 가족들이 모두 TV 동물 프로그램을 보며 우는데 나만 전혀 감동받지 못해서 내가 냉혈한인 것 같아 당황스러웠다. 이럴 때, 가족 구성원의 감정이 다르더라도 자신의 감정을 존중하는 것은 필수적인가?	<분류>1</분류> <판단>해야 한다</판단>
[도덕_문장]: 친척 언니의 결혼식에서 누군가 난입해 결혼을 반대한다고 외쳤는데, 언니를 도와야 할지 괜히 나섰다가 상황을 더 악화시킬지 몰라 어떻게 해야 할지 몰랐다. 이런 상황일 때, 결혼식에서 예의를 지키는 것은 어떠한가?	<분류>1</분류> <판단>해야 한다</판단>
[도덕_문장]: 친척 언니의 결혼식에서 누군가 난입해 결혼을 반대한다고 외쳤는데, 언니를 도와야 할지 괜히 나섰다가 상황을 더 악화시킬지 몰라 어떻게 해야 할지 몰랐다. 이런 경우에, 결혼식에서 뒤에서 조용히 의견을 전달하는 것은 바람직한 행동인가?	<분류>1</분류> <판단>바람직하다</판단>
[도덕_문장]: 중요한 계약을 앞두고 인감도장을 잃어버렸다는 사실을 알게 되어 계약을 연기해야 할지 아니면 다른 방법을 찾아야 할지 당황스러워 어떻게 해야 할지 몰랐다. 이처럼, 중요한 계약을 앞두고 준비가 부족할 경우 계약 상대에게 솔직하게 상황을 설명하고 연기 여부를 협의하는 것은 옳지 않은가?	<분류>1</분류> <판단>옳다.</판단>
[도덕_문장]: 중요한 계약을 앞두고 인감도장을 잃어버렸다는 사실을 알게 되어 계약을 연기해야 할지 아니면 다른 방법을 찾아야 할지 당황스러워 어떻게 해야 할지 몰랐다. 이처럼, 계약에 필요한 서류가 부족한 상황에서 상대방에게 상황을 정확히 알려주고, 계약을 연기하거나 대체 방안을 모색하는 것은 적절한가?	<분류>1</분류> <판단>적절하다</판단>
[도덕_문장]: 길거리에서 담배를 피우며 연기를 내뿜는 사람에게 주의를 주었는데, 그 사람이 담배꽁초를 바닥에 던지며 욕을 해서 당황스러웠다. 이런 상황에서, 길거리에서 타인의 금연 요청을 무시하고 욕을 하는 것은 바람직하지 않은가?	<분류>-1</분류> <판단>바람직하지 않다</판단>
[도덕_문장]: 산길을 걷다가 들개와 마주쳤는데 버스 시간에 맞춰 가야 하지만 들개를 놀라게 하고 싶지 않아서 어떻게 움직여야 할지 고민했다. 이처럼, 길에서 들개를 마주쳤을 때 들개를 놀라게 하지 않도록 천천히 움직이는 것은 괜찮은가?	<분류>1</분류> <판단>좋다</판단>
[도덕_문장]: 찹쌀떡을 먹다가 치료한 지 얼마 안 된 앞니가 빠져서 당황했지만 가족들에게 웃으며 이야기했는데, 아무도 웃지 않고 한심해해서 더욱 당황했다. 이렇게, 가족들이 치료한 지 얼마 안 된 앞니가 빠지는 상황을 비웃거나 비난하는 것은 어떠한가?	<분류>-1</분류> <판단>안 되다</판단>
[도덕_문장]: 동생이 나보다 먼저 결혼하겠다고 했는데 부모님이 순서를 지켜야 한다며 반대하셔서 내가 동생의 결혼에 걸림돌이 된 것 같아 미안하고 당황스러웠다. 이럴 때, 부모님이 자식의 결혼 순서를 결정하는 것은 잘못된 행동인가?	<분류>-1</분류> <판단>옳지 않다</판단>
[도덕_문장]: 동생이 나보다 먼저 결혼하겠다고 했는데 부모님이 순서를 지켜야 한다며 반대하셔서 내가 동생의 결혼에 걸림돌이 된 것 같아 미안하고 당황스러웠다. 이런 상황에서, 타인에게 자신의 결혼의 순서를 강요하는 것은 잘못된 행동인가?	<분류>-1</분류> <판단>옳지 않다</판단>
[도덕_문장]: 공원에서 조카와 함께 있는데 한국어를 모르는 조카에게 노인이 계속 말을 걸어와서 설명해도 그치지 않아 당황스럽지만, 상대가 노인이라 무작정 자리를 뜨기도 예의에 어긋날 것 같아 고민스러웠다. 이처럼, 노인이 주변 사람이 불편함을 느낄 경우 자신의 행동을 멈추는 것은 정당한 행동인가?	<분류>1</분류> <판단>옳다</판단>
[도덕_문장]: 휴대폰을 자꾸 이상한 곳에 두고 잃어버리는 습관 때문에 스스로가 한심하다고 생각하면서도, 이런 덜렁거리는 성격을 어떻게 고쳐야 할지 몰라 답답했다. 이런 상황일 때, 자신의 행동을 스스로 인지하고 개선하려는 것은 어떠한가?	<분류>1</분류> <판단>옳다</판단>
[도덕_문장]: 휴대폰을 자꾸 이상한 곳에 두고 잃어버리는 습관 때문에 스스로가 한심하다고 생각하면서도, 이런 덜렁거리는 성격을 어떻게 고쳐야 할지 몰라 답답했다. 이러한 상황에서, 자신의 부족함을 인지하더라도 무리하게 강요하지 않고, 자신에게 맞는 방법을 찾아 천천히 습관을 개선하는 것은 필수적이지 않은가?	<분류>1</분류> <판단>해야 한다</판단>
[도덕_문장]: 휴대폰을 자꾸 이상한 곳에 두고 잃어버리는 습관 때문에 스스로가 한심하다고 생각하면서도, 이런 덜렁거리는 성격을 어떻게 고쳐야 할지 몰라 답답했다. 이럴 때, 자신의 단점을 고치는 것은 어떠한가?	<분류>1</분류> <판단>바람직하다</판단>
[도덕_문장]: 테니스 장비를 새로 구입하고 운동복까지 맞췄지만 함께 운동할 친구들이 모두 바빠서 거절당해 혼자 운동해야 하는 상황이 되었다. 이런 경우에, 혼자 운동하는 것은 할 수 없는가?	<분류>0</분류> <판단>괜찮다</판단>
[도덕_문장]: 아침에 서두르다가 짝짝이 양말을 신고 출근했는데, 지하철에서 발견한 후 회사에서 동료들이 알아볼까 봐 불안해하며 어떻게 대처해야 할지 몰라 당황했다. 이렇게, 자신의 실수를 인정하고 상황을 설명하는 것은 좋은가?	<분류>1</분류> <판단>좋다</판단>
[도덕_문장]: 일기예보에서 비가 온다고 해서 우산을 챙겼다가 맑은 날씨에 무거운 우산을 들고 다녀야 했고, 다음날은 일기예보를 믿지 않고 우산을 두고 나갔다가 폭우에 흠뻑 젖어서 일기예보를 믿어야 할지 말아야 할지 고민이 되었다. 이렇게, 기상 예보의 정확성에 의문이 있을 때, 자신의 상황 판단과 준비에 따른 책임을 지는 것은 어떠한가?	<분류>1</분류> <판단>적절하다</판단>
[도덕_문장]: 일기예보에서 비가 온다고 해서 우산을 챙겼다가 맑은 날씨에 무거운 우산을 들고 다녀야 했고, 다음날은 일기예보를 믿지 않고 우산을 두고 나갔다가 폭우에 흠뻑 젖어서 일기예보를 믿어야 할지 말아야 할지 고민이 되었다. 이러한 상황에서, 예보를 참고용으로 활용하는 것은 어떠한가?	<분류>0</분류> <판단>좋다</판단>
[도덕_문장]: 일기예보에서 비가 온다고 해서 우산을 챙겼다가 맑은 날씨에 무거운 우산을 들고 다녀야 했고, 다음날은 일기예보를 믿지 않고 우산을 두고 나갔다가 폭우에 흠뻑 젖어서 일기예보를 믿어야 할지 말아야 할지 고민이 되었다. 이럴 때, 일기 예보를 참고 정보로만 활용하는 것은 적절한가?	<분류>1</분류> <판단>적절하다</판단>
[도덕_문장]: 새로 입양한 강아지와 기존에 키우던 강아지가 사이가 좋지 않아서 한 마리를 다시 보내야 할지 고민되지만, 둘 다 유기견이라 또다시 버려지는 아픔을 주고 싶지 않아 딜레마에 빠졌다. 이런 상황일 때, 자신의 선택이 다른 생명체에게 미칠 영향을 고려하는 것은 어떠한가?	<분류>1</분류> <판단>바람직하다</판단>
[도덕_문장]: 외국 출장 중 신용카드를 분실해서 당황스럽고 자책하고 있는데, 친구에게 연락해서 위로받을지 혼자 해결할지 고민했다. 이러한 상황에서, 해외 출장 중 발생한 문제를 스스로 해결하려고 노력하는 것은 의무가 아닌가?	<분류>1</분류> <판단>해야 한다</판단>
[도덕_문장]: 언니가 온몸에 문신을 한 남자친구를 소개해줬는데, 나쁜 기억이 있는 전 남자친구와 비슷해서 반대하고 싶지만 언니에게 개인적인 상처를 털어놓기가 어려워 고민이다. 이렇게, 가족에게 개인적인 감정이나 상처를 털어놓기 어렵다는 것을 이해하고 상황을 공감해주는 것은 어떠한가?	<분류>1</분류> <판단>되어야 한다</판단>
[도덕_문장]: 돌아가신 아버지가 선물해주신 소중한 시계가 고장났는데 수리비가 새 시계 값과 비슷해서 경제적 부담과 추억의 가치 사이에서 고민했다. 이럴 때, 가족이 남긴 소중한 물건에 대해 충분히 고민하는 것은 옳은 행동인가?	<분류>1</분류> <판단>옳다.</판단>
[도덕_문장]: 남자친구가 있다는 것을 알면서도 계속 만나자고 연락하는 친구에게 그만 연락하라고 부탁했지만 계속 연락이 와서 남자친구에게 말해야 할지 고민했다. 이런 경우에, 친구가 남자친구와 자신의 관계를 명확히 설명하는 것은 의무인가?	<분류>1</분류> <판단>해야 한다</판단>
[도덕_문장]: 대학을 졸업한 딸이 고졸인 남자와 사귀고 있는데 반대하고 싶지만 딸과의 관계가 나빠질까 봐 말하지 못하고 혼자 속만 태우고 있다. 이런 경우에, 자녀와의 관계에서 딸의 선택을 존중하는 것은 정당하지 않은 행동인가?	<분류>1</분류> <판단>옳다</판단>
[도덕_문장]: 대학을 졸업한 딸이 고졸인 남자와 사귀고 있는데 반대하고 싶지만 딸과의 관계가 나빠질까 봐 말하지 못하고 혼자 속만 태우고 있다. 이런 상황일 때, 부모가 자녀의 행복을 위해 결혼 상대에 대해 조언하는 것은 어떠한가?	<분류>0</분류> <판단>할 수 있다</판단>
[도덕_문장]: 대학을 졸업한 딸이 고졸인 남자와 사귀고 있는데 반대하고 싶지만 딸과의 관계가 나빠질까 봐 말하지 못하고 혼자 속만 태우고 있다. 이런 경우에, 부모가 자식의 선택을 존중하는 것은 좋은 행동인가?	<분류>1</분류> <판단>좋다</판단>
[도덕_문장]: 벤치에서 송충이가 머리에 떨어져 크게 소리를 지르며 호들갑을 떨었는데, 내 과도한 반응이 주변 사람들에게 민망하게 보일까봐 걱정되었다. 이처럼, 공공 장소에서 불편을 겪었을 때 주변의 시선을 고려하며 조용히 대응하는 것은 바람직한 행동인가?	<분류>1</분류> <판단>바람직하다</판단>
[도덕_문장]: 벤치에서 송충이가 머리에 떨어져 크게 소리를 지르며 호들갑을 떨었는데, 내 과도한 반응이 주변 사람들에게 민망하게 보일까봐 걱정되었다. 이렇게, 공공장소에서 타인이 불편함을 겪었을 때 과도한 리액션으로 인해 주변 사람들에게 민망함을 주는 것을 인식하는 것은 적절하지 않은가?	<분류>1</분류> <판단>바람직하다</판단>
[도덕_문장]: 여자친구는 자녀를 많이 갖고 싶어하는데 나는 돈을 모으기 위해 최대 두 명까지만 갖고 싶어서 그녀의 마음을 아프게 할까봐 고민이다. 이처럼, 금전적인 문제로 갈등이 생겼을 때 상대를 비난하지 않고 대화를 통해 해결하려는 노력을 하는 것은 필요하지 않은가?	<분류>1</분류> <판단>필요하다</판단>
[도덕_문장]: 여자친구는 자녀를 많이 갖고 싶어하는데 나는 돈을 모으기 위해 최대 두 명까지만 갖고 싶어서 그녀의 마음을 아프게 할까봐 고민이다. 이런 상황일 때, 가족계획을 자신의 가치관과 미래를 존중하는 바탕에서 결정하는 것은 의무가 아닌가?	<분류>1</분류> <판단>해야 한다</판단>
[도덕_문장]: 여자친구는 자녀를 많이 갖고 싶어하는데 나는 돈을 모으기 위해 최대 두 명까지만 갖고 싶어서 그녀의 마음을 아프게 할까봐 고민이다. 이렇게, 자녀의 수를 결정할 때 경제적 상황과 정서적 상황을 고려해 결정하는 것은 잘못된 행동인가?	<분류>1</분류> <판단>옳다.</판단>
[도덕_문장]: 여자친구는 자녀를 많이 갖고 싶어하는데 나는 돈을 모으기 위해 최대 두 명까지만 갖고 싶어서 그녀의 마음을 아프게 할까봐 고민이다. 이런 상황에서, 배우자에게 자신의 생각과 결정을 솔직하게 말하는 것은 잘못된 행동인가?	<분류>1</분류> <판단>옳다</판단>
[도덕_문장]: 여자친구는 자녀를 많이 갖고 싶어하는데 나는 돈을 모으기 위해 최대 두 명까지만 갖고 싶어서 그녀의 마음을 아프게 할까봐 고민이다. 이러한 상황에서, 자녀의 수에 대한 갈등을 대화로 풀어나가는 것은 의무인가?	<분류>1</분류> <판단>해야 한다</판단>
[도덕_문장]: 백화점에서 바지 버클이 떨어져 많은 사람들이 볼 수 있는 상황에서 가방으로 가리며 새 바지를 사러 가야 했는데, 사람들이 내 모습을 봤을까 봐 계속 걱정되고 민망했다. 이처럼, 불편한 상황을 겪었을 때 남들에게 민폐를 주지 않기 위해 신속하게 대처하려는 것은 바람직하지 않은 행동인가?	<분류>1</분류> <판단>바람직하다</판단>
[도덕_문장]: 백화점에서 바지 버클이 떨어져 많은 사람들이 볼 수 있는 상황에서 가방으로 가리며 새 바지를 사러 가야 했는데, 사람들이 내 모습을 봤을까 봐 계속 걱정되고 민망했다. 이렇게, 공공장소에서 신체 일부를 가리거나 새 옷을 사러 갈 때 사람들의 시선을 의식해 걱정하고 민망함을 느끼는 것은 어떠한가?	<분류>0</분류> <판단>자연스러운 감정이다</판단>
[도덕_문장]: 백화점에서 바지 버클이 떨어져 많은 사람들이 볼 수 있는 상황에서 가방으로 가리며 새 바지를 사러 가야 했는데, 사람들이 내 모습을 봤을까 봐 계속 걱정되고 민망했다. 이렇게, 자신의 실수로 많은 사람들에게 난처한 상황을 겪게 했을 때, 자신의 실수를 인정하고 신속히 상황을 정리하는 것은 바람직하지 않은 행동인가?	<분류>1</분류> <판단>바람직하다</판단>
[도덕_문장]: 여자친구가 하루 종일 문자를 보내서 답장을 빨리 안 하면 화를 내는데, 직장인인 나는 일에 집중할 수 없어 부담스럽지만 관계가 나빠질까 봐 말하지 못하고 있다. 이렇게, 연인이 일을 할 때 휴식 시간을 존중하는 것은 해도 되는가?	<분류>1</분류> <판단>해야 한다</판단>
[도덕_문장]: 여자친구가 하루 종일 문자를 보내서 답장을 빨리 안 하면 화를 내는데, 직장인인 나는 일에 집중할 수 없어 부담스럽지만 관계가 나빠질까 봐 말하지 못하고 있다. 이럴 때, 연인이 바쁜 일정을 고려하지 않고 과도한 문자를 보내는 것은 옳지 않은가?	<분류>-1</분류> <판단>옳지 않다</판단>
[도덕_문장]: 결혼을 앞두고 있는데 전 남자친구가 갑자기 연락해서 다시 사귀자고 해서 마음이 흔들렸지만 지금 남자친구에 대한 의리를 생각해 거절하기로 했다. 이런 상황일 때, 새로운 연애에 헌신적인 태도를 보이는 것은 해도 되는가?	<분류>1</분류> <판단>해야 한다</판단>
[도덕_문장]: 결혼을 앞두고 있는데 전 남자친구가 갑자기 연락해서 다시 사귀자고 해서 마음이 흔들렸지만 지금 남자친구에 대한 의리를 생각해 거절하기로 했다. 이런 상황에서, 상대의 마음을 흔들어 보이는 것은 적절한가?	<분류>-1</분류> <판단>바람직하지 않다</판단>
[도덕_문장]: 결혼을 앞두고 있는데 전 남자친구가 갑자기 연락해서 다시 사귀자고 해서 마음이 흔들렸지만 지금 남자친구에 대한 의리를 생각해 거절하기로 했다. 이런 상황에서, 결혼과 같은 중대한 인생 변화의 시점에서 신뢰를 가진 남자친구에게 최선을 다하는 것은 해도 되는가?	<분류>1</분류> <판단>해야 한다</판단>
[도덕_문장]: 결혼을 앞두고 있는데 전 남자친구가 갑자기 연락해서 다시 사귀자고 해서 마음이 흔들렸지만 지금 남자친구에 대한 의리를 생각해 거절하기로 했다. 이럴 때, 타인의 사정을 이해하고 존중하는 것은 나쁘지 않은 행동인가?	<분류>1</분류> <판단>좋다</판단>
[도덕_문장]: 결혼을 앞두고 있는데 전 남자친구가 갑자기 연락해서 다시 사귀자고 해서 마음이 흔들렸지만 지금 남자친구에 대한 의리를 생각해 거절하기로 했다. 이럴 때, 연인이 있는 사람과 관계를 맺지 않는 것은 좋은가?	<분류>1</분류> <판단>좋다</판단>
[도덕_문장]: 결혼을 앞두고 있는데 전 남자친구가 갑자기 연락해서 다시 사귀자고 해서 마음이 흔들렸지만 지금 남자친구에 대한 의리를 생각해 거절하기로 했다. 이러한 상황에서, 현재 연인의 도리를 존중하는 것은 어떠한가?	<분류>1</분류> <판단>옳다</판단>
[도덕_문장]: 첫 출근 날 안개로 인한 교통체증으로 지각할 위기에 처했는데, 미리 상사에게 연락해서 상황을 알릴지 아니면 그냥 늦더라도 조용히 출근할지 고민했다. 이처럼, 업무와 관련하여 늦을 경우 자신의 상황을 미리 알리는 것은 나쁘지 않은 행동인가?	<분류>1</분류> <판단>좋다</판단>
[도덕_문장]: 첫 출근 날 안개로 인한 교통체증으로 지각할 위기에 처했는데, 미리 상사에게 연락해서 상황을 알릴지 아니면 그냥 늦더라도 조용히 출근할지 고민했다. 이처럼, 출근을 지연시키는 상황이 발생했을 때 미리 연락하여 상황을 공유하는 것은 나쁜 행동인가?	<분류>1</분류> <판단>좋다</판단>
[도덕_문장]: 첫 출근 날 안개로 인한 교통체증으로 지각할 위기에 처했는데, 미리 상사에게 연락해서 상황을 알릴지 아니면 그냥 늦더라도 조용히 출근할지 고민했다. 이처럼, 직장인이 자신의 사정을 상사에게 연락하여 상황을 설명하는 것은 바람직하지 않은 행동인가?	<분류>1</분류> <판단>바람직하다</판단>
[도덕_문장]: 해외 혼자 여행 중 예약한 숙소에서 연락이 오지 않아 막막한 상황에서 친구에게 도움을 요청할지 스스로 해결할지 고민했다. 이렇게, 여행 중 발생한 불편한 상황을 스스로 먼저 해결하는 것은 나쁘지 않은가?	<분류>1</분류> <판단>좋다</판단>
[도덕_문장]: 해외 혼자 여행 중 예약한 숙소에서 연락이 오지 않아 막막한 상황에서 친구에게 도움을 요청할지 스스로 해결할지 고민했다. 이런 상황에서, 타인에게 도움을 요청하기 전에 본인이 스스로 해결할 수 있는 방안을 먼저 고려하는 것은 적절한가?	<분류>1</분류> <판단>바람직하다</판단>
[도덕_문장]: 편의점에서 아르바이트를 하는데 단골손님이 바쁜 시간에 매번 10원짜리 동전 한 주먹을 가져와서 계산하려 해서 다른 손님들이 기다리는 상황에서 어떻게 대응해야 할지 고민스러웠다. 이런 경우에, 가게에서 자신의 불편을 정중하게 표현하고 다른 손님의 서비스가 원활하게 이루어지도록 배려하는 것은 권장되는가?	<분류>1</분류> <판단>해야 한다</판단>
[도덕_문장]: 편의점에서 아르바이트를 하는데 단골손님이 바쁜 시간에 매번 10원짜리 동전 한 주먹을 가져와서 계산하려 해서 다른 손님들이 기다리는 상황에서 어떻게 대응해야 할지 고민스러웠다. 이런 경우에, 바쁜 시간대에 다른 손님들이 더 빨리 계산받을 수 있도록 도와주는 것은 권장되는가?	<분류>1</분류> <판단>해야 한다</판단>
[도덕_문장]: 편의점에서 아르바이트를 하는데 단골손님이 바쁜 시간에 매번 10원짜리 동전 한 주먹을 가져와서 계산하려 해서 다른 손님들이 기다리는 상황에서 어떻게 대응해야 할지 고민스러웠다. 이처럼, 다른 손님들이 불편해할 경우 행동을 자제하는 것은 괜찮은가?	<분류>1</분류> <판단>좋다</판단>
[도덕_문장]: 소개팅 당일 갑자기 코피가 나서 옷에 피가 묻고 멈추지 않았는데, 창피해서 상대방에게 상황을 제대로 설명하지 못하고 밥만 먹고 그냥 와버렸다. 이렇게, 소개팅 당일 상대방과의 약속을 지키지 못한 상황을 회피하는 것은 괜찮지 않은가?	<분류>-1</분류> <판단>좋지 않다</판단>
[도덕_문장]: 중요한 발표를 앞두고 역류성후두염으로 목소리가 나오지 않는 상황에서 억지로 목소리를 짜내서 발표를 할지 아니면 발표를 미룰지 고민했다. 이처럼, 중요한 행사 준비 중 갑작스러운 신체적 문제가 생겼을 때 건강을 우선시하는 것은 바람직한가?	<분류>1</분류> <판단>바람직하다</판단>
[도덕_문장]: 중요한 발표를 앞두고 역류성후두염으로 목소리가 나오지 않는 상황에서 억지로 목소리를 짜내서 발표를 할지 아니면 발표를 미룰지 고민했다. 이처럼, 발표를 할 때 자신의 건강 상태를 고려하여 최선의 방식으로 준비하는 것은 바람직한 행동인가?	<분류>1</분류> <판단>바람직하다</판단>
[도덕_문장]: 중요한 발표를 앞두고 역류성후두염으로 목소리가 나오지 않는 상황에서 억지로 목소리를 짜내서 발표를 할지 아니면 발표를 미룰지 고민했다. 이처럼, 자신의 건강 상태가 발표에 큰 영향을 미칠 경우 무리하지 않고 우선순위를 재조정하는 것은 어떠한가?	<분류>0</분류> <판단>적절한 판단이다</판단>
[도덕_문장]: 중요한 발표를 앞두고 역류성후두염으로 목소리가 나오지 않는 상황에서 억지로 목소리를 짜내서 발표를 할지 아니면 발표를 미룰지 고민했다. 이처럼, 건강 문제로 어려움을 겪을 때 중요한 발표를 미루는 것은 어떠한가?	<분류>0</분류> <판단>좋은 선택일 수 있다</판단>
[도덕_문장]: 오랜 친구가 반지를 선물하며 고백했는데, 우정을 잃을까 봐 걱정되어 어떻게 대답해야 할지 고민이 되었다. 이렇게, 친구에게 고백을 할 때 상대방이 거절할 수 있다는 것을 미리 아는 것은 권장되지 않는가?	<분류>1</분류> <판단>알아야 한다.</판단>
[도덕_문장]: 오랜 친구가 반지를 선물하며 고백했는데, 우정을 잃을까 봐 걱정되어 어떻게 대답해야 할지 고민이 되었다. 이런 상황일 때, 친구의 고백을 듣고 고민하는 것은 나쁜 행동인가?	<분류>0</분류> <판단>나쁘지 않다</판단>
[도덕_문장]: 친구가 급한 일이 있다며 돈을 빌려달라고 두 번째 부탁을 했는데, 아내 몰래 또 빌려줘야 할지 아니면 거절해야 할지 고민이 되었다. 이런 상황에서, 아내 몰래 돈을 빌려주는 것은 적절하지 않은가?	<분류>-1</분류> <판단>바람직하지 않다</판단>
[도덕_문장]: 친구가 급한 일이 있다며 돈을 빌려달라고 두 번째 부탁을 했는데, 아내 몰래 또 빌려줘야 할지 아니면 거절해야 할지 고민이 되었다. 이러한 상황에서, 배우자가 있는 사람이 다른 이성과 금전적 도움을 주고받는 것은 옳은 행동인가?	<분류>-1</분류> <판단>옳지 않다</판단>
[도덕_문장]: 친구가 급한 일이 있다며 돈을 빌려달라고 두 번째 부탁을 했는데, 아내 몰래 또 빌려줘야 할지 아니면 거절해야 할지 고민이 되었다. 이런 경우에, 아내 몰래 친구에게 돈을 빌려주는 것은 바람직한가?	<분류>-1</분류> <판단>바람직하지 않다</판단>
[도덕_문장]: 오른쪽 아랫배에 지속적인 통증이 있어 병원에 갔는데 아무 이상이 없다고 해서, 의사가 제안한 휴식을 취해야 할지 아니면 계속 일을 해야 할지 고민했다. 이렇게, 병원에서 설명이 부족하다고 느껴질 경우 의사에게 구체적인 설명을 요청하는 것은 옳은 행동인가?	<분류>1</분류> <판단>옳다</판단>
[도덕_문장]: 오른쪽 아랫배에 지속적인 통증이 있어 병원에 갔는데 아무 이상이 없다고 해서, 의사가 제안한 휴식을 취해야 할지 아니면 계속 일을 해야 할지 고민했다. 이처럼, 몸이 아플 때 휴식을 취하는 것은 괜찮은가?	<분류>1</분류> <판단>좋다</판단>
[도덕_문장]: 오른쪽 아랫배에 지속적인 통증이 있어 병원에 갔는데 아무 이상이 없다고 해서, 의사가 제안한 휴식을 취해야 할지 아니면 계속 일을 해야 할지 고민했다. 이렇게, 병원을 방문했을 때 의사의 처방을 확인하는 것은 필수적이지 않은가?	<분류>1</분류> <판단>필요하다</판단>
[도덕_문장]: 오른쪽 아랫배에 지속적인 통증이 있어 병원에 갔는데 아무 이상이 없다고 해서, 의사가 제안한 휴식을 취해야 할지 아니면 계속 일을 해야 할지 고민했다. 이렇게, 본인의 신체 상태에 문제가 생겼을 경우 의사의 판단과 제안을 경청하는 것은 적절한가?	<분류>1</분류> <판단>바람직하다</판단>
[도덕_문장]: 편의점에서 거스름돈을 잘못 받아 더 많이 가져왔는데, 연세 많은 직원분이 할머니 같아서 실수를 지적하면 난처해하실까 봐 고민했다. 이처럼, 실수를 지적할 때 자신의 상황을 정확히 이해하려는 태도를 가지고 지키는 것은 옳지 않은 행동인가?	<분류>1</분류> <판단>옳다</판단>
[도덕_문장]: 회사에서 우리 부서가 갑작스럽게 해체되고 전원 대기발령이 났는데, 그동안 최선을 다해 일했던 노력이 인정받지 못하는 것 같아 억울하고 참담했다. 이렇게, 부서 해체 결정이 있을 때 직원들에게 명확한 이유를 설명해주는 것은 옳은 행동인가?	<분류>1</분류> <판단>옳다</판단>
[도덕_문장]: 어머니가 허리를 다쳐 급히 고향에 가야 하는데, 팀장님 문병을 대표로 가야 하는 상황이라 어떻게 해야 할지 고민했다. 이럴 때, 가족의 건강 문제를 최우선적으로 고려하는 것은 권장되지 않는가?	<분류>1</분류> <판단>해야 한다</판단>
[도덕_문장]: 어머니가 허리를 다쳐 급히 고향에 가야 하는데, 팀장님 문병을 대표로 가야 하는 상황이라 어떻게 해야 할지 고민했다. 이렇게, 직장 동료의 사정을 이해하고 상황을 판단해 개인적인 일정과 직장의 일을 잘 조율해보는 것은 나쁘지 않은 행동인가?	<분류>1</분류> <판단>좋다</판단>
[도덕_문장]: 어머니가 허리를 다쳐 급히 고향에 가야 하는데, 팀장님 문병을 대표로 가야 하는 상황이라 어떻게 해야 할지 고민했다. 이처럼, 직장에서 중요한 일을 대표로 맡아야 할 때 개인 일정과 상황을 고려하여 적절하게 조율하는 것은 바람직하지 않은가?	<분류>1</분류> <판단>바람직하다</판단>
[도덕_문장]: 자식이 자신이 번 돈으로 명품 백팩을 사와서 기뻐하는 모습을 보니 과소비에 대해 지적해야 할지 아이의 기쁨을 인정해줘야 할지 고민되었다. 이처럼, 부모가 자녀의 소비 행위를 평가할 때 신중하게 대화를 시작하는 것은 하면 안 되는가?	<분류>1</분류> <판단>해야 한다</판단>
[도덕_문장]: 자식이 자신이 번 돈으로 명품 백팩을 사와서 기뻐하는 모습을 보니 과소비에 대해 지적해야 할지 아이의 기쁨을 인정해줘야 할지 고민되었다. 이런 상황일 때, 자녀의 기쁨을 먼저 인정해주고 나중에 설명하는 것은 나쁘지 않은 행동인가?	<분류>1</분류> <판단>좋다</판단>
[도덕_문장]: 회의 중에 갑자기 화장실이 급해졌는데 모든 사람들의 시선이 집중될까 봐 부끄러워서 나가지 못하고 있었다. 이럴 때, 회의 중 자신의 상태를 상대방에게 알려는 것은 어떠한가?	<분류>1</분류> <판단>되도 된다</판단>
[도덕_문장]: 회식에서 술에 취해 교포 부장님 앞에서 영어 실력을 뽐내며 팝송을 불렀는데, 나중에 그분이 원어민 수준이라는 걸 알고 당황스러워서 동료와 함께 택시를 타고 가자는 제안을 거절했다. 이런 상황에서, 회식에서 술에 취해 다른 사람 앞에서 노래를 부르는 것은 바람직하지 않은 행동인가?	<분류>-1</분류> <판단>바람직하지 않다</판단>
[도덕_문장]: 귤을 많이 먹어서 손이 노랗게 변했는데 회사 동료들이 계속 물어봐서 부끄럽지만 숨길 수도 없어 어떻게 대응해야 할지 고민했다. 이럴 때, 동료의 질문에 답하면서 불편함을 표현하는 것은 해도 되는가?	<분류>0</분류> <판단>괜찮다</판단>
[도덕_문장]: 귤을 많이 먹어서 손이 노랗게 변했는데 회사 동료들이 계속 물어봐서 부끄럽지만 숨길 수도 없어 어떻게 대응해야 할지 고민했다. 이런 상황에서, 동료들의 질문에 솔직하게 답하는 것은 어떠한가?	<분류>0</분류> <판단>무방하다</판단>
[도덕_문장]: 귤을 많이 먹어서 손이 노랗게 변했는데 회사 동료들이 계속 물어봐서 부끄럽지만 숨길 수도 없어 어떻게 대응해야 할지 고민했다. 이럴 때, 직장에서 동료의 사적인 이야기를 과도하게 물어보는 것은 적절한가?	<분류>-1</분류> <판단>적절하지 않다</판단>
[도덕_문장]: 여동생이 얼굴도 모르는 사람과 메시지로 깊은 관계를 맺고 있어서 걱정되어 말렸더니 동생이 오히려 화를 내서 당황스러웠다. 이처럼, 여동생의 안전이 우려될 때 개인적인 감정보다 이성적으로 판단하여 조언을 하는 것은 정당한 행동인가?	<분류>1</분류> <판단>옳다</판단>
[도덕_문장]: 여동생이 얼굴도 모르는 사람과 메시지로 깊은 관계를 맺고 있어서 걱정되어 말렸더니 동생이 오히려 화를 내서 당황스러웠다. 이러한 상황에서, 가족이 느끼는 걱정이나 우려를 충분히 이해하고 대화를 통해 문제를 해결하려는 태도를 가지는 것은 어떠한가?	<분류>1</분류> <판단>필요하다</판단>
[도덕_문장]: 친구가 운전 중에 졸음운전을 해서 위험한 상황이었는데, 피곤한 친구에게 데리러 와달라고 부탁한 것이 미안하고 후회스러웠다. 이렇게, 친구가 위험한 상황에 처했을 때 도움을 주는 것은 바람직하지 않은가?	<분류>1</분류> <판단>바람직하다</판단>
[도덕_문장]: 아이 담임선생님과의 개인상담에서 품위있게 행동하려 했는데 상담이 끝나고 일어나는 순간 방귀가 나와서 체면을 구겼지만 모른 척 넘어가야 할지 고민했다. 이처럼, 불편한 상황에서 상대방의 체면을 해치지 않고 빠르게 상황을 수습하는 것은 어떠한가?	<분류>1</분류> <판단>좋다</판단>
[도덕_문장]: 남자친구에게 줄 선물로 산 와이셔츠를 아버지가 자신을 위한 선물로 오해하고 가져가셔서 기뻐하시는데, 사실을 말해서 아버지를 실망시킬지 그냥 선물로 드릴지 고민했다. 이처럼, 선물의 의도를 잘못 이해했을 때 오해를 풀기 위해 적극적으로 소통하는 것은 바람직하지 않은 행동인가?	<분류>1</분류> <판단>바람직하다</판단>
[도덕_문장]: 남자친구에게 줄 선물로 산 와이셔츠를 아버지가 자신을 위한 선물로 오해하고 가져가셔서 기뻐하시는데, 사실을 말해서 아버지를 실망시킬지 그냥 선물로 드릴지 고민했다. 이런 경우에, 정확한 의사 표현을 하는 것은 권장되는가?	<분류>1</분류> <판단>해야 한다</판단>
[도덕_문장]: 연애하고 싶어서 영화관 데이트를 꿈꾸지만 혼자 영화관에 가는 것이 부끄러워서 좋아하는 배우가 나오는 영화를 포기할지 고민했다. 이러한 상황에서, 이유가 있는 사람을 비난하는 것은 어떠한가?	<분류>1</분류> <판단>안 되다</판단>
[도덕_문장]: 친구가 정성껏 기른 야콘을 한 상자나 줬는데 맛이 이상해서 먹기 싫지만 친구 마음이 상할까봐 거절하지 못하고 있다. 이처럼, 선물을 받았을 때 그 마음을 생각해 거절을 바로 하지 않는 것은 어떠한가?	<분류>1</분류> <판단>좋다</판단>
[도덕_문장]: 어머니가 핸드폰 대신 리모컨을 가방에 챙겨오신 것을 보고 치매를 의심해야 할지 단순한 실수로 넘겨야 할지 고민했다. 이러한 상황에서, 기억력이 떨어지거나 일상적인 행동에서 실수가 잦아지더라도 즉시 치매 진단을 받는 것은 어떠한가?	<분류>1</분류> <판단>아니다</판단>
[도덕_문장]: 길에서 박스 안에서 부스럭거리는 소리가 났는데, 유기동물일 수도 있어서 확인해야 할지 무서워서 그냥 지나갈지 고민했다. 이렇게, 유기동물이 있을지 모르는 상황에서도 자신의 안전을 고려하는 것은 괜찮은가?	<분류>1</분류> <판단>좋다.</판단>
[도덕_문장]: 길에서 박스 안에서 부스럭거리는 소리가 났는데, 유기동물일 수도 있어서 확인해야 할지 무서워서 그냥 지나갈지 고민했다. 이렇게, 길거리에 유기동물이 발견되었을 때, 안전이 확보될 때까지 조심스럽게 상황을 살펴 확인하려 노력하는 것은 해도 되는가?	<분류>1</분류> <판단>해야 한다</판단>
[도덕_문장]: 시어머니께서 이사와 관련해 집터 점보기부터 가전제품 구매까지 모든 것을 관여하려고 하시는데, 도움은 감사하지만 불편해서 남편에게 말하고 싶지만 시어머니 흉을 보는 것 같아 아무 말도 못하고 혼자 속앓이를 했다. 이런 상황일 때, 자녀의 결혼생활에 지나치게 간섭하는 것은 바람직하지 않은 행동인가?	<분류>-1</분류> <판단>바람직하지 않다</판단>
[도덕_문장]: 시어머니께서 이사와 관련해 집터 점보기부터 가전제품 구매까지 모든 것을 관여하려고 하시는데, 도움은 감사하지만 불편해서 남편에게 말하고 싶지만 시어머니 흉을 보는 것 같아 아무 말도 못하고 혼자 속앓이를 했다. 이런 경우에, 자녀의 부모로서 집안 일을 간섭하는 것은 정당하지 않은 행동인가?	<분류>-1</분류> <판단>옳지 않다</판단>
[도덕_문장]: 외국 출장 중 길을 잃어 당황했지만 팀장에게 도움을 요청하는 것이 무능해 보일까 봐 혼자 해결하려다가 결국 연락을 하게 되었다. 이렇게, 출장 중 혼자 해결하기 어려운 상황이 발생했을 때 도움을 요청하는 것은 어떠한가?	<분류>1</분류> <판단>책임 있는 태도다</판단>
[도덕_문장]: 외국 출장 중 길을 잃어 당황했지만 팀장에게 도움을 요청하는 것이 무능해 보일까 봐 혼자 해결하려다가 결국 연락을 하게 되었다. 이럴 때, 직장에서 실수를 했더라도 동료에게 도움을 요청하는 것은 어떠한가?	<분류>1</분류> <판단>적절하다</판단>
[도덕_문장]: 외국 출장 중 길을 잃어 당황했지만 팀장에게 도움을 요청하는 것이 무능해 보일까 봐 혼자 해결하려다가 결국 연락을 하게 되었다. 이런 경우에, 팀 내에서 발생한 문제를 팀원들과 함께 해결하려는 것은 어떠한가?	<분류>1</분류> <판단>중요하다</판단>
[도덕_문장]: 남자친구 어머니가 식사할 때마다 밥을 수북하게 주시는데, 평소 적게 먹는 편이라 부담스럽지만 기분 상하실까봐 억지로 다 먹고 있다. 이런 상황일 때, 타인의 식사 제공에 대해 부담스러움을 표현하지 않는 것은 권장되는가?	<분류>0</분류> <판단>해야 한다</판단>
[도덕_문장]: 거래처에 제출한 견적서에서 단가를 잘못 기입해 회사에 금전적 손해를 끼칠 수 있게 되어 사장님께 사실을 말해야 할지 숨겨야 할지 고민했다. 이런 상황일 때, 업무 중 발생한 문제의 책임을 회피하지 않고 솔직하게 사실을 전달하는 것은 필수적인가?	<분류>1</분류> <판단>해야 한다</판단>
[도덕_문장]: 거래처에 제출한 견적서에서 단가를 잘못 기입해 회사에 금전적 손해를 끼칠 수 있게 되어 사장님께 사실을 말해야 할지 숨겨야 할지 고민했다. 이러한 상황에서, 직원이 직무에 대한 책임감을 가지고 업무를 수행하는 것은 의무인가?	<분류>1</분류> <판단>해야 한다</판단>
[도덕_문장]: 거래처에 제출한 견적서에서 단가를 잘못 기입해 회사에 금전적 손해를 끼칠 수 있게 되어 사장님께 사실을 말해야 할지 숨겨야 할지 고민했다. 이럴 때, 직원이 자신의 실수를 인정하고 사과하는 것은 좋은 행동인가?	<분류>1</분류> <판단>좋다</판단>
[도덕_문장]: 거래처에 제출한 견적서에서 단가를 잘못 기입해 회사에 금전적 손해를 끼칠 수 있게 되어 사장님께 사실을 말해야 할지 숨겨야 할지 고민했다. 이런 경우에, 회사의 금전적 손해를 우려한 사실을 숨기지 않고 신속하게 사실을 고지하는 것은 적절하지 않은가?	<분류>1</분류> <판단>바람직하다</판단>
[도덕_문장]: 거래처에 제출한 견적서에서 단가를 잘못 기입해 회사에 금전적 손해를 끼칠 수 있게 되어 사장님께 사실을 말해야 할지 숨겨야 할지 고민했다. 이런 상황일 때, 잘못을 알게 된 직원이 즉시 사실을 전달하고 수습방안을 제시하는 것은 어떠한가?	<분류>1</분류> <판단>바람직하다</판단>
[도덕_문장]: 거래처에 제출한 견적서에서 단가를 잘못 기입해 회사에 금전적 손해를 끼칠 수 있게 되어 사장님께 사실을 말해야 할지 숨겨야 할지 고민했다. 이런 상황에서, 기업 내에서 자신이 한 일에 책임을 지는 것은 나쁜 행동인가?	<분류>1</분류> <판단>좋다</판단>
[도덕_문장]: 딸아이 생일에 산타 분장을 해서 깜짝 선물을 주려고 했는데 아이가 무서워하며 울어서 계속 산타 역할을 해야 할지 그만둬야 할지 당황스러웠다. 이처럼, 아이가 무서워하는 모습을 보았을 때 즉시 선물을 중단하는 것은 좋은 행동인가?	<분류>1</분류> <판단>좋다</판단>
[도덕_문장]: 딸아이 생일에 산타 분장을 해서 깜짝 선물을 주려고 했는데 아이가 무서워하며 울어서 계속 산타 역할을 해야 할지 그만둬야 할지 당황스러웠다. 이처럼, 아이가 무서워할 때 부모가 이해심과 배려를 하는 것은 어떠한가?	<분류>1</분류> <판단>필요하다</판단>
[도덕_문장]: 딸아이 생일에 산타 분장을 해서 깜짝 선물을 주려고 했는데 아이가 무서워하며 울어서 계속 산타 역할을 해야 할지 그만둬야 할지 당황스러웠다. 이럴 때, 다른 사람의 감정을 고려하지 않고 자신의 의도를 고집하는 것은 어떠한가?	<분류>-1</분류> <판단>적절하지 않다</판단>
[도덕_문장]: 딸아이 생일에 산타 분장을 해서 깜짝 선물을 주려고 했는데 아이가 무서워하며 울어서 계속 산타 역할을 해야 할지 그만둬야 할지 당황스러웠다. 이러한 상황에서, 아이의 감정을 존중하는 것은 좋지 않은가?	<분류>1</분류> <판단>좋다</판단>
[도덕_문장]: 딸아이 생일에 산타 분장을 해서 깜짝 선물을 주려고 했는데 아이가 무서워하며 울어서 계속 산타 역할을 해야 할지 그만둬야 할지 당황스러웠다. 이처럼, 부모가 아이가 무서워하는 상황을 인지하고 아이를 안정시키는 것은 어떠한가?	<분류>1</분류> <판단>바람직하다</판단>
[도덕_문장]: 헬스장에서 근육통이 심해 운동을 쉬고 싶었지만, 트레이너가 매일 응원해주고 몸이 좋아지는 게 보여서 무리하며 하루 2시간씩 계속 운동했다. 이런 경우에, 운동을 지도하는 사람이 무리한 운동을 강요하는 것은 어떠한가?	<분류>-1</분류> <판단>안 되다</판단>
[도덕_문장]: 친한 후배가 전공 시험에서 커닝을 해서 좋은 성적을 받았다고 고백했는데, 불법 행위를 지적해야 할지 친한 관계를 고려해 넘어가야 할지 고민이 되었다. 이런 상황에서, 시험에서 커닝을 하는 것은 일반적이지 않은가?	<분류>-1</분류> <판단>하지 말아야 한다</판단>
[도덕_문장]: 온라인 강의를 3시간 동안 집중해서 들어야 하는데 자꾸 졸음이 와서 멈추고 다시 듣기를 반복하니 스스로가 한심하게 느껴졌다. 이처럼, 강의를 들을 때 집중하지 않고 반복해서 듣는 것은 적절하지 않은가?	<분류>-1</분류> <판단>바람직하지 않다</판단>
[도덕_문장]: 온라인 강의를 3시간 동안 집중해서 들어야 하는데 자꾸 졸음이 와서 멈추고 다시 듣기를 반복하니 스스로가 한심하게 느껴졌다. 이럴 때, 과도하게 힘들다면 학습을 중단을 고려하는 것은 옳지 않은 행동인가?	<분류>0</분류> <판단>옳다</판단>
[도덕_문장]: 온라인 강의를 3시간 동안 집중해서 들어야 하는데 자꾸 졸음이 와서 멈추고 다시 듣기를 반복하니 스스로가 한심하게 느껴졌다. 이럴 때, 공부를 하면서 잠깐 쉬는 시간을 가지는 것은 해도 되는가?	<분류>0</분류> <판단>괜찮다</판단>
[도덕_문장]: 코로나 후유증으로 인한 알레르기성 기침 때문에 공공장소에서 사람들의 시선과 오해를 받을까 봐 두려워서 강의실에서 기침이 심해지자 수업을 중단하고 뛰어나왔다. 이렇게, 공공장소에서 기침이 심한 경우 즉시 자리를 이동하거나 수업을 중단하는 것은 바람직하지 않은 행동인가?	<분류>0</분류> <판단>적절하다</판단>
[도덕_문장]: 코로나 후유증으로 인한 알레르기성 기침 때문에 공공장소에서 사람들의 시선과 오해를 받을까 봐 두려워서 강의실에서 기침이 심해지자 수업을 중단하고 뛰어나왔다. 이러한 상황에서, 타인에게 피해를 주지 않고 개인적인 건강 문제에 집중하는 것은 어떠한가?	<분류>0</분류> <판단>정당하다</판단>
[도덕_문장]: 코로나 후유증으로 인한 알레르기성 기침 때문에 공공장소에서 사람들의 시선과 오해를 받을까 봐 두려워서 강의실에서 기침이 심해지자 수업을 중단하고 뛰어나왔다. 이렇게, 건강상의 이유로 수업을 중단했을 때 이해해주는 것은 의무가 아닌가?	<분류>1</분류> <판단>해야 한다</판단>
[도덕_문장]: 코로나 후유증으로 인한 알레르기성 기침 때문에 공공장소에서 사람들의 시선과 오해를 받을까 봐 두려워서 강의실에서 기침이 심해지자 수업을 중단하고 뛰어나왔다. 이러한 상황에서, 기침으로 인해 불편하더라도 다른 사람들을 불편하게 하지 않고 자기 관리를 하는 것은 필수적이지 않은가?	<분류>0</분류> <판단>해야 한다</판단>
[도덕_문장]: 양치를 열심히 해도 치아가 누런 것이 스트레스였는데, 친구가 병원 미백 치료를 권했지만 비용 부담 때문에 민간요법으로 해결하고 싶어 망설였다. 이런 상황에서, 자신의 금전적 여유를 고려하여 치료 방법을 선택하는 것은 어떠한가?	<분류>1</분류> <판단>옳다</판단>
[도덕_문장]: 학교에서 동안으로 유명한 교수님을 같은 과 친구로 착각하고 반말로 말을 걸었는데, 교수님이 웃으면서 넘어가 주셔서 다행이었지만 학기 초에 찍힐까 봐 걱정되었다. 이렇게, 공식적인 상황에서 상황을 파악하지 못한 채 반말을 하는 것은 바람직하지 않은가?	<분류>-1</분류> <판단>바람직하지 않다</판단>
[도덕_문장]: 관심 있는 남자 동료가 우연히 내 성형 전 사진을 본 것을 알게 되어 호감도가 떨어질까 봐 걱정했지만, 그가 자연스럽게 받아들이는 모습을 보고 안도했다. 이런 경우에, 개인적인 취향이나 사생활을 존중하는 것은 필수적이지 않은가?	<분류>1</분류> <판단>필요하다</판단>
[도덕_문장]: 관심 있는 남자 동료가 우연히 내 성형 전 사진을 본 것을 알게 되어 호감도가 떨어질까 봐 걱정했지만, 그가 자연스럽게 받아들이는 모습을 보고 안도했다. 이러한 상황에서, 관심 있는 이성의 개인적인 사진을 무단으로 확인하는 것은 옳지 않은 행동인가?	<분류>-1</분류> <판단>옳지 않다</판단>
[도덕_문장]: 관심 있는 남자 동료가 우연히 내 성형 전 사진을 본 것을 알게 되어 호감도가 떨어질까 봐 걱정했지만, 그가 자연스럽게 받아들이는 모습을 보고 안도했다. 이럴 때, 타인의 개인사에 대해 함부로 말하지 않는 것은 바람직한가?	<분류>1</분류> <판단>바람직하다</판단>
[도덕_문장]: 딸이 취업을 못해서 속상한데 친척들이 자꾸 물어보면 얼버무리게 되고, 다른 집 자녀 취업 소식을 들으면 신경 쓰이지만 딸에게는 직접 묻지 못하겠다. 이렇게, 부모가 자식에게 민감한 질문을 피하거나 회피할 때 충분히 이해하는 것은 좋은 행동인가?	<분류>1</분류> <판단>좋다</판단>
[도덕_문장]: 아이가 유치원에 가기 싫다며 아파트 입구에서 크게 울어서 주변 사람들이 모두 쳐다보는 상황에서 체면이 깎이는 것 같아 창피했지만 아이의 마음을 달래야 하는 딜레마에 빠졌다. 이처럼, 아이에게 유치원에 가야 한다고 이야기할 때 아이의 마음도 고려하는 것은 의무가 아닌가?	<분류>1</분류> <판단>해야 한다</판단>
[도덕_문장]: 아이가 유치원에 가기 싫다며 아파트 입구에서 크게 울어서 주변 사람들이 모두 쳐다보는 상황에서 체면이 깎이는 것 같아 창피했지만 아이의 마음을 달래야 하는 딜레마에 빠졌다. 이런 상황일 때, 부모님이 아이에게 위로해주는 것은 하면 안 되는가?	<분류>1</분류> <판단>해야 한다</판단>
[도덕_문장]: 아이가 유치원에 가기 싫다며 아파트 입구에서 크게 울어서 주변 사람들이 모두 쳐다보는 상황에서 체면이 깎이는 것 같아 창피했지만 아이의 마음을 달래야 하는 딜레마에 빠졌다. 이렇게, 자녀가 사회 생활에 어려움을 겪을 때 자녀의 기분을 살피고 공감해주는 것은 적절한가?	<분류>1</분류> <판단>바람직하다</판단>
[도덕_문장]: 아이가 유치원에 가기 싫다며 아파트 입구에서 크게 울어서 주변 사람들이 모두 쳐다보는 상황에서 체면이 깎이는 것 같아 창피했지만 아이의 마음을 달래야 하는 딜레마에 빠졌다. 이런 경우에, 아이가 불편함을 표현하는 것은 문제가 되는 행동인가?	<분류>0</분류> <판단>괜찮다</판단>
[도덕_문장]: 아이가 유치원에 가기 싫다며 아파트 입구에서 크게 울어서 주변 사람들이 모두 쳐다보는 상황에서 체면이 깎이는 것 같아 창피했지만 아이의 마음을 달래야 하는 딜레마에 빠졌다. 이렇게, 아이가 유치원 가기 싫다고 해서 체면이 깎이는 일이 있더라도 아이가 감정적으로 행동하는 상황에서는 차분하게 아이의 마음을 안정시키는 것은 필수적이지 않은가?	<분류>1</분류> <판단>필요하다</판단>
[도덕_문장]: 아이가 유치원에 가기 싫다며 아파트 입구에서 크게 울어서 주변 사람들이 모두 쳐다보는 상황에서 체면이 깎이는 것 같아 창피했지만 아이의 마음을 달래야 하는 딜레마에 빠졌다. 이런 경우에, 아이의 감정을 존중하며 공감해주는 것은 바람직하지 않은가?	<분류>1</분류> <판단>바람직하다</판단>
[도덕_문장]: 친구 결혼식에 갔는데 헤어진 지 한 달밖에 안 된 전 남자친구가 있어서 당황스럽고 사람들 시선이 신경 쓰였지만 친구를 위해 끝까지 자리를 지켰다. 이러한 상황에서, 결혼식에서 손님으로서 예의를 지키는 것은 나쁘지 않은가?	<분류>1</분류> <판단>좋다</판단>
[도덕_문장]: 친구 결혼식에 갔는데 헤어진 지 한 달밖에 안 된 전 남자친구가 있어서 당황스럽고 사람들 시선이 신경 쓰였지만 친구를 위해 끝까지 자리를 지켰다. 이러한 상황에서, 친구의 결혼식에서 예의를 지키고 함께 축하해 주는 것은 적절하지 않은가?	<분류>1</분류> <판단>바람직하다</판단>
[도덕_문장]: 친구 결혼식에 갔는데 헤어진 지 한 달밖에 안 된 전 남자친구가 있어서 당황스럽고 사람들 시선이 신경 쓰였지만 친구를 위해 끝까지 자리를 지켰다. 이러한 상황에서, 관계가 끝난 지 한 달 만에 친구 결혼식에 가는 친구의 입장을 배려하는 것은 권장되는가?	<분류>1</분류> <판단>해야 한다</판단>
[도덕_문장]: 친구 결혼식에 갔는데 헤어진 지 한 달밖에 안 된 전 남자친구가 있어서 당황스럽고 사람들 시선이 신경 쓰였지만 친구를 위해 끝까지 자리를 지켰다. 이런 상황에서, 친구와 헤어졌더라도 친구의 결혼을 축복하는 것은 권장되는가?	<분류>1</분류> <판단>해야 한다</판단>
[도덕_문장]: 친구 결혼식에 갔는데 헤어진 지 한 달밖에 안 된 전 남자친구가 있어서 당황스럽고 사람들 시선이 신경 쓰였지만 친구를 위해 끝까지 자리를 지켰다. 이럴 때, 결혼식에 친구의 전 연인을 보는 것은 어떠한가?	<분류>1</분류> <판단>불편할 수 있다</판단>
[도덕_문장]: 친구 결혼식에 갔는데 헤어진 지 한 달밖에 안 된 전 남자친구가 있어서 당황스럽고 사람들 시선이 신경 쓰였지만 친구를 위해 끝까지 자리를 지켰다. 이럴 때, 결혼식에서 친구를 주인공으로 존중하는 것은 권장되지 않는가?	<분류>1</분류> <판단>해야 한다</판단>
[도덕_문장]: 친구 결혼식에 갔는데 헤어진 지 한 달밖에 안 된 전 남자친구가 있어서 당황스럽고 사람들 시선이 신경 쓰였지만 친구를 위해 끝까지 자리를 지켰다. 이처럼, 결혼식 등 공식 행사에서 개인적인 감정이나 상황을 지나치게 표출하지 않고 공식적인 축하의 말과 행동으로 참여하는 것은 좋지 않은가?	<분류>1</분류> <판단>좋다</판단>
[도덕_문장]: 강아지가 산책 중에 지나가는 사람들에게 크게 짖어서 민폐가 될까 봐 늦은 밤에만 산책을 시키는데, 밤에 짖으면 또 사람들을 깨울까 봐 걱정되어 어떻게 해야 할지 모르겠다. 이런 상황일 때, 밤에 큰소리로 짖는 강아지를 데리고 산책하는 것은 바람직한 행동인가?	<분류>-1</분류> <판단>바람직하지 않다</판단>
[도덕_문장]: 강아지가 산책 중에 지나가는 사람들에게 크게 짖어서 민폐가 될까 봐 늦은 밤에만 산책을 시키는데, 밤에 짖으면 또 사람들을 깨울까 봐 걱정되어 어떻게 해야 할지 모르겠다. 이러한 상황에서, 동물을 관리하는 것은 어떠한가?	<분류>1</분류> <판단>해야 한다</판단>
[도덕_문장]: 강아지가 산책 중에 지나가는 사람들에게 크게 짖어서 민폐가 될까 봐 늦은 밤에만 산책을 시키는데, 밤에 짖으면 또 사람들을 깨울까 봐 걱정되어 어떻게 해야 할지 모르겠다. 이런 상황일 때, 자신과 타인의 안전과 편안함을 고려해 개를 훈련하는 것은 적절하지 않은가?	<분류>1</분류> <판단>바람직하다</판단>
[도덕_문장]: 강아지가 산책 중에 지나가는 사람들에게 크게 짖어서 민폐가 될까 봐 늦은 밤에만 산책을 시키는데, 밤에 짖으면 또 사람들을 깨울까 봐 걱정되어 어떻게 해야 할지 모르겠다. 이런 상황에서, 산책을 주변 사람들에게 피해가 가지 않는 시간대에 진행하는 것은 바람직한가?	<분류>1</분류> <판단>바람직하다</판단>
[도덕_문장]: 무릎이 아파서 운동을 중단해야 할 정도인데 퇴행성 관절염일까 봐 걱정되지만 병원에 가기는 두려워서 계속 미루고 있다. 이러한 상황에서, 질병을 확인할 필요 없이 미루기만 하는 것은 정당하지 않은 행동인가?	<분류>-1</분류> <판단>옳지 않다</판단>
[도덕_문장]: 정기적으로 받던 치과 스케일링 예약을 깜빡 잊어버린 것을 친구에게 털어놓으며 갱년기 때문인지 기억력이 나빠져서 앞으로 더 큰 일을 잊을까 봐 걱정된다고 했다. 이런 상황에서, 가족이나 친구에게 신체적 변화로 인한 불편함이나 실수를 털어놓는 것은 적절한가?	<분류>1</분류> <판단>바람직하다</판단>
[도덕_문장]: 아내가 데이트에서 찢어진 청바지를 입고 나와서 당황스러웠지만, 상처를 줄까 봐 아무 말도 하지 못했다. 이렇게, 연인이 상대방의 옷을 지적할 때 조심스럽게 말하는 것은 해도 되는가?	<분류>1</분류> <판단>해야 한다</판단>
[도덕_문장]: 아내가 데이트에서 찢어진 청바지를 입고 나와서 당황스러웠지만, 상처를 줄까 봐 아무 말도 하지 못했다. 이처럼, 배우자의 옷차림에 대해 비판적인 평가를 할 때 상대방이 상처를 받지 않도록 주의하는 것은 적절한가?	<분류>1</분류> <판단>바람직하다</판단>
[도덕_문장]: 처음 혼자 여행을 가는데 버스표를 잃어버려서 당황했지만, 친구가 긍정적으로 생각하라고 조언해줘서 마음을 다잡을 수 있었다. 이렇게, 여행 중 예상치 못한 상황이 발생할 경우 이를 긍정적으로 받아들이는 것은 어떠한가?	<분류>1</분류> <판단>바람직하다</판단>
[도덕_문장]: 처음 혼자 여행을 가는데 버스표를 잃어버려서 당황했지만, 친구가 긍정적으로 생각하라고 조언해줘서 마음을 다잡을 수 있었다. 이처럼, 친구에게 상황을 긍정적으로 이끌 수 있는 방향으로 조언해 주는 것은 괜찮지 않은가?	<분류>1</분류> <판단>좋다</판단>
[도덕_문장]: 이사하면서 에어컨 리모컨을 잃어버렸는데 남편이 덤벙거린다고 핀잔을 주어서 나 자신이 한심하게 느껴졌다. 이럴 때, 배우자에게 부정적 표현을 하는 것은 바람직하지 않은가?	<분류>-1</분류> <판단>바람직하지 않다</판단>
[도덕_문장]: 온라인으로 산 원피스가 생각보다 커서 환불하고 싶었지만 환불 부담금이 비싸고, 수선비용도 옷값에 육박해서 어떤 선택을 해야 할지 고민했다. 이렇게, 쇼핑 후 옷이 마음에 들지 않을 경우 상황을 꼼꼼히 확인하고, 가능한 선택지를 충분히 고민하는 것은 어떠한가?	<분류>1</분류> <판단>바람직하다</판단>
[도덕_문장]: 복학한 지 얼마 안 되어 이전 학기 내용을 기억하지 못하는데, 교수님이 갑자기 질문하셔서 모른다고 답할지 아는 척할지 당황스러웠다. 이렇게, 수업에서 질문을 받았을 때 아는 척 하지 않고 모르는 것은 모른다고 답하는 것은 나쁜가?	<분류>1</분류> <판단>좋다</판단>
[도덕_문장]: 복학한 지 얼마 안 되어 이전 학기 내용을 기억하지 못하는데, 교수님이 갑자기 질문하셔서 모른다고 답할지 아는 척할지 당황스러웠다. 이렇게, 학생이 질문을 제대로 이해하지 못했을 때 잠시 시간을 주는 것은 나쁜가?	<분류>1</분류> <판단>좋다</판단>
[도덕_문장]: 복학한 지 얼마 안 되어 이전 학기 내용을 기억하지 못하는데, 교수님이 갑자기 질문하셔서 모른다고 답할지 아는 척할지 당황스러웠다. 이러한 상황에서, 학생이 모르는 것을 아는 척 하는 것은 권장되지 않는가?	<분류>0</분류> <판단>필요 없다</판단>
[도덕_문장]: 복학한 지 얼마 안 되어 이전 학기 내용을 기억하지 못하는데, 교수님이 갑자기 질문하셔서 모른다고 답할지 아는 척할지 당황스러웠다. 이런 경우에, 모르는 것을 답변하려고 아는 척 하는 것은 옳지 않은가?	<분류>-1</분류> <판단>옳지 않다</판단>
[도덕_문장]: 복학한 지 얼마 안 되어 이전 학기 내용을 기억하지 못하는데, 교수님이 갑자기 질문하셔서 모른다고 답할지 아는 척할지 당황스러웠다. 이런 상황에서, 수업 중에 이해가 안 되는 질문을 질문해주는 것은 괜찮지 않은가?	<분류>1</분류> <판단>좋다</판단>
[도덕_문장]: 깔끔한 환경에서 일해야 집중이 되어서 옆자리 동료 책상까지 정리해줬는데, 동료가 이상한 시선으로 쳐다봐서 내가 결벽증 환자로 보이는 건 아닌지 당황스러웠다. 이런 상황일 때, 주변 사람들에게 불편을 느끼게 하는 시선을 보내는 것은 정당하지 않은 행동인가?	<분류>-1</분류> <판단>옳지 않다</판단>
[도덕_문장]: 십년지기 친구와 함께 도자기 원데이 클래스에 참여했는데 친구가 나보다 훨씬 잘 만들어서 열등감에 사로잡혀 표정 관리가 안 되었지만 친구에게 솔직하게 말해야 할지 고민했다. 이런 상황일 때, 친구와의 감정적 갈등을 대화로 풀어나가는 것은 권장되는가?	<분류>1</분류> <판단>해야 한다</판단>
[도덕_문장]: 십년지기 친구와 함께 도자기 원데이 클래스에 참여했는데 친구가 나보다 훨씬 잘 만들어서 열등감에 사로잡혀 표정 관리가 안 되었지만 친구에게 솔직하게 말해야 할지 고민했다. 이럴 때, 타인의 능력을 인정하지 않고 열등감을 가지는 것은 바람직한가?	<분류>0</분류> <판단>바람직하지 않다</판단>
[도덕_문장]: 술을 마신 다음 날 얼굴이 늙어 보여서 사람들 시선이 신경 쓰이는데, 이런 외모에 대한 걱정을 하는 내 자신이 한심하게 느껴져서 고민이다. 이런 상황일 때, 건강을 위해 적당한 음주량을 지키고 다음날 숙취 해소를 위해 충분한 휴식을 취하는 것은 어떠한가?	<분류>1</분류> <판단>중요하다</판단>
[도덕_문장]: 여자친구가 갑자기 당분간 만나지 말자고 했는데 이유를 말해주지 않아서 계속 전화를 걸고 집으로 찾아가고 싶었지만 그러면 더 피할 것 같아 참았다. 이러한 상황에서, 상대의 심리 상태를 고려해 관계를 유지하는 것은 옳지 않은가?	<분류>1</분류> <판단>옳다.</판단>
[도덕_문장]: 여자친구가 갑자기 당분간 만나지 말자고 했는데 이유를 말해주지 않아서 계속 전화를 걸고 집으로 찾아가고 싶었지만 그러면 더 피할 것 같아 참았다. 이런 상황에서, 상대방의 연락에 대해 불편함을 표현하거나 잠시 거리를 두는 것은 좋지 않은가?	<분류>0</분류> <판단>좋다</판단>
[도덕_문장]: 친구가 영화를 보는 내내 내 향수 냄새 때문에 코를 막고 이상한 냄새가 난다고 해서 상처받았지만, 오래된 친구라서 절교할지 아니면 솔직하게 기분이 상했다고 말할지 고민했다. 이렇게, 친한 친구에게 불쾌감을 주는 행동을 지속적으로 하는 경우 진솔한 대화를 요구하는 것은 좋은 행동인가?	<분류>1</분류> <판단>좋다.</판단>
[도덕_문장]: 친구가 영화를 보는 내내 내 향수 냄새 때문에 코를 막고 이상한 냄새가 난다고 해서 상처받았지만, 오래된 친구라서 절교할지 아니면 솔직하게 기분이 상했다고 말할지 고민했다. 이처럼, 친구와 다투었을 때 서로의 입장을 존중하면서 대화로 문제를 해결하는 것은 어떠한가?	<분류>1</분류> <판단>좋다</판단>
[도덕_문장]: 친구가 영화를 보는 내내 내 향수 냄새 때문에 코를 막고 이상한 냄새가 난다고 해서 상처받았지만, 오래된 친구라서 절교할지 아니면 솔직하게 기분이 상했다고 말할지 고민했다. 이처럼, 친구가 실수했을 때 상황을 악화시키지 않고 솔직하게 말하는 것은 좋은가?	<분류>1</분류> <판단>좋다</판단>
[도덕_문장]: 친구가 영화를 보는 내내 내 향수 냄새 때문에 코를 막고 이상한 냄새가 난다고 해서 상처받았지만, 오래된 친구라서 절교할지 아니면 솔직하게 기분이 상했다고 말할지 고민했다. 이런 상황에서, 친구와의 관계에서 상대방의 감정을 존중하는 것은 필요한가?	<분류>1</분류> <판단>중요하다</판단>
[도덕_문장]: 친구가 영화를 보는 내내 내 향수 냄새 때문에 코를 막고 이상한 냄새가 난다고 해서 상처받았지만, 오래된 친구라서 절교할지 아니면 솔직하게 기분이 상했다고 말할지 고민했다. 이렇게, 친구 사이에서 서로의 불쾌감이 발생했을 때 대화를 통해 상대방을 이해하려고 노력하는 것은 권장되지 않는가?	<분류>1</분류> <판단>해야 한다</판단>
[도덕_문장]: 시부모님께 처음으로 요리를 대접하는 날인데 공휴일이라 시든 상추밖에 구할 수 없어서 미리 준비하지 못한 자신을 자책하며 시부모님께 실망을 드릴까 봐 걱정했다. 이처럼, 처음 초대하는 자리에서 상황을 고려해 노력하는 모습을 보여주는 것은 옳지 않은 행동인가?	<분류>1</분류> <판단>옳다</판단>
[도덕_문장]: 남편 생일을 깜빡했는데 시어머니가 미역국 끓여서 먹이고 출근시켰냐고 물어보셔서 거짓말로 넘어갈까 솔직하게 말할까 고민했다. 이런 상황일 때, 가족 구성원의 생일을 챙기지 못한 화자를 걱정해주는 것은 어떠한가?	<분류>1</분류> <판단>좋다</판단>
[도덕_문장]: 친구들과의 소중한 월례 모임이 있는데 갑작스러운 장기 출장으로 참석하지 못하게 되어 회사 일을 우선해야 할지 친구들과의 약속을 지켜야 할지 고민했다. 이런 경우에, 친구들에게 사정을 양해 구하고 다음에 만날 약속을 하는 것은 나쁜가?	<분류>1</분류> <판단>좋다</판단>
[도덕_문장]: 친구들과의 소중한 월례 모임이 있는데 갑작스러운 장기 출장으로 참석하지 못하게 되어 회사 일을 우선해야 할지 친구들과의 약속을 지켜야 할지 고민했다. 이처럼, 친구와의 모임이 있을 때 우선순위를 정하고 그에 따른 상황을 설명하는 것은 적절한가?	<분류>1</분류> <판단>바람직하다</판단>
[도덕_문장]: 친구들과의 소중한 월례 모임이 있는데 갑작스러운 장기 출장으로 참석하지 못하게 되어 회사 일을 우선해야 할지 친구들과의 약속을 지켜야 할지 고민했다. 이런 경우에, 친구들에게 사전에 참석 여부를 명확히 밝히는 것은 괜찮은가?	<분류>1</분류> <판단>좋다</판단>
[도덕_문장]: 수업 시간마다 화장실에 가야 하는데 친구들이 나를 이상하게 볼까 봐 걱정되어 화장실 가는 것을 참을지 고민했다. 이런 상황일 때, 자신의 건강을 이유로 수업에 방해가 되지 않도록 조치를 요청하는 것은 문제가 되지 않는가?	<분류>1</분류> <판단>할 수 있다</판단>
[도덕_문장]: 내가 새로 산 화장품을 거실 테이블에 올려뒀는데 엄마가 본인께 드리는 선물인 줄 알고 크게 기뻐하셔서 사실을 말씀드려야 할지 고민했다. 이렇게, 가족들의 오해가 발생했을 때 바로 사실을 알리는 것은 하면 안 되는가?	<분류>1</분류> <판단>해야 한다</판단>
[도덕_문장]: 내가 새로 산 화장품을 거실 테이블에 올려뒀는데 엄마가 본인께 드리는 선물인 줄 알고 크게 기뻐하셔서 사실을 말씀드려야 할지 고민했다. 이렇게, 타인의 물건이 자신의 것이라고 오해할 경우 상대방에게 물어보는 것은 정당한 행동인가?	<분류>1</분류> <판단>옳다</판단>
[도덕_문장]: 내가 새로 산 화장품을 거실 테이블에 올려뒀는데 엄마가 본인께 드리는 선물인 줄 알고 크게 기뻐하셔서 사실을 말씀드려야 할지 고민했다. 이렇게, 가족이 실수로 자신의 것을 착각하여 오해를 받았을 때 사실대로 이야기하는 것은 필수적이지 않은가?	<분류>1</분류> <판단>해야 한다</판단>
[도덕_문장]: 내가 새로 산 화장품을 거실 테이블에 올려뒀는데 엄마가 본인께 드리는 선물인 줄 알고 크게 기뻐하셔서 사실을 말씀드려야 할지 고민했다. 이처럼, 자신의 실수를 인정하고 상황을 설명하는 것은 좋지 않은 행동인가?	<분류>1</분류> <판단>좋다</판단>
[도덕_문장]: 내가 새로 산 화장품을 거실 테이블에 올려뒀는데 엄마가 본인께 드리는 선물인 줄 알고 크게 기뻐하셔서 사실을 말씀드려야 할지 고민했다. 이런 상황일 때, 선물에 대한 오해를 사실대로 이야기해 주는 것은 나쁜가?	<분류>1</분류> <판단>좋다</판단>
[도덕_문장]: 내가 새로 산 화장품을 거실 테이블에 올려뒀는데 엄마가 본인께 드리는 선물인 줄 알고 크게 기뻐하셔서 사실을 말씀드려야 할지 고민했다. 이러한 상황에서, 선물에서 주는 사람이 누구인지 정확하게 확인해 주는 것은 정당하지 않은 행동인가?	<분류>1</분류> <판단>옳다</판단>
[도덕_문장]: 과제를 하다가 정전으로 컴퓨터가 꺼져서 두 시간 동안 작업한 내용이 모두 사라졌는데, 중간에 저장할 기회가 많았음에도 하지 않은 자신이 한심해서 자책하고 있다. 이러한 상황에서, 중요한 작업 중에 자주 저장하는 것은 필수적인가?	<분류>1</분류> <판단>필요하다</판단>
[도덕_문장]: 과제를 하다가 정전으로 컴퓨터가 꺼져서 두 시간 동안 작업한 내용이 모두 사라졌는데, 중간에 저장할 기회가 많았음에도 하지 않은 자신이 한심해서 자책하고 있다. 이런 상황에서, 실수의 원인을 인지하고 향후 방지를 위해 개선하려는 노력을 하는 것은 바람직한가?	<분류>1</분류> <판단>바람직하다</판단>
[도덕_문장]: 과제를 하다가 정전으로 컴퓨터가 꺼져서 두 시간 동안 작업한 내용이 모두 사라졌는데, 중간에 저장할 기회가 많았음에도 하지 않은 자신이 한심해서 자책하고 있다. 이럴 때, 자신의 잘못에 대해 성찰하고 반성하는 것은 바람직하지 않은 행동인가?	<분류>1</분류> <판단>바람직하다</판단>
[도덕_문장]: 여자친구 부모님과의 장거리 여행에서 피곤해서 운전하기 힘든 상황이지만 좋은 인상을 주기 위해 솔직하게 말하지 못하고 억지로 운전을 하려고 했다. 이럴 때, 가족의 약속을 무리하게 이행하려 하는 것은 나쁜가?	<분류>-1</분류> <판단>좋지 않다</판단>
[도덕_문장]: 친구가 추천해준 오페라를 보고 왔는데 이탈리아어로 진행되어 전혀 이해하지 못했지만, 친구와 대화할 때 이해했다고 거짓말을 할지 솔직하게 말할지 고민했다. 이런 경우에, 친구에게 오페라에 대한 자신의 생각과 느낌을 솔직하게 이야기하는 것은 바람직한가?	<분류>1</분류> <판단>바람직하다</판단>
[도덕_문장]: 친구가 추천해준 오페라를 보고 왔는데 이탈리아어로 진행되어 전혀 이해하지 못했지만, 친구와 대화할 때 이해했다고 거짓말을 할지 솔직하게 말할지 고민했다. 이런 상황에서, 친구에게 이해하지 못한 내용에 대해 솔직하게 말하는 것은 좋은 행동인가?	<분류>1</분류> <판단>좋다</판단>
[도덕_문장]: 친구가 추천해준 오페라를 보고 왔는데 이탈리아어로 진행되어 전혀 이해하지 못했지만, 친구와 대화할 때 이해했다고 거짓말을 할지 솔직하게 말할지 고민했다. 이런 경우에, 약속한 만남에서 서로 오해가 생기지 않도록 솔직하게 대화하는 것은 어떠한가?	<분류>1</분류> <판단>바람직하다</판단>
[도덕_문장]: 여자친구와 데이트 중에 실수로 전 여자친구 이름을 불러서 당황스럽고 죄책감이 들었지만, 진심으로 사과했는데도 마음이 계속 불편했다. 이처럼, 실수로 불편한 상황을 일으켰을 때 진심으로 사과하는 것은 옳은 행동인가?	<분류>1</분류> <판단>옳다</판단>
[도덕_문장]: 여자친구와 데이트 중에 실수로 전 여자친구 이름을 불러서 당황스럽고 죄책감이 들었지만, 진심으로 사과했는데도 마음이 계속 불편했다. 이처럼, 연인 사이에서 오해나 실수가 발생했을 때 상대방의 진심을 받아들이는 것은 나쁜가?	<분류>1</분류> <판단>좋다</판단>
[도덕_문장]: 여자친구와 데이트 중에 실수로 전 여자친구 이름을 불러서 당황스럽고 죄책감이 들었지만, 진심으로 사과했는데도 마음이 계속 불편했다. 이렇게, 상대방이 실수를 진심으로 사과할 때 이를 진심으로 받아들이는 것은 권장되지 않는가?	<분류>1</분류> <판단>해야 한다</판단>
[도덕_문장]: 여자친구와 데이트 중에 실수로 전 여자친구 이름을 불러서 당황스럽고 죄책감이 들었지만, 진심으로 사과했는데도 마음이 계속 불편했다. 이런 상황에서, 데이트 상대의 과거에 대해 이해해 주는 것은 좋지 않은 행동인가?	<분류>1</분류> <판단>좋다</판단>
[도덕_문장]: 엄마가 아이돌 팬클럽에 가입하겠다고 하셔서 민망하고 당황스러웠지만, 엄마의 취미생활을 반대할 수도 없어서 결국 팬클럽 가입을 도와드렸다. 이런 상황에서, 자녀가 부모님을 위해 팬클럽 가입을 도와주는 것은 나쁘지 않은 행동인가?	<분류>1</분류> <판단>좋다</판단>
[도덕_문장]: 엄마가 아이돌 팬클럽에 가입하겠다고 하셔서 민망하고 당황스러웠지만, 엄마의 취미생활을 반대할 수도 없어서 결국 팬클럽 가입을 도와드렸다. 이런 경우에, 자녀가 부모님을 걱정하는 마음을 이해하고 표현하는 것은 필수적인가?	<분류>1</분류> <판단>해야 한다</판단>
[도덕_문장]: 엄마가 아이돌 팬클럽에 가입하겠다고 하셔서 민망하고 당황스러웠지만, 엄마의 취미생활을 반대할 수도 없어서 결국 팬클럽 가입을 도와드렸다. 이런 경우에, 자녀가 부모님의 취미생활을 이해하고 존중하는 것은 바람직하지 않은 행동인가?	<분류>1</분류> <판단>바람직하다</판단>
[도덕_문장]: 엄마가 아이돌 팬클럽에 가입하겠다고 하셔서 민망하고 당황스러웠지만, 엄마의 취미생활을 반대할 수도 없어서 결국 팬클럽 가입을 도와드렸다. 이런 상황에서, 개인의 취미생활을 존중해주는 것은 옳지 않은 행동인가?	<분류>1</분류> <판단>옳다</판단>
[도덕_문장]: 엄마가 술 마시는 것을 허락하지 않고 가방 검사와 옷차림 단속을 하는 것이 과하다고 생각하지만, 걱정해서 그러는 엄마 마음도 이해가 되어 집을 나갈지 참을지 고민했다. 이러한 상황에서, 아이의 안전과 성장을 위해 지나치지 않은 범위 내에서 간섭하는 것은 권장되지 않는가?	<분류>1</분류> <판단>필요한 일이다</판단>
[도덕_문장]: 엄마가 술 마시는 것을 허락하지 않고 가방 검사와 옷차림 단속을 하는 것이 과하다고 생각하지만, 걱정해서 그러는 엄마 마음도 이해가 되어 집을 나갈지 참을지 고민했다. 이처럼, 자녀가 통제를 받아들이는 것이 부담스러울 때 그 이유를 설명해 주는 것은 좋은가?	<분류>1</분류> <판단>좋다</판단>
[도덕_문장]: 이직한 회사에서 면접 때 약속했던 연봉과 다른 조건을 제시받아서 대표와 재협상을 해야 할지 아니면 바로 그만두고 다른 회사를 알아봐야 할지 고민했다. 이런 경우에, 회사가 면접에서 제시한 조건과 다르게 일방적으로 조건을 변경하는 것은 어떠한가?	<분류>-1</분류> <판단>안 되다</판단>
[도덕_문장]: 이직한 회사에서 면접 때 약속했던 연봉과 다른 조건을 제시받아서 대표와 재협상을 해야 할지 아니면 바로 그만두고 다른 회사를 알아봐야 할지 고민했다. 이런 경우에, 면접에서 약속한 조건과 다른 것을 제시하는 것은 어떠한가?	<분류>-1</분류> <판단>옳지 않다</판단>
[도덕_문장]: 육아로 하루하루가 힘들어 모든 것을 내버리고 도망치고 싶다는 생각이 들지만, 아이의 예쁜 잠든 얼굴을 보면 그런 마음이 사라져서 혼란스럽다. 이런 상황에서, 자신의 어려움이나 어려움에 대한 감정을 회피하지 않고 이해하려 노력하는 것은 의무인가?	<분류>1</분류> <판단>해야 한다</판단>
[도덕_문장]: 육아로 하루하루가 힘들어 모든 것을 내버리고 도망치고 싶다는 생각이 들지만, 아이의 예쁜 잠든 얼굴을 보면 그런 마음이 사라져서 혼란스럽다. 이런 경우에, 아이를 돌보는 것은 정당하지 않은 행동인가?	<분류>1</분류> <판단>옳은 행동이다</판단>
[도덕_문장]: 육아로 하루하루가 힘들어 모든 것을 내버리고 도망치고 싶다는 생각이 들지만, 아이의 예쁜 잠든 얼굴을 보면 그런 마음이 사라져서 혼란스럽다. 이런 상황일 때, 육아의 어려움에 대해 대화하고 공감하는 것은 어떠한가?	<분류>1</분류> <판단>바람직하다</판단>
[도덕_문장]: 육아로 하루하루가 힘들어 모든 것을 내버리고 도망치고 싶다는 생각이 들지만, 아이의 예쁜 잠든 얼굴을 보면 그런 마음이 사라져서 혼란스럽다. 이런 경우에, 육아에서 도움을 받는 것은 좋은 행동인가?	<분류>1</분류> <판단>좋다</판단>
[도덕_문장]: 회사에서 받는 월급에 비해 과도한 업무량과 개인시간 부족으로 스트레스를 받고 있지만, 부모님처럼 참고 견뎌야 할지 아니면 그만두고 새로운 길을 찾아야 할지 고민이 된다. 이렇게, 직장생활에 만족하지 못하더라도 퇴사를 단정하기보다는 상황을 개선하기 위한 방법을 고민하는 것은 옳지 않은 행동인가?	<분류>1</분류> <판단>옳다</판단>
[도덕_문장]: 회사에서 받는 월급에 비해 과도한 업무량과 개인시간 부족으로 스트레스를 받고 있지만, 부모님처럼 참고 견뎌야 할지 아니면 그만두고 새로운 길을 찾아야 할지 고민이 된다. 이런 상황에서, 자신의 건강과 개인 시간을 지키는 것은 필요한가?	<분류>1</분류> <판단>중요하다</판단>
[도덕_문장]: 직장에서 무례한 고객이 막무가내로 우겨대며 큰 소리를 쳤는데, 내가 잘못한 것이 아님에도 불구하고 상황을 마무리하기 위해 결국 사과를 했다. 이처럼, 상대방의 무례한 행동에 대해 자신의 잘못 여부와 상관없이 정중하게 상황을 정리하는 것은 바람직하지 않은 행동인가?	<분류>1</분류> <판단>바람직하다</판단>
[도덕_문장]: 윗집에서 밤늦게 피아노를 쳐서 고3 아이가 공부에 집중하지 못해 몇 번 조심해달라고 말했는데, 윗집 사람이 자기 집이 아니라고 발뺌해서 화가 났지만 좋게 해결하고 싶어 고민이다. 이러한 상황에서, 공동주택에서 이웃의 배려와 불편함을 이해하는 것은 필수적인가?	<분류>1</분류> <판단>해야 한다</판단>
[도덕_문장]: 윗집에서 밤늦게 피아노를 쳐서 고3 아이가 공부에 집중하지 못해 몇 번 조심해달라고 말했는데, 윗집 사람이 자기 집이 아니라고 발뺌해서 화가 났지만 좋게 해결하고 싶어 고민이다. 이렇게, 이웃과의 갈등을 해결할 때 자신의 입장을 명확하게 전달하고, 감정적이지 않게 합리적인 방식으로 협의점을 찾는 것은 바람직한 행동인가?	<분류>1</분류> <판단>바람직하다</판단>
[도덕_문장]: 윗집에서 밤늦게 피아노를 쳐서 고3 아이가 공부에 집중하지 못해 몇 번 조심해달라고 말했는데, 윗집 사람이 자기 집이 아니라고 발뺌해서 화가 났지만 좋게 해결하고 싶어 고민이다. 이처럼, 이웃 간의 갈등이 발생했을 때 문제 해결을 위한 대화를 시도하는 것은 바람직한 행동인가?	<분류>1</분류> <판단>바람직하다</판단>
[도덕_문장]: 윗집에서 밤늦게 피아노를 쳐서 고3 아이가 공부에 집중하지 못해 몇 번 조심해달라고 말했는데, 윗집 사람이 자기 집이 아니라고 발뺌해서 화가 났지만 좋게 해결하고 싶어 고민이다. 이러한 상황에서, 이웃을 배려하지 않고 계속해서 소음을 유발하는 것은 적절하지 않은가?	<분류>-1</분류> <판단>바람직하지 않다</판단>
[도덕_문장]: 조카가 내가 아끼던 프라모델을 망가뜨리고도 숨겼는데, 화가 나지만 어린 조카에게 화를 낼 수도 없어서 혼자 속앓이만 했다. 이렇게, 조카를 훈육할 때 조용히 타일르는 것은 좋지 않은 행동인가?	<분류>1</분류> <판단>좋다</판단>
[도덕_문장]: 동생이 허락 없이 남자친구가 선물해준 새 옷을 입고 나가서 화가 났지만, 오늘 남자친구와 만나기로 한 약속 때문에 어떻게 설명해야 할지 고민되었다. 이런 상황일 때, 타인이 선물한 것을 동의 없이 입는 것은 어떠한가?	<분류>1</분류> <판단>당사자에게 사과해야 한다</판단>
[도덕_문장]: 다른 차가 내 차를 막고 주차해서 여자친구 생일 약속에 늦게 되었는데, 차주가 회의 중이라 전화를 못 받았다며 택시비만 보내주고 제대로 된 사과를 하지 않아서 화가 났다. 이런 경우에, 타인의 일정에 지장을 주는 것은 바람직한 행동인가?	<분류>-1</분류> <판단>바람직하지 않다</판단>
[도덕_문장]: 머리카락과 손톱이 빨리 자라서 미용실을 자주 가야 하는 것이 화나고 귀찮지만, 키는 잘 안 자라는 현실에 좌절감을 느꼈다. 이런 상황일 때, 외모에 대한 불만을 상대적인 가치로 인정하고, 자신의 외모를 유지하기 위한 노력을 부정적으로 평가하지 않는 태도를 갖는 것은 적절한가?	<분류>1</분류> <판단>바람직하다</판단>
[도덕_문장]: 가족들이 미리 말해둔 내 생일을 깜빡 잊어버려서 화가 났는데, 나중에 내가 너무 속 좁은 사람인 것 같아서 자책하게 되었다. 이렇게, 가족들이 미리 생일을 말해둔 것을 깜빡했을 때 이를 이해해주는 것은 나쁜가?	<분류>1</분류> <판단>좋다</판단>
[도덕_문장]: 가족들이 미리 말해둔 내 생일을 깜빡 잊어버려서 화가 났는데, 나중에 내가 너무 속 좁은 사람인 것 같아서 자책하게 되었다. 이렇게, 가족이 약속한 일을 잊어버렸을 때 너그러운 마음으로 대하는 것은 좋지 않은 행동인가?	<분류>1</분류> <판단>좋다</판단>
[도덕_문장]: 가족들이 미리 말해둔 내 생일을 깜빡 잊어버려서 화가 났는데, 나중에 내가 너무 속 좁은 사람인 것 같아서 자책하게 되었다. 이러한 상황에서, 화를 내기 전에 상대의 입장을 생각하고 감정을 조절하는 것은 바람직하지 않은가?	<분류>1</분류> <판단>바람직하다</판단>
[도덕_문장]: 가족들이 미리 말해둔 내 생일을 깜빡 잊어버려서 화가 났는데, 나중에 내가 너무 속 좁은 사람인 것 같아서 자책하게 되었다. 이러한 상황에서, 생일을 깜빡 잊는 것은 어떠한가?	<분류>0</분류> <판단>나쁜 일이 아니다</판단>
[도덕_문장]: 오랜만에 서울에서 친구들을 만나기로 한 날 기차를 놓쳐버렸는데, 생일인 친구를 위해 일찍 가서 축하를 준비하려던 계획이 모두 틀어져서 화가 났지만 이미 지나간 일에 대해 계속 분노할지 마음을 가다듬고 다음 계획을 세울지 고민했다. 이처럼, 약속을 지키지 못할 경우 미리 연락하는 것은 어떠한가?	<분류>1</분류> <판단>좋다</판단>
[도덕_문장]: 오랜만에 서울에서 친구들을 만나기로 한 날 기차를 놓쳐버렸는데, 생일인 친구를 위해 일찍 가서 축하를 준비하려던 계획이 모두 틀어져서 화가 났지만 이미 지나간 일에 대해 계속 분노할지 마음을 가다듬고 다음 계획을 세울지 고민했다. 이처럼, 타인과 약속을 할 때 책임감을 갖는 것은 나쁘지 않은가?	<분류>1</분류> <판단>좋다</판단>
[도덕_문장]: 오랜만에 서울에서 친구들을 만나기로 한 날 기차를 놓쳐버렸는데, 생일인 친구를 위해 일찍 가서 축하를 준비하려던 계획이 모두 틀어져서 화가 났지만 이미 지나간 일에 대해 계속 분노할지 마음을 가다듬고 다음 계획을 세울지 고민했다. 이렇게, 계획이 틀어졌을 때 감정을 잠시 내려놓고 상황을 차분히 받아들이는 것은 좋은 행동인가?	<분류>1</분류> <판단>좋다</판단>
[도덕_문장]: 오랜만에 서울에서 친구들을 만나기로 한 날 기차를 놓쳐버렸는데, 생일인 친구를 위해 일찍 가서 축하를 준비하려던 계획이 모두 틀어져서 화가 났지만 이미 지나간 일에 대해 계속 분노할지 마음을 가다듬고 다음 계획을 세울지 고민했다. 이렇게, 계획이 틀어졌을 때 스스로의 잘못을 인정하고 상황을 받아들이는 것은 필요하지 않은가?	<분류>1</분류> <판단>필요하다</판단>
[도덕_문장]: 오랜만에 서울에서 친구들을 만나기로 한 날 기차를 놓쳐버렸는데, 생일인 친구를 위해 일찍 가서 축하를 준비하려던 계획이 모두 틀어져서 화가 났지만 이미 지나간 일에 대해 계속 분노할지 마음을 가다듬고 다음 계획을 세울지 고민했다. 이처럼, 친구의 실수로 계획이 틀어졌을 때 상황을 차분히 받아들이는 것은 어떠한가?	<분류>1</분류> <판단>좋다</판단>
[도덕_문장]: 남편이 아이 학원비와 생활비를 아끼려고 하는 것이 현실적으로는 이해되지만, 아이를 위한 투자마저 거부하는 모습에 화가 나서 어떻게 대화해야 할지 고민이 되었다. 이처럼, 가족과 대화할 때 자신의 의견을 정중하게 전달하는 것은 의무가 아닌가?	<분류>1</분류> <판단>해야 한다</판단>
[도덕_문장]: 남편이 아이 학원비와 생활비를 아끼려고 하는 것이 현실적으로는 이해되지만, 아이를 위한 투자마저 거부하는 모습에 화가 나서 어떻게 대화해야 할지 고민이 되었다. 이렇게, 가족 간 갈등이 있을 때 대화를 통해 이해를 구하는 것은 나쁜가?	<분류>1</분류> <판단>좋다</판단>
[도덕_문장]: 남편이 사랑한다며 하루 종일 전화로 일정을 확인하고 영상통화로 위치를 체크하는데, 감옥 같다는 생각이 들면서도 사랑의 표현이라고 여겨 참아야 할지 고민했다. 이렇게, 자신의 사생활이 지나치게 침해받는다고 느낄 때 상대방과 대화를 통해 적절한 경계를 설정하는 것은 적절한가?	<분류>1</분류> <판단>바람직하다</판단>
[도덕_문장]: 남편이 사랑한다며 하루 종일 전화로 일정을 확인하고 영상통화로 위치를 체크하는데, 감옥 같다는 생각이 들면서도 사랑의 표현이라고 여겨 참아야 할지 고민했다. 이러한 상황에서, 배우자와의 관계에서 과도한 집착이나 통제감을 유지하려는 것은 바람직하지 않은 행동인가?	<분류>-1</분류> <판단>바람직하지 않다</판단>
[도덕_문장]: 남편이 사랑한다며 하루 종일 전화로 일정을 확인하고 영상통화로 위치를 체크하는데, 감옥 같다는 생각이 들면서도 사랑의 표현이라고 여겨 참아야 할지 고민했다. 이렇게, 남편이 과도한 집착을 보일 때 이를 개선하도록 요구하는 것은 일반적이지 않은가?	<분류>1</분류> <판단>할 수 있다</판단>
[도덕_문장]: 남편이 사랑한다며 하루 종일 전화로 일정을 확인하고 영상통화로 위치를 체크하는데, 감옥 같다는 생각이 들면서도 사랑의 표현이라고 여겨 참아야 할지 고민했다. 이렇게, 배우자가 과도한 집착을 보일 경우 정서적, 신체적 피해를 입을 위험이 있다면 도움을 요청하거나 적절한 조치를 취하는 것은 적절하지 않은가?	<분류>1</분류> <판단>바람직하다</판단>
[도덕_문장]: 남편이 매일 술을 마시러 나가서 아이들과 시간을 보내지 않는 것이 화가 나지만, 감정적으로 대응하지 말고 가족이 함께할 수 있는 활동을 제안해야 할지 고민했다. 이러한 상황에서, 가족 간의 문제를 대화로 해결하려 노력하는 것은 적절하지 않은가?	<분류>1</분류> <판단>바람직하다</판단>
[도덕_문장]: 남편이 매일 술을 마시러 나가서 아이들과 시간을 보내지 않는 것이 화가 나지만, 감정적으로 대응하지 말고 가족이 함께할 수 있는 활동을 제안해야 할지 고민했다. 이런 상황에서, 가족과 함께하는 시간의 중요성을 인지하고 노력하는 것은 어떠한가?	<분류>1</분류> <판단>바람직하다</판단>
[도덕_문장]: 남편이 매일 술을 마시러 나가서 아이들과 시간을 보내지 않는 것이 화가 나지만, 감정적으로 대응하지 말고 가족이 함께할 수 있는 활동을 제안해야 할지 고민했다. 이런 경우에, 아내와의 가정에 충실하게 행동하는 것은 의무인가?	<분류>1</분류> <판단>해야 한다</판단>
[도덕_문장]: 남편이 매일 술을 마시러 나가서 아이들과 시간을 보내지 않는 것이 화가 나지만, 감정적으로 대응하지 말고 가족이 함께할 수 있는 활동을 제안해야 할지 고민했다. 이처럼, 가족이 함께할 수 있는 활동을 제안할 때 아이들의 의견도 함께 고려하는 것은 나쁘지 않은 행동인가?	<분류>1</분류> <판단>좋다</판단>
[도덕_문장]: 아내가 갑자기 분리수거를 하지 않아 화가 났지만, 이유를 묻지도 않고 일방적으로 화만 내고 있는 내 모습이 과연 옳은 것인지 고민이 되었다. 이렇게, 배우자가 화냈을 때 일방적으로 몰아세우지 않고 대화로 해결책을 찾는 것은 필수적인가?	<분류>1</분류> <판단>해야 한다</판단>
[도덕_문장]: 아내가 갑자기 분리수거를 하지 않아 화가 났지만, 이유를 묻지도 않고 일방적으로 화만 내고 있는 내 모습이 과연 옳은 것인지 고민이 되었다. 이처럼, 배우자에게 감정을 표현할 때 상대의 입장과 이유를 먼저 듣는 것은 옳지 않은가?	<분류>1</분류> <판단>옳다</판단>
[도덕_문장]: 아내가 갑자기 분리수거를 하지 않아 화가 났지만, 이유를 묻지도 않고 일방적으로 화만 내고 있는 내 모습이 과연 옳은 것인지 고민이 되었다. 이처럼, 배우자의 잘못된 행동을 지적할 때 이유를 물어보며 대화를 시도하는 것은 적절한가?	<분류>1</분류> <판단>바람직하다</판단>
[도덕_문장]: 아내가 갑자기 분리수거를 하지 않아 화가 났지만, 이유를 묻지도 않고 일방적으로 화만 내고 있는 내 모습이 과연 옳은 것인지 고민이 되었다. 이러한 상황에서, 분리수거를 하지 않은 아내를 탓하기보다 배려하는 태도를 취하는 것은 적절한가?	<분류>1</분류> <판단>바람직하다</판단>
[도덕_문장]: 남편이 함께 여행하자고 해서 따라갔는데 도착하자마자 다른 출장으로 떠나버려 혼자 남게 되었고, 설상가상으로 폭우까지 내려 발이 묶인 상황에서 남편을 원망해야 할지 이해해야 할지 고민했다. 이처럼, 아내의 상황을 고려하지 않고 출장을 감행하는 것은 어떠한가?	<분류>-1</분류> <판단>옳지 않다</판단>
[도덕_문장]: 남자친구가 항상 바쁘다는 이유로 제대로 된 대화 시간을 갖지 못해 화가 나지만, 처음 좋아했던 그의 열심히 사는 모습 때문에 내가 더 양보해야 할지 고민이 된다. 이런 상황일 때, 서로의 삶의 모습을 인정하고 이해하려 노력하는 것은 나쁘지 않은가?	<분류>1</분류> <판단>좋다</판단>
[도덕_문장]: 남자친구가 항상 바쁘다는 이유로 제대로 된 대화 시간을 갖지 못해 화가 나지만, 처음 좋아했던 그의 열심히 사는 모습 때문에 내가 더 양보해야 할지 고민이 된다. 이처럼, 연인과의 시간적인 어려움을 인지했을 때 솔직하게 말하고 함께 해결책을 찾는 것은 의무가 아닌가?	<분류>1</분류> <판단>해야 한다</판단>
[도덕_문장]: 윗집에서 밤늦게 피아노를 쳐서 잠을 못 자겠는데, 아이를 키우는 집이라 직접 항의하기는 미안하고 그렇다고 계속 참기도 힘들어서 고민했다. 이렇게, 층간 소음에 대한 갈등을 느낄 때 직접적인 충돌을 피하고 관리자나 주민들과 대화를 시도하는 것은 권장되지 않는가?	<분류>1</분류> <판단>해야 한다</판단>
[도덕_문장]: 강의가 끝난 후 한 학생이 기초적인 질문을 계속해서 다음 강의 준비 시간을 빼앗고 있는데, 배려 없는 행동에 화가 나면서도 참아주지 못하는 내 모습이 이기적인 것 같아 고민스러웠다. 이런 상황일 때, 강사가 수업의 흐름을 방해하는 학생에게 정중하지만 단호하게 마무리를 요청하는 것은 권장되지 않는가?	<분류>1</분류> <판단>해야 한다</판단>
[도덕_문장]: 강의가 끝난 후 한 학생이 기초적인 질문을 계속해서 다음 강의 준비 시간을 빼앗고 있는데, 배려 없는 행동에 화가 나면서도 참아주지 못하는 내 모습이 이기적인 것 같아 고민스러웠다. 이처럼, 학업에 집중하고자 하는 분위기 속에서 개인적인 질의응답 시간을 최소화하고 필요한 경우에는 담당자를 통해 연락하는 것은 정당한 행동인가?	<분류>0</분류> <판단>옳다</판단>
[도덕_문장]: 강의가 끝난 후 한 학생이 기초적인 질문을 계속해서 다음 강의 준비 시간을 빼앗고 있는데, 배려 없는 행동에 화가 나면서도 참아주지 못하는 내 모습이 이기적인 것 같아 고민스러웠다. 이런 경우에, 강의를 방해하는 것은 일반적이지 않은가?	<분류>-1</분류> <판단>안 된다</판단>
[도덕_문장]: 강의가 끝난 후 한 학생이 기초적인 질문을 계속해서 다음 강의 준비 시간을 빼앗고 있는데, 배려 없는 행동에 화가 나면서도 참아주지 못하는 내 모습이 이기적인 것 같아 고민스러웠다. 이러한 상황에서, 수업 중에 다른 사람에게 피해가 가는 행동을 하는 것은 어떠한가?	<분류>-1</분류> <판단>옳지 않다</판단>
[도덕_문장]: 강의가 끝난 후 한 학생이 기초적인 질문을 계속해서 다음 강의 준비 시간을 빼앗고 있는데, 배려 없는 행동에 화가 나면서도 참아주지 못하는 내 모습이 이기적인 것 같아 고민스러웠다. 이런 상황일 때, 수업 시간에 방해하는 행동을 멈추는 것은 괜찮지 않은가?	<분류>1</분류> <판단>좋다</판단>
[도덕_문장]: 강의가 끝난 후 한 학생이 기초적인 질문을 계속해서 다음 강의 준비 시간을 빼앗고 있는데, 배려 없는 행동에 화가 나면서도 참아주지 못하는 내 모습이 이기적인 것 같아 고민스러웠다. 이런 상황일 때, 수업 시간 외에 다른 학생들의 학습 시간을 방해하지 않도록 행동에 주의하는 것은 의무가 아닌가?	<분류>1</분류> <판단>해야 한다</판단>
[도덕_문장]: 윗집에서 매일 밤 쿵쿵거리는 소리 때문에 잠을 못 자서 경비실을 통해 연락했지만 아무 응답이 없어서, 직접 찾아가 따지고 싶지만 밤늦은 시간이라 망설여진다. 이런 경우에, 소음 문제로 불편을 겪는 이웃과 대화를 통해 문제를 해결하려는 태도를 가지는 것은 바람직한가?	<분류>1</분류> <판단>바람직하다</판단>
[도덕_문장]: 집을 팔려고 부동산에 갔는데 직원이 인사도 없이 불친절하게 대하며 안 팔린다는 말만 해서 화가 났지만 다른 곳이 문을 닫아 어쩔 수 없이 그곳에 집을 맡겼다. 이처럼, 집을 팔아야 하는 상황에서 불쾌한 상황이 발생하더라도 감정적으로 대응하기보다 차분하게 상황을 판단하고 대응하는 것은 권장되는가?	<분류>1</분류> <판단>해야 한다</판단>
[도덕_문장]: 남편이 주말마다 집안일은 전혀 돕지 않고 게임만 하는데, 직접 말하기보다는 눈치로 알아주기를 기다렸지만 결국 참지 못하고 화를 냈다. 이런 상황에서, 가사 노동을 가족 구성원에게 책임을 전가하는 것은 옳은 행동인가?	<분류>-1</분류> <판단>옳지 않다</판단>
[도덕_문장]: 기름값이 계속 오르는 상황에서 화물 운송업을 하는 남편이 힘들어하자, 아내는 위로하고 싶지만 현실적인 해결책이 없어서 그저 마음을 내려놓으라고 말할 수밖에 없었다. 이처럼, 상황을 이해하고 있으면서도 해결책을 제시하지 못할 때 솔직하게 말하는 것은 나쁜 행동인가?	<분류>0</분류> <판단>좋다</판단>
[도덕_문장]: 평소 청소를 철저히 하는 편인데 하루 음식물 쓰레기를 깜빡하고 방치했더니 집안에 벌레가 생겨서 자책감과 분노가 동시에 들었다. 이처럼, 실수로 집안에 문제가 생겼을 때 자신의 잘못을 인지하고 적극적으로 해결하려는 자세를 보이는 것은 바람직한 행동인가?	<분류>1</분류> <판단>바람직하다</판단>
[도덕_문장]: 평소 청소를 철저히 하는 편인데 하루 음식물 쓰레기를 깜빡하고 방치했더니 집안에 벌레가 생겨서 자책감과 분노가 동시에 들었다. 이런 상황일 때, 환경 문제 발생 시 자신의 책임을 회피하지 않고 반성하며 해결하려는 태도를 갖는 것은 바람직하지 않은 행동인가?	<분류>1</분류> <판단>바람직하다</판단>
[도덕_문장]: 딸과 화장품을 함께 쓰기로 했는데 딸이 뚜껑을 제대로 닫지 않고 비싼 제품을 낭비하며 제자리에 두지 않아서 주의를 주니 잔소리라며 치사하다고 말해 화가 났지만 감정적으로 대응한 것이 마음에 걸렸다. 이런 상황일 때, 자신의 실수를 인정하고 반성하는 태도를 보이는 것은 적절하지 않은가?	<분류>1</분류> <판단>바람직하다</판단>
[도덕_문장]: 딸과 화장품을 함께 쓰기로 했는데 딸이 뚜껑을 제대로 닫지 않고 비싼 제품을 낭비하며 제자리에 두지 않아서 주의를 주니 잔소리라며 치사하다고 말해 화가 났지만 감정적으로 대응한 것이 마음에 걸렸다. 이처럼, 나이가 어린 사람에게 화를 냈을 때 차분하게 설명하는 것은 어떠한가?	<분류>1</분류> <판단>해야 한다</판단>
[도덕_문장]: 딸과 화장품을 함께 쓰기로 했는데 딸이 뚜껑을 제대로 닫지 않고 비싼 제품을 낭비하며 제자리에 두지 않아서 주의를 주니 잔소리라며 치사하다고 말해 화가 났지만 감정적으로 대응한 것이 마음에 걸렸다. 이렇게, 물건을 공동 사용할 때 서로 협의해서 규칙을 정하는 것은 바람직한가?	<분류>1</분류> <판단>바람직하다</판단>
[도덕_문장]: 딸과 화장품을 함께 쓰기로 했는데 딸이 뚜껑을 제대로 닫지 않고 비싼 제품을 낭비하며 제자리에 두지 않아서 주의를 주니 잔소리라며 치사하다고 말해 화가 났지만 감정적으로 대응한 것이 마음에 걸렸다. 이처럼, 부모와 마찰이 생겼을 때 감정적으로 반응하기보다 차분하게 대화하려는 노력을 하는 것은 필수적이지 않은가?	<분류>1</분류> <판단>해야 한다</판단>
[도덕_문장]: 딸과 화장품을 함께 쓰기로 했는데 딸이 뚜껑을 제대로 닫지 않고 비싼 제품을 낭비하며 제자리에 두지 않아서 주의를 주니 잔소리라며 치사하다고 말해 화가 났지만 감정적으로 대응한 것이 마음에 걸렸다. 이렇게, 가족 구성원 간에 문제일 때 감정적으로 대응하지 않는 것은 나쁜가?	<분류>1</분류> <판단>좋다</판단>
[도덕_문장]: 친구의 남편이 위암과 식도암 수술을 받았는데도 계속 담배를 피운다는 얘기를 들어서 화가 나지만, 친구를 위로해야 하는 상황에서 어떻게 반응해야 할지 고민이 되었다. 이처럼, 친구가 상처를 받았을 때 그 친구를 위로하는 것은 좋지 않은가?	<분류>1</분류> <판단>좋다</판단>
[도덕_문장]: 친구의 남편이 위암과 식도암 수술을 받았는데도 계속 담배를 피운다는 얘기를 들어서 화가 나지만, 친구를 위로해야 하는 상황에서 어떻게 반응해야 할지 고민이 되었다. 이처럼, 친구가 힘들 때 상황을 함께 공유하고 위로하는 것은 나쁘지 않은 행동인가?	<분류>1</분류> <판단>좋다</판단>
[도덕_문장]: 친구의 남편이 위암과 식도암 수술을 받았는데도 계속 담배를 피운다는 얘기를 들어서 화가 나지만, 친구를 위로해야 하는 상황에서 어떻게 반응해야 할지 고민이 되었다. 이처럼, 친구의 가족 건강이 심각한 상태일 때 친구가 안정을 취할 수 있도록 위로의 말을 전하는 것은 의무가 아닌가?	<분류>1</분류> <판단>해야 한다</판단>
[도덕_문장]: 친구의 남편이 위암과 식도암 수술을 받았는데도 계속 담배를 피운다는 얘기를 들어서 화가 나지만, 친구를 위로해야 하는 상황에서 어떻게 반응해야 할지 고민이 되었다. 이처럼, 배우자가 병으로 힘들어할 때 위로가 되어주는 것은 권장되지 않는가?	<분류>1</분류> <판단>되어야 한다</판단>
[도덕_문장]: 큰아들이 결혼을 앞두고 집을 사달라고 당당하게 요구했는데, 도와주고 싶은 마음과 무리한 요구라는 생각 사이에서 고민이 되었다. 이런 경우에, 자녀의 요구를 들어주지 않는 것은 어떠한가?	<분류>0</분류> <판단>괜찮다</판단>
[도덕_문장]: 큰아들이 결혼을 앞두고 집을 사달라고 당당하게 요구했는데, 도와주고 싶은 마음과 무리한 요구라는 생각 사이에서 고민이 되었다. 이러한 상황에서, 부모가 자녀의 금전적 요구를 무조건적으로 들어주는 것은 적절하지 않은가?	<분류>0</분류> <판단>바람직하지 않다</판단>
[도덕_문장]: 승진 심사를 앞두고 바쁜 상황에서 사촌동생 결혼식 준비까지 해야 하는데, 평소 깔끔한 성격이라 모든 집안일을 직접 하고 싶지만 물리적으로 시간이 부족해서 세탁 서비스를 이용할지 고민했다. 이렇게, 개인 일정이 바쁜 상황에서 주변의 도움을 받는 것은 하면 안 되는가?	<분류>0</분류> <판단>괜찮다</판단>
[도덕_문장]: 승진 심사를 앞두고 바쁜 상황에서 사촌동생 결혼식 준비까지 해야 하는데, 평소 깔끔한 성격이라 모든 집안일을 직접 하고 싶지만 물리적으로 시간이 부족해서 세탁 서비스를 이용할지 고민했다. 이러한 상황에서, 직장 생활과 집안 일을 잘 조정하여 업무와 가정 생활 균형을 지키는 것은 바람직한가?	<분류>1</분류> <판단>바람직하다</판단>
[도덕_문장]: 승진 심사를 앞두고 바쁜 상황에서 사촌동생 결혼식 준비까지 해야 하는데, 평소 깔끔한 성격이라 모든 집안일을 직접 하고 싶지만 물리적으로 시간이 부족해서 세탁 서비스를 이용할지 고민했다. 이렇게, 업무와 개인 일정이 겹칠 때 우선순위를 정하고 필요한 도움을 적절히 요청하는 것은 어떠한가?	<분류>1</분류> <판단>바람직하다</판단>
[도덕_문장]: 승진 심사를 앞두고 바쁜 상황에서 사촌동생 결혼식 준비까지 해야 하는데, 평소 깔끔한 성격이라 모든 집안일을 직접 하고 싶지만 물리적으로 시간이 부족해서 세탁 서비스를 이용할지 고민했다. 이처럼, 중요한 일정을 앞두고 시간이 부족할 때 자신의 사정을 가족이나 배우자에게 충분히 설명하고, 일부 일정을 조정하거나 도움을 요청하는 것은 잘못된 행동인가?	<분류>1</분류> <판단>옳다.</판단>
[도덕_문장]: 직원이 외근을 나가면 항상 바로 퇴근해서 업무에 지장을 주고 다른 직원들의 불만도 쌓이는데, 업무능력이 뛰어나서 해고하기는 아까워 어떻게 처리해야 할지 고민이다. 이러한 상황에서, 업무시간에 개인 업무를 처리하는 것은 옳지 않은가?	<분류>-1</분류> <판단>옳지 않다</판단>
[도덕_문장]: 직원이 외근을 나가면 항상 바로 퇴근해서 업무에 지장을 주고 다른 직원들의 불만도 쌓이는데, 업무능력이 뛰어나서 해고하기는 아까워 어떻게 처리해야 할지 고민이다. 이럴 때, 동료의 업무에 지장을 주는 것은 바람직한 행동인가?	<분류>-1</분류> <판단>바람직하지 않다</판단>
[도덕_문장]: 더운 날씨에 갑작스럽게 외근 일정이 변경되어 화가 났지만, 집에서 배우자에게까지 예민하게 행동한 것에 대해 미안함을 느꼈다. 이럴 때, 스트레스를 가족에게 전가하는 것은 바람직한 행동인가?	<분류>-1</분류> <판단>바람직하지 않다</판단>
[도덕_문장]: 프로젝트를 일찍 완료했더니 회사에서 추가 업무를 맡겨서 계획했던 가족여행을 포기해야 할지 회사 일을 거절해야 할지 고민했다. 이럴 때, 회사에서 업무를 무리하게 요구하지 않는 것은 좋지 않은 행동인가?	<분류>1</분류> <판단>좋다</판단>
[도덕_문장]: 부하직원의 실수로 중요한 프로젝트가 망쳐져 승진에 악영향을 받게 되었는데, 화가 나지만 팀원들에게 화를 내지 않고 참아야 할지 고민했다. 이렇게, 부하직원의 실수를 지적할 때 구체적인 개선 방안을 제시하며 격려하는 것은 정당하지 않은 행동인가?	<분류>1</분류> <판단>옳다</판단>
[도덕_문장]: 부하직원의 실수로 중요한 프로젝트가 망쳐져 승진에 악영향을 받게 되었는데, 화가 나지만 팀원들에게 화를 내지 않고 참아야 할지 고민했다. 이럴 때, 팀의 실수를 팀 전체의 책임감으로 해결하는 것은 나쁘지 않은 행동인가?	<분류>1</분류> <판단>좋다</판단>
[도덕_문장]: 부하직원의 실수로 중요한 프로젝트가 망쳐져 승진에 악영향을 받게 되었는데, 화가 나지만 팀원들에게 화를 내지 않고 참아야 할지 고민했다. 이렇게, 팀 구성원의 실수로 인해 피해를 입었을 때 구성원들을 감정적으로 대하지 않고 차분하게 해결 방안을 모색하는 것은 옳은 행동인가?	<분류>1</분류> <판단>옳다</판단>
[도덕_문장]: 팀에서 한 달에 한 번 주말 업무가 있는데 후배가 매번 캠핑 예약을 핑계로 빠지려 해서 화가 나지만 회사에서 직접적으로 지적하기는 조심스러워 고민이다. 이러한 상황에서, 직장 내에서 발생하는 불편함을 예의 바르고 적절하게 처리하는 것은 어떠한가?	<분류>1</분류> <판단>해야 한다</판단>
[도덕_문장]: 팀에서 한 달에 한 번 주말 업무가 있는데 후배가 매번 캠핑 예약을 핑계로 빠지려 해서 화가 나지만 회사에서 직접적으로 지적하기는 조심스러워 고민이다. 이러한 상황에서, 조직의 업무에 참여하지 않으려고 하고 책임을 회피하는 태도를 보이는 것은 어떠한가?	<분류>-1</분류> <판단>보이지 말아야 한다</판단>
[도덕_문장]: 팀에서 한 달에 한 번 주말 업무가 있는데 후배가 매번 캠핑 예약을 핑계로 빠지려 해서 화가 나지만 회사에서 직접적으로 지적하기는 조심스러워 고민이다. 이럴 때, 회사 업무를 회피하는 것은 어떠한가?	<분류>-1</분류> <판단>옳지 않다</판단>
[도덕_문장]: 팀에서 한 달에 한 번 주말 업무가 있는데 후배가 매번 캠핑 예약을 핑계로 빠지려 해서 화가 나지만 회사에서 직접적으로 지적하기는 조심스러워 고민이다. 이처럼, 팀 내 규칙에 어긋나는 개인의 행동을 지적할 때 예의와 함께 명확하게 의사표현을 전달하는 것은 좋은가?	<분류>1</분류> <판단>좋다.</판단>
[도덕_문장]: 새로 산 차에 스크래치를 낸 사람을 찾았을 때 화를 내서 응징하고 싶지만, 상대방이 실수였을 수도 있어서 성숙하게 대처해야 할지 고민했다. 이렇게, 타인의 잘못을 응징할 때 감정을 통제하고 상황을 차분하게 정리해 주는 것은 적절한가?	<분류>1</분류> <판단>바람직하다</판단>
[도덕_문장]: 새로 산 차에 스크래치를 낸 사람을 찾았을 때 화를 내서 응징하고 싶지만, 상대방이 실수였을 수도 있어서 성숙하게 대처해야 할지 고민했다. 이렇게, 타인의 물건을 훼손했을 때 인정하고 진심으로 사과하는 것은 옳은가?	<분류>1</분류> <판단>옳다</판단>
[도덕_문장]: 새로 산 차에 스크래치를 낸 사람을 찾았을 때 화를 내서 응징하고 싶지만, 상대방이 실수였을 수도 있어서 성숙하게 대처해야 할지 고민했다. 이럴 때, 타인의 실수를 용서하거나 예의를 지키며 사과를 받는 것은 바람직하지 않은가?	<분류>1</분류> <판단>바람직하다</판단>
[도덕_문장]: 새로 산 차에 스크래치를 낸 사람을 찾았을 때 화를 내서 응징하고 싶지만, 상대방이 실수였을 수도 있어서 성숙하게 대처해야 할지 고민했다. 이러한 상황에서, 타인의 부주의로 인한 손해에 대해 이성적으로 대응하는 것은 적절한가?	<분류>1</분류> <판단>바람직하다</판단>
[도덕_문장]: 새로 산 차에 스크래치를 낸 사람을 찾았을 때 화를 내서 응징하고 싶지만, 상대방이 실수였을 수도 있어서 성숙하게 대처해야 할지 고민했다. 이렇게, 타인의 과실로 흠집이 났을 때 감정을 앞세우기보다 침착하게 대화를 시도하는 것은 바람직하지 않은 행동인가?	<분류>1</분류> <판단>바람직하다</판단>
[도덕_문장]: 새로 산 차에 스크래치를 낸 사람을 찾았을 때 화를 내서 응징하고 싶지만, 상대방이 실수였을 수도 있어서 성숙하게 대처해야 할지 고민했다. 이렇게, 타인의 실수로 스크래치가 발생했을 때 상대방의 입장을 충분히 공감하는 것은 정당하지 않은 행동인가?	<분류>1</분류> <판단>옳다</판단>
[도덕_문장]: 새로 산 차에 스크래치를 낸 사람을 찾았을 때 화를 내서 응징하고 싶지만, 상대방이 실수였을 수도 있어서 성숙하게 대처해야 할지 고민했다. 이렇게, 다른 사람의 물건을 파손했을 때 진심으로 사과하고 책임을 지는 것은 어떠한가?	<분류>1</분류> <판단>옳다</판단>
[도덕_문장]: 새로 산 차에 스크래치를 낸 사람을 찾았을 때 화를 내서 응징하고 싶지만, 상대방이 실수였을 수도 있어서 성숙하게 대처해야 할지 고민했다. 이처럼, 상대방의 실수로 자동차가 손상되었을 때 대화를 통해 해결하려는 태도를 가지는 것은 적절한가?	<분류>1</분류> <판단>바람직하다</판단>
[도덕_문장]: 출근길에 탄 택시 기사가 30분 내내 목적지에 대해 불평하며 투덜거려서 참다가 결국 언성을 높여 한마디 했다. 이럴 때, 택시 기사가 승객이 불편해할 수 있는 말을 삼га는 것은 의무가 아닌가?	<분류>1</분류> <판단>해야 한다</판단>
[도덕_문장]: 출근길에 탄 택시 기사가 30분 내내 목적지에 대해 불평하며 투덜거려서 참다가 결국 언성을 높여 한마디 했다. 이런 경우에, 다른 사람의 의견에 감정적으로 반응하는 것은 바람직하지 않은가?	<분류>0</분류> <판단>바람직하지 않다</판단>
[도덕_문장]: 출근길에 탄 택시 기사가 30분 내내 목적지에 대해 불평하며 투덜거려서 참다가 결국 언성을 높여 한마디 했다. 이런 경우에, 손님이 불만을 표출하더라도 불쾌함을 감정적으로 표출하는 것은 옳은 행동인가?	<분류>-1</분류> <판단>옳지 않다</판단>
[도덕_문장]: 늦은 밤까지 일을 하고 나서 내일 아침에 바로 써야 할 자료를 프린트하려는데 집 프린터가 고장 나서 멀리 있는 PC방까지 가야 하는 상황에 화가 났지만 어쩔 수 없이 차를 끌고 나갔다. 이렇게, 업무로 인한 불편을 겪었을 때 감정을 차분하게 조절하고 대응 방법을 찾는 것은 적절한가?	<분류>1</분류> <판단>바람직하다</판단>
[도덕_문장]: 평소 좋아하던 참치를 어제 먹었는데 오늘 중금속 오염 뉴스를 보고 식당에 문의했지만 무관하다는 답변에도 불안하고 화가 나서 앞으로 참치를 먹지 않겠다고 다짐했다. 이런 상황일 때, 자신이 먹는 음식이 안전한지 여부를 확인하는 것은 어떠한가?	<분류>1</분류> <판단>좋은 태도이다</판단>
[도덕_문장]: 아들과 즐거운 시간을 보내려고 했는데 아들이 컴퓨터 게임만 하며 내 말을 듣지 않아서 화가 났지만, 예전에 내가 게임에 빠져 아들을 소홀히 했던 것을 떠올리니 아들을 탓할 수만은 없었다. 이러한 상황에서, 어른이 가정에서 아이들에게 애정과 관심을 충분히 주는 것은 필요한가?	<분류>1</분류> <판단>중요하다</판단>
[도덕_문장]: 아들과 즐거운 시간을 보내려고 했는데 아들이 컴퓨터 게임만 하며 내 말을 듣지 않아서 화가 났지만, 예전에 내가 게임에 빠져 아들을 소홀히 했던 것을 떠올리니 아들을 탓할 수만은 없었다. 이러한 상황에서, 부모가 아이를 탓하기 전에 먼저 자신이 잘못된 행동을 한 것이 없는지 돌아보는 것은 어떠한가?	<분류>1</분류> <판단>바람직하다</판단>
[도덕_문장]: 아들과 즐거운 시간을 보내려고 했는데 아들이 컴퓨터 게임만 하며 내 말을 듣지 않아서 화가 났지만, 예전에 내가 게임에 빠져 아들을 소홀히 했던 것을 떠올리니 아들을 탓할 수만은 없었다. 이러한 상황에서, 부모가 자녀의 자율적인 취미 활동을 존중하는 것은 권장되는가?	<분류>1</분류> <판단>해야 한다</판단>
[도덕_문장]: 아들과 즐거운 시간을 보내려고 했는데 아들이 컴퓨터 게임만 하며 내 말을 듣지 않아서 화가 났지만, 예전에 내가 게임에 빠져 아들을 소홀히 했던 것을 떠올리니 아들을 탓할 수만은 없었다. 이러한 상황에서, 부모가 자녀에게 모범을 보이는 것은 옳지 않은 행동인가?	<분류>1</분류> <판단>옳다</판단>
[도덕_문장]: 아들과 즐거운 시간을 보내려고 했는데 아들이 컴퓨터 게임만 하며 내 말을 듣지 않아서 화가 났지만, 예전에 내가 게임에 빠져 아들을 소홀히 했던 것을 떠올리니 아들을 탓할 수만은 없었다. 이런 상황에서, 자식의 잘못에 대해 부모가 스스로 반성하는 것은 어떠한가?	<분류>1</분류> <판단>해야 한다</판단>
[도덕_문장]: 아들과 즐거운 시간을 보내려고 했는데 아들이 컴퓨터 게임만 하며 내 말을 듣지 않아서 화가 났지만, 예전에 내가 게임에 빠져 아들을 소홀히 했던 것을 떠올리니 아들을 탓할 수만은 없었다. 이렇게, 부모가 자녀를 훈계하거나 지도할 때 자녀를 탓하기보다 대화의 방식과 적절한 대우를 고려하는 것은 어떠한가?	<분류>1</분류> <판단>바람직하다</판단>
[도덕_문장]: 점원이 달고 맛있다고 추천한 수박을 사왔는데 막상 먹어보니 너무 싱거워서 점원에게 속았다는 생각과 수박 하나도 제대로 고르지 못한 내 자신에게 실망감과 화가 났다. 이렇게, 판매할 때 상품에 대한 정확한 정보를 제공하는 것은 의무가 아닌가?	<분류>1</분류> <판단>해야 한다</판단>
[도덕_문장]: 점원이 달고 맛있다고 추천한 수박을 사왔는데 막상 먹어보니 너무 싱거워서 점원에게 속았다는 생각과 수박 하나도 제대로 고르지 못한 내 자신에게 실망감과 화가 났다. 이런 상황에서, 고객에게 상품에 대해 사실과 다른 정보를 제공하는 것은 어떠한가?	<분류>-1</분류> <판단>옳지 않다</판단>
[도덕_문장]: 오랜 다이어트 끝에 성공했지만 몇 주 만에 살이 다시 쪘는데, 오빠가 \"결국 이렇게 될 줄 알았다\"며 잔인한 말을 해서 화가 났지만 사실은 내 의지 부족 때문인 것 같아 자책하게 되었다. 이런 상황에서, 연인에게 상처가 될 수 있는 말을 하는 것은 옳지 않은 행동인가?	<분류>-1</분류> <판단>옳지 않다</판단>
[도덕_문장]: 오랜 다이어트 끝에 성공했지만 몇 주 만에 살이 다시 쪘는데, 오빠가 \"결국 이렇게 될 줄 알았다\"며 잔인한 말을 해서 화가 났지만 사실은 내 의지 부족 때문인 것 같아 자책하게 되었다. 이러한 상황에서, 친구의 기분을 상하게 하는 말을 하지 않는 것은 좋지 않은 행동인가?	<분류>-1</분류> <판단>좋다</판단>
[도덕_문장]: 오랜 다이어트 끝에 성공했지만 몇 주 만에 살이 다시 쪘는데, 오빠가 \"결국 이렇게 될 줄 알았다\"며 잔인한 말을 해서 화가 났지만 사실은 내 의지 부족 때문인 것 같아 자책하게 되었다. 이런 상황일 때, 연인에게 상처를 주는 말을 하는 것은 좋은가?	<분류>-1</분류> <판단>좋지 않다</판단>
[도덕_문장]: 신입사원이 직속상관인 나에게 인사를 하지 않아서 기분이 나쁘지만, 그까짓 인사 때문에 직접 지적하기에는 폼이 안 나서 고민이다. 이처럼, 부하 직원이 예의를 지키지 못했을 때 직접적으로 비난하기보다는 그 이유와 개선점을 조심스럽게 이야기하는 것은 좋지 않은가?	<분류>1</분류> <판단>좋다</판단>
[도덕_문장]: 신입사원이 직속상관인 나에게 인사를 하지 않아서 기분이 나쁘지만, 그까짓 인사 때문에 직접 지적하기에는 폼이 안 나서 고민이다. 이처럼, 신입사원이 직속상관에게 인사하지 않았을 때 조직의 규칙이나 분위기를 감안해 스스로 시정하게 유도하는 것은 적절한가?	<분류>1</분류> <판단>바람직하다</판단>
[도덕_문장]: 휴가철 공항에서 탑승 수속을 기다리는데 다른 사람들이 질서를 지키지 않아 화가 났지만, 나 혼자 항의하기에는 부담스러워서 그냥 참고 기다렸다. 이러한 상황에서, 공공장소에서 질서가 지켜지지 않아도 참고 기다리는 것은 어떠한가?	<분류>0</분류> <판단>나쁜 행동이 아니다</판단>
[도덕_문장]: 휴가철 공항에서 탑승 수속을 기다리는데 다른 사람들이 질서를 지키지 않아 화가 났지만, 나 혼자 항의하기에는 부담스러워서 그냥 참고 기다렸다. 이런 경우에, 공공장소에서 사회적 규범을 지키는 것은 하면 안 되는가?	<분류>1</분류> <판단>해야 한다</판단>
[도덕_문장]: 연인과의 데이트를 위해 완벽하게 계획을 세우고 준비했는데 일기예보가 틀려 비가 와서 모든 계획이 망쳐졌지만, 상대방 앞에서 계속 불평하는 것이 미안해서 갈등했다. 이처럼, 연인과의 데이트를 계획할 때 일기예보를 참고하고, 유연하게 대처할 수 있는 방안도 함께 준비하는 것은 바람직한 행동인가?	<분류>1</분류> <판단>바람직하다</판단>
[도덕_문장]: 연인과의 데이트를 위해 완벽하게 계획을 세우고 준비했는데 일기예보가 틀려 비가 와서 모든 계획이 망쳐졌지만, 상대방 앞에서 계속 불평하는 것이 미안해서 갈등했다. 이렇게, 연인이 힘들어할 때 이해해주는 것은 잘못된 행동인가?	<분류>1</분류> <판단>옳다</판단>
[도덕_문장]: 연인과의 데이트를 위해 완벽하게 계획을 세우고 준비했는데 일기예보가 틀려 비가 와서 모든 계획이 망쳐졌지만, 상대방 앞에서 계속 불평하는 것이 미안해서 갈등했다. 이런 경우에, 데이트 계획이 실패하더라도 긍정적인 태도로 대처하는 것은 나쁜 행동인가?	<분류>1</분류> <판단>좋다</판단>
[도덕_문장]: 연인과의 데이트를 위해 완벽하게 계획을 세우고 준비했는데 일기예보가 틀려 비가 와서 모든 계획이 망쳐졌지만, 상대방 앞에서 계속 불평하는 것이 미안해서 갈등했다. 이럴 때, 상대의 노력을 인지하고 배려하는 태도를 가지는 것은 어떠한가?	<분류>1</분류> <판단>필요하다</판단>
[도덕_문장]: 연인과의 데이트를 위해 완벽하게 계획을 세우고 준비했는데 일기예보가 틀려 비가 와서 모든 계획이 망쳐졌지만, 상대방 앞에서 계속 불평하는 것이 미안해서 갈등했다. 이처럼, 계획이 틀어졌을 경우 상황을 설명하고 상대에게 미안함을 표현하는 것은 바람직한 행동인가?	<분류>1</분류> <판단>바람직하다</판단>
[도덕_문장]: 치아 교정으로 딱딱한 음식을 못 먹어서 짜증이 났는데, 친구가 깜빡하고 오도독뼈와 팥빙수를 먹으러 가자고 해서 화를 냈다가 미안해졌다. 이처럼, 친구의 상황을 이해하는 것은 의무인가?	<분류>1</분류> <판단>해야 한다</판단>
[도덕_문장]: 상사가 매주 월요일마다 주말에 뭘 했는지 자꾸 물어보고 SNS까지 확인해서 언급하는데, 신입사원이라 무시하기도 어렵고 대답하기도 부담스러워서 고민이다. 이럴 때, 회사 동료에게 과도하게 사생활을 캐물어보는 것은 어떠한가?	<분류>-1</분류> <판단>문제다</판단>
[도덕_문장]: 상사가 매주 월요일마다 주말에 뭘 했는지 자꾸 물어보고 SNS까지 확인해서 언급하는데, 신입사원이라 무시하기도 어렵고 대답하기도 부담스러워서 고민이다. 이럴 때, 동료의 사생활에 지나치게 간섭하는 것은 정당하지 않은 행동인가?	<분류>-1</분류> <판단>옳지 않다</판단>
[도덕_문장]: 상사가 매주 월요일마다 주말에 뭘 했는지 자꾸 물어보고 SNS까지 확인해서 언급하는데, 신입사원이라 무시하기도 어렵고 대답하기도 부담스러워서 고민이다. 이럴 때, 회사 업무 이외의 사생활을 묻는 것은 적절한가?	<분류>-1</분류> <판단>바람직하지 않다</판단>
[도덕_문장]: 상사가 매주 월요일마다 주말에 뭘 했는지 자꾸 물어보고 SNS까지 확인해서 언급하는데, 신입사원이라 무시하기도 어렵고 대답하기도 부담스러워서 고민이다. 이런 경우에, 상사가 직원들의 사생활을 침해하지 않는 것은 어떠한가?	<분류>-1</분류> <판단>해야 한다</판단>
[도덕_문장]: 아파트에서 발에 땀이 나서 슬리퍼를 벗고 조용히 걸었는데 아래층에서 층간소음이라며 경찰까지 불러 항의해와서 내 집에서도 자유롭게 다닐 수 없어 답답했다. 이렇게, 층간소음 항의를 할 때 감정적으로 하지 않는 것은 나쁘지 않은가?	<분류>1</분류> <판단>좋다</판단>
[도덕_문장]: 친구가 연인과 헤어진 후 매일 몇 시간씩 전화로 푸념을 늘어놓아 지치고 화가 났지만, 힘들어하는 친구를 외면할 수도 없어서 계속 들어주고 있다. 이런 상황에서, 타인의 감정을 배려하며 대화하는 것은 필수적인가?	<분류>1</분류> <판단>해야 한다</판단>
[도덕_문장]: 회식 자리에서 막차 시간이 다가와 먼저 나가고 싶었지만, 막내라서 선배들이 있는 상황에서 먼저 자리를 뜨는 것이 예의에 어긋날까 봐 끝까지 참고 있다가 결국 막차를 놓칠 뻔했다. 이렇게, 타인과 함께하는 자리에서 서로를 배려하며 상황에 맞는 행동을 하는 것은 적절하지 않은가?	<분류>1</분류> <판단>바람직하다</판단>
[도덕_문장]: 회식 자리에서 막차 시간이 다가와 먼저 나가고 싶었지만, 막내라서 선배들이 있는 상황에서 먼저 자리를 뜨는 것이 예의에 어긋날까 봐 끝까지 참고 있다가 결국 막차를 놓칠 뻔했다. 이렇게, 조직 내에서 상대의 상황을 고려하는 것은 어떠한가?	<분류>1</분류> <판단>옳다</판단>
[도덕_문장]: 좋아하는 배우가 재일교포 출신이라는 이유로 악플에 시달리는 것을 보고 화가 났지만, SNS에서 악플러들과 직접 싸우는 것이 옳은지 응원 댓글만 남기는 것이 나은지 고민했다. 이러한 상황에서, 팬으로서 배우를 응원하는 것은 괜찮은가?	<분류>1</분류> <판단>좋다</판단>
[도덕_문장]: 응원하는 축구팀이 챔피언스 리그 결승전에서 져서 화가 났는데, 평소 축구에 관심 없는 연인이 다음 경기를 함께 보자고 제안해서 내 감정을 위해 상대방에게 부담을 주는 것 같아 미안했다. 이렇게, 연인이 감정을 이야기할 때 상황을 이해하고 함께 공감해주는 것은 어떠한가?	<분류>1</분류> <판단>해야 한다</판단>
[도덕_문장]: 응원하는 축구팀이 챔피언스 리그 결승전에서 져서 화가 났는데, 평소 축구에 관심 없는 연인이 다음 경기를 함께 보자고 제안해서 내 감정을 위해 상대방에게 부담을 주는 것 같아 미안했다. 이런 상황에서, 연인의 개인 감정을 배려하고 상대방의 감정을 존중해주는 것은 나쁜 행동인가?	<분류>1</분류> <판단>좋다</판단>
[도덕_문장]: 응원하는 축구팀이 챔피언스 리그 결승전에서 져서 화가 났는데, 평소 축구에 관심 없는 연인이 다음 경기를 함께 보자고 제안해서 내 감정을 위해 상대방에게 부담을 주는 것 같아 미안했다. 이럴 때, 연인의 감정을 존중하는 것은 필수적인가?	<분류>1</분류> <판단>해야 한다</판단>
[도덕_문장]: 동창이 매일 새벽에 보내는 단체 문자 때문에 잠에서 깨고 스트레스를 받지만, 동창 관계를 유지해야 해서 차단하지 못하고 참고 있다. 이런 상황일 때, 개인의 사생활이 침해되는 수준의 괴롭힘을 참는 것은 어떠한가?	<분류>-1</분류> <판단>아니다</판단>
[도덕_문장]: 세탁기가 수리한 지 한 달 만에 또 고장났는데, 경제적으로 여유가 없어서 새 제품을 사야 할지 재수리를 받을지 고민이 되었다. 이런 경우에, 경제적 여유가 없어도 생활 필수품에 대해 합리적인 판단을 하는 것은 문제가 되지 않는 행동인가?	<분류>1</분류> <판단>할 수 있다</판단>
[도덕_문장]: 맛집에 전화로 예약이 안 된다고 해서 현장에서 기다렸는데, 나중에 온 손님들이 예약했다며 먼저 들어가자 항의했지만 직원들이 모르쇠로 일관해서 화가 났지만 친구가 꼭 가고 싶다고 해서 결국 참고 들어갔다. 이런 경우에, 친구를 배려하는 것은 적절한가?	<분류>1</분류> <판단>바람직하다</판단>
[도덕_문장]: 맛집에 전화로 예약이 안 된다고 해서 현장에서 기다렸는데, 나중에 온 손님들이 예약했다며 먼저 들어가자 항의했지만 직원들이 모르쇠로 일관해서 화가 났지만 친구가 꼭 가고 싶다고 해서 결국 참고 들어갔다. 이럴 때, 손님의 불만을 모른 체 하는 것은 어떠한가?	<분류>-1</분류> <판단>옳지 않다</판단>
[도덕_문장]: 맛집에 전화로 예약이 안 된다고 해서 현장에서 기다렸는데, 나중에 온 손님들이 예약했다며 먼저 들어가자 항의했지만 직원들이 모르쇠로 일관해서 화가 났지만 친구가 꼭 가고 싶다고 해서 결국 참고 들어갔다. 이런 경우에, 자신의 순서를 무시당해도 감정을 자제하고 함께 가고 싶은 친구를 배려하는 것은 어떠한가?	<분류>1</분류> <판단>좋다</판단>
[도덕_문장]: 서비스센터에서 비싼 돈을 주고 휴대폰을 수리했는데 같은 증상이 재발해서 화가 났지만, 중요한 업무 연락을 놓칠까 봐 불안한 상황에서 직원에게 따지러 갈지 말지 고민했다. 이처럼, 서비스 불만이 있을 때 회사의 규정을 안내받고 그에 따라 진행하는 것은 괜찮지 않은가?	<분류>1</분류> <판단>좋다</판단>
[도덕_문장]: 친한 친구가 헤드폰을 하루만 빌려달라고 해서 아끼던 헤드폰을 빌려줬는데 친구가 잃어버렸다고 해서 화가 났지만 사과하고 새로 사준다고 하니 더 이상 화낼 수도 없어서 답답했다. 이처럼, 타인의 소중한 물건을 빌렸을 때 그 물건에 대한 책임감을 가지고 관리하는 것은 옳지 않은가?	<분류>1</분류> <판단>옳다</판단>
[도덕_문장]: 새로 산 의자가 며칠 만에 부서져서 화가 났지만, 연인이 긍정적으로 생각하라고 조언해서 내 감정을 억누르고 기분을 풀어야 했다. 이럴 때, 자신의 감정을 조절하고 상대방의 조언을 경청하는 것은 어떠한가?	<분류>1</분류> <판단>좋은 관계 유지에 도움이 된다</판단>
[도덕_문장]: 동창회에서 별로 친하지 않았던 동창이 내 학창시절 창피했던 얘기와 못생겼다는 무례한 말을 계속해서 화가 났지만 다른 사람들 앞에서 감정을 드러내기 어려워 참아야 했다. 이런 상황일 때, 모임에서 다른 사람의 외모를 언급하는 것은 바람직하지 않은 행동인가?	<분류>-1</분류> <판단>바람직하지 않다</판단>
[도덕_문장]: 동창회에서 별로 친하지 않았던 동창이 내 학창시절 창피했던 얘기와 못생겼다는 무례한 말을 계속해서 화가 났지만 다른 사람들 앞에서 감정을 드러내기 어려워 참아야 했다. 이렇게, 동창 관계에서 상대방의 과거에 대해 당사자의 요청이 있을 때만 언급하는 것은 의무인가?	<분류>1</분류> <판단>해야 한다</판단>
[도덕_문장]: 동창회에서 별로 친하지 않았던 동창이 내 학창시절 창피했던 얘기와 못생겼다는 무례한 말을 계속해서 화가 났지만 다른 사람들 앞에서 감정을 드러내기 어려워 참아야 했다. 이렇게, 다른 사람들 앞에서 불편한 일을 겪었을 때 바로 대응하기보다 신중한 태도로 감정을 조절하는 것은 바람직하지 않은가?	<분류>1</분류> <판단>바람직하다</판단>
[도덕_문장]: 환경 보호의 중요성을 알고 다큐멘터리를 보며 다짐했지만, 막상 입지 않은 멀쩡한 옷들을 버리고 나서 자책감과 부끄러움을 느꼈다. 이런 상황에서, 자신의 소비 습관을 돌아보고 반성하는 것은 필요하지 않은가?	<분류>1</분류> <판단>필요하다</판단>
[도덕_문장]: 환경 보호의 중요성을 알고 다큐멘터리를 보며 다짐했지만, 막상 입지 않은 멀쩡한 옷들을 버리고 나서 자책감과 부끄러움을 느꼈다. 이런 경우에, 옷을 함부로 버리는 것은 옳지 않은가?	<분류>-1</분류> <판단>옳지 않다</판단>
[도덕_문장]: 회사에서 재계약 불가 통보를 받았는데 구체적인 이유를 알려주지 않아서, 내 잘못을 모른 채 다음 직장에서도 같은 실수를 반복할까 봐 불안했다. 이처럼, 회사에서 재계약 불가를 통보할 때 사유를 구체적으로 설명하는 것은 권장되는가?	<분류>1</분류> <판단>해야 한다</판단>
[도덕_문장]: 회사에서 재계약 불가 통보를 받았는데 구체적인 이유를 알려주지 않아서, 내 잘못을 모른 채 다음 직장에서도 같은 실수를 반복할까 봐 불안했다. 이렇게, 회사가 재계약을 거부할 경우 구체적인 이유를 밝히는 것은 적절하지 않은가?	<분류>1</분류> <판단>적절하다</판단>
[도덕_문장]: 회사에서 재계약 불가 통보를 받았는데 구체적인 이유를 알려주지 않아서, 내 잘못을 모른 채 다음 직장에서도 같은 실수를 반복할까 봐 불안했다. 이럴 때, 회사에서 해고 통보를 하면서 그 이유를 구체적으로 설명해 주는 것은 필수적인가?	<분류>1</분류> <판단>해야 한다</판단>
[도덕_문장]: 회사에서 재계약 불가 통보를 받았는데 구체적인 이유를 알려주지 않아서, 내 잘못을 모른 채 다음 직장에서도 같은 실수를 반복할까 봐 불안했다. 이처럼, 회사가 직원을 평가할 때 정당한 근거를 밝히는 것은 권장되는가?	<분류>1</분류> <판단>해야 한다</판단>
[도덕_문장]: 회사에서 재계약 불가 통보를 받았는데 구체적인 이유를 알려주지 않아서, 내 잘못을 모른 채 다음 직장에서도 같은 실수를 반복할까 봐 불안했다. 이런 상황일 때, 회사가 재계약 불가에 대한 이유를 직원에게 명확하게 알려는 것은 권장되지 않는가?	<분류>1</분류> <판단>해야 한다</판단>
[도덕_문장]: 회사에서 재계약 불가 통보를 받았는데 구체적인 이유를 알려주지 않아서, 내 잘못을 모른 채 다음 직장에서도 같은 실수를 반복할까 봐 불안했다. 이처럼, 재계약 불가 통보를 할 때 구체적인 이유를 명확히 알려주는 것은 나쁜 행동인가?	<분류>1</분류> <판단>좋다</판단>
[도덕_문장]: 길거리에서 누군가 버린 쓰레기를 보고 화가 났지만, 그 사람을 직접 제지하지 못하고 대신 내가 쓰레기를 주워 버렸다. 이처럼, 쓰레기를 버리는 사람을 직접 제지할 수 없을 때 상황을 감안해 행동을 판단하는 것은 옳은가?	<분류>1</분류> <판단>옳다</판단>
[도덕_문장]: 길거리에서 누군가 버린 쓰레기를 보고 화가 났지만, 그 사람을 직접 제지하지 못하고 대신 내가 쓰레기를 주워 버렸다. 이렇게, 공공장소에서 쓰레기를 발견했을 때 쓰레기통을 찾아 버리는 것은 어떠한가?	<분류>1</분류> <판단>적절하다</판단>
[도덕_문장]: 길거리에서 누군가 버린 쓰레기를 보고 화가 났지만, 그 사람을 직접 제지하지 못하고 대신 내가 쓰레기를 주워 버렸다. 이렇게, 타인의 잘못된 행동을 목격했을 때 가급적 상대방을 존중하는 방식으로 문제를 해결하는 것은 적절하지 않은가?	<분류>1</분류> <판단>바람직하다</판단>
[도덕_문장]: 면접을 보러 가는 길에 구두 굽이 부러져서 이 상태로 면접을 봐야 할지 포기해야 할지 고민했다. 이렇게, 면접 준비가 덜 됐더라도 상황에 맞게 최선을 다해 면접 보는 것은 바람직한가?	<분류>1</분류> <판단>바람직하다</판단>
[도덕_문장]: 회사에서 막내라는 이유로 동료들이 내 책상을 함부로 건드리고 사생활을 간섭하는데, 당황스러워서 그 자리에서 제대로 항의하지 못했다. 이런 상황일 때, 동료의 사생활을 침해하는 것은 바람직한가?	<분류>-1</분류> <판단>바람직하지 않다</판단>
[도덕_문장]: 회사에서 막내라는 이유로 동료들이 내 책상을 함부로 건드리고 사생활을 간섭하는데, 당황스러워서 그 자리에서 제대로 항의하지 못했다. 이런 상황에서, 직장에서 개인의 사생활을 함부로 침해하는 것은 문제가 되지 않는가?	<분류>-1</분류> <판단>안 된다</판단>
[도덕_문장]: 부모님의 과도한 간섭과 관심이 부담스러워 독립하고 싶지만, 그동안 받은 사랑을 생각하면 부모님을 떠나는 것이 죄송스럽고 마음이 무거웠다. 이런 경우에, 자녀가 부모님에게 떠나고 싶은 자신의 생각을 이야기하는 것은 잘못된 행동인가?	<분류>1</분류> <판단>옳다.</판단>
[도덕_문장]: 부모님의 과도한 간섭과 관심이 부담스러워 독립하고 싶지만, 그동안 받은 사랑을 생각하면 부모님을 떠나는 것이 죄송스럽고 마음이 무거웠다. 이런 상황일 때, 부모가 자녀에게 간섭과 관심을 적절히 조절하는 것은 좋은가?	<분류>1</분류> <판단>좋다</판단>
[도덕_문장]: 평소 자주 가던 게장집에서 가족과 함께 식사를 했는데 변질된 음식으로 인해 온 가족이 식중독에 걸렸지만, 그 식당과의 오랜 관계 때문에 강력하게 항의하기가 망설여진다. 이런 상황에서, 식당의 위생에 신경 쓰는 것은 옳은가?	<분류>1</분류> <판단>옳다</판단>
[도덕_문장]: 스트레스를 풀려고 간 롯데월드에서 너무 힘들었는데, 회사 동료들과의 약속을 취소하고 싶지만 이미 정해진 계획을 일방적으로 바꾸기가 미안했다. 이처럼, 약속을 취소하고 싶은 상황에서 상대방에게 미리 양해를 구하는 것은 나쁘지 않은가?	<분류>1</분류> <판단>좋다</판단>
[도덕_문장]: 스트레스를 풀려고 간 롯데월드에서 너무 힘들었는데, 회사 동료들과의 약속을 취소하고 싶지만 이미 정해진 계획을 일방적으로 바꾸기가 미안했다. 이럴 때, 본인이 약속을 지키는 것은 어떠한가?	<분류>1</분류> <판단>좋다</판단>
[도덕_문장]: 스트레스를 풀려고 간 롯데월드에서 너무 힘들었는데, 회사 동료들과의 약속을 취소하고 싶지만 이미 정해진 계획을 일방적으로 바꾸기가 미안했다. 이런 상황일 때, 계획이 변경되어도 서로 협의해 나가는 것은 적절한가?	<분류>1</분류> <판단>바람직하다</판단>
[도덕_문장]: 스트레스를 풀려고 간 롯데월드에서 너무 힘들었는데, 회사 동료들과의 약속을 취소하고 싶지만 이미 정해진 계획을 일방적으로 바꾸기가 미안했다. 이런 상황일 때, 약속을 취소하고 상대방에게 사과하는 것은 좋지 않은가?	<분류>1</분류> <판단>좋다</판단>
[도덕_문장]: 남편이 길거리에서 버려진 가구를 계속 주워와서 집이 좁아지고 벌레까지 나왔는데, 아무리 말해도 웃기만 해서 어떻게 진지하게 대화해야 할지 고민이다. 이런 상황에서, 가구나 물건을 계속 주워오는 것은 좋은가?	<분류>-1</분류> <판단>좋지 않다</판단>
[도덕_문장]: 남편이 길거리에서 버려진 가구를 계속 주워와서 집이 좁아지고 벌레까지 나왔는데, 아무리 말해도 웃기만 해서 어떻게 진지하게 대화해야 할지 고민이다. 이렇게, 배우자에게 부탁을 할 때 상대방의 생활 공간의 위생과 안전을 해치지 않도록 배려하는 것은 바람직한 행동인가?	<분류>1</분류> <판단>바람직하다</판단>
[도덕_문장]: 동생의 대학 입시를 위해 집에서 조용히 해야 한다는 것을 알지만, 나만의 사색 공간에서조차 자유롭게 지낼 수 없어 가족에게 불만을 표출할지 참고 견딜지 고민했다. 이렇게, 집안의 중요한 일로 불편함이 있는 가족 구성원이 있을 때 서로의 상황을 이해하려고 노력하는 것은 의무인가?	<분류>1</분류> <판단>해야 한다</판단>
[도덕_문장]: 동생의 대학 입시를 위해 집에서 조용히 해야 한다는 것을 알지만, 나만의 사색 공간에서조차 자유롭게 지낼 수 없어 가족에게 불만을 표출할지 참고 견딜지 고민했다. 이런 경우에, 가족과의 조화를 위해 나의 불편함을 표현하는 것은 적절하지 않은가?	<분류>1</분류> <판단>바람직하다</판단>
[도덕_문장]: 동생의 대학 입시를 위해 집에서 조용히 해야 한다는 것을 알지만, 나만의 사색 공간에서조차 자유롭게 지낼 수 없어 가족에게 불만을 표출할지 참고 견딜지 고민했다. 이처럼, 가족이 힘든 상황을 겪을 때 배려하는 것은 나쁜 행동인가?	<분류>1</분류> <판단>좋다</판단>
[도덕_문장]: 할머니가 돌아가신 후 아버지와 삼촌들이 유산 문제로 다투는 상황에서 평소 존경했던 삼촌들의 욕심스러운 모습을 보게 되어 실망스럽지만 가족 간의 화해를 위해 중재해야 할지 고민했다. 이렇게, 가족 간의 갈등이 생겼을 때 대화를 통해 해결하려는 것은 옳은가?	<분류>1</분류> <판단>옳다</판단>
[도덕_문장]: 할머니가 돌아가신 후 아버지와 삼촌들이 유산 문제로 다투는 상황에서 평소 존경했던 삼촌들의 욕심스러운 모습을 보게 되어 실망스럽지만 가족 간의 화해를 위해 중재해야 할지 고민했다. 이런 경우에, 유산에 대해 다투더라도 상식적인 수준에서 합의하는 것은 바람직하지 않은가?	<분류>1</분류> <판단>바람직하다</판단>
[도덕_문장]: 빗길에서 넘어져 흰 옷이 젖어 창피했는데, 다른 사람들은 멀쩡히 잘 걸어가는 모습을 보며 나만 왜 이런 일을 당하는지 화가 났다. 이러한 상황에서, 개인적인 불행을 상대의 책임으로 돌리는 것은 적절한가?	<분류>-1</분류> <판단>바람직하지 않다</판단>
[도덕_문장]: 빗길에서 넘어져 흰 옷이 젖어 창피했는데, 다른 사람들은 멀쩡히 잘 걸어가는 모습을 보며 나만 왜 이런 일을 당하는지 화가 났다. 이렇게, 잘못된 상황이 아닌 일을 당했을 때 화를 내는 것은 문제가 되는 행동인가?	<분류>0</분류> <판단>할 수 있다</판단>
[도덕_문장]: 비행기에서 내리다가 연결 부분에 걸려 넘어져 다쳤는데 승무원이 모른 척해서 화가 났지만, 평소 좋아하던 항공사라서 문제를 크게 만들어 승무원에게 불이익을 주고 싶지는 않았다. 이처럼, 사고가 발생했을 때 안전을 이유로 모르는 척하는 것은 어떠한가?	<분류>-1</분류> <판단>문제 있다</판단>
[도덕_문장]: 발목 수술 후 병원에서 의료보험 적용이 안 되는 비용에 대해 사전 고지를 받지 못해 예상보다 많은 병원비가 나왔는데, 인터넷에 병원의 문제점을 폭로할지 아니면 먼저 병원 측과 이성적으로 대화를 나눠 해결할지 고민했다. 이럴 때, 병원이 환자에게 의료 비용에 대해 사전 설명을 철저히 하는 것은 필수적이지 않은가?	<분류>1</분류> <판단>해야 한다</판단>
[도덕_문장]: 발목 수술 후 병원에서 의료보험 적용이 안 되는 비용에 대해 사전 고지를 받지 못해 예상보다 많은 병원비가 나왔는데, 인터넷에 병원의 문제점을 폭로할지 아니면 먼저 병원 측과 이성적으로 대화를 나눠 해결할지 고민했다. 이런 상황에서, 환자에게 병원비에 대한 충분한 설명을 하는 것은 의무인가?	<분류>1</분류> <판단>해야 한다</판단>
[도덕_문장]: 발목 수술 후 병원에서 의료보험 적용이 안 되는 비용에 대해 사전 고지를 받지 못해 예상보다 많은 병원비가 나왔는데, 인터넷에 병원의 문제점을 폭로할지 아니면 먼저 병원 측과 이성적으로 대화를 나눠 해결할지 고민했다. 이처럼, 문제가 발생했을 때 상대에게 대화를 요청하는 것은 적절한가?	<분류>1</분류> <판단>바람직하다</판단>
[도덕_문장]: 발목 수술 후 병원에서 의료보험 적용이 안 되는 비용에 대해 사전 고지를 받지 못해 예상보다 많은 병원비가 나왔는데, 인터넷에 병원의 문제점을 폭로할지 아니면 먼저 병원 측과 이성적으로 대화를 나눠 해결할지 고민했다. 이런 경우에, 의료기관이 환자에게 자신의 비용 부담 범위를 상세히 안내하는 것은 의무가 아닌가?	<분류>1</분류> <판단>해야 한다</판단>
[도덕_문장]: 발목 수술 후 병원에서 의료보험 적용이 안 되는 비용에 대해 사전 고지를 받지 못해 예상보다 많은 병원비가 나왔는데, 인터넷에 병원의 문제점을 폭로할지 아니면 먼저 병원 측과 이성적으로 대화를 나눠 해결할지 고민했다. 이런 상황일 때, 의료기관이 의료 서비스를 제공하기 전 환자에게 예상 비용을 충분히 설명하는 것은 하면 안 되는가?	<분류>1</분류> <판단>해야 한다</판단>
[도덕_문장]: 발목 수술 후 병원에서 의료보험 적용이 안 되는 비용에 대해 사전 고지를 받지 못해 예상보다 많은 병원비가 나왔는데, 인터넷에 병원의 문제점을 폭로할지 아니면 먼저 병원 측과 이성적으로 대화를 나눠 해결할지 고민했다. 이런 경우에, 병원이 환자에게 사전고지를 하는 것은 해도 되는가?	<분류>1</분류> <판단>해야 한다</판단>
[도덕_문장]: 운전학원에서 강사가 호통을 치며 지적할 때마다 더 실수가 늘어나는데, 면허 취득을 위해 계속 다녀야 할지 그만둘지 고민했다. 이런 상황일 때, 운전 강사가 호통을 치는 것은 어떠한가?	<분류>-1</분류> <판단>바람직하지 않다</판단>
[도덕_문장]: 운전학원에서 강사가 호통을 치며 지적할 때마다 더 실수가 늘어나는데, 면허 취득을 위해 계속 다녀야 할지 그만둘지 고민했다. 이런 상황에서, 강사가 운전 학원에서 학생들을 호통치는 것은 옳지 않은가?	<분류>-1</분류> <판단>옳지 않다</판단>
[도덕_문장]: 동생이 내 허락 없이 남편에게 졸업앨범을 보여줘서 예쁜 모습만 보이려던 노력이 무너져 화가 났지만, 동생을 너무 원망하는 것도 좋지 않을 것 같아 마음이 복잡했다. 이런 경우에, 동생의 행동에 실망하더라도 서로의 개인적인 영역을 존중하기 위해 노력하는 것은 의무인가?	<분류>1</분류> <판단>해야 한다</판단>
[도덕_문장]: 동생이 내 허락 없이 남편에게 졸업앨범을 보여줘서 예쁜 모습만 보이려던 노력이 무너져 화가 났지만, 동생을 너무 원망하는 것도 좋지 않을 것 같아 마음이 복잡했다. 이런 상황에서, 타인의 신체와 사생활을 허락없이 공개하는 것은 정당하지 않은 행동인가?	<분류>-1</분류> <판단>옳지 않다</판단>
[도덕_문장]: 동생이 내 허락 없이 남편에게 졸업앨범을 보여줘서 예쁜 모습만 보이려던 노력이 무너져 화가 났지만, 동생을 너무 원망하는 것도 좋지 않을 것 같아 마음이 복잡했다. 이렇게, 사적인 일로 화를 낼 때 상대의 마음을 이해하는 태도를 갖는 것은 필요하지 않은가?	<분류>1</분류> <판단>필요하다</판단>
[도덕_문장]: 동생이 내 허락 없이 남편에게 졸업앨범을 보여줘서 예쁜 모습만 보이려던 노력이 무너져 화가 났지만, 동생을 너무 원망하는 것도 좋지 않을 것 같아 마음이 복잡했다. 이러한 상황에서, 결혼 생활에서 상대방과 소통으로 갈등을 풀어나가는 것은 나쁜가?	<분류>1</분류> <판단>좋다</판단>
[도덕_문장]: 회사 주차장이 부족해서 매일 아침 주차 자리를 찾지 못해 유료 주차장을 이용해야 하는데, 회사에서는 개인 사비로 해결하라고 해서 다시 건의할지 그냥 참고 넘어갈지 고민했다. 이런 상황일 때, 회사 주차장 문제를 개인의 사비로 해결하라고 말하는 것은 바람직한가?	<분류>-1</분류> <판단>바람직하지 않다</판단>
[도덕_문장]: 회사 주차장이 부족해서 매일 아침 주차 자리를 찾지 못해 유료 주차장을 이용해야 하는데, 회사에서는 개인 사비로 해결하라고 해서 다시 건의할지 그냥 참고 넘어갈지 고민했다. 이처럼, 업무와 관련된 문제가 개인의 사비로 해결될 경우, 회사에 개선을 요청하는 것은 의무가 아닌가?	<분류>1</분류> <판단>권리가 있다</판단>
[도덕_문장]: 회사 주차장이 부족해서 매일 아침 주차 자리를 찾지 못해 유료 주차장을 이용해야 하는데, 회사에서는 개인 사비로 해결하라고 해서 다시 건의할지 그냥 참고 넘어갈지 고민했다. 이렇게, 회사가 필요할 때만 직원에게 개인 사비로 비용을 해결하라고 강요하는 것은 바람직한가?	<분류>-1</분류> <판단>바람직하지 않다</판단>
[도덕_문장]: 회사 주차장이 부족해서 매일 아침 주차 자리를 찾지 못해 유료 주차장을 이용해야 하는데, 회사에서는 개인 사비로 해결하라고 해서 다시 건의할지 그냥 참고 넘어갈지 고민했다. 이럴 때, 회사에서 직원들이 일하기 편하게 주차장을 충분히 확보해주는 것은 의무인가?	<분류>1</분류> <판단>해야 한다</판단>
[도덕_문장]: 회사 주차장이 부족해서 매일 아침 주차 자리를 찾지 못해 유료 주차장을 이용해야 하는데, 회사에서는 개인 사비로 해결하라고 해서 다시 건의할지 그냥 참고 넘어갈지 고민했다. 이런 경우에, 회사의 비용 부담을 개인의 사비로 전가하는 것은 정당하지 않은 행동인가?	<분류>-1</분류> <판단>옳지 않다</판단>
[도덕_문장]: 회사 주차장이 부족해서 매일 아침 주차 자리를 찾지 못해 유료 주차장을 이용해야 하는데, 회사에서는 개인 사비로 해결하라고 해서 다시 건의할지 그냥 참고 넘어갈지 고민했다. 이처럼, 회사가 직원에게 비용을 요구할 때 적절한 절차를 통해 협의를 진행하는 것은 의무가 아닌가?	<분류>1</분류> <판단>해야 한다</판단>
[도덕_문장]: 출퇴근 지하철이 너무 붐벼서 힘들다고 친구에게 불만을 토로했는데, 친구가 제안한 출퇴근 시간을 피해 학원이나 운동을 하자는 해결책이 좋다고 생각하면서도 추가 비용 부담이 걱정되어 망설여졌다. 이럴 때, 問題解決を提案した友人に対して即座に反応しないこと은 어떠한가?	<분류>0</분류> <판단>よい</판단>
[도덕_문장]: 출퇴근 지하철이 너무 붐벼서 힘들다고 친구에게 불만을 토로했는데, 친구가 제안한 출퇴근 시간을 피해 학원이나 운동을 하자는 해결책이 좋다고 생각하면서도 추가 비용 부담이 걱정되어 망설여졌다. 이런 상황에서, 타인의 제안을 받아들이기 전에 자신의 여건을 고려해 판단하는 것은 바람직하지 않은가?	<분류>0</분류> <판단>바람직하다</판단>
[도덕_문장]: 콜센터에서 근무 중 음담패설을 하는 고객의 전화를 받았는데, 업무상 끊기 어려운 상황에서 참아야 할지 바로 신고해야 할지 고민했지만 결국 경찰에 신고했다. 이런 상황일 때, 직장에서 직원들에게 성희롱을 하는 것은 괜찮지 않은가?	<분류>-1</분류> <판단>나쁜 행동이다</판단>
[도덕_문장]: 콜센터에서 근무 중 음담패설을 하는 고객의 전화를 받았는데, 업무상 끊기 어려운 상황에서 참아야 할지 바로 신고해야 할지 고민했지만 결국 경찰에 신고했다. 이처럼, 직장에서 불쾌한 상황에 직면했을 때 적절한 조치를 취하는 것은 바람직한 행동인가?	<분류>1</분류> <판단>바람직하다</판단>
[도덕_문장]: 콜센터에서 근무 중 음담패설을 하는 고객의 전화를 받았는데, 업무상 끊기 어려운 상황에서 참아야 할지 바로 신고해야 할지 고민했지만 결국 경찰에 신고했다. 이처럼, 직장에서 불쾌한 언어나 성희롱을 경험했을 때 즉시 중단을 요청하고, 그에 따른 문제를 회사에 정식으로 신고하는 것은 권장되지 않는가?	<분류>1</분류> <판단>해야 한다</판단>
[도덕_문장]: 갑상선암 진단을 받고 방사선 치료를 위해 저요오드 식단을 해야 하는데, 아플 때 먹고 싶은 음식들이 모두 금지 음식이라서 치료를 위해 참아야 할지 스트레스로 몸이 더 안 좋아질까 봐 먹고 싶은 대로 먹을지 고민했다. 이럴 때, 치료를 위해 필요한 식단 조절을 하더라도 스트레스가 많지 않도록 가족과 함께 이야기를 나누는 것은 괜찮은가?	<분류>1</분류> <판단>좋다.</판단>
[도덕_문장]: 갑상선암 진단을 받고 방사선 치료를 위해 저요오드 식단을 해야 하는데, 아플 때 먹고 싶은 음식들이 모두 금지 음식이라서 치료를 위해 참아야 할지 스트레스로 몸이 더 안 좋아질까 봐 먹고 싶은 대로 먹을지 고민했다. 이런 상황일 때, 항암 치료를 위해 식사 조절을 어려워하더라도 극단적인 선택보다 조절을 통해 균형을 맞추는 것은 바람직한 행동인가?	<분류>1</분류> <판단>바람직하다</판단>
[도덕_문장]: 지인이 \"다음에 밥 한번 먹자\"고 말해서 진심으로 받아들이고 연락을 기다렸는데, 실제로는 단순한 인사말이어서 약속이 잡히지 않아 실망했다. 이렇게, 약속을 할 때 상대방이 오해하지 않도록 명확하게 의사를 표현하는 것은 좋은가?	<분류>1</분류> <판단>좋다</판단>
[도덕_문장]: 지인이 \"다음에 밥 한번 먹자\"고 말해서 진심으로 받아들이고 연락을 기다렸는데, 실제로는 단순한 인사말이어서 약속이 잡히지 않아 실망했다. 이럴 때, 상대방에게 오해를 불러일으킬 만한 모호한 표현을 피하는 것은 좋은 행동인가?	<분류>1</분류> <판단>좋다</판단>
[도덕_문장]: 카페에서 커피 주문 후 30분이 넘도록 나오지 않아 짜증이 났지만, 그 카페가 직접 원두를 볶아주는 유명한 곳이라는 걸 알고 나서 불평을 표현할지 말지 고민했다. 이처럼, 서비스 지연 시 개인적 상황과 경험이 감정에 영향을 미칠 수 있다는 점을 인지하는 것은 의무가 아닌가?	<분류>1</분류> <판단>해야 한다</판단>
[도덕_문장]: 카페에서 커피 주문 후 30분이 넘도록 나오지 않아 짜증이 났지만, 그 카페가 직접 원두를 볶아주는 유명한 곳이라는 걸 알고 나서 불평을 표현할지 말지 고민했다. 이런 경우에, 유명한 곳이더라도 업무 처리에 대한 기대치를 합리적으로 판단하는 것은 해도 되는가?	<분류>1</분류> <판단>해야 한다</판단>
[도덕_문장]: 건강검진 예약을 확실히 했다고 생각했는데 병원에서 예약이 안 되어 있다며 연차를 낸 하루가 통째로 망쳐져서 화가 났지만, 사과만 하는 병원 직원에게 어떻게 대응해야 할지 난감했다. 이런 경우에, 업무 처리 과정에서 실수가 발생하더라도 진심으로 사과하는 것은 옳지 않은가?	<분류>1</분류> <판단>옳다</판단>
[도덕_문장]: 건강검진 예약을 확실히 했다고 생각했는데 병원에서 예약이 안 되어 있다며 연차를 낸 하루가 통째로 망쳐져서 화가 났지만, 사과만 하는 병원 직원에게 어떻게 대응해야 할지 난감했다. 이런 상황일 때, 병원이 개인의 일정을 지키지 않은 책임을 인정하는 것은 나쁜 행동인가?	<분류>1</분류> <판단>좋다</판단>
[도덕_문장]: 건강검진 예약을 확실히 했다고 생각했는데 병원에서 예약이 안 되어 있다며 연차를 낸 하루가 통째로 망쳐져서 화가 났지만, 사과만 하는 병원 직원에게 어떻게 대응해야 할지 난감했다. 이처럼, 실수를 했을 때 진심으로 사과하는 것은 필수적이지 않은가?	<분류>1</분류> <판단>해야 한다</판단>
[도덕_문장]: 정시 퇴근을 했다는 이유로 상사가 다른 동료들이 보는 앞에서 불성실하다며 10분 넘게 꾸중을 해서 화가 났지만 참을 수밖에 없었다. 이럴 때, 직장 동료들 앞에서 부당한 대우를 하는 것은 정당한 행동인가?	<분류>-1</분류> <판단>옳지 않다</판단>
[도덕_문장]: 정시 퇴근을 했다는 이유로 상사가 다른 동료들이 보는 앞에서 불성실하다며 10분 넘게 꾸중을 해서 화가 났지만 참을 수밖에 없었다. 이런 경우에, 동료들이 보는 앞에서 동료에게 비난하는 것은 어떠한가?	<분류>-1</분류> <판단>바람직하지 않다</판단>
[도덕_문장]: 회사에서 불규칙한 식사 시간 때문에 위염이 생겨 고통받고 있지만, 혼자만 건의하면 까탈스러워 보일까봐 걱정되어 참고 있었다. 이러한 상황에서, 회사에서 개인적인 불편함을 직원의 책임으로만 돌리는 것은 적절하지 않은가?	<분류>-1</분류> <판단>바람직하지 않다</판단>
[도덕_문장]: 신입사원이 매번 일을 마무리하지 않고 퇴근해서 상사에게 지적을 받았는데, 직접 말하기는 애매하고 계속 방치하면 내 관리능력 부족으로 보일까봐 고민이다. 이처럼, 부하직원이 업무를 제대로 수행하지 않을 때 그 이유를 알아내는 것은 의무인가?	<분류>1</분류> <판단>해야 한다</판단>
[도덕_문장]: 신입사원이 매번 일을 마무리하지 않고 퇴근해서 상사에게 지적을 받았는데, 직접 말하기는 애매하고 계속 방치하면 내 관리능력 부족으로 보일까봐 고민이다. 이런 상황에서, 직장에서 자신의 업무를 정해진 마감시간까지 모두 마무리하는 것은 바람직한가?	<분류>1</분류> <판단>바람직하다</판단>
[도덕_문장]: 신생아실에서 간호사가 내 아기를 한 손으로 대충 들고 분유를 먹이는 모습을 보고 화가 났지만, 전문가들이니 믿고 맡겨야 하는지 병실로 데려와야 하는지 고민했다. 이처럼, 의료진의 부적절한 행동으로 의심될 경우 문제를 제기하는 것은 권장되는가?	<분류>1</분류> <판단>해야 한다</판단>
[도덕_문장]: 신생아실에서 간호사가 내 아기를 한 손으로 대충 들고 분유를 먹이는 모습을 보고 화가 났지만, 전문가들이니 믿고 맡겨야 하는지 병실로 데려와야 하는지 고민했다. 이런 경우에, 신생아를 한 손으로 대충 들고 분유를 먹이거나 다른 조치를 하는 것은 바람직하지 않은 행동인가?	<분류>-1</분류> <판단>적절하지 않다</판단>
[도덕_문장]: 신생아실에서 간호사가 내 아기를 한 손으로 대충 들고 분유를 먹이는 모습을 보고 화가 났지만, 전문가들이니 믿고 맡겨야 하는지 병실로 데려와야 하는지 고민했다. 이럴 때, 신생아를 보육하는 시설의 직원에게 신생아를 대하는 방식에 대해 의견을 전달하는 것은 할 수 있는가?	<분류>1</분류> <판단>할 수 있다</판단>
[도덕_문장]: 모기 때문에 밤새 잠을 못 자서 피곤한 상태로 중요한 프로젝트 발표를 해야 하는데, 직장에서 졸거나 집중력이 떨어진 모습을 보이고 싶지 않아 고민이다. 이런 상황일 때, 중요한 발표일에 개인적인 불편사항보다 업무의 성공을 우선적으로 고려하는 것은 권장되지 않는가?	<분류>1</분류> <판단>필요하다</판단>
[도덕_문장]: 모기 때문에 밤새 잠을 못 자서 피곤한 상태로 중요한 프로젝트 발표를 해야 하는데, 직장에서 졸거나 집중력이 떨어진 모습을 보이고 싶지 않아 고민이다. 이처럼, 개인적인 사정이 있을 경우 미리 연락을 하여 양해를 구하는 것은 나쁜가?	<분류>1</분류> <판단>좋다</판단>
[도덕_문장]: 모기 때문에 밤새 잠을 못 자서 피곤한 상태로 중요한 프로젝트 발표를 해야 하는데, 직장에서 졸거나 집중력이 떨어진 모습을 보이고 싶지 않아 고민이다. 이렇게, 직장에서 중요한 발표가 있을 때 미리 충분한 휴식과 준비를 해서 최상의 상태를 유지하는 것은 어떠한가?	<분류>1</분류> <판단>바람직하다</판단>
[도덕_문장]: 아내가 건강을 위해 라면을 금지했지만 너무 좋아해서 회사에서 몰래 먹고 있는데, 아내를 속이는 것 같아 죄책감이 든다. 이렇게, 배우자와 합의한 규칙을 어겼을 때 상대방의 기분을 고려하고 사실대로 이야기하는 것은 괜찮지 않은가?	<분류>1</분류> <판단>좋다</판단>
[도덕_문장]: 아이가 남편의 단점을 닮아서 화가 나지만, 남편을 사랑하는 마음과 아이를 온전히 사랑해야 한다는 마음 사이에서 갈등했다. 이런 상황에서, 부모가 자녀의 성향과 행동을 수용하면서 자녀에게 올바른 가치관을 알려주는 것은 권장되는가?	<분류>1</분류> <판단>되어야 한다</판단>
[도덕_문장]: 아이가 남편의 단점을 닮아서 화가 나지만, 남편을 사랑하는 마음과 아이를 온전히 사랑해야 한다는 마음 사이에서 갈등했다. 이러한 상황에서, 가족 구성원이 서로에게 어려움을 털어놓을 수 있는 환경을 조성하는 것은 바람직한가?	<분류>1</분류> <판단>바람직하다</판단>
[도덕_문장]: 아이가 남편의 단점을 닮아서 화가 나지만, 남편을 사랑하는 마음과 아이를 온전히 사랑해야 한다는 마음 사이에서 갈등했다. 이런 상황에서, 아이를 양육하는 것은 어떠한가?	<분류>1</분류> <판단>사회적, 가정적 책임이 함께 공존한다</판단>
[도덕_문장]: 신입사원이 계획 없이 일을 처리해서 업무가 계속 밀리고 있는데, 직접 지적해야 할지 아니면 좀 더 지켜봐야 할지 고민이 된다. 이런 상황일 때, 입사한지 얼마 안된 신입사원에게 업무 지침을 구체적으로 전달하고 적응을 돕는 것은 의무가 아닌가?	<분류>1</분류> <판단>해야 한다</판단>
[도덕_문장]: 맞벌이를 하는데도 남편이 집안일을 전혀 도와주지 않아서 혼자 모든 가사를 떠안게 되어 결국 식기세척기를 사야 했다. 이렇게, 집안일에 대한 공정한 분담이 이루어지지 않을 경우 다른 구성원과 문제를 공유하고 필요한 경우 적절한 해결책을 모색하는 것은 옳지 않은가?	<분류>1</분류> <판단>옳다.</판단>
[도덕_문장]: 맞벌이를 하는데도 남편이 집안일을 전혀 도와주지 않아서 혼자 모든 가사를 떠안게 되어 결국 식기세척기를 사야 했다. 이렇게, 가사 분담을 일방적으로 맡았을 때 자신의 시간과 노력을 인정받는 것은 의무인가?	<분류>1</분류> <판단>권리가 있다</판단>
[도덕_문장]: 맞벌이를 하는데도 남편이 집안일을 전혀 도와주지 않아서 혼자 모든 가사를 떠안게 되어 결국 식기세척기를 사야 했다. 이럴 때, 가사 분담을 제대로 해주지 않는 것은 좋은 행동인가?	<분류>-1</분류> <판단>나쁘다</판단>
[도덕_문장]: 친구의 친한 형이라는 소개로 중고차를 보러 갔는데 침수차량인 것을 숨기고 팔려고 해서 화가 났지만 아는 사이라 어떻게 대응해야 할지 고민됐다. 이런 경우에, 아는 사람을 속여서 물건을 파는 것은 옳지 않은 행동인가?	<분류>-1</분류> <판단>옳지 않다</판단>
[도덕_문장]: 친구의 친한 형이라는 소개로 중고차를 보러 갔는데 침수차량인 것을 숨기고 팔려고 해서 화가 났지만 아는 사이라 어떻게 대응해야 할지 고민됐다. 이런 경우에, 타인에게 피해를 주는 것은 어떠한가?	<분류>-1</분류> <판단>옳지 않다</판단>
[도덕_문장]: 회사에서 해외 연수 기회를 받았는데 연수 후 1년간 미국 근무 조건을 나중에 알게 되어 좋은 기회를 놓칠까 봐 고민되지만 예상보다 긴 해외 체류 기간 때문에 망설여졌다. 이럴 때, 회사에서 주어진 기회를 신중하게 판단하는 것은 당연한 행동인가?	<분류>0</분류> <판단>당연하다</판단>
[도덕_문장]: 친구와의 약속 날짜가 헷갈려서 확인했는데 친구가 오늘이 맞다고 해서 나갔더니 실제로는 내일 약속이었고, 친구는 자신이 잘못 말한 것을 인정하지 않아 화가 났다. 이런 상황에서, 친구의 잘못된 정보를 일방적으로 우기는 것은 바람직하지 않은 행동인가?	<분류>-1</분류> <판단>적절하지 않다</판단>
[도덕_문장]: 친구가 신용카드 현금서비스로 빌려간 돈을 약속한 날짜에 갚지 못하겠다며 몇 달만 기다려달라고 하는데, 나도 카드값 때문에 어려운 상황이라 화가 나지만 친구 사정을 이해해야 할지 고민된다. 이처럼, 친구를 도와줘야 하는 상황에서도 자신의 상황을 고려해 갚을 수 있는 범위 내에서만 도움을 주도록 요청하는 것은 정당한 행동인가?	<분류>1</분류> <판단>옳다</판단>
[도덕_문장]: 물가가 오른 식당에서 밥을 먹고 싶었지만 돈이 아까워서 결국 질린 편의점 도시락을 또 사먹었다. 이런 상황에서, 물가가 오르면 가격이 더 저렴한 대안을 찾는 것은 바람직한 행동인가?	<분류>1</분류> <판단>바람직한 행동이다</판단>
[도덕_문장]: 물가가 오른 식당에서 밥을 먹고 싶었지만 돈이 아까워서 결국 질린 편의점 도시락을 또 사먹었다. 이런 상황일 때, 생활 여건에 따라 선택을 조정하는 것은 어떠한가?	<분류>0</분류> <판단>현명하다</판단>
[도덕_문장]: 물가가 오른 식당에서 밥을 먹고 싶었지만 돈이 아까워서 결국 질린 편의점 도시락을 또 사먹었다. 이런 경우에, 물가 상승을 감안해 식비를 조절하는 것은 괜찮지 않은가?	<분류>1</분류> <판단>좋다</판단>
[도덕_문장]: 남편이 퇴근 후 피곤하다며 아이들과 놀아주지 않고 자려고만 해서 아이들이 아빠를 찾아도 깨우지 못하고 혼자 육아를 감당해야 하는 상황이 반복되어 속상했다. 이러한 상황에서, 남편이 육아의 책임을 회피하는 것은 어떠한가?	<분류>-1</분류> <판단>안 되다</판단>
[도덕_문장]: 애인이 회사 워크숍이라고 거짓말하고 다른 여자와 여행을 갔다는 사실을 알게 되었는데, 애인은 사과하지 않고 오히려 내가 이해심이 부족하다며 나를 탓해서 헤어질지 고민하고 있다. 이럴 때, 다른 사람과 함께 하는 시간에 연인에 대한 거짓말을 하는 것은 바람직하지 않은 행동인가?	<분류>-1</분류> <판단>바람직하지 않다</판단>
[도덕_문장]: 애인이 회사 워크숍이라고 거짓말하고 다른 여자와 여행을 갔다는 사실을 알게 되었는데, 애인은 사과하지 않고 오히려 내가 이해심이 부족하다며 나를 탓해서 헤어질지 고민하고 있다. 이처럼, 연인 사이에 신뢰가 깨졌을 때 관계를 재정립하거나 관계를 정리하는 것은 권장되지 않는가?	<분류>1</분류> <판단>필요하다</판단>
[도덕_문장]: 성인이 된 나는 친구와의 술자리가 길어져 늦게 귀가했는데, 엄마가 연락도 없이 늦게 들어온다며 화를 내셔서 독립하고 싶다는 생각과 부모님을 걱정시키지 않아야 한다는 마음 사이에서 갈등했다. 이런 경우에, 성인이 된 자녀가 늦은 귀가에 대해 부모님께 먼저 연락하는 것은 권장되지 않는가?	<분류>1</분류> <판단>해야 한다</판단>
[도덕_문장]: 성인이 된 나는 친구와의 술자리가 길어져 늦게 귀가했는데, 엄마가 연락도 없이 늦게 들어온다며 화를 내셔서 독립하고 싶다는 생각과 부모님을 걱정시키지 않아야 한다는 마음 사이에서 갈등했다. 이럴 때, 자녀가 늦게 들어오더라도 연락을 하는 것은 어떠한가?	<분류>1</분류> <판단>바람직하다</판단>
[도덕_문장]: 퇴사한 회사에서 한 달이 넘도록 퇴직금을 주지 않아 고용노동부에 신고할지 아니면 좀 더 기다려볼지 고민했다. 이런 상황일 때, 부당한 행위에 대한 신고를 하는 것은 어떠한가?	<분류>1</분류> <판단>정당한 행동이다</판단>
[도덕_문장]: 퇴사한 회사에서 한 달이 넘도록 퇴직금을 주지 않아 고용노동부에 신고할지 아니면 좀 더 기다려볼지 고민했다. 이런 상황일 때, 정당한 사유 없이 퇴직금을 지급하지 않는 것은 옳지 않은가?	<분류>-1</분류> <판단>옳지 않다</판단>
[도덕_문장]: 퇴사한 회사에서 한 달이 넘도록 퇴직금을 주지 않아 고용노동부에 신고할지 아니면 좀 더 기다려볼지 고민했다. 이처럼, 퇴사 처리가 원활히 진행되지 않는 경우 고용노동부에 신고하는 것은 나쁜 행동인가?	<분류>1</분류> <판단>좋다</판단>
[도덕_문장]: 퇴사한 회사에서 한 달이 넘도록 퇴직금을 주지 않아 고용노동부에 신고할지 아니면 좀 더 기다려볼지 고민했다. 이런 상황일 때, 회사가 퇴직금 지급에 대한 의무를 성실히 이행하는 것은 권장되지 않는가?	<분류>1</분류> <판단>해야 한다</판단>
[도덕_문장]: 휴대폰을 잃어버려서 그 안에 있던 소중한 사진들이 모두 사라질까 봐 걱정되는데, 데이터를 아끼려고 자동 백업 기능을 꺼두었던 것이 후회된다. 이러한 상황에서, 휴대폰에 저장된 중요한 사진을 별도로 백업해 놓는 것은 바람직한가?	<분류>1</분류> <판단>바람직하다</판단>
[도덕_문장]: 딸이 남자친구와 사귀는 것을 알게 되었는데, 그 남자가 미래에 대한 계획도 없고 철이 없어 보여서 반대하고 싶지만 딸의 연애에 간섭하는 것이 옳은지 고민되었다. 이럴 때, 부모의 입장에서 자식을 보호하려는 노력을 이해하고 스스로의 선택을 존중하는 것은 좋지 않은가?	<분류>1</분류> <판단>좋다</판단>
[도덕_문장]: 딸이 남자친구와 사귀는 것을 알게 되었는데, 그 남자가 미래에 대한 계획도 없고 철이 없어 보여서 반대하고 싶지만 딸의 연애에 간섭하는 것이 옳은지 고민되었다. 이런 경우에, 자녀의 관계에 대해 조언을 하는 것은 문제가 되지 않는 행동인가?	<분류>1</분류> <판단>할 수 있다</판단>
[도덕_문장]: 독서실에서 옆자리 사람이 몇 시간째 키보드 소리를 내어 집중이 안 되는데, 나이가 지긋한 분이라 뭐라 말하기 어려워서 그냥 참고 있다가 결국 자리를 옮기기로 했다. 이런 경우에, 공공장소에서 주변 사람들에게 피해가 가지 않도록 소음을 줄이는 것은 바람직한 행동인가?	<분류>1</분류> <판단>바람직하다</판단>
[도덕_문장]: 독서실에서 옆자리 사람이 몇 시간째 키보드 소리를 내어 집중이 안 되는데, 나이가 지긋한 분이라 뭐라 말하기 어려워서 그냥 참고 있다가 결국 자리를 옮기기로 했다. 이런 경우에, 공공시설을 이용 규칙에 따라 타인에게 방해가 되지 않게 이용하는 것은 옳지 않은 행동인가?	<분류>1</분류> <판단>옳다</판단>
[도덕_문장]: 칫솔질을 할 때마다 구역질이 나서 괴로운데, 화장실에서 동료들과 함께 있을 때 구토 소리가 날까봐 부끄러워서 제대로 양치를 못하겠다. 이처럼, 동료들과 함께 있을 때, 자신의 불편함으로 인해 다른 사람들이 불편해질 것을 우려하는 것은 의무인가?	<분류>1</분류> <판단>존중받아야 한다</판단>
[도덕_문장]: 칫솔질을 할 때마다 구역질이 나서 괴로운데, 화장실에서 동료들과 함께 있을 때 구토 소리가 날까봐 부끄러워서 제대로 양치를 못하겠다. 이럴 때, 자신의 신체적 불편함을 이해하면서도 그 불편함이 공동 공간에서의 상호작용에 부정적인 영향을 미치지 않도록 배려하는 것은 바람직한가?	<분류>1</분류> <판단>바람직하다</판단>
[도덕_문장]: 칫솔질을 할 때마다 구역질이 나서 괴로운데, 화장실에서 동료들과 함께 있을 때 구토 소리가 날까봐 부끄러워서 제대로 양치를 못하겠다. 이렇게, 개인적인 문제 때문에 불편함을 느낄 때 주변 사람들에게 상황을 설명하고 이해를 구하는 것은 나쁘지 않은가?	<분류>1</분류> <판단>좋다</판단>
[도덕_문장]: 칫솔질을 할 때마다 구역질이 나서 괴로운데, 화장실에서 동료들과 함께 있을 때 구토 소리가 날까봐 부끄러워서 제대로 양치를 못하겠다. 이런 상황일 때, 자신의 상태가 불편하더라도 공공장소에서 타인에게 불편을 주지 않도록 적절한 조치를 취하는 것은 바람직한가?	<분류>1</분류> <판단>바람직하다</판단>
[도덕_문장]: 면접에서 떨어진 후 내정자가 있었다는 사실을 알게 되어 앞으로의 면접들도 모두 형식적일까봐 두려워하면서도 계속 지원해야 할지 고민했다. 이런 경우에, 면접 과정에서 내정자를 지정하여 공정성을 훼손하는 것은 옳지 않은 행동인가?	<분류>-1</분류> <판단>옳지 않다</판단>
[도덕_문장]: 만원 지하철에서 성추행을 당해 즉시 소리를 질러 상황을 알렸지만 모든 시선이 집중되어 당황스러웠고, 경찰서 신고 과정에서 바쁜 일상 중에도 계속 왔다 갔다 해야 하는 상황이 너무 거슬렸다. 이런 경우에, 상대방의 의사에 반해 신체적 접촉을 요구하거나 불쾌한 접촉을 시도하는 것은 어떠한가?	<분류>-1</분류> <판단>옳지 않다</판단>
[도덕_문장]: 알바생이 말도 없이 잠수를 타서 혼자 가게 일을 다 해야 하는 상황인데, 다음 날 미안하다며 웃으면서 출근하는 알바생을 해고해야 할지 참고 써야 할지 고민했다. 이런 상황에서, 알바생이 직장을 그만두면서 말없이 잠수를 타는 것은 바람직한가?	<분류>-1</분류> <판단>바람직하지 않다</판단>
[도덕_문장]: 혼자 살면서 층간소음에 신경써서 조심히 생활하고 있는데 아랫집에서 소음 민원을 넣어서 억울하고 화가 났지만, 친구 말을 듣고 보니 다른 집 소음을 우리 집으로 착각했을 수도 있겠다는 생각이 들었다. 이런 경우에, 층간소음에 신경 써서 생활하는 것은 어떠한가?	<분류>1</분류> <판단>바람직하다</판단>
[도덕_문장]: 혼자 살면서 층간소음에 신경써서 조심히 생활하고 있는데 아랫집에서 소음 민원을 넣어서 억울하고 화가 났지만, 친구 말을 듣고 보니 다른 집 소음을 우리 집으로 착각했을 수도 있겠다는 생각이 들었다. 이처럼, 자신의 생활 방식과 가치관이 타인과 충돌할 때, 감정적인 반응보다 상황에 대한 객관적인 판단과 이해를 시도하는 것은 권장되지 않는가?	<분류>1</분류> <판단>필요하다</판단>
[도덕_문장]: 혼자 살면서 층간소음에 신경써서 조심히 생활하고 있는데 아랫집에서 소음 민원을 넣어서 억울하고 화가 났지만, 친구 말을 듣고 보니 다른 집 소음을 우리 집으로 착각했을 수도 있겠다는 생각이 들었다. 이처럼, 층간소음 민원이 접수된 경우 사실 확인을 하는 것은 바람직한가?	<분류>1</분류> <판단>바람직하다</판단>
[도덕_문장]: 혼자 살면서 층간소음에 신경써서 조심히 생활하고 있는데 아랫집에서 소음 민원을 넣어서 억울하고 화가 났지만, 친구 말을 듣고 보니 다른 집 소음을 우리 집으로 착각했을 수도 있겠다는 생각이 들었다. 이처럼, 층간소음 문제로 억울한 상황이 생겼을 때 감정적으로 대응하기보다 침착하게 상황을 판단하는 것은 필수적인가?	<분류>1</분류> <판단>필요하다</판단>
[도덕_문장]: 혼자 살면서 층간소음에 신경써서 조심히 생활하고 있는데 아랫집에서 소음 민원을 넣어서 억울하고 화가 났지만, 친구 말을 듣고 보니 다른 집 소음을 우리 집으로 착각했을 수도 있겠다는 생각이 들었다. 이처럼, 갈등 상황에 직면했을 때 자신의 감정을 차분하게 정리하고 대화를 통해 해결하려는 자세를 갖는 것은 어떠한가?	<분류>1</분류> <판단>중요하다</판단>
[도덕_문장]: 혼자 살면서 층간소음에 신경써서 조심히 생활하고 있는데 아랫집에서 소음 민원을 넣어서 억울하고 화가 났지만, 친구 말을 듣고 보니 다른 집 소음을 우리 집으로 착각했을 수도 있겠다는 생각이 들었다. 이렇게, 층간소음 문제로 억울한 마음을 가졌을 때 타인에게 화풀이 하지 않고 상황을 객관적으로 바라보는 것은 어떠한가?	<분류>1</분류> <판단>바람직하다</판단>
[도덕_문장]: 혼자 살면서 층간소음에 신경써서 조심히 생활하고 있는데 아랫집에서 소음 민원을 넣어서 억울하고 화가 났지만, 친구 말을 듣고 보니 다른 집 소음을 우리 집으로 착각했을 수도 있겠다는 생각이 들었다. 이처럼, 층간소음으로 인한 갈등 상황에서 오해나 착각이 있을 수 있음을 인지하고 상황을 먼저 확인하는 것은 권장되지 않는가?	<분류>1</분류> <판단>가져야 한다</판단>
[도덕_문장]: 조별 과제에서 한 조원이 회의 중 계속 딴지를 걸고 연락도 무시하며 잠수를 타서, 그 조원을 과제에서 제외할지 아니면 끝까지 기다려볼지 고민했다. 이러한 상황에서, 과제를 수행하는 데 있어 개인의 참여에 대한 책임을 회피하는 것은 어떠한가?	<분류>-1</분류> <판단>안 되다</판단>
[도덕_문장]: 남편이 내 동의 없이 시어른들과 가족여행을 추진해놓고 시어머니를 통해 알게 되어 화가 났지만, 아이들 앞에서 부부싸움을 하고 싶지 않아 감정을 억누르고 이성적으로 대화해야 할지 고민했다. 이러한 상황에서, 가족과의 여행에서 함께 의사결정을 하는 것은 의무인가?	<분류>1</분류> <판단>해야 한다</판단>
[도덕_문장]: 남편이 내 동의 없이 시어른들과 가족여행을 추진해놓고 시어머니를 통해 알게 되어 화가 났지만, 아이들 앞에서 부부싸움을 하고 싶지 않아 감정을 억누르고 이성적으로 대화해야 할지 고민했다. 이런 상황일 때, 부부 간의 사적인 대화를 각자의 의견과 감정이 충분히 존중되는 방식으로 진행하는 것은 권장되는가?	<분류>1</분류> <판단>되어야 한다</판단>
[도덕_문장]: 남편이 내 동의 없이 시어른들과 가족여행을 추진해놓고 시어머니를 통해 알게 되어 화가 났지만, 아이들 앞에서 부부싸움을 하고 싶지 않아 감정을 억누르고 이성적으로 대화해야 할지 고민했다. 이처럼, 자녀들이 있는 가정에서 여행이나 중요한 결정을 할 때 가족 구성원 모두와 논의하여 결정하는 것은 권장되는가?	<분류>1</분류> <판단>해야 한다</판단>
[도덕_문장]: 남편이 내 동의 없이 시어른들과 가족여행을 추진해놓고 시어머니를 통해 알게 되어 화가 났지만, 아이들 앞에서 부부싸움을 하고 싶지 않아 감정을 억누르고 이성적으로 대화해야 할지 고민했다. 이처럼, 가족여행에 대한 의견이 분분할 때 아이들을 생각해 대화를 통해 해결하는 것은 바람직하지 않은가?	<분류>1</분류> <판단>바람직하다</판단>
[도덕_문장]: 직장 동료가 혈액형을 물어보며 성격을 단정지어 말해서 과거 안 좋은 기억이 떠올라 화를 냈는데, 나중에 생각해보니 상대방이 친해지려고 건넨 말일 수도 있어서 과하게 반응한 것 같아 미안했다. 이런 상황일 때, 타인이 자신의 의도를 왜곡해서 받아들여도 이해해주는 것은 좋지 않은 행동인가?	<분류>1</분류> <판단>좋다</판단>
[도덕_문장]: 직장 동료가 혈액형을 물어보며 성격을 단정지어 말해서 과거 안 좋은 기억이 떠올라 화를 냈는데, 나중에 생각해보니 상대방이 친해지려고 건넨 말일 수도 있어서 과하게 반응한 것 같아 미안했다. 이렇게, 상대의 말이 불쾌할 때 적절한 표현을 찾아 대응하는 것은 괜찮지 않은가?	<분류>1</분류> <판단>좋다</판단>
[도덕_문장]: 직장 동료가 혈액형을 물어보며 성격을 단정지어 말해서 과거 안 좋은 기억이 떠올라 화를 냈는데, 나중에 생각해보니 상대방이 친해지려고 건넨 말일 수도 있어서 과하게 반응한 것 같아 미안했다. 이처럼, 자신이 한 말이나 행동으로 상대방에게 불쾌감을 주었을 때 즉시 사과하는 것은 좋지 않은가?	<분류>1</분류> <판단>좋다</판단>
[도덕_문장]: 직장 동료가 혈액형을 물어보며 성격을 단정지어 말해서 과거 안 좋은 기억이 떠올라 화를 냈는데, 나중에 생각해보니 상대방이 친해지려고 건넨 말일 수도 있어서 과하게 반응한 것 같아 미안했다. 이럴 때, 타인에게 혈액형과 같은 개인 정보를 함부로 물어보는 것은 문제가 되지 않는가?	<분류>-1</분류> <판단>안 된다</판단>
[도덕_문장]: 직장 동료가 혈액형을 물어보며 성격을 단정지어 말해서 과거 안 좋은 기억이 떠올라 화를 냈는데, 나중에 생각해보니 상대방이 친해지려고 건넨 말일 수도 있어서 과하게 반응한 것 같아 미안했다. 이런 상황에서, 상대의 의도를 오해했더라도 상대를 비난하기보다 대화로 해결하려는 것은 권장되는가?	<분류>1</분류> <판단>필요하다</판단>
[도덕_문장]: 직장 동료가 혈액형을 물어보며 성격을 단정지어 말해서 과거 안 좋은 기억이 떠올라 화를 냈는데, 나중에 생각해보니 상대방이 친해지려고 건넨 말일 수도 있어서 과하게 반응한 것 같아 미안했다. 이런 상황에서, 혈액형과 성격을 이용해 개인의 성격을 단정하는 근거로 사용하는 것은 좋은가?	<분류>0</분류> <판단>좋지 않다</판단>
[도덕_문장]: 회사 탕비실이 항상 지저분한데 아무도 치우지 않아서 매번 내가 혼자 치우게 되는 상황이 반복되어 화가 났지만, 상사에게 문제제기를 해야 할지 그냥 참고 넘어가야 할지 고민했다. 이렇게, 다른 사람이 직장에서 불편한 상황에 처해 있을 때 상황을 개선할 방법을 찾는 것은 어떠한가?	<분류>1</분류> <판단>바람직하다</판단>
[도덕_문장]: 연인이 다른 사람과 몰래 여행을 갔다는 사실을 핸드폰을 몰래 봐서 알게 되었는데, 상대방은 사생활 침해라며 오히려 화를 냈다. 이런 상황일 때, 연인 사이에서 상대방의 사생활을 존중하는 것은 어떠한가?	<분류>1</분류> <판단>옳다</판단>
[도덕_문장]: 연인이 다른 사람과 몰래 여행을 갔다는 사실을 핸드폰을 몰래 봐서 알게 되었는데, 상대방은 사생활 침해라며 오히려 화를 냈다. 이런 상황일 때, 연인이 상대방의 핸드폰을 확인하는 것은 어떠한가?	<분류>-1</분류> <판단>안 되다</판단>
[도덕_문장]: 미용실 예약을 해놨지만 올해 유행하는 긴 머리 스타일을 보고 나서 단발을 자를지 말지 고민되어 예약 1시간 전에 취소했다. 이렇게, 예약 변경을 원할 때 미리 연락하는 것은 좋은가?	<분류>1</분류> <판단>좋다</판단>
[도덕_문장]: 미용실 예약을 해놨지만 올해 유행하는 긴 머리 스타일을 보고 나서 단발을 자를지 말지 고민되어 예약 1시간 전에 취소했다. 이처럼, 타인에게 직접적인 피해를 주지 않고 자신의 취향과 상황에 따라 예약을 취소하는 것은 바람직하지 않은가?	<분류>0</분류> <판단>바람직하다</판단>
[도덕_문장]: 미용실 예약을 해놨지만 올해 유행하는 긴 머리 스타일을 보고 나서 단발을 자를지 말지 고민되어 예약 1시간 전에 취소했다. 이렇게, 예약 시간을 변경하거나 취소할 경우 가능한 빠른 연락을 하는 것은 나쁘지 않은가?	<분류>1</분류> <판단>좋다</판단>
[도덕_문장]: 부모님이 집에 오신다고 하셨는데 야근과 특근으로 너무 피곤해서 집을 치울 수 없는 상황에서 언니에게 도움을 요청하고 싶지만 미안한 마음이 들어 고민했다. 이처럼, 가족 구성원에게 도움을 요청할 때 서로의 상황을 고려하여 예의 바르게 요청하는 것은 하면 안 되는가?	<분류>1</분류> <판단>해야 한다</판단>
[도덕_문장]: 부모님이 집에 오신다고 하셨는데 야근과 특근으로 너무 피곤해서 집을 치울 수 없는 상황에서 언니에게 도움을 요청하고 싶지만 미안한 마음이 들어 고민했다. 이처럼, 다른 가족 구성원에게 부탁을 할 때 미안하더라도 자신의 상황을 진솔하게 설명하는 것은 적절하지 않은가?	<분류>1</분류> <판단>바람직하다</판단>
[도덕_문장]: 아버지가 입원한 병원에서 더 이상 치료할 게 없다며 퇴원을 통보받았는데, 화가 나서 당장 병원에 찾아가 따지고 싶은 마음과 냉정하게 아버지를 위한 최선의 방법을 찾아야 한다는 마음 사이에서 갈등했다. 이렇게, 건강과 관련된 결정을 할 때 의사의 권고를 존중하는 태도를 유지하는 것은 정당하지 않은 행동인가?	<분류>1</분류> <판단>옳다</판단>
[도덕_문장]: 친구에게 빌려준 책을 여러 번 돌려달라고 했는데도 계속 미루자, 더 강하게 요구하면 속 좁아 보일까 봐 고민되었다. 이렇게, 친구와 갈등 상황이 생겼을 때 차분하게 소통하는 것은 바람직한가?	<분류>1</분류> <판단>바람직하다</판단>
[도덕_문장]: 인터넷으로 주문한 접시가 배송 중 박스가 구겨진 채로 도착해서 택배 기사에게 화를 낼지 말지 고민했다. 이렇게, 상품을 수령하기 전에 상품의 상태를 확인하고 문제가 있을 경우 적절한 대처를 요구하는 것은 정당하지 않은 행동인가?	<분류>1</분류> <판단>정당하다</판단>
[도덕_문장]: 매일 일찍 일어나려고 알람을 맞춰놓고 노력하지만 계속 늦잠을 자서 수업에 지각하게 되어 나 자신에게 화가 나고 좌절감이 든다. 이런 상황일 때, 늦잠을 자는 것은 어떠한가?	<분류>0</분류> <판단>나쁜 행동이 아니다</판단>
[도덕_문장]: 재택근무 중 에어컨이 고장 났는데 서비스 센터 전화가 연결되지 않아 답답하고 화가 났지만, 언니가 화를 내봤자 해결되지 않으니 차분해지라고 해서 마음을 진정시켜야 할지 계속 짜증을 낼지 고민했다. 이처럼, 서비스 요청이 원활하지 않을 때 개인적인 감정보다는 해결 방법을 먼저 찾는 것은 어떠한가?	<분류>1</분류> <판단>좋다</판단>
[도덕_문장]: 다이어트를 위해 한 달간 탄수화물을 끊고 있는데 체중 변화가 없어서 포기하고 싶지만, 지금까지 참아온 노력이 아까워서 계속할지 그만둘지 고민이다. 이럴 때, 자신의 건강을 위해 행동을 멈추거나 바꾸는 것은 어떠한가?	<분류>0</분류> <판단>나쁘지 않다</판단>
[도덕_문장]: 다이어트를 위해 한 달간 탄수화물을 끊고 있는데 체중 변화가 없어서 포기하고 싶지만, 지금까지 참아온 노력이 아까워서 계속할지 그만둘지 고민이다. 이런 상황일 때, 단기간에 변화를 보지 못하더라도 꾸준히 노력하는 것은 어떠한가?	<분류>1</분류> <판단>바람직하다</판단>
[도덕_문장]: 다이어트를 위해 한 달간 탄수화물을 끊고 있는데 체중 변화가 없어서 포기하고 싶지만, 지금까지 참아온 노력이 아까워서 계속할지 그만둘지 고민이다. 이런 경우에, 체중 관리를 개인의 자율적인 판단에 맡기는 것은 바람직하지 않은 행동인가?	<분류>1</분류> <판단>적절하다</판단>
[도덕_문장]: 세입자가 석 달째 월세를 밀리고 있어서 법적 조치를 취하겠다고 통보했지만, 좋은 건물주가 되고 싶었던 마음과 달리 사람을 쫓아내는 것 같아 미안하고 답답했다. 이런 상황일 때, 금전적 의무를 이행하지 않은 사람을 법적으로 대응하는 것은 문제가 되지 않는 행동인가?	<분류>0</분류> <판단>할 수 있다</판단>
[도덕_문장]: 세입자가 석 달째 월세를 밀리고 있어서 법적 조치를 취하겠다고 통보했지만, 좋은 건물주가 되고 싶었던 마음과 달리 사람을 쫓아내는 것 같아 미안하고 답답했다. 이러한 상황에서, 법적 조치를 취하면서 임차인에게 경제적 타격을 최소화하는 것은 정당한 행동인가?	<분류>1</분류> <판단>옳다</판단>
[도덕_문장]: 세입자가 석 달째 월세를 밀리고 있어서 법적 조치를 취하겠다고 통보했지만, 좋은 건물주가 되고 싶었던 마음과 달리 사람을 쫓아내는 것 같아 미안하고 답답했다. 이렇게, 건물주가 법적 조치를 취할 경우 그 이유를 충분히 설명하는 것은 권장되지 않는가?	<분류>1</분류> <판단>필요하다</판단>
[도덕_문장]: 세입자가 석 달째 월세를 밀리고 있어서 법적 조치를 취하겠다고 통보했지만, 좋은 건물주가 되고 싶었던 마음과 달리 사람을 쫓아내는 것 같아 미안하고 답답했다. 이렇게, 임차인의 사정이 힘들 때 상황을 조율하는 것은 나쁘지 않은 행동인가?	<분류>1</분류> <판단>좋다</판단>
[도덕_문장]: 아이를 위해 온종일 정성들여 김밥을 만들었는데 남편이 맛없다며 안 먹어서 지친 몸으로 다시 저녁을 준비해야 했다. 이런 상황에서, 남편이 아내의 요리를 존중하는 것은 의무가 아닌가?	<분류>1</분류> <판단>해야 한다</판단>
[도덕_문장]: 아이를 위해 온종일 정성들여 김밥을 만들었는데 남편이 맛없다며 안 먹어서 지친 몸으로 다시 저녁을 준비해야 했다. 이런 상황일 때, 아이를 위해 정성을 들인 음식을 아내에게 강요하는 것은 정당한 행동인가?	<분류>-1</분류> <판단>옳지 않다</판단>
[도덕_문장]: 회사에서 스트레스를 받았을 때 매운 음식으로 풀고 싶었지만 어릴 때부터 매운 걸 못 먹어서 참아야 하는 상황이 더욱 화가 났다. 이처럼, 본인의 체질과 한계를 인정하고 상황에 맞는 다른 방법으로 스트레스를 해소하려는 것은 옳은 행동인가?	<분류>1</분류> <판단>옳다</판단>
[도덕_문장]: 회사에서 스트레스를 받았을 때 매운 음식으로 풀고 싶었지만 어릴 때부터 매운 걸 못 먹어서 참아야 하는 상황이 더욱 화가 났다. 이럴 때, 자신의 체질과 취향을 존중하는 것은 어떠한가?	<분류>1</분류> <판단>해야 한다</판단>
[도덕_문장]: 와이프가 추천한 맛집에서 2시간을 기다린 후 음식이 입맛에 맞지 않아 불만을 표했는데, 와이프는 맛있다며 내 반응을 이해하지 못해서 서로 싸우게 되었다. 이런 경우에, 배우자가 불만을 표시하는 것을 이해하는 것은 해도 되는가?	<분류>1</분류> <판단>해야 한다</판단>
[도덕_문장]: 밤늦게 매운 음식을 먹으면 안 된다는 것을 알면서도 먹방을 보다가 참지 못하고 떡볶이를 주문해서 먹었더니 응급실에 실려갔다. 이럴 때, 자신의 건강을 고려하지 않고 무리하게 행동하는 것은 적절한가?	<분류>-1</분류> <판단>바람직하지 않다</판단>
[도덕_문장]: 남편이 내가 아파서 먹으려고 시킨 죽 속 전복과 통닭까지 먹어버려서 이혼을 고려할 정도로 화가 났지만, 대화로 해결해보려고 한다. 이런 경우에, 배우자와 갈등이 있으면 배우자의 입장을 이해하고 대화로 문제를 해결하려 노력하는 것은 의무인가?	<분류>1</분류> <판단>해야 한다</판단>
[도덕_문장]: 남편이 내가 아파서 먹으려고 시킨 죽 속 전복과 통닭까지 먹어버려서 이혼을 고려할 정도로 화가 났지만, 대화로 해결해보려고 한다. 이럴 때, 배우자에게 기분 상한 부분이 있다면 화내기보다 차분하게 자신의 감정을 표현하는 것은 적절한가?	<분류>1</분류> <판단>바람직하다</판단>
[도덕_문장]: 남편이 내가 아파서 먹으려고 시킨 죽 속 전복과 통닭까지 먹어버려서 이혼을 고려할 정도로 화가 났지만, 대화로 해결해보려고 한다. 이런 경우에, 가족의 배려와 관계 유지의 중요성을 인지하고, 대화와 소통을 통해 갈등을 해결하려는 태도를 가지는 것은 옳은가?	<분류>1</분류> <판단>옳다</판단>
[도덕_문장]: 남편이 내가 아파서 먹으려고 시킨 죽 속 전복과 통닭까지 먹어버려서 이혼을 고려할 정도로 화가 났지만, 대화로 해결해보려고 한다. 이렇게, 배우자에게 상처를 받았을 때 대화로 해결하는 것은 나쁘지 않은 행동인가?	<분류>1</분류> <판단>좋다</판단>
[도덕_문장]: 남자친구가 기념일 데이트 계획을 전혀 세우지 않아서 매번 싸우게 되는데, 이런 성격을 받아들여야 할지 아니면 계속 바뀌길 요구해야 할지 고민이다. 이럴 때, 연인과의 문제를 대화를 통해 해결하려 노력하는 것은 하면 안 되는가?	<분류>1</분류> <판단>해야 한다</판단>
[도덕_문장]: 남자친구가 기념일 데이트 계획을 전혀 세우지 않아서 매번 싸우게 되는데, 이런 성격을 받아들여야 할지 아니면 계속 바뀌길 요구해야 할지 고민이다. 이런 상황일 때, 남자친구와의 갈등에서 서로의 타협점을 찾는 것은 어떠한가?	<분류>1</분류> <판단>성숙해질 수 있다</판단>
[도덕_문장]: 남자친구가 기념일 데이트 계획을 전혀 세우지 않아서 매번 싸우게 되는데, 이런 성격을 받아들여야 할지 아니면 계속 바뀌길 요구해야 할지 고민이다. 이러한 상황에서, 기념일과 같은 중요한 순간을 계획하지 않는 것은 좋은 행동인가?	<분류>-1</분류> <판단>좋지 않다</판단>
[도덕_문장]: 새로 온 직원이 업무를 복잡하게 처리하며 절차를 강요해서 화가 났지만, 선배로서 참고 협력해야 할지 아니면 효율성을 위해 강하게 의견을 표현해야 할지 고민했다. 이렇게, 동료 간에 의견이 다를 때 차분하게 대화로 문제를 해결하는 것은 권장되는가?	<분류>1</분류> <판단>해야 한다</판단>
[도덕_문장]: 새로 온 직원이 업무를 복잡하게 처리하며 절차를 강요해서 화가 났지만, 선배로서 참고 협력해야 할지 아니면 효율성을 위해 강하게 의견을 표현해야 할지 고민했다. 이처럼, 갈등을 느낄 때 서로의 의도를 존중하면서 대화를 통해 합의점을 찾는 것은 좋지 않은가?	<분류>1</분류> <판단>좋다</판단>
[도덕_문장]: 새로 온 직원이 업무를 복잡하게 처리하며 절차를 강요해서 화가 났지만, 선배로서 참고 협력해야 할지 아니면 효율성을 위해 강하게 의견을 표현해야 할지 고민했다. 이럴 때, 직장 내 갈등을 차분하게 상대를 존중하는 방식으로 해결하려는 것은 권장되는가?	<분류>1</분류> <판단>필요하다</판단>
[도덕_문장]: 친구가 내 아내가 다른 남자와 모텔에서 나오는 것을 봤다고 했는데, 아내를 믿고 싶지만 의심의 마음이 들어서 어떻게 해야 할지 모르겠다. 이런 상황일 때, 친구의 사적인 문제를 함부로 말하지 않는 것은 괜찮은가?	<분류>1</분류> <판단>좋다</판단>
[도덕_문장]: 회사 동료가 자리에 쓰레기를 쌓아두고 버리지 않아 개미까지 생겨서 불쾌했지만, 직접적으로 지적하기 어려워 돌려서 말했는데도 무시당해서 팀장에게 말해야 할지 고민했다. 이처럼, 동료의 행동에 대해 불쾌감을 느낄 경우 자신의 의사를 존중하는 방식으로 전달하는 것은 의무인가?	<분류>1</분류> <판단>해야 한다</판단>
[도덕_문장]: 회사 동료가 자리에 쓰레기를 쌓아두고 버리지 않아 개미까지 생겨서 불쾌했지만, 직접적으로 지적하기 어려워 돌려서 말했는데도 무시당해서 팀장에게 말해야 할지 고민했다. 이처럼, 동료와의 사적인 갈등을 피하고, 갈등 상황이 발생하면 회사의 규정이나 적절한 절차에 따라 해결하려는 것은 정당한 행동인가?	<분류>1</분류> <판단>옳다</판단>
[도덕_문장]: 신혼생활 중 남편이 형광등 교체 같은 간단한 집안일도 제대로 못하는 모습을 보고 화가 났지만, 있는 그대로의 모습을 받아들여야 할지 고민했다. 이런 상황에서, 배우자의 역량이 부족하더라도 비난보다는 대안이나 도움을 제시하는 것은 바람직하지 않은가?	<분류>1</분류> <판단>바람직하다</판단>
[도덕_문장]: 신혼생활 중 남편이 형광등 교체 같은 간단한 집안일도 제대로 못하는 모습을 보고 화가 났지만, 있는 그대로의 모습을 받아들여야 할지 고민했다. 이럴 때, 남편이 가정의 구성원으로서 집안일을 하기 힘들다고 솔직하게 이야기하는 것은 권장되지 않는가?	<분류>1</분류> <판단>해야 한다</판단>
[도덕_문장]: 신혼생활 중 남편이 형광등 교체 같은 간단한 집안일도 제대로 못하는 모습을 보고 화가 났지만, 있는 그대로의 모습을 받아들여야 할지 고민했다. 이렇게, 배우자가 잘못이 있을 때 대화로 개선점을 찾는 것은 바람직한가?	<분류>1</분류> <판단>바람직하다</판단>
[도덕_문장]: 아버지가 코로나 확진자와 접촉했다는 소식을 들었는데, 가족들을 안심시키려고 괜찮을 거라고 말했지만 실제로는 아버지의 기저질환 때문에 매우 걱정되었다. 이런 상황일 때, 가족들에게 자신의 불안감을 숨기지 않고 사실을 알려주는 것은 나쁘지 않은 행동인가?	<분류>1</분류> <판단>좋다</판단>
[도덕_문장]: 중간고사를 3일 앞두고 목이 아픈 상황에서 엄마는 충분히 쉬라고 하는데, 시험 공부를 더 해야 할지 몸 회복에 집중해야 할지 고민이 되었다. 이런 경우에, 부모가 자녀의 건강을 우선으로 생각하는 것은 좋은 행동인가?	<분류>1</분류> <판단>좋다</판단>
[도덕_문장]: 취업에 합격했지만 전공과 맞지 않는 업무를 잘해낼 수 있을지 불안해서 기뻐해야 할지 걱정해야 할지 복잡한 마음이 들었다. 이럴 때, 자신의 적성과 진로에 대해 고민하는 것은 좋은가?	<분류>1</분류> <판단>좋다</판단>
[도덕_문장]: 얼굴에 큰 흉터가 있어서 주민등록증용 증명사진을 찍기가 두렵지만 반드시 필요한 상황이라 어쩔 수 없이 사진관에 가야 한다. 이런 상황일 때, 타인의 외모에 대한 생각을 무시하고 자신의 선택에 확신을 가지고 있는 것은 의무가 아닌가?	<분류>1</분류> <판단>존중받아야 한다</판단>
[도덕_문장]: 졸업 시험을 일주일 앞두고 너무 불안해서 엄마에게 털어놓고 싶었지만, 성인이 된 마당에 이런 걱정으로 부모님을 괴롭혀도 되는지 고민했다. 이렇게, 자녀가 스트레스를 받는 상황에서 그 이유를 자세히 들어주는 것은 바람직하지 않은가?	<분류>1</분류> <판단>바람직하다</판단>
[도덕_문장]: 졸업 시험을 일주일 앞두고 너무 불안해서 엄마에게 털어놓고 싶었지만, 성인이 된 마당에 이런 걱정으로 부모님을 괴롭혀도 되는지 고민했다. 이처럼, 성인이 된 자식이 고민을 털어놓고 싶을 때 들어주는 것은 나쁜가?	<분류>1</분류> <판단>좋다</판단>
[도덕_문장]: 졸업 시험을 일주일 앞두고 너무 불안해서 엄마에게 털어놓고 싶었지만, 성인이 된 마당에 이런 걱정으로 부모님을 괴롭혀도 되는지 고민했다. 이런 경우에, 부모님에게 부담을 주지 않는 선에서 도움을 요청하는 것은 바람직하지 않은가?	<분류>1</분류> <판단>바람직하다</판단>
[도덕_문장]: 소화불량 증상이 계속되어 위암이 아닐까 불안했지만, 정말 암 진단을 받을까 봐 두려워서 병원 가는 것을 계속 미루고 있었다. 이런 상황에서, 암의 조기 발견이 중요하다는 사실을 인지하지 못하고, 증상이 있어도 병원을 방문하지 않는 것은 적절하지 않은가?	<분류>-1</분류> <판단>바람직하지 않다</판단>
[도덕_문장]: 공포 프로그램을 본 후 귀신이 무서워 잠을 못 자겠다고 엄마에게 말했는데, 성인이 된 나이에 이런 고민을 털어놓는 것이 유치해 보일까 봐 망설여졌다. 이런 상황일 때, 자신이 공포를 느끼는 것은 해도 되는가?	<분류>0</분류> <판단>괜찮다</판단>
[도덕_문장]: 공포 프로그램을 본 후 귀신이 무서워 잠을 못 자겠다고 엄마에게 말했는데, 성인이 된 나이에 이런 고민을 털어놓는 것이 유치해 보일까 봐 망설여졌다. 이처럼, 자녀의 어려움을 인지했을 때 성숙한 태도로 대화를 시도하는 것은 적절한가?	<분류>1</분류> <판단>바람직하다</판단>
[도덕_문장]: 공포 프로그램을 본 후 귀신이 무서워 잠을 못 자겠다고 엄마에게 말했는데, 성인이 된 나이에 이런 고민을 털어놓는 것이 유치해 보일까 봐 망설여졌다. 이러한 상황에서, 자녀의 감정을 이해하고 공감해 주는 것은 바람직하지 않은가?	<분류>1</분류> <판단>바람직하다</판단>
[도덕_문장]: 출산을 앞두고 자연분만을 원하지만 진통의 고통과 분만 사고에 대한 두려움 때문에 제왕절개 수술도 고려해야 할지 갈등스럽다. 이러한 상황에서, 자연분만을 고려할 수 있음에도 제왕절개를 선택하는 것은 어떠한가?	<분류>0</분류> <판단>문제되지 않는다</판단>
[도덕_문장]: 출산을 앞두고 자연분만을 원하지만 진통의 고통과 분만 사고에 대한 두려움 때문에 제왕절개 수술도 고려해야 할지 갈등스럽다. 이처럼, 출산과 관련해 갈등이 있을 때 배우자와 충분한 대화를 통해 결정을 내리는 것은 바람직하지 않은 행동인가?	<분류>1</분류> <판단>바람직하다</판단>
[도덕_문장]: 출산을 앞두고 자연분만을 원하지만 진통의 고통과 분만 사고에 대한 두려움 때문에 제왕절개 수술도 고려해야 할지 갈등스럽다. 이런 경우에, 출산 시 자신의 몸을 존중하면서도 신중하게 의료 결정을 하는 것은 괜찮지 않은가?	<분류>0</분류> <판단>좋다</판단>
[도덕_문장]: 출산을 앞두고 자연분만을 원하지만 진통의 고통과 분만 사고에 대한 두려움 때문에 제왕절개 수술도 고려해야 할지 갈등스럽다. 이런 경우에, 의료행위에 대해 개인의 선택을 존중하는 것은 의무가 아닌가?	<분류>1</분류> <판단>해야 한다</판단>
[도덕_문장]: 출산을 앞두고 자연분만을 원하지만 진통의 고통과 분만 사고에 대한 두려움 때문에 제왕절개 수술도 고려해야 할지 갈등스럽다. 이런 상황에서, 산모가 자신의 선택을 기준으로 출산 방식을 결정하는 것은 어떠한가?	<분류>1</분류> <판단>해야 한다</판단>
[도덕_문장]: 출산을 앞두고 자연분만을 원하지만 진통의 고통과 분만 사고에 대한 두려움 때문에 제왕절개 수술도 고려해야 할지 갈등스럽다. 이런 상황일 때, 출산을 앞두고 출산 방식에 대한 선택을 신중하게 고려하는 것은 권장되는가?	<분류>1</분류> <판단>해야 한다</판단>
[도덕_문장]: 아이가 아직 어려 보여서 태권도만 보내고 있는데, 다른 아이들은 벌써 학원을 많이 다녀서 우리 아이만 뒤처지는 것 같아 불안하지만 무리하게 따라하고 싶지는 않아 고민이다. 이처럼, 학원을 선택할 때 아이의 나이와 흥미를 고려하는 것은 옳지 않은 행동인가?	<분류>1</분류> <판단>옳다</판단>
[도덕_문장]: 아이가 아직 어려 보여서 태권도만 보내고 있는데, 다른 아이들은 벌써 학원을 많이 다녀서 우리 아이만 뒤처지는 것 같아 불안하지만 무리하게 따라하고 싶지는 않아 고민이다. 이런 상황에서, 자신의 발달 속도에 맞춰 자신에게 맞는 선택을 하는 것은 문제있는가?	<분류>1</분류> <판단>괜찮다</판단>
[도덕_문장]: 아이가 아직 어려 보여서 태권도만 보내고 있는데, 다른 아이들은 벌써 학원을 많이 다녀서 우리 아이만 뒤처지는 것 같아 불안하지만 무리하게 따라하고 싶지는 않아 고민이다. 이런 상황에서, 부모가 자녀의 교육에 대해 불안함을 느끼면 아이의 학업 계획을 잘 살펴보는 것은 괜찮은가?	<분류>1</분류> <판단>좋다</판단>
[도덕_문장]: 아이가 아직 어려 보여서 태권도만 보내고 있는데, 다른 아이들은 벌써 학원을 많이 다녀서 우리 아이만 뒤처지는 것 같아 불안하지만 무리하게 따라하고 싶지는 않아 고민이다. 이런 상황일 때, 다른 아이들의 학원을 비교하지 않는 것은 나쁘지 않은가?	<분류>1</분류> <판단>좋다</판단>
[도덕_문장]: 병원에서 고지혈증과 고혈압 진단을 받고 뱃살을 빼라고 했는데, 무릎이 안 좋아 운동하기 힘들어서 과연 살을 뺄 수 있을지 불안했다. 이처럼, 건강 관리가 필요한 상황에서 주변의 조언을 참고하고 본인의 상황에 맞는 방법으로 판단하여 실천하는 것은 나쁜가?	<분류>0</분류> <판단>좋다</판단>
[도덕_문장]: 병원에서 고지혈증과 고혈압 진단을 받고 뱃살을 빼라고 했는데, 무릎이 안 좋아 운동하기 힘들어서 과연 살을 뺄 수 있을지 불안했다. 이런 상황일 때, 체중 감량에 대한 불안감이 있더라도 무리하지 않는 범위에서 건강을 유지하기 위해 노력하는 것은 좋지 않은 행동인가?	<분류>1</분류> <판단>좋다.</판단>
[도덕_문장]: 병원에서 고지혈증과 고혈압 진단을 받고 뱃살을 빼라고 했는데, 무릎이 안 좋아 운동하기 힘들어서 과연 살을 뺄 수 있을지 불안했다. 이렇게, 무릎이 좋지 않을 때 무리한 운동을 하지 않는 것은 바람직한가?	<분류>1</분류> <판단>바람직하다</판단>
[도덕_문장]: 병원에서 고지혈증과 고혈압 진단을 받고 뱃살을 빼라고 했는데, 무릎이 안 좋아 운동하기 힘들어서 과연 살을 뺄 수 있을지 불안했다. 이러한 상황에서, 의사의 건강 지침에 협조하고 자신의 몸의 한계를 존중하며 의사와 소통하는 것은 적절하지 않은가?	<분류>1</분류> <판단>바람직하다</판단>
[도덕_문장]: 병원에서 고지혈증과 고혈압 진단을 받고 뱃살을 빼라고 했는데, 무릎이 안 좋아 운동하기 힘들어서 과연 살을 뺄 수 있을지 불안했다. 이처럼, 신체 활동이 힘든 상황에서 담당 의료진과 상의하여 대안을 찾는 것은 좋은가?	<분류>1</분류> <판단>좋다</판단>
[도덕_문장]: 귀를 자주 파면 안 된다는 것을 알고 있었지만 스트레스 해소를 위해 매일 귀를 팠더니 고름이 나와서 후회스럽고 불안했다. 이런 상황에서, 스트레스 해소를 위해 위생에 좋지 않은 행동을 반복하는 것은 어떠한가?	<분류>-1</분류> <판단>바람직하지 않다</판단>
[도덕_문장]: 귀를 자주 파면 안 된다는 것을 알고 있었지만 스트레스 해소를 위해 매일 귀를 팠더니 고름이 나와서 후회스럽고 불안했다. 이런 경우에, 스트레스 해소를 위해 몸에 해롭거나 잘못된 방법을 선택하는 것은 어떠한가?	<분류>-1</분류> <판단>안 되다</판단>
[도덕_문장]: 귀를 자주 파면 안 된다는 것을 알고 있었지만 스트레스 해소를 위해 매일 귀를 팠더니 고름이 나와서 후회스럽고 불안했다. 이런 상황에서, 스트레스 해소를 위해 건강에 해로운 행동을 반복하는 것은 좋지 않은 행동인가?	<분류>-1</분류> <판단>좋지 않다</판단>
[도덕_문장]: 면접에서 말이 너무 빨라져서 면접관이 몇 번이나 되물었는데, 오랜 습관을 하루아침에 고치기 어려워 다음 면접들이 걱정되었다. 이처럼, 면접자의 말을 주의 깊게 듣고, 이해가 가지 않을 경우 물어보는 것은 옳지 않은가?	<분류>1</분류> <판단>옳다</판단>
[도덕_문장]: 면접에서 말이 너무 빨라져서 면접관이 몇 번이나 되물었는데, 오랜 습관을 하루아침에 고치기 어려워 다음 면접들이 걱정되었다. 이처럼, 면접에서 말이 너무 빠르다고 지적받았을 때 자신의 말 속도를 조절하려고 노력하는 것은 나쁜가?	<분류>1</분류> <판단>좋다</판단>
[도덕_문장]: 면접에서 말이 너무 빨라져서 면접관이 몇 번이나 되물었는데, 오랜 습관을 하루아침에 고치기 어려워 다음 면접들이 걱정되었다. 이런 상황에서, 면접에서 면접관이 이해할 수 있는 속도로 말하는 것은 나쁜 행동인가?	<분류>1</분류> <판단>좋다</판단>
[도덕_문장]: 운전면허 시험 난이도가 갑자기 높아져서 더 어려워졌는데, 쉬울 때 합격한 사람들은 그대로 두고 나만 더 힘들게 시험을 봐야 하는 상황이 억울하고 불공평하다고 생각했다. 이렇게, 시험 난이도에 불만이 있을 때 공식적으로 이의를 제기하는 것은 일반적인가?	<분류>1</분류> <판단>할 수 있다</판단>
[도덕_문장]: 회사 프로젝트에서 큰 실수로 손해를 발생시켰는데, 내일 상사에게 불려갈 것이 두려워 사표를 내고 도망치고 싶었지만 정직하게 인정하고 수습해야 할지 고민했다. 이런 상황일 때, 잘못을 인정하는 것은 적절하지 않은가?	<분류>1</분류> <판단>바람직하다</판단>
[도덕_문장]: 회사 프로젝트에서 큰 실수로 손해를 발생시켰는데, 내일 상사에게 불려갈 것이 두려워 사표를 내고 도망치고 싶었지만 정직하게 인정하고 수습해야 할지 고민했다. 이런 상황일 때, 회사에서 발생한 문제를 회피하지 않고, 문제를 해결하기 위해 정직하게 인정하고 노력하는 것은 어떠한가?	<분류>1</분류> <판단>해야 한다</판단>
[도덕_문장]: 회사 프로젝트에서 큰 실수로 손해를 발생시켰는데, 내일 상사에게 불려갈 것이 두려워 사표를 내고 도망치고 싶었지만 정직하게 인정하고 수습해야 할지 고민했다. 이러한 상황에서, 직장에서 실수를 솔직하게 인정하고 책임을 지는 것은 바람직하지 않은 행동인가?	<분류>1</분류> <판단>바람직하다</판단>
[도덕_문장]: 딸이 영재라는 검사 결과가 나왔지만 경제적 여건이 넉넉하지 않아 영재 학원이나 특별한 교육을 제대로 뒷받침해줄 수 없을까 봐 걱정되었다. 이런 상황에서, 부모가 자식에게 충분한 지원을 해주지 못해 죄책감을 느끼는 것은 어떠한가?	<분류>0</분류> <판단>이해된다</판단>
[도덕_문장]: 딸이 영재라는 검사 결과가 나왔지만 경제적 여건이 넉넉하지 않아 영재 학원이나 특별한 교육을 제대로 뒷받침해줄 수 없을까 봐 걱정되었다. 이런 상황에서, 자녀의 성장 가능성을 인정하고 가정 여건에 맞게 최선을 다하는 것은 바람직한 행동인가?	<분류>1</분류> <판단>바람직하다</판단>
[도덕_문장]: 좁은 공간에서 불안증상이 나타났을 때 집으로 돌아가고 싶었지만, 계속 이런 식으로 회피하며 살 수는 없다는 생각에 최대한 버텨보기로 했다. 이처럼, 불안감이 느껴질 때 회피하지 않고 직면하려는 것은 정당하지 않은 행동인가?	<분류>1</분류> <판단>옳다</판단>
[도덕_문장]: 좁은 공간에서 불안증상이 나타났을 때 집으로 돌아가고 싶었지만, 계속 이런 식으로 회피하며 살 수는 없다는 생각에 최대한 버텨보기로 했다. 이러한 상황에서, 자신의 상태를 이해하고 적절하게 조치하는 것은 적절하지 않은가?	<분류>1</분류> <판단>바람직하다</판단>
[도덕_문장]: 좁은 공간에서 불안증상이 나타났을 때 집으로 돌아가고 싶었지만, 계속 이런 식으로 회피하며 살 수는 없다는 생각에 최대한 버텨보기로 했다. 이렇게, 불안 증상이 나타날 때 적절한 대처를 하는 것은 어떠한가?	<분류>1</분류> <판단>해야 한다</판단>
[도덕_문장]: 열이 나고 목이 아픈 증상이 있어서 코로나일 수도 있다고 생각했지만, 엄마를 걱정시키고 싶지 않아서 말씀드릴지 고민하다가 결국 연락했다. 이렇게, 자녀가 아픈 증상을 보일 때 자녀가 말하는 것을 믿는 것은 바람직하지 않은가?	<분류>1</분류> <판단>바람직하다</판단>
[도덕_문장]: 열이 나고 목이 아픈 증상이 있어서 코로나일 수도 있다고 생각했지만, 엄마를 걱정시키고 싶지 않아서 말씀드릴지 고민하다가 결국 연락했다. 이처럼, 자녀의 건강 상태를 확인하고 필요한 경우 적극적인 조치를 취하는 것은 바람직하지 않은 행동인가?	<분류>1</분류> <판단>바람직하다</판단>
[도덕_문장]: 열이 나고 목이 아픈 증상이 있어서 코로나일 수도 있다고 생각했지만, 엄마를 걱정시키고 싶지 않아서 말씀드릴지 고민하다가 결국 연락했다. 이렇게, 가족에게 증상이 있을 경우 솔직하게 말하는 것은 바람직하지 않은가?	<분류>1</분류> <판단>바람직하다</판단>
[도덕_문장]: 열이 나고 목이 아픈 증상이 있어서 코로나일 수도 있다고 생각했지만, 엄마를 걱정시키고 싶지 않아서 말씀드릴지 고민하다가 결국 연락했다. 이렇게, 자녀가 어려움을 이야기할 때 진지하게 들어주는 것은 권장되는가?	<분류>1</분류> <판단>해야 한다</판단>
[도덕_문장]: 열이 나고 목이 아픈 증상이 있어서 코로나일 수도 있다고 생각했지만, 엄마를 걱정시키고 싶지 않아서 말씀드릴지 고민하다가 결국 연락했다. 이처럼, 자녀가 건강 문제를 겪을 때 적절한 조치를 취하는 것은 의무가 아닌가?	<분류>1</분류> <판단>해야 한다</판단>
[도덕_문장]: 방에 바퀴벌레가 나타나서 무서워 할머니께 도움을 요청했는데, 방역비용이 많이 들 것 같아 부담을 드리는 것 같아서 미안했다. 이렇게, 집에 바퀴벌레가 나타났을 때 방역 서비스를 이용하는 것은 의무인가?	<분류>1</분류> <판단>해야 한다</판단>
[도덕_문장]: 방에 바퀴벌레가 나타나서 무서워 할머니께 도움을 요청했는데, 방역비용이 많이 들 것 같아 부담을 드리는 것 같아서 미안했다. 이처럼, 가족 내 문제 해결 시 서로의 노력과 상황을 존중하는 자세를 가지는 것은 권장되는가?	<분류>1</분류> <판단>가져야 한다</판단>
[도덕_문장]: 방에 바퀴벌레가 나타나서 무서워 할머니께 도움을 요청했는데, 방역비용이 많이 들 것 같아 부담을 드리는 것 같아서 미안했다. 이런 경우에, 할머니의 재정적 부담을 배려하는 것은 권장되지 않는가?	<분류>1</분류> <판단>해야 한다</판단>
[도덕_문장]: 방에 바퀴벌레가 나타나서 무서워 할머니께 도움을 요청했는데, 방역비용이 많이 들 것 같아 부담을 드리는 것 같아서 미안했다. 이처럼, 방역 서비스를 이용할 때 비용을 고려해 요청하는 것은 문제없는가?	<분류>1</분류> <판단>문제 없다</판단>
[도덕_문장]: 방에 바퀴벌레가 나타나서 무서워 할머니께 도움을 요청했는데, 방역비용이 많이 들 것 같아 부담을 드리는 것 같아서 미안했다. 이런 상황일 때, 가족 내에서 서로의 부담을 나누고 배려하는 것은 나쁘지 않은가?	<분류>1</분류> <판단>좋다</판단>
[도덕_문장]: 사춘기 딸이 친구들이 다 했다며 성형수술을 해달라고 하는데, 안전성이 걱정되어 반대하고 싶지만 딸이 상처받거나 친구들에게 소외될까 봐 고민이다. 이런 상황에서, 자신의 외모를 바꾸기로 결정하고, 그 선택을 부모님과 친구들과 충분히 상의하고 고민하는 것은 적절하지 않은가?	<분류>1</분류> <판단>바람직하다</판단>
[도덕_문장]: 백화점에서 마음에 드는 원피스를 발견했지만 가격이 비싸서 나 자신을 위한 소비와 가족을 위한 절약 사이에서 고민했다. 이렇게, 가족의 경제적 상황을 고려해 신중하게 소비를 결정하는 것은 바람직하지 않은가?	<분류>1</분류> <판단>바람직하다</판단>
[도덕_문장]: 백화점에서 마음에 드는 원피스를 발견했지만 가격이 비싸서 나 자신을 위한 소비와 가족을 위한 절약 사이에서 고민했다. 이런 상황일 때, 가족에 대한 경제적 책임을 인정하고, 현재의 소비와 미래의 가치를 함께 고려하는 태도를 가지는 것은 권장되지 않는가?	<분류>1</분류> <판단>가져야 한다</판단>
[도덕_문장]: 백화점에서 마음에 드는 원피스를 발견했지만 가격이 비싸서 나 자신을 위한 소비와 가족을 위한 절약 사이에서 고민했다. 이렇게, 자신의 필요와 상황에 맞게 소비를 결정하는 것은 바람직한가?	<분류>0</분류> <판단>바람직하다</판단>
[도덕_문장]: 아버지가 당뇨인데도 과일을 너무 많이 드시는 것 같아서 건강을 위해 말씀드려야 할지, 아니면 술도 끊으시고 운동도 하시는데 과일까지 제한하면 너무 스트레스를 받으실까 봐 말하지 말아야 할지 고민했다. 이런 상황일 때, 가족이 개인의 건강을 고려해 말하는 것은 옳은 행동인가?	<분류>1</분류> <판단>괜찮다</판단>
[도덕_문장]: 아들이 게임을 너무 많이 해서 제한을 두고 싶지만 반항심을 일으킬까 봐 어떻게 접근해야 할지 고민이 된다. 이럴 때, 자녀의 성장과 정서 발달을 고려해 적절한 규칙을 설정하는 것은 어떠한가?	<분류>1</분류> <판단>필요하다</판단>
[도덕_문장]: 아들이 게임을 너무 많이 해서 제한을 두고 싶지만 반항심을 일으킬까 봐 어떻게 접근해야 할지 고민이 된다. 이러한 상황에서, 자녀의 생활 영역을 존중하고 함께 합의하는 방식으로 규칙을 정하는 것은 권장되는가?	<분류>1</분류> <판단>해야 한다</판단>
[도덕_문장]: 아들이 게임을 너무 많이 해서 제한을 두고 싶지만 반항심을 일으킬까 봐 어떻게 접근해야 할지 고민이 된다. 이런 상황에서, 부모가 자녀의 생활을 일방적으로 통제하기보다 대화를 통해 합의점을 찾는 것은 바람직한가?	<분류>1</분류> <판단>바람직하다</판단>
[도덕_문장]: 아들이 게임을 너무 많이 해서 제한을 두고 싶지만 반항심을 일으킬까 봐 어떻게 접근해야 할지 고민이 된다. 이런 경우에, 자녀와 관련된 갈등이나 문제를 대화를 통해 풀어나가는 것은 나쁜 행동인가?	<분류>1</분류> <판단>좋다</판단>
[도덕_문장]: 아들이 게임을 너무 많이 해서 제한을 두고 싶지만 반항심을 일으킬까 봐 어떻게 접근해야 할지 고민이 된다. 이러한 상황에서, 자녀의 스마트폰 게임을 제한하는 것은 어떠한가?	<분류>0</분류> <판단>정당한 권리이다</판단>
[도덕_문장]: 업무에서 주문 수량을 잘못 입력해 500개를 주문하는 큰 실수를 했는데, 이사에게 보고해야 하는 상황에서 실수를 숨기고 싶은 마음과 정직하게 보고해야 한다는 의무감 사이에서 갈등했다. 이럴 때, 업무에서 발생한 실수를 숨기려는 것은 적절한가?	<분류>-1</분류> <판단>바람직하지 않다</판단>
[도덕_문장]: 업무에서 주문 수량을 잘못 입력해 500개를 주문하는 큰 실수를 했는데, 이사에게 보고해야 하는 상황에서 실수를 숨기고 싶은 마음과 정직하게 보고해야 한다는 의무감 사이에서 갈등했다. 이런 상황일 때, 직장에서 실수 발생 시 사실대로 보고하는 것은 해도 되는가?	<분류>1</분류> <판단>해야 한다</판단>
[도덕_문장]: 업무에서 주문 수량을 잘못 입력해 500개를 주문하는 큰 실수를 했는데, 이사에게 보고해야 하는 상황에서 실수를 숨기고 싶은 마음과 정직하게 보고해야 한다는 의무감 사이에서 갈등했다. 이렇게, 잘못을 인지했을 경우 이를 숨기지 않고 보고하는 것은 옳지 않은 행동인가?	<분류>1</분류> <판단>옳다</판단>
[도덕_문장]: 우리 딸이 승부욕이 강해서 게임에서 질 때마다 친구들과 싸우는데, 이런 성향을 그대로 두고 성장을 기다릴지 아니면 적극적으로 교정해야 할지 고민이다. 이런 경우에, 승부욕이 강해서 타인을 무례하게 대하는 것은 옳지 않은가?	<분류>-1</분류> <판단>옳지 않다</판단>
[도덕_문장]: 우리 딸이 승부욕이 강해서 게임에서 질 때마다 친구들과 싸우는데, 이런 성향을 그대로 두고 성장을 기다릴지 아니면 적극적으로 교정해야 할지 고민이다. 이처럼, 아이가 갈등을 겪을 때 대화를 통해 상황을 파악하고 적절한 조언을 해주는 것은 적절한가?	<분류>1</분류> <판단>바람직하다</판단>
[도덕_문장]: 우리 딸이 승부욕이 강해서 게임에서 질 때마다 친구들과 싸우는데, 이런 성향을 그대로 두고 성장을 기다릴지 아니면 적극적으로 교정해야 할지 고민이다. 이처럼, 친구와 다투었을 때 감정적으로 대응하는 것은 괜찮지 않은가?	<분류>-1</분류> <판단>좋지 않다</판단>
[도덕_문장]: 이직 준비를 비밀로 하고 있었는데 면접 장소에서 회사 차장님과 마주쳐서 들킬까 봐 걱정되지만 아무 일 없었던 척해야 할지 고민했다. 이럴 때, 이직을 준비하더라도 회사와 동료에게 예의를 지키며 업무에 집중하는 것은 바람직하지 않은가?	<분류>1</분류> <판단>바람직하다</판단>
[도덕_문장]: 이직 준비를 비밀로 하고 있었는데 면접 장소에서 회사 차장님과 마주쳐서 들킬까 봐 걱정되지만 아무 일 없었던 척해야 할지 고민했다. 이럴 때, 개인의 사생활을 비밀로 유지하는 것은 바람직하지 않은가?	<분류>1</분류> <판단>바람직하다</판단>
[도덕_문장]: 딸이 연인과 헤어져 우울해하는 모습을 보며 과보호를 할지 성인으로서 스스로 극복하도록 지켜볼지 고민했다. 이렇게, 자녀가 우울해할 때 적절한 조언이나 위로를 건내는 것은 권장되는가?	<분류>1</분류> <판단>필요하다</판단>
[도덕_문장]: 딸이 연인과 헤어져 우울해하는 모습을 보며 과보호를 할지 성인으로서 스스로 극복하도록 지켜볼지 고민했다. 이런 상황일 때, 자녀의 연애 경험에 대한 의견을 강요하지 않는 것은 바람직하지 않은가?	<분류>1</분류> <판단>바람직하다</판단>
[도덕_문장]: 친구들과의 글램핑에서 내가 고기를 담당하기로 했는데 택배가 늦어져서 친구들이 재촉하자 아직 안 왔다고 솔직히 말할지 다른 핑계를 댈지 고민했다. 이처럼, 계획된 일정에 차질이 생겼을 때 솔직하게 상황을 설명하고 양해를 구하는 것은 잘못된 행동인가?	<분류>1</분류> <판단>옳다</판단>
[도덕_문장]: 친구들과의 글램핑에서 내가 고기를 담당하기로 했는데 택배가 늦어져서 친구들이 재촉하자 아직 안 왔다고 솔직히 말할지 다른 핑계를 댈지 고민했다. 이처럼, 글램핑 준비로 인해 곤란함을 겪는 상황에서 미리 상황을 전달하고 도움을 요청하는 것은 괜찮지 않은가?	<분류>1</분류> <판단>좋다</판단>
[도덕_문장]: 친구들과의 글램핑에서 내가 고기를 담당하기로 했는데 택배가 늦어져서 친구들이 재촉하자 아직 안 왔다고 솔직히 말할지 다른 핑계를 댈지 고민했다. 이렇게, 친구들의 재촉에 솔직하게 상황을 전달하는 것은 나쁜 행동인가?	<분류>1</분류> <판단>좋다</판단>
[도덕_문장]: 친구들과의 글램핑에서 내가 고기를 담당하기로 했는데 택배가 늦어져서 친구들이 재촉하자 아직 안 왔다고 솔직히 말할지 다른 핑계를 댈지 고민했다. 이렇게, 맡은 역할이 늦어져 재촉을 받더라도 솔직하게 상황을 전달하는 것은 적절한가?	<분류>1</분류> <판단>바람직하다</판단>
[도덕_문장]: 친구들과의 글램핑에서 내가 고기를 담당하기로 했는데 택배가 늦어져서 친구들이 재촉하자 아직 안 왔다고 솔직히 말할지 다른 핑계를 댈지 고민했다. 이런 상황에서, 글램핑이나 여행에서 각자 맡은 역할을 책임 있게 수행하는 것은 나쁘지 않은 행동인가?	<분류>1</분류> <판단>좋다</판단>
[도덕_문장]: 오랜만에 버스를 타고 시내에 나갔는데 20분도 안 되어 심한 멀미가 올라와서 버스 안에서 실수할까 봐 불안했지만 참아내느라 혼났다. 이렇게, 버스 안에서 멀미가 나서 불편한 상황에서 다른 사람에게 피해를 주지 않도록 주의하는 것은 바람직한가?	<분류>1</분류> <판단>바람직하다</판단>
[도덕_문장]: 오랜만에 버스를 타고 시내에 나갔는데 20분도 안 되어 심한 멀미가 올라와서 버스 안에서 실수할까 봐 불안했지만 참아내느라 혼났다. 이처럼, 대중교통에서 타인에게 불편을 주는 상황을 최소화하기 위해 배려하는 것은 권장되지 않는가?	<분류>1</분류> <판단>필요하다</판단>
[도덕_문장]: 출장으로 인한 비행기 지연 때문에 아들의 첫 연주회에 참석하지 못하게 되어, 일과 가족 사이에서 또다시 아이에게 상처를 줄까 봐 걱정되었다. 이처럼, 자녀의 중요한 순간에 함께하지 못할 상황이라면 자녀에게 상황을 자세히 설명하는 것은 괜찮지 않은가?	<분류>1</분류> <판단>좋다</판단>
[도덕_문장]: 아들이 일본인과 결혼해서 일본에서 살겠다고 하는데, 축하해주고 싶지만 언어와 문화가 다른 타지에서 잘 적응할 수 있을지 걱정되어 마음이 복잡했다. 이런 상황에서, 자녀의 결정을 존중하는 것은 좋은 행동인가?	<분류>1</분류> <판단>좋다</판단>
[도덕_문장]: 아들이 일본인과 결혼해서 일본에서 살겠다고 하는데, 축하해주고 싶지만 언어와 문화가 다른 타지에서 잘 적응할 수 있을지 걱정되어 마음이 복잡했다. 이렇게, 자녀의 결혼으로 마음이 복잡해졌을 때 감정을 솔직하게 말하는 것은 옳지 않은가?	<분류>1</분류> <판단>괜찮다</판단>
[도덕_문장]: 아들이 일본인과 결혼해서 일본에서 살겠다고 하는데, 축하해주고 싶지만 언어와 문화가 다른 타지에서 잘 적응할 수 있을지 걱정되어 마음이 복잡했다. 이런 상황일 때, 가족 구성원의 결정을 존중하고 조언과 우려를 조심스럽게 표현하는 것은 적절하지 않은가?	<분류>1</분류> <판단>바람직하다</판단>
[도덕_문장]: 성인이 된 아들이 부모와 상의 없이 한국 국적을 포기했다고 연락해와서 아들의 판단력을 믿고 지지해야 할지 아니면 섣부른 결정이라며 개입해야 할지 고민했다. 이러한 상황에서, 자식의 일은 잘 모르더라도 부모로서 판단하려 노력하는 것은 나쁘지 않은 행동인가?	<분류>1</분류> <판단>좋다</판단>
[도덕_문장]: 성인이 된 아들이 부모와 상의 없이 한국 국적을 포기했다고 연락해와서 아들의 판단력을 믿고 지지해야 할지 아니면 섣부른 결정이라며 개입해야 할지 고민했다. 이런 상황에서, 부모가 자녀의 국적 결정 과정에 개입하고 지원하는 것은 의무인가?	<분류>1</분류> <판단>해야 한다</판단>
[도덕_문장]: 은퇴 후 무기력함을 달래기 위해 정성껏 키우던 식물들이 화분 갈이 후 시들어가자, 내 잘못으로 식물들이 죽을까봐 불안하면서도 다시 실패할까봐 두려워 식물 키우기를 포기할지 고민했다. 이렇게, 상처를 받았을 때 자신의 감정을 차분하게 정리하며 다음 선택을 준비하는 것은 좋은가?	<분류>1</분류> <판단>좋다</판단>
[도덕_문장]: 아이들이 정상 등교하면서 필요 없어진 노트북을 중고로 팔려고 하는데, 전자제품 특성상 나중에 구매자가 문제를 제기할까봐 불안해서 거래를 진행할지 말지 고민했다. 이러한 상황에서, 중고거래시 판매자가 물건의 상태를 정확히 알려주는 것은 정당하지 않은 행동인가?	<분류>1</분류> <판단>옳다</판단>
[도덕_문장]: 아이들이 정상 등교하면서 필요 없어진 노트북을 중고로 팔려고 하는데, 전자제품 특성상 나중에 구매자가 문제를 제기할까봐 불안해서 거래를 진행할지 말지 고민했다. 이렇게, 중고 전자제품을 거래할 때 제품 상태에 대해 솔직하게 공유하는 것은 바람직한 행동인가?	<분류>1</분류> <판단>적절하다</판단>
[도덕_문장]: 오미크론 후유증으로 몸이 무기력하고 우울한데 가족에게 집안일을 더 부담시키는 것이 미안해서 아픈 티를 내지 말고 참아야 할지 고민했다. 이처럼, 건강이 좋지 않아 집안일에 부담을 줄 경우, 상대방에게 상황을 설명하고 부담을 줄이기 위한 배려나 조치를 요청하는 것은 바람직한가?	<분류>1</분류> <판단>바람직하다</판단>
[도덕_문장]: 오미크론 후유증으로 몸이 무기력하고 우울한데 가족에게 집안일을 더 부담시키는 것이 미안해서 아픈 티를 내지 말고 참아야 할지 고민했다. 이런 상황일 때, 자신의 건강 상태를 가족에게 알려주고 도움을 요청하는 것은 바람직한 행동인가?	<분류>1</분류> <판단>바람직하다</판단>
[도덕_문장]: 물가가 오르면서 계란 가격이 부담스러워졌는데, 가족의 건강을 위해 필요한 식재료를 사야 할지 가계 부담을 줄이기 위해 포기해야 할지 고민이 되었다. 이런 상황에서, 가족의 건강을 위해 필요한 것을 지출하는 것은 바람직한 행동인가?	<분류>1</분류> <판단>바람직하다</판단>
[도덕_문장]: 물가가 오르면서 계란 가격이 부담스러워졌는데, 가족의 건강을 위해 필요한 식재료를 사야 할지 가계 부담을 줄이기 위해 포기해야 할지 고민이 되었다. 이런 경우에, 경제적 어려움 속에서도 가족의 건강을 위해 필요한 식재료를 구매하는 것은 바람직한 행동인가?	<분류>1</분류> <판단>바람직하다</판단>
[도덕_문장]: 물가가 오르면서 계란 가격이 부담스러워졌는데, 가족의 건강을 위해 필요한 식재료를 사야 할지 가계 부담을 줄이기 위해 포기해야 할지 고민이 되었다. 이처럼, 가족 구성원의 건강과 관련된 식재료를 구매할 때 건강을 먼저 고려하는 것은 좋지 않은가?	<분류>1</분류> <판단>좋다</판단>
[도덕_문장]: 집에 물이 새고 있어서 윗집 주민에게 확인을 요청해야 하는데, 아직 집에 들어오지 않은 상황에서 경비실을 통해 개인 연락처로 연락을 드려야 할지 고민했다. 이렇게, 불편한 일이 발생했을 때 자신의 행동을 상대방이 이해할 수 있도록 소통하는 것은 필요하지 않은가?	<분류>1</분류> <판단>필요하다</판단>
[도덕_문장]: 아버지께서 재혼을 하신다고 하는데 좋은 일인 줄 알면서도 상속이나 법적 보호자 문제 등 현실적인 걱정 때문에 마음 편히 축하해드리지 못하겠다. 이런 경우에, 부모의 재혼에 반대하는 것은 어떠한가?	<분류>0</분류> <판단>잘못된 행동이 아니다</판단>
[도덕_문장]: 아버지께서 재혼을 하신다고 하는데 좋은 일인 줄 알면서도 상속이나 법적 보호자 문제 등 현실적인 걱정 때문에 마음 편히 축하해드리지 못하겠다. 이런 경우에, 자녀가 부모님의 재혼에 대해 걱정할 수 있다는 점을 이해하는 것은 필수적인가?	<분류>1</분류> <판단>해야 한다.</판단>
[도덕_문장]: 첫 전시회 준비로 바빠서 아이들과 시간을 보내지 못해 이기적이라는 생각이 들었지만, 가족들은 오히려 나를 응원하고 있어서 죄책감과 고마움 사이에서 복잡한 마음이 들었다. 이처럼, 부모가 일정 때문에 가족과 시간을 보내지 못하더라도 이해하는 것은 바람직하지 않은가?	<분류>1</분류> <판단>바람직하다</판단>
[도덕_문장]: 좋아하는 일을 하게 되어 기뻤는데 회사에서 갑자기 월급이 밀린다고 통보해서 그만둘지 계속할지 고민했다. 이럴 때, 정당한 사유 없이 임금을 지급하지 않는 것은 어떠한가?	<분류>-1</분류> <판단>바람직하지 않다</판단>
[도덕_문장]: 좋아하는 일을 하게 되어 기뻤는데 회사에서 갑자기 월급이 밀린다고 통보해서 그만둘지 계속할지 고민했다. 이런 상황일 때, 회사가 급여 관련 문제를 직원에게 미리 알려주는 것은 해도 되는가?	<분류>1</분류> <판단>해야 한다</판단>
[도덕_문장]: 아버지가 신용불량자가 되어 내 카드를 드렸는데, 연인에게 여행 숙소 결제를 부탁해야 하는 상황이 되어 가족 사정을 말하기가 부끄럽고 미안했다. 이런 상황에서, 가족에게 개인 카드를 주는 것은 일반적인가?	<분류>-1</분류> <판단>안 된다</판단>
[도덕_문장]: 가게 월세를 석 달째 못 내고 있는 상황에서 임대인에게 사정을 말하고 도움을 요청해야 하는지, 아니면 그냥 가게를 포기하고 도망가야 할지 고민했다. 이처럼, 개인적으로 부담하기 어려운 상황에서 임대인에게 사정을 설명하는 것은 바람직한 행동인가?	<분류>1</분류> <판단>바람직하다</판단>
[도덕_문장]: 가게 월세를 석 달째 못 내고 있는 상황에서 임대인에게 사정을 말하고 도움을 요청해야 하는지, 아니면 그냥 가게를 포기하고 도망가야 할지 고민했다. 이렇게, 월세를 내지 않는 임차인에게 상황을 잘 설명하고 기다리는 것은 좋은 행동인가?	<분류>1</분류> <판단>좋은 태도이다</판단>
[도덕_문장]: 가게 월세를 석 달째 못 내고 있는 상황에서 임대인에게 사정을 말하고 도움을 요청해야 하는지, 아니면 그냥 가게를 포기하고 도망가야 할지 고민했다. 이럴 때, 자신의 실수로 생긴 문제를 해결하기 위해 노력하는 것은 좋지 않은가?	<분류>1</분류> <판단>좋다.</판단>
[도덕_문장]: 가게 월세를 석 달째 못 내고 있는 상황에서 임대인에게 사정을 말하고 도움을 요청해야 하는지, 아니면 그냥 가게를 포기하고 도망가야 할지 고민했다. 이처럼, 가게 월세를 내지 못하는 사정이 있을 때 임대인에게 사정을 설명하고 이해를 구하는 것은 바람직하지 않은가?	<분류>1</분류> <판단>바람직하다</판단>
[도덕_문장]: 가게 월세를 석 달째 못 내고 있는 상황에서 임대인에게 사정을 말하고 도움을 요청해야 하는지, 아니면 그냥 가게를 포기하고 도망가야 할지 고민했다. 이런 상황일 때, 계약 관계에서 상호 존중을 바탕으로 계약 이행을 이행하도록 노력하는 것은 권장되는가?	<분류>1</분류> <판단>해야 한다</판단>
[도덕_문장]: 퇴근길에 신호위반 차량에 치일 뻔한 후 과거 뺑소니 사고 트라우마가 되살아나 불안해하는데, 남자친구는 시간이 해결해줄 거라며 위로하지만 당장의 고통을 어떻게 극복해야 할지 막막했다. 이럴 때, 상대방의 고통을 이해하지 못하고 시간이 해결해 줄 거라며 가볍게 말하는 것은 잘못된 행동인가?	<분류>-1</분류> <판단>옳지 않다</판단>
[도덕_문장]: 독서토론 모임에 가입했는데 다른 사람들보다 책을 적게 읽어서 실력이 부족할까 봐 불안하지만, 이미 시작한 일이라 포기할 수도 없어서 고민이다. 이런 상황일 때, 독서토론 모임에서 책을 읽지 못하더라도 다른 사람들에게 피해를 주지 않는 것은 잘못된 행동인가?	<분류>0</분류> <판단>괜찮다</판단>
[도덕_문장]: 등산 중 다리를 접질려 위험한 상황을 겪었는데, 앞으로도 등산을 계속할지 안전을 위해 포기할지 고민이 된다. 이런 상황에서, 위험이 예상되는 등산을 포기하는 것은 어떠한가?	<분류>1</분류> <판단>좋다</판단>
[도덕_문장]: 등산 중 다리를 접질려 위험한 상황을 겪었는데, 앞으로도 등산을 계속할지 안전을 위해 포기할지 고민이 된다. 이럴 때, 안전을 위해 등산을 포기하는 것은 정당한 행동인가?	<분류>1</분류> <판단>옳다.</판단>
[도덕_문장]: 3개월 동안 열심히 운동하며 간식을 끊고 있었는데 트레이너 몰래 달콤한 케이크를 먹어버려서 그동안의 노력이 수포로 돌아갈까 봐 죄책감과 불안감에 시달렸다. 이러한 상황에서, 운동 목표에 위배되는 간식을 먹은 후 스스로 관리하지 못한 부분을 인정하고, 다음에 더 잘하도록 노력하는 것은 나쁘지 않은가?	<분류>1</분류> <판단>좋다.</판단>
[도덕_문장]: 손목 염증으로 통원 치료를 받아야 하는 상황에서 쌓인 주문들을 제때 완성하지 못해 단골 고객들과의 신뢰가 무너질까 봐 걱정되지만 몸이 아픈데도 무리해서 수공예 작업을 계속해야 할지 고민했다. 이렇게, 자신의 건강을 이유로 작업을 멈출 때, 고객과 솔직하게 소통하여 오해를 방지하는 것은 적절한가?	<분류>1</분류> <판단>바람직하다</판단>
[도덕_문장]: 손목 염증으로 통원 치료를 받아야 하는 상황에서 쌓인 주문들을 제때 완성하지 못해 단골 고객들과의 신뢰가 무너질까 봐 걱정되지만 몸이 아픈데도 무리해서 수공예 작업을 계속해야 할지 고민했다. 이렇게, 아픈 상황에서 무리하지 않고 치료에 집중하는 것은 정당한 행동인가?	<분류>1</분류> <판단>옳다</판단>
[도덕_문장]: 친구들이 모두 결혼해서 나만 혼자 남겨진 것 같아 조급한 마음에 연인에게 결혼 준비를 재촉하고 싶지만 상대방에게 부담을 줄까봐 고민했다. 이런 경우에, 연인에게 상대방의 심리적 압박과 불안을 느끼게 하지 않는 것은 괜찮지 않은가?	<분류>1</분류> <판단>좋다</판단>
[도덕_문장]: 친구들이 모두 결혼해서 나만 혼자 남겨진 것 같아 조급한 마음에 연인에게 결혼 준비를 재촉하고 싶지만 상대방에게 부담을 줄까봐 고민했다. 이런 상황에서, 연인에게 부담을 줄 수 있는 압박이나 재촉을 하는 것은 정당하지 않은 행동인가?	<분류>-1</분류> <판단>옳지 않다</판단>
[도덕_문장]: 친구들이 모두 결혼해서 나만 혼자 남겨진 것 같아 조급한 마음에 연인에게 결혼 준비를 재촉하고 싶지만 상대방에게 부담을 줄까봐 고민했다. 이럴 때, 상대방의 속도에 맞는 소통을 하는 것은 하면 안 되는가?	<분류>1</분류> <판단>해야 한다</판단>
[도덕_문장]: 친구들이 모두 결혼해서 나만 혼자 남겨진 것 같아 조급한 마음에 연인에게 결혼 준비를 재촉하고 싶지만 상대방에게 부담을 줄까봐 고민했다. 이럴 때, 결혼을 재촉하는 연인에게 거절하는 것은 해도 되는가?	<분류>1</분류> <판단>할 수 있다</판단>
[도덕_문장]: 친구들이 모두 결혼해서 나만 혼자 남겨진 것 같아 조급한 마음에 연인에게 결혼 준비를 재촉하고 싶지만 상대방에게 부담을 줄까봐 고민했다. 이럴 때, 사람마다 결혼에 대한 시기가 다르다는 것을 인정하는 것은 잘못된 행동인가?	<분류>1</분류> <판단>옳다</판단>
[도덕_문장]: 친구들이 모두 결혼해서 나만 혼자 남겨진 것 같아 조급한 마음에 연인에게 결혼 준비를 재촉하고 싶지만 상대방에게 부담을 줄까봐 고민했다. 이렇게, 자신의 상황에 대한 조급함을 이해하고 공감하면서도 상대방에게 부담을 주지 않도록 자신의 감정을 조절하는 것은 적절한가?	<분류>1</분류> <판단>바람직하다</판단>
[도덕_문장]: 친구들이 모두 결혼해서 나만 혼자 남겨진 것 같아 조급한 마음에 연인에게 결혼 준비를 재촉하고 싶지만 상대방에게 부담을 줄까봐 고민했다. 이런 상황에서, 남들에 비해 자신의 행동을 조심스럽게 결정하는 것은 어떠한가?	<분류>1</분류> <판단>옳다.</판단>
[도덕_문장]: 친구들이 모두 결혼해서 나만 혼자 남겨진 것 같아 조급한 마음에 연인에게 결혼 준비를 재촉하고 싶지만 상대방에게 부담을 줄까봐 고민했다. 이럴 때, 상대방의 선택을 일방적으로 바꾸지 않고 선택의 기한을 강요하지 않는 것은 나쁘지 않은 행동인가?	<분류>1</분류> <판단>좋다</판단>
[도덕_문장]: 친구들이 모두 결혼해서 나만 혼자 남겨진 것 같아 조급한 마음에 연인에게 결혼 준비를 재촉하고 싶지만 상대방에게 부담을 줄까봐 고민했다. 이처럼, 결婚에 대한 이야기가 필요할 때 대화의 주도권을 상대방에게 넘기는 것은 바람직한 행동인가?	<분류>1</분류> <판단>바람직하다</판단>
[도덕_문장]: 회의에서 대리님과 과장님이 의견 충돌로 편이 나뉘어 다투고 있는데, 신입사원인 내가 어느 편을 들어야 할지 몰라 불안했지만 결국 중재하려고 노력했다. 이런 경우에, 회의 중 직원들이 의견을 나누는 동안 상호 존중을 지키는 것은 잘못된 행동인가?	<분류>1</분류> <판단>옳다</판단>
[도덕_문장]: 회의에서 대리님과 과장님이 의견 충돌로 편이 나뉘어 다투고 있는데, 신입사원인 내가 어느 편을 들어야 할지 몰라 불안했지만 결국 중재하려고 노력했다. 이런 상황일 때, 의견이 맞지 않더라도 서로 존중하며 의견을 교환하는 것은 좋지 않은 행동인가?	<분류>1</분류> <판단>좋다</판단>
[도덕_문장]: 회의에서 대리님과 과장님이 의견 충돌로 편이 나뉘어 다투고 있는데, 신입사원인 내가 어느 편을 들어야 할지 몰라 불안했지만 결국 중재하려고 노력했다. 이런 경우에, 상대의 입장을 존중하며 대화를 통해 조율하는 것은 바람직하지 않은가?	<분류>1</분류> <판단>바람직하다</판단>
[도덕_문장]: 회의에서 대리님과 과장님이 의견 충돌로 편이 나뉘어 다투고 있는데, 신입사원인 내가 어느 편을 들어야 할지 몰라 불안했지만 결국 중재하려고 노력했다. 이렇게, 직장 내에서 동료간 갈등이 발생했을 때 중재를 통해 문제 해결을 바라는 것은 어떠한가?	<분류>1</분류> <판단>좋다</판단>
[도덕_문장]: 부모님이 사소한 일에도 과도하게 칭찬하셔서 부담스럽고 불안하지만, 사랑으로 하시는 말씀에 솔직한 마음을 표현하기가 죄송스럽고 용기가 나지 않았다. 이렇게, 자녀가 솔직한 마음을 전하기 힘들어할 때 자녀의 마음을 존중하며 칭찬의 강도를 조절하는 것은 적절한가?	<분류>1</분류> <판단>바람직하다</판단>
[도덕_문장]: 부모님이 사소한 일에도 과도하게 칭찬하셔서 부담스럽고 불안하지만, 사랑으로 하시는 말씀에 솔직한 마음을 표현하기가 죄송스럽고 용기가 나지 않았다. 이런 상황에서, 자녀가 부담을 느끼면 자녀의 감정을 공감하고 칭찬의 방식을 조절하는 것은 적절한가?	<분류>1</분류> <판단>바람직하다</판단>
[도덕_문장]: 집에 벌레가 생겨서 벌레 공포증 때문에 너무 무서웠지만 직접 처리할 수밖에 없어서 떨면서 벌레 퇴치약을 뿌렸다. 이렇게, 공포증 때문에 일상 생활에 지장이 있더라도 필요한 일을 하는 것은 나쁜 행동인가?	<분류>0</분류> <판단>좋다</판단>
[도덕_문장]: 집에 벌레가 생겨서 벌레 공포증 때문에 너무 무서웠지만 직접 처리할 수밖에 없어서 떨면서 벌레 퇴치약을 뿌렸다. 이렇게, 집에 해충이 발생했을 때 즉시 조치를 취하는 것은 의무가 아닌가?	<분류>1</분류> <판단>해야 한다</판단>
[도덕_문장]: 자주 가던 국숫집 사장님이 건강상 이유로 문을 닫았는데, 내가 너무 자주 찾아가서 사장님께 부담을 드린 것은 아닌지 불안하고 걱정된다. 이런 상황일 때, 자신의 행동이 상대방에게 부담을 주지 않도록 배려하는 것은 필요한가?	<분류>1</분류> <판단>중요하다</판단>
[도덕_문장]: 학생의 팔에 자주 멍이 들어있는 것을 발견했지만 학대를 의심하고 있다는 말을 직접적으로 꺼내기가 조심스러워서 어떻게 접근해야 할지 고민했다. 이렇게, 학대를 의심했을 때 부모나 보호자에게 도움을 요청하는 것은 적절하지 않은가?	<분류>1</분류> <판단>바람직하다</판단>
[도덕_문장]: 길치라서 항상 약속에 늦는 것이 부끄러워서 연인에게 솔직하게 말하지 못하고 다른 핑계를 대며 지내왔다. 이렇게, 연인과의 약속을 지키지 못할 때 솔직하게 말하는 것은 좋은 행동인가?	<분류>1</분류> <판단>좋다</판단>
[도덕_문장]: 길치라서 항상 약속에 늦는 것이 부끄러워서 연인에게 솔직하게 말하지 못하고 다른 핑계를 대며 지내왔다. 이럴 때, 연인에게 거짓말을 하는 것은 어떠한가?	<분류>-1</분류> <판단>안 되낟</판단>
[도덕_문장]: 친구가 입안이 심하게 헐어서 고생하고 있는데 병원 가기를 계속 미루고 있어서 더 강하게 병원에 가라고 재촉해야 할지 친구의 바쁜 상황을 이해하고 기다려야 할지 고민했다. 이처럼, 친구가 건강을 소홀히 할 경우 친구에게 조언해주는 것은 적절한가?	<분류>1</분류> <판단>바람직하다</판단>
[도덕_문장]: 친구가 입안이 심하게 헐어서 고생하고 있는데 병원 가기를 계속 미루고 있어서 더 강하게 병원에 가라고 재촉해야 할지 친구의 바쁜 상황을 이해하고 기다려야 할지 고민했다. 이처럼, 친구가 위험한 상황에 있을 때 조언을 통해 병원을 가라고 권유하는 것은 정당하지 않은 행동인가?	<분류>1</분류> <판단>옳다</판단>
[도덕_문장]: 친구가 입안이 심하게 헐어서 고생하고 있는데 병원 가기를 계속 미루고 있어서 더 강하게 병원에 가라고 재촉해야 할지 친구의 바쁜 상황을 이해하고 기다려야 할지 고민했다. 이런 경우에, 친구가 자신의 건강을 먼저 생각하는 것은 어떠한가?	<분류>1</분류> <판단>해야 한다</판단>
[도덕_문장]: 허리가 아픈 상태로 가족여행을 왔는데 부모님이 걱정하실까 봐 아픈 것을 숨기고 밝은 척하며 여행을 계속해야 할지 고민했다. 이처럼, 다른 사람이 건강상태에 대해 걱정하고 있을 때 솔직하게 이야기하는 것은 어떠한가?	<분류>1</분류> <판단>옳다</판단>
[도덕_문장]: 허리가 아픈 상태로 가족여행을 왔는데 부모님이 걱정하실까 봐 아픈 것을 숨기고 밝은 척하며 여행을 계속해야 할지 고민했다. 이런 경우에, 자녀의 건강 상태가 우려되면 자녀와 솔직하게 대화하는 것은 바람직하지 않은 행동인가?	<분류>1</분류> <판단>바람직하다</판단>
[도덕_문장]: 과제를 미리 완성해두었지만 마감 하루 전에 다시 보니 형편없어 보여서, 밤을 새워 다시 만들지 아니면 이대로 제출할지 고민했다. 이렇게, 자신의 역량 부족을 인지했을 때 최선을 다해 문제 해결을 시도하는 것은 적절하지 않은가?	<분류>1</분류> <판단>바람직하다</판단>
[도덕_문장]: 과제를 미리 완성해두었지만 마감 하루 전에 다시 보니 형편없어 보여서, 밤을 새워 다시 만들지 아니면 이대로 제출할지 고민했다. 이러한 상황에서, 마감일에 임박해서 과제를 확인하고 완성도를 높이는 것은 적절하지 않은가?	<분류>-1</분류> <판단>바람직하지 않다</판단>
[도덕_문장]: 과제를 미리 완성해두었지만 마감 하루 전에 다시 보니 형편없어 보여서, 밤을 새워 다시 만들지 아니면 이대로 제출할지 고민했다. 이처럼, 과제를 제출할 때 최선을 다해 준비하는 것은 좋지 않은 행동인가?	<분류>1</분류> <판단>좋다</판단>
[도덕_문장]: 딸이 재수생활로 스트레스를 받아 생리불순까지 생기는 상황에서, 다른 아이들이 학교 잘 다니는 모습을 보며 억울하고 복잡한 마음이 드는 것을 아이에게 들키지 않으려 애쓰고 있다. 이러한 상황에서, 학업 문제나 심리적인 스트레스가 있더라도 주변을 배려하는 것은 어떠한가?	<분류>1</분류> <판단>옳다</판단>
[도덕_문장]: 마흔이 넘은 아들이 결혼을 앞두고 있는데 경제적 준비가 부족해 보여서 도와주고 싶지만, 다른 자녀들과의 공평함을 생각하면 선뜻 지원하기 어려워 고민이다. 이런 경우에, 자녀의 경제적 독립을 지켜보면서 스스로 노력하도록 격려하는 것은 해도 되는가?	<분류>1</분류> <판단>해야 한다</판단>
[도덕_문장]: 마흔이 넘은 아들이 결혼을 앞두고 있는데 경제적 준비가 부족해 보여서 도와주고 싶지만, 다른 자녀들과의 공평함을 생각하면 선뜻 지원하기 어려워 고민이다. 이처럼, 부모가 자녀의 결혼 지원을 결정할 때 공정함을 고려하는 것은 어떠한가?	<분류>1</분류> <판단>해야 한다</판단>
[도덕_문장]: 음치라서 모임에서 노래 부르기를 피하고 싶지만, 분위기를 깨뜨릴까 봐 억지로 노래를 불러야 할지 고민했다. 이럴 때, 모임에서 노래를 부르고 싶지 않은 사람이 부르지 않는 것은 문제가 되지 않는 행동인가?	<분류>0</분류> <판단>괜찮다</판단>
[도덕_문장]: 음치라서 모임에서 노래 부르기를 피하고 싶지만, 분위기를 깨뜨릴까 봐 억지로 노래를 불러야 할지 고민했다. 이렇게, 자신의 상황을 이해해주는 주변 사람들 생각해서 억지로 행동하지 않는 것은 좋은가?	<분류>1</분류> <판단>좋은 행동이다</판단>
[도덕_문장]: 음치라서 모임에서 노래 부르기를 피하고 싶지만, 분위기를 깨뜨릴까 봐 억지로 노래를 불러야 할지 고민했다. 이러한 상황에서, 모임에서 분위기를 깨는 행동을 하지 않는 것은 어떠한가?	<분류>1</분류> <판단>되도 좋다</판단>
[도덕_문장]: 음치라서 모임에서 노래 부르기를 피하고 싶지만, 분위기를 깨뜨릴까 봐 억지로 노래를 불러야 할지 고민했다. 이럴 때, 모임에서 자신의 컨디션을 고려해 참여 여부를 판단하는 것은 적절하지 않은가?	<분류>0</분류> <판단>바람직하다</판단>
[도덕_문장]: 남편이 아들의 10분 늦은 귀가를 심하게 혼내는 모습을 보며, 아이를 보호해주고 싶지만 남편과 갈등을 피하고 싶어 적극적으로 나서지 못했다. 이런 상황에서, 부모가 자녀에게 신체적 정서적 폭력을 하는 것은 옳지 않은 행동인가?	<분류>-1</분류> <판단>옳지 않다</판단>
[도덕_문장]: 장례식장에 다녀온 후 집에 갓 태어난 손자가 있어서 미신을 믿지 않는 며느리에게는 말하기 어렵지만 액땜을 하고 들어가야 할지 고민했다. 이럴 때, 전통적인 관습이나 종교적 행위에 대해 강요하지 않는 것은 좋은 행동인가?	<분류>1</분류> <판단>좋다</판단>
[도덕_문장]: 공모전에 출품한 작품의 당선 여부가 너무 궁금해서 온종일 그 생각만 하며 불안에 시달리고 있는데, 마음을 비우고 결과에 연연하지 말아야 한다는 것을 알면서도 절실한 마음을 떨쳐낼 수가 없었다. 이런 경우에, 자신의 중요한 결정이나 결과에 대해 불안하더라도 감정을 조절하고 행동으로 옮기는 것은 좋지 않은 행동인가?	<분류>1</분류> <판단>좋다</판단>
[도덕_문장]: 소개팅 약속에 늦어서 상대방이 기분 나빠할까 봐 불안했지만, 교통체증으로 어쩔 수 없는 상황이라 솔직하게 말해야 할지 다른 핑계를 대야 할지 고민했다. 이러한 상황에서, 만나기로 한 약속 시간을 지키는 것은 의무가 아닌가?	<분류>1</분류> <판단>해야 한다</판단>
[도덕_문장]: 소개팅 약속에 늦어서 상대방이 기분 나빠할까 봐 불안했지만, 교통체증으로 어쩔 수 없는 상황이라 솔직하게 말해야 할지 다른 핑계를 대야 할지 고민했다. 이처럼, 약속을 지키지 못한 상황에 대한 판단을 회피하지 않고, 상황을 인정하며 상대방에게 솔직하게 말하는 것은 바람직하지 않은 행동인가?	<분류>1</분류> <판단>바람직하다</판단>
[도덕_문장]: 소개팅 약속에 늦어서 상대방이 기분 나빠할까 봐 불안했지만, 교통체증으로 어쩔 수 없는 상황이라 솔직하게 말해야 할지 다른 핑계를 대야 할지 고민했다. 이러한 상황에서, 약속에 늦을 것 같으면 상대방에게 미리 연락해 양해를 구하는 것은 적절한가?	<분류>1</분류> <판단>적절하다</판단>
[도덕_문장]: 면접에 30분 늦었는데 면접관에게 미리 연락할지 말지 고민하다가 면접 5분 전에야 연락해서 면접관이 왜 지금 연락하냐고 했다. 이런 상황에서, 면접에 30분 늦는 것은 바람직하지 않은 행동인가?	<분류>-1</분류> <판단>바람직하지 않다</판단>
[도덕_문장]: 적금을 열심히 넣고 있지만 물가 상승률이 이자율보다 높다는 것을 알면서도 다른 투자는 위험해서 계속 적금만 넣고 있다. 이러한 상황에서, 돈 관리에서 본인의 경제적 능력과 미래 계획을 고려하는 것은 바람직한가?	<분류>1</분류> <판단>바람직하다</판단>
[도덕_문장]: 이직으로 새 회사에 다음 주부터 출근해야 하는데 지하철역 근처 집을 고집하다가 매물을 찾지 못해 본가에서 먼 거리를 출퇴근해야 할지 역에서 떨어진 집으로 타협해야 할지 고민했다. 이렇게, 직장과 거주지 간의 거리 결정 시 본인의 시간적, 경제적 상황을 고려하여 적절한 거리를 선택하는 것은 적절한가?	<분류>1</분류> <판단>바람직하다</판단>
[도덕_문장]: 오빠가 가장 친한 친구와 결혼해서 시누이가 되었는데, 어머니 생신 선물을 정하는 과정에서 의견 충돌이 생겨 관계가 서먹해져서 앞으로도 잘 지낼 수 있을지 불안하다. 이렇게, 갈등이 발생할 경우 상대방의 입장과 감정을 이해하려고 노력하는 것은 권장되는가?	<분류>1</분류> <판단>해야 한다</판단>
[도덕_문장]: 지인이 코로나에 걸려 주말 약속을 갑작스럽게 취소했는데, 걱정되는 마음과 함께 약속이 깨져서 아쉬운 마음 사이에서 갈등했다. 이럴 때, 타인의 사정을 이해하려는 것은 권장되지 않는가?	<분류>1</분류> <판단>필요하다</판단>
[도덕_문장]: 지인이 코로나에 걸려 주말 약속을 갑작스럽게 취소했는데, 걱정되는 마음과 함께 약속이 깨져서 아쉬운 마음 사이에서 갈등했다. 이렇게, 지인과의 약속이 취소되었을 때 이해하려는 태도를 보이는 것은 나쁘지 않은 행동인가?	<분류>1</분류> <판단>좋다</판단>
[도덕_문장]: 지인이 코로나에 걸려 주말 약속을 갑작스럽게 취소했는데, 걱정되는 마음과 함께 약속이 깨져서 아쉬운 마음 사이에서 갈등했다. 이럴 때, 약속이 취소되면 사과하고 건강에 신경 쓰는 태도를 보이는 것은 정당한 행동인가?	<분류>1</분류> <판단>옳다</판단>
[도덕_문장]: 지인이 코로나에 걸려 주말 약속을 갑작스럽게 취소했는데, 걱정되는 마음과 함께 약속이 깨져서 아쉬운 마음 사이에서 갈등했다. 이럴 때, 건강이 위험할 정도면 약속을 취소하고 충분한 휴식을 취하는 것은 괜찮지 않은가?	<분류>1</분류> <판단>좋다</판단>
[도덕_문장]: 지인이 코로나에 걸려 주말 약속을 갑작스럽게 취소했는데, 걱정되는 마음과 함께 약속이 깨져서 아쉬운 마음 사이에서 갈등했다. 이런 경우에, 다른 사람의 사정을 이해하는 것은 옳은 행동인가?	<분류>1</분류> <판단>옳다</판단>
[도덕_문장]: 지인이 코로나에 걸려 주말 약속을 갑작스럽게 취소했는데, 걱정되는 마음과 함께 약속이 깨져서 아쉬운 마음 사이에서 갈등했다. 이처럼, 감염병으로 인해 타인의 약속이 취소될 경우, 상대방이 마음의 상처를 받지 않도록 위로와 양해를 구하는 것은 바람직한가?	<분류>1</분류> <판단>바람직하다</판단>
[도덕_문장]: 피부과에서 턱 보톡스 시술을 받았는데, 약물을 얼굴에 넣었다는 생각에 부작용이 생길까 봐 불안하고 괜히 맞은 건 아닌지 후회가 들었다. 이런 경우에, 의료 행위에 대한 걱정을 이해하는 것은 의무인가?	<분류>1</분류> <판단>해야 한다</판단>
[도덕_문장]: 회사에서 재계약 조건이 나빴지만 아이 유치원비와 생활비 때문에 어쩔 수 없이 계약서에 서명했고, 이제 이직도 할 수 없게 되어 답답했다. 이러한 상황에서, 회사가 직원들의 재취업이나 이직을 방해하거나 제한하는 것은 좋은가?	<분류>-1</분류> <판단>나쁘다</판단>
[도덕_문장]: 생리 주기가 불규칙해져서 의사가 처방해준 피임약을 매일 같은 시간에 먹어야 하는데, 번거롭고 거추장스러워서 제대로 복용하지 않고 싶은 마음과 건강을 위해 꼭 챙겨 먹어야 한다는 마음 사이에서 고민했다. 이런 상황에서, 처방약을 복용하는 것은 어떠한가?	<분류>1</분류> <판단>꼭 지켜야 한다</판단>
[도덕_문장]: 만들기 동아리에서 신입 회원 작품 발표를 해야 하는데, 내 작품이 별로인 것 같아서 사람들이 비웃을까 봐 불안하지만 원래는 내 작품을 보여주고 싶어서 동아리를 시작했던 것이라 딜레마에 빠졌다. 이처럼, 만들기 동아리에서 신입 회원들의 작품을 평가할 때 긍정적이고 지지적인 피드백을 주는 것은 적절한가?	<분류>1</분류> <판단>적절하다</판단>
[도덕_문장]: 만들기 동아리에서 신입 회원 작품 발표를 해야 하는데, 내 작품이 별로인 것 같아서 사람들이 비웃을까 봐 불안하지만 원래는 내 작품을 보여주고 싶어서 동아리를 시작했던 것이라 딜레마에 빠졌다. 이런 상황일 때, 동아리 활동에서 개인의 성과보다 경험의 공유를 우선시 하는 것은 필수적인가?	<분류>1</분류> <판단>해야 한다</판단>
[도덕_문장]: 만들기 동아리에서 신입 회원 작품 발표를 해야 하는데, 내 작품이 별로인 것 같아서 사람들이 비웃을까 봐 불안하지만 원래는 내 작품을 보여주고 싶어서 동아리를 시작했던 것이라 딜레마에 빠졌다. 이런 상황일 때, 자신의 작품이 부족하더라도 결과에 대해 실망하기보다 개선 방향을 고려하는 것은 바람직하지 않은 행동인가?	<분류>1</분류> <판단>바람직하다</판단>
[도덕_문장]: 친구들과 술집에 왔는데 화장실이 남녀 공용이라 불안하지만 금요일 밤에 겨우 찾은 자리라 나 혼자 때문에 나가자고 말할 수 없어서 고민이다. 이처럼, 공공장소에서 불편함이 있더라도 주변 상황을 고려해 행동하는 것은 적절한가?	<분류>1</분류> <판단>바람직하다</판단>
[도덕_문장]: 남자친구를 위해 직접 돈가스 소스를 만들어 도시락을 준비했지만, 요리 실력에 자신이 없어서 차라리 기성품 소스를 사용할 걸 하는 후회가 들었다. 이렇게, 연인을 위해 자신의 상황을 고려한 선물을 준비하는 것은 바람직한가?	<분류>0</분류> <판단>적절하다</판단>
[도덕_문장]: 남자친구를 위해 직접 돈가스 소스를 만들어 도시락을 준비했지만, 요리 실력에 자신이 없어서 차라리 기성품 소스를 사용할 걸 하는 후회가 들었다. 이러한 상황에서, 연인에게 준비한 선물에 대해 솔직한 감정을 표현하는 것은 문제가 되는가?	<분류>0</분류> <판단>괜찮다</판단>
[도덕_문장]: 동기들은 모두 졸업하고 취업했는데 나만 해외봉사로 인해 졸업이 늦어져서, 값진 경험을 했다고 생각하면서도 혼자 뒤처진 것 같아 후회스럽다. 이처럼, 자신을 낮추지 않고 현재 상황에 대해 객관적으로 생각하는 것은 어떠한가?	<분류>1</분류> <판단>좋다</판단>
[도덕_문장]: 초등학교에 입학한 아이가 여자 짝꿍을 때렸다는 담임선생님의 전화를 받고 아이를 다그쳐야 할지 차분히 이유를 들어봐야 할지 고민했다. 이럴 때, 담임 선생님이 아이에게 이유를 차분히 설명하는 것은 의무가 아닌가?	<분류>1</분류> <판단>해야 한다</판단>
[도덕_문장]: 초등학교에 입학한 아이가 여자 짝꿍을 때렸다는 담임선생님의 전화를 받고 아이를 다그쳐야 할지 차분히 이유를 들어봐야 할지 고민했다. 이럴 때, 자신의 행동에 대해 책임을 지는 것은 옳지 않은가?	<분류>1</분류> <판단>옳다</판단>
[도덕_문장]: 초등학교에 입학한 아이가 여자 짝꿍을 때렸다는 담임선생님의 전화를 받고 아이를 다그쳐야 할지 차분히 이유를 들어봐야 할지 고민했다. 이러한 상황에서, 어린 아이들의 신체적 폭력 행동에 대해 원인을 차분하게 들어보는 것은 잘못된 행동인가?	<분류>1</분류> <판단>옳다</판단>
[도덕_문장]: 아버지 환갑 기념 제주도 여행에서 가족 스냅사진을 찍겠다고 미리 말해놓았는데 작가를 구하지 못해 가족들의 기대를 저버릴까 봐 걱정되었다. 이처럼, 부모님의 환갑 여행 계획에서 문제가 생겼을 때, 부모님에게 미리 상황을 설명하고 함께 해결 방안을 찾는 것은 괜찮은가?	<분류>1</분류> <판단>좋다</판단>
[도덕_문장]: 아버지 환갑 기념 제주도 여행에서 가족 스냅사진을 찍겠다고 미리 말해놓았는데 작가를 구하지 못해 가족들의 기대를 저버릴까 봐 걱정되었다. 이렇게, 개인의 사정으로 약속한 일을 이행하기 어려울 때 상대방에게 사실을 알려 양해를 구하는 것은 바람직하지 않은 행동인가?	<분류>1</분류> <판단>적절하다</판단>
[도덕_문장]: 아버지 환갑 기념 제주도 여행에서 가족 스냅사진을 찍겠다고 미리 말해놓았는데 작가를 구하지 못해 가족들의 기대를 저버릴까 봐 걱정되었다. 이러한 상황에서, 가족의 중요한 일정에 대해 사전에 약속을 지키려 노력하는 것은 정당한 행동인가?	<분류>1</분류> <판단>옳다.</판단>
[도덕_문장]: 아버지 환갑 기념 제주도 여행에서 가족 스냅사진을 찍겠다고 미리 말해놓았는데 작가를 구하지 못해 가족들의 기대를 저버릴까 봐 걱정되었다. 이럴 때, 아버지 환갑 기념 여행에서 가족 스냅사진을 찍는 것은 어떠한가?	<분류>1</분류> <판단>중요한 준비사항이라는 것을 인정해야 한다</판단>
[도덕_문장]: 재택근무에서 출근근무로 바뀌면서 혼자 집에 남겨둘 강아지가 스트레스받고 외로워할까봐 걱정되어 출근할 때마다 발걸음이 떨어지지 않았다. 이런 경우에, 강아지의 정서적 스트레스를 감소시키는 것은 필수적이지 않은가?	<분류>1</분류> <판단>필요하다</판단>
[도덕_문장]: 재택근무에서 출근근무로 바뀌면서 혼자 집에 남겨둘 강아지가 스트레스받고 외로워할까봐 걱정되어 출근할 때마다 발걸음이 떨어지지 않았다. 이럴 때, 반려동물의 정서적 상태를 체크하며 돌보는 것은 옳은 행동인가?	<분류>1</분류> <판단>옳다</판단>
[도덕_문장]: 재택근무에서 출근근무로 바뀌면서 혼자 집에 남겨둘 강아지가 스트레스받고 외로워할까봐 걱정되어 출근할 때마다 발걸음이 떨어지지 않았다. 이런 상황일 때, 출근을 결정하기 전에 강아지의 스트레스를 최소화할 수 있는 조치를 마련하는 것은 괜찮은가?	<분류>1</분류> <판단>좋다</판단>
[도덕_문장]: 재택근무에서 출근근무로 바뀌면서 혼자 집에 남겨둘 강아지가 스트레스받고 외로워할까봐 걱정되어 출근할 때마다 발걸음이 떨어지지 않았다. 이처럼, 집에 있는 동물이 불편해할 때 이를 배려하는 것은 의무인가?	<분류>1</분류> <판단>해야 한다</판단>
[도덕_문장]: 재택근무에서 출근근무로 바뀌면서 혼자 집에 남겨둘 강아지가 스트레스받고 외로워할까봐 걱정되어 출근할 때마다 발걸음이 떨어지지 않았다. 이처럼, 재택근무 중 반려동물이 스트레스를 받는 경우 적절한 대처와 관심을 가지는 것은 필요한가?	<분류>1</분류> <판단>필요하다</판단>
[도덕_문장]: 프로젝트 마감이 촉박해서 팀원들과 계속 야근을 해야 하는 상황인데, 모두가 지쳐가는 모습을 보니 더 밀어붙여야 할지 아니면 일정을 조정해야 할지 고민이 되었다. 이처럼, 프로젝트 일정이 촉박할 때 팀원들의 건강과 안전을 우선적으로 고려해 일정을 조정하는 것은 괜찮지 않은가?	<분류>1</분류> <판단>좋다</판단>
[도덕_문장]: 프로젝트 마감이 촉박해서 팀원들과 계속 야근을 해야 하는 상황인데, 모두가 지쳐가는 모습을 보니 더 밀어붙여야 할지 아니면 일정을 조정해야 할지 고민이 되었다. 이런 상황에서, 업무 환경에서 동료가 힘들어 보이면 자신의 일정을 조정하는 것은 바람직하지 않은 행동인가?	<분류>1</분류> <판단>바람직하다</판단>
[도덕_문장]: 프로젝트 마감이 촉박해서 팀원들과 계속 야근을 해야 하는 상황인데, 모두가 지쳐가는 모습을 보니 더 밀어붙여야 할지 아니면 일정을 조정해야 할지 고민이 되었다. 이렇게, 마감이 촉박한 프로젝트를 맡았을 때 팀원들의 피로를 고려하며 일정을 조정하는 것은 나쁜 행동인가?	<분류>1</분류> <판단>좋다</판단>
[도덕_문장]: 프로젝트 마감이 촉박해서 팀원들과 계속 야근을 해야 하는 상황인데, 모두가 지쳐가는 모습을 보니 더 밀어붙여야 할지 아니면 일정을 조정해야 할지 고민이 되었다. 이런 상황에서, 팀원들의 피로와 한계를 고려해 일정을 조정하는 것은 적절한가?	<분류>1</분류> <판단>바람직하다</판단>
[도덕_문장]: 프로젝트 마감이 촉박해서 팀원들과 계속 야근을 해야 하는 상황인데, 모두가 지쳐가는 모습을 보니 더 밀어붙여야 할지 아니면 일정을 조정해야 할지 고민이 되었다. 이런 상황에서, 팀원들과 협의를 통해 문제를 해결하는 것은 어떠한가?	<분류>1</분류> <판단>좋다</판단>
[도덕_문장]: 프로젝트 마감이 촉박해서 팀원들과 계속 야근을 해야 하는 상황인데, 모두가 지쳐가는 모습을 보니 더 밀어붙여야 할지 아니면 일정을 조정해야 할지 고민이 되었다. 이처럼, 프로젝트가 촉박한 상황에서 팀원들의 건강과 안전을 최우선으로 고려하는 것은 권장되지 않는가?	<분류>1</분류> <판단>해야 한다</판단>
[도덕_문장]: 가족 모임에서 코로나 확진자와 접촉했을 가능성이 있어 회사에 피해를 줄까봐 걱정되지만, 검사 결과가 나오기 전까지 동료들에게 어떻게 말해야 할지 고민했다. 이런 상황일 때, 가족 모임을 통해 코로나 확진자와 접촉했을 가능성이 있다면 회사 동료들에게 사실대로 알려주는 것은 나쁜가?	<분류>1</분류> <판단>좋다</판단>
[도덕_문장]: 가족 모임에서 코로나 확진자와 접촉했을 가능성이 있어 회사에 피해를 줄까봐 걱정되지만, 검사 결과가 나오기 전까지 동료들에게 어떻게 말해야 할지 고민했다. 이러한 상황에서, 직장 동료의 사생활에 대해 언급하지 않는 것은 바람직한 행동인가?	<분류>1</분류> <판단>바람직하다</판단>
[도덕_문장]: 가족 모임에서 코로나 확진자와 접촉했을 가능성이 있어 회사에 피해를 줄까봐 걱정되지만, 검사 결과가 나오기 전까지 동료들에게 어떻게 말해야 할지 고민했다. 이처럼, 가족 모임에서 코로나 확진자와의 접촉을 언급할 때 주변 사람들의 불안감이나 피해를 고려해 조심스럽게 말하는 것은 좋지 않은가?	<분류>1</분류> <판단>좋다</판단>
[도덕_문장]: 회사 단체 톡에서 최 대리에게 농담으로 \"배울 만큼 배우신 분이 그런 말을 하시다니 안 됩니다\"라고 했는데, 최 대리가 기분이 상해서 단체 톡방을 나가버려 어떻게 사과해야 할지 고민이 되었다. 이런 경우에, 직장 동료의 발언에 상처받았더라도 감정적 대응을 자제하고 차분하게 의사를 전달하는 것은 바람직하지 않은 행동인가?	<분류>1</분류> <판단>바람직하다</판단>
[도덕_문장]: 회사 단체 톡에서 최 대리에게 농담으로 \"배울 만큼 배우신 분이 그런 말을 하시다니 안 됩니다\"라고 했는데, 최 대리가 기분이 상해서 단체 톡방을 나가버려 어떻게 사과해야 할지 고민이 되었다. 이런 상황에서, 동료와의 갈등을 대화를 통해 해결하는 것은 적절하지 않은가?	<분류>1</분류> <판단>바람직하다</판단>
[도덕_문장]: 회사 단체 톡에서 최 대리에게 농담으로 \"배울 만큼 배우신 분이 그런 말을 하시다니 안 됩니다\"라고 했는데, 최 대리가 기분이 상해서 단체 톡방을 나가버려 어떻게 사과해야 할지 고민이 되었다. 이런 경우에, 단체 톡에서 상대방을 비난하는 발언을 한 후 사과하는 것은 하면 안 되는가?	<분류>1</분류> <판단>해야 한다</판단>
[도덕_문장]: 버스 사고를 목격한 후 몸이 아픈 것 같은데 당황해서 버스회사 명함을 받지 않고 와버려서 병원비를 어떻게 청구해야 할지 걱정이 되었다. 이럴 때, 사고 현장을 목격했더라도 그 자리에서 명함을 주고 받지 않는 것은 옳지 않은가?	<분류>0</분류> <판단>괜찮다</판단>
[도덕_문장]: 거래처와의 미팅에서 메일 주소를 잘못 적어 중요한 납품 일정이 지연되었는데, 사장님께 실수를 솔직히 말해야 할지 다른 핑계를 대야 할지 고민했다. 이러한 상황에서, 중요한 업무에서 발생한 문제를 은폐하는 것은 나쁘지 않은 행동인가?	<분류>-1</분류> <판단>나쁘다</판단>
[도덕_문장]: 거래처와의 미팅에서 메일 주소를 잘못 적어 중요한 납품 일정이 지연되었는데, 사장님께 실수를 솔직히 말해야 할지 다른 핑계를 대야 할지 고민했다. 이렇게, 회사를 대표하여 외부 업무를 수행할 때 신중하게 행동하는 것은 권장되지 않는가?	<분류>1</분류> <판단>해야 한다</판단>
[도덕_문장]: 거래처와의 미팅에서 메일 주소를 잘못 적어 중요한 납품 일정이 지연되었는데, 사장님께 실수를 솔직히 말해야 할지 다른 핑계를 대야 할지 고민했다. 이렇게, 직원의 실수로 문제가 발생했을 경우 진심으로 사과하고 재발 방지를 약속하는 것은 의무인가?	<분류>1</분류> <판단>해야 한다</판단>
[도덕_문장]: 거래처와의 미팅에서 메일 주소를 잘못 적어 중요한 납품 일정이 지연되었는데, 사장님께 실수를 솔직히 말해야 할지 다른 핑계를 대야 할지 고민했다. 이럴 때, 업무 과정에서 발생한 실수를 인정하고 책임지는 것은 어떠한가?	<분류>1</분류> <판단>바람직하다</판단>
[도덕_문장]: 거래처와의 미팅에서 메일 주소를 잘못 적어 중요한 납품 일정이 지연되었는데, 사장님께 실수를 솔직히 말해야 할지 다른 핑계를 대야 할지 고민했다. 이러한 상황에서, 업무 관련 실수를 있는 그대로 보고하는 것은 옳지 않은 행동인가?	<분류>1</분류> <판단>옳다</판단>
[도덕_문장]: 거래처와의 미팅에서 메일 주소를 잘못 적어 중요한 납품 일정이 지연되었는데, 사장님께 실수를 솔직히 말해야 할지 다른 핑계를 대야 할지 고민했다. 이런 상황일 때, 회사에서 실수를 신속하게 인정하고 책임지는 것은 권장되지 않는가?	<분류>1</분류> <판단>보여주어야 한다</판단>
[도덕_문장]: 건강을 위해 시작한 운동이었는데 보디 프로필 촬영 욕심에 무리한 식단 조절과 고강도 운동으로 오히려 건강을 해치고 있다는 걸 알면서도 목표를 포기하기 어려워 계속 자신을 채찍질하고 있다. 이런 상황에서, 자신의 건강을 해칠 정도로 무리한 운동과 식단을 강요하는 것은 어떠한가?	<분류>-1</분류> <판단>옳지 않다</판단>
[도덕_문장]: 전에 다니던 직장에서 좋은 조건으로 재입사 제안을 받았지만, 그곳에서 정신적 육체적으로 힘들었던 기억 때문에 현재 워라밸이 좋은 회사를 떠날지 고민하고 있다. 이런 상황일 때, 업무 환경과 워라밸, 보상 등을 고려해 직장을 선택하는 것은 의무가 아닌가?	<분류>1</분류> <판단>해야 한다</판단>
[도덕_문장]: 전에 다니던 직장에서 좋은 조건으로 재입사 제안을 받았지만, 그곳에서 정신적 육체적으로 힘들었던 기억 때문에 현재 워라밸이 좋은 회사를 떠날지 고민하고 있다. 이런 상황에서, 직장에서 부당한 대우나 근무 환경 문제로 인해 자신의 권리를 지키기 위해 적극적으로 대응하는 것은 옳은가?	<분류>1</분류> <판단>옳다</판단>
[도덕_문장]: 전에 다니던 직장에서 좋은 조건으로 재입사 제안을 받았지만, 그곳에서 정신적 육체적으로 힘들었던 기억 때문에 현재 워라밸이 좋은 회사를 떠날지 고민하고 있다. 이런 상황에서, 재입사 제안에 대해 자신의 경험을 근거로 고민하는 것은 정당한 행동인가?	<분류>1</분류> <판단>정당하다</판단>
[도덕_문장]: 전에 다니던 직장에서 좋은 조건으로 재입사 제안을 받았지만, 그곳에서 정신적 육체적으로 힘들었던 기억 때문에 현재 워라밸이 좋은 회사를 떠날지 고민하고 있다. 이럴 때, 회사 내에서 자신의 건강을 최우선으로 생각하는 것은 권장되지 않는가?	<분류>1</분류> <판단>해야 한다</판단>
[도덕_문장]: 회의에서 작은 실수를 했는데 동료들이 뒤에서 나를 비판할까 봐 밤잠을 설치며 걱정하고 있지만, 선배는 그런 실수는 금방 잊혀진다고 말해서 혼란스럽다. 이처럼, 실수를 했을 때 너무 자책하지 않는 것은 괜찮지 않은가?	<분류>1</분류> <판단>좋다</판단>
[도덕_문장]: 여자친구가 처음에는 부모님과 있다고 했다가 나중에는 친구와 있다고 말을 바꿔서 신뢰가 깨질까 봐 불안하지만 헤어지고 싶지는 않아 고민이다. 이럴 때, 연인과 거짓말로 인한 갈등을 차분하게 이야기하는 것은 나쁘지 않은가?	<분류>1</분류> <판단>좋다</판단>
[도덕_문장]: 여자친구가 처음에는 부모님과 있다고 했다가 나중에는 친구와 있다고 말을 바꿔서 신뢰가 깨질까 봐 불안하지만 헤어지고 싶지는 않아 고민이다. 이런 경우에, 연인의 거짓말에 불안감을 느끼는 것은 옳은 행동인가?	<분류>1</분류> <판단>괜찮다</판단>
[도덕_문장]: 아이가 대학 진학 대신 공무원 시험을 보겠다고 하는데, 남편은 반대하고 나는 아이의 선택을 지지해주고 싶어서 고민이다. 이런 상황에서, 자녀의 진로선택에 대해 반대의견을 가진다는 할 수 없는가?	<분류>0</분류> <판단>괜찮다</판단>
[도덕_문장]: 아이가 대학 진학 대신 공무원 시험을 보겠다고 하는데, 남편은 반대하고 나는 아이의 선택을 지지해주고 싶어서 고민이다. 이런 경우에, 부모가 자녀가 스스로 선택을 하게 격려하는 것은 바람직한 행동인가?	<분류>1</분류> <판단>바람직하다</판단>
[도덕_문장]: 아이가 대학 진학 대신 공무원 시험을 보겠다고 하는데, 남편은 반대하고 나는 아이의 선택을 지지해주고 싶어서 고민이다. 이렇게, 자녀가 자신의 삶의 진로를 결정할 때 자녀의 의견을 존중해주는 것은 필수적인가?	<분류>1</분류> <판단>해야 한다</판단>
[도덕_문장]: 아이가 대학 진학 대신 공무원 시험을 보겠다고 하는데, 남편은 반대하고 나는 아이의 선택을 지지해주고 싶어서 고민이다. 이런 상황에서, 자녀가 진로 선택에 있어 사회적 압박 없이 자신의 가치관과 적성을 존중하는 것은 괜찮은가?	<분류>1</분류> <판단>좋다.</판단>
[도덕_문장]: 딸이 태풍이 예상되는 날에 수학여행을 가겠다고 고집을 부리는데, 안전이 걱정되어 말리고 싶지만 성장한 딸의 의사를 존중해야 할지 고민했다. 이럴 때, 자연재해가 예상되는 날 위험을 피하는 것은 적절하지 않은가?	<분류>0</분류> <판단>바람직하다</판단>
[도덕_문장]: 딸이 태풍이 예상되는 날에 수학여행을 가겠다고 고집을 부리는데, 안전이 걱정되어 말리고 싶지만 성장한 딸의 의사를 존중해야 할지 고민했다. 이럴 때, 미성년자 자녀의 결정이 걱정되면 설득하는 것은 좋지 않은 행동인가?	<분류>1</분류> <판단>좋다</판단>
[도덕_문장]: 딸이 태풍이 예상되는 날에 수학여행을 가겠다고 고집을 부리는데, 안전이 걱정되어 말리고 싶지만 성장한 딸의 의사를 존중해야 할지 고민했다. 이런 상황일 때, 자녀의 안전을 지키는 것은 하면 안 되는가?	<분류>1</분류> <판단>해야 한다</판단>
[도덕_문장]: 딸이 태풍이 예상되는 날에 수학여행을 가겠다고 고집을 부리는데, 안전이 걱정되어 말리고 싶지만 성장한 딸의 의사를 존중해야 할지 고민했다. 이런 상황에서, 부모가 자녀의 안전을 최우선으로 고려하며 결정을 내리는 것은 의무가 아닌가?	<분류>1</분류> <판단>해야 한다</판단>
[도덕_문장]: 여자친구와의 저녁 약속 때문에 친구와의 만남을 거절했는데, 여자친구가 급한 일이 생겼다며 약속을 취소해서 친구에게 다시 만나자고 연락하기가 민망했다. 이럴 때, 연인이 있는 친구의 연인과의 만남을 존중하는 것은 바람직한가?	<분류>1</분류> <판단>바람직하다</판단>
[도덕_문장]: 여자친구와의 저녁 약속 때문에 친구와의 만남을 거절했는데, 여자친구가 급한 일이 생겼다며 약속을 취소해서 친구에게 다시 만나자고 연락하기가 민망했다. 이렇게, 연인의 급한 상황을 이유로 약속을 취소하는 것은 어떠한가?	<분류>1</분류> <판단>적절한 조치이다</판단>
[도덕_문장]: 회사에서 3년간 야근하며 열심히 일했지만 돈이 모이지 않아 불안한데, 편찮으신 어머니를 위해 더 빨리 돈을 벌고 싶지만 조급해하면 안 된다는 조언과 현실적 필요 사이에서 고민했다. 이런 상황일 때, 개인의 필요에 따라 일에 대해 조정할 수 있음을 인정하는 것은 의무가 아닌가?	<분류>1</분류> <판단>해야 한다</판단>
[도덕_문장]: 회사에서 3년간 야근하며 열심히 일했지만 돈이 모이지 않아 불안한데, 편찮으신 어머니를 위해 더 빨리 돈을 벌고 싶지만 조급해하면 안 된다는 조언과 현실적 필요 사이에서 고민했다. 이렇게, 부양가족이 있는 상황에서 과도한 야근으로 건강과 경제적 안정을 해치지 않는 수준에서 업무와 개인 생활을 조율하는 것은 나쁜가?	<분류>1</분류> <판단>좋다</판단>
[도덕_문장]: 출근 시간에 만원 지하철을 타야 하는 상황에서 안전을 위해 한 대를 보냈지만 지각할까 봐 불안해하며 그냥 무리해서 탔어야 했나 후회했다. 이런 상황에서, 대중교통 이용 시 안전이 보장되지 않는다면 탑승을 미루는 것은 어떠한가?	<분류>0</분류> <판단>적절한 선택이다</판단>
[도덕_문장]: 출근 시간에 만원 지하철을 타야 하는 상황에서 안전을 위해 한 대를 보냈지만 지각할까 봐 불안해하며 그냥 무리해서 탔어야 했나 후회했다. 이럴 때, 만원 지하철에서 안전을 이유로 탑승을 거부하는 것은 하면 안 되는가?	<분류>0</분류> <판단>할 수 있다</판단>
[도덕_문장]: 출근 시간에 만원 지하철을 타야 하는 상황에서 안전을 위해 한 대를 보냈지만 지각할까 봐 불안해하며 그냥 무리해서 탔어야 했나 후회했다. 이런 상황에서, 출근 시간에 대중교통이 혼잡하더라도 안전을 위해 무리하게 타지 않는 것은 옳은 행동인가?	<분류>1</분류> <판단>옳다</판단>
[도덕_문장]: 출근 시간에 만원 지하철을 타야 하는 상황에서 안전을 위해 한 대를 보냈지만 지각할까 봐 불안해하며 그냥 무리해서 탔어야 했나 후회했다. 이렇게, 출근 시간에 지하철이 혼잡할 때 무리해서 타지 않고 안전을 고려하는 것은 적절한가?	<분류>1</분류> <판단>바람직하다</판단>
[도덕_문장]: 남편이 부부 동반 골프 모임을 위해 골프를 배우라고 하는데, 운동 소질도 없고 허리 통증과 햇빛 알레르기까지 있어서 거절하고 싶지만 남편을 서운하게 할까봐 고민이다. 이러한 상황에서, 배우자가 자신의 의견을 분명하게 말하는 것은 어떠한가?	<분류>1</분류> <판단>옳다.</판단>
[도덕_문장]: 남편이 부부 동반 골프 모임을 위해 골프를 배우라고 하는데, 운동 소질도 없고 허리 통증과 햇빛 알레르기까지 있어서 거절하고 싶지만 남편을 서운하게 할까봐 고민이다. 이러한 상황에서, 부인의 거절을 존중하는 것은 바람직하지 않은 행동인가?	<분류>1</분류> <판단>바람직하다</판단>
[도덕_문장]: 남편이 부부 동반 골프 모임을 위해 골프를 배우라고 하는데, 운동 소질도 없고 허리 통증과 햇빛 알레르기까지 있어서 거절하고 싶지만 남편을 서운하게 할까봐 고민이다. 이러한 상황에서, 부부 관계에서 배우자의 건강 상태와 선호를 존중하는 것은 권장되는가?	<분류>1</분류> <판단>해야 한다</판단>
[도덕_문장]: 남편이 부부 동반 골프 모임을 위해 골프를 배우라고 하는데, 운동 소질도 없고 허리 통증과 햇빛 알레르기까지 있어서 거절하고 싶지만 남편을 서운하게 할까봐 고민이다. 이렇게, 남편이 건강과 취향을 고려하지 않은 무리한 요구를 할 때 자신의 상황을 설명하고 거절하는 것은 어떠한가?	<분류>1</분류> <판단>옳다</판단>
[도덕_문장]: 갑자기 살이 빠지고 소화가 안 되어 병원에 가야 한다는 것을 알지만, 혹시 큰 병일까 봐 무서워서 계속 미루고 있다. 이런 상황일 때, 자신의 건강을 돌보지 않은 채로 의사를 미루는 것은 바람직하지 않은 행동인가?	<분류>-1</분류> <판단>바람직하지 않다</판단>
[도덕_문장]: 삿포로 공항에서 눈으로 인해 비행기가 지연되어 환승편을 놓쳤는데, 친구는 여행 기회라고 긍정적으로 말해주지만 예상치 못한 숙박비와 일정 변경으로 인한 부담감 때문에 마음이 복잡했다. 이런 상황에서, 친구와 대화하면서 솔직한 감정을 나누는 것은 좋은 행동인가?	<분류>1</분류> <판단>좋다</판단>
[도덕_문장]: 삿포로 공항에서 눈으로 인해 비행기가 지연되어 환승편을 놓쳤는데, 친구는 여행 기회라고 긍정적으로 말해주지만 예상치 못한 숙박비와 일정 변경으로 인한 부담감 때문에 마음이 복잡했다. 이런 상황에서, 자신이 통제할 수 없는 외부 환경 변화에 대해 불만을 표출하는 것은 하면 안 되는가?	<분류>0</분류> <판단>할 수 있다</판단>
[도덕_문장]: 택배가 연달아 도난당해서 CCTV를 확인하고 경찰에 신고했지만, 범인의 얼굴이 모자에 가려져 보이지 않아 해결될지 불안하다. 이처럼, 보안 관련 피해가 발생했을 경우 즉시 신고하고 필요한 조치를 취하는 것은 적절하지 않은가?	<분류>1</분류> <판단>바람직하다</판단>
[도덕_문장]: 아버지의 건강검진 결과가 좋지 않아 할머니와 함께 절에 기도하러 갔는데, 할머니가 너무 불안해하며 눈물을 흘리시는 모습을 보니 나도 덩달아 불안해져서 위로해드려야 할지 같이 걱정해야 할지 몰라 혼란스러웠다. 이러한 상황에서, 자녀가 걱정하는 마음을 이해하고, 함께 기도를 하면서 마음의 안정을 찾도록 하는 것은 나쁜 행동인가?	<분류>1</분류> <판단>좋다</판단>
[도덕_문장]: 아내가 2년째 우울증으로 고생하고 있는데 병간호와 병원비 부담으로 지쳐서 이혼을 생각하지만, 혼자 두면 아내가 더 안 좋아질 것 같아 결정을 내리지 못하고 있다. 이런 상황에서, 결혼생활을 유지하기로 결정하고 배우자의 건강을 회복하기 위해 최선을 다해 노력하는 것은 필수적인가?	<분류>1</분류> <판단>해야 한다</판단>
[도덕_문장]: 회사 개인 면담에서 팀장이 갑자기 애인이 있는지 사적인 질문을 해서 당황스럽고 불편했지만 상사라서 어떻게 대응해야 할지 몰라 대충 답하고 나왔다. 이런 상황일 때, 직장에서 업무와 무관한 사적 질문을 하는 것은 일반적인가?	<분류>-1</분류> <판단>하지 않아야 한다</판단>
[도덕_문장]: 애인이 연락을 강요하고 옷차림을 단속하는 등 가스라이팅을 하는 것 같은데, 평소에는 잘해줘서 이 문제를 직접 말해야 할지 그냥 참아야 할지 고민했다. 이럴 때, 연인이 가스라이팅을 하고 있다고 판단되면 문제를 직접적으로 말하는 것은 옳은가?	<분류>1</분류> <판단>옳다</판단>
[도덕_문장]: 애인이 연락을 강요하고 옷차림을 단속하는 등 가스라이팅을 하는 것 같은데, 평소에는 잘해줘서 이 문제를 직접 말해야 할지 그냥 참아야 할지 고민했다. 이럴 때, 이성애적인 관계에서 상대방의 자율성을 존중하는 것은 어떠한가?	<분류>1</분류> <판단>매우 중요하다</판단>
[도덕_문장]: 애인이 연락을 강요하고 옷차림을 단속하는 등 가스라이팅을 하는 것 같은데, 평소에는 잘해줘서 이 문제를 직접 말해야 할지 그냥 참아야 할지 고민했다. 이러한 상황에서, 연인 관계에서 평등함을 유지하는 것은 어떠한가?	<분류>1</분류> <판단>필요하다</판단>
[도덕_문장]: 애인이 연락을 강요하고 옷차림을 단속하는 등 가스라이팅을 하는 것 같은데, 평소에는 잘해줘서 이 문제를 직접 말해야 할지 그냥 참아야 할지 고민했다. 이런 상황일 때, 가스라이팅을 하는 것은 옳은 행동인가?	<분류>-1</분류> <판단>옳지 않다</판단>
[도덕_문장]: 애인이 연락을 강요하고 옷차림을 단속하는 등 가스라이팅을 하는 것 같은데, 평소에는 잘해줘서 이 문제를 직접 말해야 할지 그냥 참아야 할지 고민했다. 이렇게, 연인의 행동이 올바르지 않다고 생각될 때 자신의 상황을 구체적으로 설명하고 경계를 설정하는 것은 의무가 아닌가?	<분류>1</분류> <판단>해야 한다</판단>
[도덕_문장]: 애인이 연락을 강요하고 옷차림을 단속하는 등 가스라이팅을 하는 것 같은데, 평소에는 잘해줘서 이 문제를 직접 말해야 할지 그냥 참아야 할지 고민했다. 이런 경우에, 연인에게 통제를 강요하는 것은 바람직한 행동인가?	<분류>-1</분류> <판단>바람직하지 않다</판단>
[도덕_문장]: 애인이 연락을 강요하고 옷차림을 단속하는 등 가스라이팅을 하는 것 같은데, 평소에는 잘해줘서 이 문제를 직접 말해야 할지 그냥 참아야 할지 고민했다. 이러한 상황에서, 가스라이팅을 하는 사람에게 도움을 요청하는 것은 의무인가?	<분류>1</분류> <판단>해야 한다</판단>
[도덕_문장]: 애인이 연락을 강요하고 옷차림을 단속하는 등 가스라이팅을 하는 것 같은데, 평소에는 잘해줘서 이 문제를 직접 말해야 할지 그냥 참아야 할지 고민했다. 이런 상황일 때, 상대방의 의견을 존중하지 않고 자신의 기준을 강요하는 것은 정당하지 않은 행동인가?	<분류>-1</분류> <판단>옳지 않다</판단>
[도덕_문장]: 애인이 연락을 강요하고 옷차림을 단속하는 등 가스라이팅을 하는 것 같은데, 평소에는 잘해줘서 이 문제를 직접 말해야 할지 그냥 참아야 할지 고민했다. 이럴 때, 연인이 가스라이팅을 하는 것 같다고 의심되면 자신의 문제와 관련된 진지한 대화를 하는 것은 권장되지 않는가?	<분류>1</분류> <판단>해야 한다</판단>
[도덕_문장]: 출산 후 재취업 면접을 앞두고 있는데, 야근이나 출장 등 회사 요구사항을 수용하기 어려운 상황을 솔직히 말할지 아니면 일단 취업부터 하고 나중에 협상할지 고민이 된다. 이렇게, 면접에서 현재 상황을 솔직하게 답변하는 것은 어떠한가?	<분류>1</분류> <판단>바람직하다</판단>
[도덕_문장]: 졸업을 위해 필요한 학점이 부족하다는 것을 뒤늦게 알게 되어 이미 예약한 해외여행 비행기표를 취소해야 할지 고민했다. 이렇게, 학업과 개인적인 약속 사이에서 갈등이 발생했을 때 학업의 중요성을 먼저 고려하는 것은 옳지 않은가?	<분류>1</분류> <판단>옳다.</판단>
[도덕_문장]: 좋아하는 사람이 결혼을 위해 선을 보러 간다는 소식을 들었지만, 여자 앞에서 말도 제대로 못하는 성격 때문에 고백할 용기가 없어서 그냥 포기할지 마지막 기회라고 생각하고 고백할지 고민했다. 이렇게, 상대방에게 고백할 때 상대방의 의사에 따라 결정하는 것은 바람직하지 않은 행동인가?	<분류>1</분류> <판단>바람직하다</판단>
[도덕_문장]: 남자친구가 몸이 아프다며 집에서 쉰다고 했는데 실제로는 여자 직장동료와 저녁약속이 있어서 거짓말을 했다는 것을 알게 되었지만, 아직 그를 좋아하는 마음 때문에 이별을 결심하기 어려워 고민하고 있다. 이런 상황에서, 사랑하는 사람에게 거짓말을 하는 것은 어떠한가?	<분류>-1</분류> <판단>안 되다</판단>
[도덕_문장]: 좋은 직장을 그만두고 교육 대학원에 진학하기로 결정했는데, 주변 사람들이 모두 만류하고 수입도 줄어들 것 같아 과연 옳은 선택인지 불안하고 후회스러웠다. 이렇게, 자신의 미래를 선택할 때 감정적인 후회와 현실적인 걱정을 모두 고려하는 것은 어떠한가?	<분류>1</분류> <판단>좋다</판단>
[도덕_문장]: 좋은 직장을 그만두고 교육 대학원에 진학하기로 결정했는데, 주변 사람들이 모두 만류하고 수입도 줄어들 것 같아 과연 옳은 선택인지 불안하고 후회스러웠다. 이런 상황에서, 타인의 선택이 마음에 들지 않더라도 비난하기보다 존중해주는 것은 필수적인가?	<분류>1</분류> <판단>해야 한다</판단>
[도덕_문장]: 서른이 되어서도 진로를 결정하지 못한 채 하던 일을 그만두었는데, 새로운 일을 시작해야 할지 아니면 더 고민해야 할지 불안하고 스트레스를 받는다. 이처럼, 선택을 앞두고 있을 때 타인에게 조언을 구하는 것은 해도 되는가?	<분류>0</분류> <판단>괜찮다</판단>
[도덕_문장]: 서른이 되어서도 진로를 결정하지 못한 채 하던 일을 그만두었는데, 새로운 일을 시작해야 할지 아니면 더 고민해야 할지 불안하고 스트레스를 받는다. 이처럼, 현재의 불안정한 상황을 인정하고 자신에게 시간을 주는 것은 잘못된 행동인가?	<분류>1</분류> <판단>옳은 일이다</판단>
[도덕_문장]: 서른이 되어서도 진로를 결정하지 못한 채 하던 일을 그만두었는데, 새로운 일을 시작해야 할지 아니면 더 고민해야 할지 불안하고 스트레스를 받는다. 이런 경우에, 자신의 진로를 늦추는 것은 어떠한가?	<분류>0</분류> <판단>나쁜 행동이 아니다</판단>
[도덕_문장]: 서른이 되어서도 진로를 결정하지 못한 채 하던 일을 그만두었는데, 새로운 일을 시작해야 할지 아니면 더 고민해야 할지 불안하고 스트레스를 받는다. 이러한 상황에서, 성인이 진로를 결정하기 위해 충분한 고민과 탐색을 하는 것은 해도 되는가?	<분류>1</분류> <판단>해야 한다</판단>
[도덕_문장]: 대리님이 아기가 아파서 주말 근무를 대신해달라고 부탁했는데, 친구와의 영화 약속이 있고 이미 여러 번 대신 근무를 해줬지만 거절하기 어려워서 고민했다. 이런 상황일 때, 회사에서 부탁을 들어주지 못하더라도 그 이유를 명확히 전달하는 것은 바람직한 행동인가?	<분류>1</분류> <판단>바람직하다</판단>
[도덕_문장]: 대리님이 아기가 아파서 주말 근무를 대신해달라고 부탁했는데, 친구와의 영화 약속이 있고 이미 여러 번 대신 근무를 해줬지만 거절하기 어려워서 고민했다. 이런 상황에서, 상대에게 자신의 일정과 책임을 이유로 거절의 의사를 전달하는 것은 어떠한가?	<분류>0</분류> <판단>적절하다</판단>
[도덕_문장]: 자연주의 화장품을 써서 피부가 뒤집어져 피부과 치료를 받고 있는데, 사람들의 시선이 두려워 모자와 마스크로 얼굴을 가리고 큰 길을 피해 다녀야 하는 상황이 스트레스다. 이런 상황일 때, 개인의 건강과 선택을 존중하는 것은 권장되지 않는가?	<분류>1</분류> <판단>되어야 한다</판단>
[도덕_문장]: 자연주의 화장품을 써서 피부가 뒤집어져 피부과 치료를 받고 있는데, 사람들의 시선이 두려워 모자와 마스크로 얼굴을 가리고 큰 길을 피해 다녀야 하는 상황이 스트레스다. 이런 경우에, 타인의 외모 변화를 함부로 평가하거나 평가하려는 시선을 삼가지 않는 것은 적절하지 않은가?	<분류>1</분류> <판단>바람직하지 않다</판단>
[도덕_문장]: 코로나 완치 판정을 받았지만 후유증이 심한 상황에서 회사에서는 출근을 요구하고 있어 몸을 더 무리하게 될까 봐 걱정되지만 어쩔 수 없이 출근하고 있다. 이런 상황에서, 회사가 직원의 건강을 우선시하지 않고 강제 출근을 요구하는 것은 문제가 되지 않는가?	<분류>-1</분류> <판단>안 된다</판단>
[도덕_문장]: 결혼 후 첫 명절을 우리 집에서 보내게 되어 시가족들에게 좋은 인상을 주려고 창틀 먼지까지 신경 쓰며 완벽하게 준비하려다 보니 스트레스로 악몽까지 꾸게 되었다. 이처럼, 결혼한 자녀가 명절을 준비할 때 과도한 부담감을 갖지 않도록 조절하는 것은 좋지 않은 행동인가?	<분류>1</분류> <판단>좋다</판단>
[도덕_문장]: 결혼 후 첫 명절을 우리 집에서 보내게 되어 시가족들에게 좋은 인상을 주려고 창틀 먼지까지 신경 쓰며 완벽하게 준비하려다 보니 스트레스로 악몽까지 꾸게 되었다. 이렇게, 명절이나 가족 행사를 준비할 때 핵심적인 부분에 집중하는 것은 나쁜 행동인가?	<분류>0</분류> <판단>좋다</판단>
[도덕_문장]: 결혼 후 첫 명절을 우리 집에서 보내게 되어 시가족들에게 좋은 인상을 주려고 창틀 먼지까지 신경 쓰며 완벽하게 준비하려다 보니 스트레스로 악몽까지 꾸게 되었다. 이렇게, 결혼 후 첫 명절을 우리 집에서 보내게 될 경우 서로의 의견을 존중하는 태도로 대화하는 것은 옳지 않은가?	<분류>1</분류> <판단>옳다</판단>
[도덕_문장]: 공황장애로 친구들과의 연락이 두려워 피하고 있지만, 이대로 계속하면 친구들이 나를 떠날까 봐 걱정되어 연락해야 할지 말아야 할지 고민했다. 이처럼, 불편한 상황이 반복될 때 자신의 상태를 친구에게 설명하는 것은 필수적이지 않은가?	<분류>1</분류> <판단>해야 한다</판단>
[도덕_문장]: 치아가 아파서 치과에 갔더니 대학병원에서 수술을 받아야 한다고 해서 수술비 부담과 수술에 대한 두려움 때문에 치료를 미룰지 고민했다. 이렇게, 건강 문제를 치료할 때 개인의 경제적 부담과 건강 회복을 고려하여 최선의 선택을 하는 것은 권장되지 않는가?	<분류>1</분류> <판단>해야 한다</판단>
[도덕_문장]: 건강검진 결과가 나오기 전까지 불안하고 걱정되는 마음을 친구에게 털어놓고 싶지만, 괜히 걱정시킬까봐 혼자 끙끙 앓고 있다가 결국 참지 못하고 말해버렸다. 이러한 상황에서, 친구의 건강에 대해 진심으로 걱정하는 마음을 표현하는 것은 바람직하지 않은가?	<분류>1</분류> <판단>바람직하다</판단>
[도덕_문장]: 소개팅 상대가 저녁에 연락하겠다고 했는데 너무 기다리기 힘들어서 먼저 연락하고 싶지만 부담스러워할까 봐 고민했다. 이처럼, 약속을 한 상황에서 상대방의 의사를 존중하는 것은 나쁜가?	<분류>1</분류> <판단>좋다</판단>
[도덕_문장]: 이직 후 바빠진 업무 때문에 정기적으로 받아야 하는 치과 스케일링을 미루고 있는데, 어금니가 아파와서 휴가를 내고 치료받을지 일을 우선할지 고민했다. 이런 상황일 때, 본인의 건강을 업무에 지장을 받지 않도록 조절하는 것은 좋지 않은가?	<분류>1</분류> <판단>좋다</판단>
[도덕_문장]: 이직 후 바빠진 업무 때문에 정기적으로 받아야 하는 치과 스케일링을 미루고 있는데, 어금니가 아파와서 휴가를 내고 치료받을지 일을 우선할지 고민했다. 이런 상황에서, 업무가 밀려 있어도 건강을 우선적으로 생각하는 것은 필수적인가?	<분류>1</분류> <판단>해야 한다</판단>
[도덕_문장]: 이직 후 바빠진 업무 때문에 정기적으로 받아야 하는 치과 스케일링을 미루고 있는데, 어금니가 아파와서 휴가를 내고 치료받을지 일을 우선할지 고민했다. 이러한 상황에서, 개인의 건강을 우선으로 생각하며 건강 문제를 해결하는 것은 바람직한가?	<분류>1</분류> <판단>바람직하다</판단>
[도덕_문장]: 시험이 다가와서 불안하고 스트레스를 받고 있는데, 언니에게 털어놓고 싶지만 언니도 바쁠 것 같아서 혼자 견뎌야 할지 고민했다. 이렇게, 심리적으로 어려움을 겪고 있는 가족 구성원의 상황을 이해해 주는 것은 어떠한가?	<분류>1</분류> <판단>해야 한다</판단>
[도덕_문장]: 갱년기 증상이 걱정되어 건강을 위해 운동을 열심히 했는데, 오히려 심한 갈증과 땀으로 인해 큰 병에 걸린 것은 아닌지 불안해졌다. 이러한 상황에서, 건강에 대한 우려를 하는 것은 어떠한가?	<분류>0</분류> <판단>정당한 고민이다</판단>
[도덕_문장]: 건강검진에서 재검사를 받으라는 결과를 받았는데, 무서워서 병원 예약을 미루고 있다가 언니의 도움으로 겨우 예약하기로 마음먹었다. 이처럼, 건강검진 결과에 대한 두려움과 불안에 직면했을 때 자신의 건강을 먼저 고려하는 것은 필수적이지 않은가?	<분류>1</분류> <판단>해야 한다</판단>
[도덕_문장]: 건강검진에서 재검사를 받으라는 결과를 받았는데, 무서워서 병원 예약을 미루고 있다가 언니의 도움으로 겨우 예약하기로 마음먹었다. 이러한 상황에서, 건강검진 결과가 좋지 않더라도 자신의 건강을 미루지 않고 병원에 방문하는 것은 적절하지 않은가?	<분류>1</분류> <판단>바람직하다</판단>
[도덕_문장]: 건강검진에서 재검사를 받으라는 결과를 받았는데, 무서워서 병원 예약을 미루고 있다가 언니의 도움으로 겨우 예약하기로 마음먹었다. 이렇게, 가족이 중요한 의사결정에 어려움을 겪을 때 가족의 입장에서 도움을 줄 수 있도록 조언하는 것은 나쁘지 않은 행동인가?	<분류>1</분류> <판단>좋다</판단>
[도덕_문장]: 건강검진에서 재검사를 받으라는 결과를 받았는데, 무서워서 병원 예약을 미루고 있다가 언니의 도움으로 겨우 예약하기로 마음먹었다. 이처럼, 건강 문제로 병원에 갈 때 자신의 판단을 먼저 하되, 가까운 가족의 조언을 참고하는 것은 나쁘지 않은 행동인가?	<분류>1</분류> <판단>좋다</판단>
[도덕_문장]: 건강검진에서 재검사를 받으라는 결과를 받았는데, 무서워서 병원 예약을 미루고 있다가 언니의 도움으로 겨우 예약하기로 마음먹었다. 이럴 때, 가족과의 대화에서 문제를 미루지 않고 함께 해결하려는 노력을 하는 것은 권장되는가?	<분류>1</분류> <판단>필요하다</판단>
[도덕_문장]: 예뻐지려고 목주름에 보톡스를 맞았는데 목소리가 나오지 않는 부작용이 생겼지만 병원에서는 책임을 지지 않으려 해서 화가 나면서도 부모님께는 걱정하실까 봐 말씀드리지 못했다. 이러한 상황에서, 의료 전문가가 환자에게 부작용에 대한 충분한 설명과 책임 있는 조치를 취하는 것은 하면 안 되는가?	<분류>1</분류> <판단>해야 한다</판단>
[도덕_문장]: 화이트데이에 관심 있는 사람에게 선물을 주고 싶지만 거절당할까 봐 두려워서 선물을 줄지 말지 고민했다. 이렇게, 상대방이 거절할 경우 선물을 일방적으로 강요하지 않는 것은 바람직하지 않은 행동인가?	<분류>1</분류> <판단>바람직하다</판단>
[도덕_문장]: 담석증 수술을 받아야 하는데 회사가 바쁜 시기라서 수술 날짜를 미룰지 건강을 우선해서 바로 받을지 고민했다. 이럴 때, 개인의 건강이 우선이라면 미루지 않고 수술을 받는 것은 바람직한 행동인가?	<분류>1</분류> <판단>바람직하다</판단>
[도덕_문장]: 담석증 수술을 받아야 하는데 회사가 바쁜 시기라서 수술 날짜를 미룰지 건강을 우선해서 바로 받을지 고민했다. 이런 경우에, 직원의 건강을 최우선시 하는 것은 잘못된 행동인가?	<분류>1</분류> <판단>옳다</판단>
[도덕_문장]: 담석증 수술을 받아야 하는데 회사가 바쁜 시기라서 수술 날짜를 미룰지 건강을 우선해서 바로 받을지 고민했다. 이럴 때, 회사 업무를 개인의 건강보다 우선시하는 것은 문제가 되는 행동인가?	<분류>-1</분류> <판단>안 된다</판단>
[도덕_문장]: 담석증 수술을 받아야 하는데 회사가 바쁜 시기라서 수술 날짜를 미룰지 건강을 우선해서 바로 받을지 고민했다. 이렇게, 직장에서 개인적인 일정 때문에 자신의 건강을 위해 일정 조정에 대한 합리적인 요청을 하는 것은 어떠한가?	<분류>1</분류> <판단>바람직하다</판단>
[도덕_문장]: 담석증 수술을 받아야 하는데 회사가 바쁜 시기라서 수술 날짜를 미룰지 건강을 우선해서 바로 받을지 고민했다. 이렇게, 건강에 문제가 생겼을 때 자신의 건강을 회사의 업무보다 먼저 생각하는 것은 옳지 않은 행동인가?	<분류>1</분류> <판단>옳다.</판단>
[도덕_문장]: 3D프린터를 사고 싶어서 야근까지 해가며 돈을 모았지만, 막상 구입하고 나니 독학으로 배워야 한다는 부담감과 현재 일과의 균형을 맞출 수 있을지에 대한 불안감으로 후회가 들었다. 이럴 때, 구매 결정을 하기 전에 충분히 생각해보는 것은 나쁘지 않은 행동인가?	<분류>1</분류> <판단>좋다</판단>
[도덕_문장]: 소개팅으로 만난 여자가 친구 사이로 지내자고 했는데도 집착하며 회사와 집까지 찾아와서 상처 주기 싫어 좋게 타일렀지만 점점 심해져 강경하게 대응할지 고민했다. 이런 경우에, 상대방의 의사를 무시하고 일방적인 관계를 강요하는 것은 옳은 행동인가?	<분류>-1</분류> <판단>옳지 않다</판단>
[도덕_문장]: 소개팅으로 만난 여자가 친구 사이로 지내자고 했는데도 집착하며 회사와 집까지 찾아와서 상처 주기 싫어 좋게 타일렀지만 점점 심해져 강경하게 대응할지 고민했다. 이럴 때, 타인이 자신에게 집착하는 것이 불편하다면 이를 단호하게 거부하는 것은 정당한 행동인가?	<분류>1</분류> <판단>옳다</판단>
[도덕_문장]: 소개팅으로 만난 여자가 친구 사이로 지내자고 했는데도 집착하며 회사와 집까지 찾아와서 상처 주기 싫어 좋게 타일렀지만 점점 심해져 강경하게 대응할지 고민했다. 이런 상황에서, 개인의 의사를 존중하지 않고 일방적으로 관계를 강요하는 것은 어떠한가?	<분류>-1</분류> <판단>바람직하지 않다</판단>
[도덕_문장]: 소개팅으로 만난 여자가 친구 사이로 지내자고 했는데도 집착하며 회사와 집까지 찾아와서 상처 주기 싫어 좋게 타일렀지만 점점 심해져 강경하게 대응할지 고민했다. 이러한 상황에서, 상대가 원하는 관계를 존중하지 않고 강요하는 것은 어떠한가?	<분류>-1</분류> <판단>옳지 않다</판단>
[도덕_문장]: 소개팅으로 만난 여자가 친구 사이로 지내자고 했는데도 집착하며 회사와 집까지 찾아와서 상처 주기 싫어 좋게 타일렀지만 점점 심해져 강경하게 대응할지 고민했다. 이러한 상황에서, 처음 만난 이성에게 과도한 집착을 하는 것은 적절하지 않은가?	<분류>-1</분류> <판단>바람직하지 않다</판단>
[도덕_문장]: 아버지가 지어주신 이름을 개명하고 싶어서 신청까지 했지만, 아버지께 상처를 드릴까 봐 말씀드리지 못하고 있다. 이렇게, 개인의 결정을 내릴 때 다른 사람에게 상처를 주지 않도록 신중하게 접근하는 것은 적절하지 않은가?	<분류>1</분류> <판단>바람직하다</판단>
[도덕_문장]: 체중 감량을 위해 과자 대신 건강한 견과류인 땅콩을 먹었는데, 나중에 땅콩이 고칼로리 식품이라는 사실을 알고 오히려 살이 더 쪘을까 봐 불안해졌다. 이러한 상황에서, 사전에 충분한 조사와 전문가의 조언을 구하는 것은 바람직한 행동인가?	<분류>1</분류> <판단>바람직하다</판단>
[도덕_문장]: 체중 감량을 위해 과자 대신 건강한 견과류인 땅콩을 먹었는데, 나중에 땅콩이 고칼로리 식품이라는 사실을 알고 오히려 살이 더 쪘을까 봐 불안해졌다. 이처럼, 잘못된 정보로 인해 불안감이 생겼을 때 사실 확인을 하려는 것은 나쁜 행동인가?	<분류>1</분류> <판단>좋다</판단>
[도덕_문장]: 헤어진 전 남자친구가 일주일째 집 앞에서 만남을 요구하며 기다리고 있는데, 악의적인 사람은 아니지만 경찰에 신고하면 억하심정으로 더 나쁘게 나올까봐 고민된다. 이처럼, 집 앞에서 상대가 원하지 않는 만남을 요구할 경우 경찰에 신고하는 것은 나쁜가?	<분류>1</분류> <판단>좋다</판단>
[도덕_문장]: 헤어진 전 남자친구가 일주일째 집 앞에서 만남을 요구하며 기다리고 있는데, 악의적인 사람은 아니지만 경찰에 신고하면 억하심정으로 더 나쁘게 나올까봐 고민된다. 이처럼, 개인의 안전이 위협받는 상황에서 법과 절차에 따라 대응하는 것은 옳은가?	<분류>1</분류> <판단>옳다.</판단>
[도덕_문장]: 헤어진 전 남자친구가 일주일째 집 앞에서 만남을 요구하며 기다리고 있는데, 악의적인 사람은 아니지만 경찰에 신고하면 억하심정으로 더 나쁘게 나올까봐 고민된다. 이런 경우에, 상대방에게 만남을 강요하는 것은 옳은 행동인가?	<분류>-1</분류> <판단>옳지 않다</판단>
[도덕_문장]: 남자친구와 헤어지자고 말했다가 따귀를 맞아 무서워서 다시는 만나고 싶지 않지만, 관계를 확실히 정리하지 않으면 계속 불안할 것 같아 고민이다. 이렇게, 갈등 상황에서 신체적 폭력을 사용하는 것은 어떠한가?	<분류>-1</분류> <판단>절대 용납되지 않다</판단>
[도덕_문장]: 남자친구와 헤어지자고 말했다가 따귀를 맞아 무서워서 다시는 만나고 싶지 않지만, 관계를 확실히 정리하지 않으면 계속 불안할 것 같아 고민이다. 이럴 때, 연인에게 폭력을 사용하는 것은 괜찮은가?	<분류>-1</분류> <판단>나쁘다</판단>
[도덕_문장]: 남자친구와 헤어지자고 말했다가 따귀를 맞아 무서워서 다시는 만나고 싶지 않지만, 관계를 확실히 정리하지 않으면 계속 불안할 것 같아 고민이다. 이럴 때, 헤어지자고 한 뒤 폭력적인 언행을 하는 것은 옳은가?	<분류>-1</분류> <판단>옳지 않다</판단>
[도덕_문장]: 남자친구와 헤어지자고 말했다가 따귀를 맞아 무서워서 다시는 만나고 싶지 않지만, 관계를 확실히 정리하지 않으면 계속 불안할 것 같아 고민이다. 이런 상황일 때, 신체적 폭력을 사용하는 것은 정당한 행동인가?	<분류>-1</분류> <판단>정당화될 수 없다</판단>
[도덕_문장]: 남자친구와 헤어지자고 말했다가 따귀를 맞아 무서워서 다시는 만나고 싶지 않지만, 관계를 확실히 정리하지 않으면 계속 불안할 것 같아 고민이다. 이러한 상황에서, 연인에게 신체적 폭력을 가하는 것은 정당하지 않은 행동인가?	<분류>-1</분류> <판단>정당화될 수 없다</판단>
[도덕_문장]: 스터디 발제 준비가 부족하다고 느껴져서 아픈 척하며 스터디 모임을 빠질까 고민했지만, 결국 용기를 내어 참석하기로 결정했다. 이렇게, 스터디 준비에 충실하지 못한 경우 자신의 부족함을 인정하고 성찰하는 것은 어떠한가?	<분류>1</분류> <판단>좋다</판단>
[도덕_문장]: 스터디 발제 준비가 부족하다고 느껴져서 아픈 척하며 스터디 모임을 빠질까 고민했지만, 결국 용기를 내어 참석하기로 결정했다. 이런 상황일 때, 스터디 모임에서 자신의 역량을 충실히 발휘하는 것은 필수적인가?	<분류>1</분류> <판단>해야 한다</판단>
[도덕_문장]: 스터디 발제 준비가 부족하다고 느껴져서 아픈 척하며 스터디 모임을 빠질까 고민했지만, 결국 용기를 내어 참석하기로 결정했다. 이런 경우에, 스터디 발제 준비가 부족하더라도 스터디 모임에 참석하는 것은 적절한가?	<분류>1</분류> <판단>바람직하다</판단>
[도덕_문장]: 위가 아파서 불안한데 약을 먹었더니 오히려 더 심해져서 병원에 가야 할지 집에서 더 기다려볼지 고민했다. 이처럼, 건강 상태가 악화될 가능성이 있을 때 의료적 도움을 청하는 것은 잘못된 행동인가?	<분류>1</분류> <판단>옳다</판단>
[도덕_문장]: 할아버지가 자주 연락하시는데 가족들이 모두 바빠서 전화를 받지 못하고 있지만, 할아버지는 가족들이 자신을 잊어버렸다고 생각하며 상처받고 계신다. 이러한 상황에서, 가족들이 바쁜 일정이 있더라도 가끔씩 할아버지에게 연락을 하는 것은 필수적이지 않은가?	<분류>1</분류> <판단>해야 한다</판단>
[도덕_문장]: 아버지가 내 성적 때문에 소중한 강아지를 할머니 댁으로 보내버렸는데, 아버지를 원망하면서도 한편으로는 나를 위한 일이라는 것을 알기에 복잡한 마음이 들었다. 이렇게, 보호자의 결정에 반발할 때 상대방의 입장과 생각을 존중하는 것은 하면 안 되는가?	<분류>1</분류> <판단>해야 한다</판단>
[도덕_문장]: 연인에게 차인 후 자존감이 낮아져 새로운 사람들과 가까워지고 싶으면서도 또다시 상처받을까 봐 거리를 두게 된다. 이러한 상황에서, 연애 후 자신을 돌보는 것은 좋지 않은가?	<분류>1</분류> <판단>좋다</판단>
[도덕_문장]: 남자친구가 매번 자신이 좋아하는 국밥집이나 설렁탕집만 가자고 해서 국물을 싫어하는 나는 배려해주며 따라갔지만, 내 취향은 전혀 고려하지 않아 상처받았다. 이런 경우에, 연인의 취향을 고려하지 않고 일방적으로 특정 음식을 강요하는 것은 나쁘지 않은가?	<분류>-1</분류> <판단>나쁘다</판단>
[도덕_문장]: 남자친구가 매번 자신이 좋아하는 국밥집이나 설렁탕집만 가자고 해서 국물을 싫어하는 나는 배려해주며 따라갔지만, 내 취향은 전혀 고려하지 않아 상처받았다. 이처럼, 연인과의 갈등 상황에서 나 자신을 먼저 생각하는 것은 할 수 없는가?	<분류>0</분류> <판단>괜찮다</판단>
[도덕_문장]: 남자친구가 매번 자신이 좋아하는 국밥집이나 설렁탕집만 가자고 해서 국물을 싫어하는 나는 배려해주며 따라갔지만, 내 취향은 전혀 고려하지 않아 상처받았다. 이런 상황에서, 연인에게 강요하는 것은 정당하지 않은 행동인가?	<분류>-1</분류> <판단>옳지 않다</판단>
[도덕_문장]: 고등학교 동창들이 작은 출판사에서 일한다며 돈을 못 번다고 무시하는 말을 했는데, 좋아하는 일이라고 당당히 말할지 아니면 그냥 넘어갈지 고민이 되었다. 이렇게, 친구들이 자신의 직업이나 선택을 존중하지 않는 경우, 그들을 이해하고 존중하는 태도를 보이는 것은 좋은 행동인가?	<분류>1</분류> <판단>좋다</판단>
[도덕_문장]: 고등학교 동창들이 작은 출판사에서 일한다며 돈을 못 번다고 무시하는 말을 했는데, 좋아하는 일이라고 당당히 말할지 아니면 그냥 넘어갈지 고민이 되었다. 이런 경우에, 타인의 말에 불쾌감을 느낀 후 표현하는 것은 의무인가?	<분류>1</분류> <판단>해야 한다</판단>
[도덕_문장]: 남편이 매번 내가 정성껏 만든 반찬에 투정을 부리며 요리를 못한다고 말해서 상처받았지만, 맞서 말하지 못하고 속으로만 서러워했다. 이러한 상황에서, 상대방의 기분을 상하게 하는 말을 하는 것은 일반적인가?	<분류>-1</분류> <판단>하지 말아야 한다</판단>
[도덕_문장]: 가족여행을 위해 혼자서 모든 예약을 처리하고 싶었는데 호텔 예약이 어려워서 자녀들에게 도움을 요청할지 포기할지 고민했다. 이런 경우에, 가족과의 약속을 지키기 위해 자녀들의 도움을 요청하는 것은 바람직하지 않은 행동인가?	<분류>1</분류> <판단>바람직하다</판단>
[도덕_문장]: 가족여행을 위해 혼자서 모든 예약을 처리하고 싶었는데 호텔 예약이 어려워서 자녀들에게 도움을 요청할지 포기할지 고민했다. 이럴 때, 가족 여행 준비에 가족 구성원들이 함께 참여하는 것은 괜찮은가?	<분류>1</분류> <판단>좋다</판단>
[도덕_문장]: 가족여행을 위해 혼자서 모든 예약을 처리하고 싶었는데 호텔 예약이 어려워서 자녀들에게 도움을 요청할지 포기할지 고민했다. 이런 경우에, 가족 구성원들의 역할을 인정하고 서로 도와주는 것은 적절한가?	<분류>1</분류> <판단>바람직하다</판단>
[도덕_문장]: 가족여행을 위해 혼자서 모든 예약을 처리하고 싶었는데 호텔 예약이 어려워서 자녀들에게 도움을 요청할지 포기할지 고민했다. 이러한 상황에서, 가족 구성원들이 부모가 가족 여행을 준비하는 데 도움을 주는 것은 어떠한가?	<분류>1</분류> <판단>해야 한다</판단>
[도덕_문장]: 가족여행을 위해 혼자서 모든 예약을 처리하고 싶었는데 호텔 예약이 어려워서 자녀들에게 도움을 요청할지 포기할지 고민했다. 이런 상황일 때, 자녀들이 부모님께 필요한 도움을 제공하는 것은 하면 안 되는가?	<분류>1</분류> <판단>해야 한다</판단>
[도덕_문장]: 일에만 몰두하다 보니 내 생일을 깜빡했는데, 행복해지려고 일하는 건지 일 때문에 소중한 것들을 놓치고 사는 건지 혼란스러웠다. 이런 경우에, 자신의 삶도 돌아보는 것은 바람직한가?	<분류>1</분류> <판단>바람직하다</판단>
[도덕_문장]: 일에만 몰두하다 보니 내 생일을 깜빡했는데, 행복해지려고 일하는 건지 일 때문에 소중한 것들을 놓치고 사는 건지 혼란스러웠다. 이런 경우에, 자신의 감정과 필요를 인지하고 균형을 찾는 것은 해도 되는가?	<분류>1</분류> <판단>해야 한다</판단>
[도덕_문장]: 수업 시간에 실수로 큰 소리로 방귀가 나왔는데 친구들이 며칠째 방귀쟁이라고 놀려대서 학교에 가기 싫을 정도로 상처받았지만 어떻게 대처해야 할지 몰라 혼자 끙끙 앓고 있었다. 이럴 때, 친구를 놀리는 것은 적절한가?	<분류>-1</분류> <판단>바람직하지 않다</판단>
[도덕_문장]: 수업 시간에 실수로 큰 소리로 방귀가 나왔는데 친구들이 며칠째 방귀쟁이라고 놀려대서 학교에 가기 싫을 정도로 상처받았지만 어떻게 대처해야 할지 몰라 혼자 끙끙 앓고 있었다. 이처럼, 다른 사람의 실수나 실수로 인한 상황을 지나치게 조롱하는 것은 정당하지 않은 행동인가?	<분류>-1</분류> <판단>옳지 않다</판단>
[도덕_문장]: 수업 시간에 실수로 큰 소리로 방귀가 나왔는데 친구들이 며칠째 방귀쟁이라고 놀려대서 학교에 가기 싫을 정도로 상처받았지만 어떻게 대처해야 할지 몰라 혼자 끙끙 앓고 있었다. 이러한 상황에서, 다른 친구를 조롱하는 것은 어떠한가?	<분류>-1</분류> <판단>안 되다</판단>
[도덕_문장]: 신혼집을 오피스텔로 마련한 것을 뿌듯해했는데, 친구가 구질구질하고 불쌍하다며 기본은 아파트라고 말해서 상처받았고 아내도 그런 생각을 하는지 의심하게 되었다. 이런 상황일 때, 배우자를 의심하는 것은 옳지 않은가?	<분류>-1</분류> <판단>옳지 않다</판단>
[도덕_문장]: 남편이 내가 좋아하는 드라마와 음악을 은근히 무시하는 듯한 말투로 이야기해서 상처받았지만, 알고 보니 내 자존감이 낮아져 있어서 괜한 자격지심으로 발끈한 것 같아 혼란스러웠다. 이처럼, 자신에게 상처를 주는 말이나 행동이 있을 때 상황과 맥락을 먼저 생각해보는 것은 의무인가?	<분류>1</분류> <판단>해야 한다</판단>
[도덕_문장]: 소개팅에서 분위기가 좋았고 3차까지 이어졌는데 상대방이 애프터 제안에 답장을 주지 않아서, 직접적으로 거절 의사를 물어볼지 그냥 포기할지 고민했다. 이렇게, 애프터 요청을 받았을 때 거절 의사가 있더라도 예의 있게 전달하는 것은 좋지 않은 행동인가?	<분류>1</분류> <판단>좋다</판단>
[도덕_문장]: 소개팅에서 분위기가 좋았고 3차까지 이어졌는데 상대방이 애프터 제안에 답장을 주지 않아서, 직접적으로 거절 의사를 물어볼지 그냥 포기할지 고민했다. 이럴 때, 상대방이 거절 의사를 말하지 않는 것에 대해 오해하지 않는 것은 나쁘지 않은 행동인가?	<분류>1</분류> <판단>좋다</판단>
[도덕_문장]: 소개팅에서 분위기가 좋았고 3차까지 이어졌는데 상대방이 애프터 제안에 답장을 주지 않아서, 직접적으로 거절 의사를 물어볼지 그냥 포기할지 고민했다. 이런 상황일 때, 상대방의 애프터 제안에 답이 없더라도 무례한 어조로 거절하지 않는 것은 나쁜 행동인가?	<분류>0</분류> <판단>좋다</판단>
[도덕_문장]: 결혼 초반에는 행복했지만 성격 차이로 관계가 악화되어 별거와 이혼 중 어떤 선택을 해야 할지 고민하며 괴로워하고 있다. 이처럼, 이혼을 할 때 자식에게 최선을 다하는 것은 어떠한가?	<분류>1</분류> <판단>좋다</판단>
[도덕_문장]: 학교에서 친구들이 나를 '흙수저'라고 놀리며 가난한 집안을 비웃어서 전학을 가고 싶다고 아버지에게 말했지만, 아버지의 따뜻한 위로를 받고 나니 가족을 바꾸고 싶지 않다는 마음과 여전히 놀림받는 현실 사이에서 갈등했다. 이렇게, 가족이 친구 사이의 문제를 고민할 때 따뜻하게 위로해주는 것은 좋지 않은가?	<분류>1</분류> <판단>좋다</판단>
[도덕_문장]: 애인과 헤어진 후 한 달이 지났는데도 여전히 괴로워하는 나를 보며 엄마가 위로해주려 하지만, 과거에 머물러 있는 내 모습을 인정하기 싫어서 괜찮은 척 강한 모습을 보여야 할지 솔직하게 아픔을 드러내야 할지 고민했다. 이러한 상황에서, 자식이 힘든 시간을 보내는 것을 알면서도 지나치게 위로하려 하지 않고 차분하게 이야기를 들어주는 것은 바람직하지 않은가?	<분류>1</분류> <판단>바람직하다</판단>
[도덕_문장]: 애인과 헤어진 후 한 달이 지났는데도 여전히 괴로워하는 나를 보며 엄마가 위로해주려 하지만, 과거에 머물러 있는 내 모습을 인정하기 싫어서 괜찮은 척 강한 모습을 보여야 할지 솔직하게 아픔을 드러내야 할지 고민했다. 이런 경우에, 가족이 자녀에게 솔직한 감정 표현이 좋다고 조언하는 것은 문제없는가?	<분류>1</분류> <판단>해도 된다</판단>
[도덕_문장]: 애인과 헤어진 후 한 달이 지났는데도 여전히 괴로워하는 나를 보며 엄마가 위로해주려 하지만, 과거에 머물러 있는 내 모습을 인정하기 싫어서 괜찮은 척 강한 모습을 보여야 할지 솔직하게 아픔을 드러내야 할지 고민했다. 이렇게, 아이가 힘든 상황에 처해 있을 때 솔직한 감정을 존중해주는 것은 의무가 아닌가?	<분류>1</분류> <판단>해야 한다</판단>
[도덕_문장]: 다이어트를 결심하고 친구들에게 알렸는데 모두가 성공할 리 없다며 비웃어서 상처받았지만 포기할지 계속 도전할지 고민했다. 이런 경우에, 친구가 결심한 것을 비웃거나 깎아내리는 것은 옳은가?	<분류>-1</분류> <판단>옳지 않다</판단>
[도덕_문장]: 다이어트를 결심하고 친구들에게 알렸는데 모두가 성공할 리 없다며 비웃어서 상처받았지만 포기할지 계속 도전할지 고민했다. 이런 경우에, 친구가 다이어트를 하는 것에 대해 비웃거나 평가하는 것은 어떠한가?	<분류>-1</분류> <판단>옳지 않다</판단>
[도덕_문장]: 다이어트를 결심하고 친구들에게 알렸는데 모두가 성공할 리 없다며 비웃어서 상처받았지만 포기할지 계속 도전할지 고민했다. 이런 상황에서, 친구와의 관계에서 서로를 깎아내리는 말을 하는 것은 일반적인가?	<분류>-1</분류> <판단>하지 말아야 한다</판단>
[도덕_문장]: 다이어트를 결심하고 친구들에게 알렸는데 모두가 성공할 리 없다며 비웃어서 상처받았지만 포기할지 계속 도전할지 고민했다. 이런 경우에, 친구의 노력을 존중하지 않는 말을 하는 것은 적절한가?	<분류>-1</분류> <판단>바람직하지 않다</판단>
[도덕_문장]: 오래 준비한 공모전에서 떨어진 후 팀원들에게 내 탓인 것 같다고 사과해야 할지, 아니면 모두의 책임이라고 말해야 할지 고민했다. 이런 상황에서, 팀원들에게 서로의 노력을 인정해주는 것은 바람직하지 않은가?	<분류>1</분류> <판단>바람직하다</판단>
[도덕_문장]: 오래 준비한 공모전에서 떨어진 후 팀원들에게 내 탓인 것 같다고 사과해야 할지, 아니면 모두의 책임이라고 말해야 할지 고민했다. 이러한 상황에서, 팀 활동 결과가 좋지 않더라도 서로 비난하기보다 함께 개선할 점을 찾아 노력하는 것은 바람직한가?	<분류>1</분류> <판단>바람직하다</판단>
[도덕_문장]: 오래 준비한 공모전에서 떨어진 후 팀원들에게 내 탓인 것 같다고 사과해야 할지, 아니면 모두의 책임이라고 말해야 할지 고민했다. 이런 상황에서, 자신의 실수를 인정하면서도 상대의 기분을 배려하는 것은 의무인가?	<분류>1</분류> <판단>해야 한다</판단>
[도덕_문장]: 오래 준비한 공모전에서 떨어진 후 팀원들에게 내 탓인 것 같다고 사과해야 할지, 아니면 모두의 책임이라고 말해야 할지 고민했다. 이런 상황일 때, 단체의 성과에 대한 책임을 구성원 모두가 공정하게 분배하는 것은 권장되는가?	<분류>1</분류> <판단>되어야 한다</판단>
[도덕_문장]: 오래 준비한 공모전에서 떨어진 후 팀원들에게 내 탓인 것 같다고 사과해야 할지, 아니면 모두의 책임이라고 말해야 할지 고민했다. 이러한 상황에서, 팀원이 실수를 했다고 해도 비난하기보다는 격려해 주는 것은 나쁜가?	<분류>1</분류> <판단>좋다</판단>
[도덕_문장]: 운동으로 4kg을 감량했는데 남편을 포함해 아무도 알아봐 주지 않아서 상처받았지만, 외적인 변화보다 건강해진 것에 의미를 두라는 남편의 말에 마음을 달래야 할지 고민했다. 이럴 때, 건강에 변화가 있더라도 그것이 타인의 관심이나 인정과 직결되는 것은 바람직한가?	<분류>0</분류> <판단>바람직하지 않다</판단>
[도덕_문장]: 아이가 돈이 필요해서 집안을 엉망으로 만들어 놓았는데, 지난번에도 같은 일이 있어서 용돈을 주었던 터라 이번에도 화를 내야 할지 이해해야 할지 고민이 되었다. 이런 경우에, 부모가 아이의 잘못된 행동에 옳은 행동을 가르치는 것은 권장되는가?	<분류>1</분류> <판단>해야 한다</판단>
[도덕_문장]: 아들의 컴퓨터 검색 기록에서 '자살'이라는 단어를 발견했는데, 아들에게 직접 물어봐야 할지 아니면 괜한 오해일 수도 있으니 그냥 넘어가야 할지 고민이 된다. 이런 상황에서, 부모가 자녀의 사생활을 침해하지 않고 문제를 해결하려는 태도를 보이는 것은 권장되는가?	<분류>1</분류> <판단>보여야 한다</판단>
[도덕_문장]: 아들의 컴퓨터 검색 기록에서 '자살'이라는 단어를 발견했는데, 아들에게 직접 물어봐야 할지 아니면 괜한 오해일 수도 있으니 그냥 넘어가야 할지 고민이 된다. 이렇게, 부모와의 신뢰를 훼손할 수 있는 개인적인 정보를 포함할 경우 가족 구성원에게 충분한 설명을 제공하는 것은 적절한가?	<분류>1</분류> <판단>바람직하다</판단>
[도덕_문장]: 회사에서 사장의 의견에 반대 의견을 제시했다가 보복성 인사조치를 받게 되어, 불의에 맞서 싸울 것인지 아니면 참고 넘어갈 것인지 고민했다. 이러한 상황에서, 조직 내에서 발생한 부당한 처우를 회사 내부 절차를 통해 해결하는 것은 의무인가?	<분류>1</분류> <판단>해야 한다</판단>
[도덕_문장]: 회사에서 희망퇴직을 권유받아 개인택시를 해야 하는 상황에서 오랫동안 몸담았던 직장을 떠나는 상실감과 새로운 분야에서 다시 시작해야 하는 두려움 사이에서 갈등했다. 이런 상황일 때, 직장에서 직원 Retirement Program을 제공하여 직원들의 심리적, 경제적 부담을 완화하는 것은 나쁜가?	<분류>1</분류> <판단>좋다</판단>
[도덕_문장]: 스키장에서 처음이라 직활강을 하면 안 되는 이유를 궁금해서 강사에게 물어봤는데, 많은 사람들 앞에서 초보는 가만히 있으라며 무시당해 상처받았다. 이렇게, 초보가 질문을 할 때 무시하는 것은 나쁜가?	<분류>-1</분류> <판단>좋지 않다</판단>
[도덕_문장]: 스키장에서 처음이라 직활강을 하면 안 되는 이유를 궁금해서 강사에게 물어봤는데, 많은 사람들 앞에서 초보는 가만히 있으라며 무시당해 상처받았다. 이런 상황에서, 다른 사람에게 무례하게 대하는 것은 정당하지 않은 행동인가?	<분류>-1</분류> <판단>옳지 않다</판단>
[도덕_문장]: 스키장에서 처음이라 직활강을 하면 안 되는 이유를 궁금해서 강사에게 물어봤는데, 많은 사람들 앞에서 초보는 가만히 있으라며 무시당해 상처받았다. 이런 상황에서, 초보를 무시하는 것은 옳은가?	<분류>-1</분류> <판단>옳지 않다</판단>
[도덕_문장]: 회사에서 희망퇴직 대상자가 된 순간 동료들이 나를 피하며 위로 한마디 없이 사라져서 그동안의 인간관계가 진짜였는지 의심스러웠다. 이처럼, 직장 내 동료들이 상황이 어렵다고 위로 없이 관계를 단절하는 것은 어떠한가?	<분류>-1</분류> <판단>바람직하지 않다</판단>
[도덕_문장]: 회사에서 희망퇴직 대상자가 된 순간 동료들이 나를 피하며 위로 한마디 없이 사라져서 그동안의 인간관계가 진짜였는지 의심스러웠다. 이러한 상황에서, 동료를 배제하거나 도움 없이 방치하는 것은 괜찮은가?	<분류>-1</분류> <판단>나쁘다</판단>
[도덕_문장]: 아버지가 돌아가신 후 유품을 정리하다가 내 명의로 된 적금통장을 발견했는데, 아버지께서 병원비도 아끼시며 모아두신 돈인 것을 알고 이를 사용해야 할지 그대로 간직해야 할지 고민이 되었다. 이렇게, 자녀가 부모님의 경제적 사정을 이해하고 상황에 맞는 결정을 내리는 것은 적절한가?	<분류>1</분류> <판단>바람직하다</판단>
[도덕_문장]: 아버지가 돌아가신 후 유품을 정리하다가 내 명의로 된 적금통장을 발견했는데, 아버지께서 병원비도 아끼시며 모아두신 돈인 것을 알고 이를 사용해야 할지 그대로 간직해야 할지 고민이 되었다. 이런 경우에, 상속인의 판단을 존중하는 것은 어떠한가?	<분류>1</분류> <판단>해야 한다</판단>
[도덕_문장]: 아버지가 돌아가신 후 유품을 정리하다가 내 명의로 된 적금통장을 발견했는데, 아버지께서 병원비도 아끼시며 모아두신 돈인 것을 알고 이를 사용해야 할지 그대로 간직해야 할지 고민이 되었다. 이러한 상황에서, 아버지의 유품을 정리하며 그가 아껴 모은 돈을 함부로 쓰지 않고 가족 간에 논의하여 결정하는 것은 바람직한가?	<분류>1</분류> <판단>바람직하다</판단>
[도덕_문장]: 친구들이 인생 제2막을 준비한다며 나를 월급쟁이로 늙어 죽을 거냐고 말해서 상처받았지만, 집안 사정상 새로운 도전을 시작하기엔 위험부담이 커서 고민이 깊어졌다. 이런 상황일 때, 친한 친구들끼리 무례한 발언을 하지 않는 것은 필수적인가?	<분류>-1</분류> <판단>해야 한다</판단>
[도덕_문장]: 친구들이 인생 제2막을 준비한다며 나를 월급쟁이로 늙어 죽을 거냐고 말해서 상처받았지만, 집안 사정상 새로운 도전을 시작하기엔 위험부담이 커서 고민이 깊어졌다. 이런 상황에서, 다른 사람에게 상처를 주는 말을 하는 것은 어떠한가?	<분류>-1</분류> <판단>안 되다</판단>
[도덕_문장]: 비행기 공포증으로 수면제를 먹고 탔는데 동료가 비행기가 뭐가 무섭냐며 비아냥거려서 상처받았지만 출장 중이라 직접적으로 대응하지 못했다. 이런 상황일 때, 동료가 다른 사람의 심리상태나 문제를 무시하거나 비아냥거리는 것은 어떠한가?	<분류>-1</분류> <판단>안 되다</판단>
[도덕_문장]: 비행기 공포증으로 수면제를 먹고 탔는데 동료가 비행기가 뭐가 무섭냐며 비아냥거려서 상처받았지만 출장 중이라 직접적으로 대응하지 못했다. 이럴 때, 동료에게 말을 함부로 하는 것은 나쁜 행동인가?	<분류>-1</분류> <판단>좋지 않다</판단>
[도덕_문장]: 비행기 공포증으로 수면제를 먹고 탔는데 동료가 비행기가 뭐가 무섭냐며 비아냥거려서 상처받았지만 출장 중이라 직접적으로 대응하지 못했다. 이럴 때, 비행 공포증으로 인해 비행기를 이용하는 데 어려움을 겪는 동료를 비아냥거리는 것은 적절하지 않은가?	<분류>-1</분류> <판단>바람직하지 않다</판단>
[도덕_문장]: 비행기 공포증으로 수면제를 먹고 탔는데 동료가 비행기가 뭐가 무섭냐며 비아냥거려서 상처받았지만 출장 중이라 직접적으로 대응하지 못했다. 이러한 상황에서, 타인을 비아냥거리는 것은 바람직한 행동인가?	<분류>-1</분류> <판단>바람직하지 않다</판단>
[도덕_문장]: 비행기 공포증으로 수면제를 먹고 탔는데 동료가 비행기가 뭐가 무섭냐며 비아냥거려서 상처받았지만 출장 중이라 직접적으로 대응하지 못했다. 이럴 때, 동료를 비아냥거리는 것은 잘못된 행동인가?	<분류>-1</분류> <판단>옳지 않다</판단>
[도덕_문장]: 친구들이 내 다리 깁스 때문에 실내 모임을 제안해놓고 뒤에서 따로 만난 사실을 알게 되어 배신감을 느꼈지만, 오랜 친구 관계를 끝내고 싶지 않아 어떻게 대해야 할지 고민했다. 이런 경우에, 불편함이 있더라도 친구와 대화를 통해 오해를 푸는 것은 괜찮은가?	<분류>1</분류> <판단>좋다</판단>
[도덕_문장]: 친구들이 내 다리 깁스 때문에 실내 모임을 제안해놓고 뒤에서 따로 만난 사실을 알게 되어 배신감을 느꼈지만, 오랜 친구 관계를 끝내고 싶지 않아 어떻게 대해야 할지 고민했다. 이처럼, 오랜 친구 관계를 고려하더라도 상황에 맞는 솔직한 의사 표현을 하는 것은 바람직한가?	<분류>1</분류> <판단>바람직하다</판단>
[도덕_문장]: 친구들이 내 다리 깁스 때문에 실내 모임을 제안해놓고 뒤에서 따로 만난 사실을 알게 되어 배신감을 느꼈지만, 오랜 친구 관계를 끝내고 싶지 않아 어떻게 대해야 할지 고민했다. 이처럼, 상황을 잘못 판단한 친구에게 직접 이야기하는 것은 나쁘지 않은 행동인가?	<분류>1</분류> <판단>좋다</판단>
[도덕_문장]: 병원에 입원했는데 아무도 문병을 오지 않아 외로웠지만, 정작 옆 침대에 문병객이 많이 와서 시끄러울 때는 불편함을 느꼈다. 이렇게, 타인의 상황을 고려하지 않고 문병을 하는 것은 일반적인가?	<분류>-1</분류> <판단>안 된다</판단>
[도덕_문장]: 병원에 입원했는데 아무도 문병을 오지 않아 외로웠지만, 정작 옆 침대에 문병객이 많이 와서 시끄러울 때는 불편함을 느꼈다. 이처럼, 병원 입원자를 방문할 때 주변 환자의 평온한 휴식과 회복을 고려해 방문 시간을 조절하는 것은 바람직한 행동인가?	<분류>1</분류> <판단>바람직하다</판단>
[도덕_문장]: 점심시간에 드론을 갖고 싶다고 말했더니 동료가 다른 사람들 앞에서 어린애 장난감을 왜 갖고 싶어하냐며 원색적으로 비난해서 상처받았지만 그 자리에서 아무 말도 하지 못했다. 이런 경우에, 개인의 취미나 관심을 원색적으로 비난하는 것은 어떠한가?	<분류>-1</분류> <판단>안 되다</판단>
[도덕_문장]: 점심시간에 드론을 갖고 싶다고 말했더니 동료가 다른 사람들 앞에서 어린애 장난감을 왜 갖고 싶어하냐며 원색적으로 비난해서 상처받았지만 그 자리에서 아무 말도 하지 못했다. 이럴 때, 상대방이 모욕감을 느낄 수 있는 말을 하는 것은 일반적이지 않은가?	<분류>-1</분류> <판단>안 된다</판단>
[도덕_문장]: 점심시간에 드론을 갖고 싶다고 말했더니 동료가 다른 사람들 앞에서 어린애 장난감을 왜 갖고 싶어하냐며 원색적으로 비난해서 상처받았지만 그 자리에서 아무 말도 하지 못했다. 이럴 때, 동료의 개인 취향에 대해 원색적으로 비난하는 것은 옳은 행동인가?	<분류>-1</분류> <판단>옳지 않다</판단>
[도덕_문장]: 점심시간에 드론을 갖고 싶다고 말했더니 동료가 다른 사람들 앞에서 어린애 장난감을 왜 갖고 싶어하냐며 원색적으로 비난해서 상처받았지만 그 자리에서 아무 말도 하지 못했다. 이처럼, 함께 근무하는 동료에게 비난이 섞인 말을 할 때 주의하는 것은 잘못된 행동인가?	<분류>1</분류> <판단>옳다</판단>
[도덕_문장]: 아기 장난감을 샀는데 불량품이어서 다음 날 교환하러 갔더니 가게 주인이 내가 망가뜨린 것 아니냐며 다른 손님들 앞에서 의심하고 몰아가서 억울하고 상처받았다. 이런 상황에서, 상점에서 제품을 교환하는 과정에서 타인의 의심을 표현하는 것은 바람직하지 않은가?	<분류>-1</분류> <판단>바람직하지 않다</판단>
[도덕_문장]: 하지정맥류로 인해 서 있기 힘들어 잠깐 앉아 있었는데 상사가 꾀병을 부린다고 말해서 업무를 바꿔달라고 요청할지 고민했다. 이러한 상황에서, 건강상 문제로 인해 휴가나 업무 조정을 요청하는 것은 할 수 있는가?	<분류>0</분류> <판단>할 수 있다</판단>
[도덕_문장]: 하지정맥류로 인해 서 있기 힘들어 잠깐 앉아 있었는데 상사가 꾀병을 부린다고 말해서 업무를 바꿔달라고 요청할지 고민했다. 이렇게, 업무 수행에 어려움이 있는 경우 건강을 고려해 업무 환경 조정을 요청하는 것은 어떠한가?	<분류>1</분류> <판단>정당한 행동이다</판단>
[도덕_문장]: 하지정맥류로 인해 서 있기 힘들어 잠깐 앉아 있었는데 상사가 꾀병을 부린다고 말해서 업무를 바꿔달라고 요청할지 고민했다. 이런 경우에, 업무와 관련된 신체 문제로 인해 근무가 어렵다면 업무 조정을 요청하는 것은 적절하지 않은가?	<분류>1</분류> <판단>바람직하다</판단>
[도덕_문장]: 하지정맥류로 인해 서 있기 힘들어 잠깐 앉아 있었는데 상사가 꾀병을 부린다고 말해서 업무를 바꿔달라고 요청할지 고민했다. 이렇게, 직장에서 업무 수행에 어려움이 있을 경우 정당한 사유를 설명하고 근무 조정을 요청하는 것은 바람직한가?	<분류>0</분류> <판단>바람직하다</판단>
[도덕_문장]: 하지정맥류로 인해 서 있기 힘들어 잠깐 앉아 있었는데 상사가 꾀병을 부린다고 말해서 업무를 바꿔달라고 요청할지 고민했다. 이러한 상황에서, 상대에게 오해를 살 수 있는 말로 평가하는 것은 어떠한가?	<분류>-1</분류> <판단>옳지 않다</판단>
[도덕_문장]: 하지정맥류로 인해 서 있기 힘들어 잠깐 앉아 있었는데 상사가 꾀병을 부린다고 말해서 업무를 바꿔달라고 요청할지 고민했다. 이렇게, 건강이 좋지 않을 때 도움을 받는 것은 문제가 되는가?	<분류>1</분류> <판단>할 수 있다</판단>
[도덕_문장]: 아르바이트 면접에서 사장이 나이보다 들어보인다고 하고 다른 직원에게 할머니 같다고 말하는 것을 들었는데, 그 자리에서 항의해야 할지 그냥 참고 넘어가야 할지 고민했다. 이처럼, 면접자의 외모나 나이에 대한 부적절한 발언을 들었을 때 즉시 제지를 하는 것은 권장되지 않는가?	<분류>1</분류> <판단>해야 한다</판단>
[도덕_문장]: 아르바이트 면접에서 사장이 나이보다 들어보인다고 하고 다른 직원에게 할머니 같다고 말하는 것을 들었는데, 그 자리에서 항의해야 할지 그냥 참고 넘어가야 할지 고민했다. 이러한 상황에서, 면접 자리에서 상대방이 불쾌감을 느낄 수 있는 언행을 하지 않는 것은 권장되지 않는가?	<분류>1</분류> <판단>해야 한다</판단>
[도덕_문장]: 아르바이트 면접에서 사장이 나이보다 들어보인다고 하고 다른 직원에게 할머니 같다고 말하는 것을 들었는데, 그 자리에서 항의해야 할지 그냥 참고 넘어가야 할지 고민했다. 이렇게, 면접에서 모욕적인 발언을 들었을 때 이를 참지 않고 자신의 발언을 중단시키는 것은 어떠한가?	<분류>1</분류> <판단>옳다.</판단>
[도덕_문장]: 아르바이트 면접에서 사장이 나이보다 들어보인다고 하고 다른 직원에게 할머니 같다고 말하는 것을 들었는데, 그 자리에서 항의해야 할지 그냥 참고 넘어가야 할지 고민했다. 이렇게, 면접을 할 때 면접자의 연령과 외모를 존중하는 것은 하면 안 되는가?	<분류>1</분류> <판단>해야 한다</판단>
[도덕_문장]: 아르바이트 면접에서 사장이 나이보다 들어보인다고 하고 다른 직원에게 할머니 같다고 말하는 것을 들었는데, 그 자리에서 항의해야 할지 그냥 참고 넘어가야 할지 고민했다. 이처럼, 면접에서 상대에 대한 무례한 발언을 들었을 때 상황에 따라 대응하는 것은 적절한가?	<분류>0</분류> <판단>바람직하다</판단>
[도덕_문장]: 아르바이트 면접에서 사장이 나이보다 들어보인다고 하고 다른 직원에게 할머니 같다고 말하는 것을 들었는데, 그 자리에서 항의해야 할지 그냥 참고 넘어가야 할지 고민했다. 이렇게, 면접 중 모욕적인 표현을 들었을 때 항의하는 것은 좋지 않은 행동인가?	<분류>1</분류> <판단>좋다</판단>
[도덕_문장]: 직장 동료가 내 사생활에 대해 지나치게 참견하고 상처 주는 말을 해서 불쾌하지만, 직장 내 관계를 고려해 직접적으로 대응하지 못하고 있다. 이럴 때, 직장 내 사적인 문제에 대해 간섭하는 것은 옳은가?	<분류>-1</분류> <판단>옳지 않다</판단>
[도덕_문장]: 친구가 낚시 약속을 또 까먹어서 상처받았지만, 어릴 때부터 덜렁대는 성격인 걸 아는데도 서운함을 직접 말해야 할지 그냥 넘어가야 할지 고민했다. 이럴 때, 친구의 성격을 이해하고 인정하는 것은 좋지 않은가?	<분류>1</분류> <판단>좋다</판단>
[도덕_문장]: 친구가 낚시 약속을 또 까먹어서 상처받았지만, 어릴 때부터 덜렁대는 성격인 걸 아는데도 서운함을 직접 말해야 할지 그냥 넘어가야 할지 고민했다. 이런 경우에, 약속을 여러 번 어기는 친구에게 서운함을 정중하게 표현해주는 것은 좋지 않은 행동인가?	<분류>1</분류> <판단>좋다</판단>
[도덕_문장]: 나이가 들면서 안정적인 직장과 내 집을 가질 거라고 생각했는데 대출금만 늘어가는 현실에 좌절감을 느끼지만, 배우자 앞에서는 괜찮은 척 버텨야 할지 솔직하게 털어놓아야 할지 고민했다. 이런 경우에, 배우자가 경제적인 어려움으로 힘들어 하더라도 솔직한 감정을 표현하는 것은 나쁘지 않은가?	<분류>1</분류> <판단>좋다</판단>
[도덕_문장]: 나이가 들면서 안정적인 직장과 내 집을 가질 거라고 생각했는데 대출금만 늘어가는 현실에 좌절감을 느끼지만, 배우자 앞에서는 괜찮은 척 버텨야 할지 솔직하게 털어놓아야 할지 고민했다. 이렇게, 배우자가 어려움을 털어놓을 때 공감하고 지지하는 태도를 보이는 것은 바람직한 행동인가?	<분류>1</분류> <판단>바람직하다</판단>
[도덕_문장]: 나이가 들면서 안정적인 직장과 내 집을 가질 거라고 생각했는데 대출금만 늘어가는 현실에 좌절감을 느끼지만, 배우자 앞에서는 괜찮은 척 버텨야 할지 솔직하게 털어놓아야 할지 고민했다. 이런 상황일 때, 부부가 서로의 어려움을 이해하고 지지하는 것은 적절한가?	<분류>1</분류> <판단>바람직하다</판단>
[도덕_문장]: 나이가 들면서 안정적인 직장과 내 집을 가질 거라고 생각했는데 대출금만 늘어가는 현실에 좌절감을 느끼지만, 배우자 앞에서는 괜찮은 척 버텨야 할지 솔직하게 털어놓아야 할지 고민했다. 이럴 때, 배우자를 속이지 않는 것은 어떠한가?	<분류>1</분류> <판단>좋다</판단>
[도덕_문장]: 어렸을 때 생긴 트라우마로 인한 불안과 걱정을 숨기고 싶지만, 연인에게 솔직하게 털어놓고 도움을 받고 싶은 마음 사이에서 고민했다. 이런 상황에서, 연인에게 심리적 고통이나 불편한 감정을 털어놓는 것은 좋은 행동인가?	<분류>1</분류> <판단>좋다</판단>
[도덕_문장]: 어렸을 때 생긴 트라우마로 인한 불안과 걱정을 숨기고 싶지만, 연인에게 솔직하게 털어놓고 도움을 받고 싶은 마음 사이에서 고민했다. 이러한 상황에서, 상대방의 사정을 이해하려 노력하는 것은 바람직하지 않은가?	<분류>1</분류> <판단>바람직하다</판단>
[도덕_문장]: 어렸을 때 생긴 트라우마로 인한 불안과 걱정을 숨기고 싶지만, 연인에게 솔직하게 털어놓고 도움을 받고 싶은 마음 사이에서 고민했다. 이런 상황에서, 연인의 약점과 어려움을 이해해 주는 것은 적절하지 않은가?	<분류>1</분류> <판단>바람직하다</판단>
[도덕_문장]: 어렸을 때 생긴 트라우마로 인한 불안과 걱정을 숨기고 싶지만, 연인에게 솔직하게 털어놓고 도움을 받고 싶은 마음 사이에서 고민했다. 이런 상황에서, 상대의 감정과 정서 상태를 고려해 조언하고 지지하는 태도를 보이는 것은 해도 되는가?	<분류>1</분류> <판단>해야 한다</판단>
[도덕_문장]: 면도하다 베인 상처에 대해 동기가 아버지한테 배우지 않았냐고 농담했는데, 어릴 때 아버지를 잃은 나는 의도하지 않은 말에 상처받은 내 자신이 한심하다는 생각에 더욱 괴로웠다. 이러한 상황에서, 가족 관계를 농담거리로 삼는 것은 정당하지 않은 행동인가?	<분류>-1</분류> <판단>옳지 않다</판단>
[도덕_문장]: 면도하다 베인 상처에 대해 동기가 아버지한테 배우지 않았냐고 농담했는데, 어릴 때 아버지를 잃은 나는 의도하지 않은 말에 상처받은 내 자신이 한심하다는 생각에 더욱 괴로웠다. 이러한 상황에서, 타인의 감정을 생각하지 않고 농담을 하는 것은 옳지 않은 행동인가?	<분류>-1</분류> <판단>옳지 않다</판단>
[도덕_문장]: 영어 시험에서 열심히 공부했는데 B 성적을 받아 좌절했지만, 연인이 노력 자체를 인정해주며 위로해줘서 포기할지 계속 도전할지 고민이 되었다. 이렇게, 힘들어할 때 자신의 노력을 인정하고 위로해주는 것은 나쁜 행동인가?	<분류>1</분류> <판단>좋다</판단>
[도덕_문장]: 영어 시험에서 열심히 공부했는데 B 성적을 받아 좌절했지만, 연인이 노력 자체를 인정해주며 위로해줘서 포기할지 계속 도전할지 고민이 되었다. 이런 상황일 때, 시험 성적이 기대치를 충족하지 못하더라도 타인의 노력을 인정하는 태도를 유지하는 것은 어떠한가?	<분류>1</분류> <판단>중요하다</판단>
[도덕_문장]: 영어 시험에서 열심히 공부했는데 B 성적을 받아 좌절했지만, 연인이 노력 자체를 인정해주며 위로해줘서 포기할지 계속 도전할지 고민이 되었다. 이런 경우에, 연인이 상대방의 어려움에 공감하고 격려해주는 것은 나쁜가?	<분류>1</분류> <판단>좋다</판단>
[도덕_문장]: 영어 시험에서 열심히 공부했는데 B 성적을 받아 좌절했지만, 연인이 노력 자체를 인정해주며 위로해줘서 포기할지 계속 도전할지 고민이 되었다. 이러한 상황에서, 연인을 격려하는 것은 좋은 행동인가?	<분류>1</분류> <판단>좋은 행동이다</판단>
[도덕_문장]: 영어 시험에서 열심히 공부했는데 B 성적을 받아 좌절했지만, 연인이 노력 자체를 인정해주며 위로해줘서 포기할지 계속 도전할지 고민이 되었다. 이런 상황일 때, 연인이 상대방의 고민을 공감하는 태도를 보이는 것은 나쁜 행동인가?	<분류>1</분류> <판단>좋다</판단>
[도덕_문장]: 영어 시험에서 열심히 공부했는데 B 성적을 받아 좌절했지만, 연인이 노력 자체를 인정해주며 위로해줘서 포기할지 계속 도전할지 고민이 되었다. 이처럼, 연인에게 자신의 감정과 상황을 충분히 설명하는 것은 필수적이지 않은가?	<분류>1</분류> <판단>필요하다</판단>
[도덕_문장]: 영어 시험에서 열심히 공부했는데 B 성적을 받아 좌절했지만, 연인이 노력 자체를 인정해주며 위로해줘서 포기할지 계속 도전할지 고민이 되었다. 이러한 상황에서, 연인이 상대방에게 격려를 아끼지 않는 것은 어떠한가?	<분류>1</분류> <판단>아니어야 한다</판단>
[도덕_문장]: 엄마가 내 어릴 적 사진을 모두 잃어버리셨는데 내가 속상해하자 뭐 그런 거 가지고 서운해하냐고 말씀하셔서 엄마의 무관심한 태도에 상처받았지만 그래도 가족이라 어떻게 대해야 할지 고민이 되었다. 이런 상황에서, 가족 관계에서 소통 방식을 개선하거나 자신의 입장과 감정을 정중하게 표현하는 것은 적절하지 않은가?	<분류>1</분류> <판단>바람직하다</판단>
[도덕_문장]: 엄마가 내 어릴 적 사진을 모두 잃어버리셨는데 내가 속상해하자 뭐 그런 거 가지고 서운해하냐고 말씀하셔서 엄마의 무관심한 태도에 상처받았지만 그래도 가족이라 어떻게 대해야 할지 고민이 되었다. 이처럼, 가족 간의 갈등이 생길 때 상대방의 입장과 감정을 공감하려고 노력하는 것은 나쁜 행동인가?	<분류>1</분류> <판단>좋다</판단>
[도덕_문장]: 엄마가 내 어릴 적 사진을 모두 잃어버리셨는데 내가 속상해하자 뭐 그런 거 가지고 서운해하냐고 말씀하셔서 엄마의 무관심한 태도에 상처받았지만 그래도 가족이라 어떻게 대해야 할지 고민이 되었다. 이런 상황일 때, 자녀의 어려움에 관심을 가지지 않는 것은 바람직하지 않은가?	<분류>-1</분류> <판단>바람직하지 않다</판단>
[도덕_문장]: 부모님이 내 출생의 비밀을 알려주셨는데, 지금까지 친부모라고 믿고 존경해온 분들을 앞으로 어떻게 대해야 할지 몰라 혼란스럽다. 이러한 상황에서, 친부모가 아닌 다른 사람이 친부모를 대신해 양육했다 하더라도 그 양육을 인정하는 것은 옳은 행동인가?	<분류>1</분류> <판단>옳다.</판단>
[도덕_문장]: 동기들이 나만 빼고 모임을 가졌다고 해서 배신감에 상처받았는데, 바빠 보여서 초대하지 않았다는 말이 거짓말 같아서 직접 물어볼지 말지 고민했다. 이렇게, 상황을 따져 물어보는 것은 정당하지 않은 행동인가?	<분류>0</분류> <판단>정당하다</판단>
[도덕_문장]: 오랜만에 만난 친구가 미국에서 박사과정을 하고 있다는 이야기를 들으니 평범한 직장인인 내가 초라해 보일까봐 괜히 부담스럽고 자격지심이 들었지만 겉으로는 반갑다며 괜찮은 척했다. 이처럼, 자신의 상황이 친구에 비해 초라해 보이더라도 상대에게 부담을 주지 않으려 노력하는 것은 어떠한가?	<분류>1</분류> <판단>바람직하다</판단>
[도덕_문장]: 오랜만에 만난 친구가 미국에서 박사과정을 하고 있다는 이야기를 들으니 평범한 직장인인 내가 초라해 보일까봐 괜히 부담스럽고 자격지심이 들었지만 겉으로는 반갑다며 괜찮은 척했다. 이럴 때, 타인의 삶의 방향과 성취를 판단의 기준으로 삼지 않는 것은 바람직한가?	<분류>1</분류> <판단>바람직하다</판단>
[도덕_문장]: 자격증 시험에 떨어져서 상처받고 힘들어하는 상황에서 연인과의 약속을 취소하고 싶었지만, 연인의 위로와 격려를 받고 나서 약속을 지켜야 할지 고민했다. 이런 경우에, 연인이 상처받은 사람의 마음을 위로하는 것은 좋지 않은가?	<분류>1</분류> <판단>좋다</판단>
[도덕_문장]: 자격증 시험에 떨어져서 상처받고 힘들어하는 상황에서 연인과의 약속을 취소하고 싶었지만, 연인의 위로와 격려를 받고 나서 약속을 지켜야 할지 고민했다. 이처럼, 연인이 상처를 받았을 때 그 상황을 이해해주는 것은 정당한 행동인가?	<분류>1</분류> <판단>옳다</판단>
[도덕_문장]: 자격증 시험에 떨어져서 상처받고 힘들어하는 상황에서 연인과의 약속을 취소하고 싶었지만, 연인의 위로와 격려를 받고 나서 약속을 지켜야 할지 고민했다. 이런 상황일 때, 연인에게 이해심을 보이는 것은 필수적이지 않은가?	<분류>1</분류> <판단>해야 한다</판단>
[도덕_문장]: 자격증 시험에 떨어져서 상처받고 힘들어하는 상황에서 연인과의 약속을 취소하고 싶었지만, 연인의 위로와 격려를 받고 나서 약속을 지켜야 할지 고민했다. 이처럼, 연인이 어려움을 겪을 때 상처를 주지 않도록 위로하고 약속을 지키는 것은 적절하지 않은가?	<분류>1</분류> <판단>바람직하다</판단>
[도덕_문장]: 자격증 시험에 떨어져서 상처받고 힘들어하는 상황에서 연인과의 약속을 취소하고 싶었지만, 연인의 위로와 격려를 받고 나서 약속을 지켜야 할지 고민했다. 이처럼, 연인이 힘들어하는 상황에서 함께 공감하고 위로하는 것은 나쁜 행동인가?	<분류>1</분류> <판단>좋다</판단>
[도덕_문장]: 병원에서 보호자를 데려오라고 했는데 연락할 사람이 아무도 없어서 법적 보호자 없이는 진료를 받을 수 없다는 현실에 직면했다. 이렇게, 병원의 법적 보호자 요청에 따라 상황을 해결하기 위해 연락할 수 있는 사람을 찾아보는 것은 적절한가?	<분류>1</분류> <판단>바람직하다</판단>
[도덕_문장]: 병원에서 보호자를 데려오라고 했는데 연락할 사람이 아무도 없어서 법적 보호자 없이는 진료를 받을 수 없다는 현실에 직면했다. 이러한 상황에서, 병원에서 법적 보호자를 요구하는 것은 좋은 행동인가?	<분류>0</분류> <판단>나쁘지 않다</판단>
[도덕_문장]: 병원에서 보호자를 데려오라고 했는데 연락할 사람이 아무도 없어서 법적 보호자 없이는 진료를 받을 수 없다는 현실에 직면했다. 이렇게, 응급 상황에서 자신의 상황을 설명하고 도움을 요청하는 것은 문제가 되지 않는 행동인가?	<분류>1</분류> <판단>해도 된다</판단>
[도덕_문장]: 병원에서 보호자를 데려오라고 했는데 연락할 사람이 아무도 없어서 법적 보호자 없이는 진료를 받을 수 없다는 현실에 직면했다. 이처럼, 병원에서 보호자를 동반해야 하는 경우 그 이유를 사전에 안내하는 것은 해도 되는가?	<분류>1</분류> <판단>해야 한다</판단>
[도덕_문장]: 병원에서 보호자를 데려오라고 했는데 연락할 사람이 아무도 없어서 법적 보호자 없이는 진료를 받을 수 없다는 현실에 직면했다. 이런 상황일 때, 의료기관이 환자의 가족 관계에 대해 확인할 수 있는 방법을 제공하거나 안내하는 것은 의무인가?	<분류>1</분류> <판단>해야 한다</판단>
[도덕_문장]: 과거의 상처받은 기억들이 계속 악몽으로 나타나 잠들기가 두려운데, 연인에게 내 아픔을 계속 털어놓는 것이 부담을 주는 건 아닌지 고민된다. 이렇게, 연인 관계에서 자신의 상처를 표현할 때 상대방의 부담을 고려하는 것은 바람직한 행동인가?	<분류>1</분류> <판단>바람직하다</판단>
[도덕_문장]: 회사 과장님이 건강검진 때문에 저녁을 안 먹는다고 했더니 다이어트를 하라며 살을 빼라고 말해서 상처받았지만 직장 상사라 제대로 반박하지 못했다. 이렇게, 직장 상사가 업무 외의 개인적인 건강과 다이어트에 대한 조언을 할 때 이를 예의 바르게 거절하는 것은 어떠한가?	<분류>1</분류> <판단>바람직하다</판단>
[도덕_문장]: 회사 과장님이 건강검진 때문에 저녁을 안 먹는다고 했더니 다이어트를 하라며 살을 빼라고 말해서 상처받았지만 직장 상사라 제대로 반박하지 못했다. 이러한 상황에서, 직장 상사가 부하 직원의 개인적인 선택을 존중하지 않고 강압적으로 조언하거나 압박하는 발언을 하는 것은 문제가 되는가?	<분류>-1</분류> <판단>안 된다</판단>
[도덕_문장]: 오빠가 내 소득을 언급하며 아버지를 자신이 모시겠다고 하자, 새언니에게 부담을 주지 않으려던 내 배려는 무시당한 것 같아 상처받았다. 이처럼, 자신의 경제적 상황을 다른 사람에게 무리하게 강요하는 것은 어떠한가?	<분류>-1</분류> <판단>옳지 않다</판단>
[도덕_문장]: 회사에서 열심히 일했다고 생각했는데 상사들로부터 더 분발하라는 냉담한 평가를 받아 내 능력을 의심하게 되었지만, 동료들 앞에서는 괜찮은 척 태연하게 행동했다. 이럴 때, 동료들 앞에서 일의 어려움이나 성과에 대한 불만을 드러내지 않는 것은 권장되지 않는가?	<분류>1</분류> <판단>해야 한다.</판단>
[도덕_문장]: 조카가 자라면서 삼촌인 나를 무시하고 놀기 싫다고 직설적으로 말해서 상처받았지만, 아이의 성장 과정이라는 것을 알면서도 집을 나가야 할지 고민했다. 이런 경우에, 상처를 받은 아이의 성장 과정을 존중하고, 아이가 마음을 표현할 수 있도록 존중해주는 것은 좋지 않은가?	<분류>1</분류> <판단>좋다</판단>
[도덕_문장]: 조카가 자라면서 삼촌인 나를 무시하고 놀기 싫다고 직설적으로 말해서 상처받았지만, 아이의 성장 과정이라는 것을 알면서도 집을 나가야 할지 고민했다. 이럴 때, 자신의 의견을 솔직하게 표현하는 것은 문제가 되는가?	<분류>1</분류> <판단>할 수 있다</판단>
[도덕_문장]: 연인이 요즘 애정표현도 줄고 연락도 뜸해져서 마음이 변했나 의심스러웠지만, 직접 물어보기엔 관계가 깨질까 봐 두려웠다. 이처럼, 관계의 불확실성이 생겼을 때 상대와 진솔하게 대화를 나누어 감정을 공유하는 것은 어떠한가?	<분류>1</분류> <판단>해야 한다</판단>
[도덕_문장]: 승진 시험에 떨어져 상처받은 상황에서 나만 제외되고 동기들만 승진한 것을 축하하는 부서 파티에 참석해야 할지 고민했다. 이런 상황일 때, 승진 시험에서 결과에 상관없이 동료를 축하해 주는 것은 좋지 않은 행동인가?	<분류>1</분류> <판단>좋다</판단>
[도덕_문장]: 엄마가 빨래를 안 한다고 화를 내셨는데, 나는 속옷은 손빨래를 하고 있었고 빨래가 많이 쌓인 것도 아니어서 억울했지만 사실 나머지 빨래는 엄마가 해주시고 있어서 죄송한 마음도 들었다. 이렇게, 갈등이 생겼을 때 억울한 부분을 해소하려는 노력을 하는 것은 필요하지 않은가?	<분류>1</분류> <판단>필요하다</판단>
[도덕_문장]: 엄마가 빨래를 안 한다고 화를 내셨는데, 나는 속옷은 손빨래를 하고 있었고 빨래가 많이 쌓인 것도 아니어서 억울했지만 사실 나머지 빨래는 엄마가 해주시고 있어서 죄송한 마음도 들었다. 이런 상황일 때, 대화를 통해 이해를 구하는 것은 좋지 않은가?	<분류>1</분류> <판단>좋다</판단>
[도덕_문장]: 아르바이트 중 품절된 분홍색 머그잔을 찾는 손님이 재고를 확인해보지도 않고 없다고 말했다며 인신공격과 욕설을 퍼부었는데, 나는 아르바이트생 신분이라 제대로 반박하지 못하고 억울함만 삼켜야 했다. 이럴 때, 서비스 업무 중 손님과의 대화에서 인신공격을 하는 것은 정당하지 않은 행동인가?	<분류>-1</분류> <판단>옳지 않다</판단>
[도덕_문장]: 시가 가족 모임에서 어른들이 언제 아이를 가질 거냐고 닦달하는데, 경제적 여유가 없어 아이를 원하지 않는다고 솔직히 말할 수도 없고 그렇다고 거짓으로 동조할 수도 없어서 괴로웠다. 이럴 때, 상대방이 원하지 않는 것에 대해 무리한 요구나 압박을 하지 않는 것은 괜찮은가?	<분류>1</분류> <판단>좋다</판단>
[도덕_문장]: 시가 가족 모임에서 어른들이 언제 아이를 가질 거냐고 닦달하는데, 경제적 여유가 없어 아이를 원하지 않는다고 솔직히 말할 수도 없고 그렇다고 거짓으로 동조할 수도 없어서 괴로웠다. 이러한 상황에서, 가족 모임에서 타인의 가족 계획에 간섭하는 것은 어떠한가?	<분류>-1</분류> <판단>안 되다</판단>
[도덕_문장]: 회사에서 도시락을 싸와서 먹는 것이 경제적으로 필요하지만, 동료들이 별종 취급하며 왜 그렇게 돈을 아끼냐고 말해서 부끄럽고 상처받았다. 이러한 상황에서, 상대의 결정을 함부로 평가하는 것은 좋은가?	<분류>-1</분류> <판단>좋지 않다.</판단>
[도덕_문장]: 미용실에서 머리를 망쳐놓은 미용사가 눈을 피하며 미안해하는 것 같은데, 화가 나지만 관계를 나쁘게 끝내고 싶지 않아서 어떻게 대응해야 할지 고민했다. 이처럼, 서비스 제공자가 잘못을 저지른 경우에도 상대를 존중하면서 자신의 불만을 정당하게 전달하는 것은 하면 안 되는가?	<분류>1</분류> <판단>해야 한다</판단>
[도덕_문장]: 미용실에서 머리를 망쳐놓은 미용사가 눈을 피하며 미안해하는 것 같은데, 화가 나지만 관계를 나쁘게 끝내고 싶지 않아서 어떻게 대응해야 할지 고민했다. 이처럼, 상대방이 미안한 일을 했을 때 눈을 피하지 않고 진실하게 대응하는 것은 좋은가?	<분류>1</분류> <판단>좋다</판단>
[도덕_문장]: 미용실에서 머리를 망쳐놓은 미용사가 눈을 피하며 미안해하는 것 같은데, 화가 나지만 관계를 나쁘게 끝내고 싶지 않아서 어떻게 대응해야 할지 고민했다. 이럴 때, 잘못에 대한 책임을 회피하는 것은 적절한가?	<분류>-1</분류> <판단>바람직하지 않다</판단>
[도덕_문장]: 미용실에서 머리를 망쳐놓은 미용사가 눈을 피하며 미안해하는 것 같은데, 화가 나지만 관계를 나쁘게 끝내고 싶지 않아서 어떻게 대응해야 할지 고민했다. 이처럼, 서비스업 종사자가 고객이 화가 났을 때 진심으로 사과하는 것은 어떠한가?	<분류>1</분류> <판단>좋다</판단>
[도덕_문장]: 몸이 약해서 친구들과 여행을 가고 싶지만 체력적으로 부담될까 봐 망설이다가 결국 핑계를 대고 참여하지 않았다. 이런 상황에서, 자신의 몸 상태를 고려해 여행에 참여할지 여부를 결정하는 것은 옳지 않은 행동인가?	<분류>1</분류> <판단>옳다</판단>
[도덕_문장]: 과거 운전 관련 트라우마가 있어서 운전을 피해왔는데, 다른 사람들에게는 그 이유를 말하지 못하고 운전 이야기가 나올 때마다 얼버무리며 속으로 상처받았다. 이러한 상황에서, 트라우마를 겪은 사람의 심리적 상태를 존중해주는 것은 필수적이지 않은가?	<분류>1</분류> <판단>해야 한다.</판단>
[도덕_문장]: 남편이 나 몰래 주식투자를 해서 해외여행 자금을 잃었는데, 결혼기념일이라 화를 내야 할지 참아야 할지 고민되어 제주도 여행 내내 마음이 복잡했다. 이처럼, 자신의 잘못된 행동으로 가족에게 큰 피해를 준 경우 진심으로 사과하는 것은 옳지 않은 행동인가?	<분류>1</분류> <판단>옳다</판단>
[도덕_문장]: 남편이 나 몰래 주식투자를 해서 해외여행 자금을 잃었는데, 결혼기념일이라 화를 내야 할지 참아야 할지 고민되어 제주도 여행 내내 마음이 복잡했다. 이런 상황일 때, 아내가 남편의 잘못된 행동을 숨기는 것은 옳은 행동인가?	<분류>-1</분류> <판단>옳지 않다</판단>
[도덕_문장]: 사회생활에서 만난 사람들에게 상처를 받아 사람들을 피하고 싶어졌지만, 원래 사교적인 성격이라 혼자 지내는 것이 맞는지 확신이 서지 않았다. 이처럼, 상처받은 상황에서 자신의 기분을 관리하는 것은 어떠한가?	<분류>1</분류> <판단>중요하다</판단>
[도덕_문장]: 음식점에서 아르바이트를 하는데 손님이 매장에 모기가 많다며 내 탓을 하고 모기를 잡아달라고 요구해서 억울했지만 참고 응대해야 했다. 이처럼, 음식점에서 일하는 직원이 손님에게 불편한 상황이 발생하더라도 정중하고 협조적으로 응대하는 것은 어떠한가?	<분류>1</분류> <판단>해야 한다</판단>
[도덕_문장]: 음식점에서 아르바이트를 하는데 손님이 매장에 모기가 많다며 내 탓을 하고 모기를 잡아달라고 요구해서 억울했지만 참고 응대해야 했다. 이런 상황일 때, 손님의 오해로 인한 불편함이 있더라도 정중하게 대응하는 것은 적절한가?	<분류>1</분류> <판단>바람직하다</판단>
[도덕_문장]: 룸메이트가 춥다고 히터를 켜서 나는 더워서 힘들었지만 배려해서 참고 있었는데, 룸메이트가 겨울에 덥다고 하는 나를 비정상이라고 말해서 상처받았다. 이처럼, 자신의 상황을 설명해도 이해하지 않고 바로 '비정상'이라고 평가하는 것은 바람직하지 않은가?	<분류>-1</분류> <판단>바람직하지 않다</판단>
[도덕_문장]: 거울을 보다가 눈가 잔주름을 발견하고 충격을 받아 당장 피부과 예약을 할까 고민했지만, 30대 중반인 내가 이렇게 나이에 민감하게 반응하는 것이 맞는지 갈등스러웠다. 이렇게, 자신의 외모에 대해 지나치게 스트레스를 받지 않고, 피부 관리에 대한 관심이 필요할 때는 적절한 방법으로 관리하는 것은 좋은가?	<분류>1</분류> <판단>좋다</판단>
[도덕_문장]: 친구들과의 술자리에서 연애 경험이 없다는 이유로 인생 실패자 취급을 받았지만, 관계를 유지하기 위해 아무 말도 하지 못하고 참았다. 이런 상황에서, 친구들과 술을 마시며 상대방을 비난하는 것은 어떠한가?	<분류>-1</분류> <판단>안 되다</판단>
[도덕_문장]: 친구들과의 술자리에서 연애 경험이 없다는 이유로 인생 실패자 취급을 받았지만, 관계를 유지하기 위해 아무 말도 하지 못하고 참았다. 이럴 때, 친구들이 다른 사람의 연애 경험 여부로 그 사람의 인생을 평가하는 것은 어떠한가?	<분류>-1</분류> <판단>안 되다</판단>
[도덕_문장]: 친구들과의 술자리에서 연애 경험이 없다는 이유로 인생 실패자 취급을 받았지만, 관계를 유지하기 위해 아무 말도 하지 못하고 참았다. 이러한 상황에서, 다른 사람의 사생활이나 선택을 근거로 인격적 평가를 내리는 것은 어떠한가?	<분류>-1</분류> <판단>바람직하지 않다</판단>
[도덕_문장]: 어머니와 경제적 어려움으로 다투던 중 화가 나서 \"왜 나를 낳았느냐\"고 상처가 되는 말을 해버렸는데, 나중에 후회가 되어 사과해야 할지 고민했다. 이런 상황일 때, 부모가 자녀에게 상처가 될 수 있는 말을 함부로 하는 것은 어떠한가?	<분류>-1</분류> <판단>안 되다</판단>
[도덕_문장]: 어머니와 경제적 어려움으로 다투던 중 화가 나서 \"왜 나를 낳았느냐\"고 상처가 되는 말을 해버렸는데, 나중에 후회가 되어 사과해야 할지 고민했다. 이럴 때, 자식에게 상처가 되는 말을 한 것에 대해 사과하는 것은 하면 안 되는가?	<분류>1</분류> <판단>해야 한다</판단>
[도덕_문장]: 여자친구가 회사에서 인기가 많아 다른 남자들의 관심이 걱정된다고 말했는데, 여자친구는 과민반응이라며 오버한다고 해서 상처받았다. 이럴 때, 연인의 감정을 무시하거나 과소평가하는 것은 어떠한가?	<분류>-1</분류> <판단>옳지 않다</판단>
[도덕_문장]: 여자친구가 회사에서 인기가 많아 다른 남자들의 관심이 걱정된다고 말했는데, 여자친구는 과민반응이라며 오버한다고 해서 상처받았다. 이처럼, 연인의 외모와 매력이 과하게 인기를 끌 때, 다른 사람들의 시선으로 상대의 기분을 살피고 이해해주는 것은 어떠한가?	<분류>1</분류> <판단>필요하다</판단>
[도덕_문장]: 가족들이 나만 빼고 여행을 갔는데 내일이 내 생일이라 상처받았지만, 속 좁게 보일까 봐 쿨한 척 잘 다녀오라고 말했다. 이러한 상황에서, 가족이 나를 소홀히 한다고 생각해도 가족에게 상처를 주는 말을 하지 않는 것은 괜찮지 않은가?	<분류>1</분류> <판단>좋다</판단>
[도덕_문장]: 친구와 대화 중 커피값은 안 아까운데 책값은 아깝다고 했더니 친구가 다른 사람들 앞에서 나를 무식하다고 말해서 상처받았지만 그 자리에서는 아무렇지 않은 척했다. 이런 상황일 때, 친구가 타인의 지적 수준에 대해 비난하는 것은 어떠한가?	<분류>-1</분류> <판단>안 된다</판단>
[도덕_문장]: 친구와 대화 중 커피값은 안 아까운데 책값은 아깝다고 했더니 친구가 다른 사람들 앞에서 나를 무식하다고 말해서 상처받았지만 그 자리에서는 아무렇지 않은 척했다. 이러한 상황에서, 친구와 대화 중에 상대를 존중하지 않는 표현을 하는 것은 옳은가?	<분류>-1</분류> <판단>옳지 않다</판단>
[도덕_문장]: 친구와 대화 중 커피값은 안 아까운데 책값은 아깝다고 했더니 친구가 다른 사람들 앞에서 나를 무식하다고 말해서 상처받았지만 그 자리에서는 아무렇지 않은 척했다. 이런 상황일 때, 친구에게 상처를 주는 말을 하는 것은 어떠한가?	<분류>-1</분류> <판단>안 되다</판단>
[도덕_문장]: 아내가 살이 찐 것 같다며 밥을 잘 안 주는 상황에서 상처받은 마음을 솔직히 표현할지 아니면 계속 참고 넘어갈지 고민했다. 이렇게, 배우자와의 갈등을 표현하려는 경우에도 상대방의 감정을 존중하는 방식으로 말하는 것은 바람직한 행동인가?	<분류>1</분류> <판단>바람직하다</판단>
[도덕_문장]: 아내가 살이 찐 것 같다며 밥을 잘 안 주는 상황에서 상처받은 마음을 솔직히 표현할지 아니면 계속 참고 넘어갈지 고민했다. 이러한 상황에서, 배우자의 상처를 인정하는 것은 나쁜가?	<분류>1</분류> <판단>좋다</판단>
[도덕_문장]: 남편이 20년째 동일한 생활비만 주는 상황에서 물가상승으로 생활이 어려워졌지만, 가정의 평화를 위해 참아야 할지 아니면 강하게 요구해야 할지 고민했다. 이런 상황일 때, 부양 가족이 생활을 이어나갈 수 있도록 생활비를 적절한 수준으로 조정하는 것은 나쁜가?	<분류>1</분류> <판단>좋다.</판단>
[도덕_문장]: 남편이 20년째 동일한 생활비만 주는 상황에서 물가상승으로 생활이 어려워졌지만, 가정의 평화를 위해 참아야 할지 아니면 강하게 요구해야 할지 고민했다. 이러한 상황에서, 본인의 경제적 어려움에 대해 배우자에게 이해를 구하고 함께 해결 방법을 모색하는 것은 어떠한가?	<분류>1</분류> <판단>바람직하다</판단>
[도덕_문장]: 남편이 20년째 동일한 생활비만 주는 상황에서 물가상승으로 생활이 어려워졌지만, 가정의 평화를 위해 참아야 할지 아니면 강하게 요구해야 할지 고민했다. 이처럼, 물가 상승으로 생활비 부담이 커졌을 때 적절한 조정을 요청하는 것은 문제없는가?	<분류>0</분류> <판단>할 수 있다</판단>
[도덕_문장]: 할아버지가 돌아가신 후 유산 상속 문제로 아버지와 큰아버지가 법정 다툼을 벌이는 상황에서, 평소 친하게 지내던 큰집 사촌과 어색해진 관계를 어떻게 해야 할지 고민이 되었다. 이런 경우에, 가족간의 문제로 갈등이 발생하더라도 개인적인 감정을 별개로 유지하는 것은 바람직하지 않은 행동인가?	<분류>1</분류> <판단>바람직하다</판단>
[도덕_문장]: 새로 사귄 남자친구가 휴대폰을 감시하고 집착하는 모습이 과거 상처를 준 전 남자친구와 똑같아서, 이번에도 같은 상처를 받을까 봐 두려워 관계를 정리할지 고민했다. 이런 상황에서, 이성에 대한 집착으로 자신의 자유를 침해하는 것은 잘못된 행동인가?	<분류>-1</분류> <판단>옳지 않다</판단>
[도덕_문장]: 새로 사귄 남자친구가 휴대폰을 감시하고 집착하는 모습이 과거 상처를 준 전 남자친구와 똑같아서, 이번에도 같은 상처를 받을까 봐 두려워 관계를 정리할지 고민했다. 이러한 상황에서, 연인이 자신의 사생활을 존중해 주는 것은 나쁜가?	<분류>1</분류> <판단>좋다</판단>
[도덕_문장]: 새로 사귄 남자친구가 휴대폰을 감시하고 집착하는 모습이 과거 상처를 준 전 남자친구와 똑같아서, 이번에도 같은 상처를 받을까 봐 두려워 관계를 정리할지 고민했다. 이럴 때, 연애에서 상대방의 자율성을 존중하는 것은 권장되는가?	<분류>1</분류> <판단>해야 한다</판단>
[도덕_문장]: 새로 사귄 남자친구가 휴대폰을 감시하고 집착하는 모습이 과거 상처를 준 전 남자친구와 똑같아서, 이번에도 같은 상처를 받을까 봐 두려워 관계를 정리할지 고민했다. 이러한 상황에서, 관계에 대한 두려움을 해소하기 위해 자신이 원하는 방향으로 관계를 조절하는 것은 옳지 않은가?	<분류>1</분류> <판단>옳다.</판단>
[도덕_문장]: 새로 사귄 남자친구가 휴대폰을 감시하고 집착하는 모습이 과거 상처를 준 전 남자친구와 똑같아서, 이번에도 같은 상처를 받을까 봐 두려워 관계를 정리할지 고민했다. 이런 상황에서, 자신과 연인의 삶을 존중해주는 상대를 선택하는 것은 정당하지 않은 행동인가?	<분류>1</분류> <판단>옳다</판단>
[도덕_문장]: 얼굴에 비립종이 생겼는데 동료들이 징그럽다고 말할 때마다 상처받지만, 직접적으로 그런 말 하지 말라고 표현하지 못하고 곤란한 기색만 보였다. 이럴 때, 사람의 외모에 대해 평가하거나 비하하는 것은 좋지 않은 행동인가?	<분류>-1</분류> <판단>나쁘다</판단>
[도덕_문장]: 얼굴에 비립종이 생겼는데 동료들이 징그럽다고 말할 때마다 상처받지만, 직접적으로 그런 말 하지 말라고 표현하지 못하고 곤란한 기색만 보였다. 이런 경우에, 직장 동료 간에 외모와 관련된 비난이나 조롱을 하는 것은 바람직한가?	<분류>-1</분류> <판단>부적절하다</판단>
[도덕_문장]: 얼굴에 비립종이 생겼는데 동료들이 징그럽다고 말할 때마다 상처받지만, 직접적으로 그런 말 하지 말라고 표현하지 못하고 곤란한 기색만 보였다. 이런 상황일 때, 외모를 지적하거나 평가하는 말을 하는 것은 어떠한가?	<분류>-1</분류> <판단>하지 말아야 한다</판단>
[도덕_문장]: 얼굴에 비립종이 생겼는데 동료들이 징그럽다고 말할 때마다 상처받지만, 직접적으로 그런 말 하지 말라고 표현하지 못하고 곤란한 기색만 보였다. 이런 경우에, 동료의 외모를 조롱하거나 모욕하는 말을 하는 것은 어떠한가?	<분류>-1</분류> <판단>하지 말아야 한다</판단>
[도덕_문장]: 폐지를 줍는 아버지가 창피해서 길에서 마주치지 않으려고 다른 길로 돌아갔는데, 아버지는 내 행동을 알고 계시면서도 모른 척 해주셔서 더욱 죄송하고 미안했다. 이러한 상황에서, 가족이 자식의 shameful situation을 이해하고 도와주는 것은 어떠한가?	<분류>1</분류> <판단>책임이 있다</판단>
[도덕_문장]: 친구 모임에서 친구 아들이 대입 준비생이라는 말을 듣고 아직 결혼도 못한 내 현실과 비교하며 지금까지 살아온 삶이 헛된 것 같아 괴로웠다. 이런 경우에, 타인의 삶을 자신의 기준으로 평가하는 것은 잘못된 행동인가?	<분류>-1</분류> <판단>옳지 않다</판단>
[도덕_문장]: 친구 모임에서 친구 아들이 대입 준비생이라는 말을 듣고 아직 결혼도 못한 내 현실과 비교하며 지금까지 살아온 삶이 헛된 것 같아 괴로웠다. 이런 상황일 때, 남의 삶을 자신의 기준으로 평가하는 것은 어떠한가?	<분류>-1</분류> <판단>안 되낟</판단>
[도덕_문장]: 남편의 단톡방에서 업소녀를 지칭하는 단어를 발견했는데, 오해일 수도 있다는 생각과 실망감 사이에서 남편과 대화해야 할지 고민했다. 이처럼, 오해의 소지가 있는 상황에서 대화를 통해 오해를 바로 잡는 것은 나쁜가?	<분류>1</분류> <판단>좋다</판단>
[도덕_문장]: 남편의 단톡방에서 업소녀를 지칭하는 단어를 발견했는데, 오해일 수도 있다는 생각과 실망감 사이에서 남편과 대화해야 할지 고민했다. 이러한 상황에서, 남편의 행동에 대해 실망한 아내가 대화를 요청하는 것은 바람직하지 않은 행동인가?	<분류>1</분류> <판단>적절하다</판단>
[도덕_문장]: 남편의 단톡방에서 업소녀를 지칭하는 단어를 발견했는데, 오해일 수도 있다는 생각과 실망감 사이에서 남편과 대화해야 할지 고민했다. 이런 경우에, 배우자와의 관계에서 오해를 대화를 통해 해결하는 것은 해도 되는가?	<분류>1</분류> <판단>해야 한다</판단>
[도덕_문장]: 남편의 단톡방에서 업소녀를 지칭하는 단어를 발견했는데, 오해일 수도 있다는 생각과 실망감 사이에서 남편과 대화해야 할지 고민했다. 이렇게, 배우자에게 오해받을 수 있는 상황이 발생했을 때 진솔한 대화를 통해 사실을 설명하는 것은 좋은 행동인가?	<분류>1</분류> <판단>좋다</판단>
[도덕_문장]: 남편의 단톡방에서 업소녀를 지칭하는 단어를 발견했는데, 오해일 수도 있다는 생각과 실망감 사이에서 남편과 대화해야 할지 고민했다. 이러한 상황에서, 배우자가 오해하지 않도록 대화로 설명하는 것은 바람직한 행동인가?	<분류>1</분류> <판단>바람직하다</판단>
[도덕_문장]: 학자금 대출 때문에 매달 월급의 상당 부분이 나가는데, 친구들은 차를 사고 집을 살 준비를 하고 있어서 뒤처지는 것 같아 자괴감이 들었다. 이렇게, 경제적 상황에 따라 우선순위를 조정하는 것은 어떠한가?	<분류>1</분류> <판단>정당하다</판단>
[도덕_문장]: 학자금 대출 때문에 매달 월급의 상당 부분이 나가는데, 친구들은 차를 사고 집을 살 준비를 하고 있어서 뒤처지는 것 같아 자괴감이 들었다. 이런 상황에서, 다른 사람들과 비교하지 않고 자신의 목표를 성취해나가는 것은 좋지 않은가?	<분류>1</분류> <판단>좋다</판단>
[도덕_문장]: 학자금 대출 때문에 매달 월급의 상당 부분이 나가는데, 친구들은 차를 사고 집을 살 준비를 하고 있어서 뒤처지는 것 같아 자괴감이 들었다. 이럴 때, 경제적 부담으로 인해 친구들과 다른 방식으로 삶을 선택하는 것은 권장되지 않는가?	<분류>0</분류> <판단>괜찮다</판단>
[도덕_문장]: 남편이 운전할 때마다 난폭하게 변해서 계속 고쳐달라고 말했는데 전혀 듣지 않아서, 이 문제로 결혼생활을 유지할 수 있을지 심각하게 고민하고 있다. 이러한 상황에서, 배우자의 안전을 위협하는 행동을 하는 것은 어떠한가?	<분류>1</분류> <판단>즉시 고치려 노력해야 한다</판단>
[도덕_문장]: 남편이 운전할 때마다 난폭하게 변해서 계속 고쳐달라고 말했는데 전혀 듣지 않아서, 이 문제로 결혼생활을 유지할 수 있을지 심각하게 고민하고 있다. 이런 상황일 때, 배우자의 안전을 위협하는 것은 정당한 행동인가?	<분류>-1</분류> <판단>옳지 않다</판단>
[도덕_문장]: 회의에서 발표할 때 내 이름이 유명한 범죄자와 같다며 사람들이 놀려댔는데, 유머로 받아치라는 조언을 들었지만 상처가 너무 커서 당당하게 대응할 수가 없었다. 이러한 상황에서, 개인의 사생활과 명예를 훼손하는 발언을 하는 것은 어떠한가?	<분류>-1</분류> <판단>하지 말아야 한다</판단>
[도덕_문장]: 아내가 계속 회사를 그만두고 다른 일을 하라고 말해서 내 직업을 부끄러워하는 것 같아 상처받았지만, 사실은 위험한 일을 하는 남편을 걱정하는 마음이었다는 것을 뒤늦게 깨달았다. 이럴 때, 아내가 남편을 걱정하면서 자신의 우려를 표현하는 것은 필수적인가?	<분류>1</분류> <판단>해야 한다</판단>
[도덕_문장]: 아내가 계속 회사를 그만두고 다른 일을 하라고 말해서 내 직업을 부끄러워하는 것 같아 상처받았지만, 사실은 위험한 일을 하는 남편을 걱정하는 마음이었다는 것을 뒤늦게 깨달았다. 이처럼, 다른 사람의 직업을 평가할 때 배우자의 노력과 책임을 인정하는 것은 의무인가?	<분류>1</분류> <판단>해야 한다</판단>
[도덕_문장]: 독감으로 아파서 연차를 썼는데 집에 먹을 것도 없고 챙겨줄 사람도 없어 서러웠지만, 회사 동료들에게는 괜찮다고 말하며 민폐를 끼치는 것 같아 죄송한 마음이 들었다. 이렇게, 직장 동료들에게 자신의 상황을 설명하고 이해를 구하는 것은 괜찮지 않은가?	<분류>1</분류> <판단>좋은 행동이다</판단>
[도덕_문장]: 독감으로 아파서 연차를 썼는데 집에 먹을 것도 없고 챙겨줄 사람도 없어 서러웠지만, 회사 동료들에게는 괜찮다고 말하며 민폐를 끼치는 것 같아 죄송한 마음이 들었다. 이런 경우에, 개인적인 사정으로 연차를 쓰는 것은 권장되는가?	<분류>1</분류> <판단>이해해줘야 한다</판단>
[도덕_문장]: 가족을 위해 열심히 일하고 있는데 집에서는 항상 베풀어주기만 하고 위로받지 못해서 차라리 회사에 있는 것이 더 편하다고 느꼈다. 이런 상황에서, 열심히 일하고 돌아온 가족에게 최소한의 시간적, 정서적 배려를 제공하는 것은 옳은가?	<분류>1</분류> <판단>옳다</판단>
[도덕_문장]: 명절이 다가오는데 가족들을 만나고 싶은 마음과 결혼과 출산에 대한 어른들의 상처 주는 질문들을 받을까 봐 두려운 마음 사이에서 고민이 깊어졌다. 이런 상황일 때, 상대방이 먼저 말하기 전에 결혼과 출산에 대한 질문을 하지 않는 것은 나쁜가?	<분류>1</분류> <판단>좋다</판단>
[도덕_문장]: 명절이 다가오는데 가족들을 만나고 싶은 마음과 결혼과 출산에 대한 어른들의 상처 주는 질문들을 받을까 봐 두려운 마음 사이에서 고민이 깊어졌다. 이러한 상황에서, 명절을 서로를 배려하고 격려하는 자리로 만들려고 노력하는 것은 좋은 행동인가?	<분류>1</분류> <판단>좋다</판단>
[도덕_문장]: 명절이 다가오는데 가족들을 만나고 싶은 마음과 결혼과 출산에 대한 어른들의 상처 주는 질문들을 받을까 봐 두려운 마음 사이에서 고민이 깊어졌다. 이런 상황에서, 불편한 결혼과 출산에 대한 질문에 대해 자신의 의견을 표현하는 것은 옳은 행동인가?	<분류>1</분류> <판단>옳다</판단>
[도덕_문장]: 아들이 내 생일은 까먹으면서 여자친구 생일에는 미역국까지 끓여주는 모습을 보고 서운했지만, 성장한 아들을 인정하고 놓아줘야 할지 고민했다. 이렇게, 자식의 행동으로 서운할 때 자식의 성장을 인정하고 감정을 조절하며 대화를 시도하는 것은 바람직하지 않은 행동인가?	<분류>1</분류> <판단>바람직하다</판단>
[도덕_문장]: 아들이 내 생일은 까먹으면서 여자친구 생일에는 미역국까지 끓여주는 모습을 보고 서운했지만, 성장한 아들을 인정하고 놓아줘야 할지 고민했다. 이럴 때, 부모가 자식의 성장을 존중하는 것은 어떠한가?	<분류>1</분류> <판단>좋다</판단>
[도덕_문장]: 아들이 내 생일은 까먹으면서 여자친구 생일에는 미역국까지 끓여주는 모습을 보고 서운했지만, 성장한 아들을 인정하고 놓아줘야 할지 고민했다. 이런 경우에, 부모와의 관계에서 서운한 점이 있더라도 성장한 사람으로서 더 좋은 모습을 보여주려 노력하는 것은 좋지 않은가?	<분류>1</분류> <판단>좋다.</판단>
[도덕_문장]: 부모님께 남자친구가 있다는 사실을 숨기고 있다가 들켜서 거짓말쟁이라는 말을 들었지만, 성인으로서 연애할 권리가 있다고 생각해 헤어지라는 말씀을 따르지 않기로 했다. 이러한 상황에서, 자녀와 갈등이 발생하더라도 자녀에게 무조건 헤어지라는 말을 하지 않는 것은 나쁜 행동인가?	<분류>1</분류> <판단>좋다</판단>
[도덕_문장]: 부모님께 남자친구가 있다는 사실을 숨기고 있다가 들켜서 거짓말쟁이라는 말을 들었지만, 성인으로서 연애할 권리가 있다고 생각해 헤어지라는 말씀을 따르지 않기로 했다. 이처럼, 부모님과 갈등이 있을 때 자녀의 결정을 존중하는 것은 필요한가?	<분류>1</분류> <판단>필요하다</판단>
[도덕_문장]: 회사 선배들이 업무 실수를 지적할 때마다 인격적으로 모독하고 무례하게 대하는데, 다른 동료들과는 잘 지내고 있어서 내가 잘못하고 있는 건 아닌지 자책하게 된다. 이처럼, 후배 직원의 업무 실수를 지적할 때 인격적인 상처를 주는 것은 어떠한가?	<분류>-1</분류> <판단>안 되다</판단>
[도덕_문장]: 회사 선배들이 업무 실수를 지적할 때마다 인격적으로 모독하고 무례하게 대하는데, 다른 동료들과는 잘 지내고 있어서 내가 잘못하고 있는 건 아닌지 자책하게 된다. 이런 경우에, 타인에게 무례한 태도로 업무를 지적하는 것은 문제가 되지 않는 행동인가?	<분류>-1</분류> <판단>안 된다</판단>
[도덕_문장]: 회사 선배들이 업무 실수를 지적할 때마다 인격적으로 모독하고 무례하게 대하는데, 다른 동료들과는 잘 지내고 있어서 내가 잘못하고 있는 건 아닌지 자책하게 된다. 이처럼, 직장 내에서 업무 실수를 지적할 때 인격을 훼손하는 언사를 하는 것은 일반적이지 않은가?	<분류>-1</분류> <판단>해서는 안 된다</판단>
[도덕_문장]: 남자친구가 운전 연습을 도와주다가 나를 둔하다고 막말했는데, 돈을 아끼려고 부탁한 상황이라 그만두자고 말하기도 애매하고 계속 받기도 스트레스여서 고민이다. 이런 상황일 때, 연인이 운전 연습을 도와주는 동안 막말을 하는 것은 일반적인가?	<분류>-1</분류> <판단>해서는 안 된다</판단>
[도덕_문장]: 시어머니가 딸처럼 예뻐한다며 부담 갖지 말라고 하셨는데 갑자기 예단비 300만원을 요구하셔서 혼자 결혼 준비하는 나에게는 경제적 부담과 함께 배신감이 들었다. 이런 상황일 때, 결혼 준비 과정에서 경제적 부담을 강요하는 것은 옳지 않은 행동인가?	<분류>-1</분류> <판단>옳지 않다</판단>
[도덕_문장]: 시어머니가 딸처럼 예뻐한다며 부담 갖지 말라고 하셨는데 갑자기 예단비 300만원을 요구하셔서 혼자 결혼 준비하는 나에게는 경제적 부담과 함께 배신감이 들었다. 이런 상황에서, 시어머니가 자식의 배우자에게 경제적 부담을 주는 것은 어떠한가?	<분류>-1</분류> <판단>안 되다</판단>
[도덕_문장]: 시어머니가 딸처럼 예뻐한다며 부담 갖지 말라고 하셨는데 갑자기 예단비 300만원을 요구하셔서 혼자 결혼 준비하는 나에게는 경제적 부담과 함께 배신감이 들었다. 이런 상황에서, 결혼 준비 중인 딸에게 경제적 부담을 주는 것은 괜찮지 않은가?	<분류>-1</분류> <판단>좋지 않다</판단>
[도덕_문장]: 아이들과 충분한 시간을 보내고 싶지만 잠이 부족해서 피곤할 때 아이들과 놀아주지 못해 죄책감이 들면서도 휴식이 절실히 필요했다. 이런 경우에, 부모가 충분한 휴식을 취하면서도 자녀와 함께 할 수 있는 시간을 확보하려는 것은 필요하지 않은가?	<분류>1</분류> <판단>필요하다</판단>
[도덕_문장]: 아이들과 충분한 시간을 보내고 싶지만 잠이 부족해서 피곤할 때 아이들과 놀아주지 못해 죄책감이 들면서도 휴식이 절실히 필요했다. 이러한 상황에서, 부모가 휴식을 취하더라도 아이가 충분히 사랑받고 있음을 느끼게 해 주는 것은 의무가 아닌가?	<분류>1</분류> <판단>해야 한다</판단>
[도덕_문장]: 아이들과 충분한 시간을 보내고 싶지만 잠이 부족해서 피곤할 때 아이들과 놀아주지 못해 죄책감이 들면서도 휴식이 절실히 필요했다. 이런 경우에, 부모가 스스로를 돌보는 시간을 가지는 것은 권장되지 않는가?	<분류>1</분류> <판단>필요하다</판단>
[도덕_문장]: 가족에게 자신의 부담을 주지 않는 것은 좋은 행동인가?	<분류>0</분류> <판단>좋다</판단>
[도덕_문장]: 가족에게 부담을 주는 상황에서도 부담을 최소화하는 방안을 함께 고민하는 것은 어떠한가?	<분류>1</분류> <판단>바람직하다</판단>
[도덕_문장]: 자신의 목표를 위해 노력하는 것은 어떠한가?	<분류>1</분류> <판단>바람직하다</판단>
[도덕_문장]: 자식이 시험에 합격헀음에도 무리하게 돈을 쓰지 않는 것은 나쁘지 않은 행동인가?	<분류>0</분류> <판단>좋다</판단>
[도덕_문장]: 잘못을 알게 되었을 때 주저하지 않고 정정하는 것은 어떠한가?	<분류>1</분류> <판단>옳다</판단>
[도덕_문장]: 잘못을 인지했을 때 책임을 회피하지 않고 적극적으로 해결하려는 태도를 가지는 것은 옳지 않은가?	<분류>1</분류> <판단>옳다</판단>
[도덕_문장]: 집안일을 미루는 것은 바람직한가?	<분류>-1</분류> <판단>바람직하지 않다</판단>
[도덕_문장]: 가족 구성원으로서 부모님께 감사한 마음을 표현하는 것은 나쁜 행동인가?	<분류>1</분류> <판단>좋다</판단>
[도덕_문장]: 성적 자랑을 할 때 상대의 기분을 고려하는 것은 바람직하지 않은 행동인가?	<분류>1</분류> <판단>바람직하다</판단>
[도덕_문장]: 자신의 성공을 자랑하면서도 타인의 감정을 배려하여 과도하게 과시하지 않는 것은 괜찮은가?	<분류>1</분류> <판단>좋다</판단>
[도덕_문장]: 타인의 마음을 고려하는 것은 필요하지 않은가?	<분류>1</분류> <판단>중요하다</판단>
[도덕_문장]: 농사일을 혼자 하는 것이 걱정되어 도움을 드리고 싶어도 바쁜 일상으로 도움을 주지 못할 때 솔직하게 전달하는 것은 좋은가?	<분류>1</분류> <판단>좋다.</판단>
[도덕_문장]: 농사일을 도와줄 때 어른의 노고를 존중하며 신중하게 행동하는 것은 권장되지 않는가?	<분류>1</분류> <판단>해야 한다</판단>
[도덕_문장]: 성인이 된 자녀의 노력을 칭찬하는 것은 필요한가?	<분류>1</분류> <판단>중요하다</판단>
[도덕_문장]: 부모님의 의사를 존중하는 것은 하면 안 되는가?	<분류>1</분류> <판단>해야 한다</판단>
[도덕_문장]: 자신의 노력에 따른 결과와 동료들의 감정을 동시에 존중하는 것은 필수적이지 않은가?	<분류>1</분류> <판단>해야 한다</판단>
[도덕_문장]: 자녀의 상황을 이해해주는 것은 괜찮지 않은가?	<분류>1</분류> <판단>좋다</판단>
[도덕_문장]: 자녀에게 어려움을 털어놓는 것은 어떠한가?	<분류>1</분류> <판단>될 수 있다</판단>
[도덕_문장]: 전시회에서 팬들과의 소통 시간을 조절하고 다른 팬들에게 피해가 가지 않도록 배려하는 것은 적절하지 않은가?	<분류>1</분류> <판단>바람직하다</판단>
[도덕_문장]: 다른 사람의 시간을 존중하는 것은 나쁘지 않은 행동인가?	<분류>1</분류> <판단>좋다</판단>
[도덕_문장]: 작가에게 감사편지를 전달할 때 다른 팬들도 있음을 인식하고 시간을 너무 많이 차지하지 않는 것은 권장되는가?	<분류>1</분류> <판단>해야 한다</판단>
[도덕_문장]: 여러 사람이 줄을 서서 순서를 지키고 차례대로 진행하는 것은 괜찮지 않은가?	<분류>1</분류> <판단>좋다</판단>
[도덕_문장]: 자녀가 성인으로서 자신의 삶을 선택하는 것을 존중하는 것은 권장되는가?	<분류>1</분류> <판단>필요하다</판단>
[도덕_문장]: 중요한 일 결정 시 비용과 거리 등의 현실적 상황을 고려하는 것은 옳은 행동인가?	<분류>1</분류> <판단>괜찮다</판단>
[도덕_문장]: 직장인이 승진에 대한 기대와 함께 자신의 역량을 객관적으로 평가하고, 자신이 감당할 수 있는 범위를 명확히 하는 것은 바람직한 행동인가?	<분류>1</분류> <판단>바람직하다</판단>
[도덕_문장]: 자녀의 고민을 들어주고 이해하는 것은 좋은 행동인가?	<분류>1</분류> <판단>좋다</판단>
[도덕_문장]: 친구들이 하는 일을 무리하게 따라 하지 않는 것은 잘못된 행동인가?	<분류>1</분류> <판단>옳다</판단>
[도덕_문장]: 주택청약예금과 같은 제도를 이용할 때 자기 상황을 고려한 판단을 하는 것은 필수적이지 않은가?	<분류>1</분류> <판단>필요하다</판단>
[도덕_문장]: 자녀가 자신이 이룰 수 있는 가능성과 함께 겸손함을 배우는 것은 필요한가?	<분류>1</분류> <판단>중요하다</판단>
[도덕_문장]: 상황에 맞는 절제된 행동과 겸손함을 함께 가르쳐 주는 것은 옳지 않은가?	<분류>1</분류> <판단>옳다</판단>
[도덕_문장]: 자신의 확신이 있더라도 현실적인 어려움을 고려해 겸손한 태도를 가지는 것은 바람직한 행동인가?	<분류>1</분류> <판단>바람직하다</판단>
[도덕_문장]: 자신의 능력을 과신하지 않는 것은 괜찮지 않은가?	<분류>1</분류> <판단>좋다</판단>
[도덕_문장]: 자신의 의견이나 행동에 대해 오해받을 가능성이 있을 때 상황을 충분히 설명하고 이해를 구하는 것은 적절하지 않은가?	<분류>1</분류> <판단>바람직하다</판단>
[도덕_문장]: 행동하기 전에 상대방이 이를 어떻게 볼지 미리 생각해보는 것은 나쁘지 않은가?	<분류>1</분류> <판단>좋다</판단>
[도덕_문장]: 세월호 참사를 기념할 때 다른 사람의 오해를 고려하여 행동하는 것은 바람직하지 않은 행동인가?	<분류>1</분류> <판단>바람직하다</판단>
[도덕_문장]: 상대방에게 지키지 못할 약속을 하는 것은 옳지 않은가?	<분류>-1</분류> <판단>옳지 않다</판단>
[도덕_문장]: 다른 사람의 약속을 일방적으로 어기는 것은 적절한가?	<분류>-1</분류> <판단>바람직하지 않다</판단>
[도덕_문장]: 다른 사람의 생각을 존중하고, 자신의 시간과 노력을 고려해서 상황을 판단하는 것은 필요한가?	<분류>1</분류> <판단>필요하다</판단>
[도덕_문장]: 학업과 개인의 사회적 책임 사이에서 균형을 유지하려고 노력하는 것은 필수적인가?	<분류>1</분류> <판단>해야 한다</판단>
[도덕_문장]: 학업에 전념하면서도 친구와의 관계를 존중하는 것은 어떠한가?	<분류>1</분류> <판단>바람직하다</판단>
[도덕_문장]: 친구들과의 관계와 학업을 모두 챙기려고 노력하는 것은 괜찮지 않은가?	<분류>1</분류> <판단>좋다</판단>
[도덕_문장]: 남편의 건강 증진을 위해 자신의 역할을 수행하는 것은 의무인가?	<분류>1</분류> <판단>해야 한다</판단>
[도덕_문장]: 배우자가 배우자의 건강을 위해 노력하는 모습에 지지를 보내는 것은 적절하지 않은가?	<분류>1</분류> <판단>바람직하다</판단>
[도덕_문장]: 아이의 행동을 긍정적으로 칭찬하는 것은 어떠한가?	<분류>1</분류> <판단>더 중요하다</판단>
[도덕_문장]: 자신의 배려 행위로 부담을 줄 수 있음을 인정하고 신중한 선택을 하는 것은 바람직하지 않은 행동인가?	<분류>1</분류> <판단>바람직하다</판단>
[도덕_문장]: 타인의 행동이 부담을 주거나 갈등을 만들 우려가 있다면 상대방의 입장을 살피는 것은 나쁘지 않은가?	<분류>1</분류> <판단>좋다</판단>
[도덕_문장]: 자녀와 함께 있는 시간을 원하면서도 아내의 선택을 존중하는 것은 해도 되는가?	<분류>1</분류> <판단>해야 한다</판단>
[도덕_문장]: 자녀의 어려움을 알았을 때 감정적으로 대응하기보다 아이를 안정적으로 돌보는 것은 괜찮지 않은가?	<분류>1</분류> <판단>좋다</판단>
[도덕_문장]: 아이와 솔직하게 대화하며 적극적으로 해결 방안을 모색하는 것은 바람직한 행동인가?	<분류>1</분류> <판단>바람직하다</판단>
[도덕_문장]: 자녀가 학교생활에 어려움을 겪을 때 아이를 격려하고 지지하는 것은 바람직한 행동인가?	<분류>1</분류> <판단>바람직하다</판단>
[도덕_문장]: 아이가 본인의 상황과 감정을 부모에게 솔직하게 말하는 것은 옳은 행동인가?	<분류>1</분류> <판단>괜찮다</판단>
[도덕_문장]: 완벽주의적 성향을 바꾸지 못하고 배우자에게 솔직하게 이야기하는 것은 해도 되는가?	<분류>1</분류> <판단>해야 한다</판단>
[도덕_문장]: 결혼생활에서 서로에게 부담이 되지 않도록 함께 조율해나가는 것은 바람직한가?	<분류>1</분류> <판단>바람직하다</판단>
[도덕_문장]: 상대방의 가정 상황을 인정하고 존중하는 태도를 가지는 것은 권장되는가?	<분류>1</분류> <판단>가져야 한다</판단>
[도덕_문장]: 이웃과 관련된 문제가 있을 때 서로 도와주는 것은 좋은가?	<분류>1</분류> <판단>좋다</판단>
[도덕_문장]: 도움이 필요할 때 도움을 요청하는 것은 문제없는가?	<분류>0</분류> <판단>괜찮다</판단>
[도덕_문장]: 도움이 필요한 상황에서 개인적인 체면보다 도움을 요청하는 것은 어떠한가?	<분류>1</분류> <판단>바람직하다</판단>
[도덕_문장]: 도움이 필요한 상황에서 도움을 요청하는 것은 바람직한 행동인가?	<분류>1</분류> <판단>바람직하다</판단>
[도덕_문장]: 공공장소에서 어려움을 겪을 때 주변 사람이나 관리자에게 도움을 요청하는 것은 문제가 되지 않는가?	<분류>0</분류> <판단>괜찮다</판단>
[도덕_문장]: 임신 중 입덧으로 인해 원하는 음식을 못 먹는 것은 어떠한가?	<분류>1</분류> <판단>이해해주어야 한다</판단>
[도덕_문장]: 아내가 입덧으로 힘들어하는 모습을 보고 이해하고 도와주는 것은 해도 되는가?	<분류>1</분류> <판단>해야 한다</판단>
[도덕_문장]: 이웃집에 요리를 나눠주기 전에 가족이 충분히 먹을 수 있는지 확인하는 것은 나쁘지 않은가?	<분류>1</분류> <판단>좋다.</판단>
[도덕_문장]: 음식을 나눠주는 것을 거절하는 것은 문제가 되는 행동인가?	<분류>0</분류> <판단>괜찮다</판단>
[도덕_문장]: 배우자에게 부탁이 있을 때 상대의 상황과 감정을 존중하고 강요하지 않는 것은 적절한가?	<분류>1</분류> <판단>바람직하다</판단>
[도덕_문장]: 가족 구성원이 성숙해져 행동이 변하는 것은 나쁜 행동인가?	<분류>1</분류> <판단>좋은 일이다</판단>
[도덕_문장]: 부모가 자녀의 성장 과정에서 겪은 아픔을 공감하고 그 감정을 치유하는 방향으로 이끌어주는 것은 잘못된 행동인가?	<분류>1</분류> <판단>옳다</판단>
[도덕_문장]: 가족의 감정 변화를 받아들이는 것은 좋지 않은가?	<분류>1</분류> <판단>좋다</판단>
[도덕_문장]: 과거의 행동으로 인해 상처를 입힌 가족 구성원이 현재의 성숙한 모습으로 그 상처를 치유하고 나아가는 것은 바람직한 행동인가?	<분류>1</분류> <판단>바람직하다</판단>
[도덕_문장]: 낯선 사람이 자신을 도와주려 할 때 자신의 성격과 안전을 고려해 적절하게 판단하고 대응하는 것은 어떠한가?	<분류>1</분류> <판단>바람직하다</판단>
[도덕_문장]: 모르는 사람에게 도움을 받을 때 거절하는 것은 문제가 되지 않는가?	<분류>0</분류> <판단>괜찮다</판단>
[도덕_문장]: 배우자에게 부담을 주지 않도록 배려하는 것은 괜찮은가?	<분류>1</분류> <판단>좋다</판단>
[도덕_문장]: 운동 제안을 받았을 때 상대방의 걱정을 먼저 이해하고 배려해주는 것은 괜찮은가?	<분류>1</분류> <판단>좋다</판단>
[도덕_문장]: 가족 구성원에게 필요한 물건을 사주려면 경제적 무리가 없는지 먼저 확인하는 것은 적절한가?	<분류>0</분류> <판단>바람직하다</판단>
[도덕_문장]: 가족이 이사를 갔을 때 서운함을 내색하는 것은 어떠한가?	<분류>0</분류> <판단>괜찮다</판단>
[도덕_문장]: 배우자에게 감정적인 표현을 들었을 때 상대방의 의도를 먼저 생각하는 것은 적절한가?	<분류>1</분류> <판단>바람직하다</판단>
[도덕_문장]: 배우자의 선택을 존중하는 것은 옳지 않은가?	<분류>1</분류> <판단>옳다</판단>
[도덕_문장]: 아내의 결정을 존중하고 아내의 행동에 대해 섣부른 판단을 하지 않는 것은 바람직하지 않은 행동인가?	<분류>1</분류> <판단>바람직하다</판단>
[도덕_문장]: 배우자에게 임신 사실을 통보할 때 자신의 마음과 함께 신중하게 말하는 것은 어떠한가?	<분류>1</분류> <판단>좋다</판단>
[도덕_문장]: 혼자만의 시간과 부부의 시간의 가치를 모두 존중하는 것은 나쁜가?	<분류>1</분류> <판단>좋다</판단>
[도덕_문장]: 자녀의 합격 소식을 자녀의 자존감이 훼손되지 않도록 조심스럽게 전달하는 것은 괜찮은가?	<분류>1</분류> <판단>좋다</판단>
[도덕_문장]: 물건을 구매할 때 비용과 효용을 종합적으로 고려하는 것은 바람직하지 않은 행동인가?	<분류>1</분류> <판단>바람직하다</판단>
[도덕_문장]: 차량 구매를 계획할 때 현실적인 재정 상태를 먼저 고려하는 것은 의무인가?	<분류>1</분류> <판단>해야 한다</판단>
[도덕_문장]: 재정적인 결정을 필요한 생활 유지와 개인의 소비 욕구를 고려하여 신중하게 하는 것은 해도 되는가?	<분류>1</분류> <판단>해야 한다</판단>
[도덕_문장]: 장기적인 경제적 이익을 위해 단기적인 욕구를 조절하는 것은 바람직하지 않은 행동인가?	<분류>1</분류> <판단>바람직하다</판단>
[도덕_문장]: 경제적 상황을 고려해 결정을 내리는 것은 바람직하지 않은 행동인가?	<분류>1</분류> <판단>바람직하다</판단>
[도덕_문장]: 배우자에게 거짓말을 하는 것은 일반적이지 않은가?	<분류>-1</분류> <판단>안 된다</판단>
[도덕_문장]: 배우자와의 대화에서 솔직한 감정을 숨기고 허위 사실을 전달하는 것은 어떠한가?	<분류>-1</분류> <판단>바람직하지 않다</판단>
[도덕_문장]: 가정 예산이 부족할 때 복권 구입과 같은 불필요한 지출을 중단하는 것은 어떠한가?	<분류>1</분류> <판단>중단해야 한다</판단>
[도덕_문장]: 가정 경제 상황을 고려하여 불필요한 지출을 줄이는 것은 좋은가?	<분류>1</분류> <판단>좋다</판단>
[도덕_문장]: 가족의 경제 상황을 고려하여 불필요한 지출을 조절하는 것은 어떠한가?	<분류>1</분류> <판단>바람직하다</판단>
[도덕_문장]: 가족 구성원 중 한 명이 지출에 대해 고민하고 있을 때 다른 구성원들이 적극적으로 대화에 참여하여 경제적인 조언과 도움을 주는 것은 권장되는가?	<분류>1</분류> <판단>해야 한다</판단>
[도덕_문장]: 상대방의 행동이 기대와 다르더라도 이해해 주는 것은 괜찮은가?	<분류>1</분류> <판단>좋다</판단>
[도덕_문장]: 타인의 선택을 존중하는 것은 바람직하지 않은 행동인가?	<분류>1</분류> <판단>바람직하다</판단>
[도덕_문장]: 혼자만의 시간을 즐기더라도 배우자에게 미안한 마음을 전하는 것은 적절하지 않은가?	<분류>1</분류> <판단>바람직하다</판단>
[도덕_문장]: 친구의 선택을 존중하는 것은 나쁘지 않은가?	<분류>1</분류> <판단>좋다</판단>
[도덕_문장]: 친구와의 약속에서 상대방의 의견을 존중하는 것은 바람직한 행동인가?	<분류>1</분류> <판단>바람직하다</판단>
[도덕_문장]: 친구와의 관계에서 취향이 서로 다른 상황이 발생할 때 상대방의 취향을 존중하는 것은 하면 안 되는가?	<분류>1</분류> <판단>해야 한다.</판단>
[도덕_문장]: 반려견의 활동량을 고려하지 않고 소홀히 하는 것은 정당한 행동인가?	<분류>-1</분류> <판단>옳지 않다</판단>
[도덕_문장]: 업무 시간 이후에는 근무와 관련된 모임이 아닌 건강 증진 등 개인적인 선택을 존중해주는 것은 어떠한가?	<분류>1</분류> <판단>해야 한다</판단>
[도덕_문장]: 개인의 선택을 이유로 비난하거나 압박하는 것은 적절한가?	<분류>-1</분류> <판단>적절하지 않다</판단>
[도덕_문장]: 업무 상황에서 동료의 개인적인 활동을 평가하는 것은 적절한가?	<분류>-1</분류> <판단>바람직하지 않다</판단>
[도덕_문장]: 마라톤을 완주한 동료의 체력 회복을 우선시 하는 것은 권장되지 않는가?	<분류>1</분류> <판단>해야 한다</판단>
[도덕_문장]: 동료가 피곤함으로 집에 가고 싶다고 답헀을 때 이를 존중하는 것은 의무인가?	<분류>1</분류> <판단>해야 한다</판단>
[도덕_문장]: 음주를 강요하지 않고 동료의 의사 존중하기는 나쁘지 않은 행동인가?	<분류>1</분류> <판단>좋다</판단>
[도덕_문장]: 마라톤 완주 후 몸을 배려하며 휴식을 선택하는 것은 어떠한가?	<분류>1</분류> <판단>옳은 판단이다</판단>
[도덕_문장]: 마라톤 완주 후 동료들의 맥주 제안을 자신의 건강과 휴식을 고려해 거절하는 것은 어떠한가?	<분류>1</분류> <판단>옳은 선택이다</판단>
[도덕_문장]: 자신의 결정을 상대에게 이해를 구하는 것은 하면 안 되는가?	<분류>1</분류> <판단>해야 한다</판단>
[도덕_문장]: 연인과 갈등이 생길 수 있는 상황에서 미리 대화를 시도하는 것은 나쁘지 않은 행동인가?	<분류>1</분류> <판단>좋다</판단>
[도덕_문장]: 연인과 함께 보내는 시간을 소중히 하는 것은 좋지 않은 행동인가?	<분류>1</분류> <판단>좋다</판단>
[도덕_문장]: 연인과 함께하는 시간에 대해 불만이나 걱정이 있을 때 상대에게 솔직하게 말하는 것은 좋지 않은 행동인가?	<분류>1</분류> <판단>좋다</판단>
[도덕_문장]: 연인의 취미생활에 대해 이해하고 시간을 갖는 것에 대해서도 이해하고 배려해주는 것은 바람직하지 않은 행동인가?	<분류>1</분류> <판단>바람직하다</판단>
[도덕_문장]: 친구에게 부담을 주지 않고 다른 대안을 찾는 것은 어떠한가?	<분류>1</분류> <판단>적절하다</판단>
[도덕_문장]: 자신의 예산 내에서 할 수 있는 선에서 최선을 다하는 것은 바람직한 행동인가?	<분류>1</분류> <판단>바람직하다</판단>
[도덕_문장]: 회사 동료들과 사적인 교류를 최소화하는 것은 바람직하지 않은 행동인가?	<분류>0</분류> <판단>적절하다</판단>
[도덕_문장]: 처음 술을 마실 때 자신의 한계를 알고 적당히 마시는 것은 나쁜 행동인가?	<분류>1</분류> <판단>좋다</판단>
[도덕_문장]: 평소에 연락을 하지 않았더라도 축하의 마음을 표현하는 것은 좋은 행동인가?	<분류>1</분류> <판단>좋다</판단>
[도덕_문장]: 오랜만에 연락을 받았을 때 축하와 함께 다시 연락을 하는 이유를 설명하는 것은 괜찮지 않은가?	<분류>1</분류> <판단>좋다.</판단>
[도덕_문장]: 축하 소식을 들었을 때 축하 인사를 전하는 것은 좋은 행동인가?	<분류>1</분류> <판단>좋다</판단>
[도덕_문장]: 연인에게 자신의 상황을 과장하지 않는 것은 적절한가?	<분류>1</분류> <판단>바람직하다</판단>
[도덕_문장]: 연인에게 솔직하게 사실을 말하는 것은 나쁜 행동인가?	<분류>1</분류> <판단>좋다</판단>
[도덕_문장]: 자신의 상태를 연인에게 솔직하게 말하는 것은 정당한 행동인가?	<분류>1</분류> <판단>옳다</판단>
[도덕_문장]: 가족의 재정 상황을 고려하여 무리한 요구를 하지 않는 것은 좋은 행동인가?	<분류>1</분류> <판단>좋다</판단>
[도덕_문장]: 자녀가 부모에게 기쁨을 주기 위해 최선을 다하는 것은 정당한 행동인가?	<분류>1</분류> <판단>옳다</판단>
[도덕_문장]: 자녀가 경제적 여유가 부족한 상황을 이해해주는 것은 어떠한가?	<분류>1</분류> <판단>좋다</판단>
[도덕_문장]: 자녀의 경제적인 사정을 고려하여 선물을 준비하는 것은 좋지 않은 행동인가?	<분류>1</분류> <판단>좋은 행동이다</판단>
[도덕_문장]: 자녀가 선물하기 어려운 상황을 이해하고 부담을 덜어주는 태도를 가지는 것은 어떠한가?	<분류>1</분류> <판단>바람직하다</판단>
[도덕_문장]: 타인과 약속을 할 때 자신의 상황을 고려해 상대방에게 미루기로 결정하고, 그 사정을 설명하며 존중해 달라고 요청하는 것은 바람직하지 않은 행동인가?	<분류>1</분류> <판단>바람직하다</판단>
[도덕_문장]: 친구에게 상황을 설명하고 이해를 구하는 것은 어떠한가?	<분류>1</분류> <판단>예의 있는 행동이다</판단>
[도덕_문장]: 친구와의 약속을 일방적으로 미루거나 파기하기보다는 상호 조율을 시도하는 것은 적절하지 않은가?	<분류>1</분류> <판단>적절하다</판단>
[도덕_문장]: 타인에게 서운한 일이 생겼을 때 서로에게 양해할 여지가 있는지 대화를 시도하는 것은 괜찮은가?	<분류>1</분류> <판단>좋다</판단>
[도덕_문장]: 연인에게 연락이 안되더라도 서운해 하기보다 배려하려 노력하는 것은 좋은가?	<분류>1</분류> <판단>좋다</판단>
[도덕_문장]: 개인의 휴가 선택을 자신의 삶의 행복을 위해 사용하는 것은 정당한 행동인가?	<분류>1</분류> <판단>옳다</판단>
[도덕_문장]: 자녀가 조건을 지키지 못한 것에 대해 비난하기보다 용서하는 것은 잘못된 행동인가?	<분류>1</분류> <판단>옳다</판단>
[도덕_문장]: 자녀가 부모의 기대와 약속에 부응하지 못하더라도 그 상황을 진심으로 이해하고 자녀를 지지하는 것은 옳은가?	<분류>1</분류> <판단>옳다</판단>
[도덕_문장]: 자녀가 약속한 조건을 지키지 못했을 때 훈육이 아닌 다른 방법으로 자녀의 행동을 유도하는 것은 괜찮은가?	<분류>1</분류> <판단>좋다</판단>
[도덕_문장]: 상대방이 기대했던 배려를 한 번 했을 때 진심으로 감사해주는 것은 해도 되는가?	<분류>1</분류> <판단>해야 한다</판단>
[도덕_문장]: 자신의 이익이나 입장에 대한 배려를 받았을 때 상대방의 마음을 고려해 감사를 표현하는 것은 좋은가?	<분류>1</분류> <판단>좋다.</판단>
[도덕_문장]: 가족과의 관계에서 상대에 대한 애정을 표현하는 것은 어떠한가?	<분류>1</분류> <판단>바람직하다</판단>
[도덕_문장]: 친구의 상황을 이해하지 못한 채 자신의 편의를 강요하는 것은 좋지 않은가?	<분류>-1</분류> <판단>좋지 않다</판단>
[도덕_문장]: 자신의 편의나 건강 문제를 고려해 친구들에게 술을 마시지 않아도 괜찮다는 의사를 정중하게 밝히는 것은 괜찮지 않은가?	<분류>1</분류> <판단>좋은 행동이다</판단>
[도덕_문장]: 음주 권유가 과도할 때 정중히 거절하고 거절을 반복해도 이해해주는 것은 필수적인가?	<분류>1</분류> <판단>해야 한다</판단>
[도덕_문장]: 음주를 권유하는 친구들에게 거절의사를 분명하게 밝히는 것은 좋지 않은가?	<분류>1</분류> <판단>좋다</판단>
[도덕_문장]: 타인의 의사를 존중하지 않은 언행을 하는 것은 옳지 않은 행동인가?	<분류>-1</분류> <판단>옳지 않다</판단>
[도덕_문장]: 친구에게 연락할 때 상대방의 상황을 고려해 배려심 있게 행동하는 것은 의무가 아닌가?	<분류>1</분류> <판단>해야 한다</판단>
[도덕_문장]: 회사 동료의 요청을 무리하지 않는 범위에서 처리하는 것은 옳은 행동인가?	<분류>1</분류> <판단>옳다.</판단>
[도덕_문장]: 친구의 부탁을 받았을 때 상대방의 사정을 고려해 조율하는 것은 적절하지 않은가?	<분류>1</분류> <판단>바람직하다</판단>
[도덕_문장]: 자신의 소비에 대해 고민하는 것은 바람직한가?	<분류>1</분류> <판단>바람직하다</판단>
[도덕_문장]: 개인적인 소비를 자신의 경제 상황에 맞게 신중하게 결정하는 것은 어떠한가?	<분류>1</분류> <판단>바람직하다</판단>
[도덕_문장]: 자신의 소비를 경제적 사정과 지출의 균형을 고려해 결정하는 것은 의무가 아닌가?	<분류>1</분류> <판단>해야 한다</판단>
[도덕_문장]: 타인이 거절하였을 때 강요하지 않는 것은 괜찮은가?	<분류>1</분류> <판단>좋다</판단>
[도덕_문장]: 자신의 일정이 방해되지 않도록 지인의 요구를 정중하게 거절하는 것은 문제없는가?	<분류>0</분류> <판단>괜찮다</판단>
[도덕_문장]: 타인에게 피해를 주지 않도록 자신의 일정과 욕구를 명확하게 전달하는 것은 바람직한가?	<분류>1</분류> <판단>바람직하다</판단>
[도덕_문장]: 개인의 취미 활동이나 개인 시간을 존중하는 것은 어떠한가?	<분류>1</분류> <판단>옳다</판단>
[도덕_문장]: 타인의 상황을 존중하는 것은 적절한가?	<분류>1</분류> <판단>바람직하다</판단>
[도덕_문장]: 상대방이 힘들어 할 때 이해하는 것은 괜찮지 않은가?	<분류>1</분류> <판단>좋다</판단>
[도덕_문장]: 친구가 겪는 어려움을 공감하고 적절한 조치를 하는 것은 하면 안 되는가?	<분류>1</분류> <판단>해야 한다</판단>
[도덕_문장]: 주변 사람에게 피해를 준 경우 도움을 요청하거나 조언을 구하는 것은 어떠한가?	<분류>1</분류> <판단>바람직하다</판단>
[도덕_문장]: 자신의 감정을 존중하고, 감당할 수 있는 범위 내에서 관계를 선택하는 것은 바람직한 행동인가?	<분류>1</분류> <판단>바람직하다</판단>
[도덕_문장]: 오랜 시간이 지나 만난 첫사랑에게 예의를 지키는 것은 나쁘지 않은 행동인가?	<분류>1</분류> <판단>좋다</판단>
[도덕_문장]: 가까운 사람들이 불편함을 느끼지 않도록 배려하는 태도를 갖추는 것은 나쁜가?	<분류>1</분류> <판단>좋다</판단>
[도덕_문장]: 다른 사람의 감정을 배려하는 것은 좋은 행동인가?	<분류>1</분류> <판단>좋은 행동이다</판단>
[도덕_문장]: 상대방의 기분을 배려하는 것은 필수적이지 않은가?	<분류>1</분류> <판단>필요하다</판단>
[도덕_문장]: 상대의 의견에 동의하지 않더라도 감정적으로 상처를 주는 말을 피하는 것은 어떠한가?	<분류>1</분류> <판단>좋다</판단>
[도덕_문장]: 타인의 외모 변화의 이유를 함부로 추측하거나 평가하는 것은 일반적이지 않은가?	<분류>-1</분류> <판단>안 된다</판단>
[도덕_문장]: 슬픔에 빠진 사람에게 자신의 사정을 강요하거나 억지로 긍정적인 말을 하게 하는 것은 바람직한 행동인가?	<분류>1</분류> <판단>바람직하지 않다</판단>
[도덕_문장]: 다른 사람의 고통을 함부로 평가하지 않는 것은 적절하지 않은가?	<분류>1</분류> <판단>바람직하다</판단>
[도덕_문장]: 위로의 말을 상황과 상대방의 마음의 상태를 고려해 말하는 것은 해도 되는가?	<분류>1</분류> <판단>해야 한다</판단>
[도덕_문장]: 가까운 친구가 슬픔에 빠져있을 때 자신만의 위로 방식을 강요하지 않는 것은 나쁜가?	<분류>1</분류> <판단>좋다.</판단>
[도덕_문장]: 슬픔을 표현할 때 주변의 조언이나 위로를 참고하는 것은 적절하지 않은가?	<분류>1</분류> <판단>바람직하다</판단>
[도덕_문장]: 상대방의 사생활에 대해 의심하기 전에 서로의 신뢰를 먼저 생각하는 것은 좋은가?	<분류>1</분류> <판단>좋다</판단>
[도덕_문장]: 식당에서 식사를 할 때 정당한 대가를 지불하는 것은 적절하지 않은가?	<분류>1</분류> <판단>바람직하다</판단>
[도덕_문장]: 서비스를 제공받은 손님이 그 대가를 지불하는 것은 잘못된 행동인가?	<분류>1</분류> <판단>옳다</판단>
[도덕_문장]: 헤어진 연인이 새로운 관계를 시작할 때 이를 비난하지 않는 것은 나쁜 행동인가?	<분류>1</분류> <판단>좋다</판단>
[도덕_문장]: 전 연인의 SNS를 자주 확인하지 않는 것은 어떠한가?	<분류>1</분류> <판단>좋다</판단>
[도덕_문장]: 이직 준비 중 상처를 준 것에 대해 사과하는 것은 나쁘지 않은 행동인가?	<분류>1</분류> <판단>좋다</판단>
[도덕_문장]: 타인의 상황이나 고민을 무시하는 것은 옳지 않은 행동인가?	<분류>-1</분류> <판단>옳지 않다</판단>
[도덕_문장]: 연인과 가족 간의 감정적 오해를 해소하기 위해 적절한 의사소통을 하는 것은 바람직하지 않은가?	<분류>1</분류> <판단>바람직하다</판단>
[도덕_문장]: 연인이라면 가족 구성원에 대한 칭찬이 진심인지 농담인지 구분하는 것은 좋은가?	<분류>1</분류> <판단>좋다</판단>
[도덕_문장]: 연인이 불쾌한 말을 했을 때 상황을 고려해 대처하는 것은 해도 되는가?	<분류>1</분류> <판단>해야 한다</판단>
[도덕_문장]: 타인에게 예의없는 언행을 한 점에 대해 사과하는 것은 바람직한가?	<분류>1</분류> <판단>바람직하다</판단>
[도덕_문장]: 자신의 말로 상처를 준 경우에 바로 화를 내기보다는 말해주는 것은 좋은 행동인가?	<분류>1</분류> <판단>좋다</판단>
[도덕_문장]: 연인과 함께 하는 경험이 기분을 변하게 했다는 것을 친구들에게 말하는 것은 문제가 되지 않는가?	<분류>0</분류> <판단>할 수 있다</판단>
[도덕_문장]: 연인이 본인과의 만남으로 긍정적인 변화가 있음을 인정하고 이해해주는 것은 어떠한가?	<분류>1</분류> <판단>바람직하다</판단>
[도덕_문장]: 타인의 감정 변화를 이유로 비난하는 것은 적절한가?	<분류>-1</분류> <판단>바람직하지 않다</판단>
[도덕_문장]: 자식이 아빠와 엄마 중 누구와 사는 게 좋을지 생각해보는 것은 나쁜가?	<분류>1</분류> <판단>좋지 않다</판단>
[도덕_문장]: 부모가 자녀에게 가정사를 설명할 때 아이의 정서를 존중하며 이해하기 쉬운 표현을 사용하는 것은 어떠한가?	<분류>1</분류> <판단>바람직하다</판단>
[도덕_문장]: 이혼하는 가족에 있는 아이가 엄마 아빠가 싸우더라도 자신이 사랑받고 있다는 것을 알게 되는 것은 어떠한가?	<분류>1</분류> <판단>아는 것이 필요하다</판단>
[도덕_문장]: 부모가 자녀에게 감정적인 충격을 줄 수 있는 상황에서 자녀의 정서적 안정을 최우선으로 고려하는 것은 의무인가?	<분류>1</분류> <판단>해야 한다</판단>
[도덕_문장]: 교통사고로 인해 회사에 피해를 준 직원에게 퇴사를 강요하는 것은 문제가 되는가?	<분류>-1</분류> <판단>안 된다</판단>
[도덕_문장]: 회사가 직원이 교통사고로 입원한 경우 퇴사 처리를 강행하는 것은 옳지 않은가?	<분류>-1</분류> <판단>옳지 않다</판단>
[도덕_문장]: 자신의 실수를 반성하고 더 나은 선택을 하는 것은 적절하지 않은가?	<분류>1</분류> <판단>바람직하다</판단>
[도덕_문장]: 직장 내에서 동료에 대한 거짓 소문을 바로잡는 것은 옳은가?	<분류>1</분류> <판단>옳다</판단>
[도덕_문장]: 개인의 선택을 존중하는 것은 어떠한가?	<분류>1</분류> <판단>중요하다</판단>
[도덕_문장]: 자신이 원하는 삶을 선택하는 것은 정당하지 않은 행동인가?	<분류>1</분류> <판단>옳다</판단>
[도덕_문장]: 상대의 결정을 존중해주는 것은 필요한가?	<분류>1</분류> <판단>필요하다</판단>
[도덕_문장]: 가족을 만나러 가기 전에 부담을 먼저 말하는 것은 문제없는가?	<분류>0</분류> <판단>괜찮다</판단>
[도덕_문장]: 가족의 방문에 어려움을 느낄 때 솔직하게 의사를 전달하는 것은 어떠한가?	<분류>1</분류> <판단>옳다</판단>
[도덕_문장]: 자녀에게 거짓말을 하는 것은 옳지 않은가?	<분류>-1</분류> <판단>옳지 않다</판단>
[도덕_문장]: 학생의 재능 여부를 함부로 단정 짓지 않고 존중하는 태도를 보이는 것은 좋은 행동인가?	<분류>1</분류> <판단>좋다</판단>
[도덕_문장]: 자신의 분야에서 학생들에게 재능의 기준을 말하는 것은 적절하지 않은가?	<분류>-1</분류> <판단>바람직하지 않다</판단>
[도덕_문장]: 교육자가 학생에게 재능이 없다고 말하는 것은 어떠한가?	<분류>-1</분류> <판단>안 되다</판단>
[도덕_문장]: 취업으로 인한 가족들의 비교에 상처받았을 때, 대화를 통해 본인의 감정을 설명하는 것은 문제가 되지 않는가?	<분류>1</분류> <판단>할 수 있다</판단>
[도덕_문장]: 명절 가족 모임에서 자녀에게 상처가 될 수 있는 말을 삼기는 것은 권장되지 않는가?	<분류>-1</분류> <판단>해야 한다</판단>
[도덕_문장]: 부모에게 상처받았더라도 대화를 통해 이해시키는 노력을 하는 것은 바람직한 행동인가?	<분류>1</분류> <판단>바람직하다</판단>
[도덕_문장]: 취업 준비 중인 가족 구성원에게 자신의 상황을 이해시키는 것은 나쁜 행동인가?	<분류>1</분류> <판단>좋다</판단>
[도덕_문장]: 자신이 원하지 않는 제안을 거절하는 것은 어떠한가?	<분류>1</분류> <판단>할 수 있다</판단>
[도덕_문장]: 제안을 받았을 때 거절하는 것은 할 수 있는가?	<분류>0</분류> <판단>괜찮다</판단>
[도덕_문장]: 친구의 안전을 염려해주는 것은 바람직하지 않은 행동인가?	<분류>1</분류> <판단>바람직하다</판단>
[도덕_문장]: 가족 구성원에게 상처를 주는 표현을 할 때 표현 방식을 조절하여 가족 간의 갈등을 최소화하는 것은 잘못된 행동인가?	<분류>1</분류> <판단>옳다</판단>
[도덕_문장]: 건강 문제에 대해 가족의 조언을 고려해보는 것은 괜찮은가?	<분류>1</분류> <판단>좋다.</판단>
[도덕_문장]: 엄마의 말에 상처를 받았을 때 대화를 통해 자신의 입장을 차분하게 표현하는 것은 바람직하지 않은 행동인가?	<분류>1</분류> <판단>바람직하다</판단>
[도덕_문장]: 직장에서 권위 있는 위치에 있는 사람이 부하 직원들에게 모욕적인 언행을 하는 것은 문제가 되는가?	<분류>-1</분류> <판단>안 된다</판단>
[도덕_문장]: 직장 내 지위를 이용해 부하직원을 모욕하는 것은 옳지 않은 행동인가?	<분류>-1</분류> <판단>옳지 않다</판단>
[도덕_문장]: 회의를 진행할 때 적절한 예의와 존중이 있는 것은 어떠한가?	<분류>1</분류> <판단>있어야 한다</판단>
[도덕_문장]: 부하 직원의 업무 자료를 무시하는 것은 잘못된 행동인가?	<분류>-1</분류> <판단>옳지 않다</판단>
[도덕_문장]: 직장 내에서 모욕적인 언행을 하는 것은 일반적이지 않은가?	<분류>-1</분류> <판단>하지 말아야 한다</판단>
[도덕_문장]: 다른 사람과 마찰이 있어도 감정적으로 대응하지 않는 것은 좋은 행동인가?	<분류>1</분류> <판단>좋다</판단>
[도덕_문장]: 사람들 사이에서 갈등이 있을 때 서로 존중하는 방식으로 대화하는 것은 필요한가?	<분류>1</분류> <판단>중요하다</판단>
[도덕_문장]: 조별 과제 팀원으로서 의견 차이로 인해 불쾌한 상황이 발생했을 때 침착하게 대화를 시도하는 것은 어떠한가?	<분류>1</분류> <판단>옳다</판단>
[도덕_문장]: 상대의 감정을 존중하는 것은 필수적이지 않은가?	<분류>1</분류> <판단>해야 한다</판단>
[도덕_문장]: 남의 말을 듣고 기분이 나쁘다고 화를 내지 않고 서로 이해하는 것은 나쁜 행동인가?	<분류>1</분류> <판단>좋다</판단>
[도덕_문장]: 친구와의 관계를 지키기 위해 노력하는 것은 하면 안 되는가?	<분류>1</분류> <판단>해야 한다</판단>
[도덕_문장]: 상대방의 감정을 고려하면서 자신의 의견을 전달하는 것은 바람직한가?	<분류>1</분류> <판단>바람직하다</판단>
[도덕_문장]: 질투심을 느끼는 상황에서 상대방의 기분을 배려하며 축하를 표현하는 것은 필요하지 않은가?	<분류>1</분류> <판단>중요하다</판단>
[도덕_문장]: 연인에게 과도한 투자를 하는 것은 바람직하지 않은 행동인가?	<분류>-1</분류> <판단>바람직하지 않다</판단>
[도덕_문장]: 친구의 선택을 존중하는 것은 바람직한 행동인가?	<분류>1</분류> <판단>바람직하다</판단>
[도덕_문장]: 친구의 관계가 변화해도 친구의 감정을 배려하는 것은 좋은 행동인가?	<분류>1</분류> <판단>좋은 일이다</판단>
[도덕_문장]: 자신의 실수를 인지하고 받아들이는 태도를 유지하는 것은 어떠한가?	<분류>1</분류> <판단>좋다</판단>
[도덕_문장]: 친구와의 약속을 일방적으로 취소하는 것은 정당하지 않은 행동인가?	<분류>-1</분류> <판단>옳지 않다</판단>
[도덕_문장]: 약속을 일방적으로 취소하는 것은 바람직한가?	<분류>-1</분류> <판단>바람직하지 않다</판단>
[도덕_문장]: 약속 시간에 임박해 상대가 피곤해 보인다는 이유로 일방적으로 만남을 취소하는 것은 정당한 행동인가?	<분류>-1</분류> <판단>옳지 않다</판단>
[도덕_문장]: 상대의 일정을 일방적으로 취소하는 것은 바람직한 행동인가?	<분류>-1</분류> <판단>바람직하지 않다</판단>
[도덕_문장]: 남에게 신체적인 약점이라고 할 수 있는 것을 가지고 논하는 것은 정당하지 않은 행동인가?	<분류>-1</분류> <판단>옳지 않다</판단>
[도덕_문장]: 사람의 외모에 대해 무례하게 말하는 것은 좋지 않은가?	<분류>-1</분류> <판단>좋지 않다</판단>
[도덕_문장]: 자신의 행동으로 상대방에게 피해를 주는 것은 잘못된 행동인가?	<분류>-1</분류> <판단>옳지 않다</판단>
[도덕_문장]: 안경을 쓰지 않고 운전하는 것은 좋은가?	<분류>-1</분류> <판단>좋지 않다</판단>
[도덕_문장]: 운전을 하면서 규정에 어긋나는 행동으로 위험을 초래하는 것은 어떠한가?	<분류>-1</분류> <판단>안 되다</판단>
[도덕_문장]: 자신의 안전보다 상대에게 잘 보이기 위해 무리한 선택을 하는 것은 바람직하지 않은가?	<분류>-1</분류> <판단>바람직하지 않다</판단>
[도덕_문장]: 감정 변화가 아내의 문제만으로 생각되지 않을 경우, 이유를 찾아보려고 노력하는 것은 좋지 않은 행동인가?	<분류>1</분류> <판단>좋다</판단>
[도덕_문장]: 경고문을 붙여 잘못을 인정하도록 유도하는 것은 어떠한가?	<분류>1</분류> <판단>좋다</판단>
[도덕_문장]: 동료로서 상대를 존중하지 못하는 것은 바람직하지 않은가?	<분류>-1</분류> <판단>바람직하지 않다</판단>
[도덕_문장]: 다른 사람의 식사 속도를 이유로 놀리는 것은 잘못된 행동인가?	<분류>-1</분류> <판단>옳지 않다</판단>
[도덕_문장]: 타인의 잘못된 행동으로 인해 자신의 좋았던 추억이 훼손되더라도 그것을 자신의 잘못으로 여기지 않는 것은 하면 안 되는가?	<분류>1</분류> <판단>해야 한다</판단>
[도덕_문장]: 선생님이 학생에게 신체적 폭력을 가한 후 단호하게 사과하고 징계하는 것은 의무인가?	<분류>1</분류> <판단>해야 한다</판단>
[도덕_문장]: 학원을 운영하는 사람이 강사가 학생들에게 물리적 폭력을 행사하지 않도록 엄격하게 관리하는 것은 의무인가?	<분류>1</분류> <판단>해야 한다</판단>
[도덕_문장]: 타인에게 신체적 폭력을 가하는 것은 정당하지 않은 행동인가?	<분류>-1</분류> <판단>옳지 않다</판단>
[도덕_문장]: 질투를 느낄 때 감정적으로 행동으로 표출하기보다는 긍정적으로 극복하고 이해하려는 태도를 가지는 것은 필요한가?	<분류>1</분류> <판단>중요하다</판단>
[도덕_문장]: 친구와 약속을 지키는 것은 나쁜가?	<분류>1</분류> <판단>좋다</판단>
[도덕_문장]: 친구의 갑작스러운 퇴사에 대한 배신감을 느끼더라도 친구와 대화를 통해 오해를 푸는 것은 적절한가?	<분류>1</분류> <판단>바람직하다</판단>
[도덕_문장]: 친구와의 관계를 신뢰로 유지하는 것은 권장되지 않는가?	<분류>1</분류> <판단>되어야 한다</판단>
[도덕_문장]: 친구의 입장도 함께 고려해 주는 것은 필수적인가?	<분류>1</분류> <판단>해야 한다</판단>
[도덕_문장]: 상대의 기분을 고려하지 않고 농담을 하는 것은 바람직하지 않은 행동인가?	<분류>-1</분류> <판단>바람직하지 않다</판단>
[도덕_문장]: 농담으로 타인을 상처주는 것은 옳지 않은가?	<분류>-1</분류> <판단>옳지 않다</판단>
[도덕_문장]: 상대방의 발언이 상처가 되면 대화를 통해 설명하고 이해하려는 노력을 하는 것은 의무가 아닌가?	<분류>1</분류> <판단>해야 한다</판단>
[도덕_문장]: 다른 사람의 외모를 희롱하는 것은 적절한가?	<분류>-1</분류> <판단>바람직하지 않다</판단>
[도덕_문장]: 자신의 역할을 되돌아보고 집안일을 분담하는 것은 필수적인가?	<분류>1</분류> <판단>해야 한다</판단>
[도덕_문장]: 상대방의 부담과 어려움에 공감하며 미리 배려하는 것은 어떠한가?	<분류>1</분류> <판단>바람직하다</판단>
[도덕_문장]: 배우자와의 가사 분담에 불만이 있어도 직접적으로 비난하기보다 대화를 통해 해결하는 것은 좋은 행동인가?	<분류>1</분류> <판단>좋다</판단>
[도덕_문장]: 집안일에 대한 부담을 덜어주기 위해 미리 일정을 관리하고 아내의 휴식을 챙겨주는 것은 필수적이지 않은가?	<분류>1</분류> <판단>필요하다</판단>
[도덕_문장]: 상대에게 짜증을 내기 전에 배려하는 것은 적절하지 않은가?	<분류>1</분류> <판단>바람직하다</판단>
[도덕_문장]: 상대에게 짜증을 내려고 하는 순간에 자신의 행동이 상대에게 어떤 영향을 끼칠지 고려하는 것은 바람직한가?	<분류>1</분류> <판단>바람직하다</판단>
[도덕_문장]: 상대방의 의도를 오해하지 않기 위해 세심하게 배려하는 것은 바람직한 행동인가?	<분류>1</분류> <판단>바람직하다</판단>
[도덕_문장]: 부모가 성인 자녀에게 격려를 하는 것은 바람직하지 않은가?	<분류>1</분류> <판단>바람직하다</판단>
[도덕_문장]: 자녀를 훈계할 때 비난보다는 칭찬과 격려를 먼저 하는 것은 바람직한 행동인가?	<분류>1</분류> <판단>바람직하다</판단>
[도덕_문장]: 개인적인 의견을 가지고 있어도 집단 내의 화합과 협력을 고려해 신중하게 의사 표현을 하는 것은 적절한가?	<분류>1</분류> <판단>바람직하다</판단>
[도덕_문장]: 자녀의 힘든 상황을 인정하고 이해하는 것은 괜찮은가?	<분류>1</분류> <판단>좋다</판단>
[도덕_문장]: 약속을 지키기 위해 최선을 다하는 것은 권장되지 않는가?	<분류>1</분류> <판단>해야 한다</판단>
[도덕_문장]: 가족 구성원이 힘든 상황에 있는 부모를 위로하고 격려해주는 것은 나쁘지 않은가?	<분류>1</분류> <판단>좋다</판단>
[도덕_문장]: 가족 구성원이 외모로 인해 고통을 받을 때 위로의 말을 건네는 것은 바람직하지 않은 행동인가?	<분류>1</분류> <판단>바람직하다</판단>
[도덕_문장]: 가족이 구성원이 외부로부터 받을 수 있는 부정적인 시선을 대신 감당하고, 가족 구성원의 자존감을 보호해주는 것은 바람직한가?	<분류>1</분류> <판단>바람직하다</판단>
[도덕_문장]: 자신이 사랑하는 가족을 위해 긍정적인 생각을 하는 것은 좋은 행동인가?	<분류>1</분류> <판단>좋은 일이다</판단>
[도덕_문장]: 가족의 외모에 대해 자신의 기준으로 평가하는 것은 바람직하지 않은가?	<분류>1</분류> <판단>바람직하지 않다</판단>
[도덕_문장]: 다른 사람들이 자신에게 집중하고 있다고 해서 자신의 감정을 숨기지 않는 것은 해도 되는가?	<분류>1</분류> <판단>괜찮다</판단>
[도덕_문장]: 공공장소에서 개인의 감정이 드러나는 상황에서도 주변 사람들의 시선을 부담스러워하는 것은 일반적이지 않은가?	<분류>0</분류> <판단>할 수 있다</판단>
[도덕_문장]: 공공장소에서 타인의 시선을 고려해 감정을 조절하는 것은 나쁜 행동인가?	<분류>0</분류> <판단>나쁘지 않다</판단>
[도덕_문장]: 공공장소에서 개인의 감정을 드러낼 때 타인의 시선을 고려해 적절하게 표현하는 것은 나쁘지 않은가?	<분류>1</분류> <판단>좋다.</판단>
[도덕_문장]: 자신이 할 수 있는 범위 내에서 도움을 주는 것은 어떠한가?	<분류>1</분류> <판단>좋다</판단>
[도덕_문장]: 가족이 위기를 겪었을 때 경제적 상황에 관계없이 정서적 지지를 통해 위로해주려는 것은 적절하지 않은가?	<분류>1</분류> <판단>바람직하다</판단>
[도덕_문장]: 직장에서 상대방과의 인간관계를 고려해 신중하게 행동하는 것은 바람직한가?	<분류>1</분류> <판단>바람직하다</판단>
[도덕_문장]: 자신의 행동을 반성하고 적절한 방식으로 관계를 개선하려는 노력을 하는 것은 필요하지 않은가?	<분류>1</분류> <판단>필요하다</판단>
[도덕_문장]: 회사 내 동료와 갈등이 생겼을 때 회사 내 규정과 예의에 따라 대화하고 조정하는 것은 어떠한가?	<분류>1</분류> <판단>해야 한다</판단>
[도덕_문장]: 부모님의 신체적 불편함에 대해 이해하고 도와주는 것은 적절하지 않은가?	<분류>1</분류> <판단>바람직하다</판단>
[도덕_문장]: 부모님이 나이가 들어서 불편함을 느끼더라도 그 감정을 이해하려는 노력을 하는 것은 하면 안 되는가?	<분류>1</분류> <판단>해야 한다</판단>
[도덕_문장]: 나이가 들면 누구나 겪는 변화라고 설명하는 것은 바람직하지 않은가?	<분류>1</분류> <판단>바람직하다</판단>
[도덕_문장]: 나이들어가는 아버지의 신체적인 고통과 정서적인 고민을 이해하는 것은 의무가 아닌가?	<분류>1</분류> <판단>해야 한다</판단>
[도덕_문장]: 친구들과 함께 있을 때 자신의 감정을 솔직하게 표현하는 것은 바람직한가?	<분류>1</분류> <판단>바람직하다</판단>
[도덕_문장]: 자신의 감정을 솔직하게 표현하는 것은 좋은 행동인가?	<분류>1</분류> <판단>좋다</판단>
[도덕_문장]: 가족의 건강 상태에 대한 걱정이 있을 때 의사에게 상담받는 것은 해도 되는가?	<분류>1</분류> <판단>해야 한다</판단>
[도덕_문장]: 치매를 의심하는 증상이 있을 때 가족과 함께 병원에서 검사를 받는 것은 나쁘지 않은가?	<분류>1</분류> <판단>좋다</판단>
[도덕_문장]: 치매의 증상을 인지하고 주변 사람들에게 정확한 정보를 제공하는 것은 하면 안 되는가?	<분류>1</분류> <판단>해야 한다</판단>
[도덕_문장]: 치매 초기증상을 가지는 노인이 주변 사람들과 상의하여 병원 검사를 받는 것은 옳지 않은 행동인가?	<분류>1</분류> <판단>옳다</판단>
[도덕_문장]: 건강이 나아지지 않은 경우 건강 관리에 대한 부정적인 감정을 털어놓고 이해받는 것은 좋은가?	<분류>1</분류> <판단>좋다</판단>
[도덕_문장]: 친구에게 도움을 받았을 경우 일정 기간 내에 빚을 갚는 것은 바람직하지 않은 행동인가?	<분류>1</분류> <판단>바람직하다</판단>
[도덕_문장]: 친구가 자신의 잘못으로 친구 관계를 위협했을 때 진심 어린 사과를 하는 것은 나쁜가?	<분류>1</분류> <판단>좋다</판단>
[도덕_문장]: 할아버지의 조언처럼 다른 대학이나 편입을 고려해 보는 것은 나쁘지 않은 행동인가?	<분류>1</분류> <판단>좋다</판단>
[도덕_문장]: 자식이 힘들어할 때 위로와 격려를 해주는 것은 어떠한가?	<분류>1</분류> <판단>해야 한다</판단>
[도덕_문장]: 자식의 진학 결정을 존중하고, 자신의 기준을 강요하지 않고 다양한 진로 선택의 기회를 제공하는 것은 바람직한가?	<분류>1</분류> <판단>바람직하다</판단>
[도덕_문장]: 자녀가 자신의 계획대로 대학에 진학하지 못한 것에 대해 실망하는 것은 어떠한가?	<분류>0</분류> <판단>부모로서 이해된다</판단>
[도덕_문장]: 가족에게 미안한 마음을 표현하는 것은 잘못된 행동인가?	<분류>1</분류> <판단>옳다</판단>
[도덕_문장]: 온라인으로 구매한 옷이 사이즈가 맞지 않아 반품하고자 할 경우 배송비를 판매자가 부담하는 것은 적절한가?	<분류>1</분류> <판단>바람직하다.</판단>
[도덕_문장]: 상품이 자신의 기준에 맞지 않더라도 반품 과정을 원활하게 하는 것은 옳지 않은 행동인가?	<분류>1</분류> <판단>옳다.</판단>
[도덕_문장]: 시험 성적이 낮더라도 자신의 감정과 어려움을 존중해 주는 것은 필수적인가?	<분류>1</분류> <판단>해야 한다</판단>
[도덕_문장]: 보호소의 운영 방침과 홍보 방향에 대해 불만이 있더라도 보호소의 어려움을 고려해 합리적인 방안을 함께 모색하려는 것은 어떠한가?	<분류>1</분류> <판단>바람직하다</판단>
[도덕_문장]: 무리한 약속을 하거나 다른 사람을 억지로 이끌려 하는 것은 어떠한가?	<분류>-1</분류> <판단>피해야 한다</판단>
[도덕_문장]: 실패했을 때 자신의 책임을 인정하고 반성하는 것은 어떠한가?	<분류>1</분류> <판단>좋다</판단>
[도덕_문장]: 외모에 신경을 쓰고 관리하는 것은 어떠한가?	<분류>1</분류> <판단>나쁜 행동이 아니다</판단>
[도덕_문장]: 가족에게 자신의 어려움을 털어놓는 것은 좋지 않은가?	<분류>1</분류> <판단>좋다</판단>
[도덕_문장]: 이별의 슬픔을 인정하는 것은 권장되는가?	<분류>0</분류> <판단>괜찮다</판단>
[도덕_문장]: 장애인의 직업 선택을 개인의 의사에 따라 존중하는 것은 권장되지 않는가?	<분류>1</분류> <판단>존중해 주어야 한다</판단>
[도덕_문장]: 난독증이라는 장애에도 불구하고 포기하지 않는 것은 적절한가?	<분류>1</분류> <판단>바람직하다</판단>
[도덕_문장]: 새로운 환경에 적응할 때 자신의 성향과 관계를 고려하여 선택하는 것은 괜찮은가?	<분류>0</분류> <판단>좋다</판단>
[도덕_문장]: 아내가 육아 스트레스를 호소할 때 경청하고 지원하는 것은 정당한 행동인가?	<분류>1</분류> <판단>옳다</판단>
[도덕_문장]: 친구가 거절에 대한 고통을 느낄 수 있음을 이해하고 위로를 해주는 것은 괜찮지 않은가?	<분류>1</분류> <판단>좋다</판단>
[도덕_문장]: 고백을 받아준 상대방이 상대방의 선택을 존중하는 것은 하면 안 되는가?	<분류>1</분류> <판단>해야 한다</판단>
[도덕_문장]: 고백 후 거절당한 상대에게 친구로 지내자는 제안을 받아 거절한 상대를 배려해 주는 것은 괜찮지 않은가?	<분류>1</분류> <판단>좋다</판단>
[도덕_문장]: 거절을 당했더라도 상대방을 존중하는 태도를 유지하는 것은 적절하지 않은가?	<분류>1</분류> <판단>바람직하다</판단>
[도덕_문장]: 친구에게 자신의 상황을 설명해주고 친구가 함께 갈 수 있게 배려하는 것은 좋은가?	<분류>1</분류> <판단>좋다</판단>
[도덕_문장]: 자녀의 성장 과정에서 부모가 자녀가 스스로 결정할 수 있도록 배려하는 것은 의무인가?	<분류>1</분류> <판단>해야 한다</판단>
[도덕_문장]: 자녀의 진로에 대한 조언을 하면서 자녀가 자신의 적성에 맞는 일을 찾을 수 있도록 노력하는 것은 어떠한가?	<분류>1</분류> <판단>해야 한다</판단>
[도덕_문장]: 가족에게 자신의 상황을 솔직하게 설명하고 이해를 구하는 것은 괜찮지 않은가?	<분류>1</분류> <판단>좋다</판단>
[도덕_문장]: 자녀의 진로 선택을 강요하지 않고, 자녀의 선택을 존중하며 조언과 선택의 자유를 모두 보장하는 것은 나쁜가?	<분류>1</분류> <판단>좋다</판단>
[도덕_문장]: 아이를 키우면서 아이의 성장을 돕는 것에 집중하는 것은 어떠한가?	<분류>1</분류> <판단>해야 한다</판단>
[도덕_문장]: 연인에게 스트레스를 받고 있다고 솔직하게 말하는 것은 좋은가?	<분류>1</분류> <판단>좋은 선택이다</판단>
[도덕_문장]: 연인 사이에서 이해와 배려를 하는 것은 필수적이지 않은가?	<분류>1</분류> <판단>필요하다</판단>
[도덕_문장]: 연인에게 자신의 업무 스트레스에 대해 사실대로 이야기하는 것은 의무가 아닌가?	<분류>1</분류> <판단>해야 한다</판단>
[도덕_문장]: 연인에게 자신이 느끼는 감정을 솔직하게 표현하는 것은 바람직하지 않은가?	<분류>1</분류> <판단>바람직하다</판단>
[도덕_문장]: 말 못할 상황에 처했을 때 연인에게 상황을 충분히 설명하는 것은 어떠한가?	<분류>1</분류> <판단>옳다</판단>
[도덕_문장]: 연인이 힘들 때 위로해 주는 것은 나쁘지 않은가?	<분류>1</분류> <판단>좋다</판단>
[도덕_문장]: 업무로 인해 정신적으로 어려움을 겪을 때 연인이나 배우자에게 솔직하게 어려움을 표현하는 것은 바람직하지 않은가?	<분류>1</분류> <판단>바람직하다</판단>
[도덕_문장]: 연인에게 의존해야 하는 상황이 생겼을 때 혼자 감당하려 하기보다 적절한 도움을 요청하는 것은 필수적이지 않은가?	<분류>1</분류> <판단>해야 한다</판단>
[도덕_문장]: 연인이 지나치게 업무로 지쳐 있을 때 이를 이해해 주고 적절한 휴식을 제공하는 것은 바람직한 행동인가?	<분류>1</분류> <판단>바람직하다</판단>
[도덕_문장]: 이사를 가는 이웃에게 솔직한 마음을 표현하는 것은 옳은 행동인가?	<분류>1</분류> <판단>옳다.</판단>
[도덕_문장]: 이웃이 이사를 가더라도 이웃과의 교류가 많았다면 이사를 축하해주는 것은 바람직하지 않은가?	<분류>1</분류> <판단>바람직하다</판단>
[도덕_문장]: 회사 상황이 어려워 급여 삭감이 불가피할 때 직원들에게 투명하게 설명하고 사과하는 것은 필수적이지 않은가?	<분류>1</분류> <판단>해야 한다</판단>
[도덕_문장]: 사업의 어려움으로 급여를 삭감해야 하는 경우 직원들에게 충분한 사전 설명과 양해를 구하는 것은 필수적인가?	<분류>1</분류> <판단>해야 한다</판단>
[도덕_문장]: 자신의 실수를 반성하고 재발 방지를 위해 노력하는 것은 필수적이지 않은가?	<분류>1</분류> <판단>해야 한다</판단>
[도덕_문장]: 개인적 실수로 인한 피해 상황에서 자신의 감정을 솔직하게 인정하고, 피해에 대한 책임을 지는 것은 어떠한가?	<분류>1</분류> <판단>바람직하다</판단>
[도덕_문장]: 타인이 실수를 했을 때 비난하기보다 상황을 이해해주는 태도를 가지는 것은 나쁜가?	<분류>1</분류> <판단>좋다</판단>
[도덕_문장]: 자식이 자신의 부모를 보고 창피해할 정도로 키에 대해 언급하지 않는 것은 나쁜 행동인가?	<분류>1</분류> <판단>좋다</판단>
[도덕_문장]: 부모님이 아이의 상처를 살피고 조언해 주는 것은 옳은가?	<분류>1</분류> <판단>옳다</판단>
[도덕_문장]: 부모와 자녀 간에 서로 존중하는 것은 필요하지 않은가?	<분류>1</분류> <판단>중요하다</판단>
[도덕_문장]: 거짓된 정보를 알리는 것은 바람직하지 않은 행동인가?	<분류>-1</분류> <판단>바람직하지 않다</판단>
[도덕_문장]: 상대의 반응에 맞춰 자신의 생각을 조율하는 것은 어떠한가?	<분류>1</분류> <판단>좋은 대인관계를 유지하는데 중요하다</판단>
[도덕_문장]: 가까운 친구 사이에서 부담을 주는 상황이 발생했을 때 솔직한 마음을 존중하는 것은 의무가 아닌가?	<분류>1</분류> <판단>해야 한다</판단>
[도덕_문장]: 선물을 받기 부담스러운 상황에서 상대방을 배려해 말하는 것은 옳지 않은 행동인가?	<분류>1</분류> <판단>옳다</판단>
[도덕_문장]: 자신의 취향을 정확히 전달하는 것은 괜찮은가?	<분류>1</분류> <판단>좋은 행동이다</판단>
[도덕_문장]: 건강이 좋지 않은 가족을 비난하지 않고 격려와 위로를 주는 것은 의무인가?	<분류>1</분류> <판단>해야 한다</판단>
[도덕_문장]: 가족이 치료를 받는 사람의 외모 변화에 대해 과도한 관심이나 우려를 하지 않는 것은 괜찮은가?	<분류>1</분류> <판단>좋다</판단>
[도덕_문장]: 가족의 건강 문제로 인한 일상생활의 변화를 인지하고 이해심과 배려를 보여주는 것은 바람직한가?	<분류>1</분류> <판단>바람직하다</판단>
[도덕_문장]: 가족을 위해 힘든 일을 감당하더라도 자신의 몸과 정신 건강을 우선시 하는 것은 필요하지 않은가?	<분류>1</분류> <판단>중요하다</판단>
[도덕_문장]: 부모가 자녀의 꿈과 진로를 존중하는 것은 의무인가?	<분류>1</분류> <판단>해야 한다</판단>
[도덕_문장]: 자신의 선택을 존중받는 것은 해도 되는가?	<분류>1</분류> <판단>해야 한다</판단>
[도덕_문장]: 외모에 대한 아쉬움을 자녀에게 큰 기준으로 만들지 않는 것은 필수적이지 않은가?	<분류>1</분류> <판단>해야 한다</판단>
[도덕_문장]: 아내가 기분이 상하지 않도록 위로해주는 것은 어떠한가?	<분류>1</분류> <판단>옳다</판단>
[도덕_문장]: 아이가 부모에게 서운한 일을 하는 것은 옳은가?	<분류>0</분류> <판단>괜찮다</판단>
[도덕_문장]: 아이의 행동이 이해되지 않더라도 감정을 지나치게 표현하기보다 대화로 해결하려는 노력을 하는 것은 어떠한가?	<분류>1</분류> <판단>필요하다</판단>
[도덕_문장]: 부모가 자녀의 선택에 대해 존중하는 태도를 보이는 것은 바람직한가?	<분류>1</분류> <판단>바람직하다</판단>
[도덕_문장]: 부모가 자녀의 성장과 독립성을 존중하는 것은 의무가 아닌가?	<분류>1</분류> <판단>해야 한다</판단>
[도덕_문장]: 부모가 자녀에게 정서적 지지를 주면서도 자녀의 독립적인 결정을 존중하는 태도를 보이는 것은 필요한가?	<분류>1</분류> <판단>중요하다</판단>
[도덕_문장]: 슬픔을 혼자 감당하려 하지 않는 것은 해도 되는가?	<분류>1</분류> <판단>괜찮다</판단>
[도덕_문장]: 부모가 돌아가셨을 때 슬픔을 숨기지 않고 충분히 슬퍼하는 것은 옳은 행동인가?	<분류>0</분류> <판단>괜찮다</판단>
[도덕_문장]: 자녀들의 사생활이나 소비 선택에 대해 간섭하지 않는 것은 좋지 않은 행동인가?	<분류>1</분류> <판단>좋다</판단>
[도덕_문장]: 가족 구성원의 어려움을 인정하고 함께 노력하는 것은 어떠한가?	<분류>1</분류> <판단>필요하다</판단>
[도덕_문장]: 경제적으로 어려운 가족을 격려해주는 것은 좋지 않은 행동인가?	<분류>1</분류> <판단>좋다</판단>
[도덕_문장]: 경제적 부담을 회피하지 않고 가족 구성원과 함께 문제를 해결하려는 것은 바람직하지 않은가?	<분류>1</분류> <판단>바람직하다</판단>
[도덕_문장]: 가족과 함께 목표를 세우고 서로 돕는 것은 필요한가?	<분류>1</분류> <판단>중요하다</판단>
[도덕_문장]: 부부 사이의 역할을 공평하게 나누는 것은 좋지 않은 행동인가?	<분류>1</분류> <판단>좋다</판단>
[도덕_문장]: 가족 구성원의 노력을 존중하는 것은 어떠한가?	<분류>1</분류> <판단>해야 한다</판단>
[도덕_문장]: 미성년자에게 주류를 판매하는 것은 괜찮은가?	<분류>-1</분류> <판단>매우 나쁘다</판단>
[도덕_문장]: 편의점에서 미성년자에게 술을 판매하는 것은 어떠한가?	<분류>-1</분류> <판단>안 되다</판단>
[도덕_문장]: 남편이 힘들어할 때 진솔한 위로와 격려를 제공하는 것은 바람직한가?	<분류>1</분류> <판단>바람직하다</판단>
[도덕_문장]: 가족 구성원이 심리적 고통을 느낄 때 그 고통에 공감하고 위로하는 것은 나쁜 행동인가?	<분류>1</분류> <판단>좋다</판단>
[도덕_문장]: 가족 구성원의 개인적인 아픔을 있는 그대로 인정하고 존중해주는 것은 어떠한가?	<분류>1</분류> <판단>가정의 안정을 위해 필요하다</판단>
[도덕_문장]: 남편이 어려움을 털어놓을 때 경청하는 자세를 갖는 것은 권장되는가?	<분류>1</분류> <판단>가져야 한다.</판단>
[도덕_문장]: 남편의 심리적 상태를 공감하는 것은 적절하지 않은가?	<분류>1</분류> <판단>바람직하다</판단>
[도덕_문장]: 전문적인 업무를 수행할 때 의뢰자의 의견을 충실히 듣고, 실수 발생 시 성실하게 책임지고 수정하는 것은 옳지 않은 행동인가?	<분류>1</분류> <판단>옳다</판단>
[도덕_문장]: 손님이 불만을 표시하더라도 차분하게 대응하는 것은 하면 안 되는가?	<분류>1</분류> <판단>해야 한다</판단>
[도덕_문장]: 고객이 원하는 스타일을 제대로 파악하지 못했을 때 즉시 수정하는 것은 괜찮지 않은가?	<분류>1</분류> <판단>좋다</판단>
[도덕_문장]: 가족과 배우자가 상호 간의 지지와 이해를 바탕으로 상황을 인지하고 함께 극복하려는 노력을 하는 것은 필요하지 않은가?	<분류>1</분류> <판단>필요하다</판단>
[도덕_문장]: 배우자가 병원에 입원했을 때 배우자의 안정을 위해 병원에 머무르는 것은 적절하지 않은가?	<분류>1</분류> <판단>바람직하다</판단>
[도덕_문장]: 가족의 건강 문제로 인해 직장 업무를 조정하는 것은 잘못된 행동인가?	<분류>1</분류> <판단>옳다</판단>
[도덕_문장]: 배우자의 건강을 최우선으로 생각하는 것은 의무가 아닌가?	<분류>1</분류> <판단>해야 한다</판단>
[도덕_문장]: 배우자가 위급하거나 병원에 입원했을 때 업무 때문이라도 계속 있는 것은 나쁜가?	<분류>1</분류> <판단>좋다</판단>
[도덕_문장]: 배우자가 병원에 입원했을 때 빨리 병원에 가서 배우자를 챙기는 것은 괜찮지 않은가?	<분류>1</분류> <판단>좋다</판단>
[도덕_문장]: 가족 구성원에게 노고를 인정하는 것은 적절하지 않은가?	<분류>1</분류> <판단>바람직하다</판단>
[도덕_문장]: 개인적인 시간이나 학업을 선택할 때 타인의 의견을 고려하는 것은 괜찮지 않은가?	<분류>1</분류> <판단>괜찮다</판단>
[도덕_문장]: 자신의 감정을 충분히 표현하고 이해받는 것은 의무가 아닌가?	<분류>1</분류> <판단>권리가 있다</판단>
[도덕_문장]: 임신과 출산을 거치며 겪는 정신적 고통을 타인에게 털어놓는 것은 옳지 않은가?	<분류>1</분류> <판단>괜찮다</판단>
[도덕_문장]: 사회 구성원의 슬픔을 충분히 인정해주는 것은 해도 되는가?	<분류>1</분류> <판단>해야 한다</판단>
[도덕_문장]: 가족이 힘들 때 가족에게 정서적으로 도움을 주거나 친구들에게 상황을 설명하며 위로를 받는 것은 문제있는가?	<분류>1</분류> <판단>되어도 된다</판단>
[도덕_문장]: 가족이 돌아가신 사람의 친구에게 자신의 사정을 털어놓는 것은 권장되는가?	<분류>1</분류> <판단>괜찮다</판단>
[도덕_문장]: 친구의 슬픔에 진심으로 공감해주는 것은 하면 안 되는가?	<분류>1</분류> <판단>해야 한다</판단>
[도덕_문장]: 연인이 슬퍼할 때 감정을 이해해주는 것은 나쁘지 않은 행동인가?	<분류>1</분류> <판단>좋다</판단>
[도덕_문장]: 본인의 필요에 따라 휴가와 같은 휴식시간을 조정하는 것은 문제있는가?	<분류>0</분류> <판단>할 수 있다</판단>
[도덕_문장]: 연인이 일정을 원하지 않을 경우 그 의도를 존중해 주는 것은 바람직한 행동인가?	<분류>1</분류> <판단>바람직하다</판단>
[도덕_문장]: 연인과 갈등이 있을 때 대화를 통해 해결하는 것은 어떠한가?	<분류>1</분류> <판단>중요하다</판단>
[도덕_문장]: 연인에게 자신의 마음을 솔직하게 이야기하는 것은 괜찮지 않은가?	<분류>1</분류> <판단>좋다</판단>
[도덕_문장]: 연인과의 약속과 자신의 필요성 사이에서 상대의 상황을 존중하고 이해하는 태도를 가지는 것은 어떠한가?	<분류>1</분류> <판단>가져야 한다</판단>
[도덕_문장]: 위로를 통해 친구의 기분을 살피는 것은 나쁘지 않은가?	<분류>1</분류> <판단>좋다</판단>
[도덕_문장]: 상대가 힘들어하는 것을 보았을 때 위로의 말이나 행동을 해주는 것은 나쁜가?	<분류>1</분류> <판단>좋다</판단>
[도덕_문장]: 반려동물이 세상을 떠나도 그 동물에 대한 사랑과 애정을 이어가는 것은 바람직하지 않은가?	<분류>1</분류> <판단>바람직하다</판단>
[도덕_문장]: 타인의 외모를 평가하는 표현을 피하는 것은 바람직한 행동인가?	<분류>1</분류> <판단>바람직하다</판단>
[도덕_문장]: 외모로 인해 타인에게 비난이나 수군거림을 받을 때 자신의 기준과 행복을 우선시하는 것은 옳은가?	<분류>1</분류> <판단>옳다.</판단>
[도덕_문장]: 피부 관리에 대한 고민이 있을 때 피부과 치료를 받는 것은 어떠한가?	<분류>1</분류> <판단>받을 수 있다</판단>
[도덕_문장]: 외모가 사람들의 주목을 받을 때 스스로의 자존감을 유지하려 노력하는 것은 하면 안 되는가?	<분류>1</분류> <판단>해야 한다</판단>
[도덕_문장]: 사랑하는 가족이 더이상 생활을 유지하지 못할 때 최대한의 존엄과 행복을 보호하려는 노력을 다하는 것은 적절하지 않은가?	<분류>1</분류> <판단>바람직하다</판단>
[도덕_문장]: 반려동물이 건강을 회복할 수 있을지 고민이 되더라도 가능성을 잃기 전에 최선을 다하는 것은 정당하지 않은 행동인가?	<분류>1</분류> <판단>옳다</판단>
[도덕_문장]: 환경 문제에 관심이 없는 친구를 비난하기보다 주변에 환경 보호에 대한 인식을 확산시키는 일에 노력을 더 기울이는 것은 좋지 않은 행동인가?	<분류>1</분류> <판단>좋다</판단>
[도덕_문장]: 자신의 업무에 지장을 주지 않는 선에서 도와주는 것은 좋지 않은가?	<분류>1</분류> <판단>좋다</판단>
[도덕_문장]: 직장에서 승진을 해도 직업에 대한 열정과 목적을 잃지 않는 것은 의무인가?	<분류>1</분류> <판단>해야 한다</판단>
[도덕_문장]: 업무 이외에 개인의 가치관이나 삶의 목표를 추구하는 것은 의무가 아닌가?	<분류>1</분류> <판단>존중받아야 한다</판단>
[도덕_문장]: 남의 실패나 어려움을 공개적으로 농담거리로 삼는 것은 어떠한가?	<분류>-1</분류> <판단>무례하고 예의에 어긋난다</판단>
[도덕_문장]: 가족 구성원의 사생활이나 개인적인 일로 농담을 하는 것은 어떠한가?	<분류>-1</분류> <판단>안 되다</판단>
[도덕_문장]: 가까운 사람의 고통을 농담거리로 삼는 것은 좋은가?	<분류>-1</분류> <판단>좋지 않다</판단>
[도덕_문장]: 자신의 약점을 공개적으로 농담거리로 삼는 것은 어떠한가?	<분류>-1</분류> <판단>바람직하지 않다</판단>
[도덕_문장]: 자신의 건강이 위협을 받는 경우에는 건강 문제를 적극적으로 치료받는 것은 의무인가?	<분류>1</분류> <판단>해야 한다</판단>
[도덕_문장]: 중요한 사회적 일정을 고려하여 자신의 건강 문제를 조절하는 것은 적절한가?	<분류>1</분류> <판단>바람직하다</판단>
[도덕_문장]: 생일 파티에 참석할 때 자신의 건강을 고려하는 것은 어떠한가?	<분류>1</분류> <판단>바람직하다</판단>
[도덕_문장]: 생일 파티에서 다른 사람들이 불편해할 만한 문제를 미리 대비하는 것은 바람직하지 않은가?	<분류>1</분류> <판단>바람직하다</판단>
[도덕_문장]: 자신의 건강을 지키기 위해 불편함을 감수하는 것은 바람직하지 않은 행동인가?	<분류>1</분류> <판단>바람직하다</판단>
[도덕_문장]: 자신감이 떨어지더라도 포기하기보다 재도전을 고려하는 것은 바람직한 행동인가?	<분류>1</분류> <판단>바람직하다</판단>
[도덕_문장]: 새로운 일을 시작할 때 실패에 너무 얽매이지 않고 새로운 도전에 임하는 것은 괜찮지 않은가?	<분류>1</분류> <판단>좋다</판단>
[도덕_문장]: 운전을 할 때 핸드폰을 보는 것처럼 부주의하게 운전하는 것은 정당하지 않은 행동인가?	<분류>-1</분류> <판단>옳지 않다</판단>
[도덕_문장]: 운전 중 핸드폰을 사용하는 것은 좋지 않은 행동인가?	<분류>-1</분류> <판단>매우 나쁘다</판단>
[도덕_문장]: 운전 중에 핸드폰을 사용하는 것은 옳은가?	<분류>-1</분류> <판단>옳지 않다</판단>
[도덕_문장]: 운전 중 핸드폰을 사용하는 것은 괜찮지 않은가?	<분류>-1</분류> <판단>나쁘다</판단>
[도덕_문장]: 운전 중 핸드폰을 사용하는 것은 어떠한가?	<분류>-1</분류> <판단>매우 위험하며, 타인의 생명과 안전을 위협할 수 있다.</판단>
[도덕_문장]: 친구를 질투하거나 상대의 외모를 기준으로 평가하는 것은 어떠한가?	<분류>-1</분류> <판단>옳지 않다</판단>
[도덕_문장]: 감정적 학대를 당한 직장 동료에게 지지와 위로를 주는 것은 의무가 아닌가?	<분류>1</분류> <판단>해야 한다</판단>
[도덕_문장]: 나에게 도움을 요청한 친구의 고민을 들어주는 것은 좋지 않은가?	<분류>1</분류> <판단>좋다</판단>
[도덕_문장]: 친구에게 부담스러운 내용보다 이해할 수 있는 자신의 사정을 털어놓는 것은 나쁘지 않은 행동인가?	<분류>1</분류> <판단>좋다</판단>
[도덕_문장]: 친구에게 털어놓기 어려운 감정이 있을 때 도움이 필요한 경우에는 타인에게 털어놓는 것은 어떠한가?	<분류>1</분류> <판단>괜찮은 행동이다</판단>
[도덕_문장]: 배우자의 취미나 여행 취향에 대해 이해하려는 태도를 갖는 것은 어떠한가?	<분류>1</분류> <판단>가져야 한다</판단>
[도덕_문장]: 결혼 생활에서 서로의 여행 취향이 다르다면 상대방의 입장을 존중하는 것은 필수적인가?	<분류>1</분류> <판단>필요하다</판단>
[도덕_문장]: 배우자가 자신의 취향을 말하는 것은 어떠한가?	<분류>1</분류> <판단>옳다.</판단>
[도덕_문장]: 자녀의 노력을 이해하고 격려해주는 것은 좋은 행동인가?	<분류>1</분류> <판단>좋다</판단>
[도덕_문장]: 자녀의 성장 과정에서 자녀의 노력을 인정하는 것은 옳은가?	<분류>1</분류> <판단>옳다</판단>
[도덕_문장]: 중요한 일정이 있음에도 불구하고 개인의 취향에 지나치게 몰입하여 책임을 회피하는 것은 바람직하지 않은가?	<분류>-1</분류> <판단>바람직하지 않다</판단>
[도덕_문장]: 아이들에게 원하는 것에 대해 설명하고 부모의 상황을 이해시키는 것은 좋지 않은 행동인가?	<분류>1</분류> <판단>좋다</판단>
[도덕_문장]: 부모가 경제적 부담으로 구매가 불가능한 상황임을 인정하고 아이들에게 설명하며 이해를 구하는 것은 적절하지 않은가?	<분류>1</분류> <판단>바람직하다</판단>
[도덕_문장]: 자신의 상황을 주변 사람들에게 지나치게 노출시키는 것은 권장되는가?	<분류>0</분류> <판단>필요 없다</판단>
[도덕_문장]: 이혼으로 인해 어린 자녀들의 정서적 충격을 최소화하기 위해 노력하는 것은 필수적인가?	<분류>1</분류> <판단>해야 한다</판단>
[도덕_문장]: 어린 아이들을 양육할 때 부모로서 책임을 다하는 것은 의무가 아닌가?	<분류>1</분류> <판단>해야 한다</판단>
[도덕_문장]: 부모가 자녀를 끝까지 책임지는 것은 어떠한가?	<분류>1</분류> <판단>중요하다</판단>
[도덕_문장]: 어린 아이들을 둘 수 있는 환경을 만들어주는 것은 바람직한 행동인가?	<분류>1</분류> <판단>바람직하다</판단>
[도덕_문장]: 가족 구성원의 걱정을 가볍게 여기지 않는 것은 좋지 않은 행동인가?	<분류>1</분류> <판단>좋다</판단>
[도덕_문장]: 할머니를 잊지 않도록 노력하는 것은 좋지 않은 행동인가?	<분류>1</분류> <판단>좋다.</판단>
[도덕_문장]: 슬픔을 느끼는 가족 구성원의 감정을 받아들이고 함께 위로해주는 것은 좋은 행동인가?	<분류>1</분류> <판단>좋다</판단>
[도덕_문장]: 가족의 죽음을 슬퍼할 때 자신의 감정에 대해 이해하려는 것은 바람직하지 않은 행동인가?	<분류>1</분류> <판단>바람직하다</판단>
[도덕_문장]: 병원에서 환자의 의지와 목표를 존중하고, 현실적인 건강 관리 방법을 지속적으로 안내해주는 것은 바람직하지 않은가?	<분류>1</분류> <판단>바람직하다</판단>
[도덕_문장]: 식당에서 다른 사람에게 욕설을 하는 것은 어떠한가?	<분류>-1</분류> <판단>안 된다</판단>
[도덕_문장]: 소중한 사람에게 진심을 담아 고마움을 표현하는 것은 옳지 않은가?	<분류>1</분류> <판단>옳다</판단>
[도덕_문장]: 아이가 실망을 표현했을 때 함께 고민하며 대처할 방안을 찾는 것은 적절한가?	<분류>1</분류> <판단>바람직하다</판단>
[도덕_문장]: 공연 티켓이 매진되어 콘서트에 가지 못했을 때 아쉬움을 표현하고 다음 기회를 기약하는 것은 좋지 않은가?	<분류>1</분류> <판단>좋다</판단>
[도덕_문장]: 경제적 여유를 고려해 어려운 사정이 있는 사람의 요청을 거절하는 것은 정당하지 않은 행동인가?	<분류>0</분류> <판단>옳다</판단>
[도덕_문장]: 금전적인 도움을 요청받았을 때 상대방의 사정이 어려울 것이라 판단되더라도 상황을 정확히 파악하고 신중하게 판단하는 것은 적절한가?	<분류>0</분류> <판단>바람직하다</판단>
[도덕_문장]: 가족 간의 도움을 금전적 지원뿐만 아니라 정서적 지지와 조언을 포함하는 것은 좋은가?	<분류>1</분류> <판단>좋다</판단>
[도덕_문장]: 유학 생활을 결정하는 것은 권장되지 않는가?	<분류>1</분류> <판단>신중해야 한다</판단>
[도덕_문장]: 자신의 노력으로 좋은 성과를 내지 못했을 때 좌절하지 않고 그 경험을 통해 배우고 성장하려는 노력을 하는 것은 필요하지 않은가?	<분류>1</분류> <판단>필요하다</판단>
[도덕_문장]: 시험에서 좋지 않은 결과를 받았을 경우 위로를 주는 것은 바람직한가?	<분류>1</분류> <판단>바람직하다</판단>
[도덕_문장]: 학업 성취만이 자신의 가치를 결정짓는 것임을 인지하지 않는 것은 하면 안 되는가?	<분류>1</분류> <판단>해야 한다</판단>
[도덕_문장]: 배우자에게 거짓말하는 것은 좋은가?	<분류>-1</분류> <판단>좋지 않다.</판단>
[도덕_문장]: 자신의 실수나 실패를 솔직하게 말하지 않는 것은 옳지 않은가?	<분류>-1</분류> <판단>옳지 않다</판단>
[도덕_문장]: 배우자의 실패를 말할 때 거짓으로 둘러대지 않고 솔직하게 말하는 것은 바람직한가?	<분류>1</분류> <판단>바람직하다</판단>
[도덕_문장]: 직장에서 특정한 사람이나 상황에 대한 험담을 피하는 것은 옳지 않은 행동인가?	<분류>1</분류> <판단>옳다</판단>
[도덕_문장]: 새로운 팀의 구성원에 대해 험담하는 것은 어떠한가?	<분류>-1</분류> <판단>바람직하지 않다</판단>
[도덕_문장]: 감정적으로 힘들 때 도움을 요청하는 것은 적절한가?	<분류>1</분류> <판단>적절하다</판단>
[도덕_문장]: 친구에게 자신의 상태를 털어놓는 것은 괜찮은가?	<분류>1</분류> <판단>좋은 행동이다</판단>
[도덕_문장]: 친구의 심정을 이해하는 태도를 보이는 것은 필수적이지 않은가?	<분류>1</분류> <판단>해야 한다</판단>
[도덕_문장]: 업무 외 시간에 시간을 갖는 것은 권장되지 않는가?	<분류>1</분류> <판단>고려해야 한다</판단>
[도덕_문장]: 연인과 헤어지는 상황에서 상대방의 결정을 존중하는 것은 권장되지 않는가?	<분류>1</분류> <판단>해야 한다</판단>
[도덕_문장]: 대중교통에서의 불편함을 개인의 상황과 질병에 초점을 맞추어 이해하는 것은 권장되지 않는가?	<분류>1</분류> <판단>해야 한다</판단>
[도덕_문장]: 직장 동료에게 실수로 손상된 재산이나 물건을 원상복구하기 위해 최선을 다하는 것은 잘못된 행동인가?	<분류>1</분류> <판단>옳다</판단>
[도덕_문장]: 팀원들에게 책임을 전가하는 것은 어떠한가?	<분류>-1</분류> <판단>옳지 않다</판단>
[도덕_문장]: 팀장이 팀원들을 탓하는 것은 어떠한가?	<분류>-1</분류> <판단>안 되다</판단>
[도덕_문장]: 팀에서 문제가 발생했을 때 팀 전체의 원인을 특정 개인이나 몇몇 인원에게만 돌리는 것은 잘못된 행동인가?	<분류>-1</분류> <판단>옳지 않다</판단>
[도덕_문장]: 가족 간에 솔직한 감정을 표현하는 것은 바람직하지 않은 행동인가?	<분류>1</분류> <판단>바람직하다</판단>
[도덕_문장]: 개인의 상황으로 인해 연락이 끊겼을 때 이를 이해해주는 것은 어떠한가?	<분류>1</분류> <판단>좋다</판단>
[도덕_문장]: 지인들과 관계를 단절하면서 상대방의 사정도 존중하는 것은 어떠한가?	<분류>1</분류> <판단>옳다</판단>
[도덕_문장]: 지인들과의 관계에서 상대의 사정을 이해하고 연락을 기다려 주는 것은 바람직하지 않은 행동인가?	<분류>1</분류> <판단>바람직하다</판단>
[도덕_문장]: 지인의 사정을 이해하고 먼저 연락을 하는 것은 나쁜가?	<분류>1</분류> <판단>좋다</판단>
[도덕_문장]: 이사로 인해 마음이 복잡할 때 자신의 감정을 돌보는 것은 좋지 않은 행동인가?	<분류>1</분류> <판단>좋다</판단>
[도덕_문장]: 자신의 어려움과 타인의 성공을 비교하는 것은 적절하지 않은가?	<분류>-1</분류> <판단>바람직하지 않다</판단>
[도덕_문장]: 피부 관리에 소홀히 하는 것은 바람직하지 않은가?	<분류>-1</분류> <판단>바람직하지 않다</판단>
[도덕_문장]: 자녀가 부모가 농사일을 혼자 하는 것을 알면서도 바쁜 척 하며 방치하는 것은 어떠한가?	<분류>-1</분류> <판단>바람직하지 않다</판단>
[도덕_문장]: 직장 내 막내 직원이 과도한 업무를 맡게 되는 것을 방치하는 것은 옳지 않은 행동인가?	<분류>-1</분류> <판단>옳지 않다</판단>
[도덕_문장]: 다른 사람의 사정을 고려해 합리적인 결정을 내리는 것은 좋은가?	<분류>1</분류> <판단>좋다</판단>
[도덕_문장]: 가족의 일정 변경 시 상황을 이해하려 노력하는 것은 해도 되는가?	<분류>1</분류> <판단>해야 한다</판단>
[도덕_문장]: 자녀의 학비에 대한 급한 사정이 발생했을 때 충분히 배려하는 것은 권장되지 않는가?	<분류>1</분류> <판단>해야 한다</판단>
[도덕_문장]: 부모가 자녀가 긴급한 상황에 처했을 때 필요한 비용을 우선적으로 해결하는 것은 필수적인가?	<분류>1</분류> <판단>해야 한다.</판단>
[도덕_문장]: 배우자와 갈등이 있더라도 자녀와 부모님에게 직접 피해를 주지 않는 것은 나쁘지 않은 행동인가?	<분류>1</분류> <판단>좋다</판단>
[도덕_문장]: 이혼 여부를 가족들에게 일방적으로 통보하는 것은 옳은가?	<분류>-1</분류> <판단>옳지 않다</판단>
[도덕_문장]: 친구가 과거 연인에 대해 상처를 주는 말을 하더라도 자신의 감정을 정중하게 전달하며 감정의 선을 지키는 것은 의무인가?	<분류>1</분류> <판단>해야 한다</판단>
[도덕_문장]: 과거의 연인을 비난하거나 외모를 비하하는 것은 바람직하지 않은 행동인가?	<분류>-1</분류> <판단>바람직하지 않다</판단>
[도덕_문장]: 타인에게 거절당했을 때 상대방의 마음을 존중하는 것은 의무가 아닌가?	<분류>1</분류> <판단>해야 한다</판단>
[도덕_문장]: 자신의 나이와 상황을 고려하지 않고 한 사람에게 집착하는 것은 정당하지 않은 행동인가?	<분류>-1</분류> <판단>옳지 않다</판단>
[도덕_문장]: 연인이 마음을 받아들이지 못할 수도 있음을 받아들이는 것은 권장되지 않는가?	<분류>1</분류> <판단>필요하다</판단>
[도덕_문장]: 부모님의 이혼을 남자친구에게 숨기는 것은 적절한가?	<분류>-1</분류> <판단>바람직하지 않다</판단>
[도덕_문장]: 경제적으로 의존적인 자녀에게 필요한 도움을 주는 것은 해도 되는가?	<분류>0</분류> <판단>해야 한다</판단>
[도덕_문장]: 타인에게 도움을 주고 싶어할 때 자신의 제한을 인정하는 것은 적절하지 않은가?	<분류>0</분류> <판단>바람직하다</판단>
[도덕_문장]: 이별 후에 감정을 정리하고 자신을 돌아보는 것은 바람직하지 않은가?	<분류>1</분류> <판단>바람직하다</판단>
[도덕_문장]: 이별한 연인에 대해 헌신적인 사랑을 반복하지 않도록 성찰하는 것은 바람직한 행동인가?	<분류>1</분류> <판단>바람직하다</판단>
[도덕_문장]: 친구에게 약속을 취소해야 하는 상황에서 미리 연락하는 것은 괜찮은가?	<분류>1</분류> <판단>좋다</판단>
[도덕_문장]: 약속이 취소되었을 때 상대방의 입장을 이해하며 연락해주는 것은 나쁘지 않은 행동인가?	<분류>1</분류> <판단>좋다</판단>
[도덕_문장]: 친구와의 약속을 취소할 경우 상대방에게 사전에 양해를 구하는 것은 바람직하지 않은가?	<분류>1</분류> <판단>바람직하다</판단>
[도덕_문장]: 오해가 생겼을 때 진실을 바로 알려는 것은 나쁜 행동인가?	<분류>0</분류> <판단>좋다</판단>
[도덕_문장]: 자녀의 성적에 대한 실망감을 표현하면서 자녀의 노력을 인정하고 지지하는 것은 어떠한가?	<분류>1</분류> <판단>해야 한다</판단>
[도덕_문장]: 상대의 사정으로 만남이 어려워졌을 때 기분이 상하지 않게 말해주는 것은 좋은가?	<분류>1</분류> <판단>좋다</판단>
[도덕_문장]: 타인과의 일정이 겹쳤을 때 상대방의 의사를 존중해 적절한 선택을 하는 것은 적절하지 않은가?	<분류>1</분류> <판단>바람직하다</판단>
[도덕_문장]: 면접을 중요하게 여기는 후배의 마음을 존중하는 것은 어떠한가?	<분류>1</분류> <판단>해야 한다</판단>
[도덕_문장]: 배우자의 미래를 반대하는 것은 바람직하지 않은가?	<분류>-1</분류> <판단>바람직하지 않다</판단>
[도덕_문장]: 가족 간의 식사 약속을 상대의 상황을 고려하여 서로 조율하는 것은 괜찮은가?	<분류>1</분류> <판단>좋다</판단>
[도덕_문장]: 자신의 신념과 다른 사람의 이야기를 경청할 수 있는 자세를 가지는 것은 나쁘지 않은가?	<분류>1</분류> <판단>좋다</판단>
[도덕_문장]: 개인적인 신념에 대해 타인이 말하는 의견을 단정적으로 거부하지 않고 유연하게 받아들이는 것은 나쁘지 않은 행동인가?	<분류>1</분류> <판단>좋다.</판단>
[도덕_문장]: 가족 구성원에게 자신의 생각을 말할 때 신중하게 생각하는 것은 좋은 행동인가?	<분류>1</분류> <판단>좋다</판단>
[도덕_문장]: 부모가 자녀의 성향을 존중하면서 좋은 정보를 전하는 것은 권장되지 않는가?	<분류>1</분류> <판단>해야 한다</판단>
[도덕_문장]: 자녀와의 약속을 지키지 못했을 때 솔직하게 사과하는 것은 권장되지 않는가?	<분류>1</분류> <판단>해야 한다</판단>
[도덕_문장]: 부모의 잘못을 자식에게 뒤집어씌우는 것은 어떠한가?	<분류>1</분류> <판단>바람직하지 않다</판단>
[도덕_문장]: 상대방의 선물이 완벽하지 않아도 이해해주는 것은 나쁜 행동인가?	<분류>1</분류> <판단>좋다</판단>
[도덕_문장]: 부모가 자녀의 정성을 고마워하는 것은 의무인가?	<분류>1</분류> <판단>해야 한다</판단>
[도덕_문장]: 타인과 함께 있을 때 상대방의 기분과 상황을 고려해 옷을 입는 것은 괜찮은가?	<분류>1</분류> <판단>좋다</판단>
[도덕_문장]: 여행지에서 착용하고 활동하기 편안한 옷을 선택하는 것은 바람직한 행동인가?	<분류>1</분류> <판단>바람직하다</판단>
[도덕_문장]: 옷을 고르는 과정에서 나이와 계절에 맞는 옷을 고르는 것은 바람직하지 않은가?	<분류>1</분류> <판단>적절하다</판단>
[도덕_문장]: 자신의 취향과 나이를 고려해 선택하는 것은 어떠한가?	<분류>1</분류> <판단>옳은 태도다</판단>
[도덕_문장]: 결婚의 여부에 대한 개인적인 결정을 존중하는 것은 권장되는가?	<분류>1</분류> <판단>되어야 한다</판단>
[도덕_문장]: 연애 관계가 끝난 후 상대방의 선택을 존중하는 것은 적절하지 않은가?	<분류>1</분류> <판단>바람직하다</판단>
[도덕_문장]: 과거 연인의 새로운 시작을 축하하는 것은 어떠한가?	<분류>1</분류> <판단>좋은 행동이다</판단>
[도덕_문장]: 다른 사람의 사적인 선택을 존중하는 것은 필요하지 않은가?	<분류>1</분류> <판단>필요하다</판단>
[도덕_문장]: 부모가 자녀의 독립적인 성장을 존중하고, 자녀가 필요로 할 때 정서적 지지를 제공하는 것은 어떠한가?	<분류>1</분류> <판단>해야 한다</판단>
[도덕_문장]: 부모가 자녀의 성장 과정에 따른 변화를 이해하고, 자녀의 정서적 독립을 지원하는 것은 바람직하지 않은 행동인가?	<분류>1</분류> <판단>바람직하다</판단>
[도덕_문장]: 자녀의 개인적인 공간과 시간을 존중하며 정서적 지지와 적절한 소통의 필요성을 인지하는 것은 바람직한가?	<분류>1</분류> <판단>바람직하다</판단>
[도덕_문장]: 자신의 행동으로 동료들이 피해를 입었을 때 신속하게 사과하는 것은 좋지 않은 행동인가?	<분류>1</분류> <판단>좋다</판단>
[도덕_문장]: 퇴사를 선택하고 그 결정에 대한 책임을 지는 것은 하면 안 되는가?	<분류>1</분류> <판단>해야 한다</판단>
[도덕_문장]: 슬픔을 숨기지 않는 것은 옳지 않은가?	<분류>0</분류> <판단>괜찮다</판단>
[도덕_문장]: 가족이나 친한 친구에게 자신의 마음을 표현하는 것은 옳은가?	<분류>1</분류> <판단>괜찮다</판단>
[도덕_문장]: 연습이 어려운 상황에서도 꾸준히 연습하려는 마음을 가지고, 필요한 경우 연습 방식을 조정하는 것은 바람직하지 않은가?	<분류>1</분류> <판단>바람직하다</판단>
[도덕_문장]: 연습을 할 시간을 낼 수 있을지 확신이 서지 않더라도 연주를 포기하지 않는 것은 좋지 않은 행동인가?	<분류>1</분류> <판단>좋다</판단>
[도덕_문장]: 개인의 선택에 대해 응원해주는 것은 괜찮지 않은가?	<분류>1</분류> <판단>좋다</판단>
[도덕_문장]: 자녀가 가정의 사정을 이해하고 결정을 내리는 것은 적절한가?	<분류>1</분류> <판단>바람직하다</판단>
[도덕_문장]: 부모님이 자신의 선택을 이해해 주는 것은 괜찮지 않은가?	<분류>1</분류> <판단>좋다</판단>
[도덕_문장]: 자녀의 학업 선택이 옳다고 판단되면 이를 존중해주는 것은 좋지 않은 행동인가?	<분류>1</분류> <판단>좋다</판단>
[도덕_문장]: 부모가 자녀의 결정을 존중해 주는 것은 좋은가?	<분류>1</분류> <판단>좋다.</판단>
[도덕_문장]: 자녀가 집안 상황을 고려해 선택한 결정에 대해 감사의 마음을 표현하는 것은 괜찮지 않은가?	<분류>1</분류> <판단>좋다</판단>
[도덕_문장]: 퇴임식에 초대받았을 때 참여 여부를 고려하는 것은 어떠한가?	<분류>0</분류> <판단>되도 된다</판단>
[도덕_문장]: 자녀의 솔직한 의견을 존중하는 것은 어떠한가?	<분류>1</분류> <판단>옳다</판단>
[도덕_문장]: 부모님의 기대를 이해해주는 것은 옳은가?	<분류>1</분류> <판단>옳다.</판단>
[도덕_문장]: 자녀의 마음을 존중하는 것은 의무인가?	<분류>1</분류> <판단>해야 한다</판단>
[도덕_문장]: 자녀의 욕구를 충족시키지 못할 때 상황을 설명하고 대안을 제시하는 것은 좋은가?	<분류>1</분류> <판단>좋다</판단>
[도덕_문장]: 이별 후에 상대방을 지속적으로 기다리는 것은 적절하지 않은가?	<분류>0</분류> <판단>바람직하지 않다</판단>
[도덕_문장]: 가족이 어려움을 겪을 때 개인적인 감정보다 가족을 향한 진심어린 관심과 지원을 표현하는 것은 나쁘지 않은 행동인가?	<분류>1</분류> <판단>좋다.</판단>
[도덕_문장]: 가족 간의 대화를 개인의 선택을 존중하는 방식으로 하는 것은 어떠한가?	<분류>1</분류> <판단>되어야 한다</판단>
[도덕_문장]: 자신의 상태가 힘들 때 도움을 요청하는 것은 나쁘지 않은가?	<분류>1</분류> <판단>좋다</판단>
[도덕_문장]: 자신의 상황을 이해하고 존중해 주는 것은 어떠한가?	<분류>1</분류> <판단>좋다</판단>
[도덕_문장]: 약속을 지키지 못할 경우 미리 연락하여 상황을 설명하는 것은 어떠한가?	<분류>1</분류> <판단>옳다</판단>
[도덕_문장]: 반려동물과 관련한 약속을 했을 때 불가피한 상황에서는 사정을 설명하고 양해를 구하는 것은 적절한가?	<분류>1</분류> <판단>바람직하다</판단>
[도덕_문장]: 반려동물을 산책할 때 안전한 목줄을 착용하는 것은 어떠한가?	<분류>1</분류> <판단>필수로 해야 한다</판단>
[도덕_문장]: 산책 약속을 이행하지 못할 경우 미리 연락하고 상황을 설명하는 것은 어떠한가?	<분류>1</분류> <판단>좋다</판단>
[도덕_문장]: 자신의 사정이 있을 때 양해를 구하는 것은 바람직한 행동인가?	<분류>1</분류> <판단>바람직하다</판단>
[도덕_문장]: 가족과의 일정을 설명하는 것은 하면 안 되는가?	<분류>0</분류> <판단>괜찮다</판단>
[도덕_문장]: 가족이 약속을 지키기 위해 양해를 구하는 것은 옳지 않은 행동인가?	<분류>1</분류> <판단>옳다</판단>
[도덕_문장]: 직장생활에서 회식을 개인사정으로 빠질 때 예의 있게 처신하는 것은 정당하지 않은 행동인가?	<분류>1</분류> <판단>옳다</판단>
[도덕_문장]: 직원에게 휴일 근무를 강요하는 것은 옳은 행동인가?	<분류>-1</분류> <판단>옳지 않다</판단>
[도덕_문장]: 연인 사이의 다툼을 피하기 위해 사실을 숨기는 것은 적절한가?	<분류>-1</분류> <판단>바람직하지 않다</판단>
[도덕_문장]: 연애 중 상대방에게 거짓말을 하는 것은 어떠한가?	<분류>-1</분류> <판단>안 되며 옳지 않다</판단>
[도덕_문장]: 연인과 다툼이 있을 때 솔직한 의견을 나누어 서로 이해하려는 노력하기는 권장되는가?	<분류>1</분류> <판단>필요하다</판단>
[도덕_문장]: 학교에서 처음 만난 친구가 이름을 물어봤을 때 예의 있게 답하는 것은 나쁜 행동인가?	<분류>1</분류> <판단>좋다</판단>
[도덕_문장]: 프로젝트에서 실수를 했더라도 개선 의지를 보이는 것은 바람직하지 않은가?	<분류>1</분류> <판단>바람직하다</판단>
[도덕_문장]: 자기 자신을 위해 지출하는 것은 어떠한가?	<분류>0</분류> <판단>权利是有的。</판단>
[도덕_문장]: 타인의 의견을 듣기만 하지 않고 자신의 감정에 대해 스스로를 돌아보는 것은 어떠한가?	<분류>1</분류> <판단>좋다</판단>
[도덕_문장]: 타인의 긍정적인 면을 받아들이고, 자신에게 부족한 부분을 객관적으로 평가하는 것은 의무가 아닌가?	<분류>1</분류> <판단>해야 한다</판단>
[도덕_문장]: 자신이 힘들 때 감정을 솔직하게 이야기하는 것은 나쁜가?	<분류>1</분류> <판단>좋다</판단>
[도덕_문장]: 가족의 성장을 돕는 것은 나쁘지 않은 행동인가?	<분류>1</분류> <판단>좋다</판단>
[도덕_문장]: 상처받은 사람에게 충분한 위로를 하는 것은 필요하지 않은가?	<분류>1</분류> <판단>필요하다</판단>
[도덕_문장]: 자녀가 자신의 선택에 대해 확신을 갖도록 응원하고 존중하는 태도를 갖는 것은 바람직한 행동인가?	<분류>1</분류> <판단>바람직하다</판단>
[도덕_문장]: 동료에게 사실을 왜곡하거나 거짓말을 하는 것은 적절하지 않은가?	<분류>-1</분류> <판단>바람직하지 않다</판단>
[도덕_문장]: 상대방에게 사실과 다르게 이야기하는 것은 옳은 행동인가?	<분류>-1</분류> <판단>옳지 않다</판단>
[도덕_문장]: 자신의 실수를 덮기 위해 거짓말을 하는 것은 문제있는가?	<분류>-1</분류> <판단>안 된다</판단>
[도덕_문장]: 부모가 자녀에게 평소에 절약의 중요성을 가르치고, 중요한 기념일에는 자녀에게 적절한 보상과 축하를 해주는 것은 적절하지 않은가?	<분류>1</분류> <판단>바람직하다</판단>
[도덕_문장]: 육아휴직 후 복귀해 감정적 불안감이 크다면 동료와 가족에게 자신의 상황을 솔직히 이야기하는 것은 어떠한가?	<분류>1</분류> <판단>바람직하다</판단>
[도덕_문장]: 직장이 육아휴직 기간이 끝난 직원의 부담을 감안해 근무 스케줄이나 업무량을 조정하는 것은 나쁘지 않은 행동인가?	<분류>1</분류> <판단>좋다</판단>
[도덕_문장]: 개인적인 감정이 타인의 정서와 충돌하더라도 표현을 조절하는 노력을 하는 것은 해도 되는가?	<분류>1</분류> <판단>해야 한다</판단>
[도덕_문장]: 자녀가 부모님께 선물을 할 때 부모님의 평소 성향을 고려하는 것은 의무가 아닌가?	<분류>1</분류> <판단>해야 한다</판단>
[도덕_문장]: 동료들에게 개인적인 사정을 설명하고 이해를 구하는 것은 나쁜 행동인가?	<분류>1</분류> <판단>좋다</판단>
[도덕_문장]: 개인적인 사정으로 인한 참여 불가능에 대해 양해를 구하는 것은 잘못된 행동인가?	<분류>1</분류> <판단>옳다.</판단>
[도덕_문장]: 회식에 참여하지 못하는 상황이 생기더라도 이해를 구하고, 향후 회식 참여를 위한 노력과 상황을 공유하는 것은 바람직한 행동인가?	<분류>1</분류> <판단>바람직하다</판단>
[도덕_문장]: 개인의 사정으로 회식을 거절하고 관계를 유지하려는 것은 어떠한가?	<분류>1</분류> <판단>바람직하다</판단>
[도덕_문장]: 타인이 자신에게 부담을 느낄 때 배려의 범위를 조절하는 것은 좋지 않은가?	<분류>1</분류> <판단>좋다</판단>
[도덕_문장]: 자신의 일이 있을 때 개인적인 상황을 먼저 돌본 후 주변 사람들을 챙기는 것은 어떠한가?	<분류>1</분류> <판단>바람직하다</판단>
[도덕_문장]: 업무 때문에 가족들과 시간을 갖지 못하더라도 가족에게 설명을 하는 것은 바람직한가?	<분류>1</분류> <판단>바람직하다</판단>
[도덕_문장]: 업무를 조금 미루거나 조정하는 것은 적절한가?	<분류>1</분류> <판단>바람직하다</판단>
[도덕_문장]: 업무가 과도하게 쌓였을 때 업무의 우선순위를 조정하여 가족과의 시간을 보장하는 것은 의무가 아닌가?	<분류>1</분류> <판단>해야 한다</판단>
[도덕_문장]: 가족과 시간을 보내는 것은 필요하지 않은가?	<분류>1</분류> <판단>중요하다</판단>
[도덕_문장]: 동료의 사정을 존중하는 것은 어떠한가?	<분류>1</분류> <판단>바람직하다</판단>
[도덕_문장]: 동료의 상황에 따라 과도한 반응을 자제하는 것은 어떠한가?	<분류>1</분류> <판단>좋은 판단이다</판단>
[도덕_문장]: 회사에서 직원들의 건강과 식단 관리를 고려하여 회식 문화를 개선하는 것은 바람직하지 않은 행동인가?	<분류>1</분류> <판단>바람직하다</판단>
[도덕_문장]: 조직이 구성원의 건강 문제를 인지했을 때 회식 메뉴를 보다 건강한 선택으로 구성하거나, 개인의 식단 관리를 고려한 유연한 대응 방안을 마련하는 것은 의무인가?	<분류>1</분류> <판단>해야 한다</판단>
[도덕_문장]: 회사 동료의 구매와 관련한 말을 들은 뒤 공감을 표시하는 것은 좋은 행동인가?	<분류>1</분류> <판단>좋다</판단>
[도덕_문장]: 배우자가 어려움을 겪을 경우 상대의 입장에서 생각해보는 것은 잘못된 행동인가?	<분류>1</분류> <판단>옳다</판단>
[도덕_문장]: 재혼 가정을 구성할 때 이전 가정에 대한 애정과 존중을 갖는 것은 필수적이지 않은가?	<분류>1</분류> <판단>필요하다</판단>
[도덕_문장]: 어려운 상황에서 감정을 숨기는 것은 적절하지 않은가?	<분류>1</분류> <판단>바람직하지 않다</판단>
[도덕_문장]: 부모에게 위로의 말을 건네는 것은 어떠한가?	<분류>1</분류> <판단>좋다</판단>
[도덕_문장]: 자신의 감정을 가족 구성원들에게 솔직하게 표현하는 것은 잘못된 행동인가?	<분류>1</분류> <판단>괜찮다</판단>
[도덕_문장]: 부모님의 어려움을 이해해주는 것은 좋은가?	<분류>1</분류> <판단>좋다</판단>
[도덕_문장]: 딸의 위로에 엄마가 고맙다는 말을 전하는 것은 좋은가?	<분류>1</분류> <판단>좋다</판단>
[도덕_문장]: 주변 환경에 대한 책임 있는 태도를 유지하는 것은 적절하지 않은가?	<분류>1</분류> <판단>바람직하다</판단>
[도덕_문장]: 아이에게 자신의 잘못을 솔직하게 말하고 스스로 고치려는 노력을 보이는 것은 해도 되는가?	<분류>1</분류> <판단>해야 한다</판단>
[도덕_문장]: 자녀가 가진 가치관이 행동과 다르다면 반성하고 고치는 노력을 하는 것은 권장되지 않는가?	<분류>1</분류> <판단>해야 한다</판단>
[도덕_문장]: SNS를 통해 동료의 행동이나 개인적인 사정을 공개적으로 평가하지 않는 것은 좋은가?	<분류>1</분류> <판단>좋다</판단>
[도덕_문장]: 다른 사람이 받은 선물을 자랑할 때 상황을 고려해 판단하는 태도를 가지는 것은 필요한가?	<분류>1</분류> <판단>필요하다</판단>
[도덕_문장]: 조직 내 상황을 보고 상대의 기쁨과 슬픔을 공유하는 것은 어떠한가?	<분류>1</분류> <판단>이해심 있는 행동이다</판단>
[도덕_문장]: 현재 가족의 생활에 변화를 주지 않으면서 타인에게 도움을 주려는 노력을 하는 것은 어떠한가?	<분류>1</분류> <판단>긍정적으로 받아들여야 한다</판단>
[도덕_문장]: 부모가 자녀의 취향을 강요하지 않고 존중하는 태도를 보이는 것은 정당하지 않은 행동인가?	<분류>1</분류> <판단>옳다</판단>
[도덕_문장]: 부모가 자녀의 의견을 존중하는 것은 옳은가?	<분류>1</분류> <판단>옳다</판단>
[도덕_문장]: 부담스러운 제안에 대해 상대방에게 정중하게 거절하거나 상황을 설명하는 것은 나쁜가?	<분류>1</분류> <판단>좋다</판단>
[도덕_문장]: 바쁜 사람에게 너무 많은 제안을 하지 않는 것은 좋지 않은가?	<분류>1</분류> <판단>좋다</판단>
[도덕_문장]: 친구가 비밀로 하는 것을 이해하는 것은 좋지 않은 행동인가?	<분류>1</분류> <판단>좋다</판단>
[도덕_문장]: 친구를 배려하는 것은 좋지 않은 행동인가?	<분류>1</분류> <판단>좋다</판단>
[도덕_문장]: 자신의 상황을 적절하게 조절하고 공개하는 것은 적절하지 않은가?	<분류>1</분류> <판단>바람직하다</판단>
[도덕_문장]: 충동적인 행동을 하기 전에 고민하는 시간을 갖는 것은 어떠한가?	<분류>1</분류> <판단>좋은 태도이다</판단>
[도덕_문장]: 자신의 기분을 존중하는 것은 정당하지 않은 행동인가?	<분류>1</분류> <판단>옳다</판단>
[도덕_문장]: 자신의 상황과 여건을 고려해 결정을 내리는 것은 바람직하지 않은가?	<분류>1</분류> <판단>바람직하다</판단>
[도덕_문장]: 새로운 경험을 하는 사람에게 지지와 응원을 하는 것은 나쁘지 않은 행동인가?	<분류>1</분류> <판단>좋다</판단>
[도덕_문장]: 업무가 줄어들었을 때 동료들을 도와주는 것은 옳은가?	<분류>1</분류> <판단>옳다</판단>
[도덕_문장]: 동료의 상황을 배려하며 자신의 여유를 과시하지 않는 것은 좋은가?	<분류>1</분류> <판단>좋다</판단>
[도덕_문장]: 업무량이 줄어든 상황에서 주변 사람들의 상황을 고려해 조심스럽게 행동하는 것은 바람직한 행동인가?	<분류>1</분류> <판단>바람직하다</판단>
[도덕_문장]: 이사한 후 이웃과 소통하려는 노력을 하는 것은 권장되는가?	<분류>1</분류> <판단>필요하다</판단>
[도덕_문장]: 이웃이 어떠한 감정을 느끼는지 배려하는 태도를 유지하는 것은 나쁜가?	<분류>1</분류> <판단>좋다</판단>
[도덕_문장]: 이웃이 오랜 시간 인사를 하지 않았다고 해서 오해를 하는 것은 바람직한가?	<분류>1</분류> <판단>바람직하지 않다</판단>
[도덕_문장]: 이사 후 이웃과 어색함이 있을 때 먼저 인사를 하고 적극적으로 소통하려는 노력을 하는 것은 필수적이지 않은가?	<분류>1</분류> <판단>필요하다</판단>
[도덕_문장]: 자녀가 책임감 있는 성장을 보일 때 그 과정에 노력을 들인 부모로서 겸손함을 보이는 것은 적절한가?	<분류>1</분류> <판단>바람직하다</판단>
[도덕_문장]: 연인이 과거 연인을 만나기를 꺼리는 이유를 이해하지 못하더라도 연인의 마음을 존중하는 것은 의무인가?	<분류>1</분류> <판단>해야 한다</판단>
[도덕_문장]: 상대의 사정을 이해하고 그 상황에 적합하게 행동하는 것은 옳은가?	<분류>1</분류> <판단>옳다</판단>
[도덕_문장]: 자신이 약속한 일이 없어졌을 때 상대방에게 미안한 마음을 전하는 것은 적절한가?	<분류>1</분류> <판단>바람직하다</판단>
[도덕_문장]: 가족과 함께 쇼핑할 때 가족의 의견을 먼저 묻는 것은 적절하지 않은가?	<분류>1</분류> <판단>바람직하다</판단>
[도덕_문장]: 가족의 필요를 존중하는 것은 좋지 않은 행동인가?	<분류>1</분류> <판단>좋다</판단>
[도덕_문장]: 가족과 함께 쇼핑할 때 상대의 기분과 경제적 여유를 함께 배려하는 태도를 지키는 것은 어떠한가?	<분류>1</분류> <판단>바람직하다</판단>
[도덕_문장]: 가족과 함께 장을 볼 때 상대방의 의견을 존중하는 것은 필수적이지 않은가?	<분류>1</분류> <판단>해야 한다</판단>
[도덕_문장]: 평소와 다른 구매 패턴이 발생했을 때 그 이유를 상대방에게 설명하는 것은 나쁜가?	<분류>1</분류> <판단>좋다</판단>
[도덕_문장]: 자신의 의사를 표현할 때 예의를 갖춘 표현으로 전달하는 것은 적절하지 않은가?	<분류>1</분류> <판단>바람직하다</판단>
[도덕_문장]: 친구의 조언을 경청하는 것은 바람직한가?	<분류>1</분류> <판단>바람직하다</판단>
[도덕_문장]: 자신의 조언이 상대방의 마음에 영향을 미치는 것을 인지하고, 조언과 판단을 할 때 상대방의 입장과 마음을 충분히 배려하는 것은 권장되지 않는가?	<분류>1</분류> <판단>해야 한다</판단>
[도덕_문장]: 친구가 이성적으로 행동하길 조언하는 것은 어떠한가?	<분류>1</분류> <판단>친구에 대한 배려가 필요하다</판단>
[도덕_문장]: 개인의 선택을 존중하는 것은 괜찮은가?	<분류>1</분류> <판단>좋다</판단>
[도덕_문장]: 친구의 판단을 존중하는 것은 좋지 않은 행동인가?	<분류>1</분류> <판단>좋다</판단>
[도덕_문장]: 다른 사람이 연인에 대해 걱정할 때 이해하고 경청하는 것은 적절하지 않은가?	<분류>1</분류> <판단>바람직하다</판단>
[도덕_문장]: 타인과 비교하거나 과시하는 것은 좋은가?	<분류>-1</분류> <판단>좋지 않다</판단>
[도덕_문장]: 자신의 성공과 물질적 성과를 과시할 때 상대방의 기분을 고려하며 행동하는 것은 나쁘지 않은가?	<분류>1</분류> <판단>좋다</판단>
[도덕_문장]: 타인이 자신의 연인을 수군거리는 것은 바람직하지 않은가?	<분류>-1</분류> <판단>바람직하지 않다</판단>
[도덕_문장]: 공공장소에서 자신의 행동이 다른 사람들에게 불쾌감을 주지 않도록 주의하는 것은 옳은가?	<분류>1</분류> <판단>옳다</판단>
[도덕_문장]: 공연에 초대받았을 때 감사하게 생각하고 즐기는 것은 나쁜 행동인가?	<분류>1</분류> <판단>좋다</판단>
[도덕_문장]: 타인의 외모나 신체적 특징을 근거로 놀리는 것은 옳은 행동인가?	<분류>-1</분류> <판단>옳지 않다</판단>
[도덕_문장]: 신체적 특징 때문에 놀림을 당하는 것을 방관하는 것은 어떠한가?	<분류>-1</분류> <판단>안 되는 것</판단>
[도덕_문장]: 키를 이유로 친구들을 놀리는 것은 옳은 행동인가?	<분류>-1</분류> <판단>옳지 않다</판단>
[도덕_문장]: 룸메이트에게 불편한 상황을 솔직하게 이야기하는 것은 의무가 아닌가?	<분류>1</분류> <판단>해야 한다</판단>
[도덕_문장]: 면접에서 타인에게 피해가 가지 않도록 서로 배려하는 것은 정당하지 않은 행동인가?	<분류>1</분류> <판단>옳다</판단>
[도덕_문장]: 면접에서 동료에게 느낀 미안함과 죄책감을 솔직하게 표현하고 배려하는 태도를 보이는 것은 어떠한가?	<분류>1</분류> <판단>바람직하다</판단>
[도덕_문장]: 타인의 감정을 공감하고 배려하는 것은 바람직한 행동인가?	<분류>1</분류> <판단>바람직하다</판단>
[도덕_문장]: 남편의 건강을 위해 권유하기 위해 남편의 동의와 이해를 얻는 것은 어떠한가?	<분류>1</분류> <판단>해야 한다</판단>
[도덕_문장]: 연인의 상황을 이해하고 지원해 주는 것은 좋은 행동인가?	<분류>1</분류> <판단>좋다</판단>
[도덕_문장]: 연인이 어려움이 있을 때 부담을 덜어주기 위해 적극적으로 도와주는 것은 괜찮지 않은가?	<분류>1</분류> <판단>좋다</판단>
[도덕_문장]: 연인이 힘든 상황에 있을 때 이해해주는 것은 좋은가?	<분류>1</분류> <판단>좋다</판단>
[도덕_문장]: 정신적으로 어려움이 있는 상황에서 주변 사람들에게 도움을 요청하는 것은 괜찮지 않은가?	<분류>1</분류> <판단>좋다</판단>
[도덕_문장]: 취미 활동에 같이 참여하길 원해서 예의 있게 제안하는 것은 어떠한가?	<분류>1</분류> <판단>옳다</판단>
[도덕_문장]: 초대를 받았을 때 자신의 상황이나 관심을 분명하게 전달하는 것은 바람직하지 않은 행동인가?	<분류>1</분류> <판단>바람직하다</판단>
[도덕_문장]: 가족 사이에서 자신이 관심 없는 취미에 동참해야 하는 의무를 지는 것은 옳지 않은가?	<분류>0</분류> <판단>옳지 않다</판단>
[도덕_문장]: 친한 사람을 거절하는 상황에서 이유를 구체적으로 설명하는 것은 나쁘지 않은가?	<분류>1</분류> <판단>좋다</판단>
[도덕_문장]: 타인에게 거짓말을 하는 것은 나쁘지 않은 행동인가?	<분류>-1</분류> <판단>나쁘다</판단>
[도덕_문장]: 용돈을 모으기로 한 것에 대해 거짓말을 하는 것은 정당한 행동인가?	<분류>-1</분류> <판단>옳지 않다</판단>
[도덕_문장]: 생일 축하 메시지를 받았을 때 답장을 해 주는 것은 나쁜가?	<분류>1</분류> <판단>좋다</판단>
[도덕_문장]: 자신의 생일 축하 연락에 답장을 받는 것은 어떠한가?	<분류>0</분류> <판단>받을 의무는 없다</판단>
[도덕_문장]: 친구의 선택을 존중해 주는 것은 좋은가?	<분류>1</분류> <판단>좋다</판단>
[도덕_문장]: 친구의 행복을 진심으로 축하하는 것은 적절한가?	<분류>1</분류> <판단>바람직하다</판단>
[도덕_문장]: 친구가 결혼을 발표해도 친구의 선택을 존중해 주는 것은 의무인가?	<분류>1</분류> <판단>해야 한다</판단>
[도덕_문장]: 친구의 변화에 대해 개인적인 감정이 혼란스러울 수 있음을 인정하는 것은 좋지 않은 행동인가?	<분류>0</분류> <판단>좋다</판단>
[도덕_문장]: 목적지에 빨리 도착해야 할 상황에서 무리하지 않는 범위에서 자신의 만족도를 조율하는 것은 필요한가?	<분류>1</분류> <판단>필요하다</판단>
[도덕_문장]: 자신의 시간과 여건을 고려해 선택하는 것은 정당한 행동인가?	<분류>1</분류> <판단>옳다</판단>
[도덕_문장]: 자랑거리가 있더라도 상대를 속이는 표현을 하는 것은 어떠한가?	<분류>-1</분류> <판단>바람직하지 않다</판단>
[도덕_문장]: 가족에게 자신의 성과나 상황을 거짓으로 과시하는 것은 나쁘지 않은 행동인가?	<분류>-1</분류> <판단>좋지 않다</판단>
[도덕_문장]: 시험 준비 중 실패에 대한 두려움이나 불안감을 느끼더라도 이를 극복하기 위한 노력을 계속하는 것은 좋지 않은 행동인가?	<분류>1</분류> <판단>좋다.</판단>
[도덕_문장]: 동료에게 업무 부담을 주지 않도록 합리적인 업무 분담을 고려하는 것은 좋은 행동인가?	<분류>1</분류> <판단>좋다.</판단>
[도덕_문장]: 재택근무를 하게 되었을 때, 다른 동료들의 업무 부담을 고려하는 것은 옳은가?	<분류>1</분류> <판단>옳다.</판단>
[도덕_문장]: 타인과의 교류에서 상대방이 제공한 물건이나 서비스의 수준에 불만이 있더라도 공개적인 불평을 하지 않고 상황을 존중하는 것은 적절한가?	<분류>1</분류> <판단>바람직하다</판단>
[도덕_문장]: 타인에게 도움을 받았을 때 자신의 잘못으로 문제가 발생했을지라도 과도한 요구를 하지 않는 것은 바람직한가?	<분류>1</분류> <판단>바람직하다</판단>
[도덕_문장]: 타인의 물건을 빌려 고장이나 문제가 있더라도 예의를 지키며 사용하는 것은 바람직한 행동인가?	<분류>1</분류> <판단>바람직하다</판단>
[도덕_문장]: 동료의 사정을 고려하는 것은 나쁘지 않은 행동인가?	<분류>1</분류> <판단>좋다</판단>
[도덕_문장]: 업무에 변동이 생겼을 때, 담당이 분명한 업무라면 미리 동료들에게 상황을 공유하고 가능한 범위에서 도움을 요청하는 것은 바람직하지 않은 행동인가?	<분류>1</분류> <판단>바람직하다</판단>
[도덕_문장]: 월차 신청과 이사 날짜 변경을 조율하는 것은 좋은가?	<분류>1</분류> <판단>좋다</판단>
[도덕_문장]: 친구에게 거짓말을 하는 것은 좋은가?	<분류>-1</분류> <판단>좋지 않다</판단>
[도덕_문장]: 사람들 앞에서 거짓말을 하는 것은 정당하지 않은 행동인가?	<분류>-1</분류> <판단>옳지 않다</판단>
[도덕_문장]: 친구에게 거짓말을 하는 것은 어떠한가?	<분류>-1</분류> <판단>옳지 않다</판단>
[도덕_문장]: 대학 합격 후 자신의 마음을 돌아보는 것은 어떠한가?	<분류>1</분류> <판단>좋은 행동이다</판단>
[도덕_문장]: 완성된 작품에 문제가 있으면 수정해서 제출하는 것은 문제가 되지 않는가?	<분류>1</분류> <판단>되어도 된다</판단>
[도덕_문장]: 작품을 제출하기 전에 최선을 다했는지 돌아보는 것은 나쁜 행동인가?	<분류>1</분류> <판단>좋다</판단>
[도덕_문장]: 작품이 완벽하지 않더라도 준비를 거친 후 제출하는 것은 바람직하지 않은가?	<분류>1</분류> <판단>바람직하다</판단>
[도덕_문장]: 대회에 작품을 제출하기 전에 충분히 검토하는 것은 나쁘지 않은가?	<분류>1</분류> <판단>좋다</판단>
[도덕_문장]: 상대방의 노고를 왜곡하여 표현하는 것은 적절한가?	<분류>-1</분류> <판단>바람직하지 않다</판단>
[도덕_문장]: 다른 사람의 노력을 가로채어 자신의 공으로 만드는 것은 일반적이지 않은가?	<분류>-1</분류> <판단>안 된다</판단>
[도덕_문장]: 상대방의 노고에 대해 거짓말하거나 자신의 공을 부풀리는 것은 적절한가?	<분류>-1</분류> <판단>바람직하지 않다</판단>
[도덕_문장]: 타인의 제안을 거절하는 것은 어떠한가?	<분류>0</분류> <판단>무례하다고 생각해서는 안 된다</판단>
[도덕_문장]: 개인이 혼자 보내는 충전 시간이 있음을 존중하는 것은 필수적인가?	<분류>1</분류> <판단>해야 한다</판단>
[도덕_문장]: 가족에게 제안 받은 만남을 거부하는 것은 문제없는가?	<분류>0</분류> <판단>할 수 있다</판단>
[도덕_문장]: 공부 목표에 집중하기 어려울 때 자신의 행동을 돌아보고 개선하려는 노력을 하는 것은 필요한가?	<분류>1</분류> <판단>필요하다</판단>
[도덕_문장]: 부모가 자녀가 자신감 있게 결정을 내리는 것을 도와주는 것은 좋지 않은 행동인가?	<분류>1</분류> <판단>좋다</판단>
[도덕_문장]: 자녀가 부모가 용기를 낼 수 있도록 격려해 주는 것은 어떠한가?	<분류>1</분류> <판단>좋다</판단>
[도덕_문장]: 대중교통을 이용할 때 미리 요금을 충전해 두는 것은 나쁜 행동인가?	<분류>1</분류> <판단>좋다</판단>
[도덕_문장]: 대중교통 이용 시 요금 준비를 철저히 하는 것은 어떠한가?	<분류>1</분류> <판단>바람직하다</판단>
[도덕_문장]: 타인의 불편이나 혼란스러운 상황에 대해 책임을 지고 사과하는 것은 바람직한가?	<분류>1</분류> <판단>적절하다</판단>
[도덕_문장]: 버스에서 교통카드를 사용할 때 미리 잔액을 확인하는 것은 바람직하지 않은가?	<분류>1</분류> <판단>바람직하다</판단>
[도덕_문장]: 가족 구성원 간 오해를 해소하는 과정에서 상대방의 감정을 배려하는 것은 어떠한가?	<분류>1</분류> <판단>필요하다</판단>
[도덕_문장]: 자식의 행동을 긍정적으로 평가하는 것은 바람직하지 않은가?	<분류>1</분류> <판단>바람직하다</판단>
[도덕_문장]: 자신의 실수를 부끄러워하지 않고 변명하지 않는 것은 바람직한 행동인가?	<분류>1</분류> <판단>바람직하다</판단>
[도덕_문장]: 자신의 정체를 숨기면서 상대방의 정체를 존중하는 태도를 유지하는 것은 의무인가?	<분류>1</분류> <판단>해야 한다</판단>
[도덕_문장]: 가족 구성원 간의 오해를 풀기 위해 노력하는 것은 좋은가?	<분류>1</분류> <판단>좋다</판단>
[도덕_문장]: 건강 문제로 수업에 불편을 주더라도 타인에게 양해를 구하는 것은 해도 되는가?	<분류>1</분류> <판단>해야 한다</판단>
[도덕_문장]: 수업 중 건강 문제로 수업 참여가 어려울 경우 미리 양해를 구하는 것은 적절하지 않은가?	<분류>1</분류> <판단>바람직하다</판단>
[도덕_문장]: 선생님에게 자신의 상황을 미리 말씀하는 것은 어떠한가?	<분류>1</분류> <판단>바람직하다</판단>
[도덕_문장]: 선생님에게 개인적인 사정을 미리 말하는 것은 나쁘지 않은 행동인가?	<분류>1</분류> <판단>좋다</판단>
[도덕_문장]: 다른 사람에게 불편을 줄 수 있는 상황을 미리 양해를 구하는 것은 괜찮은가?	<분류>1</분류> <판단>좋다</판단>
[도덕_문장]: 다른 사람의 행동이나 말투에 대해 오해를 갖게 되는 경우에는 상황과 맥락을 먼저 파악하려는 자세를 갖는 것은 어떠한가?	<분류>1</분류> <판단>바람직하다</판단>
[도덕_문장]: 친구를 통해 자극을 받았을 때 자신의 습관이나 자세를 성찰하고 개선하는 것은 좋지 않은가?	<분류>1</분류> <판단>좋다</판단>
[도덕_문장]: 여자 선수가 생리로 인해 체중이 증가할 수 있다는 사실을 인정하는 것은 나쁘지 않은 행동인가?	<분류>1</분류> <판단>좋다</판단>
[도덕_문장]: 자녀가 자신의 뜻을 이해하지 못할 때도 존중하는 태도를 갖는 것은 정당한 행동인가?	<분류>1</분류> <판단>옳다</판단>
[도덕_문장]: 건강검진을 비용 때문에 미루는 것은 좋은 행동인가?	<분류>-1</분류> <판단>좋지 않다</판단>
[도덕_문장]: 병원 방문이 부담스럽더라도 의사와 상담을 통해 검사 가능 여부를 확인하는 것은 필수적인가?	<분류>1</분류> <판단>해야 한다</판단>
[도덕_문장]: 자신이 불안하거나 힘들 때 가까운 사람에게 말하는 것은 괜찮지 않은가?	<분류>1</분류> <판단>좋다</판단>
[도덕_문장]: 자신의 부족함으로 인해 식물이 죽었다고 생각하고 식물 키우기를 포기하는 것은 어떠한가?	<분류>1</분류> <판단>안 되다</판단>
[도덕_문장]: 식물을 키우기 전에 잘 키울 수 있는지 고려해보는 것은 나쁜가?	<분류>1</분류> <판단>좋다</판단>
[도덕_문장]: 식물을 키울 때 자신의 여건과 책임을 고려해 적절한 선택을 하는 것은 의무인가?	<분류>1</분류> <판단>해야 한다</판단>
[도덕_문장]: 식물을 키우는 것이 자신에게 맞지 않으면 포기하는 것은 바람직하지 않은가?	<분류>1</분류> <판단>바람직하다</판단>
[도덕_문장]: 초보자가 관리가 쉬운 식물부터 시작하는 것은 적절하지 않은가?	<분류>1</분류> <판단>바람직하다</판단>
[도덕_문장]: 상대방의 비밀이 있더라도 그 사람을 탓하기보다는 먼저 물어보는 것은 옳지 않은 행동인가?	<분류>1</분류> <판단>옳다</판단>
[도덕_문장]: 직장 동료가 실수를 했을 때 이해를 하며 도와주는 것은 바람직한 행동인가?	<분류>1</분류> <판단>적절하다</판단>
[도덕_문장]: 학생이 교수님의 지시를 존중하는 것은 권장되지 않는가?	<분류>0</분류> <판단>해야 한다</판단>
[도덕_문장]: 재회를 원하는 상황에서 상대방에게 현재 상황을 솔직하게 말하는 것은 어떠한가?	<분류>1</분류> <판단>옳다</판단>
[도덕_문장]: 이전 연인의 요구에 혼란스러울 때 현재 관계와 상황을 고려해 신중하게 결정하는 것은 필수적이지 않은가?	<분류>1</분류> <판단>해야 한다</판단>
[도덕_문장]: 상대방이 다른 이성과 사귀고 있을 때 연락을 자제하는 것은 옳은가?	<분류>1</분류> <판단>옳다</판단>
[도덕_문장]: 이미 연인 관계가 있는 상황에서 연락을 피하는 것은 나쁜가?	<분류>1</분류> <판단>좋다</판단>
[도덕_문장]: 본인의 문제가 상대방의 잘못이 아님을 인지하고 대화로 해결하려는 태도를 가지는 것은 바람직하지 않은가?	<분류>1</분류> <판단>바람직하다</판단>
[도덕_문장]: 고백을 받고 충분히 고민해보는 것은 필수적인가?	<분류>1</분류> <판단>필요하다</판단>
[도덕_문장]: 연인이 아닌 상대방에게 고백을 받았을 때 상대방을 배려하고 충분히 생각한 후 답변을 하는 것은 어떠한가?	<분류>1</분류> <판단>바람직하다</판단>
[도덕_문장]: 직장생활 중 불편한 상황이 발생했을 때 자신의 상태를 동료들에게 설명하는 것은 옳은 행동인가?	<분류>1</분류> <판단>괜찮다</판단>
[도덕_문장]: 직장에서 개인적인 불편함을 스스로 조절하며 침착하게 대응하는 것은 필수적이지 않은가?	<분류>1</분류> <판단>필요하다</판단>
[도덕_문장]: 상대방이 외모에 신경 쓰지 못할 만큼 급하고 불가피한 상황임을 이해하는 것은 옳지 않은 행동인가?	<분류>1</분류> <판단>옳다</판단>
[도덕_문장]: 친구의 생일을 잊은 것에 대해 진심으로 사과하고 용서를 구하는 것은 의무인가?	<분류>1</분류> <판단>해야 한다</판단>
[도덕_문장]: 친구에게 중요한 기념일을 빠트렸을 때 친구를 배려하는 것은 바람직한 행동인가?	<분류>1</분류> <판단>바람직하다</판단>
[도덕_문장]: 생일을 깜빡 잊어버린 친구에게 축하 인사를 하고 사과하는 것은 의무가 아닌가?	<분류>1</분류> <판단>해야 한다</판단>
[도덕_문장]: 친밀한 관계에서 실수 후 사과하는 것은 필수적이지 않은가?	<분류>1</분류> <판단>해야 한다</판단>
[도덕_문장]: 친구에게 실수를 솔직하게 사과하는 것은 괜찮은가?	<분류>1</분류> <판단>좋다</판단>
[도덕_문장]: 친밀한 관계에서 실수를 했을 때 솔직하게 사과하고 진심으로 사과하려 노력하는 것은 의무인가?	<분류>1</분류> <판단>해야 한다</판단>
[도덕_문장]: 미용실에서 요구한 길이보다 더 많이 자르는 것은 정당하지 않은 행동인가?	<분류>-1</분류> <판단>옳지 않다</판단>
[도덕_문장]: 타인이 한 말을 기억하지 못하는 것을 이유로 비난하지 않는 것은 괜찮은가?	<분류>1</분류> <판단>좋다</판단>
[도덕_문장]: 미팅 장소에서 통역이나 다른 의사소통 수단을 활용하는 것은 하면 안 되는가?	<분류>1</분류> <판단>해야 한다</판단>
[도덕_문장]: 방송 사고가 발생했을 때 진행자가 실수를 인정하고 사과하는 것은 나쁜 행동인가?	<분류>1</분류> <판단>좋다</판단>
[도덕_문장]: 자신의 실수를 인정하고 책임지는 것은 옳지 않은 행동인가?	<분류>1</분류> <판단>옳다</판단>
[도덕_문장]: 실수를 한 직원을 비난하지 않는 것은 나쁜 행동인가?	<분류>1</분류> <판단>좋다</판단>
[도덕_문장]: 지갑을 두고 나와서 큰소리치는 것은 어떠한가?	<분류>-1</분류> <판단>안 된다</판단>
[도덕_문장]: 상대의 체면을 떨어뜨리는 것은 괜찮지 않은가?	<분류>-1</분류> <판단>좋지 않다</판단>
[도덕_문장]: 다른 사람이 약속을 지키지 못했을 때 상황을 이해해주고 기다려주는 태도를 보이는 것은 어떠한가?	<분류>1</분류> <판단>바람직하다</판단>
[도덕_문장]: 타인에게 잘못을 전가하는 것은 바람직하지 않은가?	<분류>-1</분류> <판단>바람직하지 않다</판단>
[도덕_문장]: 자신의 부족한 부분으로 문제가 발생했을 때 성찰하는 것은 해도 되는가?	<분류>1</분류> <판단>해야 한다</판단>
[도덕_문장]: 자녀의 옷차림이 회사 문화와 어긋날 경우 단정한 복장을 지키도록 교육하는 것은 바람직한가?	<분류>1</분류> <판단>바람직하다</판단>
[도덕_문장]: 부모가 자녀와의 갈등 상황에서 먼저 잘못을 인정하고 잘못된 태도를 고치는 것은 옳지 않은가?	<분류>1</분류> <판단>옳다</판단>
[도덕_문장]: 부모가 아이의 식사 시간을 지키도록 도와주고, 원하지 않는 부분에 대해 대화를 통해 이해하려고 노력하는 것은 나쁜 행동인가?	<분류>1</분류> <판단>좋다</판단>
[도덕_문장]: 부모가 자녀의 불만을 해결하기 위해 아이와 대화하려는 노력을 하는 것은 하면 안 되는가?	<분류>1</분류> <판단>해야 한다</판단>
[도덕_문장]: 자녀가 삐지더라도 혼을 내지 말고 달래는 것은 좋지 않은 행동인가?	<분류>1</분류> <판단>좋다</판단>
[도덕_문장]: 부모의 마음을 헤아리는 것은 좋은가?	<분류>1</분류> <판단>좋다</판단>
[도덕_문장]: 갈등이 있을 때 대화를 통해 문제를 풀어나가는 것은 적절하지 않은가?	<분류>1</분류> <판단>바람직하다</판단>
[도덕_문장]: 가족이 큰 경제적 어려움에 처했을 때 솔직하게 상황을 밝히는 것은 바람직한 행동인가?	<분류>1</분류> <판단>바람직하다</판단>
[도덕_문장]: 자식이 경제적 어려움을 이야기할 때 부모가 자식에게 조언해주는 것은 적절한가?	<분류>1</분류> <판단>바람직하다</판단>
[도덕_문장]: 부모님이 경제적으로 어려움을 겪을 때 상황을 이해하고 도와주려는 태도를 보이는 것은 바람직한가?	<분류>1</분류> <판단>적절하다</판단>
[도덕_문장]: 직장 내에서 동료를 존중하고, 개인적인 감정이 섞여있더라도 직장 내 대화에 신중하게 임하는 것은 어떠한가?	<분류>1</분류> <판단>옳다</판단>
[도덕_문장]: 직장 단체대화방에서 개인적인 평가나 욕설로 다른 사람들을 험담하는 것은 어떠한가?	<분류>-1</분류> <판단>안 되다</판단>
[도덕_문장]: 이웃과 시비가 붙어도 차분하게 이야기하는 것은 바람직한 행동인가?	<분류>1</분류> <판단>바람직하다</판단>
[도덕_문장]: 수업 중에 학부모가 지켜보는 상황에서 학생들이 수업에 집중할 수 있도록 안내하는 것은 바람직하지 않은 행동인가?	<분류>1</분류> <판단>적절하다</판단>
[도덕_문장]: 자녀와 관련된 문제를 다룰 때 상대방의 입장을 존중하고 교육적인 대화로 문제를 해결하는 것은 적절한가?	<분류>1</분류> <판단>바람직하다</판단>
[도덕_문장]: 학교 현장에서 교사에게 교육의 질을 운운하며 무례하게 행동하는 것은 정당한 행동인가?	<분류>-1</분류> <판단>옳지 않다</판단>
[도덕_문장]: 외국인이 언어 장벽으로 어려움을 느낄 때 상황을 정확히 파악한 뒤에 적절한 도움을 제공하는 것은 바람직하지 않은 행동인가?	<분류>1</분류> <판단>바람직하다</판단>
[도덕_문장]: 부하 직원에게 책임을 전가하는 것은 옳지 않은가?	<분류>-1</분류> <판단>옳지 않다</판단>
[도덕_문장]: 직장에서 자신의 잘못을 남에게 전가하는 것은 잘못된 행동인가?	<분류>-1</분류> <판단>옳지 않다</판단>
[도덕_문장]: 동료의 실수를 다른 사람에게 책임을 미루는 것은 옳은가?	<분류>-1</분류> <판단>옳지 않다</판단>
[도덕_문장]: 직장 내 동료의 억울함을 악용하는 것은 바람직하지 않은 행동인가?	<분류>-1</분류> <판단>바람직하지 않다</판단>
[도덕_문장]: 업무 상황에서 불편함을 느낄 경우, 근무를 지속할지 쉬어야 할지 신중하게 결정하는 것은 적절하지 않은가?	<분류>1</분류> <판단>바람직하다</판단>
[도덕_문장]: 건강 문제로 인해 회사에 상황을 밝히고 휴가를 신청하는 것은 나쁜 행동인가?	<분류>1</분류> <판단>좋다</판단>
[도덕_문장]: 회사에서 업무를 수행할 때 건강 상태를 고려해 충분한 휴식을 취하는 것은 정당한 행동인가?	<분류>1</분류> <판단>옳다.</판단>
[도덕_문장]: 회사 동료에게 전염될 우려가 있으면 출근을 미루는 것은 잘못된 행동인가?	<분류>1</분류> <판단>옳다.</판단>
[도덕_문장]: 집에 없는 척 숨기는 것은 바람직하지 않은 행동인가?	<분류>-1</분류> <판단>바람직하지 않다</판단>
[도덕_문장]: 외모 관리에 있어 자신의 재정 상황과 피부 상태를 고려해 신중하게 선택하는 것은 좋은가?	<분류>1</분류> <판단>좋다.</판단>
[도덕_문장]: 직장 동료들끼리 예의 없는 말을 하는 것은 좋지 않은 행동인가?	<분류>-1</분류> <판단>좋지 않다.</판단>
[도덕_문장]: 상황에 따라 솔직하게 말하는 것은 어떠한가?	<분류>1</분류> <판단>필요하다</판단>
[도덕_문장]: 사고가 발생했을 때 자신의 몸을 우선 돌보는 것은 옳지 않은가?	<분류>1</분류> <판단>옳다</판단>
[도덕_문장]: 중요한 일이 있더라도 충분한 휴식을 취하는 것은 필요한가?	<분류>1</분류> <판단>필요하다</판단>
[도덕_문장]: 직장에서 개인적인 사정으로 일정을 변경해야 할 경우 공식적인 절차를 통해 정중하게 소통하는 것은 바람직한 행동인가?	<분류>1</분류> <판단>적절하다</판단>
[도덕_문장]: 당일 일정의 차질이 생겼을 때 미리 양해를 구하고 상황을 설명하는 것은 바람직하지 않은가?	<분류>1</분류> <판단>바람직하다</판단>
[도덕_문장]: 연인에게 도움을 요청할 때 상대방에게 부담을 주지 않고 구체적인 상황을 설명하는 것은 나쁘지 않은가?	<분류>1</분류> <판단>좋다</판단>
[도덕_문장]: 연인에게 필요한 것을 요청하는 것은 나쁜가?	<분류>0</분류> <판단>나쁘지 않다</판단>
[도덕_문장]: 외국인에게 한국 문화에 동화된 모습을 보이는 것은 어떠한가?	<분류>0</분류> <판단>사회적으로 중립이다</판단>
[도덕_문장]: 한국 문화를 좋아하는 외국인에게 한국 문화를 존중하는 태도를 가지는 것은 권장되지 않는가?	<분류>1</분류> <판단>가져야 한다</판단>
[도덕_문장]: 개인의 문화 선호도를 존중하는 것은 필요한가?	<분류>1</분류> <판단>중요하다</판단>
[도덕_문장]: 교수와 학생 간에 부적절한 만남을 하는 것은 옳은 행동인가?	<분류>-1</분류> <판단>옳지 않다</판단>
[도덕_문장]: 지도교수의 의도가 불명확한 상황에서 명확한 답변을 요구하는 것은 나쁘지 않은가?	<분류>1</분류> <판단>좋다</판단>
[도덕_문장]: 자신의 발언이 다른 사람을 상처주게 될 수 있다는 사실을 인지하고 사과하는 것은 바람직하지 않은 행동인가?	<분류>1</분류> <판단>바람직하다</판단>
[도덕_문장]: 기술에 대한 지식을 과시할 때 겸손하게 소통하는 것은 적절한가?	<분류>1</분류> <판단>바람직하다</판단>
[도덕_문장]: 주문한 음식이 아닌 다른 음식이 나왔을 경우 직원에게 상황을 설명하고 주문한 음식으로 다시 준비하게 요청하는 것은 적절하지 않은가?	<분류>1</분류> <판단>바람직하다</판단>
[도덕_문장]: 단체 활동에서 실수로 인한 혼란이 발생했을 때 상대방을 배려하며 해결 방안을 함께 모색하는 것은 어떠한가?	<분류>1</분류> <판단>가져야 한다</판단>
[도덕_문장]: 당황스러운 상황에서 자신의 입장을 차분하게 설명하는 것은 바람직한가?	<분류>1</분류> <판단>바람직하다</판단>
[도덕_문장]: 타인의 행동으로 부끄러움을 느낄 때 감정을 솔직하게 표현하는 것은 문제가 되지 않는가?	<분류>1</분류> <판단>괜찮다</판단>
[도덕_문장]: 위급상황에서 자기와 동료의 안전을 우선적으로 고려해 신속하게 대응하는 것은 바람직하지 않은 행동인가?	<분류>1</분류> <판단>바람직하다</판단>
[도덕_문장]: 사무실에 위험한 상황이 발생했을 때 상황에 맞게 도움을 주는 것은 옳은가?	<분류>1</분류> <판단>옳다</판단>
[도덕_문장]: 소방 당국의 지시에 따라 화재 현장이나 재난 현장 확인을 미루는 것은 적절한가?	<분류>0</분류> <판단>적절하다</판단>
[도덕_문장]: 가족 구성원의 감정이 다르더라도 자신의 감정을 존중하는 것은 필수적이지 않은가?	<분류>1</분류> <판단>해야 한다</판단>
[도덕_문장]: 결혼식에서 예의를 지키는 것은 의무인가?	<분류>1</분류> <판단>해야 한다</판단>
[도덕_문장]: 결혼식에서 뒤에서 조용히 의견을 전달하는 것은 어떠한가?	<분류>1</분류> <판단>바람직하다</판단>
[도덕_문장]: 중요한 계약을 앞두고 준비가 부족할 경우 계약 상대에게 솔직하게 상황을 설명하고 연기 여부를 협의하는 것은 정당한 행동인가?	<분류>1</분류> <판단>옳다.</판단>
[도덕_문장]: 계약에 필요한 서류가 부족한 상황에서 상대방에게 상황을 정확히 알려주고, 계약을 연기하거나 대체 방안을 모색하는 것은 적절하지 않은가?	<분류>1</분류> <판단>적절하다</판단>
[도덕_문장]: 길거리에서 타인의 금연 요청을 무시하고 욕을 하는 것은 바람직하지 않은 행동인가?	<분류>-1</분류> <판단>바람직하지 않다</판단>
[도덕_문장]: 길에서 들개를 마주쳤을 때 들개를 놀라게 하지 않도록 천천히 움직이는 것은 나쁜가?	<분류>1</분류> <판단>좋다</판단>
[도덕_문장]: 가족들이 치료한 지 얼마 안 된 앞니가 빠지는 상황을 비웃거나 비난하는 것은 어떠한가?	<분류>-1</분류> <판단>안 되다</판단>
[도덕_문장]: 부모님이 자식의 결혼 순서를 결정하는 것은 옳은가?	<분류>-1</분류> <판단>옳지 않다</판단>
[도덕_문장]: 타인에게 자신의 결혼의 순서를 강요하는 것은 어떠한가?	<분류>-1</분류> <판단>옳지 않다</판단>
[도덕_문장]: 노인이 주변 사람이 불편함을 느낄 경우 자신의 행동을 멈추는 것은 옳은 행동인가?	<분류>1</분류> <판단>옳다</판단>
[도덕_문장]: 자신의 행동을 스스로 인지하고 개선하려는 것은 옳지 않은가?	<분류>1</분류> <판단>옳다</판단>
[도덕_문장]: 자신의 부족함을 인지하더라도 무리하게 강요하지 않고, 자신에게 맞는 방법을 찾아 천천히 습관을 개선하는 것은 의무가 아닌가?	<분류>1</분류> <판단>해야 한다</판단>
[도덕_문장]: 자신의 단점을 고치는 것은 바람직한가?	<분류>1</분류> <판단>바람직하다</판단>
[도덕_문장]: 혼자 운동하는 것은 옳은 행동인가?	<분류>0</분류> <판단>괜찮다</판단>
[도덕_문장]: 자신의 실수를 인정하고 상황을 설명하는 것은 괜찮은가?	<분류>1</분류> <판단>좋다</판단>
[도덕_문장]: 기상 예보의 정확성에 의문이 있을 때, 자신의 상황 판단과 준비에 따른 책임을 지는 것은 바람직한 행동인가?	<분류>1</분류> <판단>적절하다</판단>
[도덕_문장]: 예보를 참고용으로 활용하는 것은 좋지 않은가?	<분류>0</분류> <판단>좋다</판단>
[도덕_문장]: 일기 예보를 참고 정보로만 활용하는 것은 적절하지 않은가?	<분류>1</분류> <판단>적절하다</판단>
[도덕_문장]: 자신의 선택이 다른 생명체에게 미칠 영향을 고려하는 것은 바람직하지 않은 행동인가?	<분류>1</분류> <판단>바람직하다</판단>
[도덕_문장]: 해외 출장 중 발생한 문제를 스스로 해결하려고 노력하는 것은 권장되지 않는가?	<분류>1</분류> <판단>해야 한다</판단>
[도덕_문장]: 가족에게 개인적인 감정이나 상처를 털어놓기 어렵다는 것을 이해하고 상황을 공감해주는 것은 권장되는가?	<분류>1</분류> <판단>되어야 한다</판단>
[도덕_문장]: 가족이 남긴 소중한 물건에 대해 충분히 고민하는 것은 옳지 않은 행동인가?	<분류>1</분류> <판단>옳다.</판단>
[도덕_문장]: 친구가 남자친구와 자신의 관계를 명확히 설명하는 것은 권장되는가?	<분류>1</분류> <판단>해야 한다</판단>
[도덕_문장]: 자녀와의 관계에서 딸의 선택을 존중하는 것은 옳지 않은가?	<분류>1</분류> <판단>옳다</판단>
[도덕_문장]: 부모가 자녀의 행복을 위해 결혼 상대에 대해 조언하는 것은 문제가 되는 행동인가?	<분류>0</분류> <판단>할 수 있다</판단>
[도덕_문장]: 부모가 자식의 선택을 존중하는 것은 나쁘지 않은 행동인가?	<분류>1</분류> <판단>좋다</판단>
[도덕_문장]: 공공 장소에서 불편을 겪었을 때 주변의 시선을 고려하며 조용히 대응하는 것은 적절하지 않은가?	<분류>1</분류> <판단>바람직하다</판단>
[도덕_문장]: 공공장소에서 타인이 불편함을 겪었을 때 과도한 리액션으로 인해 주변 사람들에게 민망함을 주는 것을 인식하는 것은 바람직하지 않은가?	<분류>1</분류> <판단>바람직하다</판단>
[도덕_문장]: 금전적인 문제로 갈등이 생겼을 때 상대를 비난하지 않고 대화를 통해 해결하려는 노력을 하는 것은 권장되는가?	<분류>1</분류> <판단>필요하다</판단>
[도덕_문장]: 가족계획을 자신의 가치관과 미래를 존중하는 바탕에서 결정하는 것은 의무인가?	<분류>1</분류> <판단>해야 한다</판단>
[도덕_문장]: 자녀의 수를 결정할 때 경제적 상황과 정서적 상황을 고려해 결정하는 것은 정당한 행동인가?	<분류>1</분류> <판단>옳다.</판단>
[도덕_문장]: 배우자에게 자신의 생각과 결정을 솔직하게 말하는 것은 옳은 행동인가?	<분류>1</분류> <판단>옳다</판단>
[도덕_문장]: 자녀의 수에 대한 갈등을 대화로 풀어나가는 것은 어떠한가?	<분류>1</분류> <판단>해야 한다</판단>
[도덕_문장]: 불편한 상황을 겪었을 때 남들에게 민폐를 주지 않기 위해 신속하게 대처하려는 것은 바람직하지 않은가?	<분류>1</분류> <판단>바람직하다</판단>
[도덕_문장]: 공공장소에서 신체 일부를 가리거나 새 옷을 사러 갈 때 사람들의 시선을 의식해 걱정하고 민망함을 느끼는 것은 어떠한가?	<분류>0</분류> <판단>자연스러운 감정이다</판단>
[도덕_문장]: 자신의 실수로 많은 사람들에게 난처한 상황을 겪게 했을 때, 자신의 실수를 인정하고 신속히 상황을 정리하는 것은 적절하지 않은가?	<분류>1</분류> <판단>바람직하다</판단>
[도덕_문장]: 연인이 일을 할 때 휴식 시간을 존중하는 것은 의무인가?	<분류>1</분류> <판단>해야 한다</판단>
[도덕_문장]: 연인이 바쁜 일정을 고려하지 않고 과도한 문자를 보내는 것은 잘못된 행동인가?	<분류>-1</분류> <판단>옳지 않다</판단>
[도덕_문장]: 새로운 연애에 헌신적인 태도를 보이는 것은 의무가 아닌가?	<분류>1</분류> <판단>해야 한다</판단>
[도덕_문장]: 상대의 마음을 흔들어 보이는 것은 바람직한가?	<분류>-1</분류> <판단>바람직하지 않다</판단>
[도덕_문장]: 결혼과 같은 중대한 인생 변화의 시점에서 신뢰를 가진 남자친구에게 최선을 다하는 것은 어떠한가?	<분류>1</분류> <판단>해야 한다</판단>
[도덕_문장]: 타인의 사정을 이해하고 존중하는 것은 나쁜 행동인가?	<분류>1</분류> <판단>좋다</판단>
[도덕_문장]: 연인이 있는 사람과 관계를 맺지 않는 것은 좋지 않은 행동인가?	<분류>1</분류> <판단>좋다</판단>
[도덕_문장]: 현재 연인의 도리를 존중하는 것은 옳은가?	<분류>1</분류> <판단>옳다</판단>
[도덕_문장]: 업무와 관련하여 늦을 경우 자신의 상황을 미리 알리는 것은 나쁘지 않은가?	<분류>1</분류> <판단>좋다</판단>
[도덕_문장]: 출근을 지연시키는 상황이 발생했을 때 미리 연락하여 상황을 공유하는 것은 나쁘지 않은가?	<분류>1</분류> <판단>좋다</판단>
[도덕_문장]: 직장인이 자신의 사정을 상사에게 연락하여 상황을 설명하는 것은 바람직하지 않은가?	<분류>1</분류> <판단>바람직하다</판단>
[도덕_문장]: 여행 중 발생한 불편한 상황을 스스로 먼저 해결하는 것은 나쁘지 않은 행동인가?	<분류>1</분류> <판단>좋다</판단>
[도덕_문장]: 타인에게 도움을 요청하기 전에 본인이 스스로 해결할 수 있는 방안을 먼저 고려하는 것은 바람직하지 않은 행동인가?	<분류>1</분류> <판단>바람직하다</판단>
[도덕_문장]: 가게에서 자신의 불편을 정중하게 표현하고 다른 손님의 서비스가 원활하게 이루어지도록 배려하는 것은 필수적인가?	<분류>1</분류> <판단>해야 한다</판단>
[도덕_문장]: 바쁜 시간대에 다른 손님들이 더 빨리 계산받을 수 있도록 도와주는 것은 의무인가?	<분류>1</분류> <판단>해야 한다</판단>
[도덕_문장]: 다른 손님들이 불편해할 경우 행동을 자제하는 것은 나쁜가?	<분류>1</분류> <판단>좋다</판단>
[도덕_문장]: 소개팅 당일 상대방과의 약속을 지키지 못한 상황을 회피하는 것은 나쁜 행동인가?	<분류>-1</분류> <판단>좋지 않다</판단>
[도덕_문장]: 중요한 행사 준비 중 갑작스러운 신체적 문제가 생겼을 때 건강을 우선시하는 것은 바람직하지 않은 행동인가?	<분류>1</분류> <판단>바람직하다</판단>
[도덕_문장]: 발표를 할 때 자신의 건강 상태를 고려하여 최선의 방식으로 준비하는 것은 바람직하지 않은 행동인가?	<분류>1</분류> <판단>바람직하다</판단>
[도덕_문장]: 자신의 건강 상태가 발표에 큰 영향을 미칠 경우 무리하지 않고 우선순위를 재조정하는 것은 어떠한가?	<분류>0</분류> <판단>적절한 판단이다</판단>
[도덕_문장]: 건강 문제로 어려움을 겪을 때 중요한 발표를 미루는 것은 어떠한가?	<분류>0</분류> <판단>좋은 선택일 수 있다</판단>
[도덕_문장]: 친구에게 고백을 할 때 상대방이 거절할 수 있다는 것을 미리 아는 것은 어떠한가?	<분류>1</분류> <판단>알아야 한다.</판단>
[도덕_문장]: 친구의 고백을 듣고 고민하는 것은 어떠한가?	<분류>0</분류> <판단>나쁘지 않다</판단>
[도덕_문장]: 아내 몰래 돈을 빌려주는 것은 어떠한가?	<분류>-1</분류> <판단>바람직하지 않다</판단>
[도덕_문장]: 배우자가 있는 사람이 다른 이성과 금전적 도움을 주고받는 것은 정당한 행동인가?	<분류>-1</분류> <판단>옳지 않다</판단>
[도덕_문장]: 아내 몰래 친구에게 돈을 빌려주는 것은 바람직하지 않은가?	<분류>-1</분류> <판단>바람직하지 않다</판단>
[도덕_문장]: 병원에서 설명이 부족하다고 느껴질 경우 의사에게 구체적인 설명을 요청하는 것은 정당한 행동인가?	<분류>1</분류> <판단>옳다</판단>
[도덕_문장]: 몸이 아플 때 휴식을 취하는 것은 어떠한가?	<분류>1</분류> <판단>좋다</판단>
[도덕_문장]: 병원을 방문했을 때 의사의 처방을 확인하는 것은 필요하지 않은가?	<분류>1</분류> <판단>필요하다</판단>
[도덕_문장]: 본인의 신체 상태에 문제가 생겼을 경우 의사의 판단과 제안을 경청하는 것은 바람직하지 않은 행동인가?	<분류>1</분류> <판단>바람직하다</판단>
[도덕_문장]: 실수를 지적할 때 자신의 상황을 정확히 이해하려는 태도를 가지고 지키는 것은 어떠한가?	<분류>1</분류> <판단>옳다</판단>
[도덕_문장]: 부서 해체 결정이 있을 때 직원들에게 명확한 이유를 설명해주는 것은 어떠한가?	<분류>1</분류> <판단>옳다</판단>
[도덕_문장]: 가족의 건강 문제를 최우선적으로 고려하는 것은 권장되는가?	<분류>1</분류> <판단>해야 한다</판단>
[도덕_문장]: 직장 동료의 사정을 이해하고 상황을 판단해 개인적인 일정과 직장의 일을 잘 조율해보는 것은 괜찮은가?	<분류>1</분류> <판단>좋다</판단>
[도덕_문장]: 직장에서 중요한 일을 대표로 맡아야 할 때 개인 일정과 상황을 고려하여 적절하게 조율하는 것은 바람직한가?	<분류>1</분류> <판단>바람직하다</판단>
[도덕_문장]: 부모가 자녀의 소비 행위를 평가할 때 신중하게 대화를 시작하는 것은 권장되는가?	<분류>1</분류> <판단>해야 한다</판단>
[도덕_문장]: 자녀의 기쁨을 먼저 인정해주고 나중에 설명하는 것은 괜찮은가?	<분류>1</분류> <판단>좋다</판단>
[도덕_문장]: 회의 중 자신의 상태를 상대방에게 알려는 것은 어떠한가?	<분류>1</분류> <판단>되도 된다</판단>
[도덕_문장]: 회식에서 술에 취해 다른 사람 앞에서 노래를 부르는 것은 어떠한가?	<분류>-1</분류> <판단>바람직하지 않다</판단>
[도덕_문장]: 동료의 질문에 답하면서 불편함을 표현하는 것은 문제가 되는가?	<분류>0</분류> <판단>괜찮다</판단>
[도덕_문장]: 동료들의 질문에 솔직하게 답하는 것은 어떠한가?	<분류>0</분류> <판단>무방하다</판단>
[도덕_문장]: 직장에서 동료의 사적인 이야기를 과도하게 물어보는 것은 바람직한 행동인가?	<분류>-1</분류> <판단>적절하지 않다</판단>
[도덕_문장]: 여동생의 안전이 우려될 때 개인적인 감정보다 이성적으로 판단하여 조언을 하는 것은 잘못된 행동인가?	<분류>1</분류> <판단>옳다</판단>
[도덕_문장]: 가족이 느끼는 걱정이나 우려를 충분히 이해하고 대화를 통해 문제를 해결하려는 태도를 가지는 것은 필요하지 않은가?	<분류>1</분류> <판단>필요하다</판단>
[도덕_문장]: 친구가 위험한 상황에 처했을 때 도움을 주는 것은 바람직한 행동인가?	<분류>1</분류> <판단>바람직하다</판단>
[도덕_문장]: 불편한 상황에서 상대방의 체면을 해치지 않고 빠르게 상황을 수습하는 것은 나쁜 행동인가?	<분류>1</분류> <판단>좋다</판단>
[도덕_문장]: 선물의 의도를 잘못 이해했을 때 오해를 풀기 위해 적극적으로 소통하는 것은 바람직한 행동인가?	<분류>1</분류> <판단>바람직하다</판단>
[도덕_문장]: 정확한 의사 표현을 하는 것은 해도 되는가?	<분류>1</분류> <판단>해야 한다</판단>
[도덕_문장]: 이유가 있는 사람을 비난하는 것은 어떠한가?	<분류>1</분류> <판단>안 되다</판단>
[도덕_문장]: 선물을 받았을 때 그 마음을 생각해 거절을 바로 하지 않는 것은 나쁜가?	<분류>1</분류> <판단>좋다</판단>
[도덕_문장]: 기억력이 떨어지거나 일상적인 행동에서 실수가 잦아지더라도 즉시 치매 진단을 받는 것은 어떠한가?	<분류>1</분류> <판단>아니다</판단>
[도덕_문장]: 유기동물이 있을지 모르는 상황에서도 자신의 안전을 고려하는 것은 좋지 않은 행동인가?	<분류>1</분류> <판단>좋다.</판단>
[도덕_문장]: 길거리에 유기동물이 발견되었을 때, 안전이 확보될 때까지 조심스럽게 상황을 살펴 확인하려 노력하는 것은 의무가 아닌가?	<분류>1</분류> <판단>해야 한다</판단>
[도덕_문장]: 자녀의 결혼생활에 지나치게 간섭하는 것은 바람직하지 않은가?	<분류>-1</분류> <판단>바람직하지 않다</판단>
[도덕_문장]: 자녀의 부모로서 집안 일을 간섭하는 것은 옳지 않은가?	<분류>-1</분류> <판단>옳지 않다</판단>
[도덕_문장]: 출장 중 혼자 해결하기 어려운 상황이 발생했을 때 도움을 요청하는 것은 어떠한가?	<분류>1</분류> <판단>책임 있는 태도다</판단>
[도덕_문장]: 직장에서 실수를 했더라도 동료에게 도움을 요청하는 것은 바람직하지 않은가?	<분류>1</분류> <판단>적절하다</판단>
[도덕_문장]: 팀 내에서 발생한 문제를 팀원들과 함께 해결하려는 것은 필요한가?	<분류>1</분류> <판단>중요하다</판단>
[도덕_문장]: 타인의 식사 제공에 대해 부담스러움을 표현하지 않는 것은 해도 되는가?	<분류>0</분류> <판단>해야 한다</판단>
[도덕_문장]: 업무 중 발생한 문제의 책임을 회피하지 않고 솔직하게 사실을 전달하는 것은 해도 되는가?	<분류>1</분류> <판단>해야 한다</판단>
[도덕_문장]: 직원이 직무에 대한 책임감을 가지고 업무를 수행하는 것은 필수적인가?	<분류>1</분류> <판단>해야 한다</판단>
[도덕_문장]: 직원이 자신의 실수를 인정하고 사과하는 것은 좋지 않은가?	<분류>1</분류> <판단>좋다</판단>
[도덕_문장]: 회사의 금전적 손해를 우려한 사실을 숨기지 않고 신속하게 사실을 고지하는 것은 바람직한가?	<분류>1</분류> <판단>바람직하다</판단>
[도덕_문장]: 잘못을 알게 된 직원이 즉시 사실을 전달하고 수습방안을 제시하는 것은 바람직한 행동인가?	<분류>1</분류> <판단>바람직하다</판단>
[도덕_문장]: 기업 내에서 자신이 한 일에 책임을 지는 것은 좋지 않은가?	<분류>1</분류> <판단>좋다</판단>
[도덕_문장]: 아이가 무서워하는 모습을 보았을 때 즉시 선물을 중단하는 것은 나쁜가?	<분류>1</분류> <판단>좋다</판단>
[도덕_문장]: 아이가 무서워할 때 부모가 이해심과 배려를 하는 것은 권장되는가?	<분류>1</분류> <판단>필요하다</판단>
[도덕_문장]: 다른 사람의 감정을 고려하지 않고 자신의 의도를 고집하는 것은 적절한가?	<분류>-1</분류> <판단>적절하지 않다</판단>
[도덕_문장]: 아이의 감정을 존중하는 것은 나쁘지 않은가?	<분류>1</분류> <판단>좋다</판단>
[도덕_문장]: 부모가 아이가 무서워하는 상황을 인지하고 아이를 안정시키는 것은 바람직한 행동인가?	<분류>1</분류> <판단>바람직하다</판단>
[도덕_문장]: 운동을 지도하는 사람이 무리한 운동을 강요하는 것은 어떠한가?	<분류>-1</분류> <판단>안 되다</판단>
[도덕_문장]: 시험에서 커닝을 하는 것은 어떠한가?	<분류>-1</분류> <판단>하지 말아야 한다</판단>
[도덕_문장]: 강의를 들을 때 집중하지 않고 반복해서 듣는 것은 바람직하지 않은 행동인가?	<분류>-1</분류> <판단>바람직하지 않다</판단>
[도덕_문장]: 과도하게 힘들다면 학습을 중단을 고려하는 것은 어떠한가?	<분류>0</분류> <판단>옳다</판단>
[도덕_문장]: 공부를 하면서 잠깐 쉬는 시간을 가지는 것은 문제없는가?	<분류>0</분류> <판단>괜찮다</판단>
[도덕_문장]: 공공장소에서 기침이 심한 경우 즉시 자리를 이동하거나 수업을 중단하는 것은 어떠한가?	<분류>0</분류> <판단>적절하다</판단>
[도덕_문장]: 타인에게 피해를 주지 않고 개인적인 건강 문제에 집중하는 것은 정당하지 않은 행동인가?	<분류>0</분류> <판단>정당하다</판단>
[도덕_문장]: 건강상의 이유로 수업을 중단했을 때 이해해주는 것은 의무가 아닌가?	<분류>1</분류> <판단>해야 한다</판단>
[도덕_문장]: 기침으로 인해 불편하더라도 다른 사람들을 불편하게 하지 않고 자기 관리를 하는 것은 어떠한가?	<분류>0</분류> <판단>해야 한다</판단>
[도덕_문장]: 자신의 금전적 여유를 고려하여 치료 방법을 선택하는 것은 정당하지 않은 행동인가?	<분류>1</분류> <판단>옳다</판단>
[도덕_문장]: 공식적인 상황에서 상황을 파악하지 못한 채 반말을 하는 것은 바람직한 행동인가?	<분류>-1</분류> <판단>바람직하지 않다</판단>
[도덕_문장]: 개인적인 취향이나 사생활을 존중하는 것은 권장되는가?	<분류>1</분류> <판단>필요하다</판단>
[도덕_문장]: 관심 있는 이성의 개인적인 사진을 무단으로 확인하는 것은 정당한 행동인가?	<분류>-1</분류> <판단>옳지 않다</판단>
[도덕_문장]: 타인의 개인사에 대해 함부로 말하지 않는 것은 바람직한 행동인가?	<분류>1</분류> <판단>바람직하다</판단>
[도덕_문장]: 부모가 자식에게 민감한 질문을 피하거나 회피할 때 충분히 이해하는 것은 좋은가?	<분류>1</분류> <판단>좋다</판단>
[도덕_문장]: 아이에게 유치원에 가야 한다고 이야기할 때 아이의 마음도 고려하는 것은 의무인가?	<분류>1</분류> <판단>해야 한다</판단>
[도덕_문장]: 부모님이 아이에게 위로해주는 것은 의무인가?	<분류>1</분류> <판단>해야 한다</판단>
[도덕_문장]: 자녀가 사회 생활에 어려움을 겪을 때 자녀의 기분을 살피고 공감해주는 것은 적절하지 않은가?	<분류>1</분류> <판단>바람직하다</판단>
[도덕_문장]: 아이가 불편함을 표현하는 것은 옳지 않은 행동인가?	<분류>0</분류> <판단>괜찮다</판단>
[도덕_문장]: 아이가 유치원 가기 싫다고 해서 체면이 깎이는 일이 있더라도 아이가 감정적으로 행동하는 상황에서는 차분하게 아이의 마음을 안정시키는 것은 권장되지 않는가?	<분류>1</분류> <판단>필요하다</판단>
[도덕_문장]: 아이의 감정을 존중하며 공감해주는 것은 어떠한가?	<분류>1</분류> <판단>바람직하다</판단>
[도덕_문장]: 결혼식에서 손님으로서 예의를 지키는 것은 좋은가?	<분류>1</분류> <판단>좋다</판단>
[도덕_문장]: 친구의 결혼식에서 예의를 지키고 함께 축하해 주는 것은 바람직한가?	<분류>1</분류> <판단>바람직하다</판단>
[도덕_문장]: 관계가 끝난 지 한 달 만에 친구 결혼식에 가는 친구의 입장을 배려하는 것은 권장되지 않는가?	<분류>1</분류> <판단>해야 한다</판단>
[도덕_문장]: 친구와 헤어졌더라도 친구의 결혼을 축복하는 것은 필수적인가?	<분류>1</분류> <판단>해야 한다</판단>
[도덕_문장]: 결혼식에 친구의 전 연인을 보는 것은 어떠한가?	<분류>1</분류> <판단>불편할 수 있다</판단>
[도덕_문장]: 결혼식에서 친구를 주인공으로 존중하는 것은 의무인가?	<분류>1</분류> <판단>해야 한다</판단>
[도덕_문장]: 결혼식 등 공식 행사에서 개인적인 감정이나 상황을 지나치게 표출하지 않고 공식적인 축하의 말과 행동으로 참여하는 것은 나쁜 행동인가?	<분류>1</분류> <판단>좋다</판단>
[도덕_문장]: 밤에 큰소리로 짖는 강아지를 데리고 산책하는 것은 바람직한가?	<분류>-1</분류> <판단>바람직하지 않다</판단>
[도덕_문장]: 동물을 관리하는 것은 하면 안 되는가?	<분류>1</분류> <판단>해야 한다</판단>
[도덕_문장]: 자신과 타인의 안전과 편안함을 고려해 개를 훈련하는 것은 바람직하지 않은 행동인가?	<분류>1</분류> <판단>바람직하다</판단>
[도덕_문장]: 산책을 주변 사람들에게 피해가 가지 않는 시간대에 진행하는 것은 적절한가?	<분류>1</분류> <판단>바람직하다</판단>
[도덕_문장]: 질병을 확인할 필요 없이 미루기만 하는 것은 옳은가?	<분류>-1</분류> <판단>옳지 않다</판단>
[도덕_문장]: 가족이나 친구에게 신체적 변화로 인한 불편함이나 실수를 털어놓는 것은 적절하지 않은가?	<분류>1</분류> <판단>바람직하다</판단>
[도덕_문장]: 연인이 상대방의 옷을 지적할 때 조심스럽게 말하는 것은 의무가 아닌가?	<분류>1</분류> <판단>해야 한다</판단>
[도덕_문장]: 배우자의 옷차림에 대해 비판적인 평가를 할 때 상대방이 상처를 받지 않도록 주의하는 것은 적절하지 않은가?	<분류>1</분류> <판단>바람직하다</판단>
[도덕_문장]: 여행 중 예상치 못한 상황이 발생할 경우 이를 긍정적으로 받아들이는 것은 바람직하지 않은가?	<분류>1</분류> <판단>바람직하다</판단>
[도덕_문장]: 친구에게 상황을 긍정적으로 이끌 수 있는 방향으로 조언해 주는 것은 나쁜 행동인가?	<분류>1</분류> <판단>좋다</판단>
[도덕_문장]: 배우자에게 부정적 표현을 하는 것은 어떠한가?	<분류>-1</분류> <판단>바람직하지 않다</판단>
[도덕_문장]: 쇼핑 후 옷이 마음에 들지 않을 경우 상황을 꼼꼼히 확인하고, 가능한 선택지를 충분히 고민하는 것은 바람직한 행동인가?	<분류>1</분류> <판단>바람직하다</판단>
[도덕_문장]: 수업에서 질문을 받았을 때 아는 척 하지 않고 모르는 것은 모른다고 답하는 것은 괜찮지 않은가?	<분류>1</분류> <판단>좋다</판단>
[도덕_문장]: 학생이 질문을 제대로 이해하지 못했을 때 잠시 시간을 주는 것은 나쁘지 않은가?	<분류>1</분류> <판단>좋다</판단>
[도덕_문장]: 학생이 모르는 것을 아는 척 하는 것은 어떠한가?	<분류>0</분류> <판단>필요 없다</판단>
[도덕_문장]: 모르는 것을 답변하려고 아는 척 하는 것은 정당한 행동인가?	<분류>-1</분류> <판단>옳지 않다</판단>
[도덕_문장]: 수업 중에 이해가 안 되는 질문을 질문해주는 것은 나쁜가?	<분류>1</분류> <판단>좋다</판단>
[도덕_문장]: 주변 사람들에게 불편을 느끼게 하는 시선을 보내는 것은 잘못된 행동인가?	<분류>-1</분류> <판단>옳지 않다</판단>
[도덕_문장]: 친구와의 감정적 갈등을 대화로 풀어나가는 것은 어떠한가?	<분류>1</분류> <판단>해야 한다</판단>
[도덕_문장]: 타인의 능력을 인정하지 않고 열등감을 가지는 것은 바람직하지 않은 행동인가?	<분류>0</분류> <판단>바람직하지 않다</판단>
[도덕_문장]: 건강을 위해 적당한 음주량을 지키고 다음날 숙취 해소를 위해 충분한 휴식을 취하는 것은 필요하지 않은가?	<분류>1</분류> <판단>중요하다</판단>
[도덕_문장]: 상대의 심리 상태를 고려해 관계를 유지하는 것은 잘못된 행동인가?	<분류>1</분류> <판단>옳다.</판단>
[도덕_문장]: 상대방의 연락에 대해 불편함을 표현하거나 잠시 거리를 두는 것은 어떠한가?	<분류>0</분류> <판단>좋다</판단>
[도덕_문장]: 친한 친구에게 불쾌감을 주는 행동을 지속적으로 하는 경우 진솔한 대화를 요구하는 것은 괜찮은가?	<분류>1</분류> <판단>좋다.</판단>
[도덕_문장]: 친구와 다투었을 때 서로의 입장을 존중하면서 대화로 문제를 해결하는 것은 좋은 행동인가?	<분류>1</분류> <판단>좋다</판단>
[도덕_문장]: 친구가 실수했을 때 상황을 악화시키지 않고 솔직하게 말하는 것은 좋지 않은 행동인가?	<분류>1</분류> <판단>좋다</판단>
[도덕_문장]: 친구와의 관계에서 상대방의 감정을 존중하는 것은 어떠한가?	<분류>1</분류> <판단>중요하다</판단>
[도덕_문장]: 친구 사이에서 서로의 불쾌감이 발생했을 때 대화를 통해 상대방을 이해하려고 노력하는 것은 의무가 아닌가?	<분류>1</분류> <판단>해야 한다</판단>
[도덕_문장]: 처음 초대하는 자리에서 상황을 고려해 노력하는 모습을 보여주는 것은 잘못된 행동인가?	<분류>1</분류> <판단>옳다</판단>
[도덕_문장]: 가족 구성원의 생일을 챙기지 못한 화자를 걱정해주는 것은 나쁜 행동인가?	<분류>1</분류> <판단>좋다</판단>
[도덕_문장]: 친구들에게 사정을 양해 구하고 다음에 만날 약속을 하는 것은 좋은가?	<분류>1</분류> <판단>좋다</판단>
[도덕_문장]: 친구와의 모임이 있을 때 우선순위를 정하고 그에 따른 상황을 설명하는 것은 적절하지 않은가?	<분류>1</분류> <판단>바람직하다</판단>
[도덕_문장]: 친구들에게 사전에 참석 여부를 명확히 밝히는 것은 괜찮지 않은가?	<분류>1</분류> <판단>좋다</판단>
[도덕_문장]: 자신의 건강을 이유로 수업에 방해가 되지 않도록 조치를 요청하는 것은 할 수 없는가?	<분류>1</분류> <판단>할 수 있다</판단>
[도덕_문장]: 가족들의 오해가 발생했을 때 바로 사실을 알리는 것은 어떠한가?	<분류>1</분류> <판단>해야 한다</판단>
[도덕_문장]: 타인의 물건이 자신의 것이라고 오해할 경우 상대방에게 물어보는 것은 옳은가?	<분류>1</분류> <판단>옳다</판단>
[도덕_문장]: 가족이 실수로 자신의 것을 착각하여 오해를 받았을 때 사실대로 이야기하는 것은 어떠한가?	<분류>1</분류> <판단>해야 한다</판단>
[도덕_문장]: 자신의 실수를 인정하고 상황을 설명하는 것은 나쁜 행동인가?	<분류>1</분류> <판단>좋다</판단>
[도덕_문장]: 선물에 대한 오해를 사실대로 이야기해 주는 것은 좋은가?	<분류>1</분류> <판단>좋다</판단>
[도덕_문장]: 선물에서 주는 사람이 누구인지 정확하게 확인해 주는 것은 옳은가?	<분류>1</분류> <판단>옳다</판단>
[도덕_문장]: 중요한 작업 중에 자주 저장하는 것은 권장되지 않는가?	<분류>1</분류> <판단>필요하다</판단>
[도덕_문장]: 실수의 원인을 인지하고 향후 방지를 위해 개선하려는 노력을 하는 것은 바람직한 행동인가?	<분류>1</분류> <판단>바람직하다</판단>
[도덕_문장]: 자신의 잘못에 대해 성찰하고 반성하는 것은 적절하지 않은가?	<분류>1</분류> <판단>바람직하다</판단>
[도덕_문장]: 가족의 약속을 무리하게 이행하려 하는 것은 좋지 않은 행동인가?	<분류>-1</분류> <판단>좋지 않다</판단>
[도덕_문장]: 친구에게 오페라에 대한 자신의 생각과 느낌을 솔직하게 이야기하는 것은 어떠한가?	<분류>1</분류> <판단>바람직하다</판단>
[도덕_문장]: 친구에게 이해하지 못한 내용에 대해 솔직하게 말하는 것은 나쁘지 않은가?	<분류>1</분류> <판단>좋다</판단>
[도덕_문장]: 약속한 만남에서 서로 오해가 생기지 않도록 솔직하게 대화하는 것은 바람직한 행동인가?	<분류>1</분류> <판단>바람직하다</판단>
[도덕_문장]: 실수로 불편한 상황을 일으켰을 때 진심으로 사과하는 것은 옳은가?	<분류>1</분류> <판단>옳다</판단>
[도덕_문장]: 연인 사이에서 오해나 실수가 발생했을 때 상대방의 진심을 받아들이는 것은 나쁘지 않은가?	<분류>1</분류> <판단>좋다</판단>
[도덕_문장]: 상대방이 실수를 진심으로 사과할 때 이를 진심으로 받아들이는 것은 권장되는가?	<분류>1</분류> <판단>해야 한다</판단>
[도덕_문장]: 데이트 상대의 과거에 대해 이해해 주는 것은 나쁜 행동인가?	<분류>1</분류> <판단>좋다</판단>
[도덕_문장]: 자녀가 부모님을 위해 팬클럽 가입을 도와주는 것은 어떠한가?	<분류>1</분류> <판단>좋다</판단>
[도덕_문장]: 자녀가 부모님을 걱정하는 마음을 이해하고 표현하는 것은 권장되는가?	<분류>1</분류> <판단>해야 한다</판단>
[도덕_문장]: 자녀가 부모님의 취미생활을 이해하고 존중하는 것은 어떠한가?	<분류>1</분류> <판단>바람직하다</판단>
[도덕_문장]: 개인의 취미생활을 존중해주는 것은 잘못된 행동인가?	<분류>1</분류> <판단>옳다</판단>
[도덕_문장]: 아이의 안전과 성장을 위해 지나치지 않은 범위 내에서 간섭하는 것은 필요하지 않은가?	<분류>1</분류> <판단>필요한 일이다</판단>
[도덕_문장]: 자녀가 통제를 받아들이는 것이 부담스러울 때 그 이유를 설명해 주는 것은 좋은 행동인가?	<분류>1</분류> <판단>좋다</판단>
[도덕_문장]: 회사가 면접에서 제시한 조건과 다르게 일방적으로 조건을 변경하는 것은 어떠한가?	<분류>-1</분류> <판단>안 되다</판단>
[도덕_문장]: 면접에서 약속한 조건과 다른 것을 제시하는 것은 옳지 않은가?	<분류>-1</분류> <판단>옳지 않다</판단>
[도덕_문장]: 자신의 어려움이나 어려움에 대한 감정을 회피하지 않고 이해하려 노력하는 것은 필수적인가?	<분류>1</분류> <판단>해야 한다</판단>
[도덕_문장]: 아이를 돌보는 것은 옳은 행동인가?	<분류>1</분류> <판단>옳은 행동이다</판단>
[도덕_문장]: 육아의 어려움에 대해 대화하고 공감하는 것은 바람직한가?	<분류>1</분류> <판단>바람직하다</판단>
[도덕_문장]: 육아에서 도움을 받는 것은 좋지 않은가?	<분류>1</분류> <판단>좋다</판단>
[도덕_문장]: 직장생활에 만족하지 못하더라도 퇴사를 단정하기보다는 상황을 개선하기 위한 방법을 고민하는 것은 어떠한가?	<분류>1</분류> <판단>옳다</판단>
[도덕_문장]: 자신의 건강과 개인 시간을 지키는 것은 필요하지 않은가?	<분류>1</분류> <판단>중요하다</판단>
[도덕_문장]: 상대방의 무례한 행동에 대해 자신의 잘못 여부와 상관없이 정중하게 상황을 정리하는 것은 바람직한 행동인가?	<분류>1</분류> <판단>바람직하다</판단>
[도덕_문장]: 공동주택에서 이웃의 배려와 불편함을 이해하는 것은 의무가 아닌가?	<분류>1</분류> <판단>해야 한다</판단>
[도덕_문장]: 이웃과의 갈등을 해결할 때 자신의 입장을 명확하게 전달하고, 감정적이지 않게 합리적인 방식으로 협의점을 찾는 것은 바람직하지 않은 행동인가?	<분류>1</분류> <판단>바람직하다</판단>
[도덕_문장]: 이웃 간의 갈등이 발생했을 때 문제 해결을 위한 대화를 시도하는 것은 어떠한가?	<분류>1</분류> <판단>바람직하다</판단>
[도덕_문장]: 이웃을 배려하지 않고 계속해서 소음을 유발하는 것은 바람직하지 않은가?	<분류>-1</분류> <판단>바람직하지 않다</판단>
[도덕_문장]: 조카를 훈육할 때 조용히 타일르는 것은 좋은가?	<분류>1</분류> <판단>좋다</판단>
[도덕_문장]: 타인이 선물한 것을 동의 없이 입는 것은 어떠한가?	<분류>1</분류> <판단>당사자에게 사과해야 한다</판단>
[도덕_문장]: 타인의 일정에 지장을 주는 것은 적절하지 않은가?	<분류>-1</분류> <판단>바람직하지 않다</판단>
[도덕_문장]: 외모에 대한 불만을 상대적인 가치로 인정하고, 자신의 외모를 유지하기 위한 노력을 부정적으로 평가하지 않는 태도를 갖는 것은 바람직하지 않은가?	<분류>1</분류> <판단>바람직하다</판단>
[도덕_문장]: 가족들이 미리 생일을 말해둔 것을 깜빡했을 때 이를 이해해주는 것은 좋은 행동인가?	<분류>1</분류> <판단>좋다</판단>
[도덕_문장]: 가족이 약속한 일을 잊어버렸을 때 너그러운 마음으로 대하는 것은 괜찮지 않은가?	<분류>1</분류> <판단>좋다</판단>
[도덕_문장]: 화를 내기 전에 상대의 입장을 생각하고 감정을 조절하는 것은 적절한가?	<분류>1</분류> <판단>바람직하다</판단>
[도덕_문장]: 생일을 깜빡 잊는 것은 어떠한가?	<분류>0</분류> <판단>나쁜 일이 아니다</판단>
[도덕_문장]: 약속을 지키지 못할 경우 미리 연락하는 것은 나쁜 행동인가?	<분류>1</분류> <판단>좋다</판단>
[도덕_문장]: 타인과 약속을 할 때 책임감을 갖는 것은 좋지 않은가?	<분류>1</분류> <판단>좋다</판단>
[도덕_문장]: 계획이 틀어졌을 때 감정을 잠시 내려놓고 상황을 차분히 받아들이는 것은 괜찮지 않은가?	<분류>1</분류> <판단>좋다</판단>
[도덕_문장]: 계획이 틀어졌을 때 스스로의 잘못을 인정하고 상황을 받아들이는 것은 필수적이지 않은가?	<분류>1</분류> <판단>필요하다</판단>
[도덕_문장]: 친구의 실수로 계획이 틀어졌을 때 상황을 차분히 받아들이는 것은 좋은 행동인가?	<분류>1</분류> <판단>좋다</판단>
[도덕_문장]: 가족과 대화할 때 자신의 의견을 정중하게 전달하는 것은 의무인가?	<분류>1</분류> <판단>해야 한다</판단>
[도덕_문장]: 가족 간 갈등이 있을 때 대화를 통해 이해를 구하는 것은 괜찮지 않은가?	<분류>1</분류> <판단>좋다</판단>
[도덕_문장]: 자신의 사생활이 지나치게 침해받는다고 느낄 때 상대방과 대화를 통해 적절한 경계를 설정하는 것은 바람직하지 않은 행동인가?	<분류>1</분류> <판단>바람직하다</판단>
[도덕_문장]: 배우자와의 관계에서 과도한 집착이나 통제감을 유지하려는 것은 적절한가?	<분류>-1</분류> <판단>바람직하지 않다</판단>
[도덕_문장]: 남편이 과도한 집착을 보일 때 이를 개선하도록 요구하는 것은 할 수 있는가?	<분류>1</분류> <판단>할 수 있다</판단>
[도덕_문장]: 배우자가 과도한 집착을 보일 경우 정서적, 신체적 피해를 입을 위험이 있다면 도움을 요청하거나 적절한 조치를 취하는 것은 적절한가?	<분류>1</분류> <판단>바람직하다</판단>
[도덕_문장]: 가족 간의 문제를 대화로 해결하려 노력하는 것은 바람직한가?	<분류>1</분류> <판단>바람직하다</판단>
[도덕_문장]: 가족과 함께하는 시간의 중요성을 인지하고 노력하는 것은 바람직하지 않은가?	<분류>1</분류> <판단>바람직하다</판단>
[도덕_문장]: 아내와의 가정에 충실하게 행동하는 것은 하면 안 되는가?	<분류>1</분류> <판단>해야 한다</판단>
[도덕_문장]: 가족이 함께할 수 있는 활동을 제안할 때 아이들의 의견도 함께 고려하는 것은 나쁜가?	<분류>1</분류> <판단>좋다</판단>
[도덕_문장]: 배우자가 화냈을 때 일방적으로 몰아세우지 않고 대화로 해결책을 찾는 것은 권장되지 않는가?	<분류>1</분류> <판단>해야 한다</판단>
[도덕_문장]: 배우자에게 감정을 표현할 때 상대의 입장과 이유를 먼저 듣는 것은 옳은 행동인가?	<분류>1</분류> <판단>옳다</판단>
[도덕_문장]: 배우자의 잘못된 행동을 지적할 때 이유를 물어보며 대화를 시도하는 것은 적절하지 않은가?	<분류>1</분류> <판단>바람직하다</판단>
[도덕_문장]: 분리수거를 하지 않은 아내를 탓하기보다 배려하는 태도를 취하는 것은 어떠한가?	<분류>1</분류> <판단>바람직하다</판단>
[도덕_문장]: 아내의 상황을 고려하지 않고 출장을 감행하는 것은 옳은 행동인가?	<분류>-1</분류> <판단>옳지 않다</판단>
[도덕_문장]: 서로의 삶의 모습을 인정하고 이해하려 노력하는 것은 나쁘지 않은 행동인가?	<분류>1</분류> <판단>좋다</판단>
[도덕_문장]: 연인과의 시간적인 어려움을 인지했을 때 솔직하게 말하고 함께 해결책을 찾는 것은 권장되는가?	<분류>1</분류> <판단>해야 한다</판단>
[도덕_문장]: 층간 소음에 대한 갈등을 느낄 때 직접적인 충돌을 피하고 관리자나 주민들과 대화를 시도하는 것은 의무가 아닌가?	<분류>1</분류> <판단>해야 한다</판단>
[도덕_문장]: 강사가 수업의 흐름을 방해하는 학생에게 정중하지만 단호하게 마무리를 요청하는 것은 어떠한가?	<분류>1</분류> <판단>해야 한다</판단>
[도덕_문장]: 학업에 집중하고자 하는 분위기 속에서 개인적인 질의응답 시간을 최소화하고 필요한 경우에는 담당자를 통해 연락하는 것은 옳은 행동인가?	<분류>0</분류> <판단>옳다</판단>
[도덕_문장]: 강의를 방해하는 것은 문제가 되지 않는 행동인가?	<분류>-1</분류> <판단>안 된다</판단>
[도덕_문장]: 수업 중에 다른 사람에게 피해가 가는 행동을 하는 것은 옳은 행동인가?	<분류>-1</분류> <판단>옳지 않다</판단>
[도덕_문장]: 수업 시간에 방해하는 행동을 멈추는 것은 나쁘지 않은가?	<분류>1</분류> <판단>좋다</판단>
[도덕_문장]: 수업 시간 외에 다른 학생들의 학습 시간을 방해하지 않도록 행동에 주의하는 것은 권장되지 않는가?	<분류>1</분류> <판단>해야 한다</판단>
[도덕_문장]: 소음 문제로 불편을 겪는 이웃과 대화를 통해 문제를 해결하려는 태도를 가지는 것은 적절하지 않은가?	<분류>1</분류> <판단>바람직하다</판단>
[도덕_문장]: 집을 팔아야 하는 상황에서 불쾌한 상황이 발생하더라도 감정적으로 대응하기보다 차분하게 상황을 판단하고 대응하는 것은 의무가 아닌가?	<분류>1</분류> <판단>해야 한다</판단>
[도덕_문장]: 가사 노동을 가족 구성원에게 책임을 전가하는 것은 정당한 행동인가?	<분류>-1</분류> <판단>옳지 않다</판단>
[도덕_문장]: 상황을 이해하고 있으면서도 해결책을 제시하지 못할 때 솔직하게 말하는 것은 좋은가?	<분류>0</분류> <판단>좋다</판단>
[도덕_문장]: 실수로 집안에 문제가 생겼을 때 자신의 잘못을 인지하고 적극적으로 해결하려는 자세를 보이는 것은 적절한가?	<분류>1</분류> <판단>바람직하다</판단>
[도덕_문장]: 환경 문제 발생 시 자신의 책임을 회피하지 않고 반성하며 해결하려는 태도를 갖는 것은 바람직하지 않은가?	<분류>1</분류> <판단>바람직하다</판단>
[도덕_문장]: 자신의 실수를 인정하고 반성하는 태도를 보이는 것은 바람직하지 않은가?	<분류>1</분류> <판단>바람직하다</판단>
[도덕_문장]: 나이가 어린 사람에게 화를 냈을 때 차분하게 설명하는 것은 필수적인가?	<분류>1</분류> <판단>해야 한다</판단>
[도덕_문장]: 물건을 공동 사용할 때 서로 협의해서 규칙을 정하는 것은 적절하지 않은가?	<분류>1</분류> <판단>바람직하다</판단>
[도덕_문장]: 부모와 마찰이 생겼을 때 감정적으로 반응하기보다 차분하게 대화하려는 노력을 하는 것은 하면 안 되는가?	<분류>1</분류> <판단>해야 한다</판단>
[도덕_문장]: 가족 구성원 간에 문제일 때 감정적으로 대응하지 않는 것은 괜찮은가?	<분류>1</분류> <판단>좋다</판단>
[도덕_문장]: 친구가 상처를 받았을 때 그 친구를 위로하는 것은 좋은 행동인가?	<분류>1</분류> <판단>좋다</판단>
[도덕_문장]: 친구가 힘들 때 상황을 함께 공유하고 위로하는 것은 괜찮지 않은가?	<분류>1</분류> <판단>좋다</판단>
[도덕_문장]: 친구의 가족 건강이 심각한 상태일 때 친구가 안정을 취할 수 있도록 위로의 말을 전하는 것은 어떠한가?	<분류>1</분류> <판단>해야 한다</판단>
[도덕_문장]: 배우자가 병으로 힘들어할 때 위로가 되어주는 것은 권장되는가?	<분류>1</분류> <판단>되어야 한다</판단>
[도덕_문장]: 자녀의 요구를 들어주지 않는 것은 옳지 않은 행동인가?	<분류>0</분류> <판단>괜찮다</판단>
[도덕_문장]: 부모가 자녀의 금전적 요구를 무조건적으로 들어주는 것은 바람직한 행동인가?	<분류>0</분류> <판단>바람직하지 않다</판단>
[도덕_문장]: 개인 일정이 바쁜 상황에서 주변의 도움을 받는 것은 옳은가?	<분류>0</분류> <판단>괜찮다</판단>
[도덕_문장]: 직장 생활과 집안 일을 잘 조정하여 업무와 가정 생활 균형을 지키는 것은 바람직한 행동인가?	<분류>1</분류> <판단>바람직하다</판단>
[도덕_문장]: 업무와 개인 일정이 겹칠 때 우선순위를 정하고 필요한 도움을 적절히 요청하는 것은 바람직하지 않은 행동인가?	<분류>1</분류> <판단>바람직하다</판단>
[도덕_문장]: 중요한 일정을 앞두고 시간이 부족할 때 자신의 사정을 가족이나 배우자에게 충분히 설명하고, 일부 일정을 조정하거나 도움을 요청하는 것은 어떠한가?	<분류>1</분류> <판단>옳다.</판단>
[도덕_문장]: 업무시간에 개인 업무를 처리하는 것은 정당한 행동인가?	<분류>-1</분류> <판단>옳지 않다</판단>
[도덕_문장]: 동료의 업무에 지장을 주는 것은 바람직한가?	<분류>-1</분류> <판단>바람직하지 않다</판단>
[도덕_문장]: 스트레스를 가족에게 전가하는 것은 바람직한가?	<분류>-1</분류> <판단>바람직하지 않다</판단>
[도덕_문장]: 회사에서 업무를 무리하게 요구하지 않는 것은 좋은가?	<분류>1</분류> <판단>좋다</판단>
[도덕_문장]: 부하직원의 실수를 지적할 때 구체적인 개선 방안을 제시하며 격려하는 것은 잘못된 행동인가?	<분류>1</분류> <판단>옳다</판단>
[도덕_문장]: 팀의 실수를 팀 전체의 책임감으로 해결하는 것은 나쁜가?	<분류>1</분류> <판단>좋다</판단>
[도덕_문장]: 팀 구성원의 실수로 인해 피해를 입었을 때 구성원들을 감정적으로 대하지 않고 차분하게 해결 방안을 모색하는 것은 옳지 않은 행동인가?	<분류>1</분류> <판단>옳다</판단>
[도덕_문장]: 직장 내에서 발생하는 불편함을 예의 바르고 적절하게 처리하는 것은 의무인가?	<분류>1</분류> <판단>해야 한다</판단>
[도덕_문장]: 조직의 업무에 참여하지 않으려고 하고 책임을 회피하는 태도를 보이는 것은 어떠한가?	<분류>-1</분류> <판단>보이지 말아야 한다</판단>
[도덕_문장]: 회사 업무를 회피하는 것은 옳은 행동인가?	<분류>-1</분류> <판단>옳지 않다</판단>
[도덕_문장]: 팀 내 규칙에 어긋나는 개인의 행동을 지적할 때 예의와 함께 명확하게 의사표현을 전달하는 것은 좋지 않은 행동인가?	<분류>1</분류> <판단>좋다.</판단>
[도덕_문장]: 타인의 잘못을 응징할 때 감정을 통제하고 상황을 차분하게 정리해 주는 것은 바람직한가?	<분류>1</분류> <판단>바람직하다</판단>
[도덕_문장]: 타인의 물건을 훼손했을 때 인정하고 진심으로 사과하는 것은 옳지 않은 행동인가?	<분류>1</분류> <판단>옳다</판단>
[도덕_문장]: 타인의 실수를 용서하거나 예의를 지키며 사과를 받는 것은 바람직하지 않은 행동인가?	<분류>1</분류> <판단>바람직하다</판단>
[도덕_문장]: 타인의 부주의로 인한 손해에 대해 이성적으로 대응하는 것은 적절하지 않은가?	<분류>1</분류> <판단>바람직하다</판단>
[도덕_문장]: 타인의 과실로 흠집이 났을 때 감정을 앞세우기보다 침착하게 대화를 시도하는 것은 적절하지 않은가?	<분류>1</분류> <판단>바람직하다</판단>
[도덕_문장]: 타인의 실수로 스크래치가 발생했을 때 상대방의 입장을 충분히 공감하는 것은 정당한 행동인가?	<분류>1</분류> <판단>옳다</판단>
[도덕_문장]: 다른 사람의 물건을 파손했을 때 진심으로 사과하고 책임을 지는 것은 옳지 않은가?	<분류>1</분류> <판단>옳다</판단>
[도덕_문장]: 상대방의 실수로 자동차가 손상되었을 때 대화를 통해 해결하려는 태도를 가지는 것은 바람직한가?	<분류>1</분류> <판단>바람직하다</판단>
[도덕_문장]: 택시 기사가 승객이 불편해할 수 있는 말을 삼га는 것은 권장되는가?	<분류>1</분류> <판단>해야 한다</판단>
[도덕_문장]: 다른 사람의 의견에 감정적으로 반응하는 것은 적절한가?	<분류>0</분류> <판단>바람직하지 않다</판단>
[도덕_문장]: 손님이 불만을 표출하더라도 불쾌함을 감정적으로 표출하는 것은 정당하지 않은 행동인가?	<분류>-1</분류> <판단>옳지 않다</판단>
[도덕_문장]: 업무로 인한 불편을 겪었을 때 감정을 차분하게 조절하고 대응 방법을 찾는 것은 적절하지 않은가?	<분류>1</분류> <판단>바람직하다</판단>
[도덕_문장]: 자신이 먹는 음식이 안전한지 여부를 확인하는 것은 좋은가?	<분류>1</분류> <판단>좋은 태도이다</판단>
[도덕_문장]: 어른이 가정에서 아이들에게 애정과 관심을 충분히 주는 것은 필요하지 않은가?	<분류>1</분류> <판단>중요하다</판단>
[도덕_문장]: 부모가 아이를 탓하기 전에 먼저 자신이 잘못된 행동을 한 것이 없는지 돌아보는 것은 바람직한 행동인가?	<분류>1</분류> <판단>바람직하다</판단>
[도덕_문장]: 부모가 자녀의 자율적인 취미 활동을 존중하는 것은 필수적이지 않은가?	<분류>1</분류> <판단>해야 한다</판단>
[도덕_문장]: 부모가 자녀에게 모범을 보이는 것은 어떠한가?	<분류>1</분류> <판단>옳다</판단>
[도덕_문장]: 자식의 잘못에 대해 부모가 스스로 반성하는 것은 의무인가?	<분류>1</분류> <판단>해야 한다</판단>
[도덕_문장]: 부모가 자녀를 훈계하거나 지도할 때 자녀를 탓하기보다 대화의 방식과 적절한 대우를 고려하는 것은 바람직한가?	<분류>1</분류> <판단>바람직하다</판단>
[도덕_문장]: 판매할 때 상품에 대한 정확한 정보를 제공하는 것은 의무가 아닌가?	<분류>1</분류> <판단>해야 한다</판단>
[도덕_문장]: 고객에게 상품에 대해 사실과 다른 정보를 제공하는 것은 정당하지 않은 행동인가?	<분류>-1</분류> <판단>옳지 않다</판단>
[도덕_문장]: 연인에게 상처가 될 수 있는 말을 하는 것은 옳지 않은가?	<분류>-1</분류> <판단>옳지 않다</판단>
[도덕_문장]: 친구의 기분을 상하게 하는 말을 하지 않는 것은 나쁘지 않은 행동인가?	<분류>-1</분류> <판단>좋다</판단>
[도덕_문장]: 연인에게 상처를 주는 말을 하는 것은 나쁘지 않은 행동인가?	<분류>-1</분류> <판단>좋지 않다</판단>
[도덕_문장]: 부하 직원이 예의를 지키지 못했을 때 직접적으로 비난하기보다는 그 이유와 개선점을 조심스럽게 이야기하는 것은 어떠한가?	<분류>1</분류> <판단>좋다</판단>
[도덕_문장]: 신입사원이 직속상관에게 인사하지 않았을 때 조직의 규칙이나 분위기를 감안해 스스로 시정하게 유도하는 것은 바람직한 행동인가?	<분류>1</분류> <판단>바람직하다</판단>
[도덕_문장]: 공공장소에서 질서가 지켜지지 않아도 참고 기다리는 것은 어떠한가?	<분류>0</분류> <판단>나쁜 행동이 아니다</판단>
[도덕_문장]: 공공장소에서 사회적 규범을 지키는 것은 해도 되는가?	<분류>1</분류> <판단>해야 한다</판단>
[도덕_문장]: 연인과의 데이트를 계획할 때 일기예보를 참고하고, 유연하게 대처할 수 있는 방안도 함께 준비하는 것은 적절하지 않은가?	<분류>1</분류> <판단>바람직하다</판단>
[도덕_문장]: 연인이 힘들어할 때 이해해주는 것은 어떠한가?	<분류>1</분류> <판단>옳다</판단>
[도덕_문장]: 데이트 계획이 실패하더라도 긍정적인 태도로 대처하는 것은 괜찮지 않은가?	<분류>1</분류> <판단>좋다</판단>
[도덕_문장]: 상대의 노력을 인지하고 배려하는 태도를 가지는 것은 필수적이지 않은가?	<분류>1</분류> <판단>필요하다</판단>
[도덕_문장]: 계획이 틀어졌을 경우 상황을 설명하고 상대에게 미안함을 표현하는 것은 적절하지 않은가?	<분류>1</분류> <판단>바람직하다</판단>
[도덕_문장]: 친구의 상황을 이해하는 것은 의무인가?	<분류>1</분류> <판단>해야 한다</판단>
[도덕_문장]: 회사 동료에게 과도하게 사생활을 캐물어보는 것은 문제있는가?	<분류>-1</분류> <판단>문제다</판단>
[도덕_문장]: 동료의 사생활에 지나치게 간섭하는 것은 옳지 않은 행동인가?	<분류>-1</분류> <판단>옳지 않다</판단>
[도덕_문장]: 회사 업무 이외의 사생활을 묻는 것은 적절하지 않은가?	<분류>-1</분류> <판단>바람직하지 않다</판단>
[도덕_문장]: 상사가 직원들의 사생활을 침해하지 않는 것은 필수적인가?	<분류>-1</분류> <판단>해야 한다</판단>
[도덕_문장]: 층간소음 항의를 할 때 감정적으로 하지 않는 것은 괜찮지 않은가?	<분류>1</분류> <판단>좋다</판단>
[도덕_문장]: 타인의 감정을 배려하며 대화하는 것은 해도 되는가?	<분류>1</분류> <판단>해야 한다</판단>
[도덕_문장]: 타인과 함께하는 자리에서 서로를 배려하며 상황에 맞는 행동을 하는 것은 바람직한 행동인가?	<분류>1</분류> <판단>바람직하다</판단>
[도덕_문장]: 조직 내에서 상대의 상황을 고려하는 것은 옳은 행동인가?	<분류>1</분류> <판단>옳다</판단>
[도덕_문장]: 팬으로서 배우를 응원하는 것은 괜찮지 않은가?	<분류>1</분류> <판단>좋다</판단>
[도덕_문장]: 연인이 감정을 이야기할 때 상황을 이해하고 함께 공감해주는 것은 의무가 아닌가?	<분류>1</분류> <판단>해야 한다</판단>
[도덕_문장]: 연인의 개인 감정을 배려하고 상대방의 감정을 존중해주는 것은 나쁜가?	<분류>1</분류> <판단>좋다</판단>
[도덕_문장]: 연인의 감정을 존중하는 것은 의무인가?	<분류>1</분류> <판단>해야 한다</판단>
[도덕_문장]: 개인의 사생활이 침해되는 수준의 괴롭힘을 참는 것은 어떠한가?	<분류>-1</분류> <판단>아니다</판단>
[도덕_문장]: 경제적 여유가 없어도 생활 필수품에 대해 합리적인 판단을 하는 것은 문제가 되는 행동인가?	<분류>1</분류> <판단>할 수 있다</판단>
[도덕_문장]: 친구를 배려하는 것은 어떠한가?	<분류>1</분류> <판단>바람직하다</판단>
[도덕_문장]: 손님의 불만을 모른 체 하는 것은 정당하지 않은 행동인가?	<분류>-1</분류> <판단>옳지 않다</판단>
[도덕_문장]: 자신의 순서를 무시당해도 감정을 자제하고 함께 가고 싶은 친구를 배려하는 것은 괜찮은가?	<분류>1</분류> <판단>좋다</판단>
[도덕_문장]: 서비스 불만이 있을 때 회사의 규정을 안내받고 그에 따라 진행하는 것은 나쁘지 않은가?	<분류>1</분류> <판단>좋다</판단>
[도덕_문장]: 타인의 소중한 물건을 빌렸을 때 그 물건에 대한 책임감을 가지고 관리하는 것은 정당하지 않은 행동인가?	<분류>1</분류> <판단>옳다</판단>
[도덕_문장]: 자신의 감정을 조절하고 상대방의 조언을 경청하는 것은 어떠한가?	<분류>1</분류> <판단>좋은 관계 유지에 도움이 된다</판단>
[도덕_문장]: 모임에서 다른 사람의 외모를 언급하는 것은 바람직한가?	<분류>-1</분류> <판단>바람직하지 않다</판단>
[도덕_문장]: 동창 관계에서 상대방의 과거에 대해 당사자의 요청이 있을 때만 언급하는 것은 의무인가?	<분류>1</분류> <판단>해야 한다</판단>
[도덕_문장]: 다른 사람들 앞에서 불편한 일을 겪었을 때 바로 대응하기보다 신중한 태도로 감정을 조절하는 것은 바람직한 행동인가?	<분류>1</분류> <판단>바람직하다</판단>
[도덕_문장]: 자신의 소비 습관을 돌아보고 반성하는 것은 필수적인가?	<분류>1</분류> <판단>필요하다</판단>
[도덕_문장]: 옷을 함부로 버리는 것은 옳은 행동인가?	<분류>-1</분류> <판단>옳지 않다</판단>
[도덕_문장]: 회사에서 재계약 불가를 통보할 때 사유를 구체적으로 설명하는 것은 필수적인가?	<분류>1</분류> <판단>해야 한다</판단>
[도덕_문장]: 회사가 재계약을 거부할 경우 구체적인 이유를 밝히는 것은 어떠한가?	<분류>1</분류> <판단>적절하다</판단>
[도덕_문장]: 회사에서 해고 통보를 하면서 그 이유를 구체적으로 설명해 주는 것은 권장되지 않는가?	<분류>1</분류> <판단>해야 한다</판단>
[도덕_문장]: 회사가 직원을 평가할 때 정당한 근거를 밝히는 것은 의무인가?	<분류>1</분류> <판단>해야 한다</판단>
[도덕_문장]: 회사가 재계약 불가에 대한 이유를 직원에게 명확하게 알려는 것은 의무인가?	<분류>1</분류> <판단>해야 한다</판단>
[도덕_문장]: 재계약 불가 통보를 할 때 구체적인 이유를 명확히 알려주는 것은 나쁘지 않은가?	<분류>1</분류> <판단>좋다</판단>
[도덕_문장]: 쓰레기를 버리는 사람을 직접 제지할 수 없을 때 상황을 감안해 행동을 판단하는 것은 정당한 행동인가?	<분류>1</분류> <판단>옳다</판단>
[도덕_문장]: 공공장소에서 쓰레기를 발견했을 때 쓰레기통을 찾아 버리는 것은 바람직한가?	<분류>1</분류> <판단>적절하다</판단>
[도덕_문장]: 타인의 잘못된 행동을 목격했을 때 가급적 상대방을 존중하는 방식으로 문제를 해결하는 것은 바람직하지 않은가?	<분류>1</분류> <판단>바람직하다</판단>
[도덕_문장]: 면접 준비가 덜 됐더라도 상황에 맞게 최선을 다해 면접 보는 것은 바람직하지 않은가?	<분류>1</분류> <판단>바람직하다</판단>
[도덕_문장]: 동료의 사생활을 침해하는 것은 적절하지 않은가?	<분류>-1</분류> <판단>바람직하지 않다</판단>
[도덕_문장]: 직장에서 개인의 사생활을 함부로 침해하는 것은 문제있는가?	<분류>-1</분류> <판단>안 된다</판단>
[도덕_문장]: 자녀가 부모님에게 떠나고 싶은 자신의 생각을 이야기하는 것은 옳지 않은가?	<분류>1</분류> <판단>옳다.</판단>
[도덕_문장]: 부모가 자녀에게 간섭과 관심을 적절히 조절하는 것은 어떠한가?	<분류>1</분류> <판단>좋다</판단>
[도덕_문장]: 식당의 위생에 신경 쓰는 것은 잘못된 행동인가?	<분류>1</분류> <판단>옳다</판단>
[도덕_문장]: 약속을 취소하고 싶은 상황에서 상대방에게 미리 양해를 구하는 것은 좋지 않은 행동인가?	<분류>1</분류> <판단>좋다</판단>
[도덕_문장]: 본인이 약속을 지키는 것은 좋은가?	<분류>1</분류> <판단>좋다</판단>
[도덕_문장]: 계획이 변경되어도 서로 협의해 나가는 것은 적절하지 않은가?	<분류>1</분류> <판단>바람직하다</판단>
[도덕_문장]: 약속을 취소하고 상대방에게 사과하는 것은 괜찮지 않은가?	<분류>1</분류> <판단>좋다</판단>
[도덕_문장]: 가구나 물건을 계속 주워오는 것은 괜찮지 않은가?	<분류>-1</분류> <판단>좋지 않다</판단>
[도덕_문장]: 배우자에게 부탁을 할 때 상대방의 생활 공간의 위생과 안전을 해치지 않도록 배려하는 것은 바람직하지 않은 행동인가?	<분류>1</분류> <판단>바람직하다</판단>
[도덕_문장]: 집안의 중요한 일로 불편함이 있는 가족 구성원이 있을 때 서로의 상황을 이해하려고 노력하는 것은 의무인가?	<분류>1</분류> <판단>해야 한다</판단>
[도덕_문장]: 가족과의 조화를 위해 나의 불편함을 표현하는 것은 바람직한가?	<분류>1</분류> <판단>바람직하다</판단>
[도덕_문장]: 가족이 힘든 상황을 겪을 때 배려하는 것은 나쁘지 않은 행동인가?	<분류>1</분류> <판단>좋다</판단>
[도덕_문장]: 가족 간의 갈등이 생겼을 때 대화를 통해 해결하려는 것은 정당하지 않은 행동인가?	<분류>1</분류> <판단>옳다</판단>
[도덕_문장]: 유산에 대해 다투더라도 상식적인 수준에서 합의하는 것은 적절한가?	<분류>1</분류> <판단>바람직하다</판단>
[도덕_문장]: 개인적인 불행을 상대의 책임으로 돌리는 것은 바람직하지 않은가?	<분류>-1</분류> <판단>바람직하지 않다</판단>
[도덕_문장]: 잘못된 상황이 아닌 일을 당했을 때 화를 내는 것은 해도 되는가?	<분류>0</분류> <판단>할 수 있다</판단>
[도덕_문장]: 사고가 발생했을 때 안전을 이유로 모르는 척하는 것은 어떠한가?	<분류>-1</분류> <판단>문제 있다</판단>
[도덕_문장]: 병원이 환자에게 의료 비용에 대해 사전 설명을 철저히 하는 것은 필수적인가?	<분류>1</분류> <판단>해야 한다</판단>
[도덕_문장]: 환자에게 병원비에 대한 충분한 설명을 하는 것은 필수적이지 않은가?	<분류>1</분류> <판단>해야 한다</판단>
[도덕_문장]: 문제가 발생했을 때 상대에게 대화를 요청하는 것은 바람직한가?	<분류>1</분류> <판단>바람직하다</판단>
[도덕_문장]: 의료기관이 환자에게 자신의 비용 부담 범위를 상세히 안내하는 것은 의무인가?	<분류>1</분류> <판단>해야 한다</판단>
[도덕_문장]: 의료기관이 의료 서비스를 제공하기 전 환자에게 예상 비용을 충분히 설명하는 것은 필수적인가?	<분류>1</분류> <판단>해야 한다</판단>
[도덕_문장]: 병원이 환자에게 사전고지를 하는 것은 의무인가?	<분류>1</분류> <판단>해야 한다</판단>
[도덕_문장]: 운전 강사가 호통을 치는 것은 바람직한가?	<분류>-1</분류> <판단>바람직하지 않다</판단>
[도덕_문장]: 강사가 운전 학원에서 학생들을 호통치는 것은 옳은가?	<분류>-1</분류> <판단>옳지 않다</판단>
[도덕_문장]: 동생의 행동에 실망하더라도 서로의 개인적인 영역을 존중하기 위해 노력하는 것은 권장되는가?	<분류>1</분류> <판단>해야 한다</판단>
[도덕_문장]: 타인의 신체와 사생활을 허락없이 공개하는 것은 잘못된 행동인가?	<분류>-1</분류> <판단>옳지 않다</판단>
[도덕_문장]: 사적인 일로 화를 낼 때 상대의 마음을 이해하는 태도를 갖는 것은 어떠한가?	<분류>1</분류> <판단>필요하다</판단>
[도덕_문장]: 결혼 생활에서 상대방과 소통으로 갈등을 풀어나가는 것은 어떠한가?	<분류>1</분류> <판단>좋다</판단>
[도덕_문장]: 회사 주차장 문제를 개인의 사비로 해결하라고 말하는 것은 적절하지 않은가?	<분류>-1</분류> <판단>바람직하지 않다</판단>
[도덕_문장]: 업무와 관련된 문제가 개인의 사비로 해결될 경우, 회사에 개선을 요청하는 것은 의무인가?	<분류>1</분류> <판단>권리가 있다</판단>
[도덕_문장]: 회사가 필요할 때만 직원에게 개인 사비로 비용을 해결하라고 강요하는 것은 적절한가?	<분류>-1</분류> <판단>바람직하지 않다</판단>
[도덕_문장]: 회사에서 직원들이 일하기 편하게 주차장을 충분히 확보해주는 것은 해도 되는가?	<분류>1</분류> <판단>해야 한다</판단>
[도덕_문장]: 회사의 비용 부담을 개인의 사비로 전가하는 것은 잘못된 행동인가?	<분류>-1</분류> <판단>옳지 않다</판단>
[도덕_문장]: 회사가 직원에게 비용을 요구할 때 적절한 절차를 통해 협의를 진행하는 것은 필수적인가?	<분류>1</분류> <판단>해야 한다</판단>
[도덕_문장]: 問題解決を提案した友人に対して即座に反応しないこと은 어떠한가?	<분류>0</분류> <판단>よい</판단>
[도덕_문장]: 타인의 제안을 받아들이기 전에 자신의 여건을 고려해 판단하는 것은 바람직한가?	<분류>0</분류> <판단>바람직하다</판단>
[도덕_문장]: 직장에서 직원들에게 성희롱을 하는 것은 나쁘지 않은가?	<분류>-1</분류> <판단>나쁜 행동이다</판단>
[도덕_문장]: 직장에서 불쾌한 상황에 직면했을 때 적절한 조치를 취하는 것은 적절하지 않은가?	<분류>1</분류> <판단>바람직하다</판단>
[도덕_문장]: 직장에서 불쾌한 언어나 성희롱을 경험했을 때 즉시 중단을 요청하고, 그에 따른 문제를 회사에 정식으로 신고하는 것은 권장되는가?	<분류>1</분류> <판단>해야 한다</판단>
[도덕_문장]: 치료를 위해 필요한 식단 조절을 하더라도 스트레스가 많지 않도록 가족과 함께 이야기를 나누는 것은 좋은가?	<분류>1</분류> <판단>좋다.</판단>
[도덕_문장]: 항암 치료를 위해 식사 조절을 어려워하더라도 극단적인 선택보다 조절을 통해 균형을 맞추는 것은 적절한가?	<분류>1</분류> <판단>바람직하다</판단>
[도덕_문장]: 약속을 할 때 상대방이 오해하지 않도록 명확하게 의사를 표현하는 것은 좋지 않은 행동인가?	<분류>1</분류> <판단>좋다</판단>
[도덕_문장]: 상대방에게 오해를 불러일으킬 만한 모호한 표현을 피하는 것은 괜찮지 않은가?	<분류>1</분류> <판단>좋다</판단>
[도덕_문장]: 서비스 지연 시 개인적 상황과 경험이 감정에 영향을 미칠 수 있다는 점을 인지하는 것은 필수적인가?	<분류>1</분류> <판단>해야 한다</판단>
[도덕_문장]: 유명한 곳이더라도 업무 처리에 대한 기대치를 합리적으로 판단하는 것은 권장되지 않는가?	<분류>1</분류> <판단>해야 한다</판단>
[도덕_문장]: 업무 처리 과정에서 실수가 발생하더라도 진심으로 사과하는 것은 옳지 않은 행동인가?	<분류>1</분류> <판단>옳다</판단>
[도덕_문장]: 병원이 개인의 일정을 지키지 않은 책임을 인정하는 것은 좋지 않은 행동인가?	<분류>1</분류> <판단>좋다</판단>
[도덕_문장]: 실수를 했을 때 진심으로 사과하는 것은 하면 안 되는가?	<분류>1</분류> <판단>해야 한다</판단>
[도덕_문장]: 직장 동료들 앞에서 부당한 대우를 하는 것은 옳지 않은가?	<분류>-1</분류> <판단>옳지 않다</판단>
[도덕_문장]: 동료들이 보는 앞에서 동료에게 비난하는 것은 바람직한가?	<분류>-1</분류> <판단>바람직하지 않다</판단>
[도덕_문장]: 회사에서 개인적인 불편함을 직원의 책임으로만 돌리는 것은 어떠한가?	<분류>-1</분류> <판단>바람직하지 않다</판단>
[도덕_문장]: 부하직원이 업무를 제대로 수행하지 않을 때 그 이유를 알아내는 것은 해도 되는가?	<분류>1</분류> <판단>해야 한다</판단>
[도덕_문장]: 직장에서 자신의 업무를 정해진 마감시간까지 모두 마무리하는 것은 어떠한가?	<분류>1</분류> <판단>바람직하다</판단>
[도덕_문장]: 의료진의 부적절한 행동으로 의심될 경우 문제를 제기하는 것은 필수적이지 않은가?	<분류>1</분류> <판단>해야 한다</판단>
[도덕_문장]: 신생아를 한 손으로 대충 들고 분유를 먹이거나 다른 조치를 하는 것은 바람직하지 않은가?	<분류>-1</분류> <판단>적절하지 않다</판단>
[도덕_문장]: 신생아를 보육하는 시설의 직원에게 신생아를 대하는 방식에 대해 의견을 전달하는 것은 일반적이지 않은가?	<분류>1</분류> <판단>할 수 있다</판단>
[도덕_문장]: 중요한 발표일에 개인적인 불편사항보다 업무의 성공을 우선적으로 고려하는 것은 필수적인가?	<분류>1</분류> <판단>필요하다</판단>
[도덕_문장]: 개인적인 사정이 있을 경우 미리 연락을 하여 양해를 구하는 것은 좋지 않은 행동인가?	<분류>1</분류> <판단>좋다</판단>
[도덕_문장]: 직장에서 중요한 발표가 있을 때 미리 충분한 휴식과 준비를 해서 최상의 상태를 유지하는 것은 바람직한가?	<분류>1</분류> <판단>바람직하다</판단>
[도덕_문장]: 배우자와 합의한 규칙을 어겼을 때 상대방의 기분을 고려하고 사실대로 이야기하는 것은 나쁜 행동인가?	<분류>1</분류> <판단>좋다</판단>
[도덕_문장]: 부모가 자녀의 성향과 행동을 수용하면서 자녀에게 올바른 가치관을 알려주는 것은 어떠한가?	<분류>1</분류> <판단>되어야 한다</판단>
[도덕_문장]: 가족 구성원이 서로에게 어려움을 털어놓을 수 있는 환경을 조성하는 것은 바람직하지 않은 행동인가?	<분류>1</분류> <판단>바람직하다</판단>
[도덕_문장]: 아이를 양육하는 것은 어떠한가?	<분류>1</분류> <판단>사회적, 가정적 책임이 함께 공존한다</판단>
[도덕_문장]: 입사한지 얼마 안된 신입사원에게 업무 지침을 구체적으로 전달하고 적응을 돕는 것은 어떠한가?	<분류>1</분류> <판단>해야 한다</판단>
[도덕_문장]: 집안일에 대한 공정한 분담이 이루어지지 않을 경우 다른 구성원과 문제를 공유하고 필요한 경우 적절한 해결책을 모색하는 것은 잘못된 행동인가?	<분류>1</분류> <판단>옳다.</판단>
[도덕_문장]: 가사 분담을 일방적으로 맡았을 때 자신의 시간과 노력을 인정받는 것은 의무가 아닌가?	<분류>1</분류> <판단>권리가 있다</판단>
[도덕_문장]: 가사 분담을 제대로 해주지 않는 것은 나쁘지 않은 행동인가?	<분류>-1</분류> <판단>나쁘다</판단>
[도덕_문장]: 아는 사람을 속여서 물건을 파는 것은 어떠한가?	<분류>-1</분류> <판단>옳지 않다</판단>
[도덕_문장]: 타인에게 피해를 주는 것은 정당하지 않은 행동인가?	<분류>-1</분류> <판단>옳지 않다</판단>
[도덕_문장]: 회사에서 주어진 기회를 신중하게 판단하는 것은 어떠한가?	<분류>0</분류> <판단>당연하다</판단>
[도덕_문장]: 친구의 잘못된 정보를 일방적으로 우기는 것은 바람직한가?	<분류>-1</분류> <판단>적절하지 않다</판단>
[도덕_문장]: 친구를 도와줘야 하는 상황에서도 자신의 상황을 고려해 갚을 수 있는 범위 내에서만 도움을 주도록 요청하는 것은 어떠한가?	<분류>1</분류> <판단>옳다</판단>
[도덕_문장]: 물가가 오르면 가격이 더 저렴한 대안을 찾는 것은 바람직한가?	<분류>1</분류> <판단>바람직한 행동이다</판단>
[도덕_문장]: 생활 여건에 따라 선택을 조정하는 것은 어떠한가?	<분류>0</분류> <판단>현명하다</판단>
[도덕_문장]: 물가 상승을 감안해 식비를 조절하는 것은 좋지 않은가?	<분류>1</분류> <판단>좋다</판단>
[도덕_문장]: 남편이 육아의 책임을 회피하는 것은 어떠한가?	<분류>-1</분류> <판단>안 되다</판단>
[도덕_문장]: 다른 사람과 함께 하는 시간에 연인에 대한 거짓말을 하는 것은 어떠한가?	<분류>-1</분류> <판단>바람직하지 않다</판단>
[도덕_문장]: 연인 사이에 신뢰가 깨졌을 때 관계를 재정립하거나 관계를 정리하는 것은 필요하지 않은가?	<분류>1</분류> <판단>필요하다</판단>
[도덕_문장]: 성인이 된 자녀가 늦은 귀가에 대해 부모님께 먼저 연락하는 것은 권장되는가?	<분류>1</분류> <판단>해야 한다</판단>
[도덕_문장]: 자녀가 늦게 들어오더라도 연락을 하는 것은 적절한가?	<분류>1</분류> <판단>바람직하다</판단>
[도덕_문장]: 부당한 행위에 대한 신고를 하는 것은 정당하지 않은 행동인가?	<분류>1</분류> <판단>정당한 행동이다</판단>
[도덕_문장]: 정당한 사유 없이 퇴직금을 지급하지 않는 것은 잘못된 행동인가?	<분류>-1</분류> <판단>옳지 않다</판단>
[도덕_문장]: 퇴사 처리가 원활히 진행되지 않는 경우 고용노동부에 신고하는 것은 좋은가?	<분류>1</분류> <판단>좋다</판단>
[도덕_문장]: 회사가 퇴직금 지급에 대한 의무를 성실히 이행하는 것은 하면 안 되는가?	<분류>1</분류> <판단>해야 한다</판단>
[도덕_문장]: 휴대폰에 저장된 중요한 사진을 별도로 백업해 놓는 것은 바람직하지 않은 행동인가?	<분류>1</분류> <판단>바람직하다</판단>
[도덕_문장]: 부모의 입장에서 자식을 보호하려는 노력을 이해하고 스스로의 선택을 존중하는 것은 좋은 행동인가?	<분류>1</분류> <판단>좋다</판단>
[도덕_문장]: 자녀의 관계에 대해 조언을 하는 것은 문제없는가?	<분류>1</분류> <판단>할 수 있다</판단>
[도덕_문장]: 공공장소에서 주변 사람들에게 피해가 가지 않도록 소음을 줄이는 것은 바람직하지 않은 행동인가?	<분류>1</분류> <판단>바람직하다</판단>
[도덕_문장]: 공공시설을 이용 규칙에 따라 타인에게 방해가 되지 않게 이용하는 것은 옳은가?	<분류>1</분류> <판단>옳다</판단>
[도덕_문장]: 동료들과 함께 있을 때, 자신의 불편함으로 인해 다른 사람들이 불편해질 것을 우려하는 것은 의무인가?	<분류>1</분류> <판단>존중받아야 한다</판단>
[도덕_문장]: 자신의 신체적 불편함을 이해하면서도 그 불편함이 공동 공간에서의 상호작용에 부정적인 영향을 미치지 않도록 배려하는 것은 바람직하지 않은가?	<분류>1</분류> <판단>바람직하다</판단>
[도덕_문장]: 개인적인 문제 때문에 불편함을 느낄 때 주변 사람들에게 상황을 설명하고 이해를 구하는 것은 좋지 않은 행동인가?	<분류>1</분류> <판단>좋다</판단>
[도덕_문장]: 자신의 상태가 불편하더라도 공공장소에서 타인에게 불편을 주지 않도록 적절한 조치를 취하는 것은 적절한가?	<분류>1</분류> <판단>바람직하다</판단>
[도덕_문장]: 면접 과정에서 내정자를 지정하여 공정성을 훼손하는 것은 어떠한가?	<분류>-1</분류> <판단>옳지 않다</판단>
[도덕_문장]: 상대방의 의사에 반해 신체적 접촉을 요구하거나 불쾌한 접촉을 시도하는 것은 옳은 행동인가?	<분류>-1</분류> <판단>옳지 않다</판단>
[도덕_문장]: 알바생이 직장을 그만두면서 말없이 잠수를 타는 것은 바람직하지 않은가?	<분류>-1</분류> <판단>바람직하지 않다</판단>
[도덕_문장]: 층간소음에 신경 써서 생활하는 것은 적절하지 않은가?	<분류>1</분류> <판단>바람직하다</판단>
[도덕_문장]: 자신의 생활 방식과 가치관이 타인과 충돌할 때, 감정적인 반응보다 상황에 대한 객관적인 판단과 이해를 시도하는 것은 필수적인가?	<분류>1</분류> <판단>필요하다</판단>
[도덕_문장]: 층간소음 민원이 접수된 경우 사실 확인을 하는 것은 적절하지 않은가?	<분류>1</분류> <판단>바람직하다</판단>
[도덕_문장]: 층간소음 문제로 억울한 상황이 생겼을 때 감정적으로 대응하기보다 침착하게 상황을 판단하는 것은 필수적이지 않은가?	<분류>1</분류> <판단>필요하다</판단>
[도덕_문장]: 갈등 상황에 직면했을 때 자신의 감정을 차분하게 정리하고 대화를 통해 해결하려는 자세를 갖는 것은 필요하지 않은가?	<분류>1</분류> <판단>중요하다</판단>
[도덕_문장]: 층간소음 문제로 억울한 마음을 가졌을 때 타인에게 화풀이 하지 않고 상황을 객관적으로 바라보는 것은 바람직하지 않은가?	<분류>1</분류> <판단>바람직하다</판단>
[도덕_문장]: 층간소음으로 인한 갈등 상황에서 오해나 착각이 있을 수 있음을 인지하고 상황을 먼저 확인하는 것은 어떠한가?	<분류>1</분류> <판단>가져야 한다</판단>
[도덕_문장]: 과제를 수행하는 데 있어 개인의 참여에 대한 책임을 회피하는 것은 어떠한가?	<분류>-1</분류> <판단>안 되다</판단>
[도덕_문장]: 가족과의 여행에서 함께 의사결정을 하는 것은 권장되지 않는가?	<분류>1</분류> <판단>해야 한다</판단>
[도덕_문장]: 부부 간의 사적인 대화를 각자의 의견과 감정이 충분히 존중되는 방식으로 진행하는 것은 어떠한가?	<분류>1</분류> <판단>되어야 한다</판단>
[도덕_문장]: 자녀들이 있는 가정에서 여행이나 중요한 결정을 할 때 가족 구성원 모두와 논의하여 결정하는 것은 어떠한가?	<분류>1</분류> <판단>해야 한다</판단>
[도덕_문장]: 가족여행에 대한 의견이 분분할 때 아이들을 생각해 대화를 통해 해결하는 것은 어떠한가?	<분류>1</분류> <판단>바람직하다</판단>
[도덕_문장]: 타인이 자신의 의도를 왜곡해서 받아들여도 이해해주는 것은 괜찮지 않은가?	<분류>1</분류> <판단>좋다</판단>
[도덕_문장]: 상대의 말이 불쾌할 때 적절한 표현을 찾아 대응하는 것은 괜찮은가?	<분류>1</분류> <판단>좋다</판단>
[도덕_문장]: 자신이 한 말이나 행동으로 상대방에게 불쾌감을 주었을 때 즉시 사과하는 것은 나쁘지 않은가?	<분류>1</분류> <판단>좋다</판단>
[도덕_문장]: 타인에게 혈액형과 같은 개인 정보를 함부로 물어보는 것은 문제있는가?	<분류>-1</분류> <판단>안 된다</판단>
[도덕_문장]: 상대의 의도를 오해했더라도 상대를 비난하기보다 대화로 해결하려는 것은 필수적이지 않은가?	<분류>1</분류> <판단>필요하다</판단>
[도덕_문장]: 혈액형과 성격을 이용해 개인의 성격을 단정하는 근거로 사용하는 것은 나쁘지 않은 행동인가?	<분류>0</분류> <판단>좋지 않다</판단>
[도덕_문장]: 다른 사람이 직장에서 불편한 상황에 처해 있을 때 상황을 개선할 방법을 찾는 것은 적절하지 않은가?	<분류>1</분류> <판단>바람직하다</판단>
[도덕_문장]: 연인 사이에서 상대방의 사생활을 존중하는 것은 옳은가?	<분류>1</분류> <판단>옳다</판단>
[도덕_문장]: 연인이 상대방의 핸드폰을 확인하는 것은 어떠한가?	<분류>-1</분류> <판단>안 되다</판단>
[도덕_문장]: 예약 변경을 원할 때 미리 연락하는 것은 좋지 않은 행동인가?	<분류>1</분류> <판단>좋다</판단>
[도덕_문장]: 타인에게 직접적인 피해를 주지 않고 자신의 취향과 상황에 따라 예약을 취소하는 것은 바람직한 행동인가?	<분류>0</분류> <판단>바람직하다</판단>
[도덕_문장]: 예약 시간을 변경하거나 취소할 경우 가능한 빠른 연락을 하는 것은 좋은가?	<분류>1</분류> <판단>좋다</판단>
[도덕_문장]: 가족 구성원에게 도움을 요청할 때 서로의 상황을 고려하여 예의 바르게 요청하는 것은 어떠한가?	<분류>1</분류> <판단>해야 한다</판단>
[도덕_문장]: 다른 가족 구성원에게 부탁을 할 때 미안하더라도 자신의 상황을 진솔하게 설명하는 것은 바람직한 행동인가?	<분류>1</분류> <판단>바람직하다</판단>
[도덕_문장]: 건강과 관련된 결정을 할 때 의사의 권고를 존중하는 태도를 유지하는 것은 잘못된 행동인가?	<분류>1</분류> <판단>옳다</판단>
[도덕_문장]: 친구와 갈등 상황이 생겼을 때 차분하게 소통하는 것은 어떠한가?	<분류>1</분류> <판단>바람직하다</판단>
[도덕_문장]: 상품을 수령하기 전에 상품의 상태를 확인하고 문제가 있을 경우 적절한 대처를 요구하는 것은 정당한 행동인가?	<분류>1</분류> <판단>정당하다</판단>
[도덕_문장]: 늦잠을 자는 것은 어떠한가?	<분류>0</분류> <판단>나쁜 행동이 아니다</판단>
[도덕_문장]: 서비스 요청이 원활하지 않을 때 개인적인 감정보다는 해결 방법을 먼저 찾는 것은 나쁜 행동인가?	<분류>1</분류> <판단>좋다</판단>
[도덕_문장]: 자신의 건강을 위해 행동을 멈추거나 바꾸는 것은 좋은가?	<분류>0</분류> <판단>나쁘지 않다</판단>
[도덕_문장]: 단기간에 변화를 보지 못하더라도 꾸준히 노력하는 것은 적절하지 않은가?	<분류>1</분류> <판단>바람직하다</판단>
[도덕_문장]: 체중 관리를 개인의 자율적인 판단에 맡기는 것은 적절한가?	<분류>1</분류> <판단>적절하다</판단>
[도덕_문장]: 금전적 의무를 이행하지 않은 사람을 법적으로 대응하는 것은 일반적인가?	<분류>0</분류> <판단>할 수 있다</판단>
[도덕_문장]: 법적 조치를 취하면서 임차인에게 경제적 타격을 최소화하는 것은 옳지 않은 행동인가?	<분류>1</분류> <판단>옳다</판단>
[도덕_문장]: 건물주가 법적 조치를 취할 경우 그 이유를 충분히 설명하는 것은 권장되는가?	<분류>1</분류> <판단>필요하다</판단>
[도덕_문장]: 임차인의 사정이 힘들 때 상황을 조율하는 것은 좋지 않은가?	<분류>1</분류> <판단>좋다</판단>
[도덕_문장]: 남편이 아내의 요리를 존중하는 것은 권장되는가?	<분류>1</분류> <판단>해야 한다</판단>
[도덕_문장]: 아이를 위해 정성을 들인 음식을 아내에게 강요하는 것은 정당하지 않은 행동인가?	<분류>-1</분류> <판단>옳지 않다</판단>
[도덕_문장]: 본인의 체질과 한계를 인정하고 상황에 맞는 다른 방법으로 스트레스를 해소하려는 것은 옳은가?	<분류>1</분류> <판단>옳다</판단>
[도덕_문장]: 자신의 체질과 취향을 존중하는 것은 의무인가?	<분류>1</분류> <판단>해야 한다</판단>
[도덕_문장]: 배우자가 불만을 표시하는 것을 이해하는 것은 권장되는가?	<분류>1</분류> <판단>해야 한다</판단>
[도덕_문장]: 자신의 건강을 고려하지 않고 무리하게 행동하는 것은 바람직하지 않은 행동인가?	<분류>-1</분류> <판단>바람직하지 않다</판단>
[도덕_문장]: 배우자와 갈등이 있으면 배우자의 입장을 이해하고 대화로 문제를 해결하려 노력하는 것은 어떠한가?	<분류>1</분류> <판단>해야 한다</판단>
[도덕_문장]: 배우자에게 기분 상한 부분이 있다면 화내기보다 차분하게 자신의 감정을 표현하는 것은 바람직한 행동인가?	<분류>1</분류> <판단>바람직하다</판단>
[도덕_문장]: 가족의 배려와 관계 유지의 중요성을 인지하고, 대화와 소통을 통해 갈등을 해결하려는 태도를 가지는 것은 정당한 행동인가?	<분류>1</분류> <판단>옳다</판단>
[도덕_문장]: 배우자에게 상처를 받았을 때 대화로 해결하는 것은 어떠한가?	<분류>1</분류> <판단>좋다</판단>
[도덕_문장]: 연인과의 문제를 대화를 통해 해결하려 노력하는 것은 의무인가?	<분류>1</분류> <판단>해야 한다</판단>
[도덕_문장]: 남자친구와의 갈등에서 서로의 타협점을 찾는 것은 어떠한가?	<분류>1</분류> <판단>성숙해질 수 있다</판단>
[도덕_문장]: 기념일과 같은 중요한 순간을 계획하지 않는 것은 좋은가?	<분류>-1</분류> <판단>좋지 않다</판단>
[도덕_문장]: 동료 간에 의견이 다를 때 차분하게 대화로 문제를 해결하는 것은 권장되지 않는가?	<분류>1</분류> <판단>해야 한다</판단>
[도덕_문장]: 갈등을 느낄 때 서로의 의도를 존중하면서 대화를 통해 합의점을 찾는 것은 나쁘지 않은 행동인가?	<분류>1</분류> <판단>좋다</판단>
[도덕_문장]: 직장 내 갈등을 차분하게 상대를 존중하는 방식으로 해결하려는 것은 필요한가?	<분류>1</분류> <판단>필요하다</판단>
[도덕_문장]: 친구의 사적인 문제를 함부로 말하지 않는 것은 좋지 않은 행동인가?	<분류>1</분류> <판단>좋다</판단>
[도덕_문장]: 동료의 행동에 대해 불쾌감을 느낄 경우 자신의 의사를 존중하는 방식으로 전달하는 것은 의무가 아닌가?	<분류>1</분류> <판단>해야 한다</판단>
[도덕_문장]: 동료와의 사적인 갈등을 피하고, 갈등 상황이 발생하면 회사의 규정이나 적절한 절차에 따라 해결하려는 것은 옳은가?	<분류>1</분류> <판단>옳다</판단>
[도덕_문장]: 배우자의 역량이 부족하더라도 비난보다는 대안이나 도움을 제시하는 것은 적절한가?	<분류>1</분류> <판단>바람직하다</판단>
[도덕_문장]: 남편이 가정의 구성원으로서 집안일을 하기 힘들다고 솔직하게 이야기하는 것은 해도 되는가?	<분류>1</분류> <판단>해야 한다</판단>
[도덕_문장]: 배우자가 잘못이 있을 때 대화로 개선점을 찾는 것은 바람직한 행동인가?	<분류>1</분류> <판단>바람직하다</판단>
[도덕_문장]: 가족들에게 자신의 불안감을 숨기지 않고 사실을 알려주는 것은 괜찮지 않은가?	<분류>1</분류> <판단>좋다</판단>
[도덕_문장]: 부모가 자녀의 건강을 우선으로 생각하는 것은 좋지 않은 행동인가?	<분류>1</분류> <판단>좋다</판단>
[도덕_문장]: 자신의 적성과 진로에 대해 고민하는 것은 나쁜가?	<분류>1</분류> <판단>좋다</판단>
[도덕_문장]: 타인의 외모에 대한 생각을 무시하고 자신의 선택에 확신을 가지고 있는 것은 의무인가?	<분류>1</분류> <판단>존중받아야 한다</판단>
[도덕_문장]: 자녀가 스트레스를 받는 상황에서 그 이유를 자세히 들어주는 것은 적절하지 않은가?	<분류>1</분류> <판단>바람직하다</판단>
[도덕_문장]: 성인이 된 자식이 고민을 털어놓고 싶을 때 들어주는 것은 좋은 행동인가?	<분류>1</분류> <판단>좋다</판단>
[도덕_문장]: 부모님에게 부담을 주지 않는 선에서 도움을 요청하는 것은 어떠한가?	<분류>1</분류> <판단>바람직하다</판단>
[도덕_문장]: 암의 조기 발견이 중요하다는 사실을 인지하지 못하고, 증상이 있어도 병원을 방문하지 않는 것은 적절한가?	<분류>-1</분류> <판단>바람직하지 않다</판단>
[도덕_문장]: 자신이 공포를 느끼는 것은 괜찮지 않은가?	<분류>0</분류> <판단>괜찮다</판단>
[도덕_문장]: 자녀의 어려움을 인지했을 때 성숙한 태도로 대화를 시도하는 것은 바람직한 행동인가?	<분류>1</분류> <판단>바람직하다</판단>
[도덕_문장]: 자녀의 감정을 이해하고 공감해 주는 것은 적절하지 않은가?	<분류>1</분류> <판단>바람직하다</판단>
[도덕_문장]: 자연분만을 고려할 수 있음에도 제왕절개를 선택하는 것은 어떠한가?	<분류>0</분류> <판단>문제되지 않는다</판단>
[도덕_문장]: 출산과 관련해 갈등이 있을 때 배우자와 충분한 대화를 통해 결정을 내리는 것은 바람직하지 않은가?	<분류>1</분류> <판단>바람직하다</판단>
[도덕_문장]: 출산 시 자신의 몸을 존중하면서도 신중하게 의료 결정을 하는 것은 좋지 않은가?	<분류>0</분류> <판단>좋다</판단>
[도덕_문장]: 의료행위에 대해 개인의 선택을 존중하는 것은 의무인가?	<분류>1</분류> <판단>해야 한다</판단>
[도덕_문장]: 산모가 자신의 선택을 기준으로 출산 방식을 결정하는 것은 의무가 아닌가?	<분류>1</분류> <판단>해야 한다</판단>
[도덕_문장]: 출산을 앞두고 출산 방식에 대한 선택을 신중하게 고려하는 것은 의무가 아닌가?	<분류>1</분류> <판단>해야 한다</판단>
[도덕_문장]: 학원을 선택할 때 아이의 나이와 흥미를 고려하는 것은 정당한 행동인가?	<분류>1</분류> <판단>옳다</판단>
[도덕_문장]: 자신의 발달 속도에 맞춰 자신에게 맞는 선택을 하는 것은 문제가 되는 행동인가?	<분류>1</분류> <판단>괜찮다</판단>
[도덕_문장]: 부모가 자녀의 교육에 대해 불안함을 느끼면 아이의 학업 계획을 잘 살펴보는 것은 어떠한가?	<분류>1</분류> <판단>좋다</판단>
[도덕_문장]: 다른 아이들의 학원을 비교하지 않는 것은 나쁜가?	<분류>1</분류> <판단>좋다</판단>
[도덕_문장]: 건강 관리가 필요한 상황에서 주변의 조언을 참고하고 본인의 상황에 맞는 방법으로 판단하여 실천하는 것은 나쁘지 않은가?	<분류>0</분류> <판단>좋다</판단>
[도덕_문장]: 체중 감량에 대한 불안감이 있더라도 무리하지 않는 범위에서 건강을 유지하기 위해 노력하는 것은 나쁜 행동인가?	<분류>1</분류> <판단>좋다.</판단>
[도덕_문장]: 무릎이 좋지 않을 때 무리한 운동을 하지 않는 것은 바람직하지 않은 행동인가?	<분류>1</분류> <판단>바람직하다</판단>
[도덕_문장]: 의사의 건강 지침에 협조하고 자신의 몸의 한계를 존중하며 의사와 소통하는 것은 어떠한가?	<분류>1</분류> <판단>바람직하다</판단>
[도덕_문장]: 신체 활동이 힘든 상황에서 담당 의료진과 상의하여 대안을 찾는 것은 나쁘지 않은가?	<분류>1</분류> <판단>좋다</판단>
[도덕_문장]: 스트레스 해소를 위해 위생에 좋지 않은 행동을 반복하는 것은 바람직한가?	<분류>-1</분류> <판단>바람직하지 않다</판단>
[도덕_문장]: 스트레스 해소를 위해 몸에 해롭거나 잘못된 방법을 선택하는 것은 어떠한가?	<분류>-1</분류> <판단>안 되다</판단>
[도덕_문장]: 스트레스 해소를 위해 건강에 해로운 행동을 반복하는 것은 좋은 행동인가?	<분류>-1</분류> <판단>좋지 않다</판단>
[도덕_문장]: 면접자의 말을 주의 깊게 듣고, 이해가 가지 않을 경우 물어보는 것은 옳은 행동인가?	<분류>1</분류> <판단>옳다</판단>
[도덕_문장]: 면접에서 말이 너무 빠르다고 지적받았을 때 자신의 말 속도를 조절하려고 노력하는 것은 좋은가?	<분류>1</분류> <판단>좋다</판단>
[도덕_문장]: 면접에서 면접관이 이해할 수 있는 속도로 말하는 것은 괜찮지 않은가?	<분류>1</분류> <판단>좋다</판단>
[도덕_문장]: 시험 난이도에 불만이 있을 때 공식적으로 이의를 제기하는 것은 어떠한가?	<분류>1</분류> <판단>할 수 있다</판단>
[도덕_문장]: 잘못을 인정하는 것은 바람직한가?	<분류>1</분류> <판단>바람직하다</판단>
[도덕_문장]: 회사에서 발생한 문제를 회피하지 않고, 문제를 해결하기 위해 정직하게 인정하고 노력하는 것은 의무인가?	<분류>1</분류> <판단>해야 한다</판단>
[도덕_문장]: 직장에서 실수를 솔직하게 인정하고 책임을 지는 것은 바람직하지 않은가?	<분류>1</분류> <판단>바람직하다</판단>
[도덕_문장]: 부모가 자식에게 충분한 지원을 해주지 못해 죄책감을 느끼는 것은 어떠한가?	<분류>0</분류> <판단>이해된다</판단>
[도덕_문장]: 자녀의 성장 가능성을 인정하고 가정 여건에 맞게 최선을 다하는 것은 바람직하지 않은가?	<분류>1</분류> <판단>바람직하다</판단>
[도덕_문장]: 불안감이 느껴질 때 회피하지 않고 직면하려는 것은 정당한 행동인가?	<분류>1</분류> <판단>옳다</판단>
[도덕_문장]: 자신의 상태를 이해하고 적절하게 조치하는 것은 어떠한가?	<분류>1</분류> <판단>바람직하다</판단>
[도덕_문장]: 불안 증상이 나타날 때 적절한 대처를 하는 것은 의무가 아닌가?	<분류>1</분류> <판단>해야 한다</판단>
[도덕_문장]: 자녀가 아픈 증상을 보일 때 자녀가 말하는 것을 믿는 것은 바람직한가?	<분류>1</분류> <판단>바람직하다</판단>
[도덕_문장]: 자녀의 건강 상태를 확인하고 필요한 경우 적극적인 조치를 취하는 것은 적절한가?	<분류>1</분류> <판단>바람직하다</판단>
[도덕_문장]: 가족에게 증상이 있을 경우 솔직하게 말하는 것은 바람직한가?	<분류>1</분류> <판단>바람직하다</판단>
[도덕_문장]: 자녀가 어려움을 이야기할 때 진지하게 들어주는 것은 필수적인가?	<분류>1</분류> <판단>해야 한다</판단>
[도덕_문장]: 자녀가 건강 문제를 겪을 때 적절한 조치를 취하는 것은 하면 안 되는가?	<분류>1</분류> <판단>해야 한다</판단>
[도덕_문장]: 집에 바퀴벌레가 나타났을 때 방역 서비스를 이용하는 것은 권장되지 않는가?	<분류>1</분류> <판단>해야 한다</판단>
[도덕_문장]: 가족 내 문제 해결 시 서로의 노력과 상황을 존중하는 자세를 가지는 것은 어떠한가?	<분류>1</분류> <판단>가져야 한다</판단>
[도덕_문장]: 할머니의 재정적 부담을 배려하는 것은 필수적이지 않은가?	<분류>1</분류> <판단>해야 한다</판단>
[도덕_문장]: 방역 서비스를 이용할 때 비용을 고려해 요청하는 것은 옳은가?	<분류>1</분류> <판단>문제 없다</판단>
[도덕_문장]: 가족 내에서 서로의 부담을 나누고 배려하는 것은 좋은 행동인가?	<분류>1</분류> <판단>좋다</판단>
[도덕_문장]: 자신의 외모를 바꾸기로 결정하고, 그 선택을 부모님과 친구들과 충분히 상의하고 고민하는 것은 적절한가?	<분류>1</분류> <판단>바람직하다</판단>
[도덕_문장]: 가족의 경제적 상황을 고려해 신중하게 소비를 결정하는 것은 바람직한 행동인가?	<분류>1</분류> <판단>바람직하다</판단>
[도덕_문장]: 가족에 대한 경제적 책임을 인정하고, 현재의 소비와 미래의 가치를 함께 고려하는 태도를 가지는 것은 권장되는가?	<분류>1</분류> <판단>가져야 한다</판단>
[도덕_문장]: 자신의 필요와 상황에 맞게 소비를 결정하는 것은 바람직한 행동인가?	<분류>0</분류> <판단>바람직하다</판단>
[도덕_문장]: 가족이 개인의 건강을 고려해 말하는 것은 문제가 되는 행동인가?	<분류>1</분류> <판단>괜찮다</판단>
[도덕_문장]: 자녀의 성장과 정서 발달을 고려해 적절한 규칙을 설정하는 것은 필수적인가?	<분류>1</분류> <판단>필요하다</판단>
[도덕_문장]: 자녀의 생활 영역을 존중하고 함께 합의하는 방식으로 규칙을 정하는 것은 의무인가?	<분류>1</분류> <판단>해야 한다</판단>
[도덕_문장]: 부모가 자녀의 생활을 일방적으로 통제하기보다 대화를 통해 합의점을 찾는 것은 적절하지 않은가?	<분류>1</분류> <판단>바람직하다</판단>
[도덕_문장]: 자녀와 관련된 갈등이나 문제를 대화를 통해 풀어나가는 것은 나쁜가?	<분류>1</분류> <판단>좋다</판단>
[도덕_문장]: 자녀의 스마트폰 게임을 제한하는 것은 어떠한가?	<분류>0</분류> <판단>정당한 권리이다</판단>
[도덕_문장]: 업무에서 발생한 실수를 숨기려는 것은 바람직한가?	<분류>-1</분류> <판단>바람직하지 않다</판단>
[도덕_문장]: 직장에서 실수 발생 시 사실대로 보고하는 것은 필수적인가?	<분류>1</분류> <판단>해야 한다</판단>
[도덕_문장]: 잘못을 인지했을 경우 이를 숨기지 않고 보고하는 것은 어떠한가?	<분류>1</분류> <판단>옳다</판단>
[도덕_문장]: 승부욕이 강해서 타인을 무례하게 대하는 것은 옳지 않은 행동인가?	<분류>-1</분류> <판단>옳지 않다</판단>
[도덕_문장]: 아이가 갈등을 겪을 때 대화를 통해 상황을 파악하고 적절한 조언을 해주는 것은 어떠한가?	<분류>1</분류> <판단>바람직하다</판단>
[도덕_문장]: 친구와 다투었을 때 감정적으로 대응하는 것은 나쁘지 않은가?	<분류>-1</분류> <판단>좋지 않다</판단>
[도덕_문장]: 이직을 준비하더라도 회사와 동료에게 예의를 지키며 업무에 집중하는 것은 어떠한가?	<분류>1</분류> <판단>바람직하다</판단>
[도덕_문장]: 개인의 사생활을 비밀로 유지하는 것은 바람직한가?	<분류>1</분류> <판단>바람직하다</판단>
[도덕_문장]: 자녀가 우울해할 때 적절한 조언이나 위로를 건내는 것은 필요하지 않은가?	<분류>1</분류> <판단>필요하다</판단>
[도덕_문장]: 자녀의 연애 경험에 대한 의견을 강요하지 않는 것은 적절하지 않은가?	<분류>1</분류> <판단>바람직하다</판단>
[도덕_문장]: 계획된 일정에 차질이 생겼을 때 솔직하게 상황을 설명하고 양해를 구하는 것은 옳은 행동인가?	<분류>1</분류> <판단>옳다</판단>
[도덕_문장]: 글램핑 준비로 인해 곤란함을 겪는 상황에서 미리 상황을 전달하고 도움을 요청하는 것은 나쁜가?	<분류>1</분류> <판단>좋다</판단>
[도덕_문장]: 친구들의 재촉에 솔직하게 상황을 전달하는 것은 좋지 않은 행동인가?	<분류>1</분류> <판단>좋다</판단>
[도덕_문장]: 맡은 역할이 늦어져 재촉을 받더라도 솔직하게 상황을 전달하는 것은 바람직하지 않은 행동인가?	<분류>1</분류> <판단>바람직하다</판단>
[도덕_문장]: 글램핑이나 여행에서 각자 맡은 역할을 책임 있게 수행하는 것은 어떠한가?	<분류>1</분류> <판단>좋다</판단>
[도덕_문장]: 버스 안에서 멀미가 나서 불편한 상황에서 다른 사람에게 피해를 주지 않도록 주의하는 것은 바람직하지 않은 행동인가?	<분류>1</분류> <판단>바람직하다</판단>
[도덕_문장]: 대중교통에서 타인에게 불편을 주는 상황을 최소화하기 위해 배려하는 것은 필요한가?	<분류>1</분류> <판단>필요하다</판단>
[도덕_문장]: 자녀의 중요한 순간에 함께하지 못할 상황이라면 자녀에게 상황을 자세히 설명하는 것은 나쁘지 않은 행동인가?	<분류>1</분류> <판단>좋다</판단>
[도덕_문장]: 자녀의 결정을 존중하는 것은 나쁜 행동인가?	<분류>1</분류> <판단>좋다</판단>
[도덕_문장]: 자녀의 결혼으로 마음이 복잡해졌을 때 감정을 솔직하게 말하는 것은 문제가 되는 행동인가?	<분류>1</분류> <판단>괜찮다</판단>
[도덕_문장]: 가족 구성원의 결정을 존중하고 조언과 우려를 조심스럽게 표현하는 것은 바람직하지 않은 행동인가?	<분류>1</분류> <판단>바람직하다</판단>
[도덕_문장]: 자식의 일은 잘 모르더라도 부모로서 판단하려 노력하는 것은 나쁘지 않은가?	<분류>1</분류> <판단>좋다</판단>
[도덕_문장]: 부모가 자녀의 국적 결정 과정에 개입하고 지원하는 것은 의무가 아닌가?	<분류>1</분류> <판단>해야 한다</판단>
[도덕_문장]: 상처를 받았을 때 자신의 감정을 차분하게 정리하며 다음 선택을 준비하는 것은 나쁘지 않은 행동인가?	<분류>1</분류> <판단>좋다</판단>
[도덕_문장]: 중고거래시 판매자가 물건의 상태를 정확히 알려주는 것은 옳은가?	<분류>1</분류> <판단>옳다</판단>
[도덕_문장]: 중고 전자제품을 거래할 때 제품 상태에 대해 솔직하게 공유하는 것은 적절하지 않은가?	<분류>1</분류> <판단>적절하다</판단>
[도덕_문장]: 건강이 좋지 않아 집안일에 부담을 줄 경우, 상대방에게 상황을 설명하고 부담을 줄이기 위한 배려나 조치를 요청하는 것은 적절하지 않은가?	<분류>1</분류> <판단>바람직하다</판단>
[도덕_문장]: 자신의 건강 상태를 가족에게 알려주고 도움을 요청하는 것은 어떠한가?	<분류>1</분류> <판단>바람직하다</판단>
[도덕_문장]: 가족의 건강을 위해 필요한 것을 지출하는 것은 어떠한가?	<분류>1</분류> <판단>바람직하다</판단>
[도덕_문장]: 경제적 어려움 속에서도 가족의 건강을 위해 필요한 식재료를 구매하는 것은 바람직하지 않은 행동인가?	<분류>1</분류> <판단>바람직하다</판단>
[도덕_문장]: 가족 구성원의 건강과 관련된 식재료를 구매할 때 건강을 먼저 고려하는 것은 좋은가?	<분류>1</분류> <판단>좋다</판단>
[도덕_문장]: 불편한 일이 발생했을 때 자신의 행동을 상대방이 이해할 수 있도록 소통하는 것은 필수적이지 않은가?	<분류>1</분류> <판단>필요하다</판단>
[도덕_문장]: 부모의 재혼에 반대하는 것은 어떠한가?	<분류>0</분류> <판단>잘못된 행동이 아니다</판단>
[도덕_문장]: 자녀가 부모님의 재혼에 대해 걱정할 수 있다는 점을 이해하는 것은 하면 안 되는가?	<분류>1</분류> <판단>해야 한다.</판단>
[도덕_문장]: 부모가 일정 때문에 가족과 시간을 보내지 못하더라도 이해하는 것은 바람직하지 않은 행동인가?	<분류>1</분류> <판단>바람직하다</판단>
[도덕_문장]: 정당한 사유 없이 임금을 지급하지 않는 것은 바람직하지 않은 행동인가?	<분류>-1</분류> <판단>바람직하지 않다</판단>
[도덕_문장]: 회사가 급여 관련 문제를 직원에게 미리 알려주는 것은 의무가 아닌가?	<분류>1</분류> <판단>해야 한다</판단>
[도덕_문장]: 가족에게 개인 카드를 주는 것은 문제가 되는 행동인가?	<분류>-1</분류> <판단>안 된다</판단>
[도덕_문장]: 개인적으로 부담하기 어려운 상황에서 임대인에게 사정을 설명하는 것은 적절하지 않은가?	<분류>1</분류> <판단>바람직하다</판단>
[도덕_문장]: 월세를 내지 않는 임차인에게 상황을 잘 설명하고 기다리는 것은 좋은가?	<분류>1</분류> <판단>좋은 태도이다</판단>
[도덕_문장]: 자신의 실수로 생긴 문제를 해결하기 위해 노력하는 것은 어떠한가?	<분류>1</분류> <판단>좋다.</판단>
[도덕_문장]: 가게 월세를 내지 못하는 사정이 있을 때 임대인에게 사정을 설명하고 이해를 구하는 것은 바람직한가?	<분류>1</분류> <판단>바람직하다</판단>
[도덕_문장]: 계약 관계에서 상호 존중을 바탕으로 계약 이행을 이행하도록 노력하는 것은 의무가 아닌가?	<분류>1</분류> <판단>해야 한다</판단>
[도덕_문장]: 상대방의 고통을 이해하지 못하고 시간이 해결해 줄 거라며 가볍게 말하는 것은 옳은 행동인가?	<분류>-1</분류> <판단>옳지 않다</판단>
[도덕_문장]: 독서토론 모임에서 책을 읽지 못하더라도 다른 사람들에게 피해를 주지 않는 것은 옳은가?	<분류>0</분류> <판단>괜찮다</판단>
[도덕_문장]: 위험이 예상되는 등산을 포기하는 것은 괜찮은가?	<분류>1</분류> <판단>좋다</판단>
[도덕_문장]: 안전을 위해 등산을 포기하는 것은 옳지 않은 행동인가?	<분류>1</분류> <판단>옳다.</판단>
[도덕_문장]: 운동 목표에 위배되는 간식을 먹은 후 스스로 관리하지 못한 부분을 인정하고, 다음에 더 잘하도록 노력하는 것은 좋은가?	<분류>1</분류> <판단>좋다.</판단>
[도덕_문장]: 자신의 건강을 이유로 작업을 멈출 때, 고객과 솔직하게 소통하여 오해를 방지하는 것은 어떠한가?	<분류>1</분류> <판단>바람직하다</판단>
[도덕_문장]: 아픈 상황에서 무리하지 않고 치료에 집중하는 것은 옳지 않은가?	<분류>1</분류> <판단>옳다</판단>
[도덕_문장]: 연인에게 상대방의 심리적 압박과 불안을 느끼게 하지 않는 것은 좋은 행동인가?	<분류>1</분류> <판단>좋다</판단>
[도덕_문장]: 연인에게 부담을 줄 수 있는 압박이나 재촉을 하는 것은 옳은가?	<분류>-1</분류> <판단>옳지 않다</판단>
[도덕_문장]: 상대방의 속도에 맞는 소통을 하는 것은 의무인가?	<분류>1</분류> <판단>해야 한다</판단>
[도덕_문장]: 결혼을 재촉하는 연인에게 거절하는 것은 문제가 되지 않는가?	<분류>1</분류> <판단>할 수 있다</판단>
[도덕_문장]: 사람마다 결혼에 대한 시기가 다르다는 것을 인정하는 것은 정당한 행동인가?	<분류>1</분류> <판단>옳다</판단>
[도덕_문장]: 자신의 상황에 대한 조급함을 이해하고 공감하면서도 상대방에게 부담을 주지 않도록 자신의 감정을 조절하는 것은 바람직한가?	<분류>1</분류> <판단>바람직하다</판단>
[도덕_문장]: 남들에 비해 자신의 행동을 조심스럽게 결정하는 것은 옳지 않은가?	<분류>1</분류> <판단>옳다.</판단>
[도덕_문장]: 상대방의 선택을 일방적으로 바꾸지 않고 선택의 기한을 강요하지 않는 것은 괜찮은가?	<분류>1</분류> <판단>좋다</판단>
[도덕_문장]: 결婚에 대한 이야기가 필요할 때 대화의 주도권을 상대방에게 넘기는 것은 적절한가?	<분류>1</분류> <판단>바람직하다</판단>
[도덕_문장]: 회의 중 직원들이 의견을 나누는 동안 상호 존중을 지키는 것은 옳지 않은 행동인가?	<분류>1</분류> <판단>옳다</판단>
[도덕_문장]: 의견이 맞지 않더라도 서로 존중하며 의견을 교환하는 것은 나쁘지 않은가?	<분류>1</분류> <판단>좋다</판단>
[도덕_문장]: 상대의 입장을 존중하며 대화를 통해 조율하는 것은 바람직하지 않은 행동인가?	<분류>1</분류> <판단>바람직하다</판단>
[도덕_문장]: 직장 내에서 동료간 갈등이 발생했을 때 중재를 통해 문제 해결을 바라는 것은 나쁜 행동인가?	<분류>1</분류> <판단>좋다</판단>
[도덕_문장]: 자녀가 솔직한 마음을 전하기 힘들어할 때 자녀의 마음을 존중하며 칭찬의 강도를 조절하는 것은 바람직한가?	<분류>1</분류> <판단>바람직하다</판단>
[도덕_문장]: 자녀가 부담을 느끼면 자녀의 감정을 공감하고 칭찬의 방식을 조절하는 것은 적절하지 않은가?	<분류>1</분류> <판단>바람직하다</판단>
[도덕_문장]: 공포증 때문에 일상 생활에 지장이 있더라도 필요한 일을 하는 것은 나쁘지 않은 행동인가?	<분류>0</분류> <판단>좋다</판단>
[도덕_문장]: 집에 해충이 발생했을 때 즉시 조치를 취하는 것은 권장되지 않는가?	<분류>1</분류> <판단>해야 한다</판단>
[도덕_문장]: 자신의 행동이 상대방에게 부담을 주지 않도록 배려하는 것은 필요하지 않은가?	<분류>1</분류> <판단>중요하다</판단>
[도덕_문장]: 학대를 의심했을 때 부모나 보호자에게 도움을 요청하는 것은 바람직한 행동인가?	<분류>1</분류> <판단>바람직하다</판단>
[도덕_문장]: 연인과의 약속을 지키지 못할 때 솔직하게 말하는 것은 어떠한가?	<분류>1</분류> <판단>좋다</판단>
[도덕_문장]: 연인에게 거짓말을 하는 것은 어떠한가?	<분류>-1</분류> <판단>안 되낟</판단>
[도덕_문장]: 친구가 건강을 소홀히 할 경우 친구에게 조언해주는 것은 바람직하지 않은가?	<분류>1</분류> <판단>바람직하다</판단>
[도덕_문장]: 친구가 위험한 상황에 있을 때 조언을 통해 병원을 가라고 권유하는 것은 정당한 행동인가?	<분류>1</분류> <판단>옳다</판단>
[도덕_문장]: 친구가 자신의 건강을 먼저 생각하는 것은 의무인가?	<분류>1</분류> <판단>해야 한다</판단>
[도덕_문장]: 다른 사람이 건강상태에 대해 걱정하고 있을 때 솔직하게 이야기하는 것은 옳은 행동인가?	<분류>1</분류> <판단>옳다</판단>
[도덕_문장]: 자녀의 건강 상태가 우려되면 자녀와 솔직하게 대화하는 것은 어떠한가?	<분류>1</분류> <판단>바람직하다</판단>
[도덕_문장]: 자신의 역량 부족을 인지했을 때 최선을 다해 문제 해결을 시도하는 것은 바람직한가?	<분류>1</분류> <판단>바람직하다</판단>
[도덕_문장]: 마감일에 임박해서 과제를 확인하고 완성도를 높이는 것은 적절한가?	<분류>-1</분류> <판단>바람직하지 않다</판단>
[도덕_문장]: 과제를 제출할 때 최선을 다해 준비하는 것은 좋지 않은가?	<분류>1</분류> <판단>좋다</판단>
[도덕_문장]: 학업 문제나 심리적인 스트레스가 있더라도 주변을 배려하는 것은 정당한 행동인가?	<분류>1</분류> <판단>옳다</판단>
[도덕_문장]: 자녀의 경제적 독립을 지켜보면서 스스로 노력하도록 격려하는 것은 의무가 아닌가?	<분류>1</분류> <판단>해야 한다</판단>
[도덕_문장]: 부모가 자녀의 결혼 지원을 결정할 때 공정함을 고려하는 것은 해도 되는가?	<분류>1</분류> <판단>해야 한다</판단>
[도덕_문장]: 모임에서 노래를 부르고 싶지 않은 사람이 부르지 않는 것은 권장되지 않는가?	<분류>0</분류> <판단>괜찮다</판단>
[도덕_문장]: 자신의 상황을 이해해주는 주변 사람들 생각해서 억지로 행동하지 않는 것은 좋은 행동인가?	<분류>1</분류> <판단>좋은 행동이다</판단>
[도덕_문장]: 모임에서 분위기를 깨는 행동을 하지 않는 것은 어떠한가?	<분류>1</분류> <판단>되도 좋다</판단>
[도덕_문장]: 모임에서 자신의 컨디션을 고려해 참여 여부를 판단하는 것은 바람직한 행동인가?	<분류>0</분류> <판단>바람직하다</판단>
[도덕_문장]: 부모가 자녀에게 신체적 정서적 폭력을 하는 것은 옳은 행동인가?	<분류>-1</분류> <판단>옳지 않다</판단>
[도덕_문장]: 전통적인 관습이나 종교적 행위에 대해 강요하지 않는 것은 나쁜가?	<분류>1</분류> <판단>좋다</판단>
[도덕_문장]: 자신의 중요한 결정이나 결과에 대해 불안하더라도 감정을 조절하고 행동으로 옮기는 것은 좋은 행동인가?	<분류>1</분류> <판단>좋다</판단>
[도덕_문장]: 만나기로 한 약속 시간을 지키는 것은 필수적이지 않은가?	<분류>1</분류> <판단>해야 한다</판단>
[도덕_문장]: 약속을 지키지 못한 상황에 대한 판단을 회피하지 않고, 상황을 인정하며 상대방에게 솔직하게 말하는 것은 바람직한가?	<분류>1</분류> <판단>바람직하다</판단>
[도덕_문장]: 약속에 늦을 것 같으면 상대방에게 미리 연락해 양해를 구하는 것은 어떠한가?	<분류>1</분류> <판단>적절하다</판단>
[도덕_문장]: 면접에 30분 늦는 것은 바람직하지 않은가?	<분류>-1</분류> <판단>바람직하지 않다</판단>
[도덕_문장]: 돈 관리에서 본인의 경제적 능력과 미래 계획을 고려하는 것은 적절하지 않은가?	<분류>1</분류> <판단>바람직하다</판단>
[도덕_문장]: 직장과 거주지 간의 거리 결정 시 본인의 시간적, 경제적 상황을 고려하여 적절한 거리를 선택하는 것은 바람직한 행동인가?	<분류>1</분류> <판단>바람직하다</판단>
[도덕_문장]: 갈등이 발생할 경우 상대방의 입장과 감정을 이해하려고 노력하는 것은 의무인가?	<분류>1</분류> <판단>해야 한다</판단>
[도덕_문장]: 타인의 사정을 이해하려는 것은 필수적인가?	<분류>1</분류> <판단>필요하다</판단>
[도덕_문장]: 지인과의 약속이 취소되었을 때 이해하려는 태도를 보이는 것은 나쁘지 않은가?	<분류>1</분류> <판단>좋다</판단>
[도덕_문장]: 약속이 취소되면 사과하고 건강에 신경 쓰는 태도를 보이는 것은 정당하지 않은 행동인가?	<분류>1</분류> <판단>옳다</판단>
[도덕_문장]: 건강이 위험할 정도면 약속을 취소하고 충분한 휴식을 취하는 것은 나쁘지 않은가?	<분류>1</분류> <판단>좋다</판단>
[도덕_문장]: 다른 사람의 사정을 이해하는 것은 어떠한가?	<분류>1</분류> <판단>옳다</판단>
[도덕_문장]: 감염병으로 인해 타인의 약속이 취소될 경우, 상대방이 마음의 상처를 받지 않도록 위로와 양해를 구하는 것은 바람직하지 않은 행동인가?	<분류>1</분류> <판단>바람직하다</판단>
[도덕_문장]: 의료 행위에 대한 걱정을 이해하는 것은 의무인가?	<분류>1</분류> <판단>해야 한다</판단>
[도덕_문장]: 회사가 직원들의 재취업이나 이직을 방해하거나 제한하는 것은 나쁘지 않은가?	<분류>-1</분류> <판단>나쁘다</판단>
[도덕_문장]: 처방약을 복용하는 것은 어떠한가?	<분류>1</분류> <판단>꼭 지켜야 한다</판단>
[도덕_문장]: 만들기 동아리에서 신입 회원들의 작품을 평가할 때 긍정적이고 지지적인 피드백을 주는 것은 바람직하지 않은 행동인가?	<분류>1</분류> <판단>적절하다</판단>
[도덕_문장]: 동아리 활동에서 개인의 성과보다 경험의 공유를 우선시 하는 것은 어떠한가?	<분류>1</분류> <판단>해야 한다</판단>
[도덕_문장]: 자신의 작품이 부족하더라도 결과에 대해 실망하기보다 개선 방향을 고려하는 것은 바람직한가?	<분류>1</분류> <판단>바람직하다</판단>
[도덕_문장]: 공공장소에서 불편함이 있더라도 주변 상황을 고려해 행동하는 것은 바람직하지 않은가?	<분류>1</분류> <판단>바람직하다</판단>
[도덕_문장]: 연인을 위해 자신의 상황을 고려한 선물을 준비하는 것은 바람직한 행동인가?	<분류>0</분류> <판단>적절하다</판단>
[도덕_문장]: 연인에게 준비한 선물에 대해 솔직한 감정을 표현하는 것은 괜찮은가?	<분류>0</분류> <판단>괜찮다</판단>
[도덕_문장]: 자신을 낮추지 않고 현재 상황에 대해 객관적으로 생각하는 것은 좋지 않은가?	<분류>1</분류> <판단>좋다</판단>
[도덕_문장]: 담임 선생님이 아이에게 이유를 차분히 설명하는 것은 의무가 아닌가?	<분류>1</분류> <판단>해야 한다</판단>
[도덕_문장]: 자신의 행동에 대해 책임을 지는 것은 옳지 않은 행동인가?	<분류>1</분류> <판단>옳다</판단>
[도덕_문장]: 어린 아이들의 신체적 폭력 행동에 대해 원인을 차분하게 들어보는 것은 옳지 않은가?	<분류>1</분류> <판단>옳다</판단>
[도덕_문장]: 부모님의 환갑 여행 계획에서 문제가 생겼을 때, 부모님에게 미리 상황을 설명하고 함께 해결 방안을 찾는 것은 좋은 행동인가?	<분류>1</분류> <판단>좋다</판단>
[도덕_문장]: 개인의 사정으로 약속한 일을 이행하기 어려울 때 상대방에게 사실을 알려 양해를 구하는 것은 적절하지 않은가?	<분류>1</분류> <판단>적절하다</판단>
[도덕_문장]: 가족의 중요한 일정에 대해 사전에 약속을 지키려 노력하는 것은 옳지 않은 행동인가?	<분류>1</분류> <판단>옳다.</판단>
[도덕_문장]: 아버지 환갑 기념 여행에서 가족 스냅사진을 찍는 것은 어떠한가?	<분류>1</분류> <판단>중요한 준비사항이라는 것을 인정해야 한다</판단>
[도덕_문장]: 강아지의 정서적 스트레스를 감소시키는 것은 필수적인가?	<분류>1</분류> <판단>필요하다</판단>
[도덕_문장]: 반려동물의 정서적 상태를 체크하며 돌보는 것은 정당하지 않은 행동인가?	<분류>1</분류> <판단>옳다</판단>
[도덕_문장]: 출근을 결정하기 전에 강아지의 스트레스를 최소화할 수 있는 조치를 마련하는 것은 좋지 않은가?	<분류>1</분류> <판단>좋다</판단>
[도덕_문장]: 집에 있는 동물이 불편해할 때 이를 배려하는 것은 의무인가?	<분류>1</분류> <판단>해야 한다</판단>
[도덕_문장]: 재택근무 중 반려동물이 스트레스를 받는 경우 적절한 대처와 관심을 가지는 것은 어떠한가?	<분류>1</분류> <판단>필요하다</판단>
[도덕_문장]: 프로젝트 일정이 촉박할 때 팀원들의 건강과 안전을 우선적으로 고려해 일정을 조정하는 것은 좋지 않은 행동인가?	<분류>1</분류> <판단>좋다</판단>
[도덕_문장]: 업무 환경에서 동료가 힘들어 보이면 자신의 일정을 조정하는 것은 적절하지 않은가?	<분류>1</분류> <판단>바람직하다</판단>
[도덕_문장]: 마감이 촉박한 프로젝트를 맡았을 때 팀원들의 피로를 고려하며 일정을 조정하는 것은 나쁘지 않은 행동인가?	<분류>1</분류> <판단>좋다</판단>
[도덕_문장]: 팀원들의 피로와 한계를 고려해 일정을 조정하는 것은 바람직한가?	<분류>1</분류> <판단>바람직하다</판단>
[도덕_문장]: 팀원들과 협의를 통해 문제를 해결하는 것은 괜찮은가?	<분류>1</분류> <판단>좋다</판단>
[도덕_문장]: 프로젝트가 촉박한 상황에서 팀원들의 건강과 안전을 최우선으로 고려하는 것은 필수적인가?	<분류>1</분류> <판단>해야 한다</판단>
[도덕_문장]: 가족 모임을 통해 코로나 확진자와 접촉했을 가능성이 있다면 회사 동료들에게 사실대로 알려주는 것은 괜찮지 않은가?	<분류>1</분류> <판단>좋다</판단>
[도덕_문장]: 직장 동료의 사생활에 대해 언급하지 않는 것은 바람직하지 않은 행동인가?	<분류>1</분류> <판단>바람직하다</판단>
[도덕_문장]: 가족 모임에서 코로나 확진자와의 접촉을 언급할 때 주변 사람들의 불안감이나 피해를 고려해 조심스럽게 말하는 것은 괜찮은가?	<분류>1</분류> <판단>좋다</판단>
[도덕_문장]: 직장 동료의 발언에 상처받았더라도 감정적 대응을 자제하고 차분하게 의사를 전달하는 것은 적절하지 않은가?	<분류>1</분류> <판단>바람직하다</판단>
[도덕_문장]: 동료와의 갈등을 대화를 통해 해결하는 것은 적절한가?	<분류>1</분류> <판단>바람직하다</판단>
[도덕_문장]: 단체 톡에서 상대방을 비난하는 발언을 한 후 사과하는 것은 어떠한가?	<분류>1</분류> <판단>해야 한다</판단>
[도덕_문장]: 사고 현장을 목격했더라도 그 자리에서 명함을 주고 받지 않는 것은 권장되지 않는가?	<분류>0</분류> <판단>괜찮다</판단>
[도덕_문장]: 중요한 업무에서 발생한 문제를 은폐하는 것은 괜찮지 않은가?	<분류>-1</분류> <판단>나쁘다</판단>
[도덕_문장]: 회사를 대표하여 외부 업무를 수행할 때 신중하게 행동하는 것은 어떠한가?	<분류>1</분류> <판단>해야 한다</판단>
[도덕_문장]: 직원의 실수로 문제가 발생했을 경우 진심으로 사과하고 재발 방지를 약속하는 것은 하면 안 되는가?	<분류>1</분류> <판단>해야 한다</판단>
[도덕_문장]: 업무 과정에서 발생한 실수를 인정하고 책임지는 것은 바람직한 행동인가?	<분류>1</분류> <판단>바람직하다</판단>
[도덕_문장]: 업무 관련 실수를 있는 그대로 보고하는 것은 옳은 행동인가?	<분류>1</분류> <판단>옳다</판단>
[도덕_문장]: 회사에서 실수를 신속하게 인정하고 책임지는 것은 권장되는가?	<분류>1</분류> <판단>보여주어야 한다</판단>
[도덕_문장]: 자신의 건강을 해칠 정도로 무리한 운동과 식단을 강요하는 것은 옳지 않은가?	<분류>-1</분류> <판단>옳지 않다</판단>
[도덕_문장]: 업무 환경과 워라밸, 보상 등을 고려해 직장을 선택하는 것은 의무인가?	<분류>1</분류> <판단>해야 한다</판단>
[도덕_문장]: 직장에서 부당한 대우나 근무 환경 문제로 인해 자신의 권리를 지키기 위해 적극적으로 대응하는 것은 정당한 행동인가?	<분류>1</분류> <판단>옳다</판단>
[도덕_문장]: 재입사 제안에 대해 자신의 경험을 근거로 고민하는 것은 정당하지 않은 행동인가?	<분류>1</분류> <판단>정당하다</판단>
[도덕_문장]: 회사 내에서 자신의 건강을 최우선으로 생각하는 것은 해도 되는가?	<분류>1</분류> <판단>해야 한다</판단>
[도덕_문장]: 실수를 했을 때 너무 자책하지 않는 것은 좋은 행동인가?	<분류>1</분류> <판단>좋다</판단>
[도덕_문장]: 연인과 거짓말로 인한 갈등을 차분하게 이야기하는 것은 좋은 행동인가?	<분류>1</분류> <판단>좋다</판단>
[도덕_문장]: 연인의 거짓말에 불안감을 느끼는 것은 괜찮지 않은가?	<분류>1</분류> <판단>괜찮다</판단>
[도덕_문장]: 자녀의 진로선택에 대해 반대의견을 가진다는 괜찮지 않은가?	<분류>0</분류> <판단>괜찮다</판단>
[도덕_문장]: 부모가 자녀가 스스로 선택을 하게 격려하는 것은 적절하지 않은가?	<분류>1</분류> <판단>바람직하다</판단>
[도덕_문장]: 자녀가 자신의 삶의 진로를 결정할 때 자녀의 의견을 존중해주는 것은 권장되지 않는가?	<분류>1</분류> <판단>해야 한다</판단>
[도덕_문장]: 자녀가 진로 선택에 있어 사회적 압박 없이 자신의 가치관과 적성을 존중하는 것은 어떠한가?	<분류>1</분류> <판단>좋다.</판단>
[도덕_문장]: 자연재해가 예상되는 날 위험을 피하는 것은 어떠한가?	<분류>0</분류> <판단>바람직하다</판단>
[도덕_문장]: 미성년자 자녀의 결정이 걱정되면 설득하는 것은 어떠한가?	<분류>1</분류> <판단>좋다</판단>
[도덕_문장]: 자녀의 안전을 지키는 것은 의무가 아닌가?	<분류>1</분류> <판단>해야 한다</판단>
[도덕_문장]: 부모가 자녀의 안전을 최우선으로 고려하며 결정을 내리는 것은 어떠한가?	<분류>1</분류> <판단>해야 한다</판단>
[도덕_문장]: 연인이 있는 친구의 연인과의 만남을 존중하는 것은 바람직하지 않은 행동인가?	<분류>1</분류> <판단>바람직하다</판단>
[도덕_문장]: 연인의 급한 상황을 이유로 약속을 취소하는 것은 어떠한가?	<분류>1</분류> <판단>적절한 조치이다</판단>
[도덕_문장]: 개인의 필요에 따라 일에 대해 조정할 수 있음을 인정하는 것은 필수적인가?	<분류>1</분류> <판단>해야 한다</판단>
[도덕_문장]: 부양가족이 있는 상황에서 과도한 야근으로 건강과 경제적 안정을 해치지 않는 수준에서 업무와 개인 생활을 조율하는 것은 좋은가?	<분류>1</분류> <판단>좋다</판단>
[도덕_문장]: 대중교통 이용 시 안전이 보장되지 않는다면 탑승을 미루는 것은 어떠한가?	<분류>0</분류> <판단>적절한 선택이다</판단>
[도덕_문장]: 만원 지하철에서 안전을 이유로 탑승을 거부하는 것은 어떠한가?	<분류>0</분류> <판단>할 수 있다</판단>
[도덕_문장]: 출근 시간에 대중교통이 혼잡하더라도 안전을 위해 무리하게 타지 않는 것은 옳은가?	<분류>1</분류> <판단>옳다</판단>
[도덕_문장]: 출근 시간에 지하철이 혼잡할 때 무리해서 타지 않고 안전을 고려하는 것은 바람직하지 않은 행동인가?	<분류>1</분류> <판단>바람직하다</판단>
[도덕_문장]: 배우자가 자신의 의견을 분명하게 말하는 것은 옳지 않은가?	<분류>1</분류> <판단>옳다.</판단>
[도덕_문장]: 부인의 거절을 존중하는 것은 바람직한 행동인가?	<분류>1</분류> <판단>바람직하다</판단>
[도덕_문장]: 부부 관계에서 배우자의 건강 상태와 선호를 존중하는 것은 의무인가?	<분류>1</분류> <판단>해야 한다</판단>
[도덕_문장]: 남편이 건강과 취향을 고려하지 않은 무리한 요구를 할 때 자신의 상황을 설명하고 거절하는 것은 옳은가?	<분류>1</분류> <판단>옳다</판단>
[도덕_문장]: 자신의 건강을 돌보지 않은 채로 의사를 미루는 것은 바람직한가?	<분류>-1</분류> <판단>바람직하지 않다</판단>
[도덕_문장]: 친구와 대화하면서 솔직한 감정을 나누는 것은 좋지 않은 행동인가?	<분류>1</분류> <판단>좋다</판단>
[도덕_문장]: 자신이 통제할 수 없는 외부 환경 변화에 대해 불만을 표출하는 것은 해도 되는가?	<분류>0</분류> <판단>할 수 있다</판단>
[도덕_문장]: 보안 관련 피해가 발생했을 경우 즉시 신고하고 필요한 조치를 취하는 것은 바람직한 행동인가?	<분류>1</분류> <판단>바람직하다</판단>
[도덕_문장]: 자녀가 걱정하는 마음을 이해하고, 함께 기도를 하면서 마음의 안정을 찾도록 하는 것은 나쁘지 않은 행동인가?	<분류>1</분류> <판단>좋다</판단>
[도덕_문장]: 결혼생활을 유지하기로 결정하고 배우자의 건강을 회복하기 위해 최선을 다해 노력하는 것은 의무인가?	<분류>1</분류> <판단>해야 한다</판단>
[도덕_문장]: 직장에서 업무와 무관한 사적 질문을 하는 것은 어떠한가?	<분류>-1</분류> <판단>하지 않아야 한다</판단>
[도덕_문장]: 연인이 가스라이팅을 하고 있다고 판단되면 문제를 직접적으로 말하는 것은 어떠한가?	<분류>1</분류> <판단>옳다</판단>
[도덕_문장]: 이성애적인 관계에서 상대방의 자율성을 존중하는 것은 어떠한가?	<분류>1</분류> <판단>매우 중요하다</판단>
[도덕_문장]: 연인 관계에서 평등함을 유지하는 것은 필수적이지 않은가?	<분류>1</분류> <판단>필요하다</판단>
[도덕_문장]: 가스라이팅을 하는 것은 옳은가?	<분류>-1</분류> <판단>옳지 않다</판단>
[도덕_문장]: 연인의 행동이 올바르지 않다고 생각될 때 자신의 상황을 구체적으로 설명하고 경계를 설정하는 것은 의무인가?	<분류>1</분류> <판단>해야 한다</판단>
[도덕_문장]: 연인에게 통제를 강요하는 것은 바람직한가?	<분류>-1</분류> <판단>바람직하지 않다</판단>
[도덕_문장]: 가스라이팅을 하는 사람에게 도움을 요청하는 것은 해도 되는가?	<분류>1</분류> <판단>해야 한다</판단>
[도덕_문장]: 상대방의 의견을 존중하지 않고 자신의 기준을 강요하는 것은 어떠한가?	<분류>-1</분류> <판단>옳지 않다</판단>
[도덕_문장]: 연인이 가스라이팅을 하는 것 같다고 의심되면 자신의 문제와 관련된 진지한 대화를 하는 것은 필수적이지 않은가?	<분류>1</분류> <판단>해야 한다</판단>
[도덕_문장]: 면접에서 현재 상황을 솔직하게 답변하는 것은 적절한가?	<분류>1</분류> <판단>바람직하다</판단>
[도덕_문장]: 학업과 개인적인 약속 사이에서 갈등이 발생했을 때 학업의 중요성을 먼저 고려하는 것은 정당하지 않은 행동인가?	<분류>1</분류> <판단>옳다.</판단>
[도덕_문장]: 상대방에게 고백할 때 상대방의 의사에 따라 결정하는 것은 바람직한 행동인가?	<분류>1</분류> <판단>바람직하다</판단>
[도덕_문장]: 사랑하는 사람에게 거짓말을 하는 것은 어떠한가?	<분류>-1</분류> <판단>안 되다</판단>
[도덕_문장]: 자신의 미래를 선택할 때 감정적인 후회와 현실적인 걱정을 모두 고려하는 것은 괜찮은가?	<분류>1</분류> <판단>좋다</판단>
[도덕_문장]: 타인의 선택이 마음에 들지 않더라도 비난하기보다 존중해주는 것은 어떠한가?	<분류>1</분류> <판단>해야 한다</판단>
[도덕_문장]: 선택을 앞두고 있을 때 타인에게 조언을 구하는 것은 괜찮은가?	<분류>0</분류> <판단>괜찮다</판단>
[도덕_문장]: 현재의 불안정한 상황을 인정하고 자신에게 시간을 주는 것은 어떠한가?	<분류>1</분류> <판단>옳은 일이다</판단>
[도덕_문장]: 자신의 진로를 늦추는 것은 어떠한가?	<분류>0</분류> <판단>나쁜 행동이 아니다</판단>
[도덕_문장]: 성인이 진로를 결정하기 위해 충분한 고민과 탐색을 하는 것은 의무인가?	<분류>1</분류> <판단>해야 한다</판단>
[도덕_문장]: 회사에서 부탁을 들어주지 못하더라도 그 이유를 명확히 전달하는 것은 어떠한가?	<분류>1</분류> <판단>바람직하다</판단>
[도덕_문장]: 상대에게 자신의 일정과 책임을 이유로 거절의 의사를 전달하는 것은 바람직하지 않은가?	<분류>0</분류> <판단>적절하다</판단>
[도덕_문장]: 개인의 건강과 선택을 존중하는 것은 어떠한가?	<분류>1</분류> <판단>되어야 한다</판단>
[도덕_문장]: 타인의 외모 변화를 함부로 평가하거나 평가하려는 시선을 삼가지 않는 것은 바람직하지 않은 행동인가?	<분류>1</분류> <판단>바람직하지 않다</판단>
[도덕_문장]: 회사가 직원의 건강을 우선시하지 않고 강제 출근을 요구하는 것은 문제가 되지 않는 행동인가?	<분류>-1</분류> <판단>안 된다</판단>
[도덕_문장]: 결혼한 자녀가 명절을 준비할 때 과도한 부담감을 갖지 않도록 조절하는 것은 어떠한가?	<분류>1</분류> <판단>좋다</판단>
[도덕_문장]: 명절이나 가족 행사를 준비할 때 핵심적인 부분에 집중하는 것은 어떠한가?	<분류>0</분류> <판단>좋다</판단>
[도덕_문장]: 결혼 후 첫 명절을 우리 집에서 보내게 될 경우 서로의 의견을 존중하는 태도로 대화하는 것은 옳은가?	<분류>1</분류> <판단>옳다</판단>
[도덕_문장]: 불편한 상황이 반복될 때 자신의 상태를 친구에게 설명하는 것은 의무인가?	<분류>1</분류> <판단>해야 한다</판단>
[도덕_문장]: 건강 문제를 치료할 때 개인의 경제적 부담과 건강 회복을 고려하여 최선의 선택을 하는 것은 의무가 아닌가?	<분류>1</분류> <판단>해야 한다</판단>
[도덕_문장]: 친구의 건강에 대해 진심으로 걱정하는 마음을 표현하는 것은 어떠한가?	<분류>1</분류> <판단>바람직하다</판단>
[도덕_문장]: 약속을 한 상황에서 상대방의 의사를 존중하는 것은 좋지 않은가?	<분류>1</분류> <판단>좋다</판단>
[도덕_문장]: 본인의 건강을 업무에 지장을 받지 않도록 조절하는 것은 좋지 않은 행동인가?	<분류>1</분류> <판단>좋다</판단>
[도덕_문장]: 업무가 밀려 있어도 건강을 우선적으로 생각하는 것은 권장되는가?	<분류>1</분류> <판단>해야 한다</판단>
[도덕_문장]: 개인의 건강을 우선으로 생각하며 건강 문제를 해결하는 것은 바람직하지 않은 행동인가?	<분류>1</분류> <판단>바람직하다</판단>
[도덕_문장]: 심리적으로 어려움을 겪고 있는 가족 구성원의 상황을 이해해 주는 것은 하면 안 되는가?	<분류>1</분류> <판단>해야 한다</판단>
[도덕_문장]: 건강에 대한 우려를 하는 것은 어떠한가?	<분류>0</분류> <판단>정당한 고민이다</판단>
[도덕_문장]: 건강검진 결과에 대한 두려움과 불안에 직면했을 때 자신의 건강을 먼저 고려하는 것은 권장되는가?	<분류>1</분류> <판단>해야 한다</판단>
[도덕_문장]: 건강검진 결과가 좋지 않더라도 자신의 건강을 미루지 않고 병원에 방문하는 것은 바람직한가?	<분류>1</분류> <판단>바람직하다</판단>
[도덕_문장]: 가족이 중요한 의사결정에 어려움을 겪을 때 가족의 입장에서 도움을 줄 수 있도록 조언하는 것은 나쁘지 않은가?	<분류>1</분류> <판단>좋다</판단>
[도덕_문장]: 건강 문제로 병원에 갈 때 자신의 판단을 먼저 하되, 가까운 가족의 조언을 참고하는 것은 좋은가?	<분류>1</분류> <판단>좋다</판단>
[도덕_문장]: 가족과의 대화에서 문제를 미루지 않고 함께 해결하려는 노력을 하는 것은 필수적이지 않은가?	<분류>1</분류> <판단>필요하다</판단>
[도덕_문장]: 의료 전문가가 환자에게 부작용에 대한 충분한 설명과 책임 있는 조치를 취하는 것은 의무가 아닌가?	<분류>1</분류> <판단>해야 한다</판단>
[도덕_문장]: 상대방이 거절할 경우 선물을 일방적으로 강요하지 않는 것은 적절한가?	<분류>1</분류> <판단>바람직하다</판단>
[도덕_문장]: 개인의 건강이 우선이라면 미루지 않고 수술을 받는 것은 바람직하지 않은 행동인가?	<분류>1</분류> <판단>바람직하다</판단>
[도덕_문장]: 직원의 건강을 최우선시 하는 것은 옳지 않은 행동인가?	<분류>1</분류> <판단>옳다</판단>
[도덕_문장]: 회사 업무를 개인의 건강보다 우선시하는 것은 일반적이지 않은가?	<분류>-1</분류> <판단>안 된다</판단>
[도덕_문장]: 직장에서 개인적인 일정 때문에 자신의 건강을 위해 일정 조정에 대한 합리적인 요청을 하는 것은 적절하지 않은가?	<분류>1</분류> <판단>바람직하다</판단>
[도덕_문장]: 건강에 문제가 생겼을 때 자신의 건강을 회사의 업무보다 먼저 생각하는 것은 옳지 않은가?	<분류>1</분류> <판단>옳다.</판단>
[도덕_문장]: 구매 결정을 하기 전에 충분히 생각해보는 것은 좋은 행동인가?	<분류>1</분류> <판단>좋다</판단>
[도덕_문장]: 상대방의 의사를 무시하고 일방적인 관계를 강요하는 것은 정당한 행동인가?	<분류>-1</분류> <판단>옳지 않다</판단>
[도덕_문장]: 타인이 자신에게 집착하는 것이 불편하다면 이를 단호하게 거부하는 것은 어떠한가?	<분류>1</분류> <판단>옳다</판단>
[도덕_문장]: 개인의 의사를 존중하지 않고 일방적으로 관계를 강요하는 것은 바람직한 행동인가?	<분류>-1</분류> <판단>바람직하지 않다</판단>
[도덕_문장]: 상대가 원하는 관계를 존중하지 않고 강요하는 것은 잘못된 행동인가?	<분류>-1</분류> <판단>옳지 않다</판단>
[도덕_문장]: 처음 만난 이성에게 과도한 집착을 하는 것은 어떠한가?	<분류>-1</분류> <판단>바람직하지 않다</판단>
[도덕_문장]: 개인의 결정을 내릴 때 다른 사람에게 상처를 주지 않도록 신중하게 접근하는 것은 어떠한가?	<분류>1</분류> <판단>바람직하다</판단>
[도덕_문장]: 사전에 충분한 조사와 전문가의 조언을 구하는 것은 바람직하지 않은 행동인가?	<분류>1</분류> <판단>바람직하다</판단>
[도덕_문장]: 잘못된 정보로 인해 불안감이 생겼을 때 사실 확인을 하려는 것은 괜찮지 않은가?	<분류>1</분류> <판단>좋다</판단>
[도덕_문장]: 집 앞에서 상대가 원하지 않는 만남을 요구할 경우 경찰에 신고하는 것은 좋은가?	<분류>1</분류> <판단>좋다</판단>
[도덕_문장]: 개인의 안전이 위협받는 상황에서 법과 절차에 따라 대응하는 것은 옳지 않은가?	<분류>1</분류> <판단>옳다.</판단>
[도덕_문장]: 상대방에게 만남을 강요하는 것은 어떠한가?	<분류>-1</분류> <판단>옳지 않다</판단>
[도덕_문장]: 갈등 상황에서 신체적 폭력을 사용하는 것은 어떠한가?	<분류>-1</분류> <판단>절대 용납되지 않다</판단>
[도덕_문장]: 연인에게 폭력을 사용하는 것은 좋은 행동인가?	<분류>-1</분류> <판단>나쁘다</판단>
[도덕_문장]: 헤어지자고 한 뒤 폭력적인 언행을 하는 것은 옳은 행동인가?	<분류>-1</분류> <판단>옳지 않다</판단>
[도덕_문장]: 신체적 폭력을 사용하는 것은 어떠한가?	<분류>-1</분류> <판단>정당화될 수 없다</판단>
[도덕_문장]: 연인에게 신체적 폭력을 가하는 것은 정당한 행동인가?	<분류>-1</분류> <판단>정당화될 수 없다</판단>
[도덕_문장]: 스터디 준비에 충실하지 못한 경우 자신의 부족함을 인정하고 성찰하는 것은 괜찮은가?	<분류>1</분류> <판단>좋다</판단>
[도덕_문장]: 스터디 모임에서 자신의 역량을 충실히 발휘하는 것은 어떠한가?	<분류>1</분류> <판단>해야 한다</판단>
[도덕_문장]: 스터디 발제 준비가 부족하더라도 스터디 모임에 참석하는 것은 바람직한가?	<분류>1</분류> <판단>바람직하다</판단>
[도덕_문장]: 건강 상태가 악화될 가능성이 있을 때 의료적 도움을 청하는 것은 옳지 않은가?	<분류>1</분류> <판단>옳다</판단>
[도덕_문장]: 가족들이 바쁜 일정이 있더라도 가끔씩 할아버지에게 연락을 하는 것은 의무인가?	<분류>1</분류> <판단>해야 한다</판단>
[도덕_문장]: 보호자의 결정에 반발할 때 상대방의 입장과 생각을 존중하는 것은 해도 되는가?	<분류>1</분류> <판단>해야 한다</판단>
[도덕_문장]: 연애 후 자신을 돌보는 것은 어떠한가?	<분류>1</분류> <판단>좋다</판단>
[도덕_문장]: 연인의 취향을 고려하지 않고 일방적으로 특정 음식을 강요하는 것은 좋은가?	<분류>-1</분류> <판단>나쁘다</판단>
[도덕_문장]: 연인과의 갈등 상황에서 나 자신을 먼저 생각하는 것은 잘못된 행동인가?	<분류>0</분류> <판단>괜찮다</판단>
[도덕_문장]: 연인에게 강요하는 것은 옳은가?	<분류>-1</분류> <판단>옳지 않다</판단>
[도덕_문장]: 친구들이 자신의 직업이나 선택을 존중하지 않는 경우, 그들을 이해하고 존중하는 태도를 보이는 것은 나쁜 행동인가?	<분류>1</분류> <판단>좋다</판단>
[도덕_문장]: 타인의 말에 불쾌감을 느낀 후 표현하는 것은 어떠한가?	<분류>1</분류> <판단>해야 한다</판단>
[도덕_문장]: 상대방의 기분을 상하게 하는 말을 하는 것은 일반적이지 않은가?	<분류>-1</분류> <판단>하지 말아야 한다</판단>
[도덕_문장]: 가족과의 약속을 지키기 위해 자녀들의 도움을 요청하는 것은 적절하지 않은가?	<분류>1</분류> <판단>바람직하다</판단>
[도덕_문장]: 가족 여행 준비에 가족 구성원들이 함께 참여하는 것은 좋은가?	<분류>1</분류> <판단>좋다</판단>
[도덕_문장]: 가족 구성원들의 역할을 인정하고 서로 도와주는 것은 바람직한가?	<분류>1</분류> <판단>바람직하다</판단>
[도덕_문장]: 가족 구성원들이 부모가 가족 여행을 준비하는 데 도움을 주는 것은 의무가 아닌가?	<분류>1</분류> <판단>해야 한다</판단>
[도덕_문장]: 자녀들이 부모님께 필요한 도움을 제공하는 것은 해도 되는가?	<분류>1</분류> <판단>해야 한다</판단>
[도덕_문장]: 자신의 삶도 돌아보는 것은 적절하지 않은가?	<분류>1</분류> <판단>바람직하다</판단>
[도덕_문장]: 자신의 감정과 필요를 인지하고 균형을 찾는 것은 의무인가?	<분류>1</분류> <판단>해야 한다</판단>
[도덕_문장]: 친구를 놀리는 것은 바람직한가?	<분류>-1</분류> <판단>바람직하지 않다</판단>
[도덕_문장]: 다른 사람의 실수나 실수로 인한 상황을 지나치게 조롱하는 것은 잘못된 행동인가?	<분류>-1</분류> <판단>옳지 않다</판단>
[도덕_문장]: 다른 친구를 조롱하는 것은 어떠한가?	<분류>-1</분류> <판단>안 되다</판단>
[도덕_문장]: 배우자를 의심하는 것은 옳은 행동인가?	<분류>-1</분류> <판단>옳지 않다</판단>
[도덕_문장]: 자신에게 상처를 주는 말이나 행동이 있을 때 상황과 맥락을 먼저 생각해보는 것은 의무가 아닌가?	<분류>1</분류> <판단>해야 한다</판단>
[도덕_문장]: 애프터 요청을 받았을 때 거절 의사가 있더라도 예의 있게 전달하는 것은 좋은 행동인가?	<분류>1</분류> <판단>좋다</판단>
[도덕_문장]: 상대방이 거절 의사를 말하지 않는 것에 대해 오해하지 않는 것은 나쁜 행동인가?	<분류>1</분류> <판단>좋다</판단>
[도덕_문장]: 상대방의 애프터 제안에 답이 없더라도 무례한 어조로 거절하지 않는 것은 괜찮은가?	<분류>0</분류> <판단>좋다</판단>
[도덕_문장]: 이혼을 할 때 자식에게 최선을 다하는 것은 좋지 않은 행동인가?	<분류>1</분류> <판단>좋다</판단>
[도덕_문장]: 가족이 친구 사이의 문제를 고민할 때 따뜻하게 위로해주는 것은 나쁘지 않은 행동인가?	<분류>1</분류> <판단>좋다</판단>
[도덕_문장]: 자식이 힘든 시간을 보내는 것을 알면서도 지나치게 위로하려 하지 않고 차분하게 이야기를 들어주는 것은 바람직한가?	<분류>1</분류> <판단>바람직하다</판단>
[도덕_문장]: 가족이 자녀에게 솔직한 감정 표현이 좋다고 조언하는 것은 권장되지 않는가?	<분류>1</분류> <판단>해도 된다</판단>
[도덕_문장]: 아이가 힘든 상황에 처해 있을 때 솔직한 감정을 존중해주는 것은 해도 되는가?	<분류>1</분류> <판단>해야 한다</판단>
[도덕_문장]: 친구가 결심한 것을 비웃거나 깎아내리는 것은 잘못된 행동인가?	<분류>-1</분류> <판단>옳지 않다</판단>
[도덕_문장]: 친구가 다이어트를 하는 것에 대해 비웃거나 평가하는 것은 옳지 않은 행동인가?	<분류>-1</분류> <판단>옳지 않다</판단>
[도덕_문장]: 친구와의 관계에서 서로를 깎아내리는 말을 하는 것은 일반적이지 않은가?	<분류>-1</분류> <판단>하지 말아야 한다</판단>
[도덕_문장]: 친구의 노력을 존중하지 않는 말을 하는 것은 바람직한가?	<분류>-1</분류> <판단>바람직하지 않다</판단>
[도덕_문장]: 팀원들에게 서로의 노력을 인정해주는 것은 적절한가?	<분류>1</분류> <판단>바람직하다</판단>
[도덕_문장]: 팀 활동 결과가 좋지 않더라도 서로 비난하기보다 함께 개선할 점을 찾아 노력하는 것은 적절하지 않은가?	<분류>1</분류> <판단>바람직하다</판단>
[도덕_문장]: 자신의 실수를 인정하면서도 상대의 기분을 배려하는 것은 어떠한가?	<분류>1</분류> <판단>해야 한다</판단>
[도덕_문장]: 단체의 성과에 대한 책임을 구성원 모두가 공정하게 분배하는 것은 어떠한가?	<분류>1</분류> <판단>되어야 한다</판단>
[도덕_문장]: 팀원이 실수를 했다고 해도 비난하기보다는 격려해 주는 것은 괜찮지 않은가?	<분류>1</분류> <판단>좋다</판단>
[도덕_문장]: 건강에 변화가 있더라도 그것이 타인의 관심이나 인정과 직결되는 것은 바람직하지 않은 행동인가?	<분류>0</분류> <판단>바람직하지 않다</판단>
[도덕_문장]: 부모가 아이의 잘못된 행동에 옳은 행동을 가르치는 것은 권장되지 않는가?	<분류>1</분류> <판단>해야 한다</판단>
[도덕_문장]: 부모가 자녀의 사생활을 침해하지 않고 문제를 해결하려는 태도를 보이는 것은 어떠한가?	<분류>1</분류> <판단>보여야 한다</판단>
[도덕_문장]: 부모와의 신뢰를 훼손할 수 있는 개인적인 정보를 포함할 경우 가족 구성원에게 충분한 설명을 제공하는 것은 바람직한가?	<분류>1</분류> <판단>바람직하다</판단>
[도덕_문장]: 조직 내에서 발생한 부당한 처우를 회사 내부 절차를 통해 해결하는 것은 의무가 아닌가?	<분류>1</분류> <판단>해야 한다</판단>
[도덕_문장]: 직장에서 직원 Retirement Program을 제공하여 직원들의 심리적, 경제적 부담을 완화하는 것은 나쁘지 않은가?	<분류>1</분류> <판단>좋다</판단>
[도덕_문장]: 초보가 질문을 할 때 무시하는 것은 좋지 않은 행동인가?	<분류>-1</분류> <판단>좋지 않다</판단>
[도덕_문장]: 다른 사람에게 무례하게 대하는 것은 정당한 행동인가?	<분류>-1</분류> <판단>옳지 않다</판단>
[도덕_문장]: 초보를 무시하는 것은 정당한 행동인가?	<분류>-1</분류> <판단>옳지 않다</판단>
[도덕_문장]: 직장 내 동료들이 상황이 어렵다고 위로 없이 관계를 단절하는 것은 적절하지 않은가?	<분류>-1</분류> <판단>바람직하지 않다</판단>
[도덕_문장]: 동료를 배제하거나 도움 없이 방치하는 것은 괜찮지 않은가?	<분류>-1</분류> <판단>나쁘다</판단>
[도덕_문장]: 자녀가 부모님의 경제적 사정을 이해하고 상황에 맞는 결정을 내리는 것은 바람직한가?	<분류>1</분류> <판단>바람직하다</판단>
[도덕_문장]: 상속인의 판단을 존중하는 것은 의무가 아닌가?	<분류>1</분류> <판단>해야 한다</판단>
[도덕_문장]: 아버지의 유품을 정리하며 그가 아껴 모은 돈을 함부로 쓰지 않고 가족 간에 논의하여 결정하는 것은 바람직한 행동인가?	<분류>1</분류> <판단>바람직하다</판단>
[도덕_문장]: 친한 친구들끼리 무례한 발언을 하지 않는 것은 어떠한가?	<분류>-1</분류> <판단>해야 한다</판단>
[도덕_문장]: 다른 사람에게 상처를 주는 말을 하는 것은 어떠한가?	<분류>-1</분류> <판단>안 되다</판단>
[도덕_문장]: 동료가 다른 사람의 심리상태나 문제를 무시하거나 비아냥거리는 것은 어떠한가?	<분류>-1</분류> <판단>안 되다</판단>
[도덕_문장]: 동료에게 말을 함부로 하는 것은 좋지 않은가?	<분류>-1</분류> <판단>좋지 않다</판단>
[도덕_문장]: 비행 공포증으로 인해 비행기를 이용하는 데 어려움을 겪는 동료를 비아냥거리는 것은 바람직하지 않은 행동인가?	<분류>-1</분류> <판단>바람직하지 않다</판단>
[도덕_문장]: 타인을 비아냥거리는 것은 적절하지 않은가?	<분류>-1</분류> <판단>바람직하지 않다</판단>
[도덕_문장]: 동료를 비아냥거리는 것은 정당한 행동인가?	<분류>-1</분류> <판단>옳지 않다</판단>
[도덕_문장]: 불편함이 있더라도 친구와 대화를 통해 오해를 푸는 것은 나쁜 행동인가?	<분류>1</분류> <판단>좋다</판단>
[도덕_문장]: 오랜 친구 관계를 고려하더라도 상황에 맞는 솔직한 의사 표현을 하는 것은 어떠한가?	<분류>1</분류> <판단>바람직하다</판단>
[도덕_문장]: 상황을 잘못 판단한 친구에게 직접 이야기하는 것은 어떠한가?	<분류>1</분류> <판단>좋다</판단>
[도덕_문장]: 타인의 상황을 고려하지 않고 문병을 하는 것은 어떠한가?	<분류>-1</분류> <판단>안 된다</판단>
[도덕_문장]: 병원 입원자를 방문할 때 주변 환자의 평온한 휴식과 회복을 고려해 방문 시간을 조절하는 것은 바람직하지 않은가?	<분류>1</분류> <판단>바람직하다</판단>
[도덕_문장]: 개인의 취미나 관심을 원색적으로 비난하는 것은 어떠한가?	<분류>-1</분류> <판단>안 되다</판단>
[도덕_문장]: 상대방이 모욕감을 느낄 수 있는 말을 하는 것은 일반적인가?	<분류>-1</분류> <판단>안 된다</판단>
[도덕_문장]: 동료의 개인 취향에 대해 원색적으로 비난하는 것은 옳지 않은가?	<분류>-1</분류> <판단>옳지 않다</판단>
[도덕_문장]: 함께 근무하는 동료에게 비난이 섞인 말을 할 때 주의하는 것은 옳지 않은가?	<분류>1</분류> <판단>옳다</판단>
[도덕_문장]: 상점에서 제품을 교환하는 과정에서 타인의 의심을 표현하는 것은 적절하지 않은가?	<분류>-1</분류> <판단>바람직하지 않다</판단>
[도덕_문장]: 건강상 문제로 인해 휴가나 업무 조정을 요청하는 것은 일반적이지 않은가?	<분류>0</분류> <판단>할 수 있다</판단>
[도덕_문장]: 업무 수행에 어려움이 있는 경우 건강을 고려해 업무 환경 조정을 요청하는 것은 정당한 행동인가?	<분류>1</분류> <판단>정당한 행동이다</판단>
[도덕_문장]: 업무와 관련된 신체 문제로 인해 근무가 어렵다면 업무 조정을 요청하는 것은 바람직한가?	<분류>1</분류> <판단>바람직하다</판단>
[도덕_문장]: 직장에서 업무 수행에 어려움이 있을 경우 정당한 사유를 설명하고 근무 조정을 요청하는 것은 바람직하지 않은가?	<분류>0</분류> <판단>바람직하다</판단>
[도덕_문장]: 상대에게 오해를 살 수 있는 말로 평가하는 것은 옳은 행동인가?	<분류>-1</분류> <판단>옳지 않다</판단>
[도덕_문장]: 건강이 좋지 않을 때 도움을 받는 것은 해도 되는가?	<분류>1</분류> <판단>할 수 있다</판단>
[도덕_문장]: 면접자의 외모나 나이에 대한 부적절한 발언을 들었을 때 즉시 제지를 하는 것은 의무가 아닌가?	<분류>1</분류> <판단>해야 한다</판단>
[도덕_문장]: 면접 자리에서 상대방이 불쾌감을 느낄 수 있는 언행을 하지 않는 것은 의무인가?	<분류>1</분류> <판단>해야 한다</판단>
[도덕_문장]: 면접에서 모욕적인 발언을 들었을 때 이를 참지 않고 자신의 발언을 중단시키는 것은 옳지 않은 행동인가?	<분류>1</분류> <판단>옳다.</판단>
[도덕_문장]: 면접을 할 때 면접자의 연령과 외모를 존중하는 것은 의무가 아닌가?	<분류>1</분류> <판단>해야 한다</판단>
[도덕_문장]: 면접에서 상대에 대한 무례한 발언을 들었을 때 상황에 따라 대응하는 것은 어떠한가?	<분류>0</분류> <판단>바람직하다</판단>
[도덕_문장]: 면접 중 모욕적인 표현을 들었을 때 항의하는 것은 나쁜가?	<분류>1</분류> <판단>좋다</판단>
[도덕_문장]: 직장 내 사적인 문제에 대해 간섭하는 것은 옳은 행동인가?	<분류>-1</분류> <판단>옳지 않다</판단>
[도덕_문장]: 친구의 성격을 이해하고 인정하는 것은 나쁜가?	<분류>1</분류> <판단>좋다</판단>
[도덕_문장]: 약속을 여러 번 어기는 친구에게 서운함을 정중하게 표현해주는 것은 좋은가?	<분류>1</분류> <판단>좋다</판단>
[도덕_문장]: 배우자가 경제적인 어려움으로 힘들어 하더라도 솔직한 감정을 표현하는 것은 어떠한가?	<분류>1</분류> <판단>좋다</판단>
[도덕_문장]: 배우자가 어려움을 털어놓을 때 공감하고 지지하는 태도를 보이는 것은 어떠한가?	<분류>1</분류> <판단>바람직하다</판단>
[도덕_문장]: 부부가 서로의 어려움을 이해하고 지지하는 것은 바람직한가?	<분류>1</분류> <판단>바람직하다</판단>
[도덕_문장]: 배우자를 속이지 않는 것은 나쁘지 않은 행동인가?	<분류>1</분류> <판단>좋다</판단>
[도덕_문장]: 연인에게 심리적 고통이나 불편한 감정을 털어놓는 것은 좋은가?	<분류>1</분류> <판단>좋다</판단>
[도덕_문장]: 상대방의 사정을 이해하려 노력하는 것은 바람직한 행동인가?	<분류>1</분류> <판단>바람직하다</판단>
[도덕_문장]: 연인의 약점과 어려움을 이해해 주는 것은 바람직한가?	<분류>1</분류> <판단>바람직하다</판단>
[도덕_문장]: 상대의 감정과 정서 상태를 고려해 조언하고 지지하는 태도를 보이는 것은 권장되는가?	<분류>1</분류> <판단>해야 한다</판단>
[도덕_문장]: 가족 관계를 농담거리로 삼는 것은 어떠한가?	<분류>-1</분류> <판단>옳지 않다</판단>
[도덕_문장]: 타인의 감정을 생각하지 않고 농담을 하는 것은 옳은가?	<분류>-1</분류> <판단>옳지 않다</판단>
[도덕_문장]: 힘들어할 때 자신의 노력을 인정하고 위로해주는 것은 어떠한가?	<분류>1</분류> <판단>좋다</판단>
[도덕_문장]: 시험 성적이 기대치를 충족하지 못하더라도 타인의 노력을 인정하는 태도를 유지하는 것은 필요한가?	<분류>1</분류> <판단>중요하다</판단>
[도덕_문장]: 연인이 상대방의 어려움에 공감하고 격려해주는 것은 좋지 않은가?	<분류>1</분류> <판단>좋다</판단>
[도덕_문장]: 연인을 격려하는 것은 좋은가?	<분류>1</분류> <판단>좋은 행동이다</판단>
[도덕_문장]: 연인이 상대방의 고민을 공감하는 태도를 보이는 것은 어떠한가?	<분류>1</분류> <판단>좋다</판단>
[도덕_문장]: 연인에게 자신의 감정과 상황을 충분히 설명하는 것은 필수적인가?	<분류>1</분류> <판단>필요하다</판단>
[도덕_문장]: 연인이 상대방에게 격려를 아끼지 않는 것은 어떠한가?	<분류>1</분류> <판단>아니어야 한다</판단>
[도덕_문장]: 가족 관계에서 소통 방식을 개선하거나 자신의 입장과 감정을 정중하게 표현하는 것은 바람직하지 않은가?	<분류>1</분류> <판단>바람직하다</판단>
[도덕_문장]: 가족 간의 갈등이 생길 때 상대방의 입장과 감정을 공감하려고 노력하는 것은 좋은가?	<분류>1</분류> <판단>좋다</판단>
[도덕_문장]: 자녀의 어려움에 관심을 가지지 않는 것은 어떠한가?	<분류>-1</분류> <판단>바람직하지 않다</판단>
[도덕_문장]: 친부모가 아닌 다른 사람이 친부모를 대신해 양육했다 하더라도 그 양육을 인정하는 것은 정당한 행동인가?	<분류>1</분류> <판단>옳다.</판단>
[도덕_문장]: 상황을 따져 물어보는 것은 정당한 행동인가?	<분류>0</분류> <판단>정당하다</판단>
[도덕_문장]: 자신의 상황이 친구에 비해 초라해 보이더라도 상대에게 부담을 주지 않으려 노력하는 것은 바람직하지 않은 행동인가?	<분류>1</분류> <판단>바람직하다</판단>
[도덕_문장]: 타인의 삶의 방향과 성취를 판단의 기준으로 삼지 않는 것은 바람직한 행동인가?	<분류>1</분류> <판단>바람직하다</판단>
[도덕_문장]: 연인이 상처받은 사람의 마음을 위로하는 것은 괜찮은가?	<분류>1</분류> <판단>좋다</판단>
[도덕_문장]: 연인이 상처를 받았을 때 그 상황을 이해해주는 것은 옳지 않은 행동인가?	<분류>1</분류> <판단>옳다</판단>
[도덕_문장]: 연인에게 이해심을 보이는 것은 권장되는가?	<분류>1</분류> <판단>해야 한다</판단>
[도덕_문장]: 연인이 어려움을 겪을 때 상처를 주지 않도록 위로하고 약속을 지키는 것은 바람직한 행동인가?	<분류>1</분류> <판단>바람직하다</판단>
[도덕_문장]: 연인이 힘들어하는 상황에서 함께 공감하고 위로하는 것은 좋은 행동인가?	<분류>1</분류> <판단>좋다</판단>
[도덕_문장]: 병원의 법적 보호자 요청에 따라 상황을 해결하기 위해 연락할 수 있는 사람을 찾아보는 것은 어떠한가?	<분류>1</분류> <판단>바람직하다</판단>
[도덕_문장]: 병원에서 법적 보호자를 요구하는 것은 나쁜 행동인가?	<분류>0</분류> <판단>나쁘지 않다</판단>
[도덕_문장]: 응급 상황에서 자신의 상황을 설명하고 도움을 요청하는 것은 일반적인가?	<분류>1</분류> <판단>해도 된다</판단>
[도덕_문장]: 병원에서 보호자를 동반해야 하는 경우 그 이유를 사전에 안내하는 것은 의무가 아닌가?	<분류>1</분류> <판단>해야 한다</판단>
[도덕_문장]: 의료기관이 환자의 가족 관계에 대해 확인할 수 있는 방법을 제공하거나 안내하는 것은 해도 되는가?	<분류>1</분류> <판단>해야 한다</판단>
[도덕_문장]: 연인 관계에서 자신의 상처를 표현할 때 상대방의 부담을 고려하는 것은 어떠한가?	<분류>1</분류> <판단>바람직하다</판단>
[도덕_문장]: 직장 상사가 업무 외의 개인적인 건강과 다이어트에 대한 조언을 할 때 이를 예의 바르게 거절하는 것은 바람직하지 않은 행동인가?	<분류>1</분류> <판단>바람직하다</판단>
[도덕_문장]: 직장 상사가 부하 직원의 개인적인 선택을 존중하지 않고 강압적으로 조언하거나 압박하는 발언을 하는 것은 일반적인가?	<분류>-1</분류> <판단>안 된다</판단>
[도덕_문장]: 자신의 경제적 상황을 다른 사람에게 무리하게 강요하는 것은 옳지 않은가?	<분류>-1</분류> <판단>옳지 않다</판단>
[도덕_문장]: 동료들 앞에서 일의 어려움이나 성과에 대한 불만을 드러내지 않는 것은 해도 되는가?	<분류>1</분류> <판단>해야 한다.</판단>
[도덕_문장]: 상처를 받은 아이의 성장 과정을 존중하고, 아이가 마음을 표현할 수 있도록 존중해주는 것은 좋은가?	<분류>1</분류> <판단>좋다</판단>
[도덕_문장]: 자신의 의견을 솔직하게 표현하는 것은 문제가 되지 않는 행동인가?	<분류>1</분류> <판단>할 수 있다</판단>
[도덕_문장]: 관계의 불확실성이 생겼을 때 상대와 진솔하게 대화를 나누어 감정을 공유하는 것은 의무인가?	<분류>1</분류> <판단>해야 한다</판단>
[도덕_문장]: 승진 시험에서 결과에 상관없이 동료를 축하해 주는 것은 괜찮지 않은가?	<분류>1</분류> <판단>좋다</판단>
[도덕_문장]: 갈등이 생겼을 때 억울한 부분을 해소하려는 노력을 하는 것은 필수적이지 않은가?	<분류>1</분류> <판단>필요하다</판단>
[도덕_문장]: 대화를 통해 이해를 구하는 것은 나쁘지 않은 행동인가?	<분류>1</분류> <판단>좋다</판단>
[도덕_문장]: 서비스 업무 중 손님과의 대화에서 인신공격을 하는 것은 옳은가?	<분류>-1</분류> <판단>옳지 않다</판단>
[도덕_문장]: 상대방이 원하지 않는 것에 대해 무리한 요구나 압박을 하지 않는 것은 좋은가?	<분류>1</분류> <판단>좋다</판단>
[도덕_문장]: 가족 모임에서 타인의 가족 계획에 간섭하는 것은 어떠한가?	<분류>-1</분류> <판단>안 되다</판단>
[도덕_문장]: 상대의 결정을 함부로 평가하는 것은 어떠한가?	<분류>-1</분류> <판단>좋지 않다.</판단>
[도덕_문장]: 서비스 제공자가 잘못을 저지른 경우에도 상대를 존중하면서 자신의 불만을 정당하게 전달하는 것은 의무인가?	<분류>1</분류> <판단>해야 한다</판단>
[도덕_문장]: 상대방이 미안한 일을 했을 때 눈을 피하지 않고 진실하게 대응하는 것은 좋은 행동인가?	<분류>1</분류> <판단>좋다</판단>
[도덕_문장]: 잘못에 대한 책임을 회피하는 것은 바람직하지 않은 행동인가?	<분류>-1</분류> <판단>바람직하지 않다</판단>
[도덕_문장]: 서비스업 종사자가 고객이 화가 났을 때 진심으로 사과하는 것은 좋은 행동인가?	<분류>1</분류> <판단>좋다</판단>
[도덕_문장]: 자신의 몸 상태를 고려해 여행에 참여할지 여부를 결정하는 것은 어떠한가?	<분류>1</분류> <판단>옳다</판단>
[도덕_문장]: 트라우마를 겪은 사람의 심리적 상태를 존중해주는 것은 어떠한가?	<분류>1</분류> <판단>해야 한다.</판단>
[도덕_문장]: 자신의 잘못된 행동으로 가족에게 큰 피해를 준 경우 진심으로 사과하는 것은 정당하지 않은 행동인가?	<분류>1</분류> <판단>옳다</판단>
[도덕_문장]: 아내가 남편의 잘못된 행동을 숨기는 것은 정당하지 않은 행동인가?	<분류>-1</분류> <판단>옳지 않다</판단>
[도덕_문장]: 상처받은 상황에서 자신의 기분을 관리하는 것은 필요하지 않은가?	<분류>1</분류> <판단>중요하다</판단>
[도덕_문장]: 음식점에서 일하는 직원이 손님에게 불편한 상황이 발생하더라도 정중하고 협조적으로 응대하는 것은 의무가 아닌가?	<분류>1</분류> <판단>해야 한다</판단>
[도덕_문장]: 손님의 오해로 인한 불편함이 있더라도 정중하게 대응하는 것은 어떠한가?	<분류>1</분류> <판단>바람직하다</판단>
[도덕_문장]: 자신의 상황을 설명해도 이해하지 않고 바로 '비정상'이라고 평가하는 것은 바람직하지 않은 행동인가?	<분류>-1</분류> <판단>바람직하지 않다</판단>
[도덕_문장]: 자신의 외모에 대해 지나치게 스트레스를 받지 않고, 피부 관리에 대한 관심이 필요할 때는 적절한 방법으로 관리하는 것은 괜찮지 않은가?	<분류>1</분류> <판단>좋다</판단>
[도덕_문장]: 친구들과 술을 마시며 상대방을 비난하는 것은 어떠한가?	<분류>-1</분류> <판단>안 되다</판단>
[도덕_문장]: 친구들이 다른 사람의 연애 경험 여부로 그 사람의 인생을 평가하는 것은 어떠한가?	<분류>-1</분류> <판단>안 되다</판단>
[도덕_문장]: 다른 사람의 사생활이나 선택을 근거로 인격적 평가를 내리는 것은 적절한가?	<분류>-1</분류> <판단>바람직하지 않다</판단>
[도덕_문장]: 부모가 자녀에게 상처가 될 수 있는 말을 함부로 하는 것은 어떠한가?	<분류>-1</분류> <판단>안 되다</판단>
[도덕_문장]: 자식에게 상처가 되는 말을 한 것에 대해 사과하는 것은 권장되지 않는가?	<분류>1</분류> <판단>해야 한다</판단>
[도덕_문장]: 연인의 감정을 무시하거나 과소평가하는 것은 잘못된 행동인가?	<분류>-1</분류> <판단>옳지 않다</판단>
[도덕_문장]: 연인의 외모와 매력이 과하게 인기를 끌 때, 다른 사람들의 시선으로 상대의 기분을 살피고 이해해주는 것은 필요한가?	<분류>1</분류> <판단>필요하다</판단>
[도덕_문장]: 가족이 나를 소홀히 한다고 생각해도 가족에게 상처를 주는 말을 하지 않는 것은 어떠한가?	<분류>1</분류> <판단>좋다</판단>
[도덕_문장]: 친구가 타인의 지적 수준에 대해 비난하는 것은 문제가 되는 행동인가?	<분류>-1</분류> <판단>안 된다</판단>
[도덕_문장]: 친구와 대화 중에 상대를 존중하지 않는 표현을 하는 것은 정당하지 않은 행동인가?	<분류>-1</분류> <판단>옳지 않다</판단>
[도덕_문장]: 친구에게 상처를 주는 말을 하는 것은 어떠한가?	<분류>-1</분류> <판단>안 되다</판단>
[도덕_문장]: 배우자와의 갈등을 표현하려는 경우에도 상대방의 감정을 존중하는 방식으로 말하는 것은 바람직한가?	<분류>1</분류> <판단>바람직하다</판단>
[도덕_문장]: 배우자의 상처를 인정하는 것은 좋지 않은가?	<분류>1</분류> <판단>좋다</판단>
[도덕_문장]: 부양 가족이 생활을 이어나갈 수 있도록 생활비를 적절한 수준으로 조정하는 것은 좋지 않은 행동인가?	<분류>1</분류> <판단>좋다.</판단>
[도덕_문장]: 본인의 경제적 어려움에 대해 배우자에게 이해를 구하고 함께 해결 방법을 모색하는 것은 적절하지 않은가?	<분류>1</분류> <판단>바람직하다</판단>
[도덕_문장]: 물가 상승으로 생활비 부담이 커졌을 때 적절한 조정을 요청하는 것은 문제가 되는가?	<분류>0</분류> <판단>할 수 있다</판단>
[도덕_문장]: 가족간의 문제로 갈등이 발생하더라도 개인적인 감정을 별개로 유지하는 것은 바람직하지 않은가?	<분류>1</분류> <판단>바람직하다</판단>
[도덕_문장]: 이성에 대한 집착으로 자신의 자유를 침해하는 것은 어떠한가?	<분류>-1</분류> <판단>옳지 않다</판단>
[도덕_문장]: 연인이 자신의 사생활을 존중해 주는 것은 좋은 행동인가?	<분류>1</분류> <판단>좋다</판단>
[도덕_문장]: 연애에서 상대방의 자율성을 존중하는 것은 어떠한가?	<분류>1</분류> <판단>해야 한다</판단>
[도덕_문장]: 관계에 대한 두려움을 해소하기 위해 자신이 원하는 방향으로 관계를 조절하는 것은 잘못된 행동인가?	<분류>1</분류> <판단>옳다.</판단>
[도덕_문장]: 자신과 연인의 삶을 존중해주는 상대를 선택하는 것은 정당한 행동인가?	<분류>1</분류> <판단>옳다</판단>
[도덕_문장]: 사람의 외모에 대해 평가하거나 비하하는 것은 나쁜가?	<분류>-1</분류> <판단>나쁘다</판단>
[도덕_문장]: 직장 동료 간에 외모와 관련된 비난이나 조롱을 하는 것은 바람직하지 않은가?	<분류>-1</분류> <판단>부적절하다</판단>
[도덕_문장]: 외모를 지적하거나 평가하는 말을 하는 것은 일반적인가?	<분류>-1</분류> <판단>하지 말아야 한다</판단>
[도덕_문장]: 동료의 외모를 조롱하거나 모욕하는 말을 하는 것은 일반적인가?	<분류>-1</분류> <판단>하지 말아야 한다</판단>
[도덕_문장]: 가족이 자식의 shameful situation을 이해하고 도와주는 것은 어떠한가?	<분류>1</분류> <판단>책임이 있다</판단>
[도덕_문장]: 타인의 삶을 자신의 기준으로 평가하는 것은 정당한 행동인가?	<분류>-1</분류> <판단>옳지 않다</판단>
[도덕_문장]: 남의 삶을 자신의 기준으로 평가하는 것은 어떠한가?	<분류>-1</분류> <판단>안 되낟</판단>
[도덕_문장]: 오해의 소지가 있는 상황에서 대화를 통해 오해를 바로 잡는 것은 나쁜 행동인가?	<분류>1</분류> <판단>좋다</판단>
[도덕_문장]: 남편의 행동에 대해 실망한 아내가 대화를 요청하는 것은 바람직하지 않은가?	<분류>1</분류> <판단>적절하다</판단>
[도덕_문장]: 배우자와의 관계에서 오해를 대화를 통해 해결하는 것은 어떠한가?	<분류>1</분류> <판단>해야 한다</판단>
[도덕_문장]: 배우자에게 오해받을 수 있는 상황이 발생했을 때 진솔한 대화를 통해 사실을 설명하는 것은 어떠한가?	<분류>1</분류> <판단>좋다</판단>
[도덕_문장]: 배우자가 오해하지 않도록 대화로 설명하는 것은 적절하지 않은가?	<분류>1</분류> <판단>바람직하다</판단>
[도덕_문장]: 경제적 상황에 따라 우선순위를 조정하는 것은 정당한 행동인가?	<분류>1</분류> <판단>정당하다</판단>
[도덕_문장]: 다른 사람들과 비교하지 않고 자신의 목표를 성취해나가는 것은 나쁘지 않은가?	<분류>1</분류> <판단>좋다</판단>
[도덕_문장]: 경제적 부담으로 인해 친구들과 다른 방식으로 삶을 선택하는 것은 문제가 되는가?	<분류>0</분류> <판단>괜찮다</판단>
[도덕_문장]: 배우자의 안전을 위협하는 행동을 하는 것은 어떠한가?	<분류>1</분류> <판단>즉시 고치려 노력해야 한다</판단>
[도덕_문장]: 배우자의 안전을 위협하는 것은 정당하지 않은 행동인가?	<분류>-1</분류> <판단>옳지 않다</판단>
[도덕_문장]: 개인의 사생활과 명예를 훼손하는 발언을 하는 것은 일반적이지 않은가?	<분류>-1</분류> <판단>하지 말아야 한다</판단>
[도덕_문장]: 아내가 남편을 걱정하면서 자신의 우려를 표현하는 것은 권장되는가?	<분류>1</분류> <판단>해야 한다</판단>
[도덕_문장]: 다른 사람의 직업을 평가할 때 배우자의 노력과 책임을 인정하는 것은 필수적이지 않은가?	<분류>1</분류> <판단>해야 한다</판단>
[도덕_문장]: 직장 동료들에게 자신의 상황을 설명하고 이해를 구하는 것은 어떠한가?	<분류>1</분류> <판단>좋은 행동이다</판단>
[도덕_문장]: 개인적인 사정으로 연차를 쓰는 것은 권장되지 않는가?	<분류>1</분류> <판단>이해해줘야 한다</판단>
[도덕_문장]: 열심히 일하고 돌아온 가족에게 최소한의 시간적, 정서적 배려를 제공하는 것은 정당한 행동인가?	<분류>1</분류> <판단>옳다</판단>
[도덕_문장]: 상대방이 먼저 말하기 전에 결혼과 출산에 대한 질문을 하지 않는 것은 나쁘지 않은 행동인가?	<분류>1</분류> <판단>좋다</판단>
[도덕_문장]: 명절을 서로를 배려하고 격려하는 자리로 만들려고 노력하는 것은 나쁘지 않은 행동인가?	<분류>1</분류> <판단>좋다</판단>
[도덕_문장]: 불편한 결혼과 출산에 대한 질문에 대해 자신의 의견을 표현하는 것은 정당한 행동인가?	<분류>1</분류> <판단>옳다</판단>
[도덕_문장]: 자식의 행동으로 서운할 때 자식의 성장을 인정하고 감정을 조절하며 대화를 시도하는 것은 바람직한가?	<분류>1</분류> <판단>바람직하다</판단>
[도덕_문장]: 부모가 자식의 성장을 존중하는 것은 나쁜 행동인가?	<분류>1</분류> <판단>좋다</판단>
[도덕_문장]: 부모와의 관계에서 서운한 점이 있더라도 성장한 사람으로서 더 좋은 모습을 보여주려 노력하는 것은 괜찮은가?	<분류>1</분류> <판단>좋다.</판단>
[도덕_문장]: 자녀와 갈등이 발생하더라도 자녀에게 무조건 헤어지라는 말을 하지 않는 것은 어떠한가?	<분류>1</분류> <판단>좋다</판단>
[도덕_문장]: 부모님과 갈등이 있을 때 자녀의 결정을 존중하는 것은 권장되지 않는가?	<분류>1</분류> <판단>필요하다</판단>
[도덕_문장]: 후배 직원의 업무 실수를 지적할 때 인격적인 상처를 주는 것은 어떠한가?	<분류>-1</분류> <판단>안 되다</판단>
[도덕_문장]: 타인에게 무례한 태도로 업무를 지적하는 것은 문제가 되는가?	<분류>-1</분류> <판단>안 된다</판단>
[도덕_문장]: 직장 내에서 업무 실수를 지적할 때 인격을 훼손하는 언사를 하는 것은 일반적인가?	<분류>-1</분류> <판단>해서는 안 된다</판단>
[도덕_문장]: 연인이 운전 연습을 도와주는 동안 막말을 하는 것은 일반적인가?	<분류>-1</분류> <판단>해서는 안 된다</판단>
[도덕_문장]: 결혼 준비 과정에서 경제적 부담을 강요하는 것은 잘못된 행동인가?	<분류>-1</분류> <판단>옳지 않다</판단>
[도덕_문장]: 시어머니가 자식의 배우자에게 경제적 부담을 주는 것은 어떠한가?	<분류>-1</분류> <판단>안 되다</판단>
[도덕_문장]: 결혼 준비 중인 딸에게 경제적 부담을 주는 것은 나쁜 행동인가?	<분류>-1</분류> <판단>좋지 않다</판단>
[도덕_문장]: 부모가 충분한 휴식을 취하면서도 자녀와 함께 할 수 있는 시간을 확보하려는 것은 필요한가?	<분류>1</분류> <판단>필요하다</판단>
[도덕_문장]: 부모가 휴식을 취하더라도 아이가 충분히 사랑받고 있음을 느끼게 해 주는 것은 어떠한가?	<분류>1</분류> <판단>해야 한다</판단>
[도덕_문장]: 부모가 스스로를 돌보는 시간을 가지는 것은 필요한가?	<분류>1</분류> <판단>필요하다</판단>
